# Blender 4.5.0
# www.blender.org
mtllib base.mtl
o Actor0
v -0.004460 -0.110000 0.005925
v 0.004974 -0.110000 0.007167
v 0.005150 -0.110000 0.008500
v 0.002575 -0.110000 0.012960
v 0.001333 -0.110000 0.013474
v -0.004460 -0.110000 0.011075
v 0.000000 -0.110000 0.013650
v 0.004460 -0.110000 0.011075
v -0.004975 -0.110000 0.009833
v -0.005150 -0.110000 0.008500
v -0.003642 -0.110000 0.004858
v -0.002575 -0.110000 0.004040
v -0.001333 -0.110000 0.003525
v 0.003641 -0.110000 0.012141
v 0.004974 -0.110000 0.009833
v -0.004975 -0.110000 0.007167
v -0.001333 -0.110000 0.013474
v -0.002575 -0.110000 0.012960
v -0.003642 -0.110000 0.012142
v 0.000000 -0.110000 0.003350
v 0.001333 -0.110000 0.003525
v 0.004460 -0.110000 0.005925
v 0.002575 -0.110000 0.004040
v 0.003641 -0.110000 0.004858
v 0.055282 0.017546 0.024000
v 0.052378 0.024910 0.024000
v -0.057966 -0.001980 0.024000
v 0.017546 0.055282 0.024000
v 0.009855 0.057157 0.024000
v 0.001980 0.057966 0.024000
v -0.005931 0.057696 0.024000
v -0.013732 0.056351 0.024000
v -0.052378 -0.024910 0.024000
v 0.057966 0.001980 0.024000
v -0.055282 -0.017546 0.024000
v -0.057157 -0.009855 0.024000
v -0.048498 -0.031810 0.024000
v -0.043715 -0.038118 0.024000
v -0.038118 -0.043715 0.024000
v -0.017546 -0.055282 0.024000
v -0.009855 -0.057157 0.024000
v -0.001980 -0.057966 0.024000
v 0.005931 -0.057696 0.024000
v 0.057157 0.009855 0.024000
v 0.048499 0.031810 0.024000
v 0.043715 0.038118 0.024000
v 0.038118 0.043715 0.024000
v -0.031810 -0.048498 0.024000
v -0.024910 -0.052378 0.024000
v -0.021277 0.053956 0.024000
v -0.028426 0.050556 0.024000
v -0.035046 0.046215 0.024000
v -0.041012 0.041012 0.024000
v -0.046215 0.035046 0.024000
v -0.050556 0.028426 0.024000
v -0.053956 0.021277 0.024000
v -0.056351 0.013732 0.024000
v -0.057696 0.005931 0.024000
v 0.028426 -0.050556 0.024000
v 0.035046 -0.046215 0.024000
v 0.021277 -0.053956 0.024000
v 0.041012 -0.041012 0.024000
v 0.046215 -0.035046 0.024000
v 0.013732 -0.056351 0.024000
v 0.057696 -0.005931 0.024000
v 0.056351 -0.013732 0.024000
v 0.031810 0.048498 0.024000
v 0.024910 0.052378 0.024000
v 0.050556 -0.028426 0.024000
v 0.053956 -0.021277 0.024000
v 0.056536 -0.008000 0.008000
v 0.057171 -0.007171 0.008000
v 0.061035 -0.013864 0.008000
v 0.058965 -0.013864 0.008000
v 0.058000 -0.013464 0.008000
v 0.057171 -0.012828 0.008000
v 0.056536 -0.012000 0.008000
v 0.056136 -0.011035 0.008000
v 0.058000 -0.006536 0.008000
v 0.058965 -0.006136 0.008000
v 0.062000 -0.013464 0.008000
v 0.062828 -0.007171 0.008000
v 0.063464 -0.008000 0.008000
v 0.056000 -0.010000 0.008000
v 0.056136 -0.008965 0.008000
v 0.060000 -0.006000 0.008000
v 0.061035 -0.006136 0.008000
v 0.062000 -0.006536 0.008000
v 0.063864 -0.008965 0.008000
v 0.064000 -0.010000 0.008000
v 0.063864 -0.011035 0.008000
v 0.060000 -0.014000 0.008000
v 0.063464 -0.012000 0.008000
v 0.062828 -0.012828 0.008000
v -0.057000 -0.013464 0.008000
v -0.059000 -0.006000 0.008000
v -0.057965 -0.006136 0.008000
v -0.063000 -0.013464 0.008000
v -0.063828 -0.012828 0.008000
v -0.061000 -0.006000 0.008000
v -0.062035 -0.013864 0.008000
v -0.064864 -0.011035 0.008000
v -0.063828 -0.007171 0.008000
v -0.063000 -0.006536 0.008000
v -0.057965 -0.013864 0.008000
v -0.059000 -0.014000 0.008000
v -0.061000 -0.014000 0.008000
v -0.065000 -0.010000 0.008000
v -0.064864 -0.008965 0.008000
v -0.064464 -0.008000 0.008000
v -0.064464 -0.012000 0.008000
v -0.062035 -0.006136 0.008000
v -0.056171 -0.007171 0.008000
v -0.055136 -0.011035 0.008000
v -0.055536 -0.012000 0.008000
v -0.055536 -0.008000 0.008000
v -0.055136 -0.008965 0.008000
v -0.055000 -0.010000 0.008000
v -0.057000 -0.006536 0.008000
v -0.056171 -0.012828 0.008000
v -0.032489 -0.050631 0.011000
v -0.032489 -0.050631 0.017000
v -0.032625 -0.049475 0.017000
v -0.032625 -0.049475 0.011000
v -0.033024 -0.048381 0.017000
v -0.033024 -0.048381 0.011000
v -0.033665 -0.047410 0.017000
v -0.033665 -0.047410 0.011000
v -0.034514 -0.046613 0.017000
v -0.034514 -0.046613 0.011000
v -0.032489 -0.062742 0.017000
v -0.032489 -0.062742 0.011000
v -0.046613 -0.034514 0.011000
v -0.046613 -0.034514 0.017000
v -0.047410 -0.033665 0.017000
v -0.047410 -0.033665 0.011000
v -0.048381 -0.033024 0.017000
v -0.048381 -0.033024 0.011000
v -0.049475 -0.032625 0.017000
v -0.049475 -0.032625 0.011000
v -0.050631 -0.032489 0.017000
v -0.050631 -0.032489 0.011000
v -0.062742 -0.032489 0.011000
v -0.062742 -0.032489 0.017000
v -0.001961 -0.072602 0.013244
v -0.002567 -0.072575 0.012945
v -0.005045 -0.072395 0.009508
v -0.005039 -0.072396 0.009565
v -0.004965 -0.072404 0.009830
v -0.004863 -0.072414 0.010196
v -0.004273 -0.072464 0.011358
v -0.004033 -0.072482 0.011703
v -0.003622 -0.072510 0.012122
v -0.004405 -0.072454 0.011167
v -0.004451 -0.072450 0.011071
v -0.004736 -0.072425 0.010465
v -0.002855 -0.072560 0.012778
v -0.003281 -0.072534 0.012470
v -0.003620 -0.072511 0.012124
v -0.002746 -0.072567 0.012857
v -0.001000 -0.072628 0.013538
v -0.001146 -0.072626 0.013521
v -0.001330 -0.072621 0.013466
v -0.001785 -0.072609 0.013331
v 0.001001 -0.072626 0.013524
v 0.000577 -0.072634 0.013618
v 0.000003 -0.072636 0.013645
v -0.000000 -0.072636 0.013645
v -0.000082 -0.072637 0.013649
v 0.002232 -0.072592 0.013141
v 0.001969 -0.072601 0.013247
v 0.001624 -0.072614 0.013387
v 0.001328 -0.072619 0.013452
v 0.003641 -0.072510 0.012141
v 0.003637 -0.072510 0.012146
v 0.003146 -0.072543 0.012577
v 0.002849 -0.072559 0.012761
v 0.002561 -0.072574 0.012938
v 0.004451 -0.072450 0.011070
v 0.004314 -0.072461 0.011313
v 0.004277 -0.072464 0.011358
v 0.003641 -0.072510 0.012141
v 0.004639 -0.072435 0.010736
v 0.004737 -0.072426 0.010464
v 0.005150 -0.072383 0.008500
v 0.005118 -0.072387 0.009073
v 0.005041 -0.072396 0.009504
v 0.005002 -0.072401 0.009726
v 0.004965 -0.072404 0.009829
v 0.004863 -0.072415 0.006804
v 0.004965 -0.072404 0.007170
v 0.005039 -0.072397 0.007435
v 0.005045 -0.072396 0.007495
v 0.004274 -0.072464 0.005643
v 0.004033 -0.072482 0.005297
v 0.004405 -0.072454 0.005833
v 0.004451 -0.072451 0.005929
v 0.004737 -0.072426 0.006538
v 0.002857 -0.072560 0.004224
v 0.003281 -0.072534 0.004530
v 0.003621 -0.072511 0.004877
v 0.003622 -0.072511 0.004878
v 0.001330 -0.072621 0.003534
v 0.001785 -0.072609 0.003669
v 0.001965 -0.072601 0.003758
v 0.002567 -0.072574 0.004055
v 0.002746 -0.072566 0.004143
v 0.000003 -0.072636 0.003354
v 0.000082 -0.072636 0.003351
v 0.001005 -0.072627 0.003462
v 0.001147 -0.072626 0.003479
v 0.000000 -0.072636 0.003355
v -0.000576 -0.072634 0.003382
v -0.000997 -0.072626 0.003475
v -0.002232 -0.072592 0.003859
v -0.001965 -0.072602 0.003751
v -0.001623 -0.072615 0.003613
v -0.001328 -0.072620 0.003548
v -0.003640 -0.072510 0.004857
v -0.003637 -0.072510 0.004853
v -0.003146 -0.072543 0.004422
v -0.002846 -0.072559 0.004238
v -0.002561 -0.072574 0.004062
v -0.004451 -0.072450 0.005930
v -0.004314 -0.072461 0.005687
v -0.004276 -0.072463 0.005640
v -0.003641 -0.072510 0.004859
v -0.004639 -0.072434 0.006263
v -0.004736 -0.072425 0.006533
v -0.005150 -0.072383 0.008500
v -0.005150 -0.072383 0.008500
v -0.005118 -0.072387 0.007927
v -0.005041 -0.072396 0.007493
v -0.005001 -0.072400 0.007273
v -0.004965 -0.072404 0.007170
v -0.050631 0.032489 0.011000
v -0.050631 0.032489 0.017000
v -0.049475 0.032625 0.017000
v -0.049475 0.032625 0.011000
v -0.048381 0.033024 0.017000
v -0.048381 0.033024 0.011000
v -0.047410 0.033665 0.017000
v -0.047410 0.033665 0.011000
v -0.046613 0.034514 0.017000
v -0.046613 0.034514 0.011000
v -0.062742 0.032489 0.017000
v -0.062742 0.032489 0.011000
v -0.034514 0.046613 0.011000
v -0.034514 0.046613 0.017000
v -0.033665 0.047410 0.017000
v -0.033665 0.047410 0.011000
v -0.033024 0.048381 0.017000
v -0.033024 0.048381 0.011000
v -0.032625 0.049475 0.017000
v -0.032625 0.049475 0.011000
v -0.032489 0.050631 0.017000
v -0.032489 0.050631 0.011000
v -0.032489 0.062742 0.011000
v -0.032489 0.062742 0.017000
v 0.032489 0.050631 0.011000
v 0.032489 0.050631 0.017000
v 0.032625 0.049475 0.017000
v 0.032625 0.049475 0.011000
v 0.033024 0.048381 0.017000
v 0.033024 0.048381 0.011000
v 0.033665 0.047410 0.017000
v 0.033665 0.047410 0.011000
v 0.034514 0.046613 0.017000
v 0.034514 0.046613 0.011000
v 0.032489 0.062742 0.017000
v 0.032489 0.062742 0.011000
v 0.046613 0.034514 0.011000
v 0.046613 0.034514 0.017000
v 0.047410 0.033665 0.017000
v 0.047410 0.033665 0.011000
v 0.048381 0.033024 0.017000
v 0.048381 0.033024 0.011000
v 0.049475 0.032625 0.017000
v 0.049475 0.032625 0.011000
v 0.050631 0.032489 0.017000
v 0.050631 0.032489 0.011000
v 0.062742 0.032489 0.011000
v 0.062742 0.032489 0.017000
v 0.032489 -0.050631 0.011000
v 0.032489 -0.050631 0.017000
v 0.032489 -0.062742 0.011000
v 0.032489 -0.062742 0.017000
v 0.034514 -0.046613 0.011000
v 0.034514 -0.046613 0.017000
v 0.033665 -0.047410 0.017000
v 0.033665 -0.047410 0.011000
v 0.033024 -0.048381 0.017000
v 0.033024 -0.048381 0.011000
v 0.032625 -0.049475 0.017000
v 0.032625 -0.049475 0.011000
v 0.048499 0.031810 0.017000
v 0.052378 0.024910 0.017000
v 0.055282 0.017546 0.017000
v 0.057157 0.009855 0.017000
v 0.057966 0.001980 0.017000
v 0.057696 -0.005931 0.017000
v 0.056351 -0.013732 0.017000
v 0.053956 -0.021277 0.017000
v 0.050556 -0.028426 0.017000
v 0.046215 -0.035046 0.011000
v 0.046613 -0.034514 0.011000
v 0.046613 -0.034514 0.017000
v 0.028426 -0.050556 0.017000
v 0.021277 -0.053956 0.017000
v 0.013732 -0.056351 0.017000
v 0.005931 -0.057696 0.017000
v -0.001980 -0.057966 0.017000
v -0.009855 -0.057157 0.017000
v -0.017546 -0.055282 0.017000
v -0.024910 -0.052378 0.017000
v -0.031810 -0.048498 0.017000
v -0.048498 -0.031810 0.017000
v -0.052378 -0.024910 0.017000
v -0.055282 -0.017546 0.017000
v -0.057157 -0.009855 0.017000
v -0.057966 -0.001980 0.017000
v -0.057696 0.005931 0.017000
v -0.056351 0.013732 0.017000
v -0.053956 0.021277 0.017000
v -0.050556 0.028426 0.017000
v -0.046215 0.035046 0.011000
v -0.028426 0.050556 0.017000
v 0.031810 0.048498 0.017000
v 0.024910 0.052378 0.017000
v 0.017546 0.055282 0.017000
v 0.009855 0.057157 0.017000
v 0.001980 0.057966 0.017000
v -0.005931 0.057696 0.017000
v -0.013732 0.056351 0.017000
v -0.021277 0.053956 0.017000
v -0.038118 -0.043715 0.011000
v -0.043715 -0.038118 0.011000
v -0.041012 0.041012 0.011000
v -0.035046 0.046215 0.011000
v 0.038118 0.043715 0.011000
v 0.043715 0.038118 0.011000
v 0.041012 -0.041012 0.011000
v 0.035046 -0.046215 0.011000
v 0.050631 -0.032489 0.011000
v 0.050631 -0.032489 0.017000
v 0.049475 -0.032625 0.017000
v 0.049475 -0.032625 0.011000
v 0.048381 -0.033024 0.017000
v 0.048381 -0.033024 0.011000
v 0.047410 -0.033665 0.017000
v 0.047410 -0.033665 0.011000
v 0.062742 -0.032489 0.017000
v 0.062742 -0.032489 0.011000
v 0.057171 -0.007171 0.001000
v 0.058000 -0.006536 0.001000
v 0.058965 -0.006136 0.001000
v 0.060000 -0.006000 0.001000
v 0.061035 -0.006136 0.001000
v 0.062000 -0.006536 0.001000
v 0.062828 -0.007171 0.001000
v 0.063464 -0.008000 0.001000
v 0.063864 -0.008965 0.001000
v 0.064000 -0.010000 0.001000
v 0.063864 -0.011035 0.001000
v 0.063464 -0.012000 0.001000
v 0.062828 -0.012828 0.001000
v 0.062000 -0.013464 0.001000
v 0.061035 -0.013864 0.001000
v 0.060000 -0.014000 0.001000
v 0.058965 -0.013864 0.001000
v 0.058000 -0.013464 0.001000
v 0.057171 -0.012828 0.001000
v 0.056536 -0.012000 0.001000
v 0.056136 -0.011035 0.001000
v 0.056000 -0.010000 0.001000
v 0.056136 -0.008965 0.001000
v 0.056536 -0.008000 0.001000
v -0.059000 -0.006000 0.001000
v -0.058042 -0.006116 0.001000
v -0.057968 -0.006144 0.001000
v -0.057141 -0.006458 0.001000
v -0.057009 -0.006549 0.001000
v -0.056347 -0.007006 0.001000
v -0.056188 -0.007186 0.001000
v -0.055708 -0.007728 0.001000
v -0.055559 -0.008012 0.001000
v -0.055260 -0.008582 0.001000
v -0.055164 -0.008971 0.001000
v -0.055029 -0.009518 0.001000
v -0.055029 -0.010000 0.001000
v -0.055029 -0.010482 0.001000
v -0.055164 -0.011028 0.001000
v -0.055260 -0.011418 0.001000
v -0.055559 -0.011988 0.001000
v -0.055708 -0.012272 0.001000
v -0.056188 -0.012814 0.001000
v -0.056347 -0.012994 0.001000
v -0.057009 -0.013451 0.001000
v -0.057141 -0.013542 0.001000
v -0.059000 -0.014000 0.001000
v -0.058042 -0.013884 0.001000
v -0.057968 -0.013855 0.001000
v -0.061000 -0.014000 0.001000
v -0.061957 -0.013884 0.001000
v -0.062032 -0.013855 0.001000
v -0.062859 -0.013542 0.001000
v -0.062991 -0.013451 0.001000
v -0.063652 -0.012994 0.001000
v -0.063812 -0.012814 0.001000
v -0.064292 -0.012272 0.001000
v -0.064441 -0.011988 0.001000
v -0.064740 -0.011418 0.001000
v -0.064836 -0.011028 0.001000
v -0.064971 -0.010482 0.001000
v -0.064971 -0.010000 0.001000
v -0.064971 -0.009518 0.001000
v -0.064836 -0.008971 0.001000
v -0.064740 -0.008582 0.001000
v -0.064441 -0.008012 0.001000
v -0.064292 -0.007728 0.001000
v -0.063812 -0.007186 0.001000
v -0.063652 -0.007006 0.001000
v -0.062991 -0.006549 0.001000
v -0.062859 -0.006458 0.001000
v -0.061000 -0.006000 0.001000
v -0.061957 -0.006116 0.001000
v -0.062032 -0.006145 0.001000
v 0.032356 -0.063890 0.017000
v 0.032356 -0.063890 0.011000
v 0.031963 -0.064976 0.017000
v 0.031963 -0.064976 0.011000
v 0.031331 -0.065943 0.017000
v 0.031331 -0.065943 0.011000
v 0.030493 -0.066739 0.017000
v 0.030493 -0.066739 0.011000
v 0.029496 -0.067322 0.017000
v 0.029496 -0.067322 0.011000
v -0.029496 -0.067322 0.017000
v -0.021867 -0.070172 0.017000
v -0.013249 -0.072296 0.017000
v -0.004438 -0.073366 0.017000
v 0.004438 -0.073366 0.017000
v 0.021866 -0.070172 0.017000
v 0.013249 -0.072296 0.017000
v -0.032356 -0.063890 0.017000
v -0.031963 -0.064976 0.017000
v -0.031331 -0.065943 0.017000
v -0.030493 -0.066739 0.017000
v -0.029496 -0.067322 0.011000
v -0.030493 -0.066739 0.011000
v -0.031331 -0.065943 0.011000
v -0.031963 -0.064976 0.011000
v -0.032356 -0.063890 0.011000
v -0.043487 -0.049851 0.011000
v -0.044419 -0.050566 0.011000
v -0.048919 -0.050566 0.011000
v -0.051972 -0.051972 0.011000
v -0.047834 -0.051015 0.011000
v -0.045329 -0.057858 0.011000
v -0.046669 -0.051169 0.011000
v -0.049851 -0.049851 0.011000
v -0.050566 -0.048919 0.011000
v -0.057858 -0.045329 0.011000
v -0.051016 -0.047834 0.011000
v -0.038024 -0.062900 0.011000
v -0.045504 -0.042322 0.011000
v -0.044419 -0.042772 0.011000
v -0.043487 -0.043487 0.011000
v -0.030165 -0.067025 0.011000
v -0.045504 -0.051015 0.011000
v -0.046669 -0.042169 0.011000
v -0.047834 -0.042322 0.011000
v -0.051169 -0.046669 0.011000
v -0.051016 -0.045504 0.011000
v -0.062900 -0.038024 0.011000
v -0.050566 -0.044419 0.011000
v -0.048919 -0.042772 0.011000
v -0.042772 -0.044419 0.011000
v -0.042322 -0.045504 0.011000
v -0.042169 -0.046669 0.011000
v -0.042322 -0.047834 0.011000
v -0.042772 -0.048919 0.011000
v -0.049851 -0.043487 0.011000
v -0.063890 -0.032356 0.011000
v -0.064976 -0.031963 0.011000
v -0.067322 -0.029496 0.011000
v -0.067025 -0.030165 0.011000
v -0.066739 -0.030493 0.011000
v -0.065943 -0.031331 0.011000
v -0.063890 -0.032356 0.017000
v -0.064976 -0.031963 0.017000
v -0.065943 -0.031331 0.017000
v -0.066739 -0.030493 0.017000
v -0.067322 -0.029496 0.017000
v -0.070172 -0.021866 0.017000
v -0.072296 -0.013249 0.017000
v -0.073366 -0.004438 0.017000
v -0.073366 0.004438 0.017000
v -0.072296 0.013249 0.017000
v -0.070172 0.021867 0.017000
v -0.067322 0.029496 0.017000
v -0.063890 0.032356 0.017000
v -0.064976 0.031963 0.017000
v -0.065943 0.031331 0.017000
v -0.066739 0.030493 0.017000
v -0.067322 0.029496 0.011000
v -0.066739 0.030493 0.011000
v -0.065943 0.031331 0.011000
v -0.064976 0.031963 0.011000
v -0.063890 0.032356 0.011000
v -0.006140 -0.073243 0.008500
v -0.006027 -0.073252 0.009644
v -0.006016 -0.073253 0.009687
v -0.005808 -0.073270 0.010454
v -0.005644 -0.073283 0.010814
v -0.005323 -0.073307 0.011518
v -0.005090 -0.073323 0.011865
v -0.004856 -0.073339 0.012212
v -0.004438 -0.073365 0.012653
v -0.004321 -0.073372 0.012776
v -0.004060 -0.073388 0.013051
v -0.003404 -0.073421 0.013540
v -0.003334 -0.073424 0.013592
v -0.002342 -0.073462 0.014098
v -0.002279 -0.073465 0.014130
v -0.001478 -0.073485 0.014386
v -0.001191 -0.073489 0.014429
v -0.000322 -0.073499 0.014559
v 0.000003 -0.073499 0.014551
v 0.000621 -0.073497 0.014536
v 0.001195 -0.073488 0.014422
v 0.001776 -0.073478 0.014306
v 0.002346 -0.073462 0.014090
v 0.002600 -0.073454 0.013993
v 0.003402 -0.073420 0.013528
v 0.003610 -0.073411 0.013406
v 0.004321 -0.073373 0.012811
v 0.004340 -0.073372 0.012789
v 0.004438 -0.073365 0.012672
v 0.005065 -0.073325 0.011925
v 0.005098 -0.073323 0.011868
v 0.005525 -0.073292 0.011135
v 0.005645 -0.073283 0.010813
v 0.005933 -0.073260 0.010044
v 0.006004 -0.073254 0.009681
v 0.006099 -0.073246 0.009192
v 0.006140 -0.073243 0.008500
v 0.006027 -0.073252 0.007358
v 0.006016 -0.073253 0.007316
v 0.005809 -0.073270 0.006553
v 0.005644 -0.073283 0.006189
v 0.005324 -0.073307 0.005487
v 0.005090 -0.073323 0.005137
v 0.004862 -0.073339 0.004796
v 0.004438 -0.073365 0.004347
v 0.004323 -0.073372 0.004225
v 0.004069 -0.073387 0.003956
v 0.003407 -0.073421 0.003461
v 0.003336 -0.073424 0.003408
v 0.002347 -0.073462 0.002903
v 0.002282 -0.073465 0.002870
v 0.001483 -0.073485 0.002614
v 0.001197 -0.073488 0.002571
v 0.000327 -0.073499 0.002440
v 0.000004 -0.073499 0.002448
v -0.000613 -0.073497 0.002463
v -0.001189 -0.073488 0.002578
v -0.001770 -0.073479 0.002694
v -0.002341 -0.073462 0.002909
v -0.002590 -0.073454 0.003003
v -0.003399 -0.073420 0.003470
v -0.003601 -0.073412 0.003587
v -0.004318 -0.073373 0.004185
v -0.004338 -0.073372 0.004209
v -0.004438 -0.073365 0.004328
v -0.005063 -0.073325 0.005071
v -0.005098 -0.073323 0.005130
v -0.005523 -0.073292 0.005859
v -0.005645 -0.073283 0.006184
v -0.005932 -0.073260 0.006948
v -0.006004 -0.073254 0.007315
v -0.006098 -0.073247 0.007802
v -0.050566 0.048919 0.011000
v -0.051972 0.051972 0.011000
v -0.051015 0.047834 0.011000
v -0.057858 0.045329 0.011000
v -0.051169 0.046669 0.011000
v -0.049851 0.049851 0.011000
v -0.048919 0.050566 0.011000
v -0.045329 0.057858 0.011000
v -0.047834 0.051016 0.011000
v -0.062900 0.038024 0.011000
v -0.047834 0.042322 0.011000
v -0.048919 0.042772 0.011000
v -0.049851 0.043487 0.011000
v -0.050566 0.044419 0.011000
v -0.067025 0.030165 0.011000
v -0.051015 0.045504 0.011000
v -0.032356 0.063890 0.011000
v -0.031963 0.064976 0.011000
v -0.038024 0.062900 0.011000
v -0.042772 0.044419 0.011000
v -0.042322 0.045504 0.011000
v -0.042169 0.046669 0.011000
v -0.042322 0.047834 0.011000
v -0.043487 0.043487 0.011000
v -0.044419 0.042772 0.011000
v -0.045504 0.042322 0.011000
v -0.046669 0.042169 0.011000
v -0.029496 0.067322 0.011000
v -0.030165 0.067025 0.011000
v -0.030493 0.066739 0.011000
v -0.031331 0.065943 0.011000
v -0.046669 0.051169 0.011000
v -0.045504 0.051016 0.011000
v -0.044419 0.050566 0.011000
v -0.043487 0.049851 0.011000
v -0.042772 0.048919 0.011000
v -0.032356 0.063890 0.017000
v -0.031963 0.064976 0.017000
v -0.031331 0.065943 0.017000
v -0.030493 0.066739 0.017000
v -0.029496 0.067322 0.017000
v 0.030494 0.066739 0.017000
v 0.029496 0.067322 0.017000
v 0.021867 0.070172 0.017000
v 0.013249 0.072296 0.017000
v 0.004438 0.073366 0.017000
v -0.004438 0.073366 0.017000
v -0.013249 0.072296 0.017000
v -0.021866 0.070172 0.017000
v 0.032356 0.063890 0.017000
v 0.031963 0.064976 0.017000
v 0.031331 0.065943 0.017000
v 0.029496 0.067322 0.011000
v 0.030493 0.066739 0.011000
v 0.031331 0.065943 0.011000
v 0.031963 0.064976 0.011000
v 0.032356 0.063890 0.011000
v 0.046669 0.051169 0.011000
v 0.047834 0.051015 0.011000
v 0.045329 0.057858 0.011000
v 0.051016 0.047834 0.011000
v 0.057858 0.045329 0.011000
v 0.050566 0.048919 0.011000
v 0.051972 0.051972 0.011000
v 0.049851 0.049851 0.011000
v 0.043487 0.043487 0.011000
v 0.044419 0.042772 0.011000
v 0.045504 0.042322 0.011000
v 0.048919 0.050566 0.011000
v 0.063890 0.032356 0.011000
v 0.064976 0.031963 0.011000
v 0.062900 0.038024 0.011000
v 0.043487 0.049851 0.011000
v 0.044419 0.050566 0.011000
v 0.051169 0.046669 0.011000
v 0.051016 0.045504 0.011000
v 0.050566 0.044419 0.011000
v 0.049851 0.043487 0.011000
v 0.048919 0.042772 0.011000
v 0.047834 0.042322 0.011000
v 0.042772 0.044419 0.011000
v 0.042322 0.045504 0.011000
v 0.042169 0.046669 0.011000
v 0.042322 0.047834 0.011000
v 0.067322 0.029496 0.011000
v 0.067025 0.030165 0.011000
v 0.066739 0.030493 0.011000
v 0.065943 0.031331 0.011000
v 0.046669 0.042169 0.011000
v 0.042772 0.048919 0.011000
v 0.038024 0.062900 0.011000
v 0.030165 0.067025 0.011000
v 0.045504 0.051015 0.011000
v 0.063890 0.032356 0.017000
v 0.064976 0.031963 0.017000
v 0.065943 0.031331 0.017000
v 0.066739 0.030493 0.017000
v 0.067322 0.029496 0.017000
v 0.070172 0.021866 0.017000
v 0.072296 0.013249 0.017000
v 0.073366 0.004438 0.017000
v 0.073366 -0.004438 0.017000
v 0.072296 -0.013249 0.017000
v 0.070172 -0.021867 0.017000
v 0.067322 -0.029496 0.017000
v 0.066739 -0.030493 0.017000
v 0.063890 -0.032356 0.017000
v 0.064976 -0.031963 0.017000
v 0.065943 -0.031331 0.017000
v 0.067322 -0.029496 0.011000
v 0.066739 -0.030493 0.011000
v 0.065943 -0.031331 0.011000
v 0.064976 -0.031963 0.011000
v 0.063890 -0.032356 0.011000
v 0.047834 -0.051016 0.011000
v 0.045329 -0.057858 0.011000
v 0.048919 -0.050566 0.011000
v 0.051972 -0.051972 0.011000
v 0.049851 -0.049851 0.011000
v 0.051169 -0.046669 0.011000
v 0.051015 -0.047834 0.011000
v 0.057858 -0.045329 0.011000
v 0.050566 -0.048919 0.011000
v 0.038024 -0.062900 0.011000
v 0.042772 -0.044419 0.011000
v 0.043487 -0.043487 0.011000
v 0.044419 -0.042772 0.011000
v 0.045504 -0.042322 0.011000
v 0.046669 -0.042169 0.011000
v 0.047834 -0.042322 0.011000
v 0.030165 -0.067025 0.011000
v 0.048919 -0.042772 0.011000
v 0.049851 -0.043487 0.011000
v 0.050566 -0.044419 0.011000
v 0.046669 -0.051169 0.011000
v 0.045504 -0.051016 0.011000
v 0.044419 -0.050566 0.011000
v 0.043487 -0.049851 0.011000
v 0.042772 -0.048919 0.011000
v 0.042322 -0.047834 0.011000
v 0.062900 -0.038024 0.011000
v 0.042322 -0.045504 0.011000
v 0.042169 -0.046669 0.011000
v 0.067025 -0.030165 0.011000
v 0.051015 -0.045504 0.011000
v 0.057500 -0.005670 0.000000
v 0.058706 -0.005170 0.000000
v 0.060000 -0.005000 0.000000
v 0.061294 -0.005170 0.000000
v 0.062500 -0.005670 0.000000
v 0.063535 -0.006464 0.000000
v 0.064330 -0.007500 0.000000
v 0.064830 -0.008706 0.000000
v 0.065000 -0.010000 0.000000
v 0.064830 -0.011294 0.000000
v 0.064330 -0.012500 0.000000
v 0.063535 -0.013535 0.000000
v 0.062500 -0.014330 0.000000
v 0.061294 -0.014829 0.000000
v 0.060000 -0.015000 0.000000
v 0.058706 -0.014829 0.000000
v 0.057500 -0.014330 0.000000
v 0.056464 -0.013535 0.000000
v 0.055670 -0.012500 0.000000
v 0.055170 -0.011294 0.000000
v 0.055000 -0.010000 0.000000
v 0.055170 -0.008706 0.000000
v 0.055670 -0.007500 0.000000
v 0.056464 -0.006464 0.000000
v -0.057803 -0.014855 0.000000
v -0.059000 -0.015000 0.000000
v -0.056676 -0.014427 0.000000
v -0.055684 -0.013742 0.000000
v -0.054885 -0.012840 0.000000
v -0.054325 -0.011773 0.000000
v -0.054036 -0.010603 0.000000
v -0.054036 -0.009397 0.000000
v -0.054325 -0.008227 0.000000
v -0.054885 -0.007160 0.000000
v -0.055684 -0.006257 0.000000
v -0.056676 -0.005573 0.000000
v -0.057803 -0.005145 0.000000
v -0.059000 -0.005000 0.000000
v -0.061000 -0.015000 0.000000
v -0.062196 -0.005145 0.000000
v -0.061000 -0.005000 0.000000
v -0.063324 -0.005573 0.000000
v -0.064316 -0.006257 0.000000
v -0.065115 -0.007160 0.000000
v -0.065675 -0.008227 0.000000
v -0.065963 -0.009397 0.000000
v -0.065963 -0.010603 0.000000
v -0.065675 -0.011773 0.000000
v -0.065115 -0.012840 0.000000
v -0.064316 -0.013742 0.000000
v -0.063324 -0.014427 0.000000
v -0.062197 -0.014855 0.000000
v -0.044419 0.042772 0.000000
v -0.043487 0.043487 0.000000
v -0.042772 0.044419 0.000000
v -0.042322 0.045504 0.000000
v -0.042169 0.046669 0.000000
v -0.042322 0.047834 0.000000
v -0.042772 0.048919 0.000000
v -0.043487 0.049851 0.000000
v -0.044419 0.050566 0.000000
v -0.045504 0.051016 0.000000
v -0.046669 0.051169 0.000000
v -0.047834 0.051016 0.000000
v -0.048919 0.050566 0.000000
v -0.049851 0.049851 0.000000
v -0.050566 0.048919 0.000000
v -0.051015 0.047834 0.000000
v -0.051169 0.046669 0.000000
v -0.051015 0.045504 0.000000
v -0.050566 0.044419 0.000000
v -0.049851 0.043487 0.000000
v -0.048919 0.042772 0.000000
v -0.047834 0.042322 0.000000
v -0.046669 0.042169 0.000000
v -0.045504 0.042322 0.000000
v -0.044419 -0.050566 0.000000
v -0.043487 -0.049851 0.000000
v -0.042772 -0.048919 0.000000
v -0.042322 -0.047834 0.000000
v -0.042169 -0.046669 0.000000
v -0.042322 -0.045504 0.000000
v -0.042772 -0.044419 0.000000
v -0.043487 -0.043487 0.000000
v -0.044419 -0.042772 0.000000
v -0.045504 -0.042322 0.000000
v -0.046669 -0.042169 0.000000
v -0.047834 -0.042322 0.000000
v -0.048919 -0.042772 0.000000
v -0.049851 -0.043487 0.000000
v -0.050566 -0.044419 0.000000
v -0.051016 -0.045504 0.000000
v -0.051169 -0.046669 0.000000
v -0.051016 -0.047834 0.000000
v -0.050566 -0.048919 0.000000
v -0.049851 -0.049851 0.000000
v -0.048919 -0.050566 0.000000
v -0.047834 -0.051015 0.000000
v -0.046669 -0.051169 0.000000
v -0.045504 -0.051015 0.000000
v 0.048919 -0.050566 0.000000
v 0.049851 -0.049851 0.000000
v 0.050566 -0.048919 0.000000
v 0.051015 -0.047834 0.000000
v 0.051169 -0.046669 0.000000
v 0.051015 -0.045504 0.000000
v 0.050566 -0.044419 0.000000
v 0.049851 -0.043487 0.000000
v 0.048919 -0.042772 0.000000
v 0.047834 -0.042322 0.000000
v 0.046669 -0.042169 0.000000
v 0.045504 -0.042322 0.000000
v 0.044419 -0.042772 0.000000
v 0.043487 -0.043487 0.000000
v 0.042772 -0.044419 0.000000
v 0.042322 -0.045504 0.000000
v 0.042169 -0.046669 0.000000
v 0.042322 -0.047834 0.000000
v 0.042772 -0.048919 0.000000
v 0.043487 -0.049851 0.000000
v 0.044419 -0.050566 0.000000
v 0.045504 -0.051016 0.000000
v 0.046669 -0.051169 0.000000
v 0.047834 -0.051016 0.000000
v 0.048919 0.042772 0.000000
v 0.049851 0.043487 0.000000
v 0.050566 0.044419 0.000000
v 0.051016 0.045504 0.000000
v 0.051169 0.046669 0.000000
v 0.051016 0.047834 0.000000
v 0.050566 0.048919 0.000000
v 0.049851 0.049851 0.000000
v 0.048919 0.050566 0.000000
v 0.047834 0.051015 0.000000
v 0.046669 0.051169 0.000000
v 0.045504 0.051015 0.000000
v 0.044419 0.050566 0.000000
v 0.043487 0.049851 0.000000
v 0.042772 0.048919 0.000000
v 0.042322 0.047834 0.000000
v 0.042169 0.046669 0.000000
v 0.042322 0.045504 0.000000
v 0.042772 0.044419 0.000000
v 0.043487 0.043487 0.000000
v 0.044419 0.042772 0.000000
v 0.045504 0.042322 0.000000
v 0.046669 0.042169 0.000000
v 0.047834 0.042322 0.000000
v -0.013249 -0.072296 0.000000
v 0.004438 -0.073366 0.000000
v -0.004438 -0.073366 0.000000
v -0.009809 -0.072714 0.000000
v 0.013249 -0.072296 0.000000
v 0.009240 -0.072783 0.000000
v -0.070172 -0.021866 0.000000
v -0.067025 -0.030165 0.000000
v -0.062900 -0.038024 0.000000
v -0.062602 -0.038456 0.000000
v -0.060896 -0.040927 0.000000
v -0.057858 -0.045329 0.000000
v -0.051972 -0.051972 0.000000
v -0.045329 -0.057858 0.000000
v -0.040927 -0.060896 0.000000
v -0.038024 -0.062900 0.000000
v -0.031616 -0.066263 0.000000
v -0.030165 -0.067025 0.000000
v -0.021867 -0.070172 0.000000
v 0.021866 -0.070172 0.000000
v 0.030165 -0.067025 0.000000
v 0.031944 -0.066091 0.000000
v 0.038024 -0.062900 0.000000
v 0.045329 -0.057858 0.000000
v 0.051972 -0.051972 0.000000
v 0.057858 -0.045329 0.000000
v 0.062806 -0.038160 0.000000
v 0.062900 -0.038024 0.000000
v 0.067025 -0.030165 0.000000
v 0.070172 -0.021867 0.000000
v 0.070172 0.021866 0.000000
v 0.067025 0.030165 0.000000
v 0.066263 0.031616 0.000000
v 0.062900 0.038024 0.000000
v 0.057858 0.045329 0.000000
v 0.051972 0.051972 0.000000
v 0.045329 0.057858 0.000000
v 0.038456 0.062602 0.000000
v 0.038024 0.062900 0.000000
v 0.030165 0.067025 0.000000
v 0.021867 0.070172 0.000000
v -0.021866 0.070172 0.000000
v -0.030165 0.067025 0.000000
v -0.038024 0.062900 0.000000
v -0.038160 0.062806 0.000000
v -0.040927 0.060896 0.000000
v -0.045329 0.057858 0.000000
v -0.051972 0.051972 0.000000
v -0.057858 0.045329 0.000000
v -0.060896 0.040927 0.000000
v -0.062900 0.038024 0.000000
v -0.066091 0.031944 0.000000
v -0.067025 0.030165 0.000000
v -0.070172 0.021867 0.000000
v -0.072296 -0.013249 0.000000
v -0.072714 -0.009809 0.000000
v -0.073366 -0.004438 0.000000
v -0.073366 -0.000843 0.000000
v -0.073366 0.004438 0.000000
v -0.072296 0.013249 0.000000
v -0.013249 0.072296 0.000000
v -0.004438 0.073366 0.000000
v -0.001343 0.073366 0.000000
v 0.000843 0.073366 0.000000
v 0.004438 0.073366 0.000000
v 0.013249 0.072296 0.000000
v 0.072296 0.013249 0.000000
v 0.073366 0.004438 0.000000
v 0.073366 -0.001343 0.000000
v 0.073366 -0.004438 0.000000
v 0.072783 -0.009240 0.000000
v 0.072296 -0.013249 0.000000
v -0.053334 -0.029188 0.000000
v 0.023938 -0.058084 0.000000
v 0.053334 -0.028688 0.000000
v 0.053334 0.018688 0.000000
v 0.029646 -0.005000 0.000000
v 0.023938 0.048084 0.000000
v -0.000250 0.072273 0.000000
v -0.023938 0.048584 0.000000
v -0.053334 0.019188 0.000000
v -0.029146 -0.005000 0.000000
v -0.023938 -0.058584 0.000000
v 0.000250 -0.034396 0.000000
v 0.000250 0.024396 0.000000
v -0.042322 0.045504 0.000000
v -0.042169 0.046669 0.000000
v 0.006099 -0.073246 0.009192
v 0.006140 -0.073243 0.008500
v 0.004863 -0.072415 0.006804
v 0.004737 -0.072426 0.006538
v 0.066739 0.030493 0.011000
v 0.065943 0.031331 0.011000
v 0.062900 -0.038024 0.000000
v 0.067025 -0.030165 0.000000
v 0.062900 -0.038024 0.011000
v 0.067025 -0.030165 0.011000
v -0.032625 -0.049475 0.011000
v -0.033024 -0.048381 0.011000
v 0.042772 -0.044419 0.000000
v 0.042322 -0.045504 0.000000
v 0.058706 -0.005170 0.000000
v 0.060000 -0.005000 0.000000
v -0.063890 -0.032356 0.011000
v -0.064976 -0.031963 0.011000
v 0.063464 -0.012000 0.001000
v 0.062828 -0.012828 0.001000
v 0.067322 -0.029496 0.011000
v 0.057696 -0.005931 0.017000
v 0.056351 -0.013732 0.017000
v 0.032489 0.062742 0.017000
v 0.032356 0.063890 0.017000
v -0.042772 0.048919 0.000000
v -0.043487 0.049851 0.000000
v 0.006027 -0.073252 0.007358
v 0.005098 -0.073323 0.011868
v 0.005525 -0.073292 0.011135
v -0.063812 -0.007186 0.001000
v -0.063652 -0.007006 0.001000
v 0.070172 0.021866 0.000000
v 0.067025 0.030165 0.000000
v 0.049851 0.043487 0.011000
v 0.048919 0.042772 0.011000
v 0.043487 -0.043487 0.000000
v 0.042322 -0.047834 0.011000
v 0.042169 -0.046669 0.011000
v 0.057500 -0.005670 0.000000
v -0.033024 -0.048381 0.017000
v -0.033665 -0.047410 0.017000
v 0.063864 -0.008965 0.001000
v 0.064000 -0.010000 0.001000
v 0.004277 -0.072464 0.011358
v 0.003641 -0.072510 0.012141
v -0.043487 0.043487 0.000000
v -0.042772 0.044419 0.000000
v 0.006016 -0.073253 0.007316
v -0.061957 -0.006116 0.001000
v -0.062032 -0.006145 0.001000
v -0.047410 0.033665 0.017000
v -0.046613 0.034514 0.017000
v 0.062900 0.038024 0.000000
v 0.057858 0.045329 0.000000
v -0.034514 -0.046613 0.011000
v -0.038118 -0.043715 0.011000
v 0.050566 0.044419 0.011000
v 0.044419 -0.042772 0.000000
v 0.004460 -0.110000 0.011075
v 0.003641 -0.110000 0.012141
v 0.062000 -0.013464 0.001000
v 0.061035 -0.013864 0.001000
v 0.005118 -0.072387 0.009073
v 0.005041 -0.072396 0.009504
v -0.044419 0.050566 0.000000
v -0.045504 0.051016 0.000000
v -0.064441 -0.008012 0.001000
v -0.064292 -0.007728 0.001000
v 0.029496 -0.067322 0.011000
v 0.030165 -0.067025 0.011000
v 0.051972 -0.051972 0.000000
v 0.057858 -0.045329 0.000000
v 0.045504 -0.051016 0.011000
v 0.044419 -0.050566 0.011000
v -0.034514 -0.046613 0.017000
v 0.004974 -0.110000 0.009833
v -0.032489 -0.050631 0.017000
v -0.032625 -0.049475 0.017000
v 0.000000 -0.110000 0.013650
v -0.001333 -0.110000 0.013474
v 0.062828 -0.007171 0.001000
v 0.063464 -0.008000 0.001000
v 0.004451 -0.072450 0.011070
v 0.004314 -0.072461 0.011313
v -0.043487 0.043487 0.011000
v -0.044419 0.042772 0.011000
v -0.057966 -0.001980 0.024000
v -0.057696 0.005931 0.024000
v 0.028426 -0.050556 0.017000
v 0.021277 -0.053956 0.017000
v 0.004974 -0.110000 0.007167
v 0.005150 -0.110000 0.008500
v 0.005645 -0.073283 0.010813
v 0.032356 -0.063890 0.011000
v 0.031963 -0.064976 0.011000
v 0.045329 -0.057858 0.000000
v 0.051169 0.046669 0.011000
v 0.051016 0.045504 0.011000
v 0.004737 -0.072426 0.010464
v 0.004965 -0.072404 0.009829
v 0.042772 -0.048919 0.000000
v 0.043487 -0.049851 0.000000
v 0.063535 -0.006464 0.000000
v 0.064330 -0.007500 0.000000
v -0.032489 -0.050631 0.011000
v -0.066739 -0.030493 0.011000
v -0.065943 -0.031331 0.011000
v 0.021277 -0.053956 0.024000
v 0.013732 -0.056351 0.024000
v -0.029496 -0.067322 0.017000
v -0.030493 -0.066739 0.017000
v 0.052378 0.024910 0.017000
v 0.055282 0.017546 0.017000
v 0.005644 -0.073283 0.006189
v 0.005324 -0.073307 0.005487
v 0.004321 -0.073373 0.012811
v 0.004340 -0.073372 0.012789
v 0.031963 -0.064976 0.017000
v 0.031331 -0.065943 0.017000
v -0.061000 -0.006000 0.001000
v 0.051972 0.051972 0.000000
v 0.047834 -0.042322 0.000000
v 0.046669 -0.042169 0.000000
v 0.062500 -0.005670 0.000000
v -0.049851 0.049851 0.000000
v -0.050566 0.048919 0.000000
v -0.062859 -0.006458 0.001000
v 0.005150 -0.072383 0.008500
v -0.030493 0.066739 0.011000
v -0.031331 0.065943 0.011000
v 0.053956 -0.021277 0.017000
v 0.002575 -0.110000 0.012960
v 0.001333 -0.110000 0.013474
v 0.005090 -0.073323 0.005137
v -0.049475 0.032625 0.017000
v -0.048381 0.033024 0.017000
v 0.030493 -0.066739 0.017000
v 0.038456 0.062602 0.000000
v 0.038024 0.062900 0.000000
v -0.034514 0.046613 0.017000
v -0.033665 0.047410 0.017000
v 0.056351 -0.013732 0.024000
v 0.053956 -0.021277 0.024000
v 0.043487 0.049851 0.011000
v 0.044419 0.050566 0.011000
v 0.031810 0.048498 0.024000
v 0.024910 0.052378 0.024000
v 0.048919 -0.042772 0.000000
v -0.033665 -0.047410 0.011000
v 0.043487 -0.049851 0.011000
v -0.042772 -0.044419 0.011000
v -0.042322 -0.045504 0.011000
v 0.058000 -0.013464 0.001000
v 0.057171 -0.012828 0.001000
v -0.056351 0.013732 0.024000
v 0.004965 -0.072404 0.007170
v -0.034514 0.046613 0.011000
v -0.033665 0.047410 0.011000
v -0.065115 -0.012840 0.000000
v -0.064316 -0.013742 0.000000
v 0.005809 -0.073270 0.006553
v 0.045329 0.057858 0.000000
v -0.047410 0.033665 0.011000
v -0.046613 0.034514 0.011000
v 0.029496 0.067322 0.011000
v 0.030165 0.067025 0.011000
v 0.045504 -0.042322 0.000000
v 0.061294 -0.005170 0.000000
v 0.058965 -0.006136 0.001000
v 0.060000 -0.006000 0.001000
v 0.041012 -0.041012 0.024000
v 0.046215 -0.035046 0.024000
v 0.004033 -0.072482 0.005297
v 0.003622 -0.072511 0.004878
v 0.003637 -0.072510 0.012146
v 0.003146 -0.072543 0.012577
v 0.042322 0.047834 0.011000
v 0.042772 0.048919 0.011000
v -0.048919 0.042772 0.011000
v -0.049851 0.043487 0.011000
v -0.032489 -0.062742 0.017000
v 0.048499 0.031810 0.017000
v -0.065675 -0.011773 0.000000
v 0.004438 -0.073365 0.012672
v -0.038024 0.062900 0.011000
v -0.030165 0.067025 0.011000
v -0.033024 0.048381 0.017000
v -0.032625 0.049475 0.017000
v 0.031331 -0.065943 0.011000
v 0.030493 -0.066739 0.011000
v -0.043487 -0.049851 0.011000
v -0.042772 -0.048919 0.011000
v 0.050556 -0.028426 0.024000
v 0.046669 -0.051169 0.000000
v 0.047834 -0.051016 0.000000
v 0.042772 -0.048919 0.011000
v -0.051015 0.047834 0.000000
v 0.061035 -0.006136 0.001000
v 0.002849 -0.072559 0.012761
v -0.045504 0.051016 0.011000
v -0.044419 0.050566 0.011000
v -0.047834 0.042322 0.011000
v -0.029496 0.067322 0.017000
v -0.021866 0.070172 0.017000
v 0.029496 -0.067322 0.017000
v -0.032489 0.062742 0.011000
v -0.032356 0.063890 0.011000
v 0.021867 0.070172 0.000000
v 0.013249 0.072296 0.000000
v 0.030165 0.067025 0.000000
v -0.033024 0.048381 0.011000
v -0.032625 0.049475 0.011000
v -0.046613 -0.034514 0.011000
v -0.043715 -0.038118 0.011000
v 0.045504 -0.051016 0.000000
v 0.032489 0.050631 0.011000
v 0.032489 0.062742 0.011000
v -0.004460 -0.110000 0.005925
v -0.003642 -0.110000 0.004858
v 0.058965 -0.013864 0.001000
v -0.017546 -0.055282 0.017000
v -0.024910 -0.052378 0.017000
v 0.061035 -0.013864 0.008000
v 0.060000 -0.014000 0.008000
v -0.029496 -0.067322 0.011000
v -0.030165 -0.067025 0.011000
v -0.065963 -0.009397 0.000000
v -0.065963 -0.010603 0.000000
v -0.001333 -0.110000 0.003525
v 0.000000 -0.110000 0.003350
v 0.005065 -0.073325 0.011925
v 0.067322 0.029496 0.011000
v 0.067025 0.030165 0.011000
v 0.062806 -0.038160 0.000000
v -0.021866 0.070172 0.000000
v -0.013249 0.072296 0.000000
v 0.056536 -0.008000 0.008000
v 0.057171 -0.007171 0.008000
v 0.044419 -0.050566 0.000000
v -0.051169 0.046669 0.000000
v -0.051015 0.045504 0.000000
v 0.048919 0.042772 0.000000
v 0.047834 0.042322 0.000000
v -0.042772 0.044419 0.011000
v 0.062000 -0.006536 0.001000
v -0.042322 0.045504 0.011000
v -0.042169 0.046669 0.011000
v -0.031810 -0.048498 0.017000
v 0.065943 0.031331 0.017000
v 0.066739 0.030493 0.017000
v -0.049475 0.032625 0.011000
v -0.048381 0.033024 0.011000
v 0.049851 0.049851 0.000000
v 0.048919 0.050566 0.000000
v 0.056136 -0.011035 0.008000
v 0.056000 -0.010000 0.008000
v 0.045504 -0.042322 0.011000
v 0.046669 -0.042169 0.011000
v -0.028426 0.050556 0.017000
v -0.051016 -0.045504 0.011000
v -0.050566 -0.044419 0.011000
v -0.055136 -0.011035 0.008000
v -0.055536 -0.012000 0.008000
v 0.060000 -0.014000 0.001000
v 0.034514 -0.046613 0.011000
v 0.035046 -0.046215 0.011000
v 0.005002 -0.072401 0.009726
v -0.046669 0.051169 0.011000
v 0.033024 -0.048381 0.011000
v 0.032625 -0.049475 0.011000
v 0.058965 -0.013864 0.008000
v 0.062742 0.032489 0.011000
v 0.063890 0.032356 0.011000
v -0.064740 -0.011418 0.001000
v -0.064836 -0.011028 0.001000
v -0.031963 0.064976 0.011000
v -0.005150 -0.072383 0.008500
v -0.005118 -0.072387 0.007927
v 0.044419 0.042772 0.011000
v 0.045504 0.042322 0.011000
v 0.063535 -0.013535 0.000000
v 0.062500 -0.014330 0.000000
v -0.056171 -0.007171 0.008000
v -0.055536 -0.008000 0.008000
v 0.035046 -0.046215 0.024000
v -0.072296 -0.013249 0.017000
v -0.073366 -0.004438 0.017000
v -0.013249 -0.072296 0.000000
v -0.021867 -0.070172 0.000000
v 0.028426 -0.050556 0.024000
v -0.032489 -0.062742 0.011000
v 0.046215 -0.035046 0.011000
v 0.046613 -0.034514 0.011000
v 0.050556 -0.028426 0.017000
v 0.046613 -0.034514 0.017000
v -0.064441 -0.011988 0.001000
v -0.057000 -0.013464 0.008000
v -0.056171 -0.012828 0.008000
v 0.043487 0.043487 0.011000
v 0.047834 0.051015 0.000000
v 0.046669 0.051169 0.000000
v 0.061294 -0.014829 0.000000
v -0.067322 -0.029496 0.011000
v -0.073366 0.004438 0.017000
v 0.056464 -0.006464 0.000000
v -0.048919 0.050566 0.011000
v -0.047834 0.051016 0.011000
v 0.002561 -0.072574 0.012938
v -0.004460 -0.110000 0.011075
v -0.004975 -0.110000 0.009833
v -0.049851 0.049851 0.011000
v -0.047410 -0.033665 0.011000
v 0.064976 0.031963 0.017000
v -0.059000 -0.015000 0.000000
v -0.061000 -0.015000 0.000000
v 0.032356 0.063890 0.011000
v -0.062991 -0.006549 0.001000
v -0.038024 -0.062900 0.000000
v -0.031616 -0.066263 0.000000
v -0.000322 -0.073499 0.014559
v 0.000003 -0.073499 0.014551
v -0.004975 -0.110000 0.007167
v 0.060000 -0.015000 0.000000
v 0.047834 -0.042322 0.011000
v 0.050566 -0.044419 0.011000
v 0.051015 -0.045504 0.011000
v 0.005045 -0.072396 0.007495
v -0.048919 0.042772 0.000000
v -0.047834 0.042322 0.000000
v -0.067025 -0.030165 0.011000
v -0.058042 -0.006116 0.001000
v -0.057968 -0.006144 0.001000
v -0.046613 -0.034514 0.017000
v -0.047410 -0.033665 0.017000
v -0.021867 -0.070172 0.017000
v -0.013249 -0.072296 0.017000
v -0.005150 -0.072383 0.008500
v -0.001191 -0.073489 0.014429
v 0.045504 0.051015 0.000000
v 0.044419 0.050566 0.000000
v 0.064330 -0.012500 0.000000
v -0.049851 0.043487 0.000000
v -0.072296 0.013249 0.017000
v -0.070172 0.021867 0.017000
v 0.048381 -0.033024 0.011000
v 0.047410 -0.033665 0.011000
v -0.048381 -0.033024 0.011000
v -0.049475 -0.032625 0.011000
v -0.046215 0.035046 0.011000
v -0.041012 0.041012 0.011000
v 0.001483 -0.073485 0.002614
v 0.001197 -0.073488 0.002571
v 0.030494 0.066739 0.017000
v 0.031331 0.065943 0.017000
v -0.004438 -0.073366 0.017000
v 0.001330 -0.072621 0.003534
v 0.001147 -0.072626 0.003479
v 0.056536 -0.012000 0.008000
v 0.048381 -0.033024 0.017000
v 0.047410 -0.033665 0.017000
v -0.046669 0.042169 0.000000
v -0.045504 0.042322 0.000000
v -0.067322 0.029496 0.017000
v 0.033665 -0.047410 0.017000
v 0.033024 -0.048381 0.017000
v 0.049851 0.049851 0.011000
v 0.048919 0.050566 0.011000
v -0.048381 -0.033024 0.017000
v -0.049475 -0.032625 0.017000
v 0.000327 -0.073499 0.002440
v 0.063890 0.032356 0.017000
v 0.004438 -0.073366 0.017000
v 0.013249 -0.072296 0.017000
v -0.040927 -0.060896 0.000000
v -0.004639 -0.072434 0.006263
v -0.004736 -0.072425 0.006533
v -0.002279 -0.073465 0.014130
v -0.001478 -0.073485 0.014386
v -0.057000 -0.006536 0.008000
v 0.057171 -0.012828 0.008000
v -0.013732 0.056351 0.024000
v -0.021277 0.053956 0.024000
v -0.050566 0.044419 0.000000
v -0.059000 -0.006000 0.001000
v -0.050631 -0.032489 0.011000
v -0.051015 0.047834 0.011000
v -0.051169 0.046669 0.011000
v 0.001001 -0.072626 0.013524
v 0.000577 -0.072634 0.013618
v -0.060896 0.040927 0.000000
v -0.062900 0.038024 0.000000
v 0.000004 -0.073499 0.002448
v 0.048919 -0.042772 0.011000
v 0.002857 -0.072560 0.004224
v 0.003281 -0.072534 0.004530
v 0.062742 -0.032489 0.017000
v 0.063890 -0.032356 0.017000
v -0.051972 0.051972 0.011000
v -0.057858 0.045329 0.011000
v 0.058000 -0.006536 0.008000
v 0.058965 -0.006136 0.008000
v -0.044419 -0.050566 0.000000
v -0.043487 -0.049851 0.000000
v 0.032625 -0.049475 0.017000
v -0.062900 -0.038024 0.011000
v -0.048919 -0.042772 0.011000
v -0.049851 -0.043487 0.011000
v -0.070172 0.021867 0.000000
v -0.072296 0.013249 0.000000
v 0.032489 0.050631 0.017000
v -0.064971 -0.010482 0.001000
v -0.021277 0.053956 0.017000
v -0.051972 -0.051972 0.000000
v -0.045329 -0.057858 0.000000
v -0.004276 -0.072463 0.005640
v -0.003641 -0.072510 0.004859
v 0.058000 -0.013464 0.008000
v -0.047834 -0.051015 0.000000
v -0.046669 -0.051169 0.000000
v 0.064830 -0.008706 0.000000
v 0.056136 -0.008965 0.001000
v 0.056536 -0.008000 0.001000
v -0.028426 0.050556 0.024000
v -0.001330 -0.072621 0.013466
v -0.001785 -0.072609 0.013331
v 0.032489 -0.050631 0.017000
v 0.032489 -0.062742 0.017000
v -0.050556 0.028426 0.017000
v 0.003621 -0.072511 0.004877
v -0.055000 -0.010000 0.008000
v 0.046669 -0.051169 0.011000
v 0.033024 0.048381 0.017000
v 0.033665 0.047410 0.017000
v -0.062900 0.038024 0.011000
v -0.065943 0.031331 0.017000
v -0.066739 0.030493 0.017000
v -0.035046 0.046215 0.024000
v 0.002746 -0.072566 0.004143
v -0.062742 0.032489 0.017000
v -0.063890 0.032356 0.017000
v -0.009855 -0.057157 0.017000
v -0.066091 0.031944 0.000000
v -0.001189 -0.073488 0.002578
v -0.001770 -0.073479 0.002694
v -0.057157 -0.009855 0.024000
v -0.004060 -0.073388 0.013051
v -0.003404 -0.073421 0.013540
v 0.042322 0.047834 0.000000
v 0.042169 0.046669 0.000000
v -0.049851 -0.049851 0.000000
v -0.048919 -0.050566 0.000000
v -0.041012 0.041012 0.024000
v 0.004438 0.073366 0.017000
v -0.004438 0.073366 0.017000
v 0.033665 -0.047410 0.011000
v -0.050631 -0.032489 0.017000
v -0.062742 -0.032489 0.017000
v -0.063324 -0.014427 0.000000
v -0.002341 -0.073462 0.002909
v -0.064971 -0.010000 0.001000
v 0.004460 -0.110000 0.005925
v -0.045329 0.057858 0.011000
v 0.065000 -0.010000 0.000000
v 0.058000 -0.006536 0.001000
v -0.029496 0.067322 0.011000
v -0.013249 0.072296 0.017000
v 0.005931 -0.057696 0.017000
v -0.001980 -0.057966 0.017000
v -0.067025 0.030165 0.000000
v 0.032356 -0.063890 0.017000
v 0.034514 0.046613 0.017000
v -0.062742 -0.032489 0.011000
v -0.000613 -0.073497 0.002463
v -0.062900 -0.038024 0.000000
v -0.062602 -0.038456 0.000000
v -0.002846 -0.072559 0.004238
v -0.002561 -0.072574 0.004062
v -0.051016 -0.047834 0.000000
v -0.050566 -0.048919 0.000000
v 0.049851 -0.043487 0.011000
v -0.049851 -0.049851 0.011000
v -0.050566 -0.048919 0.011000
v 0.056536 -0.012000 0.001000
v 0.013249 -0.072296 0.000000
v 0.021866 -0.070172 0.000000
v 0.033024 0.048381 0.011000
v 0.033665 0.047410 0.011000
v 0.001965 -0.072601 0.003758
v 0.002567 -0.072574 0.004055
v -0.064971 -0.009518 0.001000
v -0.064836 -0.008971 0.001000
v -0.060896 -0.040927 0.000000
v 0.046669 0.051169 0.011000
v 0.045504 0.051015 0.011000
v 0.045329 0.057858 0.011000
v 0.038024 0.062900 0.011000
v -0.003334 -0.073424 0.013592
v 0.052378 0.024910 0.024000
v 0.048499 0.031810 0.024000
v 0.042772 0.048919 0.000000
v 0.004639 -0.072435 0.010736
v 0.056136 -0.011035 0.001000
v -0.050556 0.028426 0.024000
v -0.053956 0.021277 0.024000
v 0.013732 -0.056351 0.017000
v -0.005150 -0.110000 0.008500
v -0.072296 -0.013249 0.000000
v -0.072714 -0.009809 0.000000
v -0.062197 -0.014855 0.000000
v 0.001785 -0.072609 0.003669
v 0.055282 0.017546 0.024000
v 0.057157 0.009855 0.024000
v 0.064976 0.031963 0.011000
v 0.064830 -0.011294 0.000000
v -0.055136 -0.008965 0.008000
v -0.042169 -0.046669 0.011000
v -0.057965 -0.013864 0.008000
v 0.057171 -0.007171 0.001000
v -0.045504 0.042322 0.011000
v -0.046669 0.042169 0.011000
v 0.032489 -0.062742 0.011000
v -0.054036 -0.009397 0.000000
v -0.054325 -0.008227 0.000000
v -0.064740 -0.008582 0.001000
v -0.057858 -0.045329 0.000000
v -0.002342 -0.073462 0.014098
v -0.032489 0.062742 0.017000
v -0.032356 0.063890 0.017000
v 0.043487 0.049851 0.000000
v 0.056000 -0.010000 0.001000
v -0.046215 0.035046 0.024000
v -0.001146 -0.072626 0.013521
v -0.044419 0.042772 0.000000
v -0.044419 -0.050566 0.011000
v -0.045504 -0.051015 0.011000
v 0.006004 -0.073254 0.009681
v 0.065943 -0.031331 0.011000
v 0.064976 -0.031963 0.011000
v -0.042322 0.047834 0.011000
v -0.042772 0.048919 0.011000
v 0.066263 0.031616 0.000000
v -0.003642 -0.110000 0.012142
v 0.042169 -0.046669 0.000000
v -0.047834 -0.051015 0.011000
v -0.046669 -0.051169 0.011000
v -0.063000 -0.013464 0.008000
v -0.063828 -0.012828 0.008000
v -0.064976 0.031963 0.017000
v 0.030493 0.066739 0.011000
v -0.056188 -0.012814 0.001000
v -0.056347 -0.012994 0.001000
v -0.055684 -0.013742 0.000000
v -0.054885 -0.012840 0.000000
v 0.063890 -0.032356 0.011000
v 0.009855 0.057157 0.017000
v 0.001980 0.057966 0.017000
v -0.042322 -0.047834 0.011000
v -0.004438 -0.073365 0.004328
v -0.005063 -0.073325 0.005071
v 0.034514 -0.046613 0.017000
v -0.054036 -0.010603 0.000000
v 0.047834 0.051015 0.011000
v -0.004451 -0.072450 0.005930
v -0.004314 -0.072461 0.005687
v -0.006016 -0.073253 0.009687
v -0.005808 -0.073270 0.010454
v 0.031331 0.065943 0.011000
v 0.047834 -0.051016 0.011000
v 0.048919 -0.050566 0.011000
v -0.055708 -0.012272 0.001000
v -0.054325 -0.011773 0.000000
v -0.059000 -0.006000 0.008000
v -0.057965 -0.006136 0.008000
v -0.047834 -0.042322 0.000000
v -0.048919 -0.042772 0.000000
v -0.001000 -0.072628 0.013538
v -0.005098 -0.073323 0.005130
v 0.021866 -0.070172 0.017000
v -0.002575 -0.110000 0.004040
v 0.057858 0.045329 0.011000
v 0.062900 0.038024 0.011000
v 0.034514 0.046613 0.011000
v 0.066739 -0.030493 0.011000
v 0.051972 -0.051972 0.011000
v 0.057858 -0.045329 0.011000
v 0.031963 0.064976 0.011000
v 0.045329 -0.057858 0.011000
v -0.005931 0.057696 0.017000
v -0.013732 0.056351 0.017000
v -0.062742 0.032489 0.011000
v -0.063890 0.032356 0.011000
v -0.049851 -0.043487 0.000000
v 0.042772 0.044419 0.011000
v -0.061000 -0.006000 0.008000
v 0.056136 -0.008965 0.008000
v -0.004318 -0.073373 0.004185
v -0.004338 -0.073372 0.004209
v 0.072296 0.013249 0.000000
v -0.004438 0.073366 0.000000
v 0.047410 0.033665 0.017000
v 0.048381 0.033024 0.017000
v 0.051016 0.047834 0.011000
v 0.046613 0.034514 0.017000
v 0.062000 -0.013464 0.008000
v -0.003640 -0.072510 0.004857
v 0.004438 -0.073366 0.000000
v -0.004438 -0.073366 0.000000
v -0.055260 -0.011418 0.001000
v -0.055559 -0.011988 0.001000
v -0.056676 -0.014427 0.000000
v -0.045504 -0.042322 0.000000
v -0.046669 -0.042169 0.000000
v -0.051015 0.045504 0.011000
v -0.057858 -0.045329 0.011000
v -0.073366 -0.000843 0.000000
v -0.073366 0.004438 0.000000
v 0.032489 -0.050631 0.011000
v -0.000576 -0.072634 0.003382
v -0.000997 -0.072626 0.003475
v -0.009809 -0.072714 0.000000
v -0.048919 -0.050566 0.011000
v -0.005644 -0.073283 0.010814
v 0.063464 -0.012000 0.008000
v 0.062828 -0.012828 0.008000
v 0.046669 0.042169 0.000000
v -0.051972 -0.051972 0.011000
v -0.055164 -0.011028 0.001000
v -0.038118 -0.043715 0.024000
v -0.031810 -0.048498 0.024000
v -0.050566 -0.044419 0.000000
v -0.051016 -0.045504 0.000000
v 0.031810 0.048498 0.017000
v -0.031963 -0.064976 0.011000
v -0.032356 -0.063890 0.011000
v 0.049475 0.032625 0.017000
v -0.001343 0.073366 0.000000
v 0.000843 0.073366 0.000000
v -0.004033 -0.072482 0.011703
v -0.003622 -0.072510 0.012122
v 0.000000 -0.072636 0.003355
v -0.006140 -0.073243 0.008500
v -0.006027 -0.073252 0.009644
v 0.031963 0.064976 0.017000
v -0.055029 -0.010482 0.001000
v -0.017546 -0.055282 0.024000
v -0.024910 -0.052378 0.024000
v -0.051169 -0.046669 0.000000
v -0.001328 -0.072620 0.003548
v 0.017546 0.055282 0.017000
v -0.052378 -0.024910 0.024000
v -0.055282 -0.017546 0.024000
v 0.041012 -0.041012 0.011000
v -0.073366 -0.004438 0.000000
v -0.004273 -0.072464 0.011358
v 0.042772 -0.044419 0.011000
v 0.042322 -0.045504 0.011000
v -0.002232 -0.072592 0.003859
v -0.001965 -0.072602 0.003751
v -0.062035 -0.006136 0.008000
v 0.051972 0.051972 0.011000
v 0.038118 0.043715 0.024000
v -0.005323 -0.073307 0.011518
v -0.005090 -0.073323 0.011865
v -0.045329 -0.057858 0.011000
v -0.038024 -0.062900 0.011000
v 0.044419 0.042772 0.000000
v 0.045504 0.042322 0.000000
v -0.050566 0.048919 0.011000
v -0.030493 -0.066739 0.011000
v -0.031331 -0.065943 0.011000
v 0.024910 0.052378 0.017000
v -0.005645 -0.073283 0.006184
v -0.005932 -0.073260 0.006948
v -0.002590 -0.073454 0.003003
v -0.005931 0.057696 0.024000
v -0.054885 -0.007160 0.000000
v -0.004405 -0.072454 0.011167
v -0.004451 -0.072450 0.011071
v 0.001005 -0.072627 0.003462
v -0.057009 -0.013451 0.001000
v 0.049851 -0.049851 0.011000
v 0.050566 -0.048919 0.011000
v 0.064000 -0.010000 0.008000
v 0.063864 -0.011035 0.008000
v 0.055670 -0.007500 0.000000
v 0.051169 -0.046669 0.011000
v 0.051015 -0.047834 0.011000
v -0.042322 -0.045504 0.000000
v -0.042772 -0.044419 0.000000
v -0.048498 -0.031810 0.024000
v -0.051016 -0.047834 0.011000
v -0.051169 -0.046669 0.011000
v -0.055684 -0.006257 0.000000
v -0.002855 -0.072560 0.012778
v -0.003281 -0.072534 0.012470
v 0.067322 -0.029496 0.017000
v 0.066739 -0.030493 0.017000
v -0.001623 -0.072615 0.003613
v 0.009240 -0.072783 0.000000
v 0.063864 -0.008965 0.008000
v -0.055164 -0.008971 0.001000
v -0.055029 -0.009518 0.001000
v 0.013249 0.072296 0.017000
v -0.006004 -0.073254 0.007315
v -0.006098 -0.073247 0.007802
v 0.009855 0.057157 0.024000
v 0.001980 0.057966 0.024000
v 0.073366 0.004438 0.000000
v -0.005039 -0.072396 0.009565
v -0.004965 -0.072404 0.009830
v -0.066739 0.030493 0.011000
v -0.065943 0.031331 0.011000
v 0.038024 -0.062900 0.011000
v -0.067025 -0.030165 0.000000
v -0.055260 -0.008582 0.001000
v -0.062035 -0.013864 0.008000
v 0.050631 0.032489 0.017000
v 0.062742 0.032489 0.017000
v -0.042322 -0.047834 0.000000
v -0.042169 -0.046669 0.000000
v -0.032356 -0.063890 0.017000
v -0.059000 -0.005000 0.000000
v -0.061000 -0.005000 0.000000
v -0.002746 -0.072567 0.012857
v 0.073366 -0.001343 0.000000
v -0.056676 -0.005573 0.000000
v -0.057803 -0.005145 0.000000
v 0.038118 0.043715 0.011000
v -0.005045 -0.072395 0.009508
v 0.047410 0.033665 0.011000
v 0.048381 0.033024 0.011000
v -0.063828 -0.007171 0.008000
v -0.064464 -0.008000 0.008000
v -0.004321 -0.073372 0.012776
v -0.064976 0.031963 0.011000
v -0.057141 -0.013542 0.001000
v 0.042322 0.045504 0.000000
v -0.000082 -0.072637 0.013649
v 0.073366 -0.004438 0.000000
v -0.003620 -0.072511 0.012124
v 0.050631 0.032489 0.011000
v 0.064976 -0.031963 0.017000
v 0.065943 -0.031331 0.017000
v 0.000003 -0.072636 0.003354
v -0.004438 -0.073365 0.012653
v -0.058042 -0.013884 0.001000
v -0.057968 -0.013855 0.001000
v -0.064864 -0.011035 0.008000
v -0.064464 -0.012000 0.008000
v 0.042772 0.044419 0.000000
v -0.057803 -0.014855 0.000000
v -0.042772 -0.048919 0.000000
v -0.053956 0.021277 0.017000
v 0.021867 0.070172 0.017000
v -0.003399 -0.073420 0.003470
v -0.001961 -0.072602 0.013244
v -0.002567 -0.072575 0.012945
v -0.003146 -0.072543 0.004422
v 0.005931 -0.057696 0.024000
v -0.067322 0.029496 0.011000
v -0.059000 -0.014000 0.001000
v -0.070172 -0.021866 0.000000
v -0.045504 -0.051015 0.000000
v 0.058706 -0.014829 0.000000
v 0.057500 -0.014330 0.000000
v -0.003601 -0.073412 0.003587
v 0.072783 -0.009240 0.000000
v 0.072296 -0.013249 0.000000
v -0.003637 -0.072510 0.004853
v -0.004856 -0.073339 0.012212
v 0.050566 0.048919 0.011000
v 0.043487 0.043487 0.000000
v -0.035046 0.046215 0.011000
v -0.031963 -0.064976 0.017000
v -0.009855 -0.057157 0.024000
v 0.029496 0.067322 0.017000
v 0.062742 -0.032489 0.011000
v -0.065000 -0.010000 0.008000
v 0.032625 0.049475 0.011000
v 0.001328 -0.072619 0.013452
v 0.057966 0.001980 0.024000
v 0.048919 -0.050566 0.000000
v 0.049851 -0.049851 0.000000
v 0.049475 -0.032625 0.017000
v 0.046669 0.042169 0.011000
v -0.043715 -0.038118 0.024000
v 0.002282 -0.073465 0.002870
v 0.032625 0.049475 0.017000
v 0.050631 -0.032489 0.011000
v -0.057858 0.045329 0.000000
v 0.062828 -0.007171 0.008000
v 0.063464 -0.008000 0.008000
v -0.055029 -0.010000 0.001000
v 0.067322 0.029496 0.017000
v 0.000082 -0.072636 0.003351
v 0.050631 -0.032489 0.017000
v -0.051972 0.051972 0.000000
v 0.044419 -0.042772 0.011000
v -0.063000 -0.006536 0.008000
v -0.067025 0.030165 0.011000
v -0.031963 0.064976 0.017000
v -0.004965 -0.072404 0.007170
v 0.003336 -0.073424 0.003408
v 0.002347 -0.073462 0.002903
v 0.046613 0.034514 0.011000
v 0.043715 0.038118 0.011000
v 0.070172 0.021866 0.017000
v 0.000621 -0.073497 0.014536
v -0.061000 -0.014000 0.008000
v -0.061000 -0.014000 0.001000
v 0.051015 -0.047834 0.000000
v 0.051169 -0.046669 0.000000
v 0.043487 -0.043487 0.011000
v 0.049475 -0.032625 0.011000
v -0.031331 0.065943 0.017000
v 0.017546 0.055282 0.024000
v -0.063324 -0.005573 0.000000
v -0.064316 -0.006257 0.000000
v -0.004736 -0.072425 0.010465
v -0.040927 0.060896 0.000000
v -0.045329 0.057858 0.000000
v 0.051015 -0.045504 0.000000
v -0.055282 -0.017546 0.017000
v -0.057157 -0.009855 0.017000
v 0.000003 -0.072636 0.013645
v -0.030493 0.066739 0.017000
v 0.004069 -0.073387 0.003956
v 0.003407 -0.073421 0.003461
v 0.003641 -0.072510 0.012141
v 0.072296 0.013249 0.017000
v 0.073366 0.004438 0.017000
v -0.032489 0.050631 0.011000
v -0.030165 -0.067025 0.000000
v -0.063812 -0.012814 0.001000
v -0.064292 -0.012272 0.001000
v -0.038160 0.062806 0.000000
v 0.050566 -0.048919 0.000000
v -0.057966 -0.001980 0.017000
v -0.000000 -0.072636 0.013645
v -0.047834 -0.042322 0.011000
v 0.001195 -0.073488 0.014422
v 0.062000 -0.006536 0.008000
v 0.004451 -0.072451 0.005929
v 0.050566 0.048919 0.000000
v -0.063652 -0.012994 0.001000
v -0.038024 0.062900 0.000000
v -0.057141 -0.006458 0.001000
v -0.048498 -0.031810 0.017000
v -0.052378 -0.024910 0.017000
v -0.002575 -0.110000 0.012960
v -0.065115 -0.007160 0.000000
v 0.004405 -0.072454 0.005833
v 0.051016 0.047834 0.000000
v -0.062991 -0.013451 0.001000
v -0.046669 -0.042169 0.011000
v -0.057009 -0.006549 0.001000
v 0.056464 -0.013535 0.000000
v -0.050631 0.032489 0.017000
v -0.064864 -0.008965 0.008000
v 0.060000 -0.006000 0.008000
v -0.043487 0.049851 0.011000
v -0.062196 -0.005145 0.000000
v 0.001776 -0.073478 0.014306
v 0.002346 -0.073462 0.014090
v 0.030165 -0.067025 0.000000
v 0.051169 0.046669 0.000000
v -0.050631 0.032489 0.011000
v -0.045504 -0.042322 0.011000
v -0.044419 -0.042772 0.011000
v 0.055670 -0.012500 0.000000
v -0.050566 0.044419 0.011000
v 0.043715 0.038118 0.024000
v 0.002232 -0.072592 0.013141
v 0.001969 -0.072601 0.013247
v -0.065675 -0.008227 0.000000
v 0.047834 0.042322 0.011000
v 0.004862 -0.073339 0.004796
v 0.070172 -0.021867 0.017000
v 0.004274 -0.072464 0.005643
v 0.049851 -0.043487 0.000000
v -0.056347 -0.007006 0.001000
v -0.056188 -0.007186 0.001000
v -0.059000 -0.014000 0.008000
v -0.070172 -0.021866 0.017000
v -0.061957 -0.013884 0.001000
v -0.062032 -0.013855 0.001000
v 0.055170 -0.011294 0.000000
v 0.055000 -0.010000 0.000000
v -0.056351 0.013732 0.017000
v -0.032489 0.050631 0.017000
v -0.005041 -0.072396 0.007493
v 0.070172 -0.021867 0.000000
v 0.049851 0.043487 0.000000
v 0.050566 0.044419 0.000000
v -0.043487 -0.043487 0.011000
v 0.055170 -0.008706 0.000000
v 0.001333 -0.110000 0.003525
v 0.072296 -0.013249 0.017000
v 0.003610 -0.073411 0.013406
v 0.031944 -0.066091 0.000000
v 0.038024 -0.062900 0.000000
v -0.005001 -0.072400 0.007273
v -0.067322 -0.029496 0.017000
v -0.031331 -0.065943 0.017000
v -0.001980 -0.057966 0.024000
v -0.048919 0.050566 0.000000
v 0.003402 -0.073420 0.013528
v 0.051016 0.045504 0.000000
v -0.004863 -0.072414 0.010196
v -0.055708 -0.007728 0.001000
v -0.055559 -0.008012 0.001000
v -0.064976 -0.031963 0.017000
v -0.065943 -0.031331 0.017000
v -0.005523 -0.073292 0.005859
v 0.004438 -0.073365 0.004347
v 0.073366 -0.004438 0.017000
v -0.047834 0.051016 0.000000
v 0.005039 -0.072397 0.007435
v 0.050566 -0.044419 0.000000
v -0.043487 -0.043487 0.000000
v -0.066739 -0.030493 0.017000
v 0.004323 -0.073372 0.004225
v 0.002600 -0.073454 0.013993
v -0.044419 -0.042772 0.000000
v -0.057696 0.005931 0.017000
v 0.057157 0.009855 0.017000
v 0.004438 0.073366 0.000000
v 0.049475 0.032625 0.011000
v -0.046669 0.051169 0.000000
v -0.030165 0.067025 0.000000
v 0.061035 -0.006136 0.008000
v -0.063890 -0.032356 0.017000
v 0.057966 0.001980 0.017000
v 0.002575 -0.110000 0.004040
v 0.003641 -0.110000 0.004858
v -0.062859 -0.013542 0.001000
v 0.001624 -0.072614 0.013387
v 0.042169 0.046669 0.011000
v 0.057696 -0.005931 0.024000
v 0.042322 0.045504 0.011000
v 0.042322 -0.047834 0.000000
v -0.042322 0.047834 0.000000
v 0.005933 -0.073260 0.010044
v 0.063864 -0.011035 0.001000
vn -0.0000 -0.0000 1.0000
vn -0.0000 -0.0000 -1.0000
vn -0.9983 -0.0583 -0.0000
vn -0.9729 -0.2313 -0.0000
vn -0.8930 -0.4500 -0.0000
vn -0.7649 -0.6442 -0.0000
vn -0.6284 -0.7778 0.0031
vn -0.6561 -0.7546 -0.0000
vn -1.0000 -0.0000 -0.0000
vn -0.7546 -0.6561 -0.0000
vn -0.7818 -0.6233 0.0154
vn -0.6442 -0.7649 -0.0000
vn -0.4500 -0.8930 -0.0000
vn -0.2313 -0.9729 -0.0000
vn -0.0583 -0.9983 -0.0000
vn -0.0000 -1.0000 -0.0000
vn -0.0583 0.9983 -0.0000
vn -0.2313 0.9729 -0.0000
vn -0.4500 0.8930 -0.0000
vn -0.6442 0.7648 -0.0000
vn -0.6442 0.7649 -0.0000
vn -0.7941 0.6078 0.0008
vn -0.7659 0.6430 -0.0000
vn -0.0000 1.0000 -0.0000
vn -0.6430 0.7659 -0.0000
vn -0.6072 0.7946 0.0017
vn -0.7649 0.6442 -0.0000
vn -0.7648 0.6442 -0.0000
vn -0.8930 0.4500 -0.0000
vn -0.9729 0.2313 -0.0000
vn -0.9983 0.0583 -0.0000
vn 0.9983 0.0583 -0.0000
vn 0.9729 0.2313 -0.0000
vn 0.8930 0.4500 -0.0000
vn 0.7649 0.6442 -0.0000
vn 0.6284 0.7778 0.0031
vn 0.6561 0.7546 -0.0000
vn 1.0000 -0.0000 -0.0000
vn 0.7546 0.6561 -0.0000
vn 0.7818 0.6233 0.0154
vn 0.6442 0.7649 -0.0000
vn 0.4500 0.8930 -0.0000
vn 0.2313 0.9729 -0.0000
vn 0.0583 0.9983 -0.0000
vn 0.6430 -0.7659 -0.0000
vn 0.6072 -0.7946 0.0017
vn 0.7649 -0.6442 -0.0000
vn 0.8930 -0.4500 -0.0000
vn 0.9729 -0.2313 -0.0000
vn 0.9983 -0.0583 -0.0000
vn 0.6612 0.7502 0.0059
vn 0.5438 0.8392 0.0068
vn 0.8411 0.5407 0.0104
vn 0.7524 0.6587 0.0038
vn 0.8362 0.5485 -0.0000
vn 0.9031 0.4295 -0.0000
vn 0.9531 0.3025 -0.0000
vn 0.9855 0.1699 -0.0000
vn 0.9994 0.0341 -0.0000
vn 0.9948 -0.1023 -0.0000
vn 0.9716 -0.2368 -0.0000
vn 0.9303 -0.3668 -0.0000
vn 0.8724 -0.4888 0.0014
vn 0.8731 -0.4876 -0.0000
vn 0.7776 -0.6287 -0.0000
vn 0.7659 -0.6430 -0.0000
vn 0.7941 -0.6078 0.0008
vn 0.4890 -0.8723 0.0015
vn 0.6047 -0.7965 0.0015
vn 0.4901 -0.8717 -0.0000
vn 0.3668 -0.9303 -0.0000
vn 0.2368 -0.9716 -0.0000
vn 0.1023 -0.9948 -0.0000
vn -0.0341 -0.9994 -0.0000
vn -0.1699 -0.9855 -0.0000
vn -0.3025 -0.9531 -0.0000
vn -0.4295 -0.9031 -0.0000
vn -0.5438 -0.8392 0.0068
vn -0.5317 -0.8469 -0.0000
vn -0.6612 -0.7502 0.0059
vn -0.8411 -0.5407 0.0104
vn -0.7524 -0.6587 0.0038
vn -0.8362 -0.5485 -0.0000
vn -0.9031 -0.4295 -0.0000
vn -0.9531 -0.3025 -0.0000
vn -0.9855 -0.1699 -0.0000
vn -0.9994 -0.0341 -0.0000
vn -0.9948 0.1023 -0.0000
vn -0.9716 0.2368 -0.0000
vn -0.9303 0.3668 -0.0000
vn -0.8724 0.4888 0.0014
vn -0.8731 0.4876 -0.0000
vn -0.7776 0.6287 -0.0000
vn -0.4890 0.8723 0.0015
vn -0.6047 0.7965 0.0015
vn 0.5317 0.8469 -0.0000
vn 0.4295 0.9031 -0.0000
vn 0.3025 0.9531 -0.0000
vn 0.1699 0.9855 -0.0000
vn 0.0341 0.9994 -0.0000
vn -0.1023 0.9948 -0.0000
vn -0.2368 0.9716 -0.0000
vn -0.3668 0.9303 -0.0000
vn -0.4901 0.8717 -0.0000
vn -0.6679 -0.7443 -0.0000
vn -0.7443 -0.6678 -0.0000
vn -0.7957 0.6057 0.0028
vn -0.7071 0.7071 -0.0000
vn -0.6287 0.7777 -0.0000
vn 0.6679 0.7443 -0.0000
vn 0.7443 0.6678 -0.0000
vn 0.7957 -0.6057 0.0028
vn 0.7071 -0.7071 -0.0000
vn 0.6287 -0.7777 -0.0000
vn 0.0583 -0.9983 -0.0000
vn 0.2313 -0.9729 -0.0000
vn 0.4500 -0.8930 -0.0000
vn 0.6442 -0.7648 -0.0000
vn 0.6442 -0.7649 -0.0000
vn 0.8660 -0.5000 -0.0000
vn 0.7072 -0.7071 -0.0000
vn 0.5000 -0.8660 -0.0000
vn 0.2588 -0.9659 -0.0000
vn -0.2588 -0.9659 -0.0000
vn -0.4999 -0.8661 -0.0000
vn -0.7071 -0.7071 -0.0000
vn -0.8660 -0.5000 -0.0000
vn -0.9659 -0.2588 -0.0000
vn -0.9659 0.2588 -0.0000
vn -0.8660 0.5000 -0.0000
vn -0.7071 0.7072 -0.0000
vn -0.4999 0.8661 -0.0000
vn -0.5000 0.8661 -0.0000
vn -0.2587 0.9660 -0.0000
vn 0.2587 0.9660 -0.0000
vn 0.5000 0.8660 -0.0000
vn 0.7071 0.7071 -0.0000
vn 0.8660 0.5000 -0.0000
vn 0.9659 0.2588 -0.0000
vn 0.9659 -0.2588 -0.0000
vn -0.0604 -0.9982 -0.0000
vn -0.2387 -0.9711 0.0006
vn -0.0649 -0.9979 -0.0006
vn -0.2585 -0.9660 -0.0018
vn -0.3539 -0.9353 0.0012
vn -0.4647 -0.8855 0.0016
vn -0.4997 -0.8662 -0.0028
vn -0.5684 -0.8228 0.0023
vn -0.6626 -0.7490 0.0024
vn -0.7070 -0.7072 -0.0035
vn -0.7483 -0.6633 0.0031
vn -0.8230 -0.5680 0.0031
vn -0.8660 -0.5000 -0.0041
vn -0.8855 -0.4646 0.0037
vn -0.9350 -0.3547 0.0035
vn -0.9659 -0.2590 -0.0044
vn -0.9709 -0.2394 0.0041
vn -0.9927 -0.1206 0.0037
vn -1.0000 -0.0000 -0.0045
vn -1.0000 -0.0000 0.0042
vn -0.9927 0.1207 0.0037
vn -0.9659 0.2590 -0.0044
vn -0.9709 0.2393 0.0041
vn -0.9350 0.3546 0.0035
vn -0.8660 0.5000 -0.0041
vn -0.8854 0.4649 0.0037
vn -0.8228 0.5683 0.0031
vn -0.7070 0.7072 -0.0035
vn -0.7486 0.6630 0.0031
vn -0.6629 0.7487 0.0025
vn -0.4997 0.8662 -0.0028
vn -0.5680 0.8230 0.0023
vn -0.4644 0.8856 0.0016
vn -0.2584 0.9660 -0.0018
vn -0.0603 0.9982 -0.0000
vn -0.0649 0.9979 -0.0013
vn -0.2401 0.9707 0.0006
vn -0.3557 0.9346 0.0013
vn 0.0604 0.9982 -0.0000
vn 0.2393 0.9709 0.0006
vn 0.0649 0.9979 -0.0006
vn 0.2584 0.9660 -0.0018
vn 0.3555 0.9347 0.0013
vn 0.4638 0.8859 0.0016
vn 0.4998 0.8662 -0.0028
vn 0.5675 0.8234 0.0023
vn 0.6632 0.7484 0.0025
vn 0.7070 0.7073 -0.0035
vn 0.7487 0.6629 0.0031
vn 0.8227 0.5684 0.0031
vn 0.8659 0.5001 -0.0041
vn 0.8853 0.4649 0.0037
vn 0.9350 0.3546 0.0035
vn 0.9659 0.2589 -0.0044
vn 0.9709 0.2393 0.0041
vn 0.9927 0.1207 0.0037
vn 1.0000 -0.0000 -0.0045
vn 1.0000 -0.0000 0.0042
vn 0.9927 -0.1206 0.0037
vn 0.9659 -0.2589 -0.0044
vn 0.9709 -0.2393 0.0041
vn 0.9350 -0.3547 0.0035
vn 0.8660 -0.5001 -0.0041
vn 0.8855 -0.4646 0.0037
vn 0.8229 -0.5682 0.0031
vn 0.7070 -0.7073 -0.0035
vn 0.7485 -0.6632 0.0031
vn 0.6630 -0.7486 0.0025
vn 0.4998 -0.8662 -0.0028
vn 0.5678 -0.8232 0.0023
vn 0.4641 -0.8858 0.0016
vn 0.2584 -0.9660 -0.0018
vn 0.0603 -0.9982 -0.0000
vn 0.0649 -0.9979 -0.0013
vn 0.2396 -0.9709 0.0006
vn 0.3553 -0.9347 0.0013
vn 0.0001 -1.0000 -0.0000
vn 0.9983 -0.0578 -0.0000
vn 0.9733 -0.2294 -0.0000
vn 0.8947 -0.4467 -0.0000
vn 0.7682 -0.6402 -0.0000
vn 0.6008 -0.7994 -0.0000
vn 0.4288 -0.9034 -0.0000
vn 0.4091 -0.9123 -0.0157
vn -0.4035 -0.9150 -0.0004
vn -0.4288 -0.9034 -0.0000
vn -0.6008 -0.7994 -0.0000
vn -0.7682 -0.6402 -0.0000
vn -0.8947 -0.4468 -0.0000
vn -0.8947 -0.4467 -0.0000
vn -0.9733 -0.2294 -0.0000
vn -0.9983 -0.0578 -0.0000
vn -0.0578 -0.9983 -0.0000
vn -0.2294 -0.9733 -0.0000
vn -0.4467 -0.8947 -0.0000
vn -0.4468 -0.8947 -0.0000
vn -0.6402 -0.7682 -0.0000
vn -0.7994 -0.6008 -0.0000
vn -0.9034 -0.4288 -0.0000
vn -0.9123 -0.4091 -0.0157
vn -0.9150 0.4035 -0.0004
vn -0.9034 0.4288 -0.0000
vn -0.7994 0.6008 -0.0000
vn -0.6402 0.7682 -0.0000
vn -0.4467 0.8947 -0.0000
vn -0.2294 0.9733 -0.0000
vn -0.0578 0.9983 -0.0000
vn 0.6559 -0.7547 -0.0134
vn 0.6534 -0.7560 -0.0380
vn 0.6427 -0.7551 -0.1291
vn 0.6504 -0.7556 -0.0781
vn 0.6321 -0.7522 -0.1860
vn 0.6432 -0.7530 -0.1388
vn 0.6306 -0.7510 -0.1956
vn 0.6149 -0.7505 -0.2422
vn 0.6092 -0.7516 -0.2530
vn 0.5914 -0.7491 -0.2986
vn 0.5883 -0.7480 -0.3073
vn 0.5861 -0.7511 -0.3040
vn 0.5661 -0.7491 -0.3440
vn 0.5570 -0.7490 -0.3588
vn 0.5378 -0.7436 -0.3973
vn 0.5295 -0.7450 -0.4058
vn 0.5040 -0.7426 -0.4410
vn 0.4914 -0.7444 -0.4521
vn 0.4641 -0.7407 -0.4858
vn 0.4447 -0.7412 -0.5029
vn 0.4639 -0.7430 -0.4824
vn 0.4352 -0.7410 -0.5114
vn 0.4637 -0.7431 -0.4826
vn 0.4437 -0.7432 -0.5007
vn 0.4253 -0.7398 -0.5213
vn 0.4082 -0.7413 -0.5328
vn 0.3787 -0.7356 -0.5616
vn 0.3664 -0.7373 -0.5676
vn 0.3346 -0.7352 -0.5895
vn 0.3200 -0.7337 -0.5994
vn 0.2783 -0.7314 -0.6226
vn 0.2838 -0.7342 -0.6168
vn 0.2728 -0.7360 -0.6196
vn 0.2395 -0.7338 -0.6357
vn 0.2227 -0.7312 -0.6448
vn 0.1799 -0.7293 -0.6601
vn 0.1444 -0.7289 -0.6692
vn 0.1242 -0.7292 -0.6730
vn 0.0925 -0.7252 -0.6823
vn 0.0791 -0.7280 -0.6810
vn 0.0400 -0.7275 -0.6850
vn 0.0178 -0.7293 -0.6840
vn -0.0155 -0.7241 -0.6896
vn -0.0071 -0.7244 -0.6893
vn 0.0158 -0.7243 -0.6893
vn -0.0155 -0.7240 -0.6896
vn -0.0052 -0.7262 -0.6875
vn -0.0696 -0.7269 -0.6833
vn -0.0827 -0.7296 -0.6789
vn -0.1248 -0.7286 -0.6734
vn -0.1337 -0.7290 -0.6714
vn -0.1315 -0.7308 -0.6698
vn -0.1709 -0.7305 -0.6611
vn -0.1856 -0.7320 -0.6555
vn -0.2244 -0.7292 -0.6464
vn -0.2322 -0.7312 -0.6414
vn -0.2709 -0.7329 -0.6241
vn -0.2833 -0.7326 -0.6189
vn -0.3254 -0.7341 -0.5960
vn -0.3181 -0.7353 -0.5984
vn -0.3252 -0.7374 -0.5921
vn -0.3625 -0.7368 -0.5707
vn -0.3738 -0.7387 -0.5610
vn -0.4531 -0.7399 -0.4972
vn -0.4592 -0.7415 -0.4892
vn -0.4926 -0.7416 -0.4554
vn -0.4992 -0.7417 -0.4480
vn -0.4933 -0.7416 -0.4546
vn -0.5150 -0.7428 -0.4279
vn -0.4938 -0.7416 -0.4540
vn -0.5138 -0.7441 -0.4270
vn -0.5272 -0.7467 -0.4056
vn -0.4978 -0.7444 -0.4451
vn -0.5606 -0.7463 -0.3588
vn -0.5347 -0.7445 -0.3999
vn -0.5650 -0.7454 -0.3537
vn -0.5883 -0.7489 -0.3049
vn -0.5900 -0.7500 -0.2990
vn -0.6115 -0.7508 -0.2497
vn -0.6133 -0.7506 -0.2458
vn -0.6114 -0.7508 -0.2497
vn -0.6132 -0.7506 -0.2461
vn -0.6115 -0.7519 -0.2463
vn -0.6114 -0.7509 -0.2497
vn -0.6113 -0.7521 -0.2463
vn -0.6281 -0.7530 -0.1962
vn -0.6305 -0.7535 -0.1863
vn -0.6455 -0.7514 -0.1371
vn -0.6454 -0.7524 -0.1314
vn -0.6509 -0.7538 -0.0898
vn -0.6506 -0.7545 -0.0863
vn -0.6559 -0.7547 0.0135
vn -0.6544 -0.7560 0.0168
vn -0.6424 -0.7551 0.1307
vn -0.6502 -0.7556 0.0787
vn -0.6318 -0.7521 0.1873
vn -0.6432 -0.7529 0.1394
vn -0.6306 -0.7510 0.1958
vn -0.6152 -0.7504 0.2418
vn -0.6091 -0.7515 0.2534
vn -0.5917 -0.7490 0.2982
vn -0.5885 -0.7478 0.3072
vn -0.5862 -0.7510 0.3039
vn -0.5667 -0.7492 0.3429
vn -0.5572 -0.7490 0.3584
vn -0.5387 -0.7436 0.3961
vn -0.5298 -0.7451 0.4051
vn -0.5050 -0.7426 0.4398
vn -0.4916 -0.7445 0.4517
vn -0.4650 -0.7408 0.4848
vn -0.4546 -0.7412 0.4939
vn -0.4648 -0.7432 0.4814
vn -0.4542 -0.7414 0.4939
vn -0.4649 -0.7432 0.4812
vn -0.4532 -0.7435 0.4918
vn -0.4263 -0.7399 0.5203
vn -0.4082 -0.7414 0.5326
vn -0.3795 -0.7356 0.5612
vn -0.3666 -0.7373 0.5675
vn -0.3353 -0.7352 0.5891
vn -0.3203 -0.7337 0.5993
vn -0.2787 -0.7315 0.6223
vn -0.2843 -0.7343 0.6164
vn -0.2732 -0.7362 0.6192
vn -0.2399 -0.7340 0.6353
vn -0.2230 -0.7313 0.6446
vn -0.1803 -0.7294 0.6599
vn -0.1448 -0.7289 0.6691
vn -0.1241 -0.7292 0.6730
vn -0.0927 -0.7251 0.6823
vn -0.0786 -0.7280 0.6811
vn -0.0401 -0.7275 0.6849
vn -0.0176 -0.7293 0.6839
vn 0.0155 -0.7240 0.6896
vn 0.0295 -0.7262 0.6869
vn 0.0694 -0.7268 0.6833
vn 0.0325 -0.7296 0.6831
vn 0.0832 -0.7296 0.6788
vn 0.1245 -0.7285 0.6736
vn 0.1339 -0.7288 0.6715
vn 0.1317 -0.7308 0.6697
vn 0.1701 -0.7305 0.6614
vn 0.1854 -0.7320 0.6556
vn 0.2236 -0.7292 0.6467
vn 0.2319 -0.7312 0.6415
vn 0.2700 -0.7328 0.6246
vn 0.2836 -0.7324 0.6190
vn 0.3251 -0.7339 0.5964
vn 0.3165 -0.7352 0.5994
vn 0.3247 -0.7375 0.5921
vn 0.3610 -0.7367 0.5718
vn 0.3735 -0.7388 0.5610
vn 0.4526 -0.7398 0.4978
vn 0.4599 -0.7413 0.4888
vn 0.4924 -0.7415 0.4558
vn 0.5005 -0.7413 0.4472
vn 0.4929 -0.7415 0.4552
vn 0.5030 -0.7421 0.4429
vn 0.4932 -0.7415 0.4549
vn 0.5003 -0.7438 0.4433
vn 0.5264 -0.7466 0.4068
vn 0.4973 -0.7444 0.4456
vn 0.5598 -0.7463 0.3601
vn 0.5343 -0.7445 0.4003
vn 0.5647 -0.7455 0.3541
vn 0.5879 -0.7489 0.3058
vn 0.5898 -0.7501 0.2993
vn 0.6112 -0.7509 0.2502
vn 0.6133 -0.7506 0.2459
vn 0.6113 -0.7522 0.2462
vn 0.6278 -0.7531 0.1965
vn 0.6304 -0.7536 0.1860
vn 0.6455 -0.7513 0.1372
vn 0.6454 -0.7525 0.1312
vn 0.6509 -0.7538 0.0899
vn 0.6506 -0.7546 0.0858
vn 0.6559 -0.7547 -0.0135
vn 0.6550 -0.7553 0.0212
vn 0.6544 -0.7561 -0.0000
vn 0.6545 -0.7560 -0.0000
vn -0.9983 0.0578 -0.0000
vn -0.9733 0.2294 -0.0000
vn -0.8947 0.4467 -0.0000
vn -0.7682 0.6402 -0.0000
vn -0.6008 0.7994 -0.0000
vn -0.4288 0.9034 -0.0000
vn -0.4091 0.9123 -0.0157
vn 0.4035 0.9150 -0.0004
vn 0.4288 0.9034 -0.0000
vn 0.6008 0.7994 -0.0000
vn 0.7682 0.6402 -0.0000
vn 0.8947 0.4468 -0.0000
vn 0.8947 0.4467 -0.0000
vn 0.9733 0.2294 -0.0000
vn 0.9983 0.0578 -0.0000
vn 0.0578 0.9983 -0.0000
vn 0.2294 0.9733 -0.0000
vn 0.4467 0.8947 -0.0000
vn 0.6402 0.7682 -0.0000
vn 0.7994 0.6008 -0.0000
vn 0.9034 0.4288 -0.0000
vn 0.9124 0.4091 -0.0157
vn 0.9150 -0.4035 -0.0004
vn 0.9034 -0.4288 -0.0000
vn 0.7994 -0.6008 -0.0000
vn 0.6402 -0.7682 -0.0000
vn 0.4467 -0.8947 -0.0000
vn 0.2294 -0.9733 -0.0000
vn 0.0578 -0.9983 -0.0000
vn 0.3535 -0.6124 -0.7071
vn 0.1830 -0.6830 -0.7071
vn -0.0000 -0.7071 -0.7071
vn -0.1830 -0.6830 -0.7071
vn -0.3534 -0.6124 -0.7071
vn -0.3535 -0.6124 -0.7071
vn -0.5000 -0.5000 -0.7071
vn -0.6124 -0.3535 -0.7071
vn -0.6830 -0.1830 -0.7071
vn -0.7071 -0.0000 -0.7071
vn -0.6830 0.1830 -0.7071
vn -0.6124 0.3536 -0.7071
vn -0.5000 0.5001 -0.7071
vn -0.5000 0.5000 -0.7071
vn -0.3535 0.6124 -0.7071
vn -0.1829 0.6831 -0.7071
vn -0.1830 0.6831 -0.7071
vn -0.0001 0.7071 -0.7071
vn -0.0000 0.7071 -0.7071
vn 0.1830 0.6831 -0.7071
vn 0.1830 0.6831 -0.7070
vn 0.3536 0.6124 -0.7070
vn 0.5000 0.5000 -0.7071
vn 0.6124 0.3536 -0.7071
vn 0.6829 0.1831 -0.7072
vn 0.6829 0.1830 -0.7072
vn 0.7070 -0.0000 -0.7072
vn 0.6829 -0.1830 -0.7072
vn 0.6123 -0.3535 -0.7071
vn 0.6123 -0.3536 -0.7071
vn 0.5000 -0.5000 -0.7071
vn -0.1692 0.6865 -0.7071
vn -0.0416 0.7065 -0.7065
vn -0.0439 0.7064 -0.7064
vn -0.1704 0.6863 -0.7071
vn -0.2524 0.6634 -0.7045
vn -0.3286 0.6261 -0.7071
vn -0.4031 0.5841 -0.7045
vn -0.4689 0.5293 -0.7071
vn -0.5312 0.4705 -0.7046
vn -0.5819 0.4017 -0.7071
vn -0.5818 0.4017 -0.7072
vn -0.6283 0.3299 -0.7046
vn -0.6611 0.2507 -0.7072
vn -0.6611 0.2506 -0.7072
vn -0.6890 0.1698 -0.7046
vn -0.7019 0.0852 -0.7072
vn -0.7019 0.0853 -0.7072
vn -0.7019 -0.0852 -0.7072
vn -0.7096 -0.0000 -0.7046
vn -0.6611 -0.2507 -0.7072
vn -0.6890 -0.1698 -0.7046
vn -0.6611 -0.2508 -0.7072
vn -0.5819 -0.4016 -0.7072
vn -0.6284 -0.3297 -0.7046
vn -0.5820 -0.4015 -0.7071
vn -0.4689 -0.5292 -0.7071
vn -0.5311 -0.4707 -0.7045
vn -0.4686 -0.5295 -0.7072
vn -0.3286 -0.6261 -0.7071
vn -0.4033 -0.5839 -0.7045
vn -0.3288 -0.6260 -0.7071
vn -0.1692 -0.6865 -0.7071
vn -0.0440 -0.7064 -0.7064
vn -0.0416 -0.7065 -0.7065
vn -0.1691 -0.6866 -0.7071
vn -0.2515 -0.6636 -0.7045
vn 0.1692 -0.6865 -0.7071
vn 0.0416 -0.7065 -0.7065
vn 0.0439 -0.7064 -0.7064
vn 0.1697 -0.6864 -0.7071
vn 0.2521 -0.6634 -0.7045
vn 0.3286 -0.6261 -0.7071
vn 0.3283 -0.6262 -0.7072
vn 0.4029 -0.5842 -0.7046
vn 0.4689 -0.5292 -0.7071
vn 0.5312 -0.4706 -0.7045
vn 0.5819 -0.4017 -0.7071
vn 0.5820 -0.4017 -0.7071
vn 0.6284 -0.3298 -0.7045
vn 0.6611 -0.2507 -0.7071
vn 0.6890 -0.1699 -0.7045
vn 0.7019 -0.0852 -0.7071
vn 0.7019 -0.0853 -0.7071
vn 0.7097 -0.0000 -0.7045
vn 0.7020 0.0852 -0.7071
vn 0.7019 0.0853 -0.7071
vn 0.6611 0.2507 -0.7071
vn 0.6890 0.1698 -0.7046
vn 0.6612 0.2507 -0.7071
vn 0.5819 0.4017 -0.7072
vn 0.6283 0.3299 -0.7046
vn 0.5818 0.4018 -0.7072
vn 0.4689 0.5293 -0.7071
vn 0.5313 0.4705 -0.7045
vn 0.4691 0.5291 -0.7071
vn 0.3286 0.6261 -0.7071
vn 0.4028 0.5843 -0.7045
vn 0.3281 0.6263 -0.7071
vn 0.1692 0.6865 -0.7071
vn 0.0439 0.7064 -0.7064
vn 0.0416 0.7065 -0.7065
vn 0.1701 0.6863 -0.7071
vn 0.2524 0.6633 -0.7045
vn -0.0000 -0.7071 -0.7072
vn -0.5001 0.8660 -0.0000
vn -0.8660 0.5001 -0.0000
vn -0.9660 0.2587 -0.0000
vn -0.9660 -0.2587 -0.0000
vn -0.8660 -0.5001 -0.0000
vn -0.7070 -0.7072 -0.0000
vn -0.5000 -0.8660 -0.0000
vn 0.8661 -0.4999 -0.0000
vn 0.9659 0.2589 -0.0000
vn 0.8661 0.4999 -0.0000
vn 0.7072 0.7070 -0.0000
vn 0.5001 0.8660 -0.0000
vn -0.2587 0.9659 -0.0000
vn -0.5000 0.8660 -0.0000
vn -0.7070 0.7072 -0.0000
vn -0.9659 -0.2587 -0.0000
vn -0.5001 -0.8660 -0.0000
vn -0.2587 -0.9660 -0.0000
vn 0.2587 -0.9660 -0.0000
vn 0.5001 -0.8660 -0.0000
vn 0.7072 -0.7070 -0.0000
vn 0.4999 0.8661 -0.0000
vn 0.2588 0.9659 -0.0000
vn -0.2588 0.9659 -0.0000
vn -0.8661 0.4999 -0.0000
vn -0.8661 -0.4999 -0.0000
vn -0.7072 -0.7070 -0.0000
vn 0.2587 -0.9659 -0.0000
vn 0.8660 -0.5001 -0.0000
vn 0.9660 -0.2587 -0.0000
vn 0.9660 0.2587 -0.0000
vn 0.8660 0.5001 -0.0000
vn 0.7070 0.7072 -0.0000
vn -0.7072 0.7070 -0.0000
vn 0.4999 -0.8661 -0.0000
vn 0.7070 -0.7072 -0.0000
vn 0.9659 0.2587 -0.0000
vn -0.2951 0.9555 -0.0000
vn 0.9555 0.2951 -0.0000
vn 0.2951 -0.9555 -0.0000
vn -0.9555 -0.2951 -0.0000
vn -0.1825 -0.9832 -0.0026
vn -0.1142 -0.9933 -0.0183
vn -0.1169 -0.9930 -0.0147
vn -0.1209 -0.9926 -0.0105
vn -0.1230 -0.9924 -0.0082
vn -0.1300 -0.9915 -0.0029
vn -0.1336 -0.9910 -0.0013
vn -0.1824 -0.9832 0.0025
vn -0.1247 -0.9922 0.0066
vn -0.1200 -0.9927 0.0111
vn -0.1181 -0.9929 0.0136
vn -0.1144 -0.9933 0.0178
vn -0.1116 -0.9935 0.0219
vn 0.0605 -0.9982 0.0002
vn 0.0711 -0.9974 -0.0146
vn 0.0575 -0.9983 -0.0000
vn 0.0511 -0.9987 -0.0006
vn 0.0467 -0.9989 -0.0020
vn 0.0405 -0.9992 -0.0039
vn 0.0342 -0.9994 -0.0087
vn 0.0205 -0.9995 -0.0224
vn 0.0164 -0.9995 -0.0270
vn 0.0029 -0.9988 -0.0479
vn -0.0728 -0.9973 -0.0121
vn -0.0032 -0.9988 -0.0483
vn -0.0071 -0.9991 -0.0424
vn -0.0205 -0.9996 -0.0215
vn -0.0249 -0.9995 -0.0172
vn -0.0330 -0.9994 -0.0091
vn -0.0379 -0.9993 -0.0061
vn -0.0436 -0.9990 -0.0026
vn -0.0500 -0.9987 -0.0011
vn -0.0617 -0.9981 -0.0000
vn -0.0646 -0.9979 0.0001
vn -0.0634 -0.9980 0.0001
vn -0.0728 -0.9973 -0.0122
vn -0.0966 -0.9952 -0.0140
vn -0.1195 -0.9928 -0.0064
vn -0.1059 -0.9941 -0.0241
vn -0.1109 -0.9936 -0.0228
vn 0.1110 -0.9936 0.0225
vn 0.1143 -0.9933 0.0182
vn 0.1820 -0.9833 0.0024
vn 0.1169 -0.9930 0.0147
vn 0.1337 -0.9910 0.0014
vn 0.1247 -0.9922 -0.0066
vn 0.1826 -0.9832 -0.0026
vn 0.1208 -0.9926 0.0105
vn 0.1231 -0.9924 0.0081
vn 0.1300 -0.9915 0.0029
vn 0.1201 -0.9927 -0.0111
vn 0.1180 -0.9929 -0.0136
vn 0.1144 -0.9933 -0.0178
vn 0.1116 -0.9935 -0.0218
vn 0.1071 -0.9940 -0.0227
vn 0.1202 -0.9927 -0.0068
vn 0.0984 -0.9951 -0.0133
vn 0.0606 -0.9982 0.0002
vn 0.0601 -0.9982 0.0002
vn -0.1084 -0.9938 0.0265
vn -0.1029 -0.9946 0.0137
vn -0.0711 -0.9974 0.0146
vn -0.0606 -0.9982 -0.0002
vn -0.0601 -0.9982 -0.0002
vn -0.0603 -0.9982 -0.0002
vn -0.0574 -0.9984 -0.0000
vn -0.0508 -0.9987 0.0007
vn -0.0463 -0.9989 0.0022
vn -0.0402 -0.9992 0.0041
vn -0.0340 -0.9994 0.0088
vn -0.0205 -0.9995 0.0224
vn -0.0163 -0.9995 0.0272
vn -0.0029 -0.9988 0.0480
vn 0.0728 -0.9973 0.0122
vn 0.0032 -0.9988 0.0484
vn 0.0072 -0.9991 0.0422
vn 0.0206 -0.9996 0.0214
vn 0.0250 -0.9995 0.0171
vn 0.0332 -0.9994 0.0090
vn 0.0382 -0.9993 0.0059
vn 0.0437 -0.9990 0.0025
vn 0.0501 -0.9987 0.0011
vn 0.0619 -0.9981 -0.0001
vn 0.0648 -0.9979 -0.0001
vn 0.0634 -0.9980 -0.0001
vn 0.0728 -0.9973 0.0121
vn 0.1009 -0.9948 0.0142
vn 0.1075 -0.9938 0.0283
vn -0.9053 -0.4247 -0.0127
vn -0.9548 -0.2972 -0.0006
vn -0.9119 -0.4104 -0.0000
vn -0.8558 -0.5172 -0.0000
vn -0.8558 -0.5173 -0.0000
vn -0.8230 -0.5680 -0.0000
vn -0.8230 -0.5681 -0.0000
vn -0.7872 -0.6167 -0.0000
vn -0.6167 -0.7872 -0.0000
vn -0.5681 -0.8230 -0.0000
vn -0.5173 -0.8558 -0.0000
vn -0.5174 -0.8558 -0.0000
vn -0.4648 -0.8854 -0.0000
vn -0.4355 -0.9002 -0.0000
vn -0.4115 -0.9114 -0.0018
vn -0.2965 -0.9550 -0.0011
vn 0.4247 -0.9053 -0.0127
vn 0.2972 -0.9548 -0.0006
vn 0.4104 -0.9119 -0.0000
vn 0.4647 -0.8855 -0.0000
vn 0.5173 -0.8558 -0.0000
vn 0.6167 -0.7872 -0.0000
vn 0.7872 -0.6167 -0.0000
vn 0.8230 -0.5681 -0.0000
vn 0.8558 -0.5173 -0.0000
vn 0.8229 -0.5682 -0.0000
vn 0.8557 -0.5174 -0.0000
vn 0.9114 -0.4115 -0.0018
vn 0.9550 -0.2965 -0.0011
vn 0.9002 -0.4355 -0.0000
vn 0.9053 0.4247 -0.0127
vn 0.9548 0.2972 -0.0006
vn 0.9119 0.4104 -0.0000
vn 0.8854 0.4648 -0.0000
vn 0.8558 0.5173 -0.0000
vn 0.7872 0.6167 -0.0000
vn 0.6167 0.7872 -0.0000
vn 0.5680 0.8231 -0.0000
vn 0.5173 0.8558 -0.0000
vn 0.5172 0.8558 -0.0000
vn 0.4115 0.9114 -0.0018
vn 0.2965 0.9550 -0.0011
vn 0.4355 0.9002 -0.0000
vn -0.4247 0.9053 -0.0127
vn -0.2972 0.9548 -0.0006
vn -0.4104 0.9119 -0.0000
vn -0.5174 0.8558 -0.0000
vn -0.5173 0.8558 -0.0000
vn -0.5682 0.8229 -0.0000
vn -0.5681 0.8230 -0.0000
vn -0.6167 0.7872 -0.0000
vn -0.7872 0.6167 -0.0000
vn -0.8230 0.5681 -0.0000
vn -0.8558 0.5173 -0.0000
vn -0.8558 0.5174 -0.0000
vn -0.8855 0.4647 -0.0000
vn -0.9002 0.4355 -0.0000
vn -0.9114 0.4115 -0.0018
vn -0.9550 0.2965 -0.0011
vn -0.2951 -0.9555 -0.0000
vn -0.9836 -0.1803 -0.0000
vn -0.9927 -0.1205 -0.0000
vn -0.9982 -0.0604 -0.0000
vn -0.9982 0.0604 -0.0000
vn -0.9836 0.1803 -0.0000
vn -0.9555 0.2951 -0.0000
vn -0.1803 0.9836 -0.0000
vn -0.0604 0.9982 -0.0000
vn 0.1803 0.9836 -0.0000
vn 0.2951 0.9555 -0.0000
vn 0.9836 0.1803 -0.0000
vn 0.9982 0.0604 -0.0000
vn 0.9982 -0.0604 -0.0000
vn 0.9927 -0.1205 -0.0000
vn 0.9836 -0.1803 -0.0000
vn 0.9555 -0.2951 -0.0000
vn -0.0001 -0.0001 -1.0000
vn -0.0000 -1.0000 0.0001
vn 0.0001 -1.0000 -0.0001
vn -0.0000 -1.0000 -0.0001
vn -0.0001 -1.0000 0.0001
vn 0.0002 -1.0000 -0.0002
vn -0.0002 -1.0000 0.0002
vn -0.4419 0.0004 0.8971
vn -0.4443 -0.0031 0.8959
vn -0.5001 0.0003 0.8660
vn -0.9946 -0.0000 0.1036
vn -1.0000 -0.0006 -0.0001
vn -0.9826 0.0001 0.1855
vn -0.9658 -0.0003 0.2591
vn -0.9632 0.0003 0.2687
vn -0.9378 -0.0006 0.3473
vn -0.8208 -0.0002 0.5712
vn -0.8662 -0.0004 0.4996
vn -0.7719 0.0002 0.6358
vn -0.7068 -0.0004 0.7074
vn -0.6999 0.0007 0.7142
vn -0.8669 -0.0000 0.4985
vn -0.9050 -0.0006 0.4253
vn -0.9048 -0.0014 0.4258
vn -0.5863 -0.0014 0.8101
vn -0.6540 -0.0003 0.7565
vn -0.7067 -0.0004 0.7075
vn -0.6991 0.0007 0.7150
vn -0.6846 0.0007 0.7290
vn -0.5168 -0.0040 0.8561
vn -0.1203 -0.0006 0.9927
vn -0.2040 -0.0002 0.9790
vn -0.2588 0.0002 0.9659
vn -0.2862 -0.0016 0.9582
vn -0.3652 -0.0015 0.9309
vn 0.2147 0.0006 0.9767
vn 0.1316 -0.0011 0.9913
vn 0.2585 -0.0004 0.9660
vn 0.0252 -0.0013 0.9997
vn -0.0000 0.0001 1.0000
vn 0.0222 -0.0030 0.9997
vn -0.0340 -0.0035 0.9994
vn 0.4528 -0.0002 0.8916
vn 0.3752 -0.0010 0.9270
vn 0.5002 -0.0005 0.8659
vn 0.2981 -0.0002 0.9545
vn 0.7724 -0.0000 0.6351
vn 0.7200 -0.0000 0.6940
vn 0.5959 -0.0015 0.8031
vn 0.7069 -0.0005 0.7073
vn 0.5261 -0.0012 0.8504
vn 0.5250 0.0007 0.8511
vn 0.8711 0.0003 0.4912
vn 0.8278 -0.0003 0.5610
vn 0.8660 -0.0008 0.5001
vn 0.7766 -0.0005 0.6300
vn 0.7070 -0.0004 0.7072
vn 0.7883 -0.0000 0.6153
vn 0.8005 -0.0000 0.5993
vn 0.9102 0.0003 0.4142
vn 0.9660 -0.0006 0.2586
vn 0.9412 0.0003 0.3379
vn 1.0000 -0.0006 0.0001
vn 0.9997 -0.0000 -0.0241
vn 0.9933 -0.0009 0.1157
vn 0.9846 -0.0018 0.1749
vn 0.9669 -0.0008 0.2553
vn 0.9411 0.0003 0.3382
vn 0.9377 -0.0006 -0.3474
vn 0.9632 0.0003 -0.2686
vn 0.9658 -0.0003 -0.2591
vn 0.9826 0.0001 -0.1855
vn 0.9946 -0.0000 -0.1037
vn 0.8209 -0.0002 -0.5710
vn 0.8663 -0.0004 -0.4996
vn 0.7719 0.0002 -0.6358
vn 0.7068 -0.0004 -0.7074
vn 0.8671 -0.0000 -0.4981
vn 0.9051 -0.0006 -0.4251
vn 0.9048 -0.0014 -0.4259
vn 0.5863 -0.0015 -0.8101
vn 0.6539 -0.0003 -0.7565
vn 0.7067 -0.0004 -0.7075
vn 0.7346 0.0007 -0.6785
vn 0.7528 0.0007 -0.6582
vn 0.7330 0.0007 -0.6802
vn 0.2588 0.0002 -0.9659
vn 0.2867 -0.0016 -0.9580
vn 0.5000 0.0003 -0.8660
vn 0.3657 -0.0015 -0.9307
vn 0.4423 0.0005 -0.8969
vn 0.4446 -0.0030 -0.8957
vn 0.5170 -0.0040 -0.8560
vn -0.0488 -0.0063 -0.9988
vn 0.0345 -0.0035 -0.9994
vn 0.1201 -0.0006 -0.9928
vn 0.2040 -0.0002 -0.9790
vn -0.0468 -0.0030 -0.9989
vn 0.0004 -0.0005 -1.0000
vn -0.1323 0.0004 -0.9912
vn -0.2589 -0.0010 -0.9659
vn -0.2147 0.0006 -0.9767
vn -0.4530 -0.0002 -0.8915
vn -0.3751 -0.0010 -0.9270
vn -0.5001 -0.0005 -0.8659
vn -0.2978 -0.0002 -0.9546
vn -0.7734 -0.0000 -0.6339
vn -0.7206 -0.0000 -0.6933
vn -0.5959 -0.0015 -0.8031
vn -0.7070 -0.0005 -0.7072
vn -0.5261 -0.0012 -0.8504
vn -0.5249 0.0007 -0.8512
vn -0.8710 0.0003 -0.4912
vn -0.8277 -0.0003 -0.5611
vn -0.8660 -0.0008 -0.5001
vn -0.7764 -0.0005 -0.6302
vn -0.7846 -0.0000 -0.6200
vn -0.7936 -0.0000 -0.6085
vn -0.9100 0.0003 -0.4146
vn -0.9660 -0.0006 -0.2587
vn -0.9411 0.0003 -0.3382
vn -0.9987 -0.0000 0.0519
vn -1.0000 -0.0006 -0.0002
vn -0.9996 -0.0000 -0.0278
vn -0.9933 -0.0009 -0.1157
vn -0.9845 -0.0018 -0.1754
vn -0.9669 -0.0008 -0.2553
vn -0.9413 0.0003 -0.3375
s 0
usemtl Rohr
f 1474//1 1461//1 1050//1
f 1050//1 28//1 29//1
f 29//1 1670//1 1050//1
f 1050//1 1670//1 1638//1
f 1050//1 1638//1 1344//1
f 1613//1 1744//1 1614//1
f 1614//1 1744//1 1408//1
f 1613//1 1653//1 1744//1
f 1744//1 1653//1 38//1
f 1744//1 38//1 39//1
f 40//1 1738//1 1744//1
f 1744//1 1738//1 1868//1
f 1744//1 1868//1 1722//1
f 1408//1 1744//1 1050//1
f 1050//1 1744//1 44//1
f 1050//1 44//1 1474//1
f 1461//1 45//1 1050//1
f 1050//1 45//1 46//1
f 1050//1 46//1 47//1
f 39//1 1592//1 1744//1
f 1744//1 1592//1 49//1
f 1744//1 49//1 40//1
f 1344//1 1345//1 1050//1
f 1050//1 1345//1 1386//1
f 1050//1 1386//1 1400//1
f 1400//1 1415//1 1050//1
f 1050//1 1415//1 54//1
f 1050//1 54//1 1466//1
f 1466//1 1467//1 1050//1
f 1050//1 1467//1 1118//1
f 1050//1 1118//1 1051//1
f 1253//1 1248//1 1071//1
f 1071//1 1248//1 1134//1
f 1071//1 1134//1 1135//1
f 1722//1 1072//1 1744//1
f 1744//1 1072//1 1071//1
f 1744//1 1071//1 1902//1
f 1902//1 1071//1 1105//1
f 47//1 67//1 1050//1
f 1050//1 67//1 1110//1
f 1050//1 1110//1 28//1
f 1135//1 1156//1 1071//1
f 1071//1 1156//1 1106//1
f 1071//1 1106//1 1105//1
f 1200//2 72//2 1186//2
f 1234//2 1380//2 1343//2
f 1186//2 1321//2 1218//2
f 72//2 79//2 1186//2
f 1186//2 79//2 1364//2
f 1186//2 1364//2 1567//2
f 1364//2 1754//2 1755//2
f 1218//2 84//2 1186//2
f 1186//2 84//2 85//2
f 1186//2 85//2 1200//2
f 1364//2 1823//2 1754//2
f 1754//2 1823//2 87//2
f 1754//2 87//2 88//2
f 1755//2 1663//2 1364//2
f 1364//2 1663//2 1646//2
f 1364//2 1646//2 91//2
f 1321//2 1186//2 1343//2
f 1343//2 1186//2 1187//2
f 1343//2 1187//2 1234//2
f 91//2 93//2 1364//2
f 1364//2 93//2 94//2
f 1364//2 94//2 1567//2
f 95//2 1535//2 1536//2
f 98//2 99//2 100//2
f 98//2 100//2 101//2
f 102//2 103//2 104//2
f 95//2 105//2 1535//2
f 1535//2 105//2 106//2
f 1535//2 106//2 100//2
f 100//2 106//2 107//2
f 100//2 107//2 101//2
f 102//2 108//2 103//2
f 103//2 108//2 109//2
f 103//2 109//2 110//2
f 99//2 111//2 100//2
f 100//2 111//2 102//2
f 100//2 102//2 1622//2
f 1622//2 102//2 104//2
f 1246//2 1225//2 1226//2
f 1246//2 1247//2 1225//2
f 1225//2 1247//2 1478//2
f 1225//2 1478//2 118//2
f 1536//2 1342//2 95//2
f 95//2 1342//2 1246//2
f 95//2 1246//2 120//2
f 120//2 1246//2 1226//2
s 1
f 1068//3 1040//3 1041//4
f 1068//3 1041//4 973//4
f 973//4 1041//4 1003//5
f 973//4 1003//5 974//5
f 974//5 1003//5 1004//6
f 974//5 1004//6 1112//6
f 1112//6 1004//6 1038//7
f 1112//6 1038//7 1018//8
s 0
f 1040//9 1068//9 1144//9
f 1144//9 1068//9 132//9
s 1
f 133//10 1296//11 1297//12
f 133//10 1297//12 1275//12
f 1275//12 1297//12 1331//13
f 1275//12 1331//13 1310//13
f 1310//13 1331//13 1332//14
f 1310//13 1332//14 1311//14
f 1311//14 1332//14 1419//15
f 1311//14 1419//15 142//15
s 0
f 142//16 1419//16 1435//16
f 1435//16 1419//16 144//16
s 1
f 236//17 237//17 1098//18
f 236//17 1098//18 1214//18
f 1214//18 1098//18 1099//19
f 1214//18 1099//19 1215//19
f 1215//19 1099//19 1014//20
f 1215//19 1014//20 1126//21
f 1126//21 1014//20 1015//22
f 1126//21 1015//22 1127//23
s 0
f 237//24 236//24 246//24
f 246//24 236//24 247//24
s 1
f 1120//25 1103//26 250//27
f 1120//25 250//27 1121//28
f 1121//28 250//27 252//29
f 1121//28 252//29 1174//29
f 1174//29 252//29 1151//30
f 1174//29 1151//30 1175//30
f 1175//30 1151//30 1853//31
f 1175//30 1853//31 257//31
s 0
f 257//9 1853//9 258//9
f 258//9 1853//9 259//9
s 1
f 260//32 1373//32 262//33
f 260//32 262//33 263//33
f 263//33 262//33 1395//34
f 263//33 1395//34 1449//34
f 1449//34 1395//34 1396//35
f 1449//34 1396//35 1450//35
f 1450//35 1396//35 1434//36
f 1450//35 1434//36 1545//37
s 0
f 1373//38 260//38 270//38
f 270//38 260//38 1180//38
s 1
f 1768//39 1566//40 1563//41
f 1768//39 1563//41 1693//41
f 1693//41 1563//41 1564//42
f 1693//41 1564//42 1694//42
f 1694//42 1564//42 1598//43
f 1694//42 1598//43 279//43
f 279//43 1598//43 1680//44
f 279//43 1680//44 281//44
s 0
f 281//24 1680//24 282//24
f 282//24 1680//24 283//24
f 284//38 1389//38 1484//38
f 1484//38 1389//38 1390//38
s 1
f 1228//45 1523//46 1327//47
f 1228//45 1327//47 1418//47
f 1418//47 1327//47 1328//48
f 1418//47 1328//48 1232//48
f 1232//48 1328//48 1367//49
f 1232//48 1367//49 1233//49
f 1233//49 1367//49 1389//50
f 1233//49 1389//50 284//50
f 1545//37 1434//36 1624//51
f 1624//51 1434//36 1109//52
f 1145//53 1566//40 1835//54
f 1835//54 1462//55 1145//53
f 1145//53 1462//55 26//56
f 1145//53 26//56 1075//56
f 1075//56 26//56 25//57
f 1075//56 25//57 1076//57
f 1076//57 25//57 1475//58
f 1076//57 1475//58 299//58
f 299//58 1475//58 34//59
f 299//58 34//59 300//59
f 300//59 34//59 65//60
f 300//59 65//60 984//60
f 984//60 65//60 66//61
f 984//60 66//61 985//61
f 985//61 66//61 70//62
f 985//61 70//62 1094//62
f 1094//62 70//62 69//63
f 1094//62 69//63 1257//64
f 305//65 1256//66 1258//67
f 1052//68 1523//46 60//69
f 60//69 59//70 1052//68
f 1052//68 59//70 61//71
f 1052//68 61//71 1053//71
f 1053//71 61//71 64//72
f 1053//71 64//72 1468//72
f 1468//72 64//72 43//73
f 1468//72 43//73 1430//73
f 1430//73 43//73 42//74
f 1430//73 42//74 1431//74
f 1431//74 42//74 41//75
f 1431//74 41//75 313//75
f 313//75 41//75 1608//76
f 313//75 1608//76 314//76
f 314//76 1608//76 1609//77
f 314//76 1609//77 315//77
f 315//77 1609//77 48//78
f 315//77 48//78 316//79
f 316//79 48//78 1038//7
f 1038//7 48//78 1591//80
f 1038//7 1591//80 1018//8
f 317//81 1296//11 1749//82
f 1749//82 37//83 317//81
f 317//81 37//83 33//84
f 317//81 33//84 318//84
f 318//84 33//84 35//85
f 318//84 35//85 319//85
f 319//85 35//85 36//86
f 319//85 36//86 1787//86
f 1787//86 36//86 27//87
f 1787//86 27//87 1801//87
f 1801//87 27//87 58//88
f 1801//87 58//88 1888//88
f 1888//88 58//88 57//89
f 1888//88 57//89 1852//89
f 1852//89 57//89 56//90
f 1852//89 56//90 324//90
f 324//90 56//90 55//91
f 324//90 55//91 325//92
f 1312//93 1127//23 1015//22
f 327//94 1103//26 52//95
f 1434//36 1595//96 1109//52
f 1109//52 1595//96 1634//97
f 1109//52 1634//97 68//97
f 68//97 1634//97 330//98
f 68//97 330//98 1779//98
f 1779//98 330//98 331//99
f 1779//98 331//99 1669//99
f 1669//99 331//99 1519//100
f 1669//99 1519//100 30//100
f 30//100 1519//100 333//101
f 30//100 333//101 31//101
f 31//101 333//101 334//102
f 31//101 334//102 32//102
f 32//102 334//102 335//103
f 32//102 335//103 50//103
f 50//103 335//103 327//94
f 50//103 327//94 51//104
f 51//104 327//94 52//95
f 1018//8 1591//80 1019//105
f 1019//105 1591//80 1749//82
f 1019//105 1749//82 1177//106
f 1177//106 1749//82 1296//11
f 1177//106 1296//11 133//10
f 325//92 55//91 1015//22
f 1015//22 55//91 1494//107
f 1015//22 1494//107 1312//93
f 1312//93 1494//107 53//108
f 1312//93 53//108 1313//108
f 1313//108 53//108 52//95
f 1313//108 52//95 1736//109
f 1736//109 52//95 1103//26
f 1736//109 1103//26 1120//25
f 1545//37 1624//51 340//110
f 340//110 1624//51 1835//54
f 340//110 1835//54 341//111
f 341//111 1835//54 1566//40
f 341//111 1566//40 1768//39
f 1257//64 69//63 1258//67
f 1258//67 69//63 63//112
f 1258//67 63//112 305//65
f 305//65 63//112 62//113
f 305//65 62//113 342//113
f 342//113 62//113 60//69
f 342//113 60//69 1229//114
f 1229//114 60//69 1523//46
f 1229//114 1523//46 1228//45
f 344//115 345//115 346//116
f 344//115 346//116 347//116
f 347//116 346//116 1322//117
f 347//116 1322//117 1308//117
f 1308//117 1322//117 1323//118
f 1308//117 1323//118 1309//119
f 1309//119 1323//118 1258//67
f 1309//119 1258//67 1256//66
s 0
f 345//16 344//16 352//16
f 352//16 344//16 1740//16
s 1
f 71//120 1481//121 1201//121
f 1201//121 1481//121 1427//122
f 1201//121 1427//122 1363//122
f 1363//122 1427//122 1132//123
f 1363//122 1132//123 80//123
f 80//123 1132//123 1133//16
f 80//123 1133//16 86//16
f 86//16 1133//16 1161//124
f 86//16 1161//124 1894//124
f 1894//124 1161//124 1208//125
f 1894//124 1208//125 1805//125
f 1805//125 1208//125 1044//126
f 1805//125 1044//126 82//126
f 82//126 1044//126 1045//127
f 82//126 1045//127 83//127
f 83//127 1045//127 1005//128
f 83//127 1005//128 89//128
f 89//128 1005//128 1006//9
f 89//128 1006//9 90//9
f 90//9 1006//9 364//129
f 90//9 364//129 1647//129
f 1647//129 364//129 981//130
f 1647//129 981//130 1586//130
f 1586//130 981//130 982//131
f 1586//130 982//131 1587//131
f 1587//131 982//131 1024//132
f 1587//131 1024//132 81//133
f 81//133 1024//132 1025//134
f 81//133 1025//134 73//134
f 73//134 1025//134 1227//24
f 73//134 1227//24 92//24
f 92//24 1227//24 1183//135
f 92//24 1183//135 74//135
f 74//135 1183//135 1116//136
f 74//135 1116//136 75//136
f 75//136 1116//136 1117//137
f 75//136 1117//137 76//137
f 76//137 1117//137 1446//138
f 76//137 1446//138 77//138
f 77//138 1446//138 1465//139
f 77//138 1465//139 78//139
f 78//139 1465//139 1493//38
f 78//139 1493//38 1219//38
f 1219//38 1493//38 1384//140
f 1219//38 1384//140 1558//140
f 1558//140 1384//140 1385//120
f 1558//140 1385//120 71//120
f 71//120 1385//120 1481//121
f 1347//141 1294//142 96//143
f 96//143 1294//142 97//144
f 1294//142 1295//145 97//144
f 97//144 1295//145 1810//146
f 97//144 1810//146 119//147
f 1810//146 1819//148 119//147
f 119//147 1819//148 1844//149
f 119//147 1844//149 113//150
f 1844//149 1845//151 113//150
f 113//150 1845//151 1873//152
f 113//150 1873//152 116//153
f 1873//152 1874//154 116//153
f 116//153 1874//154 387//155
f 116//153 387//155 117//156
f 387//155 388//157 117//156
f 117//156 388//157 389//158
f 117//156 389//158 1393//159
f 389//158 390//160 1393//159
f 1393//159 390//160 391//161
f 1393//159 391//161 114//162
f 391//161 392//163 114//162
f 114//162 392//163 1571//164
f 114//162 1571//164 115//165
f 1571//164 394//166 115//165
f 115//165 394//166 1533//167
f 115//165 1533//167 1261//168
f 1533//167 1513//169 1261//168
f 1261//168 1513//169 1514//170
f 1261//168 1514//170 1260//171
f 1514//170 1643//172 1260//171
f 1260//171 1643//172 1699//173
f 1260//171 1699//173 1480//174
f 400//175 1846//176 1709//177
f 1709//177 1846//176 1480//174
f 1709//177 1480//174 1710//178
f 1710//178 1480//174 1699//173
s 0
f 1772//24 1846//24 1773//24
f 1773//24 1846//24 400//24
s 1
f 1773//179 404//180 1772//181
f 1772//181 404//180 1679//182
f 404//180 405//183 1679//182
f 1679//182 405//183 1899//184
f 1679//182 1899//184 1509//185
f 1899//184 407//186 1509//185
f 1509//185 407//186 408//187
f 1509//185 408//187 1510//188
f 408//187 1797//189 1510//188
f 1510//188 1797//189 1798//190
f 1510//188 1798//190 1712//191
f 1798//190 1259//192 1712//191
f 1712//191 1259//192 1237//193
f 1712//191 1237//193 1711//194
f 1237//193 1238//195 1711//194
f 1711//194 1238//195 1374//196
f 1711//194 1374//196 1741//197
f 1374//196 1423//198 1741//197
f 1741//197 1423//198 1453//199
f 1741//197 1453//199 1822//200
f 1453//199 1454//201 1822//200
f 1822//200 1454//201 1487//202
f 1822//200 1487//202 1696//203
f 1487//202 1030//204 1696//203
f 1696//203 1030//204 1031//205
f 1696//203 1031//205 1695//206
f 1031//205 993//207 1695//206
f 1695//206 993//207 994//208
f 1695//206 994//208 1762//209
f 994//208 1280//210 1762//209
f 1762//209 1280//210 1090//211
f 1762//209 1090//211 112//212
f 1083//213 1557//214 1012//215
f 1012//215 1557//214 112//212
f 1012//215 112//212 1013//216
f 1013//216 112//212 1090//211
s 0
f 96//217 1557//217 1347//217
f 1347//217 1557//217 1083//217
s 1
f 1484//218 1390//218 1433//219
f 1484//218 1433//219 1057//219
f 1057//219 1433//219 1081//220
f 1057//219 1081//220 431//220
f 431//220 1081//220 1082//221
f 431//220 1082//221 433//221
f 433//221 1082//221 1100//222
f 433//221 1100//222 1153//222
f 1153//222 1100//222 1168//223
f 1153//222 1168//223 437//224
s 0
f 294//1 292//1 308//1
f 308//1 292//1 290//1
f 308//1 290//1 289//1
f 438//1 1298//1 1184//1
f 129//1 127//1 1211//1
f 1211//1 127//1 125//1
f 1211//1 125//1 1185//1
f 1185//1 125//1 123//1
f 1185//1 123//1 1184//1
f 1184//1 123//1 122//1
f 1184//1 1298//1 1404//1
f 1404//1 1298//1 440//1
f 1404//1 440//1 312//1
f 312//1 440//1 441//1
f 312//1 441//1 311//1
f 311//1 441//1 1335//1
f 311//1 1335//1 310//1
f 436//1 309//1 443//1
f 443//1 309//1 310//1
f 443//1 310//1 444//1
f 444//1 310//1 1335//1
f 436//1 434//1 309//1
f 309//1 434//1 432//1
f 309//1 432//1 430//1
f 122//1 131//1 1184//1
f 1184//1 131//1 1684//1
f 1184//1 1684//1 1737//1
f 430//1 428//1 309//1
f 309//1 428//1 287//1
f 309//1 287//1 308//1
f 308//1 287//1 285//1
f 308//1 285//1 294//1
f 1737//1 1867//1 1184//1
f 1184//1 1867//1 1074//1
f 1184//1 1074//1 438//1
s 1
f 1188//225 1073//226 448//227
f 1188//225 448//227 450//227
f 450//227 448//227 447//228
f 450//227 447//228 451//228
f 451//228 447//228 446//229
f 451//228 446//229 452//230
f 452//230 446//229 445//231
f 452//230 445//231 453//231
f 453//231 445//231 1144//232
f 453//231 1144//232 132//232
s 0
f 1254//1 1154//1 455//1
f 456//1 457//1 1507//1
f 1507//1 457//1 1627//1
f 1507//1 1627//1 1508//1
f 456//1 1444//1 457//1
f 457//1 1444//1 1445//1
f 457//1 1445//1 1577//1
f 1577//1 1445//1 1654//1
f 1628//1 1596//1 1597//1
f 466//1 467//1 337//1
f 337//1 467//1 468//1
f 337//1 468//1 336//1
f 1189//1 449//1 1632//1
f 1189//1 1632//1 1628//1
f 1628//1 1632//1 1633//1
f 1628//1 1633//1 1596//1
f 1597//1 1254//1 1628//1
f 1628//1 1254//1 455//1
f 1628//1 455//1 1627//1
f 1627//1 455//1 470//1
f 1627//1 470//1 1508//1
f 466//1 337//1 1818//1
f 1818//1 337//1 1176//1
f 1818//1 1176//1 1803//1
f 1803//1 1176//1 136//1
f 1803//1 136//1 138//1
f 1654//1 1655//1 1577//1
f 1577//1 1655//1 1223//1
f 1577//1 1223//1 1368//1
f 1368//1 1223//1 1224//1
f 138//1 140//1 1803//1
f 1803//1 140//1 1348//1
f 1803//1 1348//1 477//1
f 468//1 478//1 336//1
f 336//1 478//1 479//1
f 336//1 479//1 130//1
f 130//1 479//1 480//1
f 130//1 480//1 128//1
f 128//1 480//1 481//1
f 128//1 481//1 126//1
f 1154//1 1254//1 1155//1
f 1155//1 1254//1 121//1
f 1155//1 121//1 481//1
f 481//1 121//1 124//1
f 481//1 124//1 126//1
f 477//1 1348//1 483//1
f 483//1 1348//1 143//1
f 483//1 143//1 1224//1
f 1224//1 143//1 1368//1
f 1368//1 143//1 979//1
f 1368//1 979//1 980//1
f 486//1 1293//1 488//1
f 488//1 1293//1 1368//1
f 488//1 1368//1 489//1
f 489//1 1368//1 980//1
s 1
f 1435//233 144//233 1895//234
f 1435//233 1895//234 484//234
f 484//234 1895//234 1875//235
f 484//234 1875//235 485//236
f 485//236 1875//235 1876//237
f 485//236 1876//237 1070//237
f 1070//237 1876//237 1884//238
f 1070//237 1884//238 1069//238
f 1069//238 1884//238 1866//239
f 1069//238 1866//239 1266//240
s 0
f 1391//1 244//1 242//1
f 1811//1 1812//1 139//1
f 139//1 137//1 1811//1
f 1811//1 137//1 135//1
f 1811//1 135//1 134//1
f 242//1 240//1 1391//1
f 1391//1 240//1 238//1
f 1391//1 238//1 1716//1
f 1716//1 238//1 1821//1
f 1786//1 495//1 494//1
f 495//1 1786//1 1249//1
f 1249//1 1786//1 320//1
f 1249//1 320//1 1250//1
f 1250//1 320//1 321//1
f 1250//1 321//1 1267//1
f 1267//1 321//1 322//1
f 1267//1 322//1 1306//1
f 1306//1 322//1 323//1
f 1306//1 323//1 1307//1
f 1307//1 323//1 1716//1
f 1307//1 1716//1 1326//1
f 494//1 493//1 1786//1
f 1786//1 493//1 492//1
f 1786//1 492//1 491//1
f 491//1 490//1 1786//1
f 1786//1 490//1 1420//1
f 1786//1 1420//1 1812//1
f 1812//1 1420//1 141//1
f 1812//1 141//1 139//1
f 1821//1 1402//1 1716//1
f 1716//1 1402//1 502//1
f 1716//1 502//1 503//1
f 503//1 1398//1 1716//1
f 1716//1 1398//1 505//1
f 1716//1 505//1 1326//1
s 1
f 1723//241 501//242 1399//243
f 1723//241 1399//243 1674//243
f 1674//243 1399//243 504//244
f 1674//243 504//244 1675//244
f 1675//244 504//244 1511//245
f 1675//244 1511//245 1698//245
f 1698//245 1511//245 1403//246
f 1698//245 1403//246 1554//246
f 1554//246 1403//246 246//247
f 1554//246 246//247 247//247
f 511//248 230//249 1605//250
f 1605//250 230//249 1692//251
f 1605//250 1692//251 513//252
f 1692//251 1672//253 513//252
f 513//252 1672//253 1673//254
f 513//252 1673//254 514//255
f 514//255 1673//254 1872//256
f 514//255 1872//256 1585//257
f 1872//256 156//258 1585//257
f 1585//257 156//258 155//259
f 1585//257 155//259 1625//260
f 1625//260 155//259 1640//261
f 1625//260 1640//261 1626//262
f 1626//262 1640//261 1617//263
f 1626//262 1617//263 1733//264
f 1733//264 1617//263 1601//265
f 1733//264 1601//265 1708//266
f 1708//266 1601//265 1602//267
f 1708//266 1602//267 1697//268
s 0
f 1697//269 1602//269 1703//269
s 1
f 1697//270 1703//271 521//272
f 521//272 1703//271 1658//273
f 521//272 1658//273 1410//274
f 1410//274 1658//273 1657//275
f 1410//274 1657//275 523//276
f 1657//275 1687//277 523//276
f 523//276 1687//277 1720//278
f 523//276 1720//278 524//279
f 524//279 1720//278 1719//280
f 524//279 1719//280 525//281
f 1719//280 1388//282 525//281
f 525//281 1388//282 1387//283
f 525//281 1387//283 1341//284
f 1341//284 1387//283 1495//285
f 1341//284 1495//285 1301//286
f 1301//286 1495//285 1539//287
f 1301//286 1539//287 528//288
f 528//288 1539//287 169//289
f 528//288 169//289 1284//290
f 169//289 168//291 1284//290
s 0
f 1284//292 168//292 1788//292
s 1
f 1284//293 1788//294 1771//295
f 1771//295 1788//294 1352//296
f 1771//295 1352//296 1804//297
f 1352//296 1351//298 1804//297
f 1804//297 1351//298 1743//299
f 1804//297 1743//299 1826//300
f 1826//300 1743//299 1900//301
f 1826//300 1900//301 1827//302
f 1827//302 1900//301 1837//303
f 1827//302 1837//303 1886//304
f 1837//303 1836//305 1886//304
f 1886//304 1836//305 1271//306
f 1886//304 1271//306 1870//307
f 1870//307 1271//306 1162//308
f 1870//307 1162//308 1862//309
f 1862//309 1162//308 1139//310
f 1862//309 1139//310 1079//311
f 1079//311 1139//310 1138//312
s 0
f 1079//313 1138//313 1080//313
f 1080//314 1138//314 1792//314
s 1
f 1080//315 1792//316 1147//317
f 1147//317 1792//316 1008//318
f 1147//317 1008//318 540//319
f 540//319 1008//318 1007//320
f 540//319 1007//320 991//321
f 1007//320 1047//322 991//321
f 991//321 1047//322 1046//323
f 991//321 1046//323 992//324
f 992//324 1046//323 1464//325
f 992//324 1464//325 1056//326
f 1464//325 1062//327 1056//326
s 0
f 1056//328 1062//329 1063//330
s 1
f 1056//331 1063//332 544//333
f 544//333 1063//332 1230//334
f 544//333 1230//334 545//335
f 545//335 1230//334 1027//336
f 545//335 1027//336 963//337
f 963//337 1027//336 1026//338
f 963//337 1026//338 964//339
f 964//339 1026//338 1091//340
f 964//339 1091//340 548//341
f 548//341 1091//340 1290//342
f 548//341 1290//342 1011//343
f 1290//342 1881//344 1011//343
f 1011//343 1881//344 1119//345
f 1011//343 1119//345 550//346
f 550//346 1119//345 965//347
f 550//346 965//347 1077//348
f 965//347 966//349 1077//348
f 1077//348 966//349 197//350
f 1077//348 197//350 1078//351
f 1078//351 197//350 196//352
f 1078//351 196//352 1097//353
f 1097//353 196//352 194//354
f 1097//353 194//354 1840//355
f 1840//355 194//354 1136//356
f 1840//355 1136//356 1878//357
f 1878//357 1136//356 1137//358
f 1878//357 1137//358 1885//359
s 0
f 1885//360 1137//360 1392//360
s 1
f 1885//361 1392//362 1790//363
f 1790//363 1392//362 1358//364
f 1790//363 1358//364 1791//365
f 1791//365 1358//364 1357//366
f 1791//365 1357//366 1766//367
f 1357//366 1401//368 1766//367
f 1766//367 1401//368 1452//369
f 1766//367 1452//369 1767//370
f 1767//370 1452//369 1451//371
f 1767//370 1451//371 1750//372
f 1451//371 1473//373 1750//372
f 1750//372 1473//373 1319//374
f 1750//372 1319//374 1314//375
f 1314//375 1319//374 1320//376
f 1314//375 1320//376 1315//377
f 1315//377 1320//376 1642//378
f 1315//377 1642//378 1333//379
f 1333//379 1642//378 1758//380
f 1333//379 1758//380 1355//381
f 1355//381 1758//380 1707//382
f 1355//381 1707//382 1436//383
f 1707//382 1603//384 1436//383
f 1436//383 1603//384 1581//385
f 1436//383 1581//385 1406//386
f 1581//385 1582//387 1406//386
f 1406//386 1582//387 218//388
f 1406//386 218//388 1407//389
f 1407//389 218//388 217//390
f 1407//389 217//390 569//391
f 569//391 217//390 216//392
f 569//391 216//392 570//393
f 216//392 1620//394 570//393
f 570//393 1620//394 223//395
f 570//393 223//395 571//396
f 571//396 223//395 222//397
f 571//396 222//397 572//398
f 572//398 222//397 221//399
f 572//398 221//399 1559//400
f 1559//400 221//399 220//401
s 0
f 1559//402 220//402 1560//402
f 1560//403 220//403 219//403
s 1
f 1560//404 219//405 1521//406
f 1521//406 219//405 227//407
f 1521//406 227//407 576//408
f 576//408 227//407 226//409
f 576//408 226//409 577//410
f 226//409 225//411 577//410
f 577//410 225//411 224//412
f 577//410 224//412 578//413
f 578//413 224//412 228//414
f 578//413 228//414 579//415
f 228//414 229//416 579//415
f 579//415 229//416 1765//417
f 579//415 1765//417 580//418
f 580//418 1765//417 1865//419
f 580//418 1865//419 581//420
f 581//420 1865//419 1854//421
f 581//420 1854//421 582//422
f 582//422 1854//421 1241//423
f 582//422 1241//423 511//424
f 511//424 1241//423 231//425
s 0
f 511//426 231//427 230//427
f 583//1 1361//1 1349//1
f 1349//1 1361//1 1362//1
f 1349//1 1362//1 1350//1
f 583//1 1274//1 1361//1
f 1361//1 1274//1 1269//1
f 1361//1 1269//1 590//1
f 590//1 1269//1 1270//1
f 509//1 510//1 592//1
f 239//1 1165//1 1830//1
f 1830//1 1165//1 1142//1
f 1830//1 1142//1 1553//1
f 1553//1 1142//1 1143//1
f 1553//1 1143//1 1834//1
f 1763//1 506//1 507//1
f 1763//1 507//1 592//1
f 592//1 507//1 508//1
f 592//1 508//1 509//1
f 510//1 1553//1 592//1
f 592//1 1553//1 1834//1
f 592//1 1834//1 1362//1
f 1362//1 1834//1 1576//1
f 1362//1 1576//1 1350//1
f 1170//1 1239//1 1148//1
f 1207//1 338//1 1209//1
f 1209//1 338//1 339//1
f 1209//1 339//1 1210//1
f 1210//1 339//1 248//1
f 1210//1 248//1 1502//1
f 1502//1 248//1 251//1
f 1207//1 1048//1 338//1
f 338//1 1048//1 607//1
f 338//1 607//1 326//1
f 326//1 607//1 608//1
f 326//1 608//1 245//1
f 245//1 608//1 609//1
f 245//1 609//1 243//1
f 243//1 609//1 1165//1
f 243//1 1165//1 241//1
f 241//1 1165//1 239//1
f 1170//1 1148//1 1169//1
f 610//1 1149//1 1092//1
f 1092//1 1149//1 1148//1
f 1092//1 1148//1 1093//1
f 1093//1 1148//1 1239//1
f 251//1 253//1 1502//1
f 1502//1 253//1 255//1
f 1502//1 255//1 1795//1
f 1270//1 1231//1 590//1
f 590//1 1231//1 1163//1
f 590//1 1163//1 1148//1
f 1148//1 1163//1 1164//1
f 1148//1 1164//1 1169//1
f 1169//1 1164//1 617//1
f 1169//1 617//1 1795//1
f 1795//1 617//1 618//1
f 1795//1 618//1 1502//1
s 1
f 258//428 259//428 1491//429
f 258//428 1491//429 599//429
f 599//429 1491//429 1764//430
f 599//429 1764//430 600//430
f 600//430 1764//430 1778//431
f 600//430 1778//431 613//431
f 613//431 1778//431 1789//432
f 613//431 1789//432 612//432
f 612//432 1789//432 623//433
f 612//432 623//433 1428//434
s 0
f 1104//1 249//1 1222//1
f 268//1 266//1 328//1
f 328//1 266//1 264//1
f 328//1 264//1 329//1
f 329//1 264//1 1751//1
f 329//1 1751//1 1612//1
f 256//1 254//1 1222//1
f 1222//1 254//1 1150//1
f 1222//1 1150//1 1104//1
f 1316//1 1739//1 1612//1
f 1612//1 1739//1 1717//1
f 1612//1 1717//1 1518//1
f 1518//1 1717//1 1666//1
f 1518//1 1666//1 332//1
f 332//1 1666//1 1416//1
f 332//1 1416//1 1551//1
f 1551//1 1416//1 1417//1
f 1551//1 1417//1 1552//1
f 256//1 1222//1 1490//1
f 1490//1 1222//1 1375//1
f 1490//1 1375//1 619//1
f 1417//1 1429//1 1552//1
f 1552//1 1429//1 1167//1
f 1552//1 1167//1 1375//1
f 1375//1 1167//1 1166//1
f 1375//1 1166//1 622//1
f 1751//1 261//1 1612//1
f 1612//1 261//1 986//1
f 1612//1 986//1 987//1
f 622//1 621//1 1375//1
f 1375//1 621//1 620//1
f 1375//1 620//1 619//1
f 987//1 1606//1 1612//1
f 1612//1 1606//1 1317//1
f 1612//1 1317//1 1316//1
s 1
f 635//435 625//436 624//437
f 635//435 624//437 1512//437
f 1512//437 624//437 634//438
f 1512//437 634//438 1530//438
f 1530//438 634//438 633//439
f 1530//438 633//439 638//440
f 638//440 633//439 632//441
f 638//440 632//441 639//441
f 639//441 632//441 270//442
f 639//441 270//442 1180//442
s 0
f 640//1 641//1 1458//1
f 1565//1 1543//1 645//1
f 645//1 1543//1 1623//1
f 645//1 1623//1 1329//1
f 1262//1 1691//1 1242//1
f 1242//1 1691//1 1769//1
f 1242//1 1769//1 1243//1
f 1458//1 641//1 1623//1
f 1623//1 641//1 1330//1
f 1623//1 1330//1 1329//1
f 1236//1 1476//1 1544//1
f 271//1 1107//1 1108//1
f 1236//1 1544//1 1235//1
f 1565//1 1060//1 1543//1
f 1543//1 1060//1 1061//1
f 1543//1 1061//1 1544//1
f 1544//1 1061//1 1020//1
f 1544//1 1020//1 1235//1
f 1235//1 1020//1 660//1
f 1235//1 660//1 1704//1
f 660//1 661//1 1704//1
f 1704//1 661//1 1839//1
f 1704//1 1839//1 1891//1
f 1891//1 1839//1 277//1
f 1262//1 663//1 1691//1
f 1691//1 663//1 664//1
f 1691//1 664//1 269//1
f 269//1 664//1 1901//1
f 269//1 1901//1 267//1
f 267//1 1901//1 1140//1
f 267//1 1140//1 265//1
f 1195//1 1196//1 967//1
f 967//1 1196//1 1544//1
f 967//1 1544//1 968//1
f 968//1 1544//1 1476//1
f 1243//1 1769//1 671//1
f 671//1 1769//1 272//1
f 671//1 272//1 1839//1
f 1839//1 272//1 275//1
f 1839//1 275//1 277//1
f 1107//1 271//1 1141//1
f 1141//1 271//1 1179//1
f 1141//1 1179//1 1140//1
f 1140//1 1179//1 1742//1
f 1140//1 1742//1 265//1
f 637//1 1549//1 1459//1
f 1459//1 1549//1 1279//1
f 637//1 1459//1 636//1
f 636//1 1459//1 1129//1
f 636//1 1129//1 1128//1
f 1279//1 271//1 1459//1
f 1459//1 271//1 1108//1
f 1459//1 1108//1 1458//1
f 1458//1 1108//1 675//1
f 1458//1 675//1 640//1
s 1
f 282//443 283//443 1334//444
f 282//443 1334//444 652//444
f 652//444 1334//444 1276//445
f 652//444 1276//445 653//445
f 653//445 1276//445 1212//446
f 653//445 1212//446 670//446
f 670//446 1212//446 679//447
f 670//446 679//447 669//447
f 669//447 679//447 680//448
f 669//447 680//448 667//449
s 0
f 274//1 273//1 296//1
f 304//1 307//1 350//1
f 350//1 348//1 304//1
f 304//1 348//1 1747//1
f 304//1 1747//1 303//1
f 297//1 298//1 1681//1
f 1681//1 280//1 297//1
f 297//1 280//1 278//1
f 297//1 278//1 296//1
f 296//1 278//1 276//1
f 296//1 276//1 274//1
f 681//1 298//1 682//1
f 682//1 298//1 1889//1
f 682//1 1889//1 1794//1
f 1794//1 1889//1 1896//1
f 1794//1 1896//1 1879//1
f 1879//1 1896//1 301//1
f 1879//1 301//1 685//1
f 685//1 301//1 302//1
f 685//1 302//1 686//1
f 686//1 302//1 303//1
f 686//1 303//1 687//1
f 687//1 303//1 1660//1
f 681//1 1757//1 298//1
f 298//1 1757//1 1213//1
f 298//1 1213//1 678//1
f 1747//1 1759//1 303//1
f 303//1 1759//1 1359//1
f 303//1 1359//1 689//1
f 678//1 677//1 298//1
f 298//1 677//1 676//1
f 298//1 676//1 1681//1
f 689//1 690//1 303//1
f 303//1 690//1 691//1
f 303//1 691//1 1660//1
s 1
f 692//450 1659//451 688//452
f 692//450 688//452 693//452
f 693//452 688//452 1706//453
f 693//452 1706//453 694//453
f 694//453 1706//453 1705//454
f 694//453 1705//454 1501//454
f 1501//454 1705//454 1360//455
f 1501//454 1360//455 1517//455
f 1517//455 1360//455 352//456
f 1517//455 352//456 1740//456
s 0
f 1531//1 698//1 1532//1
f 1532//1 698//1 1547//1
f 1532//1 1547//1 1644//1
f 1649//1 1650//1 1548//1
f 1548//1 1650//1 1547//1
f 1547//1 1650//1 1645//1
f 1547//1 1645//1 1644//1
f 429//1 1058//1 1676//1
f 1618//1 1776//1 1615//1
f 1615//1 1776//1 1761//1
f 1615//1 1761//1 1255//1
f 1255//1 1761//1 1220//1
f 1255//1 1220//1 306//1
f 306//1 1220//1 1221//1
f 306//1 1221//1 351//1
f 351//1 1221//1 1287//1
f 351//1 1287//1 349//1
f 349//1 1287//1 1777//1
f 429//1 1676//1 286//1
f 1032//1 713//1 435//1
f 435//1 713//1 1676//1
f 435//1 1676//1 1152//1
f 1152//1 1676//1 1058//1
f 1777//1 1287//1 1752//1
f 1752//1 1287//1 1356//1
f 1752//1 1356//1 353//1
f 353//1 1356//1 715//1
f 353//1 715//1 716//1
f 1531//1 717//1 698//1
f 698//1 717//1 718//1
f 698//1 718//1 1676//1
f 1676//1 718//1 719//1
f 1676//1 719//1 286//1
f 286//1 719//1 720//1
f 286//1 720//1 1580//1
f 720//1 721//1 1580//1
f 1580//1 721//1 1000//1
f 1580//1 1000//1 295//1
f 295//1 1000//1 293//1
f 1500//1 695//1 971//1
f 971//1 695//1 696//1
f 1618//1 1615//1 1619//1
f 1619//1 1615//1 343//1
f 1619//1 343//1 1001//1
f 1001//1 343//1 288//1
f 1001//1 288//1 1000//1
f 1000//1 288//1 291//1
f 1000//1 291//1 293//1
f 1500//1 971//1 1546//1
f 1546//1 971//1 972//1
f 1546//1 972//1 983//1
f 696//1 353//1 971//1
f 971//1 353//1 716//1
f 971//1 716//1 1548//1
f 1548//1 716//1 1289//1
f 1548//1 1289//1 1649//1
s 1
f 355//457 1002//457 356//458
f 356//458 1002//457 977//458
f 356//458 977//458 357//459
f 357//459 977//458 978//459
f 357//459 978//459 358//460
f 358//460 978//459 1131//460
f 358//460 1131//460 359//461
f 359//461 1131//460 1087//462
f 359//461 1087//462 360//463
f 360//463 1087//462 1066//463
f 360//463 1066//463 361//464
f 361//464 1066//463 1067//464
f 361//464 1067//464 362//465
f 362//465 1067//464 1383//465
f 362//465 1383//465 363//466
f 363//466 1383//465 736//466
f 363//466 736//466 1907//467
f 1907//467 736//466 737//467
f 1907//467 737//467 365//468
f 365//468 737//467 738//468
f 365//468 738//468 366//469
f 366//469 738//468 739//470
f 366//469 739//470 367//471
f 367//471 739//470 740//471
f 367//471 740//471 368//472
f 368//472 740//471 741//473
f 368//472 741//473 369//474
f 369//474 741//473 1286//475
f 369//474 1286//475 370//476
f 370//476 1286//475 1727//477
f 370//476 1727//477 371//478
f 371//478 1727//477 1728//478
f 371//478 1728//478 372//479
f 372//479 1728//478 1820//479
f 372//479 1820//479 373//480
f 373//480 1820//479 1833//480
f 373//480 1833//480 374//481
f 374//481 1833//480 1850//482
f 374//481 1850//482 375//483
f 375//483 1850//482 1851//483
f 375//483 1851//483 376//484
f 376//484 1851//483 1859//484
f 376//484 1859//484 377//485
f 377//485 1859//484 1648//486
f 377//485 1648//486 354//487
f 354//487 1648//486 1268//487
f 354//487 1268//487 355//457
f 355//457 1268//487 1002//457
f 752//488 1277//489 1724//490
f 1724//490 401//491 752//488
f 752//488 401//491 402//492
f 752//488 402//492 1573//493
f 402//492 399//493 1573//493
f 1573//493 399//493 398//494
f 1573//493 398//494 1515//495
f 398//494 397//495 1515//495
f 1515//495 397//495 396//496
f 1515//495 396//496 1516//497
f 396//496 395//498 1516//497
f 1516//497 395//498 1572//499
f 1516//497 1572//499 1534//500
f 1572//499 393//501 1534//500
f 1534//500 393//501 1590//502
f 1534//500 1590//502 1524//503
f 1524//503 1590//502 1607//504
f 1524//503 1607//504 1485//505
f 1607//504 1756//506 1485//505
f 1485//505 1756//506 1665//505
f 1485//505 1665//505 1486//507
f 1665//505 1664//508 1486//507
f 1486//507 1664//508 1678//509
f 1486//507 1678//509 761//510
f 1678//509 386//511 761//510
f 761//510 386//511 385//512
f 761//510 385//512 762//513
f 385//512 384//514 762//513
f 762//513 384//514 383//515
f 762//513 383//515 763//516
f 383//515 382//517 763//516
f 763//516 382//517 381//518
f 763//516 381//518 764//519
f 378//520 765//521 379//522
f 379//522 765//521 764//519
f 379//522 764//519 380//523
f 380//523 764//519 381//518
s 0
f 403//475 1724//475 766//475
f 766//475 1724//475 1277//475
s 1
f 1825//524 768//525 425//526
f 425//526 426//527 1825//524
f 1825//524 426//527 427//528
f 1825//524 427//528 1780//529
f 427//528 424//530 1780//529
f 1780//529 424//530 423//531
f 1780//529 423//531 770//532
f 423//531 422//532 770//532
f 770//532 422//532 421//533
f 770//532 421//533 771//534
f 421//533 420//535 771//534
f 771//534 420//535 419//536
f 771//534 419//536 772//537
f 419//536 418//537 772//537
f 772//537 418//537 417//538
f 772//537 417//538 1190//539
f 417//538 416//540 1190//539
f 1190//539 416//540 415//541
f 1190//539 415//541 1191//542
f 1191//542 415//541 414//543
f 1191//542 414//543 1146//544
f 414//543 413//545 1146//544
f 1146//544 413//545 412//546
f 1146//544 412//546 1122//547
f 412//546 411//548 1122//547
f 1122//547 411//548 410//549
f 1122//547 410//549 1123//550
f 410//549 409//551 1123//550
f 1123//550 409//551 1808//552
f 1123//550 1808//552 1421//553
f 1808//552 1817//554 1421//553
f 1421//553 1817//554 406//555
f 1421//553 406//555 1472//556
f 403//557 766//558 1848//559
f 1848//559 766//558 1472//556
f 1848//559 1472//556 1849//560
f 1849//560 1472//556 406//555
s 0
f 768//561 765//561 425//561
f 425//459 765//459 378//459
s 1
f 1496//562 606//108 1009//108
f 1009//108 606//108 602//563
f 1009//108 602//563 1010//563
f 1010//563 602//563 603//564
f 1010//563 603//564 961//564
f 961//564 603//564 604//9
f 961//564 604//9 962//9
f 962//9 604//9 605//565
f 962//9 605//565 1905//565
f 1905//565 605//565 1503//566
f 1905//565 1503//566 988//566
f 988//566 1503//566 1824//567
f 988//566 1824//567 989//567
f 989//567 1824//567 616//568
f 989//567 616//568 788//568
f 788//568 616//568 615//124
f 788//568 615//124 1029//124
f 1029//124 615//124 614//16
f 1029//124 614//16 1892//16
f 1892//16 614//16 591//123
f 1892//16 591//123 1880//123
f 1880//123 591//123 589//122
f 1880//123 589//122 1869//122
f 1869//122 589//122 588//113
f 1869//122 588//113 1088//113
f 1088//113 588//113 1631//569
f 1088//113 1631//569 1089//569
f 1089//569 1631//569 585//140
f 1089//569 585//140 1160//140
f 1160//140 585//140 587//38
f 1160//140 587//38 1203//38
f 1203//38 587//38 598//570
f 1203//38 598//570 1204//139
f 1204//139 598//570 596//571
f 1204//139 596//571 798//571
f 798//571 596//571 595//572
f 798//571 595//572 799//572
f 799//572 595//572 594//573
f 799//572 594//573 800//573
f 800//573 594//573 593//135
f 800//573 593//135 801//135
f 801//135 593//135 1483//24
f 801//135 1483//24 802//24
f 802//24 1483//24 1482//574
f 802//24 1482//574 1325//574
f 1325//574 1482//574 1049//575
f 1325//574 1049//575 1496//562
f 1496//562 1049//575 606//108
f 1365//132 454//576 1366//576
f 1366//576 454//576 482//563
f 1366//576 482//563 1715//563
f 1715//563 482//563 1520//564
f 1715//563 1520//564 1682//564
f 1682//564 1520//564 1479//9
f 1682//564 1479//9 1683//9
f 1683//9 1479//9 1115//565
f 1683//9 1115//565 1651//577
f 1651//577 1115//565 1114//566
f 1651//577 1114//566 1652//566
f 1652//566 1114//566 1858//126
f 1652//566 1858//126 1883//126
f 1883//126 1858//126 1832//578
f 1883//126 1832//578 1887//578
f 1887//578 1832//578 1831//579
f 1887//578 1831//579 1574//579
f 1574//579 1831//579 471//16
f 1574//579 471//16 1575//16
f 1575//16 471//16 472//580
f 1575//16 472//580 1537//580
f 1537//580 472//580 1369//581
f 1537//580 1369//581 1538//581
f 1538//581 1369//581 1370//582
f 1538//581 1370//582 1555//582
f 1555//582 1370//582 476//120
f 1555//582 476//120 1593//120
f 1593//120 476//120 474//140
f 1593//120 474//140 1594//140
f 1594//140 474//140 473//38
f 1594//140 473//38 1610//38
f 1610//38 473//38 464//139
f 1610//38 464//139 821//139
f 821//139 464//139 462//138
f 821//139 462//138 822//138
f 822//138 462//138 461//137
f 822//138 461//137 1413//137
f 1413//137 461//137 1584//583
f 1413//137 1584//583 1414//583
f 1414//583 1584//583 458//584
f 1414//583 458//584 825//584
f 825//584 458//584 460//24
f 825//584 460//24 826//24
f 826//24 460//24 1498//585
f 826//24 1498//585 827//585
f 827//585 1498//585 1497//132
f 827//585 1497//132 1365//132
f 1365//132 1497//132 454//576
f 1745//575 701//108 1746//108
f 1746//108 701//108 705//586
f 1746//108 705//586 1800//586
f 1800//586 705//586 703//129
f 1800//586 703//129 1774//129
f 1774//129 703//129 702//9
f 1774//129 702//9 1775//9
f 1775//9 702//9 727//128
f 1775//9 727//128 1785//128
f 1785//128 727//128 1288//587
f 1785//128 1288//587 1882//587
f 1882//587 1288//587 1443//588
f 1882//587 1443//588 835//588
f 835//588 1443//588 714//578
f 835//588 714//578 1111//578
f 1111//578 714//578 712//579
f 1111//578 712//579 1085//579
f 1085//579 712//579 711//16
f 1085//579 711//16 1086//16
f 1086//16 711//16 710//589
f 1086//16 710//589 1130//589
f 1130//589 710//589 709//581
f 1130//589 709//581 1021//122
f 1021//122 709//581 708//113
f 1021//122 708//113 999//113
f 999//113 708//113 707//590
f 999//113 707//590 975//590
f 975//590 707//590 724//591
f 975//590 724//591 976//591
f 976//591 724//591 725//38
f 976//591 725//38 1506//38
f 1506//38 725//38 722//592
f 1506//38 722//592 1904//592
f 1904//592 722//592 1159//593
f 1904//592 1159//593 1064//593
f 1064//593 1159//593 1113//594
f 1064//593 1113//594 1065//594
f 1065//594 1113//594 1037//136
f 1065//594 1037//136 1202//136
f 1202//136 1037//136 1036//584
f 1202//136 1036//584 1178//584
f 1178//584 1036//584 1394//24
f 1178//584 1394//24 1157//24
f 1157//24 1394//24 697//585
f 1157//24 697//585 1158//585
f 1158//585 697//585 699//575
f 1158//585 699//575 1745//575
f 1745//575 699//575 701//108
f 1205//562 997//595 1856//595
f 1856//595 997//595 659//130
f 1856//595 659//130 1857//130
f 1857//130 659//130 658//129
f 1857//130 658//129 1871//129
f 1871//129 658//129 657//9
f 1871//129 657//9 1829//9
f 1829//9 657//9 643//128
f 1829//9 643//128 1816//128
f 1816//128 643//128 1734//127
f 1816//128 1734//127 1807//127
f 1807//127 1734//127 647//126
f 1807//127 647//126 1216//126
f 1216//126 647//126 651//125
f 1216//126 651//125 1217//125
f 1217//125 651//125 1525//124
f 1217//125 1525//124 1263//124
f 1263//124 1525//124 1456//16
f 1263//124 1456//16 1264//16
f 1264//16 1456//16 1457//123
f 1264//16 1457//123 1302//123
f 1302//123 1457//123 656//596
f 1302//123 656//596 1303//596
f 1303//596 656//596 655//597
f 1303//596 655//597 1492//597
f 1492//597 655//597 672//590
f 1492//597 672//590 866//590
f 866//590 672//590 666//591
f 866//590 666//591 867//591
f 867//591 666//591 665//38
f 867//591 665//38 1412//38
f 1412//38 665//38 1903//598
f 1412//38 1903//598 1700//592
f 1700//592 1903//598 1556//593
f 1700//592 1556//593 1713//593
f 1713//593 1556//593 648//137
f 1713//593 648//137 1735//137
f 1735//137 648//137 649//573
f 1735//137 649//573 1629//573
f 1629//573 649//573 650//135
f 1629//573 650//135 1630//135
f 1630//135 650//135 1748//24
f 1630//135 1748//24 1588//24
f 1588//24 1748//24 662//134
f 1588//24 662//134 1206//134
f 1206//134 662//134 998//562
f 1206//134 998//562 1205//562
f 1205//562 998//562 997//595
f 1428//434 623//433 631//599
f 667//449 680//448 1770//600
f 437//224 1168//223 1541//601
f 1266//240 1866//239 1847//602
f 1251//603 1877//604 1635//605
f 1635//605 1636//606 1251//603
f 1251//603 1636//606 1667//607
f 1251//603 1667//607 1668//608
f 1668//608 1604//609 1299//610
f 1299//610 1604//609 512//611
f 1299//610 512//611 1528//612
f 1528//612 1529//613 1299//610
f 1299//610 1529//613 515//614
f 1299//610 515//614 516//615
s 0
f 556//616 557//616 877//616
s 1
f 877//617 557//618 558//619
f 877//617 558//619 559//620
f 559//620 560//621 877//617
f 877//617 560//621 561//622
f 877//617 561//622 562//623
f 562//623 563//624 877//617
f 877//617 563//624 564//625
f 877//617 564//625 1570//626
f 564//625 565//627 1570//626
f 1570//626 565//627 566//628
f 1570//626 566//628 567//629
f 567//629 568//630 1570//626
f 1570//626 568//630 1422//631
f 1570//626 1422//631 1637//632
f 1637//632 1718//633 1570//626
f 1570//626 1718//633 1729//634
f 1570//626 1729//634 573//635
s 0
f 573//636 574//636 1570//636
f 1570//637 574//637 575//637
s 1
f 1570//638 575//639 1583//640
f 1583//640 575//639 1522//641
f 1583//640 1522//641 1251//603
f 1251//603 1522//641 1540//642
f 1251//603 1540//642 1877//604
f 541//643 542//644 1336//645
f 1336//645 542//644 543//646
f 547//647 990//648 1447//649
f 543//646 1906//650 1336//645
f 1336//645 1906//650 1499//651
f 1336//645 1499//651 546//652
f 990//648 549//653 1447//649
f 1447//649 549//653 1124//654
f 1447//649 1124//654 551//655
f 551//655 552//656 1447//649
f 1447//649 552//656 553//657
f 1447//649 553//657 881//658
f 881//658 553//657 554//659
f 881//658 554//659 877//617
f 877//617 554//659 555//660
s 0
f 877//661 555//661 556//661
s 1
f 516//615 517//662 1299//610
f 1299//610 517//662 518//663
f 1299//610 518//663 1318//664
f 1318//664 518//663 519//665
s 0
f 1318//666 519//666 520//666
f 520//667 1409//667 1318//667
s 1
f 1318//664 1409//668 522//669
f 1318//664 522//669 1460//670
f 1460//670 1489//671 1318//664
f 1318//664 1489//671 1340//672
f 1318//664 1340//672 526//673
f 526//673 527//674 1318//664
f 1318//664 527//674 1283//675
f 1318//664 1283//675 442//676
f 1283//675 529//677 442//676
f 442//676 529//677 530//678
f 442//676 530//678 531//679
f 531//679 532//680 442//676
f 442//676 532//680 533//681
f 442//676 533//681 534//682
f 534//682 535//683 442//676
f 442//676 535//683 536//684
f 442//676 536//684 537//685
s 0
f 537//686 538//686 442//686
f 442//687 538//687 539//687
s 1
f 442//688 539//689 1336//645
f 1336//645 539//689 1194//690
f 1336//645 1194//690 541//643
f 487//691 1266//240 1725//692
f 1725//692 1677//693 487//691
f 487//691 1677//693 1437//694
f 487//691 1437//694 475//695
f 1437//694 885//696 475//695
f 475//695 885//696 886//697
f 475//695 886//697 463//698
f 886//697 887//698 463//698
f 463//698 887//698 1376//126
f 463//698 1376//126 1589//126
f 1589//126 1376//126 1377//699
f 1589//126 1377//699 459//699
f 459//699 1377//699 890//700
f 459//699 890//700 465//701
f 890//700 1281//702 465//701
f 465//701 1281//702 892//703
f 465//701 892//703 469//704
f 469//704 892//703 893//705
f 469//704 893//705 1188//225
f 1188//225 893//705 894//706
f 1033//707 437//224 1448//708
f 1448//708 1828//709 1033//707
f 1033//707 1828//709 897//710
f 1033//707 897//710 706//711
f 897//710 898//711 706//711
f 706//711 898//711 1059//712
f 706//711 1059//712 1550//712
f 1550//712 1059//712 1034//113
f 1550//712 1034//113 700//113
f 700//113 1034//113 1035//713
f 700//113 1035//713 704//713
f 704//713 1035//713 1197//714
f 704//713 1197//714 723//715
s 0
f 723//716 1197//716 969//716
s 1
f 723//715 969//717 970//718
f 1855//719 692//450 970//718
f 970//718 692//450 726//720
f 970//718 726//720 723//715
f 668//721 667//449 995//722
f 995//722 996//723 668//721
f 668//721 996//723 1504//724
f 668//721 1504//724 654//725
f 1504//724 1016//725 654//725
f 654//725 1016//725 1017//726
f 654//725 1017//726 644//726
f 644//726 1017//726 1084//137
f 644//726 1084//137 646//137
f 646//137 1084//137 1125//727
f 646//137 1125//727 642//727
f 642//727 1125//727 1101//728
f 642//727 1101//728 673//729
f 673//729 1101//728 1102//730
f 673//729 1102//730 1173//731
f 1171//732 635//435 1173//731
f 1173//731 635//435 674//733
f 1173//731 674//733 673//729
f 611//734 1428//434 1198//735
f 1198//735 918//736 611//734
f 611//734 918//736 919//737
f 611//734 919//737 601//738
s 0
f 919//739 920//739 601//739
s 1
f 601//738 920//740 921//740
f 601//738 921//740 1425//741
f 921//740 1784//741 1425//741
f 1425//741 1784//741 1760//108
f 1425//741 1760//108 584//108
f 584//108 1760//108 1753//742
f 584//108 1753//742 586//742
f 586//742 1753//742 1353//743
f 586//742 1353//743 1397//744
f 1353//743 926//745 1397//744
f 1397//744 926//745 927//746
f 1397//744 927//746 597//747
f 597//747 927//746 928//748
f 597//747 928//748 1723//241
f 1723//241 928//748 1371//749
f 437//224 1541//601 1448//708
f 1448//708 1541//601 1336//645
f 1448//708 1336//645 1447//649
f 1447//649 1336//645 546//652
f 1447//649 546//652 547//647
f 1668//608 1299//610 1251//603
f 1251//603 1299//610 439//750
f 1251//603 439//750 894//706
f 894//706 439//750 1073//226
f 894//706 1073//226 1188//225
f 1266//240 1847//602 1725//692
f 1725//692 1847//602 496//751
f 1725//692 496//751 930//751
f 930//751 496//751 931//752
f 931//752 496//751 497//753
f 931//752 497//753 932//753
f 932//753 497//753 933//9
f 933//9 497//753 498//754
f 933//9 498//754 1579//754
f 1579//754 498//754 499//755
f 1579//754 499//755 1372//755
f 1372//755 499//755 500//756
f 1372//755 500//756 1371//749
f 1371//749 500//756 501//242
f 1371//749 501//242 1723//241
f 1428//434 631//599 1198//735
f 1198//735 631//599 630//757
f 1198//735 630//757 1199//757
f 1199//757 630//757 629//758
f 1199//757 629//758 1562//758
f 1562//758 629//758 1599//24
f 1599//24 629//758 628//179
f 1599//24 628//179 1600//24
f 1600//24 628//179 940//179
f 940//179 628//179 627//759
f 940//179 627//759 1172//759
f 1172//759 627//759 626//760
f 1172//759 626//760 1171//732
f 1171//732 626//760 625//436
f 1171//732 625//436 635//435
f 667//449 1770//600 995//722
f 995//722 1770//600 1793//761
f 995//722 1793//761 1561//761
f 1561//761 1793//761 683//762
f 1561//761 683//762 943//762
f 943//762 683//762 944//38
f 944//38 683//762 684//763
f 944//38 684//763 945//763
f 945//763 684//763 946//764
f 946//764 684//763 1861//765
f 946//764 1861//765 947//765
f 947//765 1861//765 1841//766
f 947//765 1841//766 1855//719
f 1855//719 1841//766 1659//451
f 1855//719 1659//451 692//450
s 0
f 1470//2 1471//2 948//2
f 841//2 842//2 949//2
f 949//2 842//2 843//2
f 1843//2 836//2 950//2
f 843//2 844//2 949//2
f 949//2 844//2 845//2
f 949//2 845//2 846//2
f 950//2 839//2 840//2
f 836//2 837//2 950//2
f 950//2 837//2 838//2
f 950//2 838//2 839//2
f 849//2 899//2 848//2
f 848//2 899//2 1864//2
f 848//2 1864//2 847//2
f 847//2 1864//2 1863//2
f 847//2 1863//2 846//2
f 849//2 850//2 899//2
f 899//2 850//2 851//2
f 899//2 851//2 900//2
f 900//2 851//2 828//2
f 831//2 901//2 830//2
f 830//2 901//2 900//2
f 830//2 900//2 829//2
f 829//2 900//2 828//2
f 834//2 902//2 833//2
f 833//2 902//2 901//2
f 833//2 901//2 832//2
f 832//2 901//2 831//2
f 1731//2 905//2 950//2
f 950//2 905//2 904//2
f 834//2 1843//2 902//2
f 902//2 1843//2 950//2
f 902//2 950//2 903//2
f 903//2 950//2 904//2
f 732//2 731//2 951//2
f 1731//2 950//2 1730//2
f 1730//2 950//2 1244//2
f 1730//2 1244//2 1304//2
f 751//2 750//2 952//2
f 952//2 750//2 749//2
f 952//2 749//2 748//2
f 731//2 730//2 951//2
f 951//2 730//2 729//2
f 951//2 729//2 728//2
f 748//2 747//2 952//2
f 952//2 747//2 746//2
f 952//2 746//2 950//2
f 950//2 746//2 745//2
f 745//2 744//2 950//2
f 950//2 744//2 743//2
f 950//2 743//2 742//2
f 742//2 1265//2 950//2
f 950//2 1265//2 1245//2
f 950//2 1245//2 1244//2
f 1304//2 1477//2 1730//2
f 1730//2 1477//2 1426//2
f 1730//2 1426//2 1702//2
f 1702//2 1426//2 735//2
f 1702//2 735//2 1688//2
f 1688//2 735//2 734//2
f 1688//2 734//2 733//2
f 908//2 907//2 951//2
f 951//2 907//2 906//2
f 951//2 906//2 942//2
f 733//2 732//2 1688//2
f 1688//2 732//2 951//2
f 1688//2 951//2 1671//2
f 1671//2 951//2 942//2
f 856//2 857//2 910//2
f 865//2 1463//2 953//2
f 861//2 912//2 860//2
f 860//2 912//2 911//2
f 860//2 911//2 859//2
f 1463//2 1411//2 953//2
f 953//2 1411//2 868//2
f 953//2 868//2 869//2
f 910//2 857//2 911//2
f 911//2 857//2 858//2
f 911//2 858//2 859//2
f 861//2 862//2 912//2
f 912//2 862//2 863//2
f 912//2 863//2 913//2
f 913//2 863//2 864//2
f 873//2 874//2 951//2
f 869//2 870//2 953//2
f 953//2 870//2 871//2
f 953//2 871//2 951//2
f 951//2 871//2 872//2
f 951//2 872//2 873//2
f 874//2 875//2 951//2
f 951//2 875//2 852//2
f 951//2 852//2 908//2
f 908//2 852//2 853//2
f 908//2 853//2 909//2
f 909//2 853//2 854//2
f 909//2 854//2 910//2
f 910//2 854//2 855//2
f 910//2 855//2 856//2
f 937//2 938//2 954//2
f 954//767 938//767 939//767
f 954//767 939//767 953//767
f 953//2 939//2 1890//2
f 1890//2 941//2 953//2
f 953//2 941//2 916//2
f 953//2 916//2 915//2
f 864//2 865//2 913//2
f 913//2 865//2 953//2
f 913//2 953//2 914//2
f 914//2 953//2 915//2
f 955//2 1799//2 1809//2
f 1809//2 1893//2 955//2
f 955//2 1893//2 917//2
f 955//2 917//2 936//2
f 794//2 795//2 925//2
f 780//2 781//2 955//2
f 781//2 782//2 955//2
f 955//2 782//2 783//2
f 955//2 783//2 784//2
f 784//2 785//2 955//2
f 955//2 785//2 786//2
f 955//2 786//2 1799//2
f 790//2 791//2 1783//2
f 1783//2 791//2 792//2
f 1783//2 792//2 793//2
f 1292//2 1324//2 956//2
f 956//2 1324//2 803//2
f 786//2 787//2 1799//2
f 1799//2 787//2 1028//2
f 1799//2 1028//2 1783//2
f 1783//2 1028//2 789//2
f 1783//2 789//2 790//2
f 795//2 796//2 925//2
f 925//2 796//2 797//2
f 925//2 797//2 1354//2
f 1354//2 797//2 1346//2
f 1354//2 1346//2 1405//2
f 1405//2 1346//2 1305//2
f 1405//2 1305//2 956//2
f 956//2 1305//2 1291//2
f 956//2 1291//2 1292//2
f 923//2 922//2 924//2
f 924//2 922//2 1783//2
f 924//2 1783//2 925//2
f 925//2 1783//2 793//2
f 925//2 793//2 794//2
f 956//2 934//2 935//2
f 935//2 929//2 956//2
f 956//2 929//2 1432//2
f 956//2 1432//2 1405//2
f 1471//2 774//2 775//2
f 769//2 1781//2 1578//2
f 1578//2 1781//2 1814//2
f 1578//2 1814//2 1616//2
f 1616//2 1814//2 1838//2
f 1616//2 1838//2 1471//2
f 1471//2 1838//2 773//2
f 1471//2 773//2 774//2
f 754//2 755//2 948//2
f 956//2 1689//2 1690//2
f 754//2 948//2 1714//2
f 756//2 757//2 957//2
f 957//2 757//2 758//2
f 957//2 758//2 759//2
f 759//2 760//2 957//2
f 957//2 760//2 1639//2
f 957//2 1639//2 956//2
f 956//2 1639//2 1656//2
f 956//2 1656//2 1689//2
f 934//2 956//2 1578//2
f 1578//2 956//2 767//2
f 1578//2 767//2 769//2
f 775//2 776//2 1471//2
f 1471//2 776//2 777//2
f 1471//2 777//2 948//2
f 948//2 777//2 778//2
f 948//2 778//2 779//2
f 1690//2 1685//2 956//2
f 956//2 1685//2 1686//2
f 956//2 1686//2 767//2
f 779//2 1278//2 948//2
f 948//2 1278//2 753//2
f 948//2 753//2 1714//2
f 884//2 883//2 948//2
f 948//2 883//2 882//2
f 948//2 882//2 1470//2
f 819//2 1455//2 818//2
f 818//2 1455//2 1438//2
f 818//2 1438//2 817//2
f 819//2 820//2 1455//2
f 1455//2 820//2 1441//2
f 1455//2 1441//2 1442//2
f 824//2 1381//2 1337//2
f 824//2 1337//2 823//2
f 884//2 948//2 1438//2
f 1438//2 948//2 816//2
f 1438//2 816//2 817//2
f 813//2 814//2 948//2
f 948//2 814//2 815//2
f 948//2 815//2 816//2
f 809//2 958//2 808//2
f 808//2 958//2 807//2
f 1381//2 1382//2 1337//2
f 1337//2 1382//2 1726//2
f 1337//2 1726//2 891//2
f 891//2 1726//2 804//2
f 891//2 804//2 1282//2
f 1282//2 804//2 805//2
f 1282//2 805//2 958//2
f 958//2 805//2 806//2
f 958//2 806//2 807//2
f 809//2 810//2 958//2
f 958//2 810//2 811//2
f 958//2 811//2 948//2
f 948//2 811//2 812//2
f 948//2 812//2 813//2
f 1337//2 889//2 888//2
f 1442//2 823//2 1455//2
f 1455//2 823//2 1337//2
f 1455//2 1337//2 1488//2
f 1488//2 1337//2 888//2
f 878//2 879//2 958//2
f 958//2 879//2 876//2
f 876//2 1252//2 958//2
f 958//2 1252//2 1796//2
f 958//2 1796//2 1282//2
f 1569//2 959//2 1662//2
f 1662//2 959//2 949//2
f 1662//2 949//2 880//2
f 880//2 949//2 895//2
f 846//2 1863//2 949//2
f 949//2 1863//2 896//2
f 949//2 896//2 895//2
f 755//2 756//2 948//2
f 948//2 756//2 957//2
f 948//2 957//2 958//2
f 958//2 957//2 959//2
f 958//2 959//2 878//2
f 878//2 959//2 1569//2
f 803//2 780//2 956//2
f 956//2 780//2 955//2
f 956//2 955//2 957//2
f 957//2 955//2 960//2
f 957//2 960//2 959//2
f 959//2 960//2 952//2
f 959//2 952//2 949//2
f 949//2 952//2 950//2
f 949//2 950//2 841//2
f 841//2 950//2 840//2
f 936//2 937//2 955//2
f 955//2 937//2 954//2
f 955//2 954//2 960//2
f 960//2 954//2 953//2
f 960//2 953//2 952//2
f 952//2 953//2 951//2
f 952//2 951//2 751//2
f 751//2 951//2 728//2
usemtl Scheibe.003
f 1181//16 1054//16 1055//16
f 1095//768 1096//768 1272//768
f 1272//769 1096//769 1042//769
f 1022//16 9//16 1469//16
f 1181//768 11//768 1054//768
f 1054//16 11//16 12//16
f 1054//770 12//770 13//770
f 9//768 1022//768 1272//768
f 1272//770 1022//770 1023//770
f 1272//16 1023//16 1095//16
f 1055//16 1039//16 1181//16
f 1181//768 1039//768 1022//768
f 1181//770 1022//770 1285//770
f 1285//16 1022//16 1469//16
f 1042//771 17//771 1272//771
f 1272//772 17//772 1813//772
f 1272//772 1813//772 1505//772
f 13//771 1193//771 1054//771
f 1054//769 1193//769 1860//769
f 1054//769 1860//769 22//769
f 22//773 1860//773 23//773
f 22//773 23//773 24//773
s 1
f 145//774 146//775 18//776
f 147//777 10//778 148//779
f 148//779 10//778 1273//780
f 148//779 1273//780 149//781
f 149//781 1273//780 150//782
f 151//783 6//784 152//785
f 152//785 6//784 19//786
f 152//785 19//786 153//787
f 151//783 154//788 6//784
f 6//784 154//788 1641//789
f 6//784 1641//789 1273//780
f 1273//780 1641//789 1782//790
f 1273//780 1782//790 150//782
f 157//791 158//792 19//793
f 19//793 158//792 159//794
s 0
f 19//795 159//795 153//795
s 1
f 18//776 146//775 19//793
f 19//793 146//775 160//796
f 19//793 160//796 157//791
f 161//797 162//798 1043//799
f 1043//799 162//798 163//800
f 1043//799 163//800 18//776
f 18//776 163//800 164//801
f 18//776 164//801 145//774
f 165//802 166//803 5//804
f 5//804 166//803 167//805
f 5//804 167//805 7//806
s 0
f 7//806 167//806 1802//806
s 1
f 7//806 1802//807 1043//799
f 1043//799 1802//807 1701//808
f 1043//799 1701//808 161//797
f 170//809 171//810 4//811
f 4//811 171//810 172//812
f 4//811 172//812 5//804
f 5//804 172//812 173//802
f 5//804 173//802 165//802
s 0
f 14//813 174//813 175//813
s 1
f 175//814 176//815 14//816
f 14//816 176//815 177//817
f 14//816 177//817 4//811
f 4//811 177//817 178//818
f 4//811 178//818 170//809
f 179//819 180//820 8//821
f 8//821 180//820 181//822
f 8//821 181//822 14//823
f 14//823 181//822 182//824
s 0
f 14//825 182//825 174//825
s 1
f 179//819 8//821 183//826
f 183//826 8//821 15//827
f 183//826 15//827 184//828
f 3//829 185//830 186//831
f 186//831 187//832 3//829
f 3//829 187//832 188//833
f 3//829 188//833 15//827
f 15//827 188//833 189//834
f 15//827 189//834 184//828
f 190//835 191//836 2//837
f 2//837 191//836 192//838
f 2//837 192//838 3//829
f 3//829 192//838 193//839
f 3//829 193//839 185//830
f 1842//840 1424//841 195//842
f 195//842 1424//841 1898//843
f 1842//840 1815//844 1424//841
f 1424//841 1815//844 1806//845
f 1424//841 1806//845 2//837
f 2//837 1806//845 198//846
f 2//837 198//846 190//835
f 199//847 200//848 1898//849
f 200//848 201//850 1898//849
s 0
f 1898//851 201//851 202//851
s 1
f 1898//843 202//852 195//842
f 21//853 203//854 1897//855
f 1897//855 203//854 204//856
f 204//856 205//857 1897//855
f 1897//855 205//857 206//858
f 1897//855 206//858 1898//849
f 1898//849 206//858 207//859
f 1898//849 207//859 199//847
f 208//860 209//861 21//853
f 209//861 210//862 21//853
f 21//853 210//862 211//863
f 21//853 211//863 203//854
f 208//860 21//853 212//864
f 212//864 21//853 20//865
f 212//864 20//865 213//866
f 213//866 20//865 1192//867
f 213//866 1192//867 214//868
f 215//869 1621//870 1542//871
f 1542//871 1621//870 1661//872
f 1542//871 1661//872 1192//867
f 1192//867 1661//872 1611//868
f 1192//867 1611//868 214//868
s 0
f 1182//873 1568//873 1732//873
s 1
f 1732//874 1721//875 1182//876
f 1182//876 1721//875 1439//877
f 1182//876 1439//877 1542//871
f 1542//871 1439//877 1440//878
f 1542//871 1440//878 215//869
f 1526//879 1527//880 1//881
f 1//881 1527//880 1378//882
f 1//881 1378//882 1182//876
f 1182//876 1378//882 1379//883
s 0
f 1182//884 1379//884 1568//884
s 1
f 1526//879 1//881 1338//885
f 1338//885 1//881 16//886
f 1338//885 16//886 1339//887
f 147//777 1300//888 10//778
s 0
f 10//9 1300//9 1240//9
s 1
f 10//889 1240//890 232//891
f 232//891 233//892 10//889
f 10//889 233//892 234//893
f 10//889 234//893 16//886
f 16//886 234//893 235//894
f 16//886 235//894 1339//887
