# Blender 4.5.0
# www.blender.org
mtllib wrist2.mtl
o Actor0
v 0.034303 0.047500 0.079750
v -0.036013 0.047500 0.104740
v 0.036013 0.047500 0.084560
v -0.034304 0.047500 0.109550
v -0.031955 0.047500 0.114082
v 0.031955 0.047500 0.114082
v 0.034303 0.047500 0.109550
v 0.002552 0.047500 0.131963
v 0.012524 0.047500 0.059409
v 0.007609 0.047500 0.058033
v 0.002552 0.047500 0.057337
v -0.002552 0.047500 0.057337
v -0.029011 0.047500 0.118253
v -0.025527 0.047500 0.121983
v -0.021568 0.047500 0.125205
v 0.031955 0.047500 0.075218
v 0.029011 0.047500 0.071047
v 0.025527 0.047500 0.067317
v -0.017206 0.047500 0.127857
v -0.012524 0.047500 0.129890
v -0.007609 0.047500 0.131267
v 0.036013 0.047500 0.104740
v 0.037051 0.047500 0.099743
v 0.037400 0.047500 0.094650
v 0.021568 0.047500 0.064095
v 0.017206 0.047500 0.061443
v -0.007609 0.047500 0.058033
v -0.012524 0.047500 0.059409
v -0.017206 0.047500 0.061443
v 0.029011 0.047500 0.118253
v 0.007609 0.047500 0.131267
v 0.012524 0.047500 0.129891
v -0.002552 0.047500 0.131963
v 0.037051 0.047500 0.089558
v 0.017206 0.047500 0.127857
v 0.021568 0.047500 0.125205
v 0.025527 0.047500 0.121983
v -0.021568 0.047500 0.064095
v -0.025527 0.047500 0.067317
v -0.029011 0.047500 0.071047
v -0.031955 0.047500 0.075218
v -0.034304 0.047500 0.079750
v -0.036013 0.047500 0.084560
v -0.037051 0.047500 0.089557
v -0.037400 0.047500 0.094650
v -0.037051 0.047500 0.099742
v 0.007913 -0.036623 0.049150
v 0.003670 -0.037303 0.049150
v -0.037310 -0.003768 0.049150
v 0.037312 0.003746 0.049150
v -0.029049 0.023692 0.049150
v -0.026524 0.026480 0.049150
v 0.036525 -0.008489 0.049150
v 0.035333 -0.012555 0.049150
v -0.037500 0.000000 0.049150
v -0.037256 0.004269 0.049150
v -0.036524 0.008493 0.049150
v -0.035323 0.012579 0.049150
v -0.033661 0.016512 0.049150
v -0.031554 0.020243 0.049150
v -0.016064 0.033843 0.049150
v -0.012085 0.035459 0.049150
v 0.037256 -0.004269 0.049150
v 0.037500 0.000000 0.049150
v 0.033682 -0.016470 0.049150
v 0.031569 -0.020220 0.049150
v 0.029073 -0.023662 0.049150
v -0.004202 -0.037246 0.049150
v -0.008313 -0.036534 0.049150
v -0.023659 -0.029060 0.049150
v -0.026531 -0.026473 0.049150
v -0.029364 -0.023300 0.049150
v -0.031842 -0.019787 0.049150
v -0.033883 -0.016054 0.049150
v -0.035485 -0.012116 0.049150
v -0.036641 -0.007972 0.049150
v -0.007951 0.036615 0.049150
v -0.003690 0.037300 0.049150
v 0.036641 0.007975 0.049150
v 0.035493 0.012093 0.049150
v -0.000050 -0.037491 0.049150
v -0.023318 0.029334 0.049150
v -0.019822 0.031794 0.049150
v 0.004192 0.037246 0.049150
v 0.008318 0.036532 0.049150
v 0.023653 0.029065 0.049150
v 0.026531 0.026472 0.049150
v 0.029369 0.023294 0.049150
v 0.026484 -0.026520 0.049150
v 0.023261 -0.029379 0.049150
v 0.019775 -0.031823 0.049150
v 0.016036 -0.033857 0.049150
v 0.012038 -0.035475 0.049150
v -0.012468 -0.035325 0.049150
v -0.016429 -0.033668 0.049150
v -0.020160 -0.031581 0.049150
v 0.000015 0.037491 0.049150
v 0.031837 0.019796 0.049150
v 0.033889 0.016041 0.049150
v 0.012448 0.035333 0.049150
v 0.016430 0.033668 0.049150
v 0.020169 0.031576 0.049150
v -0.037500 0.000000 0.055650
v -0.037337 -0.003242 0.055650
v -0.036721 -0.007470 0.055650
v -0.037310 -0.003768 0.055650
v -0.035629 -0.011601 0.055650
v -0.036641 -0.007972 0.055650
v -0.034076 -0.015580 0.055650
v -0.035485 -0.012116 0.055650
v -0.032078 -0.019356 0.055650
v -0.033883 -0.016054 0.055650
v -0.029662 -0.022878 0.055650
v -0.031842 -0.019787 0.055650
v -0.026860 -0.026104 0.055650
v -0.029364 -0.023300 0.055650
v -0.023722 -0.029004 0.055650
v -0.026531 -0.026473 0.055650
v -0.020258 -0.031511 0.055650
v -0.023659 -0.029060 0.055650
v -0.016533 -0.033611 0.055650
v -0.020160 -0.031581 0.055650
v -0.012591 -0.035274 0.055650
v -0.016429 -0.033668 0.055650
v -0.008485 -0.036483 0.055650
v -0.012468 -0.035325 0.055650
v -0.004202 -0.037246 0.055650
v -0.004271 -0.037233 0.055650
v -0.006380 -0.036868 0.055650
v -0.008313 -0.036534 0.055650
v -0.002136 -0.037368 0.055650
v -0.000050 -0.037491 0.055650
v 0.000000 -0.037488 0.055650
v 0.002137 -0.037380 0.055650
v 0.007913 -0.036623 0.055650
v 0.006382 -0.036869 0.055650
v 0.004267 -0.037207 0.055650
v 0.003670 -0.037303 0.055650
v 0.008480 -0.036465 0.055650
v 0.012038 -0.035475 0.055650
v 0.012583 -0.035254 0.055650
v 0.016036 -0.033857 0.055650
v 0.016523 -0.033592 0.055650
v 0.019775 -0.031823 0.055650
v 0.020246 -0.031493 0.055650
v 0.023261 -0.029379 0.055650
v 0.023706 -0.028985 0.055650
v 0.026484 -0.026520 0.055650
v 0.026861 -0.026104 0.055650
v 0.029073 -0.023662 0.055650
v 0.029648 -0.022868 0.055650
v 0.031569 -0.020220 0.055650
v 0.032061 -0.019346 0.055650
v 0.033682 -0.016470 0.055650
v 0.034060 -0.015573 0.055650
v 0.035333 -0.012555 0.055650
v 0.035614 -0.011595 0.055650
v 0.036525 -0.008489 0.055650
v 0.036702 -0.007467 0.055650
v 0.037256 -0.004269 0.055650
v 0.037315 -0.003240 0.055650
v 0.037500 0.000000 0.055650
v -0.037400 0.042250 0.094650
v -0.037051 0.042250 0.099742
v -0.036013 0.042250 0.104740
v -0.034304 0.042250 0.109550
v -0.031955 0.042250 0.114082
v -0.029011 0.042250 0.118253
v -0.025527 0.042250 0.121983
v -0.021568 0.042250 0.125205
v -0.017206 0.042250 0.127857
v -0.012524 0.042250 0.129890
v -0.007609 0.042250 0.131267
v -0.002552 0.042250 0.131963
v 0.002552 0.042250 0.131963
v 0.007609 0.042250 0.131267
v 0.012524 0.042250 0.129891
v 0.017206 0.042250 0.127857
v 0.021568 0.042250 0.125205
v 0.025527 0.042250 0.121983
v 0.029011 0.042250 0.118253
v 0.031955 0.042250 0.114082
v 0.034303 0.042250 0.109550
v 0.036013 0.042250 0.104740
v 0.037051 0.042250 0.099743
v 0.037400 0.042250 0.094650
v 0.037051 0.042250 0.089558
v 0.036013 0.042250 0.084560
v 0.034303 0.042250 0.079750
v 0.031955 0.042250 0.075218
v 0.029011 0.042250 0.071047
v 0.025527 0.042250 0.067317
v 0.021568 0.042250 0.064095
v 0.017206 0.042250 0.061443
v 0.012524 0.042250 0.059409
v 0.007609 0.042250 0.058033
v 0.002552 0.042250 0.057337
v -0.002552 0.042250 0.057337
v -0.007609 0.042250 0.058033
v -0.012524 0.042250 0.059409
v -0.017206 0.042250 0.061443
v -0.021568 0.042250 0.064095
v -0.025527 0.042250 0.067317
v -0.029011 0.042250 0.071047
v -0.031955 0.042250 0.075218
v -0.034304 0.042250 0.079750
v -0.036013 0.042250 0.084560
v -0.037051 0.042250 0.089557
v -0.037499 0.010506 0.094526
v -0.037499 0.010505 0.094533
v -0.037500 0.011871 0.094647
v -0.037500 0.011897 0.094649
v -0.037499 -0.010506 0.094526
v -0.037499 -0.010505 0.094533
v -0.037499 -0.009549 0.094417
v -0.037499 -0.009319 0.094399
v -0.037497 -0.008551 0.094252
v -0.037496 -0.007809 0.094151
v -0.037484 -0.005161 0.093544
v -0.037485 -0.005302 0.093577
v -0.037484 -0.005150 0.093585
v -0.037491 -0.006435 0.093847
v -0.037494 -0.006952 0.094010
v -0.037495 -0.007205 0.094030
v -0.037496 -0.007812 0.094130
v -0.037483 -0.004876 0.093476
v -0.037481 -0.004595 0.093455
v -0.037476 -0.004319 0.093303
v -0.037455 -0.002546 0.092827
v -0.037456 -0.002621 0.092775
v -0.037399 -0.000083 0.091905
v -0.037407 -0.000439 0.091931
v -0.037452 -0.002299 0.092751
v -0.037447 -0.002218 0.092619
v -0.037455 -0.002571 0.092755
v 0.037499 0.010505 0.094533
v 0.037499 0.010506 0.094526
v 0.037500 0.011897 0.094649
v 0.037407 -0.000439 0.091931
v 0.037399 -0.000082 0.091905
v 0.037432 -0.001362 0.092309
v 0.037428 -0.001145 0.092332
v 0.037446 -0.002216 0.092610
v 0.037453 -0.002544 0.092814
v 0.037484 -0.005143 0.093583
v 0.037476 -0.004317 0.093300
v 0.037469 -0.003423 0.093117
v 0.037470 -0.003597 0.093099
v 0.037452 -0.002570 0.092736
v 0.037489 -0.005759 0.093750
v 0.037496 -0.007806 0.094160
v 0.037491 -0.006435 0.093850
v 0.037496 -0.007810 0.094136
v 0.037489 -0.005853 0.093729
v 0.037485 -0.005309 0.093577
v 0.037484 -0.005156 0.093535
v 0.037498 -0.008156 0.094208
v 0.037497 -0.008110 0.094221
v 0.037498 -0.008554 0.094262
v 0.037499 -0.010505 0.094533
v 0.037499 -0.010506 0.094526
v -0.020252 0.031499 0.055650
v -0.019810 0.031776 0.055650
v -0.004270 0.037220 0.055650
v -0.003689 0.037293 0.055650
v 0.031607 0.020161 0.055650
v 0.031828 0.019791 0.055650
v 0.034853 0.013828 0.055650
v 0.035482 0.012088 0.055650
v 0.037191 0.004795 0.055651
v 0.037294 0.003745 0.055650
v 0.037420 0.002442 0.055650
v 0.037342 0.003241 0.055650
v 0.036816 0.007123 0.055651
v 0.036737 0.007472 0.055651
v 0.035642 0.011648 0.055650
v 0.036298 0.009411 0.055651
v 0.036624 0.007972 0.055651
v 0.034090 0.015586 0.055650
v 0.033928 0.015958 0.055650
v 0.032085 0.019359 0.055650
v 0.032791 0.018177 0.055650
v 0.033887 0.016039 0.055650
v 0.030293 0.022081 0.055650
v 0.029667 0.022881 0.055650
v 0.025587 0.027384 0.055650
v 0.026518 0.026460 0.055650
v 0.026870 0.026112 0.055650
v 0.027234 0.025750 0.055650
v 0.028762 0.024037 0.055650
v 0.029353 0.023282 0.055650
v 0.023723 0.029005 0.055650
v 0.023657 0.029062 0.055650
v 0.020161 0.031564 0.055650
v 0.020253 0.031503 0.055650
v 0.021841 0.030446 0.055650
v 0.023653 0.029065 0.055650
v 0.016422 0.033652 0.055651
v 0.016528 0.033600 0.055651
v 0.017485 0.033133 0.055651
v 0.019726 0.031853 0.055650
v 0.012443 0.035316 0.055650
v 0.012589 0.035267 0.055650
v 0.013127 0.035086 0.055650
v 0.015406 0.034147 0.055650
v 0.008376 0.036519 0.055651
v 0.008487 0.036489 0.055651
v 0.010557 0.035940 0.055650
v 0.010725 0.035895 0.055650
v 0.003458 0.037324 0.055650
v 0.004190 0.037229 0.055650
v 0.004269 0.037218 0.055650
v 0.005928 0.037003 0.055650
v 0.006388 0.036912 0.055650
v 0.008318 0.036530 0.055651
v 0.000000 0.037473 0.055650
v 0.000014 0.037473 0.055650
v 0.001140 0.037473 0.055650
v 0.002138 0.037409 0.055650
v -0.003390 0.037330 0.055650
v -0.002138 0.037409 0.055650
v -0.001092 0.037474 0.055650
v -0.007987 0.036607 0.055650
v -0.007951 0.036614 0.055650
v -0.006387 0.036909 0.055650
v -0.005686 0.037041 0.055650
v -0.012082 0.035450 0.055650
v -0.010555 0.035936 0.055650
v -0.010225 0.036041 0.055650
v -0.008485 0.036481 0.055650
v -0.016057 0.033828 0.055651
v -0.014611 0.034495 0.055650
v -0.012592 0.035275 0.055650
v -0.012399 0.035350 0.055650
v -0.018820 0.032396 0.055651
v -0.016761 0.033504 0.055651
v -0.016533 0.033609 0.055651
v -0.023309 0.029322 0.055650
v -0.022778 0.029754 0.055650
v -0.021013 0.031022 0.055650
v -0.026518 0.026474 0.055650
v -0.026300 0.026702 0.055650
v -0.024585 0.028284 0.055650
v -0.023713 0.028993 0.055650
v -0.027794 0.025147 0.055650
v -0.026868 0.026110 0.055650
v -0.030849 0.021299 0.055650
v -0.029675 0.022888 0.055650
v -0.029465 0.023172 0.055650
v -0.029035 0.023680 0.055650
v -0.032099 0.019367 0.055650
v -0.033304 0.017220 0.055650
v -0.032073 0.019413 0.055650
v -0.031541 0.020234 0.055650
v -0.035137 0.013089 0.055650
v -0.034312 0.015118 0.055650
v -0.034088 0.015584 0.055650
v -0.033647 0.016505 0.055650
v -0.035898 0.010833 0.055650
v -0.035639 0.011602 0.055650
v -0.035311 0.012575 0.055650
v -0.036503 0.008581 0.055651
v -0.036521 0.008493 0.055651
v -0.037314 0.003723 0.055650
v -0.037241 0.004267 0.055650
v -0.036967 0.006297 0.055651
v -0.036729 0.007471 0.055651
v -0.037483 0.001133 0.055650
v -0.037345 0.003242 0.055650
v -0.037414 -0.000420 0.091584
v -0.037462 -0.000280 0.089066
v -0.037470 0.000284 0.089173
v -0.037399 0.000082 0.091905
v -0.037419 0.000410 0.091403
v -0.037407 0.000439 0.091931
v -0.037476 0.000251 0.088544
v -0.037481 0.000220 0.087942
v -0.037484 -0.000217 0.087942
v -0.037485 -0.000213 0.087867
v -0.037485 -0.000209 0.087772
v -0.037483 0.000206 0.087682
v -0.037489 -0.000163 0.086675
v -0.037494 0.000141 0.086427
v -0.037495 0.000124 0.085888
v -0.037497 -0.000066 0.084385
v -0.037498 0.000055 0.083698
v -0.037499 -0.000037 0.083698
v -0.037499 -0.000035 0.083647
v -0.037498 0.000046 0.083403
v -0.037500 -0.000029 0.082248
v -0.037500 0.000009 0.082227
v -0.037500 0.000008 0.080970
v -0.037500 -0.000021 0.080157
v -0.037500 0.000006 0.079364
v -0.037500 -0.000018 0.079364
v -0.037500 0.000005 0.078625
v -0.037500 0.000000 0.075025
v -0.037453 0.002549 0.092815
v -0.037450 0.002350 0.092670
v -0.037428 0.001147 0.092333
v -0.037468 0.003425 0.093117
v -0.037456 0.002610 0.092770
v -0.037455 0.002570 0.092755
v -0.037485 0.005305 0.093577
v -0.037484 0.005159 0.093542
v -0.037484 0.005148 0.093584
v -0.037482 0.004836 0.093465
v -0.037481 0.004731 0.093432
v -0.037499 0.009529 0.094414
v -0.037499 0.009520 0.094413
v -0.037496 0.007811 0.094130
v -0.037495 0.007129 0.094013
v -0.037489 0.005762 0.093750
v -0.037495 0.007170 0.094023
v -0.037496 0.007806 0.094160
v -0.037497 0.008110 0.094221
v 0.037499 0.009509 0.094390
v 0.037499 0.009319 0.094399
v 0.037497 0.008106 0.094199
v 0.037496 0.007805 0.094150
v 0.037484 0.005156 0.093535
v 0.037485 0.005305 0.093577
v 0.037484 0.005143 0.093584
v 0.037489 0.005797 0.093716
v 0.037494 0.006952 0.094010
v 0.037494 0.007122 0.093993
v 0.037496 0.007808 0.094137
v 0.037480 0.004727 0.093414
v 0.037481 0.004595 0.093455
v 0.037469 0.003542 0.093081
v 0.037455 0.002540 0.092825
v 0.037452 0.002571 0.092735
v 0.037448 0.002348 0.092656
v 0.037452 0.002299 0.092751
v 0.037430 0.001283 0.092277
v 0.037399 0.000083 0.091905
v 0.037407 0.000439 0.091931
v 0.037478 0.000219 0.087941
v 0.037467 0.000255 0.088593
v 0.037416 0.000411 0.091422
v 0.037414 -0.000420 0.091584
v 0.037462 -0.000280 0.089066
v 0.037484 -0.000217 0.087941
v 0.037500 0.000000 0.075025
v 0.037500 0.000002 0.077242
v 0.037500 -0.000001 0.077629
v 0.037500 0.000007 0.078630
v 0.037500 -0.000015 0.079360
v 0.037500 0.000010 0.079360
v 0.037499 -0.000021 0.080158
v 0.037500 0.000016 0.080992
v 0.037499 -0.000038 0.082273
v 0.037500 0.000025 0.083218
v 0.037499 -0.000049 0.083696
v 0.037499 0.000030 0.083349
v 0.037499 0.000043 0.083695
v 0.037499 -0.000053 0.084265
v 0.037493 0.000130 0.085920
v 0.037485 -0.000213 0.087866
v 0.037482 0.000206 0.087706
v 0.037485 -0.000209 0.087778
v 0.037489 0.000185 0.087328
v 0.037490 -0.000159 0.086661
v 0.037499 -0.000057 0.084346
v -0.029683 -0.023832 0.069736
v -0.029683 -0.023382 0.069041
v -0.026879 -0.026497 0.066346
v 0.029683 -0.023832 0.069736
v 0.029683 -0.024377 0.070355
v 0.026879 -0.027305 0.067411
v 0.029683 -0.025007 0.070887
v 0.029683 -0.025712 0.071323
v 0.026879 -0.028388 0.068198
v 0.029683 -0.022702 0.066599
v 0.029683 -0.022807 0.067462
v 0.026879 -0.026027 0.065066
v 0.029683 -0.023036 0.068280
v 0.029683 -0.023382 0.069041
v 0.026879 -0.026497 0.066346
v -0.029683 -0.023036 0.068280
v -0.029683 -0.022807 0.067462
v -0.026879 -0.026027 0.065066
v 0.006390 -0.036922 0.055946
v 0.004272 -0.037237 0.055805
v 0.037485 -0.000651 0.088680
v 0.037500 -0.012697 0.094705
v 0.037359 -0.014939 0.091422
v 0.037359 -0.013085 0.091239
v 0.009520 -0.038895 0.058419
v 0.008484 -0.039004 0.058173
v 0.008488 -0.037826 0.058144
v -0.037499 -0.015842 0.094854
v -0.037499 -0.014726 0.094793
v -0.037359 -0.016840 0.091436
v -0.037485 -0.004534 0.093088
v -0.037359 -0.008171 0.089144
v -0.037485 -0.003030 0.091816
v -0.037500 0.000000 0.073935
v -0.037359 -0.003208 0.070459
v -0.037500 0.000000 0.071826
v -0.037359 -0.003236 0.079976
v -0.037359 -0.003459 0.081819
v -0.037359 -0.003951 0.083565
v -0.037485 -0.000651 0.088680
v -0.037485 -0.001728 0.090339
v -0.037359 -0.009679 0.090078
v -0.037500 -0.010662 0.094540
v -0.037359 -0.011324 0.090784
v -0.037500 -0.012695 0.094682
v -0.037500 -0.011546 0.094619
v -0.037359 -0.013085 0.091239
v -0.037499 -0.016611 0.094911
v -0.037464 -0.023668 0.093026
v -0.037493 -0.022642 0.095359
v -0.036729 -0.026209 0.087251
v -0.036969 -0.025690 0.088431
v -0.036746 -0.019457 0.087260
v -0.037288 -0.024684 0.090717
v -0.037343 -0.024365 0.091443
v -0.036508 -0.026684 0.086171
v -0.035655 -0.022018 0.083175
v -0.035905 -0.027666 0.083940
v -0.034084 -0.029754 0.079195
v -0.034430 -0.029432 0.079928
v -0.034099 -0.024494 0.079230
v -0.035285 -0.028486 0.082076
v -0.035643 -0.028013 0.083150
v -0.033449 -0.030347 0.077847
v -0.032100 -0.026853 0.075475
v -0.032345 -0.031233 0.075835
v -0.029679 -0.032962 0.071903
v -0.029774 -0.032911 0.072020
v -0.029683 -0.029068 0.071956
v -0.031120 -0.032088 0.073892
v -0.032090 -0.031411 0.075429
v -0.028336 -0.033688 0.070254
v -0.026879 -0.031108 0.068720
v -0.026876 -0.034386 0.068667
v -0.023441 -0.035768 0.065526
v -0.023718 -0.035664 0.065764
v -0.023725 -0.032949 0.065808
v -0.025159 -0.035120 0.066999
v -0.026792 -0.034427 0.068575
v -0.021639 -0.036370 0.064158
v -0.020262 -0.034564 0.063260
v -0.020253 -0.036778 0.063230
v -0.019754 -0.036926 0.062895
v -0.018429 -0.035280 0.062134
v -0.018419 -0.037269 0.062115
v -0.017680 -0.037459 0.061683
v -0.016536 -0.035930 0.061112
v -0.016527 -0.037715 0.061101
v -0.015674 -0.037905 0.060670
v -0.014589 -0.036512 0.060199
v -0.014580 -0.038113 0.060197
v -0.013613 -0.038297 0.059778
v -0.012594 -0.037024 0.059397
v -0.012589 -0.038463 0.059401
v -0.010558 -0.037463 0.058711
v -0.010552 -0.038759 0.058729
v -0.011825 -0.038587 0.059120
v -0.008488 -0.037826 0.058144
v -0.006390 -0.038113 0.057698
v -0.006387 -0.039195 0.057737
v -0.007551 -0.039103 0.057947
v -0.008483 -0.039004 0.058173
v -0.009699 -0.038874 0.058467
v -0.002139 -0.038445 0.057183
v -0.003194 -0.039388 0.057298
v -0.004272 -0.038319 0.057377
v -0.004269 -0.039332 0.057425
v -0.005382 -0.039275 0.057557
v -0.000000 -0.039445 0.057169
v -0.000478 -0.039448 0.057161
v 0.000000 -0.038487 0.057118
v -0.000990 -0.039444 0.057172
v -0.002138 -0.039415 0.057237
v 0.001736 -0.039432 0.057199
v 0.002139 -0.038445 0.057183
v 0.002139 -0.039418 0.057231
v 0.003942 -0.039356 0.057371
v 0.004272 -0.038319 0.057377
v 0.004271 -0.039338 0.057413
v 0.006390 -0.038113 0.057698
v 0.007354 -0.039121 0.057906
v 0.006387 -0.039195 0.057738
v 0.005161 -0.039289 0.057525
v 0.010558 -0.038765 0.058716
v 0.010558 -0.037463 0.058711
v 0.010654 -0.038753 0.058743
v 0.012594 -0.037024 0.059397
v 0.012591 -0.038465 0.059396
v 0.012822 -0.038431 0.059474
v 0.014589 -0.036512 0.060199
v 0.014584 -0.038116 0.060190
v 0.014932 -0.038054 0.060332
v 0.016536 -0.035930 0.061112
v 0.016530 -0.037717 0.061097
v 0.016985 -0.037621 0.061315
v 0.018429 -0.035280 0.062134
v 0.018421 -0.037270 0.062112
v 0.018978 -0.037134 0.062421
v 0.020262 -0.034564 0.063260
v 0.020255 -0.036778 0.063230
v 0.023725 -0.032949 0.065808
v 0.022676 -0.036032 0.064925
v 0.020777 -0.036633 0.063560
v 0.026181 -0.034696 0.067964
v 0.024478 -0.035386 0.066394
v 0.023713 -0.035661 0.065770
v 0.029373 -0.033137 0.071506
v 0.027784 -0.033962 0.069631
v 0.026879 -0.031108 0.068720
v 0.026865 -0.034383 0.068675
v 0.030780 -0.032305 0.073396
v 0.029672 -0.032960 0.071907
v 0.029683 -0.029068 0.071957
v 0.033205 -0.030554 0.077377
v 0.032098 -0.031413 0.075425
v 0.032100 -0.026853 0.075475
v 0.032057 -0.031444 0.075354
v 0.035397 -0.028348 0.082389
v 0.035109 -0.028695 0.081602
v 0.034099 -0.024494 0.079230
v 0.034223 -0.029637 0.079461
v 0.034092 -0.029755 0.079192
v 0.036737 -0.026210 0.087250
v 0.036670 -0.026368 0.086888
v 0.035655 -0.022018 0.083175
v 0.036107 -0.027363 0.084628
v 0.035639 -0.028013 0.083151
v 0.037499 -0.016612 0.094910
v 0.037499 -0.016998 0.094929
v 0.037359 -0.016840 0.091436
v 0.037493 -0.022642 0.095359
v 0.037489 -0.023340 0.093771
v 0.037361 -0.024356 0.091463
v 0.037359 -0.024365 0.091442
v 0.037500 -0.012996 0.094729
v 0.037499 -0.013556 0.094757
v 0.037499 -0.014722 0.094815
v 0.037359 -0.011324 0.090784
v 0.037499 -0.010657 0.094539
v 0.037359 -0.009679 0.090078
v 0.037359 -0.008171 0.089144
v 0.037485 -0.004534 0.093088
v 0.037485 -0.003030 0.091816
v 0.037485 -0.001727 0.090339
v 0.037359 -0.004690 0.085192
v 0.037359 -0.003951 0.083565
v 0.037359 -0.003459 0.081819
v 0.037359 -0.003236 0.079976
v 0.037359 -0.003215 0.078077
v 0.037500 0.000000 0.073935
v 0.037359 -0.003207 0.070459
v 0.037500 0.000000 0.071826
v 0.036746 -0.007400 0.068674
v 0.035655 -0.011500 0.066926
v 0.034099 -0.015457 0.065238
v 0.032100 -0.019219 0.063628
v 0.026879 -0.025974 0.060724
v 0.029683 -0.022740 0.062117
v 0.023725 -0.028878 0.059469
v 0.020262 -0.031414 0.058367
v 0.008488 -0.036483 0.056141
v 0.010558 -0.035923 0.056389
v 0.012594 -0.035245 0.056689
v 0.014589 -0.034452 0.057038
v 0.016536 -0.033547 0.057435
v 0.018429 -0.032533 0.057879
v 0.000000 -0.037492 0.055690
v 0.002139 -0.037428 0.055719
v -0.002139 -0.037428 0.055719
v -0.006390 -0.036922 0.055946
v -0.004272 -0.037237 0.055805
v -0.008488 -0.036483 0.056141
v -0.023725 -0.028878 0.059469
v -0.020262 -0.031414 0.058367
v -0.018429 -0.032533 0.057879
v -0.016536 -0.033547 0.057435
v -0.014589 -0.034452 0.057038
v -0.012594 -0.035245 0.056689
v -0.010558 -0.035923 0.056389
v -0.026879 -0.025974 0.060724
v -0.029683 -0.022740 0.062117
v -0.034099 -0.015457 0.065238
v -0.032100 -0.019219 0.063628
v -0.035655 -0.011500 0.066926
v -0.036746 -0.007400 0.068674
v -0.037359 -0.004690 0.085192
v -0.036746 -0.008038 0.080294
v -0.035655 -0.011659 0.075739
v -0.036746 -0.007604 0.078747
v -0.034099 -0.015431 0.071603
v -0.035655 -0.011488 0.074311
v -0.036746 -0.007407 0.077114
v -0.032100 -0.019175 0.067948
v -0.034099 -0.015420 0.070335
v -0.035655 -0.011476 0.072839
v -0.036746 -0.007391 0.075431
v -0.037359 -0.003216 0.078077
v -0.023725 -0.028842 0.061781
v -0.026879 -0.025930 0.063643
v 0.022029 -0.030164 0.060935
v 0.020262 -0.031391 0.060148
v 0.018429 -0.032517 0.059424
v 0.016536 -0.033539 0.058767
v 0.014589 -0.034453 0.058177
v 0.012594 -0.035255 0.057659
v 0.010558 -0.035941 0.057216
v 0.008488 -0.036509 0.056848
v 0.006390 -0.036955 0.056558
v 0.004272 -0.037276 0.056349
v 0.002139 -0.037471 0.056222
v 0.000000 -0.037536 0.056179
v -0.002139 -0.037471 0.056222
v -0.004272 -0.037276 0.056349
v -0.006390 -0.036955 0.056558
v -0.008488 -0.036509 0.056848
v -0.010558 -0.035941 0.057216
v -0.012594 -0.035255 0.057659
v -0.014589 -0.034453 0.058177
v -0.016536 -0.033539 0.058766
v -0.018429 -0.032517 0.059424
v -0.020262 -0.031391 0.060148
v -0.022029 -0.030164 0.060935
v 0.029683 -0.022693 0.065708
v 0.026879 -0.025930 0.063643
v 0.023725 -0.028842 0.061781
v 0.023725 -0.031821 0.065738
v 0.026879 -0.029680 0.068642
v 0.034099 -0.023224 0.079225
v 0.032100 -0.025779 0.075471
v 0.034099 -0.021987 0.079105
v 0.032100 -0.024731 0.075369
v 0.034099 -0.020812 0.078803
v 0.035655 -0.020544 0.083168
v 0.035655 -0.019108 0.083028
v 0.035655 -0.017743 0.082677
v 0.035655 -0.016469 0.082132
v 0.032100 -0.020542 0.072803
v 0.032100 -0.020000 0.071965
v 0.034099 -0.016394 0.075082
v 0.032100 -0.019584 0.071048
v 0.034099 -0.015903 0.073997
v 0.032100 -0.019308 0.070062
v 0.034099 -0.015577 0.072833
v 0.032100 -0.019184 0.069022
v 0.034099 -0.015430 0.071603
v 0.032100 -0.019175 0.067948
v 0.034099 -0.015420 0.070335
v 0.032100 -0.021959 0.074192
v 0.032100 -0.021199 0.073550
v 0.034099 -0.017812 0.076955
v 0.034099 -0.017035 0.076073
v 0.035655 -0.013354 0.079503
v 0.035655 -0.012609 0.078352
v 0.036746 -0.008692 0.081736
v 0.035655 -0.012038 0.077092
v 0.036746 -0.008038 0.080294
v 0.035655 -0.011659 0.075739
v 0.036746 -0.007604 0.078747
v 0.035655 -0.011488 0.074311
v 0.036746 -0.007407 0.077114
v 0.035655 -0.011476 0.072839
v 0.036746 -0.007391 0.075431
v 0.037088 -0.025366 0.089167
v 0.036746 -0.019457 0.087260
v 0.036746 -0.017772 0.087250
v 0.036746 -0.016128 0.087089
v 0.036746 -0.014568 0.086686
v 0.036746 -0.013110 0.086062
v 0.036746 -0.011774 0.085236
v 0.037359 -0.006822 0.088004
v 0.029683 -0.027307 0.071866
v 0.029683 -0.026482 0.071653
v 0.032100 -0.023737 0.075113
v 0.032100 -0.022809 0.074717
v 0.034099 -0.019715 0.078335
v 0.034099 -0.018710 0.077714
v 0.035655 -0.015301 0.081410
v 0.035655 -0.014258 0.080528
v 0.036746 -0.010579 0.084226
v 0.036746 -0.009546 0.083053
v 0.037359 -0.005654 0.086679
v -0.037499 -0.013556 0.094729
v -0.037359 -0.014939 0.091422
v -0.036746 -0.017772 0.087250
v -0.036746 -0.016128 0.087089
v -0.035655 -0.020544 0.083168
v -0.035655 -0.019108 0.083028
v -0.034099 -0.023224 0.079225
v -0.034099 -0.021987 0.079105
v -0.032100 -0.025779 0.075471
v -0.032100 -0.024731 0.075369
v -0.029683 -0.028176 0.071952
v -0.029683 -0.027307 0.071866
v -0.026879 -0.029680 0.068642
v -0.037359 -0.005654 0.086679
v -0.029683 -0.022693 0.065708
v -0.029683 -0.022702 0.066599
v -0.032100 -0.019184 0.069022
v -0.032100 -0.019308 0.070062
v -0.034099 -0.015577 0.072833
v -0.034099 -0.015903 0.073997
v -0.035655 -0.012038 0.077092
v -0.035655 -0.012609 0.078352
v -0.036746 -0.008692 0.081736
v -0.035655 -0.013355 0.079503
v -0.036746 -0.009546 0.083053
v -0.032100 -0.019584 0.071047
v -0.032100 -0.020000 0.071965
v -0.034099 -0.016394 0.075082
v -0.032100 -0.020542 0.072803
v -0.034099 -0.017035 0.076073
v 0.023725 -0.028927 0.062905
v 0.022029 -0.030245 0.061922
v 0.020262 -0.031468 0.061009
v 0.018429 -0.032592 0.060169
v 0.016536 -0.033612 0.059406
v 0.014589 -0.034526 0.058722
v 0.012594 -0.035327 0.058122
v 0.010558 -0.036014 0.057606
v 0.008488 -0.036582 0.057179
v 0.006390 -0.037029 0.056843
v 0.004272 -0.037351 0.056601
v 0.002139 -0.037546 0.056453
v 0.000000 -0.037612 0.056404
v -0.002139 -0.037546 0.056453
v -0.004272 -0.037351 0.056601
v -0.006390 -0.037029 0.056843
v -0.008488 -0.036582 0.057179
v -0.010558 -0.036014 0.057606
v -0.012594 -0.035327 0.058122
v -0.014589 -0.034526 0.058722
v -0.016536 -0.033612 0.059406
v -0.018429 -0.032592 0.060169
v -0.020262 -0.031468 0.061009
v -0.022029 -0.030245 0.061922
v -0.023725 -0.028927 0.062905
v -0.037359 -0.006822 0.088004
v -0.036746 -0.011774 0.085236
v -0.036746 -0.010579 0.084226
v -0.035655 -0.015302 0.081410
v -0.035655 -0.014258 0.080528
v -0.034099 -0.018711 0.077713
v -0.034099 -0.017812 0.076955
v -0.032100 -0.021959 0.074191
v -0.032100 -0.021200 0.073549
v -0.029683 -0.025008 0.070887
v -0.029683 -0.024377 0.070355
v -0.026879 -0.027305 0.067411
v -0.036746 -0.014568 0.086686
v -0.036746 -0.013110 0.086062
v -0.035655 -0.017743 0.082677
v -0.035655 -0.016469 0.082132
v -0.034099 -0.020812 0.078803
v -0.034099 -0.019715 0.078335
v -0.032100 -0.023737 0.075113
v -0.032100 -0.022809 0.074717
v -0.029683 -0.026482 0.071653
v -0.029683 -0.025712 0.071323
v -0.026879 -0.028388 0.068198
v -0.023725 -0.031821 0.065738
v -0.022029 -0.032795 0.064419
v -0.020262 -0.033699 0.063194
v -0.018429 -0.034531 0.062069
v -0.016536 -0.035287 0.061048
v -0.014589 -0.035964 0.060134
v -0.012594 -0.036560 0.059331
v -0.010558 -0.037070 0.058644
v -0.008488 -0.037493 0.058075
v -0.006390 -0.037826 0.057628
v -0.004272 -0.038066 0.057306
v -0.002139 -0.038212 0.057110
v 0.000000 -0.038261 0.057045
v 0.002139 -0.038212 0.057110
v 0.004272 -0.038066 0.057306
v 0.006390 -0.037826 0.057628
v 0.008488 -0.037493 0.058075
v 0.010558 -0.037070 0.058644
v 0.012594 -0.036560 0.059331
v 0.014589 -0.035964 0.060134
v 0.016536 -0.035287 0.061048
v 0.018429 -0.034531 0.062069
v 0.020262 -0.033699 0.063194
v 0.022029 -0.032795 0.064419
v -0.023725 -0.030801 0.065382
v -0.023725 -0.029945 0.064758
v -0.022029 -0.031898 0.064101
v -0.022029 -0.031146 0.063551
v -0.020262 -0.032917 0.062913
v -0.020262 -0.032260 0.062430
v -0.018429 -0.033855 0.061820
v -0.018429 -0.033285 0.061400
v -0.016536 -0.034707 0.060828
v -0.016536 -0.034217 0.060463
v -0.014589 -0.035470 0.059939
v -0.014589 -0.035051 0.059625
v -0.012594 -0.036140 0.059159
v -0.012594 -0.035783 0.058889
v -0.010558 -0.036715 0.058490
v -0.010558 -0.036412 0.058257
v -0.008488 -0.037192 0.057936
v -0.008488 -0.036932 0.057734
v -0.006390 -0.037567 0.057501
v -0.006390 -0.037342 0.057322
v -0.004272 -0.037837 0.057186
v -0.004272 -0.037638 0.057025
v -0.002139 -0.038001 0.056996
v -0.002139 -0.037817 0.056845
v 0.000000 -0.038057 0.056932
v 0.000000 -0.037877 0.056784
v 0.002139 -0.038001 0.056996
v 0.002139 -0.037817 0.056845
v 0.004272 -0.037837 0.057186
v 0.004272 -0.037638 0.057025
v 0.006390 -0.037567 0.057501
v 0.006390 -0.037342 0.057322
v 0.008488 -0.037192 0.057936
v 0.008488 -0.036932 0.057734
v 0.010558 -0.036715 0.058490
v 0.010558 -0.036412 0.058257
v 0.012594 -0.036140 0.059159
v 0.012594 -0.035783 0.058889
v 0.014589 -0.035470 0.059939
v 0.014589 -0.035051 0.059625
v 0.016536 -0.034707 0.060828
v 0.016536 -0.034217 0.060463
v 0.018429 -0.033855 0.061820
v 0.018429 -0.033285 0.061400
v 0.020262 -0.032917 0.062913
v 0.020262 -0.032260 0.062430
v 0.022029 -0.031898 0.064102
v 0.022029 -0.031145 0.063551
v 0.023725 -0.030801 0.065382
v 0.023725 -0.029945 0.064758
v 0.023725 -0.029304 0.063916
v 0.022029 -0.030580 0.062810
v 0.020262 -0.031765 0.061784
v 0.018429 -0.032854 0.060839
v 0.016536 -0.033843 0.059981
v 0.014589 -0.034729 0.059213
v 0.012594 -0.035507 0.058537
v 0.010558 -0.036174 0.057958
v 0.008488 -0.036726 0.057478
v 0.006390 -0.037160 0.057101
v 0.004272 -0.037473 0.056828
v 0.002139 -0.037663 0.056662
v 0.000000 -0.037728 0.056607
v -0.002139 -0.037663 0.056662
v -0.004272 -0.037473 0.056828
v -0.006390 -0.037160 0.057100
v -0.008488 -0.036726 0.057478
v -0.010558 -0.036174 0.057958
v -0.012594 -0.035507 0.058537
v -0.014589 -0.034729 0.059212
v -0.016536 -0.033843 0.059981
v -0.018429 -0.032854 0.060839
v -0.020262 -0.031765 0.061783
v -0.022029 -0.030580 0.062810
v -0.023725 -0.029304 0.063916
v -0.012558 0.042250 0.059315
v -0.017252 0.042250 0.061354
v -0.021625 0.042250 0.064014
v -0.025596 0.042250 0.067244
v -0.029089 0.042250 0.070984
v -0.032041 0.042250 0.075166
v -0.034395 0.042250 0.079710
v -0.036109 0.042250 0.084533
v -0.037151 0.042250 0.089544
v -0.037500 0.042250 0.094650
v -0.037151 0.042250 0.099756
v -0.036109 0.042250 0.104767
v -0.034395 0.042250 0.109590
v -0.032041 0.042250 0.114134
v -0.029089 0.042250 0.118316
v -0.025596 0.042250 0.122056
v -0.021625 0.042250 0.125286
v -0.017252 0.042250 0.127946
v -0.012558 0.042250 0.129984
v -0.007629 0.042250 0.131365
v -0.002559 0.042250 0.132062
v 0.002559 0.042250 0.132062
v 0.007629 0.042250 0.131365
v 0.012558 0.042250 0.129984
v 0.017252 0.042250 0.127946
v 0.021625 0.042250 0.125286
v 0.025596 0.042250 0.122056
v 0.029089 0.042250 0.118316
v 0.032040 0.042250 0.114134
v 0.034395 0.042250 0.109590
v 0.036109 0.042250 0.104767
v 0.037151 0.042250 0.099756
v 0.037500 0.042250 0.094650
v 0.037151 0.042250 0.089544
v 0.036109 0.042250 0.084533
v 0.034395 0.042250 0.079710
v 0.032040 0.042250 0.075166
v 0.029089 0.042250 0.070984
v 0.025596 0.042250 0.067244
v 0.021625 0.042250 0.064014
v 0.017252 0.042250 0.061354
v 0.012558 0.042250 0.059315
v 0.007629 0.042250 0.057935
v 0.002559 0.042250 0.057237
v -0.002559 0.042250 0.057237
v -0.007629 0.042250 0.057935
v -0.037500 -0.011897 0.094650
v -0.037499 -0.013555 0.094735
v -0.037499 -0.014591 0.094788
v -0.037499 -0.016610 0.094921
v -0.037498 -0.018818 0.095066
v -0.032032 -0.014382 0.114130
v -0.021863 -0.009548 0.125117
v -0.025590 -0.010898 0.122049
v -0.029089 -0.012541 0.118315
v -0.025704 -0.010939 0.121955
v -0.013100 -0.007493 0.129787
v -0.017241 -0.008314 0.127922
v -0.029093 -0.012542 0.118312
v -0.031969 -0.014329 0.114252
v 0.011334 -0.007225 0.130396
v 0.007615 -0.006824 0.131309
v -0.017636 -0.008392 0.127744
v -0.021616 -0.009480 0.125271
v -0.034283 -0.016267 0.109847
v -0.034379 -0.016383 0.109584
v 0.020319 -0.009086 0.126168
v 0.017219 -0.008330 0.127886
v 0.015967 -0.008024 0.128580
v 0.012534 -0.007432 0.129925
v 0.006502 -0.006703 0.131582
v 0.002553 -0.006515 0.132010
v 0.001555 -0.006468 0.132117
v -0.035993 -0.018323 0.105174
v -0.036084 -0.018505 0.104762
v 0.027879 -0.011918 0.119730
v 0.025544 -0.010918 0.122003
v -0.002558 -0.006513 0.132015
v -0.003419 -0.006522 0.131994
v -0.007623 -0.006817 0.131325
v -0.008333 -0.006866 0.131212
v -0.012548 -0.007421 0.129952
v 0.037069 -0.020712 0.099745
v 0.036741 -0.019652 0.102154
v 0.036030 -0.018512 0.104745
v 0.024313 -0.010391 0.123200
v 0.021583 -0.009499 0.125229
v -0.037069 -0.020461 0.100316
v -0.037117 -0.020708 0.099753
v 0.037411 -0.021821 0.097224
v 0.035424 -0.017540 0.106953
v 0.034321 -0.016394 0.109558
v 0.033484 -0.015524 0.111534
v 0.031972 -0.014398 0.114094
v 0.030954 -0.013639 0.115819
v 0.029028 -0.012562 0.118268
v 0.037499 -0.016612 0.094910
v 0.037500 -0.011897 0.094650
v 0.037499 -0.015972 0.094862
v 0.037499 -0.013557 0.094736
v -0.002137 0.040000 0.057258
v 0.000000 0.040000 0.057150
v 0.000000 0.038866 0.057155
v -0.006390 0.037752 0.057599
v -0.006390 0.037908 0.057655
v -0.004272 0.038138 0.057332
v -0.010558 0.037182 0.058672
v -0.008488 0.037588 0.058102
v -0.008488 0.037407 0.058044
v -0.014589 0.036121 0.060165
v -0.012594 0.036692 0.059361
v -0.012594 0.036440 0.059295
v -0.017227 0.040000 0.061400
v -0.016523 0.040000 0.061015
v -0.016536 0.036963 0.061109
v 0.032100 0.030210 0.075443
v 0.034099 0.028454 0.079204
v 0.034099 0.025571 0.079227
v 0.018429 0.034745 0.062105
v 0.020262 0.033946 0.063233
v 0.020262 0.033476 0.063140
v 0.002139 0.038835 0.057219
v 0.026879 0.025931 0.063120
v 0.029683 0.022696 0.065063
v 0.029683 0.022723 0.063033
v 0.032100 0.019203 0.064729
v 0.026879 0.025957 0.061469
v 0.023725 0.028863 0.060059
v 0.023725 0.028842 0.061367
v 0.006390 0.037067 0.056933
v 0.006390 0.037145 0.057077
v 0.008488 0.036709 0.057450
v 0.004272 0.037460 0.056807
v 0.004272 0.037644 0.057031
v -0.006390 0.037067 0.056933
v -0.006390 0.037145 0.057077
v -0.004272 0.037460 0.056807
v -0.026879 0.026836 0.066873
v -0.026879 0.027336 0.067441
v -0.023725 0.029969 0.064781
v -0.026879 0.026143 0.065516
v -0.026879 0.025973 0.064749
v -0.029683 0.022742 0.067071
v -0.032100 0.019176 0.068389
v -0.032100 0.019177 0.067172
v -0.034099 0.015421 0.069419
v -0.037359 0.003761 0.083003
v -0.037359 0.004525 0.084880
v -0.036746 0.008546 0.081460
v 0.008488 0.036483 0.056323
v 0.010558 0.035921 0.056602
v -0.004272 0.037241 0.055945
v -0.037485 0.000467 0.088333
v -0.037485 0.001647 0.090232
v -0.037500 0.013174 0.094735
v -0.037499 0.014151 0.094782
v -0.037359 0.016300 0.091433
v 0.037490 0.024868 0.095496
v 0.037495 0.021002 0.095224
v 0.037500 0.040000 0.094650
v 0.037485 0.003119 0.091903
v 0.037485 0.004847 0.093309
v 0.037359 0.008451 0.089342
v 0.037359 0.010198 0.090333
v 0.037359 0.012112 0.091023
v 0.037359 0.014161 0.091381
v 0.037359 0.016300 0.091433
v 0.037499 0.014158 0.094765
v 0.037500 0.011911 0.094650
v 0.037497 0.019459 0.095115
v 0.037359 0.018451 0.091442
v 0.037499 0.016431 0.094909
v 0.037499 0.014836 0.094800
v 0.037337 0.040000 0.091406
v 0.037475 0.040000 0.095682
v 0.037458 0.040000 0.096420
v 0.037461 0.039914 0.096358
v 0.037470 0.039515 0.096156
v 0.037477 0.038803 0.095960
v 0.037482 0.037458 0.095794
v 0.037485 0.035090 0.095704
v 0.037485 0.032481 0.095680
v 0.037486 0.029519 0.095654
v -0.037481 0.037997 0.095843
v -0.037475 0.039045 0.096013
v -0.037475 0.040000 0.095681
v -0.037467 0.039670 0.096221
v -0.037458 0.040000 0.096420
v -0.037500 0.040000 0.094650
v -0.037494 0.022004 0.095313
v -0.037488 0.026501 0.095571
v -0.037486 0.031358 0.095675
v -0.037486 0.031833 0.095680
v -0.037484 0.036237 0.095731
v -0.037315 0.040000 0.091407
v -0.037359 0.022759 0.091444
v -0.037495 0.020996 0.095237
v -0.037359 0.014161 0.091381
v -0.037500 0.011907 0.094650
v -0.037359 0.012112 0.091023
v -0.037359 0.010198 0.090333
v -0.037485 0.004847 0.093309
v -0.037485 0.003119 0.091903
v -0.037359 0.003322 0.080983
v -0.037359 0.003220 0.078858
v -0.037359 0.003206 0.072400
v -0.037359 0.003210 0.076707
v -0.036746 0.007394 0.070396
v -0.035655 0.011490 0.068433
v -0.034099 0.015443 0.066537
v -0.032100 0.019203 0.064729
v -0.029683 0.022723 0.063033
v -0.026879 0.025957 0.061469
v -0.023725 0.028863 0.060059
v -0.020262 0.031402 0.058822
v -0.016536 0.033539 0.057776
v -0.014589 0.034446 0.057330
v -0.012594 0.035241 0.056938
v -0.008488 0.036483 0.056323
v -0.006390 0.036923 0.056103
v 0.000000 0.037496 0.055817
v -0.002139 0.037432 0.055849
v 0.002139 0.037432 0.055849
v 0.004272 0.037241 0.055945
v 0.006390 0.036923 0.056104
v 0.012594 0.035241 0.056938
v 0.014589 0.034446 0.057330
v 0.016536 0.033539 0.057776
v 0.020262 0.031402 0.058822
v 0.034099 0.015443 0.066537
v 0.035655 0.011490 0.068434
v 0.036746 0.007394 0.070396
v 0.037359 0.003206 0.072400
v 0.037359 0.003210 0.076707
v 0.037359 0.003220 0.078858
v 0.037359 0.003322 0.080983
v 0.037359 0.003761 0.083003
v 0.037359 0.004525 0.084881
v 0.037485 0.000467 0.088333
v 0.037485 0.001647 0.090232
v -0.036746 0.007870 0.079796
v -0.035655 0.012482 0.078111
v -0.036746 0.007483 0.078006
v -0.035655 0.011892 0.076657
v -0.034099 0.016284 0.074874
v -0.029683 0.024414 0.070391
v -0.032100 0.020502 0.072750
v -0.032100 0.021245 0.073593
v -0.034099 0.016988 0.076009
v -0.034099 0.017865 0.077006
v -0.035655 0.013299 0.079429
v -0.035655 0.014319 0.080588
v -0.036746 0.009482 0.082969
v -0.036746 0.010650 0.084295
v -0.037359 0.005583 0.086584
v -0.037359 0.006902 0.088081
v -0.036746 0.007394 0.076122
v -0.035655 0.011554 0.075092
v -0.034099 0.015777 0.073623
v -0.032100 0.019907 0.071790
v -0.029683 0.023799 0.069691
v -0.029683 0.023305 0.068895
v -0.032100 0.019478 0.070731
v -0.034099 0.015486 0.072275
v -0.035655 0.011478 0.073444
v -0.036746 0.007388 0.074216
v -0.026879 0.026434 0.066227
v -0.029683 0.022947 0.068017
v -0.032100 0.019231 0.069591
v -0.034099 0.015421 0.070856
v -0.035655 0.011475 0.071776
v -0.020262 0.031726 0.061712
v -0.020262 0.031543 0.061281
v -0.022029 0.030536 0.062728
v -0.022029 0.030329 0.062234
v -0.023725 0.029254 0.063822
v -0.023725 0.029021 0.063260
v -0.020262 0.031432 0.060817
v -0.022029 0.030205 0.061702
v -0.023725 0.028883 0.062655
v -0.029683 0.022696 0.065063
v -0.026879 0.025931 0.063120
v -0.023725 0.028842 0.061367
v -0.008488 0.036709 0.057450
v -0.008488 0.036623 0.057284
v -0.008488 0.036559 0.057106
v -0.012594 0.035301 0.058019
v -0.010558 0.035989 0.057519
v -0.012594 0.035376 0.058267
v -0.010558 0.036058 0.057730
v -0.012594 0.035485 0.058499
v -0.010558 0.036154 0.057926
v -0.010558 0.036276 0.058105
v -0.008488 0.036815 0.057603
v -0.008488 0.036940 0.057741
v -0.006390 0.037348 0.057329
v -0.014589 0.034497 0.058601
v -0.016536 0.033533 0.058529
v -0.018429 0.032513 0.059148
v -0.020262 0.031388 0.059829
v 0.002139 0.037822 0.056850
v 0.002139 0.037650 0.056643
v 0.000000 0.037882 0.056789
v 0.000000 0.037715 0.056588
v -0.002139 0.037822 0.056850
v -0.002139 0.037650 0.056643
v -0.004272 0.037644 0.057031
v -0.010558 0.035931 0.057069
v 0.004272 0.037330 0.056545
v 0.002139 0.037525 0.056402
v 0.000000 0.037591 0.056354
v -0.002139 0.037525 0.056402
v -0.004272 0.037330 0.056545
v -0.006390 0.037006 0.056780
v 0.018429 0.032820 0.060777
v 0.018429 0.032659 0.060404
v 0.016536 0.033814 0.059928
v 0.016536 0.033673 0.059608
v 0.014589 0.034703 0.059167
v 0.014589 0.034579 0.058894
v 0.012594 0.035485 0.058499
v 0.012594 0.035376 0.058267
v 0.010558 0.036154 0.057926
v 0.010558 0.036058 0.057730
v 0.008488 0.036623 0.057284
v 0.006390 0.037006 0.056780
v 0.018429 0.032559 0.060003
v 0.016536 0.033582 0.059264
v 0.014589 0.034497 0.058601
v 0.012594 0.035301 0.058019
v 0.010558 0.035990 0.057519
v 0.008488 0.036559 0.057106
v 0.018429 0.032513 0.059148
v 0.016536 0.033534 0.058529
v 0.014589 0.034446 0.057975
v 0.012594 0.035246 0.057487
v 0.010558 0.035931 0.057069
v 0.008488 0.036497 0.056723
v 0.006390 0.036941 0.056450
v 0.004272 0.037262 0.056254
v 0.002139 0.037455 0.056134
v 0.000000 0.037520 0.056094
v -0.002139 0.037455 0.056134
v -0.004272 0.037262 0.056254
v -0.006390 0.036941 0.056450
v -0.008488 0.036497 0.056723
v -0.010558 0.035921 0.056602
v 0.020262 0.031543 0.061281
v 0.022029 0.030205 0.061702
v 0.020262 0.031432 0.060817
v 0.020262 0.031388 0.059830
v 0.022029 0.030536 0.062728
v 0.023725 0.029254 0.063822
v 0.023725 0.029021 0.063260
v 0.026879 0.026143 0.065516
v 0.026879 0.025973 0.064749
v 0.029683 0.022742 0.067071
v 0.029683 0.022694 0.066075
v 0.032100 0.019176 0.068389
v 0.032100 0.019177 0.067172
v 0.034099 0.015421 0.069419
v 0.006390 0.037348 0.057329
v 0.008488 0.036940 0.057741
v 0.008488 0.036815 0.057603
v 0.010558 0.036421 0.058265
v 0.010558 0.036276 0.058105
v 0.012594 0.035794 0.058898
v 0.012594 0.035625 0.058710
v 0.014589 0.035063 0.059637
v 0.014589 0.034865 0.059416
v 0.016536 0.034231 0.060477
v 0.016536 0.034001 0.060219
v 0.018429 0.033301 0.061416
v 0.018429 0.033036 0.061116
v 0.020262 0.032279 0.062448
v 0.020262 0.031726 0.061712
v 0.022029 0.030329 0.062234
v 0.023725 0.028883 0.062655
v 0.012594 0.037777 0.059408
v 0.010558 0.038104 0.058728
v 0.012557 0.040000 0.059317
v 0.008488 0.040000 0.058123
v 0.002136 0.040000 0.057272
v 0.002555 0.040000 0.057296
v 0.004272 0.038741 0.057410
v 0.004270 0.040000 0.057394
v 0.006390 0.038588 0.057727
v 0.006380 0.040000 0.057759
v 0.008488 0.038375 0.058167
v 0.007623 0.040000 0.057974
v 0.008486 0.040000 0.058123
v 0.016536 0.036963 0.061109
v 0.017234 0.040000 0.061387
v 0.018429 0.036480 0.062125
v 0.020260 0.040000 0.063094
v 0.020262 0.035947 0.063245
v 0.023724 0.040000 0.065609
v 0.025567 0.040000 0.067275
v 0.026879 0.033376 0.068689
v 0.026516 0.040000 0.068134
v 0.020262 0.040000 0.063096
v 0.021591 0.040000 0.064061
v 0.023725 0.034746 0.065783
v 0.012590 0.040000 0.059327
v 0.012594 0.040000 0.059328
v 0.014589 0.037397 0.060202
v 0.016534 0.040000 0.060992
v 0.016536 0.040000 0.060993
v 0.008488 0.037974 0.058156
v 0.006390 0.038240 0.057712
v 0.004272 0.038432 0.057392
v 0.002139 0.038549 0.057199
v 0.008488 0.037588 0.058102
v 0.006390 0.037908 0.057655
v 0.004272 0.038138 0.057332
v 0.004272 0.038001 0.057278
v 0.002139 0.038034 0.057017
v 0.002139 0.038278 0.057136
v 0.004272 0.037873 0.057209
v 0.006390 0.037752 0.057599
v 0.006390 0.037606 0.057525
v 0.008488 0.037407 0.058044
v 0.008488 0.037238 0.057963
v 0.010558 0.036969 0.058611
v 0.010558 0.037182 0.058672
v 0.012594 0.036440 0.059295
v 0.012594 0.036692 0.059361
v 0.014589 0.035823 0.060094
v 0.014589 0.036121 0.060165
v 0.016536 0.035122 0.061004
v 0.016536 0.035471 0.061081
v 0.018429 0.034338 0.062020
v 0.022029 0.032035 0.064170
v 0.022029 0.032539 0.064358
v 0.022029 0.033078 0.064461
v 0.010558 0.036769 0.058521
v 0.012594 0.036204 0.059194
v 0.014589 0.035545 0.059979
v 0.016536 0.034795 0.060874
v 0.018429 0.033958 0.061873
v 0.020262 0.033037 0.062973
v 0.018429 0.033611 0.061670
v 0.016536 0.034497 0.060697
v 0.014589 0.035290 0.059826
v 0.012594 0.035988 0.059061
v 0.010558 0.036586 0.058405
v 0.008488 0.037081 0.057862
v 0.023725 0.029969 0.064781
v 0.023725 0.030956 0.065459
v 0.023725 0.031529 0.065670
v 0.023725 0.032144 0.065784
v 0.023725 0.033437 0.065807
v 0.026879 0.030089 0.068697
v 0.026879 0.029311 0.068558
v 0.026879 0.028585 0.068295
v 0.026879 0.027923 0.067918
v 0.026879 0.027336 0.067441
v 0.026879 0.026836 0.066873
v 0.029683 0.023799 0.069691
v 0.029683 0.023305 0.068895
v 0.032100 0.019907 0.071790
v 0.032100 0.019478 0.070731
v 0.034099 0.015777 0.073623
v 0.034099 0.015486 0.072275
v 0.035655 0.011554 0.075092
v 0.035655 0.011478 0.073444
v 0.036746 0.007394 0.076122
v 0.036746 0.007388 0.074216
v 0.022029 0.031167 0.063572
v 0.023725 0.029573 0.064332
v 0.026879 0.026434 0.066228
v 0.029683 0.022948 0.068017
v 0.032100 0.019231 0.069591
v 0.034099 0.015421 0.070856
v 0.035655 0.011475 0.071776
v 0.026860 0.040000 0.068518
v 0.029072 0.040000 0.070999
v 0.029683 0.031857 0.071923
v 0.029364 0.040000 0.071326
v 0.029661 0.040000 0.071748
v 0.031830 0.040000 0.074823
v 0.032022 0.040000 0.075176
v 0.034348 0.040000 0.079729
v 0.035492 0.040000 0.082544
v 0.032077 0.040000 0.075276
v 0.033880 0.040000 0.078577
v 0.034075 0.040000 0.079057
v 0.037359 0.022759 0.091444
v 0.036746 0.024705 0.087255
v 0.036721 0.040000 0.087174
v 0.037098 0.040000 0.089552
v 0.037311 0.040000 0.090892
v 0.035630 0.040000 0.083040
v 0.036050 0.040000 0.084549
v 0.035655 0.026612 0.083157
v 0.036640 0.040000 0.086664
v 0.035655 0.019941 0.083136
v 0.035655 0.023268 0.083174
v 0.026879 0.031725 0.068717
v 0.029683 0.029826 0.071953
v 0.029683 0.027811 0.071933
v 0.032100 0.025339 0.075448
v 0.029683 0.026851 0.071765
v 0.032100 0.024182 0.075248
v 0.029683 0.025955 0.071442
v 0.032100 0.023102 0.074860
v 0.029683 0.025138 0.070980
v 0.032100 0.022117 0.074303
v 0.029683 0.024414 0.070391
v 0.032100 0.021245 0.073593
v 0.032100 0.020502 0.072750
v 0.034099 0.016988 0.076009
v 0.034099 0.016284 0.074874
v 0.035655 0.012482 0.078111
v 0.035655 0.011892 0.076657
v 0.036746 0.007870 0.079796
v 0.036746 0.007483 0.078006
v 0.032100 0.027766 0.075471
v 0.034099 0.022705 0.079198
v 0.034099 0.021338 0.078962
v 0.035655 0.018354 0.082862
v 0.034099 0.020062 0.078504
v 0.035655 0.016872 0.082329
v 0.034099 0.018897 0.077845
v 0.035655 0.015518 0.081563
v 0.034099 0.017865 0.077006
v 0.035655 0.014319 0.080588
v 0.035655 0.013299 0.079429
v 0.036746 0.009482 0.082969
v 0.036746 0.008546 0.081460
v 0.037359 0.005583 0.086584
v 0.037359 0.006902 0.088082
v 0.036746 0.010650 0.084295
v 0.036746 0.012023 0.085411
v 0.036746 0.013570 0.086288
v 0.036746 0.015266 0.086898
v 0.036746 0.017081 0.087214
v 0.036746 0.018978 0.087258
v 0.036746 0.020885 0.087262
v -0.036053 0.040000 0.084549
v -0.035655 0.026612 0.083157
v -0.036527 0.040000 0.086164
v -0.036746 0.024705 0.087255
v -0.032061 0.040000 0.075286
v -0.032100 0.030210 0.075443
v -0.033658 0.040000 0.078116
v -0.034099 0.028453 0.079203
v -0.034058 0.040000 0.079064
v -0.035612 0.040000 0.083045
v -0.035323 0.040000 0.082060
v -0.034341 0.040000 0.079733
v -0.037256 0.040000 0.090381
v -0.037113 0.040000 0.089550
v -0.036702 0.040000 0.087178
v -0.026862 0.040000 0.068516
v -0.026879 0.033376 0.068689
v -0.029041 0.040000 0.070926
v -0.029683 0.031857 0.071923
v -0.029086 0.040000 0.070987
v -0.020262 0.035947 0.063245
v -0.023725 0.034746 0.065783
v -0.023324 0.040000 0.065286
v -0.026516 0.040000 0.068134
v -0.025562 0.040000 0.067282
v -0.023707 0.040000 0.065628
v -0.014589 0.037396 0.060202
v -0.016074 0.040000 0.060769
v -0.012594 0.037777 0.059408
v -0.004268 0.040000 0.057420
v -0.003758 0.040000 0.057339
v -0.004272 0.038741 0.057410
v -0.002557 0.040000 0.057279
v -0.002139 0.038835 0.057219
v -0.006381 0.040000 0.057755
v -0.006390 0.038588 0.057727
v -0.007627 0.040000 0.057953
v -0.008488 0.038375 0.058167
v -0.007986 0.040000 0.058010
v -0.012584 0.040000 0.059352
v -0.012549 0.040000 0.059338
v -0.010558 0.038104 0.058728
v -0.012106 0.040000 0.059158
v -0.008481 0.040000 0.058148
v -0.021590 0.040000 0.064064
v -0.020247 0.040000 0.063117
v -0.019827 0.040000 0.062820
v -0.032005 0.040000 0.075186
v -0.031556 0.040000 0.074390
v -0.029646 0.040000 0.071760
v -0.037499 0.016458 0.094893
v -0.037359 0.018451 0.091441
v -0.036746 0.018978 0.087258
v -0.036746 0.020885 0.087262
v -0.035655 0.023268 0.083174
v -0.034099 0.025571 0.079227
v -0.032100 0.027766 0.075471
v -0.029683 0.029826 0.071953
v -0.026879 0.031725 0.068717
v -0.023725 0.033436 0.065807
v -0.020262 0.034939 0.063262
v -0.018429 0.035604 0.062138
v -0.023725 0.032143 0.065784
v -0.026879 0.030089 0.068697
v -0.029683 0.027811 0.071932
v -0.032100 0.025339 0.075448
v -0.034099 0.022705 0.079198
v -0.035655 0.019941 0.083136
v -0.036746 0.017081 0.087214
v -0.016536 0.036209 0.061117
v -0.014589 0.036751 0.060206
v -0.012594 0.037227 0.059406
v -0.010558 0.037635 0.058722
v -0.008488 0.037974 0.058156
v -0.006390 0.038240 0.057712
v -0.004272 0.038432 0.057392
v -0.002139 0.038549 0.057199
v 0.000000 0.038588 0.057134
v -0.023725 0.031529 0.065670
v -0.026879 0.029311 0.068558
v -0.029683 0.026851 0.071765
v -0.032100 0.024182 0.075247
v -0.034099 0.021337 0.078962
v -0.035655 0.018354 0.082862
v -0.036746 0.015266 0.086898
v -0.018429 0.034745 0.062105
v -0.018429 0.034338 0.062020
v -0.020262 0.033946 0.063233
v -0.020262 0.033476 0.063140
v -0.022029 0.033078 0.064461
v -0.022029 0.032538 0.064358
v -0.018429 0.033958 0.061873
v -0.020262 0.033037 0.062973
v -0.022029 0.032035 0.064170
v -0.023725 0.030956 0.065459
v -0.026879 0.028585 0.068295
v -0.029683 0.025955 0.071442
v -0.032100 0.023102 0.074860
v -0.034099 0.020062 0.078504
v -0.035655 0.016871 0.082329
v -0.036746 0.013570 0.086288
v -0.023725 0.030433 0.065159
v -0.026879 0.027923 0.067918
v -0.029683 0.025138 0.070980
v -0.032100 0.022117 0.074302
v -0.034099 0.018897 0.077845
v -0.035655 0.015518 0.081563
v -0.036746 0.012022 0.085411
v -0.037359 0.008451 0.089342
v -0.016536 0.035471 0.061081
v -0.014589 0.035823 0.060094
v -0.010558 0.036969 0.058611
v -0.008488 0.037238 0.057963
v -0.012594 0.036204 0.059194
v -0.014589 0.035545 0.059979
v -0.014589 0.035290 0.059826
v -0.016536 0.034497 0.060697
v -0.016536 0.034231 0.060477
v -0.018429 0.033301 0.061416
v -0.018429 0.033036 0.061116
v -0.010558 0.036769 0.058521
v -0.010558 0.036586 0.058405
v -0.012594 0.035988 0.059061
v -0.012594 0.035794 0.058898
v -0.014589 0.035063 0.059637
v -0.014589 0.034865 0.059416
v -0.016536 0.034001 0.060219
v -0.016536 0.033814 0.059928
v -0.018429 0.032820 0.060777
v -0.016536 0.033673 0.059608
v -0.018429 0.032659 0.060404
v -0.016536 0.033582 0.059264
v -0.018429 0.032559 0.060003
v -0.014589 0.034579 0.058894
v -0.014589 0.034703 0.059167
v -0.012594 0.035625 0.058710
v -0.010558 0.036421 0.058265
v -0.008488 0.037081 0.057862
v -0.006390 0.037606 0.057525
v -0.004272 0.038001 0.057278
v -0.002139 0.038278 0.057136
v 0.000000 0.038325 0.057071
v 0.000000 0.038088 0.056952
v -0.002139 0.038034 0.057017
v -0.004272 0.037873 0.057209
v -0.016536 0.035122 0.061003
v -0.016536 0.034795 0.060874
v -0.018429 0.033611 0.061670
v -0.020262 0.032278 0.062448
v -0.022029 0.031167 0.063572
v 0.036393 0.040000 0.103692
v 0.036610 0.039935 0.102769
v 0.036779 0.040000 0.101965
v 0.036862 0.039887 0.101538
v 0.037084 0.040000 0.100221
v 0.033929 0.040000 0.110620
v 0.034390 0.039975 0.109587
v 0.034395 0.040000 0.109590
v 0.034556 0.039966 0.109214
v 0.035282 0.040000 0.107356
v 0.012732 0.040000 0.129922
v 0.013747 0.039976 0.129539
v 0.014295 0.040000 0.129318
v 0.015829 0.040000 0.128645
v 0.007629 0.040000 0.131365
v 0.005659 0.040000 0.131720
v 0.006260 0.039929 0.131624
v 0.007449 0.039892 0.131403
v 0.007628 0.039902 0.131361
v 0.009328 0.040000 0.130971
v -0.007629 0.040000 0.131365
v -0.009328 0.040000 0.130971
v -0.008492 0.039950 0.131175
v -0.007628 0.039917 0.131357
v -0.006938 0.039890 0.131502
v -0.005659 0.040000 0.131720
v -0.015829 0.040000 0.128645
v -0.014539 0.039973 0.129216
v -0.014295 0.040000 0.129318
v -0.012733 0.040000 0.129922
v -0.035282 0.040000 0.107356
v -0.034841 0.039968 0.108517
v -0.034395 0.040000 0.109590
v -0.034379 0.039984 0.109583
v -0.033929 0.040000 0.110620
v -0.037084 0.040000 0.100221
v -0.036991 0.039930 0.100808
v -0.036780 0.040000 0.101965
v -0.036777 0.039889 0.101980
v -0.036393 0.040000 0.103692
v -0.037498 0.017574 0.095009
v -0.021625 0.042250 0.064014
v -0.025596 0.042250 0.067244
v -0.000050 -0.037491 0.055650
v -0.002139 -0.037428 0.055719
v -0.036013 0.047500 0.104740
v -0.034304 0.047500 0.109550
v -0.017252 0.042250 0.061354
v -0.037400 0.042250 0.094650
v -0.037051 0.042250 0.089557
v -0.004202 -0.037246 0.055650
v -0.002136 -0.037368 0.055650
v 0.034303 0.047500 0.079750
v 0.036013 0.047500 0.084560
v -0.029089 0.042250 0.070984
v -0.032041 0.042250 0.075166
v 0.020255 -0.036778 0.063230
v 0.020777 -0.036633 0.063560
v 0.037499 -0.016998 0.094929
v 0.037499 -0.016612 0.094910
v 0.037499 -0.016612 0.094910
v -0.031955 0.047500 0.114082
v -0.029011 0.047500 0.118253
v 0.029373 -0.033137 0.071506
v 0.029672 -0.032960 0.071907
v 0.018421 -0.037270 0.062112
v 0.018978 -0.037134 0.062421
v -0.034395 0.042250 0.079710
v -0.036109 0.042250 0.084533
v 0.007913 -0.036623 0.049150
v 0.012038 -0.035475 0.049150
v -0.034841 0.039968 0.108517
v -0.034841 0.039968 0.108517
v -0.034395 0.040000 0.109590
v -0.034395 0.040000 0.109590
v -0.034379 0.039984 0.109583
v -0.012558 0.042250 0.059315
v 0.030780 -0.032305 0.073396
v 0.032057 -0.031444 0.075354
v 0.002137 -0.037380 0.055650
v 0.009520 -0.038895 0.058419
v 0.008484 -0.039004 0.058173
v 0.022676 -0.036032 0.064925
v -0.035282 0.040000 0.107356
v 0.027784 -0.033962 0.069631
v 0.026865 -0.034383 0.068675
v 0.012524 0.047500 0.059409
v 0.017206 0.047500 0.061443
v -0.034395 0.042250 0.109590
v -0.032041 0.042250 0.114134
v 0.003670 -0.037303 0.055650
v -0.029089 0.042250 0.118316
v -0.025596 0.042250 0.122056
v 0.012822 -0.038431 0.059474
v 0.014584 -0.038116 0.060190
v 0.012591 -0.038465 0.059396
v -0.021568 0.047500 0.125205
v -0.017206 0.047500 0.127857
v 0.037500 -0.012996 0.094729
v 0.037500 -0.011897 0.094650
v 0.035397 -0.028348 0.082389
v 0.035639 -0.028013 0.083151
v 0.031955 0.047500 0.075218
v -0.002552 0.047500 0.057337
v -0.007609 0.047500 0.058033
v 0.010654 -0.038753 0.058743
v 0.031955 0.047500 0.114082
v 0.034303 0.047500 0.109550
v 0.036737 -0.026210 0.087250
v 0.037088 -0.025366 0.089167
v 0.002552 0.047500 0.131963
v -0.002552 0.047500 0.131963
v 0.010558 -0.038765 0.058716
v 0.029011 0.047500 0.071047
v 0.006387 -0.039195 0.057738
v 0.005161 -0.039289 0.057525
v 0.003670 -0.037303 0.049150
v -0.000050 -0.037491 0.049150
v 0.007609 0.047500 0.131267
v 0.007354 -0.039121 0.057906
v 0.037499 -0.014722 0.094815
v 0.037499 -0.014722 0.094815
v -0.025527 0.047500 0.121983
v 0.029011 0.047500 0.118253
v -0.036109 0.042250 0.104767
v 0.036670 -0.026368 0.086888
v 0.036107 -0.027363 0.084628
v 0.025527 0.047500 0.121983
v -0.037151 0.042250 0.099756
v 0.036013 0.047500 0.104740
v 0.007609 0.047500 0.058033
v -0.037500 0.042250 0.094650
v 0.032040 0.042250 0.114134
v 0.034395 0.042250 0.109590
v -0.037151 0.042250 0.089544
v -0.017206 0.047500 0.061443
v -0.021568 0.047500 0.064095
v 0.031837 0.019796 0.049150
v 0.033889 0.016041 0.049150
v 0.037051 0.047500 0.089558
v 0.002552 0.047500 0.057337
v 0.026181 -0.034696 0.067964
v 0.024478 -0.035386 0.066394
v 0.030954 -0.013639 0.115819
v 0.029028 -0.012562 0.118268
v 0.036109 0.042250 0.104767
v 0.023713 -0.035661 0.065770
v 0.012524 0.047500 0.129891
v 0.017206 0.047500 0.127857
v 0.037151 0.042250 0.099756
v 0.031972 -0.014398 0.114094
v 0.037500 0.042250 0.094650
v 0.037151 0.042250 0.089544
v -0.000990 -0.039444 0.057172
v -0.002138 -0.039415 0.057237
v 0.033484 -0.015524 0.111534
v 0.036109 0.042250 0.084533
v -0.000000 -0.039445 0.057169
v -0.000478 -0.039448 0.057161
v 0.034395 0.042250 0.079710
v 0.035424 -0.017540 0.106953
v 0.034321 -0.016394 0.109558
v 0.001736 -0.039432 0.057199
v 0.002139 -0.039418 0.057231
v -0.037499 0.010505 0.094533
v -0.037499 0.009529 0.094414
v -0.037499 0.009529 0.094414
v -0.037499 0.009529 0.094414
v 0.029089 0.042250 0.070984
v 0.025596 0.042250 0.067244
v 0.021625 0.042250 0.064014
v 0.037312 0.003746 0.049150
v 0.036641 0.007975 0.049150
v 0.004271 -0.039338 0.057413
v 0.003942 -0.039356 0.057371
v -0.003194 -0.039388 0.057298
v -0.004269 -0.039332 0.057425
v 0.021568 0.047500 0.064095
v -0.037310 -0.003768 0.049150
v -0.036641 -0.007972 0.049150
v -0.037051 0.047500 0.099742
v -0.037069 -0.020461 0.100316
v -0.037117 -0.020708 0.099753
v 0.012448 0.035333 0.049150
v 0.016430 0.033668 0.049150
v -0.026524 0.026480 0.049150
v -0.023318 0.029334 0.049150
v 0.020169 0.031576 0.049150
v -0.005382 -0.039275 0.057557
v 0.032040 0.042250 0.075166
v -0.033449 -0.030347 0.077847
v -0.032345 -0.031233 0.075835
v 0.034223 -0.029637 0.079461
v 0.034092 -0.029755 0.079192
v -0.012524 0.047500 0.059409
v -0.037497 0.008110 0.094221
v -0.003419 -0.006522 0.131994
v -0.007623 -0.006817 0.131325
v -0.002552 0.042250 0.057337
v -0.007609 0.042250 0.058033
v 0.037069 -0.020712 0.099745
v 0.037411 -0.021821 0.097224
v -0.037499 0.009520 0.094413
v 0.002552 0.042250 0.057337
v 0.025527 0.047500 0.067317
v 0.037400 0.047500 0.094650
v -0.037496 0.007811 0.094130
v -0.029774 -0.032911 0.072020
v -0.031120 -0.032088 0.073892
v -0.029679 -0.032962 0.071903
v -0.028336 -0.033688 0.070254
v 0.007609 0.042250 0.058033
v -0.008333 -0.006866 0.131212
v -0.012085 0.035459 0.049150
v -0.007951 0.036615 0.049150
v 0.035109 -0.028695 0.081602
v 0.033205 -0.030554 0.077377
v 0.032098 -0.031413 0.075425
v 0.017206 0.042250 0.061443
v 0.012524 0.042250 0.059409
v -0.002559 0.042250 0.057237
v -0.007629 0.042250 0.057935
v -0.012548 -0.007421 0.129952
v -0.026876 -0.034386 0.068667
v 0.036030 -0.018512 0.104745
v -0.012524 0.047500 0.129890
v -0.007609 0.047500 0.131267
v -0.016064 0.033843 0.049150
v -0.019822 0.031794 0.049150
v -0.032090 -0.031411 0.075429
v 0.002559 0.042250 0.057237
v 0.024313 -0.010391 0.123200
v 0.021583 -0.009499 0.125229
v 0.017252 0.042250 0.061354
v 0.012558 0.042250 0.059315
v -0.033929 0.040000 0.110620
v 0.029011 0.042250 0.071047
v 0.025527 0.042250 0.067317
v 0.007629 0.042250 0.057935
v 0.021568 0.042250 0.064095
v 0.036741 -0.019652 0.102154
v 0.037051 0.047500 0.099743
v 0.031569 -0.020220 0.049150
v 0.029073 -0.023662 0.049150
v 0.033682 -0.016470 0.049150
v -0.036084 -0.018505 0.104762
v -0.017636 -0.008392 0.127744
v -0.021616 -0.009480 0.125271
v -0.021639 -0.036370 0.064158
v -0.020253 -0.036778 0.063230
v -0.037493 -0.022642 0.095359
v -0.037493 -0.022642 0.095359
v -0.037493 -0.022642 0.095359
v -0.037499 -0.016610 0.094921
v 0.034303 0.042250 0.109550
v 0.036013 0.042250 0.104740
v 0.037256 -0.004269 0.049150
v 0.037500 0.000000 0.049150
v -0.003690 0.037300 0.049150
v 0.000015 0.037491 0.049150
v 0.037051 0.042250 0.099743
v 0.029011 0.042250 0.118253
v 0.031955 0.042250 0.114082
v 0.011334 -0.007225 0.130396
v 0.007615 -0.006824 0.131309
v -0.019754 -0.036926 0.062895
v 0.027879 -0.011918 0.119730
v 0.037400 0.042250 0.094650
v 0.037051 0.042250 0.089558
v 0.037497 0.008106 0.094199
v 0.037496 0.007805 0.094150
v 0.021568 0.042250 0.125205
v 0.025527 0.042250 0.121983
v -0.034283 -0.016267 0.109847
v -0.034379 -0.016383 0.109584
v -0.037498 -0.018818 0.095066
v -0.004202 -0.037246 0.049150
v -0.013100 -0.007493 0.129787
v -0.017241 -0.008314 0.127922
v -0.018419 -0.037269 0.062115
v -0.025159 -0.035120 0.066999
v -0.026792 -0.034427 0.068575
v -0.036524 0.008493 0.049150
v -0.035323 0.012579 0.049150
v 0.031955 0.042250 0.075218
v 0.025544 -0.010918 0.122003
v 0.002552 0.042250 0.131963
v 0.007609 0.042250 0.131267
v -0.029093 -0.012542 0.118312
v -0.031969 -0.014329 0.114252
v 0.015967 -0.008024 0.128580
v 0.012534 -0.007432 0.129925
v -0.016527 -0.037715 0.061101
v -0.015674 -0.037905 0.060670
v -0.023718 -0.035664 0.065764
v 0.012524 0.042250 0.129891
v -0.023441 -0.035768 0.065526
v -0.017680 -0.037459 0.061683
v -0.008313 -0.036534 0.049150
v -0.010552 -0.038759 0.058729
v -0.009699 -0.038874 0.058467
v -0.035993 -0.018323 0.105174
v 0.034303 0.042250 0.079750
v 0.020319 -0.009086 0.126168
v 0.017219 -0.008330 0.127886
v -0.026531 -0.026473 0.049150
v -0.029364 -0.023300 0.049150
v 0.017206 0.042250 0.127857
v -0.033661 0.016512 0.049150
v 0.036013 0.042250 0.084560
v -0.031554 0.020243 0.049150
v 0.023653 0.029065 0.049150
v -0.002558 -0.006513 0.132015
v -0.023659 -0.029060 0.049150
v -0.020160 -0.031581 0.049150
v -0.012468 -0.035325 0.049150
v -0.029089 -0.012541 0.118315
v -0.025590 -0.010898 0.122049
v -0.025704 -0.010939 0.121955
v -0.032032 -0.014382 0.114130
v -0.036013 0.042250 0.104740
v -0.034304 0.042250 0.109550
v -0.012524 0.042250 0.059409
v 0.035493 0.012093 0.049150
v 0.026484 -0.026520 0.049150
v -0.033883 -0.016054 0.049150
v -0.035485 -0.012116 0.049150
v -0.037051 0.042250 0.099742
v -0.017206 0.042250 0.061443
v -0.021568 0.042250 0.064095
v -0.006387 -0.039195 0.057737
v -0.007551 -0.039103 0.057947
v -0.031842 -0.019787 0.049150
v -0.029049 0.023692 0.049150
v 0.035333 -0.012555 0.049150
v 0.036525 -0.008489 0.049150
v -0.037500 0.000000 0.049150
v 0.006502 -0.006703 0.131582
v 0.002553 -0.006515 0.132010
v -0.035285 -0.028486 0.082076
v -0.035643 -0.028013 0.083150
v 0.001555 -0.006468 0.132117
v -0.031955 0.042250 0.075218
v -0.034304 0.042250 0.079750
v -0.037256 0.004269 0.049150
v -0.034430 -0.029432 0.079928
v -0.029011 0.042250 0.071047
v -0.034084 -0.029754 0.079195
v -0.008483 -0.039004 0.058173
v 0.037499 0.009319 0.094399
v -0.021863 -0.009548 0.125117
v -0.025527 0.042250 0.067317
v -0.035905 -0.027666 0.083940
v 0.037493 -0.022642 0.095359
v 0.037489 -0.023340 0.093771
v -0.037464 -0.023668 0.093026
v 0.037361 -0.024356 0.091463
v 0.037359 -0.024365 0.091442
v -0.036969 -0.025690 0.088431
v -0.037288 -0.024684 0.090717
v -0.036729 -0.026209 0.087251
v -0.036508 -0.026684 0.086171
v 0.013747 0.039976 0.129539
v 0.015829 0.040000 0.128645
v 0.016036 -0.033857 0.049150
v 0.037499 -0.013557 0.094736
v -0.016429 -0.033668 0.049150
v 0.014295 0.040000 0.129318
v 0.037499 -0.013556 0.094757
v 0.023261 -0.029379 0.049150
v 0.019775 -0.031823 0.049150
v 0.037499 -0.016612 0.094910
v -0.037343 -0.024365 0.091443
v 0.021568 0.047500 0.125205
v 0.037499 -0.015972 0.094862
v 0.029089 0.042250 0.118316
v -0.036013 0.042250 0.084560
v 0.025596 0.042250 0.122056
v -0.025527 0.047500 0.067317
v -0.029011 0.047500 0.071047
v 0.021625 0.042250 0.125286
v -0.031955 0.047500 0.075218
v 0.012558 0.042250 0.129984
v 0.017252 0.042250 0.127946
v 0.029369 0.023294 0.049150
v -0.031955 0.042250 0.114082
v -0.012558 0.042250 0.129984
v -0.007629 0.042250 0.131365
v -0.029011 0.042250 0.118253
v -0.011825 -0.038587 0.059120
v -0.017252 0.042250 0.127946
v -0.025527 0.042250 0.121983
v -0.002559 0.042250 0.132062
v 0.002559 0.042250 0.132062
v -0.037400 0.047500 0.094650
v -0.021625 0.042250 0.125286
v -0.021568 0.042250 0.125205
v -0.017206 0.042250 0.127857
v 0.007629 0.042250 0.131365
v -0.012589 -0.038463 0.059401
v 0.008318 0.036532 0.049150
v 0.004192 0.037246 0.049150
v 0.014932 -0.038054 0.060332
v -0.034304 0.047500 0.079750
v -0.002552 0.042250 0.131963
v -0.014580 -0.038113 0.060197
v 0.016530 -0.037717 0.061097
v -0.007609 0.042250 0.131267
v 0.016985 -0.037621 0.061315
v 0.026531 0.026472 0.049150
v -0.013613 -0.038297 0.059778
v -0.036013 0.047500 0.084560
v -0.012524 0.042250 0.129890
v -0.037051 0.047500 0.089557
vn -0.0000 1.0000 -0.0000
vn -0.9907 -0.0000 -0.1362
vn -1.0000 -0.0000 -0.0000
vn -0.9907 -0.0000 0.1362
vn -0.9629 -0.0000 0.2698
vn -0.9172 -0.0000 0.3984
vn -0.8544 -0.0000 0.5196
vn -0.7757 -0.0000 0.6311
vn -0.6826 -0.0000 0.7308
vn -0.5767 -0.0000 0.8170
vn -0.4601 -0.0000 0.8879
vn -0.3349 -0.0000 0.9423
vn -0.2034 -0.0000 0.9791
vn -0.0682 -0.0000 0.9977
vn 0.0682 -0.0000 0.9977
vn 0.2034 -0.0000 0.9791
vn 0.3348 -0.0000 0.9423
vn 0.3349 -0.0000 0.9423
vn 0.4601 -0.0000 0.8879
vn 0.5767 -0.0000 0.8170
vn 0.6826 -0.0000 0.7308
vn 0.7757 -0.0000 0.6311
vn 0.8544 -0.0000 0.5196
vn 0.9172 -0.0000 0.3984
vn 0.9629 -0.0000 0.2698
vn 0.9907 -0.0000 0.1362
vn 1.0000 -0.0000 -0.0000
vn 0.9907 -0.0000 -0.1362
vn 0.9629 -0.0000 -0.2698
vn 0.9172 -0.0000 -0.3984
vn 0.8544 -0.0000 -0.5196
vn 0.7757 -0.0000 -0.6311
vn 0.6826 -0.0000 -0.7308
vn 0.5767 -0.0000 -0.8170
vn 0.4601 -0.0000 -0.8879
vn 0.3349 -0.0000 -0.9423
vn 0.2034 -0.0000 -0.9791
vn 0.0683 -0.0000 -0.9977
vn -0.0682 -0.0000 -0.9977
vn -0.0683 -0.0000 -0.9977
vn -0.2034 -0.0000 -0.9791
vn -0.3348 -0.0000 -0.9423
vn -0.3349 -0.0000 -0.9423
vn -0.4601 -0.0000 -0.8879
vn -0.5767 -0.0000 -0.8170
vn -0.6826 -0.0000 -0.7308
vn -0.7757 -0.0000 -0.6311
vn -0.8544 -0.0000 -0.5196
vn -0.9172 -0.0000 -0.3984
vn -0.9629 -0.0000 -0.2698
vn -0.0000 -0.0000 -1.0000
vn -0.0000 1.0000 -0.0001
vn -0.0000 1.0000 0.0001
vn -0.9999 -0.0173 -0.0003
vn -1.0000 0.0011 -0.0032
vn -0.9987 -0.0500 -0.0007
vn -0.9946 -0.1039 -0.0000
vn -0.9770 -0.2133 -0.0000
vn -0.9876 -0.1572 -0.0005
vn -0.9946 -0.1037 -0.0004
vn -0.9463 -0.3233 -0.0000
vn -0.9632 -0.2689 0.0001
vn -0.9769 -0.2135 -0.0000
vn -0.9034 -0.4289 -0.0000
vn -0.9264 -0.3766 0.0013
vn -0.9461 -0.3239 0.0009
vn -0.8487 -0.5289 -0.0000
vn -0.8775 -0.4797 0.0029
vn -0.9032 -0.4291 0.0024
vn -0.7828 -0.6223 -0.0000
vn -0.8171 -0.5765 0.0048
vn -0.8483 -0.5295 0.0043
vn -0.7087 -0.7055 -0.0000
vn -0.7458 -0.6661 0.0072
vn -0.7822 -0.6229 0.0067
vn -0.6280 -0.7783 -0.0000
vn -0.6692 -0.7430 0.0119
vn -0.7075 -0.7067 0.0102
vn -0.5373 -0.8434 -0.0000
vn -0.5761 -0.8170 0.0246
vn -0.6279 -0.7783 -0.0000
vn -0.6272 -0.7788 0.0131
vn -0.6689 -0.7433 -0.0000
vn -0.4378 -0.8991 -0.0000
vn -0.4762 -0.8790 0.0266
vn -0.5468 -0.8363 0.0406
vn -0.5846 -0.8113 -0.0000
vn -0.3331 -0.9429 -0.0000
vn -0.3709 -0.9284 0.0244
vn -0.4507 -0.8906 0.0601
vn -0.4867 -0.8736 -0.0000
vn -0.2253 -0.9743 -0.0000
vn -0.2798 -0.9600 -0.0005
vn -0.3497 -0.9311 0.1036
vn -0.3839 -0.9234 -0.0000
vn -0.1706 -0.9853 -0.0000
vn -0.1150 -0.9934 -0.0000
vn -0.1655 -0.9861 -0.0151
vn -0.1699 -0.9813 -0.0907
vn -0.2286 -0.9735 0.0036
vn -0.1168 -0.9932 0.0003
vn -0.0590 -0.9983 -0.0000
vn -0.0042 -1.0000 -0.0000
vn -0.0081 -1.0000 -0.0005
vn 0.0502 -0.9987 -0.0000
vn 0.0504 -0.9980 -0.0388
vn 0.1045 -0.9945 -0.0000
vn 0.0505 -0.9987 -0.0004
vn 0.1982 -0.9796 0.0332
vn 0.1712 -0.9820 -0.0802
vn 0.2135 -0.9769 -0.0000
vn 0.1575 -0.9827 -0.0973
vn 0.0981 -0.9946 0.0332
vn 0.2676 -0.9633 -0.0200
vn 0.3222 -0.9467 -0.0000
vn 0.3242 -0.9460 0.0090
vn 0.3743 -0.9273 0.0011
vn 0.4272 -0.9042 -0.0000
vn 0.4289 -0.9033 0.0108
vn 0.4765 -0.8791 0.0082
vn 0.5268 -0.8500 -0.0000
vn 0.5280 -0.8491 0.0106
vn 0.5742 -0.8187 0.0101
vn 0.6199 -0.7847 -0.0000
vn 0.6188 -0.7854 0.0122
vn 0.6635 -0.7481 0.0088
vn 0.7034 -0.7108 -0.0000
vn 0.7028 -0.7113 0.0095
vn 0.7411 -0.6714 0.0073
vn 0.7765 -0.6302 -0.0000
vn 0.7756 -0.6312 0.0067
vn 0.8095 -0.5872 0.0037
vn 0.8417 -0.5399 -0.0000
vn 0.8414 -0.5403 0.0037
vn 0.8713 -0.4908 0.0018
vn 0.8978 -0.4404 -0.0000
vn 0.8976 -0.4409 0.0018
vn 0.9215 -0.3885 0.0005
vn 0.9420 -0.3355 -0.0000
vn 0.9419 -0.3358 0.0004
vn 0.9596 -0.2814 -0.0006
vn 0.9740 -0.2264 -0.0000
vn 0.9740 -0.2265 -0.0005
vn 0.9854 -0.1705 -0.0012
vn 0.9935 -0.1141 -0.0000
vn 0.9935 -0.1142 -0.0010
vn 0.9984 -0.0567 -0.0008
vn 1.0000 -0.0055 -0.0025
vn 0.9999 -0.0122 -0.0000
vn -0.9998 0.0019 -0.0192
vn -1.0000 -0.0002 -0.0016
vn -1.0000 -0.0005 0.0026
vn -0.9989 -0.0045 0.0461
vn -0.9998 -0.0013 -0.0183
vn -1.0000 0.0003 -0.0014
vn -0.9998 -0.0021 -0.0206
vn -1.0000 -0.0004 -0.0088
vn -0.9999 -0.0014 -0.0161
vn -1.0000 0.0011 -0.0048
vn -0.9999 0.0088 0.0108
vn -1.0000 -0.0001 -0.0057
vn -0.9999 0.0035 -0.0102
vn -0.9998 0.0007 -0.0200
vn -0.9999 0.0005 -0.0144
vn -0.9999 -0.0001 -0.0138
vn -0.9999 -0.0006 -0.0149
vn -0.9999 0.0088 0.0105
vn -0.9998 0.0027 -0.0220
vn -0.9999 0.0135 0.0046
vn -0.9998 0.0095 -0.0200
vn -0.9997 0.0208 0.0124
vn -0.9998 0.0071 -0.0182
vn -0.9996 0.0254 0.0102
vn -0.9994 0.0029 -0.0350
vn -0.9998 0.0204 -0.0031
vn -0.9996 0.0258 0.0076
vn 1.0000 -0.0003 -0.0011
vn 0.9998 0.0019 -0.0191
vn 0.9998 0.0012 -0.0184
vn 0.9996 0.0268 0.0075
vn 0.9998 0.0073 -0.0194
vn 0.9997 0.0229 0.0077
vn 0.9993 0.0087 -0.0370
vn 0.9998 0.0202 0.0079
vn 0.9995 0.0065 -0.0319
vn 0.9999 0.0042 -0.0154
vn 0.9998 0.0123 0.0128
vn 0.9997 0.0060 -0.0235
vn 0.9998 0.0140 0.0103
vn 0.9998 0.0197 0.0070
vn 1.0000 0.0065 0.0046
vn 1.0000 0.0038 -0.0011
vn 0.9999 0.0005 -0.0137
vn 0.9998 -0.0000 -0.0178
vn 0.9999 0.0016 -0.0114
vn 0.9999 0.0010 -0.0122
vn 0.9999 0.0115 0.0106
vn 0.9999 -0.0017 -0.0156
vn 1.0000 0.0014 -0.0065
vn 0.9997 -0.0026 -0.0245
vn 1.0000 0.0002 -0.0017
vn 0.9998 -0.0020 -0.0185
vn -0.5308 0.8474 0.0137
vn -0.5281 0.8492 -0.0050
vn -0.1310 0.9909 -0.0306
vn -0.1248 0.9915 -0.0353
vn -0.1046 0.9945 -0.0048
vn 0.8412 0.5406 0.0063
vn 0.8588 0.5122 0.0045
vn 0.8485 0.5291 -0.0071
vn 0.9282 0.3720 -0.0021
vn 0.9403 0.3404 0.0025
vn 0.9459 0.3245 -0.0052
vn 0.9915 0.1300 -0.0010
vn 0.9953 0.0966 0.0010
vn 0.9946 0.1037 -0.0054
vn 0.9979 0.0643 -0.0001
vn 0.9953 0.0967 0.0012
vn 0.9821 0.1883 -0.0007
vn 0.9772 0.2123 -0.0061
vn 0.9753 0.2208 0.0016
vn 0.9505 0.3106 0.0012
vn 0.9676 0.2525 0.0002
vn 0.9753 0.2210 0.0016
vn 0.9182 0.3961 -0.0007
vn 0.9044 0.4267 -0.0046
vn 0.9041 0.4274 0.0030
vn 0.8587 0.5125 0.0045
vn 0.8749 0.4844 0.0036
vn 0.9044 0.4268 -0.0046
vn 0.8900 0.4559 0.0041
vn 0.8902 0.4556 0.0004
vn 0.8080 0.5891 0.0072
vn 0.7824 0.6228 -0.0062
vn 0.7874 0.6164 0.0073
vn 0.6782 0.7348 0.0096
vn 0.7039 0.7102 0.0103
vn 0.7075 0.7067 -0.0038
vn 0.7041 0.7101 0.0103
vn 0.7275 0.6861 0.0093
vn 0.7648 0.6442 0.0086
vn 0.7873 0.6165 0.0073
vn 0.6573 0.7536 0.0102
vn 0.6301 0.7765 -0.0038
vn 0.6561 0.7547 -0.0000
vn 0.5515 0.8342 0.0022
vn 0.5368 0.8437 -0.0066
vn 0.5527 0.8333 0.0135
vn 0.5808 0.8139 0.0153
vn 0.5964 0.8026 0.0135
vn 0.5864 0.8101 -0.0000
vn 0.4372 0.8993 0.0028
vn 0.4372 0.8993 -0.0057
vn 0.4379 0.8989 0.0136
vn 0.4724 0.8811 0.0216
vn 0.5210 0.8534 0.0180
vn 0.5527 0.8332 0.0135
vn 0.3179 0.9481 0.0027
vn 0.3338 0.9426 -0.0057
vn 0.3184 0.9479 0.0103
vn 0.3525 0.9357 0.0118
vn 0.4126 0.9107 0.0195
vn 0.4347 0.9004 0.0171
vn 0.2585 0.9660 -0.0003
vn 0.2246 0.9744 -0.0061
vn 0.2583 0.9661 0.0048
vn 0.2589 0.9659 0.0050
vn 0.2858 0.9583 0.0069
vn 0.3185 0.9479 0.0102
vn 0.0927 0.9957 0.0086
vn 0.1289 0.9910 -0.0367
vn 0.1148 0.9934 -0.0059
vn 0.1290 0.9916 0.0027
vn 0.1288 0.9910 -0.0367
vn 0.1620 0.9868 -0.0007
vn 0.1916 0.9813 -0.0165
vn 0.1946 0.9808 0.0080
vn 0.1899 0.9818 0.0003
vn 0.1899 0.9818 0.0004
vn -0.0000 1.0000 0.0027
vn 0.0027 1.0000 -0.0051
vn 0.0003 0.9978 -0.0664
vn 0.0323 0.9993 0.0174
vn 0.0639 0.9961 -0.0614
vn -0.0809 0.9956 0.0482
vn -0.0686 0.9961 -0.0561
vn -0.0319 0.9994 0.0164
vn 0.0002 0.9978 -0.0665
vn -0.1934 0.9811 0.0002
vn -0.2136 0.9769 -0.0063
vn -0.1885 0.9819 0.0207
vn -0.1873 0.9822 -0.0163
vn -0.1484 0.9888 0.0182
vn -0.3025 0.9530 0.0179
vn -0.3048 0.9524 0.0094
vn -0.3250 0.9457 -0.0051
vn -0.2741 0.9617 0.0097
vn -0.2137 0.9769 -0.0063
vn -0.2449 0.9696 -0.0020
vn -0.2138 0.9768 0.0123
vn -0.4182 0.9082 0.0164
vn -0.3874 0.9218 0.0127
vn -0.4277 0.9039 -0.0045
vn -0.3635 0.9315 0.0099
vn -0.3309 0.9435 0.0148
vn -0.4991 0.8664 0.0180
vn -0.4488 0.8935 0.0151
vn -0.4183 0.9081 0.0161
vn -0.6203 0.7843 -0.0059
vn -0.6312 0.7755 0.0117
vn -0.6038 0.7970 0.0141
vn -0.5610 0.8277 0.0143
vn -0.7208 0.6931 0.0091
vn -0.6974 0.7165 0.0125
vn -0.7045 0.7097 -0.0064
vn -0.6571 0.7537 0.0140
vn -0.6312 0.7756 0.0117
vn -0.7761 0.6306 -0.0059
vn -0.7424 0.6699 0.0094
vn -0.7209 0.6930 0.0091
vn -0.8415 0.5402 -0.0059
vn -0.8211 0.5708 0.0053
vn -0.8041 0.5944 0.0042
vn -0.7844 0.6202 0.0069
vn -0.7634 0.6459 0.0098
vn -0.8722 0.4892 0.0007
vn -0.8863 0.4630 0.0026
vn -0.8975 0.4409 -0.0048
vn -0.8569 0.5155 0.0033
vn -0.8389 0.5442 0.0063
vn -0.9421 0.3354 -0.0035
vn -0.9363 0.3512 0.0004
vn -0.9155 0.4024 -0.0000
vn -0.9018 0.4322 0.0036
vn -0.9581 0.2865 -0.0025
vn -0.9476 0.3195 0.0018
vn -0.9475 0.3196 0.0018
vn -0.9726 0.2325 -0.0012
vn -0.9734 0.2292 -0.0041
vn -0.9800 0.1992 0.0004
vn -0.9951 0.0987 -0.0002
vn -0.9910 0.1337 0.0019
vn -0.9935 0.1135 -0.0065
vn -0.9861 0.1664 -0.0000
vn -0.9800 0.1988 0.0002
vn -0.9801 0.1988 0.0004
vn -0.9992 0.0406 -0.0014
vn -0.9979 0.0649 -0.0021
vn -0.9994 0.0280 0.0214
vn -0.9993 0.0312 0.0215
vn -0.9970 -0.0766 0.0149
vn -0.9998 -0.0080 -0.0188
vn -0.9993 -0.0272 0.0241
vn -0.9997 -0.0252 0.0068
vn -0.9964 -0.0829 0.0148
vn -0.9998 -0.0166 0.0130
vn -0.9995 0.0237 0.0208
vn -0.9999 0.0094 0.0080
vn -1.0000 -0.0073 -0.0008
vn -0.9998 -0.0151 0.0086
vn -0.9997 -0.0222 0.0043
vn -1.0000 0.0073 0.0019
vn -0.9999 0.0106 0.0006
vn -0.9998 -0.0180 0.0008
vn -0.9996 0.0269 0.0018
vn -0.9999 -0.0125 0.0027
vn -0.9999 -0.0120 0.0015
vn -0.9996 0.0266 -0.0002
vn -0.9997 -0.0253 0.0004
vn -1.0000 -0.0071 0.0015
vn -1.0000 -0.0078 -0.0000
vn -1.0000 -0.0061 0.0001
vn -1.0000 -0.0046 -0.0000
vn -1.0000 -0.0051 -0.0000
vn -1.0000 -0.0052 -0.0000
vn -1.0000 -0.0049 -0.0000
vn -0.9998 -0.0152 -0.0126
vn -0.9996 -0.0254 0.0150
vn -0.9990 -0.0041 -0.0452
vn -0.9996 -0.0020 -0.0296
vn -0.9993 -0.0270 0.0246
vn -0.9993 -0.0310 0.0225
vn -1.0000 -0.0002 -0.0041
vn -0.9999 -0.0098 0.0143
vn -0.9999 -0.0046 -0.0092
vn -0.9994 -0.0164 0.0292
vn -0.9999 -0.0090 -0.0101
vn -0.9037 -0.0565 0.4245
vn -0.9998 -0.0003 -0.0189
vn -0.9998 -0.0003 -0.0193
vn -0.9994 -0.0100 0.0334
vn -1.0000 -0.0033 -0.0023
vn -0.9998 0.0015 -0.0204
vn -0.9999 0.0008 -0.0145
vn -0.9997 0.0019 -0.0225
vn 0.9990 -0.0050 0.0450
vn -0.9993 0.0053 -0.0371
vn 0.9997 0.0026 -0.0244
vn 1.0000 0.0003 -0.0077
vn 0.9994 0.0040 -0.0340
vn 0.2822 -0.1574 0.9464
vn 0.9998 -0.0124 0.0124
vn 0.9999 -0.0003 -0.0136
vn 0.9999 -0.0032 -0.0167
vn 0.9999 -0.0089 0.0131
vn 0.9999 0.0005 -0.0171
vn 0.9997 0.0028 -0.0246
vn 1.0000 -0.0030 -0.0007
vn 0.9999 -0.0013 -0.0113
vn 0.9999 -0.0102 0.0011
vn 0.9996 -0.0002 -0.0274
vn 0.9995 -0.0197 0.0255
vn 0.9994 -0.0037 -0.0342
vn 0.9999 -0.0164 -0.0037
vn 0.9999 -0.0145 -0.0071
vn 0.9993 -0.0021 -0.0380
vn 0.9993 -0.0305 0.0208
vn 0.9998 -0.0067 -0.0185
vn 0.9996 -0.0264 0.0058
vn 0.9995 -0.0254 0.0200
vn 0.9990 -0.0386 0.0226
vn 0.9994 -0.0298 0.0197
vn 0.9993 0.0293 0.0212
vn 0.9993 0.0325 0.0209
vn 0.9994 0.0265 0.0207
vn 0.9999 -0.0169 -0.0000
vn 1.0000 -0.0087 0.0001
vn 1.0000 -0.0042 -0.0000
vn 1.0000 -0.0048 -0.0000
vn 1.0000 -0.0047 0.0005
vn 0.9999 -0.0133 0.0001
vn 0.9999 -0.0112 -0.0000
vn 1.0000 -0.0096 0.0001
vn 1.0000 -0.0094 0.0001
vn 0.9998 0.0177 0.0008
vn 0.9996 0.0280 0.0022
vn 0.9998 -0.0181 0.0002
vn 0.9998 0.0221 0.0001
vn 0.9999 -0.0122 0.0005
vn 0.9998 0.0187 0.0024
vn 0.9999 0.0110 0.0095
vn 0.9999 0.0143 0.0084
vn 1.0000 -0.0078 0.0010
vn 0.9998 0.0177 0.0083
vn 0.9998 -0.0176 0.0015
vn 0.9999 -0.0134 0.0017
vn -0.8556 -0.4125 -0.3126
vn -0.8500 -0.4623 -0.2525
vn -0.7933 -0.5348 -0.2910
vn 0.8556 -0.4126 -0.3125
vn 0.8571 -0.3604 -0.3680
vn 0.8022 -0.4177 -0.4267
vn 0.8551 -0.3044 -0.4197
vn 0.8489 -0.2435 -0.4691
vn 0.7919 -0.2805 -0.5424
vn 0.8043 -0.5930 -0.0383
vn 0.8240 -0.5557 -0.1105
vn 0.7620 -0.6339 -0.1320
vn 0.8401 -0.5097 -0.1856
vn 0.8500 -0.4623 -0.2525
vn 0.7932 -0.5349 -0.2911
vn -0.8401 -0.5097 -0.1856
vn -0.8240 -0.5557 -0.1105
vn -0.7623 -0.6336 -0.1319
vn 0.1849 -0.9759 -0.1159
vn 0.1372 -0.9829 -0.1226
vn 0.9999 0.0098 0.0051
vn 0.9997 -0.0019 -0.0231
vn 0.9960 -0.0055 -0.0888
vn 0.9966 -0.0151 -0.0810
vn 0.2618 0.0044 -0.9651
vn 0.2241 -0.0184 -0.9744
vn 0.2481 -0.1057 -0.9630
vn -0.9999 -0.0010 -0.0115
vn -0.9994 -0.0022 -0.0331
vn -0.9956 0.0012 -0.0935
vn -1.0000 0.0026 0.0030
vn -0.9977 -0.0398 -0.0544
vn -1.0000 0.0053 0.0033
vn -0.9956 -0.0942 0.0004
vn -1.0000 -0.0004 0.0005
vn -0.9961 -0.0884 -0.0063
vn -0.9997 -0.0240 -0.0001
vn -0.9967 -0.0793 -0.0165
vn -0.9972 -0.0701 -0.0247
vn -1.0000 0.0058 0.0028
vn -0.9989 0.0405 0.0214
vn -0.9999 0.0099 0.0057
vn -1.0000 0.0080 0.0055
vn -0.9998 0.0112 0.0184
vn -0.9998 0.0089 0.0152
vn -0.9975 -0.0321 -0.0636
vn -0.9999 -0.0012 -0.0131
vn -0.9970 -0.0249 -0.0726
vn -0.9997 -0.0016 -0.0241
vn -0.9999 0.0014 0.0124
vn -0.9966 -0.0151 -0.0811
vn -0.9998 -0.0002 -0.0185
vn -0.9987 -0.0008 -0.0515
vn -0.9999 -0.0018 -0.0117
vn -0.9800 -0.0023 -0.1989
vn -0.9847 0.0024 -0.1745
vn -0.9792 0.0020 -0.2027
vn -0.9927 0.0042 -0.1206
vn -0.9972 -0.0021 -0.0750
vn -0.9701 0.0042 -0.2427
vn -0.9492 0.0030 -0.3146
vn -0.9558 0.0026 -0.2939
vn -0.9045 0.0003 -0.4264
vn -0.9148 0.0041 -0.4039
vn -0.9071 0.0042 -0.4210
vn -0.9349 0.0064 -0.3549
vn -0.9489 -0.0007 -0.3157
vn -0.8852 0.0082 -0.4651
vn -0.8531 0.0060 -0.5216
vn -0.8581 0.0058 -0.5135
vn -0.7734 0.0080 -0.6339
vn -0.7883 0.0086 -0.6153
vn -0.7888 0.0077 -0.6147
vn -0.8226 0.0115 -0.5685
vn -0.8453 0.0034 -0.5343
vn -0.7490 0.0158 -0.6623
vn -0.7210 -0.0067 -0.6929
vn -0.7335 0.0105 -0.6796
vn -0.6186 0.0162 -0.7856
vn -0.6485 0.0107 -0.7612
vn -0.6462 -0.0145 -0.7630
vn -0.6663 0.0203 -0.7454
vn -0.7079 0.0123 -0.7062
vn -0.5760 0.0243 -0.8171
vn -0.5593 -0.0221 -0.8287
vn -0.5547 0.0091 -0.8320
vn -0.5258 0.0118 -0.8505
vn -0.5072 -0.0283 -0.8613
vn -0.5035 0.0058 -0.8640
vn -0.4734 0.0104 -0.8808
vn -0.4589 -0.0357 -0.8878
vn -0.4504 0.0035 -0.8928
vn -0.4215 0.0082 -0.9068
vn -0.4093 -0.0466 -0.9112
vn -0.3971 -0.0009 -0.9178
vn -0.3694 0.0055 -0.9292
vn -0.3567 -0.0611 -0.9322
vn -0.3461 -0.0034 -0.9382
vn -0.3084 -0.0843 -0.9475
vn -0.3021 -0.0072 -0.9533
vn -0.3068 0.0182 -0.9516
vn -0.2531 -0.1063 -0.9616
vn -0.1950 -0.1308 -0.9720
vn -0.1894 -0.0268 -0.9815
vn -0.1919 0.0104 -0.9814
vn -0.2464 -0.0164 -0.9690
vn -0.2505 0.0151 -0.9680
vn -0.0662 -0.1679 -0.9836
vn -0.0905 -0.0350 -0.9953
vn -0.1355 -0.1540 -0.9787
vn -0.1308 -0.0375 -0.9907
vn -0.1321 0.0061 -0.9912
vn 0.0174 -0.0540 -0.9984
vn -0.0072 -0.0420 -0.9991
vn 0.0016 -0.1739 -0.9848
vn -0.0344 -0.0343 -0.9988
vn -0.0587 -0.0565 -0.9967
vn 0.0468 -0.0409 -0.9981
vn 0.0673 -0.1674 -0.9836
vn 0.0795 -0.0495 -0.9956
vn 0.1037 -0.0324 -0.9941
vn 0.1314 -0.1474 -0.9803
vn 0.1268 -0.0352 -0.9913
vn 0.1901 -0.1303 -0.9731
vn 0.2134 0.0030 -0.9770
vn 0.1656 -0.0301 -0.9857
vn 0.1582 -0.0054 -0.9874
vn 0.2709 0.0001 -0.9626
vn 0.3064 -0.0808 -0.9485
vn 0.2964 -0.0015 -0.9551
vn 0.3586 -0.0631 -0.9314
vn 0.3198 0.0002 -0.9475
vn 0.3470 0.0037 -0.9379
vn 0.4098 -0.0483 -0.9109
vn 0.3764 0.0038 -0.9265
vn 0.4021 0.0078 -0.9156
vn 0.4592 -0.0371 -0.8876
vn 0.4308 0.0064 -0.9024
vn 0.4550 0.0103 -0.8904
vn 0.5071 -0.0289 -0.8614
vn 0.4838 0.0077 -0.8751
vn 0.5059 0.0118 -0.8625
vn 0.5627 -0.0197 -0.8264
vn 0.5330 0.0098 -0.8460
vn 0.6464 -0.0155 -0.7628
vn 0.5948 0.0252 -0.8035
vn 0.5563 0.0178 -0.8308
vn 0.6861 0.0208 -0.7272
vn 0.6520 0.0192 -0.7579
vn 0.6302 0.0081 -0.7764
vn 0.7701 0.0162 -0.6377
vn 0.7392 0.0196 -0.6732
vn 0.7222 -0.0090 -0.6916
vn 0.7195 0.0066 -0.6945
vn 0.8152 0.0105 -0.5791
vn 0.8008 0.0054 -0.5989
vn 0.7934 -0.0065 -0.6087
vn 0.8798 0.0073 -0.4752
vn 0.8696 0.0049 -0.4937
vn 0.8529 0.0062 -0.5220
vn 0.8494 0.0060 -0.5277
vn 0.9400 0.0119 -0.3410
vn 0.9300 0.0163 -0.3671
vn 0.9073 0.0041 -0.4205
vn 0.9084 0.0031 -0.4180
vn 0.8982 0.0019 -0.4396
vn 0.9779 0.0202 -0.2083
vn 0.9745 0.0389 -0.2209
vn 0.9500 0.0017 -0.3123
vn 0.9608 0.0060 -0.2771
vn 0.9534 -0.0014 -0.3017
vn 0.9992 -0.0021 -0.0401
vn 1.0000 0.0001 0.0088
vn 0.9958 0.0004 -0.0918
vn 1.0000 0.0076 0.0059
vn 0.9994 0.0080 -0.0337
vn 0.9959 -0.0001 -0.0904
vn 0.9938 -0.0002 -0.1108
vn 0.9992 -0.0031 -0.0407
vn 0.9992 -0.0023 -0.0409
vn 0.9992 -0.0022 -0.0401
vn 0.9971 -0.0248 -0.0725
vn 0.9997 -0.0017 -0.0229
vn 0.9975 -0.0325 -0.0635
vn 0.9977 -0.0398 -0.0548
vn 1.0000 0.0015 0.0041
vn 1.0000 0.0048 0.0037
vn 1.0000 0.0076 0.0046
vn 0.9990 0.0404 0.0214
vn 0.9976 -0.0610 -0.0332
vn 0.9973 -0.0684 -0.0256
vn 0.9967 -0.0796 -0.0155
vn 0.9997 -0.0257 -0.0004
vn 0.9961 -0.0885 -0.0065
vn 0.9956 -0.0941 -0.0006
vn 0.9996 -0.0285 -0.0000
vn 1.0000 0.0001 -0.0000
vn 0.9997 -0.0262 -0.0000
vn 0.9997 -0.0243 0.0001
vn 0.9956 -0.0932 -0.0004
vn 1.0000 -0.0006 -0.0000
vn 0.9794 -0.2019 0.0019
vn 0.9497 -0.3132 0.0033
vn 0.9075 -0.4201 0.0056
vn 0.8536 -0.5209 0.0087
vn 0.7140 -0.7000 0.0168
vn 0.7888 -0.6145 0.0126
vn 0.6358 -0.7717 0.0157
vn 0.5503 -0.8348 0.0181
vn 0.2426 -0.9697 -0.0297
vn 0.2830 -0.9588 -0.0248
vn 0.3480 -0.9375 0.0038
vn 0.3897 -0.9209 0.0045
vn 0.4474 -0.8942 0.0164
vn 0.4908 -0.8711 0.0154
vn 0.0168 -0.9970 -0.0760
vn 0.0367 -0.8200 -0.5712
vn 0.0519 -0.9422 -0.3310
vn 0.0413 -0.8200 -0.5708
vn -0.0622 -0.9947 -0.0817
vn -0.0082 -1.0000 -0.0005
vn -0.1757 -0.9784 -0.1085
vn -0.1266 -0.9911 -0.0407
vn -0.0444 -0.7508 -0.6591
vn -0.0444 -0.7508 -0.6590
vn -0.2443 -0.9696 -0.0166
vn -0.6340 -0.7732 0.0157
vn -0.5526 -0.8332 0.0197
vn -0.4905 -0.8714 0.0067
vn -0.4494 -0.8932 0.0139
vn -0.3898 -0.9209 -0.0073
vn -0.3477 -0.9376 0.0039
vn -0.2839 -0.9579 -0.0427
vn -0.7145 -0.6994 0.0161
vn -0.7890 -0.6143 0.0120
vn -0.9075 -0.4200 0.0052
vn -0.8536 -0.5208 0.0082
vn -0.9497 -0.3131 0.0029
vn -0.9794 -0.2018 0.0015
vn -0.9976 -0.0601 -0.0333
vn -0.9857 -0.1583 -0.0582
vn -0.9598 -0.2752 -0.0549
vn -0.9839 -0.1753 -0.0355
vn -0.9148 -0.4030 -0.0257
vn -0.9540 -0.2993 -0.0196
vn -0.9814 -0.1916 -0.0131
vn -0.8550 -0.5186 0.0002
vn -0.9083 -0.4184 -0.0005
vn -0.9500 -0.3121 -0.0010
vn -0.9796 -0.2011 -0.0010
vn -0.9956 -0.0941 -0.0007
vn -0.9997 -0.0245 -0.0001
vn -0.6550 -0.7553 -0.0226
vn -0.7255 -0.6880 -0.0174
vn 0.6013 -0.7983 -0.0337
vn 0.5564 -0.8304 -0.0310
vn 0.5101 -0.8593 -0.0377
vn 0.4623 -0.8855 -0.0469
vn 0.4129 -0.9088 -0.0595
vn 0.3617 -0.9292 -0.0754
vn 0.3087 -0.9463 -0.0963
vn 0.2532 -0.9598 -0.1215
vn 0.1946 -0.9695 -0.1490
vn 0.1330 -0.9751 -0.1772
vn 0.0679 -0.9780 -0.1973
vn 0.0006 -0.9786 -0.2057
vn -0.0670 -0.9781 -0.1972
vn -0.1321 -0.9753 -0.1771
vn -0.1942 -0.9696 -0.1491
vn -0.2529 -0.9598 -0.1216
vn -0.3086 -0.9463 -0.0966
vn -0.3618 -0.9292 -0.0756
vn -0.4130 -0.9088 -0.0597
vn -0.4626 -0.8853 -0.0473
vn -0.5104 -0.8591 -0.0380
vn -0.5631 -0.8256 -0.0357
vn -0.5995 -0.7991 -0.0445
vn 0.7911 -0.6117 0.0012
vn 0.7250 -0.6885 -0.0170
vn 0.6547 -0.7556 -0.0220
vn 0.6907 -0.1399 -0.7094
vn 0.7579 -0.1208 -0.6411
vn 0.9135 -0.0207 -0.4062
vn 0.8629 -0.0254 -0.5048
vn 0.9237 -0.0663 -0.3774
vn 0.8777 -0.0828 -0.4721
vn 0.9320 -0.1166 -0.3431
vn 0.9532 -0.0158 -0.3020
vn 0.9590 -0.0494 -0.2790
vn 0.9637 -0.0862 -0.2527
vn 0.9666 -0.1182 -0.2274
vn 0.9030 -0.3425 -0.2594
vn 0.8990 -0.3844 -0.2098
vn 0.9378 -0.3048 -0.1664
vn 0.8916 -0.4255 -0.1547
vn 0.9329 -0.3383 -0.1231
vn 0.8798 -0.4664 -0.0922
vn 0.9251 -0.3725 -0.0738
vn 0.8646 -0.5015 -0.0318
vn 0.9148 -0.4030 -0.0257
vn 0.8548 -0.5189 0.0006
vn 0.9081 -0.4187 -0.0002
vn 0.9026 -0.2527 -0.3484
vn 0.9042 -0.2989 -0.3052
vn 0.9411 -0.2365 -0.2415
vn 0.9404 -0.2711 -0.2054
vn 0.9683 -0.1990 -0.1508
vn 0.9669 -0.2239 -0.1224
vn 0.9868 -0.1422 -0.0780
vn 0.9642 -0.2491 -0.0909
vn 0.9857 -0.1583 -0.0582
vn 0.9598 -0.2752 -0.0549
vn 0.9839 -0.1753 -0.0355
vn 0.9540 -0.2993 -0.0196
vn 0.9814 -0.1916 -0.0131
vn 0.9500 -0.3123 -0.0007
vn 0.9796 -0.2012 -0.0009
vn 0.9876 0.0009 -0.1567
vn 0.9789 0.0016 -0.2046
vn 0.9810 -0.0106 -0.1936
vn 0.9835 -0.0321 -0.1778
vn 0.9855 -0.0552 -0.1607
vn 0.9866 -0.0754 -0.1444
vn 0.9873 -0.0935 -0.1286
vn 0.9933 -0.0002 -0.1153
vn 0.9978 -0.0468 -0.0477
vn 0.8194 -0.0864 -0.5667
vn 0.8382 -0.1756 -0.5163
vn 0.8902 -0.1464 -0.4313
vn 0.8982 -0.2023 -0.3903
vn 0.9373 -0.1606 -0.3094
vn 0.9401 -0.2001 -0.2759
vn 0.9682 -0.1470 -0.2025
vn 0.9687 -0.1736 -0.1772
vn 0.9875 -0.1103 -0.1126
vn 0.9873 -0.1263 -0.0959
vn 0.9977 -0.0535 -0.0408
vn 1.0000 0.0062 0.0030
vn 0.9995 0.0160 0.0267
vn -0.9997 -0.0014 -0.0251
vn -0.9960 -0.0054 -0.0890
vn -0.9810 -0.0106 -0.1936
vn -0.9835 -0.0321 -0.1778
vn -0.9532 -0.0158 -0.3020
vn -0.9590 -0.0494 -0.2790
vn -0.9135 -0.0207 -0.4062
vn -0.9237 -0.0663 -0.3774
vn -0.8627 -0.0255 -0.5050
vn -0.8777 -0.0828 -0.4721
vn -0.8018 -0.0308 -0.5968
vn -0.8212 -0.0993 -0.5619
vn -0.7591 -0.1217 -0.6395
vn -0.9977 -0.0535 -0.0408
vn -0.7913 -0.6114 0.0009
vn -0.8043 -0.5930 -0.0383
vn -0.8646 -0.5015 -0.0318
vn -0.8797 -0.4664 -0.0922
vn -0.9251 -0.3725 -0.0738
vn -0.9329 -0.3383 -0.1231
vn -0.9642 -0.2491 -0.0909
vn -0.9669 -0.2239 -0.1225
vn -0.9868 -0.1422 -0.0780
vn -0.9683 -0.1990 -0.1508
vn -0.9873 -0.1263 -0.0959
vn -0.8916 -0.4255 -0.1547
vn -0.8990 -0.3844 -0.2098
vn -0.9378 -0.3048 -0.1664
vn -0.9030 -0.3425 -0.2594
vn -0.9404 -0.2711 -0.2054
vn 0.6938 -0.7040 -0.1515
vn 0.6417 -0.7489 -0.1655
vn 0.5977 -0.7816 -0.1786
vn 0.5512 -0.8117 -0.1932
vn 0.5023 -0.8387 -0.2101
vn 0.4508 -0.8624 -0.2302
vn 0.3966 -0.8822 -0.2539
vn 0.3393 -0.8975 -0.2816
vn 0.2787 -0.9080 -0.3129
vn 0.2143 -0.9135 -0.3460
vn 0.1461 -0.9145 -0.3772
vn 0.0746 -0.9135 -0.4000
vn 0.0004 -0.9127 -0.4086
vn -0.0737 -0.9136 -0.3999
vn -0.1454 -0.9148 -0.3767
vn -0.2137 -0.9137 -0.3456
vn -0.2782 -0.9083 -0.3123
vn -0.3389 -0.8979 -0.2809
vn -0.3962 -0.8825 -0.2533
vn -0.4506 -0.8627 -0.2297
vn -0.5021 -0.8390 -0.2096
vn -0.5510 -0.8119 -0.1928
vn -0.5975 -0.7818 -0.1781
vn -0.6416 -0.7490 -0.1652
vn -0.6937 -0.7042 -0.1513
vn -0.9978 -0.0468 -0.0477
vn -0.9873 -0.0935 -0.1286
vn -0.9875 -0.1103 -0.1126
vn -0.9682 -0.1470 -0.2025
vn -0.9687 -0.1736 -0.1772
vn -0.9401 -0.2001 -0.2759
vn -0.9411 -0.2365 -0.2415
vn -0.9026 -0.2527 -0.3484
vn -0.9042 -0.2989 -0.3052
vn -0.8551 -0.3044 -0.4197
vn -0.8571 -0.3605 -0.3680
vn -0.8022 -0.4178 -0.4266
vn -0.9855 -0.0552 -0.1607
vn -0.9866 -0.0754 -0.1444
vn -0.9637 -0.0862 -0.2527
vn -0.9666 -0.1182 -0.2274
vn -0.9320 -0.1166 -0.3431
vn -0.9373 -0.1606 -0.3094
vn -0.8902 -0.1464 -0.4313
vn -0.8982 -0.2023 -0.3903
vn -0.8382 -0.1756 -0.5163
vn -0.8489 -0.2435 -0.4691
vn -0.7918 -0.2806 -0.5425
vn -0.6910 -0.1398 -0.7092
vn -0.6406 -0.1761 -0.7474
vn -0.5946 -0.1656 -0.7868
vn -0.5482 -0.1799 -0.8168
vn -0.4994 -0.1964 -0.8438
vn -0.4482 -0.2163 -0.8673
vn -0.3942 -0.2398 -0.8872
vn -0.3374 -0.2676 -0.9025
vn -0.2770 -0.2986 -0.9133
vn -0.2131 -0.3326 -0.9187
vn -0.1454 -0.3642 -0.9199
vn -0.0741 -0.3870 -0.9191
vn -0.0005 -0.3959 -0.9183
vn 0.0734 -0.3868 -0.9192
vn 0.1447 -0.3638 -0.9202
vn 0.2125 -0.3321 -0.9190
vn 0.2766 -0.2982 -0.9135
vn 0.3369 -0.2671 -0.9028
vn 0.3939 -0.2392 -0.8875
vn 0.4479 -0.2158 -0.8676
vn 0.4992 -0.1961 -0.8440
vn 0.5480 -0.1796 -0.8170
vn 0.6015 -0.1690 -0.7808
vn 0.6387 -0.1983 -0.7435
vn -0.7270 -0.3175 -0.6088
vn -0.7390 -0.4714 -0.4812
vn -0.6763 -0.3426 -0.6521
vn -0.6890 -0.5072 -0.5176
vn -0.6324 -0.3628 -0.6844
vn -0.6454 -0.5348 -0.5454
vn -0.5853 -0.3837 -0.7143
vn -0.5981 -0.5612 -0.5721
vn -0.5347 -0.4050 -0.7417
vn -0.5469 -0.5864 -0.5975
vn -0.4804 -0.4267 -0.7662
vn -0.4916 -0.6101 -0.6213
vn -0.4224 -0.4491 -0.7873
vn -0.4324 -0.6321 -0.6430
vn -0.3609 -0.4729 -0.8038
vn -0.3690 -0.6517 -0.6626
vn -0.2954 -0.4968 -0.8161
vn -0.3018 -0.6689 -0.6793
vn -0.2263 -0.5207 -0.8232
vn -0.2307 -0.6828 -0.6932
vn -0.1537 -0.5418 -0.8264
vn -0.1563 -0.6934 -0.7034
vn -0.0780 -0.5560 -0.8275
vn -0.0792 -0.7001 -0.7097
vn -0.0002 -0.5611 -0.8278
vn -0.0000 -0.7028 -0.7114
vn 0.0776 -0.5557 -0.8277
vn 0.0792 -0.6999 -0.7098
vn 0.1532 -0.5415 -0.8266
vn 0.1563 -0.6930 -0.7038
vn 0.2259 -0.5202 -0.8236
vn 0.2308 -0.6822 -0.6938
vn 0.2952 -0.4962 -0.8165
vn 0.3018 -0.6684 -0.6799
vn 0.3606 -0.4725 -0.8042
vn 0.3690 -0.6512 -0.6631
vn 0.4223 -0.4486 -0.7877
vn 0.4323 -0.6317 -0.6435
vn 0.4803 -0.4263 -0.7666
vn 0.4916 -0.6098 -0.6217
vn 0.5345 -0.4045 -0.7421
vn 0.5468 -0.5861 -0.5979
vn 0.5852 -0.3833 -0.7146
vn 0.5981 -0.5609 -0.5725
vn 0.6324 -0.3626 -0.6845
vn 0.6454 -0.5345 -0.5456
vn 0.6762 -0.3424 -0.6523
vn 0.6890 -0.5071 -0.5178
vn 0.7269 -0.3173 -0.6090
vn 0.7390 -0.4713 -0.4814
vn 0.7287 -0.6005 -0.3293
vn 0.6781 -0.6435 -0.3553
vn 0.6342 -0.6755 -0.3761
vn 0.5870 -0.7054 -0.3973
vn 0.5363 -0.7328 -0.4188
vn 0.4819 -0.7573 -0.4407
vn 0.4238 -0.7782 -0.4635
vn 0.3619 -0.7951 -0.4866
vn 0.2962 -0.8076 -0.5099
vn 0.2269 -0.8149 -0.5334
vn 0.1540 -0.8189 -0.5529
vn 0.0783 -0.8199 -0.5672
vn 0.0002 -0.8206 -0.5716
vn -0.0778 -0.8201 -0.5669
vn -0.1537 -0.8192 -0.5525
vn -0.2265 -0.8154 -0.5328
vn -0.2960 -0.8080 -0.5094
vn -0.3617 -0.7955 -0.4861
vn -0.4236 -0.7786 -0.4629
vn -0.4818 -0.7577 -0.4402
vn -0.5362 -0.7331 -0.4184
vn -0.5869 -0.7057 -0.3970
vn -0.6342 -0.6758 -0.3757
vn -0.6780 -0.6437 -0.3550
vn -0.7286 -0.6007 -0.3291
vn -0.9994 -0.0000 0.0342
vn -1.0000 -0.0006 -0.0063
vn -1.0000 -0.0006 -0.0074
vn -1.0000 -0.0007 -0.0090
vn -1.0000 -0.0005 -0.0090
vn -0.9989 -0.0028 -0.0479
vn -0.9997 -0.0022 -0.0259
vn -0.9998 0.0009 0.0175
vn -1.0000 -0.0006 -0.0000
vn -0.9991 0.0021 0.0415
vn 0.9980 -0.0036 -0.0629
vn 0.9957 0.0102 0.0917
vn 0.9994 -0.0002 0.0336
vn -0.5553 0.0415 0.8306
vn -0.5901 0.0412 0.8063
vn -0.5717 0.0413 0.8194
vn 0.3640 -0.1430 0.9204
vn -1.0000 -0.0002 -0.0082
vn -0.9407 0.0187 0.3387
vn -1.0000 0.0004 0.0030
vn -0.9998 -0.0010 -0.0220
vn -1.0000 0.0004 0.0029
vn -0.9997 0.0017 0.0224
vn -0.0468 0.0044 -0.9989
vn -0.0022 0.0071 -1.0000
vn -0.0034 0.0378 -0.9993
vn -0.2175 0.3857 -0.8966
vn -0.2049 0.2481 -0.9468
vn -0.1399 0.2814 -0.9493
vn -0.3239 0.1822 -0.9284
vn -0.2656 0.2136 -0.9401
vn -0.2820 0.3537 -0.8918
vn -0.4307 0.1330 -0.8926
vn -0.3785 0.1552 -0.9125
vn -0.4030 0.2965 -0.8658
vn -0.4869 -0.0172 -0.8733
vn -0.4724 -0.0324 -0.8808
vn -0.4548 -0.0196 -0.8904
vn 0.8535 -0.0081 -0.5211
vn 0.9075 -0.0049 -0.4201
vn 0.9083 0.0004 -0.4184
vn 0.5259 0.0906 -0.8457
vn 0.5723 0.0812 -0.8160
vn 0.6063 0.2183 -0.7647
vn 0.0641 0.0509 -0.9966
vn 0.7202 0.6938 -0.0033
vn 0.7902 0.6129 0.0044
vn 0.7884 0.6150 0.0133
vn 0.8528 0.5221 0.0098
vn 0.7141 0.6999 0.0182
vn 0.6304 0.7759 0.0232
vn 0.6441 0.7649 -0.0105
vn 0.2199 0.8841 -0.4123
vn 0.2287 0.8103 -0.5395
vn 0.2946 0.8193 -0.4918
vn 0.1545 0.8294 -0.5369
vn 0.1563 0.6891 -0.7076
vn -0.2189 0.8843 -0.4124
vn -0.2280 0.8107 -0.5392
vn -0.1541 0.8294 -0.5370
vn -0.7970 0.4848 -0.3602
vn -0.7991 0.4167 -0.4333
vn -0.7400 0.4849 -0.4662
vn -0.7721 0.6068 -0.1888
vn -0.7449 0.6624 -0.0797
vn -0.8139 0.5770 -0.0681
vn -0.8586 0.5125 -0.0117
vn -0.8541 0.5201 0.0031
vn -0.9077 0.4196 0.0016
vn -0.9971 0.0734 -0.0225
vn -0.9975 0.0629 -0.0315
vn -0.9866 0.1451 -0.0742
vn 0.2370 0.9715 -0.0107
vn 0.2877 0.9577 0.0014
vn -0.1288 0.9896 -0.0643
vn -1.0000 -0.0076 0.0038
vn -1.0000 -0.0062 0.0058
vn -1.0000 -0.0000 0.0094
vn -1.0000 -0.0004 0.0070
vn -0.9958 0.0017 -0.0920
vn 0.9988 -0.0007 0.0499
vn 0.9999 -0.0009 0.0142
vn 0.9999 0.0026 -0.0170
vn 1.0000 -0.0047 0.0035
vn 0.9993 -0.0184 0.0340
vn 0.9992 -0.0191 0.0348
vn 0.9993 -0.0239 0.0293
vn 0.9977 0.0381 -0.0567
vn 0.9974 0.0305 -0.0658
vn 0.9969 0.0204 -0.0757
vn 0.9963 0.0093 -0.0851
vn 0.9958 0.0017 -0.0919
vn 0.9999 -0.0006 0.0114
vn 0.9999 -0.0004 0.0115
vn 0.9999 0.0003 0.0130
vn 0.9958 0.0008 -0.0916
vn 0.9999 -0.0005 0.0107
vn 1.0000 -0.0005 0.0097
vn 0.9986 0.0204 -0.0498
vn 0.9997 0.0023 0.0225
vn 0.9963 -0.0170 0.0847
vn 0.9976 -0.0117 0.0684
vn 0.9982 -0.0060 0.0590
vn 0.9987 -0.0026 0.0500
vn 0.9995 -0.0005 0.0329
vn 0.9998 0.0019 -0.0198
vn 0.9911 0.0014 -0.1331
vn 0.9988 -0.0001 0.0494
vn 0.9986 -0.0009 0.0522
vn -0.9999 0.0037 0.0120
vn -0.9993 0.0153 0.0329
vn -0.9986 -0.0035 0.0529
vn -0.9981 -0.0071 0.0616
vn -0.9975 0.0229 0.0666
vn -0.9999 0.0008 -0.0164
vn -0.9990 -0.0004 0.0441
vn -0.9984 -0.0019 0.0567
vn -0.9987 -0.0005 0.0506
vn -0.9988 -0.0003 0.0494
vn -0.9968 0.0013 -0.0803
vn -1.0000 0.0022 -0.0066
vn -0.9982 0.0091 -0.0600
vn -0.9959 -0.0007 -0.0907
vn -1.0000 -0.0013 0.0087
vn -0.9963 0.0093 -0.0852
vn -0.9998 0.0018 -0.0203
vn -1.0000 -0.0002 0.0059
vn -0.9993 0.0050 -0.0374
vn -0.9969 0.0203 -0.0756
vn -0.9974 0.0296 -0.0653
vn -1.0000 -0.0014 0.0011
vn -0.9997 -0.0183 0.0185
vn -1.0000 -0.0050 0.0033
vn -0.9993 -0.0360 0.0110
vn -0.9998 0.0184 -0.0002
vn -0.9999 0.0173 0.0002
vn -0.9964 0.0836 -0.0117
vn -0.9998 0.0195 -0.0000
vn -0.9998 0.0193 -0.0000
vn -0.9957 0.0922 -0.0028
vn -0.9955 0.0944 0.0010
vn -0.9955 0.0944 -0.0003
vn -0.9800 0.1991 -0.0001
vn -0.9793 0.2024 0.0022
vn -0.9800 0.1988 -0.0001
vn -0.9495 0.3136 0.0037
vn -0.9072 0.4207 0.0064
vn -0.8725 0.4886 0.0087
vn -0.8530 0.5217 0.0099
vn -0.7880 0.6155 0.0141
vn -0.7131 0.7008 0.0183
vn -0.6310 0.7755 0.0223
vn -0.5464 0.8373 0.0214
vn -0.4496 0.8930 0.0188
vn -0.3988 0.9171 -0.0011
vn -0.3478 0.9375 -0.0128
vn -0.2344 0.9721 -0.0119
vn -0.1852 0.9820 -0.0364
vn -0.0000 0.9949 -0.1009
vn -0.0694 0.9931 -0.0943
vn 0.0625 0.9940 -0.0898
vn 0.1243 0.9903 -0.0627
vn 0.1827 0.9827 -0.0309
vn 0.2225 0.9749 0.0077
vn 0.3402 0.9403 0.0102
vn 0.3947 0.9187 0.0151
vn 0.4537 0.8909 0.0204
vn 0.5445 0.8385 0.0208
vn 0.6213 0.7834 0.0129
vn 0.9070 0.4211 0.0068
vn 0.9494 0.3141 0.0043
vn 0.9793 0.2025 0.0025
vn 0.9954 0.0962 -0.0008
vn 0.9955 0.0944 0.0010
vn 0.9998 0.0195 -0.0000
vn 0.9998 0.0199 -0.0000
vn 0.9955 0.0944 -0.0003
vn 0.9999 0.0135 -0.0000
vn 0.9957 0.0922 -0.0026
vn 0.9999 0.0164 -0.0001
vn 0.9965 0.0832 -0.0117
vn 0.9971 0.0729 -0.0219
vn 0.9976 0.0616 -0.0316
vn 0.9998 -0.0207 0.0068
vn 0.9999 -0.0090 0.0045
vn -0.9852 0.1635 -0.0510
vn -0.9665 0.2286 -0.1163
vn -0.9828 0.1828 -0.0246
vn -0.9631 0.2573 -0.0795
vn -0.9371 0.3112 -0.1580
vn -0.8572 0.3569 -0.3712
vn -0.9030 0.3451 -0.2560
vn -0.9043 0.2959 -0.3078
vn -0.9404 0.2732 -0.2027
vn -0.9412 0.2341 -0.2435
vn -0.9683 0.2005 -0.1488
vn -0.9688 0.1718 -0.1787
vn -0.9874 0.1272 -0.0946
vn -0.9875 0.1091 -0.1134
vn -0.9978 0.0537 -0.0401
vn -0.9978 0.0462 -0.0480
vn -0.9802 0.1979 -0.0053
vn -0.9573 0.2867 -0.0376
vn -0.9308 0.3493 -0.1075
vn -0.8980 0.3925 -0.1991
vn -0.8554 0.4160 -0.3086
vn -0.8485 0.4717 -0.2397
vn -0.8884 0.4389 -0.1348
vn -0.9205 0.3874 -0.0501
vn -0.9514 0.3078 -0.0077
vn -0.9795 0.2017 -0.0001
vn -0.7882 0.5483 -0.2795
vn -0.8355 0.5251 -0.1618
vn -0.8730 0.4838 -0.0625
vn -0.9106 0.4132 -0.0097
vn -0.9497 0.3130 0.0005
vn -0.6347 0.6702 -0.3848
vn -0.6124 0.7511 -0.2468
vn -0.6788 0.6379 -0.3636
vn -0.6563 0.7182 -0.2312
vn -0.7302 0.5953 -0.3353
vn -0.7074 0.6738 -0.2136
vn -0.5808 0.8063 -0.1123
vn -0.6265 0.7699 -0.1211
vn -0.6775 0.7297 -0.0923
vn -0.7926 0.6097 -0.0025
vn -0.7195 0.6945 -0.0034
vn -0.6448 0.7643 -0.0102
vn -0.2952 0.8192 -0.4918
vn -0.2868 0.8787 -0.3817
vn -0.2691 0.9327 -0.2401
vn -0.3809 0.9110 -0.1578
vn -0.3216 0.9251 -0.2016
vn -0.4075 0.8528 -0.3264
vn -0.3485 0.8686 -0.3523
vn -0.4218 0.7899 -0.4451
vn -0.3604 0.8063 -0.4690
vn -0.3670 0.7321 -0.5739
vn -0.3002 0.7469 -0.5934
vn -0.3018 0.6634 -0.6848
vn -0.2332 0.6774 -0.6976
vn -0.4345 0.8897 -0.1401
vn -0.4581 0.8885 -0.0261
vn -0.5073 0.8606 -0.0448
vn -0.5598 0.8285 -0.0153
vn 0.0791 0.6957 -0.7140
vn 0.0774 0.8310 -0.5508
vn 0.0001 0.6985 -0.7156
vn -0.0002 0.8310 -0.5562
vn -0.0792 0.6954 -0.7142
vn -0.0779 0.8308 -0.5512
vn -0.1563 0.6887 -0.7080
vn -0.2968 0.9519 -0.0764
vn 0.1443 0.9320 -0.3326
vn 0.0724 0.9315 -0.3565
vn -0.0006 0.9305 -0.3664
vn -0.0733 0.9314 -0.3567
vn -0.1443 0.9316 -0.3336
vn -0.2074 0.9387 -0.2753
vn 0.5841 0.7175 -0.3795
vn 0.5655 0.7815 -0.2637
vn 0.5337 0.7449 -0.4004
vn 0.5158 0.8090 -0.2819
vn 0.4795 0.7695 -0.4219
vn 0.4632 0.8329 -0.3029
vn 0.4217 0.7903 -0.4444
vn 0.4074 0.8529 -0.3264
vn 0.3602 0.8067 -0.4684
vn 0.3484 0.8687 -0.3521
vn 0.2848 0.8793 -0.3817
vn 0.2074 0.9393 -0.2732
vn 0.5344 0.8360 -0.1241
vn 0.4862 0.8628 -0.1386
vn 0.4359 0.8862 -0.1569
vn 0.3833 0.9059 -0.1802
vn 0.3280 0.9219 -0.2064
vn 0.2689 0.9330 -0.2393
vn 0.5058 0.8597 -0.0716
vn 0.4641 0.8852 -0.0309
vn 0.4072 0.9126 -0.0373
vn 0.3563 0.9329 -0.0519
vn 0.3036 0.9501 -0.0712
vn 0.2485 0.9640 -0.0944
vn 0.1907 0.9742 -0.1205
vn 0.1297 0.9807 -0.1462
vn 0.0657 0.9840 -0.1654
vn -0.0005 0.9847 -0.1740
vn -0.0664 0.9841 -0.1650
vn -0.1303 0.9807 -0.1456
vn -0.1910 0.9743 -0.1197
vn -0.2468 0.9645 -0.0941
vn -0.2925 0.9563 -0.0000
vn 0.6123 0.7511 -0.2467
vn 0.6250 0.7680 -0.1401
vn 0.5876 0.8008 -0.1158
vn 0.5624 0.8268 -0.0126
vn 0.6807 0.6376 -0.3606
vn 0.7257 0.6118 -0.3146
vn 0.7076 0.6736 -0.2136
vn 0.7721 0.6068 -0.1888
vn 0.7458 0.6614 -0.0800
vn 0.8150 0.5747 -0.0748
vn 0.7962 0.6048 -0.0142
vn 0.8585 0.5127 -0.0118
vn 0.8542 0.5199 0.0029
vn 0.9078 0.4194 0.0014
vn 0.2332 0.6777 -0.6974
vn 0.3018 0.6634 -0.6847
vn 0.3004 0.7469 -0.5933
vn 0.3689 0.6468 -0.6675
vn 0.3671 0.7320 -0.5739
vn 0.4321 0.6269 -0.6483
vn 0.4299 0.7141 -0.5525
vn 0.4914 0.6046 -0.6269
vn 0.4888 0.6930 -0.5299
vn 0.5464 0.5813 -0.6029
vn 0.5437 0.6685 -0.5074
vn 0.5935 0.5553 -0.5826
vn 0.5940 0.6424 -0.4842
vn 0.6439 0.5296 -0.5522
vn 0.6329 0.6723 -0.3841
vn 0.6563 0.7182 -0.2313
vn 0.6773 0.7299 -0.0922
vn 0.3449 0.0022 -0.9386
vn 0.2924 0.0218 -0.9560
vn 0.2819 -0.0134 -0.9593
vn 0.2317 -0.0075 -0.9728
vn 0.0571 0.0097 -0.9983
vn 0.0640 0.0013 -0.9979
vn 0.1159 0.0261 -0.9929
vn 0.1218 0.0146 -0.9924
vn 0.1830 0.0292 -0.9827
vn 0.1674 0.0091 -0.9858
vn 0.2294 0.0040 -0.9733
vn 0.1704 -0.0221 -0.9851
vn 0.1763 -0.0207 -0.9841
vn 0.4479 -0.0077 -0.8940
vn 0.4891 -0.0210 -0.8720
vn 0.4949 -0.0085 -0.8689
vn 0.5454 0.0382 -0.8373
vn 0.5529 -0.0103 -0.8332
vn 0.6303 -0.0076 -0.7763
vn 0.6706 -0.0221 -0.7415
vn 0.7149 -0.0153 -0.6991
vn 0.7144 0.0005 -0.6997
vn 0.5639 0.0018 -0.8258
vn 0.5869 -0.0270 -0.8092
vn 0.6374 -0.0137 -0.7704
vn 0.3427 -0.0167 -0.9393
vn 0.3984 -0.0113 -0.9172
vn 0.3961 0.0003 -0.9182
vn 0.3862 -0.0016 -0.9224
vn 0.4283 -0.0122 -0.9036
vn 0.2384 0.0841 -0.9675
vn 0.1891 0.1039 -0.9764
vn 0.1289 0.1282 -0.9833
vn 0.0657 0.1471 -0.9869
vn 0.2603 0.2101 -0.9424
vn 0.2054 0.2503 -0.9461
vn 0.1399 0.2831 -0.9488
vn 0.1475 0.4164 -0.8971
vn 0.0781 0.5300 -0.8444
vn 0.0732 0.3326 -0.9402
vn 0.1533 0.5381 -0.8288
vn 0.2173 0.3856 -0.8967
vn 0.2269 0.5154 -0.8264
vn 0.2841 0.3537 -0.8912
vn 0.2935 0.4677 -0.8337
vn 0.3448 0.3234 -0.8812
vn 0.3220 0.1594 -0.9332
vn 0.4032 0.2966 -0.8657
vn 0.3756 0.1374 -0.9166
vn 0.4583 0.2728 -0.8459
vn 0.4277 0.1179 -0.8962
vn 0.5105 0.2525 -0.8220
vn 0.4779 0.1030 -0.8723
vn 0.5598 0.2343 -0.7948
vn 0.6756 0.3395 -0.6545
vn 0.6504 0.2040 -0.7317
vn 0.6176 0.0800 -0.7824
vn 0.3580 0.4418 -0.8226
vn 0.4190 0.4178 -0.8062
vn 0.4765 0.3955 -0.7852
vn 0.5303 0.3738 -0.7609
vn 0.5808 0.3538 -0.7331
vn 0.6314 0.3599 -0.6869
vn 0.5875 0.4661 -0.6615
vn 0.5420 0.4830 -0.6877
vn 0.4872 0.5054 -0.7121
vn 0.4285 0.5280 -0.7332
vn 0.3659 0.5500 -0.7507
vn 0.2993 0.5704 -0.7649
vn 0.7396 0.4472 -0.5029
vn 0.7272 0.3131 -0.6109
vn 0.7017 0.1878 -0.6873
vn 0.6716 0.0729 -0.7374
vn 0.6502 -0.0028 -0.7597
vn 0.7396 0.0624 -0.6701
vn 0.7669 0.1654 -0.6200
vn 0.7851 0.2590 -0.5626
vn 0.7955 0.3420 -0.5002
vn 0.7991 0.4167 -0.4333
vn 0.7969 0.4850 -0.3603
vn 0.8554 0.4160 -0.3086
vn 0.8485 0.4717 -0.2397
vn 0.8980 0.3925 -0.1991
vn 0.8884 0.4389 -0.1348
vn 0.9308 0.3493 -0.1075
vn 0.9205 0.3874 -0.0501
vn 0.9573 0.2867 -0.0376
vn 0.9514 0.3078 -0.0077
vn 0.9802 0.1979 -0.0053
vn 0.9795 0.2016 -0.0002
vn 0.6915 0.4989 -0.5224
vn 0.7361 0.5426 -0.4045
vn 0.7882 0.5483 -0.2795
vn 0.8355 0.5251 -0.1618
vn 0.8730 0.4838 -0.0625
vn 0.9106 0.4132 -0.0097
vn 0.9498 0.3129 0.0003
vn 0.7466 0.0128 -0.6652
vn 0.7434 -0.0113 -0.6687
vn 0.7885 -0.0115 -0.6149
vn 0.7844 -0.0063 -0.6202
vn 0.8173 0.0010 -0.5762
vn 0.8468 -0.0032 -0.5319
vn 0.8771 -0.0077 -0.4803
vn 0.9264 -0.0126 -0.3763
vn 0.9458 0.0031 -0.3247
vn 0.8763 -0.0062 -0.4817
vn 0.8770 -0.0077 -0.4805
vn 0.9017 -0.0000 -0.4323
vn 0.9265 -0.0127 -0.3761
vn 0.9959 0.0005 -0.0901
vn 0.9796 -0.0005 -0.2010
vn 0.9855 0.0136 -0.1689
vn 0.9876 -0.0129 -0.1567
vn 0.9954 0.0097 -0.0949
vn 0.9633 -0.0139 -0.2681
vn 0.9632 -0.0138 -0.2684
vn 0.9497 -0.0027 -0.3132
vn 0.9795 0.0279 -0.1994
vn 0.9557 0.0273 -0.2931
vn 0.9501 0.0009 -0.3119
vn 0.7178 -0.0018 -0.6962
vn 0.7910 -0.0015 -0.6118
vn 0.8088 0.0529 -0.5857
vn 0.8683 0.0443 -0.4940
vn 0.8314 0.1418 -0.5374
vn 0.8853 0.1182 -0.4498
vn 0.8461 0.2221 -0.4846
vn 0.8962 0.1846 -0.4035
vn 0.8543 0.2929 -0.4294
vn 0.9021 0.2431 -0.3565
vn 0.8572 0.3569 -0.3712
vn 0.9043 0.2960 -0.3078
vn 0.9030 0.3452 -0.2560
vn 0.9404 0.2732 -0.2026
vn 0.9371 0.3112 -0.1580
vn 0.9665 0.2286 -0.1163
vn 0.9631 0.2573 -0.0795
vn 0.9852 0.1635 -0.0510
vn 0.9828 0.1828 -0.0246
vn 0.8549 -0.0005 -0.5188
vn 0.9175 0.0358 -0.3962
vn 0.9288 0.0944 -0.3584
vn 0.9619 0.0700 -0.2642
vn 0.9359 0.1467 -0.3201
vn 0.9659 0.1081 -0.2353
vn 0.9398 0.1925 -0.2822
vn 0.9680 0.1414 -0.2071
vn 0.9412 0.2341 -0.2435
vn 0.9688 0.1718 -0.1787
vn 0.9683 0.2005 -0.1488
vn 0.9874 0.1272 -0.0946
vn 0.9866 0.1451 -0.0741
vn 0.9977 0.0537 -0.0401
vn 0.9978 0.0462 -0.0480
vn 0.9875 0.1091 -0.1134
vn 0.9872 0.0900 -0.1314
vn 0.9864 0.0690 -0.1494
vn 0.9848 0.0450 -0.1680
vn 0.9822 0.0190 -0.1869
vn 0.9798 0.0027 -0.1998
vn 0.9795 -0.0000 -0.2017
vn 1.0000 -0.0043 0.0079
vn 0.9978 -0.0627 0.0213
vn -0.9595 -0.0126 -0.2814
vn -0.9495 -0.0034 -0.3137
vn -0.9746 0.0039 -0.2237
vn -0.9794 -0.0016 -0.2019
vn -0.8748 -0.0055 -0.4845
vn -0.8532 -0.0091 -0.5215
vn -0.8918 0.0165 -0.4521
vn -0.9072 -0.0058 -0.4206
vn -0.9212 -0.0138 -0.3889
vn -0.9419 0.0040 -0.3360
vn -0.9212 -0.0139 -0.3889
vn -0.9941 0.0039 -0.1085
vn -0.9855 -0.0093 -0.1693
vn -0.9853 -0.0075 -0.1704
vn -0.7387 0.0044 -0.6740
vn -0.7135 -0.0170 -0.7004
vn -0.7748 -0.0068 -0.6322
vn -0.7884 -0.0131 -0.6150
vn -0.8086 -0.0051 -0.5884
vn -0.5463 -0.0188 -0.8374
vn -0.6314 -0.0203 -0.7752
vn -0.6225 -0.0079 -0.7825
vn -0.7096 -0.0019 -0.7046
vn -0.6662 -0.0230 -0.7454
vn -0.6655 -0.0213 -0.7461
vn -0.3917 -0.0108 -0.9200
vn -0.4281 -0.0194 -0.9035
vn -0.3446 -0.0081 -0.9387
vn -0.1513 0.0148 -0.9884
vn -0.1052 -0.0003 -0.9945
vn -0.1231 0.0313 -0.9919
vn -0.0584 -0.0026 -0.9983
vn -0.0589 0.0485 -0.9971
vn -0.1555 0.0051 -0.9878
vn -0.1733 0.0254 -0.9845
vn -0.1660 -0.0135 -0.9860
vn -0.2383 0.0065 -0.9712
vn -0.2103 -0.0151 -0.9775
vn -0.3812 -0.0125 -0.9244
vn -0.3682 -0.0253 -0.9294
vn -0.2855 0.0030 -0.9584
vn -0.3308 -0.0342 -0.9431
vn -0.2682 -0.0000 -0.9634
vn -0.5761 -0.0254 -0.8170
vn -0.5162 0.0125 -0.8564
vn -0.8714 -0.0113 -0.4905
vn -0.8373 0.0015 -0.5468
vn -0.8111 -0.0014 -0.5849
vn -0.9999 0.0010 -0.0135
vn -0.9958 0.0009 -0.0916
vn -0.9798 0.0027 -0.1998
vn -0.9795 0.0001 -0.2016
vn -0.9501 0.0011 -0.3118
vn -0.9083 0.0006 -0.4182
vn -0.8551 -0.0002 -0.5185
vn -0.7913 -0.0012 -0.6114
vn -0.7182 -0.0014 -0.6958
vn -0.6420 0.0043 -0.7667
vn -0.5601 0.0051 -0.8284
vn -0.5033 0.0633 -0.8618
vn -0.6715 0.0729 -0.7375
vn -0.7395 0.0622 -0.6703
vn -0.8088 0.0528 -0.5857
vn -0.8684 0.0443 -0.4939
vn -0.9175 0.0359 -0.3961
vn -0.9557 0.0273 -0.2932
vn -0.9822 0.0190 -0.1869
vn -0.4616 0.0214 -0.8868
vn -0.4047 0.0272 -0.9140
vn -0.3538 0.0407 -0.9344
vn -0.3012 0.0584 -0.9518
vn -0.2464 0.0800 -0.9659
vn -0.1888 0.1047 -0.9764
vn -0.1283 0.1288 -0.9833
vn -0.0650 0.1475 -0.9869
vn 0.0004 0.1544 -0.9880
vn -0.7019 0.1877 -0.6871
vn -0.7669 0.1654 -0.6200
vn -0.8314 0.1418 -0.5374
vn -0.8853 0.1182 -0.4498
vn -0.9288 0.0944 -0.3584
vn -0.9619 0.0700 -0.2642
vn -0.9848 0.0450 -0.1680
vn -0.5285 0.1015 -0.8428
vn -0.5597 0.2342 -0.7949
vn -0.5817 0.0944 -0.8079
vn -0.6063 0.2182 -0.7647
vn -0.6193 0.1198 -0.7760
vn -0.6503 0.2038 -0.7318
vn -0.5805 0.3535 -0.7335
vn -0.6295 0.3591 -0.6890
vn -0.6775 0.3364 -0.6541
vn -0.7222 0.2918 -0.6271
vn -0.7851 0.2590 -0.5625
vn -0.8461 0.2221 -0.4846
vn -0.8962 0.1846 -0.4035
vn -0.9359 0.1467 -0.3201
vn -0.9659 0.1081 -0.2353
vn -0.9864 0.0690 -0.1494
vn -0.7345 0.3842 -0.5594
vn -0.7954 0.3421 -0.5003
vn -0.8543 0.2929 -0.4294
vn -0.9021 0.2431 -0.3565
vn -0.9398 0.1925 -0.2822
vn -0.9680 0.1414 -0.2071
vn -0.9872 0.0899 -0.1314
vn -0.9977 0.0382 -0.0554
vn -0.9997 -0.0124 0.0228
vn -0.9998 -0.0095 0.0188
vn -0.4807 0.1158 -0.8692
vn -0.4582 0.2726 -0.8460
vn -0.3447 0.3231 -0.8813
vn -0.2929 0.4673 -0.8342
vn -0.4188 0.4170 -0.8067
vn -0.4763 0.3948 -0.7856
vn -0.4872 0.5055 -0.7121
vn -0.5421 0.4831 -0.6876
vn -0.5465 0.5814 -0.6028
vn -0.5936 0.5613 -0.5766
vn -0.5892 0.6425 -0.4899
vn -0.3578 0.4409 -0.8232
vn -0.3660 0.5502 -0.7505
vn -0.4285 0.5281 -0.7331
vn -0.4321 0.6271 -0.6481
vn -0.4913 0.6047 -0.6268
vn -0.4888 0.6931 -0.5297
vn -0.5437 0.6686 -0.5073
vn -0.5338 0.7445 -0.4009
vn -0.5843 0.7172 -0.3798
vn -0.5159 0.8089 -0.2820
vn -0.5655 0.7815 -0.2637
vn -0.4871 0.8623 -0.1387
vn -0.5347 0.8358 -0.1246
vn -0.4634 0.8327 -0.3031
vn -0.4797 0.7690 -0.4225
vn -0.4299 0.7142 -0.5524
vn -0.3689 0.6470 -0.6673
vn -0.2996 0.5708 -0.7645
vn -0.2273 0.5159 -0.8259
vn -0.1485 0.4163 -0.8970
vn -0.0728 0.3321 -0.9404
vn 0.0004 0.3417 -0.9398
vn 0.0004 0.5362 -0.8441
vn -0.0783 0.5300 -0.8444
vn -0.1536 0.5387 -0.8284
vn -0.5104 0.2524 -0.8221
vn -0.5302 0.3732 -0.7614
vn -0.5922 0.4606 -0.6611
vn -0.6439 0.5316 -0.5503
vn -0.6916 0.5025 -0.5188
vn 0.9721 0.0114 0.2343
vn 0.9738 0.0729 0.2155
vn 0.9791 0.0024 0.2032
vn 0.9835 0.0268 0.1788
vn 0.9881 0.0017 0.1539
vn 0.8967 0.0034 0.4426
vn 0.9056 -0.1178 0.4075
vn 0.9140 -0.1032 0.3923
vn 0.9160 0.1459 0.3738
vn 0.9384 0.0321 0.3440
vn 0.3399 0.0009 0.9405
vn 0.3624 0.1686 0.9166
vn 0.3879 0.0297 0.9212
vn 0.3230 -0.5942 0.7366
vn 0.2184 -0.0064 0.9758
vn 0.1386 0.0114 0.9903
vn 0.1735 0.0733 0.9821
vn 0.1979 0.0059 0.9802
vn 0.2235 -0.0232 0.9744
vn 0.2485 0.0405 0.9678
vn -0.1973 -0.0348 0.9797
vn -0.2632 0.0108 0.9647
vn -0.2229 0.0945 0.9703
vn -0.2073 -0.0490 0.9771
vn -0.1825 0.0489 0.9820
vn -0.1512 0.0387 0.9877
vn -0.4177 0.0120 0.9085
vn -0.3905 0.0851 0.9166
vn -0.3745 -0.0978 0.9220
vn -0.3466 -0.0014 0.9380
vn -0.7974 0.5139 0.3163
vn -0.6190 -0.7339 0.2798
vn -0.6190 -0.7339 0.2796
vn -0.6189 -0.7339 0.2801
vn -0.9882 0.0039 0.1533
vn -0.9836 0.0626 0.1694
vn -0.9801 0.0146 0.1979
vn -0.9798 0.0001 0.2001
vn -0.9721 0.0057 0.2345
vn -0.9907 0.0062 -0.1361
vn 0.9957 0.0051 0.0927
vn 0.9932 0.0130 0.1160
vn 0.9965 0.0193 0.0810
vn 0.9957 0.0045 0.0921
vn 1.0000 -0.0000 -0.0032
vn 0.9909 0.0148 0.1338
vn 0.9997 0.0003 -0.0250
vn 0.9999 0.0101 -0.0095
vn 0.9622 0.0161 0.2719
vn 0.9644 0.0006 0.2643
vn 0.9830 -0.0001 0.1838
vn 0.9208 -0.0008 0.3901
vn 0.9501 0.0002 0.3120
vn 0.8622 0.0016 0.5065
vn 0.8992 0.0007 0.4375
vn 0.9203 0.0094 0.3911
vn 0.8516 0.0033 0.5241
vn 0.7757 -0.0013 0.6311
vn 0.6826 -0.0013 0.7308
vn 0.6987 0.0011 0.7154
vn 0.7514 0.0004 0.6599
vn 0.7874 0.0013 0.6164
vn 0.8328 0.0005 0.5535
vn 0.5767 -0.0013 0.8170
vn 0.4689 0.0094 0.8832
vn 0.4858 0.0015 0.8740
vn 0.5489 0.0004 0.8359
vn 0.5977 0.0010 0.8017
vn 0.6561 0.0004 0.7547
vn 0.3638 0.0016 0.9315
vn 0.4328 -0.0000 0.9015
vn 0.4164 0.0095 0.9091
vn 0.3301 0.0158 0.9438
vn 0.3095 0.0016 0.9509
vn 0.2381 -0.0014 0.9712
vn 0.1755 0.0004 0.9845
vn 0.1086 0.0004 0.9941
vn 0.2129 0.0100 0.9770
vn 0.0600 0.0066 0.9982
vn -0.0628 0.0056 0.9980
vn -0.0258 0.0030 0.9997
vn 0.0413 0.0003 0.9991
vn -0.1572 -0.0012 0.9876
vn -0.0906 0.0015 0.9959
vn -0.2865 -0.0008 0.9581
vn -0.2258 -0.0009 0.9742
vn -0.4680 0.0103 0.8837
vn -0.3328 0.0166 0.9428
vn -0.1942 0.0102 0.9809
vn -0.4103 -0.0001 0.9119
vn -0.3556 0.0001 0.9346
vn -0.4777 -0.0004 0.8785
vn -0.5767 0.0004 0.8169
vn -0.6826 0.0002 0.7308
vn -0.5915 -0.0002 0.8063
vn -0.5278 -0.0003 0.8494
vn -0.7757 0.0001 0.6311
vn -0.6949 -0.0001 0.7191
vn -0.6826 0.0003 0.7308
vn -0.6375 -0.0002 0.7705
vn -0.6366 -0.0002 0.7712
vn -0.8862 -0.0002 0.4633
vn -0.8527 0.0038 0.5224
vn -0.8608 -0.0000 0.5089
vn -0.7760 0.0001 0.6307
vn -0.7758 0.0001 0.6310
vn -0.7085 -0.0000 0.7057
vn -0.7181 -0.0000 0.6959
vn -0.9389 -0.0003 0.3443
vn -0.9209 0.0004 0.3897
vn -0.9020 0.0503 0.4289
vn -0.9174 -0.0000 0.3980
vn -0.9268 -0.0009 0.3756
vn -0.9651 0.0021 0.2620
vn -0.9429 0.0099 0.3330
vn -0.9760 0.0006 0.2176
vn -0.8854 -0.0006 0.4648
vn -0.9126 0.0160 0.4085
vn -0.9134 0.0093 0.4070
vn -0.9625 0.0192 0.2708
vn -0.9911 -0.0001 0.1335
vn -0.9966 0.0023 0.0824
vn -0.9912 0.0150 0.1312
vn -0.9999 0.0106 -0.0026
vn -0.9992 -0.0011 0.0409
vn -1.0000 0.0001 0.0016
vn -0.9996 -0.0010 0.0283
vn -0.9993 0.0017 0.0363
vn -0.9999 0.0007 0.0170
vn -0.9966 0.0049 0.0828
vn -0.9966 0.0024 0.0824
vn -0.9965 0.0052 0.0829
vn -1.0000 -0.0000 -0.0031
vn -1.0000 -0.0002 -0.0017
vn -0.9626 0.0067 -0.2709
vn -0.9154 0.0039 -0.4025
vn -0.8590 -0.0037 -0.5119
vn -0.8719 -0.0182 -0.4894
vn -0.8590 -0.0038 -0.5119
vn -0.7785 0.0064 -0.6276
vn -0.6819 0.0064 -0.7314
vn -0.8079 -0.0019 -0.5893
vn -0.5719 0.0039 -0.8203
vn -0.4693 -0.0081 -0.8830
vn -0.3418 -0.0001 -0.9398
vn -0.2036 0.0063 -0.9790
vn -0.3417 -0.0001 -0.9398
vn -0.3775 -0.0107 -0.9259
vn -0.0694 0.0098 -0.9975
vn 0.0715 0.0043 -0.9974
vn 0.1972 0.0041 -0.9804
vn 0.3382 0.0036 -0.9411
vn 0.4586 0.0055 -0.8886
vn 0.3383 0.0036 -0.9410
vn 0.4104 0.0013 -0.9119
vn 0.2738 -0.0009 -0.9618
vn 0.5777 0.0066 -0.8162
vn 0.6859 0.0082 -0.7276
vn 0.8763 -0.0093 -0.4817
vn 0.8539 0.0062 -0.5203
vn 0.7714 -0.0004 -0.6364
vn 0.8540 0.0062 -0.5203
vn 0.9179 0.0071 -0.3969
vn 0.9634 0.0056 -0.2681
vn 0.9907 0.0043 -0.1357
vn -0.0000 -0.9153 0.4028
vn -0.0000 -0.9153 0.4027
vn 0.0002 -0.9153 0.4028
vn 0.0001 -0.9152 0.4030
vn -0.0011 -0.9161 0.4009
vn 0.0001 -0.9153 0.4029
vn 0.0076 -0.9133 0.4072
vn 0.0010 -0.9150 0.4035
vn -0.0001 -0.9154 0.4026
vn 0.0004 -0.9151 0.4032
vn -0.0001 -0.9154 0.4025
vn -0.0004 -0.9156 0.4020
vn 0.0001 -0.9153 0.4028
vn -0.0006 -0.9155 0.4023
vn -0.0001 -0.9153 0.4027
vn -0.0002 -0.9154 0.4026
vn -0.0003 -0.9153 0.4027
vn -0.0005 -0.9154 0.4025
vn -0.0028 -0.9154 0.4025
vn -0.0003 -0.9154 0.4026
vn 0.0002 -0.9153 0.4029
vn 0.0002 -0.9152 0.4029
vn 0.0005 -0.9152 0.4030
vn 0.0006 -0.9151 0.4031
vn 0.0003 -0.9153 0.4028
vn -0.0002 -0.9153 0.4027
vn -0.0002 -0.9154 0.4027
vn -0.0008 -0.9154 0.4026
vn -0.0003 -0.9153 0.4028
vn -0.0005 -0.9154 0.4026
vn -0.0016 -0.9154 0.4026
vn -0.0005 -0.9153 0.4027
vn 0.0004 -0.9153 0.4028
vn -0.0012 -0.9153 0.4027
vn -0.0004 -0.9154 0.4026
vn 0.0005 -0.9153 0.4029
vn 0.0015 -0.9153 0.4028
vn 0.0005 -0.9154 0.4027
vn -0.0009 -0.9153 0.4028
vn 0.0006 -0.9153 0.4027
vn 0.0001 -0.9153 0.4027
vn -0.0006 -0.9153 0.4028
vn 0.0012 -0.9153 0.4027
vn 0.0007 -0.9152 0.4029
vn 0.0074 -0.9150 0.4035
vn -0.0010 -0.9153 0.4027
s 0
usemtl Scheibe_002
f 1704//1 1697//1 1705//1
f 1705//1 1697//1 1698//1
f 1705//1 1698//1 1713//1
f 1758//1 1759//1 1762//1
f 1738//1 1782//1 1697//1
f 1697//1 1782//1 1792//1
f 1697//1 1792//1 1755//1
f 1713//1 1714//1 1705//1
f 1705//1 1714//1 1774//1
f 1705//1 1774//1 1748//1
f 1704//1 1754//1 1697//1
f 1697//1 1754//1 1765//1
f 1697//1 1765//1 1856//1
f 1748//1 19//1 1705//1
f 1705//1 19//1 20//1
f 1705//1 20//1 21//1
f 1759//1 1781//1 1762//1
f 1762//1 1781//1 1893//1
f 1762//1 1893//1 1857//1
f 1856//1 25//1 1697//1
f 1697//1 25//1 26//1
f 1697//1 26//1 1738//1
f 1755//1 27//1 1697//1
f 1697//1 27//1 1846//1
f 1697//1 1846//1 1787//1
f 1758//1 1762//1 1775//1
f 1775//1 1762//1 1770//1
f 1775//1 1770//1 32//1
f 21//1 1763//1 1705//1
f 1705//1 1763//1 1762//1
f 1705//1 1762//1 1791//1
f 1791//1 1762//1 1857//1
f 1800//1 2025//1 32//1
f 32//1 2025//1 1779//1
f 32//1 1779//1 1775//1
f 1787//1 38//1 1697//1
f 1697//1 38//1 39//1
f 1697//1 39//1 40//1
f 40//1 41//1 1697//1
f 1697//1 41//1 42//1
f 1697//1 42//1 43//1
f 43//1 44//1 1697//1
f 1697//1 44//1 2046//1
f 1697//1 2046//1 1832//1
s 1
f 2065//2 1700//3 45//3
f 45//3 1700//3 1979//4
f 45//3 1979//4 46//4
f 46//4 1979//4 1972//5
f 46//4 1972//5 2//5
f 2//5 1972//5 1973//6
f 2//5 1973//6 4//6
f 4//6 1973//6 2037//7
f 4//6 2037//7 5//7
f 5//7 2037//7 2040//8
f 5//7 2040//8 13//8
f 13//8 2040//8 2043//9
f 13//8 2043//9 14//9
f 14//9 2043//9 2048//10
f 14//9 2048//10 15//10
f 15//10 2048//10 2049//11
f 15//10 2049//11 1749//11
f 1749//11 2049//11 2064//12
f 1749//11 2064//12 1877//12
f 1877//12 2064//12 2059//13
f 1877//12 2059//13 1878//13
f 1878//13 2059//13 2056//14
f 1878//13 2056//14 33//14
f 33//14 2056//14 1938//15
f 33//14 1938//15 8//15
f 8//15 1938//15 1939//16
f 8//15 1939//16 31//16
f 31//16 1939//16 1947//17
f 31//16 1947//17 1799//18
f 1799//18 1947//17 1959//19
f 1799//18 1959//19 35//19
f 35//19 1959//19 1923//20
f 35//19 1923//20 36//20
f 36//20 1923//20 1924//21
f 36//20 1924//21 37//21
f 37//21 1924//21 1913//22
f 37//21 1913//22 30//22
f 30//22 1913//22 1914//23
f 30//22 1914//23 6//23
f 6//23 1914//23 183//24
f 6//23 183//24 7//24
f 7//24 183//24 1907//25
f 7//24 1907//25 22//25
f 22//25 1907//25 1912//26
f 22//25 1912//26 23//26
f 23//26 1912//26 1919//27
f 23//26 1919//27 24//27
f 24//27 1919//27 1920//28
f 24//27 1920//28 34//28
f 34//28 1920//28 1961//29
f 34//28 1961//29 3//29
f 3//29 1961//29 1954//30
f 3//29 1954//30 1//30
f 1//30 1954//30 1936//31
f 1//30 1936//31 16//31
f 16//31 1936//31 1888//32
f 16//31 1888//32 17//32
f 17//32 1888//32 1889//33
f 17//32 1889//33 18//33
f 18//33 1889//33 1891//34
f 18//33 1891//34 1829//34
f 1829//34 1891//34 1870//35
f 1829//34 1870//35 1739//35
f 1739//35 1870//35 1871//36
f 1739//35 1871//36 9//36
f 9//36 1871//36 1863//37
f 9//36 1863//37 10//37
f 10//37 1863//37 1855//38
f 10//37 1855//38 11//38
f 11//38 1855//38 1850//39
f 11//38 1850//39 12//40
f 12//40 1850//39 1851//41
f 12//40 1851//41 1756//41
f 1756//41 1851//41 200//42
f 1756//41 200//42 28//43
f 28//43 200//42 201//44
f 28//43 201//44 29//44
f 29//44 201//44 1981//45
f 29//44 1981//45 1788//45
f 1788//45 1981//45 2003//46
f 1788//45 2003//46 2030//46
f 2030//46 2003//46 1998//47
f 2030//46 1998//47 2031//47
f 2031//47 1998//47 1994//48
f 2031//47 1994//48 2033//48
f 2033//48 1994//48 206//49
f 2033//48 206//49 2055//49
f 2055//49 206//49 207//50
f 2055//49 207//50 2063//50
f 2063//50 207//50 1701//2
f 2063//50 1701//2 2065//2
f 2065//2 1701//2 1700//3
s 0
f 1721//51 1768//51 49//51
f 1823//51 51//51 52//51
f 1987//51 1986//51 49//51
f 55//51 56//51 1823//51
f 1823//51 56//51 57//51
f 1823//51 57//51 58//51
f 58//51 59//51 1823//51
f 1823//51 59//51 60//51
f 1823//51 60//51 51//51
f 1879//51 1865//51 1823//51
f 1987//51 49//51 1908//51
f 55//51 1823//51 49//51
f 49//51 1823//51 1909//51
f 49//51 1909//51 1908//51
f 1986//51 65//51 49//51
f 49//51 65//51 66//51
f 49//51 66//51 67//51
f 1928//51 1950//51 1965//51
f 1957//51 1958//51 1768//51
f 1768//51 1958//51 1984//51
f 1768//51 1984//51 1977//51
f 1977//51 1978//51 1768//51
f 1768//51 1978//51 1831//51
f 1768//51 1831//51 49//51
f 1865//51 77//51 1823//51
f 1823//51 77//51 78//51
f 1823//51 78//51 79//51
f 79//51 78//51 80//51
f 1957//51 1768//51 1965//51
f 1965//51 1768//51 1769//51
f 1965//51 1769//51 1928//51
f 52//51 1838//51 1823//51
f 1823//51 1838//51 1880//51
f 1823//51 1880//51 1879//51
f 84//51 85//51 86//51
f 78//51 87//51 88//51
f 67//51 1976//51 49//51
f 49//51 1976//51 2021//51
f 49//51 2021//51 2022//51
f 2022//51 92//51 49//51
f 49//51 92//51 1722//51
f 49//51 1722//51 1721//51
f 1950//51 94//51 1965//51
f 1965//51 94//51 95//51
f 1965//51 95//51 96//51
f 87//51 78//51 86//51
f 86//51 78//51 1911//51
f 86//51 1911//51 84//51
f 88//51 1789//51 78//51
f 78//51 1789//51 1790//51
f 78//51 1790//51 80//51
f 85//51 1835//51 86//51
f 86//51 1835//51 1836//51
f 86//51 1836//51 1839//51
f 1974//1 1728//1 1980//1
f 1980//1 1728//1 1699//1
f 1980//1 1699//1 202//1
f 202//1 1699//1 1693//1
f 202//1 1693//1 203//1
f 203//1 1693//1 1694//1
f 203//52 1694//52 204//52
f 204//53 1694//53 1706//53
f 204//1 1706//1 205//1
f 205//1 1706//1 1707//1
f 205//1 1707//1 1995//1
f 1995//1 1707//1 1719//1
f 1995//1 1719//1 2028//1
f 2028//1 1719//1 1720//1
f 2028//1 1720//1 208//1
f 208//1 1720//1 971//1
f 208//1 971//1 163//1
f 163//1 971//1 1783//1
f 163//1 1783//1 164//1
f 164//1 1783//1 1780//1
f 164//1 1780//1 165//1
f 165//1 1780//1 1776//1
f 165//1 1776//1 166//1
f 166//1 1776//1 1740//1
f 166//1 1740//1 167//1
f 167//1 1740//1 1741//1
f 167//1 1741//1 168//1
f 168//1 1741//1 1743//1
f 168//1 1743//1 169//1
f 169//1 1743//1 1744//1
f 169//1 1744//1 170//1
f 170//1 1744//1 979//1
f 170//1 979//1 171//1
f 171//1 979//1 980//1
f 171//1 980//1 172//1
f 172//1 980//1 981//1
f 172//53 981//53 173//53
f 173//1 981//1 982//1
f 173//52 982//52 174//52
f 174//53 982//53 983//53
f 174//1 983//1 175//1
f 175//1 983//1 984//1
f 175//1 984//1 176//1
f 176//1 984//1 985//1
f 176//1 985//1 177//1
f 177//53 985//53 986//53
f 177//52 986//52 178//52
f 178//1 986//1 987//1
f 178//1 987//1 179//1
f 179//1 987//1 988//1
f 179//1 988//1 180//1
f 180//1 988//1 989//1
f 180//1 989//1 181//1
f 181//1 989//1 990//1
f 181//1 990//1 182//1
f 182//1 990//1 1784//1
f 182//1 1784//1 1906//1
f 1906//1 1784//1 992//1
f 1906//1 992//1 184//1
f 184//1 992//1 993//1
f 184//1 993//1 185//1
f 185//1 993//1 994//1
f 185//1 994//1 186//1
f 186//1 994//1 1803//1
f 186//1 1803//1 187//1
f 187//1 1803//1 996//1
f 187//1 996//1 188//1
f 188//1 996//1 997//1
f 188//1 997//1 189//1
f 189//1 997//1 998//1
f 189//1 998//1 190//1
f 190//1 998//1 999//1
f 190//1 999//1 191//1
f 191//53 999//53 1000//53
f 191//1 1000//1 192//1
f 192//1 1000//1 1001//1
f 192//1 1001//1 193//1
f 193//1 1001//1 1822//1
f 193//1 1822//1 194//1
f 194//1 1822//1 1885//1
f 194//53 1885//53 195//53
f 195//1 1885//1 1886//1
f 195//52 1886//52 196//52
f 196//1 1886//1 1890//1
f 196//1 1890//1 197//1
f 197//1 1890//1 1882//1
f 197//1 1882//1 198//1
f 198//1 1882//1 1007//1
f 198//1 1007//1 199//1
f 199//1 1007//1 1008//1
f 199//1 1008//1 1974//1
f 1974//52 1008//52 1728//52
s 1
usemtl verbindung_002
f 103//54 1988//55 104//56
f 104//56 1988//55 1830//57
f 76//58 105//59 1830//57
f 1830//57 105//59 106//60
f 1830//57 106//60 104//56
f 75//61 107//62 76//58
f 76//58 107//62 108//63
f 76//58 108//63 105//59
f 74//64 109//65 75//61
f 75//61 109//65 110//66
f 75//61 110//66 107//62
f 73//67 111//68 74//64
f 74//64 111//68 112//69
f 74//64 112//69 109//65
f 72//70 113//71 73//67
f 73//67 113//71 114//72
f 73//67 114//72 111//68
f 71//73 115//74 72//70
f 72//70 115//74 116//75
f 72//70 116//75 113//71
f 70//76 117//77 71//73
f 71//73 117//77 118//78
f 71//73 118//78 115//74
f 1966//79 119//80 70//81
f 70//81 119//80 120//82
s 0
f 70//83 120//83 117//83
s 1
f 2018//84 121//85 1966//79
f 1966//79 121//85 122//86
s 0
f 1966//87 122//87 119//87
s 1
f 1967//88 123//89 2018//84
f 2018//84 123//89 124//90
s 0
f 2018//91 124//91 121//91
s 1
f 69//92 125//93 1967//88
f 1967//88 125//93 126//94
s 0
f 1967//95 126//95 123//95
f 1702//96 128//96 68//96
s 1
f 68//97 128//98 129//99
f 68//97 129//99 69//92
f 69//92 129//99 130//100
f 69//92 130//100 125//93
f 1702//101 68//97 1703//102
f 1703//102 68//97 81//103
f 1703//102 81//103 1695//104
s 0
f 1695//105 81//105 133//105
s 1
f 133//106 81//103 48//107
f 133//106 48//107 134//108
f 135//109 136//110 47//111
f 47//111 136//110 137//112
f 47//111 137//112 48//107
f 48//107 137//112 1742//113
f 48//107 1742//113 134//108
f 135//109 47//111 139//114
f 139//114 47//111 93//115
f 139//114 93//115 140//116
f 140//116 93//115 141//117
f 141//117 93//115 2016//118
f 141//117 2016//118 142//119
f 142//119 2016//118 143//120
f 143//120 2016//118 91//121
f 143//120 91//121 144//122
f 144//122 91//121 145//123
f 145//123 91//121 90//124
f 145//123 90//124 146//125
f 146//125 90//124 147//126
f 147//126 90//124 89//127
f 147//126 89//127 148//128
f 148//128 89//127 149//129
f 149//129 89//127 1895//130
f 149//129 1895//130 150//131
f 150//131 1895//130 151//132
f 151//132 1895//130 1894//133
f 151//132 1894//133 152//134
f 152//134 1894//133 153//135
f 153//135 1894//133 1896//136
f 153//135 1896//136 154//137
f 154//137 1896//136 155//138
f 155//138 1896//136 54//139
f 155//138 54//139 156//140
f 156//140 54//139 157//141
f 157//141 54//139 53//142
f 157//141 53//142 158//143
f 158//143 53//142 159//144
f 159//144 53//142 63//145
f 159//144 63//145 160//146
f 160//146 63//145 161//147
f 161//147 63//145 64//148
f 161//147 64//148 162//149
f 209//150 210//151 211//152
s 0
f 211//153 210//153 212//153
s 1
f 213//154 214//155 215//156
f 215//156 214//155 216//157
f 215//156 216//157 217//158
f 217//158 216//157 218//159
f 219//160 220//161 221//162
f 221//162 220//161 222//163
f 221//162 222//163 223//164
f 223//164 222//163 224//165
f 223//164 224//165 218//159
f 218//159 224//165 225//166
f 218//159 225//166 217//158
f 219//160 221//162 226//167
f 226//167 221//162 227//168
f 226//167 227//168 228//169
f 228//169 227//168 229//170
f 228//169 229//170 230//171
f 231//172 232//173 233//174
f 233//174 232//173 234//175
f 233//174 234//175 229//170
f 229//170 234//175 235//176
f 229//170 235//176 230//171
f 236//177 237//178 238//179
f 239//180 240//181 241//182
f 241//182 240//181 242//183
f 241//182 242//183 243//184
f 243//184 242//183 244//185
f 245//186 246//187 247//188
f 247//188 246//187 248//189
f 247//188 248//189 244//185
f 244//185 248//189 249//190
f 244//185 249//190 243//184
f 250//191 251//192 252//193
f 252//193 251//192 253//194
f 252//193 254//195 250//191
f 250//191 254//195 255//196
f 250//191 255//196 245//186
f 245//186 255//196 256//197
f 245//186 256//197 246//187
f 253//194 251//192 257//198
f 257//198 251//192 258//199
f 257//198 258//199 259//200
f 259//200 258//199 260//201
f 259//200 260//201 261//202
f 262//203 263//203 83//204
f 264//205 265//206 1910//207
f 266//208 267//209 98//210
f 268//211 269//212 1975//213
f 270//214 271//215 50//216
f 162//149 64//148 272//217
f 272//217 64//148 50//216
f 272//217 50//216 273//218
f 273//218 50//216 271//215
f 270//214 50//216 274//219
f 274//219 50//216 1824//220
f 274//219 1824//220 275//221
f 269//212 276//222 1975//213
f 1975//213 276//222 277//223
f 1975//213 277//223 1824//220
f 1824//220 277//223 278//224
f 1824//220 278//224 275//221
f 268//211 1975//213 279//225
f 279//225 1975//213 99//226
f 279//225 99//226 280//227
f 267//209 281//228 98//210
f 98//210 281//228 282//229
f 98//210 282//229 99//230
f 99//230 282//229 283//231
s 0
f 99//232 283//232 280//232
s 1
f 266//208 98//210 284//233
f 284//233 98//210 2036//234
f 284//233 2036//234 285//235
f 286//236 287//237 2061//238
f 2061//238 287//237 288//239
f 288//239 289//240 2061//238
f 2061//238 289//240 290//241
f 2061//238 290//241 2036//234
f 2036//234 290//241 291//242
f 2036//234 291//242 285//235
f 286//236 2061//238 292//243
f 292//243 2061//238 1963//244
s 0
f 292//245 1963//245 293//245
f 294//246 295//246 102//246
s 1
f 102//247 295//248 296//249
f 102//247 296//249 1963//244
f 1963//244 296//249 297//250
s 0
f 1963//251 297//251 293//251
f 298//252 299//252 101//252
s 1
f 101//253 299//254 300//255
f 101//253 300//255 102//247
f 102//247 300//255 301//256
f 102//247 301//256 294//257
s 0
f 302//258 303//258 100//258
s 1
f 100//259 303//260 304//261
f 100//259 304//261 101//253
f 101//253 304//261 305//262
f 101//253 305//262 298//263
s 0
f 306//264 307//264 2052//264
s 1
f 2052//265 307//266 308//267
f 2052//265 308//267 100//259
f 100//259 308//267 309//268
f 100//259 309//268 302//269
f 310//270 311//271 2053//272
s 0
f 2053//273 311//273 312//273
s 1
f 312//274 313//275 2053//272
f 2053//272 313//275 314//276
f 2053//272 314//276 2052//265
f 2052//265 314//276 315//277
s 0
f 2052//278 315//279 306//278
f 316//280 317//280 97//280
s 1
f 97//281 317//282 318//283
f 97//281 318//283 2053//272
f 2053//272 318//283 319//284
f 2053//272 319//284 310//270
f 265//206 320//285 1910//207
f 1910//207 320//285 321//286
f 1910//207 321//286 97//281
f 97//281 321//286 322//287
f 97//281 322//287 316//288
s 0
f 323//289 324//289 1866//289
s 1
f 1866//290 324//291 325//292
f 1866//290 325//292 1910//207
f 1910//207 325//292 326//293
f 1910//207 326//293 264//205
f 327//294 328//295 62//296
f 62//296 328//295 329//297
f 62//296 329//297 1866//298
f 1866//298 329//297 330//299
f 1866//298 330//299 323//300
f 331//301 332//302 61//303
f 61//303 332//302 333//304
f 61//303 333//304 62//296
f 62//296 333//304 334//305
f 62//296 334//305 327//294
f 263//203 335//306 83//204
f 83//204 335//306 336//307
f 83//204 336//307 61//303
f 61//303 336//307 337//308
f 61//303 337//308 331//301
f 82//309 338//310 339//311
f 82//309 339//311 83//204
f 83//204 339//311 340//312
f 83//204 340//312 262//203
f 341//313 342//314 1837//315
f 1837//315 342//314 343//316
f 1837//315 343//316 82//309
f 82//309 343//316 344//317
f 82//309 344//317 338//310
f 1985//318 345//319 1837//315
f 1837//315 345//319 346//320
f 1837//315 346//320 341//313
f 1962//321 347//322 1985//318
f 1985//318 347//322 348//323
f 348//323 349//324 1985//318
f 1985//318 349//324 350//325
f 1985//318 350//325 345//319
f 351//326 1962//321 352//327
f 352//327 1962//321 1960//328
f 351//326 353//329 1962//321
f 1962//321 353//329 354//330
f 1962//321 354//330 347//322
f 1935//331 355//332 1960//328
f 1960//328 355//332 356//333
f 356//333 357//334 1960//328
f 1960//328 357//334 358//334
f 1960//328 358//334 352//327
f 359//335 360//336 1935//331
f 1935//331 360//336 361//337
f 1935//331 361//337 355//332
f 359//335 1935//331 362//338
f 362//338 1935//331 1934//339
s 0
f 362//340 1934//340 363//340
s 1
f 364//341 365//342 1996//343
f 1996//343 365//342 366//344
f 1996//343 366//344 1934//339
f 1934//339 366//344 367//345
f 1934//339 367//345 363//346
f 1988//55 103//54 368//347
f 1988//55 368//347 1996//343
f 1996//343 368//347 369//348
f 1996//343 369//348 364//341
f 370//349 232//173 231//172
f 370//349 231//172 371//350
f 372//351 373//352 374//353
f 374//353 373//352 375//354
f 372//351 376//355 373//352
f 373//352 376//355 377//356
f 373//352 377//356 231//172
f 371//350 231//172 378//357
f 378//357 231//172 377//356
f 378//357 377//356 379//358
f 379//358 377//356 380//359
f 380//359 377//356 381//360
f 380//359 381//360 382//361
f 381//360 383//362 382//361
f 382//361 383//362 384//363
f 382//361 384//363 385//364
f 385//364 384//363 386//365
f 385//364 386//365 387//366
f 387//366 386//365 388//367
f 388//367 386//365 389//368
f 388//367 389//368 390//369
s 0
f 389//370 391//370 390//370
f 390//371 391//371 392//371
f 390//372 392//372 393//372
f 393//373 392//373 394//373
f 393//374 394//374 395//374
f 395//375 394//375 396//375
f 395//376 396//376 397//376
s 1
f 398//377 399//378 400//379
f 400//379 399//378 375//354
f 400//379 375//354 373//352
f 401//380 402//381 398//377
f 398//377 402//381 403//382
f 398//377 403//382 399//378
f 404//383 405//384 406//385
f 406//385 405//384 407//386
f 406//385 407//386 401//380
f 401//380 407//386 408//387
f 401//380 408//387 402//381
s 0
f 409//388 1854//388 411//388
s 1
f 404//383 406//385 412//389
f 412//389 406//385 413//390
f 412//389 413//390 414//391
f 414//391 413//390 415//392
f 414//391 415//392 1858//393
f 1858//393 415//392 1847//394
f 1858//393 1847//394 1819//395
s 0
f 1817//396 416//396 1816//396
s 1
f 1818//397 210//151 209//150
f 237//178 236//177 417//398
f 417//398 236//177 2001//399
f 417//398 2001//399 1921//400
s 0
f 419//401 418//401 420//401
s 1
f 421//402 422//403 423//404
f 423//404 422//403 424//405
f 423//404 424//405 425//406
f 425//406 424//405 426//407
f 425//406 426//407 1922//408
f 1922//408 426//407 427//409
f 1922//408 427//409 1921//400
f 421//402 423//404 428//410
f 428//410 423//404 429//411
f 428//410 429//411 430//412
f 430//412 429//411 431//413
f 430//412 431//413 432//414
f 432//414 431//413 433//415
f 433//415 431//413 434//416
f 433//415 434//416 435//417
f 435//417 434//416 436//418
f 435//417 436//418 437//419
f 438//420 439//421 436//418
f 436//418 439//421 440//422
f 436//418 440//422 437//419
f 240//181 239//180 441//423
f 441//423 442//424 240//181
f 240//181 442//424 443//425
f 240//181 443//425 436//418
s 0
f 444//426 445//426 446//426
f 446//427 445//427 447//427
f 446//428 447//428 448//428
f 448//429 447//429 449//429
f 448//430 449//430 450//430
f 450//431 449//431 451//431
f 450//432 451//432 452//432
f 452//433 451//433 453//433
f 452//434 453//434 454//434
s 1
f 453//435 455//436 454//437
f 454//437 455//436 456//438
f 454//437 456//438 457//439
f 457//439 456//438 458//440
f 436//418 443//425 438//420
f 438//420 443//425 459//441
f 438//420 459//441 460//442
f 460//442 459//441 461//443
f 460//442 461//443 462//444
f 462//444 461//443 463//445
f 462//444 463//445 458//440
f 458//440 463//445 464//446
f 458//440 464//446 457//439
f 465//447 466//448 467//449
f 468//450 469//451 470//452
f 471//453 472//454 473//455
f 474//456 475//457 476//458
f 477//459 478//460 479//461
f 480//462 481//463 482//464
f 136//110 483//465 484//466
f 443//425 442//424 485//467
f 486//468 487//469 488//470
f 1732//471 1733//472 491//473
f 492//474 493//475 494//476
f 220//161 495//477 496//478
f 235//176 234//175 497//479
f 397//3 498//3 499//480
f 499//480 498//3 500//481
f 499//480 500//481 103//54
f 501//482 390//369 393//483
f 502//484 387//366 388//367
f 503//485 382//361 385//364
s 0
f 380//486 504//486 379//486
f 379//487 504//487 378//487
s 1
f 378//357 504//488 371//350
f 371//350 504//488 505//489
f 371//350 505//489 370//349
f 235//176 497//479 230//171
s 0
f 220//490 219//490 495//490
f 495//491 219//491 226//491
s 1
f 495//477 226//167 228//169
f 217//158 225//166 506//492
f 506//492 225//166 224//165
f 506//492 224//165 222//163
f 507//493 213//154 508//494
f 508//494 213//154 215//156
f 509//495 510//496 511//497
f 492//474 494//476 512//498
f 512//498 494//476 2007//499
f 512//498 2007//499 1902//500
f 2012//501 2010//502 517//503
f 517//503 2010//502 2011//504
f 517//503 2011//504 494//476
f 494//476 2011//504 2024//505
f 494//476 2024//505 2007//499
f 2012//501 517//503 2013//506
f 2013//506 517//503 521//507
f 2013//506 521//507 522//508
f 523//509 524//510 525//511
f 525//511 524//510 526//512
f 525//511 526//512 521//507
f 521//507 526//512 527//513
f 521//507 527//513 522//508
f 523//509 525//511 1842//514
f 1842//514 525//511 529//515
f 1842//514 529//515 1843//516
f 1861//517 1859//518 533//519
f 533//519 1859//518 1860//520
f 533//519 1860//520 529//515
f 529//515 1860//520 1881//521
f 529//515 1881//521 1843//516
f 1861//517 533//519 1862//522
f 1862//522 533//519 537//523
f 1862//522 537//523 538//524
f 539//525 540//526 541//527
f 541//527 540//526 542//528
f 541//527 542//528 537//523
f 537//523 542//528 543//529
f 537//523 543//529 538//524
f 539//525 541//527 544//530
f 544//530 541//527 545//531
f 544//530 545//531 546//532
f 546//532 545//531 1917//533
f 1917//533 545//531 548//534
f 1917//533 548//534 549//535
f 549//535 548//534 550//536
f 550//536 548//534 551//537
f 550//536 551//537 552//538
f 552//538 551//537 553//539
f 553//539 551//537 554//540
f 553//539 554//540 555//541
f 555//541 554//540 556//542
f 556//542 554//540 557//543
f 556//542 557//543 558//544
f 559//545 560//546 557//543
f 557//543 560//546 561//547
f 557//543 561//547 558//544
f 562//548 563//549 564//550
f 564//550 565//551 562//548
f 562//548 565//551 566//552
f 562//548 566//552 559//545
f 559//545 566//552 567//553
f 559//545 567//553 560//546
f 568//554 1827//555 570//556
f 570//556 1827//555 1828//557
f 570//556 1828//557 563//549
f 563//549 1828//557 1840//558
f 563//549 1840//558 564//550
f 1809//559 1810//560 575//561
f 575//561 1810//560 1805//562
f 575//561 1805//562 568//554
f 568//554 1805//562 1806//563
f 568//554 1806//563 1827//555
f 1809//559 575//561 1814//564
f 1814//564 575//561 579//565
f 1814//564 579//565 1815//566
f 1815//566 579//565 1826//567
f 1826//567 579//565 582//568
f 1826//567 582//568 1825//569
f 491//473 1733//472 584//570
f 1733//472 1771//571 584//570
f 584//570 1771//571 1766//572
f 584//570 1766//572 582//568
f 582//568 1766//572 1767//573
f 582//568 1767//573 1825//569
f 1732//471 491//473 1764//574
f 1764//574 491//473 589//575
f 1764//574 589//575 1757//576
f 1757//576 589//575 591//577
f 1757//576 591//577 1747//578
f 1747//578 591//577 1745//579
f 1745//579 591//577 594//580
f 1745//579 594//580 1746//581
f 1746//581 594//580 596//582
f 596//582 594//580 597//583
f 596//582 597//583 598//584
f 598//584 597//583 599//585
f 599//585 597//583 600//586
f 599//585 600//586 1717//587
f 1717//587 600//586 1718//588
f 1718//588 600//586 603//589
f 1718//588 603//589 1708//590
f 605//591 1734//592 603//589
f 603//589 1734//592 1709//593
f 603//589 1709//593 1708//590
f 1793//594 1794//595 605//591
f 605//591 1794//595 1798//596
f 605//591 1798//596 1734//592
f 1715//597 612//598 613//599
f 613//599 612//598 614//600
f 613//599 614//600 1793//594
f 615//601 1716//602 617//603
f 617//603 1716//602 1715//597
f 1868//604 1869//605 620//606
f 620//606 1869//605 1730//607
f 1752//608 1867//609 624//610
f 624//610 1867//609 625//611
f 624//610 625//611 1845//612
f 1760//613 1777//614 629//615
f 629//615 1777//614 1778//616
f 629//615 1778//616 1753//617
f 632//618 1710//619 634//620
f 634//620 1710//619 2005//621
f 2005//621 2006//622 634//620
f 634//620 2006//622 2008//623
s 0
f 634//624 2008//624 638//624
s 1
f 486//468 639//625 487//469
f 487//469 639//625 640//626
f 487//469 640//626 634//620
f 634//620 640//626 1773//627
f 634//620 1773//627 632//618
f 642//628 261//202 488//470
f 488//470 261//202 643//629
f 488//470 643//629 486//468
f 252//193 253//194 644//630
f 644//630 253//194 257//198
f 644//630 257//198 642//628
f 642//628 257//198 259//200
f 642//628 259//200 261//202
f 252//193 644//630 254//195
f 254//195 644//630 645//631
f 254//195 645//631 255//196
f 646//632 246//187 256//197
f 246//187 646//632 248//189
f 248//189 646//632 647//633
f 248//189 647//633 249//190
f 441//423 239//180 648//634
f 648//634 239//180 241//182
f 648//634 241//182 647//633
f 647//633 241//182 243//184
f 647//633 243//184 249//190
s 0
f 443//635 485//635 459//635
s 1
f 461//443 649//636 463//445
f 463//445 649//636 650//637
f 463//445 650//637 651//638
f 452//639 454//437 651//638
f 454//437 457//439 651//638
f 651//638 457//439 464//446
f 651//638 464//446 463//445
f 651//638 652//640 452//639
f 452//639 652//640 653//641
f 452//639 653//641 450//642
f 444//643 446//644 653//641
f 653//641 446//644 448//645
f 653//641 448//645 450//642
f 444//643 653//641 654//27
f 654//27 653//641 655//646
f 654//27 655//646 656//647
f 656//647 655//646 161//147
f 656//647 161//147 162//149
f 657//648 159//144 160//146
f 658//649 157//141 158//143
f 659//650 155//138 156//140
f 152//134 153//135 660//651
f 660//651 153//135 154//137
f 661//652 150//131 662//653
f 662//653 150//131 151//132
f 662//653 151//132 152//134
f 663//654 148//128 661//652
f 661//652 148//128 149//129
f 661//652 149//129 150//131
f 664//655 146//125 663//654
f 663//654 146//125 147//126
f 663//654 147//126 148//128
f 483//465 136//110 665//656
f 136//110 135//109 665//656
f 665//656 135//109 139//114
f 665//656 139//114 666//657
f 666//657 139//114 140//116
f 666//657 140//116 667//658
f 667//658 140//116 141//117
f 667//658 141//117 668//659
f 668//659 141//117 142//119
f 668//659 142//119 669//660
f 669//660 142//119 143//120
f 669//660 143//120 670//661
f 670//661 143//120 144//122
f 670//661 144//122 664//655
f 664//655 144//122 145//123
f 664//655 145//123 146//125
f 671//662 1731//663 672//664
f 672//664 1731//663 138//665
f 672//664 1742//113 484//466
f 484//466 1742//113 137//112
f 484//466 137//112 136//110
f 1696//666 1695//667 671//662
f 671//662 1695//667 133//106
f 671//662 133//106 134//108
f 674//668 128//98 675//669
f 675//669 128//98 1702//101
f 675//669 1702//101 1696//666
s 0
f 673//670 127//670 131//670
f 673//671 131//671 132//671
s 1
f 676//672 130//100 674//668
f 674//668 130//100 129//99
f 674//668 129//99 128//98
f 118//78 117//77 677//673
f 677//673 117//77 120//82
f 677//673 120//82 678//674
f 678//674 120//82 119//80
f 678//674 119//80 679//675
f 679//675 119//80 122//86
f 679//675 122//86 680//676
f 680//676 122//86 121//85
f 680//676 121//85 681//677
f 681//677 121//85 124//90
f 681//677 124//90 682//678
f 682//678 124//90 123//89
f 682//678 123//89 683//679
f 683//679 123//89 126//94
f 683//679 126//94 676//672
f 676//672 126//94 125//93
f 676//672 125//93 130//100
f 116//75 115//74 684//680
f 684//680 115//74 118//78
f 114//72 113//71 685//681
f 685//681 113//71 116//75
f 686//682 112//69 687//683
f 687//683 112//69 111//68
f 687//683 111//68 114//72
f 688//684 110//66 686//682
f 686//682 110//66 109//65
f 686//682 109//65 112//69
f 689//685 108//63 688//684
f 688//684 108//63 107//62
f 688//684 107//62 110//66
f 103//54 104//56 499//480
f 499//480 104//56 106//60
f 499//480 106//60 689//685
f 689//685 106//60 105//59
f 689//685 105//59 108//63
f 690//686 503//485 691//687
f 692//688 691//687 693//689
f 693//689 691//687 503//485
f 693//689 503//485 502//484
f 502//484 503//485 385//364
f 502//484 385//364 387//366
f 694//690 692//688 695//691
f 695//691 692//688 693//689
f 695//691 693//689 696//692
f 696//692 693//689 502//484
f 696//692 502//484 501//482
f 501//482 502//484 388//367
f 501//482 388//367 390//369
f 697//693 694//690 698//694
f 698//694 694//690 695//691
f 698//694 695//691 699//695
f 699//695 695//691 696//692
f 699//695 696//692 700//696
f 700//696 696//692 501//482
f 700//696 501//482 701//697
f 701//697 501//482 393//483
f 701//697 393//483 395//698
f 687//683 697//693 686//682
f 686//682 697//693 698//694
f 686//682 698//694 688//684
f 688//684 698//694 699//695
f 688//684 699//695 689//685
f 689//685 699//695 700//696
f 689//685 700//696 499//480
f 499//480 700//696 701//697
f 499//480 701//697 397//3
f 397//3 701//697 395//698
f 118//78 677//673 684//680
f 684//680 677//673 702//699
f 684//680 702//699 703//700
f 663//654 704//701 664//655
f 664//655 704//701 705//702
f 664//655 705//702 670//661
f 670//661 705//702 706//703
f 670//661 706//703 669//660
f 669//660 706//703 707//704
f 669//660 707//704 668//659
f 668//659 707//704 708//705
f 668//659 708//705 667//658
f 667//658 708//705 709//706
f 667//658 709//706 666//657
f 666//657 709//706 710//707
f 666//657 710//707 665//656
f 665//656 710//707 711//708
f 665//656 711//708 483//465
f 483//465 711//708 712//709
f 483//465 712//709 484//466
f 484//466 712//709 713//710
f 484//466 713//710 672//664
f 672//664 713//710 714//711
f 672//664 714//711 671//662
f 671//662 714//711 715//712
f 671//662 715//712 1696//666
f 1696//666 715//712 716//713
f 1696//666 716//713 675//669
f 675//669 716//713 717//714
f 675//669 717//714 674//668
f 674//668 717//714 718//715
f 674//668 718//715 676//672
f 676//672 718//715 719//716
f 676//672 719//716 683//679
f 683//679 719//716 720//717
f 683//679 720//717 682//678
f 682//678 720//717 721//718
f 682//678 721//718 681//677
f 681//677 721//718 722//719
f 681//677 722//719 680//676
f 680//676 722//719 723//720
f 680//676 723//720 679//675
f 679//675 723//720 724//721
f 679//675 724//721 678//674
f 678//674 724//721 725//722
f 678//674 725//722 677//673
f 677//673 725//722 726//723
f 677//673 726//723 702//699
f 662//653 727//724 661//652
f 661//652 727//724 728//725
f 661//652 728//725 663//654
f 663//654 728//725 729//726
f 663//654 729//726 704//701
f 1793//594 605//591 613//599
f 613//599 605//591 730//727
f 613//599 730//727 731//728
f 1845//612 1868//604 624//610
f 624//610 1868//604 620//606
f 624//610 620//606 732//729
f 732//729 620//606 733//730
f 732//729 733//730 734//731
f 734//731 733//730 735//732
f 734//731 735//732 736//733
f 1753//617 1752//608 629//615
f 629//615 1752//608 624//610
f 629//615 624//610 737//734
f 737//734 624//610 732//729
f 737//734 732//729 738//735
f 738//735 732//729 734//731
f 738//735 734//731 739//736
f 739//736 734//731 736//733
f 739//736 736//733 740//737
f 469//451 468//450 741//738
f 741//738 468//450 742//739
f 741//738 742//739 743//740
f 743//740 742//739 744//741
f 743//740 744//741 745//742
f 745//742 744//741 746//743
f 745//742 746//743 747//744
f 747//744 746//743 748//745
f 747//744 748//745 749//746
f 749//746 748//745 750//747
f 749//746 750//747 751//748
f 751//748 750//747 660//651
f 751//748 660//651 659//650
f 659//650 660//651 154//137
f 659//650 154//137 155//138
f 472//454 471//453 752//749
f 752//749 471//453 753//750
f 752//749 753//750 754//751
f 754//751 753//750 755//752
f 754//751 755//752 756//753
f 756//753 755//752 757//754
f 756//753 757//754 758//755
f 758//755 757//754 759//756
f 758//755 759//756 760//757
f 760//757 759//756 761//758
f 760//757 761//758 762//759
f 762//759 761//758 763//760
f 762//759 763//760 764//761
f 764//761 763//760 765//762
f 764//761 765//762 766//763
f 766//763 765//762 658//649
f 766//763 658//649 657//648
f 657//648 658//649 158//143
f 657//648 158//143 159//144
f 1761//764 1760//613 768//765
f 768//765 1760//613 629//615
f 768//765 629//615 769//766
f 769//766 629//615 737//734
f 769//766 737//734 770//767
f 770//767 737//734 738//735
f 770//767 738//735 771//768
f 771//768 738//735 739//736
f 771//768 739//736 772//769
f 772//769 739//736 740//737
f 772//769 740//737 773//770
f 638//771 1761//764 634//620
f 634//620 1761//764 768//765
f 634//620 768//765 487//469
f 487//469 768//765 769//766
f 487//469 769//766 488//470
f 488//470 769//766 770//767
f 488//470 770//767 642//628
f 642//628 770//767 771//768
f 642//628 771//768 644//630
f 644//630 771//768 772//769
f 644//630 772//769 645//631
f 645//631 772//769 773//770
f 645//631 773//770 774//772
f 1715//597 613//599 617//603
f 617//603 613//599 731//728
f 617//603 731//728 775//773
f 775//773 731//728 776//774
f 775//773 776//774 777//775
f 777//775 776//774 778//776
f 777//775 778//776 779//777
f 779//777 778//776 780//778
f 779//777 780//778 781//779
f 781//779 780//778 782//780
f 781//779 782//780 783//781
f 783//781 782//780 784//782
f 783//781 784//782 785//783
f 785//783 784//782 649//636
f 785//783 649//636 485//467
f 485//467 649//636 461//443
s 0
f 485//784 461//784 459//784
f 256//785 255//785 646//785
s 1
f 646//632 255//196 645//631
f 646//632 645//631 647//633
f 647//633 645//631 774//772
f 647//633 774//772 648//634
f 1730//607 615//601 620//606
f 620//606 615//601 617//603
f 620//606 617//603 733//730
f 733//730 617//603 775//773
f 733//730 775//773 735//732
f 735//732 775//773 777//775
f 735//732 777//775 736//733
f 736//733 777//775 779//777
f 736//733 779//777 740//737
f 740//737 779//777 781//779
f 740//737 781//779 773//770
f 773//770 781//779 783//781
f 773//770 783//781 774//772
f 774//772 783//781 785//783
f 774//772 785//783 648//634
f 648//634 785//783 485//467
f 648//634 485//467 441//423
f 441//423 485//467 442//424
f 786//786 509//495 787//787
f 787//787 509//495 511//497
f 787//787 511//497 788//788
f 788//788 511//497 789//789
f 788//788 789//789 790//790
f 790//790 789//789 791//791
f 790//790 791//791 792//792
f 792//792 791//791 793//793
f 792//792 793//793 794//794
f 794//794 793//793 795//795
f 794//794 795//795 796//796
f 796//796 795//795 797//797
f 796//796 797//797 798//798
f 382//361 503//485 380//359
f 380//359 503//485 690//686
f 380//359 690//686 504//488
f 504//488 690//686 799//799
f 504//488 799//799 505//489
f 116//75 684//680 685//681
f 685//681 684//680 703//700
f 685//681 703//700 800//800
f 800//800 703//700 801//801
f 800//800 801//801 802//802
f 802//802 801//801 803//803
f 802//802 803//803 804//804
f 804//804 803//803 805//805
f 804//804 805//805 806//806
f 806//806 805//805 807//807
f 806//806 807//807 808//808
f 808//808 807//807 809//809
f 808//808 809//809 810//810
f 481//463 480//462 811//811
f 811//811 480//462 812//812
f 811//811 812//812 813//813
f 813//813 812//812 814//814
f 813//813 814//814 815//815
f 727//724 474//456 728//725
f 728//725 474//456 476//458
f 728//725 476//458 729//726
f 729//726 476//458 816//816
f 729//726 816//816 704//701
f 704//701 816//816 817//817
f 704//701 817//817 705//702
f 705//702 817//817 818//818
f 705//702 818//818 706//703
f 706//703 818//818 819//819
f 706//703 819//819 707//704
f 707//704 819//819 820//820
f 707//704 820//820 708//705
f 708//705 820//820 821//821
f 708//705 821//821 709//706
f 709//706 821//821 822//822
f 709//706 822//822 710//707
f 710//707 822//822 823//823
f 710//707 823//823 711//708
f 711//708 823//823 824//824
f 711//708 824//824 712//709
f 712//709 824//824 825//825
f 712//709 825//825 713//710
f 713//710 825//825 826//826
f 713//710 826//826 714//711
f 714//711 826//826 827//827
f 714//711 827//827 715//712
f 715//712 827//827 828//828
f 715//712 828//828 716//713
f 716//713 828//828 829//829
f 716//713 829//829 717//714
f 717//714 829//829 830//830
f 717//714 830//830 718//715
f 718//715 830//830 831//831
f 718//715 831//831 719//716
f 719//716 831//831 832//832
f 719//716 832//832 720//717
f 720//717 832//832 833//833
f 720//717 833//833 721//718
f 721//718 833//833 834//834
f 721//718 834//834 722//719
f 722//719 834//834 835//835
f 722//719 835//835 723//720
f 723//720 835//835 836//836
f 723//720 836//836 724//721
f 724//721 836//836 837//837
f 724//721 837//837 725//722
f 725//722 837//837 838//838
f 725//722 838//838 726//723
f 726//723 838//838 839//839
f 726//723 839//839 702//699
f 702//699 839//839 840//840
f 702//699 840//840 703//700
f 703//700 840//840 482//464
f 703//700 482//464 801//801
f 801//801 482//464 481//463
f 801//801 481//463 803//803
f 803//803 481//463 811//811
f 803//803 811//811 805//805
f 805//805 811//811 813//813
f 805//805 813//813 807//807
f 807//807 813//813 815//815
f 807//807 815//815 809//809
f 228//169 230//171 495//477
f 495//477 230//171 497//479
f 495//477 497//479 496//478
f 496//478 497//479 841//841
f 496//478 841//841 842//842
f 842//842 841//841 843//843
f 842//842 843//843 844//844
f 844//844 843//843 845//845
f 844//844 845//845 846//846
f 846//846 845//845 847//847
f 846//846 847//847 848//848
f 848//848 847//847 849//849
f 848//848 849//849 850//850
f 850//850 849//849 851//851
f 850//850 851//851 852//852
f 114//72 685//681 687//683
f 687//683 685//681 800//800
f 687//683 800//800 697//693
f 697//693 800//800 802//802
f 697//693 802//802 694//690
f 694//690 802//802 804//804
f 694//690 804//804 692//688
f 692//688 804//804 806//806
f 692//688 806//806 691//687
f 691//687 806//806 808//808
f 691//687 808//808 690//686
f 690//686 808//808 810//810
f 690//686 810//810 799//799
f 215//156 217//158 508//494
f 508//494 217//158 506//492
f 508//494 506//492 853//853
f 853//853 506//492 854//854
f 853//853 854//854 855//855
f 855//855 854//854 856//856
f 855//855 856//856 857//857
f 857//857 856//856 858//858
f 857//857 858//858 859//859
f 859//859 858//858 860//860
f 859//859 860//860 861//861
f 861//861 860//860 862//862
f 861//861 862//862 863//863
f 493//475 786//786 494//476
f 494//476 786//786 787//787
f 494//476 787//787 517//503
f 517//503 787//787 788//788
f 517//503 788//788 521//507
f 521//507 788//788 790//790
f 521//507 790//790 525//511
f 525//511 790//790 792//792
f 525//511 792//792 529//515
f 529//515 792//792 794//794
f 529//515 794//794 533//519
f 533//519 794//794 796//796
f 533//519 796//796 537//523
f 537//523 796//796 798//798
f 537//523 798//798 541//527
f 798//798 864//864 541//527
f 541//527 864//864 865//865
f 541//527 865//865 545//531
f 545//531 865//865 866//866
f 545//531 866//866 548//534
f 548//534 866//866 867//867
f 548//534 867//867 551//537
f 551//537 867//867 868//868
f 551//537 868//868 554//540
f 554//540 868//868 869//869
f 554//540 869//869 557//543
f 557//543 869//869 870//870
f 557//543 870//870 559//545
f 559//545 870//870 871//871
f 559//545 871//871 562//548
f 562//548 871//871 872//872
f 562//548 872//872 563//549
f 563//549 872//872 873//873
f 563//549 873//873 570//556
f 570//556 873//873 874//874
f 570//556 874//874 568//554
f 568//554 874//874 875//875
f 568//554 875//875 575//561
f 575//561 875//875 876//876
f 575//561 876//876 579//565
f 579//565 876//876 877//877
f 579//565 877//877 582//568
f 582//568 877//877 878//878
f 582//568 878//878 584//570
f 584//570 878//878 879//879
f 584//570 879//879 491//473
f 491//473 879//879 880//880
f 491//473 880//880 589//575
f 589//575 880//880 881//881
f 589//575 881//881 591//577
f 591//577 881//881 882//882
f 591//577 882//882 594//580
f 594//580 882//882 883//883
f 594//580 883//883 597//583
f 597//583 883//883 884//884
f 597//583 884//884 600//586
f 600//586 884//884 885//885
f 600//586 885//885 603//589
f 603//589 885//885 886//886
f 603//589 886//886 605//591
f 605//591 886//886 887//887
f 605//591 887//887 730//727
f 222//163 220//161 506//492
f 506//492 220//161 496//478
f 506//492 496//478 854//854
f 854//854 496//478 842//842
f 854//854 842//842 856//856
f 856//856 842//842 844//844
f 856//856 844//844 858//858
f 858//858 844//844 846//846
f 858//858 846//846 860//860
f 860//860 846//846 848//848
f 860//860 848//848 862//862
f 862//862 848//848 850//850
f 862//862 850//850 863//863
f 863//863 850//850 852//852
f 863//863 852//852 888//888
f 888//888 852//852 889//889
f 888//888 889//889 890//890
f 890//890 889//889 891//891
f 890//890 891//891 892//892
f 892//892 891//891 893//893
f 892//892 893//893 894//894
f 894//894 893//893 895//895
f 894//894 895//895 896//896
f 896//896 895//895 897//897
f 896//896 897//897 898//898
f 898//898 897//897 899//899
f 898//898 899//899 900//900
f 900//900 899//899 901//901
f 900//900 901//901 902//902
f 902//902 901//901 903//903
f 902//902 903//903 904//904
f 904//904 903//903 905//905
f 904//904 905//905 906//906
f 906//906 905//905 907//907
f 906//906 907//907 908//908
f 908//908 907//907 909//909
f 908//908 909//909 910//910
f 910//910 909//909 911//911
f 910//910 911//911 912//912
f 912//912 911//911 913//913
f 912//912 913//913 914//914
f 914//914 913//913 915//915
f 914//914 915//915 916//916
f 916//916 915//915 917//917
f 916//916 917//917 918//918
f 918//918 917//917 919//919
f 918//918 919//919 920//920
f 920//920 919//919 921//921
f 920//920 921//921 922//922
f 922//922 921//921 923//923
f 922//922 923//923 924//924
f 924//924 923//923 925//925
f 924//924 925//925 926//926
f 926//926 925//925 927//927
f 926//926 927//927 928//928
f 928//928 927//927 929//929
f 928//928 929//929 930//930
f 930//930 929//929 931//931
f 930//930 931//931 932//932
f 932//932 931//931 933//933
f 932//932 933//933 934//934
f 934//934 933//933 935//935
f 934//934 935//935 936//936
f 936//936 935//935 937//937
f 936//936 937//937 473//455
f 473//455 937//937 470//452
f 473//455 470//452 471//453
f 471//453 470//452 469//451
f 471//453 469//451 753//750
f 753//750 469//451 741//738
f 753//750 741//738 755//752
f 755//752 741//738 743//740
f 755//752 743//740 757//754
f 757//754 743//740 745//742
f 757//754 745//742 759//756
f 759//756 745//742 747//744
f 759//756 747//744 761//758
f 761//758 747//744 749//746
f 761//758 749//746 763//760
f 763//760 749//746 751//748
f 763//760 751//748 765//762
f 765//762 751//748 659//650
f 765//762 659//650 658//649
f 658//649 659//650 156//140
f 658//649 156//140 157//141
f 510//496 507//493 511//497
f 511//497 507//493 508//494
f 511//497 508//494 789//789
f 789//789 508//494 853//853
f 789//789 853//853 791//791
f 791//791 853//853 855//855
f 791//791 855//855 793//793
f 793//793 855//855 857//857
f 793//793 857//857 795//795
f 795//795 857//857 859//859
f 795//795 859//859 797//797
f 797//797 859//859 861//861
f 797//797 861//861 798//798
f 798//798 861//861 863//863
f 798//798 863//863 864//864
f 864//864 863//863 888//888
f 864//864 888//888 865//865
f 865//865 888//888 890//890
f 865//865 890//890 866//866
f 866//866 890//890 892//892
f 866//866 892//892 867//867
f 867//867 892//892 894//894
f 867//867 894//894 868//868
f 868//868 894//894 896//896
f 868//868 896//896 869//869
f 869//869 896//896 898//898
f 869//869 898//898 870//870
f 870//870 898//898 900//900
f 870//870 900//900 871//871
f 871//871 900//900 902//902
f 871//871 902//902 872//872
f 872//872 902//902 904//904
f 872//872 904//904 873//873
f 873//873 904//904 906//906
f 873//873 906//906 874//874
f 874//874 906//906 908//908
f 874//874 908//908 875//875
f 875//875 908//908 910//910
f 875//875 910//910 876//876
f 876//876 910//910 912//912
f 876//876 912//912 877//877
f 877//877 912//912 914//914
f 877//877 914//914 878//878
f 878//878 914//914 916//916
f 878//878 916//916 879//879
f 879//879 916//916 918//918
f 879//879 918//918 880//880
f 880//880 918//918 920//920
f 880//880 920//920 881//881
f 881//881 920//920 922//922
f 881//881 922//922 882//882
f 882//882 922//922 924//924
f 882//882 924//924 883//883
f 883//883 924//924 926//926
f 883//883 926//926 884//884
f 884//884 926//926 928//928
f 884//884 928//928 885//885
f 885//885 928//928 930//930
f 885//885 930//930 886//886
f 886//886 930//930 932//932
f 886//886 932//932 887//887
f 887//887 932//932 934//934
f 887//887 934//934 730//727
f 730//727 934//934 936//936
f 730//727 936//936 731//728
f 731//728 936//936 473//455
f 731//728 473//455 776//774
f 776//774 473//455 472//454
f 776//774 472//454 778//776
f 778//776 472//454 752//749
f 778//776 752//749 780//778
f 780//778 752//749 754//751
f 780//778 754//751 782//780
f 782//780 754//751 756//753
f 782//780 756//753 784//782
f 784//782 756//753 758//755
f 784//782 758//755 649//636
f 649//636 758//755 760//757
f 649//636 760//757 650//637
f 650//637 760//757 762//759
f 650//637 762//759 651//638
f 651//638 762//759 764//761
f 651//638 764//761 652//640
f 652//640 764//761 766//763
f 652//640 766//763 653//641
f 653//641 766//763 657//648
f 653//641 657//648 655//646
f 655//646 657//648 160//146
f 655//646 160//146 161//147
f 475//457 477//459 476//458
f 476//458 477//459 479//461
f 476//458 479//461 816//816
f 816//816 479//461 938//938
f 816//816 938//938 817//817
f 817//817 938//938 939//939
f 817//817 939//939 818//818
f 818//818 939//939 940//940
f 818//818 940//940 819//819
f 819//819 940//940 941//941
f 819//819 941//941 820//820
f 820//820 941//941 942//942
f 820//820 942//942 821//821
f 821//821 942//942 943//943
f 821//821 943//943 822//822
f 822//822 943//943 944//944
f 822//822 944//944 823//823
f 823//823 944//944 945//945
f 823//823 945//945 824//824
f 824//824 945//945 946//946
f 824//824 946//946 825//825
f 825//825 946//946 947//947
f 825//825 947//947 826//826
f 826//826 947//947 948//948
f 826//826 948//948 827//827
f 827//827 948//948 949//949
f 827//827 949//949 828//828
f 828//828 949//949 950//950
f 828//828 950//950 829//829
f 829//829 950//950 951//951
f 829//829 951//951 830//830
f 830//830 951//951 952//952
f 830//830 952//952 831//831
f 831//831 952//952 953//953
f 831//831 953//953 832//832
f 832//832 953//953 954//954
f 832//832 954//954 833//833
f 833//833 954//954 955//955
f 833//833 955//955 834//834
f 834//834 955//955 956//956
f 834//834 956//956 835//835
f 835//835 956//956 957//957
f 835//835 957//957 836//836
f 836//836 957//957 958//958
f 836//836 958//958 837//837
f 837//837 958//958 959//959
f 837//837 959//959 838//838
f 838//838 959//959 960//960
f 838//838 960//960 839//839
f 839//839 960//960 961//961
f 839//839 961//961 840//840
f 840//840 961//961 962//962
f 840//840 962//962 482//464
f 482//464 962//962 467//449
f 482//464 467//449 480//462
f 480//462 467//449 466//448
f 480//462 466//448 812//812
f 812//812 466//448 465//447
f 812//812 465//447 814//814
f 152//134 660//651 662//653
f 662//653 660//651 750//747
f 662//653 750//747 727//724
f 727//724 750//747 748//745
f 727//724 748//745 474//456
f 474//456 748//745 746//743
f 474//456 746//743 475//457
f 475//457 746//743 744//741
f 475//457 744//741 477//459
f 477//459 744//741 742//739
f 477//459 742//739 478//460
f 478//460 742//739 468//450
f 478//460 468//450 479//461
f 479//461 468//450 470//452
f 479//461 470//452 938//938
f 938//938 470//452 937//937
f 938//938 937//937 939//939
f 939//939 937//937 935//935
f 939//939 935//935 940//940
f 940//940 935//935 933//933
f 940//940 933//933 941//941
f 941//941 933//933 931//931
f 941//941 931//931 942//942
f 942//942 931//931 929//929
f 942//942 929//929 943//943
f 943//943 929//929 927//927
f 943//943 927//927 944//944
f 944//944 927//927 925//925
f 944//944 925//925 945//945
f 945//945 925//925 923//923
f 945//945 923//923 946//946
f 946//946 923//923 921//921
f 946//946 921//921 947//947
f 947//947 921//921 919//919
f 947//947 919//919 948//948
f 948//948 919//919 917//917
f 948//948 917//917 949//949
f 949//949 917//917 915//915
f 949//949 915//915 950//950
f 950//950 915//915 913//913
f 950//950 913//913 951//951
f 951//951 913//913 911//911
f 951//951 911//911 952//952
f 952//952 911//911 909//909
f 952//952 909//909 953//953
f 953//953 909//909 907//907
f 953//953 907//907 954//954
f 954//954 907//907 905//905
f 954//954 905//905 955//955
f 955//955 905//905 903//903
f 955//955 903//903 956//956
f 956//956 903//903 901//901
f 956//956 901//901 957//957
f 957//957 901//901 899//899
f 957//957 899//899 958//958
f 958//958 899//899 897//897
f 958//958 897//897 959//959
f 959//959 897//897 895//895
f 959//959 895//895 960//960
f 960//960 895//895 893//893
f 960//960 893//893 961//961
f 961//961 893//893 891//891
f 961//961 891//891 962//962
f 962//962 891//891 889//889
f 962//962 889//889 467//449
f 467//449 889//889 852//852
f 467//449 852//852 465//447
f 465//447 852//852 851//851
f 465//447 851//851 814//814
f 814//814 851//851 849//849
f 814//814 849//849 815//815
f 815//815 849//849 847//847
f 815//815 847//847 809//809
f 809//809 847//847 845//845
f 809//809 845//845 810//810
f 810//810 845//845 843//843
f 810//810 843//843 799//799
f 799//799 843//843 841//841
f 799//799 841//841 505//489
f 505//489 841//841 497//479
f 505//489 497//479 370//349
f 370//349 497//479 234//175
f 370//349 234//175 232//173
f 213//154 507//493 214//155
f 214//155 507//493 510//496
f 214//155 510//496 1009//963
s 0
f 1009//964 510//964 509//964
f 1009//965 509//965 1010//965
f 1010//966 509//966 786//966
f 1010//967 786//967 1011//967
f 1011//968 786//968 493//968
f 1011//969 493//969 1905//969
f 1905//970 493//970 492//970
f 492//971 512//971 1905//971
s 1
f 1905//972 512//498 1902//500
s 0
f 1012//973 1903//973 1927//973
s 1
f 1712//974 2005//621 1710//619
f 261//202 260//201 643//629
f 643//629 260//201 1060//975
f 643//629 1060//975 486//468
s 0
f 633//976 2023//976 1711//976
s 1
f 1711//977 2023//978 1772//979
f 1059//980 641//981 2020//982
s 0
f 1061//983 1059//983 2017//983
f 2017//984 1059//984 2020//984
f 2017//984 2020//984 1751//984
f 1751//985 2020//985 1750//985
s 1
f 1060//975 639//625 486//468
f 1063//986 1064//987 1065//988
f 1066//989 1067//990 1068//991
f 1069//992 1070//993 1071//994
f 1072//995 1073//996 1074//997
f 1075//998 1076//999 1077//1000
f 1078//1001 1079//1002 1080//1003
f 1081//1004 1082//1005 1083//1006
f 1065//988 1064//987 1084//1007
f 1085//1008 1086//1009 1087//1010
f 1087//1010 1086//1009 1088//1011
f 1089//1012 1090//1013 1091//1014
f 1092//1015 1093//1016 1094//1017
f 1093//1016 1095//1018 1096//1019
f 1097//1020 1098//1021 1099//1022
f 1100//1023 1101//1024 1102//1025
f 1103//1026 1104//1027 1105//1028
f 1106//1029 1107//1030 1108//1031
f 1109//1032 1110//1033 1111//1034
f 282//229 281//228 1088//1011
f 289//240 288//239 1089//1012
f 307//266 1112//1035 1113//1036
f 265//206 264//205 1114//1037
f 377//356 376//355 1115//1038
f 372//351 374//353 1116//1039
f 1117//1040 1118//1041 1119//1042
f 1120//1043 1121//1044 1122//1045
f 432//414 433//415 1123//1046
s 0
f 422//1047 421//1047 1124//1047
f 1124//1048 421//1048 428//1048
f 1124//1049 428//1049 1123//1049
s 1
f 1123//1046 428//410 430//412
f 1123//1046 430//412 432//414
f 424//405 1125//1050 426//407
f 426//407 1125//1050 1126//1051
f 426//407 1126//1051 427//409
f 427//409 1126//1051 1921//400
f 1921//400 1126//1051 1127//1052
f 1921//400 1127//1052 417//398
f 417//398 1127//1052 237//178
f 237//178 1127//1052 1128//1053
f 237//178 1128//1053 238//179
f 1129//1054 1130//1055 1128//1053
f 1128//1053 1130//1055 1131//1056
f 1128//1053 1131//1056 238//179
f 1121//1044 1132//1057 1133//1058
f 1133//1058 1132//1057 1134//1059
f 1133//1058 1134//1059 1129//1054
f 1129//1054 1134//1059 1135//1060
f 1129//1054 1135//1060 1130//1055
f 1122//1045 1121//1044 1136//1061
f 1137//1062 1138//1063 1139//1064
f 1139//1064 1140//1065 1137//1062
f 1137//1062 1140//1065 1141//1066
f 1137//1062 1141//1066 1142//1067
s 0
f 1142//1068 1143//1068 1137//1068
f 1137//1069 1143//1069 1144//1069
s 1
f 1137//1062 1144//1070 1122//1045
f 1122//1045 1144//1070 1145//1071
f 1122//1045 1145//1071 1120//1043
s 0
f 1146//1072 1147//1072 1148//1072
s 1
f 1148//1073 1147//1074 1149//1075
f 1148//1073 1149//1075 1150//1076
f 1151//1077 1152//1078 1153//1079
f 1153//1079 1154//1080 1151//1077
f 1151//1077 1154//1080 1155//1081
f 1151//1077 1155//1081 1148//1073
s 0
f 1148//1082 1155//1082 1156//1082
f 1148//1083 1156//1083 1146//1083
s 1
f 1157//1084 1158//1085 1151//1077
f 1151//1077 1158//1085 1159//1086
f 1151//1077 1159//1086 1152//1078
f 209//150 211//152 1160//1087
f 1160//1087 211//152 212//1088
f 1160//1087 212//1088 1161//1089
f 1858//393 410//1090 1162//1091
f 1162//1091 410//1090 1818//397
f 404//383 412//389 1163//1092
f 1163//1092 412//389 414//391
f 402//381 408//387 1164//1093
s 0
f 1164//1094 408//1094 407//1094
s 1
f 1165//1095 399//378 403//382
f 389//368 386//365 1109//1032
f 1109//1032 386//365 384//363
f 1109//1032 384//363 1110//1033
f 1110//1033 384//363 383//362
f 1110//1033 383//362 1115//1038
f 1115//1038 383//362 381//360
s 0
f 1115//1096 381//1096 377//1096
s 1
f 392//1097 391//1098 1166//1099
f 396//1100 394//1101 1167//1102
f 498//3 397//3 1168//1103
f 1168//1103 397//3 1169//1104
f 498//3 1168//1103 500//481
f 500//481 1168//1103 368//347
f 500//481 368//347 103//54
f 365//342 364//341 1168//1103
f 1168//1103 364//341 369//348
f 1168//1103 369//348 368//347
f 362//338 363//1105 1170//1106
s 0
f 1170//1107 363//1107 367//1107
s 1
f 1170//1106 367//345 366//344
f 1171//1108 360//336 359//335
f 357//334 356//333 1172//1109
f 1172//1109 356//333 355//332
f 1172//1109 355//332 1171//1108
f 1171//1108 355//332 361//337
f 1171//1108 361//337 360//336
s 0
f 353//1110 351//1110 1173//1110
s 1
f 1173//1111 351//326 352//327
f 1173//1111 352//327 1172//1109
f 1172//1109 352//327 358//334
f 1172//1109 358//334 357//334
f 349//324 348//323 1174//1112
f 1174//1112 348//323 347//322
f 1174//1112 347//322 1173//1111
f 1173//1111 347//322 354//330
f 1173//1111 354//330 353//329
f 341//313 346//320 1175//1113
f 1175//1113 346//320 345//319
f 1175//1113 345//319 1174//1112
f 1174//1112 345//319 350//325
f 1174//1112 350//325 349//324
f 341//313 1175//1113 342//314
f 342//314 1175//1113 1176//1114
f 342//314 1176//1114 343//316
f 339//311 338//310 1176//1114
f 1176//1114 338//310 344//317
f 1176//1114 344//317 343//316
f 339//311 1176//1114 340//312
f 340//312 1176//1114 1177//1115
f 340//312 1177//1115 262//203
f 337//308 336//307 1178//1116
f 1178//1116 336//307 335//306
f 1178//1116 335//306 1177//1115
f 1177//1115 335//306 263//203
f 1177//1115 263//203 262//203
f 337//308 1178//1116 331//301
f 331//301 1178//1116 1179//1117
f 331//301 1179//1117 332//302
f 333//304 1180//1118 334//305
f 334//305 1180//1118 327//294
f 323//300 330//299 1181//1119
f 1181//1119 330//299 329//297
f 1114//1037 264//205 1182//1120
f 264//205 326//293 1182//1120
f 1182//1120 326//293 325//292
f 1182//1120 325//292 1181//1119
f 1181//1119 325//292 324//291
f 1181//1119 324//291 323//300
f 317//282 316//288 1183//1121
f 1183//1121 316//288 322//287
f 1183//1121 322//287 1184//1122
f 1184//1122 322//287 321//286
f 1184//1122 321//286 1114//1037
f 1114//1037 321//286 320//285
f 1114//1037 320//285 265//206
f 317//282 1183//1121 318//283
f 318//283 1183//1121 1185//1123
f 318//283 1185//1123 319//284
f 319//284 1185//1123 310//270
f 310//270 1185//1123 1186//1124
f 310//270 1186//1124 311//271
f 1187//1125 313//275 1186//1124
f 1186//1124 313//275 312//274
f 1186//1124 312//274 311//271
f 307//266 306//1126 1112//1035
f 1112//1035 306//1126 315//277
f 1112//1035 315//277 1187//1125
f 1187//1125 315//277 314//276
f 1187//1125 314//276 313//275
f 303//260 302//269 1188//1127
f 1188//1127 302//269 309//268
f 1188//1127 309//268 1113//1036
f 1113//1036 309//268 308//267
f 1113//1036 308//267 307//266
f 303//260 1188//1127 304//261
f 304//261 1188//1127 1189//1128
f 304//261 1189//1128 305//262
f 305//262 1189//1128 298//263
f 298//263 1189//1128 1190//1129
f 298//263 1190//1129 299//254
f 295//248 294//257 1191//1130
f 1191//1130 294//257 301//256
f 1191//1130 301//256 1190//1129
f 1190//1129 301//256 300//255
f 1190//1129 300//255 299//254
f 293//1131 297//250 1090//1013
f 1090//1013 297//250 296//249
f 288//239 287//237 1089//1012
f 1089//1012 287//237 286//236
f 1089//1012 286//236 1090//1013
f 1090//1013 286//236 292//243
f 1090//1013 292//243 293//1131
f 285//235 291//242 1087//1010
f 1087//1010 291//242 290//241
f 281//228 267//209 1088//1011
f 1088//1011 267//209 266//208
f 1088//1011 266//208 1087//1010
f 1087//1010 266//208 284//233
f 1087//1010 284//233 285//235
f 268//211 279//225 1192//1132
f 1192//1132 279//225 280//227
f 1192//1132 280//227 283//231
f 277//223 276//222 1193//1133
f 1193//1133 276//222 269//212
f 270//214 274//219 1194//1134
f 1194//1134 274//219 275//221
f 1194//1134 275//221 278//224
s 0
f 1195//1135 273//1135 271//1135
s 1
f 1195//1136 654//27 656//647
f 273//218 1195//1136 272//217
f 272//217 1195//1136 656//647
f 272//217 656//647 162//149
f 449//1137 447//1138 1196//1139
f 1196//1139 447//1138 445//1140
f 1196//1139 445//1140 444//643
f 1197//1141 451//1142 449//1137
f 1198//1143 455//436 453//435
f 1199//1144 458//440 456//438
f 460//442 462//444 1200//1145
f 1201//1146 439//421 438//420
f 439//421 1202//1147 440//422
f 440//422 1202//1147 435//417
f 440//422 435//417 437//419
f 391//1098 389//368 1166//1099
f 1166//1099 389//368 1109//1032
f 1166//1099 1109//1032 1203//1148
f 1203//1148 1109//1032 1111//1034
f 1203//1148 1111//1034 1204//1149
f 394//1101 392//1097 1167//1102
f 1167//1102 392//1097 1166//1099
f 1167//1102 1166//1099 1205//1150
f 1205//1150 1166//1099 1203//1148
f 1205//1150 1203//1148 1206//1151
f 1206//1151 1203//1148 1204//1149
f 1206//1151 1204//1149 1207//1152
f 1208//1153 1209//1154 1210//1155
f 1210//1155 1209//1154 1211//1156
f 1210//1155 1211//1156 1212//1157
f 1212//1157 1211//1156 1213//1158
f 1212//1157 1213//1158 1214//1159
f 1214//1159 1213//1158 1215//1160
f 1214//1159 1215//1160 1216//1161
f 1216//1161 1215//1160 1217//1162
f 1216//1161 1217//1162 1218//1163
f 1218//1163 1217//1162 1116//1039
f 1218//1163 1116//1039 1165//1095
f 1165//1095 1116//1039 374//353
f 1165//1095 374//353 399//378
f 399//378 374//353 375//354
f 1209//1154 1207//1152 1211//1156
f 1211//1156 1207//1152 1204//1149
f 1211//1156 1204//1149 1213//1158
f 1213//1158 1204//1149 1111//1034
f 1213//1158 1111//1034 1215//1160
f 1215//1160 1111//1034 1110//1033
f 1215//1160 1110//1033 1217//1162
f 1217//1162 1110//1033 1115//1038
f 1217//1162 1115//1038 1116//1039
f 1116//1039 1115//1038 376//355
f 1116//1039 376//355 372//351
f 397//3 396//1100 1169//1104
f 1169//1104 396//1100 1167//1102
f 1169//1104 1167//1102 1219//1164
f 1219//1164 1167//1102 1205//1150
f 1219//1164 1205//1150 1220//1165
f 1220//1165 1205//1150 1206//1151
f 1220//1165 1206//1151 1221//1166
f 1221//1166 1206//1151 1207//1152
f 1221//1166 1207//1152 1222//1167
f 1222//1167 1207//1152 1209//1154
f 1222//1167 1209//1154 1223//1168
f 1223//1168 1209//1154 1208//1153
f 1223//1168 1208//1153 1101//1024
f 1101//1024 1100//1023 1223//1168
f 1223//1168 1100//1023 1224//1169
f 1223//1168 1224//1169 1222//1167
f 1222//1167 1224//1169 1225//1170
f 1222//1167 1225//1170 1221//1166
f 1221//1166 1225//1170 1226//1171
f 1221//1166 1226//1171 1220//1165
f 1220//1165 1226//1171 1227//1172
f 1220//1165 1227//1172 1219//1164
f 1219//1164 1227//1172 1228//1173
f 1219//1164 1228//1173 1169//1104
f 1169//1104 1228//1173 1170//1106
f 1169//1104 1170//1106 1168//1103
f 1168//1103 1170//1106 366//344
f 1168//1103 366//344 365//342
f 1229//1174 1103//1026 1230//1175
f 1230//1175 1103//1026 1105//1028
f 1230//1175 1105//1028 1231//1176
f 1231//1176 1105//1028 1106//1029
f 1231//1176 1106//1029 1232//1177
f 1232//1177 1106//1029 1108//1031
f 1232//1177 1108//1031 1233//1178
f 1234//1179 1235//1180 1236//1181
f 1236//1181 1235//1180 1237//1182
f 1236//1181 1237//1182 1238//1183
f 1238//1183 1237//1182 1239//1184
f 1235//1180 1240//1185 1237//1182
f 1237//1182 1240//1185 1241//1186
f 1237//1182 1241//1186 1239//1184
f 1239//1184 1241//1186 1242//1187
f 1107//1030 1106//1029 1243//1188
f 1243//1188 1106//1029 1105//1028
f 1243//1188 1105//1028 1244//1189
f 1244//1189 1105//1028 1104//1027
f 1244//1189 1104//1027 1245//1190
f 1171//1108 1233//1178 1172//1109
f 1172//1109 1233//1178 1108//1031
f 1172//1109 1108//1031 1173//1111
f 1173//1111 1108//1031 1107//1030
f 1173//1111 1107//1030 1174//1112
f 1174//1112 1107//1030 1243//1188
f 1174//1112 1243//1188 1175//1113
f 1175//1113 1243//1188 1244//1189
f 1175//1113 1244//1189 1176//1114
f 1176//1114 1244//1189 1245//1190
f 1176//1114 1245//1190 1177//1115
f 1246//1191 1098//1021 1247//1192
f 1247//1192 1098//1021 1097//1020
f 1247//1192 1097//1020 1248//1193
f 1180//1118 1249//1194 1250//1195
f 1250//1195 1249//1194 1251//1196
f 1250//1195 1251//1196 1252//1197
f 1252//1197 1251//1196 1253//1198
f 1252//1197 1253//1198 1254//1199
f 1254//1199 1253//1198 1255//1200
f 1254//1199 1255//1200 1256//1201
f 1256//1201 1255//1200 1257//1202
f 1256//1201 1257//1202 1258//1203
f 1259//1204 1179//1117 1260//1205
f 1260//1205 1179//1117 1178//1116
f 1260//1205 1178//1116 1261//1206
f 1261//1206 1178//1116 1177//1115
f 1261//1206 1177//1115 1262//1207
f 1262//1207 1177//1115 1245//1190
f 1096//1019 1095//1018 1263//1208
f 1263//1208 1095//1018 1264//1209
f 1263//1208 1264//1209 1265//1210
f 1265//1210 1264//1209 1266//1211
f 1265//1210 1266//1211 1267//1212
f 1267//1212 1266//1211 1268//1213
f 1267//1212 1268//1213 1269//1214
f 1269//1214 1268//1213 1099//1022
f 1269//1214 1099//1022 1258//1203
f 1258//1203 1099//1022 1098//1021
f 1258//1203 1098//1021 1256//1201
f 1256//1201 1098//1021 1246//1191
f 1256//1201 1246//1191 1254//1199
f 1254//1199 1246//1191 1247//1192
f 1254//1199 1247//1192 1252//1197
f 1252//1197 1247//1192 1248//1193
f 1252//1197 1248//1193 1250//1195
f 1250//1195 1248//1193 1270//1215
f 1250//1195 1270//1215 1180//1118
f 1093//1016 1092//1015 1095//1018
f 1095//1018 1092//1015 1271//1216
f 1095//1018 1271//1216 1264//1209
f 1264//1209 1271//1216 1272//1217
f 1264//1209 1272//1217 1266//1211
f 1266//1211 1272//1217 1273//1218
f 1266//1211 1273//1218 1268//1213
f 1268//1213 1273//1218 1274//1219
f 1268//1213 1274//1219 1099//1022
f 1099//1022 1274//1219 1275//1220
f 1099//1022 1275//1220 1097//1020
f 1097//1020 1275//1220 1276//1221
f 1097//1020 1276//1221 1248//1193
f 1277//1222 1278//1223 1279//1224
f 1279//1224 1278//1223 1280//1225
f 1279//1224 1280//1225 1281//1226
f 1281//1226 1280//1225 1282//1227
f 1281//1226 1282//1227 1283//1228
f 1283//1228 1282//1227 1284//1229
f 1283//1228 1284//1229 1285//1230
f 1285//1230 1284//1229 1286//1231
f 1285//1230 1286//1231 1094//1017
f 1094//1017 1286//1231 1287//1232
f 1094//1017 1287//1232 1092//1015
f 1092//1015 1287//1232 1288//1233
f 1092//1015 1288//1233 1271//1216
f 1278//1223 1289//1234 1280//1225
f 1280//1225 1289//1234 1290//1235
f 1280//1225 1290//1235 1282//1227
f 1282//1227 1290//1235 1291//1236
f 1282//1227 1291//1236 1284//1229
f 1284//1229 1291//1236 1292//1237
f 1284//1229 1292//1237 1286//1231
f 1286//1231 1292//1237 1293//1238
f 1286//1231 1293//1238 1287//1232
f 1287//1232 1293//1238 1294//1239
f 1287//1232 1294//1239 1288//1233
f 1289//1234 1295//1240 1290//1235
f 1290//1235 1295//1240 1296//1241
f 1290//1235 1296//1241 1291//1236
f 1291//1236 1296//1241 1297//1242
f 1291//1236 1297//1242 1292//1237
f 1292//1237 1297//1242 1298//1243
f 1292//1237 1298//1243 1293//1238
f 1293//1238 1298//1243 1299//1244
f 1293//1238 1299//1244 1294//1239
f 1294//1239 1299//1244 1300//1245
f 1294//1239 1300//1245 1288//1233
f 1288//1233 1300//1245 1301//1246
f 1288//1233 1301//1246 1271//1216
f 1271//1216 1301//1246 1302//1247
f 1271//1216 1302//1247 1272//1217
f 1272//1217 1302//1247 1303//1248
f 1272//1217 1303//1248 1273//1218
f 1273//1218 1303//1248 1304//1249
f 1273//1218 1304//1249 1274//1219
f 1274//1219 1304//1249 1305//1250
f 1274//1219 1305//1250 1275//1220
f 1275//1220 1305//1250 1306//1251
f 1275//1220 1306//1251 1276//1221
f 1276//1221 1306//1251 1307//1252
f 1276//1221 1307//1252 1248//1193
f 1248//1193 1307//1252 1308//1253
f 1248//1193 1308//1253 1270//1215
f 1270//1215 1308//1253 1309//1254
f 1270//1215 1309//1254 1180//1118
f 1180//1118 1309//1254 328//295
f 1180//1118 328//295 327//294
f 1310//1255 1311//1256 1312//1257
f 1312//1257 1311//1256 1091//1014
f 1312//1257 1091//1014 1313//1258
f 1313//1258 1091//1014 1090//1013
f 1313//1258 1090//1013 1191//1130
f 1191//1130 1090//1013 296//249
f 1191//1130 296//249 295//248
f 1277//1222 1310//1255 1278//1223
f 1278//1223 1310//1255 1312//1257
f 1278//1223 1312//1257 1289//1234
f 1289//1234 1312//1257 1313//1258
f 1289//1234 1313//1258 1295//1240
f 1295//1240 1313//1258 1191//1130
f 1295//1240 1191//1130 1296//1241
f 1296//1241 1191//1130 1190//1129
f 1296//1241 1190//1129 1297//1242
f 1297//1242 1190//1129 1189//1128
f 1297//1242 1189//1128 1298//1243
f 1298//1243 1189//1128 1188//1127
f 1298//1243 1188//1127 1299//1244
f 1299//1244 1188//1127 1113//1036
f 1299//1244 1113//1036 1300//1245
f 1300//1245 1113//1036 1112//1035
f 1300//1245 1112//1035 1301//1246
f 1301//1246 1112//1035 1187//1125
f 1301//1246 1187//1125 1302//1247
f 1302//1247 1187//1125 1186//1124
f 1302//1247 1186//1124 1303//1248
f 1303//1248 1186//1124 1185//1123
f 1303//1248 1185//1123 1304//1249
f 1304//1249 1185//1123 1183//1121
f 1304//1249 1183//1121 1305//1250
f 1305//1250 1183//1121 1184//1122
f 1305//1250 1184//1122 1306//1251
f 1306//1251 1184//1122 1114//1037
f 1306//1251 1114//1037 1307//1252
f 1307//1252 1114//1037 1182//1120
f 1307//1252 1182//1120 1308//1253
f 1308//1253 1182//1120 1181//1119
f 1308//1253 1181//1119 1309//1254
f 1309//1254 1181//1119 329//297
f 1309//1254 329//297 328//295
f 1314//1259 1315//1260 1316//1261
f 1316//1261 1315//1260 1317//1262
f 1316//1261 1317//1262 1318//1263
f 1318//1263 1317//1262 1319//1264
f 1318//1263 1319//1264 1320//1265
f 1320//1265 1319//1264 1321//1266
f 1320//1265 1321//1266 1322//1267
f 1322//1267 1321//1266 1323//1268
f 1322//1267 1323//1268 1192//1132
f 1192//1132 1323//1268 1193//1133
f 1192//1132 1193//1133 268//211
f 268//211 1193//1133 269//212
f 1324//1269 1325//1270 1326//1271
f 1326//1271 1325//1270 1327//1272
f 1326//1271 1327//1272 1328//1273
f 1328//1273 1327//1272 1329//1274
f 1328//1273 1329//1274 1330//1275
f 1330//1275 1329//1274 1331//1276
f 1330//1275 1331//1276 1332//1277
f 1332//1277 1331//1276 1333//1278
f 1332//1277 1333//1278 1334//1279
f 1334//1279 1333//1278 1335//1280
f 1334//1279 1335//1280 1336//1281
f 1336//1281 1335//1280 1337//1282
f 1336//1281 1337//1282 1338//1283
f 1338//1283 1337//1282 1314//1259
f 1338//1283 1314//1259 1339//1284
f 1339//1284 1314//1259 1316//1261
f 1339//1284 1316//1261 1340//1285
f 1340//1285 1316//1261 1318//1263
f 1340//1285 1318//1263 1085//1008
f 1085//1008 1318//1263 1320//1265
f 1085//1008 1320//1265 1086//1009
f 1086//1009 1320//1265 1322//1267
f 1086//1009 1322//1267 1088//1011
f 1088//1011 1322//1267 1192//1132
f 1088//1011 1192//1132 282//229
f 282//229 1192//1132 283//231
f 1096//1019 1324//1269 1093//1016
f 1093//1016 1324//1269 1326//1271
f 1093//1016 1326//1271 1094//1017
f 1094//1017 1326//1271 1328//1273
f 1094//1017 1328//1273 1285//1230
f 1285//1230 1328//1273 1330//1275
f 1285//1230 1330//1275 1283//1228
f 1283//1228 1330//1275 1332//1277
f 1283//1228 1332//1277 1281//1226
f 1281//1226 1332//1277 1334//1279
f 1281//1226 1334//1279 1279//1224
f 1279//1224 1334//1279 1336//1281
f 1279//1224 1336//1281 1277//1222
f 1277//1222 1336//1281 1338//1283
f 1277//1222 1338//1283 1310//1255
f 1310//1255 1338//1283 1339//1284
f 1310//1255 1339//1284 1311//1256
f 1311//1256 1339//1284 1340//1285
f 1311//1256 1340//1285 1091//1014
f 1091//1014 1340//1285 1085//1008
f 1091//1014 1085//1008 1089//1012
f 1089//1012 1085//1008 1087//1010
f 1089//1012 1087//1010 289//240
f 289//240 1087//1010 290//241
f 1341//1286 1342//1287 1343//1288
f 1343//1288 1342//1287 1344//1289
f 1064//987 1345//1290 1084//1007
f 1084//1007 1345//1290 1346//1291
f 1084//1007 1346//1291 1347//1292
f 1347//1292 1346//1291 1348//1293
f 1347//1292 1348//1293 1349//1294
f 1349//1294 1348//1293 1350//1295
f 1349//1294 1350//1295 1351//1296
f 1351//1296 1350//1295 1352//1297
f 1351//1296 1352//1297 1353//1298
f 1354//1299 1355//1300 1356//1301
f 1356//1301 1355//1300 1357//1302
f 1356//1301 1357//1302 1358//1303
f 1359//1304 1360//1305 1361//1306
f 1361//1306 1360//1305 1362//1307
f 1357//1302 1363//1308 1358//1303
f 1358//1303 1363//1308 1364//1309
f 1358//1303 1364//1309 1365//1310
f 1343//1288 1366//1311 1341//1286
f 1341//1286 1366//1311 1367//1312
f 1341//1286 1367//1312 1368//1313
f 1368//1313 1367//1312 1369//1314
f 1368//1313 1369//1314 1354//1299
f 1354//1299 1369//1314 1370//1315
f 1354//1299 1370//1315 1355//1300
f 1351//1296 1371//1316 1349//1294
f 1349//1294 1371//1316 1372//1317
f 1349//1294 1372//1317 1347//1292
f 1347//1292 1372//1317 1373//1318
f 1347//1292 1373//1318 1084//1007
f 1084//1007 1373//1318 1374//1319
f 1084//1007 1374//1319 1065//988
f 1353//1298 1344//1289 1351//1296
f 1351//1296 1344//1289 1342//1287
f 1351//1296 1342//1287 1371//1316
f 1371//1316 1342//1287 1375//1320
f 1371//1316 1375//1320 1372//1317
f 1372//1317 1375//1320 1376//1321
f 1372//1317 1376//1321 1373//1318
f 1373//1318 1376//1321 1377//1322
f 1373//1318 1377//1322 1374//1319
f 1378//1323 1379//1324 1380//1325
f 1379//1324 1378//1323 1381//1326
f 1381//1326 1378//1323 1382//1327
f 1381//1326 1382//1327 1383//1328
f 1383//1328 1382//1327 1384//1329
f 1383//1328 1384//1329 1385//1330
f 1386//1331 1387//1332 1388//1333
f 1388//1333 1387//1332 1389//1334
f 1388//1333 1389//1334 1390//1335
f 1390//1335 1389//1334 1391//1336
f 1390//1335 1391//1336 1392//1337
f 1392//1337 1391//1336 1393//1338
f 1392//1337 1393//1338 1394//1339
f 1395//1340 1083//1006 1396//1341
f 1396//1341 1083//1006 1082//1005
f 1396//1341 1082//1005 1397//1342
f 1398//1343 1386//1331 1399//1344
f 1399//1344 1386//1331 1388//1333
f 1399//1344 1388//1333 1400//1345
f 1400//1345 1388//1333 1390//1335
f 1400//1345 1390//1335 1401//1346
f 1401//1346 1390//1335 1392//1337
f 1401//1346 1392//1337 1402//1347
f 1402//1347 1392//1337 1394//1339
f 1402//1347 1394//1339 1403//1348
f 1403//1348 1404//1349 1402//1347
f 1402//1347 1404//1349 1405//1350
f 1402//1347 1405//1350 1401//1346
f 1401//1346 1405//1350 1406//1351
f 1401//1346 1406//1351 1400//1345
f 1400//1345 1406//1351 1407//1352
f 1400//1345 1407//1352 1399//1344
f 1399//1344 1407//1352 1408//1353
f 1399//1344 1408//1353 1398//1343
f 1398//1343 1408//1353 1409//1354
f 1410//1355 1395//1340 1411//1356
f 1411//1356 1395//1340 1396//1341
f 1411//1356 1396//1341 1412//1357
f 1412//1357 1396//1341 1397//1342
f 1412//1357 1397//1342 1413//1358
f 1397//1342 1414//1359 1413//1358
f 1413//1358 1414//1359 1415//1360
f 1413//1358 1415//1360 1412//1357
f 1412//1357 1415//1360 1416//1361
f 1412//1357 1416//1361 1411//1356
f 1416//1361 1417//1362 1411//1356
f 1411//1356 1417//1362 1418//1363
f 1411//1356 1418//1363 1410//1355
f 1410//1355 1418//1363 1419//1364
f 1410//1355 1419//1364 1420//1365
f 1420//1365 1419//1364 1421//1366
f 1420//1365 1421//1366 1422//1367
f 1422//1367 1421//1366 1423//1368
f 1422//1367 1423//1368 1424//1369
f 1424//1369 1423//1368 1425//1370
f 1424//1369 1425//1370 1426//1371
f 1426//1371 1425//1370 1427//1372
f 1426//1371 1427//1372 1428//1373
f 1428//1373 1427//1372 1429//1374
f 1428//1373 1429//1374 1430//1375
f 1430//1375 1429//1374 1196//1139
f 1430//1375 1196//1139 1195//1136
f 1195//1136 1196//1139 444//643
f 1195//1136 444//643 654//27
f 1393//1338 1081//1004 1394//1339
f 1394//1339 1081//1004 1083//1006
f 1394//1339 1083//1006 1403//1348
f 1403//1348 1083//1006 1395//1340
f 1403//1348 1395//1340 1431//1376
f 1431//1376 1395//1340 1410//1355
f 1431//1376 1410//1355 1432//1377
f 1432//1377 1410//1355 1420//1365
f 1432//1377 1420//1365 1433//1378
f 1433//1378 1420//1365 1422//1367
f 1433//1378 1422//1367 1434//1379
f 1434//1379 1422//1367 1424//1369
f 1434//1379 1424//1369 1435//1380
f 1435//1380 1424//1369 1426//1371
f 1435//1380 1426//1371 1436//1381
f 1436//1381 1426//1371 1428//1373
f 1436//1381 1428//1373 1437//1382
f 1437//1382 1428//1373 1430//1375
f 1437//1382 1430//1375 1194//1134
f 1194//1134 1430//1375 1195//1136
f 1194//1134 1195//1136 270//214
f 270//214 1195//1136 271//215
f 1324//1269 1409//1354 1325//1270
f 1325//1270 1409//1354 1408//1353
f 1325//1270 1408//1353 1327//1272
f 1327//1272 1408//1353 1407//1352
f 1327//1272 1407//1352 1329//1274
f 1329//1274 1407//1352 1406//1351
f 1329//1274 1406//1351 1331//1276
f 1331//1276 1406//1351 1405//1350
f 1331//1276 1405//1350 1333//1278
f 1333//1278 1405//1350 1404//1349
f 1333//1278 1404//1349 1335//1280
f 1335//1280 1404//1349 1403//1348
f 1335//1280 1403//1348 1337//1282
f 1337//1282 1403//1348 1431//1376
f 1337//1282 1431//1376 1314//1259
f 1314//1259 1431//1376 1432//1377
f 1314//1259 1432//1377 1315//1260
f 1315//1260 1432//1377 1433//1378
f 1315//1260 1433//1378 1317//1262
f 1317//1262 1433//1378 1434//1379
f 1317//1262 1434//1379 1319//1264
f 1319//1264 1434//1379 1435//1380
f 1319//1264 1435//1380 1321//1266
f 1321//1266 1435//1380 1436//1381
f 1321//1266 1436//1381 1323//1268
f 1323//1268 1436//1381 1437//1382
f 1323//1268 1437//1382 1193//1133
f 1193//1133 1437//1382 1194//1134
f 1193//1133 1194//1134 277//223
f 277//223 1194//1134 278//224
f 1438//1383 1439//1384 1440//1385
f 1440//1385 1439//1384 1441//1386
f 1440//1385 1441//1386 1442//1387
f 1443//1388 1444//1389 1078//1001
f 1079//1002 1445//1390 1446//1391
s 0
f 1444//1392 1447//1392 1078//1392
s 1
f 1078//1001 1447//1393 1448//1394
f 1078//1001 1448//1394 1079//1002
f 1079//1002 1448//1394 1449//1395
f 1079//1002 1449//1395 1445//1390
f 1450//1396 1451//1397 1452//1398
f 1452//1398 1453//1399 1450//1396
f 1450//1396 1453//1399 1454//1400
f 1450//1396 1454//1400 1136//1061
f 1455//1401 1456//1402 1457//1403
f 1457//1403 1456//1402 1458//1404
f 1459//1405 1080//1003 1460//1406
f 1460//1406 1080//1003 1079//1002
f 1460//1406 1079//1002 1457//1403
f 1457//1403 1079//1002 1446//1391
f 1457//1403 1446//1391 1455//1401
f 1364//1309 1359//1304 1365//1310
f 1365//1310 1359//1304 1361//1306
f 1365//1310 1361//1306 1461//1407
f 1461//1407 1361//1306 1462//1408
f 1461//1407 1462//1408 1463//1409
f 1463//1409 1462//1408 1464//1410
f 1463//1409 1464//1410 1465//1411
f 1465//1411 1464//1410 1466//1412
f 1465//1411 1466//1412 1467//1413
f 1467//1413 1466//1412 1468//1414
f 1467//1413 1468//1414 1469//1415
f 1469//1415 1468//1414 1470//1416
f 1469//1415 1470//1416 1471//1417
f 1471//1417 1470//1416 1472//1418
f 1471//1417 1472//1418 1473//1419
f 1473//1419 1472//1418 1474//1420
f 1473//1419 1474//1420 1475//1421
f 1475//1421 1474//1420 1476//1422
f 1475//1421 1476//1422 1477//1423
f 1477//1423 1476//1422 1478//1424
f 1477//1423 1478//1424 1479//1425
f 1479//1425 1478//1424 1198//1143
f 1479//1425 1198//1143 1197//1141
f 1197//1141 1198//1143 453//435
f 1197//1141 453//435 451//1142
f 1442//1387 1443//1388 1440//1385
f 1440//1385 1443//1388 1078//1001
f 1440//1385 1078//1001 1480//1426
f 1480//1426 1078//1001 1080//1003
f 1480//1426 1080//1003 1481//1427
f 1481//1427 1080//1003 1459//1405
f 1481//1427 1459//1405 1482//1428
f 1482//1428 1459//1405 1483//1429
f 1482//1428 1483//1429 1484//1430
f 1484//1430 1483//1429 1485//1431
f 1484//1430 1485//1431 1486//1432
f 1486//1432 1485//1431 1487//1433
f 1486//1432 1487//1433 1488//1434
f 1488//1434 1487//1433 1489//1435
f 1488//1434 1489//1435 1490//1436
f 1490//1436 1489//1435 1491//1437
f 1490//1436 1491//1437 1492//1438
f 1492//1438 1491//1437 1200//1145
f 1492//1438 1200//1145 1199//1144
f 1199//1144 1200//1145 462//444
f 1199//1144 462//444 458//440
f 1362//1307 1438//1383 1361//1306
f 1361//1306 1438//1383 1440//1385
f 1361//1306 1440//1385 1462//1408
f 1462//1408 1440//1385 1480//1426
f 1462//1408 1480//1426 1464//1410
f 1464//1410 1480//1426 1481//1427
f 1464//1410 1481//1427 1466//1412
f 1466//1412 1481//1427 1482//1428
f 1466//1412 1482//1428 1468//1414
f 1468//1414 1482//1428 1484//1430
f 1468//1414 1484//1430 1470//1416
f 1470//1416 1484//1430 1486//1432
f 1470//1416 1486//1432 1472//1418
f 1472//1418 1486//1432 1488//1434
f 1472//1418 1488//1434 1474//1420
f 1474//1420 1488//1434 1490//1436
f 1474//1420 1490//1436 1476//1422
f 1476//1422 1490//1436 1492//1438
f 1476//1422 1492//1438 1478//1424
f 1478//1424 1492//1438 1199//1144
f 1478//1424 1199//1144 1198//1143
f 1198//1143 1199//1144 456//438
f 1198//1143 456//438 455//436
f 1136//1061 1121//1044 1450//1396
f 1450//1396 1121//1044 1133//1058
f 1450//1396 1133//1058 1451//1397
f 439//421 1201//1146 1202//1147
f 1202//1147 1201//1146 1493//1439
f 1202//1147 1493//1439 1494//1440
f 1494//1440 1493//1439 1495//1441
f 1494//1440 1495//1441 1125//1050
f 1125//1050 1495//1441 1496//1442
f 1125//1050 1496//1442 1126//1051
f 1126//1051 1496//1442 1497//1443
f 1126//1051 1497//1443 1127//1052
f 1127//1052 1497//1443 1498//1444
f 1127//1052 1498//1444 1128//1053
f 1128//1053 1498//1444 1499//1445
f 1128//1053 1499//1445 1129//1054
f 1129//1054 1499//1445 1500//1446
f 1129//1054 1500//1446 1133//1058
f 1133//1058 1500//1446 1501//1447
f 1133//1058 1501//1447 1451//1397
f 424//405 422//403 1125//1050
f 1125//1050 422//403 1124//1448
f 1125//1050 1124//1448 1494//1440
f 1494//1440 1124//1448 1123//1046
f 1494//1440 1123//1046 1202//1147
f 1202//1147 1123//1046 433//415
f 1202//1147 433//415 435//417
s 0
f 438//1449 460//1449 1201//1449
s 1
f 1201//1146 460//442 1200//1145
f 1201//1146 1200//1145 1493//1439
f 1493//1439 1200//1145 1491//1437
f 1493//1439 1491//1437 1495//1441
f 1495//1441 1491//1437 1489//1435
f 1495//1441 1489//1435 1496//1442
f 1496//1442 1489//1435 1487//1433
f 1496//1442 1487//1433 1497//1443
f 1497//1443 1487//1433 1485//1431
f 1497//1443 1485//1431 1498//1444
f 1498//1444 1485//1431 1483//1429
f 1498//1444 1483//1429 1499//1445
f 1499//1445 1483//1429 1459//1405
f 1499//1445 1459//1405 1500//1446
f 1500//1446 1459//1405 1460//1406
f 1500//1446 1460//1406 1501//1447
f 1501//1447 1460//1406 1457//1403
f 1501//1447 1457//1403 1451//1397
f 1451//1397 1457//1403 1458//1404
f 1451//1397 1458//1404 1452//1398
f 1502//1450 1503//1451 1504//1452
f 1504//1452 1503//1451 1505//1453
f 1506//1454 1507//1455 1508//1456
f 1508//1456 1507//1455 1509//1457
f 1508//1456 1509//1457 1510//1458
f 1502//1450 1511//1450 1503//1451
f 1503//1451 1511//1450 1512//1459
f 1503//1451 1512//1459 1509//1457
f 1509//1457 1512//1459 1513//1460
f 1509//1457 1513//1460 1510//1458
f 1157//1084 1514//1461 1158//1085
f 1158//1085 1514//1461 1515//1462
f 1158//1085 1515//1462 1505//1453
f 1505//1453 1515//1462 1516//1463
f 1505//1453 1516//1463 1504//1452
f 1517//1464 1518//1465 1519//1466
f 1519//1466 1518//1465 1520//1467
f 1519//1466 1520//1467 1521//1468
f 1522//1469 1523//1470 1524//1471
f 1517//1464 1525//1472 1518//1465
f 1518//1465 1525//1472 1526//1473
f 1518//1465 1526//1473 1523//1470
f 1523//1470 1526//1473 1527//1474
f 1523//1470 1527//1474 1524//1471
f 1077//1000 1076//999 1528//1475
f 1528//1475 1076//999 1529//1476
f 1528//1475 1529//1476 1530//1477
f 1531//1478 1532//1479 1533//1480
f 1533//1480 1532//1479 1534//1481
f 1533//1480 1534//1481 1535//1482
f 1531//1478 1533//1480 1536//1483
f 1536//1483 1533//1480 1537//1484
f 1536//1483 1537//1484 1538//1485
f 1538//1485 1537//1484 1539//1486
f 1538//1485 1539//1486 1540//1487
f 1529//1476 1541//1488 1530//1477
f 1530//1477 1541//1488 1542//1489
f 1530//1477 1542//1489 1543//1490
f 1543//1490 1542//1489 1544//1491
f 1543//1490 1544//1491 1539//1486
f 1539//1486 1544//1491 1545//1492
f 1539//1486 1545//1492 1540//1487
f 1524//1471 1546//1493 1522//1469
f 1522//1469 1546//1493 1547//1493
f 1522//1469 1547//1493 1548//1494
f 1506//1454 1549//1495 1507//1455
f 1507//1455 1549//1495 1550//1496
f 1507//1455 1550//1496 1520//1467
f 1520//1467 1550//1496 1551//1497
f 1520//1467 1551//1497 1521//1468
f 1118//1041 1552//1498 1119//1042
f 1119//1042 1552//1498 1553//1499
f 1119//1042 1553//1499 1554//1500
f 1554//1500 1553//1499 1555//1501
f 1554//1500 1555//1501 1556//1502
f 1552//1498 1159//1086 1553//1499
f 1553//1499 1159//1086 1158//1085
f 1553//1499 1158//1085 1555//1501
f 1555//1501 1158//1085 1505//1453
f 1555//1501 1505//1453 1556//1502
f 1556//1502 1505//1453 1503//1451
f 1556//1502 1503//1451 1557//1503
f 1557//1503 1503//1451 1509//1457
f 1557//1503 1509//1457 1558//1504
f 1558//1504 1509//1457 1507//1455
f 1558//1504 1507//1455 1559//1505
f 1559//1505 1507//1455 1520//1467
f 1559//1505 1520//1467 1560//1506
f 1560//1506 1520//1467 1518//1465
f 1560//1506 1518//1465 1561//1507
f 1561//1507 1518//1465 1523//1470
f 1561//1507 1523//1470 1562//1508
f 1562//1508 1523//1470 1522//1469
f 1562//1508 1522//1469 1563//1509
f 1561//1507 1564//1510 1560//1506
f 1560//1506 1564//1510 1565//1511
f 1560//1506 1565//1511 1559//1505
f 1559//1505 1565//1511 1566//1512
f 1559//1505 1566//1512 1558//1504
f 1558//1504 1566//1512 1567//1513
f 1558//1504 1567//1513 1557//1503
f 1557//1503 1567//1513 1568//1514
f 1557//1503 1568//1514 1556//1502
f 1556//1502 1568//1514 1569//1515
f 1556//1502 1569//1515 1554//1500
f 1554//1500 1569//1515 1570//1516
f 1554//1500 1570//1516 1119//1042
f 1119//1042 1570//1516 1160//1087
f 1119//1042 1160//1087 1117//1040
f 1117//1040 1160//1087 1161//1089
f 1571//1517 1077//1000 1572//1518
f 1572//1518 1077//1000 1528//1475
f 1572//1518 1528//1475 1573//1519
f 1573//1519 1528//1475 1530//1477
f 1573//1519 1530//1477 1574//1520
f 1574//1520 1530//1477 1543//1490
f 1574//1520 1543//1490 1575//1521
f 1575//1521 1543//1490 1539//1486
f 1575//1521 1539//1486 1576//1522
f 1576//1522 1539//1486 1537//1484
f 1576//1522 1537//1484 1577//1523
f 1577//1523 1537//1484 1533//1480
f 1577//1523 1533//1480 1578//1524
f 1578//1524 1533//1480 1535//1482
f 1578//1524 1535//1482 1579//1525
f 1564//1510 1580//1526 1565//1511
f 1565//1511 1580//1526 1581//1527
f 1565//1511 1581//1527 1566//1512
f 1566//1512 1581//1527 1582//1528
f 1566//1512 1582//1528 1567//1513
f 1567//1513 1582//1528 1583//1529
f 1567//1513 1583//1529 1568//1514
f 1568//1514 1583//1529 1584//1530
f 1568//1514 1584//1530 1569//1515
f 1569//1515 1584//1530 1585//1531
f 1569//1515 1585//1531 1570//1516
f 1570//1516 1585//1531 1586//1532
f 1570//1516 1586//1532 1160//1087
f 1160//1087 1586//1532 1162//1091
f 1160//1087 1162//1091 209//150
f 209//150 1162//1091 1818//397
f 1587//1533 1588//1534 1589//1535
f 1589//1535 1588//1534 1590//1536
f 1589//1535 1590//1536 1591//1537
f 1591//1537 1590//1536 1592//1538
f 1588//1534 1593//1539 1590//1536
f 1590//1536 1593//1539 1594//1540
f 1590//1536 1594//1540 1592//1538
f 1592//1538 1594//1540 1595//1541
f 1580//1526 1596//1542 1581//1527
f 1581//1527 1596//1542 1597//1543
f 1581//1527 1597//1543 1582//1528
f 1582//1528 1597//1543 1598//1544
f 1582//1528 1598//1544 1583//1529
f 1583//1529 1598//1544 1599//1545
f 1583//1529 1599//1545 1584//1530
f 1584//1530 1599//1545 1600//1546
f 1584//1530 1600//1546 1585//1531
f 1585//1531 1600//1546 1601//1547
f 1585//1531 1601//1547 1586//1532
f 1586//1532 1601//1547 1602//1548
f 1586//1532 1602//1548 1162//1091
f 1162//1091 1602//1548 1163//1092
f 1162//1091 1163//1092 1858//393
f 1858//393 1163//1092 414//391
f 1563//1509 1587//1533 1562//1508
f 1562//1508 1587//1533 1589//1535
f 1562//1508 1589//1535 1561//1507
f 1561//1507 1589//1535 1591//1537
f 1561//1507 1591//1537 1564//1510
f 1564//1510 1591//1537 1592//1538
f 1564//1510 1592//1538 1580//1526
f 1580//1526 1592//1538 1595//1541
f 1580//1526 1595//1541 1596//1542
f 1596//1542 1595//1541 1603//1549
f 1596//1542 1603//1549 1597//1543
f 1597//1543 1603//1549 1604//1550
f 1597//1543 1604//1550 1598//1544
f 1598//1544 1604//1550 1605//1551
f 1598//1544 1605//1551 1599//1545
f 1599//1545 1605//1551 1606//1552
f 1599//1545 1606//1552 1600//1546
f 1600//1546 1606//1552 1607//1553
f 1600//1546 1607//1553 1601//1547
f 1601//1547 1607//1553 1608//1554
f 1601//1547 1608//1554 1602//1548
f 1602//1548 1608//1554 1609//1555
f 1602//1548 1609//1555 1163//1092
f 1163//1092 1609//1555 1610//1556
f 1163//1092 1610//1556 404//383
f 404//383 1610//1556 1164//1093
s 0
f 404//1557 1164//1557 405//1557
f 405//1558 1164//1558 407//1558
s 1
f 1611//1559 1072//995 1612//1560
f 1073//996 1069//992 1613//1561
f 1070//993 1067//990 1071//994
f 1071//994 1067//990 1066//989
f 1071//994 1066//989 1614//1562
f 1072//995 1074//997 1612//1560
f 1612//1560 1074//997 1615//1563
f 1612//1560 1615//1563 1616//1564
f 1616//1564 1615//1563 1617//1565
f 1616//1564 1617//1565 1618//1566
f 1618//1566 1617//1565 1619//1567
f 1618//1566 1619//1567 1620//1568
f 1620//1568 1619//1567 1621//1569
f 1620//1568 1621//1569 1234//1179
f 1069//992 1071//994 1613//1561
f 1613//1561 1071//994 1614//1562
f 1613//1561 1614//1562 1622//1570
f 1622//1570 1614//1562 1623//1571
f 1622//1570 1623//1571 1624//1572
f 1624//1572 1623//1571 1625//1573
f 1624//1572 1625//1573 1626//1574
f 1626//1574 1625//1573 1627//1575
f 1626//1574 1627//1575 1628//1576
f 1628//1576 1627//1575 1629//1577
f 1628//1576 1629//1577 1630//1578
f 1630//1578 1629//1577 1631//1579
f 1630//1578 1631//1579 1632//1580
f 1632//1580 1631//1579 1633//1581
f 1632//1580 1633//1581 1634//1582
f 1073//996 1613//1561 1074//997
f 1074//997 1613//1561 1622//1570
f 1074//997 1622//1570 1615//1563
f 1615//1563 1622//1570 1624//1572
f 1615//1563 1624//1572 1617//1565
f 1617//1565 1624//1572 1626//1574
f 1617//1565 1626//1574 1619//1567
f 1619//1567 1626//1574 1628//1576
f 1619//1567 1628//1576 1621//1569
f 1621//1569 1628//1576 1630//1578
f 1621//1569 1630//1578 1234//1179
f 1234//1179 1630//1578 1632//1580
f 1234//1179 1632//1580 1235//1180
f 1235//1180 1632//1580 1634//1582
f 1235//1180 1634//1582 1240//1185
f 1229//1174 1238//1183 1103//1026
f 1103//1026 1238//1183 1239//1184
f 1103//1026 1239//1184 1104//1027
f 1104//1027 1239//1184 1242//1187
f 1104//1027 1242//1187 1245//1190
f 1245//1190 1242//1187 1241//1186
f 1245//1190 1241//1186 1262//1207
f 1262//1207 1241//1186 1240//1185
f 1262//1207 1240//1185 1261//1206
f 1261//1206 1240//1185 1634//1582
f 1261//1206 1634//1582 1260//1205
f 1260//1205 1634//1582 1633//1581
f 1260//1205 1633//1581 1259//1204
f 1259//1204 1633//1581 1631//1579
f 1259//1204 1631//1579 1635//1583
f 1635//1583 1631//1579 1629//1577
f 1635//1583 1629//1577 1636//1584
f 1636//1584 1629//1577 1627//1575
f 1636//1584 1627//1575 1637//1585
f 1637//1585 1627//1575 1625//1573
f 1637//1585 1625//1573 1638//1586
f 1638//1586 1625//1573 1623//1571
f 1638//1586 1623//1571 1639//1587
f 1639//1587 1623//1571 1614//1562
f 1639//1587 1614//1562 1640//1588
f 1640//1588 1614//1562 1066//989
f 1640//1588 1066//989 1641//1589
f 1641//1589 1066//989 1068//991
f 1641//1589 1068//991 1642//1590
f 1380//1325 1379//1324 1643//1591
f 1643//1591 1379//1324 1644//1592
f 1643//1591 1644//1592 1642//1590
f 1642//1590 1644//1592 1645//1593
f 1642//1590 1645//1593 1641//1589
f 1641//1589 1645//1593 1646//1594
f 1641//1589 1646//1594 1640//1588
f 1611//1559 1612//1560 1647//1595
f 1647//1595 1612//1560 1616//1564
f 1647//1595 1616//1564 1648//1596
f 1648//1596 1616//1564 1618//1566
f 1648//1596 1618//1566 1649//1597
f 1649//1597 1618//1566 1620//1568
f 1649//1597 1620//1568 1650//1598
f 1650//1598 1620//1568 1234//1179
f 1650//1598 1234//1179 1651//1599
f 1651//1599 1234//1179 1236//1181
f 1651//1599 1236//1181 1102//1025
f 1102//1025 1236//1181 1238//1183
f 1102//1025 1238//1183 1100//1023
f 1100//1023 1238//1183 1229//1174
f 1100//1023 1229//1174 1224//1169
f 1224//1169 1229//1174 1230//1175
f 1224//1169 1230//1175 1225//1170
f 1225//1170 1230//1175 1231//1176
f 1225//1170 1231//1176 1226//1171
f 1226//1171 1231//1176 1232//1177
f 1226//1171 1232//1177 1227//1172
f 1227//1172 1232//1177 1233//1178
f 1227//1172 1233//1178 1228//1173
f 1228//1173 1233//1178 1171//1108
f 1228//1173 1171//1108 1170//1106
f 1170//1106 1171//1108 359//335
f 1170//1106 359//335 362//338
f 1611//1559 1571//1517 1072//995
f 1072//995 1571//1517 1572//1518
f 1072//995 1572//1518 1073//996
f 1073//996 1572//1518 1573//1519
f 1073//996 1573//1519 1069//992
f 1069//992 1573//1519 1574//1520
f 1069//992 1574//1520 1070//993
f 1070//993 1574//1520 1575//1521
f 1070//993 1575//1521 1067//990
f 1067//990 1575//1521 1576//1522
f 1067//990 1576//1522 1068//991
f 1068//991 1576//1522 1577//1523
f 1068//991 1577//1523 1642//1590
f 1642//1590 1577//1523 1578//1524
f 1642//1590 1578//1524 1643//1591
f 1643//1591 1578//1524 1579//1525
f 1643//1591 1579//1525 1380//1325
f 403//382 402//381 1165//1095
f 1165//1095 402//381 1164//1093
f 1165//1095 1164//1093 1218//1163
f 1218//1163 1164//1093 1610//1556
f 1218//1163 1610//1556 1216//1161
f 1216//1161 1610//1556 1609//1555
f 1216//1161 1609//1555 1214//1159
f 1214//1159 1609//1555 1608//1554
f 1214//1159 1608//1554 1212//1157
f 1212//1157 1608//1554 1607//1553
f 1212//1157 1607//1553 1210//1155
f 1210//1155 1607//1553 1606//1552
f 1210//1155 1606//1552 1208//1153
f 1208//1153 1606//1552 1605//1551
f 1208//1153 1605//1551 1101//1024
f 1101//1024 1605//1551 1604//1550
f 1101//1024 1604//1550 1102//1025
f 1102//1025 1604//1550 1603//1549
f 1102//1025 1603//1549 1651//1599
f 1651//1599 1603//1549 1595//1541
f 1651//1599 1595//1541 1650//1598
f 1650//1598 1595//1541 1594//1540
f 1650//1598 1594//1540 1649//1597
f 1649//1597 1594//1540 1593//1539
f 1649//1597 1593//1539 1648//1596
f 1648//1596 1593//1539 1588//1534
f 1648//1596 1588//1534 1647//1595
f 1647//1595 1588//1534 1587//1533
f 1647//1595 1587//1533 1611//1559
f 1611//1559 1587//1533 1563//1509
f 1611//1559 1563//1509 1571//1517
f 1571//1517 1563//1509 1522//1469
f 1571//1517 1522//1469 1077//1000
f 1077//1000 1522//1469 1548//1494
f 1077//1000 1548//1494 1075//998
f 1534//1481 1063//986 1535//1482
f 1535//1482 1063//986 1065//988
f 1535//1482 1065//988 1579//1525
f 1579//1525 1065//988 1374//1319
f 1579//1525 1374//1319 1380//1325
f 1380//1325 1374//1319 1377//1322
f 1380//1325 1377//1322 1378//1323
f 1378//1323 1377//1322 1376//1321
f 1378//1323 1376//1321 1382//1327
f 1382//1327 1376//1321 1375//1320
f 1382//1327 1375//1320 1384//1329
f 449//1137 1196//1139 1197//1141
f 1197//1141 1196//1139 1429//1374
f 1197//1141 1429//1374 1479//1425
f 1479//1425 1429//1374 1427//1372
f 1479//1425 1427//1372 1477//1423
f 1477//1423 1427//1372 1425//1370
f 1477//1423 1425//1370 1475//1421
f 1475//1421 1425//1370 1423//1368
f 1475//1421 1423//1368 1473//1419
f 1473//1419 1423//1368 1421//1366
f 1473//1419 1421//1366 1471//1417
f 1471//1417 1421//1366 1419//1364
f 1471//1417 1419//1364 1469//1415
f 1469//1415 1419//1364 1418//1363
f 1469//1415 1418//1363 1467//1413
f 1467//1413 1418//1363 1417//1362
f 1467//1413 1417//1362 1465//1411
f 1465//1411 1417//1362 1416//1361
f 1465//1411 1416//1361 1463//1409
f 1463//1409 1416//1361 1415//1360
f 1463//1409 1415//1360 1461//1407
f 1461//1407 1415//1360 1414//1359
f 1461//1407 1414//1359 1365//1310
f 1365//1310 1414//1359 1397//1342
f 1365//1310 1397//1342 1358//1303
f 1358//1303 1397//1342 1082//1005
f 1358//1303 1082//1005 1356//1301
f 1356//1301 1082//1005 1081//1004
f 1356//1301 1081//1004 1354//1299
f 1354//1299 1081//1004 1393//1338
f 1354//1299 1393//1338 1368//1313
f 1368//1313 1393//1338 1391//1336
f 1368//1313 1391//1336 1341//1286
f 1341//1286 1391//1336 1389//1334
f 1341//1286 1389//1334 1342//1287
f 1342//1287 1389//1334 1387//1332
f 1342//1287 1387//1332 1375//1320
f 1375//1320 1387//1332 1386//1331
f 1375//1320 1386//1331 1384//1329
f 1384//1329 1386//1331 1398//1343
f 1384//1329 1398//1343 1385//1330
f 1385//1330 1398//1343 1409//1354
f 1385//1330 1409//1354 1383//1328
f 1383//1328 1409//1354 1324//1269
f 1383//1328 1324//1269 1381//1326
f 1381//1326 1324//1269 1096//1019
f 1381//1326 1096//1019 1379//1324
f 1379//1324 1096//1019 1263//1208
f 1379//1324 1263//1208 1644//1592
f 1644//1592 1263//1208 1265//1210
f 1644//1592 1265//1210 1645//1593
f 1645//1593 1265//1210 1267//1212
f 1645//1593 1267//1212 1646//1594
f 1646//1594 1267//1212 1269//1214
f 1646//1594 1269//1214 1640//1588
f 1640//1588 1269//1214 1258//1203
f 1640//1588 1258//1203 1639//1587
f 1639//1587 1258//1203 1257//1202
f 1639//1587 1257//1202 1638//1586
f 1638//1586 1257//1202 1255//1200
f 1638//1586 1255//1200 1637//1585
f 1637//1585 1255//1200 1253//1198
f 1637//1585 1253//1198 1636//1584
f 1636//1584 1253//1198 1251//1196
f 1636//1584 1251//1196 1635//1583
f 1635//1583 1251//1196 1249//1194
f 1635//1583 1249//1194 1259//1204
f 1259//1204 1249//1194 1180//1118
f 1259//1204 1180//1118 1179//1117
f 1179//1117 1180//1118 333//304
f 1179//1117 333//304 332//302
f 1652//1600 1653//1601 1654//1602
f 1654//1602 1653//1601 1655//1603
f 1654//1602 1655//1603 1656//1604
f 1657//1605 1658//1606 1659//1607
f 1659//1607 1658//1606 1660//1608
f 1659//1607 1660//1608 1661//1609
f 1662//1610 2014//1611 2019//1612
s 0
f 1664//1613 1663//1613 1665//1613
s 1
f 1666//1614 1667//1615 1668//1616
f 1668//1616 1669//1617 1666//1614
f 1666//1614 1669//1617 1670//1618
f 1666//1614 1670//1618 1671//1619
f 1672//1620 1673//1621 1674//1622
f 1674//1622 1675//1623 1672//1620
f 1672//1620 1675//1623 1676//1624
f 1672//1620 1676//1624 1677//1625
f 1678//1626 1679//1627 1680//1628
f 1680//1628 1679//1627 1681//1629
s 0
f 1735//1630 1723//1630 1726//1630
f 1725//1631 1724//1632 1727//1631
f 1725//1631 1727//1631 1887//1633
s 1
f 1687//1634 1688//1635 1689//1636
f 1689//1636 1688//1635 1690//1637
f 1689//1636 1690//1637 1691//1638
f 1516//1463 1515//1462 1786//1639
f 434//416 258//199 251//192
f 251//192 250//191 434//416
f 434//416 250//191 245//186
f 434//416 245//186 247//188
f 240//181 436//418 242//183
f 242//183 436//418 434//416
f 242//183 434//416 244//185
f 244//185 434//416 247//188
f 434//416 431//413 258//199
f 258//199 431//413 429//411
f 258//199 429//411 423//404
f 423//404 425//406 258//199
f 258//199 425//406 1922//408
f 258//199 1922//408 2001//399
f 2001//399 236//177 258//199
f 258//199 236//177 238//179
f 258//199 238//179 1131//1056
f 2026//1640 1852//1641 1712//974
f 1712//974 1852//1641 1853//1642
f 1712//974 1853//1642 2005//621
f 1131//1056 1130//1055 1852//1641
f 2026//1640 1062//1643 1852//1641
f 1852//1641 1062//1643 1060//975
f 1852//1641 1060//975 1131//1056
s 0
f 1131//1644 1060//1644 260//1644
s 1
f 1131//1056 260//201 258//199
f 1130//1055 1135//1060 1852//1641
f 1852//1641 1135//1060 1134//1059
f 1852//1641 1134//1059 1132//1057
f 1132//1057 1121//1044 1852//1641
f 1852//1641 1121//1044 1120//1043
f 1852//1641 1120//1043 1801//1645
f 1120//1043 1145//1071 1801//1645
f 1801//1645 1145//1071 1144//1070
f 1801//1645 1144//1070 1143//1646
f 1143//1646 1142//1067 1801//1645
f 1801//1645 1142//1067 1141//1066
f 1801//1645 1141//1066 1140//1065
f 1140//1065 1139//1064 1801//1645
f 1801//1645 1139//1064 1138//1063
f 1801//1645 1138//1063 995//1647
f 1801//1645 1797//1648 1652//1600
f 1652//1600 1797//1648 1876//1649
f 1652//1600 1876//1649 1653//1601
f 1653//1601 1876//1649 1655//1603
f 1652//1600 1654//1602 1801//1645
f 1801//1645 1654//1602 1656//1604
f 1801//1645 1656//1604 1852//1641
f 1852//1641 1656//1604 1655//1603
f 1852//1641 1655//1603 1892//1650
f 1892//1650 1655//1603 1876//1649
f 1813//1651 1812//1652 1661//1609
f 1658//1606 1657//1605 1802//1653
f 1661//1609 1660//1608 1813//1651
f 1813//1651 1660//1608 1658//1606
f 1813//1651 1658//1606 1807//1654
f 1807//1654 1658//1606 1802//1653
f 1812//1652 1876//1649 1661//1609
f 1661//1609 1876//1649 1797//1648
f 1661//1609 1797//1648 1659//1607
f 1659//1607 1797//1648 1785//1655
f 1659//1607 1785//1655 1657//1605
f 1657//1605 1785//1655 991//1656
f 1657//1605 991//1656 1802//1653
f 2027//1657 2029//1658 1937//1659
f 1937//1659 1918//1660 2027//1657
f 2027//1657 1918//1660 1796//1661
f 2027//1657 1796//1661 991//1656
f 991//1656 1796//1661 1795//1662
f 991//1656 1795//1662 1802//1653
f 2032//1663 2035//1664 1956//1665
f 1956//1665 1955//1666 2032//1663
f 2032//1663 1955//1666 1884//1667
f 2032//1663 1884//1667 2029//1658
f 2029//1658 1884//1667 1883//1668
f 2029//1658 1883//1668 1937//1659
f 1943//1669 1942//1670 2015//1671
f 1942//1670 1956//1665 2015//1671
f 2015//1671 1956//1665 2035//1664
f 2015//1671 2035//1664 2019//1612
f 2019//1612 2035//1664 2034//1672
f 2019//1612 2034//1672 1662//1610
f 1662//1610 2034//1672 1943//1669
f 1662//1610 1943//1669 2014//1611
f 2014//1611 1943//1669 2015//1671
f 1915//1673 1671//1619 1916//1674
f 1916//1674 1671//1619 1670//1618
f 1916//1674 1670//1618 1989//1675
f 1989//1675 1670//1618 1990//1676
f 1990//1676 1670//1618 1669//1617
f 1990//1676 1669//1617 1668//1616
f 1915//1673 1943//1669 1671//1619
f 1671//1619 1943//1669 2034//1672
f 1671//1619 2034//1672 1666//1614
f 1666//1614 2034//1672 2050//1677
f 1666//1614 2050//1677 1667//1615
f 1667//1615 2050//1677 2045//1678
f 2045//1678 2044//1679 1964//1680
f 1668//1616 1667//1615 1990//1676
f 1990//1676 1667//1615 2045//1678
f 1990//1676 2045//1678 1993//1681
f 1993//1681 2045//1678 1964//1680
f 1849//1682 1848//1683 1677//1625
f 1673//1621 1874//1684 1864//1685
f 1677//1625 1676//1624 1849//1682
f 1849//1682 1676//1624 1675//1623
f 1849//1682 1675//1623 1864//1685
f 1864//1685 1675//1623 1674//1622
f 1864//1685 1674//1622 1673//1621
f 2042//1686 1678//1626 2038//1687
f 2038//1687 1678//1626 1680//1628
f 2038//1687 1680//1628 1681//1629
f 1848//1683 1964//1680 1677//1625
f 1677//1625 1964//1680 2044//1679
f 1677//1625 2044//1679 1672//1620
f 1672//1620 2044//1679 2039//1688
f 1672//1620 2039//1688 1673//1621
f 1673//1621 2039//1688 2038//1687
f 1673//1621 2038//1687 1874//1684
f 1874//1684 2038//1687 1681//1629
f 1679//1627 1930//1689 1681//1629
f 1681//1629 1930//1689 1929//1690
f 1681//1629 1929//1690 1874//1684
f 1679//1627 1678//1626 1930//1689
f 1930//1689 1678//1626 2042//1686
f 1930//1689 2042//1686 1898//1691
f 1898//1691 2042//1686 2047//1692
f 978//1693 2002//1694 2047//1692
f 2047//1692 2002//1694 1899//1695
f 2047//1692 1899//1695 1898//1691
f 977//1696 1970//1697 978//1698
s 0
f 978//1699 1970//1699 1969//1699
s 1
f 978//1693 1969//1700 2002//1694
s 0
f 1014//1701 1941//1701 976//1701
s 1
f 976//1702 1941//1703 1940//1704
f 976//1702 1940//1704 977//1705
s 0
f 977//1706 1940//1706 1017//1706
s 1
f 977//1696 1017//1707 1970//1697
f 1028//1708 1027//1709 1686//1710
f 1686//1710 1685//1711 1028//1708
f 1028//1708 1685//1711 1683//1712
f 1028//1708 1683//1712 1036//1713
f 1036//1713 1683//1712 1682//1714
f 1036//1713 1682//1714 1037//1715
f 1027//1709 1014//1716 1686//1710
f 1686//1710 1014//1716 976//1702
f 1686//1710 976//1702 1684//1717
f 1684//1717 976//1702 975//1718
f 1684//1717 975//1718 1682//1714
f 1682//1714 975//1718 974//1719
f 1682//1714 974//1719 1037//1715
f 1833//1720 1688//1635 1834//1721
f 1834//1721 1688//1635 1687//1634
f 1834//1721 1687//1634 973//1722
f 973//1722 1687//1634 1689//1636
f 973//1722 1689//1636 974//1719
f 974//1719 1689//1636 1691//1638
f 974//1719 1691//1638 1037//1715
f 1037//1715 1691//1638 1690//1637
f 1037//1715 1690//1637 1833//1720
f 1833//1720 1690//1637 1688//1635
f 1150//1076 973//1722 1148//1073
f 1148//1073 973//1722 972//1723
f 1146//1724 1156//1725 973//1722
f 973//1722 1156//1725 1155//1081
f 973//1722 1155//1081 1154//1080
f 1150//1076 1149//1075 973//1722
f 973//1722 1149//1075 1147//1074
f 973//1722 1147//1074 1146//1724
f 1834//1721 1692//1726 1118//1041
f 1154//1080 1153//1079 973//1722
f 973//1722 1153//1079 1152//1078
f 973//1722 1152//1078 1834//1721
f 1834//1721 1152//1078 1159//1086
f 1834//1721 1159//1086 1692//1726
f 1692//1726 1159//1086 1552//1498
f 1692//1726 1552//1498 1118//1041
f 1009//963 1010//1727 1834//1721
f 1834//1721 1010//1727 1011//1728
f 1011//1728 1905//972 1834//1721
f 1834//1721 1905//972 1013//1729
s 0
f 1834//1730 1013//1731 1904//1731
s 1
f 1118//1041 1117//1040 1834//1721
f 1834//1721 1117//1040 1161//1089
f 1834//1721 1161//1089 1009//963
s 0
f 1009//3 1161//3 212//3
s 1
f 233//174 1847//394 415//392
f 415//392 413//390 233//174
f 233//174 413//390 406//385
f 233//174 406//385 401//380
f 373//352 231//172 400//379
f 400//379 231//172 233//174
f 400//379 233//174 398//377
f 398//377 233//174 401//380
f 233//174 229//170 1847//394
f 1847//394 229//170 227//168
f 1847//394 227//168 221//162
f 221//162 223//164 1847//394
f 1847//394 223//164 218//159
f 1847//394 218//159 216//157
s 0
f 212//1732 210//1732 1009//1732
s 1
f 1009//963 210//1733 1847//394
f 1009//963 1847//394 214//155
f 214//155 1847//394 216//157
f 1515//1462 1514//1461 1786//1639
f 1786//1639 1514//1461 1157//1084
f 1786//1639 1157//1084 972//1723
f 972//1723 1157//1084 1151//1077
f 972//1723 1151//1077 1148//1073
f 1516//1463 1786//1639 1504//1452
f 1504//1452 1786//1639 970//1734
f 1504//1452 970//1734 1502//1450
f 1510//1458 1513//1460 969//1735
f 969//1735 1513//1460 1512//1459
f 969//1735 1512//1459 970//1734
f 970//1734 1512//1459 1511//1450
f 970//1734 1511//1450 1502//1450
f 1550//1496 1549//1495 968//1736
s 0
f 968//1737 1549//1737 1506//1737
s 1
f 968//1738 1506//1454 969//1735
f 969//1735 1506//1454 1508//1456
f 969//1735 1508//1456 1510//1458
f 1550//1496 968//1736 1551//1497
f 1551//1497 968//1736 967//1739
f 1551//1497 967//1739 1521//1468
f 1526//1473 1525//1472 966//1740
f 966//1740 1525//1472 1517//1464
f 966//1740 1517//1464 967//1739
f 967//1739 1517//1464 1519//1466
s 0
f 967//1741 1519//1741 1521//1741
s 1
f 1547//1493 1546//1493 965//1742
f 965//1742 1546//1493 1524//1471
f 965//1742 1524//1471 966//1740
f 966//1740 1524//1471 1527//1474
f 966//1740 1527//1474 1526//1473
f 1529//1476 964//1743 1541//1488
f 1541//1488 964//1743 963//1744
f 1529//1476 1076//999 964//1743
f 964//1743 1076//999 1075//998
f 964//1743 1075//998 965//1742
f 965//1742 1075//998 1548//1494
f 965//1742 1548//1494 1547//1493
f 1873//1745 1538//1485 1540//1487
f 1540//1487 1545//1492 1873//1745
f 1873//1745 1545//1492 1544//1491
f 1873//1745 1544//1491 963//1746
f 963//1746 1544//1491 1542//1489
s 0
f 963//1747 1542//1747 1541//1747
s 1
f 1534//1481 1532//1479 1872//1748
f 1872//1748 1532//1479 1531//1478
f 1872//1748 1531//1478 1873//1745
f 1873//1745 1531//1478 1536//1483
f 1873//1745 1536//1483 1538//1485
f 1346//1291 1345//1290 1006//1749
f 1006//1749 1345//1290 1064//987
f 1006//1749 1064//987 1872//1748
f 1872//1748 1064//987 1063//986
f 1872//1748 1063//986 1534//1481
f 1353//1298 1352//1297 1005//1750
f 1005//1750 1352//1297 1350//1295
f 1005//1750 1350//1295 1006//1749
f 1006//1749 1350//1295 1348//1293
f 1006//1749 1348//1293 1346//1291
f 1353//1298 1005//1750 1344//1289
f 1344//1289 1005//1750 1004//1751
f 1344//1289 1004//1751 1343//1288
f 1003//1752 1355//1300 1370//1315
f 1370//1315 1369//1314 1003//1752
f 1003//1752 1369//1314 1367//1312
f 1003//1752 1367//1312 1004//1753
s 0
f 1004//1754 1367//1754 1366//1754
f 1004//1755 1366//1755 1343//1755
s 1
f 1002//1756 1363//1308 1003//1752
f 1003//1752 1363//1308 1357//1302
f 1003//1752 1357//1302 1355//1300
f 1362//1307 1360//1305 1821//1757
f 1821//1757 1360//1305 1359//1304
f 1821//1757 1359//1304 1002//1756
f 1002//1756 1359//1304 1364//1309
f 1002//1756 1364//1309 1363//1308
s 0
f 1447//1758 1444//1758 1841//1758
s 1
f 1841//1759 1444//1389 1443//1388
f 1841//1759 1443//1388 1820//1760
f 1820//1760 1443//1388 1442//1387
f 1442//1387 1441//1386 1820//1760
f 1820//1760 1441//1386 1439//1384
f 1820//1760 1439//1384 1821//1757
f 1821//1757 1439//1384 1438//1383
f 1821//1757 1438//1383 1362//1307
f 1447//1393 1841//1761 1448//1394
f 1448//1394 1841//1761 1811//1762
f 1448//1394 1811//1762 1449//1395
f 1456//1402 1455//1401 1808//1763
f 1808//1763 1455//1401 1446//1391
f 1808//1763 1446//1391 1811//1762
f 1811//1762 1446//1391 1445//1390
f 1811//1762 1445//1390 1449//1395
f 1454//1400 1453//1399 1804//1764
f 1804//1764 1453//1399 1452//1398
f 1804//1764 1452//1398 1808//1763
f 1808//1763 1452//1398 1458//1404
f 1808//1763 1458//1404 1456//1402
f 1138//1063 1137//1062 995//1647
f 995//1647 1137//1062 1122//1045
f 995//1647 1122//1045 1804//1764
f 1804//1764 1122//1045 1136//1061
f 1804//1764 1136//1061 1454//1400
s 0
f 593//1765 595//1765 1971//1765
f 1015//1766 1016//1766 2009//1766
f 572//1767 571//1767 1971//1767
f 621//1768 619//1768 1968//1768
f 1016//1769 1018//1769 2009//1769
f 2009//1766 1018//1766 1968//1766
f 2009//1766 1968//1766 767//1766
f 767//1770 1968//1770 627//1770
f 1019//1766 1020//1766 2009//1766
f 1968//1771 1021//1771 595//1771
f 595//1766 1021//1766 1022//1766
f 595//1772 1022//1772 1971//1772
f 621//1766 1968//1766 1729//1766
f 619//1765 618//1765 1968//1765
f 1968//1773 618//1773 626//1773
f 1968//1774 626//1774 1844//1774
f 1844//1765 623//1765 1968//1765
f 1968//1775 623//1775 622//1775
f 1968//1766 622//1766 631//1766
f 631//1765 630//1765 1968//1765
f 1968//1765 630//1765 628//1765
f 1968//1776 628//1776 627//1776
f 1023//1777 1024//1777 2009//1777
f 1020//1765 1025//1765 2009//1765
f 2009//1766 1025//1766 1026//1766
f 2009//1766 1026//1766 1015//1766
f 595//1778 2054//1778 1968//1778
f 1968//1777 2054//1777 2058//1777
f 1968//1773 2058//1773 2060//1773
f 2060//1777 601//1777 1968//1777
f 1968//1779 601//1779 602//1779
f 1968//1765 602//1765 604//1765
f 604//1780 607//1780 1968//1780
f 1968//1777 607//1777 606//1777
f 1968//1780 606//1780 610//1780
f 1968//1766 1737//1766 1736//1766
f 1925//1781 1926//1781 1875//1781
f 610//1765 609//1765 1968//1765
f 1968//1766 609//1766 608//1766
f 1968//1766 608//1766 1737//1766
f 1736//1766 611//1766 1968//1766
f 1968//1766 611//1766 616//1766
f 1968//1765 616//1765 1729//1765
f 1029//1766 1030//1766 2009//1766
f 578//1782 580//1782 1971//1782
f 587//1779 586//1779 1971//1779
f 1971//1779 586//1779 585//1779
f 1030//1779 1031//1779 2009//1779
f 2009//1766 1031//1766 1032//1766
f 2009//1766 1032//1766 1023//1766
f 1925//1766 1875//1766 1971//1766
f 1971//1783 1875//1783 1933//1783
f 1971//1766 1933//1766 1932//1766
f 580//1765 581//1765 1971//1765
f 1971//1784 581//1784 583//1784
f 1971//1785 583//1785 587//1785
f 585//1766 490//1766 1971//1766
f 1971//1786 490//1786 489//1786
f 1971//1780 489//1780 588//1780
f 588//1787 590//1787 1971//1787
f 1971//1766 590//1766 592//1766
f 1971//1788 592//1788 593//1788
f 1024//1779 1033//1779 2009//1779
f 2009//1766 1033//1766 1034//1766
f 2009//1766 1034//1766 1035//1766
f 1926//1766 1953//1766 1875//1766
f 1875//1781 1953//1781 1897//1781
f 1875//1767 1897//1767 536//1767
f 536//1766 1897//1766 531//1766
f 2041//1766 1951//1766 1971//1766
f 1971//1789 1951//1789 1952//1789
f 1971//1779 1952//1779 2000//1779
f 2000//1766 1983//1766 1971//1766
f 1971//1777 1983//1777 1982//1777
f 1971//1790 1982//1790 572//1790
f 571//1766 569//1766 1971//1766
f 1971//1791 569//1791 577//1791
f 1971//1767 577//1767 576//1767
f 1038//1777 1039//1777 2009//1777
f 1035//1766 1040//1766 2009//1766
f 2009//1786 1040//1786 1041//1786
f 2009//1766 1041//1766 1042//1766
f 1042//1777 1043//1777 2009//1777
f 2009//1766 1043//1766 1044//1766
f 2009//1773 1044//1773 1019//1773
f 1945//1766 2057//1766 1971//1766
f 576//1779 574//1779 1971//1779
f 1971//1782 574//1782 573//1782
f 1971//1777 573//1777 578//1777
f 1045//1792 1046//1792 1047//1792
f 1039//1789 1048//1789 2009//1789
f 2009//1766 1048//1766 1049//1766
f 2009//1766 1049//1766 1029//1766
f 1897//1793 1050//1793 1051//1793
f 2057//1794 2062//1794 1971//1794
f 1971//1777 2062//1777 2051//1777
f 1971//1790 2051//1790 2041//1790
f 635//1795 1052//1795 1045//1795
f 2009//1779 1047//1779 1053//1779
f 1053//1766 1054//1766 2009//1766
f 2009//1796 1054//1796 1055//1796
f 2009//1766 1055//1766 1056//1766
f 1056//1797 1057//1797 2009//1797
f 2009//1779 1057//1779 1058//1779
f 2009//1779 1058//1779 1038//1779
f 1992//1798 1991//1798 1897//1798
f 1897//1766 1991//1766 1997//1766
f 1897//1765 1997//1765 1999//1765
f 1932//1766 1946//1766 1971//1766
f 1971//1790 1946//1790 1948//1790
f 1971//1767 1948//1767 1900//1767
f 1900//1779 1901//1779 1971//1779
f 1971//1781 1901//1781 547//1781
f 1971//1777 547//1777 1931//1777
f 1931//1797 1949//1797 1971//1797
f 1971//1799 1949//1799 1944//1799
f 1971//1800 1944//1800 1945//1800
f 635//1801 1045//1801 636//1801
f 1051//1802 514//1802 1897//1802
f 1897//1803 514//1803 513//1803
f 1897//1804 513//1804 519//1804
f 519//1779 518//1779 1897//1779
f 1897//1805 518//1805 516//1805
f 1897//1806 516//1806 515//1806
f 515//1766 520//1766 1897//1766
f 1897//1766 520//1766 2004//1766
f 1897//1807 2004//1807 1992//1807
f 1999//1797 528//1797 1897//1797
f 1897//1790 528//1790 530//1790
f 1897//1797 530//1797 535//1797
f 535//1790 534//1790 1897//1790
f 1897//1777 534//1777 532//1777
f 1897//1808 532//1808 531//1808
f 1047//1805 2009//1805 1045//1805
f 1045//1809 2009//1809 637//1809
f 1045//1810 637//1810 636//1810
o Actor1
v -0.004600 -0.053194 0.125157
v -0.004565 -0.053320 0.125006
v -0.002577 -0.053314 0.125226
v -0.000000 -0.049947 0.128580
v -0.000000 -0.049947 0.128580
v -0.000000 -0.050813 0.127903
v -0.004896 -0.049945 0.128265
v -0.004881 -0.050240 0.128042
v -0.003326 -0.049946 0.128425
v -0.002850 -0.049946 0.128474
v -0.000400 -0.049947 0.128587
v -0.001665 -0.049946 0.128535
v -0.002793 -0.050820 0.127789
v -0.004863 -0.050537 0.127791
v -0.002652 -0.049946 0.128495
v 0.001665 -0.049946 0.128547
v 0.003327 -0.049946 0.128425
v 0.002849 -0.049946 0.128463
v 0.002793 -0.050820 0.127789
v 0.001850 -0.049946 0.128543
v 0.004846 -0.050826 0.127551
v 0.004863 -0.050534 0.127788
v 0.004091 -0.049946 0.128363
v 0.004896 -0.049945 0.128265
v 0.002725 -0.051708 0.126990
v 0.004816 -0.051328 0.127117
v 0.004828 -0.051155 0.127285
v 0.002653 -0.052541 0.126134
v 0.004727 -0.052553 0.125904
v 0.004728 -0.052548 0.125910
v 0.004749 -0.052276 0.126203
v 0.004773 -0.051932 0.126535
v 0.004789 -0.051710 0.126749
v 0.004613 -0.053199 0.125159
v 0.002577 -0.053314 0.125226
v 0.004609 -0.053219 0.125135
v 0.002496 -0.054022 0.124272
v 0.004378 -0.053798 0.124401
v 0.004568 -0.053321 0.125006
v 0.002413 -0.054662 0.123280
v 0.003657 -0.054664 0.123159
v 0.004037 -0.054295 0.123712
v 0.004057 -0.054276 0.123741
v 0.004226 -0.054025 0.124088
v 0.002326 -0.055230 0.122256
v 0.002671 -0.055229 0.122226
v 0.002694 -0.055218 0.122244
v 0.002722 -0.055206 0.122265
v 0.003133 -0.055021 0.122586
v 0.003625 -0.054695 0.123113
v 0.001951 -0.055473 0.121785
v 0.002304 -0.055365 0.121983
v 0.002507 -0.055303 0.122097
v 0.000000 -0.055694 0.121354
v 0.000613 -0.055655 0.121440
v 0.000000 -0.055227 0.122342
v 0.000519 -0.055686 0.121371
v 0.001231 -0.055615 0.121513
v -0.002303 -0.055371 0.121974
v -0.001671 -0.055537 0.121663
v -0.000961 -0.055649 0.121445
v -0.000228 -0.055698 0.121347
v 0.000000 -0.055694 0.121354
v -0.003646 -0.054663 0.123159
v -0.003448 -0.054826 0.122905
v -0.002413 -0.054662 0.123280
v -0.002937 -0.055122 0.122415
v -0.002721 -0.055208 0.122263
v -0.002694 -0.055219 0.122244
v -0.002327 -0.055230 0.122256
v -0.002669 -0.055229 0.122226
v -0.002330 -0.055364 0.121987
v -0.003879 -0.054470 0.123456
v -0.002496 -0.054022 0.124272
v -0.004023 -0.054292 0.123711
v -0.004518 -0.053490 0.124800
v -0.004260 -0.053999 0.124131
v -0.004237 -0.054028 0.124089
v -0.004685 -0.052882 0.125534
v -0.002653 -0.052541 0.126134
v -0.004727 -0.052548 0.125910
v -0.004773 -0.051930 0.126533
v -0.002725 -0.051708 0.126990
v -0.004789 -0.051712 0.126752
v -0.004846 -0.050824 0.127548
v -0.004816 -0.051335 0.127116
v -0.004809 -0.051439 0.127028
v 0.000000 -0.051702 0.127100
v 0.000000 -0.052536 0.126239
v 0.000000 -0.053310 0.125326
v 0.000000 -0.054018 0.124368
v 0.000000 -0.054659 0.123371
v 0.034078 -0.050053 0.080970
v 0.033971 -0.050348 0.081027
v 0.033199 -0.050503 0.079164
v 0.025858 -0.057068 0.083703
v 0.025843 -0.057069 0.083699
v 0.025558 -0.057071 0.082728
v 0.025067 -0.056088 0.074656
v 0.026266 -0.056035 0.076374
v 0.024460 -0.056445 0.075075
v 0.024969 -0.056699 0.077276
v 0.024320 -0.056510 0.075187
v 0.023610 -0.056822 0.075809
v 0.023297 -0.056944 0.076139
v 0.022988 -0.057038 0.076576
v 0.023834 -0.056736 0.075573
v 0.023893 -0.056709 0.075527
v 0.022145 -0.057200 0.078626
v 0.022194 -0.057198 0.078358
v 0.023653 -0.057080 0.078191
v 0.022444 -0.057169 0.077560
v 0.022468 -0.057164 0.077513
v 0.022814 -0.057090 0.076821
v 0.022845 -0.057081 0.076777
v 0.023549 -0.057200 0.081855
v 0.023306 -0.057200 0.081234
v 0.024714 -0.057076 0.080427
v 0.022902 -0.057200 0.080201
v 0.022365 -0.057200 0.079084
v 0.023862 -0.057200 0.082814
v 0.024483 -0.057189 0.083212
v 0.024502 -0.057187 0.083220
v 0.025150 -0.057148 0.083505
v 0.024967 -0.057160 0.083424
v 0.027660 -0.056644 0.083758
v 0.027431 -0.056724 0.083795
v 0.027114 -0.056663 0.082002
v 0.027218 -0.056779 0.083798
v 0.026672 -0.056920 0.083807
v 0.026296 -0.056988 0.083759
v 0.026114 -0.057021 0.083736
v 0.027888 -0.056346 0.081641
v 0.028515 -0.056316 0.083578
v 0.028243 -0.056440 0.083664
v 0.029029 -0.056080 0.083413
v 0.028647 -0.055952 0.081287
v 0.029254 -0.055958 0.083315
v 0.030168 -0.055373 0.082889
v 0.030082 -0.055429 0.082929
v 0.029383 -0.055482 0.080943
v 0.029324 -0.055916 0.083284
v 0.029284 -0.055942 0.083302
v 0.031123 -0.054608 0.082437
v 0.031028 -0.054686 0.082482
v 0.030086 -0.054940 0.080615
v 0.030803 -0.054870 0.082589
v 0.030250 -0.055320 0.082850
v 0.031481 -0.054245 0.082265
v 0.030748 -0.054328 0.080307
v 0.031821 -0.053900 0.082102
v 0.031361 -0.053655 0.080021
v 0.031913 -0.053807 0.082058
v 0.032683 -0.052822 0.081681
v 0.032650 -0.052875 0.081698
v 0.031917 -0.052926 0.079761
v 0.032530 -0.053026 0.081757
v 0.032109 -0.053559 0.081962
v 0.033145 -0.052081 0.081451
v 0.032411 -0.052151 0.079531
v 0.033179 -0.052027 0.081434
v 0.033826 -0.050748 0.081105
v 0.033663 -0.051085 0.081188
v 0.032839 -0.051340 0.079331
v 0.033608 -0.051199 0.081216
v 0.033310 -0.051817 0.081369
v 0.032634 -0.049646 0.077206
v 0.033402 -0.049661 0.078836
v 0.033479 -0.049662 0.079033
v 0.034072 -0.049676 0.080537
v 0.034215 -0.049679 0.080898
v 0.031108 -0.049619 0.074424
v 0.030116 -0.050947 0.073696
v 0.030857 -0.049614 0.074032
v 0.030480 -0.049608 0.073442
v 0.031301 -0.049622 0.074724
v 0.031784 -0.049630 0.075599
v 0.031775 -0.050729 0.076365
v 0.032103 -0.049635 0.076176
v 0.032418 -0.049641 0.076746
v 0.029249 -0.049870 0.071800
v 0.029322 -0.049590 0.071752
v 0.029859 -0.049599 0.072505
v 0.030057 -0.049602 0.072782
v 0.029031 -0.050713 0.071945
v 0.028992 -0.050816 0.071971
v 0.028216 -0.052637 0.072496
v 0.028241 -0.052586 0.072479
v 0.029450 -0.052486 0.074159
v 0.028630 -0.051796 0.072215
v 0.029812 -0.051728 0.073907
v 0.028649 -0.051746 0.072203
v 0.028896 -0.051077 0.072036
v 0.028132 -0.052808 0.072554
v 0.029032 -0.053209 0.074450
v 0.027827 -0.053290 0.072762
v 0.028562 -0.053890 0.074777
v 0.027545 -0.053736 0.072954
v 0.027708 -0.053478 0.072843
v 0.028043 -0.054519 0.075137
v 0.027129 -0.054256 0.073239
v 0.027368 -0.053957 0.073076
v 0.027484 -0.055090 0.075527
v 0.026488 -0.054956 0.073679
v 0.026881 -0.054567 0.073409
v 0.026889 -0.055596 0.075940
v 0.026124 -0.055316 0.073928
v 0.026312 -0.055131 0.073800
v 0.025125 -0.056054 0.074617
v 0.025308 -0.055946 0.074490
v 0.025797 -0.055569 0.074154
v 0.031443 -0.051538 0.076556
v 0.031048 -0.052322 0.076783
v 0.030591 -0.053071 0.077046
v 0.030077 -0.053774 0.077342
v 0.029511 -0.054425 0.077667
v 0.028899 -0.055016 0.078019
v 0.028249 -0.055541 0.078393
v 0.027569 -0.055995 0.078784
v 0.026867 -0.056375 0.079188
v 0.026152 -0.056682 0.079600
v -0.024176 -0.056583 0.075283
v -0.023897 -0.056703 0.075536
v -0.024969 -0.056699 0.077276
v -0.023278 -0.057200 0.081116
v -0.023317 -0.057200 0.081230
v -0.024714 -0.057076 0.080427
v -0.033794 -0.050823 0.081121
v -0.033969 -0.050347 0.081028
v -0.033199 -0.050503 0.079164
v -0.031671 -0.049628 0.075361
v -0.031104 -0.049619 0.074429
v -0.030116 -0.050947 0.073696
v -0.030861 -0.049614 0.074029
v -0.029321 -0.049590 0.071751
v -0.029249 -0.049870 0.071800
v -0.029849 -0.049599 0.072511
v -0.029029 -0.050719 0.071947
v -0.030490 -0.049608 0.073435
v -0.030569 -0.049610 0.073548
v -0.033400 -0.049661 0.078853
v -0.032661 -0.049646 0.077230
v -0.031775 -0.050729 0.076365
v -0.032103 -0.049636 0.076176
v -0.031794 -0.049630 0.075593
v -0.034214 -0.049679 0.080897
v -0.034074 -0.049676 0.080536
v -0.034077 -0.050053 0.080971
v -0.033533 -0.049664 0.079144
v -0.033481 -0.049663 0.079031
v -0.033665 -0.051086 0.081187
v -0.032839 -0.051340 0.079331
v -0.033609 -0.051199 0.081216
v -0.033249 -0.051926 0.081400
v -0.032411 -0.052151 0.079531
v -0.033183 -0.052030 0.081433
v -0.033149 -0.052084 0.081450
v -0.031917 -0.052926 0.079761
v -0.032680 -0.052820 0.081683
v -0.031893 -0.053829 0.082067
v -0.032109 -0.053559 0.081962
v -0.031361 -0.053655 0.080021
v -0.032533 -0.053029 0.081755
v -0.032599 -0.052947 0.081723
v -0.031822 -0.053900 0.082101
v -0.030748 -0.054329 0.080306
v -0.031480 -0.054244 0.082265
v -0.031062 -0.054664 0.082466
v -0.030086 -0.054940 0.080615
v -0.031031 -0.054689 0.082481
v -0.029284 -0.055942 0.083302
v -0.029324 -0.055916 0.083283
v -0.028647 -0.055952 0.081286
v -0.030107 -0.055422 0.082918
v -0.029383 -0.055482 0.080943
v -0.030168 -0.055375 0.082889
v -0.030803 -0.054870 0.082589
v -0.028267 -0.056421 0.083645
v -0.028521 -0.056323 0.083589
v -0.027888 -0.056346 0.081641
v -0.028529 -0.056320 0.083588
v -0.029253 -0.055957 0.083314
v -0.027755 -0.056620 0.083758
v -0.027114 -0.056663 0.082002
v -0.027663 -0.056647 0.083764
v -0.026122 -0.057027 0.083750
v -0.026285 -0.056993 0.083763
v -0.026962 -0.056852 0.083815
v -0.027217 -0.056778 0.083796
v -0.023866 -0.057200 0.082828
v -0.024505 -0.057187 0.083219
v -0.025557 -0.057072 0.082728
v -0.024552 -0.057186 0.083248
v -0.024965 -0.057158 0.083417
v -0.025311 -0.057134 0.083559
v -0.025838 -0.057064 0.083683
v -0.026120 -0.057027 0.083750
v -0.023653 -0.057080 0.078191
v -0.022373 -0.057200 0.079080
v -0.022558 -0.057200 0.079446
v -0.022985 -0.057041 0.076571
v -0.022851 -0.057076 0.076789
v -0.022655 -0.057128 0.077104
v -0.022143 -0.057200 0.078623
v -0.022338 -0.057185 0.077844
v -0.022474 -0.057161 0.077526
v -0.023606 -0.056828 0.075799
v -0.023578 -0.056840 0.075824
v -0.023076 -0.057016 0.076425
v -0.026266 -0.056035 0.076373
v -0.025067 -0.056087 0.074656
v -0.024460 -0.056445 0.075075
v -0.024317 -0.056515 0.075180
v -0.026888 -0.055596 0.075940
v -0.025325 -0.055935 0.074478
v -0.025124 -0.056053 0.074617
v -0.027484 -0.055090 0.075527
v -0.026138 -0.055305 0.073919
v -0.025797 -0.055569 0.074154
v -0.028043 -0.054519 0.075137
v -0.026488 -0.054957 0.073679
v -0.026312 -0.055131 0.073799
v -0.028562 -0.053890 0.074777
v -0.027129 -0.054256 0.073239
v -0.026880 -0.054568 0.073409
v -0.027826 -0.053290 0.072762
v -0.027707 -0.053478 0.072843
v -0.029032 -0.053209 0.074450
v -0.027544 -0.053737 0.072955
v -0.027368 -0.053958 0.073076
v -0.028139 -0.052795 0.072549
v -0.029450 -0.052486 0.074159
v -0.028217 -0.052637 0.072496
v -0.029812 -0.051729 0.073907
v -0.028635 -0.051785 0.072212
v -0.028242 -0.052586 0.072479
v -0.028993 -0.050817 0.071971
v -0.028896 -0.051078 0.072036
v -0.028649 -0.051746 0.072202
v -0.031443 -0.051538 0.076556
v -0.031048 -0.052322 0.076783
v -0.030591 -0.053071 0.077046
v -0.030077 -0.053775 0.077342
v -0.029511 -0.054425 0.077667
v -0.028899 -0.055016 0.078019
v -0.028249 -0.055541 0.078393
v -0.027569 -0.055995 0.078784
v -0.026867 -0.056375 0.079188
v -0.026152 -0.056682 0.079599
v 0.015873 -0.057200 0.070891
v -0.015715 -0.057200 0.108935
v -0.016557 -0.057200 0.108233
v -0.024615 -0.057200 0.086007
v -0.024328 -0.057200 0.084572
v -0.007120 -0.057200 0.066216
v 0.015927 -0.057200 0.070935
v 0.015940 -0.057200 0.070946
v 0.016047 -0.057200 0.071036
v 0.007029 -0.057200 0.066177
v 0.007123 -0.057200 0.066208
v -0.018141 -0.057200 0.106767
v 0.019356 -0.057200 0.074393
v 0.019745 -0.057200 0.074902
v -0.012922 -0.057200 0.068787
v -0.012376 -0.057200 0.068480
v -0.017926 -0.057200 0.072804
v 0.014166 -0.057200 0.069597
v 0.014752 -0.057200 0.070033
v 0.020312 -0.057200 0.075644
v 0.020557 -0.057200 0.076015
v 0.021312 -0.057200 0.077157
v -0.020924 -0.057200 0.103313
v -0.020418 -0.057200 0.104074
v -0.019601 -0.057200 0.105123
v -0.018447 -0.057200 0.073339
v -0.017028 -0.057200 0.107841
v 0.015533 -0.057200 0.070615
v 0.016806 -0.057200 0.071699
v 0.016929 -0.057200 0.071820
v 0.017929 -0.057200 0.072801
v -0.013142 -0.057200 0.110659
v 0.018140 -0.057200 0.106766
v -0.012633 -0.057200 0.110967
v -0.011344 -0.057200 0.111623
v -0.018290 -0.057200 0.106623
v -0.019362 -0.057200 0.105430
v -0.006690 -0.057200 0.066079
v -0.005728 -0.057200 0.065845
v -0.004995 -0.057200 0.065666
v -0.004315 -0.057200 0.065550
v -0.003276 -0.057200 0.065372
v -0.002886 -0.057200 0.065333
v -0.001596 -0.057200 0.065203
v -0.001446 -0.057200 0.065199
v 0.000000 -0.057200 0.065157
v 0.001923 -0.057200 0.065227
v 0.002886 -0.057200 0.065337
v 0.003641 -0.057200 0.065424
v 0.004315 -0.057200 0.065550
v 0.005348 -0.057200 0.065742
v 0.005729 -0.057200 0.065841
v 0.018129 -0.057200 0.072996
v 0.018864 -0.057200 0.073833
v 0.024327 -0.057200 0.084573
v 0.023521 -0.057200 0.098210
v 0.023110 -0.057200 0.099243
v 0.022941 -0.057200 0.099666
v 0.021396 -0.057200 0.102610
v 0.020929 -0.057200 0.103317
v 0.020556 -0.057200 0.103881
v 0.019604 -0.057200 0.105125
v 0.008203 -0.057200 0.112884
v 0.007622 -0.057200 0.113048
v -0.014179 -0.057200 0.110032
v -0.014883 -0.057200 0.109529
v -0.024913 -0.057200 0.091365
v -0.024949 -0.057200 0.089671
v -0.021701 -0.057200 0.077809
v -0.021301 -0.057200 0.077164
v -0.020774 -0.057200 0.076311
v -0.020559 -0.057200 0.076014
v -0.019750 -0.057200 0.074899
v -0.018865 -0.057200 0.073832
v -0.011476 -0.057200 0.067972
v -0.011120 -0.057200 0.067802
v -0.009947 -0.057200 0.067241
v -0.009824 -0.057200 0.067192
v -0.008489 -0.057200 0.066663
v -0.019645 -0.057200 0.074754
v -0.008346 -0.057200 0.066607
v 0.000197 -0.057200 0.065151
v 0.001446 -0.057200 0.065206
v 0.008489 -0.057200 0.066664
v 0.008666 -0.057200 0.066723
v 0.009822 -0.057200 0.067198
v 0.021358 -0.057200 0.077228
v 0.024357 -0.057200 0.084686
v 0.024663 -0.057200 0.086304
v 0.024764 -0.057200 0.087134
v 0.024920 -0.057200 0.088776
v 0.024921 -0.057200 0.088794
v 0.024840 -0.057200 0.092200
v 0.024891 -0.057200 0.091712
v 0.024951 -0.057200 0.089931
v 0.022288 -0.057200 0.101035
v 0.022108 -0.057200 0.101353
v 0.019462 -0.057200 0.105310
v 0.018354 -0.057200 0.106557
v 0.017101 -0.057200 0.107775
v 0.016555 -0.057200 0.108231
v 0.015686 -0.057200 0.108957
v -0.024854 -0.057200 0.087857
v -0.024761 -0.057200 0.087135
v -0.024306 -0.057200 0.084462
v -0.017302 -0.057200 0.072164
v -0.016924 -0.057200 0.071826
v -0.013585 -0.057200 0.069227
v 0.010228 -0.057200 0.067365
v 0.011118 -0.057200 0.067805
v 0.011761 -0.057200 0.068122
v 0.024861 -0.057200 0.087930
v 0.024920 -0.057200 0.088773
v 0.024928 -0.057200 0.088940
v 0.024946 -0.057200 0.089685
v 0.024724 -0.057200 0.093310
v 0.024500 -0.057200 0.094650
v 0.024433 -0.057200 0.094979
v 0.014888 -0.057200 0.109536
v 0.014520 -0.057200 0.109803
v 0.013146 -0.057200 0.110666
v 0.006351 -0.057200 0.113406
v 0.005730 -0.057200 0.113531
v 0.004462 -0.057200 0.113789
v 0.003825 -0.057200 0.113870
v 0.002523 -0.057200 0.114037
v 0.001914 -0.057200 0.114070
v -0.021437 -0.057200 0.102544
v -0.022105 -0.057200 0.101351
v -0.022358 -0.057200 0.100897
v -0.022995 -0.057200 0.099542
v -0.023110 -0.057200 0.099243
v -0.023632 -0.057200 0.097895
v 0.024024 -0.057200 0.096647
v 0.023909 -0.057200 0.097001
v 0.011346 -0.057200 0.111625
v 0.010015 -0.057200 0.112223
v 0.009497 -0.057200 0.112412
v -0.023902 -0.057200 0.096999
v -0.024170 -0.057200 0.096109
v -0.024500 -0.057200 0.094650
v -0.024745 -0.057200 0.093148
v -0.024835 -0.057200 0.092200
v -0.015924 -0.057200 0.070933
v -0.015920 -0.057200 0.070929
v -0.015884 -0.057200 0.070899
v 0.012376 -0.057200 0.068479
v 0.013150 -0.057200 0.068928
v 0.013163 -0.057200 0.068936
v 0.013271 -0.057200 0.069004
v 0.013593 -0.057200 0.069217
v 0.012981 -0.057200 0.110770
v 0.011568 -0.057200 0.111525
v 0.000574 -0.057200 0.114144
v 0.000000 -0.057200 0.114138
v -0.001199 -0.057200 0.114125
v -0.001914 -0.057200 0.114071
v -0.002971 -0.057200 0.113992
v -0.003825 -0.057200 0.113874
v -0.004602 -0.057200 0.113765
v -0.005732 -0.057200 0.113541
v -0.011058 -0.057200 0.111769
v -0.015594 -0.057200 0.070663
v -0.014756 -0.057200 0.070026
v -0.014514 -0.057200 0.069842
v -0.007553 -0.057200 0.113084
v -0.007626 -0.057200 0.113060
v -0.006001 -0.057200 0.113488
v -0.009500 -0.057200 0.112419
v -0.009290 -0.057200 0.112507
v 0.031658 -0.055134 0.093095
v 0.031590 -0.055096 0.094650
v 0.030431 -0.055768 0.094650
v 0.031561 -0.055210 0.089968
v 0.031648 -0.055172 0.091533
v 0.030537 -0.055820 0.091642
v 0.030521 -0.055794 0.093150
v -0.032121 -0.054559 0.086603
v -0.031769 -0.054610 0.085012
v -0.030833 -0.055321 0.085296
v -0.023323 -0.053573 0.115789
v -0.024385 -0.053614 0.114662
v -0.023339 -0.054599 0.113803
v -0.018952 -0.054485 0.117742
v -0.021232 -0.054540 0.115882
v -0.020196 -0.055389 0.114846
v -0.025750 -0.055518 0.108413
v -0.024090 -0.055473 0.110745
v -0.025252 -0.054663 0.111522
v -0.013232 -0.055289 0.119404
v -0.010694 -0.055265 0.120469
v -0.011294 -0.054357 0.121916
v 0.013848 -0.052081 0.123930
v 0.012383 -0.052049 0.124545
v 0.011860 -0.053280 0.123283
v 0.007844 -0.051974 0.125965
v 0.006295 -0.051956 0.126294
v 0.006023 -0.053210 0.124930
v 0.010891 -0.052020 0.125090
v 0.009378 -0.051995 0.125563
v 0.008977 -0.053240 0.124242
v 0.023339 -0.054599 0.113804
v 0.021232 -0.054540 0.115882
v 0.020196 -0.055389 0.114846
v 0.008084 -0.055244 0.121297
v 0.010695 -0.055265 0.120469
v 0.011294 -0.054357 0.121916
v 0.018952 -0.054485 0.117742
v 0.016521 -0.054437 0.119374
v 0.015675 -0.055319 0.118108
v 0.018004 -0.055352 0.116587
v -0.023247 -0.057151 0.101701
v -0.019214 -0.057147 0.107486
v 0.014024 -0.057143 0.111737
v 0.020715 -0.057148 0.105721
v 0.025179 -0.057162 0.084220
v 0.030434 -0.055357 0.083760
v 0.031337 -0.054660 0.083438
v 0.034130 -0.051001 0.082438
v 0.028704 -0.049942 0.071093
v 0.028463 -0.050877 0.071291
v 0.028144 -0.051795 0.071553
v 0.027748 -0.052680 0.071877
v 0.027278 -0.053516 0.072263
v 0.026741 -0.054289 0.072704
v 0.022657 -0.057046 0.076054
v 0.001515 -0.057076 0.063791
v -0.006009 -0.057074 0.064435
v -0.015131 -0.057170 0.069402
v -0.022657 -0.057046 0.076054
v -0.023381 -0.056832 0.075460
v -0.024104 -0.056519 0.074867
v -0.026741 -0.054289 0.072704
v -0.028144 -0.051795 0.071553
v -0.028463 -0.050877 0.071291
v -0.033534 -0.049198 0.078790
v -0.032722 -0.049354 0.077160
v -0.031336 -0.054660 0.083438
v -0.013324 -0.048824 0.059597
v -0.012628 -0.048860 0.059357
v -0.012624 -0.049546 0.059369
v -0.004432 -0.049157 0.057413
v -0.003674 -0.049168 0.057346
v -0.003673 -0.049826 0.057359
v 0.024506 -0.047891 0.066265
v 0.025173 -0.047808 0.066875
v 0.025162 -0.048575 0.066888
v -0.034642 -0.042364 0.108999
v -0.034600 -0.043573 0.108981
v -0.033854 -0.043374 0.110662
v -0.004916 -0.050546 0.127793
v -0.006539 -0.050564 0.127522
v 0.001697 -0.049008 0.129204
v 0.000000 -0.049005 0.129245
v 0.005077 -0.049034 0.128879
v 0.003391 -0.049018 0.129082
v -0.001697 -0.049008 0.129204
v -0.003391 -0.049018 0.129082
v -0.005077 -0.049034 0.128879
v -0.006295 -0.051956 0.126294
v -0.006023 -0.053210 0.124930
v -0.005729 -0.054305 0.123453
v -0.002718 -0.055220 0.122244
v -0.005419 -0.055230 0.121889
v 0.000000 -0.055966 0.120699
v -0.002555 -0.055968 0.120591
v 0.002555 -0.055968 0.120591
v 0.005419 -0.055230 0.121889
v 0.005730 -0.054305 0.123453
v 0.002718 -0.055220 0.122244
v 0.004916 -0.050546 0.127793
v -0.037306 -0.043733 0.098324
v -0.037434 -0.043917 0.096879
v -0.037273 -0.044830 0.098321
v -0.037410 -0.045045 0.096488
v -0.037047 -0.044616 0.100145
v -0.037079 -0.043501 0.100150
v -0.037196 -0.043602 0.099349
v -0.037247 -0.043647 0.098996
v -0.036944 -0.043382 0.101085
v -0.036732 -0.044403 0.101956
v -0.036765 -0.043270 0.101963
v -0.036528 -0.043120 0.103132
v -0.036328 -0.044192 0.103750
v -0.036364 -0.043040 0.103759
v -0.035838 -0.043983 0.105521
v -0.036007 -0.042865 0.105124
v -0.036308 -0.043012 0.103972
v -0.035262 -0.043777 0.107267
v -0.035391 -0.042617 0.107046
v -0.035876 -0.042812 0.105533
v -0.034696 -0.042380 0.108877
v -0.034858 -0.042435 0.108451
v -0.035302 -0.042586 0.107281
v -0.033026 -0.043177 0.112303
v -0.033832 -0.042128 0.110824
v -0.033896 -0.042147 0.110682
v -0.032784 -0.041864 0.112856
v -0.032857 -0.041883 0.112714
v -0.033060 -0.041933 0.112321
v -0.032151 -0.041725 0.113921
v -0.032119 -0.042985 0.113901
v -0.031663 -0.041618 0.114742
v -0.031135 -0.042798 0.115454
v -0.031167 -0.041521 0.115475
v -0.030436 -0.041378 0.116556
v -0.030076 -0.042615 0.116956
v -0.030334 -0.041361 0.116689
v -0.027745 -0.042267 0.119797
v -0.028984 -0.041129 0.118437
v -0.028945 -0.042438 0.118405
v -0.029109 -0.041148 0.118292
v -0.030110 -0.041322 0.116982
v -0.027327 -0.040878 0.120312
v -0.027686 -0.040927 0.119943
v -0.027782 -0.040942 0.119831
v -0.026507 -0.040763 0.121157
v -0.026478 -0.042103 0.121128
v -0.026086 -0.040705 0.121589
v -0.025146 -0.041945 0.122394
v -0.025173 -0.040592 0.122425
v -0.024506 -0.040509 0.123035
v -0.023753 -0.041794 0.123593
v -0.023894 -0.040441 0.123532
v -0.022304 -0.041651 0.124723
v -0.022777 -0.040317 0.124440
v -0.023780 -0.040428 0.123625
v -0.020801 -0.041515 0.125781
v -0.020970 -0.040138 0.125738
v -0.022331 -0.040273 0.124760
v -0.019248 -0.041388 0.126764
v -0.020085 -0.040060 0.126298
v -0.020831 -0.040126 0.125826
v -0.017649 -0.041270 0.127670
v -0.019090 -0.039973 0.126927
v -0.019275 -0.039989 0.126810
v -0.015960 -0.039740 0.128567
v -0.016026 -0.039744 0.128535
v -0.016008 -0.041161 0.128496
v -0.017145 -0.039821 0.128001
v -0.017671 -0.039862 0.127711
v -0.015140 -0.039684 0.128957
v -0.014328 -0.041062 0.129241
v -0.014345 -0.039637 0.129281
v -0.013085 -0.039562 0.129793
v -0.012613 -0.040973 0.129902
v -0.012629 -0.039539 0.129947
v -0.011584 -0.039486 0.130302
v -0.010868 -0.040894 0.130477
v -0.010985 -0.039457 0.130505
v -0.010885 -0.039452 0.130532
v -0.009097 -0.040827 0.130966
v -0.009110 -0.039379 0.131019
v -0.008849 -0.039368 0.131091
v -0.007304 -0.040771 0.131368
v -0.007313 -0.039317 0.131416
v -0.004498 -0.039244 0.131879
v -0.005500 -0.039268 0.131728
v -0.005493 -0.040726 0.131683
v -0.006684 -0.039297 0.131549
v -0.007025 -0.039308 0.131477
v -0.003674 -0.039232 0.131954
v -0.003669 -0.040694 0.131908
v -0.002354 -0.039213 0.132074
v -0.001837 -0.040674 0.132044
v -0.002300 -0.039212 0.132079
v 0.001837 -0.040674 0.132044
v 0.000000 -0.039200 0.132147
v 0.000000 -0.040668 0.132090
v -0.000097 -0.039200 0.132150
v -0.001839 -0.039209 0.132094
v 0.002354 -0.039213 0.132070
v 0.002146 -0.039210 0.132088
v 0.001840 -0.039209 0.132097
v 0.003674 -0.039232 0.131954
v 0.003669 -0.040694 0.131908
v 0.004432 -0.039243 0.131887
v 0.005493 -0.040726 0.131683
v 0.005499 -0.039269 0.131727
v 0.006701 -0.039297 0.131546
v 0.007304 -0.040771 0.131368
v 0.007025 -0.039308 0.131477
v 0.010868 -0.040894 0.130477
v 0.009110 -0.039378 0.131021
v 0.009097 -0.040827 0.130966
v 0.008946 -0.039371 0.131067
v 0.007313 -0.039317 0.131416
v 0.011584 -0.039486 0.130304
v 0.011156 -0.039465 0.130452
v 0.010884 -0.039453 0.130528
v 0.012628 -0.039540 0.129943
v 0.012613 -0.040973 0.129902
v 0.013324 -0.039575 0.129703
v 0.014328 -0.041062 0.129241
v 0.014344 -0.039637 0.129279
v 0.015443 -0.039703 0.128823
v 0.016008 -0.041161 0.128496
v 0.015961 -0.039739 0.128569
v 0.017649 -0.041270 0.127670
v 0.017503 -0.039847 0.127815
v 0.016027 -0.039744 0.128537
v 0.019497 -0.040007 0.126683
v 0.019275 -0.039989 0.126809
v 0.019248 -0.041388 0.126764
v 0.017674 -0.039861 0.127717
v 0.022304 -0.041650 0.124723
v 0.021417 -0.040181 0.125432
v 0.020801 -0.041515 0.125781
v 0.020825 -0.040127 0.125817
v 0.020085 -0.040060 0.126300
v 0.023893 -0.040441 0.123532
v 0.023780 -0.040428 0.123627
v 0.023754 -0.041794 0.123594
v 0.023258 -0.040368 0.124066
v 0.022328 -0.040273 0.124756
v 0.025011 -0.040570 0.122591
v 0.025146 -0.041945 0.122394
v 0.025179 -0.040591 0.122431
v 0.026478 -0.042103 0.121128
v 0.026513 -0.040763 0.121163
v 0.027745 -0.042267 0.119797
v 0.027324 -0.040878 0.120309
v 0.026640 -0.040779 0.121043
v 0.028945 -0.042438 0.118405
v 0.028185 -0.041002 0.119385
v 0.027776 -0.040943 0.119824
v 0.030323 -0.041362 0.116681
v 0.030107 -0.041322 0.116979
v 0.030076 -0.042615 0.116956
v 0.029681 -0.041244 0.117569
v 0.028973 -0.041129 0.118428
v 0.031057 -0.041496 0.115667
v 0.031135 -0.042798 0.115454
v 0.031175 -0.041520 0.115481
v 0.032119 -0.042985 0.113901
v 0.032158 -0.041724 0.113925
v 0.032308 -0.041755 0.113688
v 0.033026 -0.043177 0.112303
v 0.032845 -0.041883 0.112707
v 0.033854 -0.043374 0.110662
v 0.033431 -0.042022 0.111639
v 0.033058 -0.041933 0.112319
v 0.034851 -0.042435 0.108448
v 0.034633 -0.042364 0.108996
v 0.034600 -0.043573 0.108981
v 0.034422 -0.042296 0.109528
v 0.033883 -0.042147 0.110676
v 0.035244 -0.042563 0.107460
v 0.035262 -0.043777 0.107267
v 0.035303 -0.042586 0.107282
v 0.035838 -0.043983 0.105521
v 0.035883 -0.042812 0.105535
v 0.035913 -0.042824 0.105442
v 0.036328 -0.044192 0.103750
v 0.036310 -0.043012 0.103973
v 0.036732 -0.044403 0.101956
v 0.036466 -0.043086 0.103396
v 0.036368 -0.043040 0.103760
v 0.037200 -0.043602 0.099349
v 0.037079 -0.043501 0.100150
v 0.037047 -0.044616 0.100145
v 0.036903 -0.043352 0.101314
v 0.036766 -0.043269 0.101963
v 0.037410 -0.045045 0.096488
v 0.037421 -0.043890 0.097083
v 0.037273 -0.044830 0.098321
v 0.037305 -0.043733 0.098324
v 0.037222 -0.043620 0.099207
v 0.037412 -0.045475 0.092812
v 0.037500 -0.044200 0.094650
v 0.037457 -0.045260 0.094650
v 0.037499 -0.044162 0.094949
v 0.037443 -0.043966 0.096489
v 0.037276 -0.045690 0.090979
v 0.037434 -0.044483 0.092421
v 0.037445 -0.044434 0.092811
v 0.037051 -0.045904 0.089154
v 0.037080 -0.044899 0.089150
v 0.037196 -0.044797 0.089951
v 0.037247 -0.044752 0.090304
v 0.037306 -0.044667 0.090976
v 0.036308 -0.045387 0.085328
v 0.036364 -0.045360 0.085541
v 0.036336 -0.046327 0.085548
v 0.036528 -0.045280 0.086168
v 0.036738 -0.046116 0.087342
v 0.036765 -0.045130 0.087337
v 0.036944 -0.045018 0.088215
v 0.036007 -0.045535 0.084176
v 0.035847 -0.046536 0.083776
v 0.035876 -0.045588 0.083767
v 0.035391 -0.045783 0.082254
v 0.035272 -0.046742 0.082030
v 0.035302 -0.045814 0.082019
v 0.034858 -0.045965 0.080849
v 0.034611 -0.046946 0.080314
v 0.034696 -0.046020 0.080423
v 0.034642 -0.046035 0.080301
v 0.033866 -0.047146 0.078633
v 0.033896 -0.046253 0.078618
v 0.032784 -0.046536 0.076444
v 0.033039 -0.047342 0.076990
v 0.032151 -0.046675 0.075379
v 0.032133 -0.047534 0.075390
v 0.031663 -0.046782 0.074558
v 0.032857 -0.046517 0.076586
v 0.033060 -0.046466 0.076979
v 0.033833 -0.046272 0.078476
v 0.031167 -0.046879 0.073825
v 0.031149 -0.047722 0.073837
v 0.030436 -0.047021 0.072744
v 0.030091 -0.047904 0.072333
v 0.030335 -0.047039 0.072611
v 0.027686 -0.047472 0.069357
v 0.027782 -0.047457 0.069469
v 0.027761 -0.048252 0.069489
v 0.028984 -0.047271 0.070863
v 0.028961 -0.048081 0.070882
v 0.029109 -0.047252 0.071008
v 0.030110 -0.047078 0.072318
v 0.026494 -0.048417 0.068156
v 0.026087 -0.047695 0.067711
v 0.026507 -0.047636 0.068143
v 0.027327 -0.047522 0.068988
v 0.023894 -0.047959 0.065768
v 0.023769 -0.048726 0.065687
v 0.023780 -0.047971 0.065675
v 0.022777 -0.048083 0.064860
v 0.022319 -0.048869 0.064556
v 0.022331 -0.048126 0.064540
v 0.020970 -0.048262 0.063561
v 0.020816 -0.049005 0.063497
v 0.020831 -0.048274 0.063474
v 0.019263 -0.049132 0.062512
v 0.017663 -0.049249 0.061604
v 0.017671 -0.048538 0.061589
v 0.019090 -0.048427 0.062373
v 0.019276 -0.048411 0.062490
v 0.020085 -0.048339 0.063002
v 0.014340 -0.049457 0.060030
v 0.014345 -0.048763 0.060019
v 0.015140 -0.048716 0.060343
v 0.016021 -0.049358 0.060777
v 0.015960 -0.048660 0.060733
v 0.016026 -0.048655 0.060765
v 0.017145 -0.048579 0.061299
v 0.013085 -0.048838 0.059507
v 0.012624 -0.049546 0.059369
v 0.012629 -0.048860 0.059353
v 0.011584 -0.048913 0.058998
v 0.010877 -0.049625 0.058793
v 0.010985 -0.048943 0.058795
v 0.010885 -0.048947 0.058768
v 0.009105 -0.049693 0.058302
v 0.009110 -0.049021 0.058281
v 0.006684 -0.049103 0.057751
v 0.007025 -0.049092 0.057823
v 0.007310 -0.049749 0.057899
v 0.007313 -0.049082 0.057884
v 0.008849 -0.049032 0.058209
v 0.005500 -0.049131 0.057572
v 0.005498 -0.049794 0.057585
v 0.004498 -0.049155 0.057421
v 0.003673 -0.049826 0.057359
v 0.003674 -0.049168 0.057346
v 0.002354 -0.049187 0.057226
v 0.001838 -0.049845 0.057222
v 0.002300 -0.049188 0.057221
v -0.002146 -0.049189 0.057211
v -0.001840 -0.049191 0.057203
v -0.001838 -0.049845 0.057222
v 0.000000 -0.049200 0.057153
v 0.000000 -0.049852 0.057177
v 0.000097 -0.049200 0.057150
v 0.001840 -0.049191 0.057206
v -0.002354 -0.049186 0.057230
v -0.005499 -0.049131 0.057573
v -0.005498 -0.049794 0.057585
v -0.006701 -0.049103 0.057754
v -0.007310 -0.049749 0.057899
v -0.007025 -0.049092 0.057823
v -0.011156 -0.048935 0.058848
v -0.010884 -0.048947 0.058772
v -0.010877 -0.049625 0.058793
v -0.009110 -0.049022 0.058279
v -0.009105 -0.049693 0.058302
v -0.008946 -0.049028 0.058233
v -0.007313 -0.049082 0.057884
v -0.011584 -0.048913 0.058996
v -0.014344 -0.048763 0.060021
v -0.014340 -0.049458 0.060030
v -0.015443 -0.048696 0.060477
v -0.016021 -0.049358 0.060777
v -0.015961 -0.048660 0.060731
v -0.019497 -0.048393 0.062617
v -0.019275 -0.048411 0.062491
v -0.019263 -0.049132 0.062512
v -0.017674 -0.048539 0.061583
v -0.017663 -0.049249 0.061604
v -0.017503 -0.048552 0.061485
v -0.016027 -0.048655 0.060763
v -0.020085 -0.048340 0.063000
v -0.020816 -0.049005 0.063497
v -0.020825 -0.048273 0.063482
v -0.023769 -0.048726 0.065687
v -0.023258 -0.048031 0.065234
v -0.022319 -0.048869 0.064556
v -0.022328 -0.048126 0.064544
v -0.021417 -0.048219 0.063868
v -0.025162 -0.048575 0.066888
v -0.023893 -0.047959 0.065768
v -0.023780 -0.047971 0.065673
v -0.026639 -0.047621 0.068257
v -0.026513 -0.047637 0.068137
v -0.026494 -0.048417 0.068156
v -0.025179 -0.047808 0.066869
v -0.025011 -0.047830 0.066709
v -0.027324 -0.047522 0.068991
v -0.027761 -0.048252 0.069489
v -0.027776 -0.047457 0.069476
v -0.030091 -0.047904 0.072333
v -0.029681 -0.047155 0.071731
v -0.028961 -0.048081 0.070882
v -0.028973 -0.047270 0.070872
v -0.028185 -0.047398 0.069915
v -0.031149 -0.047722 0.073836
v -0.030323 -0.047038 0.072619
v -0.030107 -0.047077 0.072321
v -0.032308 -0.046644 0.075612
v -0.032158 -0.046676 0.075375
v -0.032133 -0.047535 0.075390
v -0.031175 -0.046879 0.073819
v -0.031057 -0.046904 0.073633
v -0.032845 -0.046516 0.076593
v -0.033039 -0.047342 0.076990
v -0.033058 -0.046466 0.076981
v -0.034851 -0.045964 0.080851
v -0.034633 -0.046035 0.080304
v -0.034611 -0.046946 0.080314
v -0.034422 -0.046104 0.079772
v -0.033866 -0.047146 0.078633
v -0.033883 -0.046252 0.078624
v -0.033431 -0.046377 0.077661
v -0.035244 -0.045836 0.081840
v -0.035272 -0.046742 0.082030
v -0.035303 -0.045814 0.082018
v -0.035847 -0.046536 0.083776
v -0.035883 -0.045588 0.083765
v -0.035913 -0.045576 0.083858
v -0.036336 -0.046327 0.085548
v -0.036310 -0.045387 0.085327
v -0.036903 -0.045048 0.087986
v -0.036766 -0.045130 0.087337
v -0.036738 -0.046116 0.087342
v -0.036466 -0.045313 0.085904
v -0.036367 -0.045360 0.085540
v -0.037079 -0.044899 0.089150
v -0.037051 -0.045904 0.089154
v -0.037200 -0.044797 0.089951
v -0.037276 -0.045690 0.090979
v -0.037222 -0.044779 0.090093
v -0.037412 -0.045475 0.092812
v -0.037421 -0.044509 0.092217
v -0.037305 -0.044667 0.090976
v -0.037445 -0.043966 0.096489
v -0.037500 -0.044200 0.094650
v -0.037457 -0.045260 0.094650
v -0.037499 -0.044238 0.094351
v -0.037443 -0.044434 0.092811
v -0.025872 -0.057157 0.092101
v -0.025914 -0.057159 0.089493
v -0.025687 -0.057160 0.086857
v -0.025179 -0.057162 0.084220
v -0.026139 -0.057027 0.083823
v -0.027478 -0.056778 0.084818
v -0.026722 -0.057020 0.086543
v -0.028487 -0.056420 0.084457
v -0.029478 -0.055946 0.084102
v -0.030434 -0.055358 0.083760
v -0.032170 -0.053862 0.083139
v -0.032921 -0.052976 0.082871
v -0.034130 -0.051001 0.082438
v -0.033577 -0.052016 0.082636
v -0.034576 -0.049949 0.082278
v -0.034265 -0.049038 0.080457
v -0.034912 -0.048877 0.082158
v -0.031830 -0.049507 0.075572
v -0.031046 -0.048683 0.073905
v -0.029994 -0.048847 0.072405
v -0.028869 -0.049005 0.070958
v -0.027748 -0.052680 0.071877
v -0.027278 -0.053516 0.072263
v -0.026144 -0.054985 0.073194
v -0.024813 -0.056106 0.074285
v -0.021942 -0.057166 0.076641
v -0.021160 -0.057167 0.075471
v -0.020311 -0.057168 0.074339
v -0.019395 -0.057168 0.073251
v -0.017377 -0.057169 0.071217
v -0.018416 -0.057169 0.072209
v -0.016281 -0.057170 0.070281
v -0.013930 -0.057171 0.068585
v -0.012682 -0.057171 0.067834
v -0.011390 -0.057171 0.067153
v -0.010318 -0.057071 0.065813
v -0.008910 -0.057072 0.065275
v -0.007472 -0.057073 0.064815
v -0.004525 -0.057075 0.064137
v -0.003025 -0.057076 0.063922
v -0.001515 -0.057076 0.063791
v 0.000000 -0.057076 0.063747
v 0.003026 -0.057076 0.063922
v 0.004525 -0.057075 0.064137
v 0.006009 -0.057074 0.064435
v 0.007472 -0.057073 0.064815
v 0.008910 -0.057072 0.065275
v 0.010318 -0.057071 0.065813
v 0.012682 -0.057171 0.067834
v 0.011390 -0.057171 0.067153
v 0.013930 -0.057171 0.068585
v 0.015131 -0.057170 0.069402
v 0.016281 -0.057169 0.070281
v 0.018416 -0.057169 0.072209
v 0.017377 -0.057169 0.071218
v 0.019395 -0.057168 0.073251
v 0.020311 -0.057167 0.074339
v 0.021160 -0.057167 0.075471
v 0.021942 -0.057166 0.076641
v 0.023381 -0.056832 0.075460
v 0.024104 -0.056519 0.074867
v 0.024813 -0.056106 0.074285
v 0.026144 -0.054985 0.073194
v 0.028869 -0.049005 0.070958
v 0.029994 -0.048847 0.072405
v 0.031046 -0.048683 0.073906
v 0.032024 -0.048514 0.075455
v 0.031830 -0.049507 0.075572
v 0.032722 -0.049354 0.077160
v 0.033534 -0.049198 0.078790
v 0.034265 -0.049038 0.080457
v 0.034912 -0.048877 0.082158
v 0.034576 -0.049949 0.082279
v 0.033577 -0.052016 0.082636
v 0.032921 -0.052976 0.082871
v 0.032171 -0.053862 0.083139
v 0.029478 -0.055946 0.084102
v 0.028487 -0.056420 0.084457
v 0.026139 -0.057027 0.083823
v 0.026722 -0.057020 0.086543
v 0.025687 -0.057160 0.086857
v 0.025914 -0.057159 0.089493
v 0.025872 -0.057157 0.092101
v 0.025569 -0.057156 0.094650
v 0.025017 -0.057154 0.097113
v 0.024237 -0.057152 0.099469
v 0.023247 -0.057151 0.101701
v 0.022066 -0.057149 0.103790
v 0.019214 -0.057147 0.107486
v 0.017586 -0.057145 0.109081
v 0.015849 -0.057144 0.110499
v 0.012127 -0.057142 0.112797
v 0.010174 -0.057141 0.113683
v 0.008179 -0.057140 0.114397
v 0.006157 -0.057140 0.114944
v 0.004114 -0.057139 0.115328
v 0.002059 -0.057139 0.115555
v 0.000000 -0.057139 0.115630
v -0.002059 -0.057139 0.115555
v -0.004114 -0.057139 0.115328
v -0.008179 -0.057140 0.114397
v -0.006156 -0.057140 0.114944
v -0.010174 -0.057141 0.113683
v -0.012127 -0.057142 0.112797
v -0.014024 -0.057143 0.111737
v -0.015849 -0.057144 0.110499
v -0.017586 -0.057145 0.109081
v -0.020715 -0.057148 0.105721
v -0.022066 -0.057149 0.103790
v -0.024237 -0.057153 0.099469
v -0.025017 -0.057154 0.097113
v -0.025569 -0.057156 0.094650
v 0.030267 -0.055742 0.096137
v 0.031445 -0.055058 0.096194
v 0.030030 -0.055716 0.097607
v 0.028397 -0.055615 0.103263
v 0.029347 -0.055665 0.100486
v 0.030129 -0.054908 0.102196
v 0.031225 -0.055021 0.097725
v 0.030931 -0.054983 0.099237
v 0.030566 -0.054945 0.100729
v 0.027193 -0.055566 0.105913
v 0.027713 -0.054764 0.107757
v 0.025750 -0.055518 0.108413
v 0.026950 -0.054729 0.109055
v 0.024090 -0.055473 0.110745
v 0.025252 -0.054662 0.111522
v 0.022232 -0.055429 0.112895
v 0.029624 -0.054871 0.103636
v 0.029052 -0.054835 0.105045
v 0.028414 -0.054799 0.106420
v 0.008543 -0.054327 0.122811
v 0.013232 -0.055289 0.119404
v 0.013960 -0.054393 0.120767
v 0.026350 -0.053702 0.112255
v 0.025395 -0.053658 0.113483
v 0.027247 -0.053747 0.110980
v 0.028084 -0.053794 0.109661
v 0.022211 -0.053533 0.116861
v 0.023323 -0.053573 0.115789
v 0.024386 -0.053614 0.114662
v 0.021052 -0.053495 0.117877
v 0.014649 -0.053331 0.122056
v 0.017319 -0.053390 0.120569
v 0.018603 -0.053423 0.119732
v 0.019848 -0.053458 0.118834
v 0.015284 -0.052115 0.123245
v -0.005096 -0.055974 0.120268
v -0.007607 -0.055983 0.119727
v -0.010073 -0.055996 0.118968
v -0.012476 -0.056011 0.117990
v -0.014798 -0.056029 0.116795
v -0.008084 -0.055245 0.121297
v -0.017020 -0.056050 0.115388
v -0.015675 -0.055319 0.118108
v -0.013960 -0.054393 0.120767
v -0.011860 -0.053280 0.123283
v -0.022885 -0.056125 0.109940
v -0.021084 -0.056099 0.111952
v -0.022232 -0.055429 0.112895
v -0.027192 -0.055566 0.105913
v -0.028397 -0.055615 0.103263
v -0.027124 -0.056214 0.102877
v -0.024506 -0.056154 0.107748
v -0.025925 -0.056183 0.105389
v -0.030030 -0.055716 0.097607
v -0.029347 -0.055665 0.100486
v -0.030565 -0.054945 0.100729
v -0.029624 -0.054871 0.103636
v -0.030129 -0.054908 0.102196
v -0.026950 -0.054730 0.109054
v -0.027713 -0.054764 0.107757
v -0.028414 -0.054799 0.106420
v -0.029052 -0.054835 0.105045
v -0.028085 -0.056245 0.100235
v -0.028791 -0.056277 0.097485
v -0.029230 -0.056309 0.094650
v -0.008543 -0.054327 0.122811
v -0.008977 -0.053240 0.124242
v -0.014649 -0.053331 0.122056
v -0.017319 -0.053390 0.120569
v -0.016521 -0.054437 0.119373
v -0.018004 -0.055352 0.116587
v -0.019122 -0.056073 0.113772
v -0.007844 -0.051974 0.125965
v -0.009378 -0.051995 0.125563
v -0.010891 -0.052020 0.125090
v -0.012383 -0.052049 0.124545
v -0.018603 -0.053423 0.119732
v -0.019848 -0.053458 0.118834
v -0.021052 -0.053495 0.117876
v -0.022211 -0.053533 0.116861
v -0.025395 -0.053658 0.113483
v -0.026350 -0.053702 0.112255
v 0.006539 -0.050563 0.127522
v 0.008147 -0.050586 0.127175
v 0.009738 -0.050614 0.126753
v 0.011308 -0.050645 0.126255
v 0.012854 -0.050681 0.125682
v 0.014371 -0.050721 0.125035
v 0.015857 -0.050765 0.124316
v 0.006752 -0.049056 0.128596
v 0.008412 -0.049084 0.128234
v 0.010054 -0.049118 0.127792
v 0.011672 -0.049156 0.127273
v 0.013265 -0.049201 0.126675
v 0.014828 -0.049250 0.126001
v 0.016357 -0.049304 0.125252
v -0.006752 -0.049056 0.128596
v -0.008147 -0.050586 0.127175
v -0.008412 -0.049084 0.128234
v -0.009738 -0.050614 0.126753
v -0.010054 -0.049118 0.127792
v -0.011308 -0.050645 0.126255
v -0.011672 -0.049157 0.127273
v -0.012854 -0.050681 0.125682
v -0.013848 -0.052081 0.123930
v 0.016779 -0.047757 0.126041
v 0.015213 -0.047693 0.126816
v 0.013612 -0.047634 0.127513
v 0.011980 -0.047582 0.128131
v 0.010320 -0.047535 0.128669
v 0.008636 -0.047495 0.129126
v 0.006932 -0.047461 0.129501
v 0.005213 -0.047435 0.129794
v 0.003482 -0.047416 0.130004
v 0.001743 -0.047404 0.130131
v 0.000000 -0.047400 0.130173
v -0.001743 -0.047404 0.130131
v -0.003482 -0.047416 0.130004
v -0.005213 -0.047435 0.129794
v -0.006932 -0.047461 0.129501
v -0.008636 -0.047495 0.129126
v -0.010320 -0.047535 0.128668
v 0.017119 -0.046154 0.126677
v 0.015523 -0.046079 0.127472
v 0.013891 -0.046010 0.128187
v 0.012227 -0.045948 0.128822
v 0.010534 -0.045893 0.129374
v 0.008816 -0.045847 0.129844
v 0.007077 -0.045808 0.130230
v 0.005322 -0.045777 0.130531
v 0.003555 -0.045754 0.130747
v 0.001779 -0.045741 0.130878
v 0.000000 -0.045736 0.130921
v -0.001779 -0.045741 0.130878
v -0.003555 -0.045754 0.130747
v -0.005322 -0.045777 0.130531
v -0.007077 -0.045808 0.130230
v -0.008816 -0.045847 0.129844
v 0.017375 -0.044521 0.127157
v 0.015758 -0.044434 0.127967
v 0.014103 -0.044355 0.128697
v 0.012414 -0.044285 0.129344
v 0.010695 -0.044222 0.129908
v 0.008952 -0.044168 0.130387
v 0.007187 -0.044124 0.130780
v 0.005405 -0.044088 0.131088
v 0.003610 -0.044062 0.131309
v 0.001807 -0.044047 0.131442
v 0.000000 -0.044041 0.131487
v -0.001807 -0.044047 0.131442
v -0.003610 -0.044062 0.131309
v -0.005405 -0.044088 0.131088
v -0.007187 -0.044124 0.130780
v 0.017551 -0.042885 0.127486
v 0.015918 -0.042787 0.128306
v 0.014247 -0.042698 0.129046
v 0.012542 -0.042618 0.129702
v 0.010806 -0.042548 0.130273
v 0.009045 -0.042486 0.130758
v 0.007262 -0.042436 0.131157
v 0.005461 -0.042396 0.131469
v 0.003648 -0.042367 0.131693
v 0.001826 -0.042349 0.131828
v 0.000000 -0.042343 0.131873
v -0.001826 -0.042349 0.131828
v -0.003648 -0.042367 0.131693
v -0.005461 -0.042396 0.131469
v -0.033411 -0.052892 0.084514
v -0.032633 -0.053796 0.084750
v -0.033818 -0.052808 0.086178
v -0.033014 -0.053730 0.086380
v -0.034143 -0.052723 0.087858
v -0.033314 -0.053662 0.088023
v -0.034384 -0.052637 0.089549
v -0.033532 -0.053594 0.089675
v -0.034542 -0.052551 0.091248
v -0.033668 -0.053526 0.091334
v -0.034616 -0.052464 0.092949
v -0.033723 -0.053457 0.092993
v -0.034606 -0.052377 0.094650
v -0.033696 -0.053389 0.094650
v -0.034512 -0.052290 0.096345
v -0.033586 -0.053320 0.096300
v -0.034335 -0.052203 0.098031
v -0.033396 -0.053252 0.097939
v -0.034075 -0.052117 0.099704
v -0.033127 -0.053183 0.099563
v -0.033736 -0.052031 0.101360
v -0.032779 -0.053115 0.101169
v -0.033316 -0.051945 0.102995
v -0.032354 -0.053048 0.102754
v -0.032819 -0.051861 0.104605
v -0.031855 -0.052981 0.104313
v -0.032244 -0.051778 0.106187
v -0.031281 -0.052916 0.105842
v -0.031594 -0.051696 0.107737
v -0.030635 -0.052851 0.107339
v -0.030870 -0.051615 0.109250
v -0.029917 -0.052786 0.108799
v -0.030074 -0.051535 0.110724
v -0.029131 -0.052724 0.110220
v -0.029209 -0.051458 0.112156
v -0.028279 -0.052663 0.111599
v -0.028277 -0.051382 0.113543
v -0.027363 -0.052603 0.112933
v -0.027280 -0.051309 0.114882
v -0.026387 -0.052545 0.114219
v -0.026222 -0.051237 0.116169
v -0.025352 -0.052488 0.115455
v -0.025104 -0.051168 0.117403
v -0.024260 -0.052434 0.116638
v -0.023929 -0.051101 0.118579
v -0.023115 -0.052381 0.117765
v -0.022700 -0.051037 0.119696
v -0.021919 -0.052331 0.118834
v -0.021420 -0.050977 0.120751
v -0.020675 -0.052282 0.119842
v -0.020093 -0.050919 0.121742
v -0.019387 -0.052236 0.120790
v -0.018721 -0.050864 0.122668
v -0.018057 -0.052194 0.121674
v -0.017308 -0.050813 0.123526
v -0.016688 -0.052153 0.122492
v -0.015857 -0.050765 0.124316
v -0.015284 -0.052115 0.123245
v -0.014371 -0.050721 0.125035
v -0.034090 -0.051914 0.084308
v -0.034521 -0.051811 0.086003
v -0.034867 -0.051706 0.087714
v -0.035128 -0.051601 0.089439
v -0.035305 -0.051494 0.091173
v -0.035396 -0.051388 0.092911
v -0.035402 -0.051282 0.094650
v -0.035321 -0.051175 0.096385
v -0.035155 -0.051068 0.098112
v -0.034905 -0.050962 0.099827
v -0.034572 -0.050857 0.101526
v -0.034157 -0.050752 0.103206
v -0.033662 -0.050649 0.104861
v -0.033086 -0.050546 0.106488
v -0.032433 -0.050445 0.108084
v -0.031703 -0.050347 0.109644
v -0.030898 -0.050249 0.111165
v -0.030021 -0.050154 0.112643
v -0.029074 -0.050061 0.114076
v -0.028060 -0.049971 0.115461
v -0.026982 -0.049883 0.116793
v -0.025841 -0.049798 0.118071
v -0.024641 -0.049717 0.119291
v -0.023383 -0.049638 0.120449
v -0.022072 -0.049563 0.121544
v -0.020710 -0.049492 0.122574
v -0.019302 -0.049425 0.123537
v -0.017850 -0.049363 0.124430
v -0.016357 -0.049304 0.125252
v -0.014828 -0.049250 0.126001
v -0.013265 -0.049201 0.126675
v -0.034664 -0.050879 0.084135
v -0.035113 -0.050755 0.085854
v -0.035477 -0.050630 0.087593
v -0.035756 -0.050504 0.089346
v -0.035949 -0.050377 0.091109
v -0.036054 -0.050250 0.092879
v -0.036072 -0.050122 0.094650
v -0.036003 -0.049995 0.096418
v -0.035846 -0.049868 0.098180
v -0.035604 -0.049741 0.099931
v -0.035277 -0.049614 0.101667
v -0.034865 -0.049489 0.103383
v -0.034372 -0.049366 0.105076
v -0.033796 -0.049243 0.106743
v -0.033140 -0.049123 0.108377
v -0.032405 -0.049004 0.109976
v -0.031592 -0.048888 0.111536
v -0.030706 -0.048774 0.113054
v -0.029747 -0.048663 0.114526
v -0.028718 -0.048555 0.115949
v -0.027623 -0.048450 0.117319
v -0.026462 -0.048349 0.118634
v -0.025240 -0.048251 0.119890
v -0.023958 -0.048157 0.121084
v -0.022620 -0.048068 0.122213
v -0.021230 -0.047983 0.123275
v -0.019791 -0.047903 0.124269
v -0.018306 -0.047828 0.125191
v -0.016779 -0.047758 0.126041
v -0.015213 -0.047693 0.126816
v -0.013612 -0.047634 0.127513
v -0.011980 -0.047582 0.128131
v -0.035125 -0.049806 0.083995
v -0.035590 -0.049661 0.085735
v -0.035969 -0.049515 0.087495
v -0.036261 -0.049367 0.089271
v -0.036466 -0.049219 0.091058
v -0.036584 -0.049070 0.092853
v -0.036612 -0.048921 0.094650
v -0.036552 -0.048771 0.096445
v -0.036403 -0.048622 0.098235
v -0.036167 -0.048474 0.100015
v -0.035844 -0.048327 0.101779
v -0.035436 -0.048180 0.103526
v -0.034944 -0.048035 0.105250
v -0.034368 -0.047892 0.106947
v -0.033710 -0.047751 0.108613
v -0.032970 -0.047612 0.110243
v -0.032152 -0.047476 0.111835
v -0.031257 -0.047343 0.113385
v -0.030288 -0.047213 0.114888
v -0.029248 -0.047087 0.116342
v -0.028139 -0.046964 0.117743
v -0.026963 -0.046845 0.119088
v -0.025723 -0.046731 0.120373
v -0.024422 -0.046622 0.121595
v -0.023062 -0.046517 0.122752
v -0.021649 -0.046418 0.123840
v -0.020185 -0.046324 0.124859
v -0.018673 -0.046236 0.125805
v -0.017119 -0.046154 0.126677
v -0.015523 -0.046079 0.127472
v -0.013891 -0.046010 0.128187
v -0.012227 -0.045948 0.128822
v -0.010534 -0.045893 0.129374
v 0.026178 -0.053585 0.070923
v 0.025673 -0.054344 0.071381
v 0.025011 -0.053652 0.069639
v 0.024538 -0.054396 0.070112
v 0.023779 -0.053716 0.068413
v 0.023338 -0.054447 0.068901
v 0.022486 -0.053777 0.067251
v 0.022076 -0.054495 0.067750
v 0.021134 -0.053834 0.066153
v 0.020756 -0.054541 0.066663
v 0.019729 -0.053889 0.065123
v 0.019381 -0.054584 0.065643
v 0.018272 -0.053941 0.064164
v 0.017956 -0.054624 0.064692
v 0.016768 -0.053988 0.063278
v 0.016482 -0.054662 0.063813
v 0.015220 -0.054032 0.062469
v 0.014965 -0.054697 0.063009
v 0.013632 -0.054072 0.061738
v 0.013407 -0.054728 0.062283
v 0.012008 -0.054108 0.061089
v 0.011812 -0.054757 0.061639
v 0.010352 -0.054140 0.060523
v 0.010184 -0.054782 0.061076
v 0.008669 -0.054167 0.060041
v 0.008530 -0.054804 0.060596
v 0.006963 -0.054190 0.059644
v 0.006852 -0.054822 0.060201
v 0.005238 -0.054208 0.059334
v 0.005155 -0.054836 0.059892
v 0.003500 -0.054221 0.059111
v 0.003445 -0.054846 0.059670
v 0.001752 -0.054229 0.058976
v 0.001725 -0.054852 0.059536
v 0.000000 -0.054232 0.058931
v 0.000000 -0.054855 0.059491
v -0.001752 -0.054229 0.058976
v -0.001725 -0.054852 0.059536
v -0.003500 -0.054221 0.059111
v -0.003445 -0.054846 0.059670
v -0.005238 -0.054208 0.059334
v -0.005155 -0.054836 0.059892
v -0.006962 -0.054190 0.059644
v -0.006852 -0.054822 0.060201
v -0.008669 -0.054167 0.060041
v -0.008530 -0.054804 0.060596
v -0.010352 -0.054140 0.060523
v -0.010184 -0.054782 0.061076
v -0.012008 -0.054109 0.061089
v -0.011812 -0.054757 0.061638
v -0.013632 -0.054072 0.061738
v -0.013407 -0.054728 0.062283
v -0.015220 -0.054032 0.062469
v -0.014965 -0.054697 0.063009
v -0.016768 -0.053988 0.063278
v -0.016482 -0.054662 0.063813
v -0.018272 -0.053941 0.064164
v -0.017956 -0.054624 0.064692
v -0.019729 -0.053890 0.065123
v -0.019381 -0.054584 0.065643
v -0.021134 -0.053835 0.066153
v -0.020756 -0.054541 0.066663
v -0.022486 -0.053777 0.067251
v -0.022076 -0.054495 0.067750
v -0.023779 -0.053716 0.068413
v -0.023338 -0.054447 0.068901
v -0.025011 -0.053652 0.069639
v -0.024538 -0.054397 0.070112
v -0.026178 -0.053585 0.070923
v -0.025673 -0.054344 0.071381
v 0.017308 -0.050813 0.123526
v 0.016689 -0.052153 0.122493
v 0.018721 -0.050864 0.122668
v 0.018057 -0.052193 0.121674
v 0.020093 -0.050919 0.121742
v 0.019387 -0.052236 0.120790
v 0.021420 -0.050977 0.120751
v 0.020675 -0.052282 0.119843
v 0.022700 -0.051037 0.119696
v 0.021919 -0.052331 0.118834
v 0.023929 -0.051101 0.118579
v 0.023115 -0.052381 0.117765
v 0.025104 -0.051168 0.117403
v 0.024260 -0.052433 0.116638
v 0.026222 -0.051237 0.116169
v 0.025352 -0.052488 0.115455
v 0.027280 -0.051309 0.114882
v 0.026387 -0.052545 0.114219
v 0.028277 -0.051382 0.113543
v 0.027363 -0.052603 0.112933
v 0.029209 -0.051458 0.112157
v 0.028279 -0.052663 0.111599
v 0.030074 -0.051535 0.110724
v 0.029131 -0.052724 0.110220
v 0.030870 -0.051615 0.109250
v 0.029917 -0.052786 0.108799
v 0.031594 -0.051696 0.107737
v 0.030635 -0.052850 0.107339
v 0.032245 -0.051778 0.106187
v 0.031281 -0.052915 0.105842
v 0.032819 -0.051861 0.104605
v 0.031855 -0.052981 0.104313
v 0.033316 -0.051945 0.102995
v 0.032355 -0.053048 0.102754
v 0.033736 -0.052031 0.101360
v 0.032779 -0.053115 0.101170
v 0.034075 -0.052117 0.099704
v 0.033127 -0.053183 0.099563
v 0.034335 -0.052203 0.098031
v 0.033396 -0.053252 0.097939
v 0.034512 -0.052290 0.096345
v 0.033586 -0.053320 0.096300
v 0.034606 -0.052377 0.094650
v 0.033696 -0.053389 0.094650
v 0.034616 -0.052464 0.092950
v 0.033723 -0.053457 0.092993
v 0.034542 -0.052550 0.091248
v 0.033668 -0.053526 0.091334
v 0.034384 -0.052637 0.089549
v 0.033532 -0.053594 0.089676
v 0.034143 -0.052723 0.087858
v 0.033314 -0.053662 0.088023
v 0.033818 -0.052808 0.086179
v 0.033014 -0.053729 0.086380
v 0.033411 -0.052892 0.084515
v 0.032633 -0.053796 0.084751
v 0.026620 -0.052765 0.070523
v 0.025425 -0.052846 0.069225
v 0.024165 -0.052925 0.067988
v 0.022844 -0.052999 0.066814
v 0.021465 -0.053071 0.065707
v 0.020032 -0.053138 0.064669
v 0.018548 -0.053201 0.063703
v 0.017018 -0.053259 0.062811
v 0.015444 -0.053313 0.061996
v 0.013830 -0.053362 0.061262
v 0.012180 -0.053406 0.060609
v 0.010499 -0.053445 0.060040
v 0.008790 -0.053479 0.059556
v 0.007060 -0.053507 0.059157
v 0.005311 -0.053528 0.058845
v 0.003548 -0.053545 0.058622
v 0.001776 -0.053555 0.058487
v 0.000000 -0.053558 0.058441
v -0.001776 -0.053555 0.058487
v -0.003548 -0.053545 0.058622
v -0.005311 -0.053529 0.058845
v -0.007060 -0.053507 0.059157
v -0.008790 -0.053479 0.059556
v -0.010499 -0.053445 0.060040
v -0.012180 -0.053406 0.060609
v -0.013830 -0.053362 0.061262
v -0.015444 -0.053313 0.061996
v -0.017018 -0.053259 0.062811
v -0.018548 -0.053201 0.063703
v -0.020032 -0.053138 0.064669
v -0.021465 -0.053071 0.065707
v -0.022844 -0.052999 0.066814
v -0.024165 -0.052925 0.067988
v -0.025425 -0.052847 0.069225
v -0.026620 -0.052765 0.070523
v 0.026992 -0.051896 0.070185
v 0.025774 -0.051994 0.068876
v 0.024491 -0.052088 0.067629
v 0.023146 -0.052177 0.066446
v 0.021744 -0.052262 0.065331
v 0.020288 -0.052342 0.064287
v 0.018782 -0.052417 0.063314
v 0.017228 -0.052487 0.062417
v 0.015632 -0.052552 0.061598
v 0.013996 -0.052610 0.060860
v 0.012325 -0.052663 0.060204
v 0.010622 -0.052710 0.059633
v 0.008893 -0.052750 0.059147
v 0.007141 -0.052783 0.058747
v 0.005372 -0.052810 0.058434
v 0.003589 -0.052829 0.058209
v 0.001797 -0.052841 0.058074
v 0.000000 -0.052845 0.058028
v -0.001797 -0.052841 0.058074
v -0.003589 -0.052829 0.058209
v -0.005372 -0.052810 0.058434
v -0.007141 -0.052783 0.058747
v -0.008893 -0.052750 0.059147
v -0.010622 -0.052710 0.059633
v -0.012325 -0.052664 0.060204
v -0.013996 -0.052610 0.060860
v -0.015632 -0.052552 0.061598
v -0.017228 -0.052487 0.062417
v -0.018781 -0.052417 0.063314
v -0.020288 -0.052342 0.064286
v -0.021744 -0.052262 0.065331
v -0.023146 -0.052177 0.066446
v -0.024491 -0.052088 0.067629
v -0.025774 -0.051994 0.068876
v -0.026992 -0.051896 0.070185
v 0.018306 -0.047828 0.125191
v 0.017850 -0.049362 0.124430
v 0.019791 -0.047903 0.124269
v 0.019302 -0.049425 0.123537
v 0.021230 -0.047983 0.123275
v 0.020710 -0.049492 0.122574
v 0.022620 -0.048068 0.122213
v 0.022072 -0.049563 0.121544
v 0.023958 -0.048157 0.121084
v 0.023383 -0.049638 0.120449
v 0.025240 -0.048251 0.119890
v 0.024641 -0.049717 0.119291
v 0.026462 -0.048349 0.118634
v 0.025841 -0.049798 0.118071
v 0.027623 -0.048450 0.117319
v 0.026982 -0.049883 0.116793
v 0.028718 -0.048555 0.115949
v 0.028060 -0.049971 0.115461
v 0.029747 -0.048663 0.114526
v 0.029074 -0.050061 0.114076
v 0.030706 -0.048774 0.113054
v 0.030021 -0.050154 0.112643
v 0.031592 -0.048888 0.111536
v 0.030898 -0.050249 0.111165
v 0.032405 -0.049004 0.109976
v 0.031703 -0.050347 0.109644
v 0.033140 -0.049123 0.108377
v 0.032433 -0.050445 0.108084
v 0.033796 -0.049243 0.106743
v 0.033086 -0.050546 0.106488
v 0.034372 -0.049366 0.105077
v 0.033662 -0.050649 0.104861
v 0.034865 -0.049489 0.103383
v 0.034157 -0.050752 0.103206
v 0.035277 -0.049614 0.101667
v 0.034572 -0.050857 0.101526
v 0.035604 -0.049741 0.099931
v 0.034905 -0.050962 0.099827
v 0.035846 -0.049868 0.098180
v 0.035155 -0.051068 0.098112
v 0.036003 -0.049995 0.096419
v 0.035321 -0.051175 0.096385
v 0.036072 -0.050122 0.094650
v 0.035402 -0.051282 0.094650
v 0.036054 -0.050250 0.092879
v 0.035396 -0.051388 0.092911
v 0.035949 -0.050377 0.091110
v 0.035305 -0.051494 0.091173
v 0.035756 -0.050504 0.089346
v 0.035129 -0.051601 0.089439
v 0.035477 -0.050630 0.087593
v 0.034867 -0.051706 0.087714
v 0.035113 -0.050755 0.085854
v 0.034521 -0.051811 0.086003
v 0.034664 -0.050879 0.084135
v 0.034091 -0.051914 0.084308
v 0.027292 -0.050995 0.069913
v 0.026055 -0.051110 0.068595
v 0.024752 -0.051219 0.067340
v 0.023389 -0.051324 0.066150
v 0.021969 -0.051423 0.065029
v 0.020494 -0.051517 0.063978
v 0.018969 -0.051605 0.063001
v 0.017398 -0.051687 0.062100
v 0.015784 -0.051762 0.061278
v 0.014130 -0.051831 0.060536
v 0.012441 -0.051893 0.059878
v 0.010722 -0.051947 0.059305
v 0.008976 -0.051994 0.058817
v 0.007207 -0.052033 0.058416
v 0.005421 -0.052064 0.058102
v 0.003621 -0.052087 0.057878
v 0.001813 -0.052100 0.057742
v 0.000000 -0.052105 0.057696
v -0.001813 -0.052100 0.057742
v -0.003621 -0.052087 0.057878
v -0.005421 -0.052064 0.058102
v -0.007207 -0.052033 0.058416
v -0.008976 -0.051994 0.058817
v -0.010722 -0.051948 0.059305
v -0.012441 -0.051893 0.059878
v -0.014130 -0.051831 0.060536
v -0.015784 -0.051763 0.061278
v -0.017398 -0.051687 0.062100
v -0.018969 -0.051605 0.063001
v -0.020494 -0.051517 0.063978
v -0.021968 -0.051423 0.065029
v -0.023389 -0.051324 0.066150
v -0.024752 -0.051219 0.067340
v -0.026055 -0.051110 0.068595
v -0.027292 -0.050995 0.069913
v -0.035474 -0.048713 0.083889
v -0.035951 -0.048546 0.085645
v -0.036341 -0.048378 0.087421
v -0.036644 -0.048209 0.089214
v -0.036858 -0.048039 0.091020
v -0.036984 -0.047868 0.092833
v -0.037021 -0.047697 0.094650
v -0.036967 -0.047525 0.096466
v -0.036824 -0.047354 0.098277
v -0.036593 -0.047184 0.100078
v -0.036273 -0.047015 0.101865
v -0.035868 -0.046847 0.103634
v -0.035376 -0.046681 0.105381
v -0.034800 -0.046516 0.107102
v -0.034140 -0.046354 0.108791
v -0.033398 -0.046195 0.110446
v -0.032575 -0.046039 0.112061
v -0.031674 -0.045886 0.113634
v -0.030698 -0.045737 0.115161
v -0.029649 -0.045592 0.116639
v -0.028529 -0.045451 0.118063
v -0.027341 -0.045315 0.119431
v -0.026088 -0.045183 0.120738
v -0.024772 -0.045058 0.121982
v -0.023397 -0.044938 0.123159
v -0.021966 -0.044823 0.124267
v -0.020483 -0.044716 0.125305
v -0.018952 -0.044615 0.126269
v -0.017375 -0.044521 0.127157
v -0.015758 -0.044434 0.127967
v -0.014102 -0.044356 0.128697
v -0.012414 -0.044285 0.129344
v -0.010695 -0.044222 0.129908
v -0.008952 -0.044168 0.130387
v -0.032024 -0.048514 0.075455
v -0.032925 -0.048342 0.077051
v -0.033747 -0.048165 0.078689
v -0.034487 -0.047986 0.080365
v -0.035143 -0.047803 0.082076
v -0.035713 -0.047617 0.083816
v -0.036198 -0.047430 0.085583
v -0.036595 -0.047240 0.087371
v -0.036905 -0.047049 0.089176
v -0.037126 -0.046857 0.090994
v -0.037258 -0.046664 0.092820
v -0.037300 -0.046470 0.094650
v -0.037251 -0.046277 0.096480
v -0.037112 -0.046084 0.098305
v -0.036884 -0.045892 0.100121
v -0.036567 -0.045701 0.101924
v -0.036163 -0.045511 0.103708
v -0.035672 -0.045323 0.105471
v -0.035096 -0.045138 0.107207
v -0.034434 -0.044955 0.108913
v -0.033690 -0.044775 0.110584
v -0.032864 -0.044599 0.112216
v -0.031959 -0.044426 0.113805
v -0.030978 -0.044258 0.115348
v -0.029922 -0.044094 0.116842
v -0.028796 -0.043935 0.118282
v -0.027600 -0.043781 0.119665
v -0.026338 -0.043633 0.120988
v -0.025011 -0.043491 0.122246
v -0.023625 -0.043356 0.123438
v -0.022182 -0.043227 0.124559
v -0.020687 -0.043105 0.125610
v -0.019142 -0.042991 0.126586
v -0.017551 -0.042885 0.127486
v -0.015918 -0.042787 0.128306
v -0.014247 -0.042698 0.129046
v -0.012542 -0.042618 0.129702
v -0.010806 -0.042548 0.130273
v -0.009045 -0.042487 0.130758
v -0.007262 -0.042436 0.131157
v 0.027519 -0.050078 0.069708
v 0.026267 -0.050209 0.068383
v 0.024951 -0.050335 0.067121
v 0.023573 -0.050455 0.065926
v 0.022138 -0.050569 0.064800
v 0.020650 -0.050677 0.063745
v 0.019111 -0.050778 0.062765
v 0.017526 -0.050872 0.061861
v 0.015898 -0.050959 0.061035
v 0.014232 -0.051037 0.060292
v 0.012530 -0.051108 0.059632
v 0.010797 -0.051171 0.059057
v 0.009038 -0.051224 0.058568
v 0.007257 -0.051270 0.058166
v 0.005458 -0.051305 0.057852
v 0.003646 -0.051330 0.057626
v 0.001825 -0.051346 0.057490
v 0.000000 -0.051351 0.057445
v -0.001825 -0.051346 0.057490
v -0.003646 -0.051331 0.057626
v -0.005458 -0.051305 0.057852
v -0.007257 -0.051270 0.058166
v -0.009038 -0.051225 0.058568
v -0.010797 -0.051171 0.059057
v -0.012530 -0.051108 0.059632
v -0.014232 -0.051037 0.060291
v -0.015898 -0.050959 0.061035
v -0.017526 -0.050872 0.061861
v -0.019111 -0.050778 0.062765
v -0.020650 -0.050677 0.063745
v -0.022138 -0.050569 0.064800
v -0.023573 -0.050455 0.065926
v -0.024951 -0.050335 0.067121
v -0.026267 -0.050209 0.068383
v -0.027519 -0.050078 0.069708
v -0.028704 -0.049942 0.071093
v 0.018952 -0.044615 0.126269
v 0.018673 -0.046236 0.125805
v 0.020483 -0.044716 0.125305
v 0.020185 -0.046324 0.124859
v 0.021966 -0.044823 0.124267
v 0.021649 -0.046418 0.123840
v 0.023397 -0.044938 0.123159
v 0.023063 -0.046517 0.122752
v 0.024772 -0.045058 0.121982
v 0.024422 -0.046622 0.121595
v 0.026088 -0.045183 0.120738
v 0.025723 -0.046731 0.120373
v 0.027341 -0.045315 0.119431
v 0.026963 -0.046845 0.119088
v 0.028529 -0.045451 0.118063
v 0.028139 -0.046964 0.117743
v 0.029649 -0.045592 0.116639
v 0.029248 -0.047087 0.116342
v 0.030698 -0.045737 0.115161
v 0.030288 -0.047213 0.114888
v 0.031674 -0.045886 0.113634
v 0.031257 -0.047343 0.113385
v 0.032575 -0.046039 0.112061
v 0.032152 -0.047476 0.111835
v 0.033398 -0.046195 0.110446
v 0.032970 -0.047612 0.110243
v 0.034140 -0.046354 0.108791
v 0.033710 -0.047751 0.108613
v 0.034800 -0.046516 0.107102
v 0.034368 -0.047892 0.106947
v 0.035376 -0.046680 0.105381
v 0.034944 -0.048035 0.105250
v 0.035868 -0.046847 0.103634
v 0.035436 -0.048180 0.103526
v 0.036273 -0.047015 0.101865
v 0.035844 -0.048327 0.101780
v 0.036593 -0.047184 0.100078
v 0.036167 -0.048474 0.100015
v 0.036824 -0.047354 0.098277
v 0.036403 -0.048622 0.098235
v 0.036967 -0.047525 0.096466
v 0.036552 -0.048771 0.096446
v 0.037021 -0.047697 0.094650
v 0.036613 -0.048921 0.094650
v 0.036984 -0.047868 0.092833
v 0.036584 -0.049070 0.092853
v 0.036858 -0.048039 0.091020
v 0.036467 -0.049219 0.091058
v 0.036644 -0.048209 0.089215
v 0.036261 -0.049367 0.089271
v 0.036341 -0.048378 0.087421
v 0.035969 -0.049514 0.087495
v 0.035951 -0.048546 0.085645
v 0.035590 -0.049661 0.085735
v 0.035474 -0.048712 0.083889
v 0.035125 -0.049806 0.083995
v 0.027674 -0.049159 0.069568
v 0.026412 -0.049307 0.068238
v 0.025086 -0.049449 0.066972
v 0.023699 -0.049585 0.065773
v 0.022254 -0.049714 0.064644
v 0.020756 -0.049835 0.063586
v 0.019208 -0.049949 0.062603
v 0.017614 -0.050056 0.061696
v 0.015977 -0.050153 0.060869
v 0.014301 -0.050242 0.060124
v 0.012590 -0.050322 0.059463
v 0.010849 -0.050393 0.058888
v 0.009081 -0.050454 0.058398
v 0.007291 -0.050504 0.057995
v 0.005484 -0.050544 0.057680
v 0.003663 -0.050573 0.057455
v 0.001834 -0.050591 0.057319
v 0.000000 -0.050597 0.057273
v -0.001834 -0.050591 0.057319
v -0.003663 -0.050573 0.057455
v -0.005484 -0.050544 0.057680
v -0.007291 -0.050504 0.057995
v -0.009081 -0.050454 0.058398
v -0.010849 -0.050393 0.058888
v -0.012590 -0.050323 0.059463
v -0.014301 -0.050242 0.060124
v -0.015977 -0.050153 0.060869
v -0.017614 -0.050056 0.061696
v -0.019208 -0.049949 0.062603
v -0.020756 -0.049835 0.063586
v -0.022254 -0.049714 0.064644
v -0.023699 -0.049585 0.065773
v -0.025086 -0.049449 0.066972
v -0.026412 -0.049308 0.068238
v -0.027674 -0.049159 0.069568
v 0.019142 -0.042991 0.126586
v 0.020687 -0.043105 0.125610
v 0.022183 -0.043227 0.124560
v 0.023625 -0.043356 0.123438
v 0.025011 -0.043491 0.122246
v 0.026338 -0.043633 0.120988
v 0.027600 -0.043781 0.119665
v 0.028796 -0.043935 0.118282
v 0.029923 -0.044094 0.116842
v 0.030978 -0.044258 0.115349
v 0.031959 -0.044426 0.113805
v 0.032864 -0.044599 0.112216
v 0.033690 -0.044775 0.110584
v 0.034434 -0.044955 0.108913
v 0.035096 -0.045138 0.107207
v 0.035672 -0.045323 0.105471
v 0.036163 -0.045511 0.103708
v 0.036567 -0.045700 0.101924
v 0.036884 -0.045892 0.100121
v 0.037112 -0.046084 0.098305
v 0.037251 -0.046277 0.096480
v 0.037300 -0.046470 0.094650
v 0.037258 -0.046664 0.092820
v 0.037126 -0.046857 0.090994
v 0.036905 -0.047049 0.089176
v 0.036595 -0.047240 0.087371
v 0.036198 -0.047430 0.085583
v 0.035713 -0.047617 0.083816
v 0.035143 -0.047803 0.082076
v 0.034487 -0.047986 0.080365
v 0.033747 -0.048165 0.078689
v 0.032925 -0.048342 0.077051
v -0.021832 -0.057049 0.074862
v -0.020940 -0.057052 0.073710
v -0.019982 -0.057054 0.072603
v -0.018961 -0.057057 0.071544
v -0.017880 -0.057059 0.070539
v -0.016743 -0.057062 0.069590
v -0.015552 -0.057064 0.068701
v -0.014310 -0.057066 0.067875
v -0.013022 -0.057068 0.067115
v -0.011690 -0.057069 0.066427
v -0.030267 -0.055742 0.096137
v -0.030431 -0.055768 0.094650
v -0.029384 -0.056341 0.091755
v -0.029248 -0.056373 0.088831
v -0.030342 -0.055871 0.088614
v -0.029069 -0.056388 0.087367
v -0.030130 -0.055896 0.087102
v -0.030521 -0.055794 0.093150
v -0.030537 -0.055820 0.091642
v -0.030477 -0.055845 0.090128
v -0.031154 -0.055285 0.086846
v -0.031396 -0.055247 0.088404
v -0.031561 -0.055210 0.089968
v -0.031648 -0.055172 0.091533
v -0.031658 -0.055134 0.093095
v -0.031590 -0.055096 0.094650
v -0.031445 -0.055058 0.096194
v -0.031225 -0.055021 0.097725
v -0.030931 -0.054983 0.099237
v -0.032393 -0.054508 0.088206
v -0.032586 -0.054456 0.089816
v -0.032699 -0.054404 0.091429
v -0.032731 -0.054352 0.093042
v -0.032685 -0.054300 0.094650
v -0.032558 -0.054247 0.096249
v -0.032353 -0.054196 0.097836
v -0.032072 -0.054143 0.099407
v -0.031716 -0.054092 0.100958
v -0.031286 -0.054041 0.102486
v -0.030784 -0.053990 0.103988
v -0.030211 -0.053940 0.105459
v -0.029568 -0.053890 0.106898
v -0.028859 -0.053842 0.108299
v -0.028084 -0.053794 0.109660
v -0.027247 -0.053748 0.110980
v 0.021832 -0.057049 0.074862
v 0.020940 -0.057051 0.073710
v 0.019982 -0.057054 0.072603
v 0.018961 -0.057057 0.071545
v 0.017880 -0.057059 0.070539
v 0.016743 -0.057062 0.069590
v 0.015552 -0.057064 0.068701
v 0.014310 -0.057066 0.067875
v 0.013022 -0.057068 0.067115
v 0.011690 -0.057069 0.066427
v 0.022513 -0.056839 0.074245
v 0.021578 -0.056846 0.073072
v 0.020577 -0.056852 0.071946
v 0.019513 -0.056858 0.070872
v 0.018390 -0.056864 0.069852
v 0.017211 -0.056869 0.068890
v 0.015978 -0.056874 0.067990
v 0.014696 -0.056879 0.067154
v 0.013367 -0.056884 0.066387
v 0.011995 -0.056887 0.065692
v 0.010583 -0.056891 0.065073
v 0.009136 -0.056894 0.064531
v 0.007660 -0.056897 0.064067
v 0.006158 -0.056899 0.063685
v 0.004637 -0.056901 0.063384
v 0.003100 -0.056902 0.063168
v 0.001553 -0.056903 0.063037
v 0.000000 -0.056904 0.062993
v -0.001553 -0.056903 0.063037
v -0.003100 -0.056902 0.063168
v -0.004637 -0.056901 0.063384
v -0.006158 -0.056899 0.063685
v -0.007660 -0.056897 0.064067
v -0.009136 -0.056894 0.064530
v -0.010583 -0.056891 0.065073
v -0.011995 -0.056887 0.065692
v -0.013367 -0.056884 0.066387
v -0.014696 -0.056879 0.067154
v -0.015978 -0.056875 0.067990
v -0.017211 -0.056869 0.068890
v -0.018390 -0.056864 0.069852
v -0.019513 -0.056858 0.070872
v -0.020577 -0.056852 0.071946
v -0.021578 -0.056846 0.073072
v -0.022513 -0.056839 0.074245
v 0.027478 -0.056778 0.084818
v 0.027770 -0.056769 0.086225
v -0.029843 -0.055921 0.085597
v -0.028815 -0.056404 0.085908
v -0.027770 -0.056770 0.086225
v -0.028133 -0.056753 0.089052
v -0.027017 -0.057013 0.089274
v -0.028210 -0.056736 0.091871
v -0.027033 -0.057006 0.091987
v -0.028006 -0.056718 0.094650
v -0.026779 -0.056999 0.094650
v -0.027530 -0.056701 0.097360
v -0.026266 -0.056991 0.097236
v -0.026798 -0.056684 0.099979
v -0.025509 -0.056984 0.099722
v -0.025828 -0.056667 0.102484
v -0.024529 -0.056977 0.102090
v -0.024635 -0.056650 0.104854
v -0.023342 -0.056970 0.104318
v -0.023238 -0.056634 0.107070
v -0.021968 -0.056963 0.106391
v -0.021658 -0.056619 0.109120
v -0.020428 -0.056957 0.108298
v -0.019914 -0.056605 0.110992
v -0.018743 -0.056951 0.110031
v -0.018028 -0.056591 0.112678
v -0.016931 -0.056945 0.111581
v -0.016018 -0.056578 0.114167
v -0.015015 -0.056940 0.112944
v -0.013905 -0.056567 0.115459
v -0.013011 -0.056935 0.114119
v -0.011707 -0.056557 0.116550
v -0.010935 -0.056931 0.115107
v -0.009440 -0.056549 0.117440
v -0.008806 -0.056928 0.115909
v -0.007122 -0.056542 0.118128
v -0.006636 -0.056925 0.116526
v -0.004768 -0.056537 0.118616
v -0.004439 -0.056923 0.116961
v -0.002389 -0.056534 0.118907
v -0.002223 -0.056922 0.117220
v 0.000000 -0.056533 0.119004
v 0.000000 -0.056921 0.117306
v 0.002389 -0.056534 0.118907
v 0.002223 -0.056922 0.117220
v 0.004768 -0.056537 0.118616
v 0.004439 -0.056923 0.116961
v 0.007122 -0.056542 0.118128
v 0.006636 -0.056925 0.116526
v 0.009440 -0.056549 0.117440
v 0.008806 -0.056928 0.115909
v 0.011707 -0.056557 0.116550
v 0.010936 -0.056931 0.115107
v 0.013905 -0.056567 0.115459
v 0.013011 -0.056935 0.114119
v 0.016018 -0.056578 0.114168
v 0.015015 -0.056940 0.112944
v 0.018028 -0.056591 0.112678
v 0.016931 -0.056945 0.111581
v 0.019914 -0.056605 0.110992
v 0.018743 -0.056951 0.110031
v 0.021658 -0.056619 0.109120
v 0.020428 -0.056957 0.108298
v 0.023238 -0.056634 0.107070
v 0.021968 -0.056963 0.106391
v 0.024635 -0.056650 0.104854
v 0.023342 -0.056970 0.104319
v 0.025828 -0.056667 0.102484
v 0.024529 -0.056977 0.102090
v 0.026798 -0.056684 0.099979
v 0.025509 -0.056984 0.099722
v 0.027530 -0.056701 0.097360
v 0.026266 -0.056991 0.097236
v 0.028006 -0.056718 0.094650
v 0.026779 -0.056999 0.094650
v 0.028210 -0.056736 0.091871
v 0.027033 -0.057006 0.091987
v 0.028133 -0.056753 0.089052
v 0.027017 -0.057013 0.089274
v 0.023193 -0.056532 0.073629
v 0.022215 -0.056545 0.072435
v 0.021171 -0.056556 0.071291
v 0.020065 -0.056567 0.070201
v 0.018899 -0.056578 0.069166
v 0.017678 -0.056588 0.068192
v 0.016403 -0.056598 0.067281
v 0.015080 -0.056607 0.066436
v 0.013710 -0.056615 0.065661
v 0.012298 -0.056622 0.064959
v 0.010847 -0.056629 0.064334
v 0.009362 -0.056635 0.063787
v 0.007847 -0.056640 0.063321
v 0.006307 -0.056644 0.062936
v 0.004748 -0.056647 0.062633
v 0.003174 -0.056650 0.062416
v 0.001590 -0.056651 0.062284
v 0.000000 -0.056652 0.062239
v -0.001589 -0.056651 0.062284
v -0.003174 -0.056650 0.062416
v -0.004748 -0.056647 0.062633
v -0.006307 -0.056644 0.062936
v -0.007847 -0.056640 0.063321
v -0.009362 -0.056635 0.063787
v -0.010847 -0.056629 0.064334
v -0.012298 -0.056622 0.064959
v -0.013710 -0.056615 0.065661
v -0.015080 -0.056607 0.066436
v -0.016403 -0.056598 0.067281
v -0.017678 -0.056589 0.068192
v -0.018899 -0.056578 0.069166
v -0.020065 -0.056567 0.070201
v -0.021171 -0.056556 0.071291
v -0.022215 -0.056545 0.072435
v -0.023193 -0.056532 0.073629
v 0.023860 -0.056127 0.073024
v 0.022840 -0.056147 0.071810
v 0.021754 -0.056165 0.070648
v 0.020606 -0.056183 0.069541
v 0.019399 -0.056201 0.068493
v 0.018136 -0.056217 0.067506
v 0.016821 -0.056232 0.066584
v 0.015457 -0.056246 0.065730
v 0.014048 -0.056259 0.064947
v 0.012596 -0.056271 0.064239
v 0.011107 -0.056282 0.063609
v 0.009583 -0.056291 0.063058
v 0.008031 -0.056299 0.062588
v 0.006454 -0.056306 0.062200
v 0.004858 -0.056311 0.061896
v 0.003247 -0.056316 0.061677
v 0.001626 -0.056318 0.061544
v 0.000000 -0.056319 0.061500
v -0.001626 -0.056318 0.061544
v -0.003247 -0.056316 0.061677
v -0.004858 -0.056311 0.061896
v -0.006454 -0.056306 0.062200
v -0.008031 -0.056299 0.062587
v -0.009583 -0.056292 0.063058
v -0.011107 -0.056282 0.063609
v -0.012596 -0.056271 0.064239
v -0.014048 -0.056260 0.064947
v -0.015457 -0.056246 0.065730
v -0.016821 -0.056232 0.066584
v -0.018136 -0.056217 0.067506
v -0.019399 -0.056201 0.068493
v -0.020606 -0.056183 0.069541
v -0.021754 -0.056165 0.070648
v -0.022840 -0.056147 0.071810
v -0.023860 -0.056127 0.073024
v 0.025497 -0.055593 0.073724
v 0.024503 -0.055624 0.072441
v 0.023442 -0.055652 0.071208
v 0.022316 -0.055680 0.070028
v 0.021128 -0.055707 0.068906
v 0.019880 -0.055732 0.067843
v 0.018578 -0.055756 0.066845
v 0.017224 -0.055778 0.065912
v 0.015821 -0.055799 0.065050
v 0.014373 -0.055818 0.064259
v 0.012884 -0.055836 0.063545
v 0.011357 -0.055851 0.062910
v 0.009797 -0.055865 0.062354
v 0.008208 -0.055877 0.061881
v 0.006595 -0.055887 0.061490
v 0.004963 -0.055895 0.061185
v 0.003317 -0.055901 0.060965
v 0.001661 -0.055904 0.060832
v 0.000000 -0.055905 0.060787
v -0.001661 -0.055904 0.060832
v -0.003317 -0.055901 0.060965
v -0.004963 -0.055895 0.061185
v -0.006595 -0.055887 0.061490
v -0.008208 -0.055877 0.061881
v -0.009797 -0.055865 0.062354
v -0.011357 -0.055851 0.062909
v -0.012884 -0.055836 0.063545
v -0.014373 -0.055818 0.064259
v -0.015821 -0.055799 0.065050
v -0.017224 -0.055778 0.065912
v -0.018578 -0.055756 0.066845
v -0.019880 -0.055732 0.067843
v -0.021128 -0.055707 0.068906
v -0.022316 -0.055680 0.070028
v -0.023442 -0.055652 0.071207
v -0.024503 -0.055624 0.072441
v -0.025497 -0.055593 0.073724
v 0.029248 -0.056373 0.088831
v 0.030342 -0.055871 0.088614
v 0.030477 -0.055845 0.090128
v 0.029384 -0.056341 0.091755
v 0.030130 -0.055896 0.087102
v 0.029069 -0.056388 0.087367
v 0.029843 -0.055921 0.085597
v 0.028816 -0.056404 0.085908
v 0.030833 -0.055321 0.085296
v 0.031154 -0.055284 0.086846
v 0.031396 -0.055247 0.088404
v 0.029230 -0.056309 0.094650
v 0.025111 -0.055027 0.071890
v 0.024012 -0.055067 0.070638
v 0.022847 -0.055105 0.069442
v 0.021621 -0.055141 0.068305
v 0.020336 -0.055176 0.067230
v 0.018996 -0.055209 0.066220
v 0.017604 -0.055240 0.065278
v 0.016165 -0.055269 0.064407
v 0.014681 -0.055295 0.063610
v 0.013155 -0.055319 0.062889
v 0.011593 -0.055341 0.062249
v 0.009998 -0.055360 0.061689
v 0.008375 -0.055376 0.061213
v 0.006729 -0.055390 0.060820
v 0.005063 -0.055401 0.060513
v 0.003383 -0.055409 0.060292
v 0.001694 -0.055414 0.060158
v 0.000000 -0.055415 0.060113
v -0.001694 -0.055414 0.060158
v -0.003383 -0.055409 0.060292
v -0.005063 -0.055401 0.060513
v -0.006728 -0.055390 0.060820
v -0.008375 -0.055376 0.061213
v -0.009998 -0.055360 0.061689
v -0.011593 -0.055341 0.062249
v -0.013155 -0.055319 0.062889
v -0.014681 -0.055295 0.063610
v -0.016165 -0.055269 0.064407
v -0.017604 -0.055240 0.065278
v -0.018996 -0.055209 0.066220
v -0.020335 -0.055176 0.067230
v -0.021621 -0.055142 0.068305
v -0.022847 -0.055105 0.069442
v -0.024012 -0.055067 0.070638
v -0.025111 -0.055027 0.071890
v 0.031769 -0.054610 0.085013
v 0.032121 -0.054559 0.086603
v 0.032393 -0.054508 0.088206
v 0.032586 -0.054456 0.089816
v 0.028859 -0.053842 0.108299
v 0.029568 -0.053890 0.106898
v 0.030211 -0.053940 0.105459
v 0.030784 -0.053990 0.103988
v 0.031286 -0.054041 0.102486
v 0.031716 -0.054092 0.100958
v 0.032072 -0.054143 0.099407
v 0.032354 -0.054196 0.097836
v 0.032558 -0.054247 0.096249
v 0.032685 -0.054300 0.094650
v 0.032732 -0.054352 0.093042
v 0.032699 -0.054404 0.091429
v 0.028792 -0.056277 0.097485
v 0.028085 -0.056245 0.100235
v 0.027124 -0.056213 0.102877
v 0.025925 -0.056183 0.105389
v 0.024506 -0.056154 0.107748
v 0.022885 -0.056125 0.109940
v 0.021084 -0.056099 0.111952
v 0.019122 -0.056073 0.113772
v 0.017020 -0.056050 0.115388
v 0.014798 -0.056029 0.116795
v 0.012476 -0.056011 0.117990
v 0.010073 -0.055996 0.118968
v 0.007607 -0.055983 0.119727
v 0.005096 -0.055974 0.120268
v 0.036092 -0.033248 0.084472
v 0.036308 -0.032869 0.085328
v 0.032158 -0.037277 0.075375
v 0.032850 -0.036739 0.076591
v 0.007024 -0.012430 0.131470
v 0.030337 -0.018976 0.116691
v 0.037309 -0.027112 0.098325
v 0.037267 -0.026891 0.098823
v 0.037193 -0.026659 0.099348
v 0.037442 -0.027813 0.096741
v 0.037449 -0.027924 0.096490
v 0.037500 -0.028740 0.094650
v 0.036362 -0.024705 0.103759
v 0.036305 -0.024611 0.103972
v 0.036521 -0.024969 0.103162
v 0.036763 -0.025500 0.101963
v 0.036963 -0.025940 0.100970
v 0.037079 -0.026303 0.100151
v 0.035920 -0.023970 0.105419
v 0.035882 -0.023918 0.105535
v 0.035304 -0.023144 0.107282
v 0.035255 -0.023080 0.107429
v 0.034859 -0.022626 0.108451
v 0.034645 -0.022383 0.109001
v 0.033891 -0.021639 0.110680
v 0.033731 -0.021483 0.111034
v 0.033059 -0.020912 0.112322
v 0.032855 -0.020739 0.112713
v 0.031166 -0.019515 0.115476
v 0.031618 -0.019809 0.114813
v 0.032151 -0.020204 0.113922
v 0.032727 -0.020631 0.112957
v 0.028936 -0.018174 0.118502
v 0.027778 -0.017588 0.119828
v 0.027505 -0.017449 0.120139
v 0.027333 -0.017371 0.120318
v 0.028986 -0.018203 0.118438
v 0.030113 -0.018847 0.116984
v 0.030320 -0.018965 0.116717
v 0.026516 -0.016995 0.121166
v 0.025177 -0.016435 0.122430
v 0.024912 -0.016325 0.122679
v 0.023894 -0.015946 0.123533
v 0.020824 -0.014934 0.125818
v 0.020087 -0.014720 0.126302
v 0.021501 -0.015131 0.125373
v 0.022328 -0.015403 0.124759
v 0.023244 -0.015705 0.124077
v 0.023780 -0.015904 0.123628
v 0.016030 -0.013727 0.128544
v 0.015964 -0.013712 0.128576
v 0.019273 -0.014496 0.126806
v 0.017725 -0.014102 0.127697
v 0.017677 -0.014092 0.127721
v 0.019638 -0.014589 0.126597
v 0.014350 -0.013394 0.129295
v 0.012630 -0.013104 0.129950
v 0.012318 -0.013051 0.130069
v 0.011584 -0.012949 0.130301
v 0.015786 -0.013673 0.128665
v 0.007312 -0.012455 0.131415
v 0.010255 -0.012762 0.130721
v 0.009107 -0.012634 0.131011
v 0.008160 -0.012528 0.131251
v 0.010881 -0.012850 0.130523
v 0.006023 -0.012345 0.131663
v 0.005500 -0.012314 0.131733
v 0.003868 -0.012218 0.131950
v 0.003675 -0.012212 0.131964
v 0.002354 -0.012168 0.132063
v 0.000000 -0.012130 0.132150
v -0.001840 -0.012153 0.132096
v -0.002163 -0.012157 0.132087
v 0.001713 -0.012147 0.132111
v 0.001840 -0.012151 0.132101
v -0.002354 -0.012165 0.132071
v -0.003674 -0.012215 0.131956
v -0.004323 -0.012240 0.131900
v -0.005500 -0.012316 0.131729
v -0.006469 -0.012379 0.131588
v -0.007024 -0.012429 0.131474
v -0.007312 -0.012455 0.131415
v -0.008580 -0.012570 0.131155
v -0.009108 -0.012632 0.131015
v -0.010675 -0.012817 0.130598
v -0.010884 -0.012847 0.130530
v -0.011583 -0.012949 0.130299
v -0.015963 -0.013714 0.128572
v -0.014351 -0.013394 0.129295
v -0.012750 -0.013119 0.129916
v -0.012632 -0.013102 0.129955
v -0.016029 -0.013728 0.128542
v -0.020092 -0.014716 0.126309
v -0.019269 -0.014499 0.126801
v -0.018299 -0.014241 0.127382
v -0.017669 -0.014096 0.127710
v -0.016344 -0.013790 0.128401
v -0.023899 -0.015943 0.123539
v -0.023787 -0.015901 0.123636
v -0.020195 -0.014744 0.126248
v -0.020825 -0.014934 0.125819
v -0.021975 -0.015280 0.125036
v -0.022331 -0.015402 0.124762
v -0.023716 -0.015874 0.123698
v -0.027324 -0.017374 0.120309
v -0.026516 -0.016995 0.121166
v -0.025407 -0.016523 0.122231
v -0.025177 -0.016435 0.122430
v -0.030324 -0.018981 0.116682
v -0.029502 -0.018486 0.117798
v -0.030106 -0.018849 0.116979
v -0.027778 -0.017588 0.119827
v -0.028045 -0.017713 0.119544
v -0.028975 -0.018206 0.118431
v -0.032157 -0.020202 0.113925
v -0.032850 -0.020740 0.112709
v -0.030854 -0.019299 0.115964
v -0.031169 -0.019514 0.115478
v -0.032011 -0.020088 0.114182
v -0.034854 -0.022627 0.108450
v -0.034645 -0.022383 0.109001
v -0.033068 -0.020911 0.112326
v -0.033130 -0.020958 0.112219
v -0.033886 -0.021640 0.110678
v -0.034155 -0.021883 0.110131
v -0.036307 -0.024610 0.103972
v -0.036092 -0.024232 0.104828
v -0.035297 -0.023145 0.107280
v -0.035872 -0.023920 0.105532
v -0.035457 -0.023332 0.106859
v -0.037190 -0.026659 0.099348
v -0.037083 -0.026303 0.100151
v -0.036361 -0.024705 0.103759
v -0.036612 -0.025147 0.102761
v -0.036765 -0.025500 0.101963
v -0.037011 -0.026067 0.100684
v -0.037294 -0.027001 0.098575
v -0.037312 -0.027112 0.098325
v -0.037448 -0.027925 0.096489
v -0.037466 -0.028035 0.096241
v -0.037500 -0.028740 0.094650
v -0.037449 -0.029554 0.092810
v -0.037441 -0.029665 0.092559
v -0.037267 -0.030588 0.090477
v -0.037193 -0.030820 0.089952
v -0.037309 -0.030367 0.090975
v -0.037079 -0.031176 0.089149
v -0.036963 -0.031539 0.088329
v -0.036763 -0.031979 0.087337
v -0.036521 -0.032510 0.086138
v -0.036305 -0.032868 0.085328
v -0.036362 -0.032774 0.085541
v -0.035920 -0.033509 0.083881
v -0.035882 -0.033561 0.083765
v -0.035255 -0.034399 0.081871
v -0.034858 -0.034853 0.080849
v -0.035304 -0.034335 0.082018
v -0.033890 -0.035839 0.078620
v -0.033731 -0.035996 0.078266
v -0.034645 -0.035096 0.080299
v -0.032855 -0.036740 0.076587
v -0.033059 -0.036567 0.076978
v -0.032727 -0.036848 0.076343
v -0.032151 -0.037276 0.075378
v -0.031166 -0.037964 0.073824
v -0.030337 -0.038502 0.072609
v -0.031618 -0.037670 0.074487
v -0.030320 -0.038514 0.072583
v -0.030113 -0.038632 0.072316
v -0.028986 -0.039276 0.070862
v -0.028936 -0.039304 0.070798
v -0.027778 -0.039892 0.069472
v -0.027505 -0.040030 0.069161
v -0.027333 -0.040109 0.068982
v -0.026516 -0.040484 0.068134
v -0.025177 -0.041044 0.066870
v -0.024912 -0.041155 0.066621
v -0.023894 -0.041533 0.065767
v -0.020087 -0.042759 0.062998
v -0.020824 -0.042545 0.063482
v -0.023780 -0.041575 0.065672
v -0.023244 -0.041774 0.065223
v -0.022328 -0.042076 0.064541
v -0.021501 -0.042348 0.063926
v -0.019638 -0.042890 0.062703
v -0.019273 -0.042983 0.062494
v -0.017725 -0.043377 0.061603
v -0.017677 -0.043388 0.061579
v -0.014350 -0.044085 0.060005
v -0.015786 -0.043806 0.060635
v -0.015964 -0.043766 0.060724
v -0.016030 -0.043752 0.060756
v -0.012630 -0.044375 0.059350
v -0.012318 -0.044428 0.059231
v -0.011584 -0.044531 0.058999
v -0.010881 -0.044629 0.058777
v -0.010255 -0.044716 0.058579
v 0.001840 -0.045326 0.057203
v 0.000000 -0.045349 0.057150
v -0.001713 -0.045332 0.057189
v -0.001840 -0.045328 0.057199
v -0.002354 -0.045311 0.057237
v -0.003675 -0.045267 0.057336
v -0.003868 -0.045261 0.057350
v -0.005500 -0.045165 0.057567
v -0.006023 -0.045134 0.057637
v -0.007024 -0.045049 0.057830
v -0.007312 -0.045024 0.057885
v -0.008160 -0.044951 0.058048
v -0.009107 -0.044845 0.058289
v 0.014351 -0.044085 0.060005
v 0.012750 -0.044360 0.059384
v 0.012632 -0.044377 0.059345
v 0.011583 -0.044530 0.059000
v 0.010884 -0.044632 0.058770
v 0.010675 -0.044662 0.058702
v 0.009108 -0.044847 0.058285
v 0.008580 -0.044909 0.058145
v 0.007312 -0.045024 0.057885
v 0.007024 -0.045050 0.057826
v 0.006469 -0.045101 0.057712
v 0.005500 -0.045163 0.057571
v 0.004323 -0.045239 0.057400
v 0.003674 -0.045263 0.057344
v 0.002354 -0.045315 0.057229
v 0.002163 -0.045322 0.057213
v 0.017670 -0.043383 0.061590
v 0.016344 -0.043689 0.060899
v 0.016029 -0.043751 0.060758
v 0.015963 -0.043765 0.060728
v 0.018299 -0.043237 0.061918
v 0.019269 -0.042981 0.062498
v 0.020092 -0.042762 0.062991
v 0.020195 -0.042735 0.063052
v 0.020825 -0.042545 0.063481
v 0.021975 -0.042198 0.064264
v 0.022331 -0.042077 0.064538
v 0.023716 -0.041606 0.065602
v 0.025407 -0.040956 0.067069
v 0.025177 -0.041044 0.066870
v 0.023787 -0.041578 0.065664
v 0.023899 -0.041535 0.065761
v 0.026516 -0.040484 0.068134
v 0.027324 -0.040105 0.068991
v 0.028045 -0.039766 0.069756
v 0.027778 -0.039891 0.069473
v 0.029502 -0.038993 0.071502
v 0.028975 -0.039272 0.070869
v 0.030854 -0.038180 0.073336
v 0.030106 -0.038630 0.072321
v 0.030325 -0.038498 0.072618
v 0.031169 -0.037965 0.073822
v 0.032011 -0.037391 0.075118
v 0.033130 -0.036521 0.077081
v 0.033069 -0.036569 0.076974
v 0.034155 -0.035596 0.079169
v 0.033887 -0.035839 0.078622
v 0.034645 -0.035096 0.080299
v 0.034854 -0.034852 0.080850
v 0.035297 -0.034333 0.082020
v 0.035457 -0.034147 0.082441
v 0.035872 -0.033559 0.083768
v 0.036361 -0.032774 0.085541
v 0.036765 -0.031979 0.087337
v 0.037011 -0.031412 0.088616
v 0.036612 -0.032332 0.086538
v 0.037190 -0.030820 0.089952
v 0.037294 -0.030478 0.090725
v 0.037083 -0.031176 0.089149
v 0.037466 -0.029444 0.093059
v 0.037448 -0.029554 0.092811
v 0.037312 -0.030367 0.090975
v 0.000000 -0.012072 0.132157
v 0.000000 -0.012095 0.132154
v 0.001841 -0.012115 0.132107
v 0.027190 -0.016988 0.120736
v 0.026683 -0.016769 0.121234
v 0.026662 -0.016778 0.121223
v 0.006366 -0.012139 0.131758
v 0.005537 -0.012086 0.131877
v 0.005533 -0.012097 0.131860
v 0.018553 -0.014045 0.127426
v 0.017788 -0.013867 0.127830
v 0.017775 -0.013876 0.127815
v 0.005526 -0.012118 0.131831
v 0.007348 -0.012257 0.131515
v 0.007356 -0.012236 0.131544
v 0.009142 -0.012460 0.131085
v 0.010922 -0.012677 0.130592
v 0.010933 -0.012652 0.130617
v 0.016087 -0.013555 0.128598
v 0.017736 -0.013921 0.127768
v 0.017755 -0.013896 0.127790
v 0.019343 -0.014322 0.126858
v 0.020903 -0.014758 0.125869
v 0.020926 -0.014733 0.125889
v 0.025266 -0.016258 0.122462
v 0.026603 -0.016820 0.121188
v 0.026632 -0.016796 0.121204
v 0.037296 -0.030947 0.089023
v 0.036979 -0.031749 0.087200
v 0.037022 -0.031751 0.087185
v 0.016118 -0.043511 0.060471
v 0.017771 -0.043145 0.061303
v 0.017745 -0.043143 0.061357
v 0.000000 -0.045125 0.057006
v 0.000000 -0.045113 0.056981
v 0.001843 -0.045103 0.057053
v 0.001844 -0.045091 0.057021
v 0.003682 -0.045044 0.057188
v 0.003684 -0.045031 0.057157
v 0.005512 -0.044944 0.057414
v 0.005515 -0.044932 0.057383
v 0.007328 -0.044805 0.057728
v 0.007333 -0.044793 0.057698
v 0.009127 -0.044627 0.058132
v 0.009133 -0.044615 0.058102
v 0.010904 -0.044411 0.058624
v 0.010911 -0.044398 0.058594
v 0.012655 -0.044155 0.059202
v 0.012663 -0.044143 0.059173
v 0.014375 -0.043863 0.059865
v 0.014385 -0.043851 0.059836
v 0.016071 -0.043522 0.060584
v 0.000000 -0.045140 0.057037
v 0.001842 -0.045120 0.057082
v 0.003679 -0.045060 0.057217
v 0.005509 -0.044961 0.057443
v 0.007324 -0.044822 0.057757
v 0.009121 -0.044644 0.058161
v 0.010898 -0.044427 0.058652
v 0.012648 -0.044172 0.059230
v 0.014367 -0.043880 0.059893
v 0.016061 -0.043534 0.060612
v 0.000000 -0.045100 0.056920
v 0.001847 -0.045080 0.056958
v 0.003689 -0.045020 0.057094
v 0.005523 -0.044920 0.057320
v 0.007343 -0.044781 0.057635
v 0.009146 -0.044603 0.058040
v 0.010927 -0.044386 0.058533
v 0.012681 -0.044131 0.059112
v 0.014405 -0.043839 0.059777
v 0.000000 -0.045101 0.056913
v 0.000000 -0.045103 0.056859
v 0.001850 -0.045084 0.056898
v 0.000000 -0.045105 0.056852
v 0.000000 -0.045121 0.056800
v 0.005531 -0.044924 0.057260
v 0.003695 -0.045024 0.057034
v 0.004073 -0.045024 0.057020
v 0.001852 -0.045099 0.056849
v 0.002043 -0.045096 0.056855
v 0.003699 -0.045037 0.056989
v 0.009160 -0.044607 0.057982
v 0.007354 -0.044785 0.057576
v 0.008244 -0.044720 0.057710
v 0.012713 -0.044145 0.059017
v 0.012700 -0.044134 0.059056
v 0.012206 -0.044229 0.058827
v 0.010943 -0.044390 0.058475
v 0.009169 -0.044618 0.057943
v 0.010168 -0.044507 0.058195
v 0.010953 -0.044399 0.058438
v 0.005537 -0.044936 0.057219
v 0.006107 -0.044902 0.057297
v 0.007361 -0.044795 0.057540
v 0.014253 -0.043891 0.059593
v 0.014444 -0.043855 0.059677
v 0.014426 -0.043841 0.059721
v 0.016094 -0.043509 0.060526
v 0.017720 -0.043156 0.061413
v 0.016098 -0.043534 0.060404
v 0.016139 -0.043525 0.060425
v 0.017792 -0.043157 0.061262
v 0.018009 -0.043109 0.061372
v 0.020944 -0.042308 0.063205
v 0.020964 -0.042316 0.063173
v 0.021680 -0.042108 0.063646
v 0.023916 -0.041339 0.065409
v 0.022457 -0.041840 0.064271
v 0.023360 -0.041559 0.064895
v 0.022478 -0.041847 0.064239
v 0.019381 -0.042744 0.062215
v 0.019400 -0.042753 0.062180
v 0.019912 -0.042622 0.062477
v 0.030282 -0.038397 0.072094
v 0.029143 -0.039038 0.070635
v 0.029561 -0.038841 0.071071
v 0.027934 -0.039655 0.069234
v 0.028138 -0.039584 0.069383
v 0.029171 -0.039044 0.070608
v 0.032096 -0.037255 0.074677
v 0.032338 -0.037043 0.075171
v 0.031347 -0.037731 0.073607
v 0.032368 -0.037048 0.075147
v 0.033196 -0.036420 0.076574
v 0.033250 -0.036334 0.076781
v 0.033287 -0.036340 0.076756
v 0.034082 -0.035607 0.078434
v 0.030308 -0.038402 0.072070
v 0.030863 -0.038075 0.072812
v 0.031374 -0.037735 0.073584
v 0.035498 -0.034102 0.081853
v 0.034832 -0.034862 0.080126
v 0.035085 -0.034641 0.080617
v 0.035527 -0.034104 0.081837
v 0.035854 -0.033707 0.082738
v 0.036079 -0.033329 0.083610
v 0.037687 -0.029325 0.092698
v 0.037659 -0.029326 0.092706
v 0.037631 -0.029826 0.091561
v 0.037522 -0.030139 0.090860
v 0.037333 -0.030947 0.089011
v 0.037384 -0.030817 0.089308
v 0.037553 -0.030138 0.090851
v 0.036109 -0.033331 0.083595
v 0.036491 -0.032764 0.084882
v 0.036573 -0.032544 0.085394
v 0.036607 -0.032545 0.085379
v 0.037005 -0.031795 0.087085
v 0.022425 -0.041839 0.064319
v 0.023882 -0.041338 0.065456
v 0.025282 -0.040807 0.066663
v 0.025317 -0.040807 0.066618
v 0.026621 -0.040246 0.067937
v 0.026658 -0.040245 0.067894
v 0.027896 -0.039657 0.069275
v 0.029103 -0.039041 0.070675
v 0.030240 -0.038399 0.072132
v 0.031305 -0.037734 0.073643
v 0.032294 -0.037047 0.075204
v 0.033206 -0.036338 0.076812
v 0.034037 -0.035612 0.078463
v 0.034787 -0.034868 0.080153
v 0.035453 -0.034108 0.081877
v 0.036033 -0.033336 0.083633
v 0.036526 -0.032551 0.085414
v 0.036932 -0.031758 0.087218
v 0.037249 -0.030956 0.089039
v 0.037475 -0.030148 0.090874
v 0.037612 -0.029336 0.092718
v 0.037658 -0.028523 0.094566
v 0.034121 -0.035612 0.078411
v 0.034207 -0.035536 0.078583
v 0.034865 -0.034865 0.080107
v 0.022394 -0.041853 0.064371
v 0.023850 -0.041352 0.065506
v 0.025248 -0.040821 0.066712
v 0.026585 -0.040261 0.067983
v 0.027858 -0.039672 0.069320
v 0.029064 -0.039056 0.070717
v 0.030201 -0.038414 0.072172
v 0.031264 -0.037750 0.073681
v 0.032252 -0.037063 0.075240
v 0.033163 -0.036355 0.076846
v 0.033994 -0.035628 0.078495
v 0.034743 -0.034885 0.080183
v 0.035408 -0.034126 0.081905
v 0.035988 -0.033354 0.083658
v 0.036481 -0.032570 0.085437
v 0.036887 -0.031776 0.087239
v 0.037203 -0.030975 0.089058
v 0.037430 -0.030167 0.090891
v 0.037567 -0.029356 0.092732
v 0.037613 -0.028542 0.094578
v 0.037569 -0.027729 0.096424
v 0.023938 -0.041346 0.065378
v 0.025061 -0.040933 0.066317
v 0.025345 -0.040815 0.066584
v 0.026678 -0.040263 0.067841
v 0.027966 -0.039664 0.069202
v 0.037434 -0.026918 0.098266
v 0.037208 -0.026110 0.100099
v 0.037169 -0.026139 0.100107
v 0.014414 -0.013201 0.129371
v 0.012689 -0.012908 0.130037
v 0.012675 -0.012932 0.130013
v 0.007340 -0.012282 0.131490
v 0.005521 -0.012143 0.131805
v 0.003688 -0.012043 0.132032
v 0.009152 -0.012435 0.131110
v 0.000000 -0.011970 0.132208
v 0.000000 -0.011994 0.132192
v 0.001844 -0.012013 0.132145
v 0.000000 -0.011964 0.132214
v 0.027907 -0.017385 0.119865
v 0.027877 -0.017409 0.119850
v 0.029114 -0.018002 0.118464
v 0.029082 -0.018025 0.118451
v 0.030251 -0.018643 0.117007
v 0.030218 -0.018667 0.116995
v 0.031316 -0.019309 0.115495
v 0.031281 -0.019332 0.115485
v 0.032304 -0.019997 0.113932
v 0.032268 -0.020020 0.113924
v 0.033215 -0.020705 0.112324
v 0.033178 -0.020728 0.112317
v 0.034046 -0.021432 0.110672
v 0.034008 -0.021455 0.110667
v 0.034795 -0.022176 0.108981
v 0.034755 -0.022198 0.108978
v 0.035459 -0.022936 0.107256
v 0.035419 -0.022958 0.107255
v 0.036039 -0.023709 0.105501
v 0.035998 -0.023730 0.105501
v 0.036532 -0.024493 0.103719
v 0.036490 -0.024515 0.103721
v 0.036936 -0.025287 0.101915
v 0.036893 -0.025308 0.101919
v 0.037252 -0.026089 0.100093
v 0.037477 -0.026897 0.098258
v 0.037613 -0.027709 0.096414
v 0.037704 -0.028512 0.094556
v 0.037659 -0.027698 0.096407
v 0.037297 -0.026077 0.100089
v 0.037523 -0.026885 0.098253
v 0.037556 -0.026829 0.098371
v 0.037743 -0.028828 0.093828
v 0.037735 -0.028511 0.094549
v 0.037718 -0.027829 0.096098
v 0.037696 -0.027696 0.096401
v 0.037565 -0.026882 0.098249
v 0.036822 -0.024851 0.102867
v 0.036575 -0.024480 0.103719
v 0.036980 -0.025275 0.101913
v 0.037329 -0.026074 0.100087
v 0.037258 -0.025837 0.100625
v 0.037008 -0.025271 0.101911
v 0.034086 -0.021417 0.110680
v 0.034836 -0.022162 0.108988
v 0.034720 -0.021990 0.109367
v 0.032681 -0.020197 0.113444
v 0.032341 -0.019980 0.113944
v 0.033254 -0.020689 0.112333
v 0.034110 -0.021411 0.110684
v 0.033759 -0.021078 0.111443
v 0.033277 -0.020684 0.112337
v 0.027957 -0.017360 0.119891
v 0.027939 -0.017368 0.119882
v 0.028701 -0.017721 0.119071
v 0.029148 -0.017984 0.118480
v 0.030286 -0.018627 0.117021
v 0.030170 -0.018527 0.117239
v 0.029168 -0.017977 0.118489
v 0.032367 -0.019974 0.113950
v 0.031475 -0.019340 0.115392
v 0.031352 -0.019293 0.115508
v 0.031384 -0.019284 0.115520
v 0.030315 -0.018618 0.117034
v 0.036603 -0.024476 0.103718
v 0.036254 -0.023881 0.105072
v 0.036082 -0.023695 0.105503
v 0.036114 -0.023690 0.105505
v 0.035501 -0.022922 0.107261
v 0.035550 -0.022924 0.107247
v 0.034867 -0.022156 0.108992
v 0.023921 -0.015684 0.123708
v 0.022462 -0.015183 0.124846
v 0.022436 -0.015202 0.124825
v 0.019385 -0.014278 0.126903
v 0.019364 -0.014298 0.126879
v 0.012703 -0.012887 0.130064
v 0.014430 -0.013180 0.129398
v 0.016122 -0.013510 0.128647
v 0.010945 -0.012631 0.130644
v 0.009162 -0.012414 0.131138
v 0.003696 -0.011997 0.132087
v 0.001850 -0.011937 0.132223
v 0.001848 -0.011958 0.132194
v 0.022412 -0.015227 0.124805
v 0.023868 -0.015727 0.123669
v 0.023894 -0.015703 0.123687
v 0.025293 -0.016234 0.122479
v 0.025322 -0.016216 0.122499
v 0.025610 -0.016307 0.122284
v 0.025345 -0.016206 0.122514
v 0.020949 -0.014714 0.125912
v 0.020964 -0.014704 0.125927
v 0.020430 -0.014543 0.126293
v 0.019398 -0.014269 0.126916
v 0.014399 -0.013226 0.129348
v 0.016104 -0.013530 0.128622
v 0.016714 -0.013617 0.128398
v 0.023947 -0.015672 0.123729
v 0.023900 -0.015654 0.123770
v 0.022483 -0.015171 0.124865
v 0.022243 -0.015090 0.125050
v 0.012676 -0.012865 0.130108
v 0.001846 -0.011984 0.132167
v 0.003692 -0.012018 0.132058
v 0.007360 -0.012227 0.131557
v 0.004336 -0.012011 0.132049
v 0.003699 -0.011986 0.132104
v 0.002172 -0.011928 0.132236
v 0.001852 -0.011924 0.132246
v 0.010956 -0.012619 0.130668
v 0.010709 -0.012583 0.130748
v 0.009169 -0.012403 0.131156
v 0.008589 -0.012336 0.131309
v 0.016134 -0.013501 0.128663
v 0.014707 -0.013213 0.129316
v 0.014443 -0.013168 0.129419
v 0.012717 -0.012872 0.130091
v 0.037324 -0.027068 0.098313
v 0.037099 -0.026260 0.100141
v 0.037459 -0.027881 0.096477
v 0.037504 -0.028696 0.094637
v 0.036785 -0.025457 0.101955
v 0.036383 -0.024662 0.103751
v 0.035892 -0.023876 0.105525
v 0.035315 -0.023103 0.107274
v 0.034653 -0.022343 0.108992
v 0.032173 -0.020161 0.113922
v 0.033080 -0.020870 0.112319
v 0.033907 -0.021598 0.110675
v 0.030128 -0.018806 0.116983
v 0.031188 -0.019472 0.115478
v 0.028996 -0.018164 0.118435
v 0.027793 -0.017547 0.119829
v 0.026524 -0.016957 0.121163
v 0.023797 -0.015863 0.123635
v 0.022346 -0.015362 0.124768
v 0.025191 -0.016395 0.122433
v 0.020840 -0.014892 0.125829
v 0.019285 -0.014457 0.126814
v 0.017683 -0.014055 0.127721
v 0.016038 -0.013689 0.128550
v 0.014355 -0.013359 0.129296
v 0.012637 -0.013065 0.129959
v 0.010889 -0.012810 0.130536
v 0.009115 -0.012592 0.131028
v 0.007318 -0.012414 0.131431
v 0.005504 -0.012275 0.131746
v 0.003677 -0.012175 0.131971
v 0.003674 -0.045215 0.057325
v 0.005501 -0.045115 0.057550
v 0.001839 -0.045275 0.057189
v 0.007314 -0.044976 0.057864
v 0.009109 -0.044797 0.058267
v 0.010882 -0.044580 0.058758
v 0.016029 -0.043701 0.060742
v 0.019275 -0.042933 0.062476
v 0.017673 -0.043335 0.061570
v 0.022334 -0.042028 0.064520
v 0.023785 -0.041527 0.065652
v 0.020829 -0.042498 0.063460
v 0.012630 -0.044324 0.059335
v 0.000000 -0.045288 0.057142
v 0.000000 -0.045230 0.057120
v 0.001839 -0.045218 0.057169
v 0.000000 -0.045295 0.057143
v 0.010883 -0.044523 0.058737
v 0.009109 -0.044741 0.058247
v 0.007314 -0.044919 0.057843
v 0.005501 -0.045058 0.057529
v 0.003675 -0.045158 0.057304
v 0.016031 -0.043646 0.060721
v 0.017675 -0.043279 0.061548
v 0.026513 -0.040433 0.068122
v 0.025179 -0.040995 0.066854
v 0.027782 -0.039843 0.069455
v 0.028984 -0.039226 0.070848
v 0.030117 -0.038584 0.072299
v 0.032162 -0.037229 0.075358
v 0.031178 -0.037918 0.073803
v 0.033070 -0.036521 0.076959
v 0.034645 -0.035048 0.080285
v 0.035308 -0.034288 0.082003
v 0.035886 -0.033514 0.083750
v 0.036377 -0.032729 0.085524
v 0.037097 -0.031131 0.089134
v 0.036781 -0.031934 0.087320
v 0.037322 -0.030323 0.090961
v 0.033898 -0.035793 0.078603
v 0.037458 -0.029510 0.092797
v 0.012633 -0.044241 0.059298
v 0.010885 -0.044496 0.058721
v 0.009111 -0.044713 0.058230
v 0.007315 -0.044891 0.057828
v 0.005502 -0.045031 0.057513
v 0.003675 -0.045130 0.057288
v 0.001840 -0.045190 0.057153
v 0.000000 -0.045211 0.057106
v 0.014355 -0.043923 0.059940
v 0.012637 -0.044216 0.059279
v 0.010888 -0.044470 0.058701
v 0.009113 -0.044687 0.058211
v 0.007317 -0.044865 0.057808
v 0.005504 -0.045004 0.057493
v 0.003676 -0.045104 0.057268
v 0.001840 -0.045164 0.057133
v 0.000000 -0.045180 0.057084
v 0.017683 -0.043228 0.061514
v 0.016034 -0.043619 0.060705
v 0.014348 -0.043976 0.059976
v 0.014347 -0.044031 0.059997
v 0.000000 -0.045162 0.057062
v 0.001841 -0.045141 0.057109
v 0.003678 -0.045081 0.057244
v 0.005506 -0.044981 0.057470
v 0.007320 -0.044842 0.057784
v 0.009117 -0.044664 0.058187
v 0.010893 -0.044447 0.058678
v 0.012642 -0.044192 0.059256
v 0.014360 -0.043900 0.059918
v 0.016044 -0.043570 0.060664
v 0.016052 -0.043551 0.060639
v 0.017699 -0.043185 0.061467
v 0.017709 -0.043169 0.061441
v 0.019314 -0.042768 0.062349
v 0.019326 -0.042755 0.062322
v 0.020885 -0.042320 0.063309
v 0.019353 -0.042742 0.062267
v 0.020914 -0.042307 0.063255
v 0.012631 -0.044268 0.059314
v 0.014351 -0.043949 0.059960
v 0.016038 -0.043593 0.060686
v 0.017690 -0.043205 0.061492
v 0.019293 -0.042804 0.062399
v 0.019303 -0.042784 0.062375
v 0.020860 -0.042349 0.063361
v 0.020872 -0.042333 0.063335
v 0.019276 -0.042878 0.062455
v 0.020832 -0.042443 0.063439
v 0.019286 -0.042827 0.062421
v 0.020842 -0.042392 0.063405
v 0.020850 -0.042369 0.063384
v 0.022357 -0.041901 0.064444
v 0.022368 -0.041882 0.064421
v 0.023821 -0.041381 0.065555
v 0.022337 -0.041975 0.064498
v 0.022348 -0.041924 0.064465
v 0.023810 -0.041401 0.065577
v 0.025218 -0.040850 0.066759
v 0.026554 -0.040290 0.068029
v 0.027826 -0.039701 0.069363
v 0.029031 -0.039085 0.070759
v 0.030166 -0.038444 0.072212
v 0.031229 -0.037779 0.073719
v 0.032216 -0.037092 0.075276
v 0.033125 -0.036384 0.076880
v 0.033956 -0.035658 0.078528
v 0.034704 -0.034914 0.080213
v 0.035369 -0.034155 0.081933
v 0.035948 -0.033383 0.083684
v 0.036441 -0.032599 0.085461
v 0.036846 -0.031805 0.087261
v 0.037163 -0.031004 0.089078
v 0.037390 -0.030196 0.090909
v 0.037526 -0.029385 0.092748
v 0.037573 -0.028572 0.094592
v 0.037529 -0.027758 0.096436
v 0.037394 -0.026947 0.098276
v 0.000000 -0.012018 0.132176
v 0.000000 -0.012060 0.132161
v 0.001843 -0.012045 0.132127
v 0.001842 -0.012080 0.132114
v 0.003681 -0.012105 0.131992
v 0.003679 -0.012139 0.131979
v 0.005511 -0.012205 0.131766
v 0.005507 -0.012239 0.131753
v 0.007327 -0.012344 0.131451
v 0.007322 -0.012379 0.131438
v 0.009126 -0.012522 0.131046
v 0.009120 -0.012557 0.131034
v 0.010902 -0.012739 0.130554
v 0.010895 -0.012774 0.130543
v 0.012652 -0.012995 0.129976
v 0.012644 -0.013030 0.129965
v 0.014372 -0.013288 0.129312
v 0.014363 -0.013323 0.129301
v 0.016058 -0.013618 0.128565
v 0.016047 -0.013653 0.128555
v 0.017704 -0.013983 0.127735
v 0.017692 -0.014019 0.127726
v 0.019308 -0.014385 0.126827
v 0.019295 -0.014420 0.126818
v 0.020865 -0.014820 0.125840
v 0.020851 -0.014856 0.125832
v 0.022372 -0.015289 0.124778
v 0.022357 -0.015325 0.124771
v 0.023825 -0.015790 0.123643
v 0.023808 -0.015826 0.123637
v 0.025220 -0.016321 0.122439
v 0.025203 -0.016358 0.122434
v 0.026555 -0.016883 0.121167
v 0.026537 -0.016919 0.121163
v 0.027825 -0.017473 0.119832
v 0.027807 -0.017509 0.119828
v 0.029029 -0.018089 0.118435
v 0.029009 -0.018126 0.118433
v 0.030162 -0.018731 0.116982
v 0.030142 -0.018768 0.116981
v 0.031223 -0.019396 0.115474
v 0.031202 -0.019433 0.115474
v 0.032208 -0.020084 0.113916
v 0.032187 -0.020122 0.113917
v 0.033116 -0.020792 0.112312
v 0.033094 -0.020830 0.112314
v 0.033944 -0.021519 0.110665
v 0.033922 -0.021557 0.110669
v 0.034690 -0.022263 0.108980
v 0.034668 -0.022302 0.108984
v 0.035352 -0.023023 0.107259
v 0.035330 -0.023062 0.107265
v 0.035930 -0.023795 0.105509
v 0.035907 -0.023835 0.105516
v 0.036421 -0.024580 0.103732
v 0.036397 -0.024620 0.103741
v 0.036824 -0.025374 0.101934
v 0.036800 -0.025414 0.101944
v 0.037137 -0.026176 0.100117
v 0.037114 -0.026217 0.100129
v 0.037362 -0.026983 0.098288
v 0.037339 -0.027025 0.098301
v 0.037497 -0.027795 0.096450
v 0.037473 -0.027837 0.096464
v 0.037541 -0.028609 0.094607
v 0.037517 -0.028651 0.094623
v 0.037494 -0.029423 0.092765
v 0.037471 -0.029465 0.092781
v 0.037357 -0.030234 0.090927
v 0.037335 -0.030277 0.090945
v 0.037131 -0.031042 0.089098
v 0.037109 -0.031085 0.089117
v 0.036815 -0.031844 0.087283
v 0.036793 -0.031888 0.087303
v 0.036409 -0.032637 0.085485
v 0.036388 -0.032682 0.085506
v 0.035917 -0.033422 0.083709
v 0.035896 -0.033466 0.083732
v 0.035338 -0.034194 0.081960
v 0.035318 -0.034240 0.081983
v 0.034674 -0.034954 0.080241
v 0.034654 -0.034999 0.080266
v 0.033926 -0.035697 0.078558
v 0.033907 -0.035744 0.078583
v 0.033097 -0.036424 0.076912
v 0.033078 -0.036471 0.076939
v 0.032188 -0.037132 0.075309
v 0.032170 -0.037179 0.075337
v 0.031201 -0.037819 0.073754
v 0.031184 -0.037867 0.073782
v 0.030139 -0.038485 0.072248
v 0.030123 -0.038533 0.072278
v 0.029005 -0.039126 0.070797
v 0.028990 -0.039174 0.070827
v 0.027801 -0.039742 0.069402
v 0.027787 -0.039791 0.069433
v 0.026531 -0.040331 0.068069
v 0.026517 -0.040380 0.068101
v 0.025196 -0.040891 0.066800
v 0.025183 -0.040942 0.066832
v 0.023801 -0.041423 0.065597
v 0.023789 -0.041473 0.065630
v 0.036855 -0.025338 0.101925
v 0.036452 -0.024544 0.103725
v 0.035961 -0.023760 0.105503
v 0.035383 -0.022987 0.107255
v 0.034720 -0.022228 0.108977
v 0.033973 -0.021484 0.110665
v 0.033145 -0.020757 0.112313
v 0.032236 -0.020049 0.113918
v 0.031250 -0.019362 0.115478
v 0.030188 -0.018696 0.116987
v 0.029053 -0.018055 0.118441
v 0.027849 -0.017439 0.119839
v 0.026577 -0.016849 0.121176
v 0.025241 -0.016288 0.122449
v 0.023845 -0.015756 0.123654
v 0.022391 -0.015256 0.124789
v 0.020883 -0.014787 0.125852
v 0.019324 -0.014352 0.126840
v 0.017719 -0.013951 0.127750
v 0.016071 -0.013585 0.128579
v 0.014384 -0.013255 0.129328
v 0.012663 -0.012962 0.129992
v 0.010912 -0.012707 0.130571
v 0.009134 -0.012490 0.131063
v 0.007333 -0.012311 0.131468
v 0.005515 -0.012172 0.131783
v 0.003684 -0.012073 0.132009
v 0.000000 -0.011930 0.132249
v 0.000000 -0.011918 0.132269
v 0.000000 -0.011901 0.132299
v -0.001842 -0.012080 0.132114
v -0.030282 -0.038397 0.072094
v -0.031347 -0.037731 0.073607
v -0.031384 -0.037738 0.073579
v -0.025248 -0.040821 0.066711
v -0.026585 -0.040261 0.067983
v -0.026621 -0.040246 0.067937
v -0.022368 -0.041882 0.064421
v -0.023821 -0.041381 0.065555
v -0.023850 -0.041352 0.065506
v -0.037297 -0.026077 0.100089
v -0.036980 -0.025275 0.101913
v -0.037021 -0.025271 0.101913
v -0.001850 -0.011937 0.132223
v -0.001844 -0.012013 0.132145
v -0.001846 -0.011984 0.132167
v -0.005533 -0.012097 0.131860
v -0.003696 -0.011997 0.132087
v -0.004073 -0.011998 0.132079
v -0.001852 -0.011922 0.132249
v -0.002043 -0.011925 0.132244
v -0.003699 -0.011984 0.132109
v -0.008244 -0.012302 0.131388
v -0.009162 -0.012414 0.131138
v -0.007356 -0.012236 0.131544
v -0.012206 -0.012793 0.130272
v -0.012703 -0.012887 0.130064
v -0.010946 -0.012632 0.130644
v -0.009169 -0.012404 0.131155
v -0.010168 -0.012515 0.130904
v -0.010953 -0.012622 0.130660
v -0.005537 -0.012085 0.131879
v -0.006107 -0.012120 0.131802
v -0.007361 -0.012226 0.131559
v -0.019385 -0.014278 0.126903
v -0.017775 -0.013876 0.127815
v -0.018009 -0.013912 0.127726
v -0.016122 -0.013510 0.128647
v -0.016139 -0.013496 0.128674
v -0.017792 -0.013864 0.127836
v -0.022462 -0.015183 0.124846
v -0.020949 -0.014714 0.125912
v -0.021680 -0.014913 0.125453
v -0.022478 -0.015174 0.124860
v -0.023360 -0.015463 0.124204
v -0.023921 -0.015684 0.123708
v -0.019400 -0.014268 0.126918
v -0.019912 -0.014399 0.126621
v -0.020964 -0.014705 0.125926
v -0.012713 -0.012876 0.130082
v -0.014253 -0.013130 0.129505
v -0.014430 -0.013180 0.129397
v -0.014444 -0.013167 0.129421
v -0.016098 -0.013487 0.128694
v -0.030286 -0.018627 0.117021
v -0.029148 -0.017984 0.118480
v -0.029561 -0.018180 0.118027
v -0.027939 -0.017368 0.119882
v -0.028138 -0.017438 0.119715
v -0.029171 -0.017977 0.118490
v -0.032096 -0.019767 0.114421
v -0.032341 -0.019981 0.113944
v -0.031352 -0.019293 0.115508
v -0.032368 -0.019974 0.113951
v -0.033196 -0.020602 0.112524
v -0.033254 -0.020689 0.112333
v -0.033287 -0.020682 0.112342
v -0.034086 -0.021417 0.110680
v -0.030308 -0.018620 0.117029
v -0.030863 -0.018946 0.116287
v -0.031374 -0.019286 0.115514
v -0.035501 -0.022922 0.107261
v -0.034835 -0.022162 0.108988
v -0.035085 -0.022380 0.108482
v -0.035527 -0.022917 0.107262
v -0.035854 -0.023314 0.106361
v -0.036082 -0.023695 0.105503
v -0.037687 -0.027696 0.096401
v -0.037659 -0.027698 0.096406
v -0.037631 -0.027196 0.097538
v -0.037523 -0.026885 0.098252
v -0.037333 -0.026074 0.100087
v -0.037384 -0.026205 0.099790
v -0.037553 -0.026883 0.098248
v -0.036109 -0.023691 0.105503
v -0.036491 -0.024257 0.104217
v -0.036575 -0.024480 0.103719
v -0.036607 -0.024476 0.103719
v -0.037004 -0.025226 0.102014
v -0.001848 -0.011958 0.132194
v -0.003692 -0.012018 0.132058
v -0.005527 -0.012118 0.131831
v -0.007348 -0.012257 0.131515
v -0.009152 -0.012435 0.131110
v -0.010933 -0.012652 0.130617
v -0.012689 -0.012908 0.130037
v -0.014414 -0.013201 0.129371
v -0.016104 -0.013531 0.128622
v -0.017755 -0.013897 0.127790
v -0.019364 -0.014298 0.126879
v -0.020926 -0.014733 0.125889
v -0.022436 -0.015202 0.124825
v -0.023894 -0.015703 0.123687
v -0.025293 -0.016234 0.122479
v -0.025322 -0.016216 0.122499
v -0.026632 -0.016796 0.121204
v -0.026662 -0.016778 0.121222
v -0.027907 -0.017386 0.119865
v -0.029114 -0.018002 0.118464
v -0.030251 -0.018643 0.117007
v -0.031316 -0.019309 0.115495
v -0.032304 -0.019997 0.113932
v -0.033215 -0.020705 0.112324
v -0.034046 -0.021432 0.110672
v -0.034794 -0.022176 0.108981
v -0.035459 -0.022936 0.107256
v -0.036039 -0.023709 0.105501
v -0.036532 -0.024493 0.103719
v -0.036936 -0.025287 0.101915
v -0.037252 -0.026089 0.100093
v -0.037477 -0.026897 0.098258
v -0.037613 -0.027709 0.096414
v -0.037658 -0.028523 0.094566
v -0.034121 -0.021410 0.110687
v -0.034207 -0.021485 0.110516
v -0.034865 -0.022156 0.108991
v -0.003688 -0.012043 0.132032
v -0.005521 -0.012143 0.131805
v -0.007340 -0.012282 0.131490
v -0.009142 -0.012460 0.131085
v -0.010922 -0.012678 0.130592
v -0.012676 -0.012932 0.130013
v -0.014399 -0.013226 0.129348
v -0.016087 -0.013555 0.128598
v -0.017736 -0.013921 0.127768
v -0.019343 -0.014322 0.126858
v -0.020903 -0.014758 0.125869
v -0.022412 -0.015227 0.124805
v -0.023868 -0.015727 0.123669
v -0.025266 -0.016259 0.122462
v -0.026603 -0.016820 0.121188
v -0.027876 -0.017409 0.119850
v -0.029082 -0.018025 0.118451
v -0.030218 -0.018667 0.116995
v -0.031281 -0.019332 0.115485
v -0.032268 -0.020020 0.113924
v -0.033178 -0.020728 0.112316
v -0.034008 -0.021455 0.110667
v -0.034755 -0.022198 0.108978
v -0.035419 -0.022958 0.107254
v -0.035998 -0.023731 0.105501
v -0.036490 -0.024515 0.103721
v -0.036893 -0.025308 0.101919
v -0.037208 -0.026110 0.100099
v -0.037434 -0.026918 0.098266
v -0.037569 -0.027729 0.096424
v -0.037613 -0.028542 0.094578
v -0.037567 -0.029356 0.092732
v -0.023938 -0.015676 0.123720
v -0.025061 -0.016089 0.122781
v -0.025345 -0.016206 0.122514
v -0.026678 -0.016759 0.121258
v -0.027966 -0.017358 0.119897
v -0.003684 -0.012073 0.132009
v -0.005515 -0.012172 0.131783
v -0.007333 -0.012311 0.131468
v -0.009134 -0.012490 0.131063
v -0.010912 -0.012707 0.130571
v -0.012663 -0.012962 0.129992
v -0.014384 -0.013255 0.129328
v -0.016071 -0.013585 0.128579
v -0.017719 -0.013951 0.127750
v -0.019324 -0.014352 0.126840
v -0.020883 -0.014787 0.125852
v -0.022391 -0.015256 0.124789
v -0.023845 -0.015757 0.123654
v -0.025241 -0.016288 0.122449
v -0.026577 -0.016849 0.121176
v -0.027849 -0.017439 0.119839
v -0.029053 -0.018055 0.118441
v -0.030188 -0.018696 0.116987
v -0.031250 -0.019362 0.115478
v -0.032236 -0.020049 0.113918
v -0.033144 -0.020757 0.112313
v -0.033973 -0.021484 0.110665
v -0.034720 -0.022228 0.108977
v -0.035383 -0.022987 0.107255
v -0.035961 -0.023760 0.105503
v -0.036452 -0.024544 0.103725
v -0.036855 -0.025338 0.101925
v -0.037169 -0.026140 0.100107
v -0.037394 -0.026947 0.098276
v -0.037529 -0.027758 0.096436
v -0.037573 -0.028572 0.094592
v -0.037526 -0.029385 0.092748
v -0.037390 -0.030196 0.090909
v -0.025218 -0.040850 0.066759
v -0.026554 -0.040290 0.068029
v -0.027858 -0.039672 0.069320
v -0.027826 -0.039701 0.069363
v -0.029064 -0.039056 0.070717
v -0.029031 -0.039085 0.070759
v -0.030200 -0.038414 0.072172
v -0.030166 -0.038444 0.072212
v -0.031264 -0.037750 0.073681
v -0.031228 -0.037779 0.073719
v -0.032252 -0.037063 0.075240
v -0.032216 -0.037092 0.075276
v -0.033163 -0.036355 0.076846
v -0.033125 -0.036384 0.076880
v -0.033994 -0.035628 0.078495
v -0.033955 -0.035658 0.078527
v -0.034743 -0.034885 0.080183
v -0.034704 -0.034914 0.080213
v -0.035408 -0.034126 0.081905
v -0.035369 -0.034155 0.081933
v -0.035988 -0.033354 0.083658
v -0.035948 -0.033383 0.083684
v -0.036481 -0.032570 0.085437
v -0.036441 -0.032599 0.085461
v -0.036887 -0.031776 0.087239
v -0.036846 -0.031806 0.087261
v -0.037203 -0.030975 0.089058
v -0.037163 -0.031004 0.089078
v -0.037430 -0.030167 0.090890
v -0.014385 -0.043851 0.059836
v -0.016061 -0.043534 0.060612
v -0.016071 -0.043522 0.060584
v -0.017709 -0.043169 0.061441
v -0.017720 -0.043156 0.061413
v -0.019314 -0.042768 0.062349
v -0.019326 -0.042755 0.062322
v -0.020872 -0.042333 0.063335
v -0.020885 -0.042320 0.063309
v -0.022394 -0.041853 0.064371
v -0.020860 -0.042349 0.063361
v -0.019303 -0.042784 0.062375
v -0.017699 -0.043185 0.061467
v -0.001842 -0.045103 0.057053
v -0.001842 -0.045120 0.057082
v -0.003682 -0.045044 0.057188
v -0.003679 -0.045060 0.057217
v -0.005512 -0.044944 0.057414
v -0.005508 -0.044961 0.057443
v -0.007328 -0.044805 0.057728
v -0.007324 -0.044822 0.057757
v -0.009127 -0.044627 0.058132
v -0.009121 -0.044644 0.058161
v -0.010904 -0.044411 0.058624
v -0.010898 -0.044427 0.058652
v -0.012655 -0.044156 0.059202
v -0.012648 -0.044172 0.059230
v -0.014375 -0.043863 0.059865
v -0.014367 -0.043880 0.059892
v -0.016052 -0.043551 0.060639
v -0.001846 -0.045080 0.056958
v -0.001844 -0.045091 0.057021
v -0.003689 -0.045020 0.057094
v -0.003684 -0.045031 0.057157
v -0.005523 -0.044921 0.057320
v -0.005515 -0.044932 0.057383
v -0.007343 -0.044781 0.057635
v -0.007333 -0.044793 0.057698
v -0.009146 -0.044603 0.058040
v -0.009133 -0.044615 0.058102
v -0.010927 -0.044386 0.058533
v -0.010911 -0.044398 0.058594
v -0.012681 -0.044131 0.059112
v -0.012663 -0.044143 0.059173
v -0.014405 -0.043839 0.059777
v -0.016094 -0.043509 0.060526
v -0.017745 -0.043143 0.061357
v -0.019353 -0.042742 0.062267
v -0.020914 -0.042307 0.063255
v -0.022425 -0.041839 0.064319
v -0.023882 -0.041338 0.065456
v -0.027895 -0.039657 0.069275
v -0.029103 -0.039041 0.070675
v -0.030240 -0.038399 0.072132
v -0.031305 -0.037734 0.073643
v -0.032294 -0.037047 0.075204
v -0.033205 -0.036338 0.076812
v -0.034037 -0.035612 0.078463
v -0.034787 -0.034868 0.080153
v -0.035453 -0.034108 0.081877
v -0.036033 -0.033336 0.083633
v -0.036526 -0.032551 0.085414
v -0.036932 -0.031758 0.087218
v -0.037249 -0.030956 0.089039
v -0.037475 -0.030148 0.090874
v -0.037612 -0.029336 0.092718
v -0.037704 -0.028512 0.094556
v -0.037659 -0.029326 0.092706
v -0.037295 -0.030947 0.089023
v -0.037522 -0.030139 0.090860
v -0.037556 -0.030192 0.090728
v -0.037743 -0.028193 0.095271
v -0.037735 -0.028511 0.094549
v -0.037718 -0.029192 0.093001
v -0.037696 -0.029326 0.092698
v -0.037565 -0.030139 0.090849
v -0.036822 -0.032171 0.086232
v -0.036573 -0.032544 0.085394
v -0.036979 -0.031749 0.087200
v -0.037329 -0.030947 0.089012
v -0.037258 -0.031184 0.088473
v -0.037008 -0.031750 0.087187
v -0.034082 -0.035607 0.078434
v -0.034832 -0.034862 0.080126
v -0.034720 -0.035031 0.079731
v -0.034110 -0.035610 0.078415
v -0.033759 -0.035944 0.077656
v -0.033250 -0.036334 0.076781
v -0.027957 -0.039661 0.069208
v -0.027934 -0.039655 0.069234
v -0.028701 -0.039301 0.070027
v -0.029143 -0.039039 0.070635
v -0.030315 -0.038404 0.072065
v -0.030170 -0.038494 0.071860
v -0.029168 -0.039044 0.070610
v -0.033277 -0.036338 0.076761
v -0.032681 -0.036824 0.075655
v -0.032337 -0.037043 0.075171
v -0.032367 -0.037047 0.075148
v -0.031475 -0.037681 0.073707
v -0.036602 -0.032545 0.085380
v -0.036254 -0.033141 0.084026
v -0.036079 -0.033329 0.083610
v -0.036114 -0.033331 0.083594
v -0.035498 -0.034102 0.081853
v -0.035550 -0.034098 0.081852
v -0.034867 -0.034865 0.080106
v -0.026658 -0.040245 0.067894
v -0.025317 -0.040807 0.066618
v -0.025282 -0.040807 0.066663
v -0.027190 -0.040033 0.068362
v -0.026683 -0.040252 0.067865
v -0.025610 -0.040714 0.066815
v -0.025345 -0.040815 0.066584
v -0.023916 -0.041339 0.065409
v -0.023947 -0.041350 0.065369
v -0.023900 -0.041368 0.065329
v -0.022457 -0.041840 0.064271
v -0.019381 -0.042744 0.062215
v -0.020944 -0.042308 0.063205
v -0.020430 -0.042478 0.062805
v -0.016714 -0.043404 0.060701
v -0.016118 -0.043511 0.060471
v -0.017771 -0.043145 0.061303
v -0.019398 -0.042752 0.062183
v -0.018553 -0.042976 0.061673
v -0.017788 -0.043154 0.061268
v -0.022483 -0.041850 0.064234
v -0.022243 -0.041931 0.064049
v -0.020964 -0.042317 0.063171
v -0.009160 -0.044607 0.057982
v -0.010943 -0.044390 0.058475
v -0.010709 -0.044438 0.058350
v -0.012700 -0.044134 0.059056
v -0.012676 -0.044157 0.058991
v -0.010956 -0.044403 0.058431
v -0.006366 -0.044883 0.057340
v -0.005531 -0.044924 0.057260
v -0.007354 -0.044785 0.057576
v -0.001852 -0.045097 0.056853
v -0.001849 -0.045084 0.056898
v -0.002172 -0.045093 0.056862
v -0.003695 -0.045024 0.057034
v -0.005537 -0.044935 0.057221
v -0.004336 -0.045011 0.057049
v -0.003699 -0.045035 0.056994
v -0.009169 -0.044618 0.057943
v -0.008589 -0.044685 0.057789
v -0.007360 -0.044794 0.057541
v -0.016134 -0.043521 0.060436
v -0.014707 -0.043808 0.059782
v -0.014426 -0.043842 0.059721
v -0.014443 -0.043854 0.059679
v -0.012717 -0.044149 0.059007
v -0.037322 -0.030323 0.090961
v -0.037096 -0.031131 0.089134
v -0.037458 -0.029510 0.092797
v -0.037504 -0.028696 0.094637
v -0.036781 -0.031934 0.087320
v -0.036377 -0.032729 0.085524
v -0.035886 -0.033514 0.083750
v -0.035308 -0.034288 0.082003
v -0.034645 -0.035048 0.080285
v -0.033070 -0.036521 0.076959
v -0.032162 -0.037229 0.075358
v -0.033898 -0.035793 0.078603
v -0.030117 -0.038584 0.072299
v -0.031178 -0.037918 0.073803
v -0.028984 -0.039226 0.070848
v -0.027782 -0.039843 0.069455
v -0.026513 -0.040433 0.068122
v -0.023785 -0.041527 0.065652
v -0.022334 -0.042029 0.064519
v -0.025179 -0.040995 0.066853
v -0.019275 -0.042933 0.062476
v -0.020829 -0.042498 0.063460
v -0.017673 -0.043335 0.061570
v -0.016029 -0.043701 0.060742
v -0.014347 -0.044031 0.059997
v -0.012630 -0.044324 0.059335
v -0.010882 -0.044580 0.058758
v -0.009109 -0.044797 0.058267
v -0.007314 -0.044976 0.057864
v -0.005501 -0.045115 0.057550
v -0.003674 -0.045215 0.057325
v -0.001839 -0.045275 0.057189
v -0.025196 -0.040892 0.066800
v -0.023810 -0.041401 0.065577
v -0.023801 -0.041423 0.065597
v -0.022357 -0.041901 0.064444
v -0.022348 -0.041924 0.064465
v -0.020850 -0.042369 0.063384
v -0.020842 -0.042392 0.063405
v -0.019293 -0.042804 0.062399
v -0.019286 -0.042827 0.062421
v -0.017690 -0.043205 0.061492
v -0.017683 -0.043228 0.061514
v -0.016044 -0.043570 0.060664
v -0.017675 -0.043280 0.061548
v -0.016033 -0.043619 0.060705
v -0.016030 -0.043646 0.060721
v -0.014351 -0.043949 0.059960
v -0.014348 -0.043976 0.059976
v -0.012633 -0.044241 0.059298
v -0.012631 -0.044268 0.059314
v -0.010885 -0.044496 0.058721
v -0.010883 -0.044523 0.058737
v -0.009111 -0.044713 0.058230
v -0.009109 -0.044741 0.058247
v -0.007315 -0.044892 0.057828
v -0.007314 -0.044919 0.057843
v -0.005502 -0.045031 0.057513
v -0.005501 -0.045058 0.057529
v -0.003675 -0.045130 0.057288
v -0.003674 -0.045158 0.057304
v -0.001839 -0.045190 0.057153
v -0.001839 -0.045218 0.057169
v -0.001841 -0.045141 0.057109
v -0.001840 -0.045164 0.057133
v -0.003678 -0.045081 0.057244
v -0.003676 -0.045104 0.057268
v -0.005506 -0.044981 0.057470
v -0.005504 -0.045004 0.057493
v -0.007320 -0.044842 0.057784
v -0.007317 -0.044866 0.057808
v -0.009117 -0.044664 0.058187
v -0.009113 -0.044687 0.058211
v -0.010893 -0.044447 0.058678
v -0.010888 -0.044470 0.058701
v -0.012642 -0.044192 0.059256
v -0.012637 -0.044216 0.059279
v -0.014360 -0.043900 0.059918
v -0.014355 -0.043923 0.059940
v -0.016038 -0.043593 0.060686
v -0.003677 -0.012175 0.131971
v -0.005504 -0.012275 0.131746
v -0.001841 -0.012115 0.132107
v -0.007318 -0.012414 0.131431
v -0.009115 -0.012592 0.131028
v -0.010889 -0.012810 0.130536
v -0.012637 -0.013065 0.129959
v -0.014355 -0.013359 0.129296
v -0.016039 -0.013689 0.128550
v -0.017683 -0.014055 0.127721
v -0.019285 -0.014457 0.126814
v -0.020840 -0.014892 0.125829
v -0.022346 -0.015362 0.124768
v -0.023797 -0.015863 0.123635
v -0.025191 -0.016395 0.122432
v -0.026524 -0.016957 0.121163
v -0.027793 -0.017547 0.119829
v -0.028996 -0.018164 0.118434
v -0.030128 -0.018807 0.116983
v -0.031188 -0.019473 0.115478
v -0.032173 -0.020161 0.113922
v -0.033080 -0.020870 0.112319
v -0.033907 -0.021598 0.110675
v -0.034653 -0.022343 0.108992
v -0.035315 -0.023103 0.107273
v -0.035892 -0.023877 0.105525
v -0.036382 -0.024662 0.103751
v -0.037099 -0.026260 0.100140
v -0.036785 -0.025457 0.101954
v -0.037324 -0.027069 0.098313
v -0.037459 -0.027881 0.096477
v -0.019276 -0.042878 0.062455
v -0.020832 -0.042443 0.063439
v -0.022337 -0.041975 0.064498
v -0.023789 -0.041473 0.065630
v -0.025183 -0.040942 0.066832
v -0.026517 -0.040380 0.068101
v -0.027787 -0.039791 0.069433
v -0.028990 -0.039174 0.070827
v -0.030123 -0.038533 0.072278
v -0.031184 -0.037867 0.073782
v -0.032170 -0.037179 0.075337
v -0.033078 -0.036471 0.076939
v -0.033906 -0.035744 0.078583
v -0.034654 -0.034999 0.080266
v -0.035317 -0.034240 0.081983
v -0.035896 -0.033467 0.083732
v -0.036388 -0.032682 0.085506
v -0.036792 -0.031888 0.087303
v -0.037108 -0.031085 0.089117
v -0.037335 -0.030277 0.090945
v -0.037471 -0.029465 0.092781
v -0.037517 -0.028651 0.094623
v -0.037473 -0.027837 0.096464
v -0.037338 -0.027025 0.098300
v -0.037114 -0.026217 0.100129
v -0.036800 -0.025414 0.101944
v -0.036397 -0.024620 0.103741
v -0.035907 -0.023835 0.105516
v -0.035330 -0.023062 0.107265
v -0.034668 -0.022302 0.108984
v -0.033922 -0.021557 0.110669
v -0.033094 -0.020830 0.112314
v -0.032187 -0.020122 0.113917
v -0.031202 -0.019433 0.115474
v -0.030142 -0.018768 0.116981
v -0.029009 -0.018126 0.118433
v -0.027807 -0.017509 0.119828
v -0.026537 -0.016919 0.121163
v -0.025203 -0.016358 0.122434
v -0.023808 -0.015826 0.123637
v -0.022357 -0.015325 0.124771
v -0.020851 -0.014856 0.125832
v -0.019295 -0.014420 0.126818
v -0.017692 -0.014019 0.127726
v -0.016047 -0.013653 0.128555
v -0.014363 -0.013323 0.129301
v -0.012644 -0.013030 0.129965
v -0.010895 -0.012774 0.130543
v -0.009120 -0.012557 0.131034
v -0.007322 -0.012379 0.131438
v -0.005507 -0.012239 0.131753
v -0.003679 -0.012139 0.131979
v -0.026531 -0.040331 0.068069
v -0.027801 -0.039742 0.069402
v -0.029005 -0.039126 0.070796
v -0.030139 -0.038485 0.072248
v -0.031201 -0.037820 0.073754
v -0.032188 -0.037132 0.075309
v -0.033097 -0.036424 0.076912
v -0.033926 -0.035697 0.078558
v -0.034674 -0.034954 0.080241
v -0.035338 -0.034194 0.081960
v -0.035917 -0.033422 0.083709
v -0.036409 -0.032637 0.085485
v -0.036815 -0.031844 0.087283
v -0.037131 -0.031042 0.089098
v -0.037357 -0.030234 0.090927
v -0.037494 -0.029423 0.092765
v -0.037541 -0.028609 0.094607
v -0.037496 -0.027795 0.096450
v -0.037362 -0.026983 0.098288
v -0.037137 -0.026176 0.100117
v -0.036823 -0.025374 0.101933
v -0.036421 -0.024580 0.103732
v -0.035930 -0.023795 0.105509
v -0.035352 -0.023023 0.107259
v -0.034690 -0.022263 0.108980
v -0.033944 -0.021519 0.110665
v -0.033116 -0.020792 0.112312
v -0.032208 -0.020084 0.113916
v -0.031223 -0.019396 0.115474
v -0.030162 -0.018731 0.116982
v -0.029029 -0.018089 0.118435
v -0.027825 -0.017473 0.119831
v -0.026555 -0.016883 0.121167
v -0.025220 -0.016321 0.122439
v -0.023825 -0.015790 0.123643
v -0.022372 -0.015289 0.124778
v -0.020865 -0.014820 0.125840
v -0.019308 -0.014385 0.126827
v -0.017704 -0.013984 0.127735
v -0.016058 -0.013618 0.128564
v -0.014372 -0.013288 0.129312
v -0.012652 -0.012995 0.129976
v -0.010902 -0.012739 0.130554
v -0.009126 -0.012522 0.131046
v -0.007327 -0.012344 0.131451
v -0.005511 -0.012205 0.131766
v -0.003681 -0.012105 0.131992
v -0.001843 -0.012045 0.132127
v -0.005604 -0.045005 0.057062
v -0.003778 -0.045126 0.056789
v -0.025659 -0.040837 0.066536
v 0.001874 -0.011589 0.133008
v 0.003778 -0.011630 0.132914
v 0.005604 -0.011750 0.132641
v 0.007461 -0.011872 0.132363
v 0.007521 -0.011876 0.132354
v 0.009280 -0.012072 0.131910
v -0.007461 -0.044883 0.057339
v -0.007521 -0.044879 0.057348
v -0.009280 -0.044684 0.057793
v -0.011102 -0.044481 0.058253
v -0.011194 -0.044471 0.058276
v -0.012867 -0.044205 0.058881
v -0.014635 -0.043924 0.059519
v -0.014764 -0.043903 0.059566
v 0.011102 -0.012275 0.131450
v 0.011194 -0.012285 0.131426
v 0.012867 -0.012551 0.130822
v -0.016330 -0.043574 0.060315
v -0.018026 -0.043217 0.061126
v -0.018197 -0.043181 0.061208
v -0.019637 -0.042797 0.062081
v -0.005604 -0.011748 0.132645
v -0.004333 -0.011656 0.132855
v -0.003747 -0.011639 0.132894
v -0.001874 -0.011584 0.133019
v -0.000755 -0.011551 0.133094
v 0.000000 -0.011548 0.133101
v -0.028302 -0.039667 0.069194
v -0.027047 -0.040278 0.067805
v -0.014625 -0.012841 0.130162
v -0.012869 -0.012548 0.130828
v -0.011757 -0.012362 0.131249
v -0.011095 -0.012284 0.131427
v -0.009281 -0.012070 0.131915
v -0.008082 -0.011928 0.132238
v -0.007457 -0.011883 0.132340
v 0.014635 -0.012831 0.130183
v 0.014764 -0.012852 0.130137
v -0.022754 -0.041880 0.064164
v -0.024255 -0.041383 0.065295
v -0.019641 -0.013956 0.127629
v -0.018762 -0.013712 0.128183
v -0.018014 -0.013547 0.128556
v -0.016334 -0.013179 0.129394
v -0.015331 -0.012959 0.129894
v 0.016331 -0.013181 0.129388
v 0.018026 -0.013538 0.128577
v 0.018197 -0.013575 0.128495
v 0.019637 -0.013959 0.127621
v 0.019641 -0.042800 0.062074
v 0.011095 -0.044471 0.058275
v 0.009281 -0.044686 0.057787
v 0.008082 -0.044828 0.057465
v 0.007457 -0.044873 0.057362
v 0.005604 -0.045007 0.057057
v 0.004333 -0.045099 0.056848
v 0.003747 -0.045117 0.056809
v 0.001874 -0.045171 0.056684
v 0.000755 -0.045205 0.056609
v 0.000000 -0.045208 0.056601
v -0.001874 -0.045167 0.056694
v -0.021244 -0.042367 0.063057
v -0.021461 -0.042309 0.063190
v -0.024522 -0.041294 0.065496
v 0.021244 -0.014388 0.126645
v 0.021461 -0.014446 0.126513
v 0.022754 -0.014875 0.125539
v 0.024522 -0.015462 0.124206
v 0.025659 -0.015919 0.123167
v 0.027047 -0.016477 0.121898
v 0.028302 -0.017089 0.120509
v 0.016334 -0.043577 0.060308
v 0.015331 -0.043796 0.059809
v 0.014625 -0.043914 0.059541
v 0.012869 -0.044208 0.058875
v 0.011757 -0.044393 0.058454
v 0.024255 -0.015373 0.124407
v 0.018763 -0.043044 0.061520
v 0.018014 -0.043208 0.061146
v -0.029563 -0.039053 0.070589
v -0.029638 -0.039017 0.070672
v -0.030681 -0.038392 0.072092
v -0.024239 -0.015381 0.124390
v -0.022761 -0.014871 0.125547
v -0.022022 -0.014617 0.126125
v -0.021229 -0.014397 0.126626
v 0.029563 -0.017702 0.119114
v 0.029638 -0.017739 0.119031
v 0.030681 -0.018364 0.117611
v -0.031794 -0.037725 0.073607
v 0.021229 -0.042359 0.063076
v 0.022023 -0.042138 0.063578
v 0.022761 -0.041884 0.064155
v 0.024239 -0.041375 0.065312
v -0.031936 -0.037640 0.073800
v -0.032764 -0.037021 0.075208
v 0.031794 -0.019030 0.116096
v 0.031936 -0.019115 0.115902
v -0.035543 -0.034596 0.080719
v -0.035316 -0.034814 0.080222
v 0.032764 -0.019735 0.114494
v 0.033717 -0.020448 0.112874
v 0.033912 -0.020594 0.112543
v 0.034533 -0.021190 0.111188
v -0.033717 -0.036308 0.076828
v -0.033912 -0.036162 0.077160
v -0.034533 -0.035566 0.078514
v 0.028317 -0.039673 0.069182
v -0.028317 -0.017083 0.120521
v -0.027859 -0.016846 0.121060
v -0.027015 -0.016489 0.121871
v -0.025662 -0.015917 0.123171
v -0.025069 -0.015666 0.123741
v 0.029531 -0.039043 0.070612
v -0.035970 -0.034042 0.081978
v -0.036573 -0.033260 0.083756
v 0.030385 -0.038601 0.071618
v 0.030701 -0.038398 0.072078
v 0.025069 -0.041089 0.065962
v 0.025662 -0.040838 0.066532
v 0.027015 -0.040266 0.067832
v 0.027859 -0.039910 0.068643
v -0.033688 -0.020453 0.112862
v -0.032791 -0.019729 0.114508
v -0.032604 -0.019578 0.114851
v -0.031762 -0.019038 0.116078
v -0.030701 -0.018358 0.117624
v -0.030385 -0.018155 0.118085
v -0.029531 -0.017712 0.119091
v 0.033688 -0.036302 0.076841
v 0.032791 -0.037027 0.075195
v 0.032604 -0.037178 0.074852
v 0.031762 -0.037718 0.073625
v -0.036804 -0.032960 0.084437
v -0.037062 -0.032464 0.085565
v -0.034485 -0.021097 0.111399
v -0.034567 -0.021184 0.111202
v 0.035316 -0.021941 0.109480
v 0.035543 -0.022159 0.108984
v 0.035970 -0.022713 0.107725
v 0.036574 -0.023496 0.105946
v 0.036805 -0.023796 0.105265
v 0.037062 -0.024292 0.104137
v 0.037479 -0.025097 0.102307
v -0.037479 -0.031658 0.087396
v -0.037681 -0.031270 0.088279
v -0.037798 -0.030846 0.089243
v -0.038025 -0.030026 0.091106
v -0.036553 -0.023498 0.105942
v -0.036006 -0.022699 0.107758
v -0.035290 -0.021945 0.109472
v 0.037681 -0.025486 0.101423
v 0.037798 -0.025910 0.100460
v 0.038025 -0.026730 0.098596
v 0.035290 -0.034811 0.080231
v 0.036006 -0.034057 0.081944
v 0.034567 -0.035572 0.078501
v 0.034485 -0.035659 0.078303
v -0.038158 -0.029546 0.092197
v -0.038171 -0.029203 0.092975
v -0.038205 -0.028378 0.094852
v -0.037465 -0.025098 0.102305
v -0.037145 -0.024363 0.103977
v -0.037095 -0.024289 0.104143
v 0.038158 -0.027210 0.097506
v 0.038171 -0.027552 0.096728
v -0.038227 -0.027806 0.096150
v -0.038178 -0.027553 0.096726
v -0.038018 -0.026730 0.098597
v -0.037889 -0.026073 0.100090
v -0.037818 -0.025910 0.100461
v 0.038205 -0.028378 0.094851
v 0.038228 -0.028949 0.093553
v 0.038178 -0.029203 0.092977
v 0.038018 -0.030026 0.091106
v 0.037465 -0.031657 0.087397
v 0.037145 -0.032393 0.085726
v 0.037095 -0.032466 0.085560
v 0.036553 -0.033258 0.083761
v 0.037889 -0.030683 0.089613
v 0.037818 -0.030846 0.089242
v 0.023071 -0.041790 0.063715
v 0.023087 -0.041745 0.063673
v 0.024584 -0.041233 0.064846
v 0.021520 -0.042269 0.062619
v 0.021535 -0.042224 0.062576
v 0.000000 -0.011205 0.133387
v 0.000000 -0.011229 0.133378
v 0.001897 -0.011250 0.133333
v 0.000000 -0.011410 0.133284
v 0.000000 -0.011421 0.133272
v 0.001888 -0.011443 0.133227
v 0.038159 -0.030020 0.091097
v 0.036297 -0.033992 0.081856
v 0.035620 -0.034766 0.080091
v 0.035699 -0.034707 0.080034
v 0.012928 -0.044253 0.058741
v 0.014684 -0.043955 0.059419
v 0.021316 -0.042394 0.062966
v 0.000000 -0.045243 0.056483
v 0.000000 -0.045248 0.056375
v 0.001889 -0.045229 0.056422
v 0.000000 -0.045248 0.056359
v 0.000000 -0.045223 0.056238
v 0.001895 -0.045206 0.056295
v 0.021448 -0.042367 0.062768
v 0.021476 -0.042341 0.062716
v 0.023050 -0.041829 0.063762
v 0.014778 -0.043934 0.059194
v 0.014733 -0.043960 0.059310
v 0.013011 -0.044234 0.058511
v 0.012971 -0.044259 0.058630
v 0.011212 -0.044495 0.057915
v 0.011177 -0.044520 0.058036
v 0.009385 -0.044718 0.057408
v 0.009356 -0.044742 0.057531
v 0.007536 -0.044900 0.056992
v 0.007512 -0.044924 0.057116
v 0.005668 -0.045043 0.056667
v 0.005650 -0.045066 0.056793
v 0.003786 -0.045144 0.056435
v 0.003774 -0.045168 0.056561
v 0.000000 -0.045239 0.056496
v 0.001883 -0.045221 0.056542
v 0.009324 -0.044734 0.057647
v 0.007487 -0.044916 0.057234
v 0.005631 -0.045058 0.056912
v 0.003761 -0.045159 0.056681
v 0.011140 -0.044513 0.058150
v 0.022994 -0.041887 0.063860
v 0.022927 -0.041916 0.063960
v 0.021384 -0.042395 0.062871
v 0.022855 -0.041917 0.064051
v 0.016406 -0.043619 0.060183
v 0.019726 -0.042838 0.061959
v 0.025764 -0.040866 0.066441
v 0.019849 -0.042812 0.061753
v 0.019790 -0.042839 0.061860
v 0.034935 -0.035466 0.078300
v 0.034857 -0.035525 0.078361
v 0.034086 -0.036208 0.076605
v 0.034010 -0.036267 0.076670
v 0.033156 -0.036931 0.074953
v 0.033081 -0.036990 0.075023
v 0.032145 -0.037633 0.073350
v 0.032072 -0.037692 0.073423
v 0.031056 -0.038312 0.071797
v 0.030985 -0.038371 0.071875
v 0.029892 -0.038967 0.070300
v 0.029823 -0.039026 0.070381
v 0.028657 -0.039597 0.068861
v 0.028590 -0.039656 0.068946
v 0.027351 -0.040199 0.067485
v 0.027287 -0.040258 0.067574
v 0.025979 -0.040773 0.066174
v 0.027210 -0.040290 0.067661
v 0.028509 -0.039689 0.069029
v 0.029741 -0.039060 0.070460
v 0.030900 -0.038405 0.071949
v 0.031985 -0.037727 0.073493
v 0.032993 -0.037026 0.075088
v 0.033920 -0.036304 0.076730
v 0.034766 -0.035563 0.078417
v 0.035529 -0.034805 0.080142
v 0.036205 -0.034031 0.081902
v 0.036794 -0.033243 0.083694
v 0.027127 -0.040295 0.067739
v 0.028424 -0.039695 0.069103
v 0.030810 -0.038415 0.072013
v 0.029653 -0.039068 0.070529
v 0.034671 -0.035578 0.078463
v 0.033825 -0.036318 0.076781
v 0.032899 -0.037038 0.075143
v 0.031893 -0.037738 0.073553
v 0.035432 -0.034821 0.080183
v 0.036108 -0.034049 0.081939
v 0.036697 -0.033263 0.083726
v 0.037198 -0.032465 0.085540
v 0.037930 -0.030842 0.089230
v 0.037609 -0.031657 0.087376
v 0.037706 -0.031636 0.087352
v 0.037295 -0.032444 0.085512
v 0.037387 -0.032404 0.085475
v 0.036887 -0.033204 0.083652
v 0.036967 -0.033144 0.083603
v 0.036377 -0.033932 0.081803
v 0.038296 -0.029195 0.092973
v 0.038254 -0.029996 0.091082
v 0.038025 -0.030819 0.089211
v 0.038117 -0.030777 0.089182
v 0.037798 -0.031594 0.087320
v 0.037879 -0.031534 0.087278
v 0.037468 -0.032344 0.085430
v 0.025918 -0.040832 0.066267
v 0.025844 -0.040863 0.066358
v 0.000000 -0.011361 0.133316
v 0.001891 -0.011384 0.133272
v 0.003777 -0.011444 0.133133
v 0.003770 -0.011503 0.133088
v 0.005654 -0.011546 0.132902
v 0.005644 -0.011605 0.132858
v 0.007518 -0.011687 0.132580
v 0.007505 -0.011746 0.132536
v 0.009364 -0.011869 0.132166
v 0.009347 -0.011928 0.132123
v 0.011187 -0.012089 0.131662
v 0.011167 -0.012148 0.131620
v 0.012984 -0.012349 0.131070
v 0.012960 -0.012408 0.131029
v 0.014749 -0.012647 0.130390
v 0.014722 -0.012706 0.130350
v 0.016479 -0.012982 0.129625
v 0.016449 -0.013041 0.129586
v 0.018169 -0.013354 0.128776
v 0.018136 -0.013413 0.128738
v 0.019816 -0.013762 0.127845
v 0.019779 -0.013821 0.127809
v 0.021415 -0.014205 0.126835
v 0.021375 -0.014264 0.126800
v 0.022963 -0.014682 0.125747
v 0.022920 -0.014741 0.125714
v 0.024455 -0.015191 0.124585
v 0.024410 -0.015250 0.124555
v 0.025890 -0.015732 0.123351
v 0.025841 -0.015791 0.123323
v 0.027261 -0.016303 0.122049
v 0.027210 -0.016362 0.122023
v 0.028568 -0.016902 0.120680
v 0.028514 -0.016962 0.120656
v 0.029806 -0.017529 0.119250
v 0.029749 -0.017589 0.119228
v 0.030972 -0.018182 0.117760
v 0.030913 -0.018241 0.117742
v 0.032064 -0.018859 0.116215
v 0.032002 -0.018918 0.116199
v 0.033079 -0.019558 0.114618
v 0.033015 -0.019618 0.114605
v 0.034014 -0.020279 0.112974
v 0.033948 -0.020339 0.112963
v 0.034868 -0.021019 0.111285
v 0.034800 -0.021078 0.111278
v 0.035638 -0.021776 0.109557
v 0.035568 -0.021836 0.109553
v 0.036322 -0.022549 0.107792
v 0.036250 -0.022609 0.107792
v 0.036919 -0.023336 0.105997
v 0.036846 -0.023395 0.106000
v 0.037428 -0.024134 0.104174
v 0.037353 -0.024194 0.104181
v 0.037846 -0.024943 0.102328
v 0.037770 -0.025002 0.102338
v 0.038173 -0.025759 0.100464
v 0.038096 -0.025819 0.100478
v 0.038409 -0.026582 0.098586
v 0.038331 -0.026642 0.098603
v 0.038553 -0.027409 0.096699
v 0.038474 -0.027469 0.096720
v 0.038603 -0.028238 0.094806
v 0.038523 -0.028298 0.094831
v 0.038561 -0.029067 0.092914
v 0.038480 -0.029127 0.092943
v 0.038426 -0.029894 0.091025
v 0.038345 -0.029953 0.091058
v 0.038199 -0.030717 0.089145
v 0.038341 -0.028367 0.094854
v 0.038293 -0.027541 0.096734
v 0.038153 -0.026715 0.098610
v 0.036683 -0.023474 0.105977
v 0.037186 -0.024271 0.104165
v 0.037600 -0.025079 0.102330
v 0.037922 -0.025894 0.100477
v 0.033804 -0.020422 0.112916
v 0.034651 -0.021161 0.111237
v 0.035414 -0.021917 0.109517
v 0.029627 -0.017675 0.119160
v 0.030785 -0.018327 0.117678
v 0.031869 -0.019004 0.116141
v 0.032876 -0.019702 0.114552
v 0.036092 -0.022689 0.107763
v 0.018065 -0.013505 0.128641
v 0.019702 -0.013912 0.127714
v 0.021292 -0.014355 0.126708
v 0.022830 -0.014831 0.125626
v 0.024313 -0.015340 0.124469
v 0.011124 -0.012241 0.131514
v 0.012910 -0.012500 0.130924
v 0.014665 -0.012798 0.130248
v 0.007476 -0.011839 0.132427
v 0.009311 -0.012020 0.132015
v 0.016385 -0.013133 0.129486
v 0.000000 -0.011490 0.133201
v 0.000000 -0.011512 0.133161
v 0.001884 -0.011494 0.133175
v 0.001880 -0.011536 0.133117
v 0.003763 -0.011554 0.133036
v 0.003756 -0.011597 0.132978
v 0.005633 -0.011656 0.132806
v 0.005623 -0.011698 0.132748
v 0.007490 -0.011797 0.132484
v 0.009329 -0.011978 0.132072
v 0.011146 -0.012199 0.131570
v 0.012935 -0.012459 0.130979
v 0.014693 -0.012756 0.130302
v 0.016417 -0.013092 0.129539
v 0.018101 -0.013464 0.128693
v 0.019741 -0.013872 0.127765
v 0.021334 -0.014315 0.126758
v 0.022875 -0.014791 0.125674
v 0.024362 -0.015300 0.124515
v 0.025789 -0.015841 0.123286
v 0.025738 -0.015880 0.123242
v 0.027155 -0.016412 0.121987
v 0.027101 -0.016450 0.121945
v 0.028456 -0.017011 0.120623
v 0.028398 -0.017049 0.120584
v 0.029689 -0.017638 0.119198
v 0.030850 -0.018290 0.117714
v 0.031936 -0.018967 0.116174
v 0.032946 -0.019667 0.114582
v 0.033877 -0.020387 0.112944
v 0.034726 -0.021126 0.111262
v 0.035492 -0.021883 0.109539
v 0.036172 -0.022656 0.107781
v 0.036766 -0.023442 0.105993
v 0.037271 -0.024240 0.104177
v 0.037686 -0.025048 0.102339
v 0.038010 -0.025865 0.100482
v 0.038244 -0.026687 0.098611
v 0.038385 -0.027513 0.096732
v 0.038434 -0.028341 0.094847
v 0.038390 -0.029169 0.092963
v 0.038689 -0.027095 0.096551
v 0.038693 -0.027174 0.096592
v 0.038743 -0.027592 0.095407
v 0.038741 -0.028001 0.094692
v 0.038666 -0.026885 0.097035
v 0.038645 -0.026680 0.097505
v 0.038551 -0.026350 0.098488
v 0.037027 -0.022959 0.106074
v 0.036919 -0.022819 0.106394
v 0.037063 -0.023111 0.105933
v 0.036465 -0.022326 0.107737
v 0.037572 -0.023908 0.104101
v 0.037586 -0.023831 0.104065
v 0.037077 -0.023035 0.105897
v 0.038088 -0.024828 0.101770
v 0.037990 -0.024714 0.102247
v 0.038316 -0.025529 0.100374
v 0.038546 -0.026271 0.098447
v 0.038402 -0.025669 0.099833
v 0.038320 -0.025451 0.100334
v 0.038074 -0.024791 0.101854
v 0.037997 -0.024637 0.102208
v 0.037608 -0.023864 0.103989
v 0.036475 -0.022252 0.107702
v 0.036337 -0.022075 0.108109
v 0.035780 -0.021555 0.109509
v 0.035188 -0.020889 0.110839
v 0.035008 -0.020799 0.111246
v 0.035530 -0.021204 0.110114
v 0.035788 -0.021482 0.109475
v 0.033399 -0.019387 0.114298
v 0.033214 -0.019341 0.114596
v 0.034152 -0.020060 0.112943
v 0.035013 -0.020727 0.111211
v 0.034519 -0.020274 0.112256
v 0.034160 -0.019989 0.112910
v 0.032197 -0.018643 0.116201
v 0.032216 -0.018571 0.116176
v 0.031101 -0.017967 0.117754
v 0.031118 -0.017896 0.117730
v 0.030958 -0.017798 0.117956
v 0.030176 -0.017374 0.118933
v 0.029931 -0.017316 0.119251
v 0.033230 -0.019269 0.114568
v 0.032934 -0.019064 0.115042
v 0.032296 -0.018620 0.116063
v 0.028031 -0.016300 0.121404
v 0.027378 -0.016091 0.122065
v 0.028689 -0.016690 0.120689
v 0.029942 -0.017247 0.119224
v 0.029511 -0.017013 0.119762
v 0.028699 -0.016622 0.120663
v 0.027389 -0.016024 0.122040
v 0.026965 -0.015842 0.122459
v 0.026000 -0.015521 0.123374
v 0.023062 -0.014473 0.125782
v 0.024561 -0.014981 0.124614
v 0.023345 -0.014494 0.125564
v 0.024579 -0.014912 0.124600
v 0.026455 -0.015622 0.122964
v 0.026014 -0.015454 0.123353
v 0.024746 -0.014969 0.124469
v 0.019913 -0.013490 0.127875
v 0.019903 -0.013555 0.127892
v 0.021144 -0.013816 0.127123
v 0.021509 -0.013997 0.126876
v 0.019373 -0.013347 0.128204
v 0.019225 -0.013308 0.128294
v 0.018249 -0.013148 0.128827
v 0.023080 -0.014404 0.125771
v 0.022957 -0.014362 0.125867
v 0.021521 -0.013930 0.126861
v 0.015198 -0.012439 0.130295
v 0.014814 -0.012441 0.130451
v 0.016552 -0.012776 0.129681
v 0.018258 -0.013083 0.128811
v 0.017246 -0.012849 0.129351
v 0.016561 -0.012712 0.129666
v 0.015103 -0.012423 0.130332
v 0.014825 -0.012375 0.130442
v 0.013041 -0.012144 0.131134
v 0.011001 -0.011782 0.131805
v 0.010602 -0.011737 0.131911
v 0.011237 -0.011885 0.131729
v 0.009406 -0.011664 0.132236
v 0.013113 -0.012083 0.131114
v 0.013054 -0.012075 0.131133
v 0.011246 -0.011818 0.131725
v 0.005942 -0.011295 0.132928
v 0.005680 -0.011342 0.132976
v 0.006587 -0.011335 0.132836
v 0.007552 -0.011483 0.132652
v 0.002202 -0.011117 0.133337
v 0.001899 -0.011180 0.133348
v 0.003794 -0.011241 0.133209
v 0.005683 -0.011279 0.132965
v 0.004401 -0.011199 0.133149
v 0.003797 -0.011176 0.133201
v 0.009412 -0.011600 0.132226
v 0.008835 -0.011533 0.132379
v 0.007555 -0.011420 0.132639
v 0.000000 -0.011090 0.133400
v 0.000000 -0.011159 0.133392
v 0.001193 -0.011105 0.133366
v 0.001901 -0.011114 0.133346
v 0.001193 -0.044742 0.055919
v 0.001233 -0.044742 0.055920
v 0.001903 -0.044840 0.055959
v 0.000000 -0.044750 0.055900
v 0.000000 -0.044859 0.055914
v 0.000000 -0.044873 0.055915
v 0.001900 -0.044724 0.055960
v 0.003430 -0.044684 0.056052
v 0.003802 -0.044778 0.056100
v 0.003797 -0.044665 0.056095
v 0.005692 -0.044677 0.056333
v 0.005587 -0.044574 0.056305
v 0.009413 -0.044241 0.057071
v 0.009425 -0.044354 0.057076
v 0.007683 -0.044416 0.056670
v 0.007568 -0.044535 0.056658
v 0.013068 -0.043873 0.058183
v 0.011260 -0.044133 0.057585
v 0.011939 -0.043931 0.057785
v 0.009826 -0.044200 0.057166
v 0.010600 -0.044101 0.057393
v 0.011244 -0.044020 0.057582
v 0.005685 -0.044567 0.056322
v 0.005942 -0.044547 0.056367
v 0.007559 -0.044425 0.056648
v 0.017997 -0.042825 0.060333
v 0.018283 -0.042867 0.060498
v 0.016561 -0.043130 0.059631
v 0.016583 -0.043240 0.059641
v 0.016015 -0.043245 0.059364
v 0.014844 -0.043575 0.058869
v 0.015098 -0.043413 0.058979
v 0.023074 -0.041434 0.063536
v 0.023101 -0.041539 0.063554
v 0.021827 -0.041826 0.062633
v 0.021546 -0.042016 0.062456
v 0.023347 -0.041348 0.063733
v 0.023616 -0.041263 0.063928
v 0.024601 -0.041030 0.064726
v 0.018262 -0.042760 0.060482
v 0.019368 -0.042490 0.061103
v 0.019939 -0.042459 0.061437
v 0.019939 -0.042351 0.061424
v 0.021523 -0.041910 0.062438
v 0.013048 -0.043760 0.058179
v 0.013990 -0.043615 0.058514
v 0.014822 -0.043463 0.058863
v 0.026973 -0.040002 0.066833
v 0.027418 -0.039919 0.067283
v 0.026041 -0.040490 0.065970
v 0.024571 -0.040925 0.064707
v 0.025332 -0.040656 0.065327
v 0.026010 -0.040385 0.065950
v 0.027056 -0.039969 0.066909
v 0.027392 -0.039818 0.067257
v 0.028729 -0.039320 0.068662
v 0.029970 -0.038693 0.070104
v 0.030058 -0.038542 0.070194
v 0.030185 -0.038470 0.070360
v 0.031139 -0.038040 0.071605
v 0.028613 -0.039269 0.068518
v 0.028708 -0.039221 0.068630
v 0.029950 -0.038595 0.070070
v 0.032936 -0.036777 0.074257
v 0.033249 -0.036665 0.074769
v 0.032648 -0.036986 0.073777
v 0.032233 -0.037364 0.073161
v 0.034803 -0.035320 0.077612
v 0.035038 -0.035206 0.078125
v 0.034185 -0.035945 0.076425
v 0.033223 -0.036569 0.074736
v 0.033777 -0.036168 0.075659
v 0.034161 -0.035851 0.076389
v 0.031114 -0.037943 0.071573
v 0.031441 -0.037757 0.072001
v 0.032207 -0.037267 0.073129
v 0.035807 -0.034449 0.079864
v 0.035794 -0.034360 0.079823
v 0.036490 -0.033677 0.081639
v 0.036481 -0.033589 0.081597
v 0.037590 -0.032095 0.085279
v 0.037084 -0.032892 0.083446
v 0.037194 -0.032640 0.083782
v 0.036535 -0.033528 0.081738
v 0.036913 -0.033020 0.082907
v 0.037072 -0.032804 0.083404
v 0.038328 -0.030473 0.089008
v 0.038005 -0.031288 0.087135
v 0.038195 -0.030758 0.088115
v 0.038078 -0.031012 0.087532
v 0.038671 -0.028956 0.092265
v 0.038696 -0.028827 0.092792
v 0.038559 -0.029652 0.090896
v 0.038316 -0.030389 0.088966
v 0.038502 -0.029822 0.090271
v 0.038551 -0.029569 0.090853
v 0.037574 -0.032008 0.085238
v 0.037770 -0.031681 0.085989
v 0.037990 -0.031202 0.087093
v 0.035019 -0.035114 0.078086
v 0.035189 -0.034951 0.078460
v 0.035702 -0.034463 0.079587
v 0.038688 -0.028868 0.092468
v 0.038696 -0.028746 0.092749
v 0.038750 -0.027920 0.094650
v 0.018287 -0.042976 0.060544
v 0.016584 -0.043403 0.059719
v 0.016588 -0.043349 0.059686
v 0.014845 -0.043739 0.058946
v 0.014848 -0.043686 0.058913
v 0.013070 -0.044039 0.058259
v 0.013072 -0.043985 0.058227
v 0.011262 -0.044299 0.057661
v 0.011264 -0.044245 0.057628
v 0.009427 -0.044521 0.057151
v 0.009429 -0.044467 0.057119
v 0.007570 -0.044704 0.056733
v 0.007571 -0.044648 0.056700
v 0.005694 -0.044846 0.056406
v 0.005694 -0.044790 0.056374
v 0.003803 -0.044947 0.056173
v 0.003804 -0.044892 0.056141
v 0.001904 -0.045009 0.056032
v 0.001904 -0.044953 0.056000
v 0.000000 -0.045027 0.055988
v 0.000000 -0.044988 0.055960
v 0.014839 -0.043790 0.058986
v 0.013064 -0.044089 0.058299
v 0.011257 -0.044351 0.057700
v 0.009423 -0.044573 0.057191
v 0.007567 -0.044755 0.056773
v 0.005691 -0.044897 0.056447
v 0.003802 -0.044999 0.056213
v 0.001903 -0.045061 0.056072
v 0.000000 -0.045089 0.056032
v 0.018284 -0.043029 0.060577
v 0.016577 -0.043453 0.059758
v 0.014829 -0.043836 0.059031
v 0.013056 -0.044136 0.058345
v 0.011250 -0.044397 0.057747
v 0.009417 -0.044620 0.057238
v 0.007561 -0.044802 0.056820
v 0.005688 -0.044944 0.056494
v 0.003799 -0.045046 0.056260
v 0.001901 -0.045108 0.056120
v 0.000000 -0.045125 0.056076
v 0.000000 -0.045199 0.056188
v 0.001898 -0.045181 0.056233
v 0.003791 -0.045120 0.056373
v 0.005676 -0.045018 0.056606
v 0.007546 -0.044875 0.056931
v 0.009397 -0.044693 0.057348
v 0.011227 -0.044470 0.057856
v 0.013029 -0.044209 0.058453
v 0.014798 -0.043909 0.059137
v 0.016532 -0.043572 0.059907
v 0.016551 -0.043539 0.059854
v 0.018246 -0.043164 0.060710
v 0.018263 -0.043124 0.060661
v 0.019916 -0.042714 0.061600
v 0.019929 -0.042669 0.061556
v 0.021500 -0.042308 0.062666
v 0.019897 -0.042753 0.061648
v 0.019875 -0.042786 0.061700
v 0.018225 -0.043197 0.060763
v 0.018201 -0.043222 0.060817
v 0.016510 -0.043597 0.059964
v 0.018147 -0.043249 0.060928
v 0.016460 -0.043623 0.060077
v 0.018088 -0.043246 0.061030
v 0.026022 -0.040690 0.066090
v 0.024567 -0.041277 0.064887
v 0.024544 -0.041316 0.064932
v 0.024486 -0.041375 0.065028
v 0.024415 -0.041405 0.065123
v 0.024339 -0.041408 0.065210
v 0.019943 -0.042567 0.061485
v 0.018275 -0.043079 0.060616
v 0.016566 -0.043499 0.059803
v 0.014815 -0.043876 0.059082
v 0.013044 -0.044176 0.058397
v 0.011239 -0.044437 0.057799
v 0.009408 -0.044660 0.057291
v 0.007555 -0.044843 0.056873
v 0.005682 -0.044985 0.056548
v 0.003796 -0.045087 0.056314
v 0.001900 -0.045148 0.056174
v 0.000000 -0.045169 0.056127
v 0.000000 -0.011313 0.133347
v 0.001894 -0.011319 0.133308
v 0.003789 -0.011311 0.133194
v 0.003784 -0.011379 0.133169
v 0.005672 -0.011412 0.132962
v 0.005664 -0.011481 0.132937
v 0.007542 -0.011553 0.132638
v 0.007531 -0.011622 0.132614
v 0.009394 -0.011735 0.132223
v 0.009380 -0.011803 0.132199
v 0.011223 -0.011955 0.131718
v 0.011206 -0.012024 0.131695
v 0.013025 -0.012214 0.131123
v 0.013006 -0.012284 0.131102
v 0.014796 -0.012512 0.130441
v 0.014774 -0.012581 0.130421
v 0.016531 -0.012847 0.129673
v 0.016507 -0.012917 0.129654
v 0.018227 -0.013219 0.128821
v 0.018200 -0.013288 0.128804
v 0.019879 -0.013626 0.127887
v 0.019849 -0.013696 0.127871
v 0.021483 -0.014069 0.126872
v 0.021452 -0.014139 0.126859
v 0.023035 -0.014545 0.125781
v 0.023002 -0.014616 0.125769
v 0.024532 -0.015054 0.124615
v 0.024497 -0.015124 0.124605
v 0.025971 -0.015594 0.123377
v 0.025933 -0.015665 0.123370
v 0.027347 -0.016164 0.122070
v 0.027308 -0.016236 0.122065
v 0.028657 -0.016763 0.120696
v 0.028616 -0.016835 0.120694
v 0.029898 -0.017390 0.119261
v 0.029856 -0.017462 0.119260
v 0.031068 -0.018042 0.117766
v 0.031024 -0.018114 0.117768
v 0.032162 -0.018718 0.116215
v 0.032118 -0.018791 0.116221
v 0.033180 -0.019417 0.114613
v 0.033134 -0.019490 0.114621
v 0.034118 -0.020137 0.112963
v 0.034072 -0.020211 0.112973
v 0.034974 -0.020875 0.111268
v 0.034927 -0.020950 0.111282
v 0.035746 -0.021632 0.109534
v 0.035698 -0.021707 0.109550
v 0.036432 -0.022404 0.107763
v 0.036383 -0.022480 0.107783
v 0.037030 -0.023189 0.105962
v 0.036982 -0.023266 0.105984
v 0.037540 -0.023987 0.104133
v 0.037491 -0.024064 0.104158
v 0.037958 -0.024794 0.102281
v 0.037910 -0.024872 0.102309
v 0.038286 -0.025610 0.100410
v 0.038238 -0.025688 0.100441
v 0.038522 -0.026431 0.098526
v 0.038474 -0.026510 0.098560
v 0.038665 -0.027256 0.096633
v 0.038618 -0.027336 0.096669
v 0.038715 -0.028084 0.094734
v 0.038668 -0.028165 0.094773
v 0.038671 -0.028912 0.092835
v 0.038625 -0.028993 0.092877
v 0.038535 -0.029738 0.090941
v 0.038490 -0.029820 0.090985
v 0.038306 -0.030559 0.089055
v 0.038263 -0.030642 0.089102
v 0.037984 -0.031375 0.087183
v 0.037942 -0.031460 0.087232
v 0.037571 -0.032183 0.085328
v 0.037530 -0.032269 0.085379
v 0.037068 -0.032982 0.083496
v 0.037029 -0.033068 0.083549
v 0.036475 -0.033768 0.081690
v 0.036438 -0.033855 0.081746
v 0.035794 -0.034541 0.079916
v 0.035758 -0.034630 0.079974
v 0.035027 -0.035299 0.078177
v 0.034992 -0.035388 0.078237
v 0.034176 -0.036039 0.076477
v 0.034143 -0.036129 0.076539
v 0.033241 -0.036760 0.074822
v 0.033211 -0.036852 0.074884
v 0.032227 -0.037460 0.073214
v 0.032198 -0.037553 0.073278
v 0.031135 -0.038138 0.071657
v 0.031107 -0.038232 0.071723
v 0.029967 -0.038792 0.070156
v 0.029941 -0.038886 0.070223
v 0.028727 -0.039420 0.068713
v 0.028703 -0.039516 0.068781
v 0.027418 -0.040021 0.067334
v 0.027396 -0.040118 0.067403
v 0.026041 -0.040593 0.066020
v 0.024603 -0.041134 0.064775
v 0.023104 -0.041645 0.063602
v 0.021550 -0.042123 0.062505
v -0.001883 -0.045221 0.056542
v -0.001904 -0.044953 0.056000
v -0.016566 -0.043499 0.059803
v -0.016577 -0.043453 0.059758
v -0.014839 -0.043790 0.058986
v -0.019916 -0.042714 0.061600
v -0.019929 -0.042669 0.061556
v -0.018275 -0.043079 0.060616
v -0.023104 -0.041645 0.063602
v -0.021550 -0.042123 0.062504
v -0.021535 -0.042224 0.062576
v -0.003761 -0.045159 0.056681
v -0.038341 -0.028368 0.094853
v -0.005650 -0.045066 0.056793
v -0.007512 -0.044924 0.057116
v -0.007536 -0.044900 0.056992
v -0.005676 -0.045018 0.056606
v -0.003791 -0.045120 0.056373
v -0.003786 -0.045144 0.056435
v -0.009397 -0.044693 0.057348
v -0.011227 -0.044470 0.057856
v -0.011239 -0.044437 0.057799
v -0.028657 -0.039597 0.068861
v -0.027351 -0.040199 0.067485
v -0.027287 -0.040258 0.067573
v -0.036377 -0.033932 0.081802
v -0.035699 -0.034707 0.080034
v -0.035620 -0.034766 0.080091
v -0.033156 -0.036931 0.074953
v -0.032145 -0.037633 0.073350
v -0.032072 -0.037692 0.073423
v -0.031056 -0.038312 0.071797
v -0.029892 -0.038967 0.070300
v -0.029823 -0.039026 0.070381
v -0.034934 -0.035466 0.078300
v -0.034086 -0.036208 0.076605
v -0.034010 -0.036267 0.076670
v -0.038199 -0.030717 0.089145
v -0.037879 -0.031535 0.087278
v -0.037798 -0.031594 0.087320
v -0.037467 -0.032344 0.085430
v -0.036967 -0.033144 0.083603
v -0.036887 -0.033204 0.083652
v -0.038153 -0.026715 0.098610
v -0.038553 -0.027409 0.096698
v -0.038603 -0.028238 0.094806
v -0.038523 -0.028298 0.094831
v -0.036250 -0.022609 0.107792
v -0.035568 -0.021836 0.109553
v -0.035638 -0.021776 0.109557
v -0.018065 -0.013505 0.128641
v -0.014665 -0.012798 0.130248
v -0.011124 -0.012241 0.131514
v -0.007476 -0.011839 0.132427
v -0.003756 -0.011597 0.132978
v -0.019816 -0.013762 0.127845
v -0.021415 -0.014205 0.126835
v -0.021375 -0.014264 0.126800
v -0.022963 -0.014682 0.125747
v -0.024455 -0.015191 0.124585
v -0.024410 -0.015250 0.124555
v -0.016479 -0.012982 0.129625
v -0.018169 -0.013354 0.128776
v -0.018136 -0.013413 0.128738
v -0.012984 -0.012349 0.131070
v -0.014749 -0.012647 0.130390
v -0.014722 -0.012706 0.130350
v -0.005654 -0.011546 0.132902
v -0.007518 -0.011687 0.132580
v -0.007505 -0.011746 0.132536
v -0.009364 -0.011869 0.132166
v -0.011187 -0.012090 0.131662
v -0.011167 -0.012148 0.131620
v -0.001891 -0.011384 0.133272
v -0.003777 -0.011444 0.133133
v -0.003770 -0.011503 0.133088
v -0.022920 -0.014741 0.125714
v -0.025890 -0.015732 0.123351
v -0.025841 -0.015791 0.123323
v -0.005623 -0.011698 0.132748
v -0.003763 -0.011554 0.133036
v -0.005633 -0.011656 0.132806
v -0.005644 -0.011605 0.132858
v -0.009311 -0.012020 0.132015
v -0.007490 -0.011797 0.132484
v -0.009329 -0.011978 0.132072
v -0.009347 -0.011928 0.132122
v -0.012910 -0.012500 0.130924
v -0.011146 -0.012199 0.131570
v -0.012935 -0.012459 0.130979
v -0.012960 -0.012408 0.131029
v -0.001880 -0.011536 0.133117
v -0.001888 -0.011443 0.133227
v -0.001884 -0.011494 0.133175
v -0.016385 -0.013133 0.129486
v -0.014694 -0.012756 0.130302
v -0.016417 -0.013092 0.129539
v -0.016449 -0.013041 0.129586
v -0.019702 -0.013912 0.127714
v -0.018101 -0.013464 0.128692
v -0.019741 -0.013872 0.127765
v -0.019779 -0.013821 0.127809
v -0.022830 -0.014831 0.125626
v -0.022875 -0.014791 0.125673
v -0.021334 -0.014315 0.126758
v -0.021292 -0.014355 0.126708
v -0.025738 -0.015880 0.123242
v -0.025789 -0.015841 0.123286
v -0.024362 -0.015300 0.124515
v -0.024313 -0.015340 0.124469
v -0.034868 -0.021019 0.111285
v -0.034800 -0.021078 0.111278
v -0.034014 -0.020279 0.112974
v -0.033948 -0.020339 0.112963
v -0.033078 -0.019558 0.114618
v -0.033015 -0.019618 0.114605
v -0.032064 -0.018859 0.116215
v -0.032002 -0.018918 0.116199
v -0.030972 -0.018182 0.117760
v -0.030913 -0.018241 0.117742
v -0.029806 -0.017529 0.119250
v -0.029749 -0.017589 0.119228
v -0.028568 -0.016902 0.120680
v -0.028514 -0.016962 0.120656
v -0.027261 -0.016303 0.122049
v -0.027210 -0.016362 0.122022
v -0.027155 -0.016412 0.121987
v -0.028456 -0.017011 0.120623
v -0.029689 -0.017638 0.119198
v -0.030850 -0.018290 0.117714
v -0.031936 -0.018967 0.116174
v -0.032946 -0.019667 0.114582
v -0.033877 -0.020387 0.112944
v -0.034726 -0.021126 0.111262
v -0.035492 -0.021883 0.109539
v -0.036172 -0.022656 0.107781
v -0.036766 -0.023442 0.105993
v -0.027100 -0.016450 0.121945
v -0.028398 -0.017049 0.120584
v -0.030785 -0.018327 0.117678
v -0.029627 -0.017675 0.119160
v -0.034651 -0.021161 0.111237
v -0.033804 -0.020422 0.112916
v -0.032876 -0.019702 0.114552
v -0.031869 -0.019004 0.116141
v -0.035414 -0.021917 0.109517
v -0.036092 -0.022689 0.107763
v -0.036683 -0.023475 0.105977
v -0.037186 -0.024272 0.104165
v -0.037922 -0.025894 0.100477
v -0.037600 -0.025079 0.102330
v -0.037686 -0.025049 0.102338
v -0.037271 -0.024240 0.104177
v -0.037353 -0.024194 0.104180
v -0.036846 -0.023395 0.105999
v -0.036919 -0.023336 0.105997
v -0.036322 -0.022549 0.107792
v -0.038293 -0.027541 0.096734
v -0.038244 -0.026687 0.098611
v -0.038010 -0.025865 0.100482
v -0.038096 -0.025819 0.100478
v -0.037770 -0.025002 0.102338
v -0.037846 -0.024943 0.102328
v -0.037428 -0.024134 0.104174
v -0.038426 -0.029894 0.091025
v -0.038117 -0.030777 0.089182
v -0.037387 -0.032404 0.085475
v -0.034857 -0.035526 0.078361
v -0.030985 -0.038371 0.071875
v -0.038390 -0.029169 0.092963
v -0.038480 -0.029127 0.092942
v -0.038561 -0.029067 0.092913
v -0.038159 -0.030020 0.091097
v -0.038254 -0.029996 0.091082
v -0.038345 -0.029953 0.091058
v -0.025979 -0.040773 0.066174
v -0.025918 -0.040832 0.066266
v -0.003796 -0.045087 0.056314
v -0.005682 -0.044985 0.056548
v -0.007554 -0.044843 0.056873
v -0.011212 -0.044495 0.057915
v -0.011177 -0.044520 0.058036
v -0.013011 -0.044234 0.058511
v -0.012971 -0.044259 0.058630
v -0.014778 -0.043934 0.059194
v -0.014733 -0.043960 0.059310
v -0.001889 -0.045229 0.056422
v -0.001895 -0.045206 0.056295
v -0.001897 -0.045181 0.056233
v -0.001900 -0.045148 0.056174
v -0.037295 -0.032444 0.085512
v -0.037706 -0.031636 0.087352
v -0.037198 -0.032465 0.085540
v -0.037609 -0.031657 0.087376
v -0.036794 -0.033243 0.083694
v -0.036697 -0.033263 0.083726
v -0.034766 -0.035563 0.078417
v -0.035529 -0.034805 0.080142
v -0.034671 -0.035578 0.078463
v -0.035432 -0.034821 0.080183
v -0.033920 -0.036304 0.076730
v -0.033825 -0.036318 0.076781
v -0.030900 -0.038405 0.071949
v -0.031985 -0.037727 0.073492
v -0.030810 -0.038415 0.072013
v -0.031893 -0.037738 0.073553
v -0.029741 -0.039060 0.070460
v -0.029653 -0.039068 0.070529
v -0.038295 -0.029195 0.092973
v -0.038434 -0.028341 0.094847
v -0.038385 -0.027513 0.096732
v -0.038473 -0.027469 0.096720
v -0.038331 -0.026642 0.098603
v -0.038409 -0.026582 0.098586
v -0.038173 -0.025759 0.100464
v -0.038025 -0.030819 0.089211
v -0.037930 -0.030842 0.089229
v -0.036108 -0.034049 0.081939
v -0.036205 -0.034031 0.081902
v -0.036297 -0.033992 0.081856
v -0.032899 -0.037038 0.075143
v -0.032992 -0.037026 0.075088
v -0.033081 -0.036990 0.075023
v -0.028424 -0.039695 0.069103
v -0.028509 -0.039689 0.069029
v -0.028590 -0.039656 0.068946
v -0.013043 -0.044176 0.058397
v -0.013029 -0.044209 0.058452
v -0.014815 -0.043876 0.059082
v -0.014798 -0.043909 0.059137
v -0.016532 -0.043572 0.059907
v -0.016510 -0.043597 0.059964
v -0.018201 -0.043222 0.060817
v -0.016460 -0.043623 0.060077
v -0.018147 -0.043249 0.060928
v -0.016406 -0.043619 0.060183
v -0.018088 -0.043246 0.061030
v -0.011140 -0.044514 0.058150
v -0.012928 -0.044253 0.058741
v -0.014684 -0.043955 0.059419
v -0.007487 -0.044916 0.057234
v -0.005631 -0.045058 0.056912
v -0.025843 -0.040863 0.066358
v -0.027209 -0.040290 0.067661
v -0.025764 -0.040866 0.066441
v -0.027127 -0.040295 0.067739
v -0.024339 -0.041408 0.065210
v -0.021316 -0.042394 0.062966
v -0.009324 -0.044734 0.057647
v -0.009356 -0.044742 0.057531
v -0.009385 -0.044718 0.057408
v -0.009408 -0.044660 0.057291
v -0.007546 -0.044876 0.056931
v -0.005668 -0.045043 0.056667
v -0.003774 -0.045168 0.056561
v -0.038696 -0.028827 0.092792
v -0.038741 -0.028001 0.094692
v -0.038742 -0.028248 0.093893
v -0.038559 -0.029653 0.090895
v -0.038446 -0.029988 0.089889
v -0.038328 -0.030473 0.089008
v -0.038402 -0.030172 0.089467
v -0.038689 -0.028746 0.092749
v -0.038645 -0.029160 0.091795
v -0.038546 -0.029569 0.090853
v -0.036475 -0.033589 0.081598
v -0.036490 -0.033678 0.081639
v -0.037027 -0.032881 0.083226
v -0.037084 -0.032892 0.083446
v -0.037077 -0.032805 0.083403
v -0.037576 -0.032025 0.085199
v -0.037590 -0.032095 0.085279
v -0.037586 -0.032009 0.085235
v -0.038320 -0.030389 0.088966
v -0.038074 -0.031049 0.087446
v -0.038005 -0.031288 0.087134
v -0.037997 -0.031203 0.087092
v -0.037608 -0.031976 0.085311
v -0.036337 -0.033766 0.081191
v -0.036122 -0.033998 0.080656
v -0.035807 -0.034449 0.079864
v -0.034160 -0.035851 0.076390
v -0.034185 -0.035945 0.076425
v -0.034519 -0.035566 0.077044
v -0.035038 -0.035206 0.078125
v -0.035788 -0.034359 0.079825
v -0.035530 -0.034636 0.079186
v -0.035013 -0.035113 0.078089
v -0.031139 -0.038040 0.071605
v -0.032233 -0.037364 0.073161
v -0.031613 -0.037639 0.072271
v -0.032216 -0.037270 0.073124
v -0.028699 -0.039218 0.068637
v -0.028728 -0.039320 0.068662
v -0.029511 -0.038827 0.069538
v -0.029970 -0.038693 0.070104
v -0.031118 -0.037944 0.071570
v -0.030958 -0.038043 0.071344
v -0.029942 -0.038593 0.070076
v -0.034125 -0.035879 0.076325
v -0.033399 -0.036454 0.075002
v -0.033249 -0.036665 0.074769
v -0.033230 -0.036571 0.074732
v -0.032296 -0.037220 0.073237
v -0.026455 -0.040217 0.066336
v -0.026041 -0.040490 0.065970
v -0.027418 -0.039919 0.067283
v -0.028625 -0.039254 0.068555
v -0.028031 -0.039540 0.067895
v -0.027389 -0.039816 0.067260
v -0.026013 -0.040386 0.065947
v -0.025203 -0.040697 0.065233
v -0.024601 -0.041030 0.064725
v -0.024746 -0.040871 0.064831
v -0.024579 -0.040928 0.064700
v -0.021521 -0.041910 0.062439
v -0.021399 -0.041947 0.062354
v -0.021546 -0.042016 0.062456
v -0.021144 -0.042024 0.062177
v -0.019939 -0.042459 0.061437
v -0.017246 -0.042991 0.059949
v -0.016583 -0.043240 0.059641
v -0.017272 -0.042985 0.059963
v -0.018283 -0.042867 0.060498
v -0.019913 -0.042350 0.061425
v -0.019225 -0.042533 0.061006
v -0.018258 -0.042757 0.060489
v -0.022957 -0.041479 0.063433
v -0.023101 -0.041539 0.063553
v -0.023080 -0.041437 0.063529
v -0.016561 -0.043129 0.059633
v -0.015198 -0.043401 0.059005
v -0.014843 -0.043575 0.058869
v -0.014825 -0.043465 0.058858
v -0.013068 -0.043873 0.058183
v -0.013113 -0.043757 0.058186
v -0.009412 -0.044241 0.057074
v -0.009425 -0.044354 0.057076
v -0.011001 -0.044057 0.057495
v -0.011260 -0.044133 0.057585
v -0.013054 -0.043766 0.058167
v -0.012877 -0.043791 0.058109
v -0.011246 -0.044023 0.057575
v -0.006587 -0.044505 0.056464
v -0.005692 -0.044677 0.056333
v -0.007568 -0.044535 0.056658
v -0.001903 -0.044840 0.055959
v -0.003802 -0.044778 0.056100
v -0.003574 -0.044672 0.056080
v -0.005683 -0.044562 0.056334
v -0.004401 -0.044641 0.056151
v -0.003797 -0.044663 0.056099
v -0.008835 -0.044307 0.056921
v -0.008287 -0.044355 0.056809
v -0.007555 -0.044420 0.056661
v -0.001901 -0.044727 0.055954
v -0.002202 -0.044723 0.055963
v -0.023087 -0.041745 0.063673
v -0.023071 -0.041790 0.063715
v -0.024567 -0.041277 0.064887
v -0.024544 -0.041316 0.064932
v -0.024486 -0.041375 0.065028
v -0.024415 -0.041405 0.065123
v -0.021520 -0.042269 0.062619
v -0.021500 -0.042308 0.062666
v -0.023050 -0.041829 0.063762
v -0.018263 -0.043124 0.060661
v -0.018246 -0.043164 0.060710
v -0.019897 -0.042753 0.061648
v -0.019875 -0.042786 0.061700
v -0.021476 -0.042341 0.062716
v -0.021448 -0.042367 0.062768
v -0.022994 -0.041887 0.063860
v -0.021384 -0.042395 0.062871
v -0.022927 -0.041916 0.063960
v -0.022855 -0.041918 0.064051
v -0.019943 -0.042567 0.061484
v -0.018287 -0.042976 0.060544
v -0.018283 -0.043029 0.060577
v -0.016588 -0.043349 0.059686
v -0.016584 -0.043403 0.059719
v -0.014848 -0.043686 0.058913
v -0.014845 -0.043739 0.058946
v -0.013072 -0.043985 0.058227
v -0.013070 -0.044039 0.058259
v -0.011264 -0.044245 0.057628
v -0.011262 -0.044300 0.057660
v -0.009429 -0.044467 0.057119
v -0.009427 -0.044521 0.057151
v -0.007571 -0.044648 0.056700
v -0.007569 -0.044704 0.056733
v -0.005694 -0.044791 0.056374
v -0.005693 -0.044846 0.056406
v -0.003804 -0.044892 0.056141
v -0.003803 -0.044948 0.056173
v -0.001903 -0.045009 0.056032
v -0.013064 -0.044089 0.058299
v -0.011257 -0.044351 0.057700
v -0.009423 -0.044573 0.057191
v -0.007566 -0.044755 0.056773
v -0.005691 -0.044897 0.056447
v -0.003802 -0.044999 0.056213
v -0.001903 -0.045061 0.056072
v -0.001901 -0.045108 0.056120
v -0.003799 -0.045046 0.056260
v -0.005687 -0.044944 0.056494
v -0.007561 -0.044802 0.056820
v -0.009417 -0.044620 0.057238
v -0.011250 -0.044397 0.057747
v -0.013055 -0.044136 0.058345
v -0.014829 -0.043836 0.059031
v -0.016551 -0.043539 0.059854
v -0.018225 -0.043197 0.060763
v -0.019849 -0.042812 0.061753
v -0.019790 -0.042839 0.061860
v -0.019726 -0.042838 0.061959
v -0.001233 -0.011099 0.133380
v -0.001899 -0.011180 0.133348
v -0.005680 -0.011342 0.132976
v -0.003794 -0.011241 0.133209
v -0.003797 -0.011175 0.133205
v -0.001900 -0.011116 0.133340
v -0.003430 -0.011156 0.133248
v -0.003575 -0.011164 0.133231
v -0.007683 -0.011424 0.132630
v -0.008287 -0.011485 0.132490
v -0.007552 -0.011483 0.132652
v -0.009406 -0.011664 0.132236
v -0.012874 -0.012053 0.131183
v -0.013041 -0.012144 0.131134
v -0.011939 -0.011909 0.131514
v -0.011237 -0.011885 0.131729
v -0.009413 -0.011598 0.132229
v -0.009826 -0.011640 0.132133
v -0.011244 -0.011821 0.131718
v -0.005587 -0.011266 0.132995
v -0.005685 -0.011274 0.132978
v -0.007559 -0.011415 0.132652
v -0.016015 -0.012595 0.129936
v -0.016552 -0.012776 0.129681
v -0.014814 -0.012441 0.130451
v -0.016561 -0.012711 0.129669
v -0.017266 -0.012860 0.129324
v -0.018249 -0.013148 0.128827
v -0.021509 -0.013997 0.126876
v -0.021523 -0.013929 0.126862
v -0.021827 -0.014014 0.126667
v -0.023062 -0.014473 0.125782
v -0.025332 -0.015185 0.123973
v -0.026000 -0.015521 0.123374
v -0.025209 -0.015141 0.124074
v -0.024561 -0.014981 0.124614
v -0.023074 -0.014407 0.125764
v -0.023616 -0.014577 0.125372
v -0.024571 -0.014915 0.124593
v -0.017997 -0.013015 0.128967
v -0.018262 -0.013080 0.128818
v -0.019903 -0.013555 0.127892
v -0.019939 -0.013489 0.127876
v -0.021398 -0.013895 0.126942
v -0.013048 -0.012080 0.131121
v -0.013990 -0.012225 0.130786
v -0.014822 -0.012377 0.130436
v -0.026010 -0.015455 0.123350
v -0.027056 -0.015872 0.122391
v -0.027378 -0.016091 0.122065
v -0.027392 -0.016023 0.122043
v -0.028689 -0.016690 0.120689
v -0.028613 -0.016571 0.120782
v -0.031114 -0.017898 0.117727
v -0.031101 -0.017967 0.117754
v -0.030058 -0.017298 0.119106
v -0.029931 -0.017316 0.119251
v -0.028636 -0.016582 0.120755
v -0.028708 -0.016619 0.120670
v -0.029950 -0.017244 0.119230
v -0.033214 -0.019341 0.114596
v -0.032197 -0.018643 0.116201
v -0.032647 -0.018854 0.115523
v -0.035008 -0.020799 0.111246
v -0.034152 -0.020061 0.112943
v -0.034803 -0.020520 0.111688
v -0.034161 -0.019989 0.112911
v -0.033223 -0.019271 0.114564
v -0.033777 -0.019672 0.113641
v -0.034126 -0.019961 0.112976
v -0.031441 -0.018083 0.117299
v -0.031621 -0.018198 0.117034
v -0.032207 -0.018573 0.116171
v -0.036465 -0.022326 0.107736
v -0.035780 -0.021555 0.109509
v -0.036117 -0.021843 0.108642
v -0.037565 -0.023817 0.104098
v -0.037572 -0.023908 0.104101
v -0.037194 -0.023200 0.105518
v -0.037063 -0.023111 0.105933
v -0.036481 -0.022251 0.107703
v -0.036535 -0.022312 0.107562
v -0.037072 -0.023036 0.105896
v -0.038195 -0.025082 0.101185
v -0.038316 -0.025529 0.100374
v -0.037990 -0.024714 0.102247
v -0.038316 -0.025452 0.100334
v -0.038447 -0.025853 0.099410
v -0.038551 -0.026350 0.098488
v -0.038502 -0.026018 0.099029
v -0.037574 -0.023832 0.104062
v -0.037769 -0.024159 0.103311
v -0.037990 -0.024638 0.102207
v -0.035019 -0.020726 0.111214
v -0.035702 -0.021378 0.109713
v -0.035794 -0.021481 0.109477
v -0.038551 -0.026271 0.098447
v -0.038688 -0.026973 0.096832
v -0.038693 -0.027174 0.096592
v -0.038696 -0.027095 0.096551
v -0.038750 -0.027920 0.094650
v -0.024603 -0.041134 0.064775
v -0.024584 -0.041233 0.064846
v -0.026041 -0.040593 0.066020
v -0.026021 -0.040690 0.066090
v -0.027418 -0.040021 0.067334
v -0.027396 -0.040118 0.067403
v -0.028727 -0.039420 0.068713
v -0.028703 -0.039516 0.068781
v -0.029967 -0.038792 0.070156
v -0.029941 -0.038886 0.070223
v -0.031135 -0.038138 0.071657
v -0.031107 -0.038232 0.071723
v -0.032227 -0.037461 0.073213
v -0.032198 -0.037553 0.073278
v -0.033241 -0.036760 0.074822
v -0.033210 -0.036852 0.074884
v -0.034176 -0.036039 0.076477
v -0.034143 -0.036129 0.076539
v -0.035027 -0.035299 0.078177
v -0.034992 -0.035388 0.078237
v -0.035794 -0.034541 0.079916
v -0.035758 -0.034630 0.079973
v -0.036475 -0.033768 0.081690
v -0.036438 -0.033855 0.081746
v -0.037068 -0.032982 0.083496
v -0.037028 -0.033068 0.083549
v -0.037571 -0.032183 0.085328
v -0.037530 -0.032269 0.085379
v -0.037984 -0.031375 0.087182
v -0.037942 -0.031460 0.087232
v -0.038306 -0.030559 0.089055
v -0.038263 -0.030643 0.089101
v -0.038535 -0.029738 0.090941
v -0.038490 -0.029820 0.090985
v -0.038671 -0.028912 0.092835
v -0.038625 -0.028993 0.092877
v -0.038714 -0.028084 0.094734
v -0.038668 -0.028165 0.094773
v -0.038665 -0.027256 0.096632
v -0.038618 -0.027336 0.096669
v -0.038521 -0.026431 0.098526
v -0.038474 -0.026510 0.098560
v -0.038286 -0.025610 0.100410
v -0.038238 -0.025688 0.100441
v -0.037958 -0.024794 0.102281
v -0.037910 -0.024872 0.102309
v -0.037540 -0.023987 0.104133
v -0.037491 -0.024064 0.104158
v -0.037030 -0.023190 0.105962
v -0.036982 -0.023266 0.105984
v -0.036432 -0.022404 0.107763
v -0.036383 -0.022480 0.107783
v -0.035746 -0.021632 0.109534
v -0.035698 -0.021707 0.109550
v -0.034974 -0.020876 0.111268
v -0.034927 -0.020950 0.111282
v -0.034118 -0.020137 0.112963
v -0.034072 -0.020211 0.112973
v -0.033180 -0.019417 0.114613
v -0.033134 -0.019490 0.114620
v -0.032162 -0.018718 0.116215
v -0.032118 -0.018791 0.116220
v -0.031068 -0.018042 0.117766
v -0.031024 -0.018114 0.117768
v -0.029898 -0.017390 0.119261
v -0.029856 -0.017462 0.119260
v -0.028657 -0.016763 0.120696
v -0.028616 -0.016835 0.120694
v -0.027347 -0.016164 0.122070
v -0.027308 -0.016236 0.122065
v -0.025971 -0.015594 0.123377
v -0.025933 -0.015665 0.123370
v -0.024532 -0.015054 0.124615
v -0.024497 -0.015124 0.124605
v -0.023035 -0.014545 0.125781
v -0.023002 -0.014616 0.125769
v -0.021483 -0.014069 0.126872
v -0.021452 -0.014139 0.126859
v -0.019879 -0.013626 0.127887
v -0.019849 -0.013696 0.127871
v -0.018227 -0.013219 0.128821
v -0.018200 -0.013288 0.128804
v -0.016531 -0.012847 0.129673
v -0.016507 -0.012917 0.129654
v -0.014796 -0.012512 0.130441
v -0.014774 -0.012581 0.130421
v -0.013025 -0.012215 0.131123
v -0.013006 -0.012284 0.131102
v -0.011223 -0.011955 0.131718
v -0.011206 -0.012024 0.131695
v -0.009394 -0.011735 0.132223
v -0.009380 -0.011803 0.132199
v -0.007542 -0.011553 0.132638
v -0.007531 -0.011622 0.132614
v -0.005673 -0.011412 0.132962
v -0.005664 -0.011481 0.132937
v -0.003789 -0.011311 0.133194
v -0.003784 -0.011379 0.133169
v -0.001897 -0.011250 0.133333
v -0.001894 -0.011319 0.133308
v 0.038653 -0.024157 0.091915
v 0.038657 -0.024003 0.092265
v -0.008282 -0.039590 0.056840
v -0.004622 -0.039882 0.056177
v -0.003572 -0.039910 0.056114
v -0.012867 -0.039018 0.058140
v -0.009179 -0.039518 0.057003
v -0.017259 -0.038203 0.059992
v -0.013604 -0.038918 0.058367
v -0.017835 -0.038090 0.060249
v -0.021390 -0.037157 0.062370
v -0.021812 -0.037046 0.062622
v -0.025200 -0.035895 0.065238
v -0.025477 -0.035800 0.065453
v -0.028628 -0.034436 0.068553
v -0.028778 -0.034372 0.068700
v -0.031624 -0.032804 0.072264
v -0.031668 -0.032780 0.072319
v -0.034135 -0.031019 0.076319
v -0.034106 -0.031047 0.076256
v -0.036056 -0.029199 0.080456
v -0.036122 -0.029111 0.080656
v -0.037492 -0.027262 0.084858
v -0.037560 -0.027111 0.085202
v -0.038393 -0.025263 0.089401
v -0.038430 -0.025048 0.089890
v -0.038744 -0.023232 0.094018
v -0.038717 -0.022954 0.094649
v -0.038543 -0.021196 0.098644
v -0.038418 -0.020861 0.099406
v -0.037791 -0.019186 0.103214
v -0.037537 -0.018800 0.104089
v -0.036500 -0.017229 0.107661
v -0.036088 -0.016803 0.108629
v -0.034687 -0.015354 0.111922
v -0.034093 -0.014899 0.112956
v -0.032379 -0.013588 0.115937
v -0.031582 -0.013118 0.117005
v -0.029609 -0.011955 0.119647
v -0.028593 -0.011485 0.120714
v -0.026415 -0.010479 0.123001
v -0.025171 -0.010027 0.124028
v -0.022845 -0.009182 0.125950
v -0.021369 -0.008765 0.126897
v -0.018948 -0.008081 0.128451
v -0.017243 -0.007718 0.129277
v -0.014781 -0.007193 0.130470
v -0.012856 -0.006901 0.131133
v -0.010402 -0.006530 0.131977
v -0.008275 -0.006328 0.132435
v -0.005875 -0.006101 0.132952
v -0.003569 -0.006007 0.133165
v 0.001191 -0.005942 0.133313
v -0.001264 -0.005913 0.133379
v 0.003365 -0.005968 0.133253
v 0.005934 -0.006135 0.132874
v 0.007946 -0.006266 0.132576
v 0.010587 -0.006583 0.131856
v 0.012414 -0.006802 0.131358
v 0.015079 -0.007279 0.130275
v 0.016704 -0.007569 0.129615
v 0.019344 -0.008212 0.128153
v 0.023317 -0.009369 0.125524
v 0.020756 -0.008556 0.127372
v 0.024511 -0.009748 0.124663
v 0.026937 -0.010731 0.122427
v 0.027916 -0.011129 0.121524
v 0.030149 -0.012280 0.118909
v 0.032905 -0.013989 0.115022
v 0.030923 -0.012679 0.118002
v 0.033487 -0.014375 0.114147
v 0.035164 -0.015836 0.110826
v 0.035574 -0.016194 0.110013
v 0.036890 -0.017791 0.106384
v 0.037153 -0.018110 0.105659
v 0.038058 -0.019824 0.101763
v 0.038201 -0.020094 0.101149
v 0.038650 -0.021905 0.097033
v 0.038704 -0.022120 0.096545
v 0.038078 -0.026086 0.087531
v 0.038051 -0.026177 0.087323
v 0.036922 -0.028122 0.082904
v 0.035199 -0.030079 0.078456
v 0.035232 -0.030051 0.078518
v 0.036905 -0.028152 0.082836
v 0.033056 -0.031850 0.074431
v 0.032936 -0.031926 0.074258
v 0.030175 -0.033637 0.070370
v 0.030408 -0.033522 0.070632
v 0.027326 -0.035042 0.067176
v 0.026958 -0.035185 0.066851
v 0.023333 -0.036548 0.063754
v 0.023854 -0.036390 0.064112
v 0.020040 -0.037546 0.061485
v 0.015088 -0.038637 0.059006
v 0.015941 -0.038494 0.059331
v 0.019357 -0.037704 0.061126
v 0.011613 -0.039220 0.057682
v 0.010593 -0.039332 0.057427
v 0.005937 -0.039779 0.056411
v 0.007121 -0.039713 0.056560
v 0.002526 -0.039967 0.055982
v 0.001193 -0.039987 0.055939
v 0.000000 -0.040003 0.055900
v -0.034093 -0.014899 0.112956
v -0.032379 -0.013588 0.115937
v -0.016015 -0.012595 0.129936
v -0.014814 -0.012441 0.130451
v -0.022334 -0.042029 0.064519
v -0.022334 -0.042029 0.064519
v -0.022334 -0.042029 0.064519
v -0.020829 -0.042498 0.063460
v -0.020829 -0.042498 0.063460
v -0.038717 -0.022954 0.094649
v -0.038543 -0.021196 0.098644
v -0.007024 -0.012429 0.131474
v -0.007312 -0.012455 0.131415
v -0.038744 -0.023232 0.094018
v -0.021975 -0.015280 0.125036
v -0.021975 -0.015280 0.125036
v -0.021975 -0.015280 0.125036
v -0.022331 -0.015402 0.124762
v -0.002163 -0.012157 0.132087
v -0.002163 -0.012157 0.132087
v -0.033731 -0.035996 0.078266
v -0.033731 -0.035996 0.078266
v -0.033731 -0.035996 0.078266
v -0.033898 -0.035793 0.078603
v -0.002354 -0.012165 0.132071
v -0.002354 -0.012165 0.132071
v -0.038430 -0.025048 0.089890
v -0.038418 -0.020861 0.099406
v 0.001233 -0.044742 0.055920
v -0.037537 -0.018800 0.104089
v -0.036500 -0.017229 0.107661
v -0.020825 -0.014934 0.125819
v 0.025332 -0.040656 0.065327
v -0.037492 -0.027262 0.084858
v -0.037560 -0.027111 0.085202
v 0.008835 -0.011533 0.132379
v -0.036122 -0.029111 0.080656
v -0.033214 -0.019341 0.114596
v -0.033777 -0.019672 0.113641
v -0.033070 -0.036521 0.076959
v -0.033070 -0.036521 0.076959
v -0.033070 -0.036521 0.076959
v -0.032162 -0.037229 0.075358
v -0.032162 -0.037229 0.075358
v -0.032162 -0.037229 0.075358
v -0.036088 -0.016803 0.108629
v -0.020195 -0.014744 0.126248
v -0.020195 -0.014744 0.126248
v -0.031441 -0.018083 0.117299
v -0.034135 -0.031019 0.076319
v -0.034106 -0.031047 0.076256
v -0.004323 -0.012240 0.131900
v -0.004323 -0.012240 0.131900
v -0.004323 -0.012240 0.131900
v -0.005500 -0.012316 0.131729
v 0.008580 -0.044909 0.058145
v 0.008580 -0.044909 0.058145
v 0.008580 -0.044909 0.058145
v 0.009109 -0.044797 0.058267
v 0.009109 -0.044797 0.058267
v 0.009109 -0.044797 0.058267
v -0.018299 -0.014241 0.127382
v -0.018299 -0.014241 0.127382
v -0.018299 -0.014241 0.127382
v -0.017669 -0.014096 0.127710
v 0.007314 -0.044976 0.057864
v 0.007314 -0.044976 0.057864
v 0.007314 -0.044976 0.057864
v -0.031668 -0.032780 0.072319
v -0.036056 -0.029199 0.080456
v 0.025179 -0.040995 0.066854
v -0.016344 -0.013790 0.128401
v -0.016344 -0.013790 0.128401
v -0.016344 -0.013790 0.128401
v -0.003674 -0.012215 0.131956
v -0.032647 -0.018854 0.115523
v 0.035574 -0.016194 0.110013
v 0.036890 -0.017791 0.106384
v -0.037791 -0.019186 0.103214
v 0.035164 -0.015836 0.110826
v 0.033487 -0.014375 0.114147
v 0.034155 -0.035596 0.079169
v 0.033898 -0.035793 0.078603
v 0.032011 -0.037391 0.075118
v 0.032011 -0.037391 0.075118
v 0.031178 -0.037918 0.073803
v 0.031178 -0.037918 0.073803
v 0.031178 -0.037918 0.073803
v 0.005680 -0.011342 0.132976
v 0.004401 -0.011199 0.133149
v 0.032905 -0.013989 0.115022
v 0.030923 -0.012679 0.118002
v -0.032727 -0.036848 0.076343
v -0.032727 -0.036848 0.076343
v -0.032727 -0.036848 0.076343
v 0.030854 -0.038180 0.073336
v 0.030854 -0.038180 0.073336
v 0.030854 -0.038180 0.073336
v 0.030117 -0.038584 0.072299
v 0.030117 -0.038584 0.072299
v 0.030117 -0.038584 0.072299
v -0.035297 -0.023145 0.107280
v -0.010882 -0.044580 0.058758
v -0.009109 -0.044797 0.058267
v -0.009109 -0.044797 0.058267
v -0.009109 -0.044797 0.058267
v -0.036781 -0.031934 0.087320
v -0.036781 -0.031934 0.087320
v -0.036781 -0.031934 0.087320
v -0.036377 -0.032729 0.085524
v 0.019273 -0.014496 0.126806
v 0.017725 -0.014102 0.127697
v 0.037099 -0.026260 0.100141
v 0.037099 -0.026260 0.100141
v 0.036785 -0.025457 0.101955
v 0.036785 -0.025457 0.101955
v 0.036785 -0.025457 0.101955
v 0.026937 -0.010731 0.122427
v 0.027916 -0.011129 0.121524
v 0.029502 -0.038993 0.071502
v 0.029502 -0.038993 0.071502
v 0.029502 -0.038993 0.071502
v 0.030149 -0.012280 0.118909
v 0.036092 -0.033248 0.084472
v 0.036092 -0.033248 0.084472
v 0.036092 -0.033248 0.084472
v 0.035886 -0.033514 0.083750
v 0.035886 -0.033514 0.083750
v 0.035886 -0.033514 0.083750
v 0.003794 -0.011241 0.133209
v 0.026000 -0.015521 0.123374
v 0.026000 -0.015521 0.123374
v 0.024561 -0.014981 0.124614
v 0.036377 -0.032729 0.085524
v 0.036377 -0.032729 0.085524
v 0.036377 -0.032729 0.085524
v 0.033887 -0.035839 0.078622
v 0.007552 -0.011483 0.132652
v -0.033886 -0.021640 0.110678
v -0.034155 -0.021883 0.110131
v 0.023244 -0.015705 0.124077
v 0.023244 -0.015705 0.124077
v 0.023244 -0.015705 0.124077
v 0.023780 -0.015904 0.123628
v 0.028984 -0.039226 0.070848
v 0.028984 -0.039226 0.070848
v 0.028984 -0.039226 0.070848
v 0.037324 -0.027068 0.098313
v 0.037324 -0.027068 0.098313
v 0.037324 -0.027068 0.098313
v -0.033130 -0.020958 0.112219
v 0.022328 -0.015403 0.124759
v 0.026455 -0.015622 0.122964
v -0.038393 -0.025263 0.089401
v 0.028045 -0.039766 0.069756
v 0.028045 -0.039766 0.069756
v 0.028045 -0.039766 0.069756
v 0.027782 -0.039843 0.069455
v 0.026965 -0.015842 0.122459
v -0.038696 -0.028827 0.092792
v -0.038645 -0.029160 0.091795
v 0.024912 -0.016325 0.122679
v 0.024912 -0.016325 0.122679
v 0.024912 -0.016325 0.122679
v 0.023894 -0.015946 0.123533
v -0.037083 -0.026303 0.100151
v -0.037011 -0.026067 0.100684
v -0.037011 -0.026067 0.100684
v -0.037011 -0.026067 0.100684
v -0.036361 -0.024705 0.103759
v -0.036612 -0.025147 0.102761
v -0.036612 -0.025147 0.102761
v -0.036612 -0.025147 0.102761
v -0.036521 -0.032510 0.086138
v -0.036521 -0.032510 0.086138
v -0.036521 -0.032510 0.086138
v -0.036305 -0.032868 0.085328
v 0.038653 -0.024157 0.091915
v 0.038657 -0.024003 0.092265
v -0.036307 -0.024610 0.103972
v -0.036092 -0.024232 0.104828
v -0.036092 -0.024232 0.104828
v -0.036092 -0.024232 0.104828
v 0.021501 -0.015131 0.125373
v 0.021501 -0.015131 0.125373
v 0.021501 -0.015131 0.125373
v -0.031178 -0.037918 0.073803
v -0.031178 -0.037918 0.073803
v -0.031178 -0.037918 0.073803
v -0.012867 -0.039018 0.058140
v -0.013604 -0.038918 0.058367
v -0.038402 -0.030172 0.089467
v 0.000000 -0.055694 0.121354
v 0.000000 -0.055694 0.121354
v 0.000000 -0.055966 0.120699
v 0.004816 -0.051328 0.127117
v 0.004828 -0.051155 0.127285
v 0.004828 -0.051155 0.127285
v 0.032162 -0.037229 0.075358
v -0.035872 -0.023920 0.105532
v -0.023785 -0.041527 0.065652
v -0.023785 -0.041527 0.065652
v -0.023785 -0.041527 0.065652
v -0.025179 -0.040995 0.066853
v -0.030117 -0.038584 0.072299
v -0.017259 -0.038203 0.059992
v -0.017835 -0.038090 0.060249
v 0.020824 -0.014934 0.125818
v 0.020087 -0.014720 0.126302
v 0.020087 -0.014720 0.126302
v 0.020087 -0.014720 0.126302
v 0.002526 -0.039967 0.055982
v 0.001193 -0.039987 0.055939
v -0.035457 -0.023332 0.106859
v -0.035457 -0.023332 0.106859
v -0.035457 -0.023332 0.106859
v 0.000000 -0.040003 0.055900
v -0.021501 -0.042348 0.063926
v -0.021501 -0.042348 0.063926
v -0.021501 -0.042348 0.063926
v -0.019638 -0.042890 0.062703
v -0.019275 -0.042933 0.062476
v 0.004846 -0.050826 0.127551
v 0.037083 -0.031176 0.089149
v 0.016038 -0.013689 0.128550
v -0.021812 -0.037046 0.062622
v -0.025200 -0.035895 0.065238
v -0.021390 -0.037157 0.062370
v 0.033731 -0.021483 0.111034
v 0.033731 -0.021483 0.111034
v 0.033731 -0.021483 0.111034
v 0.033059 -0.020912 0.112322
v 0.027418 -0.039919 0.067283
v 0.027056 -0.039969 0.066909
v -0.023244 -0.041774 0.065223
v -0.023244 -0.041774 0.065223
v -0.023244 -0.041774 0.065223
v 0.032855 -0.020739 0.112713
v -0.025477 -0.035800 0.065453
v 0.035807 -0.034449 0.079864
v 0.036765 -0.031979 0.087337
v 0.037011 -0.031412 0.088616
v 0.037011 -0.031412 0.088616
v 0.037011 -0.031412 0.088616
v 0.032727 -0.020631 0.112957
v 0.032727 -0.020631 0.112957
v 0.032727 -0.020631 0.112957
v 0.009115 -0.012592 0.131028
v 0.009115 -0.012592 0.131028
v 0.009115 -0.012592 0.131028
v 0.007318 -0.012414 0.131431
v 0.007318 -0.012414 0.131431
v 0.007318 -0.012414 0.131431
v -0.028778 -0.034372 0.068700
v -0.031624 -0.032804 0.072264
v 0.031166 -0.019515 0.115476
v 0.031618 -0.019809 0.114813
v 0.031618 -0.019809 0.114813
v 0.031618 -0.019809 0.114813
v 0.036612 -0.032332 0.086538
v 0.036612 -0.032332 0.086538
v 0.036612 -0.032332 0.086538
v -0.027782 -0.039843 0.069455
v 0.032151 -0.020204 0.113922
v 0.023797 -0.015863 0.123635
v 0.023797 -0.015863 0.123635
v 0.023797 -0.015863 0.123635
v 0.022346 -0.015362 0.124768
v 0.022346 -0.015362 0.124768
v 0.022346 -0.015362 0.124768
v 0.025191 -0.016395 0.122433
v 0.005504 -0.012275 0.131746
v 0.005504 -0.012275 0.131746
v 0.005504 -0.012275 0.131746
v 0.000000 -0.055694 0.121354
v 0.000000 -0.055694 0.121354
v 0.035297 -0.034333 0.082020
v 0.035457 -0.034147 0.082441
v 0.035457 -0.034147 0.082441
v 0.035457 -0.034147 0.082441
v 0.005501 -0.045115 0.057550
v 0.005501 -0.045115 0.057550
v 0.005501 -0.045115 0.057550
v 0.011613 -0.039220 0.057682
v 0.010593 -0.039332 0.057427
v 0.003674 -0.045215 0.057325
v 0.003674 -0.045215 0.057325
v 0.003674 -0.045215 0.057325
v 0.001839 -0.045275 0.057189
v 0.020840 -0.014892 0.125829
v 0.020840 -0.014892 0.125829
v 0.007121 -0.039713 0.056560
v 0.003677 -0.012175 0.131971
v 0.036361 -0.032774 0.085541
v 0.035872 -0.033559 0.083768
v 0.004863 -0.050534 0.127788
v 0.004896 -0.049945 0.128265
v 0.004896 -0.049945 0.128265
v 0.005937 -0.039779 0.056411
v 0.036763 -0.025500 0.101963
v 0.036963 -0.025940 0.100970
v 0.036963 -0.025940 0.100970
v 0.036963 -0.025940 0.100970
v 0.031108 -0.049619 0.074424
v 0.031830 -0.049507 0.075572
v 0.030113 -0.018847 0.116984
v -0.008835 -0.044307 0.056921
v -0.028628 -0.034436 0.068553
v 0.030320 -0.018965 0.116717
v 0.030175 -0.033637 0.070370
v 0.030408 -0.033522 0.070632
v 0.027326 -0.035042 0.067176
v 0.032936 -0.031926 0.074258
v 0.026958 -0.035185 0.066851
v 0.032173 -0.020161 0.113922
v 0.032173 -0.020161 0.113922
v 0.032173 -0.020161 0.113922
v 0.033080 -0.020870 0.112319
v 0.033080 -0.020870 0.112319
v 0.033080 -0.020870 0.112319
v 0.037079 -0.026303 0.100151
v -0.013041 -0.012144 0.131134
v -0.013990 -0.012225 0.130786
v 0.019903 -0.013555 0.127892
v 0.019225 -0.013308 0.128294
v 0.023333 -0.036548 0.063754
v 0.023854 -0.036390 0.064112
v -0.012318 -0.044428 0.059231
v 0.020040 -0.037546 0.061485
v 0.036362 -0.024705 0.103759
v 0.036521 -0.024969 0.103162
v 0.036521 -0.024969 0.103162
v 0.036521 -0.024969 0.103162
v -0.034519 -0.035566 0.077044
v 0.033056 -0.031850 0.074431
v 0.036305 -0.024611 0.103972
v -0.035038 -0.035206 0.078125
v 0.016552 -0.012776 0.129681
v 0.017246 -0.012849 0.129351
v 0.038051 -0.026177 0.087323
v 0.036922 -0.028122 0.082904
v 0.036905 -0.028152 0.082836
v 0.037267 -0.026891 0.098823
v 0.037267 -0.026891 0.098823
v 0.037193 -0.026659 0.099348
v 0.037193 -0.026659 0.099348
v 0.037193 -0.026659 0.099348
v 0.015941 -0.038494 0.059331
v 0.019357 -0.037704 0.061126
v 0.015088 -0.038637 0.059006
v 0.027778 -0.017588 0.119828
v 0.027505 -0.017449 0.120139
v 0.035232 -0.030051 0.078518
v -0.031618 -0.037670 0.074487
v -0.031618 -0.037670 0.074487
v -0.031618 -0.037670 0.074487
v 0.035199 -0.030079 0.078456
v 0.010889 -0.012810 0.130536
v 0.018249 -0.013148 0.128827
v 0.036383 -0.024662 0.103751
v -0.031169 -0.019514 0.115478
v -0.032011 -0.020088 0.114182
v -0.032011 -0.020088 0.114182
v 0.030337 -0.018976 0.116691
v 0.031188 -0.019472 0.115478
v 0.031188 -0.019472 0.115478
v 0.031188 -0.019472 0.115478
v -0.025332 -0.015185 0.123973
v -0.026000 -0.015521 0.123374
v -0.026000 -0.015521 0.123374
v -0.025209 -0.015141 0.124074
v -0.025209 -0.015141 0.124074
v -0.024561 -0.014981 0.124614
v 0.000000 -0.055227 0.122342
v -0.030337 -0.038502 0.072609
v 0.028729 -0.039320 0.068662
v -0.030854 -0.019299 0.115964
v -0.030854 -0.019299 0.115964
v -0.030854 -0.019299 0.115964
v -0.023616 -0.014577 0.125372
v -0.023062 -0.014473 0.125782
v -0.009179 -0.039518 0.057003
v -0.029502 -0.018486 0.117798
v -0.029502 -0.018486 0.117798
v -0.029502 -0.018486 0.117798
v -0.030106 -0.018849 0.116979
v -0.004622 -0.039882 0.056177
v -0.003572 -0.039910 0.056114
v 0.021975 -0.042198 0.064264
v 0.021975 -0.042198 0.064264
v 0.021975 -0.042198 0.064264
v 0.022334 -0.042028 0.064520
v -0.028975 -0.018206 0.118431
v -0.019273 -0.042983 0.062494
v 0.020829 -0.042498 0.063460
v 0.020829 -0.042498 0.063460
v 0.020829 -0.042498 0.063460
v 0.020829 -0.042498 0.063460
v -0.008282 -0.039590 0.056840
v -0.027778 -0.017588 0.119827
v -0.028045 -0.017713 0.119544
v -0.028045 -0.017713 0.119544
v -0.028045 -0.017713 0.119544
v -0.024912 -0.041155 0.066621
v -0.024912 -0.041155 0.066621
v -0.024912 -0.041155 0.066621
v 0.004916 -0.050546 0.127793
v 0.004916 -0.050546 0.127793
v 0.033907 -0.021598 0.110675
v 0.020092 -0.042762 0.062991
v 0.020092 -0.042762 0.062991
v 0.020092 -0.042762 0.062991
v 0.019275 -0.042933 0.062476
v 0.019275 -0.042933 0.062476
v 0.019275 -0.042933 0.062476
v 0.007024 -0.012430 0.131470
v 0.006023 -0.012345 0.131663
v 0.006023 -0.012345 0.131663
v 0.006023 -0.012345 0.131663
v -0.023716 -0.015874 0.123698
v -0.027505 -0.040030 0.069161
v -0.030324 -0.018981 0.116682
v -0.020087 -0.042759 0.062998
v -0.020087 -0.042759 0.062998
v 0.020195 -0.042735 0.063052
v 0.020195 -0.042735 0.063052
v -0.010881 -0.044629 0.058777
v -0.010255 -0.044716 0.058579
v -0.010255 -0.044716 0.058579
v -0.010255 -0.044716 0.058579
v 0.030128 -0.018806 0.116983
v -0.037099 -0.026260 0.100140
v 0.027793 -0.017547 0.119829
v -0.036785 -0.025457 0.101954
v -0.036785 -0.025457 0.101954
v -0.036785 -0.025457 0.101954
v -0.036382 -0.024662 0.103751
v -0.036382 -0.024662 0.103751
v -0.036382 -0.024662 0.103751
v 0.018299 -0.043237 0.061918
v 0.018299 -0.043237 0.061918
v 0.018299 -0.043237 0.061918
v 0.017673 -0.043335 0.061570
v 0.017673 -0.043335 0.061570
v 0.017673 -0.043335 0.061570
v 0.007312 -0.012455 0.131415
v -0.006023 -0.045134 0.057637
v -0.006023 -0.045134 0.057637
v -0.006023 -0.045134 0.057637
v -0.007024 -0.045049 0.057830
v -0.035315 -0.023103 0.107273
v -0.007312 -0.045024 0.057885
v -0.035892 -0.023877 0.105525
v -0.035892 -0.023877 0.105525
v -0.035892 -0.023877 0.105525
v -0.008160 -0.044951 0.058048
v -0.008160 -0.044951 0.058048
v -0.008160 -0.044951 0.058048
v -0.005500 -0.045165 0.057567
v 0.031301 -0.049622 0.074724
v -0.037459 -0.027881 0.096477
v 0.038693 -0.027174 0.096592
v 0.038645 -0.026680 0.097505
v 0.007312 -0.045024 0.057885
v 0.007024 -0.045050 0.057826
v -0.032233 -0.037364 0.073161
v 0.006469 -0.045101 0.057712
v 0.006469 -0.045101 0.057712
v 0.006469 -0.045101 0.057712
v -0.009107 -0.044845 0.058289
v 0.005500 -0.045163 0.057571
v 0.004323 -0.045239 0.057400
v 0.004323 -0.045239 0.057400
v 0.004323 -0.045239 0.057400
v 0.003674 -0.045263 0.057344
v -0.033907 -0.021598 0.110675
v -0.033907 -0.021598 0.110675
v 0.002354 -0.045315 0.057229
v 0.037097 -0.031131 0.089134
v 0.036781 -0.031934 0.087320
v 0.036781 -0.031934 0.087320
v 0.036781 -0.031934 0.087320
v 0.037442 -0.027813 0.096741
v -0.032173 -0.020161 0.113922
v 0.017670 -0.043383 0.061590
v 0.016344 -0.043689 0.060899
v 0.016344 -0.043689 0.060899
v 0.016344 -0.043689 0.060899
v 0.016029 -0.043751 0.060758
v -0.031188 -0.019473 0.115478
v -0.031188 -0.019473 0.115478
v -0.031188 -0.019473 0.115478
v -0.022328 -0.042076 0.064541
v -0.023780 -0.041575 0.065672
v 0.038551 -0.026350 0.098488
v -0.003868 -0.045261 0.057350
v -0.023894 -0.041533 0.065767
v -0.028996 -0.018164 0.118434
v -0.028996 -0.018164 0.118434
v -0.028996 -0.018164 0.118434
v -0.030128 -0.018807 0.116983
v -0.030128 -0.018807 0.116983
v -0.030128 -0.018807 0.116983
v -0.027793 -0.017547 0.119829
v 0.002163 -0.045322 0.057213
v -0.005501 -0.045115 0.057550
v -0.005501 -0.045115 0.057550
v -0.005501 -0.045115 0.057550
v -0.020824 -0.042545 0.063482
v -0.007314 -0.044976 0.057864
v -0.007314 -0.044976 0.057864
v -0.007314 -0.044976 0.057864
v 0.038078 -0.026086 0.087531
v 0.038704 -0.022120 0.096545
v -0.022346 -0.015362 0.124768
v -0.022346 -0.015362 0.124768
v 0.037309 -0.027112 0.098325
v 0.031169 -0.037965 0.073822
v -0.037572 -0.023908 0.104101
v 0.016029 -0.043701 0.060742
v -0.038195 -0.025082 0.101185
v -0.037990 -0.024714 0.102247
v 0.009108 -0.044847 0.058285
v 0.028031 -0.016300 0.121404
v 0.028689 -0.016690 0.120689
v -0.025191 -0.016395 0.122432
v 0.010675 -0.044662 0.058702
v -0.037769 -0.024159 0.103311
v 0.029931 -0.017316 0.119251
v 0.036308 -0.032869 0.085328
v -0.020092 -0.014716 0.126309
v -0.020092 -0.014716 0.126309
v -0.020092 -0.014716 0.126309
v -0.020840 -0.014892 0.125829
v -0.020840 -0.014892 0.125829
v -0.020840 -0.014892 0.125829
v -0.020840 -0.014892 0.125829
v -0.019285 -0.014457 0.126814
v -0.019285 -0.014457 0.126814
v -0.019285 -0.014457 0.126814
v 0.029511 -0.017013 0.119762
v 0.010255 -0.012762 0.130721
v 0.010255 -0.012762 0.130721
v 0.010255 -0.012762 0.130721
v -0.034152 -0.020061 0.112943
v -0.037079 -0.031176 0.089149
v -0.036963 -0.031539 0.088329
v -0.036963 -0.031539 0.088329
v -0.036963 -0.031539 0.088329
v 0.008160 -0.012528 0.131251
v 0.008160 -0.012528 0.131251
v 0.008160 -0.012528 0.131251
v -0.037267 -0.030588 0.090477
v -0.037267 -0.030588 0.090477
v -0.037193 -0.030820 0.089952
v -0.037193 -0.030820 0.089952
v -0.037193 -0.030820 0.089952
v -0.038502 -0.026018 0.099029
v -0.036763 -0.031979 0.087337
v 0.011584 -0.012949 0.130301
v 0.011584 -0.012949 0.130301
v 0.012637 -0.013065 0.129959
v -0.016039 -0.013689 0.128550
v -0.017683 -0.014055 0.127721
v -0.017683 -0.014055 0.127721
v -0.017683 -0.014055 0.127721
v 0.003868 -0.012218 0.131950
v 0.003868 -0.012218 0.131950
v -0.007318 -0.012414 0.131431
v -0.007318 -0.012414 0.131431
v -0.007318 -0.012414 0.131431
v -0.009115 -0.012592 0.131028
v -0.009115 -0.012592 0.131028
v -0.009115 -0.012592 0.131028
v 0.019638 -0.014589 0.126597
v 0.019638 -0.014589 0.126597
v 0.019285 -0.014457 0.126814
v 0.019285 -0.014457 0.126814
v 0.037770 -0.031681 0.085989
v -0.037441 -0.029665 0.092559
v -0.037309 -0.030367 0.090975
v -0.005504 -0.012275 0.131746
v -0.005504 -0.012275 0.131746
v -0.005504 -0.012275 0.131746
v 0.038328 -0.030473 0.089008
v 0.012318 -0.013051 0.130069
v -0.036765 -0.025500 0.101963
v 0.035308 -0.034288 0.082003
v -0.032151 -0.037276 0.075378
v 0.030106 -0.038630 0.072321
v 0.030325 -0.038498 0.072618
v 0.038195 -0.030758 0.088115
v -0.031166 -0.037964 0.073824
v -0.010889 -0.012810 0.130536
v 0.038005 -0.031288 0.087135
v 0.028975 -0.039272 0.070869
v 0.027778 -0.039891 0.069473
v -0.033059 -0.036567 0.076978
v -0.026415 -0.010479 0.123001
v -0.025171 -0.010027 0.124028
v -0.022845 -0.009182 0.125950
v -0.032855 -0.036740 0.076587
v -0.021369 -0.008765 0.126897
v 0.022331 -0.042077 0.064538
v -0.001841 -0.012115 0.132107
v 0.035530 -0.021204 0.110114
v -0.018948 -0.008081 0.128451
v -0.017243 -0.007718 0.129277
v 0.010881 -0.012850 0.130523
v 0.020825 -0.042545 0.063481
v 0.035008 -0.020799 0.111246
v -0.010402 -0.006530 0.131977
v -0.008275 -0.006328 0.132435
v -0.003677 -0.012175 0.131971
v -0.003677 -0.012175 0.131971
v -0.003677 -0.012175 0.131971
v 0.009107 -0.012634 0.131011
v 0.034152 -0.020060 0.112943
v -0.012856 -0.006901 0.131133
v 0.019269 -0.042981 0.062498
v -0.014781 -0.007193 0.130470
v 0.034519 -0.020274 0.112256
v -0.017246 -0.042991 0.059949
v -0.037096 -0.031131 0.089134
v -0.037096 -0.031131 0.089134
v 0.010587 -0.006583 0.131856
v 0.012414 -0.006802 0.131358
v 0.015079 -0.007279 0.130275
v 0.005934 -0.006135 0.132874
v 0.007946 -0.006266 0.132576
v -0.037322 -0.030323 0.090961
v -0.037322 -0.030323 0.090961
v -0.037322 -0.030323 0.090961
v 0.016704 -0.007569 0.129615
v 0.019344 -0.008212 0.128153
v -0.011237 -0.011885 0.131729
v -0.011939 -0.011909 0.131514
v -0.006469 -0.012379 0.131588
v -0.006469 -0.012379 0.131588
v -0.006469 -0.012379 0.131588
v -0.010675 -0.012817 0.130598
v -0.010675 -0.012817 0.130598
v 0.003365 -0.005968 0.133253
v 0.024511 -0.009748 0.124663
v 0.005500 -0.012314 0.131733
v -0.005875 -0.006101 0.132952
v -0.003569 -0.006007 0.133165
v -0.001264 -0.005913 0.133379
v 0.001191 -0.005942 0.133313
v 0.023317 -0.009369 0.125524
v 0.020756 -0.008556 0.127372
v -0.008580 -0.012570 0.131155
v -0.008580 -0.012570 0.131155
v -0.008580 -0.012570 0.131155
v -0.036362 -0.032774 0.085541
v 0.037153 -0.018110 0.105659
v -0.001899 -0.011180 0.133348
v 0.038058 -0.019824 0.101763
v 0.038201 -0.020094 0.101149
v -0.028593 -0.011485 0.120714
v -0.016029 -0.013728 0.128542
v 0.006587 -0.011335 0.132836
v -0.031582 -0.013118 0.117005
v -0.029609 -0.011955 0.119647
v -0.009108 -0.012632 0.131015
v 0.038650 -0.021905 0.097033
v -0.034687 -0.015354 0.111922
v -0.019269 -0.014499 0.126801
vn -0.0792 -0.7758 0.6259
vn -0.0792 -0.7762 0.6256
vn -0.0419 -0.7835 0.6200
vn 0.0079 -0.5965 0.8026
vn 0.0078 -0.5966 0.8025
vn 0.0002 -0.6470 0.7625
vn -0.2158 -0.5854 0.7815
vn -0.1552 -0.6145 0.7735
vn -0.0823 -0.5917 0.8019
vn -0.0822 -0.5993 0.7963
vn -0.0136 -0.5957 0.8031
vn -0.0307 -0.6011 0.7986
vn -0.0570 -0.6454 0.7617
vn 0.0308 -0.6421 0.7660
vn -0.0562 -0.5980 0.7995
vn 0.0206 -0.6037 0.7970
vn 0.0643 -0.5959 0.8005
vn 0.0625 -0.5937 0.8022
vn 0.0565 -0.6457 0.7615
vn 0.0366 -0.6028 0.7970
vn 0.0878 -0.6298 0.7718
vn 0.0897 -0.6315 0.7701
vn 0.0853 -0.5999 0.7955
vn 0.0972 -0.5998 0.7942
vn 0.0523 -0.6946 0.7175
vn 0.0941 -0.6827 0.7246
vn 0.0735 -0.6686 0.7400
vn 0.0474 -0.7399 0.6710
vn 0.0812 -0.7616 0.6429
vn 0.0892 -0.7470 0.6588
vn 0.0875 -0.7145 0.6941
vn 0.0881 -0.6971 0.7116
vn 0.0924 -0.6950 0.7131
vn 0.0820 -0.7600 0.6447
vn 0.0420 -0.7831 0.6205
vn 0.0803 -0.7773 0.6240
vn 0.0367 -0.8228 0.5672
vn 0.0826 -0.8074 0.5842
vn 0.0813 -0.7970 0.5985
vn 0.0310 -0.8576 0.5134
vn 0.0649 -0.8522 0.5191
vn 0.0592 -0.8484 0.5260
vn 0.0653 -0.8374 0.5426
vn 0.0703 -0.8240 0.5623
vn 0.0287 -0.8846 0.4654
vn 0.0654 -0.8956 0.4400
vn -0.0084 -0.8847 0.4661
vn -0.0272 -0.8509 0.5247
vn 0.0465 -0.8793 0.4740
vn 0.0634 -0.8615 0.5038
vn 0.0296 -0.9061 0.4220
vn 0.0389 -0.9051 0.4234
vn 0.0585 -0.9025 0.4266
vn 0.0010 -0.9148 0.4038
vn 0.0084 -0.9111 0.4120
vn -0.0002 -0.8880 0.4598
vn 0.0095 -0.9216 0.3880
vn 0.0159 -0.9131 0.4074
vn -0.0280 -0.9049 0.4247
vn -0.0237 -0.9079 0.4184
vn -0.0115 -0.9155 0.4021
vn -0.0054 -0.9157 0.4019
vn -0.0000 -0.9140 0.4057
vn -0.0000 -0.4114 0.9114
vn -0.0000 -0.0000 1.0000
vn -0.0644 -0.8603 0.5056
vn -0.0573 -0.8691 0.4914
vn -0.0298 -0.8580 0.5128
vn -0.0403 -0.8861 0.4618
vn -0.0276 -0.8649 0.5012
vn 0.0119 -0.8602 0.5097
vn -0.0287 -0.8850 0.4648
vn -0.0284 -0.9023 0.4302
vn -0.0441 -0.9041 0.4250
vn -0.0650 -0.8491 0.5243
vn -0.0369 -0.8222 0.5681
vn -0.0652 -0.8350 0.5463
vn -0.0804 -0.7948 0.6015
vn -0.0736 -0.8184 0.5699
vn -0.0658 -0.8336 0.5484
vn -0.0881 -0.7602 0.6436
vn -0.0474 -0.7395 0.6714
vn -0.0930 -0.7337 0.6730
vn -0.0871 -0.7109 0.6979
vn -0.0518 -0.6949 0.7172
vn -0.0885 -0.7100 0.6986
vn 0.0271 -0.6446 0.7641
vn -0.1019 -0.6540 0.7496
vn -0.1020 -0.6725 0.7331
vn -0.0000 -0.6941 0.7199
vn -0.0000 -0.7404 0.6721
vn -0.0001 -0.7834 0.6215
vn -0.0000 -0.8227 0.5684
vn -0.0000 -0.8584 0.5130
vn 0.8749 -0.3689 -0.3138
vn 0.8709 -0.3771 -0.3152
vn 0.8481 -0.3900 -0.3587
vn 0.1570 -0.9869 -0.0378
vn 0.1183 -0.9925 -0.0298
vn 0.1618 -0.9853 -0.0549
vn 0.3685 -0.9024 -0.2233
vn 0.3952 -0.8931 -0.2151
vn 0.3317 -0.9179 -0.2179
vn 0.2775 -0.9498 -0.1443
vn 0.2900 -0.9407 -0.1760
vn 0.2221 -0.9661 -0.1313
vn 0.1928 -0.9727 -0.1293
vn 0.1810 -0.9800 -0.0824
vn 0.2578 -0.9498 -0.1774
vn 0.2759 -0.9397 -0.2022
vn 0.0307 -0.9995 -0.0060
vn 0.0467 -0.9989 -0.0042
vn 0.1452 -0.9869 -0.0699
vn 0.0662 -0.9969 -0.0416
vn 0.0824 -0.9951 -0.0544
vn 0.1243 -0.9880 -0.0917
vn 0.1554 -0.9832 -0.0956
vn 0.0316 -0.9994 -0.0154
vn 0.0358 -0.9993 -0.0140
vn 0.1468 -0.9873 -0.0609
vn 0.0365 -0.9992 -0.0160
vn 0.0347 -0.9993 -0.0167
vn 0.0113 -0.9999 -0.0035
vn 0.0501 -0.9986 -0.0167
vn 0.0708 -0.9972 -0.0222
vn 0.0956 -0.9949 -0.0331
vn 0.0770 -0.9963 -0.0378
vn 0.3165 -0.9454 -0.0779
vn 0.2846 -0.9559 -0.0728
vn 0.2789 -0.9556 -0.0955
vn 0.2454 -0.9673 -0.0637
vn 0.2150 -0.9747 -0.0616
vn 0.1949 -0.9780 -0.0736
vn 0.1908 -0.9759 -0.1059
vn 0.3685 -0.9209 -0.1270
vn 0.3896 -0.9154 -0.1009
vn 0.3520 -0.9314 -0.0924
vn 0.4095 -0.9061 -0.1064
vn 0.4405 -0.8843 -0.1547
vn 0.4331 -0.8932 -0.1207
vn 0.4881 -0.8613 -0.1408
vn 0.4886 -0.8611 -0.1409
vn 0.5088 -0.8415 -0.1818
vn 0.4877 -0.8622 -0.1371
vn 0.4624 -0.8773 -0.1288
vn 0.6126 -0.7669 -0.1910
vn 0.5723 -0.8020 -0.1712
vn 0.5728 -0.7925 -0.2096
vn 0.5707 -0.8027 -0.1729
vn 0.5324 -0.8317 -0.1575
vn 0.6450 -0.7364 -0.2041
vn 0.6314 -0.7378 -0.2386
vn 0.6488 -0.7324 -0.2066
vn 0.6871 -0.6754 -0.2680
vn 0.6835 -0.6967 -0.2177
vn 0.7794 -0.5709 -0.2583
vn 0.7517 -0.6118 -0.2464
vn 0.7371 -0.6088 -0.2934
vn 0.7166 -0.6565 -0.2356
vn 0.7171 -0.6587 -0.2278
vn 0.7778 -0.5699 -0.2650
vn 0.7806 -0.5388 -0.3167
vn 0.7783 -0.5694 -0.2647
vn 0.8497 -0.4288 -0.3069
vn 0.8308 -0.4710 -0.2964
vn 0.8176 -0.4658 -0.3385
vn 0.8294 -0.4757 -0.2930
vn 0.8073 -0.5192 -0.2804
vn 0.8512 -0.3381 -0.4014
vn 0.8670 -0.3216 -0.3806
vn 0.8798 -0.3210 -0.3507
vn 0.8719 -0.3454 -0.3470
vn 0.8864 -0.3443 -0.3095
vn 0.8139 -0.2717 -0.5136
vn 0.7811 -0.3774 -0.4975
vn 0.8082 -0.2758 -0.5204
vn 0.8038 -0.2717 -0.5293
vn 0.8084 -0.3417 -0.4792
vn 0.8138 -0.3636 -0.4533
vn 0.8162 -0.3854 -0.4304
vn 0.8343 -0.3133 -0.4537
vn 0.8478 -0.2923 -0.4424
vn 0.7756 -0.2998 -0.5555
vn 0.7864 -0.2290 -0.5737
vn 0.7837 -0.2543 -0.5667
vn 0.7859 -0.3357 -0.5194
vn 0.7619 -0.3519 -0.5438
vn 0.7442 -0.4077 -0.5292
vn 0.7071 -0.5110 -0.4888
vn 0.7072 -0.5108 -0.4889
vn 0.7188 -0.5380 -0.4403
vn 0.7270 -0.4591 -0.5105
vn 0.7514 -0.4657 -0.4675
vn 0.7445 -0.4093 -0.5274
vn 0.7440 -0.4075 -0.5296
vn 0.6814 -0.5604 -0.4707
vn 0.6795 -0.6091 -0.4089
vn 0.6579 -0.6083 -0.4440
vn 0.6332 -0.6764 -0.3761
vn 0.6266 -0.6532 -0.4250
vn 0.6582 -0.6079 -0.4442
vn 0.5827 -0.7370 -0.3426
vn 0.6015 -0.6964 -0.3915
vn 0.6009 -0.6958 -0.3933
vn 0.5294 -0.7915 -0.3052
vn 0.5360 -0.7735 -0.3381
vn 0.5649 -0.7361 -0.3728
vn 0.4701 -0.8419 -0.2651
vn 0.4906 -0.8099 -0.3215
vn 0.5345 -0.7743 -0.3389
vn 0.3741 -0.9002 -0.2230
vn 0.4089 -0.8676 -0.2829
vn 0.4498 -0.8470 -0.2833
vn 0.7867 -0.4652 -0.4058
vn 0.7515 -0.5387 -0.3808
vn 0.7100 -0.6093 -0.3531
vn 0.6626 -0.6755 -0.3235
vn 0.6100 -0.7366 -0.2921
vn 0.5524 -0.7923 -0.2592
vn 0.4906 -0.8418 -0.2253
vn 0.4202 -0.8866 -0.1931
vn 0.3566 -0.9195 -0.1653
vn 0.2704 -0.9558 -0.1153
vn -0.2792 -0.9428 -0.1823
vn -0.2614 -0.9505 -0.1682
vn -0.2759 -0.9503 -0.1445
vn -0.0372 -0.9992 -0.0144
vn -0.0370 -0.9992 -0.0127
vn -0.1470 -0.9873 -0.0596
vn -0.8464 -0.4357 -0.3063
vn -0.8696 -0.3800 -0.3153
vn -0.8465 -0.3908 -0.3616
vn -0.8264 -0.2850 -0.4856
vn -0.8203 -0.2780 -0.4998
vn -0.7798 -0.3811 -0.4967
vn -0.8189 -0.2799 -0.5011
vn -0.7654 -0.2583 -0.5894
vn -0.7724 -0.2872 -0.5665
vn -0.7932 -0.2626 -0.5494
vn -0.7613 -0.3519 -0.5446
vn -0.7935 -0.2588 -0.5508
vn -0.8039 -0.2674 -0.5313
vn -0.8567 -0.3285 -0.3976
vn -0.8514 -0.3235 -0.4129
vn -0.8163 -0.3863 -0.4295
vn -0.8388 -0.3138 -0.4449
vn -0.8344 -0.3246 -0.4454
vn -0.8895 -0.3121 -0.3337
vn -0.8803 -0.3363 -0.3346
vn -0.8672 -0.3813 -0.3204
vn -0.8724 -0.3214 -0.3682
vn -0.8590 -0.3267 -0.3943
vn -0.8275 -0.4776 -0.2950
vn -0.8173 -0.4647 -0.3408
vn -0.8275 -0.4817 -0.2885
vn -0.8023 -0.5302 -0.2742
vn -0.7793 -0.5396 -0.3186
vn -0.7748 -0.5753 -0.2623
vn -0.7750 -0.5760 -0.2600
vn -0.7367 -0.6089 -0.2943
vn -0.7772 -0.5757 -0.2542
vn -0.6790 -0.7014 -0.2170
vn -0.7166 -0.6605 -0.2242
vn -0.6865 -0.6756 -0.2687
vn -0.7133 -0.6615 -0.2316
vn -0.7458 -0.6194 -0.2451
vn -0.6452 -0.7360 -0.2051
vn -0.6314 -0.7369 -0.2415
vn -0.6450 -0.7378 -0.1990
vn -0.6083 -0.7721 -0.1838
vn -0.5710 -0.7930 -0.2124
vn -0.5671 -0.8064 -0.1675
vn -0.4473 -0.8857 -0.1244
vn -0.4839 -0.8646 -0.1350
vn -0.4396 -0.8848 -0.1543
vn -0.5221 -0.8393 -0.1516
vn -0.5078 -0.8417 -0.1834
vn -0.5618 -0.8102 -0.1673
vn -0.5642 -0.8088 -0.1662
vn -0.3377 -0.9370 -0.0889
vn -0.3431 -0.9344 -0.0955
vn -0.3692 -0.9207 -0.1262
vn -0.3845 -0.9178 -0.0990
vn -0.4075 -0.9064 -0.1114
vn -0.3193 -0.9449 -0.0723
vn -0.2790 -0.9555 -0.0955
vn -0.2765 -0.9582 -0.0739
vn -0.1583 -0.9845 -0.0762
vn -0.2083 -0.9756 -0.0700
vn -0.2364 -0.9694 -0.0659
vn -0.2753 -0.9585 -0.0738
vn -0.0315 -0.9994 -0.0162
vn -0.0465 -0.9979 -0.0450
vn -0.1583 -0.9859 -0.0550
vn -0.0548 -0.9977 -0.0403
vn -0.0840 -0.9958 -0.0373
vn -0.1093 -0.9935 -0.0304
vn -0.1533 -0.9872 -0.0431
vn -0.1364 -0.9880 -0.0731
vn -0.1467 -0.9868 -0.0682
vn -0.0338 -0.9993 -0.0127
vn -0.0361 -0.9992 -0.0168
vn -0.1574 -0.9846 -0.0755
vn -0.1264 -0.9888 -0.0799
vn -0.1058 -0.9923 -0.0649
vn -0.0128 -0.9999 -0.0065
vn -0.0583 -0.9980 -0.0238
vn -0.0846 -0.9956 -0.0399
vn -0.2630 -0.9512 -0.1616
vn -0.2288 -0.9637 -0.1378
vn -0.1780 -0.9801 -0.0877
vn -0.3956 -0.8922 -0.2178
vn -0.3773 -0.8985 -0.2245
vn -0.3380 -0.9169 -0.2121
vn -0.3138 -0.9305 -0.1889
vn -0.4704 -0.8418 -0.2647
vn -0.4115 -0.8719 -0.2653
vn -0.3770 -0.8987 -0.2240
vn -0.5297 -0.7915 -0.3048
vn -0.4673 -0.8170 -0.3378
vn -0.4611 -0.8364 -0.2963
vn -0.5830 -0.7369 -0.3422
vn -0.5368 -0.7683 -0.3488
vn -0.5350 -0.7737 -0.3393
vn -0.6334 -0.6764 -0.3758
vn -0.6015 -0.6964 -0.3915
vn -0.5498 -0.7428 -0.3819
vn -0.6583 -0.6078 -0.4441
vn -0.6587 -0.6072 -0.4443
vn -0.6796 -0.6091 -0.4087
vn -0.6175 -0.6585 -0.4302
vn -0.5977 -0.6903 -0.4076
vn -0.6820 -0.5594 -0.4712
vn -0.7188 -0.5381 -0.4401
vn -0.7076 -0.5095 -0.4896
vn -0.7511 -0.4646 -0.4690
vn -0.7273 -0.4582 -0.5109
vn -0.7446 -0.4061 -0.5297
vn -0.7446 -0.4085 -0.5278
vn -0.7460 -0.4077 -0.5266
vn -0.7867 -0.4653 -0.4058
vn -0.7515 -0.5387 -0.3808
vn -0.7100 -0.6092 -0.3532
vn -0.6626 -0.6755 -0.3234
vn -0.6099 -0.7367 -0.2920
vn -0.5525 -0.7922 -0.2591
vn -0.4906 -0.8417 -0.2253
vn -0.4251 -0.8848 -0.1910
vn -0.3567 -0.9208 -0.1578
vn -0.2702 -0.9559 -0.1150
vn -0.0000 -1.0000 -0.0000
vn -0.0000 -1.0000 -0.0001
vn 0.0004 -1.0000 0.0002
vn -0.0000 -1.0000 0.0001
vn -0.0000 -1.0000 -0.0002
vn -0.0000 -1.0000 0.0014
vn 0.0001 -1.0000 -0.0008
vn -0.0000 -1.0000 -0.0051
vn -0.0000 -1.0000 0.0005
vn -0.0000 -1.0000 -0.0003
vn -0.0000 -1.0000 0.0003
vn -0.0000 -1.0000 0.0018
vn -0.0000 -1.0000 -0.0005
vn 0.5475 -0.8363 0.0306
vn 0.5453 -0.8363 0.0579
vn 0.4569 -0.8879 0.0541
vn 0.5477 -0.8363 -0.0240
vn 0.5483 -0.8363 0.0033
vn 0.4599 -0.8879 0.0081
vn 0.4564 -0.8892 0.0316
vn -0.6242 -0.7752 -0.0973
vn -0.6185 -0.7752 -0.1285
vn -0.5378 -0.8364 -0.1056
vn -0.4279 -0.7803 0.4561
vn -0.4555 -0.7767 0.4350
vn -0.3909 -0.8371 0.3827
vn -0.3142 -0.8373 0.4475
vn -0.3538 -0.8372 0.4170
vn -0.2928 -0.8882 0.3541
vn -0.3791 -0.8879 0.2607
vn -0.3530 -0.8880 0.2948
vn -0.4249 -0.8370 0.3449
vn -0.1884 -0.8886 0.4181
vn -0.1513 -0.8887 0.4327
vn -0.1841 -0.8370 0.5153
vn 0.2763 -0.7125 0.6450
vn 0.2433 -0.7076 0.6634
vn 0.2148 -0.7767 0.5922
vn 0.1563 -0.7122 0.6843
vn 0.1278 -0.7054 0.6972
vn 0.1179 -0.7781 0.6169
vn 0.2167 -0.7124 0.6675
vn 0.1827 -0.7077 0.6825
vn 0.1614 -0.7767 0.6088
vn 0.3890 -0.8384 0.3819
vn 0.3520 -0.8384 0.4161
vn 0.2928 -0.8882 0.3541
vn 0.1136 -0.8888 0.4439
vn 0.1513 -0.8887 0.4327
vn 0.1842 -0.8370 0.5153
vn 0.3125 -0.8385 0.4465
vn 0.2703 -0.8376 0.4748
vn 0.2245 -0.8885 0.4002
vn 0.2594 -0.8883 0.3790
vn -0.0193 -0.9998 0.0098
vn -0.0183 -0.9998 0.0104
vn -0.0780 -0.9961 0.0403
vn -0.0155 -0.9998 0.0149
vn -0.0146 -0.9998 0.0152
vn -0.0636 -0.9961 0.0603
vn 0.0106 -0.9998 0.0185
vn 0.0111 -0.9998 0.0174
vn 0.0454 -0.9962 0.0745
vn 0.0165 -0.9998 0.0139
vn 0.0167 -0.9998 0.0125
vn 0.0691 -0.9961 0.0541
vn 0.0209 -0.9998 -0.0046
vn 0.0194 -0.9998 -0.0038
vn 0.0852 -0.9963 -0.0146
vn 0.5321 -0.8368 -0.1288
vn 0.6121 -0.7754 -0.1551
vn 0.8533 -0.4555 -0.2537
vn 0.7555 -0.2706 -0.5966
vn 0.7357 -0.3649 -0.5705
vn 0.7082 -0.4542 -0.5406
vn 0.6708 -0.5428 -0.5053
vn 0.6258 -0.6269 -0.4641
vn 0.5732 -0.7051 -0.4176
vn 0.1478 -0.9841 -0.0985
vn 0.0039 -0.9990 -0.0453
vn 0.0017 -0.9990 -0.0439
vn 0.0090 -0.9877 -0.1563
vn -0.0088 -0.9990 -0.0449
vn -0.0106 -0.9990 -0.0426
vn -0.0358 -0.9876 -0.1526
vn -0.0121 -0.9998 -0.0174
vn -0.0125 -0.9998 -0.0164
vn -0.0507 -0.9963 -0.0698
vn -0.1463 -0.9844 -0.0974
vn -0.2260 -0.9622 -0.1521
vn -0.2983 -0.9312 -0.2096
vn -0.5742 -0.7061 -0.4143
vn -0.7081 -0.4543 -0.5405
vn -0.7358 -0.3647 -0.5706
vn -0.8823 -0.2594 -0.3926
vn -0.8648 -0.2534 -0.4335
vn -0.6113 -0.7757 -0.1568
vn -0.0200 -0.9998 -0.0031
vn -0.3638 -0.0355 -0.9308
vn -0.3251 -0.0128 -0.9456
vn -0.3363 -0.0773 -0.9386
vn -0.1273 -0.0380 -0.9911
vn -0.0853 -0.0132 -0.9963
vn -0.0961 -0.0778 -0.9923
vn 0.6487 -0.0377 -0.7601
vn 0.6787 -0.0145 -0.7342
vn 0.6765 -0.0788 -0.7322
vn -0.9131 -0.0182 0.4072
vn -0.9167 -0.0841 0.3907
vn -0.8969 -0.0844 0.4340
vn -0.0043 -0.6328 0.7743
vn -0.1404 -0.6273 0.7660
vn 0.0385 -0.5372 0.8426
vn -0.0001 -0.5378 0.8431
vn 0.1186 -0.5394 0.8336
vn 0.0748 -0.5375 0.8399
vn -0.0360 -0.5390 0.8415
vn -0.0777 -0.5370 0.8400
vn -0.1179 -0.5400 0.8334
vn -0.1273 -0.7062 0.6965
vn -0.1180 -0.7774 0.6178
vn -0.1007 -0.8380 0.5363
vn 0.0591 -0.8384 0.5419
vn 0.0579 -0.8236 0.5642
vn -0.0100 -0.8681 0.4962
vn -0.0784 -0.8901 0.4490
vn -0.0000 -0.4207 0.9072
vn -0.0002 -0.9372 0.3489
vn -0.0337 -0.9325 0.3596
vn 0.0338 -0.9325 0.3596
vn 0.0788 -0.8902 0.4486
vn 0.1010 -0.8376 0.5369
vn -0.0282 -0.8773 0.4791
vn -0.2138 -0.6081 0.7645
vn -0.2138 -0.6079 0.7647
vn -0.2139 -0.6079 0.7647
vn -0.2137 -0.6078 0.7648
vn -0.2138 -0.6078 0.7648
vn -0.2142 -0.6071 0.7652
vn -0.9959 -0.0144 0.0894
vn -0.9979 -0.0191 0.0613
vn -0.9906 -0.0840 0.1081
vn -0.9948 -0.0839 0.0580
vn -0.9842 -0.0843 0.1559
vn -0.9892 -0.0147 0.1456
vn -0.9897 -0.0218 0.1416
vn -0.9920 -0.0266 0.1236
vn -0.9845 -0.0183 0.1743
vn -0.9750 -0.0851 0.2052
vn -0.9797 -0.0129 0.2000
vn -0.9735 -0.0183 0.2278
vn -0.9637 -0.0854 0.2529
vn -0.9670 -0.0149 0.2542
vn -0.9502 -0.0854 0.2995
vn -0.9595 -0.0189 0.2812
vn -0.9670 -0.0158 0.2545
vn -0.9346 -0.0850 0.3455
vn -0.9429 -0.0177 0.3327
vn -0.9518 -0.0162 0.3064
vn -0.9242 -0.0200 0.3815
vn -0.9338 -0.0195 0.3573
vn -0.9343 -0.0153 0.3563
vn -0.8741 -0.0830 0.4785
vn -0.9005 -0.0175 0.4346
vn -0.9128 -0.0182 0.4080
vn -0.8709 -0.0248 0.4908
vn -0.8877 -0.0152 0.4601
vn -0.8881 -0.0140 0.4593
vn -0.8600 -0.0172 0.5100
vn -0.8516 -0.0820 0.5178
vn -0.8428 -0.0173 0.5379
vn -0.8230 -0.0850 0.5616
vn -0.8279 -0.0130 0.5607
vn -0.8109 -0.0181 0.5849
vn -0.7945 -0.0852 0.6013
vn -0.7938 -0.0159 0.6080
vn -0.7330 -0.0833 0.6751
vn -0.7566 -0.0165 0.6537
vn -0.7644 -0.0849 0.6391
vn -0.7745 -0.0181 0.6323
vn -0.7930 -0.0164 0.6090
vn -0.7156 -0.0221 0.6981
vn -0.7361 -0.0198 0.6766
vn -0.7566 -0.0169 0.6537
vn -0.7170 -0.0166 0.6969
vn -0.7011 -0.0824 0.7082
vn -0.6945 -0.0174 0.7193
vn -0.6635 -0.0845 0.7434
vn -0.6744 -0.0138 0.7383
vn -0.6518 -0.0180 0.7582
vn -0.6259 -0.0846 0.7753
vn -0.6297 -0.0145 0.7767
vn -0.5870 -0.0851 0.8051
vn -0.6057 -0.0183 0.7955
vn -0.6294 -0.0152 0.7770
vn -0.5474 -0.0850 0.8325
vn -0.5568 -0.0183 0.8305
vn -0.5826 -0.0153 0.8127
vn -0.5084 -0.0849 0.8569
vn -0.5337 -0.0190 0.8455
vn -0.5327 -0.0180 0.8461
vn -0.4659 -0.0847 0.8808
vn -0.5080 -0.0196 0.8612
vn -0.5331 -0.0194 0.8459
vn -0.4294 -0.0151 0.9030
vn -0.4297 -0.0148 0.9029
vn -0.4219 -0.0845 0.9027
vn -0.4559 -0.0186 0.8898
vn -0.4825 -0.0163 0.8757
vn -0.4027 -0.0181 0.9152
vn -0.3766 -0.0844 0.9225
vn -0.3761 -0.0148 0.9265
vn -0.3476 -0.0182 0.9375
vn -0.3303 -0.0845 0.9401
vn -0.3208 -0.0163 0.9470
vn -0.3186 -0.0199 0.9477
vn -0.2855 -0.0842 0.9547
vn -0.2936 -0.0209 0.9557
vn -0.2651 -0.0198 0.9640
vn -0.2399 -0.0849 0.9671
vn -0.2634 -0.0188 0.9645
vn -0.2353 -0.0197 0.9717
vn -0.1928 -0.0852 0.9775
vn -0.2063 -0.0168 0.9783
vn -0.1197 -0.0189 0.9926
vn -0.1488 -0.0157 0.9887
vn -0.1447 -0.0851 0.9858
vn -0.1780 -0.0192 0.9839
vn -0.2064 -0.0167 0.9783
vn -0.0903 -0.0158 0.9958
vn -0.0961 -0.0848 0.9918
vn -0.0895 -0.0226 0.9957
vn -0.0477 -0.0845 0.9953
vn -0.0664 -0.0227 0.9975
vn 0.0490 -0.0832 0.9953
vn 0.0262 -0.0192 0.9995
vn 0.0005 -0.0843 0.9964
vn -0.0027 -0.0193 0.9998
vn -0.0318 -0.0169 0.9994
vn 0.0873 -0.0242 0.9959
vn 0.0590 -0.0211 0.9980
vn 0.0272 -0.0177 0.9995
vn 0.0861 -0.0171 0.9961
vn 0.0942 -0.0828 0.9921
vn 0.1175 -0.0182 0.9929
vn 0.1447 -0.0847 0.9858
vn 0.1484 -0.0151 0.9888
vn 0.1784 -0.0186 0.9838
vn 0.1929 -0.0849 0.9775
vn 0.2080 -0.0163 0.9780
vn 0.2860 -0.0833 0.9546
vn 0.2674 -0.0194 0.9634
vn 0.2398 -0.0849 0.9671
vn 0.2379 -0.0192 0.9711
vn 0.2081 -0.0158 0.9780
vn 0.3256 -0.0238 0.9452
vn 0.2982 -0.0212 0.9543
vn 0.2677 -0.0180 0.9633
vn 0.3239 -0.0163 0.9460
vn 0.3292 -0.0826 0.9407
vn 0.3543 -0.0176 0.9350
vn 0.3772 -0.0840 0.9223
vn 0.3830 -0.0140 0.9237
vn 0.4108 -0.0182 0.9115
vn 0.4226 -0.0843 0.9024
vn 0.4378 -0.0157 0.8989
vn 0.4662 -0.0845 0.8806
vn 0.4656 -0.0180 0.8848
vn 0.4384 -0.0145 0.8987
vn 0.5199 -0.0213 0.8540
vn 0.4928 -0.0183 0.8700
vn 0.5078 -0.0836 0.8574
vn 0.4925 -0.0188 0.8701
vn 0.5878 -0.0845 0.8046
vn 0.5696 -0.0171 0.8218
vn 0.5461 -0.0833 0.8336
vn 0.5437 -0.0163 0.8391
vn 0.5441 -0.0242 0.8387
vn 0.6438 -0.0144 0.7650
vn 0.6432 -0.0155 0.7655
vn 0.6271 -0.0843 0.7744
vn 0.6187 -0.0183 0.7854
vn 0.5950 -0.0138 0.8036
vn 0.6654 -0.0178 0.7463
vn 0.6644 -0.0841 0.7426
vn 0.6882 -0.0179 0.7253
vn 0.6992 -0.0833 0.7101
vn 0.6877 -0.0176 0.7258
vn 0.7318 -0.0839 0.6763
vn 0.7291 -0.0180 0.6842
vn 0.7096 -0.0202 0.7043
vn 0.7649 -0.0839 0.6387
vn 0.7501 -0.0153 0.6611
vn 0.7314 -0.0125 0.6819
vn 0.8095 -0.0147 0.5870
vn 0.8092 -0.0154 0.5873
vn 0.7959 -0.0841 0.5996
vn 0.7902 -0.0183 0.6126
vn 0.7711 -0.0128 0.6366
vn 0.8272 -0.0189 0.5616
vn 0.8243 -0.0847 0.5597
vn 0.8443 -0.0182 0.5355
vn 0.8489 -0.0849 0.5216
vn 0.8440 -0.0171 0.5360
vn 0.8598 -0.0187 0.5103
vn 0.8735 -0.0841 0.4794
vn 0.8763 -0.0142 0.4816
vn 0.8967 -0.0833 0.4348
vn 0.8900 -0.0156 0.4557
vn 0.8768 -0.0117 0.4807
vn 0.9290 -0.0137 0.3698
vn 0.9285 -0.0153 0.3711
vn 0.9173 -0.0839 0.3893
vn 0.9166 -0.0178 0.3994
vn 0.9046 -0.0123 0.4260
vn 0.9384 -0.0175 0.3451
vn 0.9354 -0.0842 0.3435
vn 0.9482 -0.0187 0.3172
vn 0.9504 -0.0849 0.2993
vn 0.9487 -0.0186 0.3155
vn 0.9569 -0.0189 0.2898
vn 0.9637 -0.0854 0.2531
vn 0.9646 -0.0173 0.2630
vn 0.9749 -0.0852 0.2056
vn 0.9717 -0.0167 0.2355
vn 0.9651 -0.0153 0.2616
vn 0.9888 -0.0128 0.1489
vn 0.9884 -0.0145 0.1515
vn 0.9843 -0.0840 0.1555
vn 0.9834 -0.0179 0.1805
vn 0.9783 -0.0130 0.2067
vn 0.9947 -0.0840 0.0586
vn 0.9975 -0.0168 0.0686
vn 0.9905 -0.0811 0.1107
vn 0.9949 -0.0163 0.0993
vn 0.9925 -0.0290 0.1189
vn 0.9957 -0.0844 -0.0371
vn 0.9998 -0.0185 -0.0108
vn 0.9963 -0.0857 0.0095
vn 0.9996 -0.0204 0.0218
vn 0.9991 -0.0147 0.0385
vn 0.9926 -0.0837 -0.0882
vn 0.9983 -0.0171 -0.0563
vn 0.9995 -0.0129 -0.0278
vn 0.9875 -0.0813 -0.1348
vn 0.9903 -0.0098 -0.1387
vn 0.9894 -0.0304 -0.1423
vn 0.9927 -0.0264 -0.1176
vn 0.9962 -0.0137 -0.0859
vn 0.9675 -0.0132 -0.2524
vn 0.9678 -0.0150 -0.2511
vn 0.9688 -0.0846 -0.2328
vn 0.9746 -0.0197 -0.2232
vn 0.9800 -0.0812 -0.1817
vn 0.9813 -0.0171 -0.1916
vn 0.9845 -0.0284 -0.1732
vn 0.9612 -0.0183 -0.2752
vn 0.9561 -0.0848 -0.2803
vn 0.9527 -0.0161 -0.3034
vn 0.9447 -0.0194 -0.3273
vn 0.9412 -0.0847 -0.3270
vn 0.9355 -0.0173 -0.3529
vn 0.9344 -0.0180 -0.3557
vn 0.9239 -0.0838 -0.3732
vn 0.9262 -0.0165 -0.3767
vn 0.9147 -0.0146 -0.4040
vn 0.9046 -0.0836 -0.4181
vn 0.9144 -0.0144 -0.4046
vn 0.8738 -0.0180 -0.4859
vn 0.8840 -0.0813 -0.4604
vn 0.8623 -0.0114 -0.5063
vn 0.8605 -0.0799 -0.5031
vn 0.8422 -0.0351 -0.5380
vn 0.8871 -0.0079 -0.4615
vn 0.8901 -0.0145 -0.4555
vn 0.9021 -0.0187 -0.4311
vn 0.8326 -0.0180 -0.5536
vn 0.8352 -0.0794 -0.5442
vn 0.8130 -0.0207 -0.5819
vn 0.8046 -0.0838 -0.5879
vn 0.7955 -0.0140 -0.6058
vn 0.7384 -0.0198 -0.6741
vn 0.7585 -0.0167 -0.6515
vn 0.7437 -0.0835 -0.6633
vn 0.7585 -0.0184 -0.6514
vn 0.7747 -0.0846 -0.6267
vn 0.7786 -0.0176 -0.6273
vn 0.7940 -0.0117 -0.6078
vn 0.7118 -0.0800 -0.6978
vn 0.6939 -0.0264 -0.7195
vn 0.7193 -0.0105 -0.6946
vn 0.7180 -0.0225 -0.6956
vn 0.6366 -0.0177 -0.7710
vn 0.6392 -0.0790 -0.7650
vn 0.6300 -0.0102 -0.7765
vn 0.6098 -0.0202 -0.7923
vn 0.5971 -0.0833 -0.7978
vn 0.5836 -0.0135 -0.8119
vn 0.5605 -0.0205 -0.8279
vn 0.5572 -0.0851 -0.8260
vn 0.5347 -0.0201 -0.8448
vn 0.5180 -0.0839 -0.8513
vn 0.4770 -0.0802 -0.8752
vn 0.4851 -0.0120 -0.8744
vn 0.5098 -0.0175 -0.8601
vn 0.5329 -0.0137 -0.8461
vn 0.5351 -0.0188 -0.8446
vn 0.3845 -0.0800 -0.9197
vn 0.3761 -0.0095 -0.9265
vn 0.4062 -0.0192 -0.9136
vn 0.4346 -0.0772 -0.8973
vn 0.4298 -0.0080 -0.9029
vn 0.4352 -0.0131 -0.9003
vn 0.4538 -0.0283 -0.8906
vn 0.3511 -0.0196 -0.9361
vn 0.3367 -0.0821 -0.9380
vn 0.3215 -0.0128 -0.9468
vn 0.3192 -0.0184 -0.9475
vn 0.2919 -0.0843 -0.9527
vn 0.2964 -0.0216 -0.9548
vn 0.2661 -0.0193 -0.9638
vn 0.2456 -0.0838 -0.9657
vn 0.2646 -0.0159 -0.9642
vn 0.1722 -0.0326 -0.9845
vn 0.2074 -0.0112 -0.9782
vn 0.1996 -0.0801 -0.9766
vn 0.2096 -0.0134 -0.9777
vn 0.2332 -0.0235 -0.9721
vn 0.1536 -0.0129 -0.9880
vn 0.1524 -0.0777 -0.9853
vn 0.1209 -0.0220 -0.9924
vn 0.0977 -0.0808 -0.9919
vn 0.0905 -0.0098 -0.9958
vn 0.0882 -0.0261 -0.9958
vn 0.0474 -0.0822 -0.9955
vn 0.0700 -0.0278 -0.9972
vn -0.0621 -0.0236 -0.9978
vn -0.0276 -0.0155 -0.9995
vn -0.0489 -0.0822 -0.9954
vn -0.0258 -0.0186 -0.9995
vn -0.0012 -0.0843 -0.9964
vn 0.0029 -0.0195 -0.9998
vn 0.0319 -0.0128 -0.9994
vn -0.0874 -0.0289 -0.9958
vn -0.1436 -0.0140 -0.9895
vn -0.1444 -0.0762 -0.9866
vn -0.1793 -0.0218 -0.9836
vn -0.1994 -0.0822 -0.9765
vn -0.2084 -0.0109 -0.9780
vn -0.3038 -0.0234 -0.9524
vn -0.2692 -0.0177 -0.9629
vn -0.2914 -0.0827 -0.9530
vn -0.2678 -0.0180 -0.9633
vn -0.2468 -0.0852 -0.9653
vn -0.2404 -0.0206 -0.9704
vn -0.2080 -0.0123 -0.9781
vn -0.3263 -0.0279 -0.9449
vn -0.3799 -0.0133 -0.9249
vn -0.3818 -0.0752 -0.9212
vn -0.4124 -0.0211 -0.9108
vn -0.4330 -0.0810 -0.8977
vn -0.4394 -0.0114 -0.8982
vn -0.5249 -0.0230 -0.8509
vn -0.4948 -0.0174 -0.8688
vn -0.5163 -0.0835 -0.8523
vn -0.4947 -0.0175 -0.8689
vn -0.4768 -0.0844 -0.8749
vn -0.4681 -0.0199 -0.8835
vn -0.4392 -0.0113 -0.8983
vn -0.5433 -0.0185 -0.8393
vn -0.5581 -0.0811 -0.8258
vn -0.5464 -0.0117 -0.8374
vn -0.6404 -0.0809 -0.7637
vn -0.6220 -0.0176 -0.7828
vn -0.5957 -0.0774 -0.7995
vn -0.5920 -0.0122 -0.8058
vn -0.5799 -0.0324 -0.8140
vn -0.6749 -0.0828 -0.7333
vn -0.6466 -0.0141 -0.7627
vn -0.6431 -0.0092 -0.7657
vn -0.7134 -0.0213 -0.7004
vn -0.6902 -0.0172 -0.7234
vn -0.7095 -0.0829 -0.6998
vn -0.6903 -0.0162 -0.7234
vn -0.6662 -0.0216 -0.7455
vn -0.7329 -0.0125 -0.6802
vn -0.7433 -0.0810 -0.6641
vn -0.7313 0.0029 -0.6821
vn -0.8077 -0.0817 -0.5839
vn -0.7914 -0.0188 -0.6110
vn -0.7735 -0.0775 -0.6291
vn -0.7702 -0.0102 -0.6378
vn -0.7547 -0.0183 -0.6559
vn -0.8335 -0.0839 -0.5460
vn -0.8131 -0.0169 -0.5819
vn -0.8111 -0.0131 -0.5848
vn -0.8651 -0.0190 -0.5013
vn -0.8459 -0.0164 -0.5331
vn -0.8589 -0.0831 -0.5054
vn -0.8457 -0.0159 -0.5335
vn -0.8287 -0.0213 -0.5593
vn -0.8747 -0.0133 -0.4844
vn -0.8826 -0.0805 -0.4633
vn -0.8774 -0.0124 -0.4795
vn -0.9292 -0.0120 -0.3693
vn -0.9296 -0.0093 -0.3684
vn -0.9250 -0.0833 -0.3706
vn -0.9183 -0.0159 -0.3956
vn -0.9035 -0.0777 -0.4214
vn -0.9038 -0.0122 -0.4278
vn -0.8961 -0.0318 -0.4428
vn -0.9405 -0.0181 -0.3393
vn -0.9421 -0.0843 -0.3247
vn -0.9495 -0.0171 -0.3134
vn -0.9562 -0.0847 -0.2803
vn -0.9501 -0.0197 -0.3113
vn -0.9587 -0.0176 -0.2837
vn -0.9687 -0.0848 -0.2334
vn -0.9653 -0.0148 -0.2607
vn -0.9853 -0.0261 -0.1687
vn -0.9789 -0.0138 -0.2040
vn -0.9794 -0.0836 -0.1838
vn -0.9729 -0.0197 -0.2304
vn -0.9657 -0.0167 -0.2590
vn -0.9884 -0.0130 -0.1514
vn -0.9869 -0.0810 -0.1395
vn -0.9897 -0.0239 -0.1410
vn -0.9927 -0.0839 -0.0872
vn -0.9919 -0.0304 -0.1237
vn -0.9957 -0.0843 -0.0374
vn -0.9979 -0.0175 -0.0627
vn -0.9957 -0.0133 -0.0916
vn -0.9994 -0.0162 0.0315
vn -0.9998 -0.0164 0.0117
vn -0.9962 -0.0859 0.0114
vn -0.9998 -0.0149 -0.0162
vn -0.9993 -0.0117 -0.0351
vn -0.0220 -0.9998 0.0009
vn -0.0877 -0.9961 0.0067
vn -0.0218 -0.9998 -0.0002
vn -0.0879 -0.9961 -0.0023
vn -0.0218 -0.9998 -0.0018
vn -0.0872 -0.9961 -0.0115
vn -0.0205 -0.9998 -0.0026
vn -0.0220 -0.9997 -0.0041
vn -0.0855 -0.9962 -0.0151
vn -0.0207 -0.9998 -0.0039
vn -0.1681 -0.9850 -0.0388
vn -0.2681 -0.9619 -0.0539
vn -0.1771 -0.9839 -0.0249
vn -0.3565 -0.9309 -0.0798
vn -0.4469 -0.8886 -0.1037
vn -0.5333 -0.8358 -0.1306
vn -0.6852 -0.7048 -0.1838
vn -0.7494 -0.6277 -0.2106
vn -0.8530 -0.4557 -0.2544
vn -0.8048 -0.5458 -0.2333
vn -0.8902 -0.3634 -0.2748
vn -0.9020 -0.2640 -0.3417
vn -0.9171 -0.2674 -0.2958
vn -0.8419 -0.2653 -0.4699
vn -0.8289 -0.1766 -0.5307
vn -0.8033 -0.1763 -0.5689
vn -0.7703 -0.1743 -0.6134
vn -0.6710 -0.5428 -0.5051
vn -0.6261 -0.6282 -0.4619
vn -0.5208 -0.7732 -0.3618
vn -0.3765 -0.8904 -0.2559
vn -0.0715 -0.9963 -0.0477
vn -0.0124 -0.9999 -0.0074
vn -0.0161 -0.9998 -0.0113
vn -0.0177 -0.9998 -0.0118
vn -0.0707 -0.9963 -0.0498
vn -0.0165 -0.9998 -0.0120
vn -0.0680 -0.9963 -0.0535
vn -0.0168 -0.9998 -0.0121
vn -0.0648 -0.9963 -0.0568
vn -0.0157 -0.9998 -0.0132
vn -0.0167 -0.9998 -0.0132
vn -0.0580 -0.9963 -0.0638
vn -0.0146 -0.9998 -0.0153
vn -0.0615 -0.9963 -0.0603
vn -0.0149 -0.9998 -0.0142
vn -0.0159 -0.9998 -0.0149
vn -0.0132 -0.9998 -0.0157
vn -0.0132 -0.9997 -0.0183
vn -0.0546 -0.9963 -0.0668
vn -0.0136 -0.9998 -0.0158
vn -0.0136 -0.9998 -0.0152
vn -0.0129 -0.9998 -0.0166
vn -0.0114 -0.9998 -0.0170
vn -0.0467 -0.9963 -0.0721
vn -0.0110 -0.9998 -0.0181
vn -0.0425 -0.9963 -0.0748
vn -0.0101 -0.9998 -0.0178
vn -0.0098 -0.9998 -0.0186
vn -0.0349 -0.9963 -0.0785
vn -0.0087 -0.9998 -0.0183
vn -0.0118 -0.9992 -0.0391
vn -0.0589 -0.9872 -0.1485
vn -0.0161 -0.9990 -0.0409
vn -0.0527 -0.9876 -0.1479
vn -0.0162 -0.9990 -0.0409
vn -0.0442 -0.9876 -0.1504
vn -0.0119 -0.9990 -0.0436
vn -0.0134 -0.9990 -0.0418
vn -0.0151 -0.9990 -0.0425
vn -0.0078 -0.9990 -0.0433
vn -0.0273 -0.9876 -0.1545
vn -0.0060 -0.9990 -0.0444
vn -0.0181 -0.9876 -0.1561
vn -0.0044 -0.9990 -0.0435
vn -0.0029 -0.9990 -0.0449
vn -0.0091 -0.9876 -0.1566
vn -0.0013 -0.9990 -0.0440
vn -0.0000 -0.9876 -0.1567
vn -0.0013 -0.9990 -0.0439
vn 0.0005 -0.9990 -0.0452
vn 0.0049 -0.9990 -0.0436
vn 0.0180 -0.9876 -0.1558
vn 0.0068 -0.9990 -0.0442
vn 0.0272 -0.9876 -0.1548
vn 0.0080 -0.9991 -0.0428
vn 0.0098 -0.9990 -0.0438
vn 0.0358 -0.9876 -0.1529
vn 0.0110 -0.9990 -0.0424
vn 0.0128 -0.9990 -0.0431
vn 0.0443 -0.9876 -0.1506
vn 0.0139 -0.9990 -0.0417
vn 0.0528 -0.9876 -0.1478
vn 0.0138 -0.9990 -0.0416
vn 0.0589 -0.9873 -0.1478
vn 0.0165 -0.9990 -0.0406
vn 0.0159 -0.9990 -0.0422
vn 0.0425 -0.9963 -0.0747
vn 0.0100 -0.9998 -0.0185
vn 0.0341 -0.9963 -0.0786
vn 0.0088 -0.9998 -0.0180
vn 0.0103 -0.9993 -0.0370
vn 0.0112 -0.9998 -0.0175
vn 0.0109 -0.9998 -0.0177
vn 0.0467 -0.9963 -0.0724
vn 0.0108 -0.9998 -0.0178
vn 0.0102 -0.9998 -0.0176
vn 0.0508 -0.9963 -0.0696
vn 0.0120 -0.9998 -0.0172
vn 0.0113 -0.9998 -0.0171
vn 0.0546 -0.9963 -0.0669
vn 0.0129 -0.9998 -0.0164
vn 0.0120 -0.9998 -0.0162
vn 0.0133 -0.9998 -0.0158
vn 0.0133 -0.9998 -0.0160
vn 0.0130 -0.9998 -0.0160
vn 0.0156 -0.9998 -0.0145
vn 0.0142 -0.9998 -0.0145
vn 0.0615 -0.9963 -0.0604
vn 0.0144 -0.9998 -0.0147
vn 0.0582 -0.9963 -0.0638
vn 0.0142 -0.9998 -0.0155
vn 0.0136 -0.9998 -0.0159
vn 0.0152 -0.9998 -0.0136
vn 0.0645 -0.9963 -0.0570
vn 0.0163 -0.9998 -0.0134
vn 0.0680 -0.9963 -0.0534
vn 0.0162 -0.9998 -0.0124
vn 0.0171 -0.9998 -0.0122
vn 0.0710 -0.9962 -0.0495
vn 0.0171 -0.9998 -0.0112
vn 0.0707 -0.9964 -0.0462
vn 0.0179 -0.9998 -0.0114
vn 0.0175 -0.9998 -0.0116
vn 0.2250 -0.9634 -0.1457
vn 0.3031 -0.9312 -0.2024
vn 0.3788 -0.8904 -0.2523
vn 0.5140 -0.7757 -0.3662
vn 0.7703 -0.1724 -0.6140
vn 0.8013 -0.1717 -0.5731
vn 0.8277 -0.1783 -0.5321
vn 0.8534 -0.1753 -0.4909
vn 0.8294 -0.3064 -0.4671
vn 0.8647 -0.2663 -0.4258
vn 0.8842 -0.2575 -0.3898
vn 0.9009 -0.2619 -0.3462
vn 0.9163 -0.2691 -0.2964
vn 0.8902 -0.3605 -0.2787
vn 0.8062 -0.5446 -0.2315
vn 0.7497 -0.6284 -0.2076
vn 0.6854 -0.7050 -0.1825
vn 0.4491 -0.8877 -0.1014
vn 0.3599 -0.9298 -0.0771
vn 0.1807 -0.9816 -0.0620
vn 0.1772 -0.9839 -0.0249
vn 0.0214 -0.9998 -0.0035
vn 0.0874 -0.9961 -0.0113
vn 0.0206 -0.9998 -0.0025
vn 0.0210 -0.9998 -0.0005
vn 0.0213 -0.9998 -0.0009
vn 0.0882 -0.9961 -0.0022
vn 0.0215 -0.9998 -0.0012
vn 0.0213 -0.9998 -0.0003
vn 0.0217 -0.9998 -0.0010
vn 0.0218 -0.9998 -0.0018
vn 0.0879 -0.9961 0.0067
vn 0.0208 -0.9998 0.0022
vn 0.0216 -0.9998 0.0013
vn 0.0217 -0.9998 0.0003
vn 0.0215 -0.9998 0.0029
vn 0.0868 -0.9961 0.0158
vn 0.0208 -0.9998 0.0039
vn 0.0848 -0.9961 0.0243
vn 0.0200 -0.9998 0.0064
vn 0.0208 -0.9998 0.0057
vn 0.0210 -0.9998 0.0049
vn 0.0205 -0.9998 0.0073
vn 0.0821 -0.9961 0.0327
vn 0.0194 -0.9998 0.0077
vn 0.0784 -0.9961 0.0403
vn 0.0182 -0.9998 0.0103
vn 0.0193 -0.9998 0.0098
vn 0.0199 -0.9998 0.0090
vn 0.0184 -0.9998 0.0112
vn 0.0740 -0.9961 0.0477
vn 0.0173 -0.9998 0.0115
vn 0.0178 -0.9998 0.0131
vn 0.0156 -0.9998 0.0148
vn 0.0638 -0.9961 0.0605
vn 0.0146 -0.9998 0.0150
vn 0.0145 -0.9998 0.0159
vn 0.0581 -0.9961 0.0659
vn 0.0133 -0.9998 0.0159
vn 0.0132 -0.9998 0.0168
vn 0.0518 -0.9962 0.0706
vn 0.0121 -0.9998 0.0167
vn 0.0119 -0.9998 0.0180
vn 0.0094 -0.9998 0.0191
vn 0.0389 -0.9962 0.0780
vn 0.0085 -0.9998 0.0190
vn 0.0081 -0.9998 0.0196
vn 0.0322 -0.9962 0.0808
vn 0.0070 -0.9998 0.0193
vn 0.0065 -0.9998 0.0201
vn 0.0256 -0.9962 0.0828
vn 0.0055 -0.9998 0.0197
vn 0.0050 -0.9998 0.0205
vn 0.0190 -0.9962 0.0845
vn 0.0040 -0.9998 0.0200
vn 0.0034 -0.9998 0.0208
vn 0.0126 -0.9963 0.0855
vn 0.0026 -0.9998 0.0203
vn 0.0020 -0.9998 0.0207
vn 0.0062 -0.9963 0.0861
vn 0.0011 -0.9998 0.0205
vn 0.0005 -0.9998 0.0210
vn -0.0000 -0.9963 0.0862
vn -0.0002 -0.9998 0.0204
vn -0.0009 -0.9998 0.0210
vn -0.0062 -0.9963 0.0860
vn -0.0015 -0.9998 0.0204
vn -0.0022 -0.9998 0.0209
vn -0.0125 -0.9963 0.0854
vn -0.0028 -0.9998 0.0203
vn -0.0255 -0.9962 0.0827
vn -0.0065 -0.9998 0.0196
vn -0.0060 -0.9998 0.0211
vn -0.0189 -0.9963 0.0843
vn -0.0047 -0.9998 0.0202
vn -0.0039 -0.9998 0.0203
vn -0.0037 -0.9998 0.0210
vn -0.0074 -0.9998 0.0199
vn -0.0322 -0.9962 0.0806
vn -0.0079 -0.9998 0.0190
vn -0.0089 -0.9998 0.0194
vn -0.0388 -0.9962 0.0779
vn -0.0094 -0.9998 0.0184
vn -0.0103 -0.9998 0.0187
vn -0.0453 -0.9962 0.0744
vn -0.0106 -0.9998 0.0176
vn -0.0516 -0.9962 0.0703
vn -0.0119 -0.9998 0.0171
vn -0.0124 -0.9998 0.0181
vn -0.0578 -0.9962 0.0656
vn -0.0146 -0.9998 0.0160
vn -0.0133 -0.9998 0.0162
vn -0.0135 -0.9998 0.0170
vn -0.0165 -0.9998 0.0139
vn -0.0690 -0.9961 0.0541
vn -0.0164 -0.9998 0.0128
vn -0.0737 -0.9962 0.0474
vn -0.0189 -0.9998 0.0112
vn -0.0174 -0.9998 0.0119
vn -0.0185 -0.9997 0.0128
vn -0.0200 -0.9998 0.0087
vn -0.0819 -0.9961 0.0324
vn -0.0195 -0.9998 0.0075
vn -0.0206 -0.9998 0.0071
vn -0.0846 -0.9961 0.0242
vn -0.0199 -0.9998 0.0060
vn -0.0207 -0.9998 0.0019
vn -0.0216 -0.9998 0.0028
vn -0.0865 -0.9961 0.0157
vn -0.0211 -0.9998 0.0043
vn -0.0213 -0.9998 0.0053
vn 0.4512 -0.8891 0.0771
vn 0.5417 -0.8362 0.0849
vn 0.4470 -0.8886 0.1026
vn 0.4191 -0.8894 0.1825
vn 0.4348 -0.8894 0.1414
vn 0.5128 -0.8378 0.1877
vn 0.5371 -0.8361 0.1112
vn 0.5284 -0.8378 0.1374
vn 0.5238 -0.8361 0.1629
vn 0.3997 -0.8894 0.2219
vn 0.4676 -0.8376 0.2824
vn 0.3772 -0.8885 0.2614
vn 0.4520 -0.8372 0.3080
vn 0.3531 -0.8879 0.2949
vn 0.4228 -0.8382 0.3444
vn 0.3242 -0.8881 0.3260
vn 0.5056 -0.8362 0.2124
vn 0.4924 -0.8377 0.2362
vn 0.4829 -0.8362 0.2601
vn 0.1385 -0.8371 0.5292
vn 0.1885 -0.8886 0.4181
vn 0.2290 -0.8369 0.4972
vn 0.4944 -0.7752 0.3933
vn 0.4734 -0.7770 0.4149
vn 0.5101 -0.7770 0.3689
vn 0.5293 -0.7751 0.3451
vn 0.4127 -0.7755 0.4778
vn 0.4327 -0.7771 0.4571
vn 0.4555 -0.7753 0.4375
vn 0.3885 -0.7771 0.4952
vn 0.2669 -0.7765 0.5708
vn 0.3125 -0.7754 0.5487
vn 0.3416 -0.7771 0.5286
vn 0.3668 -0.7756 0.5137
vn 0.3025 -0.7075 0.6387
vn -0.0589 -0.9307 0.3610
vn -0.0885 -0.9307 0.3550
vn -0.1182 -0.9305 0.3466
vn -0.1475 -0.9304 0.3355
vn -0.1761 -0.9303 0.3218
vn -0.1135 -0.8888 0.4439
vn -0.2038 -0.9302 0.3052
vn -0.2244 -0.8885 0.4002
vn -0.2290 -0.8369 0.4972
vn -0.2151 -0.7779 0.5904
vn -0.2791 -0.9299 0.2395
vn -0.2559 -0.9300 0.2640
vn -0.3241 -0.8881 0.3260
vn -0.4016 -0.8885 0.2221
vn -0.4211 -0.8885 0.1826
vn -0.3356 -0.9297 0.1519
vn -0.3004 -0.9298 0.2126
vn -0.3193 -0.9297 0.1833
vn -0.4462 -0.8891 0.1014
vn -0.4368 -0.8884 0.1411
vn -0.5226 -0.8373 0.1606
vn -0.5046 -0.8374 0.2102
vn -0.5079 -0.8405 0.1887
vn -0.4517 -0.8378 0.3066
vn -0.4631 -0.8401 0.2824
vn -0.4821 -0.8374 0.2577
vn -0.4876 -0.8404 0.2367
vn -0.3486 -0.9297 0.1189
vn -0.3586 -0.9297 0.0843
vn -0.3640 -0.9302 0.0473
vn -0.1384 -0.8371 0.5293
vn -0.1619 -0.7780 0.6071
vn -0.2672 -0.7777 0.5690
vn -0.3142 -0.7779 0.5442
vn -0.2724 -0.8367 0.4751
vn -0.2594 -0.8883 0.3789
vn -0.2306 -0.9301 0.2860
vn -0.1542 -0.7081 0.6891
vn -0.1854 -0.7063 0.6832
vn -0.2150 -0.7081 0.6726
vn -0.2462 -0.7062 0.6638
vn -0.3374 -0.7802 0.5268
vn -0.3673 -0.7770 0.5113
vn -0.3839 -0.7803 0.4937
vn -0.4129 -0.7769 0.4753
vn -0.4684 -0.7803 0.4143
vn -0.4942 -0.7766 0.3907
vn -0.2143 -0.6073 0.7650
vn 0.7690 -0.4717 0.4315
vn 0.1311 -0.6215 0.7724
vn 0.1401 -0.6276 0.7659
vn 0.1726 -0.6285 0.7584
vn 0.2067 -0.6285 0.7498
vn 0.2405 -0.6285 0.7397
vn 0.2743 -0.6285 0.7279
vn 0.3074 -0.6284 0.7146
vn 0.3399 -0.6284 0.6997
vn 0.3564 -0.5698 0.7405
vn 0.1515 -0.5445 0.8250
vn 0.1888 -0.5445 0.8172
vn 0.2260 -0.5445 0.8078
vn 0.2629 -0.5445 0.7965
vn 0.2996 -0.5445 0.7835
vn 0.3357 -0.5444 0.7687
vn 0.3709 -0.5443 0.7524
vn -0.1515 -0.5445 0.8250
vn -0.1726 -0.6285 0.7584
vn -0.1888 -0.5444 0.8173
vn -0.2067 -0.6285 0.7498
vn -0.2260 -0.5444 0.8078
vn -0.2405 -0.6285 0.7397
vn -0.2629 -0.5444 0.7966
vn -0.2742 -0.6285 0.7279
vn -0.2751 -0.7081 0.6503
vn 0.3983 -0.4554 0.7962
vn 0.3606 -0.4556 0.8139
vn 0.3219 -0.4555 0.8300
vn 0.2826 -0.4555 0.8442
vn 0.2430 -0.4555 0.8564
vn 0.2031 -0.4555 0.8668
vn 0.1630 -0.4555 0.8752
vn 0.1226 -0.4555 0.8817
vn 0.0820 -0.4555 0.8864
vn 0.0412 -0.4556 0.8892
vn -0.0000 -0.4556 0.8902
vn -0.0411 -0.4556 0.8892
vn -0.0820 -0.4555 0.8864
vn -0.1226 -0.4555 0.8817
vn -0.1630 -0.4555 0.8752
vn -0.2031 -0.4555 0.8668
vn -0.2430 -0.4555 0.8564
vn 0.4215 -0.3633 0.8309
vn 0.3816 -0.3632 0.8500
vn 0.3408 -0.3631 0.8672
vn 0.2994 -0.3632 0.8823
vn 0.2575 -0.3632 0.8954
vn 0.2153 -0.3632 0.9065
vn 0.1729 -0.3632 0.9155
vn 0.1301 -0.3631 0.9226
vn 0.0871 -0.3633 0.9276
vn 0.0437 -0.3633 0.9306
vn -0.0000 -0.3633 0.9317
vn -0.0437 -0.3633 0.9307
vn -0.0870 -0.3633 0.9276
vn -0.1301 -0.3632 0.9226
vn -0.1729 -0.3631 0.9156
vn -0.2153 -0.3632 0.9065
vn 0.4403 -0.2693 0.8565
vn 0.3988 -0.2693 0.8766
vn 0.3564 -0.2694 0.8946
vn 0.3131 -0.2694 0.9107
vn 0.2693 -0.2692 0.9246
vn 0.2253 -0.2693 0.9363
vn 0.1809 -0.2692 0.9459
vn 0.1363 -0.2692 0.9534
vn 0.0913 -0.2693 0.9587
vn 0.0458 -0.2692 0.9620
vn -0.0000 -0.2692 0.9631
vn -0.0458 -0.2692 0.9620
vn -0.0912 -0.2692 0.9587
vn -0.1363 -0.2692 0.9534
vn -0.1809 -0.2692 0.9459
vn 0.4549 -0.1751 0.8731
vn 0.4123 -0.1751 0.8941
vn 0.3685 -0.1752 0.9130
vn 0.3239 -0.1751 0.9298
vn 0.2787 -0.1751 0.9443
vn 0.2332 -0.1751 0.9565
vn 0.1873 -0.1751 0.9666
vn 0.1412 -0.1752 0.9744
vn 0.0945 -0.1751 0.9800
vn 0.0474 -0.1751 0.9834
vn -0.0000 -0.1751 0.9845
vn -0.0474 -0.1751 0.9834
vn -0.0945 -0.1751 0.9800
vn -0.1411 -0.1751 0.9744
vn -0.7587 -0.6278 -0.1739
vn -0.6926 -0.7052 -0.1514
vn -0.7664 -0.6278 -0.1360
vn -0.6993 -0.7052 -0.1167
vn -0.7723 -0.6277 -0.0979
vn -0.7042 -0.7053 -0.0818
vn -0.7762 -0.6277 -0.0595
vn -0.7074 -0.7053 -0.0468
vn -0.7782 -0.6277 -0.0212
vn -0.7088 -0.7053 -0.0117
vn -0.7782 -0.6277 0.0174
vn -0.7086 -0.7052 0.0234
vn -0.7764 -0.6277 0.0560
vn -0.7067 -0.7051 0.0585
vn -0.7728 -0.6276 0.0942
vn -0.7028 -0.7052 0.0935
vn -0.7672 -0.6276 0.1321
vn -0.6975 -0.7051 0.1279
vn -0.7599 -0.6276 0.1692
vn -0.6903 -0.7052 0.1617
vn -0.7508 -0.6277 0.2058
vn -0.6817 -0.7052 0.1948
vn -0.7400 -0.6277 0.2418
vn -0.6715 -0.7052 0.2275
vn -0.7274 -0.6277 0.2772
vn -0.6597 -0.7052 0.2596
vn -0.7132 -0.6277 0.3120
vn -0.6465 -0.7053 0.2910
vn -0.6972 -0.6277 0.3462
vn -0.6315 -0.7053 0.3220
vn -0.6796 -0.6278 0.3795
vn -0.6153 -0.7053 0.3520
vn -0.6607 -0.6278 0.4115
vn -0.5978 -0.7053 0.3809
vn -0.6404 -0.6278 0.4424
vn -0.5790 -0.7054 0.4089
vn -0.6186 -0.6279 0.4722
vn -0.5591 -0.7055 0.4356
vn -0.5957 -0.6279 0.5008
vn -0.5381 -0.7055 0.4613
vn -0.5714 -0.6280 0.5283
vn -0.5158 -0.7055 0.4859
vn -0.5459 -0.6280 0.5546
vn -0.4924 -0.7056 0.5095
vn -0.5190 -0.6282 0.5797
vn -0.4680 -0.7057 0.5320
vn -0.4912 -0.6281 0.6035
vn -0.4426 -0.7057 0.5532
vn -0.4624 -0.6281 0.6258
vn -0.4164 -0.7058 0.5731
vn -0.4329 -0.6282 0.6465
vn -0.3897 -0.7058 0.5916
vn -0.4027 -0.6283 0.6657
vn -0.3623 -0.7058 0.6087
vn -0.3717 -0.6283 0.6835
vn -0.3329 -0.7080 0.6228
vn -0.3398 -0.6283 0.6998
vn -0.3054 -0.7061 0.6388
vn -0.3075 -0.6284 0.7146
vn -0.8161 -0.5439 -0.1955
vn -0.8248 -0.5439 -0.1548
vn -0.8314 -0.5438 -0.1138
vn -0.8360 -0.5438 -0.0727
vn -0.8386 -0.5439 -0.0314
vn -0.8391 -0.5439 0.0100
vn -0.8375 -0.5439 0.0516
vn -0.8340 -0.5439 0.0929
vn -0.8284 -0.5439 0.1337
vn -0.8209 -0.5439 0.1739
vn -0.8116 -0.5438 0.2134
vn -0.8004 -0.5438 0.2524
vn -0.7872 -0.5439 0.2908
vn -0.7722 -0.5439 0.3285
vn -0.7554 -0.5439 0.3656
vn -0.7367 -0.5439 0.4018
vn -0.7166 -0.5439 0.4367
vn -0.6949 -0.5439 0.4704
vn -0.6717 -0.5439 0.5029
vn -0.6472 -0.5440 0.5341
vn -0.6211 -0.5441 0.5641
vn -0.5937 -0.5441 0.5928
vn -0.5648 -0.5442 0.6204
vn -0.5347 -0.5442 0.6465
vn -0.5037 -0.5441 0.6709
vn -0.4719 -0.5442 0.6937
vn -0.4391 -0.5442 0.7148
vn -0.4055 -0.5442 0.7344
vn -0.3709 -0.5443 0.7524
vn -0.3357 -0.5444 0.7687
vn -0.2997 -0.5444 0.7835
vn -0.8638 -0.4552 -0.2158
vn -0.8735 -0.4551 -0.1728
vn -0.8810 -0.4551 -0.1295
vn -0.8863 -0.4550 -0.0861
vn -0.8894 -0.4551 -0.0424
vn -0.8904 -0.4552 0.0016
vn -0.8893 -0.4551 0.0457
vn -0.8859 -0.4552 0.0896
vn -0.8805 -0.4551 0.1329
vn -0.8729 -0.4551 0.1756
vn -0.8634 -0.4552 0.2178
vn -0.8518 -0.4552 0.2592
vn -0.8384 -0.4551 0.3001
vn -0.8227 -0.4552 0.3405
vn -0.8052 -0.4552 0.3801
vn -0.7858 -0.4551 0.4188
vn -0.7647 -0.4551 0.4562
vn -0.7420 -0.4551 0.4923
vn -0.7176 -0.4551 0.5271
vn -0.6917 -0.4552 0.5606
vn -0.6643 -0.4552 0.5929
vn -0.6352 -0.4553 0.6239
vn -0.6046 -0.4553 0.6536
vn -0.5726 -0.4553 0.6817
vn -0.5397 -0.4553 0.7081
vn -0.5058 -0.4553 0.7327
vn -0.4709 -0.4553 0.7556
vn -0.4352 -0.4553 0.7768
vn -0.3983 -0.4554 0.7962
vn -0.3605 -0.4555 0.8140
vn -0.3219 -0.4554 0.8301
vn -0.2826 -0.4554 0.8442
vn -0.9018 -0.3631 -0.2345
vn -0.9122 -0.3631 -0.1897
vn -0.9205 -0.3631 -0.1446
vn -0.9264 -0.3631 -0.0992
vn -0.9302 -0.3630 -0.0537
vn -0.9317 -0.3630 -0.0078
vn -0.9310 -0.3630 0.0384
vn -0.9280 -0.3629 0.0844
vn -0.9227 -0.3630 0.1298
vn -0.9153 -0.3630 0.1746
vn -0.9058 -0.3630 0.2187
vn -0.8940 -0.3631 0.2625
vn -0.8803 -0.3630 0.3054
vn -0.8644 -0.3631 0.3479
vn -0.8464 -0.3631 0.3897
vn -0.8263 -0.3631 0.4305
vn -0.8046 -0.3631 0.4699
vn -0.7811 -0.3630 0.5081
vn -0.7558 -0.3630 0.5450
vn -0.7289 -0.3631 0.5804
vn -0.7003 -0.3630 0.6146
vn -0.6700 -0.3630 0.6475
vn -0.6381 -0.3630 0.6790
vn -0.6046 -0.3631 0.7089
vn -0.5701 -0.3632 0.7370
vn -0.5345 -0.3631 0.7632
vn -0.4978 -0.3632 0.7876
vn -0.4601 -0.3632 0.8102
vn -0.4215 -0.3632 0.8309
vn -0.3816 -0.3632 0.8500
vn -0.3408 -0.3632 0.8672
vn -0.2994 -0.3632 0.8823
vn -0.2575 -0.3632 0.8954
vn 0.6046 -0.6282 -0.4898
vn 0.5540 -0.7057 -0.4417
vn 0.5785 -0.6282 -0.5203
vn 0.5302 -0.7058 -0.4698
vn 0.5506 -0.6283 -0.5496
vn 0.5049 -0.7059 -0.4968
vn 0.5215 -0.6283 -0.5772
vn 0.4783 -0.7060 -0.5223
vn 0.4911 -0.6284 -0.6033
vn 0.4506 -0.7060 -0.5463
vn 0.4594 -0.6284 -0.6277
vn 0.4216 -0.7061 -0.5689
vn 0.4263 -0.6285 -0.6505
vn 0.3915 -0.7060 -0.5901
vn 0.3920 -0.6286 -0.6717
vn 0.3601 -0.7061 -0.6097
vn 0.3564 -0.6286 -0.6913
vn 0.3274 -0.7062 -0.6278
vn 0.3195 -0.6285 -0.7091
vn 0.2936 -0.7062 -0.6442
vn 0.2816 -0.6286 -0.7250
vn 0.2588 -0.7063 -0.6589
vn 0.2429 -0.6287 -0.7387
vn 0.2233 -0.7063 -0.6717
vn 0.2038 -0.6287 -0.7505
vn 0.1874 -0.7064 -0.6826
vn 0.1642 -0.6287 -0.7601
vn 0.1509 -0.7064 -0.6915
vn 0.1239 -0.6288 -0.7677
vn 0.1140 -0.7065 -0.6985
vn 0.0832 -0.6288 -0.7731
vn 0.0766 -0.7064 -0.7037
vn 0.0418 -0.6288 -0.7765
vn 0.0385 -0.7064 -0.7067
vn -0.0000 -0.6286 -0.7777
vn -0.0000 -0.7064 -0.7078
vn -0.0418 -0.6288 -0.7765
vn -0.0385 -0.7065 -0.7067
vn -0.0832 -0.6288 -0.7731
vn -0.0765 -0.7064 -0.7037
vn -0.1239 -0.6288 -0.7676
vn -0.1140 -0.7064 -0.6986
vn -0.1641 -0.6287 -0.7602
vn -0.1509 -0.7064 -0.6915
vn -0.2038 -0.6287 -0.7505
vn -0.1874 -0.7064 -0.6826
vn -0.2429 -0.6286 -0.7388
vn -0.2233 -0.7064 -0.6717
vn -0.2816 -0.6285 -0.7250
vn -0.2588 -0.7063 -0.6590
vn -0.3195 -0.6285 -0.7092
vn -0.2936 -0.7062 -0.6443
vn -0.3564 -0.6286 -0.6913
vn -0.3274 -0.7063 -0.6277
vn -0.3920 -0.6286 -0.6717
vn -0.3601 -0.7061 -0.6098
vn -0.4264 -0.6285 -0.6506
vn -0.3915 -0.7060 -0.5902
vn -0.4594 -0.6284 -0.6278
vn -0.4216 -0.7061 -0.5689
vn -0.4911 -0.6284 -0.6033
vn -0.4506 -0.7060 -0.5464
vn -0.5215 -0.6283 -0.5773
vn -0.4783 -0.7060 -0.5223
vn -0.5507 -0.6283 -0.5495
vn -0.5049 -0.7059 -0.4968
vn -0.5785 -0.6282 -0.5203
vn -0.5302 -0.7057 -0.4699
vn -0.6046 -0.6282 -0.4898
vn -0.5540 -0.7057 -0.4417
vn 0.3716 -0.6283 0.6834
vn 0.3336 -0.7126 0.6172
vn 0.4027 -0.6283 0.6656
vn 0.3593 -0.7074 0.6087
vn 0.4329 -0.6282 0.6465
vn 0.3897 -0.7058 0.5916
vn 0.4624 -0.6282 0.6258
vn 0.4164 -0.7058 0.5731
vn 0.4912 -0.6282 0.6034
vn 0.4426 -0.7057 0.5532
vn 0.5190 -0.6282 0.5797
vn 0.4679 -0.7057 0.5320
vn 0.5458 -0.6280 0.5547
vn 0.4924 -0.7057 0.5095
vn 0.5714 -0.6280 0.5283
vn 0.5158 -0.7056 0.4859
vn 0.5957 -0.6280 0.5009
vn 0.5380 -0.7056 0.4612
vn 0.6186 -0.6280 0.4722
vn 0.5591 -0.7055 0.4355
vn 0.6403 -0.6279 0.4424
vn 0.5790 -0.7054 0.4089
vn 0.6607 -0.6278 0.4115
vn 0.5978 -0.7054 0.3809
vn 0.6796 -0.6278 0.3795
vn 0.6153 -0.7054 0.3520
vn 0.6971 -0.6278 0.3462
vn 0.6315 -0.7054 0.3220
vn 0.7132 -0.6277 0.3120
vn 0.6464 -0.7053 0.2910
vn 0.7273 -0.6278 0.2771
vn 0.6597 -0.7053 0.2596
vn 0.7399 -0.6277 0.2419
vn 0.6715 -0.7052 0.2275
vn 0.7507 -0.6277 0.2058
vn 0.6817 -0.7053 0.1948
vn 0.7598 -0.6277 0.1692
vn 0.6903 -0.7052 0.1617
vn 0.7672 -0.6277 0.1321
vn 0.6974 -0.7052 0.1279
vn 0.7727 -0.6277 0.0943
vn 0.7028 -0.7053 0.0934
vn 0.7764 -0.6278 0.0559
vn 0.7066 -0.7052 0.0586
vn 0.7783 -0.6277 0.0174
vn 0.7086 -0.7052 0.0234
vn 0.7781 -0.6278 -0.0211
vn 0.7088 -0.7053 -0.0118
vn 0.7761 -0.6278 -0.0595
vn 0.7074 -0.7053 -0.0468
vn 0.7722 -0.6278 -0.0978
vn 0.7041 -0.7053 -0.0818
vn 0.7664 -0.6278 -0.1360
vn 0.6993 -0.7052 -0.1167
vn 0.7587 -0.6278 -0.1738
vn 0.6926 -0.7053 -0.1514
vn 0.6478 -0.5443 -0.5331
vn 0.6196 -0.5442 -0.5656
vn 0.5896 -0.5443 -0.5968
vn 0.5582 -0.5443 -0.6262
vn 0.5255 -0.5444 -0.6538
vn 0.4914 -0.5444 -0.6798
vn 0.4560 -0.5444 -0.7041
vn 0.4190 -0.5446 -0.7265
vn 0.3808 -0.5445 -0.7473
vn 0.3412 -0.5446 -0.7661
vn 0.3008 -0.5445 -0.7830
vn 0.2595 -0.5446 -0.7975
vn 0.2176 -0.5447 -0.8099
vn 0.1752 -0.5448 -0.8201
vn 0.1322 -0.5448 -0.8281
vn 0.0887 -0.5447 -0.8339
vn 0.0446 -0.5447 -0.8374
vn -0.0000 -0.5448 -0.8386
vn -0.0446 -0.5447 -0.8375
vn -0.0887 -0.5447 -0.8339
vn -0.1322 -0.5448 -0.8281
vn -0.1752 -0.5448 -0.8200
vn -0.2175 -0.5447 -0.8100
vn -0.2594 -0.5447 -0.7975
vn -0.3007 -0.5446 -0.7829
vn -0.3413 -0.5445 -0.7662
vn -0.3808 -0.5444 -0.7474
vn -0.4191 -0.5445 -0.7265
vn -0.4559 -0.5444 -0.7041
vn -0.4914 -0.5443 -0.6799
vn -0.5255 -0.5444 -0.6539
vn -0.5582 -0.5443 -0.6262
vn -0.5896 -0.5442 -0.5968
vn -0.6196 -0.5442 -0.5657
vn -0.6478 -0.5442 -0.5331
vn 0.6831 -0.4554 -0.5710
vn 0.6531 -0.4553 -0.6051
vn 0.6213 -0.4554 -0.6377
vn 0.5880 -0.4555 -0.6684
vn 0.5533 -0.4555 -0.6974
vn 0.5172 -0.4556 -0.7246
vn 0.4798 -0.4555 -0.7499
vn 0.4409 -0.4555 -0.7734
vn 0.4005 -0.4556 -0.7950
vn 0.3588 -0.4557 -0.8147
vn 0.3160 -0.4556 -0.8322
vn 0.2727 -0.4556 -0.8474
vn 0.2286 -0.4558 -0.8602
vn 0.1840 -0.4558 -0.8709
vn 0.1388 -0.4558 -0.8792
vn 0.0931 -0.4556 -0.8853
vn 0.0468 -0.4557 -0.8889
vn -0.0000 -0.4557 -0.8901
vn -0.0468 -0.4557 -0.8889
vn -0.0930 -0.4557 -0.8853
vn -0.1388 -0.4558 -0.8792
vn -0.1840 -0.4558 -0.8708
vn -0.2286 -0.4558 -0.8602
vn -0.2726 -0.4555 -0.8475
vn -0.3160 -0.4556 -0.8322
vn -0.3588 -0.4558 -0.8146
vn -0.4005 -0.4556 -0.7950
vn -0.4408 -0.4555 -0.7734
vn -0.4798 -0.4555 -0.7499
vn -0.5172 -0.4556 -0.7245
vn -0.5533 -0.4555 -0.6974
vn -0.5880 -0.4555 -0.6684
vn -0.6213 -0.4554 -0.6377
vn -0.6531 -0.4553 -0.6052
vn -0.6831 -0.4553 -0.5710
vn 0.4351 -0.4554 0.7768
vn 0.4055 -0.5443 0.7344
vn 0.4709 -0.4554 0.7556
vn 0.4391 -0.5443 0.7148
vn 0.5058 -0.4554 0.7326
vn 0.4719 -0.5443 0.6936
vn 0.5397 -0.4554 0.7081
vn 0.5037 -0.5442 0.6709
vn 0.5726 -0.4553 0.6817
vn 0.5347 -0.5442 0.6465
vn 0.6046 -0.4553 0.6536
vn 0.5648 -0.5443 0.6203
vn 0.6352 -0.4553 0.6239
vn 0.5936 -0.5442 0.5928
vn 0.6642 -0.4553 0.5928
vn 0.6211 -0.5441 0.5640
vn 0.6917 -0.4552 0.5606
vn 0.6471 -0.5440 0.5341
vn 0.7176 -0.4552 0.5271
vn 0.6717 -0.5440 0.5029
vn 0.7419 -0.4553 0.4922
vn 0.6949 -0.5440 0.4704
vn 0.7647 -0.4552 0.4562
vn 0.7165 -0.5440 0.4367
vn 0.7857 -0.4552 0.4189
vn 0.7367 -0.5440 0.4018
vn 0.8052 -0.4552 0.3801
vn 0.7553 -0.5440 0.3656
vn 0.8227 -0.4552 0.3405
vn 0.7721 -0.5439 0.3285
vn 0.8383 -0.4552 0.3002
vn 0.7872 -0.5439 0.2908
vn 0.8518 -0.4552 0.2592
vn 0.8003 -0.5439 0.2524
vn 0.8633 -0.4552 0.2178
vn 0.8116 -0.5439 0.2134
vn 0.8729 -0.4552 0.1756
vn 0.8209 -0.5439 0.1739
vn 0.8804 -0.4552 0.1329
vn 0.8284 -0.5440 0.1337
vn 0.8859 -0.4552 0.0895
vn 0.8340 -0.5439 0.0930
vn 0.8892 -0.4552 0.0457
vn 0.8375 -0.5440 0.0516
vn 0.8904 -0.4552 0.0016
vn 0.8390 -0.5440 0.0100
vn 0.8894 -0.4552 -0.0423
vn 0.8386 -0.5439 -0.0314
vn 0.8863 -0.4551 -0.0860
vn 0.8360 -0.5439 -0.0727
vn 0.8810 -0.4552 -0.1295
vn 0.8314 -0.5439 -0.1138
vn 0.8735 -0.4552 -0.1727
vn 0.8247 -0.5440 -0.1547
vn 0.8638 -0.4553 -0.2158
vn 0.8160 -0.5441 -0.1955
vn 0.7102 -0.3633 -0.6030
vn 0.6787 -0.3633 -0.6382
vn 0.6455 -0.3633 -0.6718
vn 0.6107 -0.3633 -0.7036
vn 0.5744 -0.3633 -0.7335
vn 0.5367 -0.3634 -0.7615
vn 0.4976 -0.3634 -0.7876
vn 0.4573 -0.3632 -0.8118
vn 0.4152 -0.3634 -0.8340
vn 0.3718 -0.3634 -0.8542
vn 0.3274 -0.3634 -0.8722
vn 0.2824 -0.3634 -0.8878
vn 0.2368 -0.3634 -0.9010
vn 0.1905 -0.3635 -0.9119
vn 0.1437 -0.3634 -0.9205
vn 0.0963 -0.3635 -0.9266
vn 0.0484 -0.3634 -0.9304
vn -0.0000 -0.3633 -0.9317
vn -0.0484 -0.3634 -0.9304
vn -0.0963 -0.3635 -0.9266
vn -0.1436 -0.3633 -0.9205
vn -0.1905 -0.3635 -0.9119
vn -0.2368 -0.3635 -0.9010
vn -0.2824 -0.3635 -0.8878
vn -0.3274 -0.3633 -0.8722
vn -0.3718 -0.3634 -0.8542
vn -0.4153 -0.3634 -0.8340
vn -0.4572 -0.3632 -0.8118
vn -0.4977 -0.3633 -0.7876
vn -0.5367 -0.3633 -0.7615
vn -0.5744 -0.3633 -0.7335
vn -0.6107 -0.3633 -0.7036
vn -0.6455 -0.3633 -0.6719
vn -0.6787 -0.3633 -0.6383
vn -0.7102 -0.3632 -0.6030
vn -0.9297 -0.2691 -0.2515
vn -0.9409 -0.2692 -0.2054
vn -0.9499 -0.2692 -0.1589
vn -0.9565 -0.2693 -0.1122
vn -0.9609 -0.2693 -0.0651
vn -0.9629 -0.2692 -0.0178
vn -0.9626 -0.2692 0.0300
vn -0.9600 -0.2692 0.0775
vn -0.9550 -0.2692 0.1244
vn -0.9478 -0.2693 0.1709
vn -0.9384 -0.2692 0.2167
vn -0.9268 -0.2692 0.2620
vn -0.9129 -0.2692 0.3067
vn -0.8969 -0.2692 0.3509
vn -0.8786 -0.2692 0.3944
vn -0.8583 -0.2692 0.4368
vn -0.8360 -0.2692 0.4781
vn -0.8120 -0.2692 0.5179
vn -0.7862 -0.2692 0.5563
vn -0.7585 -0.2692 0.5934
vn -0.7291 -0.2692 0.6292
vn -0.6979 -0.2693 0.6637
vn -0.6649 -0.2693 0.6967
vn -0.6304 -0.2692 0.7281
vn -0.5946 -0.2693 0.7576
vn -0.5577 -0.2692 0.7852
vn -0.5198 -0.2692 0.8108
vn -0.4806 -0.2693 0.8346
vn -0.4402 -0.2693 0.8565
vn -0.3988 -0.2692 0.8766
vn -0.3564 -0.2693 0.8947
vn -0.3131 -0.2693 0.9107
vn -0.2694 -0.2693 0.9246
vn -0.2253 -0.2692 0.9363
vn -0.8530 -0.1759 -0.4913
vn -0.8766 -0.1753 -0.4481
vn -0.8977 -0.1752 -0.4042
vn -0.9167 -0.1752 -0.3591
vn -0.9335 -0.1752 -0.3129
vn -0.9478 -0.1751 -0.2665
vn -0.9597 -0.1752 -0.2196
vn -0.9693 -0.1752 -0.1723
vn -0.9766 -0.1751 -0.1247
vn -0.9816 -0.1751 -0.0766
vn -0.9841 -0.1751 -0.0283
vn -0.9843 -0.1751 0.0204
vn -0.9821 -0.1752 0.0691
vn -0.9776 -0.1751 0.1171
vn -0.9707 -0.1751 0.1646
vn -0.9615 -0.1752 0.2118
vn -0.9501 -0.1752 0.2583
vn -0.9364 -0.1751 0.3042
vn -0.9204 -0.1752 0.3496
vn -0.9021 -0.1752 0.3944
vn -0.8817 -0.1751 0.4382
vn -0.8592 -0.1751 0.4807
vn -0.8349 -0.1752 0.5218
vn -0.8087 -0.1752 0.5615
vn -0.7807 -0.1751 0.5999
vn -0.7507 -0.1751 0.6370
vn -0.7190 -0.1751 0.6726
vn -0.6852 -0.1752 0.7070
vn -0.6500 -0.1751 0.7395
vn -0.6134 -0.1751 0.7701
vn -0.5756 -0.1751 0.7988
vn -0.5366 -0.1751 0.8255
vn -0.4964 -0.1751 0.8503
vn -0.4549 -0.1751 0.8731
vn -0.4123 -0.1751 0.8941
vn -0.3685 -0.1752 0.9130
vn -0.3239 -0.1751 0.9298
vn -0.2787 -0.1751 0.9443
vn -0.2332 -0.1751 0.9565
vn -0.1873 -0.1751 0.9666
vn 0.7293 -0.2692 -0.6290
vn 0.6966 -0.2693 -0.6650
vn 0.6622 -0.2695 -0.6992
vn 0.6262 -0.2694 -0.7316
vn 0.5889 -0.2693 -0.7620
vn 0.5500 -0.2694 -0.7905
vn 0.5097 -0.2695 -0.8170
vn 0.4682 -0.2694 -0.8415
vn 0.4251 -0.2694 -0.8641
vn 0.3805 -0.2694 -0.8847
vn 0.3350 -0.2695 -0.9029
vn 0.2888 -0.2695 -0.9187
vn 0.2421 -0.2694 -0.9321
vn 0.1947 -0.2694 -0.9431
vn 0.1468 -0.2695 -0.9518
vn 0.0984 -0.2695 -0.9580
vn 0.0494 -0.2696 -0.9617
vn -0.0000 -0.2695 -0.9630
vn -0.0494 -0.2696 -0.9617
vn -0.0984 -0.2696 -0.9579
vn -0.1468 -0.2695 -0.9518
vn -0.1947 -0.2694 -0.9432
vn -0.2421 -0.2694 -0.9321
vn -0.2888 -0.2694 -0.9187
vn -0.3350 -0.2695 -0.9029
vn -0.3805 -0.2694 -0.8847
vn -0.4251 -0.2694 -0.8641
vn -0.4682 -0.2694 -0.8416
vn -0.5097 -0.2694 -0.8171
vn -0.5501 -0.2694 -0.7905
vn -0.5889 -0.2693 -0.7621
vn -0.6262 -0.2693 -0.7316
vn -0.6622 -0.2694 -0.6992
vn -0.6966 -0.2693 -0.6650
vn -0.7293 -0.2692 -0.6290
vn -0.7592 -0.2670 -0.5935
vn 0.4806 -0.2693 0.8345
vn 0.4602 -0.3632 0.8101
vn 0.5197 -0.2693 0.8108
vn 0.4978 -0.3631 0.7876
vn 0.5577 -0.2692 0.7852
vn 0.5345 -0.3632 0.7632
vn 0.5946 -0.2693 0.7576
vn 0.5701 -0.3632 0.7369
vn 0.6304 -0.2693 0.7281
vn 0.6046 -0.3631 0.7089
vn 0.6649 -0.2693 0.6967
vn 0.6380 -0.3631 0.6790
vn 0.6979 -0.2692 0.6637
vn 0.6700 -0.3631 0.6475
vn 0.7291 -0.2692 0.6293
vn 0.7003 -0.3631 0.6146
vn 0.7585 -0.2693 0.5934
vn 0.7289 -0.3631 0.5803
vn 0.7862 -0.2693 0.5563
vn 0.7558 -0.3630 0.5450
vn 0.8120 -0.2692 0.5179
vn 0.7810 -0.3630 0.5081
vn 0.8360 -0.2693 0.4781
vn 0.8046 -0.3632 0.4699
vn 0.8583 -0.2693 0.4368
vn 0.8263 -0.3632 0.4305
vn 0.8786 -0.2692 0.3944
vn 0.8463 -0.3631 0.3897
vn 0.8969 -0.2693 0.3508
vn 0.8644 -0.3632 0.3478
vn 0.9129 -0.2693 0.3067
vn 0.8803 -0.3630 0.3055
vn 0.9267 -0.2692 0.2620
vn 0.8940 -0.3631 0.2624
vn 0.9384 -0.2692 0.2168
vn 0.9057 -0.3631 0.2188
vn 0.9478 -0.2692 0.1709
vn 0.9153 -0.3631 0.1745
vn 0.9550 -0.2693 0.1244
vn 0.9227 -0.3630 0.1298
vn 0.9600 -0.2692 0.0775
vn 0.9280 -0.3630 0.0844
vn 0.9626 -0.2692 0.0300
vn 0.9309 -0.3631 0.0384
vn 0.9629 -0.2692 -0.0177
vn 0.9317 -0.3631 -0.0077
vn 0.9608 -0.2694 -0.0651
vn 0.9302 -0.3631 -0.0536
vn 0.9565 -0.2693 -0.1121
vn 0.9264 -0.3632 -0.0993
vn 0.9498 -0.2694 -0.1589
vn 0.9205 -0.3631 -0.1446
vn 0.9409 -0.2693 -0.2054
vn 0.9123 -0.3630 -0.1896
vn 0.9297 -0.2692 -0.2514
vn 0.9018 -0.3631 -0.2345
vn 0.7403 -0.1753 -0.6490
vn 0.7070 -0.1751 -0.6852
vn 0.6717 -0.1752 -0.7198
vn 0.6349 -0.1752 -0.7524
vn 0.5968 -0.1754 -0.7830
vn 0.5573 -0.1752 -0.8116
vn 0.5163 -0.1753 -0.8383
vn 0.4739 -0.1755 -0.8629
vn 0.4302 -0.1751 -0.8856
vn 0.3850 -0.1753 -0.9061
vn 0.3388 -0.1753 -0.9244
vn 0.2920 -0.1751 -0.9402
vn 0.2447 -0.1753 -0.9536
vn 0.1968 -0.1753 -0.9647
vn 0.1483 -0.1753 -0.9733
vn 0.0994 -0.1752 -0.9795
vn 0.0499 -0.1753 -0.9832
vn -0.0000 -0.1754 -0.9845
vn -0.0499 -0.1753 -0.9833
vn -0.0994 -0.1751 -0.9795
vn -0.1483 -0.1753 -0.9733
vn -0.1968 -0.1753 -0.9647
vn -0.2447 -0.1752 -0.9536
vn -0.2920 -0.1752 -0.9402
vn -0.3388 -0.1752 -0.9244
vn -0.3850 -0.1752 -0.9061
vn -0.4301 -0.1751 -0.8856
vn -0.4740 -0.1754 -0.8629
vn -0.5163 -0.1753 -0.8383
vn -0.5573 -0.1752 -0.8116
vn -0.5969 -0.1753 -0.7829
vn -0.6349 -0.1751 -0.7525
vn -0.6717 -0.1753 -0.7198
vn -0.7069 -0.1751 -0.6853
vn -0.7403 -0.1752 -0.6491
vn 0.4964 -0.1751 0.8503
vn 0.5366 -0.1752 0.8255
vn 0.5756 -0.1752 0.7988
vn 0.6134 -0.1751 0.7701
vn 0.6500 -0.1752 0.7395
vn 0.6852 -0.1752 0.7069
vn 0.7189 -0.1752 0.6726
vn 0.7507 -0.1752 0.6370
vn 0.7806 -0.1752 0.5999
vn 0.8088 -0.1752 0.5614
vn 0.8349 -0.1752 0.5218
vn 0.8592 -0.1751 0.4807
vn 0.8817 -0.1752 0.4382
vn 0.9021 -0.1752 0.3944
vn 0.9204 -0.1752 0.3496
vn 0.9364 -0.1752 0.3042
vn 0.9500 -0.1752 0.2583
vn 0.9615 -0.1752 0.2118
vn 0.9707 -0.1751 0.1647
vn 0.9775 -0.1752 0.1171
vn 0.9821 -0.1752 0.0691
vn 0.9843 -0.1752 0.0204
vn 0.9841 -0.1751 -0.0282
vn 0.9816 -0.1751 -0.0766
vn 0.9766 -0.1751 -0.1247
vn 0.9693 -0.1752 -0.1723
vn 0.9597 -0.1753 -0.2197
vn 0.9478 -0.1752 -0.2665
vn 0.9335 -0.1752 -0.3130
vn 0.9167 -0.1753 -0.3590
vn 0.8977 -0.1753 -0.4042
vn 0.8766 -0.1754 -0.4481
vn 0.8385 0.0931 -0.5368
vn -0.1447 -0.9840 -0.1037
vn -0.1387 -0.9841 -0.1111
vn -0.1323 -0.9841 -0.1184
vn -0.1256 -0.9841 -0.1256
vn -0.1185 -0.9841 -0.1320
vn -0.1112 -0.9841 -0.1385
vn -0.1034 -0.9841 -0.1441
vn -0.0952 -0.9842 -0.1494
vn -0.0867 -0.9842 -0.1544
vn -0.0778 -0.9842 -0.1593
vn -0.4469 -0.8911 0.0785
vn -0.4554 -0.8888 0.0523
vn -0.3668 -0.9302 0.0105
vn -0.3650 -0.9307 -0.0233
vn -0.4582 -0.8881 -0.0376
vn -0.3593 -0.9323 -0.0411
vn -0.4555 -0.8882 -0.0605
vn -0.4520 -0.8914 0.0336
vn -0.4582 -0.8888 0.0065
vn -0.4526 -0.8916 -0.0115
vn -0.5425 -0.8364 -0.0784
vn -0.5458 -0.8363 -0.0513
vn -0.5477 -0.8363 -0.0239
vn -0.5483 -0.8363 0.0033
vn -0.5474 -0.8363 0.0306
vn -0.5453 -0.8362 0.0579
vn -0.5418 -0.8362 0.0848
vn -0.5370 -0.8362 0.1114
vn -0.5234 -0.8407 0.1388
vn -0.6282 -0.7752 -0.0661
vn -0.6308 -0.7752 -0.0348
vn -0.6318 -0.7751 -0.0035
vn -0.6312 -0.7751 0.0278
vn -0.6290 -0.7751 0.0593
vn -0.6253 -0.7751 0.0904
vn -0.6202 -0.7750 0.1210
vn -0.6137 -0.7750 0.1511
vn -0.6056 -0.7750 0.1805
vn -0.5961 -0.7751 0.2096
vn -0.5853 -0.7751 0.2380
vn -0.5731 -0.7752 0.2659
vn -0.5595 -0.7752 0.2932
vn -0.5449 -0.7752 0.3197
vn -0.5290 -0.7752 0.3452
vn -0.5049 -0.7804 0.3688
vn 0.1448 -0.9840 -0.1036
vn 0.1389 -0.9840 -0.1112
vn 0.1324 -0.9841 -0.1185
vn 0.1256 -0.9841 -0.1256
vn 0.1185 -0.9841 -0.1322
vn 0.1112 -0.9841 -0.1384
vn 0.1034 -0.9841 -0.1441
vn 0.0953 -0.9842 -0.1495
vn 0.0866 -0.9842 -0.1545
vn 0.0780 -0.9842 -0.1593
vn 0.2200 -0.9622 -0.1605
vn 0.2109 -0.9622 -0.1721
vn 0.2012 -0.9623 -0.1833
vn 0.1910 -0.9623 -0.1939
vn 0.1800 -0.9623 -0.2038
vn 0.1688 -0.9623 -0.2131
vn 0.1570 -0.9624 -0.2218
vn 0.1446 -0.9624 -0.2300
vn 0.1316 -0.9624 -0.2377
vn 0.1182 -0.9624 -0.2445
vn 0.1042 -0.9625 -0.2506
vn 0.0900 -0.9625 -0.2559
vn 0.0755 -0.9625 -0.2604
vn 0.0609 -0.9626 -0.2641
vn 0.0461 -0.9626 -0.2670
vn 0.0311 -0.9625 -0.2693
vn 0.0157 -0.9626 -0.2705
vn -0.0000 -0.9626 -0.2708
vn -0.0156 -0.9626 -0.2704
vn -0.0310 -0.9626 -0.2692
vn -0.0461 -0.9626 -0.2671
vn -0.0609 -0.9626 -0.2641
vn -0.0755 -0.9625 -0.2604
vn -0.0900 -0.9625 -0.2559
vn -0.1042 -0.9625 -0.2506
vn -0.1182 -0.9624 -0.2446
vn -0.1316 -0.9624 -0.2377
vn -0.1446 -0.9624 -0.2301
vn -0.1569 -0.9624 -0.2218
vn -0.1687 -0.9624 -0.2131
vn -0.1801 -0.9623 -0.2038
vn -0.1909 -0.9623 -0.1939
vn -0.2011 -0.9623 -0.1833
vn -0.2109 -0.9623 -0.1720
vn -0.2199 -0.9622 -0.1605
vn 0.2578 -0.9646 -0.0554
vn 0.2695 -0.9621 -0.0408
vn -0.4520 -0.8881 -0.0835
vn -0.3621 -0.9301 -0.0623
vn -0.2697 -0.9621 -0.0405
vn -0.2737 -0.9617 -0.0154
vn -0.1792 -0.9838 -0.0075
vn -0.2740 -0.9617 0.0124
vn -0.1792 -0.9838 0.0107
vn -0.2714 -0.9616 0.0399
vn -0.1773 -0.9837 0.0288
vn -0.2662 -0.9616 0.0667
vn -0.1735 -0.9837 0.0465
vn -0.2583 -0.9616 0.0924
vn -0.1682 -0.9837 0.0632
vn -0.2482 -0.9616 0.1169
vn -0.1611 -0.9838 0.0791
vn -0.2357 -0.9617 0.1401
vn -0.1528 -0.9838 0.0942
vn -0.2213 -0.9617 0.1617
vn -0.1431 -0.9838 0.1082
vn -0.2052 -0.9618 0.1813
vn -0.1324 -0.9838 0.1209
vn -0.1876 -0.9619 0.1991
vn -0.1207 -0.9839 0.1322
vn -0.1687 -0.9619 0.2151
vn -0.1083 -0.9839 0.1424
vn -0.1488 -0.9620 0.2290
vn -0.0953 -0.9839 0.1512
vn -0.1282 -0.9621 0.2408
vn -0.0817 -0.9840 0.1585
vn -0.1071 -0.9622 0.2505
vn -0.0682 -0.9840 0.1646
vn -0.0857 -0.9622 0.2584
vn -0.0543 -0.9841 0.1693
vn -0.0640 -0.9623 0.2643
vn -0.0405 -0.9841 0.1730
vn -0.0426 -0.9624 0.2684
vn -0.0268 -0.9842 0.1753
vn -0.0210 -0.9624 0.2707
vn -0.0133 -0.9842 0.1767
vn -0.0000 -0.9624 0.2716
vn -0.0000 -0.9842 0.1772
vn 0.0212 -0.9624 0.2708
vn 0.0134 -0.9842 0.1767
vn 0.0426 -0.9624 0.2685
vn 0.0269 -0.9841 0.1753
vn 0.0641 -0.9623 0.2643
vn 0.0405 -0.9841 0.1731
vn 0.0857 -0.9622 0.2584
vn 0.0544 -0.9841 0.1694
vn 0.1072 -0.9621 0.2506
vn 0.0682 -0.9840 0.1647
vn 0.1283 -0.9620 0.2409
vn 0.0819 -0.9839 0.1586
vn 0.1489 -0.9620 0.2290
vn 0.0953 -0.9839 0.1513
vn 0.1688 -0.9619 0.2153
vn 0.1084 -0.9838 0.1425
vn 0.1877 -0.9618 0.1992
vn 0.1208 -0.9838 0.1323
vn 0.2052 -0.9618 0.1814
vn 0.1325 -0.9838 0.1211
vn 0.2214 -0.9617 0.1618
vn 0.1433 -0.9837 0.1084
vn 0.2358 -0.9616 0.1403
vn 0.1529 -0.9837 0.0944
vn 0.2483 -0.9616 0.1170
vn 0.1613 -0.9837 0.0792
vn 0.2584 -0.9616 0.0924
vn 0.1683 -0.9837 0.0633
vn 0.2663 -0.9616 0.0669
vn 0.1737 -0.9837 0.0466
vn 0.2715 -0.9616 0.0400
vn 0.1774 -0.9837 0.0289
vn 0.2741 -0.9616 0.0124
vn 0.1793 -0.9837 0.0108
vn 0.2730 -0.9619 -0.0141
vn 0.1794 -0.9838 -0.0075
vn -0.1220 -0.9920 -0.0316
vn 0.2941 -0.9304 -0.2187
vn 0.2818 -0.9305 -0.2341
vn 0.2688 -0.9305 -0.2490
vn 0.2549 -0.9306 -0.2629
vn 0.2405 -0.9306 -0.2760
vn 0.2251 -0.9307 -0.2882
vn 0.2093 -0.9307 -0.2999
vn 0.1928 -0.9307 -0.3108
vn 0.1754 -0.9308 -0.3207
vn 0.1575 -0.9308 -0.3298
vn 0.1389 -0.9309 -0.3379
vn 0.1199 -0.9309 -0.3450
vn 0.1008 -0.9309 -0.3511
vn 0.0812 -0.9310 -0.3559
vn 0.0615 -0.9310 -0.3598
vn 0.0413 -0.9311 -0.3625
vn 0.0208 -0.9310 -0.3644
vn -0.0000 -0.9310 -0.3651
vn -0.0208 -0.9310 -0.3644
vn -0.0413 -0.9310 -0.3626
vn -0.0614 -0.9310 -0.3598
vn -0.0812 -0.9310 -0.3558
vn -0.1007 -0.9309 -0.3511
vn -0.1199 -0.9309 -0.3450
vn -0.1389 -0.9309 -0.3379
vn -0.1575 -0.9309 -0.3297
vn -0.1754 -0.9308 -0.3207
vn -0.1928 -0.9307 -0.3108
vn -0.2093 -0.9307 -0.3000
vn -0.2251 -0.9307 -0.2882
vn -0.2404 -0.9306 -0.2759
vn -0.2549 -0.9305 -0.2629
vn -0.2687 -0.9305 -0.2490
vn -0.2818 -0.9305 -0.2341
vn -0.2940 -0.9305 -0.2186
vn 0.3657 -0.8886 -0.2770
vn 0.3503 -0.8886 -0.2961
vn 0.3338 -0.8887 -0.3142
vn 0.3167 -0.8888 -0.3314
vn 0.2985 -0.8889 -0.3475
vn 0.2796 -0.8889 -0.3628
vn 0.2597 -0.8890 -0.3771
vn 0.2392 -0.8890 -0.3905
vn 0.2176 -0.8891 -0.4027
vn 0.1952 -0.8892 -0.4138
vn 0.1723 -0.8891 -0.4241
vn 0.1487 -0.8892 -0.4327
vn 0.1249 -0.8892 -0.4401
vn 0.1007 -0.8893 -0.4461
vn 0.0762 -0.8893 -0.4510
vn 0.0512 -0.8893 -0.4545
vn 0.0257 -0.8893 -0.4566
vn -0.0000 -0.8893 -0.4574
vn -0.0257 -0.8893 -0.4566
vn -0.0512 -0.8893 -0.4545
vn -0.0761 -0.8893 -0.4510
vn -0.1007 -0.8893 -0.4460
vn -0.1249 -0.8892 -0.4402
vn -0.1487 -0.8892 -0.4327
vn -0.1722 -0.8891 -0.4241
vn -0.1952 -0.8892 -0.4138
vn -0.2176 -0.8891 -0.4027
vn -0.2391 -0.8891 -0.3904
vn -0.2597 -0.8891 -0.3770
vn -0.2795 -0.8889 -0.3629
vn -0.2985 -0.8889 -0.3474
vn -0.3166 -0.8888 -0.3313
vn -0.3338 -0.8887 -0.3142
vn -0.3503 -0.8886 -0.2961
vn -0.3656 -0.8886 -0.2770
vn 0.4470 -0.8408 -0.3052
vn 0.4335 -0.8368 -0.3343
vn 0.4152 -0.8369 -0.3566
vn 0.3955 -0.8371 -0.3780
vn 0.3751 -0.8371 -0.3982
vn 0.3536 -0.8371 -0.4174
vn 0.3311 -0.8372 -0.4354
vn 0.3074 -0.8373 -0.4521
vn 0.2830 -0.8373 -0.4678
vn 0.2576 -0.8373 -0.4823
vn 0.2310 -0.8374 -0.4954
vn 0.2036 -0.8375 -0.5071
vn 0.1759 -0.8375 -0.5174
vn 0.1476 -0.8376 -0.5259
vn 0.1190 -0.8376 -0.5332
vn 0.0899 -0.8377 -0.5387
vn 0.0604 -0.8377 -0.5428
vn 0.0304 -0.8376 -0.5455
vn -0.0000 -0.8377 -0.5462
vn -0.0303 -0.8376 -0.5455
vn -0.0604 -0.8377 -0.5428
vn -0.0899 -0.8376 -0.5388
vn -0.1190 -0.8376 -0.5332
vn -0.1477 -0.8376 -0.5259
vn -0.1758 -0.8375 -0.5174
vn -0.2036 -0.8375 -0.5071
vn -0.2310 -0.8374 -0.4955
vn -0.2575 -0.8373 -0.4823
vn -0.2829 -0.8373 -0.4678
vn -0.3075 -0.8373 -0.4521
vn -0.3310 -0.8372 -0.4354
vn -0.3536 -0.8371 -0.4174
vn -0.3750 -0.8371 -0.3983
vn -0.3955 -0.8371 -0.3779
vn -0.4151 -0.8369 -0.3566
vn -0.4335 -0.8368 -0.3344
vn -0.4578 -0.8335 -0.3094
vn 0.3659 -0.9304 -0.0226
vn 0.4584 -0.8879 -0.0378
vn 0.4569 -0.8894 -0.0140
vn 0.3652 -0.9308 0.0112
vn 0.4555 -0.8882 -0.0606
vn 0.3627 -0.9309 -0.0433
vn 0.4520 -0.8881 -0.0834
vn 0.3623 -0.9300 -0.0625
vn 0.5378 -0.8364 -0.1057
vn 0.5425 -0.8364 -0.0784
vn 0.5458 -0.8363 -0.0512
vn 0.3624 -0.9308 0.0478
vn 0.4966 -0.7757 -0.3895
vn 0.4754 -0.7758 -0.4149
vn 0.4529 -0.7758 -0.4393
vn 0.4292 -0.7759 -0.4623
vn 0.4045 -0.7759 -0.4840
vn 0.3787 -0.7759 -0.5045
vn 0.3517 -0.7760 -0.5236
vn 0.3235 -0.7761 -0.5414
vn 0.2943 -0.7761 -0.5578
vn 0.2640 -0.7761 -0.5727
vn 0.2327 -0.7763 -0.5859
vn 0.2008 -0.7764 -0.5974
vn 0.1686 -0.7764 -0.6072
vn 0.1358 -0.7764 -0.6154
vn 0.1027 -0.7764 -0.6219
vn 0.0689 -0.7764 -0.6265
vn 0.0347 -0.7764 -0.6293
vn -0.0000 -0.7765 -0.6301
vn -0.0346 -0.7764 -0.6293
vn -0.0689 -0.7764 -0.6265
vn -0.1026 -0.7764 -0.6218
vn -0.1358 -0.7764 -0.6154
vn -0.1686 -0.7764 -0.6073
vn -0.2008 -0.7764 -0.5974
vn -0.2326 -0.7763 -0.5859
vn -0.2640 -0.7761 -0.5727
vn -0.2943 -0.7760 -0.5578
vn -0.3235 -0.7760 -0.5415
vn -0.3517 -0.7760 -0.5236
vn -0.3787 -0.7760 -0.5045
vn -0.4045 -0.7759 -0.4841
vn -0.4293 -0.7759 -0.4623
vn -0.4529 -0.7758 -0.4394
vn -0.4754 -0.7758 -0.4148
vn -0.4966 -0.7757 -0.3896
vn 0.6185 -0.7752 -0.1285
vn 0.6242 -0.7752 -0.0973
vn 0.6282 -0.7752 -0.0661
vn 0.6308 -0.7752 -0.0348
vn 0.5448 -0.7752 0.3198
vn 0.5595 -0.7752 0.2932
vn 0.5731 -0.7752 0.2659
vn 0.5853 -0.7751 0.2380
vn 0.5961 -0.7751 0.2095
vn 0.6056 -0.7751 0.1805
vn 0.6136 -0.7750 0.1511
vn 0.6202 -0.7751 0.1210
vn 0.6254 -0.7751 0.0904
vn 0.6291 -0.7751 0.0593
vn 0.6312 -0.7752 0.0278
vn 0.6317 -0.7752 -0.0035
vn 0.3574 -0.9300 0.0857
vn 0.3487 -0.9296 0.1189
vn 0.3356 -0.9297 0.1520
vn 0.3193 -0.9297 0.1833
vn 0.3004 -0.9298 0.2127
vn 0.2792 -0.9299 0.2396
vn 0.2559 -0.9299 0.2641
vn 0.2307 -0.9300 0.2861
vn 0.2039 -0.9302 0.3052
vn 0.1762 -0.9303 0.3218
vn 0.1476 -0.9304 0.3355
vn 0.1183 -0.9305 0.3466
vn 0.0886 -0.9306 0.3551
vn 0.0590 -0.9307 0.3610
vn -0.0770 -0.8188 0.5688
vn 0.9642 -0.0015 -0.2650
vn 0.9698 0.0005 -0.2438
vn 0.8844 -0.1172 -0.4519
vn 0.8832 -0.0898 -0.4602
vn 0.1886 -0.0005 0.9821
vn 0.8286 0.0367 0.5586
vn 0.9964 -0.0013 0.0842
vn 0.9929 -0.0002 0.1187
vn 0.9899 -0.0016 0.1418
vn 0.9980 0.0064 0.0630
vn 0.9912 -0.1088 0.0754
vn 0.9988 -0.0412 0.0248
vn 0.9663 0.0002 0.2575
vn 0.9662 -0.0001 0.2577
vn 0.9720 -0.0005 0.2348
vn 0.9801 -0.0017 0.1987
vn 0.9843 -0.0044 0.1763
vn 0.9895 -0.0060 0.1444
vn 0.9595 -0.0072 0.2816
vn 0.9371 -0.0711 0.3419
vn 0.9350 -0.0811 0.3453
vn 0.9367 0.0012 0.3502
vn 0.9281 -0.0264 0.3715
vn 0.9143 -0.0408 0.4031
vn 0.8794 -0.1389 0.4554
vn 0.8967 -0.0020 0.4427
vn 0.8865 -0.0005 0.4628
vn 0.8858 -0.0018 0.4641
vn 0.8261 -0.0008 0.5635
vn 0.8388 -0.0012 0.5444
vn 0.8579 -0.0019 0.5139
vn 0.8691 -0.0020 0.4946
vn 0.7610 -0.0142 0.6486
vn 0.7526 -0.0011 0.6585
vn 0.7453 0.1047 0.6584
vn 0.7313 0.0456 0.6805
vn 0.7730 -0.0704 0.6305
vn 0.7891 -0.0034 0.6142
vn 0.8314 0.0946 0.5475
vn 0.6924 -0.0415 0.7204
vn 0.6490 -0.1384 0.7481
vn 0.6609 -0.0014 0.7505
vn 0.6410 -0.0014 0.7676
vn 0.6445 -0.0001 0.7646
vn 0.5488 -0.0001 0.8360
vn 0.5484 -0.0005 0.8362
vn 0.5695 -0.0009 0.8220
vn 0.5965 -0.0019 0.8026
vn 0.6161 -0.0034 0.7877
vn 0.6404 -0.0041 0.7681
vn 0.6409 -0.0015 0.7676
vn 0.4442 -0.0003 0.8959
vn 0.4968 -0.0024 0.8679
vn 0.4742 -0.0210 0.8801
vn 0.4391 -0.0458 0.8973
vn 0.4221 -0.1172 0.8989
vn 0.5202 -0.0005 0.8541
vn 0.3714 -0.0403 0.9276
vn 0.3345 -0.1296 0.9335
vn 0.3260 -0.0101 0.9453
vn 0.3011 0.0002 0.9536
vn 0.4207 0.0379 0.9064
vn 0.4209 -0.1214 0.8990
vn 0.1892 0.0003 0.9819
vn 0.2713 -0.0019 0.9625
vn 0.2453 -0.0020 0.9695
vn 0.2165 -0.0010 0.9763
vn 0.3004 -0.0010 0.9538
vn 0.1598 -0.0004 0.9871
vn 0.1315 -0.0002 0.9913
vn 0.0999 -0.0115 0.9949
vn 0.0702 -0.0976 0.9927
vn 0.0710 -0.0820 0.9941
vn -0.0030 -0.0553 0.9985
vn -0.0261 -0.1322 0.9909
vn -0.0570 -0.0000 0.9984
vn -0.0954 0.0002 0.9954
vn 0.0395 0.0006 0.9992
vn 0.0714 -0.0796 0.9943
vn -0.0865 0.0001 0.9963
vn -0.0865 -0.0000 0.9963
vn -0.1142 -0.0000 0.9935
vn -0.1440 0.0001 0.9896
vn -0.1710 0.0001 0.9853
vn -0.2008 0.0002 0.9796
vn -0.2006 0.0001 0.9797
vn -0.2270 0.0001 0.9739
vn -0.2569 0.0002 0.9664
vn -0.2823 -0.0109 0.9593
vn -0.2966 -0.1047 0.9492
vn -0.2665 0.0001 0.9638
vn -0.2993 -0.0952 0.9494
vn -0.3833 -0.1303 0.9144
vn -0.3781 -0.0397 0.9249
vn -0.3453 -0.0004 0.9385
vn -0.3018 -0.0733 0.9505
vn -0.4112 -0.0003 0.9115
vn -0.4300 -0.0002 0.9028
vn -0.5139 0.0001 0.8578
vn -0.5127 -0.0006 0.8586
vn -0.4851 -0.0004 0.8745
vn -0.4617 -0.0003 0.8871
vn -0.4324 -0.0006 0.9017
vn -0.4099 -0.0003 0.9121
vn -0.6302 -0.0003 0.7765
vn -0.6344 -0.0791 0.7690
vn -0.6361 -0.0768 0.7678
vn -0.5139 -0.0005 0.8578
vn -0.5349 -0.0006 0.8449
vn -0.5625 -0.0008 0.8268
vn -0.5824 -0.0016 0.8129
vn -0.6086 -0.0025 0.7934
vn -0.6219 -0.0176 0.7829
vn -0.6986 -0.1033 0.7080
vn -0.6993 -0.0423 0.7135
vn -0.6872 0.0356 0.7256
vn -0.6229 -0.1226 0.7726
vn -0.8046 -0.0008 0.5938
vn -0.7834 -0.0040 0.6215
vn -0.8028 -0.0051 0.5962
vn -0.7280 0.0002 0.6855
vn -0.7442 -0.0002 0.6679
vn -0.7674 -0.0009 0.6411
vn -0.8366 -0.1259 0.5332
vn -0.8495 -0.0845 0.5207
vn -0.8188 -0.0004 0.5741
vn -0.8381 -0.0016 0.5456
vn -0.8496 -0.0145 0.5272
vn -0.9192 -0.0768 0.3861
vn -0.9180 -0.0432 0.3943
vn -0.8522 -0.0728 0.5181
vn -0.8887 0.0004 0.4585
vn -0.8830 -0.0135 0.4693
vn -0.8974 -0.0011 0.4413
vn -0.9194 0.0697 0.3872
vn -0.9696 -0.0011 0.2448
vn -0.9604 -0.0013 0.2787
vn -0.9352 0.0002 0.3541
vn -0.9536 -0.0031 0.3012
vn -0.9431 -0.0018 0.3326
vn -0.9848 -0.0708 0.1588
vn -0.9905 -0.0064 0.1373
vn -0.9699 -0.0000 0.2435
vn -0.9748 -0.0011 0.2231
vn -0.9818 -0.0020 0.1901
vn -0.9859 -0.0039 0.1675
vn -0.9939 0.0404 0.1023
vn -0.9859 -0.1133 0.1229
vn -0.9870 -0.1072 0.1201
vn -0.9992 0.0010 0.0398
vn -0.9990 -0.0410 0.0173
vn -0.9951 -0.0972 0.0159
vn -0.9981 0.0024 -0.0622
vn -0.9949 -0.0062 -0.1010
vn -0.9907 -0.0033 -0.1362
vn -0.9967 -0.0075 -0.0803
vn -0.9901 0.0006 -0.1402
vn -0.9889 0.0006 -0.1485
vn -0.9867 -0.0023 -0.1627
vn -0.9807 -0.0063 -0.1952
vn -0.9760 -0.0063 -0.2176
vn -0.9662 0.0004 -0.2580
vn -0.9675 -0.0042 -0.2528
vn -0.9634 -0.0120 -0.2677
vn -0.9564 -0.0834 -0.2800
vn -0.9418 -0.0213 -0.3356
vn -0.9370 -0.0338 -0.3478
vn -0.9565 -0.0845 -0.2791
vn -0.9251 -0.1337 -0.3554
vn -0.9030 -0.0049 -0.4297
vn -0.9295 -0.0488 -0.3656
vn -0.8860 0.0003 -0.4637
vn -0.8886 -0.0032 -0.4587
vn -0.8760 -0.0018 -0.4823
vn -0.8588 -0.0028 -0.5122
vn -0.8315 -0.0077 -0.5555
vn -0.8187 0.0136 -0.5740
vn -0.8454 -0.0099 -0.5341
vn -0.8054 0.0513 -0.5905
vn -0.8119 -0.1424 -0.5661
vn -0.8045 -0.0791 -0.5887
vn -0.7783 -0.0428 -0.6264
vn -0.7763 -0.1402 -0.6145
vn -0.7213 0.0388 -0.6915
vn -0.7207 0.0057 -0.6932
vn -0.7154 -0.0535 -0.6966
vn -0.7095 -0.1325 -0.6921
vn -0.6686 -0.0005 -0.7436
vn -0.6423 -0.0004 -0.7664
vn -0.5482 0.0023 -0.8363
vn -0.5525 -0.0047 -0.8335
vn -0.6418 -0.0002 -0.7669
vn -0.6420 -0.0002 -0.7667
vn -0.6227 -0.0030 -0.7824
vn -0.5993 -0.0028 -0.8006
vn -0.5751 -0.0050 -0.8181
vn -0.5208 0.0711 -0.8507
vn -0.5010 -0.0027 -0.8655
vn -0.4847 -0.0488 -0.8733
vn -0.4615 -0.0686 -0.8845
vn -0.3877 -0.0525 -0.9203
vn -0.4197 -0.0107 -0.9076
vn -0.4641 -0.1204 -0.8775
vn -0.4380 -0.0016 -0.8990
vn -0.4445 -0.0015 -0.8958
vn -0.4632 -0.1166 -0.8785
vn -0.3718 -0.1287 -0.9194
vn -0.3113 0.0412 -0.9494
vn -0.3171 -0.0853 -0.9445
vn -0.3019 0.0023 -0.9533
vn -0.2751 0.0020 -0.9614
vn 0.0295 -0.1341 -0.9905
vn 0.0025 -0.0600 -0.9982
vn -0.0257 -0.0007 -0.9997
vn -0.0403 -0.0342 -0.9986
vn -0.0760 -0.0012 -0.9971
vn -0.0769 -0.0885 -0.9931
vn -0.0767 -0.0902 -0.9930
vn -0.0776 -0.1053 -0.9914
vn -0.1107 -0.0212 -0.9936
vn -0.1333 0.0003 -0.9911
vn -0.1603 0.0005 -0.9871
vn -0.1895 0.0024 -0.9819
vn -0.1895 0.0009 -0.9819
vn -0.2181 0.0013 -0.9759
vn -0.2456 0.0030 -0.9694
vn 0.3935 -0.0531 -0.9178
vn 0.3516 -0.0315 -0.9356
vn 0.3227 -0.0867 -0.9425
vn 0.3249 -0.0990 -0.9406
vn 0.3244 -0.1048 -0.9401
vn 0.2799 -0.0174 -0.9599
vn 0.2580 -0.0002 -0.9662
vn 0.2296 -0.0005 -0.9733
vn 0.2014 -0.0007 -0.9795
vn 0.2009 0.0006 -0.9796
vn 0.1731 -0.0004 -0.9849
vn 0.1445 -0.0008 -0.9895
vn 0.1157 -0.0006 -0.9933
vn 0.0867 -0.0009 -0.9962
vn 0.0810 -0.0162 -0.9966
vn 0.0700 0.0365 -0.9969
vn 0.4661 -0.0043 -0.8847
vn 0.4371 -0.0033 -0.8994
vn 0.4119 -0.0043 -0.9112
vn 0.4105 -0.0016 -0.9119
vn 0.4306 -0.0012 -0.9026
vn 0.4264 -0.1343 -0.8945
vn 0.4887 -0.0042 -0.8724
vn 0.5147 -0.0003 -0.8574
vn 0.5155 -0.0043 -0.8569
vn 0.5399 -0.0015 -0.8417
vn 0.5647 -0.0007 -0.8253
vn 0.5881 -0.0008 -0.8088
vn 0.6109 -0.0000 -0.7917
vn 0.6374 -0.0420 -0.7694
vn 0.6301 -0.0026 -0.7765
vn 0.6831 -0.0020 -0.7303
vn 0.6777 -0.1274 -0.7243
vn 0.6701 -0.0762 -0.7383
vn 0.6555 -0.0013 -0.7552
vn 0.6693 -0.0755 -0.7391
vn 0.7214 -0.0540 -0.6904
vn 0.7453 -0.1092 -0.6577
vn 0.7530 -0.0068 -0.6580
vn 0.7313 -0.0046 -0.6820
vn 0.7894 -0.0030 -0.6139
vn 0.7696 -0.0075 -0.6384
vn 0.8282 -0.0026 -0.5604
vn 0.8050 0.0014 -0.5933
vn 0.8048 0.0016 -0.5935
vn 0.7955 0.0014 -0.6060
vn 0.8048 0.0014 -0.5935
vn 0.8405 -0.0083 -0.5418
vn 0.8592 -0.0145 -0.5115
vn 0.8928 -0.0150 -0.4501
vn 0.8814 -0.0862 -0.4644
vn 0.9039 0.0406 -0.4257
vn 0.8996 -0.0079 -0.4367
vn 0.9332 -0.0474 -0.3563
vn 0.9422 -0.0784 -0.3257
vn 0.9365 -0.0034 -0.3505
vn 0.9480 -0.0045 -0.3183
vn 0.9548 -0.0040 -0.2971
vn 0.9724 -0.0087 -0.2331
vn 0.9825 -0.0050 -0.1864
vn 0.9879 -0.0018 -0.1548
vn 0.9778 -0.0114 -0.2091
vn 0.9928 -0.0738 -0.0943
vn 0.9922 0.0225 -0.1223
vn 0.9911 0.0004 -0.1330
vn 0.9993 0.0035 -0.0363
vn 0.9931 -0.1151 -0.0220
vn 0.9936 -0.1100 -0.0243
vn 0.0004 -0.2362 0.9717
vn -0.0010 -0.1183 0.9930
vn 0.0543 -0.1766 0.9828
vn 0.0235 -0.9066 0.4214
vn 0.0480 -0.8953 0.4429
vn 0.1308 -0.8522 0.5066
vn 0.0049 -0.9047 0.4260
vn 0.0089 -0.8908 0.4543
vn 0.0255 -0.8391 0.5434
vn 0.0137 -0.9060 0.4231
vn 0.0288 -0.8936 0.4480
vn 0.0844 -0.8439 0.5298
vn 0.0442 -0.7691 0.6376
vn 0.0595 -0.7683 0.6373
vn 0.0394 -0.8273 0.5604
vn 0.1115 -0.6652 0.7383
vn 0.1325 -0.6689 0.7315
vn 0.0887 -0.7700 0.6318
vn 0.1965 -0.6739 0.7122
vn 0.2190 -0.6732 0.7063
vn 0.1473 -0.7737 0.6162
vn 0.2398 -0.6751 0.6976
vn 0.2597 -0.6783 0.6873
vn 0.1750 -0.7774 0.6042
vn 0.3206 -0.6840 0.6552
vn 0.3383 -0.6885 0.6415
vn 0.2265 -0.7875 0.5732
vn 0.1985 -0.9082 0.3686
vn 0.1927 -0.9114 0.3637
vn 0.0495 -0.9170 0.3959
vn 0.1013 -0.9714 0.2148
vn 0.1115 -0.9701 0.2154
vn 0.2222 -0.9749 0.0133
vn 0.0001 -0.8983 -0.4393
vn 0.0004 -0.9455 -0.3255
vn 0.0407 -0.9041 -0.4254
vn 0.0340 -0.9623 -0.2698
vn 0.0810 -0.9021 -0.4238
vn 0.0679 -0.9615 -0.2664
vn 0.1206 -0.9007 -0.4173
vn 0.1020 -0.9587 -0.2653
vn 0.1603 -0.8975 -0.4108
vn 0.1351 -0.9567 -0.2577
vn 0.1986 -0.8955 -0.3984
vn 0.1672 -0.9544 -0.2471
vn 0.2363 -0.8918 -0.3858
vn 0.1999 -0.9497 -0.2409
vn 0.2725 -0.8879 -0.3708
vn 0.2290 -0.9476 -0.2229
vn 0.3083 -0.8822 -0.3559
vn 0.2587 -0.9430 -0.2095
vn 0.2884 -0.9370 -0.1971
vn -0.0001 -0.8388 -0.5444
vn 0.0454 -0.8342 -0.5496
vn 0.0898 -0.8337 -0.5448
vn 0.1338 -0.8342 -0.5350
vn 0.1777 -0.8309 -0.5273
vn 0.2208 -0.8272 -0.5168
vn 0.2618 -0.8259 -0.4994
vn 0.3029 -0.8202 -0.4853
vn 0.3420 -0.8158 -0.4663
vn 0.3423 -0.8770 -0.3373
vn 0.0017 -0.9955 -0.0942
vn 0.0243 -0.9983 -0.0531
vn 0.0481 -0.9976 -0.0491
vn 0.0718 -0.9964 -0.0453
vn 0.0948 -0.9947 -0.0388
vn 0.1177 -0.9925 -0.0330
vn 0.1398 -0.9899 -0.0251
vn 0.1619 -0.9866 -0.0183
vn 0.1820 -0.9833 -0.0069
vn 0.0014 -0.9996 0.0271
vn 0.0018 -0.9837 0.1801
vn 0.0113 -0.9823 0.1870
vn 0.0018 -0.9559 0.2937
vn -0.0001 -0.9384 0.3456
vn 0.0368 -0.9831 0.1796
vn 0.0237 -0.9831 0.1818
vn 0.0063 -0.9331 0.3596
vn 0.0025 -0.9375 0.3480
vn 0.0041 -0.9347 0.3555
vn 0.0057 -0.9387 0.3448
vn 0.0626 -0.9813 0.1821
vn 0.0512 -0.9837 0.1723
vn 0.0106 -0.9320 0.3624
vn 0.0267 -0.9392 0.3423
vn 0.0870 -0.9779 0.1903
vn 0.0155 -0.9314 0.3637
vn 0.0761 -0.9804 0.1818
vn 0.0196 -0.9415 0.3366
vn 0.0133 -0.9320 0.3621
vn 0.0248 -0.9421 0.3343
vn 0.0100 -0.9400 0.3409
vn 0.0085 -0.9325 0.3611
vn 0.0164 -0.9438 0.3301
vn 0.0197 -0.9328 0.3598
vn 0.0257 -0.9356 0.3523
vn 0.0932 -0.9740 0.2063
vn 0.2030 -0.9792 0.0019
vn 0.3155 -0.9317 -0.1799
vn 0.0240 -0.9334 0.3582
vn 0.0274 -0.9339 0.3565
vn 0.0281 -0.9343 0.3553
vn 0.0242 -0.9303 0.3659
vn 0.1392 -0.9665 0.2158
vn 0.0450 -0.9377 0.3444
vn 0.0274 -0.9287 0.3699
vn 0.1563 -0.9599 0.2328
vn 0.1495 -0.9635 0.2221
vn 0.0283 -0.9278 0.3720
vn 0.0479 -0.9365 0.3474
vn 0.1269 -0.9689 0.2125
vn 0.0383 -0.9372 0.3466
vn 0.0261 -0.9295 0.3678
vn 0.1868 -0.9429 0.2757
vn 0.1813 -0.9466 0.2665
vn 0.0351 -0.9246 0.3792
vn 0.1638 -0.9495 0.2675
vn 0.0351 -0.9256 0.3768
vn 0.0551 -0.9302 0.3629
vn 0.0362 -0.9229 0.3832
vn 0.1907 -0.9353 0.2981
vn 0.1955 -0.9391 0.2827
vn 0.0558 -0.9254 0.3748
vn 0.0401 -0.9227 0.3835
vn 0.1851 -0.9318 0.3122
vn 0.0500 -0.9233 0.3809
vn 0.1859 -0.9293 0.3193
vn 0.0594 -0.9293 0.3645
vn 0.0359 -0.9238 0.3811
vn 0.0648 -0.9285 0.3656
vn 0.2105 -0.9205 0.3291
vn 0.1991 -0.9250 0.3236
vn 0.0389 -0.9201 0.3898
vn 0.0715 -0.9223 0.3799
vn 0.0381 -0.9192 0.3919
vn 0.2111 -0.9166 0.3396
vn 0.0693 -0.9144 0.3989
vn 0.2084 -0.8990 0.3851
vn 0.0381 -0.9157 0.4001
vn 0.2055 -0.9034 0.3764
vn 0.0561 -0.9175 0.3938
vn 0.0399 -0.9165 0.3980
vn 0.0671 -0.9159 0.3958
vn 0.0694 -0.9205 0.3844
vn 0.0379 -0.9184 0.3937
vn 0.2038 -0.9135 0.3521
vn 0.0633 -0.9186 0.3900
vn 0.0415 -0.9179 0.3947
vn 0.2735 -0.9604 0.0540
vn 0.2883 -0.9550 0.0692
vn 0.3006 -0.9498 0.0863
vn 0.1576 -0.9557 0.2485
vn 0.3146 -0.9438 0.1009
vn 0.1564 -0.9521 0.2628
vn 0.3260 -0.9380 0.1174
vn 0.3371 -0.9319 0.1336
vn 0.3447 -0.9263 0.1520
vn 0.3525 -0.9204 0.1695
vn 0.3615 -0.9137 0.1856
vn 0.3665 -0.9078 0.2038
vn 0.3682 -0.9026 0.2230
vn 0.3745 -0.8959 0.2392
vn 0.3773 -0.8898 0.2566
vn 0.3805 -0.8834 0.2735
vn 0.3799 -0.8780 0.2912
vn 0.3808 -0.8719 0.3079
vn 0.3801 -0.8660 0.3248
vn 0.3754 -0.8614 0.3422
vn 0.3736 -0.8556 0.3582
vn 0.3684 -0.8509 0.3745
vn 0.0502 -0.9233 0.3808
vn 0.0419 -0.9213 0.3866
vn 0.0588 -0.9228 0.3808
vn 0.4036 -0.9032 -0.1463
vn 0.4256 -0.8965 -0.1236
vn 0.4452 -0.8899 -0.0993
vn 0.4643 -0.8824 -0.0757
vn 0.4820 -0.8746 -0.0517
vn 0.4970 -0.8673 -0.0259
vn 0.5110 -0.8596 -0.0003
vn 0.5223 -0.8523 0.0263
vn 0.5325 -0.8448 0.0529
vn 0.5426 -0.8363 0.0785
vn 0.5491 -0.8291 0.1054
vn 0.5530 -0.8225 0.1331
vn 0.5575 -0.8147 0.1593
vn 0.5595 -0.8077 0.1861
vn 0.5619 -0.7997 0.2114
vn 0.5593 -0.7940 0.2383
vn 0.5588 -0.7863 0.2635
vn 0.5566 -0.7791 0.2884
vn 0.5497 -0.7741 0.3139
vn 0.5469 -0.7662 0.3375
vn 0.5422 -0.7588 0.3608
vn 0.0503 -0.9350 0.3511
vn 0.0316 -0.9278 0.3718
vn 0.0461 -0.9314 0.3610
vn 0.0378 -0.9283 0.3699
vn 0.0429 -0.9289 0.3679
vn 0.5328 -0.7538 0.3845
vn 0.5228 -0.7488 0.4073
vn 0.6785 -0.6298 0.3782
vn 0.1192 -0.7700 0.6268
vn 0.1027 -0.7723 0.6269
vn 0.1537 -0.6711 0.7252
vn 0.0882 -0.6691 0.7379
vn 0.0668 -0.6650 0.7438
vn 0.0448 -0.6630 0.7473
vn 0.0748 -0.7677 0.6364
vn -0.0005 -0.6425 0.7663
vn 0.0007 -0.5477 0.8366
vn 0.0294 -0.5458 0.8374
vn -0.0007 -0.7213 0.6927
vn 0.2384 -0.7905 0.5641
vn 0.3542 -0.6941 0.6267
vn 0.2481 -0.7951 0.5535
vn 0.3741 -0.6956 0.6134
vn 0.2624 -0.7962 0.5452
vn 0.3917 -0.6989 0.5984
vn 0.2731 -0.7998 0.5345
vn 0.4071 -0.7040 0.5820
vn 0.2847 -0.8029 0.5238
vn 0.4237 -0.7076 0.5655
vn 0.2971 -0.8051 0.5134
vn 0.4376 -0.7129 0.5480
vn 0.3044 -0.8104 0.5006
vn 0.4518 -0.7178 0.5298
vn 0.3131 -0.8147 0.4881
vn 0.4680 -0.7208 0.5113
vn 0.3235 -0.8180 0.4757
vn 0.4809 -0.7259 0.4918
vn 0.3289 -0.8235 0.4622
vn 0.4927 -0.7313 0.4716
vn 0.3403 -0.8262 0.4490
vn 0.5062 -0.7353 0.4507
vn 0.3448 -0.8320 0.4347
vn 0.5153 -0.7418 0.4291
vn 0.3531 -0.8359 0.4203
vn 0.3613 -0.8398 0.4052
vn 0.3639 -0.8458 0.3901
vn 0.2053 -0.8956 0.3947
vn 0.1880 -0.8952 0.4040
vn 0.1904 -0.8883 0.4180
vn 0.1837 -0.8935 0.4097
vn 0.0406 -0.9130 0.4059
vn 0.0361 -0.9150 0.4018
vn 0.0685 -0.9128 0.4025
vn 0.0421 -0.9141 0.4032
vn 0.0554 -0.9126 0.4051
vn 0.0484 -0.9132 0.4047
vn 0.0336 -0.9120 0.4089
vn 0.1925 -0.8794 0.4354
vn 0.1992 -0.8820 0.4272
vn 0.0594 -0.9108 0.4086
vn 0.0353 -0.9125 0.4076
vn 0.0706 -0.9079 0.4132
vn 0.1815 -0.8660 0.4660
vn 0.1682 -0.8752 0.4535
vn 0.0339 -0.9092 0.4150
vn 0.0263 -0.9094 0.4151
vn 0.1562 -0.8658 0.4754
vn 0.1699 -0.8652 0.4717
vn 0.0682 -0.9012 0.4280
vn 0.0282 -0.9096 0.4145
vn 0.0578 -0.9019 0.4280
vn 0.0569 -0.8937 0.4450
vn 0.1457 -0.8501 0.5061
vn 0.0249 -0.9070 0.4204
vn 0.1486 -0.8549 0.4971
vn 0.1352 -0.8666 0.4803
vn 0.0298 -0.9061 0.4221
vn 0.0557 -0.8966 0.4393
vn 0.0489 -0.9027 0.4275
vn 0.0332 -0.9070 0.4199
vn 0.1398 -0.8682 0.4761
vn 0.0380 -0.9048 0.4241
vn 0.0404 -0.9036 0.4265
vn 0.0684 -0.9066 0.4164
vn 0.0344 -0.9112 0.4105
vn 0.1782 -0.8791 0.4420
vn 0.0555 -0.9071 0.4173
vn 0.1616 -0.8806 0.4455
vn 0.0423 -0.9091 0.4145
vn 0.0516 -0.9064 0.4192
vn 0.1009 -0.8600 0.5002
vn 0.1004 -0.8545 0.5096
vn 0.1880 -0.7801 0.5968
vn 0.0946 -0.8436 0.5286
vn 0.1601 -0.7768 0.6091
vn 0.0532 -0.8515 0.5217
vn 0.0637 -0.8464 0.5287
vn 0.0737 -0.8454 0.5290
vn 0.0463 -0.8500 0.5247
vn 0.0445 -0.8389 0.5424
vn 0.0163 -0.8400 0.5423
vn 0.0070 -0.8420 0.5395
vn 0.0150 -0.7680 0.6403
vn 0.2790 -0.6816 0.6764
vn 0.2973 -0.6858 0.6643
vn 0.2025 -0.7812 0.5906
vn 0.2139 -0.7850 0.5814
vn 0.1116 -0.8576 0.5021
vn 0.0220 -0.9063 0.4221
vn 0.0336 -0.8999 0.4349
vn 0.1008 -0.8471 0.5218
vn 0.0369 -0.8939 0.4467
vn 0.0155 -0.9060 0.4230
vn 0.0348 -0.8921 0.4505
vn 0.1752 -0.6724 0.7191
vn 0.1323 -0.7735 0.6199
vn 0.0126 -0.9058 0.4234
vn 0.0254 -0.9038 0.4273
vn 0.0223 -0.9043 0.4263
vn 0.0308 -0.8994 0.4360
vn 0.0205 -0.9041 0.4269
vn 0.0125 -0.9009 0.4338
vn 0.0225 -0.6678 0.7440
vn 0.0296 -0.7693 0.6382
vn 0.0175 -0.8804 0.4738
vn 0.0034 -0.9046 0.4263
vn 0.0056 -0.8897 0.4565
vn 0.0022 -0.9030 0.4297
vn 0.0013 -0.8933 0.4494
vn 0.0131 -0.8992 0.4374
vn 0.0086 -0.9031 0.4293
vn 0.0165 -0.8911 0.4536
vn 0.0060 -0.9054 0.4245
vn 0.0234 -0.8953 0.4448
vn 0.0132 -0.9038 0.4277
vn 0.0180 -0.8972 0.4413
vn 0.0150 -0.9001 0.4355
vn 0.9575 0.2882 0.0074
vn 0.9837 -0.0850 0.1587
vn 0.9470 -0.2496 0.2021
vn 0.9382 -0.2444 0.2451
vn 0.9374 -0.2823 0.2038
vn 0.9374 -0.2823 0.2037
vn 0.9977 0.0303 0.0601
vn 0.9651 -0.2242 0.1357
vn 0.9832 -0.1665 0.0753
vn 0.9783 0.1291 0.1621
vn 0.9116 -0.1848 0.3672
vn 0.8985 -0.1914 0.3951
vn 0.8744 -0.3059 0.3766
vn 0.8896 -0.2864 0.3558
vn 0.8620 -0.3367 0.3789
vn 0.8622 -0.3370 0.3783
vn 0.8604 -0.3784 0.3414
vn 0.8606 -0.3780 0.3412
vn 0.8607 -0.3779 0.3412
vn 0.9825 0.1567 0.1007
vn 0.8936 -0.3498 0.2812
vn 0.8936 -0.3497 0.2813
vn 0.8851 -0.1570 0.4381
vn 0.8880 0.1809 0.4227
vn 0.7624 -0.3419 0.5494
vn 0.7638 -0.3393 0.5491
vn 0.7635 -0.3397 0.5492
vn 0.7637 -0.3394 0.5492
vn 0.7623 -0.3419 0.5495
vn 0.9058 0.0989 0.4120
vn 0.8332 -0.2502 0.4931
vn 0.8272 -0.2713 0.4922
vn 0.8327 0.0841 0.5472
vn 0.8305 0.0736 0.5521
vn 0.7293 -0.1718 0.6623
vn 0.6667 -0.2505 0.7020
vn 0.6619 -0.2760 0.6969
vn 0.7211 -0.2376 0.6508
vn 0.7066 -0.2541 0.6605
vn 0.7069 -0.2540 0.6602
vn 0.6767 -0.3809 0.6301
vn 0.6767 -0.3808 0.6302
vn 0.6767 -0.3808 0.6301
vn 0.6766 -0.3809 0.6301
vn 0.6767 -0.3807 0.6302
vn 0.8655 0.1900 0.4634
vn 0.7175 -0.3672 0.5920
vn 0.7178 -0.3671 0.5916
vn 0.6628 -0.1513 0.7334
vn 0.7456 0.1371 0.6522
vn 0.6599 -0.2752 0.6991
vn 0.5180 -0.3575 0.7771
vn 0.5182 -0.3573 0.7770
vn 0.5183 -0.3576 0.7769
vn 0.6463 0.2195 0.7308
vn 0.5198 -0.3546 0.7772
vn 0.5182 -0.3573 0.7771
vn 0.5197 -0.3548 0.7772
vn 0.5200 -0.3544 0.7772
vn 0.6744 0.1195 0.7287
vn 0.6031 -0.2452 0.7590
vn 0.5977 -0.2715 0.7544
vn 0.4992 -0.2126 0.8400
vn 0.4600 -0.2163 0.8612
vn 0.5150 -0.0891 0.8525
vn 0.5829 0.3481 0.7342
vn 0.4313 -0.1489 0.8898
vn 0.4206 -0.2895 0.8598
vn 0.4205 -0.2895 0.8599
vn 0.4284 -0.3786 0.8204
vn 0.4285 -0.3786 0.8204
vn 0.4285 -0.3787 0.8204
vn 0.4285 -0.3787 0.8203
vn 0.6079 0.2401 0.7569
vn 0.4654 -0.3859 0.7965
vn 0.4655 -0.3859 0.7965
vn 0.4190 0.0938 0.9031
vn 0.3544 -0.1429 0.9241
vn 0.3867 -0.2248 0.8944
vn 0.3030 -0.2360 0.9233
vn 0.2871 0.2593 0.9221
vn 0.2361 -0.3557 0.9043
vn 0.2359 -0.3557 0.9043
vn 0.2480 -0.2832 0.9264
vn 0.2886 -0.1591 0.9441
vn 0.3243 0.2751 0.9051
vn 0.1419 -0.3908 0.9095
vn 0.1421 -0.3884 0.9105
vn 0.1419 -0.3909 0.9094
vn 0.1828 0.2140 0.9596
vn 0.0769 -0.2029 0.9762
vn 0.1257 0.0693 0.9896
vn 0.1054 -0.3307 0.9378
vn 0.1054 -0.3310 0.9377
vn 0.1052 -0.3307 0.9379
vn 0.1051 -0.3310 0.9378
vn 0.1421 -0.3883 0.9105
vn 0.1422 -0.3884 0.9105
vn 0.1423 -0.3885 0.9104
vn 0.2369 0.2814 0.9299
vn 0.1844 -0.3915 0.9015
vn 0.1848 -0.3915 0.9014
vn 0.1846 -0.3915 0.9015
vn 0.1843 -0.3915 0.9015
vn 0.1180 0.0753 -0.9901
vn 0.0941 -0.3674 -0.9253
vn 0.0943 -0.3673 -0.9253
vn 0.0946 -0.3673 -0.9253
vn 0.0747 -0.0375 -0.9965
vn 0.0781 0.0057 -0.9969
vn 0.0416 -0.3007 -0.9528
vn 0.0313 -0.2665 -0.9633
vn 0.2185 -0.3966 -0.8916
vn 0.2185 -0.3971 -0.8914
vn 0.2132 0.0579 -0.9753
vn 0.3218 -0.2648 -0.9090
vn 0.2692 -0.0208 -0.9629
vn 0.2788 -0.3354 -0.8999
vn 0.2787 -0.3354 -0.8999
vn 0.2186 -0.3965 -0.8916
vn 0.2189 -0.3984 -0.8907
vn 0.2186 -0.3967 -0.8916
vn 0.2186 -0.3966 -0.8916
vn 0.2190 -0.3985 -0.8907
vn 0.2190 -0.3986 -0.8906
vn 0.1634 0.0890 -0.9825
vn 0.1571 -0.4104 -0.8983
vn 0.1568 -0.4104 -0.8983
vn 0.1572 -0.4105 -0.8982
vn 0.1573 -0.4105 -0.8982
vn 0.4378 -0.2737 -0.8564
vn 0.4391 -0.2735 -0.8558
vn 0.4484 -0.2994 -0.8422
vn 0.5458 -0.4107 -0.7304
vn 0.5457 -0.4106 -0.7305
vn 0.5457 -0.4107 -0.7305
vn 0.4952 -0.3716 -0.7853
vn 0.4953 -0.3713 -0.7854
vn 0.4952 -0.3713 -0.7855
vn 0.6361 -0.3046 -0.7090
vn 0.6434 -0.2948 -0.7065
vn 0.6432 -0.2948 -0.7067
vn 0.6727 -0.2249 -0.7049
vn 0.5962 -0.3707 -0.7122
vn 0.5962 -0.3709 -0.7120
vn 0.5964 -0.3707 -0.7120
vn 0.4150 0.3407 -0.8436
vn 0.3507 -0.2421 -0.9047
vn -0.0013 -0.2560 -0.9667
vn 0.0007 -0.4758 -0.8795
vn 0.0537 -0.4195 -0.9062
vn -0.0004 -0.1373 -0.9905
vn 0.3146 -0.4117 -0.8553
vn 0.2641 -0.4170 -0.8697
vn 0.2632 -0.3287 -0.9070
vn 0.2123 -0.4158 -0.8843
vn 0.2116 -0.3352 -0.9181
vn 0.1599 -0.4205 -0.8931
vn 0.1592 -0.3361 -0.9283
vn 0.1070 -0.4216 -0.9004
vn 0.1066 -0.3315 -0.9374
vn 0.4453 0.0230 -0.8951
vn 0.5034 -0.3212 -0.8021
vn 0.4586 -0.4072 -0.7899
vn 0.5021 -0.4320 -0.7492
vn 0.7374 -0.2040 -0.6439
vn 0.6855 0.0166 -0.7279
vn 0.6952 -0.2811 -0.6616
vn 0.7630 -0.2920 -0.5767
vn 0.7609 0.1045 -0.6405
vn 0.8126 -0.4049 -0.4192
vn 0.8125 -0.4053 -0.4190
vn 0.7849 -0.3875 -0.4835
vn 0.7848 -0.3876 -0.4835
vn 0.7848 -0.3873 -0.4838
vn 0.7848 -0.3877 -0.4836
vn 0.7483 0.0375 -0.6623
vn 0.7576 -0.2843 -0.5876
vn 0.7575 -0.2844 -0.5876
vn 0.8788 -0.2618 -0.3990
vn 0.8422 0.0125 -0.5390
vn 0.8930 -0.2189 -0.3931
vn 0.8536 -0.3156 -0.4145
vn 0.8534 -0.3158 -0.4148
vn 0.8534 -0.3158 -0.4147
vn 0.7989 0.0757 -0.5966
vn 0.8126 -0.4051 -0.4191
vn 0.8123 -0.4061 -0.4185
vn 0.8126 -0.4054 -0.4187
vn 0.8124 -0.4061 -0.4186
vn 0.8126 -0.4051 -0.4190
vn 0.9351 -0.1867 -0.3011
vn 0.9332 -0.2856 -0.2180
vn 0.9423 0.1181 -0.3133
vn 0.9304 -0.3587 -0.0752
vn 0.9298 -0.3606 -0.0741
vn 0.9301 -0.3393 -0.1407
vn 0.9300 -0.3394 -0.1409
vn 0.9383 0.0659 -0.3394
vn 0.9285 -0.3003 -0.2185
vn 0.9284 -0.3006 -0.2184
vn 0.9607 -0.2772 -0.0139
vn 0.9559 -0.2935 0.0018
vn 0.9560 -0.2933 0.0013
vn 0.9744 0.0863 -0.2076
vn 0.9730 -0.2301 0.0158
vn 0.9382 -0.3451 -0.0273
vn 0.9381 -0.3452 -0.0272
vn 0.9381 -0.3453 -0.0272
vn 0.9550 0.1238 -0.2696
vn 0.9298 -0.3607 -0.0741
vn 0.9297 -0.3608 -0.0743
vn 0.9298 -0.3607 -0.0740
vn 0.9297 -0.3607 -0.0740
vn 0.9304 -0.3588 -0.0751
vn 0.8949 0.0903 -0.4370
vn 0.9014 -0.3129 -0.2994
vn 0.8935 -0.3473 -0.2847
vn 0.8915 -0.3487 -0.2893
vn 0.9718 -0.2320 0.0434
vn 0.3569 -0.5493 -0.7556
vn 0.3090 -0.5483 -0.7771
vn 0.2594 -0.5530 -0.7918
vn 0.2090 -0.5514 -0.8076
vn 0.1574 -0.5550 -0.8169
vn 0.1053 -0.5581 -0.8231
vn 0.0531 -0.5564 -0.8292
vn 0.0003 -0.5821 -0.8131
vn 0.3902 -0.6437 -0.6583
vn 0.3450 -0.6481 -0.6789
vn 0.2979 -0.6570 -0.6925
vn 0.2506 -0.6575 -0.7106
vn 0.2018 -0.6607 -0.7230
vn 0.1523 -0.6607 -0.7351
vn 0.1018 -0.6620 -0.7425
vn 0.0514 -0.6657 -0.7444
vn -0.0004 -0.6801 -0.7331
vn 0.4793 -0.6153 -0.6258
vn 0.4495 -0.5379 -0.7132
vn 0.4119 -0.4136 -0.8120
vn 0.4083 -0.2189 -0.8862
vn -0.0000 -0.7620 -0.6476
vn 0.0486 -0.7583 -0.6501
vn 0.0968 -0.7549 -0.6487
vn 0.1445 -0.7522 -0.6429
vn 0.1913 -0.7527 -0.6300
vn 0.2376 -0.7490 -0.6185
vn 0.2831 -0.7444 -0.6048
vn 0.3270 -0.7396 -0.5883
vn 0.3693 -0.7358 -0.5677
vn 0.4090 -0.7350 -0.5408
vn 0.3785 -0.8132 -0.4421
vn 0.4156 -0.8054 -0.4226
vn 0.3741 -0.8719 -0.3159
vn 0.4059 -0.8645 -0.2964
vn 0.3413 -0.9259 -0.1618
vn 0.3648 -0.9204 -0.1407
vn 0.2390 -0.9706 0.0284
vn 0.2565 -0.9657 0.0411
vn 0.3638 -0.4149 -0.8340
vn 0.4038 -0.5455 -0.7344
vn 0.4336 -0.6402 -0.6342
vn 0.4492 -0.7263 -0.5203
vn 0.4858 -0.7225 -0.4920
vn 0.4491 -0.8008 -0.3964
vn 0.4811 -0.7941 -0.3714
vn 0.4330 -0.8599 -0.2703
vn 0.5264 0.0403 -0.8493
vn 0.5888 -0.3164 -0.7438
vn 0.5471 -0.3152 -0.7755
vn 0.5452 -0.4272 -0.7213
vn 0.5862 -0.4256 -0.6894
vn 0.5200 -0.6087 -0.5993
vn 0.5583 -0.6030 -0.5699
vn 0.5215 -0.7150 -0.4656
vn 0.5549 -0.7084 -0.4362
vn 0.4999 -0.8053 -0.3189
vn 0.5272 -0.7985 -0.2904
vn 0.5658 0.0441 -0.8233
vn 0.6250 -0.4235 -0.6558
vn 0.5949 -0.5962 -0.5391
vn 0.5866 -0.7010 -0.4056
vn 0.5659 -0.7742 -0.2835
vn 0.4748 0.0845 -0.8761
vn 0.5903 -0.7667 -0.2524
vn 0.6141 -0.7572 -0.2227
vn 0.6334 -0.7505 -0.1889
vn 0.6514 -0.7426 -0.1559
vn 0.6676 -0.7344 -0.1224
vn 0.6808 -0.7272 -0.0875
vn 0.6935 -0.7185 -0.0539
vn 0.7035 -0.7104 -0.0196
vn 0.7104 -0.7036 0.0158
vn 0.7161 -0.6962 0.0507
vn 0.7196 -0.6891 0.0855
vn 0.7202 -0.6832 0.1206
vn 0.7215 -0.6751 0.1539
vn 0.7205 -0.6677 0.1874
vn 0.7164 -0.6617 0.2212
vn 0.7125 -0.6543 0.2533
vn 0.7069 -0.6473 0.2852
vn 0.6995 -0.6406 0.3168
vn 0.6874 -0.6372 0.3486
vn 0.0003 -0.4453 0.8954
vn -0.0001 -0.3404 0.9403
vn 0.0358 -0.4160 0.9087
vn 0.0411 -0.2828 0.9583
vn 0.0708 -0.4203 0.9046
vn 0.0818 -0.2833 0.9555
vn 0.1061 -0.4211 0.9008
vn 0.1226 -0.2817 0.9516
vn 0.1421 -0.4161 0.8981
vn 0.1633 -0.2813 0.9456
vn 0.1765 -0.4209 0.8898
vn 0.2035 -0.2830 0.9373
vn 0.2117 -0.4192 0.8829
vn 0.2438 -0.2816 0.9280
vn 0.2454 -0.4223 0.8726
vn 0.2825 -0.2861 0.9156
vn 0.2795 -0.4237 0.8616
vn 0.3230 -0.2803 0.9039
vn 0.3147 -0.4204 0.8511
vn 0.3607 -0.2850 0.8881
vn 0.3450 -0.4290 0.8349
vn 0.3975 -0.2884 0.8711
vn 0.3782 -0.4291 0.8203
vn 0.4343 -0.2899 0.8529
vn 0.4110 -0.4293 0.8042
vn 0.4722 -0.2867 0.8336
vn 0.4430 -0.4295 0.7870
vn 0.5080 -0.2874 0.8120
vn 0.4731 -0.4329 0.7673
vn 0.5415 -0.2913 0.7886
vn 0.5009 -0.4385 0.7462
vn 0.5747 -0.2933 0.7640
vn 0.5323 -0.4371 0.7250
vn 0.6071 -0.2956 0.7376
vn 0.5602 -0.4401 0.7018
vn 0.6371 -0.3001 0.7099
vn 0.5859 -0.4451 0.6772
vn 0.6681 -0.3001 0.6809
vn 0.6128 -0.4470 0.6517
vn 0.6973 -0.3013 0.6504
vn 0.6373 -0.4510 0.6248
vn 0.7258 -0.3016 0.6182
vn 0.6621 -0.4534 0.5967
vn 0.7519 -0.3041 0.5850
vn 0.6851 -0.4566 0.5676
vn 0.7763 -0.3069 0.5506
vn 0.7062 -0.4610 0.5374
vn 0.7989 -0.3106 0.5151
vn 0.7264 -0.4651 0.5060
vn 0.8204 -0.3135 0.4782
vn 0.7468 -0.4672 0.4733
vn 0.8404 -0.3160 0.4402
vn 0.7637 -0.4723 0.4401
vn 0.8588 -0.3185 0.4013
vn 0.7775 -0.4799 0.4064
vn 0.8740 -0.3241 0.3620
vn 0.7922 -0.4844 0.3711
vn 0.8896 -0.3253 0.3206
vn 0.8090 -0.4840 0.3335
vn 0.9030 -0.3271 0.2784
vn 0.8184 -0.4917 0.2976
vn 0.9135 -0.3312 0.2362
vn 0.8276 -0.4975 0.2601
vn 0.9213 -0.3370 0.1941
vn 0.8351 -0.5034 0.2219
vn 0.9283 -0.3402 0.1501
vn 0.8433 -0.5059 0.1817
vn 0.9337 -0.3421 0.1052
vn 0.8467 -0.5125 0.1429
vn 0.9370 -0.3442 0.0598
vn 0.8489 -0.5185 0.1028
vn 0.9357 -0.3525 0.0168
vn 0.8498 -0.5235 0.0617
vn 0.9348 -0.3540 -0.0298
vn 0.8474 -0.5305 0.0217
vn 0.9314 -0.3560 -0.0761
vn 0.8436 -0.5367 -0.0190
vn 0.9237 -0.3640 -0.1194
vn 0.8372 -0.5436 -0.0597
vn 0.9148 -0.3689 -0.1645
vn 0.8296 -0.5491 -0.1014
vn 0.9040 -0.3722 -0.2102
vn 0.8185 -0.5569 -0.1415
vn 0.8908 -0.3758 -0.2555
vn 0.8061 -0.5631 -0.1823
vn 0.8740 -0.3841 -0.2976
vn 0.7903 -0.5712 -0.2217
vn 0.8559 -0.3885 -0.3414
vn 0.7728 -0.5783 -0.2614
vn 0.8358 -0.3903 -0.3862
vn 0.7544 -0.5825 -0.3026
vn 0.8132 -0.3925 -0.4297
vn 0.7319 -0.5905 -0.3401
vn 0.7872 -0.4004 -0.4691
vn 0.7077 -0.5968 -0.3782
vn 0.7592 -0.4056 -0.5090
vn 0.6808 -0.6040 -0.4145
vn 0.7294 -0.4075 -0.5495
vn 0.6527 -0.6078 -0.4524
vn 0.6971 -0.4105 -0.5878
vn 0.6291 -0.5900 -0.5060
vn 0.6621 -0.4175 -0.6223
vn 0.1304 -0.2070 0.9696
vn 0.1736 -0.2075 0.9627
vn 0.2154 -0.2143 0.9527
vn 0.5369 -0.2132 0.8163
vn 0.5740 -0.2112 0.7912
vn 0.7619 -0.2257 0.6071
vn 0.7883 -0.2278 0.5715
vn 0.8123 -0.2322 0.5350
vn 0.9274 -0.2385 0.2882
vn 0.9614 -0.2645 -0.0763
vn 0.9563 -0.2647 -0.1244
vn 0.9476 -0.2708 -0.1696
vn 0.8494 -0.2876 -0.4424
vn 0.8245 -0.2935 -0.4839
vn 0.7973 -0.2995 -0.5241
vn 0.6687 -0.6222 0.4071
vn 0.6538 -0.6183 0.4363
vn 0.6409 -0.6115 0.4640
vn 0.6226 -0.6092 0.4912
vn 0.6085 -0.6019 0.5172
vn 0.5893 -0.5987 0.5426
vn 0.5695 -0.5953 0.5668
vn 0.5531 -0.5877 0.5905
vn 0.5298 -0.5868 0.6124
vn 0.5089 -0.5822 0.6341
vn 0.4897 -0.5750 0.6554
vn 0.4647 -0.5740 0.6742
vn 0.4409 -0.5709 0.6925
vn 0.4154 -0.5694 0.7094
vn 0.3906 -0.5664 0.7257
vn 0.3646 -0.5647 0.7404
vn 0.3372 -0.5646 0.7533
vn 0.3136 -0.5572 0.7689
vn 0.2860 -0.5561 0.7803
vn 0.2599 -0.5515 0.7926
vn 0.2296 -0.5558 0.7990
vn 0.2024 -0.5519 0.8090
vn 0.1737 -0.5518 0.8157
vn 0.1455 -0.5492 0.8229
vn 0.1166 -0.5489 0.8277
vn 0.0879 -0.5454 0.8336
vn 0.0586 -0.5462 0.8356
vn 0.0005 -0.7973 0.6035
vn 0.0004 -0.8630 0.5051
vn -0.0000 -0.8927 0.4506
vn -0.0412 -0.2825 0.9584
vn -0.1790 -0.9421 0.2834
vn -0.1803 -0.9396 0.2908
vn -0.0489 -0.9267 0.3726
vn -0.4458 -0.8895 -0.1001
vn -0.4645 -0.8823 -0.0759
vn -0.3145 -0.9439 0.1009
vn -0.4996 -0.8053 -0.3193
vn -0.5272 -0.7983 -0.2912
vn -0.4255 -0.8965 -0.1234
vn -0.1831 -0.8892 0.4193
vn -0.1741 -0.8885 0.4245
vn -0.0455 -0.9115 0.4088
vn -0.0069 -0.8449 0.5349
vn -0.0298 -0.5458 0.8374
vn -0.0225 -0.6678 0.7440
vn -0.0252 -0.8383 0.5447
vn -0.0152 -0.8442 0.5357
vn -0.0039 -0.9028 0.4301
vn -0.0005 -0.8958 0.4444
vn -0.0020 -0.9025 0.4306
vn -0.0045 -0.8935 0.4491
vn -0.0061 -0.9051 0.4251
vn -0.0417 -0.8426 0.5369
vn -0.0354 -0.8363 0.5471
vn -0.0093 -0.9045 0.4263
vn -0.0591 -0.8436 0.5338
vn -0.0533 -0.8382 0.5427
vn -0.0139 -0.8937 0.4484
vn -0.0074 -0.9051 0.4252
vn -0.0208 -0.8886 0.4582
vn -0.0084 -0.8901 0.4557
vn -0.0048 -0.9046 0.4262
vn -0.0132 -0.8884 0.4588
vn -0.0914 -0.8455 0.5261
vn -0.0774 -0.8503 0.5206
vn -0.0161 -0.9043 0.4266
vn -0.0658 -0.8551 0.5142
vn -0.0157 -0.9033 0.4286
vn -0.0210 -0.8993 0.4369
vn -0.1085 -0.8479 0.5190
vn -0.1012 -0.8457 0.5240
vn -0.0163 -0.9064 0.4221
vn -0.0385 -0.8947 0.4451
vn -0.0185 -0.9062 0.4225
vn -0.1161 -0.8497 0.5143
vn -0.0314 -0.8937 0.4476
vn -0.0156 -0.9059 0.4233
vn -0.0362 -0.8933 0.4480
vn -0.0209 -0.8934 0.4488
vn -0.0122 -0.9030 0.4294
vn -0.0611 -0.8514 0.5209
vn -0.0155 -0.9012 0.4332
vn -0.0134 -0.9040 0.4274
vn -0.1490 -0.8594 0.4890
vn -0.1391 -0.8590 0.4928
vn -0.0254 -0.9075 0.4192
vn -0.1240 -0.8614 0.4926
vn -0.0257 -0.9066 0.4212
vn -0.0453 -0.8998 0.4340
vn -0.0272 -0.9085 0.4169
vn -0.1544 -0.8673 0.4732
vn -0.1606 -0.8597 0.4849
vn -0.0467 -0.9040 0.4249
vn -0.0314 -0.9084 0.4170
vn -0.1557 -0.8715 0.4651
vn -0.0426 -0.9065 0.4201
vn -0.1604 -0.8727 0.4611
vn -0.0548 -0.8981 0.4363
vn -0.0257 -0.9082 0.4177
vn -0.0601 -0.8984 0.4350
vn -0.1828 -0.8740 0.4502
vn -0.1735 -0.8726 0.4567
vn -0.0317 -0.9103 0.4128
vn -0.0662 -0.9042 0.4219
vn -0.0321 -0.9109 0.4113
vn -0.1907 -0.8761 0.4427
vn -0.0714 -0.9117 0.4047
vn -0.2048 -0.8922 0.4025
vn -0.0347 -0.9138 0.4047
vn -0.1975 -0.8898 0.4114
vn -0.0529 -0.9107 0.4096
vn -0.0384 -0.9129 0.4064
vn -0.0628 -0.9109 0.4077
vn -0.0684 -0.9055 0.4188
vn -0.0346 -0.9112 0.4105
vn -0.1818 -0.8830 0.4327
vn -0.0580 -0.9088 0.4132
vn -0.0392 -0.9114 0.4097
vn -0.0152 -0.7680 0.6403
vn -0.0295 -0.7691 0.6384
vn -0.0443 -0.7690 0.6377
vn -0.0597 -0.7677 0.6380
vn -0.0750 -0.7674 0.6368
vn -0.0883 -0.7709 0.6308
vn -0.1024 -0.7726 0.6266
vn -0.1197 -0.7695 0.6273
vn -0.1321 -0.7734 0.6199
vn -0.1472 -0.7738 0.6161
vn -0.1603 -0.7766 0.6092
vn -0.1757 -0.7767 0.6049
vn -0.1885 -0.7795 0.5973
vn -0.2019 -0.7817 0.5900
vn -0.2152 -0.7839 0.5825
vn -0.1131 -0.8582 0.5007
vn -0.2270 -0.7872 0.5735
vn -0.1135 -0.8627 0.4928
vn -0.2390 -0.7901 0.5644
vn -0.2491 -0.7943 0.5541
vn -0.2625 -0.7962 0.5452
vn -0.2727 -0.8001 0.5343
vn -0.2837 -0.8033 0.5236
vn -0.2976 -0.8049 0.5133
vn -0.3039 -0.8106 0.5006
vn -0.3126 -0.8149 0.4881
vn -0.3226 -0.8183 0.4757
vn -0.3301 -0.8230 0.4624
vn -0.3406 -0.8261 0.4489
vn -0.3445 -0.8320 0.4348
vn -0.3529 -0.8360 0.4203
vn -0.3614 -0.8398 0.4052
vn -0.3644 -0.8456 0.3901
vn -0.3687 -0.8508 0.3745
vn -0.0468 -0.9054 0.4220
vn -0.0371 -0.9085 0.4163
vn -0.0574 -0.9043 0.4229
vn -0.0447 -0.6637 0.7467
vn -0.0667 -0.6655 0.7434
vn -0.0881 -0.6690 0.7380
vn -0.1114 -0.6659 0.7377
vn -0.1328 -0.6682 0.7321
vn -0.1538 -0.6709 0.7254
vn -0.1754 -0.6723 0.7192
vn -0.1964 -0.6740 0.7121
vn -0.2185 -0.6740 0.7057
vn -0.2398 -0.6753 0.6975
vn -0.2591 -0.6791 0.6868
vn -0.2778 -0.6832 0.6754
vn -0.2981 -0.6848 0.6649
vn -0.3208 -0.6840 0.6551
vn -0.3377 -0.6890 0.6412
vn -0.3541 -0.6942 0.6267
vn -0.3743 -0.6954 0.6135
vn -0.3915 -0.6991 0.5984
vn -0.4081 -0.7032 0.5823
vn -0.4237 -0.7076 0.5655
vn -0.4375 -0.7130 0.5479
vn -0.4512 -0.7182 0.5298
vn -0.4681 -0.7207 0.5113
vn -0.4816 -0.7254 0.4918
vn -0.4929 -0.7312 0.4717
vn -0.5071 -0.7347 0.4506
vn -0.5161 -0.7413 0.4291
vn -0.5240 -0.7481 0.4072
vn -0.5320 -0.7543 0.3847
vn -0.5413 -0.7594 0.3610
vn -0.5471 -0.7661 0.3374
vn -0.5498 -0.7740 0.3140
vn -0.0410 -0.8955 0.4432
vn -0.0201 -0.9064 0.4220
vn -0.0348 -0.9007 0.4330
vn -0.0290 -0.9037 0.4273
vn -0.0349 -0.9021 0.4301
vn -0.0585 -0.5464 0.8355
vn -0.0880 -0.5447 0.8340
vn -0.1165 -0.5491 0.8276
vn -0.1453 -0.5504 0.8221
vn -0.1736 -0.5519 0.8157
vn -0.2024 -0.5519 0.8090
vn -0.2294 -0.5557 0.7991
vn -0.2591 -0.5532 0.7917
vn -0.2856 -0.5569 0.7799
vn -0.3141 -0.5564 0.7693
vn -0.3374 -0.5641 0.7536
vn -0.3642 -0.5654 0.7400
vn -0.3908 -0.5661 0.7258
vn -0.4140 -0.5714 0.7087
vn -0.4404 -0.5716 0.6923
vn -0.4642 -0.5747 0.6740
vn -0.4889 -0.5760 0.6552
vn -0.5089 -0.5822 0.6341
vn -0.5304 -0.5860 0.6126
vn -0.5535 -0.5874 0.5905
vn -0.5696 -0.5951 0.5669
vn -0.5892 -0.5986 0.5426
vn -0.6093 -0.6011 0.5171
vn -0.6235 -0.6083 0.4912
vn -0.6399 -0.6125 0.4641
vn -0.6534 -0.6186 0.4364
vn -0.6693 -0.6216 0.4070
vn -0.6791 -0.6292 0.3780
vn -0.6878 -0.6368 0.3484
vn -0.6983 -0.6417 0.3172
vn -0.7068 -0.6473 0.2852
vn -0.7125 -0.6543 0.2533
vn -0.7164 -0.6617 0.2213
vn -0.5658 -0.7745 -0.2828
vn -0.5906 -0.7663 -0.2529
vn -0.4818 -0.8748 -0.0514
vn -0.6143 -0.7569 -0.2231
vn -0.4970 -0.8673 -0.0259
vn -0.6334 -0.7504 -0.1890
vn -0.5112 -0.8595 -0.0005
vn -0.6514 -0.7426 -0.1558
vn -0.5225 -0.8523 0.0261
vn -0.6672 -0.7348 -0.1220
vn -0.5322 -0.8449 0.0532
vn -0.6808 -0.7272 -0.0874
vn -0.5428 -0.8362 0.0783
vn -0.6934 -0.7185 -0.0539
vn -0.5494 -0.8289 0.1052
vn -0.7035 -0.7104 -0.0197
vn -0.5532 -0.8224 0.1331
vn -0.7107 -0.7033 0.0155
vn -0.5578 -0.8145 0.1592
vn -0.7158 -0.6965 0.0510
vn -0.5602 -0.8073 0.1857
vn -0.7195 -0.6892 0.0855
vn -0.5619 -0.7997 0.2114
vn -0.7203 -0.6831 0.1207
vn -0.5599 -0.7936 0.2381
vn -0.7223 -0.6743 0.1534
vn -0.5590 -0.7862 0.2635
vn -0.7208 -0.6674 0.1873
vn -0.5564 -0.7793 0.2884
vn -0.2588 -0.9430 -0.2095
vn -0.3423 -0.8770 -0.3372
vn -0.2886 -0.9367 -0.1979
vn -0.3741 -0.8719 -0.3160
vn -0.3155 -0.9318 -0.1797
vn -0.4051 -0.8656 -0.2943
vn -0.3407 -0.9263 -0.1606
vn -0.4335 -0.8597 -0.2701
vn -0.3648 -0.9203 -0.1410
vn -0.4032 -0.9033 -0.1465
vn -0.4818 -0.7937 -0.3713
vn -0.4489 -0.8011 -0.3959
vn -0.4158 -0.8053 -0.4227
vn -0.0407 -0.9041 -0.4253
vn -0.0453 -0.8343 -0.5495
vn -0.0810 -0.9020 -0.4240
vn -0.0897 -0.8357 -0.5418
vn -0.1208 -0.9006 -0.4175
vn -0.1338 -0.8346 -0.5343
vn -0.1603 -0.8975 -0.4108
vn -0.1776 -0.8308 -0.5275
vn -0.1987 -0.8951 -0.3991
vn -0.2208 -0.8269 -0.5172
vn -0.2361 -0.8922 -0.3851
vn -0.2620 -0.8256 -0.4997
vn -0.2726 -0.8878 -0.3708
vn -0.3027 -0.8206 -0.4847
vn -0.3084 -0.8820 -0.3564
vn -0.3422 -0.8157 -0.4665
vn -0.3782 -0.8137 -0.4415
vn -0.0244 -0.9983 -0.0529
vn -0.0345 -0.9623 -0.2698
vn -0.0481 -0.9976 -0.0491
vn -0.0681 -0.9608 -0.2687
vn -0.0717 -0.9964 -0.0453
vn -0.1020 -0.9587 -0.2654
vn -0.0949 -0.9947 -0.0395
vn -0.1349 -0.9570 -0.2567
vn -0.1176 -0.9925 -0.0327
vn -0.1673 -0.9543 -0.2476
vn -0.1398 -0.9899 -0.0249
vn -0.1998 -0.9498 -0.2408
vn -0.1618 -0.9867 -0.0182
vn -0.2294 -0.9472 -0.2239
vn -0.1820 -0.9833 -0.0063
vn -0.2031 -0.9791 0.0014
vn -0.2224 -0.9749 0.0129
vn -0.2397 -0.9705 0.0272
vn -0.2567 -0.9656 0.0409
vn -0.2737 -0.9603 0.0535
vn -0.2883 -0.9550 0.0692
vn -0.3260 -0.9381 0.1175
vn -0.3375 -0.9319 0.1331
vn -0.3430 -0.9267 0.1535
vn -0.3530 -0.9202 0.1690
vn -0.3605 -0.9140 0.1863
vn -0.3665 -0.9078 0.2037
vn -0.3683 -0.9026 0.2231
vn -0.3750 -0.8957 0.2388
vn -0.3778 -0.8897 0.2565
vn -0.3812 -0.8832 0.2730
vn -0.3784 -0.8784 0.2919
vn -0.3807 -0.8719 0.3080
vn -0.3802 -0.8660 0.3248
vn -0.3750 -0.8615 0.3423
vn -0.3744 -0.8553 0.3581
vn -0.2041 -0.8964 0.3935
vn -0.1927 -0.9021 0.3862
vn -0.2064 -0.9062 0.3690
vn -0.1890 -0.9052 0.3806
vn -0.0437 -0.9164 0.3979
vn -0.0359 -0.9144 0.4032
vn -0.0665 -0.9136 0.4012
vn -0.0393 -0.9150 0.4016
vn -0.0525 -0.9154 0.3991
vn -0.0504 -0.9155 0.3990
vn -0.0369 -0.9177 0.3955
vn -0.2108 -0.9133 0.3484
vn -0.2111 -0.9094 0.3583
vn -0.0637 -0.9164 0.3951
vn -0.0367 -0.9170 0.3972
vn -0.0687 -0.9180 0.3906
vn -0.2027 -0.9279 0.3128
vn -0.1997 -0.9244 0.3251
vn -0.0385 -0.9208 0.3882
vn -0.0677 -0.9245 0.3752
vn -0.0376 -0.9215 0.3865
vn -0.2000 -0.9319 0.3027
vn -0.0574 -0.9320 0.3579
vn -0.1779 -0.9500 0.2565
vn -0.0317 -0.9247 0.3795
vn -0.1835 -0.9462 0.2665
vn -0.0530 -0.9272 0.3709
vn -0.0391 -0.9254 0.3770
vn -0.0578 -0.9300 0.3630
vn -0.0646 -0.9257 0.3726
vn -0.0371 -0.9223 0.3847
vn -0.1968 -0.9360 0.2919
vn -0.0624 -0.9274 0.3688
vn -0.0406 -0.9239 0.3805
vn -0.0726 -0.9197 0.3859
vn -0.0405 -0.9187 0.3929
vn -0.2017 -0.9181 0.3413
vn -0.0593 -0.9207 0.3858
vn -0.1854 -0.9223 0.3392
vn -0.0447 -0.9201 0.3892
vn -0.0590 -0.9219 0.3828
vn -0.1683 -0.9535 0.2501
vn -0.1547 -0.9564 0.2478
vn -0.3016 -0.9496 0.0852
vn -0.0322 -0.9257 0.3768
vn -0.0526 -0.9327 0.3567
vn -0.0329 -0.9272 0.3731
vn -0.0434 -0.9320 0.3597
vn -0.1459 -0.9584 0.2454
vn -0.0397 -0.9305 0.3641
vn -0.0350 -0.9301 0.3656
vn -0.1406 -0.9617 0.2352
vn -0.1328 -0.9697 0.2052
vn -0.1370 -0.9656 0.2211
vn -0.0249 -0.9289 0.3695
vn -0.0207 -0.9296 0.3680
vn -0.1073 -0.9741 0.1992
vn -0.1195 -0.9719 0.2031
vn -0.0439 -0.9393 0.3403
vn -0.0228 -0.9294 0.3685
vn -0.0362 -0.9381 0.3446
vn -0.0391 -0.9324 0.3594
vn -0.0287 -0.9292 0.3683
vn -0.0430 -0.9360 0.3493
vn -0.0632 -0.9811 0.1831
vn -0.0729 -0.9781 0.1949
vn -0.0147 -0.9334 0.3586
vn -0.0818 -0.9754 0.2047
vn -0.0195 -0.9332 0.3587
vn -0.0219 -0.9378 0.3464
vn -0.0080 -0.9316 0.3634
vn -0.0382 -0.9842 0.1726
vn -0.0524 -0.9840 0.1706
vn -0.0024 -0.9390 0.3439
vn -0.0114 -0.9831 0.1827
vn -0.0038 -0.9339 0.3576
vn -0.0245 -0.9843 0.1747
vn -0.0113 -0.9419 0.3356
vn -0.0058 -0.9318 0.3629
vn -0.0065 -0.9412 0.3379
vn -0.0202 -0.9410 0.3378
vn -0.0108 -0.9322 0.3619
vn -0.0172 -0.9437 0.3303
vn -0.0324 -0.9391 0.3420
vn -0.0210 -0.9318 0.3624
vn -0.0923 -0.9750 0.2024
vn -0.0243 -0.9367 0.3493
vn -0.0243 -0.9339 0.3566
vn -0.9410 0.2395 -0.2389
vn -0.9923 -0.0933 -0.0814
vn -0.9668 -0.2551 0.0156
vn -0.9648 -0.2615 -0.0288
vn -0.9597 -0.2779 0.0426
vn -0.9597 -0.2779 0.0427
vn -0.9964 0.0193 -0.0823
vn -0.9743 -0.2177 0.0575
vn -0.9832 -0.1673 0.0724
vn -0.9596 0.1033 -0.2617
vn -0.9555 -0.2086 -0.2084
vn -0.9483 -0.2124 -0.2357
vn -0.9408 -0.3170 -0.1197
vn -0.9459 -0.3049 -0.1108
vn -0.9333 -0.3460 -0.0959
vn -0.9335 -0.3458 -0.0951
vn -0.9231 -0.3842 -0.0163
vn -0.9230 -0.3845 -0.0161
vn -0.9230 -0.3844 -0.0161
vn -0.9666 0.1256 -0.2236
vn -0.9363 -0.3504 0.0228
vn -0.9362 -0.3507 0.0230
vn -0.9363 -0.3506 0.0230
vn -0.9335 -0.1884 -0.3052
vn -0.8875 -0.3372 -0.3141
vn -0.8874 -0.3382 -0.3133
vn -0.8875 -0.3370 -0.3142
vn -0.8453 0.1024 -0.5243
vn -0.8875 -0.3373 -0.3140
vn -0.8874 -0.3382 -0.3134
vn -0.8874 -0.3381 -0.3134
vn -0.8874 -0.3383 -0.3133
vn -0.8840 0.0448 -0.4653
vn -0.9143 -0.2699 -0.3021
vn -0.9182 -0.2621 -0.2969
vn -0.8109 0.0322 -0.5843
vn -0.8122 0.0234 -0.5829
vn -0.8038 -0.2122 -0.5557
vn -0.8204 -0.2767 -0.5004
vn -0.8316 -0.3927 -0.3928
vn -0.8315 -0.3926 -0.3929
vn -0.8316 -0.3926 -0.3929
vn -0.8316 -0.3925 -0.3930
vn -0.8190 0.1029 -0.5645
vn -0.8598 -0.3726 -0.3491
vn -0.8598 -0.3729 -0.3488
vn -0.8599 -0.3727 -0.3489
vn -0.8598 -0.3730 -0.3488
vn -0.8599 -0.3730 -0.3486
vn -0.7133 0.0390 -0.6998
vn -0.7342 -0.2052 -0.6472
vn -0.7755 -0.2889 -0.5613
vn -0.7808 -0.2766 -0.5602
vn -0.6737 -0.3603 -0.6452
vn -0.6738 -0.3600 -0.6453
vn -0.6742 -0.3602 -0.6447
vn -0.5947 0.0840 -0.7996
vn -0.6743 -0.3566 -0.6466
vn -0.6738 -0.3599 -0.6454
vn -0.6743 -0.3565 -0.6467
vn -0.6745 -0.3561 -0.6468
vn -0.6469 0.0265 -0.7621
vn -0.7112 -0.2866 -0.6419
vn -0.7180 -0.2638 -0.6441
vn -0.5118 0.1489 -0.8461
vn -0.5397 -0.3055 -0.7845
vn -0.5546 -0.1183 -0.8237
vn -0.5885 -0.3132 -0.7454
vn -0.4930 -0.2195 -0.8419
vn -0.4659 -0.2721 -0.8420
vn -0.5317 -0.2993 -0.7923
vn -0.5317 -0.2992 -0.7923
vn -0.5818 -0.3904 -0.7135
vn -0.5818 -0.3905 -0.7134
vn -0.5818 -0.3903 -0.7135
vn -0.5819 -0.3904 -0.7134
vn -0.5529 0.0950 -0.8278
vn -0.6286 -0.3955 -0.6697
vn -0.6286 -0.3953 -0.6698
vn -0.6286 -0.3952 -0.6699
vn -0.6285 -0.3949 -0.6701
vn -0.4054 -0.2189 -0.8876
vn -0.3719 -0.2855 -0.8833
vn -0.2570 0.0787 -0.9632
vn -0.3269 -0.3604 -0.8737
vn -0.3265 -0.3605 -0.8737
vn -0.3203 -0.3453 -0.8821
vn -0.3811 -0.2571 -0.8881
vn -0.2062 -0.3988 -0.8936
vn -0.2063 -0.4010 -0.8926
vn -0.2061 -0.3987 -0.8936
vn -0.1661 0.0582 -0.9844
vn -0.0951 -0.2623 -0.9603
vn -0.0632 -0.2478 -0.9667
vn -0.1239 -0.0269 -0.9919
vn -0.1437 -0.3301 -0.9329
vn -0.1436 -0.3300 -0.9330
vn -0.1437 -0.3302 -0.9329
vn -0.2063 -0.4012 -0.8925
vn -0.2063 -0.4010 -0.8925
vn -0.2063 -0.4009 -0.8926
vn -0.2064 -0.4010 -0.8925
vn -0.2062 -0.4011 -0.8925
vn -0.2098 0.0885 -0.9737
vn -0.2671 -0.4084 -0.8729
vn -0.2670 -0.4083 -0.8729
vn -0.2669 -0.4084 -0.8729
vn -0.6526 -0.6081 -0.4521
vn -0.5862 -0.7013 -0.4057
vn -0.6290 -0.5904 -0.5057
vn -0.5549 -0.7084 -0.4362
vn -0.5949 -0.5961 -0.5393
vn -0.5215 -0.7150 -0.4656
vn -0.5583 -0.6031 -0.5698
vn -0.4860 -0.7218 -0.4928
vn -0.5202 -0.6076 -0.6001
vn -0.4493 -0.7263 -0.5203
vn -0.4794 -0.6156 -0.6255
vn -0.4088 -0.7354 -0.5405
vn -0.5023 -0.4321 -0.7490
vn -0.4492 -0.5380 -0.7133
vn -0.4586 -0.4087 -0.7891
vn -0.4039 -0.5452 -0.7346
vn -0.4119 -0.4140 -0.8118
vn -0.3568 -0.5500 -0.7551
vn -0.3638 -0.4152 -0.8339
vn -0.3091 -0.5484 -0.7770
vn -0.3148 -0.4115 -0.8553
vn -0.2595 -0.5517 -0.7926
vn -0.2639 -0.4162 -0.8701
vn -0.2090 -0.5520 -0.8072
vn -0.2124 -0.4165 -0.8840
vn -0.1573 -0.5552 -0.8167
vn -0.1600 -0.4207 -0.8930
vn -0.1052 -0.5587 -0.8227
vn -0.1070 -0.4219 -0.9003
vn -0.0531 -0.5564 -0.8292
vn -0.0541 -0.4196 -0.9061
vn -0.0486 -0.7587 -0.6496
vn -0.0511 -0.6655 -0.7447
vn -0.0967 -0.7545 -0.6491
vn -0.1018 -0.6614 -0.7431
vn -0.1445 -0.7520 -0.6431
vn -0.1523 -0.6601 -0.7355
vn -0.1914 -0.7518 -0.6310
vn -0.2018 -0.6602 -0.7234
vn -0.2376 -0.7491 -0.6184
vn -0.2507 -0.6575 -0.7105
vn -0.2832 -0.7440 -0.6052
vn -0.2978 -0.6572 -0.6924
vn -0.3269 -0.7397 -0.5882
vn -0.3450 -0.6486 -0.6784
vn -0.3692 -0.7364 -0.5669
vn -0.3902 -0.6435 -0.6585
vn -0.4335 -0.6388 -0.6356
vn -0.1320 0.2596 0.9567
vn -0.0668 -0.3565 0.9319
vn -0.0671 -0.3561 0.9321
vn -0.0673 -0.3560 0.9321
vn -0.0752 0.0519 0.9958
vn -0.0756 0.0561 0.9956
vn -0.0824 0.1308 0.9880
vn -0.0939 0.2708 0.9580
vn -0.0337 -0.2357 0.9712
vn -0.0241 -0.2627 0.9646
vn -0.1516 -0.3848 0.9105
vn -0.1513 -0.3849 0.9105
vn -0.2348 0.2229 0.9461
vn -0.2677 -0.2100 0.9404
vn -0.2976 -0.1757 0.9384
vn -0.2742 0.0713 0.9590
vn -0.2059 -0.3314 0.9207
vn -0.2057 -0.3314 0.9208
vn -0.1509 -0.3847 0.9106
vn -0.1509 -0.3908 0.9080
vn -0.1512 -0.3850 0.9105
vn -0.1509 -0.3912 0.9079
vn -0.1849 0.2800 0.9420
vn -0.1067 -0.3991 0.9107
vn -0.1065 -0.3991 0.9107
vn -0.1069 -0.3990 0.9107
vn -0.3575 -0.1434 0.9229
vn -0.3663 -0.2390 0.8993
vn -0.5234 0.2437 0.8165
vn -0.3650 -0.3588 0.8591
vn -0.3649 -0.3588 0.8591
vn -0.3649 -0.3590 0.8591
vn -0.3647 -0.3593 0.8590
vn -0.4692 0.1312 0.8733
vn -0.3493 -0.2667 0.8983
vn -0.3504 -0.2668 0.8978
vn -0.4452 -0.3671 0.8167
vn -0.4451 -0.3672 0.8168
vn -0.6015 0.1607 0.7825
vn -0.5949 -0.1734 0.7849
vn -0.5940 -0.2305 0.7707
vn -0.5370 -0.2129 0.8163
vn -0.5153 -0.2993 0.8031
vn -0.5154 -0.2994 0.8029
vn -0.5153 -0.2995 0.8030
vn -0.5153 -0.2992 0.8031
vn -0.5152 -0.2993 0.8031
vn -0.5150 -0.2994 0.8032
vn -0.4451 -0.3673 0.8167
vn -0.4453 -0.3674 0.8166
vn -0.4452 -0.3672 0.8167
vn -0.4996 0.6881 0.5262
vn -0.5592 0.1553 0.8143
vn -0.3931 -0.3931 0.8312
vn -0.3930 -0.3932 0.8312
vn -0.3930 -0.3931 0.8313
vn -0.6658 -0.1524 0.7304
vn -0.7058 0.0862 0.7031
vn -0.6559 -0.2461 0.7136
vn -0.8136 0.2051 0.5441
vn -0.6442 -0.4001 0.6518
vn -0.6244 -0.3729 0.6863
vn -0.6243 -0.3728 0.6865
vn -0.7771 0.1163 0.6185
vn -0.6399 -0.2669 0.7206
vn -0.6398 -0.2670 0.7207
vn -0.8569 0.0713 0.5106
vn -0.8260 -0.1824 0.5334
vn -0.8379 -0.2284 0.4957
vn -0.7908 -0.2344 0.5654
vn -0.7242 -0.3186 0.6117
vn -0.7239 -0.3190 0.6117
vn -0.8390 0.1591 0.5203
vn -0.6442 -0.4002 0.6518
vn -0.6443 -0.4001 0.6517
vn -0.6443 -0.4002 0.6517
vn -0.8870 -0.1581 0.4339
vn -0.8641 -0.2589 0.4316
vn -0.9676 0.1568 0.1982
vn -0.8567 -0.3562 0.3731
vn -0.8568 -0.3558 0.3731
vn -0.8567 -0.3562 0.3732
vn -0.8489 -0.3309 0.4122
vn -0.8489 -0.3308 0.4123
vn -0.9572 0.1060 0.2692
vn -0.8496 -0.2813 0.4462
vn -0.8495 -0.2813 0.4463
vn -0.9300 -0.2696 0.2499
vn -0.9206 -0.2961 0.2546
vn -0.9205 -0.2961 0.2550
vn -0.9861 0.1158 0.1193
vn -0.9553 -0.2307 0.1848
vn -0.8802 -0.3475 0.3232
vn -0.8803 -0.3476 0.3230
vn -0.8803 -0.3476 0.3229
vn -0.8802 -0.3477 0.3229
vn -0.8803 -0.3477 0.3227
vn -0.9760 0.1590 0.1486
vn -0.8568 -0.3559 0.3732
vn -0.8567 -0.3560 0.3732
vn -0.8568 -0.3559 0.3731
vn -0.8566 -0.3563 0.3732
vn -0.9269 0.1455 0.3460
vn -0.7755 -0.3405 0.5316
vn -0.7755 -0.3407 0.5315
vn -0.7756 -0.3406 0.5315
vn -0.9997 0.0153 0.0173
vn -0.9594 -0.2322 0.1602
vn -0.1593 -0.3359 -0.9283
vn -0.2117 -0.3358 -0.9179
vn -0.2630 -0.3287 -0.9071
vn -0.5452 -0.4273 -0.7212
vn -0.5861 -0.4259 -0.6893
vn -0.6250 -0.4232 -0.6559
vn -0.6289 -0.3159 -0.7104
vn -0.6621 -0.4175 -0.6223
vn -0.6668 -0.3089 -0.6782
vn -0.6970 -0.4106 -0.5878
vn -0.7292 -0.4088 -0.5488
vn -0.7592 -0.4058 -0.5088
vn -0.7871 -0.4005 -0.4690
vn -0.8131 -0.3926 -0.4298
vn -0.8357 -0.3904 -0.3862
vn -0.8494 -0.2878 -0.4424
vn -0.8559 -0.3885 -0.3414
vn -0.8714 -0.2890 -0.3964
vn -0.8742 -0.3835 -0.2978
vn -0.8911 -0.2879 -0.3508
vn -0.8908 -0.3758 -0.2555
vn -0.9039 -0.3727 -0.2100
vn -0.9148 -0.3689 -0.1644
vn -0.9237 -0.3640 -0.1194
vn -0.9312 -0.3564 -0.0760
vn -0.9347 -0.3543 -0.0296
vn -0.9618 -0.2626 -0.0772
vn -0.9357 -0.3525 0.0169
vn -0.9369 -0.3444 0.0599
vn -0.9337 -0.3423 0.1053
vn -0.9283 -0.3402 0.1503
vn -0.9219 -0.3357 0.1935
vn -0.9135 -0.3312 0.2363
vn -0.9029 -0.3275 0.2785
vn -0.8895 -0.3255 0.3207
vn -0.9271 -0.2393 0.2883
vn -0.8738 -0.3245 0.3622
vn -0.9117 -0.2405 0.3330
vn -0.8595 -0.3173 0.4008
vn -0.8952 -0.2396 0.3758
vn -0.8403 -0.3162 0.4403
vn -0.8203 -0.3136 0.4783
vn -0.7986 -0.3111 0.5153
vn -0.7764 -0.3069 0.5505
vn -0.7519 -0.3042 0.5850
vn -0.7259 -0.3016 0.6182
vn -0.7618 -0.2259 0.6072
vn -0.6976 -0.3008 0.6503
vn -0.7350 -0.2207 0.6411
vn -0.6681 -0.3002 0.6809
vn -0.7026 -0.2256 0.6749
vn -0.6376 -0.2991 0.7099
vn -0.6071 -0.2956 0.7376
vn -0.5750 -0.2928 0.7640
vn -0.5416 -0.2908 0.7887
vn -0.5078 -0.2879 0.8120
vn -0.4723 -0.2867 0.8335
vn -0.4988 -0.2148 0.8397
vn -0.4340 -0.2907 0.8527
vn -0.4585 -0.2208 0.8609
vn -0.3979 -0.2873 0.8713
vn -0.4210 -0.2153 0.8811
vn -0.3612 -0.2830 0.8885
vn -0.3232 -0.2804 0.9039
vn -0.2824 -0.2862 0.9156
vn -0.2437 -0.2814 0.9281
vn -0.2036 -0.2824 0.9374
vn -0.2154 -0.2140 0.9528
vn -0.1634 -0.2812 0.9456
vn -0.1732 -0.2108 0.9621
vn -0.1224 -0.2828 0.9513
vn -0.1304 -0.2072 0.9696
vn -0.0817 -0.2835 0.9555
vn -0.0867 -0.2109 0.9736
vn -0.6808 -0.6039 -0.4145
vn -0.7078 -0.5965 -0.3784
vn -0.7319 -0.5906 -0.3399
vn -0.7544 -0.5825 -0.3027
vn -0.7730 -0.5780 -0.2616
vn -0.7902 -0.5715 -0.2215
vn -0.8058 -0.5636 -0.1820
vn -0.8184 -0.5570 -0.1414
vn -0.8294 -0.5494 -0.1013
vn -0.8372 -0.5437 -0.0596
vn -0.8435 -0.5368 -0.0190
vn -0.8477 -0.5301 0.0215
vn -0.8488 -0.5250 0.0626
vn -0.8488 -0.5186 0.1029
vn -0.8466 -0.5127 0.1429
vn -0.8427 -0.5066 0.1820
vn -0.8351 -0.5034 0.2220
vn -0.8279 -0.4970 0.2599
vn -0.8192 -0.4905 0.2972
vn -0.8085 -0.4847 0.3337
vn -0.7922 -0.4844 0.3712
vn -0.7773 -0.4802 0.4066
vn -0.7642 -0.4716 0.4400
vn -0.7469 -0.4670 0.4733
vn -0.7270 -0.4643 0.5059
vn -0.7056 -0.4617 0.5376
vn -0.6843 -0.4577 0.5677
vn -0.6621 -0.4534 0.5968
vn -0.6376 -0.4507 0.6248
vn -0.6128 -0.4470 0.6516
vn -0.5852 -0.4459 0.6772
vn -0.5610 -0.4389 0.7019
vn -0.5326 -0.4365 0.7251
vn -0.5005 -0.4392 0.7461
vn -0.4733 -0.4324 0.7675
vn -0.4429 -0.4298 0.7869
vn -0.4110 -0.4293 0.8043
vn -0.3787 -0.4279 0.8207
vn -0.3450 -0.4289 0.8349
vn -0.3144 -0.4214 0.8507
vn -0.2796 -0.4232 0.8618
vn -0.2452 -0.4227 0.8725
vn -0.2113 -0.4207 0.8823
vn -0.1766 -0.4203 0.8900
vn -0.1422 -0.4159 0.8982
vn -0.1061 -0.4203 0.9012
vn -0.0708 -0.4199 0.9048
vn -0.0361 -0.4159 0.9087
vn -0.0000 -0.9152 0.4030
vn 0.0002 -0.9154 0.4026
vn 0.0002 -0.9152 0.4030
vn -0.0000 -0.9152 0.4031
vn -0.0001 -0.9152 0.4030
vn -0.0000 -0.9153 0.4028
vn 0.0001 -0.9153 0.4027
vn 0.0003 -0.9154 0.4025
vn 0.0002 -0.9154 0.4025
vn 0.0001 -0.9154 0.4025
vn 0.0001 -0.9146 0.4043
vn 0.0003 -0.9148 0.4039
vn 0.0001 -0.9150 0.4035
vn -0.0027 -0.9148 0.4039
vn -0.0003 -0.9157 0.4019
vn 0.0002 -0.9151 0.4033
vn -0.0000 -0.9150 0.4034
vn -0.0003 -0.9158 0.4017
vn -0.0007 -0.9152 0.4030
vn -0.0003 -0.9153 0.4028
vn -0.0001 -0.9155 0.4024
vn -0.0001 -0.9156 0.4021
vn -0.0033 -0.9135 0.4068
vn 0.0003 -0.9152 0.4029
vn -0.0002 -0.9151 0.4033
vn -0.0001 -0.9150 0.4034
vn 0.0007 -0.9154 0.4026
vn -0.0002 -0.9153 0.4027
vn -0.0002 -0.9154 0.4025
vn -0.0005 -0.9153 0.4027
vn -0.0011 -0.9152 0.4030
vn -0.0001 -0.9151 0.4031
vn 0.0001 -0.9152 0.4031
vn 0.0004 -0.9150 0.4035
vn 0.0006 -0.9150 0.4034
vn 0.0001 -0.9153 0.4029
vn 0.0005 -0.9148 0.4039
vn 0.0004 -0.9148 0.4040
vn 0.0005 -0.9150 0.4035
vn 0.0004 -0.9150 0.4034
vn -0.0000 -0.9155 0.4024
vn -0.0001 -0.9154 0.4025
vn 0.0005 -0.9153 0.4027
vn 0.0003 -0.9153 0.4028
vn -0.0002 -0.9153 0.4028
vn 0.0021 -0.9155 0.4024
vn -0.0000 -0.9155 0.4023
vn -0.0002 -0.9154 0.4026
vn -0.0000 -0.9153 0.4027
vn 0.0002 -0.9153 0.4027
vn -0.0008 -0.9155 0.4024
vn -0.0000 -0.9154 0.4027
vn -0.0003 -0.9154 0.4026
vn -0.0001 -0.9152 0.4031
vn -0.0000 -0.9152 0.4029
vn -0.0002 -0.9152 0.4029
vn 0.0001 -0.9154 0.4026
vn 0.0007 -0.9154 0.4025
vn -0.0013 -0.9153 0.4028
vn -0.0022 -0.9151 0.4032
vn -0.0008 -0.9157 0.4017
vn -0.0009 -0.9158 0.4015
vn -0.0009 -0.9158 0.4016
vn 0.0007 -0.9149 0.4037
vn 0.0006 -0.9148 0.4040
vn -0.0001 -0.9154 0.4026
vn -0.0003 -0.9154 0.4025
vn 0.0004 -0.9154 0.4025
vn -0.0001 -0.9153 0.4028
vn 0.0001 -0.9151 0.4031
vn 0.0016 -0.9150 0.4034
vn -0.0004 -0.9154 0.4025
vn 0.0005 -0.9152 0.4029
vn 0.0001 -0.9151 0.4033
vn -0.0006 -0.9147 0.4042
vn 0.0003 -0.9154 0.4026
vn 0.0003 -0.9157 0.4018
vn 0.0001 -0.9157 0.4019
vn -0.0000 -0.9154 0.4026
vn 0.0001 -0.9155 0.4024
vn 0.0005 -0.9157 0.4018
vn 0.0002 -0.9158 0.4016
vn 0.0004 -0.9153 0.4027
vn 0.0005 -0.9154 0.4026
vn -0.0002 -0.9153 0.4029
vn 0.0013 -0.9159 0.4014
vn 0.0004 -0.9161 0.4010
vn 0.0001 -0.9155 0.4022
vn -0.0003 -0.9160 0.4011
vn -0.0001 -0.9160 0.4011
vn -0.0000 -0.9157 0.4019
vn -0.0009 -0.9157 0.4020
vn 0.0002 -0.9149 0.4037
vn 0.0003 -0.9154 0.4027
vn 0.0005 -0.9149 0.4037
vn 0.0007 -0.9151 0.4033
vn -0.0003 -0.9155 0.4023
vn -0.0003 -0.9151 0.4032
vn -0.0003 -0.9154 0.4024
vn 0.0005 -0.9146 0.4043
vn 0.0001 -0.9153 0.4028
vn 0.0003 -0.9155 0.4024
vn 0.0002 -0.9153 0.4028
vn -0.0001 -0.9152 0.4029
vn 0.0002 -0.9153 0.4029
vn 0.0004 -0.9155 0.4024
vn 0.0006 -0.9161 0.4009
vn 0.0002 -0.9163 0.4005
vn 0.0005 -0.9156 0.4021
vn -0.0005 -0.9149 0.4037
vn -0.0004 -0.9149 0.4038
vn 0.0009 -0.9157 0.4018
vn -0.0004 -0.9150 0.4034
vn -0.0005 -0.9150 0.4034
vn -0.0005 -0.9154 0.4026
vn -0.0001 -0.9153 0.4027
vn -0.0005 -0.9151 0.4031
vn -0.0000 -0.9154 0.4024
vn -0.0006 -0.9155 0.4023
vn -0.0006 -0.9155 0.4022
vn -0.0004 -0.9155 0.4023
vn -0.0001 -0.9153 0.4029
vn 0.0003 -0.9153 0.4027
vn -0.0004 -0.9152 0.4030
vn -0.0006 -0.9152 0.4029
vn 0.0006 -0.9154 0.4026
vn -0.0002 -0.9154 0.4027
vn -0.0001 -0.9161 0.4009
vn -0.0001 -0.9151 0.4032
vn -0.0008 -0.9148 0.4038
vn -0.0007 -0.9149 0.4037
vn -0.0007 -0.9149 0.4036
vn -0.0000 -0.9151 0.4031
vn -0.0008 -0.9151 0.4032
vn -0.0007 -0.9151 0.4033
vn -0.0002 -0.9160 0.4013
vn -0.0003 -0.9159 0.4014
vn -0.0007 -0.9152 0.4031
vn 0.0010 -0.9156 0.4021
vn -0.0002 -0.9156 0.4022
vn 0.0009 -0.9156 0.4020
vn 0.0002 -0.9152 0.4029
vn 0.0006 -0.9151 0.4031
vn 0.0007 -0.9153 0.4027
vn 0.0001 -0.9151 0.4032
vn -0.0003 -0.9153 0.4029
vn -0.0002 -0.9155 0.4024
vn -0.0000 -0.9153 0.4029
vn 0.0002 -0.9150 0.4035
vn -0.0007 -0.9153 0.4028
vn 0.0008 -0.9152 0.4031
vn -0.0005 -0.9155 0.4024
vn -0.0004 -0.9153 0.4027
vn 0.0008 -0.9152 0.4029
vn 0.0007 -0.9155 0.4023
vn 0.0008 -0.9156 0.4021
vn -0.0003 -0.9156 0.4020
vn -0.0001 -0.9154 0.4027
vn 0.0007 -0.9152 0.4031
vn -0.0003 -0.9152 0.4030
vn -0.0003 -0.9154 0.4027
vn -0.0005 -0.9152 0.4030
vn -0.0006 -0.9153 0.4028
vn 0.0008 -0.9154 0.4026
vn 0.0004 -0.9152 0.4030
vn -0.0005 -0.9156 0.4022
vn -0.0002 -0.9155 0.4023
vn -0.0005 -0.9154 0.4025
vn -0.0004 -0.9154 0.4026
vn 0.0003 -0.9150 0.4033
vn 0.0003 -0.9152 0.4030
vn -0.0006 -0.9154 0.4026
vn -0.0003 -0.9153 0.4027
vn 0.0009 -0.9151 0.4033
vn 0.0006 -0.9153 0.4028
vn 0.0006 -0.9152 0.4029
vn -0.0005 -0.9152 0.4029
vn 0.0007 -0.9155 0.4024
vn 0.0005 -0.9155 0.4024
vn 0.0006 -0.9149 0.4036
vn 0.0006 -0.9158 0.4016
vn -0.0004 -0.9155 0.4024
vn 0.0004 -0.9153 0.4029
vn 0.0010 -0.9156 0.4022
vn 0.0001 -0.9152 0.4030
vn 0.0004 -0.9153 0.4028
vn -0.0012 -0.9147 0.4042
vn -0.0010 -0.9150 0.4035
vn -0.0004 -0.9153 0.4028
vn 0.0003 -0.9155 0.4023
vn 0.0002 -0.9157 0.4019
vn -0.0007 -0.9147 0.4041
vn 0.5553 -0.7077 -0.4369
vn 0.5951 -0.5951 -0.5400
vn 0.6286 -0.5916 -0.5049
vn 0.5217 -0.7147 -0.4660
vn 0.5586 -0.6016 -0.5710
vn -0.0000 -0.2284 0.9736
vn -0.0001 -0.3424 0.9395
vn 0.0411 -0.2796 0.9592
vn -0.0000 -0.6377 0.7703
vn 0.0001 -0.7221 0.6918
vn 0.0222 -0.6642 0.7472
vn 0.0357 -0.9158 0.4000
vn 0.0303 -0.9158 0.4004
vn 0.1741 -0.9074 0.3824
vn 0.5602 -0.8132 0.1576
vn 0.5557 -0.8210 0.1311
vn 0.7111 -0.7029 0.0150
vn 0.0770 -0.9735 0.2155
vn 0.0863 -0.9725 0.2165
vn 0.0164 -0.9303 0.3663
vn 0.0365 -0.9328 0.3585
vn 0.0227 -0.9278 0.3723
vn 0.1217 -0.9632 0.2398
vn -0.0000 -0.9845 0.1752
vn -0.0000 -0.9995 0.0324
vn 0.0247 -0.9982 -0.0548
vn -0.0000 -0.9956 -0.0933
vn 0.0006 -0.9462 -0.3237
vn 0.0340 -0.9611 -0.2742
vn 0.3660 -0.9199 -0.1410
vn 0.4345 -0.8593 -0.2699
vn 0.5006 -0.8042 -0.3203
vn 0.2593 -0.9424 -0.2112
vn 0.1841 -0.9828 -0.0121
vn 0.2300 -0.9466 -0.2261
vn 0.1635 -0.9863 -0.0225
vn 0.1998 -0.9499 -0.2402
vn 0.1415 -0.9894 -0.0310
vn 0.1678 -0.9535 -0.2502
vn 0.1187 -0.9922 -0.0373
vn 0.1351 -0.9565 -0.2584
vn 0.0961 -0.9944 -0.0452
vn 0.1022 -0.9582 -0.2672
vn 0.0722 -0.9962 -0.0489
vn 0.0683 -0.9603 -0.2705
vn 0.0485 -0.9974 -0.0533
vn -0.0004 -0.9390 0.3439
vn -0.0003 -0.9548 0.2973
vn 0.0014 -0.9403 0.3402
vn 0.0124 -0.9800 0.1985
vn 0.0560 -0.9764 0.2084
vn 0.0144 -0.9375 0.3477
vn 0.0443 -0.9785 0.2014
vn 0.0078 -0.9315 0.3636
vn 0.0344 -0.9786 0.2028
vn 0.0069 -0.9300 0.3674
vn 0.0080 -0.9379 0.3467
vn 0.0221 -0.9805 0.1953
vn 0.0037 -0.9326 0.3608
vn 0.0031 -0.9307 0.3657
vn 0.0662 -0.9761 0.2069
vn 0.4044 -0.9026 -0.1477
vn 0.2753 -0.9600 0.0514
vn 0.2584 -0.9653 0.0380
vn 0.1305 -0.9600 0.2478
vn 0.0957 -0.9694 0.2259
vn 0.0186 -0.9284 0.3711
vn 0.0268 -0.9359 0.3513
vn 0.1147 -0.9652 0.2350
vn 0.0226 -0.9277 0.3725
vn 0.0327 -0.9349 0.3535
vn 0.0252 -0.9266 0.3752
vn 0.1443 -0.9542 0.2620
vn 0.0286 -0.9257 0.3773
vn 0.0405 -0.9310 0.3628
vn 0.3411 -0.9261 -0.1615
vn 0.2413 -0.9702 0.0244
vn 0.0149 -0.9291 0.3695
vn 0.0208 -0.9369 0.3491
vn 0.0120 -0.9309 0.3651
vn 0.0111 -0.9299 0.3675
vn 0.7035 -0.7104 -0.0198
vn 0.5507 -0.8282 0.1041
vn 0.6935 -0.7185 -0.0540
vn 0.5426 -0.8363 0.0782
vn 0.6813 -0.7267 -0.0882
vn 0.5340 -0.8439 0.0516
vn 0.6679 -0.7340 -0.1231
vn 0.5237 -0.8515 0.0249
vn 0.6525 -0.7412 -0.1575
vn 0.5123 -0.8588 -0.0019
vn 0.6342 -0.7494 -0.1901
vn 0.4981 -0.8667 -0.0271
vn 0.6141 -0.7571 -0.2230
vn 0.4821 -0.8746 -0.0519
vn 0.5913 -0.7652 -0.2544
vn 0.4660 -0.8813 -0.0780
vn 0.5674 -0.7723 -0.2857
vn 0.3171 -0.9433 0.0980
vn 0.3280 -0.9376 0.1152
vn 0.3396 -0.9314 0.1312
vn 0.3479 -0.9256 0.1492
vn 0.3556 -0.9196 0.1671
vn 0.3626 -0.9135 0.1847
vn 0.3677 -0.9076 0.2028
vn 0.3736 -0.9012 0.2198
vn 0.3769 -0.8952 0.2378
vn 0.3780 -0.8896 0.2562
vn 0.3804 -0.8835 0.2735
vn 0.0270 -0.9251 0.3788
vn 0.1480 -0.9516 0.2694
vn 0.0440 -0.9292 0.3670
vn 0.1575 -0.9482 0.2760
vn 0.1671 -0.9417 0.2921
vn 0.0467 -0.9272 0.3716
vn 0.1571 -0.9453 0.2859
vn 0.0275 -0.9235 0.3827
vn 0.0318 -0.9245 0.3797
vn 0.1838 -0.9283 0.3232
vn 0.0477 -0.9228 0.3824
vn 0.1697 -0.9325 0.3188
vn 0.0298 -0.9209 0.3886
vn 0.1770 -0.9351 0.3071
vn 0.0395 -0.9223 0.3844
vn 0.0490 -0.9252 0.3763
vn 0.1654 -0.9389 0.3017
vn 0.0295 -0.9223 0.3853
vn 0.0347 -0.9232 0.3827
vn 0.1732 -0.9261 0.3352
vn 0.1892 -0.9217 0.3387
vn 0.1758 -0.9198 0.3509
vn 0.1887 -0.9157 0.3548
vn 0.0518 -0.9166 0.3965
vn 0.0394 -0.9173 0.3961
vn 0.1838 -0.9100 0.3717
vn 0.1745 -0.9137 0.3669
vn 0.3814 -0.8717 0.3077
vn 0.3826 -0.8771 0.2902
vn 0.5636 -0.7988 0.2105
vn 0.5627 -0.8059 0.1842
vn 0.7210 -0.6878 0.0844
vn 0.7176 -0.6947 0.0493
vn 0.0519 -0.9146 0.4010
vn 0.1793 -0.9041 0.3879
vn 0.3795 -0.8600 0.3411
vn 0.3801 -0.8661 0.3247
vn 0.5610 -0.7851 0.2625
vn 0.5626 -0.7921 0.2368
vn 0.7229 -0.6738 0.1529
vn 0.7222 -0.6814 0.1191
vn 0.0310 -0.9172 0.3972
vn 0.0512 -0.9179 0.3935
vn 0.0421 -0.9186 0.3928
vn 0.0309 -0.9185 0.3943
vn 0.0480 -0.9204 0.3881
vn 0.0306 -0.9196 0.3916
vn 0.0418 -0.9208 0.3877
vn 0.4470 -0.8887 -0.1021
vn 0.3041 -0.9491 0.0821
vn 0.0007 -0.5469 0.8372
vn 0.0290 -0.5458 0.8374
vn 0.0587 -0.5458 0.8359
vn 0.0448 -0.6638 0.7465
vn 0.0877 -0.5471 0.8324
vn 0.0671 -0.6639 0.7448
vn 0.1171 -0.5461 0.8295
vn 0.0890 -0.6658 0.7408
vn 0.1461 -0.5467 0.8245
vn 0.1111 -0.6666 0.7371
vn 0.1746 -0.5493 0.8172
vn 0.1335 -0.6665 0.7334
vn 0.2030 -0.5504 0.8098
vn 0.1554 -0.6674 0.7283
vn 0.2316 -0.5508 0.8019
vn 0.1768 -0.6695 0.7215
vn 0.2593 -0.5531 0.7918
vn 0.1984 -0.6706 0.7148
vn 0.2870 -0.5545 0.7811
vn 0.2193 -0.6728 0.7065
vn 0.3141 -0.5566 0.7691
vn 0.2402 -0.6749 0.6977
vn 0.3399 -0.5602 0.7554
vn 0.2614 -0.6760 0.6890
vn 0.3665 -0.5619 0.7416
vn 0.2812 -0.6791 0.6780
vn 0.3924 -0.5638 0.7268
vn 0.3012 -0.6813 0.6672
vn 0.4168 -0.5677 0.7100
vn 0.3185 -0.6865 0.6537
vn 0.4421 -0.5696 0.6929
vn 0.3383 -0.6885 0.6414
vn 0.4652 -0.5735 0.6743
vn 0.3571 -0.6914 0.6280
vn 0.4885 -0.5765 0.6550
vn 0.3744 -0.6953 0.6135
vn 0.5116 -0.5793 0.6346
vn 0.3920 -0.6988 0.5984
vn 0.5321 -0.5843 0.6128
vn 0.4087 -0.7027 0.5823
vn 0.5524 -0.5885 0.5903
vn 0.4251 -0.7066 0.5658
vn 0.5720 -0.5928 0.5669
vn 0.4406 -0.7107 0.5484
vn 0.5906 -0.5974 0.5425
vn 0.4555 -0.7150 0.5303
vn 0.6090 -0.6014 0.5171
vn 0.4684 -0.7206 0.5112
vn 0.6255 -0.6064 0.4909
vn 0.4830 -0.7245 0.4918
vn 0.6400 -0.6125 0.4640
vn 0.4949 -0.7299 0.4715
vn 0.6550 -0.6171 0.4360
vn 0.5069 -0.7349 0.4506
vn 0.6676 -0.6233 0.4072
vn 0.5170 -0.7408 0.4289
vn 0.6802 -0.6282 0.3777
vn 0.5276 -0.7458 0.4067
vn 0.6917 -0.6333 0.3472
vn 0.5340 -0.7531 0.3842
vn 0.7012 -0.6391 0.3160
vn 0.5429 -0.7584 0.3606
vn 0.7077 -0.6466 0.2847
vn 0.5490 -0.7650 0.3368
vn 0.7151 -0.6519 0.2521
vn 0.5543 -0.7715 0.3124
vn 0.7178 -0.6605 0.2203
vn 0.5586 -0.7780 0.2875
vn 0.7213 -0.6670 0.1868
vn 0.0308 -0.9147 0.4031
vn 0.1709 -0.9017 0.3971
vn 0.0327 -0.9146 0.4031
vn 0.1729 -0.8987 0.4030
vn 0.0504 -0.9128 0.4054
vn 0.1685 -0.8958 0.4113
vn 0.1581 -0.8848 0.4382
vn 0.0479 -0.9093 0.4133
vn 0.1579 -0.8890 0.4299
vn 0.0292 -0.9125 0.4081
vn 0.1632 -0.8904 0.4250
vn 0.0299 -0.9124 0.4083
vn 0.0500 -0.9110 0.4095
vn 0.1661 -0.8936 0.4169
vn 0.0307 -0.9135 0.4056
vn 0.0314 -0.9135 0.4056
vn 0.1424 -0.8751 0.4625
vn 0.0402 -0.9069 0.4194
vn 0.1409 -0.8802 0.4533
vn 0.0241 -0.9110 0.4116
vn 0.1510 -0.8798 0.4507
vn 0.1246 -0.8659 0.4844
vn 0.0321 -0.9053 0.4236
vn 0.1205 -0.8728 0.4729
vn 0.0202 -0.9097 0.4149
vn 0.1343 -0.8703 0.4739
vn 0.0295 -0.9070 0.4202
vn 0.0363 -0.9060 0.4216
vn 0.1313 -0.8762 0.4637
vn 0.0218 -0.9104 0.4132
vn 0.0292 -0.9085 0.4169
vn 0.0296 -0.9099 0.4138
vn 0.0435 -0.9081 0.4165
vn 0.1507 -0.8841 0.4423
vn 0.0261 -0.9118 0.4099
vn 0.0304 -0.9111 0.4112
vn 0.0709 -0.8562 0.5118
vn 0.0196 -0.9017 0.4319
vn 0.0740 -0.8617 0.5020
vn 0.0125 -0.9077 0.4195
vn 0.0839 -0.8588 0.5054
vn 0.0180 -0.9040 0.4272
vn 0.0248 -0.9015 0.4322
vn 0.0859 -0.8644 0.4955
vn 0.0150 -0.9078 0.4191
vn 0.0964 -0.8616 0.4984
vn 0.0433 -0.8519 0.5218
vn 0.0121 -0.9002 0.4354
vn 0.0477 -0.8587 0.5102
vn 0.0082 -0.9070 0.4210
vn 0.0573 -0.8537 0.5176
vn 0.0293 -0.8500 0.5260
vn 0.0080 -0.9005 0.4347
vn 0.0340 -0.8582 0.5123
vn 0.0056 -0.9073 0.4205
vn 0.0087 -0.9016 0.4324
vn 0.0102 -0.9036 0.4283
vn 0.0149 -0.9014 0.4327
vn 0.0603 -0.8608 0.5054
vn 0.0100 -0.9076 0.4197
vn 0.0143 -0.9038 0.4277
vn 0.0010 -0.7997 0.6004
vn 0.0010 -0.8631 0.5050
vn 0.0144 -0.7650 0.6439
vn 0.0067 -0.8564 0.5163
vn 0.0304 -0.7643 0.6441
vn 0.0144 -0.8500 0.5265
vn 0.0452 -0.7657 0.6416
vn 0.0208 -0.8569 0.5150
vn 0.0600 -0.7666 0.6393
vn 0.0746 -0.7682 0.6359
vn 0.0894 -0.7690 0.6330
vn 0.1045 -0.7691 0.6305
vn 0.1190 -0.7704 0.6264
vn 0.1337 -0.7713 0.6222
vn 0.1478 -0.7731 0.6168
vn 0.1608 -0.7761 0.6098
vn 0.1757 -0.7767 0.6049
vn 0.1880 -0.7801 0.5967
vn 0.2024 -0.7812 0.5905
vn 0.2153 -0.7838 0.5825
vn 0.1003 -0.8654 0.4909
vn 0.2271 -0.7871 0.5735
vn 0.1132 -0.8625 0.4932
vn 0.2407 -0.7889 0.5654
vn 0.1098 -0.8694 0.4817
vn 0.2523 -0.7921 0.5557
vn 0.2638 -0.7954 0.5457
vn 0.2753 -0.7985 0.5353
vn 0.2869 -0.8015 0.5247
vn 0.2972 -0.8052 0.5132
vn 0.3079 -0.8086 0.5014
vn 0.3171 -0.8126 0.4889
vn 0.3257 -0.8169 0.4760
vn 0.3351 -0.8207 0.4629
vn 0.3409 -0.8260 0.4488
vn 0.3502 -0.8297 0.4348
vn 0.3560 -0.8347 0.4201
vn 0.3598 -0.8405 0.4052
vn 0.3668 -0.8447 0.3898
vn 0.3697 -0.8505 0.3742
vn 0.3752 -0.8551 0.3579
vn 0.0196 -0.9052 0.4245
vn 0.0288 -0.9021 0.4306
vn 0.0178 -0.9080 0.4185
vn 0.0286 -0.9039 0.4269
vn 0.0180 -0.9092 0.4159
vn 0.0281 -0.9058 0.4228
vn 0.9991 0.0377 0.0215
vn 0.9979 0.0614 0.0198
vn 0.9955 -0.0727 0.0602
vn 0.9556 -0.2497 0.1562
vn 0.9821 -0.1740 0.0719
vn 0.9990 0.0296 0.0346
vn 0.9978 0.0092 0.0658
vn 0.9674 -0.1978 0.1585
vn 0.9480 -0.2467 0.2011
vn 0.9444 -0.0564 0.3239
vn 0.9414 -0.0419 0.3348
vn 0.9304 -0.1443 0.3370
vn 0.9208 -0.1159 0.3724
vn 0.9396 -0.1506 0.3074
vn 0.9627 -0.0077 0.2704
vn 0.9631 -0.0151 0.2687
vn 0.9774 -0.0749 0.1978
vn 0.9604 -0.1179 0.2526
vn 0.9724 -0.1174 0.2016
vn 0.9953 0.0515 0.0815
vn 0.9936 0.0943 0.0627
vn 0.9847 -0.0691 0.1598
vn 0.9894 0.0210 0.1435
vn 0.9730 -0.0936 0.2108
vn 0.9776 0.0130 0.2099
vn 0.9673 -0.0396 0.2505
vn 0.9485 0.0117 0.3166
vn 0.9240 -0.0653 0.3769
vn 0.9069 -0.0923 0.4111
vn 0.9131 0.0684 0.4020
vn 0.9174 0.1303 0.3761
vn 0.9197 0.0046 0.3927
vn 0.8654 -0.1859 0.4654
vn 0.8369 -0.2304 0.4965
vn 0.9343 0.0386 0.3544
vn 0.8514 -0.0698 0.5199
vn 0.8241 -0.1168 0.5543
vn 0.8150 -0.2252 0.5339
vn 0.9134 0.0679 0.4012
vn 0.8943 0.0195 0.4471
vn 0.8373 -0.1992 0.5091
vn 0.8903 0.1021 0.4439
vn 0.8875 0.0574 0.4572
vn 0.7914 -0.1322 0.5969
vn 0.8170 0.0012 0.5766
vn 0.7781 -0.1173 0.6171
vn 0.8187 0.0115 0.5741
vn 0.7784 -0.0723 0.6235
vn 0.7875 0.0210 0.6160
vn 0.7974 0.0965 0.5957
vn 0.8490 0.0078 0.5283
vn 0.8444 -0.0097 0.5356
vn 0.8274 -0.0491 0.5594
vn 0.6618 -0.2065 0.7207
vn 0.6922 -0.0536 0.7197
vn 0.6729 -0.2201 0.7062
vn 0.7907 0.0537 0.6098
vn 0.7670 0.0173 0.6414
vn 0.7032 -0.2222 0.6754
vn 0.6984 -0.1955 0.6885
vn 0.7630 0.1215 0.6349
vn 0.7572 0.0658 0.6499
vn 0.7286 0.0057 0.6849
vn 0.7148 0.0648 0.6963
vn 0.6955 -0.0046 0.7185
vn 0.6080 -0.2148 0.7643
vn 0.5708 -0.1291 0.8109
vn 0.5976 -0.1157 0.7934
vn 0.6141 -0.0060 0.7892
vn 0.6151 0.0019 0.7884
vn 0.5983 -0.3089 0.7393
vn 0.6744 0.0985 0.7318
vn 0.6867 0.0150 0.7268
vn 0.6711 0.0528 0.7395
vn 0.6706 0.0997 0.7351
vn 0.6316 -0.0746 0.7717
vn 0.5397 0.0720 0.8388
vn 0.5420 0.1331 0.8298
vn 0.5254 -0.0609 0.8487
vn 0.4607 -0.2119 0.8619
vn 0.5432 -0.0826 0.8355
vn 0.5304 0.0665 0.8452
vn 0.5020 0.0177 0.8647
vn 0.4425 -0.2082 0.8723
vn 0.4214 -0.2129 0.8815
vn 0.6137 -0.0094 0.7895
vn 0.5787 -0.0431 0.8144
vn 0.5769 0.0401 0.8158
vn 0.3837 -0.0732 0.9206
vn 0.3596 -0.0797 0.9297
vn 0.3823 -0.2105 0.8997
vn 0.4846 0.0865 0.8705
vn 0.4932 0.1589 0.8553
vn 0.4457 0.0350 0.8945
vn 0.4020 -0.2104 0.8911
vn 0.4377 0.1411 0.8880
vn 0.4363 0.0773 0.8965
vn 0.3722 0.0376 0.9274
vn 0.3694 0.0392 0.9284
vn 0.3103 -0.1325 0.9414
vn 0.2622 -0.0737 0.9622
vn 0.2575 -0.0334 0.9657
vn 0.2847 -0.1033 0.9530
vn 0.2433 -0.0547 0.9684
vn 0.3379 -0.0280 0.9408
vn 0.3158 -0.0125 0.9487
vn 0.3120 0.0079 0.9500
vn 0.1468 0.0856 0.9855
vn 0.1496 0.1604 0.9756
vn 0.1681 0.0124 0.9857
vn 0.1508 -0.2166 0.9645
vn 0.1300 -0.2117 0.9687
vn 0.1728 -0.2112 0.9620
vn 0.0599 -0.0638 0.9962
vn 0.0380 -0.0942 0.9948
vn 0.0873 -0.2125 0.9732
vn 0.1467 0.0852 0.9855
vn 0.1178 0.0096 0.9930
vn 0.1095 -0.1964 0.9744
vn 0.0891 0.1180 0.9890
vn 0.0873 0.0576 0.9945
vn 0.2625 0.0643 0.9628
vn 0.2263 0.0288 0.9736
vn 0.1965 -0.1955 0.9608
vn 0.2114 0.1862 0.9595
vn 0.2116 0.0976 0.9725
vn 0.0045 -0.0511 0.9987
vn 0.0029 -0.1145 0.9934
vn 0.0256 -0.0041 0.9997
vn 0.0289 0.0236 0.9993
vn 0.0205 -0.1065 -0.9941
vn 0.0125 -0.2975 -0.9546
vn 0.0571 -0.1746 -0.9830
vn -0.0095 -0.0591 -0.9982
vn -0.0030 -0.1240 -0.9923
vn -0.0000 -0.2453 -0.9694
vn 0.0379 0.0045 -0.9993
vn 0.0600 0.0064 -0.9982
vn 0.0857 -0.0813 -0.9930
vn 0.1135 -0.1928 -0.9747
vn 0.1188 -0.0131 -0.9928
vn 0.1621 -0.2188 -0.9622
vn 0.1392 -0.0583 -0.9885
vn 0.2260 -0.0030 -0.9741
vn 0.2513 -0.1879 -0.9495
vn 0.2111 -0.0570 -0.9758
vn 0.2022 -0.2153 -0.9554
vn 0.3539 -0.1628 -0.9210
vn 0.3024 -0.1685 -0.9382
vn 0.3211 -0.0985 -0.9419
vn 0.2738 -0.1087 -0.9556
vn 0.2783 -0.0338 -0.9599
vn 0.2787 0.0080 -0.9604
vn 0.1732 -0.0377 -0.9842
vn 0.1740 -0.0365 -0.9841
vn 0.1731 -0.0395 -0.9841
vn 0.4697 -0.0874 -0.8785
vn 0.5033 -0.1885 -0.8433
vn 0.4413 0.0028 -0.8974
vn 0.4572 -0.1665 -0.8737
vn 0.4212 -0.0939 -0.9021
vn 0.4042 -0.1588 -0.9008
vn 0.3842 0.0184 -0.9231
vn 0.5847 0.0092 -0.8112
vn 0.6171 -0.1590 -0.7707
vn 0.5807 -0.0730 -0.8108
vn 0.5759 -0.1808 -0.7973
vn 0.5843 0.0097 -0.8115
vn 0.6262 -0.0924 -0.7742
vn 0.6574 -0.1470 -0.7390
vn 0.4899 -0.0035 -0.8717
vn 0.4946 -0.0349 -0.8684
vn 0.5410 -0.2150 -0.8131
vn 0.5216 -0.0515 -0.8516
vn 0.5417 -0.0138 -0.8404
vn 0.3328 0.0141 -0.9429
vn 0.3726 -0.0974 -0.9229
vn 0.3843 0.0186 -0.9230
vn 0.6959 -0.0797 -0.7137
vn 0.7359 -0.2968 -0.6086
vn 0.6969 -0.1400 -0.7034
vn 0.6280 0.0176 -0.7780
vn 0.6532 0.0133 -0.7570
vn 0.6833 -0.2134 -0.6982
vn 0.6681 0.0357 -0.7432
vn 0.7078 -0.2793 -0.6489
vn 0.7209 0.0051 -0.6931
vn 0.6945 0.0052 -0.7195
vn 0.7191 0.0042 -0.6949
vn 0.7638 -0.0679 -0.6419
vn 0.7936 -0.1890 -0.5784
vn 0.7906 -0.0584 -0.6096
vn 0.8014 -0.0533 -0.5958
vn 0.8209 -0.1537 -0.5499
vn 0.7439 -0.0615 -0.6655
vn 0.7615 -0.0155 -0.6480
vn 0.7616 -0.0279 -0.6474
vn 0.8526 0.0237 -0.5220
vn 0.8744 -0.1294 -0.4677
vn 0.8545 -0.0884 -0.5119
vn 0.8488 -0.1405 -0.5097
vn 0.9045 -0.0821 -0.4184
vn 0.9199 -0.1423 -0.3654
vn 0.8983 -0.1291 -0.4200
vn 0.8525 0.0228 -0.5222
vn 0.8838 -0.0908 -0.4590
vn 0.8797 0.0286 -0.4747
vn 0.7929 0.0023 -0.6094
vn 0.8277 -0.0797 -0.5554
vn 0.8225 0.0227 -0.5684
vn 0.9351 -0.0346 -0.3527
vn 0.9333 -0.0053 -0.3590
vn 0.9467 -0.1733 -0.2716
vn 0.9358 -0.0255 -0.3517
vn 0.9734 -0.1182 -0.1965
vn 0.9607 -0.1492 -0.2339
vn 0.9665 -0.0710 -0.2465
vn 0.9493 -0.0521 -0.3101
vn 0.9537 -0.0246 -0.2997
vn 0.9527 -0.0076 -0.3039
vn 0.9652 -0.2600 -0.0297
vn 0.9618 -0.2631 -0.0763
vn 0.9767 -0.1980 -0.0824
vn 0.9844 0.0060 -0.1758
vn 0.9738 0.0580 -0.2198
vn 0.9776 0.0298 -0.2082
vn 0.9965 -0.0590 -0.0594
vn 0.9900 -0.1394 0.0220
vn 0.9921 -0.1193 -0.0394
vn 0.9875 0.0324 -0.1545
vn 0.9846 0.0579 -0.1652
vn 0.9939 -0.0731 -0.0827
vn 0.9941 0.0381 -0.1012
vn 0.9643 0.0279 -0.2633
vn 0.9713 0.0088 -0.2376
vn 0.9719 -0.1945 -0.1328
vn 0.9779 0.0275 -0.2074
vn 0.9091 0.0065 -0.4166
vn 0.9141 -0.0126 -0.4053
vn 0.9260 -0.0805 -0.3689
vn 0.9957 -0.0860 -0.0336
vn 0.9997 -0.0023 -0.0257
vn 0.9993 -0.0376 0.0075
vn 0.5035 -0.4046 -0.7634
vn 0.4492 -0.5397 -0.7120
vn 0.4586 -0.4057 -0.7906
vn 0.4039 -0.5438 -0.7356
vn 0.4119 -0.4112 -0.8132
vn 0.3570 -0.5482 -0.7563
vn 0.3638 -0.4128 -0.8350
vn 0.3090 -0.5498 -0.7761
vn 0.3145 -0.4150 -0.8537
vn 0.2595 -0.5521 -0.7924
vn 0.2639 -0.4153 -0.8705
vn 0.2088 -0.5539 -0.8060
vn 0.2123 -0.4189 -0.8829
vn 0.1574 -0.5566 -0.8158
vn 0.1598 -0.4185 -0.8940
vn 0.1053 -0.5569 -0.8239
vn 0.1071 -0.4198 -0.9013
vn 0.0522 -0.5586 -0.8278
vn 0.0534 -0.4233 -0.9044
vn 0.0004 -0.5825 -0.8128
vn 0.0008 -0.4786 -0.8780
vn 0.3900 -0.6437 -0.6584
vn 0.3451 -0.6487 -0.6783
vn 0.2987 -0.6512 -0.6976
vn 0.2508 -0.6561 -0.7118
vn 0.2019 -0.6567 -0.7267
vn 0.1523 -0.6599 -0.7357
vn 0.1018 -0.6618 -0.7427
vn 0.0511 -0.6603 -0.7492
vn -0.0010 -0.6760 -0.7369
vn 0.4936 -0.5355 -0.6853
vn 0.4336 -0.6397 -0.6346
vn 0.3691 -0.7361 -0.5674
vn 0.3271 -0.7395 -0.5883
vn 0.2825 -0.7464 -0.6025
vn 0.2379 -0.7480 -0.6196
vn 0.1914 -0.7514 -0.6314
vn 0.1443 -0.7532 -0.6418
vn 0.0967 -0.7552 -0.6483
vn 0.0481 -0.7558 -0.6530
vn -0.0002 -0.7641 -0.6450
vn 0.0002 -0.8985 -0.4389
vn 0.0401 -0.9027 -0.4283
vn 0.0809 -0.9022 -0.4236
vn 0.1212 -0.8988 -0.4213
vn 0.1600 -0.8984 -0.4090
vn 0.1988 -0.8949 -0.3995
vn 0.2370 -0.8902 -0.3890
vn 0.2724 -0.8880 -0.3704
vn 0.3078 -0.8830 -0.3545
vn 0.3424 -0.8767 -0.3378
vn 0.3795 -0.8113 -0.4447
vn 0.4152 -0.8063 -0.4213
vn 0.4491 -0.7265 -0.5201
vn 0.4862 -0.7211 -0.4935
vn 0.5206 -0.6062 -0.6013
vn 0.4822 -0.7929 -0.3725
vn 0.4495 -0.7997 -0.3979
vn 0.4058 -0.8645 -0.2967
vn 0.3743 -0.8718 -0.3161
vn 0.3164 -0.9310 -0.1819
vn 0.2885 -0.9369 -0.1974
vn 0.2236 -0.9746 0.0109
vn 0.2037 -0.9790 -0.0000
vn 0.1048 -0.9681 0.2276
vn 0.0199 -0.9293 0.3689
vn 0.6529 -0.6075 -0.4524
vn 0.5861 -0.7029 -0.4029
vn 0.5297 -0.7959 -0.2933
vn 0.4273 -0.8952 -0.1263
vn 0.2904 -0.9546 0.0663
vn 0.1356 -0.9575 0.2547
vn 0.0250 -0.9264 0.3757
vn 0.5452 -0.4290 -0.7202
vn 0.4760 -0.6347 -0.6088
vn 0.4103 -0.7309 -0.5454
vn 0.3420 -0.8156 -0.4668
vn 0.3027 -0.8206 -0.4847
vn 0.2618 -0.8258 -0.4995
vn 0.2204 -0.8288 -0.5144
vn 0.1775 -0.8318 -0.5260
vn 0.1337 -0.8350 -0.5338
vn 0.0897 -0.8355 -0.5421
vn 0.0444 -0.8373 -0.5449
vn -0.0000 -0.8367 -0.5476
vn 0.0006 -0.4445 0.8958
vn 0.0351 -0.4155 0.9089
vn 0.0820 -0.2818 0.9560
vn 0.0713 -0.4156 0.9068
vn 0.1229 -0.2795 0.9523
vn 0.1067 -0.4165 0.9029
vn 0.1633 -0.2818 0.9455
vn 0.1419 -0.4176 0.8975
vn 0.2036 -0.2827 0.9374
vn 0.1770 -0.4178 0.8911
vn 0.2439 -0.2809 0.9282
vn 0.2118 -0.4191 0.8829
vn 0.2834 -0.2824 0.9165
vn 0.2460 -0.4212 0.8730
vn 0.3226 -0.2824 0.9034
vn 0.2808 -0.4199 0.8630
vn 0.3609 -0.2839 0.8884
vn 0.3140 -0.4228 0.8501
vn 0.3985 -0.2854 0.8716
vn 0.3472 -0.4237 0.8366
vn 0.4363 -0.2846 0.8536
vn 0.3794 -0.4265 0.8210
vn 0.4723 -0.2871 0.8334
vn 0.4119 -0.4274 0.8048
vn 0.5080 -0.2876 0.8119
vn 0.4434 -0.4290 0.7870
vn 0.5425 -0.2890 0.7888
vn 0.4737 -0.4317 0.7676
vn 0.5763 -0.2901 0.7640
vn 0.5041 -0.4331 0.7472
vn 0.6080 -0.2938 0.7376
vn 0.5326 -0.4366 0.7251
vn 0.6399 -0.2945 0.7098
vn 0.5605 -0.4397 0.7018
vn 0.6697 -0.2971 0.6807
vn 0.5882 -0.4416 0.6775
vn 0.6984 -0.2994 0.6501
vn 0.6148 -0.4441 0.6518
vn 0.7257 -0.3022 0.6181
vn 0.6403 -0.4468 0.6248
vn 0.7523 -0.3034 0.5848
vn 0.6637 -0.4511 0.5967
vn 0.7773 -0.3050 0.5502
vn 0.6855 -0.4562 0.5675
vn 0.8001 -0.3084 0.5145
vn 0.7081 -0.4586 0.5370
vn 0.8212 -0.3121 0.4778
vn 0.7291 -0.4615 0.5054
vn 0.8413 -0.3145 0.4398
vn 0.7463 -0.4680 0.4733
vn 0.8593 -0.3177 0.4009
vn 0.7638 -0.4722 0.4400
vn 0.8765 -0.3191 0.3604
vn 0.7800 -0.4766 0.4055
vn 0.8904 -0.3239 0.3199
vn 0.7946 -0.4812 0.3701
vn 0.9030 -0.3274 0.2783
vn 0.8068 -0.4872 0.3343
vn 0.9135 -0.3312 0.2361
vn 0.8201 -0.4894 0.2966
vn 0.9222 -0.3351 0.1931
vn 0.8293 -0.4951 0.2590
vn 0.9295 -0.3373 0.1488
vn 0.8376 -0.4999 0.2203
vn 0.9336 -0.3424 0.1051
vn 0.8427 -0.5068 0.1819
vn 0.9363 -0.3460 0.0605
vn 0.8474 -0.5116 0.1422
vn 0.9365 -0.3503 0.0156
vn 0.8499 -0.5170 0.1019
vn 0.9346 -0.3544 -0.0297
vn 0.8501 -0.5231 0.0614
vn 0.9307 -0.3578 -0.0753
vn 0.8474 -0.5306 0.0215
vn 0.9245 -0.3616 -0.1209
vn 0.8437 -0.5365 -0.0194
vn 0.9155 -0.3666 -0.1659
vn 0.8382 -0.5419 -0.0610
vn 0.9042 -0.3715 -0.2107
vn 0.8303 -0.5478 -0.1025
vn 0.8903 -0.3775 -0.2547
vn 0.8187 -0.5563 -0.1421
vn 0.8748 -0.3806 -0.2997
vn 0.8062 -0.5627 -0.1827
vn 0.8567 -0.3844 -0.3440
vn 0.7917 -0.5683 -0.2240
vn 0.8359 -0.3891 -0.3870
vn 0.7745 -0.5747 -0.2643
vn 0.8125 -0.3955 -0.4283
vn 0.7542 -0.5827 -0.3027
vn 0.7871 -0.4000 -0.4695
vn 0.7328 -0.5884 -0.3418
vn 0.7596 -0.4029 -0.5106
vn 0.7088 -0.5940 -0.3804
vn 0.7292 -0.4076 -0.5496
vn 0.6814 -0.6020 -0.4162
vn 0.6966 -0.4129 -0.5867
vn 0.6621 -0.4167 -0.6229
vn 0.6252 -0.4203 -0.6576
vn 0.5861 -0.4246 -0.6901
vn 0.9242 -0.2792 -0.2607
vn 0.7684 -0.3018 -0.5644
vn -0.0000 -0.8891 0.4577
vn 0.0013 -0.9072 0.4208
vn 0.0036 -0.9011 0.4335
vn 0.0036 -0.9066 0.4219
vn 0.0056 -0.9014 0.4329
vn -0.0119 -0.9795 0.2013
vn -0.0539 -0.4228 -0.9046
vn -0.4101 -0.7314 -0.5448
vn -0.4336 -0.6394 -0.6349
vn -0.4861 -0.7214 -0.4933
vn -0.5207 -0.6066 -0.6007
vn -0.4750 -0.6357 -0.6084
vn -0.6252 -0.4205 -0.6575
vn -0.5861 -0.4246 -0.6901
vn -0.5585 -0.6020 -0.5707
vn -0.0026 -0.9298 0.3680
vn -0.0057 -0.9369 0.3495
vn -0.0231 -0.9821 0.1867
vn -0.0342 -0.9150 0.4020
vn -0.0315 -0.9151 0.4021
vn -0.1711 -0.9020 0.3963
vn -0.0723 -0.9962 -0.0489
vn -0.0960 -0.9943 -0.0455
vn -0.1351 -0.9567 -0.2580
vn -0.1210 -0.8988 -0.4213
vn -0.0810 -0.9022 -0.4236
vn -0.0683 -0.9603 -0.2705
vn -0.1988 -0.8951 -0.3991
vn -0.2369 -0.8902 -0.3890
vn -0.2618 -0.8261 -0.4990
vn -0.6140 -0.7571 -0.2230
vn -0.5914 -0.7652 -0.2544
vn -0.4659 -0.8814 -0.0780
vn -0.7176 -0.6947 0.0493
vn -0.7115 -0.7025 0.0146
vn -0.5557 -0.8210 0.1312
vn -0.6818 -0.7261 -0.0887
vn -0.6679 -0.7340 -0.1231
vn -0.5234 -0.8517 0.0252
vn -0.6526 -0.7411 -0.1576
vn -0.6341 -0.7495 -0.1901
vn -0.4982 -0.8666 -0.0271
vn -0.7035 -0.7104 -0.0198
vn -0.6935 -0.7185 -0.0541
vn -0.5426 -0.8363 0.0783
vn -0.7215 -0.6668 0.1867
vn -0.7226 -0.6741 0.1531
vn -0.5626 -0.7921 0.2368
vn -0.7222 -0.6813 0.1192
vn -0.7210 -0.6878 0.0844
vn -0.5626 -0.8059 0.1843
vn -0.0350 -0.9137 0.4049
vn -0.0299 -0.9139 0.4047
vn -0.1661 -0.8966 0.4105
vn -0.7008 -0.6395 0.3161
vn -0.7076 -0.6467 0.2848
vn -0.5493 -0.7648 0.3367
vn -0.4829 -0.7246 0.4917
vn -0.4683 -0.7206 0.5113
vn -0.6096 -0.6008 0.5171
vn -0.0225 -0.8998 0.4357
vn -0.0114 -0.9067 0.4217
vn -0.0678 -0.8597 0.5063
vn -0.0188 -0.8988 0.4379
vn -0.0088 -0.9064 0.4223
vn -0.0549 -0.8575 0.5115
vn -0.0140 -0.8988 0.4381
vn -0.0070 -0.9056 0.4240
vn -0.0406 -0.8572 0.5134
vn -0.0102 -0.8976 0.4407
vn -0.0045 -0.9050 0.4253
vn -0.0277 -0.8543 0.5191
vn -0.0055 -0.8977 0.4406
vn -0.0017 -0.9052 0.4249
vn -0.0135 -0.8540 0.5201
vn -0.3140 -0.5568 0.7690
vn -0.3395 -0.5607 0.7552
vn -0.2613 -0.6763 0.6888
vn -0.3667 -0.5615 0.7418
vn -0.3930 -0.5630 0.7270
vn -0.3015 -0.6811 0.6672
vn -0.2593 -0.5530 0.7918
vn -0.2867 -0.5549 0.7809
vn -0.2190 -0.6733 0.7062
vn -0.2027 -0.5510 0.8095
vn -0.2316 -0.5509 0.8018
vn -0.1764 -0.6700 0.7211
vn -0.0878 -0.5466 0.8328
vn -0.1170 -0.5469 0.8290
vn -0.0889 -0.6661 0.7406
vn -0.1460 -0.5472 0.8242
vn -0.1746 -0.5489 0.8174
vn -0.1335 -0.6665 0.7334
vn -0.0296 -0.5462 0.8372
vn -0.0587 -0.5455 0.8360
vn -0.0447 -0.6641 0.7463
vn -0.2811 -0.6791 0.6781
vn -0.4163 -0.5682 0.7098
vn -0.3183 -0.6866 0.6536
vn -0.0209 -0.8566 0.5156
vn -0.0304 -0.7645 0.6439
vn -0.0450 -0.7665 0.6407
vn -0.0671 -0.6640 0.7447
vn -0.0349 -0.8568 0.5144
vn -0.0602 -0.7662 0.6398
vn -0.0747 -0.7679 0.6362
vn -0.1111 -0.6664 0.7373
vn -0.0476 -0.8590 0.5098
vn -0.0893 -0.7690 0.6330
vn -0.1045 -0.7693 0.6303
vn -0.1555 -0.6672 0.7285
vn -0.0075 -0.8554 0.5179
vn -0.0016 -0.9063 0.4226
vn -0.0007 -0.8894 0.4572
vn -0.0223 -0.6642 0.7472
vn -0.0151 -0.7648 0.6441
vn -0.0038 -0.9065 0.4223
vn -0.0064 -0.9063 0.4226
vn -0.0083 -0.9070 0.4211
vn -0.0613 -0.8599 0.5068
vn -0.1187 -0.7708 0.6259
vn -0.1333 -0.7720 0.6215
vn -0.1987 -0.6702 0.7150
vn -0.0754 -0.8607 0.5034
vn -0.1480 -0.7730 0.6170
vn -0.1609 -0.7758 0.6101
vn -0.2400 -0.6751 0.6976
vn -0.0113 -0.9067 0.4216
vn -0.0136 -0.9070 0.4208
vn -0.0871 -0.8637 0.4963
vn -0.0162 -0.9075 0.4198
vn -0.0279 -0.8998 0.4354
vn -0.1876 -0.7803 0.5965
vn -0.1766 -0.7759 0.6056
vn -0.0798 -0.8624 0.4999
vn -0.0136 -0.9071 0.4207
vn -0.1023 -0.8646 0.4919
vn -0.0194 -0.9076 0.4195
vn -0.0313 -0.9010 0.4327
vn -0.2156 -0.7836 0.5827
vn -0.2018 -0.7818 0.5900
vn -0.0924 -0.8646 0.4940
vn -0.0159 -0.9075 0.4197
vn -0.5904 -0.5976 0.5425
vn -0.4552 -0.7153 0.5302
vn -0.5717 -0.5931 0.5669
vn -0.4413 -0.7102 0.5485
vn -0.5524 -0.5885 0.5903
vn -0.4252 -0.7064 0.5658
vn -0.5322 -0.5841 0.6129
vn -0.4090 -0.7024 0.5825
vn -0.5118 -0.5791 0.6346
vn -0.3919 -0.6989 0.5984
vn -0.4886 -0.5765 0.6550
vn -0.3745 -0.6953 0.6135
vn -0.4654 -0.5733 0.6744
vn -0.3573 -0.6912 0.6282
vn -0.4419 -0.5699 0.6928
vn -0.3384 -0.6885 0.6414
vn -0.2272 -0.7870 0.5736
vn -0.2406 -0.7890 0.5653
vn -0.2522 -0.7923 0.5556
vn -0.2639 -0.7953 0.5458
vn -0.2753 -0.7985 0.5353
vn -0.2872 -0.8013 0.5247
vn -0.2971 -0.8052 0.5132
vn -0.3078 -0.8086 0.5014
vn -0.3170 -0.8127 0.4889
vn -0.3254 -0.8170 0.4760
vn -0.3349 -0.8208 0.4628
vn -0.0177 -0.9082 0.4182
vn -0.1032 -0.8679 0.4859
vn -0.0341 -0.9024 0.4296
vn -0.1125 -0.8684 0.4829
vn -0.1257 -0.8708 0.4753
vn -0.0353 -0.9043 0.4254
vn -0.1159 -0.8704 0.4785
vn -0.0197 -0.9089 0.4166
vn -0.0210 -0.9085 0.4174
vn -0.1506 -0.8774 0.4555
vn -0.0397 -0.9073 0.4186
vn -0.1353 -0.8780 0.4591
vn -0.0224 -0.9105 0.4130
vn -0.1385 -0.8739 0.4660
vn -0.0288 -0.9091 0.4156
vn -0.0384 -0.9055 0.4225
vn -0.1255 -0.8742 0.4690
vn -0.0211 -0.9097 0.4148
vn -0.0254 -0.9083 0.4175
vn -0.1455 -0.8819 0.4485
vn -0.1635 -0.8805 0.4450
vn -0.1530 -0.8865 0.4367
vn -0.1671 -0.8859 0.4326
vn -0.0477 -0.9121 0.4071
vn -0.0362 -0.9123 0.4079
vn -0.1721 -0.8917 0.4187
vn -0.1601 -0.8913 0.4241
vn -0.3501 -0.8298 0.4347
vn -0.3420 -0.8255 0.4490
vn -0.5069 -0.7349 0.4505
vn -0.4947 -0.7300 0.4715
vn -0.6400 -0.6124 0.4640
vn -0.6255 -0.6064 0.4909
vn -0.0514 -0.9136 0.4033
vn -0.1755 -0.8976 0.4044
vn -0.3602 -0.8402 0.4053
vn -0.3560 -0.8347 0.4201
vn -0.5279 -0.7457 0.4066
vn -0.5173 -0.7406 0.4289
vn -0.6675 -0.6234 0.4073
vn -0.6549 -0.6173 0.4360
vn -0.0274 -0.9129 0.4073
vn -0.0477 -0.9105 0.4107
vn -0.0367 -0.9106 0.4118
vn -0.0254 -0.9121 0.4092
vn -0.0410 -0.9092 0.4144
vn -0.0239 -0.9112 0.4112
vn -0.0335 -0.9097 0.4138
vn -0.7178 -0.6605 0.2204
vn -0.5607 -0.7853 0.2626
vn -0.5634 -0.7989 0.2106
vn -0.5506 -0.8283 0.1041
vn -0.5123 -0.8588 -0.0019
vn -0.3750 -0.8551 0.3579
vn -0.5542 -0.7715 0.3124
vn -0.7150 -0.6522 0.2520
vn -0.1761 -0.9076 0.3812
vn -0.3789 -0.8602 0.3412
vn -0.5585 -0.7780 0.2876
vn -0.5676 -0.7722 -0.2855
vn -0.4469 -0.8888 -0.1018
vn -0.0896 -0.8354 -0.5423
vn -0.1337 -0.8349 -0.5339
vn -0.1774 -0.8317 -0.5260
vn -0.1998 -0.9499 -0.2405
vn -0.1415 -0.9894 -0.0311
vn -0.2301 -0.9465 -0.2263
vn -0.1634 -0.9863 -0.0224
vn -0.2594 -0.9423 -0.2115
vn -0.1841 -0.9828 -0.0122
vn -0.0247 -0.9982 -0.0549
vn -0.0346 -0.9611 -0.2741
vn -0.0402 -0.9024 -0.4290
vn -0.0444 -0.8377 -0.5443
vn -0.3826 -0.8772 0.2901
vn -0.3813 -0.8717 0.3077
vn -0.1778 -0.9162 0.3591
vn -0.1786 -0.9135 0.3654
vn -0.3802 -0.8835 0.2736
vn -0.1803 -0.9197 0.3488
vn -0.3736 -0.9012 0.2197
vn -0.3762 -0.8954 0.2382
vn -0.1731 -0.9289 0.3273
vn -0.1786 -0.9262 0.3320
vn -0.3685 -0.9074 0.2023
vn -0.1788 -0.9327 0.3131
vn -0.3478 -0.9256 0.1493
vn -0.3559 -0.9195 0.1668
vn -0.1610 -0.9417 0.2954
vn -0.1735 -0.9396 0.2952
vn -0.3395 -0.9314 0.1313
vn -0.1678 -0.9462 0.2766
vn -0.0531 -0.9155 0.3989
vn -0.1775 -0.9037 0.3897
vn -0.3698 -0.8504 0.3742
vn -0.3669 -0.8447 0.3898
vn -0.5426 -0.7587 0.3607
vn -0.5348 -0.7526 0.3841
vn -0.6915 -0.6335 0.3472
vn -0.6800 -0.6284 0.3777
vn -0.3801 -0.8661 0.3247
vn -0.1784 -0.9099 0.3745
vn -0.0338 -0.9163 0.3990
vn -0.0323 -0.9163 0.3992
vn -0.0315 -0.9187 0.3937
vn -0.1755 -0.9225 0.3438
vn -0.3789 -0.8894 0.2558
vn -0.5603 -0.8132 0.1576
vn -0.0353 -0.9191 0.3925
vn -0.0522 -0.9194 0.3899
vn -0.0323 -0.9175 0.3964
vn -0.0346 -0.9176 0.3959
vn -0.0541 -0.9174 0.3942
vn -0.0307 -0.9214 0.3875
vn -0.1685 -0.9353 0.3111
vn -0.3618 -0.9137 0.1853
vn -0.5340 -0.8439 0.0515
vn -0.0271 -0.9236 0.3824
vn -0.1516 -0.9479 0.2802
vn -0.3281 -0.9376 0.1153
vn -0.4826 -0.8743 -0.0524
vn -0.0380 -0.9268 0.3736
vn -0.0428 -0.9267 0.3733
vn -0.0284 -0.9223 0.3854
vn -0.0372 -0.9247 0.3788
vn -0.0462 -0.9250 0.3771
vn -0.0375 -0.9225 0.3842
vn -0.0481 -0.9230 0.3818
vn -0.0309 -0.9200 0.3908
vn -0.0359 -0.9208 0.3885
vn -0.0512 -0.9213 0.3855
vn -0.3028 -0.8203 -0.4852
vn -0.2725 -0.8878 -0.3708
vn -0.3422 -0.8156 -0.4667
vn -0.3079 -0.8829 -0.3545
vn -0.3427 -0.8764 -0.3383
vn -0.2885 -0.9369 -0.1973
vn -0.3164 -0.9310 -0.1819
vn -0.2042 -0.9789 -0.0009
vn -0.2236 -0.9746 0.0108
vn -0.0952 -0.9694 0.2265
vn -0.1088 -0.9696 0.2194
vn -0.0684 -0.9775 0.1997
vn -0.0759 -0.9731 0.2177
vn -0.0900 -0.9743 0.2066
vn -0.0468 -0.9804 0.1915
vn -0.0341 -0.9786 0.2030
vn -0.3041 -0.9491 0.0822
vn -0.3173 -0.9433 0.0977
vn -0.1431 -0.9542 0.2626
vn -0.1583 -0.9526 0.2599
vn -0.0275 -0.9256 0.3776
vn -0.0394 -0.9288 0.3684
vn -0.1400 -0.9584 0.2486
vn -0.0292 -0.9284 0.3704
vn -0.0380 -0.9303 0.3648
vn -0.0175 -0.9279 0.3724
vn -0.0235 -0.9321 0.3613
vn -0.0296 -0.9335 0.3573
vn -0.1259 -0.9643 0.2328
vn -0.0273 -0.9305 0.3653
vn -0.0343 -0.9321 0.3607
vn -0.0107 -0.9296 0.3685
vn -0.0556 -0.9763 0.2093
vn -0.1188 -0.9922 -0.0375
vn -0.1678 -0.9537 -0.2498
vn -0.0065 -0.9296 0.3685
vn -0.0102 -0.9352 0.3540
vn -0.0130 -0.9359 0.3520
vn -0.0139 -0.9340 0.3570
vn -0.0177 -0.9349 0.3544
vn -0.0142 -0.9287 0.3706
vn -0.0194 -0.9337 0.3575
vn -0.0243 -0.9348 0.3544
vn -0.2204 -0.8288 -0.5143
vn -0.1600 -0.8984 -0.4090
vn -0.1021 -0.9583 -0.2669
vn -0.0484 -0.9974 -0.0527
vn -0.9653 -0.2533 0.0633
vn -0.9823 -0.1698 0.0789
vn -0.9960 -0.0896 0.0061
vn -0.9934 -0.0993 -0.0570
vn -0.9947 -0.0479 -0.0908
vn -0.9864 -0.1359 -0.0924
vn -0.9699 -0.2434 0.0045
vn -0.9972 0.0399 -0.0639
vn -0.9961 0.0544 -0.0701
vn -0.9965 0.0173 -0.0821
vn -0.9797 -0.1999 0.0158
vn -0.9919 0.0401 -0.1209
vn -0.9460 0.0072 -0.3240
vn -0.9520 -0.1415 -0.2715
vn -0.9589 -0.0484 -0.2795
vn -0.9635 -0.1623 -0.2127
vn -0.9626 -0.0102 -0.2706
vn -0.9671 -0.0398 -0.2512
vn -0.9693 -0.1770 -0.1707
vn -0.9666 -0.0396 -0.2534
vn -0.9880 0.0095 -0.1540
vn -0.9857 0.0182 -0.1676
vn -0.9863 -0.0596 -0.1537
vn -0.9793 -0.1453 -0.1407
vn -0.9770 -0.0044 -0.2132
vn -0.9747 -0.0457 -0.2188
vn -0.9422 -0.1112 -0.3161
vn -0.9362 -0.0458 -0.3484
vn -0.9364 -0.1310 -0.3256
vn -0.8727 0.0191 -0.4878
vn -0.8949 -0.1299 -0.4271
vn -0.8882 0.0053 -0.4594
vn -0.9079 -0.1962 -0.3705
vn -0.9097 -0.2782 -0.3085
vn -0.9203 0.0253 -0.3904
vn -0.9258 -0.0744 -0.3707
vn -0.8896 0.0718 -0.4510
vn -0.8968 0.0398 -0.4405
vn -0.8305 -0.1678 -0.5312
vn -0.8361 -0.0779 -0.5431
vn -0.8217 -0.0226 -0.5695
vn -0.8234 -0.0365 -0.5662
vn -0.7377 0.0206 -0.6748
vn -0.7640 -0.1387 -0.6301
vn -0.7759 -0.0917 -0.6241
vn -0.7978 -0.1401 -0.5864
vn -0.8117 -0.0015 -0.5840
vn -0.8076 -0.0533 -0.5874
vn -0.7754 0.0236 -0.6310
vn -0.8729 0.0191 -0.4875
vn -0.8735 -0.0645 -0.4826
vn -0.8722 -0.1686 -0.4591
vn -0.8500 -0.0139 -0.5266
vn -0.8464 -0.0544 -0.5298
vn -0.7016 -0.0860 -0.7073
vn -0.6926 -0.1600 -0.7034
vn -0.7288 -0.1434 -0.6695
vn -0.7379 0.0213 -0.6745
vn -0.7376 -0.0931 -0.6688
vn -0.6979 0.0239 -0.7158
vn -0.6596 0.0035 -0.7516
vn -0.6661 -0.0426 -0.7447
vn -0.6570 -0.1925 -0.7289
vn -0.6573 -0.0688 -0.7505
vn -0.6211 -0.0254 -0.7833
vn -0.5690 -0.0017 -0.8223
vn -0.5694 -0.0008 -0.8221
vn -0.5870 -0.1703 -0.7914
vn -0.5521 -0.0810 -0.8299
vn -0.5405 -0.1554 -0.8268
vn -0.5022 -0.3716 -0.7808
vn -0.4452 -0.1614 -0.8808
vn -0.4755 -0.1023 -0.8738
vn -0.4932 -0.1529 -0.8564
vn -0.5165 0.0232 -0.8560
vn -0.5115 -0.0961 -0.8539
vn -0.4677 0.0174 -0.8837
vn -0.5995 -0.0598 -0.7981
vn -0.6306 -0.1941 -0.7515
vn -0.6197 -0.0229 -0.7845
vn -0.4394 0.0076 -0.8983
vn -0.4162 0.0147 -0.9092
vn -0.4090 -0.0780 -0.9092
vn -0.3964 -0.1847 -0.8993
vn -0.3663 -0.0139 -0.9304
vn -0.3555 -0.2170 -0.9092
vn -0.3472 -0.0547 -0.9362
vn -0.2559 0.0031 -0.9667
vn -0.2626 -0.1737 -0.9491
vn -0.2872 -0.0681 -0.9554
vn -0.3162 -0.1985 -0.9277
vn -0.3171 -0.0442 -0.9474
vn -0.3181 -0.0426 -0.9471
vn -0.3110 -0.0174 -0.9502
vn -0.1778 -0.1001 -0.9790
vn -0.1530 -0.1659 -0.9742
vn -0.2077 -0.1569 -0.9655
vn -0.0441 -0.1990 -0.9790
vn -0.0977 -0.1782 -0.9791
vn -0.0804 -0.0079 -0.9967
vn -0.1409 0.0125 -0.9899
vn -0.1209 -0.0956 -0.9881
vn -0.0840 0.0017 -0.9965
vn -0.2251 0.0030 -0.9743
vn -0.2159 -0.3300 -0.9190
vn -0.2124 -0.0453 -0.9761
vn -0.1969 0.0243 -0.9801
vn -0.0279 -0.0115 -0.9995
vn -0.0684 -0.0851 -0.9940
vn -0.5953 -0.5949 -0.5401
vn -0.5556 -0.7072 -0.4373
vn -0.5858 -0.7024 -0.4043
vn -0.5286 -0.7967 -0.2931
vn -0.4273 -0.8952 -0.1265
vn -0.2905 -0.9546 0.0661
vn -0.5217 -0.7147 -0.4660
vn -0.4822 -0.7928 -0.3727
vn -0.5010 -0.8040 -0.3203
vn -0.4491 -0.7265 -0.5201
vn -0.4153 -0.8060 -0.4218
vn -0.4496 -0.7997 -0.3979
vn -0.4058 -0.8645 -0.2965
vn -0.4338 -0.8593 -0.2710
vn -0.3649 -0.9203 -0.1410
vn -0.4045 -0.9027 -0.1470
vn -0.2584 -0.9653 0.0380
vn -0.2753 -0.9600 0.0512
vn -0.1279 -0.9596 0.2505
vn -0.0234 -0.9260 0.3767
vn -0.5454 -0.4283 -0.7204
vn -0.5034 -0.4049 -0.7633
vn -0.4928 -0.5353 -0.6860
vn -0.4586 -0.4060 -0.7905
vn -0.4493 -0.5392 -0.7123
vn -0.4119 -0.4121 -0.8127
vn -0.4039 -0.5441 -0.7353
vn -0.3639 -0.4133 -0.8347
vn -0.3570 -0.5485 -0.7561
vn -0.3143 -0.4148 -0.8539
vn -0.3090 -0.5497 -0.7761
vn -0.2640 -0.4157 -0.8703
vn -0.2594 -0.5521 -0.7924
vn -0.2122 -0.4195 -0.8826
vn -0.2089 -0.5539 -0.8059
vn -0.1599 -0.4191 -0.8938
vn -0.1573 -0.5574 -0.8152
vn -0.1070 -0.4192 -0.9015
vn -0.1053 -0.5572 -0.8237
vn -0.0524 -0.5590 -0.8275
vn -0.3449 -0.6491 -0.6780
vn -0.2988 -0.6511 -0.6977
vn -0.2507 -0.6562 -0.7117
vn -0.2022 -0.6565 -0.7268
vn -0.1521 -0.6597 -0.7360
vn -0.1019 -0.6624 -0.7422
vn -0.0502 -0.6603 -0.7493
vn -0.0479 -0.7554 -0.6535
vn -0.0967 -0.7551 -0.6484
vn -0.1443 -0.7531 -0.6418
vn -0.1914 -0.7513 -0.6316
vn -0.2378 -0.7480 -0.6197
vn -0.2825 -0.7469 -0.6019
vn -0.3270 -0.7396 -0.5882
vn -0.3695 -0.7356 -0.5678
vn -0.3795 -0.8113 -0.4447
vn -0.3742 -0.8719 -0.3159
vn -0.3411 -0.9261 -0.1614
vn -0.2413 -0.9701 0.0244
vn -0.1129 -0.9649 0.2372
vn -0.0208 -0.9271 0.3742
vn -0.0268 -0.0999 0.9946
vn -0.0433 -0.2101 0.9767
vn -0.1438 -0.1298 0.9811
vn -0.1041 -0.0847 0.9910
vn -0.1183 0.0321 0.9925
vn -0.0641 0.0678 0.9956
vn -0.0630 0.1290 0.9896
vn -0.0797 -0.0669 0.9946
vn -0.1180 0.0327 0.9925
vn -0.2036 -0.0447 0.9780
vn -0.2209 -0.0187 0.9751
vn -0.1758 -0.1243 0.9765
vn -0.2265 -0.0757 0.9711
vn -0.3445 0.0823 0.9352
vn -0.3512 0.1515 0.9240
vn -0.3092 0.0215 0.9507
vn -0.2799 -0.2055 0.9378
vn -0.3001 -0.2106 0.9304
vn -0.2586 -0.2100 0.9429
vn -0.2286 0.0410 0.9727
vn -0.2493 -0.0787 0.9652
vn -0.2944 0.1379 0.9457
vn -0.2924 0.0737 0.9534
vn -0.1321 -0.0456 0.9902
vn -0.1716 -0.0153 0.9851
vn -0.1722 -0.0023 0.9851
vn -0.3653 -0.1963 0.9099
vn -0.4220 -0.0616 0.9045
vn -0.3402 -0.2140 0.9157
vn -0.4159 0.0233 0.9091
vn -0.4482 0.0571 0.8921
vn -0.4425 -0.0082 0.8967
vn -0.4587 -0.1011 0.8828
vn -0.5278 -0.0888 0.8447
vn -0.5452 0.0319 0.8377
vn -0.5518 -0.0713 0.8309
vn -0.5355 -0.2167 0.8163
vn -0.4820 -0.4158 0.7712
vn -0.6078 -0.1642 0.7769
vn -0.6072 -0.2158 0.7647
vn -0.5725 -0.2146 0.7913
vn -0.6029 0.0611 0.7955
vn -0.6053 0.1092 0.7885
vn -0.6125 0.0287 0.7900
vn -0.5585 -0.2024 0.8045
vn -0.6544 0.1356 0.7439
vn -0.6456 0.0737 0.7601
vn -0.6350 0.0146 0.7724
vn -0.4381 -0.0809 0.8953
vn -0.4973 0.0159 0.8674
vn -0.4784 -0.1408 0.8668
vn -0.5095 -0.0258 0.8601
vn -0.5452 0.0318 0.8377
vn -0.3437 0.0801 0.9357
vn -0.3622 0.0080 0.9321
vn -0.3206 -0.2106 0.9235
vn -0.4060 0.1515 0.9012
vn -0.4025 0.0801 0.9119
vn -0.6568 0.0075 0.7541
vn -0.6958 0.0779 0.7140
vn -0.7000 0.1458 0.6991
vn -0.6773 -0.0644 0.7329
vn -0.6923 -0.0853 0.7165
vn -0.7269 0.0346 0.6858
vn -0.7106 -0.1331 0.6909
vn -0.7239 -0.0474 0.6883
vn -0.8024 0.0444 0.5951
vn -0.7787 -0.0816 0.6220
vn -0.7701 -0.0376 0.6368
vn -0.7328 -0.1269 0.6685
vn -0.7579 -0.0098 0.6523
vn -0.7529 -0.0146 0.6580
vn -0.7630 0.0012 0.6465
vn -0.7873 -0.2294 0.5723
vn -0.8116 -0.0748 0.5795
vn -0.7867 -0.1978 0.5848
vn -0.8844 -0.1016 0.4555
vn -0.8141 -0.2266 0.5347
vn -0.8830 -0.0758 0.4632
vn -0.8971 0.0895 0.4327
vn -0.8916 0.0462 0.4505
vn -0.8510 0.0115 0.5251
vn -0.8675 0.0620 0.4936
vn -0.8724 0.1078 0.4767
vn -0.8762 0.0154 0.4817
vn -0.8127 -0.1988 0.5477
vn -0.8926 0.0487 0.4482
vn -0.8159 0.0137 0.5780
vn -0.7325 -0.2816 0.6198
vn -0.8099 -0.0552 0.5839
vn -0.8350 0.0486 0.5481
vn -0.9081 -0.1382 0.3954
vn -0.8985 -0.1306 0.4191
vn -0.9318 -0.0057 0.3630
vn -0.9713 0.0452 0.2334
vn -0.9726 0.0847 0.2166
vn -0.9512 -0.0682 0.3009
vn -0.9138 -0.2350 0.3313
vn -0.9331 -0.1140 0.3411
vn -0.9302 -0.0120 0.3669
vn -0.9369 -0.0547 0.3452
vn -0.9550 0.0198 0.2959
vn -0.9476 -0.1976 0.2511
vn -0.9779 -0.0975 0.1849
vn -0.9265 -0.2404 0.2894
vn -0.9869 0.0188 0.1604
vn -0.9914 0.0354 0.1256
vn -0.9865 -0.0529 0.1551
vn -0.9835 -0.1136 0.1408
vn -0.9320 -0.2647 0.2476
vn -0.9711 0.0437 0.2348
vn -0.9763 0.0042 0.2163
vn -0.9349 -0.1958 0.2961
vn -0.9835 0.0803 0.1620
vn -0.9840 0.0465 0.1721
vn -0.9148 0.0314 0.4027
vn -0.9098 -0.0510 0.4119
vn -0.9320 -0.0034 0.3625
vn -0.9944 0.0026 0.1060
vn -0.9974 0.0233 0.0688
vn -0.9950 -0.0508 0.0859
vn -0.9845 -0.1429 0.1017
vn -0.9995 -0.0077 0.0306
vn -0.9989 -0.0400 0.0248
vn -0.6621 -0.4169 -0.6228
vn -0.6285 -0.5915 -0.5051
vn -0.6966 -0.4129 -0.5867
vn -0.6532 -0.6070 -0.4526
vn -0.7292 -0.4078 -0.5495
vn -0.6814 -0.6021 -0.4161
vn -0.7595 -0.4029 -0.5107
vn -0.7087 -0.5941 -0.3805
vn -0.7872 -0.3998 -0.4696
vn -0.7327 -0.5886 -0.3417
vn -0.8126 -0.3952 -0.4284
vn -0.7543 -0.5825 -0.3027
vn -0.8358 -0.3895 -0.3869
vn -0.7744 -0.5750 -0.2641
vn -0.8565 -0.3851 -0.3435
vn -0.7915 -0.5687 -0.2237
vn -0.8748 -0.3806 -0.2997
vn -0.8062 -0.5627 -0.1827
vn -0.8903 -0.3775 -0.2546
vn -0.8189 -0.5560 -0.1423
vn -0.9041 -0.3717 -0.2107
vn -0.8303 -0.5479 -0.1026
vn -0.9154 -0.3668 -0.1658
vn -0.8379 -0.5424 -0.0607
vn -0.9244 -0.3619 -0.1208
vn -0.8435 -0.5367 -0.0192
vn -0.9307 -0.3579 -0.0754
vn -0.8473 -0.5306 0.0216
vn -0.9347 -0.3542 -0.0297
vn -0.8500 -0.5233 0.0615
vn -0.9364 -0.3505 0.0157
vn -0.8500 -0.5169 0.1018
vn -0.9363 -0.3460 0.0605
vn -0.8474 -0.5116 0.1422
vn -0.9336 -0.3425 0.1052
vn -0.8430 -0.5062 0.1817
vn -0.9295 -0.3375 0.1487
vn -0.8374 -0.5003 0.2204
vn -0.9223 -0.3349 0.1931
vn -0.8295 -0.4949 0.2590
vn -0.9137 -0.3309 0.2360
vn -0.8201 -0.4895 0.2965
vn -0.9031 -0.3270 0.2782
vn -0.8068 -0.4871 0.3344
vn -0.8905 -0.3237 0.3198
vn -0.7946 -0.4814 0.3701
vn -0.8766 -0.3191 0.3603
vn -0.7802 -0.4763 0.4054
vn -0.8592 -0.3178 0.4010
vn -0.7639 -0.4721 0.4400
vn -0.8415 -0.3140 0.4396
vn -0.7462 -0.4680 0.4734
vn -0.8209 -0.3127 0.4779
vn -0.7289 -0.4619 0.5054
vn -0.8000 -0.3086 0.5145
vn -0.7081 -0.4585 0.5370
vn -0.7773 -0.3051 0.5502
vn -0.6855 -0.4560 0.5676
vn -0.7520 -0.3040 0.5849
vn -0.6639 -0.4508 0.5966
vn -0.7257 -0.3022 0.6181
vn -0.6399 -0.4474 0.6248
vn -0.6980 -0.3002 0.6502
vn -0.6144 -0.4446 0.6517
vn -0.6696 -0.2972 0.6807
vn -0.5884 -0.4414 0.6775
vn -0.6395 -0.2951 0.7099
vn -0.5605 -0.4396 0.7018
vn -0.6080 -0.2937 0.7376
vn -0.5325 -0.4367 0.7250
vn -0.5764 -0.2900 0.7640
vn -0.5044 -0.4327 0.7472
vn -0.5424 -0.2893 0.7888
vn -0.4737 -0.4317 0.7676
vn -0.5078 -0.2881 0.8119
vn -0.4434 -0.4291 0.7869
vn -0.4724 -0.2867 0.8335
vn -0.4117 -0.4277 0.8047
vn -0.4361 -0.2852 0.8535
vn -0.3795 -0.4262 0.8212
vn -0.3985 -0.2855 0.8716
vn -0.3476 -0.4230 0.8368
vn -0.3608 -0.2842 0.8883
vn -0.3139 -0.4229 0.8501
vn -0.3225 -0.2829 0.9033
vn -0.2808 -0.4199 0.8630
vn -0.2836 -0.2817 0.9166
vn -0.2460 -0.4211 0.8730
vn -0.2438 -0.2815 0.9281
vn -0.2117 -0.4193 0.8828
vn -0.2036 -0.2821 0.9375
vn -0.1769 -0.4183 0.8909
vn -0.1633 -0.2816 0.9455
vn -0.1421 -0.4163 0.8980
vn -0.1230 -0.2794 0.9523
vn -0.1067 -0.4161 0.9030
vn -0.0819 -0.2818 0.9560
vn -0.0713 -0.4156 0.9067
vn -0.0410 -0.2797 0.9592
vn -0.0355 -0.4151 0.9091
vn -0.8494 -0.2909 -0.4404
vn 0.9984 -0.0004 -0.0572
vn 0.9999 0.0056 -0.0116
vn -0.1808 0.0082 -0.9835
vn -0.1184 0.0080 -0.9929
vn -0.0588 0.0063 -0.9982
vn -0.2953 0.0085 -0.9554
vn -0.2371 0.0071 -0.9714
vn -0.4067 0.0089 -0.9135
vn -0.3527 0.0079 -0.9357
vn -0.4648 0.0071 -0.8854
vn -0.5134 0.0045 -0.8581
vn -0.4705 0.0067 -0.8824
vn -0.4067 0.0088 -0.9135
vn -0.5662 0.0061 -0.8242
vn -0.6181 -0.0024 -0.7861
vn -0.5690 0.0039 -0.8224
vn -0.6596 -0.0008 -0.7516
vn -0.7037 0.0024 -0.7105
vn -0.7475 0.0041 -0.6642
vn -0.7877 -0.0057 -0.6161
vn -0.7428 -0.0007 -0.6695
vn -0.8199 -0.0008 -0.5725
vn -0.9048 0.0038 -0.4258
vn -0.8876 0.0019 -0.4607
vn -0.9062 -0.0024 -0.4227
vn -0.8765 -0.0025 -0.4813
vn -0.9360 0.0014 -0.3519
vn -0.9486 0.0063 -0.3163
vn -0.9712 0.0051 -0.2381
vn -0.9806 0.0058 -0.1958
vn -0.9622 0.0033 -0.2725
vn -0.9632 0.0033 -0.2689
vn -0.9925 0.0016 -0.1220
vn -0.9969 0.0059 -0.0781
vn -1.0000 0.0044 -0.0044
vn -0.9991 0.0070 0.0426
vn -0.9932 0.0024 0.1162
vn -0.9873 0.0072 0.1587
vn -0.9722 0.0052 0.2339
vn -0.9683 0.0057 0.2497
vn -0.9619 0.0090 0.2732
vn -0.9619 0.0089 0.2733
vn -0.9361 0.0030 0.3517
vn -0.9212 0.0049 0.3891
vn -0.9322 -0.0006 0.3619
vn -0.8903 0.0048 0.4554
vn -0.8680 0.0077 0.4965
vn -0.8862 0.0077 0.4633
vn -0.8278 0.0021 0.5611
vn -0.8030 0.0055 0.5960
vn -0.7589 0.0068 0.6512
vn -0.7208 0.0057 0.6931
vn -0.7612 0.0116 0.6485
vn -0.7633 0.0116 0.6459
vn -0.6790 0.0011 0.7341
vn -0.6357 0.0080 0.7719
vn -0.6346 0.0115 0.7728
vn -0.6357 0.0081 0.7719
vn -0.5853 0.0052 0.8108
vn -0.5413 0.0104 0.8407
vn -0.5354 0.0048 0.8446
vn -0.4876 -0.0010 0.8730
vn -0.4337 0.0062 0.9010
vn -0.3797 0.0036 0.9251
vn -0.3253 0.0086 0.9456
vn -0.2653 0.0056 0.9641
vn -0.2080 0.0052 0.9781
vn -0.1536 0.0034 0.9881
vn -0.0902 0.0087 0.9959
vn 0.0245 0.0073 0.9997
vn -0.0311 0.0019 0.9995
vn -0.1162 0.0127 0.9931
vn 0.0857 0.0084 0.9963
vn 0.1468 0.0106 0.9891
vn 0.2075 0.0006 0.9782
vn 0.2585 0.0058 0.9660
vn 0.3177 0.0073 0.9482
vn 0.3761 0.0098 0.9265
vn 0.4299 0.0032 0.9029
vn 0.4812 0.0069 0.8766
vn 0.5818 0.0006 0.8133
vn 0.5352 -0.0028 0.8447
vn 0.5228 0.0113 0.8524
vn 0.6221 0.0022 0.7830
vn 0.6810 0.0084 0.7323
vn 0.7128 0.0047 0.7014
vn 0.7623 0.0081 0.6472
vn 0.8331 0.0056 0.5531
vn 0.7923 0.0039 0.6101
vn 0.8575 0.0048 0.5144
vn 0.8946 0.0079 0.4468
vn 0.9132 0.0042 0.4075
vn 0.9407 0.0071 0.3391
vn 0.9555 0.0020 0.2949
vn 0.9739 0.0063 0.2268
vn 0.9875 0.0061 0.1575
vn 0.9836 0.0053 0.1805
vn 0.9945 0.0066 0.1047
vn 0.9981 0.0008 0.0623
vn 0.9914 0.0042 -0.1306
vn 0.9851 0.0032 -0.1719
vn 0.9670 0.0051 -0.2547
vn 0.8883 -0.0066 -0.4593
vn 0.9117 -0.0025 -0.4109
vn 0.9687 -0.0021 -0.2482
vn 0.9574 0.0017 -0.2887
vn 0.8565 0.0021 -0.5162
vn 0.8234 -0.0017 -0.5674
vn 0.7541 -0.0073 -0.6567
vn 0.7874 -0.0048 -0.6165
vn 0.7062 -0.0126 -0.7079
vn 0.6733 -0.0109 -0.7393
vn 0.5684 0.0071 -0.8228
vn 0.6213 0.0056 -0.7835
vn 0.6755 0.0048 -0.7374
vn 0.6733 -0.0108 -0.7393
vn 0.5194 0.0066 -0.8545
vn 0.3598 0.0057 -0.9330
vn 0.4146 0.0037 -0.9100
vn 0.4656 0.0033 -0.8850
vn 0.2996 0.0063 -0.9540
vn 0.2436 0.0053 -0.9699
vn 0.1306 0.0043 -0.9914
vn 0.1826 -0.0004 -0.9832
vn 0.0731 0.0005 -0.9973
vn 0.0364 -0.0004 -0.9993
vn 0.0135 0.0041 -0.9999
vn 0.0364 -0.0003 -0.9993
vn -0.0151 0.0017 -0.9999
vn -0.0000 0.9153 -0.4027
vn 0.0001 0.9152 -0.4029
vn -0.0005 0.9156 -0.4020
vn -0.0000 0.9153 -0.4028
vn 0.0001 0.9152 -0.4030
vn 0.0003 0.9145 -0.4047
vn 0.0002 0.9146 -0.4044
vn -0.0000 0.9158 -0.4017
vn -0.0002 0.9151 -0.4032
vn 0.0003 0.9149 -0.4036
vn -0.0002 0.9161 -0.4010
vn -0.0000 0.9154 -0.4026
vn -0.0011 0.9148 -0.4040
vn -0.0000 0.9155 -0.4024
vn -0.0021 0.9139 -0.4059
vn 0.0002 0.9154 -0.4024
vn -0.0001 0.9152 -0.4029
vn 0.0001 0.9154 -0.4025
vn -0.0000 0.9154 -0.4027
vn 0.0003 0.9155 -0.4022
vn -0.0001 0.9152 -0.4030
vn 0.0009 0.9159 -0.4014
vn -0.0003 0.9151 -0.4032
vn 0.0001 0.9154 -0.4026
vn 0.0018 0.9165 -0.4001
vn -0.0001 0.9154 -0.4025
vn -0.0000 0.9152 -0.4031
vn -0.0001 0.9153 -0.4029
vn -0.0002 0.9152 -0.4030
vn 0.0001 0.9153 -0.4027
s 1
usemtl blau_002
f 2066//1811 2067//1812 2068//1813
f 2069//1814 2070//1815 2071//1816
f 2072//1817 2073//1818 2074//1819
f 2074//1819 2073//1818 2075//1820
f 2076//1821 2077//1822 2078//1823
f 2073//1818 2079//1824 2075//1820
f 2075//1820 2079//1824 2078//1823
f 2075//1820 2078//1823 2080//1825
f 2080//1825 2078//1823 2077//1822
f 2069//1814 2071//1816 2081//1826
f 2082//1827 2083//1828 2084//1829
f 2084//1829 2083//1828 2085//1830
f 2084//1829 7637//1831 7710//1832
f 2082//1827 2084//1829 2088//1833
f 2088//1833 2084//1829 7710//1832
f 2088//1833 7710//1832 7711//1834
f 2090//1835 7610//1836 2084//1829
f 2084//1829 7610//1836 7611//1837
f 2084//1829 7611//1837 7637//1831
f 2093//1838 2094//1839 2095//1840
f 2095//1840 2096//1841 2093//1838
f 2093//1838 2096//1841 2097//1842
f 2093//1838 2097//1842 2090//1835
f 2090//1835 2097//1842 2098//1843
f 2090//1835 2098//1843 7610//1836
f 2094//1839 2093//1838 2099//1844
f 2099//1844 2093//1838 2100//1845
f 2099//1844 2100//1845 2101//1846
f 2102//1847 2103//1848 2100//1845
f 2100//1845 2103//1848 2104//1849
f 2100//1845 2104//1849 2101//1846
f 2105//1850 2106//1851 2102//1847
f 2102//1847 2106//1851 2107//1852
f 2107//1852 2108//1853 2102//1847
f 2102//1847 2108//1853 2109//1854
f 2102//1847 2109//1854 2103//1848
f 2110//1855 2111//1856 2105//1850
f 2105//1850 2111//1856 2112//1857
f 2105//1850 2112//1857 2113//1858
f 2113//1858 2114//1859 2105//1850
f 2105//1850 2114//1859 2115//1860
f 2105//1850 2115//1860 2106//1851
f 2116//1861 2117//1862 2110//1855
f 2110//1855 2117//1862 2118//1863
f 2110//1855 2118//1863 2111//1856
f 2119//1864 2120//1865 7788//1866
f 2119//1864 2122//1867 2120//1865
f 2120//1865 2122//1867 2123//1868
f 2120//1865 2123//1868 7788//1866
f 2124//1869 2125//1870 7788//1866
f 7788//1866 2125//1870 2126//1871
f 2126//1871 2127//1872 7788//1866
f 7788//1866 2127//1872 7608//1873
f 2121//1874 2128//1875 7690//1875
f 2129//1876 2130//1877 2131//1878
f 2131//1878 2130//1877 2132//1879
f 2132//1879 2133//1880 2131//1878
f 2131//1878 2133//1880 2134//1881
f 2131//1878 2134//1881 2135//1882
f 2135//1882 2134//1881 2136//1883
f 2135//1882 2136//1883 2137//1884
f 2129//1876 2131//1878 2138//1885
f 2138//1885 2131//1878 2139//1886
f 2138//1885 2139//1886 2140//1887
f 2067//1812 2141//1888 2068//1813
f 2068//1813 2141//1888 2142//1889
f 2068//1813 2142//1889 2139//1886
f 2139//1886 2142//1889 2143//1890
f 2139//1886 2143//1890 2140//1887
f 2066//1811 2068//1813 2144//1891
f 2144//1891 2068//1813 2145//1892
f 2144//1891 2145//1892 2146//1893
f 2146//1893 2145//1892 2147//1894
f 2147//1894 2145//1892 2148//1895
f 2147//1894 2148//1895 2149//1896
f 2079//1824 2150//1897 2078//1823
f 2078//1823 2150//1897 2151//1898
f 2078//1823 2151//1898 2148//1895
f 2148//1895 2151//1898 2152//1899
f 2148//1895 2152//1899 2149//1896
f 2070//1815 2076//1821 2071//1816
f 2071//1816 2076//1821 2078//1823
f 2071//1816 2078//1823 2153//1900
f 2153//1900 2078//1823 2148//1895
f 2153//1900 2148//1895 2154//1901
f 2154//1901 2148//1895 2145//1892
f 2154//1901 2145//1892 2155//1902
f 2155//1902 2145//1892 2068//1813
f 2155//1902 2068//1813 2156//1903
f 2156//1903 2068//1813 2139//1886
f 2156//1903 2139//1886 2157//1904
f 2157//1904 2139//1886 2131//1878
f 2157//1904 2131//1878 7788//1866
f 7788//1866 2131//1878 2135//1882
f 7788//1866 2135//1882 2124//1869
f 2124//1869 2135//1882 2137//1884
f 2085//1830 2081//1826 2084//1829
f 2084//1829 2081//1826 2071//1816
f 2084//1829 2071//1816 2090//1835
f 2090//1835 2071//1816 2153//1900
f 2090//1835 2153//1900 2093//1838
f 2093//1838 2153//1900 2154//1901
f 2093//1838 2154//1901 2100//1845
f 2100//1845 2154//1901 2155//1902
f 2100//1845 2155//1902 2102//1847
f 2102//1847 2155//1902 2156//1903
f 2102//1847 2156//1903 2105//1850
f 2105//1850 2156//1903 2157//1904
f 2105//1850 2157//1904 2110//1855
f 2110//1855 2157//1904 7788//1866
f 2110//1855 7788//1866 2116//1861
f 2116//1861 7788//1866 2123//1868
f 2158//1905 2159//1906 2160//1907
f 2161//1908 2162//1909 2163//1910
f 2164//1911 2165//1912 2166//1913
f 2166//1913 2165//1912 2167//1914
f 2166//1913 2167//1914 2168//1915
f 2169//1916 2167//1914 2170//1917
f 2170//1917 2167//1914 2171//1918
f 2169//1916 2172//1919 2167//1914
f 2167//1914 2172//1919 2173//1920
f 2167//1914 2173//1920 2168//1915
f 2174//1921 2175//1922 2176//1923
f 2176//1923 2175//1922 2177//1924
f 2177//1924 2178//1925 2176//1923
f 2176//1923 2178//1925 2179//1926
f 2176//1923 2179//1926 2180//1927
f 2181//1928 2182//1929 2183//1930
f 2183//1930 2182//1929 2184//1931
f 2183//1930 2184//1931 2176//1923
f 2176//1923 2184//1931 2185//1932
f 2176//1923 2185//1932 2174//1921
f 2186//1933 2181//1928 2187//1934
f 2187//1934 2181//1928 2183//1930
f 2187//1934 2183//1930 2188//1935
f 2188//1935 2183//1930 2163//1910
f 2162//1909 2189//1936 2163//1910
f 2163//1910 2189//1936 2190//1937
f 2163//1910 2190//1937 2188//1935
f 2191//1938 2192//1939 2193//1940
f 2193//1940 2192//1939 2194//1941
f 2193//1940 2194//1941 2195//1942
f 2195//1942 2196//1943 2193//1940
f 2193//1940 2196//1943 2197//1944
f 2193//1940 2197//1944 2161//1908
f 2198//1945 2199//1946 2200//1947
f 2199//1946 2198//1945 2201//1948
f 2201//1948 2198//1945 2202//1949
f 2201//1948 2202//1949 2203//1950
f 2204//1951 2205//1952 2206//1953
f 2206//1953 2205//1952 2207//1954
f 2206//1953 2207//1954 2202//1949
f 2202//1949 2207//1954 2208//1955
f 2202//1949 2208//1955 2203//1950
f 2209//1956 2210//1957 2211//1958
f 2211//1958 2210//1957 2212//1959
f 2211//1958 2212//1959 2206//1953
f 2206//1953 2212//1959 2213//1960
f 2206//1953 2213//1960 2204//1951
f 2209//1956 2211//1958 2214//1961
f 2214//1961 2211//1958 2215//1962
f 2214//1961 2215//1962 2216//1963
f 2216//1963 2215//1962 2217//1964
f 2216//1963 2217//1964 2218//1965
f 2219//1966 2220//1967 2221//1968
f 2221//1968 2220//1967 2222//1969
f 2221//1968 2222//1969 2217//1964
f 2217//1964 2222//1969 2223//1970
f 2217//1964 2223//1970 2218//1965
f 2219//1966 2221//1968 2224//1971
f 2224//1971 2221//1968 2225//1972
f 2224//1971 2225//1972 2226//1973
f 2159//1906 2227//1974 2160//1907
f 2160//1907 2227//1974 2228//1975
f 2160//1907 2228//1975 2229//1976
f 2229//1976 2228//1975 2230//1977
f 2229//1976 2230//1977 2225//1972
f 2225//1972 2230//1977 2231//1978
f 2225//1972 2231//1978 2226//1973
f 2232//1979 2233//1980 2160//1907
f 2160//1907 2233//1980 2234//1981
f 2160//1907 2234//1981 2158//1905
f 2158//1905 2234//1981 2235//1982
f 2158//1905 2235//1982 2236//1983
f 7718//1984 2238//1985 2239//1986
f 2239//1986 2238//1985 2240//1987
f 7874//1988 2242//1989 2243//1990
f 2243//1990 2242//1989 2244//1991
f 2243//1990 2244//1991 2245//1992
f 2246//1993 2247//1994 2248//1995
f 2248//1995 2249//1996 2246//1993
f 2246//1993 2249//1996 2240//1987
f 2246//1993 2240//1987 2250//1997
f 2250//1997 2240//1987 2238//1985
f 2250//1997 2238//1985 2251//1998
f 2252//1999 2253//2000 2254//2001
f 2254//2001 2253//2000 2255//2002
f 2254//2001 2255//2002 2256//2003
f 2256//2003 2255//2002 2257//2004
f 2256//2003 2257//2004 2238//1985
f 2238//1985 2257//2004 2258//2005
f 2238//1985 2258//2005 2251//1998
f 2252//1999 2254//2001 2259//2006
f 2259//2006 2254//2001 2260//2007
f 2259//2006 2260//2007 2261//2008
f 2262//2009 2263//2010 2260//2007
f 2260//2007 2263//2010 2264//2011
f 2260//2007 2264//2011 2261//2008
f 2265//2012 2266//2013 2262//2009
f 2262//2009 2266//2013 2267//2014
f 2262//2009 2267//2014 2263//2010
f 2268//2015 2269//2016 2265//2012
f 2265//2012 2269//2016 2270//2017
f 2265//2012 2270//2017 2266//2013
f 2271//2018 2272//2019 2268//2015
f 2268//2015 2272//2019 2273//2020
f 2268//2015 2273//2020 2269//2016
f 2164//1911 2274//2021 2165//1912
f 2165//1912 2274//2021 2275//2022
f 2165//1912 2275//2022 2271//2018
f 2271//2018 2275//2022 2276//2023
f 2271//2018 2276//2023 2272//2019
f 2245//1992 2232//1979 2243//1990
f 2243//1990 2232//1979 2160//1907
f 2243//1990 2160//1907 2277//2024
f 2277//2024 2160//1907 2229//1976
f 2277//2024 2229//1976 2278//2025
f 2278//2025 2229//1976 2225//1972
f 2278//2025 2225//1972 2279//2026
f 2279//2026 2225//1972 2221//1968
f 2279//2026 2221//1968 2280//2027
f 2280//2027 2221//1968 2217//1964
f 2280//2027 2217//1964 2281//2028
f 2281//2028 2217//1964 2215//1962
f 2281//2028 2215//1962 2282//2029
f 2282//2029 2215//1962 2211//1958
f 2282//2029 2211//1958 2283//2030
f 2283//2030 2211//1958 2206//1953
f 2283//2030 2206//1953 2284//2031
f 2284//2031 2206//1953 2202//1949
f 2284//2031 2202//1949 2285//2032
f 2285//2032 2202//1949 2198//1945
f 2161//1908 2163//1910 2193//1940
f 2193//1940 2163//1910 2183//1930
f 2193//1940 2183//1930 2286//2033
f 2286//2033 2183//1930 2176//1923
f 2286//2033 2176//1923 2167//1914
f 2167//1914 2176//1923 2180//1927
f 2167//1914 2180//1927 2171//1918
f 7718//1984 7874//1988 2238//1985
f 2238//1985 7874//1988 2243//1990
f 2238//1985 2243//1990 2256//2003
f 2256//2003 2243//1990 2277//2024
f 2256//2003 2277//2024 2254//2001
f 2254//2001 2277//2024 2278//2025
f 2254//2001 2278//2025 2260//2007
f 2260//2007 2278//2025 2279//2026
f 2260//2007 2279//2026 2262//2009
f 2262//2009 2279//2026 2280//2027
f 2262//2009 2280//2027 2265//2012
f 2265//2012 2280//2027 2281//2028
f 2265//2012 2281//2028 2268//2015
f 2268//2015 2281//2028 2282//2029
f 2268//2015 2282//2029 2271//2018
f 2271//2018 2282//2029 2283//2030
f 2271//2018 2283//2030 2165//1912
f 2165//1912 2283//2030 2284//2031
f 2165//1912 2284//2031 2167//1914
f 2167//1914 2284//2031 2285//2032
f 2167//1914 2285//2032 2286//2033
f 2286//2033 2285//2032 2198//1945
f 2286//2033 2198//1945 2193//1940
f 2193//1940 2198//1945 2200//1947
f 2193//1940 2200//1947 2191//1938
f 2287//2034 2288//2035 2289//2036
f 2290//2037 2291//2038 2292//2039
f 2293//2040 2294//2041 2295//2042
f 2296//2043 2297//2044 2298//2045
f 2298//2045 2297//2044 2299//2046
f 2300//2047 2301//2048 2302//2049
f 2302//2049 2301//2048 2303//2050
f 2302//2049 2303//2050 2304//2051
f 2304//2051 2303//2050 2298//2045
f 2304//2051 2298//2045 2305//2052
f 2305//2052 2298//2045 2299//2046
f 2306//2053 2307//2054 2308//2055
f 2308//2055 2307//2054 2309//2056
f 2308//2055 2309//2056 2310//2057
f 2311//2058 2312//2059 2313//2060
f 2313//2060 2312//2059 2294//2041
f 2294//2041 2312//2059 2295//2042
f 2295//2042 2312//2059 2314//2061
f 2295//2042 2314//2061 2315//2062
f 2293//2040 2295//2042 2316//2063
f 2316//2063 2295//2042 2317//2064
f 2316//2063 2317//2064 2318//2065
f 2318//2065 2317//2064 2319//2066
f 2319//2066 2317//2064 2320//2067
f 2319//2066 2320//2067 2321//2068
f 2321//2068 2320//2067 2322//2069
f 2322//2069 2320//2067 2323//2070
f 2322//2069 2323//2070 2324//2071
f 2325//2072 2326//2073 2327//2074
f 2327//2074 2326//2073 2328//2075
f 2327//2074 2328//2075 2323//2070
f 2323//2070 2328//2075 2329//2076
f 2323//2070 2329//2076 2324//2071
f 2325//2072 2327//2074 2330//2077
f 2330//2077 2327//2074 2331//2078
f 2330//2077 2331//2078 2332//2079
f 2332//2079 2331//2078 2333//2080
f 2333//2080 2331//2078 2334//2081
f 2333//2080 2334//2081 2335//2082
f 2336//2083 2337//2084 2338//2085
f 2338//2085 2337//2084 2339//2086
f 2338//2085 2339//2086 2340//2087
f 2340//2087 2339//2086 2341//2088
f 2340//2087 2341//2088 2334//2081
f 2334//2081 2341//2088 2342//2089
f 2334//2081 2342//2089 2335//2082
f 2343//2090 2344//2091 2345//2092
f 2345//2092 2344//2091 2346//2093
f 2345//2092 2346//2093 2338//2085
f 2338//2085 2346//2093 2347//2094
f 2338//2085 2347//2094 2336//2083
f 2343//2090 2345//2092 2348//2095
f 2348//2095 2345//2092 2349//2096
f 2348//2095 2349//2096 2350//2097
f 2351//2098 2352//2099 2349//2096
f 2352//2099 2353//2100 2349//2096
f 2349//2096 2353//2100 2354//2101
f 2349//2096 2354//2101 2350//2097
f 2355//2102 2356//2103 2357//2104
f 2357//2104 2356//2103 2358//2105
f 2357//2104 2358//2105 2359//2106
f 2359//2106 2360//2107 2357//2104
f 2357//2104 2360//2107 2361//2108
f 2357//2104 2361//2108 2349//2096
f 2349//2096 2361//2108 2362//2109
f 2349//2096 2362//2109 2351//2098
f 2363//2110 2364//2111 2365//2112
f 2366//2113 2367//2114 2363//2110
f 2363//2110 2367//2114 2368//2115
f 2369//2116 2364//2111 2370//2117
f 2370//2117 2364//2111 2363//2110
f 2370//2117 2363//2110 2371//2118
f 2371//2118 2363//2110 2368//2115
f 2288//2035 2372//2119 2289//2036
f 2289//2036 2372//2119 2373//2120
f 2289//2036 2373//2120 2374//2121
f 2375//2122 2376//2123 2377//2124
f 2375//2122 2377//2124 2289//2036
f 2289//2036 2377//2124 2378//2125
f 2289//2036 2378//2125 2287//2034
f 2379//2126 2380//2127 2375//2122
f 2375//2122 2380//2127 2381//2128
f 2375//2122 2381//2128 2376//2123
f 2382//2129 2383//2130 2379//2126
f 2379//2126 2383//2130 2384//2131
f 2379//2126 2384//2131 2380//2127
f 2385//2132 2386//2133 2382//2129
f 2382//2129 2386//2133 2387//2134
f 2382//2129 2387//2134 2383//2130
f 2388//2135 2389//2136 2385//2132
f 2385//2132 2389//2136 2390//2137
f 2385//2132 2390//2137 2386//2133
f 2391//2138 2392//2139 2393//2140
f 2393//2140 2392//2139 2394//2141
f 2393//2140 2394//2141 2388//2135
f 2388//2135 2394//2141 2395//2142
f 2388//2135 2395//2142 2389//2136
f 2391//2138 2393//2140 2396//2143
f 2396//2143 2393//2140 2397//2144
f 2396//2143 2397//2144 2398//2145
f 2399//2146 2400//2147 2397//2144
f 2397//2144 2400//2147 2401//2145
f 2397//2144 2401//2145 2398//2145
f 2303//2050 2402//2148 2298//2045
f 2298//2045 2402//2148 2403//2149
f 2298//2045 2403//2149 2399//2146
f 2399//2146 2403//2149 2404//2150
f 2399//2146 2404//2150 2400//2147
f 2374//2121 2366//2113 2289//2036
f 2289//2036 2366//2113 2363//2110
f 2289//2036 2363//2110 2292//2039
f 2292//2039 2363//2110 2365//2112
f 2292//2039 2365//2112 2290//2037
f 2310//2057 2296//2043 2308//2055
f 2308//2055 2296//2043 2298//2045
f 2308//2055 2298//2045 2405//2151
f 2405//2151 2298//2045 2399//2146
f 2405//2151 2399//2146 2406//2152
f 2406//2152 2399//2146 2397//2144
f 2406//2152 2397//2144 2407//2153
f 2407//2153 2397//2144 2393//2140
f 2407//2153 2393//2140 2408//2154
f 2408//2154 2393//2140 2388//2135
f 2408//2154 2388//2135 2409//2155
f 2409//2155 2388//2135 2385//2132
f 2409//2155 2385//2132 2410//2156
f 2410//2156 2385//2132 2382//2129
f 2410//2156 2382//2129 2411//2157
f 2411//2157 2382//2129 2379//2126
f 2411//2157 2379//2126 2412//2158
f 2412//2158 2379//2126 2375//2122
f 2412//2158 2375//2122 2413//2159
f 2413//2159 2375//2122 2289//2036
f 2413//2159 2289//2036 2414//2160
f 2414//2160 2289//2036 2292//2039
f 2315//2062 2306//2053 2295//2042
f 2295//2042 2306//2053 2308//2055
f 2295//2042 2308//2055 2317//2064
f 2317//2064 2308//2055 2405//2151
f 2317//2064 2405//2151 2320//2067
f 2320//2067 2405//2151 2406//2152
f 2320//2067 2406//2152 2323//2070
f 2323//2070 2406//2152 2407//2153
f 2323//2070 2407//2153 2327//2074
f 2327//2074 2407//2153 2408//2154
f 2327//2074 2408//2154 2331//2078
f 2331//2078 2408//2154 2409//2155
f 2331//2078 2409//2155 2334//2081
f 2334//2081 2409//2155 2410//2156
f 2334//2081 2410//2156 2340//2087
f 2340//2087 2410//2156 2411//2157
f 2340//2087 2411//2157 2338//2085
f 2338//2085 2411//2157 2412//2158
f 2338//2085 2412//2158 2345//2092
f 2345//2092 2412//2158 2413//2159
f 2345//2092 2413//2159 2349//2096
f 2349//2096 2413//2159 2414//2160
f 2349//2096 2414//2160 2357//2104
f 2357//2104 2414//2160 2292//2039
f 2357//2104 2292//2039 2355//2102
f 2355//2102 2292//2039 2291//2038
s 0
f 2415//2161 2416//2161 2417//2161
f 2418//2161 2419//2161 2420//2161
f 2415//2161 2421//2161 2416//2161
f 2416//2161 2421//2161 2422//2161
f 2416//2161 2422//2161 2423//2161
f 2424//2162 2425//2162 2426//2162
f 2427//2161 2428//2161 2416//2161
f 2429//2161 2430//2161 2431//2161
f 2432//2161 2433//2161 2426//2161
f 2428//2161 2434//2161 2416//2161
f 2416//2161 2434//2161 2435//2161
f 2416//2161 2435//2161 2436//2161
f 2437//2161 2420//2161 2438//2161
f 2438//2161 2420//2161 2439//2161
f 2431//2161 2430//2161 2440//2161
f 2417//2161 2441//2161 2415//2161
f 2415//2161 2441//2161 2426//2161
f 2415//2161 2426//2161 2442//2161
f 2442//2161 2426//2161 2433//2161
f 2423//2161 2443//2161 2416//2161
f 2416//2161 2443//2161 2444//2161
f 2416//2161 2444//2161 2445//2161
f 2446//2161 2447//2161 2448//2161
f 2448//2161 2447//2161 2449//2161
f 2426//2161 2450//2161 2420//2161
f 2420//2161 2450//2161 2451//2161
f 2420//2161 2451//2161 2439//2161
f 2420//2161 2452//2161 2426//2161
f 2426//2161 2452//2161 2453//2161
f 2426//2161 2453//2161 2454//2161
f 2454//2161 2455//2161 2426//2161
f 2426//2161 2455//2161 2456//2161
f 2426//2161 2456//2161 2457//2161
f 2457//2161 2458//2161 2426//2161
f 2426//2161 2458//2161 2459//2161
f 2426//2161 2459//2161 2460//2161
f 2461//2161 2462//2161 2426//2161
f 2426//2163 2462//2163 2463//2163
f 2426//2161 2463//2161 2464//2161
f 2464//2161 2465//2161 2426//2161
f 2426//2161 2465//2161 2466//2161
f 2426//2161 2466//2161 2424//2161
f 2445//2161 2467//2161 2416//2161
f 2416//2161 2467//2161 2468//2161
f 2416//2161 2468//2161 2427//2161
f 2182//2161 2416//2161 2184//2161
f 2184//2161 2416//2161 2185//2161
f 2182//2161 2181//2161 2416//2161
f 2416//2161 2181//2161 2186//2161
f 2416//2161 2186//2161 2469//2161
f 2470//2161 2471//2161 2416//2161
f 2416//2161 2471//2161 2472//2161
f 2473//2161 2474//2161 2416//2161
f 2416//2161 2474//2161 2475//2161
f 2416//2161 2475//2161 2476//2161
f 2477//2164 2478//2164 2449//2164
f 2446//2161 2479//2161 2447//2161
f 2447//2161 2479//2161 2480//2161
f 2447//2161 2480//2161 2416//2161
f 2420//2161 2481//2161 2482//2161
f 2364//2161 2369//2161 2420//2161
f 2420//2161 2369//2161 2483//2161
f 2420//2161 2483//2161 2484//2161
f 2484//2161 2485//2161 2420//2161
f 2420//2161 2485//2161 2486//2161
f 2420//2161 2486//2161 2487//2161
f 2440//2161 2430//2161 2488//2161
f 2488//2161 2430//2161 2489//2161
f 2488//2161 2489//2161 2490//2161
f 2490//2161 2491//2161 2488//2161
f 2488//2162 2491//2162 2492//2162
f 2488//2161 2492//2161 2493//2161
f 2487//2161 2494//2161 2420//2161
f 2420//2161 2494//2161 2488//2161
f 2420//2161 2488//2161 2495//2161
f 2495//2161 2488//2161 2493//2161
f 2460//2161 2496//2161 2426//2161
f 2426//2161 2496//2161 2497//2161
f 2426//2161 2497//2161 2461//2161
f 2425//2161 2498//2161 2426//2161
f 2426//2161 2498//2161 2499//2161
f 2426//2161 2499//2161 2500//2161
f 2436//2161 2501//2161 2416//2161
f 2416//2161 2501//2161 2174//2161
f 2416//2161 2174//2161 2185//2161
f 2469//2161 2502//2161 2416//2161
f 2416//2161 2502//2161 2503//2161
f 2416//2161 2503//2161 2504//2161
f 2416//2165 2505//2165 2506//2165
f 2507//2161 2416//2161 2508//2161
f 2508//2161 2416//2161 2509//2161
f 2472//2161 2510//2161 2416//2161
f 2416//2161 2510//2161 2511//2161
f 2416//2161 2511//2161 2473//2161
f 2476//2161 2512//2161 2416//2161
f 2416//2161 2512//2161 2513//2161
f 2416//2161 2513//2161 2447//2161
f 2447//2161 2514//2161 2449//2161
f 2449//2164 2514//2164 2515//2164
f 2449//2161 2515//2161 2516//2161
f 2482//2161 2517//2161 2420//2161
f 2420//2161 2517//2161 2518//2161
f 2420//2161 2518//2161 2418//2161
f 2419//2161 2519//2161 2420//2161
f 2420//2161 2519//2161 2355//2161
f 2420//2161 2355//2161 2291//2161
f 2291//2164 2290//2164 2420//2164
f 2420//2161 2290//2161 2365//2161
f 2420//2161 2365//2161 2364//2161
f 2520//2161 2521//2161 2431//2161
f 2431//2161 2521//2161 2522//2161
f 2431//2161 2522//2161 2429//2161
f 2500//2161 2523//2161 2426//2161
f 2426//2161 2523//2161 2524//2161
f 2426//2161 2524//2161 2525//2161
f 2504//2161 2526//2161 2416//2161
f 2416//2161 2526//2161 2527//2161
f 2416//2166 2527//2166 2505//2166
f 2506//2161 2528//2161 2416//2161
f 2416//2161 2528//2161 2529//2161
f 2416//2161 2529//2161 2509//2161
f 2507//2161 2530//2161 2416//2161
f 2416//2161 2530//2161 2531//2161
f 2416//2161 2531//2161 2532//2161
f 2516//2161 2533//2161 2449//2161
f 2449//2161 2533//2161 2534//2161
f 2449//2161 2534//2161 2535//2161
f 2478//2164 2536//2164 2449//2164
f 2449//2164 2536//2164 2537//2164
f 2449//2161 2537//2161 2538//2161
f 2538//2164 2539//2164 2449//2164
f 2449//2167 2539//2167 2540//2167
f 2449//2161 2540//2161 2541//2161
f 2437//2161 2542//2161 2420//2161
f 2420//2161 2542//2161 2543//2161
f 2420//2161 2543//2161 2544//2161
f 2544//2161 2545//2161 2420//2161
f 2420//2161 2545//2161 2546//2161
f 2420//2161 2546//2161 2547//2161
f 2532//2161 2548//2161 2416//2161
f 2416//2161 2548//2161 2549//2161
f 2416//2161 2549//2161 2470//2161
f 2550//2161 2551//2161 2449//2161
f 2449//2161 2551//2161 2552//2161
f 2449//2161 2552//2161 2477//2161
f 2547//2161 2553//2161 2420//2161
f 2420//2161 2553//2161 2554//2161
f 2420//2161 2554//2161 2555//2161
f 2555//2161 2556//2161 2420//2161
f 2420//2161 2556//2161 2557//2161
f 2420//2161 2557//2161 2481//2161
f 2521//2161 2558//2161 2522//2161
f 2522//2168 2558//2168 2559//2168
f 2522//2169 2559//2169 2560//2169
f 2525//2161 2561//2161 2426//2161
f 2426//2161 2561//2161 2562//2161
f 2426//2170 2562//2170 2563//2170
f 2563//2161 2564//2161 2426//2161
f 2426//2161 2564//2161 2565//2161
f 2426//2161 2565//2161 2432//2161
f 2535//2161 2566//2161 2449//2161
f 2449//2161 2566//2161 2567//2161
f 2449//2164 2567//2164 2550//2164
f 2541//2161 2568//2161 2449//2161
f 2449//2162 2568//2162 2569//2162
f 2449//2161 2569//2161 2570//2161
f 2570//2164 2571//2164 2449//2164
f 2449//2161 2571//2161 2572//2161
f 2449//2161 2572//2161 2573//2161
f 2573//2171 2574//2171 2449//2171
f 2449//2161 2574//2161 2575//2161
f 2449//2161 2575//2161 2576//2161
f 2560//2161 2577//2161 2522//2161
f 2522//2161 2577//2161 2578//2161
f 2522//2161 2578//2161 2579//2161
f 2580//2172 2581//2172 2582//2172
f 2582//2173 2581//2173 2575//2173
f 2576//2161 2575//2161 2583//2161
f 2583//2161 2575//2161 2581//2161
f 2583//2161 2581//2161 2584//2161
s 1
f 2585//2174 2586//2175 2587//2176
f 2588//2177 2589//2178 2590//2179
f 2590//2179 2589//2178 2591//2180
f 2592//2181 2593//2182 2594//2183
f 2595//2184 2596//2185 2597//2186
f 2598//2187 2599//2188 2600//2189
f 2601//2190 2602//2191 2603//2192
f 2604//2193 2605//2194 2606//2195
f 2607//2196 2608//2197 2609//2198
f 2610//2199 2611//2200 2612//2201
f 2613//2202 2614//2203 2615//2204
f 2616//2205 2617//2206 2618//2207
f 2619//2208 2620//2209 2621//2210
f 2622//2211 2623//2212 2624//2213
f 2618//2207 2617//2206 2625//2214
f 2544//2215 2543//2216 2626//2217
f 2450//2218 2426//2219 2627//2220
f 2566//2221 2535//2222 2628//2223
f 2512//2224 2476//2225 2629//2226
f 2502//2227 2469//2228 2630//2229
f 2205//1952 2204//1951 2631//2230
f 2212//1959 2210//1957 2632//2231
f 2230//1977 2228//1975 2633//2232
f 2247//1994 2246//1993 2634//2233
f 2250//1997 2251//1998 2635//2234
f 2258//2005 2257//2004 2636//2235
f 2253//2000 2252//1999 2637//2236
f 2261//2008 2264//2011 2638//2237
f 2267//2014 2266//2013 2639//2238
f 2170//1917 2171//1918 2640//2239
f 2461//2240 2497//2241 2641//2242
f 2454//2243 2453//2244 2642//2245
f 2579//2246 2578//2247 2643//2248
f 2367//2114 2366//2113 2644//2249
f 2373//2120 2372//2119 2645//2250
f 2287//2034 2378//2125 2646//2251
f 2390//2137 2389//2136 2647//2252
f 2400//2147 2404//2150 2648//2253
f 2403//2149 2402//2148 2649//2254
f 2306//2053 2650//2255 2651//2256
f 2333//2080 2335//2082 2652//2257
f 2356//2103 2355//2102 2519//2258
f 2653//2259 2654//2260 2655//2261
f 2656//2262 2657//2263 2658//2264
f 2659//2265 2660//2266 2661//2267
f 2662//2268 2663//2269 2664//2270
f 2151//1898 2665//2271 2666//2272
f 2081//1826 2667//2273 2668//2274
f 2669//2275 2670//2276 2088//1833
f 2081//1826 2085//1830 2667//2273
f 2667//2273 2085//1830 2083//1828
f 2667//2273 2083//1828 2670//2276
f 2670//2276 2083//1828 2082//1827
f 2670//2276 2082//1827 2088//1833
f 2076//1821 2070//1815 2668//2274
f 2668//2274 2070//1815 2069//1814
f 2668//2274 2069//1814 2081//1826
f 2076//1821 2668//2274 2077//1822
f 2077//1822 2668//2274 2671//2277
f 2077//1822 2671//2277 2080//1825
f 2080//1825 2671//2277 2672//2278
f 2080//1825 2672//2278 2075//1820
f 2673//2279 2072//1817 2672//2278
f 2672//2278 2072//1817 2074//1819
f 2672//2278 2074//1819 2075//1820
f 2151//1898 2150//1897 2665//2271
f 2665//2271 2150//1897 2079//1824
f 2665//2271 2079//1824 2073//1818
f 2674//2280 2149//1896 2152//1899
f 2067//1812 2066//1811 2675//2281
f 2675//2281 2066//1811 2144//1891
f 2144//1891 2146//1893 2674//2280
f 2674//2280 2146//1893 2147//1894
f 2674//2280 2147//1894 2149//1896
f 2143//1890 2142//1889 2676//2282
f 2676//2282 2142//1889 2675//2281
f 2675//2281 2142//1889 2141//1888
f 2675//2281 2141//1888 2067//1812
s 0
f 2136//2283 2134//2283 2677//2283
f 2677//2284 2134//2284 2133//2284
s 1
f 2677//2285 2133//1880 2678//2286
f 2678//2286 2133//1880 2132//1879
f 2678//2286 2132//1879 2130//1877
f 2130//1877 2129//1876 2678//2286
f 2678//2286 2129//1876 2138//1885
f 2678//2286 2138//1885 2676//2282
f 2676//2282 2138//1885 2140//1887
f 2676//2282 2140//1887 2143//1890
f 7689//1875 7607//1875 2679//2287
f 7609//2288 7608//1873 2127//1872
f 7609//2288 2127//1872 2680//2289
f 2680//2289 2127//1872 2126//1871
f 2126//1871 2125//1870 2680//2289
f 2680//2289 2125//1870 2124//1869
f 2680//2289 2124//1869 2137//1884
f 2112//1857 2111//1856 2681//2290
f 2681//2290 2111//1856 2118//1863
f 2681//2290 2118//1863 2117//1862
f 2117//1862 2116//1861 2681//2290
f 2681//2290 2116//1861 2123//1868
f 2681//2290 2123//1868 7609//2288
f 7609//2288 2123//1868 2122//1867
f 7609//2288 2122//1867 2119//1864
f 2106//1851 2682//2291 2683//2292
f 2113//1858 2684//2293 2114//1859
f 2114//1859 2684//2293 2682//2291
f 2114//1859 2682//2291 2115//1860
f 2115//1860 2682//2291 2106//1851
f 2109//1854 2108//1853 2683//2292
f 2683//2292 2108//1853 2107//1852
f 2683//2292 2107//1852 2106//1851
f 2099//1844 2101//1846 2612//2201
f 2612//2201 2101//1846 2104//1849
f 2612//2201 2104//1849 2683//2292
f 2683//2292 2104//1849 2103//1848
f 2683//2292 2103//1848 2109//1854
f 2096//1841 2095//1840 2611//2200
f 2611//2200 2095//1840 2612//2201
f 2612//2201 2095//1840 2094//1839
f 2612//2201 2094//1839 2099//1844
f 7610//1836 2098//1843 2611//2200
f 2611//2200 2098//1843 2097//1842
f 2611//2200 2097//1842 2096//1841
s 0
f 7712//2294 2087//2295 7821//2296
f 7821//2297 2087//2298 2086//2299
s 1
f 2686//2300 2687//2301 2688//2302
f 2688//2302 2687//2301 2689//2303
f 2690//2304 2691//2305 2692//2306
f 2690//2304 2692//2306 2688//2302
f 2688//2302 2692//2306 2693//2307
f 2688//2302 2693//2307 2686//2300
f 2691//2305 2690//2304 2694//2308
f 2694//2308 2690//2304 2695//2309
f 2694//2308 2695//2309 2696//2310
f 2696//2310 2695//2309 2697//2311
f 2697//2311 2695//2309 2698//2312
f 2697//2311 2698//2312 2699//2313
f 2700//2314 2701//2315 2698//2312
f 2698//2312 2701//2315 2702//2316
f 2698//2312 2702//2316 2699//2313
f 2703//2317 2704//2318 2700//2314
f 2700//2314 2704//2318 2705//2319
f 2700//2314 2705//2319 2701//2315
f 2662//2268 2706//2320 2663//2269
f 2663//2269 2706//2320 2707//2321
f 2663//2269 2707//2321 2703//2317
f 2703//2317 2707//2321 2708//2322
f 2703//2317 2708//2322 2704//2318
f 2709//2323 2710//2324 2664//2270
f 2664//2270 2710//2324 2711//2325
f 2664//2270 2711//2325 2662//2268
f 2712//2326 2713//2327 2709//2323
f 2709//2323 2713//2327 2714//2328
f 2709//2323 2714//2328 2710//2324
f 2712//2326 2709//2323 2715//2329
f 2715//2329 2709//2323 2716//2330
f 2715//2329 2716//2330 2717//2331
f 2717//2331 2716//2330 2718//2332
f 2717//2331 2718//2332 2719//2333
f 2719//2333 2718//2332 2720//2334
f 2720//2334 2718//2332 2721//2335
f 2720//2334 2721//2335 2722//2336
f 2723//2337 2724//2338 2725//2339
f 2725//2339 2724//2338 2726//2340
f 2725//2339 2726//2340 2721//2335
f 2721//2335 2726//2340 2727//2341
f 2721//2335 2727//2341 2722//2336
f 2728//2342 2729//2343 2723//2337
f 2723//2337 2729//2343 2730//2344
f 2723//2337 2730//2344 2724//2338
f 2728//2342 2723//2337 2731//2345
f 2731//2345 2723//2337 2732//2346
f 2731//2345 2732//2346 2733//2347
f 2733//2347 2732//2346 2734//2348
f 2733//2347 2734//2348 2735//2349
f 2735//2349 2734//2348 2736//2350
f 2736//2350 2734//2348 2737//2351
f 2736//2350 2737//2351 2738//2352
f 2739//2353 2740//2354 2737//2351
f 2737//2351 2740//2354 2741//2355
f 2737//2351 2741//2355 2738//2352
f 2742//2356 2743//2357 2739//2353
f 2739//2353 2743//2357 2744//2358
f 2739//2353 2744//2358 2740//2354
f 2745//2359 2746//2360 2742//2356
f 2742//2356 2746//2360 2747//2361
f 2742//2356 2747//2361 2743//2357
f 2748//2362 2749//2363 2745//2359
f 2745//2359 2749//2363 2750//2364
f 2745//2359 2750//2364 2746//2360
f 2751//2365 2752//2366 2753//2367
f 2753//2367 2752//2366 2754//2368
f 2753//2367 2754//2368 2748//2362
f 2748//2362 2754//2368 2755//2369
f 2748//2362 2755//2369 2749//2363
f 2751//2365 2753//2367 2756//2370
f 2756//2370 2753//2367 2757//2371
f 2756//2370 2757//2371 2758//2372
f 2758//2372 2757//2371 2759//2373
f 2759//2373 2757//2371 2760//2374
f 2759//2373 2760//2374 2761//2375
f 2761//2375 2760//2374 2762//2376
f 2762//2376 2760//2374 2763//2377
f 2762//2376 2763//2377 2764//2378
f 2764//2378 2763//2377 2765//2379
f 2765//2379 2763//2377 2766//2380
f 2765//2379 2766//2380 2767//2381
f 2767//2381 2766//2380 2768//2382
f 2768//2382 2766//2380 2769//2383
f 2768//2382 2769//2383 2770//2384
f 2771//2385 2772//2386 2773//2387
f 2773//2387 2772//2386 2774//2388
f 2773//2387 2774//2388 2769//2383
f 2769//2383 2774//2388 2775//2389
f 2769//2383 2775//2389 2770//2384
f 2776//2390 2777//2391 2778//2392
f 2778//2392 2777//2391 2779//2393
f 2778//2392 2779//2393 2780//2394
f 2781//2395 2782//2396 2783//2397
f 2783//2397 2782//2396 2784//2398
f 2783//2397 2784//2398 2779//2393
f 2779//2393 2784//2398 2785//2399
f 2779//2393 2785//2399 2780//2394
f 2786//2400 2787//2401 2781//2395
f 2781//2395 2787//2401 2788//2402
f 2781//2395 2788//2402 2782//2396
f 2786//2400 2781//2395 2789//2403
f 2789//2403 2781//2395 2790//2404
f 2789//2403 2790//2404 2791//2405
f 2791//2405 2790//2404 2792//2406
f 2791//2405 2792//2406 2793//2407
f 2793//2407 2792//2406 2794//2408
f 2794//2408 2792//2406 2795//2409
f 2794//2408 2795//2409 2796//2410
f 2797//2411 2798//2412 2799//2413
f 2799//2413 2798//2412 2800//2414
f 2799//2413 2800//2414 2795//2409
f 2795//2409 2800//2414 2801//2415
f 2795//2409 2801//2415 2796//2410
f 2802//2416 2803//2417 2797//2411
f 2797//2411 2803//2417 2804//2418
f 2797//2411 2804//2418 2798//2412
f 2802//2416 2797//2411 2805//2419
f 2805//2419 2797//2411 2806//2420
f 2805//2419 2806//2420 2807//2421
f 2807//2421 2806//2420 2808//2422
f 2807//2421 2808//2422 2809//2423
f 2809//2423 2808//2422 2810//2424
f 2810//2424 2808//2422 2811//2425
f 2810//2424 2811//2425 2812//2426
f 2813//2427 2814//2428 2811//2425
f 2811//2425 2814//2428 2815//2429
f 2811//2425 2815//2429 2812//2426
f 2816//2430 2817//2431 2818//2432
f 2818//2432 2817//2431 2819//2433
f 2820//2434 2821//2435 2822//2436
f 2822//2436 2821//2435 2823//2437
f 2822//2436 2823//2437 2818//2432
f 2818//2432 2823//2437 2824//2438
f 2818//2432 2824//2438 2816//2430
f 2825//2439 2826//2440 2827//2441
f 2827//2441 2826//2440 2828//2442
f 2827//2441 2828//2442 2820//2434
f 2820//2434 2828//2442 2829//2443
f 2820//2434 2829//2443 2821//2435
f 2825//2439 2827//2441 2830//2444
f 2830//2444 2827//2441 2831//2445
f 2830//2444 2831//2445 2832//2446
f 2832//2446 2831//2445 2833//2447
f 2832//2446 2833//2447 2834//2448
f 2835//2449 2836//2450 2833//2447
f 2833//2447 2836//2450 2837//2451
f 2833//2447 2837//2451 2834//2448
f 2838//2452 2839//2453 2835//2449
f 2835//2449 2839//2453 2840//2454
f 2835//2449 2840//2454 2836//2450
f 2841//2455 2842//2456 2843//2457
f 2843//2457 2842//2456 2844//2458
f 2843//2457 2844//2458 2838//2452
f 2838//2452 2844//2458 2845//2459
f 2838//2452 2845//2459 2839//2453
f 2841//2455 2843//2457 2846//2460
f 2846//2460 2843//2457 2847//2461
f 2846//2460 2847//2461 2848//2462
f 2848//2462 2847//2461 2849//2463
f 2848//2462 2849//2463 2850//2464
f 2850//2464 2849//2463 2851//2465
f 2851//2465 2849//2463 2852//2466
f 2851//2465 2852//2466 2853//2467
f 2854//2468 2855//2469 2852//2466
f 2852//2466 2855//2469 2856//2470
f 2852//2466 2856//2470 2853//2467
f 2857//2471 2858//2472 2859//2473
f 2859//2473 2858//2472 2860//2474
f 2859//2473 2860//2474 2854//2468
f 2854//2468 2860//2474 2861//2475
f 2854//2468 2861//2475 2855//2469
f 2857//2471 2859//2473 2862//2476
f 2862//2476 2859//2473 2863//2477
f 2862//2476 2863//2477 2864//2478
f 2864//2478 2863//2477 2865//2479
f 2864//2478 2865//2479 2866//2480
f 2866//2480 2865//2479 2867//2481
f 2867//2481 2865//2479 2868//2482
f 2867//2481 2868//2482 2869//2483
f 2870//2484 2871//2485 2868//2482
f 2868//2482 2871//2485 2872//2486
f 2868//2482 2872//2486 2869//2483
f 2873//2487 2874//2488 2875//2489
f 2875//2489 2874//2488 2876//2490
f 2875//2489 2876//2490 2870//2484
f 2870//2484 2876//2490 2877//2491
f 2870//2484 2877//2491 2871//2485
f 2878//2492 2879//2493 2880//2494
f 2880//2494 2879//2493 2881//2495
f 2880//2494 2881//2495 2875//2489
f 2875//2489 2881//2495 2882//2496
f 2875//2489 2882//2496 2873//2487
f 2883//2497 2884//2498 2885//2499
f 2885//2499 2884//2498 2886//2500
f 2885//2499 2886//2500 2878//2492
f 2878//2492 2886//2500 2887//2501
f 2878//2492 2887//2501 2879//2493
f 2888//2502 2889//2503 2883//2497
f 2883//2497 2889//2503 2890//2504
f 2883//2497 2890//2504 2884//2498
f 2891//2505 2892//2506 2888//2502
f 2888//2502 2892//2506 2893//2507
f 2893//2507 2894//2508 2888//2502
f 2888//2502 2894//2508 2895//2509
f 2888//2502 2895//2509 2889//2503
f 2896//2510 2897//2511 2898//2512
f 2898//2512 2897//2511 2899//2513
f 2898//2512 2899//2513 2900//2514
f 2900//2514 2899//2513 2901//2515
f 2900//2514 2901//2515 2891//2505
f 2891//2505 2901//2515 2902//2516
f 2891//2505 2902//2516 2892//2506
f 2896//2510 2898//2512 2903//2517
f 2903//2517 2898//2512 2904//2518
f 2903//2517 2904//2518 2905//2519
f 2905//2519 2904//2518 2906//2520
f 2906//2520 2904//2518 2907//2521
f 2906//2520 2907//2521 2908//2522
f 2908//2522 2907//2521 2909//2523
f 2909//2523 2907//2521 2910//2524
f 2909//2523 2910//2524 2911//2525
f 2911//2525 2910//2524 2912//2526
f 2912//2526 2910//2524 2913//2527
f 2912//2526 2913//2527 2914//2528
f 2915//2529 2916//2530 2917//2531
f 2917//2531 2916//2530 2918//2532
f 2917//2531 2918//2532 2919//2533
f 2915//2529 2920//2534 2916//2530
f 2916//2530 2920//2534 2921//2535
f 2916//2530 2921//2535 2913//2527
f 2913//2527 2921//2535 2922//2536
f 2913//2527 2922//2536 2914//2528
f 2919//2533 2918//2532 2923//2537
f 2923//2537 2918//2532 2924//2538
f 2923//2537 2924//2538 2925//2539
f 2925//2539 2924//2538 2926//2540
f 2925//2539 2926//2540 2927//2541
f 2928//2542 2929//2543 2930//2544
f 2930//2544 2929//2543 2931//2545
f 2930//2544 2931//2545 2932//2546
f 2932//2546 2931//2545 2933//2547
f 2932//2546 2933//2547 2926//2540
f 2926//2540 2933//2547 2934//2548
f 2926//2540 2934//2548 2927//2541
f 2661//2267 2660//2266 2935//2549
f 2660//2266 2936//2550 2935//2549
f 2935//2549 2936//2550 2937//2551
f 2935//2549 2937//2551 2930//2544
f 2930//2544 2937//2551 2938//2552
f 2930//2544 2938//2552 2928//2542
f 2659//2265 2661//2267 2939//2553
f 2939//2553 2661//2267 2940//2554
f 2939//2553 2940//2554 2941//2555
f 2941//2555 2940//2554 2942//2556
f 2942//2556 2940//2554 2943//2557
f 2942//2556 2943//2557 2944//2558
f 2944//2558 2943//2557 2945//2559
f 2945//2559 2943//2557 2946//2560
f 2945//2559 2946//2560 2947//2561
f 2948//2562 2949//2563 2950//2564
f 2950//2564 2951//2565 2948//2562
f 2948//2562 2951//2565 2952//2566
f 2948//2562 2952//2566 2946//2560
f 2946//2560 2952//2566 2953//2567
f 2946//2560 2953//2567 2947//2561
f 2954//2568 2955//2569 2956//2570
f 2954//2568 2956//2570 2957//2571
f 2956//2570 2958//2572 2957//2571
f 2957//2571 2958//2572 2959//2573
f 2957//2571 2959//2573 2949//2563
f 2949//2563 2959//2573 2960//2574
f 2949//2563 2960//2574 2950//2564
f 2955//2569 2954//2568 2961//2575
f 2961//2575 2954//2568 2962//2576
f 2961//2575 2962//2576 2963//2577
f 2963//2577 2962//2576 2964//2578
f 2964//2578 2962//2576 2965//2579
f 2964//2578 2965//2579 2966//2580
f 2966//2580 2965//2579 2967//2581
f 2967//2581 2965//2579 2968//2582
f 2967//2581 2968//2582 2969//2583
f 2970//2584 2971//2585 2972//2586
f 2972//2586 2971//2585 2973//2587
f 2972//2586 2973//2587 2968//2582
f 2968//2582 2973//2587 2974//2588
f 2968//2582 2974//2588 2969//2583
f 2970//2584 2972//2586 2975//2589
f 2975//2589 2972//2586 2976//2590
f 2975//2589 2976//2590 2977//2591
f 2977//2591 2976//2590 2978//2592
f 2977//2591 2978//2592 2979//2593
f 2979//2593 2978//2592 2980//2594
f 2980//2594 2978//2592 2981//2595
f 2980//2594 2981//2595 2982//2596
f 2983//2597 2984//2598 2985//2599
f 2985//2599 2984//2598 2986//2600
f 2985//2599 2986//2600 2987//2601
f 2987//2601 2986//2600 2988//2602
f 2987//2601 2988//2602 2981//2595
f 2981//2595 2988//2602 2989//2603
f 2981//2595 2989//2603 2982//2596
f 2658//2264 2657//2263 2985//2599
f 2985//2599 2657//2263 2990//2604
f 2985//2599 2990//2604 2983//2597
f 2656//2262 2658//2264 2991//2605
f 2991//2605 2658//2264 2992//2606
f 2991//2605 2992//2606 2993//2607
f 2993//2607 2992//2606 2994//2608
f 2993//2607 2994//2608 2995//2609
f 2996//2610 2997//2611 2998//2612
f 2998//2612 2997//2611 2999//2613
f 2998//2612 2999//2613 3000//2614
f 3000//2614 2999//2613 3001//2615
f 3000//2614 3001//2615 2994//2608
f 2994//2608 3001//2615 3002//2616
f 2994//2608 3002//2616 2995//2609
f 2655//2261 2654//2260 2998//2612
f 2998//2612 2654//2260 3003//2617
f 2998//2612 3003//2617 2996//2610
f 2653//2259 2655//2261 3004//2618
f 3004//2618 2655//2261 3005//2619
f 3004//2618 3005//2619 3006//2620
f 3006//2620 3005//2619 3007//2621
f 3006//2620 3007//2621 3008//2622
f 3009//2623 3010//2624 3011//2625
f 3011//2625 3010//2624 3012//2626
f 3011//2625 3012//2626 3013//2627
f 3013//2627 3012//2626 3014//2628
f 3013//2627 3014//2628 3007//2621
f 3007//2621 3014//2628 3015//2629
f 3007//2621 3015//2629 3008//2622
f 3009//2623 3011//2625 3016//2630
f 3016//2630 3011//2625 3017//2631
f 3016//2630 3017//2631 3018//2632
f 3019//2633 3020//2634 3021//2635
f 3021//2635 3020//2634 3022//2636
f 3021//2635 3022//2636 3017//2631
f 3017//2631 3022//2636 3023//2637
f 3017//2631 3023//2637 3018//2632
f 3024//2638 3025//2639 3019//2633
f 3019//2633 3025//2639 3026//2640
f 3019//2633 3026//2640 3020//2634
f 3027//2641 3028//2642 3029//2643
f 3029//2643 3028//2642 3030//2644
f 3029//2643 3030//2644 3024//2638
f 3024//2638 3030//2644 3031//2645
f 3024//2638 3031//2645 3025//2639
f 3027//2641 3029//2643 3032//2646
f 3032//2646 3029//2643 3033//2647
f 3032//2646 3033//2647 3034//2648
f 3035//2649 3036//2650 3037//2651
f 3037//2651 3036//2650 3038//2652
f 3037//2651 3038//2652 3033//2647
f 3033//2647 3038//2652 3039//2653
f 3033//2647 3039//2653 3034//2648
f 3040//2654 3041//2655 3035//2649
f 3035//2649 3041//2655 3042//2656
f 3035//2649 3042//2656 3036//2650
f 3043//2657 3044//2658 3045//2659
f 3045//2659 3044//2658 3046//2660
f 3045//2659 3046//2660 3040//2654
f 3040//2654 3046//2660 3047//2661
f 3040//2654 3047//2661 3041//2655
f 3043//2657 3045//2659 3048//2662
f 3048//2662 3045//2659 3049//2663
f 3048//2662 3049//2663 3050//2664
f 3051//2665 3052//2666 3053//2667
f 3053//2667 3052//2666 3054//2668
f 3053//2667 3054//2668 3055//2669
f 3055//2669 3054//2668 3056//2670
f 3055//2669 3056//2670 3049//2663
f 3049//2663 3056//2670 3057//2671
f 3049//2663 3057//2671 3050//2664
f 3051//2665 3053//2667 3058//2672
f 3058//2672 3053//2667 3059//2673
f 3058//2672 3059//2673 3060//2674
f 3060//2674 3059//2673 3061//2675
f 3060//2674 3061//2675 3062//2676
f 3062//2676 3061//2675 3063//2677
f 3063//2677 3061//2675 3064//2678
f 3063//2677 3064//2678 3065//2679
f 3066//2680 3067//2681 3068//2682
f 3068//2682 3067//2681 3069//2683
f 3068//2682 3069//2683 3064//2678
f 3064//2678 3069//2683 3070//2684
f 3064//2678 3070//2684 3065//2679
f 3066//2680 3068//2682 3071//2685
f 3071//2685 3068//2682 3072//2686
f 3071//2685 3072//2686 3073//2687
f 3073//2687 3072//2686 3074//2688
f 3073//2687 3074//2688 3075//2689
f 3076//2690 3077//2691 3074//2688
f 3074//2688 3077//2691 3078//2692
f 3074//2688 3078//2692 3075//2689
f 2687//2301 3079//2693 2689//2303
f 2689//2303 3079//2693 3080//2694
f 2689//2303 3080//2694 3081//2695
f 3081//2695 3080//2694 3082//2696
f 3081//2695 3082//2696 3076//2690
f 3076//2690 3082//2696 3083//2697
f 3076//2690 3083//2697 3077//2691
f 2481//2698 3084//2699 2482//2700
f 2482//2700 3084//2699 3085//2701
f 2482//2700 3085//2701 2517//2702
f 2517//2702 3085//2701 3086//2703
f 2517//2702 3086//2703 2518//2704
f 2518//2704 3086//2703 2418//2705
f 3087//2706 2359//2106 2358//2105
f 2418//2705 3086//2703 2419//2707
f 2419//2707 3086//2703 3087//2706
f 2419//2707 3087//2706 2519//2258
f 2519//2258 3087//2706 2358//2105
f 2519//2258 2358//2105 2356//2103
f 2362//2109 2361//2108 3087//2706
f 3087//2706 2361//2108 2360//2107
f 3087//2706 2360//2107 2359//2106
f 3088//2708 2352//2099 2351//2098
f 2350//2097 2354//2101 3089//2709
f 3089//2709 2354//2101 2353//2100
f 2352//2099 3088//2708 2353//2100
f 2353//2100 3088//2708 3090//2710
f 2353//2100 3090//2710 3089//2709
f 2346//2093 3091//2711 2347//2094
f 2347//2094 3091//2711 3092//2712
f 2347//2094 3092//2712 2336//2083
f 2346//2093 2344//2091 3091//2711
f 3091//2711 2344//2091 2343//2090
f 3091//2711 2343//2090 3089//2709
f 3089//2709 2343//2090 2348//2095
f 3089//2709 2348//2095 2350//2097
f 2342//2089 2341//2088 3093//2713
f 3093//2713 2341//2088 2339//2086
f 3093//2713 2339//2086 3092//2712
f 3092//2712 2339//2086 2337//2084
f 3092//2712 2337//2084 2336//2083
f 2328//2075 2326//2073 3094//2714
f 2326//2073 2325//2072 3094//2714
f 3094//2714 2325//2072 2330//2077
f 3094//2714 2330//2077 2332//2079
f 2322//2069 2324//2071 3095//2715
f 3095//2715 2324//2071 2329//2076
f 2293//2040 2316//2063 3096//2716
f 3096//2716 2316//2063 2318//2065
f 2319//2066 2321//2068 3097//2717
f 2311//2058 2313//2060 3098//2718
f 3098//2718 2313//2060 2294//2041
f 2306//2053 2315//2062 2650//2255
f 2650//2255 2315//2062 2314//2061
f 2650//2255 2314//2061 3099//2719
f 3099//2719 2314//2061 2312//2059
f 3099//2719 2312//2059 3100//2720
f 3101//2721 2309//2056 2651//2256
f 2651//2256 2309//2056 2307//2054
f 2651//2256 2307//2054 2306//2053
f 2297//2044 2296//2043 3101//2721
f 3101//2721 2296//2043 2310//2057
f 3101//2721 2310//2057 2309//2056
f 2304//2051 2305//2052 3102//2722
f 2304//2051 3102//2722 2302//2049
f 2302//2049 3102//2722 3103//2723
f 2302//2049 3103//2723 2300//2047
f 2300//2047 3103//2723 3104//2724
f 2300//2047 3104//2724 2301//2048
f 2396//2143 2398//2145 3105//2725
f 3105//2725 2398//2145 2401//2145
f 2395//2142 2394//2141 3106//2726
f 3106//2726 2394//2141 2392//2139
f 3106//2726 2392//2139 2391//2138
f 2390//2137 2647//2252 2386//2133
f 2384//2131 2383//2130 3107//2727
f 3107//2727 2383//2130 2387//2134
f 2377//2124 2376//2123 3108//2728
f 3108//2728 2376//2123 2381//2128
f 2287//2034 2646//2251 2288//2035
f 2373//2120 2645//2250 2374//2121
f 2370//2117 2371//2118 3109//2729
f 3109//2729 2371//2118 2368//2115
f 2483//2730 2369//2116 2370//2117
f 2483//2730 2370//2117 2484//2731
f 2484//2731 2370//2117 3109//2729
f 2484//2731 3109//2729 2485//2732
f 2485//2732 3109//2729 3110//2733
f 2485//2732 3110//2733 2486//2734
f 2486//2734 3110//2733 3111//2735
f 2486//2734 3111//2735 2487//2736
f 3112//2737 2488//2738 3111//2735
f 3111//2735 2488//2738 2494//2739
f 3111//2735 2494//2739 2487//2736
f 3113//2740 2520//2741 3114//2742
f 3114//2742 2520//2741 2431//2743
f 3114//2742 2431//2743 3112//2737
f 3112//2737 2431//2743 2440//2744
f 3112//2737 2440//2744 2488//2738
f 2560//2745 2559//2746 3115//2747
f 3115//2747 2559//2746 2558//2748
f 3115//2747 2558//2748 3113//2740
f 3113//2740 2558//2748 2521//2749
f 3113//2740 2521//2749 2520//2741
f 2643//2248 2578//2247 3115//2747
f 3115//2747 2578//2247 2577//2750
f 3115//2747 2577//2750 2560//2745
f 2579//2246 2643//2248 2522//2751
f 2522//2751 2643//2248 3116//2752
f 2522//2751 3116//2752 2429//2753
f 2429//2753 3116//2752 3117//2754
f 2429//2753 3117//2754 2430//2755
f 2430//2755 3117//2754 2489//2756
f 2489//2756 3117//2754 3118//2757
f 2489//2756 3118//2757 2490//2758
f 2490//2758 3118//2757 2491//2759
f 2491//2759 3118//2757 3119//2760
f 2491//2759 3119//2760 2492//2761
f 2492//2761 3119//2760 3120//2762
f 2492//2761 3120//2762 2493//2763
f 2642//2245 2453//2244 3121//2764
f 2453//2244 2452//2765 3121//2764
f 3121//2764 2452//2765 2420//2766
f 3121//2764 2420//2766 3120//2762
f 3120//2762 2420//2766 2495//2767
f 3120//2762 2495//2767 2493//2763
f 2454//2243 2642//2245 2455//2768
f 2455//2768 2642//2245 3122//2769
f 2455//2768 3122//2769 2456//2770
f 2456//2770 3122//2769 3123//2771
f 2456//2770 3123//2771 2457//2772
f 2457//2772 3123//2771 2458//2773
f 2458//2773 3123//2771 3124//2774
f 2458//2773 3124//2774 2459//2775
f 2459//2775 3124//2774 3125//2776
f 2459//2775 3125//2776 2460//2777
f 2641//2242 2497//2241 3125//2776
f 3125//2776 2497//2241 2496//2778
f 3125//2776 2496//2778 2460//2777
f 2461//2240 2641//2242 2462//2779
f 2462//2779 2641//2242 3126//2780
f 2462//2779 3126//2780 2463//2781
f 2463//2781 3126//2780 3127//2782
f 2463//2781 3127//2782 2464//2783
f 2464//2783 3127//2782 2465//2784
f 2465//2784 3127//2782 3128//2785
f 2465//2784 3128//2785 2466//2786
f 2466//2786 3128//2785 2424//2787
f 2424//2787 3128//2785 3129//2788
f 2424//2787 3129//2788 2425//2789
f 2425//2789 3129//2788 3130//2790
f 2425//2789 3130//2790 2498//2791
f 3131//2792 2500//2793 3130//2790
f 3130//2790 2500//2793 2499//2794
f 3130//2790 2499//2794 2498//2791
f 3132//2795 2525//2796 3133//2797
f 3133//2797 2525//2796 2524//2798
f 3133//2797 2524//2798 2523//2799
f 2564//2800 2563//2801 3134//2802
f 3134//2802 2563//2801 2562//2803
f 3134//2802 2562//2803 3132//2795
f 3132//2795 2562//2803 2561//2804
f 3132//2795 2561//2804 2525//2796
f 3135//2805 2432//2806 3134//2802
f 3134//2802 2432//2806 2565//2807
f 3134//2802 2565//2807 2564//2800
f 3136//2808 2442//2809 3135//2805
f 3135//2805 2442//2809 2433//2810
f 3135//2805 2433//2810 2432//2806
f 2422//2811 2421//2812 3136//2808
f 3136//2808 2421//2812 2415//2813
f 3136//2808 2415//2813 2442//2809
f 2467//2814 2445//2815 3137//2816
f 3137//2816 2445//2815 2444//2817
f 3137//2816 2444//2817 3138//2818
f 3138//2818 2444//2817 2443//2819
f 3138//2818 2443//2819 3136//2808
f 3136//2808 2443//2819 2423//2820
f 3136//2808 2423//2820 2422//2811
f 2467//2814 3137//2816 2468//2821
f 2468//2821 3137//2816 3139//2822
f 2468//2821 3139//2822 2427//2823
f 2427//2823 3139//2822 3140//2824
f 2427//2823 3140//2824 2428//2825
f 2428//2825 3140//2824 2434//2826
f 2434//2826 3140//2824 3141//2827
f 2434//2826 3141//2827 2435//2828
f 2435//2828 3141//2827 3142//2829
f 2435//2828 3142//2829 2436//2830
f 2180//1927 2179//1926 3142//2829
f 3142//2829 2179//1926 2178//1925
f 3142//2829 2178//1925 2436//2830
f 2436//2830 2178//1925 2177//1924
f 2436//2830 2177//1924 2501//2831
f 2501//2831 2177//1924 2175//1922
f 2501//2831 2175//1922 2174//1921
f 2170//1917 2640//2239 2169//1916
f 2173//1920 2172//1919 3143//2832
f 2173//1920 3143//2832 2168//1915
f 2164//1911 2166//1913 3144//2833
f 2276//2023 2275//2022 3145//2834
f 3145//2834 2275//2022 2274//2021
f 2270//2017 2269//2016 3146//2835
f 3146//2835 2269//2016 2273//2020
f 2267//2014 2639//2238 2263//2010
f 2261//2008 2638//2237 2259//2006
f 2253//2000 2637//2236 2255//2002
f 3147//2836 3148//2837 2248//1995
f 3149//2838 2240//1987 3148//2837
f 3148//2837 2240//1987 2249//1996
f 3148//2837 2249//1996 2248//1995
f 3150//2839 7718//1984 3149//2838
f 3149//2838 7718//1984 2239//1986
f 3149//2838 2239//1986 2240//1987
f 7719//2840 2242//1989 7874//1988
f 2242//1989 7719//2840 2244//1991
f 2244//1991 7719//2840 3152//2841
f 2244//1991 3152//2841 2245//1992
f 2245//1992 3152//2841 2232//1979
f 2232//1979 3152//2841 3153//2842
f 2232//1979 3153//2842 2233//1980
f 2233//1980 3153//2842 2234//1981
f 2234//1981 3153//2842 3154//2843
f 2234//1981 3154//2843 2235//1982
f 2235//1982 3154//2843 2236//1983
f 2236//1983 3154//2843 3155//2844
f 2236//1983 3155//2844 2158//1905
f 2227//1974 2159//1906 3156//2845
f 2230//1977 2633//2232 2231//1978
f 2219//1966 2224//1971 3157//2846
f 3157//2846 2224//1971 2226//1973
f 2223//1970 2222//1969 3158//2847
f 3158//2847 2222//1969 2220//1967
f 2209//1956 2214//1961 3159//2848
f 3159//2848 2214//1961 2216//1963
f 3159//2848 2216//1963 2218//1965
f 2212//1959 2632//2231 2213//1960
f 2201//1948 2203//1950 3160//2849
f 3160//2849 2203//1950 2208//1955
f 2205//1952 2631//2230 2207//1954
f 2191//1938 2200//1947 3161//2850
f 3161//2850 2200//1947 2199//1946
f 2161//1908 2197//1944 3162//2851
f 3162//2851 2197//1944 2196//1943
f 3162//2851 2196//1943 3163//2852
f 3163//2852 2196//1943 2195//1942
f 3163//2852 2195//1942 2194//1941
f 2630//2229 2189//1936 2162//1909
f 2186//1933 2187//1934 2469//2228
f 2469//2228 2187//1934 2188//1935
f 2469//2228 2188//1935 2630//2229
f 2630//2229 2188//1935 2190//1937
f 2630//2229 2190//1937 2189//1936
f 2502//2227 2630//2229 2503//2853
f 2503//2853 2630//2229 3164//2854
f 2503//2853 3164//2854 2504//2855
f 2529//2856 2528//2857 3165//2858
f 3165//2858 2528//2857 2506//2859
f 2506//2859 2505//2860 3165//2858
f 3165//2858 2505//2860 2527//2861
f 3165//2858 2527//2861 3164//2854
f 3164//2854 2527//2861 2526//2862
f 3164//2854 2526//2862 2504//2855
f 3166//2863 2507//2864 2508//2865
f 3166//2863 2508//2865 3165//2858
f 3165//2858 2508//2865 2509//2866
f 3165//2858 2509//2866 2529//2856
f 2507//2864 3166//2863 2530//2867
f 2530//2867 3166//2863 3167//2868
f 2530//2867 3167//2868 2531//2869
f 3168//2870 2549//2871 2548//2872
f 3168//2870 2548//2872 3167//2868
f 3167//2868 2548//2872 2532//2873
f 3167//2868 2532//2873 2531//2869
f 2549//2871 3168//2870 2470//2874
f 2470//2874 3168//2870 3169//2875
f 2470//2874 3169//2875 2471//2876
f 3170//2877 2511//2878 2510//2879
f 3170//2877 2510//2879 3169//2875
f 3169//2875 2510//2879 2472//2880
f 3169//2875 2472//2880 2471//2876
f 2511//2878 3170//2877 2473//2881
f 2473//2881 3170//2877 3171//2882
f 2473//2881 3171//2882 2474//2883
f 2629//2226 2476//2225 3171//2882
f 3171//2882 2476//2225 2475//2884
f 3171//2882 2475//2884 2474//2883
f 2512//2224 2629//2226 2513//2885
f 2513//2885 2629//2226 3172//2886
f 2513//2885 3172//2886 2447//2887
f 2447//2887 3172//2886 2514//2888
f 2514//2888 3172//2886 3173//2889
f 2514//2888 3173//2889 2515//2890
f 2515//2890 3173//2889 2516//2891
f 2516//2891 3173//2889 3174//2892
f 2516//2891 3174//2892 2533//2893
f 2628//2223 2535//2222 3174//2892
f 3174//2892 2535//2222 2534//2894
f 3174//2892 2534//2894 2533//2893
f 2566//2221 2628//2223 2567//2895
f 2567//2895 2628//2223 3175//2896
f 2567//2895 3175//2896 2550//2897
f 2550//2897 3175//2896 2551//2898
f 2551//2898 3175//2896 3176//2899
f 2551//2898 3176//2899 2552//2900
f 2552//2900 3176//2899 2477//2901
f 2477//2901 3176//2899 3177//2902
f 2477//2901 3177//2902 2478//2903
f 2478//2903 3177//2902 2536//2904
f 2536//2904 3177//2902 3178//2905
f 2536//2904 3178//2905 2537//2906
f 2537//2906 3178//2905 2538//2907
f 2538//2907 3178//2905 3179//2908
f 2538//2907 3179//2908 2539//2909
f 2539//2909 3179//2908 2540//2910
f 2540//2910 3179//2908 3180//2911
f 2540//2910 3180//2911 2541//2912
f 2541//2912 3180//2911 2568//2913
f 2568//2913 3180//2911 3181//2914
f 2568//2913 3181//2914 2569//2915
f 2569//2915 3181//2914 2570//2916
f 2570//2916 3181//2914 3182//2917
f 2570//2916 3182//2917 2571//2918
f 2571//2918 3182//2917 2572//2919
f 2572//2919 3182//2917 3183//2920
f 2572//2919 3183//2920 2573//2921
f 3184//2922 2581//2923 2580//2924
f 3184//2922 2580//2924 3185//2925
f 2580//2924 2582//2926 3185//2925
f 3185//2925 2582//2926 2575//2927
f 3185//2925 2575//2927 3183//2920
f 3183//2920 2575//2927 2574//2928
f 3183//2920 2574//2928 2573//2921
f 2581//2923 3184//2922 2584//2929
f 2584//2929 3184//2922 3186//2930
f 2584//2929 3186//2930 2583//2931
f 2583//2931 3186//2930 2576//2932
f 2576//2932 3186//2930 3187//2933
f 2576//2932 3187//2933 2449//2934
f 2449//2934 3187//2933 2448//2935
f 2448//2935 3187//2933 3188//2936
f 2448//2935 3188//2936 2446//2937
f 3189//2938 2480//2939 3188//2936
f 3188//2936 2480//2939 2479//2940
f 3188//2936 2479//2940 2446//2937
f 2627//2220 2426//2219 3190//2941
f 2426//2219 2441//2942 3190//2941
f 3190//2941 2441//2942 2417//2943
f 3190//2941 2417//2943 3189//2938
f 3189//2938 2417//2943 2416//2944
f 3189//2938 2416//2944 2480//2939
f 2450//2218 2627//2220 2451//2945
f 2451//2945 2627//2220 3191//2946
f 2451//2945 3191//2946 2439//2947
f 2626//2217 2543//2216 3192//2948
f 2543//2216 2542//2949 3192//2948
f 3192//2948 2542//2949 2437//2950
f 3192//2948 2437//2950 3191//2946
f 3191//2946 2437//2950 2438//2951
f 3191//2946 2438//2951 2439//2947
f 2544//2215 2626//2217 2545//2952
f 2545//2952 2626//2217 3193//2953
f 2545//2952 3193//2953 2546//2954
f 2546//2954 3193//2953 2547//2955
f 2547//2955 3193//2953 3194//2956
f 2547//2955 3194//2956 2553//2957
f 2481//2698 2557//2958 3084//2699
f 3084//2699 2557//2958 2556//2959
f 3084//2699 2556//2959 3195//2960
f 3195//2960 2556//2959 2555//2961
f 3195//2960 2555//2961 3194//2956
f 3194//2956 2555//2961 2554//2962
f 3194//2956 2554//2962 2553//2957
f 2587//2176 2586//2175 3196//2963
f 3196//2963 2586//2175 3197//2964
f 3196//2963 3197//2964 3198//2965
f 3199//2966 3200//2967 3201//2968
f 3197//2964 3202//2969 3198//2965
f 3198//2965 3202//2969 3203//2970
f 3198//2965 3203//2970 3200//2967
f 3200//2967 3203//2970 3204//2971
f 3200//2967 3204//2971 3201//2968
f 3205//2972 3206//2973 3207//2974
f 3207//2974 3206//2973 3208//2975
f 3207//2974 3208//2975 3209//2976
f 3209//2976 3208//2975 3210//2977
f 3209//2976 3210//2977 3211//2978
f 3201//2968 3212//2979 3199//2966
f 3199//2966 3212//2979 3213//2980
f 3199//2966 3213//2980 3205//2972
f 3205//2972 3213//2980 3214//2981
f 3205//2972 3214//2981 3206//2973
f 2682//2291 2619//2208 3215//2982
f 2624//2213 2623//2212 3216//2983
f 3216//2983 2623//2212 3217//2984
f 3216//2983 3217//2984 2620//2209
f 3218//2985 3219//2986 3210//2977
f 3210//2977 3219//2986 2616//2205
f 3210//2977 2616//2205 3211//2978
f 3211//2978 2616//2205 2618//2207
f 3218//2985 3210//2977 3220//2987
f 3220//2987 3210//2977 3208//2975
f 3220//2987 3208//2975 3221//2988
f 3222//2989 2617//2206 3223//2990
f 3223//2990 2617//2206 2616//2205
f 3223//2990 2616//2205 3224//2991
f 3224//2991 2616//2205 3219//2986
f 3222//2989 3225//2992 2617//2206
f 2617//2206 3225//2992 2622//2211
f 2617//2206 2622//2211 2625//2214
f 2625//2214 2622//2211 2624//2213
f 3226//2993 3217//2984 3227//2994
f 3227//2994 3217//2984 2623//2212
f 3227//2994 2623//2212 3228//2995
f 3228//2995 2623//2212 2622//2211
f 3228//2995 2622//2211 3229//2996
f 3229//2996 2622//2211 3225//2992
f 2619//2208 2621//2210 3215//2982
f 3215//2982 2621//2210 2609//2198
f 3215//2982 2609//2198 2615//2204
f 2615//2204 2609//2198 2608//2197
f 2615//2204 2608//2197 2613//2202
f 2682//2291 3215//2982 2683//2292
f 2683//2292 3215//2982 2615//2204
f 2683//2292 2615//2204 2612//2201
f 2612//2201 2615//2204 2614//2203
f 2612//2201 2614//2203 2610//2199
f 2620//2209 3217//2984 2621//2210
f 2621//2210 3217//2984 3226//2993
f 2621//2210 3226//2993 2609//2198
f 2609//2198 3226//2993 3230//2997
f 2609//2198 3230//2997 2607//2196
f 2137//1884 2136//1883 2680//2289
f 2680//2289 2136//1883 2677//2285
f 2680//2289 2677//2285 3231//2998
f 3231//2998 2677//2285 2678//2286
f 3231//2998 2678//2286 3232//2999
f 3233//3000 2605//2194 3234//3001
f 3234//3001 2605//2194 2604//2193
f 3234//3001 2604//2193 3235//3002
f 3233//3000 3232//2999 3236//3003
f 3237//3004 3235//3002 3238//3005
f 3238//3005 3235//3002 2604//2193
f 3238//3005 2604//2193 3239//3006
f 3239//3006 2604//2193 2606//2195
f 3239//3006 2606//2195 3240//3007
f 3241//3008 3242//3009 3243//3010
f 3244//3011 3245//3012 3246//3013
f 3241//3008 2602//2191 3247//3014
f 3247//3014 2602//2191 2601//2190
f 3247//3014 2601//2190 3248//3015
f 3249//3016 3250//3017 3251//3018
f 3245//3012 3252//3019 3250//3017
f 3250//3017 3252//3019 3253//3020
f 3250//3017 3253//3020 3251//3018
f 3254//3021 3255//3022 3244//3011
f 3244//3011 3255//3022 3256//3023
f 3244//3011 3256//3023 3245//3012
f 3245//3012 3256//3023 3257//3024
f 3245//3012 3257//3024 3252//3019
f 3246//3013 3245//3012 3258//3025
f 3258//3025 3245//3012 3250//3017
f 3258//3025 3250//3017 3259//3026
f 3259//3026 3250//3017 3249//3016
f 3259//3026 3249//3016 3260//3027
f 3232//2999 2678//2286 3236//3003
f 3236//3003 2678//2286 2676//2282
f 3236//3003 2676//2282 3261//3028
f 3261//3028 2676//2282 2675//2281
f 3261//3028 2675//2281 3262//3029
f 3263//3030 3264//3031 3265//3032
f 3265//3032 3264//3031 2598//2187
f 3265//3032 2598//2187 3266//3033
f 3266//3033 2598//2187 2600//2189
f 3266//3033 2600//2189 3267//3034
f 3267//3034 2600//2189 3242//3009
f 2144//1891 2674//2280 2675//2281
f 2675//2281 2674//2280 3268//3035
f 2675//2281 3268//3035 3262//3029
f 3262//3029 3268//3035 3269//3036
f 3262//3029 3269//3036 3270//3037
f 3233//3000 3236//3003 2605//2194
f 2605//2194 3236//3003 3261//3028
f 2605//2194 3261//3028 2606//2195
f 2606//2195 3261//3028 3262//3029
f 2606//2195 3262//3029 3240//3007
f 3240//3007 3262//3029 3270//3037
f 3240//3007 3270//3037 3271//3038
f 3264//3031 3272//3039 2598//2187
f 2598//2187 3272//3039 3273//3040
f 2598//2187 3273//3040 2599//2188
f 2599//2188 3273//3040 3274//3041
f 2599//2188 3274//3041 3275//3042
f 3242//3009 2600//2189 3243//3010
f 3243//3010 2600//2189 2599//2188
f 3243//3010 2599//2188 2597//2186
f 2597//2186 2599//2188 3275//3042
f 2597//2186 3275//3042 2595//2184
f 3276//3043 3277//3044 2603//2192
f 2603//2192 3277//3044 3254//3021
f 2603//2192 3254//3021 2601//2190
f 2601//2190 3254//3021 3244//3011
f 2601//2190 3244//3011 3248//3015
f 3248//3015 3244//3011 3246//3013
f 3241//3008 3243//3010 2602//2191
f 2602//2191 3243//3010 2597//2186
f 2602//2191 2597//2186 2603//2192
f 2603//2192 2597//2186 2596//2185
f 2603//2192 2596//2185 3276//3043
s 0
f 2086//3045 7612//3045 7821//2297
f 7822//3046 2092//3046 2091//3046
s 1
f 2685//3047 7610//1836 3278//3048
f 3278//3048 7610//1836 2611//2200
f 3278//3048 2611//2200 3279//3049
f 3279//3049 2611//2200 2610//2199
f 3279//3049 2610//2199 3280//3050
f 3280//3050 2610//2199 2614//2203
f 3280//3050 2614//2203 3281//3051
f 3281//3051 2614//2203 2613//2202
f 3281//3051 2613//2202 3282//3052
f 3282//3052 2613//2202 2608//2197
f 3282//3052 2608//2197 3283//3053
f 3283//3053 2608//2197 2607//2196
f 3283//3053 2607//2196 3284//3054
f 3284//3054 2607//2196 3230//2997
f 2088//1833 7711//1834 2669//2275
f 2669//2275 2089//3055 2685//3047
f 2669//2275 2685//3047 3285//3056
f 3285//3056 2685//3047 3278//3048
f 3285//3056 3278//3048 3286//3057
f 3286//3057 3278//3048 3279//3049
f 3286//3057 3279//3049 3287//3058
f 3287//3058 3279//3049 3280//3050
f 3287//3058 3280//3050 3288//3059
f 3288//3059 3280//3050 3281//3051
f 3288//3059 3281//3051 3289//3060
f 3289//3060 3281//3051 3282//3052
f 3289//3060 3282//3052 3290//3061
f 3290//3061 3282//3052 3283//3053
f 3290//3061 3283//3053 3291//3062
f 3291//3062 3283//3053 3284//3054
f 2073//1818 2072//1817 2665//2271
f 2665//2271 2072//1817 2673//2279
f 2665//2271 2673//2279 2666//2272
f 2666//2272 2673//2279 3292//3063
f 2666//2272 3292//3063 3293//3064
f 3293//3064 3292//3063 3294//3065
f 3293//3064 3294//3065 3295//3066
f 3295//3066 3294//3065 3296//3067
f 3295//3066 3296//3067 3297//3068
f 2152//1899 2151//1898 2674//2280
f 2674//2280 2151//1898 2666//2272
f 2674//2280 2666//2272 3268//3035
f 3268//3035 2666//2272 3293//3064
f 3268//3035 3293//3064 3269//3036
f 3269//3036 3293//3064 3295//3066
f 3269//3036 3295//3066 3270//3037
f 3270//3037 3295//3066 3297//3068
f 3270//3037 3297//3068 3271//3038
f 3296//3067 3298//3069 3297//3068
f 3297//3068 3298//3069 3299//3070
f 3297//3068 3299//3070 3271//3038
f 3271//3038 3299//3070 3300//3071
f 3271//3038 3300//3071 3240//3007
f 3240//3007 3300//3071 3263//3030
f 3240//3007 3263//3030 3239//3006
f 3239//3006 3263//3030 3265//3032
f 3239//3006 3265//3032 3238//3005
f 3238//3005 3265//3032 3266//3033
f 3238//3005 3266//3033 3237//3004
f 3237//3004 3266//3033 3267//3034
f 3291//3062 3301//3072 3290//3061
f 3290//3061 3301//3072 3302//3073
f 3290//3061 3302//3073 3289//3060
f 3289//3060 3302//3073 3303//3074
f 3289//3060 3303//3074 3288//3059
f 3288//3059 3303//3074 3304//3075
f 3288//3059 3304//3075 3287//3058
f 3287//3058 3304//3075 3305//3076
f 3287//3058 3305//3076 3286//3057
f 3286//3057 3305//3076 3306//3077
f 3286//3057 3306//3077 3285//3056
f 3285//3056 3306//3077 3307//3078
f 3285//3056 3307//3078 2669//2275
f 2669//2275 3307//3078 3308//3079
f 2669//2275 3308//3079 2670//2276
f 2670//2276 3308//3079 3309//3080
f 2670//2276 3309//3080 2667//2273
f 2667//2273 3309//3080 3310//3081
f 2667//2273 3310//3081 2668//2274
f 2668//2274 3310//3081 3311//3082
f 2668//2274 3311//3082 2671//2277
f 2671//2277 3311//3082 3312//3083
f 2671//2277 3312//3083 2672//2278
f 2672//2278 3312//3083 3313//3084
f 2672//2278 3313//3084 2673//2279
f 2673//2279 3313//3084 3314//3085
f 2673//2279 3314//3085 3292//3063
f 3292//3063 3314//3085 3315//3086
f 3292//3063 3315//3086 3294//3065
f 3294//3065 3315//3086 3316//3087
f 3294//3065 3316//3087 3296//3067
f 3296//3067 3316//3087 3317//3088
f 3296//3067 3317//3088 3298//3069
f 3301//3072 3318//3089 3302//3073
f 3302//3073 3318//3089 3319//3090
f 3302//3073 3319//3090 3303//3074
f 3303//3074 3319//3090 3320//3091
f 3303//3074 3320//3091 3304//3075
f 3304//3075 3320//3091 3321//3092
f 3304//3075 3321//3092 3305//3076
f 3305//3076 3321//3092 3322//3093
f 3305//3076 3322//3093 3306//3077
f 3306//3077 3322//3093 3323//3094
f 3306//3077 3323//3094 3307//3078
f 3307//3078 3323//3094 3324//3095
f 3307//3078 3324//3095 3308//3079
f 3308//3079 3324//3095 3325//3096
f 3308//3079 3325//3096 3309//3080
f 3309//3080 3325//3096 3326//3097
f 3309//3080 3326//3097 3310//3081
f 3310//3081 3326//3097 3327//3098
f 3310//3081 3327//3098 3311//3082
f 3311//3082 3327//3098 3328//3099
f 3311//3082 3328//3099 3312//3083
f 3312//3083 3328//3099 3329//3100
f 3312//3083 3329//3100 3313//3084
f 3313//3084 3329//3100 3330//3101
f 3313//3084 3330//3101 3314//3085
f 3314//3085 3330//3101 3331//3102
f 3314//3085 3331//3102 3315//3086
f 3315//3086 3331//3102 3332//3103
f 3315//3086 3332//3103 3316//3087
f 3316//3087 3332//3103 3333//3104
f 3316//3087 3333//3104 3317//3088
f 3318//3089 3334//3105 3319//3090
f 3319//3090 3334//3105 3335//3106
f 3319//3090 3335//3106 3320//3091
f 3320//3091 3335//3106 3336//3107
f 3320//3091 3336//3107 3321//3092
f 3321//3092 3336//3107 3337//3108
f 3321//3092 3337//3108 3322//3093
f 3322//3093 3337//3108 3338//3109
f 3322//3093 3338//3109 3323//3094
f 3323//3094 3338//3109 3339//3110
f 3323//3094 3339//3110 3324//3095
f 3324//3095 3339//3110 3340//3111
f 3324//3095 3340//3111 3325//3096
f 3325//3096 3340//3111 3341//3112
f 3325//3096 3341//3112 3326//3097
f 3326//3097 3341//3112 3342//3113
f 3326//3097 3342//3113 3327//3098
f 3327//3098 3342//3113 3343//3114
f 3327//3098 3343//3114 3328//3099
f 3328//3099 3343//3114 3344//3115
f 3328//3099 3344//3115 3329//3100
f 3329//3100 3344//3115 3345//3116
f 3329//3100 3345//3116 3330//3101
f 3330//3101 3345//3116 3346//3117
f 3330//3101 3346//3117 3331//3102
f 3331//3102 3346//3117 3347//3118
f 3331//3102 3347//3118 3332//3103
f 3332//3103 3347//3118 3348//3119
f 3332//3103 3348//3119 3333//3104
f 3334//3105 3349//3120 3335//3106
f 3335//3106 3349//3120 3350//3121
f 3335//3106 3350//3121 3336//3107
f 3336//3107 3350//3121 3351//3122
f 3336//3107 3351//3122 3337//3108
f 3337//3108 3351//3122 3352//3123
f 3337//3108 3352//3123 3338//3109
f 3338//3109 3352//3123 3353//3124
f 3338//3109 3353//3124 3339//3110
f 3339//3110 3353//3124 3354//3125
f 3339//3110 3354//3125 3340//3111
f 3340//3111 3354//3125 3355//3126
f 3340//3111 3355//3126 3341//3112
f 3341//3112 3355//3126 3356//3127
f 3341//3112 3356//3127 3342//3113
f 3342//3113 3356//3127 3357//3128
f 3342//3113 3357//3128 3343//3114
f 3343//3114 3357//3128 3358//3129
f 3343//3114 3358//3129 3344//3115
f 3344//3115 3358//3129 3359//3130
f 3344//3115 3359//3130 3345//3116
f 3345//3116 3359//3130 3360//3131
f 3345//3116 3360//3131 3346//3117
f 3346//3117 3360//3131 3361//3132
f 3346//3117 3361//3132 3347//3118
f 3347//3118 3361//3132 3362//3133
f 3347//3118 3362//3133 3348//3119
f 3349//3120 2813//2427 3350//3121
f 3350//3121 2813//2427 2811//2425
f 3350//3121 2811//2425 3351//3122
f 3351//3122 2811//2425 2808//2422
f 3351//3122 2808//2422 3352//3123
f 3352//3123 2808//2422 2806//2420
f 3352//3123 2806//2420 3353//3124
f 3353//3124 2806//2420 2797//2411
f 3353//3124 2797//2411 3354//3125
f 3354//3125 2797//2411 2799//2413
f 3354//3125 2799//2413 3355//3126
f 3355//3126 2799//2413 2795//2409
f 3355//3126 2795//2409 3356//3127
f 3356//3127 2795//2409 2792//2406
f 3356//3127 2792//2406 3357//3128
f 3357//3128 2792//2406 2790//2404
f 3357//3128 2790//2404 3358//3129
f 3358//3129 2790//2404 2781//2395
f 3358//3129 2781//2395 3359//3130
f 3359//3130 2781//2395 2783//2397
f 3359//3130 2783//2397 3360//3131
f 3360//3131 2783//2397 2779//2393
f 3360//3131 2779//2393 3361//3132
f 3361//3132 2779//2393 2777//2391
f 3361//3132 2777//2391 3362//3133
f 2329//2076 2328//2075 3095//2715
f 3095//2715 2328//2075 3094//2714
f 3095//2715 3094//2714 3363//3134
f 3363//3134 3094//2714 3364//3135
f 3363//3134 3364//3135 3365//3136
f 3365//3136 3364//3135 3366//3137
f 3365//3136 3366//3137 3367//3138
f 3367//3138 3366//3137 3368//3139
f 3367//3138 3368//3139 3369//3140
f 3369//3140 3368//3139 3370//3141
f 3369//3140 3370//3141 3371//3142
f 3371//3142 3370//3141 3372//3143
f 3371//3142 3372//3143 3373//3144
f 3373//3144 3372//3143 3374//3145
f 3373//3144 3374//3145 3375//3146
f 3375//3146 3374//3145 3376//3147
f 3375//3146 3376//3147 3377//3148
f 3377//3148 3376//3147 3378//3149
f 3377//3148 3378//3149 3379//3150
f 3379//3150 3378//3149 3380//3151
f 3379//3150 3380//3151 3381//3152
f 3381//3152 3380//3151 3382//3153
f 3381//3152 3382//3153 3383//3154
f 3383//3154 3382//3153 3384//3155
f 3383//3154 3384//3155 3385//3156
f 3385//3156 3384//3155 3386//3157
f 3385//3156 3386//3157 3387//3158
f 3387//3158 3386//3157 3388//3159
f 3387//3158 3388//3159 3389//3160
f 3389//3160 3388//3159 3390//3161
f 3389//3160 3390//3161 3391//3162
f 3391//3162 3390//3161 3392//3163
f 3391//3162 3392//3163 3393//3164
f 3393//3164 3392//3163 3394//3165
f 3393//3164 3394//3165 3395//3166
f 3395//3166 3394//3165 3396//3167
f 3395//3166 3396//3167 3397//3168
f 3397//3168 3396//3167 3398//3169
f 3397//3168 3398//3169 3399//3170
f 3399//3170 3398//3169 3400//3171
f 3399//3170 3400//3171 3401//3172
f 3401//3172 3400//3171 3402//3173
f 3401//3172 3402//3173 3403//3174
f 3403//3174 3402//3173 3404//3175
f 3403//3174 3404//3175 3405//3176
f 3405//3176 3404//3175 3406//3177
f 3405//3176 3406//3177 3407//3178
f 3407//3178 3406//3177 3408//3179
f 3407//3178 3408//3179 3409//3180
f 3409//3180 3408//3179 3410//3181
f 3409//3180 3410//3181 3411//3182
f 3411//3182 3410//3181 3412//3183
f 3411//3182 3412//3183 3413//3184
f 3413//3184 3412//3183 3414//3185
f 3413//3184 3414//3185 3415//3186
f 3415//3186 3414//3185 3416//3187
f 3415//3186 3416//3187 3417//3188
f 3417//3188 3416//3187 3418//3189
f 3417//3188 3418//3189 3419//3190
f 3419//3190 3418//3189 3420//3191
f 3419//3190 3420//3191 3421//3192
f 2321//2068 2322//2069 3097//2717
f 3097//2717 2322//2069 3095//2715
f 3097//2717 3095//2715 3422//3193
f 3422//3193 3095//2715 3363//3134
f 3422//3193 3363//3134 3423//3194
f 3423//3194 3363//3134 3365//3136
f 3423//3194 3365//3136 3424//3195
f 3424//3195 3365//3136 3367//3138
f 3424//3195 3367//3138 3425//3196
f 3425//3196 3367//3138 3369//3140
f 3425//3196 3369//3140 3426//3197
f 3426//3197 3369//3140 3371//3142
f 3426//3197 3371//3142 3427//3198
f 3427//3198 3371//3142 3373//3144
f 3427//3198 3373//3144 3428//3199
f 3428//3199 3373//3144 3375//3146
f 3428//3199 3375//3146 3429//3200
f 3429//3200 3375//3146 3377//3148
f 3429//3200 3377//3148 3430//3201
f 3430//3201 3377//3148 3379//3150
f 3430//3201 3379//3150 3431//3202
f 3431//3202 3379//3150 3381//3152
f 3431//3202 3381//3152 3432//3203
f 3432//3203 3381//3152 3383//3154
f 3432//3203 3383//3154 3433//3204
f 3433//3204 3383//3154 3385//3156
f 3433//3204 3385//3156 3434//3205
f 3434//3205 3385//3156 3387//3158
f 3434//3205 3387//3158 3435//3206
f 3435//3206 3387//3158 3389//3160
f 3435//3206 3389//3160 3436//3207
f 3436//3207 3389//3160 3391//3162
f 3436//3207 3391//3162 3437//3208
f 3437//3208 3391//3162 3393//3164
f 3437//3208 3393//3164 3438//3209
f 3438//3209 3393//3164 3395//3166
f 3438//3209 3395//3166 3439//3210
f 3439//3210 3395//3166 3397//3168
f 3439//3210 3397//3168 3440//3211
f 3440//3211 3397//3168 3399//3170
f 3440//3211 3399//3170 3441//3212
f 3441//3212 3399//3170 3401//3172
f 3441//3212 3401//3172 3442//3213
f 3442//3213 3401//3172 3403//3174
f 3442//3213 3403//3174 3443//3214
f 3443//3214 3403//3174 3405//3176
f 3443//3214 3405//3176 3444//3215
f 3444//3215 3405//3176 3407//3178
f 3444//3215 3407//3178 3445//3216
f 3445//3216 3407//3178 3409//3180
f 3445//3216 3409//3180 3446//3217
f 3446//3217 3409//3180 3411//3182
f 3446//3217 3411//3182 3447//3218
f 3447//3218 3411//3182 3413//3184
f 3447//3218 3413//3184 3448//3219
f 3448//3219 3413//3184 3415//3186
f 3448//3219 3415//3186 3449//3220
f 3449//3220 3415//3186 3417//3188
f 3449//3220 3417//3188 3450//3221
f 3450//3221 3417//3188 3419//3190
f 3450//3221 3419//3190 3451//3222
f 3451//3222 3419//3190 3421//3192
f 3451//3222 3421//3192 3452//3223
f 2318//2065 2319//2066 3096//2716
f 3096//2716 2319//2066 3097//2717
f 3096//2716 3097//2717 3453//3224
f 3453//3224 3097//2717 3422//3193
f 3453//3224 3422//3193 3454//3225
f 3454//3225 3422//3193 3423//3194
f 3454//3225 3423//3194 3455//3226
f 3455//3226 3423//3194 3424//3195
f 3455//3226 3424//3195 3456//3227
f 3456//3227 3424//3195 3425//3196
f 3456//3227 3425//3196 3457//3228
f 3457//3228 3425//3196 3426//3197
f 3457//3228 3426//3197 3458//3229
f 3458//3229 3426//3197 3427//3198
f 3458//3229 3427//3198 3459//3230
f 3459//3230 3427//3198 3428//3199
f 3459//3230 3428//3199 3460//3231
f 3460//3231 3428//3199 3429//3200
f 3460//3231 3429//3200 3461//3232
f 3461//3232 3429//3200 3430//3201
f 3461//3232 3430//3201 3462//3233
f 3462//3233 3430//3201 3431//3202
f 3462//3233 3431//3202 3463//3234
f 3463//3234 3431//3202 3432//3203
f 3463//3234 3432//3203 3464//3235
f 3464//3235 3432//3203 3433//3204
f 3464//3235 3433//3204 3465//3236
f 3465//3236 3433//3204 3434//3205
f 3465//3236 3434//3205 3466//3237
f 3466//3237 3434//3205 3435//3206
f 3466//3237 3435//3206 3467//3238
f 3467//3238 3435//3206 3436//3207
f 3467//3238 3436//3207 3468//3239
f 3468//3239 3436//3207 3437//3208
f 3468//3239 3437//3208 3469//3240
f 3469//3240 3437//3208 3438//3209
f 3469//3240 3438//3209 3470//3241
f 3470//3241 3438//3209 3439//3210
f 3470//3241 3439//3210 3471//3242
f 3471//3242 3439//3210 3440//3211
f 3471//3242 3440//3211 3472//3243
f 3472//3243 3440//3211 3441//3212
f 3472//3243 3441//3212 3473//3244
f 3473//3244 3441//3212 3442//3213
f 3473//3244 3442//3213 3474//3245
f 3474//3245 3442//3213 3443//3214
f 3474//3245 3443//3214 3475//3246
f 3475//3246 3443//3214 3444//3215
f 3475//3246 3444//3215 3476//3247
f 3476//3247 3444//3215 3445//3216
f 3476//3247 3445//3216 3477//3248
f 3477//3248 3445//3216 3446//3217
f 3477//3248 3446//3217 3478//3249
f 3478//3249 3446//3217 3447//3218
f 3478//3249 3447//3218 3479//3250
f 3479//3250 3447//3218 3448//3219
f 3479//3250 3448//3219 3480//3251
f 3480//3251 3448//3219 3449//3220
f 3480//3251 3449//3220 3481//3252
f 3481//3252 3449//3220 3450//3221
f 3481//3252 3450//3221 3482//3253
f 3482//3253 3450//3221 3451//3222
f 3482//3253 3451//3222 3483//3254
f 3483//3254 3451//3222 3452//3223
f 3483//3254 3452//3223 3484//3255
f 2294//2041 2293//2040 3098//2718
f 3098//2718 2293//2040 3096//2716
f 3098//2718 3096//2716 3485//3256
f 3485//3256 3096//2716 3453//3224
f 3485//3256 3453//3224 3486//3257
f 3486//3257 3453//3224 3454//3225
f 3486//3257 3454//3225 3487//3258
f 3487//3258 3454//3225 3455//3226
f 3487//3258 3455//3226 3488//3259
f 3488//3259 3455//3226 3456//3227
f 3488//3259 3456//3227 3489//3260
f 3489//3260 3456//3227 3457//3228
f 3489//3260 3457//3228 3490//3261
f 3490//3261 3457//3228 3458//3229
f 3490//3261 3458//3229 3491//3262
f 3491//3262 3458//3229 3459//3230
f 3491//3262 3459//3230 3492//3263
f 3492//3263 3459//3230 3460//3231
f 3492//3263 3460//3231 3493//3264
f 3493//3264 3460//3231 3461//3232
f 3493//3264 3461//3232 3494//3265
f 3494//3265 3461//3232 3462//3233
f 3494//3265 3462//3233 3495//3266
f 3495//3266 3462//3233 3463//3234
f 3495//3266 3463//3234 3496//3267
f 3496//3267 3463//3234 3464//3235
f 3496//3267 3464//3235 3497//3268
f 3497//3268 3464//3235 3465//3236
f 3497//3268 3465//3236 3498//3269
f 3498//3269 3465//3236 3466//3237
f 3498//3269 3466//3237 3499//3270
f 3499//3270 3466//3237 3467//3238
f 3499//3270 3467//3238 3500//3271
f 3500//3271 3467//3238 3468//3239
f 3500//3271 3468//3239 3501//3272
f 3501//3272 3468//3239 3469//3240
f 3501//3272 3469//3240 3502//3273
f 3502//3273 3469//3240 3470//3241
f 3502//3273 3470//3241 3503//3274
f 3503//3274 3470//3241 3471//3242
f 3503//3274 3471//3242 3504//3275
f 3504//3275 3471//3242 3472//3243
f 3504//3275 3472//3243 3505//3276
f 3505//3276 3472//3243 3473//3244
f 3505//3276 3473//3244 3506//3277
f 3506//3277 3473//3244 3474//3245
f 3506//3277 3474//3245 3507//3278
f 3507//3278 3474//3245 3475//3246
f 3507//3278 3475//3246 3508//3279
f 3508//3279 3475//3246 3476//3247
f 3508//3279 3476//3247 3509//3280
f 3509//3280 3476//3247 3477//3248
f 3509//3280 3477//3248 3510//3281
f 3510//3281 3477//3248 3478//3249
f 3510//3281 3478//3249 3511//3282
f 3511//3282 3478//3249 3479//3250
f 3511//3282 3479//3250 3512//3283
f 3512//3283 3479//3250 3480//3251
f 3512//3283 3480//3251 3513//3284
f 3513//3284 3480//3251 3481//3252
f 3513//3284 3481//3252 3514//3285
f 3514//3285 3481//3252 3482//3253
f 3514//3285 3482//3253 3515//3286
f 3515//3286 3482//3253 3483//3254
f 3515//3286 3483//3254 3516//3287
f 3516//3287 3483//3254 3484//3255
f 3516//3287 3484//3255 3517//3288
f 2264//2011 2263//2010 2638//2237
f 2638//2237 2263//2010 2639//2238
f 2638//2237 2639//2238 3518//3289
f 3518//3289 2639//2238 3519//3290
f 3518//3289 3519//3290 3520//3291
f 3520//3291 3519//3290 3521//3292
f 3520//3291 3521//3292 3522//3293
f 3522//3293 3521//3292 3523//3294
f 3522//3293 3523//3294 3524//3295
f 3524//3295 3523//3294 3525//3296
f 3524//3295 3525//3296 3526//3297
f 3526//3297 3525//3296 3527//3298
f 3526//3297 3527//3298 3528//3299
f 3528//3299 3527//3298 3529//3300
f 3528//3299 3529//3300 3530//3301
f 3530//3301 3529//3300 3531//3302
f 3530//3301 3531//3302 3532//3303
f 3532//3303 3531//3302 3533//3304
f 3532//3303 3533//3304 3534//3305
f 3534//3305 3533//3304 3535//3306
f 3534//3305 3535//3306 3536//3307
f 3536//3307 3535//3306 3537//3308
f 3536//3307 3537//3308 3538//3309
f 3538//3309 3537//3308 3539//3310
f 3538//3309 3539//3310 3540//3311
f 3540//3311 3539//3310 3541//3312
f 3540//3311 3541//3312 3542//3313
f 3542//3313 3541//3312 3543//3314
f 3542//3313 3543//3314 3544//3315
f 3544//3315 3543//3314 3545//3316
f 3544//3315 3545//3316 3546//3317
f 3546//3317 3545//3316 3547//3318
f 3546//3317 3547//3318 3548//3319
f 3548//3319 3547//3318 3549//3320
f 3548//3319 3549//3320 3550//3321
f 3550//3321 3549//3320 3551//3322
f 3550//3321 3551//3322 3552//3323
f 3552//3323 3551//3322 3553//3324
f 3552//3323 3553//3324 3554//3325
f 3554//3325 3553//3324 3555//3326
f 3554//3325 3555//3326 3556//3327
f 3556//3327 3555//3326 3557//3328
f 3556//3327 3557//3328 3558//3329
f 3558//3329 3557//3328 3559//3330
f 3558//3329 3559//3330 3560//3331
f 3560//3331 3559//3330 3561//3332
f 3560//3331 3561//3332 3562//3333
f 3562//3333 3561//3332 3563//3334
f 3562//3333 3563//3334 3564//3335
f 3564//3335 3563//3334 3565//3336
f 3564//3335 3565//3336 3566//3337
f 3566//3337 3565//3336 3567//3338
f 3566//3337 3567//3338 3568//3339
f 3568//3339 3567//3338 3569//3340
f 3568//3339 3569//3340 3570//3341
f 3570//3341 3569//3340 3571//3342
f 3570//3341 3571//3342 3572//3343
f 3572//3343 3571//3342 3573//3344
f 3572//3343 3573//3344 3574//3345
f 3574//3345 3573//3344 3575//3346
f 3574//3345 3575//3346 3576//3347
f 3576//3347 3575//3346 3577//3348
f 3576//3347 3577//3348 3578//3349
f 3578//3349 3577//3348 3579//3350
f 3578//3349 3579//3350 3580//3351
f 3580//3351 3579//3350 3581//3352
f 3580//3351 3581//3352 3582//3353
f 3582//3353 3581//3352 3583//3354
f 3582//3353 3583//3354 3584//3355
f 3584//3355 3583//3354 3585//3356
f 3584//3355 3585//3356 3586//3357
f 3586//3357 3585//3356 3587//3358
f 3586//3357 3587//3358 3106//2726
f 3106//2726 3587//3358 2647//2252
f 3106//2726 2647//2252 2395//2142
f 2395//2142 2647//2252 2389//2136
f 3588//3359 3589//3360 3590//3361
f 3590//3361 3589//3360 3591//3362
f 3590//3361 3591//3362 3592//3363
f 3592//3363 3591//3362 3593//3364
f 3592//3363 3593//3364 3594//3365
f 3594//3365 3593//3364 3595//3366
f 3594//3365 3595//3366 3596//3367
f 3596//3367 3595//3366 3597//3368
f 3596//3367 3597//3368 3598//3369
f 3598//3369 3597//3368 3599//3370
f 3598//3369 3599//3370 3600//3371
f 3600//3371 3599//3370 3601//3372
f 3600//3371 3601//3372 3602//3373
f 3602//3373 3601//3372 3603//3374
f 3602//3373 3603//3374 3604//3375
f 3604//3375 3603//3374 3605//3376
f 3604//3375 3605//3376 3606//3377
f 3606//3377 3605//3376 3607//3378
f 3606//3377 3607//3378 3608//3379
f 3608//3379 3607//3378 3609//3380
f 3608//3379 3609//3380 3610//3381
f 3610//3381 3609//3380 3611//3382
f 3610//3381 3611//3382 3612//3383
f 3612//3383 3611//3382 3613//3384
f 3612//3383 3613//3384 3614//3385
f 3614//3385 3613//3384 3615//3386
f 3614//3385 3615//3386 3616//3387
f 3616//3387 3615//3386 3617//3388
f 3616//3387 3617//3388 3618//3389
f 3618//3389 3617//3388 3619//3390
f 3618//3389 3619//3390 3620//3391
f 3620//3391 3619//3390 3621//3392
f 3620//3391 3621//3392 3622//3393
f 3622//3393 3621//3392 3623//3394
f 3622//3393 3623//3394 3624//3395
f 3624//3395 3623//3394 3625//3396
f 3624//3395 3625//3396 3626//3397
f 3626//3397 3625//3396 3627//3398
f 3626//3397 3627//3398 3628//3399
f 3628//3399 3627//3398 3629//3400
f 3628//3399 3629//3400 3630//3401
f 3630//3401 3629//3400 3631//3402
f 3630//3401 3631//3402 3632//3403
f 3632//3403 3631//3402 3633//3404
f 3632//3403 3633//3404 3634//3405
f 3634//3405 3633//3404 3635//3406
f 3634//3405 3635//3406 3636//3407
f 3636//3407 3635//3406 3637//3408
f 3636//3407 3637//3408 3638//3409
f 3638//3409 3637//3408 3639//3410
f 3638//3409 3639//3410 3640//3411
f 3640//3411 3639//3410 3641//3412
f 3640//3411 3641//3412 3642//3413
f 3642//3413 3641//3412 3643//3414
f 3642//3413 3643//3414 3158//2847
f 3158//2847 3643//3414 3159//2848
f 3158//2847 3159//2848 2223//1970
f 2223//1970 3159//2848 2218//1965
f 2252//1999 2259//2006 2637//2236
f 2637//2236 2259//2006 2638//2237
f 2637//2236 2638//2237 3644//3415
f 3644//3415 2638//2237 3518//3289
f 3644//3415 3518//3289 3645//3416
f 3645//3416 3518//3289 3520//3291
f 3645//3416 3520//3291 3646//3417
f 3646//3417 3520//3291 3522//3293
f 3646//3417 3522//3293 3647//3418
f 3647//3418 3522//3293 3524//3295
f 3647//3418 3524//3295 3648//3419
f 3648//3419 3524//3295 3526//3297
f 3648//3419 3526//3297 3649//3420
f 3649//3420 3526//3297 3528//3299
f 3649//3420 3528//3299 3650//3421
f 3650//3421 3528//3299 3530//3301
f 3650//3421 3530//3301 3651//3422
f 3651//3422 3530//3301 3532//3303
f 3651//3422 3532//3303 3652//3423
f 3652//3423 3532//3303 3534//3305
f 3652//3423 3534//3305 3653//3424
f 3653//3424 3534//3305 3536//3307
f 3653//3424 3536//3307 3654//3425
f 3654//3425 3536//3307 3538//3309
f 3654//3425 3538//3309 3655//3426
f 3655//3426 3538//3309 3540//3311
f 3655//3426 3540//3311 3656//3427
f 3656//3427 3540//3311 3542//3313
f 3656//3427 3542//3313 3657//3428
f 3657//3428 3542//3313 3544//3315
f 3657//3428 3544//3315 3658//3429
f 3658//3429 3544//3315 3546//3317
f 3658//3429 3546//3317 3659//3430
f 3659//3430 3546//3317 3548//3319
f 3659//3430 3548//3319 3660//3431
f 3660//3431 3548//3319 3550//3321
f 3660//3431 3550//3321 3661//3432
f 3661//3432 3550//3321 3552//3323
f 3661//3432 3552//3323 3662//3433
f 3662//3433 3552//3323 3554//3325
f 3662//3433 3554//3325 3663//3434
f 3663//3434 3554//3325 3556//3327
f 3663//3434 3556//3327 3664//3435
f 3664//3435 3556//3327 3558//3329
f 3664//3435 3558//3329 3665//3436
f 3665//3436 3558//3329 3560//3331
f 3665//3436 3560//3331 3666//3437
f 3666//3437 3560//3331 3562//3333
f 3666//3437 3562//3333 3667//3438
f 3667//3438 3562//3333 3564//3335
f 3667//3438 3564//3335 3668//3439
f 3668//3439 3564//3335 3566//3337
f 3668//3439 3566//3337 3669//3440
f 3669//3440 3566//3337 3568//3339
f 3669//3440 3568//3339 3670//3441
f 3670//3441 3568//3339 3570//3341
f 3670//3441 3570//3341 3671//3442
f 3671//3442 3570//3341 3572//3343
f 3671//3442 3572//3343 3672//3443
f 3672//3443 3572//3343 3574//3345
f 3672//3443 3574//3345 3673//3444
f 3673//3444 3574//3345 3576//3347
f 3673//3444 3576//3347 3674//3445
f 3674//3445 3576//3347 3578//3349
f 3674//3445 3578//3349 3675//3446
f 3675//3446 3578//3349 3580//3351
f 3675//3446 3580//3351 3676//3447
f 3676//3447 3580//3351 3582//3353
f 3676//3447 3582//3353 3677//3448
f 3677//3448 3582//3353 3584//3355
f 3677//3448 3584//3355 3678//3449
f 3678//3449 3584//3355 3586//3357
f 3678//3449 3586//3357 3105//2725
f 3105//2725 3586//3357 3106//2726
f 3105//2725 3106//2726 2396//2143
f 2396//2143 3106//2726 2391//2138
f 2257//2004 2255//2002 2636//2235
f 2636//2235 2255//2002 2637//2236
f 2636//2235 2637//2236 3679//3450
f 3679//3450 2637//2236 3644//3415
f 3679//3450 3644//3415 3680//3451
f 3680//3451 3644//3415 3645//3416
f 3680//3451 3645//3416 3681//3452
f 3681//3452 3645//3416 3646//3417
f 3681//3452 3646//3417 3682//3453
f 3682//3453 3646//3417 3647//3418
f 3682//3453 3647//3418 3683//3454
f 3683//3454 3647//3418 3648//3419
f 3683//3454 3648//3419 3684//3455
f 3684//3455 3648//3419 3649//3420
f 3684//3455 3649//3420 3685//3456
f 3685//3456 3649//3420 3650//3421
f 3685//3456 3650//3421 3686//3457
f 3686//3457 3650//3421 3651//3422
f 3686//3457 3651//3422 3687//3458
f 3687//3458 3651//3422 3652//3423
f 3687//3458 3652//3423 3688//3459
f 3688//3459 3652//3423 3653//3424
f 3688//3459 3653//3424 3689//3460
f 3689//3460 3653//3424 3654//3425
f 3689//3460 3654//3425 3690//3461
f 3690//3461 3654//3425 3655//3426
f 3690//3461 3655//3426 3691//3462
f 3691//3462 3655//3426 3656//3427
f 3691//3462 3656//3427 3692//3463
f 3692//3463 3656//3427 3657//3428
f 3692//3463 3657//3428 3693//3464
f 3693//3464 3657//3428 3658//3429
f 3693//3464 3658//3429 3694//3465
f 3694//3465 3658//3429 3659//3430
f 3694//3465 3659//3430 3695//3466
f 3695//3466 3659//3430 3660//3431
f 3695//3466 3660//3431 3696//3467
f 3696//3467 3660//3431 3661//3432
f 3696//3467 3661//3432 3697//3468
f 3697//3468 3661//3432 3662//3433
f 3697//3468 3662//3433 3698//3469
f 3698//3469 3662//3433 3663//3434
f 3698//3469 3663//3434 3699//3470
f 3699//3470 3663//3434 3664//3435
f 3699//3470 3664//3435 3700//3471
f 3700//3471 3664//3435 3665//3436
f 3700//3471 3665//3436 3701//3472
f 3701//3472 3665//3436 3666//3437
f 3701//3472 3666//3437 3702//3473
f 3702//3473 3666//3437 3667//3438
f 3702//3473 3667//3438 3703//3474
f 3703//3474 3667//3438 3668//3439
f 3703//3474 3668//3439 3704//3475
f 3704//3475 3668//3439 3669//3440
f 3704//3475 3669//3440 3705//3476
f 3705//3476 3669//3440 3670//3441
f 3705//3476 3670//3441 3706//3477
f 3706//3477 3670//3441 3671//3442
f 3706//3477 3671//3442 3707//3478
f 3707//3478 3671//3442 3672//3443
f 3707//3478 3672//3443 3708//3479
f 3708//3479 3672//3443 3673//3444
f 3708//3479 3673//3444 3709//3480
f 3709//3480 3673//3444 3674//3445
f 3709//3480 3674//3445 3710//3481
f 3710//3481 3674//3445 3675//3446
f 3710//3481 3675//3446 3711//3482
f 3711//3482 3675//3446 3676//3447
f 3711//3482 3676//3447 3712//3483
f 3712//3483 3676//3447 3677//3448
f 3712//3483 3677//3448 3713//3484
f 3713//3484 3677//3448 3678//3449
f 3713//3484 3678//3449 2648//2253
f 2648//2253 3678//3449 3105//2725
f 2648//2253 3105//2725 2400//2147
f 2400//2147 3105//2725 2401//2145
f 3714//3485 3715//3486 3716//3487
f 3716//3487 3715//3486 3717//3488
f 3716//3487 3717//3488 3718//3489
f 3718//3489 3717//3488 3719//3490
f 3718//3489 3719//3490 3720//3491
f 3720//3491 3719//3490 3721//3492
f 3720//3491 3721//3492 3722//3493
f 3722//3493 3721//3492 3723//3494
f 3722//3493 3723//3494 3724//3495
f 3724//3495 3723//3494 3725//3496
f 3724//3495 3725//3496 3726//3497
f 3726//3497 3725//3496 3727//3498
f 3726//3497 3727//3498 3728//3499
f 3728//3499 3727//3498 3729//3500
f 3728//3499 3729//3500 3730//3501
f 3730//3501 3729//3500 3731//3502
f 3730//3501 3731//3502 3732//3503
f 3732//3503 3731//3502 3733//3504
f 3732//3503 3733//3504 3734//3505
f 3734//3505 3733//3504 3735//3506
f 3734//3505 3735//3506 3736//3507
f 3736//3507 3735//3506 3737//3508
f 3736//3507 3737//3508 3738//3509
f 3738//3509 3737//3508 3739//3510
f 3738//3509 3739//3510 3740//3511
f 3740//3511 3739//3510 3741//3512
f 3740//3511 3741//3512 3742//3513
f 3742//3513 3741//3512 3743//3514
f 3742//3513 3743//3514 3744//3515
f 3744//3515 3743//3514 3745//3516
f 3744//3515 3745//3516 3746//3517
f 3746//3517 3745//3516 3747//3518
f 3746//3517 3747//3518 3748//3519
f 3748//3519 3747//3518 3749//3520
f 3748//3519 3749//3520 3750//3521
f 3750//3521 3749//3520 3751//3522
f 3750//3521 3751//3522 3752//3523
f 3752//3523 3751//3522 3753//3524
f 3752//3523 3753//3524 3754//3525
f 3754//3525 3753//3524 3755//3526
f 3754//3525 3755//3526 3756//3527
f 3756//3527 3755//3526 3757//3528
f 3756//3527 3757//3528 3758//3529
f 3758//3529 3757//3528 3759//3530
f 3758//3529 3759//3530 3760//3531
f 3760//3531 3759//3530 3761//3532
f 3760//3531 3761//3532 3762//3533
f 3762//3533 3761//3532 3763//3534
f 3762//3533 3763//3534 3764//3535
f 3764//3535 3763//3534 3765//3536
f 3764//3535 3765//3536 3766//3537
f 3766//3537 3765//3536 3767//3538
f 3766//3537 3767//3538 3768//3539
f 3768//3539 3767//3538 3769//3540
f 3768//3539 3769//3540 2633//2232
f 2633//2232 3769//3540 3157//2846
f 2633//2232 3157//2846 2231//1978
f 2231//1978 3157//2846 2226//1973
f 3715//3486 3588//3359 3717//3488
f 3717//3488 3588//3359 3590//3361
f 3717//3488 3590//3361 3719//3490
f 3719//3490 3590//3361 3592//3363
f 3719//3490 3592//3363 3721//3492
f 3721//3492 3592//3363 3594//3365
f 3721//3492 3594//3365 3723//3494
f 3723//3494 3594//3365 3596//3367
f 3723//3494 3596//3367 3725//3496
f 3725//3496 3596//3367 3598//3369
f 3725//3496 3598//3369 3727//3498
f 3727//3498 3598//3369 3600//3371
f 3727//3498 3600//3371 3729//3500
f 3729//3500 3600//3371 3602//3373
f 3729//3500 3602//3373 3731//3502
f 3731//3502 3602//3373 3604//3375
f 3731//3502 3604//3375 3733//3504
f 3733//3504 3604//3375 3606//3377
f 3733//3504 3606//3377 3735//3506
f 3735//3506 3606//3377 3608//3379
f 3735//3506 3608//3379 3737//3508
f 3737//3508 3608//3379 3610//3381
f 3737//3508 3610//3381 3739//3510
f 3739//3510 3610//3381 3612//3383
f 3739//3510 3612//3383 3741//3512
f 3741//3512 3612//3383 3614//3385
f 3741//3512 3614//3385 3743//3514
f 3743//3514 3614//3385 3616//3387
f 3743//3514 3616//3387 3745//3516
f 3745//3516 3616//3387 3618//3389
f 3745//3516 3618//3389 3747//3518
f 3747//3518 3618//3389 3620//3391
f 3747//3518 3620//3391 3749//3520
f 3749//3520 3620//3391 3622//3393
f 3749//3520 3622//3393 3751//3522
f 3751//3522 3622//3393 3624//3395
f 3751//3522 3624//3395 3753//3524
f 3753//3524 3624//3395 3626//3397
f 3753//3524 3626//3397 3755//3526
f 3755//3526 3626//3397 3628//3399
f 3755//3526 3628//3399 3757//3528
f 3757//3528 3628//3399 3630//3401
f 3757//3528 3630//3401 3759//3530
f 3759//3530 3630//3401 3632//3403
f 3759//3530 3632//3403 3761//3532
f 3761//3532 3632//3403 3634//3405
f 3761//3532 3634//3405 3763//3534
f 3763//3534 3634//3405 3636//3407
f 3763//3534 3636//3407 3765//3536
f 3765//3536 3636//3407 3638//3409
f 3765//3536 3638//3409 3767//3538
f 3767//3538 3638//3409 3640//3411
f 3767//3538 3640//3411 3769//3540
f 3769//3540 3640//3411 3642//3413
f 3769//3540 3642//3413 3157//2846
f 3157//2846 3642//3413 3158//2847
f 3157//2846 3158//2847 2219//1966
f 2219//1966 3158//2847 2220//1967
f 2251//1998 2258//2005 2635//2234
f 2635//2234 2258//2005 2636//2235
f 2635//2234 2636//2235 3770//3541
f 3770//3541 2636//2235 3679//3450
f 3770//3541 3679//3450 3771//3542
f 3771//3542 3679//3450 3680//3451
f 3771//3542 3680//3451 3772//3543
f 3772//3543 3680//3451 3681//3452
f 3772//3543 3681//3452 3773//3544
f 3773//3544 3681//3452 3682//3453
f 3773//3544 3682//3453 3774//3545
f 3774//3545 3682//3453 3683//3454
f 3774//3545 3683//3454 3775//3546
f 3775//3546 3683//3454 3684//3455
f 3775//3546 3684//3455 3776//3547
f 3776//3547 3684//3455 3685//3456
f 3776//3547 3685//3456 3777//3548
f 3777//3548 3685//3456 3686//3457
f 3777//3548 3686//3457 3778//3549
f 3778//3549 3686//3457 3687//3458
f 3778//3549 3687//3458 3779//3550
f 3779//3550 3687//3458 3688//3459
f 3779//3550 3688//3459 3780//3551
f 3780//3551 3688//3459 3689//3460
f 3780//3551 3689//3460 3781//3552
f 3781//3552 3689//3460 3690//3461
f 3781//3552 3690//3461 3782//3553
f 3782//3553 3690//3461 3691//3462
f 3782//3553 3691//3462 3783//3554
f 3783//3554 3691//3462 3692//3463
f 3783//3554 3692//3463 3784//3555
f 3784//3555 3692//3463 3693//3464
f 3784//3555 3693//3464 3785//3556
f 3785//3556 3693//3464 3694//3465
f 3785//3556 3694//3465 3786//3557
f 3786//3557 3694//3465 3695//3466
f 3786//3557 3695//3466 3787//3558
f 3787//3558 3695//3466 3696//3467
f 3787//3558 3696//3467 3788//3559
f 3788//3559 3696//3467 3697//3468
f 3788//3559 3697//3468 3789//3560
f 3789//3560 3697//3468 3698//3469
f 3789//3560 3698//3469 3790//3561
f 3790//3561 3698//3469 3699//3470
f 3790//3561 3699//3470 3791//3562
f 3791//3562 3699//3470 3700//3471
f 3791//3562 3700//3471 3792//3563
f 3792//3563 3700//3471 3701//3472
f 3792//3563 3701//3472 3793//3564
f 3793//3564 3701//3472 3702//3473
f 3793//3564 3702//3473 3794//3565
f 3794//3565 3702//3473 3703//3474
f 3794//3565 3703//3474 3795//3566
f 3795//3566 3703//3474 3704//3475
f 3795//3566 3704//3475 3796//3567
f 3796//3567 3704//3475 3705//3476
f 3796//3567 3705//3476 3797//3568
f 3797//3568 3705//3476 3706//3477
f 3797//3568 3706//3477 3798//3569
f 3798//3569 3706//3477 3707//3478
f 3798//3569 3707//3478 3799//3570
f 3799//3570 3707//3478 3708//3479
f 3799//3570 3708//3479 3800//3571
f 3800//3571 3708//3479 3709//3480
f 3800//3571 3709//3480 3801//3572
f 3801//3572 3709//3480 3710//3481
f 3801//3572 3710//3481 3802//3573
f 3802//3573 3710//3481 3711//3482
f 3802//3573 3711//3482 3803//3574
f 3803//3574 3711//3482 3712//3483
f 3803//3574 3712//3483 3804//3575
f 3804//3575 3712//3483 3713//3484
f 3804//3575 3713//3484 2649//2254
f 2649//2254 3713//3484 2648//2253
f 2649//2254 2648//2253 2403//2149
f 2403//2149 2648//2253 2404//2150
f 2312//2059 2311//2058 3100//2720
f 3100//2720 2311//2058 3098//2718
f 3100//2720 3098//2718 3805//3576
f 3805//3576 3098//2718 3485//3256
f 3805//3576 3485//3256 3806//3577
f 3806//3577 3485//3256 3486//3257
f 3806//3577 3486//3257 3807//3578
f 3807//3578 3486//3257 3487//3258
f 3807//3578 3487//3258 3808//3579
f 3808//3579 3487//3258 3488//3259
f 3808//3579 3488//3259 3809//3580
f 3809//3580 3488//3259 3489//3260
f 3809//3580 3489//3260 3810//3581
f 3810//3581 3489//3260 3490//3261
f 3810//3581 3490//3261 3811//3582
f 3811//3582 3490//3261 3491//3262
f 3811//3582 3491//3262 3812//3583
f 3812//3583 3491//3262 3492//3263
f 3812//3583 3492//3263 3813//3584
f 3813//3584 3492//3263 3493//3264
f 3813//3584 3493//3264 3814//3585
f 3814//3585 3493//3264 3494//3265
f 3814//3585 3494//3265 3815//3586
f 3815//3586 3494//3265 3495//3266
f 3815//3586 3495//3266 3816//3587
f 3816//3587 3495//3266 3496//3267
f 3816//3587 3496//3267 3817//3588
f 3817//3588 3496//3267 3497//3268
f 3817//3588 3497//3268 3818//3589
f 3818//3589 3497//3268 3498//3269
f 3818//3589 3498//3269 3819//3590
f 3819//3590 3498//3269 3499//3270
f 3819//3590 3499//3270 3820//3591
f 3820//3591 3499//3270 3500//3271
f 3820//3591 3500//3271 3821//3592
f 3821//3592 3500//3271 3501//3272
f 3821//3592 3501//3272 3822//3593
f 3822//3593 3501//3272 3502//3273
f 3822//3593 3502//3273 3823//3594
f 3823//3594 3502//3273 3503//3274
f 3823//3594 3503//3274 3824//3595
f 3824//3595 3503//3274 3504//3275
f 3824//3595 3504//3275 3825//3596
f 3825//3596 3504//3275 3505//3276
f 3825//3596 3505//3276 3826//3597
f 3826//3597 3505//3276 3506//3277
f 3826//3597 3506//3277 3827//3598
f 3827//3598 3506//3277 3507//3278
f 3827//3598 3507//3278 3828//3599
f 3828//3599 3507//3278 3508//3279
f 3828//3599 3508//3279 3829//3600
f 3829//3600 3508//3279 3509//3280
f 3829//3600 3509//3280 3830//3601
f 3830//3601 3509//3280 3510//3281
f 3830//3601 3510//3281 3831//3602
f 3831//3602 3510//3281 3511//3282
f 3831//3602 3511//3282 3832//3603
f 3832//3603 3511//3282 3512//3283
f 3832//3603 3512//3283 3833//3604
f 3833//3604 3512//3283 3513//3284
f 3833//3604 3513//3284 3834//3605
f 3834//3605 3513//3284 3514//3285
f 3834//3605 3514//3285 3835//3606
f 3835//3606 3514//3285 3515//3286
f 3835//3606 3515//3286 3836//3607
f 3836//3607 3515//3286 3516//3287
f 3836//3607 3516//3287 3837//3608
f 3837//3608 3516//3287 3517//3288
f 3837//3608 3517//3288 3838//3609
f 2305//2052 2299//2046 3102//2722
f 3102//2722 2299//2046 2297//2044
f 3102//2722 2297//2044 3839//3610
f 3839//3610 2297//2044 3101//2721
f 3839//3610 3101//2721 3840//3611
f 3840//3611 3101//2721 2651//2256
f 3840//3611 2651//2256 3841//3612
f 3841//3612 2651//2256 2650//2255
f 3841//3612 2650//2255 3842//3613
f 3842//3613 2650//2255 3099//2719
f 3842//3613 3099//2719 3843//3614
f 3843//3614 3099//2719 3100//2720
f 3843//3614 3100//2720 3844//3615
f 3844//3615 3100//2720 3805//3576
f 3844//3615 3805//3576 3845//3616
f 3845//3616 3805//3576 3806//3577
f 3845//3616 3806//3577 3846//3617
f 3846//3617 3806//3577 3807//3578
f 3846//3617 3807//3578 3847//3618
f 3847//3618 3807//3578 3808//3579
f 3847//3618 3808//3579 3848//3619
f 3848//3619 3808//3579 3809//3580
f 3848//3619 3809//3580 3849//3620
f 3849//3620 3809//3580 3810//3581
f 3849//3620 3810//3581 3850//3621
f 3850//3621 3810//3581 3811//3582
f 3850//3621 3811//3582 3851//3622
f 3851//3622 3811//3582 3812//3583
f 3851//3622 3812//3583 3852//3623
f 3852//3623 3812//3583 3813//3584
f 3852//3623 3813//3584 3853//3624
f 3853//3624 3813//3584 3814//3585
f 3853//3624 3814//3585 3854//3625
f 3854//3625 3814//3585 3815//3586
f 3854//3625 3815//3586 3855//3626
f 3855//3626 3815//3586 3816//3587
f 3855//3626 3816//3587 3856//3627
f 3856//3627 3816//3587 3817//3588
f 3856//3627 3817//3588 3857//3628
f 3857//3628 3817//3588 3818//3589
f 3857//3628 3818//3589 3858//3629
f 3858//3629 3818//3589 3819//3590
f 3858//3629 3819//3590 3859//3630
f 3859//3630 3819//3590 3820//3591
f 3859//3630 3820//3591 3860//3631
f 3860//3631 3820//3591 3821//3592
f 3860//3631 3821//3592 3861//3632
f 3861//3632 3821//3592 3822//3593
f 3861//3632 3822//3593 3862//3633
f 3862//3633 3822//3593 3823//3594
f 3862//3633 3823//3594 3863//3634
f 3863//3634 3823//3594 3824//3595
f 3863//3634 3824//3595 3864//3635
f 3864//3635 3824//3595 3825//3596
f 3864//3635 3825//3596 3865//3636
f 3865//3636 3825//3596 3826//3597
f 3865//3636 3826//3597 3866//3637
f 3866//3637 3826//3597 3827//3598
f 3866//3637 3827//3598 3867//3638
f 3867//3638 3827//3598 3828//3599
f 3867//3638 3828//3599 3868//3639
f 3868//3639 3828//3599 3829//3600
f 3868//3639 3829//3600 3869//3640
f 3869//3640 3829//3600 3830//3601
f 3869//3640 3830//3601 3870//3641
f 3870//3641 3830//3601 3831//3602
f 3870//3641 3831//3602 3871//3642
f 3871//3642 3831//3602 3832//3603
f 3871//3642 3832//3603 3872//3643
f 3872//3643 3832//3603 3833//3604
f 3872//3643 3833//3604 3873//3644
f 3873//3644 3833//3604 3834//3605
f 3873//3644 3834//3605 3874//3645
f 3874//3645 3834//3605 3835//3606
f 3874//3645 3835//3606 3875//3646
f 3875//3646 3835//3606 3836//3607
f 3875//3646 3836//3607 3876//3647
f 3876//3647 3836//3607 3837//3608
f 3876//3647 3837//3608 3877//3648
f 3877//3648 3837//3608 3838//3609
f 3877//3648 3838//3609 3878//3649
f 2246//1993 2250//1997 2634//2233
f 2634//2233 2250//1997 2635//2234
f 2634//2233 2635//2234 3879//3650
f 3879//3650 2635//2234 3770//3541
f 3879//3650 3770//3541 3880//3651
f 3880//3651 3770//3541 3771//3542
f 3880//3651 3771//3542 3881//3652
f 3881//3652 3771//3542 3772//3543
f 3881//3652 3772//3543 3882//3653
f 3882//3653 3772//3543 3773//3544
f 3882//3653 3773//3544 3883//3654
f 3883//3654 3773//3544 3774//3545
f 3883//3654 3774//3545 3884//3655
f 3884//3655 3774//3545 3775//3546
f 3884//3655 3775//3546 3885//3656
f 3885//3656 3775//3546 3776//3547
f 3885//3656 3776//3547 3886//3657
f 3886//3657 3776//3547 3777//3548
f 3886//3657 3777//3548 3887//3658
f 3887//3658 3777//3548 3778//3549
f 3887//3658 3778//3549 3888//3659
f 3888//3659 3778//3549 3779//3550
f 3888//3659 3779//3550 3889//3660
f 3889//3660 3779//3550 3780//3551
f 3889//3660 3780//3551 3890//3661
f 3890//3661 3780//3551 3781//3552
f 3890//3661 3781//3552 3891//3662
f 3891//3662 3781//3552 3782//3553
f 3891//3662 3782//3553 3892//3663
f 3892//3663 3782//3553 3783//3554
f 3892//3663 3783//3554 3893//3664
f 3893//3664 3783//3554 3784//3555
f 3893//3664 3784//3555 3894//3665
f 3894//3665 3784//3555 3785//3556
f 3894//3665 3785//3556 3895//3666
f 3895//3666 3785//3556 3786//3557
f 3895//3666 3786//3557 3896//3667
f 3896//3667 3786//3557 3787//3558
f 3896//3667 3787//3558 3897//3668
f 3897//3668 3787//3558 3788//3559
f 3897//3668 3788//3559 3898//3669
f 3898//3669 3788//3559 3789//3560
f 3898//3669 3789//3560 3899//3670
f 3899//3670 3789//3560 3790//3561
f 3899//3670 3790//3561 3900//3671
f 3900//3671 3790//3561 3791//3562
f 3900//3671 3791//3562 3901//3672
f 3901//3672 3791//3562 3792//3563
f 3901//3672 3792//3563 3902//3673
f 3902//3673 3792//3563 3793//3564
f 3902//3673 3793//3564 3903//3674
f 3903//3674 3793//3564 3794//3565
f 3903//3674 3794//3565 3904//3675
f 3904//3675 3794//3565 3795//3566
f 3904//3675 3795//3566 3905//3676
f 3905//3676 3795//3566 3796//3567
f 3905//3676 3796//3567 3906//3677
f 3906//3677 3796//3567 3797//3568
f 3906//3677 3797//3568 3907//3678
f 3907//3678 3797//3568 3798//3569
f 3907//3678 3798//3569 3908//3679
f 3908//3679 3798//3569 3799//3570
f 3908//3679 3799//3570 3909//3680
f 3909//3680 3799//3570 3800//3571
f 3909//3680 3800//3571 3910//3681
f 3910//3681 3800//3571 3801//3572
f 3910//3681 3801//3572 3911//3682
f 3911//3682 3801//3572 3802//3573
f 3911//3682 3802//3573 3912//3683
f 3912//3683 3802//3573 3803//3574
f 3912//3683 3803//3574 3913//3684
f 3913//3684 3803//3574 3804//3575
f 3913//3684 3804//3575 3914//3685
f 3914//3685 3804//3575 2649//2254
f 3914//3685 2649//2254 2303//2050
f 2303//2050 2649//2254 2402//2148
f 3915//3686 3916//3687 3917//3688
f 3917//3688 3916//3687 3918//3689
f 3917//3688 3918//3689 3919//3690
f 3919//3690 3918//3689 3920//3691
f 3919//3690 3920//3691 3921//3692
f 3921//3692 3920//3691 3922//3693
f 3921//3692 3922//3693 3923//3694
f 3923//3694 3922//3693 3924//3695
f 3923//3694 3924//3695 3925//3696
f 3925//3696 3924//3695 3926//3697
f 3925//3696 3926//3697 3927//3698
f 3927//3698 3926//3697 3928//3699
f 3927//3698 3928//3699 3929//3700
f 3929//3700 3928//3699 3930//3701
f 3929//3700 3930//3701 3931//3702
f 3931//3702 3930//3701 3932//3703
f 3931//3702 3932//3703 3933//3704
f 3933//3704 3932//3703 3934//3705
f 3933//3704 3934//3705 3935//3706
f 3935//3706 3934//3705 3936//3707
f 3935//3706 3936//3707 3937//3708
f 3937//3708 3936//3707 3938//3709
f 3937//3708 3938//3709 3939//3710
f 3939//3710 3938//3709 3940//3711
f 3939//3710 3940//3711 3941//3712
f 3941//3712 3940//3711 3942//3713
f 3941//3712 3942//3713 3943//3714
f 3943//3714 3942//3713 3944//3715
f 3943//3714 3944//3715 3945//3716
f 3945//3716 3944//3715 3946//3717
f 3945//3716 3946//3717 3947//3718
f 3947//3718 3946//3717 3948//3719
f 3947//3718 3948//3719 3949//3720
f 3949//3720 3948//3719 3950//3721
f 3949//3720 3950//3721 3951//3722
f 3951//3722 3950//3721 3952//3723
f 3951//3722 3952//3723 3953//3724
f 3953//3724 3952//3723 3954//3725
f 3953//3724 3954//3725 3955//3726
f 3955//3726 3954//3725 3956//3727
f 3955//3726 3956//3727 3957//3728
f 3957//3728 3956//3727 3958//3729
f 3957//3728 3958//3729 3959//3730
f 3959//3730 3958//3729 3960//3731
f 3959//3730 3960//3731 3961//3732
f 3961//3732 3960//3731 3962//3733
f 3961//3732 3962//3733 3963//3734
f 3963//3734 3962//3733 3964//3735
f 3963//3734 3964//3735 3965//3736
f 3965//3736 3964//3735 3966//3737
f 3965//3736 3966//3737 3967//3738
f 3967//3738 3966//3737 3968//3739
f 3967//3738 3968//3739 3969//3740
f 3969//3740 3968//3739 3970//3741
f 3969//3740 3970//3741 3155//2844
f 3155//2844 3970//3741 3156//2845
f 3155//2844 3156//2845 2158//1905
f 2158//1905 3156//2845 2159//1906
f 2248//1995 2247//1994 3147//2836
f 3147//2836 2247//1994 2634//2233
f 3147//2836 2634//2233 3971//3742
f 3971//3742 2634//2233 3879//3650
f 3971//3742 3879//3650 3972//3743
f 3972//3743 3879//3650 3880//3651
f 3972//3743 3880//3651 3973//3744
f 3973//3744 3880//3651 3881//3652
f 3973//3744 3881//3652 3974//3745
f 3974//3745 3881//3652 3882//3653
f 3974//3745 3882//3653 3975//3746
f 3975//3746 3882//3653 3883//3654
f 3975//3746 3883//3654 3976//3747
f 3976//3747 3883//3654 3884//3655
f 3976//3747 3884//3655 3977//3748
f 3977//3748 3884//3655 3885//3656
f 3977//3748 3885//3656 3978//3749
f 3978//3749 3885//3656 3886//3657
f 3978//3749 3886//3657 3979//3750
f 3979//3750 3886//3657 3887//3658
f 3979//3750 3887//3658 3980//3751
f 3980//3751 3887//3658 3888//3659
f 3980//3751 3888//3659 3981//3752
f 3981//3752 3888//3659 3889//3660
f 3981//3752 3889//3660 3982//3753
f 3982//3753 3889//3660 3890//3661
f 3982//3753 3890//3661 3983//3754
f 3983//3754 3890//3661 3891//3662
f 3983//3754 3891//3662 3984//3755
f 3984//3755 3891//3662 3892//3663
f 3984//3755 3892//3663 3985//3756
f 3985//3756 3892//3663 3893//3664
f 3985//3756 3893//3664 3986//3757
f 3986//3757 3893//3664 3894//3665
f 3986//3757 3894//3665 3987//3758
f 3987//3758 3894//3665 3895//3666
f 3987//3758 3895//3666 3988//3759
f 3988//3759 3895//3666 3896//3667
f 3988//3759 3896//3667 3989//3760
f 3989//3760 3896//3667 3897//3668
f 3989//3760 3897//3668 3990//3761
f 3990//3761 3897//3668 3898//3669
f 3990//3761 3898//3669 3991//3762
f 3991//3762 3898//3669 3899//3670
f 3991//3762 3899//3670 3992//3763
f 3992//3763 3899//3670 3900//3671
f 3992//3763 3900//3671 3993//3764
f 3993//3764 3900//3671 3901//3672
f 3993//3764 3901//3672 3994//3765
f 3994//3765 3901//3672 3902//3673
f 3994//3765 3902//3673 3995//3766
f 3995//3766 3902//3673 3903//3674
f 3995//3766 3903//3674 3996//3767
f 3996//3767 3903//3674 3904//3675
f 3996//3767 3904//3675 3997//3768
f 3997//3768 3904//3675 3905//3676
f 3997//3768 3905//3676 3998//3769
f 3998//3769 3905//3676 3906//3677
f 3998//3769 3906//3677 3999//3770
f 3999//3770 3906//3677 3907//3678
f 3999//3770 3907//3678 4000//3771
f 4000//3771 3907//3678 3908//3679
f 4000//3771 3908//3679 4001//3772
f 4001//3772 3908//3679 3909//3680
f 4001//3772 3909//3680 4002//3773
f 4002//3773 3909//3680 3910//3681
f 4002//3773 3910//3681 4003//3774
f 4003//3774 3910//3681 3911//3682
f 4003//3774 3911//3682 4004//3775
f 4004//3775 3911//3682 3912//3683
f 4004//3775 3912//3683 4005//3776
f 4005//3776 3912//3683 3913//3684
f 4005//3776 3913//3684 3104//2724
f 3104//2724 3913//3684 3914//3685
f 3104//2724 3914//3685 2301//2048
f 2301//2048 3914//3685 2303//2050
f 2818//2432 4006//3777 2822//2436
f 2822//2436 4006//3777 4007//3778
f 2822//2436 4007//3778 2820//2434
f 2820//2434 4007//3778 4008//3779
f 2820//2434 4008//3779 2827//2441
f 2827//2441 4008//3779 4009//3780
f 2827//2441 4009//3780 2831//2445
f 2831//2445 4009//3780 4010//3781
f 2831//2445 4010//3781 2833//2447
f 2833//2447 4010//3781 4011//3782
f 2833//2447 4011//3782 2835//2449
f 2835//2449 4011//3782 4012//3783
f 2835//2449 4012//3783 2838//2452
f 2838//2452 4012//3783 4013//3784
f 2838//2452 4013//3784 2843//2457
f 2843//2457 4013//3784 4014//3785
f 2843//2457 4014//3785 2847//2461
f 2847//2461 4014//3785 4015//3786
f 2847//2461 4015//3786 2849//2463
f 2849//2463 4015//3786 4016//3787
f 2849//2463 4016//3787 2852//2466
f 2852//2466 4016//3787 4017//3788
f 2852//2466 4017//3788 2854//2468
f 2854//2468 4017//3788 4018//3789
f 2854//2468 4018//3789 2859//2473
f 2859//2473 4018//3789 4019//3790
f 2859//2473 4019//3790 2863//2477
f 2863//2477 4019//3790 4020//3791
f 2863//2477 4020//3791 2865//2479
f 2865//2479 4020//3791 4021//3792
f 2865//2479 4021//3792 2868//2482
f 2868//2482 4021//3792 4022//3793
f 2868//2482 4022//3793 2870//2484
f 2870//2484 4022//3793 4023//3794
f 2870//2484 4023//3794 2875//2489
f 2875//2489 4023//3794 4024//3795
f 2875//2489 4024//3795 2880//2494
f 2880//2494 4024//3795 4025//3796
f 2880//2494 4025//3796 2878//2492
f 2878//2492 4025//3796 4026//3797
f 2878//2492 4026//3797 2885//2499
f 2885//2499 4026//3797 4027//3798
f 2885//2499 4027//3798 2883//2497
f 2883//2497 4027//3798 4028//3799
f 2883//2497 4028//3799 2888//2502
f 2888//2502 4028//3799 4029//3800
f 2888//2502 4029//3800 2891//2505
f 2891//2505 4029//3800 4030//3801
f 2891//2505 4030//3801 2900//2514
f 2900//2514 4030//3801 4031//3802
f 2900//2514 4031//3802 2898//2512
f 2898//2512 4031//3802 4032//3803
f 2898//2512 4032//3803 2904//2518
f 2904//2518 4032//3803 4033//3804
f 2904//2518 4033//3804 2907//2521
f 2907//2521 4033//3804 4034//3805
f 2907//2521 4034//3805 2910//2524
f 2910//2524 4034//3805 4035//3806
f 2910//2524 4035//3806 2913//2527
f 2913//2527 4035//3806 4036//3807
f 2913//2527 4036//3807 2916//2530
f 2916//2530 4036//3807 4037//3808
f 2916//2530 4037//3808 2918//2532
f 2918//2532 4037//3808 3150//2839
f 2918//2532 3150//2839 2924//2538
f 2924//2538 3150//2839 3149//2838
f 2924//2538 3149//2838 2926//2540
f 2926//2540 3149//2838 3148//2837
f 2926//2540 3148//2837 2932//2546
f 2932//2546 3148//2837 3147//2836
f 2932//2546 3147//2836 2930//2544
f 2930//2544 3147//2836 3971//3742
f 2930//2544 3971//3742 2935//2549
f 2935//2549 3971//3742 3972//3743
f 2935//2549 3972//3743 2661//2267
f 2661//2267 3972//3743 3973//3744
f 2661//2267 3973//3744 2940//2554
f 2940//2554 3973//3744 3974//3745
f 2940//2554 3974//3745 2943//2557
f 2943//2557 3974//3745 3975//3746
f 2943//2557 3975//3746 2946//2560
f 2946//2560 3975//3746 3976//3747
f 2946//2560 3976//3747 2948//2562
f 2948//2562 3976//3747 3977//3748
f 2948//2562 3977//3748 2949//2563
f 2949//2563 3977//3748 3978//3749
f 2949//2563 3978//3749 2957//2571
f 2957//2571 3978//3749 3979//3750
f 2957//2571 3979//3750 2954//2568
f 2954//2568 3979//3750 3980//3751
f 2954//2568 3980//3751 2962//2576
f 2962//2576 3980//3751 3981//3752
f 2962//2576 3981//3752 2965//2579
f 2965//2579 3981//3752 3982//3753
f 2965//2579 3982//3753 2968//2582
f 2968//2582 3982//3753 3983//3754
f 2968//2582 3983//3754 2972//2586
f 2972//2586 3983//3754 3984//3755
f 2972//2586 3984//3755 2976//2590
f 2976//2590 3984//3755 3985//3756
f 2976//2590 3985//3756 2978//2592
f 2978//2592 3985//3756 3986//3757
f 2978//2592 3986//3757 2981//2595
f 2981//2595 3986//3757 3987//3758
f 2981//2595 3987//3758 2987//2601
f 2987//2601 3987//3758 3988//3759
f 2987//2601 3988//3759 2985//2599
f 2985//2599 3988//3759 3989//3760
f 2985//2599 3989//3760 2658//2264
f 2658//2264 3989//3760 3990//3761
f 2658//2264 3990//3761 2992//2606
f 2992//2606 3990//3761 3991//3762
f 2992//2606 3991//3762 2994//2608
f 2994//2608 3991//3762 3992//3763
f 2994//2608 3992//3763 3000//2614
f 3000//2614 3992//3763 3993//3764
f 3000//2614 3993//3764 2998//2612
f 2998//2612 3993//3764 3994//3765
f 2998//2612 3994//3765 2655//2261
f 2655//2261 3994//3765 3995//3766
f 2655//2261 3995//3766 3005//2619
f 3005//2619 3995//3766 3996//3767
f 3005//2619 3996//3767 3007//2621
f 3007//2621 3996//3767 3997//3768
f 3007//2621 3997//3768 3013//2627
f 3013//2627 3997//3768 3998//3769
f 3013//2627 3998//3769 3011//2625
f 3011//2625 3998//3769 3999//3770
f 3011//2625 3999//3770 3017//2631
f 3017//2631 3999//3770 4000//3771
f 3017//2631 4000//3771 3021//2635
f 3021//2635 4000//3771 4001//3772
f 3021//2635 4001//3772 3019//2633
f 3019//2633 4001//3772 4002//3773
f 3019//2633 4002//3773 3024//2638
f 3024//2638 4002//3773 4003//3774
f 3024//2638 4003//3774 3029//2643
f 3029//2643 4003//3774 4004//3775
f 3029//2643 4004//3775 3033//2647
f 3033//2647 4004//3775 4005//3776
f 3033//2647 4005//3776 3037//2651
f 3037//2651 4005//3776 3104//2724
f 3037//2651 3104//2724 3035//2649
f 3035//2649 3104//2724 3103//2723
f 3035//2649 3103//2723 3040//2654
f 3040//2654 3103//2723 3102//2722
f 3040//2654 3102//2722 3045//2659
f 3045//2659 3102//2722 3839//3610
f 3045//2659 3839//3610 3049//2663
f 3049//2663 3839//3610 3840//3611
f 3049//2663 3840//3611 3055//2669
f 3055//2669 3840//3611 3841//3612
f 3055//2669 3841//3612 3053//2667
f 3053//2667 3841//3612 3842//3613
f 3053//2667 3842//3613 3059//2673
f 3059//2673 3842//3613 3843//3614
f 3059//2673 3843//3614 3061//2675
f 3061//2675 3843//3614 3844//3615
f 3061//2675 3844//3615 3064//2678
f 3064//2678 3844//3615 3845//3616
f 3064//2678 3845//3616 3068//2682
f 3068//2682 3845//3616 3846//3617
f 3068//2682 3846//3617 3072//2686
f 3072//2686 3846//3617 3847//3618
f 3072//2686 3847//3618 3074//2688
f 3074//2688 3847//3618 3848//3619
f 3074//2688 3848//3619 3076//2690
f 3076//2690 3848//3619 3849//3620
f 3076//2690 3849//3620 3081//2695
f 3081//2695 3849//3620 3850//3621
f 3081//2695 3850//3621 2689//2303
f 2689//2303 3850//3621 3851//3622
f 2689//2303 3851//3622 2688//2302
f 2688//2302 3851//3622 3852//3623
f 2688//2302 3852//3623 2690//2304
f 2690//2304 3852//3623 3853//3624
f 2690//2304 3853//3624 2695//2309
f 2695//2309 3853//3624 3854//3625
f 2695//2309 3854//3625 2698//2312
f 2698//2312 3854//3625 3855//3626
f 2698//2312 3855//3626 2700//2314
f 2700//2314 3855//3626 3856//3627
f 2700//2314 3856//3627 2703//2317
f 2703//2317 3856//3627 3857//3628
f 2703//2317 3857//3628 2663//2269
f 2663//2269 3857//3628 3858//3629
f 2663//2269 3858//3629 2664//2270
f 2664//2270 3858//3629 3859//3630
f 2664//2270 3859//3630 2709//2323
f 2709//2323 3859//3630 3860//3631
f 2709//2323 3860//3631 2716//2330
f 2716//2330 3860//3631 3861//3632
f 2716//2330 3861//3632 2718//2332
f 2718//2332 3861//3632 3862//3633
f 2718//2332 3862//3633 2721//2335
f 2721//2335 3862//3633 3863//3634
f 2721//2335 3863//3634 2725//2339
f 2725//2339 3863//3634 3864//3635
f 2725//2339 3864//3635 2723//2337
f 2723//2337 3864//3635 3865//3636
f 2723//2337 3865//3636 2732//2346
f 2732//2346 3865//3636 3866//3637
f 2732//2346 3866//3637 2734//2348
f 2734//2348 3866//3637 3867//3638
f 2734//2348 3867//3638 2737//2351
f 2737//2351 3867//3638 3868//3639
f 2737//2351 3868//3639 2739//2353
f 2739//2353 3868//3639 3869//3640
f 2739//2353 3869//3640 2742//2356
f 2742//2356 3869//3640 3870//3641
f 2742//2356 3870//3641 2745//2359
f 2745//2359 3870//3641 3871//3642
f 2745//2359 3871//3642 2748//2362
f 2748//2362 3871//3642 3872//3643
f 2748//2362 3872//3643 2753//2367
f 2753//2367 3872//3643 3873//3644
f 2753//2367 3873//3644 2757//2371
f 2757//2371 3873//3644 3874//3645
f 2757//2371 3874//3645 2760//2374
f 2760//2374 3874//3645 3875//3646
f 2760//2374 3875//3646 2763//2377
f 2763//2377 3875//3646 3876//3647
f 2763//2377 3876//3647 2766//2380
f 2766//2380 3876//3647 3877//3648
f 2766//2380 3877//3648 2769//2383
f 2769//2383 3877//3648 3878//3649
f 2769//2383 3878//3649 2773//2387
f 4006//3777 3915//3686 4007//3778
f 4007//3778 3915//3686 3917//3688
f 4007//3778 3917//3688 4008//3779
f 4008//3779 3917//3688 3919//3690
f 4008//3779 3919//3690 4009//3780
f 4009//3780 3919//3690 3921//3692
f 4009//3780 3921//3692 4010//3781
f 4010//3781 3921//3692 3923//3694
f 4010//3781 3923//3694 4011//3782
f 4011//3782 3923//3694 3925//3696
f 4011//3782 3925//3696 4012//3783
f 4012//3783 3925//3696 3927//3698
f 4012//3783 3927//3698 4013//3784
f 4013//3784 3927//3698 3929//3700
f 4013//3784 3929//3700 4014//3785
f 4014//3785 3929//3700 3931//3702
f 4014//3785 3931//3702 4015//3786
f 4015//3786 3931//3702 3933//3704
f 4015//3786 3933//3704 4016//3787
f 4016//3787 3933//3704 3935//3706
f 4016//3787 3935//3706 4017//3788
f 4017//3788 3935//3706 3937//3708
f 4017//3788 3937//3708 4018//3789
f 4018//3789 3937//3708 3939//3710
f 4018//3789 3939//3710 4019//3790
f 4019//3790 3939//3710 3941//3712
f 4019//3790 3941//3712 4020//3791
f 4020//3791 3941//3712 3943//3714
f 4020//3791 3943//3714 4021//3792
f 4021//3792 3943//3714 3945//3716
f 4021//3792 3945//3716 4022//3793
f 4022//3793 3945//3716 3947//3718
f 4022//3793 3947//3718 4023//3794
f 4023//3794 3947//3718 3949//3720
f 4023//3794 3949//3720 4024//3795
f 4024//3795 3949//3720 3951//3722
f 4024//3795 3951//3722 4025//3796
f 4025//3796 3951//3722 3953//3724
f 4025//3796 3953//3724 4026//3797
f 4026//3797 3953//3724 3955//3726
f 4026//3797 3955//3726 4027//3798
f 4027//3798 3955//3726 3957//3728
f 4027//3798 3957//3728 4028//3799
f 4028//3799 3957//3728 3959//3730
f 4028//3799 3959//3730 4029//3800
f 4029//3800 3959//3730 3961//3732
f 4029//3800 3961//3732 4030//3801
f 4030//3801 3961//3732 3963//3734
f 4030//3801 3963//3734 4031//3802
f 4031//3802 3963//3734 3965//3736
f 4031//3802 3965//3736 4032//3803
f 4032//3803 3965//3736 3967//3738
f 4032//3803 3967//3738 4033//3804
f 4033//3804 3967//3738 3969//3740
f 4033//3804 3969//3740 4034//3805
f 4034//3805 3969//3740 3155//2844
f 4034//3805 3155//2844 4035//3806
f 4035//3806 3155//2844 3154//2843
f 4035//3806 3154//2843 4036//3807
f 4036//3807 3154//2843 3153//2842
f 4036//3807 3153//2842 4037//3808
f 4037//3808 3153//2842 3152//2841
f 4037//3808 3152//2841 3150//2839
f 3150//2839 3152//2841 7719//2840
f 3150//2839 7719//2840 7718//1984
s 0
f 2237//3809 3151//3809 2241//3809
s 1
f 3916//3687 3714//3485 3918//3689
f 3918//3689 3714//3485 3716//3487
f 3918//3689 3716//3487 3920//3691
f 3920//3691 3716//3487 3718//3489
f 3920//3691 3718//3489 3922//3693
f 3922//3693 3718//3489 3720//3491
f 3922//3693 3720//3491 3924//3695
f 3924//3695 3720//3491 3722//3493
f 3924//3695 3722//3493 3926//3697
f 3926//3697 3722//3493 3724//3495
f 3926//3697 3724//3495 3928//3699
f 3928//3699 3724//3495 3726//3497
f 3928//3699 3726//3497 3930//3701
f 3930//3701 3726//3497 3728//3499
f 3930//3701 3728//3499 3932//3703
f 3932//3703 3728//3499 3730//3501
f 3932//3703 3730//3501 3934//3705
f 3934//3705 3730//3501 3732//3503
f 3934//3705 3732//3503 3936//3707
f 3936//3707 3732//3503 3734//3505
f 3936//3707 3734//3505 3938//3709
f 3938//3709 3734//3505 3736//3507
f 3938//3709 3736//3507 3940//3711
f 3940//3711 3736//3507 3738//3509
f 3940//3711 3738//3509 3942//3713
f 3942//3713 3738//3509 3740//3511
f 3942//3713 3740//3511 3944//3715
f 3944//3715 3740//3511 3742//3513
f 3944//3715 3742//3513 3946//3717
f 3946//3717 3742//3513 3744//3515
f 3946//3717 3744//3515 3948//3719
f 3948//3719 3744//3515 3746//3517
f 3948//3719 3746//3517 3950//3721
f 3950//3721 3746//3517 3748//3519
f 3950//3721 3748//3519 3952//3723
f 3952//3723 3748//3519 3750//3521
f 3952//3723 3750//3521 3954//3725
f 3954//3725 3750//3521 3752//3523
f 3954//3725 3752//3523 3956//3727
f 3956//3727 3752//3523 3754//3525
f 3956//3727 3754//3525 3958//3729
f 3958//3729 3754//3525 3756//3527
f 3958//3729 3756//3527 3960//3731
f 3960//3731 3756//3527 3758//3529
f 3960//3731 3758//3529 3962//3733
f 3962//3733 3758//3529 3760//3531
f 3962//3733 3760//3531 3964//3735
f 3964//3735 3760//3531 3762//3533
f 3964//3735 3762//3533 3966//3737
f 3966//3737 3762//3533 3764//3535
f 3966//3737 3764//3535 3968//3739
f 3968//3739 3764//3535 3766//3537
f 3968//3739 3766//3537 3970//3741
f 3970//3741 3766//3537 3768//3539
f 3970//3741 3768//3539 3156//2845
f 3156//2845 3768//3539 2633//2232
f 3156//2845 2633//2232 2227//1974
f 2227//1974 2633//2232 2228//1975
f 2368//2115 2367//2114 3109//2729
f 3109//2729 2367//2114 2644//2249
f 3109//2729 2644//2249 3110//2733
f 3110//2733 2644//2249 4038//3810
f 3110//2733 4038//3810 3111//2735
f 3111//2735 4038//3810 4039//3811
f 3111//2735 4039//3811 3112//2737
f 3112//2737 4039//3811 4040//3812
f 3112//2737 4040//3812 3114//2742
f 3114//2742 4040//3812 4041//3813
f 3114//2742 4041//3813 3113//2740
f 3113//2740 4041//3813 4042//3814
f 3113//2740 4042//3814 3115//2747
f 3115//2747 4042//3814 4043//3815
f 3115//2747 4043//3815 2643//2248
f 2643//2248 4043//3815 4044//3816
f 2643//2248 4044//3816 3116//2752
f 3116//2752 4044//3816 4045//3817
f 3116//2752 4045//3817 3117//2754
f 3117//2754 4045//3817 4046//3818
f 3117//2754 4046//3818 3118//2757
f 3118//2757 4046//3818 4047//3819
f 3118//2757 4047//3819 3119//2760
f 3249//3016 4048//3820 3260//3027
f 3260//3027 4048//3820 4049//3821
f 3260//3027 4049//3821 4050//3822
f 4051//3823 4052//3824 4053//3825
f 4053//3825 4052//3824 4054//3826
f 4049//3821 4055//3827 4050//3822
f 4050//3822 4055//3827 4056//3828
f 4050//3822 4056//3828 4051//3823
f 4051//3823 4056//3828 4057//3829
f 4051//3823 4057//3829 4052//3824
f 4058//3830 4054//3826 4059//3831
f 4059//3831 4054//3826 4052//3824
f 4059//3831 4052//3824 4060//3832
f 4060//3832 4052//3824 4057//3829
f 4060//3832 4057//3829 4061//3833
f 4061//3833 4057//3829 4056//3828
f 4061//3833 4056//3828 4062//3834
f 4062//3834 4056//3828 4055//3827
f 4062//3834 4055//3827 4063//3835
f 4063//3835 4055//3827 4049//3821
f 4063//3835 4049//3821 4064//3836
f 4064//3836 4049//3821 4048//3820
f 4064//3836 4048//3820 4065//3837
f 4065//3837 4048//3820 3249//3016
f 4065//3837 3249//3016 4066//3838
f 4066//3838 3249//3016 3251//3018
f 2335//2082 2342//2089 2652//2257
f 2652//2257 2342//2089 3093//2713
f 2652//2257 3093//2713 2593//2182
f 2592//2181 4058//3830 4067//3839
f 4067//3839 4058//3830 4059//3831
f 4067//3839 4059//3831 4068//3840
f 4068//3840 4059//3831 4060//3832
f 4068//3840 4060//3832 4069//3841
f 4069//3841 4060//3832 4061//3833
f 4069//3841 4061//3833 4070//3842
f 4070//3842 4061//3833 4062//3834
f 4070//3842 4062//3834 4071//3843
f 4071//3843 4062//3834 4063//3835
f 4071//3843 4063//3835 4072//3844
f 4072//3844 4063//3835 4064//3836
f 4072//3844 4064//3836 4073//3845
f 4073//3845 4064//3836 4065//3837
f 4073//3845 4065//3837 4074//3846
f 4074//3846 4065//3837 4066//3838
f 4074//3846 4066//3838 4075//3847
f 4075//3847 4066//3838 3251//3018
f 4075//3847 3251//3018 4076//3848
f 4076//3848 3251//3018 3253//3020
f 4076//3848 3253//3020 4077//3849
f 4077//3849 3253//3020 3252//3019
f 4077//3849 3252//3019 4078//3850
f 4078//3850 3252//3019 3257//3024
f 4078//3850 3257//3024 4079//3851
f 4079//3851 3257//3024 3256//3023
f 4079//3851 3256//3023 4080//3852
f 4080//3852 3256//3023 3255//3022
f 4080//3852 3255//3022 4081//3853
f 4081//3853 3255//3022 3254//3021
f 4081//3853 3254//3021 4082//3854
f 4082//3854 3254//3021 3277//3044
f 2171//1918 2180//1927 2640//2239
f 2640//2239 2180//1927 3142//2829
f 2640//2239 3142//2829 4083//3855
f 4083//3855 3142//2829 3141//2827
f 4083//3855 3141//2827 4084//3856
f 4084//3856 3141//2827 3140//2824
f 4084//3856 3140//2824 4085//3857
f 4085//3857 3140//2824 3139//2822
f 4085//3857 3139//2822 4086//3858
f 4086//3858 3139//2822 3137//2816
f 4086//3858 3137//2816 4087//3859
f 4087//3859 3137//2816 3138//2818
f 4087//3859 3138//2818 4088//3860
f 4088//3860 3138//2818 3136//2808
f 4088//3860 3136//2808 4089//3861
f 4089//3861 3136//2808 3135//2805
f 4089//3861 3135//2805 4090//3862
f 4090//3862 3135//2805 3134//2802
f 4090//3862 3134//2802 4091//3863
f 4091//3863 3134//2802 3132//2795
f 4091//3863 3132//2795 4092//3864
f 4092//3864 3132//2795 3133//2797
f 4092//3864 3133//2797 3131//2792
f 3131//2792 3133//2797 2523//2799
f 3131//2792 2523//2799 2500//2793
f 2172//1919 2169//1916 3143//2832
f 3143//2832 2169//1916 2640//2239
f 3143//2832 2640//2239 4093//3865
f 4093//3865 2640//2239 4083//3855
f 4093//3865 4083//3855 4094//3866
f 4094//3866 4083//3855 4084//3856
f 4094//3866 4084//3856 4095//3867
f 4095//3867 4084//3856 4085//3857
f 4095//3867 4085//3857 4096//3868
f 4096//3868 4085//3857 4086//3858
f 4096//3868 4086//3858 4097//3869
f 4097//3869 4086//3858 4087//3859
f 4097//3869 4087//3859 4098//3870
f 4098//3870 4087//3859 4088//3860
f 4098//3870 4088//3860 4099//3871
f 4099//3871 4088//3860 4089//3861
f 4099//3871 4089//3861 4100//3872
f 4100//3872 4089//3861 4090//3862
f 4100//3872 4090//3862 4101//3873
f 4101//3873 4090//3862 4091//3863
f 4101//3873 4091//3863 4102//3874
f 4102//3874 4091//3863 4092//3864
f 4102//3874 4092//3864 4103//3875
f 4103//3875 4092//3864 3131//2792
f 4103//3875 3131//2792 4104//3876
f 4104//3876 3131//2792 3130//2790
f 4104//3876 3130//2790 4105//3877
f 4105//3877 3130//2790 3129//2788
f 4105//3877 3129//2788 4106//3878
f 4106//3878 3129//2788 3128//2785
f 4106//3878 3128//2785 4107//3879
f 4107//3879 3128//2785 3127//2782
f 4107//3879 3127//2782 4108//3880
f 4108//3880 3127//2782 3126//2780
f 4108//3880 3126//2780 4109//3881
f 4109//3881 3126//2780 2641//2242
f 4109//3881 2641//2242 4110//3882
f 4110//3882 2641//2242 3125//2776
f 4110//3882 3125//2776 4111//3883
f 4111//3883 3125//2776 3124//2774
f 4111//3883 3124//2774 4112//3884
f 4112//3884 3124//2774 3123//2771
f 4112//3884 3123//2771 4113//3885
f 4113//3885 3123//2771 3122//2769
f 4113//3885 3122//2769 4114//3886
f 4114//3886 3122//2769 2642//2245
f 4114//3886 2642//2245 4115//3887
f 4115//3887 2642//2245 3121//2764
f 4115//3887 3121//2764 4116//3888
f 4116//3888 3121//2764 3120//2762
f 4116//3888 3120//2762 4117//3889
f 4117//3889 3120//2762 3119//2760
f 4117//3889 3119//2760 4118//3890
f 4118//3890 3119//2760 4047//3819
f 4118//3890 4047//3819 4119//3891
f 4119//3891 4047//3819 4046//3818
f 4119//3891 4046//3818 4120//3892
f 4120//3892 4046//3818 4045//3817
f 4120//3892 4045//3817 4121//3893
f 4121//3893 4045//3817 4044//3816
f 4121//3893 4044//3816 4122//3894
f 4122//3894 4044//3816 4043//3815
f 4122//3894 4043//3815 4123//3895
f 4123//3895 4043//3815 4042//3814
f 4123//3895 4042//3814 4124//3896
f 4124//3896 4042//3814 4041//3813
f 4124//3896 4041//3813 4125//3897
f 4125//3897 4041//3813 4040//3812
f 4125//3897 4040//3812 4126//3898
f 4126//3898 4040//3812 4039//3811
f 4126//3898 4039//3811 4127//3899
f 4127//3899 4039//3811 4038//3810
f 4127//3899 4038//3810 2645//2250
f 2645//2250 4038//3810 2644//2249
f 2645//2250 2644//2249 2374//2121
f 2374//2121 2644//2249 2366//2113
f 2192//1939 2191//1938 4128//3900
f 4128//3900 2191//1938 3161//2850
f 4128//3900 3161//2850 4129//3901
f 2593//2182 3093//2713 2594//2183
f 2594//2183 3093//2713 3092//2712
f 2594//2183 3092//2712 4130//3902
f 4130//3902 3092//2712 3091//2711
f 4130//3902 3091//2711 4131//3903
f 4131//3903 3091//2711 3089//2709
f 4131//3903 3089//2709 4132//3904
f 4132//3904 3089//2709 3090//2710
f 4132//3904 3090//2710 4133//3905
f 4133//3905 3090//2710 4134//3906
f 4133//3905 4134//3906 4135//3907
f 4135//3907 4134//3906 4136//3908
f 4135//3907 4136//3908 4137//3909
f 4137//3909 4136//3908 4138//3910
f 4137//3909 4138//3910 4139//3911
f 4139//3911 4138//3910 4140//3912
f 4139//3911 4140//3912 4141//3913
f 4141//3913 4140//3912 4142//3914
f 4141//3913 4142//3914 4143//3915
f 4143//3915 4142//3914 4144//3916
f 4143//3915 4144//3916 4145//3917
f 4145//3917 4144//3916 4146//3918
f 4145//3917 4146//3918 4147//3919
f 4147//3919 4146//3918 4148//3920
f 4147//3919 4148//3920 4149//3921
f 4149//3921 4148//3920 4150//3922
f 4149//3921 4150//3922 4151//3923
f 4151//3923 4150//3922 4152//3924
f 4151//3923 4152//3924 4153//3925
f 4153//3925 4152//3924 4154//3926
f 4153//3925 4154//3926 4155//3927
f 4155//3927 4154//3926 4156//3928
f 4155//3927 4156//3928 4157//3929
f 4157//3929 4156//3928 4158//3930
f 4157//3929 4158//3930 4159//3931
f 4159//3931 4158//3930 4160//3932
f 4159//3931 4160//3932 4161//3933
f 4161//3933 4160//3932 4162//3934
f 4161//3933 4162//3934 4163//3935
f 4163//3935 4162//3934 4164//3936
f 4163//3935 4164//3936 4165//3937
f 4165//3937 4164//3936 4166//3938
f 4165//3937 4166//3938 4167//3939
f 4167//3939 4166//3938 4168//3940
f 4167//3939 4168//3940 4169//3941
f 4169//3941 4168//3940 4170//3942
f 4169//3941 4170//3942 4171//3943
f 4171//3943 4170//3942 4172//3944
f 4171//3943 4172//3944 4173//3945
f 4173//3945 4172//3944 4174//3946
f 4173//3945 4174//3946 4175//3947
f 4175//3947 4174//3946 4176//3948
f 4175//3947 4176//3948 4177//3949
f 4177//3949 4176//3948 4178//3950
f 4177//3949 4178//3950 4179//3951
f 4179//3951 4178//3950 4180//3952
f 4179//3951 4180//3952 4181//3953
f 4181//3953 4180//3952 4182//3954
f 4181//3953 4182//3954 4183//3955
f 4183//3955 4182//3954 4184//3956
f 4183//3955 4184//3956 4185//3957
f 4185//3957 4184//3956 4186//3958
f 4185//3957 4186//3958 4187//3959
f 4187//3959 4186//3958 4188//3960
f 4187//3959 4188//3960 4189//3961
f 4189//3961 4188//3960 4190//3962
f 4189//3961 4190//3962 4191//3963
f 4191//3963 4190//3962 4192//3964
f 4191//3963 4192//3964 4193//3965
f 4193//3965 4192//3964 4194//3966
f 4193//3965 4194//3966 4195//3967
f 4195//3967 4194//3966 4196//3968
f 4195//3967 4196//3968 4197//3969
f 4197//3969 4196//3968 4198//3970
f 4197//3969 4198//3970 4199//3971
f 4199//3971 4198//3970 4200//3972
f 4199//3971 4200//3972 4201//3973
f 4201//3973 4200//3972 4202//3974
f 4201//3973 4202//3974 4203//3975
f 4203//3975 4202//3974 4204//3976
f 4203//3975 4204//3976 4205//3977
f 4205//3977 4204//3976 4206//3978
f 4205//3977 4206//3978 4129//3901
f 4129//3901 4206//3978 3163//2852
f 4129//3901 3163//2852 4128//3900
f 4128//3900 3163//2852 2194//1941
f 4128//3900 2194//1941 2192//1939
s 0
f 2351//3979 2362//3979 3088//3979
s 1
f 3088//2708 2362//2109 3087//2706
f 3088//2708 3087//2706 3090//2710
f 3090//2710 3087//2706 3086//2703
f 3090//2710 3086//2703 4134//3906
f 4134//3906 3086//2703 3085//2701
f 4134//3906 3085//2701 4136//3908
f 4136//3908 3085//2701 3084//2699
f 4136//3908 3084//2699 4138//3910
f 4138//3910 3084//2699 3195//2960
f 4138//3910 3195//2960 4140//3912
f 4140//3912 3195//2960 3194//2956
f 4140//3912 3194//2956 4142//3914
f 4142//3914 3194//2956 3193//2953
f 4142//3914 3193//2953 4144//3916
f 4144//3916 3193//2953 2626//2217
f 4144//3916 2626//2217 4146//3918
f 4146//3918 2626//2217 3192//2948
f 4146//3918 3192//2948 4148//3920
f 4148//3920 3192//2948 3191//2946
f 4148//3920 3191//2946 4150//3922
f 4150//3922 3191//2946 2627//2220
f 4150//3922 2627//2220 4152//3924
f 4152//3924 2627//2220 3190//2941
f 4152//3924 3190//2941 4154//3926
f 4154//3926 3190//2941 3189//2938
f 4154//3926 3189//2938 4156//3928
f 4156//3928 3189//2938 3188//2936
f 4156//3928 3188//2936 4158//3930
f 4158//3930 3188//2936 3187//2933
f 4158//3930 3187//2933 4160//3932
f 4160//3932 3187//2933 3186//2930
f 4160//3932 3186//2930 4162//3934
f 4162//3934 3186//2930 3184//2922
f 4162//3934 3184//2922 4164//3936
f 4164//3936 3184//2922 3185//2925
f 4164//3936 3185//2925 4166//3938
f 4166//3938 3185//2925 3183//2920
f 4166//3938 3183//2920 4168//3940
f 4168//3940 3183//2920 3182//2917
f 4168//3940 3182//2917 4170//3942
f 4170//3942 3182//2917 3181//2914
f 4170//3942 3181//2914 4172//3944
f 4172//3944 3181//2914 3180//2911
f 4172//3944 3180//2911 4174//3946
f 4174//3946 3180//2911 3179//2908
f 4174//3946 3179//2908 4176//3948
f 4176//3948 3179//2908 3178//2905
f 4176//3948 3178//2905 4178//3950
f 4178//3950 3178//2905 3177//2902
f 4178//3950 3177//2902 4180//3952
f 4180//3952 3177//2902 3176//2899
f 4180//3952 3176//2899 4182//3954
f 4182//3954 3176//2899 3175//2896
f 4182//3954 3175//2896 4184//3956
f 4184//3956 3175//2896 2628//2223
f 4184//3956 2628//2223 4186//3958
f 4186//3958 2628//2223 3174//2892
f 4186//3958 3174//2892 4188//3960
f 4188//3960 3174//2892 3173//2889
f 4188//3960 3173//2889 4190//3962
f 4190//3962 3173//2889 3172//2886
f 4190//3962 3172//2886 4192//3964
f 4192//3964 3172//2886 2629//2226
f 4192//3964 2629//2226 4194//3966
f 4194//3966 2629//2226 3171//2882
f 4194//3966 3171//2882 4196//3968
f 4196//3968 3171//2882 3170//2877
f 4196//3968 3170//2877 4198//3970
f 4198//3970 3170//2877 3169//2875
f 4198//3970 3169//2875 4200//3972
f 4200//3972 3169//2875 3168//2870
f 4200//3972 3168//2870 4202//3974
f 4202//3974 3168//2870 3167//2868
f 4202//3974 3167//2868 4204//3976
f 4204//3976 3167//2868 3166//2863
f 4204//3976 3166//2863 4206//3978
f 4206//3978 3166//2863 3165//2858
f 4206//3978 3165//2858 3163//2852
f 3163//2852 3165//2858 3164//2854
f 3163//2852 3164//2854 3162//2851
f 3162//2851 3164//2854 2630//2229
f 3162//2851 2630//2229 2161//1908
f 2161//1908 2630//2229 2162//1909
f 2166//1913 2168//1915 3144//2833
f 3144//2833 2168//1915 3143//2832
f 3144//2833 3143//2832 4207//3980
f 4207//3980 3143//2832 4093//3865
f 4207//3980 4093//3865 4208//3981
f 4208//3981 4093//3865 4094//3866
f 4208//3981 4094//3866 4209//3982
f 4209//3982 4094//3866 4095//3867
f 4209//3982 4095//3867 4210//3983
f 4210//3983 4095//3867 4096//3868
f 4210//3983 4096//3868 4211//3984
f 4211//3984 4096//3868 4097//3869
f 4211//3984 4097//3869 4212//3985
f 4212//3985 4097//3869 4098//3870
f 4212//3985 4098//3870 4213//3986
f 4213//3986 4098//3870 4099//3871
f 4213//3986 4099//3871 4214//3987
f 4214//3987 4099//3871 4100//3872
f 4214//3987 4100//3872 4215//3988
f 4215//3988 4100//3872 4101//3873
f 4215//3988 4101//3873 4216//3989
f 4216//3989 4101//3873 4102//3874
f 4216//3989 4102//3874 4217//3990
f 4217//3990 4102//3874 4103//3875
f 4217//3990 4103//3875 4218//3991
f 4218//3991 4103//3875 4104//3876
f 4218//3991 4104//3876 4219//3992
f 4219//3992 4104//3876 4105//3877
f 4219//3992 4105//3877 4220//3993
f 4220//3993 4105//3877 4106//3878
f 4220//3993 4106//3878 4221//3994
f 4221//3994 4106//3878 4107//3879
f 4221//3994 4107//3879 4222//3995
f 4222//3995 4107//3879 4108//3880
f 4222//3995 4108//3880 4223//3996
f 4223//3996 4108//3880 4109//3881
f 4223//3996 4109//3881 4224//3997
f 4224//3997 4109//3881 4110//3882
f 4224//3997 4110//3882 4225//3998
f 4225//3998 4110//3882 4111//3883
f 4225//3998 4111//3883 4226//3999
f 4226//3999 4111//3883 4112//3884
f 4226//3999 4112//3884 4227//4000
f 4227//4000 4112//3884 4113//3885
f 4227//4000 4113//3885 4228//4001
f 4228//4001 4113//3885 4114//3886
f 4228//4001 4114//3886 4229//4002
f 4229//4002 4114//3886 4115//3887
f 4229//4002 4115//3887 4230//4003
f 4230//4003 4115//3887 4116//3888
f 4230//4003 4116//3888 4231//4004
f 4231//4004 4116//3888 4117//3889
f 4231//4004 4117//3889 4232//4005
f 4232//4005 4117//3889 4118//3890
f 4232//4005 4118//3890 4233//4006
f 4233//4006 4118//3890 4119//3891
f 4233//4006 4119//3891 4234//4007
f 4234//4007 4119//3891 4120//3892
f 4234//4007 4120//3892 4235//4008
f 4235//4008 4120//3892 4121//3893
f 4235//4008 4121//3893 4236//4009
f 4236//4009 4121//3893 4122//3894
f 4236//4009 4122//3894 4237//4010
f 4237//4010 4122//3894 4123//3895
f 4237//4010 4123//3895 4238//4011
f 4238//4011 4123//3895 4124//3896
f 4238//4011 4124//3896 4239//4012
f 4239//4012 4124//3896 4125//3897
f 4239//4012 4125//3897 4240//4013
f 4240//4013 4125//3897 4126//3898
f 4240//4013 4126//3898 4241//4014
f 4241//4014 4126//3898 4127//3899
f 4241//4014 4127//3899 2646//2251
f 2646//2251 4127//3899 2645//2250
f 2646//2251 2645//2250 2288//2035
f 2288//2035 2645//2250 2372//2119
f 2274//2021 2164//1911 3145//2834
f 3145//2834 2164//1911 3144//2833
f 3145//2834 3144//2833 4242//4015
f 4242//4015 3144//2833 4207//3980
f 4242//4015 4207//3980 4243//4016
f 4243//4016 4207//3980 4208//3981
f 4243//4016 4208//3981 4244//4017
f 4244//4017 4208//3981 4209//3982
f 4244//4017 4209//3982 4245//4018
f 4245//4018 4209//3982 4210//3983
f 4245//4018 4210//3983 4246//4019
f 4246//4019 4210//3983 4211//3984
f 4246//4019 4211//3984 4247//4020
f 4247//4020 4211//3984 4212//3985
f 4247//4020 4212//3985 4248//4021
f 4248//4021 4212//3985 4213//3986
f 4248//4021 4213//3986 4249//4022
f 4249//4022 4213//3986 4214//3987
f 4249//4022 4214//3987 4250//4023
f 4250//4023 4214//3987 4215//3988
f 4250//4023 4215//3988 4251//4024
f 4251//4024 4215//3988 4216//3989
f 4251//4024 4216//3989 4252//4025
f 4252//4025 4216//3989 4217//3990
f 4252//4025 4217//3990 4253//4026
f 4253//4026 4217//3990 4218//3991
f 4253//4026 4218//3991 4254//4027
f 4254//4027 4218//3991 4219//3992
f 4254//4027 4219//3992 4255//4028
f 4255//4028 4219//3992 4220//3993
f 4255//4028 4220//3993 4256//4029
f 4256//4029 4220//3993 4221//3994
f 4256//4029 4221//3994 4257//4030
f 4257//4030 4221//3994 4222//3995
f 4257//4030 4222//3995 4258//4031
f 4258//4031 4222//3995 4223//3996
f 4258//4031 4223//3996 4259//4032
f 4259//4032 4223//3996 4224//3997
f 4259//4032 4224//3997 4260//4033
f 4260//4033 4224//3997 4225//3998
f 4260//4033 4225//3998 4261//4034
f 4261//4034 4225//3998 4226//3999
f 4261//4034 4226//3999 4262//4035
f 4262//4035 4226//3999 4227//4000
f 4262//4035 4227//4000 4263//4036
f 4263//4036 4227//4000 4228//4001
f 4263//4036 4228//4001 4264//4037
f 4264//4037 4228//4001 4229//4002
f 4264//4037 4229//4002 4265//4038
f 4265//4038 4229//4002 4230//4003
f 4265//4038 4230//4003 4266//4039
f 4266//4039 4230//4003 4231//4004
f 4266//4039 4231//4004 4267//4040
f 4267//4040 4231//4004 4232//4005
f 4267//4040 4232//4005 4268//4041
f 4268//4041 4232//4005 4233//4006
f 4268//4041 4233//4006 4269//4042
f 4269//4042 4233//4006 4234//4007
f 4269//4042 4234//4007 4270//4043
f 4270//4043 4234//4007 4235//4008
f 4270//4043 4235//4008 4271//4044
f 4271//4044 4235//4008 4236//4009
f 4271//4044 4236//4009 4272//4045
f 4272//4045 4236//4009 4237//4010
f 4272//4045 4237//4010 4273//4046
f 4273//4046 4237//4010 4238//4011
f 4273//4046 4238//4011 4274//4047
f 4274//4047 4238//4011 4239//4012
f 4274//4047 4239//4012 4275//4048
f 4275//4048 4239//4012 4240//4013
f 4275//4048 4240//4013 4276//4049
f 4276//4049 4240//4013 4241//4014
f 4276//4049 4241//4014 3108//2728
f 3108//2728 4241//4014 2646//2251
f 3108//2728 2646//2251 2377//2124
f 2377//2124 2646//2251 2378//2125
f 2272//2019 2276//2023 4277//4050
f 4277//4050 2276//2023 3145//2834
f 4277//4050 3145//2834 4278//4051
f 4278//4051 3145//2834 4242//4015
f 4278//4051 4242//4015 4279//4052
f 4279//4052 4242//4015 4243//4016
f 4279//4052 4243//4016 4280//4053
f 4280//4053 4243//4016 4244//4017
f 4280//4053 4244//4017 4281//4054
f 4281//4054 4244//4017 4245//4018
f 4281//4054 4245//4018 4282//4055
f 4282//4055 4245//4018 4246//4019
f 4282//4055 4246//4019 4283//4056
f 4283//4056 4246//4019 4247//4020
f 4283//4056 4247//4020 4284//4057
f 4284//4057 4247//4020 4248//4021
f 4284//4057 4248//4021 4285//4058
f 4285//4058 4248//4021 4249//4022
f 4285//4058 4249//4022 4286//4059
f 4286//4059 4249//4022 4250//4023
f 4286//4059 4250//4023 4287//4060
f 4287//4060 4250//4023 4251//4024
f 4287//4060 4251//4024 4288//4061
f 4288//4061 4251//4024 4252//4025
f 4288//4061 4252//4025 4289//4062
f 4289//4062 4252//4025 4253//4026
f 4289//4062 4253//4026 4290//4063
f 4290//4063 4253//4026 4254//4027
f 4290//4063 4254//4027 4291//4064
f 4291//4064 4254//4027 4255//4028
f 4291//4064 4255//4028 4292//4065
f 4292//4065 4255//4028 4256//4029
f 4292//4065 4256//4029 4293//4066
f 4293//4066 4256//4029 4257//4030
f 4293//4066 4257//4030 4294//4067
f 4294//4067 4257//4030 4258//4031
f 4294//4067 4258//4031 4295//4068
f 4295//4068 4258//4031 4259//4032
f 4295//4068 4259//4032 4296//4069
f 4296//4069 4259//4032 4260//4033
f 4296//4069 4260//4033 4297//4070
f 4297//4070 4260//4033 4261//4034
f 4297//4070 4261//4034 4298//4071
f 4298//4071 4261//4034 4262//4035
f 4298//4071 4262//4035 4299//4072
f 4299//4072 4262//4035 4263//4036
f 4299//4072 4263//4036 4300//4073
f 4300//4073 4263//4036 4264//4037
f 4300//4073 4264//4037 4301//4074
f 4301//4074 4264//4037 4265//4038
f 4301//4074 4265//4038 4302//4075
f 4302//4075 4265//4038 4266//4039
f 4302//4075 4266//4039 4303//4076
f 4303//4076 4266//4039 4267//4040
f 4303//4076 4267//4040 4304//4077
f 4304//4077 4267//4040 4268//4041
f 4304//4077 4268//4041 4305//4078
f 4305//4078 4268//4041 4269//4042
f 4305//4078 4269//4042 4306//4079
f 4306//4079 4269//4042 4270//4043
f 4306//4079 4270//4043 4307//4080
f 4307//4080 4270//4043 4271//4044
f 4307//4080 4271//4044 4308//4081
f 4308//4081 4271//4044 4272//4045
f 4308//4081 4272//4045 4309//4082
f 4309//4082 4272//4045 4273//4046
f 4309//4082 4273//4046 4310//4083
f 4310//4083 4273//4046 4274//4047
f 4310//4083 4274//4047 4311//4084
f 4311//4084 4274//4047 4275//4048
f 4311//4084 4275//4048 4312//4085
f 4312//4085 4275//4048 4276//4049
f 4312//4085 4276//4049 4313//4086
f 4313//4086 4276//4049 3108//2728
f 4313//4086 3108//2728 2380//2127
f 2380//2127 3108//2728 2381//2128
f 4314//4087 4315//4088 4316//4089
f 4314//4087 4316//4089 4317//4090
f 4315//4088 4314//4087 4318//4091
f 4318//4091 4314//4087 4319//4092
f 4318//4091 4319//4092 4320//4093
f 4320//4093 4319//4092 4321//4094
f 4320//4093 4321//4094 3160//2849
f 2208//1955 2207//1954 3160//2849
f 3160//2849 2207//1954 2631//2230
f 3160//2849 2631//2230 4320//4093
f 4320//4093 2631//2230 4322//4095
f 4320//4093 4322//4095 4318//4091
f 4318//4091 4322//4095 4323//4096
f 4318//4091 4323//4096 4315//4088
f 4315//4088 4323//4096 4324//4097
f 4315//4088 4324//4097 4316//4089
f 4324//4097 2588//2177 4316//4089
f 4316//4089 2588//2177 2590//2179
f 4316//4089 2590//2179 4317//4090
f 4317//4090 2590//2179 2591//2180
f 4317//4090 2591//2180 4325//4098
f 2273//2020 2272//2019 3146//2835
f 3146//2835 2272//2019 4277//4050
f 3146//2835 4277//4050 4326//4099
f 4326//4099 4277//4050 4278//4051
f 4326//4099 4278//4051 4327//4100
f 4327//4100 4278//4051 4279//4052
f 4327//4100 4279//4052 4328//4101
f 4328//4101 4279//4052 4280//4053
f 4328//4101 4280//4053 4329//4102
f 4329//4102 4280//4053 4281//4054
f 4329//4102 4281//4054 4330//4103
f 4330//4103 4281//4054 4282//4055
f 4330//4103 4282//4055 4331//4104
f 4331//4104 4282//4055 4283//4056
f 4331//4104 4283//4056 4332//4105
f 4332//4105 4283//4056 4284//4057
f 4332//4105 4284//4057 4333//4106
f 4333//4106 4284//4057 4285//4058
f 4333//4106 4285//4058 4334//4107
f 4334//4107 4285//4058 4286//4059
f 4334//4107 4286//4059 4335//4108
f 4335//4108 4286//4059 4287//4060
f 4335//4108 4287//4060 4336//4109
f 4336//4109 4287//4060 4288//4061
f 4336//4109 4288//4061 4337//4110
f 4337//4110 4288//4061 4289//4062
f 4337//4110 4289//4062 4338//4111
f 4338//4111 4289//4062 4290//4063
f 4338//4111 4290//4063 4339//4112
f 4339//4112 4290//4063 4291//4064
f 4339//4112 4291//4064 4340//4113
f 4340//4113 4291//4064 4292//4065
f 4340//4113 4292//4065 4341//4114
f 4341//4114 4292//4065 4293//4066
f 4341//4114 4293//4066 4342//4115
f 4342//4115 4293//4066 4294//4067
f 4342//4115 4294//4067 4343//4116
f 4343//4116 4294//4067 4295//4068
f 4343//4116 4295//4068 4344//4117
f 4344//4117 4295//4068 4296//4069
f 4344//4117 4296//4069 4345//4118
f 4345//4118 4296//4069 4297//4070
f 4345//4118 4297//4070 4346//4119
f 4346//4119 4297//4070 4298//4071
f 4346//4119 4298//4071 4347//4120
f 4347//4120 4298//4071 4299//4072
f 4347//4120 4299//4072 4348//4121
f 4348//4121 4299//4072 4300//4073
f 4348//4121 4300//4073 4349//4122
f 4349//4122 4300//4073 4301//4074
f 4349//4122 4301//4074 4350//4123
f 4350//4123 4301//4074 4302//4075
f 4350//4123 4302//4075 4351//4124
f 4351//4124 4302//4075 4303//4076
f 4351//4124 4303//4076 4352//4125
f 4352//4125 4303//4076 4304//4077
f 4352//4125 4304//4077 4353//4126
f 4353//4126 4304//4077 4305//4078
f 4353//4126 4305//4078 4354//4127
f 4354//4127 4305//4078 4306//4079
f 4354//4127 4306//4079 4355//4128
f 4355//4128 4306//4079 4307//4080
f 4355//4128 4307//4080 4356//4129
f 4356//4129 4307//4080 4308//4081
f 4356//4129 4308//4081 4357//4130
f 4357//4130 4308//4081 4309//4082
f 4357//4130 4309//4082 4358//4131
f 4358//4131 4309//4082 4310//4083
f 4358//4131 4310//4083 4359//4132
f 4359//4132 4310//4083 4311//4084
f 4359//4132 4311//4084 4360//4133
f 4360//4133 4311//4084 4312//4085
f 4360//4133 4312//4085 3107//2727
f 3107//2727 4312//4085 4313//4086
f 3107//2727 4313//4086 2384//2131
f 2384//2131 4313//4086 2380//2127
f 2204//1951 2213//1960 2631//2230
f 2631//2230 2213//1960 2632//2231
f 2631//2230 2632//2231 4322//4095
f 4322//4095 2632//2231 4361//4134
f 4322//4095 4361//4134 4323//4096
f 4323//4096 4361//4134 4362//4135
f 4323//4096 4362//4135 4324//4097
f 4324//4097 4362//4135 4363//4136
f 4324//4097 4363//4136 2588//2177
f 2588//2177 4363//4136 4364//4137
f 2588//2177 4364//4137 2589//2178
f 3221//2988 3208//2975 4365//4138
f 4365//4138 3208//2975 3206//2973
f 4365//4138 3206//2973 4366//4139
f 4366//4139 3206//2973 3214//2981
f 4366//4139 3214//2981 4367//4140
f 4367//4140 3214//2981 3213//2980
f 4367//4140 3213//2980 4368//4141
f 4368//4141 3213//2980 3212//2979
f 4368//4141 3212//2979 4369//4142
f 4369//4142 3212//2979 3201//2968
f 4369//4142 3201//2968 4370//4143
f 4370//4143 3201//2968 3204//2971
f 4370//4143 3204//2971 4371//4144
f 4371//4144 3204//2971 3203//2970
f 4371//4144 3203//2970 4372//4145
f 4372//4145 3203//2970 3202//2969
f 4372//4145 3202//2969 4373//4146
f 4373//4146 3202//2969 3197//2964
f 4373//4146 3197//2964 4374//4147
f 4374//4147 3197//2964 2586//2175
f 4374//4147 2586//2175 4375//4148
f 4375//4148 2586//2175 2585//2174
f 4375//4148 2585//2174 4376//4149
f 4364//4137 4376//4149 2589//2178
f 2589//2178 4376//4149 2585//2174
f 2589//2178 2585//2174 2591//2180
f 2591//2180 2585//2174 2587//2176
f 2591//2180 2587//2176 4325//4098
f 4325//4098 2587//2176 3196//2963
f 4325//4098 3196//2963 4377//4150
f 4377//4150 3196//2963 3198//2965
f 4377//4150 3198//2965 4378//4151
f 4378//4151 3198//2965 3200//2967
f 4378//4151 3200//2967 4379//4152
f 4379//4152 3200//2967 3199//2966
f 4379//4152 3199//2966 4380//4153
f 4380//4153 3199//2966 3205//2972
f 4380//4153 3205//2972 4381//4154
f 4381//4154 3205//2972 3207//2974
f 4381//4154 3207//2974 4382//4155
f 4382//4155 3207//2974 3209//2976
f 4382//4155 3209//2976 4383//4156
f 4383//4156 3209//2976 3211//2978
f 4383//4156 3211//2978 4384//4157
f 4384//4157 3211//2978 2618//2207
f 4384//4157 2618//2207 4385//4158
f 4385//4158 2618//2207 2625//2214
f 4385//4158 2625//2214 4386//4159
f 4386//4159 2625//2214 2624//2213
f 4386//4159 2624//2213 4387//4160
f 4387//4160 2624//2213 3216//2983
f 4387//4160 3216//2983 4388//4161
f 4388//4161 3216//2983 2620//2209
f 4388//4161 2620//2209 4389//4162
f 4389//4162 2620//2209 2619//2208
f 4389//4162 2619//2208 4390//4163
f 4390//4163 2619//2208 2682//2291
f 4390//4163 2682//2291 2681//2290
f 2681//2290 2682//2291 2684//2293
f 2681//2290 2684//2293 2112//1857
s 0
f 2112//4164 2684//4164 2113//4164
s 1
f 2592//2181 2594//2183 4058//3830
f 4058//3830 2594//2183 4130//3902
f 4058//3830 4130//3902 4054//3826
f 4054//3826 4130//3902 4131//3903
f 4054//3826 4131//3903 4053//3825
f 4053//3825 4131//3903 4132//3904
f 4053//3825 4132//3904 4051//3823
f 4051//3823 4132//3904 4133//3905
f 4051//3823 4133//3905 4050//3822
f 4050//3822 4133//3905 4135//3907
f 4050//3822 4135//3907 3260//3027
f 3260//3027 4135//3907 4137//3909
f 3260//3027 4137//3909 3259//3026
f 3259//3026 4137//3909 4139//3911
f 3259//3026 4139//3911 3258//3025
f 3258//3025 4139//3911 4141//3913
f 3258//3025 4141//3913 3246//3013
f 3246//3013 4141//3913 4143//3915
f 3246//3013 4143//3915 3248//3015
f 3248//3015 4143//3915 4145//3917
f 3248//3015 4145//3917 3247//3014
f 3247//3014 4145//3917 4147//3919
f 3247//3014 4147//3919 3241//3008
f 3241//3008 4147//3919 4149//3921
f 3241//3008 4149//3921 3242//3009
f 3242//3009 4149//3921 4151//3923
f 3242//3009 4151//3923 3267//3034
f 3267//3034 4151//3923 4153//3925
f 3267//3034 4153//3925 3237//3004
f 3237//3004 4153//3925 4155//3927
f 3237//3004 4155//3927 3235//3002
f 3235//3002 4155//3927 4157//3929
f 3235//3002 4157//3929 3234//3001
f 3234//3001 4157//3929 4159//3931
f 3234//3001 4159//3931 3233//3000
f 3233//3000 4159//3931 4161//3933
f 3233//3000 4161//3933 3232//2999
f 3232//2999 4161//3933 4163//3935
f 3232//2999 4163//3935 3231//2998
f 3231//2998 4163//3935 4165//3937
f 3231//2998 4165//3937 2680//2289
f 2680//2289 4165//3937 4167//3939
f 2680//2289 4167//3939 7609//2288
f 7609//2288 4167//3939 4169//3941
f 7609//2288 4169//3941 2681//2290
f 2681//2290 4169//3941 4171//3943
f 2681//2290 4171//3943 4390//4163
f 4390//4163 4171//3943 4173//3945
f 4390//4163 4173//3945 4389//4162
f 4389//4162 4173//3945 4175//3947
f 4389//4162 4175//3947 4388//4161
f 4388//4161 4175//3947 4177//3949
f 4388//4161 4177//3949 4387//4160
f 4387//4160 4177//3949 4179//3951
f 4387//4160 4179//3951 4386//4159
f 4386//4159 4179//3951 4181//3953
f 4386//4159 4181//3953 4385//4158
f 4385//4158 4181//3953 4183//3955
f 4385//4158 4183//3955 4384//4157
f 4384//4157 4183//3955 4185//3957
f 4384//4157 4185//3957 4383//4156
f 4383//4156 4185//3957 4187//3959
f 4383//4156 4187//3959 4382//4155
f 4382//4155 4187//3959 4189//3961
f 4382//4155 4189//3961 4381//4154
f 4381//4154 4189//3961 4191//3963
f 4381//4154 4191//3963 4380//4153
f 4380//4153 4191//3963 4193//3965
f 4380//4153 4193//3965 4379//4152
f 4379//4152 4193//3965 4195//3967
f 4379//4152 4195//3967 4378//4151
f 4378//4151 4195//3967 4197//3969
f 4378//4151 4197//3969 4377//4150
f 4377//4150 4197//3969 4199//3971
f 4377//4150 4199//3971 4325//4098
f 4325//4098 4199//3971 4201//3973
f 4325//4098 4201//3973 4317//4090
f 4317//4090 4201//3973 4203//3975
f 4317//4090 4203//3975 4314//4087
f 4314//4087 4203//3975 4205//3977
f 4314//4087 4205//3977 4319//4092
f 4319//4092 4205//3977 4129//3901
f 4319//4092 4129//3901 4321//4094
f 4321//4094 4129//3901 3161//2850
f 4321//4094 3161//2850 3160//2849
f 3160//2849 3161//2850 2199//1946
f 3160//2849 2199//1946 2201//1948
f 2266//2013 2270//2017 2639//2238
f 2639//2238 2270//2017 3146//2835
f 2639//2238 3146//2835 3519//3290
f 3519//3290 3146//2835 4326//4099
f 3519//3290 4326//4099 3521//3292
f 3521//3292 4326//4099 4327//4100
f 3521//3292 4327//4100 3523//3294
f 3523//3294 4327//4100 4328//4101
f 3523//3294 4328//4101 3525//3296
f 3525//3296 4328//4101 4329//4102
f 3525//3296 4329//4102 3527//3298
f 3527//3298 4329//4102 4330//4103
f 3527//3298 4330//4103 3529//3300
f 3529//3300 4330//4103 4331//4104
f 3529//3300 4331//4104 3531//3302
f 3531//3302 4331//4104 4332//4105
f 3531//3302 4332//4105 3533//3304
f 3533//3304 4332//4105 4333//4106
f 3533//3304 4333//4106 3535//3306
f 3535//3306 4333//4106 4334//4107
f 3535//3306 4334//4107 3537//3308
f 3537//3308 4334//4107 4335//4108
f 3537//3308 4335//4108 3539//3310
f 3539//3310 4335//4108 4336//4109
f 3539//3310 4336//4109 3541//3312
f 3541//3312 4336//4109 4337//4110
f 3541//3312 4337//4110 3543//3314
f 3543//3314 4337//4110 4338//4111
f 3543//3314 4338//4111 3545//3316
f 3545//3316 4338//4111 4339//4112
f 3545//3316 4339//4112 3547//3318
f 3547//3318 4339//4112 4340//4113
f 3547//3318 4340//4113 3549//3320
f 3549//3320 4340//4113 4341//4114
f 3549//3320 4341//4114 3551//3322
f 3551//3322 4341//4114 4342//4115
f 3551//3322 4342//4115 3553//3324
f 3553//3324 4342//4115 4343//4116
f 3553//3324 4343//4116 3555//3326
f 3555//3326 4343//4116 4344//4117
f 3555//3326 4344//4117 3557//3328
f 3557//3328 4344//4117 4345//4118
f 3557//3328 4345//4118 3559//3330
f 3559//3330 4345//4118 4346//4119
f 3559//3330 4346//4119 3561//3332
f 3561//3332 4346//4119 4347//4120
f 3561//3332 4347//4120 3563//3334
f 3563//3334 4347//4120 4348//4121
f 3563//3334 4348//4121 3565//3336
f 3565//3336 4348//4121 4349//4122
f 3565//3336 4349//4122 3567//3338
f 3567//3338 4349//4122 4350//4123
f 3567//3338 4350//4123 3569//3340
f 3569//3340 4350//4123 4351//4124
f 3569//3340 4351//4124 3571//3342
f 3571//3342 4351//4124 4352//4125
f 3571//3342 4352//4125 3573//3344
f 3573//3344 4352//4125 4353//4126
f 3573//3344 4353//4126 3575//3346
f 3575//3346 4353//4126 4354//4127
f 3575//3346 4354//4127 3577//3348
f 3577//3348 4354//4127 4355//4128
f 3577//3348 4355//4128 3579//3350
f 3579//3350 4355//4128 4356//4129
f 3579//3350 4356//4129 3581//3352
f 3581//3352 4356//4129 4357//4130
f 3581//3352 4357//4130 3583//3354
f 3583//3354 4357//4130 4358//4131
f 3583//3354 4358//4131 3585//3356
f 3585//3356 4358//4131 4359//4132
f 3585//3356 4359//4132 3587//3358
f 3587//3358 4359//4132 4360//4133
f 3587//3358 4360//4133 2647//2252
f 2647//2252 4360//4133 3107//2727
f 2647//2252 3107//2727 2386//2133
f 2386//2133 3107//2727 2387//2134
f 2332//2079 2333//2080 3094//2714
f 3094//2714 2333//2080 2652//2257
f 3094//2714 2652//2257 3364//3135
f 3364//3135 2652//2257 2593//2182
f 3364//3135 2593//2182 3366//3137
f 3366//3137 2593//2182 2592//2181
f 3366//3137 2592//2181 3368//3139
f 3368//3139 2592//2181 4067//3839
f 3368//3139 4067//3839 3370//3141
f 3370//3141 4067//3839 4068//3840
f 3370//3141 4068//3840 3372//3143
f 3372//3143 4068//3840 4069//3841
f 3372//3143 4069//3841 3374//3145
f 3374//3145 4069//3841 4070//3842
f 3374//3145 4070//3842 3376//3147
f 3376//3147 4070//3842 4071//3843
f 3376//3147 4071//3843 3378//3149
f 3378//3149 4071//3843 4072//3844
f 3378//3149 4072//3844 3380//3151
f 3380//3151 4072//3844 4073//3845
f 3380//3151 4073//3845 3382//3153
f 3382//3153 4073//3845 4074//3846
f 3382//3153 4074//3846 3384//3155
f 3384//3155 4074//3846 4075//3847
f 3384//3155 4075//3847 3386//3157
f 3386//3157 4075//3847 4076//3848
f 3386//3157 4076//3848 3388//3159
f 3388//3159 4076//3848 4077//3849
f 3388//3159 4077//3849 3390//3161
f 3390//3161 4077//3849 4078//3850
f 3390//3161 4078//3850 3392//3163
f 3392//3163 4078//3850 4079//3851
f 3392//3163 4079//3851 3394//3165
f 3394//3165 4079//3851 4080//3852
f 3394//3165 4080//3852 3396//3167
f 3396//3167 4080//3852 4081//3853
f 3396//3167 4081//3853 3398//3169
f 3398//3169 4081//3853 4082//3854
f 3398//3169 4082//3854 3400//3171
f 3400//3171 4082//3854 3277//3044
f 3400//3171 3277//3044 3402//3173
f 3402//3173 3277//3044 3276//3043
f 3402//3173 3276//3043 3404//3175
f 3404//3175 3276//3043 2596//2185
f 3404//3175 2596//2185 3406//3177
f 3406//3177 2596//2185 2595//2184
f 3406//3177 2595//2184 3408//3179
f 3408//3179 2595//2184 3275//3042
f 3408//3179 3275//3042 3410//3181
f 3410//3181 3275//3042 3274//3041
f 3410//3181 3274//3041 3412//3183
f 3412//3183 3274//3041 3273//3040
f 3412//3183 3273//3040 3414//3185
f 3414//3185 3273//3040 3272//3039
f 3414//3185 3272//3039 3416//3187
f 3416//3187 3272//3039 3264//3031
f 3416//3187 3264//3031 3418//3189
f 3418//3189 3264//3031 3263//3030
f 3418//3189 3263//3030 3420//3191
f 3420//3191 3263//3030 3300//3071
f 3420//3191 3300//3071 3421//3192
f 3421//3192 3300//3071 3299//3070
f 3421//3192 3299//3070 3452//3223
f 3452//3223 3299//3070 3298//3069
f 3452//3223 3298//3069 3484//3255
f 3484//3255 3298//3069 3317//3088
f 3484//3255 3317//3088 3517//3288
f 3517//3288 3317//3088 3333//3104
f 3517//3288 3333//3104 3838//3609
f 3838//3609 3333//3104 3348//3119
f 3838//3609 3348//3119 3878//3649
f 3878//3649 3348//3119 3362//3133
f 3878//3649 3362//3133 2773//2387
f 2773//2387 3362//3133 2777//2391
f 2773//2387 2777//2391 2771//2385
f 2771//2385 2777//2391 2776//2390
f 2210//1957 2209//1956 2632//2231
f 2632//2231 2209//1956 3159//2848
f 2632//2231 3159//2848 4361//4134
f 4361//4134 3159//2848 3643//3414
f 4361//4134 3643//3414 4362//4135
f 4362//4135 3643//3414 3641//3412
f 4362//4135 3641//3412 4363//4136
f 4363//4136 3641//3412 3639//3410
f 4363//4136 3639//3410 4364//4137
f 4364//4137 3639//3410 3637//3408
f 4364//4137 3637//3408 4376//4149
f 4376//4149 3637//3408 3635//3406
f 4376//4149 3635//3406 4375//4148
f 4375//4148 3635//3406 3633//3404
f 4375//4148 3633//3404 4374//4147
f 4374//4147 3633//3404 3631//3402
f 4374//4147 3631//3402 4373//4146
f 4373//4146 3631//3402 3629//3400
f 4373//4146 3629//3400 4372//4145
f 4372//4145 3629//3400 3627//3398
f 4372//4145 3627//3398 4371//4144
f 4371//4144 3627//3398 3625//3396
f 4371//4144 3625//3396 4370//4143
f 4370//4143 3625//3396 3623//3394
f 4370//4143 3623//3394 4369//4142
f 4369//4142 3623//3394 3621//3392
f 4369//4142 3621//3392 4368//4141
f 4368//4141 3621//3392 3619//3390
f 4368//4141 3619//3390 4367//4140
f 4367//4140 3619//3390 3617//3388
f 4367//4140 3617//3388 4366//4139
f 4366//4139 3617//3388 3615//3386
f 4366//4139 3615//3386 4365//4138
f 4365//4138 3615//3386 3613//3384
f 4365//4138 3613//3384 3221//2988
f 3221//2988 3613//3384 3611//3382
f 3221//2988 3611//3382 3220//2987
f 3220//2987 3611//3382 3609//3380
f 3220//2987 3609//3380 3218//2985
f 3218//2985 3609//3380 3607//3378
f 3218//2985 3607//3378 3219//2986
f 3219//2986 3607//3378 3605//3376
f 3219//2986 3605//3376 3224//2991
f 3224//2991 3605//3376 3603//3374
f 3224//2991 3603//3374 3223//2990
f 3223//2990 3603//3374 3601//3372
f 3223//2990 3601//3372 3222//2989
f 3222//2989 3601//3372 3599//3370
f 3222//2989 3599//3370 3225//2992
f 3225//2992 3599//3370 3597//3368
f 3225//2992 3597//3368 3229//2996
f 3229//2996 3597//3368 3595//3366
f 3229//2996 3595//3366 3228//2995
f 3228//2995 3595//3366 3593//3364
f 3228//2995 3593//3364 3227//2994
f 3227//2994 3593//3364 3591//3362
f 3227//2994 3591//3362 3226//2993
f 3226//2993 3591//3362 3589//3360
f 3226//2993 3589//3360 3230//2997
f 3230//2997 3589//3360 3588//3359
f 3230//2997 3588//3359 3284//3054
f 3284//3054 3588//3359 3715//3486
f 3284//3054 3715//3486 3291//3062
f 3291//3062 3715//3486 3714//3485
f 3291//3062 3714//3485 3301//3072
f 3301//3072 3714//3485 3916//3687
f 3301//3072 3916//3687 3318//3089
f 3318//3089 3916//3687 3915//3686
f 3318//3089 3915//3686 3334//3105
f 3334//3105 3915//3686 4006//3777
f 3334//3105 4006//3777 3349//3120
f 3349//3120 4006//3777 2818//2432
f 3349//3120 2818//2432 2813//2427
f 2813//2427 2818//2432 2819//2433
f 2813//2427 2819//2433 2814//2428
f 7539//4165 4392//4166 2896//2510
f 4393//4167 4394//4168 2920//2534
f 2794//2408 2796//2410 7830//4169
f 2842//2456 2841//2455 7778//4170
f 4397//4171 7757//4172 2873//2487
f 2873//2487 7757//4172 7759//4173
f 2873//2487 7759//4173 2874//2488
f 4397//4171 2873//2487 7897//4174
f 7897//4174 2873//2487 2882//2496
f 7897//4174 2882//2496 4401//4175
f 4401//4175 2882//2496 2881//2495
f 4401//4175 2881//2495 4402//4176
f 4402//4176 2881//2495 2879//2493
f 4402//4176 2879//2493 2887//2501
f 7744//4177 7750//4178 2869//2483
f 7744//4177 2869//2483 7745//4179
f 7745//4179 2869//2483 2872//2486
f 7745//4179 2872//2486 7714//4180
f 7714//4180 2872//2486 7715//4181
f 7715//4181 2872//2486 2871//2485
f 7715//4181 2871//2485 7735//4182
f 7735//4182 2871//2485 2877//2491
f 7735//4182 2877//2491 7759//4173
f 7759//4173 2877//2491 2876//2490
f 7759//4173 2876//2490 2874//2488
f 2862//2476 4409//4183 2857//2471
f 2857//2471 4409//4183 4410//4184
f 2857//2471 4410//4184 4411//4185
f 4411//4185 4412//4186 2857//2471
f 2857//2471 4412//4186 4413//4187
f 2857//2471 4413//4187 2858//2472
f 2862//2476 2864//2478 4409//4183
f 4409//4183 2864//2478 2866//2480
f 4409//4183 2866//2480 7750//4178
f 7750//4178 2866//2480 2867//2481
f 7750//4178 2867//2481 2869//2483
f 4414//4188 4415//4189 2856//2470
f 2856//2470 4415//4189 7643//4190
f 2856//2470 7643//4190 2853//2467
f 2853//2467 7643//4190 7646//4191
f 2853//2467 7646//4191 7652//4192
f 2856//2470 2855//2469 4414//4188
f 4414//4188 2855//2469 2861//2475
f 4414//4188 2861//2475 4413//4187
f 4413//4187 2861//2475 2860//2474
f 4413//4187 2860//2474 2858//2472
f 7778//4170 2841//2455 7670//4193
f 7670//4193 2841//2455 7671//4194
f 7671//4194 2841//2455 2846//2460
f 7671//4194 2846//2460 7678//4195
f 7678//4195 2846//2460 2848//2462
f 7678//4195 2848//2462 7659//4196
f 7659//4196 2848//2462 2850//2464
f 7659//4196 2850//2464 7652//4192
f 7652//4192 2850//2464 2851//2465
f 7652//4192 2851//2465 2853//2467
f 4423//4197 7765//4198 2836//2450
f 7765//4198 7766//4199 2836//2450
f 2836//2450 7766//4199 4426//4200
f 2836//2450 4426//4200 2837//2451
f 4423//4197 2836//2450 4427//4201
f 4427//4201 2836//2450 2840//2454
f 4427//4201 2840//2454 7720//4202
f 7720//4202 2840//2454 2839//2453
f 7720//4202 2839//2453 7723//4203
f 7723//4203 2839//2453 2845//2459
f 7723//4203 2845//2459 7778//4170
f 7778//4170 2845//2459 2844//2458
f 7778//4170 2844//2458 2842//2456
f 4430//4204 4431//4205 2825//2439
f 4431//4205 7576//4206 2825//2439
f 2825//2439 7576//4206 7579//4207
s 0
f 2825//4208 7579//4208 2826//4208
s 1
f 2825//2439 2830//2444 4430//4204
f 4430//4204 2830//2444 2832//2446
f 4430//4204 2832//2446 4426//4200
f 4426//4200 2832//2446 2834//2448
f 4426//4200 2834//2448 2837//2451
f 7622//4209 7623//4210 2824//2438
f 7622//4209 2824//2438 7598//4211
f 7598//4211 2824//2438 2823//2437
f 7598//4211 2823//2437 7566//4212
f 7566//4212 2823//2437 7555//4213
f 7555//4213 2823//2437 2821//2435
f 7555//4213 2821//2435 7558//4214
f 7558//4214 2821//2435 2829//2443
f 7558//4214 2829//2443 7579//4215
f 7579//4215 2829//2443 2828//2442
f 7579//4215 2828//2442 2826//2440
s 0
f 4440//4216 4441//4216 2812//4216
s 1
f 2815//2429 7525//4217 7526//4218
f 2815//2429 7526//4218 2812//2426
f 2812//2426 7526//4218 4444//4219
f 2812//2426 4444//4219 4440//4220
f 2815//2429 2814//2428 7525//4217
f 7525//4217 2814//2428 2819//2433
f 7525//4217 2819//2433 7990//4221
f 7990//4221 2819//2433 2817//2431
f 7990//4221 2817//2431 7623//4210
f 7623//4210 2817//2431 2816//2430
f 7623//4210 2816//2430 2824//2438
f 4446//4222 4447//4223 2802//2416
f 2802//2416 4447//4223 4448//4224
f 2802//2416 4448//4224 7975//4225
f 2802//2416 2805//2419 4446//4222
f 4446//4222 2805//2419 2807//2421
f 4446//4222 2807//2421 4450//4226
f 4450//4226 2807//2421 2809//2423
f 4450//4226 2809//2423 4441//4227
f 4441//4227 2809//2423 2810//2424
f 4441//4227 2810//2424 2812//2426
f 7830//4169 2796//2410 7860//4228
f 7957//4229 8031//4230 2801//2415
f 2801//2415 8031//4230 2796//2410
f 2796//2410 8031//4230 7965//4231
f 2796//2410 7965//4231 7860//4228
f 2801//2415 2800//2414 7957//4229
f 7957//4229 2800//2414 2798//2412
f 7957//4229 2798//2412 8023//4232
f 8023//4232 2798//2412 2804//2418
f 8023//4232 2804//2418 7975//4225
f 7975//4225 2804//2418 2803//2417
f 7975//4225 2803//2417 2802//2416
f 2794//2408 7830//4169 2793//2407
f 2793//2407 7830//4169 7831//4233
f 2793//2407 7831//4233 2791//2405
f 2791//2405 7831//4233 8059//4234
f 2791//2405 8059//4234 2789//2403
f 2789//2403 8059//4234 7981//4235
f 2789//2403 7981//4235 2786//2400
f 2786//2400 7981//4235 4459//4236
f 2786//2400 4459//4236 4460//4237
f 4461//4238 4462//4239 2780//2394
f 2780//2394 4462//4239 7433//4240
s 0
f 2780//4241 7433//4241 2778//4241
s 1
f 2780//2394 2785//2399 4461//4238
f 4461//4238 2785//2399 2784//2398
f 4461//4238 2784//2398 4464//4242
f 4464//4242 2784//2398 2782//2396
f 4464//4242 2782//2396 4465//4243
f 4465//4243 2782//2396 2788//2402
f 4465//4243 2788//2402 4460//4237
f 4460//4237 2788//2402 2787//2401
f 4460//4237 2787//2401 2786//2400
f 7433//4240 7439//4244 2778//2392
f 2778//2392 7439//4244 7489//4245
f 2778//2392 7489//4245 2776//2390
f 2776//2390 7489//4245 7466//4246
f 2776//2390 7466//4246 2771//2385
f 2771//2385 7466//4246 7469//4247
f 2771//2385 7469//4247 2772//2386
f 2772//2386 7469//4247 8052//4248
f 2772//2386 8052//4248 2774//2388
f 2774//2388 8052//4248 7426//4249
f 2774//2388 7426//4249 2775//2389
f 2775//2389 7426//4249 7427//4250
f 2775//2389 7427//4250 2770//2384
f 2770//2384 7427//4250 8066//4251
f 2770//2384 8066//4251 2768//2382
f 2768//2382 8066//4251 8079//4252
f 2768//2382 8079//4252 2767//2381
f 2767//2381 8079//4252 8055//4253
f 2767//2381 8055//4253 2765//2379
f 2765//2379 8055//4253 4476//4254
s 0
f 2765//4255 4476//4255 2764//4255
s 1
f 2764//2378 4476//4254 4477//4256
f 2764//2378 4477//4256 2762//2376
f 4478//4257 2756//2370 2758//2372
f 4478//4257 2758//2372 4479//4258
f 2758//2372 2759//2373 4479//4258
f 4479//4258 2759//2373 2761//2375
f 4479//4258 2761//2375 4480//4259
f 4480//4259 2761//2375 2762//2376
f 4480//4259 2762//2376 4481//4260
f 4481//4260 2762//2376 4477//4256
s 0
f 8075//4261 2752//4261 4478//4261
f 4478//4262 2752//4262 2751//4262
s 1
f 4478//4257 2751//2365 2756//2370
f 7945//4263 2749//2363 8082//4264
f 8082//4264 2749//2363 2755//2369
f 8082//4264 2755//2369 7476//4265
f 7476//4265 2755//2369 2754//2368
f 7476//4265 2754//2368 7479//4266
f 7479//4266 2754//2368 2752//2366
f 7479//4266 2752//2366 7486//4267
f 7486//4267 2752//2366 8075//4268
s 0
f 4488//4269 2738//4269 2741//4269
s 1
f 2741//2355 2740//2354 4488//4270
f 4488//4270 2740//2354 2744//2358
f 4488//4270 2744//2358 4489//4271
f 4489//4271 2744//2358 2743//2357
s 0
f 7461//4272 2746//4272 7945//4272
s 1
f 7945//4263 2746//2360 2750//2364
f 7945//4263 2750//2364 2749//2363
f 7461//4273 7446//4274 2746//2360
f 2746//2360 7446//4274 7429//4275
f 2746//2360 7429//4275 2747//2361
f 2747//2361 7429//4275 7432//4276
f 2747//2361 7432//4276 2743//2357
f 2743//2357 7432//4276 7834//4277
f 2743//2357 7834//4277 4489//4271
f 4495//4278 2728//2342 2731//2345
f 2731//2345 2733//2347 4495//4278
f 4495//4278 2733//2347 2735//2349
f 4495//4278 2735//2349 4496//4279
f 4496//4279 2735//2349 2736//2350
f 4496//4279 2736//2350 4497//4280
f 4497//4280 2736//2350 2738//2352
f 4497//4280 2738//2352 4498//4281
f 4498//4281 2738//2352 4488//4270
f 7836//4282 2722//2336 2727//2341
f 7797//4283 7800//4284 2729//2343
f 2727//2341 2726//2340 7836//4282
f 7836//4282 2726//2340 2724//2338
f 7836//4282 2724//2338 7800//4284
f 7800//4284 2724//2338 2730//2344
f 7800//4284 2730//2344 2729//2343
f 4495//4278 7814//4285 2728//2342
f 2728//2342 7814//4285 7815//4286
f 2728//2342 7815//4286 2729//2343
f 2729//2343 7815//4286 7807//4287
f 2729//2343 7807//4287 7797//4283
f 2720//2334 4505//4288 2719//2333
f 2719//2333 4505//4288 4506//4289
f 2719//2333 4506//4289 2717//2331
f 2717//2331 4506//4289 2715//2329
f 7836//4282 7791//4290 2722//2336
f 2722//2336 7791//4290 7775//4291
f 2722//2336 7775//4291 2720//2334
f 2720//2334 7775//4291 7776//4292
f 2720//2334 7776//4292 4505//4288
f 2662//2268 2711//2325 4510//4293
f 4510//4293 2711//2325 2710//2324
f 4510//4293 2710//2324 4511//4294
f 4511//4294 2710//2324 2714//2328
f 4512//4295 2713//2327 4506//4289
s 0
f 4506//4296 2713//4296 2712//4296
s 1
f 4506//4289 2712//2326 2715//2329
f 4512//4295 7565//4297 2713//2327
f 2713//2327 7565//4297 7553//4298
f 2713//2327 7553//4298 2714//2328
f 2714//2328 7553//4298 7554//4299
f 2714//2328 7554//4299 4511//4294
f 2702//2316 2701//2315 7594//4300
f 7594//4300 2701//2315 2705//2319
f 7594//4300 2705//2319 7595//4301
f 7516//4302 2707//2321 4510//4293
f 4510//4293 2707//2321 2706//2320
f 4510//4293 2706//2320 2662//2268
f 2705//2319 2704//2318 7595//4301
f 7595//4301 2704//2318 2708//2322
f 7595//4301 2708//2322 7614//4303
f 7614//4303 2708//2322 2707//2321
f 7614//4303 2707//2321 7628//4304
f 7628//4304 2707//2321 7516//4302
f 4521//4305 2692//2306 2691//2305
f 2697//2311 7580//4306 2696//2310
f 2696//2310 7580//4306 4521//4305
f 2696//2310 4521//4305 2694//2308
f 2694//2308 4521//4305 2691//2305
f 7594//4300 7584//4307 2702//2316
f 2702//2316 7584//4307 7585//4308
f 2702//2316 7585//4308 2699//2313
f 2699//2313 7585//4308 8001//4309
f 2699//2313 8001//4309 2697//2311
f 2697//2311 8001//4309 7581//4310
f 2697//2311 7581//4310 7580//4306
f 4521//4305 4527//4311 2692//2306
f 2692//2306 4527//4311 4528//4312
f 2692//2306 4528//4312 2693//2307
f 2693//2307 4528//4312 4529//4313
f 2693//2307 4529//4313 2686//2300
f 2686//2300 4529//4313 4530//4314
f 2686//2300 4530//4314 2687//2301
f 2687//2301 4530//4314 4531//4315
f 2687//2301 4531//4315 3079//2693
f 3079//2693 4531//4315 3080//2694
f 3080//2694 4531//4315 4532//4316
f 3080//2694 4532//4316 7994//4317
f 3083//2697 7967//4318 3077//2691
f 3077//2691 7967//4318 7969//4319
f 3077//2691 7969//4319 3078//2692
f 7994//4317 7995//4320 3080//2694
f 3080//2694 7995//4320 7967//4318
f 3080//2694 7967//4318 3082//2696
f 3082//2696 7967//4318 3083//2697
f 7960//4321 3073//2687 7969//4319
s 0
f 7969//4322 3073//4322 3075//4322
s 1
f 7969//4319 3075//2689 3078//2692
f 7960//4321 7961//4323 3073//2687
f 3073//2687 7961//4323 7973//4324
f 3073//2687 7973//4324 7589//4325
f 7591//4326 3070//2684 3069//2683
f 7591//4326 3069//2683 4542//4327
f 3069//2683 3067//2681 4542//4327
f 4542//4327 3067//2681 3066//2680
f 4542//4327 3066//2680 7589//4325
f 7589//4325 3066//2680 3071//2685
f 7589//4325 3071//2685 3073//2687
f 3070//2684 7591//4326 3065//2679
f 3065//2679 7591//4326 4543//4328
f 3065//2679 4543//4328 4544//4329
f 3062//2676 4545//4330 3060//2674
f 3060//2674 4545//4330 4546//4331
f 3060//2674 4546//4331 3058//2672
f 4544//4329 4547//4332 3065//2679
f 3065//2679 4547//4332 4545//4330
f 3065//2679 4545//4330 3063//2677
f 3063//2677 4545//4330 3062//2676
f 4548//4333 7437//4334 3051//2665
f 3058//2672 4546//4331 3051//2665
f 3051//2665 4546//4331 4550//4335
f 3051//2665 4550//4335 4548//4333
f 4551//4336 3050//2664 3057//2671
f 4551//4336 3057//2671 4552//4337
f 3057//2671 3056//2670 4552//4337
f 4552//4337 3056//2670 3054//2668
f 4552//4337 3054//2668 7437//4334
f 7437//4334 3054//2668 3052//2666
f 7437//4334 3052//2666 3051//2665
f 3050//2664 4551//4336 3048//2662
f 3048//2662 4551//4336 7509//4338
f 3048//2662 7509//4338 4554//4339
f 3044//2658 4555//4340 3046//2660
f 3046//2660 4555//4340 7789//4341
f 3046//2660 7789//4341 3047//2661
f 4554//4339 7770//4342 3048//2662
f 3048//2662 7770//4342 4555//4340
f 3048//2662 4555//4340 3043//2657
f 3043//2657 4555//4340 3044//2658
f 3038//2652 4558//4343 3039//2653
f 3039//2653 4558//4343 3034//2648
f 3038//2652 3036//2650 4558//4343
f 4558//4343 3036//2650 3042//2656
f 4558//4343 3042//2656 7789//4341
f 7789//4341 3042//2656 3041//2655
f 7789//4341 3041//2655 3047//2661
f 3034//2648 4558//4343 3032//2646
f 3032//2646 4558//4343 4559//4344
f 3032//2646 4559//4344 4560//4345
f 4560//4345 4561//4346 3032//2646
f 3032//2646 4561//4346 4562//4347
f 3032//2646 4562//4347 7835//4348
f 7835//4348 4564//4349 3032//2646
f 3032//2646 4564//4349 4565//4350
f 3032//2646 4565//4350 3027//2641
f 3027//2641 4565//4350 4566//4351
f 3027//2641 4566//4351 3028//2642
f 3028//2642 4566//4351 7820//4352
f 3028//2642 7820//4352 3030//2644
f 3030//2644 7820//4352 3031//2645
f 3031//2645 7820//4352 4568//4353
f 3031//2645 4568//4353 3025//2639
f 7837//4354 3016//2630 4570//4355
f 4570//4355 3016//2630 3018//2632
s 0
f 4568//4356 4571//4356 3025//4356
s 1
f 3025//2639 4571//4357 7651//4358
f 3025//2639 7651//4358 3026//2640
f 3026//2640 7651//4358 4573//4359
f 3026//2640 4573//4359 3020//2634
f 3020//2634 4573//4359 7634//4360
f 3020//2634 7634//4360 3022//2636
f 3022//2636 7634//4360 4570//4355
f 3022//2636 4570//4355 3023//2637
f 3023//2637 4570//4355 3018//2632
f 7837//4354 7635//4361 3016//2630
f 3016//2630 7635//4361 4576//4362
f 3016//2630 4576//4362 3009//2623
f 3009//2623 4576//4362 4577//4363
f 3009//2623 4577//4363 3010//2624
f 3010//2624 4577//4363 4578//4364
f 3004//2618 3006//2620 4579//4365
f 4579//4365 3006//2620 4580//4366
f 4580//4366 3006//2620 3008//2622
f 4580//4366 3008//2622 4581//4367
s 0
f 4581//4368 3008//4368 3015//4368
f 4581//4369 3015//4369 4582//4369
s 1
f 4582//4370 3015//2629 3014//2628
f 4582//4370 3014//2628 4578//4364
f 4578//4364 3014//2628 3012//2626
f 4578//4364 3012//2626 3010//2624
f 3004//2618 4579//4365 2653//2259
f 2653//2259 4579//4365 4583//4371
f 2653//2259 4583//4371 2654//2260
f 2654//2260 4583//4371 7742//4372
f 2654//2260 7742//4372 3003//2617
f 7742//4372 4585//4373 3003//2617
f 3003//2617 4585//4373 4586//4374
f 3003//2617 4586//4374 2996//2610
f 2996//2610 4586//4374 7842//4375
f 4588//4376 2988//2602 4589//4377
s 0
f 4589//4378 2988//4378 2986//4378
s 1
f 4589//4377 2986//2600 4590//4379
f 4590//4379 2986//2600 2984//2598
s 0
f 4590//4380 2984//4380 4591//4380
s 1
f 4591//4381 2984//2598 2983//2597
f 4591//4381 2983//2597 4592//4382
f 4592//4382 2983//2597 2990//2604
f 4592//4382 2990//2604 4593//4383
f 4593//4383 2990//2604 2657//2263
f 4593//4383 2657//2263 7910//4384
f 7910//4384 2657//2263 2656//2262
f 7910//4384 2656//2262 7873//4385
f 7873//4385 2656//2262 2991//2605
f 7873//4385 2991//2605 7861//4386
f 7861//4386 2991//2605 2993//2607
f 7861//4386 2993//2607 7864//4387
f 7864//4387 2993//2607 2995//2609
f 7864//4387 2995//2609 7866//4388
f 7866//4388 2995//2609 3002//2616
f 7866//4388 3002//2616 7870//4389
f 7870//4389 3002//2616 3001//2615
f 7870//4389 3001//2615 7884//4390
f 7884//4390 3001//2615 2999//2613
f 7884//4390 2999//2613 7842//4375
f 7842//4375 2999//2613 2997//2611
f 7842//4375 2997//2611 2996//2610
f 4601//4391 2955//2569 4602//4392
f 4602//4392 2955//2569 2961//2575
f 4602//4392 2961//2575 4603//4393
f 4603//4393 2961//2575 2963//2577
f 4603//4393 2963//2577 4604//4394
f 4604//4394 2963//2577 2964//2578
f 4604//4394 2964//2578 4605//4395
f 4605//4395 2964//2578 2966//2580
f 4605//4395 2966//2580 7941//4396
f 7941//4396 2966//2580 2967//2581
f 7941//4396 2967//2581 4607//4397
f 4607//4397 2967//2581 2969//2583
f 4607//4397 2969//2583 7472//4398
f 7472//4398 2969//2583 2974//2588
f 7472//4398 2974//2588 4609//4399
f 4609//4399 2974//2588 2973//2587
f 4609//4399 2973//2587 4610//4400
f 4610//4400 2973//2587 2971//2585
f 4610//4400 2971//2585 7881//4401
f 7881//4401 2971//2585 2970//2584
f 7881//4401 2970//2584 7885//4402
f 7885//4402 2970//2584 2975//2589
f 7885//4402 2975//2589 7886//4403
f 7886//4403 2975//2589 2977//2591
f 7886//4403 2977//2591 7889//4404
f 7889//4404 2977//2591 2979//2593
f 7889//4404 2979//2593 7892//4405
f 7892//4405 2979//2593 2980//2594
f 7892//4405 2980//2594 7919//4406
f 7919//4406 2980//2594 2982//2596
f 7919//4406 2982//2596 4588//4376
f 4588//4376 2982//2596 2989//2603
f 4588//4376 2989//2603 2988//2602
f 2952//2566 2951//2565 7899//4407
f 7899//4407 2951//2565 2950//2564
f 7899//4407 2950//2564 7900//4408
f 7900//4408 2950//2564 2960//2574
f 7900//4408 2960//2574 4619//4409
f 4619//4409 2960//2574 2959//2573
s 0
f 4619//4410 2959//4410 4620//4410
f 4620//4411 2959//4411 2958//4411
s 1
f 4620//4412 2958//2572 4601//4391
f 4601//4391 2958//2572 2956//2570
f 4601//4391 2956//2570 2955//2569
f 7899//4407 7856//4413 2952//2566
f 2952//2566 7856//4413 4622//4414
f 2952//2566 4622//4414 2953//2567
f 2953//2567 4622//4414 7824//4415
f 2953//2567 7824//4415 2947//2561
f 2947//2561 7824//4415 7839//4416
f 2947//2561 7839//4416 2945//2559
f 2945//2559 7839//4416 8024//4417
f 2945//2559 8024//4417 2944//2558
f 2944//2558 8024//4417 7803//4418
f 2944//2558 7803//4418 2942//2556
f 2942//2556 7803//4418 8018//4419
f 2942//2556 8018//4419 2941//2555
f 2941//2555 8018//4419 4628//4420
s 0
f 2941//4421 4628//4421 2939//4421
s 1
f 4629//4422 2937//2551 2936//2550
f 4629//4422 2936//2550 4630//4423
f 4628//4420 4631//4424 2939//2553
s 0
f 2939//4425 4631//4425 4632//4425
s 1
f 2939//2553 4632//4426 2659//2265
f 2659//2265 4632//4426 4630//4423
f 2659//2265 4630//4423 2660//2266
f 2660//2266 4630//4423 2936//2550
f 2937//2551 4629//4422 2938//2552
f 2938//2552 4629//4422 4633//4427
f 2938//2552 4633//4427 4634//4428
f 7571//4429 2931//2545 4636//4430
f 4636//4430 2931//2545 2929//2543
f 4636//4430 2929//2543 4634//4428
f 4634//4428 2929//2543 2928//2542
f 4634//4428 2928//2542 2938//2552
f 7535//4431 2927//2541 4638//4432
f 4638//4432 2927//2541 2934//2548
f 4638//4432 2934//2548 7571//4429
f 7571//4429 2934//2548 2933//2547
f 7571//4429 2933//2547 2931//2545
f 7512//4433 2917//2531 2919//2533
f 7535//4431 4640//4434 2927//2541
f 2927//2541 4640//4434 4641//4435
s 0
f 2927//4436 4641//4436 2925//4436
s 1
f 2925//2539 4641//4437 7512//4433
f 2925//2539 7512//4433 2923//2537
f 2923//2537 7512//4433 2919//2533
f 2917//2531 7512//4433 2915//2529
f 2915//2529 7512//4433 4642//4438
f 2915//2529 4642//4438 2920//2534
f 2920//2534 4642//4438 7499//4439
f 2920//2534 7499//4439 4393//4167
f 4644//4440 2914//2528 4645//4441
f 4645//4441 2914//2528 2922//2536
f 4645//4441 2922//2536 4394//4168
f 4394//4168 2922//2536 2921//2535
f 4394//4168 2921//2535 2920//2534
f 7496//4442 2909//2523 4647//4443
f 4647//4443 2909//2523 2911//2525
f 4647//4443 2911//2525 4644//4440
f 4644//4440 2911//2525 2912//2526
f 4644//4440 2912//2526 2914//2528
f 7496//4442 4648//4444 2909//2523
f 2909//2523 4648//4444 4649//4445
f 2909//2523 4649//4445 2908//2522
f 2908//2522 4649//4445 2906//2520
f 2906//2520 4649//4445 7691//4446
f 2906//2520 7691//4446 2905//2519
f 2905//2519 7691//4446 7692//4447
f 2905//2519 7692//4447 2903//2517
f 2903//2517 7692//4447 2896//2510
f 2896//2510 7692//4447 7709//4448
f 2896//2510 7709//4448 7539//4165
f 7708//4449 2892//2506 2902//2516
f 2902//2516 2901//2515 7708//4449
f 7708//4449 2901//2515 2899//2513
f 7708//4449 2899//2513 4392//4166
f 4392//4166 2899//2513 2897//2511
f 4392//4166 2897//2511 2896//2510
f 7655//4450 7656//4451 2893//2507
f 2892//2506 7708//4449 2893//2507
f 2893//2507 7708//4449 7674//4452
f 2893//2507 7674//4452 7655//4450
f 2895//2509 4657//4453 2889//2503
f 2889//2503 4657//4453 4658//4454
f 2889//2503 4658//4454 2890//2504
f 7656//4451 7638//4455 2893//2507
f 2893//2507 7638//4455 4657//4453
f 2893//2507 4657//4453 2894//2508
f 2894//2508 4657//4453 2895//2509
f 2887//2501 2886//2500 4402//4176
f 4402//4176 2886//2500 2884//2498
f 4402//4176 2884//2498 4660//4456
f 4660//4456 2884//2498 4661//4457
f 2890//2504 4658//4454 2884//2498
f 2884//2498 4658//4454 4662//4458
f 2884//2498 4662//4458 4661//4457
f 4663//4459 4664//4460 4665//4461
f 4666//4462 4667//4463 4668//4464
f 4669//4465 4670//4466 4671//4467
f 4672//4468 4673//4469 4674//4470
f 4675//4471 4676//4472 4677//4473
f 4678//4474 4679//4475 4680//4476
f 4681//4477 4682//4478 4683//4479
f 4684//4480 4685//4481 4686//4482
f 4687//4483 4688//4484 4689//4485
f 4690//4486 4691//4487 4692//4488
f 4693//4489 4694//4490 4695//4491
f 4696//4492 4697//4493 4698//4494
f 4698//4494 4697//4493 4699//4495
f 4698//4494 4699//4495 4700//4496
f 4700//4496 4699//4495 4701//4497
f 4700//4496 4701//4497 4702//4498
f 4702//4498 4701//4497 4703//4499
f 4702//4498 4703//4499 4704//4500
f 4704//4500 4703//4499 4705//4501
f 4704//4500 4705//4501 4706//4502
f 4706//4502 4705//4501 4707//4503
f 4706//4502 4707//4503 4708//4504
f 4708//4504 4707//4503 4709//4505
f 4708//4504 4709//4505 4710//4506
f 4710//4506 4709//4505 4711//4507
f 4710//4506 4711//4507 4712//4508
f 4712//4508 4711//4507 4713//4509
f 4712//4508 4713//4509 4714//4510
f 4715//4511 4696//4492 4716//4512
f 4716//4512 4696//4492 4698//4494
f 4716//4512 4698//4494 4717//4513
f 4717//4513 4698//4494 4700//4496
f 4717//4513 4700//4496 4718//4514
f 4718//4514 4700//4496 4702//4498
f 4718//4514 4702//4498 4719//4515
f 4719//4515 4702//4498 4704//4500
f 4719//4515 4704//4500 4720//4516
f 4720//4516 4704//4500 4706//4502
f 4720//4516 4706//4502 4721//4517
f 4721//4517 4706//4502 4708//4504
f 4721//4517 4708//4504 4722//4518
f 4722//4518 4708//4504 4710//4506
f 4722//4518 4710//4506 4723//4519
f 4723//4519 4710//4506 4712//4508
f 4723//4519 4712//4508 4724//4520
f 4724//4520 4712//4508 4714//4510
f 4697//4493 4725//4521 4699//4495
f 4699//4495 4725//4521 4726//4522
f 4699//4495 4726//4522 4701//4497
f 4701//4497 4726//4522 4727//4523
f 4701//4497 4727//4523 4703//4499
f 4703//4499 4727//4523 4728//4524
f 4703//4499 4728//4524 4705//4501
f 4705//4501 4728//4524 4729//4525
f 4705//4501 4729//4525 4707//4503
f 4707//4503 4729//4525 4730//4526
f 4707//4503 4730//4526 4709//4505
f 4709//4505 4730//4526 4731//4527
f 4709//4505 4731//4527 4711//4507
f 4711//4507 4731//4527 4732//4528
f 4711//4507 4732//4528 4713//4509
f 4713//4509 4732//4528 4733//4529
f 4713//4509 4733//4529 4714//4510
f 4734//4530 4735//4531 4736//4532
f 4736//4532 4735//4531 4737//4533
f 4736//4532 4737//4533 4738//4534
f 4739//4535 4740//4536 4741//4537
f 4738//4534 4742//4538 4736//4532
f 4736//4532 4742//4538 4743//4539
f 4736//4532 4743//4539 4740//4536
f 4740//4536 4743//4539 4744//4540
f 4740//4536 4744//4540 4741//4537
f 4745//4541 4746//4542 4747//4543
f 4748//4544 4749//4545 4750//4546
f 4750//4546 4749//4545 4751//4547
f 4747//4543 4752//4548 4745//4541
f 4745//4541 4752//4548 4753//4549
f 4745//4541 4753//4549 4751//4547
f 4751//4547 4753//4549 4754//4550
f 4751//4547 4754//4550 4750//4546
f 4741//4537 4755//4551 4739//4535
f 4739//4535 4755//4551 4756//4552
f 4739//4535 4756//4552 4746//4542
f 4746//4542 4756//4552 4757//4553
f 4746//4542 4757//4553 4747//4543
f 4725//4521 4734//4530 4726//4522
f 4726//4522 4734//4530 4736//4532
f 4726//4522 4736//4532 4727//4523
f 4727//4523 4736//4532 4740//4536
f 4727//4523 4740//4536 4728//4524
f 4728//4524 4740//4536 4739//4535
f 4728//4524 4739//4535 4729//4525
f 4729//4525 4739//4535 4746//4542
f 4729//4525 4746//4542 4730//4526
f 4730//4526 4746//4542 4745//4541
f 4730//4526 4745//4541 4731//4527
f 4731//4527 4745//4541 4751//4547
f 4731//4527 4751//4547 4732//4528
f 4732//4528 4751//4547 4749//4545
f 4732//4528 4749//4545 4733//4529
f 4758//4554 4759//4555 4760//4556
f 4760//4556 4759//4555 4693//4489
f 4760//4556 4693//4489 4761//4557
f 4761//4557 4693//4489 4695//4491
f 4761//4557 4695//4491 4762//4558
f 4759//4555 4763//4559 4693//4489
f 4693//4489 4763//4559 4764//4560
f 4693//4489 4764//4560 4694//4490
f 4694//4490 4764//4560 4765//4561
f 4694//4490 4765//4561 4766//4562
f 4767//4563 4768//4564 4769//4565
f 4770//4566 4771//4567 4772//4568
f 4772//4568 4771//4567 4773//4569
f 4774//4570 4775//4571 4776//4572
f 4748//4544 4758//4554 4749//4545
f 4749//4545 4758//4554 4760//4556
f 4749//4545 4760//4556 4733//4529
f 4733//4529 4760//4556 4761//4557
f 4733//4529 4761//4557 4714//4510
f 4714//4510 4761//4557 4762//4558
f 4714//4510 4762//4558 4724//4520
f 4777//4573 4778//4574 4779//4575
f 4780//4576 4781//4577 4778//4574
f 4778//4574 4781//4577 4782//4578
f 4778//4574 4782//4578 4779//4575
f 4783//4579 4784//4580 4785//4581
f 4783//4579 4786//4582 4784//4580
f 4784//4580 4786//4582 4787//4583
f 4784//4580 4787//4583 4788//4584
f 4788//4584 4787//4583 4789//4585
f 4788//4584 4789//4585 4790//4586
f 4779//4575 4791//4587 4777//4573
f 4777//4573 4791//4587 4792//4588
f 4777//4573 4792//4588 4785//4581
f 4785//4581 4792//4588 4793//4589
f 4785//4581 4793//4589 4783//4579
f 4794//4590 4795//4591 4796//4592
f 4796//4592 4797//4593 4794//4590
f 4794//4590 4797//4593 4798//4594
f 4794//4590 4798//4594 4799//4595
f 4800//4596 4801//4597 4802//4598
f 4802//4598 4801//4597 4803//4599
f 4692//4488 4804//4600 4690//4486
f 4690//4486 4804//4600 4805//4601
f 4690//4486 4805//4601 4803//4599
f 4803//4599 4805//4601 4806//4602
f 4803//4599 4806//4602 4802//4598
f 4798//4594 4807//4603 4799//4595
f 4799//4595 4807//4603 4808//4604
f 4799//4595 4808//4604 4809//4605
f 4809//4605 4808//4604 4810//4606
f 4809//4605 4810//4606 4691//4487
f 4691//4487 4810//4606 4811//4607
f 4691//4487 4811//4607 4692//4488
f 4812//4608 4771//4567 4813//4609
f 4813//4609 4771//4567 4770//4566
f 4813//4609 4770//4566 4814//4610
f 4814//4610 4770//4566 4815//4611
f 4814//4610 4815//4611 4816//4612
f 4816//4612 4815//4611 4817//4613
f 4816//4612 4817//4613 4818//4614
f 4818//4614 4817//4613 4780//4576
f 4818//4614 4780//4576 4819//4615
f 4819//4615 4780//4576 4778//4574
f 4819//4615 4778//4574 4820//4616
f 4820//4616 4778//4574 4777//4573
f 4820//4616 4777//4573 4821//4617
f 4821//4617 4777//4573 4785//4581
f 4821//4617 4785//4581 4822//4618
f 4822//4618 4785//4581 4784//4580
f 4822//4618 4784//4580 4823//4619
f 4823//4619 4784//4580 4788//4584
f 4823//4619 4788//4584 4824//4620
f 4824//4620 4788//4584 4790//4586
f 4824//4620 4790//4586 4825//4621
f 4825//4621 4790//4586 4795//4591
f 4825//4621 4795//4591 4826//4622
f 4826//4622 4795//4591 4794//4590
f 4826//4622 4794//4590 4827//4623
f 4827//4623 4794//4590 4799//4595
f 4827//4623 4799//4595 4828//4624
f 4828//4624 4799//4595 4809//4605
f 4828//4624 4809//4605 4829//4625
f 4829//4625 4809//4605 4691//4487
f 4829//4625 4691//4487 4830//4626
f 4830//4626 4691//4487 4690//4486
f 4830//4626 4690//4486 4831//4627
f 4831//4627 4690//4486 4803//4599
f 4831//4627 4803//4599 4832//4628
f 4832//4628 4803//4599 4801//4597
f 4832//4628 4801//4597 4833//4629
f 4789//4585 4834//4630 4790//4586
f 4790//4586 4834//4630 4835//4631
f 4790//4586 4835//4631 4795//4591
f 4795//4591 4835//4631 4836//4632
f 4795//4591 4836//4632 4796//4592
f 4837//4633 4812//4608 4838//4634
f 4838//4634 4812//4608 4813//4609
f 4838//4634 4813//4609 4839//4635
f 4839//4635 4813//4609 4814//4610
f 4839//4635 4814//4610 4840//4636
f 4840//4636 4814//4610 4816//4612
f 4840//4636 4816//4612 4841//4637
f 4841//4637 4816//4612 4818//4614
f 4841//4637 4818//4614 4842//4638
f 4842//4638 4818//4614 4819//4615
f 4842//4638 4819//4615 4843//4639
f 4843//4639 4819//4615 4820//4616
f 4843//4639 4820//4616 4844//4640
f 4844//4640 4820//4616 4821//4617
f 4844//4640 4821//4617 4845//4641
f 4845//4641 4821//4617 4822//4618
f 4845//4641 4822//4618 4846//4642
f 4846//4642 4822//4618 4823//4619
f 4846//4642 4823//4619 4847//4643
f 4847//4643 4823//4619 4824//4620
f 4847//4643 4824//4620 4848//4644
f 4848//4644 4824//4620 4825//4621
f 4848//4644 4825//4621 4849//4645
f 4849//4645 4825//4621 4826//4622
f 4849//4645 4826//4622 4850//4646
f 4850//4646 4826//4622 4827//4623
f 4850//4646 4827//4623 4851//4647
f 4851//4647 4827//4623 4828//4624
f 4851//4647 4828//4624 4852//4648
f 4852//4648 4828//4624 4829//4625
f 4852//4648 4829//4625 4853//4649
f 4853//4649 4829//4625 4830//4626
f 4853//4649 4830//4626 4854//4650
f 4854//4650 4830//4626 4831//4627
f 4854//4650 4831//4627 4855//4651
f 4855//4651 4831//4627 4832//4628
f 4855//4651 4832//4628 4856//4652
f 4856//4652 4832//4628 4833//4629
f 4856//4652 4833//4629 4857//4653
f 4772//4568 4858//4654 4770//4566
f 4770//4566 4858//4654 4859//4655
f 4770//4566 4859//4655 4815//4611
f 4815//4611 4859//4655 4860//4656
f 4815//4611 4860//4656 4817//4613
f 4817//4613 4860//4656 4861//4657
f 4817//4613 4861//4657 4780//4576
f 4780//4576 4861//4657 4862//4658
f 4780//4576 4862//4658 4781//4577
f 4863//4659 4864//4660 4865//4661
f 4866//4662 4867//4663 4868//4664
f 4869//4665 4676//4472 4870//4666
f 4870//4666 4676//4472 4675//4471
f 4870//4666 4675//4471 4871//4667
f 4869//4665 4678//4474 4872//4668
f 4873//4669 4874//4670 4875//4671
f 4873//4669 4875//4671 4876//4672
f 4689//4485 4688//4484 4877//4673
f 4877//4673 4688//4484 4878//4674
f 4877//4673 4878//4674 4879//4675
f 4879//4675 4878//4674 4880//4676
f 4879//4675 4880//4676 4881//4677
f 4881//4677 4880//4676 4882//4678
f 4881//4677 4882//4678 4883//4679
f 4883//4679 4882//4678 4884//4680
f 4883//4679 4884//4680 4885//4681
f 4885//4681 4884//4680 4886//4682
f 4885//4681 4886//4682 4887//4683
f 4887//4683 4886//4682 4888//4684
f 4887//4683 4888//4684 4889//4685
f 4889//4685 4888//4684 4890//4686
f 4889//4685 4890//4686 4891//4687
f 4891//4687 4890//4686 4892//4688
f 4891//4687 4892//4688 4893//4689
f 4893//4689 4892//4688 4894//4690
f 4893//4689 4894//4690 4895//4691
f 4895//4691 4894//4690 4896//4692
f 4895//4691 4896//4692 4897//4693
f 4897//4693 4896//4692 4898//4694
f 4897//4693 4898//4694 4899//4695
f 4899//4695 4898//4694 4900//4696
f 4899//4695 4900//4696 4901//4697
f 4901//4697 4900//4696 4864//4660
f 4901//4697 4864//4660 4902//4698
f 4902//4698 4864//4660 4863//4659
f 4902//4698 4863//4659 4903//4699
f 4904//4700 4905//4701 4903//4699
f 4906//4702 4907//4703 4908//4704
f 4909//4705 4910//4706 4904//4700
f 4904//4700 4910//4706 4911//4707
f 4904//4700 4911//4707 4905//4701
f 4905//4701 4911//4707 4912//4708
f 4905//4701 4912//4708 4907//4703
f 4907//4703 4912//4708 4913//4709
f 4907//4703 4913//4709 4908//4704
f 4914//4710 4915//4711 4916//4712
f 4908//4704 4917//4713 4906//4702
f 4906//4702 4917//4713 4918//4714
f 4906//4702 4918//4714 4916//4712
f 4916//4712 4918//4714 4919//4715
f 4916//4712 4919//4715 4914//4710
f 4920//4716 4921//4717 4922//4718
f 4923//4719 4924//4720 4925//4721
f 4922//4718 4926//4722 4920//4716
f 4920//4716 4926//4722 4927//4723
f 4920//4716 4927//4723 4925//4721
f 4925//4721 4927//4723 4928//4724
f 4925//4721 4928//4724 4923//4719
f 4929//4725 4930//4726 4931//4727
f 4931//4727 4930//4726 4932//4728
f 4933//4729 4934//4730 4932//4728
f 4932//4728 4934//4730 4935//4731
f 4932//4728 4935//4731 4931//4727
f 4923//4719 4936//4732 4924//4720
f 4924//4720 4936//4732 4937//4733
f 4924//4720 4937//4733 4938//4734
f 4938//4734 4937//4733 4939//4735
f 4938//4734 4939//4735 4933//4729
f 4933//4729 4939//4735 4940//4736
f 4933//4729 4940//4736 4934//4730
f 4914//4710 4941//4737 4915//4711
f 4915//4711 4941//4737 4942//4738
f 4915//4711 4942//4738 4943//4739
f 4943//4739 4942//4738 4944//4740
f 4943//4739 4944//4740 4945//4741
f 4945//4741 4944//4740 4946//4742
f 4945//4741 4946//4742 4921//4717
f 4921//4717 4946//4742 4947//4743
f 4921//4717 4947//4743 4922//4718
f 4903//4699 4905//4701 4902//4698
f 4902//4698 4905//4701 4907//4703
f 4902//4698 4907//4703 4901//4697
f 4901//4697 4907//4703 4906//4702
f 4901//4697 4906//4702 4899//4695
f 4899//4695 4906//4702 4916//4712
f 4899//4695 4916//4712 4897//4693
f 4897//4693 4916//4712 4915//4711
f 4897//4693 4915//4711 4895//4691
f 4895//4691 4915//4711 4943//4739
f 4895//4691 4943//4739 4893//4689
f 4893//4689 4943//4739 4945//4741
f 4893//4689 4945//4741 4891//4687
f 4891//4687 4945//4741 4921//4717
f 4891//4687 4921//4717 4889//4685
f 4889//4685 4921//4717 4920//4716
f 4889//4685 4920//4716 4887//4683
f 4887//4683 4920//4716 4925//4721
f 4887//4683 4925//4721 4885//4681
f 4885//4681 4925//4721 4924//4720
f 4885//4681 4924//4720 4883//4679
f 4883//4679 4924//4720 4938//4734
f 4883//4679 4938//4734 4881//4677
f 4881//4677 4938//4734 4933//4729
f 4881//4677 4933//4729 4879//4675
f 4879//4675 4933//4729 4932//4728
f 4879//4675 4932//4728 4877//4673
f 4877//4673 4932//4728 4930//4726
f 4877//4673 4930//4726 4689//4485
f 4948//4744 4949//4745 4950//4746
f 4951//4747 4683//4479 4952//4748
f 4952//4748 4683//4479 4682//4478
f 4952//4748 4682//4478 4684//4480
f 4953//4749 4867//4663 4954//4750
f 4954//4750 4867//4663 4866//4662
f 4954//4750 4866//4662 4955//4751
f 4678//4474 4680//4476 4872//4668
f 4872//4668 4680//4476 4956//4752
f 4872//4668 4956//4752 4957//4753
f 4958//4754 4959//4755 4960//4756
f 4961//4757 4962//4758 4963//4759
f 4963//4759 4962//4758 4964//4760
f 4963//4759 4964//4760 4965//4761
f 4965//4761 4964//4760 4668//4464
f 4965//4761 4668//4464 4966//4762
f 4966//4762 4668//4464 4667//4463
f 4966//4762 4967//4763 4965//4761
f 4965//4761 4967//4763 4948//4744
f 4965//4761 4948//4744 4963//4759
f 4963//4759 4948//4744 4950//4746
f 4963//4759 4950//4746 4961//4757
f 4961//4757 4950//4746 4685//4481
f 4968//4764 4969//4765 4970//4766
f 4684//4480 4686//4482 4952//4748
f 4952//4748 4686//4482 4968//4764
f 4952//4748 4968//4764 4951//4747
f 4951//4747 4968//4764 4970//4766
f 4951//4747 4970//4766 4971//4767
f 4868//4664 4972//4768 4866//4662
f 4866//4662 4972//4768 4973//4769
f 4866//4662 4973//4769 4955//4751
f 4955//4751 4973//4769 4674//4470
f 4955//4751 4674//4470 4974//4770
f 4974//4770 4674//4470 4673//4469
f 4972//4768 4681//4477 4973//4769
f 4973//4769 4681//4477 4683//4479
f 4973//4769 4683//4479 4674//4470
f 4674//4470 4683//4479 4951//4747
f 4674//4470 4951//4747 4672//4468
f 4672//4468 4951//4747 4971//4767
f 4967//4763 4975//4771 4948//4744
f 4948//4744 4975//4771 4976//4772
f 4948//4744 4976//4772 4949//4745
f 4949//4745 4976//4772 4977//4773
f 4949//4745 4977//4773 4978//4774
f 4685//4481 4950//4746 4686//4482
f 4686//4482 4950//4746 4949//4745
f 4686//4482 4949//4745 4968//4764
f 4968//4764 4949//4745 4978//4774
f 4968//4764 4978//4774 4969//4765
f 4979//4775 4956//4752 4953//4749
f 4953//4749 4956//4752 4680//4476
f 4953//4749 4680//4476 4867//4663
f 4867//4663 4680//4476 4679//4475
f 4867//4663 4679//4475 4868//4664
f 4980//4776 4871//4667 4981//4777
f 4981//4777 4871//4667 4675//4471
f 4981//4777 4675//4471 4671//4467
f 4671//4467 4675//4471 4677//4473
f 4671//4467 4677//4473 4669//4465
f 4669//4465 4677//4473 4982//4778
f 4983//4779 4984//4780 4958//4754
f 4958//4754 4984//4780 4985//4781
f 4958//4754 4985//4781 4959//4755
f 4959//4755 4985//4781 4986//4782
f 4670//4466 4983//4779 4671//4467
f 4671//4467 4983//4779 4958//4754
f 4671//4467 4958//4754 4981//4777
f 4981//4777 4958//4754 4960//4756
f 4981//4777 4960//4756 4980//4776
f 4979//4775 4987//4783 4956//4752
f 4956//4752 4987//4783 4988//4784
f 4956//4752 4988//4784 4957//4753
f 4957//4753 4988//4784 4989//4785
f 4957//4753 4989//4785 4990//4786
f 4869//4665 4872//4668 4676//4472
f 4676//4472 4872//4668 4957//4753
f 4676//4472 4957//4753 4677//4473
f 4677//4473 4957//4753 4990//4786
f 4677//4473 4990//4786 4982//4778
f 4974//4770 4991//4787 4955//4751
f 4955//4751 4991//4787 4992//4788
f 4955//4751 4992//4788 4954//4750
f 4954//4750 4992//4788 4993//4789
f 4954//4750 4993//4789 4953//4749
f 4953//4749 4993//4789 4994//4790
f 4953//4749 4994//4790 4979//4775
f 4962//4758 4687//4483 4964//4760
f 4964//4760 4687//4483 4689//4485
f 4964//4760 4689//4485 4668//4464
f 4668//4464 4689//4485 4930//4726
f 4668//4464 4930//4726 4666//4462
f 4666//4462 4930//4726 4929//4725
s 0
f 7758//4791 4995//4791 7761//4791
s 1
f 7760//4792 7563//4793 7528//4794
s 0
f 4398//4795 7931//4795 7564//4795
f 7564//4796 7931//4796 4400//4795
s 1
f 7562//4797 7897//4174 4997//4798
f 4997//4798 7897//4174 4401//4175
f 4997//4798 4401//4175 4998//4799
s 0
f 7530//4800 5000//4800 7746//4800
s 1
f 4410//4184 5001//4801 4411//4185
f 4411//4185 5001//4801 5002//4802
f 4410//4184 4409//4183 5001//4801
f 5001//4801 4409//4183 7750//4178
f 5001//4801 4404//4803 7774//4804
f 7774//4804 4404//4803 4403//4805
f 7774//4804 4403//4805 4405//4806
s 0
f 7747//4807 4406//4808 7531//4808
f 7531//4808 4406//4808 7717//4809
f 7529//4810 7716//4810 7527//4810
f 4996//4811 4407//4811 4408//4811
f 4996//4812 4408//4812 4399//4812
s 1
f 5003//4813 4413//4187 5002//4802
f 5002//4802 4413//4187 4412//4186
f 5002//4802 4412//4186 4411//4185
s 0
f 7729//4814 7660//4814 7732//4814
f 5005//4815 7661//4816 4418//4817
f 4418//4818 4417//4819 5005//4819
f 5005//4815 4417//4815 7645//4815
f 7733//4820 7644//4820 5006//4820
s 1
f 7823//4821 4416//4822 4415//4189
f 7823//4821 4415//4189 5003//4813
f 5003//4813 4415//4189 4414//4188
f 5003//4813 4414//4188 4413//4187
f 7845//4823 7723//4203 7778//4170
f 7845//4823 7778//4170 7779//4824
f 5009//4825 5010//4826 4424//4827
f 7765//4198 4423//4197 5009//4825
f 5009//4825 4423//4197 4427//4201
f 5009//4825 4427//4201 5007//4828
f 5007//4828 4427//4201 4428//4829
f 5007//4828 4428//4829 4429//4830
s 0
f 4396//4831 4419//4832 5008//4833
f 5008//4834 4419//4832 7672//4835
f 7780//4836 7673//4836 7730//4836
f 5004//4837 4420//4837 4421//4837
f 5004//4838 4421//4838 4422//4838
s 1
f 5011//4839 4426//4200 7847//4840
f 7847//4840 4426//4200 7766//4199
f 5010//4826 4425//4841 4424//4827
s 0
f 4439//4842 5012//4843 7557//4844
f 7556//4845 7679//4845 7682//4845
f 4439//4842 4433//4846 5012//4847
f 5012//4847 4433//4848 7577//4849
f 7680//4850 7578//4850 7685//4850
s 1
f 5014//4851 4432//4852 4431//4205
f 5014//4851 4431//4205 5011//4839
f 5011//4839 4431//4205 4430//4204
f 5011//4839 4430//4204 4426//4200
f 7705//4853 7991//4854 7624//4855
s 0
f 4435//4856 7992//4856 7989//4856
s 1
f 5017//4857 7526//4218 7991//4854
s 0
f 5016//4858 4443//4858 4442//4858
f 5016//4859 4442//4859 4445//4859
f 7625//4860 4434//4861 5015//4861
f 5015//4862 4434//4862 7599//4863
f 7704//4864 7600//4864 7683//4864
f 5013//4865 4436//4865 4437//4865
f 5013//4866 4437//4866 4438//4866
s 1
f 4450//4226 7639//4867 5019//4868
f 4450//4226 4441//4227 5018//4869
f 5018//4869 4441//4227 4440//4220
f 5018//4869 4440//4220 5017//4857
f 5017//4857 4440//4220 4444//4219
f 5017//4857 4444//4219 7526//4218
f 7976//4870 4447//4223 5019//4868
f 5019//4868 4447//4223 4446//4222
f 5019//4868 4446//4222 4450//4226
s 0
f 7956//4871 7772//4871 7663//4871
s 1
f 4452//4872 4455//4873 5021//4874
f 5021//4874 4455//4873 7974//4875
f 5021//4874 7974//4875 7976//4870
s 0
f 5020//4876 4449//4876 8000//4876
s 1
f 7976//4870 4448//4224 4447//4223
s 0
f 4395//4877 7667//4878 7832//4879
f 7833//4880 7666//4880 7686//4880
s 1
f 4665//4461 4465//4243 4460//4237
f 4665//4461 4460//4237 5025//4881
f 4460//4237 4459//4236 5025//4881
f 5025//4881 4459//4236 7981//4235
s 0
f 7707//4882 7982//4882 7687//4882
f 7688//4883 4458//4884 4457//4883
f 7688//4885 4457//4885 4456//4886
f 4395//4877 4451//4887 7667//4888
f 7667//4889 4451//4889 7964//4889
f 7665//4890 7966//4890 7662//4890
f 5022//4891 4454//4892 4453//4891
f 5022//4893 4453//4893 7958//4894
s 1
f 4465//4243 4665//4461 4464//4242
f 4464//4242 4665//4461 4664//4460
f 4464//4242 4664//4460 4461//4238
s 0
f 7887//4895 7701//4895 7697//4895
f 4613//4896 4614//4897 5026//4897
f 5026//4897 4614//4897 4615//4898
s 1
f 7702//4899 7892//4405 5028//4900
f 5028//4900 7892//4405 7919//4406
f 7703//4901 4616//4902 4588//4376
s 0
f 7878//4903 7480//4904 7471//4903
f 7470//4905 7482//4905 7473//4905
s 1
f 4604//4394 4605//4395 5031//4906
f 5031//4906 4605//4395 7941//4396
f 5031//4906 7941//4396 7475//4907
s 0
f 7474//4908 4606//4908 7937//4908
f 7474//4909 7937//4909 4608//4909
f 7878//4910 7879//4911 7480//4912
f 7480//4913 7879//4914 7883//4915
f 7481//4916 7882//4916 7696//4916
f 5027//4917 4611//4918 4612//4917
f 5027//4919 4612//4919 7888//4920
s 1
f 7902//4921 7903//4922 7934//4923
f 7934//4923 7903//4922 4620//4412
s 0
f 7825//4924 8034//4925 7827//4925
f 7827//4925 8034//4925 7855//4926
f 7854//4927 4617//4928 7857//4928
f 7857//4929 4617//4929 7901//4929
s 1
f 7806//4930 4627//4931 7804//4932
f 5036//4933 4631//4424 4628//4420
s 0
f 7805//4934 4625//4935 7810//4935
f 7810//4935 4625//4935 7840//4936
f 7811//4937 4624//4937 7826//4937
s 1
f 4601//4391 4602//4392 5038//4938
f 5038//4938 4602//4392 4603//4393
f 5038//4938 4603//4393 4604//4394
f 5039//4939 5040//4940 5041//4941
f 5039//4939 5041//4941 5042//4942
f 5043//4943 5031//4906 5044//4944
f 5044//4944 5031//4906 5030//4945
f 5044//4944 5030//4945 5045//4946
f 5045//4946 5030//4945 5029//4947
f 5045//4946 5029//4947 5046//4948
f 5046//4948 5029//4947 7695//4949
f 5046//4948 7695//4949 5047//4950
f 5047//4950 7695//4949 7700//4951
f 5047//4950 7700//4951 5041//4941
f 5041//4941 7700//4951 7703//4901
f 5041//4941 7703//4901 5042//4942
f 5042//4942 7703//4901 4588//4376
f 5042//4942 4588//4376 4589//4377
s 0
f 4618//4952 5032//4952 7859//4952
s 1
f 5034//4953 7934//4923 5048//4954
f 5034//4953 5048//4954 5049//4955
f 5050//4956 4629//4422 5051//4957
f 7485//4958 4629//4422 4630//4423
f 7485//4958 4630//4423 5036//4933
f 5036//4933 4630//4423 4632//4426
f 5036//4933 4632//4426 4631//4424
f 7572//4959 4634//4428 5050//4956
f 5050//4956 4634//4428 4633//4427
f 5050//4956 4633//4427 4629//4422
s 0
f 7560//4960 7515//4960 7534//4960
f 7536//4961 7513//4962 8004//4962
f 4637//4963 8010//4964 7559//4964
f 7559//4965 8010//4965 7570//4966
f 5053//4967 7569//4967 5052//4967
s 1
f 7572//4959 4635//4968 8011//4969
f 7572//4959 8011//4969 4634//4428
f 7613//4970 4393//4167 7499//4439
s 0
f 5055//4971 7498//4971 7501//4971
s 1
f 4393//4167 7613//4970 4394//4168
f 4394//4168 7613//4970 5057//4972
f 4394//4168 5057//4972 4645//4441
s 0
f 4643//4973 7932//4974 7500//4974
f 7500//4973 7932//4973 7511//4975
f 5056//4976 7510//4976 7514//4976
f 7513//4977 4639//4978 8005//4978
f 7513//4979 8005//4980 8004//4981
s 1
f 4649//4445 5058//4982 8002//4983
s 0
f 7541//4984 7549//4984 7538//4984
f 4391//4985 7548//4986 7944//4985
f 7540//4987 4652//4987 7543//4987
f 7543//4988 4652//4988 7694//4988
f 5060//4989 7693//4989 5059//4989
s 1
f 8002//4983 4651//4990 4650//4991
f 8002//4983 4650//4991 4649//4445
f 7893//4992 4659//4993 7657//4994
s 0
f 5062//4995 7658//4995 7895//4995
s 1
f 4659//4993 7893//4992 4657//4453
f 4657//4453 7893//4992 5064//4996
f 4657//4453 5064//4996 4658//4454
s 0
f 4655//4997 4654//4998 5063//4999
f 5063//4998 4654//4998 7676//4998
f 7896//5000 7675//5000 5061//5000
f 7548//5001 4656//5002 4653//5003
f 7548//4986 4653//5004 7944//5005
s 1
f 4649//4445 4648//4444 5058//4982
f 5058//4982 4648//4444 7496//4442
f 5058//4982 7496//4442 7497//5006
f 5065//5007 4646//5008 7551//5009
f 5065//5007 7551//5009 5057//4972
f 5057//4972 4647//4443 4644//4440
f 5057//4972 4644//4440 4645//4441
f 4401//4175 4402//4176 4998//4799
f 4998//4799 4402//4176 4660//4456
f 4998//4799 4660//4456 5066//5010
f 5066//5010 4660//4456 4661//4457
f 5066//5010 4661//4457 5064//4996
f 5064//4996 4661//4457 4662//4458
f 5064//4996 4662//4458 4658//4454
f 5067//5011 5043//4943 5068//5012
f 5068//5012 5043//4943 5044//4944
f 5068//5012 5044//4944 5069//5013
f 5069//5013 5044//4944 5045//4946
f 5069//5013 5045//4946 5070//5014
f 5070//5014 5045//4946 5046//4948
f 5070//5014 5046//4948 5071//5015
f 5071//5015 5046//4948 5047//4950
f 5071//5015 5047//4950 5072//5016
f 5072//5016 5047//4950 5041//4941
f 5072//5016 5041//4941 5073//5017
f 5073//5017 5041//4941 5040//4940
f 5073//5017 5040//4940 5074//5018
f 5075//5019 5067//5011 5076//5020
f 5076//5020 5067//5011 5068//5012
f 5076//5020 5068//5012 5077//5021
f 5077//5021 5068//5012 5069//5013
f 5077//5021 5069//5013 5078//5022
f 5078//5022 5069//5013 5070//5014
f 5078//5022 5070//5014 5079//5023
f 5079//5023 5070//5014 5071//5015
f 5079//5023 5071//5015 5080//5024
f 5080//5024 5071//5015 5072//5016
f 5080//5024 5072//5016 5081//5025
f 5081//5025 5072//5016 5073//5017
f 5081//5025 5073//5017 5082//5026
f 5082//5026 5073//5017 5074//5018
f 5082//5026 5074//5018 5083//5027
f 5084//5028 5049//4955 5085//5029
f 5085//5029 5049//4955 5048//4954
f 5085//5029 5048//4954 5086//5030
f 5086//5030 5048//4954 7934//4923
f 5086//5030 7934//4923 5087//5031
f 5087//5031 7934//4923 4620//4412
f 5087//5031 4620//4412 4601//4391
f 5083//5027 5088//5032 5082//5026
f 5082//5026 5088//5032 5089//5033
f 5082//5026 5089//5033 5081//5025
f 5081//5025 5089//5033 5090//5034
f 5081//5025 5090//5034 5080//5024
f 5080//5024 5090//5034 5091//5035
f 5080//5024 5091//5035 5079//5023
f 5079//5023 5091//5035 5092//5036
f 5079//5023 5092//5036 5078//5022
f 5078//5022 5092//5036 5093//5037
f 5078//5022 5093//5037 5077//5021
f 5077//5021 5093//5037 5094//5038
f 5077//5021 5094//5038 5076//5020
f 5076//5020 5094//5038 5095//5039
f 5076//5020 5095//5039 5075//5019
f 5075//5019 5095//5039 5096//5040
f 5075//5019 5096//5040 5097//5041
f 5097//5041 5096//5040 5098//5042
f 5097//5041 5098//5042 5099//5043
f 5099//5043 5098//5042 5100//5044
f 5099//5043 5100//5044 5101//5045
f 5101//5045 5100//5044 5102//5046
f 5101//5045 5102//5046 5103//5047
f 5103//5047 5102//5046 5104//5048
f 5103//5047 5104//5048 5105//5049
f 5105//5049 5104//5048 4774//4570
f 5105//5049 4774//4570 4767//4563
f 4767//4563 4774//4570 4776//4572
f 4767//4563 4776//4572 4768//4564
f 4601//4391 5038//4938 5087//5031
f 5087//5031 5038//4938 5106//5050
f 5087//5031 5106//5050 5086//5030
f 5086//5030 5106//5050 5107//5051
f 5086//5030 5107//5051 5085//5029
f 5085//5029 5107//5051 5108//5052
f 5085//5029 5108//5052 5084//5028
f 5084//5028 5108//5052 5109//5053
f 5084//5028 5109//5053 5110//5054
f 5110//5054 5109//5053 5111//5055
f 5110//5054 5111//5055 5112//5056
f 5112//5056 5111//5055 5113//5057
f 5112//5056 5113//5057 4837//4633
f 4604//4394 5031//4906 5038//4938
f 5038//4938 5031//4906 5043//4943
f 5038//4938 5043//4943 5106//5050
f 5106//5050 5043//4943 5067//5011
f 5106//5050 5067//5011 5107//5051
f 5107//5051 5067//5011 5075//5019
f 5107//5051 5075//5019 5108//5052
f 5108//5052 5075//5019 5097//5041
f 5108//5052 5097//5041 5109//5053
f 5109//5053 5097//5041 5099//5043
f 5109//5053 5099//5043 5111//5055
f 5111//5055 5099//5043 5101//5045
f 5111//5055 5101//5045 5113//5057
f 5113//5057 5101//5045 5103//5047
f 5113//5057 5103//5047 4837//4633
f 4837//4633 5103//5047 5105//5049
f 4837//4633 5105//5049 4812//4608
f 4812//4608 5105//5049 4767//4563
f 4812//4608 4767//4563 4771//4567
f 4771//4567 4767//4563 4769//4565
f 4771//4567 4769//4565 4773//4569
s 0
f 4623//5058 7829//5058 5037//5058
s 1
f 7809//5059 5033//5060 5114//5061
f 7809//5059 5114//5061 5115//5062
f 5115//5062 5114//5061 5116//5063
f 5115//5062 5116//5063 5117//5064
f 5117//5064 5116//5063 5118//5065
f 5117//5064 5118//5065 5119//5066
f 5119//5066 5118//5065 5120//5067
f 5119//5066 5120//5067 5121//5068
s 0
f 4626//5069 7812//5069 5035//5069
s 1
f 7806//4930 7809//5059 5115//5062
f 7806//4930 5115//5062 5122//5070
f 5122//5070 5115//5062 5117//5064
f 5122//5070 5117//5064 5123//5071
f 5123//5071 5117//5064 5119//5066
f 5123//5071 5119//5066 5124//5072
f 5124//5072 5119//5066 5121//5068
f 5124//5072 5121//5068 5125//5073
s 0
f 4621//5074 7858//5074 7828//5074
s 1
f 5033//5060 5034//4953 5049//4955
f 5033//5060 5049//4955 5114//5061
f 5114//5061 5049//4955 5084//5028
f 5114//5061 5084//5028 5116//5063
f 5116//5063 5084//5028 5110//5054
f 5116//5063 5110//5054 5118//5065
f 5118//5065 5110//5054 5112//5056
f 5118//5065 5112//5056 5120//5067
f 5120//5067 5112//5056 4837//4633
f 5120//5067 4837//4633 5121//5068
f 5121//5068 4837//4633 4838//4634
f 5121//5068 4838//4634 5125//5073
f 5125//5073 4838//4634 4839//4635
f 5125//5073 4839//4635 5126//5075
f 5126//5075 4839//4635 4840//4636
f 5126//5075 4840//4636 5127//5076
f 5127//5076 4840//4636 4841//4637
f 5127//5076 4841//4637 5128//5077
f 5128//5077 4841//4637 4842//4638
f 5128//5077 4842//4638 5129//5078
f 5129//5078 4842//4638 4843//4639
f 5129//5078 4843//4639 5130//5079
f 5130//5079 4843//4639 4844//4640
f 5130//5079 4844//4640 5131//5080
f 5131//5080 4844//4640 4845//4641
f 5131//5080 4845//4641 5132//5081
f 5132//5081 4845//4641 4846//4642
f 5132//5081 4846//4642 5133//5082
f 5133//5082 4846//4642 4847//4643
f 5133//5082 4847//4643 5134//5083
f 5134//5083 4847//4643 4848//4644
f 5134//5083 4848//4644 5135//5084
f 5135//5084 4848//4644 4849//4645
f 5135//5084 4849//4645 5136//5085
f 5136//5085 4849//4645 4850//4646
f 5136//5085 4850//4646 5137//5086
f 5137//5086 4850//4646 4851//4647
f 5137//5086 4851//4647 5138//5087
f 5138//5087 4851//4647 4852//4648
f 5138//5087 4852//4648 5139//5088
f 5139//5088 4852//4648 4853//4649
f 5139//5088 4853//4649 5140//5089
f 5140//5089 4853//4649 4854//4650
f 5140//5089 4854//4650 5141//5090
f 5141//5090 4854//4650 4855//4651
f 5141//5090 4855//4651 5142//5091
f 5142//5091 4855//4651 4856//4652
f 5142//5091 4856//4652 5143//5092
f 5143//5092 4856//4652 4857//4653
f 5143//5092 4857//4653 5144//5093
f 5088//5032 4715//4511 5089//5033
f 5089//5033 4715//4511 4716//4512
f 5089//5033 4716//4512 5090//5034
f 5090//5034 4716//4512 4717//4513
f 5090//5034 4717//4513 5091//5035
f 5091//5035 4717//4513 4718//4514
f 5091//5035 4718//4514 5092//5036
f 5092//5036 4718//4514 4719//4515
f 5092//5036 4719//4515 5093//5037
f 5093//5037 4719//4515 4720//4516
f 5093//5037 4720//4516 5094//5038
f 5094//5038 4720//4516 4721//4517
f 5094//5038 4721//4517 5095//5039
f 5095//5039 4721//4517 4722//4518
f 5095//5039 4722//4518 5096//5040
f 5096//5040 4722//4518 4723//4519
f 5096//5040 4723//4519 5098//5042
f 5098//5042 4723//4519 4724//4520
f 5098//5042 4724//4520 5100//5044
f 5100//5044 4724//4520 4762//4558
f 5100//5044 4762//4558 5102//5046
f 5102//5046 4762//4558 4695//4491
f 5102//5046 4695//4491 5104//5048
f 5104//5048 4695//4491 4694//4490
f 5104//5048 4694//4490 4774//4570
f 4774//4570 4694//4490 4766//4562
f 4774//4570 4766//4562 4775//4571
f 5145//5094 5146//5095 5147//5096
f 5147//5096 5146//5095 5148//5097
f 5147//5096 5148//5097 5149//5098
f 5149//5098 5148//5097 5150//5099
f 5149//5098 5150//5099 5151//5100
f 5151//5100 5150//5099 5152//5101
f 5151//5100 5152//5101 5153//5102
f 5153//5102 5152//5101 5154//5103
f 5153//5102 5154//5103 5155//5104
f 5155//5104 5154//5103 5156//5105
f 5155//5104 5156//5105 5157//5106
f 5157//5106 5156//5105 5158//5107
f 5157//5106 5158//5107 5159//5108
f 5159//5108 5158//5107 5160//5109
f 5159//5108 5160//5109 5161//5110
f 5161//5110 5160//5109 5162//5111
f 5161//5110 5162//5111 5163//5112
f 5163//5112 5162//5111 5164//5113
f 5163//5112 5164//5113 5165//5114
f 5165//5114 5164//5113 5166//5115
f 5165//5114 5166//5115 5167//5116
f 5167//5116 5166//5115 5168//5117
f 5167//5116 5168//5117 5169//5118
f 5169//5118 5168//5117 5170//5119
f 5169//5118 5170//5119 5171//5120
f 5171//5120 5170//5119 5172//5121
f 5171//5120 5172//5121 5173//5122
f 5173//5122 5172//5121 5174//5123
f 5173//5122 5174//5123 5175//5124
f 5175//5124 5174//5123 5176//5125
f 5175//5124 5176//5125 5177//5126
f 5177//5126 5176//5125 5178//5127
f 5177//5126 5178//5127 5179//5128
f 5179//5128 5178//5127 5180//5129
f 5179//5128 5180//5129 5181//5130
f 5181//5130 5180//5129 5182//5131
f 5181//5130 5182//5131 5183//5132
f 5183//5132 5182//5131 5184//5133
f 5183//5132 5184//5133 5185//5134
f 5185//5134 5184//5133 5186//5135
f 5185//5134 5186//5135 5187//5136
f 5187//5136 5186//5135 5188//5137
f 5187//5136 5188//5137 5189//5138
f 5189//5138 5188//5137 5190//5139
f 5189//5138 5190//5139 5191//5140
f 5191//5140 5190//5139 5192//5141
f 5191//5140 5192//5141 5193//5142
f 5193//5142 5192//5141 5194//5143
f 5193//5142 5194//5143 5195//5144
f 5195//5144 5194//5143 5196//5145
f 5195//5144 5196//5145 5197//5146
f 5197//5146 5196//5145 5198//5147
f 5197//5146 5198//5147 5199//5148
f 5199//5148 5198//5147 5200//5149
f 5199//5148 5200//5149 5201//5150
f 5201//5150 5200//5149 5202//5151
f 5201//5150 5202//5151 5203//5152
f 5203//5152 5202//5151 5204//5153
f 5203//5152 5204//5153 5205//5154
f 5205//5154 5204//5153 5206//5155
f 5205//5154 5206//5155 5207//5156
f 5207//5156 5206//5155 5208//5157
f 5207//5156 5208//5157 5209//5158
f 5209//5158 5208//5157 5210//5159
f 5209//5158 5210//5159 5211//5160
f 5211//5160 5210//5159 5212//5161
f 5211//5160 5212//5161 5213//5162
f 5213//5162 5212//5161 5214//5163
f 5213//5162 5214//5163 5215//5164
f 5215//5164 5214//5163 5216//5165
f 5215//5164 5216//5165 5217//5166
f 5217//5166 5216//5165 5218//5167
f 5217//5166 5218//5167 5219//5168
f 5219//5168 5218//5167 5220//5169
f 5219//5168 5220//5169 5221//5170
f 5221//5170 5220//5169 5222//5171
f 5221//5170 5222//5171 5223//5172
f 5223//5172 5222//5171 5224//5173
f 5223//5172 5224//5173 5225//5174
f 5225//5174 5224//5173 5226//5175
f 5225//5174 5226//5175 5227//5176
f 5227//5176 5226//5175 5228//5177
f 5227//5176 5228//5177 5229//5178
f 5229//5178 5228//5177 5230//5179
f 5229//5178 5230//5179 5231//5180
f 5231//5180 5230//5179 5232//5181
f 5231//5180 5232//5181 5233//5182
f 5233//5182 5232//5181 5234//5183
f 5233//5182 5234//5183 5235//5184
f 5235//5184 5234//5183 5236//5185
f 5235//5184 5236//5185 5237//5186
f 5237//5186 5236//5185 5238//5187
f 5237//5186 5238//5187 5239//5188
f 5239//5188 5238//5187 5240//5189
f 5239//5188 5240//5189 5241//5190
f 5241//5190 5240//5189 5242//5191
f 5241//5190 5242//5191 5243//5192
f 5243//5192 5242//5191 5244//5193
f 5243//5192 5244//5193 5245//5194
f 5245//5194 5244//5193 5246//5195
f 5146//5095 4663//4459 5148//5097
f 5148//5097 4663//4459 4665//4461
f 5148//5097 4665//4461 5150//5099
f 5150//5099 4665//4461 5025//4881
f 5150//5099 5025//4881 5152//5101
f 5152//5101 5025//4881 5024//5196
f 5152//5101 5024//5196 5154//5103
f 5154//5103 5024//5196 5023//5197
f 5154//5103 5023//5197 5156//5105
f 5156//5105 5023//5197 7664//5198
f 5156//5105 7664//5198 5158//5107
f 5158//5107 7664//5198 5021//4874
f 5158//5107 5021//4874 5160//5109
f 5160//5109 5021//4874 7976//4870
f 5160//5109 7976//4870 5162//5111
f 5162//5111 7976//4870 5019//4868
f 5162//5111 5019//4868 5164//5113
f 5164//5113 5019//4868 5018//4869
f 5164//5113 5018//4869 5166//5115
f 5166//5115 5018//4869 5017//4857
f 5166//5115 5017//4857 5168//5117
f 5168//5117 5017//4857 7991//4854
f 5168//5117 7991//4854 5170//5119
f 5170//5119 7991//4854 7705//4853
f 5170//5119 7705//4853 5172//5121
f 5172//5121 7705//4853 7684//5199
f 5172//5121 7684//5199 5174//5123
f 5174//5123 7684//5199 7681//5200
f 5174//5123 7681//5200 5176//5125
f 5176//5125 7681//5200 5014//4851
f 5176//5125 5014//4851 5178//5127
f 5178//5127 5014//4851 5011//4839
f 5178//5127 5011//4839 5180//5129
f 5180//5129 5011//4839 5010//4826
f 5180//5129 5010//4826 5182//5131
f 5182//5131 5010//4826 5009//4825
f 5182//5131 5009//4825 5184//5133
f 5184//5133 5009//4825 5007//4828
f 5184//5133 5007//4828 5186//5135
f 5186//5135 5007//4828 7781//5201
f 5186//5135 7781//5201 5188//5137
f 5188//5137 7781//5201 7731//5202
f 5188//5137 7731//5202 5190//5139
f 5190//5139 7731//5202 7734//5203
f 5190//5139 7734//5203 5192//5141
f 5192//5141 7734//5203 7823//4821
f 5192//5141 7823//4821 5194//5143
f 5194//5143 7823//4821 5003//4813
f 5194//5143 5003//4813 5196//5145
f 5196//5145 5003//4813 5002//4802
f 5196//5145 5002//4802 5198//5147
f 5198//5147 5002//4802 5001//4801
f 5198//5147 5001//4801 5200//5149
f 5200//5149 5001//4801 7774//4804
f 5200//5149 7774//4804 5202//5151
f 5202//5151 7774//4804 4999//5204
f 5202//5151 4999//5204 5204//5153
f 5204//5153 4999//5204 7528//4794
f 5204//5153 7528//4794 5206//5155
f 5206//5155 7528//4794 7563//4793
f 5206//5155 7563//4793 5208//5157
f 5208//5157 7563//4793 4997//4798
f 5208//5157 4997//4798 5210//5159
f 5210//5159 4997//4798 4998//4799
f 5210//5159 4998//4799 5212//5161
f 5212//5161 4998//4799 5066//5010
f 5212//5161 5066//5010 5214//5163
f 5214//5163 5066//5010 5064//4996
f 5214//5163 5064//4996 5216//5165
f 5216//5165 5064//4996 7893//4992
f 5216//5165 7893//4992 5218//5167
f 5218//5167 7893//4992 7894//5205
f 5218//5167 7894//5205 5220//5169
f 5220//5169 7894//5205 7550//5206
f 5220//5169 7550//5206 5222//5171
f 5222//5171 7550//5206 7542//5207
f 5222//5171 7542//5207 5224//5173
f 5224//5173 7542//5207 8002//4983
f 5224//5173 8002//4983 5226//5175
f 5226//5175 8002//4983 5058//4982
f 5226//5175 5058//4982 5228//5177
f 5228//5177 5058//4982 5065//5007
f 5228//5177 5065//5007 5230//5179
f 5230//5179 5065//5007 5057//4972
f 5230//5179 5057//4972 5232//5181
f 5232//5181 5057//4972 7613//4970
f 5232//5181 7613//4970 5234//5183
f 5234//5183 7613//4970 7502//5208
f 5234//5183 7502//5208 5236//5185
f 5236//5185 7502//5208 5054//5209
f 5236//5185 5054//5209 5238//5187
f 5238//5187 5054//5209 7561//5210
f 5238//5187 7561//5210 5240//5189
f 5240//5189 7561//5210 7572//4959
f 5240//5189 7572//4959 5242//5191
f 5242//5191 7572//4959 5050//4956
f 5242//5191 5050//4956 5244//5193
f 5244//5193 5050//4956 7485//4958
f 5244//5193 7485//4958 5246//5195
f 5246//5195 7485//4958 5036//4933
f 4865//4661 4864//4660 5247//5211
f 5247//5211 4864//4660 4900//4696
f 5247//5211 4900//4696 5248//5212
f 5248//5212 4900//4696 4898//4694
f 5248//5212 4898//4694 5249//5213
f 5249//5213 4898//4694 4896//4692
f 5249//5213 4896//4692 5250//5214
f 5250//5214 4896//4692 4894//4690
f 5250//5214 4894//4690 5251//5215
f 5251//5215 4894//4690 4892//4688
f 5251//5215 4892//4688 5252//5216
f 5252//5216 4892//4688 4890//4686
f 5252//5216 4890//4686 5253//5217
f 5253//5217 4890//4686 4888//4684
f 5253//5217 4888//4684 5254//5218
f 5254//5218 4888//4684 4886//4682
f 5254//5218 4886//4682 5255//5219
f 5255//5219 4886//4682 4884//4680
f 5255//5219 4884//4680 5256//5220
f 5256//5220 4884//4680 4882//4678
f 5256//5220 4882//4678 5257//5221
f 5257//5221 4882//4678 4880//4676
f 5257//5221 4880//4676 5258//5222
f 5258//5222 4880//4676 4878//4674
f 5258//5222 4878//4674 5259//5223
f 5259//5223 4878//4674 4688//4484
f 5259//5223 4688//4484 5260//5224
f 5260//5224 4688//4484 4687//4483
f 5260//5224 4687//4483 5261//5225
f 5261//5225 4687//4483 4962//4758
f 5261//5225 4962//4758 5262//5226
f 5262//5226 4962//4758 4961//4757
f 5262//5226 4961//4757 5263//5227
f 5263//5227 4961//4757 4685//4481
f 5263//5227 4685//4481 5264//5228
f 5264//5228 4685//4481 4684//4480
f 5264//5228 4684//4480 5265//5229
f 5265//5229 4684//4480 4682//4478
f 5265//5229 4682//4478 5266//5230
f 5266//5230 4682//4478 4681//4477
f 5266//5230 4681//4477 5267//5231
f 5267//5231 4681//4477 4972//4768
f 5267//5231 4972//4768 5268//5232
f 5268//5232 4972//4768 4868//4664
f 5268//5232 4868//4664 5269//5233
f 5269//5233 4868//4664 4679//4475
f 5269//5233 4679//4475 5270//5234
f 5270//5234 4679//4475 4678//4474
f 5270//5234 4678//4474 5271//5235
f 5271//5235 4678//4474 4869//4665
f 5271//5235 4869//4665 5272//5236
f 5272//5236 4869//4665 4870//4666
f 5272//5236 4870//4666 5273//5237
f 5273//5237 4870//4666 4871//4667
f 5273//5237 4871//4667 4875//4671
f 4875//4671 4871//4667 4980//4776
f 4875//4671 4980//4776 4876//4672
f 4876//4672 4980//4776 4960//4756
f 4876//4672 4960//4756 5274//5238
f 5274//5238 4960//4756 4959//4755
f 5274//5238 4959//4755 5275//5239
f 5275//5239 4959//4755 4986//4782
f 5275//5239 4986//4782 5276//5240
f 4865//4661 5144//5093 4863//4659
f 4863//4659 5144//5093 4857//4653
f 4863//4659 4857//4653 4903//4699
f 4903//4699 4857//4653 4833//4629
f 4903//4699 4833//4629 4904//4700
f 4904//4700 4833//4629 4801//4597
f 4904//4700 4801//4597 4909//4705
f 4909//4705 4801//4597 4800//4596
f 4874//4670 5145//5094 4875//4671
f 4875//4671 5145//5094 5147//5096
f 4875//4671 5147//5096 5273//5237
f 5273//5237 5147//5096 5149//5098
f 5273//5237 5149//5098 5272//5236
f 5272//5236 5149//5098 5151//5100
f 5272//5236 5151//5100 5271//5235
f 5271//5235 5151//5100 5153//5102
f 5271//5235 5153//5102 5270//5234
f 5270//5234 5153//5102 5155//5104
f 5270//5234 5155//5104 5269//5233
f 5269//5233 5155//5104 5157//5106
f 5269//5233 5157//5106 5268//5232
f 5268//5232 5157//5106 5159//5108
f 5268//5232 5159//5108 5267//5231
f 5267//5231 5159//5108 5161//5110
f 5267//5231 5161//5110 5266//5230
f 5266//5230 5161//5110 5163//5112
f 5266//5230 5163//5112 5265//5229
f 5265//5229 5163//5112 5165//5114
f 5265//5229 5165//5114 5264//5228
f 5264//5228 5165//5114 5167//5116
f 5264//5228 5167//5116 5263//5227
f 5263//5227 5167//5116 5169//5118
f 5263//5227 5169//5118 5262//5226
f 5262//5226 5169//5118 5171//5120
f 5262//5226 5171//5120 5261//5225
f 5261//5225 5171//5120 5173//5122
f 5261//5225 5173//5122 5260//5224
f 5260//5224 5173//5122 5175//5124
f 5260//5224 5175//5124 5259//5223
f 5259//5223 5175//5124 5177//5126
f 5259//5223 5177//5126 5258//5222
f 5258//5222 5177//5126 5179//5128
f 5258//5222 5179//5128 5257//5221
f 5257//5221 5179//5128 5181//5130
f 5257//5221 5181//5130 5256//5220
f 5256//5220 5181//5130 5183//5132
f 5256//5220 5183//5132 5255//5219
f 5255//5219 5183//5132 5185//5134
f 5255//5219 5185//5134 5254//5218
f 5254//5218 5185//5134 5187//5136
f 5254//5218 5187//5136 5253//5217
f 5253//5217 5187//5136 5189//5138
f 5253//5217 5189//5138 5252//5216
f 5252//5216 5189//5138 5191//5140
f 5252//5216 5191//5140 5251//5215
f 5251//5215 5191//5140 5193//5142
f 5251//5215 5193//5142 5250//5214
f 5250//5214 5193//5142 5195//5144
f 5250//5214 5195//5144 5249//5213
f 5249//5213 5195//5144 5197//5146
f 5249//5213 5197//5146 5248//5212
f 5248//5212 5197//5146 5199//5148
f 5248//5212 5199//5148 5247//5211
f 5247//5211 5199//5148 5201//5150
f 5247//5211 5201//5150 4865//4661
f 4865//4661 5201//5150 5203//5152
f 4865//4661 5203//5152 5144//5093
f 5144//5093 5203//5152 5205//5154
f 5144//5093 5205//5154 5143//5092
f 5143//5092 5205//5154 5207//5156
f 5143//5092 5207//5156 5142//5091
f 5142//5091 5207//5156 5209//5158
f 5142//5091 5209//5158 5141//5090
f 5141//5090 5209//5158 5211//5160
f 5141//5090 5211//5160 5140//5089
f 5140//5089 5211//5160 5213//5162
f 5140//5089 5213//5162 5139//5088
f 5139//5088 5213//5162 5215//5164
f 5139//5088 5215//5164 5138//5087
f 5138//5087 5215//5164 5217//5166
f 5138//5087 5217//5166 5137//5086
f 5137//5086 5217//5166 5219//5168
f 5137//5086 5219//5168 5136//5085
f 5136//5085 5219//5168 5221//5170
f 5136//5085 5221//5170 5135//5084
f 5135//5084 5221//5170 5223//5172
f 5135//5084 5223//5172 5134//5083
f 5134//5083 5223//5172 5225//5174
f 5134//5083 5225//5174 5133//5082
f 5133//5082 5225//5174 5227//5176
f 5133//5082 5227//5176 5132//5081
f 5132//5081 5227//5176 5229//5178
f 5132//5081 5229//5178 5131//5080
f 5131//5080 5229//5178 5231//5180
f 5131//5080 5231//5180 5130//5079
f 5130//5079 5231//5180 5233//5182
f 5130//5079 5233//5182 5129//5078
f 5129//5078 5233//5182 5235//5184
f 5129//5078 5235//5184 5128//5077
f 5128//5077 5235//5184 5237//5186
f 5128//5077 5237//5186 5127//5076
f 5127//5076 5237//5186 5239//5188
f 5127//5076 5239//5188 5126//5075
f 5126//5075 5239//5188 5241//5190
f 5126//5075 5241//5190 5125//5073
f 5125//5073 5241//5190 5243//5192
f 5125//5073 5243//5192 5124//5072
f 5124//5072 5243//5192 5245//5194
f 5124//5072 5245//5194 5123//5071
f 5123//5071 5245//5194 5246//5195
f 5123//5071 5246//5195 5122//5070
f 5122//5070 5246//5195 5036//4933
f 5122//5070 5036//4933 7806//4930
f 7806//4930 5036//4933 4628//4420
f 7806//4930 4628//4420 4627//4931
f 4663//4459 5146//5095 5277//5241
f 5278//5242 5279//5243 5280//5244
f 5281//5245 5282//5246 5283//5247
f 5284//5248 5285//5249 5286//5250
f 5287//5251 5288//5252 5289//5253
f 5290//5254 5275//5239 5276//5240
f 5291//5255 4874//4670 5292//5256
f 5292//5256 4874//4670 4873//4669
f 5292//5256 4873//4669 4876//4672
f 5293//5257 5294//5258 5295//5259
f 5276//5240 5296//5260 5290//5254
f 5290//5254 5296//5260 5297//5261
f 5290//5254 5297//5261 5294//5258
f 5294//5258 5297//5261 5298//5262
f 5294//5258 5298//5262 5295//5259
f 5299//5263 5300//5264 5301//5265
f 5302//5266 5303//5267 5304//5268
f 5299//5263 5305//5269 5300//5264
f 5300//5264 5305//5269 5306//5270
f 5300//5264 5306//5270 5304//5268
f 5304//5268 5306//5270 5307//5271
f 5304//5268 5307//5271 5302//5266
f 5295//5259 5308//5272 5293//5257
f 5293//5257 5308//5272 5309//5273
f 5293//5257 5309//5273 5301//5265
f 5301//5265 5309//5273 5310//5274
f 5301//5265 5310//5274 5299//5263
f 5311//5275 5312//5276 5313//5277
f 5314//5278 5315//5279 5312//5276
f 5312//5276 5315//5279 5316//5280
f 5312//5276 5316//5280 5313//5277
f 5317//5281 5318//5282 5319//5283
f 5319//5283 5320//5284 5317//5281
f 5317//5281 5320//5284 5321//5285
f 5317//5281 5321//5285 5322//5286
f 5313//5277 5323//5287 5311//5275
f 5311//5275 5323//5287 5324//5288
f 5311//5275 5324//5288 5318//5282
f 5318//5282 5324//5288 5325//5289
f 5318//5282 5325//5289 5319//5283
f 5302//5266 5326//5290 5303//5267
f 5303//5267 5326//5290 5327//5291
f 5303//5267 5327//5291 5328//5292
f 5328//5292 5327//5291 5329//5293
f 5328//5292 5329//5293 5314//5278
f 5314//5278 5329//5293 5330//5294
f 5314//5278 5330//5294 5315//5279
f 5331//5295 5332//5296 5333//5297
f 5334//5298 5335//5299 5332//5296
f 5332//5296 5335//5299 5336//5300
f 5332//5296 5336//5300 5333//5297
f 5337//5301 5338//5302 5339//5303
f 5337//5301 5340//5304 5338//5302
f 5338//5302 5340//5304 5341//5305
f 5338//5302 5341//5305 5342//5306
f 5342//5306 5341//5305 5343//5307
f 5342//5306 5343//5307 5344//5308
f 5333//5297 5345//5309 5331//5295
f 5331//5295 5345//5309 5346//5310
f 5331//5295 5346//5310 5339//5303
f 5339//5303 5346//5310 5347//5311
f 5339//5303 5347//5311 5337//5301
f 5348//5312 5349//5313 5350//5314
f 5350//5314 5351//5315 5348//5312
f 5348//5312 5351//5315 5352//5316
f 5348//5312 5352//5316 5353//5317
f 5354//5318 5355//5319 5356//5320
f 5356//5320 5355//5319 5357//5321
f 5289//5253 5358//5322 5287//5251
f 5287//5251 5358//5322 5359//5323
f 5287//5251 5359//5323 5357//5321
f 5357//5321 5359//5323 5360//5324
f 5357//5321 5360//5324 5356//5320
f 5352//5316 5361//5325 5353//5317
f 5353//5317 5361//5325 5362//5326
f 5353//5317 5362//5326 5363//5327
f 5363//5327 5362//5326 5364//5328
f 5363//5327 5364//5328 5288//5252
f 5288//5252 5364//5328 5365//5329
f 5288//5252 5365//5329 5289//5253
f 5274//5238 5275//5239 5366//5330
f 5366//5330 5275//5239 5290//5254
f 5366//5330 5290//5254 5367//5331
f 5367//5331 5290//5254 5294//5258
f 5367//5331 5294//5258 5368//5332
f 5368//5332 5294//5258 5293//5257
f 5368//5332 5293//5257 5369//5333
f 5369//5333 5293//5257 5301//5265
f 5369//5333 5301//5265 5370//5334
f 5370//5334 5301//5265 5300//5264
f 5370//5334 5300//5264 5371//5335
f 5371//5335 5300//5264 5304//5268
f 5371//5335 5304//5268 5372//5336
f 5372//5336 5304//5268 5303//5267
f 5372//5336 5303//5267 5373//5337
f 5373//5337 5303//5267 5328//5292
f 5373//5337 5328//5292 5374//5338
f 5374//5338 5328//5292 5314//5278
f 5374//5338 5314//5278 5375//5339
f 5375//5339 5314//5278 5312//5276
f 5375//5339 5312//5276 5376//5340
f 5376//5340 5312//5276 5311//5275
f 5376//5340 5311//5275 5377//5341
f 5377//5341 5311//5275 5318//5282
f 5377//5341 5318//5282 5378//5342
f 5378//5342 5318//5282 5317//5281
f 5378//5342 5317//5281 5379//5343
f 5379//5343 5317//5281 5322//5286
f 5379//5343 5322//5286 5380//5344
f 5380//5344 5322//5286 5381//5345
f 5380//5344 5381//5345 5382//5346
f 5382//5346 5381//5345 5383//5347
f 5382//5346 5383//5347 5384//5348
f 5384//5348 5383//5347 5334//5298
f 5384//5348 5334//5298 5385//5349
f 5385//5349 5334//5298 5332//5296
f 5385//5349 5332//5296 5386//5350
f 5386//5350 5332//5296 5331//5295
f 5386//5350 5331//5295 5387//5351
f 5387//5351 5331//5295 5339//5303
f 5387//5351 5339//5303 5388//5352
f 5388//5352 5339//5303 5338//5302
f 5388//5352 5338//5302 5389//5353
f 5389//5353 5338//5302 5342//5306
f 5389//5353 5342//5306 5390//5354
f 5390//5354 5342//5306 5344//5308
f 5390//5354 5344//5308 5391//5355
f 5391//5355 5344//5308 5349//5313
f 5391//5355 5349//5313 5392//5356
f 5392//5356 5349//5313 5348//5312
f 5392//5356 5348//5312 5393//5357
f 5393//5357 5348//5312 5353//5317
f 5393//5357 5353//5317 5394//5358
f 5394//5358 5353//5317 5363//5327
f 5394//5358 5363//5327 5395//5359
f 5395//5359 5363//5327 5288//5252
f 5395//5359 5288//5252 5396//5360
f 5396//5360 5288//5252 5287//5251
f 5396//5360 5287//5251 5397//5361
f 5397//5361 5287//5251 5357//5321
f 5397//5361 5357//5321 5398//5362
f 5398//5362 5357//5321 5355//5319
f 5398//5362 5355//5319 5399//5363
f 5343//5307 5400//5364 5344//5308
f 5344//5308 5400//5364 5401//5365
f 5344//5308 5401//5365 5349//5313
f 5349//5313 5401//5365 5402//5366
f 5349//5313 5402//5366 5350//5314
f 4876//4672 5274//5238 5292//5256
f 5292//5256 5274//5238 5366//5330
f 5292//5256 5366//5330 5403//5367
f 5403//5367 5366//5330 5367//5331
f 5403//5367 5367//5331 5404//5368
f 5404//5368 5367//5331 5368//5332
f 5404//5368 5368//5332 5405//5369
f 5405//5369 5368//5332 5369//5333
f 5405//5369 5369//5333 5406//5370
f 5406//5370 5369//5333 5370//5334
f 5406//5370 5370//5334 5407//5371
f 5407//5371 5370//5334 5371//5335
f 5407//5371 5371//5335 5408//5372
f 5408//5372 5371//5335 5372//5336
f 5408//5372 5372//5336 5409//5373
f 5409//5373 5372//5336 5373//5337
f 5409//5373 5373//5337 5410//5374
f 5410//5374 5373//5337 5374//5338
f 5410//5374 5374//5338 5411//5375
f 5411//5375 5374//5338 5375//5339
f 5411//5375 5375//5339 5412//5376
f 5412//5376 5375//5339 5376//5340
f 5412//5376 5376//5340 5413//5377
f 5413//5377 5376//5340 5377//5341
f 5413//5377 5377//5341 5414//5378
f 5414//5378 5377//5341 5378//5342
f 5414//5378 5378//5342 5415//5379
f 5415//5379 5378//5342 5379//5343
f 5415//5379 5379//5343 5416//5380
f 5416//5380 5379//5343 5380//5344
f 5416//5380 5380//5344 5417//5381
f 5417//5381 5380//5344 5382//5346
f 5417//5381 5382//5346 5418//5382
f 5418//5382 5382//5346 5384//5348
f 5418//5382 5384//5348 5419//5383
f 5419//5383 5384//5348 5385//5349
f 5419//5383 5385//5349 5420//5384
f 5420//5384 5385//5349 5386//5350
f 5420//5384 5386//5350 5421//5385
f 5421//5385 5386//5350 5387//5351
f 5421//5385 5387//5351 5422//5386
f 5422//5386 5387//5351 5388//5352
f 5422//5386 5388//5352 5423//5387
f 5423//5387 5388//5352 5389//5353
f 5423//5387 5389//5353 5424//5388
f 5424//5388 5389//5353 5390//5354
f 5424//5388 5390//5354 5425//5389
f 5425//5389 5390//5354 5391//5355
f 5425//5389 5391//5355 5426//5390
f 5426//5390 5391//5355 5392//5356
f 5426//5390 5392//5356 5427//5391
f 5427//5391 5392//5356 5393//5357
f 5427//5391 5393//5357 5428//5392
f 5428//5392 5393//5357 5394//5358
f 5428//5392 5394//5358 5429//5393
f 5429//5393 5394//5358 5395//5359
f 5429//5393 5395//5359 5430//5394
f 5430//5394 5395//5359 5396//5360
f 5430//5394 5396//5360 5431//5395
f 5431//5395 5396//5360 5397//5361
f 5431//5395 5397//5361 5432//5396
f 5432//5396 5397//5361 5398//5362
f 5432//5396 5398//5362 5433//5397
f 5433//5397 5398//5362 5399//5363
f 5433//5397 5399//5363 5434//5398
f 5321//5285 5435//5399 5322//5286
f 5322//5286 5435//5399 5436//5400
f 5322//5286 5436//5400 5381//5345
f 5381//5345 5436//5400 5437//5401
f 5381//5345 5437//5401 5383//5347
f 5383//5347 5437//5401 5438//5402
f 5383//5347 5438//5402 5334//5298
f 5334//5298 5438//5402 5439//5403
f 5334//5298 5439//5403 5335//5299
f 5291//5255 5292//5256 5440//5404
f 5440//5404 5292//5256 5403//5367
f 5440//5404 5403//5367 5441//5405
f 5441//5405 5403//5367 5404//5368
f 5441//5405 5404//5368 5442//5406
f 5442//5406 5404//5368 5405//5369
f 5442//5406 5405//5369 5443//5407
f 5443//5407 5405//5369 5406//5370
f 5443//5407 5406//5370 5444//5408
f 5444//5408 5406//5370 5407//5371
f 5444//5408 5407//5371 5445//5409
f 5445//5409 5407//5371 5408//5372
f 5445//5409 5408//5372 5446//5410
f 5446//5410 5408//5372 5409//5373
f 5446//5410 5409//5373 5447//5411
f 5447//5411 5409//5373 5410//5374
f 5447//5411 5410//5374 5448//5412
f 5448//5412 5410//5374 5411//5375
f 5448//5412 5411//5375 5449//5413
f 5449//5413 5411//5375 5412//5376
f 5449//5413 5412//5376 5450//5414
f 5450//5414 5412//5376 5413//5377
f 5450//5414 5413//5377 5451//5415
f 5451//5415 5413//5377 5414//5378
f 5451//5415 5414//5378 5452//5416
f 5452//5416 5414//5378 5415//5379
f 5452//5416 5415//5379 5453//5417
f 5453//5417 5415//5379 5416//5380
f 5453//5417 5416//5380 5454//5418
f 5454//5418 5416//5380 5417//5381
f 5454//5418 5417//5381 5455//5419
f 5455//5419 5417//5381 5418//5382
f 5455//5419 5418//5382 5456//5420
f 5456//5420 5418//5382 5419//5383
f 5456//5420 5419//5383 5457//5421
f 5457//5421 5419//5383 5420//5384
f 5457//5421 5420//5384 5458//5422
f 5458//5422 5420//5384 5421//5385
f 5458//5422 5421//5385 5459//5423
f 5459//5423 5421//5385 5422//5386
f 5459//5423 5422//5386 5460//5424
f 5460//5424 5422//5386 5423//5387
f 5460//5424 5423//5387 5461//5425
f 5461//5425 5423//5387 5424//5388
f 5461//5425 5424//5388 5462//5426
f 5462//5426 5424//5388 5425//5389
f 5462//5426 5425//5389 5463//5427
f 5463//5427 5425//5389 5426//5390
f 5463//5427 5426//5390 5464//5428
f 5464//5428 5426//5390 5427//5391
f 5464//5428 5427//5391 5465//5429
f 5465//5429 5427//5391 5428//5392
f 5465//5429 5428//5392 5466//5430
f 5466//5430 5428//5392 5429//5393
f 5466//5430 5429//5393 5467//5431
f 5467//5431 5429//5393 5430//5394
f 5467//5431 5430//5394 5468//5432
f 5468//5432 5430//5394 5431//5395
f 5468//5432 5431//5395 5469//5433
f 5469//5433 5431//5395 5432//5396
f 5469//5433 5432//5396 5470//5434
f 5470//5434 5432//5396 5433//5397
f 5470//5434 5433//5397 5471//5435
f 5471//5435 5433//5397 5434//5398
f 5471//5435 5434//5398 5472//5436
f 5281//5245 5473//5437 5282//5246
f 5282//5246 5473//5437 5474//5438
f 5282//5246 5474//5438 5475//5439
f 5475//5439 5474//5438 5476//5440
f 5475//5439 5476//5440 5477//5441
f 5477//5441 5476//5440 5478//5442
f 5477//5441 5478//5442 5479//5443
f 5479//5443 5478//5442 5480//5444
f 5479//5443 5480//5444 5481//5445
f 5481//5445 5480//5444 5482//5446
f 5481//5445 5482//5446 5483//5447
f 5483//5447 5482//5446 5484//5448
f 5483//5447 5484//5448 5485//5449
f 5485//5449 5484//5448 5486//5450
f 5485//5449 5486//5450 5487//5451
f 5487//5451 5486//5450 5488//5452
f 5487//5451 5488//5452 5489//5453
f 5489//5453 5488//5452 5490//5454
f 5489//5453 5490//5454 5491//5455
f 5491//5455 5490//5454 5492//5456
f 5491//5455 5492//5456 5493//5457
f 5493//5457 5492//5456 5494//5458
f 5493//5457 5494//5458 5495//5459
f 5495//5459 5494//5458 5496//5460
f 5495//5459 5496//5460 5497//5461
f 5497//5461 5496//5460 5498//5462
f 5497//5461 5498//5462 5499//5463
f 5499//5463 5498//5462 5500//5464
f 5499//5463 5500//5464 5501//5465
f 5502//5466 5503//5467 5504//5468
f 5504//5468 5503//5467 5505//5469
f 5504//5468 5505//5469 5506//5470
f 5506//5470 5505//5469 5507//5471
f 5506//5470 5507//5471 5508//5472
f 5508//5472 5507//5471 5509//5473
f 5508//5472 5509//5473 5510//5474
f 5510//5474 5509//5473 5511//5475
f 5286//5250 5511//5475 5284//5248
f 5284//5248 5511//5475 5509//5473
f 5284//5248 5509//5473 5512//5476
f 5512//5476 5509//5473 5507//5471
f 5512//5476 5507//5471 5513//5477
f 5513//5477 5507//5471 5505//5469
f 5513//5477 5505//5469 5514//5478
f 5514//5478 5505//5469 5503//5467
f 4696//4492 4715//4511 5515//5479
f 5515//5479 4715//4511 5516//5480
f 5515//5479 5516//5480 5517//5481
f 5517//5481 5516//5480 5518//5482
f 5517//5481 5518//5482 5519//5483
f 5519//5483 5518//5482 5520//5484
f 5519//5483 5520//5484 5521//5485
f 5521//5485 5520//5484 5522//5486
f 5521//5485 5522//5486 5523//5487
f 5523//5487 5522//5486 5524//5488
f 5523//5487 5524//5488 5525//5489
f 5525//5489 5524//5488 5526//5490
f 5525//5489 5526//5490 5527//5491
f 5527//5491 5526//5490 5528//5492
f 5527//5491 5528//5492 5529//5493
f 5529//5493 5528//5492 5530//5494
f 5529//5493 5530//5494 5531//5495
f 5532//5496 5533//5497 5534//5498
f 5534//5498 5533//5497 5535//5499
f 5534//5498 5535//5499 5536//5500
f 5536//5500 5535//5499 5537//5501
f 5536//5500 5537//5501 5538//5502
f 5538//5502 5537//5501 5539//5503
f 5538//5502 5539//5503 5540//5504
f 5540//5504 5539//5503 5541//5505
f 5540//5504 5541//5505 5542//5506
f 5542//5506 5541//5505 5543//5507
f 5542//5506 5543//5507 5544//5508
f 5544//5508 5543//5507 5545//5509
f 5544//5508 5545//5509 5546//5510
f 5546//5510 5545//5509 5502//5466
f 5546//5510 5502//5466 5547//5511
f 5547//5511 5502//5466 5504//5468
f 5547//5511 5504//5468 5548//5512
f 5548//5512 5504//5468 5506//5470
f 5548//5512 5506//5470 5549//5513
f 5549//5513 5506//5470 5508//5472
f 5549//5513 5508//5472 5550//5514
f 5550//5514 5508//5472 5510//5474
f 5550//5514 5510//5474 5551//5515
f 5551//5515 5510//5474 5511//5475
f 5551//5515 5511//5475 5552//5516
f 5552//5516 5511//5475 5286//5250
f 4697//4493 4696//4492 5533//5497
f 5533//5497 4696//4492 5515//5479
f 5533//5497 5515//5479 5535//5499
f 5535//5499 5515//5479 5517//5481
f 5535//5499 5517//5481 5537//5501
f 5537//5501 5517//5481 5519//5483
f 5537//5501 5519//5483 5539//5503
f 5539//5503 5519//5483 5521//5485
f 5539//5503 5521//5485 5541//5505
f 5541//5505 5521//5485 5523//5487
f 5541//5505 5523//5487 5543//5507
f 5543//5507 5523//5487 5525//5489
f 5543//5507 5525//5489 5545//5509
f 5545//5509 5525//5489 5527//5491
f 5545//5509 5527//5491 5502//5466
f 5502//5466 5527//5491 5529//5493
f 5502//5466 5529//5493 5503//5467
f 5503//5467 5529//5493 5531//5495
f 5503//5467 5531//5495 5514//5478
f 5283//5247 5282//5246 5553//5517
f 5553//5517 5282//5246 5475//5439
f 5553//5517 5475//5439 5554//5518
f 5554//5518 5475//5439 5477//5441
f 5554//5518 5477//5441 5555//5519
f 5555//5519 5477//5441 5479//5443
f 5555//5519 5479//5443 5556//5520
f 5556//5520 5479//5443 5481//5445
f 5556//5520 5481//5445 5557//5521
f 5557//5521 5481//5445 5483//5447
f 5557//5521 5483//5447 5558//5522
f 5558//5522 5483//5447 5485//5449
f 5558//5522 5485//5449 5559//5523
f 5559//5523 5485//5449 5487//5451
f 5559//5523 5487//5451 5560//5524
f 5560//5524 5487//5451 5489//5453
f 5560//5524 5489//5453 5561//5525
f 5561//5525 5489//5453 5491//5455
f 5561//5525 5491//5455 5562//5526
f 5562//5526 5491//5455 5493//5457
f 5562//5526 5493//5457 5563//5527
f 5563//5527 5493//5457 5495//5459
f 5563//5527 5495//5459 5564//5528
f 5564//5528 5495//5459 5497//5461
f 5564//5528 5497//5461 5565//5529
f 5565//5529 5497//5461 5499//5463
f 5565//5529 5499//5463 5566//5530
f 5566//5530 5499//5463 5501//5465
f 5566//5530 5501//5465 5567//5531
f 5568//5532 5569//5533 5567//5531
f 5570//5534 5571//5535 5572//5536
f 5573//5537 5574//5538 5568//5532
f 5568//5532 5574//5538 5575//5539
f 5568//5532 5575//5539 5569//5533
f 5569//5533 5575//5539 5576//5540
f 5569//5533 5576//5540 5571//5535
f 5571//5535 5576//5540 5577//5541
f 5571//5535 5577//5541 5572//5536
f 5578//5542 5579//5543 5580//5544
f 5572//5536 5581//5545 5570//5534
f 5570//5534 5581//5545 5582//5546
f 5570//5534 5582//5546 5580//5544
f 5580//5544 5582//5546 5583//5547
f 5580//5544 5583//5547 5578//5542
f 5584//5548 5585//5549 5586//5550
f 5586//5550 5587//5551 5584//5548
f 5584//5548 5587//5551 5588//5552
f 5584//5548 5588//5552 5589//5553
f 5590//5554 5591//5555 5592//5556
f 5592//5556 5591//5555 5593//5557
f 5280//5244 5594//5558 5278//5242
f 5278//5242 5594//5558 5595//5559
f 5278//5242 5595//5559 5593//5557
f 5593//5557 5595//5559 5596//5560
f 5593//5557 5596//5560 5592//5556
f 5588//5552 5597//5561 5589//5553
f 5589//5553 5597//5561 5598//5562
f 5589//5553 5598//5562 5599//5563
f 5599//5563 5598//5562 5600//5564
f 5599//5563 5600//5564 5279//5243
f 5279//5243 5600//5564 5601//5565
f 5279//5243 5601//5565 5280//5244
f 5578//5542 5602//5566 5579//5543
f 5579//5543 5602//5566 5603//5567
f 5579//5543 5603//5567 5604//5568
f 5604//5568 5603//5567 5605//5569
f 5604//5568 5605//5569 5606//5570
f 5606//5570 5605//5569 5607//5571
f 5606//5570 5607//5571 5585//5549
f 5585//5549 5607//5571 5608//5572
f 5585//5549 5608//5572 5586//5550
f 5567//5531 5569//5533 5566//5530
f 5566//5530 5569//5533 5571//5535
f 5566//5530 5571//5535 5565//5529
f 5565//5529 5571//5535 5570//5534
f 5565//5529 5570//5534 5564//5528
f 5564//5528 5570//5534 5580//5544
f 5564//5528 5580//5544 5563//5527
f 5563//5527 5580//5544 5579//5543
f 5563//5527 5579//5543 5562//5526
f 5562//5526 5579//5543 5604//5568
f 5562//5526 5604//5568 5561//5525
f 5561//5525 5604//5568 5606//5570
f 5561//5525 5606//5570 5560//5524
f 5560//5524 5606//5570 5585//5549
f 5560//5524 5585//5549 5559//5523
f 5559//5523 5585//5549 5584//5548
f 5559//5523 5584//5548 5558//5522
f 5558//5522 5584//5548 5589//5553
f 5558//5522 5589//5553 5557//5521
f 5557//5521 5589//5553 5599//5563
f 5557//5521 5599//5563 5556//5520
f 5556//5520 5599//5563 5279//5243
f 5556//5520 5279//5243 5555//5519
f 5555//5519 5279//5243 5278//5242
f 5555//5519 5278//5242 5554//5518
f 5554//5518 5278//5242 5593//5557
f 5554//5518 5593//5557 5553//5517
f 5553//5517 5593//5557 5591//5555
f 5553//5517 5591//5555 5283//5247
f 5609//5573 5610//5574 5611//5575
f 5612//5576 5613//5577 5609//5573
f 5609//5573 5613//5577 5614//5578
f 5609//5573 5614//5578 5610//5574
f 5610//5574 5614//5578 5615//5579
f 5616//5580 5617//5581 5618//5582
f 5616//5580 5618//5582 5619//5583
f 5620//5584 5621//5585 5622//5586
f 5623//5587 5624//5588 5625//5589
f 5622//5586 5626//5590 5620//5584
f 5620//5584 5626//5590 5627//5591
f 5620//5584 5627//5591 5625//5589
f 5625//5589 5627//5591 5628//5592
f 5625//5589 5628//5592 5623//5587
f 5618//5582 5629//5593 5619//5583
f 5619//5583 5629//5593 5630//5594
f 5619//5583 5630//5594 5621//5585
f 5621//5585 5630//5594 5631//5595
f 5621//5585 5631//5595 5622//5586
f 5632//5596 5633//5597 5634//5598
f 5635//5599 5636//5600 5633//5597
f 5633//5597 5636//5600 5637//5601
f 5633//5597 5637//5601 5634//5598
f 5638//5602 5639//5603 5640//5604
f 5641//5605 5642//5606 5643//5607
f 5643//5607 5642//5606 5644//5608
f 5638//5602 5645//5609 5639//5603
f 5639//5603 5645//5609 5646//5610
f 5639//5603 5646//5610 5644//5608
f 5644//5608 5646//5610 5647//5611
f 5644//5608 5647//5611 5643//5607
f 5634//5598 5648//5612 5632//5596
f 5632//5596 5648//5612 5649//5613
f 5632//5596 5649//5613 5640//5604
f 5640//5604 5649//5613 5650//5614
f 5640//5604 5650//5614 5638//5602
f 5623//5587 5651//5615 5624//5588
f 5624//5588 5651//5615 5652//5616
f 5624//5588 5652//5616 5653//5617
f 5653//5617 5652//5616 5654//5618
f 5653//5617 5654//5618 5635//5599
f 5635//5599 5654//5618 5655//5619
f 5635//5599 5655//5619 5636//5600
f 5590//5554 5612//5576 5591//5555
f 5591//5555 5612//5576 5609//5573
f 5591//5555 5609//5573 5283//5247
f 5283//5247 5609//5573 5611//5575
f 5283//5247 5611//5575 5281//5245
f 4737//4533 4735//4531 5532//5496
f 5532//5496 4735//4531 4734//4530
f 5532//5496 4734//4530 5533//5497
f 5533//5497 4734//4530 4725//4521
f 5533//5497 4725//4521 4697//4493
s 0
f 7968//5620 8047//5620 7971//5620
s 1
f 7970//5621 8045//5622 8038//5623
s 0
f 4534//5624 4536//5624 5656//5624
f 5656//5625 4536//5625 4533//5625
s 1
f 8046//5626 7994//4317 5658//5627
f 5658//5627 7994//4317 4532//4316
f 5658//5627 4532//4316 5659//5628
s 0
f 7521//5629 5661//5629 7588//5629
s 1
f 4544//4329 5662//5630 4547//4332
f 4547//4332 5662//5630 5663//5631
f 4544//4329 4543//4328 5662//5630
f 5662//5630 4543//4328 7591//4326
f 5662//5630 4541//5632 7524//5633
f 7524//5633 4541//5632 8069//5634
f 7524//5633 8069//5634 4540//5635
s 0
f 7590//5636 4539//5637 5660//5637
f 5660//5638 4539//5638 7962//5636
f 7523//5639 7963//5639 8039//5639
f 5657//5640 4538//5640 4537//5640
f 5657//5641 4537//5641 4535//5642
s 1
f 5664//5643 4546//4331 5663//5631
f 5663//5631 4546//4331 4545//4330
f 5663//5631 4545//4330 4547//4332
s 0
f 8016//5644 7455//5645 7508//5646
f 7507//5647 7454//5647 7457//5647
f 8016//5648 8012//5649 7455//5650
f 7455//5649 8012//5649 7436//5651
f 7456//5652 7435//5652 5667//5652
s 1
f 7438//5653 4549//5654 4548//4333
f 7438//5653 4548//4333 5664//5643
f 5664//5643 4548//4333 4550//4335
f 5664//5643 4550//4335 4546//4331
f 4558//4343 7789//4341 7619//5655
f 7619//5655 7789//4341 7603//5656
f 5670//5657 4560//4345 5668//5658
f 5668//5658 4560//4345 4559//4344
f 5668//5658 4559//4344 4558//4343
s 0
f 4556//5659 8007//5660 7601//5660
f 7601//5661 8007//5661 7769//5662
f 7602//5663 7768//5663 7459//5663
f 7458//5664 4557//5664 8003//5665
f 7458//5666 8003//5667 4553//5668
s 1
f 4564//4349 5671//5669 5672//5670
f 4564//4349 7835//4348 5671//5669
f 7677//5671 4563//5672 4562//4347
f 7677//5671 4562//4347 5670//5657
f 5670//5657 4562//4347 4561//4346
f 5670//5657 4561//4346 4560//4345
s 0
f 7908//5673 7617//5674 7649//5675
f 7650//5676 7616//5676 7420//5676
f 7908//5673 7911//5677 7617//5678
f 7617//5678 7911//5679 7819//5680
f 7615//5681 7818//5681 5675//5681
s 1
f 7618//5682 4567//5683 4566//4351
f 7618//5682 4566//4351 5672//5670
f 5672//5670 4566//4351 4565//4350
f 5672//5670 4565//4350 4564//4349
f 7635//4361 7837//4354 5676//5684
f 7636//5685 7838//5686 7423//5687
f 5678//5688 5679//5689 4582//4370
f 4582//4370 4578//4364 5678//5688
f 5678//5688 4578//4364 4577//4363
f 5678//5688 4577//4363 7636//5685
f 7636//5685 4577//4363 7808//5690
f 7636//5685 7808//5690 4575//5691
s 0
f 4569//5692 7923//5692 5677//5693
f 5677//5693 7923//5694 7633//5695
f 7422//5696 7632//5696 7419//5696
f 7421//5697 4574//5698 7907//5697
f 7421//5699 7907//5699 4572//5700
s 1
f 5680//5701 4580//4366 5679//5689
f 5679//5689 4580//4366 4581//4367
f 5679//5689 4581//4367 4582//4370
f 5681//5702 4583//4371 5680//5701
f 5680//5701 4583//4371 4579//4365
f 5680//5701 4579//4365 4580//4366
s 0
f 7843//5703 7517//5703 7518//5703
s 1
f 7844//5704 7841//5705 5682//5706
f 5682//5706 7841//5705 4585//4373
f 5682//5706 4585//4373 5681//5702
f 5681//5702 4585//4373 7742//4372
f 5681//5702 4584//5707 4583//4371
s 0
f 4597//5708 7925//5709 7863//5710
f 7862//5711 5684//5711 7922//5711
s 1
f 5686//5712 5687//5713 4592//4382
f 4592//4382 4593//4383 5686//5712
f 5686//5712 4593//4383 7910//4384
f 5686//5712 7910//4384 5685//5714
s 0
f 7921//5715 4594//5716 4595//5715
f 7921//5717 4595//5717 4596//5715
f 4597//5710 4598//5718 7925//5719
f 7925//5720 4598//5721 7871//5722
f 7926//5723 7872//5723 5683//5723
f 7520//5724 4599//5724 4600//5724
f 7520//5725 4600//5725 4587//5726
s 1
f 4589//4377 4590//4379 5687//5713
f 5687//5713 4590//4379 4591//4381
f 5687//5713 4591//4381 4592//4382
f 5688//5727 5689//5728 5690//5729
f 5690//5729 5689//5728 5691//5730
f 5690//5729 5691//5730 5692//5731
f 5692//5731 5691//5730 5693//5732
f 5692//5731 5693//5732 5694//5733
f 5694//5733 5693//5732 5695//5734
f 5694//5733 5695//5734 5696//5735
f 5696//5735 5695//5734 5697//5736
f 5696//5735 5697//5736 5698//5737
f 5698//5737 5697//5736 5699//5738
f 5530//5494 5699//5738 5531//5495
f 5531//5495 5699//5738 5697//5736
f 5531//5495 5697//5736 5514//5478
f 5514//5478 5697//5736 5695//5734
f 5514//5478 5695//5734 5513//5477
f 5513//5477 5695//5734 5693//5732
f 5513//5477 5693//5732 5512//5476
f 5512//5476 5693//5732 5691//5730
f 5512//5476 5691//5730 5284//5248
f 5284//5248 5691//5730 5689//5728
f 5284//5248 5689//5728 5285//5249
f 5285//5249 5689//5728 5688//5727
f 5700//5739 5701//5740 5702//5741
f 5702//5741 5701//5740 5703//5742
f 5702//5741 5703//5742 5704//5743
f 5704//5743 5703//5742 5705//5744
f 5704//5743 5705//5744 5706//5745
f 5706//5745 5705//5744 5707//5746
f 5706//5745 5707//5746 5708//5747
f 5708//5747 5707//5746 5709//5748
f 5708//5747 5709//5748 5710//5749
f 5710//5749 5709//5748 5711//5750
f 5710//5749 5711//5750 5712//5751
f 5712//5751 5711//5750 5713//5752
f 5712//5751 5713//5752 5714//5753
f 5714//5753 5713//5752 5715//5754
f 5714//5753 5715//5754 5716//5755
f 5716//5755 5715//5754 5717//5756
f 5716//5755 5717//5756 5718//5757
f 5718//5757 5717//5756 5074//5018
f 5088//5032 5083//5027 5719//5758
f 5719//5758 5083//5027 5720//5759
f 5719//5758 5720//5759 5721//5760
f 5721//5760 5720//5759 5722//5761
f 5721//5760 5722//5761 5723//5762
f 5723//5762 5722//5761 5724//5763
f 5723//5762 5724//5763 5725//5764
f 5725//5764 5724//5763 5726//5765
f 5725//5764 5726//5765 5727//5766
f 5727//5766 5726//5765 5728//5767
f 5727//5766 5728//5767 5729//5768
f 5729//5768 5728//5767 5730//5769
f 5729//5768 5730//5769 5731//5770
f 5731//5770 5730//5769 5732//5771
f 5731//5770 5732//5771 5733//5772
f 5733//5772 5732//5771 5734//5773
f 5733//5772 5734//5773 5735//5774
f 5700//5739 5735//5774 5701//5740
f 5701//5740 5735//5774 5734//5773
f 5701//5740 5734//5773 5703//5742
f 5703//5742 5734//5773 5732//5771
f 5703//5742 5732//5771 5705//5744
f 5705//5744 5732//5771 5730//5769
f 5705//5744 5730//5769 5707//5746
f 5707//5746 5730//5769 5728//5767
f 5707//5746 5728//5767 5709//5748
f 5709//5748 5728//5767 5726//5765
f 5709//5748 5726//5765 5711//5750
f 5711//5750 5726//5765 5724//5763
f 5711//5750 5724//5763 5713//5752
f 5713//5752 5724//5763 5722//5761
f 5713//5752 5722//5761 5715//5754
f 5715//5754 5722//5761 5720//5759
f 5715//5754 5720//5759 5717//5756
f 5717//5756 5720//5759 5083//5027
f 5717//5756 5083//5027 5074//5018
f 5040//4940 5039//4939 5687//5713
f 5687//5713 5039//4939 5042//4942
f 5687//5713 5042//4942 4589//4377
s 0
f 7467//5775 8030//5775 7998//5775
f 4468//5776 4467//5777 8029//5777
f 8029//5777 4467//5777 7440//5778
s 1
f 5736//5779 4466//5780 5738//5781
f 5738//5781 4466//5780 7434//5782
f 8019//5783 4463//5784 4462//4239
s 0
f 4472//5785 5739//5786 8068//5785
f 8067//5787 7984//5787 7987//5787
s 1
f 4477//4256 8008//5788 5742//5789
f 4477//4256 4476//4254 8008//5788
f 8008//5788 4476//4254 8055//4253
s 0
f 5741//5790 8056//5790 7988//5790
f 5740//5791 4475//5791 4474//5791
f 5740//5792 4474//5792 4473//5792
s 1
f 4472//5793 4471//5794 5739//5795
f 5739//5795 4471//5794 8053//5796
s 0
f 7985//5797 8054//5797 7997//5797
f 5737//5798 4470//5799 4469//5798
f 5737//5798 4469//5798 7468//5800
s 1
f 5743//5801 7977//5802 4478//4257
s 0
f 7477//5803 5745//5803 5746//5803
f 7478//5804 4486//5805 7980//5805
f 7980//5806 4486//5806 7487//5807
f 7979//5808 7488//5808 5744//5808
s 1
f 7977//5802 4487//5809 4482//5810
f 7977//5802 4482//5810 4478//4257
s 0
f 4491//5811 7950//5811 7431//5812
f 7430//5813 7951//5813 5748//5813
s 1
f 4488//4270 5749//5814 7940//5815
f 4488//4270 4489//4271 5749//5814
f 5749//5814 4489//4271 7834//4277
f 5749//5814 7834//4277 7929//5816
s 0
f 7930//5817 4494//5818 4493//5819
f 7930//5820 4493//5821 4492//5822
f 4491//5823 7462//5824 7950//5825
f 7949//5826 4490//5826 7946//5826
f 5747//5827 7947//5827 7953//5827
f 7954//5828 4483//5828 4484//5828
f 7954//5829 4484//5829 4485//5830
s 1
f 4478//4257 4479//4258 5743//5801
f 5743//5801 4479//4258 4480//4259
f 5743//5801 4480//4259 5742//5789
f 5742//5789 4480//4259 4481//4260
f 5742//5789 4481//4260 4477//4256
f 4663//4459 5277//5241 4664//4460
f 5751//5831 4497//4280 5750//5832
f 7940//5815 4497//4280 4498//4281
f 7940//5815 4498//4281 4488//4270
f 7918//5833 4495//4278 5751//5831
f 5751//5831 4495//4278 4496//4279
f 5751//5831 4496//4279 4497//4280
s 0
f 7913//5834 7916//5834 7798//5834
f 7799//5835 7917//5835 4501//5835
f 4500//5836 4504//5836 7914//5836
f 7914//5837 4504//5836 7817//5837
f 5753//5838 7816//5838 5752//5838
s 1
f 7918//5833 4503//5839 4502//5840
f 7918//5833 4502//5840 4495//4278
s 0
f 7906//5841 5756//5841 7777//5841
s 1
f 7565//4297 5757//5842 7890//5843
f 7565//4297 4512//4295 5757//5842
f 5757//5842 4512//4295 4506//4289
f 5757//5842 4506//4289 7898//5844
f 7898//5844 4506//4289 4505//4288
f 7898//5844 4505//4288 7776//4292
s 0
f 4509//5845 4508//5845 7905//5845
f 7905//5846 4508//5846 7793//5846
f 5755//5847 7792//5847 5754//5847
f 7917//5848 4507//5849 4499//5849
f 7917//5850 4499//5850 4501//5850
s 1
f 4510//4293 5759//5851 7865//5852
s 0
f 7869//5853 5762//5853 7596//5853
f 7597//5854 7853//5855 4516//5856
f 4517//5857 4519//5857 7868//5857
f 7868//5858 4519//5858 7630//5858
f 5761//5859 7629//5859 5760//5859
s 1
f 7865//5852 4520//5860 4518//5861
f 7865//5852 4518//5861 4510//4293
f 7846//5862 4522//5863 7582//5864
s 0
f 5763//5865 7583//5865 7849//5865
s 1
f 4522//5863 7846//5862 4521//4305
f 4521//4305 7846//5862 5765//5866
f 4521//4305 5765//5866 4527//4311
s 0
f 4526//5867 4525//5868 7850//5869
f 7850//5870 4525//5868 7587//5871
f 5764//5872 7586//5872 7852//5872
f 7853//5873 4524//5874 4523//5873
f 7853//5875 4523//5875 4516//5876
s 1
f 4510//4293 4511//4294 5759//5851
f 5759//5851 4511//4294 7554//4299
f 5759//5851 7554//4299 5758//5877
s 0
f 7891//5878 4515//5878 4514//5878
f 7891//5879 4514//5879 4513//5880
s 1
f 4532//4316 4531//4315 5659//5628
f 5659//5628 4531//4315 4530//4314
f 5659//5628 4530//4314 5766//5881
f 7875//5882 4530//4314 4529//4313
f 7875//5882 4529//4313 5765//5866
f 5765//5866 4529//4313 4528//4312
f 5765//5866 4528//4312 4527//4311
f 5074//5018 5040//4940 5718//5757
f 5718//5757 5040//4940 5687//5713
f 5718//5757 5687//5713 5716//5755
f 5716//5755 5687//5713 5686//5712
f 5716//5755 5686//5712 5714//5753
f 5714//5753 5686//5712 7920//5883
f 5714//5753 7920//5883 5712//5751
f 5712//5751 7920//5883 7924//5884
f 5712//5751 7924//5884 5710//5749
f 5710//5749 7924//5884 7519//5885
f 5710//5749 7519//5885 5708//5747
f 5708//5747 7519//5885 5682//5706
f 5708//5747 5682//5706 5706//5745
f 5706//5745 5682//5706 5681//5702
f 5706//5745 5681//5702 5704//5743
f 5704//5743 5681//5702 5680//5701
f 5704//5743 5680//5701 5702//5741
f 5702//5741 5680//5701 5679//5689
f 5702//5741 5679//5689 5700//5739
f 5700//5739 5679//5689 5678//5688
f 5700//5739 5678//5688 5767//5886
f 5767//5886 5678//5688 7636//5685
f 5767//5886 7636//5685 5768//5887
f 5768//5887 7636//5685 7423//5687
f 5768//5887 7423//5687 5769//5888
f 5769//5888 7423//5687 5674//5889
f 5769//5888 5674//5889 5770//5890
f 5770//5890 5674//5889 5673//5891
f 5770//5890 5673//5891 5771//5892
f 5771//5892 5673//5891 7618//5682
f 5771//5892 7618//5682 5772//5893
f 5772//5893 7618//5682 5672//5670
f 5772//5893 5672//5670 5773//5894
f 5773//5894 5672//5670 7677//5671
f 5773//5894 7677//5671 5774//5895
f 5774//5895 7677//5671 5670//5657
f 5774//5895 5670//5657 5775//5896
f 5775//5896 5670//5657 5668//5658
f 5775//5896 5668//5658 5776//5897
f 5776//5897 5668//5658 5669//5898
f 5776//5897 5669//5898 5777//5899
f 5777//5899 5669//5898 5666//5900
f 5777//5899 5666//5900 5778//5901
f 5778//5901 5666//5900 5665//5902
f 5778//5901 5665//5902 5779//5903
f 5779//5903 5665//5902 7438//5653
f 5779//5903 7438//5653 5780//5904
f 5780//5904 7438//5653 5664//5643
f 5780//5904 5664//5643 5781//5905
f 5781//5905 5664//5643 5663//5631
f 5781//5905 5663//5631 5782//5906
f 5782//5906 5663//5631 5662//5630
f 5782//5906 5662//5630 5783//5907
f 5783//5907 5662//5630 7524//5633
f 5783//5907 7524//5633 5784//5908
f 5784//5908 7524//5633 7522//5909
f 5784//5908 7522//5909 5785//5910
f 5785//5910 7522//5909 8038//5623
f 5785//5910 8038//5623 5786//5911
f 5786//5911 8038//5623 8045//5622
f 5786//5911 8045//5622 5787//5912
f 5787//5912 8045//5622 5658//5627
f 5787//5912 5658//5627 5788//5913
f 5788//5913 5658//5627 5659//5628
f 5788//5913 5659//5628 5789//5914
f 5789//5914 5659//5628 7875//5882
f 5789//5914 7875//5882 5790//5915
f 5790//5915 7875//5882 5765//5866
f 5790//5915 5765//5866 5791//5916
f 5791//5916 5765//5866 7846//5862
f 5791//5916 7846//5862 5792//5917
f 5792//5917 7846//5862 7848//5918
f 5792//5917 7848//5918 5793//5919
f 5793//5919 7848//5918 7851//5920
f 5793//5919 7851//5920 5794//5921
f 5794//5921 7851//5920 7867//5922
f 5794//5921 7867//5922 5795//5923
f 5795//5923 7867//5922 7865//5852
f 5795//5923 7865//5852 5796//5924
f 5796//5924 7865//5852 5759//5851
f 5796//5924 5759//5851 5797//5925
f 5797//5925 5759//5851 7890//5843
f 5797//5925 7890//5843 5798//5926
f 5798//5926 7890//5843 5757//5842
f 5798//5926 5757//5842 5799//5927
f 5799//5927 5757//5842 7898//5844
f 5799//5927 7898//5844 5800//5928
f 5800//5928 7898//5844 7904//5929
f 5800//5928 7904//5929 5801//5930
f 5801//5930 7904//5929 7915//5931
f 5801//5930 7915//5931 5802//5932
f 5802//5932 7915//5931 7912//5933
f 5802//5932 7912//5933 5803//5934
f 5803//5934 7912//5933 7918//5833
f 5803//5934 7918//5833 5804//5935
f 5804//5935 7918//5833 5751//5831
f 5804//5935 5751//5831 5805//5936
f 5805//5936 5751//5831 7940//5815
f 5805//5936 7940//5815 5806//5937
f 5806//5937 7940//5815 5749//5814
f 5806//5937 5749//5814 5807//5938
f 5807//5938 5749//5814 7929//5816
f 5807//5938 7929//5816 5808//5939
f 5808//5939 7929//5816 7948//5940
f 5808//5939 7948//5940 5809//5941
f 5809//5941 7948//5940 7952//5942
f 5809//5941 7952//5942 5810//5943
f 5810//5943 7952//5942 7978//5944
f 5810//5943 7978//5944 5811//5945
f 5811//5945 7978//5944 7977//5802
f 5811//5945 7977//5802 5812//5946
f 5812//5946 7977//5802 5743//5801
f 5812//5946 5743//5801 5813//5947
f 5813//5947 5743//5801 5742//5789
f 5813//5947 5742//5789 5814//5948
f 5814//5948 5742//5789 8008//5788
f 5814//5948 8008//5788 5815//5949
f 5815//5949 8008//5788 7986//5950
f 5815//5949 7986//5950 5816//5951
f 5816//5951 7986//5950 7983//5952
f 5816//5951 7983//5952 5817//5953
f 5817//5953 7983//5952 7996//5954
f 5817//5953 7996//5954 5818//5955
f 5818//5955 7996//5954 8028//5956
f 5818//5955 8028//5956 5277//5241
f 5277//5241 8028//5956 8019//5783
f 5277//5241 8019//5783 4664//4460
f 4664//4460 8019//5783 4462//4239
f 4664//4460 4462//4239 4461//4238
f 5552//5516 5616//5580 5551//5515
f 5551//5515 5616//5580 5619//5583
f 5551//5515 5619//5583 5550//5514
f 5550//5514 5619//5583 5621//5585
f 5550//5514 5621//5585 5549//5513
f 5549//5513 5621//5585 5620//5584
f 5549//5513 5620//5584 5548//5512
f 5548//5512 5620//5584 5625//5589
f 5548//5512 5625//5589 5547//5511
f 5547//5511 5625//5589 5624//5588
f 5547//5511 5624//5588 5546//5510
f 5546//5510 5624//5588 5653//5617
f 5546//5510 5653//5617 5544//5508
f 5544//5508 5653//5617 5635//5599
f 5544//5508 5635//5599 5542//5506
f 5542//5506 5635//5599 5633//5597
f 5542//5506 5633//5597 5540//5504
f 5540//5504 5633//5597 5632//5596
f 5540//5504 5632//5596 5538//5502
f 5538//5502 5632//5596 5640//5604
f 5538//5502 5640//5604 5536//5500
f 5536//5500 5640//5604 5639//5603
f 5536//5500 5639//5603 5534//5498
f 5534//5498 5639//5603 5644//5608
f 5534//5498 5644//5608 5532//5496
f 5532//5496 5644//5608 5642//5606
f 5532//5496 5642//5606 4737//4533
f 4737//4533 5642//5606 5641//5605
f 4737//4533 5641//5605 4738//4534
f 5500//5464 5472//5436 5501//5465
f 5501//5465 5472//5436 5434//5398
f 5501//5465 5434//5398 5567//5531
f 5567//5531 5434//5398 5399//5363
f 5567//5531 5399//5363 5568//5532
f 5568//5532 5399//5363 5355//5319
f 5568//5532 5355//5319 5573//5537
f 5573//5537 5355//5319 5354//5318
f 4715//4511 5088//5032 5516//5480
f 5516//5480 5088//5032 5719//5758
f 5516//5480 5719//5758 5518//5482
f 5518//5482 5719//5758 5721//5760
f 5518//5482 5721//5760 5520//5484
f 5520//5484 5721//5760 5723//5762
f 5520//5484 5723//5762 5522//5486
f 5522//5486 5723//5762 5725//5764
f 5522//5486 5725//5764 5524//5488
f 5524//5488 5725//5764 5727//5766
f 5524//5488 5727//5766 5526//5490
f 5526//5490 5727//5766 5729//5768
f 5526//5490 5729//5768 5528//5492
f 5528//5492 5729//5768 5731//5770
f 5528//5492 5731//5770 5530//5494
f 5530//5494 5731//5770 5733//5772
f 5530//5494 5733//5772 5699//5738
f 5699//5738 5733//5772 5735//5774
f 5699//5738 5735//5774 5698//5737
f 5698//5737 5735//5774 5700//5739
f 5698//5737 5700//5739 5696//5735
f 5696//5735 5700//5739 5767//5886
f 5696//5735 5767//5886 5694//5733
f 5694//5733 5767//5886 5768//5887
f 5694//5733 5768//5887 5692//5731
f 5692//5731 5768//5887 5769//5888
f 5692//5731 5769//5888 5690//5729
f 5690//5729 5769//5888 5770//5890
f 5690//5729 5770//5890 5688//5727
f 5688//5727 5770//5890 5771//5892
f 5688//5727 5771//5892 5819//5957
f 5819//5957 5771//5892 5772//5893
f 5819//5957 5772//5893 5820//5958
f 5820//5958 5772//5893 5773//5894
f 5820//5958 5773//5894 5821//5959
f 5821//5959 5773//5894 5774//5895
f 5821//5959 5774//5895 5822//5960
f 5822//5960 5774//5895 5775//5896
f 5822//5960 5775//5896 5823//5961
f 5823//5961 5775//5896 5776//5897
f 5823//5961 5776//5897 5824//5962
f 5824//5962 5776//5897 5777//5899
f 5824//5962 5777//5899 5825//5963
f 5825//5963 5777//5899 5778//5901
f 5825//5963 5778//5901 5826//5964
f 5826//5964 5778//5901 5779//5903
f 5826//5964 5779//5903 5827//5965
f 5827//5965 5779//5903 5780//5904
f 5827//5965 5780//5904 5828//5966
f 5828//5966 5780//5904 5781//5905
f 5828//5966 5781//5905 5829//5967
f 5829//5967 5781//5905 5782//5906
f 5829//5967 5782//5906 5830//5968
f 5830//5968 5782//5906 5783//5907
f 5830//5968 5783//5907 5831//5969
f 5831//5969 5783//5907 5784//5908
f 5831//5969 5784//5908 5832//5970
f 5832//5970 5784//5908 5785//5910
f 5832//5970 5785//5910 5833//5971
f 5833//5971 5785//5910 5786//5911
f 5833//5971 5786//5911 5834//5972
f 5834//5972 5786//5911 5787//5912
f 5834//5972 5787//5912 5835//5973
f 5835//5973 5787//5912 5788//5913
f 5835//5973 5788//5913 5836//5974
f 5836//5974 5788//5913 5789//5914
f 5836//5974 5789//5914 5837//5975
f 5837//5975 5789//5914 5790//5915
f 5837//5975 5790//5915 5838//5976
f 5838//5976 5790//5915 5791//5916
f 5838//5976 5791//5916 5839//5977
f 5839//5977 5791//5916 5792//5917
f 5839//5977 5792//5917 5840//5978
f 5840//5978 5792//5917 5793//5919
f 5840//5978 5793//5919 5841//5979
f 5841//5979 5793//5919 5794//5921
f 5841//5979 5794//5921 5842//5980
f 5842//5980 5794//5921 5795//5923
f 5842//5980 5795//5923 5843//5981
f 5843//5981 5795//5923 5796//5924
f 5843//5981 5796//5924 5844//5982
f 5844//5982 5796//5924 5797//5925
f 5844//5982 5797//5925 5845//5983
f 5845//5983 5797//5925 5798//5926
f 5845//5983 5798//5926 5846//5984
f 5846//5984 5798//5926 5799//5927
f 5846//5984 5799//5927 5847//5985
f 5847//5985 5799//5927 5800//5928
f 5847//5985 5800//5928 5848//5986
f 5848//5986 5800//5928 5801//5930
f 5848//5986 5801//5930 5849//5987
f 5849//5987 5801//5930 5802//5932
f 5849//5987 5802//5932 5850//5988
f 5850//5988 5802//5932 5803//5934
f 5850//5988 5803//5934 5851//5989
f 5851//5989 5803//5934 5804//5935
f 5851//5989 5804//5935 5852//5990
f 5852//5990 5804//5935 5805//5936
f 5852//5990 5805//5936 5853//5991
f 5853//5991 5805//5936 5806//5937
f 5853//5991 5806//5937 5854//5992
f 5854//5992 5806//5937 5807//5938
f 5854//5992 5807//5938 5855//5993
f 5855//5993 5807//5938 5808//5939
f 5855//5993 5808//5939 5856//5994
f 5856//5994 5808//5939 5809//5941
f 5856//5994 5809//5941 5857//5995
f 5857//5995 5809//5941 5810//5943
f 5857//5995 5810//5943 5858//5996
f 5858//5996 5810//5943 5811//5945
f 5858//5996 5811//5945 5859//5997
f 5859//5997 5811//5945 5812//5946
f 5859//5997 5812//5946 5860//5998
f 5860//5998 5812//5946 5813//5947
f 5860//5998 5813//5947 5861//5999
f 5861//5999 5813//5947 5814//5948
f 5861//5999 5814//5948 5862//6000
f 5862//6000 5814//5948 5815//5949
f 5862//6000 5815//5949 5863//6001
f 5863//6001 5815//5949 5816//5951
f 5863//6001 5816//5951 5864//6002
f 5864//6002 5816//5951 5817//5953
f 5864//6002 5817//5953 5865//6003
f 5865//6003 5817//5953 5818//5955
f 5865//6003 5818//5955 5866//6004
f 5866//6004 5818//5955 5277//5241
f 5866//6004 5277//5241 5145//5094
f 5145//5094 5277//5241 5146//5095
f 5145//5094 4874//4670 5866//6004
f 5866//6004 4874//4670 5291//5255
f 5866//6004 5291//5255 5865//6003
f 5865//6003 5291//5255 5440//5404
f 5865//6003 5440//5404 5864//6002
f 5864//6002 5440//5404 5441//5405
f 5864//6002 5441//5405 5863//6001
f 5863//6001 5441//5405 5442//5406
f 5863//6001 5442//5406 5862//6000
f 5862//6000 5442//5406 5443//5407
f 5862//6000 5443//5407 5861//5999
f 5861//5999 5443//5407 5444//5408
f 5861//5999 5444//5408 5860//5998
f 5860//5998 5444//5408 5445//5409
f 5860//5998 5445//5409 5859//5997
f 5859//5997 5445//5409 5446//5410
f 5859//5997 5446//5410 5858//5996
f 5858//5996 5446//5410 5447//5411
f 5858//5996 5447//5411 5857//5995
f 5857//5995 5447//5411 5448//5412
f 5857//5995 5448//5412 5856//5994
f 5856//5994 5448//5412 5449//5413
f 5856//5994 5449//5413 5855//5993
f 5855//5993 5449//5413 5450//5414
f 5855//5993 5450//5414 5854//5992
f 5854//5992 5450//5414 5451//5415
f 5854//5992 5451//5415 5853//5991
f 5853//5991 5451//5415 5452//5416
f 5853//5991 5452//5416 5852//5990
f 5852//5990 5452//5416 5453//5417
f 5852//5990 5453//5417 5851//5989
f 5851//5989 5453//5417 5454//5418
f 5851//5989 5454//5418 5850//5988
f 5850//5988 5454//5418 5455//5419
f 5850//5988 5455//5419 5849//5987
f 5849//5987 5455//5419 5456//5420
f 5849//5987 5456//5420 5848//5986
f 5848//5986 5456//5420 5457//5421
f 5848//5986 5457//5421 5847//5985
f 5847//5985 5457//5421 5458//5422
f 5847//5985 5458//5422 5846//5984
f 5846//5984 5458//5422 5459//5423
f 5846//5984 5459//5423 5845//5983
f 5845//5983 5459//5423 5460//5424
f 5845//5983 5460//5424 5844//5982
f 5844//5982 5460//5424 5461//5425
f 5844//5982 5461//5425 5843//5981
f 5843//5981 5461//5425 5462//5426
f 5843//5981 5462//5426 5842//5980
f 5842//5980 5462//5426 5463//5427
f 5842//5980 5463//5427 5841//5979
f 5841//5979 5463//5427 5464//5428
f 5841//5979 5464//5428 5840//5978
f 5840//5978 5464//5428 5465//5429
f 5840//5978 5465//5429 5839//5977
f 5839//5977 5465//5429 5466//5430
f 5839//5977 5466//5430 5838//5976
f 5838//5976 5466//5430 5467//5431
f 5838//5976 5467//5431 5837//5975
f 5837//5975 5467//5431 5468//5432
f 5837//5975 5468//5432 5836//5974
f 5836//5974 5468//5432 5469//5433
f 5836//5974 5469//5433 5835//5973
f 5835//5973 5469//5433 5470//5434
f 5835//5973 5470//5434 5834//5972
f 5834//5972 5470//5434 5471//5435
f 5834//5972 5471//5435 5833//5971
f 5833//5971 5471//5435 5472//5436
f 5833//5971 5472//5436 5832//5970
f 5832//5970 5472//5436 5500//5464
f 5832//5970 5500//5464 5831//5969
f 5831//5969 5500//5464 5498//5462
f 5831//5969 5498//5462 5830//5968
f 5830//5968 5498//5462 5496//5460
f 5830//5968 5496//5460 5829//5967
f 5829//5967 5496//5460 5494//5458
f 5829//5967 5494//5458 5828//5966
f 5828//5966 5494//5458 5492//5456
f 5828//5966 5492//5456 5827//5965
f 5827//5965 5492//5456 5490//5454
f 5827//5965 5490//5454 5826//5964
f 5826//5964 5490//5454 5488//5452
f 5826//5964 5488//5452 5825//5963
f 5825//5963 5488//5452 5486//5450
f 5825//5963 5486//5450 5824//5962
f 5824//5962 5486//5450 5484//5448
f 5824//5962 5484//5448 5823//5961
f 5823//5961 5484//5448 5482//5446
f 5823//5961 5482//5446 5822//5960
f 5822//5960 5482//5446 5480//5444
f 5822//5960 5480//5444 5821//5959
f 5821//5959 5480//5444 5478//5442
f 5821//5959 5478//5442 5820//5958
f 5820//5958 5478//5442 5476//5440
f 5820//5958 5476//5440 5819//5957
f 5819//5957 5476//5440 5474//5438
f 5819//5957 5474//5438 5688//5727
f 5688//5727 5474//5438 5473//5437
f 5688//5727 5473//5437 5285//5249
f 5285//5249 5473//5437 5281//5245
f 5285//5249 5281//5245 5286//5250
f 5286//5250 5281//5245 5611//5575
f 5286//5250 5611//5575 5552//5516
f 5552//5516 5611//5575 5610//5574
f 5552//5516 5610//5574 5616//5580
f 5616//5580 5610//5574 5615//5579
f 5616//5580 5615//5579 5617//5581
s 0
f 5867//6005 5868//6005 5646//6005
f 5615//6006 5614//6006 5869//6006
f 5870//6007 4984//6007 5871//6007
f 5871//6008 4984//6008 4983//6008
f 5871//6009 4983//6009 5872//6009
f 5872//6010 4983//6010 4670//6010
f 5872//6010 4670//6010 5873//6010
f 5873//6011 4670//6011 4669//6011
f 5873//6012 4669//6012 5874//6012
f 5874//6013 4669//6013 4982//6013
f 5874//6014 4982//6014 5875//6014
f 5646//6015 5645//6015 5867//6015
f 5867//6016 5645//6016 5638//6016
f 5867//6017 5638//6017 5876//6017
f 5876//6011 5638//6011 5650//6011
f 5876//6018 5650//6018 5877//6018
f 5877//6019 5650//6019 5649//6019
f 5877//6007 5649//6007 5878//6007
f 5878//6020 5649//6020 5648//6020
f 5878//6021 5648//6021 5879//6021
f 5648//6022 5634//6022 5879//6022
f 5879//6023 5634//6023 5637//6023
f 5879//6024 5637//6024 5880//6024
f 5880//6025 5637//6025 5881//6025
f 5637//6026 5636//6026 5881//6026
f 5881//6027 5636//6027 5655//6027
f 5881//6007 5655//6007 5882//6007
f 5882//6028 5655//6028 5654//6028
f 5882//6029 5654//6029 5883//6029
f 4982//6030 4990//6030 5875//6030
f 5875//6031 4990//6031 4989//6031
f 5875//6032 4989//6032 5884//6032
f 5884//6033 4989//6033 4988//6033
f 5884//6034 4988//6034 5885//6034
f 5885//6035 4988//6035 4987//6035
f 5885//6010 4987//6010 5886//6010
f 5654//6036 5652//6036 5883//6036
f 5883//6037 5652//6037 5651//6037
f 5883//6038 5651//6038 5887//6038
f 5887//6039 5651//6039 5623//6039
f 5887//6040 5623//6040 5888//6040
f 5888//6041 5623//6041 5628//6041
f 5888//6042 5628//6042 5889//6042
f 5889//6043 5628//6043 5627//6043
f 5889//6044 5627//6044 5890//6044
f 5891//6045 5308//6045 5892//6045
f 5892//6046 5308//6046 5295//6046
f 5892//6047 5295//6047 5893//6047
f 5893//6048 5295//6048 5298//6048
f 5893//6032 5298//6032 5894//6032
f 5298//6049 5297//6049 5894//6049
f 5894//6050 5297//6050 5296//6050
f 5894//6051 5296//6051 5895//6051
f 5895//6052 5296//6052 5276//6052
f 5895//6053 5276//6053 5896//6053
f 5896//6054 5276//6054 4986//6054
f 5896//6051 4986//6051 5870//6051
f 5870//6055 4986//6055 4985//6055
f 5870//6056 4985//6056 4984//6056
f 5897//6057 5898//6057 5612//6057
f 5899//6058 5326//6058 5900//6058
f 5900//6058 5326//6058 5302//6058
f 5900//6058 5302//6058 5901//6058
f 5901//6005 5302//6005 5307//6005
f 5901//6059 5307//6059 5902//6059
f 5902//6060 5307//6060 5306//6060
f 5902//6049 5306//6049 5903//6049
f 5903//6053 5306//6053 5305//6053
f 5903//6011 5305//6011 5904//6011
f 5904//6061 5305//6061 5299//6061
f 5904//6061 5299//6061 5905//6061
f 5905//6049 5299//6049 5310//6049
f 5905//6010 5310//6010 5891//6010
f 5891//6010 5310//6010 5309//6010
f 5891//6062 5309//6062 5308//6062
f 4987//6045 4979//6045 5886//6045
f 5886//6063 4979//6063 4994//6063
f 5886//6014 4994//6014 5906//6014
f 5906//6011 4994//6011 4993//6011
f 5906//6064 4993//6064 5907//6064
f 5631//6065 5630//6065 5908//6065
f 5908//6066 5630//6066 5629//6066
f 5908//6067 5629//6067 5909//6067
f 5909//6068 5629//6068 5618//6068
f 5909//6069 5618//6069 5617//6069
f 5869//6070 5614//6070 5898//6070
f 5898//6071 5614//6071 5613//6071
f 5898//6057 5613//6057 5612//6057
f 5910//6072 5323//6072 5911//6072
f 5911//6061 5323//6061 5313//6061
f 5911//6061 5313//6061 5912//6061
f 5313//6061 5316//6061 5912//6061
f 5912//6070 5316//6070 5315//6070
f 5912//6073 5315//6073 5913//6073
f 5913//6010 5315//6010 5330//6010
f 5913//6010 5330//6010 5914//6010
f 5914//6010 5330//6010 5329//6010
f 5914//6074 5329//6074 5899//6074
f 5899//6075 5329//6075 5327//6075
f 5899//6052 5327//6052 5326//6052
f 4993//6046 4992//6046 5907//6046
f 5907//6076 4992//6076 4991//6076
f 5907//6007 4991//6007 5915//6007
f 5915//6077 4991//6077 4974//6077
f 5915//6053 4974//6053 5916//6053
f 5916//6053 4974//6053 4673//6053
f 5916//6053 4673//6053 5917//6053
f 5917//6073 4673//6073 5918//6073
f 5919//6078 4776//6078 4775//6078
f 5920//6079 4753//6079 5921//6079
f 5921//6080 4753//6080 4752//6080
f 5921//6051 4752//6051 5922//6051
f 5922//6081 4752//6081 4747//6081
f 5922//6082 4747//6082 5923//6082
f 4747//6083 4757//6083 5923//6083
f 5923//6084 4757//6084 4756//6084
f 5923//6014 4756//6014 5924//6014
f 5924//6085 4756//6085 4755//6085
f 5924//6086 4755//6086 5925//6086
f 5925//6046 4755//6046 4741//6046
f 5925//6087 4741//6087 5926//6087
f 5926//6088 4741//6088 4744//6088
f 5926//6046 4744//6046 5927//6046
f 4744//6089 4743//6089 5927//6089
f 5927//6090 4743//6090 4742//6090
f 5927//6091 4742//6091 5928//6091
f 5928//6092 4742//6092 4738//6092
f 5928//6093 4738//6093 5929//6093
f 5929//6094 4738//6094 5641//6094
f 5929//6095 5641//6095 5930//6095
f 5930//6096 5641//6096 5643//6096
f 5930//6097 5643//6097 5868//6097
f 5868//6098 5643//6098 5647//6098
f 5868//6010 5647//6010 5646//6010
f 5627//6099 5626//6099 5890//6099
f 5890//6100 5626//6100 5622//6100
f 5890//6101 5622//6101 5931//6101
f 5931//6073 5622//6073 5631//6073
f 5931//6102 5631//6102 5932//6102
f 5932//6103 5631//6103 5908//6103
f 5615//6011 5869//6011 5617//6011
f 5617//6061 5869//6061 5933//6061
f 5617//6104 5933//6104 5909//6104
f 4673//6073 4672//6073 5918//6073
f 5918//6073 4672//6073 4971//6073
f 5918//6010 4971//6010 5934//6010
f 5934//6105 4971//6105 4970//6105
f 5934//6106 4970//6106 5935//6106
f 5935//6106 4970//6106 4969//6106
f 5935//6032 4969//6032 5936//6032
f 5937//6107 4967//6107 5938//6107
f 5938//6108 4967//6108 4966//6108
f 5938//6109 4966//6109 5939//6109
f 5939//6054 4966//6054 4667//6054
f 5939//6073 4667//6073 5940//6073
f 5941//6061 4763//6061 5942//6061
f 5942//6110 4763//6110 4759//6110
f 5942//6111 4759//6111 5943//6111
f 5943//6112 4759//6112 4758//6112
f 5943//6113 4758//6113 5944//6113
f 5944//6114 4758//6114 4748//6114
f 5944//6115 4748//6115 5945//6115
f 5945//6116 4748//6116 4750//6116
f 5945//6053 4750//6053 5920//6053
f 5920//6117 4750//6117 4754//6117
f 5920//6118 4754//6118 4753//6118
f 4969//6101 4978//6101 5936//6101
f 5936//6119 4978//6119 4977//6119
f 5936//6033 4977//6033 5946//6033
f 5946//6120 4977//6120 4976//6120
f 5946//6049 4976//6049 5937//6049
f 5937//6121 4976//6121 4975//6121
f 5937//6120 4975//6120 4967//6120
f 5919//6009 4775//6009 5947//6009
f 5947//6009 4775//6009 4766//6009
f 5947//6045 4766//6045 5948//6045
f 5948//6045 4766//6045 4765//6045
f 5948//6045 4765//6045 5941//6045
f 5941//6122 4765//6122 4764//6122
f 5941//6084 4764//6084 4763//6084
f 5612//6123 5590//6123 5897//6123
f 5897//6124 5590//6124 5592//6124
f 5897//6125 5592//6125 5949//6125
f 5949//6010 5592//6010 5596//6010
f 5949//6059 5596//6059 5950//6059
f 5950//6126 5596//6126 5951//6126
f 5436//6054 5435//6054 5952//6054
f 5952//6127 5435//6127 5321//6127
f 5952//6127 5321//6127 5953//6127
f 5953//6128 5321//6128 5320//6128
f 5953//6129 5320//6129 5954//6129
f 5954//6053 5320//6053 5319//6053
f 5954//6107 5319//6107 5955//6107
f 5955//6059 5319//6059 5325//6059
f 5955//6089 5325//6089 5910//6089
f 5910//6120 5325//6120 5324//6120
f 5910//6130 5324//6130 5323//6130
f 4667//6131 4666//6131 5940//6131
f 5940//6033 4666//6033 4929//6033
f 5940//6071 4929//6071 5956//6071
f 5956//6071 4929//6071 4931//6071
f 5956//6132 4931//6132 5957//6132
f 5957//6010 4931//6010 4935//6010
f 5957//6073 4935//6073 5958//6073
f 5596//6076 5595//6076 5951//6076
f 5951//6133 5595//6133 5594//6133
f 5951//6070 5594//6070 5959//6070
f 4776//6134 5919//6134 4768//6134
f 4768//6135 5919//6135 5960//6135
f 4768//6136 5960//6136 4769//6136
f 4769//6137 5960//6137 5961//6137
f 4769//6073 5961//6073 4773//6073
f 4773//6138 5961//6138 5962//6138
f 4773//6139 5962//6139 4772//6139
f 4772//6126 5962//6126 5963//6126
f 4772//6010 5963//6010 4858//6010
f 5594//6010 5280//6010 5959//6010
f 5959//6140 5280//6140 5601//6140
f 5959//6141 5601//6141 5964//6141
f 5964//6053 5601//6053 5965//6053
f 4935//6057 4934//6057 5958//6057
f 5958//6142 4934//6142 4940//6142
f 5958//6120 4940//6120 5966//6120
f 5966//6120 4940//6120 4939//6120
f 5966//6143 4939//6143 5967//6143
f 5968//6144 5969//6144 5608//6144
f 4939//6145 4937//6145 5967//6145
f 5967//6073 4937//6073 4936//6073
f 5967//6146 4936//6146 5970//6146
f 5970//6028 4936//6028 4923//6028
f 5970//6146 4923//6146 5971//6146
f 5971//6011 4923//6011 4928//6011
f 5971//6011 4928//6011 5972//6011
f 5972//6105 4928//6105 5973//6105
f 5601//6147 5600//6147 5965//6147
f 5965//6148 5600//6148 5598//6148
f 5965//6107 5598//6107 5974//6107
f 5974//6053 5598//6053 5597//6053
f 5974//6149 5597//6149 5975//6149
f 5975//6150 5597//6150 5588//6150
f 5975//6054 5588//6054 5976//6054
f 5976//6151 5588//6151 5587//6151
f 5976//6152 5587//6152 5969//6152
f 5969//6055 5587//6055 5586//6055
f 5969//6153 5586//6153 5608//6153
f 5977//6071 4781//6071 4862//6071
f 5978//6154 5439//6154 5979//6154
f 5979//6054 5439//6054 5438//6054
f 5979//6107 5438//6107 5980//6107
f 5980//6120 5438//6120 5437//6120
f 5980//6070 5437//6070 5981//6070
f 5981//6070 5437//6070 5436//6070
f 5981//6105 5436//6105 5982//6105
f 5982//6010 5436//6010 5952//6010
f 4781//6109 5977//6109 4782//6109
f 4782//6005 5977//6005 5983//6005
f 4782//6053 5983//6053 4779//6053
f 5968//6155 5608//6155 5984//6155
f 5984//6156 5608//6156 5607//6156
f 5984//6119 5607//6119 5985//6119
f 4779//6157 5983//6157 4791//6157
f 4791//6034 5983//6034 5986//6034
f 4791//6158 5986//6158 5987//6158
f 4858//6010 5963//6010 4859//6010
f 4859//6159 5963//6159 5988//6159
f 4859//6160 5988//6160 4860//6160
f 4860//6045 5988//6045 5989//6045
f 4860//6011 5989//6011 4861//6011
f 4861//6128 5989//6128 5990//6128
f 4861//6128 5990//6128 4862//6128
f 4862//6011 5990//6011 5991//6011
f 4862//6024 5991//6024 5977//6024
f 5343//6161 5341//6161 5992//6161
f 5992//6061 5341//6061 5340//6061
f 5992//6060 5340//6060 5993//6060
f 5993//6108 5340//6108 5337//6108
f 5993//6033 5337//6033 5994//6033
f 5994//6053 5337//6053 5347//6053
f 5994//6053 5347//6053 5995//6053
f 5995//6162 5347//6162 5346//6162
f 5995//6073 5346//6073 5996//6073
f 5996//6011 5346//6011 5345//6011
f 5996//6163 5345//6163 5997//6163
f 5997//6164 5345//6164 5333//6164
f 5997//6165 5333//6165 5998//6165
f 5998//6070 5333//6070 5336//6070
f 5998//6107 5336//6107 5978//6107
f 5978//6166 5336//6166 5335//6166
f 5978//6037 5335//6037 5439//6037
f 5999//6087 4787//6087 6000//6087
f 6000//6107 4787//6107 4786//6107
f 6000//6107 4786//6107 6001//6107
f 6001//6070 4786//6070 4783//6070
f 6001//6049 4783//6049 6002//6049
f 6002//6073 4783//6073 4793//6073
f 6002//6070 4793//6070 5987//6070
f 5987//6167 4793//6167 4792//6167
f 5987//6168 4792//6168 4791//6168
f 5607//6028 5605//6028 5985//6028
f 5985//6108 5605//6108 5603//6108
f 5985//6169 5603//6169 6003//6169
f 6003//6011 5603//6011 6004//6011
f 5343//6088 5992//6088 5400//6088
f 5400//6088 5992//6088 6005//6088
f 5400//6170 6005//6170 6006//6170
f 4928//6010 4927//6010 5973//6010
f 5973//6171 4927//6171 4926//6171
f 5973//6172 4926//6172 6007//6172
f 6007//6173 4926//6173 4922//6173
f 6007//6046 4922//6046 6008//6046
f 6008//6174 4922//6174 4947//6174
f 6008//6175 4947//6175 6009//6175
f 6009//6172 4947//6172 4946//6172
f 6009//6176 4946//6176 6010//6176
f 6010//6089 4946//6089 4944//6089
f 6010//6061 4944//6061 6011//6061
f 6011//6107 4944//6107 4942//6107
f 6011//6040 4942//6040 6012//6040
f 6012//6131 4942//6131 4941//6131
f 6012//6162 4941//6162 6013//6162
f 5603//6083 5602//6083 6004//6083
f 6004//6070 5602//6070 5578//6070
f 6004//6057 5578//6057 6014//6057
f 6014//6120 5578//6120 5583//6120
f 6014//6073 5583//6073 6015//6073
f 6015//6177 5583//6177 5582//6177
f 6015//6052 5582//6052 6016//6052
f 6016//6178 5582//6178 5581//6178
f 6016//6179 5581//6179 6017//6179
f 6018//6177 5352//6177 6019//6177
f 6019//6011 5352//6011 5351//6011
f 6019//6011 5351//6011 6020//6011
f 5351//6049 5350//6049 6020//6049
f 6020//6180 5350//6180 5402//6180
f 6020//6127 5402//6127 6006//6127
f 6006//6054 5402//6054 5401//6054
f 6006//6127 5401//6127 5400//6127
f 4941//6028 4914//6028 6013//6028
f 6013//6011 4914//6011 4919//6011
f 6013//6010 4919//6010 6021//6010
f 6021//6131 4919//6131 6022//6131
f 4919//6107 4918//6107 6022//6107
f 6022//6107 4918//6107 4917//6107
f 6022//6107 4917//6107 6023//6107
f 6024//6181 6025//6181 4797//6181
f 4797//6129 4796//6129 6024//6129
f 6024//6133 4796//6133 4836//6133
f 6024//6053 4836//6053 6026//6053
f 6026//6054 4836//6054 4835//6054
f 6026//6054 4835//6054 6027//6054
f 6027//6083 4835//6083 4834//6083
f 6027//6083 4834//6083 5999//6083
f 5999//6182 4834//6182 4789//6182
f 5999//6183 4789//6183 4787//6183
f 5581//6070 5572//6070 6017//6070
f 6017//6033 5572//6033 5577//6033
f 6017//6120 5577//6120 6028//6120
f 6028//6105 5577//6105 5576//6105
f 6028//6010 5576//6010 6029//6010
f 6029//6152 5576//6152 5575//6152
f 6029//6053 5575//6053 6030//6053
f 6031//6120 5365//6120 6032//6120
f 6032//6053 5365//6053 5364//6053
f 6032//6184 5364//6184 6033//6184
f 6033//6024 5364//6024 5362//6024
f 6033//6024 5362//6024 6018//6024
f 6018//6105 5362//6105 5361//6105
f 6018//6052 5361//6052 5352//6052
f 4917//6120 4908//6120 6023//6120
f 6023//6185 4908//6185 4913//6185
f 6023//6076 4913//6076 6034//6076
f 6034//6107 4913//6107 6035//6107
f 5575//6048 5574//6048 6030//6048
f 6030//6061 5574//6061 5573//6061
f 6030//6010 5573//6010 6036//6010
f 6036//6010 5573//6010 5354//6010
f 6036//6126 5354//6126 6037//6126
f 6037//6032 5354//6032 5356//6032
f 6037//6120 5356//6120 6038//6120
f 6038//6011 5356//6011 5360//6011
f 6038//6105 5360//6105 6039//6105
f 6039//6049 5360//6049 5359//6049
f 6039//6186 5359//6186 6040//6186
f 6040//6070 5359//6070 5358//6070
f 6040//6010 5358//6010 6031//6010
f 6031//6010 5358//6010 5289//6010
f 6031//6052 5289//6052 5365//6052
f 4913//6187 4912//6187 6035//6187
f 6035//6188 4912//6188 4911//6188
f 6035//6010 4911//6010 6041//6010
f 6041//6010 4911//6010 4910//6010
f 6041//6126 4910//6126 6042//6126
f 6042//6189 4910//6189 4909//6189
f 6042//6033 4909//6033 6043//6033
f 6043//6190 4909//6190 4800//6190
f 6043//6047 4800//6047 6044//6047
f 6045//6130 4811//6130 6046//6130
f 6046//6061 4811//6061 4810//6061
f 6046//6191 4810//6191 6047//6191
f 6047//6192 4810//6192 4808//6192
f 6047//6053 4808//6053 6048//6053
f 6048//6157 4808//6157 4807//6157
f 6048//6193 4807//6193 6025//6193
f 6025//6193 4807//6193 4798//6193
f 6025//6181 4798//6181 4797//6181
f 4800//6173 4802//6173 6044//6173
f 6044//6007 4802//6007 4806//6007
f 6044//6048 4806//6048 6049//6048
f 6049//6053 4806//6053 4805//6053
f 6049//6194 4805//6194 6050//6194
f 6050//6195 4805//6195 4804//6195
f 6050//6177 4804//6177 6045//6177
f 6045//6010 4804//6010 4692//6010
f 6045//6196 4692//6196 4811//6196
s 1
f 6051//6197 6052//6198 6053//6199
f 6054//6200 6055//6201 6052//6198
f 6056//6202 6057//6203 6058//6204
f 6059//6205 6060//6206 6061//6207
f 6043//6208 6044//6209 6062//6210
f 6063//6211 6064//6212 6065//6213
f 6066//6214 6067//6215 5943//6216
f 5961//6217 5960//6218 6068//6219
f 6069//6220 6070//6221 6071//6222
f 6072//6223 6073//6224 6074//6225
f 6075//6226 6076//6227 6077//6228
f 6078//6229 6079//6230 6080//6231
f 6080//6231 6079//6230 6081//6232
f 6080//6231 6081//6232 6082//6233
f 6082//6233 6081//6232 6083//6234
f 6082//6233 6083//6234 6084//6235
f 6084//6235 6083//6234 6085//6236
f 6084//6235 6085//6236 6086//6237
f 6086//6237 6085//6236 6087//6238
f 6086//6237 6087//6238 6088//6239
f 6088//6239 6087//6238 6089//6240
f 6088//6239 6089//6240 6090//6241
f 6090//6241 6089//6240 6091//6242
f 6090//6241 6091//6242 6074//6225
f 6074//6225 6091//6242 6071//6222
f 6074//6225 6071//6222 6072//6223
f 6072//6223 6071//6222 6070//6221
f 5929//6243 6092//6244 5928//6245
f 5928//6245 6092//6244 6093//6246
f 6094//6247 5922//6248 6095//6249
f 6095//6249 5922//6248 5923//6250
f 6095//6249 5923//6250 6096//6251
f 5923//6250 5924//6252 6096//6251
f 6096//6251 5924//6252 5925//6253
f 6096//6251 5925//6253 6097//6254
f 6097//6254 5925//6253 5926//6255
f 6097//6254 5926//6255 6093//6246
f 6093//6246 5926//6255 5927//6256
f 6093//6246 5927//6256 5928//6245
f 6079//6230 6067//6215 6081//6232
f 6081//6232 6067//6215 6066//6214
f 6081//6232 6066//6214 6083//6234
f 6083//6234 6066//6214 6098//6257
f 6083//6234 6098//6257 6085//6236
f 6085//6236 6098//6257 6094//6247
f 6085//6236 6094//6247 6087//6238
f 6087//6238 6094//6247 6095//6249
f 6087//6238 6095//6249 6089//6240
f 6089//6240 6095//6249 6096//6251
f 6089//6240 6096//6251 6091//6242
f 6091//6242 6096//6251 6097//6254
f 6091//6242 6097//6254 6071//6222
f 6071//6222 6097//6254 6093//6246
f 6071//6222 6093//6246 6069//6220
f 6069//6220 6093//6246 6092//6244
f 6077//6228 6099//6258 6075//6226
f 6075//6226 6099//6258 6100//6259
f 6075//6226 6100//6259 6101//6260
f 6101//6260 6100//6259 6102//6261
f 6103//6262 5941//6263 5942//6264
f 6104//6265 5919//6266 5947//6267
f 5962//6268 5961//6217 6102//6261
f 6102//6261 5961//6217 6068//6219
f 6102//6261 6068//6219 6101//6260
f 6105//6269 5989//6270 5988//6271
f 6076//6227 6075//6226 6106//6272
f 6106//6272 6075//6226 6101//6260
f 6106//6272 6101//6260 6107//6273
f 6107//6273 6101//6260 6068//6219
f 6107//6273 6068//6219 6104//6265
f 6104//6265 6068//6219 5960//6218
f 6104//6265 5960//6218 5919//6266
f 5943//6216 5944//6274 6066//6214
f 6066//6214 5944//6274 5945//6275
f 6066//6214 5945//6275 6098//6257
f 6098//6257 5945//6275 5920//6276
f 6098//6257 5920//6276 6094//6247
f 6094//6247 5920//6276 5921//6277
f 6094//6247 5921//6277 5922//6248
f 6065//6213 6064//6212 6108//6278
f 6108//6278 6064//6212 6109//6279
f 6108//6278 6109//6279 6110//6280
f 6110//6280 6109//6279 6111//6281
f 6110//6280 6111//6281 6112//6282
f 6112//6282 6111//6281 6113//6283
f 6112//6282 6113//6283 6114//6284
f 6114//6284 6113//6283 6115//6285
f 6114//6284 6115//6285 6116//6286
f 6116//6286 6115//6285 6117//6287
f 6116//6286 6117//6287 6118//6288
f 6118//6288 6117//6287 6119//6289
f 6118//6288 6119//6289 6120//6290
f 6120//6290 6119//6289 6121//6291
f 6120//6290 6121//6291 6122//6292
f 6122//6292 6121//6291 6123//6293
f 6122//6292 6123//6293 6124//6294
f 6125//6295 6123//6293 6126//6296
f 6126//6296 6123//6293 6121//6291
f 6126//6296 6121//6291 6127//6297
f 6127//6297 6121//6291 6119//6289
f 6127//6297 6119//6289 6128//6298
f 6128//6298 6119//6289 6117//6287
f 6128//6298 6117//6287 6129//6299
f 6129//6299 6117//6287 6115//6285
f 6129//6299 6115//6285 6130//6300
f 6130//6300 6115//6285 6113//6283
f 6130//6300 6113//6283 6131//6301
f 6131//6301 6113//6283 6111//6281
f 6131//6301 6111//6281 6132//6302
f 6132//6302 6111//6281 6109//6279
f 6132//6302 6109//6279 6133//6303
f 6133//6303 6109//6279 6064//6212
f 6133//6303 6064//6212 6134//6304
f 6134//6304 6064//6212 6063//6211
f 6134//6304 6063//6211 6135//6305
f 5990//6306 6136//6307 5991//6308
f 5991//6308 6136//6307 6137//6309
f 6138//6310 5986//6311 6139//6312
f 6139//6312 5986//6311 5983//6313
f 6139//6312 5983//6313 6137//6309
f 6137//6309 5983//6313 5977//6314
f 6137//6309 5977//6314 5991//6308
f 6140//6315 6027//6316 6141//6317
f 6141//6317 6027//6316 5999//6318
f 6141//6317 5999//6318 6142//6319
f 5999//6318 6000//6320 6142//6319
f 6142//6319 6000//6320 6001//6321
f 6142//6319 6001//6321 6143//6322
f 6143//6322 6001//6321 6002//6323
f 6143//6322 6002//6323 6138//6310
f 6138//6310 6002//6323 5987//6324
f 6138//6310 5987//6324 5986//6311
f 6136//6307 6125//6295 6137//6309
f 6137//6309 6125//6295 6126//6296
f 6137//6309 6126//6296 6139//6312
f 6139//6312 6126//6296 6127//6297
f 6139//6312 6127//6297 6138//6310
f 6138//6310 6127//6297 6128//6298
f 6138//6310 6128//6298 6143//6322
f 6143//6322 6128//6298 6129//6299
f 6143//6322 6129//6299 6142//6319
f 6142//6319 6129//6299 6130//6300
f 6142//6319 6130//6300 6141//6317
f 6141//6317 6130//6300 6131//6301
f 6141//6317 6131//6301 6140//6315
f 6140//6315 6131//6301 6132//6302
f 6140//6315 6132//6302 6144//6325
f 6144//6325 6132//6302 6133//6303
f 6144//6325 6133//6303 6145//6326
f 6145//6326 6133//6303 6134//6304
f 6145//6326 6134//6304 6146//6327
f 6146//6327 6134//6304 6135//6305
f 6146//6327 6135//6305 6147//6328
f 6049//6329 6050//6330 6148//6331
f 6148//6331 6050//6330 6149//6332
f 6148//6331 6149//6332 6150//6333
f 6150//6333 6149//6332 6151//6334
f 6150//6333 6151//6334 6152//6335
f 6152//6335 6151//6334 6153//6336
f 6152//6335 6153//6336 6154//6337
f 6154//6337 6153//6336 6155//6338
f 6042//6339 6043//6208 6156//6340
f 6156//6340 6043//6208 6062//6210
f 6156//6340 6062//6210 6157//6341
f 6157//6341 6062//6210 6158//6342
f 6157//6341 6158//6342 6159//6343
f 6159//6343 6158//6342 6160//6344
f 6159//6343 6160//6344 6161//6345
f 6161//6345 6160//6344 6162//6346
f 6154//6337 6162//6346 6152//6335
f 6152//6335 6162//6346 6160//6344
f 6152//6335 6160//6344 6150//6333
f 6150//6333 6160//6344 6158//6342
f 6150//6333 6158//6342 6148//6331
f 6148//6331 6158//6342 6062//6210
f 6148//6331 6062//6210 6049//6329
f 6049//6329 6062//6210 6044//6209
f 6050//6330 6045//6347 6149//6332
f 6149//6332 6045//6347 6147//6328
f 6149//6332 6147//6328 6151//6334
f 6151//6334 6147//6328 6135//6305
f 6151//6334 6135//6305 6153//6336
f 6153//6336 6135//6305 6063//6211
f 6153//6336 6063//6211 6155//6338
f 6155//6338 6063//6211 6065//6213
f 6045//6347 6046//6348 6147//6328
f 6147//6328 6046//6348 6047//6349
f 6147//6328 6047//6349 6146//6327
f 6146//6327 6047//6349 6048//6350
f 6146//6327 6048//6350 6145//6326
f 6145//6326 6048//6350 6025//6351
f 6145//6326 6025//6351 6144//6325
f 6144//6325 6025//6351 6024//6352
f 6144//6325 6024//6352 6140//6315
f 6140//6315 6024//6352 6026//6353
f 6140//6315 6026//6353 6027//6316
f 6124//6294 6123//6293 6163//6354
f 6163//6354 6123//6293 6125//6295
f 6163//6354 6125//6295 6164//6355
f 6164//6355 6125//6295 6136//6307
f 6164//6355 6136//6307 6105//6269
f 6105//6269 6136//6307 5990//6306
f 6105//6269 5990//6306 5989//6270
f 6165//6356 6059//6205 6166//6357
f 6166//6357 6059//6205 6061//6207
f 6166//6357 6061//6207 6167//6358
f 6167//6358 6061//6207 6168//6359
f 6167//6358 6168//6359 6169//6360
f 6169//6360 6168//6359 6170//6361
f 6169//6360 6170//6361 6171//6362
f 6171//6362 6170//6361 6172//6363
f 6171//6362 6172//6363 6173//6364
f 6173//6364 6172//6363 6174//6365
f 6173//6364 6174//6365 6175//6366
f 6175//6366 6174//6365 6176//6367
f 6175//6366 6176//6367 6177//6368
f 6177//6368 6176//6367 6178//6369
f 6177//6368 6178//6369 6179//6370
f 6179//6370 6178//6369 6180//6371
f 6179//6370 6180//6371 6181//6372
f 6181//6372 6180//6371 6182//6373
f 6181//6372 6182//6373 6183//6374
f 6183//6374 6182//6373 6184//6375
f 6183//6374 6184//6375 6185//6376
f 6185//6376 6184//6375 6186//6377
f 6185//6376 6186//6377 6187//6378
f 6187//6378 6186//6377 6188//6379
f 6187//6378 6188//6379 6189//6380
f 6189//6380 6188//6379 6190//6381
f 6189//6380 6190//6381 6191//6382
f 6191//6382 6190//6381 6192//6383
f 6191//6382 6192//6383 6193//6384
f 6193//6384 6192//6383 6194//6385
f 6193//6384 6194//6385 6195//6386
f 6195//6386 6194//6385 6196//6387
f 6195//6386 6196//6387 6197//6388
f 6197//6388 6196//6387 6198//6389
f 6197//6388 6198//6389 6199//6390
f 6199//6390 6198//6389 6200//6391
f 6199//6390 6200//6391 6201//6392
f 6201//6392 6200//6391 6202//6393
f 6201//6392 6202//6393 6203//6394
f 6203//6394 6202//6393 6204//6395
f 6203//6394 6204//6395 6205//6396
f 6205//6396 6204//6395 6206//6397
f 6205//6396 6206//6397 6207//6398
f 6207//6398 6206//6397 6208//6399
f 6207//6398 6208//6399 6209//6400
f 6209//6400 6208//6399 6210//6401
f 6209//6400 6210//6401 6211//6402
f 6211//6402 6210//6401 6212//6403
f 6211//6402 6212//6403 6213//6404
f 6213//6404 6212//6403 6214//6405
f 6213//6404 6214//6405 6215//6406
f 6215//6406 6214//6405 6216//6407
f 6215//6406 6216//6407 6217//6408
f 6217//6408 6216//6407 6218//6409
f 6217//6408 6218//6409 6219//6410
f 6219//6410 6218//6409 6220//6411
f 6219//6410 6220//6411 6221//6412
f 6221//6412 6220//6411 6222//6413
f 6221//6412 6222//6413 6223//6414
f 6223//6414 6222//6413 6224//6415
f 6223//6414 6224//6415 6225//6416
f 6225//6416 6224//6415 6226//6417
f 6225//6416 6226//6417 6227//6418
f 6227//6418 6226//6417 6228//6419
f 6227//6418 6228//6419 6229//6420
f 6229//6420 6228//6419 6230//6421
f 6229//6420 6230//6421 6231//6422
f 6231//6422 6230//6421 6232//6423
f 6231//6422 6232//6423 6233//6424
f 6041//6425 6234//6426 6035//6427
f 6035//6427 6234//6426 6235//6428
f 6035//6427 6235//6428 6034//6429
f 6034//6429 6235//6428 6236//6430
f 6237//6431 6011//6432 6238//6433
f 6238//6433 6011//6432 6012//6434
f 6238//6433 6012//6434 6239//6435
f 6012//6434 6013//6436 6239//6435
f 6239//6435 6013//6436 6021//6437
f 6239//6435 6021//6437 6240//6438
f 6240//6438 6021//6437 6022//6439
f 6240//6438 6022//6439 6236//6430
f 6236//6430 6022//6439 6023//6440
f 6236//6430 6023//6440 6034//6429
f 6241//6441 5972//6442 6242//6443
f 6242//6443 5972//6442 5973//6444
f 6242//6443 5973//6444 6243//6445
f 6244//6446 5957//6447 6245//6448
f 6245//6448 5957//6447 5958//6449
f 6245//6448 5958//6449 6246//6450
f 5958//6449 5966//6451 6246//6450
f 6246//6450 5966//6451 5967//6452
f 6246//6450 5967//6452 6247//6453
f 6247//6453 5967//6452 5970//6454
f 6247//6453 5970//6454 6241//6441
f 6241//6441 5970//6454 5971//6455
f 6241//6441 5971//6455 5972//6442
f 5973//6444 6007//6456 6243//6445
f 6243//6445 6007//6456 6008//6457
f 6243//6445 6008//6457 6248//6458
f 6248//6458 6008//6457 6009//6459
f 6248//6458 6009//6459 6237//6431
f 6237//6431 6009//6459 6010//6460
f 6237//6431 6010//6460 6011//6432
f 6249//6461 5917//6462 6250//6463
f 6250//6463 5917//6462 5918//6464
f 6250//6463 5918//6464 6251//6465
f 5918//6464 5934//6466 6251//6465
f 6251//6465 5934//6466 5935//6467
f 6251//6465 5935//6467 6252//6468
f 6252//6468 5935//6467 5936//6469
f 6252//6468 5936//6469 6253//6470
f 6254//6471 5885//6472 6255//6473
f 6255//6473 5885//6472 5886//6474
f 6255//6473 5886//6474 6256//6475
f 6257//6476 5874//6477 6258//6478
f 6258//6478 5874//6477 5875//6479
f 6258//6478 5875//6479 6254//6471
f 6254//6471 5875//6479 5884//6480
f 6254//6471 5884//6480 5885//6472
f 5886//6474 5906//6481 6256//6475
f 6256//6475 5906//6481 5907//6482
f 6256//6475 5907//6482 6259//6483
f 6259//6483 5907//6482 5915//6484
f 6259//6483 5915//6484 6249//6461
f 6249//6461 5915//6484 5916//6485
f 6249//6461 5916//6485 5917//6462
f 6260//6486 6261//6487 6262//6488
f 6262//6488 6261//6487 6263//6489
f 6262//6488 6263//6489 6264//6490
f 6264//6490 6263//6489 6265//6491
f 6264//6490 6265//6491 6266//6492
f 6266//6492 6265//6491 6267//6493
f 6266//6492 6267//6493 6268//6494
f 6268//6494 6267//6493 6257//6476
f 6268//6494 6257//6476 6269//6495
f 6269//6495 6257//6476 6258//6478
f 6269//6495 6258//6478 6270//6496
f 6270//6496 6258//6478 6254//6471
f 6270//6496 6254//6471 6271//6497
f 6271//6497 6254//6471 6255//6473
f 6271//6497 6255//6473 6272//6498
f 6272//6498 6255//6473 6256//6475
f 6272//6498 6256//6475 6273//6499
f 6273//6499 6256//6475 6259//6483
f 6273//6499 6259//6483 6274//6500
f 6274//6500 6259//6483 6249//6461
f 6274//6500 6249//6461 6275//6501
f 6275//6501 6249//6461 6250//6463
f 6275//6501 6250//6463 6276//6502
f 6276//6502 6250//6463 6251//6465
f 6276//6502 6251//6465 6277//6503
f 6277//6503 6251//6465 6252//6468
f 6277//6503 6252//6468 6278//6504
f 6278//6504 6252//6468 6253//6470
f 6278//6504 6253//6470 6279//6505
f 6279//6505 6253//6470 6280//6506
f 6279//6505 6280//6506 6281//6507
f 6281//6507 6280//6506 6282//6508
f 6281//6507 6282//6508 6283//6509
f 6283//6509 6282//6508 6284//6510
f 6283//6509 6284//6510 6285//6511
f 6285//6511 6284//6510 6244//6446
f 6285//6511 6244//6446 6286//6512
f 6286//6512 6244//6446 6245//6448
f 6286//6512 6245//6448 6287//6513
f 6287//6513 6245//6448 6246//6450
f 6287//6513 6246//6450 6288//6514
f 6288//6514 6246//6450 6247//6453
f 6288//6514 6247//6453 6289//6515
f 6289//6515 6247//6453 6241//6441
f 6289//6515 6241//6441 6290//6516
f 6290//6516 6241//6441 6242//6443
f 6290//6516 6242//6443 6291//6517
f 6291//6517 6242//6443 6243//6445
f 6291//6517 6243//6445 6292//6518
f 6292//6518 6243//6445 6248//6458
f 6292//6518 6248//6458 6293//6519
f 6293//6519 6248//6458 6237//6431
f 6293//6519 6237//6431 6294//6520
f 6294//6520 6237//6431 6238//6433
f 6294//6520 6238//6433 6295//6521
f 6295//6521 6238//6433 6239//6435
f 6295//6521 6239//6435 6296//6522
f 6296//6522 6239//6435 6240//6438
f 6296//6522 6240//6438 6297//6523
f 6297//6523 6240//6438 6236//6430
f 6297//6523 6236//6430 6298//6524
f 6298//6524 6236//6430 6235//6428
f 6298//6524 6235//6428 6299//6525
f 6299//6525 6235//6428 6234//6426
f 6299//6525 6234//6426 6300//6526
f 5936//6469 5946//6527 6253//6470
f 6253//6470 5946//6527 5937//6528
f 6253//6470 5937//6528 6280//6506
f 6280//6506 5937//6528 5938//6529
f 6280//6506 5938//6529 6282//6508
f 6282//6508 5938//6529 5939//6530
f 6282//6508 5939//6530 6284//6510
f 6284//6510 5939//6530 5940//6531
f 6284//6510 5940//6531 6244//6446
f 6244//6446 5940//6531 5956//6532
f 6244//6446 5956//6532 5957//6447
f 6060//6206 6260//6486 6061//6207
f 6061//6207 6260//6486 6262//6488
f 6061//6207 6262//6488 6168//6359
f 6168//6359 6262//6488 6264//6490
f 6168//6359 6264//6490 6170//6361
f 6170//6361 6264//6490 6266//6492
f 6170//6361 6266//6492 6172//6363
f 6172//6363 6266//6492 6268//6494
f 6172//6363 6268//6494 6174//6365
f 6174//6365 6268//6494 6269//6495
f 6174//6365 6269//6495 6176//6367
f 6176//6367 6269//6495 6270//6496
f 6176//6367 6270//6496 6178//6369
f 6178//6369 6270//6496 6271//6497
f 6178//6369 6271//6497 6180//6371
f 6180//6371 6271//6497 6272//6498
f 6180//6371 6272//6498 6182//6373
f 6182//6373 6272//6498 6273//6499
f 6182//6373 6273//6499 6184//6375
f 6184//6375 6273//6499 6274//6500
f 6184//6375 6274//6500 6186//6377
f 6186//6377 6274//6500 6275//6501
f 6186//6377 6275//6501 6188//6379
f 6188//6379 6275//6501 6276//6502
f 6188//6379 6276//6502 6190//6381
f 6190//6381 6276//6502 6277//6503
f 6190//6381 6277//6503 6192//6383
f 6192//6383 6277//6503 6278//6504
f 6192//6383 6278//6504 6194//6385
f 6194//6385 6278//6504 6279//6505
f 6194//6385 6279//6505 6196//6387
f 6196//6387 6279//6505 6281//6507
f 6196//6387 6281//6507 6198//6389
f 6198//6389 6281//6507 6283//6509
f 6198//6389 6283//6509 6200//6391
f 6200//6391 6283//6509 6285//6511
f 6200//6391 6285//6511 6202//6393
f 6202//6393 6285//6511 6286//6512
f 6202//6393 6286//6512 6204//6395
f 6204//6395 6286//6512 6287//6513
f 6204//6395 6287//6513 6206//6397
f 6206//6397 6287//6513 6288//6514
f 6206//6397 6288//6514 6208//6399
f 6208//6399 6288//6514 6289//6515
f 6208//6399 6289//6515 6210//6401
f 6210//6401 6289//6515 6290//6516
f 6210//6401 6290//6516 6212//6403
f 6212//6403 6290//6516 6291//6517
f 6212//6403 6291//6517 6214//6405
f 6214//6405 6291//6517 6292//6518
f 6214//6405 6292//6518 6216//6407
f 6216//6407 6292//6518 6293//6519
f 6216//6407 6293//6519 6218//6409
f 6218//6409 6293//6519 6294//6520
f 6218//6409 6294//6520 6220//6411
f 6220//6411 6294//6520 6295//6521
f 6220//6411 6295//6521 6222//6413
f 6222//6413 6295//6521 6296//6522
f 6222//6413 6296//6522 6224//6415
f 6224//6415 6296//6522 6297//6523
f 6224//6415 6297//6523 6226//6417
f 6226//6417 6297//6523 6298//6524
f 6226//6417 6298//6524 6228//6419
f 6228//6419 6298//6524 6299//6525
f 6228//6419 6299//6525 6230//6421
f 6230//6421 6299//6525 6300//6526
f 6230//6421 6300//6526 6232//6423
f 6301//6533 6302//6534 6303//6535
f 6303//6535 7876//6536 6304//6537
f 6301//6533 6305//6538 6302//6534
f 6302//6534 6305//6538 7877//6539
f 7876//6536 6306//6540 7909//6541
f 6308//6542 6309//6543 6310//6544
f 6310//6544 6309//6543 6311//6545
f 6312//6546 6313//6547 6310//6544
f 6310//6544 6313//6547 6314//6548
f 6310//6544 6314//6548 6308//6542
f 6315//6549 6316//6550 6317//6551
f 7877//6539 6318//6552 6307//6553
f 6307//6553 6318//6552 6319//6554
f 7909//6541 6319//6554 6317//6551
f 6317//6551 6319//6554 6320//6555
f 6317//6551 6320//6555 6315//6549
f 6315//6549 6321//6556 6316//6550
f 6316//6550 6321//6556 6322//6557
f 6316//6550 6322//6557 6312//6546
f 6312//6546 6322//6557 6323//6558
f 6312//6546 6323//6558 6313//6547
f 6309//6543 6324//6559 6311//6545
f 6311//6545 6324//6559 6325//6560
f 6311//6545 6325//6560 6326//6561
f 6327//6562 6328//6563 8020//6564
f 6329//6565 8025//6566 6326//6561
f 8020//6564 6326//6561 6330//6567
f 6330//6567 6326//6561 6325//6560
f 6331//6568 6332//6569 8032//6570
f 6327//6562 6334//6571 6328//6563
f 6328//6563 6334//6571 8036//6572
f 8025//6566 6335//6573 8032//6570
f 6333//6574 8036//6572 6336//6575
f 6333//6574 6336//6575 6331//6568
f 6337//6576 6338//6577 6339//6578
f 6339//6578 6338//6577 6340//6579
f 6340//6579 6341//6580 6339//6578
f 6339//6578 6341//6580 6342//6581
f 6339//6578 6342//6581 6343//6582
f 6331//6568 6344//6583 6332//6569
f 6332//6569 6344//6583 6345//6584
f 6332//6569 6345//6584 6337//6576
f 6337//6576 6345//6584 6346//6585
f 6337//6576 6346//6585 6338//6577
f 7938//6586 6348//6587 7939//6588
f 6342//6581 6350//6589 6343//6582
f 6343//6582 6350//6589 7955//6590
f 7943//6591 6351//6592 7939//6588
f 6349//6593 7955//6590 6352//6594
f 6349//6593 6352//6594 6347//6595
f 6347//6595 6353//6596 6348//6587
f 6348//6587 6353//6596 7573//6597
f 6348//6587 7573//6597 7545//6598
f 6356//6599 7547//6600 6358//6601
f 6358//6601 7547//6600 6359//6602
s 0
f 6354//6603 7567//6603 6355//6603
s 1
f 7546//6604 6360//6605 6361//6606
f 7546//6604 6361//6606 6357//6607
f 7547//6600 6361//6606 6362//6608
f 7547//6600 6362//6608 6359//6602
f 6363//6609 6364//6610 6365//6611
f 6365//6611 7738//6612 6366//6613
f 6363//6609 6367//6614 6364//6610
f 6364//6610 6367//6614 7739//6615
f 7738//6612 6368//6616 7773//6617
f 6358//6601 6370//6618 6356//6599
f 6356//6599 6370//6618 6371//6619
f 6356//6599 6371//6619 6366//6613
f 6366//6613 6371//6619 6372//6620
f 6366//6613 6372//6620 6365//6611
f 6373//6621 6374//6622 7752//6623
f 7739//6615 6376//6624 6369//6625
f 6369//6625 6376//6624 7753//6626
f 7773//6617 6377//6627 7752//6623
f 6375//6628 7753//6626 6378//6629
f 6375//6628 6378//6629 6373//6621
f 6373//6621 6379//6630 6374//6622
f 6374//6622 6379//6630 6380//6631
f 6374//6622 6380//6631 6381//6632
f 6382//6633 6383//6634 6384//6635
f 6384//6635 6383//6634 6385//6636
f 6380//6631 6386//6637 6381//6632
f 6381//6632 6386//6637 6387//6638
f 6381//6632 6387//6638 6384//6635
f 6384//6635 6387//6638 6388//6639
f 6384//6635 6388//6639 6382//6633
f 6389//6640 7503//6641 8076//6642
f 6391//6643 6390//6644 6392//6645
f 6393//6646 6394//6647 7544//6648
f 6389//6640 6396//6649 7503//6641
f 7503//6641 6396//6649 7504//6650
f 6390//6644 6397//6651 7544//6648
f 6395//6652 7504//6650 6398//6653
f 6395//6652 6398//6653 6393//6646
f 6383//6634 6399//6654 6385//6636
f 6385//6636 6399//6654 7450//6655
f 6385//6636 6400//6656 6392//6645
f 7552//6657 7450//6655 6401//6658
f 7552//6657 6401//6658 8076//6642
f 6402//6659 6403//6660 6404//6661
f 6404//6661 6403//6660 6394//6647
f 6404//6661 6394//6647 6405//6662
f 6405//6662 6394//6647 6393//6646
f 6406//6663 7443//6664 6408//6665
f 6409//6666 6406//6663 6410//6667
f 6410//6667 6406//6663 6408//6665
f 6410//6667 6408//6665 6411//6668
f 6407//6669 6412//6670 6408//6665
f 6408//6665 6412//6670 6413//6671
f 6408//6665 6413//6671 6414//6672
f 6414//6672 6413//6671 6415//6673
f 6414//6672 6415//6673 6416//6674
f 6416//6674 6415//6673 6417//6675
f 6418//6676 6419//6677 6420//6678
f 6420//6678 6419//6677 6421//6679
f 6422//6680 6423//6681 6424//6682
f 6418//6676 6425//6683 6419//6677
f 6419//6677 6425//6683 6426//6684
f 6419//6677 6426//6684 6423//6681
f 6423//6681 6426//6684 6427//6685
f 6423//6681 6427//6685 6424//6682
f 6417//6675 6428//6686 6416//6674
f 6416//6674 6428//6686 6429//6687
f 6416//6674 6429//6687 6421//6679
f 6421//6679 6429//6687 6430//6688
f 6421//6679 6430//6688 6420//6678
f 6431//6689 6432//6690 6433//6691
f 6433//6691 6432//6690 6434//6692
f 6433//6691 6434//6692 6435//6693
f 6435//6693 6434//6692 6436//6694
f 6435//6693 6436//6694 6437//6695
f 6438//6696 6439//6697 6440//6698
f 6440//6698 6439//6697 6441//6699
f 6438//6696 6442//6700 6439//6697
f 6439//6697 6442//6700 6443//6701
f 6439//6697 6443//6701 6444//6702
f 6431//6689 6445//6703 6432//6690
f 6432//6690 6445//6703 6446//6704
f 6432//6690 6446//6704 6447//6705
f 6447//6705 6446//6704 6448//6706
f 6447//6705 6448//6706 6441//6699
f 6441//6699 6448//6706 6449//6707
f 6441//6699 6449//6707 6440//6698
f 6424//6682 6450//6708 6422//6680
f 6422//6680 6450//6708 6451//6709
f 6422//6680 6451//6709 6436//6694
f 6436//6694 6451//6709 6452//6710
f 6436//6694 6452//6710 6437//6695
f 6453//6711 7647//6712 6455//6713
f 6443//6701 6456//6714 6444//6702
f 6444//6702 6456//6714 7447//6715
f 6444//6702 6457//6716 6455//6713
f 6455//6713 7447//6715 6458//6717
f 6455//6713 6458//6717 6453//6711
f 6453//6711 7648//6718 7647//6712
f 6454//6719 6459//6720 6460//6721
f 6454//6719 6460//6721 7790//6722
f 6462//6723 6463//6724 6464//6725
f 6462//6723 6464//6725 6465//6726
f 6460//6721 6466//6727 7790//6722
f 7790//6722 6466//6727 6467//6728
f 7790//6722 6467//6728 6462//6723
f 6462//6723 6467//6728 6468//6729
f 6462//6723 6468//6729 6463//6724
f 6469//6730 6470//6731 6471//6732
f 6471//6732 6470//6731 6472//6733
f 6473//6734 6474//6735 6475//6736
f 6469//6730 6476//6737 6470//6731
f 6470//6731 6476//6737 6477//6738
f 6470//6731 6477//6738 6475//6736
f 6475//6736 6477//6738 6478//6739
f 6475//6736 6478//6739 6473//6734
f 6464//6725 6479//6740 6465//6726
f 6465//6726 6479//6740 6480//6741
f 6465//6726 6480//6741 6472//6733
f 6472//6733 6480//6741 6481//6742
f 6472//6733 6481//6742 6471//6732
f 7654//6743 6483//6744 6484//6745
f 6484//6745 6483//6744 6485//6746
f 6486//6747 6487//6748 6488//6749
f 6485//6746 6489//6750 6484//6745
f 6484//6745 6489//6750 6490//6751
f 6484//6745 6490//6751 6487//6748
f 6487//6748 6490//6751 6491//6752
f 6487//6748 6491//6752 6488//6749
f 7999//6753 8009//6754 8006//6755
f 6494//6756 6493//6757 6495//6758
f 6496//6759 6497//6760 6498//6761
f 6494//6756 6499//6762 6492//6763
f 6492//6763 6499//6762 6500//6764
f 7999//6753 6500//6764 6498//6761
f 6498//6761 6500//6764 6501//6765
f 6498//6761 6501//6765 6496//6759
f 6488//6749 6502//6766 6486//6747
f 6486//6747 6502//6766 7993//6767
f 6486//6747 6503//6768 8009//6754
f 6493//6757 7993//6767 6504//6769
f 6493//6757 6504//6769 6495//6758
f 6473//6734 6505//6770 6474//6735
f 6474//6735 6505//6770 6506//6771
f 6474//6735 6506//6771 7654//6743
f 7654//6743 6506//6771 6507//6772
f 7654//6743 6507//6772 6483//6744
f 6496//6759 6508//6773 6497//6760
f 6497//6760 6508//6773 6509//6774
f 6497//6760 6509//6774 6304//6537
f 6304//6537 6509//6774 6510//6775
f 6304//6537 6510//6775 6303//6535
f 6511//6776 6512//6777 6513//6778
f 6513//6778 6512//6777 6514//6779
f 6513//6778 6514//6779 6515//6780
f 6515//6780 6514//6779 6516//6781
f 6515//6780 6516//6781 6517//6782
f 6517//6782 6516//6781 6518//6783
f 6517//6782 6518//6783 6519//6784
f 6519//6784 6518//6783 6520//6785
f 6519//6784 6520//6785 6521//6786
f 6521//6786 6520//6785 6522//6787
f 6521//6786 6522//6787 6523//6788
f 6523//6788 6522//6787 6524//6789
f 6523//6788 6524//6789 6525//6790
f 6525//6790 6524//6789 6526//6791
f 6525//6790 6526//6791 6527//6792
f 6527//6792 6526//6791 6528//6793
f 6527//6792 6528//6793 6529//6794
f 6529//6794 6528//6793 6530//6795
f 6529//6794 6530//6795 6531//6796
f 6512//6777 6532//6797 6514//6779
f 6514//6779 6532//6797 6533//6798
f 6514//6779 6533//6798 6516//6781
f 6516//6781 6533//6798 6534//6799
f 6516//6781 6534//6799 6518//6783
f 6518//6783 6534//6799 6535//6800
f 6518//6783 6535//6800 6520//6785
f 6520//6785 6535//6800 6536//6801
f 6520//6785 6536//6801 6522//6787
f 6522//6787 6536//6801 6537//6802
f 6522//6787 6537//6802 6524//6789
f 6524//6789 6537//6802 6538//6803
f 6524//6789 6538//6803 6526//6791
f 6526//6791 6538//6803 6539//6804
f 6526//6791 6539//6804 6528//6793
f 6528//6793 6539//6804 6540//6805
f 6528//6793 6540//6805 6530//6795
f 6511//6776 6541//6806 6512//6777
f 6512//6777 6541//6806 6542//6807
f 6512//6777 6542//6807 6532//6797
f 6532//6797 6542//6807 6543//6808
f 6532//6797 6543//6808 6533//6798
f 6533//6798 6543//6808 6544//6809
f 6533//6798 6544//6809 6534//6799
f 6534//6799 6544//6809 6545//6810
f 6534//6799 6545//6810 6535//6800
f 6535//6800 6545//6810 6546//6811
f 6535//6800 6546//6811 6536//6801
f 6536//6801 6546//6811 6547//6812
f 6536//6801 6547//6812 6537//6802
f 6537//6802 6547//6812 6548//6813
f 6537//6802 6548//6813 6538//6803
f 6538//6803 6548//6813 6549//6814
f 6538//6803 6549//6814 6539//6804
f 6539//6804 6549//6814 6550//6815
f 6539//6804 6550//6815 6540//6805
f 6540//6805 6550//6815 6551//6816
f 6073//6224 6552//6817 6074//6225
f 6074//6225 6552//6817 6553//6818
f 6074//6225 6553//6818 6090//6241
f 6090//6241 6553//6818 6554//6819
f 6090//6241 6554//6819 6088//6239
f 6088//6239 6554//6819 6555//6820
f 6088//6239 6555//6820 6086//6237
f 6086//6237 6555//6820 6556//6821
f 6086//6237 6556//6821 6084//6235
f 6084//6235 6556//6821 6557//6822
f 6084//6235 6557//6822 6082//6233
f 6082//6233 6557//6822 6558//6823
f 6082//6233 6558//6823 6080//6231
f 6080//6231 6558//6823 6559//6824
f 6080//6231 6559//6824 6078//6229
f 6078//6229 6559//6824 6560//6825
f 6078//6229 6560//6825 6561//6826
f 6561//6826 6560//6825 6562//6827
f 6561//6826 6562//6827 6563//6828
f 6563//6828 6562//6827 6564//6829
f 6563//6828 6564//6829 6565//6830
f 6565//6830 6564//6829 6566//6831
f 6565//6830 6566//6831 6055//6201
f 6052//6198 6051//6197 6054//6200
f 6054//6200 6051//6197 6567//6832
f 6054//6200 6567//6832 6568//6833
f 6568//6833 6567//6832 6569//6834
f 6568//6833 6569//6834 6570//6835
f 6570//6835 6569//6834 6571//6836
f 6570//6835 6571//6836 6572//6837
f 6572//6837 6571//6836 6573//6838
f 6572//6837 6573//6838 6574//6839
f 6574//6839 6573//6838 6575//6840
f 6574//6839 6575//6840 6103//6262
f 6103//6262 6575//6840 5948//6841
f 6103//6262 5948//6841 5941//6263
f 6053//6199 6576//6842 6577//6843
f 6577//6843 6576//6842 6578//6844
f 6577//6843 6578//6844 6077//6228
f 6077//6228 6578//6844 6579//6845
f 6077//6228 6579//6845 6099//6258
f 6099//6258 6579//6845 6580//6846
f 6099//6258 6580//6846 6100//6259
f 6100//6259 6580//6846 6581//6847
f 6100//6259 6581//6847 6102//6261
f 6102//6261 6581//6847 5963//6848
f 6102//6261 5963//6848 5962//6268
f 6053//6199 6577//6843 6051//6197
f 6051//6197 6577//6843 6077//6228
f 6051//6197 6077//6228 6567//6832
f 6567//6832 6077//6228 6076//6227
f 6567//6832 6076//6227 6569//6834
f 6569//6834 6076//6227 6106//6272
f 6569//6834 6106//6272 6571//6836
f 6571//6836 6106//6272 6107//6273
f 6571//6836 6107//6273 6573//6838
f 6573//6838 6107//6273 6104//6265
f 6573//6838 6104//6265 6575//6840
f 6575//6840 6104//6265 5947//6267
f 6575//6840 5947//6267 5948//6841
f 6055//6201 6054//6200 6565//6830
f 6565//6830 6054//6200 6568//6833
f 6565//6830 6568//6833 6563//6828
f 6563//6828 6568//6833 6570//6835
f 6563//6828 6570//6835 6561//6826
f 6561//6826 6570//6835 6572//6837
f 6561//6826 6572//6837 6078//6229
f 6078//6229 6572//6837 6574//6839
f 6078//6229 6574//6839 6079//6230
f 6079//6230 6574//6839 6103//6262
f 6079//6230 6103//6262 6067//6215
f 6067//6215 6103//6262 5942//6264
f 6067//6215 5942//6264 5943//6216
f 6511//6776 6582//6849 6541//6806
f 6541//6806 6582//6849 6583//6850
f 6541//6806 6583//6850 6542//6807
f 6542//6807 6583//6850 6584//6851
f 6542//6807 6584//6851 6543//6808
f 6543//6808 6584//6851 6585//6852
f 6543//6808 6585//6852 6544//6809
f 6544//6809 6585//6852 6586//6853
f 6544//6809 6586//6853 6545//6810
f 6545//6810 6586//6853 6587//6854
f 6545//6810 6587//6854 6546//6811
f 6546//6811 6587//6854 6588//6855
f 6546//6811 6588//6855 6547//6812
f 6547//6812 6588//6855 6589//6856
f 6547//6812 6589//6856 6548//6813
f 6548//6813 6589//6856 6590//6857
f 6548//6813 6590//6857 6549//6814
f 6549//6814 6590//6857 6591//6858
f 6549//6814 6591//6858 6550//6815
f 6550//6815 6591//6858 6592//6859
f 6550//6815 6592//6859 6551//6816
f 6551//6816 6592//6859 6593//6860
f 6057//6203 6594//6861 6058//6204
f 6058//6204 6594//6861 6595//6862
f 6058//6204 6595//6862 6596//6863
f 6596//6863 6595//6862 6597//6864
f 6596//6863 6597//6864 6598//6865
f 6598//6865 6597//6864 6599//6866
f 6598//6865 6599//6866 6600//6867
f 6600//6867 6599//6866 6601//6868
f 6600//6867 6601//6868 6602//6869
f 6602//6869 6601//6868 6603//6870
f 6602//6869 6603//6870 6604//6871
f 6604//6871 6603//6870 6605//6872
f 6604//6871 6605//6872 6606//6873
f 6606//6873 6605//6872 6607//6874
f 6606//6873 6607//6874 6608//6875
f 6608//6875 6607//6874 6609//6876
f 6608//6875 6609//6876 6610//6877
f 6610//6877 6609//6876 6611//6878
f 6610//6877 6611//6878 6612//6879
f 6612//6879 6611//6878 6613//6880
f 6612//6879 6613//6880 6614//6881
f 6614//6881 6613//6880 6615//6882
f 6614//6881 6615//6882 6616//6883
f 6616//6883 6615//6882 6617//6884
f 6616//6883 6617//6884 6618//6885
f 6618//6885 6617//6884 6619//6886
f 6618//6885 6619//6886 6620//6887
f 6620//6887 6619//6886 6621//6888
f 6620//6887 6621//6888 6622//6889
f 6622//6889 6621//6888 6623//6890
f 6622//6889 6623//6890 6624//6891
f 6624//6891 6623//6890 6625//6892
f 6624//6891 6625//6892 6626//6893
f 6626//6893 6625//6892 6627//6894
f 6626//6893 6627//6894 6628//6895
f 6628//6895 6627//6894 6629//6896
f 6628//6895 6629//6896 6630//6897
f 6630//6897 6629//6896 6631//6898
f 6630//6897 6631//6898 6632//6899
f 6632//6899 6631//6898 6633//6900
f 6632//6899 6633//6900 6634//6901
f 6634//6901 6633//6900 6635//6902
f 6634//6901 6635//6902 6636//6903
f 6636//6903 6635//6902 6637//6904
f 6636//6903 6637//6904 6638//6905
f 6638//6905 6637//6904 6639//6906
f 6638//6905 6639//6906 6640//6907
f 6640//6907 6639//6906 6641//6908
f 6640//6907 6641//6908 6642//6909
f 6642//6909 6641//6908 6643//6910
f 6642//6909 6643//6910 6644//6911
f 6644//6911 6643//6910 6645//6912
f 6644//6911 6645//6912 6646//6913
f 6646//6913 6645//6912 6647//6914
f 6646//6913 6647//6914 6648//6915
f 6648//6915 6647//6914 6649//6916
f 6648//6915 6649//6916 6650//6917
f 6650//6917 6649//6916 6651//6918
f 6650//6917 6651//6918 6652//6919
f 6652//6919 6651//6918 6653//6920
f 6652//6919 6653//6920 6654//6921
f 6654//6921 6653//6920 6655//6922
f 6654//6921 6655//6922 6656//6923
f 6656//6923 6655//6922 6657//6924
f 6656//6923 6657//6924 6658//6925
f 6658//6925 6657//6924 6659//6926
f 6658//6925 6659//6926 6660//6927
f 6660//6927 6659//6926 6661//6928
f 6660//6927 6661//6928 6662//6929
f 6662//6929 6661//6928 6663//6930
f 6662//6929 6663//6930 6664//6931
f 6664//6931 6663//6930 6665//6932
f 6664//6931 6665//6932 6666//6933
f 6666//6933 6665//6932 6667//6934
f 6666//6933 6667//6934 6668//6935
f 6668//6935 6667//6934 6669//6936
f 6668//6935 6669//6936 6670//6937
f 6670//6937 6669//6936 6671//6938
f 6670//6937 6671//6938 6672//6939
f 6672//6939 6671//6938 6673//6940
f 6672//6939 6673//6940 6674//6941
f 6674//6941 6673//6940 6675//6942
f 6674//6941 6675//6942 6676//6943
f 6676//6943 6675//6942 6677//6944
f 6676//6943 6677//6944 6678//6945
f 6678//6945 6677//6944 6679//6946
f 6678//6945 6679//6946 6680//6947
f 6680//6947 6679//6946 6681//6948
f 6680//6947 6681//6948 6682//6949
f 6682//6949 6681//6948 6683//6950
f 6682//6949 6683//6950 6684//6951
f 6684//6951 6683//6950 6685//6952
f 6684//6951 6685//6952 6686//6953
f 6686//6953 6685//6952 6687//6954
f 6686//6953 6687//6954 6688//6955
f 6688//6955 6687//6954 6689//6956
f 6688//6955 6689//6956 6690//6957
f 6690//6957 6689//6956 6576//6842
f 6690//6957 6576//6842 6691//6958
f 6691//6958 6576//6842 6053//6199
f 6691//6958 6053//6199 6692//6959
f 6692//6959 6053//6199 6052//6198
f 6692//6959 6052//6198 6693//6960
f 6693//6960 6052//6198 6055//6201
f 6693//6960 6055//6201 6582//6849
f 6582//6849 6055//6201 6566//6831
f 6582//6849 6566//6831 6583//6850
f 6583//6850 6566//6831 6564//6829
f 6583//6850 6564//6829 6584//6851
f 6584//6851 6564//6829 6562//6827
f 6584//6851 6562//6827 6585//6852
f 6585//6852 6562//6827 6560//6825
f 6585//6852 6560//6825 6586//6853
f 6586//6853 6560//6825 6559//6824
f 6586//6853 6559//6824 6587//6854
f 6587//6854 6559//6824 6558//6823
f 6587//6854 6558//6823 6588//6855
f 6588//6855 6558//6823 6557//6822
f 6588//6855 6557//6822 6589//6856
f 6589//6856 6557//6822 6556//6821
f 6589//6856 6556//6821 6590//6857
f 6590//6857 6556//6821 6555//6820
f 6590//6857 6555//6820 6591//6858
f 6591//6858 6555//6820 6554//6819
f 6591//6858 6554//6819 6592//6859
f 6592//6859 6554//6819 6553//6818
f 6592//6859 6553//6818 6593//6860
f 6593//6860 6553//6818 6552//6817
f 6403//6660 6056//6202 6394//6647
f 6394//6647 6056//6202 6058//6204
f 6394//6647 6058//6204 7544//6648
f 7544//6648 6058//6204 6596//6863
f 7544//6648 6596//6863 6390//6644
f 6390//6644 6596//6863 6598//6865
f 6390//6644 6598//6865 6392//6645
f 6392//6645 6598//6865 6600//6867
f 6392//6645 6600//6867 6385//6636
f 6385//6636 6600//6867 6602//6869
f 6385//6636 6602//6869 6384//6635
f 6384//6635 6602//6869 6604//6871
f 6384//6635 6604//6871 6381//6632
f 6381//6632 6604//6871 6606//6873
f 6381//6632 6606//6873 6374//6622
f 6374//6622 6606//6873 6608//6875
f 6374//6622 6608//6875 7752//6623
f 7752//6623 6608//6875 6610//6877
f 7752//6623 6610//6877 7773//6617
f 7773//6617 6610//6877 6612//6879
f 7773//6617 6612//6879 7738//6612
f 7738//6612 6612//6879 6614//6881
f 7738//6612 6614//6881 6366//6613
f 6366//6613 6614//6881 6616//6883
f 6366//6613 6616//6883 6356//6599
f 6356//6599 6616//6883 6618//6885
f 6356//6599 6618//6885 7547//6600
f 7547//6600 6618//6885 6620//6887
f 7547//6600 6620//6887 7545//6598
f 7545//6598 6620//6887 6622//6889
f 7545//6598 6622//6889 6348//6587
f 6348//6587 6622//6889 6624//6891
f 6348//6587 6624//6891 7939//6588
f 7939//6588 6624//6891 6626//6893
f 7939//6588 6626//6893 7943//6591
f 7943//6591 6626//6893 6628//6895
f 7943//6591 6628//6895 6339//6578
f 6339//6578 6628//6895 6630//6897
f 6339//6578 6630//6897 6337//6576
f 6337//6576 6630//6897 6632//6899
f 6337//6576 6632//6899 6332//6569
f 6332//6569 6632//6899 6634//6901
f 6332//6569 6634//6901 8032//6570
f 8032//6570 6634//6901 6636//6903
f 8032//6570 6636//6903 8025//6566
f 8025//6566 6636//6903 6638//6905
f 8025//6566 6638//6905 6326//6561
f 6326//6561 6638//6905 6640//6907
f 6326//6561 6640//6907 6311//6545
f 6311//6545 6640//6907 6642//6909
f 6311//6545 6642//6909 6310//6544
f 6310//6544 6642//6909 6644//6911
f 6310//6544 6644//6911 6312//6546
f 6312//6546 6644//6911 6646//6913
f 6312//6546 6646//6913 6316//6550
f 6316//6550 6646//6913 6648//6915
f 6316//6550 6648//6915 6317//6551
f 6317//6551 6648//6915 6650//6917
f 6317//6551 6650//6917 7909//6541
f 7909//6541 6650//6917 6652//6919
f 7909//6541 6652//6919 7876//6536
f 7876//6536 6652//6919 6654//6921
f 7876//6536 6654//6921 6304//6537
f 6304//6537 6654//6921 6656//6923
f 6304//6537 6656//6923 6497//6760
f 6497//6760 6656//6923 6658//6925
f 6497//6760 6658//6925 6498//6761
f 6498//6761 6658//6925 6660//6927
f 6498//6761 6660//6927 7999//6753
f 7999//6753 6660//6927 6662//6929
f 7999//6753 6662//6929 8009//6754
f 8009//6754 6662//6929 6664//6931
f 8009//6754 6664//6931 6486//6747
f 6486//6747 6664//6931 6666//6933
f 6486//6747 6666//6933 6487//6748
f 6487//6748 6666//6933 6668//6935
f 6487//6748 6668//6935 6484//6745
f 6484//6745 6668//6935 6670//6937
f 6484//6745 6670//6937 6482//6961
f 6482//6961 6670//6937 6672//6939
f 6482//6961 6672//6939 6474//6735
f 6474//6735 6672//6939 6674//6941
f 6474//6735 6674//6941 6475//6736
f 6475//6736 6674//6941 6676//6943
f 6475//6736 6676//6943 6470//6731
f 6470//6731 6676//6943 6678//6945
f 6470//6731 6678//6945 6472//6733
f 6472//6733 6678//6945 6680//6947
f 6472//6733 6680//6947 6465//6726
f 6465//6726 6680//6947 6682//6949
f 6465//6726 6682//6949 6462//6723
f 6462//6723 6682//6949 6684//6951
f 6462//6723 6684//6951 6461//6962
f 6461//6962 6684//6951 6686//6953
f 6461//6962 6686//6953 7647//6712
f 7647//6712 6686//6953 6688//6955
f 7647//6712 6688//6955 6455//6713
f 6455//6713 6688//6955 6690//6957
f 6455//6713 6690//6957 6444//6702
f 6444//6702 6690//6957 6691//6958
f 6444//6702 6691//6958 6439//6697
f 6439//6697 6691//6958 6692//6959
f 6439//6697 6692//6959 6441//6699
f 6441//6699 6692//6959 6693//6960
f 6441//6699 6693//6960 6447//6705
f 6447//6705 6693//6960 6582//6849
f 6447//6705 6582//6849 6432//6690
f 6432//6690 6582//6849 6511//6776
f 6432//6690 6511//6776 6434//6692
f 6434//6692 6511//6776 6513//6778
f 6434//6692 6513//6778 6436//6694
f 6436//6694 6513//6778 6515//6780
f 6436//6694 6515//6780 6422//6680
f 6422//6680 6515//6780 6517//6782
f 6422//6680 6517//6782 6423//6681
f 6423//6681 6517//6782 6519//6784
f 6423//6681 6519//6784 6419//6677
f 6419//6677 6519//6784 6521//6786
f 6419//6677 6521//6786 6421//6679
f 6421//6679 6521//6786 6523//6788
f 6421//6679 6523//6788 6416//6674
f 6416//6674 6523//6788 6525//6790
f 6416//6674 6525//6790 6414//6672
f 6414//6672 6525//6790 6527//6792
f 6414//6672 6527//6792 6408//6665
f 6408//6665 6527//6792 6529//6794
f 6408//6665 6529//6794 6411//6668
f 6411//6668 6529//6794 6531//6796
f 6261//6487 5896//6963 6263//6489
f 6263//6489 5896//6963 5870//6964
f 6263//6489 5870//6964 6265//6491
f 6265//6491 5870//6964 5871//6965
f 6265//6491 5871//6965 6267//6493
f 6267//6493 5871//6965 5872//6966
f 6267//6493 5872//6966 6257//6476
f 6257//6476 5872//6966 5873//6967
f 6257//6476 5873//6967 5874//6477
f 6161//6345 6233//6424 6159//6343
f 6159//6343 6233//6424 6232//6423
f 6159//6343 6232//6423 6157//6341
f 6157//6341 6232//6423 6300//6526
f 6157//6341 6300//6526 6156//6340
f 6156//6340 6300//6526 6234//6426
f 6156//6340 6234//6426 6042//6339
f 6042//6339 6234//6426 6041//6425
f 6594//6861 6165//6356 6595//6862
f 6595//6862 6165//6356 6166//6357
f 6595//6862 6166//6357 6597//6864
f 6597//6864 6166//6357 6167//6358
f 6597//6864 6167//6358 6599//6866
f 6599//6866 6167//6358 6169//6360
f 6599//6866 6169//6360 6601//6868
f 6601//6868 6169//6360 6171//6362
f 6601//6868 6171//6362 6603//6870
f 6603//6870 6171//6362 6173//6364
f 6603//6870 6173//6364 6605//6872
f 6605//6872 6173//6364 6175//6366
f 6605//6872 6175//6366 6607//6874
f 6607//6874 6175//6366 6177//6368
f 6607//6874 6177//6368 6609//6876
f 6609//6876 6177//6368 6179//6370
f 6609//6876 6179//6370 6611//6878
f 6611//6878 6179//6370 6181//6372
f 6611//6878 6181//6372 6613//6880
f 6613//6880 6181//6372 6183//6374
f 6613//6880 6183//6374 6615//6882
f 6615//6882 6183//6374 6185//6376
f 6615//6882 6185//6376 6617//6884
f 6617//6884 6185//6376 6187//6378
f 6617//6884 6187//6378 6619//6886
f 6619//6886 6187//6378 6189//6380
f 6619//6886 6189//6380 6621//6888
f 6621//6888 6189//6380 6191//6382
f 6621//6888 6191//6382 6623//6890
f 6623//6890 6191//6382 6193//6384
f 6623//6890 6193//6384 6625//6892
f 6625//6892 6193//6384 6195//6386
f 6625//6892 6195//6386 6627//6894
f 6627//6894 6195//6386 6197//6388
f 6627//6894 6197//6388 6629//6896
f 6629//6896 6197//6388 6199//6390
f 6629//6896 6199//6390 6631//6898
f 6631//6898 6199//6390 6201//6392
f 6631//6898 6201//6392 6633//6900
f 6633//6900 6201//6392 6203//6394
f 6633//6900 6203//6394 6635//6902
f 6635//6902 6203//6394 6205//6396
f 6635//6902 6205//6396 6637//6904
f 6637//6904 6205//6396 6207//6398
f 6637//6904 6207//6398 6639//6906
f 6639//6906 6207//6398 6209//6400
f 6639//6906 6209//6400 6641//6908
f 6641//6908 6209//6400 6211//6402
f 6641//6908 6211//6402 6643//6910
f 6643//6910 6211//6402 6213//6404
f 6643//6910 6213//6404 6645//6912
f 6645//6912 6213//6404 6215//6406
f 6645//6912 6215//6406 6647//6914
f 6647//6914 6215//6406 6217//6408
f 6647//6914 6217//6408 6649//6916
f 6649//6916 6217//6408 6219//6410
f 6649//6916 6219//6410 6651//6918
f 6651//6918 6219//6410 6221//6412
f 6651//6918 6221//6412 6653//6920
f 6653//6920 6221//6412 6223//6414
f 6653//6920 6223//6414 6655//6922
f 6655//6922 6223//6414 6225//6416
f 6655//6922 6225//6416 6657//6924
f 6657//6924 6225//6416 6227//6418
f 6657//6924 6227//6418 6659//6926
f 6659//6926 6227//6418 6229//6420
f 6659//6926 6229//6420 6661//6928
f 6661//6928 6229//6420 6231//6422
f 6661//6928 6231//6422 6663//6930
f 6663//6930 6231//6422 6233//6424
f 6663//6930 6233//6424 6665//6932
f 6665//6932 6233//6424 6161//6345
f 6665//6932 6161//6345 6667//6934
f 6667//6934 6161//6345 6162//6346
f 6667//6934 6162//6346 6669//6936
f 6669//6936 6162//6346 6154//6337
f 6669//6936 6154//6337 6671//6938
f 6671//6938 6154//6337 6155//6338
f 6671//6938 6155//6338 6673//6940
f 6673//6940 6155//6338 6065//6213
f 6673//6940 6065//6213 6675//6942
f 6675//6942 6065//6213 6108//6278
f 6675//6942 6108//6278 6677//6944
f 6677//6944 6108//6278 6110//6280
f 6677//6944 6110//6280 6679//6946
f 6679//6946 6110//6280 6112//6282
f 6679//6946 6112//6282 6681//6948
f 6681//6948 6112//6282 6114//6284
f 6681//6948 6114//6284 6683//6950
f 6683//6950 6114//6284 6116//6286
f 6683//6950 6116//6286 6685//6952
f 6685//6952 6116//6286 6118//6288
f 6685//6952 6118//6288 6687//6954
f 6687//6954 6118//6288 6120//6290
f 6687//6954 6120//6290 6689//6956
f 6689//6956 6120//6290 6122//6292
f 6689//6956 6122//6292 6576//6842
f 6576//6842 6122//6292 6124//6294
f 6576//6842 6124//6294 6578//6844
f 6578//6844 6124//6294 6163//6354
f 6578//6844 6163//6354 6579//6845
f 6579//6845 6163//6354 6164//6355
f 6579//6845 6164//6355 6580//6846
f 6580//6846 6164//6355 6105//6269
f 6580//6846 6105//6269 6581//6847
f 6581//6847 6105//6269 5988//6271
f 6581//6847 5988//6271 5963//6848
f 6694//6968 6092//6244 5929//6243
f 6411//6668 6531//6796 6695//6969
f 6696//6970 6697//6971 6698//5773
f 6699//6972 6700//6973 6701//6974
f 6702//6975 6703//6976 6704//6977
f 5930//6978 5868//6979 6705//6980
f 6029//6981 6030//6982 6706//6983
f 6707//6984 6708//6985 6709//6986
f 6710//6987 6711//6988 6712//6989
f 6713//6990 6714//6991 6715//6992
f 6716//6993 6717//6994 6718//6995
f 6719//6996 6720//6997 6721//6998
f 6722//6999 6723//7000 6724//7001
f 6725//7002 6726//7003 6727//7004
f 6728//7005 6729//7006 6730//7007
f 6731//7008 6732//7009 6733//7010
f 6734//7011 6735//7012 6736//7013
f 6037//7014 6038//7015 6737//7016
f 6738//7017 6739//7018 6740//7019
f 6741//7020 6742//7021 6743//7022
f 5911//7023 5912//7024 6744//7025
f 5914//7026 5899//7027 6745//7028
f 5901//7029 5902//7030 6746//7031
f 5904//7032 5905//7033 6747//7034
f 5892//7035 5893//7036 6748//7037
f 6749//7038 6750//7039 6751//7040
f 6752//7041 6753//7042 6754//7043
f 6755//7044 6756//7045 6757//7046
f 6758//7047 6759//7048 6760//7049
f 6761//7050 6762//7051 6763//7052
f 6764//7053 6765//7054 6766//7055
f 6767//7056 6768//7057 6769//7058
f 6750//7039 6752//7041 6770//7059
f 6753//7042 6771//7060 6772//7061
f 6773//7062 6774//7063 6775//7064
f 6775//7064 6774//7063 6769//7058
f 6775//7064 6769//7058 6776//7065
f 6776//7065 6769//7058 6768//7057
f 6776//7065 6768//7057 6761//7050
f 6777//7066 6778//7067 6779//7068
f 6779//7068 6778//7067 6763//7052
f 6779//7068 6763//7052 6780//7069
f 6780//7069 6763//7052 6762//7051
f 6780//7069 6762//7051 6764//7053
f 6781//7070 6782//7071 6783//7072
f 6783//7072 6782//7071 6766//7055
f 6783//7072 6766//7055 6784//7073
f 6784//7073 6766//7055 6765//7054
f 6784//7073 6765//7054 6758//7047
f 6785//7074 5894//7075 5895//7076
f 6165//6356 6767//7056 6059//6205
f 6059//6205 6767//7056 6786//7077
f 6059//6205 6786//7077 6060//6206
f 6060//6206 6786//7077 6787//7078
f 6060//6206 6787//7078 6260//6486
f 6260//6486 6787//7078 6785//7074
f 6260//6486 6785//7074 6261//6487
f 6261//6487 6785//7074 5895//7076
f 6261//6487 5895//7076 5896//6963
f 5891//7079 5892//7035 6773//7062
f 6773//7062 5892//7035 6748//7037
f 6773//7062 6748//7037 6774//7063
f 6767//7056 6769//7058 6786//7077
f 6786//7077 6769//7058 6774//7063
f 6786//7077 6774//7063 6787//7078
f 6787//7078 6774//7063 6748//7037
f 6787//7078 6748//7037 6785//7074
f 6785//7074 6748//7037 5893//7036
f 6785//7074 5893//7036 5894//7075
f 5903//7080 5904//7032 6777//7066
f 6777//7066 5904//7032 6747//7034
f 6777//7066 6747//7034 6778//7067
f 5900//7081 5901//7029 6781//7070
f 6781//7070 5901//7029 6746//7031
f 6781//7070 6746//7031 6782//7071
f 6764//7053 6766//7055 6780//7069
f 6780//7069 6766//7055 6782//7071
f 6780//7069 6782//7071 6779//7068
f 6779//7068 6782//7071 6746//7031
f 6779//7068 6746//7031 6777//7066
f 6777//7066 6746//7031 5902//7030
f 6777//7066 5902//7030 5903//7080
f 6761//7050 6763//7052 6776//7065
f 6776//7065 6763//7052 6778//7067
f 6776//7065 6778//7067 6775//7064
f 6775//7064 6778//7067 6747//7034
f 6775//7064 6747//7034 6773//7062
f 6773//7062 6747//7034 5905//7033
f 6773//7062 5905//7033 5891//7079
f 6788//7082 6789//7083 6790//7084
f 6790//7084 6789//7083 6760//7049
f 6790//7084 6760//7049 6791//7085
f 6791//7085 6760//7049 6759//7048
f 6791//7085 6759//7048 6755//7044
f 6792//7086 6793//7087 6794//7088
f 6794//7088 6793//7087 6757//7046
f 6794//7088 6757//7046 6795//7089
f 6795//7089 6757//7046 6756//7045
f 6795//7089 6756//7045 6749//7038
f 5913//7090 5914//7026 6788//7082
f 6788//7082 5914//7026 6745//7028
f 6788//7082 6745//7028 6789//7083
f 5910//7091 5911//7023 6792//7086
f 6792//7086 5911//7023 6744//7025
f 6792//7086 6744//7025 6793//7087
f 6755//7044 6757//7046 6791//7085
f 6791//7085 6757//7046 6793//7087
f 6791//7085 6793//7087 6790//7084
f 6790//7084 6793//7087 6744//7025
f 6790//7084 6744//7025 6788//7082
f 6788//7082 6744//7025 5912//7024
f 6788//7082 5912//7024 5913//7090
f 6796//7092 5953//7093 5954//7094
f 6750//7039 6770//7059 6751//7040
f 6751//7040 6770//7059 6797//7095
f 6751//7040 6797//7095 6798//7096
f 6798//7096 6797//7095 6796//7092
f 6798//7096 6796//7092 6799//7097
f 6799//7097 6796//7092 5954//7094
f 6799//7097 5954//7094 5955//7098
f 6800//7099 5981//7100 5982//7101
f 6753//7042 6772//7061 6754//7043
f 6754//7043 6772//7061 6801//7102
f 6754//7043 6801//7102 6802//7103
f 6802//7103 6801//7102 6800//7099
f 6802//7103 6800//7099 6803//7104
f 6803//7104 6800//7099 5982//7101
f 6803//7104 5982//7101 5952//7105
f 6752//7041 6754//7043 6770//7059
f 6770//7059 6754//7043 6802//7103
f 6770//7059 6802//7103 6797//7095
f 6797//7095 6802//7103 6803//7104
f 6797//7095 6803//7104 6796//7092
f 6796//7092 6803//7104 5952//7105
f 6796//7092 5952//7105 5953//7093
f 6749//7038 6751//7040 6795//7089
f 6795//7089 6751//7040 6798//7096
f 6795//7089 6798//7096 6794//7088
f 6794//7088 6798//7096 6799//7097
f 6794//7088 6799//7097 6792//7086
f 6792//7086 6799//7097 5955//7098
f 6792//7086 5955//7098 5910//7091
f 6758//7047 6760//7049 6784//7073
f 6784//7073 6760//7049 6789//7083
f 6784//7073 6789//7083 6783//7072
f 6783//7072 6789//7083 6745//7028
f 6783//7072 6745//7028 6781//7070
f 6781//7070 6745//7028 5899//7027
f 6781//7070 5899//7027 5900//7081
f 6743//7022 6742//7021 6804//7106
f 6804//7106 6742//7021 6805//7107
f 6804//7106 6805//7107 6806//7108
f 6806//7108 6805//7107 6807//7109
f 6806//7108 6807//7109 6808//7110
f 6808//7110 6807//7109 6809//7111
f 6808//7110 6809//7111 6810//7112
f 6810//7112 6809//7111 6811//7113
f 6810//7112 6811//7113 6812//7114
f 6812//7114 6811//7113 6813//7115
f 6812//7114 6813//7115 6814//7116
f 6814//7116 6813//7115 6815//7117
f 6814//7116 6815//7117 6816//7118
f 6816//7118 6815//7117 6817//7119
f 6816//7118 6817//7119 6818//7120
f 6818//7120 6817//7119 6819//7121
f 6818//7120 6819//7121 6771//7060
f 6820//7122 6819//7121 6821//7123
f 6821//7123 6819//7121 6817//7119
f 6821//7123 6817//7119 6822//7124
f 6822//7124 6817//7119 6815//7117
f 6822//7124 6815//7117 6823//7125
f 6823//7125 6815//7117 6813//7115
f 6823//7125 6813//7115 6824//7126
f 6824//7126 6813//7115 6811//7113
f 6824//7126 6811//7113 6825//7127
f 6825//7127 6811//7113 6809//7111
f 6825//7127 6809//7111 6826//7128
f 6826//7128 6809//7111 6807//7109
f 6826//7128 6807//7109 6827//7129
f 6827//7129 6807//7109 6805//7107
f 6827//7129 6805//7107 6828//7130
f 6828//7130 6805//7107 6742//7021
f 6828//7130 6742//7021 6829//7131
f 6829//7131 6742//7021 6741//7020
f 6829//7131 6741//7020 6830//7132
f 5980//7133 6831//7134 5979//7135
f 5979//7135 6831//7134 6832//7136
f 6833//7137 5997//7138 6834//7139
f 6834//7139 5997//7138 5998//7140
f 6834//7139 5998//7140 6832//7136
f 6832//7136 5998//7140 5978//7141
f 6832//7136 5978//7141 5979//7135
f 6835//7142 6005//7143 6836//7144
f 6836//7144 6005//7143 5992//7145
f 6836//7144 5992//7145 6837//7146
f 5992//7145 5993//7147 6837//7146
f 6837//7146 5993//7147 5994//7148
f 6837//7146 5994//7148 6838//7149
f 6838//7149 5994//7148 5995//7150
f 6838//7149 5995//7150 6833//7137
f 6833//7137 5995//7150 5996//7151
f 6833//7137 5996//7151 5997//7138
f 6831//7134 6820//7122 6832//7136
f 6832//7136 6820//7122 6821//7123
f 6832//7136 6821//7123 6834//7139
f 6834//7139 6821//7123 6822//7124
f 6834//7139 6822//7124 6833//7137
f 6833//7137 6822//7124 6823//7125
f 6833//7137 6823//7125 6838//7149
f 6838//7149 6823//7125 6824//7126
f 6838//7149 6824//7126 6837//7146
f 6837//7146 6824//7126 6825//7127
f 6837//7146 6825//7127 6836//7144
f 6836//7144 6825//7127 6826//7128
f 6836//7144 6826//7128 6835//7142
f 6835//7142 6826//7128 6827//7129
f 6835//7142 6827//7129 6839//7152
f 6839//7152 6827//7129 6828//7130
f 6839//7152 6828//7130 6840//7153
f 6840//7153 6828//7130 6829//7131
f 6840//7153 6829//7131 6841//7154
f 6841//7154 6829//7131 6830//7132
f 6841//7154 6830//7132 6842//7155
f 6039//7156 6040//7157 6843//7158
f 6843//7158 6040//7157 6844//7159
f 6843//7158 6844//7159 6845//7160
f 6845//7160 6844//7159 6846//7161
f 6845//7160 6846//7161 6847//7162
f 6847//7162 6846//7161 6848//7163
f 6847//7162 6848//7163 6849//7164
f 6849//7164 6848//7163 6850//7165
f 6036//7166 6037//7014 6851//7167
f 6851//7167 6037//7014 6737//7016
f 6851//7167 6737//7016 6852//7168
f 6852//7168 6737//7016 6853//7169
f 6852//7168 6853//7169 6854//7170
f 6854//7170 6853//7169 6855//7171
f 6854//7170 6855//7171 6856//7172
f 6856//7172 6855//7171 6857//7173
f 6849//7164 6857//7173 6847//7162
f 6847//7162 6857//7173 6855//7171
f 6847//7162 6855//7171 6845//7160
f 6845//7160 6855//7171 6853//7169
f 6845//7160 6853//7169 6843//7158
f 6843//7158 6853//7169 6737//7016
f 6843//7158 6737//7016 6039//7156
f 6039//7156 6737//7016 6038//7015
f 6040//7157 6031//7174 6844//7159
f 6844//7159 6031//7174 6842//7155
f 6844//7159 6842//7155 6846//7161
f 6846//7161 6842//7155 6830//7132
f 6846//7161 6830//7132 6848//7163
f 6848//7163 6830//7132 6741//7020
f 6848//7163 6741//7020 6850//7165
f 6850//7165 6741//7020 6743//7022
f 6031//7174 6032//7175 6842//7155
f 6842//7155 6032//7175 6033//7176
f 6842//7155 6033//7176 6841//7154
f 6841//7154 6033//7176 6018//7177
f 6841//7154 6018//7177 6840//7153
f 6840//7153 6018//7177 6019//7178
f 6840//7153 6019//7178 6839//7152
f 6839//7152 6019//7178 6020//7179
f 6839//7152 6020//7179 6835//7142
f 6835//7142 6020//7179 6006//7180
f 6835//7142 6006//7180 6005//7143
f 6771//7060 6819//7121 6772//7061
f 6772//7061 6819//7121 6820//7122
f 6772//7061 6820//7122 6801//7102
f 6801//7102 6820//7122 6831//7134
f 6801//7102 6831//7134 6800//7099
f 6800//7099 6831//7134 5980//7133
f 6800//7099 5980//7133 5981//7100
f 6858//7181 6731//7008 6859//7182
f 6732//7009 6734//7011 6860//7183
f 6720//6997 6728//7005 6861//7184
f 6723//7000 6725//7002 6862//7185
f 6863//7186 6740//7019 6864//7187
f 6864//7187 6740//7019 6739//7018
f 6864//7187 6739//7018 6865//7188
f 6866//7189 6863//7186 6867//7190
f 6867//7190 6863//7186 6864//7187
f 6867//7190 6864//7187 6868//7191
f 6868//7191 6864//7187 6865//7188
f 6868//7191 6865//7188 6858//7181
f 6717//6994 6869//7192 6870//7193
f 6871//7194 6711//6988 6872//7195
f 6872//7195 6711//6988 6710//6987
f 6872//7195 6710//6987 6873//7196
f 6874//7197 6875//7198 6876//7199
f 6876//7199 6875//7198 6877//7200
f 6876//7199 6877//7200 6878//7201
f 6878//7201 6877//7200 6879//7202
f 6880//7203 6712//6989 6881//7204
f 6881//7204 6712//6989 6711//6988
f 6881//7204 6711//6988 6882//7205
f 6882//7205 6711//6988 6871//7194
f 6882//7205 6871//7194 6883//7206
f 6732//7009 6860//7183 6733//7010
f 6733//7010 6860//7183 6884//7207
f 6733//7010 6884//7207 6885//7208
f 6885//7208 6884//7207 6886//7209
f 6885//7208 6886//7209 6887//7210
f 6734//7011 6736//7013 6860//7183
f 6860//7183 6736//7013 6888//7211
f 6860//7183 6888//7211 6884//7207
f 6884//7207 6888//7211 6889//7212
f 6884//7207 6889//7212 6886//7209
f 6720//6997 6861//7184 6721//6998
f 6721//6998 6861//7184 6890//7213
f 6721//6998 6890//7213 6891//7214
f 6891//7214 6890//7213 6892//7215
f 6891//7214 6892//7215 6893//7216
f 6728//7005 6730//7007 6861//7184
f 6861//7184 6730//7007 6894//7217
f 6861//7184 6894//7217 6890//7213
f 6890//7213 6894//7217 6895//7218
f 6890//7213 6895//7218 6892//7215
f 6723//7000 6862//7185 6724//7001
f 6724//7001 6862//7185 6896//7219
f 6724//7001 6896//7219 6897//7220
f 6897//7220 6896//7219 6898//7221
f 6897//7220 6898//7221 6899//7222
f 6725//7002 6727//7004 6862//7185
f 6862//7185 6727//7004 6900//7223
f 6862//7185 6900//7223 6896//7219
f 6896//7219 6900//7223 6901//7224
f 6896//7219 6901//7224 6898//7221
f 6028//7225 6029//6981 6902//7226
f 6902//7226 6029//6981 6706//6983
f 6902//7226 6706//6983 6903//7227
f 6903//7227 6706//6983 6904//7228
f 6903//7227 6904//7228 6905//7229
f 6905//7229 6904//7228 6906//7230
f 6905//7229 6906//7230 6907//7231
f 6907//7231 6906//7230 6908//7232
f 6858//7181 6859//7182 6868//7191
f 6868//7191 6859//7182 6909//7233
f 6868//7191 6909//7233 6867//7190
f 6867//7190 6909//7233 6910//7234
f 6867//7190 6910//7234 6866//7189
f 6866//7189 6910//7234 6016//7235
f 6866//7189 6016//7235 6017//7236
f 6907//7231 6738//7017 6905//7229
f 6905//7229 6738//7017 6740//7019
f 6905//7229 6740//7019 6903//7227
f 6903//7227 6740//7019 6863//7186
f 6903//7227 6863//7186 6902//7226
f 6902//7226 6863//7186 6866//7189
f 6902//7226 6866//7189 6028//7225
f 6028//7225 6866//7189 6017//7236
f 5984//7237 6889//7212 6911//7238
f 6911//7238 6889//7212 6888//7211
f 6911//7238 6888//7211 6912//7239
f 6912//7239 6888//7211 6736//7013
f 6912//7239 6736//7013 6913//7240
f 6913//7240 6736//7013 6735//7012
f 6913//7240 6735//7012 6719//6996
f 5984//7237 5985//7241 6889//7212
f 6889//7212 5985//7241 6003//7242
f 6889//7212 6003//7242 6886//7209
f 6886//7209 6003//7242 6004//7243
f 6886//7209 6004//7243 6887//7210
f 6887//7210 6004//7243 6014//7244
f 6887//7210 6014//7244 6015//7245
f 6731//7008 6733//7010 6859//7182
f 6859//7182 6733//7010 6885//7208
f 6859//7182 6885//7208 6909//7233
f 6909//7233 6885//7208 6887//7210
f 6909//7233 6887//7210 6910//7234
f 6910//7234 6887//7210 6015//7245
f 6910//7234 6015//7245 6016//7235
f 5965//7246 6895//7218 6914//7247
f 6914//7247 6895//7218 6894//7217
f 6914//7247 6894//7217 6915//7248
f 6915//7248 6894//7217 6730//7007
f 6915//7248 6730//7007 6916//7249
f 6916//7249 6730//7007 6729//7006
f 6916//7249 6729//7006 6722//6999
f 5897//7250 6901//7224 6917//7251
f 6917//7251 6901//7224 6900//7223
f 6917//7251 6900//7223 6918//7252
f 6918//7252 6900//7223 6727//7004
f 6918//7252 6727//7004 6919//7253
f 6919//7253 6727//7004 6726//7003
f 6919//7253 6726//7003 6716//6993
f 5897//7250 5949//7254 6901//7224
f 6901//7224 5949//7254 5950//7255
f 6901//7224 5950//7255 6898//7221
f 6898//7221 5950//7255 5951//7256
f 6898//7221 5951//7256 6899//7222
f 6899//7222 5951//7256 5959//7257
f 6899//7222 5959//7257 5964//7258
f 6722//6999 6724//7001 6916//7249
f 6916//7249 6724//7001 6897//7220
f 6916//7249 6897//7220 6915//7248
f 6915//7248 6897//7220 6899//7222
f 6915//7248 6899//7222 6914//7247
f 6914//7247 6899//7222 5964//7258
f 6914//7247 5964//7258 5965//7246
f 5965//7246 5974//7259 6895//7218
f 6895//7218 5974//7259 5975//7260
f 6895//7218 5975//7260 6892//7215
f 6892//7215 5975//7260 5976//7261
f 6892//7215 5976//7261 6893//7216
f 6893//7216 5976//7261 5969//7262
f 6893//7216 5969//7262 5968//7263
f 6719//6996 6721//6998 6913//7240
f 6913//7240 6721//6998 6891//7214
f 6913//7240 6891//7214 6912//7239
f 6912//7239 6891//7214 6893//7216
f 6912//7239 6893//7216 6911//7238
f 6911//7238 6893//7216 5968//7263
f 6911//7238 5968//7263 5984//7237
f 6715//6992 6714//6991 6920//7264
f 6920//7264 6714//6991 6921//7265
f 6920//7264 6921//7265 6922//7266
f 6922//7266 6921//7265 6923//7267
f 6922//7266 6923//7267 6924//7268
f 6924//7268 6923//7267 6925//7269
f 6924//7268 6925//7269 6926//7270
f 6926//7270 6925//7269 6927//7271
f 6926//7270 6927//7271 6928//7272
f 6928//7272 6927//7271 6929//7273
f 6928//7272 6929//7273 6930//7274
f 6875//7198 6931//7275 6877//7200
f 6877//7200 6931//7275 6932//7276
f 6877//7200 6932//7276 6879//7202
f 6879//7202 6932//7276 6933//7277
f 6934//7278 6708//6985 6935//7279
f 6935//7279 6708//6985 6707//6984
f 6935//7279 6707//6984 6705//6980
f 6717//6994 6870//7193 6718//6995
f 6718//6995 6870//7193 6936//7280
f 6718//6995 6936//7280 6937//7281
f 6937//7281 6936//7280 6938//7282
f 6937//7281 6938//7282 6939//7283
f 6939//7283 6938//7282 5869//7284
f 6939//7283 5869//7284 5898//7285
f 6940//7286 5909//7287 5933//7288
f 6929//7273 5887//7289 6930//7274
f 6930//7274 5887//7289 5888//7290
f 6930//7274 5888//7290 5889//7291
f 6941//7292 5931//7293 5932//7294
f 5878//7295 6931//7275 6942//7296
f 6942//7296 6931//7275 6875//7198
f 6942//7296 6875//7198 6943//7297
f 6943//7297 6875//7198 6874//7197
f 6943//7297 6874//7197 6944//7298
f 6705//6980 5868//6979 6935//7279
f 6935//7279 5868//6979 5867//7299
f 6935//7279 5867//7299 6934//7278
f 6934//7278 5867//7299 5876//7300
f 6934//7278 5876//7300 5877//7301
f 6713//6990 6709//6986 6944//7298
f 6944//7298 6709//6986 6708//6985
f 6944//7298 6708//6985 6943//7297
f 6943//7297 6708//6985 6934//7278
f 6943//7297 6934//7278 6942//7296
f 6942//7296 6934//7278 5877//7301
f 6942//7296 5877//7301 5878//7295
f 5878//7295 5879//7302 6931//7275
f 6931//7275 5879//7302 5880//7303
f 6931//7275 5880//7303 6932//7276
f 6932//7276 5880//7303 5881//7304
f 6932//7276 5881//7304 6933//7277
f 6933//7277 5881//7304 5882//7305
f 6933//7277 5882//7305 5883//7306
f 6713//6990 6944//7298 6714//6991
f 6714//6991 6944//7298 6874//7197
f 6714//6991 6874//7197 6921//7265
f 6921//7265 6874//7197 6876//7199
f 6921//7265 6876//7199 6923//7267
f 6923//7267 6876//7199 6878//7201
f 6923//7267 6878//7201 6925//7269
f 6925//7269 6878//7201 6879//7202
f 6925//7269 6879//7202 6927//7271
f 6927//7271 6879//7202 6933//7277
f 6927//7271 6933//7277 6929//7273
f 6929//7273 6933//7277 5883//7306
f 6929//7273 5883//7306 5887//7289
f 6880//7203 6070//6221 6069//6220
f 6945//7307 6873//7196 6946//7308
f 6946//7308 6873//7196 6710//6987
f 6946//7308 6710//6987 6947//7309
f 6947//7309 6710//6987 6712//6989
f 6947//7309 6712//6989 6948//7310
f 6948//7310 6712//6989 6880//7203
f 6948//7310 6880//7203 6694//6968
f 6694//6968 6880//7203 6069//6220
f 6694//6968 6069//6220 6092//6244
f 6716//6993 6718//6995 6919//7253
f 6919//7253 6718//6995 6937//7281
f 6919//7253 6937//7281 6918//7252
f 6918//7252 6937//7281 6939//7283
f 6918//7252 6939//7283 6917//7251
f 6917//7251 6939//7283 5898//7285
f 6917//7251 5898//7285 5897//7250
f 6070//6221 6880//7203 6072//6223
f 6072//6223 6880//7203 6881//7204
f 6072//6223 6881//7204 6073//6224
f 6073//6224 6881//7204 6882//7205
f 6073//6224 6882//7205 6552//6817
f 6552//6817 6882//7205 6883//7206
f 6552//6817 6883//7206 6593//6860
f 7574//7311 6950//7312 6951//7313
f 6952//7314 6953//7315 6954//7316
f 6954//7316 6953//7315 6955//7317
f 6951//7313 6956//7318 6949//7319
f 6949//7319 6956//7318 7575//7320
f 7574//7311 6957//7321 6952//7314
f 6952//7314 7575//7320 6958//7322
f 6952//7314 6958//7322 6953//7315
f 6959//7323 6960//7324 6961//7325
f 6961//7325 6960//7324 6962//7326
f 6961//7325 6962//7326 6963//7327
f 6963//7327 6962//7326 6964//7328
f 6964//7328 6962//7326 6965//7329
f 6964//7328 6965//7329 6966//7330
f 7606//7331 6967//7332 6954//7316
f 6954//7316 6967//7332 6968//7333
f 6954//7316 6968//7333 6969//7334
f 6969//7334 6968//7333 6970//7335
f 6969//7334 6970//7335 6965//7329
f 6965//7329 6970//7335 6971//7336
f 6965//7329 6971//7336 6966//7330
f 6959//7323 6972//7337 6960//7324
f 6960//7324 6972//7337 6973//7338
f 6960//7324 6973//7338 6974//7339
f 6975//7340 6976//7341 7748//7342
f 6977//7343 6976//7341 6978//7344
f 6973//7338 6979//7345 6974//7339
f 6974//7339 6979//7345 6980//7346
f 6974//7339 6980//7346 6978//7344
f 7751//7347 6980//7346 6981//7348
f 7751//7347 6981//7348 7748//7342
f 6982//7349 6983//7350 6984//7351
f 6984//7351 6983//7350 6985//7352
f 6986//7353 6987//7354 6988//7355
f 6988//7355 6987//7354 6989//7356
f 6984//7351 6990//7357 6982//7349
f 6982//7349 6990//7357 6991//7358
f 6982//7349 6991//7358 6989//7356
f 6989//7356 6991//7358 6992//7359
f 6989//7356 6992//7359 6988//7355
f 6975//7340 6993//7360 6976//7341
f 6976//7341 6993//7360 6994//7361
f 6976//7341 6994//7361 6995//7362
f 6995//7362 6994//7361 6996//7363
f 6995//7362 6996//7363 6983//7350
f 6983//7350 6996//7363 6997//7364
f 6983//7350 6997//7364 6985//7352
f 6998//7365 6999//7366 7000//7367
f 6986//7353 7001//7368 6987//7354
f 6987//7354 7001//7368 7002//7369
f 6987//7354 7002//7369 7000//7367
f 7000//7367 7002//7369 7003//7370
f 7000//7367 7003//7370 6998//7365
f 6998//7365 7004//7371 6999//7366
f 6999//7366 7004//7371 7005//7372
f 6999//7366 7005//7372 7006//7373
f 7006//7373 7005//7372 7007//7374
f 7006//7373 7007//7374 7008//7375
f 7009//7376 7010//7377 7011//7378
f 7011//7378 7010//7377 7012//7379
f 7011//7378 7012//7379 7013//7380
f 7014//7381 7015//7382 7016//7383
f 7016//7383 7015//7382 7017//7384
f 7012//7379 7018//7385 7013//7380
f 7013//7380 7018//7385 7019//7386
f 7013//7380 7019//7386 7017//7384
f 7017//7384 7019//7386 7020//7387
f 7017//7384 7020//7387 7016//7383
f 7009//7376 7011//7378 7021//7388
f 7021//7388 7011//7378 7022//7389
f 7021//7388 7022//7389 7023//7390
f 8037//7391 7024//7392 7015//7382
f 7015//7382 7024//7392 7025//7393
f 7015//7382 7025//7393 7026//7394
f 7026//7394 7025//7393 7027//7395
f 7026//7394 7027//7395 7028//7396
f 7028//7396 7027//7395 7029//7397
f 7030//7398 7031//7399 7032//7400
f 7032//7400 7031//7399 7033//7401
f 7029//7397 7034//7402 7028//7396
f 7028//7396 7034//7402 7035//7403
f 7028//7396 7035//7403 7033//7401
f 7033//7401 7035//7403 7036//7404
f 7033//7401 7036//7404 7032//7400
f 7037//7405 7038//7406 7039//7407
f 7040//7408 7041//7409 7042//7410
f 7037//7405 7043//7411 7038//7406
f 7038//7406 7043//7411 7044//7412
f 7038//7406 7044//7412 7041//7409
f 7041//7409 7044//7412 7045//7413
f 7041//7409 7045//7413 7042//7410
f 7030//7398 7721//7414 7031//7399
f 7031//7399 7046//7415 7047//7416
f 7031//7399 7047//7416 7039//7407
f 7039//7407 7047//7416 7048//7417
f 7039//7407 7048//7417 7037//7405
f 6409//6666 6410//6667 7049//7418
f 7049//7418 6410//6667 7040//7408
f 7049//7418 7040//7408 7050//7419
f 7050//7419 7040//7408 7042//7410
f 6702//6975 6704//6977 7051//7420
f 7051//7420 6704//6977 7052//7421
f 7051//7420 7052//7421 7053//7422
f 7053//7422 7052//7421 7054//7423
f 7053//7422 7054//7423 6869//7192
f 6869//7192 7054//7423 7055//7424
f 6869//7192 7055//7424 6870//7193
f 6870//7193 7055//7424 7056//7425
f 6870//7193 7056//7425 6936//7280
f 6936//7280 7056//7425 6940//7286
f 6936//7280 6940//7286 6938//7282
f 6938//7282 6940//7286 5933//7288
f 6938//7282 5933//7288 5869//7284
f 6700//6973 6699//6972 7057//7426
f 7057//7426 6699//6972 7058//7427
f 7057//7426 7058//7427 7059//7428
f 6697//6971 6696//6970 7060//7429
f 7060//7429 6696//6970 7061//7430
f 7060//7429 7061//7430 7062//7431
f 7062//7431 7061//7430 7063//7432
f 7062//7431 7063//7432 7064//7433
f 7064//7433 7063//7432 7065//7434
f 7064//7433 7065//7434 7066//7435
f 7066//7435 7065//7434 7067//7436
f 7066//7435 7067//7436 7068//7437
f 7068//7437 7067//7436 6941//7292
f 7068//7437 6941//7292 7069//7438
f 7069//7438 6941//7292 5932//7294
f 7069//7438 5932//7294 5908//7439
f 7066//7435 7059//7428 7064//7433
f 7064//7433 7059//7428 7058//7427
f 7064//7433 7058//7427 7062//7431
f 7062//7431 7058//7427 6699//6972
f 7062//7431 6699//6972 7060//7429
f 7060//7429 6699//6972 6701//6974
f 7060//7429 6701//6974 6697//6971
f 6703//6976 6700//6973 6704//6977
f 6704//6977 6700//6973 7057//7426
f 6704//6977 7057//7426 7052//7421
f 7052//7421 7057//7426 7059//7428
f 7052//7421 7059//7428 7054//7423
f 7054//7423 7059//7428 7066//7435
f 7054//7423 7066//7435 7055//7424
f 7055//7424 7066//7435 7068//7437
f 7055//7424 7068//7437 7056//7425
f 7056//7425 7068//7437 7069//7438
f 7056//7425 7069//7438 6940//7286
f 6940//7286 7069//7438 5908//7439
f 6940//7286 5908//7439 5909//7287
f 7070//7440 7071//7441 7072//7442
f 7072//7442 7071//7441 7073//7443
f 7072//7442 7073//7443 7074//7444
f 7074//7444 7073//7443 7075//7445
f 7074//7444 7075//7445 7076//7446
f 7076//7446 7075//7445 7077//7447
f 7076//7446 7077//7447 7078//7448
f 7078//7448 7077//7447 7079//7449
f 7078//7448 7079//7449 7080//7450
f 7080//7450 7079//7449 7081//7451
f 7080//7450 7081//7451 7082//7452
f 7082//7452 7081//7451 7083//7453
f 7082//7452 7083//7453 7084//7454
f 7084//7454 7083//7453 7085//7455
f 7084//7454 7085//7455 7086//7456
f 7086//7456 7085//7455 7087//7457
f 7086//7456 7087//7457 7088//7458
f 7088//7458 7087//7457 6695//6969
f 7088//7458 6695//6969 7089//7459
f 7089//7459 6695//6969 6531//6796
f 7089//7459 6531//6796 6530//6795
f 6703//6976 7070//7440 6700//6973
f 6700//6973 7070//7440 7072//7442
f 6700//6973 7072//7442 6701//6974
f 6701//6974 7072//7442 7074//7444
f 6701//6974 7074//7444 6697//6971
f 6697//6971 7074//7444 7076//7446
f 6697//6971 7076//7446 6698//5773
f 6698//5773 7076//7446 7078//7448
f 6698//5773 7078//7448 7090//7460
f 7090//7460 7078//7448 7080//7450
f 7090//7460 7080//7450 7091//7461
f 7091//7461 7080//7450 7082//7452
f 7091//7461 7082//7452 7092//7462
f 7092//7462 7082//7452 7084//7454
f 7092//7462 7084//7454 7093//7463
f 7093//7463 7084//7454 7086//7456
f 7093//7463 7086//7456 7094//7464
f 7094//7464 7086//7456 7088//7458
f 7094//7464 7088//7458 7095//7465
f 7095//7465 7088//7458 7089//7459
f 7095//7465 7089//7459 7096//7466
f 7096//7466 7089//7459 6530//6795
f 7096//7466 6530//6795 6540//6805
f 6540//6805 6551//6816 7096//7466
f 7096//7466 6551//6816 7097//7467
f 7096//7466 7097//7467 7095//7465
f 7095//7465 7097//7467 7098//7468
f 7095//7465 7098//7468 7094//7464
f 7094//7464 7098//7468 7099//7469
f 7094//7464 7099//7469 7093//7463
f 7093//7463 7099//7469 7100//7470
f 7093//7463 7100//7470 7092//7462
f 7092//7462 7100//7470 7101//7471
f 7092//7462 7101//7471 7091//7461
f 7091//7461 7101//7471 7102//7472
f 7091//7461 7102//7472 7090//7460
f 7090//7460 7102//7472 7103//7473
f 7090//7460 7103//7473 6698//5773
f 6698//5773 7103//7473 7104//7474
f 6698//5773 7104//7474 6696//6970
f 6696//6970 7104//7474 7105//7475
f 6696//6970 7105//7475 7061//7430
f 7061//7430 7105//7475 7106//7476
f 7061//7430 7106//7476 7063//7432
f 7063//7432 7106//7476 7107//7477
f 7063//7432 7107//7477 7065//7434
f 7065//7434 7107//7477 7108//7478
f 7065//7434 7108//7478 7067//7436
f 7067//7436 7108//7478 7109//7479
f 7067//7436 7109//7479 6941//7292
f 6941//7292 7109//7479 5890//7480
f 6941//7292 5890//7480 5931//7293
f 6410//6667 6411//6668 7040//7408
f 7040//7408 6411//6668 6695//6969
f 7040//7408 6695//6969 7041//7409
f 7041//7409 6695//6969 7087//7457
f 7041//7409 7087//7457 7038//7406
f 7038//7406 7087//7457 7085//7455
f 7038//7406 7085//7455 7039//7407
f 7039//7407 7085//7455 7083//7453
f 7039//7407 7083//7453 7031//7399
f 7031//7399 7083//7453 7081//7451
f 7031//7399 7081//7451 7033//7401
f 7033//7401 7081//7451 7079//7449
f 7033//7401 7079//7449 7028//7396
f 7028//7396 7079//7449 7077//7447
f 7028//7396 7077//7447 7026//7394
f 7026//7394 7077//7447 7075//7445
f 7026//7394 7075//7445 7015//7382
f 7015//7382 7075//7445 7073//7443
f 7015//7382 7073//7443 7017//7384
f 7017//7384 7073//7443 7071//7441
f 7017//7384 7071//7441 7013//7380
f 7013//7380 7071//7441 7070//7440
f 7013//7380 7070//7440 7011//7378
f 7011//7378 7070//7440 6703//6976
f 7011//7378 6703//6976 7022//7389
f 7022//7389 6703//6976 6702//6975
f 6402//6659 7110//7481 6403//6660
f 6403//6660 7110//7481 8071//7482
f 6403//6660 8071//7482 6056//6202
f 7112//7483 7113//7484 7114//7485
f 7110//7481 7115//7486 7111//7487
f 7111//7487 7115//7486 7116//7488
f 8071//7482 7116//7488 7113//7484
f 7113//7484 7116//7488 7117//7489
f 7113//7484 7117//7489 7114//7485
f 7118//7490 7119//7491 7120//7492
f 7120//7492 7119//7491 7121//7493
f 7122//7494 7736//7495 8051//7496
f 7124//7497 7123//7498 8050//7499
f 7119//7491 7126//7500 7121//7493
f 7121//7493 7126//7500 7127//7501
f 7121//7493 7127//7501 8050//7499
f 7125//7502 7127//7501 7128//7503
f 7125//7502 7128//7503 8051//7496
f 7114//7485 7129//7504 7112//7483
f 7112//7483 7129//7504 7130//7505
f 7112//7483 7130//7505 7120//7492
f 7120//7492 7130//7505 7131//7506
f 7120//7492 7131//7506 7118//7490
f 7417//7507 7133//7508 7418//7509
f 7132//7510 7135//7511 7133//7508
f 7133//7508 7135//7511 7136//7512
f 7133//7508 7136//7512 7137//7513
f 7138//7514 7139//7515 7140//7516
f 7138//7514 7140//7516 7795//7517
s 0
f 7142//7518 7784//7518 7786//7518
s 1
f 7144//7519 7783//7520 7787//7521
f 7140//7516 7146//7522 7141//7523
f 7141//7523 7146//7522 7794//7524
f 7795//7517 7147//7525 7787//7521
f 7145//7526 7794//7524 7148//7527
f 7145//7526 7148//7527 7785//7528
f 7136//7512 7149//7529 7137//7513
f 7137//7513 7149//7529 7150//7530
f 7137//7513 7150//7530 7151//7531
f 7151//7531 7150//7530 7152//7532
f 7151//7531 7152//7532 7138//7514
f 7138//7514 7152//7532 7153//7533
f 7138//7514 7153//7533 7139//7515
f 7122//7494 7154//7534 7736//7495
f 7736//7495 7154//7534 7737//7535
f 7123//7498 7155//7536 7418//7509
f 7134//7537 7737//7535 7156//7538
f 7134//7537 7156//7538 7132//7510
f 7782//7539 7157//7540 7143//7541
f 7143//7541 7157//7540 7158//7542
f 7783//7520 7158//7542 7159//7543
f 7159//7543 7158//7542 7160//7544
f 7159//7543 7160//7544 7161//7545
f 7161//7545 7160//7544 7162//7546
f 7163//7547 7164//7548 7165//7549
f 7165//7549 7164//7548 7166//7550
f 7162//7546 7167//7551 7161//7545
f 7161//7545 7167//7551 7168//7552
f 7161//7545 7168//7552 7166//7550
f 7166//7550 7168//7552 7169//7553
f 7166//7550 7169//7553 7165//7549
f 7170//7554 7171//7555 7490//7556
f 7173//7557 7959//7558 7175//7559
f 7175//7559 7174//7560 7176//7561
f 7172//7562 7177//7563 7452//7564
f 7452//7564 7177//7563 7453//7565
f 7170//7554 7178//7566 7959//7558
f 7174//7560 7453//7565 7179//7567
f 7174//7560 7179//7567 7176//7561
f 7163//7547 7463//7568 7164//7548
f 7164//7548 7180//7569 7181//7570
f 7164//7548 7181//7570 7171//7555
f 7171//7555 7181//7570 7182//7571
f 7171//7555 7182//7571 7172//7562
f 7183//7572 7184//7573 7185//7574
f 7186//7575 7187//7576 7188//7577
f 7188//7577 7933//7578 7189//7579
f 7185//7574 7190//7580 7183//7572
f 7183//7572 7190//7580 7191//7581
f 7183//7572 7191//7581 7189//7579
f 7189//7579 7191//7581 7192//7582
f 7189//7579 7192//7582 7188//7577
f 7193//7583 7194//7584 7936//7585
f 7935//7586 7196//7587 7194//7584
f 7194//7584 7196//7587 7197//7588
f 7194//7584 7197//7588 7198//7589
f 7198//7589 7197//7588 7199//7590
f 7186//7575 7200//7591 7187//7576
f 7187//7576 7200//7591 7942//7592
f 7933//7578 7201//7593 7936//7585
f 7195//7594 7942//7592 7202//7595
f 7195//7594 7202//7595 7935//7586
f 7175//7559 7203//7596 7173//7557
f 7173//7557 7203//7596 7204//7597
f 7173//7557 7204//7597 7184//7573
f 7184//7573 7204//7597 7205//7598
f 7184//7573 7205//7598 7185//7574
f 7972//7599 7206//7600 7198//7589
f 7198//7589 7206//7600 7207//7601
f 7198//7589 7207//7601 7208//7602
f 7208//7602 7207//7601 7209//7603
f 7208//7602 7209//7603 6950//7312
f 6950//7312 7209//7603 7210//7604
f 6950//7312 7210//7604 6951//7313
f 7211//7605 7212//7606 7213//7607
f 7213//7607 7212//7606 7214//7608
f 7213//7607 7214//7608 7215//7609
f 7215//7609 7214//7608 7216//7610
f 7215//7609 7216//7610 7217//7611
f 7217//7611 7216//7610 7218//7612
f 7217//7611 7218//7612 7219//7613
f 7219//7613 7218//7612 7220//7614
f 7219//7613 7220//7614 7221//7615
f 7221//7615 7220//7614 7222//7616
f 7221//7615 7222//7616 7223//7617
f 7223//7617 7222//7616 7224//7618
f 7223//7617 7224//7618 7225//7619
f 7225//7619 7224//7618 7226//7620
f 7225//7619 7226//7620 7227//7621
f 7227//7621 7226//7620 7228//7622
f 7227//7621 7228//7622 7229//7623
f 7229//7623 7228//7622 7230//7624
f 7229//7623 7230//7624 7231//7625
f 7231//7625 7230//7624 7232//7626
f 7231//7625 7232//7626 7233//7627
f 7233//7627 7232//7626 7234//7628
f 7233//7627 7234//7628 7235//7629
f 7235//7629 7234//7628 7236//7630
f 7235//7629 7236//7630 7237//7631
f 7237//7631 7236//7630 7238//7632
f 7237//7631 7238//7632 7239//7633
f 7239//7633 7238//7632 7240//7634
f 7239//7633 7240//7634 7241//7635
f 7241//7635 7240//7634 7242//7636
f 7241//7635 7242//7636 7243//7637
f 7243//7637 7242//7636 7244//7638
f 7243//7637 7244//7638 7245//7639
f 7245//7639 7244//7638 7246//7640
f 7245//7639 7246//7640 7247//7641
f 7247//7641 7246//7640 7248//7642
f 7247//7641 7248//7642 7249//7643
f 7249//7643 7248//7642 7250//7644
f 7249//7643 7250//7644 7251//7645
f 7251//7645 7250//7644 7252//7646
f 7251//7645 7252//7646 7253//7647
f 7253//7647 7252//7646 7254//7648
f 7253//7647 7254//7648 7255//7649
f 7255//7649 7254//7648 7256//7650
f 7255//7649 7256//7650 7257//7651
f 7257//7651 7256//7650 7258//7652
f 7257//7651 7258//7652 7259//7653
f 7259//7653 7258//7652 7260//7654
f 7259//7653 7260//7654 7261//7655
f 7261//7655 7260//7654 7262//7656
f 7261//7655 7262//7656 7263//7657
f 7263//7657 7262//7656 7264//7658
f 7263//7657 7264//7658 7265//7659
f 7265//7659 7264//7658 7266//7660
f 7265//7659 7266//7660 7267//7661
f 7267//7661 7266//7660 7268//7662
f 7267//7661 7268//7662 7269//7663
f 7269//7663 7268//7662 7270//7664
f 7269//7663 7270//7664 7271//7665
f 7271//7665 7270//7664 7272//7666
f 7271//7665 7272//7666 7273//7667
f 7273//7667 7272//7666 7274//7668
f 7273//7667 7274//7668 7275//7669
f 7275//7669 7274//7668 7276//7670
f 7275//7669 7276//7670 7277//7671
f 7277//7671 7276//7670 7278//7672
f 7277//7671 7278//7672 7279//7673
f 7279//7673 7278//7672 7280//7674
f 7279//7673 7280//7674 7281//7675
f 7281//7675 7280//7674 7282//7676
f 7281//7675 7282//7676 7283//7677
f 7283//7677 7282//7676 7284//7678
f 7283//7677 7284//7678 7285//7679
f 7285//7679 7284//7678 7286//7680
f 7285//7679 7286//7680 7287//7681
f 7287//7681 7286//7680 7288//7682
f 7287//7681 7288//7682 7289//7683
f 7289//7683 7288//7682 7290//7684
f 7289//7683 7290//7684 7291//7685
f 7291//7685 7290//7684 7292//7686
f 7291//7685 7292//7686 7293//7687
f 7293//7687 7292//7686 7294//7688
f 7293//7687 7294//7688 7295//7689
f 7295//7689 7294//7688 7296//7690
f 7295//7689 7296//7690 7297//7691
f 7297//7691 7296//7690 7298//7692
f 7297//7691 7298//7692 7299//7693
f 7299//7693 7298//7692 7300//7694
f 7299//7693 7300//7694 7301//7695
f 7301//7695 7300//7694 7302//7696
f 7301//7695 7302//7696 7303//7697
f 7303//7697 7302//7696 7304//7698
f 7303//7697 7304//7698 7305//7699
f 7305//7699 7304//7698 7306//7700
f 7305//7699 7306//7700 7307//7701
f 7307//7701 7306//7700 7308//7702
f 7307//7701 7308//7702 7309//7703
f 7309//7703 7308//7702 7310//7704
f 7309//7703 7310//7704 6057//6203
f 6057//6203 7310//7704 6594//6861
f 7006//7373 7211//7605 6999//7366
f 6999//7366 7211//7605 7213//7607
f 6999//7366 7213//7607 7000//7367
f 7000//7367 7213//7607 7215//7609
f 7000//7367 7215//7609 6987//7354
f 6987//7354 7215//7609 7217//7611
f 6987//7354 7217//7611 6989//7356
f 6989//7356 7217//7611 7219//7613
f 6989//7356 7219//7613 6982//7349
f 6982//7349 7219//7613 7221//7615
f 6982//7349 7221//7615 7880//7705
f 7880//7705 7221//7615 7223//7617
f 7880//7705 7223//7617 6995//7362
f 6995//7362 7223//7617 7225//7619
f 6995//7362 7225//7619 6976//7341
f 6976//7341 7225//7619 7227//7621
f 6976//7341 7227//7621 6978//7344
f 6978//7344 7227//7621 7229//7623
f 6978//7344 7229//7623 6974//7339
f 6974//7339 7229//7623 7231//7625
f 6974//7339 7231//7625 6960//7324
f 6960//7324 7231//7625 7233//7627
f 6960//7324 7233//7627 6962//7326
f 6962//7326 7233//7627 7235//7629
f 6962//7326 7235//7629 6965//7329
f 6965//7329 7235//7629 7237//7631
f 6965//7329 7237//7631 6969//7334
f 6969//7334 7237//7631 7239//7633
f 6969//7334 7239//7633 6954//7316
f 6954//7316 7239//7633 7241//7635
f 6954//7316 7241//7635 6952//7314
f 6952//7314 7241//7635 7243//7637
f 6952//7314 7243//7637 7574//7311
f 7574//7311 7243//7637 7245//7639
f 7574//7311 7245//7639 6950//7312
f 6950//7312 7245//7639 7247//7641
f 6950//7312 7247//7641 7208//7602
f 7208//7602 7247//7641 7249//7643
f 7208//7602 7249//7643 7198//7589
f 7198//7589 7249//7643 7251//7645
f 7198//7589 7251//7645 7194//7584
f 7194//7584 7251//7645 7253//7647
f 7194//7584 7253//7647 7936//7585
f 7936//7585 7253//7647 7255//7649
f 7936//7585 7255//7649 7933//7578
f 7933//7578 7255//7649 7257//7651
f 7933//7578 7257//7651 7189//7579
f 7189//7579 7257//7651 7259//7653
f 7189//7579 7259//7653 7183//7572
f 7183//7572 7259//7653 7261//7655
f 7183//7572 7261//7655 7184//7573
f 7184//7573 7261//7655 7263//7657
f 7184//7573 7263//7657 7173//7557
f 7173//7557 7263//7657 7265//7659
f 7173//7557 7265//7659 7959//7558
f 7959//7558 7265//7659 7267//7661
f 7959//7558 7267//7661 7170//7554
f 7170//7554 7267//7661 7269//7663
f 7170//7554 7269//7663 7171//7555
f 7171//7555 7269//7663 7271//7665
f 7171//7555 7271//7665 7164//7548
f 7164//7548 7271//7665 7273//7667
f 7164//7548 7273//7667 7166//7550
f 7166//7550 7273//7667 7275//7669
f 7166//7550 7275//7669 7161//7545
f 7161//7545 7275//7669 7277//7671
f 7161//7545 7277//7671 7159//7543
f 7159//7543 7277//7671 7279//7673
f 7159//7543 7279//7673 7783//7520
f 7783//7520 7279//7673 7281//7675
f 7783//7520 7281//7675 7787//7521
f 7787//7521 7281//7675 7283//7677
f 7787//7521 7283//7677 7795//7517
f 7795//7517 7283//7677 7285//7679
f 7795//7517 7285//7679 7138//7514
f 7138//7514 7285//7679 7287//7681
f 7138//7514 7287//7681 7151//7531
f 7151//7531 7287//7681 7289//7683
f 7151//7531 7289//7683 7137//7513
f 7137//7513 7289//7683 7291//7685
f 7137//7513 7291//7685 7133//7508
f 7133//7508 7291//7685 7293//7687
f 7133//7508 7293//7687 7418//7509
f 7418//7509 7293//7687 7295//7689
f 7418//7509 7295//7689 7123//7498
f 7123//7498 7295//7689 7297//7691
f 7123//7498 7297//7691 8050//7499
f 8050//7499 7297//7691 7299//7693
f 8050//7499 7299//7693 7121//7493
f 7121//7493 7299//7693 7301//7695
f 7121//7493 7301//7695 7120//7492
f 7120//7492 7301//7695 7303//7697
f 7120//7492 7303//7697 7112//7483
f 7112//7483 7303//7697 7305//7699
f 7112//7483 7305//7699 7113//7484
f 7113//7484 7305//7699 7307//7701
f 7113//7484 7307//7701 8071//7482
f 8071//7482 7307//7701 7309//7703
f 8071//7482 7309//7703 6056//6202
f 6056//6202 7309//7703 6057//6203
f 6715//6992 6945//7307 6713//6990
f 6713//6990 6945//7307 6946//7308
f 6713//6990 6946//7308 6709//6986
f 6709//6986 6946//7308 6947//7309
f 6709//6986 6947//7309 6707//6984
f 6707//6984 6947//7309 6948//7310
f 6707//6984 6948//7310 6705//6980
f 6705//6980 6948//7310 6694//6968
f 6705//6980 6694//6968 5930//6978
f 5930//6978 6694//6968 5929//6243
f 6856//7172 6908//7232 6854//7170
f 6854//7170 6908//7232 6906//7230
f 6854//7170 6906//7230 6852//7168
f 6852//7168 6906//7230 6904//7228
f 6852//7168 6904//7228 6851//7167
f 6851//7167 6904//7228 6706//6983
f 6851//7167 6706//6983 6036//7166
f 6036//7166 6706//6983 6030//6982
f 6551//6816 6593//6860 7097//7467
f 7097//7467 6593//6860 6883//7206
f 7097//7467 6883//7206 7098//7468
f 7098//7468 6883//7206 6871//7194
f 7098//7468 6871//7194 7099//7469
f 7099//7469 6871//7194 6872//7195
f 7099//7469 6872//7195 7100//7470
f 7100//7470 6872//7195 6873//7196
f 7100//7470 6873//7196 7101//7471
f 7101//7471 6873//7196 6945//7307
f 7101//7471 6945//7307 7102//7472
f 7102//7472 6945//7307 6715//6992
f 7102//7472 6715//6992 7103//7473
f 7103//7473 6715//6992 6920//7264
f 7103//7473 6920//7264 7104//7474
f 7104//7474 6920//7264 6922//7266
f 7104//7474 6922//7266 7105//7475
f 7105//7475 6922//7266 6924//7268
f 7105//7475 6924//7268 7106//7476
f 7106//7476 6924//7268 6926//7270
f 7106//7476 6926//7270 7107//7477
f 7107//7477 6926//7270 6928//7272
f 7107//7477 6928//7272 7108//7478
f 7108//7478 6928//7272 6930//7274
f 7108//7478 6930//7274 7109//7479
f 7109//7479 6930//7274 5889//7291
f 7109//7479 5889//7291 5890//7480
f 6165//6356 6594//6861 6767//7056
f 6767//7056 6594//6861 7310//7704
f 6767//7056 7310//7704 6768//7057
f 6768//7057 7310//7704 7308//7702
f 6768//7057 7308//7702 6761//7050
f 6761//7050 7308//7702 7306//7700
f 6761//7050 7306//7700 6762//7051
f 6762//7051 7306//7700 7304//7698
f 6762//7051 7304//7698 6764//7053
f 6764//7053 7304//7698 7302//7696
f 6764//7053 7302//7696 6765//7054
f 6765//7054 7302//7696 7300//7694
f 6765//7054 7300//7694 6758//7047
f 6758//7047 7300//7694 7298//7692
f 6758//7047 7298//7692 6759//7048
f 6759//7048 7298//7692 7296//7690
f 6759//7048 7296//7690 6755//7044
f 6755//7044 7296//7690 7294//7688
f 6755//7044 7294//7688 6756//7045
f 6756//7045 7294//7688 7292//7686
f 6756//7045 7292//7686 6749//7038
f 6749//7038 7292//7686 7290//7684
f 6749//7038 7290//7684 6750//7039
f 6750//7039 7290//7684 7288//7682
f 6750//7039 7288//7682 6752//7041
f 6752//7041 7288//7682 7286//7680
f 6752//7041 7286//7680 6753//7042
f 6753//7042 7286//7680 7284//7678
f 6753//7042 7284//7678 6771//7060
f 6771//7060 7284//7678 7282//7676
f 6771//7060 7282//7676 6818//7120
f 6818//7120 7282//7676 7280//7674
f 6818//7120 7280//7674 6816//7118
f 6816//7118 7280//7674 7278//7672
f 6816//7118 7278//7672 6814//7116
f 6814//7116 7278//7672 7276//7670
f 6814//7116 7276//7670 6812//7114
f 6812//7114 7276//7670 7274//7668
f 6812//7114 7274//7668 6810//7112
f 6810//7112 7274//7668 7272//7666
f 6810//7112 7272//7666 6808//7110
f 6808//7110 7272//7666 7270//7664
f 6808//7110 7270//7664 6806//7108
f 6806//7108 7270//7664 7268//7662
f 6806//7108 7268//7662 6804//7106
f 6804//7106 7268//7662 7266//7660
f 6804//7106 7266//7660 6743//7022
f 6743//7022 7266//7660 7264//7658
f 6743//7022 7264//7658 6850//7165
f 6850//7165 7264//7658 7262//7656
f 6850//7165 7262//7656 6849//7164
f 6849//7164 7262//7656 7260//7654
f 6849//7164 7260//7654 6857//7173
f 6857//7173 7260//7654 7258//7652
f 6857//7173 7258//7652 6856//7172
f 6856//7172 7258//7652 7256//7650
f 6856//7172 7256//7650 6908//7232
f 6908//7232 7256//7650 7254//7648
f 6908//7232 7254//7648 6907//7231
f 6907//7231 7254//7648 7252//7646
f 6907//7231 7252//7646 6738//7017
f 6738//7017 7252//7646 7250//7644
f 6738//7017 7250//7644 6739//7018
f 6739//7018 7250//7644 7248//7642
f 6739//7018 7248//7642 6865//7188
f 6865//7188 7248//7642 7246//7640
f 6865//7188 7246//7640 6858//7181
f 6858//7181 7246//7640 7244//7638
f 6858//7181 7244//7638 6731//7008
f 6731//7008 7244//7638 7242//7636
f 6731//7008 7242//7636 6732//7009
f 6732//7009 7242//7636 7240//7634
f 6732//7009 7240//7634 6734//7011
f 6734//7011 7240//7634 7238//7632
f 6734//7011 7238//7632 6735//7012
f 6735//7012 7238//7632 7236//7630
f 6735//7012 7236//7630 6719//6996
f 6719//6996 7236//7630 7234//7628
f 6719//6996 7234//7628 6720//6997
f 6720//6997 7234//7628 7232//7626
f 6720//6997 7232//7626 6728//7005
f 6728//7005 7232//7626 7230//7624
f 6728//7005 7230//7624 6729//7006
f 6729//7006 7230//7624 7228//7622
f 6729//7006 7228//7622 6722//6999
f 6722//6999 7228//7622 7226//7620
f 6722//6999 7226//7620 6723//7000
f 6723//7000 7226//7620 7224//7618
f 6723//7000 7224//7618 6725//7002
f 6725//7002 7224//7618 7222//7616
f 6725//7002 7222//7616 6726//7003
f 6726//7003 7222//7616 7220//7614
f 6726//7003 7220//7614 6716//6993
f 6716//6993 7220//7614 7218//7612
f 6716//6993 7218//7612 6717//6994
f 6717//6994 7218//7612 7216//7610
f 6717//6994 7216//7610 6869//7192
f 6869//7192 7216//7610 7214//7608
f 6869//7192 7214//7608 7053//7422
f 7053//7422 7214//7608 7212//7606
f 7053//7422 7212//7606 7051//7420
f 7051//7420 7212//7606 7211//7605
f 7051//7420 7211//7605 6702//6975
f 6702//6975 7211//7605 7006//7373
f 6702//6975 7006//7373 7022//7389
f 7022//7389 7006//7373 7008//7375
f 7022//7389 7008//7375 7023//7390
f 7592//7706 7593//7707 6496//6759
f 7048//7417 7313//7708 7037//7405
f 7037//7405 7313//7708 7314//7709
f 7037//7405 7314//7709 7043//7411
f 7050//7419 7042//7410 7315//7710
f 7315//7710 7042//7410 7045//7413
f 7315//7710 7045//7413 7314//7709
f 7314//7709 7045//7413 7044//7412
f 7314//7709 7044//7412 7043//7411
f 7035//7403 7604//7711 7036//7404
f 7036//7404 7604//7711 7317//7712
f 7036//7404 7317//7712 7032//7400
f 7048//7417 7047//7416 7313//7708
f 7313//7708 7047//7416 7721//7414
f 7313//7708 7721//7414 7317//7712
f 7317//7712 7721//7414 7030//7398
f 7317//7712 7030//7398 7032//7400
f 7024//7392 7318//7713 7025//7393
f 7025//7393 7318//7713 7605//7714
f 7035//7403 7034//7402 7604//7711
f 7604//7711 7034//7402 7029//7397
f 7604//7711 7029//7397 7605//7714
f 7605//7714 7029//7397 7027//7395
f 7605//7714 7027//7395 7025//7393
f 7019//7386 7018//7385 7621//7715
f 7621//7715 7018//7385 7012//7379
f 7621//7715 7012//7379 7321//7716
f 7024//7392 8037//7391 7318//7713
s 0
f 7318//7717 8037//7717 7016//7717
s 1
f 7318//7718 7016//7383 7621//7715
f 7621//7715 7016//7383 7020//7387
f 7621//7715 7020//7387 7019//7386
f 7640//7719 7023//7390 7323//7720
f 7323//7720 7023//7390 7008//7375
f 7323//7720 7008//7375 7007//7374
f 7012//7379 7010//7377 7321//7716
s 0
f 7321//7721 7010//7721 7009//7721
s 1
f 7321//7716 7009//7376 7640//7719
f 7640//7719 7009//7376 7021//7388
f 7640//7719 7021//7388 7023//7390
f 7324//7722 7003//7370 7002//7369
f 7324//7722 7002//7369 7325//7723
f 7007//7374 7005//7372 7323//7720
f 7323//7720 7005//7372 7004//7371
f 7323//7720 7004//7371 7324//7722
f 7324//7722 7004//7371 6998//7365
f 7324//7722 6998//7365 7003//7370
f 6992//7359 6991//7358 7668//7724
f 7668//7724 6991//7358 6990//7357
f 7668//7724 6990//7357 7669//7725
f 7002//7369 7001//7368 7325//7723
s 0
f 7325//7726 7001//7726 6986//7726
s 1
f 7325//7723 6986//7353 7668//7724
f 7668//7724 6986//7353 6988//7355
f 7668//7724 6988//7355 6992//7359
f 6997//7364 7483//7727 6985//7352
f 6985//7352 7483//7727 7669//7725
f 6985//7352 7669//7725 6984//7351
f 6984//7351 7669//7725 6990//7357
f 7748//7342 6981//7348 7464//7728
f 6997//7364 6996//7363 7483//7727
f 7483//7727 6996//7363 6994//7361
f 7483//7727 6994//7361 7465//7729
f 7465//7729 6994//7361 6993//7360
s 0
f 7465//7730 6993//7730 7464//7730
f 7464//7731 6993//7731 6975//7731
s 1
f 7464//7728 6975//7340 7748//7342
f 6981//7348 6980//7346 7464//7728
f 7464//7728 6980//7346 6979//7345
f 7464//7728 6979//7345 7484//7732
f 7484//7732 6979//7345 6973//7338
f 7484//7732 6973//7338 7451//7733
f 7451//7733 6973//7338 6972//7337
f 7451//7733 6972//7337 6959//7323
f 6959//7323 6961//7325 7451//7733
f 7451//7733 6961//7325 6963//7327
f 7451//7733 6963//7327 7448//7734
f 7448//7734 6963//7327 6964//7328
f 7448//7734 6964//7328 7449//7735
s 0
f 7449//7736 6964//7736 6966//7736
f 6966//7737 6971//7737 7449//7737
s 1
f 7449//7735 6971//7336 6970//7335
f 7449//7735 6970//7335 6968//7333
f 6968//7333 6967//7332 7449//7735
f 7449//7735 6967//7332 7606//7331
f 7449//7735 7606//7331 7568//7738
f 7568//7738 7606//7331 6953//7315
f 7568//7738 6953//7315 7441//7739
f 7441//7739 6953//7315 6958//7322
f 7441//7739 6958//7322 7575//7320
f 7575//7320 6956//7318 7441//7739
f 7441//7739 6956//7318 6951//7313
f 7441//7739 6951//7313 7428//7740
f 7428//7740 6951//7313 7210//7604
f 7428//7740 7210//7604 7424//7741
f 7424//7741 7210//7604 7209//7603
f 7209//7603 7207//7601 7424//7741
f 7424//7741 7207//7601 7206//7600
f 7424//7741 7206//7600 7425//7742
f 7425//7742 7206//7600 7972//7599
f 7425//7742 7972//7599 7442//7743
f 7442//7743 7972//7599 7197//7588
f 7442//7743 7197//7588 7196//7587
f 7196//7587 7935//7586 7442//7743
f 7442//7743 7935//7586 7202//7595
f 7442//7743 7202//7595 7493//7744
s 0
f 7186//7745 7444//7745 7200//7745
s 1
f 7200//7591 7444//7746 7493//7744
f 7200//7591 7493//7744 7942//7592
f 7942//7592 7493//7744 7202//7595
f 7186//7575 7188//7577 7444//7747
f 7444//7747 7188//7577 7192//7582
f 7444//7747 7192//7582 7445//7748
f 7205//7598 7204//7597 7460//7749
f 7192//7582 7191//7581 7445//7748
s 0
f 7445//7750 7191//7750 7190//7750
s 1
f 7445//7748 7190//7580 7460//7749
f 7460//7749 7190//7580 7185//7574
f 7460//7749 7185//7574 7205//7598
f 7204//7597 7203//7596 7460//7749
f 7460//7749 7203//7596 7175//7559
f 7460//7749 7175//7559 8081//7751
f 8081//7751 7175//7559 7176//7561
f 8081//7751 7176//7561 7415//7752
s 0
f 7415//7753 7176//7753 7179//7753
s 1
f 7415//7752 7179//7567 7453//7565
f 7453//7565 7177//7563 7415//7752
f 7415//7752 7177//7563 7172//7562
f 7415//7752 7172//7562 7416//7754
f 7416//7754 7172//7562 7182//7571
f 7416//7754 7182//7571 8077//7755
f 7182//7571 7181//7570 8077//7755
f 8077//7755 7181//7570 7463//7568
f 8077//7755 7463//7568 7163//7547
f 7163//7547 7165//7549 8077//7755
f 8077//7755 7165//7549 7169//7553
f 8077//7755 7169//7553 8078//7756
f 8078//7756 7169//7553 7168//7552
f 8078//7756 7168//7552 8074//7757
s 0
f 7168//7758 7167//7758 8074//7758
f 8074//7759 7167//7759 7162//7759
s 1
f 8074//7757 7162//7546 7160//7544
f 7160//7544 7158//7542 8074//7757
f 8074//7757 7158//7542 7157//7540
f 8074//7757 7157//7540 8013//7760
f 8013//7760 7157//7540 7782//7539
f 8013//7760 7782//7539 8014//7761
s 0
f 8014//7762 7782//7762 7785//7762
s 1
f 8014//7763 7785//7528 7148//7527
f 7148//7527 7794//7524 8014//7763
f 8014//7763 7794//7524 7146//7522
f 8014//7763 7146//7522 8015//7764
s 0
f 7153//7765 8017//7765 7139//7765
s 1
f 7139//7515 8017//7766 8015//7764
f 7139//7515 8015//7764 7140//7516
f 7140//7516 8015//7764 7146//7522
f 7153//7533 7152//7532 8017//7766
f 8017//7766 7152//7532 7150//7530
f 8017//7766 7150//7530 8021//7767
f 8021//7767 7150//7530 7149//7529
f 8021//7767 7149//7529 8022//7768
f 8022//7768 7149//7529 7136//7512
f 8022//7768 7136//7512 7135//7511
f 7135//7511 7132//7510 8022//7768
f 8022//7768 7132//7510 7156//7538
f 8022//7768 7156//7538 8035//7769
f 7122//7494 8033//7770 7154//7534
f 7154//7534 8033//7770 8035//7769
f 7154//7534 8035//7769 7737//7535
f 7737//7535 8035//7769 7156//7538
f 7122//7494 8051//7496 8033//7770
f 8033//7770 8051//7496 7128//7503
f 8033//7770 7128//7503 8026//7771
f 7128//7503 7127//7501 8026//7771
f 8026//7771 7127//7501 7126//7500
f 8026//7771 7126//7500 8027//7772
f 8027//7772 7126//7500 7119//7491
f 8027//7772 7119//7491 7118//7490
f 7118//7490 7131//7506 8027//7772
f 8027//7772 7131//7506 7130//7505
f 8027//7772 7130//7505 8060//7773
f 7117//7489 8061//7774 7114//7485
f 7114//7485 8061//7774 8060//7773
f 7114//7485 8060//7773 7129//7504
f 7129//7504 8060//7773 7130//7505
f 6402//6659 8063//7775 7110//7481
f 7110//7481 8063//7775 8062//7776
f 7110//7481 8062//7776 7115//7486
f 7115//7486 8062//7776 8061//7774
f 7115//7486 8061//7774 7116//7488
s 0
f 7116//7777 8061//7777 7117//7777
s 1
f 6402//6659 6404//6661 8063//7775
f 8063//7775 6404//6661 6405//6662
f 8063//7775 6405//6662 8057//7778
f 8057//7778 6405//6662 6393//6646
f 8057//7778 6393//6646 6398//6653
f 6398//6653 7504//6650 8057//7778
f 8057//7778 7504//6650 6396//6649
f 8057//7778 6396//6649 8043//7779
f 8043//7779 6396//6649 6389//6640
f 8043//7779 6389//6640 8044//7780
f 7450//6655 8040//7781 6401//6658
f 6401//6658 8040//7781 8044//7780
f 6401//6658 8044//7780 8076//6642
f 8076//6642 8044//7780 6389//6640
f 7450//6655 6399//6654 8040//7781
f 8040//7781 6399//6654 6383//6634
f 8040//7781 6383//6634 8041//7782
f 8041//7782 6383//6634 6382//6633
f 6386//6637 8042//7783 6387//6638
f 6387//6638 8042//7783 8041//7782
f 6387//6638 8041//7782 6388//6639
f 6388//6639 8041//7782 6382//6633
f 6386//6637 6380//6631 8042//7783
f 8042//7783 6380//6631 6379//6630
f 8042//7783 6379//6630 8048//7784
f 6379//6630 6373//6621 8048//7784
f 8048//7784 6373//6621 6378//6629
f 8048//7784 6378//6629 8049//7785
f 8049//7785 6378//6629 7753//6626
f 8049//7785 7753//6626 6376//6624
f 6365//6611 8064//7786 6363//6609
f 6363//6609 8064//7786 8065//7787
f 6363//6609 8065//7787 6367//6614
f 6367//6614 8065//7787 8049//7785
s 0
f 6367//7788 8049//7788 7739//7788
s 1
f 7739//6615 8049//7785 6376//6624
f 6365//6611 6372//6620 8064//7786
f 8064//7786 6372//6620 6371//6619
f 8064//7786 6371//6619 6370//6618
f 6370//6618 6358//6601 8064//7786
f 8064//7786 6358//6601 6359//6602
f 8064//7786 6359//6602 7375//7789
f 6360//6605 7532//7790 6361//6606
f 6361//6606 7532//7790 7375//7789
f 6361//6606 7375//7789 6362//6608
f 6362//6608 7375//7789 6359//6602
f 6360//6605 7573//6597 7532//7790
f 7532//7790 7573//6597 6353//6596
f 7532//7790 6353//6596 7533//7791
f 7955//6590 7537//7792 6352//6594
f 6352//6594 7537//7792 7533//7791
f 6352//6594 7533//7791 6347//6595
f 6347//6595 7533//7791 6353//6596
f 6338//6577 6346//6585 7505//7793
f 7955//6590 6350//6589 7537//7792
f 7537//7792 6350//6589 6342//6581
f 7537//7792 6342//6581 7506//7794
f 7506//7794 6342//6581 6341//6580
f 7506//7794 6341//6580 7505//7793
f 7505//7793 6341//6580 6340//6579
f 7505//7793 6340//6579 6338//6577
f 6346//6585 6345//6584 7505//7793
f 7505//7793 6345//6584 6344//6583
f 7505//7793 6344//6583 7495//7795
f 8036//6572 7494//7796 6336//6575
f 6336//6575 7494//7796 7495//7795
f 6336//6575 7495//7795 6331//6568
f 6331//6568 7495//7795 6344//6583
f 8036//6572 6334//6571 7494//7796
f 7494//7796 6334//6571 6327//6562
f 7494//7796 6327//6562 7491//7797
f 6325//6560 7492//7798 6330//6567
f 6330//6567 7492//7798 7491//7797
f 6330//6567 7491//7797 8020//6564
f 8020//6564 7491//7797 6327//6562
f 6325//6560 6324//6559 7492//7798
f 7492//7798 6324//6559 6309//6543
f 7492//7798 6309//6543 8070//7799
f 6309//6543 6308//6542 8070//7799
f 8070//7799 6308//6542 6314//6548
f 8070//7799 6314//6548 8072//7800
f 6314//6548 6313//6547 8072//7800
f 8072//7800 6313//6547 6323//6558
f 8072//7800 6323//6558 6322//6557
f 6322//6557 6321//6556 8072//7800
s 0
f 8072//7801 6321//7801 6315//7801
s 1
f 8072//7800 6315//6549 8073//7802
f 8073//7802 6315//6549 6320//6555
f 8073//7802 6320//6555 8080//7803
f 8080//7803 6320//6555 6319//6554
f 8080//7803 6319//6554 6318//6552
f 6510//6775 6509//6774 7593//7707
f 7593//7707 6509//6774 6508//6773
f 7593//7707 6508//6773 6496//6759
f 6318//6552 7877//6539 8080//7803
f 8080//7803 7877//6539 6305//6538
f 8080//7803 6305//6538 7928//7804
f 7928//7804 6305//6538 6301//6533
f 7928//7804 6301//6533 7593//7707
f 7593//7707 6301//6533 6303//6535
f 7593//7707 6303//6535 6510//6775
f 6500//6764 6499//6762 7390//7805
f 7592//7706 6496//6759 7390//7805
f 7390//7805 6496//6759 6501//6765
f 7390//7805 6501//6765 6500//6764
f 6499//6762 6494//6756 7390//7805
f 7390//7805 6494//6756 6495//6758
f 7390//7805 6495//6758 7754//7806
f 6495//6758 6504//6769 7754//7806
f 7754//7806 6504//6769 7993//6767
f 7754//7806 7993//6767 7755//7807
f 7755//7807 7993//6767 6502//6766
f 7755//7807 6502//6766 6488//6749
f 6506//6771 7771//7808 6507//6772
f 6507//6772 7771//7808 7767//7809
f 6507//6772 7767//7809 6483//6744
f 6488//6749 6491//6752 7755//7807
f 7755//7807 6491//6752 6490//6751
s 0
f 7755//7810 6490//7810 7756//7810
s 1
f 7756//7811 6490//6751 6489//6750
f 7756//7811 6489//6750 7767//7809
f 7767//7809 6489//6750 6485//6746
f 7767//7809 6485//6746 6483//6744
f 6477//6738 6476//6737 7749//7812
f 7749//7812 6476//6737 7727//7813
f 6506//6771 6505//6770 7771//7808
f 7771//7808 6505//6770 6473//6734
f 7771//7808 6473//6734 7749//7812
f 7749//7812 6473//6734 6478//6739
f 7749//7812 6478//6739 6477//6738
f 6464//6725 7724//7814 6479//6740
f 6479//6740 7724//7814 7725//7815
f 6479//6740 7725//7815 6480//6741
f 6476//6737 6469//6730 7727//7813
f 7727//7813 6469//6730 6471//6732
f 7727//7813 6471//6732 7725//7815
f 7725//7815 6471//6732 6481//6742
f 7725//7815 6481//6742 6480//6741
f 7726//7816 6466//6727 7728//7817
f 7728//7817 6466//6727 6460//6721
f 6464//6725 6463//6724 7724//7814
f 7724//7814 6463//6724 6468//6729
f 7724//7814 6468//6729 7726//7816
f 7726//7816 6468//6729 6467//6728
f 7726//7816 6467//6728 6466//6727
f 6442//6700 7740//7818 6443//6701
f 6443//6701 7740//7818 7741//7819
f 6443//6701 7741//7819 6456//6714
f 6456//6714 7741//7819 7447//6715
f 6460//6721 6459//6720 7728//7817
s 0
f 7728//7820 6459//7820 6453//7820
s 1
f 7728//7821 6453//6711 7741//7819
f 7741//7819 6453//6711 6458//6717
f 7741//7819 6458//6717 7447//6715
f 6442//6700 6438//6696 7740//7818
f 7740//7818 6438//6696 6440//6698
f 7740//7818 6440//6698 7743//7822
f 6437//6695 7764//7823 6435//6693
f 6435//6693 7764//7823 7762//7824
f 6435//6693 7762//7824 6433//6691
f 6433//6691 7762//7824 6431//6689
f 6440//6698 6449//6707 7743//7822
f 7743//7822 6449//6707 6448//6706
f 7743//7822 6448//6706 7763//7825
f 7763//7825 6448//6706 6446//6704
f 7763//7825 6446//6704 7762//7824
f 7762//7824 6446//6704 6445//6703
f 7762//7824 6445//6703 6431//6689
f 6450//6708 7698//7826 6451//6709
f 6451//6709 7698//7826 7764//7823
f 6451//6709 7764//7823 6452//6710
f 6452//6710 7764//7823 6437//6695
f 6450//6708 6424//6682 7698//7826
f 7698//7826 6424//6682 6427//6685
f 7698//7826 6427//6685 7699//7827
f 7699//7827 6427//6685 6426//6684
f 7699//7827 6426//6684 6425//6683
f 6429//6687 7713//7828 6430//6688
f 6430//6688 7713//7828 7706//7829
f 6430//6688 7706//7829 6420//6678
f 6420//6678 7706//7829 7699//7827
f 6420//6678 7699//7827 6418//6676
f 6418//6676 7699//7827 6425//6683
f 7626//7830 6413//6671 7627//7831
f 7627//7831 6413//6671 6412//6670
f 6412//6670 6407//6669 7627//7831
s 0
f 7627//7832 6407//7832 6406//7832
s 1
f 7627//7833 6406//6663 7631//7834
f 7631//7834 6406//6663 6409//6666
f 7631//7834 6409//6666 7315//7710
f 7315//7710 6409//6666 7049//7418
f 7315//7710 7049//7418 7050//7419
f 6429//6687 6428//6686 7713//7828
f 7713//7828 6428//6686 6417//6675
f 7713//7828 6417//6675 7626//7830
f 7626//7830 6417//6675 6415//6673
f 7626//7830 6415//6673 6413//6671
s 0
f 7330//7835 7329//7835 7379//7835
f 7379//7835 7329//7835 7331//7835
f 7379//7836 7331//7836 7332//7836
f 7381//7836 7327//7836 7379//7836
f 7379//7837 7327//7837 7328//7837
f 7379//7838 7328//7838 7330//7838
f 7381//7835 7382//7835 7327//7835
f 7327//7838 7382//7838 7383//7838
f 7327//7835 7383//7835 7384//7835
f 7384//7835 7385//7835 7327//7835
f 7327//7835 7385//7835 7386//7835
f 7327//7839 7386//7839 7387//7839
f 7391//7835 7392//7835 7327//7835
f 7327//7840 7392//7840 7395//7840
f 7722//7838 7393//7838 7396//7838
f 7396//7841 7397//7841 7722//7841
f 7722//7835 7397//7835 7399//7835
f 7722//7842 7399//7842 7398//7842
f 7408//7843 7409//7843 7722//7843
f 7387//7835 7388//7835 7327//7835
f 7327//7838 7388//7838 7389//7838
f 7327//7835 7389//7835 7312//7835
f 7312//7844 7311//7844 7327//7844
f 7327//7835 7311//7835 7927//7835
f 7327//7838 7927//7838 7391//7838
f 7722//7835 7326//7835 7393//7835
f 7393//7838 7326//7838 7327//7838
f 7393//7845 7327//7845 7394//7845
f 7394//7835 7327//7835 7395//7835
f 7398//7838 7400//7838 7722//7838
f 7722//7835 7400//7835 7401//7835
f 7722//7838 7401//7838 7403//7838
f 7332//7835 7333//7835 7379//7835
f 7379//7835 7333//7835 7334//7835
f 7379//7838 7334//7838 7335//7838
f 7335//7838 7336//7838 7379//7838
f 7379//7835 7336//7835 7337//7835
f 7379//7838 7337//7838 7338//7838
f 7338//7838 7339//7838 7379//7838
f 7379//7846 7339//7846 7340//7846
f 7379//7835 7340//7835 7380//7835
f 7642//7847 7322//7847 7641//7847
f 7351//7835 7352//7835 7373//7835
f 7403//7848 7402//7848 7722//7848
f 7722//7835 7402//7835 7404//7835
f 7722//7835 7404//7835 7407//7835
f 7407//7838 7406//7838 7722//7838
f 7722//7838 7406//7838 7405//7838
f 7722//7846 7405//7846 7408//7846
f 7641//7849 7653//7849 7316//7849
f 7316//7850 7653//7850 7722//7850
f 7316//7851 7722//7851 7796//7851
f 7341//7839 7342//7839 7373//7839
f 7361//7835 7362//7835 7373//7835
f 7341//7835 7373//7835 7340//7835
f 7340//7835 7373//7835 8058//7835
f 7340//7835 8058//7835 7376//7835
f 7376//7836 7377//7836 7340//7836
f 7340//7835 7377//7835 7378//7835
f 7340//7838 7378//7838 7380//7838
f 7409//7835 7411//7835 7722//7835
f 7722//7852 7411//7852 7410//7852
f 7722//7853 7410//7853 7412//7853
f 7412//7843 7413//7843 7722//7843
f 7722//7854 7413//7854 7414//7854
f 7722//7851 7414//7851 7802//7851
f 7802//7855 7801//7855 7722//7855
f 7722//7835 7801//7835 7813//7835
f 7722//7854 7813//7854 7796//7854
f 7316//7856 7319//7856 7641//7856
f 7641//7857 7319//7857 7620//7857
f 7641//7858 7620//7858 7642//7858
f 7642//7859 7620//7859 7320//7859
f 7370//7838 7371//7838 7372//7838
f 7342//7835 7343//7835 7373//7835
f 7373//7839 7343//7839 7344//7839
f 7373//7835 7344//7835 7345//7835
f 7345//7860 7346//7860 7373//7860
f 7373//7835 7346//7835 7347//7835
f 7373//7835 7347//7835 7348//7835
f 7348//7835 7349//7835 7373//7835
f 7373//7861 7349//7861 7350//7861
f 7373//7846 7350//7846 7351//7846
f 7352//7835 7353//7835 7373//7835
f 7373//7838 7353//7838 7354//7838
f 7373//7838 7354//7838 7355//7838
f 7362//7835 7364//7835 7373//7835
f 7373//7838 7364//7838 7363//7838
f 7373//7838 7363//7838 7365//7838
f 7365//7835 7366//7835 7373//7835
f 7373//7862 7366//7862 7367//7862
f 7373//7835 7367//7835 7368//7835
f 7374//7863 7373//7863 7372//7863
f 7372//7864 7373//7864 7368//7864
f 7372//7862 7368//7862 7370//7862
f 7370//7835 7368//7835 7369//7835
f 7355//7838 7356//7838 7373//7838
f 7373//7838 7356//7838 7357//7838
f 7373//7846 7357//7846 7358//7846
f 7358//7838 7359//7838 7373//7838
f 7373//7835 7359//7835 7360//7835
f 7373//7838 7360//7838 7361//7838
