# Blender 4.5.0
# www.blender.org
mtllib wrist1.mtl
o Actor0
v -0.034304 0.078100 0.047500
v 0.036013 0.103090 0.047500
v -0.036013 0.082910 0.047500
v 0.034304 0.107900 0.047500
v 0.031955 0.112432 0.047500
v -0.031955 0.112432 0.047500
v -0.034304 0.107900 0.047500
v -0.002552 0.130313 0.047500
v -0.012524 0.057760 0.047500
v -0.007609 0.056382 0.047500
v -0.002552 0.055687 0.047500
v 0.002552 0.055687 0.047500
v 0.029011 0.116603 0.047500
v 0.025527 0.120333 0.047500
v 0.021568 0.123555 0.047500
v -0.031955 0.073568 0.047500
v -0.029011 0.069397 0.047500
v -0.025527 0.065667 0.047500
v 0.017206 0.126207 0.047500
v 0.012524 0.128240 0.047500
v 0.007609 0.129617 0.047500
v -0.036013 0.103090 0.047500
v -0.037051 0.098093 0.047500
v -0.037400 0.093000 0.047500
v -0.021568 0.062445 0.047500
v -0.017206 0.059793 0.047500
v 0.007609 0.056382 0.047500
v 0.012524 0.057760 0.047500
v 0.017206 0.059793 0.047500
v -0.029011 0.116603 0.047500
v -0.007609 0.129617 0.047500
v -0.012524 0.128240 0.047500
v 0.002552 0.130313 0.047500
v -0.037051 0.087908 0.047500
v -0.017206 0.126207 0.047500
v -0.021568 0.123555 0.047500
v -0.025527 0.120333 0.047500
v 0.021568 0.062445 0.047500
v 0.025527 0.065667 0.047500
v 0.029011 0.069397 0.047500
v 0.031955 0.073568 0.047500
v 0.034303 0.078100 0.047500
v 0.036013 0.082910 0.047500
v 0.037051 0.087908 0.047500
v 0.037400 0.093000 0.047500
v 0.037051 0.098093 0.047500
v -0.007913 0.047500 -0.036623
v -0.003670 0.047500 -0.037303
v 0.037310 0.047500 -0.003768
v -0.037312 0.047500 0.003746
v 0.029049 0.047500 0.023692
v 0.026524 0.047500 0.026480
v -0.036525 0.047500 -0.008489
v -0.035333 0.047500 -0.012555
v 0.037500 0.047500 0.000000
v 0.037256 0.047500 0.004269
v 0.036524 0.047500 0.008493
v 0.035323 0.047500 0.012579
v 0.033661 0.047500 0.016512
v 0.031554 0.047500 0.020243
v 0.016064 0.047500 0.033843
v 0.012085 0.047500 0.035459
v -0.037256 0.047500 -0.004269
v -0.037500 0.047500 0.000000
v -0.033682 0.047500 -0.016470
v -0.031569 0.047500 -0.020220
v -0.029073 0.047500 -0.023662
v 0.004202 0.047500 -0.037245
v 0.008313 0.047500 -0.036533
v 0.023659 0.047500 -0.029060
v 0.026531 0.047500 -0.026473
v 0.029364 0.047500 -0.023300
v 0.031842 0.047500 -0.019787
v 0.033883 0.047500 -0.016054
v 0.035485 0.047500 -0.012116
v 0.036641 0.047500 -0.007972
v 0.007951 0.047500 0.036615
v 0.003690 0.047500 0.037301
v -0.036641 0.047500 0.007975
v -0.035493 0.047500 0.012093
v 0.000050 0.047500 -0.037491
v 0.023318 0.047500 0.029334
v 0.019822 0.047500 0.031794
v -0.004192 0.047500 0.037246
v -0.008318 0.047500 0.036532
v -0.023653 0.047500 0.029065
v -0.026531 0.047500 0.026472
v -0.029369 0.047500 0.023294
v -0.026484 0.047500 -0.026520
v -0.023261 0.047500 -0.029379
v -0.019775 0.047500 -0.031823
v -0.016036 0.047500 -0.033857
v -0.012038 0.047500 -0.035475
v 0.012468 0.047500 -0.035325
v 0.016429 0.047500 -0.033668
v 0.020160 0.047500 -0.031581
v -0.000015 0.047500 0.037491
v -0.031837 0.047500 0.019796
v -0.033889 0.047500 0.016041
v -0.012449 0.047500 0.035333
v -0.016430 0.047500 0.033668
v -0.020169 0.047500 0.031576
v 0.037500 0.054000 0.000000
v 0.037336 0.054000 -0.003242
v 0.036721 0.054000 -0.007470
v 0.037310 0.054000 -0.003768
v 0.035629 0.054000 -0.011601
v 0.036641 0.054000 -0.007972
v 0.034075 0.054000 -0.015580
v 0.035485 0.054000 -0.012116
v 0.032078 0.054000 -0.019356
v 0.033883 0.054000 -0.016054
v 0.029662 0.054000 -0.022878
v 0.031842 0.054000 -0.019787
v 0.026860 0.054000 -0.026104
v 0.029364 0.054000 -0.023300
v 0.023722 0.054000 -0.029004
v 0.026531 0.054000 -0.026473
v 0.020258 0.054000 -0.031511
v 0.023659 0.054000 -0.029060
v 0.016533 0.054000 -0.033611
v 0.020160 0.054000 -0.031581
v 0.012591 0.054000 -0.035274
v 0.016429 0.054000 -0.033668
v 0.008485 0.054000 -0.036483
v 0.012468 0.054000 -0.035325
v 0.004202 0.054000 -0.037245
v 0.004271 0.054000 -0.037233
v 0.006381 0.054000 -0.036868
v 0.008313 0.054000 -0.036533
v 0.002136 0.054000 -0.037368
v 0.000050 0.054000 -0.037491
v 0.000000 0.054000 -0.037488
v -0.002137 0.054000 -0.037380
v -0.007913 0.054000 -0.036623
v -0.006381 0.054000 -0.036869
v -0.004267 0.054000 -0.037207
v -0.003670 0.054000 -0.037303
v -0.008480 0.054000 -0.036465
v -0.012038 0.054000 -0.035475
v -0.012583 0.054000 -0.035254
v -0.016036 0.054000 -0.033857
v -0.016523 0.054000 -0.033592
v -0.019775 0.054000 -0.031823
v -0.020246 0.054000 -0.031493
v -0.023261 0.054000 -0.029379
v -0.023705 0.054000 -0.028985
v -0.026484 0.054000 -0.026520
v -0.026861 0.054000 -0.026104
v -0.029073 0.054000 -0.023662
v -0.029648 0.054000 -0.022868
v -0.031569 0.054000 -0.020220
v -0.032061 0.054000 -0.019346
v -0.033682 0.054000 -0.016470
v -0.034060 0.054000 -0.015573
v -0.035333 0.054000 -0.012555
v -0.035614 0.054000 -0.011595
v -0.036525 0.054000 -0.008489
v -0.036702 0.054000 -0.007467
v -0.037256 0.054000 -0.004269
v -0.037315 0.054000 -0.003240
v -0.037500 0.054000 0.000000
v 0.037400 0.093000 0.042250
v 0.037051 0.098093 0.042250
v 0.036013 0.103090 0.042250
v 0.034304 0.107900 0.042250
v 0.031955 0.112432 0.042250
v 0.029011 0.116603 0.042250
v 0.025527 0.120333 0.042250
v 0.021568 0.123555 0.042250
v 0.017206 0.126207 0.042250
v 0.012524 0.128240 0.042250
v 0.007609 0.129617 0.042250
v 0.002552 0.130313 0.042250
v -0.002552 0.130313 0.042250
v -0.007609 0.129617 0.042250
v -0.012524 0.128240 0.042250
v -0.017206 0.126207 0.042250
v -0.021568 0.123555 0.042250
v -0.025527 0.120333 0.042250
v -0.029011 0.116603 0.042250
v -0.031955 0.112432 0.042250
v -0.034304 0.107900 0.042250
v -0.036013 0.103090 0.042250
v -0.037051 0.098093 0.042250
v -0.037400 0.093000 0.042250
v -0.037051 0.087908 0.042250
v -0.036013 0.082910 0.042250
v -0.034304 0.078100 0.042250
v -0.031955 0.073568 0.042250
v -0.029011 0.069397 0.042250
v -0.025527 0.065667 0.042250
v -0.021568 0.062445 0.042250
v -0.017206 0.059793 0.042250
v -0.012524 0.057760 0.042250
v -0.007609 0.056382 0.042250
v -0.002552 0.055687 0.042250
v 0.002552 0.055687 0.042250
v 0.007609 0.056382 0.042250
v 0.012524 0.057760 0.042250
v 0.017206 0.059793 0.042250
v 0.021568 0.062445 0.042250
v 0.025527 0.065667 0.042250
v 0.029011 0.069397 0.042250
v 0.031955 0.073568 0.042250
v 0.034303 0.078100 0.042250
v 0.036013 0.082910 0.042250
v 0.037051 0.087908 0.042250
v 0.037499 0.092876 0.010506
v 0.037499 0.092883 0.010505
v 0.037500 0.092997 0.011871
v 0.037500 0.092999 0.011897
v 0.037499 0.092876 -0.010506
v 0.037499 0.092883 -0.010505
v 0.037499 0.092767 -0.009549
v 0.037499 0.092749 -0.009319
v 0.037498 0.092602 -0.008551
v 0.037496 0.092501 -0.007809
v 0.037484 0.091894 -0.005161
v 0.037485 0.091927 -0.005302
v 0.037484 0.091935 -0.005149
v 0.037491 0.092197 -0.006435
v 0.037494 0.092360 -0.006952
v 0.037495 0.092380 -0.007205
v 0.037496 0.092480 -0.007812
v 0.037483 0.091826 -0.004876
v 0.037481 0.091805 -0.004595
v 0.037476 0.091653 -0.004319
v 0.037455 0.091177 -0.002546
v 0.037456 0.091125 -0.002621
v 0.037399 0.090255 -0.000082
v 0.037407 0.090281 -0.000439
v 0.037452 0.091101 -0.002299
v 0.037447 0.090969 -0.002218
v 0.037455 0.091105 -0.002571
v -0.037499 0.092883 0.010505
v -0.037499 0.092876 0.010506
v -0.037500 0.092999 0.011897
v -0.037407 0.090281 -0.000439
v -0.037399 0.090255 -0.000083
v -0.037431 0.090659 -0.001362
v -0.037428 0.090682 -0.001145
v -0.037446 0.090961 -0.002216
v -0.037453 0.091164 -0.002544
v -0.037484 0.091933 -0.005143
v -0.037476 0.091650 -0.004317
v -0.037469 0.091467 -0.003423
v -0.037470 0.091449 -0.003597
v -0.037452 0.091086 -0.002571
v -0.037489 0.092100 -0.005759
v -0.037496 0.092510 -0.007806
v -0.037492 0.092200 -0.006435
v -0.037496 0.092486 -0.007810
v -0.037489 0.092079 -0.005853
v -0.037485 0.091927 -0.005309
v -0.037484 0.091885 -0.005156
v -0.037498 0.092558 -0.008156
v -0.037497 0.092571 -0.008110
v -0.037498 0.092612 -0.008554
v -0.037499 0.092883 -0.010505
v -0.037499 0.092876 -0.010506
v 0.020252 0.054000 0.031499
v 0.019810 0.054000 0.031776
v 0.004270 0.054000 0.037220
v 0.003689 0.054000 0.037293
v -0.031607 0.054000 0.020161
v -0.031828 0.054000 0.019791
v -0.034853 0.054000 0.013828
v -0.035482 0.054000 0.012088
v -0.037192 0.054001 0.004795
v -0.037294 0.054000 0.003745
v -0.037420 0.054000 0.002442
v -0.037342 0.054000 0.003241
v -0.036816 0.054001 0.007123
v -0.036737 0.054001 0.007472
v -0.035642 0.054000 0.011648
v -0.036298 0.054001 0.009411
v -0.036624 0.054001 0.007971
v -0.034090 0.054000 0.015586
v -0.033928 0.054000 0.015958
v -0.032085 0.054000 0.019359
v -0.032791 0.054000 0.018177
v -0.033887 0.054000 0.016039
v -0.030293 0.054000 0.022081
v -0.029667 0.054000 0.022881
v -0.025587 0.054000 0.027384
v -0.026518 0.054000 0.026460
v -0.026870 0.054000 0.026112
v -0.027235 0.054000 0.025750
v -0.028762 0.054000 0.024037
v -0.029353 0.054000 0.023282
v -0.023723 0.054000 0.029005
v -0.023657 0.054000 0.029062
v -0.020161 0.054000 0.031564
v -0.020253 0.054000 0.031503
v -0.021841 0.054000 0.030446
v -0.023653 0.054000 0.029065
v -0.016422 0.054001 0.033652
v -0.016528 0.054001 0.033600
v -0.017485 0.054001 0.033133
v -0.019727 0.054000 0.031853
v -0.012443 0.054000 0.035316
v -0.012589 0.054000 0.035267
v -0.013127 0.054000 0.035086
v -0.015406 0.054000 0.034147
v -0.008377 0.054001 0.036519
v -0.008487 0.054000 0.036489
v -0.010557 0.054000 0.035940
v -0.010725 0.054000 0.035895
v -0.003458 0.054000 0.037324
v -0.004190 0.054000 0.037229
v -0.004270 0.054000 0.037218
v -0.005929 0.054000 0.037003
v -0.006388 0.054000 0.036911
v -0.008318 0.054001 0.036530
v 0.000000 0.054000 0.037473
v -0.000015 0.054000 0.037473
v -0.001140 0.054000 0.037473
v -0.002138 0.054000 0.037409
v 0.003390 0.054000 0.037330
v 0.002138 0.054000 0.037409
v 0.001092 0.054000 0.037474
v 0.007987 0.054000 0.036607
v 0.007951 0.054000 0.036614
v 0.006387 0.054000 0.036909
v 0.005686 0.054000 0.037041
v 0.012082 0.054000 0.035451
v 0.010555 0.054000 0.035936
v 0.010225 0.054000 0.036041
v 0.008485 0.054000 0.036481
v 0.016057 0.054000 0.033829
v 0.014611 0.054000 0.034495
v 0.012592 0.054000 0.035275
v 0.012399 0.054000 0.035350
v 0.018819 0.054001 0.032396
v 0.016761 0.054001 0.033504
v 0.016533 0.054001 0.033609
v 0.023309 0.054000 0.029322
v 0.022778 0.054000 0.029754
v 0.021013 0.054000 0.031022
v 0.026518 0.054000 0.026474
v 0.026300 0.054000 0.026702
v 0.024585 0.054000 0.028284
v 0.023713 0.054000 0.028993
v 0.027794 0.054000 0.025147
v 0.026868 0.054000 0.026110
v 0.030849 0.054000 0.021300
v 0.029675 0.054000 0.022888
v 0.029465 0.054000 0.023172
v 0.029035 0.054000 0.023680
v 0.032098 0.054000 0.019367
v 0.033304 0.054000 0.017220
v 0.032073 0.054000 0.019413
v 0.031541 0.054000 0.020234
v 0.035137 0.054000 0.013089
v 0.034312 0.054000 0.015118
v 0.034088 0.054000 0.015584
v 0.033647 0.054000 0.016505
v 0.035898 0.054000 0.010833
v 0.035639 0.054000 0.011603
v 0.035311 0.054000 0.012575
v 0.036503 0.054001 0.008581
v 0.036521 0.054001 0.008493
v 0.037314 0.054000 0.003723
v 0.037241 0.054000 0.004267
v 0.036967 0.054001 0.006297
v 0.036729 0.054001 0.007471
v 0.037483 0.054000 0.001133
v 0.037345 0.054000 0.003242
v 0.037414 0.089934 -0.000420
v 0.037462 0.087416 -0.000280
v 0.037470 0.087523 0.000284
v 0.037399 0.090255 0.000083
v 0.037419 0.089754 0.000410
v 0.037407 0.090281 0.000439
v 0.037476 0.086894 0.000251
v 0.037481 0.086292 0.000220
v 0.037484 0.086292 -0.000217
v 0.037485 0.086217 -0.000213
v 0.037485 0.086122 -0.000209
v 0.037483 0.086032 0.000206
v 0.037489 0.085025 -0.000163
v 0.037494 0.084777 0.000141
v 0.037495 0.084238 0.000124
v 0.037497 0.082735 -0.000066
v 0.037498 0.082048 0.000055
v 0.037499 0.082048 -0.000037
v 0.037499 0.081997 -0.000035
v 0.037498 0.081753 0.000046
v 0.037499 0.080598 -0.000029
v 0.037500 0.080577 0.000009
v 0.037500 0.079320 0.000008
v 0.037500 0.078507 -0.000021
v 0.037500 0.077714 0.000006
v 0.037500 0.077714 -0.000018
v 0.037500 0.076975 0.000005
v 0.037500 0.073375 0.000000
v 0.037453 0.091165 0.002549
v 0.037450 0.091020 0.002350
v 0.037428 0.090683 0.001147
v 0.037469 0.091467 0.003425
v 0.037456 0.091120 0.002611
v 0.037455 0.091105 0.002570
v 0.037485 0.091927 0.005305
v 0.037484 0.091892 0.005159
v 0.037484 0.091934 0.005149
v 0.037483 0.091815 0.004836
v 0.037481 0.091782 0.004731
v 0.037499 0.092764 0.009529
v 0.037499 0.092763 0.009520
v 0.037496 0.092480 0.007811
v 0.037495 0.092363 0.007129
v 0.037489 0.092100 0.005762
v 0.037495 0.092373 0.007170
v 0.037496 0.092510 0.007806
v 0.037497 0.092571 0.008110
v -0.037499 0.092740 0.009508
v -0.037499 0.092749 0.009319
v -0.037498 0.092549 0.008106
v -0.037496 0.092500 0.007805
v -0.037484 0.091885 0.005156
v -0.037485 0.091927 0.005305
v -0.037484 0.091934 0.005142
v -0.037489 0.092066 0.005797
v -0.037494 0.092360 0.006952
v -0.037494 0.092343 0.007122
v -0.037496 0.092487 0.007808
v -0.037479 0.091764 0.004727
v -0.037481 0.091805 0.004595
v -0.037469 0.091431 0.003542
v -0.037455 0.091175 0.002540
v -0.037452 0.091085 0.002571
v -0.037448 0.091006 0.002348
v -0.037452 0.091101 0.002299
v -0.037430 0.090627 0.001283
v -0.037399 0.090255 0.000082
v -0.037407 0.090281 0.000439
v -0.037478 0.086291 0.000219
v -0.037467 0.086943 0.000255
v -0.037416 0.089773 0.000411
v -0.037414 0.089934 -0.000420
v -0.037462 0.087417 -0.000280
v -0.037484 0.086291 -0.000217
v -0.037500 0.073375 0.000000
v -0.037500 0.075592 0.000002
v -0.037500 0.075979 -0.000001
v -0.037500 0.076980 0.000007
v -0.037500 0.077710 -0.000015
v -0.037500 0.077710 0.000010
v -0.037499 0.078508 -0.000021
v -0.037500 0.079343 0.000016
v -0.037499 0.080623 -0.000038
v -0.037500 0.081568 0.000025
v -0.037499 0.082046 -0.000049
v -0.037499 0.081699 0.000030
v -0.037499 0.082045 0.000043
v -0.037499 0.082615 -0.000053
v -0.037493 0.084270 0.000130
v -0.037485 0.086216 -0.000213
v -0.037483 0.086056 0.000206
v -0.037485 0.086128 -0.000209
v -0.037489 0.085678 0.000185
v -0.037490 0.085011 -0.000160
v -0.037499 0.082696 -0.000057
v 0.029683 0.068086 -0.023832
v 0.029683 0.067391 -0.023382
v 0.026879 0.064696 -0.026497
v -0.029683 0.068086 -0.023832
v -0.029683 0.068705 -0.024377
v -0.026879 0.065761 -0.027305
v -0.029683 0.069237 -0.025008
v -0.029683 0.069673 -0.025712
v -0.026879 0.066548 -0.028388
v -0.029683 0.064949 -0.022702
v -0.029683 0.065812 -0.022807
v -0.026879 0.063416 -0.026027
v -0.029683 0.066630 -0.023036
v -0.029683 0.067391 -0.023382
v -0.026879 0.064696 -0.026497
v 0.029683 0.066630 -0.023036
v 0.029683 0.065812 -0.022806
v 0.026879 0.063416 -0.026027
v -0.006390 0.054296 -0.036922
v -0.004272 0.054155 -0.037237
v -0.037485 0.087031 -0.000651
v -0.037500 0.093055 -0.012697
v -0.037359 0.089773 -0.014939
v -0.037359 0.089589 -0.013085
v -0.009520 0.056769 -0.038895
v -0.008484 0.056523 -0.039004
v -0.008488 0.056494 -0.037826
v 0.037499 0.093204 -0.015842
v 0.037499 0.093143 -0.014726
v 0.037359 0.089786 -0.016840
v 0.037485 0.091438 -0.004534
v 0.037359 0.087494 -0.008171
v 0.037485 0.090166 -0.003030
v 0.037500 0.072285 0.000000
v 0.037359 0.068809 -0.003207
v 0.037500 0.070176 0.000000
v 0.037359 0.078326 -0.003236
v 0.037359 0.080169 -0.003459
v 0.037359 0.081915 -0.003951
v 0.037485 0.087030 -0.000651
v 0.037485 0.088689 -0.001727
v 0.037359 0.088428 -0.009679
v 0.037500 0.092890 -0.010662
v 0.037359 0.089134 -0.011324
v 0.037500 0.093032 -0.012695
v 0.037500 0.092969 -0.011546
v 0.037359 0.089589 -0.013085
v 0.037499 0.093261 -0.016611
v 0.037464 0.091376 -0.023668
v 0.037493 0.093709 -0.022642
v 0.036729 0.085601 -0.026209
v 0.036969 0.086781 -0.025690
v 0.036747 0.085610 -0.019457
v 0.037288 0.089067 -0.024684
v 0.037344 0.089793 -0.024365
v 0.036508 0.084521 -0.026684
v 0.035655 0.081525 -0.022018
v 0.035905 0.082290 -0.027666
v 0.034084 0.077545 -0.029754
v 0.034430 0.078278 -0.029431
v 0.034099 0.077580 -0.024494
v 0.035285 0.080426 -0.028486
v 0.035643 0.081500 -0.028013
v 0.033449 0.076197 -0.030347
v 0.032100 0.073825 -0.026853
v 0.032345 0.074185 -0.031233
v 0.029679 0.070253 -0.032962
v 0.029774 0.070370 -0.032911
v 0.029683 0.070306 -0.029068
v 0.031120 0.072242 -0.032087
v 0.032090 0.073779 -0.031411
v 0.028336 0.068604 -0.033688
v 0.026879 0.067070 -0.031108
v 0.026876 0.067017 -0.034386
v 0.023441 0.063876 -0.035768
v 0.023718 0.064114 -0.035663
v 0.023725 0.064158 -0.032949
v 0.025159 0.065349 -0.035120
v 0.026792 0.066925 -0.034427
v 0.021639 0.062508 -0.036370
v 0.020262 0.061610 -0.034564
v 0.020253 0.061580 -0.036778
v 0.019754 0.061245 -0.036926
v 0.018429 0.060484 -0.035280
v 0.018419 0.060465 -0.037269
v 0.017680 0.060033 -0.037459
v 0.016536 0.059462 -0.035930
v 0.016527 0.059451 -0.037715
v 0.015674 0.059020 -0.037905
v 0.014589 0.058549 -0.036512
v 0.014580 0.058547 -0.038113
v 0.013613 0.058128 -0.038297
v 0.012594 0.057747 -0.037024
v 0.012589 0.057751 -0.038463
v 0.010558 0.057061 -0.037463
v 0.010552 0.057079 -0.038759
v 0.011825 0.057470 -0.038587
v 0.008488 0.056494 -0.037826
v 0.006390 0.056048 -0.038113
v 0.006387 0.056087 -0.039195
v 0.007551 0.056297 -0.039103
v 0.008484 0.056523 -0.039004
v 0.009699 0.056817 -0.038874
v 0.002139 0.055533 -0.038445
v 0.003194 0.055648 -0.039388
v 0.004272 0.055727 -0.038319
v 0.004270 0.055775 -0.039332
v 0.005382 0.055907 -0.039275
v 0.000000 0.055519 -0.039445
v 0.000478 0.055511 -0.039448
v 0.000000 0.055467 -0.038487
v 0.000990 0.055522 -0.039444
v 0.002138 0.055587 -0.039415
v -0.001736 0.055549 -0.039432
v -0.002139 0.055533 -0.038445
v -0.002138 0.055581 -0.039418
v -0.003942 0.055722 -0.039356
v -0.004272 0.055727 -0.038319
v -0.004271 0.055763 -0.039338
v -0.006390 0.056048 -0.038113
v -0.007354 0.056255 -0.039121
v -0.006387 0.056088 -0.039195
v -0.005161 0.055875 -0.039289
v -0.010558 0.057066 -0.038765
v -0.010558 0.057061 -0.037463
v -0.010654 0.057093 -0.038753
v -0.012594 0.057747 -0.037024
v -0.012591 0.057746 -0.038465
v -0.012822 0.057824 -0.038431
v -0.014589 0.058549 -0.036512
v -0.014584 0.058540 -0.038116
v -0.014932 0.058682 -0.038054
v -0.016536 0.059462 -0.035930
v -0.016530 0.059447 -0.037717
v -0.016985 0.059665 -0.037621
v -0.018429 0.060484 -0.035280
v -0.018421 0.060462 -0.037270
v -0.018978 0.060771 -0.037134
v -0.020262 0.061610 -0.034564
v -0.020255 0.061580 -0.036778
v -0.023725 0.064158 -0.032949
v -0.022676 0.063275 -0.036032
v -0.020777 0.061910 -0.036633
v -0.026181 0.066314 -0.034696
v -0.024478 0.064744 -0.035386
v -0.023713 0.064120 -0.035661
v -0.029373 0.069856 -0.033137
v -0.027784 0.067981 -0.033962
v -0.026879 0.067070 -0.031108
v -0.026865 0.067025 -0.034383
v -0.030780 0.071746 -0.032305
v -0.029672 0.070258 -0.032961
v -0.029683 0.070307 -0.029068
v -0.033205 0.075727 -0.030554
v -0.032098 0.073775 -0.031413
v -0.032100 0.073825 -0.026853
v -0.032057 0.073704 -0.031444
v -0.035397 0.080739 -0.028349
v -0.035109 0.079952 -0.028695
v -0.034099 0.077580 -0.024494
v -0.034223 0.077811 -0.029637
v -0.034092 0.077542 -0.029755
v -0.036736 0.085600 -0.026210
v -0.036670 0.085238 -0.026369
v -0.035655 0.081525 -0.022018
v -0.036107 0.082978 -0.027363
v -0.035639 0.081501 -0.028013
v -0.037499 0.093260 -0.016612
v -0.037499 0.093279 -0.016998
v -0.037359 0.089786 -0.016840
v -0.037493 0.093709 -0.022642
v -0.037489 0.092121 -0.023340
v -0.037361 0.089813 -0.024356
v -0.037359 0.089792 -0.024365
v -0.037500 0.093079 -0.012996
v -0.037499 0.093107 -0.013556
v -0.037499 0.093165 -0.014722
v -0.037359 0.089134 -0.011324
v -0.037499 0.092888 -0.010657
v -0.037359 0.088428 -0.009679
v -0.037359 0.087494 -0.008171
v -0.037485 0.091439 -0.004534
v -0.037485 0.090166 -0.003030
v -0.037485 0.088689 -0.001727
v -0.037359 0.083542 -0.004690
v -0.037359 0.081915 -0.003951
v -0.037359 0.080169 -0.003459
v -0.037359 0.078326 -0.003236
v -0.037359 0.076428 -0.003215
v -0.037500 0.072285 0.000000
v -0.037359 0.068809 -0.003207
v -0.037500 0.070176 0.000000
v -0.036747 0.067024 -0.007400
v -0.035655 0.065277 -0.011500
v -0.034099 0.063588 -0.015457
v -0.032100 0.061978 -0.019219
v -0.026879 0.059074 -0.025974
v -0.029683 0.060467 -0.022740
v -0.023725 0.057819 -0.028878
v -0.020262 0.056717 -0.031414
v -0.008488 0.054491 -0.036483
v -0.010558 0.054739 -0.035923
v -0.012594 0.055039 -0.035245
v -0.014589 0.055388 -0.034452
v -0.016536 0.055785 -0.033547
v -0.018429 0.056229 -0.032533
v 0.000000 0.054040 -0.037491
v -0.002139 0.054069 -0.037428
v 0.002139 0.054069 -0.037428
v 0.006390 0.054296 -0.036922
v 0.004272 0.054155 -0.037237
v 0.008488 0.054491 -0.036483
v 0.023725 0.057819 -0.028878
v 0.020262 0.056717 -0.031414
v 0.018429 0.056229 -0.032533
v 0.016536 0.055785 -0.033547
v 0.014589 0.055388 -0.034452
v 0.012594 0.055039 -0.035245
v 0.010558 0.054739 -0.035923
v 0.026879 0.059074 -0.025974
v 0.029683 0.060467 -0.022740
v 0.034099 0.063588 -0.015457
v 0.032100 0.061978 -0.019219
v 0.035655 0.065276 -0.011500
v 0.036747 0.067024 -0.007400
v 0.037359 0.083542 -0.004690
v 0.036747 0.078644 -0.008038
v 0.035655 0.074089 -0.011659
v 0.036747 0.077097 -0.007603
v 0.034099 0.069953 -0.015430
v 0.035655 0.072661 -0.011488
v 0.036747 0.075464 -0.007407
v 0.032100 0.066298 -0.019175
v 0.034099 0.068685 -0.015420
v 0.035655 0.071189 -0.011476
v 0.036747 0.073781 -0.007390
v 0.037359 0.076427 -0.003215
v 0.023725 0.060131 -0.028842
v 0.026879 0.061993 -0.025930
v -0.022029 0.059285 -0.030164
v -0.020262 0.058498 -0.031391
v -0.018429 0.057774 -0.032517
v -0.016536 0.057116 -0.033539
v -0.014589 0.056527 -0.034453
v -0.012594 0.056010 -0.035255
v -0.010558 0.055566 -0.035941
v -0.008488 0.055198 -0.036509
v -0.006390 0.054908 -0.036955
v -0.004272 0.054699 -0.037276
v -0.002139 0.054572 -0.037470
v 0.000000 0.054529 -0.037536
v 0.002139 0.054572 -0.037470
v 0.004272 0.054699 -0.037276
v 0.006390 0.054908 -0.036955
v 0.008488 0.055198 -0.036509
v 0.010558 0.055566 -0.035941
v 0.012594 0.056010 -0.035255
v 0.014589 0.056527 -0.034453
v 0.016536 0.057116 -0.033539
v 0.018429 0.057774 -0.032517
v 0.020262 0.058498 -0.031390
v 0.022029 0.059285 -0.030164
v -0.029683 0.064058 -0.022693
v -0.026879 0.061993 -0.025930
v -0.023725 0.060131 -0.028842
v -0.023725 0.064088 -0.031821
v -0.026879 0.066992 -0.029680
v -0.034099 0.077575 -0.023224
v -0.032100 0.073821 -0.025779
v -0.034099 0.077455 -0.021987
v -0.032100 0.073719 -0.024731
v -0.034099 0.077153 -0.020812
v -0.035655 0.081518 -0.020544
v -0.035655 0.081378 -0.019108
v -0.035655 0.081027 -0.017743
v -0.035655 0.080482 -0.016469
v -0.032100 0.071153 -0.020542
v -0.032100 0.070315 -0.020000
v -0.034099 0.073432 -0.016394
v -0.032100 0.069398 -0.019584
v -0.034099 0.072347 -0.015903
v -0.032100 0.068412 -0.019308
v -0.034099 0.071183 -0.015577
v -0.032100 0.067372 -0.019184
v -0.034099 0.069953 -0.015431
v -0.032100 0.066298 -0.019175
v -0.034099 0.068685 -0.015420
v -0.032100 0.072542 -0.021959
v -0.032100 0.071899 -0.021200
v -0.034099 0.075305 -0.017812
v -0.034099 0.074423 -0.017035
v -0.035655 0.077853 -0.013354
v -0.035655 0.076702 -0.012609
v -0.036747 0.080086 -0.008692
v -0.035655 0.075442 -0.012038
v -0.036747 0.078644 -0.008038
v -0.035655 0.074089 -0.011659
v -0.036747 0.077097 -0.007604
v -0.035655 0.072662 -0.011488
v -0.036747 0.075464 -0.007407
v -0.035655 0.071189 -0.011476
v -0.036747 0.073781 -0.007391
v -0.037088 0.087517 -0.025366
v -0.036746 0.085610 -0.019457
v -0.036746 0.085600 -0.017772
v -0.036746 0.085439 -0.016128
v -0.036746 0.085037 -0.014568
v -0.036746 0.084412 -0.013110
v -0.036746 0.083586 -0.011774
v -0.037359 0.086354 -0.006822
v -0.029683 0.070216 -0.027307
v -0.029683 0.070003 -0.026482
v -0.032100 0.073463 -0.023737
v -0.032100 0.073067 -0.022809
v -0.034099 0.076685 -0.019715
v -0.034099 0.076064 -0.018711
v -0.035655 0.079760 -0.015302
v -0.035655 0.078878 -0.014258
v -0.036746 0.082576 -0.010579
v -0.036746 0.081403 -0.009546
v -0.037359 0.085029 -0.005654
v 0.037499 0.093079 -0.013556
v 0.037359 0.089772 -0.014939
v 0.036747 0.085600 -0.017772
v 0.036747 0.085439 -0.016128
v 0.035655 0.081518 -0.020544
v 0.035655 0.081378 -0.019108
v 0.034099 0.077575 -0.023224
v 0.034099 0.077455 -0.021987
v 0.032100 0.073821 -0.025779
v 0.032100 0.073719 -0.024731
v 0.029683 0.070302 -0.028176
v 0.029683 0.070216 -0.027307
v 0.026879 0.066992 -0.029680
v 0.037359 0.085029 -0.005654
v 0.029683 0.064058 -0.022693
v 0.029683 0.064949 -0.022702
v 0.032100 0.067372 -0.019184
v 0.032100 0.068412 -0.019308
v 0.034099 0.071183 -0.015577
v 0.034099 0.072347 -0.015903
v 0.035655 0.075442 -0.012038
v 0.035655 0.076702 -0.012609
v 0.036747 0.080086 -0.008692
v 0.035655 0.077853 -0.013354
v 0.036747 0.081403 -0.009546
v 0.032100 0.069398 -0.019584
v 0.032100 0.070315 -0.020000
v 0.034099 0.073432 -0.016394
v 0.032100 0.071153 -0.020542
v 0.034099 0.074423 -0.017035
v -0.023725 0.061255 -0.028927
v -0.022029 0.060272 -0.030245
v -0.020262 0.059359 -0.031468
v -0.018429 0.058519 -0.032592
v -0.016536 0.057756 -0.033612
v -0.014589 0.057072 -0.034526
v -0.012594 0.056472 -0.035327
v -0.010558 0.055956 -0.036014
v -0.008488 0.055529 -0.036582
v -0.006390 0.055193 -0.037029
v -0.004272 0.054951 -0.037351
v -0.002139 0.054803 -0.037546
v 0.000000 0.054754 -0.037612
v 0.002139 0.054803 -0.037546
v 0.004272 0.054951 -0.037351
v 0.006390 0.055193 -0.037029
v 0.008488 0.055529 -0.036582
v 0.010558 0.055956 -0.036014
v 0.012594 0.056472 -0.035327
v 0.014589 0.057072 -0.034525
v 0.016536 0.057756 -0.033612
v 0.018429 0.058519 -0.032592
v 0.020262 0.059359 -0.031468
v 0.022029 0.060272 -0.030245
v 0.023725 0.061255 -0.028927
v 0.037359 0.086354 -0.006822
v 0.036747 0.083586 -0.011774
v 0.036747 0.082576 -0.010579
v 0.035655 0.079760 -0.015301
v 0.035655 0.078878 -0.014258
v 0.034099 0.076064 -0.018710
v 0.034099 0.075305 -0.017812
v 0.032100 0.072541 -0.021959
v 0.032100 0.071899 -0.021199
v 0.029683 0.069237 -0.025007
v 0.029683 0.068705 -0.024377
v 0.026879 0.065761 -0.027305
v 0.036747 0.085036 -0.014568
v 0.036747 0.084412 -0.013110
v 0.035655 0.081027 -0.017743
v 0.035655 0.080482 -0.016469
v 0.034099 0.077153 -0.020812
v 0.034099 0.076685 -0.019715
v 0.032100 0.073463 -0.023737
v 0.032100 0.073067 -0.022809
v 0.029683 0.070003 -0.026482
v 0.029683 0.069673 -0.025712
v 0.026879 0.066548 -0.028388
v 0.023725 0.064088 -0.031821
v 0.022029 0.062769 -0.032795
v 0.020262 0.061544 -0.033699
v 0.018429 0.060419 -0.034531
v 0.016536 0.059398 -0.035287
v 0.014589 0.058484 -0.035964
v 0.012594 0.057681 -0.036560
v 0.010558 0.056994 -0.037070
v 0.008488 0.056425 -0.037493
v 0.006390 0.055978 -0.037826
v 0.004272 0.055656 -0.038066
v 0.002139 0.055460 -0.038212
v 0.000000 0.055395 -0.038261
v -0.002139 0.055460 -0.038212
v -0.004272 0.055656 -0.038066
v -0.006390 0.055978 -0.037826
v -0.008488 0.056425 -0.037493
v -0.010558 0.056994 -0.037070
v -0.012594 0.057681 -0.036560
v -0.014589 0.058484 -0.035964
v -0.016536 0.059398 -0.035287
v -0.018429 0.060419 -0.034531
v -0.020262 0.061544 -0.033699
v -0.022029 0.062769 -0.032795
v 0.023725 0.063732 -0.030801
v 0.023725 0.063108 -0.029945
v 0.022029 0.062451 -0.031898
v 0.022029 0.061901 -0.031145
v 0.020262 0.061263 -0.032917
v 0.020262 0.060780 -0.032260
v 0.018429 0.060170 -0.033855
v 0.018429 0.059750 -0.033285
v 0.016536 0.059178 -0.034707
v 0.016536 0.058814 -0.034217
v 0.014589 0.058289 -0.035470
v 0.014589 0.057975 -0.035051
v 0.012594 0.057509 -0.036140
v 0.012594 0.057239 -0.035783
v 0.010558 0.056840 -0.036715
v 0.010558 0.056607 -0.036412
v 0.008488 0.056286 -0.037192
v 0.008488 0.056084 -0.036932
v 0.006390 0.055851 -0.037567
v 0.006390 0.055672 -0.037342
v 0.004272 0.055536 -0.037837
v 0.004272 0.055375 -0.037638
v 0.002139 0.055346 -0.038001
v 0.002139 0.055195 -0.037817
v 0.000000 0.055282 -0.038057
v 0.000000 0.055134 -0.037877
v -0.002139 0.055346 -0.038001
v -0.002139 0.055195 -0.037817
v -0.004272 0.055536 -0.037837
v -0.004272 0.055375 -0.037638
v -0.006390 0.055851 -0.037567
v -0.006390 0.055672 -0.037342
v -0.008488 0.056286 -0.037192
v -0.008488 0.056084 -0.036932
v -0.010558 0.056840 -0.036715
v -0.010558 0.056607 -0.036412
v -0.012594 0.057509 -0.036140
v -0.012594 0.057239 -0.035783
v -0.014589 0.058289 -0.035470
v -0.014589 0.057975 -0.035051
v -0.016536 0.059178 -0.034707
v -0.016536 0.058814 -0.034217
v -0.018429 0.060170 -0.033855
v -0.018429 0.059750 -0.033285
v -0.020262 0.061263 -0.032917
v -0.020262 0.060780 -0.032260
v -0.022029 0.062451 -0.031898
v -0.022029 0.061901 -0.031146
v -0.023725 0.063732 -0.030801
v -0.023725 0.063108 -0.029945
v -0.023725 0.062266 -0.029304
v -0.022029 0.061160 -0.030580
v -0.020262 0.060134 -0.031765
v -0.018429 0.059189 -0.032854
v -0.016536 0.058331 -0.033843
v -0.014589 0.057563 -0.034729
v -0.012594 0.056887 -0.035507
v -0.010558 0.056308 -0.036174
v -0.008488 0.055828 -0.036726
v -0.006390 0.055450 -0.037160
v -0.004272 0.055178 -0.037473
v -0.002139 0.055012 -0.037663
v 0.000000 0.054957 -0.037728
v 0.002139 0.055012 -0.037663
v 0.004272 0.055178 -0.037473
v 0.006390 0.055450 -0.037160
v 0.008488 0.055828 -0.036726
v 0.010558 0.056308 -0.036174
v 0.012594 0.056887 -0.035507
v 0.014589 0.057563 -0.034729
v 0.016536 0.058331 -0.033843
v 0.018429 0.059189 -0.032854
v 0.020262 0.060133 -0.031765
v 0.022029 0.061160 -0.030580
v 0.023725 0.062266 -0.029304
v 0.012558 0.057665 0.042250
v 0.017252 0.059704 0.042250
v 0.021625 0.062364 0.042250
v 0.025596 0.065594 0.042250
v 0.029089 0.069334 0.042250
v 0.032040 0.073516 0.042250
v 0.034395 0.078060 0.042250
v 0.036109 0.082883 0.042250
v 0.037151 0.087894 0.042250
v 0.037500 0.093000 0.042250
v 0.037151 0.098106 0.042250
v 0.036109 0.103117 0.042250
v 0.034395 0.107940 0.042250
v 0.032040 0.112484 0.042250
v 0.029089 0.116666 0.042250
v 0.025596 0.120406 0.042250
v 0.021625 0.123636 0.042250
v 0.017252 0.126296 0.042250
v 0.012558 0.128335 0.042250
v 0.007629 0.129715 0.042250
v 0.002559 0.130413 0.042250
v -0.002559 0.130413 0.042250
v -0.007629 0.129715 0.042250
v -0.012558 0.128335 0.042250
v -0.017252 0.126296 0.042250
v -0.021625 0.123636 0.042250
v -0.025596 0.120406 0.042250
v -0.029089 0.116666 0.042250
v -0.032040 0.112484 0.042250
v -0.034395 0.107940 0.042250
v -0.036109 0.103117 0.042250
v -0.037151 0.098106 0.042250
v -0.037500 0.093000 0.042250
v -0.037151 0.087894 0.042250
v -0.036109 0.082883 0.042250
v -0.034395 0.078060 0.042250
v -0.032041 0.073516 0.042250
v -0.029089 0.069334 0.042250
v -0.025596 0.065594 0.042250
v -0.021625 0.062364 0.042250
v -0.017252 0.059704 0.042250
v -0.012558 0.057665 0.042250
v -0.007630 0.056285 0.042250
v -0.002559 0.055587 0.042250
v 0.002559 0.055587 0.042250
v 0.007629 0.056285 0.042250
v 0.037500 0.093000 -0.011897
v 0.037499 0.093085 -0.013555
v 0.037499 0.093138 -0.014590
v 0.037499 0.093271 -0.016610
v 0.037498 0.093416 -0.018818
v 0.032033 0.112480 -0.014382
v 0.021863 0.123468 -0.009548
v 0.025590 0.120399 -0.010898
v 0.029089 0.116665 -0.012541
v 0.025704 0.120305 -0.010939
v 0.013100 0.128137 -0.007493
v 0.017241 0.126272 -0.008314
v 0.029093 0.116661 -0.012542
v 0.031969 0.112602 -0.014329
v -0.011334 0.128746 -0.007225
v -0.007615 0.129659 -0.006824
v 0.017636 0.126094 -0.008392
v 0.021616 0.123621 -0.009480
v 0.034283 0.108196 -0.016267
v 0.034379 0.107934 -0.016383
v -0.020319 0.124518 -0.009086
v -0.017219 0.126236 -0.008330
v -0.015967 0.126931 -0.008024
v -0.012534 0.128275 -0.007432
v -0.006502 0.129932 -0.006704
v -0.002553 0.130360 -0.006515
v -0.001555 0.130467 -0.006468
v 0.035993 0.103524 -0.018323
v 0.036084 0.103112 -0.018504
v -0.027879 0.118080 -0.011918
v -0.025544 0.120353 -0.010918
v 0.002558 0.130365 -0.006513
v 0.003419 0.130344 -0.006522
v 0.007623 0.129675 -0.006817
v 0.008333 0.129562 -0.006866
v 0.012548 0.128302 -0.007421
v -0.037069 0.098095 -0.020712
v -0.036741 0.100505 -0.019652
v -0.036030 0.103095 -0.018512
v -0.024313 0.121551 -0.010391
v -0.021583 0.123579 -0.009499
v 0.037069 0.098666 -0.020461
v 0.037118 0.098103 -0.020708
v -0.037411 0.095574 -0.021821
v -0.035424 0.105302 -0.017541
v -0.034321 0.107908 -0.016394
v -0.033484 0.109884 -0.015524
v -0.031972 0.112444 -0.014398
v -0.030954 0.114169 -0.013639
v -0.029028 0.116618 -0.012561
v -0.037499 0.093260 -0.016612
v -0.037500 0.093000 -0.011897
v -0.037499 0.093212 -0.015972
v -0.037499 0.093086 -0.013557
v 0.002137 0.055608 0.040000
v 0.000000 0.055500 0.040000
v 0.000000 0.055505 0.038866
v 0.006390 0.055949 0.037752
v 0.006390 0.056005 0.037908
v 0.004272 0.055682 0.038138
v 0.010558 0.057022 0.037182
v 0.008488 0.056453 0.037588
v 0.008488 0.056394 0.037407
v 0.014589 0.058515 0.036121
v 0.012594 0.057711 0.036692
v 0.012594 0.057645 0.036440
v 0.017227 0.059750 0.040000
v 0.016523 0.059365 0.040000
v 0.016536 0.059459 0.036963
v -0.032100 0.073793 0.030210
v -0.034099 0.077554 0.028453
v -0.034099 0.077577 0.025571
v -0.018429 0.060455 0.034745
v -0.020262 0.061583 0.033946
v -0.020262 0.061490 0.033476
v -0.002139 0.055569 0.038835
v -0.026879 0.061470 0.025931
v -0.029683 0.063413 0.022696
v -0.029683 0.061383 0.022723
v -0.032100 0.063079 0.019203
v -0.026879 0.059819 0.025957
v -0.023725 0.058409 0.028863
v -0.023725 0.059717 0.028842
v -0.006390 0.055283 0.037067
v -0.006390 0.055427 0.037145
v -0.008488 0.055800 0.036709
v -0.004272 0.055157 0.037460
v -0.004272 0.055381 0.037644
v 0.006390 0.055283 0.037067
v 0.006390 0.055427 0.037145
v 0.004272 0.055157 0.037460
v 0.026879 0.065223 0.026836
v 0.026879 0.065791 0.027336
v 0.023725 0.063131 0.029969
v 0.026879 0.063866 0.026143
v 0.026879 0.063099 0.025973
v 0.029682 0.065421 0.022742
v 0.032100 0.066739 0.019176
v 0.032100 0.065522 0.019177
v 0.034099 0.067769 0.015421
v 0.037359 0.081353 0.003761
v 0.037359 0.083230 0.004525
v 0.036746 0.079810 0.008546
v -0.008488 0.054673 0.036483
v -0.010558 0.054952 0.035921
v 0.004272 0.054295 0.037241
v 0.037485 0.086683 0.000467
v 0.037485 0.088582 0.001647
v 0.037499 0.093085 0.013174
v 0.037499 0.093132 0.014152
v 0.037359 0.089783 0.016300
v -0.037490 0.093846 0.024868
v -0.037495 0.093574 0.021002
v -0.037500 0.093000 0.040000
v -0.037485 0.090253 0.003119
v -0.037485 0.091659 0.004847
v -0.037359 0.087692 0.008451
v -0.037359 0.088683 0.010198
v -0.037359 0.089373 0.012112
v -0.037359 0.089731 0.014161
v -0.037359 0.089783 0.016300
v -0.037499 0.093115 0.014158
v -0.037500 0.093000 0.011911
v -0.037497 0.093465 0.019459
v -0.037359 0.089792 0.018451
v -0.037499 0.093259 0.016431
v -0.037499 0.093150 0.014836
v -0.037337 0.089756 0.040000
v -0.037475 0.094032 0.040000
v -0.037458 0.094770 0.040000
v -0.037461 0.094708 0.039914
v -0.037470 0.094506 0.039515
v -0.037477 0.094311 0.038803
v -0.037483 0.094144 0.037458
v -0.037485 0.094054 0.035090
v -0.037485 0.094030 0.032480
v -0.037487 0.094004 0.029519
v 0.037481 0.094193 0.037997
v 0.037475 0.094363 0.039045
v 0.037475 0.094031 0.040000
v 0.037467 0.094571 0.039670
v 0.037458 0.094770 0.040000
v 0.037500 0.093000 0.040000
v 0.037494 0.093663 0.022004
v 0.037489 0.093921 0.026501
v 0.037486 0.094025 0.031358
v 0.037485 0.094030 0.031833
v 0.037484 0.094081 0.036237
v 0.037315 0.089758 0.040000
v 0.037359 0.089794 0.022759
v 0.037495 0.093587 0.020996
v 0.037359 0.089731 0.014161
v 0.037500 0.093000 0.011907
v 0.037359 0.089373 0.012112
v 0.037359 0.088683 0.010198
v 0.037485 0.091659 0.004847
v 0.037485 0.090253 0.003119
v 0.037359 0.079333 0.003322
v 0.037359 0.077208 0.003220
v 0.037359 0.070750 0.003206
v 0.037359 0.075057 0.003210
v 0.036746 0.068746 0.007394
v 0.035655 0.066783 0.011490
v 0.034099 0.064887 0.015443
v 0.032100 0.063079 0.019203
v 0.029682 0.061383 0.022723
v 0.026879 0.059819 0.025957
v 0.023725 0.058409 0.028863
v 0.020262 0.057172 0.031402
v 0.016536 0.056126 0.033539
v 0.014589 0.055680 0.034446
v 0.012594 0.055288 0.035241
v 0.008488 0.054673 0.036483
v 0.006390 0.054454 0.036923
v 0.000000 0.054167 0.037496
v 0.002139 0.054199 0.037432
v -0.002139 0.054199 0.037432
v -0.004272 0.054295 0.037241
v -0.006390 0.054454 0.036923
v -0.012594 0.055288 0.035241
v -0.014589 0.055680 0.034446
v -0.016536 0.056126 0.033539
v -0.020262 0.057172 0.031402
v -0.034099 0.064887 0.015443
v -0.035655 0.066784 0.011490
v -0.036747 0.068746 0.007394
v -0.037359 0.070750 0.003206
v -0.037359 0.075057 0.003210
v -0.037359 0.077208 0.003220
v -0.037359 0.079333 0.003322
v -0.037359 0.081353 0.003761
v -0.037359 0.083231 0.004525
v -0.037485 0.086683 0.000467
v -0.037485 0.088583 0.001647
v 0.036746 0.078146 0.007870
v 0.035655 0.076461 0.012482
v 0.036746 0.076356 0.007483
v 0.035655 0.075007 0.011892
v 0.034099 0.073224 0.016284
v 0.029682 0.068741 0.024414
v 0.032100 0.071100 0.020502
v 0.032100 0.071943 0.021245
v 0.034099 0.074359 0.016988
v 0.034099 0.075356 0.017865
v 0.035655 0.077779 0.013299
v 0.035655 0.078938 0.014319
v 0.036746 0.081319 0.009482
v 0.036746 0.082645 0.010650
v 0.037359 0.084934 0.005583
v 0.037359 0.086432 0.006902
v 0.036746 0.074472 0.007394
v 0.035655 0.073442 0.011554
v 0.034099 0.071973 0.015777
v 0.032100 0.070140 0.019907
v 0.029682 0.068041 0.023799
v 0.029682 0.067245 0.023305
v 0.032100 0.069081 0.019478
v 0.034099 0.070625 0.015486
v 0.035655 0.071794 0.011478
v 0.036746 0.072566 0.007388
v 0.026879 0.064578 0.026434
v 0.029682 0.066367 0.022948
v 0.032100 0.067941 0.019231
v 0.034099 0.069206 0.015421
v 0.035655 0.070126 0.011475
v 0.020262 0.060062 0.031726
v 0.020262 0.059631 0.031543
v 0.022029 0.061078 0.030536
v 0.022029 0.060584 0.030329
v 0.023725 0.062172 0.029254
v 0.023725 0.061610 0.029021
v 0.020262 0.059167 0.031432
v 0.022029 0.060052 0.030205
v 0.023725 0.061005 0.028883
v 0.029682 0.063413 0.022696
v 0.026879 0.061470 0.025931
v 0.023725 0.059717 0.028842
v 0.008488 0.055800 0.036709
v 0.008488 0.055634 0.036623
v 0.008488 0.055456 0.036559
v 0.012594 0.056369 0.035301
v 0.010558 0.055869 0.035990
v 0.012594 0.056617 0.035376
v 0.010558 0.056080 0.036058
v 0.012594 0.056849 0.035485
v 0.010558 0.056275 0.036154
v 0.010558 0.056455 0.036276
v 0.008488 0.055953 0.036815
v 0.008488 0.056091 0.036940
v 0.006390 0.055679 0.037348
v 0.014589 0.056951 0.034497
v 0.016536 0.056879 0.033534
v 0.018429 0.057498 0.032513
v 0.020262 0.058179 0.031388
v -0.002139 0.055200 0.037822
v -0.002139 0.054993 0.037650
v 0.000000 0.055139 0.037882
v 0.000000 0.054938 0.037715
v 0.002139 0.055200 0.037822
v 0.002139 0.054993 0.037650
v 0.004272 0.055381 0.037644
v 0.010558 0.055419 0.035931
v -0.004272 0.054895 0.037330
v -0.002139 0.054752 0.037525
v 0.000000 0.054704 0.037591
v 0.002139 0.054752 0.037525
v 0.004272 0.054895 0.037330
v 0.006390 0.055130 0.037006
v -0.018429 0.059127 0.032820
v -0.018429 0.058755 0.032659
v -0.016536 0.058278 0.033814
v -0.016536 0.057958 0.033673
v -0.014589 0.057517 0.034703
v -0.014589 0.057244 0.034579
v -0.012594 0.056849 0.035485
v -0.012594 0.056617 0.035376
v -0.010558 0.056275 0.036154
v -0.010558 0.056080 0.036058
v -0.008488 0.055634 0.036623
v -0.006390 0.055130 0.037006
v -0.018429 0.058353 0.032559
v -0.016536 0.057614 0.033582
v -0.014589 0.056951 0.034497
v -0.012594 0.056369 0.035301
v -0.010558 0.055869 0.035989
v -0.008488 0.055456 0.036559
v -0.018429 0.057498 0.032513
v -0.016536 0.056879 0.033533
v -0.014589 0.056325 0.034446
v -0.012594 0.055837 0.035246
v -0.010558 0.055419 0.035931
v -0.008488 0.055073 0.036497
v -0.006390 0.054800 0.036941
v -0.004272 0.054604 0.037262
v -0.002139 0.054484 0.037455
v 0.000000 0.054444 0.037520
v 0.002139 0.054484 0.037455
v 0.004272 0.054604 0.037262
v 0.006390 0.054800 0.036941
v 0.008488 0.055073 0.036497
v 0.010558 0.054952 0.035921
v -0.020262 0.059631 0.031543
v -0.022029 0.060052 0.030205
v -0.020262 0.059167 0.031432
v -0.020262 0.058179 0.031388
v -0.022029 0.061078 0.030536
v -0.023725 0.062172 0.029254
v -0.023725 0.061610 0.029021
v -0.026879 0.063866 0.026143
v -0.026879 0.063099 0.025973
v -0.029683 0.065421 0.022742
v -0.029683 0.064425 0.022694
v -0.032100 0.066739 0.019176
v -0.032100 0.065522 0.019177
v -0.034099 0.067769 0.015421
v -0.006390 0.055679 0.037348
v -0.008488 0.056091 0.036940
v -0.008488 0.055953 0.036815
v -0.010558 0.056615 0.036421
v -0.010558 0.056455 0.036276
v -0.012594 0.057248 0.035794
v -0.012594 0.057060 0.035625
v -0.014589 0.057987 0.035063
v -0.014589 0.057766 0.034865
v -0.016536 0.058827 0.034231
v -0.016536 0.058569 0.034001
v -0.018429 0.059766 0.033301
v -0.018429 0.059466 0.033036
v -0.020262 0.060798 0.032278
v -0.020262 0.060062 0.031726
v -0.022029 0.060584 0.030329
v -0.023725 0.061005 0.028883
v -0.012594 0.057758 0.037777
v -0.010558 0.057078 0.038104
v -0.012557 0.057667 0.040000
v -0.008488 0.056473 0.040000
v -0.002136 0.055622 0.040000
v -0.002556 0.055646 0.040000
v -0.004272 0.055761 0.038741
v -0.004270 0.055744 0.040000
v -0.006390 0.056077 0.038588
v -0.006380 0.056109 0.040000
v -0.008488 0.056517 0.038375
v -0.007623 0.056324 0.040000
v -0.008487 0.056473 0.040000
v -0.016536 0.059459 0.036963
v -0.017234 0.059737 0.040000
v -0.018429 0.060475 0.036479
v -0.020260 0.061444 0.040000
v -0.020262 0.061595 0.035947
v -0.023725 0.063959 0.040000
v -0.025567 0.065625 0.040000
v -0.026879 0.067039 0.033376
v -0.026516 0.066484 0.040000
v -0.020262 0.061446 0.040000
v -0.021591 0.062411 0.040000
v -0.023725 0.064133 0.034746
v -0.012590 0.057677 0.040000
v -0.012594 0.057678 0.040000
v -0.014589 0.058552 0.037397
v -0.016535 0.059342 0.040000
v -0.016536 0.059343 0.040000
v -0.008488 0.056507 0.037974
v -0.006390 0.056062 0.038240
v -0.004272 0.055743 0.038432
v -0.002139 0.055549 0.038549
v -0.008488 0.056453 0.037588
v -0.006390 0.056005 0.037908
v -0.004272 0.055682 0.038138
v -0.004272 0.055628 0.038001
v -0.002139 0.055367 0.038034
v -0.002139 0.055486 0.038278
v -0.004272 0.055559 0.037873
v -0.006390 0.055949 0.037752
v -0.006390 0.055875 0.037606
v -0.008488 0.056394 0.037407
v -0.008488 0.056314 0.037238
v -0.010558 0.056961 0.036969
v -0.010558 0.057022 0.037182
v -0.012594 0.057645 0.036440
v -0.012594 0.057711 0.036692
v -0.014589 0.058444 0.035823
v -0.014589 0.058515 0.036121
v -0.016536 0.059354 0.035122
v -0.016536 0.059431 0.035471
v -0.018429 0.060370 0.034338
v -0.022029 0.062520 0.032035
v -0.022029 0.062708 0.032538
v -0.022029 0.062811 0.033078
v -0.010558 0.056871 0.036769
v -0.012594 0.057544 0.036204
v -0.014589 0.058330 0.035545
v -0.016536 0.059224 0.034795
v -0.018429 0.060223 0.033958
v -0.020262 0.061323 0.033037
v -0.018429 0.060020 0.033611
v -0.016536 0.059047 0.034497
v -0.014589 0.058176 0.035290
v -0.012594 0.057411 0.035988
v -0.010558 0.056755 0.036586
v -0.008488 0.056212 0.037081
v -0.023725 0.063131 0.029969
v -0.023725 0.063809 0.030956
v -0.023725 0.064020 0.031529
v -0.023725 0.064134 0.032143
v -0.023725 0.064157 0.033436
v -0.026879 0.067047 0.030089
v -0.026879 0.066908 0.029311
v -0.026879 0.066645 0.028585
v -0.026879 0.066269 0.027923
v -0.026879 0.065791 0.027336
v -0.026879 0.065223 0.026836
v -0.029683 0.068041 0.023799
v -0.029683 0.067245 0.023305
v -0.032100 0.070140 0.019907
v -0.032100 0.069081 0.019478
v -0.034099 0.071973 0.015777
v -0.034099 0.070625 0.015486
v -0.035655 0.073442 0.011554
v -0.035655 0.071794 0.011478
v -0.036747 0.074472 0.007394
v -0.036747 0.072566 0.007388
v -0.022029 0.061922 0.031167
v -0.023725 0.062682 0.029573
v -0.026879 0.064578 0.026434
v -0.029683 0.066367 0.022947
v -0.032100 0.067941 0.019231
v -0.034099 0.069206 0.015421
v -0.035655 0.070126 0.011475
v -0.026860 0.066868 0.040000
v -0.029072 0.069349 0.040000
v -0.029683 0.070273 0.031857
v -0.029364 0.069676 0.040000
v -0.029661 0.070098 0.040000
v -0.031830 0.073173 0.040000
v -0.032022 0.073526 0.040000
v -0.034348 0.078079 0.040000
v -0.035492 0.080894 0.040000
v -0.032077 0.073626 0.040000
v -0.033881 0.076927 0.040000
v -0.034075 0.077407 0.040000
v -0.037359 0.089794 0.022759
v -0.036747 0.085605 0.024705
v -0.036721 0.085524 0.040000
v -0.037098 0.087902 0.040000
v -0.037311 0.089242 0.040000
v -0.035630 0.081390 0.040000
v -0.036050 0.082899 0.040000
v -0.035655 0.081508 0.026612
v -0.036640 0.085014 0.040000
v -0.035655 0.081486 0.019941
v -0.035655 0.081524 0.023268
v -0.026879 0.067067 0.031725
v -0.029683 0.070303 0.029826
v -0.029683 0.070283 0.027811
v -0.032100 0.073798 0.025339
v -0.029683 0.070115 0.026851
v -0.032100 0.073598 0.024182
v -0.029683 0.069792 0.025955
v -0.032100 0.073210 0.023102
v -0.029683 0.069330 0.025138
v -0.032100 0.072653 0.022117
v -0.029683 0.068741 0.024414
v -0.032100 0.071943 0.021245
v -0.032100 0.071100 0.020502
v -0.034099 0.074359 0.016988
v -0.034099 0.073224 0.016284
v -0.035655 0.076461 0.012482
v -0.035655 0.075007 0.011892
v -0.036747 0.078146 0.007870
v -0.036747 0.076356 0.007483
v -0.032100 0.073821 0.027766
v -0.034099 0.077548 0.022705
v -0.034099 0.077312 0.021337
v -0.035655 0.081212 0.018354
v -0.034099 0.076854 0.020062
v -0.035655 0.080679 0.016871
v -0.034099 0.076195 0.018897
v -0.035655 0.079913 0.015518
v -0.034099 0.075356 0.017865
v -0.035655 0.078938 0.014319
v -0.035655 0.077779 0.013299
v -0.036747 0.081319 0.009482
v -0.036747 0.079810 0.008546
v -0.037359 0.084934 0.005583
v -0.037359 0.086432 0.006902
v -0.036747 0.082645 0.010650
v -0.036747 0.083761 0.012022
v -0.036747 0.084638 0.013570
v -0.036747 0.085248 0.015266
v -0.036747 0.085564 0.017081
v -0.036747 0.085608 0.018978
v -0.036747 0.085613 0.020885
v 0.036053 0.082899 0.040000
v 0.035655 0.081507 0.026612
v 0.036527 0.084514 0.040000
v 0.036746 0.085605 0.024705
v 0.032061 0.073636 0.040000
v 0.032100 0.073793 0.030210
v 0.033658 0.076466 0.040000
v 0.034099 0.077554 0.028454
v 0.034058 0.077414 0.040000
v 0.035612 0.081395 0.040000
v 0.035323 0.080410 0.040000
v 0.034341 0.078083 0.040000
v 0.037256 0.088731 0.040000
v 0.037113 0.087901 0.040000
v 0.036702 0.085528 0.040000
v 0.026862 0.066866 0.040000
v 0.026879 0.067039 0.033376
v 0.029041 0.069276 0.040000
v 0.029682 0.070273 0.031857
v 0.029085 0.069337 0.040000
v 0.020262 0.061595 0.035947
v 0.023725 0.064133 0.034746
v 0.023324 0.063636 0.040000
v 0.026516 0.066484 0.040000
v 0.025562 0.065632 0.040000
v 0.023707 0.063979 0.040000
v 0.014589 0.058552 0.037397
v 0.016073 0.059120 0.040000
v 0.012594 0.057758 0.037777
v 0.004268 0.055770 0.040000
v 0.003758 0.055689 0.040000
v 0.004272 0.055761 0.038741
v 0.002557 0.055629 0.040000
v 0.002139 0.055569 0.038835
v 0.006381 0.056106 0.040000
v 0.006390 0.056077 0.038588
v 0.007626 0.056303 0.040000
v 0.008488 0.056517 0.038375
v 0.007986 0.056360 0.040000
v 0.012584 0.057702 0.040000
v 0.012548 0.057688 0.040000
v 0.010558 0.057078 0.038104
v 0.012106 0.057508 0.040000
v 0.008481 0.056498 0.040000
v 0.021590 0.062414 0.040000
v 0.020247 0.061467 0.040000
v 0.019827 0.061170 0.040000
v 0.032005 0.073536 0.040000
v 0.031556 0.072740 0.040000
v 0.029646 0.070110 0.040000
v 0.037499 0.093243 0.016458
v 0.037359 0.089791 0.018451
v 0.036746 0.085608 0.018978
v 0.036746 0.085612 0.020885
v 0.035655 0.081524 0.023268
v 0.034099 0.077577 0.025571
v 0.032100 0.073821 0.027766
v 0.029682 0.070303 0.029826
v 0.026879 0.067067 0.031725
v 0.023725 0.064157 0.033437
v 0.020262 0.061612 0.034939
v 0.018429 0.060488 0.035604
v 0.023725 0.064134 0.032144
v 0.026879 0.067047 0.030089
v 0.029682 0.070283 0.027811
v 0.032100 0.073798 0.025339
v 0.034099 0.077548 0.022705
v 0.035655 0.081486 0.019941
v 0.036746 0.085564 0.017081
v 0.016536 0.059468 0.036209
v 0.014589 0.058556 0.036751
v 0.012594 0.057756 0.037227
v 0.010558 0.057072 0.037635
v 0.008488 0.056507 0.037974
v 0.006390 0.056062 0.038240
v 0.004272 0.055743 0.038432
v 0.002139 0.055549 0.038549
v 0.000000 0.055484 0.038588
v 0.023725 0.064020 0.031529
v 0.026879 0.066908 0.029311
v 0.029682 0.070115 0.026851
v 0.032100 0.073597 0.024182
v 0.034099 0.077312 0.021338
v 0.035655 0.081212 0.018354
v 0.036746 0.085248 0.015266
v 0.018429 0.060455 0.034745
v 0.018429 0.060370 0.034338
v 0.020262 0.061583 0.033946
v 0.020262 0.061490 0.033476
v 0.022029 0.062811 0.033078
v 0.022029 0.062708 0.032539
v 0.018429 0.060223 0.033958
v 0.020262 0.061323 0.033037
v 0.022029 0.062520 0.032035
v 0.023725 0.063809 0.030956
v 0.026879 0.066645 0.028585
v 0.029682 0.069792 0.025955
v 0.032100 0.073210 0.023102
v 0.034099 0.076854 0.020062
v 0.035655 0.080679 0.016872
v 0.036746 0.084638 0.013570
v 0.023725 0.063509 0.030433
v 0.026879 0.066268 0.027923
v 0.029682 0.069330 0.025138
v 0.032100 0.072653 0.022117
v 0.034099 0.076195 0.018897
v 0.035655 0.079913 0.015518
v 0.036746 0.083761 0.012023
v 0.037359 0.087692 0.008451
v 0.016536 0.059431 0.035471
v 0.014589 0.058444 0.035823
v 0.010558 0.056961 0.036969
v 0.008488 0.056314 0.037238
v 0.012594 0.057544 0.036204
v 0.014589 0.058330 0.035545
v 0.014589 0.058176 0.035290
v 0.016536 0.059047 0.034497
v 0.016536 0.058827 0.034231
v 0.018429 0.059766 0.033301
v 0.018429 0.059466 0.033036
v 0.010558 0.056871 0.036769
v 0.010558 0.056755 0.036586
v 0.012594 0.057411 0.035988
v 0.012594 0.057248 0.035794
v 0.014589 0.057987 0.035063
v 0.014589 0.057766 0.034865
v 0.016536 0.058569 0.034001
v 0.016536 0.058278 0.033814
v 0.018429 0.059127 0.032820
v 0.016536 0.057958 0.033673
v 0.018429 0.058755 0.032659
v 0.016536 0.057614 0.033582
v 0.018429 0.058353 0.032559
v 0.014589 0.057244 0.034579
v 0.014589 0.057517 0.034703
v 0.012594 0.057060 0.035625
v 0.010558 0.056615 0.036421
v 0.008488 0.056212 0.037081
v 0.006390 0.055875 0.037606
v 0.004272 0.055628 0.038001
v 0.002139 0.055486 0.038278
v 0.000000 0.055421 0.038325
v 0.000000 0.055303 0.038088
v 0.002139 0.055367 0.038034
v 0.004272 0.055559 0.037873
v 0.016536 0.059354 0.035122
v 0.016536 0.059224 0.034795
v 0.018429 0.060020 0.033611
v 0.020262 0.060798 0.032279
v 0.022029 0.061922 0.031167
v -0.036393 0.102042 0.040000
v -0.036611 0.101118 0.039935
v -0.036780 0.100315 0.040000
v -0.036862 0.099888 0.039887
v -0.037084 0.098571 0.040000
v -0.033929 0.108970 0.040000
v -0.034390 0.107937 0.039975
v -0.034395 0.107940 0.040000
v -0.034556 0.107564 0.039966
v -0.035282 0.105706 0.040000
v -0.012732 0.128272 0.040000
v -0.013747 0.127889 0.039976
v -0.014295 0.127668 0.040000
v -0.015829 0.126995 0.040000
v -0.007629 0.129715 0.040000
v -0.005659 0.130070 0.040000
v -0.006260 0.129974 0.039929
v -0.007449 0.129753 0.039892
v -0.007628 0.129711 0.039902
v -0.009328 0.129321 0.040000
v 0.007629 0.129715 0.040000
v 0.009328 0.129321 0.040000
v 0.008492 0.129525 0.039950
v 0.007628 0.129708 0.039917
v 0.006938 0.129852 0.039890
v 0.005659 0.130070 0.040000
v 0.015829 0.126995 0.040000
v 0.014539 0.127567 0.039973
v 0.014295 0.127668 0.040000
v 0.012733 0.128272 0.040000
v 0.035282 0.105706 0.040000
v 0.034841 0.106867 0.039968
v 0.034395 0.107940 0.040000
v 0.034379 0.107933 0.039984
v 0.033929 0.108970 0.040000
v 0.037084 0.098571 0.040000
v 0.036991 0.099158 0.039930
v 0.036780 0.100315 0.040000
v 0.036777 0.100330 0.039889
v 0.036393 0.102042 0.040000
v 0.037498 0.093359 0.017574
v 0.021625 0.062364 0.042250
v 0.025596 0.065594 0.042250
v 0.000050 0.054000 -0.037491
v 0.002139 0.054069 -0.037428
v 0.036013 0.103090 0.047500
v 0.034304 0.107900 0.047500
v 0.017252 0.059704 0.042250
v 0.037400 0.093000 0.042250
v 0.037051 0.087908 0.042250
v 0.004202 0.054000 -0.037245
v 0.002136 0.054000 -0.037368
v -0.034304 0.078100 0.047500
v -0.036013 0.082910 0.047500
v 0.029089 0.069334 0.042250
v 0.032040 0.073516 0.042250
v -0.020255 0.061580 -0.036778
v -0.020777 0.061910 -0.036633
v -0.037499 0.093279 -0.016998
v -0.037499 0.093260 -0.016612
v -0.037499 0.093260 -0.016612
v -0.037499 0.093260 -0.016612
v 0.031955 0.112432 0.047500
v 0.029011 0.116603 0.047500
v -0.029373 0.069856 -0.033137
v -0.029672 0.070258 -0.032961
v -0.018421 0.060462 -0.037270
v -0.018978 0.060771 -0.037134
v 0.034395 0.078060 0.042250
v 0.036109 0.082883 0.042250
v -0.007913 0.047500 -0.036623
v -0.012038 0.047500 -0.035475
v 0.034841 0.106867 0.039968
v 0.034841 0.106867 0.039968
v 0.034395 0.107940 0.040000
v 0.034395 0.107940 0.040000
v 0.034379 0.107933 0.039984
v 0.012558 0.057665 0.042250
v -0.030780 0.071746 -0.032305
v -0.032057 0.073704 -0.031444
v -0.002137 0.054000 -0.037380
v -0.009520 0.056769 -0.038895
v -0.008484 0.056523 -0.039004
v -0.022676 0.063275 -0.036032
v 0.035282 0.105706 0.040000
v -0.027784 0.067981 -0.033962
v -0.026865 0.067025 -0.034383
v -0.012524 0.057760 0.047500
v -0.017206 0.059793 0.047500
v 0.034395 0.107940 0.042250
v 0.032040 0.112484 0.042250
v -0.003670 0.054000 -0.037303
v 0.029089 0.116666 0.042250
v 0.025596 0.120406 0.042250
v -0.012822 0.057824 -0.038431
v -0.014584 0.058540 -0.038116
v -0.012591 0.057746 -0.038465
v 0.021568 0.123555 0.047500
v 0.017206 0.126207 0.047500
v -0.037500 0.093079 -0.012996
v -0.037500 0.093000 -0.011897
v -0.035397 0.080739 -0.028349
v -0.035639 0.081501 -0.028013
v -0.031955 0.073568 0.047500
v 0.002552 0.055687 0.047500
v 0.007609 0.056382 0.047500
v -0.010654 0.057093 -0.038753
v -0.031955 0.112432 0.047500
v -0.034304 0.107900 0.047500
v -0.036736 0.085600 -0.026210
v -0.037088 0.087517 -0.025366
v -0.037499 0.093107 -0.013556
v -0.037499 0.093107 -0.013556
v -0.002552 0.130313 0.047500
v 0.002552 0.130313 0.047500
v -0.010558 0.057066 -0.038765
v -0.029011 0.069397 0.047500
v -0.006387 0.056088 -0.039195
v -0.005161 0.055875 -0.039289
v -0.003670 0.047500 -0.037303
v 0.000050 0.047500 -0.037491
v -0.007609 0.129617 0.047500
v -0.007354 0.056255 -0.039121
v -0.037499 0.093165 -0.014722
v -0.037499 0.093165 -0.014722
v 0.025527 0.120333 0.047500
v -0.029011 0.116603 0.047500
v 0.036109 0.103117 0.042250
v -0.036670 0.085238 -0.026369
v -0.036107 0.082978 -0.027363
v -0.025527 0.120333 0.047500
v 0.037151 0.098106 0.042250
v -0.036013 0.103090 0.047500
v -0.007609 0.056382 0.047500
v 0.037500 0.093000 0.042250
v -0.032040 0.112484 0.042250
v -0.034395 0.107940 0.042250
v 0.037151 0.087894 0.042250
v 0.017206 0.059793 0.047500
v 0.021568 0.062445 0.047500
v -0.031837 0.047500 0.019796
v -0.033889 0.047500 0.016041
v -0.037051 0.087908 0.047500
v -0.002552 0.055687 0.047500
v -0.026181 0.066314 -0.034696
v -0.024478 0.064744 -0.035386
v -0.030954 0.114169 -0.013639
v -0.029028 0.116618 -0.012561
v -0.036109 0.103117 0.042250
v -0.023713 0.064120 -0.035661
v -0.012524 0.128240 0.047500
v -0.017206 0.126207 0.047500
v -0.037151 0.098106 0.042250
v -0.031972 0.112444 -0.014398
v -0.037500 0.093000 0.042250
v -0.037151 0.087894 0.042250
v 0.000990 0.055522 -0.039444
v 0.002138 0.055587 -0.039415
v -0.033484 0.109884 -0.015524
v -0.036109 0.082883 0.042250
v 0.000000 0.055519 -0.039445
v 0.000478 0.055511 -0.039448
v -0.034395 0.078060 0.042250
v -0.035424 0.105302 -0.017541
v -0.034321 0.107908 -0.016394
v -0.001736 0.055549 -0.039432
v -0.002138 0.055581 -0.039418
v 0.037499 0.092883 0.010505
v 0.037499 0.092764 0.009529
v 0.037499 0.092764 0.009529
v 0.037499 0.092764 0.009529
v -0.029089 0.069334 0.042250
v -0.025596 0.065594 0.042250
v -0.021625 0.062364 0.042250
v -0.037312 0.047500 0.003746
v -0.036641 0.047500 0.007975
v -0.004271 0.055763 -0.039338
v -0.003942 0.055722 -0.039356
v 0.003194 0.055648 -0.039388
v 0.004270 0.055775 -0.039332
v -0.021568 0.062445 0.047500
v 0.037310 0.047500 -0.003768
v 0.036641 0.047500 -0.007972
v 0.037051 0.098093 0.047500
v 0.037069 0.098666 -0.020461
v 0.037118 0.098103 -0.020708
v -0.012449 0.047500 0.035333
v -0.016430 0.047500 0.033668
v 0.026524 0.047500 0.026480
v 0.023318 0.047500 0.029334
v -0.020169 0.047500 0.031576
v 0.005382 0.055907 -0.039275
v -0.032041 0.073516 0.042250
v 0.033449 0.076197 -0.030347
v 0.032345 0.074185 -0.031233
v -0.034223 0.077811 -0.029637
v -0.034092 0.077542 -0.029755
v 0.012524 0.057760 0.047500
v 0.037497 0.092571 0.008110
v 0.003419 0.130344 -0.006522
v 0.007623 0.129675 -0.006817
v 0.002552 0.055687 0.042250
v 0.007609 0.056382 0.042250
v -0.037069 0.098095 -0.020712
v -0.037411 0.095574 -0.021821
v 0.037499 0.092763 0.009520
v -0.002552 0.055687 0.042250
v -0.025527 0.065667 0.047500
v -0.037400 0.093000 0.047500
v 0.037496 0.092480 0.007811
v 0.029774 0.070370 -0.032911
v 0.031120 0.072242 -0.032087
v 0.029679 0.070253 -0.032962
v 0.028336 0.068604 -0.033688
v -0.007609 0.056382 0.042250
v 0.008333 0.129562 -0.006866
v 0.012085 0.047500 0.035459
v 0.007951 0.047500 0.036615
v -0.035109 0.079952 -0.028695
v -0.033205 0.075727 -0.030554
v -0.032098 0.073775 -0.031413
v -0.017206 0.059793 0.042250
v -0.012524 0.057760 0.042250
v 0.002559 0.055587 0.042250
v 0.007629 0.056285 0.042250
v 0.012548 0.128302 -0.007421
v 0.026876 0.067017 -0.034386
v -0.036030 0.103095 -0.018512
v 0.012524 0.128240 0.047500
v 0.007609 0.129617 0.047500
v 0.016064 0.047500 0.033843
v 0.019822 0.047500 0.031794
v 0.032090 0.073779 -0.031411
v -0.002559 0.055587 0.042250
v -0.024313 0.121551 -0.010391
v -0.021583 0.123579 -0.009499
v -0.017252 0.059704 0.042250
v -0.012558 0.057665 0.042250
v 0.033929 0.108970 0.040000
v -0.029011 0.069397 0.042250
v -0.025527 0.065667 0.042250
v -0.007630 0.056285 0.042250
v -0.021568 0.062445 0.042250
v -0.036741 0.100505 -0.019652
v -0.037051 0.098093 0.047500
v -0.031569 0.047500 -0.020220
v -0.029073 0.047500 -0.023662
v -0.033682 0.047500 -0.016470
v 0.036084 0.103112 -0.018504
v 0.017636 0.126094 -0.008392
v 0.021616 0.123621 -0.009480
v 0.021639 0.062508 -0.036370
v 0.020253 0.061580 -0.036778
v 0.037493 0.093709 -0.022642
v 0.037493 0.093709 -0.022642
v 0.037493 0.093709 -0.022642
v 0.037499 0.093271 -0.016610
v -0.034304 0.107900 0.042250
v -0.036013 0.103090 0.042250
v -0.037256 0.047500 -0.004269
v -0.037500 0.047500 0.000000
v 0.003690 0.047500 0.037301
v -0.000015 0.047500 0.037491
v -0.037051 0.098093 0.042250
v -0.029011 0.116603 0.042250
v -0.031955 0.112432 0.042250
v -0.011334 0.128746 -0.007225
v -0.007615 0.129659 -0.006824
v 0.019754 0.061245 -0.036926
v -0.027879 0.118080 -0.011918
v -0.037400 0.093000 0.042250
v -0.037051 0.087908 0.042250
v -0.037498 0.092549 0.008106
v -0.037496 0.092500 0.007805
v -0.021568 0.123555 0.042250
v -0.025527 0.120333 0.042250
v 0.034283 0.108196 -0.016267
v 0.034379 0.107934 -0.016383
v 0.037498 0.093416 -0.018818
v 0.004202 0.047500 -0.037245
v 0.013100 0.128137 -0.007493
v 0.017241 0.126272 -0.008314
v 0.018419 0.060465 -0.037269
v 0.025159 0.065349 -0.035120
v 0.026792 0.066925 -0.034427
v 0.036524 0.047500 0.008493
v 0.035323 0.047500 0.012579
v -0.031955 0.073568 0.042250
v -0.025544 0.120353 -0.010918
v -0.002552 0.130313 0.042250
v -0.007609 0.129617 0.042250
v 0.029093 0.116661 -0.012542
v 0.031969 0.112602 -0.014329
v -0.015967 0.126931 -0.008024
v -0.012534 0.128275 -0.007432
v 0.016527 0.059451 -0.037715
v 0.015674 0.059020 -0.037905
v 0.023718 0.064114 -0.035663
v -0.012524 0.128240 0.042250
v 0.023441 0.063876 -0.035768
v 0.017680 0.060033 -0.037459
v 0.008313 0.047500 -0.036533
v 0.010552 0.057079 -0.038759
v 0.009699 0.056817 -0.038874
v 0.035993 0.103524 -0.018323
v -0.034304 0.078100 0.042250
v -0.020319 0.124518 -0.009086
v -0.017219 0.126236 -0.008330
v 0.026531 0.047500 -0.026473
v 0.029364 0.047500 -0.023300
v -0.017206 0.126207 0.042250
v 0.033661 0.047500 0.016512
v -0.036013 0.082910 0.042250
v 0.031554 0.047500 0.020243
v -0.023653 0.047500 0.029065
v 0.002558 0.130365 -0.006513
v 0.023659 0.047500 -0.029060
v 0.020160 0.047500 -0.031581
v 0.012468 0.047500 -0.035325
v 0.029089 0.116665 -0.012541
v 0.025590 0.120399 -0.010898
v 0.025704 0.120305 -0.010939
v 0.032033 0.112480 -0.014382
v 0.036013 0.103090 0.042250
v 0.034304 0.107900 0.042250
v 0.012524 0.057760 0.042250
v -0.035493 0.047500 0.012093
v -0.026484 0.047500 -0.026520
v 0.033883 0.047500 -0.016054
v 0.035485 0.047500 -0.012116
v 0.037051 0.098093 0.042250
v 0.017206 0.059793 0.042250
v 0.021568 0.062445 0.042250
v 0.006387 0.056087 -0.039195
v 0.007551 0.056297 -0.039103
v 0.031842 0.047500 -0.019787
v 0.029049 0.047500 0.023692
v -0.035333 0.047500 -0.012555
v -0.036525 0.047500 -0.008489
v 0.037500 0.047500 0.000000
v -0.006502 0.129932 -0.006704
v -0.002553 0.130360 -0.006515
v 0.035285 0.080426 -0.028486
v 0.035643 0.081500 -0.028013
v -0.001555 0.130467 -0.006468
v 0.031955 0.073568 0.042250
v 0.034303 0.078100 0.042250
v 0.037256 0.047500 0.004269
v 0.034430 0.078278 -0.029431
v 0.029011 0.069397 0.042250
v 0.034084 0.077545 -0.029754
v 0.008484 0.056523 -0.039004
v -0.037499 0.092749 0.009319
v 0.021863 0.123468 -0.009548
v 0.025527 0.065667 0.042250
v 0.035905 0.082290 -0.027666
v -0.037493 0.093709 -0.022642
v -0.037489 0.092121 -0.023340
v 0.037464 0.091376 -0.023668
v -0.037361 0.089813 -0.024356
v -0.037359 0.089792 -0.024365
v 0.036969 0.086781 -0.025690
v 0.037288 0.089067 -0.024684
v 0.036729 0.085601 -0.026209
v 0.036508 0.084521 -0.026684
v -0.013747 0.127889 0.039976
v -0.015829 0.126995 0.040000
v -0.016036 0.047500 -0.033857
v -0.037499 0.093086 -0.013557
v 0.016429 0.047500 -0.033668
v -0.014295 0.127668 0.040000
v -0.023261 0.047500 -0.029379
v -0.019775 0.047500 -0.031823
v -0.037499 0.093260 -0.016612
v 0.037344 0.089793 -0.024365
v -0.021568 0.123555 0.047500
v -0.037499 0.093212 -0.015972
v -0.029089 0.116666 0.042250
v 0.036013 0.082910 0.042250
v -0.025596 0.120406 0.042250
v 0.025527 0.065667 0.047500
v 0.029011 0.069397 0.047500
v -0.021625 0.123636 0.042250
v 0.031955 0.073568 0.047500
v -0.012558 0.128335 0.042250
v -0.017252 0.126296 0.042250
v -0.029369 0.047500 0.023294
v 0.031955 0.112432 0.042250
v 0.012558 0.128335 0.042250
v 0.007629 0.129715 0.042250
v 0.029011 0.116603 0.042250
v 0.011825 0.057470 -0.038587
v 0.017252 0.126296 0.042250
v 0.025527 0.120333 0.042250
v 0.002559 0.130413 0.042250
v -0.002559 0.130413 0.042250
v 0.037400 0.093000 0.047500
v 0.021625 0.123636 0.042250
v 0.021568 0.123555 0.042250
v 0.017206 0.126207 0.042250
v -0.007629 0.129715 0.042250
v 0.012589 0.057751 -0.038463
v -0.008318 0.047500 0.036532
v -0.004192 0.047500 0.037246
v -0.014932 0.058682 -0.038054
v 0.034303 0.078100 0.047500
v 0.002552 0.130313 0.042250
v 0.014580 0.058547 -0.038113
v -0.016530 0.059447 -0.037717
v 0.007609 0.129617 0.042250
v -0.016985 0.059665 -0.037621
v -0.026531 0.047500 0.026472
v 0.013613 0.058128 -0.038297
v 0.036013 0.082910 0.047500
v 0.012524 0.128240 0.042250
v 0.037051 0.087908 0.047500
vn -0.0000 -0.0000 1.0000
vn 0.9907 -0.1362 -0.0000
vn 1.0000 -0.0000 -0.0000
vn 0.9907 0.1362 -0.0000
vn 0.9629 0.2698 -0.0000
vn 0.9172 0.3984 -0.0000
vn 0.8544 0.5196 -0.0000
vn 0.7757 0.6311 -0.0000
vn 0.6826 0.7308 -0.0000
vn 0.5767 0.8170 -0.0000
vn 0.4601 0.8879 -0.0000
vn 0.4600 0.8879 -0.0000
vn 0.3349 0.9423 -0.0000
vn 0.2035 0.9791 -0.0000
vn 0.0683 0.9977 -0.0000
vn -0.0683 0.9977 -0.0000
vn -0.2035 0.9791 -0.0000
vn -0.3349 0.9423 -0.0000
vn -0.4600 0.8879 -0.0000
vn -0.5767 0.8170 -0.0000
vn -0.6826 0.7308 -0.0000
vn -0.7757 0.6311 -0.0000
vn -0.8544 0.5196 -0.0000
vn -0.9172 0.3984 -0.0000
vn -0.9629 0.2698 -0.0000
vn -0.9907 0.1362 -0.0000
vn -1.0000 -0.0000 -0.0000
vn -0.9907 -0.1362 -0.0000
vn -0.9629 -0.2698 -0.0000
vn -0.9172 -0.3984 -0.0000
vn -0.8544 -0.5196 -0.0000
vn -0.7757 -0.6311 -0.0000
vn -0.6826 -0.7308 -0.0000
vn -0.5767 -0.8170 -0.0000
vn -0.4601 -0.8879 -0.0000
vn -0.3349 -0.9423 -0.0000
vn -0.2035 -0.9791 -0.0000
vn -0.0683 -0.9977 -0.0000
vn -0.0682 -0.9977 -0.0000
vn 0.0682 -0.9977 -0.0000
vn 0.0683 -0.9977 -0.0000
vn 0.2035 -0.9791 -0.0000
vn 0.3349 -0.9423 -0.0000
vn 0.4601 -0.8879 -0.0000
vn 0.5767 -0.8170 -0.0000
vn 0.6826 -0.7308 -0.0000
vn 0.7757 -0.6311 -0.0000
vn 0.8544 -0.5196 -0.0000
vn 0.9172 -0.3984 -0.0000
vn 0.9629 -0.2698 -0.0000
vn -0.0000 -1.0000 -0.0000
vn 0.0001 -0.0000 1.0000
vn -0.0001 -0.0000 1.0000
vn 0.9999 -0.0003 -0.0173
vn 1.0000 -0.0032 0.0011
vn 0.9988 -0.0007 -0.0499
vn 0.9946 -0.0000 -0.1039
vn 0.9770 -0.0000 -0.2133
vn 0.9876 -0.0005 -0.1572
vn 0.9946 -0.0005 -0.1036
vn 0.9463 -0.0000 -0.3234
vn 0.9632 0.0001 -0.2689
vn 0.9769 -0.0000 -0.2135
vn 0.9034 -0.0000 -0.4289
vn 0.9264 0.0012 -0.3765
vn 0.9461 0.0009 -0.3239
vn 0.8487 -0.0000 -0.5289
vn 0.8774 0.0029 -0.4797
vn 0.9033 0.0024 -0.4290
vn 0.7828 -0.0000 -0.6223
vn 0.8171 0.0048 -0.5765
vn 0.8482 0.0043 -0.5296
vn 0.7087 -0.0000 -0.7055
vn 0.7458 0.0072 -0.6661
vn 0.7822 0.0067 -0.6230
vn 0.6279 -0.0000 -0.7783
vn 0.6688 0.0119 -0.7434
vn 0.7075 0.0102 -0.7067
vn 0.5373 -0.0000 -0.8434
vn 0.5759 0.0245 -0.8171
vn 0.6268 0.0131 -0.7791
vn 0.6682 -0.0000 -0.7440
vn 0.4378 -0.0000 -0.8991
vn 0.4759 0.0265 -0.8791
vn 0.5466 0.0404 -0.8364
vn 0.5843 -0.0000 -0.8116
vn 0.3331 -0.0000 -0.9429
vn 0.3712 0.0245 -0.9282
vn 0.4377 -0.0000 -0.8991
vn 0.4502 0.0596 -0.8909
vn 0.4857 -0.0000 -0.8741
vn 0.2253 -0.0000 -0.9743
vn 0.2799 -0.0006 -0.9600
vn 0.3505 0.1052 -0.9306
vn 0.3852 -0.0000 -0.9228
vn 0.1705 -0.0000 -0.9854
vn 0.1150 -0.0000 -0.9934
vn 0.1656 -0.0149 -0.9861
vn 0.1699 -0.0914 -0.9812
vn 0.2286 0.0035 -0.9735
vn 0.1168 0.0005 -0.9932
vn 0.0590 -0.0000 -0.9983
vn 0.0042 -0.0000 -1.0000
vn 0.0086 -0.0006 -1.0000
vn -0.0491 -0.0000 -0.9988
vn -0.0498 -0.0384 -0.9980
vn -0.1045 -0.0000 -0.9945
vn -0.0505 -0.0004 -0.9987
vn -0.1982 0.0332 -0.9796
vn -0.1712 -0.0803 -0.9820
vn -0.2135 -0.0000 -0.9769
vn -0.1575 -0.0973 -0.9827
vn -0.0981 0.0334 -0.9946
vn -0.2676 -0.0200 -0.9633
vn -0.3222 -0.0000 -0.9467
vn -0.3242 0.0090 -0.9459
vn -0.3743 0.0011 -0.9273
vn -0.4272 -0.0000 -0.9042
vn -0.4289 0.0108 -0.9033
vn -0.4765 0.0082 -0.8791
vn -0.5268 -0.0000 -0.8500
vn -0.5281 0.0106 -0.8491
vn -0.5742 0.0101 -0.8187
vn -0.6199 -0.0000 -0.7847
vn -0.6188 0.0122 -0.7855
vn -0.6635 0.0087 -0.7481
vn -0.7034 -0.0000 -0.7108
vn -0.7028 0.0095 -0.7113
vn -0.7410 0.0073 -0.6714
vn -0.7765 -0.0000 -0.6302
vn -0.7756 0.0067 -0.6312
vn -0.8095 0.0037 -0.5871
vn -0.8417 -0.0000 -0.5399
vn -0.8414 0.0037 -0.5403
vn -0.8713 0.0018 -0.4908
vn -0.8978 -0.0000 -0.4404
vn -0.8976 0.0018 -0.4409
vn -0.9215 0.0005 -0.3884
vn -0.9420 -0.0000 -0.3355
vn -0.9419 0.0004 -0.3358
vn -0.9596 -0.0006 -0.2814
vn -0.9740 -0.0000 -0.2264
vn -0.9740 -0.0005 -0.2265
vn -0.9854 -0.0012 -0.1705
vn -0.9935 -0.0000 -0.1141
vn -0.9935 -0.0010 -0.1142
vn -0.9984 -0.0008 -0.0567
vn -1.0000 -0.0025 -0.0055
vn -0.9999 -0.0000 -0.0122
vn 0.9998 -0.0194 0.0019
vn 1.0000 -0.0023 -0.0002
vn 1.0000 -0.0021 -0.0011
vn 0.9993 0.0366 -0.0057
vn 0.9993 0.0366 -0.0056
vn 0.9998 -0.0184 -0.0002
vn 1.0000 -0.0020 0.0008
vn 0.9998 -0.0221 -0.0024
vn 1.0000 -0.0091 -0.0006
vn 0.9999 -0.0154 -0.0012
vn 1.0000 -0.0064 0.0010
vn 0.9999 0.0102 0.0093
vn 1.0000 -0.0060 -0.0000
vn 0.9999 -0.0112 0.0034
vn 0.9998 -0.0198 0.0007
vn 0.9999 -0.0159 -0.0000
vn 0.9998 -0.0206 -0.0001
vn 0.9998 -0.0174 -0.0008
vn 0.9999 -0.0163 -0.0007
vn 0.9999 0.0089 0.0083
vn 0.9998 -0.0220 0.0026
vn 0.9999 0.0044 0.0134
vn 0.9998 -0.0197 0.0095
vn 0.9997 0.0126 0.0204
vn 0.9998 -0.0182 0.0070
vn 0.9996 0.0099 0.0253
vn 0.9994 -0.0350 0.0029
vn 0.9998 -0.0031 0.0205
vn 0.9996 0.0081 0.0255
vn -1.0000 -0.0023 -0.0002
vn -0.9998 -0.0188 0.0020
vn -0.9997 -0.0232 0.0013
vn -0.9996 0.0069 0.0261
vn -0.9998 -0.0195 0.0073
vn -0.9997 0.0070 0.0227
vn -0.9993 -0.0375 0.0085
vn -0.9998 0.0083 0.0203
vn -0.9995 -0.0316 0.0067
vn -0.9999 -0.0151 0.0042
vn -0.9998 0.0133 0.0123
vn -0.9997 -0.0232 0.0062
vn -0.9998 0.0107 0.0142
vn -0.9998 0.0073 0.0198
vn -1.0000 0.0053 0.0067
vn -1.0000 -0.0029 0.0037
vn -0.9999 -0.0122 0.0009
vn -0.9999 -0.0172 0.0001
vn -0.9999 -0.0107 0.0018
vn -0.9999 -0.0120 0.0010
vn -0.9999 0.0106 0.0114
vn -0.9999 -0.0155 -0.0017
vn -1.0000 -0.0065 0.0015
vn -0.9997 -0.0249 -0.0027
vn -1.0000 -0.0021 0.0002
vn -0.9998 -0.0185 -0.0020
vn 0.5308 0.0137 0.8474
vn 0.5281 -0.0050 0.8492
vn 0.1309 -0.0306 0.9909
vn 0.1248 -0.0354 0.9915
vn 0.1045 -0.0048 0.9945
vn -0.8413 0.0063 0.5406
vn -0.8589 0.0045 0.5122
vn -0.8486 -0.0071 0.5291
vn -0.9282 -0.0021 0.3721
vn -0.9403 0.0025 0.3404
vn -0.9459 -0.0052 0.3245
vn -0.9915 -0.0010 0.1300
vn -0.9953 0.0011 0.0965
vn -0.9946 -0.0054 0.1037
vn -0.9979 -0.0001 0.0643
vn -0.9953 0.0012 0.0966
vn -0.9821 -0.0007 0.1883
vn -0.9772 -0.0061 0.2123
vn -0.9753 0.0016 0.2208
vn -0.9505 0.0012 0.3106
vn -0.9676 0.0002 0.2525
vn -0.9753 0.0016 0.2210
vn -0.9182 -0.0007 0.3961
vn -0.9044 -0.0046 0.4267
vn -0.9041 0.0030 0.4274
vn -0.8587 0.0045 0.5124
vn -0.8749 0.0036 0.4844
vn -0.9044 -0.0046 0.4268
vn -0.8900 0.0041 0.4559
vn -0.8903 0.0004 0.4553
vn -0.8080 0.0072 0.5892
vn -0.7824 -0.0062 0.6228
vn -0.7873 0.0073 0.6165
vn -0.6782 0.0096 0.7348
vn -0.7039 0.0103 0.7102
vn -0.7075 -0.0038 0.7067
vn -0.7040 0.0103 0.7101
vn -0.7274 0.0093 0.6861
vn -0.7649 0.0086 0.6441
vn -0.7874 0.0073 0.6165
vn -0.6573 0.0102 0.7536
vn -0.6301 -0.0038 0.7765
vn -0.6561 -0.0000 0.7547
vn -0.5518 0.0022 0.8340
vn -0.5368 -0.0066 0.8437
vn -0.5529 0.0135 0.8331
vn -0.5808 0.0153 0.8139
vn -0.5936 0.0136 0.8047
vn -0.5806 -0.0000 0.8142
vn -0.4374 0.0027 0.8992
vn -0.4372 -0.0057 0.8993
vn -0.4380 0.0136 0.8989
vn -0.4724 0.0216 0.8811
vn -0.5211 0.0180 0.8533
vn -0.5530 0.0135 0.8331
vn -0.3177 0.0027 0.9482
vn -0.3338 -0.0057 0.9426
vn -0.3185 0.0103 0.9479
vn -0.3525 0.0118 0.9357
vn -0.4126 0.0195 0.9107
vn -0.4348 0.0171 0.9003
vn -0.2584 -0.0003 0.9660
vn -0.2245 -0.0061 0.9744
vn -0.2583 0.0048 0.9660
vn -0.2588 0.0052 0.9659
vn -0.2856 0.0070 0.9583
vn -0.3186 0.0102 0.9478
vn -0.0927 0.0086 0.9957
vn -0.1289 -0.0367 0.9910
vn -0.1148 -0.0058 0.9934
vn -0.1289 0.0027 0.9916
vn -0.1288 -0.0367 0.9910
vn -0.1623 -0.0009 0.9867
vn -0.1918 -0.0169 0.9813
vn -0.1945 0.0079 0.9809
vn -0.1899 0.0003 0.9818
vn -0.1899 0.0004 0.9818
vn -0.0000 0.0027 1.0000
vn -0.0027 -0.0051 1.0000
vn -0.0003 -0.0664 0.9978
vn -0.0323 0.0174 0.9993
vn -0.0639 -0.0615 0.9961
vn 0.0809 0.0481 0.9956
vn 0.0686 -0.0562 0.9961
vn 0.0319 0.0164 0.9994
vn -0.0002 -0.0664 0.9978
vn 0.1920 0.0002 0.9814
vn 0.2136 -0.0063 0.9769
vn 0.1879 0.0209 0.9820
vn 0.1873 -0.0163 0.9822
vn 0.1484 0.0182 0.9888
vn 0.3025 0.0180 0.9530
vn 0.3052 0.0094 0.9522
vn 0.3250 -0.0051 0.9457
vn 0.2741 0.0096 0.9617
vn 0.2137 -0.0063 0.9769
vn 0.2449 -0.0020 0.9696
vn 0.2128 0.0129 0.9770
vn 0.4183 0.0164 0.9082
vn 0.3874 0.0127 0.9218
vn 0.4277 -0.0045 0.9039
vn 0.3634 0.0099 0.9316
vn 0.3308 0.0148 0.9436
vn 0.4991 0.0180 0.8664
vn 0.4487 0.0151 0.8935
vn 0.4185 0.0161 0.9081
vn 0.6203 -0.0059 0.7843
vn 0.6312 0.0117 0.7756
vn 0.6038 0.0140 0.7970
vn 0.5610 0.0143 0.8277
vn 0.7207 0.0091 0.6932
vn 0.6972 0.0125 0.7167
vn 0.7045 -0.0064 0.7097
vn 0.6571 0.0140 0.7537
vn 0.6312 0.0117 0.7755
vn 0.7761 -0.0059 0.6306
vn 0.7424 0.0094 0.6699
vn 0.7210 0.0091 0.6929
vn 0.8415 -0.0058 0.5402
vn 0.8211 0.0053 0.5708
vn 0.8043 0.0042 0.5942
vn 0.7846 0.0069 0.6200
vn 0.7634 0.0098 0.6459
vn 0.8724 0.0007 0.4887
vn 0.8863 0.0026 0.4630
vn 0.8975 -0.0048 0.4409
vn 0.8572 0.0032 0.5150
vn 0.8389 0.0063 0.5442
vn 0.9421 -0.0034 0.3355
vn 0.9362 0.0004 0.3513
vn 0.9155 -0.0000 0.4024
vn 0.9018 0.0036 0.4322
vn 0.9581 -0.0025 0.2865
vn 0.9476 0.0018 0.3195
vn 0.9475 0.0019 0.3198
vn 0.9728 -0.0012 0.2315
vn 0.9734 -0.0041 0.2292
vn 0.9804 0.0004 0.1972
vn 0.9951 -0.0002 0.0986
vn 0.9910 0.0019 0.1336
vn 0.9935 -0.0065 0.1135
vn 0.9860 -0.0000 0.1665
vn 0.9800 0.0002 0.1989
vn 0.9802 0.0001 0.1981
vn 0.9992 -0.0014 0.0407
vn 0.9979 -0.0021 0.0649
vn 0.9994 0.0215 0.0280
vn 0.9993 0.0215 0.0309
vn 0.9969 0.0149 -0.0766
vn 0.9998 -0.0189 -0.0079
vn 0.9993 0.0241 -0.0270
vn 0.9997 0.0063 -0.0250
vn 0.9965 0.0147 -0.0827
vn 0.9998 0.0130 -0.0164
vn 0.9995 0.0203 0.0229
vn 0.9999 0.0081 0.0097
vn 1.0000 -0.0006 -0.0072
vn 0.9999 0.0086 -0.0148
vn 0.9997 0.0043 -0.0223
vn 1.0000 0.0018 0.0071
vn 0.9999 0.0005 0.0107
vn 0.9999 0.0008 -0.0172
vn 0.9996 0.0019 0.0269
vn 0.9999 0.0027 -0.0125
vn 0.9999 0.0012 -0.0120
vn 0.9997 -0.0001 0.0259
vn 0.9996 0.0004 -0.0267
vn 0.9999 0.0016 -0.0100
vn 0.9999 -0.0000 -0.0109
vn 0.9999 -0.0000 -0.0110
vn 0.9999 -0.0001 -0.0130
vn 0.9999 -0.0000 -0.0130
vn 0.9999 -0.0000 -0.0124
vn 0.9998 -0.0116 -0.0157
vn 0.9996 0.0155 -0.0255
vn 0.9990 -0.0453 -0.0040
vn 0.9996 -0.0295 -0.0020
vn 0.9993 0.0253 -0.0272
vn 0.9992 0.0233 -0.0313
vn 1.0000 -0.0047 -0.0001
vn 0.9999 0.0133 -0.0097
vn 0.9999 -0.0100 -0.0043
vn 0.9995 0.0286 -0.0164
vn 0.9998 -0.0188 -0.0071
vn 0.8576 0.5083 -0.0784
vn 0.3746 0.9239 0.0781
vn 0.9999 -0.0172 -0.0001
vn 0.9998 -0.0183 -0.0005
vn 0.9994 0.0328 -0.0098
vn 1.0000 -0.0024 -0.0035
vn 0.9998 -0.0185 0.0010
vn 0.9999 -0.0138 0.0007
vn 0.9998 -0.0214 0.0018
vn -0.9985 0.0544 -0.0061
vn 0.9993 -0.0370 0.0055
vn -0.9997 -0.0240 0.0026
vn -1.0000 -0.0068 0.0003
vn -0.9994 -0.0343 0.0038
vn -0.2770 0.9481 -0.1560
vn -0.9999 0.0115 -0.0122
vn -0.9999 -0.0139 -0.0001
vn -0.9998 -0.0173 -0.0031
vn -0.9999 0.0093 -0.0080
vn -0.9999 -0.0171 0.0004
vn -0.9997 -0.0245 0.0028
vn -1.0000 -0.0051 -0.0022
vn -0.9999 -0.0158 -0.0006
vn -1.0000 -0.0001 -0.0100
vn -0.9996 -0.0284 0.0001
vn -0.9995 0.0242 -0.0194
vn -0.9994 -0.0343 -0.0037
vn -0.9999 -0.0039 -0.0167
vn -0.9999 -0.0075 -0.0144
vn -0.9992 -0.0392 -0.0017
vn -0.9993 0.0205 -0.0303
vn -0.9998 -0.0186 -0.0066
vn -0.9996 0.0053 -0.0262
vn -0.9995 0.0203 -0.0258
vn -0.9990 0.0225 -0.0393
vn -0.9994 0.0197 -0.0296
vn -0.9993 0.0214 0.0292
vn -0.9993 0.0209 0.0322
vn -0.9995 0.0201 0.0259
vn -0.9999 -0.0000 -0.0162
vn -1.0000 0.0001 -0.0089
vn -1.0000 -0.0000 -0.0042
vn -1.0000 -0.0000 -0.0048
vn -1.0000 0.0005 -0.0048
vn -0.9999 0.0001 -0.0132
vn -0.9999 -0.0000 -0.0112
vn -1.0000 0.0001 -0.0097
vn -0.9999 -0.0000 -0.0102
vn -0.9998 0.0010 0.0176
vn -0.9996 0.0024 0.0289
vn -0.9998 0.0002 -0.0186
vn -0.9998 -0.0000 0.0221
vn -0.9999 0.0003 -0.0120
vn -0.9998 0.0024 0.0188
vn -0.9999 0.0096 0.0115
vn -0.9999 0.0085 0.0143
vn -1.0000 0.0013 -0.0078
vn -0.9998 0.0082 0.0178
vn -0.9998 0.0015 -0.0176
vn -1.0000 0.0010 -0.0097
vn 0.8556 -0.3125 -0.4126
vn 0.8500 -0.2525 -0.4623
vn 0.7933 -0.2910 -0.5348
vn -0.8556 -0.3126 -0.4125
vn -0.8571 -0.3680 -0.3604
vn -0.8022 -0.4267 -0.4177
vn -0.8551 -0.4197 -0.3044
vn -0.8489 -0.4691 -0.2435
vn -0.7919 -0.5424 -0.2805
vn -0.8043 -0.0383 -0.5930
vn -0.8240 -0.1105 -0.5557
vn -0.7620 -0.1320 -0.6339
vn -0.8401 -0.1856 -0.5097
vn -0.8500 -0.2525 -0.4623
vn -0.7932 -0.2911 -0.5349
vn 0.8401 -0.1857 -0.5097
vn 0.8240 -0.1105 -0.5557
vn 0.7623 -0.1319 -0.6337
vn -0.1849 -0.1159 -0.9759
vn -0.1372 -0.1226 -0.9829
vn -0.9999 0.0051 0.0098
vn -0.9997 -0.0231 -0.0019
vn -0.9960 -0.0888 -0.0055
vn -0.9966 -0.0810 -0.0151
vn -0.2618 -0.9651 0.0043
vn -0.2241 -0.9744 -0.0184
vn -0.2481 -0.9630 -0.1055
vn 0.9999 -0.0146 -0.0011
vn 0.9994 -0.0340 -0.0023
vn 0.9956 -0.0935 0.0012
vn 1.0000 0.0026 0.0024
vn 0.9977 -0.0544 -0.0398
vn 1.0000 0.0033 0.0053
vn 0.9956 0.0004 -0.0942
vn 1.0000 0.0005 -0.0004
vn 0.9961 -0.0063 -0.0884
vn 0.9996 -0.0001 -0.0274
vn 0.9967 -0.0165 -0.0793
vn 0.9972 -0.0247 -0.0701
vn 1.0000 0.0034 0.0071
vn 0.9990 0.0204 0.0386
vn 0.9999 0.0057 0.0098
vn 1.0000 0.0055 0.0080
vn 0.9997 0.0203 0.0125
vn 0.9999 0.0148 0.0087
vn 0.9975 -0.0636 -0.0321
vn 0.9999 0.0114 0.0013
vn 0.9970 -0.0726 -0.0249
vn 0.9999 -0.0130 -0.0011
vn 0.9996 0.0289 0.0027
vn 0.9966 -0.0811 -0.0151
vn 0.9998 -0.0187 -0.0001
vn 0.9987 -0.0515 -0.0008
vn 0.9999 -0.0117 -0.0018
vn 0.9800 -0.1989 -0.0023
vn 0.9847 -0.1745 0.0024
vn 0.9792 -0.2027 0.0020
vn 0.9927 -0.1207 0.0042
vn 0.9972 -0.0752 -0.0021
vn 0.9701 -0.2427 0.0042
vn 0.9492 -0.3146 0.0030
vn 0.9558 -0.2939 0.0026
vn 0.9045 -0.4264 0.0003
vn 0.9148 -0.4039 0.0041
vn 0.9071 -0.4210 0.0042
vn 0.9349 -0.3549 0.0064
vn 0.9488 -0.3158 -0.0007
vn 0.8852 -0.4651 0.0082
vn 0.8532 -0.5216 0.0060
vn 0.8581 -0.5134 0.0058
vn 0.7733 -0.6339 0.0079
vn 0.7882 -0.6154 0.0086
vn 0.7888 -0.6147 0.0077
vn 0.8226 -0.5685 0.0115
vn 0.8453 -0.5342 0.0034
vn 0.7490 -0.6623 0.0157
vn 0.7210 -0.6929 -0.0067
vn 0.7333 -0.6798 0.0105
vn 0.6186 -0.7856 0.0162
vn 0.6485 -0.7612 0.0107
vn 0.6462 -0.7630 -0.0145
vn 0.6663 -0.7454 0.0203
vn 0.7078 -0.7063 0.0123
vn 0.5760 -0.8171 0.0243
vn 0.5593 -0.8287 -0.0221
vn 0.5547 -0.8320 0.0091
vn 0.5258 -0.8505 0.0118
vn 0.5072 -0.8613 -0.0283
vn 0.5035 -0.8640 0.0058
vn 0.4735 -0.8808 0.0104
vn 0.4590 -0.8877 -0.0358
vn 0.4503 -0.8928 0.0035
vn 0.4214 -0.9068 0.0082
vn 0.4093 -0.9112 -0.0467
vn 0.3972 -0.9177 -0.0010
vn 0.3694 -0.9292 0.0055
vn 0.3567 -0.9322 -0.0610
vn 0.3462 -0.9382 -0.0035
vn 0.3083 -0.9476 -0.0840
vn 0.3020 -0.9533 -0.0071
vn 0.3068 -0.9516 0.0182
vn 0.2531 -0.9616 -0.1062
vn 0.1950 -0.9720 -0.1310
vn 0.1894 -0.9815 -0.0268
vn 0.1918 -0.9814 0.0106
vn 0.2464 -0.9690 -0.0164
vn 0.2505 -0.9680 0.0150
vn 0.0662 -0.9836 -0.1679
vn 0.0905 -0.9953 -0.0349
vn 0.1355 -0.9787 -0.1542
vn 0.1308 -0.9907 -0.0374
vn 0.1321 -0.9912 0.0060
vn -0.0176 -0.9984 -0.0542
vn 0.0071 -0.9991 -0.0420
vn -0.0016 -0.9847 -0.1743
vn 0.0344 -0.9988 -0.0343
vn 0.0587 -0.9967 -0.0564
vn -0.0467 -0.9981 -0.0410
vn -0.0673 -0.9836 -0.1675
vn -0.0794 -0.9956 -0.0494
vn -0.1036 -0.9941 -0.0324
vn -0.1314 -0.9803 -0.1475
vn -0.1267 -0.9913 -0.0350
vn -0.1901 -0.9731 -0.1303
vn -0.2134 -0.9770 0.0032
vn -0.1655 -0.9857 -0.0301
vn -0.1582 -0.9874 -0.0053
vn -0.2712 -0.9625 0.0001
vn -0.3064 -0.9485 -0.0808
vn -0.2966 -0.9550 -0.0015
vn -0.3585 -0.9314 -0.0631
vn -0.3197 -0.9475 0.0002
vn -0.3471 -0.9378 0.0036
vn -0.4098 -0.9109 -0.0484
vn -0.3764 -0.9264 0.0037
vn -0.4021 -0.9156 0.0077
vn -0.4592 -0.8875 -0.0370
vn -0.4309 -0.9024 0.0063
vn -0.4550 -0.8904 0.0103
vn -0.5071 -0.8614 -0.0288
vn -0.4838 -0.8751 0.0077
vn -0.5059 -0.8625 0.0118
vn -0.5627 -0.8264 -0.0198
vn -0.5330 -0.8461 0.0098
vn -0.6464 -0.7628 -0.0155
vn -0.5948 -0.8035 0.0252
vn -0.5562 -0.8308 0.0178
vn -0.6861 -0.7272 0.0208
vn -0.6521 -0.7579 0.0192
vn -0.6302 -0.7764 0.0080
vn -0.7701 -0.6377 0.0162
vn -0.7392 -0.6732 0.0196
vn -0.7222 -0.6916 -0.0090
vn -0.7195 -0.6945 0.0066
vn -0.8152 -0.5791 0.0105
vn -0.8008 -0.5989 0.0054
vn -0.7934 -0.6087 -0.0065
vn -0.8798 -0.4752 0.0073
vn -0.8697 -0.4936 0.0049
vn -0.8529 -0.5220 0.0062
vn -0.8496 -0.5275 0.0060
vn -0.9400 -0.3410 0.0119
vn -0.9300 -0.3671 0.0163
vn -0.9073 -0.4205 0.0041
vn -0.9084 -0.4180 0.0031
vn -0.8982 -0.4396 0.0019
vn -0.9779 -0.2081 0.0203
vn -0.9746 -0.2207 0.0391
vn -0.9500 -0.3123 0.0017
vn -0.9608 -0.2771 0.0060
vn -0.9534 -0.3017 -0.0014
vn -0.9992 -0.0401 -0.0021
vn -1.0000 0.0086 0.0001
vn -0.9958 -0.0918 0.0004
vn -1.0000 0.0059 0.0076
vn -0.9994 -0.0337 0.0080
vn -0.9963 -0.0863 -0.0001
vn -0.9945 -0.1044 -0.0001
vn -0.9992 -0.0406 -0.0032
vn -0.9992 -0.0408 -0.0024
vn -0.9992 -0.0401 -0.0022
vn -0.9971 -0.0725 -0.0248
vn -0.9997 -0.0234 -0.0017
vn -0.9975 -0.0635 -0.0325
vn -0.9977 -0.0548 -0.0398
vn -1.0000 0.0038 0.0013
vn -1.0000 0.0037 0.0049
vn -1.0000 0.0046 0.0075
vn -0.9990 0.0206 0.0387
vn -0.9976 -0.0332 -0.0610
vn -0.9973 -0.0256 -0.0684
vn -0.9967 -0.0155 -0.0796
vn -0.9997 -0.0004 -0.0257
vn -0.9961 -0.0065 -0.0884
vn -0.9956 -0.0006 -0.0941
vn -0.9996 -0.0000 -0.0285
vn -1.0000 -0.0000 0.0001
vn -0.9997 -0.0000 -0.0263
vn -0.9997 0.0001 -0.0244
vn -0.9956 -0.0004 -0.0932
vn -1.0000 -0.0000 -0.0006
vn -0.9794 0.0019 -0.2019
vn -0.9497 0.0033 -0.3133
vn -0.9075 0.0056 -0.4201
vn -0.8536 0.0087 -0.5209
vn -0.7140 0.0168 -0.7000
vn -0.7888 0.0126 -0.6145
vn -0.6358 0.0157 -0.7717
vn -0.5503 0.0181 -0.8348
vn -0.2426 -0.0297 -0.9697
vn -0.2830 -0.0248 -0.9588
vn -0.3480 0.0038 -0.9375
vn -0.3897 0.0045 -0.9209
vn -0.4474 0.0164 -0.8942
vn -0.4908 0.0154 -0.8711
vn -0.0167 -0.0761 -0.9970
vn -0.0368 -0.5704 -0.8205
vn -0.0519 -0.3305 -0.9424
vn -0.0414 -0.5704 -0.8203
vn 0.0622 -0.0817 -0.9947
vn 0.1757 -0.1092 -0.9784
vn 0.1266 -0.0405 -0.9911
vn 0.1169 0.0005 -0.9931
vn 0.0444 -0.6587 -0.7511
vn 0.2443 -0.0166 -0.9696
vn 0.6340 0.0157 -0.7732
vn 0.5526 0.0198 -0.8332
vn 0.4905 0.0067 -0.8714
vn 0.4494 0.0139 -0.8932
vn 0.3898 -0.0072 -0.9209
vn 0.3477 0.0038 -0.9376
vn 0.2839 -0.0427 -0.9579
vn 0.7145 0.0161 -0.6994
vn 0.7890 0.0120 -0.6143
vn 0.9075 0.0052 -0.4200
vn 0.8536 0.0082 -0.5208
vn 0.9497 0.0029 -0.3131
vn 0.9794 0.0015 -0.2018
vn 0.9976 -0.0333 -0.0601
vn 0.9857 -0.0582 -0.1583
vn 0.9598 -0.0549 -0.2752
vn 0.9839 -0.0355 -0.1753
vn 0.9148 -0.0257 -0.4030
vn 0.9540 -0.0195 -0.2993
vn 0.9814 -0.0131 -0.1916
vn 0.8550 0.0002 -0.5186
vn 0.9083 -0.0005 -0.4184
vn 0.9500 -0.0010 -0.3121
vn 0.9796 -0.0010 -0.2011
vn 0.9956 -0.0007 -0.0941
vn 0.9996 -0.0001 -0.0284
vn 0.6550 -0.0225 -0.7553
vn 0.7255 -0.0174 -0.6880
vn -0.6013 -0.0337 -0.7983
vn -0.5564 -0.0310 -0.8304
vn -0.5101 -0.0377 -0.8593
vn -0.4623 -0.0469 -0.8855
vn -0.4129 -0.0595 -0.9088
vn -0.3617 -0.0754 -0.9292
vn -0.3087 -0.0964 -0.9463
vn -0.2532 -0.1215 -0.9598
vn -0.1946 -0.1490 -0.9695
vn -0.1330 -0.1773 -0.9751
vn -0.0679 -0.1972 -0.9780
vn -0.0006 -0.2057 -0.9786
vn 0.0671 -0.1971 -0.9781
vn 0.1321 -0.1774 -0.9752
vn 0.1942 -0.1490 -0.9696
vn 0.2529 -0.1217 -0.9598
vn 0.3086 -0.0966 -0.9463
vn 0.3618 -0.0756 -0.9292
vn 0.4131 -0.0597 -0.9087
vn 0.4626 -0.0473 -0.8853
vn 0.5104 -0.0381 -0.8591
vn 0.5631 -0.0358 -0.8256
vn 0.5995 -0.0445 -0.7992
vn -0.7911 0.0012 -0.6117
vn -0.7250 -0.0170 -0.6885
vn -0.6547 -0.0220 -0.7556
vn -0.6907 -0.7094 -0.1399
vn -0.7579 -0.6411 -0.1208
vn -0.9135 -0.4062 -0.0207
vn -0.8629 -0.5048 -0.0254
vn -0.9237 -0.3774 -0.0663
vn -0.8777 -0.4721 -0.0828
vn -0.9320 -0.3431 -0.1166
vn -0.9532 -0.3020 -0.0158
vn -0.9590 -0.2789 -0.0494
vn -0.9637 -0.2527 -0.0862
vn -0.9666 -0.2274 -0.1182
vn -0.9030 -0.2594 -0.3425
vn -0.8990 -0.2098 -0.3844
vn -0.9378 -0.1664 -0.3048
vn -0.8916 -0.1547 -0.4255
vn -0.9329 -0.1231 -0.3383
vn -0.8797 -0.0922 -0.4664
vn -0.9251 -0.0738 -0.3725
vn -0.8646 -0.0318 -0.5015
vn -0.9148 -0.0257 -0.4030
vn -0.8548 0.0006 -0.5189
vn -0.9081 -0.0002 -0.4187
vn -0.9026 -0.3484 -0.2527
vn -0.9042 -0.3051 -0.2989
vn -0.9411 -0.2415 -0.2365
vn -0.9404 -0.2054 -0.2711
vn -0.9683 -0.1508 -0.1990
vn -0.9669 -0.1225 -0.2239
vn -0.9868 -0.0780 -0.1422
vn -0.9642 -0.0909 -0.2491
vn -0.9857 -0.0582 -0.1583
vn -0.9598 -0.0549 -0.2752
vn -0.9839 -0.0355 -0.1753
vn -0.9540 -0.0196 -0.2993
vn -0.9814 -0.0131 -0.1916
vn -0.9500 -0.0007 -0.3123
vn -0.9796 -0.0009 -0.2012
vn -0.9876 -0.1568 0.0009
vn -0.9789 -0.2046 0.0016
vn -0.9810 -0.1936 -0.0106
vn -0.9835 -0.1778 -0.0321
vn -0.9855 -0.1607 -0.0552
vn -0.9866 -0.1444 -0.0754
vn -0.9873 -0.1286 -0.0935
vn -0.9936 -0.1130 -0.0001
vn -0.9978 -0.0477 -0.0468
vn -0.8194 -0.5667 -0.0864
vn -0.8382 -0.5163 -0.1756
vn -0.8903 -0.4313 -0.1464
vn -0.8982 -0.3903 -0.2023
vn -0.9373 -0.3094 -0.1606
vn -0.9401 -0.2759 -0.2001
vn -0.9682 -0.2025 -0.1470
vn -0.9687 -0.1772 -0.1736
vn -0.9875 -0.1126 -0.1103
vn -0.9873 -0.0959 -0.1263
vn -0.9977 -0.0408 -0.0535
vn -1.0000 0.0037 0.0077
vn -0.9995 0.0267 0.0160
vn 0.9997 -0.0253 -0.0016
vn 0.9960 -0.0890 -0.0055
vn 0.9810 -0.1936 -0.0106
vn 0.9835 -0.1778 -0.0321
vn 0.9532 -0.3020 -0.0158
vn 0.9590 -0.2790 -0.0494
vn 0.9135 -0.4062 -0.0207
vn 0.9237 -0.3774 -0.0663
vn 0.8627 -0.5050 -0.0255
vn 0.8777 -0.4721 -0.0828
vn 0.8018 -0.5968 -0.0308
vn 0.8212 -0.5619 -0.0993
vn 0.7591 -0.6395 -0.1217
vn 0.9977 -0.0408 -0.0535
vn 0.7913 0.0008 -0.6114
vn 0.8043 -0.0383 -0.5930
vn 0.8646 -0.0318 -0.5015
vn 0.8797 -0.0922 -0.4664
vn 0.9251 -0.0738 -0.3725
vn 0.9329 -0.1231 -0.3383
vn 0.9642 -0.0909 -0.2491
vn 0.9669 -0.1225 -0.2239
vn 0.9868 -0.0780 -0.1422
vn 0.9683 -0.1509 -0.1990
vn 0.9873 -0.0959 -0.1263
vn 0.8916 -0.1547 -0.4255
vn 0.8990 -0.2098 -0.3844
vn 0.9378 -0.1664 -0.3048
vn 0.9030 -0.2594 -0.3425
vn 0.9404 -0.2054 -0.2711
vn -0.6938 -0.1514 -0.7041
vn -0.6417 -0.1655 -0.7489
vn -0.5977 -0.1786 -0.7815
vn -0.5512 -0.1932 -0.8117
vn -0.5023 -0.2101 -0.8388
vn -0.4508 -0.2302 -0.8624
vn -0.3966 -0.2539 -0.8822
vn -0.3393 -0.2816 -0.8975
vn -0.2786 -0.3129 -0.9080
vn -0.2143 -0.3461 -0.9134
vn -0.1461 -0.3773 -0.9145
vn -0.0746 -0.4001 -0.9134
vn -0.0004 -0.4086 -0.9127
vn 0.0737 -0.3999 -0.9136
vn 0.1454 -0.3769 -0.9148
vn 0.2137 -0.3454 -0.9138
vn 0.2781 -0.3123 -0.9084
vn 0.3389 -0.2809 -0.8979
vn 0.3963 -0.2533 -0.8825
vn 0.4506 -0.2297 -0.8627
vn 0.5021 -0.2096 -0.8390
vn 0.5511 -0.1929 -0.8119
vn 0.5976 -0.1783 -0.7817
vn 0.6416 -0.1652 -0.7490
vn 0.6937 -0.1513 -0.7042
vn 0.9978 -0.0477 -0.0468
vn 0.9873 -0.1286 -0.0935
vn 0.9875 -0.1126 -0.1103
vn 0.9682 -0.2025 -0.1470
vn 0.9687 -0.1772 -0.1736
vn 0.9401 -0.2759 -0.2001
vn 0.9411 -0.2415 -0.2365
vn 0.9026 -0.3484 -0.2527
vn 0.9042 -0.3051 -0.2989
vn 0.8551 -0.4197 -0.3044
vn 0.8571 -0.3680 -0.3605
vn 0.8022 -0.4266 -0.4178
vn 0.9855 -0.1606 -0.0552
vn 0.9866 -0.1444 -0.0754
vn 0.9637 -0.2527 -0.0862
vn 0.9666 -0.2274 -0.1182
vn 0.9320 -0.3431 -0.1166
vn 0.9373 -0.3094 -0.1606
vn 0.8902 -0.4313 -0.1464
vn 0.8982 -0.3903 -0.2023
vn 0.8382 -0.5163 -0.1756
vn 0.8489 -0.4691 -0.2435
vn 0.7918 -0.5425 -0.2806
vn 0.6910 -0.7092 -0.1398
vn 0.6406 -0.7474 -0.1761
vn 0.5946 -0.7868 -0.1656
vn 0.5482 -0.8168 -0.1799
vn 0.4994 -0.8438 -0.1964
vn 0.4482 -0.8674 -0.2163
vn 0.3941 -0.8873 -0.2397
vn 0.3374 -0.9025 -0.2676
vn 0.2771 -0.9133 -0.2986
vn 0.2131 -0.9187 -0.3326
vn 0.1454 -0.9199 -0.3642
vn 0.0742 -0.9191 -0.3871
vn 0.0005 -0.9182 -0.3961
vn -0.0734 -0.9192 -0.3868
vn -0.1447 -0.9202 -0.3638
vn -0.2125 -0.9190 -0.3321
vn -0.2766 -0.9136 -0.2981
vn -0.3369 -0.9028 -0.2671
vn -0.3938 -0.8875 -0.2392
vn -0.4479 -0.8676 -0.2158
vn -0.4992 -0.8440 -0.1959
vn -0.5480 -0.8170 -0.1796
vn -0.6014 -0.7808 -0.1690
vn -0.6387 -0.7435 -0.1982
vn 0.7270 -0.6088 -0.3175
vn 0.7390 -0.4813 -0.4714
vn 0.6763 -0.6521 -0.3426
vn 0.6890 -0.5176 -0.5073
vn 0.6324 -0.6844 -0.3628
vn 0.6454 -0.5454 -0.5348
vn 0.5853 -0.7143 -0.3837
vn 0.5981 -0.5721 -0.5613
vn 0.5347 -0.7417 -0.4049
vn 0.5469 -0.5976 -0.5864
vn 0.4804 -0.7663 -0.4266
vn 0.4916 -0.6214 -0.6100
vn 0.4224 -0.7872 -0.4493
vn 0.4324 -0.6430 -0.6322
vn 0.3609 -0.8036 -0.4732
vn 0.3690 -0.6626 -0.6518
vn 0.2954 -0.8160 -0.4969
vn 0.3018 -0.6794 -0.6689
vn 0.2262 -0.8232 -0.5207
vn 0.2307 -0.6932 -0.6828
vn 0.1537 -0.8263 -0.5419
vn 0.1563 -0.7032 -0.6936
vn 0.0780 -0.8275 -0.5560
vn 0.0792 -0.7096 -0.7002
vn 0.0002 -0.8278 -0.5610
vn -0.0000 -0.7116 -0.7026
vn -0.0776 -0.8277 -0.5558
vn -0.0792 -0.7097 -0.7000
vn -0.1532 -0.8266 -0.5416
vn -0.1563 -0.7036 -0.6931
vn -0.2259 -0.8236 -0.5202
vn -0.2308 -0.6937 -0.6823
vn -0.2952 -0.8164 -0.4963
vn -0.3018 -0.6799 -0.6684
vn -0.3606 -0.8042 -0.4725
vn -0.3690 -0.6631 -0.6513
vn -0.4223 -0.7876 -0.4487
vn -0.4323 -0.6434 -0.6317
vn -0.4803 -0.7667 -0.4261
vn -0.4917 -0.6217 -0.6097
vn -0.5345 -0.7421 -0.4045
vn -0.5469 -0.5979 -0.5860
vn -0.5851 -0.7146 -0.3833
vn -0.5981 -0.5725 -0.5609
vn -0.6324 -0.6846 -0.3625
vn -0.6454 -0.5456 -0.5346
vn -0.6762 -0.6523 -0.3424
vn -0.6890 -0.5178 -0.5071
vn -0.7269 -0.6090 -0.3173
vn -0.7390 -0.4814 -0.4713
vn -0.7287 -0.3293 -0.6005
vn -0.6781 -0.3553 -0.6434
vn -0.6342 -0.3761 -0.6756
vn -0.5870 -0.3973 -0.7054
vn -0.5363 -0.4188 -0.7328
vn -0.4819 -0.4407 -0.7573
vn -0.4238 -0.4635 -0.7782
vn -0.3619 -0.4867 -0.7951
vn -0.2962 -0.5100 -0.8076
vn -0.2269 -0.5334 -0.8149
vn -0.1540 -0.5530 -0.8188
vn -0.0783 -0.5673 -0.8198
vn -0.0002 -0.5717 -0.8205
vn 0.0778 -0.5671 -0.8200
vn 0.1537 -0.5526 -0.8192
vn 0.2265 -0.5329 -0.8153
vn 0.2960 -0.5093 -0.8081
vn 0.3617 -0.4862 -0.7955
vn 0.4236 -0.4630 -0.7786
vn 0.4818 -0.4402 -0.7577
vn 0.5362 -0.4184 -0.7331
vn 0.5868 -0.3970 -0.7057
vn 0.6342 -0.3758 -0.6758
vn 0.6780 -0.3550 -0.6437
vn 0.7286 -0.3291 -0.6007
vn 0.9994 0.0357 0.0002
vn 1.0000 -0.0032 -0.0003
vn 0.9999 0.0151 0.0005
vn 0.9999 -0.0104 -0.0011
vn 1.0000 -0.0086 -0.0005
vn 0.9987 -0.0502 -0.0029
vn 0.9996 -0.0277 -0.0023
vn 0.9999 0.0114 0.0005
vn 1.0000 -0.0002 -0.0005
vn 0.9991 0.0414 0.0022
vn -0.9982 -0.0605 -0.0035
vn -0.9957 0.0917 0.0102
vn -0.9995 0.0313 -0.0004
vn 0.4199 0.9064 0.0463
vn 0.4270 0.9030 0.0470
vn 0.4230 0.9049 0.0466
vn -0.3695 0.9179 -0.1450
vn -0.3681 0.9154 -0.1630
vn 0.8049 -0.5922 -0.0376
vn -0.3702 0.9192 -0.1338
vn 0.9998 -0.0207 -0.0009
vn 1.0000 0.0028 0.0004
vn 1.0000 0.0026 0.0005
vn 0.9995 0.0326 0.0024
vn 0.0468 -0.9989 0.0044
vn 0.0022 -1.0000 0.0071
vn 0.0034 -0.9993 0.0377
vn 0.2175 -0.8966 0.3858
vn 0.2049 -0.9468 0.2480
vn 0.1399 -0.9493 0.2814
vn 0.3239 -0.9284 0.1822
vn 0.2656 -0.9401 0.2136
vn 0.2820 -0.8917 0.3540
vn 0.4307 -0.8926 0.1331
vn 0.3786 -0.9124 0.1554
vn 0.4030 -0.8659 0.2964
vn 0.4869 -0.8733 -0.0172
vn 0.4725 -0.8808 -0.0324
vn 0.4548 -0.8904 -0.0196
vn -0.8535 -0.5211 -0.0081
vn -0.9075 -0.4201 -0.0049
vn -0.9083 -0.4184 0.0004
vn -0.5259 -0.8457 0.0907
vn -0.5723 -0.8160 0.0812
vn -0.6064 -0.7646 0.2183
vn -0.0641 -0.9966 0.0510
vn -0.7202 -0.0033 0.6938
vn -0.7902 0.0044 0.6129
vn -0.7884 0.0133 0.6150
vn -0.8528 0.0098 0.5221
vn -0.7140 0.0182 0.6999
vn -0.6304 0.0232 0.7759
vn -0.6441 -0.0105 0.7649
vn -0.2199 -0.4125 0.8840
vn -0.2287 -0.5396 0.8103
vn -0.2946 -0.4917 0.8194
vn -0.1545 -0.5368 0.8294
vn -0.1563 -0.7075 0.6892
vn 0.2188 -0.4119 0.8846
vn 0.2280 -0.5392 0.8107
vn 0.1541 -0.5369 0.8295
vn 0.7970 -0.3602 0.4848
vn 0.7991 -0.4333 0.4167
vn 0.7400 -0.4662 0.4849
vn 0.7721 -0.1888 0.6068
vn 0.7449 -0.0797 0.6624
vn 0.8139 -0.0681 0.5770
vn 0.8586 -0.0117 0.5125
vn 0.8541 0.0031 0.5201
vn 0.9077 0.0016 0.4196
vn 0.9971 -0.0225 0.0734
vn 0.9975 -0.0315 0.0629
vn 0.9866 -0.0742 0.1451
vn -0.2370 -0.0107 0.9714
vn -0.2876 0.0013 0.9577
vn 0.1288 -0.0643 0.9896
vn 1.0000 0.0037 -0.0073
vn 1.0000 0.0058 -0.0062
vn 1.0000 0.0089 -0.0001
vn 1.0000 0.0069 -0.0005
vn 0.9958 -0.0920 0.0017
vn -0.9988 0.0499 -0.0007
vn -0.9999 0.0142 -0.0009
vn -0.9999 -0.0170 0.0026
vn -1.0000 0.0035 -0.0048
vn -0.9993 0.0331 -0.0181
vn -0.9992 0.0349 -0.0194
vn -0.9993 0.0293 -0.0239
vn -0.9977 -0.0567 0.0381
vn -0.9974 -0.0658 0.0305
vn -0.9969 -0.0757 0.0204
vn -0.9963 -0.0851 0.0093
vn -0.9958 -0.0919 0.0017
vn -0.9999 0.0114 -0.0006
vn -0.9999 0.0117 -0.0003
vn -0.9999 0.0132 0.0003
vn -0.9958 -0.0916 0.0008
vn -0.9999 0.0106 -0.0005
vn -1.0000 0.0094 -0.0006
vn -0.9986 -0.0498 0.0204
vn -0.9997 0.0225 0.0022
vn -0.9963 0.0847 -0.0172
vn -0.9976 0.0683 -0.0116
vn -0.9982 0.0589 -0.0061
vn -0.9987 0.0500 -0.0026
vn -0.9995 0.0326 -0.0005
vn -0.9998 -0.0208 0.0019
vn -0.9904 -0.1382 0.0014
vn -0.9988 0.0495 -0.0001
vn -0.9986 0.0522 -0.0009
vn 0.9999 0.0122 0.0038
vn 0.9993 0.0329 0.0154
vn 0.9986 0.0528 -0.0034
vn 0.9981 0.0615 -0.0071
vn 0.9975 0.0665 0.0230
vn 0.9999 -0.0164 0.0008
vn 0.9991 0.0436 -0.0005
vn 0.9984 0.0566 -0.0019
vn 0.9987 0.0507 -0.0005
vn 0.9988 0.0491 -0.0000
vn 0.9968 -0.0797 0.0013
vn 1.0000 -0.0074 0.0022
vn 0.9982 -0.0600 0.0091
vn 0.9959 -0.0907 -0.0007
vn 1.0000 0.0084 -0.0014
vn 0.9963 -0.0851 0.0093
vn 0.9999 -0.0150 0.0016
vn 1.0000 0.0064 -0.0000
vn 0.9993 -0.0374 0.0051
vn 0.9969 -0.0756 0.0203
vn 0.9974 -0.0653 0.0296
vn 1.0000 0.0010 -0.0015
vn 0.9997 0.0178 -0.0192
vn 1.0000 0.0033 -0.0050
vn 0.9993 0.0111 -0.0357
vn 0.9999 -0.0002 0.0160
vn 0.9999 0.0002 0.0157
vn 0.9964 -0.0117 0.0836
vn 0.9999 -0.0000 0.0157
vn 0.9999 -0.0000 0.0155
vn 0.9957 -0.0028 0.0922
vn 0.9955 0.0010 0.0944
vn 0.9955 -0.0003 0.0944
vn 0.9802 0.0001 0.1980
vn 0.9793 0.0022 0.2024
vn 0.9800 -0.0001 0.1990
vn 0.9495 0.0037 0.3136
vn 0.9072 0.0064 0.4207
vn 0.8730 0.0086 0.4877
vn 0.8530 0.0099 0.5218
vn 0.7880 0.0141 0.6155
vn 0.7131 0.0183 0.7008
vn 0.6310 0.0223 0.7755
vn 0.5464 0.0214 0.8373
vn 0.4496 0.0188 0.8930
vn 0.3987 -0.0011 0.9171
vn 0.3478 -0.0127 0.9375
vn 0.2344 -0.0120 0.9721
vn 0.1851 -0.0363 0.9820
vn -0.0000 -0.1009 0.9949
vn 0.0694 -0.0944 0.9931
vn -0.0625 -0.0898 0.9940
vn -0.1243 -0.0627 0.9903
vn -0.1828 -0.0312 0.9827
vn -0.2225 0.0077 0.9749
vn -0.3402 0.0102 0.9403
vn -0.3947 0.0151 0.9187
vn -0.4537 0.0204 0.8909
vn -0.5445 0.0208 0.8385
vn -0.6185 0.0129 0.7857
vn -0.9070 0.0068 0.4211
vn -0.9494 0.0043 0.3141
vn -0.9793 0.0025 0.2024
vn -0.9954 -0.0008 0.0961
vn -0.9955 0.0010 0.0944
vn -0.9998 -0.0000 0.0195
vn -0.9998 -0.0000 0.0199
vn -0.9955 -0.0003 0.0944
vn -0.9999 -0.0000 0.0139
vn -0.9957 -0.0026 0.0922
vn -0.9999 -0.0001 0.0163
vn -0.9965 -0.0117 0.0831
vn -0.9971 -0.0219 0.0729
vn -0.9976 -0.0316 0.0616
vn -0.9998 0.0068 -0.0204
vn -0.9999 0.0045 -0.0090
vn 0.9852 -0.0510 0.1635
vn 0.9665 -0.1163 0.2286
vn 0.9828 -0.0246 0.1828
vn 0.9631 -0.0795 0.2573
vn 0.9371 -0.1580 0.3112
vn 0.8572 -0.3712 0.3569
vn 0.9029 -0.2560 0.3452
vn 0.9043 -0.3078 0.2960
vn 0.9404 -0.2026 0.2732
vn 0.9412 -0.2435 0.2341
vn 0.9683 -0.1488 0.2005
vn 0.9688 -0.1787 0.1718
vn 0.9874 -0.0946 0.1272
vn 0.9875 -0.1134 0.1091
vn 0.9978 -0.0401 0.0537
vn 0.9978 -0.0480 0.0462
vn 0.9802 -0.0053 0.1979
vn 0.9573 -0.0376 0.2867
vn 0.9308 -0.1074 0.3493
vn 0.8980 -0.1991 0.3925
vn 0.8554 -0.3086 0.4160
vn 0.8485 -0.2397 0.4717
vn 0.8884 -0.1348 0.4389
vn 0.9205 -0.0501 0.3874
vn 0.9514 -0.0077 0.3078
vn 0.9794 -0.0001 0.2017
vn 0.7882 -0.2795 0.5483
vn 0.8355 -0.1618 0.5251
vn 0.8729 -0.0625 0.4838
vn 0.9106 -0.0097 0.4132
vn 0.9498 0.0005 0.3130
vn 0.6346 -0.3848 0.6702
vn 0.6123 -0.2468 0.7511
vn 0.6788 -0.3637 0.6379
vn 0.6563 -0.2313 0.7181
vn 0.7303 -0.3352 0.5953
vn 0.7074 -0.2136 0.6738
vn 0.5807 -0.1123 0.8063
vn 0.6265 -0.1211 0.7699
vn 0.6775 -0.0923 0.7297
vn 0.7926 -0.0025 0.6097
vn 0.7195 -0.0034 0.6945
vn 0.6448 -0.0102 0.7643
vn 0.2951 -0.4919 0.8191
vn 0.2868 -0.3817 0.8787
vn 0.2691 -0.2399 0.9328
vn 0.3809 -0.1578 0.9111
vn 0.3217 -0.2016 0.9251
vn 0.4076 -0.3265 0.8528
vn 0.3485 -0.3524 0.8685
vn 0.4218 -0.4451 0.7899
vn 0.3604 -0.4691 0.8063
vn 0.3670 -0.5736 0.7323
vn 0.3001 -0.5932 0.7470
vn 0.3018 -0.6847 0.6634
vn 0.2332 -0.6975 0.6776
vn 0.4344 -0.1401 0.8897
vn 0.4581 -0.0262 0.8885
vn 0.5073 -0.0448 0.8606
vn 0.5598 -0.0153 0.8285
vn -0.0791 -0.7139 0.6958
vn -0.0774 -0.5509 0.8309
vn -0.0001 -0.7156 0.6985
vn 0.0002 -0.5562 0.8311
vn 0.0791 -0.7141 0.6955
vn 0.0779 -0.5513 0.8307
vn 0.1563 -0.7080 0.6887
vn 0.2968 -0.0761 0.9519
vn -0.1443 -0.3326 0.9320
vn -0.0724 -0.3564 0.9315
vn 0.0006 -0.3664 0.9305
vn 0.0733 -0.3566 0.9314
vn 0.1443 -0.3335 0.9316
vn 0.2074 -0.2753 0.9387
vn -0.5842 -0.3795 0.7174
vn -0.5654 -0.2634 0.7816
vn -0.5337 -0.4003 0.7449
vn -0.5158 -0.2818 0.8090
vn -0.4795 -0.4219 0.7695
vn -0.4632 -0.3028 0.8329
vn -0.4217 -0.4445 0.7903
vn -0.4074 -0.3263 0.8530
vn -0.3602 -0.4683 0.8068
vn -0.3484 -0.3523 0.8686
vn -0.2848 -0.3819 0.8792
vn -0.2075 -0.2732 0.9393
vn -0.5345 -0.1241 0.8360
vn -0.4863 -0.1387 0.8627
vn -0.4359 -0.1568 0.8862
vn -0.3833 -0.1801 0.9059
vn -0.3280 -0.2066 0.9218
vn -0.2689 -0.2395 0.9329
vn -0.5058 -0.0716 0.8597
vn -0.4641 -0.0309 0.8852
vn -0.4073 -0.0373 0.9125
vn -0.3563 -0.0519 0.9329
vn -0.3036 -0.0715 0.9501
vn -0.2486 -0.0944 0.9640
vn -0.1907 -0.1205 0.9742
vn -0.1297 -0.1462 0.9807
vn -0.0657 -0.1654 0.9840
vn 0.0005 -0.1740 0.9847
vn 0.0664 -0.1650 0.9841
vn 0.1303 -0.1456 0.9807
vn 0.1910 -0.1197 0.9743
vn 0.2467 -0.0941 0.9645
vn 0.2925 0.0001 0.9563
vn -0.6123 -0.2467 0.7512
vn -0.6250 -0.1401 0.7680
vn -0.5876 -0.1158 0.8008
vn -0.5624 -0.0126 0.8268
vn -0.6807 -0.3605 0.6377
vn -0.7257 -0.3146 0.6119
vn -0.7076 -0.2136 0.6736
vn -0.7721 -0.1888 0.6068
vn -0.7458 -0.0800 0.6614
vn -0.8149 -0.0748 0.5747
vn -0.7962 -0.0142 0.6048
vn -0.8585 -0.0118 0.5126
vn -0.8543 0.0029 0.5198
vn -0.9078 0.0014 0.4194
vn -0.2332 -0.6972 0.6779
vn -0.3018 -0.6849 0.6632
vn -0.3004 -0.5932 0.7469
vn -0.3688 -0.6675 0.6469
vn -0.3671 -0.5737 0.7322
vn -0.4321 -0.6483 0.6269
vn -0.4299 -0.5525 0.7141
vn -0.4914 -0.6269 0.6046
vn -0.4888 -0.5300 0.6929
vn -0.5464 -0.6029 0.5813
vn -0.5437 -0.5074 0.6685
vn -0.5935 -0.5826 0.5553
vn -0.5940 -0.4844 0.6422
vn -0.6439 -0.5522 0.5296
vn -0.6329 -0.3841 0.6723
vn -0.6563 -0.2311 0.7183
vn -0.6773 -0.0922 0.7300
vn -0.3449 -0.9386 0.0022
vn -0.2924 -0.9560 0.0218
vn -0.2823 -0.9592 -0.0134
vn -0.2360 -0.9717 -0.0069
vn -0.0571 -0.9983 0.0097
vn -0.0640 -0.9979 0.0013
vn -0.1159 -0.9929 0.0261
vn -0.1218 -0.9924 0.0146
vn -0.1830 -0.9827 0.0292
vn -0.1674 -0.9858 0.0091
vn -0.2294 -0.9733 0.0040
vn -0.1703 -0.9851 -0.0222
vn -0.1820 -0.9831 -0.0198
vn -0.4479 -0.8940 -0.0078
vn -0.4890 -0.8720 -0.0210
vn -0.4949 -0.8689 -0.0085
vn -0.5538 -0.8312 0.0490
vn -0.5529 -0.8332 -0.0103
vn -0.6303 -0.7763 -0.0076
vn -0.6706 -0.7415 -0.0221
vn -0.7149 -0.6991 -0.0153
vn -0.7144 -0.6997 0.0005
vn -0.5689 -0.8224 0.0039
vn -0.5869 -0.8092 -0.0270
vn -0.6374 -0.7704 -0.0137
vn -0.3400 -0.9403 -0.0168
vn -0.3955 -0.9184 -0.0113
vn -0.3961 -0.9182 0.0003
vn -0.4073 -0.9133 -0.0048
vn -0.4541 -0.8908 -0.0173
vn -0.2384 -0.9675 0.0841
vn -0.1891 -0.9764 0.1039
vn -0.1289 -0.9833 0.1282
vn -0.0657 -0.9869 0.1471
vn -0.2603 -0.9423 0.2104
vn -0.2054 -0.9461 0.2504
vn -0.1399 -0.9489 0.2830
vn -0.1475 -0.8971 0.4164
vn -0.0781 -0.8443 0.5301
vn -0.0732 -0.9403 0.3325
vn -0.1533 -0.8288 0.5382
vn -0.2172 -0.8968 0.3855
vn -0.2269 -0.8263 0.5155
vn -0.2841 -0.8912 0.3538
vn -0.2934 -0.8338 0.4676
vn -0.3449 -0.8811 0.3237
vn -0.3220 -0.9332 0.1594
vn -0.4032 -0.8657 0.2966
vn -0.3755 -0.9166 0.1374
vn -0.4583 -0.8459 0.2728
vn -0.4277 -0.8962 0.1180
vn -0.5105 -0.8220 0.2524
vn -0.4779 -0.8724 0.1029
vn -0.5597 -0.7948 0.2343
vn -0.6756 -0.6545 0.3396
vn -0.6504 -0.7317 0.2040
vn -0.6176 -0.7824 0.0800
vn -0.3580 -0.8225 0.4419
vn -0.4190 -0.8061 0.4179
vn -0.4765 -0.7852 0.3954
vn -0.5303 -0.7610 0.3738
vn -0.5808 -0.7332 0.3537
vn -0.6314 -0.6869 0.3599
vn -0.5875 -0.6614 0.4662
vn -0.5420 -0.6877 0.4830
vn -0.4873 -0.7121 0.5055
vn -0.4285 -0.7332 0.5281
vn -0.3659 -0.7509 0.5498
vn -0.2993 -0.7648 0.5706
vn -0.7396 -0.5029 0.4472
vn -0.7272 -0.6109 0.3131
vn -0.7017 -0.6873 0.1878
vn -0.6715 -0.7374 0.0729
vn -0.6502 -0.7597 -0.0028
vn -0.7396 -0.6701 0.0624
vn -0.7669 -0.6200 0.1654
vn -0.7851 -0.5626 0.2590
vn -0.7955 -0.5002 0.3420
vn -0.7991 -0.4333 0.4167
vn -0.7968 -0.3603 0.4850
vn -0.8554 -0.3086 0.4160
vn -0.8485 -0.2397 0.4717
vn -0.8980 -0.1991 0.3925
vn -0.8884 -0.1348 0.4389
vn -0.9308 -0.1074 0.3493
vn -0.9205 -0.0501 0.3874
vn -0.9573 -0.0376 0.2867
vn -0.9514 -0.0077 0.3078
vn -0.9802 -0.0053 0.1979
vn -0.9795 -0.0002 0.2016
vn -0.6915 -0.5224 0.4989
vn -0.7361 -0.4046 0.5426
vn -0.7882 -0.2795 0.5483
vn -0.8355 -0.1618 0.5251
vn -0.8730 -0.0625 0.4838
vn -0.9106 -0.0097 0.4132
vn -0.9498 0.0003 0.3129
vn -0.7465 -0.6652 0.0128
vn -0.7435 -0.6687 -0.0113
vn -0.7885 -0.6149 -0.0115
vn -0.7844 -0.6202 -0.0063
vn -0.8173 -0.5762 0.0010
vn -0.8469 -0.5318 -0.0033
vn -0.8770 -0.4805 -0.0078
vn -0.9264 -0.3763 -0.0126
vn -0.9458 -0.3246 0.0031
vn -0.8759 -0.4824 -0.0062
vn -0.8768 -0.4808 -0.0077
vn -0.9017 -0.4323 -0.0000
vn -0.9265 -0.3760 -0.0127
vn -0.9959 -0.0901 0.0005
vn -0.9796 -0.2010 -0.0005
vn -0.9855 -0.1690 0.0136
vn -0.9876 -0.1567 -0.0130
vn -0.9954 -0.0950 0.0096
vn -0.9633 -0.2680 -0.0140
vn -0.9632 -0.2684 -0.0138
vn -0.9497 -0.3132 -0.0027
vn -0.9795 -0.1995 0.0279
vn -0.9557 -0.2932 0.0273
vn -0.9501 -0.3119 0.0009
vn -0.7178 -0.6962 -0.0018
vn -0.7910 -0.6118 -0.0015
vn -0.8088 -0.5857 0.0529
vn -0.8683 -0.4940 0.0443
vn -0.8314 -0.5374 0.1418
vn -0.8853 -0.4498 0.1182
vn -0.8461 -0.4846 0.2221
vn -0.8962 -0.4035 0.1846
vn -0.8543 -0.4294 0.2929
vn -0.9021 -0.3565 0.2431
vn -0.8572 -0.3712 0.3569
vn -0.9043 -0.3078 0.2959
vn -0.9030 -0.2560 0.3451
vn -0.9404 -0.2026 0.2732
vn -0.9371 -0.1580 0.3112
vn -0.9665 -0.1163 0.2286
vn -0.9631 -0.0795 0.2573
vn -0.9852 -0.0510 0.1635
vn -0.9828 -0.0246 0.1828
vn -0.8549 -0.5188 -0.0005
vn -0.9175 -0.3962 0.0358
vn -0.9288 -0.3584 0.0944
vn -0.9619 -0.2642 0.0700
vn -0.9359 -0.3201 0.1467
vn -0.9659 -0.2353 0.1081
vn -0.9398 -0.2822 0.1925
vn -0.9680 -0.2071 0.1414
vn -0.9412 -0.2435 0.2341
vn -0.9688 -0.1787 0.1718
vn -0.9683 -0.1488 0.2005
vn -0.9874 -0.0946 0.1272
vn -0.9866 -0.0741 0.1451
vn -0.9978 -0.0401 0.0537
vn -0.9978 -0.0480 0.0461
vn -0.9875 -0.1134 0.1091
vn -0.9872 -0.1314 0.0899
vn -0.9864 -0.1494 0.0690
vn -0.9848 -0.1680 0.0450
vn -0.9822 -0.1869 0.0190
vn -0.9798 -0.1998 0.0027
vn -0.9795 -0.2017 -0.0000
vn -1.0000 0.0078 -0.0044
vn -0.9977 0.0218 -0.0637
vn 0.9595 -0.2814 -0.0126
vn 0.9495 -0.3137 -0.0034
vn 0.9746 -0.2237 0.0039
vn 0.9794 -0.2019 -0.0016
vn 0.8747 -0.4847 -0.0054
vn 0.8532 -0.5215 -0.0091
vn 0.8918 -0.4521 0.0166
vn 0.9072 -0.4206 -0.0058
vn 0.9212 -0.3889 -0.0138
vn 0.9419 -0.3360 0.0040
vn 0.9941 -0.1085 0.0039
vn 0.9855 -0.1693 -0.0093
vn 0.9853 -0.1705 -0.0075
vn 0.7387 -0.6740 0.0044
vn 0.7136 -0.7004 -0.0170
vn 0.7756 -0.6312 -0.0067
vn 0.7884 -0.6150 -0.0131
vn 0.8094 -0.5872 -0.0052
vn 0.5463 -0.8374 -0.0188
vn 0.6315 -0.7752 -0.0202
vn 0.6226 -0.7825 -0.0079
vn 0.7095 -0.7047 -0.0019
vn 0.6662 -0.7454 -0.0230
vn 0.6656 -0.7460 -0.0214
vn 0.3917 -0.9200 -0.0108
vn 0.4282 -0.9035 -0.0194
vn 0.3446 -0.9387 -0.0081
vn 0.1514 -0.9884 0.0149
vn 0.1053 -0.9944 -0.0002
vn 0.1232 -0.9919 0.0312
vn 0.0584 -0.9983 -0.0026
vn 0.0589 -0.9971 0.0484
vn 0.1555 -0.9878 0.0051
vn 0.1734 -0.9845 0.0253
vn 0.1660 -0.9860 -0.0135
vn 0.2383 -0.9712 0.0066
vn 0.2102 -0.9775 -0.0152
vn 0.3805 -0.9247 -0.0125
vn 0.3676 -0.9296 -0.0253
vn 0.2855 -0.9584 0.0030
vn 0.3308 -0.9431 -0.0342
vn 0.2682 -0.9634 -0.0001
vn 0.5761 -0.8170 -0.0254
vn 0.5162 -0.8564 0.0125
vn 0.8713 -0.4907 -0.0113
vn 0.8373 -0.5468 0.0016
vn 0.8111 -0.5849 -0.0014
vn 0.9999 -0.0114 0.0008
vn 0.9958 -0.0916 0.0009
vn 0.9798 -0.1998 0.0027
vn 0.9795 -0.2016 0.0001
vn 0.9501 -0.3118 0.0011
vn 0.9083 -0.4182 0.0006
vn 0.8550 -0.5186 -0.0002
vn 0.7913 -0.6114 -0.0012
vn 0.7182 -0.6958 -0.0014
vn 0.6420 -0.7667 0.0043
vn 0.5601 -0.8284 0.0051
vn 0.5033 -0.8618 0.0633
vn 0.6715 -0.7374 0.0729
vn 0.7395 -0.6702 0.0622
vn 0.8088 -0.5857 0.0528
vn 0.8684 -0.4940 0.0443
vn 0.9175 -0.3961 0.0359
vn 0.9557 -0.2932 0.0273
vn 0.9822 -0.1869 0.0190
vn 0.4616 -0.8868 0.0215
vn 0.4047 -0.9140 0.0272
vn 0.3538 -0.9344 0.0407
vn 0.3012 -0.9518 0.0584
vn 0.2463 -0.9659 0.0800
vn 0.1888 -0.9764 0.1047
vn 0.1284 -0.9833 0.1288
vn 0.0650 -0.9869 0.1475
vn -0.0004 -0.9880 0.1544
vn 0.7019 -0.6871 0.1877
vn 0.7670 -0.6200 0.1654
vn 0.8313 -0.5374 0.1418
vn 0.8853 -0.4498 0.1182
vn 0.9288 -0.3584 0.0944
vn 0.9619 -0.2642 0.0700
vn 0.9848 -0.1680 0.0450
vn 0.5285 -0.8428 0.1015
vn 0.5597 -0.7949 0.2342
vn 0.5817 -0.8079 0.0944
vn 0.6063 -0.7647 0.2182
vn 0.6193 -0.7760 0.1198
vn 0.6503 -0.7318 0.2038
vn 0.5805 -0.7336 0.3534
vn 0.6295 -0.6890 0.3591
vn 0.6775 -0.6540 0.3365
vn 0.7222 -0.6271 0.2919
vn 0.7852 -0.5625 0.2591
vn 0.8461 -0.4846 0.2221
vn 0.8961 -0.4035 0.1847
vn 0.9359 -0.3201 0.1467
vn 0.9659 -0.2353 0.1081
vn 0.9864 -0.1494 0.0690
vn 0.7345 -0.5594 0.3842
vn 0.7954 -0.5003 0.3421
vn 0.8543 -0.4294 0.2929
vn 0.9021 -0.3565 0.2431
vn 0.9398 -0.2822 0.1925
vn 0.9680 -0.2071 0.1414
vn 0.9872 -0.1314 0.0900
vn 0.9977 -0.0554 0.0382
vn 0.9996 0.0237 -0.0130
vn 0.9998 0.0185 -0.0090
vn 0.4807 -0.8692 0.1156
vn 0.4582 -0.8460 0.2726
vn 0.3447 -0.8812 0.3234
vn 0.2929 -0.8341 0.4674
vn 0.4188 -0.8066 0.4171
vn 0.4763 -0.7857 0.3947
vn 0.4872 -0.7120 0.5057
vn 0.5421 -0.6876 0.4831
vn 0.5465 -0.6028 0.5814
vn 0.5936 -0.5766 0.5614
vn 0.5892 -0.4898 0.6426
vn 0.3579 -0.8230 0.4411
vn 0.3660 -0.7507 0.5500
vn 0.4285 -0.7331 0.5282
vn 0.4321 -0.6482 0.6270
vn 0.4913 -0.6268 0.6048
vn 0.4888 -0.5298 0.6931
vn 0.5437 -0.5072 0.6687
vn 0.5338 -0.4008 0.7446
vn 0.5843 -0.3798 0.7171
vn 0.5159 -0.2820 0.8089
vn 0.5656 -0.2638 0.7814
vn 0.4871 -0.1388 0.8623
vn 0.5347 -0.1246 0.8358
vn 0.4633 -0.3031 0.8327
vn 0.4797 -0.4225 0.7690
vn 0.4299 -0.5523 0.7143
vn 0.3689 -0.6676 0.6468
vn 0.2996 -0.7646 0.5706
vn 0.2273 -0.8258 0.5161
vn 0.1486 -0.8970 0.4164
vn 0.0728 -0.9405 0.3320
vn -0.0005 -0.9397 0.3419
vn -0.0003 -0.8441 0.5362
vn 0.0783 -0.8443 0.5301
vn 0.1536 -0.8284 0.5387
vn 0.5104 -0.8221 0.2522
vn 0.5302 -0.7613 0.3732
vn 0.5922 -0.6611 0.4607
vn 0.6438 -0.5503 0.5316
vn 0.6916 -0.5187 0.5026
vn -0.9721 0.2343 0.0114
vn -0.9738 0.2155 0.0729
vn -0.9791 0.2032 0.0024
vn -0.9835 0.1788 0.0263
vn -0.9881 0.1539 0.0017
vn -0.8967 0.4427 0.0034
vn -0.9057 0.4076 -0.1164
vn -0.9142 0.3923 -0.1019
vn -0.9159 0.3737 0.1467
vn -0.9384 0.3440 0.0320
vn -0.3400 0.9404 0.0008
vn -0.3624 0.9167 0.1682
vn -0.3879 0.9212 0.0297
vn -0.3222 0.7344 -0.5973
vn -0.2184 0.9758 -0.0070
vn -0.1387 0.9903 0.0114
vn -0.1735 0.9822 0.0723
vn -0.1979 0.9802 0.0054
vn -0.2233 0.9745 -0.0237
vn -0.2485 0.9678 0.0405
vn 0.1973 0.9798 -0.0341
vn 0.2633 0.9647 0.0107
vn 0.2228 0.9702 0.0951
vn 0.2072 0.9771 -0.0482
vn 0.1824 0.9820 0.0485
vn 0.1512 0.9877 0.0387
vn 0.4177 0.9085 0.0120
vn 0.3905 0.9166 0.0856
vn 0.3745 0.9221 -0.0976
vn 0.3466 0.9380 -0.0014
vn 0.7976 0.3165 0.5135
vn 0.6215 0.2807 -0.7314
vn 0.6218 0.2803 -0.7313
vn 0.6213 0.2811 -0.7314
vn 0.9882 0.1533 0.0038
vn 0.9836 0.1694 0.0625
vn 0.9801 0.1979 0.0145
vn 0.9798 0.2001 -0.0000
vn 0.9721 0.2345 0.0057
vn 0.9907 -0.1361 0.0062
vn -1.0000 -0.0065 0.0014
vn -1.0000 -0.0072 0.0003
vn -0.9957 0.0927 0.0051
vn -0.9932 0.1161 0.0130
vn -0.9965 0.0810 0.0193
vn -0.9958 0.0920 0.0045
vn -1.0000 -0.0042 -0.0000
vn -0.9909 0.1338 0.0148
vn -0.9996 -0.0275 0.0002
vn -0.9999 -0.0095 0.0101
vn -0.9622 0.2719 0.0161
vn -0.9645 0.2643 0.0006
vn -0.9830 0.1838 -0.0001
vn -0.9208 0.3901 -0.0008
vn -0.9501 0.3120 0.0002
vn -0.8622 0.5065 0.0016
vn -0.8992 0.4374 0.0007
vn -0.9203 0.3911 0.0094
vn -0.8516 0.5241 0.0033
vn -0.7757 0.6311 -0.0013
vn -0.6826 0.7308 -0.0013
vn -0.6987 0.7154 0.0011
vn -0.7514 0.6599 0.0004
vn -0.7874 0.6164 0.0013
vn -0.8328 0.5536 0.0005
vn -0.5767 0.8170 -0.0013
vn -0.4689 0.8832 0.0094
vn -0.4859 0.8740 0.0015
vn -0.5489 0.8359 0.0004
vn -0.5977 0.8017 0.0010
vn -0.6561 0.7547 0.0004
vn -0.3638 0.9315 0.0016
vn -0.4328 0.9015 -0.0000
vn -0.4164 0.9091 0.0095
vn -0.3301 0.9438 0.0157
vn -0.3096 0.9509 0.0016
vn -0.2380 0.9713 -0.0015
vn -0.1755 0.9845 0.0004
vn -0.1086 0.9941 0.0004
vn -0.2129 0.9770 0.0100
vn -0.0600 0.9982 0.0066
vn 0.0628 0.9980 0.0056
vn 0.0258 0.9997 0.0030
vn -0.0413 0.9991 0.0003
vn 0.1573 0.9876 -0.0012
vn 0.0907 0.9959 0.0015
vn 0.2864 0.9581 -0.0008
vn 0.2259 0.9741 -0.0009
vn 0.4680 0.8837 0.0103
vn 0.3329 0.9428 0.0166
vn 0.1942 0.9809 0.0101
vn 0.4104 0.9119 -0.0001
vn 0.3555 0.9347 0.0001
vn 0.4777 0.8785 -0.0004
vn 0.5767 0.8169 0.0004
vn 0.6826 0.7308 0.0002
vn 0.5914 0.8064 -0.0002
vn 0.5277 0.8495 -0.0004
vn 0.7758 0.6310 0.0001
vn 0.6948 0.7192 -0.0001
vn 0.6371 0.7708 -0.0002
vn 0.6363 0.7714 -0.0002
vn 0.8865 0.4627 -0.0002
vn 0.8527 0.5225 0.0038
vn 0.8609 0.5087 -0.0000
vn 0.7821 0.6231 0.0001
vn 0.7258 0.6879 -0.0000
vn 0.7284 0.6852 -0.0000
vn 0.9389 0.3442 -0.0003
vn 0.9211 0.3893 0.0004
vn 0.9019 0.4289 0.0504
vn 0.9174 0.3980 -0.0000
vn 0.9268 0.3755 -0.0009
vn 0.9650 0.2621 0.0020
vn 0.9429 0.3330 0.0099
vn 0.9760 0.2176 0.0006
vn 0.8855 0.4647 -0.0005
vn 0.8527 0.5224 0.0038
vn 0.9126 0.4085 0.0160
vn 0.9134 0.4070 0.0093
vn 0.9625 0.2708 0.0192
vn 0.9911 0.1335 -0.0001
vn 0.9966 0.0824 0.0022
vn 0.9912 0.1312 0.0150
vn 0.9999 -0.0026 0.0105
vn 0.9992 0.0403 -0.0012
vn 1.0000 0.0017 0.0001
vn 0.9995 0.0302 -0.0011
vn 0.9994 0.0358 0.0001
vn 0.9994 0.0360 0.0016
vn 0.9999 0.0158 0.0007
vn 0.9966 0.0828 0.0049
vn 0.9966 0.0824 0.0025
vn 0.9965 0.0829 0.0052
vn 0.9999 0.0108 -0.0000
vn 1.0000 -0.0042 -0.0000
vn 1.0000 -0.0024 -0.0002
vn 0.9626 -0.2709 0.0067
vn 0.9154 -0.4026 0.0040
vn 0.8590 -0.5119 -0.0037
vn 0.8716 -0.4899 -0.0181
vn 0.7785 -0.6276 0.0064
vn 0.6819 -0.7314 0.0064
vn 0.8095 -0.5871 -0.0020
vn 0.5719 -0.8203 0.0039
vn 0.4693 -0.8830 -0.0081
vn 0.3418 -0.9398 -0.0002
vn 0.2036 -0.9790 0.0062
vn 0.3418 -0.9398 -0.0001
vn 0.3761 -0.9265 -0.0107
vn 0.0694 -0.9975 0.0098
vn -0.0715 -0.9974 0.0043
vn -0.1971 -0.9804 0.0041
vn -0.3382 -0.9411 0.0036
vn -0.4586 -0.8886 0.0055
vn -0.3383 -0.9410 0.0036
vn -0.4039 -0.9148 0.0012
vn -0.2745 -0.9616 -0.0009
vn -0.5777 -0.8162 0.0067
vn -0.6859 -0.7276 0.0082
vn -0.8758 -0.4827 -0.0094
vn -0.8540 -0.5203 0.0062
vn -0.7714 -0.6364 -0.0004
vn -0.9179 -0.3968 0.0071
vn -0.9634 -0.2681 0.0056
vn -0.9907 -0.1357 0.0043
vn -0.0000 0.4027 -0.9153
vn -0.0002 0.4028 -0.9153
vn -0.0001 0.4029 -0.9152
vn 0.0008 0.4014 -0.9159
vn -0.0001 0.4029 -0.9153
vn -0.0017 0.4039 -0.9148
vn -0.0013 0.4037 -0.9149
vn -0.0001 0.4028 -0.9153
vn 0.0001 0.4026 -0.9154
vn -0.0005 0.4035 -0.9150
vn -0.0000 0.4028 -0.9153
vn 0.0002 0.4025 -0.9154
vn 0.0004 0.4020 -0.9156
vn 0.0008 0.4023 -0.9155
vn 0.0001 0.4027 -0.9154
vn 0.0001 0.4027 -0.9153
vn 0.0003 0.4025 -0.9154
vn 0.0002 0.4026 -0.9154
vn 0.0002 0.4027 -0.9153
vn 0.0004 0.4025 -0.9154
vn 0.0040 0.4024 -0.9155
vn 0.0002 0.4027 -0.9154
vn -0.0002 0.4029 -0.9153
vn -0.0005 0.4031 -0.9152
vn -0.0006 0.4028 -0.9153
vn -0.0003 0.4028 -0.9153
vn 0.0003 0.4026 -0.9154
vn -0.0003 0.4029 -0.9153
vn 0.0007 0.4024 -0.9155
vn 0.0011 0.4025 -0.9154
vn -0.0002 0.4027 -0.9153
vn 0.0003 0.4027 -0.9153
vn 0.0022 0.4025 -0.9154
vn 0.0004 0.4027 -0.9153
vn -0.0004 0.4028 -0.9153
vn 0.0012 0.4027 -0.9153
vn 0.0016 0.4025 -0.9154
vn -0.0005 0.4028 -0.9153
vn 0.0004 0.4026 -0.9154
vn -0.0005 0.4029 -0.9153
vn -0.0015 0.4029 -0.9153
vn -0.0003 0.4027 -0.9153
vn 0.0010 0.4028 -0.9153
vn -0.0004 0.4027 -0.9153
vn -0.0001 0.4027 -0.9153
vn 0.0007 0.4027 -0.9153
vn -0.0011 0.4027 -0.9153
vn -0.0007 0.4028 -0.9153
vn 0.0084 0.4016 -0.9158
vn 0.0003 0.4028 -0.9153
s 0
usemtl Scheibe_001
f 1704//1 1697//1 1705//1
f 1705//1 1697//1 1698//1
f 1705//1 1698//1 1714//1
f 1759//1 1760//1 1765//1
f 1739//1 1785//1 1697//1
f 1697//1 1785//1 1795//1
f 1697//1 1795//1 1756//1
f 1714//1 1715//1 1705//1
f 1705//1 1715//1 1777//1
f 1705//1 1777//1 1749//1
f 1704//1 1755//1 1697//1
f 1697//1 1755//1 1768//1
f 1697//1 1768//1 1859//1
f 1749//1 19//1 1705//1
f 1705//1 19//1 20//1
f 1705//1 20//1 21//1
f 1760//1 1784//1 1765//1
f 1765//1 1784//1 1896//1
f 1765//1 1896//1 1860//1
f 1859//1 25//1 1697//1
f 1697//1 25//1 26//1
f 1697//1 26//1 1739//1
f 1756//1 27//1 1697//1
f 1697//1 27//1 1849//1
f 1697//1 1849//1 1790//1
f 1759//1 1765//1 1778//1
f 1778//1 1765//1 1773//1
f 1778//1 1773//1 32//1
f 21//1 1766//1 1705//1
f 1705//1 1766//1 1765//1
f 1705//1 1765//1 1794//1
f 1794//1 1765//1 1860//1
f 1803//1 2027//1 32//1
f 32//1 2027//1 1782//1
f 32//1 1782//1 1778//1
f 1790//1 38//1 1697//1
f 1697//1 38//1 39//1
f 1697//1 39//1 40//1
f 40//1 41//1 1697//1
f 1697//1 41//1 42//1
f 1697//1 42//1 43//1
f 43//1 44//1 1697//1
f 1697//1 44//1 2048//1
f 1697//1 2048//1 1835//1
s 1
f 2067//2 1700//3 45//3
f 45//3 1700//3 1982//4
f 45//3 1982//4 46//4
f 46//4 1982//4 1975//5
f 46//4 1975//5 2//5
f 2//5 1975//5 1976//6
f 2//5 1976//6 4//6
f 4//6 1976//6 2039//7
f 4//6 2039//7 5//7
f 5//7 2039//7 2042//8
f 5//7 2042//8 13//8
f 13//8 2042//8 2045//9
f 13//8 2045//9 14//9
f 14//9 2045//9 2050//10
f 14//9 2050//10 15//10
f 15//10 2050//10 2051//11
f 15//10 2051//11 1750//12
f 1750//12 2051//11 2066//13
f 1750//12 2066//13 1880//13
f 1880//13 2066//13 2061//14
f 1880//13 2061//14 1881//14
f 1881//14 2061//14 2058//15
f 1881//14 2058//15 33//15
f 33//15 2058//15 1941//16
f 33//15 1941//16 8//16
f 8//16 1941//16 1942//17
f 8//16 1942//17 31//17
f 31//17 1942//17 1950//18
f 31//17 1950//18 1802//18
f 1802//18 1950//18 1962//19
f 1802//18 1962//19 35//19
f 35//19 1962//19 1926//20
f 35//19 1926//20 36//20
f 36//20 1926//20 1927//21
f 36//20 1927//21 37//21
f 37//21 1927//21 1916//22
f 37//21 1916//22 30//22
f 30//22 1916//22 1917//23
f 30//22 1917//23 6//23
f 6//23 1917//23 183//24
f 6//23 183//24 7//24
f 7//24 183//24 1910//25
f 7//24 1910//25 22//25
f 22//25 1910//25 1915//26
f 22//25 1915//26 23//26
f 23//26 1915//26 1922//27
f 23//26 1922//27 24//27
f 24//27 1922//27 1923//28
f 24//27 1923//28 34//28
f 34//28 1923//28 1964//29
f 34//28 1964//29 3//29
f 3//29 1964//29 1957//30
f 3//29 1957//30 1//30
f 1//30 1957//30 1939//31
f 1//30 1939//31 16//31
f 16//31 1939//31 1891//32
f 16//31 1891//32 17//32
f 17//32 1891//32 1892//33
f 17//32 1892//33 18//33
f 18//33 1892//33 1894//34
f 18//33 1894//34 1832//34
f 1832//34 1894//34 1873//35
f 1832//34 1873//35 1740//35
f 1740//35 1873//35 1874//36
f 1740//35 1874//36 9//36
f 9//36 1874//36 1866//37
f 9//36 1866//37 10//37
f 10//37 1866//37 1858//38
f 10//37 1858//38 11//39
f 11//39 1858//38 1853//40
f 11//39 1853//40 12//41
f 12//41 1853//40 1854//42
f 12//41 1854//42 1757//42
f 1757//42 1854//42 200//43
f 1757//42 200//43 28//43
f 28//43 200//43 201//44
f 28//43 201//44 29//44
f 29//44 201//44 1984//45
f 29//44 1984//45 1791//45
f 1791//45 1984//45 2006//46
f 1791//45 2006//46 2032//46
f 2032//46 2006//46 2001//47
f 2032//46 2001//47 2033//47
f 2033//47 2001//47 1997//48
f 2033//47 1997//48 2035//48
f 2035//48 1997//48 206//49
f 2035//48 206//49 2057//49
f 2057//49 206//49 207//50
f 2057//49 207//50 2065//50
f 2065//50 207//50 1701//2
f 2065//50 1701//2 2067//2
f 2067//2 1701//2 1700//3
s 0
f 1722//51 1771//51 49//51
f 1826//51 51//51 52//51
f 1990//51 1989//51 49//51
f 55//51 56//51 1826//51
f 1826//51 56//51 57//51
f 1826//51 57//51 58//51
f 58//51 59//51 1826//51
f 1826//51 59//51 60//51
f 1826//51 60//51 51//51
f 1882//51 1868//51 1826//51
f 1990//51 49//51 1911//51
f 55//51 1826//51 49//51
f 49//51 1826//51 1912//51
f 49//51 1912//51 1911//51
f 1989//51 65//51 49//51
f 49//51 65//51 66//51
f 49//51 66//51 67//51
f 1931//51 1953//51 1968//51
f 1960//51 1961//51 1771//51
f 1771//51 1961//51 1987//51
f 1771//51 1987//51 1980//51
f 1980//51 1981//51 1771//51
f 1771//51 1981//51 1834//51
f 1771//51 1834//51 49//51
f 1868//51 77//51 1826//51
f 1826//51 77//51 78//51
f 1826//51 78//51 79//51
f 79//51 78//51 80//51
f 1960//51 1771//51 1968//51
f 1968//51 1771//51 1772//51
f 1968//51 1772//51 1931//51
f 52//51 1841//51 1826//51
f 1826//51 1841//51 1883//51
f 1826//51 1883//51 1882//51
f 84//51 85//51 86//51
f 78//51 87//51 88//51
f 67//51 1979//51 49//51
f 49//51 1979//51 2023//51
f 49//51 2023//51 2024//51
f 2024//51 92//51 49//51
f 49//51 92//51 1723//51
f 49//51 1723//51 1722//51
f 1953//51 94//51 1968//51
f 1968//51 94//51 95//51
f 1968//51 95//51 96//51
f 87//51 78//51 86//51
f 86//51 78//51 1914//51
f 86//51 1914//51 84//51
f 88//51 1792//51 78//51
f 78//51 1792//51 1793//51
f 78//51 1793//51 80//51
f 85//51 1838//51 86//51
f 86//51 1838//51 1839//51
f 86//51 1839//51 1842//51
f 1977//1 1729//1 1983//1
f 1983//1 1729//1 1699//1
f 1983//1 1699//1 202//1
f 202//1 1699//1 1693//1
f 202//52 1693//52 203//52
f 203//1 1693//1 1694//1
f 203//1 1694//1 204//1
f 204//1 1694//1 1706//1
f 204//1 1706//1 205//1
f 205//1 1706//1 1707//1
f 205//1 1707//1 1998//1
f 1998//1 1707//1 1720//1
f 1998//1 1720//1 2030//1
f 2030//1 1720//1 1721//1
f 2030//53 1721//53 208//53
f 208//1 1721//1 971//1
f 208//52 971//52 163//52
f 163//1 971//1 1786//1
f 163//1 1786//1 164//1
f 164//1 1786//1 1783//1
f 164//52 1783//52 165//52
f 165//1 1783//1 1779//1
f 165//1 1779//1 166//1
f 166//1 1779//1 1741//1
f 166//1 1741//1 167//1
f 167//1 1741//1 1742//1
f 167//1 1742//1 168//1
f 168//1 1742//1 1744//1
f 168//1 1744//1 169//1
f 169//1 1744//1 1745//1
f 169//52 1745//52 170//52
f 170//53 1745//53 979//53
f 170//1 979//1 171//1
f 171//1 979//1 980//1
f 171//1 980//1 172//1
f 172//1 980//1 981//1
f 172//1 981//1 173//1
f 173//1 981//1 982//1
f 173//1 982//1 174//1
f 174//1 982//1 983//1
f 174//1 983//1 175//1
f 175//1 983//1 984//1
f 175//1 984//1 176//1
f 176//1 984//1 985//1
f 176//1 985//1 177//1
f 177//1 985//1 986//1
f 177//1 986//1 178//1
f 178//1 986//1 987//1
f 178//1 987//1 179//1
f 179//1 987//1 988//1
f 179//1 988//1 180//1
f 180//1 988//1 989//1
f 180//1 989//1 181//1
f 181//52 989//52 990//52
f 181//53 990//53 182//53
f 182//52 990//52 1787//52
f 182//53 1787//53 1909//53
f 1909//52 1787//52 992//52
f 1909//1 992//1 184//1
f 184//1 992//1 993//1
f 184//1 993//1 185//1
f 185//53 993//53 994//53
f 185//1 994//1 186//1
f 186//1 994//1 1806//1
f 186//1 1806//1 187//1
f 187//1 1806//1 996//1
f 187//1 996//1 188//1
f 188//53 996//53 997//53
f 188//1 997//1 189//1
f 189//1 997//1 998//1
f 189//1 998//1 190//1
f 190//1 998//1 999//1
f 190//53 999//53 191//53
f 191//1 999//1 1000//1
f 191//1 1000//1 192//1
f 192//1 1000//1 1001//1
f 192//52 1001//52 193//52
f 193//1 1001//1 1825//1
f 193//1 1825//1 194//1
f 194//1 1825//1 1888//1
f 194//1 1888//1 195//1
f 195//1 1888//1 1889//1
f 195//1 1889//1 196//1
f 196//1 1889//1 1893//1
f 196//1 1893//1 197//1
f 197//1 1893//1 1885//1
f 197//1 1885//1 198//1
f 198//1 1885//1 1007//1
f 198//1 1007//1 199//1
f 199//1 1007//1 1008//1
f 199//1 1008//1 1977//1
f 1977//1 1008//1 1729//1
s 1
usemtl verbindung_001
f 103//54 1991//55 104//56
f 104//56 1991//55 1833//57
f 76//58 105//59 1833//57
f 1833//57 105//59 106//60
f 1833//57 106//60 104//56
f 75//61 107//62 76//58
f 76//58 107//62 108//63
f 76//58 108//63 105//59
f 74//64 109//65 75//61
f 75//61 109//65 110//66
f 75//61 110//66 107//62
f 73//67 111//68 74//64
f 74//64 111//68 112//69
f 74//64 112//69 109//65
f 72//70 113//71 73//67
f 73//67 113//71 114//72
f 73//67 114//72 111//68
f 71//73 115//74 72//70
f 72//70 115//74 116//75
f 72//70 116//75 113//71
f 70//76 117//77 71//73
f 71//73 117//77 118//78
f 71//73 118//78 115//74
f 1969//79 119//80 70//76
f 70//76 119//80 120//81
s 0
f 70//82 120//82 117//82
s 1
f 2021//83 121//84 1969//79
f 1969//79 121//84 122//85
s 0
f 1969//86 122//86 119//86
s 1
f 1970//87 123//88 2021//89
f 2021//89 123//88 124//90
s 0
f 2021//91 124//91 121//91
s 1
f 69//92 125//93 1970//87
f 1970//87 125//93 126//94
s 0
f 1970//95 126//95 123//95
f 1702//96 128//96 68//96
s 1
f 68//97 128//98 129//99
f 68//97 129//99 69//92
f 69//92 129//99 130//100
f 69//92 130//100 125//93
f 1702//101 68//97 1703//102
f 1703//102 68//97 81//103
f 1703//102 81//103 1695//104
s 0
f 1695//105 81//105 133//105
s 1
f 133//106 81//103 48//107
f 133//106 48//107 134//108
f 135//109 136//110 47//111
f 47//111 136//110 137//112
f 47//111 137//112 48//107
f 48//107 137//112 1743//113
f 48//107 1743//113 134//108
f 135//109 47//111 139//114
f 139//114 47//111 93//115
f 139//114 93//115 140//116
f 140//116 93//115 141//117
f 141//117 93//115 2019//118
f 141//117 2019//118 142//119
f 142//119 2019//118 143//120
f 143//120 2019//118 91//121
f 143//120 91//121 144//122
f 144//122 91//121 145//123
f 145//123 91//121 90//124
f 145//123 90//124 146//125
f 146//125 90//124 147//126
f 147//126 90//124 89//127
f 147//126 89//127 148//128
f 148//128 89//127 149//129
f 149//129 89//127 1898//130
f 149//129 1898//130 150//131
f 150//131 1898//130 151//132
f 151//132 1898//130 1897//133
f 151//132 1897//133 152//134
f 152//134 1897//133 153//135
f 153//135 1897//133 1899//136
f 153//135 1899//136 154//137
f 154//137 1899//136 155//138
f 155//138 1899//136 54//139
f 155//138 54//139 156//140
f 156//140 54//139 157//141
f 157//141 54//139 53//142
f 157//141 53//142 158//143
f 158//143 53//142 159//144
f 159//144 53//142 63//145
f 159//144 63//145 160//146
f 160//146 63//145 161//147
f 161//147 63//145 64//148
f 161//147 64//148 162//149
f 209//150 210//151 211//152
s 0
f 211//153 210//154 212//153
s 1
f 213//155 214//156 215//157
f 215//157 214//156 216//158
f 215//157 216//158 217//159
f 217//159 216//158 218//160
f 219//161 220//162 221//163
f 221//163 220//162 222//164
f 221//163 222//164 223//165
s 0
f 223//166 222//166 224//166
s 1
f 223//165 224//167 218//160
f 218//160 224//167 225//168
f 218//160 225//168 217//159
f 219//161 221//163 226//169
f 226//169 221//163 227//170
f 226//169 227//170 228//171
f 228//171 227//170 229//172
f 228//171 229//172 230//173
f 231//174 232//175 233//176
f 233//176 232//175 234//177
f 233//176 234//177 229//172
f 229//172 234//177 235//178
f 229//172 235//178 230//173
f 236//179 237//180 238//181
f 239//182 240//183 241//184
f 241//184 240//183 242//185
f 241//184 242//185 243//186
f 243//186 242//185 244//187
f 245//188 246//189 247//190
f 247//190 246//189 248//191
f 247//190 248//191 244//187
f 244//187 248//191 249//192
f 244//187 249//192 243//186
f 250//193 251//194 252//195
f 252//195 251//194 253//196
f 252//195 254//197 250//193
f 250//193 254//197 255//198
f 250//193 255//198 245//188
f 245//188 255//198 256//199
f 245//188 256//199 246//189
f 253//196 251//194 257//200
f 257//200 251//194 258//201
f 257//200 258//201 259//202
f 259//202 258//201 260//203
f 259//202 260//203 261//204
f 262//205 263//205 83//206
f 264//207 265//208 1913//209
f 266//210 267//211 98//212
f 268//213 269//214 1978//215
f 270//216 271//217 50//218
f 162//149 64//148 272//219
f 272//219 64//148 50//218
f 272//219 50//218 273//220
f 273//220 50//218 271//217
f 270//216 50//218 274//221
f 274//221 50//218 1827//222
f 274//221 1827//222 275//223
f 269//214 276//224 1978//215
f 1978//215 276//224 277//225
f 1978//215 277//225 1827//222
f 1827//222 277//225 278//226
f 1827//222 278//226 275//223
f 268//213 1978//215 279//227
f 279//227 1978//215 99//228
f 279//227 99//228 280//229
f 267//211 281//230 98//212
f 98//212 281//230 282//231
f 98//212 282//231 99//232
f 99//232 282//231 283//233
s 0
f 99//234 283//234 280//234
s 1
f 266//210 98//212 284//235
f 284//235 98//212 2038//236
f 284//235 2038//236 285//237
f 286//238 287//239 2063//240
f 2063//240 287//239 288//241
f 288//241 289//242 2063//240
f 2063//240 289//242 290//243
f 2063//240 290//243 2038//236
f 2038//236 290//243 291//244
f 2038//236 291//244 285//237
f 286//238 2063//240 292//245
f 292//245 2063//240 1966//246
s 0
f 292//247 1966//247 293//247
f 294//248 295//248 102//248
s 1
f 102//249 295//250 296//251
f 102//249 296//251 1966//246
f 1966//246 296//251 297//252
s 0
f 1966//253 297//253 293//253
f 298//254 299//254 101//254
s 1
f 101//255 299//256 300//257
f 101//255 300//257 102//249
f 102//249 300//257 301//258
f 102//249 301//258 294//259
s 0
f 302//260 303//260 100//260
s 1
f 100//261 303//262 304//263
f 100//261 304//263 101//255
f 101//255 304//263 305//264
f 101//255 305//264 298//265
s 0
f 306//266 307//266 2054//266
s 1
f 2054//267 307//268 308//269
f 2054//267 308//269 100//261
f 100//261 308//269 309//270
f 100//261 309//270 302//271
f 310//272 311//273 2055//274
s 0
f 2055//275 311//275 312//275
s 1
f 312//276 313//277 2055//274
f 2055//274 313//277 314//278
f 2055//274 314//278 2054//267
f 2054//267 314//278 315//279
s 0
f 2054//280 315//281 306//280
f 316//282 317//282 97//282
s 1
f 97//283 317//284 318//285
f 97//283 318//285 2055//274
f 2055//274 318//285 319//286
f 2055//274 319//286 310//272
f 265//208 320//287 1913//209
f 1913//209 320//287 321//288
f 1913//209 321//288 97//283
f 97//283 321//288 322//289
f 97//283 322//289 316//290
s 0
f 323//291 324//291 1869//291
s 1
f 1869//292 324//293 325//294
f 1869//292 325//294 1913//209
f 1913//209 325//294 326//295
f 1913//209 326//295 264//207
f 327//296 328//297 62//298
f 62//298 328//297 329//299
f 62//298 329//299 1869//300
f 1869//300 329//299 330//301
f 1869//300 330//301 323//302
f 331//303 332//304 61//305
f 61//305 332//304 333//306
f 61//305 333//306 62//298
f 62//298 333//306 334//307
f 62//298 334//307 327//296
f 263//205 335//308 83//206
f 83//206 335//308 336//309
f 83//206 336//309 61//305
f 61//305 336//309 337//310
f 61//305 337//310 331//303
f 82//311 338//312 339//313
f 82//311 339//313 83//206
f 83//206 339//313 340//314
f 83//206 340//314 262//205
f 341//315 342//316 1840//317
f 1840//317 342//316 343//318
f 1840//317 343//318 82//311
f 82//311 343//318 344//319
f 82//311 344//319 338//312
f 1988//320 345//321 1840//317
f 1840//317 345//321 346//322
f 1840//317 346//322 341//315
f 1965//323 347//324 1988//320
f 1988//320 347//324 348//325
f 348//325 349//326 1988//320
f 1988//320 349//326 350//327
f 1988//320 350//327 345//321
f 351//328 1965//323 352//329
f 352//329 1965//323 1963//330
f 351//328 353//331 1965//323
f 1965//323 353//331 354//332
f 1965//323 354//332 347//324
f 1938//333 355//334 1963//330
f 1963//330 355//334 356//335
f 356//335 357//336 1963//330
f 1963//330 357//336 358//336
f 1963//330 358//336 352//329
f 359//337 360//338 1938//333
f 1938//333 360//338 361//339
f 1938//333 361//339 355//334
f 359//337 1938//333 362//340
f 362//340 1938//333 1937//341
s 0
f 362//342 1937//342 363//342
s 1
f 364//343 365//344 1999//345
f 1999//345 365//344 366//346
f 1999//345 366//346 1937//341
f 1937//341 366//346 367//347
f 1937//341 367//347 363//348
f 1991//55 103//54 368//349
f 1991//55 368//349 1999//345
f 1999//345 368//349 369//350
f 1999//345 369//350 364//343
f 370//351 232//175 231//174
f 370//351 231//174 371//352
f 372//353 373//354 374//355
f 374//355 373//354 375//356
f 372//353 376//357 373//354
f 373//354 376//357 377//358
f 373//354 377//358 231//174
f 371//352 231//174 378//359
f 378//359 231//174 377//358
f 378//359 377//358 379//360
f 379//360 377//358 380//361
f 380//361 377//358 381//362
f 380//361 381//362 382//363
f 381//362 383//364 382//363
f 382//363 383//364 384//365
f 382//363 384//365 385//366
f 385//366 384//365 386//367
f 385//366 386//367 387//368
f 387//368 386//367 388//369
f 388//369 386//367 389//370
f 388//369 389//370 390//371
s 0
f 389//372 391//372 390//372
f 390//373 391//373 392//373
f 390//373 392//373 393//373
f 393//374 392//374 394//374
f 393//375 394//375 395//375
f 395//376 394//376 396//376
f 395//377 396//377 397//377
s 1
f 398//378 399//379 400//380
f 400//380 399//379 375//356
f 400//380 375//356 373//354
f 401//381 402//382 398//378
f 398//378 402//382 403//383
f 398//378 403//383 399//379
f 404//384 405//385 406//386
f 406//386 405//385 407//387
f 406//386 407//387 401//381
f 401//381 407//387 408//388
f 401//381 408//388 402//382
f 409//389 1857//389 411//390
f 404//384 406//386 412//391
f 412//391 406//386 413//392
f 412//391 413//392 414//393
f 414//393 413//392 415//394
f 414//393 415//394 1861//395
f 1861//395 415//394 1850//396
f 1861//395 1850//396 1822//397
s 0
f 1820//398 416//398 1819//398
s 1
f 1821//399 210//151 209//150
f 237//180 236//179 417//400
f 417//400 236//179 2004//401
f 417//400 2004//401 1924//402
s 0
f 419//403 418//403 420//403
s 1
f 421//404 422//405 423//406
f 423//406 422//405 424//407
f 423//406 424//407 425//408
f 425//408 424//407 426//409
f 425//408 426//409 1925//410
f 1925//410 426//409 427//411
f 1925//410 427//411 1924//402
f 421//404 423//406 428//412
f 428//412 423//406 429//413
f 428//412 429//413 430//414
f 430//414 429//413 431//415
f 430//414 431//415 432//416
f 432//416 431//415 433//417
f 433//417 431//415 434//418
f 433//417 434//418 435//419
f 435//419 434//418 436//420
f 435//419 436//420 437//421
f 438//422 439//423 436//420
f 436//420 439//423 440//424
f 436//420 440//424 437//421
f 240//183 239//182 441//425
f 441//425 442//426 240//183
f 240//183 442//426 443//427
f 240//183 443//427 436//420
s 0
f 444//428 445//428 446//428
f 446//429 445//429 447//429
f 446//430 447//430 448//430
f 448//431 447//431 449//431
f 448//432 449//432 450//432
f 450//433 449//433 451//433
f 450//434 451//434 452//434
f 452//435 451//435 453//435
f 452//436 453//436 454//436
s 1
f 453//437 455//438 454//439
f 454//439 455//438 456//440
f 454//439 456//440 457//441
f 457//441 456//440 458//442
f 436//420 443//427 438//422
f 438//422 443//427 459//443
f 438//422 459//443 460//444
f 460//444 459//443 461//445
f 460//444 461//445 462//446
f 462//446 461//445 463//447
f 462//446 463//447 458//442
f 458//442 463//447 464//448
f 458//442 464//448 457//441
f 465//449 466//450 467//451
f 468//452 469//453 470//454
f 471//455 472//456 473//457
f 474//458 475//459 476//460
f 477//461 478//462 479//463
f 480//464 481//465 482//466
f 136//110 483//467 484//468
f 443//427 442//426 485//469
f 486//470 487//471 488//472
f 1733//473 1734//474 491//475
f 492//476 493//477 494//478
f 220//162 495//479 496//480
f 235//178 234//177 497//481
f 397//3 498//3 499//482
f 499//482 498//3 500//483
f 499//482 500//483 103//54
f 501//484 390//371 393//485
f 502//486 387//368 388//369
f 503//487 382//363 385//366
s 0
f 380//488 504//488 379//488
f 379//489 504//489 378//489
s 1
f 378//359 504//490 371//352
f 371//352 504//490 505//491
f 371//352 505//491 370//351
f 235//178 497//481 230//173
s 0
f 220//492 219//492 495//492
f 495//493 219//493 226//493
s 1
f 495//479 226//169 228//171
f 217//159 225//168 506//494
f 506//494 225//168 224//167
f 506//494 224//167 222//164
f 507//495 213//155 508//496
f 508//496 213//155 215//157
f 509//497 510//498 511//499
f 492//476 494//478 512//500
f 512//500 494//478 2010//501
f 512//500 2010//501 1905//502
f 2015//503 2013//504 517//505
f 517//505 2013//504 2014//506
f 517//505 2014//506 494//478
f 494//478 2014//506 2026//507
f 494//478 2026//507 2010//501
f 2015//503 517//505 2016//508
f 2016//508 517//505 521//509
f 2016//508 521//509 522//510
f 523//511 524//512 525//513
f 525//513 524//512 526//514
f 525//513 526//514 521//509
f 521//509 526//514 527//515
f 521//509 527//515 522//510
f 523//511 525//513 1845//516
f 1845//516 525//513 529//517
f 1845//516 529//517 1846//518
f 1864//519 1862//520 533//521
f 533//521 1862//520 1863//522
f 533//521 1863//522 529//517
f 529//517 1863//522 1884//523
f 529//517 1884//523 1846//518
f 1864//519 533//521 1865//524
f 1865//524 533//521 537//525
f 1865//524 537//525 538//526
f 539//527 540//528 541//529
f 541//529 540//528 542//530
f 541//529 542//530 537//525
f 537//525 542//530 543//531
f 537//525 543//531 538//526
f 539//527 541//529 544//532
f 544//532 541//529 545//533
f 544//532 545//533 546//534
f 546//534 545//533 1920//535
f 1920//535 545//533 548//536
f 1920//535 548//536 549//537
f 549//537 548//536 550//538
f 550//538 548//536 551//539
f 550//538 551//539 552//540
f 552//540 551//539 553//541
f 553//541 551//539 554//542
f 553//541 554//542 555//543
f 555//543 554//542 556//544
f 556//544 554//542 557//545
f 556//544 557//545 558//546
f 559//547 560//548 557//545
f 557//545 560//548 561//549
f 557//545 561//549 558//546
f 562//550 563//551 564//552
f 564//552 565//553 562//550
f 562//550 565//553 566//554
f 562//550 566//554 559//547
f 559//547 566//554 567//555
f 559//547 567//555 560//548
f 568//556 1830//557 570//558
f 570//558 1830//557 1831//559
f 570//558 1831//559 563//551
f 563//551 1831//559 1843//560
f 563//551 1843//560 564//552
f 1812//561 1813//562 575//563
f 575//563 1813//562 1808//564
f 575//563 1808//564 568//556
f 568//556 1808//564 1809//565
f 568//556 1809//565 1830//557
f 1812//561 575//563 1817//566
f 1817//566 575//563 579//567
f 1817//566 579//567 1818//568
f 1818//568 579//567 1829//569
f 1829//569 579//567 582//570
f 1829//569 582//570 1828//571
f 491//475 1734//474 584//572
f 1734//474 1774//573 584//572
f 584//572 1774//573 1769//574
f 584//572 1769//574 582//570
f 582//570 1769//574 1770//575
f 582//570 1770//575 1828//571
f 1733//473 491//475 1767//576
f 1767//576 491//475 589//577
f 1767//576 589//577 1758//578
f 1758//578 589//577 591//579
f 1758//578 591//579 1748//580
f 1748//580 591//579 1746//581
f 1746//581 591//579 594//582
f 1746//581 594//582 1747//583
f 1747//583 594//582 596//584
f 596//584 594//582 597//585
f 596//584 597//585 598//586
f 598//586 597//585 599//587
f 599//587 597//585 600//588
f 599//587 600//588 1718//589
f 1718//589 600//588 1719//590
f 1719//590 600//588 603//591
f 1719//590 603//591 1708//592
f 605//593 1735//594 603//591
f 603//591 1735//594 1709//595
f 603//591 1709//595 1708//592
f 1796//596 1797//597 605//593
f 605//593 1797//597 1801//598
f 605//593 1801//598 1735//594
f 1716//599 612//600 613//601
f 613//601 612//600 614//602
f 613//601 614//602 1796//596
f 615//603 1717//604 617//605
f 617//605 1717//604 1716//599
f 1871//606 1872//607 620//608
f 620//608 1872//607 1731//609
f 1753//610 1870//611 624//612
f 624//612 1870//611 625//613
f 624//612 625//613 1848//614
f 1761//615 1780//616 629//617
f 629//617 1780//616 1781//618
f 629//617 1781//618 1754//619
f 632//620 1710//621 634//622
f 634//622 1710//621 2008//623
f 2008//623 2009//624 634//622
f 634//622 2009//624 2011//625
s 0
f 634//626 2011//626 638//626
s 1
f 486//470 639//627 487//471
f 487//471 639//627 640//628
f 487//471 640//628 634//622
f 634//622 640//628 1776//629
f 634//622 1776//629 632//620
f 642//630 261//204 488//472
f 488//472 261//204 643//631
f 488//472 643//631 486//470
f 252//195 253//196 644//632
f 644//632 253//196 257//200
f 644//632 257//200 642//630
f 642//630 257//200 259//202
f 642//630 259//202 261//204
f 252//195 644//632 254//197
f 254//197 644//632 645//633
f 254//197 645//633 255//198
f 646//634 246//189 256//199
f 246//189 646//634 248//191
f 248//191 646//634 647//635
f 248//191 647//635 249//192
f 441//425 239//182 648//636
f 648//636 239//182 241//184
f 648//636 241//184 647//635
f 647//635 241//184 243//186
f 647//635 243//186 249//192
s 0
f 443//637 485//637 459//637
s 1
f 461//445 649//638 463//447
f 463//447 649//638 650//639
f 463//447 650//639 651//640
f 452//641 454//439 651//640
f 454//439 457//441 651//640
f 651//640 457//441 464//448
f 651//640 464//448 463//447
f 651//640 652//642 452//641
f 452//641 652//642 653//643
f 452//641 653//643 450//644
f 444//645 446//646 653//643
f 653//643 446//646 448//647
f 653//643 448//647 450//644
f 444//645 653//643 654//27
f 654//27 653//643 655//648
f 654//27 655//648 656//649
f 656//649 655//648 161//147
f 656//649 161//147 162//149
f 657//650 159//144 160//146
f 658//651 157//141 158//143
f 659//652 155//138 156//140
f 152//134 153//135 660//653
f 660//653 153//135 154//137
f 661//654 150//131 662//655
f 662//655 150//131 151//132
f 662//655 151//132 152//134
f 663//656 148//128 661//654
f 661//654 148//128 149//129
f 661//654 149//129 150//131
f 664//657 146//125 663//656
f 663//656 146//125 147//126
f 663//656 147//126 148//128
f 483//467 136//110 665//658
f 136//110 135//109 665//658
f 665//658 135//109 139//114
f 665//658 139//114 666//659
f 666//659 139//114 140//116
f 666//659 140//116 667//660
f 667//660 140//116 141//117
f 667//660 141//117 668//661
f 668//661 141//117 142//119
f 668//661 142//119 669//662
f 669//662 142//119 143//120
f 669//662 143//120 670//663
f 670//663 143//120 144//122
f 670//663 144//122 664//657
f 664//657 144//122 145//123
f 664//657 145//123 146//125
f 671//664 1732//665 672//666
f 672//666 1732//665 138//667
f 672//666 1743//113 484//468
f 484//468 1743//113 137//112
f 484//468 137//112 136//110
f 1696//668 1695//104 671//664
f 671//664 1695//104 133//106
f 671//664 133//106 134//108
f 674//669 128//98 675//670
f 675//670 128//98 1702//671
f 675//670 1702//671 1696//668
s 0
f 673//672 127//672 131//672
f 673//672 131//672 132//672
s 1
f 676//673 130//100 674//669
f 674//669 130//100 129//99
f 674//669 129//99 128//98
f 118//78 117//77 677//674
f 677//674 117//77 120//81
f 677//674 120//81 678//675
f 678//675 120//81 119//80
f 678//675 119//80 679//676
f 679//676 119//80 122//85
f 679//676 122//85 680//677
f 680//677 122//85 121//84
f 680//677 121//84 681//678
f 681//678 121//84 124//90
f 681//678 124//90 682//679
f 682//679 124//90 123//88
f 682//679 123//88 683//680
f 683//680 123//88 126//94
f 683//680 126//94 676//673
f 676//673 126//94 125//93
f 676//673 125//93 130//100
f 116//75 115//74 684//681
f 684//681 115//74 118//78
f 114//72 113//71 685//682
f 685//682 113//71 116//75
f 686//683 112//69 687//684
f 687//684 112//69 111//68
f 687//684 111//68 114//72
f 688//685 110//66 686//683
f 686//683 110//66 109//65
f 686//683 109//65 112//69
f 689//686 108//63 688//685
f 688//685 108//63 107//62
f 688//685 107//62 110//66
f 103//54 104//56 499//482
f 499//482 104//56 106//60
f 499//482 106//60 689//686
f 689//686 106//60 105//59
f 689//686 105//59 108//63
f 690//687 503//487 691//688
f 692//689 691//688 693//690
f 693//690 691//688 503//487
f 693//690 503//487 502//486
f 502//486 503//487 385//366
f 502//486 385//366 387//368
f 694//691 692//689 695//692
f 695//692 692//689 693//690
f 695//692 693//690 696//693
f 696//693 693//690 502//486
f 696//693 502//486 501//484
f 501//484 502//486 388//369
f 501//484 388//369 390//371
f 697//694 694//691 698//695
f 698//695 694//691 695//692
f 698//695 695//692 699//696
f 699//696 695//692 696//693
f 699//696 696//693 700//697
f 700//697 696//693 501//484
f 700//697 501//484 701//698
f 701//698 501//484 393//485
f 701//698 393//485 395//699
f 687//684 697//694 686//683
f 686//683 697//694 698//695
f 686//683 698//695 688//685
f 688//685 698//695 699//696
f 688//685 699//696 689//686
f 689//686 699//696 700//697
f 689//686 700//697 499//482
f 499//482 700//697 701//698
f 499//482 701//698 397//3
f 397//3 701//698 395//699
f 118//78 677//674 684//681
f 684//681 677//674 702//700
f 684//681 702//700 703//701
f 663//656 704//702 664//657
f 664//657 704//702 705//703
f 664//657 705//703 670//663
f 670//663 705//703 706//704
f 670//663 706//704 669//662
f 669//662 706//704 707//705
f 669//662 707//705 668//661
f 668//661 707//705 708//706
f 668//661 708//706 667//660
f 667//660 708//706 709//707
f 667//660 709//707 666//659
f 666//659 709//707 710//708
f 666//659 710//708 665//658
f 665//658 710//708 711//709
f 665//658 711//709 483//467
f 483//467 711//709 712//710
f 483//467 712//710 484//468
f 484//468 712//710 713//711
f 484//468 713//711 672//666
f 672//666 713//711 714//712
f 672//666 714//712 671//664
f 671//664 714//712 715//713
f 671//664 715//713 1696//668
f 1696//668 715//713 716//714
f 1696//668 716//714 675//670
f 675//670 716//714 717//715
f 675//670 717//715 674//669
f 674//669 717//715 718//716
f 674//669 718//716 676//673
f 676//673 718//716 719//717
f 676//673 719//717 683//680
f 683//680 719//717 720//718
f 683//680 720//718 682//679
f 682//679 720//718 721//719
f 682//679 721//719 681//678
f 681//678 721//719 722//720
f 681//678 722//720 680//677
f 680//677 722//720 723//721
f 680//677 723//721 679//676
f 679//676 723//721 724//722
f 679//676 724//722 678//675
f 678//675 724//722 725//723
f 678//675 725//723 677//674
f 677//674 725//723 726//724
f 677//674 726//724 702//700
f 662//655 727//725 661//654
f 661//654 727//725 728//726
f 661//654 728//726 663//656
f 663//656 728//726 729//727
f 663//656 729//727 704//702
f 1796//596 605//593 613//601
f 613//601 605//593 730//728
f 613//601 730//728 731//729
f 1848//614 1871//606 624//612
f 624//612 1871//606 620//608
f 624//612 620//608 732//730
f 732//730 620//608 733//731
f 732//730 733//731 734//732
f 734//732 733//731 735//733
f 734//732 735//733 736//734
f 1754//619 1753//610 629//617
f 629//617 1753//610 624//612
f 629//617 624//612 737//735
f 737//735 624//612 732//730
f 737//735 732//730 738//736
f 738//736 732//730 734//732
f 738//736 734//732 739//737
f 739//737 734//732 736//734
f 739//737 736//734 740//738
f 469//453 468//452 741//739
f 741//739 468//452 742//740
f 741//739 742//740 743//741
f 743//741 742//740 744//742
f 743//741 744//742 745//743
f 745//743 744//742 746//744
f 745//743 746//744 747//745
f 747//745 746//744 748//746
f 747//745 748//746 749//747
f 749//747 748//746 750//748
f 749//747 750//748 751//749
f 751//749 750//748 660//653
f 751//749 660//653 659//652
f 659//652 660//653 154//137
f 659//652 154//137 155//138
f 472//456 471//455 752//750
f 752//750 471//455 753//751
f 752//750 753//751 754//752
f 754//752 753//751 755//753
f 754//752 755//753 756//754
f 756//754 755//753 757//755
f 756//754 757//755 758//756
f 758//756 757//755 759//757
f 758//756 759//757 760//758
f 760//758 759//757 761//759
f 760//758 761//759 762//760
f 762//760 761//759 763//761
f 762//760 763//761 764//762
f 764//762 763//761 765//763
f 764//762 765//763 766//764
f 766//764 765//763 658//651
f 766//764 658//651 657//650
f 657//650 658//651 158//143
f 657//650 158//143 159//144
f 1762//765 1761//615 768//766
f 768//766 1761//615 629//617
f 768//766 629//617 769//767
f 769//767 629//617 737//735
f 769//767 737//735 770//768
f 770//768 737//735 738//736
f 770//768 738//736 771//769
f 771//769 738//736 739//737
f 771//769 739//737 772//770
f 772//770 739//737 740//738
f 772//770 740//738 773//771
f 638//772 1762//765 634//622
f 634//622 1762//765 768//766
f 634//622 768//766 487//471
f 487//471 768//766 769//767
f 487//471 769//767 488//472
f 488//472 769//767 770//768
f 488//472 770//768 642//630
f 642//630 770//768 771//769
f 642//630 771//769 644//632
f 644//632 771//769 772//770
f 644//632 772//770 645//633
f 645//633 772//770 773//771
f 645//633 773//771 774//773
f 1716//599 613//601 617//605
f 617//605 613//601 731//729
f 617//605 731//729 775//774
f 775//774 731//729 776//775
f 775//774 776//775 777//776
f 777//776 776//775 778//777
f 777//776 778//777 779//778
f 779//778 778//777 780//779
f 779//778 780//779 781//780
f 781//780 780//779 782//781
f 781//780 782//781 783//782
f 783//782 782//781 784//783
f 783//782 784//783 785//784
f 785//784 784//783 649//638
f 785//784 649//638 485//469
f 485//469 649//638 461//445
s 0
f 485//785 461//785 459//785
f 256//786 255//786 646//786
s 1
f 646//634 255//198 645//633
f 646//634 645//633 647//635
f 647//635 645//633 774//773
f 647//635 774//773 648//636
f 1731//609 615//603 620//608
f 620//608 615//603 617//605
f 620//608 617//605 733//731
f 733//731 617//605 775//774
f 733//731 775//774 735//733
f 735//733 775//774 777//776
f 735//733 777//776 736//734
f 736//734 777//776 779//778
f 736//734 779//778 740//738
f 740//738 779//778 781//780
f 740//738 781//780 773//771
f 773//771 781//780 783//782
f 773//771 783//782 774//773
f 774//773 783//782 785//784
f 774//773 785//784 648//636
f 648//636 785//784 485//469
f 648//636 485//469 441//425
f 441//425 485//469 442//426
f 786//787 509//497 787//788
f 787//788 509//497 511//499
f 787//788 511//499 788//789
f 788//789 511//499 789//790
f 788//789 789//790 790//791
f 790//791 789//790 791//792
f 790//791 791//792 792//793
f 792//793 791//792 793//794
f 792//793 793//794 794//795
f 794//795 793//794 795//796
f 794//795 795//796 796//797
f 796//797 795//796 797//798
f 796//797 797//798 798//799
f 382//363 503//487 380//361
f 380//361 503//487 690//687
f 380//361 690//687 504//490
f 504//490 690//687 799//800
f 504//490 799//800 505//491
f 116//75 684//681 685//682
f 685//682 684//681 703//701
f 685//682 703//701 800//801
f 800//801 703//701 801//802
f 800//801 801//802 802//803
f 802//803 801//802 803//804
f 802//803 803//804 804//805
f 804//805 803//804 805//806
f 804//805 805//806 806//807
f 806//807 805//806 807//808
f 806//807 807//808 808//809
f 808//809 807//808 809//810
f 808//809 809//810 810//811
f 481//465 480//464 811//812
f 811//812 480//464 812//813
f 811//812 812//813 813//814
f 813//814 812//813 814//815
f 813//814 814//815 815//816
f 727//725 474//458 728//726
f 728//726 474//458 476//460
f 728//726 476//460 729//727
f 729//727 476//460 816//817
f 729//727 816//817 704//702
f 704//702 816//817 817//818
f 704//702 817//818 705//703
f 705//703 817//818 818//819
f 705//703 818//819 706//704
f 706//704 818//819 819//820
f 706//704 819//820 707//705
f 707//705 819//820 820//821
f 707//705 820//821 708//706
f 708//706 820//821 821//822
f 708//706 821//822 709//707
f 709//707 821//822 822//823
f 709//707 822//823 710//708
f 710//708 822//823 823//824
f 710//708 823//824 711//709
f 711//709 823//824 824//825
f 711//709 824//825 712//710
f 712//710 824//825 825//826
f 712//710 825//826 713//711
f 713//711 825//826 826//827
f 713//711 826//827 714//712
f 714//712 826//827 827//828
f 714//712 827//828 715//713
f 715//713 827//828 828//829
f 715//713 828//829 716//714
f 716//714 828//829 829//830
f 716//714 829//830 717//715
f 717//715 829//830 830//831
f 717//715 830//831 718//716
f 718//716 830//831 831//832
f 718//716 831//832 719//717
f 719//717 831//832 832//833
f 719//717 832//833 720//718
f 720//718 832//833 833//834
f 720//718 833//834 721//719
f 721//719 833//834 834//835
f 721//719 834//835 722//720
f 722//720 834//835 835//836
f 722//720 835//836 723//721
f 723//721 835//836 836//837
f 723//721 836//837 724//722
f 724//722 836//837 837//838
f 724//722 837//838 725//723
f 725//723 837//838 838//839
f 725//723 838//839 726//724
f 726//724 838//839 839//840
f 726//724 839//840 702//700
f 702//700 839//840 840//841
f 702//700 840//841 703//701
f 703//701 840//841 482//466
f 703//701 482//466 801//802
f 801//802 482//466 481//465
f 801//802 481//465 803//804
f 803//804 481//465 811//812
f 803//804 811//812 805//806
f 805//806 811//812 813//814
f 805//806 813//814 807//808
f 807//808 813//814 815//816
f 807//808 815//816 809//810
f 228//171 230//173 495//479
f 495//479 230//173 497//481
f 495//479 497//481 496//480
f 496//480 497//481 841//842
f 496//480 841//842 842//843
f 842//843 841//842 843//844
f 842//843 843//844 844//845
f 844//845 843//844 845//846
f 844//845 845//846 846//847
f 846//847 845//846 847//848
f 846//847 847//848 848//849
f 848//849 847//848 849//850
f 848//849 849//850 850//851
f 850//851 849//850 851//852
f 850//851 851//852 852//853
f 114//72 685//682 687//684
f 687//684 685//682 800//801
f 687//684 800//801 697//694
f 697//694 800//801 802//803
f 697//694 802//803 694//691
f 694//691 802//803 804//805
f 694//691 804//805 692//689
f 692//689 804//805 806//807
f 692//689 806//807 691//688
f 691//688 806//807 808//809
f 691//688 808//809 690//687
f 690//687 808//809 810//811
f 690//687 810//811 799//800
f 215//157 217//159 508//496
f 508//496 217//159 506//494
f 508//496 506//494 853//854
f 853//854 506//494 854//855
f 853//854 854//855 855//856
f 855//856 854//855 856//857
f 855//856 856//857 857//858
f 857//858 856//857 858//859
f 857//858 858//859 859//860
f 859//860 858//859 860//861
f 859//860 860//861 861//862
f 861//862 860//861 862//863
f 861//862 862//863 863//864
f 493//477 786//787 494//478
f 494//478 786//787 787//788
f 494//478 787//788 517//505
f 517//505 787//788 788//789
f 517//505 788//789 521//509
f 521//509 788//789 790//791
f 521//509 790//791 525//513
f 525//513 790//791 792//793
f 525//513 792//793 529//517
f 529//517 792//793 794//795
f 529//517 794//795 533//521
f 533//521 794//795 796//797
f 533//521 796//797 537//525
f 537//525 796//797 798//799
f 537//525 798//799 541//529
f 798//799 864//865 541//529
f 541//529 864//865 865//866
f 541//529 865//866 545//533
f 545//533 865//866 866//867
f 545//533 866//867 548//536
f 548//536 866//867 867//868
f 548//536 867//868 551//539
f 551//539 867//868 868//869
f 551//539 868//869 554//542
f 554//542 868//869 869//870
f 554//542 869//870 557//545
f 557//545 869//870 870//871
f 557//545 870//871 559//547
f 559//547 870//871 871//872
f 559//547 871//872 562//550
f 562//550 871//872 872//873
f 562//550 872//873 563//551
f 563//551 872//873 873//874
f 563//551 873//874 570//558
f 570//558 873//874 874//875
f 570//558 874//875 568//556
f 568//556 874//875 875//876
f 568//556 875//876 575//563
f 575//563 875//876 876//877
f 575//563 876//877 579//567
f 579//567 876//877 877//878
f 579//567 877//878 582//570
f 582//570 877//878 878//879
f 582//570 878//879 584//572
f 584//572 878//879 879//880
f 584//572 879//880 491//475
f 491//475 879//880 880//881
f 491//475 880//881 589//577
f 589//577 880//881 881//882
f 589//577 881//882 591//579
f 591//579 881//882 882//883
f 591//579 882//883 594//582
f 594//582 882//883 883//884
f 594//582 883//884 597//585
f 597//585 883//884 884//885
f 597//585 884//885 600//588
f 600//588 884//885 885//886
f 600//588 885//886 603//591
f 603//591 885//886 886//887
f 603//591 886//887 605//593
f 605//593 886//887 887//888
f 605//593 887//888 730//728
f 222//164 220//162 506//494
f 506//494 220//162 496//480
f 506//494 496//480 854//855
f 854//855 496//480 842//843
f 854//855 842//843 856//857
f 856//857 842//843 844//845
f 856//857 844//845 858//859
f 858//859 844//845 846//847
f 858//859 846//847 860//861
f 860//861 846//847 848//849
f 860//861 848//849 862//863
f 862//863 848//849 850//851
f 862//863 850//851 863//864
f 863//864 850//851 852//853
f 863//864 852//853 888//889
f 888//889 852//853 889//890
f 888//889 889//890 890//891
f 890//891 889//890 891//892
f 890//891 891//892 892//893
f 892//893 891//892 893//894
f 892//893 893//894 894//895
f 894//895 893//894 895//896
f 894//895 895//896 896//897
f 896//897 895//896 897//898
f 896//897 897//898 898//899
f 898//899 897//898 899//900
f 898//899 899//900 900//901
f 900//901 899//900 901//902
f 900//901 901//902 902//903
f 902//903 901//902 903//904
f 902//903 903//904 904//905
f 904//905 903//904 905//906
f 904//905 905//906 906//907
f 906//907 905//906 907//908
f 906//907 907//908 908//909
f 908//909 907//908 909//910
f 908//909 909//910 910//911
f 910//911 909//910 911//912
f 910//911 911//912 912//913
f 912//913 911//912 913//914
f 912//913 913//914 914//915
f 914//915 913//914 915//916
f 914//915 915//916 916//917
f 916//917 915//916 917//918
f 916//917 917//918 918//919
f 918//919 917//918 919//920
f 918//919 919//920 920//921
f 920//921 919//920 921//922
f 920//921 921//922 922//923
f 922//923 921//922 923//924
f 922//923 923//924 924//925
f 924//925 923//924 925//926
f 924//925 925//926 926//927
f 926//927 925//926 927//928
f 926//927 927//928 928//929
f 928//929 927//928 929//930
f 928//929 929//930 930//931
f 930//931 929//930 931//932
f 930//931 931//932 932//933
f 932//933 931//932 933//934
f 932//933 933//934 934//935
f 934//935 933//934 935//936
f 934//935 935//936 936//937
f 936//937 935//936 937//938
f 936//937 937//938 473//457
f 473//457 937//938 470//454
f 473//457 470//454 471//455
f 471//455 470//454 469//453
f 471//455 469//453 753//751
f 753//751 469//453 741//739
f 753//751 741//739 755//753
f 755//753 741//739 743//741
f 755//753 743//741 757//755
f 757//755 743//741 745//743
f 757//755 745//743 759//757
f 759//757 745//743 747//745
f 759//757 747//745 761//759
f 761//759 747//745 749//747
f 761//759 749//747 763//761
f 763//761 749//747 751//749
f 763//761 751//749 765//763
f 765//763 751//749 659//652
f 765//763 659//652 658//651
f 658//651 659//652 156//140
f 658//651 156//140 157//141
f 510//498 507//495 511//499
f 511//499 507//495 508//496
f 511//499 508//496 789//790
f 789//790 508//496 853//854
f 789//790 853//854 791//792
f 791//792 853//854 855//856
f 791//792 855//856 793//794
f 793//794 855//856 857//858
f 793//794 857//858 795//796
f 795//796 857//858 859//860
f 795//796 859//860 797//798
f 797//798 859//860 861//862
f 797//798 861//862 798//799
f 798//799 861//862 863//864
f 798//799 863//864 864//865
f 864//865 863//864 888//889
f 864//865 888//889 865//866
f 865//866 888//889 890//891
f 865//866 890//891 866//867
f 866//867 890//891 892//893
f 866//867 892//893 867//868
f 867//868 892//893 894//895
f 867//868 894//895 868//869
f 868//869 894//895 896//897
f 868//869 896//897 869//870
f 869//870 896//897 898//899
f 869//870 898//899 870//871
f 870//871 898//899 900//901
f 870//871 900//901 871//872
f 871//872 900//901 902//903
f 871//872 902//903 872//873
f 872//873 902//903 904//905
f 872//873 904//905 873//874
f 873//874 904//905 906//907
f 873//874 906//907 874//875
f 874//875 906//907 908//909
f 874//875 908//909 875//876
f 875//876 908//909 910//911
f 875//876 910//911 876//877
f 876//877 910//911 912//913
f 876//877 912//913 877//878
f 877//878 912//913 914//915
f 877//878 914//915 878//879
f 878//879 914//915 916//917
f 878//879 916//917 879//880
f 879//880 916//917 918//919
f 879//880 918//919 880//881
f 880//881 918//919 920//921
f 880//881 920//921 881//882
f 881//882 920//921 922//923
f 881//882 922//923 882//883
f 882//883 922//923 924//925
f 882//883 924//925 883//884
f 883//884 924//925 926//927
f 883//884 926//927 884//885
f 884//885 926//927 928//929
f 884//885 928//929 885//886
f 885//886 928//929 930//931
f 885//886 930//931 886//887
f 886//887 930//931 932//933
f 886//887 932//933 887//888
f 887//888 932//933 934//935
f 887//888 934//935 730//728
f 730//728 934//935 936//937
f 730//728 936//937 731//729
f 731//729 936//937 473//457
f 731//729 473//457 776//775
f 776//775 473//457 472//456
f 776//775 472//456 778//777
f 778//777 472//456 752//750
f 778//777 752//750 780//779
f 780//779 752//750 754//752
f 780//779 754//752 782//781
f 782//781 754//752 756//754
f 782//781 756//754 784//783
f 784//783 756//754 758//756
f 784//783 758//756 649//638
f 649//638 758//756 760//758
f 649//638 760//758 650//639
f 650//639 760//758 762//760
f 650//639 762//760 651//640
f 651//640 762//760 764//762
f 651//640 764//762 652//642
f 652//642 764//762 766//764
f 652//642 766//764 653//643
f 653//643 766//764 657//650
f 653//643 657//650 655//648
f 655//648 657//650 160//146
f 655//648 160//146 161//147
f 475//459 477//461 476//460
f 476//460 477//461 479//463
f 476//460 479//463 816//817
f 816//817 479//463 938//939
f 816//817 938//939 817//818
f 817//818 938//939 939//940
f 817//818 939//940 818//819
f 818//819 939//940 940//941
f 818//819 940//941 819//820
f 819//820 940//941 941//942
f 819//820 941//942 820//821
f 820//821 941//942 942//943
f 820//821 942//943 821//822
f 821//822 942//943 943//944
f 821//822 943//944 822//823
f 822//823 943//944 944//945
f 822//823 944//945 823//824
f 823//824 944//945 945//946
f 823//824 945//946 824//825
f 824//825 945//946 946//947
f 824//825 946//947 825//826
f 825//826 946//947 947//948
f 825//826 947//948 826//827
f 826//827 947//948 948//949
f 826//827 948//949 827//828
f 827//828 948//949 949//950
f 827//828 949//950 828//829
f 828//829 949//950 950//951
f 828//829 950//951 829//830
f 829//830 950//951 951//952
f 829//830 951//952 830//831
f 830//831 951//952 952//953
f 830//831 952//953 831//832
f 831//832 952//953 953//954
f 831//832 953//954 832//833
f 832//833 953//954 954//955
f 832//833 954//955 833//834
f 833//834 954//955 955//956
f 833//834 955//956 834//835
f 834//835 955//956 956//957
f 834//835 956//957 835//836
f 835//836 956//957 957//958
f 835//836 957//958 836//837
f 836//837 957//958 958//959
f 836//837 958//959 837//838
f 837//838 958//959 959//960
f 837//838 959//960 838//839
f 838//839 959//960 960//961
f 838//839 960//961 839//840
f 839//840 960//961 961//962
f 839//840 961//962 840//841
f 840//841 961//962 962//963
f 840//841 962//963 482//466
f 482//466 962//963 467//451
f 482//466 467//451 480//464
f 480//464 467//451 466//450
f 480//464 466//450 812//813
f 812//813 466//450 465//449
f 812//813 465//449 814//815
f 152//134 660//653 662//655
f 662//655 660//653 750//748
f 662//655 750//748 727//725
f 727//725 750//748 748//746
f 727//725 748//746 474//458
f 474//458 748//746 746//744
f 474//458 746//744 475//459
f 475//459 746//744 744//742
f 475//459 744//742 477//461
f 477//461 744//742 742//740
f 477//461 742//740 478//462
f 478//462 742//740 468//452
f 478//462 468//452 479//463
f 479//463 468//452 470//454
f 479//463 470//454 938//939
f 938//939 470//454 937//938
f 938//939 937//938 939//940
f 939//940 937//938 935//936
f 939//940 935//936 940//941
f 940//941 935//936 933//934
f 940//941 933//934 941//942
f 941//942 933//934 931//932
f 941//942 931//932 942//943
f 942//943 931//932 929//930
f 942//943 929//930 943//944
f 943//944 929//930 927//928
f 943//944 927//928 944//945
f 944//945 927//928 925//926
f 944//945 925//926 945//946
f 945//946 925//926 923//924
f 945//946 923//924 946//947
f 946//947 923//924 921//922
f 946//947 921//922 947//948
f 947//948 921//922 919//920
f 947//948 919//920 948//949
f 948//949 919//920 917//918
f 948//949 917//918 949//950
f 949//950 917//918 915//916
f 949//950 915//916 950//951
f 950//951 915//916 913//914
f 950//951 913//914 951//952
f 951//952 913//914 911//912
f 951//952 911//912 952//953
f 952//953 911//912 909//910
f 952//953 909//910 953//954
f 953//954 909//910 907//908
f 953//954 907//908 954//955
f 954//955 907//908 905//906
f 954//955 905//906 955//956
f 955//956 905//906 903//904
f 955//956 903//904 956//957
f 956//957 903//904 901//902
f 956//957 901//902 957//958
f 957//958 901//902 899//900
f 957//958 899//900 958//959
f 958//959 899//900 897//898
f 958//959 897//898 959//960
f 959//960 897//898 895//896
f 959//960 895//896 960//961
f 960//961 895//896 893//894
f 960//961 893//894 961//962
f 961//962 893//894 891//892
f 961//962 891//892 962//963
f 962//963 891//892 889//890
f 962//963 889//890 467//451
f 467//451 889//890 852//853
f 467//451 852//853 465//449
f 465//449 852//853 851//852
f 465//449 851//852 814//815
f 814//815 851//852 849//850
f 814//815 849//850 815//816
f 815//816 849//850 847//848
f 815//816 847//848 809//810
f 809//810 847//848 845//846
f 809//810 845//846 810//811
f 810//811 845//846 843//844
f 810//811 843//844 799//800
f 799//800 843//844 841//842
f 799//800 841//842 505//491
f 505//491 841//842 497//481
f 505//491 497//481 370//351
f 370//351 497//481 234//177
f 370//351 234//177 232//175
f 213//155 507//495 214//156
f 214//156 507//495 510//498
f 214//156 510//498 1009//964
s 0
f 1009//965 510//965 509//965
f 1009//966 509//966 1010//966
f 1010//967 509//967 786//967
f 1010//968 786//968 1011//968
f 1011//969 786//969 493//969
f 1011//970 493//970 1908//970
f 1908//971 493//971 492//971
f 492//972 512//972 1908//972
s 1
f 1908//973 512//500 1905//502
s 0
f 1012//974 1906//974 1930//974
s 1
f 1712//975 2008//623 1710//621
f 261//204 260//203 643//631
f 643//631 260//203 1060//976
f 643//631 1060//976 486//470
s 0
f 633//977 2025//977 1711//977
s 1
f 1711//978 2025//979 1775//980
f 1713//981 641//982 1764//983
s 0
f 1061//984 1059//984 2020//984
f 2020//985 1059//985 1763//985
f 2020//986 1763//986 1752//986
f 1752//987 1763//987 1751//987
s 1
f 1060//976 639//627 486//470
f 1063//988 1064//989 1065//990
f 1066//991 1067//992 1068//993
f 1069//994 1070//995 1071//996
f 1072//997 1073//998 1074//999
f 1075//1000 1076//1001 1077//1002
f 1078//1003 1079//1004 1080//1005
f 1081//1006 1082//1007 1083//1008
f 1065//990 1064//989 1084//1009
f 1085//1010 1086//1011 1087//1012
f 1087//1012 1086//1011 1088//1013
f 1089//1014 1090//1015 1091//1016
f 1092//1017 1093//1018 1094//1019
f 1093//1018 1095//1020 1096//1021
f 1097//1022 1098//1023 1099//1024
f 1100//1025 1101//1026 1102//1027
f 1103//1028 1104//1029 1105//1030
f 1106//1031 1107//1032 1108//1033
f 1109//1034 1110//1035 1111//1036
f 282//231 281//230 1088//1013
f 289//242 288//241 1089//1014
f 307//268 1112//1037 1113//1038
f 265//208 264//207 1114//1039
f 377//358 376//357 1115//1040
f 372//353 374//355 1116//1041
f 1117//1042 1118//1043 1119//1044
f 1120//1045 1121//1046 1122//1047
f 432//416 433//417 1123//1048
s 0
f 422//1049 421//1049 1124//1049
f 1124//1050 421//1050 428//1050
f 1124//1051 428//1051 1123//1051
s 1
f 1123//1048 428//412 430//414
f 1123//1048 430//414 432//416
f 424//407 1125//1052 426//409
f 426//409 1125//1052 1126//1053
f 426//409 1126//1053 427//411
f 427//411 1126//1053 1924//402
f 1924//402 1126//1053 1127//1054
f 1924//402 1127//1054 417//400
f 417//400 1127//1054 237//180
f 237//180 1127//1054 1128//1055
f 237//180 1128//1055 238//181
f 1129//1056 1130//1057 1128//1055
f 1128//1055 1130//1057 1131//1058
f 1128//1055 1131//1058 238//181
f 1121//1046 1132//1059 1133//1060
f 1133//1060 1132//1059 1134//1061
f 1133//1060 1134//1061 1129//1056
f 1129//1056 1134//1061 1135//1062
f 1129//1056 1135//1062 1130//1057
f 1122//1047 1121//1046 1136//1063
f 1137//1064 1138//1065 1139//1066
f 1139//1066 1140//1067 1137//1064
f 1137//1064 1140//1067 1141//1068
f 1137//1064 1141//1068 1142//1069
s 0
f 1142//1070 1143//1070 1137//1070
f 1137//1071 1143//1071 1144//1071
s 1
f 1137//1064 1144//1072 1122//1047
f 1122//1047 1144//1072 1145//1073
f 1122//1047 1145//1073 1120//1045
s 0
f 1146//1074 1147//1074 1148//1074
s 1
f 1148//1075 1147//1076 1149//1077
f 1148//1075 1149//1077 1150//1078
f 1151//1079 1152//1080 1153//1081
f 1153//1081 1154//1082 1151//1079
f 1151//1079 1154//1082 1155//1083
f 1151//1079 1155//1083 1148//1075
s 0
f 1148//1084 1155//1084 1156//1084
f 1148//1085 1156//1085 1146//1085
s 1
f 1157//1086 1158//1087 1151//1079
f 1151//1079 1158//1087 1159//1088
f 1151//1079 1159//1088 1152//1080
f 209//150 211//152 1160//1089
f 1160//1089 211//152 212//1090
f 1160//1089 212//1090 1161//1091
f 1861//395 410//1092 1162//1093
f 1162//1093 410//1092 1821//399
f 404//384 412//391 1163//1094
f 1163//1094 412//391 414//393
f 402//382 408//388 1164//1095
s 0
f 1164//1096 408//1096 407//1096
s 1
f 1165//1097 399//379 403//383
f 389//370 386//367 1109//1034
f 1109//1034 386//367 384//365
f 1109//1034 384//365 1110//1035
f 1110//1035 384//365 383//364
f 1110//1035 383//364 1115//1040
f 1115//1040 383//364 381//362
s 0
f 1115//1098 381//1098 377//1098
s 1
f 392//1099 391//1100 1166//1101
f 396//1102 394//1103 1167//1104
f 498//3 397//3 1168//1105
f 1168//1105 397//3 1169//1106
f 498//3 1168//1105 500//483
f 500//483 1168//1105 368//349
f 500//483 368//349 103//54
f 365//344 364//343 1168//1105
f 1168//1105 364//343 369//350
f 1168//1105 369//350 368//349
f 362//340 363//1107 1170//1108
s 0
f 1170//1109 363//1109 367//1109
s 1
f 1170//1108 367//347 366//346
f 1171//1110 360//338 359//337
f 357//336 356//335 1172//1111
f 1172//1111 356//335 355//334
f 1172//1111 355//334 1171//1110
f 1171//1110 355//334 361//339
f 1171//1110 361//339 360//338
s 0
f 353//1112 351//1112 1173//1112
s 1
f 1173//1113 351//328 352//329
f 1173//1113 352//329 1172//1111
f 1172//1111 352//329 358//336
f 1172//1111 358//336 357//336
f 349//326 348//325 1174//1114
f 1174//1114 348//325 347//324
f 1174//1114 347//324 1173//1113
f 1173//1113 347//324 354//332
f 1173//1113 354//332 353//331
f 341//315 346//322 1175//1115
f 1175//1115 346//322 345//321
f 1175//1115 345//321 1174//1114
f 1174//1114 345//321 350//327
f 1174//1114 350//327 349//326
f 341//315 1175//1115 342//316
f 342//316 1175//1115 1176//1116
f 342//316 1176//1116 343//318
f 339//313 338//312 1176//1116
f 1176//1116 338//312 344//319
f 1176//1116 344//319 343//318
f 339//313 1176//1116 340//314
f 340//314 1176//1116 1177//1117
f 340//314 1177//1117 262//205
f 337//310 336//309 1178//1118
f 1178//1118 336//309 335//308
f 1178//1118 335//308 1177//1117
f 1177//1117 335//308 263//205
f 1177//1117 263//205 262//205
f 337//310 1178//1118 331//303
f 331//303 1178//1118 1179//1119
f 331//303 1179//1119 332//304
f 333//306 1180//1120 334//307
f 334//307 1180//1120 327//296
f 323//302 330//301 1181//1121
f 1181//1121 330//301 329//299
f 1114//1039 264//207 1182//1122
f 264//207 326//295 1182//1122
f 1182//1122 326//295 325//294
f 1182//1122 325//294 1181//1121
f 1181//1121 325//294 324//293
f 1181//1121 324//293 323//302
f 317//284 316//290 1183//1123
f 1183//1123 316//290 322//289
f 1183//1123 322//289 1184//1124
f 1184//1124 322//289 321//288
f 1184//1124 321//288 1114//1039
f 1114//1039 321//288 320//287
f 1114//1039 320//287 265//208
f 317//284 1183//1123 318//285
f 318//285 1183//1123 1185//1125
f 318//285 1185//1125 319//286
f 319//286 1185//1125 310//272
f 310//272 1185//1125 1186//1126
f 310//272 1186//1126 311//273
f 1187//1127 313//277 1186//1126
f 1186//1126 313//277 312//276
f 1186//1126 312//276 311//273
f 307//268 306//1128 1112//1037
f 1112//1037 306//1128 315//279
f 1112//1037 315//279 1187//1127
f 1187//1127 315//279 314//278
f 1187//1127 314//278 313//277
f 303//262 302//271 1188//1129
f 1188//1129 302//271 309//270
f 1188//1129 309//270 1113//1038
f 1113//1038 309//270 308//269
f 1113//1038 308//269 307//268
f 303//262 1188//1129 304//263
f 304//263 1188//1129 1189//1130
f 304//263 1189//1130 305//264
f 305//264 1189//1130 298//265
f 298//265 1189//1130 1190//1131
f 298//265 1190//1131 299//256
f 295//250 294//259 1191//1132
f 1191//1132 294//259 301//258
f 1191//1132 301//258 1190//1131
f 1190//1131 301//258 300//257
f 1190//1131 300//257 299//256
f 293//1133 297//252 1090//1015
f 1090//1015 297//252 296//251
f 288//241 287//239 1089//1014
f 1089//1014 287//239 286//238
f 1089//1014 286//238 1090//1015
f 1090//1015 286//238 292//245
f 1090//1015 292//245 293//1133
f 285//237 291//244 1087//1012
f 1087//1012 291//244 290//243
f 281//230 267//211 1088//1013
f 1088//1013 267//211 266//210
f 1088//1013 266//210 1087//1012
f 1087//1012 266//210 284//235
f 1087//1012 284//235 285//237
f 268//213 279//227 1192//1134
f 1192//1134 279//227 280//229
f 1192//1134 280//229 283//233
f 277//225 276//224 1193//1135
f 1193//1135 276//224 269//214
f 270//216 274//221 1194//1136
f 1194//1136 274//221 275//223
f 1194//1136 275//223 278//226
s 0
f 1195//1137 273//1137 271//1137
s 1
f 1195//1138 654//27 656//649
f 273//220 1195//1138 272//219
f 272//219 1195//1138 656//649
f 272//219 656//649 162//149
f 449//1139 447//1140 1196//1141
f 1196//1141 447//1140 445//1142
f 1196//1141 445//1142 444//645
f 1197//1143 451//1144 449//1139
f 1198//1145 455//438 453//437
f 1199//1146 458//442 456//440
f 460//444 462//446 1200//1147
f 1201//1148 439//423 438//422
f 439//423 1202//1149 440//424
f 440//424 1202//1149 435//419
f 440//424 435//419 437//421
f 391//1100 389//370 1166//1101
f 1166//1101 389//370 1109//1034
f 1166//1101 1109//1034 1203//1150
f 1203//1150 1109//1034 1111//1036
f 1203//1150 1111//1036 1204//1151
f 394//1103 392//1099 1167//1104
f 1167//1104 392//1099 1166//1101
f 1167//1104 1166//1101 1205//1152
f 1205//1152 1166//1101 1203//1150
f 1205//1152 1203//1150 1206//1153
f 1206//1153 1203//1150 1204//1151
f 1206//1153 1204//1151 1207//1154
f 1208//1155 1209//1156 1210//1157
f 1210//1157 1209//1156 1211//1158
f 1210//1157 1211//1158 1212//1159
f 1212//1159 1211//1158 1213//1160
f 1212//1159 1213//1160 1214//1161
f 1214//1161 1213//1160 1215//1162
f 1214//1161 1215//1162 1216//1163
f 1216//1163 1215//1162 1217//1164
f 1216//1163 1217//1164 1218//1165
f 1218//1165 1217//1164 1116//1041
f 1218//1165 1116//1041 1165//1097
f 1165//1097 1116//1041 374//355
f 1165//1097 374//355 399//379
f 399//379 374//355 375//356
f 1209//1156 1207//1154 1211//1158
f 1211//1158 1207//1154 1204//1151
f 1211//1158 1204//1151 1213//1160
f 1213//1160 1204//1151 1111//1036
f 1213//1160 1111//1036 1215//1162
f 1215//1162 1111//1036 1110//1035
f 1215//1162 1110//1035 1217//1164
f 1217//1164 1110//1035 1115//1040
f 1217//1164 1115//1040 1116//1041
f 1116//1041 1115//1040 376//357
f 1116//1041 376//357 372//353
f 397//3 396//1102 1169//1106
f 1169//1106 396//1102 1167//1104
f 1169//1106 1167//1104 1219//1166
f 1219//1166 1167//1104 1205//1152
f 1219//1166 1205//1152 1220//1167
f 1220//1167 1205//1152 1206//1153
f 1220//1167 1206//1153 1221//1168
f 1221//1168 1206//1153 1207//1154
f 1221//1168 1207//1154 1222//1169
f 1222//1169 1207//1154 1209//1156
f 1222//1169 1209//1156 1223//1170
f 1223//1170 1209//1156 1208//1155
f 1223//1170 1208//1155 1101//1026
f 1101//1026 1100//1025 1223//1170
f 1223//1170 1100//1025 1224//1171
f 1223//1170 1224//1171 1222//1169
f 1222//1169 1224//1171 1225//1172
f 1222//1169 1225//1172 1221//1168
f 1221//1168 1225//1172 1226//1173
f 1221//1168 1226//1173 1220//1167
f 1220//1167 1226//1173 1227//1174
f 1220//1167 1227//1174 1219//1166
f 1219//1166 1227//1174 1228//1175
f 1219//1166 1228//1175 1169//1106
f 1169//1106 1228//1175 1170//1108
f 1169//1106 1170//1108 1168//1105
f 1168//1105 1170//1108 366//346
f 1168//1105 366//346 365//344
f 1229//1176 1103//1028 1230//1177
f 1230//1177 1103//1028 1105//1030
f 1230//1177 1105//1030 1231//1178
f 1231//1178 1105//1030 1106//1031
f 1231//1178 1106//1031 1232//1179
f 1232//1179 1106//1031 1108//1033
f 1232//1179 1108//1033 1233//1180
f 1234//1181 1235//1182 1236//1183
f 1236//1183 1235//1182 1237//1184
f 1236//1183 1237//1184 1238//1185
f 1238//1185 1237//1184 1239//1186
f 1235//1182 1240//1187 1237//1184
f 1237//1184 1240//1187 1241//1188
f 1237//1184 1241//1188 1239//1186
f 1239//1186 1241//1188 1242//1189
f 1107//1032 1106//1031 1243//1190
f 1243//1190 1106//1031 1105//1030
f 1243//1190 1105//1030 1244//1191
f 1244//1191 1105//1030 1104//1029
f 1244//1191 1104//1029 1245//1192
f 1171//1110 1233//1180 1172//1111
f 1172//1111 1233//1180 1108//1033
f 1172//1111 1108//1033 1173//1113
f 1173//1113 1108//1033 1107//1032
f 1173//1113 1107//1032 1174//1114
f 1174//1114 1107//1032 1243//1190
f 1174//1114 1243//1190 1175//1115
f 1175//1115 1243//1190 1244//1191
f 1175//1115 1244//1191 1176//1116
f 1176//1116 1244//1191 1245//1192
f 1176//1116 1245//1192 1177//1117
f 1246//1193 1098//1023 1247//1194
f 1247//1194 1098//1023 1097//1022
f 1247//1194 1097//1022 1248//1195
f 1180//1120 1249//1196 1250//1197
f 1250//1197 1249//1196 1251//1198
f 1250//1197 1251//1198 1252//1199
f 1252//1199 1251//1198 1253//1200
f 1252//1199 1253//1200 1254//1201
f 1254//1201 1253//1200 1255//1202
f 1254//1201 1255//1202 1256//1203
f 1256//1203 1255//1202 1257//1204
f 1256//1203 1257//1204 1258//1205
f 1259//1206 1179//1119 1260//1207
f 1260//1207 1179//1119 1178//1118
f 1260//1207 1178//1118 1261//1208
f 1261//1208 1178//1118 1177//1117
f 1261//1208 1177//1117 1262//1209
f 1262//1209 1177//1117 1245//1192
f 1096//1021 1095//1020 1263//1210
f 1263//1210 1095//1020 1264//1211
f 1263//1210 1264//1211 1265//1212
f 1265//1212 1264//1211 1266//1213
f 1265//1212 1266//1213 1267//1214
f 1267//1214 1266//1213 1268//1215
f 1267//1214 1268//1215 1269//1216
f 1269//1216 1268//1215 1099//1024
f 1269//1216 1099//1024 1258//1205
f 1258//1205 1099//1024 1098//1023
f 1258//1205 1098//1023 1256//1203
f 1256//1203 1098//1023 1246//1193
f 1256//1203 1246//1193 1254//1201
f 1254//1201 1246//1193 1247//1194
f 1254//1201 1247//1194 1252//1199
f 1252//1199 1247//1194 1248//1195
f 1252//1199 1248//1195 1250//1197
f 1250//1197 1248//1195 1270//1217
f 1250//1197 1270//1217 1180//1120
f 1093//1018 1092//1017 1095//1020
f 1095//1020 1092//1017 1271//1218
f 1095//1020 1271//1218 1264//1211
f 1264//1211 1271//1218 1272//1219
f 1264//1211 1272//1219 1266//1213
f 1266//1213 1272//1219 1273//1220
f 1266//1213 1273//1220 1268//1215
f 1268//1215 1273//1220 1274//1221
f 1268//1215 1274//1221 1099//1024
f 1099//1024 1274//1221 1275//1222
f 1099//1024 1275//1222 1097//1022
f 1097//1022 1275//1222 1276//1223
f 1097//1022 1276//1223 1248//1195
f 1277//1224 1278//1225 1279//1226
f 1279//1226 1278//1225 1280//1227
f 1279//1226 1280//1227 1281//1228
f 1281//1228 1280//1227 1282//1229
f 1281//1228 1282//1229 1283//1230
f 1283//1230 1282//1229 1284//1231
f 1283//1230 1284//1231 1285//1232
f 1285//1232 1284//1231 1286//1233
f 1285//1232 1286//1233 1094//1019
f 1094//1019 1286//1233 1287//1234
f 1094//1019 1287//1234 1092//1017
f 1092//1017 1287//1234 1288//1235
f 1092//1017 1288//1235 1271//1218
f 1278//1225 1289//1236 1280//1227
f 1280//1227 1289//1236 1290//1237
f 1280//1227 1290//1237 1282//1229
f 1282//1229 1290//1237 1291//1238
f 1282//1229 1291//1238 1284//1231
f 1284//1231 1291//1238 1292//1239
f 1284//1231 1292//1239 1286//1233
f 1286//1233 1292//1239 1293//1240
f 1286//1233 1293//1240 1287//1234
f 1287//1234 1293//1240 1294//1241
f 1287//1234 1294//1241 1288//1235
f 1289//1236 1295//1242 1290//1237
f 1290//1237 1295//1242 1296//1243
f 1290//1237 1296//1243 1291//1238
f 1291//1238 1296//1243 1297//1244
f 1291//1238 1297//1244 1292//1239
f 1292//1239 1297//1244 1298//1245
f 1292//1239 1298//1245 1293//1240
f 1293//1240 1298//1245 1299//1246
f 1293//1240 1299//1246 1294//1241
f 1294//1241 1299//1246 1300//1247
f 1294//1241 1300//1247 1288//1235
f 1288//1235 1300//1247 1301//1248
f 1288//1235 1301//1248 1271//1218
f 1271//1218 1301//1248 1302//1249
f 1271//1218 1302//1249 1272//1219
f 1272//1219 1302//1249 1303//1250
f 1272//1219 1303//1250 1273//1220
f 1273//1220 1303//1250 1304//1251
f 1273//1220 1304//1251 1274//1221
f 1274//1221 1304//1251 1305//1252
f 1274//1221 1305//1252 1275//1222
f 1275//1222 1305//1252 1306//1253
f 1275//1222 1306//1253 1276//1223
f 1276//1223 1306//1253 1307//1254
f 1276//1223 1307//1254 1248//1195
f 1248//1195 1307//1254 1308//1255
f 1248//1195 1308//1255 1270//1217
f 1270//1217 1308//1255 1309//1256
f 1270//1217 1309//1256 1180//1120
f 1180//1120 1309//1256 328//297
f 1180//1120 328//297 327//296
f 1310//1257 1311//1258 1312//1259
f 1312//1259 1311//1258 1091//1016
f 1312//1259 1091//1016 1313//1260
f 1313//1260 1091//1016 1090//1015
f 1313//1260 1090//1015 1191//1132
f 1191//1132 1090//1015 296//251
f 1191//1132 296//251 295//250
f 1277//1224 1310//1257 1278//1225
f 1278//1225 1310//1257 1312//1259
f 1278//1225 1312//1259 1289//1236
f 1289//1236 1312//1259 1313//1260
f 1289//1236 1313//1260 1295//1242
f 1295//1242 1313//1260 1191//1132
f 1295//1242 1191//1132 1296//1243
f 1296//1243 1191//1132 1190//1131
f 1296//1243 1190//1131 1297//1244
f 1297//1244 1190//1131 1189//1130
f 1297//1244 1189//1130 1298//1245
f 1298//1245 1189//1130 1188//1129
f 1298//1245 1188//1129 1299//1246
f 1299//1246 1188//1129 1113//1038
f 1299//1246 1113//1038 1300//1247
f 1300//1247 1113//1038 1112//1037
f 1300//1247 1112//1037 1301//1248
f 1301//1248 1112//1037 1187//1127
f 1301//1248 1187//1127 1302//1249
f 1302//1249 1187//1127 1186//1126
f 1302//1249 1186//1126 1303//1250
f 1303//1250 1186//1126 1185//1125
f 1303//1250 1185//1125 1304//1251
f 1304//1251 1185//1125 1183//1123
f 1304//1251 1183//1123 1305//1252
f 1305//1252 1183//1123 1184//1124
f 1305//1252 1184//1124 1306//1253
f 1306//1253 1184//1124 1114//1039
f 1306//1253 1114//1039 1307//1254
f 1307//1254 1114//1039 1182//1122
f 1307//1254 1182//1122 1308//1255
f 1308//1255 1182//1122 1181//1121
f 1308//1255 1181//1121 1309//1256
f 1309//1256 1181//1121 329//299
f 1309//1256 329//299 328//297
f 1314//1261 1315//1262 1316//1263
f 1316//1263 1315//1262 1317//1264
f 1316//1263 1317//1264 1318//1265
f 1318//1265 1317//1264 1319//1266
f 1318//1265 1319//1266 1320//1267
f 1320//1267 1319//1266 1321//1268
f 1320//1267 1321//1268 1322//1269
f 1322//1269 1321//1268 1323//1270
f 1322//1269 1323//1270 1192//1134
f 1192//1134 1323//1270 1193//1135
f 1192//1134 1193//1135 268//213
f 268//213 1193//1135 269//214
f 1324//1271 1325//1272 1326//1273
f 1326//1273 1325//1272 1327//1274
f 1326//1273 1327//1274 1328//1275
f 1328//1275 1327//1274 1329//1276
f 1328//1275 1329//1276 1330//1277
f 1330//1277 1329//1276 1331//1278
f 1330//1277 1331//1278 1332//1279
f 1332//1279 1331//1278 1333//1280
f 1332//1279 1333//1280 1334//1281
f 1334//1281 1333//1280 1335//1282
f 1334//1281 1335//1282 1336//1283
f 1336//1283 1335//1282 1337//1284
f 1336//1283 1337//1284 1338//1285
f 1338//1285 1337//1284 1314//1261
f 1338//1285 1314//1261 1339//1286
f 1339//1286 1314//1261 1316//1263
f 1339//1286 1316//1263 1340//1287
f 1340//1287 1316//1263 1318//1265
f 1340//1287 1318//1265 1085//1010
f 1085//1010 1318//1265 1320//1267
f 1085//1010 1320//1267 1086//1011
f 1086//1011 1320//1267 1322//1269
f 1086//1011 1322//1269 1088//1013
f 1088//1013 1322//1269 1192//1134
f 1088//1013 1192//1134 282//231
f 282//231 1192//1134 283//233
f 1096//1021 1324//1271 1093//1018
f 1093//1018 1324//1271 1326//1273
f 1093//1018 1326//1273 1094//1019
f 1094//1019 1326//1273 1328//1275
f 1094//1019 1328//1275 1285//1232
f 1285//1232 1328//1275 1330//1277
f 1285//1232 1330//1277 1283//1230
f 1283//1230 1330//1277 1332//1279
f 1283//1230 1332//1279 1281//1228
f 1281//1228 1332//1279 1334//1281
f 1281//1228 1334//1281 1279//1226
f 1279//1226 1334//1281 1336//1283
f 1279//1226 1336//1283 1277//1224
f 1277//1224 1336//1283 1338//1285
f 1277//1224 1338//1285 1310//1257
f 1310//1257 1338//1285 1339//1286
f 1310//1257 1339//1286 1311//1258
f 1311//1258 1339//1286 1340//1287
f 1311//1258 1340//1287 1091//1016
f 1091//1016 1340//1287 1085//1010
f 1091//1016 1085//1010 1089//1014
f 1089//1014 1085//1010 1087//1012
f 1089//1014 1087//1012 289//242
f 289//242 1087//1012 290//243
f 1341//1288 1342//1289 1343//1290
f 1343//1290 1342//1289 1344//1291
f 1064//989 1345//1292 1084//1009
f 1084//1009 1345//1292 1346//1293
f 1084//1009 1346//1293 1347//1294
f 1347//1294 1346//1293 1348//1295
f 1347//1294 1348//1295 1349//1296
f 1349//1296 1348//1295 1350//1297
f 1349//1296 1350//1297 1351//1298
f 1351//1298 1350//1297 1352//1299
f 1351//1298 1352//1299 1353//1300
f 1354//1301 1355//1302 1356//1303
f 1356//1303 1355//1302 1357//1304
f 1356//1303 1357//1304 1358//1305
f 1359//1306 1360//1307 1361//1308
f 1361//1308 1360//1307 1362//1309
f 1357//1304 1363//1310 1358//1305
f 1358//1305 1363//1310 1364//1311
f 1358//1305 1364//1311 1365//1312
f 1343//1290 1366//1313 1341//1288
f 1341//1288 1366//1313 1367//1314
f 1341//1288 1367//1314 1368//1315
f 1368//1315 1367//1314 1369//1316
f 1368//1315 1369//1316 1354//1301
f 1354//1301 1369//1316 1370//1317
f 1354//1301 1370//1317 1355//1302
f 1351//1298 1371//1318 1349//1296
f 1349//1296 1371//1318 1372//1319
f 1349//1296 1372//1319 1347//1294
f 1347//1294 1372//1319 1373//1320
f 1347//1294 1373//1320 1084//1009
f 1084//1009 1373//1320 1374//1321
f 1084//1009 1374//1321 1065//990
f 1353//1300 1344//1291 1351//1298
f 1351//1298 1344//1291 1342//1289
f 1351//1298 1342//1289 1371//1318
f 1371//1318 1342//1289 1375//1322
f 1371//1318 1375//1322 1372//1319
f 1372//1319 1375//1322 1376//1323
f 1372//1319 1376//1323 1373//1320
f 1373//1320 1376//1323 1377//1324
f 1373//1320 1377//1324 1374//1321
f 1378//1325 1379//1326 1380//1327
f 1379//1326 1378//1325 1381//1328
f 1381//1328 1378//1325 1382//1329
f 1381//1328 1382//1329 1383//1330
f 1383//1330 1382//1329 1384//1331
f 1383//1330 1384//1331 1385//1332
f 1386//1333 1387//1334 1388//1335
f 1388//1335 1387//1334 1389//1336
f 1388//1335 1389//1336 1390//1337
f 1390//1337 1389//1336 1391//1338
f 1390//1337 1391//1338 1392//1339
f 1392//1339 1391//1338 1393//1340
f 1392//1339 1393//1340 1394//1341
f 1395//1342 1083//1008 1396//1343
f 1396//1343 1083//1008 1082//1007
f 1396//1343 1082//1007 1397//1344
f 1398//1345 1386//1333 1399//1346
f 1399//1346 1386//1333 1388//1335
f 1399//1346 1388//1335 1400//1347
f 1400//1347 1388//1335 1390//1337
f 1400//1347 1390//1337 1401//1348
f 1401//1348 1390//1337 1392//1339
f 1401//1348 1392//1339 1402//1349
f 1402//1349 1392//1339 1394//1341
f 1402//1349 1394//1341 1403//1350
f 1403//1350 1404//1351 1402//1349
f 1402//1349 1404//1351 1405//1352
f 1402//1349 1405//1352 1401//1348
f 1401//1348 1405//1352 1406//1353
f 1401//1348 1406//1353 1400//1347
f 1400//1347 1406//1353 1407//1354
f 1400//1347 1407//1354 1399//1346
f 1399//1346 1407//1354 1408//1355
f 1399//1346 1408//1355 1398//1345
f 1398//1345 1408//1355 1409//1356
f 1410//1357 1395//1342 1411//1358
f 1411//1358 1395//1342 1396//1343
f 1411//1358 1396//1343 1412//1359
f 1412//1359 1396//1343 1397//1344
f 1412//1359 1397//1344 1413//1360
f 1397//1344 1414//1361 1413//1360
f 1413//1360 1414//1361 1415//1362
f 1413//1360 1415//1362 1412//1359
f 1412//1359 1415//1362 1416//1363
f 1412//1359 1416//1363 1411//1358
f 1416//1363 1417//1364 1411//1358
f 1411//1358 1417//1364 1418//1365
f 1411//1358 1418//1365 1410//1357
f 1410//1357 1418//1365 1419//1366
f 1410//1357 1419//1366 1420//1367
f 1420//1367 1419//1366 1421//1368
f 1420//1367 1421//1368 1422//1369
f 1422//1369 1421//1368 1423//1370
f 1422//1369 1423//1370 1424//1371
f 1424//1371 1423//1370 1425//1372
f 1424//1371 1425//1372 1426//1373
f 1426//1373 1425//1372 1427//1374
f 1426//1373 1427//1374 1428//1375
f 1428//1375 1427//1374 1429//1376
f 1428//1375 1429//1376 1430//1377
f 1430//1377 1429//1376 1196//1141
f 1430//1377 1196//1141 1195//1138
f 1195//1138 1196//1141 444//645
f 1195//1138 444//645 654//27
f 1393//1340 1081//1006 1394//1341
f 1394//1341 1081//1006 1083//1008
f 1394//1341 1083//1008 1403//1350
f 1403//1350 1083//1008 1395//1342
f 1403//1350 1395//1342 1431//1378
f 1431//1378 1395//1342 1410//1357
f 1431//1378 1410//1357 1432//1379
f 1432//1379 1410//1357 1420//1367
f 1432//1379 1420//1367 1433//1380
f 1433//1380 1420//1367 1422//1369
f 1433//1380 1422//1369 1434//1381
f 1434//1381 1422//1369 1424//1371
f 1434//1381 1424//1371 1435//1382
f 1435//1382 1424//1371 1426//1373
f 1435//1382 1426//1373 1436//1383
f 1436//1383 1426//1373 1428//1375
f 1436//1383 1428//1375 1437//1384
f 1437//1384 1428//1375 1430//1377
f 1437//1384 1430//1377 1194//1136
f 1194//1136 1430//1377 1195//1138
f 1194//1136 1195//1138 270//216
f 270//216 1195//1138 271//217
f 1324//1271 1409//1356 1325//1272
f 1325//1272 1409//1356 1408//1355
f 1325//1272 1408//1355 1327//1274
f 1327//1274 1408//1355 1407//1354
f 1327//1274 1407//1354 1329//1276
f 1329//1276 1407//1354 1406//1353
f 1329//1276 1406//1353 1331//1278
f 1331//1278 1406//1353 1405//1352
f 1331//1278 1405//1352 1333//1280
f 1333//1280 1405//1352 1404//1351
f 1333//1280 1404//1351 1335//1282
f 1335//1282 1404//1351 1403//1350
f 1335//1282 1403//1350 1337//1284
f 1337//1284 1403//1350 1431//1378
f 1337//1284 1431//1378 1314//1261
f 1314//1261 1431//1378 1432//1379
f 1314//1261 1432//1379 1315//1262
f 1315//1262 1432//1379 1433//1380
f 1315//1262 1433//1380 1317//1264
f 1317//1264 1433//1380 1434//1381
f 1317//1264 1434//1381 1319//1266
f 1319//1266 1434//1381 1435//1382
f 1319//1266 1435//1382 1321//1268
f 1321//1268 1435//1382 1436//1383
f 1321//1268 1436//1383 1323//1270
f 1323//1270 1436//1383 1437//1384
f 1323//1270 1437//1384 1193//1135
f 1193//1135 1437//1384 1194//1136
f 1193//1135 1194//1136 277//225
f 277//225 1194//1136 278//226
f 1438//1385 1439//1386 1440//1387
f 1440//1387 1439//1386 1441//1388
f 1440//1387 1441//1388 1442//1389
f 1443//1390 1444//1391 1078//1003
f 1079//1004 1445//1392 1446//1393
s 0
f 1444//1394 1447//1394 1078//1394
s 1
f 1078//1003 1447//1395 1448//1396
f 1078//1003 1448//1396 1079//1004
f 1079//1004 1448//1396 1449//1397
f 1079//1004 1449//1397 1445//1392
f 1450//1398 1451//1399 1452//1400
f 1452//1400 1453//1401 1450//1398
f 1450//1398 1453//1401 1454//1402
f 1450//1398 1454//1402 1136//1063
f 1455//1403 1456//1404 1457//1405
f 1457//1405 1456//1404 1458//1406
f 1459//1407 1080//1005 1460//1408
f 1460//1408 1080//1005 1079//1004
f 1460//1408 1079//1004 1457//1405
f 1457//1405 1079//1004 1446//1393
f 1457//1405 1446//1393 1455//1403
f 1364//1311 1359//1306 1365//1312
f 1365//1312 1359//1306 1361//1308
f 1365//1312 1361//1308 1461//1409
f 1461//1409 1361//1308 1462//1410
f 1461//1409 1462//1410 1463//1411
f 1463//1411 1462//1410 1464//1412
f 1463//1411 1464//1412 1465//1413
f 1465//1413 1464//1412 1466//1414
f 1465//1413 1466//1414 1467//1415
f 1467//1415 1466//1414 1468//1416
f 1467//1415 1468//1416 1469//1417
f 1469//1417 1468//1416 1470//1418
f 1469//1417 1470//1418 1471//1419
f 1471//1419 1470//1418 1472//1420
f 1471//1419 1472//1420 1473//1421
f 1473//1421 1472//1420 1474//1422
f 1473//1421 1474//1422 1475//1423
f 1475//1423 1474//1422 1476//1424
f 1475//1423 1476//1424 1477//1425
f 1477//1425 1476//1424 1478//1426
f 1477//1425 1478//1426 1479//1427
f 1479//1427 1478//1426 1198//1145
f 1479//1427 1198//1145 1197//1143
f 1197//1143 1198//1145 453//437
f 1197//1143 453//437 451//1144
f 1442//1389 1443//1390 1440//1387
f 1440//1387 1443//1390 1078//1003
f 1440//1387 1078//1003 1480//1428
f 1480//1428 1078//1003 1080//1005
f 1480//1428 1080//1005 1481//1429
f 1481//1429 1080//1005 1459//1407
f 1481//1429 1459//1407 1482//1430
f 1482//1430 1459//1407 1483//1431
f 1482//1430 1483//1431 1484//1432
f 1484//1432 1483//1431 1485//1433
f 1484//1432 1485//1433 1486//1434
f 1486//1434 1485//1433 1487//1435
f 1486//1434 1487//1435 1488//1436
f 1488//1436 1487//1435 1489//1437
f 1488//1436 1489//1437 1490//1438
f 1490//1438 1489//1437 1491//1439
f 1490//1438 1491//1439 1492//1440
f 1492//1440 1491//1439 1200//1147
f 1492//1440 1200//1147 1199//1146
f 1199//1146 1200//1147 462//446
f 1199//1146 462//446 458//442
f 1362//1309 1438//1385 1361//1308
f 1361//1308 1438//1385 1440//1387
f 1361//1308 1440//1387 1462//1410
f 1462//1410 1440//1387 1480//1428
f 1462//1410 1480//1428 1464//1412
f 1464//1412 1480//1428 1481//1429
f 1464//1412 1481//1429 1466//1414
f 1466//1414 1481//1429 1482//1430
f 1466//1414 1482//1430 1468//1416
f 1468//1416 1482//1430 1484//1432
f 1468//1416 1484//1432 1470//1418
f 1470//1418 1484//1432 1486//1434
f 1470//1418 1486//1434 1472//1420
f 1472//1420 1486//1434 1488//1436
f 1472//1420 1488//1436 1474//1422
f 1474//1422 1488//1436 1490//1438
f 1474//1422 1490//1438 1476//1424
f 1476//1424 1490//1438 1492//1440
f 1476//1424 1492//1440 1478//1426
f 1478//1426 1492//1440 1199//1146
f 1478//1426 1199//1146 1198//1145
f 1198//1145 1199//1146 456//440
f 1198//1145 456//440 455//438
f 1136//1063 1121//1046 1450//1398
f 1450//1398 1121//1046 1133//1060
f 1450//1398 1133//1060 1451//1399
f 439//423 1201//1148 1202//1149
f 1202//1149 1201//1148 1493//1441
f 1202//1149 1493//1441 1494//1442
f 1494//1442 1493//1441 1495//1443
f 1494//1442 1495//1443 1125//1052
f 1125//1052 1495//1443 1496//1444
f 1125//1052 1496//1444 1126//1053
f 1126//1053 1496//1444 1497//1445
f 1126//1053 1497//1445 1127//1054
f 1127//1054 1497//1445 1498//1446
f 1127//1054 1498//1446 1128//1055
f 1128//1055 1498//1446 1499//1447
f 1128//1055 1499//1447 1129//1056
f 1129//1056 1499//1447 1500//1448
f 1129//1056 1500//1448 1133//1060
f 1133//1060 1500//1448 1501//1449
f 1133//1060 1501//1449 1451//1399
f 424//407 422//405 1125//1052
f 1125//1052 422//405 1124//1450
f 1125//1052 1124//1450 1494//1442
f 1494//1442 1124//1450 1123//1048
f 1494//1442 1123//1048 1202//1149
f 1202//1149 1123//1048 433//417
f 1202//1149 433//417 435//419
s 0
f 438//1451 460//1451 1201//1451
s 1
f 1201//1148 460//444 1200//1147
f 1201//1148 1200//1147 1493//1441
f 1493//1441 1200//1147 1491//1439
f 1493//1441 1491//1439 1495//1443
f 1495//1443 1491//1439 1489//1437
f 1495//1443 1489//1437 1496//1444
f 1496//1444 1489//1437 1487//1435
f 1496//1444 1487//1435 1497//1445
f 1497//1445 1487//1435 1485//1433
f 1497//1445 1485//1433 1498//1446
f 1498//1446 1485//1433 1483//1431
f 1498//1446 1483//1431 1499//1447
f 1499//1447 1483//1431 1459//1407
f 1499//1447 1459//1407 1500//1448
f 1500//1448 1459//1407 1460//1408
f 1500//1448 1460//1408 1501//1449
f 1501//1449 1460//1408 1457//1405
f 1501//1449 1457//1405 1451//1399
f 1451//1399 1457//1405 1458//1406
f 1451//1399 1458//1406 1452//1400
f 1502//1452 1503//1453 1504//1454
f 1504//1454 1503//1453 1505//1455
f 1506//1456 1507//1457 1508//1458
f 1508//1458 1507//1457 1509//1459
f 1508//1458 1509//1459 1510//1460
f 1502//1452 1511//1452 1503//1453
f 1503//1453 1511//1452 1512//1461
f 1503//1453 1512//1461 1509//1459
f 1509//1459 1512//1461 1513//1460
f 1509//1459 1513//1460 1510//1460
f 1157//1086 1514//1462 1158//1087
f 1158//1087 1514//1462 1515//1463
f 1158//1087 1515//1463 1505//1455
f 1505//1455 1515//1463 1516//1464
f 1505//1455 1516//1464 1504//1454
f 1517//1465 1518//1466 1519//1467
f 1519//1467 1518//1466 1520//1468
f 1519//1467 1520//1468 1521//1469
f 1522//1470 1523//1471 1524//1472
f 1517//1465 1525//1473 1518//1466
f 1518//1466 1525//1473 1526//1474
f 1518//1466 1526//1474 1523//1471
f 1523//1471 1526//1474 1527//1475
f 1523//1471 1527//1475 1524//1472
f 1077//1002 1076//1001 1528//1476
f 1528//1476 1076//1001 1529//1477
f 1528//1476 1529//1477 1530//1478
f 1531//1479 1532//1480 1533//1481
f 1533//1481 1532//1480 1534//1482
f 1533//1481 1534//1482 1535//1483
f 1531//1479 1533//1481 1536//1484
f 1536//1484 1533//1481 1537//1485
f 1536//1484 1537//1485 1538//1486
f 1538//1486 1537//1485 1539//1487
f 1538//1486 1539//1487 1540//1488
f 1529//1477 1541//1489 1530//1478
f 1530//1478 1541//1489 1542//1490
f 1530//1478 1542//1490 1543//1491
f 1543//1491 1542//1490 1544//1492
f 1543//1491 1544//1492 1539//1487
f 1539//1487 1544//1492 1545//1493
f 1539//1487 1545//1493 1540//1488
f 1524//1472 1546//1494 1522//1470
f 1522//1470 1546//1494 1547//1494
f 1522//1470 1547//1494 1548//1495
f 1506//1456 1549//1496 1507//1457
f 1507//1457 1549//1496 1550//1497
f 1507//1457 1550//1497 1520//1468
f 1520//1468 1550//1497 1551//1498
f 1520//1468 1551//1498 1521//1469
f 1118//1043 1552//1499 1119//1044
f 1119//1044 1552//1499 1553//1500
f 1119//1044 1553//1500 1554//1501
f 1554//1501 1553//1500 1555//1502
f 1554//1501 1555//1502 1556//1503
f 1552//1499 1159//1088 1553//1500
f 1553//1500 1159//1088 1158//1087
f 1553//1500 1158//1087 1555//1502
f 1555//1502 1158//1087 1505//1455
f 1555//1502 1505//1455 1556//1503
f 1556//1503 1505//1455 1503//1453
f 1556//1503 1503//1453 1557//1504
f 1557//1504 1503//1453 1509//1459
f 1557//1504 1509//1459 1558//1505
f 1558//1505 1509//1459 1507//1457
f 1558//1505 1507//1457 1559//1506
f 1559//1506 1507//1457 1520//1468
f 1559//1506 1520//1468 1560//1507
f 1560//1507 1520//1468 1518//1466
f 1560//1507 1518//1466 1561//1508
f 1561//1508 1518//1466 1523//1471
f 1561//1508 1523//1471 1562//1509
f 1562//1509 1523//1471 1522//1470
f 1562//1509 1522//1470 1563//1510
f 1561//1508 1564//1511 1560//1507
f 1560//1507 1564//1511 1565//1512
f 1560//1507 1565//1512 1559//1506
f 1559//1506 1565//1512 1566//1513
f 1559//1506 1566//1513 1558//1505
f 1558//1505 1566//1513 1567//1514
f 1558//1505 1567//1514 1557//1504
f 1557//1504 1567//1514 1568//1515
f 1557//1504 1568//1515 1556//1503
f 1556//1503 1568//1515 1569//1516
f 1556//1503 1569//1516 1554//1501
f 1554//1501 1569//1516 1570//1517
f 1554//1501 1570//1517 1119//1044
f 1119//1044 1570//1517 1160//1089
f 1119//1044 1160//1089 1117//1042
f 1117//1042 1160//1089 1161//1091
f 1571//1518 1077//1002 1572//1519
f 1572//1519 1077//1002 1528//1476
f 1572//1519 1528//1476 1573//1520
f 1573//1520 1528//1476 1530//1478
f 1573//1520 1530//1478 1574//1521
f 1574//1521 1530//1478 1543//1491
f 1574//1521 1543//1491 1575//1522
f 1575//1522 1543//1491 1539//1487
f 1575//1522 1539//1487 1576//1523
f 1576//1523 1539//1487 1537//1485
f 1576//1523 1537//1485 1577//1524
f 1577//1524 1537//1485 1533//1481
f 1577//1524 1533//1481 1578//1525
f 1578//1525 1533//1481 1535//1483
f 1578//1525 1535//1483 1579//1526
f 1564//1511 1580//1527 1565//1512
f 1565//1512 1580//1527 1581//1528
f 1565//1512 1581//1528 1566//1513
f 1566//1513 1581//1528 1582//1529
f 1566//1513 1582//1529 1567//1514
f 1567//1514 1582//1529 1583//1530
f 1567//1514 1583//1530 1568//1515
f 1568//1515 1583//1530 1584//1531
f 1568//1515 1584//1531 1569//1516
f 1569//1516 1584//1531 1585//1532
f 1569//1516 1585//1532 1570//1517
f 1570//1517 1585//1532 1586//1533
f 1570//1517 1586//1533 1160//1089
f 1160//1089 1586//1533 1162//1093
f 1160//1089 1162//1093 209//150
f 209//150 1162//1093 1821//399
f 1587//1534 1588//1535 1589//1536
f 1589//1536 1588//1535 1590//1537
f 1589//1536 1590//1537 1591//1538
f 1591//1538 1590//1537 1592//1539
f 1588//1535 1593//1540 1590//1537
f 1590//1537 1593//1540 1594//1541
f 1590//1537 1594//1541 1592//1539
f 1592//1539 1594//1541 1595//1542
f 1580//1527 1596//1543 1581//1528
f 1581//1528 1596//1543 1597//1544
f 1581//1528 1597//1544 1582//1529
f 1582//1529 1597//1544 1598//1545
f 1582//1529 1598//1545 1583//1530
f 1583//1530 1598//1545 1599//1546
f 1583//1530 1599//1546 1584//1531
f 1584//1531 1599//1546 1600//1547
f 1584//1531 1600//1547 1585//1532
f 1585//1532 1600//1547 1601//1548
f 1585//1532 1601//1548 1586//1533
f 1586//1533 1601//1548 1602//1549
f 1586//1533 1602//1549 1162//1093
f 1162//1093 1602//1549 1163//1094
f 1162//1093 1163//1094 1861//395
f 1861//395 1163//1094 414//393
f 1563//1510 1587//1534 1562//1509
f 1562//1509 1587//1534 1589//1536
f 1562//1509 1589//1536 1561//1508
f 1561//1508 1589//1536 1591//1538
f 1561//1508 1591//1538 1564//1511
f 1564//1511 1591//1538 1592//1539
f 1564//1511 1592//1539 1580//1527
f 1580//1527 1592//1539 1595//1542
f 1580//1527 1595//1542 1596//1543
f 1596//1543 1595//1542 1603//1550
f 1596//1543 1603//1550 1597//1544
f 1597//1544 1603//1550 1604//1551
f 1597//1544 1604//1551 1598//1545
f 1598//1545 1604//1551 1605//1552
f 1598//1545 1605//1552 1599//1546
f 1599//1546 1605//1552 1606//1553
f 1599//1546 1606//1553 1600//1547
f 1600//1547 1606//1553 1607//1554
f 1600//1547 1607//1554 1601//1548
f 1601//1548 1607//1554 1608//1555
f 1601//1548 1608//1555 1602//1549
f 1602//1549 1608//1555 1609//1556
f 1602//1549 1609//1556 1163//1094
f 1163//1094 1609//1556 1610//1557
f 1163//1094 1610//1557 404//384
f 404//384 1610//1557 1164//1095
s 0
f 404//1558 1164//1558 405//1558
f 405//1559 1164//1559 407//1559
s 1
f 1611//1560 1072//997 1612//1561
f 1073//998 1069//994 1613//1562
f 1070//995 1067//992 1071//996
f 1071//996 1067//992 1066//991
f 1071//996 1066//991 1614//1563
f 1072//997 1074//999 1612//1561
f 1612//1561 1074//999 1615//1564
f 1612//1561 1615//1564 1616//1565
f 1616//1565 1615//1564 1617//1566
f 1616//1565 1617//1566 1618//1567
f 1618//1567 1617//1566 1619//1568
f 1618//1567 1619//1568 1620//1569
f 1620//1569 1619//1568 1621//1570
f 1620//1569 1621//1570 1234//1181
f 1069//994 1071//996 1613//1562
f 1613//1562 1071//996 1614//1563
f 1613//1562 1614//1563 1622//1571
f 1622//1571 1614//1563 1623//1572
f 1622//1571 1623//1572 1624//1573
f 1624//1573 1623//1572 1625//1574
f 1624//1573 1625//1574 1626//1575
f 1626//1575 1625//1574 1627//1576
f 1626//1575 1627//1576 1628//1577
f 1628//1577 1627//1576 1629//1578
f 1628//1577 1629//1578 1630//1579
f 1630//1579 1629//1578 1631//1580
f 1630//1579 1631//1580 1632//1581
f 1632//1581 1631//1580 1633//1582
f 1632//1581 1633//1582 1634//1583
f 1073//998 1613//1562 1074//999
f 1074//999 1613//1562 1622//1571
f 1074//999 1622//1571 1615//1564
f 1615//1564 1622//1571 1624//1573
f 1615//1564 1624//1573 1617//1566
f 1617//1566 1624//1573 1626//1575
f 1617//1566 1626//1575 1619//1568
f 1619//1568 1626//1575 1628//1577
f 1619//1568 1628//1577 1621//1570
f 1621//1570 1628//1577 1630//1579
f 1621//1570 1630//1579 1234//1181
f 1234//1181 1630//1579 1632//1581
f 1234//1181 1632//1581 1235//1182
f 1235//1182 1632//1581 1634//1583
f 1235//1182 1634//1583 1240//1187
f 1229//1176 1238//1185 1103//1028
f 1103//1028 1238//1185 1239//1186
f 1103//1028 1239//1186 1104//1029
f 1104//1029 1239//1186 1242//1189
f 1104//1029 1242//1189 1245//1192
f 1245//1192 1242//1189 1241//1188
f 1245//1192 1241//1188 1262//1209
f 1262//1209 1241//1188 1240//1187
f 1262//1209 1240//1187 1261//1208
f 1261//1208 1240//1187 1634//1583
f 1261//1208 1634//1583 1260//1207
f 1260//1207 1634//1583 1633//1582
f 1260//1207 1633//1582 1259//1206
f 1259//1206 1633//1582 1631//1580
f 1259//1206 1631//1580 1635//1584
f 1635//1584 1631//1580 1629//1578
f 1635//1584 1629//1578 1636//1585
f 1636//1585 1629//1578 1627//1576
f 1636//1585 1627//1576 1637//1586
f 1637//1586 1627//1576 1625//1574
f 1637//1586 1625//1574 1638//1587
f 1638//1587 1625//1574 1623//1572
f 1638//1587 1623//1572 1639//1588
f 1639//1588 1623//1572 1614//1563
f 1639//1588 1614//1563 1640//1589
f 1640//1589 1614//1563 1066//991
f 1640//1589 1066//991 1641//1590
f 1641//1590 1066//991 1068//993
f 1641//1590 1068//993 1642//1591
f 1380//1327 1379//1326 1643//1592
f 1643//1592 1379//1326 1644//1593
f 1643//1592 1644//1593 1642//1591
f 1642//1591 1644//1593 1645//1594
f 1642//1591 1645//1594 1641//1590
f 1641//1590 1645//1594 1646//1595
f 1641//1590 1646//1595 1640//1589
f 1611//1560 1612//1561 1647//1596
f 1647//1596 1612//1561 1616//1565
f 1647//1596 1616//1565 1648//1597
f 1648//1597 1616//1565 1618//1567
f 1648//1597 1618//1567 1649//1598
f 1649//1598 1618//1567 1620//1569
f 1649//1598 1620//1569 1650//1599
f 1650//1599 1620//1569 1234//1181
f 1650//1599 1234//1181 1651//1600
f 1651//1600 1234//1181 1236//1183
f 1651//1600 1236//1183 1102//1027
f 1102//1027 1236//1183 1238//1185
f 1102//1027 1238//1185 1100//1025
f 1100//1025 1238//1185 1229//1176
f 1100//1025 1229//1176 1224//1171
f 1224//1171 1229//1176 1230//1177
f 1224//1171 1230//1177 1225//1172
f 1225//1172 1230//1177 1231//1178
f 1225//1172 1231//1178 1226//1173
f 1226//1173 1231//1178 1232//1179
f 1226//1173 1232//1179 1227//1174
f 1227//1174 1232//1179 1233//1180
f 1227//1174 1233//1180 1228//1175
f 1228//1175 1233//1180 1171//1110
f 1228//1175 1171//1110 1170//1108
f 1170//1108 1171//1110 359//337
f 1170//1108 359//337 362//340
f 1611//1560 1571//1518 1072//997
f 1072//997 1571//1518 1572//1519
f 1072//997 1572//1519 1073//998
f 1073//998 1572//1519 1573//1520
f 1073//998 1573//1520 1069//994
f 1069//994 1573//1520 1574//1521
f 1069//994 1574//1521 1070//995
f 1070//995 1574//1521 1575//1522
f 1070//995 1575//1522 1067//992
f 1067//992 1575//1522 1576//1523
f 1067//992 1576//1523 1068//993
f 1068//993 1576//1523 1577//1524
f 1068//993 1577//1524 1642//1591
f 1642//1591 1577//1524 1578//1525
f 1642//1591 1578//1525 1643//1592
f 1643//1592 1578//1525 1579//1526
f 1643//1592 1579//1526 1380//1327
f 403//383 402//382 1165//1097
f 1165//1097 402//382 1164//1095
f 1165//1097 1164//1095 1218//1165
f 1218//1165 1164//1095 1610//1557
f 1218//1165 1610//1557 1216//1163
f 1216//1163 1610//1557 1609//1556
f 1216//1163 1609//1556 1214//1161
f 1214//1161 1609//1556 1608//1555
f 1214//1161 1608//1555 1212//1159
f 1212//1159 1608//1555 1607//1554
f 1212//1159 1607//1554 1210//1157
f 1210//1157 1607//1554 1606//1553
f 1210//1157 1606//1553 1208//1155
f 1208//1155 1606//1553 1605//1552
f 1208//1155 1605//1552 1101//1026
f 1101//1026 1605//1552 1604//1551
f 1101//1026 1604//1551 1102//1027
f 1102//1027 1604//1551 1603//1550
f 1102//1027 1603//1550 1651//1600
f 1651//1600 1603//1550 1595//1542
f 1651//1600 1595//1542 1650//1599
f 1650//1599 1595//1542 1594//1541
f 1650//1599 1594//1541 1649//1598
f 1649//1598 1594//1541 1593//1540
f 1649//1598 1593//1540 1648//1597
f 1648//1597 1593//1540 1588//1535
f 1648//1597 1588//1535 1647//1596
f 1647//1596 1588//1535 1587//1534
f 1647//1596 1587//1534 1611//1560
f 1611//1560 1587//1534 1563//1510
f 1611//1560 1563//1510 1571//1518
f 1571//1518 1563//1510 1522//1470
f 1571//1518 1522//1470 1077//1002
f 1077//1002 1522//1470 1548//1495
f 1077//1002 1548//1495 1075//1000
f 1534//1482 1063//988 1535//1483
f 1535//1483 1063//988 1065//990
f 1535//1483 1065//990 1579//1526
f 1579//1526 1065//990 1374//1321
f 1579//1526 1374//1321 1380//1327
f 1380//1327 1374//1321 1377//1324
f 1380//1327 1377//1324 1378//1325
f 1378//1325 1377//1324 1376//1323
f 1378//1325 1376//1323 1382//1329
f 1382//1329 1376//1323 1375//1322
f 1382//1329 1375//1322 1384//1331
f 449//1139 1196//1141 1197//1143
f 1197//1143 1196//1141 1429//1376
f 1197//1143 1429//1376 1479//1427
f 1479//1427 1429//1376 1427//1374
f 1479//1427 1427//1374 1477//1425
f 1477//1425 1427//1374 1425//1372
f 1477//1425 1425//1372 1475//1423
f 1475//1423 1425//1372 1423//1370
f 1475//1423 1423//1370 1473//1421
f 1473//1421 1423//1370 1421//1368
f 1473//1421 1421//1368 1471//1419
f 1471//1419 1421//1368 1419//1366
f 1471//1419 1419//1366 1469//1417
f 1469//1417 1419//1366 1418//1365
f 1469//1417 1418//1365 1467//1415
f 1467//1415 1418//1365 1417//1364
f 1467//1415 1417//1364 1465//1413
f 1465//1413 1417//1364 1416//1363
f 1465//1413 1416//1363 1463//1411
f 1463//1411 1416//1363 1415//1362
f 1463//1411 1415//1362 1461//1409
f 1461//1409 1415//1362 1414//1361
f 1461//1409 1414//1361 1365//1312
f 1365//1312 1414//1361 1397//1344
f 1365//1312 1397//1344 1358//1305
f 1358//1305 1397//1344 1082//1007
f 1358//1305 1082//1007 1356//1303
f 1356//1303 1082//1007 1081//1006
f 1356//1303 1081//1006 1354//1301
f 1354//1301 1081//1006 1393//1340
f 1354//1301 1393//1340 1368//1315
f 1368//1315 1393//1340 1391//1338
f 1368//1315 1391//1338 1341//1288
f 1341//1288 1391//1338 1389//1336
f 1341//1288 1389//1336 1342//1289
f 1342//1289 1389//1336 1387//1334
f 1342//1289 1387//1334 1375//1322
f 1375//1322 1387//1334 1386//1333
f 1375//1322 1386//1333 1384//1331
f 1384//1331 1386//1333 1398//1345
f 1384//1331 1398//1345 1385//1332
f 1385//1332 1398//1345 1409//1356
f 1385//1332 1409//1356 1383//1330
f 1383//1330 1409//1356 1324//1271
f 1383//1330 1324//1271 1381//1328
f 1381//1328 1324//1271 1096//1021
f 1381//1328 1096//1021 1379//1326
f 1379//1326 1096//1021 1263//1210
f 1379//1326 1263//1210 1644//1593
f 1644//1593 1263//1210 1265//1212
f 1644//1593 1265//1212 1645//1594
f 1645//1594 1265//1212 1267//1214
f 1645//1594 1267//1214 1646//1595
f 1646//1595 1267//1214 1269//1216
f 1646//1595 1269//1216 1640//1589
f 1640//1589 1269//1216 1258//1205
f 1640//1589 1258//1205 1639//1588
f 1639//1588 1258//1205 1257//1204
f 1639//1588 1257//1204 1638//1587
f 1638//1587 1257//1204 1255//1202
f 1638//1587 1255//1202 1637//1586
f 1637//1586 1255//1202 1253//1200
f 1637//1586 1253//1200 1636//1585
f 1636//1585 1253//1200 1251//1198
f 1636//1585 1251//1198 1635//1584
f 1635//1584 1251//1198 1249//1196
f 1635//1584 1249//1196 1259//1206
f 1259//1206 1249//1196 1180//1120
f 1259//1206 1180//1120 1179//1119
f 1179//1119 1180//1120 333//306
f 1179//1119 333//306 332//304
f 1652//1601 1653//1602 1654//1603
f 1654//1603 1653//1602 1655//1604
f 1654//1603 1655//1604 1656//1605
f 1657//1606 1658//1607 1659//1608
f 1659//1608 1658//1607 1660//1609
f 1659//1608 1660//1609 1661//1610
f 1662//1611 2017//1612 2022//1613
s 0
f 1664//1614 1663//1614 1665//1614
s 1
f 1666//1615 1667//1616 1668//1617
f 1668//1617 1669//1618 1666//1615
f 1666//1615 1669//1618 1670//1619
f 1666//1615 1670//1619 1671//1620
f 1672//1621 1673//1622 1674//1623
f 1674//1623 1675//1624 1672//1621
f 1672//1621 1675//1624 1676//1625
f 1672//1621 1676//1625 1677//1626
f 1678//1627 1679//1628 1680//1629
f 1680//1629 1679//1628 1681//1630
s 0
f 1736//1631 1724//1631 1727//1631
f 1726//1632 1725//1633 1728//1632
f 1726//1632 1728//1632 1890//1634
s 1
f 1687//1635 1688//1636 1689//1637
f 1689//1637 1688//1636 1690//1638
f 1689//1637 1690//1638 1691//1639
f 1516//1464 1515//1463 1789//1640
f 434//418 258//201 251//194
f 251//194 250//193 434//418
f 434//418 250//193 245//188
f 434//418 245//188 247//190
f 240//183 436//420 242//185
f 242//185 436//420 434//418
f 242//185 434//418 244//187
f 244//187 434//418 247//190
f 434//418 431//415 258//201
f 258//201 431//415 429//413
f 258//201 429//413 423//406
f 423//406 425//408 258//201
f 258//201 425//408 1925//410
s 0
f 258//1641 1925//410 2004//1642
s 1
f 2004//401 236//179 258//201
f 258//201 236//179 238//181
f 258//201 238//181 1131//1058
f 2028//1643 1855//1644 1712//975
f 1712//975 1855//1644 1856//1645
f 1712//975 1856//1645 2008//623
f 1131//1058 1130//1057 1855//1644
f 2028//1643 1062//1646 1855//1644
f 1855//1644 1062//1646 1060//976
f 1855//1644 1060//976 1131//1058
s 0
f 1131//1647 1060//1647 260//1647
s 1
f 1131//1058 260//203 258//201
f 1130//1057 1135//1062 1855//1644
f 1855//1644 1135//1062 1134//1061
f 1855//1644 1134//1061 1132//1059
f 1132//1059 1121//1046 1855//1644
f 1855//1644 1121//1046 1120//1045
f 1855//1644 1120//1045 1804//1648
f 1120//1045 1145//1073 1804//1648
f 1804//1648 1145//1073 1144//1072
f 1804//1648 1144//1072 1143//1649
f 1143//1649 1142//1069 1804//1648
f 1804//1648 1142//1069 1141//1068
f 1804//1648 1141//1068 1140//1067
f 1140//1067 1139//1066 1804//1648
f 1804//1648 1139//1066 1138//1065
f 1804//1648 1138//1065 995//1650
f 1804//1648 1800//1651 1652//1601
f 1652//1601 1800//1651 1879//1652
f 1652//1601 1879//1652 1653//1602
f 1653//1602 1879//1652 1655//1604
f 1652//1601 1654//1603 1804//1648
f 1804//1648 1654//1603 1656//1605
f 1804//1648 1656//1605 1855//1644
f 1855//1644 1656//1605 1655//1604
f 1855//1644 1655//1604 1895//1653
f 1895//1653 1655//1604 1879//1652
f 1816//1654 1815//1655 1661//1610
f 1658//1607 1657//1606 1805//1656
f 1661//1610 1660//1609 1816//1654
f 1816//1654 1660//1609 1658//1607
f 1816//1654 1658//1607 1810//1657
f 1810//1657 1658//1607 1805//1656
f 1815//1655 1879//1652 1661//1610
f 1661//1610 1879//1652 1800//1651
f 1661//1610 1800//1651 1659//1608
f 1659//1608 1800//1651 1788//1658
f 1659//1608 1788//1658 1657//1606
f 1657//1606 1788//1658 991//1659
f 1657//1606 991//1659 1805//1656
f 2029//1660 2031//1661 1940//1662
f 1940//1662 1921//1663 2029//1660
f 2029//1660 1921//1663 1799//1664
f 2029//1660 1799//1664 991//1659
f 991//1659 1799//1664 1798//1665
f 991//1659 1798//1665 1805//1656
f 2034//1666 2037//1667 1959//1668
f 1959//1668 1958//1669 2034//1666
f 2034//1666 1958//1669 1887//1670
f 2034//1666 1887//1670 2031//1661
f 2031//1661 1887//1670 1886//1671
f 2031//1661 1886//1671 1940//1662
f 1946//1672 1945//1673 2018//1674
f 1945//1673 1959//1668 2018//1674
f 2018//1674 1959//1668 2037//1667
f 2018//1674 2037//1667 2022//1613
f 2022//1613 2037//1667 2036//1675
f 2022//1613 2036//1675 1662//1611
f 1662//1611 2036//1675 1946//1672
f 1662//1611 1946//1672 2017//1612
f 2017//1612 1946//1672 2018//1674
f 1918//1676 1671//1620 1919//1677
f 1919//1677 1671//1620 1670//1619
f 1919//1677 1670//1619 1992//1678
f 1992//1678 1670//1619 1993//1679
f 1993//1679 1670//1619 1669//1618
f 1993//1679 1669//1618 1668//1617
f 1918//1676 1946//1672 1671//1620
f 1671//1620 1946//1672 2036//1675
f 1671//1620 2036//1675 1666//1615
f 1666//1615 2036//1675 2052//1680
f 1666//1615 2052//1680 1667//1616
f 1667//1616 2052//1680 2047//1681
f 2047//1681 2046//1682 1967//1683
f 1668//1617 1667//1616 1993//1679
f 1993//1679 1667//1616 2047//1681
f 1993//1679 2047//1681 1996//1684
f 1996//1684 2047//1681 1967//1683
f 1852//1685 1851//1686 1677//1626
f 1673//1622 1877//1687 1867//1688
f 1677//1626 1676//1625 1852//1685
f 1852//1685 1676//1625 1675//1624
f 1852//1685 1675//1624 1867//1688
f 1867//1688 1675//1624 1674//1623
f 1867//1688 1674//1623 1673//1622
f 2044//1689 1678//1627 2040//1690
f 2040//1690 1678//1627 1680//1629
f 2040//1690 1680//1629 1681//1630
f 1851//1686 1967//1683 1677//1626
f 1677//1626 1967//1683 2046//1682
f 1677//1626 2046//1682 1672//1621
f 1672//1621 2046//1682 2041//1691
f 1672//1621 2041//1691 1673//1622
f 1673//1622 2041//1691 2040//1690
f 1673//1622 2040//1690 1877//1687
f 1877//1687 2040//1690 1681//1630
f 1679//1628 1933//1692 1681//1630
f 1681//1630 1933//1692 1932//1693
f 1681//1630 1932//1693 1877//1687
f 1679//1628 1678//1627 1933//1692
f 1933//1692 1678//1627 2044//1689
f 1933//1692 2044//1689 1901//1694
f 1901//1694 2044//1689 2049//1695
f 978//1696 2005//1697 2049//1695
f 2049//1695 2005//1697 1902//1698
f 2049//1695 1902//1698 1901//1694
f 977//1699 1973//1700 978//1696
s 0
f 978//1701 1973//1701 1972//1701
s 1
f 978//1696 1972//1702 2005//1697
s 0
f 1014//1703 1944//1703 976//1703
s 1
f 976//1704 1944//1705 1943//1706
f 976//1704 1943//1706 977//1699
s 0
f 977//1707 1943//1707 1017//1707
s 1
f 977//1699 1017//1708 1973//1700
f 1028//1709 1027//1710 1686//1711
f 1686//1711 1685//1712 1028//1709
f 1028//1709 1685//1712 1683//1713
f 1028//1709 1683//1713 1036//1714
f 1036//1714 1683//1713 1682//1715
f 1036//1714 1682//1715 1037//1716
f 1027//1710 1014//1717 1686//1711
f 1686//1711 1014//1717 976//1718
f 1686//1711 976//1718 1684//1719
f 1684//1719 976//1718 975//1720
f 1684//1719 975//1720 1682//1715
f 1682//1715 975//1720 974//1721
f 1682//1715 974//1721 1037//1716
f 1836//1722 1688//1636 1837//1723
f 1837//1723 1688//1636 1687//1635
f 1837//1723 1687//1635 973//1724
f 973//1724 1687//1635 1689//1637
f 973//1724 1689//1637 974//1721
f 974//1721 1689//1637 1691//1639
f 974//1721 1691//1639 1037//1716
f 1037//1716 1691//1639 1690//1638
f 1037//1716 1690//1638 1836//1722
f 1836//1722 1690//1638 1688//1636
f 1150//1078 973//1724 1148//1075
f 1148//1075 973//1724 972//1725
f 1146//1726 1156//1727 973//1724
f 973//1724 1156//1727 1155//1083
f 973//1724 1155//1083 1154//1082
f 1150//1078 1149//1077 973//1724
f 973//1724 1149//1077 1147//1076
f 973//1724 1147//1076 1146//1726
f 1837//1723 1692//1728 1118//1043
f 1154//1082 1153//1081 973//1724
f 973//1724 1153//1081 1152//1080
f 973//1724 1152//1080 1837//1723
f 1837//1723 1152//1080 1159//1088
f 1837//1723 1159//1088 1692//1728
f 1692//1728 1159//1088 1552//1499
f 1692//1728 1552//1499 1118//1043
f 1009//1729 1010//1730 1837//1723
f 1837//1723 1010//1730 1011//1731
f 1011//1731 1908//973 1837//1723
f 1837//1723 1908//973 1013//1732
s 0
f 1837//1733 1013//1734 1907//1734
s 1
f 1118//1043 1117//1042 1837//1723
f 1837//1723 1117//1042 1161//1091
f 1837//1723 1161//1091 1009//1729
s 0
f 1009//1735 1161//1735 212//1735
s 1
f 233//176 1850//396 415//394
f 415//394 413//392 233//176
f 233//176 413//392 406//386
f 233//176 406//386 401//381
f 373//354 231//174 400//380
f 400//380 231//174 233//176
f 400//380 233//176 398//378
f 398//378 233//176 401//381
f 233//176 229//172 1850//396
f 1850//396 229//172 227//170
f 1850//396 227//170 221//163
f 221//163 223//165 1850//396
f 1850//396 223//165 218//160
f 1850//396 218//160 216//158
s 0
f 212//1736 210//1736 1009//1736
s 1
f 1009//964 210//1737 1850//396
f 1009//964 1850//396 214//156
f 214//156 1850//396 216//158
f 1515//1463 1514//1462 1789//1640
f 1789//1640 1514//1462 1157//1086
f 1789//1640 1157//1086 972//1725
f 972//1725 1157//1086 1151//1079
f 972//1725 1151//1079 1148//1075
f 1516//1464 1789//1640 1504//1454
f 1504//1454 1789//1640 970//1738
f 1504//1454 970//1738 1502//1452
f 1510//1460 1513//1460 969//1739
f 969//1739 1513//1460 1512//1461
f 969//1739 1512//1461 970//1738
f 970//1738 1512//1461 1511//1452
f 970//1738 1511//1452 1502//1452
f 1550//1497 1549//1496 968//1740
s 0
f 968//1741 1549//1741 1506//1741
s 1
f 968//1740 1506//1456 969//1739
f 969//1739 1506//1456 1508//1458
f 969//1739 1508//1458 1510//1460
f 1550//1497 968//1740 1551//1498
f 1551//1498 968//1740 967//1742
f 1551//1498 967//1742 1521//1469
f 1526//1474 1525//1473 966//1743
f 966//1743 1525//1473 1517//1465
f 966//1743 1517//1465 967//1742
f 967//1742 1517//1465 1519//1467
s 0
f 967//1744 1519//1744 1521//1744
s 1
f 1547//1494 1546//1494 965//1745
f 965//1745 1546//1494 1524//1472
f 965//1745 1524//1472 966//1743
f 966//1743 1524//1472 1527//1475
f 966//1743 1527//1475 1526//1474
f 1529//1477 964//1746 1541//1489
f 1541//1489 964//1746 963//1747
f 1529//1477 1076//1001 964//1746
f 964//1746 1076//1001 1075//1000
f 964//1746 1075//1000 965//1745
f 965//1745 1075//1000 1548//1495
f 965//1745 1548//1495 1547//1494
f 1876//1748 1538//1486 1540//1488
f 1540//1488 1545//1493 1876//1748
f 1876//1748 1545//1493 1544//1492
f 1876//1748 1544//1492 963//1749
f 963//1749 1544//1492 1542//1490
s 0
f 963//1750 1542//1750 1541//1750
s 1
f 1534//1482 1532//1480 1875//1751
f 1875//1751 1532//1480 1531//1479
f 1875//1751 1531//1479 1876//1748
f 1876//1748 1531//1479 1536//1484
f 1876//1748 1536//1484 1538//1486
f 1346//1293 1345//1292 1006//1752
f 1006//1752 1345//1292 1064//989
f 1006//1752 1064//989 1875//1751
f 1875//1751 1064//989 1063//988
f 1875//1751 1063//988 1534//1482
f 1353//1300 1352//1299 1005//1753
f 1005//1753 1352//1299 1350//1297
f 1005//1753 1350//1297 1006//1752
f 1006//1752 1350//1297 1348//1295
f 1006//1752 1348//1295 1346//1293
f 1353//1300 1005//1753 1344//1291
f 1344//1291 1005//1753 1004//1754
f 1344//1291 1004//1754 1343//1290
f 1003//1755 1355//1302 1370//1317
f 1370//1317 1369//1316 1003//1755
f 1003//1755 1369//1316 1367//1314
f 1003//1755 1367//1314 1004//1756
s 0
f 1004//1757 1367//1757 1366//1757
f 1004//1758 1366//1758 1343//1758
s 1
f 1002//1759 1363//1310 1003//1755
f 1003//1755 1363//1310 1357//1304
f 1003//1755 1357//1304 1355//1302
f 1362//1309 1360//1307 1824//1760
f 1824//1760 1360//1307 1359//1306
f 1824//1760 1359//1306 1002//1759
f 1002//1759 1359//1306 1364//1311
f 1002//1759 1364//1311 1363//1310
s 0
f 1447//1761 1444//1761 1844//1761
s 1
f 1844//1762 1444//1391 1443//1390
f 1844//1762 1443//1390 1823//1763
f 1823//1763 1443//1390 1442//1389
f 1442//1389 1441//1388 1823//1763
f 1823//1763 1441//1388 1439//1386
f 1823//1763 1439//1386 1824//1760
f 1824//1760 1439//1386 1438//1385
f 1824//1760 1438//1385 1362//1309
f 1447//1395 1844//1762 1448//1396
f 1448//1396 1844//1762 1814//1764
f 1448//1396 1814//1764 1449//1397
f 1456//1404 1455//1403 1811//1765
f 1811//1765 1455//1403 1446//1393
f 1811//1765 1446//1393 1814//1764
f 1814//1764 1446//1393 1445//1392
f 1814//1764 1445//1392 1449//1397
f 1454//1402 1453//1401 1807//1766
f 1807//1766 1453//1401 1452//1400
f 1807//1766 1452//1400 1811//1765
f 1811//1765 1452//1400 1458//1406
f 1811//1765 1458//1406 1456//1404
f 1138//1065 1137//1064 995//1650
f 995//1650 1137//1064 1122//1047
f 995//1650 1122//1047 1807//1766
f 1807//1766 1122//1047 1136//1063
f 1807//1766 1136//1063 1454//1402
s 0
f 593//1767 595//1767 1974//1767
f 1015//1767 1016//1767 2012//1767
f 572//1768 571//1768 1974//1768
f 621//1769 619//1769 1971//1769
f 1016//1770 1018//1770 2012//1770
f 2012//1767 1018//1767 1971//1767
f 2012//1767 1971//1767 767//1767
f 767//1771 1971//1771 627//1771
f 1019//1767 1020//1767 2012//1767
f 1971//1772 1021//1772 595//1772
f 595//1767 1021//1767 1022//1767
f 595//1773 1022//1773 1974//1773
f 621//1767 1971//1767 1730//1767
f 619//1774 618//1774 1971//1774
f 1971//1775 618//1775 626//1775
f 1971//1776 626//1776 1847//1776
f 1847//1777 623//1777 1971//1777
f 1971//1778 623//1778 622//1778
f 1971//1767 622//1767 631//1767
f 631//1767 630//1767 1971//1767
f 1971//1777 630//1777 628//1777
f 1971//1779 628//1779 627//1779
f 1023//1774 1024//1774 2012//1774
f 1020//1767 1025//1767 2012//1767
f 2012//1767 1025//1767 1026//1767
f 2012//1777 1026//1777 1015//1777
f 595//1780 2056//1780 1971//1780
f 1971//1777 2056//1777 2060//1777
f 1971//1781 2060//1781 2062//1781
f 2062//1774 601//1774 1971//1774
f 1971//1782 601//1782 602//1782
f 1971//1767 602//1767 604//1767
f 604//1783 607//1783 1971//1783
f 1971//1774 607//1774 606//1774
f 1971//1784 606//1784 610//1784
f 1971//1767 1738//1767 1737//1767
f 1928//1785 1929//1785 1878//1785
f 610//1777 609//1777 1971//1777
f 1971//1767 609//1767 608//1767
f 1971//1767 608//1767 1738//1767
f 1737//1767 611//1767 1971//1767
f 1971//1767 611//1767 616//1767
f 1971//1777 616//1777 1730//1777
f 1029//1767 1030//1767 2012//1767
f 578//1786 580//1786 1974//1786
f 587//1782 586//1782 1974//1782
f 1974//1767 586//1767 585//1767
f 1030//1782 1031//1782 2012//1782
f 2012//1767 1031//1767 1032//1767
f 2012//1767 1032//1767 1023//1767
f 1928//1767 1878//1767 1974//1767
f 1974//1787 1878//1787 1936//1787
f 1974//1767 1936//1767 1935//1767
f 580//1777 581//1777 1974//1777
f 1974//1788 581//1788 583//1788
f 1974//1768 583//1768 587//1768
f 585//1782 490//1782 1974//1782
f 1974//1789 490//1789 489//1789
f 1974//1784 489//1784 588//1784
f 588//1789 590//1789 1974//1789
f 1974//1767 590//1767 592//1767
f 1974//1790 592//1790 593//1790
f 1024//1782 1033//1782 2012//1782
f 2012//1767 1033//1767 1034//1767
f 2012//1767 1034//1767 1035//1767
f 1929//1767 1956//1767 1878//1767
f 1878//1791 1956//1791 1900//1791
f 1878//1792 1900//1792 536//1792
f 536//1767 1900//1767 531//1767
f 2043//1767 1954//1767 1974//1767
f 1974//1774 1954//1774 1955//1774
f 1974//1767 1955//1767 2003//1767
f 2003//1767 1986//1767 1974//1767
f 1974//1774 1986//1774 1985//1774
f 1974//1782 1985//1782 572//1782
f 571//1774 569//1774 1974//1774
f 1974//1793 569//1793 577//1793
f 1974//1794 577//1794 576//1794
f 1038//1777 1039//1777 2012//1777
f 1035//1767 1040//1767 2012//1767
f 2012//1774 1040//1774 1041//1774
f 2012//1767 1041//1767 1042//1767
f 1042//1777 1043//1777 2012//1777
f 2012//1767 1043//1767 1044//1767
f 2012//1777 1044//1777 1019//1777
f 1948//1767 2059//1767 1974//1767
f 576//1767 574//1767 1974//1767
f 1974//1795 574//1795 573//1795
f 1974//1774 573//1774 578//1774
f 1045//1796 1046//1796 1047//1796
f 1039//1792 1048//1792 2012//1792
f 2012//1767 1048//1767 1049//1767
f 2012//1767 1049//1767 1029//1767
f 1900//1797 1050//1797 1051//1797
f 2059//1782 2064//1782 1974//1782
f 1974//1798 2064//1798 2053//1798
f 1974//1782 2053//1782 2043//1782
f 635//1799 1052//1799 1045//1799
f 2012//1785 1047//1785 1053//1785
f 1053//1782 1054//1782 2012//1782
f 2012//1800 1054//1800 1055//1800
f 2012//1774 1055//1774 1056//1774
f 1056//1801 1057//1801 2012//1801
f 2012//1785 1057//1785 1058//1785
f 2012//1767 1058//1767 1038//1767
f 1995//1802 1994//1802 1900//1802
f 1900//1767 1994//1767 2000//1767
f 1900//1767 2000//1767 2002//1767
f 1935//1792 1949//1792 1974//1792
f 1974//1803 1949//1803 1951//1803
f 1974//1768 1951//1768 1903//1768
f 1903//1785 1904//1785 1974//1785
f 1974//1782 1904//1782 547//1782
f 1974//1777 547//1777 1934//1777
f 1934//1804 1952//1804 1974//1804
f 1974//1805 1952//1805 1947//1805
f 1974//1806 1947//1806 1948//1806
f 635//1807 1045//1807 636//1807
f 1051//1808 514//1808 1900//1808
f 1900//1809 514//1809 513//1809
f 1900//1810 513//1810 519//1810
f 519//1782 518//1782 1900//1782
f 1900//1811 518//1811 516//1811
f 1900//1810 516//1810 515//1810
f 515//1812 520//1812 1900//1812
f 1900//1782 520//1782 2007//1782
f 1900//1813 2007//1813 1995//1813
f 2002//1792 528//1792 1900//1792
f 1900//1782 528//1782 530//1782
f 1900//1792 530//1792 535//1792
f 535//1782 534//1782 1900//1782
f 1900//1774 534//1774 532//1774
f 1900//1814 532//1814 531//1814
f 1047//1797 2012//1797 1045//1797
f 1045//1815 2012//1815 637//1815
f 1045//1816 637//1816 636//1816
o Actor1
v 0.004600 0.124111 -0.053194
v 0.004565 0.123959 -0.053320
v 0.002577 0.124179 -0.053314
v 0.000000 0.127533 -0.049946
v 0.000000 0.127533 -0.049946
v 0.000000 0.126857 -0.050813
v 0.004896 0.127219 -0.049945
v 0.004881 0.126996 -0.050240
v 0.003327 0.127379 -0.049946
v 0.002850 0.127428 -0.049946
v 0.000400 0.127541 -0.049946
v 0.001665 0.127489 -0.049946
v 0.002793 0.126743 -0.050820
v 0.004863 0.126745 -0.050537
v 0.002652 0.127448 -0.049946
v -0.001665 0.127501 -0.049946
v -0.003327 0.127378 -0.049946
v -0.002849 0.127417 -0.049946
v -0.002792 0.126743 -0.050820
v -0.001850 0.127497 -0.049946
v -0.004846 0.126504 -0.050826
v -0.004863 0.126741 -0.050534
v -0.004091 0.127317 -0.049946
v -0.004896 0.127219 -0.049945
v -0.002725 0.125944 -0.051708
v -0.004816 0.126071 -0.051328
v -0.004828 0.126238 -0.051155
v -0.002653 0.125088 -0.052541
v -0.004726 0.124858 -0.052553
v -0.004727 0.124864 -0.052548
v -0.004749 0.125156 -0.052276
v -0.004773 0.125488 -0.051932
v -0.004789 0.125703 -0.051710
v -0.004612 0.124113 -0.053199
v -0.002576 0.124179 -0.053314
v -0.004609 0.124089 -0.053219
v -0.002496 0.123225 -0.054022
v -0.004378 0.123355 -0.053798
v -0.004568 0.123960 -0.053321
v -0.002412 0.122233 -0.054662
v -0.003657 0.122113 -0.054664
v -0.004037 0.122666 -0.054295
v -0.004057 0.122695 -0.054276
v -0.004226 0.123042 -0.054025
v -0.002326 0.121210 -0.055230
v -0.002671 0.121179 -0.055229
v -0.002694 0.121197 -0.055218
v -0.002722 0.121219 -0.055206
v -0.003133 0.121540 -0.055021
v -0.003625 0.122066 -0.054695
v -0.001951 0.120738 -0.055473
v -0.002304 0.120937 -0.055365
v -0.002507 0.121051 -0.055303
v 0.000000 0.120308 -0.055694
v -0.000613 0.120394 -0.055655
v 0.000000 0.121296 -0.055227
v -0.000519 0.120325 -0.055686
v -0.001230 0.120467 -0.055615
v 0.002303 0.120927 -0.055371
v 0.001672 0.120617 -0.055537
v 0.000961 0.120399 -0.055649
v 0.000228 0.120301 -0.055698
v 0.000000 0.120308 -0.055694
v 0.003646 0.122113 -0.054663
v 0.003448 0.121859 -0.054826
v 0.002413 0.122233 -0.054662
v 0.002937 0.121369 -0.055122
v 0.002721 0.121216 -0.055208
v 0.002694 0.121197 -0.055219
v 0.002327 0.121210 -0.055230
v 0.002669 0.121179 -0.055229
v 0.002331 0.120941 -0.055364
v 0.003879 0.122410 -0.054470
v 0.002497 0.123225 -0.054022
v 0.004023 0.122665 -0.054292
v 0.004519 0.123753 -0.053490
v 0.004261 0.123084 -0.053999
v 0.004237 0.123043 -0.054028
v 0.004685 0.124487 -0.052882
v 0.002653 0.125087 -0.052541
v 0.004728 0.124864 -0.052548
v 0.004773 0.125487 -0.051930
v 0.002726 0.125944 -0.051708
v 0.004789 0.125706 -0.051712
v 0.004846 0.126502 -0.050824
v 0.004816 0.126070 -0.051335
v 0.004809 0.125981 -0.051439
v 0.000000 0.126054 -0.051702
v 0.000000 0.125193 -0.052536
v 0.000000 0.124280 -0.053309
v 0.000000 0.123322 -0.054018
v 0.000000 0.122325 -0.054659
v -0.034078 0.079924 -0.050053
v -0.033971 0.079981 -0.050348
v -0.033199 0.078118 -0.050503
v -0.025858 0.082657 -0.057068
v -0.025843 0.082652 -0.057070
v -0.025557 0.081682 -0.057072
v -0.025067 0.073610 -0.056088
v -0.026266 0.075327 -0.056035
v -0.024460 0.074029 -0.056445
v -0.024969 0.076229 -0.056699
v -0.024320 0.074140 -0.056510
v -0.023610 0.074763 -0.056823
v -0.023297 0.075093 -0.056944
v -0.022987 0.075530 -0.057038
v -0.023834 0.074527 -0.056736
v -0.023893 0.074481 -0.056709
v -0.022145 0.077580 -0.057200
v -0.022194 0.077312 -0.057198
v -0.023653 0.077145 -0.057080
v -0.022444 0.076513 -0.057169
v -0.022468 0.076467 -0.057164
v -0.022814 0.075775 -0.057091
v -0.022845 0.075731 -0.057081
v -0.023549 0.080809 -0.057200
v -0.023306 0.080188 -0.057200
v -0.024714 0.079381 -0.057076
v -0.022902 0.079155 -0.057200
v -0.022365 0.078038 -0.057200
v -0.023862 0.081767 -0.057200
v -0.024483 0.082166 -0.057189
v -0.024502 0.082174 -0.057188
v -0.025150 0.082458 -0.057148
v -0.024967 0.082378 -0.057160
v -0.027660 0.082712 -0.056644
v -0.027431 0.082749 -0.056724
v -0.027114 0.080956 -0.056663
v -0.027217 0.082752 -0.056779
v -0.026672 0.082761 -0.056920
v -0.026296 0.082713 -0.056988
v -0.026114 0.082689 -0.057021
v -0.027888 0.080595 -0.056346
v -0.028515 0.082531 -0.056316
v -0.028243 0.082618 -0.056440
v -0.029029 0.082366 -0.056080
v -0.028647 0.080240 -0.055952
v -0.029254 0.082269 -0.055958
v -0.030167 0.081843 -0.055373
v -0.030082 0.081883 -0.055429
v -0.029383 0.079897 -0.055482
v -0.029324 0.082237 -0.055916
v -0.029284 0.082256 -0.055942
v -0.031123 0.081391 -0.054608
v -0.031028 0.081436 -0.054686
v -0.030086 0.079569 -0.054940
v -0.030802 0.081543 -0.054870
v -0.030250 0.081804 -0.055320
v -0.031481 0.081219 -0.054245
v -0.030748 0.079260 -0.054328
v -0.031821 0.081056 -0.053900
v -0.031361 0.078975 -0.053655
v -0.031913 0.081012 -0.053807
v -0.032683 0.080635 -0.052822
v -0.032650 0.080652 -0.052875
v -0.031917 0.078715 -0.052926
v -0.032530 0.080710 -0.053026
v -0.032109 0.080916 -0.053559
v -0.033145 0.080405 -0.052081
v -0.032411 0.078485 -0.052151
v -0.033179 0.080388 -0.052027
v -0.033826 0.080058 -0.050748
v -0.033663 0.080142 -0.051085
v -0.032839 0.078285 -0.051340
v -0.033608 0.080170 -0.051199
v -0.033310 0.080323 -0.051817
v -0.032634 0.076160 -0.049646
v -0.033402 0.077790 -0.049661
v -0.033479 0.077986 -0.049663
v -0.034072 0.079491 -0.049676
v -0.034214 0.079851 -0.049679
v -0.031108 0.073378 -0.049619
v -0.030116 0.072650 -0.050947
v -0.030857 0.072986 -0.049614
v -0.030480 0.072396 -0.049608
v -0.031301 0.073678 -0.049622
v -0.031784 0.074552 -0.049630
v -0.031775 0.075318 -0.050729
v -0.032103 0.075130 -0.049636
v -0.032418 0.075700 -0.049641
v -0.029249 0.070754 -0.049870
v -0.029321 0.070705 -0.049590
v -0.029859 0.071459 -0.049599
v -0.030057 0.071736 -0.049602
v -0.029030 0.070899 -0.050713
v -0.028992 0.070925 -0.050816
v -0.028216 0.071450 -0.052637
v -0.028241 0.071433 -0.052586
v -0.029450 0.073113 -0.052486
v -0.028630 0.071169 -0.051796
v -0.029812 0.072861 -0.051729
v -0.028649 0.071157 -0.051746
v -0.028896 0.070990 -0.051077
v -0.028132 0.071507 -0.052808
v -0.029032 0.073404 -0.053209
v -0.027827 0.071715 -0.053290
v -0.028562 0.073731 -0.053890
v -0.027545 0.071908 -0.053736
v -0.027708 0.071797 -0.053479
v -0.028043 0.074091 -0.054519
v -0.027129 0.072193 -0.054256
v -0.027368 0.072029 -0.053957
v -0.027484 0.074481 -0.055090
v -0.026488 0.072633 -0.054956
v -0.026881 0.072363 -0.054567
v -0.026888 0.074894 -0.055596
v -0.026124 0.072882 -0.055316
v -0.026312 0.072753 -0.055131
v -0.025125 0.073570 -0.056054
v -0.025308 0.073444 -0.055947
v -0.025797 0.073108 -0.055569
v -0.031443 0.075509 -0.051538
v -0.031048 0.075737 -0.052322
v -0.030591 0.076000 -0.053071
v -0.030077 0.076295 -0.053774
v -0.029511 0.076621 -0.054425
v -0.028899 0.076973 -0.055016
v -0.028249 0.077347 -0.055541
v -0.027569 0.077738 -0.055995
v -0.026867 0.078142 -0.056375
v -0.026152 0.078553 -0.056682
v 0.024176 0.074237 -0.056583
v 0.023897 0.074490 -0.056703
v 0.024969 0.076229 -0.056699
v 0.023278 0.080070 -0.057200
v 0.023317 0.080183 -0.057200
v 0.024714 0.079381 -0.057076
v 0.033794 0.080075 -0.050823
v 0.033969 0.079982 -0.050347
v 0.033199 0.078117 -0.050503
v 0.031671 0.074315 -0.049628
v 0.031104 0.073383 -0.049619
v 0.030116 0.072650 -0.050947
v 0.030861 0.072983 -0.049614
v 0.029322 0.070705 -0.049590
v 0.029249 0.070754 -0.049870
v 0.029849 0.071465 -0.049599
v 0.029029 0.070900 -0.050719
v 0.030490 0.072389 -0.049608
v 0.030569 0.072502 -0.049610
v 0.033400 0.077807 -0.049661
v 0.032661 0.076184 -0.049646
v 0.031775 0.075318 -0.050729
v 0.032103 0.075129 -0.049635
v 0.031794 0.074547 -0.049630
v 0.034214 0.079851 -0.049679
v 0.034074 0.079490 -0.049676
v 0.034077 0.079924 -0.050053
v 0.033533 0.078098 -0.049663
v 0.033481 0.077985 -0.049663
v 0.033665 0.080141 -0.051086
v 0.032839 0.078285 -0.051340
v 0.033609 0.080170 -0.051199
v 0.033249 0.080353 -0.051926
v 0.032411 0.078485 -0.052151
v 0.033183 0.080386 -0.052030
v 0.033149 0.080403 -0.052084
v 0.031917 0.078715 -0.052926
v 0.032680 0.080637 -0.052820
v 0.031893 0.081021 -0.053829
v 0.032109 0.080916 -0.053559
v 0.031361 0.078974 -0.053655
v 0.032533 0.080709 -0.053029
v 0.032599 0.080677 -0.052947
v 0.031822 0.081055 -0.053900
v 0.030748 0.079260 -0.054328
v 0.031480 0.081219 -0.054244
v 0.031062 0.081420 -0.054663
v 0.030086 0.079569 -0.054939
v 0.031031 0.081435 -0.054689
v 0.029284 0.082256 -0.055942
v 0.029324 0.082237 -0.055916
v 0.028647 0.080240 -0.055952
v 0.030107 0.081871 -0.055422
v 0.029383 0.079897 -0.055482
v 0.030168 0.081843 -0.055375
v 0.030803 0.081543 -0.054870
v 0.028267 0.082599 -0.056421
v 0.028521 0.082543 -0.056323
v 0.027888 0.080595 -0.056346
v 0.028529 0.082541 -0.056320
v 0.029253 0.082268 -0.055957
v 0.027755 0.082711 -0.056620
v 0.027114 0.080956 -0.056663
v 0.027663 0.082718 -0.056647
v 0.026122 0.082704 -0.057027
v 0.026285 0.082717 -0.056993
v 0.026962 0.082769 -0.056852
v 0.027217 0.082750 -0.056778
v 0.023866 0.081781 -0.057200
v 0.024505 0.082173 -0.057187
v 0.025557 0.081682 -0.057071
v 0.024552 0.082202 -0.057186
v 0.024965 0.082371 -0.057158
v 0.025311 0.082513 -0.057134
v 0.025838 0.082637 -0.057064
v 0.026120 0.082704 -0.057027
v 0.023653 0.077145 -0.057080
v 0.022373 0.078034 -0.057200
v 0.022558 0.078400 -0.057200
v 0.022985 0.075525 -0.057040
v 0.022851 0.075742 -0.057076
v 0.022655 0.076057 -0.057128
v 0.022143 0.077577 -0.057200
v 0.022338 0.076797 -0.057185
v 0.022474 0.076480 -0.057160
v 0.023606 0.074753 -0.056828
v 0.023578 0.074778 -0.056840
v 0.023076 0.075378 -0.057016
v 0.026266 0.075327 -0.056035
v 0.025067 0.073610 -0.056087
v 0.024460 0.074028 -0.056445
v 0.024318 0.074133 -0.056515
v 0.026888 0.074894 -0.055596
v 0.025325 0.073432 -0.055935
v 0.025124 0.073571 -0.056053
v 0.027484 0.074480 -0.055090
v 0.026138 0.072873 -0.055304
v 0.025797 0.073108 -0.055569
v 0.028043 0.074091 -0.054519
v 0.026488 0.072633 -0.054957
v 0.026313 0.072753 -0.055131
v 0.028562 0.073731 -0.053890
v 0.027129 0.072193 -0.054256
v 0.026880 0.072363 -0.054568
v 0.027826 0.071716 -0.053290
v 0.027707 0.071797 -0.053478
v 0.029032 0.073404 -0.053209
v 0.027544 0.071908 -0.053737
v 0.027368 0.072029 -0.053957
v 0.028139 0.071503 -0.052795
v 0.029450 0.073113 -0.052486
v 0.028217 0.071450 -0.052637
v 0.029812 0.072861 -0.051728
v 0.028635 0.071166 -0.051785
v 0.028242 0.071433 -0.052586
v 0.028993 0.070925 -0.050817
v 0.028896 0.070990 -0.051077
v 0.028649 0.071156 -0.051746
v 0.031443 0.075509 -0.051538
v 0.031048 0.075737 -0.052322
v 0.030591 0.076000 -0.053070
v 0.030077 0.076295 -0.053774
v 0.029511 0.076621 -0.054425
v 0.028899 0.076973 -0.055016
v 0.028249 0.077347 -0.055541
v 0.027569 0.077738 -0.055995
v 0.026867 0.078142 -0.056375
v 0.026152 0.078553 -0.056681
v -0.015873 0.069845 -0.057200
v 0.015715 0.107889 -0.057200
v 0.016557 0.107187 -0.057200
v 0.024615 0.084961 -0.057200
v 0.024328 0.083526 -0.057200
v 0.007120 0.065170 -0.057200
v -0.015927 0.069889 -0.057200
v -0.015940 0.069900 -0.057200
v -0.016047 0.069989 -0.057200
v -0.007029 0.065131 -0.057200
v -0.007123 0.065162 -0.057200
v 0.018141 0.105721 -0.057200
v -0.019356 0.073346 -0.057200
v -0.019745 0.073856 -0.057200
v 0.012922 0.067741 -0.057200
v 0.012376 0.067433 -0.057200
v 0.017926 0.071758 -0.057200
v -0.014166 0.068551 -0.057200
v -0.014752 0.068986 -0.057200
v -0.020312 0.074598 -0.057200
v -0.020557 0.074968 -0.057200
v -0.021312 0.076111 -0.057200
v 0.020924 0.102267 -0.057200
v 0.020418 0.103027 -0.057200
v 0.019601 0.104077 -0.057200
v 0.018447 0.072292 -0.057200
v 0.017028 0.106795 -0.057200
v -0.015533 0.069568 -0.057200
v -0.016806 0.070653 -0.057200
v -0.016929 0.070774 -0.057200
v -0.017929 0.071754 -0.057200
v 0.013142 0.109613 -0.057200
v -0.018140 0.105719 -0.057200
v 0.012633 0.109921 -0.057200
v 0.011344 0.110577 -0.057200
v 0.018290 0.105577 -0.057200
v 0.019362 0.104384 -0.057200
v 0.006690 0.065033 -0.057200
v 0.005728 0.064799 -0.057200
v 0.004995 0.064620 -0.057200
v 0.004315 0.064504 -0.057200
v 0.003276 0.064326 -0.057200
v 0.002886 0.064287 -0.057200
v 0.001596 0.064157 -0.057200
v 0.001446 0.064152 -0.057200
v -0.000000 0.064110 -0.057200
v -0.001923 0.064181 -0.057200
v -0.002886 0.064291 -0.057200
v -0.003641 0.064378 -0.057200
v -0.004315 0.064504 -0.057200
v -0.005348 0.064696 -0.057200
v -0.005729 0.064794 -0.057200
v -0.018129 0.071950 -0.057200
v -0.018864 0.072787 -0.057200
v -0.024327 0.083527 -0.057200
v -0.023521 0.097163 -0.057200
v -0.023110 0.098196 -0.057200
v -0.022941 0.098620 -0.057200
v -0.021396 0.101564 -0.057200
v -0.020929 0.102270 -0.057200
v -0.020556 0.102835 -0.057200
v -0.019604 0.104079 -0.057200
v -0.008203 0.111838 -0.057200
v -0.007622 0.112001 -0.057200
v 0.014179 0.108985 -0.057200
v 0.014883 0.108483 -0.057200
v 0.024913 0.090319 -0.057200
v 0.024949 0.088625 -0.057200
v 0.021701 0.076763 -0.057200
v 0.021301 0.076118 -0.057200
v 0.020775 0.075265 -0.057200
v 0.020559 0.074968 -0.057200
v 0.019750 0.073852 -0.057200
v 0.018865 0.072786 -0.057200
v 0.011476 0.066926 -0.057200
v 0.011120 0.066755 -0.057200
v 0.009947 0.066194 -0.057200
v 0.009824 0.066146 -0.057200
v 0.008489 0.065617 -0.057200
v 0.019645 0.073707 -0.057200
v 0.008346 0.065561 -0.057200
v -0.000197 0.064105 -0.057200
v -0.001446 0.064160 -0.057200
v -0.008489 0.065618 -0.057200
v -0.008666 0.065677 -0.057200
v -0.009822 0.066152 -0.057200
v -0.021358 0.076182 -0.057200
v -0.024357 0.083639 -0.057200
v -0.024663 0.085258 -0.057200
v -0.024764 0.086088 -0.057200
v -0.024920 0.087730 -0.057200
v -0.024921 0.087748 -0.057200
v -0.024840 0.091154 -0.057200
v -0.024891 0.090666 -0.057200
v -0.024951 0.088885 -0.057200
v -0.022288 0.099989 -0.057200
v -0.022108 0.100306 -0.057200
v -0.019462 0.104264 -0.057200
v -0.018354 0.105511 -0.057200
v -0.017101 0.106729 -0.057200
v -0.016555 0.107185 -0.057200
v -0.015686 0.107910 -0.057200
v 0.024854 0.086811 -0.057200
v 0.024761 0.086088 -0.057200
v 0.024306 0.083416 -0.057200
v 0.017303 0.071118 -0.057200
v 0.016924 0.070780 -0.057200
v 0.013585 0.068181 -0.057200
v -0.010228 0.066319 -0.057200
v -0.011118 0.066759 -0.057200
v -0.011761 0.067076 -0.057200
v -0.024861 0.086884 -0.057200
v -0.024919 0.087727 -0.057200
v -0.024928 0.087894 -0.057200
v -0.024946 0.088639 -0.057200
v -0.024723 0.092263 -0.057200
v -0.024500 0.093604 -0.057200
v -0.024433 0.093933 -0.057200
v -0.014888 0.108490 -0.057200
v -0.014520 0.108757 -0.057200
v -0.013146 0.109620 -0.057200
v -0.006351 0.112359 -0.057200
v -0.005730 0.112485 -0.057200
v -0.004461 0.112743 -0.057200
v -0.003825 0.112824 -0.057200
v -0.002523 0.112990 -0.057200
v -0.001914 0.113024 -0.057200
v 0.021437 0.101498 -0.057200
v 0.022105 0.100304 -0.057200
v 0.022359 0.099851 -0.057200
v 0.022995 0.098496 -0.057200
v 0.023110 0.098197 -0.057200
v 0.023632 0.096848 -0.057200
v -0.024024 0.095600 -0.057200
v -0.023909 0.095955 -0.057200
v -0.011346 0.110579 -0.057200
v -0.010015 0.111177 -0.057200
v -0.009497 0.111366 -0.057200
v 0.023902 0.095953 -0.057200
v 0.024170 0.095063 -0.057200
v 0.024500 0.093604 -0.057200
v 0.024746 0.092102 -0.057200
v 0.024835 0.091154 -0.057200
v 0.015924 0.069887 -0.057200
v 0.015920 0.069883 -0.057200
v 0.015884 0.069853 -0.057200
v -0.012376 0.067433 -0.057200
v -0.013150 0.067882 -0.057200
v -0.013163 0.067890 -0.057200
v -0.013271 0.067958 -0.057200
v -0.013592 0.068171 -0.057200
v -0.012981 0.109724 -0.057200
v -0.011568 0.110479 -0.057200
v -0.000574 0.113098 -0.057200
v 0.000000 0.113091 -0.057200
v 0.001199 0.113078 -0.057200
v 0.001914 0.113025 -0.057200
v 0.002972 0.112946 -0.057200
v 0.003826 0.112827 -0.057200
v 0.004602 0.112719 -0.057200
v 0.005732 0.112495 -0.057200
v 0.011058 0.110723 -0.057200
v 0.015594 0.069617 -0.057200
v 0.014756 0.068980 -0.057200
v 0.014514 0.068796 -0.057200
v 0.007553 0.112038 -0.057200
v 0.007626 0.112014 -0.057200
v 0.006001 0.112441 -0.057200
v 0.009500 0.111373 -0.057200
v 0.009290 0.111461 -0.057200
v -0.031658 0.092049 -0.055134
v -0.031590 0.093604 -0.055096
v -0.030431 0.093604 -0.055768
v -0.031561 0.088921 -0.055210
v -0.031648 0.090486 -0.055172
v -0.030537 0.090596 -0.055820
v -0.030521 0.092104 -0.055794
v 0.032121 0.085557 -0.054559
v 0.031769 0.083966 -0.054610
v 0.030833 0.084250 -0.055321
v 0.023323 0.114743 -0.053573
v 0.024386 0.113616 -0.053614
v 0.023339 0.112757 -0.054599
v 0.018952 0.116696 -0.054485
v 0.021232 0.114836 -0.054540
v 0.020196 0.113800 -0.055389
v 0.025750 0.107367 -0.055518
v 0.024090 0.109699 -0.055473
v 0.025252 0.110475 -0.054662
v 0.013232 0.118358 -0.055289
v 0.010695 0.119423 -0.055264
v 0.011294 0.120869 -0.054357
v -0.013848 0.122884 -0.052081
v -0.012383 0.123499 -0.052049
v -0.011860 0.122236 -0.053280
v -0.007844 0.124918 -0.051974
v -0.006295 0.125248 -0.051956
v -0.006023 0.123884 -0.053210
v -0.010891 0.124044 -0.052020
v -0.009378 0.124517 -0.051995
v -0.008977 0.123195 -0.053240
v -0.023339 0.112757 -0.054599
v -0.021232 0.114836 -0.054540
v -0.020196 0.113800 -0.055389
v -0.008084 0.120251 -0.055244
v -0.010694 0.119423 -0.055265
v -0.011294 0.120869 -0.054357
v -0.018952 0.116696 -0.054485
v -0.016521 0.118327 -0.054437
v -0.015675 0.117062 -0.055319
v -0.018004 0.115541 -0.055352
v 0.023247 0.100654 -0.057151
v 0.019214 0.106440 -0.057147
v -0.014024 0.110691 -0.057143
v -0.020715 0.104675 -0.057148
v -0.025179 0.083174 -0.057162
v -0.030434 0.082714 -0.055358
v -0.031336 0.082391 -0.054660
v -0.034130 0.081392 -0.051001
v -0.028704 0.070047 -0.049942
v -0.028463 0.070245 -0.050877
v -0.028144 0.070506 -0.051795
v -0.027748 0.070831 -0.052680
v -0.027278 0.071217 -0.053516
v -0.026741 0.071658 -0.054289
v -0.022657 0.075008 -0.057046
v -0.001516 0.062745 -0.057076
v 0.006009 0.063389 -0.057074
v 0.015131 0.068356 -0.057170
v 0.022657 0.075008 -0.057046
v 0.023381 0.074414 -0.056832
v 0.024104 0.073821 -0.056519
v 0.026741 0.071658 -0.054289
v 0.028144 0.070506 -0.051795
v 0.028463 0.070245 -0.050877
v 0.033534 0.077743 -0.049198
v 0.032722 0.076114 -0.049354
v 0.031337 0.082391 -0.054660
v 0.013324 0.058551 -0.048824
v 0.012628 0.058310 -0.048860
v 0.012624 0.058322 -0.049546
v 0.004432 0.056367 -0.049157
v 0.003674 0.056300 -0.049168
v 0.003673 0.056312 -0.049825
v -0.024506 0.065219 -0.047891
v -0.025173 0.065829 -0.047808
v -0.025162 0.065842 -0.048575
v 0.034642 0.107953 -0.042364
v 0.034600 0.107935 -0.043573
v 0.033854 0.109615 -0.043374
v 0.004916 0.126747 -0.050546
v 0.006539 0.126476 -0.050563
v -0.001697 0.128158 -0.049008
v 0.000000 0.128199 -0.049005
v -0.005077 0.127833 -0.049034
v -0.003391 0.128036 -0.049018
v 0.001697 0.128158 -0.049008
v 0.003391 0.128036 -0.049018
v 0.005077 0.127833 -0.049034
v 0.006295 0.125248 -0.051956
v 0.006023 0.123884 -0.053210
v 0.005730 0.122406 -0.054305
v 0.002718 0.121198 -0.055220
v 0.005419 0.120843 -0.055230
v 0.000000 0.119652 -0.055966
v 0.002555 0.119545 -0.055968
v -0.002555 0.119545 -0.055968
v -0.005419 0.120843 -0.055230
v -0.005729 0.122406 -0.054305
v -0.002718 0.121198 -0.055220
v -0.004916 0.126747 -0.050546
v 0.037306 0.097278 -0.043733
v 0.037434 0.095833 -0.043916
v 0.037273 0.097275 -0.044830
v 0.037410 0.095441 -0.045045
v 0.037047 0.099099 -0.044616
v 0.037080 0.099104 -0.043501
v 0.037196 0.098302 -0.043602
v 0.037247 0.097950 -0.043647
v 0.036944 0.100038 -0.043382
v 0.036732 0.100910 -0.044403
v 0.036765 0.100917 -0.043269
v 0.036528 0.102085 -0.043120
v 0.036328 0.102704 -0.044192
v 0.036364 0.102712 -0.043040
v 0.035838 0.104475 -0.043983
v 0.036007 0.104078 -0.042865
v 0.036308 0.102926 -0.043012
v 0.035262 0.106221 -0.043777
v 0.035391 0.106000 -0.042616
v 0.035876 0.104487 -0.042812
v 0.034696 0.107831 -0.042380
v 0.034858 0.107405 -0.042435
v 0.035302 0.106235 -0.042586
v 0.033026 0.111256 -0.043177
v 0.033833 0.109777 -0.042128
v 0.033896 0.109635 -0.042146
v 0.032784 0.111810 -0.041864
v 0.032857 0.111667 -0.041882
v 0.033060 0.111275 -0.041933
v 0.032151 0.112874 -0.041725
v 0.032119 0.112855 -0.042985
v 0.031663 0.113695 -0.041617
v 0.031135 0.114407 -0.042798
v 0.031167 0.114429 -0.041521
v 0.030436 0.115510 -0.041378
v 0.030076 0.115910 -0.042615
v 0.030335 0.115643 -0.041361
v 0.027745 0.118750 -0.042267
v 0.028984 0.117390 -0.041129
v 0.028945 0.117359 -0.042438
v 0.029109 0.117245 -0.041148
v 0.030110 0.115935 -0.041322
v 0.027327 0.119266 -0.040877
v 0.027686 0.118897 -0.040927
v 0.027782 0.118784 -0.040942
v 0.026507 0.120111 -0.040763
v 0.026478 0.120081 -0.042103
v 0.026087 0.120543 -0.040705
v 0.025146 0.121348 -0.041945
v 0.025173 0.121378 -0.040592
v 0.024506 0.121989 -0.040509
v 0.023754 0.122547 -0.041794
v 0.023894 0.122486 -0.040441
v 0.022304 0.123677 -0.041650
v 0.022777 0.123394 -0.040317
v 0.023780 0.122579 -0.040428
v 0.020801 0.124734 -0.041515
v 0.020970 0.124692 -0.040138
v 0.022331 0.123714 -0.040273
v 0.019248 0.125718 -0.041388
v 0.020085 0.125252 -0.040060
v 0.020831 0.124780 -0.040126
v 0.017649 0.126624 -0.041270
v 0.019090 0.125880 -0.039973
v 0.019276 0.125764 -0.039989
v 0.015960 0.127520 -0.039740
v 0.016026 0.127489 -0.039744
v 0.016008 0.127450 -0.041161
v 0.017145 0.126955 -0.039821
v 0.017671 0.126664 -0.039862
v 0.015141 0.127911 -0.039684
v 0.014328 0.128195 -0.041062
v 0.014345 0.128235 -0.039637
v 0.013085 0.128747 -0.039562
v 0.012613 0.128856 -0.040973
v 0.012629 0.128901 -0.039539
v 0.011584 0.129256 -0.039486
v 0.010868 0.129431 -0.040894
v 0.010985 0.129459 -0.039456
v 0.010885 0.129486 -0.039452
v 0.009097 0.129920 -0.040827
v 0.009110 0.129973 -0.039379
v 0.008849 0.130045 -0.039368
v 0.007304 0.130322 -0.040771
v 0.007313 0.130370 -0.039317
v 0.004498 0.130833 -0.039244
v 0.005500 0.130682 -0.039268
v 0.005493 0.130637 -0.040726
v 0.006684 0.130503 -0.039296
v 0.007025 0.130431 -0.039308
v 0.003674 0.130908 -0.039232
v 0.003670 0.130862 -0.040694
v 0.002354 0.131028 -0.039213
v 0.001837 0.130998 -0.040674
v 0.002300 0.131033 -0.039212
v -0.001837 0.130998 -0.040674
v 0.000000 0.131101 -0.039200
v 0.000000 0.131044 -0.040668
v 0.000097 0.131103 -0.039200
v 0.001840 0.131048 -0.039209
v -0.002354 0.131024 -0.039213
v -0.002146 0.131042 -0.039210
v -0.001839 0.131050 -0.039209
v -0.003674 0.130908 -0.039232
v -0.003669 0.130862 -0.040694
v -0.004431 0.130841 -0.039243
v -0.005493 0.130637 -0.040726
v -0.005499 0.130681 -0.039269
v -0.006701 0.130500 -0.039297
v -0.007303 0.130322 -0.040771
v -0.007025 0.130431 -0.039308
v -0.010868 0.129431 -0.040894
v -0.009110 0.129975 -0.039378
v -0.009097 0.129920 -0.040827
v -0.008946 0.130021 -0.039371
v -0.007313 0.130369 -0.039317
v -0.011584 0.129258 -0.039486
v -0.011156 0.129405 -0.039465
v -0.010883 0.129482 -0.039453
v -0.012628 0.128897 -0.039540
v -0.012613 0.128856 -0.040973
v -0.013324 0.128656 -0.039575
v -0.014328 0.128195 -0.041062
v -0.014344 0.128233 -0.039637
v -0.015443 0.127776 -0.039703
v -0.016008 0.127450 -0.041161
v -0.015961 0.127523 -0.039739
v -0.017649 0.126624 -0.041270
v -0.017503 0.126768 -0.039847
v -0.016027 0.127491 -0.039744
v -0.019497 0.125637 -0.040007
v -0.019275 0.125763 -0.039989
v -0.019248 0.125718 -0.041388
v -0.017674 0.126671 -0.039861
v -0.022304 0.123677 -0.041650
v -0.021417 0.124386 -0.040181
v -0.020801 0.124735 -0.041515
v -0.020825 0.124771 -0.040127
v -0.020085 0.125253 -0.040060
v -0.023893 0.122485 -0.040441
v -0.023780 0.122580 -0.040428
v -0.023753 0.122547 -0.041794
v -0.023258 0.123020 -0.040368
v -0.022328 0.123710 -0.040273
v -0.025011 0.121545 -0.040570
v -0.025146 0.121348 -0.041945
v -0.025179 0.121385 -0.040591
v -0.026478 0.120081 -0.042103
v -0.026513 0.120117 -0.040763
v -0.027745 0.118751 -0.042267
v -0.027324 0.119263 -0.040878
v -0.026639 0.119996 -0.040779
v -0.028945 0.117359 -0.042438
v -0.028185 0.118339 -0.041002
v -0.027776 0.118778 -0.040943
v -0.030323 0.115635 -0.041362
v -0.030107 0.115933 -0.041322
v -0.030076 0.115910 -0.042615
v -0.029681 0.116523 -0.041244
v -0.028973 0.117382 -0.041129
v -0.031057 0.114621 -0.041496
v -0.031135 0.114407 -0.042798
v -0.031175 0.114434 -0.041520
v -0.032118 0.112855 -0.042985
v -0.032158 0.112879 -0.041724
v -0.032308 0.112642 -0.041755
v -0.033026 0.111256 -0.043177
v -0.032845 0.111661 -0.041883
v -0.033854 0.109615 -0.043374
v -0.033431 0.110593 -0.042022
v -0.033058 0.111273 -0.041933
v -0.034851 0.107402 -0.042435
v -0.034633 0.107950 -0.042364
v -0.034600 0.107935 -0.043573
v -0.034422 0.108482 -0.042296
v -0.033883 0.109629 -0.042147
v -0.035244 0.106414 -0.042563
v -0.035262 0.106221 -0.043777
v -0.035303 0.106236 -0.042586
v -0.035838 0.104475 -0.043983
v -0.035883 0.104489 -0.042812
v -0.035913 0.104396 -0.042824
v -0.036328 0.102704 -0.044192
v -0.036310 0.102926 -0.043012
v -0.036732 0.100910 -0.044403
v -0.036466 0.102350 -0.043086
v -0.036367 0.102713 -0.043040
v -0.037200 0.098303 -0.043602
v -0.037079 0.099104 -0.043501
v -0.037047 0.099099 -0.044616
v -0.036903 0.100268 -0.043352
v -0.036766 0.100917 -0.043269
v -0.037410 0.095442 -0.045045
v -0.037421 0.096036 -0.043891
v -0.037273 0.097275 -0.044830
v -0.037305 0.097278 -0.043733
v -0.037222 0.098161 -0.043621
v -0.037412 0.091766 -0.045475
v -0.037500 0.093604 -0.044200
v -0.037457 0.093604 -0.045260
v -0.037499 0.093903 -0.044162
v -0.037443 0.095443 -0.043966
v -0.037276 0.089933 -0.045690
v -0.037434 0.091375 -0.044483
v -0.037445 0.091764 -0.044434
v -0.037051 0.088108 -0.045904
v -0.037079 0.088104 -0.044899
v -0.037196 0.088905 -0.044797
v -0.037247 0.089258 -0.044752
v -0.037306 0.089929 -0.044667
v -0.036308 0.084282 -0.045387
v -0.036364 0.084495 -0.045360
v -0.036336 0.084502 -0.046327
v -0.036528 0.085122 -0.045280
v -0.036738 0.086296 -0.046116
v -0.036765 0.086291 -0.045130
v -0.036944 0.087169 -0.045018
v -0.036007 0.083130 -0.045535
v -0.035847 0.082730 -0.046536
v -0.035876 0.082721 -0.045588
v -0.035391 0.081207 -0.045783
v -0.035272 0.080984 -0.046742
v -0.035302 0.080973 -0.045814
v -0.034858 0.079803 -0.045965
v -0.034611 0.079268 -0.046946
v -0.034696 0.079376 -0.046020
v -0.034642 0.079255 -0.046035
v -0.033866 0.077587 -0.047146
v -0.033896 0.077572 -0.046253
v -0.032784 0.075398 -0.046536
v -0.033039 0.075944 -0.047342
v -0.032151 0.074333 -0.046675
v -0.032133 0.074344 -0.047535
v -0.031663 0.073512 -0.046782
v -0.032857 0.075540 -0.046517
v -0.033060 0.075933 -0.046466
v -0.033833 0.077430 -0.046272
v -0.031167 0.072779 -0.046879
v -0.031149 0.072790 -0.047722
v -0.030436 0.071698 -0.047021
v -0.030091 0.071286 -0.047904
v -0.030334 0.071565 -0.047039
v -0.027686 0.068311 -0.047472
v -0.027782 0.068423 -0.047458
v -0.027761 0.068442 -0.048252
v -0.028984 0.069817 -0.047271
v -0.028961 0.069836 -0.048081
v -0.029109 0.069962 -0.047252
v -0.030110 0.071272 -0.047078
v -0.026494 0.067110 -0.048417
v -0.026086 0.066665 -0.047695
v -0.026507 0.067097 -0.047636
v -0.027327 0.067942 -0.047522
v -0.023894 0.064721 -0.047959
v -0.023769 0.064641 -0.048726
v -0.023779 0.064629 -0.047971
v -0.022777 0.063814 -0.048083
v -0.022319 0.063509 -0.048869
v -0.022331 0.063494 -0.048126
v -0.020970 0.062515 -0.048262
v -0.020816 0.062450 -0.049005
v -0.020831 0.062428 -0.048274
v -0.019263 0.061466 -0.049132
v -0.017663 0.060558 -0.049249
v -0.017671 0.060543 -0.048538
v -0.019090 0.061327 -0.048427
v -0.019275 0.061444 -0.048411
v -0.020085 0.061956 -0.048339
v -0.014340 0.058984 -0.049458
v -0.014345 0.058973 -0.048763
v -0.015140 0.059296 -0.048716
v -0.016021 0.059730 -0.049358
v -0.015960 0.059687 -0.048660
v -0.016026 0.059719 -0.048655
v -0.017145 0.060253 -0.048579
v -0.013085 0.058461 -0.048838
v -0.012624 0.058322 -0.049546
v -0.012629 0.058306 -0.048860
v -0.011583 0.057952 -0.048913
v -0.010877 0.057746 -0.049625
v -0.010985 0.057749 -0.048943
v -0.010885 0.057721 -0.048947
v -0.009105 0.057256 -0.049693
v -0.009110 0.057234 -0.049021
v -0.006684 0.056704 -0.049103
v -0.007025 0.056777 -0.049092
v -0.007310 0.056853 -0.049749
v -0.007313 0.056837 -0.049082
v -0.008849 0.057163 -0.049032
v -0.005500 0.056526 -0.049131
v -0.005498 0.056538 -0.049794
v -0.004498 0.056375 -0.049155
v -0.003673 0.056312 -0.049825
v -0.003674 0.056300 -0.049168
v -0.002354 0.056180 -0.049187
v -0.001839 0.056176 -0.049845
v -0.002300 0.056174 -0.049188
v 0.002146 0.056165 -0.049189
v 0.001840 0.056157 -0.049191
v 0.001839 0.056176 -0.049845
v 0.000000 0.056107 -0.049200
v 0.000000 0.056130 -0.049852
v -0.000097 0.056104 -0.049200
v -0.001839 0.056160 -0.049191
v 0.002354 0.056184 -0.049186
v 0.005499 0.056527 -0.049131
v 0.005498 0.056538 -0.049794
v 0.006701 0.056708 -0.049103
v 0.007310 0.056853 -0.049749
v 0.007025 0.056777 -0.049092
v 0.011156 0.057802 -0.048935
v 0.010884 0.057726 -0.048946
v 0.010877 0.057746 -0.049625
v 0.009110 0.057232 -0.049021
v 0.009105 0.057256 -0.049693
v 0.008946 0.057186 -0.049028
v 0.007313 0.056838 -0.049082
v 0.011584 0.057950 -0.048913
v 0.014344 0.058974 -0.048762
v 0.014340 0.058984 -0.049458
v 0.015443 0.059431 -0.048696
v 0.016021 0.059730 -0.049358
v 0.015961 0.059685 -0.048660
v 0.019497 0.061571 -0.048393
v 0.019275 0.061445 -0.048411
v 0.019263 0.061466 -0.049131
v 0.017674 0.060537 -0.048538
v 0.017663 0.060558 -0.049249
v 0.017503 0.060439 -0.048552
v 0.016027 0.059717 -0.048655
v 0.020085 0.061954 -0.048340
v 0.020816 0.062450 -0.049004
v 0.020825 0.062436 -0.048273
v 0.023769 0.064641 -0.048726
v 0.023258 0.064187 -0.048031
v 0.022319 0.063509 -0.048869
v 0.022328 0.063498 -0.048126
v 0.021417 0.062822 -0.048219
v 0.025162 0.065842 -0.048575
v 0.023893 0.064722 -0.047958
v 0.023780 0.064627 -0.047971
v 0.026640 0.067211 -0.047621
v 0.026513 0.067091 -0.047637
v 0.026494 0.067110 -0.048417
v 0.025179 0.065823 -0.047808
v 0.025011 0.065663 -0.047830
v 0.027324 0.067945 -0.047522
v 0.027761 0.068442 -0.048252
v 0.027776 0.068430 -0.047457
v 0.030091 0.071286 -0.047904
v 0.029681 0.070685 -0.047155
v 0.028961 0.069836 -0.048081
v 0.028973 0.069826 -0.047270
v 0.028185 0.068869 -0.047398
v 0.031149 0.072790 -0.047722
v 0.030323 0.071573 -0.047038
v 0.030107 0.071274 -0.047077
v 0.032308 0.074566 -0.046644
v 0.032158 0.074329 -0.046675
v 0.032133 0.074344 -0.047534
v 0.031175 0.072773 -0.046879
v 0.031057 0.072587 -0.046904
v 0.032845 0.075547 -0.046516
v 0.033039 0.075944 -0.047342
v 0.033058 0.075934 -0.046466
v 0.034851 0.079805 -0.045964
v 0.034633 0.079258 -0.046035
v 0.034611 0.079268 -0.046946
v 0.034422 0.078726 -0.046104
v 0.033866 0.077586 -0.047146
v 0.033883 0.077578 -0.046252
v 0.033431 0.076615 -0.046377
v 0.035244 0.080794 -0.045836
v 0.035272 0.080984 -0.046742
v 0.035303 0.080972 -0.045814
v 0.035847 0.082730 -0.046536
v 0.035883 0.082719 -0.045588
v 0.035913 0.082811 -0.045576
v 0.036336 0.084502 -0.046327
v 0.036310 0.084281 -0.045387
v 0.036903 0.086939 -0.045047
v 0.036766 0.086291 -0.045130
v 0.036738 0.086296 -0.046116
v 0.036466 0.084858 -0.045313
v 0.036368 0.084494 -0.045360
v 0.037079 0.088104 -0.044899
v 0.037051 0.088108 -0.045904
v 0.037201 0.088904 -0.044797
v 0.037276 0.089933 -0.045690
v 0.037222 0.089046 -0.044779
v 0.037412 0.091766 -0.045475
v 0.037421 0.091171 -0.044509
v 0.037305 0.089930 -0.044667
v 0.037445 0.095443 -0.043966
v 0.037500 0.093604 -0.044200
v 0.037457 0.093604 -0.045260
v 0.037499 0.093305 -0.044238
v 0.037443 0.091764 -0.044434
v 0.025872 0.091055 -0.057157
v 0.025914 0.088447 -0.057159
v 0.025687 0.085810 -0.057160
v 0.025179 0.083174 -0.057162
v 0.026139 0.082776 -0.057027
v 0.027478 0.083772 -0.056778
v 0.026722 0.085497 -0.057020
v 0.028488 0.083411 -0.056420
v 0.029478 0.083056 -0.055946
v 0.030434 0.082714 -0.055357
v 0.032171 0.082093 -0.053862
v 0.032921 0.081824 -0.052976
v 0.034130 0.081392 -0.051001
v 0.033577 0.081590 -0.052016
v 0.034576 0.081232 -0.049949
v 0.034265 0.079411 -0.049038
v 0.034912 0.081112 -0.048877
v 0.031830 0.074525 -0.049507
v 0.031046 0.072859 -0.048683
v 0.029994 0.071359 -0.048847
v 0.028869 0.069912 -0.049005
v 0.027748 0.070831 -0.052680
v 0.027278 0.071217 -0.053516
v 0.026144 0.072147 -0.054985
v 0.024813 0.073239 -0.056106
v 0.021942 0.075595 -0.057166
v 0.021160 0.074425 -0.057167
v 0.020311 0.073293 -0.057168
v 0.019395 0.072204 -0.057168
v 0.017377 0.070171 -0.057169
v 0.018416 0.071163 -0.057169
v 0.016281 0.069235 -0.057169
v 0.013930 0.067539 -0.057171
v 0.012682 0.066788 -0.057171
v 0.011390 0.066106 -0.057171
v 0.010318 0.064767 -0.057071
v 0.008910 0.064229 -0.057072
v 0.007472 0.063769 -0.057073
v 0.004525 0.063091 -0.057075
v 0.003025 0.062875 -0.057076
v 0.001516 0.062745 -0.057076
v 0.000000 0.062701 -0.057076
v -0.003025 0.062875 -0.057076
v -0.004525 0.063091 -0.057075
v -0.006009 0.063389 -0.057074
v -0.007472 0.063769 -0.057073
v -0.008910 0.064229 -0.057072
v -0.010318 0.064767 -0.057071
v -0.012682 0.066788 -0.057171
v -0.011390 0.066106 -0.057171
v -0.013930 0.067539 -0.057171
v -0.015131 0.068356 -0.057170
v -0.016281 0.069235 -0.057170
v -0.018416 0.071163 -0.057169
v -0.017377 0.070171 -0.057169
v -0.019395 0.072205 -0.057168
v -0.020311 0.073293 -0.057168
v -0.021160 0.074425 -0.057167
v -0.021942 0.075595 -0.057166
v -0.023381 0.074414 -0.056832
v -0.024104 0.073821 -0.056519
v -0.024813 0.073239 -0.056106
v -0.026144 0.072147 -0.054985
v -0.028869 0.069912 -0.049005
v -0.029994 0.071359 -0.048847
v -0.031046 0.072859 -0.048683
v -0.032024 0.074409 -0.048514
v -0.031830 0.074525 -0.049507
v -0.032722 0.076114 -0.049354
v -0.033534 0.077743 -0.049198
v -0.034265 0.079411 -0.049038
v -0.034912 0.081112 -0.048877
v -0.034576 0.081232 -0.049949
v -0.033577 0.081590 -0.052016
v -0.032921 0.081824 -0.052976
v -0.032170 0.082093 -0.053862
v -0.029478 0.083056 -0.055946
v -0.028487 0.083411 -0.056420
v -0.026139 0.082776 -0.057027
v -0.026722 0.085497 -0.057020
v -0.025687 0.085811 -0.057160
v -0.025914 0.088447 -0.057159
v -0.025872 0.091055 -0.057157
v -0.025569 0.093604 -0.057156
v -0.025017 0.096066 -0.057154
v -0.024237 0.098423 -0.057152
v -0.023247 0.100654 -0.057151
v -0.022066 0.102744 -0.057149
v -0.019214 0.106440 -0.057147
v -0.017586 0.108035 -0.057145
v -0.015849 0.109453 -0.057144
v -0.012127 0.111751 -0.057142
v -0.010174 0.112637 -0.057141
v -0.008179 0.113351 -0.057140
v -0.006156 0.113897 -0.057140
v -0.004114 0.114282 -0.057139
v -0.002059 0.114509 -0.057139
v 0.000000 0.114584 -0.057139
v 0.002060 0.114509 -0.057139
v 0.004114 0.114282 -0.057139
v 0.008179 0.113351 -0.057140
v 0.006157 0.113897 -0.057140
v 0.010174 0.112637 -0.057141
v 0.012127 0.111751 -0.057142
v 0.014024 0.110691 -0.057143
v 0.015849 0.109453 -0.057144
v 0.017586 0.108035 -0.057145
v 0.020715 0.104674 -0.057148
v 0.022066 0.102743 -0.057149
v 0.024237 0.098423 -0.057152
v 0.025017 0.096066 -0.057154
v 0.025569 0.093604 -0.057156
v -0.030267 0.095090 -0.055742
v -0.031445 0.095148 -0.055058
v -0.030030 0.096561 -0.055716
v -0.028397 0.102217 -0.055615
v -0.029347 0.099440 -0.055665
v -0.030129 0.101150 -0.054908
v -0.031225 0.096678 -0.055021
v -0.030931 0.098191 -0.054983
v -0.030566 0.099683 -0.054945
v -0.027193 0.104867 -0.055566
v -0.027713 0.106711 -0.054764
v -0.025750 0.107367 -0.055518
v -0.026950 0.108008 -0.054730
v -0.024090 0.109699 -0.055473
v -0.025252 0.110475 -0.054663
v -0.022232 0.111849 -0.055429
v -0.029624 0.102590 -0.054871
v -0.029052 0.103999 -0.054835
v -0.028414 0.105373 -0.054799
v -0.008543 0.121765 -0.054327
v -0.013232 0.118358 -0.055289
v -0.013960 0.119721 -0.054393
v -0.026350 0.111209 -0.053702
v -0.025395 0.112437 -0.053658
v -0.027247 0.109934 -0.053747
v -0.028084 0.108614 -0.053794
v -0.022211 0.115815 -0.053533
v -0.023323 0.114743 -0.053573
v -0.024385 0.113616 -0.053614
v -0.021052 0.116830 -0.053495
v -0.014648 0.121009 -0.053331
v -0.017319 0.119523 -0.053390
v -0.018603 0.118686 -0.053423
v -0.019848 0.117788 -0.053458
v -0.015284 0.122199 -0.052115
v 0.005096 0.119221 -0.055974
v 0.007607 0.118681 -0.055983
v 0.010073 0.117922 -0.055996
v 0.012476 0.116944 -0.056011
v 0.014798 0.115749 -0.056029
v 0.008084 0.120251 -0.055244
v 0.017020 0.114342 -0.056050
v 0.015675 0.117062 -0.055319
v 0.013960 0.119721 -0.054393
v 0.011860 0.122236 -0.053280
v 0.022885 0.108894 -0.056125
v 0.021084 0.110906 -0.056099
v 0.022232 0.111849 -0.055429
v 0.027193 0.104867 -0.055566
v 0.028397 0.102217 -0.055615
v 0.027124 0.101831 -0.056213
v 0.024506 0.106701 -0.056154
v 0.025925 0.104342 -0.056183
v 0.030030 0.096561 -0.055716
v 0.029347 0.099440 -0.055665
v 0.030566 0.099682 -0.054945
v 0.029624 0.102590 -0.054871
v 0.030129 0.101150 -0.054908
v 0.026950 0.108008 -0.054729
v 0.027713 0.106711 -0.054764
v 0.028414 0.105373 -0.054799
v 0.029052 0.103999 -0.054835
v 0.028085 0.099189 -0.056245
v 0.028792 0.096438 -0.056277
v 0.029230 0.093604 -0.056309
v 0.008543 0.121765 -0.054327
v 0.008977 0.123195 -0.053240
v 0.014649 0.121009 -0.053331
v 0.017319 0.119523 -0.053390
v 0.016521 0.118327 -0.054437
v 0.018004 0.115541 -0.055352
v 0.019122 0.112726 -0.056073
v 0.007844 0.124918 -0.051974
v 0.009378 0.124517 -0.051995
v 0.010891 0.124044 -0.052020
v 0.012383 0.123499 -0.052049
v 0.018603 0.118686 -0.053423
v 0.019848 0.117788 -0.053458
v 0.021052 0.116830 -0.053495
v 0.022211 0.115815 -0.053533
v 0.025395 0.112437 -0.053658
v 0.026350 0.111209 -0.053702
v -0.006539 0.126476 -0.050563
v -0.008147 0.126129 -0.050586
v -0.009738 0.125707 -0.050614
v -0.011308 0.125208 -0.050645
v -0.012854 0.124636 -0.050681
v -0.014371 0.123989 -0.050721
v -0.015857 0.123270 -0.050765
v -0.006752 0.127550 -0.049056
v -0.008412 0.127187 -0.049084
v -0.010054 0.126746 -0.049118
v -0.011672 0.126226 -0.049157
v -0.013265 0.125629 -0.049201
v -0.014828 0.124955 -0.049250
v -0.016357 0.124206 -0.049304
v 0.006752 0.127550 -0.049056
v 0.008147 0.126129 -0.050586
v 0.008412 0.127187 -0.049084
v 0.009738 0.125707 -0.050613
v 0.010054 0.126746 -0.049118
v 0.011308 0.125208 -0.050645
v 0.011672 0.126226 -0.049156
v 0.012854 0.124636 -0.050681
v 0.013848 0.122884 -0.052080
v -0.016779 0.124995 -0.047758
v -0.015213 0.125769 -0.047693
v -0.013612 0.126467 -0.047634
v -0.011980 0.127085 -0.047582
v -0.010319 0.127622 -0.047535
v -0.008636 0.128079 -0.047495
v -0.006932 0.128455 -0.047461
v -0.005213 0.128748 -0.047435
v -0.003482 0.128958 -0.047416
v -0.001743 0.129085 -0.047404
v 0.000000 0.129127 -0.047400
v 0.001743 0.129085 -0.047404
v 0.003482 0.128958 -0.047416
v 0.005213 0.128748 -0.047435
v 0.006932 0.128455 -0.047461
v 0.008636 0.128079 -0.047495
v 0.010320 0.127622 -0.047535
v -0.017119 0.125630 -0.046154
v -0.015523 0.126425 -0.046079
v -0.013891 0.127141 -0.046010
v -0.012227 0.127776 -0.045948
v -0.010534 0.128328 -0.045893
v -0.008816 0.128798 -0.045847
v -0.007077 0.129184 -0.045808
v -0.005322 0.129485 -0.045777
v -0.003555 0.129701 -0.045754
v -0.001779 0.129831 -0.045741
v 0.000000 0.129875 -0.045736
v 0.001780 0.129831 -0.045741
v 0.003555 0.129701 -0.045754
v 0.005322 0.129485 -0.045777
v 0.007077 0.129184 -0.045808
v 0.008816 0.128798 -0.045847
v -0.017375 0.126111 -0.044521
v -0.015758 0.126921 -0.044434
v -0.014102 0.127651 -0.044355
v -0.012414 0.128298 -0.044285
v -0.010695 0.128862 -0.044222
v -0.008952 0.129340 -0.044168
v -0.007187 0.129734 -0.044124
v -0.005405 0.130042 -0.044088
v -0.003610 0.130263 -0.044062
v -0.001807 0.130396 -0.044047
v 0.000000 0.130440 -0.044041
v 0.001807 0.130396 -0.044047
v 0.003610 0.130263 -0.044062
v 0.005405 0.130042 -0.044088
v 0.007187 0.129734 -0.044124
v -0.017551 0.126439 -0.042885
v -0.015918 0.127260 -0.042787
v -0.014247 0.128000 -0.042698
v -0.012542 0.128655 -0.042618
v -0.010806 0.129227 -0.042548
v -0.009045 0.129712 -0.042487
v -0.007262 0.130111 -0.042436
v -0.005461 0.130423 -0.042396
v -0.003648 0.130647 -0.042367
v -0.001826 0.130782 -0.042349
v 0.000000 0.130827 -0.042343
v 0.001826 0.130782 -0.042349
v 0.003648 0.130647 -0.042367
v 0.005461 0.130423 -0.042396
v 0.033411 0.083468 -0.052892
v 0.032633 0.083704 -0.053796
v 0.033818 0.085132 -0.052808
v 0.033014 0.085334 -0.053729
v 0.034143 0.086812 -0.052723
v 0.033314 0.086977 -0.053662
v 0.034384 0.088503 -0.052637
v 0.033532 0.088629 -0.053594
v 0.034542 0.090202 -0.052550
v 0.033668 0.090287 -0.053526
v 0.034616 0.091903 -0.052464
v 0.033723 0.091947 -0.053457
v 0.034606 0.093604 -0.052376
v 0.033696 0.093604 -0.053389
v 0.034512 0.095299 -0.052290
v 0.033587 0.095253 -0.053320
v 0.034335 0.096985 -0.052203
v 0.033396 0.096892 -0.053251
v 0.034075 0.098658 -0.052117
v 0.033127 0.098517 -0.053183
v 0.033736 0.100314 -0.052031
v 0.032779 0.100123 -0.053115
v 0.033316 0.101949 -0.051945
v 0.032355 0.101708 -0.053048
v 0.032819 0.103559 -0.051861
v 0.031855 0.103266 -0.052981
v 0.032245 0.105141 -0.051778
v 0.031281 0.104796 -0.052915
v 0.031594 0.106690 -0.051696
v 0.030635 0.106293 -0.052850
v 0.030870 0.108204 -0.051615
v 0.029917 0.107753 -0.052786
v 0.030074 0.109678 -0.051535
v 0.029131 0.109174 -0.052724
v 0.029209 0.111110 -0.051458
v 0.028279 0.110553 -0.052663
v 0.028277 0.112497 -0.051382
v 0.027363 0.111887 -0.052603
v 0.027280 0.113836 -0.051309
v 0.026387 0.113173 -0.052545
v 0.026222 0.115123 -0.051237
v 0.025352 0.114409 -0.052488
v 0.025104 0.116357 -0.051168
v 0.024260 0.115592 -0.052434
v 0.023929 0.117533 -0.051101
v 0.023115 0.116719 -0.052381
v 0.022700 0.118650 -0.051037
v 0.021919 0.117788 -0.052330
v 0.021420 0.119704 -0.050977
v 0.020675 0.118796 -0.052282
v 0.020093 0.120696 -0.050919
v 0.019387 0.119744 -0.052236
v 0.018721 0.121621 -0.050864
v 0.018057 0.120627 -0.052193
v 0.017308 0.122480 -0.050813
v 0.016689 0.121446 -0.052153
v 0.015857 0.123270 -0.050765
v 0.015284 0.122199 -0.052115
v 0.014371 0.123989 -0.050721
v 0.034090 0.083262 -0.051914
v 0.034521 0.084956 -0.051811
v 0.034867 0.086668 -0.051706
v 0.035129 0.088393 -0.051601
v 0.035305 0.090127 -0.051494
v 0.035396 0.091865 -0.051388
v 0.035402 0.093604 -0.051281
v 0.035321 0.095339 -0.051175
v 0.035155 0.097066 -0.051068
v 0.034905 0.098781 -0.050962
v 0.034572 0.100480 -0.050857
v 0.034157 0.102159 -0.050752
v 0.033662 0.103815 -0.050649
v 0.033086 0.105442 -0.050546
v 0.032433 0.107038 -0.050445
v 0.031703 0.108598 -0.050346
v 0.030898 0.110119 -0.050249
v 0.030021 0.111597 -0.050154
v 0.029074 0.113030 -0.050061
v 0.028060 0.114414 -0.049970
v 0.026982 0.115747 -0.049883
v 0.025841 0.117025 -0.049798
v 0.024641 0.118244 -0.049717
v 0.023383 0.119403 -0.049638
v 0.022072 0.120498 -0.049563
v 0.020710 0.121528 -0.049492
v 0.019302 0.122490 -0.049425
v 0.017850 0.123384 -0.049362
v 0.016357 0.124206 -0.049304
v 0.014828 0.124955 -0.049250
v 0.013265 0.125629 -0.049201
v 0.034664 0.083088 -0.050879
v 0.035113 0.084808 -0.050755
v 0.035477 0.086547 -0.050630
v 0.035756 0.088300 -0.050504
v 0.035949 0.090063 -0.050377
v 0.036054 0.091833 -0.050250
v 0.036072 0.093604 -0.050122
v 0.036003 0.095372 -0.049995
v 0.035846 0.097134 -0.049868
v 0.035604 0.098885 -0.049741
v 0.035277 0.100620 -0.049614
v 0.034865 0.102337 -0.049489
v 0.034372 0.104030 -0.049366
v 0.033796 0.105696 -0.049243
v 0.033140 0.107331 -0.049123
v 0.032405 0.108930 -0.049004
v 0.031592 0.110490 -0.048888
v 0.030706 0.112007 -0.048774
v 0.029747 0.113480 -0.048663
v 0.028718 0.114902 -0.048555
v 0.027623 0.116273 -0.048450
v 0.026462 0.117588 -0.048349
v 0.025240 0.118844 -0.048251
v 0.023958 0.120038 -0.048157
v 0.022620 0.121167 -0.048068
v 0.021230 0.122229 -0.047983
v 0.019791 0.123223 -0.047903
v 0.018306 0.124145 -0.047828
v 0.016779 0.124995 -0.047757
v 0.015213 0.125769 -0.047693
v 0.013612 0.126467 -0.047634
v 0.011980 0.127085 -0.047581
v 0.035125 0.082948 -0.049806
v 0.035590 0.084689 -0.049661
v 0.035969 0.086449 -0.049514
v 0.036261 0.088225 -0.049367
v 0.036466 0.090012 -0.049219
v 0.036584 0.091807 -0.049070
v 0.036613 0.093604 -0.048920
v 0.036552 0.095399 -0.048771
v 0.036403 0.097189 -0.048622
v 0.036167 0.098968 -0.048474
v 0.035844 0.100733 -0.048326
v 0.035437 0.102480 -0.048180
v 0.034944 0.104204 -0.048035
v 0.034368 0.105901 -0.047892
v 0.033710 0.107567 -0.047751
v 0.032970 0.109197 -0.047612
v 0.032152 0.110789 -0.047476
v 0.031257 0.112338 -0.047343
v 0.030288 0.113842 -0.047213
v 0.029248 0.115295 -0.047086
v 0.028139 0.116697 -0.046964
v 0.026963 0.118042 -0.046845
v 0.025723 0.119327 -0.046731
v 0.024422 0.120549 -0.046622
v 0.023063 0.121705 -0.046517
v 0.021649 0.122794 -0.046418
v 0.020185 0.123813 -0.046324
v 0.018673 0.124759 -0.046236
v 0.017119 0.125630 -0.046154
v 0.015523 0.126425 -0.046078
v 0.013891 0.127141 -0.046010
v 0.012227 0.127776 -0.045948
v 0.010534 0.128328 -0.045893
v -0.026178 0.069877 -0.053585
v -0.025673 0.070335 -0.054344
v -0.025011 0.068592 -0.053652
v -0.024538 0.069066 -0.054397
v -0.023779 0.067367 -0.053716
v -0.023338 0.067855 -0.054447
v -0.022486 0.066204 -0.053777
v -0.022076 0.066704 -0.054495
v -0.021134 0.065107 -0.053835
v -0.020756 0.065617 -0.054541
v -0.019729 0.064077 -0.053889
v -0.019381 0.064597 -0.054584
v -0.018272 0.063118 -0.053941
v -0.017956 0.063646 -0.054624
v -0.016768 0.062232 -0.053988
v -0.016482 0.062767 -0.054662
v -0.015220 0.061422 -0.054032
v -0.014965 0.061963 -0.054697
v -0.013632 0.060692 -0.054072
v -0.013407 0.061237 -0.054728
v -0.012008 0.060043 -0.054108
v -0.011812 0.060592 -0.054757
v -0.010352 0.059477 -0.054140
v -0.010184 0.060029 -0.054782
v -0.008669 0.058995 -0.054167
v -0.008530 0.059550 -0.054804
v -0.006962 0.058598 -0.054190
v -0.006852 0.059155 -0.054822
v -0.005238 0.058288 -0.054208
v -0.005155 0.058846 -0.054835
v -0.003500 0.058065 -0.054221
v -0.003445 0.058624 -0.054846
v -0.001752 0.057930 -0.054229
v -0.001725 0.058490 -0.054852
v 0.000000 0.057885 -0.054232
v 0.000000 0.058445 -0.054855
v 0.001752 0.057930 -0.054229
v 0.001725 0.058490 -0.054852
v 0.003500 0.058065 -0.054221
v 0.003445 0.058624 -0.054846
v 0.005238 0.058288 -0.054208
v 0.005155 0.058846 -0.054835
v 0.006962 0.058598 -0.054190
v 0.006852 0.059155 -0.054822
v 0.008669 0.058995 -0.054167
v 0.008530 0.059550 -0.054804
v 0.010352 0.059477 -0.054140
v 0.010184 0.060029 -0.054782
v 0.012008 0.060043 -0.054108
v 0.011812 0.060592 -0.054757
v 0.013632 0.060692 -0.054072
v 0.013407 0.061237 -0.054728
v 0.015220 0.061422 -0.054032
v 0.014965 0.061963 -0.054697
v 0.016768 0.062232 -0.053988
v 0.016482 0.062767 -0.054662
v 0.018272 0.063118 -0.053941
v 0.017956 0.063646 -0.054624
v 0.019729 0.064077 -0.053889
v 0.019381 0.064597 -0.054584
v 0.021134 0.065107 -0.053834
v 0.020756 0.065617 -0.054541
v 0.022486 0.066204 -0.053777
v 0.022076 0.066704 -0.054495
v 0.023779 0.067367 -0.053716
v 0.023338 0.067855 -0.054447
v 0.025011 0.068592 -0.053652
v 0.024538 0.069066 -0.054397
v 0.026178 0.069877 -0.053585
v 0.025673 0.070335 -0.054344
v -0.017308 0.122480 -0.050813
v -0.016688 0.121446 -0.052153
v -0.018721 0.121621 -0.050864
v -0.018057 0.120627 -0.052193
v -0.020093 0.120696 -0.050919
v -0.019387 0.119744 -0.052236
v -0.021420 0.119704 -0.050977
v -0.020675 0.118796 -0.052282
v -0.022700 0.118650 -0.051037
v -0.021919 0.117788 -0.052331
v -0.023929 0.117533 -0.051101
v -0.023115 0.116719 -0.052381
v -0.025104 0.116357 -0.051168
v -0.024260 0.115592 -0.052434
v -0.026222 0.115123 -0.051237
v -0.025352 0.114409 -0.052488
v -0.027280 0.113836 -0.051309
v -0.026387 0.113173 -0.052545
v -0.028277 0.112497 -0.051382
v -0.027363 0.111887 -0.052603
v -0.029209 0.111110 -0.051458
v -0.028279 0.110553 -0.052663
v -0.030074 0.109678 -0.051535
v -0.029131 0.109174 -0.052724
v -0.030870 0.108204 -0.051615
v -0.029917 0.107753 -0.052786
v -0.031594 0.106690 -0.051696
v -0.030635 0.106293 -0.052850
v -0.032244 0.105141 -0.051778
v -0.031281 0.104796 -0.052915
v -0.032819 0.103559 -0.051861
v -0.031855 0.103266 -0.052981
v -0.033316 0.101949 -0.051945
v -0.032354 0.101708 -0.053048
v -0.033736 0.100314 -0.052031
v -0.032779 0.100123 -0.053115
v -0.034075 0.098658 -0.052117
v -0.033127 0.098517 -0.053183
v -0.034335 0.096985 -0.052203
v -0.033396 0.096892 -0.053251
v -0.034512 0.095299 -0.052290
v -0.033586 0.095253 -0.053320
v -0.034606 0.093604 -0.052377
v -0.033696 0.093604 -0.053389
v -0.034616 0.091903 -0.052464
v -0.033723 0.091947 -0.053457
v -0.034542 0.090202 -0.052550
v -0.033668 0.090288 -0.053526
v -0.034384 0.088503 -0.052637
v -0.033532 0.088629 -0.053594
v -0.034143 0.086812 -0.052723
v -0.033314 0.086977 -0.053662
v -0.033818 0.085132 -0.052808
v -0.033014 0.085334 -0.053729
v -0.033410 0.083468 -0.052892
v -0.032632 0.083704 -0.053796
v -0.026620 0.069476 -0.052765
v -0.025425 0.068179 -0.052847
v -0.024165 0.066941 -0.052925
v -0.022844 0.065768 -0.052999
v -0.021465 0.064661 -0.053071
v -0.020032 0.063623 -0.053138
v -0.018548 0.062657 -0.053201
v -0.017018 0.061765 -0.053259
v -0.015444 0.060950 -0.053313
v -0.013830 0.060215 -0.053362
v -0.012180 0.059563 -0.053406
v -0.010499 0.058994 -0.053445
v -0.008790 0.058509 -0.053479
v -0.007060 0.058111 -0.053507
v -0.005311 0.057799 -0.053528
v -0.003548 0.057575 -0.053545
v -0.001776 0.057440 -0.053555
v 0.000000 0.057395 -0.053558
v 0.001776 0.057440 -0.053555
v 0.003548 0.057575 -0.053545
v 0.005311 0.057799 -0.053528
v 0.007060 0.058111 -0.053507
v 0.008790 0.058509 -0.053478
v 0.010499 0.058994 -0.053445
v 0.012180 0.059563 -0.053406
v 0.013830 0.060215 -0.053362
v 0.015444 0.060950 -0.053313
v 0.017018 0.061765 -0.053259
v 0.018548 0.062657 -0.053201
v 0.020032 0.063623 -0.053138
v 0.021465 0.064661 -0.053071
v 0.022844 0.065768 -0.052999
v 0.024165 0.066941 -0.052925
v 0.025425 0.068179 -0.052846
v 0.026620 0.069476 -0.052765
v -0.026992 0.069139 -0.051896
v -0.025774 0.067830 -0.051994
v -0.024491 0.066583 -0.052088
v -0.023146 0.065400 -0.052177
v -0.021744 0.064285 -0.052262
v -0.020288 0.063240 -0.052342
v -0.018782 0.062268 -0.052417
v -0.017228 0.061371 -0.052487
v -0.015632 0.060552 -0.052552
v -0.013996 0.059813 -0.052610
v -0.012325 0.059158 -0.052663
v -0.010622 0.058586 -0.052710
v -0.008893 0.058101 -0.052750
v -0.007141 0.057700 -0.052783
v -0.005372 0.057388 -0.052810
v -0.003589 0.057163 -0.052829
v -0.001797 0.057028 -0.052841
v 0.000000 0.056982 -0.052845
v 0.001797 0.057028 -0.052841
v 0.003589 0.057163 -0.052829
v 0.005372 0.057388 -0.052810
v 0.007141 0.057700 -0.052783
v 0.008893 0.058101 -0.052750
v 0.010622 0.058586 -0.052710
v 0.012325 0.059158 -0.052663
v 0.013996 0.059813 -0.052610
v 0.015632 0.060552 -0.052552
v 0.017228 0.061371 -0.052487
v 0.018782 0.062268 -0.052417
v 0.020288 0.063240 -0.052342
v 0.021744 0.064285 -0.052262
v 0.023146 0.065400 -0.052177
v 0.024491 0.066583 -0.052088
v 0.025774 0.067830 -0.051994
v 0.026992 0.069139 -0.051896
v -0.018306 0.124145 -0.047828
v -0.017849 0.123384 -0.049363
v -0.019791 0.123223 -0.047903
v -0.019302 0.122490 -0.049425
v -0.021230 0.122229 -0.047983
v -0.020710 0.121528 -0.049492
v -0.022620 0.121167 -0.048068
v -0.022072 0.120498 -0.049563
v -0.023958 0.120038 -0.048157
v -0.023383 0.119403 -0.049638
v -0.025240 0.118844 -0.048251
v -0.024641 0.118244 -0.049717
v -0.026462 0.117588 -0.048349
v -0.025841 0.117025 -0.049798
v -0.027623 0.116273 -0.048450
v -0.026982 0.115747 -0.049883
v -0.028718 0.114902 -0.048555
v -0.028060 0.114414 -0.049971
v -0.029747 0.113480 -0.048663
v -0.029074 0.113030 -0.050061
v -0.030706 0.112007 -0.048774
v -0.030021 0.111597 -0.050154
v -0.031592 0.110490 -0.048888
v -0.030898 0.110119 -0.050249
v -0.032405 0.108930 -0.049004
v -0.031703 0.108598 -0.050347
v -0.033140 0.107331 -0.049123
v -0.032433 0.107038 -0.050445
v -0.033796 0.105696 -0.049243
v -0.033086 0.105442 -0.050546
v -0.034372 0.104030 -0.049366
v -0.033662 0.103815 -0.050649
v -0.034865 0.102337 -0.049489
v -0.034157 0.102159 -0.050752
v -0.035277 0.100620 -0.049614
v -0.034572 0.100480 -0.050857
v -0.035604 0.098885 -0.049741
v -0.034905 0.098781 -0.050962
v -0.035846 0.097134 -0.049868
v -0.035155 0.097066 -0.051068
v -0.036003 0.095372 -0.049995
v -0.035321 0.095339 -0.051175
v -0.036072 0.093604 -0.050122
v -0.035402 0.093604 -0.051282
v -0.036054 0.091833 -0.050250
v -0.035396 0.091865 -0.051388
v -0.035949 0.090063 -0.050377
v -0.035305 0.090127 -0.051494
v -0.035756 0.088300 -0.050504
v -0.035128 0.088393 -0.051601
v -0.035477 0.086547 -0.050630
v -0.034867 0.086668 -0.051706
v -0.035113 0.084808 -0.050755
v -0.034521 0.084956 -0.051811
v -0.034664 0.083088 -0.050879
v -0.034090 0.083262 -0.051914
v -0.027292 0.068867 -0.050995
v -0.026055 0.067549 -0.051110
v -0.024752 0.066293 -0.051219
v -0.023389 0.065104 -0.051324
v -0.021969 0.063982 -0.051423
v -0.020494 0.062932 -0.051517
v -0.018969 0.061955 -0.051605
v -0.017398 0.061054 -0.051687
v -0.015783 0.060231 -0.051763
v -0.014130 0.059490 -0.051831
v -0.012441 0.058832 -0.051893
v -0.010722 0.058259 -0.051947
v -0.008976 0.057771 -0.051994
v -0.007207 0.057370 -0.052033
v -0.005421 0.057056 -0.052064
v -0.003622 0.056831 -0.052087
v -0.001813 0.056696 -0.052100
v 0.000000 0.056650 -0.052105
v 0.001813 0.056696 -0.052100
v 0.003621 0.056831 -0.052087
v 0.005421 0.057056 -0.052064
v 0.007207 0.057370 -0.052033
v 0.008976 0.057771 -0.051994
v 0.010722 0.058259 -0.051947
v 0.012441 0.058832 -0.051893
v 0.014130 0.059490 -0.051831
v 0.015784 0.060231 -0.051763
v 0.017398 0.061054 -0.051687
v 0.018969 0.061955 -0.051605
v 0.020494 0.062932 -0.051517
v 0.021969 0.063982 -0.051423
v 0.023389 0.065104 -0.051324
v 0.024752 0.066293 -0.051219
v 0.026055 0.067549 -0.051110
v 0.027292 0.068867 -0.050995
v 0.035474 0.082843 -0.048712
v 0.035951 0.084598 -0.048546
v 0.036341 0.086375 -0.048378
v 0.036644 0.088168 -0.048209
v 0.036858 0.089974 -0.048039
v 0.036984 0.091787 -0.047868
v 0.037021 0.093604 -0.047697
v 0.036967 0.095420 -0.047525
v 0.036824 0.097230 -0.047354
v 0.036593 0.099031 -0.047184
v 0.036273 0.100819 -0.047015
v 0.035868 0.102588 -0.046846
v 0.035376 0.104335 -0.046681
v 0.034800 0.106055 -0.046516
v 0.034140 0.107745 -0.046354
v 0.033398 0.109399 -0.046195
v 0.032575 0.111015 -0.046039
v 0.031674 0.112588 -0.045886
v 0.030698 0.114115 -0.045737
v 0.029649 0.115592 -0.045592
v 0.028529 0.117017 -0.045451
v 0.027341 0.118384 -0.045315
v 0.026088 0.119692 -0.045183
v 0.024772 0.120935 -0.045058
v 0.023397 0.122113 -0.044938
v 0.021966 0.123221 -0.044823
v 0.020483 0.124259 -0.044716
v 0.018952 0.125223 -0.044615
v 0.017375 0.126111 -0.044521
v 0.015758 0.126921 -0.044434
v 0.014103 0.127651 -0.044355
v 0.012414 0.128298 -0.044285
v 0.010695 0.128862 -0.044222
v 0.008952 0.129340 -0.044168
v 0.032024 0.074409 -0.048514
v 0.032925 0.076005 -0.048342
v 0.033747 0.077643 -0.048165
v 0.034487 0.079319 -0.047986
v 0.035143 0.081030 -0.047803
v 0.035713 0.082770 -0.047617
v 0.036198 0.084537 -0.047430
v 0.036595 0.086325 -0.047240
v 0.036905 0.088130 -0.047049
v 0.037126 0.089947 -0.046857
v 0.037258 0.091773 -0.046664
v 0.037300 0.093604 -0.046470
v 0.037251 0.095434 -0.046277
v 0.037112 0.097259 -0.046084
v 0.036884 0.099075 -0.045892
v 0.036567 0.100877 -0.045701
v 0.036163 0.102662 -0.045511
v 0.035672 0.104425 -0.045323
v 0.035096 0.106161 -0.045138
v 0.034434 0.107867 -0.044955
v 0.033690 0.109538 -0.044775
v 0.032864 0.111170 -0.044599
v 0.031959 0.112759 -0.044426
v 0.030978 0.114302 -0.044258
v 0.029923 0.115796 -0.044094
v 0.028796 0.117236 -0.043935
v 0.027600 0.118619 -0.043781
v 0.026338 0.119942 -0.043633
v 0.025011 0.121200 -0.043491
v 0.023625 0.122391 -0.043356
v 0.022183 0.123513 -0.043227
v 0.020687 0.124564 -0.043105
v 0.019142 0.125540 -0.042991
v 0.017551 0.126439 -0.042885
v 0.015918 0.127260 -0.042787
v 0.014247 0.128000 -0.042698
v 0.012542 0.128655 -0.042618
v 0.010806 0.129227 -0.042547
v 0.009045 0.129712 -0.042486
v 0.007262 0.130111 -0.042436
v -0.027519 0.068662 -0.050078
v -0.026267 0.067336 -0.050209
v -0.024951 0.066075 -0.050335
v -0.023573 0.064880 -0.050455
v -0.022138 0.063754 -0.050569
v -0.020650 0.062699 -0.050677
v -0.019111 0.061718 -0.050778
v -0.017526 0.060814 -0.050872
v -0.015898 0.059989 -0.050959
v -0.014232 0.059245 -0.051037
v -0.012530 0.058585 -0.051108
v -0.010797 0.058011 -0.051171
v -0.009038 0.057522 -0.051224
v -0.007257 0.057120 -0.051270
v -0.005458 0.056806 -0.051305
v -0.003646 0.056580 -0.051331
v -0.001825 0.056444 -0.051346
v 0.000000 0.056399 -0.051351
v 0.001825 0.056444 -0.051346
v 0.003646 0.056580 -0.051331
v 0.005458 0.056806 -0.051305
v 0.007257 0.057120 -0.051270
v 0.009038 0.057522 -0.051224
v 0.010797 0.058011 -0.051171
v 0.012530 0.058585 -0.051108
v 0.014232 0.059245 -0.051037
v 0.015898 0.059989 -0.050959
v 0.017526 0.060814 -0.050872
v 0.019111 0.061718 -0.050778
v 0.020650 0.062699 -0.050677
v 0.022138 0.063754 -0.050569
v 0.023573 0.064880 -0.050455
v 0.024951 0.066075 -0.050335
v 0.026267 0.067336 -0.050209
v 0.027519 0.068662 -0.050078
v 0.028704 0.070047 -0.049942
v -0.018951 0.125223 -0.044615
v -0.018673 0.124759 -0.046236
v -0.020483 0.124259 -0.044716
v -0.020185 0.123813 -0.046324
v -0.021966 0.123221 -0.044823
v -0.021649 0.122794 -0.046418
v -0.023397 0.122113 -0.044938
v -0.023062 0.121705 -0.046517
v -0.024772 0.120935 -0.045058
v -0.024422 0.120549 -0.046622
v -0.026088 0.119692 -0.045183
v -0.025723 0.119327 -0.046731
v -0.027341 0.118385 -0.045315
v -0.026963 0.118042 -0.046845
v -0.028529 0.117017 -0.045451
v -0.028138 0.116697 -0.046964
v -0.029649 0.115592 -0.045592
v -0.029248 0.115295 -0.047087
v -0.030698 0.114115 -0.045737
v -0.030288 0.113842 -0.047213
v -0.031674 0.112588 -0.045886
v -0.031257 0.112338 -0.047343
v -0.032575 0.111015 -0.046039
v -0.032152 0.110789 -0.047476
v -0.033398 0.109399 -0.046195
v -0.032970 0.109197 -0.047612
v -0.034140 0.107745 -0.046354
v -0.033710 0.107567 -0.047751
v -0.034800 0.106055 -0.046516
v -0.034368 0.105901 -0.047892
v -0.035376 0.104335 -0.046681
v -0.034944 0.104204 -0.048035
v -0.035868 0.102588 -0.046847
v -0.035436 0.102480 -0.048180
v -0.036273 0.100819 -0.047015
v -0.035844 0.100733 -0.048327
v -0.036593 0.099032 -0.047184
v -0.036167 0.098968 -0.048474
v -0.036824 0.097230 -0.047354
v -0.036403 0.097189 -0.048622
v -0.036967 0.095420 -0.047525
v -0.036552 0.095399 -0.048771
v -0.037021 0.093604 -0.047697
v -0.036613 0.093604 -0.048921
v -0.036984 0.091787 -0.047868
v -0.036584 0.091807 -0.049070
v -0.036858 0.089974 -0.048039
v -0.036466 0.090012 -0.049219
v -0.036644 0.088168 -0.048209
v -0.036261 0.088225 -0.049367
v -0.036341 0.086375 -0.048378
v -0.035969 0.086449 -0.049514
v -0.035951 0.084598 -0.048546
v -0.035590 0.084689 -0.049661
v -0.035474 0.082843 -0.048712
v -0.035125 0.082948 -0.049806
v -0.027674 0.068521 -0.049159
v -0.026412 0.067191 -0.049307
v -0.025086 0.065925 -0.049449
v -0.023699 0.064727 -0.049585
v -0.022254 0.063597 -0.049714
v -0.020756 0.062540 -0.049835
v -0.019208 0.061556 -0.049949
v -0.017614 0.060650 -0.050055
v -0.015977 0.059823 -0.050153
v -0.014301 0.059078 -0.050242
v -0.012590 0.058417 -0.050322
v -0.010849 0.057841 -0.050393
v -0.009081 0.057351 -0.050454
v -0.007291 0.056949 -0.050504
v -0.005484 0.056634 -0.050544
v -0.003663 0.056408 -0.050573
v -0.001834 0.056272 -0.050591
v 0.000000 0.056227 -0.050597
v 0.001834 0.056272 -0.050591
v 0.003663 0.056408 -0.050573
v 0.005484 0.056634 -0.050544
v 0.007291 0.056949 -0.050504
v 0.009081 0.057351 -0.050454
v 0.010849 0.057841 -0.050393
v 0.012590 0.058417 -0.050322
v 0.014301 0.059078 -0.050242
v 0.015977 0.059823 -0.050153
v 0.017614 0.060650 -0.050055
v 0.019208 0.061556 -0.049949
v 0.020756 0.062540 -0.049835
v 0.022254 0.063597 -0.049714
v 0.023699 0.064727 -0.049585
v 0.025086 0.065925 -0.049449
v 0.026412 0.067191 -0.049307
v 0.027674 0.068521 -0.049159
v -0.019142 0.125540 -0.042991
v -0.020687 0.124564 -0.043105
v -0.022182 0.123513 -0.043227
v -0.023625 0.122391 -0.043356
v -0.025011 0.121200 -0.043491
v -0.026338 0.119942 -0.043633
v -0.027600 0.118619 -0.043781
v -0.028796 0.117236 -0.043935
v -0.029922 0.115796 -0.044094
v -0.030978 0.114302 -0.044258
v -0.031959 0.112759 -0.044426
v -0.032864 0.111170 -0.044599
v -0.033690 0.109538 -0.044775
v -0.034434 0.107867 -0.044955
v -0.035096 0.106161 -0.045138
v -0.035672 0.104425 -0.045323
v -0.036163 0.102662 -0.045511
v -0.036567 0.100877 -0.045701
v -0.036884 0.099075 -0.045892
v -0.037112 0.097259 -0.046084
v -0.037251 0.095434 -0.046277
v -0.037300 0.093604 -0.046470
v -0.037258 0.091774 -0.046664
v -0.037126 0.089947 -0.046857
v -0.036905 0.088130 -0.047049
v -0.036595 0.086325 -0.047240
v -0.036198 0.084537 -0.047430
v -0.035713 0.082770 -0.047617
v -0.035143 0.081030 -0.047803
v -0.034487 0.079319 -0.047986
v -0.033747 0.077643 -0.048165
v -0.032925 0.076005 -0.048342
v 0.021832 0.073816 -0.057049
v 0.020940 0.072663 -0.057051
v 0.019982 0.071556 -0.057054
v 0.018961 0.070498 -0.057057
v 0.017880 0.069493 -0.057059
v 0.016743 0.068544 -0.057062
v 0.015552 0.067654 -0.057064
v 0.014310 0.066828 -0.057066
v 0.013022 0.066069 -0.057068
v 0.011690 0.065381 -0.057069
v 0.030267 0.095090 -0.055742
v 0.030431 0.093604 -0.055768
v 0.029384 0.090709 -0.056341
v 0.029248 0.087785 -0.056373
v 0.030342 0.087567 -0.055871
v 0.029069 0.086321 -0.056388
v 0.030130 0.086055 -0.055896
v 0.030521 0.092104 -0.055794
v 0.030537 0.090596 -0.055820
v 0.030477 0.089082 -0.055845
v 0.031154 0.085799 -0.055284
v 0.031396 0.087358 -0.055247
v 0.031561 0.088921 -0.055210
v 0.031648 0.090486 -0.055172
v 0.031658 0.092048 -0.055134
v 0.031590 0.093604 -0.055096
v 0.031445 0.095148 -0.055058
v 0.031225 0.096678 -0.055021
v 0.030931 0.098191 -0.054983
v 0.032393 0.087160 -0.054508
v 0.032586 0.088770 -0.054456
v 0.032699 0.090383 -0.054404
v 0.032732 0.091996 -0.054352
v 0.032685 0.093604 -0.054300
v 0.032558 0.095203 -0.054247
v 0.032354 0.096790 -0.054195
v 0.032072 0.098360 -0.054143
v 0.031716 0.099912 -0.054092
v 0.031286 0.101440 -0.054041
v 0.030784 0.102941 -0.053990
v 0.030211 0.104413 -0.053940
v 0.029568 0.105851 -0.053890
v 0.028859 0.107252 -0.053842
v 0.028084 0.108614 -0.053794
v 0.027247 0.109934 -0.053747
v -0.021832 0.073816 -0.057049
v -0.020940 0.072663 -0.057052
v -0.019982 0.071556 -0.057054
v -0.018961 0.070498 -0.057057
v -0.017880 0.069493 -0.057059
v -0.016743 0.068544 -0.057062
v -0.015552 0.067654 -0.057064
v -0.014310 0.066828 -0.057066
v -0.013022 0.066069 -0.057068
v -0.011690 0.065381 -0.057069
v -0.022513 0.073198 -0.056839
v -0.021578 0.072026 -0.056846
v -0.020577 0.070900 -0.056852
v -0.019513 0.069826 -0.056858
v -0.018390 0.068806 -0.056864
v -0.017211 0.067844 -0.056869
v -0.015978 0.066944 -0.056874
v -0.014696 0.066108 -0.056879
v -0.013367 0.065341 -0.056884
v -0.011995 0.064646 -0.056887
v -0.010582 0.064026 -0.056891
v -0.009136 0.063484 -0.056894
v -0.007660 0.063021 -0.056897
v -0.006158 0.062639 -0.056899
v -0.004637 0.062338 -0.056901
v -0.003100 0.062122 -0.056902
v -0.001553 0.061990 -0.056903
v 0.000000 0.061947 -0.056904
v 0.001553 0.061990 -0.056903
v 0.003100 0.062122 -0.056902
v 0.004637 0.062338 -0.056901
v 0.006158 0.062639 -0.056899
v 0.007660 0.063021 -0.056897
v 0.009136 0.063484 -0.056894
v 0.010583 0.064026 -0.056891
v 0.011995 0.064646 -0.056887
v 0.013367 0.065341 -0.056884
v 0.014696 0.066108 -0.056879
v 0.015978 0.066944 -0.056874
v 0.017211 0.067844 -0.056869
v 0.018390 0.068806 -0.056864
v 0.019513 0.069826 -0.056858
v 0.020577 0.070900 -0.056852
v 0.021578 0.072026 -0.056846
v 0.022513 0.073198 -0.056839
v -0.027478 0.083772 -0.056778
v -0.027770 0.085179 -0.056770
v 0.029843 0.084550 -0.055921
v 0.028815 0.084862 -0.056404
v 0.027770 0.085179 -0.056769
v 0.028133 0.088006 -0.056753
v 0.027017 0.088228 -0.057013
v 0.028210 0.090825 -0.056736
v 0.027033 0.090940 -0.057006
v 0.028006 0.093604 -0.056718
v 0.026779 0.093604 -0.056999
v 0.027530 0.096314 -0.056701
v 0.026266 0.096189 -0.056991
v 0.026798 0.098933 -0.056684
v 0.025509 0.098676 -0.056984
v 0.025828 0.101438 -0.056667
v 0.024529 0.101043 -0.056977
v 0.024635 0.103808 -0.056650
v 0.023342 0.103272 -0.056970
v 0.023238 0.106024 -0.056634
v 0.021968 0.105345 -0.056963
v 0.021658 0.108073 -0.056619
v 0.020428 0.107252 -0.056957
v 0.019914 0.109946 -0.056604
v 0.018743 0.108984 -0.056951
v 0.018028 0.111631 -0.056591
v 0.016931 0.110535 -0.056945
v 0.016018 0.113121 -0.056578
v 0.015015 0.111898 -0.056940
v 0.013905 0.114413 -0.056567
v 0.013011 0.113073 -0.056935
v 0.011707 0.115504 -0.056557
v 0.010936 0.114061 -0.056931
v 0.009440 0.116394 -0.056549
v 0.008806 0.114863 -0.056928
v 0.007122 0.117082 -0.056542
v 0.006636 0.115479 -0.056925
v 0.004768 0.117570 -0.056537
v 0.004439 0.115915 -0.056923
v 0.002390 0.117861 -0.056534
v 0.002224 0.116174 -0.056921
v 0.000000 0.117958 -0.056533
v 0.000000 0.116260 -0.056921
v -0.002389 0.117861 -0.056534
v -0.002223 0.116174 -0.056921
v -0.004768 0.117570 -0.056537
v -0.004439 0.115915 -0.056923
v -0.007122 0.117082 -0.056542
v -0.006636 0.115479 -0.056925
v -0.009440 0.116394 -0.056549
v -0.008806 0.114863 -0.056928
v -0.011707 0.115504 -0.056557
v -0.010935 0.114061 -0.056931
v -0.013905 0.114413 -0.056567
v -0.013011 0.113073 -0.056935
v -0.016018 0.113121 -0.056578
v -0.015014 0.111898 -0.056940
v -0.018028 0.111631 -0.056591
v -0.016931 0.110535 -0.056945
v -0.019914 0.109946 -0.056604
v -0.018743 0.108984 -0.056951
v -0.021658 0.108073 -0.056619
v -0.020428 0.107252 -0.056957
v -0.023238 0.106024 -0.056634
v -0.021968 0.105345 -0.056963
v -0.024635 0.103808 -0.056650
v -0.023342 0.103272 -0.056970
v -0.025828 0.101438 -0.056667
v -0.024529 0.101043 -0.056977
v -0.026798 0.098933 -0.056684
v -0.025509 0.098676 -0.056984
v -0.027530 0.096314 -0.056701
v -0.026266 0.096189 -0.056991
v -0.028006 0.093604 -0.056718
v -0.026779 0.093604 -0.056999
v -0.028210 0.090825 -0.056736
v -0.027033 0.090940 -0.057006
v -0.028133 0.088006 -0.056753
v -0.027017 0.088228 -0.057013
v -0.023193 0.072582 -0.056532
v -0.022215 0.071389 -0.056545
v -0.021171 0.070245 -0.056556
v -0.020065 0.069154 -0.056567
v -0.018899 0.068120 -0.056578
v -0.017678 0.067145 -0.056589
v -0.016403 0.066234 -0.056598
v -0.015080 0.065389 -0.056607
v -0.013710 0.064615 -0.056615
v -0.012298 0.063913 -0.056622
v -0.010847 0.063288 -0.056629
v -0.009362 0.062741 -0.056635
v -0.007847 0.062274 -0.056640
v -0.006307 0.061889 -0.056644
v -0.004748 0.061587 -0.056647
v -0.003174 0.061369 -0.056650
v -0.001590 0.061238 -0.056651
v 0.000000 0.061193 -0.056652
v 0.001590 0.061238 -0.056651
v 0.003174 0.061369 -0.056650
v 0.004748 0.061587 -0.056647
v 0.006307 0.061889 -0.056644
v 0.007847 0.062274 -0.056640
v 0.009362 0.062741 -0.056635
v 0.010847 0.063288 -0.056629
v 0.012298 0.063913 -0.056622
v 0.013710 0.064615 -0.056615
v 0.015080 0.065389 -0.056607
v 0.016403 0.066234 -0.056598
v 0.017678 0.067145 -0.056588
v 0.018899 0.068120 -0.056578
v 0.020065 0.069154 -0.056567
v 0.021171 0.070245 -0.056556
v 0.022215 0.071389 -0.056545
v 0.023193 0.072582 -0.056532
v -0.023860 0.071978 -0.056127
v -0.022840 0.070764 -0.056147
v -0.021754 0.069602 -0.056165
v -0.020606 0.068495 -0.056183
v -0.019399 0.067447 -0.056201
v -0.018136 0.066460 -0.056217
v -0.016821 0.065538 -0.056232
v -0.015457 0.064684 -0.056246
v -0.014048 0.063901 -0.056259
v -0.012596 0.063193 -0.056271
v -0.011107 0.062562 -0.056282
v -0.009583 0.062012 -0.056292
v -0.008031 0.061541 -0.056299
v -0.006454 0.061154 -0.056306
v -0.004858 0.060849 -0.056311
v -0.003247 0.060631 -0.056316
v -0.001626 0.060498 -0.056318
v 0.000000 0.060454 -0.056319
v 0.001626 0.060498 -0.056318
v 0.003247 0.060631 -0.056316
v 0.004858 0.060849 -0.056311
v 0.006454 0.061154 -0.056306
v 0.008031 0.061541 -0.056299
v 0.009583 0.062012 -0.056292
v 0.011107 0.062562 -0.056282
v 0.012596 0.063193 -0.056271
v 0.014048 0.063901 -0.056259
v 0.015457 0.064684 -0.056246
v 0.016821 0.065538 -0.056232
v 0.018136 0.066460 -0.056217
v 0.019399 0.067447 -0.056201
v 0.020606 0.068495 -0.056183
v 0.021754 0.069602 -0.056165
v 0.022840 0.070764 -0.056147
v 0.023860 0.071978 -0.056127
v -0.025497 0.072678 -0.055593
v -0.024503 0.071395 -0.055624
v -0.023442 0.070161 -0.055652
v -0.022316 0.068982 -0.055680
v -0.021128 0.067859 -0.055707
v -0.019880 0.066797 -0.055732
v -0.018578 0.065799 -0.055756
v -0.017224 0.064866 -0.055778
v -0.015821 0.064003 -0.055799
v -0.014373 0.063213 -0.055818
v -0.012884 0.062499 -0.055836
v -0.011357 0.061863 -0.055851
v -0.009797 0.061308 -0.055865
v -0.008208 0.060835 -0.055877
v -0.006595 0.060444 -0.055887
v -0.004963 0.060139 -0.055895
v -0.003317 0.059919 -0.055901
v -0.001661 0.059785 -0.055904
v 0.000000 0.059741 -0.055905
v 0.001661 0.059785 -0.055904
v 0.003317 0.059919 -0.055901
v 0.004963 0.060139 -0.055895
v 0.006595 0.060444 -0.055887
v 0.008208 0.060835 -0.055877
v 0.009797 0.061308 -0.055865
v 0.011357 0.061863 -0.055851
v 0.012884 0.062499 -0.055836
v 0.014373 0.063213 -0.055818
v 0.015821 0.064003 -0.055799
v 0.017224 0.064866 -0.055778
v 0.018578 0.065799 -0.055756
v 0.019880 0.066797 -0.055732
v 0.021128 0.067859 -0.055707
v 0.022316 0.068982 -0.055680
v 0.023442 0.070161 -0.055652
v 0.024503 0.071395 -0.055624
v 0.025497 0.072678 -0.055593
v -0.029248 0.087785 -0.056373
v -0.030342 0.087567 -0.055871
v -0.030477 0.089082 -0.055845
v -0.029384 0.090709 -0.056341
v -0.030130 0.086056 -0.055896
v -0.029069 0.086321 -0.056388
v -0.029843 0.084550 -0.055921
v -0.028815 0.084862 -0.056404
v -0.030833 0.084250 -0.055321
v -0.031154 0.085799 -0.055284
v -0.031396 0.087358 -0.055247
v -0.029230 0.093604 -0.056309
v -0.025111 0.070844 -0.055027
v -0.024012 0.069592 -0.055067
v -0.022847 0.068396 -0.055105
v -0.021621 0.067259 -0.055141
v -0.020335 0.066184 -0.055176
v -0.018996 0.065174 -0.055209
v -0.017604 0.064232 -0.055240
v -0.016165 0.063361 -0.055269
v -0.014681 0.062563 -0.055295
v -0.013155 0.061843 -0.055319
v -0.011593 0.061202 -0.055341
v -0.009998 0.060643 -0.055360
v -0.008375 0.060167 -0.055376
v -0.006728 0.059774 -0.055390
v -0.005063 0.059467 -0.055401
v -0.003383 0.059245 -0.055409
v -0.001694 0.059112 -0.055414
v 0.000000 0.059067 -0.055415
v 0.001694 0.059112 -0.055414
v 0.003383 0.059245 -0.055409
v 0.005063 0.059467 -0.055401
v 0.006728 0.059774 -0.055390
v 0.008375 0.060167 -0.055376
v 0.009998 0.060643 -0.055360
v 0.011593 0.061202 -0.055341
v 0.013155 0.061843 -0.055319
v 0.014681 0.062563 -0.055295
v 0.016165 0.063361 -0.055269
v 0.017604 0.064232 -0.055240
v 0.018996 0.065174 -0.055209
v 0.020335 0.066184 -0.055176
v 0.021621 0.067259 -0.055141
v 0.022847 0.068396 -0.055105
v 0.024012 0.069592 -0.055067
v 0.025111 0.070844 -0.055027
v -0.031769 0.083966 -0.054610
v -0.032121 0.085557 -0.054559
v -0.032393 0.087160 -0.054508
v -0.032586 0.088770 -0.054456
v -0.028859 0.107252 -0.053842
v -0.029568 0.105851 -0.053890
v -0.030211 0.104413 -0.053940
v -0.030784 0.102941 -0.053990
v -0.031286 0.101440 -0.054041
v -0.031716 0.099912 -0.054092
v -0.032072 0.098360 -0.054143
v -0.032354 0.096790 -0.054196
v -0.032558 0.095203 -0.054247
v -0.032685 0.093604 -0.054300
v -0.032731 0.091996 -0.054352
v -0.032699 0.090383 -0.054404
v -0.028791 0.096439 -0.056277
v -0.028085 0.099189 -0.056245
v -0.027124 0.101831 -0.056214
v -0.025925 0.104342 -0.056183
v -0.024506 0.106701 -0.056154
v -0.022885 0.108894 -0.056125
v -0.021084 0.110906 -0.056099
v -0.019122 0.112726 -0.056073
v -0.017020 0.114342 -0.056050
v -0.014798 0.115749 -0.056029
v -0.012476 0.116944 -0.056011
v -0.010073 0.117922 -0.055996
v -0.007607 0.118681 -0.055983
v -0.005096 0.119221 -0.055974
v -0.036092 0.083426 -0.033248
v -0.036307 0.084282 -0.032868
v -0.032158 0.074328 -0.037277
v -0.032850 0.075544 -0.036739
v -0.007023 0.130424 -0.012430
v -0.030337 0.115645 -0.018976
v -0.037309 0.097279 -0.027112
v -0.037267 0.097777 -0.026891
v -0.037193 0.098302 -0.026659
v -0.037441 0.095695 -0.027814
v -0.037449 0.095444 -0.027925
v -0.037500 0.093604 -0.028740
v -0.036362 0.102713 -0.024705
v -0.036305 0.102925 -0.024611
v -0.036521 0.102116 -0.024969
v -0.036763 0.100917 -0.025500
v -0.036963 0.099924 -0.025940
v -0.037079 0.099104 -0.026303
v -0.035920 0.104373 -0.023970
v -0.035882 0.104489 -0.023918
v -0.035304 0.106236 -0.023145
v -0.035255 0.106383 -0.023080
v -0.034858 0.107405 -0.022626
v -0.034645 0.107954 -0.022383
v -0.033890 0.109634 -0.021639
v -0.033732 0.109987 -0.021483
v -0.033059 0.111276 -0.020912
v -0.032855 0.111666 -0.020739
v -0.031166 0.114430 -0.019515
v -0.031618 0.113767 -0.019809
v -0.032150 0.112876 -0.020204
v -0.032727 0.111911 -0.020631
v -0.028936 0.117456 -0.018175
v -0.027778 0.118781 -0.017588
v -0.027505 0.119093 -0.017449
v -0.027333 0.119271 -0.017371
v -0.028986 0.117392 -0.018203
v -0.030113 0.115938 -0.018847
v -0.030320 0.115671 -0.018965
v -0.026516 0.120120 -0.016995
v -0.025177 0.121383 -0.016435
v -0.024912 0.121633 -0.016325
v -0.023894 0.122486 -0.015946
v -0.020824 0.124772 -0.014934
v -0.020087 0.125256 -0.014720
v -0.021501 0.124327 -0.015131
v -0.022328 0.123712 -0.015403
v -0.023243 0.123031 -0.015705
v -0.023780 0.122582 -0.015904
v -0.016029 0.127497 -0.013727
v -0.015964 0.127530 -0.013712
v -0.019273 0.125760 -0.014496
v -0.017725 0.126650 -0.014102
v -0.017676 0.126674 -0.014092
v -0.019638 0.125550 -0.014589
v -0.014350 0.128249 -0.013394
v -0.012630 0.128904 -0.013104
v -0.012318 0.129023 -0.013051
v -0.011583 0.129255 -0.012949
v -0.015786 0.127619 -0.013673
v -0.007312 0.130368 -0.012455
v -0.010255 0.129674 -0.012763
v -0.009107 0.129965 -0.012634
v -0.008160 0.130205 -0.012528
v -0.010881 0.129476 -0.012850
v -0.006023 0.130617 -0.012345
v -0.005500 0.130686 -0.012314
v -0.003868 0.130904 -0.012218
v -0.003675 0.130918 -0.012212
v -0.002353 0.131017 -0.012168
v 0.000000 0.131104 -0.012130
v 0.001840 0.131050 -0.012153
v 0.002163 0.131041 -0.012157
v -0.001713 0.131065 -0.012147
v -0.001839 0.131055 -0.012151
v 0.002354 0.131024 -0.012165
v 0.003674 0.130910 -0.012215
v 0.004323 0.130854 -0.012240
v 0.005500 0.130682 -0.012316
v 0.006469 0.130542 -0.012379
v 0.007024 0.130427 -0.012429
v 0.007312 0.130369 -0.012455
v 0.008580 0.130109 -0.012570
v 0.009108 0.129968 -0.012632
v 0.010675 0.129552 -0.012817
v 0.010884 0.129484 -0.012847
v 0.011583 0.129253 -0.012949
v 0.015963 0.127526 -0.013714
v 0.014351 0.128249 -0.013394
v 0.012750 0.128870 -0.013119
v 0.012632 0.128908 -0.013102
v 0.016029 0.127496 -0.013728
v 0.020092 0.125263 -0.014716
v 0.019269 0.125755 -0.014499
v 0.018299 0.126336 -0.014241
v 0.017670 0.126664 -0.014096
v 0.016344 0.127355 -0.013790
v 0.023899 0.122493 -0.015943
v 0.023787 0.122589 -0.015901
v 0.020195 0.125202 -0.014744
v 0.020825 0.124773 -0.014934
v 0.021975 0.123990 -0.015280
v 0.022331 0.123716 -0.015402
v 0.023716 0.122651 -0.015873
v 0.027324 0.119263 -0.017374
v 0.026516 0.120120 -0.016994
v 0.025407 0.121185 -0.016523
v 0.025177 0.121384 -0.016435
v 0.030325 0.115636 -0.018981
v 0.029502 0.116752 -0.018486
v 0.030106 0.115933 -0.018849
v 0.027778 0.118781 -0.017588
v 0.028045 0.118498 -0.017713
v 0.028975 0.117384 -0.018206
v 0.032158 0.112879 -0.020202
v 0.032850 0.111663 -0.020740
v 0.030854 0.114918 -0.019299
v 0.031170 0.114432 -0.019514
v 0.032011 0.113136 -0.020088
v 0.034854 0.107403 -0.022627
v 0.034645 0.107954 -0.022383
v 0.033069 0.111279 -0.020910
v 0.033130 0.111173 -0.020958
v 0.033887 0.109631 -0.021640
v 0.034155 0.109084 -0.021883
v 0.036308 0.102926 -0.024610
v 0.036092 0.103782 -0.024231
v 0.035297 0.106233 -0.023145
v 0.035872 0.104486 -0.023920
v 0.035457 0.105812 -0.023332
v 0.037190 0.098302 -0.026659
v 0.037083 0.099105 -0.026303
v 0.036361 0.102712 -0.024705
v 0.036612 0.101715 -0.025147
v 0.036765 0.100917 -0.025500
v 0.037011 0.099638 -0.026067
v 0.037294 0.097529 -0.027001
v 0.037312 0.097279 -0.027112
v 0.037448 0.095443 -0.027925
v 0.037466 0.095195 -0.028035
v 0.037500 0.093604 -0.028740
v 0.037449 0.091764 -0.029554
v 0.037442 0.091513 -0.029665
v 0.037267 0.089430 -0.030588
v 0.037193 0.088905 -0.030820
v 0.037309 0.089929 -0.030367
v 0.037079 0.088103 -0.031176
v 0.036963 0.087283 -0.031539
v 0.036763 0.086291 -0.031978
v 0.036521 0.085091 -0.032510
v 0.036305 0.084282 -0.032868
v 0.036362 0.084495 -0.032774
v 0.035920 0.082835 -0.033509
v 0.035882 0.082719 -0.033560
v 0.035255 0.080825 -0.034399
v 0.034858 0.079802 -0.034853
v 0.035304 0.080971 -0.034335
v 0.033890 0.077574 -0.035839
v 0.033732 0.077220 -0.035996
v 0.034645 0.079253 -0.035096
v 0.032855 0.075541 -0.036740
v 0.033059 0.075932 -0.036567
v 0.032727 0.075297 -0.036848
v 0.032151 0.074332 -0.037276
v 0.031166 0.072778 -0.037964
v 0.030337 0.071562 -0.038502
v 0.031618 0.073441 -0.037670
v 0.030320 0.071537 -0.038514
v 0.030113 0.071270 -0.038632
v 0.028986 0.069815 -0.039276
v 0.028936 0.069752 -0.039304
v 0.027778 0.068426 -0.039892
v 0.027505 0.068114 -0.040029
v 0.027333 0.067936 -0.040109
v 0.026516 0.067087 -0.040484
v 0.025177 0.065824 -0.041044
v 0.024912 0.065575 -0.041154
v 0.023894 0.064721 -0.041532
v 0.020087 0.061952 -0.042759
v 0.020824 0.062436 -0.042545
v 0.023780 0.064626 -0.041574
v 0.023244 0.064176 -0.041774
v 0.022328 0.063495 -0.042076
v 0.021501 0.062880 -0.042348
v 0.019638 0.061657 -0.042890
v 0.019273 0.061447 -0.042982
v 0.017725 0.060557 -0.043377
v 0.017677 0.060533 -0.043388
v 0.014351 0.058959 -0.044085
v 0.015786 0.059589 -0.043806
v 0.015964 0.059678 -0.043766
v 0.016030 0.059710 -0.043752
v 0.012630 0.058303 -0.044375
v 0.012318 0.058185 -0.044428
v 0.011584 0.057953 -0.044531
v 0.010881 0.057731 -0.044629
v 0.010255 0.057533 -0.044716
v -0.001840 0.056157 -0.045326
v 0.000000 0.056104 -0.045349
v 0.001713 0.056143 -0.045332
v 0.001840 0.056153 -0.045328
v 0.002354 0.056191 -0.045311
v 0.003675 0.056290 -0.045267
v 0.003868 0.056304 -0.045261
v 0.005500 0.056521 -0.045165
v 0.006023 0.056591 -0.045134
v 0.007024 0.056783 -0.045048
v 0.007312 0.056839 -0.045024
v 0.008160 0.057002 -0.044951
v 0.009107 0.057243 -0.044845
v -0.014351 0.058959 -0.044085
v -0.012750 0.058338 -0.044360
v -0.012632 0.058299 -0.044377
v -0.011583 0.057954 -0.044530
v -0.010884 0.057724 -0.044632
v -0.010675 0.057656 -0.044662
v -0.009108 0.057239 -0.044847
v -0.008580 0.057098 -0.044909
v -0.007312 0.056839 -0.045024
v -0.007024 0.056780 -0.045050
v -0.006469 0.056666 -0.045101
v -0.005499 0.056525 -0.045163
v -0.004323 0.056354 -0.045239
v -0.003674 0.056298 -0.045263
v -0.002354 0.056183 -0.045315
v -0.002163 0.056166 -0.045322
v -0.017669 0.060544 -0.043383
v -0.016344 0.059853 -0.043689
v -0.016029 0.059712 -0.043751
v -0.015963 0.059682 -0.043765
v -0.018299 0.060872 -0.043237
v -0.019269 0.061452 -0.042981
v -0.020092 0.061944 -0.042762
v -0.020195 0.062006 -0.042735
v -0.020825 0.062435 -0.042545
v -0.021975 0.063217 -0.042198
v -0.022331 0.063491 -0.042077
v -0.023716 0.064556 -0.041606
v -0.025407 0.066023 -0.040956
v -0.025177 0.065824 -0.041044
v -0.023787 0.064618 -0.041578
v -0.023899 0.064715 -0.041535
v -0.026516 0.067088 -0.040484
v -0.027324 0.067945 -0.040104
v -0.028045 0.068710 -0.039766
v -0.027778 0.068427 -0.039892
v -0.029502 0.070456 -0.038993
v -0.028975 0.069823 -0.039272
v -0.030854 0.072290 -0.038180
v -0.030106 0.071274 -0.038630
v -0.030324 0.071572 -0.038498
v -0.031169 0.072776 -0.037965
v -0.032011 0.074072 -0.037391
v -0.033130 0.076035 -0.036521
v -0.033068 0.075928 -0.036569
v -0.034155 0.078123 -0.035596
v -0.033886 0.077576 -0.035839
v -0.034645 0.079253 -0.035096
v -0.034854 0.079804 -0.034852
v -0.035297 0.080974 -0.034334
v -0.035457 0.081395 -0.034147
v -0.035872 0.082722 -0.033559
v -0.036361 0.084495 -0.032774
v -0.036765 0.086290 -0.031979
v -0.037011 0.087570 -0.031412
v -0.036612 0.085492 -0.032332
v -0.037190 0.088906 -0.030820
v -0.037294 0.089679 -0.030478
v -0.037083 0.088103 -0.031176
v -0.037466 0.092013 -0.029444
v -0.037448 0.091764 -0.029554
v -0.037312 0.089929 -0.030367
v 0.000000 0.131110 -0.012072
v 0.000000 0.131107 -0.012095
v -0.001840 0.131061 -0.012115
v -0.027190 0.119690 -0.016988
v -0.026683 0.120187 -0.016769
v -0.026662 0.120176 -0.016778
v -0.006366 0.130712 -0.012139
v -0.005537 0.130831 -0.012086
v -0.005532 0.130814 -0.012097
v -0.018553 0.126379 -0.014045
v -0.017788 0.126784 -0.013867
v -0.017775 0.126769 -0.013876
v -0.005526 0.130785 -0.012117
v -0.007348 0.130469 -0.012257
v -0.007356 0.130498 -0.012236
v -0.009142 0.130038 -0.012460
v -0.010922 0.129546 -0.012678
v -0.010933 0.129571 -0.012652
v -0.016087 0.127552 -0.013555
v -0.017736 0.126722 -0.013921
v -0.017755 0.126744 -0.013896
v -0.019343 0.125811 -0.014322
v -0.020903 0.124823 -0.014758
v -0.020925 0.124843 -0.014733
v -0.025266 0.121416 -0.016259
v -0.026603 0.120142 -0.016820
v -0.026632 0.120158 -0.016796
v -0.037296 0.087977 -0.030947
v -0.036979 0.086154 -0.031749
v -0.037021 0.086139 -0.031751
v -0.016118 0.059425 -0.043511
v -0.017771 0.060257 -0.043145
v -0.017745 0.060311 -0.043143
v 0.000000 0.055960 -0.045125
v 0.000000 0.055935 -0.045113
v -0.001842 0.056006 -0.045103
v -0.001844 0.055975 -0.045091
v -0.003682 0.056142 -0.045044
v -0.003684 0.056111 -0.045031
v -0.005512 0.056367 -0.044944
v -0.005515 0.056337 -0.044932
v -0.007328 0.056682 -0.044805
v -0.007333 0.056652 -0.044793
v -0.009127 0.057086 -0.044627
v -0.009133 0.057056 -0.044615
v -0.010904 0.057578 -0.044411
v -0.010911 0.057548 -0.044398
v -0.012655 0.058156 -0.044155
v -0.012663 0.058126 -0.044143
v -0.014375 0.058819 -0.043863
v -0.014385 0.058790 -0.043851
v -0.016071 0.059537 -0.043522
v 0.000000 0.055990 -0.045140
v -0.001842 0.056036 -0.045120
v -0.003679 0.056171 -0.045060
v -0.005509 0.056397 -0.044961
v -0.007324 0.056711 -0.044822
v -0.009121 0.057115 -0.044644
v -0.010898 0.057606 -0.044427
v -0.012648 0.058184 -0.044172
v -0.014367 0.058846 -0.043880
v -0.016061 0.059565 -0.043534
v 0.000000 0.055874 -0.045100
v -0.001846 0.055912 -0.045080
v -0.003689 0.056047 -0.045020
v -0.005523 0.056274 -0.044920
v -0.007343 0.056589 -0.044781
v -0.009146 0.056994 -0.044603
v -0.010927 0.057487 -0.044386
v -0.012681 0.058066 -0.044131
v -0.014405 0.058731 -0.043839
v 0.000000 0.055866 -0.045101
v 0.000000 0.055812 -0.045103
v -0.001849 0.055851 -0.045084
v 0.000000 0.055806 -0.045105
v 0.000000 0.055753 -0.045121
v -0.005531 0.056214 -0.044924
v -0.003695 0.055987 -0.045024
v -0.004073 0.055974 -0.045024
v -0.001852 0.055803 -0.045099
v -0.002043 0.055808 -0.045096
v -0.003699 0.055943 -0.045037
v -0.009160 0.056935 -0.044607
v -0.007354 0.056530 -0.044785
v -0.008244 0.056664 -0.044720
v -0.012712 0.057971 -0.044145
v -0.012700 0.058010 -0.044134
v -0.012206 0.057781 -0.044229
v -0.010943 0.057429 -0.044390
v -0.009169 0.056897 -0.044617
v -0.010168 0.057148 -0.044507
v -0.010953 0.057392 -0.044399
v -0.005537 0.056173 -0.044936
v -0.006107 0.056251 -0.044902
v -0.007361 0.056493 -0.044795
v -0.014253 0.058547 -0.043891
v -0.014444 0.058631 -0.043854
v -0.014426 0.058675 -0.043842
v -0.016094 0.059479 -0.043509
v -0.017720 0.060367 -0.043156
v -0.016098 0.059358 -0.043534
v -0.016139 0.059379 -0.043525
v -0.017792 0.060216 -0.043157
v -0.018009 0.060326 -0.043109
v -0.020944 0.062159 -0.042308
v -0.020964 0.062126 -0.042316
v -0.021680 0.062600 -0.042108
v -0.023916 0.064363 -0.041339
v -0.022457 0.063224 -0.041840
v -0.023360 0.063849 -0.041559
v -0.022478 0.063193 -0.041847
v -0.019381 0.061169 -0.042744
v -0.019400 0.061134 -0.042753
v -0.019912 0.061431 -0.042622
v -0.030282 0.071048 -0.038397
v -0.029143 0.069589 -0.039038
v -0.029561 0.070025 -0.038841
v -0.027934 0.068188 -0.039655
v -0.028138 0.068337 -0.039584
v -0.029171 0.069562 -0.039044
v -0.032096 0.073631 -0.037255
v -0.032337 0.074124 -0.037043
v -0.031347 0.072561 -0.037731
v -0.032368 0.074101 -0.037048
v -0.033196 0.075528 -0.036420
v -0.033250 0.075735 -0.036334
v -0.033287 0.075710 -0.036340
v -0.034082 0.077388 -0.035607
v -0.030308 0.071024 -0.038402
v -0.030863 0.071765 -0.038075
v -0.031374 0.072538 -0.037735
v -0.035498 0.080807 -0.034102
v -0.034832 0.079080 -0.034862
v -0.035085 0.079571 -0.034641
v -0.035527 0.080791 -0.034104
v -0.035854 0.081692 -0.033707
v -0.036079 0.082564 -0.033329
v -0.037687 0.091652 -0.029325
v -0.037659 0.091660 -0.029326
v -0.037631 0.090515 -0.029826
v -0.037522 0.089814 -0.030139
v -0.037333 0.087965 -0.030947
v -0.037384 0.088262 -0.030817
v -0.037553 0.089805 -0.030138
v -0.036109 0.082549 -0.033330
v -0.036491 0.083836 -0.032764
v -0.036573 0.084348 -0.032544
v -0.036607 0.084333 -0.032545
v -0.037005 0.086039 -0.031795
v -0.022425 0.063273 -0.041839
v -0.023882 0.064410 -0.041338
v -0.025282 0.065617 -0.040807
v -0.025317 0.065572 -0.040807
v -0.026621 0.066891 -0.040246
v -0.026658 0.066848 -0.040245
v -0.027896 0.068229 -0.039657
v -0.029103 0.069629 -0.039041
v -0.030240 0.071086 -0.038399
v -0.031305 0.072597 -0.037734
v -0.032294 0.074158 -0.037047
v -0.033205 0.075766 -0.036338
v -0.034037 0.077417 -0.035612
v -0.034787 0.079107 -0.034868
v -0.035453 0.080831 -0.034108
v -0.036032 0.082586 -0.033336
v -0.036526 0.084368 -0.032551
v -0.036932 0.086172 -0.031758
v -0.037249 0.087993 -0.030956
v -0.037475 0.089828 -0.030148
v -0.037612 0.091672 -0.029336
v -0.037658 0.093520 -0.028523
v -0.034121 0.077365 -0.035612
v -0.034207 0.077537 -0.035536
v -0.034865 0.079061 -0.034865
v -0.022394 0.063325 -0.041853
v -0.023850 0.064460 -0.041352
v -0.025248 0.065665 -0.040821
v -0.026585 0.066937 -0.040261
v -0.027858 0.068273 -0.039672
v -0.029064 0.069671 -0.039056
v -0.030200 0.071126 -0.038414
v -0.031264 0.072635 -0.037750
v -0.032253 0.074194 -0.037063
v -0.033163 0.075800 -0.036355
v -0.033994 0.077449 -0.035628
v -0.034743 0.079137 -0.034885
v -0.035408 0.080859 -0.034126
v -0.035988 0.082612 -0.033354
v -0.036481 0.084391 -0.032570
v -0.036887 0.086193 -0.031776
v -0.037204 0.088012 -0.030975
v -0.037430 0.089845 -0.030167
v -0.037567 0.091686 -0.029356
v -0.037613 0.093532 -0.028542
v -0.037568 0.095378 -0.027729
v -0.023938 0.064332 -0.041346
v -0.025061 0.065271 -0.040933
v -0.025345 0.065538 -0.040815
v -0.026678 0.066794 -0.040263
v -0.027966 0.068156 -0.039664
v -0.037434 0.097220 -0.026918
v -0.037208 0.099053 -0.026110
v -0.037169 0.099061 -0.026140
v -0.014414 0.128325 -0.013201
v -0.012689 0.128991 -0.012907
v -0.012675 0.128966 -0.012932
v -0.007340 0.130443 -0.012282
v -0.005520 0.130759 -0.012143
v -0.003688 0.130985 -0.012043
v -0.009152 0.130064 -0.012435
v 0.000000 0.131161 -0.011970
v 0.000000 0.131146 -0.011994
v -0.001844 0.131099 -0.012013
v 0.000000 0.131167 -0.011964
v -0.027907 0.118818 -0.017386
v -0.027876 0.118804 -0.017409
v -0.029114 0.117418 -0.018002
v -0.029082 0.117405 -0.018025
v -0.030251 0.115960 -0.018643
v -0.030218 0.115949 -0.018667
v -0.031315 0.114449 -0.019309
v -0.031281 0.114439 -0.019332
v -0.032304 0.112886 -0.019997
v -0.032268 0.112877 -0.020020
v -0.033215 0.111277 -0.020705
v -0.033178 0.111270 -0.020728
v -0.034046 0.109626 -0.021432
v -0.034007 0.109621 -0.021455
v -0.034794 0.107935 -0.022176
v -0.034755 0.107932 -0.022198
v -0.035459 0.106210 -0.022936
v -0.035419 0.106208 -0.022958
v -0.036039 0.104454 -0.023709
v -0.035997 0.104454 -0.023731
v -0.036532 0.102673 -0.024493
v -0.036490 0.102675 -0.024515
v -0.036936 0.100869 -0.025287
v -0.036893 0.100872 -0.025308
v -0.037252 0.099047 -0.026089
v -0.037477 0.097212 -0.026897
v -0.037613 0.095368 -0.027709
v -0.037704 0.093510 -0.028512
v -0.037659 0.095360 -0.027698
v -0.037297 0.099043 -0.026077
v -0.037523 0.097206 -0.026885
v -0.037556 0.097325 -0.026829
v -0.037743 0.092781 -0.028828
v -0.037735 0.093503 -0.028511
v -0.037718 0.095052 -0.027829
v -0.037697 0.095355 -0.027696
v -0.037565 0.097203 -0.026883
v -0.036822 0.101821 -0.024851
v -0.036575 0.102673 -0.024480
v -0.036980 0.100867 -0.025275
v -0.037329 0.099041 -0.026074
v -0.037258 0.099579 -0.025837
v -0.037008 0.100865 -0.025271
v -0.034086 0.109634 -0.021417
v -0.034835 0.107941 -0.022162
v -0.034720 0.108321 -0.021991
v -0.032681 0.112398 -0.020197
v -0.032341 0.112897 -0.019981
v -0.033254 0.111287 -0.020689
v -0.034110 0.109637 -0.021411
v -0.033759 0.110396 -0.021078
v -0.033277 0.111291 -0.020684
v -0.027957 0.118844 -0.017360
v -0.027939 0.118835 -0.017368
v -0.028701 0.118025 -0.017721
v -0.029147 0.117434 -0.017984
v -0.030286 0.115975 -0.018627
v -0.030170 0.116192 -0.018527
v -0.029168 0.117442 -0.017977
v -0.032367 0.112904 -0.019974
v -0.031475 0.114345 -0.019340
v -0.031351 0.114461 -0.019293
v -0.031384 0.114474 -0.019284
v -0.030315 0.115987 -0.018618
v -0.036602 0.102672 -0.024476
v -0.036254 0.104026 -0.023881
v -0.036082 0.104457 -0.023695
v -0.036114 0.104458 -0.023690
v -0.035501 0.106214 -0.022922
v -0.035550 0.106200 -0.022924
v -0.034867 0.107946 -0.022156
v -0.023921 0.122662 -0.015684
v -0.022462 0.123800 -0.015183
v -0.022436 0.123778 -0.015202
v -0.019385 0.125857 -0.014278
v -0.019364 0.125833 -0.014298
v -0.012703 0.129018 -0.012887
v -0.014430 0.128351 -0.013180
v -0.016122 0.127601 -0.013510
v -0.010945 0.129598 -0.012632
v -0.009162 0.130092 -0.012414
v -0.003696 0.131040 -0.011997
v -0.001850 0.131177 -0.011937
v -0.001848 0.131148 -0.011958
v -0.022412 0.123759 -0.015227
v -0.023868 0.122622 -0.015727
v -0.023894 0.122640 -0.015703
v -0.025293 0.121433 -0.016234
v -0.025322 0.121453 -0.016216
v -0.025610 0.121238 -0.016308
v -0.025345 0.121468 -0.016206
v -0.020949 0.124866 -0.014714
v -0.020964 0.124881 -0.014704
v -0.020430 0.125247 -0.014543
v -0.019398 0.125870 -0.014269
v -0.014398 0.128302 -0.013226
v -0.016104 0.127575 -0.013531
v -0.016714 0.127351 -0.013617
v -0.023947 0.122683 -0.015672
v -0.023900 0.122724 -0.015654
v -0.022483 0.123819 -0.015172
v -0.022243 0.124003 -0.015090
v -0.012676 0.129062 -0.012865
v -0.001846 0.131121 -0.011984
v -0.003692 0.131011 -0.012018
v -0.007360 0.130511 -0.012227
v -0.004336 0.131003 -0.012011
v -0.003699 0.131058 -0.011986
v -0.002172 0.131190 -0.011928
v -0.001852 0.131200 -0.011924
v -0.010956 0.129622 -0.012619
v -0.010709 0.129702 -0.012583
v -0.009169 0.130109 -0.012404
v -0.008589 0.130263 -0.012336
v -0.016134 0.127617 -0.013501
v -0.014707 0.128270 -0.013213
v -0.014443 0.128373 -0.013168
v -0.012717 0.129045 -0.012872
v -0.037324 0.097267 -0.027068
v -0.037100 0.099094 -0.026260
v -0.037459 0.095431 -0.027881
v -0.037504 0.093591 -0.028696
v -0.036785 0.100908 -0.025457
v -0.036382 0.102705 -0.024662
v -0.035892 0.104479 -0.023877
v -0.035315 0.106227 -0.023103
v -0.034653 0.107945 -0.022343
v -0.032173 0.112875 -0.020161
v -0.033080 0.111273 -0.020870
v -0.033907 0.109628 -0.021598
v -0.030128 0.115937 -0.018807
v -0.031188 0.114431 -0.019473
v -0.028996 0.117388 -0.018164
v -0.027793 0.118782 -0.017547
v -0.026524 0.120117 -0.016957
v -0.023797 0.122589 -0.015863
v -0.022346 0.123722 -0.015362
v -0.025191 0.121386 -0.016395
v -0.020840 0.124783 -0.014892
v -0.019285 0.125768 -0.014457
v -0.017683 0.126675 -0.014055
v -0.016038 0.127503 -0.013689
v -0.014355 0.128250 -0.013359
v -0.012637 0.128913 -0.013065
v -0.010889 0.129490 -0.012810
v -0.009115 0.129981 -0.012592
v -0.007318 0.130385 -0.012414
v -0.005504 0.130700 -0.012275
v -0.003676 0.130925 -0.012175
v -0.003675 0.056278 -0.045215
v -0.005501 0.056503 -0.045115
v -0.001839 0.056143 -0.045275
v -0.007314 0.056818 -0.044976
v -0.009109 0.057221 -0.044797
v -0.010882 0.057712 -0.044580
v -0.016029 0.059696 -0.043701
v -0.019275 0.061430 -0.042933
v -0.017673 0.060523 -0.043335
v -0.022334 0.063473 -0.042028
v -0.023785 0.064605 -0.041527
v -0.020829 0.062414 -0.042498
v -0.012630 0.058289 -0.044324
v 0.000000 0.056096 -0.045288
v 0.000000 0.056074 -0.045230
v -0.001839 0.056123 -0.045218
v 0.000000 0.056097 -0.045295
v -0.010883 0.057691 -0.044523
v -0.009109 0.057200 -0.044741
v -0.007314 0.056797 -0.044919
v -0.005501 0.056483 -0.045058
v -0.003675 0.056258 -0.045158
v -0.016030 0.059675 -0.043646
v -0.017675 0.060502 -0.043279
v -0.026513 0.067076 -0.040433
v -0.025179 0.065807 -0.040995
v -0.027782 0.068408 -0.039843
v -0.028984 0.069802 -0.039226
v -0.030117 0.071252 -0.038584
v -0.032162 0.074311 -0.037229
v -0.031178 0.072757 -0.037918
v -0.033070 0.075913 -0.036521
v -0.034645 0.079239 -0.035048
v -0.035308 0.080956 -0.034288
v -0.035886 0.082704 -0.033514
v -0.036377 0.084478 -0.032729
v -0.037097 0.088088 -0.031131
v -0.036781 0.086274 -0.031934
v -0.037322 0.089915 -0.030323
v -0.033898 0.077557 -0.035793
v -0.037458 0.091751 -0.029510
v -0.012633 0.058252 -0.044241
v -0.010885 0.057675 -0.044496
v -0.009111 0.057184 -0.044713
v -0.007315 0.056781 -0.044891
v -0.005502 0.056467 -0.045031
v -0.003675 0.056242 -0.045130
v -0.001839 0.056106 -0.045190
v 0.000000 0.056060 -0.045211
v -0.014354 0.058894 -0.043923
v -0.012637 0.058232 -0.044215
v -0.010888 0.057655 -0.044470
v -0.009113 0.057164 -0.044687
v -0.007317 0.056761 -0.044865
v -0.005504 0.056447 -0.045004
v -0.003676 0.056222 -0.045104
v -0.001840 0.056087 -0.045164
v 0.000000 0.056038 -0.045180
v -0.017683 0.060468 -0.043228
v -0.016033 0.059659 -0.043619
v -0.014348 0.058930 -0.043976
v -0.014347 0.058951 -0.044031
v 0.000000 0.056016 -0.045162
v -0.001841 0.056063 -0.045140
v -0.003678 0.056198 -0.045081
v -0.005506 0.056423 -0.044981
v -0.007320 0.056738 -0.044842
v -0.009117 0.057141 -0.044664
v -0.010893 0.057632 -0.044447
v -0.012642 0.058210 -0.044192
v -0.014360 0.058872 -0.043900
v -0.016044 0.059617 -0.043570
v -0.016052 0.059592 -0.043551
v -0.017699 0.060421 -0.043185
v -0.017709 0.060394 -0.043169
v -0.019314 0.061303 -0.042768
v -0.019326 0.061276 -0.042755
v -0.020885 0.062263 -0.042320
v -0.019353 0.061221 -0.042742
v -0.020914 0.062209 -0.042307
v -0.012631 0.058268 -0.044268
v -0.014351 0.058914 -0.043949
v -0.016038 0.059640 -0.043593
v -0.017690 0.060445 -0.043205
v -0.019293 0.061353 -0.042804
v -0.019303 0.061329 -0.042784
v -0.020860 0.062314 -0.042349
v -0.020872 0.062289 -0.042333
v -0.019276 0.061409 -0.042878
v -0.020832 0.062393 -0.042443
v -0.019286 0.061375 -0.042827
v -0.020842 0.062359 -0.042392
v -0.020850 0.062338 -0.042369
v -0.022357 0.063398 -0.041901
v -0.022368 0.063375 -0.041882
v -0.023821 0.064509 -0.041381
v -0.022337 0.063452 -0.041975
v -0.022348 0.063418 -0.041924
v -0.023810 0.064531 -0.041401
v -0.025218 0.065713 -0.040850
v -0.026554 0.066983 -0.040290
v -0.027826 0.068317 -0.039700
v -0.029031 0.069713 -0.039085
v -0.030166 0.071166 -0.038444
v -0.031228 0.072673 -0.037779
v -0.032216 0.074230 -0.037092
v -0.033125 0.075834 -0.036384
v -0.033955 0.077481 -0.035658
v -0.034704 0.079167 -0.034914
v -0.035369 0.080887 -0.034155
v -0.035948 0.082638 -0.033383
v -0.036441 0.084415 -0.032599
v -0.036846 0.086215 -0.031805
v -0.037163 0.088032 -0.031004
v -0.037390 0.089863 -0.030196
v -0.037526 0.091702 -0.029385
v -0.037573 0.093546 -0.028572
v -0.037529 0.095390 -0.027758
v -0.037394 0.097230 -0.026947
v 0.000000 0.131130 -0.012018
v 0.000000 0.131115 -0.012060
v -0.001843 0.131081 -0.012045
v -0.001842 0.131068 -0.012080
v -0.003681 0.130945 -0.012105
v -0.003679 0.130932 -0.012139
v -0.005511 0.130720 -0.012205
v -0.005507 0.130707 -0.012239
v -0.007327 0.130404 -0.012344
v -0.007322 0.130392 -0.012379
v -0.009126 0.130000 -0.012522
v -0.009120 0.129988 -0.012557
v -0.010902 0.129508 -0.012739
v -0.010895 0.129497 -0.012774
v -0.012652 0.128930 -0.012995
v -0.012644 0.128918 -0.013030
v -0.014372 0.128266 -0.013288
v -0.014363 0.128255 -0.013323
v -0.016058 0.127518 -0.013618
v -0.016047 0.127509 -0.013653
v -0.017704 0.126689 -0.013984
v -0.017692 0.126680 -0.014019
v -0.019308 0.125780 -0.014385
v -0.019295 0.125772 -0.014420
v -0.020865 0.124793 -0.014820
v -0.020851 0.124786 -0.014856
v -0.022372 0.123732 -0.015289
v -0.022357 0.123724 -0.015325
v -0.023825 0.122597 -0.015790
v -0.023808 0.122591 -0.015826
v -0.025220 0.121393 -0.016321
v -0.025203 0.121387 -0.016358
v -0.026555 0.120121 -0.016883
v -0.026537 0.120117 -0.016919
v -0.027825 0.118785 -0.017473
v -0.027807 0.118782 -0.017509
v -0.029029 0.117389 -0.018089
v -0.029009 0.117387 -0.018126
v -0.030162 0.115936 -0.018731
v -0.030142 0.115934 -0.018768
v -0.031223 0.114428 -0.019396
v -0.031202 0.114428 -0.019433
v -0.032208 0.112870 -0.020084
v -0.032187 0.112871 -0.020122
v -0.033116 0.111266 -0.020792
v -0.033094 0.111268 -0.020830
v -0.033944 0.109619 -0.021519
v -0.033922 0.109622 -0.021557
v -0.034690 0.107933 -0.022263
v -0.034668 0.107938 -0.022302
v -0.035352 0.106213 -0.023023
v -0.035330 0.106219 -0.023062
v -0.035930 0.104463 -0.023795
v -0.035907 0.104470 -0.023835
v -0.036421 0.102686 -0.024580
v -0.036397 0.102695 -0.024620
v -0.036824 0.100887 -0.025374
v -0.036800 0.100897 -0.025414
v -0.037137 0.099071 -0.026176
v -0.037114 0.099082 -0.026217
v -0.037362 0.097242 -0.026983
v -0.037338 0.097254 -0.027025
v -0.037496 0.095404 -0.027795
v -0.037473 0.095418 -0.027837
v -0.037541 0.093561 -0.028609
v -0.037517 0.093576 -0.028651
v -0.037494 0.091719 -0.029423
v -0.037471 0.091735 -0.029465
v -0.037357 0.089881 -0.030234
v -0.037335 0.089899 -0.030277
v -0.037131 0.088052 -0.031042
v -0.037109 0.088071 -0.031085
v -0.036815 0.086237 -0.031844
v -0.036792 0.086257 -0.031888
v -0.036409 0.084439 -0.032637
v -0.036388 0.084460 -0.032682
v -0.035917 0.082663 -0.033422
v -0.035896 0.082686 -0.033467
v -0.035338 0.080914 -0.034194
v -0.035318 0.080937 -0.034240
v -0.034674 0.079195 -0.034954
v -0.034654 0.079220 -0.034999
v -0.033926 0.077511 -0.035697
v -0.033906 0.077537 -0.035744
v -0.033097 0.075866 -0.036424
v -0.033078 0.075893 -0.036471
v -0.032188 0.074263 -0.037132
v -0.032170 0.074291 -0.037179
v -0.031201 0.072707 -0.037819
v -0.031184 0.072736 -0.037867
v -0.030139 0.071202 -0.038485
v -0.030123 0.071231 -0.038533
v -0.029005 0.069750 -0.039126
v -0.028990 0.069780 -0.039174
v -0.027801 0.068356 -0.039742
v -0.027787 0.068387 -0.039791
v -0.026531 0.067023 -0.040331
v -0.026517 0.067055 -0.040380
v -0.025196 0.065754 -0.040891
v -0.025183 0.065786 -0.040942
v -0.023801 0.064551 -0.041423
v -0.023789 0.064584 -0.041473
v -0.036855 0.100879 -0.025338
v -0.036452 0.102679 -0.024544
v -0.035961 0.104457 -0.023760
v -0.035383 0.106209 -0.022987
v -0.034720 0.107931 -0.022228
v -0.033973 0.109618 -0.021484
v -0.033144 0.111266 -0.020757
v -0.032236 0.112872 -0.020049
v -0.031250 0.114431 -0.019362
v -0.030188 0.115941 -0.018696
v -0.029053 0.117395 -0.018055
v -0.027849 0.118793 -0.017439
v -0.026577 0.120130 -0.016849
v -0.025241 0.121402 -0.016288
v -0.023845 0.122607 -0.015757
v -0.022391 0.123743 -0.015256
v -0.020882 0.124806 -0.014787
v -0.019324 0.125794 -0.014352
v -0.017719 0.126704 -0.013951
v -0.016071 0.127533 -0.013585
v -0.014384 0.128282 -0.013255
v -0.012663 0.128946 -0.012962
v -0.010911 0.129524 -0.012707
v -0.009134 0.130017 -0.012490
v -0.007333 0.130422 -0.012311
v -0.005515 0.130737 -0.012172
v -0.003684 0.130963 -0.012073
v 0.000000 0.131203 -0.011930
v 0.000000 0.131223 -0.011918
v 0.000000 0.131253 -0.011901
v 0.001842 0.131068 -0.012080
v 0.030282 0.071048 -0.038396
v 0.031347 0.072561 -0.037731
v 0.031384 0.072533 -0.037737
v 0.025248 0.065665 -0.040821
v 0.026585 0.066937 -0.040260
v 0.026621 0.066891 -0.040246
v 0.022368 0.063375 -0.041881
v 0.023821 0.064509 -0.041381
v 0.023850 0.064460 -0.041352
v 0.037297 0.099043 -0.026077
v 0.036980 0.100867 -0.025275
v 0.037021 0.100867 -0.025270
v 0.001850 0.131177 -0.011937
v 0.001845 0.131099 -0.012013
v 0.001846 0.131121 -0.011984
v 0.005533 0.130814 -0.012097
v 0.003696 0.131040 -0.011997
v 0.004073 0.131032 -0.011998
v 0.001852 0.131203 -0.011922
v 0.002043 0.131198 -0.011925
v 0.003699 0.131063 -0.011984
v 0.008244 0.130342 -0.012302
v 0.009162 0.130092 -0.012414
v 0.007356 0.130498 -0.012236
v 0.012206 0.129225 -0.012793
v 0.012703 0.129018 -0.012887
v 0.010946 0.129598 -0.012631
v 0.009169 0.130109 -0.012404
v 0.010168 0.129857 -0.012515
v 0.010953 0.129614 -0.012622
v 0.005537 0.130833 -0.012085
v 0.006107 0.130756 -0.012120
v 0.007361 0.130513 -0.012226
v 0.019385 0.125857 -0.014278
v 0.017775 0.126769 -0.013876
v 0.018010 0.126680 -0.013912
v 0.016122 0.127601 -0.013510
v 0.016139 0.127628 -0.013496
v 0.017792 0.126790 -0.013864
v 0.022462 0.123800 -0.015183
v 0.020949 0.124866 -0.014714
v 0.021680 0.124407 -0.014913
v 0.022478 0.123813 -0.015174
v 0.023360 0.123158 -0.015462
v 0.023921 0.122662 -0.015684
v 0.019400 0.125872 -0.014268
v 0.019912 0.125575 -0.014399
v 0.020964 0.124880 -0.014705
v 0.012713 0.129036 -0.012876
v 0.014253 0.128459 -0.013130
v 0.014430 0.128351 -0.013180
v 0.014444 0.128375 -0.013167
v 0.016098 0.127648 -0.013487
v 0.030286 0.115975 -0.018627
v 0.029148 0.117434 -0.017984
v 0.029561 0.116981 -0.018180
v 0.027939 0.118835 -0.017368
v 0.028138 0.118669 -0.017437
v 0.029171 0.117444 -0.017977
v 0.032096 0.113375 -0.019767
v 0.032341 0.112897 -0.019980
v 0.031352 0.114461 -0.019293
v 0.032369 0.112905 -0.019974
v 0.033196 0.111478 -0.020602
v 0.033254 0.111287 -0.020689
v 0.033287 0.111296 -0.020682
v 0.034086 0.109634 -0.021417
v 0.030308 0.115983 -0.018620
v 0.030863 0.115241 -0.018946
v 0.031374 0.114468 -0.019286
v 0.035501 0.106214 -0.022922
v 0.034836 0.107941 -0.022162
v 0.035085 0.107436 -0.022380
v 0.035527 0.106216 -0.022917
v 0.035854 0.105315 -0.023314
v 0.036082 0.104457 -0.023695
v 0.037687 0.095354 -0.027696
v 0.037659 0.095360 -0.027698
v 0.037631 0.096492 -0.027196
v 0.037523 0.097206 -0.026885
v 0.037333 0.099041 -0.026074
v 0.037384 0.098744 -0.026204
v 0.037553 0.097202 -0.026883
v 0.036109 0.104457 -0.023691
v 0.036491 0.103170 -0.024257
v 0.036575 0.102673 -0.024480
v 0.036607 0.102673 -0.024476
v 0.037005 0.100967 -0.025226
v 0.001848 0.131148 -0.011958
v 0.003692 0.131011 -0.012018
v 0.005527 0.130785 -0.012117
v 0.007348 0.130469 -0.012257
v 0.009152 0.130064 -0.012435
v 0.010933 0.129571 -0.012652
v 0.012689 0.128991 -0.012907
v 0.014414 0.128325 -0.013201
v 0.016104 0.127575 -0.013530
v 0.017755 0.126744 -0.013896
v 0.019364 0.125833 -0.014298
v 0.020926 0.124843 -0.014733
v 0.022437 0.123778 -0.015202
v 0.023894 0.122640 -0.015703
v 0.025293 0.121433 -0.016234
v 0.025322 0.121453 -0.016216
v 0.026632 0.120158 -0.016796
v 0.026663 0.120176 -0.016778
v 0.027907 0.118818 -0.017385
v 0.029114 0.117418 -0.018002
v 0.030251 0.115960 -0.018643
v 0.031316 0.114449 -0.019309
v 0.032304 0.112886 -0.019997
v 0.033215 0.111277 -0.020705
v 0.034046 0.109626 -0.021432
v 0.034795 0.107935 -0.022176
v 0.035459 0.106210 -0.022936
v 0.036039 0.104454 -0.023709
v 0.036532 0.102673 -0.024493
v 0.036936 0.100868 -0.025287
v 0.037252 0.099047 -0.026089
v 0.037477 0.097212 -0.026897
v 0.037613 0.095368 -0.027709
v 0.037658 0.093520 -0.028523
v 0.034121 0.109641 -0.021410
v 0.034207 0.109470 -0.021485
v 0.034865 0.107945 -0.022156
v 0.003688 0.130985 -0.012043
v 0.005521 0.130759 -0.012143
v 0.007340 0.130443 -0.012282
v 0.009143 0.130038 -0.012460
v 0.010922 0.129546 -0.012678
v 0.012676 0.128966 -0.012932
v 0.014399 0.128301 -0.013226
v 0.016087 0.127552 -0.013555
v 0.017736 0.126722 -0.013921
v 0.019343 0.125811 -0.014322
v 0.020903 0.124823 -0.014758
v 0.022412 0.123759 -0.015227
v 0.023868 0.122622 -0.015727
v 0.025266 0.121416 -0.016258
v 0.026603 0.120142 -0.016820
v 0.027877 0.118804 -0.017409
v 0.029082 0.117405 -0.018025
v 0.030218 0.115949 -0.018667
v 0.031281 0.114438 -0.019332
v 0.032268 0.112877 -0.020020
v 0.033178 0.111270 -0.020728
v 0.034008 0.109621 -0.021455
v 0.034755 0.107932 -0.022198
v 0.035419 0.106208 -0.022958
v 0.035998 0.104454 -0.023730
v 0.036490 0.102675 -0.024515
v 0.036893 0.100872 -0.025308
v 0.037208 0.099052 -0.026110
v 0.037434 0.097220 -0.026918
v 0.037569 0.095378 -0.027729
v 0.037613 0.093532 -0.028542
v 0.037567 0.091686 -0.029356
v 0.023938 0.122674 -0.015675
v 0.025061 0.121735 -0.016089
v 0.025345 0.121468 -0.016206
v 0.026678 0.120212 -0.016759
v 0.027966 0.118850 -0.017358
v 0.003684 0.130963 -0.012073
v 0.005515 0.130737 -0.012172
v 0.007333 0.130422 -0.012311
v 0.009134 0.130017 -0.012490
v 0.010912 0.129524 -0.012707
v 0.012663 0.128946 -0.012962
v 0.014384 0.128282 -0.013255
v 0.016071 0.127533 -0.013585
v 0.017719 0.126703 -0.013951
v 0.019324 0.125794 -0.014352
v 0.020883 0.124806 -0.014787
v 0.022391 0.123743 -0.015256
v 0.023845 0.122607 -0.015756
v 0.025242 0.121402 -0.016288
v 0.026577 0.120130 -0.016849
v 0.027849 0.118793 -0.017439
v 0.029053 0.117395 -0.018055
v 0.030188 0.115940 -0.018696
v 0.031250 0.114431 -0.019362
v 0.032236 0.112872 -0.020049
v 0.033145 0.111266 -0.020757
v 0.033973 0.109618 -0.021484
v 0.034720 0.107931 -0.022228
v 0.035383 0.106209 -0.022987
v 0.035961 0.104457 -0.023760
v 0.036452 0.102679 -0.024544
v 0.036855 0.100878 -0.025338
v 0.037169 0.099061 -0.026139
v 0.037394 0.097230 -0.026947
v 0.037529 0.095390 -0.027758
v 0.037573 0.093546 -0.028572
v 0.037526 0.091702 -0.029385
v 0.037390 0.089862 -0.030196
v 0.025218 0.065713 -0.040850
v 0.026554 0.066983 -0.040290
v 0.027858 0.068273 -0.039672
v 0.027826 0.068317 -0.039700
v 0.029064 0.069671 -0.039056
v 0.029031 0.069713 -0.039085
v 0.030201 0.071126 -0.038414
v 0.030166 0.071166 -0.038444
v 0.031264 0.072635 -0.037750
v 0.031229 0.072673 -0.037779
v 0.032253 0.074194 -0.037063
v 0.032216 0.074230 -0.037092
v 0.033163 0.075800 -0.036355
v 0.033125 0.075834 -0.036384
v 0.033994 0.077449 -0.035628
v 0.033955 0.077481 -0.035658
v 0.034743 0.079136 -0.034885
v 0.034704 0.079167 -0.034914
v 0.035408 0.080859 -0.034126
v 0.035369 0.080887 -0.034155
v 0.035988 0.082612 -0.033354
v 0.035948 0.082638 -0.033383
v 0.036481 0.084391 -0.032570
v 0.036441 0.084415 -0.032599
v 0.036887 0.086192 -0.031776
v 0.036846 0.086215 -0.031805
v 0.037204 0.088012 -0.030975
v 0.037163 0.088032 -0.031004
v 0.037430 0.089844 -0.030167
v 0.014385 0.058790 -0.043851
v 0.016061 0.059565 -0.043534
v 0.016071 0.059537 -0.043522
v 0.017709 0.060394 -0.043168
v 0.017720 0.060367 -0.043156
v 0.019314 0.061303 -0.042768
v 0.019326 0.061276 -0.042755
v 0.020872 0.062289 -0.042333
v 0.020885 0.062263 -0.042320
v 0.022394 0.063325 -0.041852
v 0.020860 0.062314 -0.042349
v 0.019303 0.061329 -0.042784
v 0.017699 0.060421 -0.043185
v 0.001842 0.056006 -0.045103
v 0.001842 0.056036 -0.045120
v 0.003682 0.056142 -0.045044
v 0.003679 0.056171 -0.045060
v 0.005512 0.056367 -0.044944
v 0.005509 0.056397 -0.044961
v 0.007328 0.056682 -0.044805
v 0.007324 0.056711 -0.044822
v 0.009127 0.057086 -0.044627
v 0.009121 0.057115 -0.044644
v 0.010904 0.057578 -0.044410
v 0.010898 0.057606 -0.044427
v 0.012655 0.058156 -0.044155
v 0.012648 0.058184 -0.044172
v 0.014375 0.058819 -0.043863
v 0.014367 0.058846 -0.043879
v 0.016052 0.059592 -0.043551
v 0.001846 0.055912 -0.045080
v 0.001844 0.055975 -0.045091
v 0.003689 0.056047 -0.045020
v 0.003684 0.056111 -0.045031
v 0.005523 0.056274 -0.044920
v 0.005515 0.056337 -0.044932
v 0.007343 0.056589 -0.044781
v 0.007333 0.056652 -0.044793
v 0.009146 0.056994 -0.044603
v 0.009133 0.057056 -0.044615
v 0.010927 0.057487 -0.044386
v 0.010911 0.057548 -0.044398
v 0.012681 0.058066 -0.044131
v 0.012663 0.058126 -0.044143
v 0.014405 0.058731 -0.043839
v 0.016094 0.059479 -0.043509
v 0.017745 0.060310 -0.043143
v 0.019353 0.061221 -0.042742
v 0.020914 0.062209 -0.042307
v 0.022425 0.063273 -0.041839
v 0.023882 0.064410 -0.041338
v 0.027896 0.068229 -0.039656
v 0.029103 0.069629 -0.039041
v 0.030240 0.071086 -0.038399
v 0.031305 0.072597 -0.037734
v 0.032294 0.074158 -0.037047
v 0.033205 0.075766 -0.036338
v 0.034037 0.077417 -0.035612
v 0.034787 0.079107 -0.034868
v 0.035453 0.080831 -0.034108
v 0.036033 0.082586 -0.033336
v 0.036526 0.084368 -0.032551
v 0.036932 0.086172 -0.031757
v 0.037249 0.087993 -0.030956
v 0.037475 0.089828 -0.030148
v 0.037612 0.091672 -0.029336
v 0.037704 0.093510 -0.028512
v 0.037659 0.091660 -0.029326
v 0.037296 0.087977 -0.030947
v 0.037522 0.089814 -0.030139
v 0.037556 0.089682 -0.030192
v 0.037743 0.094225 -0.028193
v 0.037735 0.093503 -0.028511
v 0.037718 0.091955 -0.029192
v 0.037697 0.091651 -0.029325
v 0.037565 0.089803 -0.030139
v 0.036822 0.085185 -0.032171
v 0.036573 0.084348 -0.032544
v 0.036979 0.086153 -0.031749
v 0.037329 0.087965 -0.030947
v 0.037258 0.087427 -0.031184
v 0.037008 0.086141 -0.031750
v 0.034082 0.077388 -0.035607
v 0.034832 0.079080 -0.034862
v 0.034720 0.078685 -0.035031
v 0.034110 0.077369 -0.035610
v 0.033759 0.076610 -0.035943
v 0.033250 0.075735 -0.036334
v 0.027957 0.068162 -0.039661
v 0.027934 0.068188 -0.039655
v 0.028701 0.068981 -0.039300
v 0.029143 0.069589 -0.039038
v 0.030315 0.071019 -0.038404
v 0.030170 0.070814 -0.038494
v 0.029168 0.069564 -0.039044
v 0.033277 0.075715 -0.036338
v 0.032681 0.074608 -0.036824
v 0.032337 0.074124 -0.037043
v 0.032367 0.074102 -0.037047
v 0.031475 0.072661 -0.037681
v 0.036603 0.084334 -0.032545
v 0.036254 0.082980 -0.033141
v 0.036079 0.082564 -0.033329
v 0.036114 0.082548 -0.033331
v 0.035498 0.080807 -0.034102
v 0.035550 0.080806 -0.034098
v 0.034867 0.079060 -0.034865
v 0.026658 0.066848 -0.040245
v 0.025317 0.065572 -0.040807
v 0.025282 0.065617 -0.040807
v 0.027190 0.067316 -0.040033
v 0.026683 0.066819 -0.040252
v 0.025610 0.065769 -0.040714
v 0.025345 0.065538 -0.040815
v 0.023916 0.064363 -0.041338
v 0.023947 0.064323 -0.041350
v 0.023900 0.064282 -0.041368
v 0.022457 0.063224 -0.041840
v 0.019381 0.061169 -0.042744
v 0.020944 0.062159 -0.042308
v 0.020430 0.061759 -0.042478
v 0.016714 0.059655 -0.043404
v 0.016118 0.059425 -0.043511
v 0.017771 0.060257 -0.043145
v 0.019398 0.061136 -0.042752
v 0.018553 0.060627 -0.042976
v 0.017788 0.060222 -0.043154
v 0.022483 0.063187 -0.041850
v 0.022243 0.063002 -0.041931
v 0.020964 0.062125 -0.042317
v 0.009160 0.056935 -0.044607
v 0.010943 0.057429 -0.044390
v 0.010709 0.057304 -0.044438
v 0.012700 0.058010 -0.044134
v 0.012676 0.057945 -0.044157
v 0.010956 0.057385 -0.044403
v 0.006366 0.056294 -0.044883
v 0.005531 0.056214 -0.044924
v 0.007354 0.056530 -0.044785
v 0.001852 0.055806 -0.045097
v 0.001849 0.055851 -0.045084
v 0.002172 0.055816 -0.045093
v 0.003695 0.055987 -0.045024
v 0.005537 0.056175 -0.044935
v 0.004336 0.056003 -0.045011
v 0.003699 0.055948 -0.045035
v 0.009169 0.056896 -0.044618
v 0.008589 0.056743 -0.044685
v 0.007360 0.056495 -0.044794
v 0.016134 0.059389 -0.043521
v 0.014707 0.058736 -0.043808
v 0.014426 0.058675 -0.043842
v 0.014443 0.058633 -0.043854
v 0.012717 0.057961 -0.044149
v 0.037322 0.089915 -0.030323
v 0.037097 0.088088 -0.031131
v 0.037458 0.091751 -0.029510
v 0.037504 0.093591 -0.028696
v 0.036781 0.086274 -0.031934
v 0.036377 0.084478 -0.032729
v 0.035886 0.082704 -0.033514
v 0.035308 0.080956 -0.034288
v 0.034645 0.079239 -0.035048
v 0.033070 0.075913 -0.036521
v 0.032162 0.074311 -0.037229
v 0.033898 0.077557 -0.035793
v 0.030117 0.071252 -0.038584
v 0.031178 0.072757 -0.037918
v 0.028984 0.069802 -0.039226
v 0.027782 0.068408 -0.039843
v 0.026513 0.067076 -0.040433
v 0.023785 0.064605 -0.041527
v 0.022334 0.063473 -0.042028
v 0.025179 0.065807 -0.040995
v 0.019275 0.061430 -0.042933
v 0.020829 0.062414 -0.042498
v 0.017673 0.060523 -0.043335
v 0.016029 0.059696 -0.043701
v 0.014347 0.058951 -0.044031
v 0.012630 0.058289 -0.044324
v 0.010882 0.057712 -0.044580
v 0.009109 0.057221 -0.044797
v 0.007314 0.056818 -0.044976
v 0.005501 0.056503 -0.045115
v 0.003674 0.056278 -0.045215
v 0.001839 0.056143 -0.045275
v 0.025196 0.065754 -0.040891
v 0.023810 0.064531 -0.041401
v 0.023801 0.064551 -0.041423
v 0.022357 0.063398 -0.041901
v 0.022348 0.063418 -0.041924
v 0.020850 0.062338 -0.042369
v 0.020842 0.062359 -0.042392
v 0.019293 0.061353 -0.042804
v 0.019286 0.061375 -0.042827
v 0.017690 0.060445 -0.043205
v 0.017683 0.060468 -0.043228
v 0.016044 0.059617 -0.043570
v 0.017675 0.060502 -0.043279
v 0.016034 0.059659 -0.043619
v 0.016031 0.059675 -0.043646
v 0.014351 0.058914 -0.043949
v 0.014348 0.058930 -0.043976
v 0.012633 0.058252 -0.044241
v 0.012631 0.058268 -0.044268
v 0.010885 0.057675 -0.044496
v 0.010883 0.057691 -0.044523
v 0.009111 0.057184 -0.044713
v 0.009109 0.057200 -0.044740
v 0.007315 0.056781 -0.044891
v 0.007314 0.056797 -0.044919
v 0.005502 0.056467 -0.045031
v 0.005501 0.056483 -0.045058
v 0.003675 0.056242 -0.045130
v 0.003675 0.056258 -0.045158
v 0.001839 0.056106 -0.045190
v 0.001839 0.056123 -0.045218
v 0.001841 0.056063 -0.045140
v 0.001840 0.056087 -0.045164
v 0.003678 0.056198 -0.045081
v 0.003676 0.056222 -0.045104
v 0.005506 0.056423 -0.044981
v 0.005504 0.056447 -0.045004
v 0.007320 0.056738 -0.044842
v 0.007317 0.056761 -0.044865
v 0.009117 0.057141 -0.044664
v 0.009113 0.057164 -0.044687
v 0.010893 0.057632 -0.044447
v 0.010888 0.057655 -0.044470
v 0.012642 0.058210 -0.044192
v 0.012637 0.058232 -0.044215
v 0.014360 0.058872 -0.043900
v 0.014355 0.058894 -0.043923
v 0.016038 0.059640 -0.043593
v 0.003677 0.130925 -0.012175
v 0.005504 0.130700 -0.012275
v 0.001841 0.131061 -0.012115
v 0.007318 0.130385 -0.012414
v 0.009115 0.129981 -0.012592
v 0.010889 0.129490 -0.012810
v 0.012637 0.128913 -0.013065
v 0.014355 0.128250 -0.013359
v 0.016039 0.127503 -0.013689
v 0.017683 0.126675 -0.014055
v 0.019285 0.125768 -0.014457
v 0.020840 0.124783 -0.014892
v 0.022346 0.123722 -0.015362
v 0.023797 0.122589 -0.015863
v 0.025191 0.121386 -0.016395
v 0.026524 0.120117 -0.016957
v 0.027793 0.118782 -0.017547
v 0.028996 0.117388 -0.018164
v 0.030128 0.115937 -0.018806
v 0.031188 0.114431 -0.019472
v 0.032173 0.112875 -0.020161
v 0.033080 0.111273 -0.020870
v 0.033907 0.109628 -0.021598
v 0.034653 0.107945 -0.022343
v 0.035315 0.106227 -0.023103
v 0.035892 0.104479 -0.023876
v 0.036383 0.102705 -0.024662
v 0.037100 0.099094 -0.026260
v 0.036785 0.100908 -0.025457
v 0.037324 0.097267 -0.027068
v 0.037459 0.095431 -0.027881
v 0.019276 0.061409 -0.042878
v 0.020832 0.062393 -0.042443
v 0.022337 0.063452 -0.041974
v 0.023789 0.064584 -0.041473
v 0.025183 0.065786 -0.040942
v 0.026517 0.067054 -0.040380
v 0.027787 0.068387 -0.039791
v 0.028990 0.069780 -0.039174
v 0.030123 0.071231 -0.038533
v 0.031184 0.072736 -0.037867
v 0.032170 0.074291 -0.037179
v 0.033078 0.075893 -0.036471
v 0.033906 0.077537 -0.035744
v 0.034654 0.079220 -0.034999
v 0.035318 0.080937 -0.034240
v 0.035896 0.082686 -0.033466
v 0.036388 0.084460 -0.032682
v 0.036793 0.086257 -0.031888
v 0.037109 0.088071 -0.031085
v 0.037335 0.089899 -0.030277
v 0.037471 0.091735 -0.029465
v 0.037517 0.093576 -0.028651
v 0.037473 0.095417 -0.027837
v 0.037339 0.097254 -0.027025
v 0.037114 0.099082 -0.026217
v 0.036800 0.100897 -0.025414
v 0.036397 0.102695 -0.024620
v 0.035907 0.104470 -0.023835
v 0.035330 0.106219 -0.023062
v 0.034668 0.107938 -0.022302
v 0.033922 0.109622 -0.021557
v 0.033094 0.111268 -0.020830
v 0.032187 0.112871 -0.020122
v 0.031202 0.114428 -0.019433
v 0.030142 0.115934 -0.018768
v 0.029009 0.117387 -0.018126
v 0.027807 0.118782 -0.017509
v 0.026537 0.120117 -0.016919
v 0.025203 0.121387 -0.016358
v 0.023808 0.122591 -0.015826
v 0.022357 0.123724 -0.015325
v 0.020851 0.124786 -0.014856
v 0.019295 0.125772 -0.014420
v 0.017692 0.126680 -0.014019
v 0.016047 0.127508 -0.013653
v 0.014363 0.128255 -0.013323
v 0.012644 0.128918 -0.013030
v 0.010895 0.129497 -0.012774
v 0.009120 0.129988 -0.012557
v 0.007322 0.130392 -0.012379
v 0.005507 0.130707 -0.012239
v 0.003679 0.130932 -0.012139
v 0.026531 0.067023 -0.040331
v 0.027801 0.068356 -0.039742
v 0.029005 0.069750 -0.039126
v 0.030139 0.071202 -0.038484
v 0.031201 0.072707 -0.037819
v 0.032188 0.074263 -0.037132
v 0.033097 0.075866 -0.036424
v 0.033926 0.077511 -0.035697
v 0.034674 0.079195 -0.034954
v 0.035338 0.080914 -0.034194
v 0.035917 0.082663 -0.033422
v 0.036409 0.084439 -0.032637
v 0.036815 0.086237 -0.031843
v 0.037131 0.088052 -0.031042
v 0.037357 0.089881 -0.030234
v 0.037494 0.091719 -0.029423
v 0.037541 0.093561 -0.028609
v 0.037497 0.095403 -0.027795
v 0.037362 0.097242 -0.026983
v 0.037137 0.099071 -0.026176
v 0.036824 0.100887 -0.025374
v 0.036421 0.102686 -0.024580
v 0.035930 0.104463 -0.023795
v 0.035352 0.106213 -0.023023
v 0.034690 0.107933 -0.022263
v 0.033944 0.109619 -0.021519
v 0.033116 0.111266 -0.020792
v 0.032208 0.112870 -0.020084
v 0.031223 0.114428 -0.019396
v 0.030162 0.115936 -0.018731
v 0.029029 0.117389 -0.018089
v 0.027825 0.118785 -0.017473
v 0.026555 0.120121 -0.016883
v 0.025220 0.121393 -0.016321
v 0.023825 0.122597 -0.015790
v 0.022372 0.123732 -0.015289
v 0.020865 0.124793 -0.014820
v 0.019308 0.125780 -0.014385
v 0.017704 0.126689 -0.013983
v 0.016058 0.127518 -0.013618
v 0.014372 0.128266 -0.013288
v 0.012652 0.128930 -0.012995
v 0.010903 0.129508 -0.012739
v 0.009126 0.130000 -0.012522
v 0.007327 0.130404 -0.012344
v 0.005511 0.130720 -0.012205
v 0.003681 0.130945 -0.012105
v 0.001843 0.131081 -0.012045
v 0.005604 0.056016 -0.045005
v 0.003778 0.055743 -0.045125
v 0.025659 0.065490 -0.040837
v -0.001874 0.131962 -0.011589
v -0.003778 0.131868 -0.011630
v -0.005604 0.131595 -0.011750
v -0.007461 0.131317 -0.011872
v -0.007522 0.131308 -0.011877
v -0.009280 0.130864 -0.012072
v 0.007461 0.056293 -0.044883
v 0.007522 0.056302 -0.044879
v 0.009280 0.056747 -0.044684
v 0.011102 0.057207 -0.044481
v 0.011194 0.057230 -0.044470
v 0.012867 0.057834 -0.044205
v 0.014635 0.058473 -0.043924
v 0.014764 0.058520 -0.043903
v -0.011102 0.130403 -0.012275
v -0.011194 0.130380 -0.012285
v -0.012867 0.129776 -0.012551
v 0.016331 0.059269 -0.043574
v 0.018026 0.060080 -0.043217
v 0.018197 0.060162 -0.043181
v 0.019637 0.061035 -0.042796
v 0.005604 0.131599 -0.011748
v 0.004333 0.131809 -0.011656
v 0.003747 0.131848 -0.011639
v 0.001874 0.131973 -0.011584
v 0.000755 0.132048 -0.011551
v 0.000000 0.132055 -0.011548
v 0.028302 0.068148 -0.039667
v 0.027047 0.066758 -0.040278
v 0.014625 0.129116 -0.012841
v 0.012869 0.129782 -0.012548
v 0.011757 0.130203 -0.012362
v 0.011095 0.130381 -0.012284
v 0.009281 0.130869 -0.012070
v 0.008082 0.131192 -0.011928
v 0.007457 0.131294 -0.011883
v -0.014635 0.129137 -0.012831
v -0.014764 0.129090 -0.012852
v 0.022754 0.063118 -0.041880
v 0.024255 0.064249 -0.041383
v 0.019641 0.126582 -0.013956
v 0.018763 0.127137 -0.013712
v 0.018014 0.127510 -0.013547
v 0.016334 0.128348 -0.013179
v 0.015331 0.128848 -0.012959
v -0.016330 0.128342 -0.013181
v -0.018026 0.127531 -0.013538
v -0.018197 0.127449 -0.013575
v -0.019637 0.126575 -0.013959
v -0.019641 0.061028 -0.042800
v -0.011095 0.057229 -0.044471
v -0.009281 0.056741 -0.044686
v -0.008081 0.056419 -0.044828
v -0.007457 0.056316 -0.044873
v -0.005604 0.056011 -0.045007
v -0.004333 0.055802 -0.045099
v -0.003747 0.055762 -0.045117
v -0.001874 0.055637 -0.045171
v -0.000755 0.055563 -0.045205
v 0.000000 0.055555 -0.045208
v 0.001874 0.055648 -0.045167
v 0.021244 0.062011 -0.042367
v 0.021461 0.062144 -0.042309
v 0.024522 0.064450 -0.041294
v -0.021243 0.125599 -0.014388
v -0.021461 0.125467 -0.014447
v -0.022754 0.124493 -0.014875
v -0.024522 0.123160 -0.015462
v -0.025659 0.122120 -0.015919
v -0.027047 0.120852 -0.016477
v -0.028302 0.119462 -0.017089
v -0.016333 0.059262 -0.043577
v -0.015331 0.058763 -0.043796
v -0.014625 0.058494 -0.043914
v -0.012869 0.057829 -0.044207
v -0.011757 0.057407 -0.044393
v -0.024255 0.123361 -0.015373
v -0.018762 0.060474 -0.043044
v -0.018014 0.060100 -0.043208
v 0.029563 0.069543 -0.039053
v 0.029638 0.069626 -0.039017
v 0.030681 0.071045 -0.038392
v 0.024239 0.123344 -0.015381
v 0.022761 0.124501 -0.014871
v 0.022023 0.125079 -0.014617
v 0.021229 0.125580 -0.014397
v -0.029563 0.118067 -0.017702
v -0.029638 0.117984 -0.017739
v -0.030681 0.116565 -0.018364
v 0.031794 0.072561 -0.037725
v -0.021229 0.062030 -0.042359
v -0.022022 0.062531 -0.042138
v -0.022761 0.063109 -0.041884
v -0.024239 0.064266 -0.041375
v 0.031936 0.072754 -0.037640
v 0.032764 0.074162 -0.037021
v -0.031794 0.115050 -0.019030
v -0.031936 0.114856 -0.019115
v 0.035543 0.079673 -0.034596
v 0.035316 0.079176 -0.034814
v -0.032764 0.113448 -0.019735
v -0.033717 0.111828 -0.020448
v -0.033912 0.111496 -0.020594
v -0.034533 0.110142 -0.021190
v 0.033717 0.075782 -0.036308
v 0.033912 0.076114 -0.036162
v 0.034533 0.077468 -0.035566
v -0.028317 0.068136 -0.039673
v 0.028317 0.119475 -0.017083
v 0.027859 0.120014 -0.016846
v 0.027015 0.120825 -0.016489
v 0.025662 0.122125 -0.015917
v 0.025069 0.122695 -0.015666
v -0.029531 0.069566 -0.039043
v 0.035970 0.080932 -0.034042
v 0.036573 0.082710 -0.033260
v -0.030385 0.070572 -0.038601
v -0.030701 0.071032 -0.038398
v -0.025068 0.064915 -0.041089
v -0.025662 0.065486 -0.040838
v -0.027015 0.066786 -0.040266
v -0.027859 0.067597 -0.039910
v 0.033688 0.111815 -0.020453
v 0.032791 0.113462 -0.019729
v 0.032604 0.113805 -0.019578
v 0.031762 0.115032 -0.019038
v 0.030701 0.116578 -0.018358
v 0.030385 0.117038 -0.018155
v 0.029531 0.118045 -0.017712
v -0.033688 0.075795 -0.036302
v -0.032791 0.074148 -0.037027
v -0.032604 0.073805 -0.037178
v -0.031762 0.072578 -0.037718
v 0.036805 0.083391 -0.032960
v 0.037062 0.084519 -0.032464
v 0.034485 0.110353 -0.021097
v 0.034567 0.110156 -0.021184
v -0.035316 0.108434 -0.021941
v -0.035543 0.107938 -0.022159
v -0.035970 0.106679 -0.022713
v -0.036573 0.104900 -0.023496
v -0.036804 0.104219 -0.023796
v -0.037062 0.103091 -0.024292
v -0.037479 0.101260 -0.025097
v 0.037479 0.086350 -0.031658
v 0.037681 0.087233 -0.031270
v 0.037798 0.088197 -0.030846
v 0.038025 0.090060 -0.030026
v 0.036553 0.104896 -0.023498
v 0.036006 0.106712 -0.022699
v 0.035290 0.108426 -0.021945
v -0.037681 0.100377 -0.025486
v -0.037798 0.099414 -0.025910
v -0.038025 0.097550 -0.026730
v -0.035290 0.079185 -0.034811
v -0.036006 0.080898 -0.034057
v -0.034567 0.077455 -0.035572
v -0.034485 0.077257 -0.035659
v 0.038158 0.091151 -0.029546
v 0.038171 0.091929 -0.029203
v 0.038205 0.093806 -0.028378
v 0.037465 0.101259 -0.025098
v 0.037145 0.102931 -0.024362
v 0.037095 0.103097 -0.024289
v -0.038158 0.096460 -0.027210
v -0.038171 0.095681 -0.027552
v 0.038227 0.095104 -0.027806
v 0.038178 0.095680 -0.027553
v 0.038018 0.097551 -0.026730
v 0.037889 0.099043 -0.026073
v 0.037818 0.099415 -0.025910
v -0.038205 0.093804 -0.028378
v -0.038227 0.092507 -0.028949
v -0.038178 0.091930 -0.029203
v -0.038018 0.090060 -0.030026
v -0.037465 0.086351 -0.031658
v -0.037145 0.084679 -0.032393
v -0.037095 0.084513 -0.032466
v -0.036553 0.082714 -0.033258
v -0.037889 0.088567 -0.030683
v -0.037818 0.088196 -0.030846
v -0.023071 0.062669 -0.041790
v -0.023087 0.062627 -0.041745
v -0.024584 0.063799 -0.041233
v -0.021520 0.061573 -0.042269
v -0.021535 0.061529 -0.042224
v 0.000000 0.132340 -0.011205
v 0.000000 0.132332 -0.011229
v -0.001897 0.132287 -0.011250
v 0.000000 0.132238 -0.011410
v 0.000000 0.132226 -0.011421
v -0.001888 0.132181 -0.011443
v -0.038159 0.090051 -0.030020
v -0.036297 0.080810 -0.033992
v -0.035620 0.079045 -0.034766
v -0.035699 0.078987 -0.034707
v -0.012928 0.057695 -0.044253
v -0.014684 0.058373 -0.043955
v -0.021316 0.061920 -0.042394
v 0.000000 0.055437 -0.045243
v 0.000000 0.055329 -0.045248
v -0.001889 0.055376 -0.045229
v 0.000000 0.055313 -0.045248
v 0.000000 0.055192 -0.045223
v -0.001895 0.055248 -0.045206
v -0.021448 0.061722 -0.042367
v -0.021476 0.061670 -0.042341
v -0.023050 0.062716 -0.041829
v -0.014778 0.058148 -0.043934
v -0.014733 0.058264 -0.043960
v -0.013011 0.057465 -0.044234
v -0.012971 0.057584 -0.044259
v -0.011212 0.056869 -0.044495
v -0.011177 0.056990 -0.044520
v -0.009385 0.056362 -0.044718
v -0.009356 0.056485 -0.044742
v -0.007536 0.055946 -0.044900
v -0.007512 0.056070 -0.044924
v -0.005668 0.055621 -0.045043
v -0.005650 0.055747 -0.045066
v -0.003786 0.055389 -0.045144
v -0.003774 0.055515 -0.045168
v 0.000000 0.055449 -0.045239
v -0.001883 0.055496 -0.045220
v -0.009324 0.056601 -0.044734
v -0.007487 0.056188 -0.044916
v -0.005631 0.055866 -0.045058
v -0.003761 0.055635 -0.045159
v -0.011140 0.057104 -0.044513
v -0.022994 0.062814 -0.041887
v -0.022927 0.062914 -0.041916
v -0.021384 0.061825 -0.042395
v -0.022855 0.063005 -0.041917
v -0.016406 0.059137 -0.043619
v -0.019726 0.060912 -0.042838
v -0.025764 0.065395 -0.040866
v -0.019849 0.060707 -0.042812
v -0.019790 0.060814 -0.042839
v -0.034935 0.077254 -0.035466
v -0.034857 0.077315 -0.035525
v -0.034086 0.075559 -0.036208
v -0.034010 0.075624 -0.036267
v -0.033156 0.073907 -0.036931
v -0.033081 0.073977 -0.036990
v -0.032145 0.072303 -0.037633
v -0.032072 0.072377 -0.037692
v -0.031056 0.070751 -0.038312
v -0.030985 0.070829 -0.038371
v -0.029892 0.069254 -0.038967
v -0.029823 0.069335 -0.039026
v -0.028657 0.067815 -0.039597
v -0.028590 0.067900 -0.039656
v -0.027351 0.066439 -0.040199
v -0.027287 0.066527 -0.040258
v -0.025979 0.065128 -0.040773
v -0.027209 0.066614 -0.040290
v -0.028509 0.067983 -0.039689
v -0.029741 0.069413 -0.039060
v -0.030900 0.070903 -0.038405
v -0.031985 0.072446 -0.037727
v -0.032992 0.074041 -0.037026
v -0.033920 0.075684 -0.036304
v -0.034766 0.077370 -0.035563
v -0.035529 0.079096 -0.034805
v -0.036205 0.080856 -0.034031
v -0.036794 0.082648 -0.033243
v -0.027127 0.066693 -0.040295
v -0.028424 0.068057 -0.039695
v -0.030810 0.070967 -0.038415
v -0.029653 0.069483 -0.039068
v -0.034671 0.077416 -0.035578
v -0.033825 0.075735 -0.036318
v -0.032899 0.074097 -0.037038
v -0.031893 0.072506 -0.037738
v -0.035432 0.079137 -0.034821
v -0.036108 0.080893 -0.034049
v -0.036697 0.082680 -0.033263
v -0.037198 0.084494 -0.032465
v -0.037930 0.088183 -0.030842
v -0.037609 0.086330 -0.031657
v -0.037706 0.086306 -0.031636
v -0.037295 0.084466 -0.032444
v -0.037387 0.084429 -0.032404
v -0.036887 0.082606 -0.033204
v -0.036967 0.082557 -0.033144
v -0.036377 0.080756 -0.033932
v -0.038295 0.091927 -0.029195
v -0.038254 0.090036 -0.029996
v -0.038025 0.088164 -0.030819
v -0.038117 0.088136 -0.030777
v -0.037798 0.086273 -0.031594
v -0.037879 0.086232 -0.031534
v -0.037467 0.084383 -0.032344
v -0.025918 0.065220 -0.040832
v -0.025843 0.065312 -0.040863
v 0.000000 0.132270 -0.011361
v -0.001891 0.132226 -0.011384
v -0.003777 0.132087 -0.011444
v -0.003770 0.132042 -0.011503
v -0.005654 0.131856 -0.011546
v -0.005644 0.131811 -0.011605
v -0.007518 0.131533 -0.011687
v -0.007504 0.131489 -0.011746
v -0.009364 0.131119 -0.011869
v -0.009347 0.131076 -0.011928
v -0.011187 0.130616 -0.012090
v -0.011167 0.130574 -0.012148
v -0.012984 0.130023 -0.012349
v -0.012960 0.129982 -0.012408
v -0.014749 0.129344 -0.012647
v -0.014722 0.129304 -0.012706
v -0.016479 0.128579 -0.012982
v -0.016449 0.128540 -0.013041
v -0.018169 0.127730 -0.013354
v -0.018135 0.127692 -0.013413
v -0.019816 0.126799 -0.013762
v -0.019779 0.126763 -0.013821
v -0.021415 0.125788 -0.014205
v -0.021375 0.125754 -0.014264
v -0.022963 0.124701 -0.014682
v -0.022920 0.124668 -0.014741
v -0.024455 0.123539 -0.015191
v -0.024410 0.123508 -0.015250
v -0.025890 0.122305 -0.015732
v -0.025841 0.122277 -0.015791
v -0.027261 0.121003 -0.016303
v -0.027210 0.120976 -0.016362
v -0.028568 0.119634 -0.016902
v -0.028514 0.119610 -0.016962
v -0.029806 0.118203 -0.017529
v -0.029749 0.118182 -0.017589
v -0.030972 0.116714 -0.018182
v -0.030912 0.116695 -0.018241
v -0.032064 0.115169 -0.018859
v -0.032002 0.115153 -0.018918
v -0.033079 0.113572 -0.019558
v -0.033015 0.113559 -0.019618
v -0.034014 0.111927 -0.020279
v -0.033948 0.111917 -0.020339
v -0.034868 0.110239 -0.021019
v -0.034800 0.110232 -0.021078
v -0.035638 0.108510 -0.021776
v -0.035568 0.108507 -0.021836
v -0.036322 0.106746 -0.022549
v -0.036250 0.106746 -0.022609
v -0.036919 0.104950 -0.023336
v -0.036846 0.104953 -0.023395
v -0.037428 0.103128 -0.024134
v -0.037353 0.103134 -0.024194
v -0.037846 0.101282 -0.024943
v -0.037770 0.101292 -0.025002
v -0.038173 0.099418 -0.025759
v -0.038096 0.099431 -0.025819
v -0.038409 0.097540 -0.026582
v -0.038331 0.097557 -0.026642
v -0.038553 0.095652 -0.027409
v -0.038473 0.095674 -0.027469
v -0.038603 0.093760 -0.028238
v -0.038523 0.093785 -0.028298
v -0.038560 0.091867 -0.029067
v -0.038480 0.091896 -0.029127
v -0.038426 0.089979 -0.029894
v -0.038345 0.090012 -0.029953
v -0.038199 0.088099 -0.030717
v -0.038341 0.093807 -0.028368
v -0.038293 0.095688 -0.027541
v -0.038153 0.097564 -0.026715
v -0.036683 0.104931 -0.023475
v -0.037186 0.103119 -0.024272
v -0.037600 0.101284 -0.025079
v -0.037922 0.099430 -0.025894
v -0.033804 0.111870 -0.020422
v -0.034651 0.110190 -0.021161
v -0.035414 0.108471 -0.021917
v -0.029627 0.118114 -0.017675
v -0.030785 0.116632 -0.018327
v -0.031869 0.115094 -0.019004
v -0.032876 0.113506 -0.019702
v -0.036092 0.106717 -0.022689
v -0.018065 0.127594 -0.013505
v -0.019702 0.126668 -0.013912
v -0.021292 0.125662 -0.014355
v -0.022830 0.124579 -0.014831
v -0.024313 0.123423 -0.015340
v -0.011124 0.130467 -0.012241
v -0.012910 0.129878 -0.012500
v -0.014665 0.129202 -0.012798
v -0.007476 0.131381 -0.011839
v -0.009311 0.130969 -0.012020
v -0.016385 0.128439 -0.013133
v 0.000000 0.132154 -0.011490
v 0.000000 0.132115 -0.011512
v -0.001884 0.132128 -0.011494
v -0.001880 0.132070 -0.011536
v -0.003763 0.131990 -0.011554
v -0.003756 0.131932 -0.011597
v -0.005633 0.131760 -0.011656
v -0.005623 0.131702 -0.011698
v -0.007490 0.131438 -0.011797
v -0.009329 0.131025 -0.011978
v -0.011146 0.130523 -0.012199
v -0.012935 0.129933 -0.012459
v -0.014693 0.129256 -0.012756
v -0.016417 0.128493 -0.013092
v -0.018101 0.127646 -0.013464
v -0.019741 0.126719 -0.013872
v -0.021334 0.125712 -0.014315
v -0.022875 0.124627 -0.014791
v -0.024362 0.123469 -0.015300
v -0.025789 0.122240 -0.015841
v -0.025738 0.122195 -0.015880
v -0.027155 0.120941 -0.016412
v -0.027100 0.120899 -0.016450
v -0.028456 0.119577 -0.017011
v -0.028398 0.119537 -0.017049
v -0.029688 0.118152 -0.017638
v -0.030850 0.116667 -0.018290
v -0.031936 0.115128 -0.018967
v -0.032946 0.113536 -0.019667
v -0.033877 0.111897 -0.020387
v -0.034726 0.110215 -0.021126
v -0.035492 0.108493 -0.021883
v -0.036172 0.106735 -0.022656
v -0.036766 0.104947 -0.023442
v -0.037271 0.103131 -0.024240
v -0.037686 0.101292 -0.025049
v -0.038010 0.099436 -0.025865
v -0.038244 0.097565 -0.026687
v -0.038385 0.095685 -0.027513
v -0.038434 0.093801 -0.028341
v -0.038390 0.091917 -0.029169
v -0.038689 0.095505 -0.027095
v -0.038693 0.095546 -0.027174
v -0.038742 0.094360 -0.027592
v -0.038741 0.093646 -0.028001
v -0.038666 0.095989 -0.026885
v -0.038645 0.096459 -0.026680
v -0.038551 0.097442 -0.026350
v -0.037027 0.105028 -0.022959
v -0.036919 0.105348 -0.022819
v -0.037063 0.104886 -0.023111
v -0.036465 0.106690 -0.022326
v -0.037572 0.103055 -0.023908
v -0.037587 0.103019 -0.023831
v -0.037077 0.104851 -0.023035
v -0.038088 0.100724 -0.024828
v -0.037990 0.101201 -0.024714
v -0.038316 0.099328 -0.025529
v -0.038546 0.097400 -0.026271
v -0.038402 0.098787 -0.025669
v -0.038320 0.099288 -0.025451
v -0.038074 0.100807 -0.024791
v -0.037997 0.101162 -0.024638
v -0.037608 0.102943 -0.023864
v -0.036475 0.106655 -0.022252
v -0.036337 0.107063 -0.022075
v -0.035780 0.108463 -0.021555
v -0.035188 0.109793 -0.020889
v -0.035008 0.110200 -0.020799
v -0.035530 0.109067 -0.021204
v -0.035788 0.108428 -0.021482
v -0.033399 0.113251 -0.019387
v -0.033214 0.113550 -0.019341
v -0.034152 0.111897 -0.020061
v -0.035012 0.110165 -0.020727
v -0.034519 0.111210 -0.020274
v -0.034160 0.111864 -0.019990
v -0.032197 0.115155 -0.018643
v -0.032216 0.115130 -0.018571
v -0.031101 0.116708 -0.017967
v -0.031117 0.116683 -0.017896
v -0.030958 0.116910 -0.017798
v -0.030176 0.117886 -0.017374
v -0.029931 0.118205 -0.017316
v -0.033230 0.113522 -0.019269
v -0.032934 0.113996 -0.019064
v -0.032296 0.115016 -0.018620
v -0.028031 0.120358 -0.016300
v -0.027378 0.121018 -0.016091
v -0.028689 0.119643 -0.016690
v -0.029942 0.118178 -0.017247
v -0.029511 0.118716 -0.017013
v -0.028699 0.119617 -0.016622
v -0.027389 0.120994 -0.016024
v -0.026965 0.121413 -0.015842
v -0.026000 0.122328 -0.015521
v -0.023062 0.124736 -0.014473
v -0.024561 0.123568 -0.014981
v -0.023345 0.124518 -0.014494
v -0.024579 0.123554 -0.014912
v -0.026454 0.121918 -0.015623
v -0.026013 0.122307 -0.015454
v -0.024746 0.123423 -0.014969
v -0.019912 0.126829 -0.013490
v -0.019903 0.126845 -0.013555
v -0.021144 0.126077 -0.013816
v -0.021509 0.125830 -0.013997
v -0.019372 0.127158 -0.013347
v -0.019225 0.127248 -0.013308
v -0.018249 0.127781 -0.013148
v -0.023080 0.124725 -0.014404
v -0.022957 0.124821 -0.014362
v -0.021521 0.125815 -0.013930
v -0.015198 0.129249 -0.012439
v -0.014814 0.129405 -0.012441
v -0.016552 0.128635 -0.012776
v -0.018257 0.127764 -0.013083
v -0.017246 0.128305 -0.012849
v -0.016561 0.128620 -0.012712
v -0.015103 0.129286 -0.012423
v -0.014825 0.129395 -0.012375
v -0.013041 0.130088 -0.012144
v -0.011001 0.130759 -0.011782
v -0.010602 0.130865 -0.011737
v -0.011237 0.130683 -0.011885
v -0.009406 0.131189 -0.011664
v -0.013113 0.130067 -0.012083
v -0.013053 0.130087 -0.012075
v -0.011246 0.130679 -0.011818
v -0.005942 0.131882 -0.011295
v -0.005679 0.131930 -0.011342
v -0.006586 0.131790 -0.011335
v -0.007552 0.131606 -0.011483
v -0.002202 0.132291 -0.011117
v -0.001899 0.132302 -0.011180
v -0.003794 0.132162 -0.011241
v -0.005683 0.131919 -0.011279
v -0.004401 0.132103 -0.011199
v -0.003797 0.132155 -0.011177
v -0.009411 0.131180 -0.011600
v -0.008835 0.131333 -0.011533
v -0.007555 0.131593 -0.011420
v 0.000000 0.132354 -0.011090
v 0.000000 0.132345 -0.011159
v -0.001193 0.132319 -0.011105
v -0.001901 0.132300 -0.011114
v -0.001193 0.054873 -0.044742
v -0.001233 0.054873 -0.044742
v -0.001903 0.054913 -0.044839
v 0.000000 0.054854 -0.044750
v 0.000000 0.054867 -0.044859
v 0.000000 0.054869 -0.044873
v -0.001900 0.054914 -0.044724
v -0.003430 0.055006 -0.044684
v -0.003802 0.055053 -0.044778
v -0.003797 0.055049 -0.044665
v -0.005692 0.055286 -0.044677
v -0.005586 0.055259 -0.044574
v -0.009413 0.056025 -0.044241
v -0.009425 0.056030 -0.044354
v -0.007683 0.055623 -0.044416
v -0.007568 0.055612 -0.044535
v -0.013068 0.057137 -0.043873
v -0.011260 0.056539 -0.044133
v -0.011939 0.056739 -0.043931
v -0.009826 0.056120 -0.044200
v -0.010600 0.056347 -0.044101
v -0.011244 0.056536 -0.044020
v -0.005685 0.055276 -0.044567
v -0.005942 0.055321 -0.044547
v -0.007559 0.055602 -0.044425
v -0.017997 0.059287 -0.042825
v -0.018283 0.059452 -0.042867
v -0.016561 0.058585 -0.043129
v -0.016583 0.058595 -0.043240
v -0.016015 0.058318 -0.043245
v -0.014844 0.057822 -0.043575
v -0.015098 0.057933 -0.043413
v -0.023074 0.062490 -0.041434
v -0.023101 0.062507 -0.041539
v -0.021827 0.061586 -0.041826
v -0.021546 0.061410 -0.042016
v -0.023347 0.062687 -0.041348
v -0.023616 0.062882 -0.041263
v -0.024601 0.063679 -0.041030
v -0.018262 0.059436 -0.042760
v -0.019368 0.060057 -0.042490
v -0.019939 0.060391 -0.042459
v -0.019939 0.060378 -0.042351
v -0.021523 0.061392 -0.041910
v -0.013048 0.057133 -0.043760
v -0.013989 0.057468 -0.043615
v -0.014822 0.057817 -0.043463
v -0.026973 0.065787 -0.040002
v -0.027418 0.066236 -0.039919
v -0.026041 0.064923 -0.040490
v -0.024571 0.063661 -0.040925
v -0.025332 0.064281 -0.040656
v -0.026010 0.064903 -0.040385
v -0.027056 0.065863 -0.039969
v -0.027392 0.066210 -0.039818
v -0.028728 0.067616 -0.039320
v -0.029970 0.069058 -0.038693
v -0.030058 0.069148 -0.038542
v -0.030185 0.069314 -0.038470
v -0.031139 0.070558 -0.038040
v -0.028613 0.067472 -0.039269
v -0.028708 0.067583 -0.039221
v -0.029950 0.069024 -0.038595
v -0.032936 0.073211 -0.036777
v -0.033249 0.073723 -0.036665
v -0.032648 0.072731 -0.036986
v -0.032233 0.072115 -0.037364
v -0.034803 0.076565 -0.035320
v -0.035038 0.077079 -0.035206
v -0.034185 0.075379 -0.035945
v -0.033223 0.073690 -0.036569
v -0.033777 0.074613 -0.036168
v -0.034161 0.075343 -0.035851
v -0.031114 0.070527 -0.037943
v -0.031441 0.070955 -0.037757
v -0.032207 0.072083 -0.037267
v -0.035807 0.078818 -0.034449
v -0.035794 0.078777 -0.034360
v -0.036490 0.080593 -0.033677
v -0.036481 0.080551 -0.033589
v -0.037590 0.084233 -0.032095
v -0.037084 0.082399 -0.032892
v -0.037195 0.082735 -0.032640
v -0.036535 0.080692 -0.033528
v -0.036913 0.081861 -0.033020
v -0.037072 0.082358 -0.032804
v -0.038328 0.087962 -0.030473
v -0.038005 0.086088 -0.031288
v -0.038195 0.087069 -0.030758
v -0.038078 0.086486 -0.031012
v -0.038671 0.091219 -0.028956
v -0.038696 0.091746 -0.028827
v -0.038559 0.089849 -0.029652
v -0.038316 0.087920 -0.030389
v -0.038502 0.089224 -0.029822
v -0.038551 0.089807 -0.029569
v -0.037574 0.084192 -0.032008
v -0.037769 0.084943 -0.031681
v -0.037990 0.086047 -0.031202
v -0.035019 0.077040 -0.035114
v -0.035189 0.077414 -0.034951
v -0.035702 0.078541 -0.034463
v -0.038688 0.091422 -0.028868
v -0.038696 0.091703 -0.028746
v -0.038750 0.093604 -0.027920
v -0.018287 0.059498 -0.042976
v -0.016584 0.058673 -0.043403
v -0.016588 0.058640 -0.043349
v -0.014845 0.057900 -0.043739
v -0.014848 0.057867 -0.043686
v -0.013070 0.057213 -0.044039
v -0.013072 0.057180 -0.043985
v -0.011262 0.056614 -0.044299
v -0.011264 0.056582 -0.044245
v -0.009427 0.056105 -0.044521
v -0.009429 0.056073 -0.044467
v -0.007570 0.055687 -0.044703
v -0.007571 0.055654 -0.044648
v -0.005694 0.055360 -0.044846
v -0.005694 0.055328 -0.044790
v -0.003803 0.055126 -0.044947
v -0.003804 0.055094 -0.044892
v -0.001904 0.054986 -0.045009
v -0.001904 0.054954 -0.044953
v 0.000000 0.054942 -0.045027
v 0.000000 0.054914 -0.044988
v -0.014838 0.057939 -0.043790
v -0.013064 0.057253 -0.044089
v -0.011257 0.056654 -0.044351
v -0.009423 0.056145 -0.044573
v -0.007567 0.055726 -0.044755
v -0.005691 0.055401 -0.044897
v -0.003802 0.055167 -0.044999
v -0.001903 0.055026 -0.045061
v 0.000000 0.054986 -0.045089
v -0.018283 0.059531 -0.043029
v -0.016577 0.058712 -0.043453
v -0.014829 0.057985 -0.043836
v -0.013055 0.057299 -0.044136
v -0.011250 0.056700 -0.044397
v -0.009417 0.056192 -0.044620
v -0.007561 0.055774 -0.044802
v -0.005688 0.055448 -0.044944
v -0.003799 0.055214 -0.045046
v -0.001901 0.055073 -0.045108
v 0.000000 0.055029 -0.045125
v 0.000000 0.055141 -0.045198
v -0.001898 0.055187 -0.045181
v -0.003791 0.055327 -0.045120
v -0.005676 0.055559 -0.045018
v -0.007546 0.055885 -0.044875
v -0.009397 0.056302 -0.044693
v -0.011227 0.056809 -0.044470
v -0.013029 0.057406 -0.044209
v -0.014798 0.058091 -0.043909
v -0.016532 0.058861 -0.043572
v -0.016551 0.058808 -0.043539
v -0.018246 0.059664 -0.043164
v -0.018263 0.059614 -0.043124
v -0.019916 0.060554 -0.042714
v -0.019929 0.060510 -0.042669
v -0.021500 0.061620 -0.042308
v -0.019897 0.060602 -0.042753
v -0.019875 0.060654 -0.042786
v -0.018225 0.059717 -0.043197
v -0.018201 0.059771 -0.043222
v -0.016510 0.058918 -0.043597
v -0.018147 0.059881 -0.043249
v -0.016460 0.059031 -0.043623
v -0.018088 0.059984 -0.043246
v -0.026022 0.065044 -0.040690
v -0.024567 0.063841 -0.041277
v -0.024544 0.063886 -0.041316
v -0.024486 0.063982 -0.041375
v -0.024415 0.064077 -0.041405
v -0.024339 0.064164 -0.041408
v -0.019943 0.060438 -0.042567
v -0.018275 0.059570 -0.043079
v -0.016566 0.058757 -0.043499
v -0.014815 0.058036 -0.043876
v -0.013043 0.057350 -0.044176
v -0.011239 0.056753 -0.044437
v -0.009408 0.056244 -0.044660
v -0.007554 0.055827 -0.044843
v -0.005682 0.055501 -0.044985
v -0.003796 0.055268 -0.045087
v -0.001900 0.055128 -0.045148
v 0.000000 0.055081 -0.045169
v 0.000000 0.132301 -0.011313
v -0.001894 0.132262 -0.011319
v -0.003789 0.132148 -0.011311
v -0.003784 0.132122 -0.011379
v -0.005672 0.131916 -0.011412
v -0.005664 0.131891 -0.011481
v -0.007542 0.131592 -0.011553
v -0.007531 0.131568 -0.011622
v -0.009394 0.131177 -0.011735
v -0.009380 0.131153 -0.011803
v -0.011223 0.130671 -0.011955
v -0.011206 0.130649 -0.012024
v -0.013025 0.130077 -0.012215
v -0.013006 0.130055 -0.012284
v -0.014796 0.129395 -0.012512
v -0.014774 0.129375 -0.012581
v -0.016531 0.128627 -0.012847
v -0.016507 0.128608 -0.012917
v -0.018227 0.127775 -0.013219
v -0.018200 0.127757 -0.013288
v -0.019879 0.126841 -0.013626
v -0.019849 0.126825 -0.013696
v -0.021483 0.125826 -0.014069
v -0.021451 0.125813 -0.014139
v -0.023035 0.124735 -0.014545
v -0.023002 0.124723 -0.014616
v -0.024532 0.123569 -0.015054
v -0.024497 0.123559 -0.015124
v -0.025970 0.122331 -0.015594
v -0.025933 0.122323 -0.015665
v -0.027347 0.121023 -0.016164
v -0.027308 0.121018 -0.016236
v -0.028657 0.119650 -0.016763
v -0.028616 0.119647 -0.016835
v -0.029898 0.118214 -0.017390
v -0.029856 0.118214 -0.017462
v -0.031068 0.116720 -0.018042
v -0.031024 0.116722 -0.018114
v -0.032162 0.115169 -0.018718
v -0.032118 0.115174 -0.018791
v -0.033180 0.113566 -0.019417
v -0.033135 0.113574 -0.019490
v -0.034118 0.111916 -0.020137
v -0.034071 0.111927 -0.020211
v -0.034974 0.110222 -0.020876
v -0.034927 0.110236 -0.020950
v -0.035746 0.108488 -0.021632
v -0.035698 0.108504 -0.021707
v -0.036432 0.106717 -0.022404
v -0.036383 0.106736 -0.022480
v -0.037030 0.104915 -0.023189
v -0.036982 0.104938 -0.023266
v -0.037540 0.103087 -0.023987
v -0.037491 0.103112 -0.024064
v -0.037958 0.101235 -0.024794
v -0.037910 0.101263 -0.024872
v -0.038286 0.099364 -0.025610
v -0.038238 0.099395 -0.025688
v -0.038521 0.097480 -0.026431
v -0.038474 0.097513 -0.026510
v -0.038665 0.095586 -0.027256
v -0.038618 0.095623 -0.027336
v -0.038714 0.093688 -0.028084
v -0.038668 0.093727 -0.028165
v -0.038671 0.091789 -0.028912
v -0.038625 0.091831 -0.028993
v -0.038535 0.089895 -0.029738
v -0.038490 0.089939 -0.029820
v -0.038306 0.088009 -0.030559
v -0.038263 0.088055 -0.030642
v -0.037984 0.086136 -0.031375
v -0.037942 0.086186 -0.031460
v -0.037571 0.084282 -0.032183
v -0.037530 0.084333 -0.032269
v -0.037068 0.082450 -0.032982
v -0.037029 0.082503 -0.033068
v -0.036475 0.080644 -0.033768
v -0.036438 0.080700 -0.033855
v -0.035794 0.078870 -0.034541
v -0.035758 0.078927 -0.034630
v -0.035027 0.077131 -0.035299
v -0.034992 0.077190 -0.035388
v -0.034176 0.075431 -0.036039
v -0.034143 0.075493 -0.036129
v -0.033242 0.073776 -0.036760
v -0.033210 0.073838 -0.036852
v -0.032227 0.072167 -0.037461
v -0.032198 0.072232 -0.037553
v -0.031135 0.070611 -0.038138
v -0.031107 0.070677 -0.038232
v -0.029967 0.069110 -0.038792
v -0.029941 0.069176 -0.038886
v -0.028727 0.067667 -0.039420
v -0.028703 0.067735 -0.039516
v -0.027418 0.066288 -0.040021
v -0.027396 0.066357 -0.040118
v -0.026041 0.064974 -0.040593
v -0.024603 0.063729 -0.041134
v -0.023104 0.062556 -0.041645
v -0.021550 0.061458 -0.042123
v 0.001883 0.055496 -0.045220
v 0.001904 0.054954 -0.044953
v 0.016566 0.058757 -0.043499
v 0.016577 0.058712 -0.043453
v 0.014839 0.057939 -0.043790
v 0.019916 0.060554 -0.042714
v 0.019929 0.060510 -0.042669
v 0.018275 0.059570 -0.043079
v 0.023104 0.062556 -0.041645
v 0.021550 0.061458 -0.042123
v 0.021535 0.061529 -0.042224
v 0.003761 0.055635 -0.045159
v 0.038341 0.093807 -0.028367
v 0.005650 0.055747 -0.045066
v 0.007512 0.056070 -0.044924
v 0.007536 0.055946 -0.044900
v 0.005676 0.055559 -0.045018
v 0.003791 0.055327 -0.045120
v 0.003786 0.055389 -0.045144
v 0.009397 0.056302 -0.044693
v 0.011227 0.056809 -0.044470
v 0.011239 0.056753 -0.044437
v 0.028657 0.067815 -0.039597
v 0.027351 0.066439 -0.040199
v 0.027287 0.066527 -0.040258
v 0.036377 0.080756 -0.033932
v 0.035699 0.078987 -0.034707
v 0.035620 0.079045 -0.034766
v 0.033156 0.073907 -0.036931
v 0.032145 0.072303 -0.037633
v 0.032072 0.072377 -0.037692
v 0.031056 0.070751 -0.038312
v 0.029892 0.069254 -0.038967
v 0.029823 0.069335 -0.039026
v 0.034935 0.077254 -0.035465
v 0.034086 0.075558 -0.036208
v 0.034010 0.075624 -0.036267
v 0.038199 0.088099 -0.030717
v 0.037879 0.086232 -0.031534
v 0.037798 0.086273 -0.031594
v 0.037467 0.084383 -0.032344
v 0.036967 0.082557 -0.033144
v 0.036887 0.082606 -0.033204
v 0.038153 0.097563 -0.026715
v 0.038553 0.095652 -0.027409
v 0.038603 0.093760 -0.028238
v 0.038523 0.093785 -0.028298
v 0.036250 0.106746 -0.022609
v 0.035568 0.108507 -0.021836
v 0.035638 0.108510 -0.021776
v 0.018065 0.127594 -0.013505
v 0.014665 0.129201 -0.012798
v 0.011124 0.130467 -0.012241
v 0.007476 0.131381 -0.011839
v 0.003756 0.131932 -0.011597
v 0.019816 0.126799 -0.013762
v 0.021415 0.125788 -0.014205
v 0.021375 0.125754 -0.014264
v 0.022963 0.124701 -0.014682
v 0.024456 0.123539 -0.015191
v 0.024410 0.123508 -0.015250
v 0.016479 0.128579 -0.012982
v 0.018169 0.127730 -0.013354
v 0.018136 0.127692 -0.013413
v 0.012984 0.130023 -0.012349
v 0.014749 0.129344 -0.012647
v 0.014722 0.129304 -0.012706
v 0.005654 0.131856 -0.011546
v 0.007518 0.131533 -0.011687
v 0.007505 0.131489 -0.011746
v 0.009364 0.131119 -0.011869
v 0.011187 0.130616 -0.012090
v 0.011167 0.130574 -0.012148
v 0.001891 0.132226 -0.011384
v 0.003777 0.132087 -0.011444
v 0.003770 0.132042 -0.011503
v 0.022920 0.124668 -0.014741
v 0.025890 0.122305 -0.015732
v 0.025841 0.122277 -0.015791
v 0.005623 0.131702 -0.011698
v 0.003763 0.131990 -0.011554
v 0.005634 0.131760 -0.011656
v 0.005644 0.131811 -0.011605
v 0.009311 0.130969 -0.012020
v 0.007490 0.131438 -0.011797
v 0.009329 0.131025 -0.011978
v 0.009347 0.131076 -0.011928
v 0.012910 0.129878 -0.012500
v 0.011146 0.130523 -0.012199
v 0.012935 0.129933 -0.012459
v 0.012960 0.129982 -0.012408
v 0.001880 0.132070 -0.011536
v 0.001888 0.132181 -0.011443
v 0.001884 0.132128 -0.011494
v 0.016385 0.128439 -0.013133
v 0.014694 0.129256 -0.012756
v 0.016417 0.128493 -0.013092
v 0.016449 0.128540 -0.013041
v 0.019702 0.126668 -0.013912
v 0.018101 0.127646 -0.013464
v 0.019741 0.126719 -0.013872
v 0.019779 0.126763 -0.013821
v 0.022830 0.124579 -0.014831
v 0.022875 0.124627 -0.014791
v 0.021334 0.125712 -0.014315
v 0.021292 0.125662 -0.014354
v 0.025738 0.122195 -0.015880
v 0.025789 0.122240 -0.015841
v 0.024362 0.123469 -0.015300
v 0.024313 0.123423 -0.015340
v 0.034868 0.110239 -0.021019
v 0.034800 0.110232 -0.021078
v 0.034014 0.111927 -0.020279
v 0.033948 0.111917 -0.020339
v 0.033079 0.113572 -0.019558
v 0.033015 0.113559 -0.019618
v 0.032064 0.115169 -0.018859
v 0.032002 0.115153 -0.018918
v 0.030972 0.116714 -0.018182
v 0.030913 0.116695 -0.018241
v 0.029806 0.118203 -0.017529
v 0.029749 0.118182 -0.017588
v 0.028568 0.119634 -0.016902
v 0.028514 0.119610 -0.016962
v 0.027261 0.121002 -0.016303
v 0.027210 0.120976 -0.016362
v 0.027156 0.120941 -0.016412
v 0.028456 0.119577 -0.017011
v 0.029689 0.118152 -0.017638
v 0.030850 0.116667 -0.018290
v 0.031936 0.115128 -0.018967
v 0.032946 0.113536 -0.019667
v 0.033877 0.111897 -0.020387
v 0.034726 0.110215 -0.021126
v 0.035492 0.108493 -0.021883
v 0.036172 0.106735 -0.022656
v 0.036766 0.104947 -0.023442
v 0.027101 0.120899 -0.016450
v 0.028398 0.119537 -0.017049
v 0.030785 0.116631 -0.018327
v 0.029627 0.118114 -0.017675
v 0.034651 0.110190 -0.021161
v 0.033804 0.111870 -0.020422
v 0.032876 0.113506 -0.019702
v 0.031869 0.115094 -0.019004
v 0.035414 0.108471 -0.021917
v 0.036092 0.106717 -0.022689
v 0.036683 0.104931 -0.023474
v 0.037186 0.103119 -0.024271
v 0.037922 0.099430 -0.025894
v 0.037600 0.101283 -0.025079
v 0.037686 0.101292 -0.025048
v 0.037271 0.103131 -0.024240
v 0.037353 0.103134 -0.024194
v 0.036846 0.104953 -0.023395
v 0.036919 0.104950 -0.023336
v 0.036322 0.106746 -0.022549
v 0.038294 0.095688 -0.027540
v 0.038244 0.097565 -0.026687
v 0.038010 0.099435 -0.025865
v 0.038096 0.099431 -0.025819
v 0.037770 0.101292 -0.025002
v 0.037846 0.101282 -0.024943
v 0.037428 0.103128 -0.024134
v 0.038426 0.089979 -0.029894
v 0.038117 0.088136 -0.030777
v 0.037387 0.084429 -0.032404
v 0.034857 0.077315 -0.035525
v 0.030985 0.070829 -0.038371
v 0.038390 0.091916 -0.029169
v 0.038480 0.091896 -0.029127
v 0.038561 0.091867 -0.029067
v 0.038159 0.090051 -0.030020
v 0.038254 0.090036 -0.029996
v 0.038345 0.090012 -0.029953
v 0.025979 0.065128 -0.040773
v 0.025918 0.065220 -0.040832
v 0.003796 0.055268 -0.045087
v 0.005682 0.055501 -0.044985
v 0.007554 0.055827 -0.044843
v 0.011212 0.056869 -0.044495
v 0.011177 0.056990 -0.044520
v 0.013011 0.057465 -0.044234
v 0.012971 0.057584 -0.044259
v 0.014778 0.058148 -0.043934
v 0.014733 0.058264 -0.043959
v 0.001889 0.055376 -0.045229
v 0.001895 0.055248 -0.045206
v 0.001897 0.055187 -0.045181
v 0.001900 0.055128 -0.045148
v 0.037295 0.084466 -0.032444
v 0.037706 0.086306 -0.031635
v 0.037198 0.084493 -0.032465
v 0.037609 0.086329 -0.031657
v 0.036794 0.082648 -0.033243
v 0.036697 0.082680 -0.033263
v 0.034766 0.077370 -0.035563
v 0.035529 0.079096 -0.034805
v 0.034671 0.077416 -0.035578
v 0.035432 0.079137 -0.034821
v 0.033920 0.075684 -0.036304
v 0.033825 0.075735 -0.036317
v 0.030900 0.070903 -0.038405
v 0.031985 0.072446 -0.037727
v 0.030810 0.070967 -0.038415
v 0.031893 0.072506 -0.037738
v 0.029741 0.069413 -0.039060
v 0.029653 0.069483 -0.039068
v 0.038296 0.091927 -0.029195
v 0.038434 0.093801 -0.028341
v 0.038385 0.095685 -0.027513
v 0.038474 0.095673 -0.027469
v 0.038331 0.097557 -0.026642
v 0.038409 0.097540 -0.026582
v 0.038173 0.099418 -0.025759
v 0.038025 0.088164 -0.030819
v 0.037930 0.088183 -0.030842
v 0.036108 0.080893 -0.034048
v 0.036205 0.080856 -0.034031
v 0.036297 0.080810 -0.033992
v 0.032899 0.074097 -0.037038
v 0.032993 0.074041 -0.037026
v 0.033081 0.073977 -0.036990
v 0.028424 0.068057 -0.039695
v 0.028509 0.067983 -0.039688
v 0.028590 0.067900 -0.039656
v 0.013043 0.057350 -0.044176
v 0.013029 0.057406 -0.044209
v 0.014815 0.058036 -0.043876
v 0.014798 0.058091 -0.043909
v 0.016532 0.058861 -0.043572
v 0.016510 0.058918 -0.043597
v 0.018201 0.059771 -0.043222
v 0.016460 0.059031 -0.043623
v 0.018147 0.059881 -0.043249
v 0.016406 0.059137 -0.043619
v 0.018088 0.059984 -0.043246
v 0.011140 0.057104 -0.044513
v 0.012928 0.057695 -0.044253
v 0.014684 0.058373 -0.043955
v 0.007487 0.056188 -0.044916
v 0.005631 0.055866 -0.045058
v 0.025844 0.065312 -0.040863
v 0.027210 0.066614 -0.040290
v 0.025764 0.065395 -0.040866
v 0.027127 0.066693 -0.040295
v 0.024339 0.064164 -0.041408
v 0.021316 0.061920 -0.042394
v 0.009324 0.056601 -0.044734
v 0.009356 0.056485 -0.044742
v 0.009385 0.056362 -0.044718
v 0.009408 0.056244 -0.044660
v 0.007546 0.055885 -0.044875
v 0.005668 0.055621 -0.045043
v 0.003774 0.055515 -0.045168
v 0.038696 0.091745 -0.028827
v 0.038741 0.093646 -0.028001
v 0.038743 0.092847 -0.028248
v 0.038559 0.089849 -0.029652
v 0.038446 0.088843 -0.029988
v 0.038328 0.087962 -0.030473
v 0.038402 0.088420 -0.030171
v 0.038689 0.091703 -0.028746
v 0.038645 0.090749 -0.029160
v 0.038546 0.089807 -0.029569
v 0.036475 0.080552 -0.033588
v 0.036490 0.080593 -0.033677
v 0.037027 0.082180 -0.032881
v 0.037084 0.082399 -0.032892
v 0.037077 0.082356 -0.032805
v 0.037576 0.084153 -0.032025
v 0.037590 0.084233 -0.032095
v 0.037587 0.084189 -0.032009
v 0.038321 0.087919 -0.030389
v 0.038074 0.086400 -0.031049
v 0.038005 0.086088 -0.031288
v 0.037997 0.086046 -0.031203
v 0.037608 0.084265 -0.031976
v 0.036337 0.080145 -0.033766
v 0.036122 0.079610 -0.033998
v 0.035807 0.078818 -0.034449
v 0.034160 0.075344 -0.035851
v 0.034185 0.075379 -0.035945
v 0.034519 0.075998 -0.035566
v 0.035038 0.077079 -0.035206
v 0.035788 0.078779 -0.034359
v 0.035530 0.078140 -0.034636
v 0.035013 0.077043 -0.035113
v 0.031139 0.070558 -0.038040
v 0.032233 0.072115 -0.037363
v 0.031613 0.071225 -0.037639
v 0.032216 0.072078 -0.037270
v 0.028699 0.067590 -0.039218
v 0.028728 0.067616 -0.039319
v 0.029511 0.068491 -0.038827
v 0.029970 0.069058 -0.038693
v 0.031118 0.070524 -0.037944
v 0.030958 0.070298 -0.038042
v 0.029942 0.069029 -0.038593
v 0.034125 0.075279 -0.035878
v 0.033399 0.073956 -0.036453
v 0.033249 0.073723 -0.036665
v 0.033230 0.073686 -0.036571
v 0.032296 0.072191 -0.037220
v 0.026455 0.065289 -0.040217
v 0.026041 0.064923 -0.040490
v 0.027418 0.066236 -0.039919
v 0.028625 0.067508 -0.039254
v 0.028031 0.066849 -0.039540
v 0.027389 0.066213 -0.039816
v 0.026014 0.064901 -0.040386
v 0.025203 0.064187 -0.040697
v 0.024601 0.063679 -0.041030
v 0.024746 0.063784 -0.040871
v 0.024579 0.063654 -0.040928
v 0.021521 0.061392 -0.041910
v 0.021399 0.061308 -0.041947
v 0.021546 0.061410 -0.042016
v 0.021144 0.061131 -0.042024
v 0.019939 0.060391 -0.042459
v 0.017246 0.058903 -0.042991
v 0.016583 0.058595 -0.043240
v 0.017272 0.058917 -0.042985
v 0.018283 0.059452 -0.042867
v 0.019913 0.060379 -0.042350
v 0.019225 0.059959 -0.042533
v 0.018258 0.059443 -0.042756
v 0.022957 0.062387 -0.041478
v 0.023101 0.062507 -0.041539
v 0.023080 0.062483 -0.041437
v 0.016561 0.058587 -0.043129
v 0.015198 0.057959 -0.043401
v 0.014844 0.057822 -0.043575
v 0.014825 0.057812 -0.043465
v 0.013068 0.057137 -0.043873
v 0.013113 0.057140 -0.043757
v 0.009412 0.056027 -0.044240
v 0.009425 0.056030 -0.044354
v 0.011001 0.056448 -0.044057
v 0.011260 0.056539 -0.044133
v 0.013054 0.057121 -0.043766
v 0.012877 0.057062 -0.043790
v 0.011246 0.056528 -0.044023
v 0.006587 0.055418 -0.044505
v 0.005692 0.055286 -0.044677
v 0.007568 0.055612 -0.044535
v 0.001903 0.054913 -0.044839
v 0.003802 0.055053 -0.044778
v 0.003574 0.055034 -0.044672
v 0.005683 0.055288 -0.044561
v 0.004401 0.055105 -0.044641
v 0.003797 0.055053 -0.044663
v 0.008835 0.055874 -0.044307
v 0.008287 0.055763 -0.044355
v 0.007555 0.055615 -0.044419
v 0.001901 0.054908 -0.044727
v 0.002202 0.054917 -0.044723
v 0.023087 0.062627 -0.041745
v 0.023071 0.062669 -0.041790
v 0.024567 0.063841 -0.041277
v 0.024544 0.063886 -0.041316
v 0.024486 0.063982 -0.041375
v 0.024415 0.064077 -0.041405
v 0.021520 0.061573 -0.042269
v 0.021500 0.061620 -0.042308
v 0.023050 0.062715 -0.041829
v 0.018263 0.059614 -0.043124
v 0.018246 0.059664 -0.043164
v 0.019897 0.060602 -0.042753
v 0.019875 0.060654 -0.042786
v 0.021476 0.061670 -0.042341
v 0.021448 0.061722 -0.042366
v 0.022994 0.062814 -0.041887
v 0.021384 0.061825 -0.042395
v 0.022927 0.062914 -0.041916
v 0.022855 0.063005 -0.041917
v 0.019943 0.060438 -0.042566
v 0.018287 0.059498 -0.042976
v 0.018283 0.059531 -0.043029
v 0.016588 0.058640 -0.043349
v 0.016584 0.058673 -0.043403
v 0.014848 0.057867 -0.043686
v 0.014845 0.057900 -0.043739
v 0.013072 0.057180 -0.043985
v 0.013070 0.057213 -0.044038
v 0.011264 0.056582 -0.044245
v 0.011262 0.056614 -0.044299
v 0.009429 0.056073 -0.044467
v 0.009427 0.056105 -0.044521
v 0.007571 0.055654 -0.044648
v 0.007569 0.055687 -0.044703
v 0.005694 0.055328 -0.044790
v 0.005693 0.055360 -0.044846
v 0.003804 0.055094 -0.044892
v 0.003803 0.055126 -0.044947
v 0.001903 0.054986 -0.045009
v 0.013064 0.057253 -0.044089
v 0.011257 0.056654 -0.044351
v 0.009423 0.056145 -0.044573
v 0.007566 0.055726 -0.044755
v 0.005691 0.055401 -0.044897
v 0.003802 0.055167 -0.044999
v 0.001903 0.055026 -0.045061
v 0.001901 0.055073 -0.045108
v 0.003799 0.055214 -0.045046
v 0.005687 0.055448 -0.044944
v 0.007561 0.055774 -0.044802
v 0.009417 0.056192 -0.044620
v 0.011250 0.056700 -0.044397
v 0.013055 0.057299 -0.044136
v 0.014829 0.057985 -0.043836
v 0.016551 0.058808 -0.043539
v 0.018225 0.059717 -0.043197
v 0.019849 0.060707 -0.042812
v 0.019790 0.060814 -0.042839
v 0.019726 0.060912 -0.042838
v 0.001233 0.132334 -0.011099
v 0.001899 0.132302 -0.011180
v 0.005680 0.131930 -0.011342
v 0.003794 0.132162 -0.011241
v 0.003797 0.132158 -0.011175
v 0.001900 0.132294 -0.011116
v 0.003430 0.132202 -0.011156
v 0.003575 0.132185 -0.011164
v 0.007683 0.131584 -0.011424
v 0.008287 0.131444 -0.011485
v 0.007552 0.131606 -0.011483
v 0.009406 0.131189 -0.011664
v 0.012874 0.130136 -0.012053
v 0.013041 0.130088 -0.012144
v 0.011939 0.130468 -0.011909
v 0.011237 0.130683 -0.011885
v 0.009413 0.131183 -0.011598
v 0.009826 0.131087 -0.011640
v 0.011244 0.130672 -0.011821
v 0.005587 0.131949 -0.011266
v 0.005685 0.131932 -0.011274
v 0.007559 0.131606 -0.011415
v 0.016015 0.128889 -0.012595
v 0.016552 0.128635 -0.012776
v 0.014814 0.129405 -0.012441
v 0.016561 0.128622 -0.012711
v 0.017266 0.128278 -0.012860
v 0.018249 0.127781 -0.013148
v 0.021509 0.125830 -0.013997
v 0.021523 0.125816 -0.013929
v 0.021827 0.125621 -0.014014
v 0.023063 0.124736 -0.014473
v 0.025332 0.122927 -0.015185
v 0.026000 0.122328 -0.015521
v 0.025209 0.123027 -0.015141
v 0.024561 0.123568 -0.014981
v 0.023074 0.124718 -0.014407
v 0.023616 0.124326 -0.014577
v 0.024571 0.123547 -0.014915
v 0.017997 0.127921 -0.013015
v 0.018262 0.127772 -0.013080
v 0.019903 0.126845 -0.013555
v 0.019939 0.126830 -0.013489
v 0.021398 0.125896 -0.013895
v 0.013048 0.130075 -0.012080
v 0.013990 0.129740 -0.012225
v 0.014822 0.129390 -0.012377
v 0.026010 0.122304 -0.015455
v 0.027056 0.121344 -0.015872
v 0.027378 0.121018 -0.016091
v 0.027392 0.120997 -0.016023
v 0.028689 0.119643 -0.016690
v 0.028613 0.119735 -0.016570
v 0.031114 0.116681 -0.017897
v 0.031101 0.116708 -0.017967
v 0.030058 0.118059 -0.017298
v 0.029931 0.118205 -0.017316
v 0.028636 0.119709 -0.016582
v 0.028708 0.119624 -0.016619
v 0.029950 0.118184 -0.017244
v 0.033214 0.113550 -0.019341
v 0.032197 0.115155 -0.018643
v 0.032648 0.114477 -0.018854
v 0.035008 0.110200 -0.020799
v 0.034152 0.111897 -0.020060
v 0.034803 0.110642 -0.020520
v 0.034161 0.111864 -0.019989
v 0.033223 0.113518 -0.019271
v 0.033777 0.112594 -0.019672
v 0.034127 0.111929 -0.019961
v 0.031441 0.116253 -0.018083
v 0.031621 0.115988 -0.018198
v 0.032207 0.115125 -0.018573
v 0.036465 0.106690 -0.022326
v 0.035780 0.108463 -0.021555
v 0.036117 0.107596 -0.021843
v 0.037565 0.103051 -0.023817
v 0.037572 0.103055 -0.023908
v 0.037195 0.104472 -0.023200
v 0.037063 0.104886 -0.023111
v 0.036481 0.106657 -0.022251
v 0.036535 0.106516 -0.022312
v 0.037072 0.104850 -0.023036
v 0.038195 0.100138 -0.025082
v 0.038316 0.099328 -0.025529
v 0.037990 0.101201 -0.024714
v 0.038316 0.099288 -0.025451
v 0.038447 0.098364 -0.025853
v 0.038551 0.097442 -0.026350
v 0.038502 0.097983 -0.026018
v 0.037574 0.103016 -0.023832
v 0.037770 0.102265 -0.024158
v 0.037990 0.101161 -0.024638
v 0.035019 0.110168 -0.020726
v 0.035702 0.108667 -0.021378
v 0.035794 0.108431 -0.021481
v 0.038551 0.097401 -0.026271
v 0.038688 0.095786 -0.026973
v 0.038693 0.095546 -0.027174
v 0.038696 0.095505 -0.027095
v 0.038750 0.093604 -0.027920
v 0.024603 0.063729 -0.041134
v 0.024584 0.063799 -0.041233
v 0.026041 0.064974 -0.040593
v 0.026022 0.065044 -0.040690
v 0.027418 0.066288 -0.040021
v 0.027396 0.066357 -0.040117
v 0.028727 0.067667 -0.039420
v 0.028703 0.067735 -0.039516
v 0.029967 0.069110 -0.038792
v 0.029941 0.069176 -0.038886
v 0.031135 0.070611 -0.038138
v 0.031107 0.070677 -0.038232
v 0.032227 0.072167 -0.037460
v 0.032198 0.072232 -0.037553
v 0.033242 0.073775 -0.036760
v 0.033210 0.073838 -0.036852
v 0.034176 0.075431 -0.036039
v 0.034143 0.075493 -0.036129
v 0.035027 0.077131 -0.035299
v 0.034992 0.077190 -0.035388
v 0.035794 0.078870 -0.034541
v 0.035758 0.078927 -0.034630
v 0.036475 0.080644 -0.033768
v 0.036438 0.080700 -0.033855
v 0.037068 0.082449 -0.032982
v 0.037029 0.082503 -0.033068
v 0.037571 0.084282 -0.032183
v 0.037530 0.084333 -0.032269
v 0.037984 0.086136 -0.031375
v 0.037942 0.086185 -0.031460
v 0.038306 0.088009 -0.030559
v 0.038263 0.088055 -0.030642
v 0.038535 0.089894 -0.029738
v 0.038490 0.089939 -0.029820
v 0.038671 0.091789 -0.028912
v 0.038625 0.091831 -0.028993
v 0.038714 0.093688 -0.028084
v 0.038668 0.093727 -0.028165
v 0.038665 0.095586 -0.027256
v 0.038618 0.095622 -0.027336
v 0.038521 0.097480 -0.026431
v 0.038474 0.097513 -0.026510
v 0.038286 0.099364 -0.025610
v 0.038238 0.099395 -0.025688
v 0.037958 0.101235 -0.024794
v 0.037910 0.101262 -0.024872
v 0.037540 0.103087 -0.023987
v 0.037491 0.103111 -0.024064
v 0.037030 0.104915 -0.023189
v 0.036982 0.104938 -0.023266
v 0.036432 0.106717 -0.022404
v 0.036383 0.106736 -0.022480
v 0.035746 0.108487 -0.021632
v 0.035698 0.108504 -0.021707
v 0.034974 0.110222 -0.020875
v 0.034927 0.110236 -0.020950
v 0.034118 0.111916 -0.020137
v 0.034072 0.111927 -0.020211
v 0.033180 0.113566 -0.019417
v 0.033135 0.113574 -0.019490
v 0.032162 0.115169 -0.018718
v 0.032118 0.115174 -0.018791
v 0.031068 0.116720 -0.018042
v 0.031024 0.116722 -0.018114
v 0.029898 0.118214 -0.017390
v 0.029856 0.118214 -0.017462
v 0.028657 0.119650 -0.016763
v 0.028616 0.119647 -0.016835
v 0.027347 0.121023 -0.016164
v 0.027308 0.121018 -0.016236
v 0.025971 0.122331 -0.015594
v 0.025934 0.122323 -0.015665
v 0.024532 0.123569 -0.015054
v 0.024497 0.123559 -0.015124
v 0.023035 0.124735 -0.014545
v 0.023002 0.124723 -0.014616
v 0.021483 0.125826 -0.014069
v 0.021452 0.125813 -0.014139
v 0.019879 0.126841 -0.013626
v 0.019849 0.126825 -0.013696
v 0.018227 0.127775 -0.013219
v 0.018200 0.127757 -0.013288
v 0.016531 0.128627 -0.012847
v 0.016507 0.128608 -0.012917
v 0.014796 0.129395 -0.012512
v 0.014774 0.129375 -0.012581
v 0.013025 0.130077 -0.012214
v 0.013006 0.130055 -0.012284
v 0.011223 0.130671 -0.011955
v 0.011206 0.130649 -0.012024
v 0.009394 0.131177 -0.011735
v 0.009380 0.131153 -0.011803
v 0.007542 0.131592 -0.011553
v 0.007531 0.131568 -0.011622
v 0.005673 0.131916 -0.011412
v 0.005664 0.131891 -0.011481
v 0.003789 0.132148 -0.011311
v 0.003784 0.132122 -0.011379
v 0.001897 0.132287 -0.011250
v 0.001894 0.132262 -0.011319
v -0.038653 0.090869 -0.024157
v -0.038657 0.091219 -0.024003
v 0.008282 0.055794 -0.039590
v 0.004622 0.055131 -0.039882
v 0.003572 0.055068 -0.039910
v 0.012867 0.057094 -0.039018
v 0.009179 0.055957 -0.039518
v 0.017259 0.058946 -0.038203
v 0.013604 0.057320 -0.038918
v 0.017835 0.059203 -0.038090
v 0.021390 0.061324 -0.037157
v 0.021812 0.061576 -0.037046
v 0.025200 0.064192 -0.035895
v 0.025477 0.064406 -0.035800
v 0.028628 0.067507 -0.034436
v 0.028778 0.067654 -0.034371
v 0.031624 0.071218 -0.032804
v 0.031668 0.071273 -0.032779
v 0.034135 0.075273 -0.031019
v 0.034106 0.075210 -0.031047
v 0.036056 0.079410 -0.029199
v 0.036122 0.079610 -0.029111
v 0.037492 0.083812 -0.027262
v 0.037561 0.084156 -0.027111
v 0.038393 0.088354 -0.025263
v 0.038430 0.088844 -0.025048
v 0.038744 0.092972 -0.023232
v 0.038717 0.093602 -0.022954
v 0.038543 0.097598 -0.021196
v 0.038418 0.098359 -0.020861
v 0.037792 0.102167 -0.019186
v 0.037537 0.103043 -0.018800
v 0.036500 0.106615 -0.017229
v 0.036088 0.107583 -0.016803
v 0.034687 0.110876 -0.015354
v 0.034093 0.111910 -0.014899
v 0.032379 0.114891 -0.013587
v 0.031582 0.115959 -0.013118
v 0.029609 0.118601 -0.011955
v 0.028593 0.119668 -0.011485
v 0.026415 0.121955 -0.010479
v 0.025171 0.122982 -0.010027
v 0.022845 0.124903 -0.009182
v 0.021369 0.125851 -0.008765
v 0.018948 0.127405 -0.008081
v 0.017243 0.128231 -0.007717
v 0.014781 0.129424 -0.007193
v 0.012856 0.130086 -0.006901
v 0.010402 0.130931 -0.006529
v 0.008275 0.131389 -0.006328
v 0.005875 0.131906 -0.006101
v 0.003569 0.132119 -0.006007
v -0.001191 0.132266 -0.005942
v 0.001264 0.132333 -0.005913
v -0.003365 0.132207 -0.005968
v -0.005934 0.131828 -0.006135
v -0.007946 0.131530 -0.006266
v -0.010587 0.130810 -0.006583
v -0.012414 0.130311 -0.006802
v -0.015079 0.129228 -0.007279
v -0.016704 0.128568 -0.007569
v -0.019344 0.127107 -0.008212
v -0.023317 0.124478 -0.009369
v -0.020755 0.126326 -0.008556
v -0.024511 0.123616 -0.009748
v -0.026937 0.121381 -0.010731
v -0.027916 0.120478 -0.011129
v -0.030149 0.117863 -0.012280
v -0.032905 0.113976 -0.013990
v -0.030923 0.116956 -0.012679
v -0.033487 0.113100 -0.014375
v -0.035164 0.109780 -0.015836
v -0.035574 0.108966 -0.016194
v -0.036890 0.105338 -0.017791
v -0.037153 0.104613 -0.018110
v -0.038058 0.100717 -0.019824
v -0.038201 0.100102 -0.020094
v -0.038650 0.095986 -0.021905
v -0.038704 0.095499 -0.022120
v -0.038078 0.086485 -0.026086
v -0.038051 0.086277 -0.026177
v -0.036922 0.081858 -0.028122
v -0.035199 0.077410 -0.030079
v -0.035232 0.077472 -0.030051
v -0.036905 0.081790 -0.028152
v -0.033056 0.073384 -0.031850
v -0.032936 0.073212 -0.031926
v -0.030175 0.069324 -0.033637
v -0.030408 0.069586 -0.033522
v -0.027326 0.066129 -0.035042
v -0.026958 0.065805 -0.035185
v -0.023333 0.062707 -0.036548
v -0.023853 0.063066 -0.036390
v -0.020040 0.060438 -0.037546
v -0.015088 0.057960 -0.038637
v -0.015941 0.058285 -0.038494
v -0.019357 0.060079 -0.037704
v -0.011613 0.056635 -0.039220
v -0.010593 0.056381 -0.039332
v -0.005937 0.055365 -0.039779
v -0.007121 0.055514 -0.039713
v -0.002526 0.054936 -0.039967
v -0.001193 0.054893 -0.039987
v 0.000000 0.054854 -0.040003
v 0.034093 0.111910 -0.014899
v 0.032379 0.114891 -0.013587
v 0.016015 0.128889 -0.012595
v 0.014814 0.129405 -0.012441
v 0.022334 0.063473 -0.042028
v 0.022334 0.063473 -0.042028
v 0.022334 0.063473 -0.042028
v 0.020829 0.062414 -0.042498
v 0.020829 0.062414 -0.042498
v 0.038717 0.093602 -0.022954
v 0.038543 0.097598 -0.021196
v 0.007024 0.130427 -0.012429
v 0.007312 0.130369 -0.012455
v 0.038744 0.092972 -0.023232
v 0.021975 0.123990 -0.015280
v 0.021975 0.123990 -0.015280
v 0.021975 0.123990 -0.015280
v 0.022331 0.123716 -0.015402
v 0.002163 0.131041 -0.012157
v 0.002163 0.131041 -0.012157
v 0.033732 0.077220 -0.035996
v 0.033732 0.077220 -0.035996
v 0.033732 0.077220 -0.035996
v 0.033898 0.077557 -0.035793
v 0.002354 0.131024 -0.012165
v 0.002354 0.131024 -0.012165
v 0.038430 0.088844 -0.025048
v 0.038418 0.098359 -0.020861
v -0.001233 0.054873 -0.044742
v 0.037537 0.103043 -0.018800
v 0.036500 0.106615 -0.017229
v 0.020825 0.124773 -0.014934
v -0.025332 0.064281 -0.040656
v 0.037492 0.083812 -0.027262
v 0.037561 0.084156 -0.027111
v -0.008835 0.131333 -0.011533
v 0.036122 0.079610 -0.029111
v 0.033214 0.113550 -0.019341
v 0.033777 0.112594 -0.019672
v 0.033070 0.075913 -0.036521
v 0.033070 0.075913 -0.036521
v 0.033070 0.075913 -0.036521
v 0.032162 0.074311 -0.037229
v 0.032162 0.074311 -0.037229
v 0.032162 0.074311 -0.037229
v 0.036088 0.107583 -0.016803
v 0.020195 0.125202 -0.014744
v 0.020195 0.125202 -0.014744
v 0.031441 0.116253 -0.018083
v 0.034135 0.075273 -0.031019
v 0.034106 0.075210 -0.031047
v 0.004323 0.130854 -0.012240
v 0.004323 0.130854 -0.012240
v 0.004323 0.130854 -0.012240
v 0.005500 0.130682 -0.012316
v -0.008580 0.057098 -0.044909
v -0.008580 0.057098 -0.044909
v -0.008580 0.057098 -0.044909
v -0.009109 0.057221 -0.044797
v -0.009109 0.057221 -0.044797
v -0.009109 0.057221 -0.044797
v 0.018299 0.126336 -0.014241
v 0.018299 0.126336 -0.014241
v 0.018299 0.126336 -0.014241
v 0.017670 0.126664 -0.014096
v -0.007314 0.056818 -0.044976
v -0.007314 0.056818 -0.044976
v -0.007314 0.056818 -0.044976
v 0.031668 0.071273 -0.032779
v 0.036056 0.079410 -0.029199
v -0.025179 0.065807 -0.040995
v 0.016344 0.127355 -0.013790
v 0.016344 0.127355 -0.013790
v 0.016344 0.127355 -0.013790
v 0.003674 0.130910 -0.012215
v 0.032648 0.114477 -0.018854
v -0.035574 0.108966 -0.016194
v -0.036890 0.105338 -0.017791
v 0.037792 0.102167 -0.019186
v -0.035164 0.109780 -0.015836
v -0.033487 0.113100 -0.014375
v -0.034155 0.078123 -0.035596
v -0.033898 0.077557 -0.035793
v -0.032011 0.074072 -0.037391
v -0.032011 0.074072 -0.037391
v -0.031178 0.072757 -0.037918
v -0.031178 0.072757 -0.037918
v -0.031178 0.072757 -0.037918
v -0.005679 0.131930 -0.011342
v -0.004401 0.132103 -0.011199
v -0.032905 0.113976 -0.013990
v -0.030923 0.116956 -0.012679
v 0.032727 0.075297 -0.036848
v 0.032727 0.075297 -0.036848
v 0.032727 0.075297 -0.036848
v -0.030854 0.072290 -0.038180
v -0.030854 0.072290 -0.038180
v -0.030854 0.072290 -0.038180
v -0.030117 0.071252 -0.038584
v -0.030117 0.071252 -0.038584
v -0.030117 0.071252 -0.038584
v 0.035297 0.106233 -0.023145
v 0.010882 0.057712 -0.044580
v 0.009109 0.057221 -0.044797
v 0.009109 0.057221 -0.044797
v 0.009109 0.057221 -0.044797
v 0.036781 0.086274 -0.031934
v 0.036781 0.086274 -0.031934
v 0.036781 0.086274 -0.031934
v 0.036377 0.084478 -0.032729
v -0.019273 0.125760 -0.014496
v -0.017725 0.126650 -0.014102
v -0.037100 0.099094 -0.026260
v -0.037100 0.099094 -0.026260
v -0.036785 0.100908 -0.025457
v -0.036785 0.100908 -0.025457
v -0.036785 0.100908 -0.025457
v -0.026937 0.121381 -0.010731
v -0.027916 0.120478 -0.011129
v -0.029502 0.070456 -0.038993
v -0.029502 0.070456 -0.038993
v -0.029502 0.070456 -0.038993
v -0.030149 0.117863 -0.012280
v -0.036092 0.083426 -0.033248
v -0.036092 0.083426 -0.033248
v -0.036092 0.083426 -0.033248
v -0.035886 0.082704 -0.033514
v -0.035886 0.082704 -0.033514
v -0.035886 0.082704 -0.033514
v -0.003794 0.132162 -0.011241
v -0.026000 0.122328 -0.015521
v -0.026000 0.122328 -0.015521
v -0.024561 0.123568 -0.014981
v -0.036377 0.084478 -0.032729
v -0.036377 0.084478 -0.032729
v -0.036377 0.084478 -0.032729
v -0.033886 0.077576 -0.035839
v -0.007552 0.131606 -0.011483
v 0.033887 0.109631 -0.021640
v 0.034155 0.109084 -0.021883
v -0.023243 0.123031 -0.015705
v -0.023243 0.123031 -0.015705
v -0.023243 0.123031 -0.015705
v -0.023780 0.122582 -0.015904
v -0.028984 0.069802 -0.039226
v -0.028984 0.069802 -0.039226
v -0.028984 0.069802 -0.039226
v -0.037324 0.097267 -0.027068
v -0.037324 0.097267 -0.027068
v -0.037324 0.097267 -0.027068
v 0.033130 0.111173 -0.020958
v -0.022328 0.123712 -0.015403
v -0.026454 0.121918 -0.015623
v 0.038393 0.088354 -0.025263
v -0.028045 0.068710 -0.039766
v -0.028045 0.068710 -0.039766
v -0.028045 0.068710 -0.039766
v -0.027782 0.068408 -0.039843
v -0.026965 0.121413 -0.015842
v 0.038696 0.091745 -0.028827
v 0.038645 0.090749 -0.029160
v -0.024912 0.121633 -0.016325
v -0.024912 0.121633 -0.016325
v -0.024912 0.121633 -0.016325
v -0.023894 0.122486 -0.015946
v 0.000000 0.055812 -0.045103
v 0.037083 0.099105 -0.026303
v 0.037011 0.099638 -0.026067
v 0.037011 0.099638 -0.026067
v 0.037011 0.099638 -0.026067
v 0.036361 0.102712 -0.024705
v 0.036612 0.101715 -0.025147
v 0.036612 0.101715 -0.025147
v 0.036612 0.101715 -0.025147
v 0.036521 0.085091 -0.032510
v 0.036521 0.085091 -0.032510
v 0.036521 0.085091 -0.032510
v 0.036305 0.084282 -0.032868
v -0.038653 0.090869 -0.024157
v -0.038657 0.091219 -0.024003
v 0.036308 0.102926 -0.024610
v 0.036092 0.103782 -0.024231
v 0.036092 0.103782 -0.024231
v 0.036092 0.103782 -0.024231
v -0.021501 0.124327 -0.015131
v -0.021501 0.124327 -0.015131
v -0.021501 0.124327 -0.015131
v 0.031178 0.072757 -0.037918
v 0.031178 0.072757 -0.037918
v 0.031178 0.072757 -0.037918
v 0.012867 0.057094 -0.039018
v 0.013604 0.057320 -0.038918
v 0.038402 0.088420 -0.030171
v 0.000000 0.120308 -0.055694
v 0.000000 0.120308 -0.055694
v 0.000000 0.119652 -0.055966
v -0.004816 0.126071 -0.051328
v -0.004828 0.126238 -0.051155
v -0.004828 0.126238 -0.051155
v -0.032162 0.074311 -0.037229
v 0.035872 0.104486 -0.023920
v 0.023785 0.064605 -0.041527
v 0.023785 0.064605 -0.041527
v 0.023785 0.064605 -0.041527
v 0.025179 0.065807 -0.040995
v 0.030117 0.071252 -0.038584
v 0.017259 0.058946 -0.038203
v 0.017835 0.059203 -0.038090
v -0.020824 0.124772 -0.014934
v -0.020087 0.125256 -0.014720
v -0.020087 0.125256 -0.014720
v -0.020087 0.125256 -0.014720
v -0.002526 0.054936 -0.039967
v -0.001193 0.054893 -0.039987
v 0.035457 0.105812 -0.023332
v 0.035457 0.105812 -0.023332
v 0.035457 0.105812 -0.023332
v 0.000000 0.054854 -0.040003
v 0.021501 0.062880 -0.042348
v 0.021501 0.062880 -0.042348
v 0.021501 0.062880 -0.042348
v 0.019638 0.061657 -0.042890
v 0.019275 0.061430 -0.042933
v -0.004846 0.126504 -0.050826
v -0.037083 0.088103 -0.031176
v -0.016038 0.127503 -0.013689
v 0.021812 0.061576 -0.037046
v 0.025200 0.064192 -0.035895
v 0.021390 0.061324 -0.037157
v -0.033732 0.109987 -0.021483
v -0.033732 0.109987 -0.021483
v -0.033732 0.109987 -0.021483
v -0.033059 0.111276 -0.020912
v -0.027418 0.066236 -0.039919
v -0.027056 0.065863 -0.039969
v 0.023244 0.064176 -0.041774
v 0.023244 0.064176 -0.041774
v 0.023244 0.064176 -0.041774
v -0.032855 0.111666 -0.020739
v 0.025477 0.064406 -0.035800
v -0.035807 0.078818 -0.034449
v -0.036765 0.086290 -0.031979
v -0.037011 0.087570 -0.031412
v -0.037011 0.087570 -0.031412
v -0.037011 0.087570 -0.031412
v -0.032727 0.111911 -0.020631
v -0.032727 0.111911 -0.020631
v -0.032727 0.111911 -0.020631
v -0.009115 0.129981 -0.012592
v -0.009115 0.129981 -0.012592
v -0.009115 0.129981 -0.012592
v -0.007318 0.130385 -0.012414
v -0.007318 0.130385 -0.012414
v -0.007318 0.130385 -0.012414
v 0.028778 0.067654 -0.034371
v 0.031624 0.071218 -0.032804
v -0.031166 0.114430 -0.019515
v -0.031618 0.113767 -0.019809
v -0.031618 0.113767 -0.019809
v -0.031618 0.113767 -0.019809
v -0.036612 0.085492 -0.032332
v -0.036612 0.085492 -0.032332
v -0.036612 0.085492 -0.032332
v 0.027782 0.068408 -0.039843
v -0.032150 0.112876 -0.020204
v -0.023797 0.122589 -0.015863
v -0.023797 0.122589 -0.015863
v -0.023797 0.122589 -0.015863
v -0.022346 0.123722 -0.015362
v -0.022346 0.123722 -0.015362
v -0.022346 0.123722 -0.015362
v -0.025191 0.121386 -0.016395
v -0.005504 0.130700 -0.012275
v -0.005504 0.130700 -0.012275
v -0.005504 0.130700 -0.012275
v 0.000000 0.120308 -0.055694
v 0.000000 0.120308 -0.055694
v -0.035297 0.080974 -0.034334
v -0.035457 0.081395 -0.034147
v -0.035457 0.081395 -0.034147
v -0.035457 0.081395 -0.034147
v -0.005501 0.056503 -0.045115
v -0.005501 0.056503 -0.045115
v -0.005501 0.056503 -0.045115
v -0.011613 0.056635 -0.039220
v -0.010593 0.056381 -0.039332
v -0.003675 0.056278 -0.045215
v -0.003675 0.056278 -0.045215
v -0.003675 0.056278 -0.045215
v -0.001839 0.056143 -0.045275
v -0.020840 0.124783 -0.014892
v -0.020840 0.124783 -0.014892
v -0.007121 0.055514 -0.039713
v -0.003676 0.130925 -0.012175
v -0.036361 0.084495 -0.032774
v -0.035872 0.082722 -0.033559
v -0.004863 0.126741 -0.050534
v -0.004896 0.127219 -0.049945
v -0.004896 0.127219 -0.049945
v -0.005937 0.055365 -0.039779
v -0.036763 0.100917 -0.025500
v -0.036963 0.099924 -0.025940
v -0.036963 0.099924 -0.025940
v -0.036963 0.099924 -0.025940
v -0.031108 0.073378 -0.049619
v -0.031830 0.074525 -0.049507
v -0.030113 0.115938 -0.018847
v 0.008835 0.055874 -0.044307
v 0.028628 0.067507 -0.034436
v -0.030320 0.115671 -0.018965
v -0.030175 0.069324 -0.033637
v -0.030408 0.069586 -0.033522
v -0.027326 0.066129 -0.035042
v -0.032936 0.073212 -0.031926
v -0.026958 0.065805 -0.035185
v -0.032173 0.112875 -0.020161
v -0.032173 0.112875 -0.020161
v -0.032173 0.112875 -0.020161
v -0.033080 0.111273 -0.020870
v -0.033080 0.111273 -0.020870
v -0.033080 0.111273 -0.020870
v -0.037079 0.099104 -0.026303
v 0.013041 0.130088 -0.012144
v 0.013990 0.129740 -0.012225
v -0.019903 0.126845 -0.013555
v -0.019225 0.127248 -0.013308
v -0.023333 0.062707 -0.036548
v -0.023853 0.063066 -0.036390
v 0.012318 0.058185 -0.044428
v -0.020040 0.060438 -0.037546
v -0.036362 0.102713 -0.024705
v -0.036521 0.102116 -0.024969
v -0.036521 0.102116 -0.024969
v -0.036521 0.102116 -0.024969
v 0.034519 0.075998 -0.035566
v -0.033056 0.073384 -0.031850
v -0.036305 0.102925 -0.024611
v 0.035038 0.077079 -0.035206
v -0.016552 0.128635 -0.012776
v -0.017246 0.128305 -0.012849
v -0.038051 0.086277 -0.026177
v -0.036922 0.081858 -0.028122
v -0.036905 0.081790 -0.028152
v -0.037267 0.097777 -0.026891
v -0.037267 0.097777 -0.026891
v -0.037193 0.098302 -0.026659
v -0.037193 0.098302 -0.026659
v -0.037193 0.098302 -0.026659
v -0.015941 0.058285 -0.038494
v -0.019357 0.060079 -0.037704
v -0.015088 0.057960 -0.038637
v -0.027778 0.118781 -0.017588
v -0.027505 0.119093 -0.017449
v -0.035232 0.077472 -0.030051
v 0.031618 0.073441 -0.037670
v 0.031618 0.073441 -0.037670
v 0.031618 0.073441 -0.037670
v -0.035199 0.077410 -0.030079
v -0.010889 0.129490 -0.012810
v -0.018249 0.127781 -0.013148
v -0.036382 0.102705 -0.024662
v 0.031170 0.114432 -0.019514
v 0.032011 0.113136 -0.020088
v 0.032011 0.113136 -0.020088
v -0.030337 0.115645 -0.018976
v -0.031188 0.114431 -0.019473
v -0.031188 0.114431 -0.019473
v -0.031188 0.114431 -0.019473
v 0.025332 0.122927 -0.015185
v 0.026000 0.122328 -0.015521
v 0.026000 0.122328 -0.015521
v 0.025209 0.123027 -0.015141
v 0.025209 0.123027 -0.015141
v 0.024561 0.123568 -0.014981
v 0.000000 0.121296 -0.055227
v 0.030337 0.071562 -0.038502
v -0.028728 0.067616 -0.039320
v 0.030854 0.114918 -0.019299
v 0.030854 0.114918 -0.019299
v 0.030854 0.114918 -0.019299
v 0.023616 0.124326 -0.014577
v 0.023063 0.124736 -0.014473
v 0.009179 0.055957 -0.039518
v 0.029502 0.116752 -0.018486
v 0.029502 0.116752 -0.018486
v 0.029502 0.116752 -0.018486
v 0.030106 0.115933 -0.018849
v 0.004622 0.055131 -0.039882
v 0.003572 0.055068 -0.039910
v -0.021975 0.063217 -0.042198
v -0.021975 0.063217 -0.042198
v -0.021975 0.063217 -0.042198
v -0.022334 0.063473 -0.042028
v 0.028975 0.117384 -0.018206
v 0.019273 0.061447 -0.042982
v -0.020829 0.062414 -0.042498
v -0.020829 0.062414 -0.042498
v -0.020829 0.062414 -0.042498
v -0.020829 0.062414 -0.042498
v 0.008282 0.055794 -0.039590
v 0.027778 0.118781 -0.017588
v 0.028045 0.118498 -0.017713
v 0.028045 0.118498 -0.017713
v 0.028045 0.118498 -0.017713
v 0.024912 0.065575 -0.041154
v 0.024912 0.065575 -0.041154
v 0.024912 0.065575 -0.041154
v -0.004916 0.126747 -0.050546
v -0.004916 0.126747 -0.050546
v -0.033907 0.109628 -0.021598
v -0.020092 0.061944 -0.042762
v -0.020092 0.061944 -0.042762
v -0.020092 0.061944 -0.042762
v -0.019275 0.061430 -0.042933
v -0.019275 0.061430 -0.042933
v -0.019275 0.061430 -0.042933
v -0.007023 0.130424 -0.012430
v -0.006023 0.130617 -0.012345
v -0.006023 0.130617 -0.012345
v -0.006023 0.130617 -0.012345
v 0.023716 0.122651 -0.015873
v 0.027505 0.068114 -0.040029
v 0.030325 0.115636 -0.018981
v 0.020087 0.061952 -0.042759
v 0.020087 0.061952 -0.042759
v -0.020195 0.062006 -0.042735
v -0.020195 0.062006 -0.042735
v 0.010881 0.057731 -0.044629
v 0.010255 0.057533 -0.044716
v 0.010255 0.057533 -0.044716
v 0.010255 0.057533 -0.044716
v -0.030128 0.115937 -0.018807
v 0.037100 0.099094 -0.026260
v -0.027793 0.118782 -0.017547
v 0.036785 0.100908 -0.025457
v 0.036785 0.100908 -0.025457
v 0.036785 0.100908 -0.025457
v 0.036383 0.102705 -0.024662
v 0.036383 0.102705 -0.024662
v 0.036383 0.102705 -0.024662
v -0.018299 0.060872 -0.043237
v -0.018299 0.060872 -0.043237
v -0.018299 0.060872 -0.043237
v -0.017673 0.060523 -0.043335
v -0.017673 0.060523 -0.043335
v -0.017673 0.060523 -0.043335
v -0.007312 0.130368 -0.012455
v 0.006023 0.056591 -0.045134
v 0.006023 0.056591 -0.045134
v 0.006023 0.056591 -0.045134
v 0.007024 0.056783 -0.045048
v 0.035315 0.106227 -0.023103
v 0.007312 0.056839 -0.045024
v 0.035892 0.104479 -0.023876
v 0.035892 0.104479 -0.023876
v 0.035892 0.104479 -0.023876
v 0.008160 0.057002 -0.044951
v 0.008160 0.057002 -0.044951
v 0.008160 0.057002 -0.044951
v 0.005500 0.056521 -0.045165
v -0.031301 0.073678 -0.049622
v 0.037459 0.095431 -0.027881
v -0.038693 0.095546 -0.027174
v -0.038645 0.096459 -0.026680
v -0.007312 0.056839 -0.045024
v -0.007024 0.056780 -0.045050
v 0.032233 0.072115 -0.037363
v -0.006469 0.056666 -0.045101
v -0.006469 0.056666 -0.045101
v -0.006469 0.056666 -0.045101
v 0.009107 0.057243 -0.044845
v -0.005499 0.056525 -0.045163
v -0.004323 0.056354 -0.045239
v -0.004323 0.056354 -0.045239
v -0.004323 0.056354 -0.045239
v -0.003674 0.056298 -0.045263
v 0.033907 0.109628 -0.021598
v 0.033907 0.109628 -0.021598
v -0.002354 0.056183 -0.045315
v -0.037097 0.088088 -0.031131
v -0.036781 0.086274 -0.031934
v -0.036781 0.086274 -0.031934
v -0.036781 0.086274 -0.031934
v -0.037441 0.095695 -0.027814
v 0.032173 0.112875 -0.020161
v -0.017669 0.060544 -0.043383
v -0.016344 0.059853 -0.043689
v -0.016344 0.059853 -0.043689
v -0.016344 0.059853 -0.043689
v -0.016029 0.059712 -0.043751
v 0.031188 0.114431 -0.019472
v 0.031188 0.114431 -0.019472
v 0.031188 0.114431 -0.019472
v 0.022328 0.063495 -0.042076
v 0.023780 0.064626 -0.041574
v -0.038551 0.097442 -0.026350
v 0.003868 0.056304 -0.045261
v 0.023894 0.064721 -0.041532
v 0.028996 0.117388 -0.018164
v 0.028996 0.117388 -0.018164
v 0.028996 0.117388 -0.018164
v 0.030128 0.115937 -0.018806
v 0.030128 0.115937 -0.018806
v 0.030128 0.115937 -0.018806
v 0.027793 0.118782 -0.017547
v -0.002163 0.056166 -0.045322
v 0.005501 0.056503 -0.045115
v 0.005501 0.056503 -0.045115
v 0.005501 0.056503 -0.045115
v 0.020824 0.062436 -0.042545
v 0.007314 0.056818 -0.044976
v 0.007314 0.056818 -0.044976
v 0.007314 0.056818 -0.044976
v -0.038078 0.086485 -0.026086
v -0.038704 0.095499 -0.022120
v 0.022346 0.123722 -0.015362
v 0.022346 0.123722 -0.015362
v -0.037309 0.097279 -0.027112
v -0.031169 0.072776 -0.037965
v 0.037572 0.103055 -0.023908
v -0.016029 0.059696 -0.043701
v 0.038195 0.100138 -0.025082
v 0.037990 0.101201 -0.024714
v -0.009108 0.057239 -0.044847
v -0.028031 0.120358 -0.016300
v -0.028689 0.119643 -0.016690
v 0.025191 0.121386 -0.016395
v -0.010675 0.057656 -0.044662
v 0.037770 0.102265 -0.024158
v -0.029931 0.118205 -0.017316
v -0.036307 0.084282 -0.032868
v 0.020092 0.125263 -0.014716
v 0.020092 0.125263 -0.014716
v 0.020092 0.125263 -0.014716
v 0.020840 0.124783 -0.014892
v 0.020840 0.124783 -0.014892
v 0.020840 0.124783 -0.014892
v 0.020840 0.124783 -0.014892
v 0.019285 0.125768 -0.014457
v 0.019285 0.125768 -0.014457
v 0.019285 0.125768 -0.014457
v -0.029511 0.118716 -0.017013
v -0.010255 0.129674 -0.012763
v -0.010255 0.129674 -0.012763
v -0.010255 0.129674 -0.012763
v 0.034152 0.111897 -0.020060
v 0.037079 0.088103 -0.031176
v 0.036963 0.087283 -0.031539
v 0.036963 0.087283 -0.031539
v 0.036963 0.087283 -0.031539
v -0.008160 0.130205 -0.012528
v -0.008160 0.130205 -0.012528
v -0.008160 0.130205 -0.012528
v 0.037267 0.089430 -0.030588
v 0.037267 0.089430 -0.030588
v 0.037193 0.088905 -0.030820
v 0.037193 0.088905 -0.030820
v 0.037193 0.088905 -0.030820
v 0.038502 0.097983 -0.026018
v 0.036763 0.086291 -0.031978
v -0.011583 0.129255 -0.012949
v -0.011583 0.129255 -0.012949
v -0.012637 0.128913 -0.013065
v 0.016039 0.127503 -0.013689
v 0.017683 0.126675 -0.014055
v 0.017683 0.126675 -0.014055
v 0.017683 0.126675 -0.014055
v -0.003868 0.130904 -0.012218
v -0.003868 0.130904 -0.012218
v 0.007318 0.130385 -0.012414
v 0.007318 0.130385 -0.012414
v 0.007318 0.130385 -0.012414
v 0.009115 0.129981 -0.012592
v 0.009115 0.129981 -0.012592
v 0.009115 0.129981 -0.012592
v -0.019638 0.125550 -0.014589
v -0.019638 0.125550 -0.014589
v -0.019285 0.125768 -0.014457
v -0.019285 0.125768 -0.014457
v -0.037769 0.084943 -0.031681
v 0.037442 0.091513 -0.029665
v 0.037309 0.089929 -0.030367
v 0.005504 0.130700 -0.012275
v 0.005504 0.130700 -0.012275
v 0.005504 0.130700 -0.012275
v -0.038328 0.087962 -0.030473
v -0.012318 0.129023 -0.013051
v -0.012318 0.129023 -0.013051
v 0.036765 0.100917 -0.025500
v -0.035308 0.080956 -0.034288
v 0.032151 0.074332 -0.037276
v -0.030106 0.071274 -0.038630
v -0.030324 0.071572 -0.038498
v -0.038195 0.087069 -0.030758
v 0.031166 0.072778 -0.037964
v 0.010889 0.129490 -0.012810
v -0.038005 0.086088 -0.031288
v -0.028975 0.069823 -0.039272
v -0.027778 0.068427 -0.039892
v 0.033059 0.075932 -0.036567
v 0.026415 0.121955 -0.010479
v 0.025171 0.122982 -0.010027
v 0.022845 0.124903 -0.009182
v 0.032855 0.075541 -0.036740
v 0.021369 0.125851 -0.008765
v -0.022331 0.063491 -0.042077
v 0.001841 0.131061 -0.012115
v -0.035530 0.109067 -0.021204
v 0.018948 0.127405 -0.008081
v 0.017243 0.128231 -0.007717
v -0.010881 0.129476 -0.012850
v -0.020825 0.062435 -0.042545
v -0.035008 0.110200 -0.020799
v 0.010402 0.130931 -0.006529
v 0.008275 0.131389 -0.006328
v 0.003677 0.130925 -0.012175
v 0.003677 0.130925 -0.012175
v 0.003677 0.130925 -0.012175
v -0.009107 0.129965 -0.012634
v -0.034152 0.111897 -0.020061
v 0.012856 0.130086 -0.006901
v -0.019269 0.061452 -0.042981
v 0.014781 0.129424 -0.007193
v -0.034519 0.111210 -0.020274
v 0.017246 0.058903 -0.042991
v 0.037097 0.088088 -0.031131
v 0.037097 0.088088 -0.031131
v -0.010587 0.130810 -0.006583
v -0.012414 0.130311 -0.006802
v -0.015079 0.129228 -0.007279
v -0.005934 0.131828 -0.006135
v -0.007946 0.131530 -0.006266
v 0.037322 0.089915 -0.030323
v 0.037322 0.089915 -0.030323
v 0.037322 0.089915 -0.030323
v -0.016704 0.128568 -0.007569
v -0.019344 0.127107 -0.008212
v 0.011237 0.130683 -0.011885
v 0.011939 0.130468 -0.011909
v 0.006469 0.130542 -0.012379
v 0.006469 0.130542 -0.012379
v 0.006469 0.130542 -0.012379
v 0.010675 0.129552 -0.012817
v 0.010675 0.129552 -0.012817
v -0.003365 0.132207 -0.005968
v -0.024511 0.123616 -0.009748
v -0.005500 0.130686 -0.012314
v 0.005875 0.131906 -0.006101
v 0.003569 0.132119 -0.006007
v 0.001264 0.132333 -0.005913
v -0.001191 0.132266 -0.005942
v -0.023317 0.124478 -0.009369
v -0.020755 0.126326 -0.008556
v 0.008580 0.130109 -0.012570
v 0.008580 0.130109 -0.012570
v 0.008580 0.130109 -0.012570
v 0.036362 0.084495 -0.032774
v -0.037153 0.104613 -0.018110
v 0.001899 0.132302 -0.011180
v -0.038058 0.100717 -0.019824
v -0.038201 0.100102 -0.020094
v 0.028593 0.119668 -0.011485
v 0.016029 0.127496 -0.013728
v -0.006586 0.131790 -0.011335
v 0.031582 0.115959 -0.013118
v 0.029609 0.118601 -0.011955
v 0.009108 0.129968 -0.012632
v -0.038650 0.095986 -0.021905
v 0.034687 0.110876 -0.015354
v 0.019269 0.125755 -0.014499
vn 0.0792 0.6258 -0.7760
vn 0.0792 0.6255 -0.7762
vn 0.0419 0.6200 -0.7835
vn -0.0079 0.8026 -0.5965
vn -0.0079 0.8025 -0.5966
vn -0.0002 0.7625 -0.6470
vn 0.2169 0.7812 -0.5854
vn 0.1550 0.7734 -0.6147
vn 0.0823 0.8019 -0.5917
vn 0.0823 0.7962 -0.5994
vn 0.0135 0.8031 -0.5957
vn 0.0307 0.7986 -0.6011
vn 0.0570 0.7617 -0.6454
vn -0.0300 0.7660 -0.6421
vn 0.0564 0.7995 -0.5980
vn -0.0205 0.7969 -0.6037
vn -0.0643 0.8005 -0.5959
vn -0.0625 0.8022 -0.5937
vn -0.0565 0.7615 -0.6457
vn -0.0364 0.7970 -0.6029
vn -0.0878 0.7717 -0.6298
vn -0.0896 0.7701 -0.6316
vn -0.0853 0.7955 -0.5999
vn -0.0971 0.7943 -0.5998
vn -0.0523 0.7175 -0.6946
vn -0.0941 0.7247 -0.6826
vn -0.0735 0.7400 -0.6686
vn -0.0474 0.6710 -0.7399
vn -0.0782 0.6381 -0.7659
vn -0.0880 0.6556 -0.7500
vn -0.0875 0.6941 -0.7145
vn -0.0881 0.7115 -0.6971
vn -0.0924 0.7130 -0.6950
vn -0.0819 0.6441 -0.7605
vn -0.0419 0.6205 -0.7831
vn -0.0802 0.6237 -0.7775
vn -0.0367 0.5672 -0.8228
vn -0.0826 0.5842 -0.8074
vn -0.0813 0.5986 -0.7969
vn -0.0310 0.5134 -0.8576
vn -0.0649 0.5192 -0.8522
vn -0.0593 0.5260 -0.8484
vn -0.0653 0.5426 -0.8375
vn -0.0703 0.5623 -0.8240
vn -0.0286 0.4655 -0.8846
vn -0.0650 0.4401 -0.8956
vn 0.0087 0.4660 -0.8848
vn 0.0274 0.5248 -0.8508
vn -0.0465 0.4740 -0.8793
vn -0.0635 0.5043 -0.8612
vn -0.0297 0.4220 -0.9061
vn -0.0389 0.4235 -0.9051
vn -0.0585 0.4267 -0.9025
vn -0.0010 0.4038 -0.9148
vn -0.0083 0.4121 -0.9111
vn 0.0002 0.4598 -0.8880
vn -0.0095 0.3884 -0.9214
vn -0.0159 0.4074 -0.9131
vn 0.0281 0.4248 -0.9049
vn 0.0238 0.4184 -0.9079
vn 0.0115 0.4020 -0.9155
vn 0.0054 0.4018 -0.9157
vn -0.0000 0.4057 -0.9140
vn -0.0000 0.9101 -0.4144
vn -0.0000 -0.0000 1.0000
vn 0.0644 0.5056 -0.8604
vn 0.0573 0.4914 -0.8690
vn 0.0298 0.5128 -0.8580
vn 0.0403 0.4618 -0.8860
vn 0.0269 0.5012 -0.8649
vn -0.0134 0.5118 -0.8590
vn 0.0287 0.4648 -0.8850
vn 0.0283 0.4314 -0.9017
vn 0.0439 0.4250 -0.9041
vn 0.0650 0.5242 -0.8491
vn 0.0369 0.5680 -0.8222
vn 0.0653 0.5464 -0.8350
vn 0.0804 0.6015 -0.7948
vn 0.0736 0.5698 -0.8185
vn 0.0660 0.5487 -0.8334
vn 0.0881 0.6436 -0.7602
vn 0.0474 0.6714 -0.7396
vn 0.0930 0.6731 -0.7337
vn 0.0871 0.6978 -0.7110
vn 0.0518 0.7172 -0.6949
vn 0.0885 0.6986 -0.7100
vn -0.0263 0.7641 -0.6446
vn 0.1019 0.7496 -0.6540
vn 0.1020 0.7332 -0.6724
vn -0.0000 0.7199 -0.6941
vn 0.0001 0.6721 -0.7405
vn 0.0001 0.6215 -0.7835
vn -0.0000 0.5684 -0.8227
vn -0.0000 0.5131 -0.8584
vn -0.8749 -0.3138 -0.3688
vn -0.8709 -0.3152 -0.3771
vn -0.8481 -0.3587 -0.3900
vn -0.1570 -0.0377 -0.9869
vn -0.1180 -0.0297 -0.9926
vn -0.1618 -0.0549 -0.9853
vn -0.3687 -0.2234 -0.9023
vn -0.3952 -0.2151 -0.8931
vn -0.3317 -0.2177 -0.9179
vn -0.2775 -0.1443 -0.9498
vn -0.2900 -0.1760 -0.9407
vn -0.2221 -0.1313 -0.9661
vn -0.1929 -0.1294 -0.9726
vn -0.1811 -0.0823 -0.9800
vn -0.2577 -0.1772 -0.9499
vn -0.2758 -0.2023 -0.9397
vn -0.0308 -0.0062 -0.9995
vn -0.0471 -0.0046 -0.9989
vn -0.1452 -0.0699 -0.9869
vn -0.0662 -0.0415 -0.9969
vn -0.0824 -0.0544 -0.9951
vn -0.1244 -0.0920 -0.9880
vn -0.1555 -0.0956 -0.9832
vn -0.0317 -0.0154 -0.9994
vn -0.0359 -0.0140 -0.9993
vn -0.1468 -0.0609 -0.9873
vn -0.0366 -0.0160 -0.9992
vn -0.0348 -0.0167 -0.9993
vn -0.0114 -0.0035 -0.9999
vn -0.0500 -0.0168 -0.9986
vn -0.0706 -0.0223 -0.9973
vn -0.0954 -0.0331 -0.9949
vn -0.0770 -0.0379 -0.9963
vn -0.3164 -0.0778 -0.9454
vn -0.2846 -0.0728 -0.9559
vn -0.2788 -0.0955 -0.9556
vn -0.2454 -0.0638 -0.9673
vn -0.2151 -0.0616 -0.9746
vn -0.1953 -0.0736 -0.9780
vn -0.1911 -0.1057 -0.9759
vn -0.3684 -0.1270 -0.9209
vn -0.3899 -0.1010 -0.9153
vn -0.3522 -0.0924 -0.9314
vn -0.4095 -0.1063 -0.9061
vn -0.4405 -0.1547 -0.8843
vn -0.4334 -0.1208 -0.8931
vn -0.4881 -0.1409 -0.8614
vn -0.4886 -0.1411 -0.8610
vn -0.5089 -0.1818 -0.8414
vn -0.4873 -0.1370 -0.8624
vn -0.4623 -0.1287 -0.8773
vn -0.6125 -0.1909 -0.7671
vn -0.5720 -0.1710 -0.8022
vn -0.5728 -0.2097 -0.7924
vn -0.5707 -0.1729 -0.8027
vn -0.5324 -0.1576 -0.8317
vn -0.6450 -0.2042 -0.7364
vn -0.6314 -0.2386 -0.7378
vn -0.6489 -0.2067 -0.7323
vn -0.6870 -0.2680 -0.6754
vn -0.6836 -0.2178 -0.6966
vn -0.7794 -0.2583 -0.5708
vn -0.7517 -0.2464 -0.6117
vn -0.7371 -0.2934 -0.6088
vn -0.7165 -0.2356 -0.6566
vn -0.7171 -0.2278 -0.6587
vn -0.7781 -0.2651 -0.5695
vn -0.7806 -0.3167 -0.5388
vn -0.7789 -0.2650 -0.5684
vn -0.8496 -0.3069 -0.4289
vn -0.8309 -0.2964 -0.4709
vn -0.8176 -0.3385 -0.4658
vn -0.8292 -0.2929 -0.4760
vn -0.8074 -0.2804 -0.5191
vn -0.8513 -0.4013 -0.3380
vn -0.8670 -0.3807 -0.3216
vn -0.8797 -0.3508 -0.3210
vn -0.8720 -0.3468 -0.3454
vn -0.8865 -0.3094 -0.3441
vn -0.8138 -0.5137 -0.2717
vn -0.7811 -0.4975 -0.3773
vn -0.8081 -0.5205 -0.2758
vn -0.8038 -0.5292 -0.2717
vn -0.8084 -0.4792 -0.3417
vn -0.8138 -0.4533 -0.3638
vn -0.8162 -0.4304 -0.3854
vn -0.8343 -0.4537 -0.3133
vn -0.8479 -0.4423 -0.2922
vn -0.7756 -0.5555 -0.2998
vn -0.7865 -0.5736 -0.2290
vn -0.7836 -0.5671 -0.2535
vn -0.7858 -0.5195 -0.3357
vn -0.7619 -0.5438 -0.3517
vn -0.7442 -0.5292 -0.4075
vn -0.7072 -0.4889 -0.5107
vn -0.7071 -0.4888 -0.5110
vn -0.7188 -0.4403 -0.5381
vn -0.7271 -0.5106 -0.4590
vn -0.7514 -0.4675 -0.4657
vn -0.7445 -0.5274 -0.4093
vn -0.7440 -0.5296 -0.4075
vn -0.6815 -0.4708 -0.5603
vn -0.6795 -0.4089 -0.6091
vn -0.6580 -0.4440 -0.6082
vn -0.6332 -0.3761 -0.6764
vn -0.6266 -0.4249 -0.6533
vn -0.6582 -0.4441 -0.6079
vn -0.5827 -0.3426 -0.7370
vn -0.6015 -0.3915 -0.6964
vn -0.6009 -0.3933 -0.6959
vn -0.5294 -0.3052 -0.7915
vn -0.5361 -0.3381 -0.7735
vn -0.5649 -0.3728 -0.7361
vn -0.4701 -0.2650 -0.8419
vn -0.4905 -0.3215 -0.8100
vn -0.5345 -0.3388 -0.7743
vn -0.3742 -0.2231 -0.9001
vn -0.4088 -0.2829 -0.8677
vn -0.4498 -0.2834 -0.8470
vn -0.7867 -0.4058 -0.4652
vn -0.7515 -0.3808 -0.5387
vn -0.7100 -0.3532 -0.6092
vn -0.6626 -0.3235 -0.6755
vn -0.6099 -0.2920 -0.7367
vn -0.5524 -0.2592 -0.7923
vn -0.4906 -0.2254 -0.8417
vn -0.4202 -0.1931 -0.8866
vn -0.3566 -0.1653 -0.9195
vn -0.2704 -0.1153 -0.9558
vn 0.2790 -0.1819 -0.9429
vn 0.2616 -0.1683 -0.9504
vn 0.2759 -0.1445 -0.9503
vn 0.0371 -0.0143 -0.9992
vn 0.0369 -0.0127 -0.9992
vn 0.1470 -0.0595 -0.9873
vn 0.8464 -0.3063 -0.4356
vn 0.8696 -0.3153 -0.3800
vn 0.8465 -0.3616 -0.3908
vn 0.8264 -0.4857 -0.2850
vn 0.8203 -0.4998 -0.2780
vn 0.7797 -0.4967 -0.3812
vn 0.8189 -0.5011 -0.2799
vn 0.7654 -0.5894 -0.2583
vn 0.7723 -0.5665 -0.2872
vn 0.7932 -0.5494 -0.2626
vn 0.7612 -0.5447 -0.3518
vn 0.7935 -0.5508 -0.2589
vn 0.8038 -0.5313 -0.2674
vn 0.8567 -0.3976 -0.3285
vn 0.8514 -0.4130 -0.3234
vn 0.8163 -0.4295 -0.3863
vn 0.8388 -0.4449 -0.3139
vn 0.8344 -0.4454 -0.3247
vn 0.8895 -0.3337 -0.3121
vn 0.8803 -0.3345 -0.3364
vn 0.8673 -0.3204 -0.3810
vn 0.8724 -0.3682 -0.3214
vn 0.8590 -0.3942 -0.3267
vn 0.8275 -0.2951 -0.4776
vn 0.8173 -0.3408 -0.4647
vn 0.8274 -0.2886 -0.4817
vn 0.8023 -0.2743 -0.5302
vn 0.7793 -0.3186 -0.5396
vn 0.7749 -0.2624 -0.5750
vn 0.7750 -0.2601 -0.5759
vn 0.7367 -0.2943 -0.6089
vn 0.7771 -0.2542 -0.5757
vn 0.6792 -0.2169 -0.7012
vn 0.7166 -0.2241 -0.6605
vn 0.6865 -0.2687 -0.6756
vn 0.7133 -0.2316 -0.6615
vn 0.7457 -0.2451 -0.6195
vn 0.6454 -0.2050 -0.7358
vn 0.6314 -0.2415 -0.7369
vn 0.6450 -0.1989 -0.7379
vn 0.6086 -0.1839 -0.7719
vn 0.5710 -0.2124 -0.7930
vn 0.5672 -0.1676 -0.8063
vn 0.4466 -0.1241 -0.8861
vn 0.4837 -0.1348 -0.8648
vn 0.4396 -0.1543 -0.8848
vn 0.5227 -0.1517 -0.8389
vn 0.5079 -0.1834 -0.8417
vn 0.5617 -0.1672 -0.8102
vn 0.5641 -0.1662 -0.8088
vn 0.3378 -0.0889 -0.9370
vn 0.3431 -0.0956 -0.9344
vn 0.3692 -0.1262 -0.9208
vn 0.3843 -0.0990 -0.9179
vn 0.4066 -0.1112 -0.9068
vn 0.3188 -0.0722 -0.9451
vn 0.2789 -0.0955 -0.9556
vn 0.2756 -0.0739 -0.9584
vn 0.1761 -0.0732 -0.9817
vn 0.2081 -0.0693 -0.9757
vn 0.2364 -0.0658 -0.9694
vn 0.2754 -0.0738 -0.9585
vn 0.0314 -0.0162 -0.9994
vn 0.0479 -0.0441 -0.9979
vn 0.1582 -0.0551 -0.9859
vn 0.0575 -0.0381 -0.9976
vn 0.0837 -0.0375 -0.9958
vn 0.1094 -0.0305 -0.9935
vn 0.1532 -0.0433 -0.9872
vn 0.1473 -0.0714 -0.9865
vn 0.1466 -0.0682 -0.9868
vn 0.0337 -0.0126 -0.9994
vn 0.0360 -0.0167 -0.9992
vn 0.1572 -0.0756 -0.9847
vn 0.1264 -0.0802 -0.9887
vn 0.1057 -0.0648 -0.9923
vn 0.0126 -0.0064 -0.9999
vn 0.0583 -0.0239 -0.9980
vn 0.0848 -0.0399 -0.9956
vn 0.2630 -0.1618 -0.9511
vn 0.2288 -0.1379 -0.9637
vn 0.1778 -0.0878 -0.9801
vn 0.3956 -0.2178 -0.8922
vn 0.3769 -0.2240 -0.8988
vn 0.3382 -0.2122 -0.9168
vn 0.3133 -0.1888 -0.9307
vn 0.4704 -0.2647 -0.8418
vn 0.4116 -0.2653 -0.8719
vn 0.3767 -0.2237 -0.8989
vn 0.5297 -0.3048 -0.7916
vn 0.4674 -0.3377 -0.8170
vn 0.4611 -0.2964 -0.8364
vn 0.5830 -0.3422 -0.7369
vn 0.5368 -0.3489 -0.7682
vn 0.5347 -0.3393 -0.7739
vn 0.6334 -0.3758 -0.6764
vn 0.6015 -0.3915 -0.6963
vn 0.5498 -0.3819 -0.7429
vn 0.6583 -0.4440 -0.6078
vn 0.6586 -0.4443 -0.6073
vn 0.6797 -0.4087 -0.6091
vn 0.6175 -0.4302 -0.6586
vn 0.5978 -0.4076 -0.6903
vn 0.6819 -0.4711 -0.5595
vn 0.7189 -0.4401 -0.5380
vn 0.7076 -0.4897 -0.5094
vn 0.7511 -0.4690 -0.4647
vn 0.7271 -0.5106 -0.4589
vn 0.7077 -0.4897 -0.5093
vn 0.7446 -0.5298 -0.4061
vn 0.7446 -0.5279 -0.4085
vn 0.7457 -0.5264 -0.4084
vn 0.7867 -0.4058 -0.4652
vn 0.7515 -0.3808 -0.5387
vn 0.7100 -0.3532 -0.6093
vn 0.6626 -0.3234 -0.6755
vn 0.6100 -0.2920 -0.7366
vn 0.5525 -0.2591 -0.7922
vn 0.4906 -0.2253 -0.8418
vn 0.4251 -0.1910 -0.8848
vn 0.3567 -0.1578 -0.9208
vn 0.2702 -0.1149 -0.9559
vn -0.0000 -0.0000 -1.0000
vn 0.0001 -0.0000 -1.0000
vn 0.0004 -0.0001 -1.0000
vn -0.0001 -0.0000 -1.0000
vn 0.0002 -0.0000 -1.0000
vn -0.0004 -0.0000 -1.0000
vn -0.0000 -0.0001 -1.0000
vn 0.0011 -0.0000 -1.0000
vn -0.0005 -0.0000 -1.0000
vn -0.0000 -0.0002 -1.0000
vn 0.0006 0.0018 -1.0000
vn -0.0002 -0.0000 -1.0000
vn -0.5475 0.0306 -0.8363
vn -0.5452 0.0579 -0.8363
vn -0.4570 0.0541 -0.8878
vn -0.5477 -0.0240 -0.8363
vn -0.5483 0.0033 -0.8363
vn -0.4599 0.0081 -0.8879
vn -0.4563 0.0317 -0.8892
vn 0.6242 -0.0973 -0.7752
vn 0.6185 -0.1285 -0.7752
vn 0.5378 -0.1056 -0.8364
vn 0.4279 0.4561 -0.7803
vn 0.4555 0.4349 -0.7767
vn 0.3909 0.3827 -0.8371
vn 0.3142 0.4475 -0.8373
vn 0.3538 0.4170 -0.8372
vn 0.2928 0.3541 -0.8882
vn 0.3791 0.2607 -0.8879
vn 0.3530 0.2948 -0.8879
vn 0.4249 0.3449 -0.8370
vn 0.1884 0.4181 -0.8886
vn 0.1512 0.4327 -0.8887
vn 0.1841 0.5153 -0.8370
vn -0.2763 0.6450 -0.7125
vn -0.2433 0.6634 -0.7076
vn -0.2148 0.5922 -0.7767
vn -0.1563 0.6843 -0.7122
vn -0.1278 0.6972 -0.7054
vn -0.1179 0.6169 -0.7781
vn -0.2167 0.6675 -0.7124
vn -0.1827 0.6825 -0.7077
vn -0.1614 0.6088 -0.7767
vn -0.3889 0.3819 -0.8384
vn -0.3520 0.4161 -0.8384
vn -0.2928 0.3541 -0.8882
vn -0.1136 0.4439 -0.8888
vn -0.1513 0.4327 -0.8887
vn -0.1842 0.5153 -0.8370
vn -0.3125 0.4464 -0.8385
vn -0.2703 0.4748 -0.8376
vn -0.2245 0.4002 -0.8885
vn -0.2594 0.3790 -0.8883
vn 0.0192 0.0097 -0.9998
vn 0.0182 0.0104 -0.9998
vn 0.0779 0.0402 -0.9961
vn 0.0154 0.0149 -0.9998
vn 0.0145 0.0152 -0.9998
vn 0.0636 0.0602 -0.9962
vn -0.0106 0.0185 -0.9998
vn -0.0111 0.0175 -0.9998
vn -0.0454 0.0746 -0.9962
vn -0.0166 0.0139 -0.9998
vn -0.0167 0.0126 -0.9998
vn -0.0692 0.0542 -0.9961
vn -0.0209 -0.0046 -0.9998
vn -0.0194 -0.0038 -0.9998
vn -0.0853 -0.0147 -0.9963
vn -0.5322 -0.1288 -0.8368
vn -0.6121 -0.1551 -0.7754
vn -0.8533 -0.2537 -0.4556
vn -0.7555 -0.5966 -0.2706
vn -0.7358 -0.5705 -0.3649
vn -0.7082 -0.5406 -0.4542
vn -0.6709 -0.5053 -0.5428
vn -0.6258 -0.4641 -0.6269
vn -0.5732 -0.4175 -0.7051
vn -0.1479 -0.0984 -0.9841
vn -0.0039 -0.0452 -0.9990
vn -0.0017 -0.0439 -0.9990
vn -0.0090 -0.1563 -0.9877
vn 0.0089 -0.0448 -0.9990
vn 0.0108 -0.0425 -0.9990
vn 0.0358 -0.1525 -0.9876
vn 0.0120 -0.0173 -0.9998
vn 0.0125 -0.0163 -0.9998
vn 0.0506 -0.0696 -0.9963
vn 0.1462 -0.0975 -0.9844
vn 0.2259 -0.1521 -0.9622
vn 0.2983 -0.2095 -0.9312
vn 0.5742 -0.4143 -0.7061
vn 0.7081 -0.5405 -0.4543
vn 0.7358 -0.5707 -0.3647
vn 0.8823 -0.3926 -0.2594
vn 0.8648 -0.4336 -0.2532
vn 0.6113 -0.1568 -0.7757
vn 0.0199 -0.0031 -0.9998
vn 0.3638 -0.9308 -0.0356
vn 0.3251 -0.9456 -0.0128
vn 0.3363 -0.9386 -0.0774
vn 0.1274 -0.9911 -0.0380
vn 0.0853 -0.9963 -0.0132
vn 0.0961 -0.9923 -0.0777
vn -0.6487 -0.7601 -0.0377
vn -0.6788 -0.7342 -0.0145
vn -0.6765 -0.7322 -0.0787
vn 0.9131 0.4074 -0.0182
vn 0.9166 0.3908 -0.0841
vn 0.8969 0.4340 -0.0844
vn 0.0051 0.7743 -0.6328
vn 0.1404 0.7660 -0.6273
vn -0.0385 0.8426 -0.5372
vn 0.0001 0.8431 -0.5378
vn -0.1187 0.8336 -0.5394
vn -0.0748 0.8399 -0.5375
vn 0.0360 0.8415 -0.5390
vn 0.0777 0.8400 -0.5370
vn 0.1179 0.8334 -0.5400
vn 0.1273 0.6965 -0.7062
vn 0.1180 0.6178 -0.7774
vn 0.1007 0.5363 -0.8380
vn -0.0615 0.5467 -0.8351
vn -0.0606 0.5640 -0.8235
vn 0.0092 0.4966 -0.8679
vn 0.0785 0.4490 -0.8901
vn -0.0000 0.9058 -0.4237
vn 0.0002 0.3488 -0.9372
vn 0.0337 0.3596 -0.9325
vn -0.0338 0.3596 -0.9325
vn -0.0788 0.4487 -0.8902
vn -0.1010 0.5369 -0.8376
vn 0.0285 0.4792 -0.8772
vn 0.2118 0.7648 -0.6085
vn 0.2117 0.7650 -0.6082
vn 0.2117 0.7651 -0.6082
vn 0.2130 0.7651 -0.6076
vn 0.9959 0.0893 -0.0144
vn 0.9979 0.0612 -0.0191
vn 0.9906 0.1081 -0.0840
vn 0.9948 0.0580 -0.0839
vn 0.9842 0.1559 -0.0843
vn 0.9892 0.1457 -0.0146
vn 0.9897 0.1416 -0.0218
vn 0.9920 0.1236 -0.0266
vn 0.9845 0.1743 -0.0183
vn 0.9750 0.2051 -0.0851
vn 0.9797 0.2000 -0.0129
vn 0.9735 0.2278 -0.0183
vn 0.9637 0.2529 -0.0854
vn 0.9670 0.2543 -0.0148
vn 0.9502 0.2995 -0.0855
vn 0.9595 0.2811 -0.0188
vn 0.9670 0.2544 -0.0157
vn 0.9346 0.3454 -0.0850
vn 0.9430 0.3324 -0.0177
vn 0.9517 0.3065 -0.0162
vn 0.9241 0.3816 -0.0200
vn 0.9338 0.3573 -0.0194
vn 0.9343 0.3561 -0.0153
vn 0.8741 0.4785 -0.0830
vn 0.9003 0.4348 -0.0175
vn 0.9127 0.4082 -0.0182
vn 0.8709 0.4908 -0.0248
vn 0.8877 0.4601 -0.0152
vn 0.8881 0.4594 -0.0140
vn 0.8600 0.5100 -0.0172
vn 0.8516 0.5178 -0.0820
vn 0.8428 0.5379 -0.0172
vn 0.8230 0.5616 -0.0850
vn 0.8279 0.5607 -0.0129
vn 0.8111 0.5847 -0.0181
vn 0.7945 0.6013 -0.0851
vn 0.7940 0.6077 -0.0159
vn 0.7330 0.6751 -0.0833
vn 0.7565 0.6538 -0.0164
vn 0.7644 0.6392 -0.0848
vn 0.7744 0.6324 -0.0180
vn 0.7929 0.6091 -0.0163
vn 0.7157 0.6981 -0.0221
vn 0.7362 0.6765 -0.0198
vn 0.7567 0.6536 -0.0169
vn 0.7170 0.6968 -0.0166
vn 0.7012 0.7082 -0.0824
vn 0.6945 0.7193 -0.0174
vn 0.6635 0.7434 -0.0845
vn 0.6743 0.7383 -0.0138
vn 0.6518 0.7581 -0.0180
vn 0.6259 0.7753 -0.0846
vn 0.6297 0.7767 -0.0146
vn 0.5870 0.8051 -0.0851
vn 0.6057 0.7955 -0.0183
vn 0.6293 0.7770 -0.0152
vn 0.5474 0.8325 -0.0850
vn 0.5567 0.8305 -0.0183
vn 0.5826 0.8126 -0.0153
vn 0.5084 0.8569 -0.0849
vn 0.5337 0.8455 -0.0190
vn 0.5327 0.8461 -0.0180
vn 0.4659 0.8808 -0.0848
vn 0.5080 0.8612 -0.0196
vn 0.5331 0.8458 -0.0194
vn 0.4294 0.9030 -0.0152
vn 0.4297 0.9029 -0.0147
vn 0.4219 0.9027 -0.0845
vn 0.4560 0.8898 -0.0186
vn 0.4826 0.8757 -0.0162
vn 0.4027 0.9152 -0.0181
vn 0.3766 0.9225 -0.0844
vn 0.3761 0.9265 -0.0148
vn 0.3476 0.9375 -0.0182
vn 0.3303 0.9401 -0.0845
vn 0.3208 0.9470 -0.0163
vn 0.3186 0.9477 -0.0199
vn 0.2855 0.9547 -0.0842
vn 0.2932 0.9558 -0.0209
vn 0.2647 0.9641 -0.0197
vn 0.2400 0.9671 -0.0849
vn 0.2636 0.9645 -0.0187
vn 0.2355 0.9717 -0.0196
vn 0.1928 0.9775 -0.0852
vn 0.2065 0.9783 -0.0168
vn 0.1197 0.9926 -0.0189
vn 0.1489 0.9887 -0.0157
vn 0.1447 0.9858 -0.0851
vn 0.1778 0.9839 -0.0192
vn 0.2063 0.9783 -0.0167
vn 0.0903 0.9958 -0.0158
vn 0.0961 0.9918 -0.0848
vn 0.0893 0.9957 -0.0226
vn 0.0477 0.9953 -0.0845
vn 0.0662 0.9976 -0.0226
vn -0.0490 0.9953 -0.0832
vn -0.0261 0.9995 -0.0192
vn -0.0005 0.9964 -0.0843
vn 0.0027 0.9998 -0.0194
vn 0.0318 0.9994 -0.0169
vn -0.0872 0.9959 -0.0242
vn -0.0589 0.9980 -0.0211
vn -0.0271 0.9995 -0.0177
vn -0.0860 0.9961 -0.0171
vn -0.0941 0.9921 -0.0828
vn -0.1175 0.9929 -0.0182
vn -0.1447 0.9858 -0.0847
vn -0.1484 0.9888 -0.0151
vn -0.1782 0.9838 -0.0186
vn -0.1930 0.9775 -0.0849
vn -0.2080 0.9780 -0.0163
vn -0.2860 0.9546 -0.0833
vn -0.2673 0.9634 -0.0193
vn -0.2399 0.9671 -0.0849
vn -0.2379 0.9711 -0.0192
vn -0.2083 0.9779 -0.0158
vn -0.3255 0.9452 -0.0238
vn -0.2985 0.9542 -0.0212
vn -0.2680 0.9633 -0.0180
vn -0.3239 0.9460 -0.0163
vn -0.3292 0.9407 -0.0826
vn -0.3543 0.9350 -0.0176
vn -0.3771 0.9223 -0.0840
vn -0.3830 0.9237 -0.0140
vn -0.4108 0.9116 -0.0182
vn -0.4226 0.9024 -0.0843
vn -0.4382 0.8987 -0.0157
vn -0.4663 0.8806 -0.0845
vn -0.4658 0.8847 -0.0180
vn -0.4388 0.8984 -0.0145
vn -0.5199 0.8540 -0.0213
vn -0.4927 0.8700 -0.0183
vn -0.5077 0.8574 -0.0836
vn -0.4927 0.8700 -0.0188
vn -0.5878 0.8045 -0.0845
vn -0.5695 0.8218 -0.0171
vn -0.5461 0.8336 -0.0833
vn -0.5437 0.8391 -0.0163
vn -0.5441 0.8387 -0.0243
vn -0.6433 0.7654 -0.0143
vn -0.6428 0.7659 -0.0155
vn -0.6271 0.7743 -0.0843
vn -0.6188 0.7853 -0.0183
vn -0.5950 0.8036 -0.0138
vn -0.6652 0.7464 -0.0178
vn -0.6644 0.7426 -0.0841
vn -0.6880 0.7255 -0.0179
vn -0.6992 0.7101 -0.0833
vn -0.6879 0.7255 -0.0177
vn -0.7318 0.6763 -0.0839
vn -0.7291 0.6842 -0.0181
vn -0.7098 0.7041 -0.0203
vn -0.7649 0.6387 -0.0839
vn -0.7502 0.6611 -0.0153
vn -0.7313 0.6819 -0.0125
vn -0.8095 0.5869 -0.0147
vn -0.8093 0.5872 -0.0155
vn -0.7959 0.5996 -0.0841
vn -0.7901 0.6126 -0.0184
vn -0.7711 0.6366 -0.0129
vn -0.8270 0.5618 -0.0189
vn -0.8243 0.5598 -0.0848
vn -0.8442 0.5357 -0.0183
vn -0.8489 0.5216 -0.0849
vn -0.8441 0.5359 -0.0171
vn -0.8598 0.5103 -0.0187
vn -0.8735 0.4794 -0.0841
vn -0.8762 0.4817 -0.0141
vn -0.8966 0.4348 -0.0834
vn -0.8900 0.4557 -0.0156
vn -0.8768 0.4807 -0.0117
vn -0.9290 0.3698 -0.0137
vn -0.9285 0.3709 -0.0153
vn -0.9173 0.3893 -0.0839
vn -0.9166 0.3993 -0.0178
vn -0.9046 0.4261 -0.0123
vn -0.9386 0.3446 -0.0175
vn -0.9354 0.3434 -0.0841
vn -0.9484 0.3167 -0.0187
vn -0.9504 0.2992 -0.0849
vn -0.9489 0.3152 -0.0188
vn -0.9569 0.2897 -0.0189
vn -0.9637 0.2531 -0.0854
vn -0.9646 0.2630 -0.0173
vn -0.9749 0.2057 -0.0852
vn -0.9717 0.2356 -0.0167
vn -0.9650 0.2617 -0.0153
vn -0.9888 0.1487 -0.0129
vn -0.9884 0.1515 -0.0144
vn -0.9843 0.1555 -0.0840
vn -0.9834 0.1805 -0.0178
vn -0.9783 0.2067 -0.0129
vn -0.9947 0.0586 -0.0840
vn -0.9975 0.0685 -0.0168
vn -0.9905 0.1107 -0.0812
vn -0.9949 0.0993 -0.0163
vn -0.9925 0.1188 -0.0290
vn -0.9957 -0.0372 -0.0844
vn -0.9998 -0.0108 -0.0185
vn -0.9963 0.0095 -0.0856
vn -0.9996 0.0218 -0.0204
vn -0.9992 0.0385 -0.0147
vn -0.9926 -0.0882 -0.0837
vn -0.9983 -0.0563 -0.0171
vn -0.9995 -0.0278 -0.0128
vn -0.9875 -0.1348 -0.0812
vn -0.9903 -0.1387 -0.0098
vn -0.9894 -0.1423 -0.0305
vn -0.9927 -0.1176 -0.0264
vn -0.9962 -0.0859 -0.0137
vn -0.9675 -0.2524 -0.0133
vn -0.9678 -0.2512 -0.0151
vn -0.9688 -0.2328 -0.0846
vn -0.9745 -0.2233 -0.0198
vn -0.9800 -0.1818 -0.0813
vn -0.9813 -0.1916 -0.0170
vn -0.9845 -0.1733 -0.0284
vn -0.9612 -0.2752 -0.0183
vn -0.9562 -0.2803 -0.0848
vn -0.9527 -0.3034 -0.0161
vn -0.9447 -0.3273 -0.0194
vn -0.9412 -0.3271 -0.0846
vn -0.9355 -0.3529 -0.0173
vn -0.9344 -0.3557 -0.0180
vn -0.9240 -0.3732 -0.0838
vn -0.9264 -0.3763 -0.0165
vn -0.9149 -0.4034 -0.0146
vn -0.9046 -0.4181 -0.0836
vn -0.9144 -0.4047 -0.0145
vn -0.8737 -0.4861 -0.0181
vn -0.8840 -0.4604 -0.0813
vn -0.8623 -0.5063 -0.0114
vn -0.8605 -0.5031 -0.0799
vn -0.8422 -0.5380 -0.0351
vn -0.8871 -0.4616 -0.0080
vn -0.8902 -0.4554 -0.0144
vn -0.9021 -0.4311 -0.0188
vn -0.8325 -0.5537 -0.0180
vn -0.8352 -0.5442 -0.0794
vn -0.8131 -0.5817 -0.0208
vn -0.8046 -0.5878 -0.0837
vn -0.7956 -0.6057 -0.0140
vn -0.7381 -0.6744 -0.0198
vn -0.7582 -0.6518 -0.0168
vn -0.7437 -0.6633 -0.0835
vn -0.7584 -0.6515 -0.0184
vn -0.7747 -0.6267 -0.0845
vn -0.7785 -0.6273 -0.0176
vn -0.7940 -0.6078 -0.0117
vn -0.7118 -0.6978 -0.0800
vn -0.6939 -0.7196 -0.0264
vn -0.7193 -0.6946 -0.0105
vn -0.7180 -0.6957 -0.0225
vn -0.6366 -0.7710 -0.0177
vn -0.6392 -0.7650 -0.0790
vn -0.6300 -0.7766 -0.0102
vn -0.6097 -0.7924 -0.0202
vn -0.5971 -0.7978 -0.0832
vn -0.5835 -0.8120 -0.0134
vn -0.5605 -0.8279 -0.0205
vn -0.5572 -0.8260 -0.0851
vn -0.5347 -0.8448 -0.0201
vn -0.5180 -0.8513 -0.0839
vn -0.4770 -0.8752 -0.0802
vn -0.4851 -0.8744 -0.0120
vn -0.5098 -0.8601 -0.0174
vn -0.5329 -0.8460 -0.0136
vn -0.5350 -0.8446 -0.0188
vn -0.3845 -0.9197 -0.0800
vn -0.3761 -0.9265 -0.0095
vn -0.4062 -0.9136 -0.0192
vn -0.4346 -0.8973 -0.0772
vn -0.4298 -0.9029 -0.0078
vn -0.4352 -0.9002 -0.0131
vn -0.4538 -0.8906 -0.0283
vn -0.3511 -0.9361 -0.0196
vn -0.3367 -0.9380 -0.0821
vn -0.3214 -0.9469 -0.0128
vn -0.3193 -0.9475 -0.0183
vn -0.2919 -0.9527 -0.0844
vn -0.2963 -0.9548 -0.0217
vn -0.2658 -0.9638 -0.0193
vn -0.2456 -0.9657 -0.0838
vn -0.2646 -0.9642 -0.0159
vn -0.1722 -0.9845 -0.0326
vn -0.2071 -0.9782 -0.0112
vn -0.1996 -0.9766 -0.0801
vn -0.2096 -0.9777 -0.0135
vn -0.2332 -0.9721 -0.0235
vn -0.1536 -0.9880 -0.0128
vn -0.1524 -0.9853 -0.0777
vn -0.1209 -0.9924 -0.0220
vn -0.0977 -0.9919 -0.0808
vn -0.0905 -0.9958 -0.0098
vn -0.0878 -0.9958 -0.0259
vn -0.0474 -0.9955 -0.0822
vn -0.0701 -0.9972 -0.0278
vn 0.0621 -0.9978 -0.0236
vn 0.0275 -0.9995 -0.0155
vn 0.0489 -0.9954 -0.0822
vn 0.0264 -0.9995 -0.0186
vn 0.0012 -0.9964 -0.0843
vn -0.0023 -0.9998 -0.0196
vn -0.0320 -0.9994 -0.0128
vn 0.0874 -0.9958 -0.0289
vn 0.1436 -0.9895 -0.0139
vn 0.1444 -0.9866 -0.0762
vn 0.1793 -0.9836 -0.0218
vn 0.1994 -0.9765 -0.0821
vn 0.2085 -0.9780 -0.0110
vn 0.3037 -0.9525 -0.0233
vn 0.2691 -0.9630 -0.0177
vn 0.2914 -0.9530 -0.0827
vn 0.2676 -0.9634 -0.0180
vn 0.2467 -0.9653 -0.0852
vn 0.2403 -0.9705 -0.0206
vn 0.2081 -0.9780 -0.0123
vn 0.3263 -0.9449 -0.0279
vn 0.3799 -0.9249 -0.0132
vn 0.3818 -0.9212 -0.0751
vn 0.4123 -0.9108 -0.0210
vn 0.4330 -0.8977 -0.0810
vn 0.4395 -0.8982 -0.0113
vn 0.5249 -0.8509 -0.0230
vn 0.4948 -0.8688 -0.0174
vn 0.5163 -0.8523 -0.0835
vn 0.4947 -0.8689 -0.0175
vn 0.4768 -0.8749 -0.0844
vn 0.4681 -0.8835 -0.0198
vn 0.4394 -0.8982 -0.0113
vn 0.5433 -0.8393 -0.0184
vn 0.5581 -0.8258 -0.0811
vn 0.5464 -0.8374 -0.0117
vn 0.6404 -0.7637 -0.0809
vn 0.6221 -0.7828 -0.0177
vn 0.5957 -0.7995 -0.0774
vn 0.5920 -0.8058 -0.0122
vn 0.5799 -0.8140 -0.0323
vn 0.6749 -0.7333 -0.0828
vn 0.6466 -0.7627 -0.0141
vn 0.6431 -0.7657 -0.0092
vn 0.7133 -0.7005 -0.0213
vn 0.6901 -0.7235 -0.0172
vn 0.7095 -0.6998 -0.0829
vn 0.6903 -0.7234 -0.0162
vn 0.6661 -0.7455 -0.0216
vn 0.7329 -0.6802 -0.0125
vn 0.7433 -0.6641 -0.0810
vn 0.7313 -0.6821 0.0029
vn 0.8077 -0.5839 -0.0816
vn 0.7914 -0.6110 -0.0188
vn 0.7735 -0.6291 -0.0775
vn 0.7702 -0.6378 -0.0102
vn 0.7547 -0.6559 -0.0183
vn 0.8335 -0.5460 -0.0839
vn 0.8131 -0.5819 -0.0169
vn 0.8111 -0.5848 -0.0131
vn 0.8651 -0.5013 -0.0190
vn 0.8459 -0.5331 -0.0164
vn 0.8588 -0.5055 -0.0831
vn 0.8457 -0.5334 -0.0159
vn 0.8287 -0.5592 -0.0213
vn 0.8747 -0.4845 -0.0132
vn 0.8826 -0.4633 -0.0805
vn 0.8774 -0.4795 -0.0124
vn 0.9292 -0.3693 -0.0120
vn 0.9296 -0.3683 -0.0093
vn 0.9250 -0.3706 -0.0833
vn 0.9183 -0.3956 -0.0159
vn 0.9036 -0.4214 -0.0777
vn 0.9038 -0.4278 -0.0122
vn 0.8961 -0.4428 -0.0317
vn 0.9405 -0.3393 -0.0181
vn 0.9421 -0.3247 -0.0843
vn 0.9495 -0.3134 -0.0171
vn 0.9561 -0.2804 -0.0847
vn 0.9503 -0.3108 -0.0197
vn 0.9590 -0.2829 -0.0175
vn 0.9687 -0.2335 -0.0848
vn 0.9652 -0.2609 -0.0147
vn 0.9853 -0.1687 -0.0261
vn 0.9789 -0.2040 -0.0138
vn 0.9794 -0.1838 -0.0835
vn 0.9729 -0.2303 -0.0196
vn 0.9657 -0.2592 -0.0167
vn 0.9884 -0.1514 -0.0130
vn 0.9869 -0.1395 -0.0810
vn 0.9898 -0.1408 -0.0238
vn 0.9927 -0.0872 -0.0838
vn 0.9919 -0.1233 -0.0301
vn 0.9957 -0.0374 -0.0843
vn 0.9979 -0.0628 -0.0175
vn 0.9957 -0.0916 -0.0133
vn 0.9994 0.0314 -0.0161
vn 0.9998 0.0117 -0.0164
vn 0.9962 0.0114 -0.0859
vn 0.9998 -0.0162 -0.0149
vn 0.9993 -0.0351 -0.0117
vn 0.0219 0.0009 -0.9998
vn 0.0876 0.0067 -0.9961
vn 0.0217 -0.0002 -0.9998
vn 0.0878 -0.0023 -0.9961
vn 0.0218 -0.0018 -0.9998
vn 0.0870 -0.0114 -0.9961
vn 0.0204 -0.0026 -0.9998
vn 0.0219 -0.0040 -0.9998
vn 0.0853 -0.0151 -0.9962
vn 0.0206 -0.0039 -0.9998
vn 0.1681 -0.0385 -0.9850
vn 0.2681 -0.0539 -0.9619
vn 0.1771 -0.0249 -0.9839
vn 0.3564 -0.0799 -0.9309
vn 0.4469 -0.1037 -0.8885
vn 0.5334 -0.1306 -0.8357
vn 0.6852 -0.1838 -0.7048
vn 0.7494 -0.2106 -0.6278
vn 0.8530 -0.2544 -0.4557
vn 0.8048 -0.2333 -0.5458
vn 0.8902 -0.2748 -0.3634
vn 0.9019 -0.3417 -0.2641
vn 0.9171 -0.2958 -0.2675
vn 0.8419 -0.4699 -0.2653
vn 0.8290 -0.5307 -0.1766
vn 0.8033 -0.5689 -0.1763
vn 0.7703 -0.6134 -0.1744
vn 0.6710 -0.5051 -0.5428
vn 0.6261 -0.4619 -0.6282
vn 0.5207 -0.3618 -0.7732
vn 0.3765 -0.2558 -0.8904
vn 0.0715 -0.0477 -0.9963
vn 0.0122 -0.0073 -0.9999
vn 0.0160 -0.0112 -0.9998
vn 0.0176 -0.0117 -0.9998
vn 0.0707 -0.0496 -0.9963
vn 0.0165 -0.0120 -0.9998
vn 0.0678 -0.0534 -0.9963
vn 0.0166 -0.0120 -0.9998
vn 0.0646 -0.0567 -0.9963
vn 0.0156 -0.0131 -0.9998
vn 0.0166 -0.0130 -0.9998
vn 0.0579 -0.0637 -0.9963
vn 0.0145 -0.0151 -0.9998
vn 0.0614 -0.0601 -0.9963
vn 0.0148 -0.0141 -0.9998
vn 0.0158 -0.0148 -0.9998
vn 0.0129 -0.0160 -0.9998
vn 0.0139 -0.0159 -0.9998
vn 0.0545 -0.0667 -0.9963
vn 0.0138 -0.0159 -0.9998
vn 0.0135 -0.0151 -0.9998
vn 0.0129 -0.0166 -0.9998
vn 0.0113 -0.0168 -0.9998
vn 0.0466 -0.0719 -0.9963
vn 0.0109 -0.0179 -0.9998
vn 0.0424 -0.0746 -0.9963
vn 0.0100 -0.0177 -0.9998
vn 0.0097 -0.0185 -0.9998
vn 0.0348 -0.0783 -0.9963
vn 0.0087 -0.0182 -0.9998
vn 0.0117 -0.0389 -0.9992
vn 0.0588 -0.1485 -0.9872
vn 0.0161 -0.0408 -0.9990
vn 0.0526 -0.1478 -0.9876
vn 0.0162 -0.0409 -0.9990
vn 0.0442 -0.1503 -0.9876
vn 0.0119 -0.0436 -0.9990
vn 0.0134 -0.0417 -0.9990
vn 0.0150 -0.0424 -0.9990
vn 0.0078 -0.0433 -0.9990
vn 0.0273 -0.1545 -0.9876
vn 0.0060 -0.0444 -0.9990
vn 0.0181 -0.1561 -0.9876
vn 0.0044 -0.0435 -0.9990
vn 0.0029 -0.0449 -0.9990
vn 0.0091 -0.1566 -0.9876
vn 0.0013 -0.0440 -0.9990
vn -0.0000 -0.1567 -0.9876
vn 0.0013 -0.0439 -0.9990
vn -0.0005 -0.0452 -0.9990
vn -0.0047 -0.0436 -0.9990
vn -0.0180 -0.1559 -0.9876
vn -0.0067 -0.0443 -0.9990
vn -0.0272 -0.1548 -0.9876
vn -0.0080 -0.0429 -0.9990
vn -0.0098 -0.0438 -0.9990
vn -0.0359 -0.1530 -0.9876
vn -0.0110 -0.0424 -0.9990
vn -0.0128 -0.0431 -0.9990
vn -0.0443 -0.1506 -0.9876
vn -0.0139 -0.0417 -0.9990
vn -0.0528 -0.1479 -0.9876
vn -0.0139 -0.0416 -0.9990
vn -0.0589 -0.1478 -0.9873
vn -0.0165 -0.0407 -0.9990
vn -0.0159 -0.0423 -0.9990
vn -0.0426 -0.0748 -0.9963
vn -0.0100 -0.0186 -0.9998
vn -0.0341 -0.0787 -0.9963
vn -0.0089 -0.0181 -0.9998
vn -0.0104 -0.0371 -0.9993
vn -0.0112 -0.0176 -0.9998
vn -0.0109 -0.0179 -0.9998
vn -0.0468 -0.0725 -0.9963
vn -0.0108 -0.0180 -0.9998
vn -0.0102 -0.0177 -0.9998
vn -0.0508 -0.0697 -0.9963
vn -0.0120 -0.0173 -0.9998
vn -0.0113 -0.0171 -0.9998
vn -0.0547 -0.0670 -0.9963
vn -0.0129 -0.0165 -0.9998
vn -0.0121 -0.0163 -0.9998
vn -0.0131 -0.0158 -0.9998
vn -0.0130 -0.0160 -0.9998
vn -0.0157 -0.0145 -0.9998
vn -0.0143 -0.0146 -0.9998
vn -0.0616 -0.0605 -0.9963
vn -0.0144 -0.0148 -0.9998
vn -0.0583 -0.0639 -0.9963
vn -0.0143 -0.0156 -0.9998
vn -0.0136 -0.0159 -0.9998
vn -0.0153 -0.0136 -0.9998
vn -0.0646 -0.0571 -0.9963
vn -0.0163 -0.0134 -0.9998
vn -0.0681 -0.0535 -0.9962
vn -0.0162 -0.0124 -0.9998
vn -0.0172 -0.0123 -0.9998
vn -0.0711 -0.0495 -0.9962
vn -0.0172 -0.0113 -0.9998
vn -0.0707 -0.0463 -0.9964
vn -0.0179 -0.0115 -0.9998
vn -0.0176 -0.0117 -0.9998
vn -0.2250 -0.1458 -0.9634
vn -0.3031 -0.2023 -0.9312
vn -0.3788 -0.2524 -0.8904
vn -0.5139 -0.3661 -0.7758
vn -0.7702 -0.6140 -0.1724
vn -0.8012 -0.5732 -0.1718
vn -0.8277 -0.5321 -0.1783
vn -0.8534 -0.4909 -0.1753
vn -0.8292 -0.4670 -0.3071
vn -0.8648 -0.4258 -0.2663
vn -0.8842 -0.3898 -0.2575
vn -0.9009 -0.3461 -0.2620
vn -0.9163 -0.2965 -0.2692
vn -0.8902 -0.2787 -0.3605
vn -0.8062 -0.2315 -0.5445
vn -0.7497 -0.2076 -0.6284
vn -0.6854 -0.1825 -0.7049
vn -0.4490 -0.1013 -0.8878
vn -0.3599 -0.0770 -0.9298
vn -0.1806 -0.0620 -0.9816
vn -0.1772 -0.0249 -0.9839
vn -0.0214 -0.0035 -0.9998
vn -0.0875 -0.0114 -0.9961
vn -0.0206 -0.0025 -0.9998
vn -0.0211 -0.0005 -0.9998
vn -0.0214 -0.0009 -0.9998
vn -0.0883 -0.0022 -0.9961
vn -0.0218 -0.0013 -0.9998
vn -0.0207 -0.0011 -0.9998
vn -0.0215 -0.0014 -0.9998
vn -0.0219 -0.0018 -0.9998
vn -0.0880 0.0068 -0.9961
vn -0.0208 0.0022 -0.9998
vn -0.0217 0.0013 -0.9998
vn -0.0218 0.0003 -0.9998
vn -0.0216 0.0029 -0.9998
vn -0.0869 0.0158 -0.9961
vn -0.0208 0.0039 -0.9998
vn -0.0849 0.0243 -0.9961
vn -0.0200 0.0064 -0.9998
vn -0.0209 0.0058 -0.9998
vn -0.0211 0.0049 -0.9998
vn -0.0205 0.0073 -0.9998
vn -0.0822 0.0327 -0.9961
vn -0.0194 0.0077 -0.9998
vn -0.0785 0.0403 -0.9961
vn -0.0183 0.0103 -0.9998
vn -0.0193 0.0099 -0.9998
vn -0.0200 0.0090 -0.9998
vn -0.0185 0.0112 -0.9998
vn -0.0741 0.0478 -0.9961
vn -0.0173 0.0115 -0.9998
vn -0.0178 0.0131 -0.9998
vn -0.0157 0.0148 -0.9998
vn -0.0639 0.0605 -0.9961
vn -0.0146 0.0150 -0.9998
vn -0.0145 0.0159 -0.9998
vn -0.0581 0.0659 -0.9961
vn -0.0133 0.0159 -0.9998
vn -0.0132 0.0168 -0.9998
vn -0.0518 0.0707 -0.9962
vn -0.0121 0.0167 -0.9998
vn -0.0119 0.0180 -0.9998
vn -0.0095 0.0191 -0.9998
vn -0.0389 0.0781 -0.9962
vn -0.0086 0.0190 -0.9998
vn -0.0081 0.0196 -0.9998
vn -0.0323 0.0809 -0.9962
vn -0.0070 0.0193 -0.9998
vn -0.0065 0.0201 -0.9998
vn -0.0256 0.0829 -0.9962
vn -0.0055 0.0197 -0.9998
vn -0.0050 0.0205 -0.9998
vn -0.0190 0.0845 -0.9962
vn -0.0041 0.0200 -0.9998
vn -0.0034 0.0208 -0.9998
vn -0.0125 0.0855 -0.9963
vn -0.0026 0.0203 -0.9998
vn -0.0019 0.0210 -0.9998
vn -0.0062 0.0861 -0.9963
vn -0.0011 0.0204 -0.9998
vn -0.0005 0.0210 -0.9998
vn -0.0000 0.0862 -0.9963
vn 0.0002 0.0204 -0.9998
vn 0.0009 0.0209 -0.9998
vn 0.0062 0.0860 -0.9963
vn 0.0015 0.0203 -0.9998
vn 0.0022 0.0209 -0.9998
vn 0.0126 0.0854 -0.9963
vn 0.0028 0.0202 -0.9998
vn 0.0255 0.0826 -0.9963
vn 0.0064 0.0195 -0.9998
vn 0.0059 0.0202 -0.9998
vn 0.0189 0.0842 -0.9963
vn 0.0047 0.0204 -0.9998
vn 0.0042 0.0210 -0.9998
vn 0.0038 0.0209 -0.9998
vn 0.0074 0.0198 -0.9998
vn 0.0322 0.0805 -0.9962
vn 0.0079 0.0189 -0.9998
vn 0.0089 0.0193 -0.9998
vn 0.0387 0.0778 -0.9962
vn 0.0093 0.0183 -0.9998
vn 0.0102 0.0185 -0.9998
vn 0.0453 0.0743 -0.9962
vn 0.0106 0.0175 -0.9998
vn 0.0515 0.0702 -0.9962
vn 0.0118 0.0170 -0.9998
vn 0.0123 0.0180 -0.9998
vn 0.0577 0.0655 -0.9962
vn 0.0145 0.0159 -0.9998
vn 0.0133 0.0162 -0.9998
vn 0.0135 0.0170 -0.9998
vn 0.0164 0.0139 -0.9998
vn 0.0690 0.0541 -0.9962
vn 0.0163 0.0127 -0.9998
vn 0.0736 0.0474 -0.9962
vn 0.0188 0.0111 -0.9998
vn 0.0173 0.0119 -0.9998
vn 0.0184 0.0127 -0.9998
vn 0.0198 0.0086 -0.9998
vn 0.0818 0.0324 -0.9961
vn 0.0194 0.0075 -0.9998
vn 0.0205 0.0071 -0.9998
vn 0.0845 0.0242 -0.9961
vn 0.0198 0.0060 -0.9998
vn 0.0206 0.0019 -0.9998
vn 0.0215 0.0028 -0.9998
vn 0.0864 0.0157 -0.9961
vn 0.0210 0.0043 -0.9998
vn 0.0212 0.0053 -0.9998
vn -0.4512 0.0771 -0.8891
vn -0.5417 0.0848 -0.8362
vn -0.4470 0.1025 -0.8886
vn -0.4191 0.1825 -0.8894
vn -0.4348 0.1414 -0.8894
vn -0.5127 0.1877 -0.8378
vn -0.5372 0.1111 -0.8361
vn -0.5284 0.1374 -0.8378
vn -0.5238 0.1628 -0.8361
vn -0.3996 0.2219 -0.8894
vn -0.4676 0.2823 -0.8376
vn -0.3772 0.2614 -0.8885
vn -0.4520 0.3079 -0.8372
vn -0.3530 0.2949 -0.8879
vn -0.4228 0.3444 -0.8382
vn -0.3241 0.3260 -0.8881
vn -0.5056 0.2124 -0.8362
vn -0.4924 0.2362 -0.8377
vn -0.4829 0.2601 -0.8362
vn -0.1385 0.5292 -0.8371
vn -0.1885 0.4181 -0.8886
vn -0.2290 0.4972 -0.8369
vn -0.4944 0.3933 -0.7751
vn -0.4735 0.4149 -0.7770
vn -0.5101 0.3689 -0.7770
vn -0.5293 0.3451 -0.7751
vn -0.4127 0.4778 -0.7755
vn -0.4327 0.4571 -0.7771
vn -0.4555 0.4375 -0.7753
vn -0.3885 0.4952 -0.7771
vn -0.2669 0.5708 -0.7765
vn -0.3124 0.5487 -0.7754
vn -0.3416 0.5286 -0.7771
vn -0.3668 0.5137 -0.7756
vn -0.3025 0.6387 -0.7075
vn 0.0589 0.3610 -0.9307
vn 0.0885 0.3551 -0.9306
vn 0.1182 0.3466 -0.9305
vn 0.1475 0.3355 -0.9304
vn 0.1761 0.3218 -0.9303
vn 0.1135 0.4439 -0.8889
vn 0.2038 0.3052 -0.9302
vn 0.2244 0.4002 -0.8885
vn 0.2290 0.4972 -0.8369
vn 0.2151 0.5904 -0.7779
vn 0.2791 0.2395 -0.9299
vn 0.2558 0.2640 -0.9300
vn 0.3241 0.3260 -0.8881
vn 0.4016 0.2222 -0.8885
vn 0.4210 0.1826 -0.8885
vn 0.3356 0.1519 -0.9297
vn 0.3004 0.2126 -0.9298
vn 0.3193 0.1833 -0.9297
vn 0.4462 0.1015 -0.8891
vn 0.4368 0.1411 -0.8884
vn 0.5225 0.1607 -0.8374
vn 0.5046 0.2102 -0.8374
vn 0.5079 0.1887 -0.8405
vn 0.4517 0.3066 -0.8378
vn 0.4631 0.2824 -0.8401
vn 0.4820 0.2578 -0.8374
vn 0.4876 0.2367 -0.8404
vn 0.3486 0.1189 -0.9297
vn 0.3587 0.0843 -0.9296
vn 0.3640 0.0473 -0.9302
vn 0.1384 0.5292 -0.8371
vn 0.1619 0.6071 -0.7780
vn 0.2672 0.5690 -0.7777
vn 0.3143 0.5442 -0.7779
vn 0.2724 0.4751 -0.8367
vn 0.2594 0.3790 -0.8883
vn 0.2306 0.2860 -0.9301
vn 0.1542 0.6891 -0.7081
vn 0.1854 0.6832 -0.7063
vn 0.2150 0.6726 -0.7081
vn 0.2462 0.6638 -0.7062
vn 0.3374 0.5268 -0.7801
vn 0.3672 0.5113 -0.7770
vn 0.3839 0.4937 -0.7803
vn 0.4130 0.4753 -0.7769
vn 0.4684 0.4143 -0.7804
vn 0.4942 0.3907 -0.7766
vn 0.2132 0.7651 -0.6075
vn 0.2132 0.7651 -0.6076
vn 0.2118 0.7650 -0.6082
vn -0.7685 0.4320 -0.4720
vn -0.1311 0.7724 -0.6215
vn -0.1401 0.7659 -0.6276
vn -0.1726 0.7584 -0.6285
vn -0.2067 0.7498 -0.6285
vn -0.2406 0.7397 -0.6285
vn -0.2743 0.7279 -0.6285
vn -0.3074 0.7146 -0.6284
vn -0.3399 0.6997 -0.6284
vn -0.3578 0.7400 -0.5696
vn -0.1515 0.8250 -0.5445
vn -0.1888 0.8173 -0.5445
vn -0.2260 0.8078 -0.5444
vn -0.2629 0.7965 -0.5445
vn -0.2996 0.7834 -0.5445
vn -0.3357 0.7687 -0.5444
vn -0.3709 0.7524 -0.5444
vn 0.1515 0.8250 -0.5445
vn 0.1726 0.7584 -0.6285
vn 0.1889 0.8173 -0.5444
vn 0.2067 0.7499 -0.6285
vn 0.2260 0.8078 -0.5444
vn 0.2406 0.7397 -0.6285
vn 0.2629 0.7966 -0.5444
vn 0.2742 0.7279 -0.6284
vn 0.2751 0.6503 -0.7081
vn -0.3983 0.7962 -0.4555
vn -0.3605 0.8139 -0.4556
vn -0.3219 0.8300 -0.4555
vn -0.2826 0.8442 -0.4554
vn -0.2430 0.8564 -0.4555
vn -0.2031 0.8667 -0.4555
vn -0.1630 0.8752 -0.4555
vn -0.1226 0.8817 -0.4555
vn -0.0820 0.8865 -0.4555
vn -0.0412 0.8892 -0.4556
vn -0.0000 0.8902 -0.4556
vn 0.0412 0.8893 -0.4556
vn 0.0820 0.8865 -0.4555
vn 0.1226 0.8817 -0.4555
vn 0.1630 0.8752 -0.4555
vn 0.2031 0.8668 -0.4555
vn 0.2429 0.8564 -0.4555
vn -0.4215 0.8309 -0.3633
vn -0.3816 0.8500 -0.3632
vn -0.3408 0.8672 -0.3632
vn -0.2994 0.8823 -0.3633
vn -0.2575 0.8954 -0.3632
vn -0.2153 0.9065 -0.3632
vn -0.1729 0.9155 -0.3632
vn -0.1300 0.9226 -0.3632
vn -0.0871 0.9276 -0.3633
vn -0.0437 0.9306 -0.3633
vn -0.0000 0.9317 -0.3633
vn 0.0437 0.9307 -0.3633
vn 0.0870 0.9276 -0.3633
vn 0.1301 0.9226 -0.3632
vn 0.1729 0.9155 -0.3632
vn 0.2153 0.9065 -0.3632
vn -0.4402 0.8566 -0.2693
vn -0.3988 0.8766 -0.2692
vn -0.3564 0.8946 -0.2694
vn -0.3131 0.9107 -0.2693
vn -0.2694 0.9246 -0.2692
vn -0.2253 0.9363 -0.2693
vn -0.1809 0.9459 -0.2692
vn -0.1363 0.9534 -0.2692
vn -0.0913 0.9587 -0.2693
vn -0.0458 0.9620 -0.2692
vn -0.0000 0.9631 -0.2692
vn 0.0458 0.9620 -0.2692
vn 0.0912 0.9587 -0.2693
vn 0.1363 0.9534 -0.2692
vn 0.1810 0.9459 -0.2692
vn -0.4549 0.8731 -0.1751
vn -0.4123 0.8940 -0.1752
vn -0.3685 0.9130 -0.1752
vn -0.3239 0.9298 -0.1751
vn -0.2788 0.9443 -0.1751
vn -0.2332 0.9565 -0.1751
vn -0.1873 0.9666 -0.1751
vn -0.1412 0.9744 -0.1752
vn -0.0944 0.9800 -0.1751
vn -0.0474 0.9834 -0.1751
vn -0.0000 0.9846 -0.1751
vn 0.0474 0.9834 -0.1751
vn 0.0945 0.9800 -0.1751
vn 0.1412 0.9744 -0.1751
vn 0.7587 -0.1739 -0.6278
vn 0.6926 -0.1515 -0.7052
vn 0.7664 -0.1360 -0.6277
vn 0.6993 -0.1167 -0.7052
vn 0.7723 -0.0979 -0.6277
vn 0.7042 -0.0818 -0.7053
vn 0.7762 -0.0595 -0.6277
vn 0.7074 -0.0468 -0.7053
vn 0.7781 -0.0211 -0.6277
vn 0.7088 -0.0117 -0.7053
vn 0.7783 0.0174 -0.6277
vn 0.7086 0.0234 -0.7052
vn 0.7764 0.0560 -0.6277
vn 0.7067 0.0585 -0.7051
vn 0.7728 0.0942 -0.6276
vn 0.7028 0.0935 -0.7052
vn 0.7672 0.1321 -0.6276
vn 0.6974 0.1279 -0.7051
vn 0.7599 0.1692 -0.6276
vn 0.6903 0.1617 -0.7052
vn 0.7508 0.2058 -0.6277
vn 0.6817 0.1948 -0.7052
vn 0.7400 0.2418 -0.6277
vn 0.6716 0.2275 -0.7052
vn 0.7274 0.2772 -0.6277
vn 0.6597 0.2596 -0.7052
vn 0.7132 0.3120 -0.6277
vn 0.6465 0.2910 -0.7053
vn 0.6972 0.3462 -0.6277
vn 0.6315 0.3221 -0.7053
vn 0.6796 0.3795 -0.6278
vn 0.6153 0.3520 -0.7053
vn 0.6607 0.4115 -0.6278
vn 0.5978 0.3809 -0.7053
vn 0.6404 0.4424 -0.6278
vn 0.5790 0.4089 -0.7054
vn 0.6186 0.4722 -0.6279
vn 0.5591 0.4356 -0.7055
vn 0.5957 0.5008 -0.6279
vn 0.5381 0.4612 -0.7055
vn 0.5714 0.5283 -0.6280
vn 0.5158 0.4859 -0.7056
vn 0.5459 0.5546 -0.6280
vn 0.4924 0.5095 -0.7056
vn 0.5189 0.5798 -0.6281
vn 0.4679 0.5321 -0.7057
vn 0.4912 0.6035 -0.6281
vn 0.4426 0.5532 -0.7057
vn 0.4624 0.6258 -0.6281
vn 0.4164 0.5731 -0.7058
vn 0.4330 0.6465 -0.6282
vn 0.3897 0.5916 -0.7058
vn 0.4027 0.6657 -0.6283
vn 0.3623 0.6087 -0.7059
vn 0.3716 0.6835 -0.6283
vn 0.3329 0.6228 -0.7080
vn 0.3398 0.6998 -0.6283
vn 0.3054 0.6388 -0.7061
vn 0.3075 0.7146 -0.6283
vn 0.8160 -0.1954 -0.5440
vn 0.8247 -0.1548 -0.5439
vn 0.8314 -0.1139 -0.5439
vn 0.8360 -0.0727 -0.5438
vn 0.8386 -0.0314 -0.5439
vn 0.8391 0.0100 -0.5439
vn 0.8375 0.0516 -0.5439
vn 0.8340 0.0929 -0.5438
vn 0.8284 0.1337 -0.5439
vn 0.8209 0.1739 -0.5439
vn 0.8116 0.2134 -0.5438
vn 0.8004 0.2523 -0.5438
vn 0.7872 0.2908 -0.5439
vn 0.7722 0.3285 -0.5439
vn 0.7553 0.3656 -0.5439
vn 0.7367 0.4018 -0.5439
vn 0.7166 0.4367 -0.5439
vn 0.6949 0.4704 -0.5439
vn 0.6717 0.5029 -0.5440
vn 0.6472 0.5341 -0.5440
vn 0.6211 0.5641 -0.5441
vn 0.5937 0.5928 -0.5441
vn 0.5648 0.6204 -0.5442
vn 0.5347 0.6465 -0.5442
vn 0.5037 0.6709 -0.5442
vn 0.4719 0.6937 -0.5442
vn 0.4392 0.7148 -0.5442
vn 0.4055 0.7344 -0.5443
vn 0.3709 0.7524 -0.5443
vn 0.3357 0.7687 -0.5444
vn 0.2996 0.7835 -0.5444
vn 0.8638 -0.2158 -0.4552
vn 0.8735 -0.1727 -0.4552
vn 0.8810 -0.1295 -0.4551
vn 0.8863 -0.0861 -0.4550
vn 0.8894 -0.0424 -0.4551
vn 0.8904 0.0016 -0.4552
vn 0.8892 0.0457 -0.4551
vn 0.8859 0.0896 -0.4552
vn 0.8805 0.1328 -0.4551
vn 0.8729 0.1756 -0.4552
vn 0.8633 0.2178 -0.4552
vn 0.8518 0.2592 -0.4552
vn 0.8384 0.3001 -0.4550
vn 0.8227 0.3405 -0.4552
vn 0.8052 0.3801 -0.4552
vn 0.7858 0.4189 -0.4551
vn 0.7647 0.4562 -0.4551
vn 0.7420 0.4923 -0.4551
vn 0.7176 0.5271 -0.4551
vn 0.6917 0.5606 -0.4552
vn 0.6643 0.5929 -0.4553
vn 0.6352 0.6239 -0.4553
vn 0.6046 0.6536 -0.4553
vn 0.5726 0.6817 -0.4553
vn 0.5397 0.7081 -0.4553
vn 0.5058 0.7327 -0.4554
vn 0.4710 0.7556 -0.4553
vn 0.4351 0.7768 -0.4553
vn 0.3983 0.7962 -0.4554
vn 0.3605 0.8140 -0.4555
vn 0.3219 0.8300 -0.4554
vn 0.2826 0.8442 -0.4555
vn 0.9018 -0.2345 -0.3630
vn 0.9123 -0.1897 -0.3630
vn 0.9205 -0.1445 -0.3631
vn 0.9265 -0.0992 -0.3631
vn 0.9302 -0.0537 -0.3630
vn 0.9317 -0.0078 -0.3630
vn 0.9310 0.0384 -0.3630
vn 0.9280 0.0844 -0.3630
vn 0.9227 0.1297 -0.3630
vn 0.9153 0.1745 -0.3630
vn 0.9058 0.2188 -0.3630
vn 0.8940 0.2625 -0.3631
vn 0.8803 0.3055 -0.3631
vn 0.8644 0.3479 -0.3631
vn 0.8464 0.3897 -0.3630
vn 0.8264 0.4305 -0.3631
vn 0.8046 0.4699 -0.3631
vn 0.7811 0.5081 -0.3630
vn 0.7558 0.5450 -0.3630
vn 0.7289 0.5804 -0.3630
vn 0.7004 0.6146 -0.3630
vn 0.6700 0.6475 -0.3631
vn 0.6381 0.6790 -0.3630
vn 0.6047 0.7089 -0.3631
vn 0.5701 0.7370 -0.3631
vn 0.5345 0.7632 -0.3631
vn 0.4978 0.7876 -0.3632
vn 0.4601 0.8101 -0.3632
vn 0.4215 0.8309 -0.3632
vn 0.3816 0.8500 -0.3631
vn 0.3408 0.8672 -0.3632
vn 0.2994 0.8823 -0.3632
vn 0.2575 0.8954 -0.3632
vn -0.6045 -0.4898 -0.6282
vn -0.5540 -0.4417 -0.7057
vn -0.5785 -0.5203 -0.6282
vn -0.5302 -0.4698 -0.7058
vn -0.5506 -0.5496 -0.6283
vn -0.5049 -0.4968 -0.7059
vn -0.5215 -0.5772 -0.6283
vn -0.4783 -0.5223 -0.7060
vn -0.4911 -0.6033 -0.6284
vn -0.4506 -0.5463 -0.7060
vn -0.4595 -0.6277 -0.6284
vn -0.4216 -0.5689 -0.7061
vn -0.4264 -0.6505 -0.6285
vn -0.3915 -0.5901 -0.7060
vn -0.3921 -0.6717 -0.6286
vn -0.3601 -0.6097 -0.7061
vn -0.3564 -0.6913 -0.6286
vn -0.3274 -0.6277 -0.7062
vn -0.3195 -0.7091 -0.6285
vn -0.2936 -0.6443 -0.7062
vn -0.2816 -0.7250 -0.6285
vn -0.2588 -0.6589 -0.7063
vn -0.2429 -0.7387 -0.6287
vn -0.2233 -0.6717 -0.7064
vn -0.2038 -0.7505 -0.6287
vn -0.1874 -0.6826 -0.7064
vn -0.1642 -0.7601 -0.6287
vn -0.1509 -0.6915 -0.7064
vn -0.1239 -0.7677 -0.6288
vn -0.1140 -0.6985 -0.7064
vn -0.0832 -0.7731 -0.6288
vn -0.0766 -0.7037 -0.7064
vn -0.0418 -0.7765 -0.6288
vn -0.0385 -0.7067 -0.7064
vn -0.0000 -0.7777 -0.6286
vn -0.0000 -0.7078 -0.7064
vn 0.0418 -0.7765 -0.6288
vn 0.0386 -0.7067 -0.7065
vn 0.0832 -0.7731 -0.6288
vn 0.0765 -0.7037 -0.7064
vn 0.1239 -0.7676 -0.6288
vn 0.1140 -0.6986 -0.7064
vn 0.1641 -0.7602 -0.6287
vn 0.1509 -0.6915 -0.7064
vn 0.2038 -0.7505 -0.6287
vn 0.1874 -0.6826 -0.7064
vn 0.2430 -0.7388 -0.6287
vn 0.2233 -0.6717 -0.7064
vn 0.2816 -0.7250 -0.6285
vn 0.2588 -0.6589 -0.7063
vn 0.3195 -0.7091 -0.6285
vn 0.2936 -0.6443 -0.7062
vn 0.3564 -0.6913 -0.6286
vn 0.3274 -0.6278 -0.7062
vn 0.3920 -0.6717 -0.6286
vn 0.3601 -0.6097 -0.7061
vn 0.4264 -0.6506 -0.6284
vn 0.3915 -0.5902 -0.7060
vn 0.4594 -0.6278 -0.6284
vn 0.4217 -0.5689 -0.7061
vn 0.4911 -0.6033 -0.6284
vn 0.4506 -0.5464 -0.7060
vn 0.5215 -0.5773 -0.6283
vn 0.4783 -0.5223 -0.7060
vn 0.5507 -0.5495 -0.6283
vn 0.5049 -0.4969 -0.7058
vn 0.5785 -0.5204 -0.6282
vn 0.5302 -0.4699 -0.7057
vn 0.6046 -0.4898 -0.6281
vn 0.5540 -0.4417 -0.7057
vn -0.3716 0.6835 -0.6283
vn -0.3336 0.6171 -0.7126
vn -0.4027 0.6656 -0.6283
vn -0.3593 0.6087 -0.7074
vn -0.4330 0.6464 -0.6282
vn -0.3897 0.5916 -0.7058
vn -0.4624 0.6257 -0.6282
vn -0.4164 0.5731 -0.7058
vn -0.4911 0.6034 -0.6282
vn -0.4426 0.5532 -0.7057
vn -0.5190 0.5796 -0.6282
vn -0.4679 0.5320 -0.7057
vn -0.5458 0.5547 -0.6281
vn -0.4924 0.5095 -0.7056
vn -0.5714 0.5283 -0.6280
vn -0.5158 0.4859 -0.7056
vn -0.5957 0.5008 -0.6280
vn -0.5380 0.4612 -0.7056
vn -0.6186 0.4722 -0.6280
vn -0.5591 0.4356 -0.7055
vn -0.6403 0.4424 -0.6279
vn -0.5790 0.4089 -0.7054
vn -0.6607 0.4116 -0.6278
vn -0.5978 0.3809 -0.7054
vn -0.6796 0.3794 -0.6278
vn -0.6153 0.3520 -0.7054
vn -0.6972 0.3462 -0.6278
vn -0.6315 0.3220 -0.7053
vn -0.7131 0.3121 -0.6277
vn -0.6464 0.2910 -0.7053
vn -0.7273 0.2772 -0.6278
vn -0.6597 0.2596 -0.7053
vn -0.7399 0.2419 -0.6277
vn -0.6715 0.2275 -0.7052
vn -0.7508 0.2058 -0.6277
vn -0.6817 0.1948 -0.7053
vn -0.7598 0.1692 -0.6277
vn -0.6903 0.1617 -0.7052
vn -0.7672 0.1321 -0.6277
vn -0.6974 0.1279 -0.7051
vn -0.7727 0.0943 -0.6277
vn -0.7028 0.0934 -0.7052
vn -0.7764 0.0559 -0.6278
vn -0.7066 0.0586 -0.7052
vn -0.7783 0.0175 -0.6277
vn -0.7086 0.0234 -0.7052
vn -0.7781 -0.0211 -0.6278
vn -0.7088 -0.0117 -0.7053
vn -0.7761 -0.0595 -0.6278
vn -0.7074 -0.0467 -0.7053
vn -0.7722 -0.0978 -0.6278
vn -0.7041 -0.0818 -0.7053
vn -0.7664 -0.1360 -0.6278
vn -0.6993 -0.1167 -0.7052
vn -0.7587 -0.1738 -0.6278
vn -0.6926 -0.1514 -0.7053
vn -0.6478 -0.5331 -0.5443
vn -0.6196 -0.5656 -0.5442
vn -0.5896 -0.5968 -0.5443
vn -0.5582 -0.6262 -0.5443
vn -0.5254 -0.6538 -0.5444
vn -0.4914 -0.6798 -0.5444
vn -0.4560 -0.7040 -0.5445
vn -0.4191 -0.7265 -0.5446
vn -0.3809 -0.7473 -0.5444
vn -0.3412 -0.7661 -0.5446
vn -0.3008 -0.7830 -0.5445
vn -0.2595 -0.7976 -0.5446
vn -0.2176 -0.8099 -0.5447
vn -0.1752 -0.8201 -0.5448
vn -0.1322 -0.8281 -0.5448
vn -0.0887 -0.8339 -0.5447
vn -0.0446 -0.8374 -0.5447
vn -0.0000 -0.8386 -0.5447
vn 0.0446 -0.8375 -0.5447
vn 0.0887 -0.8339 -0.5447
vn 0.1322 -0.8281 -0.5448
vn 0.1752 -0.8201 -0.5448
vn 0.2175 -0.8100 -0.5446
vn 0.2595 -0.7976 -0.5446
vn 0.3007 -0.7830 -0.5445
vn 0.3413 -0.7662 -0.5445
vn 0.3808 -0.7474 -0.5444
vn 0.4191 -0.7265 -0.5445
vn 0.4559 -0.7040 -0.5445
vn 0.4913 -0.6799 -0.5444
vn 0.5255 -0.6538 -0.5444
vn 0.5582 -0.6262 -0.5443
vn 0.5896 -0.5968 -0.5442
vn 0.6196 -0.5657 -0.5442
vn 0.6478 -0.5331 -0.5442
vn -0.6831 -0.5710 -0.4554
vn -0.6531 -0.6051 -0.4553
vn -0.6213 -0.6377 -0.4554
vn -0.5880 -0.6684 -0.4555
vn -0.5533 -0.6974 -0.4555
vn -0.5172 -0.7245 -0.4556
vn -0.4798 -0.7499 -0.4556
vn -0.4409 -0.7734 -0.4555
vn -0.4005 -0.7950 -0.4556
vn -0.3588 -0.8146 -0.4557
vn -0.3160 -0.8322 -0.4556
vn -0.2726 -0.8474 -0.4556
vn -0.2286 -0.8602 -0.4558
vn -0.1840 -0.8709 -0.4558
vn -0.1388 -0.8792 -0.4558
vn -0.0931 -0.8853 -0.4556
vn -0.0468 -0.8889 -0.4557
vn -0.0000 -0.8901 -0.4557
vn 0.0468 -0.8889 -0.4557
vn 0.0930 -0.8853 -0.4557
vn 0.1388 -0.8792 -0.4558
vn 0.1840 -0.8708 -0.4558
vn 0.2286 -0.8602 -0.4558
vn 0.2726 -0.8475 -0.4555
vn 0.3160 -0.8322 -0.4556
vn 0.3588 -0.8147 -0.4557
vn 0.4005 -0.7950 -0.4556
vn 0.4408 -0.7735 -0.4555
vn 0.4798 -0.7499 -0.4555
vn 0.5172 -0.7245 -0.4556
vn 0.5533 -0.6974 -0.4555
vn 0.5880 -0.6684 -0.4555
vn 0.6213 -0.6377 -0.4553
vn 0.6531 -0.6052 -0.4553
vn 0.6831 -0.5710 -0.4553
vn -0.4351 0.7767 -0.4554
vn -0.4055 0.7344 -0.5443
vn -0.4709 0.7556 -0.4554
vn -0.4391 0.7148 -0.5442
vn -0.5058 0.7326 -0.4554
vn -0.4719 0.6936 -0.5443
vn -0.5397 0.7081 -0.4553
vn -0.5037 0.6709 -0.5442
vn -0.5726 0.6817 -0.4554
vn -0.5347 0.6465 -0.5442
vn -0.6046 0.6536 -0.4553
vn -0.5648 0.6203 -0.5443
vn -0.6352 0.6239 -0.4553
vn -0.5936 0.5928 -0.5442
vn -0.6642 0.5929 -0.4553
vn -0.6211 0.5640 -0.5441
vn -0.6917 0.5606 -0.4553
vn -0.6471 0.5341 -0.5440
vn -0.7176 0.5271 -0.4552
vn -0.6717 0.5029 -0.5440
vn -0.7419 0.4922 -0.4552
vn -0.6949 0.4704 -0.5440
vn -0.7647 0.4562 -0.4552
vn -0.7165 0.4367 -0.5440
vn -0.7857 0.4189 -0.4552
vn -0.7366 0.4018 -0.5440
vn -0.8052 0.3801 -0.4552
vn -0.7553 0.3656 -0.5440
vn -0.8227 0.3405 -0.4552
vn -0.7721 0.3285 -0.5440
vn -0.8383 0.3002 -0.4552
vn -0.7872 0.2908 -0.5439
vn -0.8518 0.2592 -0.4553
vn -0.8003 0.2524 -0.5439
vn -0.8634 0.2178 -0.4552
vn -0.8116 0.2134 -0.5439
vn -0.8729 0.1756 -0.4552
vn -0.8209 0.1739 -0.5439
vn -0.8804 0.1329 -0.4552
vn -0.8284 0.1337 -0.5440
vn -0.8858 0.0895 -0.4553
vn -0.8340 0.0930 -0.5439
vn -0.8892 0.0457 -0.4552
vn -0.8375 0.0516 -0.5440
vn -0.8904 0.0016 -0.4552
vn -0.8390 0.0100 -0.5440
vn -0.8894 -0.0423 -0.4551
vn -0.8386 -0.0314 -0.5439
vn -0.8863 -0.0860 -0.4551
vn -0.8360 -0.0727 -0.5439
vn -0.8809 -0.1295 -0.4552
vn -0.8314 -0.1138 -0.5439
vn -0.8734 -0.1728 -0.4552
vn -0.8247 -0.1548 -0.5439
vn -0.8638 -0.2157 -0.4553
vn -0.8160 -0.1955 -0.5440
vn -0.7102 -0.6030 -0.3633
vn -0.6787 -0.6382 -0.3633
vn -0.6455 -0.6718 -0.3633
vn -0.6107 -0.7036 -0.3633
vn -0.5744 -0.7335 -0.3633
vn -0.5367 -0.7615 -0.3634
vn -0.4977 -0.7876 -0.3633
vn -0.4572 -0.8118 -0.3632
vn -0.4152 -0.8340 -0.3634
vn -0.3718 -0.8542 -0.3634
vn -0.3274 -0.8722 -0.3634
vn -0.2824 -0.8878 -0.3634
vn -0.2368 -0.9010 -0.3635
vn -0.1905 -0.9119 -0.3635
vn -0.1437 -0.9205 -0.3634
vn -0.0963 -0.9266 -0.3635
vn -0.0484 -0.9304 -0.3634
vn -0.0000 -0.9317 -0.3633
vn 0.0484 -0.9304 -0.3634
vn 0.0963 -0.9266 -0.3635
vn 0.1436 -0.9205 -0.3633
vn 0.1905 -0.9119 -0.3635
vn 0.2367 -0.9010 -0.3635
vn 0.2824 -0.8878 -0.3635
vn 0.3274 -0.8722 -0.3634
vn 0.3718 -0.8542 -0.3634
vn 0.4152 -0.8340 -0.3634
vn 0.4572 -0.8118 -0.3632
vn 0.4977 -0.7876 -0.3633
vn 0.5368 -0.7615 -0.3633
vn 0.5744 -0.7336 -0.3632
vn 0.6107 -0.7036 -0.3633
vn 0.6455 -0.6718 -0.3633
vn 0.6787 -0.6383 -0.3633
vn 0.7103 -0.6030 -0.3632
vn 0.9297 -0.2515 -0.2691
vn 0.9409 -0.2054 -0.2692
vn 0.9499 -0.1589 -0.2693
vn 0.9565 -0.1122 -0.2693
vn 0.9608 -0.0651 -0.2694
vn 0.9629 -0.0178 -0.2691
vn 0.9626 0.0300 -0.2692
vn 0.9600 0.0775 -0.2692
vn 0.9550 0.1244 -0.2692
vn 0.9478 0.1708 -0.2692
vn 0.9384 0.2168 -0.2692
vn 0.9268 0.2620 -0.2691
vn 0.9129 0.3067 -0.2692
vn 0.8969 0.3509 -0.2693
vn 0.8786 0.3944 -0.2692
vn 0.8583 0.4369 -0.2693
vn 0.8360 0.4781 -0.2693
vn 0.8120 0.5178 -0.2691
vn 0.7862 0.5563 -0.2692
vn 0.7585 0.5935 -0.2693
vn 0.7291 0.6292 -0.2692
vn 0.6979 0.6637 -0.2692
vn 0.6648 0.6968 -0.2693
vn 0.6304 0.7281 -0.2692
vn 0.5946 0.7576 -0.2693
vn 0.5577 0.7851 -0.2692
vn 0.5198 0.8108 -0.2692
vn 0.4806 0.8346 -0.2693
vn 0.4402 0.8566 -0.2693
vn 0.3988 0.8766 -0.2692
vn 0.3564 0.8947 -0.2693
vn 0.3131 0.9107 -0.2693
vn 0.2694 0.9246 -0.2693
vn 0.2253 0.9363 -0.2692
vn 0.8530 -0.4913 -0.1758
vn 0.8766 -0.4480 -0.1754
vn 0.8977 -0.4042 -0.1752
vn 0.9167 -0.3591 -0.1751
vn 0.9335 -0.3129 -0.1752
vn 0.9478 -0.2665 -0.1752
vn 0.9597 -0.2196 -0.1753
vn 0.9693 -0.1723 -0.1752
vn 0.9766 -0.1247 -0.1750
vn 0.9816 -0.0766 -0.1751
vn 0.9841 -0.0283 -0.1751
vn 0.9843 0.0204 -0.1751
vn 0.9821 0.0691 -0.1752
vn 0.9776 0.1171 -0.1751
vn 0.9707 0.1646 -0.1751
vn 0.9615 0.2118 -0.1752
vn 0.9500 0.2583 -0.1752
vn 0.9364 0.3042 -0.1751
vn 0.9204 0.3496 -0.1752
vn 0.9021 0.3944 -0.1751
vn 0.8817 0.4381 -0.1751
vn 0.8592 0.4807 -0.1751
vn 0.8349 0.5218 -0.1752
vn 0.8088 0.5614 -0.1752
vn 0.7807 0.5999 -0.1751
vn 0.7507 0.6370 -0.1752
vn 0.7190 0.6726 -0.1751
vn 0.6852 0.7069 -0.1752
vn 0.6500 0.7395 -0.1752
vn 0.6134 0.7701 -0.1751
vn 0.5756 0.7988 -0.1751
vn 0.5366 0.8255 -0.1751
vn 0.4964 0.8503 -0.1751
vn 0.4549 0.8731 -0.1751
vn 0.4123 0.8941 -0.1751
vn 0.3685 0.9130 -0.1752
vn 0.3239 0.9298 -0.1751
vn 0.2788 0.9443 -0.1751
vn 0.2332 0.9565 -0.1752
vn 0.1874 0.9666 -0.1751
vn -0.7293 -0.6290 -0.2692
vn -0.6966 -0.6650 -0.2693
vn -0.6622 -0.6992 -0.2695
vn -0.6262 -0.7316 -0.2693
vn -0.5889 -0.7620 -0.2693
vn -0.5500 -0.7905 -0.2695
vn -0.5097 -0.8170 -0.2695
vn -0.4682 -0.8416 -0.2694
vn -0.4251 -0.8641 -0.2694
vn -0.3805 -0.8847 -0.2694
vn -0.3350 -0.9029 -0.2695
vn -0.2888 -0.9187 -0.2695
vn -0.2421 -0.9321 -0.2694
vn -0.1947 -0.9431 -0.2694
vn -0.1468 -0.9517 -0.2695
vn -0.0984 -0.9580 -0.2695
vn -0.0494 -0.9617 -0.2696
vn -0.0000 -0.9630 -0.2695
vn 0.0494 -0.9617 -0.2696
vn 0.0984 -0.9579 -0.2696
vn 0.1468 -0.9517 -0.2695
vn 0.1947 -0.9431 -0.2694
vn 0.2421 -0.9321 -0.2694
vn 0.2888 -0.9187 -0.2694
vn 0.3350 -0.9029 -0.2695
vn 0.3805 -0.8847 -0.2694
vn 0.4251 -0.8641 -0.2694
vn 0.4682 -0.8416 -0.2694
vn 0.5098 -0.8170 -0.2695
vn 0.5501 -0.7905 -0.2694
vn 0.5889 -0.7621 -0.2692
vn 0.6262 -0.7317 -0.2693
vn 0.6622 -0.6992 -0.2694
vn 0.6966 -0.6650 -0.2692
vn 0.7293 -0.6291 -0.2692
vn 0.7592 -0.5935 -0.2670
vn -0.4806 0.8345 -0.2693
vn -0.4602 0.8101 -0.3632
vn -0.5197 0.8108 -0.2693
vn -0.4978 0.7876 -0.3632
vn -0.5577 0.7852 -0.2692
vn -0.5345 0.7631 -0.3632
vn -0.5946 0.7575 -0.2693
vn -0.5701 0.7369 -0.3632
vn -0.6304 0.7281 -0.2693
vn -0.6046 0.7090 -0.3631
vn -0.6649 0.6967 -0.2693
vn -0.6380 0.6790 -0.3631
vn -0.6979 0.6637 -0.2693
vn -0.6700 0.6475 -0.3631
vn -0.7291 0.6292 -0.2693
vn -0.7003 0.6146 -0.3631
vn -0.7585 0.5934 -0.2693
vn -0.7289 0.5804 -0.3631
vn -0.7862 0.5563 -0.2693
vn -0.7558 0.5450 -0.3630
vn -0.8120 0.5179 -0.2692
vn -0.7810 0.5081 -0.3630
vn -0.8361 0.4780 -0.2692
vn -0.8046 0.4699 -0.3632
vn -0.8583 0.4369 -0.2692
vn -0.8263 0.4305 -0.3631
vn -0.8786 0.3944 -0.2692
vn -0.8463 0.3897 -0.3631
vn -0.8969 0.3508 -0.2693
vn -0.8644 0.3479 -0.3631
vn -0.9129 0.3067 -0.2693
vn -0.8803 0.3055 -0.3631
vn -0.9267 0.2620 -0.2692
vn -0.8940 0.2624 -0.3631
vn -0.9384 0.2167 -0.2693
vn -0.9057 0.2187 -0.3631
vn -0.9478 0.1708 -0.2693
vn -0.9153 0.1745 -0.3631
vn -0.9550 0.1244 -0.2693
vn -0.9227 0.1298 -0.3629
vn -0.9600 0.0775 -0.2692
vn -0.9280 0.0844 -0.3630
vn -0.9626 0.0300 -0.2692
vn -0.9309 0.0384 -0.3631
vn -0.9629 -0.0177 -0.2692
vn -0.9317 -0.0078 -0.3631
vn -0.9608 -0.0651 -0.2694
vn -0.9302 -0.0536 -0.3631
vn -0.9565 -0.1122 -0.2694
vn -0.9264 -0.0992 -0.3631
vn -0.9498 -0.1589 -0.2694
vn -0.9205 -0.1446 -0.3631
vn -0.9409 -0.2053 -0.2692
vn -0.9122 -0.1896 -0.3631
vn -0.9297 -0.2514 -0.2692
vn -0.9017 -0.2345 -0.3632
vn -0.7403 -0.6491 -0.1753
vn -0.7070 -0.6852 -0.1751
vn -0.6717 -0.7198 -0.1752
vn -0.6349 -0.7524 -0.1752
vn -0.5968 -0.7830 -0.1753
vn -0.5573 -0.8116 -0.1752
vn -0.5163 -0.8383 -0.1754
vn -0.4739 -0.8629 -0.1755
vn -0.4302 -0.8856 -0.1752
vn -0.3850 -0.9061 -0.1753
vn -0.3388 -0.9244 -0.1753
vn -0.2920 -0.9402 -0.1751
vn -0.2447 -0.9536 -0.1752
vn -0.1968 -0.9647 -0.1753
vn -0.1483 -0.9733 -0.1754
vn -0.0994 -0.9795 -0.1752
vn -0.0499 -0.9833 -0.1753
vn -0.0000 -0.9845 -0.1754
vn 0.0499 -0.9833 -0.1753
vn 0.0994 -0.9795 -0.1752
vn 0.1484 -0.9733 -0.1754
vn 0.1967 -0.9647 -0.1753
vn 0.2447 -0.9536 -0.1752
vn 0.2920 -0.9402 -0.1752
vn 0.3388 -0.9244 -0.1752
vn 0.3850 -0.9061 -0.1752
vn 0.4301 -0.8856 -0.1752
vn 0.4739 -0.8629 -0.1754
vn 0.5163 -0.8383 -0.1753
vn 0.5573 -0.8116 -0.1752
vn 0.5969 -0.7829 -0.1754
vn 0.6349 -0.7525 -0.1751
vn 0.6717 -0.7198 -0.1752
vn 0.7069 -0.6853 -0.1751
vn 0.7403 -0.6491 -0.1752
vn -0.4964 0.8503 -0.1751
vn -0.5366 0.8255 -0.1752
vn -0.5756 0.7988 -0.1752
vn -0.6134 0.7701 -0.1751
vn -0.6500 0.7395 -0.1752
vn -0.6852 0.7069 -0.1752
vn -0.7190 0.6726 -0.1752
vn -0.7507 0.6370 -0.1752
vn -0.7806 0.5999 -0.1751
vn -0.8088 0.5614 -0.1752
vn -0.8349 0.5218 -0.1752
vn -0.8592 0.4807 -0.1752
vn -0.8817 0.4382 -0.1752
vn -0.9021 0.3945 -0.1752
vn -0.9204 0.3496 -0.1752
vn -0.9364 0.3042 -0.1751
vn -0.9500 0.2583 -0.1752
vn -0.9615 0.2118 -0.1752
vn -0.9707 0.1647 -0.1752
vn -0.9775 0.1171 -0.1752
vn -0.9821 0.0691 -0.1753
vn -0.9843 0.0204 -0.1752
vn -0.9841 -0.0283 -0.1751
vn -0.9816 -0.0766 -0.1751
vn -0.9766 -0.1247 -0.1751
vn -0.9693 -0.1724 -0.1752
vn -0.9597 -0.2196 -0.1752
vn -0.9478 -0.2665 -0.1752
vn -0.9335 -0.3130 -0.1752
vn -0.9167 -0.3590 -0.1752
vn -0.8977 -0.4042 -0.1753
vn -0.8766 -0.4481 -0.1754
vn -0.8386 -0.5368 0.0927
vn 0.1447 -0.1036 -0.9840
vn 0.1388 -0.1112 -0.9841
vn 0.1323 -0.1184 -0.9841
vn 0.1256 -0.1256 -0.9841
vn 0.1185 -0.1321 -0.9841
vn 0.1111 -0.1383 -0.9841
vn 0.1034 -0.1441 -0.9841
vn 0.0952 -0.1495 -0.9842
vn 0.0867 -0.1544 -0.9842
vn 0.0779 -0.1592 -0.9842
vn 0.4468 0.0786 -0.8912
vn 0.4553 0.0523 -0.8888
vn 0.3668 0.0105 -0.9303
vn 0.3650 -0.0233 -0.9307
vn 0.4582 -0.0376 -0.8881
vn 0.3593 -0.0411 -0.9323
vn 0.4555 -0.0605 -0.8882
vn 0.4519 0.0336 -0.8914
vn 0.4582 0.0065 -0.8888
vn 0.4526 -0.0116 -0.8916
vn 0.5425 -0.0784 -0.8364
vn 0.5458 -0.0512 -0.8363
vn 0.5477 -0.0240 -0.8363
vn 0.5483 0.0033 -0.8363
vn 0.5475 0.0306 -0.8363
vn 0.5453 0.0579 -0.8362
vn 0.5418 0.0848 -0.8362
vn 0.5369 0.1114 -0.8363
vn 0.5233 0.1388 -0.8408
vn 0.6282 -0.0660 -0.7752
vn 0.6308 -0.0348 -0.7752
vn 0.6318 -0.0035 -0.7751
vn 0.6312 0.0278 -0.7751
vn 0.6291 0.0593 -0.7751
vn 0.6254 0.0904 -0.7751
vn 0.6202 0.1210 -0.7750
vn 0.6137 0.1511 -0.7750
vn 0.6056 0.1805 -0.7750
vn 0.5961 0.2096 -0.7751
vn 0.5854 0.2380 -0.7751
vn 0.5731 0.2659 -0.7752
vn 0.5595 0.2932 -0.7752
vn 0.5449 0.3197 -0.7752
vn 0.5290 0.3452 -0.7752
vn 0.5049 0.3687 -0.7804
vn -0.1448 -0.1036 -0.9840
vn -0.1389 -0.1112 -0.9840
vn -0.1324 -0.1185 -0.9841
vn -0.1256 -0.1256 -0.9841
vn -0.1185 -0.1322 -0.9841
vn -0.1113 -0.1384 -0.9841
vn -0.1034 -0.1442 -0.9841
vn -0.0953 -0.1495 -0.9842
vn -0.0867 -0.1545 -0.9842
vn -0.0780 -0.1592 -0.9842
vn -0.2200 -0.1606 -0.9622
vn -0.2109 -0.1721 -0.9622
vn -0.2012 -0.1833 -0.9622
vn -0.1910 -0.1939 -0.9623
vn -0.1801 -0.2038 -0.9623
vn -0.1687 -0.2131 -0.9624
vn -0.1570 -0.2219 -0.9624
vn -0.1446 -0.2300 -0.9624
vn -0.1316 -0.2377 -0.9624
vn -0.1182 -0.2445 -0.9624
vn -0.1042 -0.2506 -0.9625
vn -0.0900 -0.2559 -0.9625
vn -0.0755 -0.2604 -0.9625
vn -0.0609 -0.2641 -0.9626
vn -0.0461 -0.2670 -0.9626
vn -0.0311 -0.2693 -0.9625
vn -0.0157 -0.2705 -0.9626
vn -0.0000 -0.2708 -0.9626
vn 0.0157 -0.2705 -0.9626
vn 0.0310 -0.2692 -0.9626
vn 0.0461 -0.2671 -0.9626
vn 0.0609 -0.2641 -0.9626
vn 0.0755 -0.2603 -0.9626
vn 0.0900 -0.2559 -0.9625
vn 0.1042 -0.2506 -0.9625
vn 0.1182 -0.2446 -0.9624
vn 0.1316 -0.2377 -0.9624
vn 0.1446 -0.2300 -0.9624
vn 0.1569 -0.2218 -0.9624
vn 0.1687 -0.2130 -0.9624
vn 0.1800 -0.2038 -0.9623
vn 0.1908 -0.1939 -0.9623
vn 0.2012 -0.1833 -0.9623
vn 0.2109 -0.1721 -0.9623
vn 0.2199 -0.1605 -0.9622
vn -0.2578 -0.0554 -0.9646
vn -0.2695 -0.0408 -0.9621
vn 0.4520 -0.0834 -0.8881
vn 0.3621 -0.0623 -0.9301
vn 0.2697 -0.0405 -0.9621
vn 0.2736 -0.0154 -0.9617
vn 0.1792 -0.0075 -0.9838
vn 0.2740 0.0123 -0.9617
vn 0.1792 0.0107 -0.9838
vn 0.2714 0.0399 -0.9616
vn 0.1773 0.0288 -0.9837
vn 0.2662 0.0667 -0.9616
vn 0.1735 0.0465 -0.9837
vn 0.2583 0.0924 -0.9616
vn 0.1682 0.0632 -0.9837
vn 0.2482 0.1169 -0.9616
vn 0.1611 0.0791 -0.9838
vn 0.2357 0.1401 -0.9617
vn 0.1528 0.0942 -0.9838
vn 0.2213 0.1617 -0.9617
vn 0.1431 0.1082 -0.9838
vn 0.2052 0.1813 -0.9618
vn 0.1323 0.1209 -0.9838
vn 0.1875 0.1991 -0.9619
vn 0.1207 0.1322 -0.9838
vn 0.1687 0.2151 -0.9619
vn 0.1083 0.1423 -0.9839
vn 0.1488 0.2290 -0.9620
vn 0.0953 0.1512 -0.9839
vn 0.1282 0.2408 -0.9621
vn 0.0817 0.1585 -0.9840
vn 0.1071 0.2505 -0.9622
vn 0.0682 0.1646 -0.9840
vn 0.0857 0.2584 -0.9622
vn 0.0543 0.1693 -0.9841
vn 0.0640 0.2643 -0.9623
vn 0.0405 0.1729 -0.9841
vn 0.0426 0.2684 -0.9624
vn 0.0268 0.1753 -0.9842
vn 0.0210 0.2707 -0.9624
vn 0.0133 0.1767 -0.9842
vn -0.0000 0.2716 -0.9624
vn -0.0000 0.1772 -0.9842
vn -0.0212 0.2708 -0.9624
vn -0.0134 0.1767 -0.9842
vn -0.0426 0.2685 -0.9624
vn -0.0269 0.1753 -0.9841
vn -0.0641 0.2643 -0.9623
vn -0.0405 0.1730 -0.9841
vn -0.0857 0.2584 -0.9622
vn -0.0544 0.1694 -0.9841
vn -0.1072 0.2506 -0.9621
vn -0.0682 0.1647 -0.9840
vn -0.1283 0.2409 -0.9620
vn -0.0819 0.1586 -0.9839
vn -0.1489 0.2290 -0.9620
vn -0.0953 0.1513 -0.9839
vn -0.1688 0.2153 -0.9619
vn -0.1084 0.1425 -0.9838
vn -0.1876 0.1992 -0.9618
vn -0.1208 0.1323 -0.9838
vn -0.2052 0.1814 -0.9618
vn -0.1325 0.1211 -0.9838
vn -0.2214 0.1618 -0.9617
vn -0.1433 0.1084 -0.9837
vn -0.2358 0.1403 -0.9616
vn -0.1529 0.0944 -0.9837
vn -0.2483 0.1170 -0.9616
vn -0.1613 0.0792 -0.9837
vn -0.2584 0.0924 -0.9616
vn -0.1683 0.0633 -0.9837
vn -0.2663 0.0668 -0.9616
vn -0.1737 0.0466 -0.9837
vn -0.2716 0.0400 -0.9616
vn -0.1774 0.0289 -0.9837
vn -0.2741 0.0124 -0.9616
vn -0.1793 0.0108 -0.9837
vn -0.2730 -0.0141 -0.9619
vn -0.1794 -0.0075 -0.9838
vn 0.1510 -0.0386 -0.9878
vn -0.2941 -0.2187 -0.9304
vn -0.2818 -0.2341 -0.9305
vn -0.2688 -0.2490 -0.9305
vn -0.2549 -0.2629 -0.9306
vn -0.2405 -0.2760 -0.9306
vn -0.2251 -0.2883 -0.9307
vn -0.2093 -0.2999 -0.9307
vn -0.1928 -0.3108 -0.9307
vn -0.1754 -0.3207 -0.9308
vn -0.1575 -0.3298 -0.9308
vn -0.1389 -0.3379 -0.9309
vn -0.1199 -0.3450 -0.9309
vn -0.1008 -0.3511 -0.9309
vn -0.0812 -0.3559 -0.9310
vn -0.0615 -0.3598 -0.9310
vn -0.0412 -0.3625 -0.9311
vn -0.0208 -0.3644 -0.9310
vn -0.0000 -0.3651 -0.9310
vn 0.0208 -0.3644 -0.9310
vn 0.0413 -0.3626 -0.9310
vn 0.0614 -0.3598 -0.9310
vn 0.0812 -0.3559 -0.9310
vn 0.1007 -0.3511 -0.9309
vn 0.1199 -0.3449 -0.9309
vn 0.1389 -0.3379 -0.9309
vn 0.1574 -0.3297 -0.9309
vn 0.1754 -0.3207 -0.9308
vn 0.1927 -0.3107 -0.9307
vn 0.2093 -0.2999 -0.9307
vn 0.2251 -0.2882 -0.9307
vn 0.2404 -0.2759 -0.9306
vn 0.2549 -0.2629 -0.9306
vn 0.2687 -0.2490 -0.9305
vn 0.2818 -0.2341 -0.9305
vn 0.2940 -0.2187 -0.9304
vn -0.3657 -0.2770 -0.8886
vn -0.3503 -0.2961 -0.8886
vn -0.3338 -0.3142 -0.8887
vn -0.3167 -0.3314 -0.8888
vn -0.2985 -0.3475 -0.8889
vn -0.2796 -0.3629 -0.8889
vn -0.2597 -0.3770 -0.8891
vn -0.2392 -0.3904 -0.8890
vn -0.2176 -0.4027 -0.8891
vn -0.1952 -0.4138 -0.8892
vn -0.1723 -0.4240 -0.8891
vn -0.1487 -0.4327 -0.8892
vn -0.1249 -0.4401 -0.8892
vn -0.1006 -0.4461 -0.8893
vn -0.0762 -0.4510 -0.8893
vn -0.0512 -0.4545 -0.8893
vn -0.0257 -0.4566 -0.8893
vn -0.0000 -0.4574 -0.8893
vn 0.0257 -0.4566 -0.8893
vn 0.0512 -0.4545 -0.8893
vn 0.0761 -0.4510 -0.8893
vn 0.1007 -0.4461 -0.8893
vn 0.1249 -0.4402 -0.8892
vn 0.1487 -0.4327 -0.8892
vn 0.1722 -0.4240 -0.8891
vn 0.1952 -0.4138 -0.8892
vn 0.2176 -0.4027 -0.8891
vn 0.2391 -0.3905 -0.8890
vn 0.2597 -0.3770 -0.8890
vn 0.2795 -0.3629 -0.8889
vn 0.2985 -0.3474 -0.8889
vn 0.3166 -0.3314 -0.8888
vn 0.3339 -0.3142 -0.8887
vn 0.3503 -0.2961 -0.8886
vn 0.3656 -0.2770 -0.8886
vn -0.4470 -0.3052 -0.8408
vn -0.4335 -0.3343 -0.8369
vn -0.4152 -0.3566 -0.8369
vn -0.3955 -0.3780 -0.8371
vn -0.3751 -0.3982 -0.8371
vn -0.3536 -0.4174 -0.8371
vn -0.3311 -0.4353 -0.8372
vn -0.3075 -0.4521 -0.8373
vn -0.2830 -0.4678 -0.8373
vn -0.2576 -0.4823 -0.8373
vn -0.2310 -0.4954 -0.8374
vn -0.2036 -0.5071 -0.8375
vn -0.1759 -0.5174 -0.8375
vn -0.1476 -0.5260 -0.8376
vn -0.1190 -0.5332 -0.8376
vn -0.0899 -0.5387 -0.8377
vn -0.0604 -0.5429 -0.8377
vn -0.0304 -0.5455 -0.8376
vn -0.0000 -0.5462 -0.8377
vn 0.0303 -0.5454 -0.8376
vn 0.0604 -0.5429 -0.8376
vn 0.0899 -0.5388 -0.8376
vn 0.1190 -0.5331 -0.8376
vn 0.1476 -0.5259 -0.8376
vn 0.1758 -0.5174 -0.8375
vn 0.2036 -0.5071 -0.8375
vn 0.2310 -0.4954 -0.8374
vn 0.2575 -0.4823 -0.8373
vn 0.2830 -0.4678 -0.8373
vn 0.3075 -0.4521 -0.8373
vn 0.3310 -0.4354 -0.8372
vn 0.3536 -0.4174 -0.8371
vn 0.3751 -0.3982 -0.8371
vn 0.3955 -0.3779 -0.8371
vn 0.4151 -0.3566 -0.8370
vn 0.4335 -0.3343 -0.8368
vn 0.4578 -0.3095 -0.8334
vn -0.3659 -0.0226 -0.9304
vn -0.4584 -0.0378 -0.8879
vn -0.4569 -0.0141 -0.8894
vn -0.3652 0.0112 -0.9309
vn -0.4555 -0.0606 -0.8882
vn -0.3627 -0.0433 -0.9309
vn -0.4520 -0.0834 -0.8881
vn -0.3623 -0.0625 -0.9300
vn -0.5378 -0.1056 -0.8364
vn -0.5425 -0.0784 -0.8364
vn -0.5458 -0.0512 -0.8363
vn -0.3624 0.0478 -0.9308
vn -0.4966 -0.3895 -0.7757
vn -0.4754 -0.4149 -0.7758
vn -0.4529 -0.4393 -0.7758
vn -0.4292 -0.4623 -0.7759
vn -0.4046 -0.4841 -0.7759
vn -0.3787 -0.5045 -0.7760
vn -0.3517 -0.5236 -0.7760
vn -0.3235 -0.5414 -0.7760
vn -0.2943 -0.5577 -0.7761
vn -0.2640 -0.5727 -0.7761
vn -0.2326 -0.5859 -0.7763
vn -0.2008 -0.5974 -0.7764
vn -0.1686 -0.6072 -0.7764
vn -0.1358 -0.6154 -0.7764
vn -0.1027 -0.6219 -0.7764
vn -0.0689 -0.6265 -0.7764
vn -0.0347 -0.6293 -0.7764
vn -0.0000 -0.6301 -0.7765
vn 0.0346 -0.6294 -0.7763
vn 0.0689 -0.6265 -0.7764
vn 0.1026 -0.6218 -0.7764
vn 0.1358 -0.6154 -0.7764
vn 0.1686 -0.6072 -0.7764
vn 0.2008 -0.5974 -0.7764
vn 0.2326 -0.5859 -0.7763
vn 0.2639 -0.5727 -0.7761
vn 0.2943 -0.5578 -0.7760
vn 0.3235 -0.5414 -0.7761
vn 0.3516 -0.5236 -0.7760
vn 0.3787 -0.5044 -0.7760
vn 0.4045 -0.4841 -0.7759
vn 0.4293 -0.4623 -0.7759
vn 0.4529 -0.4393 -0.7758
vn 0.4754 -0.4148 -0.7758
vn 0.4966 -0.3895 -0.7757
vn -0.6185 -0.1285 -0.7752
vn -0.6242 -0.0973 -0.7752
vn -0.6282 -0.0661 -0.7752
vn -0.6308 -0.0348 -0.7752
vn -0.5448 0.3198 -0.7752
vn -0.5595 0.2932 -0.7752
vn -0.5731 0.2659 -0.7752
vn -0.5853 0.2380 -0.7751
vn -0.5961 0.2095 -0.7751
vn -0.6056 0.1805 -0.7751
vn -0.6136 0.1511 -0.7750
vn -0.6202 0.1210 -0.7751
vn -0.6254 0.0904 -0.7751
vn -0.6290 0.0593 -0.7751
vn -0.6312 0.0278 -0.7751
vn -0.6317 -0.0035 -0.7752
vn -0.3573 0.0857 -0.9300
vn -0.3487 0.1189 -0.9297
vn -0.3356 0.1520 -0.9296
vn -0.3194 0.1833 -0.9297
vn -0.3004 0.2127 -0.9298
vn -0.2792 0.2396 -0.9299
vn -0.2559 0.2641 -0.9299
vn -0.2307 0.2861 -0.9300
vn -0.2039 0.3052 -0.9302
vn -0.1762 0.3218 -0.9303
vn -0.1476 0.3355 -0.9304
vn -0.1183 0.3466 -0.9305
vn -0.0886 0.3551 -0.9306
vn -0.0590 0.3610 -0.9307
vn 0.0777 0.5688 -0.8188
vn -0.9642 -0.2650 -0.0015
vn -0.9698 -0.2437 0.0005
vn -0.8842 -0.4525 -0.1160
vn -0.8832 -0.4603 -0.0894
vn -0.1886 0.9821 -0.0006
vn -0.8287 0.5584 0.0363
vn -0.9965 0.0841 -0.0013
vn -0.9929 0.1188 -0.0002
vn -0.9899 0.1419 -0.0016
vn -0.9980 0.0631 0.0063
vn -0.9913 0.0752 -0.1083
vn -0.9989 0.0245 -0.0407
vn -0.9661 0.2580 0.0002
vn -0.9661 0.2580 -0.0001
vn -0.9721 0.2347 -0.0005
vn -0.9801 0.1987 -0.0017
vn -0.9843 0.1763 -0.0044
vn -0.9895 0.1444 -0.0060
vn -0.9593 0.2824 -0.0086
vn -0.9365 0.3429 -0.0733
vn -0.9351 0.3452 -0.0798
vn -0.9366 0.3505 0.0013
vn -0.9280 0.3717 -0.0269
vn -0.9142 0.4032 -0.0412
vn -0.8793 0.4554 -0.1397
vn -0.8968 0.4424 -0.0020
vn -0.8864 0.4630 -0.0005
vn -0.8858 0.4640 -0.0018
vn -0.8261 0.5636 -0.0008
vn -0.8389 0.5443 -0.0012
vn -0.8579 0.5138 -0.0018
vn -0.8691 0.4946 -0.0020
vn -0.7610 0.6486 -0.0130
vn -0.7527 0.6584 -0.0011
vn -0.7457 0.6574 0.1088
vn -0.7314 0.6804 0.0463
vn -0.7731 0.6306 -0.0684
vn -0.7892 0.6142 -0.0035
vn -0.8326 0.5444 0.1019
vn -0.6927 0.7201 -0.0406
vn -0.6490 0.7480 -0.1388
vn -0.6610 0.7504 -0.0014
vn -0.6411 0.7674 -0.0015
vn -0.6434 0.7655 -0.0001
vn -0.5487 0.8360 -0.0001
vn -0.5483 0.8363 -0.0005
vn -0.5695 0.8220 -0.0009
vn -0.5966 0.8025 -0.0019
vn -0.6161 0.7877 -0.0033
vn -0.6405 0.7680 -0.0041
vn -0.6411 0.7675 -0.0016
vn -0.4454 0.8954 -0.0003
vn -0.4968 0.8679 -0.0024
vn -0.4736 0.8804 -0.0235
vn -0.4382 0.8975 -0.0490
vn -0.4227 0.8985 -0.1183
vn -0.5201 0.8541 -0.0005
vn -0.3716 0.9276 -0.0396
vn -0.3342 0.9334 -0.1305
vn -0.3263 0.9453 -0.0007
vn -0.3011 0.9536 0.0002
vn -0.4208 0.9063 0.0381
vn -0.4213 0.8989 -0.1203
vn -0.1892 0.9819 0.0003
vn -0.2713 0.9625 -0.0019
vn -0.2453 0.9695 -0.0020
vn -0.2165 0.9763 -0.0009
vn -0.3004 0.9538 -0.0010
vn -0.1599 0.9871 -0.0004
vn -0.1316 0.9913 -0.0002
vn -0.1002 0.9949 -0.0115
vn -0.0704 0.9928 -0.0973
vn -0.0710 0.9940 -0.0827
vn 0.0030 0.9984 -0.0567
vn 0.0263 0.9910 -0.1309
vn 0.0573 0.9984 -0.0000
vn 0.0951 0.9955 0.0002
vn -0.0396 0.9992 0.0001
vn -0.0714 0.9943 -0.0794
vn 0.0865 0.9962 0.0001
vn 0.0864 0.9963 -0.0000
vn 0.1142 0.9935 -0.0000
vn 0.1440 0.9896 0.0001
vn 0.1711 0.9853 0.0001
vn 0.2010 0.9796 0.0002
vn 0.2007 0.9797 0.0001
vn 0.2270 0.9739 0.0001
vn 0.2570 0.9664 0.0002
vn 0.2823 0.9593 -0.0109
vn 0.2966 0.9492 -0.1050
vn 0.2660 0.9640 0.0001
vn 0.2991 0.9494 -0.0957
vn 0.3826 0.9146 -0.1312
vn 0.3781 0.9249 -0.0396
vn 0.3452 0.9385 -0.0003
vn 0.3013 0.9506 -0.0748
vn 0.4097 0.9122 -0.0003
vn 0.4301 0.9028 -0.0002
vn 0.5140 0.8578 0.0003
vn 0.5127 0.8586 -0.0006
vn 0.4851 0.8745 -0.0004
vn 0.4616 0.8871 -0.0003
vn 0.4326 0.9016 -0.0006
vn 0.4093 0.9124 -0.0003
vn 0.6300 0.7766 -0.0003
vn 0.6345 0.7689 -0.0787
vn 0.6356 0.7682 -0.0766
vn 0.5137 0.8580 -0.0005
vn 0.5348 0.8450 -0.0006
vn 0.5624 0.8269 -0.0008
vn 0.5825 0.8128 -0.0016
vn 0.6087 0.7934 -0.0025
vn 0.6214 0.7833 -0.0188
vn 0.6983 0.7081 -0.1041
vn 0.6996 0.7133 -0.0415
vn 0.6874 0.7253 0.0369
vn 0.6230 0.7726 -0.1221
vn 0.8046 0.5938 -0.0008
vn 0.7834 0.6215 -0.0040
vn 0.8028 0.5962 -0.0051
vn 0.7280 0.6856 0.0002
vn 0.7441 0.6681 -0.0002
vn 0.7674 0.6411 -0.0009
vn 0.8366 0.5331 -0.1259
vn 0.8495 0.5208 -0.0846
vn 0.8187 0.5742 -0.0004
vn 0.8381 0.5455 -0.0016
vn 0.8496 0.5272 -0.0146
vn 0.9192 0.3862 -0.0769
vn 0.9180 0.3942 -0.0428
vn 0.8520 0.5185 -0.0731
vn 0.8886 0.4586 0.0004
vn 0.8830 0.4693 -0.0130
vn 0.8974 0.4413 -0.0011
vn 0.9194 0.3871 0.0700
vn 0.9696 0.2447 -0.0011
vn 0.9604 0.2787 -0.0013
vn 0.9352 0.3541 0.0002
vn 0.9536 0.3012 -0.0031
vn 0.9431 0.3326 -0.0018
vn 0.9848 0.1587 -0.0706
vn 0.9905 0.1374 -0.0064
vn 0.9699 0.2434 -0.0000
vn 0.9748 0.2231 -0.0011
vn 0.9818 0.1901 -0.0020
vn 0.9859 0.1675 -0.0039
vn 0.9939 0.1017 0.0417
vn 0.9860 0.1226 -0.1131
vn 0.9871 0.1196 -0.1066
vn 0.9992 0.0398 0.0004
vn 0.9990 0.0171 -0.0404
vn 0.9950 0.0166 -0.0983
vn 0.9981 -0.0622 0.0025
vn 0.9949 -0.1009 -0.0062
vn 0.9907 -0.1361 -0.0033
vn 0.9967 -0.0803 -0.0076
vn 0.9901 -0.1403 0.0006
vn 0.9890 -0.1477 0.0006
vn 0.9867 -0.1627 -0.0022
vn 0.9807 -0.1952 -0.0063
vn 0.9760 -0.2176 -0.0063
vn 0.9661 -0.2583 0.0004
vn 0.9675 -0.2529 -0.0041
vn 0.9635 -0.2675 -0.0127
vn 0.9564 -0.2797 -0.0846
vn 0.9417 -0.3358 -0.0214
vn 0.9371 -0.3474 -0.0346
vn 0.9564 -0.2799 -0.0836
vn 0.9251 -0.3555 -0.1333
vn 0.9030 -0.4295 -0.0049
vn 0.9296 -0.3652 -0.0498
vn 0.8860 -0.4636 0.0003
vn 0.8886 -0.4588 -0.0032
vn 0.8761 -0.4821 -0.0018
vn 0.8588 -0.5123 -0.0028
vn 0.8315 -0.5555 -0.0077
vn 0.8187 -0.5740 0.0136
vn 0.8454 -0.5341 -0.0099
vn 0.8059 -0.5900 0.0496
vn 0.8119 -0.5659 -0.1432
vn 0.8044 -0.5889 -0.0789
vn 0.7782 -0.6265 -0.0434
vn 0.7763 -0.6146 -0.1403
vn 0.7211 -0.6917 0.0392
vn 0.7209 -0.6930 0.0051
vn 0.7156 -0.6964 -0.0546
vn 0.7094 -0.6922 -0.1323
vn 0.6685 -0.7437 -0.0005
vn 0.6424 -0.7664 -0.0004
vn 0.5482 -0.8364 0.0023
vn 0.5525 -0.8335 -0.0047
vn 0.6416 -0.7671 -0.0002
vn 0.6421 -0.7666 -0.0002
vn 0.6227 -0.7824 -0.0030
vn 0.5993 -0.8005 -0.0028
vn 0.5751 -0.8180 -0.0050
vn 0.5206 -0.8508 0.0715
vn 0.5010 -0.8655 -0.0027
vn 0.4846 -0.8733 -0.0494
vn 0.4614 -0.8845 -0.0693
vn 0.3877 -0.9203 -0.0525
vn 0.4197 -0.9076 -0.0105
vn 0.4642 -0.8775 -0.1202
vn 0.4381 -0.8989 -0.0016
vn 0.4452 -0.8954 -0.0015
vn 0.4636 -0.8783 -0.1169
vn 0.3718 -0.9193 -0.1286
vn 0.3114 -0.9494 0.0409
vn 0.3171 -0.9445 -0.0852
vn 0.3018 -0.9534 0.0023
vn 0.2750 -0.9614 0.0020
vn -0.0295 -0.9905 -0.1341
vn -0.0024 -0.9982 -0.0600
vn 0.0270 -0.9996 -0.0007
vn 0.0403 -0.9986 -0.0342
vn 0.0758 -0.9971 -0.0012
vn 0.0769 -0.9931 -0.0883
vn 0.0767 -0.9929 -0.0908
vn 0.0778 -0.9914 -0.1051
vn 0.1108 -0.9936 -0.0217
vn 0.1333 -0.9911 0.0003
vn 0.1603 -0.9871 0.0006
vn 0.1895 -0.9819 0.0024
vn 0.1895 -0.9819 0.0009
vn 0.2181 -0.9759 0.0013
vn 0.2456 -0.9694 0.0030
vn -0.3936 -0.9178 -0.0533
vn -0.3516 -0.9356 -0.0307
vn -0.3224 -0.9427 -0.0855
vn -0.3249 -0.9405 -0.0992
vn -0.3244 -0.9401 -0.1046
vn -0.2799 -0.9599 -0.0173
vn -0.2580 -0.9662 -0.0002
vn -0.2296 -0.9733 -0.0005
vn -0.2014 -0.9795 -0.0007
vn -0.2008 -0.9796 0.0006
vn -0.1731 -0.9849 -0.0004
vn -0.1445 -0.9895 -0.0008
vn -0.1157 -0.9933 -0.0006
vn -0.0867 -0.9962 -0.0009
vn -0.0810 -0.9966 -0.0163
vn -0.0700 -0.9969 0.0362
vn -0.4660 -0.8848 -0.0043
vn -0.4373 -0.8993 -0.0033
vn -0.4111 -0.9116 -0.0043
vn -0.4084 -0.9128 -0.0016
vn -0.4307 -0.9025 -0.0012
vn -0.4256 -0.8948 -0.1345
vn -0.4887 -0.8724 -0.0042
vn -0.5147 -0.8574 -0.0003
vn -0.5152 -0.8571 -0.0044
vn -0.5397 -0.8419 -0.0016
vn -0.5648 -0.8252 -0.0007
vn -0.5882 -0.8087 -0.0008
vn -0.6110 -0.7917 -0.0000
vn -0.6374 -0.7694 -0.0418
vn -0.6299 -0.7767 -0.0026
vn -0.6827 -0.7307 -0.0007
vn -0.6775 -0.7244 -0.1272
vn -0.6375 -0.7694 -0.0418
vn -0.6704 -0.7380 -0.0762
vn -0.6365 -0.7710 -0.0177
vn -0.6557 -0.7550 -0.0013
vn -0.6694 -0.7390 -0.0760
vn -0.7215 -0.6902 -0.0549
vn -0.7453 -0.6578 -0.1090
vn -0.7530 -0.6580 -0.0068
vn -0.7313 -0.6820 -0.0046
vn -0.7894 -0.6139 -0.0030
vn -0.7697 -0.6384 -0.0075
vn -0.8282 -0.5604 -0.0026
vn -0.8049 -0.5934 0.0014
vn -0.8050 -0.5933 0.0014
vn -0.7957 -0.6057 0.0014
vn -0.8047 -0.5936 0.0017
vn -0.8405 -0.5417 -0.0083
vn -0.8591 -0.5117 -0.0144
vn -0.8926 -0.4506 -0.0142
vn -0.8813 -0.4646 -0.0862
vn -0.9040 -0.4257 0.0405
vn -0.8996 -0.4367 -0.0079
vn -0.9332 -0.3563 -0.0474
vn -0.9423 -0.3254 -0.0791
vn -0.9365 -0.3505 -0.0034
vn -0.9480 -0.3183 -0.0045
vn -0.9548 -0.2971 -0.0040
vn -0.9724 -0.2330 -0.0087
vn -0.9825 -0.1864 -0.0050
vn -0.9879 -0.1549 -0.0018
vn -0.9778 -0.2091 -0.0114
vn -0.9928 -0.0939 -0.0747
vn -0.9922 -0.1226 0.0230
vn -0.9911 -0.1331 0.0004
vn -0.9993 -0.0363 0.0038
vn -0.9932 -0.0221 -0.1145
vn -0.9937 -0.0243 -0.1098
vn -0.0004 0.9722 -0.2343
vn 0.0010 0.9931 -0.1172
vn -0.0542 0.9829 -0.1761
vn -0.0230 0.4210 -0.9068
vn -0.0481 0.4430 -0.8952
vn -0.1304 0.5063 -0.8525
vn -0.0049 0.4260 -0.9047
vn -0.0088 0.4534 -0.8913
vn -0.0252 0.5418 -0.8401
vn -0.0140 0.4236 -0.9058
vn -0.0295 0.4489 -0.8931
vn -0.0857 0.5317 -0.8426
vn -0.0442 0.6372 -0.7695
vn -0.0599 0.6385 -0.7673
vn -0.0393 0.5598 -0.8277
vn -0.1116 0.7383 -0.6652
vn -0.1327 0.7319 -0.6683
vn -0.0886 0.6314 -0.7704
vn -0.1965 0.7121 -0.6740
vn -0.2190 0.7063 -0.6732
vn -0.1470 0.6158 -0.7740
vn -0.2394 0.6972 -0.6757
vn -0.2595 0.6873 -0.6784
vn -0.1757 0.6049 -0.7767
vn -0.3213 0.6556 -0.6834
vn -0.3379 0.6413 -0.6889
vn -0.2267 0.5733 -0.7874
vn -0.1973 0.3690 -0.9082
vn -0.1922 0.3639 -0.9114
vn -0.0495 0.3960 -0.9169
vn -0.1011 0.2150 -0.9714
vn -0.1114 0.2155 -0.9701
vn -0.2223 0.0132 -0.9749
vn -0.0001 -0.4391 -0.8984
vn -0.0004 -0.3238 -0.9461
vn -0.0407 -0.4260 -0.9038
vn -0.0341 -0.2704 -0.9622
vn -0.0809 -0.4237 -0.9022
vn -0.0680 -0.2672 -0.9612
vn -0.1208 -0.4178 -0.9005
vn -0.1019 -0.2653 -0.9588
vn -0.1603 -0.4105 -0.8977
vn -0.1350 -0.2576 -0.9568
vn -0.1985 -0.3979 -0.8957
vn -0.1672 -0.2472 -0.9544
vn -0.2361 -0.3850 -0.8922
vn -0.1997 -0.2400 -0.9500
vn -0.2725 -0.3705 -0.8880
vn -0.2292 -0.2233 -0.9474
vn -0.3082 -0.3560 -0.8822
vn -0.2585 -0.2091 -0.9431
vn -0.2891 -0.1987 -0.9365
vn 0.0001 -0.5448 -0.8386
vn -0.0453 -0.5476 -0.8355
vn -0.0898 -0.5444 -0.8340
vn -0.1339 -0.5354 -0.8339
vn -0.1776 -0.5269 -0.8311
vn -0.2208 -0.5166 -0.8273
vn -0.2618 -0.4994 -0.8259
vn -0.3026 -0.4841 -0.8210
vn -0.3418 -0.4658 -0.8162
vn -0.3422 -0.3370 -0.8771
vn -0.0017 -0.0939 -0.9956
vn -0.0243 -0.0530 -0.9983
vn -0.0481 -0.0491 -0.9976
vn -0.0718 -0.0454 -0.9964
vn -0.0948 -0.0391 -0.9947
vn -0.1178 -0.0335 -0.9925
vn -0.1399 -0.0255 -0.9898
vn -0.1619 -0.0184 -0.9866
vn -0.1818 -0.0061 -0.9833
vn -0.0014 0.0258 -0.9997
vn 0.0004 0.0451 -0.9990
vn -0.0114 0.1878 -0.9821
vn -0.0041 0.3163 -0.9487
vn -0.0019 0.2979 -0.9546
vn -0.0000 0.3440 -0.9390
vn -0.0366 0.1801 -0.9830
vn -0.0237 0.1824 -0.9829
vn -0.0063 0.3599 -0.9330
vn -0.0027 0.3485 -0.9373
vn -0.0041 0.3556 -0.9346
vn -0.0056 0.3453 -0.9385
vn -0.0627 0.1817 -0.9814
vn -0.0513 0.1724 -0.9837
vn -0.0107 0.3624 -0.9320
vn -0.0267 0.3422 -0.9393
vn -0.0868 0.1906 -0.9778
vn -0.0155 0.3636 -0.9314
vn -0.0759 0.1822 -0.9803
vn -0.0195 0.3367 -0.9414
vn -0.0132 0.3624 -0.9319
vn -0.0245 0.3350 -0.9419
vn -0.0099 0.3415 -0.9398
vn -0.0084 0.3612 -0.9324
vn -0.0164 0.3301 -0.9438
vn -0.0197 0.3597 -0.9329
vn -0.0262 0.3516 -0.9358
vn -0.0936 0.2055 -0.9742
vn -0.2032 0.0014 -0.9791
vn -0.3153 -0.1794 -0.9319
vn -0.0240 0.3583 -0.9333
vn -0.0273 0.3566 -0.9339
vn -0.0279 0.3554 -0.9343
vn -0.0240 0.3662 -0.9302
vn -0.1393 0.2157 -0.9665
vn -0.0450 0.3444 -0.9377
vn -0.0274 0.3698 -0.9287
vn -0.1564 0.2327 -0.9599
vn -0.1495 0.2222 -0.9635
vn -0.0280 0.3722 -0.9277
vn -0.0478 0.3475 -0.9365
vn -0.1271 0.2123 -0.9689
vn -0.0385 0.3464 -0.9373
vn -0.0262 0.3676 -0.9296
vn -0.1873 0.2754 -0.9429
vn -0.1812 0.2666 -0.9466
vn -0.0354 0.3790 -0.9247
vn -0.1636 0.2676 -0.9495
vn -0.0343 0.3773 -0.9255
vn -0.0550 0.3631 -0.9301
vn -0.0369 0.3828 -0.9231
vn -0.1917 0.2975 -0.9353
vn -0.1962 0.2822 -0.9391
vn -0.0574 0.3740 -0.9256
vn -0.0402 0.3835 -0.9227
vn -0.1849 0.3123 -0.9318
vn -0.0499 0.3808 -0.9233
vn -0.1855 0.3194 -0.9293
vn -0.0613 0.3634 -0.9296
vn -0.0369 0.3805 -0.9240
vn -0.0653 0.3653 -0.9286
vn -0.2107 0.3291 -0.9205
vn -0.1989 0.3236 -0.9250
vn -0.0386 0.3899 -0.9201
vn -0.0718 0.3798 -0.9223
vn -0.0380 0.3919 -0.9192
vn -0.2101 0.3398 -0.9167
vn -0.0692 0.3989 -0.9144
vn -0.2089 0.3851 -0.8989
vn -0.0375 0.4002 -0.9157
vn -0.2048 0.3765 -0.9035
vn -0.0544 0.3942 -0.9174
vn -0.0398 0.3981 -0.9165
vn -0.0670 0.3957 -0.9159
vn -0.0689 0.3845 -0.9205
vn -0.0388 0.3935 -0.9185
vn -0.2043 0.3520 -0.9134
vn -0.0649 0.3896 -0.9187
vn -0.0413 0.3948 -0.9179
vn -0.2735 0.0540 -0.9604
vn -0.2883 0.0691 -0.9550
vn -0.3013 0.0854 -0.9497
vn -0.1577 0.2484 -0.9557
vn -0.3145 0.1011 -0.9439
vn -0.1569 0.2624 -0.9521
vn -0.3261 0.1174 -0.9380
vn -0.3374 0.1333 -0.9319
vn -0.3435 0.1530 -0.9266
vn -0.3524 0.1695 -0.9204
vn -0.3608 0.1861 -0.9139
vn -0.3667 0.2036 -0.9078
vn -0.3678 0.2232 -0.9027
vn -0.3746 0.2390 -0.8958
vn -0.3774 0.2566 -0.8898
vn -0.3811 0.2732 -0.8832
vn -0.3784 0.2918 -0.8784
vn -0.3800 0.3081 -0.8721
vn -0.3800 0.3249 -0.8660
vn -0.3754 0.3422 -0.8614
vn -0.3742 0.3582 -0.8554
vn -0.3690 0.3745 -0.8506
vn -0.0504 0.3806 -0.9234
vn -0.0415 0.3867 -0.9213
vn -0.0583 0.3810 -0.9227
vn -0.4037 -0.1466 -0.9031
vn -0.4258 -0.1239 -0.8963
vn -0.4455 -0.0997 -0.8897
vn -0.4644 -0.0757 -0.8824
vn -0.4819 -0.0515 -0.8747
vn -0.4973 -0.0262 -0.8672
vn -0.5106 -0.0000 -0.8598
vn -0.5223 0.0263 -0.8524
vn -0.5321 0.0533 -0.8450
vn -0.5432 0.0781 -0.8360
vn -0.5491 0.1054 -0.8291
vn -0.5530 0.1332 -0.8225
vn -0.5575 0.1593 -0.8147
vn -0.5606 0.1854 -0.8070
vn -0.5617 0.2116 -0.7998
vn -0.5595 0.2382 -0.7939
vn -0.5578 0.2639 -0.7869
vn -0.5570 0.2883 -0.7789
vn -0.5498 0.3139 -0.7741
vn -0.5472 0.3374 -0.7660
vn -0.5422 0.3608 -0.7588
vn -0.0502 0.3513 -0.9349
vn -0.0318 0.3717 -0.9278
vn -0.0467 0.3605 -0.9316
vn -0.0380 0.3697 -0.9284
vn -0.0425 0.3680 -0.9289
vn -0.5319 0.3846 -0.7544
vn -0.5234 0.4073 -0.7485
vn -0.6785 0.3782 -0.6297
vn -0.1193 0.6269 -0.7699
vn -0.1025 0.6266 -0.7726
vn -0.1538 0.7255 -0.6708
vn -0.0883 0.7381 -0.6688
vn -0.0668 0.7440 -0.6648
vn -0.0448 0.7469 -0.6634
vn -0.0748 0.6365 -0.7676
vn 0.0005 0.7643 -0.6449
vn -0.0007 0.8367 -0.5476
vn -0.0294 0.8375 -0.5457
vn 0.0007 0.6904 -0.7234
vn -0.2383 0.5640 -0.7907
vn -0.3539 0.6264 -0.6945
vn -0.2486 0.5538 -0.7947
vn -0.3750 0.6138 -0.6947
vn -0.2623 0.5451 -0.7963
vn -0.3926 0.5988 -0.6981
vn -0.2732 0.5345 -0.7998
vn -0.4074 0.5820 -0.7037
vn -0.2829 0.5233 -0.8038
vn -0.4246 0.5658 -0.7068
vn -0.2976 0.5135 -0.8049
vn -0.4377 0.5479 -0.7129
vn -0.3039 0.5005 -0.8106
vn -0.4513 0.5297 -0.7181
vn -0.3138 0.4883 -0.8143
vn -0.4680 0.5113 -0.7208
vn -0.3212 0.4755 -0.8190
vn -0.4804 0.4917 -0.7263
vn -0.3288 0.4622 -0.8236
vn -0.4930 0.4716 -0.7312
vn -0.3395 0.4488 -0.8266
vn -0.5064 0.4506 -0.7352
vn -0.3441 0.4347 -0.8322
vn -0.5157 0.4291 -0.7416
vn -0.3534 0.4203 -0.8357
vn -0.3607 0.4053 -0.8400
vn -0.3637 0.3901 -0.8459
vn -0.2061 0.3947 -0.8954
vn -0.1879 0.4040 -0.8953
vn -0.1899 0.4180 -0.8884
vn -0.1831 0.4097 -0.8936
vn -0.0406 0.4059 -0.9130
vn -0.0358 0.4018 -0.9150
vn -0.0686 0.4025 -0.9128
vn -0.0419 0.4032 -0.9142
vn -0.0550 0.4051 -0.9126
vn -0.0484 0.4047 -0.9132
vn -0.0343 0.4090 -0.9119
vn -0.1945 0.4357 -0.8788
vn -0.1996 0.4273 -0.8818
vn -0.0598 0.4087 -0.9107
vn -0.0354 0.4076 -0.9125
vn -0.0716 0.4134 -0.9078
vn -0.1819 0.4662 -0.8658
vn -0.1673 0.4533 -0.8755
vn -0.0331 0.4147 -0.9093
vn -0.0265 0.4151 -0.9094
vn -0.1558 0.4752 -0.8660
vn -0.1699 0.4717 -0.8653
vn -0.0691 0.4284 -0.9010
vn -0.0284 0.4146 -0.9096
vn -0.0581 0.4281 -0.9019
vn -0.0560 0.4442 -0.8942
vn -0.1454 0.5058 -0.8503
vn -0.0245 0.4203 -0.9071
vn -0.1462 0.4957 -0.8561
vn -0.1352 0.4804 -0.8666
vn -0.0304 0.4225 -0.9059
vn -0.0530 0.4375 -0.8976
vn -0.0488 0.4275 -0.9027
vn -0.0334 0.4199 -0.9069
vn -0.1398 0.4760 -0.8683
vn -0.0378 0.4237 -0.9050
vn -0.0408 0.4268 -0.9034
vn -0.0704 0.4169 -0.9062
vn -0.0349 0.4106 -0.9111
vn -0.1775 0.4419 -0.8793
vn -0.0557 0.4173 -0.9071
vn -0.1618 0.4456 -0.8805
vn -0.0430 0.4148 -0.9089
vn -0.0513 0.4190 -0.9065
vn -0.1009 0.5002 -0.8600
vn -0.1015 0.5109 -0.8536
vn -0.1887 0.5975 -0.7794
vn -0.0946 0.5285 -0.8436
vn -0.1598 0.6087 -0.7771
vn -0.0533 0.5214 -0.8517
vn -0.0638 0.5289 -0.8463
vn -0.0736 0.5290 -0.8454
vn -0.0463 0.5244 -0.8502
vn -0.0441 0.5415 -0.8395
vn -0.0161 0.5414 -0.8406
vn -0.0070 0.5396 -0.8419
vn -0.0149 0.6406 -0.7678
vn -0.2778 0.6754 -0.6831
vn -0.2978 0.6646 -0.6853
vn -0.2020 0.5901 -0.7816
vn -0.2151 0.5824 -0.7839
vn -0.1123 0.5028 -0.8571
vn -0.0214 0.4216 -0.9065
vn -0.0336 0.4351 -0.8998
vn -0.0999 0.5208 -0.8478
vn -0.0354 0.4450 -0.8948
vn -0.0156 0.4232 -0.9059
vn -0.0349 0.4503 -0.8922
vn -0.1750 0.7187 -0.6729
vn -0.1322 0.6198 -0.7736
vn -0.0127 0.4237 -0.9057
vn -0.0257 0.4276 -0.9036
vn -0.0227 0.4266 -0.9042
vn -0.0309 0.4360 -0.8994
vn -0.0205 0.4269 -0.9041
vn -0.0131 0.4343 -0.9007
vn -0.0225 0.7447 -0.6670
vn -0.0295 0.6380 -0.7695
vn -0.0171 0.4718 -0.8815
vn -0.0034 0.4258 -0.9048
vn -0.0055 0.4553 -0.8903
vn -0.0022 0.4301 -0.9028
vn -0.0013 0.4502 -0.8929
vn -0.0137 0.4389 -0.8984
vn -0.0089 0.4303 -0.9027
vn -0.0165 0.4535 -0.8911
vn -0.0059 0.4242 -0.9056
vn -0.0235 0.4448 -0.8953
vn -0.0132 0.4279 -0.9037
vn -0.0180 0.4415 -0.8971
vn -0.0160 0.4364 -0.8996
vn -0.9565 0.0059 0.2917
vn -0.9834 0.1593 -0.0866
vn -0.9470 0.2022 -0.2496
vn -0.9389 0.2444 -0.2425
vn -0.9373 0.2036 -0.2827
vn -0.9373 0.2039 -0.2827
vn -0.9374 0.2038 -0.2824
vn -0.9977 0.0602 0.0301
vn -0.9650 0.1358 -0.2244
vn -0.9833 0.0750 -0.1660
vn -0.9781 0.1612 0.1315
vn -0.9110 0.3679 -0.1863
vn -0.8984 0.3953 -0.1915
vn -0.8756 0.3758 -0.3035
vn -0.8900 0.3555 -0.2854
vn -0.8647 0.3774 -0.3314
vn -0.8650 0.3766 -0.3317
vn -0.8613 0.3409 -0.3768
vn -0.8613 0.3408 -0.3767
vn -0.8612 0.3409 -0.3769
vn -0.8611 0.3409 -0.3772
vn -0.8613 0.3408 -0.3769
vn -0.9827 0.1015 0.1552
vn -0.8929 0.2818 -0.3511
vn -0.8929 0.2817 -0.3512
vn -0.8847 0.4385 -0.1581
vn -0.8881 0.4221 0.1822
vn -0.7644 0.5490 -0.3382
vn -0.7628 0.5493 -0.3413
vn -0.7628 0.5493 -0.3412
vn -0.7643 0.5491 -0.3382
vn -0.7645 0.5489 -0.3381
vn -0.9061 0.4105 0.1024
vn -0.8328 0.4933 -0.2513
vn -0.8267 0.4921 -0.2729
vn -0.8327 0.5473 0.0843
vn -0.8304 0.5525 0.0724
vn -0.7296 0.6623 -0.1705
vn -0.6661 0.7020 -0.2519
vn -0.6625 0.6968 -0.2751
vn -0.7217 0.6506 -0.2363
vn -0.7065 0.6604 -0.2544
vn -0.7064 0.6604 -0.2546
vn -0.6768 0.6300 -0.3807
vn -0.6768 0.6301 -0.3807
vn -0.6769 0.6301 -0.3806
vn -0.6767 0.6301 -0.3807
vn -0.8655 0.4638 0.1893
vn -0.7147 0.5922 -0.3721
vn -0.7148 0.5922 -0.3720
vn -0.7147 0.5922 -0.3722
vn -0.7146 0.5922 -0.3723
vn -0.6629 0.7333 -0.1510
vn -0.7459 0.6510 0.1411
vn -0.6605 0.6989 -0.2742
vn -0.5190 0.7773 -0.3555
vn -0.6464 0.7308 0.2192
vn -0.5188 0.7775 -0.3556
vn -0.5201 0.7774 -0.3537
vn -0.5192 0.7772 -0.3556
vn -0.5190 0.7773 -0.3556
vn -0.5199 0.7775 -0.3538
vn -0.5201 0.7776 -0.3534
vn -0.6744 0.7285 0.1203
vn -0.6032 0.7590 -0.2449
vn -0.5974 0.7542 -0.2726
vn -0.4983 0.8398 -0.2154
vn -0.4598 0.8611 -0.2170
vn -0.5144 0.8526 -0.0917
vn -0.5828 0.7351 0.3464
vn -0.4308 0.8898 -0.1507
vn -0.4202 0.8596 -0.2907
vn -0.4202 0.8596 -0.2905
vn -0.4202 0.8596 -0.2908
vn -0.4202 0.8595 -0.2911
vn -0.4284 0.8205 -0.3785
vn -0.4285 0.8205 -0.3783
vn -0.4286 0.8205 -0.3782
vn -0.6083 0.7551 0.2445
vn -0.4666 0.7970 -0.3836
vn -0.4665 0.7969 -0.3837
vn -0.4189 0.9032 0.0936
vn -0.3542 0.9240 -0.1439
vn -0.3868 0.8942 -0.2254
vn -0.3030 0.9235 -0.2354
vn -0.2869 0.9235 0.2547
vn -0.2360 0.9044 -0.3555
vn -0.2358 0.9043 -0.3559
vn -0.2483 0.9268 -0.2819
vn -0.2883 0.9440 -0.1601
vn -0.3242 0.9060 0.2720
vn -0.3051 0.9165 -0.2586
vn -0.1418 0.9091 -0.3918
vn -0.1420 0.9103 -0.3888
vn -0.1418 0.9090 -0.3920
vn -0.1829 0.9593 0.2152
vn -0.0770 0.9766 -0.2010
vn -0.1257 0.9898 0.0674
vn -0.1054 0.9383 -0.3293
vn -0.1055 0.9385 -0.3288
vn -0.1054 0.9383 -0.3292
vn -0.1054 0.9382 -0.3297
vn -0.1419 0.9103 -0.3887
vn -0.1417 0.9103 -0.3890
vn -0.1423 0.9104 -0.3885
vn -0.2370 0.9300 0.2810
vn -0.1847 0.9017 -0.3910
vn -0.1844 0.9016 -0.3914
vn -0.1180 -0.9902 0.0744
vn -0.0940 -0.9250 -0.3681
vn -0.0943 -0.9250 -0.3681
vn -0.0944 -0.9250 -0.3681
vn -0.0946 -0.9250 -0.3681
vn -0.0747 -0.9965 -0.0374
vn -0.0781 -0.9969 0.0055
vn -0.0416 -0.9529 -0.3004
vn -0.0311 -0.9633 -0.2665
vn -0.2185 -0.8914 -0.3970
vn -0.2187 -0.8912 -0.3974
vn -0.2132 -0.9753 0.0576
vn -0.3218 -0.9091 -0.2645
vn -0.2691 -0.9629 -0.0207
vn -0.2788 -0.8995 -0.3365
vn -0.2186 -0.8914 -0.3970
vn -0.2190 -0.8905 -0.3988
vn -0.2186 -0.8913 -0.3973
vn -0.2191 -0.8904 -0.3991
vn -0.2191 -0.8902 -0.3994
vn -0.1636 -0.9826 0.0877
vn -0.1570 -0.8972 -0.4127
vn -0.1568 -0.8973 -0.4127
vn -0.1571 -0.8972 -0.4127
vn -0.1573 -0.8972 -0.4127
vn -0.4380 -0.8569 -0.2720
vn -0.4381 -0.8568 -0.2720
vn -0.4482 -0.8426 -0.2987
vn -0.5459 -0.7305 -0.4104
vn -0.5458 -0.7306 -0.4103
vn -0.5458 -0.7306 -0.4102
vn -0.5458 -0.7307 -0.4101
vn -0.4952 -0.7853 -0.3717
vn -0.4951 -0.7852 -0.3718
vn -0.4951 -0.7852 -0.3720
vn -0.4950 -0.7853 -0.3717
vn -0.6361 -0.7088 -0.3051
vn -0.6434 -0.7063 -0.2953
vn -0.6432 -0.7064 -0.2954
vn -0.6728 -0.7048 -0.2248
vn -0.5962 -0.7125 -0.3701
vn -0.5963 -0.7126 -0.3696
vn -0.5965 -0.7124 -0.3698
vn -0.4136 -0.8432 0.3434
vn -0.3509 -0.9049 -0.2409
vn 0.0013 -0.9664 -0.2572
vn -0.0007 -0.8792 -0.4764
vn -0.0536 -0.9060 -0.4198
vn 0.0004 -0.9905 -0.1376
vn -0.3145 -0.8550 -0.4123
vn -0.2642 -0.8698 -0.4167
vn -0.2632 -0.9072 -0.3281
vn -0.2123 -0.8843 -0.4159
vn -0.2116 -0.9182 -0.3348
vn -0.1599 -0.8933 -0.4199
vn -0.1593 -0.9291 -0.3337
vn -0.1070 -0.9007 -0.4212
vn -0.1066 -0.9374 -0.3316
vn -0.4453 -0.8951 0.0231
vn -0.5035 -0.8022 -0.3208
vn -0.4586 -0.7892 -0.4083
vn -0.5022 -0.7492 -0.4319
vn -0.7374 -0.6439 -0.2041
vn -0.6848 -0.7285 0.0191
vn -0.6952 -0.6618 -0.2807
vn -0.7630 -0.5768 -0.2918
vn -0.7615 -0.6400 0.1024
vn -0.8122 -0.4183 -0.4067
vn -0.8122 -0.4182 -0.4068
vn -0.8122 -0.4180 -0.4070
vn -0.7848 -0.4835 -0.3877
vn -0.7848 -0.4835 -0.3876
vn -0.7848 -0.4837 -0.3876
vn -0.7484 -0.6622 0.0367
vn -0.7576 -0.5872 -0.2851
vn -0.7575 -0.5873 -0.2851
vn -0.8789 -0.3998 -0.2604
vn -0.8421 -0.5391 0.0128
vn -0.8931 -0.3932 -0.2187
vn -0.8535 -0.4145 -0.3159
vn -0.8534 -0.4146 -0.3160
vn -0.7990 -0.5966 0.0753
vn -0.8120 -0.4180 -0.4074
vn -0.8122 -0.4179 -0.4070
vn -0.9351 -0.3010 -0.1870
vn -0.9331 -0.2178 -0.2860
vn -0.9426 -0.3129 0.1167
vn -0.9301 -0.0747 -0.3596
vn -0.9293 -0.0732 -0.3620
vn -0.9300 -0.0745 -0.3599
vn -0.9298 -0.1400 -0.3405
vn -0.9297 -0.1404 -0.3406
vn -0.9297 -0.1402 -0.3405
vn -0.9386 -0.3389 0.0648
vn -0.9285 -0.2182 -0.3004
vn -0.9285 -0.2184 -0.3004
vn -0.9604 -0.0135 -0.2784
vn -0.9555 0.0024 -0.2948
vn -0.9555 0.0023 -0.2950
vn -0.9749 -0.2065 0.0836
vn -0.9729 0.0160 -0.2306
vn -0.9373 -0.0262 -0.3475
vn -0.9374 -0.0260 -0.3474
vn -0.9374 -0.0258 -0.3474
vn -0.9553 -0.2691 0.1223
vn -0.9292 -0.0734 -0.3622
vn -0.9293 -0.0731 -0.3621
vn -0.9300 -0.0746 -0.3598
vn -0.8950 -0.4370 0.0899
vn -0.9014 -0.2995 -0.3129
vn -0.8934 -0.2847 -0.3476
vn -0.8914 -0.2892 -0.3490
vn -0.9726 0.0421 -0.2288
vn -0.3569 -0.7552 -0.5498
vn -0.3090 -0.7770 -0.5485
vn -0.2595 -0.7917 -0.5530
vn -0.2089 -0.8067 -0.5527
vn -0.1574 -0.8173 -0.5543
vn -0.1054 -0.8235 -0.5575
vn -0.0530 -0.8283 -0.5578
vn -0.0003 -0.8129 -0.5824
vn -0.3903 -0.6594 -0.6426
vn -0.3452 -0.6795 -0.6474
vn -0.2980 -0.6933 -0.6562
vn -0.2507 -0.7110 -0.6570
vn -0.2018 -0.7231 -0.6606
vn -0.1522 -0.7349 -0.6609
vn -0.1018 -0.7422 -0.6624
vn -0.0515 -0.7456 -0.6644
vn 0.0005 -0.7339 -0.6792
vn -0.4793 -0.6259 -0.6152
vn -0.4496 -0.7131 -0.5379
vn -0.4118 -0.8117 -0.4142
vn -0.4082 -0.8862 -0.2192
vn -0.0000 -0.6483 -0.7614
vn -0.0486 -0.6496 -0.7587
vn -0.0967 -0.6492 -0.7545
vn -0.1445 -0.6425 -0.7526
vn -0.1913 -0.6306 -0.7521
vn -0.2377 -0.6188 -0.7487
vn -0.2831 -0.6051 -0.7441
vn -0.3271 -0.5886 -0.7393
vn -0.3692 -0.5673 -0.7361
vn -0.4089 -0.5404 -0.7354
vn -0.3783 -0.4413 -0.8137
vn -0.4156 -0.4226 -0.8054
vn -0.3740 -0.3158 -0.8720
vn -0.4051 -0.2947 -0.8655
vn -0.3408 -0.1605 -0.9263
vn -0.3646 -0.1406 -0.9205
vn -0.2396 0.0274 -0.9705
vn -0.2566 0.0409 -0.9656
vn -0.3639 -0.8336 -0.4156
vn -0.4039 -0.7348 -0.5449
vn -0.4338 -0.6351 -0.6391
vn -0.4493 -0.5204 -0.7262
vn -0.4861 -0.4930 -0.7216
vn -0.4487 -0.3953 -0.8015
vn -0.4815 -0.3718 -0.7937
vn -0.4331 -0.2706 -0.8598
vn -0.5262 -0.8494 0.0409
vn -0.5888 -0.7438 -0.3164
vn -0.5470 -0.7753 -0.3156
vn -0.5452 -0.7210 -0.4277
vn -0.5861 -0.6893 -0.4259
vn -0.5204 -0.6008 -0.6069
vn -0.5582 -0.5695 -0.6033
vn -0.5216 -0.4659 -0.7148
vn -0.5549 -0.4362 -0.7084
vn -0.5000 -0.3193 -0.8050
vn -0.5275 -0.2909 -0.7982
vn -0.5657 -0.8234 0.0446
vn -0.6250 -0.6557 -0.4237
vn -0.5949 -0.5391 -0.5962
vn -0.5864 -0.4053 -0.7013
vn -0.5654 -0.2827 -0.7749
vn -0.4747 -0.8761 0.0845
vn -0.5906 -0.2529 -0.7663
vn -0.6141 -0.2227 -0.7572
vn -0.6336 -0.1892 -0.7502
vn -0.6514 -0.1558 -0.7426
vn -0.6674 -0.1222 -0.7346
vn -0.6809 -0.0876 -0.7271
vn -0.6935 -0.0539 -0.7185
vn -0.7038 -0.0198 -0.7102
vn -0.7109 0.0154 -0.7031
vn -0.7158 0.0509 -0.6965
vn -0.7196 0.0855 -0.6891
vn -0.7201 0.1207 -0.6833
vn -0.7221 0.1536 -0.6746
vn -0.7209 0.1872 -0.6673
vn -0.7167 0.2210 -0.6614
vn -0.7127 0.2533 -0.6541
vn -0.7067 0.2853 -0.6474
vn -0.6979 0.3173 -0.6421
vn -0.6883 0.3483 -0.6363
vn -0.0003 0.8953 -0.4454
vn -0.0000 0.9402 -0.3407
vn -0.0357 0.9080 -0.4174
vn -0.0411 0.9579 -0.2842
vn -0.0709 0.9048 -0.4198
vn -0.0818 0.9559 -0.2821
vn -0.1063 0.9017 -0.4191
vn -0.1225 0.9514 -0.2826
vn -0.1421 0.8980 -0.4165
vn -0.1633 0.9455 -0.2817
vn -0.1764 0.8897 -0.4210
vn -0.2035 0.9372 -0.2831
vn -0.2114 0.8825 -0.4200
vn -0.2437 0.9280 -0.2817
vn -0.2454 0.8725 -0.4226
vn -0.2827 0.9158 -0.2852
vn -0.2798 0.8621 -0.4225
vn -0.3229 0.9038 -0.2809
vn -0.3146 0.8509 -0.4207
vn -0.3611 0.8885 -0.2832
vn -0.3446 0.8344 -0.4301
vn -0.3978 0.8712 -0.2876
vn -0.3788 0.8207 -0.4277
vn -0.4346 0.8529 -0.2891
vn -0.4116 0.8046 -0.4280
vn -0.4722 0.8335 -0.2867
vn -0.4431 0.7869 -0.4294
vn -0.5072 0.8117 -0.2895
vn -0.4735 0.7676 -0.4321
vn -0.5413 0.7886 -0.2918
vn -0.5007 0.7461 -0.4389
vn -0.5751 0.7641 -0.2922
vn -0.5324 0.7251 -0.4368
vn -0.6070 0.7376 -0.2959
vn -0.5609 0.7020 -0.4390
vn -0.6370 0.7099 -0.3004
vn -0.5853 0.6771 -0.4460
vn -0.6680 0.6809 -0.3002
vn -0.6121 0.6516 -0.4480
vn -0.6975 0.6503 -0.3010
vn -0.6371 0.6248 -0.4514
vn -0.7261 0.6182 -0.3010
vn -0.6617 0.5967 -0.4540
vn -0.7529 0.5847 -0.3020
vn -0.6843 0.5676 -0.4577
vn -0.7756 0.5508 -0.3083
vn -0.7059 0.5375 -0.4614
vn -0.7987 0.5152 -0.3109
vn -0.7275 0.5058 -0.4635
vn -0.8201 0.4784 -0.3141
vn -0.7476 0.4731 -0.4661
vn -0.8402 0.4404 -0.3165
vn -0.7645 0.4400 -0.4712
vn -0.8600 0.4006 -0.3160
vn -0.7772 0.4065 -0.4802
vn -0.8731 0.3626 -0.3258
vn -0.7918 0.3713 -0.4850
vn -0.8896 0.3207 -0.3254
vn -0.8089 0.3336 -0.4842
vn -0.9031 0.2783 -0.3269
vn -0.8192 0.2972 -0.4905
vn -0.9133 0.2365 -0.3317
vn -0.8279 0.2599 -0.4970
vn -0.9222 0.1933 -0.3351
vn -0.8347 0.2222 -0.5038
vn -0.9282 0.1502 -0.3405
vn -0.8424 0.1823 -0.5071
vn -0.9340 0.1051 -0.3416
vn -0.8469 0.1427 -0.5123
vn -0.9366 0.0603 -0.3452
vn -0.8495 0.1023 -0.5175
vn -0.9356 0.0169 -0.3526
vn -0.8488 0.0626 -0.5250
vn -0.9348 -0.0299 -0.3539
vn -0.8481 0.0211 -0.5294
vn -0.9315 -0.0763 -0.3556
vn -0.8435 -0.0190 -0.5368
vn -0.9239 -0.1197 -0.3634
vn -0.8374 -0.0599 -0.5432
vn -0.9148 -0.1645 -0.3689
vn -0.8298 -0.1016 -0.5488
vn -0.9039 -0.2101 -0.3725
vn -0.8183 -0.1412 -0.5572
vn -0.8907 -0.2552 -0.3763
vn -0.8057 -0.1819 -0.5637
vn -0.8739 -0.2974 -0.3844
vn -0.7900 -0.2213 -0.5718
vn -0.8559 -0.3414 -0.3885
vn -0.7728 -0.2614 -0.5784
vn -0.8357 -0.3861 -0.3906
vn -0.7544 -0.3026 -0.5825
vn -0.8133 -0.4299 -0.3921
vn -0.7317 -0.3399 -0.5908
vn -0.7871 -0.4689 -0.4008
vn -0.7076 -0.3780 -0.5970
vn -0.7593 -0.5091 -0.4054
vn -0.6805 -0.4142 -0.6044
vn -0.7293 -0.5492 -0.4081
vn -0.6526 -0.4522 -0.6080
vn -0.6971 -0.5877 -0.4108
vn -0.6289 -0.5056 -0.5907
vn -0.6621 -0.6223 -0.4176
vn -0.1301 0.9689 -0.2107
vn -0.1735 0.9626 -0.2081
vn -0.2154 0.9527 -0.2144
vn -0.5361 0.8163 -0.2151
vn -0.5721 0.7912 -0.2164
vn -0.7623 0.6070 -0.2247
vn -0.7896 0.5709 -0.2249
vn -0.8130 0.5346 -0.2305
vn -0.9276 0.2880 -0.2379
vn -0.9625 -0.0785 -0.2595
vn -0.9560 -0.1238 -0.2659
vn -0.9477 -0.1700 -0.2700
vn -0.8495 -0.4425 -0.2874
vn -0.8245 -0.4842 -0.2926
vn -0.7973 -0.5241 -0.2995
vn -0.6693 0.4070 -0.6216
vn -0.6540 0.4362 -0.6180
vn -0.6399 0.4642 -0.6124
vn -0.6237 0.4911 -0.6081
vn -0.6091 0.5172 -0.6012
vn -0.5894 0.5426 -0.5985
vn -0.5697 0.5668 -0.5951
vn -0.5536 0.5906 -0.5871
vn -0.5300 0.6125 -0.5865
vn -0.5091 0.6341 -0.5819
vn -0.4895 0.6554 -0.5752
vn -0.4649 0.6742 -0.5739
vn -0.4398 0.6920 -0.5724
vn -0.4143 0.7089 -0.5708
vn -0.3906 0.7258 -0.5663
vn -0.3645 0.7403 -0.5650
vn -0.3372 0.7534 -0.5646
vn -0.3136 0.7690 -0.5571
vn -0.2865 0.7807 -0.5554
vn -0.2593 0.7918 -0.5530
vn -0.2294 0.7988 -0.5561
vn -0.2021 0.8086 -0.5526
vn -0.1736 0.8155 -0.5522
vn -0.1454 0.8226 -0.5496
vn -0.1166 0.8281 -0.5484
vn -0.0880 0.8340 -0.5447
vn -0.0586 0.8357 -0.5460
vn -0.0005 0.6036 -0.7973
vn -0.0004 0.5046 -0.8633
vn -0.0000 0.4501 -0.8930
vn 0.0412 0.9579 -0.2841
vn 0.1781 0.2840 -0.9421
vn 0.1798 0.2912 -0.9396
vn 0.0486 0.3727 -0.9267
vn 0.4450 -0.0991 -0.8900
vn 0.4641 -0.0754 -0.8826
vn 0.3147 0.1007 -0.9438
vn 0.4998 -0.3196 -0.8050
vn 0.5275 -0.2916 -0.7980
vn 0.4261 -0.1244 -0.8961
vn 0.1842 0.4193 -0.8890
vn 0.1754 0.4247 -0.8882
vn 0.0460 0.4090 -0.9114
vn 0.0069 0.5337 -0.8456
vn 0.0298 0.8374 -0.5458
vn 0.0226 0.7446 -0.6671
vn 0.0249 0.5434 -0.8391
vn 0.0151 0.5345 -0.8450
vn 0.0039 0.4294 -0.9031
vn 0.0006 0.4436 -0.8962
vn 0.0020 0.4305 -0.9026
vn 0.0044 0.4482 -0.8939
vn 0.0061 0.4250 -0.9052
vn 0.0421 0.5381 -0.8418
vn 0.0358 0.5490 -0.8350
vn 0.0099 0.4279 -0.9038
vn 0.0581 0.5320 -0.8447
vn 0.0520 0.5398 -0.8402
vn 0.0141 0.4494 -0.8932
vn 0.0070 0.4238 -0.9057
vn 0.0192 0.4538 -0.8909
vn 0.0083 0.4549 -0.8905
vn 0.0047 0.4260 -0.9047
vn 0.0135 0.4601 -0.8878
vn 0.0912 0.5259 -0.8457
vn 0.0754 0.5180 -0.8521
vn 0.0158 0.4261 -0.9045
vn 0.0658 0.5142 -0.8551
vn 0.0157 0.4287 -0.9033
vn 0.0204 0.4361 -0.8997
vn 0.1063 0.5167 -0.8495
vn 0.0986 0.5213 -0.8477
vn 0.0163 0.4221 -0.9064
vn 0.0375 0.4441 -0.8952
vn 0.0186 0.4227 -0.9061
vn 0.1163 0.5147 -0.8495
vn 0.0312 0.4474 -0.8938
vn 0.0155 0.4232 -0.9059
vn 0.0357 0.4474 -0.8936
vn 0.0207 0.4488 -0.8934
vn 0.0122 0.4295 -0.9030
vn 0.0614 0.5213 -0.8512
vn 0.0154 0.4332 -0.9012
vn 0.0134 0.4275 -0.9039
vn 0.1498 0.4894 -0.8591
vn 0.1395 0.4931 -0.8587
vn 0.0255 0.4192 -0.9075
vn 0.1249 0.4931 -0.8610
vn 0.0275 0.4225 -0.9060
vn 0.0466 0.4350 -0.8992
vn 0.0273 0.4170 -0.9085
vn 0.1531 0.4727 -0.8678
vn 0.1620 0.4856 -0.8590
vn 0.0460 0.4246 -0.9042
vn 0.0306 0.4166 -0.9086
vn 0.1550 0.4649 -0.8717
vn 0.0424 0.4198 -0.9066
vn 0.1602 0.4610 -0.8728
vn 0.0550 0.4364 -0.8981
vn 0.0257 0.4177 -0.9082
vn 0.0610 0.4354 -0.8981
vn 0.1838 0.4504 -0.8737
vn 0.1715 0.4561 -0.8732
vn 0.0316 0.4128 -0.9103
vn 0.0663 0.4220 -0.9042
vn 0.0317 0.4113 -0.9110
vn 0.1900 0.4426 -0.8763
vn 0.0720 0.4047 -0.9116
vn 0.2052 0.4025 -0.8921
vn 0.0346 0.4047 -0.9138
vn 0.1973 0.4114 -0.8898
vn 0.0541 0.4095 -0.9107
vn 0.0405 0.4065 -0.9127
vn 0.0620 0.4077 -0.9110
vn 0.0682 0.4187 -0.9056
vn 0.0343 0.4104 -0.9113
vn 0.1817 0.4327 -0.8830
vn 0.0573 0.4130 -0.9089
vn 0.0399 0.4100 -0.9112
vn 0.0153 0.6408 -0.7676
vn 0.0296 0.6383 -0.7692
vn 0.0443 0.6377 -0.7690
vn 0.0598 0.6385 -0.7673
vn 0.0750 0.6369 -0.7673
vn 0.0892 0.6328 -0.7691
vn 0.1024 0.6265 -0.7727
vn 0.1194 0.6269 -0.7699
vn 0.1323 0.6200 -0.7734
vn 0.1473 0.6161 -0.7738
vn 0.1603 0.6094 -0.7765
vn 0.1753 0.6043 -0.7772
vn 0.1880 0.5969 -0.7800
vn 0.2024 0.5905 -0.7813
vn 0.2134 0.5811 -0.7853
vn 0.1141 0.5015 -0.8576
vn 0.2263 0.5730 -0.7877
vn 0.1135 0.4927 -0.8628
vn 0.2384 0.5641 -0.7906
vn 0.2483 0.5537 -0.7948
vn 0.2626 0.5452 -0.7961
vn 0.2731 0.5345 -0.7998
vn 0.2843 0.5238 -0.8030
vn 0.2975 0.5134 -0.8050
vn 0.3040 0.5006 -0.8106
vn 0.3131 0.4882 -0.8147
vn 0.3234 0.4757 -0.8180
vn 0.3277 0.4622 -0.8240
vn 0.3406 0.4489 -0.8261
vn 0.3450 0.4348 -0.8318
vn 0.3515 0.4203 -0.8365
vn 0.3611 0.4052 -0.8399
vn 0.3642 0.3901 -0.8457
vn 0.3686 0.3745 -0.8508
vn 0.0465 0.4220 -0.9054
vn 0.0365 0.4161 -0.9086
vn 0.0559 0.4224 -0.9047
vn 0.0448 0.7471 -0.6632
vn 0.0670 0.7446 -0.6642
vn 0.0880 0.7376 -0.6694
vn 0.1115 0.7380 -0.6655
vn 0.1328 0.7320 -0.6683
vn 0.1542 0.7260 -0.6702
vn 0.1753 0.7192 -0.6723
vn 0.1965 0.7122 -0.6739
vn 0.2193 0.7066 -0.6727
vn 0.2396 0.6974 -0.6755
vn 0.2606 0.6880 -0.6773
vn 0.2792 0.6766 -0.6813
vn 0.2973 0.6643 -0.6858
vn 0.3206 0.6551 -0.6842
vn 0.3383 0.6415 -0.6885
vn 0.3541 0.6266 -0.6942
vn 0.3740 0.6133 -0.6956
vn 0.3917 0.5984 -0.6989
vn 0.4076 0.5822 -0.7035
vn 0.4243 0.5656 -0.7071
vn 0.4376 0.5479 -0.7129
vn 0.4520 0.5298 -0.7177
vn 0.4685 0.5113 -0.7204
vn 0.4807 0.4917 -0.7261
vn 0.4931 0.4717 -0.7310
vn 0.5066 0.4506 -0.7351
vn 0.5150 0.4292 -0.7420
vn 0.5217 0.4075 -0.7495
vn 0.5326 0.3846 -0.7540
vn 0.5425 0.3608 -0.7587
vn 0.5469 0.3374 -0.7662
vn 0.5498 0.3139 -0.7741
vn 0.0411 0.4434 -0.8954
vn 0.0205 0.4224 -0.9062
vn 0.0362 0.4341 -0.9001
vn 0.0290 0.4272 -0.9037
vn 0.0357 0.4304 -0.9019
vn 0.0586 0.8353 -0.5466
vn 0.0879 0.8337 -0.5452
vn 0.1166 0.8279 -0.5487
vn 0.1454 0.8225 -0.5499
vn 0.1735 0.8154 -0.5523
vn 0.2022 0.8086 -0.5525
vn 0.2297 0.7994 -0.5552
vn 0.2593 0.7918 -0.5530
vn 0.2859 0.7803 -0.5563
vn 0.3129 0.7682 -0.5586
vn 0.3373 0.7535 -0.5644
vn 0.3648 0.7405 -0.5644
vn 0.3902 0.7256 -0.5668
vn 0.4153 0.7094 -0.5695
vn 0.4407 0.6924 -0.5712
vn 0.4646 0.6741 -0.5742
vn 0.4894 0.6552 -0.5755
vn 0.5089 0.6341 -0.5822
vn 0.5296 0.6125 -0.5869
vn 0.5528 0.5904 -0.5880
vn 0.5702 0.5670 -0.5945
vn 0.5890 0.5426 -0.5989
vn 0.6089 0.5172 -0.6015
vn 0.6229 0.4912 -0.6088
vn 0.6412 0.4639 -0.6113
vn 0.6537 0.4363 -0.6183
vn 0.6687 0.4070 -0.6222
vn 0.6784 0.3782 -0.6298
vn 0.6880 0.3485 -0.6366
vn 0.6991 0.3169 -0.6410
vn 0.7070 0.2852 -0.6472
vn 0.7124 0.2534 -0.6544
vn 0.7168 0.2210 -0.6613
vn 0.5661 -0.2835 -0.7741
vn 0.5899 -0.2519 -0.7672
vn 0.4820 -0.0517 -0.8747
vn 0.6139 -0.2225 -0.7574
vn 0.4974 -0.0262 -0.8671
vn 0.6336 -0.1891 -0.7502
vn 0.5107 -0.0001 -0.8597
vn 0.6512 -0.1556 -0.7428
vn 0.5227 0.0259 -0.8521
vn 0.6680 -0.1230 -0.7339
vn 0.5325 0.0530 -0.8448
vn 0.6810 -0.0876 -0.7271
vn 0.5431 0.0781 -0.8361
vn 0.6938 -0.0543 -0.7181
vn 0.5487 0.1057 -0.8293
vn 0.7038 -0.0199 -0.7101
vn 0.5529 0.1332 -0.8225
vn 0.7104 0.0158 -0.7036
vn 0.5571 0.1596 -0.8150
vn 0.7159 0.0508 -0.6963
vn 0.5596 0.1860 -0.8076
vn 0.7197 0.0854 -0.6890
vn 0.5615 0.2116 -0.8000
vn 0.7199 0.1209 -0.6835
vn 0.5587 0.2386 -0.7943
vn 0.7214 0.1540 -0.6752
vn 0.5582 0.2637 -0.7867
vn 0.7211 0.1870 -0.6671
vn 0.5563 0.2884 -0.7793
vn 0.2585 -0.2087 -0.9432
vn 0.3421 -0.3367 -0.8773
vn 0.2889 -0.1986 -0.9365
vn 0.3739 -0.3157 -0.8721
vn 0.3155 -0.1795 -0.9318
vn 0.4047 -0.2939 -0.8659
vn 0.3406 -0.1604 -0.9264
vn 0.4331 -0.2696 -0.8601
vn 0.3642 -0.1398 -0.9208
vn 0.4034 -0.1466 -0.9032
vn 0.4820 -0.3717 -0.7934
vn 0.4488 -0.3959 -0.8011
vn 0.4157 -0.4226 -0.8054
vn 0.0408 -0.4256 -0.9040
vn 0.0453 -0.5483 -0.8351
vn 0.0810 -0.4240 -0.9020
vn 0.0898 -0.5443 -0.8340
vn 0.1207 -0.4176 -0.9006
vn 0.1339 -0.5355 -0.8338
vn 0.1602 -0.4100 -0.8979
vn 0.1776 -0.5267 -0.8313
vn 0.1984 -0.3971 -0.8961
vn 0.2207 -0.5165 -0.8273
vn 0.2362 -0.3851 -0.8922
vn 0.2621 -0.5006 -0.8250
vn 0.2723 -0.3698 -0.8883
vn 0.3026 -0.4841 -0.8210
vn 0.3083 -0.3561 -0.8822
vn 0.3419 -0.4657 -0.8162
vn 0.3782 -0.4413 -0.8138
vn 0.0245 -0.0533 -0.9983
vn 0.0346 -0.2704 -0.9621
vn 0.0481 -0.0492 -0.9976
vn 0.0680 -0.2670 -0.9613
vn 0.0718 -0.0453 -0.9964
vn 0.1019 -0.2652 -0.9588
vn 0.0948 -0.0387 -0.9947
vn 0.1349 -0.2569 -0.9570
vn 0.1179 -0.0340 -0.9924
vn 0.1672 -0.2467 -0.9546
vn 0.1399 -0.0252 -0.9899
vn 0.1993 -0.2388 -0.9504
vn 0.1621 -0.0192 -0.9866
vn 0.2290 -0.2226 -0.9477
vn 0.1818 -0.0060 -0.9833
vn 0.2032 0.0015 -0.9791
vn 0.2221 0.0136 -0.9749
vn 0.2397 0.0271 -0.9705
vn 0.2566 0.0410 -0.9656
vn 0.2732 0.0545 -0.9604
vn 0.2882 0.0692 -0.9551
vn 0.3265 0.1170 -0.9379
vn 0.3373 0.1334 -0.9319
vn 0.3451 0.1517 -0.9262
vn 0.3519 0.1700 -0.9205
vn 0.3625 0.1848 -0.9135
vn 0.3668 0.2035 -0.9078
vn 0.3683 0.2230 -0.9026
vn 0.3746 0.2390 -0.8958
vn 0.3774 0.2566 -0.8898
vn 0.3802 0.2735 -0.8835
vn 0.3800 0.2912 -0.8780
vn 0.3812 0.3078 -0.8717
vn 0.3794 0.3250 -0.8663
vn 0.3751 0.3423 -0.8615
vn 0.3739 0.3581 -0.8555
vn 0.2034 0.3936 -0.8965
vn 0.1935 0.3860 -0.9020
vn 0.2069 0.3689 -0.9062
vn 0.1895 0.3805 -0.9052
vn 0.0442 0.3978 -0.9164
vn 0.0367 0.4032 -0.9144
vn 0.0661 0.4013 -0.9136
vn 0.0395 0.4015 -0.9150
vn 0.0542 0.3989 -0.9154
vn 0.0503 0.3989 -0.9156
vn 0.0363 0.3956 -0.9177
vn 0.2083 0.3491 -0.9136
vn 0.2117 0.3580 -0.9094
vn 0.0646 0.3949 -0.9164
vn 0.0373 0.3971 -0.9170
vn 0.0697 0.3903 -0.9180
vn 0.2032 0.3125 -0.9279
vn 0.2003 0.3249 -0.9243
vn 0.0393 0.3880 -0.9208
vn 0.0678 0.3752 -0.9245
vn 0.0378 0.3864 -0.9216
vn 0.2000 0.3028 -0.9319
vn 0.0568 0.3584 -0.9318
vn 0.1772 0.2572 -0.9500
vn 0.0314 0.3797 -0.9246
vn 0.1834 0.2665 -0.9462
vn 0.0499 0.3728 -0.9266
vn 0.0371 0.3783 -0.9249
vn 0.0576 0.3631 -0.9300
vn 0.0646 0.3725 -0.9258
vn 0.0373 0.3846 -0.9223
vn 0.1965 0.2923 -0.9359
vn 0.0597 0.3705 -0.9269
vn 0.0400 0.3806 -0.9239
vn 0.0683 0.3869 -0.9196
vn 0.0403 0.3931 -0.9186
vn 0.2017 0.3413 -0.9181
vn 0.0598 0.3856 -0.9207
vn 0.1865 0.3388 -0.9222
vn 0.0456 0.3890 -0.9201
vn 0.0603 0.3825 -0.9220
vn 0.1685 0.2498 -0.9535
vn 0.1557 0.2470 -0.9564
vn 0.3001 0.0869 -0.9499
vn 0.0319 0.3770 -0.9257
vn 0.0519 0.3571 -0.9326
vn 0.0343 0.3721 -0.9276
vn 0.0440 0.3595 -0.9321
vn 0.1459 0.2459 -0.9583
vn 0.0401 0.3647 -0.9303
vn 0.0349 0.3662 -0.9299
vn 0.1408 0.2350 -0.9617
vn 0.1328 0.2053 -0.9697
vn 0.1378 0.2202 -0.9657
vn 0.0252 0.3691 -0.9291
vn 0.0210 0.3672 -0.9299
vn 0.1076 0.1987 -0.9741
vn 0.1190 0.2040 -0.9717
vn 0.0444 0.3399 -0.9394
vn 0.0228 0.3686 -0.9293
vn 0.0360 0.3448 -0.9380
vn 0.0399 0.3586 -0.9326
vn 0.0292 0.3677 -0.9295
vn 0.0438 0.3484 -0.9363
vn 0.0633 0.1826 -0.9811
vn 0.0728 0.1947 -0.9781
vn 0.0146 0.3587 -0.9333
vn 0.0818 0.2046 -0.9754
vn 0.0194 0.3596 -0.9329
vn 0.0217 0.3468 -0.9377
vn 0.0081 0.3632 -0.9317
vn 0.0382 0.1726 -0.9843
vn 0.0521 0.1723 -0.9837
vn 0.0024 0.3445 -0.9388
vn 0.0114 0.1835 -0.9830
vn 0.0038 0.3578 -0.9338
vn 0.0245 0.1745 -0.9843
vn 0.0112 0.3359 -0.9418
vn 0.0057 0.3628 -0.9319
vn 0.0065 0.3380 -0.9411
vn 0.0200 0.3377 -0.9410
vn 0.0111 0.3607 -0.9326
vn 0.0174 0.3302 -0.9438
vn 0.0335 0.3401 -0.9398
vn 0.0211 0.3623 -0.9318
vn 0.0923 0.2023 -0.9750
vn 0.0244 0.3490 -0.9368
vn 0.0244 0.3576 -0.9336
vn 0.9414 -0.2383 0.2387
vn 0.9924 -0.0816 -0.0926
vn 0.9665 0.0160 -0.2562
vn 0.9648 -0.0288 -0.2615
vn 0.9595 0.0427 -0.2783
vn 0.9596 0.0427 -0.2782
vn 0.9964 -0.0824 0.0195
vn 0.9739 0.0584 -0.2193
vn 0.9833 0.0723 -0.1669
vn 0.9600 -0.2609 0.1013
vn 0.9555 -0.2083 -0.2087
vn 0.9483 -0.2363 -0.2118
vn 0.9403 -0.1187 -0.3191
vn 0.9460 -0.1110 -0.3044
vn 0.9332 -0.0958 -0.3464
vn 0.9334 -0.0946 -0.3460
vn 0.9233 -0.0166 -0.3837
vn 0.9234 -0.0165 -0.3836
vn 0.9233 -0.0165 -0.3837
vn 0.9233 -0.0163 -0.3838
vn 0.9668 -0.2232 0.1245
vn 0.9360 0.0232 -0.3512
vn 0.9334 -0.3046 -0.1896
vn 0.8869 -0.3121 -0.3405
vn 0.8873 -0.3136 -0.3381
vn 0.8869 -0.3120 -0.3406
vn 0.8448 -0.5248 0.1041
vn 0.8873 -0.3136 -0.3380
vn 0.8874 -0.3136 -0.3380
vn 0.8874 -0.3134 -0.3380
vn 0.8836 -0.4660 0.0467
vn 0.9143 -0.3021 -0.2699
vn 0.9183 -0.2965 -0.2622
vn 0.8109 -0.5843 0.0322
vn 0.8122 -0.5829 0.0234
vn 0.8038 -0.5556 -0.2126
vn 0.8203 -0.5003 -0.2770
vn 0.8310 -0.3913 -0.3954
vn 0.8309 -0.3914 -0.3954
vn 0.8309 -0.3915 -0.3954
vn 0.8309 -0.3915 -0.3953
vn 0.8308 -0.3916 -0.3955
vn 0.8191 -0.5644 0.1026
vn 0.8598 -0.3488 -0.3730
vn 0.8597 -0.3489 -0.3730
vn 0.8598 -0.3489 -0.3729
vn 0.7135 -0.6996 0.0382
vn 0.7342 -0.6472 -0.2051
vn 0.7755 -0.5615 -0.2888
vn 0.7806 -0.5604 -0.2768
vn 0.6739 -0.6445 -0.3614
vn 0.6738 -0.6447 -0.3610
vn 0.6741 -0.6440 -0.3616
vn 0.5948 -0.7995 0.0835
vn 0.6738 -0.6446 -0.3612
vn 0.6741 -0.6458 -0.3584
vn 0.6739 -0.6447 -0.3609
vn 0.6742 -0.6457 -0.3585
vn 0.6742 -0.6459 -0.3581
vn 0.6471 -0.7620 0.0266
vn 0.7111 -0.6420 -0.2867
vn 0.7177 -0.6448 -0.2632
vn 0.5114 -0.8462 0.1500
vn 0.5397 -0.7844 -0.3057
vn 0.5545 -0.8238 -0.1176
vn 0.5885 -0.7454 -0.3131
vn 0.4930 -0.8418 -0.2198
vn 0.4661 -0.8415 -0.2730
vn 0.5317 -0.7923 -0.2993
vn 0.5315 -0.7924 -0.2992
vn 0.5818 -0.7141 -0.3894
vn 0.5819 -0.7140 -0.3893
vn 0.5819 -0.7139 -0.3895
vn 0.5820 -0.7139 -0.3893
vn 0.5529 -0.8277 0.0957
vn 0.6286 -0.6707 -0.3937
vn 0.6287 -0.6708 -0.3934
vn 0.6287 -0.6709 -0.3933
vn 0.4053 -0.8876 -0.2189
vn 0.3719 -0.8831 -0.2860
vn 0.2571 -0.9632 0.0779
vn 0.3266 -0.8738 -0.3604
vn 0.3264 -0.8739 -0.3602
vn 0.3202 -0.8826 -0.3442
vn 0.3812 -0.8879 -0.2574
vn 0.2062 -0.8933 -0.3995
vn 0.2062 -0.8927 -0.4007
vn 0.1664 -0.9844 0.0564
vn 0.0952 -0.9602 -0.2626
vn 0.0633 -0.9667 -0.2478
vn 0.1238 -0.9919 -0.0279
vn 0.1437 -0.9322 -0.3321
vn 0.1436 -0.9322 -0.3322
vn 0.1438 -0.9322 -0.3321
vn 0.2061 -0.8932 -0.3997
vn 0.2063 -0.8928 -0.4004
vn 0.2062 -0.8929 -0.4003
vn 0.2062 -0.8928 -0.4006
vn 0.2098 -0.9737 0.0884
vn 0.2670 -0.8726 -0.4089
vn 0.2671 -0.8726 -0.4089
vn 0.2671 -0.8727 -0.4089
vn 0.6527 -0.4523 -0.6078
vn 0.5857 -0.4049 -0.7021
vn 0.6289 -0.5053 -0.5909
vn 0.5549 -0.4362 -0.7084
vn 0.5949 -0.5392 -0.5961
vn 0.5215 -0.4654 -0.7152
vn 0.5581 -0.5694 -0.6035
vn 0.4861 -0.4930 -0.7216
vn 0.5204 -0.6007 -0.6070
vn 0.4493 -0.5203 -0.7262
vn 0.4794 -0.6260 -0.6151
vn 0.4086 -0.5399 -0.7359
vn 0.5023 -0.7492 -0.4317
vn 0.4491 -0.7132 -0.5381
vn 0.4586 -0.7893 -0.4082
vn 0.4039 -0.7351 -0.5446
vn 0.4119 -0.8121 -0.4134
vn 0.3568 -0.7556 -0.5493
vn 0.3637 -0.8339 -0.4151
vn 0.3091 -0.7770 -0.5484
vn 0.3148 -0.8552 -0.4117
vn 0.2594 -0.7914 -0.5536
vn 0.2639 -0.8698 -0.4169
vn 0.2090 -0.8068 -0.5527
vn 0.2124 -0.8844 -0.4157
vn 0.1574 -0.8176 -0.5539
vn 0.1600 -0.8933 -0.4200
vn 0.1053 -0.8233 -0.5578
vn 0.1070 -0.9008 -0.4209
vn 0.0531 -0.8284 -0.5576
vn 0.0541 -0.9057 -0.4204
vn 0.0487 -0.6493 -0.7590
vn 0.0511 -0.7455 -0.6646
vn 0.0967 -0.6488 -0.7548
vn 0.1019 -0.7421 -0.6625
vn 0.1444 -0.6423 -0.7527
vn 0.1522 -0.7347 -0.6611
vn 0.1915 -0.6311 -0.7517
vn 0.2017 -0.7229 -0.6609
vn 0.2377 -0.6191 -0.7485
vn 0.2508 -0.7110 -0.6569
vn 0.2831 -0.6050 -0.7442
vn 0.2980 -0.6932 -0.6563
vn 0.3272 -0.5890 -0.7389
vn 0.3452 -0.6797 -0.6472
vn 0.3695 -0.5679 -0.7355
vn 0.3905 -0.6597 -0.6421
vn 0.4333 -0.6353 -0.6392
vn 0.1320 0.9564 0.2606
vn 0.0666 0.9312 -0.3583
vn 0.0669 0.9312 -0.3582
vn 0.0669 0.9312 -0.3583
vn 0.0671 0.9312 -0.3584
vn 0.0752 0.9959 0.0508
vn 0.0756 0.9956 0.0550
vn 0.0823 0.9883 0.1287
vn 0.0938 0.9589 0.2679
vn 0.0338 0.9717 -0.2339
vn 0.0245 0.9652 -0.2604
vn 0.1508 0.9089 -0.3889
vn 0.1508 0.9088 -0.3891
vn 0.1506 0.9086 -0.3895
vn 0.2349 0.9455 0.2257
vn 0.2675 0.9403 -0.2106
vn 0.2975 0.9384 -0.1757
vn 0.2742 0.9590 0.0713
vn 0.2061 0.9211 -0.3304
vn 0.2061 0.9211 -0.3303
vn 0.2062 0.9211 -0.3302
vn 0.2061 0.9210 -0.3305
vn 0.1507 0.9089 -0.3888
vn 0.1509 0.9072 -0.3927
vn 0.1510 0.9088 -0.3890
vn 0.1509 0.9071 -0.3929
vn 0.1850 0.9411 0.2829
vn 0.1067 0.9104 -0.3998
vn 0.1063 0.9103 -0.4001
vn 0.1066 0.9104 -0.3998
vn 0.1069 0.9103 -0.4000
vn 0.1069 0.9104 -0.3997
vn 0.3572 0.9228 -0.1447
vn 0.3664 0.8995 -0.2381
vn 0.5235 0.8172 0.2413
vn 0.3646 0.8588 -0.3599
vn 0.3644 0.8587 -0.3604
vn 0.3646 0.8587 -0.3602
vn 0.4689 0.8738 0.1291
vn 0.3496 0.8980 -0.2671
vn 0.3497 0.8981 -0.2669
vn 0.4453 0.8169 -0.3665
vn 0.4452 0.8167 -0.3672
vn 0.6014 0.7828 0.1598
vn 0.5954 0.7849 -0.1713
vn 0.5939 0.7707 -0.2308
vn 0.5362 0.8162 -0.2151
vn 0.5162 0.8034 -0.2968
vn 0.5164 0.8032 -0.2968
vn 0.5163 0.8034 -0.2968
vn 0.5163 0.8033 -0.2968
vn 0.5161 0.8035 -0.2967
vn 0.4454 0.8167 -0.3671
vn 0.4454 0.8168 -0.3668
vn 0.4977 0.5215 0.6930
vn 0.5590 0.8149 0.1529
vn 0.3923 0.8306 -0.3953
vn 0.3923 0.8306 -0.3952
vn 0.3924 0.8306 -0.3951
vn 0.3923 0.8308 -0.3949
vn 0.6661 0.7303 -0.1518
vn 0.7062 0.7024 0.0889
vn 0.6558 0.7137 -0.2460
vn 0.8135 0.5451 0.2025
vn 0.6451 0.6519 -0.3987
vn 0.6450 0.6519 -0.3988
vn 0.6239 0.6863 -0.3738
vn 0.6238 0.6865 -0.3737
vn 0.6239 0.6865 -0.3734
vn 0.7771 0.6184 0.1171
vn 0.6393 0.7209 -0.2676
vn 0.6393 0.7208 -0.2678
vn 0.8569 0.5105 0.0717
vn 0.8253 0.5338 -0.1839
vn 0.8378 0.4958 -0.2287
vn 0.7909 0.5653 -0.2344
vn 0.7246 0.6115 -0.3177
vn 0.7245 0.6115 -0.3180
vn 0.7245 0.6116 -0.3179
vn 0.7245 0.6116 -0.3178
vn 0.7244 0.6116 -0.3180
vn 0.8391 0.5198 0.1602
vn 0.6450 0.6519 -0.3989
vn 0.6448 0.6517 -0.3993
vn 0.6450 0.6519 -0.3987
vn 0.6449 0.6519 -0.3989
vn 0.8871 0.4337 -0.1579
vn 0.8641 0.4317 -0.2588
vn 0.9677 0.1994 0.1543
vn 0.8558 0.3736 -0.3578
vn 0.8554 0.3739 -0.3585
vn 0.8492 0.4121 -0.3303
vn 0.8491 0.4121 -0.3303
vn 0.8491 0.4121 -0.3304
vn 0.9572 0.2698 0.1046
vn 0.8492 0.4465 -0.2821
vn 0.8491 0.4465 -0.2821
vn 0.9300 0.2499 -0.2695
vn 0.9203 0.2549 -0.2967
vn 0.9203 0.2553 -0.2966
vn 0.9861 0.1201 0.1146
vn 0.9552 0.1849 -0.2311
vn 0.8800 0.3232 -0.3481
vn 0.8800 0.3231 -0.3481
vn 0.8800 0.3231 -0.3482
vn 0.8801 0.3229 -0.3481
vn 0.9762 0.1492 0.1574
vn 0.8553 0.3740 -0.3587
vn 0.8551 0.3742 -0.3588
vn 0.8552 0.3741 -0.3588
vn 0.8553 0.3739 -0.3588
vn 0.8552 0.3739 -0.3589
vn 0.8556 0.3737 -0.3582
vn 0.9268 0.3459 0.1461
vn 0.7764 0.5312 -0.3392
vn 0.7763 0.5314 -0.3391
vn 0.9997 0.0177 0.0142
vn 0.9593 0.1603 -0.2323
vn 0.1593 -0.9290 -0.3339
vn 0.2117 -0.9179 -0.3357
vn 0.2630 -0.9074 -0.3277
vn 0.5452 -0.7209 -0.4278
vn 0.5861 -0.6893 -0.4259
vn 0.6250 -0.6553 -0.4242
vn 0.6289 -0.7098 -0.3172
vn 0.6621 -0.6224 -0.4174
vn 0.6668 -0.6781 -0.3089
vn 0.6970 -0.5879 -0.4105
vn 0.7294 -0.5497 -0.4073
vn 0.7593 -0.5091 -0.4053
vn 0.7871 -0.4690 -0.4006
vn 0.8132 -0.4300 -0.3923
vn 0.8358 -0.3863 -0.3901
vn 0.8495 -0.4430 -0.2865
vn 0.8559 -0.3413 -0.3885
vn 0.8713 -0.3961 -0.2895
vn 0.8739 -0.2973 -0.3846
vn 0.8911 -0.3507 -0.2881
vn 0.8905 -0.2550 -0.3768
vn 0.9040 -0.2103 -0.3722
vn 0.9148 -0.1643 -0.3690
vn 0.9239 -0.1197 -0.3633
vn 0.9316 -0.0766 -0.3554
vn 0.9348 -0.0298 -0.3539
vn 0.9615 -0.0765 -0.2640
vn 0.9357 0.0169 -0.3525
vn 0.9368 0.0600 -0.3447
vn 0.9339 0.1051 -0.3418
vn 0.9282 0.1502 -0.3404
vn 0.9213 0.1941 -0.3368
vn 0.9132 0.2365 -0.3318
vn 0.9031 0.2783 -0.3269
vn 0.8897 0.3206 -0.3251
vn 0.9278 0.2877 -0.2374
vn 0.8743 0.3619 -0.3235
vn 0.9130 0.3318 -0.2372
vn 0.8595 0.4008 -0.3171
vn 0.8947 0.3763 -0.2408
vn 0.8403 0.4404 -0.3162
vn 0.8199 0.4784 -0.3144
vn 0.7988 0.5151 -0.3109
vn 0.7758 0.5507 -0.3079
vn 0.7523 0.5849 -0.3033
vn 0.7259 0.6181 -0.3015
vn 0.7618 0.6072 -0.2260
vn 0.6970 0.6504 -0.3019
vn 0.7340 0.6413 -0.2234
vn 0.6681 0.6809 -0.2999
vn 0.7030 0.6748 -0.2247
vn 0.6374 0.7099 -0.2996
vn 0.6072 0.7376 -0.2954
vn 0.5747 0.7640 -0.2934
vn 0.5417 0.7887 -0.2906
vn 0.5074 0.8119 -0.2889
vn 0.4724 0.8336 -0.2861
vn 0.4988 0.8397 -0.2146
vn 0.4349 0.8532 -0.2879
vn 0.4594 0.8612 -0.2175
vn 0.3979 0.8712 -0.2875
vn 0.4216 0.8814 -0.2131
vn 0.3616 0.8888 -0.2816
vn 0.3230 0.9039 -0.2804
vn 0.2826 0.9157 -0.2856
vn 0.2438 0.9280 -0.2817
vn 0.2034 0.9371 -0.2836
vn 0.2152 0.9527 -0.2147
vn 0.1632 0.9453 -0.2826
vn 0.1732 0.9620 -0.2109
vn 0.1226 0.9517 -0.2813
vn 0.1302 0.9691 -0.2095
vn 0.0819 0.9560 -0.2817
vn 0.0870 0.9744 -0.2075
vn 0.6806 -0.4140 -0.6045
vn 0.7077 -0.3783 -0.5968
vn 0.7318 -0.3399 -0.5907
vn 0.7542 -0.3025 -0.5828
vn 0.7727 -0.2612 -0.5785
vn 0.7901 -0.2214 -0.5717
vn 0.8058 -0.1821 -0.5635
vn 0.8184 -0.1414 -0.5569
vn 0.8300 -0.1020 -0.5484
vn 0.8375 -0.0600 -0.5432
vn 0.8437 -0.0191 -0.5365
vn 0.8477 0.0215 -0.5301
vn 0.8503 0.0612 -0.5227
vn 0.8491 0.1027 -0.5182
vn 0.8467 0.1429 -0.5126
vn 0.8438 0.1813 -0.5052
vn 0.8350 0.2221 -0.5035
vn 0.8276 0.2601 -0.4975
vn 0.8184 0.2975 -0.4916
vn 0.8090 0.3335 -0.4840
vn 0.7914 0.3715 -0.4854
vn 0.7769 0.4067 -0.4806
vn 0.7642 0.4400 -0.4716
vn 0.7470 0.4732 -0.4669
vn 0.7270 0.5059 -0.4642
vn 0.7053 0.5375 -0.4621
vn 0.6848 0.5677 -0.4569
vn 0.6618 0.5968 -0.4538
vn 0.6372 0.6248 -0.4512
vn 0.6126 0.6517 -0.4473
vn 0.5859 0.6773 -0.4450
vn 0.5602 0.7018 -0.4401
vn 0.5320 0.7250 -0.4375
vn 0.5009 0.7463 -0.4384
vn 0.4729 0.7673 -0.4332
vn 0.4430 0.7869 -0.4296
vn 0.4110 0.8043 -0.4292
vn 0.3785 0.8204 -0.4286
vn 0.3451 0.8350 -0.4285
vn 0.3144 0.8507 -0.4212
vn 0.2799 0.8621 -0.4224
vn 0.2452 0.8724 -0.4229
vn 0.2117 0.8827 -0.4195
vn 0.1765 0.8899 -0.4207
vn 0.1421 0.8980 -0.4164
vn 0.1062 0.9016 -0.4193
vn 0.0708 0.9047 -0.4202
vn 0.0359 0.9078 -0.4179
vn -0.0002 0.4034 -0.9150
vn -0.0000 0.4034 -0.9150
vn -0.0002 0.4031 -0.9152
vn -0.0000 0.4031 -0.9152
vn 0.0001 0.4031 -0.9152
vn -0.0000 0.4028 -0.9153
vn -0.0001 0.4028 -0.9153
vn -0.0001 0.4026 -0.9154
vn 0.0010 0.4045 -0.9146
vn -0.0002 0.4024 -0.9155
vn -0.0000 0.4024 -0.9155
vn -0.0002 0.4048 -0.9144
vn -0.0005 0.4047 -0.9145
vn -0.0002 0.4041 -0.9147
vn 0.0046 0.4048 -0.9144
vn 0.0006 0.4017 -0.9158
vn -0.0004 0.4037 -0.9149
vn -0.0004 0.4027 -0.9153
vn -0.0000 0.4030 -0.9152
vn 0.0002 0.4020 -0.9156
vn 0.0004 0.4029 -0.9152
vn 0.0003 0.4027 -0.9153
vn 0.0001 0.4019 -0.9157
vn 0.0041 0.4077 -0.9131
vn -0.0003 0.4034 -0.9150
vn -0.0000 0.4023 -0.9155
vn -0.0003 0.4020 -0.9156
vn 0.0002 0.4034 -0.9150
vn -0.0007 0.4026 -0.9154
vn 0.0002 0.4027 -0.9153
vn 0.0001 0.4025 -0.9154
vn -0.0000 0.4025 -0.9154
vn 0.0011 0.4031 -0.9152
vn 0.0001 0.4029 -0.9152
vn 0.0001 0.4030 -0.9152
vn -0.0004 0.4023 -0.9155
vn 0.0005 0.4015 -0.9158
vn -0.0003 0.4036 -0.9149
vn -0.0002 0.4036 -0.9149
vn -0.0003 0.4031 -0.9152
vn -0.0001 0.4030 -0.9152
vn -0.0001 0.4025 -0.9154
vn 0.0001 0.4026 -0.9154
vn -0.0003 0.4028 -0.9153
vn -0.0003 0.4027 -0.9153
vn 0.0002 0.4028 -0.9153
vn -0.0019 0.4024 -0.9155
vn 0.0002 0.4026 -0.9154
vn 0.0001 0.4027 -0.9153
vn -0.0002 0.4027 -0.9153
vn 0.0008 0.4024 -0.9155
vn 0.0003 0.4025 -0.9154
vn 0.0002 0.4030 -0.9152
vn -0.0005 0.4031 -0.9151
vn -0.0000 0.4027 -0.9153
vn -0.0000 0.4029 -0.9152
vn -0.0002 0.4025 -0.9154
vn -0.0001 0.4027 -0.9154
vn 0.0001 0.4028 -0.9153
vn -0.0007 0.4025 -0.9154
vn 0.0002 0.4025 -0.9154
vn -0.0001 0.4024 -0.9154
vn -0.0001 0.4027 -0.9153
vn 0.0019 0.4031 -0.9151
vn 0.0005 0.4021 -0.9156
vn 0.0005 0.4019 -0.9157
vn 0.0006 0.4020 -0.9157
vn -0.0005 0.4035 -0.9150
vn -0.0003 0.4050 -0.9143
vn -0.0007 0.4033 -0.9150
vn 0.0003 0.4022 -0.9156
vn 0.0004 0.4025 -0.9154
vn -0.0002 0.4026 -0.9154
vn -0.0000 0.4032 -0.9151
vn 0.0004 0.4030 -0.9152
vn -0.0002 0.4031 -0.9151
vn -0.0015 0.4034 -0.9150
vn -0.0003 0.4030 -0.9152
vn -0.0006 0.4029 -0.9152
vn 0.0005 0.4028 -0.9153
vn -0.0001 0.4033 -0.9151
vn 0.0005 0.4041 -0.9147
vn -0.0002 0.4020 -0.9156
vn -0.0000 0.4021 -0.9156
vn 0.0001 0.4023 -0.9155
vn -0.0001 0.4024 -0.9155
vn -0.0006 0.4016 -0.9158
vn -0.0002 0.4015 -0.9159
vn 0.0001 0.4022 -0.9155
vn -0.0005 0.4025 -0.9154
vn -0.0006 0.4023 -0.9155
vn -0.0017 0.4011 -0.9160
vn -0.0004 0.4010 -0.9161
vn 0.0001 0.4029 -0.9153
vn 0.0003 0.4019 -0.9157
vn -0.0000 0.4019 -0.9157
vn 0.0010 0.4020 -0.9157
vn -0.0002 0.4037 -0.9149
vn -0.0004 0.4036 -0.9149
vn -0.0008 0.4033 -0.9151
vn -0.0001 0.4031 -0.9152
vn 0.0005 0.4042 -0.9147
vn 0.0004 0.4023 -0.9155
vn -0.0005 0.4043 -0.9146
vn -0.0001 0.4029 -0.9153
vn -0.0003 0.4029 -0.9152
vn -0.0003 0.4025 -0.9154
vn -0.0006 0.4010 -0.9161
vn -0.0004 0.4012 -0.9160
vn -0.0004 0.4020 -0.9156
vn 0.0003 0.4032 -0.9151
vn -0.0008 0.4019 -0.9157
vn 0.0003 0.4034 -0.9150
vn 0.0004 0.4033 -0.9151
vn 0.0003 0.4023 -0.9155
vn 0.0005 0.4025 -0.9154
vn 0.0003 0.4024 -0.9155
vn 0.0005 0.4032 -0.9151
vn -0.0000 0.4027 -0.9154
vn 0.0002 0.4032 -0.9151
vn -0.0000 0.4022 -0.9155
vn -0.0000 0.4022 -0.9156
vn -0.0001 0.4023 -0.9155
vn 0.0004 0.4024 -0.9155
vn -0.0001 0.4036 -0.9149
vn -0.0003 0.4026 -0.9154
vn 0.0005 0.4029 -0.9152
vn 0.0003 0.4029 -0.9152
vn -0.0004 0.4026 -0.9154
vn 0.0002 0.4016 -0.9158
vn 0.0009 0.4022 -0.9156
vn 0.0005 0.4024 -0.9155
vn 0.0005 0.4034 -0.9150
vn 0.0007 0.4037 -0.9149
vn 0.0007 0.4036 -0.9149
vn 0.0008 0.4032 -0.9151
vn 0.0008 0.4033 -0.9151
vn -0.0001 0.4008 -0.9162
vn 0.0003 0.4018 -0.9157
vn 0.0008 0.4031 -0.9151
vn -0.0010 0.4021 -0.9156
vn 0.0002 0.4022 -0.9156
vn -0.0009 0.4019 -0.9157
vn -0.0004 0.4029 -0.9152
vn -0.0002 0.4029 -0.9152
vn -0.0009 0.4034 -0.9150
vn -0.0008 0.4032 -0.9151
vn -0.0010 0.4032 -0.9151
vn -0.0003 0.4036 -0.9150
vn 0.0002 0.4029 -0.9152
vn -0.0004 0.4028 -0.9153
vn 0.0002 0.4023 -0.9155
vn -0.0000 0.4029 -0.9153
vn 0.0008 0.4025 -0.9154
vn -0.0002 0.4035 -0.9150
vn 0.0004 0.4022 -0.9156
vn 0.0005 0.4027 -0.9153
vn -0.0000 0.4026 -0.9154
vn -0.0007 0.4030 -0.9152
vn 0.0004 0.4027 -0.9153
vn -0.0010 0.4029 -0.9152
vn -0.0011 0.4020 -0.9156
vn 0.0002 0.4029 -0.9153
vn 0.0003 0.4029 -0.9153
vn -0.0007 0.4031 -0.9152
vn 0.0003 0.4030 -0.9152
vn -0.0002 0.4028 -0.9153
vn -0.0005 0.4027 -0.9153
vn -0.0002 0.4030 -0.9152
vn 0.0003 0.4026 -0.9154
vn 0.0009 0.4029 -0.9152
vn -0.0005 0.4030 -0.9152
vn -0.0004 0.4031 -0.9152
vn -0.0005 0.4026 -0.9154
vn 0.0004 0.4024 -0.9154
vn 0.0006 0.4026 -0.9154
vn -0.0009 0.4032 -0.9151
vn -0.0006 0.4028 -0.9153
vn -0.0003 0.4029 -0.9153
vn -0.0002 0.4029 -0.9153
vn 0.0001 0.4032 -0.9151
vn -0.0009 0.4023 -0.9155
vn -0.0006 0.4021 -0.9156
vn -0.0004 0.4034 -0.9150
vn -0.0005 0.4016 -0.9158
vn 0.0007 0.4020 -0.9156
vn -0.0009 0.4020 -0.9156
vn 0.0010 0.4040 -0.9148
vn 0.0006 0.4029 -0.9153
vn -0.0005 0.4029 -0.9153
vn -0.0005 0.4028 -0.9153
vn -0.0003 0.4023 -0.9155
vn 0.0011 0.4042 -0.9147
vn -0.5554 -0.4371 -0.7074
vn -0.5953 -0.5404 -0.5947
vn -0.6286 -0.5050 -0.5914
vn -0.5216 -0.4657 -0.7149
vn -0.5585 -0.5707 -0.6020
vn -0.0000 0.9735 -0.2288
vn 0.0001 0.9396 -0.3423
vn -0.0411 0.9593 -0.2795
vn -0.0000 0.7714 -0.6364
vn -0.0001 0.6925 -0.7214
vn -0.0222 0.7468 -0.6646
vn -0.0357 0.4000 -0.9158
vn -0.0305 0.4004 -0.9158
vn -0.1739 0.3824 -0.9075
vn -0.5603 0.1576 -0.8131
vn -0.5558 0.1311 -0.8209
vn -0.7114 0.0147 -0.7026
vn -0.0769 0.2156 -0.9734
vn -0.0863 0.2165 -0.9725
vn -0.0163 0.3664 -0.9303
vn -0.0365 0.3585 -0.9328
vn -0.0227 0.3723 -0.9278
vn -0.1217 0.2398 -0.9632
vn -0.0000 0.1706 -0.9853
vn -0.0000 0.0362 -0.9993
vn -0.0247 -0.0545 -0.9982
vn -0.0000 -0.0898 -0.9960
vn -0.0006 -0.3238 -0.9461
vn -0.0341 -0.2748 -0.9609
vn -0.3658 -0.1408 -0.9200
vn -0.4344 -0.2698 -0.8594
vn -0.5005 -0.3200 -0.8044
vn -0.2595 -0.2120 -0.9422
vn -0.1842 -0.0122 -0.9828
vn -0.2300 -0.2263 -0.9465
vn -0.1635 -0.0226 -0.9863
vn -0.1999 -0.2404 -0.9499
vn -0.1415 -0.0310 -0.9894
vn -0.1679 -0.2505 -0.9534
vn -0.1187 -0.0373 -0.9922
vn -0.1352 -0.2587 -0.9564
vn -0.0960 -0.0449 -0.9944
vn -0.1022 -0.2676 -0.9581
vn -0.0722 -0.0489 -0.9962
vn -0.0682 -0.2698 -0.9605
vn -0.0485 -0.0535 -0.9974
vn 0.0005 0.3445 -0.9388
vn 0.0003 0.2932 -0.9560
vn -0.0014 0.3403 -0.9403
vn -0.0124 0.1984 -0.9800
vn -0.0560 0.2084 -0.9764
vn -0.0144 0.3476 -0.9375
vn -0.0443 0.2014 -0.9785
vn -0.0078 0.3635 -0.9316
vn -0.0344 0.2029 -0.9786
vn -0.0070 0.3672 -0.9301
vn -0.0080 0.3467 -0.9379
vn -0.0221 0.1953 -0.9805
vn -0.0036 0.3609 -0.9326
vn -0.0032 0.3654 -0.9309
vn -0.0661 0.2074 -0.9760
vn -0.4043 -0.1475 -0.9027
vn -0.2753 0.0513 -0.9600
vn -0.2584 0.0380 -0.9653
vn -0.1305 0.2478 -0.9600
vn -0.0956 0.2261 -0.9694
vn -0.0186 0.3711 -0.9284
vn -0.0267 0.3513 -0.9359
vn -0.1146 0.2352 -0.9652
vn -0.0227 0.3725 -0.9277
vn -0.0329 0.3532 -0.9350
vn -0.0252 0.3752 -0.9266
vn -0.1442 0.2621 -0.9542
vn -0.0286 0.3774 -0.9256
vn -0.0405 0.3628 -0.9310
vn -0.3410 -0.1614 -0.9261
vn -0.2413 0.0243 -0.9701
vn -0.0149 0.3696 -0.9291
vn -0.0208 0.3492 -0.9368
vn -0.0120 0.3650 -0.9309
vn -0.0111 0.3677 -0.9299
vn -0.7036 -0.0199 -0.7103
vn -0.5505 0.1043 -0.8283
vn -0.6936 -0.0542 -0.7184
vn -0.5426 0.0782 -0.8364
vn -0.6818 -0.0887 -0.7261
vn -0.5342 0.0514 -0.8438
vn -0.6681 -0.1233 -0.7337
vn -0.5235 0.0251 -0.8516
vn -0.6526 -0.1575 -0.7411
vn -0.5123 -0.0019 -0.8588
vn -0.6342 -0.1902 -0.7494
vn -0.4981 -0.0270 -0.8667
vn -0.6141 -0.2231 -0.7570
vn -0.4824 -0.0523 -0.8744
vn -0.5913 -0.2543 -0.7653
vn -0.4660 -0.0780 -0.8814
vn -0.5674 -0.2857 -0.7723
vn -0.3174 0.0977 -0.9432
vn -0.3279 0.1153 -0.9376
vn -0.3395 0.1314 -0.9314
vn -0.3478 0.1493 -0.9256
vn -0.3556 0.1671 -0.9196
vn -0.3620 0.1850 -0.9136
vn -0.3682 0.2025 -0.9074
vn -0.3737 0.2198 -0.9011
vn -0.3764 0.2381 -0.8953
vn -0.3784 0.2561 -0.8895
vn -0.3801 0.2736 -0.8835
vn -0.0269 0.3788 -0.9251
vn -0.1479 0.2695 -0.9516
vn -0.0441 0.3669 -0.9292
vn -0.1570 0.2764 -0.9481
vn -0.1671 0.2920 -0.9417
vn -0.0470 0.3715 -0.9273
vn -0.1572 0.2859 -0.9453
vn -0.0275 0.3826 -0.9235
vn -0.0318 0.3797 -0.9246
vn -0.1841 0.3230 -0.9283
vn -0.0473 0.3825 -0.9227
vn -0.1699 0.3187 -0.9325
vn -0.0293 0.3888 -0.9209
vn -0.1770 0.3071 -0.9351
vn -0.0395 0.3845 -0.9223
vn -0.0492 0.3763 -0.9252
vn -0.1655 0.3016 -0.9389
vn -0.0294 0.3853 -0.9223
vn -0.0347 0.3827 -0.9232
vn -0.1728 0.3353 -0.9261
vn -0.1892 0.3387 -0.9217
vn -0.1756 0.3510 -0.9198
vn -0.1887 0.3549 -0.9157
vn -0.0518 0.3965 -0.9166
vn -0.0395 0.3962 -0.9173
vn -0.1841 0.3717 -0.9099
vn -0.1752 0.3668 -0.9137
vn -0.3816 0.3076 -0.8716
vn -0.3825 0.2902 -0.8772
vn -0.5638 0.2104 -0.7986
vn -0.5623 0.1844 -0.8061
vn -0.7209 0.0845 -0.6879
vn -0.7177 0.0493 -0.6947
vn -0.0522 0.4010 -0.9146
vn -0.1789 0.3879 -0.9042
vn -0.3792 0.3412 -0.8601
vn -0.3802 0.3247 -0.8660
vn -0.5604 0.2627 -0.7855
vn -0.5626 0.2368 -0.7921
vn -0.7226 0.1531 -0.6741
vn -0.7223 0.1191 -0.6812
vn -0.0315 0.3971 -0.9172
vn -0.0509 0.3935 -0.9179
vn -0.0420 0.3928 -0.9187
vn -0.0310 0.3943 -0.9185
vn -0.0474 0.3883 -0.9203
vn -0.0307 0.3915 -0.9197
vn -0.0418 0.3876 -0.9209
vn -0.4471 -0.1021 -0.8887
vn -0.3041 0.0822 -0.9491
vn -0.0007 0.8369 -0.5474
vn -0.0290 0.8375 -0.5457
vn -0.0587 0.8361 -0.5454
vn -0.0448 0.7466 -0.6638
vn -0.0878 0.8328 -0.5465
vn -0.0671 0.7448 -0.6639
vn -0.1170 0.8291 -0.5467
vn -0.0891 0.7409 -0.6657
vn -0.1461 0.8244 -0.5468
vn -0.1111 0.7371 -0.6666
vn -0.1745 0.8170 -0.5496
vn -0.1335 0.7335 -0.6665
vn -0.2030 0.8097 -0.5506
vn -0.1555 0.7284 -0.6673
vn -0.2317 0.8019 -0.5507
vn -0.1766 0.7213 -0.6698
vn -0.2592 0.7917 -0.5532
vn -0.1987 0.7152 -0.6701
vn -0.2866 0.7807 -0.5553
vn -0.2189 0.7060 -0.6736
vn -0.3136 0.7687 -0.5575
vn -0.2400 0.6976 -0.6750
vn -0.3399 0.7554 -0.5603
vn -0.2612 0.6888 -0.6763
vn -0.3667 0.7418 -0.5615
vn -0.2816 0.6785 -0.6785
vn -0.3930 0.7271 -0.5629
vn -0.3014 0.6672 -0.6812
vn -0.4166 0.7098 -0.5680
vn -0.3184 0.6535 -0.6867
vn -0.4415 0.6927 -0.5703
vn -0.3384 0.6415 -0.6884
vn -0.4654 0.6744 -0.5732
vn -0.3570 0.6280 -0.6914
vn -0.4889 0.6550 -0.5761
vn -0.3743 0.6134 -0.6955
vn -0.5110 0.6345 -0.5799
vn -0.3919 0.5984 -0.6988
vn -0.5325 0.6129 -0.5837
vn -0.4089 0.5824 -0.7026
vn -0.5521 0.5902 -0.5889
vn -0.4249 0.5657 -0.7067
vn -0.5717 0.5669 -0.5931
vn -0.4409 0.5485 -0.7105
vn -0.5902 0.5424 -0.5978
vn -0.4555 0.5303 -0.7150
vn -0.6097 0.5171 -0.6007
vn -0.4689 0.5112 -0.7203
vn -0.6249 0.4909 -0.6070
vn -0.4833 0.4918 -0.7243
vn -0.6401 0.4640 -0.6123
vn -0.4951 0.4715 -0.7298
vn -0.6550 0.4360 -0.6172
vn -0.5069 0.4506 -0.7349
vn -0.6674 0.4073 -0.6234
vn -0.5174 0.4289 -0.7405
vn -0.6802 0.3777 -0.6283
vn -0.5276 0.4066 -0.7458
vn -0.6916 0.3472 -0.6333
vn -0.5346 0.3841 -0.7528
vn -0.7005 0.3163 -0.6398
vn -0.5424 0.3607 -0.7587
vn -0.7071 0.2850 -0.6472
vn -0.5494 0.3367 -0.7647
vn -0.7153 0.2520 -0.6518
vn -0.5544 0.3124 -0.7714
vn -0.7180 0.2202 -0.6603
vn -0.5586 0.2875 -0.7780
vn -0.7214 0.1868 -0.6669
vn -0.0307 0.4031 -0.9147
vn -0.1702 0.3972 -0.9018
vn -0.0330 0.4031 -0.9146
vn -0.1734 0.4031 -0.8986
vn -0.0505 0.4054 -0.9127
vn -0.1677 0.4113 -0.8960
vn -0.1584 0.4382 -0.8848
vn -0.0473 0.4133 -0.9094
vn -0.1580 0.4300 -0.8889
vn -0.0286 0.4080 -0.9126
vn -0.1629 0.4249 -0.8904
vn -0.0297 0.4083 -0.9124
vn -0.0500 0.4094 -0.9110
vn -0.1659 0.4169 -0.8937
vn -0.0306 0.4057 -0.9135
vn -0.0314 0.4056 -0.9135
vn -0.1426 0.4625 -0.8751
vn -0.0403 0.4194 -0.9069
vn -0.1414 0.4535 -0.8800
vn -0.0240 0.4116 -0.9110
vn -0.1514 0.4508 -0.8797
vn -0.1246 0.4846 -0.8658
vn -0.0323 0.4239 -0.9051
vn -0.1203 0.4728 -0.8729
vn -0.0203 0.4149 -0.9097
vn -0.1341 0.4738 -0.8704
vn -0.0297 0.4204 -0.9069
vn -0.0366 0.4217 -0.9060
vn -0.1312 0.4637 -0.8763
vn -0.0217 0.4131 -0.9104
vn -0.0292 0.4169 -0.9085
vn -0.0297 0.4138 -0.9099
vn -0.0438 0.4165 -0.9081
vn -0.1505 0.4423 -0.8842
vn -0.0261 0.4099 -0.9118
vn -0.0305 0.4112 -0.9110
vn -0.0709 0.5119 -0.8561
vn -0.0195 0.4319 -0.9017
vn -0.0740 0.5019 -0.8617
vn -0.0124 0.4195 -0.9077
vn -0.0836 0.5052 -0.8589
vn -0.0175 0.4269 -0.9041
vn -0.0248 0.4322 -0.9014
vn -0.0857 0.4953 -0.8645
vn -0.0151 0.4192 -0.9078
vn -0.0963 0.4983 -0.8617
vn -0.0433 0.5216 -0.8521
vn -0.0123 0.4354 -0.9001
vn -0.0476 0.5100 -0.8589
vn -0.0082 0.4211 -0.9070
vn -0.0573 0.5175 -0.8537
vn -0.0291 0.5262 -0.8499
vn -0.0076 0.4347 -0.9005
vn -0.0341 0.5123 -0.8581
vn -0.0058 0.4208 -0.9071
vn -0.0090 0.4326 -0.9016
vn -0.0105 0.4285 -0.9035
vn -0.0151 0.4327 -0.9014
vn -0.0599 0.5047 -0.8612
vn -0.0102 0.4200 -0.9075
vn -0.0140 0.4275 -0.9039
vn -0.0010 0.6005 -0.7996
vn -0.0010 0.5053 -0.8629
vn -0.0144 0.6439 -0.7650
vn -0.0067 0.5167 -0.8561
vn -0.0302 0.6438 -0.7646
vn -0.0144 0.5265 -0.8500
vn -0.0450 0.6407 -0.7665
vn -0.0207 0.5148 -0.8570
vn -0.0603 0.6404 -0.7656
vn -0.0746 0.6360 -0.7681
vn -0.0893 0.6329 -0.7690
vn -0.1042 0.6300 -0.7696
vn -0.1190 0.6264 -0.7704
vn -0.1330 0.6211 -0.7724
vn -0.1482 0.6174 -0.7726
vn -0.1611 0.6102 -0.7757
vn -0.1759 0.6051 -0.7765
vn -0.1875 0.5963 -0.7806
vn -0.2021 0.5902 -0.7816
vn -0.2156 0.5827 -0.7836
vn -0.1004 0.4909 -0.8654
vn -0.2278 0.5740 -0.7866
vn -0.1129 0.4930 -0.8627
vn -0.2405 0.5652 -0.7891
vn -0.1099 0.4818 -0.8694
vn -0.2528 0.5560 -0.7918
vn -0.2641 0.5458 -0.7952
vn -0.2750 0.5352 -0.7987
vn -0.2873 0.5248 -0.8013
vn -0.2971 0.5132 -0.8052
vn -0.3083 0.5016 -0.8083
vn -0.3168 0.4889 -0.8128
vn -0.3258 0.4760 -0.8168
vn -0.3352 0.4629 -0.8206
vn -0.3416 0.4489 -0.8257
vn -0.3503 0.4348 -0.8296
vn -0.3555 0.4201 -0.8349
vn -0.3597 0.4052 -0.8405
vn -0.3673 0.3898 -0.8445
vn -0.3702 0.3741 -0.8503
vn -0.3747 0.3580 -0.8553
vn -0.0197 0.4245 -0.9052
vn -0.0286 0.4304 -0.9022
vn -0.0178 0.4185 -0.9080
vn -0.0287 0.4269 -0.9038
vn -0.0179 0.4159 -0.9093
vn -0.0278 0.4231 -0.9056
vn -0.9990 0.0214 0.0384
vn -0.9978 0.0194 0.0626
vn -0.9956 0.0601 -0.0724
vn -0.9554 0.1566 -0.2505
vn -0.9820 0.0721 -0.1743
vn -0.9989 0.0333 0.0322
vn -0.9978 0.0655 0.0093
vn -0.9675 0.1583 -0.1974
vn -0.9478 0.2013 -0.2472
vn -0.9444 0.3240 -0.0564
vn -0.9414 0.3347 -0.0418
vn -0.9304 0.3371 -0.1443
vn -0.9208 0.3725 -0.1157
vn -0.9395 0.3075 -0.1512
vn -0.9626 0.2709 -0.0092
vn -0.9630 0.2689 -0.0150
vn -0.9774 0.1979 -0.0749
vn -0.9604 0.2525 -0.1174
vn -0.9725 0.2014 -0.1168
vn -0.9953 0.0815 0.0516
vn -0.9936 0.0627 0.0943
vn -0.9848 0.1597 -0.0689
vn -0.9894 0.1437 0.0208
vn -0.9731 0.2107 -0.0932
vn -0.9776 0.2098 0.0137
vn -0.9672 0.2508 -0.0408
vn -0.9484 0.3168 0.0114
vn -0.9241 0.3767 -0.0645
vn -0.9069 0.4111 -0.0924
vn -0.9131 0.4018 0.0690
vn -0.9174 0.3756 0.1315
vn -0.9196 0.3927 0.0045
vn -0.8655 0.4652 -0.1858
vn -0.8363 0.4969 -0.2317
vn -0.9342 0.3546 0.0379
vn -0.8516 0.5196 -0.0691
vn -0.8242 0.5542 -0.1164
vn -0.8139 0.5344 -0.2278
vn -0.9135 0.4010 0.0685
vn -0.8943 0.4471 0.0196
vn -0.8376 0.5090 -0.1983
vn -0.8903 0.4438 0.1025
vn -0.8876 0.4570 0.0578
vn -0.7912 0.5970 -0.1324
vn -0.8169 0.5767 0.0019
vn -0.7787 0.6166 -0.1156
vn -0.8193 0.5732 0.0126
vn -0.7784 0.6235 -0.0730
vn -0.7875 0.6160 0.0212
vn -0.7976 0.5953 0.0977
vn -0.8492 0.5280 0.0088
vn -0.8445 0.5355 -0.0095
vn -0.8274 0.5595 -0.0489
vn -0.6621 0.7206 -0.2057
vn -0.6923 0.7197 -0.0533
vn -0.6728 0.7063 -0.2203
vn -0.7908 0.6097 0.0543
vn -0.7671 0.6414 0.0173
vn -0.7025 0.6755 -0.2241
vn -0.6983 0.6885 -0.1957
vn -0.7629 0.6350 0.1213
vn -0.7572 0.6498 0.0661
vn -0.7286 0.6850 0.0057
vn -0.7148 0.6963 0.0647
vn -0.6955 0.7185 -0.0047
vn -0.6081 0.7643 -0.2147
vn -0.5708 0.8109 -0.1288
vn -0.5974 0.7934 -0.1164
vn -0.6142 0.7891 -0.0055
vn -0.6151 0.7884 0.0007
vn -0.5978 0.7393 -0.3100
vn -0.6744 0.7318 0.0987
vn -0.6867 0.7268 0.0151
vn -0.6712 0.7394 0.0531
vn -0.6707 0.7349 0.1004
vn -0.6317 0.7716 -0.0749
vn -0.5397 0.8388 0.0717
vn -0.5420 0.8298 0.1326
vn -0.5254 0.8487 -0.0611
vn -0.4608 0.8619 -0.2116
vn -0.5435 0.8354 -0.0820
vn -0.5305 0.8450 0.0674
vn -0.5020 0.8647 0.0178
vn -0.4426 0.8723 -0.2077
vn -0.4206 0.8812 -0.2159
vn -0.6134 0.7897 -0.0098
vn -0.5785 0.8145 -0.0428
vn -0.5770 0.8157 0.0401
vn -0.3836 0.9206 -0.0731
vn -0.3597 0.9297 -0.0788
vn -0.3820 0.8996 -0.2117
vn -0.4847 0.8704 0.0868
vn -0.4934 0.8550 0.1596
vn -0.4457 0.8945 0.0350
vn -0.4017 0.8910 -0.2115
vn -0.4376 0.8880 0.1412
vn -0.4363 0.8965 0.0772
vn -0.3721 0.9274 0.0379
vn -0.3694 0.9284 0.0399
vn -0.3103 0.9414 -0.1325
vn -0.2622 0.9622 -0.0739
vn -0.2575 0.9657 -0.0335
vn -0.2848 0.9531 -0.1029
vn -0.2434 0.9684 -0.0543
vn -0.3377 0.9408 -0.0285
vn -0.3159 0.9487 -0.0131
vn -0.3121 0.9500 0.0081
vn -0.1468 0.9854 0.0860
vn -0.1496 0.9757 0.1600
vn -0.1680 0.9857 0.0124
vn -0.1508 0.9644 -0.2172
vn -0.1301 0.9687 -0.2112
vn -0.1728 0.9620 -0.2113
vn -0.0599 0.9962 -0.0638
vn -0.0381 0.9948 -0.0942
vn -0.0874 0.9735 -0.2112
vn -0.1467 0.9855 0.0851
vn -0.1179 0.9930 0.0095
vn -0.1096 0.9744 -0.1964
vn -0.0891 0.9890 0.1179
vn -0.0873 0.9945 0.0576
vn -0.2626 0.9628 0.0635
vn -0.2264 0.9736 0.0287
vn -0.1964 0.9606 -0.1965
vn -0.2111 0.9600 0.1837
vn -0.2114 0.9727 0.0961
vn -0.0045 0.9987 -0.0511
vn -0.0029 0.9934 -0.1146
vn -0.0256 0.9997 -0.0041
vn -0.0289 0.9993 0.0234
vn -0.0201 -0.9941 -0.1065
vn -0.0115 -0.9524 -0.3047
vn -0.0571 -0.9829 -0.1750
vn 0.0095 -0.9982 -0.0591
vn 0.0030 -0.9922 -0.1243
vn -0.0000 -0.9693 -0.2458
vn -0.0372 -0.9993 0.0045
vn -0.0600 -0.9982 0.0064
vn -0.0856 -0.9930 -0.0809
vn -0.1135 -0.9747 -0.1925
vn -0.1188 -0.9928 -0.0130
vn -0.1621 -0.9622 -0.2188
vn -0.1390 -0.9886 -0.0582
vn -0.2260 -0.9741 -0.0025
vn -0.2513 -0.9495 -0.1880
vn -0.2111 -0.9758 -0.0572
vn -0.2021 -0.9554 -0.2154
vn -0.3539 -0.9211 -0.1624
vn -0.3024 -0.9382 -0.1684
vn -0.3211 -0.9420 -0.0981
vn -0.2737 -0.9558 -0.1077
vn -0.2783 -0.9599 -0.0335
vn -0.2786 -0.9604 0.0082
vn -0.1730 -0.9842 -0.0377
vn -0.1740 -0.9841 -0.0366
vn -0.1731 -0.9841 -0.0396
vn -0.4697 -0.8785 -0.0869
vn -0.5033 -0.8434 -0.1883
vn -0.4413 -0.8973 0.0026
vn -0.4572 -0.8736 -0.1665
vn -0.4212 -0.9021 -0.0939
vn -0.4042 -0.9008 -0.1587
vn -0.3840 -0.9231 0.0190
vn -0.5847 -0.8112 0.0091
vn -0.6171 -0.7706 -0.1592
vn -0.5807 -0.8109 -0.0728
vn -0.5759 -0.7973 -0.1808
vn -0.5843 -0.8114 0.0097
vn -0.6262 -0.7742 -0.0924
vn -0.6575 -0.7390 -0.1470
vn -0.4899 -0.8718 -0.0030
vn -0.4947 -0.8683 -0.0353
vn -0.5411 -0.8132 -0.2143
vn -0.5217 -0.8515 -0.0523
vn -0.5418 -0.8404 -0.0137
vn -0.3328 -0.9429 0.0140
vn -0.3726 -0.9229 -0.0973
vn -0.3842 -0.9230 0.0189
vn -0.6960 -0.7136 -0.0797
vn -0.7359 -0.6086 -0.2967
vn -0.6969 -0.7035 -0.1398
vn -0.6280 -0.7780 0.0176
vn -0.6532 -0.7571 0.0133
vn -0.6833 -0.6981 -0.2137
vn -0.6681 -0.7432 0.0358
vn -0.7083 -0.6504 -0.2743
vn -0.7208 -0.6932 0.0054
vn -0.6948 -0.7191 0.0053
vn -0.7190 -0.6950 0.0044
vn -0.7638 -0.6419 -0.0677
vn -0.7936 -0.5784 -0.1890
vn -0.7906 -0.6096 -0.0586
vn -0.8015 -0.5956 -0.0537
vn -0.8210 -0.5499 -0.1537
vn -0.7441 -0.6653 -0.0611
vn -0.7615 -0.6480 -0.0153
vn -0.7616 -0.6474 -0.0281
vn -0.8526 -0.5221 0.0240
vn -0.8743 -0.4679 -0.1288
vn -0.8544 -0.5120 -0.0882
vn -0.8488 -0.5097 -0.1405
vn -0.9045 -0.4186 -0.0819
vn -0.9199 -0.3649 -0.1437
vn -0.8983 -0.4200 -0.1289
vn -0.8524 -0.5223 0.0236
vn -0.8838 -0.4591 -0.0904
vn -0.8796 -0.4748 0.0289
vn -0.7930 -0.6093 0.0021
vn -0.8277 -0.5554 -0.0800
vn -0.8224 -0.5684 0.0228
vn -0.9351 -0.3528 -0.0344
vn -0.9332 -0.3592 -0.0053
vn -0.9467 -0.2719 -0.1726
vn -0.9358 -0.3517 -0.0255
vn -0.9734 -0.1965 -0.1179
vn -0.9607 -0.2340 -0.1490
vn -0.9665 -0.2463 -0.0717
vn -0.9493 -0.3101 -0.0521
vn -0.9538 -0.2994 -0.0245
vn -0.9526 -0.3040 -0.0075
vn -0.9648 -0.0291 -0.2614
vn -0.9620 -0.0767 -0.2621
vn -0.9768 -0.0826 -0.1977
vn -0.9844 -0.1758 0.0059
vn -0.9738 -0.2198 0.0578
vn -0.9777 -0.2079 0.0295
vn -0.9965 -0.0602 -0.0581
vn -0.9897 0.0227 -0.1411
vn -0.9921 -0.0395 -0.1189
vn -0.9874 -0.1546 0.0323
vn -0.9845 -0.1653 0.0579
vn -0.9939 -0.0824 -0.0734
vn -0.9942 -0.1010 0.0383
vn -0.9643 -0.2632 0.0279
vn -0.9713 -0.2375 0.0088
vn -0.9721 -0.1337 -0.1926
vn -0.9779 -0.2074 0.0274
vn -0.9091 -0.4166 0.0061
vn -0.9142 -0.4052 -0.0128
vn -0.9259 -0.3691 -0.0801
vn -0.9955 -0.0335 -0.0884
vn -0.9997 -0.0254 -0.0030
vn -0.9993 0.0074 -0.0373
vn -0.5035 -0.7633 -0.4048
vn -0.4492 -0.7125 -0.5391
vn -0.4586 -0.7907 -0.4055
vn -0.4039 -0.7352 -0.5444
vn -0.4119 -0.8129 -0.4118
vn -0.3570 -0.7556 -0.5492
vn -0.3638 -0.8347 -0.4134
vn -0.3090 -0.7762 -0.5496
vn -0.3145 -0.8540 -0.4145
vn -0.2595 -0.7925 -0.5519
vn -0.2639 -0.8703 -0.4159
vn -0.2088 -0.8062 -0.5535
vn -0.2124 -0.8828 -0.4191
vn -0.1573 -0.8156 -0.5569
vn -0.1598 -0.8940 -0.4186
vn -0.1053 -0.8238 -0.5570
vn -0.1071 -0.9011 -0.4201
vn -0.0522 -0.8280 -0.5582
vn -0.0534 -0.9047 -0.4226
vn -0.0005 -0.8128 -0.5825
vn -0.0008 -0.8782 -0.4783
vn -0.3900 -0.6586 -0.6436
vn -0.3451 -0.6784 -0.6487
vn -0.2986 -0.6972 -0.6517
vn -0.2508 -0.7117 -0.6562
vn -0.2019 -0.7264 -0.6569
vn -0.1523 -0.7354 -0.6603
vn -0.1019 -0.7433 -0.6612
vn -0.0511 -0.7493 -0.6602
vn 0.0010 -0.7367 -0.6762
vn -0.4936 -0.6854 -0.5353
vn -0.4336 -0.6348 -0.6396
vn -0.3694 -0.5681 -0.7354
vn -0.3271 -0.5883 -0.7395
vn -0.2825 -0.6024 -0.7465
vn -0.2378 -0.6191 -0.7484
vn -0.1914 -0.6314 -0.7515
vn -0.1444 -0.6418 -0.7532
vn -0.0967 -0.6483 -0.7552
vn -0.0480 -0.6529 -0.7559
vn 0.0002 -0.6451 -0.7641
vn -0.0002 -0.4388 -0.8986
vn -0.0402 -0.4290 -0.9024
vn -0.0808 -0.4229 -0.9026
vn -0.1212 -0.4212 -0.8988
vn -0.1599 -0.4090 -0.8984
vn -0.1989 -0.3998 -0.8947
vn -0.2371 -0.3891 -0.8902
vn -0.2725 -0.3711 -0.8877
vn -0.3078 -0.3545 -0.8830
vn -0.3423 -0.3376 -0.8769
vn -0.3796 -0.4451 -0.8110
vn -0.4152 -0.4213 -0.8063
vn -0.4491 -0.5199 -0.7267
vn -0.4859 -0.4929 -0.7217
vn -0.5206 -0.6015 -0.6060
vn -0.4822 -0.3726 -0.7929
vn -0.4495 -0.3979 -0.7997
vn -0.4059 -0.2968 -0.8644
vn -0.3744 -0.3163 -0.8717
vn -0.3164 -0.1820 -0.9310
vn -0.2883 -0.1969 -0.9371
vn -0.2236 0.0109 -0.9746
vn -0.2040 -0.0006 -0.9790
vn -0.1046 0.2277 -0.9681
vn -0.0199 0.3688 -0.9293
vn -0.6530 -0.4526 -0.6073
vn -0.5861 -0.4027 -0.7031
vn -0.5296 -0.2930 -0.7960
vn -0.4274 -0.1264 -0.8952
vn -0.2904 0.0663 -0.9546
vn -0.1355 0.2547 -0.9575
vn -0.0251 0.3756 -0.9264
vn -0.5452 -0.7206 -0.4283
vn -0.4760 -0.6087 -0.6347
vn -0.4102 -0.5453 -0.7310
vn -0.3420 -0.4665 -0.8157
vn -0.3026 -0.4845 -0.8208
vn -0.2619 -0.4996 -0.8257
vn -0.2203 -0.5138 -0.8291
vn -0.1774 -0.5256 -0.8320
vn -0.1336 -0.5337 -0.8350
vn -0.0897 -0.5420 -0.8355
vn -0.0443 -0.5443 -0.8377
vn -0.0001 -0.5482 -0.8364
vn -0.0006 0.8957 -0.4446
vn -0.0351 0.9088 -0.4157
vn -0.0820 0.9560 -0.2815
vn -0.0712 0.9065 -0.4162
vn -0.1229 0.9522 -0.2797
vn -0.1067 0.9030 -0.4163
vn -0.1634 0.9456 -0.2813
vn -0.1420 0.8977 -0.4171
vn -0.2037 0.9376 -0.2818
vn -0.1769 0.8909 -0.4183
vn -0.2440 0.9283 -0.2808
vn -0.2117 0.8828 -0.4193
vn -0.2835 0.9166 -0.2819
vn -0.2460 0.8729 -0.4213
vn -0.3226 0.9034 -0.2824
vn -0.2806 0.8629 -0.4204
vn -0.3610 0.8885 -0.2832
vn -0.3140 0.8501 -0.4227
vn -0.3986 0.8716 -0.2854
vn -0.3478 0.8371 -0.4223
vn -0.4364 0.8537 -0.2841
vn -0.3794 0.8210 -0.4266
vn -0.4724 0.8334 -0.2867
vn -0.4118 0.8047 -0.4275
vn -0.5081 0.8119 -0.2874
vn -0.4435 0.7870 -0.4288
vn -0.5425 0.7888 -0.2890
vn -0.4740 0.7677 -0.4313
vn -0.5763 0.7641 -0.2900
vn -0.5042 0.7472 -0.4330
vn -0.6082 0.7376 -0.2934
vn -0.5324 0.7250 -0.4370
vn -0.6398 0.7098 -0.2946
vn -0.5605 0.7018 -0.4397
vn -0.6691 0.6807 -0.2982
vn -0.5886 0.6775 -0.4410
vn -0.6984 0.6501 -0.2994
vn -0.6144 0.6517 -0.4448
vn -0.7255 0.6181 -0.3026
vn -0.6405 0.6248 -0.4465
vn -0.7523 0.5848 -0.3035
vn -0.6644 0.5966 -0.4501
vn -0.7772 0.5502 -0.3054
vn -0.6856 0.5675 -0.4560
vn -0.8002 0.5145 -0.3083
vn -0.7081 0.5370 -0.4585
vn -0.8210 0.4778 -0.3126
vn -0.7282 0.5055 -0.4628
vn -0.8417 0.4396 -0.3136
vn -0.7462 0.4733 -0.4681
vn -0.8593 0.4008 -0.3178
vn -0.7636 0.4400 -0.4725
vn -0.8767 0.3603 -0.3187
vn -0.7799 0.4055 -0.4767
vn -0.8904 0.3199 -0.3239
vn -0.7944 0.3702 -0.4815
vn -0.9034 0.2780 -0.3266
vn -0.8064 0.3345 -0.4877
vn -0.9135 0.2361 -0.3313
vn -0.8202 0.2965 -0.4892
vn -0.9222 0.1931 -0.3350
vn -0.8298 0.2588 -0.4945
vn -0.9294 0.1488 -0.3376
vn -0.8373 0.2204 -0.5003
vn -0.9336 0.1052 -0.3425
vn -0.8433 0.1815 -0.5058
vn -0.9363 0.0605 -0.3460
vn -0.8472 0.1423 -0.5118
vn -0.9363 0.0158 -0.3508
vn -0.8502 0.1016 -0.5165
vn -0.9348 -0.0299 -0.3540
vn -0.8499 0.0615 -0.5233
vn -0.9307 -0.0753 -0.3579
vn -0.8471 0.0218 -0.5310
vn -0.9245 -0.1208 -0.3616
vn -0.8437 -0.0194 -0.5364
vn -0.9155 -0.1659 -0.3666
vn -0.8378 -0.0606 -0.5426
vn -0.9041 -0.2106 -0.3719
vn -0.8304 -0.1027 -0.5476
vn -0.8902 -0.2545 -0.3778
vn -0.8191 -0.1426 -0.5557
vn -0.8748 -0.2996 -0.3807
vn -0.8061 -0.1827 -0.5628
vn -0.8564 -0.3433 -0.3856
vn -0.7916 -0.2238 -0.5686
vn -0.8358 -0.3868 -0.3896
vn -0.7743 -0.2640 -0.5751
vn -0.8126 -0.4286 -0.3949
vn -0.7542 -0.3027 -0.5827
vn -0.7871 -0.4696 -0.3999
vn -0.7327 -0.3418 -0.5885
vn -0.7596 -0.5107 -0.4028
vn -0.7087 -0.3803 -0.5942
vn -0.7292 -0.5495 -0.4078
vn -0.6813 -0.4161 -0.6022
vn -0.6966 -0.5867 -0.4130
vn -0.6621 -0.6230 -0.4165
vn -0.6252 -0.6575 -0.4204
vn -0.5861 -0.6902 -0.4244
vn -0.9241 -0.2605 -0.2797
vn -0.7684 -0.5646 -0.3014
vn -0.0000 0.4580 -0.8890
vn -0.0013 0.4208 -0.9072
vn -0.0037 0.4339 -0.9010
vn -0.0037 0.4221 -0.9065
vn -0.0046 0.4331 -0.9013
vn 0.0119 0.2011 -0.9795
vn 0.0539 -0.9048 -0.4223
vn 0.4103 -0.5455 -0.7308
vn 0.4335 -0.6344 -0.6400
vn 0.3901 -0.6583 -0.6438
vn 0.4861 -0.4932 -0.7215
vn 0.5208 -0.6011 -0.6061
vn 0.4752 -0.6089 -0.6352
vn 0.6252 -0.6575 -0.4205
vn 0.5861 -0.6902 -0.4244
vn 0.5584 -0.5705 -0.6022
vn 0.0027 0.3676 -0.9300
vn 0.0057 0.3500 -0.9367
vn 0.0232 0.1867 -0.9822
vn 0.0338 0.4020 -0.9150
vn 0.0314 0.4021 -0.9151
vn 0.1710 0.3964 -0.9020
vn 0.0723 -0.0489 -0.9962
vn 0.0959 -0.0448 -0.9944
vn 0.1352 -0.2591 -0.9563
vn 0.1210 -0.4211 -0.8989
vn 0.0809 -0.4232 -0.9024
vn 0.0682 -0.2698 -0.9605
vn 0.1990 -0.4002 -0.8946
vn 0.2369 -0.3889 -0.8903
vn 0.2621 -0.5008 -0.8249
vn 0.6141 -0.2230 -0.7571
vn 0.5915 -0.2546 -0.7650
vn 0.4659 -0.0780 -0.8814
vn 0.7175 0.0494 -0.6948
vn 0.7109 0.0151 -0.7031
vn 0.5556 0.1312 -0.8210
vn 0.6813 -0.0881 -0.7267
vn 0.6683 -0.1235 -0.7336
vn 0.5234 0.0252 -0.8517
vn 0.6524 -0.1574 -0.7413
vn 0.6342 -0.1901 -0.7495
vn 0.4980 -0.0270 -0.8668
vn 0.7037 -0.0200 -0.7102
vn 0.6937 -0.0543 -0.7182
vn 0.5426 0.0782 -0.8364
vn 0.7212 0.1868 -0.6670
vn 0.7226 0.1531 -0.6741
vn 0.5624 0.2369 -0.7922
vn 0.7223 0.1191 -0.6812
vn 0.7210 0.0844 -0.6878
vn 0.5625 0.1843 -0.8060
vn 0.0351 0.4049 -0.9137
vn 0.0300 0.4047 -0.9139
vn 0.1665 0.4104 -0.8966
vn 0.7009 0.3161 -0.6394
vn 0.7077 0.2848 -0.6466
vn 0.5491 0.3367 -0.7649
vn 0.4831 0.4917 -0.7245
vn 0.4688 0.5113 -0.7203
vn 0.6092 0.5171 -0.6013
vn 0.0226 0.4357 -0.8998
vn 0.0114 0.4217 -0.9067
vn 0.0680 0.5066 -0.8595
vn 0.0187 0.4377 -0.8989
vn 0.0088 0.4223 -0.9064
vn 0.0548 0.5114 -0.8576
vn 0.0143 0.4387 -0.8985
vn 0.0070 0.4243 -0.9055
vn 0.0408 0.5139 -0.8569
vn 0.0101 0.4403 -0.8978
vn 0.0044 0.4248 -0.9053
vn 0.0278 0.5193 -0.8541
vn 0.0055 0.4402 -0.8979
vn 0.0018 0.4251 -0.9051
vn 0.0135 0.5200 -0.8541
vn 0.3138 0.7689 -0.5571
vn 0.3401 0.7555 -0.5599
vn 0.2615 0.6889 -0.6760
vn 0.3668 0.7419 -0.5613
vn 0.3924 0.7267 -0.5639
vn 0.3011 0.6669 -0.6816
vn 0.2590 0.7915 -0.5535
vn 0.2871 0.7813 -0.5542
vn 0.2187 0.7059 -0.6737
vn 0.2029 0.8096 -0.5507
vn 0.2316 0.8018 -0.5509
vn 0.1766 0.7214 -0.6696
vn 0.0876 0.8324 -0.5472
vn 0.1169 0.8290 -0.5469
vn 0.0891 0.7410 -0.6655
vn 0.1462 0.8243 -0.5469
vn 0.1747 0.8175 -0.5488
vn 0.1334 0.7332 -0.6668
vn 0.0295 0.8371 -0.5463
vn 0.0587 0.8359 -0.5458
vn 0.0448 0.7467 -0.6637
vn 0.2812 0.6782 -0.6790
vn 0.4167 0.7099 -0.5678
vn 0.3187 0.6538 -0.6863
vn 0.0209 0.5157 -0.8565
vn 0.0303 0.6435 -0.7648
vn 0.0452 0.6417 -0.7656
vn 0.0671 0.7449 -0.6638
vn 0.0350 0.5147 -0.8567
vn 0.0604 0.6406 -0.7655
vn 0.0747 0.6362 -0.7679
vn 0.1113 0.7377 -0.6660
vn 0.0478 0.5102 -0.8588
vn 0.0892 0.6326 -0.7693
vn 0.1043 0.6300 -0.7695
vn 0.1555 0.7283 -0.6674
vn 0.0076 0.5183 -0.8551
vn 0.0016 0.4226 -0.9063
vn 0.0008 0.4573 -0.8893
vn 0.0223 0.7473 -0.6641
vn 0.0151 0.6445 -0.7644
vn 0.0038 0.4223 -0.9065
vn 0.0064 0.4225 -0.9063
vn 0.0084 0.4213 -0.9069
vn 0.0606 0.5057 -0.8606
vn 0.1189 0.6262 -0.7706
vn 0.1334 0.6217 -0.7718
vn 0.1987 0.7151 -0.6702
vn 0.0754 0.5033 -0.8608
vn 0.1480 0.6170 -0.7729
vn 0.1611 0.6102 -0.7757
vn 0.2401 0.6977 -0.6750
vn 0.0108 0.4208 -0.9071
vn 0.0135 0.4206 -0.9071
vn 0.0867 0.4959 -0.8640
vn 0.0163 0.4200 -0.9074
vn 0.0282 0.4359 -0.8996
vn 0.1878 0.5967 -0.7801
vn 0.1754 0.6045 -0.7770
vn 0.0793 0.4995 -0.8627
vn 0.0142 0.4213 -0.9068
vn 0.1018 0.4916 -0.8649
vn 0.0192 0.4193 -0.9076
vn 0.0308 0.4322 -0.9013
vn 0.2153 0.5825 -0.7838
vn 0.2029 0.5908 -0.7809
vn 0.0927 0.4942 -0.8644
vn 0.0159 0.4197 -0.9075
vn 0.5904 0.5425 -0.5976
vn 0.4554 0.5302 -0.7151
vn 0.5717 0.5669 -0.5931
vn 0.4404 0.5484 -0.7109
vn 0.5523 0.5903 -0.5887
vn 0.4249 0.5657 -0.7067
vn 0.5319 0.6128 -0.5844
vn 0.4085 0.5823 -0.7028
vn 0.5115 0.6346 -0.5794
vn 0.3919 0.5984 -0.6989
vn 0.4885 0.6550 -0.5765
vn 0.3744 0.6135 -0.6953
vn 0.4652 0.6743 -0.5735
vn 0.3569 0.6279 -0.6916
vn 0.4419 0.6928 -0.5699
vn 0.3385 0.6415 -0.6883
vn 0.2274 0.5738 -0.7868
vn 0.2407 0.5653 -0.7889
vn 0.2526 0.5559 -0.7920
vn 0.2637 0.5457 -0.7954
vn 0.2757 0.5355 -0.7983
vn 0.2867 0.5246 -0.8017
vn 0.2974 0.5133 -0.8050
vn 0.3076 0.5014 -0.8087
vn 0.3165 0.4888 -0.8129
vn 0.3257 0.4760 -0.8169
vn 0.3348 0.4628 -0.8208
vn 0.0177 0.4182 -0.9082
vn 0.1035 0.4861 -0.8677
vn 0.0342 0.4296 -0.9023
vn 0.1131 0.4832 -0.8682
vn 0.1254 0.4751 -0.8709
vn 0.0354 0.4255 -0.9043
vn 0.1158 0.4785 -0.8704
vn 0.0195 0.4165 -0.9089
vn 0.0210 0.4174 -0.9085
vn 0.1503 0.4556 -0.8774
vn 0.0393 0.4186 -0.9073
vn 0.1358 0.4593 -0.8779
vn 0.0225 0.4130 -0.9105
vn 0.1388 0.4661 -0.8738
vn 0.0294 0.4159 -0.9089
vn 0.0388 0.4227 -0.9054
vn 0.1258 0.4691 -0.8742
vn 0.0207 0.4146 -0.9097
vn 0.0256 0.4176 -0.9083
vn 0.1448 0.4484 -0.8820
vn 0.1639 0.4451 -0.8804
vn 0.1531 0.4367 -0.8865
vn 0.1676 0.4327 -0.8858
vn 0.0482 0.4073 -0.9120
vn 0.0365 0.4079 -0.9123
vn 0.1722 0.4187 -0.8916
vn 0.1597 0.4242 -0.8914
vn 0.3503 0.4347 -0.8297
vn 0.3409 0.4489 -0.8260
vn 0.5064 0.4506 -0.7352
vn 0.4950 0.4715 -0.7298
vn 0.6395 0.4641 -0.6129
vn 0.6252 0.4909 -0.6068
vn 0.0513 0.4033 -0.9136
vn 0.1756 0.4044 -0.8976
vn 0.3604 0.4053 -0.8402
vn 0.3555 0.4201 -0.8350
vn 0.5274 0.4066 -0.7460
vn 0.5177 0.4288 -0.7403
vn 0.6675 0.4073 -0.6234
vn 0.6549 0.4360 -0.6173
vn 0.0272 0.4073 -0.9129
vn 0.0492 0.4109 -0.9104
vn 0.0381 0.4120 -0.9104
vn 0.0259 0.4094 -0.9120
vn 0.0414 0.4145 -0.9091
vn 0.0242 0.4113 -0.9112
vn 0.0337 0.4142 -0.9096
vn 0.7178 0.2203 -0.6604
vn 0.5609 0.2625 -0.7852
vn 0.5637 0.2104 -0.7987
vn 0.5503 0.1044 -0.8284
vn 0.5123 -0.0020 -0.8588
vn 0.3755 0.3578 -0.8550
vn 0.5546 0.3123 -0.7713
vn 0.7151 0.2520 -0.6520
vn 0.1765 0.3811 -0.9075
vn 0.3793 0.3411 -0.8601
vn 0.5583 0.2876 -0.7782
vn 0.5675 -0.2854 -0.7723
vn 0.4471 -0.1021 -0.8886
vn 0.0896 -0.5420 -0.8356
vn 0.1337 -0.5337 -0.8350
vn 0.1773 -0.5254 -0.8322
vn 0.1998 -0.2403 -0.9499
vn 0.1415 -0.0309 -0.9895
vn 0.2301 -0.2265 -0.9464
vn 0.1635 -0.0226 -0.9863
vn 0.2595 -0.2120 -0.9422
vn 0.1841 -0.0122 -0.9828
vn 0.0247 -0.0545 -0.9982
vn 0.0346 -0.2743 -0.9610
vn 0.0402 -0.4296 -0.9021
vn 0.0444 -0.5437 -0.8381
vn 0.3825 0.2902 -0.8772
vn 0.3815 0.3077 -0.8717
vn 0.1784 0.3590 -0.9161
vn 0.1787 0.3654 -0.9135
vn 0.3803 0.2735 -0.8835
vn 0.1805 0.3487 -0.9197
vn 0.3736 0.2198 -0.9012
vn 0.3772 0.2376 -0.8951
vn 0.1734 0.3271 -0.9289
vn 0.1782 0.3321 -0.9262
vn 0.3673 0.2031 -0.9076
vn 0.1789 0.3130 -0.9327
vn 0.3479 0.1493 -0.9256
vn 0.3553 0.1673 -0.9197
vn 0.1609 0.2955 -0.9417
vn 0.1738 0.2950 -0.9396
vn 0.3395 0.1312 -0.9314
vn 0.1677 0.2767 -0.9462
vn 0.0530 0.3989 -0.9154
vn 0.1777 0.3897 -0.9036
vn 0.3696 0.3743 -0.8505
vn 0.3666 0.3898 -0.8448
vn 0.5425 0.3607 -0.7587
vn 0.5341 0.3842 -0.7530
vn 0.6913 0.3473 -0.6336
vn 0.6802 0.3777 -0.6283
vn 0.3802 0.3247 -0.8660
vn 0.1782 0.3746 -0.9099
vn 0.0338 0.3990 -0.9163
vn 0.0325 0.3992 -0.9163
vn 0.0325 0.3933 -0.9188
vn 0.1754 0.3438 -0.9225
vn 0.3777 0.2565 -0.8897
vn 0.5602 0.1576 -0.8132
vn 0.0352 0.3925 -0.9191
vn 0.0522 0.3900 -0.9194
vn 0.0325 0.3963 -0.9175
vn 0.0344 0.3959 -0.9177
vn 0.0543 0.3942 -0.9174
vn 0.0306 0.3876 -0.9213
vn 0.1685 0.3111 -0.9353
vn 0.3629 0.1844 -0.9134
vn 0.5339 0.0516 -0.8440
vn 0.0273 0.3823 -0.9237
vn 0.1528 0.2791 -0.9480
vn 0.3280 0.1154 -0.9376
vn 0.4819 -0.0515 -0.8747
vn 0.0382 0.3738 -0.9267
vn 0.0430 0.3733 -0.9267
vn 0.0286 0.3853 -0.9224
vn 0.0377 0.3786 -0.9248
vn 0.0466 0.3769 -0.9251
vn 0.0385 0.3837 -0.9226
vn 0.0490 0.3813 -0.9231
vn 0.0310 0.3907 -0.9200
vn 0.0360 0.3884 -0.9208
vn 0.0516 0.3853 -0.9213
vn 0.3026 -0.4842 -0.8210
vn 0.2726 -0.3711 -0.8877
vn 0.3421 -0.4665 -0.8157
vn 0.3076 -0.3537 -0.8833
vn 0.3422 -0.3372 -0.8770
vn 0.2883 -0.1970 -0.9371
vn 0.3168 -0.1828 -0.9307
vn 0.2037 0.0001 -0.9790
vn 0.2234 0.0111 -0.9747
vn 0.0944 0.2280 -0.9691
vn 0.1086 0.2197 -0.9695
vn 0.0683 0.2000 -0.9774
vn 0.0761 0.2170 -0.9732
vn 0.0899 0.2068 -0.9742
vn 0.0468 0.1918 -0.9803
vn 0.0341 0.2032 -0.9785
vn 0.3041 0.0822 -0.9491
vn 0.3173 0.0977 -0.9433
vn 0.1427 0.2630 -0.9542
vn 0.1583 0.2599 -0.9526
vn 0.0274 0.3779 -0.9255
vn 0.0394 0.3683 -0.9289
vn 0.1398 0.2489 -0.9584
vn 0.0293 0.3704 -0.9284
vn 0.0380 0.3649 -0.9303
vn 0.0177 0.3720 -0.9281
vn 0.0236 0.3611 -0.9322
vn 0.0297 0.3571 -0.9336
vn 0.1262 0.2324 -0.9644
vn 0.0276 0.3652 -0.9305
vn 0.0344 0.3607 -0.9321
vn 0.0106 0.3686 -0.9295
vn 0.0554 0.2101 -0.9761
vn 0.1187 -0.0370 -0.9922
vn 0.1680 -0.2509 -0.9533
vn 0.0065 0.3684 -0.9296
vn 0.0113 0.3536 -0.9353
vn 0.0138 0.3519 -0.9359
vn 0.0140 0.3567 -0.9341
vn 0.0178 0.3541 -0.9350
vn 0.0143 0.3706 -0.9287
vn 0.0189 0.3571 -0.9339
vn 0.0244 0.3539 -0.9350
vn 0.2202 -0.5134 -0.8294
vn 0.1600 -0.4090 -0.8984
vn 0.1022 -0.2676 -0.9581
vn 0.0485 -0.0535 -0.9974
vn 0.9659 0.0624 -0.2515
vn 0.9822 0.0791 -0.1703
vn 0.9959 0.0063 -0.0900
vn 0.9934 -0.0570 -0.0991
vn 0.9947 -0.0909 -0.0479
vn 0.9864 -0.0924 -0.1360
vn 0.9702 0.0039 -0.2423
vn 0.9972 -0.0639 0.0399
vn 0.9961 -0.0701 0.0544
vn 0.9965 -0.0821 0.0174
vn 0.9796 0.0159 -0.2001
vn 0.9918 -0.1211 0.0405
vn 0.9460 -0.3242 0.0075
vn 0.9520 -0.2715 -0.1415
vn 0.9589 -0.2794 -0.0488
vn 0.9635 -0.2126 -0.1627
vn 0.9626 -0.2706 -0.0108
vn 0.9668 -0.2522 -0.0403
vn 0.9693 -0.1709 -0.1767
vn 0.9662 -0.2546 -0.0404
vn 0.9880 -0.1540 0.0096
vn 0.9857 -0.1676 0.0183
vn 0.9863 -0.1537 -0.0595
vn 0.9793 -0.1406 -0.1453
vn 0.9770 -0.2134 -0.0042
vn 0.9748 -0.2184 -0.0460
vn 0.9422 -0.3164 -0.1106
vn 0.9362 -0.3485 -0.0454
vn 0.9364 -0.3255 -0.1313
vn 0.8729 -0.4875 0.0190
vn 0.8949 -0.4269 -0.1301
vn 0.8882 -0.4594 0.0053
vn 0.9079 -0.3708 -0.1957
vn 0.9095 -0.3077 -0.2796
vn 0.9203 -0.3903 0.0250
vn 0.9257 -0.3708 -0.0741
vn 0.8894 -0.4513 0.0728
vn 0.8967 -0.4407 0.0403
vn 0.8305 -0.5312 -0.1677
vn 0.8359 -0.5433 -0.0777
vn 0.8217 -0.5694 -0.0232
vn 0.8232 -0.5666 -0.0363
vn 0.7378 -0.6748 0.0206
vn 0.7640 -0.6303 -0.1383
vn 0.7759 -0.6241 -0.0919
vn 0.7978 -0.5864 -0.1400
vn 0.8117 -0.5841 -0.0016
vn 0.8075 -0.5874 -0.0529
vn 0.7754 -0.6311 0.0238
vn 0.8731 -0.4872 0.0189
vn 0.8734 -0.4827 -0.0640
vn 0.8722 -0.4592 -0.1682
vn 0.8500 -0.5267 -0.0136
vn 0.8463 -0.5299 -0.0547
vn 0.7016 -0.7074 -0.0855
vn 0.6926 -0.7033 -0.1600
vn 0.7289 -0.6694 -0.1437
vn 0.7380 -0.6745 0.0213
vn 0.7376 -0.6687 -0.0932
vn 0.6980 -0.7157 0.0235
vn 0.6597 -0.7516 0.0035
vn 0.6661 -0.7446 -0.0427
vn 0.6570 -0.7290 -0.1924
vn 0.6572 -0.7505 -0.0689
vn 0.6210 -0.7834 -0.0254
vn 0.5690 -0.8224 -0.0017
vn 0.5694 -0.8221 -0.0010
vn 0.5870 -0.7915 -0.1700
vn 0.5521 -0.8299 -0.0809
vn 0.5406 -0.8268 -0.1558
vn 0.5032 -0.7777 -0.3769
vn 0.4453 -0.8807 -0.1616
vn 0.4757 -0.8736 -0.1023
vn 0.4932 -0.8564 -0.1529
vn 0.5166 -0.8559 0.0226
vn 0.5115 -0.8539 -0.0962
vn 0.4676 -0.8838 0.0173
vn 0.5995 -0.7981 -0.0598
vn 0.6306 -0.7515 -0.1941
vn 0.6197 -0.7845 -0.0228
vn 0.4398 -0.8981 0.0076
vn 0.4162 -0.9091 0.0147
vn 0.4090 -0.9092 -0.0780
vn 0.3964 -0.8993 -0.1848
vn 0.3662 -0.9304 -0.0139
vn 0.3554 -0.9091 -0.2171
vn 0.3471 -0.9362 -0.0549
vn 0.2559 -0.9667 0.0028
vn 0.2626 -0.9491 -0.1739
vn 0.2873 -0.9554 -0.0681
vn 0.3163 -0.9276 -0.1986
vn 0.3170 -0.9474 -0.0446
vn 0.3180 -0.9471 -0.0428
vn 0.3111 -0.9502 -0.0171
vn 0.1778 -0.9790 -0.1000
vn 0.1530 -0.9741 -0.1664
vn 0.2077 -0.9655 -0.1571
vn 0.0442 -0.9789 -0.1996
vn 0.0977 -0.9792 -0.1781
vn 0.0804 -0.9967 -0.0079
vn 0.1410 -0.9899 0.0121
vn 0.1209 -0.9881 -0.0955
vn 0.0840 -0.9965 0.0017
vn 0.2250 -0.9744 0.0030
vn 0.2158 -0.9190 -0.3298
vn 0.2124 -0.9762 -0.0450
vn 0.1970 -0.9801 0.0239
vn 0.0278 -0.9995 -0.0112
vn 0.0683 -0.9940 -0.0849
vn 0.5951 -0.5399 -0.5953
vn 0.5556 -0.4375 -0.7070
vn 0.5856 -0.4038 -0.7029
vn 0.5289 -0.2936 -0.7963
vn 0.4273 -0.1265 -0.8952
vn 0.2902 0.0665 -0.9547
vn 0.5216 -0.4657 -0.7149
vn 0.4822 -0.3726 -0.7929
vn 0.5010 -0.3202 -0.8040
vn 0.4491 -0.5200 -0.7266
vn 0.4150 -0.4209 -0.8066
vn 0.4497 -0.3982 -0.7995
vn 0.4058 -0.2965 -0.8645
vn 0.4338 -0.2710 -0.8593
vn 0.3648 -0.1408 -0.9204
vn 0.4046 -0.1472 -0.9026
vn 0.2584 0.0379 -0.9653
vn 0.2753 0.0512 -0.9600
vn 0.1278 0.2506 -0.9596
vn 0.0235 0.3767 -0.9260
vn 0.5455 -0.7204 -0.4283
vn 0.5034 -0.7635 -0.4045
vn 0.4928 -0.6860 -0.5353
vn 0.4587 -0.7908 -0.4054
vn 0.4493 -0.7124 -0.5390
vn 0.4119 -0.8130 -0.4116
vn 0.4040 -0.7356 -0.5437
vn 0.3638 -0.8345 -0.4138
vn 0.3569 -0.7558 -0.5490
vn 0.3144 -0.8539 -0.4148
vn 0.3090 -0.7761 -0.5496
vn 0.2640 -0.8703 -0.4158
vn 0.2595 -0.7927 -0.5516
vn 0.2122 -0.8826 -0.4194
vn 0.2089 -0.8062 -0.5535
vn 0.1600 -0.8941 -0.4184
vn 0.1573 -0.8156 -0.5568
vn 0.1069 -0.9012 -0.4200
vn 0.1054 -0.8238 -0.5570
vn 0.0524 -0.8277 -0.5587
vn 0.3449 -0.6787 -0.6484
vn 0.2987 -0.6968 -0.6521
vn 0.2507 -0.7118 -0.6561
vn 0.2021 -0.7267 -0.6565
vn 0.1521 -0.7354 -0.6604
vn 0.1020 -0.7433 -0.6611
vn 0.0502 -0.7494 -0.6602
vn 0.0479 -0.6535 -0.7554
vn 0.0967 -0.6484 -0.7551
vn 0.1443 -0.6418 -0.7531
vn 0.1914 -0.6315 -0.7514
vn 0.2377 -0.6189 -0.7487
vn 0.2827 -0.6027 -0.7462
vn 0.3270 -0.5882 -0.7397
vn 0.3695 -0.5680 -0.7354
vn 0.3797 -0.4454 -0.8108
vn 0.3744 -0.3166 -0.8715
vn 0.3408 -0.1608 -0.9263
vn 0.2411 0.0248 -0.9702
vn 0.1129 0.2371 -0.9649
vn 0.0209 0.3742 -0.9271
vn 0.0268 0.9947 -0.0993
vn 0.0433 0.9768 -0.2096
vn 0.1439 0.9810 -0.1300
vn 0.1041 0.9910 -0.0844
vn 0.1183 0.9925 0.0319
vn 0.0640 0.9957 0.0676
vn 0.0629 0.9897 0.1286
vn 0.0800 0.9945 -0.0675
vn 0.0800 0.9945 -0.0676
vn 0.1184 0.9924 0.0340
vn 0.2037 0.9780 -0.0447
vn 0.2209 0.9751 -0.0186
vn 0.1759 0.9766 -0.1235
vn 0.2264 0.9711 -0.0757
vn 0.3445 0.9352 0.0824
vn 0.3512 0.9239 0.1519
vn 0.3093 0.9507 0.0215
vn 0.2799 0.9377 -0.2057
vn 0.3003 0.9305 -0.2095
vn 0.2585 0.9429 -0.2102
vn 0.2284 0.9727 0.0411
vn 0.2491 0.9652 -0.0791
vn 0.2944 0.9460 0.1359
vn 0.2924 0.9535 0.0726
vn 0.1325 0.9901 -0.0462
vn 0.1721 0.9850 -0.0155
vn 0.1721 0.9851 -0.0023
vn 0.3652 0.9099 -0.1965
vn 0.4218 0.9045 -0.0622
vn 0.3402 0.9156 -0.2143
vn 0.4158 0.9092 0.0233
vn 0.4482 0.8921 0.0565
vn 0.4425 0.8967 -0.0081
vn 0.4587 0.8828 -0.1011
vn 0.5281 0.8446 -0.0879
vn 0.5452 0.8377 0.0321
vn 0.5519 0.8309 -0.0708
vn 0.5352 0.8162 -0.2175
vn 0.4814 0.7713 -0.4164
vn 0.6084 0.7769 -0.1622
vn 0.6075 0.7647 -0.2150
vn 0.5729 0.7913 -0.2136
vn 0.6030 0.7953 0.0617
vn 0.6055 0.7881 0.1104
vn 0.6125 0.7899 0.0288
vn 0.5587 0.8044 -0.2020
vn 0.6544 0.7439 0.1358
vn 0.6456 0.7601 0.0738
vn 0.6349 0.7725 0.0146
vn 0.4381 0.8953 -0.0810
vn 0.4973 0.8674 0.0159
vn 0.4785 0.8668 -0.1405
vn 0.5095 0.8601 -0.0258
vn 0.5453 0.8376 0.0320
vn 0.3436 0.9357 0.0800
vn 0.3623 0.9320 0.0080
vn 0.3206 0.9236 -0.2103
vn 0.4061 0.9012 0.1514
vn 0.4025 0.9119 0.0801
vn 0.6566 0.7542 0.0075
vn 0.6958 0.7140 0.0778
vn 0.7000 0.6991 0.1458
vn 0.6772 0.7329 -0.0648
vn 0.6922 0.7166 -0.0856
vn 0.7270 0.6858 0.0347
vn 0.7106 0.6910 -0.1330
vn 0.7239 0.6883 -0.0474
vn 0.8023 0.5953 0.0440
vn 0.7786 0.6222 -0.0821
vn 0.7700 0.6369 -0.0380
vn 0.7330 0.6684 -0.1265
vn 0.7576 0.6526 -0.0102
vn 0.7527 0.6582 -0.0150
vn 0.7629 0.6465 0.0012
vn 0.7872 0.5724 -0.2296
vn 0.8115 0.5795 -0.0748
vn 0.7869 0.5847 -0.1971
vn 0.8845 0.4554 -0.1015
vn 0.8147 0.5344 -0.2253
vn 0.8830 0.4632 -0.0759
vn 0.8972 0.4325 0.0895
vn 0.8917 0.4502 0.0463
vn 0.8510 0.5251 0.0115
vn 0.8675 0.4936 0.0619
vn 0.8724 0.4767 0.1077
vn 0.8762 0.4817 0.0154
vn 0.8126 0.5477 -0.1990
vn 0.8927 0.4480 0.0487
vn 0.8159 0.5780 0.0137
vn 0.7321 0.6199 -0.2825
vn 0.8100 0.5839 -0.0550
vn 0.8351 0.5479 0.0492
vn 0.9080 0.3954 -0.1383
vn 0.8984 0.4193 -0.1307
vn 0.9318 0.3630 -0.0059
vn 0.9713 0.2334 0.0448
vn 0.9726 0.2169 0.0839
vn 0.9512 0.3010 -0.0683
vn 0.9142 0.3309 -0.2339
vn 0.9333 0.3409 -0.1133
vn 0.9301 0.3670 -0.0122
vn 0.9369 0.3453 -0.0549
vn 0.9550 0.2958 0.0206
vn 0.9476 0.2511 -0.1976
vn 0.9779 0.1849 -0.0974
vn 0.9265 0.2894 -0.2404
vn 0.9869 0.1605 0.0188
vn 0.9914 0.1261 0.0345
vn 0.9865 0.1551 -0.0529
vn 0.9833 0.1412 -0.1144
vn 0.9319 0.2478 -0.2650
vn 0.9710 0.2349 0.0434
vn 0.9763 0.2164 0.0042
vn 0.9346 0.2965 -0.1968
vn 0.9835 0.1622 0.0797
vn 0.9840 0.1722 0.0462
vn 0.9148 0.4027 0.0315
vn 0.9098 0.4120 -0.0506
vn 0.9318 0.3630 -0.0038
vn 0.9944 0.1060 0.0027
vn 0.9974 0.0689 0.0232
vn 0.9950 0.0858 -0.0508
vn 0.9845 0.1016 -0.1430
vn 0.9995 0.0301 -0.0072
vn 0.9989 0.0248 -0.0398
vn 0.6621 -0.6230 -0.4165
vn 0.6284 -0.5047 -0.5919
vn 0.6966 -0.5867 -0.4130
vn 0.6532 -0.4526 -0.6070
vn 0.7292 -0.5494 -0.4080
vn 0.6814 -0.4161 -0.6021
vn 0.7595 -0.5108 -0.4027
vn 0.7087 -0.3804 -0.5942
vn 0.7872 -0.4695 -0.4000
vn 0.7328 -0.3418 -0.5884
vn 0.8126 -0.4284 -0.3952
vn 0.7542 -0.3026 -0.5828
vn 0.8358 -0.3869 -0.3896
vn 0.7744 -0.2642 -0.5749
vn 0.8565 -0.3434 -0.3854
vn 0.7915 -0.2238 -0.5687
vn 0.8748 -0.2996 -0.3808
vn 0.8062 -0.1827 -0.5627
vn 0.8902 -0.2543 -0.3780
vn 0.8191 -0.1425 -0.5557
vn 0.9040 -0.2105 -0.3721
vn 0.8304 -0.1028 -0.5476
vn 0.9155 -0.1659 -0.3666
vn 0.8382 -0.0610 -0.5420
vn 0.9245 -0.1210 -0.3615
vn 0.8437 -0.0194 -0.5364
vn 0.9307 -0.0753 -0.3579
vn 0.8471 0.0219 -0.5310
vn 0.9347 -0.0298 -0.3542
vn 0.8499 0.0615 -0.5233
vn 0.9364 0.0158 -0.3506
vn 0.8497 0.1020 -0.5173
vn 0.9362 0.0606 -0.3462
vn 0.8473 0.1422 -0.5117
vn 0.9337 0.1052 -0.3424
vn 0.8425 0.1821 -0.5070
vn 0.9294 0.1488 -0.3376
vn 0.8377 0.2202 -0.4998
vn 0.9221 0.1932 -0.3352
vn 0.8295 0.2589 -0.4949
vn 0.9134 0.2363 -0.3315
vn 0.8202 0.2965 -0.4893
vn 0.9032 0.2780 -0.3269
vn 0.8065 0.3345 -0.4875
vn 0.8904 0.3199 -0.3239
vn 0.7942 0.3703 -0.4819
vn 0.8765 0.3603 -0.3192
vn 0.7801 0.4054 -0.4765
vn 0.8593 0.4009 -0.3177
vn 0.7636 0.4401 -0.4725
vn 0.8417 0.4396 -0.3137
vn 0.7463 0.4734 -0.4680
vn 0.8213 0.4778 -0.3119
vn 0.7287 0.5054 -0.4621
vn 0.8001 0.5145 -0.3084
vn 0.7082 0.5370 -0.4584
vn 0.7773 0.5502 -0.3051
vn 0.6855 0.5676 -0.4561
vn 0.7522 0.5848 -0.3036
vn 0.6641 0.5966 -0.4505
vn 0.7257 0.6182 -0.3022
vn 0.6404 0.6248 -0.4467
vn 0.6982 0.6501 -0.2997
vn 0.6147 0.6518 -0.4442
vn 0.6696 0.6807 -0.2972
vn 0.5884 0.6775 -0.4414
vn 0.6398 0.7098 -0.2947
vn 0.5605 0.7018 -0.4398
vn 0.6079 0.7376 -0.2940
vn 0.5325 0.7250 -0.4368
vn 0.5764 0.7640 -0.2901
vn 0.5039 0.7471 -0.4335
vn 0.5422 0.7887 -0.2896
vn 0.4736 0.7676 -0.4318
vn 0.5074 0.8118 -0.2891
vn 0.4436 0.7871 -0.4286
vn 0.4723 0.8334 -0.2871
vn 0.4116 0.8046 -0.4280
vn 0.4363 0.8536 -0.2848
vn 0.3793 0.8211 -0.4266
vn 0.3982 0.8715 -0.2862
vn 0.3478 0.8370 -0.4225
vn 0.3609 0.8884 -0.2836
vn 0.3139 0.8501 -0.4227
vn 0.3226 0.9034 -0.2824
vn 0.2809 0.8630 -0.4199
vn 0.2835 0.9166 -0.2818
vn 0.2458 0.8728 -0.4216
vn 0.2437 0.9281 -0.2816
vn 0.2117 0.8829 -0.4190
vn 0.2036 0.9376 -0.2817
vn 0.1769 0.8907 -0.4187
vn 0.1634 0.9456 -0.2812
vn 0.1421 0.8978 -0.4169
vn 0.1229 0.9521 -0.2801
vn 0.1066 0.9028 -0.4167
vn 0.0819 0.9561 -0.2815
vn 0.0713 0.9066 -0.4160
vn 0.0409 0.9592 -0.2798
vn 0.0355 0.9089 -0.4156
vn 0.8494 -0.4402 -0.2912
vn -0.9984 -0.0573 -0.0005
vn -0.9999 -0.0117 0.0056
vn 0.1808 -0.9835 0.0082
vn 0.1184 -0.9929 0.0080
vn 0.0588 -0.9982 0.0063
vn 0.2954 -0.9553 0.0085
vn 0.2372 -0.9714 0.0071
vn 0.4067 -0.9135 0.0088
vn 0.3528 -0.9357 0.0079
vn 0.4648 -0.8854 0.0071
vn 0.5134 -0.8582 0.0045
vn 0.4708 -0.8822 0.0067
vn 0.5662 -0.8242 0.0061
vn 0.6180 -0.7861 -0.0024
vn 0.5690 -0.8224 0.0039
vn 0.6596 -0.7516 -0.0008
vn 0.7038 -0.7104 0.0024
vn 0.7476 -0.6641 0.0041
vn 0.7877 -0.6160 -0.0057
vn 0.7428 -0.6695 -0.0007
vn 0.8199 -0.5725 -0.0008
vn 0.9046 -0.4263 0.0038
vn 0.8871 -0.4615 0.0019
vn 0.9058 -0.4238 -0.0025
vn 0.8769 -0.4807 -0.0025
vn 0.9360 -0.3519 0.0014
vn 0.9486 -0.3163 0.0063
vn 0.9712 -0.2381 0.0051
vn 0.9806 -0.1958 0.0058
vn 0.9612 -0.2757 0.0033
vn 0.9634 -0.2681 0.0033
vn 0.9806 -0.1958 0.0059
vn 0.9925 -0.1220 0.0016
vn 0.9969 -0.0781 0.0059
vn 1.0000 -0.0044 0.0044
vn 0.9991 0.0426 0.0070
vn 0.9932 0.1162 0.0025
vn 0.9873 0.1587 0.0072
vn 0.9723 0.2338 0.0052
vn 0.9684 0.2495 0.0057
vn 0.9619 0.2732 0.0089
vn 0.9361 0.3518 0.0030
vn 0.9212 0.3891 0.0049
vn 0.9322 0.3620 -0.0006
vn 0.8903 0.4554 0.0048
vn 0.8680 0.4966 0.0077
vn 0.8865 0.4627 0.0077
vn 0.8680 0.4965 0.0077
vn 0.8277 0.5611 0.0021
vn 0.8030 0.5960 0.0055
vn 0.7589 0.6512 0.0068
vn 0.7208 0.6931 0.0057
vn 0.7606 0.6491 0.0116
vn 0.7633 0.6459 0.0116
vn 0.6790 0.7341 0.0011
vn 0.6357 0.7719 0.0081
vn 0.6343 0.7730 0.0115
vn 0.5853 0.8108 0.0052
vn 0.5417 0.8405 0.0104
vn 0.5354 0.8446 0.0048
vn 0.4877 0.8730 -0.0010
vn 0.4337 0.9010 0.0062
vn 0.3797 0.9251 0.0035
vn 0.3253 0.9456 0.0086
vn 0.2653 0.9641 0.0056
vn 0.2079 0.9781 0.0051
vn 0.1536 0.9881 0.0034
vn 0.0902 0.9959 0.0087
vn -0.0245 0.9997 0.0073
vn 0.0311 0.9995 0.0019
vn 0.1171 0.9930 0.0127
vn -0.0857 0.9963 0.0084
vn -0.1468 0.9891 0.0106
vn -0.2075 0.9782 0.0006
vn -0.2585 0.9660 0.0058
vn -0.3177 0.9482 0.0073
vn -0.3761 0.9265 0.0098
vn -0.4299 0.9029 0.0032
vn -0.4812 0.8766 0.0069
vn -0.5818 0.8133 0.0006
vn -0.5352 0.8447 -0.0028
vn -0.5228 0.8524 0.0113
vn -0.6221 0.7829 0.0022
vn -0.6810 0.7323 0.0084
vn -0.7128 0.7014 0.0047
vn -0.7623 0.6472 0.0081
vn -0.8331 0.5531 0.0056
vn -0.7923 0.6102 0.0039
vn -0.8576 0.5144 0.0048
vn -0.8946 0.4468 0.0079
vn -0.9132 0.4075 0.0042
vn -0.9407 0.3391 0.0071
vn -0.9555 0.2949 0.0020
vn -0.9739 0.2268 0.0063
vn -0.9875 0.1576 0.0061
vn -0.9836 0.1804 0.0053
vn -0.9945 0.1048 0.0066
vn -0.9981 0.0624 0.0007
vn -0.9914 -0.1304 0.0042
vn -0.9851 -0.1717 0.0032
vn -0.9671 -0.2544 0.0051
vn -0.8883 -0.4593 -0.0066
vn -0.9117 -0.4110 -0.0025
vn -0.9689 -0.2473 -0.0021
vn -0.9576 -0.2882 0.0017
vn -0.8564 -0.5162 0.0021
vn -0.8234 -0.5675 -0.0017
vn -0.7541 -0.6567 -0.0073
vn -0.7874 -0.6165 -0.0048
vn -0.7061 -0.7080 -0.0126
vn -0.6733 -0.7393 -0.0109
vn -0.5685 -0.8227 0.0071
vn -0.6214 -0.7835 0.0056
vn -0.6761 -0.7368 0.0048
vn -0.5193 -0.8545 0.0066
vn -0.3598 -0.9330 0.0057
vn -0.4146 -0.9100 0.0037
vn -0.4656 -0.8850 0.0033
vn -0.2996 -0.9540 0.0063
vn -0.2435 -0.9699 0.0053
vn -0.1306 -0.9914 0.0043
vn -0.1826 -0.9832 -0.0004
vn -0.0730 -0.9973 0.0005
vn -0.0364 -0.9993 -0.0004
vn -0.0118 -0.9999 0.0041
vn -0.0364 -0.9993 -0.0003
vn 0.0151 -0.9999 0.0017
vn 0.0004 -0.4021 0.9156
vn -0.0000 -0.4027 0.9153
vn -0.0006 -0.4037 0.9149
vn -0.0001 -0.4029 0.9152
vn 0.0006 -0.4020 0.9156
vn -0.0000 -0.4028 0.9153
vn -0.0004 -0.4052 0.9142
vn -0.0002 -0.4045 0.9145
vn 0.0001 -0.4015 0.9159
vn 0.0001 -0.4032 0.9151
vn -0.0002 -0.4034 0.9150
vn 0.0001 -0.4023 0.9155
vn 0.0001 -0.4020 0.9157
vn -0.0000 -0.4023 0.9155
vn -0.0001 -0.4028 0.9153
vn -0.0000 -0.4026 0.9154
vn 0.0003 -0.4031 0.9151
vn 0.0028 -0.4067 0.9135
vn -0.0002 -0.4025 0.9154
vn 0.0001 -0.4029 0.9153
vn -0.0000 -0.4029 0.9153
vn 0.0001 -0.4026 0.9154
vn -0.0001 -0.4026 0.9154
vn -0.0000 -0.4027 0.9154
vn 0.0002 -0.4032 0.9151
vn -0.0003 -0.4021 0.9156
vn 0.0001 -0.4029 0.9152
vn -0.0004 -0.4021 0.9156
vn -0.0006 -0.4018 0.9157
vn 0.0003 -0.4032 0.9151
vn -0.0012 -0.4010 0.9161
vn -0.0001 -0.4030 0.9152
vn -0.0000 -0.4030 0.9152
vn 0.0005 -0.4034 0.9150
vn 0.0001 -0.4030 0.9152
s 1
usemtl blau_001
f 2068//1817 2069//1818 2070//1819
f 2071//1820 2072//1821 2073//1822
f 2074//1823 2075//1824 2076//1825
f 2076//1825 2075//1824 2077//1826
f 2078//1827 2079//1828 2080//1829
f 2075//1824 2081//1830 2077//1826
f 2077//1826 2081//1830 2080//1829
f 2077//1826 2080//1829 2082//1831
f 2082//1831 2080//1829 2079//1828
f 2071//1820 2073//1822 2083//1832
f 2084//1833 2085//1834 2086//1835
f 2086//1835 2085//1834 2087//1836
f 2086//1835 7640//1837 7713//1838
f 2084//1833 2086//1835 2090//1839
f 2090//1839 2086//1835 7713//1838
f 2090//1839 7713//1838 7714//1840
f 2092//1841 7613//1842 2086//1835
f 2086//1835 7613//1842 7614//1843
f 2086//1835 7614//1843 7640//1837
f 2095//1844 2096//1845 2097//1846
f 2097//1846 2098//1847 2095//1844
f 2095//1844 2098//1847 2099//1848
f 2095//1844 2099//1848 2092//1841
f 2092//1841 2099//1848 2100//1849
f 2092//1841 2100//1849 7613//1842
f 2096//1845 2095//1844 2101//1850
f 2101//1850 2095//1844 2102//1851
f 2101//1850 2102//1851 2103//1852
f 2104//1853 2105//1854 2102//1851
f 2102//1851 2105//1854 2106//1855
f 2102//1851 2106//1855 2103//1852
f 2107//1856 2108//1857 2104//1853
f 2104//1853 2108//1857 2109//1858
f 2109//1858 2110//1859 2104//1853
f 2104//1853 2110//1859 2111//1860
f 2104//1853 2111//1860 2105//1854
f 2112//1861 2113//1862 2107//1856
f 2107//1856 2113//1862 2114//1863
f 2107//1856 2114//1863 2115//1864
f 2115//1864 2116//1865 2107//1856
f 2107//1856 2116//1865 2117//1866
f 2107//1856 2117//1866 2108//1857
f 2118//1867 2119//1868 2112//1861
f 2112//1861 2119//1868 2120//1869
f 2112//1861 2120//1869 2113//1862
f 2121//1870 2122//1871 7791//1872
f 2121//1870 2124//1873 2122//1871
f 2122//1871 2124//1873 2125//1874
f 2122//1871 2125//1874 7791//1872
f 2126//1875 2127//1876 7791//1872
f 7791//1872 2127//1876 2128//1877
f 2128//1877 2129//1878 7791//1872
f 7791//1872 2129//1878 7611//1879
f 2123//1880 2130//1881 7693//1881
f 2131//1882 2132//1883 2133//1884
f 2133//1884 2132//1883 2134//1885
f 2134//1885 2135//1886 2133//1884
f 2133//1884 2135//1886 2136//1887
f 2133//1884 2136//1887 2137//1888
f 2137//1888 2136//1887 2138//1889
f 2137//1888 2138//1889 2139//1890
f 2131//1882 2133//1884 2140//1891
f 2140//1891 2133//1884 2141//1892
f 2140//1891 2141//1892 2142//1893
f 2069//1818 2143//1894 2070//1819
f 2070//1819 2143//1894 2144//1895
f 2070//1819 2144//1895 2141//1892
f 2141//1892 2144//1895 2145//1896
f 2141//1892 2145//1896 2142//1893
f 2068//1817 2070//1819 2146//1897
f 2146//1897 2070//1819 2147//1898
f 2146//1897 2147//1898 2148//1899
f 2148//1899 2147//1898 2149//1900
f 2149//1900 2147//1898 2150//1901
f 2149//1900 2150//1901 2151//1902
f 2081//1830 2152//1903 2080//1829
f 2080//1829 2152//1903 2153//1904
f 2080//1829 2153//1904 2150//1901
f 2150//1901 2153//1904 2154//1905
f 2150//1901 2154//1905 2151//1902
f 2072//1821 2078//1827 2073//1822
f 2073//1822 2078//1827 2080//1829
f 2073//1822 2080//1829 2155//1906
f 2155//1906 2080//1829 2150//1901
f 2155//1906 2150//1901 2156//1907
f 2156//1907 2150//1901 2147//1898
f 2156//1907 2147//1898 2157//1908
f 2157//1908 2147//1898 2070//1819
f 2157//1908 2070//1819 2158//1909
f 2158//1909 2070//1819 2141//1892
f 2158//1909 2141//1892 2159//1910
f 2159//1910 2141//1892 2133//1884
f 2159//1910 2133//1884 7791//1872
f 7791//1872 2133//1884 2137//1888
f 7791//1872 2137//1888 2126//1875
f 2126//1875 2137//1888 2139//1890
f 2087//1836 2083//1832 2086//1835
f 2086//1835 2083//1832 2073//1822
f 2086//1835 2073//1822 2092//1841
f 2092//1841 2073//1822 2155//1906
f 2092//1841 2155//1906 2095//1844
f 2095//1844 2155//1906 2156//1907
f 2095//1844 2156//1907 2102//1851
f 2102//1851 2156//1907 2157//1908
f 2102//1851 2157//1908 2104//1853
f 2104//1853 2157//1908 2158//1909
f 2104//1853 2158//1909 2107//1856
f 2107//1856 2158//1909 2159//1910
f 2107//1856 2159//1910 2112//1861
f 2112//1861 2159//1910 7791//1872
f 2112//1861 7791//1872 2118//1867
f 2118//1867 7791//1872 2125//1874
f 2160//1911 2161//1912 2162//1913
f 2163//1914 2164//1915 2165//1916
f 2166//1917 2167//1918 2168//1919
f 2168//1919 2167//1918 2169//1920
f 2168//1919 2169//1920 2170//1921
f 2171//1922 2169//1920 2172//1923
f 2172//1923 2169//1920 2173//1924
f 2171//1922 2174//1925 2169//1920
f 2169//1920 2174//1925 2175//1926
f 2169//1920 2175//1926 2170//1921
f 2176//1927 2177//1928 2178//1929
f 2178//1929 2177//1928 2179//1930
f 2179//1930 2180//1931 2178//1929
f 2178//1929 2180//1931 2181//1932
f 2178//1929 2181//1932 2182//1933
f 2183//1934 2184//1935 2185//1936
f 2185//1936 2184//1935 2186//1937
f 2185//1936 2186//1937 2178//1929
f 2178//1929 2186//1937 2187//1938
f 2178//1929 2187//1938 2176//1927
f 2188//1939 2183//1934 2189//1940
f 2189//1940 2183//1934 2185//1936
f 2189//1940 2185//1936 2190//1941
f 2190//1941 2185//1936 2165//1916
f 2164//1915 2191//1942 2165//1916
f 2165//1916 2191//1942 2192//1943
f 2165//1916 2192//1943 2190//1941
f 2193//1944 2194//1945 2195//1946
f 2195//1946 2194//1945 2196//1947
f 2195//1946 2196//1947 2197//1948
f 2197//1948 2198//1949 2195//1946
f 2195//1946 2198//1949 2199//1950
f 2195//1946 2199//1950 2163//1914
f 2200//1951 2201//1952 2202//1953
f 2201//1952 2200//1951 2203//1954
f 2203//1954 2200//1951 2204//1955
f 2203//1954 2204//1955 2205//1956
f 2206//1957 2207//1958 2208//1959
f 2208//1959 2207//1958 2209//1960
f 2208//1959 2209//1960 2204//1955
f 2204//1955 2209//1960 2210//1961
f 2204//1955 2210//1961 2205//1956
f 2211//1962 2212//1963 2213//1964
f 2213//1964 2212//1963 2214//1965
f 2213//1964 2214//1965 2208//1959
f 2208//1959 2214//1965 2215//1966
f 2208//1959 2215//1966 2206//1957
f 2211//1962 2213//1964 2216//1967
f 2216//1967 2213//1964 2217//1968
f 2216//1967 2217//1968 2218//1969
f 2218//1969 2217//1968 2219//1970
f 2218//1969 2219//1970 2220//1971
f 2221//1972 2222//1973 2223//1974
f 2223//1974 2222//1973 2224//1975
f 2223//1974 2224//1975 2219//1970
f 2219//1970 2224//1975 2225//1976
f 2219//1970 2225//1976 2220//1971
f 2221//1972 2223//1974 2226//1977
f 2226//1977 2223//1974 2227//1978
f 2226//1977 2227//1978 2228//1979
f 2161//1912 2229//1980 2162//1913
f 2162//1913 2229//1980 2230//1981
f 2162//1913 2230//1981 2231//1982
f 2231//1982 2230//1981 2232//1983
f 2231//1982 2232//1983 2227//1978
f 2227//1978 2232//1983 2233//1984
f 2227//1978 2233//1984 2228//1979
f 2234//1985 2235//1986 2162//1913
f 2162//1913 2235//1986 2236//1987
f 2162//1913 2236//1987 2160//1911
f 2160//1911 2236//1987 2237//1988
f 2160//1911 2237//1988 2238//1989
f 7721//1990 2240//1991 2241//1992
f 2241//1992 2240//1991 2242//1993
f 7877//1994 2244//1995 2245//1996
f 2245//1996 2244//1995 2246//1997
f 2245//1996 2246//1997 2247//1998
f 2248//1999 2249//2000 2250//2001
f 2250//2001 2251//2002 2248//1999
f 2248//1999 2251//2002 2242//1993
f 2248//1999 2242//1993 2252//2003
f 2252//2003 2242//1993 2240//1991
f 2252//2003 2240//1991 2253//2004
f 2254//2005 2255//2006 2256//2007
f 2256//2007 2255//2006 2257//2008
f 2256//2007 2257//2008 2258//2009
f 2258//2009 2257//2008 2259//2010
f 2258//2009 2259//2010 2240//1991
f 2240//1991 2259//2010 2260//2011
f 2240//1991 2260//2011 2253//2004
f 2254//2005 2256//2007 2261//2012
f 2261//2012 2256//2007 2262//2013
f 2261//2012 2262//2013 2263//2014
f 2264//2015 2265//2016 2262//2013
f 2262//2013 2265//2016 2266//2017
f 2262//2013 2266//2017 2263//2014
f 2267//2018 2268//2019 2264//2015
f 2264//2015 2268//2019 2269//2020
f 2264//2015 2269//2020 2265//2016
f 2270//2021 2271//2022 2267//2018
f 2267//2018 2271//2022 2272//2023
f 2267//2018 2272//2023 2268//2019
f 2273//2024 2274//2025 2270//2021
f 2270//2021 2274//2025 2275//2026
f 2270//2021 2275//2026 2271//2022
f 2166//1917 2276//2027 2167//1918
f 2167//1918 2276//2027 2277//2028
f 2167//1918 2277//2028 2273//2024
f 2273//2024 2277//2028 2278//2029
f 2273//2024 2278//2029 2274//2025
f 2247//1998 2234//1985 2245//1996
f 2245//1996 2234//1985 2162//1913
f 2245//1996 2162//1913 2279//2030
f 2279//2030 2162//1913 2231//1982
f 2279//2030 2231//1982 2280//2031
f 2280//2031 2231//1982 2227//1978
f 2280//2031 2227//1978 2281//2032
f 2281//2032 2227//1978 2223//1974
f 2281//2032 2223//1974 2282//2033
f 2282//2033 2223//1974 2219//1970
f 2282//2033 2219//1970 2283//2034
f 2283//2034 2219//1970 2217//1968
f 2283//2034 2217//1968 2284//2035
f 2284//2035 2217//1968 2213//1964
f 2284//2035 2213//1964 2285//2036
f 2285//2036 2213//1964 2208//1959
f 2285//2036 2208//1959 2286//2037
f 2286//2037 2208//1959 2204//1955
f 2286//2037 2204//1955 2287//2038
f 2287//2038 2204//1955 2200//1951
f 2163//1914 2165//1916 2195//1946
f 2195//1946 2165//1916 2185//1936
f 2195//1946 2185//1936 2288//2039
f 2288//2039 2185//1936 2178//1929
f 2288//2039 2178//1929 2169//1920
f 2169//1920 2178//1929 2182//1933
f 2169//1920 2182//1933 2173//1924
f 7721//1990 7877//1994 2240//1991
f 2240//1991 7877//1994 2245//1996
f 2240//1991 2245//1996 2258//2009
f 2258//2009 2245//1996 2279//2030
f 2258//2009 2279//2030 2256//2007
f 2256//2007 2279//2030 2280//2031
f 2256//2007 2280//2031 2262//2013
f 2262//2013 2280//2031 2281//2032
f 2262//2013 2281//2032 2264//2015
f 2264//2015 2281//2032 2282//2033
f 2264//2015 2282//2033 2267//2018
f 2267//2018 2282//2033 2283//2034
f 2267//2018 2283//2034 2270//2021
f 2270//2021 2283//2034 2284//2035
f 2270//2021 2284//2035 2273//2024
f 2273//2024 2284//2035 2285//2036
f 2273//2024 2285//2036 2167//1918
f 2167//1918 2285//2036 2286//2037
f 2167//1918 2286//2037 2169//1920
f 2169//1920 2286//2037 2287//2038
f 2169//1920 2287//2038 2288//2039
f 2288//2039 2287//2038 2200//1951
f 2288//2039 2200//1951 2195//1946
f 2195//1946 2200//1951 2202//1953
f 2195//1946 2202//1953 2193//1944
f 2289//2040 2290//2041 2291//2042
f 2292//2043 2293//2044 2294//2045
f 2295//2046 2296//2047 2297//2048
f 2298//2049 2299//2050 2300//2051
f 2300//2051 2299//2050 2301//2052
f 2302//2053 2303//2054 2304//2055
f 2304//2055 2303//2054 2305//2056
f 2304//2055 2305//2056 2306//2057
f 2306//2057 2305//2056 2300//2051
f 2306//2057 2300//2051 2307//2058
f 2307//2058 2300//2051 2301//2052
f 2308//2059 2309//2060 2310//2061
f 2310//2061 2309//2060 2311//2062
f 2310//2061 2311//2062 2312//2063
f 2313//2064 2314//2065 2315//2066
f 2315//2066 2314//2065 2296//2047
f 2296//2047 2314//2065 2297//2048
f 2297//2048 2314//2065 2316//2067
f 2297//2048 2316//2067 2317//2068
f 2295//2046 2297//2048 2318//2069
f 2318//2069 2297//2048 2319//2070
f 2318//2069 2319//2070 2320//2071
f 2320//2071 2319//2070 2321//2072
f 2321//2072 2319//2070 2322//2073
f 2321//2072 2322//2073 2323//2074
f 2323//2074 2322//2073 2324//2075
f 2324//2075 2322//2073 2325//2076
f 2324//2075 2325//2076 2326//2077
f 2327//2078 2328//2079 2329//2080
f 2329//2080 2328//2079 2330//2081
f 2329//2080 2330//2081 2325//2076
f 2325//2076 2330//2081 2331//2082
f 2325//2076 2331//2082 2326//2077
f 2327//2078 2329//2080 2332//2083
f 2332//2083 2329//2080 2333//2084
f 2332//2083 2333//2084 2334//2085
f 2334//2085 2333//2084 2335//2086
f 2335//2086 2333//2084 2336//2087
f 2335//2086 2336//2087 2337//2088
f 2338//2089 2339//2090 2340//2091
f 2340//2091 2339//2090 2341//2092
f 2340//2091 2341//2092 2342//2093
f 2342//2093 2341//2092 2343//2094
f 2342//2093 2343//2094 2336//2087
f 2336//2087 2343//2094 2344//2095
f 2336//2087 2344//2095 2337//2088
f 2345//2096 2346//2097 2347//2098
f 2347//2098 2346//2097 2348//2099
f 2347//2098 2348//2099 2340//2091
f 2340//2091 2348//2099 2349//2100
f 2340//2091 2349//2100 2338//2089
f 2345//2096 2347//2098 2350//2101
f 2350//2101 2347//2098 2351//2102
f 2350//2101 2351//2102 2352//2103
f 2353//2104 2354//2105 2351//2102
f 2354//2105 2355//2106 2351//2102
f 2351//2102 2355//2106 2356//2107
f 2351//2102 2356//2107 2352//2103
f 2357//2108 2358//2109 2359//2110
f 2359//2110 2358//2109 2360//2111
f 2359//2110 2360//2111 2361//2112
f 2361//2112 2362//2113 2359//2110
f 2359//2110 2362//2113 2363//2114
f 2359//2110 2363//2114 2351//2102
f 2351//2102 2363//2114 2364//2115
f 2351//2102 2364//2115 2353//2104
f 2365//2116 2366//2117 2367//2118
f 2368//2119 2369//2120 2365//2116
f 2365//2116 2369//2120 2370//2121
f 2371//2122 2366//2117 2372//2123
f 2372//2123 2366//2117 2365//2116
f 2372//2123 2365//2116 2373//2124
f 2373//2124 2365//2116 2370//2121
f 2290//2041 2374//2125 2291//2042
f 2291//2042 2374//2125 2375//2126
f 2291//2042 2375//2126 2376//2127
f 2377//2128 2378//2129 2379//2130
f 2377//2128 2379//2130 2291//2042
f 2291//2042 2379//2130 2380//2131
f 2291//2042 2380//2131 2289//2040
f 2381//2132 2382//2133 2377//2128
f 2377//2128 2382//2133 2383//2134
f 2377//2128 2383//2134 2378//2129
f 2384//2135 2385//2136 2381//2132
f 2381//2132 2385//2136 2386//2137
f 2381//2132 2386//2137 2382//2133
f 2387//2138 2388//2139 2384//2135
f 2384//2135 2388//2139 2389//2140
f 2384//2135 2389//2140 2385//2136
f 2390//2141 2391//2142 2387//2138
f 2387//2138 2391//2142 2392//2143
f 2387//2138 2392//2143 2388//2139
f 2393//2144 2394//2145 2395//2146
f 2395//2146 2394//2145 2396//2147
f 2395//2146 2396//2147 2390//2141
f 2390//2141 2396//2147 2397//2148
f 2390//2141 2397//2148 2391//2142
f 2393//2144 2395//2146 2398//2149
f 2398//2149 2395//2146 2399//2150
f 2398//2149 2399//2150 2400//2151
f 2401//2152 2402//2153 2399//2150
f 2399//2150 2402//2153 2403//2154
f 2399//2150 2403//2154 2400//2151
f 2305//2056 2404//2155 2300//2051
f 2300//2051 2404//2155 2405//2156
f 2300//2051 2405//2156 2401//2152
f 2401//2152 2405//2156 2406//2157
f 2401//2152 2406//2157 2402//2153
f 2376//2127 2368//2119 2291//2042
f 2291//2042 2368//2119 2365//2116
f 2291//2042 2365//2116 2294//2045
f 2294//2045 2365//2116 2367//2118
f 2294//2045 2367//2118 2292//2043
f 2312//2063 2298//2049 2310//2061
f 2310//2061 2298//2049 2300//2051
f 2310//2061 2300//2051 2407//2158
f 2407//2158 2300//2051 2401//2152
f 2407//2158 2401//2152 2408//2159
f 2408//2159 2401//2152 2399//2150
f 2408//2159 2399//2150 2409//2160
f 2409//2160 2399//2150 2395//2146
f 2409//2160 2395//2146 2410//2161
f 2410//2161 2395//2146 2390//2141
f 2410//2161 2390//2141 2411//2162
f 2411//2162 2390//2141 2387//2138
f 2411//2162 2387//2138 2412//2163
f 2412//2163 2387//2138 2384//2135
f 2412//2163 2384//2135 2413//2164
f 2413//2164 2384//2135 2381//2132
f 2413//2164 2381//2132 2414//2165
f 2414//2165 2381//2132 2377//2128
f 2414//2165 2377//2128 2415//2166
f 2415//2166 2377//2128 2291//2042
f 2415//2166 2291//2042 2416//2167
f 2416//2167 2291//2042 2294//2045
f 2317//2068 2308//2059 2297//2048
f 2297//2048 2308//2059 2310//2061
f 2297//2048 2310//2061 2319//2070
f 2319//2070 2310//2061 2407//2158
f 2319//2070 2407//2158 2322//2073
f 2322//2073 2407//2158 2408//2159
f 2322//2073 2408//2159 2325//2076
f 2325//2076 2408//2159 2409//2160
f 2325//2076 2409//2160 2329//2080
f 2329//2080 2409//2160 2410//2161
f 2329//2080 2410//2161 2333//2084
f 2333//2084 2410//2161 2411//2162
f 2333//2084 2411//2162 2336//2087
f 2336//2087 2411//2162 2412//2163
f 2336//2087 2412//2163 2342//2093
f 2342//2093 2412//2163 2413//2164
f 2342//2093 2413//2164 2340//2091
f 2340//2091 2413//2164 2414//2165
f 2340//2091 2414//2165 2347//2098
f 2347//2098 2414//2165 2415//2166
f 2347//2098 2415//2166 2351//2102
f 2351//2102 2415//2166 2416//2167
f 2351//2102 2416//2167 2359//2110
f 2359//2110 2416//2167 2294//2045
f 2359//2110 2294//2045 2357//2108
f 2357//2108 2294//2045 2293//2044
s 0
f 2417//2168 2418//2168 2419//2168
f 2420//2168 2421//2168 2422//2168
f 2417//2168 2423//2168 2418//2168
f 2418//2169 2423//2169 2424//2169
f 2418//2168 2424//2168 2425//2168
f 2426//2168 2427//2168 2428//2168
f 2429//2168 2430//2168 2418//2168
f 2431//2168 2432//2168 2433//2168
f 2434//2168 2435//2168 2428//2168
f 2430//2168 2436//2168 2418//2168
f 2418//2168 2436//2168 2437//2168
f 2418//2168 2437//2168 2438//2168
f 2439//2168 2422//2168 2440//2168
f 2440//2168 2422//2168 2441//2168
f 2433//2168 2432//2168 2442//2168
f 2419//2168 2443//2168 2417//2168
f 2417//2168 2443//2168 2428//2168
f 2417//2168 2428//2168 2444//2168
f 2444//2168 2428//2168 2435//2168
f 2425//2168 2445//2168 2418//2168
f 2418//2168 2445//2168 2446//2168
f 2418//2168 2446//2168 2447//2168
f 2448//2168 2449//2168 2450//2168
f 2450//2168 2449//2168 2451//2168
f 2428//2168 2452//2168 2422//2168
f 2422//2168 2452//2168 2453//2168
f 2422//2168 2453//2168 2441//2168
f 2422//2168 2454//2168 2428//2168
f 2428//2168 2454//2168 2455//2168
f 2428//2170 2455//2170 2456//2170
f 2456//2168 2457//2168 2428//2168
f 2428//2168 2457//2168 2458//2168
f 2428//2168 2458//2168 2459//2168
f 2459//2168 2460//2168 2428//2168
f 2428//2168 2460//2168 2461//2168
f 2428//2168 2461//2168 2462//2168
f 2463//2168 2464//2168 2428//2168
f 2428//2168 2464//2168 2465//2168
f 2428//2168 2465//2168 2466//2168
f 2466//2168 2467//2168 2428//2168
f 2428//2168 2467//2168 2468//2168
f 2428//2168 2468//2168 2426//2168
f 2447//2168 2469//2168 2418//2168
f 2418//2168 2469//2168 2470//2168
f 2418//2168 2470//2168 2429//2168
f 2184//2168 2418//2168 2186//2168
f 2186//2168 2418//2168 2187//2168
f 2184//2168 2183//2168 2418//2168
f 2418//2168 2183//2168 2188//2168
f 2418//2168 2188//2168 2471//2168
f 2472//2168 2473//2168 2418//2168
f 2418//2168 2473//2168 2474//2168
f 2475//2168 2476//2168 2418//2168
f 2418//2168 2476//2168 2477//2168
f 2418//2168 2477//2168 2478//2168
f 2479//2168 2480//2168 2451//2168
f 2448//2168 2481//2168 2449//2168
f 2449//2168 2481//2168 2482//2168
f 2449//2168 2482//2168 2418//2168
f 2422//2168 2483//2168 2484//2168
f 2366//2168 2371//2168 2422//2168
f 2422//2168 2371//2168 2485//2168
f 2422//2168 2485//2168 2486//2168
f 2486//2168 2487//2168 2422//2168
f 2422//2168 2487//2168 2488//2168
f 2422//2168 2488//2168 2489//2168
f 2442//2168 2432//2168 2490//2168
f 2490//2168 2432//2168 2491//2168
f 2490//2168 2491//2168 2492//2168
f 2492//2168 2493//2168 2490//2168
f 2490//2168 2493//2168 2494//2168
f 2490//2168 2494//2168 2495//2168
f 2489//2168 2496//2168 2422//2168
f 2422//2168 2496//2168 2490//2168
f 2422//2168 2490//2168 2497//2168
f 2497//2168 2490//2168 2495//2168
f 2462//2168 2498//2168 2428//2168
f 2428//2168 2498//2168 2499//2168
f 2428//2168 2499//2168 2463//2168
f 2427//2168 2500//2168 2428//2168
f 2428//2168 2500//2168 2501//2168
f 2428//2168 2501//2168 2502//2168
f 2438//2168 2503//2168 2418//2168
f 2418//2168 2503//2168 2176//2168
f 2418//2168 2176//2168 2187//2168
f 2471//2168 2504//2168 2418//2168
f 2418//2168 2504//2168 2505//2168
f 2418//2168 2505//2168 2506//2168
f 2418//2168 2507//2168 2508//2168
f 2509//2168 2418//2168 2510//2168
f 2510//2168 2418//2168 2511//2168
f 2474//2168 2512//2168 2418//2168
f 2418//2168 2512//2168 2513//2168
f 2418//2168 2513//2168 2475//2168
f 2478//2168 2514//2168 2418//2168
f 2418//2168 2514//2168 2515//2168
f 2418//2168 2515//2168 2449//2168
f 2449//2168 2516//2168 2451//2168
f 2451//2168 2516//2168 2517//2168
f 2451//2168 2517//2168 2518//2168
f 2484//2168 2519//2168 2422//2168
f 2422//2168 2519//2168 2520//2168
f 2422//2168 2520//2168 2420//2168
f 2421//2168 2521//2168 2422//2168
f 2422//2168 2521//2168 2357//2168
f 2422//2168 2357//2168 2293//2168
f 2293//2171 2292//2171 2422//2171
f 2422//2168 2292//2168 2367//2168
f 2422//2168 2367//2168 2366//2168
f 2522//2172 2523//2172 2433//2172
f 2433//2168 2523//2168 2524//2168
f 2433//2168 2524//2168 2431//2168
f 2502//2168 2525//2168 2428//2168
f 2428//2168 2525//2168 2526//2168
f 2428//2168 2526//2168 2527//2168
f 2506//2168 2528//2168 2418//2168
f 2418//2168 2528//2168 2529//2168
f 2418//2173 2529//2173 2507//2173
f 2508//2168 2530//2168 2418//2168
f 2418//2168 2530//2168 2531//2168
f 2418//2168 2531//2168 2511//2168
f 2509//2168 2532//2168 2418//2168
f 2418//2168 2532//2168 2533//2168
f 2418//2168 2533//2168 2534//2168
f 2518//2168 2535//2168 2451//2168
f 2451//2168 2535//2168 2536//2168
f 2451//2168 2536//2168 2537//2168
f 2480//2168 2538//2168 2451//2168
f 2451//2174 2538//2174 2539//2174
f 2451//2174 2539//2174 2540//2174
f 2540//2174 2541//2174 2451//2174
f 2451//2174 2541//2174 2542//2174
f 2451//2174 2542//2174 2543//2174
f 2439//2168 2544//2168 2422//2168
f 2422//2168 2544//2168 2545//2168
f 2422//2168 2545//2168 2546//2168
f 2546//2168 2547//2168 2422//2168
f 2422//2168 2547//2168 2548//2168
f 2422//2168 2548//2168 2549//2168
f 2534//2168 2550//2168 2418//2168
f 2418//2168 2550//2168 2551//2168
f 2418//2168 2551//2168 2472//2168
f 2552//2168 2553//2168 2451//2168
f 2451//2168 2553//2168 2554//2168
f 2451//2168 2554//2168 2479//2168
f 2549//2168 2555//2168 2422//2168
f 2422//2168 2555//2168 2556//2168
f 2422//2168 2556//2168 2557//2168
f 2557//2168 2558//2168 2422//2168
f 2422//2168 2558//2168 2559//2168
f 2422//2168 2559//2168 2483//2168
f 2523//2168 2560//2168 2524//2168
f 2524//2175 2560//2175 2561//2175
f 2524//2176 2561//2176 2562//2176
f 2527//2168 2563//2168 2428//2168
f 2428//2168 2563//2168 2564//2168
f 2428//2172 2564//2172 2565//2172
f 2565//2168 2566//2168 2428//2168
f 2428//2168 2566//2168 2567//2168
f 2428//2168 2567//2168 2434//2168
f 2537//2168 2568//2168 2451//2168
f 2451//2168 2568//2168 2569//2168
f 2451//2168 2569//2168 2552//2168
f 2543//2174 2570//2174 2451//2174
f 2451//2174 2570//2174 2571//2174
f 2451//2174 2571//2174 2572//2174
f 2572//2177 2573//2177 2451//2177
f 2451//2177 2573//2177 2574//2177
f 2451//2177 2574//2177 2575//2177
f 2575//2177 2576//2177 2451//2177
f 2451//2178 2576//2178 2577//2178
f 2451//2169 2577//2169 2578//2169
f 2562//2168 2579//2168 2524//2168
f 2524//2168 2579//2168 2580//2168
f 2524//2171 2580//2171 2581//2171
f 2582//2168 2583//2168 2584//2168
f 2584//2168 2583//2168 2577//2168
f 2578//2168 2577//2168 2585//2168
f 2585//2168 2577//2168 2583//2168
f 2585//2179 2583//2179 2586//2179
s 1
f 2587//2180 2588//2181 2589//2182
f 2590//2183 2591//2184 2592//2185
f 2592//2185 2591//2184 2593//2186
f 2594//2187 2595//2188 2596//2189
f 2597//2190 2598//2191 2599//2192
f 2600//2193 2601//2194 2602//2195
f 2603//2196 2604//2197 2605//2198
f 2606//2199 2607//2200 2608//2201
f 2609//2202 2610//2203 2611//2204
f 2612//2205 2613//2206 2614//2207
f 2615//2208 2616//2209 2617//2210
f 2618//2211 2619//2212 2620//2213
f 2621//2214 2622//2215 2623//2216
f 2624//2217 2625//2218 2626//2219
f 2620//2213 2619//2212 2627//2220
f 2546//2221 2545//2222 2628//2223
f 2452//2224 2428//2225 2629//2226
f 2568//2227 2537//2228 2630//2229
f 2514//2230 2478//2231 2631//2232
f 2504//2233 2471//2234 2632//2235
f 2207//1958 2206//1957 2633//2236
f 2214//1965 2212//1963 2634//2237
f 2232//1983 2230//1981 2635//2238
f 2249//2000 2248//1999 2636//2239
f 2252//2003 2253//2004 2637//2240
f 2260//2011 2259//2010 2638//2241
f 2255//2006 2254//2005 2639//2242
f 2263//2014 2266//2017 2640//2243
f 2269//2020 2268//2019 2641//2244
f 2172//1923 2173//1924 2642//2245
f 2463//2246 2499//2247 2643//2248
f 2456//2249 2455//2250 2644//2251
f 2581//2252 2580//2253 2645//2254
f 2369//2120 2368//2119 2646//2255
f 2375//2126 2374//2125 2647//2256
f 2289//2040 2380//2131 2648//2257
f 2392//2143 2391//2142 2649//2258
f 2402//2153 2406//2157 2650//2259
f 2405//2156 2404//2155 2651//2260
f 2308//2059 2652//2261 2653//2262
f 2335//2086 2337//2088 2654//2263
f 2358//2109 2357//2108 2521//2264
f 2655//2265 2656//2266 2657//2267
f 2658//2268 2659//2269 2660//2270
f 2661//2271 2662//2272 2663//2273
f 2664//2274 2665//2275 2666//2276
f 2153//1904 2667//2277 2668//2278
f 2083//1832 2669//2279 2670//2280
f 2671//2281 2672//2282 2090//1839
f 2083//1832 2087//1836 2669//2279
f 2669//2279 2087//1836 2085//1834
f 2669//2279 2085//1834 2672//2282
f 2672//2282 2085//1834 2084//1833
f 2672//2282 2084//1833 2090//1839
f 2078//1827 2072//1821 2670//2280
f 2670//2280 2072//1821 2071//1820
f 2670//2280 2071//1820 2083//1832
f 2078//1827 2670//2280 2079//1828
f 2079//1828 2670//2280 2673//2283
f 2079//1828 2673//2283 2082//1831
f 2082//1831 2673//2283 2674//2284
f 2082//1831 2674//2284 2077//1826
f 2675//2285 2074//1823 2674//2284
f 2674//2284 2074//1823 2076//1825
f 2674//2284 2076//1825 2077//1826
f 2153//1904 2152//1903 2667//2277
f 2667//2277 2152//1903 2081//1830
f 2667//2277 2081//1830 2075//1824
f 2676//2286 2151//1902 2154//1905
f 2069//1818 2068//1817 2677//2287
f 2677//2287 2068//1817 2146//1897
f 2146//1897 2148//1899 2676//2286
f 2676//2286 2148//1899 2149//1900
f 2676//2286 2149//1900 2151//1902
f 2145//1896 2144//1895 2678//2288
f 2678//2288 2144//1895 2677//2287
f 2677//2287 2144//1895 2143//1894
f 2677//2287 2143//1894 2069//1818
s 0
f 2138//2289 2136//2289 2679//2289
f 2679//2290 2136//2290 2135//2290
s 1
f 2679//2291 2135//1886 2680//2292
f 2680//2292 2135//1886 2134//1885
f 2680//2292 2134//1885 2132//1883
f 2132//1883 2131//1882 2680//2292
f 2680//2292 2131//1882 2140//1891
f 2680//2292 2140//1891 2678//2288
f 2678//2288 2140//1891 2142//1893
f 2678//2288 2142//1893 2145//1896
f 7692//1881 7610//1881 2681//2293
f 7612//2294 7611//1879 2129//1878
f 7612//2294 2129//1878 2682//2295
f 2682//2295 2129//1878 2128//1877
f 2128//1877 2127//1876 2682//2295
f 2682//2295 2127//1876 2126//1875
f 2682//2295 2126//1875 2139//1890
f 2114//1863 2113//1862 2683//2296
f 2683//2296 2113//1862 2120//1869
f 2683//2296 2120//1869 2119//1868
f 2119//1868 2118//1867 2683//2296
f 2683//2296 2118//1867 2125//1874
f 2683//2296 2125//1874 7612//2294
f 7612//2294 2125//1874 2124//1873
f 7612//2294 2124//1873 2121//1870
f 2108//1857 2684//2297 2685//2298
f 2115//1864 2686//2299 2116//1865
f 2116//1865 2686//2299 2684//2297
f 2116//1865 2684//2297 2117//1866
f 2117//1866 2684//2297 2108//1857
f 2111//1860 2110//1859 2685//2298
f 2685//2298 2110//1859 2109//1858
f 2685//2298 2109//1858 2108//1857
f 2101//1850 2103//1852 2614//2207
f 2614//2207 2103//1852 2106//1855
f 2614//2207 2106//1855 2685//2298
f 2685//2298 2106//1855 2105//1854
f 2685//2298 2105//1854 2111//1860
f 2098//1847 2097//1846 2613//2206
f 2613//2206 2097//1846 2614//2207
f 2614//2207 2097//1846 2096//1845
f 2614//2207 2096//1845 2101//1850
f 7613//1842 2100//1849 2613//2206
f 2613//2206 2100//1849 2099//1848
f 2613//2206 2099//1848 2098//1847
s 0
f 7715//2300 2089//2301 7824//2302
f 7824//2301 2089//2301 2088//2303
s 1
f 2688//2304 2689//2305 2690//2306
f 2690//2306 2689//2305 2691//2307
f 2692//2308 2693//2309 2694//2310
f 2692//2308 2694//2310 2690//2306
f 2690//2306 2694//2310 2695//2311
f 2690//2306 2695//2311 2688//2304
f 2693//2309 2692//2308 2696//2312
f 2696//2312 2692//2308 2697//2313
f 2696//2312 2697//2313 2698//2314
f 2698//2314 2697//2313 2699//2315
f 2699//2315 2697//2313 2700//2316
f 2699//2315 2700//2316 2701//2317
f 2702//2318 2703//2319 2700//2316
f 2700//2316 2703//2319 2704//2320
f 2700//2316 2704//2320 2701//2317
f 2705//2321 2706//2322 2702//2318
f 2702//2318 2706//2322 2707//2323
f 2702//2318 2707//2323 2703//2319
f 2664//2274 2708//2324 2665//2275
f 2665//2275 2708//2324 2709//2325
f 2665//2275 2709//2325 2705//2321
f 2705//2321 2709//2325 2710//2326
f 2705//2321 2710//2326 2706//2322
f 2711//2327 2712//2328 2666//2276
f 2666//2276 2712//2328 2713//2329
f 2666//2276 2713//2329 2664//2274
f 2714//2330 2715//2331 2711//2327
f 2711//2327 2715//2331 2716//2332
f 2711//2327 2716//2332 2712//2328
f 2714//2330 2711//2327 2717//2333
f 2717//2333 2711//2327 2718//2334
f 2717//2333 2718//2334 2719//2335
f 2719//2335 2718//2334 2720//2336
f 2719//2335 2720//2336 2721//2337
f 2721//2337 2720//2336 2722//2338
f 2722//2338 2720//2336 2723//2339
f 2722//2338 2723//2339 2724//2340
f 2725//2341 2726//2342 2727//2343
f 2727//2343 2726//2342 2728//2344
f 2727//2343 2728//2344 2723//2339
f 2723//2339 2728//2344 2729//2345
f 2723//2339 2729//2345 2724//2340
f 2730//2346 2731//2347 2725//2341
f 2725//2341 2731//2347 2732//2348
f 2725//2341 2732//2348 2726//2342
f 2730//2346 2725//2341 2733//2349
f 2733//2349 2725//2341 2734//2350
f 2733//2349 2734//2350 2735//2351
f 2735//2351 2734//2350 2736//2352
f 2735//2351 2736//2352 2737//2353
f 2737//2353 2736//2352 2738//2354
f 2738//2354 2736//2352 2739//2355
f 2738//2354 2739//2355 2740//2356
f 2741//2357 2742//2358 2739//2355
f 2739//2355 2742//2358 2743//2359
f 2739//2355 2743//2359 2740//2356
f 2744//2360 2745//2361 2741//2357
f 2741//2357 2745//2361 2746//2362
f 2741//2357 2746//2362 2742//2358
f 2747//2363 2748//2364 2744//2360
f 2744//2360 2748//2364 2749//2365
f 2744//2360 2749//2365 2745//2361
f 2750//2366 2751//2367 2747//2363
f 2747//2363 2751//2367 2752//2368
f 2747//2363 2752//2368 2748//2364
f 2753//2369 2754//2370 2755//2371
f 2755//2371 2754//2370 2756//2372
f 2755//2371 2756//2372 2750//2366
f 2750//2366 2756//2372 2757//2373
f 2750//2366 2757//2373 2751//2367
f 2753//2369 2755//2371 2758//2374
f 2758//2374 2755//2371 2759//2375
f 2758//2374 2759//2375 2760//2376
f 2760//2376 2759//2375 2761//2377
f 2761//2377 2759//2375 2762//2378
f 2761//2377 2762//2378 2763//2379
f 2763//2379 2762//2378 2764//2380
f 2764//2380 2762//2378 2765//2381
f 2764//2380 2765//2381 2766//2382
f 2766//2382 2765//2381 2767//2383
f 2767//2383 2765//2381 2768//2384
f 2767//2383 2768//2384 2769//2385
f 2769//2385 2768//2384 2770//2386
f 2770//2386 2768//2384 2771//2387
f 2770//2386 2771//2387 2772//2388
f 2773//2389 2774//2390 2775//2391
f 2775//2391 2774//2390 2776//2392
f 2775//2391 2776//2392 2771//2387
f 2771//2387 2776//2392 2777//2393
f 2771//2387 2777//2393 2772//2388
f 2778//2394 2779//2395 2780//2396
f 2780//2396 2779//2395 2781//2397
f 2780//2396 2781//2397 2782//2398
f 2783//2399 2784//2400 2785//2401
f 2785//2401 2784//2400 2786//2402
f 2785//2401 2786//2402 2781//2397
f 2781//2397 2786//2402 2787//2403
f 2781//2397 2787//2403 2782//2398
f 2788//2404 2789//2405 2783//2399
f 2783//2399 2789//2405 2790//2406
f 2783//2399 2790//2406 2784//2400
f 2788//2404 2783//2399 2791//2407
f 2791//2407 2783//2399 2792//2408
f 2791//2407 2792//2408 2793//2409
f 2793//2409 2792//2408 2794//2410
f 2793//2409 2794//2410 2795//2411
f 2795//2411 2794//2410 2796//2412
f 2796//2412 2794//2410 2797//2413
f 2796//2412 2797//2413 2798//2414
f 2799//2415 2800//2416 2801//2417
f 2801//2417 2800//2416 2802//2418
f 2801//2417 2802//2418 2797//2413
f 2797//2413 2802//2418 2803//2419
f 2797//2413 2803//2419 2798//2414
f 2804//2420 2805//2421 2799//2415
f 2799//2415 2805//2421 2806//2422
f 2799//2415 2806//2422 2800//2416
f 2804//2420 2799//2415 2807//2423
f 2807//2423 2799//2415 2808//2424
f 2807//2423 2808//2424 2809//2425
f 2809//2425 2808//2424 2810//2426
f 2809//2425 2810//2426 2811//2427
f 2811//2427 2810//2426 2812//2428
f 2812//2428 2810//2426 2813//2429
f 2812//2428 2813//2429 2814//2430
f 2815//2431 2816//2432 2813//2429
f 2813//2429 2816//2432 2817//2433
f 2813//2429 2817//2433 2814//2430
f 2818//2434 2819//2435 2820//2436
f 2820//2436 2819//2435 2821//2437
f 2822//2438 2823//2439 2824//2440
f 2824//2440 2823//2439 2825//2441
f 2824//2440 2825//2441 2820//2436
f 2820//2436 2825//2441 2826//2442
f 2820//2436 2826//2442 2818//2434
f 2827//2443 2828//2444 2829//2445
f 2829//2445 2828//2444 2830//2446
f 2829//2445 2830//2446 2822//2438
f 2822//2438 2830//2446 2831//2447
f 2822//2438 2831//2447 2823//2439
f 2827//2443 2829//2445 2832//2448
f 2832//2448 2829//2445 2833//2449
f 2832//2448 2833//2449 2834//2450
f 2834//2450 2833//2449 2835//2451
f 2834//2450 2835//2451 2836//2452
f 2837//2453 2838//2454 2835//2451
f 2835//2451 2838//2454 2839//2455
f 2835//2451 2839//2455 2836//2452
f 2840//2456 2841//2457 2837//2453
f 2837//2453 2841//2457 2842//2458
f 2837//2453 2842//2458 2838//2454
f 2843//2459 2844//2460 2845//2461
f 2845//2461 2844//2460 2846//2462
f 2845//2461 2846//2462 2840//2456
f 2840//2456 2846//2462 2847//2463
f 2840//2456 2847//2463 2841//2457
f 2843//2459 2845//2461 2848//2464
f 2848//2464 2845//2461 2849//2465
f 2848//2464 2849//2465 2850//2466
f 2850//2466 2849//2465 2851//2467
f 2850//2466 2851//2467 2852//2468
f 2852//2468 2851//2467 2853//2469
f 2853//2469 2851//2467 2854//2470
f 2853//2469 2854//2470 2855//2471
f 2856//2472 2857//2473 2854//2470
f 2854//2470 2857//2473 2858//2474
f 2854//2470 2858//2474 2855//2471
f 2859//2475 2860//2476 2861//2477
f 2861//2477 2860//2476 2862//2478
f 2861//2477 2862//2478 2856//2472
f 2856//2472 2862//2478 2863//2479
f 2856//2472 2863//2479 2857//2473
f 2859//2475 2861//2477 2864//2480
f 2864//2480 2861//2477 2865//2481
f 2864//2480 2865//2481 2866//2482
f 2866//2482 2865//2481 2867//2483
f 2866//2482 2867//2483 2868//2484
f 2868//2484 2867//2483 2869//2485
f 2869//2485 2867//2483 2870//2486
f 2869//2485 2870//2486 2871//2487
f 2872//2488 2873//2489 2870//2486
f 2870//2486 2873//2489 2874//2490
f 2870//2486 2874//2490 2871//2487
f 2875//2491 2876//2492 2877//2493
f 2877//2493 2876//2492 2878//2494
f 2877//2493 2878//2494 2872//2488
f 2872//2488 2878//2494 2879//2495
f 2872//2488 2879//2495 2873//2489
f 2880//2496 2881//2497 2882//2498
f 2882//2498 2881//2497 2883//2499
f 2882//2498 2883//2499 2877//2493
f 2877//2493 2883//2499 2884//2500
f 2877//2493 2884//2500 2875//2491
f 2885//2501 2886//2502 2887//2503
f 2887//2503 2886//2502 2888//2504
f 2887//2503 2888//2504 2880//2496
f 2880//2496 2888//2504 2889//2505
f 2880//2496 2889//2505 2881//2497
f 2890//2506 2891//2507 2885//2501
f 2885//2501 2891//2507 2892//2508
f 2885//2501 2892//2508 2886//2502
f 2893//2509 2894//2510 2890//2506
f 2890//2506 2894//2510 2895//2511
f 2895//2511 2896//2512 2890//2506
f 2890//2506 2896//2512 2897//2513
f 2890//2506 2897//2513 2891//2507
f 2898//2514 2899//2515 2900//2516
f 2900//2516 2899//2515 2901//2517
f 2900//2516 2901//2517 2902//2518
f 2902//2518 2901//2517 2903//2519
f 2902//2518 2903//2519 2893//2509
f 2893//2509 2903//2519 2904//2520
f 2893//2509 2904//2520 2894//2510
f 2898//2514 2900//2516 2905//2521
f 2905//2521 2900//2516 2906//2522
f 2905//2521 2906//2522 2907//2523
f 2907//2523 2906//2522 2908//2524
f 2908//2524 2906//2522 2909//2525
f 2908//2524 2909//2525 2910//2526
f 2910//2526 2909//2525 2911//2527
f 2911//2527 2909//2525 2912//2528
f 2911//2527 2912//2528 2913//2529
f 2913//2529 2912//2528 2914//2530
f 2914//2530 2912//2528 2915//2531
f 2914//2530 2915//2531 2916//2532
f 2917//2533 2918//2534 2919//2535
f 2919//2535 2918//2534 2920//2536
f 2919//2535 2920//2536 2921//2537
f 2917//2533 2922//2538 2918//2534
f 2918//2534 2922//2538 2923//2539
f 2918//2534 2923//2539 2915//2531
f 2915//2531 2923//2539 2924//2540
f 2915//2531 2924//2540 2916//2532
f 2921//2537 2920//2536 2925//2541
f 2925//2541 2920//2536 2926//2542
f 2925//2541 2926//2542 2927//2543
f 2927//2543 2926//2542 2928//2544
f 2927//2543 2928//2544 2929//2545
f 2930//2546 2931//2547 2932//2548
f 2932//2548 2931//2547 2933//2549
f 2932//2548 2933//2549 2934//2550
f 2934//2550 2933//2549 2935//2551
f 2934//2550 2935//2551 2928//2544
f 2928//2544 2935//2551 2936//2552
f 2928//2544 2936//2552 2929//2545
f 2663//2273 2662//2272 2937//2553
f 2662//2272 2938//2554 2937//2553
f 2937//2553 2938//2554 2939//2555
f 2937//2553 2939//2555 2932//2548
f 2932//2548 2939//2555 2940//2556
f 2932//2548 2940//2556 2930//2546
f 2661//2271 2663//2273 2941//2557
f 2941//2557 2663//2273 2942//2558
f 2941//2557 2942//2558 2943//2559
f 2943//2559 2942//2558 2944//2560
f 2944//2560 2942//2558 2945//2561
f 2944//2560 2945//2561 2946//2562
f 2946//2562 2945//2561 2947//2563
f 2947//2563 2945//2561 2948//2564
f 2947//2563 2948//2564 2949//2565
f 2950//2566 2951//2567 2952//2568
f 2952//2568 2953//2569 2950//2566
f 2950//2566 2953//2569 2954//2570
f 2950//2566 2954//2570 2948//2564
f 2948//2564 2954//2570 2955//2571
f 2948//2564 2955//2571 2949//2565
f 2956//2572 2957//2573 2958//2574
f 2956//2572 2958//2574 2959//2575
f 2958//2574 2960//2576 2959//2575
f 2959//2575 2960//2576 2961//2577
f 2959//2575 2961//2577 2951//2567
f 2951//2567 2961//2577 2962//2578
f 2951//2567 2962//2578 2952//2568
f 2957//2573 2956//2572 2963//2579
f 2963//2579 2956//2572 2964//2580
f 2963//2579 2964//2580 2965//2581
f 2965//2581 2964//2580 2966//2582
f 2966//2582 2964//2580 2967//2583
f 2966//2582 2967//2583 2968//2584
f 2968//2584 2967//2583 2969//2585
f 2969//2585 2967//2583 2970//2586
f 2969//2585 2970//2586 2971//2587
f 2972//2588 2973//2589 2974//2590
f 2974//2590 2973//2589 2975//2591
f 2974//2590 2975//2591 2970//2586
f 2970//2586 2975//2591 2976//2592
f 2970//2586 2976//2592 2971//2587
f 2972//2588 2974//2590 2977//2593
f 2977//2593 2974//2590 2978//2594
f 2977//2593 2978//2594 2979//2595
f 2979//2595 2978//2594 2980//2596
f 2979//2595 2980//2596 2981//2597
f 2981//2597 2980//2596 2982//2598
f 2982//2598 2980//2596 2983//2599
f 2982//2598 2983//2599 2984//2600
f 2985//2601 2986//2602 2987//2603
f 2987//2603 2986//2602 2988//2604
f 2987//2603 2988//2604 2989//2605
f 2989//2605 2988//2604 2990//2606
f 2989//2605 2990//2606 2983//2599
f 2983//2599 2990//2606 2991//2607
f 2983//2599 2991//2607 2984//2600
f 2660//2270 2659//2269 2987//2603
f 2987//2603 2659//2269 2992//2608
f 2987//2603 2992//2608 2985//2601
f 2658//2268 2660//2270 2993//2609
f 2993//2609 2660//2270 2994//2610
f 2993//2609 2994//2610 2995//2611
f 2995//2611 2994//2610 2996//2612
f 2995//2611 2996//2612 2997//2613
f 2998//2614 2999//2615 3000//2616
f 3000//2616 2999//2615 3001//2617
f 3000//2616 3001//2617 3002//2618
f 3002//2618 3001//2617 3003//2619
f 3002//2618 3003//2619 2996//2612
f 2996//2612 3003//2619 3004//2620
f 2996//2612 3004//2620 2997//2613
f 2657//2267 2656//2266 3000//2616
f 3000//2616 2656//2266 3005//2621
f 3000//2616 3005//2621 2998//2614
f 2655//2265 2657//2267 3006//2622
f 3006//2622 2657//2267 3007//2623
f 3006//2622 3007//2623 3008//2624
f 3008//2624 3007//2623 3009//2625
f 3008//2624 3009//2625 3010//2626
f 3011//2627 3012//2628 3013//2629
f 3013//2629 3012//2628 3014//2630
f 3013//2629 3014//2630 3015//2631
f 3015//2631 3014//2630 3016//2632
f 3015//2631 3016//2632 3009//2625
f 3009//2625 3016//2632 3017//2633
f 3009//2625 3017//2633 3010//2626
f 3011//2627 3013//2629 3018//2634
f 3018//2634 3013//2629 3019//2635
f 3018//2634 3019//2635 3020//2636
f 3021//2637 3022//2638 3023//2639
f 3023//2639 3022//2638 3024//2640
f 3023//2639 3024//2640 3019//2635
f 3019//2635 3024//2640 3025//2641
f 3019//2635 3025//2641 3020//2636
f 3026//2642 3027//2643 3021//2637
f 3021//2637 3027//2643 3028//2644
f 3021//2637 3028//2644 3022//2638
f 3029//2645 3030//2646 3031//2647
f 3031//2647 3030//2646 3032//2648
f 3031//2647 3032//2648 3026//2642
f 3026//2642 3032//2648 3033//2649
f 3026//2642 3033//2649 3027//2643
f 3029//2645 3031//2647 3034//2650
f 3034//2650 3031//2647 3035//2651
f 3034//2650 3035//2651 3036//2652
f 3037//2653 3038//2654 3039//2655
f 3039//2655 3038//2654 3040//2656
f 3039//2655 3040//2656 3035//2651
f 3035//2651 3040//2656 3041//2657
f 3035//2651 3041//2657 3036//2652
f 3042//2658 3043//2659 3037//2653
f 3037//2653 3043//2659 3044//2660
f 3037//2653 3044//2660 3038//2654
f 3045//2661 3046//2662 3047//2663
f 3047//2663 3046//2662 3048//2664
f 3047//2663 3048//2664 3042//2658
f 3042//2658 3048//2664 3049//2665
f 3042//2658 3049//2665 3043//2659
f 3045//2661 3047//2663 3050//2666
f 3050//2666 3047//2663 3051//2667
f 3050//2666 3051//2667 3052//2668
f 3053//2669 3054//2670 3055//2671
f 3055//2671 3054//2670 3056//2672
f 3055//2671 3056//2672 3057//2673
f 3057//2673 3056//2672 3058//2674
f 3057//2673 3058//2674 3051//2667
f 3051//2667 3058//2674 3059//2675
f 3051//2667 3059//2675 3052//2668
f 3053//2669 3055//2671 3060//2676
f 3060//2676 3055//2671 3061//2677
f 3060//2676 3061//2677 3062//2678
f 3062//2678 3061//2677 3063//2679
f 3062//2678 3063//2679 3064//2680
f 3064//2680 3063//2679 3065//2681
f 3065//2681 3063//2679 3066//2682
f 3065//2681 3066//2682 3067//2683
f 3068//2684 3069//2685 3070//2686
f 3070//2686 3069//2685 3071//2687
f 3070//2686 3071//2687 3066//2682
f 3066//2682 3071//2687 3072//2688
f 3066//2682 3072//2688 3067//2683
f 3068//2684 3070//2686 3073//2689
f 3073//2689 3070//2686 3074//2690
f 3073//2689 3074//2690 3075//2691
f 3075//2691 3074//2690 3076//2692
f 3075//2691 3076//2692 3077//2693
f 3078//2694 3079//2695 3076//2692
f 3076//2692 3079//2695 3080//2696
f 3076//2692 3080//2696 3077//2693
f 2689//2305 3081//2697 2691//2307
f 2691//2307 3081//2697 3082//2698
f 2691//2307 3082//2698 3083//2699
f 3083//2699 3082//2698 3084//2700
f 3083//2699 3084//2700 3078//2694
f 3078//2694 3084//2700 3085//2701
f 3078//2694 3085//2701 3079//2695
f 2483//2702 3086//2703 2484//2704
f 2484//2704 3086//2703 3087//2705
f 2484//2704 3087//2705 2519//2706
f 2519//2706 3087//2705 3088//2707
f 2519//2706 3088//2707 2520//2708
f 2520//2708 3088//2707 2420//2709
f 3089//2710 2361//2112 2360//2111
f 2420//2709 3088//2707 2421//2711
f 2421//2711 3088//2707 3089//2710
f 2421//2711 3089//2710 2521//2264
f 2521//2264 3089//2710 2360//2111
f 2521//2264 2360//2111 2358//2109
f 2364//2115 2363//2114 3089//2710
f 3089//2710 2363//2114 2362//2113
f 3089//2710 2362//2113 2361//2112
f 3090//2712 2354//2105 2353//2104
f 2352//2103 2356//2107 3091//2713
f 3091//2713 2356//2107 2355//2106
f 2354//2105 3090//2712 2355//2106
f 2355//2106 3090//2712 3092//2714
f 2355//2106 3092//2714 3091//2713
f 2348//2099 3093//2715 2349//2100
f 2349//2100 3093//2715 3094//2716
f 2349//2100 3094//2716 2338//2089
f 2348//2099 2346//2097 3093//2715
f 3093//2715 2346//2097 2345//2096
f 3093//2715 2345//2096 3091//2713
f 3091//2713 2345//2096 2350//2101
f 3091//2713 2350//2101 2352//2103
f 2344//2095 2343//2094 3095//2717
f 3095//2717 2343//2094 2341//2092
f 3095//2717 2341//2092 3094//2716
f 3094//2716 2341//2092 2339//2090
f 3094//2716 2339//2090 2338//2089
f 2330//2081 2328//2079 3096//2718
f 2328//2079 2327//2078 3096//2718
f 3096//2718 2327//2078 2332//2083
f 3096//2718 2332//2083 2334//2085
f 2324//2075 2326//2077 3097//2719
f 3097//2719 2326//2077 2331//2082
f 2295//2046 2318//2069 3098//2720
f 3098//2720 2318//2069 2320//2071
f 2321//2072 2323//2074 3099//2721
f 2313//2064 2315//2066 3100//2722
f 3100//2722 2315//2066 2296//2047
f 2308//2059 2317//2068 2652//2261
f 2652//2261 2317//2068 2316//2067
f 2652//2261 2316//2067 3101//2723
f 3101//2723 2316//2067 2314//2065
f 3101//2723 2314//2065 3102//2724
f 3103//2725 2311//2062 2653//2262
f 2653//2262 2311//2062 2309//2060
f 2653//2262 2309//2060 2308//2059
f 2299//2050 2298//2049 3103//2725
f 3103//2725 2298//2049 2312//2063
f 3103//2725 2312//2063 2311//2062
f 2306//2057 2307//2058 3104//2726
f 2306//2057 3104//2726 2304//2055
f 2304//2055 3104//2726 3105//2727
f 2304//2055 3105//2727 2302//2053
f 2302//2053 3105//2727 3106//2728
f 2302//2053 3106//2728 2303//2054
f 2398//2149 2400//2151 3107//2729
f 3107//2729 2400//2151 2403//2154
f 2397//2148 2396//2147 3108//2730
f 3108//2730 2396//2147 2394//2145
f 3108//2730 2394//2145 2393//2144
f 2392//2143 2649//2258 2388//2139
f 2386//2137 2385//2136 3109//2731
f 3109//2731 2385//2136 2389//2140
f 2379//2130 2378//2129 3110//2732
f 3110//2732 2378//2129 2383//2134
f 2289//2040 2648//2257 2290//2041
f 2375//2126 2647//2256 2376//2127
f 2372//2123 2373//2124 3111//2733
f 3111//2733 2373//2124 2370//2121
f 2485//2734 2371//2122 2372//2123
f 2485//2734 2372//2123 2486//2735
f 2486//2735 2372//2123 3111//2733
f 2486//2735 3111//2733 2487//2736
f 2487//2736 3111//2733 3112//2737
f 2487//2736 3112//2737 2488//2738
f 2488//2738 3112//2737 3113//2739
f 2488//2738 3113//2739 2489//2740
f 3114//2741 2490//2742 3113//2739
f 3113//2739 2490//2742 2496//2743
f 3113//2739 2496//2743 2489//2740
f 3115//2744 2522//2745 3116//2746
f 3116//2746 2522//2745 2433//2747
f 3116//2746 2433//2747 3114//2741
f 3114//2741 2433//2747 2442//2748
f 3114//2741 2442//2748 2490//2742
f 2562//2749 2561//2750 3117//2751
f 3117//2751 2561//2750 2560//2752
f 3117//2751 2560//2752 3115//2744
f 3115//2744 2560//2752 2523//2753
f 3115//2744 2523//2753 2522//2745
f 2645//2254 2580//2253 3117//2751
f 3117//2751 2580//2253 2579//2754
f 3117//2751 2579//2754 2562//2749
f 2581//2252 2645//2254 2524//2755
f 2524//2755 2645//2254 3118//2756
f 2524//2755 3118//2756 2431//2757
f 2431//2757 3118//2756 3119//2758
f 2431//2757 3119//2758 2432//2759
f 2432//2759 3119//2758 2491//2760
f 2491//2760 3119//2758 3120//2761
f 2491//2760 3120//2761 2492//2762
f 2492//2762 3120//2761 2493//2763
f 2493//2763 3120//2761 3121//2764
f 2493//2763 3121//2764 2494//2765
f 2494//2765 3121//2764 3122//2766
f 2494//2765 3122//2766 2495//2767
f 2644//2251 2455//2250 3123//2768
f 2455//2250 2454//2769 3123//2768
f 3123//2768 2454//2769 2422//2770
f 3123//2768 2422//2770 3122//2766
f 3122//2766 2422//2770 2497//2771
f 3122//2766 2497//2771 2495//2767
f 2456//2249 2644//2251 2457//2772
f 2457//2772 2644//2251 3124//2773
f 2457//2772 3124//2773 2458//2774
f 2458//2774 3124//2773 3125//2775
f 2458//2774 3125//2775 2459//2776
f 2459//2776 3125//2775 2460//2777
f 2460//2777 3125//2775 3126//2778
f 2460//2777 3126//2778 2461//2779
f 2461//2779 3126//2778 3127//2780
f 2461//2779 3127//2780 2462//2781
f 2643//2248 2499//2247 3127//2780
f 3127//2780 2499//2247 2498//2782
f 3127//2780 2498//2782 2462//2781
f 2463//2246 2643//2248 2464//2783
f 2464//2783 2643//2248 3128//2784
f 2464//2783 3128//2784 2465//2785
f 2465//2785 3128//2784 3129//2786
f 2465//2785 3129//2786 2466//2787
f 2466//2787 3129//2786 2467//2788
f 2467//2788 3129//2786 3130//2789
f 2467//2788 3130//2789 2468//2790
f 2468//2790 3130//2789 2426//2791
f 2426//2791 3130//2789 3131//2792
f 2426//2791 3131//2792 2427//2793
f 2427//2793 3131//2792 3132//2794
f 2427//2793 3132//2794 2500//2795
f 3133//2796 2502//2797 3132//2794
f 3132//2794 2502//2797 2501//2798
f 3132//2794 2501//2798 2500//2795
f 3134//2799 2527//2800 3135//2801
f 3135//2801 2527//2800 2526//2802
f 3135//2801 2526//2802 2525//2803
f 2566//2804 2565//2805 3136//2806
f 3136//2806 2565//2805 2564//2807
f 3136//2806 2564//2807 3134//2799
f 3134//2799 2564//2807 2563//2808
f 3134//2799 2563//2808 2527//2800
f 3137//2809 2434//2810 3136//2806
f 3136//2806 2434//2810 2567//2811
f 3136//2806 2567//2811 2566//2804
f 3138//2812 2444//2813 3137//2809
f 3137//2809 2444//2813 2435//2814
f 3137//2809 2435//2814 2434//2810
f 2424//2815 2423//2816 3138//2812
f 3138//2812 2423//2816 2417//2816
f 3138//2812 2417//2816 2444//2813
f 2469//2817 2447//2818 3139//2819
f 3139//2819 2447//2818 2446//2820
f 3139//2819 2446//2820 3140//2821
f 3140//2821 2446//2820 2445//2822
f 3140//2821 2445//2822 3138//2812
f 3138//2812 2445//2822 2425//2823
f 3138//2812 2425//2823 2424//2815
f 2469//2817 3139//2819 2470//2824
f 2470//2824 3139//2819 3141//2825
f 2470//2824 3141//2825 2429//2826
f 2429//2826 3141//2825 3142//2827
f 2429//2826 3142//2827 2430//2828
f 2430//2828 3142//2827 2436//2829
f 2436//2829 3142//2827 3143//2830
f 2436//2829 3143//2830 2437//2831
f 2437//2831 3143//2830 3144//2832
f 2437//2831 3144//2832 2438//2833
f 2182//1933 2181//1932 3144//2832
f 3144//2832 2181//1932 2180//1931
f 3144//2832 2180//1931 2438//2833
f 2438//2833 2180//1931 2179//1930
f 2438//2833 2179//1930 2503//2834
f 2503//2834 2179//1930 2177//1928
f 2503//2834 2177//1928 2176//1927
f 2172//1923 2642//2245 2171//1922
f 2175//1926 2174//1925 3145//2835
f 2175//1926 3145//2835 2170//1921
f 2166//1917 2168//1919 3146//2836
f 2278//2029 2277//2028 3147//2837
f 3147//2837 2277//2028 2276//2027
f 2272//2023 2271//2022 3148//2838
f 3148//2838 2271//2022 2275//2026
f 2269//2020 2641//2244 2265//2016
f 2263//2014 2640//2243 2261//2012
f 2255//2006 2639//2242 2257//2008
f 3149//2839 3150//2840 2250//2001
f 3151//2841 2242//1993 3150//2840
f 3150//2840 2242//1993 2251//2002
f 3150//2840 2251//2002 2250//2001
f 3152//2842 7721//1990 3151//2841
f 3151//2841 7721//1990 2241//1992
f 3151//2841 2241//1992 2242//1993
f 7722//2843 2244//1995 7877//1994
f 2244//1995 7722//2843 2246//1997
f 2246//1997 7722//2843 3154//2844
f 2246//1997 3154//2844 2247//1998
f 2247//1998 3154//2844 2234//1985
f 2234//1985 3154//2844 3155//2845
f 2234//1985 3155//2845 2235//1986
f 2235//1986 3155//2845 2236//1987
f 2236//1987 3155//2845 3156//2846
f 2236//1987 3156//2846 2237//1988
f 2237//1988 3156//2846 2238//1989
f 2238//1989 3156//2846 3157//2847
f 2238//1989 3157//2847 2160//1911
f 2229//1980 2161//1912 3158//2848
f 2232//1983 2635//2238 2233//1984
f 2221//1972 2226//1977 3159//2849
f 3159//2849 2226//1977 2228//1979
f 2225//1976 2224//1975 3160//2850
f 3160//2850 2224//1975 2222//1973
f 2211//1962 2216//1967 3161//2851
f 3161//2851 2216//1967 2218//1969
f 3161//2851 2218//1969 2220//1971
f 2214//1965 2634//2237 2215//1966
f 2203//1954 2205//1956 3162//2852
f 3162//2852 2205//1956 2210//1961
f 2207//1958 2633//2236 2209//1960
f 2193//1944 2202//1953 3163//2853
f 3163//2853 2202//1953 2201//1952
f 2163//1914 2199//1950 3164//2854
f 3164//2854 2199//1950 2198//1949
f 3164//2854 2198//1949 3165//2855
f 3165//2855 2198//1949 2197//1948
f 3165//2855 2197//1948 2196//1947
f 2632//2235 2191//1942 2164//1915
f 2188//1939 2189//1940 2471//2234
f 2471//2234 2189//1940 2190//1941
f 2471//2234 2190//1941 2632//2235
f 2632//2235 2190//1941 2192//1943
f 2632//2235 2192//1943 2191//1942
f 2504//2233 2632//2235 2505//2856
f 2505//2856 2632//2235 3166//2857
f 2505//2856 3166//2857 2506//2858
f 2531//2859 2530//2860 3167//2861
f 3167//2861 2530//2860 2508//2862
f 2508//2862 2507//2863 3167//2861
f 3167//2861 2507//2863 2529//2864
f 3167//2861 2529//2864 3166//2857
f 3166//2857 2529//2864 2528//2865
f 3166//2857 2528//2865 2506//2858
f 3168//2866 2509//2867 2510//2868
f 3168//2866 2510//2868 3167//2861
f 3167//2861 2510//2868 2511//2869
f 3167//2861 2511//2869 2531//2859
f 2509//2867 3168//2866 2532//2870
f 2532//2870 3168//2866 3169//2871
f 2532//2870 3169//2871 2533//2872
f 3170//2873 2551//2874 2550//2875
f 3170//2873 2550//2875 3169//2871
f 3169//2871 2550//2875 2534//2876
f 3169//2871 2534//2876 2533//2872
f 2551//2874 3170//2873 2472//2877
f 2472//2877 3170//2873 3171//2878
f 2472//2877 3171//2878 2473//2879
f 3172//2880 2513//2881 2512//2882
f 3172//2880 2512//2882 3171//2878
f 3171//2878 2512//2882 2474//2883
f 3171//2878 2474//2883 2473//2879
f 2513//2881 3172//2880 2475//2884
f 2475//2884 3172//2880 3173//2885
f 2475//2884 3173//2885 2476//2886
f 2631//2232 2478//2231 3173//2885
f 3173//2885 2478//2231 2477//2887
f 3173//2885 2477//2887 2476//2886
f 2514//2230 2631//2232 2515//2888
f 2515//2888 2631//2232 3174//2889
f 2515//2888 3174//2889 2449//2890
f 2449//2890 3174//2889 2516//2891
f 2516//2891 3174//2889 3175//2892
f 2516//2891 3175//2892 2517//2893
f 2517//2893 3175//2892 2518//2894
f 2518//2894 3175//2892 3176//2895
f 2518//2894 3176//2895 2535//2896
f 2630//2229 2537//2228 3176//2895
f 3176//2895 2537//2228 2536//2897
f 3176//2895 2536//2897 2535//2896
f 2568//2227 2630//2229 2569//2898
f 2569//2898 2630//2229 3177//2899
f 2569//2898 3177//2899 2552//2900
f 2552//2900 3177//2899 2553//2901
f 2553//2901 3177//2899 3178//2902
f 2553//2901 3178//2902 2554//2903
f 2554//2903 3178//2902 2479//2904
f 2479//2904 3178//2902 3179//2905
f 2479//2904 3179//2905 2480//2906
f 2480//2906 3179//2905 2538//2907
f 2538//2907 3179//2905 3180//2908
f 2538//2907 3180//2908 2539//2909
f 2539//2909 3180//2908 2540//2910
f 2540//2910 3180//2908 3181//2911
f 2540//2910 3181//2911 2541//2912
f 2541//2912 3181//2911 2542//2913
f 2542//2913 3181//2911 3182//2914
f 2542//2913 3182//2914 2543//2915
f 2543//2915 3182//2914 2570//2916
f 2570//2916 3182//2914 3183//2917
f 2570//2916 3183//2917 2571//2918
f 2571//2918 3183//2917 2572//2919
f 2572//2919 3183//2917 3184//2920
f 2572//2919 3184//2920 2573//2921
f 2573//2921 3184//2920 2574//2922
f 2574//2922 3184//2920 3185//2923
f 2574//2922 3185//2923 2575//2924
f 3186//2925 2583//2926 2582//2927
f 3186//2925 2582//2927 3187//2928
f 2582//2927 2584//2929 3187//2928
f 3187//2928 2584//2929 2577//2930
f 3187//2928 2577//2930 3185//2923
f 3185//2923 2577//2930 2576//2931
f 3185//2923 2576//2931 2575//2924
f 2583//2926 3186//2925 2586//2932
f 2586//2932 3186//2925 3188//2933
f 2586//2932 3188//2933 2585//2934
f 2585//2934 3188//2933 2578//2935
f 2578//2935 3188//2933 3189//2936
f 2578//2935 3189//2936 2451//2937
f 2451//2937 3189//2936 2450//2938
f 2450//2938 3189//2936 3190//2939
f 2450//2938 3190//2939 2448//2940
f 3191//2941 2482//2942 3190//2939
f 3190//2939 2482//2942 2481//2943
f 3190//2939 2481//2943 2448//2940
f 2629//2226 2428//2225 3192//2944
f 2428//2225 2443//2945 3192//2944
f 3192//2944 2443//2945 2419//2946
f 3192//2944 2419//2946 3191//2941
f 3191//2941 2419//2946 2418//2947
f 3191//2941 2418//2947 2482//2942
f 2452//2224 2629//2226 2453//2948
f 2453//2948 2629//2226 3193//2949
f 2453//2948 3193//2949 2441//2950
f 2628//2223 2545//2222 3194//2951
f 2545//2222 2544//2952 3194//2951
f 3194//2951 2544//2952 2439//2953
f 3194//2951 2439//2953 3193//2949
f 3193//2949 2439//2953 2440//2954
f 3193//2949 2440//2954 2441//2950
f 2546//2221 2628//2223 2547//2955
f 2547//2955 2628//2223 3195//2956
f 2547//2955 3195//2956 2548//2957
f 2548//2957 3195//2956 2549//2958
f 2549//2958 3195//2956 3196//2959
f 2549//2958 3196//2959 2555//2960
f 2483//2702 2559//2961 3086//2703
f 3086//2703 2559//2961 2558//2962
f 3086//2703 2558//2962 3197//2963
f 3197//2963 2558//2962 2557//2964
f 3197//2963 2557//2964 3196//2959
f 3196//2959 2557//2964 2556//2965
f 3196//2959 2556//2965 2555//2960
f 2589//2182 2588//2181 3198//2966
f 3198//2966 2588//2181 3199//2967
f 3198//2966 3199//2967 3200//2968
f 3201//2969 3202//2970 3203//2971
f 3199//2967 3204//2972 3200//2968
f 3200//2968 3204//2972 3205//2973
f 3200//2968 3205//2973 3202//2970
f 3202//2970 3205//2973 3206//2974
f 3202//2970 3206//2974 3203//2971
f 3207//2975 3208//2976 3209//2977
f 3209//2977 3208//2976 3210//2978
f 3209//2977 3210//2978 3211//2979
f 3211//2979 3210//2978 3212//2980
f 3211//2979 3212//2980 3213//2981
f 3203//2971 3214//2982 3201//2969
f 3201//2969 3214//2982 3215//2983
f 3201//2969 3215//2983 3207//2975
f 3207//2975 3215//2983 3216//2984
f 3207//2975 3216//2984 3208//2976
f 2684//2297 2621//2214 3217//2985
f 2626//2219 2625//2218 3218//2986
f 3218//2986 2625//2218 3219//2987
f 3218//2986 3219//2987 2622//2215
f 3220//2988 3221//2989 3212//2980
f 3212//2980 3221//2989 2618//2211
f 3212//2980 2618//2211 3213//2981
f 3213//2981 2618//2211 2620//2213
f 3220//2988 3212//2980 3222//2990
f 3222//2990 3212//2980 3210//2978
f 3222//2990 3210//2978 3223//2991
f 3224//2992 2619//2212 3225//2993
f 3225//2993 2619//2212 2618//2211
f 3225//2993 2618//2211 3226//2994
f 3226//2994 2618//2211 3221//2989
f 3224//2992 3227//2995 2619//2212
f 2619//2212 3227//2995 2624//2217
f 2619//2212 2624//2217 2627//2220
f 2627//2220 2624//2217 2626//2219
f 3228//2996 3219//2987 3229//2997
f 3229//2997 3219//2987 2625//2218
f 3229//2997 2625//2218 3230//2998
f 3230//2998 2625//2218 2624//2217
f 3230//2998 2624//2217 3231//2999
f 3231//2999 2624//2217 3227//2995
f 2621//2214 2623//2216 3217//2985
f 3217//2985 2623//2216 2611//2204
f 3217//2985 2611//2204 2617//2210
f 2617//2210 2611//2204 2610//2203
f 2617//2210 2610//2203 2615//2208
f 2684//2297 3217//2985 2685//2298
f 2685//2298 3217//2985 2617//2210
f 2685//2298 2617//2210 2614//2207
f 2614//2207 2617//2210 2616//2209
f 2614//2207 2616//2209 2612//2205
f 2622//2215 3219//2987 2623//2216
f 2623//2216 3219//2987 3228//2996
f 2623//2216 3228//2996 2611//2204
f 2611//2204 3228//2996 3232//3000
f 2611//2204 3232//3000 2609//2202
f 2139//1890 2138//1889 2682//2295
f 2682//2295 2138//1889 2679//2291
f 2682//2295 2679//2291 3233//3001
f 3233//3001 2679//2291 2680//2292
f 3233//3001 2680//2292 3234//3002
f 3235//3003 2607//2200 3236//3004
f 3236//3004 2607//2200 2606//2199
f 3236//3004 2606//2199 3237//3005
f 3235//3003 3234//3002 3238//3006
f 3239//3007 3237//3005 3240//3008
f 3240//3008 3237//3005 2606//2199
f 3240//3008 2606//2199 3241//3009
f 3241//3009 2606//2199 2608//2201
f 3241//3009 2608//2201 3242//3010
f 3243//3011 3244//3012 3245//3013
f 3246//3014 3247//3015 3248//3016
f 3243//3011 2604//2197 3249//3017
f 3249//3017 2604//2197 2603//2196
f 3249//3017 2603//2196 3250//3018
f 3251//3019 3252//3020 3253//3021
f 3247//3015 3254//3022 3252//3020
f 3252//3020 3254//3022 3255//3023
f 3252//3020 3255//3023 3253//3021
f 3256//3024 3257//3025 3246//3014
f 3246//3014 3257//3025 3258//3026
f 3246//3014 3258//3026 3247//3015
f 3247//3015 3258//3026 3259//3027
f 3247//3015 3259//3027 3254//3022
f 3248//3016 3247//3015 3260//3028
f 3260//3028 3247//3015 3252//3020
f 3260//3028 3252//3020 3261//3029
f 3261//3029 3252//3020 3251//3019
f 3261//3029 3251//3019 3262//3030
f 3234//3002 2680//2292 3238//3006
f 3238//3006 2680//2292 2678//2288
f 3238//3006 2678//2288 3263//3031
f 3263//3031 2678//2288 2677//2287
f 3263//3031 2677//2287 3264//3032
f 3265//3033 3266//3034 3267//3035
f 3267//3035 3266//3034 2600//2193
f 3267//3035 2600//2193 3268//3036
f 3268//3036 2600//2193 2602//2195
f 3268//3036 2602//2195 3269//3037
f 3269//3037 2602//2195 3244//3012
f 2146//1897 2676//2286 2677//2287
f 2677//2287 2676//2286 3270//3038
f 2677//2287 3270//3038 3264//3032
f 3264//3032 3270//3038 3271//3039
f 3264//3032 3271//3039 3272//3040
f 3235//3003 3238//3006 2607//2200
f 2607//2200 3238//3006 3263//3031
f 2607//2200 3263//3031 2608//2201
f 2608//2201 3263//3031 3264//3032
f 2608//2201 3264//3032 3242//3010
f 3242//3010 3264//3032 3272//3040
f 3242//3010 3272//3040 3273//3041
f 3266//3034 3274//3042 2600//2193
f 2600//2193 3274//3042 3275//3043
f 2600//2193 3275//3043 2601//2194
f 2601//2194 3275//3043 3276//3044
f 2601//2194 3276//3044 3277//3045
f 3244//3012 2602//2195 3245//3013
f 3245//3013 2602//2195 2601//2194
f 3245//3013 2601//2194 2599//2192
f 2599//2192 2601//2194 3277//3045
f 2599//2192 3277//3045 2597//2190
f 3278//3046 3279//3047 2605//2198
f 2605//2198 3279//3047 3256//3024
f 2605//2198 3256//3024 2603//2196
f 2603//2196 3256//3024 3246//3014
f 2603//2196 3246//3014 3250//3018
f 3250//3018 3246//3014 3248//3016
f 3243//3011 3245//3013 2604//2197
f 2604//2197 3245//3013 2599//2192
f 2604//2197 2599//2192 2605//2198
f 2605//2198 2599//2192 2598//2191
f 2605//2198 2598//2191 3278//3046
s 0
f 2088//3048 7615//3049 7824//3050
f 7825//3051 2094//3051 2093//3051
s 1
f 2687//3052 7613//1842 3280//3053
f 3280//3053 7613//1842 2613//2206
f 3280//3053 2613//2206 3281//3054
f 3281//3054 2613//2206 2612//2205
f 3281//3054 2612//2205 3282//3055
f 3282//3055 2612//2205 2616//2209
f 3282//3055 2616//2209 3283//3056
f 3283//3056 2616//2209 2615//2208
f 3283//3056 2615//2208 3284//3057
f 3284//3057 2615//2208 2610//2203
f 3284//3057 2610//2203 3285//3058
f 3285//3058 2610//2203 2609//2202
f 3285//3058 2609//2202 3286//3059
f 3286//3059 2609//2202 3232//3000
f 2090//1839 7714//1840 2671//2281
f 2671//2281 2091//3060 2687//3052
f 2671//2281 2687//3052 3287//3061
f 3287//3061 2687//3052 3280//3053
f 3287//3061 3280//3053 3288//3062
f 3288//3062 3280//3053 3281//3054
f 3288//3062 3281//3054 3289//3063
f 3289//3063 3281//3054 3282//3055
f 3289//3063 3282//3055 3290//3064
f 3290//3064 3282//3055 3283//3056
f 3290//3064 3283//3056 3291//3065
f 3291//3065 3283//3056 3284//3057
f 3291//3065 3284//3057 3292//3066
f 3292//3066 3284//3057 3285//3058
f 3292//3066 3285//3058 3293//3067
f 3293//3067 3285//3058 3286//3059
f 2075//1824 2074//1823 2667//2277
f 2667//2277 2074//1823 2675//2285
f 2667//2277 2675//2285 2668//2278
f 2668//2278 2675//2285 3294//3068
f 2668//2278 3294//3068 3295//3069
f 3295//3069 3294//3068 3296//3070
f 3295//3069 3296//3070 3297//3071
f 3297//3071 3296//3070 3298//3072
f 3297//3071 3298//3072 3299//3073
f 2154//1905 2153//1904 2676//2286
f 2676//2286 2153//1904 2668//2278
f 2676//2286 2668//2278 3270//3038
f 3270//3038 2668//2278 3295//3069
f 3270//3038 3295//3069 3271//3039
f 3271//3039 3295//3069 3297//3071
f 3271//3039 3297//3071 3272//3040
f 3272//3040 3297//3071 3299//3073
f 3272//3040 3299//3073 3273//3041
f 3298//3072 3300//3074 3299//3073
f 3299//3073 3300//3074 3301//3075
f 3299//3073 3301//3075 3273//3041
f 3273//3041 3301//3075 3302//3076
f 3273//3041 3302//3076 3242//3010
f 3242//3010 3302//3076 3265//3033
f 3242//3010 3265//3033 3241//3009
f 3241//3009 3265//3033 3267//3035
f 3241//3009 3267//3035 3240//3008
f 3240//3008 3267//3035 3268//3036
f 3240//3008 3268//3036 3239//3007
f 3239//3007 3268//3036 3269//3037
f 3293//3067 3303//3077 3292//3066
f 3292//3066 3303//3077 3304//3078
f 3292//3066 3304//3078 3291//3065
f 3291//3065 3304//3078 3305//3079
f 3291//3065 3305//3079 3290//3064
f 3290//3064 3305//3079 3306//3080
f 3290//3064 3306//3080 3289//3063
f 3289//3063 3306//3080 3307//3081
f 3289//3063 3307//3081 3288//3062
f 3288//3062 3307//3081 3308//3082
f 3288//3062 3308//3082 3287//3061
f 3287//3061 3308//3082 3309//3083
f 3287//3061 3309//3083 2671//2281
f 2671//2281 3309//3083 3310//3084
f 2671//2281 3310//3084 2672//2282
f 2672//2282 3310//3084 3311//3085
f 2672//2282 3311//3085 2669//2279
f 2669//2279 3311//3085 3312//3086
f 2669//2279 3312//3086 2670//2280
f 2670//2280 3312//3086 3313//3087
f 2670//2280 3313//3087 2673//2283
f 2673//2283 3313//3087 3314//3088
f 2673//2283 3314//3088 2674//2284
f 2674//2284 3314//3088 3315//3089
f 2674//2284 3315//3089 2675//2285
f 2675//2285 3315//3089 3316//3090
f 2675//2285 3316//3090 3294//3068
f 3294//3068 3316//3090 3317//3091
f 3294//3068 3317//3091 3296//3070
f 3296//3070 3317//3091 3318//3092
f 3296//3070 3318//3092 3298//3072
f 3298//3072 3318//3092 3319//3093
f 3298//3072 3319//3093 3300//3074
f 3303//3077 3320//3094 3304//3078
f 3304//3078 3320//3094 3321//3095
f 3304//3078 3321//3095 3305//3079
f 3305//3079 3321//3095 3322//3096
f 3305//3079 3322//3096 3306//3080
f 3306//3080 3322//3096 3323//3097
f 3306//3080 3323//3097 3307//3081
f 3307//3081 3323//3097 3324//3098
f 3307//3081 3324//3098 3308//3082
f 3308//3082 3324//3098 3325//3099
f 3308//3082 3325//3099 3309//3083
f 3309//3083 3325//3099 3326//3100
f 3309//3083 3326//3100 3310//3084
f 3310//3084 3326//3100 3327//3101
f 3310//3084 3327//3101 3311//3085
f 3311//3085 3327//3101 3328//3102
f 3311//3085 3328//3102 3312//3086
f 3312//3086 3328//3102 3329//3103
f 3312//3086 3329//3103 3313//3087
f 3313//3087 3329//3103 3330//3104
f 3313//3087 3330//3104 3314//3088
f 3314//3088 3330//3104 3331//3105
f 3314//3088 3331//3105 3315//3089
f 3315//3089 3331//3105 3332//3106
f 3315//3089 3332//3106 3316//3090
f 3316//3090 3332//3106 3333//3107
f 3316//3090 3333//3107 3317//3091
f 3317//3091 3333//3107 3334//3108
f 3317//3091 3334//3108 3318//3092
f 3318//3092 3334//3108 3335//3109
f 3318//3092 3335//3109 3319//3093
f 3320//3094 3336//3110 3321//3095
f 3321//3095 3336//3110 3337//3111
f 3321//3095 3337//3111 3322//3096
f 3322//3096 3337//3111 3338//3112
f 3322//3096 3338//3112 3323//3097
f 3323//3097 3338//3112 3339//3113
f 3323//3097 3339//3113 3324//3098
f 3324//3098 3339//3113 3340//3114
f 3324//3098 3340//3114 3325//3099
f 3325//3099 3340//3114 3341//3115
f 3325//3099 3341//3115 3326//3100
f 3326//3100 3341//3115 3342//3116
f 3326//3100 3342//3116 3327//3101
f 3327//3101 3342//3116 3343//3117
f 3327//3101 3343//3117 3328//3102
f 3328//3102 3343//3117 3344//3118
f 3328//3102 3344//3118 3329//3103
f 3329//3103 3344//3118 3345//3119
f 3329//3103 3345//3119 3330//3104
f 3330//3104 3345//3119 3346//3120
f 3330//3104 3346//3120 3331//3105
f 3331//3105 3346//3120 3347//3121
f 3331//3105 3347//3121 3332//3106
f 3332//3106 3347//3121 3348//3122
f 3332//3106 3348//3122 3333//3107
f 3333//3107 3348//3122 3349//3123
f 3333//3107 3349//3123 3334//3108
f 3334//3108 3349//3123 3350//3124
f 3334//3108 3350//3124 3335//3109
f 3336//3110 3351//3125 3337//3111
f 3337//3111 3351//3125 3352//3126
f 3337//3111 3352//3126 3338//3112
f 3338//3112 3352//3126 3353//3127
f 3338//3112 3353//3127 3339//3113
f 3339//3113 3353//3127 3354//3128
f 3339//3113 3354//3128 3340//3114
f 3340//3114 3354//3128 3355//3129
f 3340//3114 3355//3129 3341//3115
f 3341//3115 3355//3129 3356//3130
f 3341//3115 3356//3130 3342//3116
f 3342//3116 3356//3130 3357//3131
f 3342//3116 3357//3131 3343//3117
f 3343//3117 3357//3131 3358//3132
f 3343//3117 3358//3132 3344//3118
f 3344//3118 3358//3132 3359//3133
f 3344//3118 3359//3133 3345//3119
f 3345//3119 3359//3133 3360//3134
f 3345//3119 3360//3134 3346//3120
f 3346//3120 3360//3134 3361//3135
f 3346//3120 3361//3135 3347//3121
f 3347//3121 3361//3135 3362//3136
f 3347//3121 3362//3136 3348//3122
f 3348//3122 3362//3136 3363//3137
f 3348//3122 3363//3137 3349//3123
f 3349//3123 3363//3137 3364//3138
f 3349//3123 3364//3138 3350//3124
f 3351//3125 2815//2431 3352//3126
f 3352//3126 2815//2431 2813//2429
f 3352//3126 2813//2429 3353//3127
f 3353//3127 2813//2429 2810//2426
f 3353//3127 2810//2426 3354//3128
f 3354//3128 2810//2426 2808//2424
f 3354//3128 2808//2424 3355//3129
f 3355//3129 2808//2424 2799//2415
f 3355//3129 2799//2415 3356//3130
f 3356//3130 2799//2415 2801//2417
f 3356//3130 2801//2417 3357//3131
f 3357//3131 2801//2417 2797//2413
f 3357//3131 2797//2413 3358//3132
f 3358//3132 2797//2413 2794//2410
f 3358//3132 2794//2410 3359//3133
f 3359//3133 2794//2410 2792//2408
f 3359//3133 2792//2408 3360//3134
f 3360//3134 2792//2408 2783//2399
f 3360//3134 2783//2399 3361//3135
f 3361//3135 2783//2399 2785//2401
f 3361//3135 2785//2401 3362//3136
f 3362//3136 2785//2401 2781//2397
f 3362//3136 2781//2397 3363//3137
f 3363//3137 2781//2397 2779//2395
f 3363//3137 2779//2395 3364//3138
f 2331//2082 2330//2081 3097//2719
f 3097//2719 2330//2081 3096//2718
f 3097//2719 3096//2718 3365//3139
f 3365//3139 3096//2718 3366//3140
f 3365//3139 3366//3140 3367//3141
f 3367//3141 3366//3140 3368//3142
f 3367//3141 3368//3142 3369//3143
f 3369//3143 3368//3142 3370//3144
f 3369//3143 3370//3144 3371//3145
f 3371//3145 3370//3144 3372//3146
f 3371//3145 3372//3146 3373//3147
f 3373//3147 3372//3146 3374//3148
f 3373//3147 3374//3148 3375//3149
f 3375//3149 3374//3148 3376//3150
f 3375//3149 3376//3150 3377//3151
f 3377//3151 3376//3150 3378//3152
f 3377//3151 3378//3152 3379//3153
f 3379//3153 3378//3152 3380//3154
f 3379//3153 3380//3154 3381//3155
f 3381//3155 3380//3154 3382//3156
f 3381//3155 3382//3156 3383//3157
f 3383//3157 3382//3156 3384//3158
f 3383//3157 3384//3158 3385//3159
f 3385//3159 3384//3158 3386//3160
f 3385//3159 3386//3160 3387//3161
f 3387//3161 3386//3160 3388//3162
f 3387//3161 3388//3162 3389//3163
f 3389//3163 3388//3162 3390//3164
f 3389//3163 3390//3164 3391//3165
f 3391//3165 3390//3164 3392//3166
f 3391//3165 3392//3166 3393//3167
f 3393//3167 3392//3166 3394//3168
f 3393//3167 3394//3168 3395//3169
f 3395//3169 3394//3168 3396//3170
f 3395//3169 3396//3170 3397//3171
f 3397//3171 3396//3170 3398//3172
f 3397//3171 3398//3172 3399//3173
f 3399//3173 3398//3172 3400//3174
f 3399//3173 3400//3174 3401//3175
f 3401//3175 3400//3174 3402//3176
f 3401//3175 3402//3176 3403//3177
f 3403//3177 3402//3176 3404//3178
f 3403//3177 3404//3178 3405//3179
f 3405//3179 3404//3178 3406//3180
f 3405//3179 3406//3180 3407//3181
f 3407//3181 3406//3180 3408//3182
f 3407//3181 3408//3182 3409//3183
f 3409//3183 3408//3182 3410//3184
f 3409//3183 3410//3184 3411//3185
f 3411//3185 3410//3184 3412//3186
f 3411//3185 3412//3186 3413//3187
f 3413//3187 3412//3186 3414//3188
f 3413//3187 3414//3188 3415//3189
f 3415//3189 3414//3188 3416//3190
f 3415//3189 3416//3190 3417//3191
f 3417//3191 3416//3190 3418//3192
f 3417//3191 3418//3192 3419//3193
f 3419//3193 3418//3192 3420//3194
f 3419//3193 3420//3194 3421//3195
f 3421//3195 3420//3194 3422//3196
f 3421//3195 3422//3196 3423//3197
f 2323//2074 2324//2075 3099//2721
f 3099//2721 2324//2075 3097//2719
f 3099//2721 3097//2719 3424//3198
f 3424//3198 3097//2719 3365//3139
f 3424//3198 3365//3139 3425//3199
f 3425//3199 3365//3139 3367//3141
f 3425//3199 3367//3141 3426//3200
f 3426//3200 3367//3141 3369//3143
f 3426//3200 3369//3143 3427//3201
f 3427//3201 3369//3143 3371//3145
f 3427//3201 3371//3145 3428//3202
f 3428//3202 3371//3145 3373//3147
f 3428//3202 3373//3147 3429//3203
f 3429//3203 3373//3147 3375//3149
f 3429//3203 3375//3149 3430//3204
f 3430//3204 3375//3149 3377//3151
f 3430//3204 3377//3151 3431//3205
f 3431//3205 3377//3151 3379//3153
f 3431//3205 3379//3153 3432//3206
f 3432//3206 3379//3153 3381//3155
f 3432//3206 3381//3155 3433//3207
f 3433//3207 3381//3155 3383//3157
f 3433//3207 3383//3157 3434//3208
f 3434//3208 3383//3157 3385//3159
f 3434//3208 3385//3159 3435//3209
f 3435//3209 3385//3159 3387//3161
f 3435//3209 3387//3161 3436//3210
f 3436//3210 3387//3161 3389//3163
f 3436//3210 3389//3163 3437//3211
f 3437//3211 3389//3163 3391//3165
f 3437//3211 3391//3165 3438//3212
f 3438//3212 3391//3165 3393//3167
f 3438//3212 3393//3167 3439//3213
f 3439//3213 3393//3167 3395//3169
f 3439//3213 3395//3169 3440//3214
f 3440//3214 3395//3169 3397//3171
f 3440//3214 3397//3171 3441//3215
f 3441//3215 3397//3171 3399//3173
f 3441//3215 3399//3173 3442//3216
f 3442//3216 3399//3173 3401//3175
f 3442//3216 3401//3175 3443//3217
f 3443//3217 3401//3175 3403//3177
f 3443//3217 3403//3177 3444//3218
f 3444//3218 3403//3177 3405//3179
f 3444//3218 3405//3179 3445//3219
f 3445//3219 3405//3179 3407//3181
f 3445//3219 3407//3181 3446//3220
f 3446//3220 3407//3181 3409//3183
f 3446//3220 3409//3183 3447//3221
f 3447//3221 3409//3183 3411//3185
f 3447//3221 3411//3185 3448//3222
f 3448//3222 3411//3185 3413//3187
f 3448//3222 3413//3187 3449//3223
f 3449//3223 3413//3187 3415//3189
f 3449//3223 3415//3189 3450//3224
f 3450//3224 3415//3189 3417//3191
f 3450//3224 3417//3191 3451//3225
f 3451//3225 3417//3191 3419//3193
f 3451//3225 3419//3193 3452//3226
f 3452//3226 3419//3193 3421//3195
f 3452//3226 3421//3195 3453//3227
f 3453//3227 3421//3195 3423//3197
f 3453//3227 3423//3197 3454//3228
f 2320//2071 2321//2072 3098//2720
f 3098//2720 2321//2072 3099//2721
f 3098//2720 3099//2721 3455//3229
f 3455//3229 3099//2721 3424//3198
f 3455//3229 3424//3198 3456//3230
f 3456//3230 3424//3198 3425//3199
f 3456//3230 3425//3199 3457//3231
f 3457//3231 3425//3199 3426//3200
f 3457//3231 3426//3200 3458//3232
f 3458//3232 3426//3200 3427//3201
f 3458//3232 3427//3201 3459//3233
f 3459//3233 3427//3201 3428//3202
f 3459//3233 3428//3202 3460//3234
f 3460//3234 3428//3202 3429//3203
f 3460//3234 3429//3203 3461//3235
f 3461//3235 3429//3203 3430//3204
f 3461//3235 3430//3204 3462//3236
f 3462//3236 3430//3204 3431//3205
f 3462//3236 3431//3205 3463//3237
f 3463//3237 3431//3205 3432//3206
f 3463//3237 3432//3206 3464//3238
f 3464//3238 3432//3206 3433//3207
f 3464//3238 3433//3207 3465//3239
f 3465//3239 3433//3207 3434//3208
f 3465//3239 3434//3208 3466//3240
f 3466//3240 3434//3208 3435//3209
f 3466//3240 3435//3209 3467//3241
f 3467//3241 3435//3209 3436//3210
f 3467//3241 3436//3210 3468//3242
f 3468//3242 3436//3210 3437//3211
f 3468//3242 3437//3211 3469//3243
f 3469//3243 3437//3211 3438//3212
f 3469//3243 3438//3212 3470//3244
f 3470//3244 3438//3212 3439//3213
f 3470//3244 3439//3213 3471//3245
f 3471//3245 3439//3213 3440//3214
f 3471//3245 3440//3214 3472//3246
f 3472//3246 3440//3214 3441//3215
f 3472//3246 3441//3215 3473//3247
f 3473//3247 3441//3215 3442//3216
f 3473//3247 3442//3216 3474//3248
f 3474//3248 3442//3216 3443//3217
f 3474//3248 3443//3217 3475//3249
f 3475//3249 3443//3217 3444//3218
f 3475//3249 3444//3218 3476//3250
f 3476//3250 3444//3218 3445//3219
f 3476//3250 3445//3219 3477//3251
f 3477//3251 3445//3219 3446//3220
f 3477//3251 3446//3220 3478//3252
f 3478//3252 3446//3220 3447//3221
f 3478//3252 3447//3221 3479//3253
f 3479//3253 3447//3221 3448//3222
f 3479//3253 3448//3222 3480//3254
f 3480//3254 3448//3222 3449//3223
f 3480//3254 3449//3223 3481//3255
f 3481//3255 3449//3223 3450//3224
f 3481//3255 3450//3224 3482//3256
f 3482//3256 3450//3224 3451//3225
f 3482//3256 3451//3225 3483//3257
f 3483//3257 3451//3225 3452//3226
f 3483//3257 3452//3226 3484//3258
f 3484//3258 3452//3226 3453//3227
f 3484//3258 3453//3227 3485//3259
f 3485//3259 3453//3227 3454//3228
f 3485//3259 3454//3228 3486//3260
f 2296//2047 2295//2046 3100//2722
f 3100//2722 2295//2046 3098//2720
f 3100//2722 3098//2720 3487//3261
f 3487//3261 3098//2720 3455//3229
f 3487//3261 3455//3229 3488//3262
f 3488//3262 3455//3229 3456//3230
f 3488//3262 3456//3230 3489//3263
f 3489//3263 3456//3230 3457//3231
f 3489//3263 3457//3231 3490//3264
f 3490//3264 3457//3231 3458//3232
f 3490//3264 3458//3232 3491//3265
f 3491//3265 3458//3232 3459//3233
f 3491//3265 3459//3233 3492//3266
f 3492//3266 3459//3233 3460//3234
f 3492//3266 3460//3234 3493//3267
f 3493//3267 3460//3234 3461//3235
f 3493//3267 3461//3235 3494//3268
f 3494//3268 3461//3235 3462//3236
f 3494//3268 3462//3236 3495//3269
f 3495//3269 3462//3236 3463//3237
f 3495//3269 3463//3237 3496//3270
f 3496//3270 3463//3237 3464//3238
f 3496//3270 3464//3238 3497//3271
f 3497//3271 3464//3238 3465//3239
f 3497//3271 3465//3239 3498//3272
f 3498//3272 3465//3239 3466//3240
f 3498//3272 3466//3240 3499//3273
f 3499//3273 3466//3240 3467//3241
f 3499//3273 3467//3241 3500//3274
f 3500//3274 3467//3241 3468//3242
f 3500//3274 3468//3242 3501//3275
f 3501//3275 3468//3242 3469//3243
f 3501//3275 3469//3243 3502//3276
f 3502//3276 3469//3243 3470//3244
f 3502//3276 3470//3244 3503//3277
f 3503//3277 3470//3244 3471//3245
f 3503//3277 3471//3245 3504//3278
f 3504//3278 3471//3245 3472//3246
f 3504//3278 3472//3246 3505//3279
f 3505//3279 3472//3246 3473//3247
f 3505//3279 3473//3247 3506//3280
f 3506//3280 3473//3247 3474//3248
f 3506//3280 3474//3248 3507//3281
f 3507//3281 3474//3248 3475//3249
f 3507//3281 3475//3249 3508//3282
f 3508//3282 3475//3249 3476//3250
f 3508//3282 3476//3250 3509//3283
f 3509//3283 3476//3250 3477//3251
f 3509//3283 3477//3251 3510//3284
f 3510//3284 3477//3251 3478//3252
f 3510//3284 3478//3252 3511//3285
f 3511//3285 3478//3252 3479//3253
f 3511//3285 3479//3253 3512//3286
f 3512//3286 3479//3253 3480//3254
f 3512//3286 3480//3254 3513//3287
f 3513//3287 3480//3254 3481//3255
f 3513//3287 3481//3255 3514//3288
f 3514//3288 3481//3255 3482//3256
f 3514//3288 3482//3256 3515//3289
f 3515//3289 3482//3256 3483//3257
f 3515//3289 3483//3257 3516//3290
f 3516//3290 3483//3257 3484//3258
f 3516//3290 3484//3258 3517//3291
f 3517//3291 3484//3258 3485//3259
f 3517//3291 3485//3259 3518//3292
f 3518//3292 3485//3259 3486//3260
f 3518//3292 3486//3260 3519//3293
f 2266//2017 2265//2016 2640//2243
f 2640//2243 2265//2016 2641//2244
f 2640//2243 2641//2244 3520//3294
f 3520//3294 2641//2244 3521//3295
f 3520//3294 3521//3295 3522//3296
f 3522//3296 3521//3295 3523//3297
f 3522//3296 3523//3297 3524//3298
f 3524//3298 3523//3297 3525//3299
f 3524//3298 3525//3299 3526//3300
f 3526//3300 3525//3299 3527//3301
f 3526//3300 3527//3301 3528//3302
f 3528//3302 3527//3301 3529//3303
f 3528//3302 3529//3303 3530//3304
f 3530//3304 3529//3303 3531//3305
f 3530//3304 3531//3305 3532//3306
f 3532//3306 3531//3305 3533//3307
f 3532//3306 3533//3307 3534//3308
f 3534//3308 3533//3307 3535//3309
f 3534//3308 3535//3309 3536//3310
f 3536//3310 3535//3309 3537//3311
f 3536//3310 3537//3311 3538//3312
f 3538//3312 3537//3311 3539//3313
f 3538//3312 3539//3313 3540//3314
f 3540//3314 3539//3313 3541//3315
f 3540//3314 3541//3315 3542//3316
f 3542//3316 3541//3315 3543//3317
f 3542//3316 3543//3317 3544//3318
f 3544//3318 3543//3317 3545//3319
f 3544//3318 3545//3319 3546//3320
f 3546//3320 3545//3319 3547//3321
f 3546//3320 3547//3321 3548//3322
f 3548//3322 3547//3321 3549//3323
f 3548//3322 3549//3323 3550//3324
f 3550//3324 3549//3323 3551//3325
f 3550//3324 3551//3325 3552//3326
f 3552//3326 3551//3325 3553//3327
f 3552//3326 3553//3327 3554//3328
f 3554//3328 3553//3327 3555//3329
f 3554//3328 3555//3329 3556//3330
f 3556//3330 3555//3329 3557//3331
f 3556//3330 3557//3331 3558//3332
f 3558//3332 3557//3331 3559//3333
f 3558//3332 3559//3333 3560//3334
f 3560//3334 3559//3333 3561//3335
f 3560//3334 3561//3335 3562//3336
f 3562//3336 3561//3335 3563//3337
f 3562//3336 3563//3337 3564//3338
f 3564//3338 3563//3337 3565//3339
f 3564//3338 3565//3339 3566//3340
f 3566//3340 3565//3339 3567//3341
f 3566//3340 3567//3341 3568//3342
f 3568//3342 3567//3341 3569//3343
f 3568//3342 3569//3343 3570//3344
f 3570//3344 3569//3343 3571//3345
f 3570//3344 3571//3345 3572//3346
f 3572//3346 3571//3345 3573//3347
f 3572//3346 3573//3347 3574//3348
f 3574//3348 3573//3347 3575//3349
f 3574//3348 3575//3349 3576//3350
f 3576//3350 3575//3349 3577//3351
f 3576//3350 3577//3351 3578//3352
f 3578//3352 3577//3351 3579//3353
f 3578//3352 3579//3353 3580//3354
f 3580//3354 3579//3353 3581//3355
f 3580//3354 3581//3355 3582//3356
f 3582//3356 3581//3355 3583//3357
f 3582//3356 3583//3357 3584//3358
f 3584//3358 3583//3357 3585//3359
f 3584//3358 3585//3359 3586//3360
f 3586//3360 3585//3359 3587//3361
f 3586//3360 3587//3361 3588//3362
f 3588//3362 3587//3361 3589//3363
f 3588//3362 3589//3363 3108//2730
f 3108//2730 3589//3363 2649//2258
f 3108//2730 2649//2258 2397//2148
f 2397//2148 2649//2258 2391//2142
f 3590//3364 3591//3365 3592//3366
f 3592//3366 3591//3365 3593//3367
f 3592//3366 3593//3367 3594//3368
f 3594//3368 3593//3367 3595//3369
f 3594//3368 3595//3369 3596//3370
f 3596//3370 3595//3369 3597//3371
f 3596//3370 3597//3371 3598//3372
f 3598//3372 3597//3371 3599//3373
f 3598//3372 3599//3373 3600//3374
f 3600//3374 3599//3373 3601//3375
f 3600//3374 3601//3375 3602//3376
f 3602//3376 3601//3375 3603//3377
f 3602//3376 3603//3377 3604//3378
f 3604//3378 3603//3377 3605//3379
f 3604//3378 3605//3379 3606//3380
f 3606//3380 3605//3379 3607//3381
f 3606//3380 3607//3381 3608//3382
f 3608//3382 3607//3381 3609//3383
f 3608//3382 3609//3383 3610//3384
f 3610//3384 3609//3383 3611//3385
f 3610//3384 3611//3385 3612//3386
f 3612//3386 3611//3385 3613//3387
f 3612//3386 3613//3387 3614//3388
f 3614//3388 3613//3387 3615//3389
f 3614//3388 3615//3389 3616//3390
f 3616//3390 3615//3389 3617//3391
f 3616//3390 3617//3391 3618//3392
f 3618//3392 3617//3391 3619//3393
f 3618//3392 3619//3393 3620//3394
f 3620//3394 3619//3393 3621//3395
f 3620//3394 3621//3395 3622//3396
f 3622//3396 3621//3395 3623//3397
f 3622//3396 3623//3397 3624//3398
f 3624//3398 3623//3397 3625//3399
f 3624//3398 3625//3399 3626//3400
f 3626//3400 3625//3399 3627//3401
f 3626//3400 3627//3401 3628//3402
f 3628//3402 3627//3401 3629//3403
f 3628//3402 3629//3403 3630//3404
f 3630//3404 3629//3403 3631//3405
f 3630//3404 3631//3405 3632//3406
f 3632//3406 3631//3405 3633//3407
f 3632//3406 3633//3407 3634//3408
f 3634//3408 3633//3407 3635//3409
f 3634//3408 3635//3409 3636//3410
f 3636//3410 3635//3409 3637//3411
f 3636//3410 3637//3411 3638//3412
f 3638//3412 3637//3411 3639//3413
f 3638//3412 3639//3413 3640//3414
f 3640//3414 3639//3413 3641//3415
f 3640//3414 3641//3415 3642//3416
f 3642//3416 3641//3415 3643//3417
f 3642//3416 3643//3417 3644//3418
f 3644//3418 3643//3417 3645//3419
f 3644//3418 3645//3419 3160//2850
f 3160//2850 3645//3419 3161//2851
f 3160//2850 3161//2851 2225//1976
f 2225//1976 3161//2851 2220//1971
f 2254//2005 2261//2012 2639//2242
f 2639//2242 2261//2012 2640//2243
f 2639//2242 2640//2243 3646//3420
f 3646//3420 2640//2243 3520//3294
f 3646//3420 3520//3294 3647//3421
f 3647//3421 3520//3294 3522//3296
f 3647//3421 3522//3296 3648//3422
f 3648//3422 3522//3296 3524//3298
f 3648//3422 3524//3298 3649//3423
f 3649//3423 3524//3298 3526//3300
f 3649//3423 3526//3300 3650//3424
f 3650//3424 3526//3300 3528//3302
f 3650//3424 3528//3302 3651//3425
f 3651//3425 3528//3302 3530//3304
f 3651//3425 3530//3304 3652//3426
f 3652//3426 3530//3304 3532//3306
f 3652//3426 3532//3306 3653//3427
f 3653//3427 3532//3306 3534//3308
f 3653//3427 3534//3308 3654//3428
f 3654//3428 3534//3308 3536//3310
f 3654//3428 3536//3310 3655//3429
f 3655//3429 3536//3310 3538//3312
f 3655//3429 3538//3312 3656//3430
f 3656//3430 3538//3312 3540//3314
f 3656//3430 3540//3314 3657//3431
f 3657//3431 3540//3314 3542//3316
f 3657//3431 3542//3316 3658//3432
f 3658//3432 3542//3316 3544//3318
f 3658//3432 3544//3318 3659//3433
f 3659//3433 3544//3318 3546//3320
f 3659//3433 3546//3320 3660//3434
f 3660//3434 3546//3320 3548//3322
f 3660//3434 3548//3322 3661//3435
f 3661//3435 3548//3322 3550//3324
f 3661//3435 3550//3324 3662//3436
f 3662//3436 3550//3324 3552//3326
f 3662//3436 3552//3326 3663//3437
f 3663//3437 3552//3326 3554//3328
f 3663//3437 3554//3328 3664//3438
f 3664//3438 3554//3328 3556//3330
f 3664//3438 3556//3330 3665//3439
f 3665//3439 3556//3330 3558//3332
f 3665//3439 3558//3332 3666//3440
f 3666//3440 3558//3332 3560//3334
f 3666//3440 3560//3334 3667//3441
f 3667//3441 3560//3334 3562//3336
f 3667//3441 3562//3336 3668//3442
f 3668//3442 3562//3336 3564//3338
f 3668//3442 3564//3338 3669//3443
f 3669//3443 3564//3338 3566//3340
f 3669//3443 3566//3340 3670//3444
f 3670//3444 3566//3340 3568//3342
f 3670//3444 3568//3342 3671//3445
f 3671//3445 3568//3342 3570//3344
f 3671//3445 3570//3344 3672//3446
f 3672//3446 3570//3344 3572//3346
f 3672//3446 3572//3346 3673//3447
f 3673//3447 3572//3346 3574//3348
f 3673//3447 3574//3348 3674//3448
f 3674//3448 3574//3348 3576//3350
f 3674//3448 3576//3350 3675//3449
f 3675//3449 3576//3350 3578//3352
f 3675//3449 3578//3352 3676//3450
f 3676//3450 3578//3352 3580//3354
f 3676//3450 3580//3354 3677//3451
f 3677//3451 3580//3354 3582//3356
f 3677//3451 3582//3356 3678//3452
f 3678//3452 3582//3356 3584//3358
f 3678//3452 3584//3358 3679//3453
f 3679//3453 3584//3358 3586//3360
f 3679//3453 3586//3360 3680//3454
f 3680//3454 3586//3360 3588//3362
f 3680//3454 3588//3362 3107//2729
f 3107//2729 3588//3362 3108//2730
f 3107//2729 3108//2730 2398//2149
f 2398//2149 3108//2730 2393//2144
f 2259//2010 2257//2008 2638//2241
f 2638//2241 2257//2008 2639//2242
f 2638//2241 2639//2242 3681//3455
f 3681//3455 2639//2242 3646//3420
f 3681//3455 3646//3420 3682//3456
f 3682//3456 3646//3420 3647//3421
f 3682//3456 3647//3421 3683//3457
f 3683//3457 3647//3421 3648//3422
f 3683//3457 3648//3422 3684//3458
f 3684//3458 3648//3422 3649//3423
f 3684//3458 3649//3423 3685//3459
f 3685//3459 3649//3423 3650//3424
f 3685//3459 3650//3424 3686//3460
f 3686//3460 3650//3424 3651//3425
f 3686//3460 3651//3425 3687//3461
f 3687//3461 3651//3425 3652//3426
f 3687//3461 3652//3426 3688//3462
f 3688//3462 3652//3426 3653//3427
f 3688//3462 3653//3427 3689//3463
f 3689//3463 3653//3427 3654//3428
f 3689//3463 3654//3428 3690//3464
f 3690//3464 3654//3428 3655//3429
f 3690//3464 3655//3429 3691//3465
f 3691//3465 3655//3429 3656//3430
f 3691//3465 3656//3430 3692//3466
f 3692//3466 3656//3430 3657//3431
f 3692//3466 3657//3431 3693//3467
f 3693//3467 3657//3431 3658//3432
f 3693//3467 3658//3432 3694//3468
f 3694//3468 3658//3432 3659//3433
f 3694//3468 3659//3433 3695//3469
f 3695//3469 3659//3433 3660//3434
f 3695//3469 3660//3434 3696//3470
f 3696//3470 3660//3434 3661//3435
f 3696//3470 3661//3435 3697//3471
f 3697//3471 3661//3435 3662//3436
f 3697//3471 3662//3436 3698//3472
f 3698//3472 3662//3436 3663//3437
f 3698//3472 3663//3437 3699//3473
f 3699//3473 3663//3437 3664//3438
f 3699//3473 3664//3438 3700//3474
f 3700//3474 3664//3438 3665//3439
f 3700//3474 3665//3439 3701//3475
f 3701//3475 3665//3439 3666//3440
f 3701//3475 3666//3440 3702//3476
f 3702//3476 3666//3440 3667//3441
f 3702//3476 3667//3441 3703//3477
f 3703//3477 3667//3441 3668//3442
f 3703//3477 3668//3442 3704//3478
f 3704//3478 3668//3442 3669//3443
f 3704//3478 3669//3443 3705//3479
f 3705//3479 3669//3443 3670//3444
f 3705//3479 3670//3444 3706//3480
f 3706//3480 3670//3444 3671//3445
f 3706//3480 3671//3445 3707//3481
f 3707//3481 3671//3445 3672//3446
f 3707//3481 3672//3446 3708//3482
f 3708//3482 3672//3446 3673//3447
f 3708//3482 3673//3447 3709//3483
f 3709//3483 3673//3447 3674//3448
f 3709//3483 3674//3448 3710//3484
f 3710//3484 3674//3448 3675//3449
f 3710//3484 3675//3449 3711//3485
f 3711//3485 3675//3449 3676//3450
f 3711//3485 3676//3450 3712//3486
f 3712//3486 3676//3450 3677//3451
f 3712//3486 3677//3451 3713//3487
f 3713//3487 3677//3451 3678//3452
f 3713//3487 3678//3452 3714//3488
f 3714//3488 3678//3452 3679//3453
f 3714//3488 3679//3453 3715//3489
f 3715//3489 3679//3453 3680//3454
f 3715//3489 3680//3454 2650//2259
f 2650//2259 3680//3454 3107//2729
f 2650//2259 3107//2729 2402//2153
f 2402//2153 3107//2729 2403//2154
f 3716//3490 3717//3491 3718//3492
f 3718//3492 3717//3491 3719//3493
f 3718//3492 3719//3493 3720//3494
f 3720//3494 3719//3493 3721//3495
f 3720//3494 3721//3495 3722//3496
f 3722//3496 3721//3495 3723//3497
f 3722//3496 3723//3497 3724//3498
f 3724//3498 3723//3497 3725//3499
f 3724//3498 3725//3499 3726//3500
f 3726//3500 3725//3499 3727//3501
f 3726//3500 3727//3501 3728//3502
f 3728//3502 3727//3501 3729//3503
f 3728//3502 3729//3503 3730//3504
f 3730//3504 3729//3503 3731//3505
f 3730//3504 3731//3505 3732//3506
f 3732//3506 3731//3505 3733//3507
f 3732//3506 3733//3507 3734//3508
f 3734//3508 3733//3507 3735//3509
f 3734//3508 3735//3509 3736//3510
f 3736//3510 3735//3509 3737//3511
f 3736//3510 3737//3511 3738//3512
f 3738//3512 3737//3511 3739//3513
f 3738//3512 3739//3513 3740//3514
f 3740//3514 3739//3513 3741//3515
f 3740//3514 3741//3515 3742//3516
f 3742//3516 3741//3515 3743//3517
f 3742//3516 3743//3517 3744//3518
f 3744//3518 3743//3517 3745//3519
f 3744//3518 3745//3519 3746//3520
f 3746//3520 3745//3519 3747//3521
f 3746//3520 3747//3521 3748//3522
f 3748//3522 3747//3521 3749//3523
f 3748//3522 3749//3523 3750//3524
f 3750//3524 3749//3523 3751//3525
f 3750//3524 3751//3525 3752//3526
f 3752//3526 3751//3525 3753//3527
f 3752//3526 3753//3527 3754//3528
f 3754//3528 3753//3527 3755//3529
f 3754//3528 3755//3529 3756//3530
f 3756//3530 3755//3529 3757//3531
f 3756//3530 3757//3531 3758//3532
f 3758//3532 3757//3531 3759//3533
f 3758//3532 3759//3533 3760//3534
f 3760//3534 3759//3533 3761//3535
f 3760//3534 3761//3535 3762//3536
f 3762//3536 3761//3535 3763//3537
f 3762//3536 3763//3537 3764//3538
f 3764//3538 3763//3537 3765//3539
f 3764//3538 3765//3539 3766//3540
f 3766//3540 3765//3539 3767//3541
f 3766//3540 3767//3541 3768//3542
f 3768//3542 3767//3541 3769//3543
f 3768//3542 3769//3543 3770//3544
f 3770//3544 3769//3543 3771//3545
f 3770//3544 3771//3545 2635//2238
f 2635//2238 3771//3545 3159//2849
f 2635//2238 3159//2849 2233//1984
f 2233//1984 3159//2849 2228//1979
f 3717//3491 3590//3364 3719//3493
f 3719//3493 3590//3364 3592//3366
f 3719//3493 3592//3366 3721//3495
f 3721//3495 3592//3366 3594//3368
f 3721//3495 3594//3368 3723//3497
f 3723//3497 3594//3368 3596//3370
f 3723//3497 3596//3370 3725//3499
f 3725//3499 3596//3370 3598//3372
f 3725//3499 3598//3372 3727//3501
f 3727//3501 3598//3372 3600//3374
f 3727//3501 3600//3374 3729//3503
f 3729//3503 3600//3374 3602//3376
f 3729//3503 3602//3376 3731//3505
f 3731//3505 3602//3376 3604//3378
f 3731//3505 3604//3378 3733//3507
f 3733//3507 3604//3378 3606//3380
f 3733//3507 3606//3380 3735//3509
f 3735//3509 3606//3380 3608//3382
f 3735//3509 3608//3382 3737//3511
f 3737//3511 3608//3382 3610//3384
f 3737//3511 3610//3384 3739//3513
f 3739//3513 3610//3384 3612//3386
f 3739//3513 3612//3386 3741//3515
f 3741//3515 3612//3386 3614//3388
f 3741//3515 3614//3388 3743//3517
f 3743//3517 3614//3388 3616//3390
f 3743//3517 3616//3390 3745//3519
f 3745//3519 3616//3390 3618//3392
f 3745//3519 3618//3392 3747//3521
f 3747//3521 3618//3392 3620//3394
f 3747//3521 3620//3394 3749//3523
f 3749//3523 3620//3394 3622//3396
f 3749//3523 3622//3396 3751//3525
f 3751//3525 3622//3396 3624//3398
f 3751//3525 3624//3398 3753//3527
f 3753//3527 3624//3398 3626//3400
f 3753//3527 3626//3400 3755//3529
f 3755//3529 3626//3400 3628//3402
f 3755//3529 3628//3402 3757//3531
f 3757//3531 3628//3402 3630//3404
f 3757//3531 3630//3404 3759//3533
f 3759//3533 3630//3404 3632//3406
f 3759//3533 3632//3406 3761//3535
f 3761//3535 3632//3406 3634//3408
f 3761//3535 3634//3408 3763//3537
f 3763//3537 3634//3408 3636//3410
f 3763//3537 3636//3410 3765//3539
f 3765//3539 3636//3410 3638//3412
f 3765//3539 3638//3412 3767//3541
f 3767//3541 3638//3412 3640//3414
f 3767//3541 3640//3414 3769//3543
f 3769//3543 3640//3414 3642//3416
f 3769//3543 3642//3416 3771//3545
f 3771//3545 3642//3416 3644//3418
f 3771//3545 3644//3418 3159//2849
f 3159//2849 3644//3418 3160//2850
f 3159//2849 3160//2850 2221//1972
f 2221//1972 3160//2850 2222//1973
f 2253//2004 2260//2011 2637//2240
f 2637//2240 2260//2011 2638//2241
f 2637//2240 2638//2241 3772//3546
f 3772//3546 2638//2241 3681//3455
f 3772//3546 3681//3455 3773//3547
f 3773//3547 3681//3455 3682//3456
f 3773//3547 3682//3456 3774//3548
f 3774//3548 3682//3456 3683//3457
f 3774//3548 3683//3457 3775//3549
f 3775//3549 3683//3457 3684//3458
f 3775//3549 3684//3458 3776//3550
f 3776//3550 3684//3458 3685//3459
f 3776//3550 3685//3459 3777//3551
f 3777//3551 3685//3459 3686//3460
f 3777//3551 3686//3460 3778//3552
f 3778//3552 3686//3460 3687//3461
f 3778//3552 3687//3461 3779//3553
f 3779//3553 3687//3461 3688//3462
f 3779//3553 3688//3462 3780//3554
f 3780//3554 3688//3462 3689//3463
f 3780//3554 3689//3463 3781//3555
f 3781//3555 3689//3463 3690//3464
f 3781//3555 3690//3464 3782//3556
f 3782//3556 3690//3464 3691//3465
f 3782//3556 3691//3465 3783//3557
f 3783//3557 3691//3465 3692//3466
f 3783//3557 3692//3466 3784//3558
f 3784//3558 3692//3466 3693//3467
f 3784//3558 3693//3467 3785//3559
f 3785//3559 3693//3467 3694//3468
f 3785//3559 3694//3468 3786//3560
f 3786//3560 3694//3468 3695//3469
f 3786//3560 3695//3469 3787//3561
f 3787//3561 3695//3469 3696//3470
f 3787//3561 3696//3470 3788//3562
f 3788//3562 3696//3470 3697//3471
f 3788//3562 3697//3471 3789//3563
f 3789//3563 3697//3471 3698//3472
f 3789//3563 3698//3472 3790//3564
f 3790//3564 3698//3472 3699//3473
f 3790//3564 3699//3473 3791//3565
f 3791//3565 3699//3473 3700//3474
f 3791//3565 3700//3474 3792//3566
f 3792//3566 3700//3474 3701//3475
f 3792//3566 3701//3475 3793//3567
f 3793//3567 3701//3475 3702//3476
f 3793//3567 3702//3476 3794//3568
f 3794//3568 3702//3476 3703//3477
f 3794//3568 3703//3477 3795//3569
f 3795//3569 3703//3477 3704//3478
f 3795//3569 3704//3478 3796//3570
f 3796//3570 3704//3478 3705//3479
f 3796//3570 3705//3479 3797//3571
f 3797//3571 3705//3479 3706//3480
f 3797//3571 3706//3480 3798//3572
f 3798//3572 3706//3480 3707//3481
f 3798//3572 3707//3481 3799//3573
f 3799//3573 3707//3481 3708//3482
f 3799//3573 3708//3482 3800//3574
f 3800//3574 3708//3482 3709//3483
f 3800//3574 3709//3483 3801//3575
f 3801//3575 3709//3483 3710//3484
f 3801//3575 3710//3484 3802//3576
f 3802//3576 3710//3484 3711//3485
f 3802//3576 3711//3485 3803//3577
f 3803//3577 3711//3485 3712//3486
f 3803//3577 3712//3486 3804//3578
f 3804//3578 3712//3486 3713//3487
f 3804//3578 3713//3487 3805//3579
f 3805//3579 3713//3487 3714//3488
f 3805//3579 3714//3488 3806//3580
f 3806//3580 3714//3488 3715//3489
f 3806//3580 3715//3489 2651//2260
f 2651//2260 3715//3489 2650//2259
f 2651//2260 2650//2259 2405//2156
f 2405//2156 2650//2259 2406//2157
f 2314//2065 2313//2064 3102//2724
f 3102//2724 2313//2064 3100//2722
f 3102//2724 3100//2722 3807//3581
f 3807//3581 3100//2722 3487//3261
f 3807//3581 3487//3261 3808//3582
f 3808//3582 3487//3261 3488//3262
f 3808//3582 3488//3262 3809//3583
f 3809//3583 3488//3262 3489//3263
f 3809//3583 3489//3263 3810//3584
f 3810//3584 3489//3263 3490//3264
f 3810//3584 3490//3264 3811//3585
f 3811//3585 3490//3264 3491//3265
f 3811//3585 3491//3265 3812//3586
f 3812//3586 3491//3265 3492//3266
f 3812//3586 3492//3266 3813//3587
f 3813//3587 3492//3266 3493//3267
f 3813//3587 3493//3267 3814//3588
f 3814//3588 3493//3267 3494//3268
f 3814//3588 3494//3268 3815//3589
f 3815//3589 3494//3268 3495//3269
f 3815//3589 3495//3269 3816//3590
f 3816//3590 3495//3269 3496//3270
f 3816//3590 3496//3270 3817//3591
f 3817//3591 3496//3270 3497//3271
f 3817//3591 3497//3271 3818//3592
f 3818//3592 3497//3271 3498//3272
f 3818//3592 3498//3272 3819//3593
f 3819//3593 3498//3272 3499//3273
f 3819//3593 3499//3273 3820//3594
f 3820//3594 3499//3273 3500//3274
f 3820//3594 3500//3274 3821//3595
f 3821//3595 3500//3274 3501//3275
f 3821//3595 3501//3275 3822//3596
f 3822//3596 3501//3275 3502//3276
f 3822//3596 3502//3276 3823//3597
f 3823//3597 3502//3276 3503//3277
f 3823//3597 3503//3277 3824//3598
f 3824//3598 3503//3277 3504//3278
f 3824//3598 3504//3278 3825//3599
f 3825//3599 3504//3278 3505//3279
f 3825//3599 3505//3279 3826//3600
f 3826//3600 3505//3279 3506//3280
f 3826//3600 3506//3280 3827//3601
f 3827//3601 3506//3280 3507//3281
f 3827//3601 3507//3281 3828//3602
f 3828//3602 3507//3281 3508//3282
f 3828//3602 3508//3282 3829//3603
f 3829//3603 3508//3282 3509//3283
f 3829//3603 3509//3283 3830//3604
f 3830//3604 3509//3283 3510//3284
f 3830//3604 3510//3284 3831//3605
f 3831//3605 3510//3284 3511//3285
f 3831//3605 3511//3285 3832//3606
f 3832//3606 3511//3285 3512//3286
f 3832//3606 3512//3286 3833//3607
f 3833//3607 3512//3286 3513//3287
f 3833//3607 3513//3287 3834//3608
f 3834//3608 3513//3287 3514//3288
f 3834//3608 3514//3288 3835//3609
f 3835//3609 3514//3288 3515//3289
f 3835//3609 3515//3289 3836//3610
f 3836//3610 3515//3289 3516//3290
f 3836//3610 3516//3290 3837//3611
f 3837//3611 3516//3290 3517//3291
f 3837//3611 3517//3291 3838//3612
f 3838//3612 3517//3291 3518//3292
f 3838//3612 3518//3292 3839//3613
f 3839//3613 3518//3292 3519//3293
f 3839//3613 3519//3293 3840//3614
f 2307//2058 2301//2052 3104//2726
f 3104//2726 2301//2052 2299//2050
f 3104//2726 2299//2050 3841//3615
f 3841//3615 2299//2050 3103//2725
f 3841//3615 3103//2725 3842//3616
f 3842//3616 3103//2725 2653//2262
f 3842//3616 2653//2262 3843//3617
f 3843//3617 2653//2262 2652//2261
f 3843//3617 2652//2261 3844//3618
f 3844//3618 2652//2261 3101//2723
f 3844//3618 3101//2723 3845//3619
f 3845//3619 3101//2723 3102//2724
f 3845//3619 3102//2724 3846//3620
f 3846//3620 3102//2724 3807//3581
f 3846//3620 3807//3581 3847//3621
f 3847//3621 3807//3581 3808//3582
f 3847//3621 3808//3582 3848//3622
f 3848//3622 3808//3582 3809//3583
f 3848//3622 3809//3583 3849//3623
f 3849//3623 3809//3583 3810//3584
f 3849//3623 3810//3584 3850//3624
f 3850//3624 3810//3584 3811//3585
f 3850//3624 3811//3585 3851//3625
f 3851//3625 3811//3585 3812//3586
f 3851//3625 3812//3586 3852//3626
f 3852//3626 3812//3586 3813//3587
f 3852//3626 3813//3587 3853//3627
f 3853//3627 3813//3587 3814//3588
f 3853//3627 3814//3588 3854//3628
f 3854//3628 3814//3588 3815//3589
f 3854//3628 3815//3589 3855//3629
f 3855//3629 3815//3589 3816//3590
f 3855//3629 3816//3590 3856//3630
f 3856//3630 3816//3590 3817//3591
f 3856//3630 3817//3591 3857//3631
f 3857//3631 3817//3591 3818//3592
f 3857//3631 3818//3592 3858//3632
f 3858//3632 3818//3592 3819//3593
f 3858//3632 3819//3593 3859//3633
f 3859//3633 3819//3593 3820//3594
f 3859//3633 3820//3594 3860//3634
f 3860//3634 3820//3594 3821//3595
f 3860//3634 3821//3595 3861//3635
f 3861//3635 3821//3595 3822//3596
f 3861//3635 3822//3596 3862//3636
f 3862//3636 3822//3596 3823//3597
f 3862//3636 3823//3597 3863//3637
f 3863//3637 3823//3597 3824//3598
f 3863//3637 3824//3598 3864//3638
f 3864//3638 3824//3598 3825//3599
f 3864//3638 3825//3599 3865//3639
f 3865//3639 3825//3599 3826//3600
f 3865//3639 3826//3600 3866//3640
f 3866//3640 3826//3600 3827//3601
f 3866//3640 3827//3601 3867//3641
f 3867//3641 3827//3601 3828//3602
f 3867//3641 3828//3602 3868//3642
f 3868//3642 3828//3602 3829//3603
f 3868//3642 3829//3603 3869//3643
f 3869//3643 3829//3603 3830//3604
f 3869//3643 3830//3604 3870//3644
f 3870//3644 3830//3604 3831//3605
f 3870//3644 3831//3605 3871//3645
f 3871//3645 3831//3605 3832//3606
f 3871//3645 3832//3606 3872//3646
f 3872//3646 3832//3606 3833//3607
f 3872//3646 3833//3607 3873//3647
f 3873//3647 3833//3607 3834//3608
f 3873//3647 3834//3608 3874//3648
f 3874//3648 3834//3608 3835//3609
f 3874//3648 3835//3609 3875//3649
f 3875//3649 3835//3609 3836//3610
f 3875//3649 3836//3610 3876//3650
f 3876//3650 3836//3610 3837//3611
f 3876//3650 3837//3611 3877//3651
f 3877//3651 3837//3611 3838//3612
f 3877//3651 3838//3612 3878//3652
f 3878//3652 3838//3612 3839//3613
f 3878//3652 3839//3613 3879//3653
f 3879//3653 3839//3613 3840//3614
f 3879//3653 3840//3614 3880//3654
f 2248//1999 2252//2003 2636//2239
f 2636//2239 2252//2003 2637//2240
f 2636//2239 2637//2240 3881//3655
f 3881//3655 2637//2240 3772//3546
f 3881//3655 3772//3546 3882//3656
f 3882//3656 3772//3546 3773//3547
f 3882//3656 3773//3547 3883//3657
f 3883//3657 3773//3547 3774//3548
f 3883//3657 3774//3548 3884//3658
f 3884//3658 3774//3548 3775//3549
f 3884//3658 3775//3549 3885//3659
f 3885//3659 3775//3549 3776//3550
f 3885//3659 3776//3550 3886//3660
f 3886//3660 3776//3550 3777//3551
f 3886//3660 3777//3551 3887//3661
f 3887//3661 3777//3551 3778//3552
f 3887//3661 3778//3552 3888//3662
f 3888//3662 3778//3552 3779//3553
f 3888//3662 3779//3553 3889//3663
f 3889//3663 3779//3553 3780//3554
f 3889//3663 3780//3554 3890//3664
f 3890//3664 3780//3554 3781//3555
f 3890//3664 3781//3555 3891//3665
f 3891//3665 3781//3555 3782//3556
f 3891//3665 3782//3556 3892//3666
f 3892//3666 3782//3556 3783//3557
f 3892//3666 3783//3557 3893//3667
f 3893//3667 3783//3557 3784//3558
f 3893//3667 3784//3558 3894//3668
f 3894//3668 3784//3558 3785//3559
f 3894//3668 3785//3559 3895//3669
f 3895//3669 3785//3559 3786//3560
f 3895//3669 3786//3560 3896//3670
f 3896//3670 3786//3560 3787//3561
f 3896//3670 3787//3561 3897//3671
f 3897//3671 3787//3561 3788//3562
f 3897//3671 3788//3562 3898//3672
f 3898//3672 3788//3562 3789//3563
f 3898//3672 3789//3563 3899//3673
f 3899//3673 3789//3563 3790//3564
f 3899//3673 3790//3564 3900//3674
f 3900//3674 3790//3564 3791//3565
f 3900//3674 3791//3565 3901//3675
f 3901//3675 3791//3565 3792//3566
f 3901//3675 3792//3566 3902//3676
f 3902//3676 3792//3566 3793//3567
f 3902//3676 3793//3567 3903//3677
f 3903//3677 3793//3567 3794//3568
f 3903//3677 3794//3568 3904//3678
f 3904//3678 3794//3568 3795//3569
f 3904//3678 3795//3569 3905//3679
f 3905//3679 3795//3569 3796//3570
f 3905//3679 3796//3570 3906//3680
f 3906//3680 3796//3570 3797//3571
f 3906//3680 3797//3571 3907//3681
f 3907//3681 3797//3571 3798//3572
f 3907//3681 3798//3572 3908//3682
f 3908//3682 3798//3572 3799//3573
f 3908//3682 3799//3573 3909//3683
f 3909//3683 3799//3573 3800//3574
f 3909//3683 3800//3574 3910//3684
f 3910//3684 3800//3574 3801//3575
f 3910//3684 3801//3575 3911//3685
f 3911//3685 3801//3575 3802//3576
f 3911//3685 3802//3576 3912//3686
f 3912//3686 3802//3576 3803//3577
f 3912//3686 3803//3577 3913//3687
f 3913//3687 3803//3577 3804//3578
f 3913//3687 3804//3578 3914//3688
f 3914//3688 3804//3578 3805//3579
f 3914//3688 3805//3579 3915//3689
f 3915//3689 3805//3579 3806//3580
f 3915//3689 3806//3580 3916//3690
f 3916//3690 3806//3580 2651//2260
f 3916//3690 2651//2260 2305//2056
f 2305//2056 2651//2260 2404//2155
f 3917//3691 3918//3692 3919//3693
f 3919//3693 3918//3692 3920//3694
f 3919//3693 3920//3694 3921//3695
f 3921//3695 3920//3694 3922//3696
f 3921//3695 3922//3696 3923//3697
f 3923//3697 3922//3696 3924//3698
f 3923//3697 3924//3698 3925//3699
f 3925//3699 3924//3698 3926//3700
f 3925//3699 3926//3700 3927//3701
f 3927//3701 3926//3700 3928//3702
f 3927//3701 3928//3702 3929//3703
f 3929//3703 3928//3702 3930//3704
f 3929//3703 3930//3704 3931//3705
f 3931//3705 3930//3704 3932//3706
f 3931//3705 3932//3706 3933//3707
f 3933//3707 3932//3706 3934//3708
f 3933//3707 3934//3708 3935//3709
f 3935//3709 3934//3708 3936//3710
f 3935//3709 3936//3710 3937//3711
f 3937//3711 3936//3710 3938//3712
f 3937//3711 3938//3712 3939//3713
f 3939//3713 3938//3712 3940//3714
f 3939//3713 3940//3714 3941//3715
f 3941//3715 3940//3714 3942//3716
f 3941//3715 3942//3716 3943//3717
f 3943//3717 3942//3716 3944//3718
f 3943//3717 3944//3718 3945//3719
f 3945//3719 3944//3718 3946//3720
f 3945//3719 3946//3720 3947//3721
f 3947//3721 3946//3720 3948//3722
f 3947//3721 3948//3722 3949//3723
f 3949//3723 3948//3722 3950//3724
f 3949//3723 3950//3724 3951//3725
f 3951//3725 3950//3724 3952//3726
f 3951//3725 3952//3726 3953//3727
f 3953//3727 3952//3726 3954//3728
f 3953//3727 3954//3728 3955//3729
f 3955//3729 3954//3728 3956//3730
f 3955//3729 3956//3730 3957//3731
f 3957//3731 3956//3730 3958//3732
f 3957//3731 3958//3732 3959//3733
f 3959//3733 3958//3732 3960//3734
f 3959//3733 3960//3734 3961//3735
f 3961//3735 3960//3734 3962//3736
f 3961//3735 3962//3736 3963//3737
f 3963//3737 3962//3736 3964//3738
f 3963//3737 3964//3738 3965//3739
f 3965//3739 3964//3738 3966//3740
f 3965//3739 3966//3740 3967//3741
f 3967//3741 3966//3740 3968//3742
f 3967//3741 3968//3742 3969//3743
f 3969//3743 3968//3742 3970//3744
f 3969//3743 3970//3744 3971//3745
f 3971//3745 3970//3744 3972//3746
f 3971//3745 3972//3746 3157//2847
f 3157//2847 3972//3746 3158//2848
f 3157//2847 3158//2848 2160//1911
f 2160//1911 3158//2848 2161//1912
f 2250//2001 2249//2000 3149//2839
f 3149//2839 2249//2000 2636//2239
f 3149//2839 2636//2239 3973//3747
f 3973//3747 2636//2239 3881//3655
f 3973//3747 3881//3655 3974//3748
f 3974//3748 3881//3655 3882//3656
f 3974//3748 3882//3656 3975//3749
f 3975//3749 3882//3656 3883//3657
f 3975//3749 3883//3657 3976//3750
f 3976//3750 3883//3657 3884//3658
f 3976//3750 3884//3658 3977//3751
f 3977//3751 3884//3658 3885//3659
f 3977//3751 3885//3659 3978//3752
f 3978//3752 3885//3659 3886//3660
f 3978//3752 3886//3660 3979//3753
f 3979//3753 3886//3660 3887//3661
f 3979//3753 3887//3661 3980//3754
f 3980//3754 3887//3661 3888//3662
f 3980//3754 3888//3662 3981//3755
f 3981//3755 3888//3662 3889//3663
f 3981//3755 3889//3663 3982//3756
f 3982//3756 3889//3663 3890//3664
f 3982//3756 3890//3664 3983//3757
f 3983//3757 3890//3664 3891//3665
f 3983//3757 3891//3665 3984//3758
f 3984//3758 3891//3665 3892//3666
f 3984//3758 3892//3666 3985//3759
f 3985//3759 3892//3666 3893//3667
f 3985//3759 3893//3667 3986//3760
f 3986//3760 3893//3667 3894//3668
f 3986//3760 3894//3668 3987//3761
f 3987//3761 3894//3668 3895//3669
f 3987//3761 3895//3669 3988//3762
f 3988//3762 3895//3669 3896//3670
f 3988//3762 3896//3670 3989//3763
f 3989//3763 3896//3670 3897//3671
f 3989//3763 3897//3671 3990//3764
f 3990//3764 3897//3671 3898//3672
f 3990//3764 3898//3672 3991//3765
f 3991//3765 3898//3672 3899//3673
f 3991//3765 3899//3673 3992//3766
f 3992//3766 3899//3673 3900//3674
f 3992//3766 3900//3674 3993//3767
f 3993//3767 3900//3674 3901//3675
f 3993//3767 3901//3675 3994//3768
f 3994//3768 3901//3675 3902//3676
f 3994//3768 3902//3676 3995//3769
f 3995//3769 3902//3676 3903//3677
f 3995//3769 3903//3677 3996//3770
f 3996//3770 3903//3677 3904//3678
f 3996//3770 3904//3678 3997//3771
f 3997//3771 3904//3678 3905//3679
f 3997//3771 3905//3679 3998//3772
f 3998//3772 3905//3679 3906//3680
f 3998//3772 3906//3680 3999//3773
f 3999//3773 3906//3680 3907//3681
f 3999//3773 3907//3681 4000//3774
f 4000//3774 3907//3681 3908//3682
f 4000//3774 3908//3682 4001//3775
f 4001//3775 3908//3682 3909//3683
f 4001//3775 3909//3683 4002//3776
f 4002//3776 3909//3683 3910//3684
f 4002//3776 3910//3684 4003//3777
f 4003//3777 3910//3684 3911//3685
f 4003//3777 3911//3685 4004//3778
f 4004//3778 3911//3685 3912//3686
f 4004//3778 3912//3686 4005//3779
f 4005//3779 3912//3686 3913//3687
f 4005//3779 3913//3687 4006//3780
f 4006//3780 3913//3687 3914//3688
f 4006//3780 3914//3688 4007//3781
f 4007//3781 3914//3688 3915//3689
f 4007//3781 3915//3689 3106//2728
f 3106//2728 3915//3689 3916//3690
f 3106//2728 3916//3690 2303//2054
f 2303//2054 3916//3690 2305//2056
f 2820//2436 4008//3782 2824//2440
f 2824//2440 4008//3782 4009//3783
f 2824//2440 4009//3783 2822//2438
f 2822//2438 4009//3783 4010//3784
f 2822//2438 4010//3784 2829//2445
f 2829//2445 4010//3784 4011//3785
f 2829//2445 4011//3785 2833//2449
f 2833//2449 4011//3785 4012//3786
f 2833//2449 4012//3786 2835//2451
f 2835//2451 4012//3786 4013//3787
f 2835//2451 4013//3787 2837//2453
f 2837//2453 4013//3787 4014//3788
f 2837//2453 4014//3788 2840//2456
f 2840//2456 4014//3788 4015//3789
f 2840//2456 4015//3789 2845//2461
f 2845//2461 4015//3789 4016//3790
f 2845//2461 4016//3790 2849//2465
f 2849//2465 4016//3790 4017//3791
f 2849//2465 4017//3791 2851//2467
f 2851//2467 4017//3791 4018//3792
f 2851//2467 4018//3792 2854//2470
f 2854//2470 4018//3792 4019//3793
f 2854//2470 4019//3793 2856//2472
f 2856//2472 4019//3793 4020//3794
f 2856//2472 4020//3794 2861//2477
f 2861//2477 4020//3794 4021//3795
f 2861//2477 4021//3795 2865//2481
f 2865//2481 4021//3795 4022//3796
f 2865//2481 4022//3796 2867//2483
f 2867//2483 4022//3796 4023//3797
f 2867//2483 4023//3797 2870//2486
f 2870//2486 4023//3797 4024//3798
f 2870//2486 4024//3798 2872//2488
f 2872//2488 4024//3798 4025//3799
f 2872//2488 4025//3799 2877//2493
f 2877//2493 4025//3799 4026//3800
f 2877//2493 4026//3800 2882//2498
f 2882//2498 4026//3800 4027//3801
f 2882//2498 4027//3801 2880//2496
f 2880//2496 4027//3801 4028//3802
f 2880//2496 4028//3802 2887//2503
f 2887//2503 4028//3802 4029//3803
f 2887//2503 4029//3803 2885//2501
f 2885//2501 4029//3803 4030//3804
f 2885//2501 4030//3804 2890//2506
f 2890//2506 4030//3804 4031//3805
f 2890//2506 4031//3805 2893//2509
f 2893//2509 4031//3805 4032//3806
f 2893//2509 4032//3806 2902//2518
f 2902//2518 4032//3806 4033//3807
f 2902//2518 4033//3807 2900//2516
f 2900//2516 4033//3807 4034//3808
f 2900//2516 4034//3808 2906//2522
f 2906//2522 4034//3808 4035//3809
f 2906//2522 4035//3809 2909//2525
f 2909//2525 4035//3809 4036//3810
f 2909//2525 4036//3810 2912//2528
f 2912//2528 4036//3810 4037//3811
f 2912//2528 4037//3811 2915//2531
f 2915//2531 4037//3811 4038//3812
f 2915//2531 4038//3812 2918//2534
f 2918//2534 4038//3812 4039//3813
f 2918//2534 4039//3813 2920//2536
f 2920//2536 4039//3813 3152//2842
f 2920//2536 3152//2842 2926//2542
f 2926//2542 3152//2842 3151//2841
f 2926//2542 3151//2841 2928//2544
f 2928//2544 3151//2841 3150//2840
f 2928//2544 3150//2840 2934//2550
f 2934//2550 3150//2840 3149//2839
f 2934//2550 3149//2839 2932//2548
f 2932//2548 3149//2839 3973//3747
f 2932//2548 3973//3747 2937//2553
f 2937//2553 3973//3747 3974//3748
f 2937//2553 3974//3748 2663//2273
f 2663//2273 3974//3748 3975//3749
f 2663//2273 3975//3749 2942//2558
f 2942//2558 3975//3749 3976//3750
f 2942//2558 3976//3750 2945//2561
f 2945//2561 3976//3750 3977//3751
f 2945//2561 3977//3751 2948//2564
f 2948//2564 3977//3751 3978//3752
f 2948//2564 3978//3752 2950//2566
f 2950//2566 3978//3752 3979//3753
f 2950//2566 3979//3753 2951//2567
f 2951//2567 3979//3753 3980//3754
f 2951//2567 3980//3754 2959//2575
f 2959//2575 3980//3754 3981//3755
f 2959//2575 3981//3755 2956//2572
f 2956//2572 3981//3755 3982//3756
f 2956//2572 3982//3756 2964//2580
f 2964//2580 3982//3756 3983//3757
f 2964//2580 3983//3757 2967//2583
f 2967//2583 3983//3757 3984//3758
f 2967//2583 3984//3758 2970//2586
f 2970//2586 3984//3758 3985//3759
f 2970//2586 3985//3759 2974//2590
f 2974//2590 3985//3759 3986//3760
f 2974//2590 3986//3760 2978//2594
f 2978//2594 3986//3760 3987//3761
f 2978//2594 3987//3761 2980//2596
f 2980//2596 3987//3761 3988//3762
f 2980//2596 3988//3762 2983//2599
f 2983//2599 3988//3762 3989//3763
f 2983//2599 3989//3763 2989//2605
f 2989//2605 3989//3763 3990//3764
f 2989//2605 3990//3764 2987//2603
f 2987//2603 3990//3764 3991//3765
f 2987//2603 3991//3765 2660//2270
f 2660//2270 3991//3765 3992//3766
f 2660//2270 3992//3766 2994//2610
f 2994//2610 3992//3766 3993//3767
f 2994//2610 3993//3767 2996//2612
f 2996//2612 3993//3767 3994//3768
f 2996//2612 3994//3768 3002//2618
f 3002//2618 3994//3768 3995//3769
f 3002//2618 3995//3769 3000//2616
f 3000//2616 3995//3769 3996//3770
f 3000//2616 3996//3770 2657//2267
f 2657//2267 3996//3770 3997//3771
f 2657//2267 3997//3771 3007//2623
f 3007//2623 3997//3771 3998//3772
f 3007//2623 3998//3772 3009//2625
f 3009//2625 3998//3772 3999//3773
f 3009//2625 3999//3773 3015//2631
f 3015//2631 3999//3773 4000//3774
f 3015//2631 4000//3774 3013//2629
f 3013//2629 4000//3774 4001//3775
f 3013//2629 4001//3775 3019//2635
f 3019//2635 4001//3775 4002//3776
f 3019//2635 4002//3776 3023//2639
f 3023//2639 4002//3776 4003//3777
f 3023//2639 4003//3777 3021//2637
f 3021//2637 4003//3777 4004//3778
f 3021//2637 4004//3778 3026//2642
f 3026//2642 4004//3778 4005//3779
f 3026//2642 4005//3779 3031//2647
f 3031//2647 4005//3779 4006//3780
f 3031//2647 4006//3780 3035//2651
f 3035//2651 4006//3780 4007//3781
f 3035//2651 4007//3781 3039//2655
f 3039//2655 4007//3781 3106//2728
f 3039//2655 3106//2728 3037//2653
f 3037//2653 3106//2728 3105//2727
f 3037//2653 3105//2727 3042//2658
f 3042//2658 3105//2727 3104//2726
f 3042//2658 3104//2726 3047//2663
f 3047//2663 3104//2726 3841//3615
f 3047//2663 3841//3615 3051//2667
f 3051//2667 3841//3615 3842//3616
f 3051//2667 3842//3616 3057//2673
f 3057//2673 3842//3616 3843//3617
f 3057//2673 3843//3617 3055//2671
f 3055//2671 3843//3617 3844//3618
f 3055//2671 3844//3618 3061//2677
f 3061//2677 3844//3618 3845//3619
f 3061//2677 3845//3619 3063//2679
f 3063//2679 3845//3619 3846//3620
f 3063//2679 3846//3620 3066//2682
f 3066//2682 3846//3620 3847//3621
f 3066//2682 3847//3621 3070//2686
f 3070//2686 3847//3621 3848//3622
f 3070//2686 3848//3622 3074//2690
f 3074//2690 3848//3622 3849//3623
f 3074//2690 3849//3623 3076//2692
f 3076//2692 3849//3623 3850//3624
f 3076//2692 3850//3624 3078//2694
f 3078//2694 3850//3624 3851//3625
f 3078//2694 3851//3625 3083//2699
f 3083//2699 3851//3625 3852//3626
f 3083//2699 3852//3626 2691//2307
f 2691//2307 3852//3626 3853//3627
f 2691//2307 3853//3627 2690//2306
f 2690//2306 3853//3627 3854//3628
f 2690//2306 3854//3628 2692//2308
f 2692//2308 3854//3628 3855//3629
f 2692//2308 3855//3629 2697//2313
f 2697//2313 3855//3629 3856//3630
f 2697//2313 3856//3630 2700//2316
f 2700//2316 3856//3630 3857//3631
f 2700//2316 3857//3631 2702//2318
f 2702//2318 3857//3631 3858//3632
f 2702//2318 3858//3632 2705//2321
f 2705//2321 3858//3632 3859//3633
f 2705//2321 3859//3633 2665//2275
f 2665//2275 3859//3633 3860//3634
f 2665//2275 3860//3634 2666//2276
f 2666//2276 3860//3634 3861//3635
f 2666//2276 3861//3635 2711//2327
f 2711//2327 3861//3635 3862//3636
f 2711//2327 3862//3636 2718//2334
f 2718//2334 3862//3636 3863//3637
f 2718//2334 3863//3637 2720//2336
f 2720//2336 3863//3637 3864//3638
f 2720//2336 3864//3638 2723//2339
f 2723//2339 3864//3638 3865//3639
f 2723//2339 3865//3639 2727//2343
f 2727//2343 3865//3639 3866//3640
f 2727//2343 3866//3640 2725//2341
f 2725//2341 3866//3640 3867//3641
f 2725//2341 3867//3641 2734//2350
f 2734//2350 3867//3641 3868//3642
f 2734//2350 3868//3642 2736//2352
f 2736//2352 3868//3642 3869//3643
f 2736//2352 3869//3643 2739//2355
f 2739//2355 3869//3643 3870//3644
f 2739//2355 3870//3644 2741//2357
f 2741//2357 3870//3644 3871//3645
f 2741//2357 3871//3645 2744//2360
f 2744//2360 3871//3645 3872//3646
f 2744//2360 3872//3646 2747//2363
f 2747//2363 3872//3646 3873//3647
f 2747//2363 3873//3647 2750//2366
f 2750//2366 3873//3647 3874//3648
f 2750//2366 3874//3648 2755//2371
f 2755//2371 3874//3648 3875//3649
f 2755//2371 3875//3649 2759//2375
f 2759//2375 3875//3649 3876//3650
f 2759//2375 3876//3650 2762//2378
f 2762//2378 3876//3650 3877//3651
f 2762//2378 3877//3651 2765//2381
f 2765//2381 3877//3651 3878//3652
f 2765//2381 3878//3652 2768//2384
f 2768//2384 3878//3652 3879//3653
f 2768//2384 3879//3653 2771//2387
f 2771//2387 3879//3653 3880//3654
f 2771//2387 3880//3654 2775//2391
f 4008//3782 3917//3691 4009//3783
f 4009//3783 3917//3691 3919//3693
f 4009//3783 3919//3693 4010//3784
f 4010//3784 3919//3693 3921//3695
f 4010//3784 3921//3695 4011//3785
f 4011//3785 3921//3695 3923//3697
f 4011//3785 3923//3697 4012//3786
f 4012//3786 3923//3697 3925//3699
f 4012//3786 3925//3699 4013//3787
f 4013//3787 3925//3699 3927//3701
f 4013//3787 3927//3701 4014//3788
f 4014//3788 3927//3701 3929//3703
f 4014//3788 3929//3703 4015//3789
f 4015//3789 3929//3703 3931//3705
f 4015//3789 3931//3705 4016//3790
f 4016//3790 3931//3705 3933//3707
f 4016//3790 3933//3707 4017//3791
f 4017//3791 3933//3707 3935//3709
f 4017//3791 3935//3709 4018//3792
f 4018//3792 3935//3709 3937//3711
f 4018//3792 3937//3711 4019//3793
f 4019//3793 3937//3711 3939//3713
f 4019//3793 3939//3713 4020//3794
f 4020//3794 3939//3713 3941//3715
f 4020//3794 3941//3715 4021//3795
f 4021//3795 3941//3715 3943//3717
f 4021//3795 3943//3717 4022//3796
f 4022//3796 3943//3717 3945//3719
f 4022//3796 3945//3719 4023//3797
f 4023//3797 3945//3719 3947//3721
f 4023//3797 3947//3721 4024//3798
f 4024//3798 3947//3721 3949//3723
f 4024//3798 3949//3723 4025//3799
f 4025//3799 3949//3723 3951//3725
f 4025//3799 3951//3725 4026//3800
f 4026//3800 3951//3725 3953//3727
f 4026//3800 3953//3727 4027//3801
f 4027//3801 3953//3727 3955//3729
f 4027//3801 3955//3729 4028//3802
f 4028//3802 3955//3729 3957//3731
f 4028//3802 3957//3731 4029//3803
f 4029//3803 3957//3731 3959//3733
f 4029//3803 3959//3733 4030//3804
f 4030//3804 3959//3733 3961//3735
f 4030//3804 3961//3735 4031//3805
f 4031//3805 3961//3735 3963//3737
f 4031//3805 3963//3737 4032//3806
f 4032//3806 3963//3737 3965//3739
f 4032//3806 3965//3739 4033//3807
f 4033//3807 3965//3739 3967//3741
f 4033//3807 3967//3741 4034//3808
f 4034//3808 3967//3741 3969//3743
f 4034//3808 3969//3743 4035//3809
f 4035//3809 3969//3743 3971//3745
f 4035//3809 3971//3745 4036//3810
f 4036//3810 3971//3745 3157//2847
f 4036//3810 3157//2847 4037//3811
f 4037//3811 3157//2847 3156//2846
f 4037//3811 3156//2846 4038//3812
f 4038//3812 3156//2846 3155//2845
f 4038//3812 3155//2845 4039//3813
f 4039//3813 3155//2845 3154//2844
f 4039//3813 3154//2844 3152//2842
f 3152//2842 3154//2844 7722//2843
f 3152//2842 7722//2843 7721//1990
s 0
f 2239//3814 3153//3814 2243//3814
s 1
f 3918//3692 3716//3490 3920//3694
f 3920//3694 3716//3490 3718//3492
f 3920//3694 3718//3492 3922//3696
f 3922//3696 3718//3492 3720//3494
f 3922//3696 3720//3494 3924//3698
f 3924//3698 3720//3494 3722//3496
f 3924//3698 3722//3496 3926//3700
f 3926//3700 3722//3496 3724//3498
f 3926//3700 3724//3498 3928//3702
f 3928//3702 3724//3498 3726//3500
f 3928//3702 3726//3500 3930//3704
f 3930//3704 3726//3500 3728//3502
f 3930//3704 3728//3502 3932//3706
f 3932//3706 3728//3502 3730//3504
f 3932//3706 3730//3504 3934//3708
f 3934//3708 3730//3504 3732//3506
f 3934//3708 3732//3506 3936//3710
f 3936//3710 3732//3506 3734//3508
f 3936//3710 3734//3508 3938//3712
f 3938//3712 3734//3508 3736//3510
f 3938//3712 3736//3510 3940//3714
f 3940//3714 3736//3510 3738//3512
f 3940//3714 3738//3512 3942//3716
f 3942//3716 3738//3512 3740//3514
f 3942//3716 3740//3514 3944//3718
f 3944//3718 3740//3514 3742//3516
f 3944//3718 3742//3516 3946//3720
f 3946//3720 3742//3516 3744//3518
f 3946//3720 3744//3518 3948//3722
f 3948//3722 3744//3518 3746//3520
f 3948//3722 3746//3520 3950//3724
f 3950//3724 3746//3520 3748//3522
f 3950//3724 3748//3522 3952//3726
f 3952//3726 3748//3522 3750//3524
f 3952//3726 3750//3524 3954//3728
f 3954//3728 3750//3524 3752//3526
f 3954//3728 3752//3526 3956//3730
f 3956//3730 3752//3526 3754//3528
f 3956//3730 3754//3528 3958//3732
f 3958//3732 3754//3528 3756//3530
f 3958//3732 3756//3530 3960//3734
f 3960//3734 3756//3530 3758//3532
f 3960//3734 3758//3532 3962//3736
f 3962//3736 3758//3532 3760//3534
f 3962//3736 3760//3534 3964//3738
f 3964//3738 3760//3534 3762//3536
f 3964//3738 3762//3536 3966//3740
f 3966//3740 3762//3536 3764//3538
f 3966//3740 3764//3538 3968//3742
f 3968//3742 3764//3538 3766//3540
f 3968//3742 3766//3540 3970//3744
f 3970//3744 3766//3540 3768//3542
f 3970//3744 3768//3542 3972//3746
f 3972//3746 3768//3542 3770//3544
f 3972//3746 3770//3544 3158//2848
f 3158//2848 3770//3544 2635//2238
f 3158//2848 2635//2238 2229//1980
f 2229//1980 2635//2238 2230//1981
f 2370//2121 2369//2120 3111//2733
f 3111//2733 2369//2120 2646//2255
f 3111//2733 2646//2255 3112//2737
f 3112//2737 2646//2255 4040//3815
f 3112//2737 4040//3815 3113//2739
f 3113//2739 4040//3815 4041//3816
f 3113//2739 4041//3816 3114//2741
f 3114//2741 4041//3816 4042//3817
f 3114//2741 4042//3817 3116//2746
f 3116//2746 4042//3817 4043//3818
f 3116//2746 4043//3818 3115//2744
f 3115//2744 4043//3818 4044//3819
f 3115//2744 4044//3819 3117//2751
f 3117//2751 4044//3819 4045//3820
f 3117//2751 4045//3820 2645//2254
f 2645//2254 4045//3820 4046//3821
f 2645//2254 4046//3821 3118//2756
f 3118//2756 4046//3821 4047//3822
f 3118//2756 4047//3822 3119//2758
f 3119//2758 4047//3822 4048//3823
f 3119//2758 4048//3823 3120//2761
f 3120//2761 4048//3823 4049//3824
f 3120//2761 4049//3824 3121//2764
f 3251//3019 4050//3825 3262//3030
f 3262//3030 4050//3825 4051//3826
f 3262//3030 4051//3826 4052//3827
f 4053//3828 4054//3829 4055//3830
f 4055//3830 4054//3829 4056//3831
f 4051//3826 4057//3832 4052//3827
f 4052//3827 4057//3832 4058//3833
f 4052//3827 4058//3833 4053//3828
f 4053//3828 4058//3833 4059//3834
f 4053//3828 4059//3834 4054//3829
f 4060//3835 4056//3831 4061//3836
f 4061//3836 4056//3831 4054//3829
f 4061//3836 4054//3829 4062//3837
f 4062//3837 4054//3829 4059//3834
f 4062//3837 4059//3834 4063//3838
f 4063//3838 4059//3834 4058//3833
f 4063//3838 4058//3833 4064//3839
f 4064//3839 4058//3833 4057//3832
f 4064//3839 4057//3832 4065//3840
f 4065//3840 4057//3832 4051//3826
f 4065//3840 4051//3826 4066//3841
f 4066//3841 4051//3826 4050//3825
f 4066//3841 4050//3825 4067//3842
f 4067//3842 4050//3825 3251//3019
f 4067//3842 3251//3019 4068//3843
f 4068//3843 3251//3019 3253//3021
f 2337//2088 2344//2095 2654//2263
f 2654//2263 2344//2095 3095//2717
f 2654//2263 3095//2717 2595//2188
f 2594//2187 4060//3835 4069//3844
f 4069//3844 4060//3835 4061//3836
f 4069//3844 4061//3836 4070//3845
f 4070//3845 4061//3836 4062//3837
f 4070//3845 4062//3837 4071//3846
f 4071//3846 4062//3837 4063//3838
f 4071//3846 4063//3838 4072//3847
f 4072//3847 4063//3838 4064//3839
f 4072//3847 4064//3839 4073//3848
f 4073//3848 4064//3839 4065//3840
f 4073//3848 4065//3840 4074//3849
f 4074//3849 4065//3840 4066//3841
f 4074//3849 4066//3841 4075//3850
f 4075//3850 4066//3841 4067//3842
f 4075//3850 4067//3842 4076//3851
f 4076//3851 4067//3842 4068//3843
f 4076//3851 4068//3843 4077//3852
f 4077//3852 4068//3843 3253//3021
f 4077//3852 3253//3021 4078//3853
f 4078//3853 3253//3021 3255//3023
f 4078//3853 3255//3023 4079//3854
f 4079//3854 3255//3023 3254//3022
f 4079//3854 3254//3022 4080//3855
f 4080//3855 3254//3022 3259//3027
f 4080//3855 3259//3027 4081//3856
f 4081//3856 3259//3027 3258//3026
f 4081//3856 3258//3026 4082//3857
f 4082//3857 3258//3026 3257//3025
f 4082//3857 3257//3025 4083//3858
f 4083//3858 3257//3025 3256//3024
f 4083//3858 3256//3024 4084//3859
f 4084//3859 3256//3024 3279//3047
f 2173//1924 2182//1933 2642//2245
f 2642//2245 2182//1933 3144//2832
f 2642//2245 3144//2832 4085//3860
f 4085//3860 3144//2832 3143//2830
f 4085//3860 3143//2830 4086//3861
f 4086//3861 3143//2830 3142//2827
f 4086//3861 3142//2827 4087//3862
f 4087//3862 3142//2827 3141//2825
f 4087//3862 3141//2825 4088//3863
f 4088//3863 3141//2825 3139//2819
f 4088//3863 3139//2819 4089//3864
f 4089//3864 3139//2819 3140//2821
f 4089//3864 3140//2821 4090//3865
f 4090//3865 3140//2821 3138//2812
f 4090//3865 3138//2812 4091//3866
f 4091//3866 3138//2812 3137//2809
f 4091//3866 3137//2809 4092//3867
f 4092//3867 3137//2809 3136//2806
f 4092//3867 3136//2806 4093//3868
f 4093//3868 3136//2806 3134//2799
f 4093//3868 3134//2799 4094//3869
f 4094//3869 3134//2799 3135//2801
f 4094//3869 3135//2801 3133//2796
f 3133//2796 3135//2801 2525//2803
f 3133//2796 2525//2803 2502//2797
f 2174//1925 2171//1922 3145//2835
f 3145//2835 2171//1922 2642//2245
f 3145//2835 2642//2245 4095//3870
f 4095//3870 2642//2245 4085//3860
f 4095//3870 4085//3860 4096//3871
f 4096//3871 4085//3860 4086//3861
f 4096//3871 4086//3861 4097//3872
f 4097//3872 4086//3861 4087//3862
f 4097//3872 4087//3862 4098//3873
f 4098//3873 4087//3862 4088//3863
f 4098//3873 4088//3863 4099//3874
f 4099//3874 4088//3863 4089//3864
f 4099//3874 4089//3864 4100//3875
f 4100//3875 4089//3864 4090//3865
f 4100//3875 4090//3865 4101//3876
f 4101//3876 4090//3865 4091//3866
f 4101//3876 4091//3866 4102//3877
f 4102//3877 4091//3866 4092//3867
f 4102//3877 4092//3867 4103//3878
f 4103//3878 4092//3867 4093//3868
f 4103//3878 4093//3868 4104//3879
f 4104//3879 4093//3868 4094//3869
f 4104//3879 4094//3869 4105//3880
f 4105//3880 4094//3869 3133//2796
f 4105//3880 3133//2796 4106//3881
f 4106//3881 3133//2796 3132//2794
f 4106//3881 3132//2794 4107//3882
f 4107//3882 3132//2794 3131//2792
f 4107//3882 3131//2792 4108//3883
f 4108//3883 3131//2792 3130//2789
f 4108//3883 3130//2789 4109//3884
f 4109//3884 3130//2789 3129//2786
f 4109//3884 3129//2786 4110//3885
f 4110//3885 3129//2786 3128//2784
f 4110//3885 3128//2784 4111//3886
f 4111//3886 3128//2784 2643//2248
f 4111//3886 2643//2248 4112//3887
f 4112//3887 2643//2248 3127//2780
f 4112//3887 3127//2780 4113//3888
f 4113//3888 3127//2780 3126//2778
f 4113//3888 3126//2778 4114//3889
f 4114//3889 3126//2778 3125//2775
f 4114//3889 3125//2775 4115//3890
f 4115//3890 3125//2775 3124//2773
f 4115//3890 3124//2773 4116//3891
f 4116//3891 3124//2773 2644//2251
f 4116//3891 2644//2251 4117//3892
f 4117//3892 2644//2251 3123//2768
f 4117//3892 3123//2768 4118//3893
f 4118//3893 3123//2768 3122//2766
f 4118//3893 3122//2766 4119//3894
f 4119//3894 3122//2766 3121//2764
f 4119//3894 3121//2764 4120//3895
f 4120//3895 3121//2764 4049//3824
f 4120//3895 4049//3824 4121//3896
f 4121//3896 4049//3824 4048//3823
f 4121//3896 4048//3823 4122//3897
f 4122//3897 4048//3823 4047//3822
f 4122//3897 4047//3822 4123//3898
f 4123//3898 4047//3822 4046//3821
f 4123//3898 4046//3821 4124//3899
f 4124//3899 4046//3821 4045//3820
f 4124//3899 4045//3820 4125//3900
f 4125//3900 4045//3820 4044//3819
f 4125//3900 4044//3819 4126//3901
f 4126//3901 4044//3819 4043//3818
f 4126//3901 4043//3818 4127//3902
f 4127//3902 4043//3818 4042//3817
f 4127//3902 4042//3817 4128//3903
f 4128//3903 4042//3817 4041//3816
f 4128//3903 4041//3816 4129//3904
f 4129//3904 4041//3816 4040//3815
f 4129//3904 4040//3815 2647//2256
f 2647//2256 4040//3815 2646//2255
f 2647//2256 2646//2255 2376//2127
f 2376//2127 2646//2255 2368//2119
f 2194//1945 2193//1944 4130//3905
f 4130//3905 2193//1944 3163//2853
f 4130//3905 3163//2853 4131//3906
f 2595//2188 3095//2717 2596//2189
f 2596//2189 3095//2717 3094//2716
f 2596//2189 3094//2716 4132//3907
f 4132//3907 3094//2716 3093//2715
f 4132//3907 3093//2715 4133//3908
f 4133//3908 3093//2715 3091//2713
f 4133//3908 3091//2713 4134//3909
f 4134//3909 3091//2713 3092//2714
f 4134//3909 3092//2714 4135//3910
f 4135//3910 3092//2714 4136//3911
f 4135//3910 4136//3911 4137//3912
f 4137//3912 4136//3911 4138//3913
f 4137//3912 4138//3913 4139//3914
f 4139//3914 4138//3913 4140//3915
f 4139//3914 4140//3915 4141//3916
f 4141//3916 4140//3915 4142//3917
f 4141//3916 4142//3917 4143//3918
f 4143//3918 4142//3917 4144//3919
f 4143//3918 4144//3919 4145//3920
f 4145//3920 4144//3919 4146//3921
f 4145//3920 4146//3921 4147//3922
f 4147//3922 4146//3921 4148//3923
f 4147//3922 4148//3923 4149//3924
f 4149//3924 4148//3923 4150//3925
f 4149//3924 4150//3925 4151//3926
f 4151//3926 4150//3925 4152//3927
f 4151//3926 4152//3927 4153//3928
f 4153//3928 4152//3927 4154//3929
f 4153//3928 4154//3929 4155//3930
f 4155//3930 4154//3929 4156//3931
f 4155//3930 4156//3931 4157//3932
f 4157//3932 4156//3931 4158//3933
f 4157//3932 4158//3933 4159//3934
f 4159//3934 4158//3933 4160//3935
f 4159//3934 4160//3935 4161//3936
f 4161//3936 4160//3935 4162//3937
f 4161//3936 4162//3937 4163//3938
f 4163//3938 4162//3937 4164//3939
f 4163//3938 4164//3939 4165//3940
f 4165//3940 4164//3939 4166//3941
f 4165//3940 4166//3941 4167//3942
f 4167//3942 4166//3941 4168//3943
f 4167//3942 4168//3943 4169//3944
f 4169//3944 4168//3943 4170//3945
f 4169//3944 4170//3945 4171//3946
f 4171//3946 4170//3945 4172//3947
f 4171//3946 4172//3947 4173//3948
f 4173//3948 4172//3947 4174//3949
f 4173//3948 4174//3949 4175//3950
f 4175//3950 4174//3949 4176//3951
f 4175//3950 4176//3951 4177//3952
f 4177//3952 4176//3951 4178//3953
f 4177//3952 4178//3953 4179//3954
f 4179//3954 4178//3953 4180//3955
f 4179//3954 4180//3955 4181//3956
f 4181//3956 4180//3955 4182//3957
f 4181//3956 4182//3957 4183//3958
f 4183//3958 4182//3957 4184//3959
f 4183//3958 4184//3959 4185//3960
f 4185//3960 4184//3959 4186//3961
f 4185//3960 4186//3961 4187//3962
f 4187//3962 4186//3961 4188//3963
f 4187//3962 4188//3963 4189//3964
f 4189//3964 4188//3963 4190//3965
f 4189//3964 4190//3965 4191//3966
f 4191//3966 4190//3965 4192//3967
f 4191//3966 4192//3967 4193//3968
f 4193//3968 4192//3967 4194//3969
f 4193//3968 4194//3969 4195//3970
f 4195//3970 4194//3969 4196//3971
f 4195//3970 4196//3971 4197//3972
f 4197//3972 4196//3971 4198//3973
f 4197//3972 4198//3973 4199//3974
f 4199//3974 4198//3973 4200//3975
f 4199//3974 4200//3975 4201//3976
f 4201//3976 4200//3975 4202//3977
f 4201//3976 4202//3977 4203//3978
f 4203//3978 4202//3977 4204//3979
f 4203//3978 4204//3979 4205//3980
f 4205//3980 4204//3979 4206//3981
f 4205//3980 4206//3981 4207//3982
f 4207//3982 4206//3981 4208//3983
f 4207//3982 4208//3983 4131//3906
f 4131//3906 4208//3983 3165//2855
f 4131//3906 3165//2855 4130//3905
f 4130//3905 3165//2855 2196//1947
f 4130//3905 2196//1947 2194//1945
s 0
f 2353//3984 2364//3984 3090//3984
s 1
f 3090//2712 2364//2115 3089//2710
f 3090//2712 3089//2710 3092//2714
f 3092//2714 3089//2710 3088//2707
f 3092//2714 3088//2707 4136//3911
f 4136//3911 3088//2707 3087//2705
f 4136//3911 3087//2705 4138//3913
f 4138//3913 3087//2705 3086//2703
f 4138//3913 3086//2703 4140//3915
f 4140//3915 3086//2703 3197//2963
f 4140//3915 3197//2963 4142//3917
f 4142//3917 3197//2963 3196//2959
f 4142//3917 3196//2959 4144//3919
f 4144//3919 3196//2959 3195//2956
f 4144//3919 3195//2956 4146//3921
f 4146//3921 3195//2956 2628//2223
f 4146//3921 2628//2223 4148//3923
f 4148//3923 2628//2223 3194//2951
f 4148//3923 3194//2951 4150//3925
f 4150//3925 3194//2951 3193//2949
f 4150//3925 3193//2949 4152//3927
f 4152//3927 3193//2949 2629//2226
f 4152//3927 2629//2226 4154//3929
f 4154//3929 2629//2226 3192//2944
f 4154//3929 3192//2944 4156//3931
f 4156//3931 3192//2944 3191//2941
f 4156//3931 3191//2941 4158//3933
f 4158//3933 3191//2941 3190//2939
f 4158//3933 3190//2939 4160//3935
f 4160//3935 3190//2939 3189//2936
f 4160//3935 3189//2936 4162//3937
f 4162//3937 3189//2936 3188//2933
f 4162//3937 3188//2933 4164//3939
f 4164//3939 3188//2933 3186//2925
f 4164//3939 3186//2925 4166//3941
f 4166//3941 3186//2925 3187//2928
f 4166//3941 3187//2928 4168//3943
f 4168//3943 3187//2928 3185//2923
f 4168//3943 3185//2923 4170//3945
f 4170//3945 3185//2923 3184//2920
f 4170//3945 3184//2920 4172//3947
f 4172//3947 3184//2920 3183//2917
f 4172//3947 3183//2917 4174//3949
f 4174//3949 3183//2917 3182//2914
f 4174//3949 3182//2914 4176//3951
f 4176//3951 3182//2914 3181//2911
f 4176//3951 3181//2911 4178//3953
f 4178//3953 3181//2911 3180//2908
f 4178//3953 3180//2908 4180//3955
f 4180//3955 3180//2908 3179//2905
f 4180//3955 3179//2905 4182//3957
f 4182//3957 3179//2905 3178//2902
f 4182//3957 3178//2902 4184//3959
f 4184//3959 3178//2902 3177//2899
f 4184//3959 3177//2899 4186//3961
f 4186//3961 3177//2899 2630//2229
f 4186//3961 2630//2229 4188//3963
f 4188//3963 2630//2229 3176//2895
f 4188//3963 3176//2895 4190//3965
f 4190//3965 3176//2895 3175//2892
f 4190//3965 3175//2892 4192//3967
f 4192//3967 3175//2892 3174//2889
f 4192//3967 3174//2889 4194//3969
f 4194//3969 3174//2889 2631//2232
f 4194//3969 2631//2232 4196//3971
f 4196//3971 2631//2232 3173//2885
f 4196//3971 3173//2885 4198//3973
f 4198//3973 3173//2885 3172//2880
f 4198//3973 3172//2880 4200//3975
f 4200//3975 3172//2880 3171//2878
f 4200//3975 3171//2878 4202//3977
f 4202//3977 3171//2878 3170//2873
f 4202//3977 3170//2873 4204//3979
f 4204//3979 3170//2873 3169//2871
f 4204//3979 3169//2871 4206//3981
f 4206//3981 3169//2871 3168//2866
f 4206//3981 3168//2866 4208//3983
f 4208//3983 3168//2866 3167//2861
f 4208//3983 3167//2861 3165//2855
f 3165//2855 3167//2861 3166//2857
f 3165//2855 3166//2857 3164//2854
f 3164//2854 3166//2857 2632//2235
f 3164//2854 2632//2235 2163//1914
f 2163//1914 2632//2235 2164//1915
f 2168//1919 2170//1921 3146//2836
f 3146//2836 2170//1921 3145//2835
f 3146//2836 3145//2835 4209//3985
f 4209//3985 3145//2835 4095//3870
f 4209//3985 4095//3870 4210//3986
f 4210//3986 4095//3870 4096//3871
f 4210//3986 4096//3871 4211//3987
f 4211//3987 4096//3871 4097//3872
f 4211//3987 4097//3872 4212//3988
f 4212//3988 4097//3872 4098//3873
f 4212//3988 4098//3873 4213//3989
f 4213//3989 4098//3873 4099//3874
f 4213//3989 4099//3874 4214//3990
f 4214//3990 4099//3874 4100//3875
f 4214//3990 4100//3875 4215//3991
f 4215//3991 4100//3875 4101//3876
f 4215//3991 4101//3876 4216//3992
f 4216//3992 4101//3876 4102//3877
f 4216//3992 4102//3877 4217//3993
f 4217//3993 4102//3877 4103//3878
f 4217//3993 4103//3878 4218//3994
f 4218//3994 4103//3878 4104//3879
f 4218//3994 4104//3879 4219//3995
f 4219//3995 4104//3879 4105//3880
f 4219//3995 4105//3880 4220//3996
f 4220//3996 4105//3880 4106//3881
f 4220//3996 4106//3881 4221//3997
f 4221//3997 4106//3881 4107//3882
f 4221//3997 4107//3882 4222//3998
f 4222//3998 4107//3882 4108//3883
f 4222//3998 4108//3883 4223//3999
f 4223//3999 4108//3883 4109//3884
f 4223//3999 4109//3884 4224//4000
f 4224//4000 4109//3884 4110//3885
f 4224//4000 4110//3885 4225//4001
f 4225//4001 4110//3885 4111//3886
f 4225//4001 4111//3886 4226//4002
f 4226//4002 4111//3886 4112//3887
f 4226//4002 4112//3887 4227//4003
f 4227//4003 4112//3887 4113//3888
f 4227//4003 4113//3888 4228//4004
f 4228//4004 4113//3888 4114//3889
f 4228//4004 4114//3889 4229//4005
f 4229//4005 4114//3889 4115//3890
f 4229//4005 4115//3890 4230//4006
f 4230//4006 4115//3890 4116//3891
f 4230//4006 4116//3891 4231//4007
f 4231//4007 4116//3891 4117//3892
f 4231//4007 4117//3892 4232//4008
f 4232//4008 4117//3892 4118//3893
f 4232//4008 4118//3893 4233//4009
f 4233//4009 4118//3893 4119//3894
f 4233//4009 4119//3894 4234//4010
f 4234//4010 4119//3894 4120//3895
f 4234//4010 4120//3895 4235//4011
f 4235//4011 4120//3895 4121//3896
f 4235//4011 4121//3896 4236//4012
f 4236//4012 4121//3896 4122//3897
f 4236//4012 4122//3897 4237//4013
f 4237//4013 4122//3897 4123//3898
f 4237//4013 4123//3898 4238//4014
f 4238//4014 4123//3898 4124//3899
f 4238//4014 4124//3899 4239//4015
f 4239//4015 4124//3899 4125//3900
f 4239//4015 4125//3900 4240//4016
f 4240//4016 4125//3900 4126//3901
f 4240//4016 4126//3901 4241//4017
f 4241//4017 4126//3901 4127//3902
f 4241//4017 4127//3902 4242//4018
f 4242//4018 4127//3902 4128//3903
f 4242//4018 4128//3903 4243//4019
f 4243//4019 4128//3903 4129//3904
f 4243//4019 4129//3904 2648//2257
f 2648//2257 4129//3904 2647//2256
f 2648//2257 2647//2256 2290//2041
f 2290//2041 2647//2256 2374//2125
f 2276//2027 2166//1917 3147//2837
f 3147//2837 2166//1917 3146//2836
f 3147//2837 3146//2836 4244//4020
f 4244//4020 3146//2836 4209//3985
f 4244//4020 4209//3985 4245//4021
f 4245//4021 4209//3985 4210//3986
f 4245//4021 4210//3986 4246//4022
f 4246//4022 4210//3986 4211//3987
f 4246//4022 4211//3987 4247//4023
f 4247//4023 4211//3987 4212//3988
f 4247//4023 4212//3988 4248//4024
f 4248//4024 4212//3988 4213//3989
f 4248//4024 4213//3989 4249//4025
f 4249//4025 4213//3989 4214//3990
f 4249//4025 4214//3990 4250//4026
f 4250//4026 4214//3990 4215//3991
f 4250//4026 4215//3991 4251//4027
f 4251//4027 4215//3991 4216//3992
f 4251//4027 4216//3992 4252//4028
f 4252//4028 4216//3992 4217//3993
f 4252//4028 4217//3993 4253//4029
f 4253//4029 4217//3993 4218//3994
f 4253//4029 4218//3994 4254//4030
f 4254//4030 4218//3994 4219//3995
f 4254//4030 4219//3995 4255//4031
f 4255//4031 4219//3995 4220//3996
f 4255//4031 4220//3996 4256//4032
f 4256//4032 4220//3996 4221//3997
f 4256//4032 4221//3997 4257//4033
f 4257//4033 4221//3997 4222//3998
f 4257//4033 4222//3998 4258//4034
f 4258//4034 4222//3998 4223//3999
f 4258//4034 4223//3999 4259//4035
f 4259//4035 4223//3999 4224//4000
f 4259//4035 4224//4000 4260//4036
f 4260//4036 4224//4000 4225//4001
f 4260//4036 4225//4001 4261//4037
f 4261//4037 4225//4001 4226//4002
f 4261//4037 4226//4002 4262//4038
f 4262//4038 4226//4002 4227//4003
f 4262//4038 4227//4003 4263//4039
f 4263//4039 4227//4003 4228//4004
f 4263//4039 4228//4004 4264//4040
f 4264//4040 4228//4004 4229//4005
f 4264//4040 4229//4005 4265//4041
f 4265//4041 4229//4005 4230//4006
f 4265//4041 4230//4006 4266//4042
f 4266//4042 4230//4006 4231//4007
f 4266//4042 4231//4007 4267//4043
f 4267//4043 4231//4007 4232//4008
f 4267//4043 4232//4008 4268//4044
f 4268//4044 4232//4008 4233//4009
f 4268//4044 4233//4009 4269//4045
f 4269//4045 4233//4009 4234//4010
f 4269//4045 4234//4010 4270//4046
f 4270//4046 4234//4010 4235//4011
f 4270//4046 4235//4011 4271//4047
f 4271//4047 4235//4011 4236//4012
f 4271//4047 4236//4012 4272//4048
f 4272//4048 4236//4012 4237//4013
f 4272//4048 4237//4013 4273//4049
f 4273//4049 4237//4013 4238//4014
f 4273//4049 4238//4014 4274//4050
f 4274//4050 4238//4014 4239//4015
f 4274//4050 4239//4015 4275//4051
f 4275//4051 4239//4015 4240//4016
f 4275//4051 4240//4016 4276//4052
f 4276//4052 4240//4016 4241//4017
f 4276//4052 4241//4017 4277//4053
f 4277//4053 4241//4017 4242//4018
f 4277//4053 4242//4018 4278//4054
f 4278//4054 4242//4018 4243//4019
f 4278//4054 4243//4019 3110//2732
f 3110//2732 4243//4019 2648//2257
f 3110//2732 2648//2257 2379//2130
f 2379//2130 2648//2257 2380//2131
f 2274//2025 2278//2029 4279//4055
f 4279//4055 2278//2029 3147//2837
f 4279//4055 3147//2837 4280//4056
f 4280//4056 3147//2837 4244//4020
f 4280//4056 4244//4020 4281//4057
f 4281//4057 4244//4020 4245//4021
f 4281//4057 4245//4021 4282//4058
f 4282//4058 4245//4021 4246//4022
f 4282//4058 4246//4022 4283//4059
f 4283//4059 4246//4022 4247//4023
f 4283//4059 4247//4023 4284//4060
f 4284//4060 4247//4023 4248//4024
f 4284//4060 4248//4024 4285//4061
f 4285//4061 4248//4024 4249//4025
f 4285//4061 4249//4025 4286//4062
f 4286//4062 4249//4025 4250//4026
f 4286//4062 4250//4026 4287//4063
f 4287//4063 4250//4026 4251//4027
f 4287//4063 4251//4027 4288//4064
f 4288//4064 4251//4027 4252//4028
f 4288//4064 4252//4028 4289//4065
f 4289//4065 4252//4028 4253//4029
f 4289//4065 4253//4029 4290//4066
f 4290//4066 4253//4029 4254//4030
f 4290//4066 4254//4030 4291//4067
f 4291//4067 4254//4030 4255//4031
f 4291//4067 4255//4031 4292//4068
f 4292//4068 4255//4031 4256//4032
f 4292//4068 4256//4032 4293//4069
f 4293//4069 4256//4032 4257//4033
f 4293//4069 4257//4033 4294//4070
f 4294//4070 4257//4033 4258//4034
f 4294//4070 4258//4034 4295//4071
f 4295//4071 4258//4034 4259//4035
f 4295//4071 4259//4035 4296//4072
f 4296//4072 4259//4035 4260//4036
f 4296//4072 4260//4036 4297//4073
f 4297//4073 4260//4036 4261//4037
f 4297//4073 4261//4037 4298//4074
f 4298//4074 4261//4037 4262//4038
f 4298//4074 4262//4038 4299//4075
f 4299//4075 4262//4038 4263//4039
f 4299//4075 4263//4039 4300//4076
f 4300//4076 4263//4039 4264//4040
f 4300//4076 4264//4040 4301//4077
f 4301//4077 4264//4040 4265//4041
f 4301//4077 4265//4041 4302//4078
f 4302//4078 4265//4041 4266//4042
f 4302//4078 4266//4042 4303//4079
f 4303//4079 4266//4042 4267//4043
f 4303//4079 4267//4043 4304//4080
f 4304//4080 4267//4043 4268//4044
f 4304//4080 4268//4044 4305//4081
f 4305//4081 4268//4044 4269//4045
f 4305//4081 4269//4045 4306//4082
f 4306//4082 4269//4045 4270//4046
f 4306//4082 4270//4046 4307//4083
f 4307//4083 4270//4046 4271//4047
f 4307//4083 4271//4047 4308//4084
f 4308//4084 4271//4047 4272//4048
f 4308//4084 4272//4048 4309//4085
f 4309//4085 4272//4048 4273//4049
f 4309//4085 4273//4049 4310//4086
f 4310//4086 4273//4049 4274//4050
f 4310//4086 4274//4050 4311//4087
f 4311//4087 4274//4050 4275//4051
f 4311//4087 4275//4051 4312//4088
f 4312//4088 4275//4051 4276//4052
f 4312//4088 4276//4052 4313//4089
f 4313//4089 4276//4052 4277//4053
f 4313//4089 4277//4053 4314//4090
f 4314//4090 4277//4053 4278//4054
f 4314//4090 4278//4054 4315//4091
f 4315//4091 4278//4054 3110//2732
f 4315//4091 3110//2732 2382//2133
f 2382//2133 3110//2732 2383//2134
f 4316//4092 4317//4093 4318//4094
f 4316//4092 4318//4094 4319//4095
f 4317//4093 4316//4092 4320//4096
f 4320//4096 4316//4092 4321//4097
f 4320//4096 4321//4097 4322//4098
f 4322//4098 4321//4097 4323//4099
f 4322//4098 4323//4099 3162//2852
f 2210//1961 2209//1960 3162//2852
f 3162//2852 2209//1960 2633//2236
f 3162//2852 2633//2236 4322//4098
f 4322//4098 2633//2236 4324//4100
f 4322//4098 4324//4100 4320//4096
f 4320//4096 4324//4100 4325//4101
f 4320//4096 4325//4101 4317//4093
f 4317//4093 4325//4101 4326//4102
f 4317//4093 4326//4102 4318//4094
f 4326//4102 2590//2183 4318//4094
f 4318//4094 2590//2183 2592//2185
f 4318//4094 2592//2185 4319//4095
f 4319//4095 2592//2185 2593//2186
f 4319//4095 2593//2186 4327//4103
f 2275//2026 2274//2025 3148//2838
f 3148//2838 2274//2025 4279//4055
f 3148//2838 4279//4055 4328//4104
f 4328//4104 4279//4055 4280//4056
f 4328//4104 4280//4056 4329//4105
f 4329//4105 4280//4056 4281//4057
f 4329//4105 4281//4057 4330//4106
f 4330//4106 4281//4057 4282//4058
f 4330//4106 4282//4058 4331//4107
f 4331//4107 4282//4058 4283//4059
f 4331//4107 4283//4059 4332//4108
f 4332//4108 4283//4059 4284//4060
f 4332//4108 4284//4060 4333//4109
f 4333//4109 4284//4060 4285//4061
f 4333//4109 4285//4061 4334//4110
f 4334//4110 4285//4061 4286//4062
f 4334//4110 4286//4062 4335//4111
f 4335//4111 4286//4062 4287//4063
f 4335//4111 4287//4063 4336//4112
f 4336//4112 4287//4063 4288//4064
f 4336//4112 4288//4064 4337//4113
f 4337//4113 4288//4064 4289//4065
f 4337//4113 4289//4065 4338//4114
f 4338//4114 4289//4065 4290//4066
f 4338//4114 4290//4066 4339//4115
f 4339//4115 4290//4066 4291//4067
f 4339//4115 4291//4067 4340//4116
f 4340//4116 4291//4067 4292//4068
f 4340//4116 4292//4068 4341//4117
f 4341//4117 4292//4068 4293//4069
f 4341//4117 4293//4069 4342//4118
f 4342//4118 4293//4069 4294//4070
f 4342//4118 4294//4070 4343//4119
f 4343//4119 4294//4070 4295//4071
f 4343//4119 4295//4071 4344//4120
f 4344//4120 4295//4071 4296//4072
f 4344//4120 4296//4072 4345//4121
f 4345//4121 4296//4072 4297//4073
f 4345//4121 4297//4073 4346//4122
f 4346//4122 4297//4073 4298//4074
f 4346//4122 4298//4074 4347//4123
f 4347//4123 4298//4074 4299//4075
f 4347//4123 4299//4075 4348//4124
f 4348//4124 4299//4075 4300//4076
f 4348//4124 4300//4076 4349//4125
f 4349//4125 4300//4076 4301//4077
f 4349//4125 4301//4077 4350//4126
f 4350//4126 4301//4077 4302//4078
f 4350//4126 4302//4078 4351//4127
f 4351//4127 4302//4078 4303//4079
f 4351//4127 4303//4079 4352//4128
f 4352//4128 4303//4079 4304//4080
f 4352//4128 4304//4080 4353//4129
f 4353//4129 4304//4080 4305//4081
f 4353//4129 4305//4081 4354//4130
f 4354//4130 4305//4081 4306//4082
f 4354//4130 4306//4082 4355//4131
f 4355//4131 4306//4082 4307//4083
f 4355//4131 4307//4083 4356//4132
f 4356//4132 4307//4083 4308//4084
f 4356//4132 4308//4084 4357//4133
f 4357//4133 4308//4084 4309//4085
f 4357//4133 4309//4085 4358//4134
f 4358//4134 4309//4085 4310//4086
f 4358//4134 4310//4086 4359//4135
f 4359//4135 4310//4086 4311//4087
f 4359//4135 4311//4087 4360//4136
f 4360//4136 4311//4087 4312//4088
f 4360//4136 4312//4088 4361//4137
f 4361//4137 4312//4088 4313//4089
f 4361//4137 4313//4089 4362//4138
f 4362//4138 4313//4089 4314//4090
f 4362//4138 4314//4090 3109//2731
f 3109//2731 4314//4090 4315//4091
f 3109//2731 4315//4091 2386//2137
f 2386//2137 4315//4091 2382//2133
f 2206//1957 2215//1966 2633//2236
f 2633//2236 2215//1966 2634//2237
f 2633//2236 2634//2237 4324//4100
f 4324//4100 2634//2237 4363//4139
f 4324//4100 4363//4139 4325//4101
f 4325//4101 4363//4139 4364//4140
f 4325//4101 4364//4140 4326//4102
f 4326//4102 4364//4140 4365//4141
f 4326//4102 4365//4141 2590//2183
f 2590//2183 4365//4141 4366//4142
f 2590//2183 4366//4142 2591//2184
f 3223//2991 3210//2978 4367//4143
f 4367//4143 3210//2978 3208//2976
f 4367//4143 3208//2976 4368//4144
f 4368//4144 3208//2976 3216//2984
f 4368//4144 3216//2984 4369//4145
f 4369//4145 3216//2984 3215//2983
f 4369//4145 3215//2983 4370//4146
f 4370//4146 3215//2983 3214//2982
f 4370//4146 3214//2982 4371//4147
f 4371//4147 3214//2982 3203//2971
f 4371//4147 3203//2971 4372//4148
f 4372//4148 3203//2971 3206//2974
f 4372//4148 3206//2974 4373//4149
f 4373//4149 3206//2974 3205//2973
f 4373//4149 3205//2973 4374//4150
f 4374//4150 3205//2973 3204//2972
f 4374//4150 3204//2972 4375//4151
f 4375//4151 3204//2972 3199//2967
f 4375//4151 3199//2967 4376//4152
f 4376//4152 3199//2967 2588//2181
f 4376//4152 2588//2181 4377//4153
f 4377//4153 2588//2181 2587//2180
f 4377//4153 2587//2180 4378//4154
f 4366//4142 4378//4154 2591//2184
f 2591//2184 4378//4154 2587//2180
f 2591//2184 2587//2180 2593//2186
f 2593//2186 2587//2180 2589//2182
f 2593//2186 2589//2182 4327//4103
f 4327//4103 2589//2182 3198//2966
f 4327//4103 3198//2966 4379//4155
f 4379//4155 3198//2966 3200//2968
f 4379//4155 3200//2968 4380//4156
f 4380//4156 3200//2968 3202//2970
f 4380//4156 3202//2970 4381//4157
f 4381//4157 3202//2970 3201//2969
f 4381//4157 3201//2969 4382//4158
f 4382//4158 3201//2969 3207//2975
f 4382//4158 3207//2975 4383//4159
f 4383//4159 3207//2975 3209//2977
f 4383//4159 3209//2977 4384//4160
f 4384//4160 3209//2977 3211//2979
f 4384//4160 3211//2979 4385//4161
f 4385//4161 3211//2979 3213//2981
f 4385//4161 3213//2981 4386//4162
f 4386//4162 3213//2981 2620//2213
f 4386//4162 2620//2213 4387//4163
f 4387//4163 2620//2213 2627//2220
f 4387//4163 2627//2220 4388//4164
f 4388//4164 2627//2220 2626//2219
f 4388//4164 2626//2219 4389//4165
f 4389//4165 2626//2219 3218//2986
f 4389//4165 3218//2986 4390//4166
f 4390//4166 3218//2986 2622//2215
f 4390//4166 2622//2215 4391//4167
f 4391//4167 2622//2215 2621//2214
f 4391//4167 2621//2214 4392//4168
f 4392//4168 2621//2214 2684//2297
f 4392//4168 2684//2297 2683//2296
f 2683//2296 2684//2297 2686//2299
f 2683//2296 2686//2299 2114//1863
s 0
f 2114//4169 2686//4169 2115//4169
s 1
f 2594//2187 2596//2189 4060//3835
f 4060//3835 2596//2189 4132//3907
f 4060//3835 4132//3907 4056//3831
f 4056//3831 4132//3907 4133//3908
f 4056//3831 4133//3908 4055//3830
f 4055//3830 4133//3908 4134//3909
f 4055//3830 4134//3909 4053//3828
f 4053//3828 4134//3909 4135//3910
f 4053//3828 4135//3910 4052//3827
f 4052//3827 4135//3910 4137//3912
f 4052//3827 4137//3912 3262//3030
f 3262//3030 4137//3912 4139//3914
f 3262//3030 4139//3914 3261//3029
f 3261//3029 4139//3914 4141//3916
f 3261//3029 4141//3916 3260//3028
f 3260//3028 4141//3916 4143//3918
f 3260//3028 4143//3918 3248//3016
f 3248//3016 4143//3918 4145//3920
f 3248//3016 4145//3920 3250//3018
f 3250//3018 4145//3920 4147//3922
f 3250//3018 4147//3922 3249//3017
f 3249//3017 4147//3922 4149//3924
f 3249//3017 4149//3924 3243//3011
f 3243//3011 4149//3924 4151//3926
f 3243//3011 4151//3926 3244//3012
f 3244//3012 4151//3926 4153//3928
f 3244//3012 4153//3928 3269//3037
f 3269//3037 4153//3928 4155//3930
f 3269//3037 4155//3930 3239//3007
f 3239//3007 4155//3930 4157//3932
f 3239//3007 4157//3932 3237//3005
f 3237//3005 4157//3932 4159//3934
f 3237//3005 4159//3934 3236//3004
f 3236//3004 4159//3934 4161//3936
f 3236//3004 4161//3936 3235//3003
f 3235//3003 4161//3936 4163//3938
f 3235//3003 4163//3938 3234//3002
f 3234//3002 4163//3938 4165//3940
f 3234//3002 4165//3940 3233//3001
f 3233//3001 4165//3940 4167//3942
f 3233//3001 4167//3942 2682//2295
f 2682//2295 4167//3942 4169//3944
f 2682//2295 4169//3944 7612//2294
f 7612//2294 4169//3944 4171//3946
f 7612//2294 4171//3946 2683//2296
f 2683//2296 4171//3946 4173//3948
f 2683//2296 4173//3948 4392//4168
f 4392//4168 4173//3948 4175//3950
f 4392//4168 4175//3950 4391//4167
f 4391//4167 4175//3950 4177//3952
f 4391//4167 4177//3952 4390//4166
f 4390//4166 4177//3952 4179//3954
f 4390//4166 4179//3954 4389//4165
f 4389//4165 4179//3954 4181//3956
f 4389//4165 4181//3956 4388//4164
f 4388//4164 4181//3956 4183//3958
f 4388//4164 4183//3958 4387//4163
f 4387//4163 4183//3958 4185//3960
f 4387//4163 4185//3960 4386//4162
f 4386//4162 4185//3960 4187//3962
f 4386//4162 4187//3962 4385//4161
f 4385//4161 4187//3962 4189//3964
f 4385//4161 4189//3964 4384//4160
f 4384//4160 4189//3964 4191//3966
f 4384//4160 4191//3966 4383//4159
f 4383//4159 4191//3966 4193//3968
f 4383//4159 4193//3968 4382//4158
f 4382//4158 4193//3968 4195//3970
f 4382//4158 4195//3970 4381//4157
f 4381//4157 4195//3970 4197//3972
f 4381//4157 4197//3972 4380//4156
f 4380//4156 4197//3972 4199//3974
f 4380//4156 4199//3974 4379//4155
f 4379//4155 4199//3974 4201//3976
f 4379//4155 4201//3976 4327//4103
f 4327//4103 4201//3976 4203//3978
f 4327//4103 4203//3978 4319//4095
f 4319//4095 4203//3978 4205//3980
f 4319//4095 4205//3980 4316//4092
f 4316//4092 4205//3980 4207//3982
f 4316//4092 4207//3982 4321//4097
f 4321//4097 4207//3982 4131//3906
f 4321//4097 4131//3906 4323//4099
f 4323//4099 4131//3906 3163//2853
f 4323//4099 3163//2853 3162//2852
f 3162//2852 3163//2853 2201//1952
f 3162//2852 2201//1952 2203//1954
f 2268//2019 2272//2023 2641//2244
f 2641//2244 2272//2023 3148//2838
f 2641//2244 3148//2838 3521//3295
f 3521//3295 3148//2838 4328//4104
f 3521//3295 4328//4104 3523//3297
f 3523//3297 4328//4104 4329//4105
f 3523//3297 4329//4105 3525//3299
f 3525//3299 4329//4105 4330//4106
f 3525//3299 4330//4106 3527//3301
f 3527//3301 4330//4106 4331//4107
f 3527//3301 4331//4107 3529//3303
f 3529//3303 4331//4107 4332//4108
f 3529//3303 4332//4108 3531//3305
f 3531//3305 4332//4108 4333//4109
f 3531//3305 4333//4109 3533//3307
f 3533//3307 4333//4109 4334//4110
f 3533//3307 4334//4110 3535//3309
f 3535//3309 4334//4110 4335//4111
f 3535//3309 4335//4111 3537//3311
f 3537//3311 4335//4111 4336//4112
f 3537//3311 4336//4112 3539//3313
f 3539//3313 4336//4112 4337//4113
f 3539//3313 4337//4113 3541//3315
f 3541//3315 4337//4113 4338//4114
f 3541//3315 4338//4114 3543//3317
f 3543//3317 4338//4114 4339//4115
f 3543//3317 4339//4115 3545//3319
f 3545//3319 4339//4115 4340//4116
f 3545//3319 4340//4116 3547//3321
f 3547//3321 4340//4116 4341//4117
f 3547//3321 4341//4117 3549//3323
f 3549//3323 4341//4117 4342//4118
f 3549//3323 4342//4118 3551//3325
f 3551//3325 4342//4118 4343//4119
f 3551//3325 4343//4119 3553//3327
f 3553//3327 4343//4119 4344//4120
f 3553//3327 4344//4120 3555//3329
f 3555//3329 4344//4120 4345//4121
f 3555//3329 4345//4121 3557//3331
f 3557//3331 4345//4121 4346//4122
f 3557//3331 4346//4122 3559//3333
f 3559//3333 4346//4122 4347//4123
f 3559//3333 4347//4123 3561//3335
f 3561//3335 4347//4123 4348//4124
f 3561//3335 4348//4124 3563//3337
f 3563//3337 4348//4124 4349//4125
f 3563//3337 4349//4125 3565//3339
f 3565//3339 4349//4125 4350//4126
f 3565//3339 4350//4126 3567//3341
f 3567//3341 4350//4126 4351//4127
f 3567//3341 4351//4127 3569//3343
f 3569//3343 4351//4127 4352//4128
f 3569//3343 4352//4128 3571//3345
f 3571//3345 4352//4128 4353//4129
f 3571//3345 4353//4129 3573//3347
f 3573//3347 4353//4129 4354//4130
f 3573//3347 4354//4130 3575//3349
f 3575//3349 4354//4130 4355//4131
f 3575//3349 4355//4131 3577//3351
f 3577//3351 4355//4131 4356//4132
f 3577//3351 4356//4132 3579//3353
f 3579//3353 4356//4132 4357//4133
f 3579//3353 4357//4133 3581//3355
f 3581//3355 4357//4133 4358//4134
f 3581//3355 4358//4134 3583//3357
f 3583//3357 4358//4134 4359//4135
f 3583//3357 4359//4135 3585//3359
f 3585//3359 4359//4135 4360//4136
f 3585//3359 4360//4136 3587//3361
f 3587//3361 4360//4136 4361//4137
f 3587//3361 4361//4137 3589//3363
f 3589//3363 4361//4137 4362//4138
f 3589//3363 4362//4138 2649//2258
f 2649//2258 4362//4138 3109//2731
f 2649//2258 3109//2731 2388//2139
f 2388//2139 3109//2731 2389//2140
f 2334//2085 2335//2086 3096//2718
f 3096//2718 2335//2086 2654//2263
f 3096//2718 2654//2263 3366//3140
f 3366//3140 2654//2263 2595//2188
f 3366//3140 2595//2188 3368//3142
f 3368//3142 2595//2188 2594//2187
f 3368//3142 2594//2187 3370//3144
f 3370//3144 2594//2187 4069//3844
f 3370//3144 4069//3844 3372//3146
f 3372//3146 4069//3844 4070//3845
f 3372//3146 4070//3845 3374//3148
f 3374//3148 4070//3845 4071//3846
f 3374//3148 4071//3846 3376//3150
f 3376//3150 4071//3846 4072//3847
f 3376//3150 4072//3847 3378//3152
f 3378//3152 4072//3847 4073//3848
f 3378//3152 4073//3848 3380//3154
f 3380//3154 4073//3848 4074//3849
f 3380//3154 4074//3849 3382//3156
f 3382//3156 4074//3849 4075//3850
f 3382//3156 4075//3850 3384//3158
f 3384//3158 4075//3850 4076//3851
f 3384//3158 4076//3851 3386//3160
f 3386//3160 4076//3851 4077//3852
f 3386//3160 4077//3852 3388//3162
f 3388//3162 4077//3852 4078//3853
f 3388//3162 4078//3853 3390//3164
f 3390//3164 4078//3853 4079//3854
f 3390//3164 4079//3854 3392//3166
f 3392//3166 4079//3854 4080//3855
f 3392//3166 4080//3855 3394//3168
f 3394//3168 4080//3855 4081//3856
f 3394//3168 4081//3856 3396//3170
f 3396//3170 4081//3856 4082//3857
f 3396//3170 4082//3857 3398//3172
f 3398//3172 4082//3857 4083//3858
f 3398//3172 4083//3858 3400//3174
f 3400//3174 4083//3858 4084//3859
f 3400//3174 4084//3859 3402//3176
f 3402//3176 4084//3859 3279//3047
f 3402//3176 3279//3047 3404//3178
f 3404//3178 3279//3047 3278//3046
f 3404//3178 3278//3046 3406//3180
f 3406//3180 3278//3046 2598//2191
f 3406//3180 2598//2191 3408//3182
f 3408//3182 2598//2191 2597//2190
f 3408//3182 2597//2190 3410//3184
f 3410//3184 2597//2190 3277//3045
f 3410//3184 3277//3045 3412//3186
f 3412//3186 3277//3045 3276//3044
f 3412//3186 3276//3044 3414//3188
f 3414//3188 3276//3044 3275//3043
f 3414//3188 3275//3043 3416//3190
f 3416//3190 3275//3043 3274//3042
f 3416//3190 3274//3042 3418//3192
f 3418//3192 3274//3042 3266//3034
f 3418//3192 3266//3034 3420//3194
f 3420//3194 3266//3034 3265//3033
f 3420//3194 3265//3033 3422//3196
f 3422//3196 3265//3033 3302//3076
f 3422//3196 3302//3076 3423//3197
f 3423//3197 3302//3076 3301//3075
f 3423//3197 3301//3075 3454//3228
f 3454//3228 3301//3075 3300//3074
f 3454//3228 3300//3074 3486//3260
f 3486//3260 3300//3074 3319//3093
f 3486//3260 3319//3093 3519//3293
f 3519//3293 3319//3093 3335//3109
f 3519//3293 3335//3109 3840//3614
f 3840//3614 3335//3109 3350//3124
f 3840//3614 3350//3124 3880//3654
f 3880//3654 3350//3124 3364//3138
f 3880//3654 3364//3138 2775//2391
f 2775//2391 3364//3138 2779//2395
f 2775//2391 2779//2395 2773//2389
f 2773//2389 2779//2395 2778//2394
f 2212//1963 2211//1962 2634//2237
f 2634//2237 2211//1962 3161//2851
f 2634//2237 3161//2851 4363//4139
f 4363//4139 3161//2851 3645//3419
f 4363//4139 3645//3419 4364//4140
f 4364//4140 3645//3419 3643//3417
f 4364//4140 3643//3417 4365//4141
f 4365//4141 3643//3417 3641//3415
f 4365//4141 3641//3415 4366//4142
f 4366//4142 3641//3415 3639//3413
f 4366//4142 3639//3413 4378//4154
f 4378//4154 3639//3413 3637//3411
f 4378//4154 3637//3411 4377//4153
f 4377//4153 3637//3411 3635//3409
f 4377//4153 3635//3409 4376//4152
f 4376//4152 3635//3409 3633//3407
f 4376//4152 3633//3407 4375//4151
f 4375//4151 3633//3407 3631//3405
f 4375//4151 3631//3405 4374//4150
f 4374//4150 3631//3405 3629//3403
f 4374//4150 3629//3403 4373//4149
f 4373//4149 3629//3403 3627//3401
f 4373//4149 3627//3401 4372//4148
f 4372//4148 3627//3401 3625//3399
f 4372//4148 3625//3399 4371//4147
f 4371//4147 3625//3399 3623//3397
f 4371//4147 3623//3397 4370//4146
f 4370//4146 3623//3397 3621//3395
f 4370//4146 3621//3395 4369//4145
f 4369//4145 3621//3395 3619//3393
f 4369//4145 3619//3393 4368//4144
f 4368//4144 3619//3393 3617//3391
f 4368//4144 3617//3391 4367//4143
f 4367//4143 3617//3391 3615//3389
f 4367//4143 3615//3389 3223//2991
f 3223//2991 3615//3389 3613//3387
f 3223//2991 3613//3387 3222//2990
f 3222//2990 3613//3387 3611//3385
f 3222//2990 3611//3385 3220//2988
f 3220//2988 3611//3385 3609//3383
f 3220//2988 3609//3383 3221//2989
f 3221//2989 3609//3383 3607//3381
f 3221//2989 3607//3381 3226//2994
f 3226//2994 3607//3381 3605//3379
f 3226//2994 3605//3379 3225//2993
f 3225//2993 3605//3379 3603//3377
f 3225//2993 3603//3377 3224//2992
f 3224//2992 3603//3377 3601//3375
f 3224//2992 3601//3375 3227//2995
f 3227//2995 3601//3375 3599//3373
f 3227//2995 3599//3373 3231//2999
f 3231//2999 3599//3373 3597//3371
f 3231//2999 3597//3371 3230//2998
f 3230//2998 3597//3371 3595//3369
f 3230//2998 3595//3369 3229//2997
f 3229//2997 3595//3369 3593//3367
f 3229//2997 3593//3367 3228//2996
f 3228//2996 3593//3367 3591//3365
f 3228//2996 3591//3365 3232//3000
f 3232//3000 3591//3365 3590//3364
f 3232//3000 3590//3364 3286//3059
f 3286//3059 3590//3364 3717//3491
f 3286//3059 3717//3491 3293//3067
f 3293//3067 3717//3491 3716//3490
f 3293//3067 3716//3490 3303//3077
f 3303//3077 3716//3490 3918//3692
f 3303//3077 3918//3692 3320//3094
f 3320//3094 3918//3692 3917//3691
f 3320//3094 3917//3691 3336//3110
f 3336//3110 3917//3691 4008//3782
f 3336//3110 4008//3782 3351//3125
f 3351//3125 4008//3782 2820//2436
f 3351//3125 2820//2436 2815//2431
f 2815//2431 2820//2436 2821//2437
f 2815//2431 2821//2437 2816//2432
f 7541//4170 4394//4171 2898//2514
f 4395//4172 4396//4173 2922//2538
f 2796//2412 2798//2414 7833//4174
f 2844//2460 2843//2459 7781//4175
f 4399//4176 7760//4177 2875//2491
f 2875//2491 7760//4177 7762//4178
f 2875//2491 7762//4178 2876//2492
f 4399//4176 2875//2491 7900//4179
f 7900//4179 2875//2491 2884//2500
f 7900//4179 2884//2500 4403//4180
f 4403//4180 2884//2500 2883//2499
f 4403//4180 2883//2499 4404//4181
f 4404//4181 2883//2499 2881//2497
f 4404//4181 2881//2497 2889//2505
f 7747//4182 7753//4183 2871//2487
f 7747//4182 2871//2487 7748//4184
f 7748//4184 2871//2487 2874//2490
f 7748//4184 2874//2490 7717//4185
f 7717//4185 2874//2490 7718//4186
f 7718//4186 2874//2490 2873//2489
f 7718//4186 2873//2489 7738//4187
f 7738//4187 2873//2489 2879//2495
f 7738//4187 2879//2495 7762//4178
f 7762//4178 2879//2495 2878//2494
f 7762//4178 2878//2494 2876//2492
f 2864//2480 4411//4188 2859//2475
f 2859//2475 4411//4188 4412//4189
f 2859//2475 4412//4189 4413//4190
f 4413//4190 4414//4191 2859//2475
f 2859//2475 4414//4191 4415//4192
f 2859//2475 4415//4192 2860//2476
f 2864//2480 2866//2482 4411//4188
f 4411//4188 2866//2482 2868//2484
f 4411//4188 2868//2484 7753//4183
f 7753//4183 2868//2484 2869//2485
f 7753//4183 2869//2485 2871//2487
f 4416//4193 4417//4194 2858//2474
f 2858//2474 4417//4194 7646//4195
f 2858//2474 7646//4195 2855//2471
f 2855//2471 7646//4195 7649//4196
f 2855//2471 7649//4196 7655//4197
f 2858//2474 2857//2473 4416//4193
f 4416//4193 2857//2473 2863//2479
f 4416//4193 2863//2479 4415//4192
f 4415//4192 2863//2479 2862//2478
f 4415//4192 2862//2478 2860//2476
f 7781//4175 2843//2459 7673//4198
f 7673//4198 2843//2459 7674//4199
f 7674//4199 2843//2459 2848//2464
f 7674//4199 2848//2464 7681//4200
f 7681//4200 2848//2464 2850//2466
f 7681//4200 2850//2466 7662//4201
f 7662//4201 2850//2466 2852//2468
f 7662//4201 2852//2468 7655//4197
f 7655//4197 2852//2468 2853//2469
f 7655//4197 2853//2469 2855//2471
f 4425//4202 7768//4203 2838//2454
f 7768//4203 7769//4204 2838//2454
f 2838//2454 7769//4204 4428//4205
f 2838//2454 4428//4205 2839//2455
f 4425//4202 2838//2454 4429//4206
f 4429//4206 2838//2454 2842//2458
f 4429//4206 2842//2458 7723//4207
f 7723//4207 2842//2458 2841//2457
f 7723//4207 2841//2457 7726//4208
f 7726//4208 2841//2457 2847//2463
f 7726//4208 2847//2463 7781//4175
f 7781//4175 2847//2463 2846//2462
f 7781//4175 2846//2462 2844//2460
f 4432//4209 4433//4210 2827//2443
f 4433//4210 7578//4211 2827//2443
f 2827//2443 7578//4211 7581//4212
s 0
f 2827//4213 7581//4213 2828//4213
s 1
f 2827//2443 2832//2448 4432//4209
f 4432//4209 2832//2448 2834//2450
f 4432//4209 2834//2450 4428//4205
f 4428//4205 2834//2450 2836//2452
f 4428//4205 2836//2452 2839//2455
f 7625//4214 7626//4215 2826//2442
f 7625//4214 2826//2442 7601//4216
f 7601//4216 2826//2442 2825//2441
f 7601//4216 2825//2441 7568//4217
f 7568//4217 2825//2441 7557//4218
f 7557//4218 2825//2441 2823//2439
f 7557//4218 2823//2439 7560//4219
f 7560//4219 2823//2439 2831//2447
f 7560//4219 2831//2447 7581//4220
f 7581//4220 2831//2447 2830//2446
f 7581//4220 2830//2446 2828//2444
s 0
f 4442//4221 4443//4221 2814//4221
s 1
f 2817//2433 7527//4222 7528//4223
f 2817//2433 7528//4223 2814//2430
f 2814//2430 7528//4223 4446//4224
f 2814//2430 4446//4224 4442//4225
f 2817//2433 2816//2432 7527//4222
f 7527//4222 2816//2432 2821//2437
f 7527//4222 2821//2437 7993//4226
f 7993//4226 2821//2437 2819//2435
f 7993//4226 2819//2435 7626//4215
f 7626//4215 2819//2435 2818//2434
f 7626//4215 2818//2434 2826//2442
f 4448//4227 4449//4228 2804//2420
f 2804//2420 4449//4228 8004//4229
f 2804//2420 8004//4229 7978//4230
f 2804//2420 2807//2423 4448//4227
f 4448//4227 2807//2423 2809//2425
f 4448//4227 2809//2425 4452//4231
f 4452//4231 2809//2425 2811//2427
f 4452//4231 2811//2427 4443//4232
f 4443//4232 2811//2427 2812//2428
f 4443//4232 2812//2428 2814//2430
f 7833//4174 2798//2414 7863//4233
f 7960//4234 8035//4235 2803//2419
f 2803//2419 8035//4235 2798//2414
f 2798//2414 8035//4235 7968//4236
f 2798//2414 7968//4236 7863//4233
f 2803//2419 2802//2418 7960//4234
f 7960//4234 2802//2418 2800//2416
f 7960//4234 2800//2416 8027//4237
f 8027//4237 2800//2416 2806//2422
f 8027//4237 2806//2422 7978//4230
f 7978//4230 2806//2422 2805//2421
f 7978//4230 2805//2421 2804//2420
f 2796//2412 7833//4174 2795//2411
f 2795//2411 7833//4174 7834//4238
f 2795//2411 7834//4238 2793//2409
f 2793//2409 7834//4238 8063//4239
f 2793//2409 8063//4239 2791//2407
f 2791//2407 8063//4239 7984//4240
f 2791//2407 7984//4240 2788//2404
f 2788//2404 7984//4240 4461//4241
f 2788//2404 4461//4241 4462//4242
f 4463//4243 4464//4244 2782//2398
f 2782//2398 4464//4244 7435//4245
s 0
f 2782//4246 7435//4246 2780//4246
s 1
f 2782//2398 2787//2403 4463//4243
f 4463//4243 2787//2403 2786//2402
f 4463//4243 2786//2402 4466//4247
f 4466//4247 2786//2402 2784//2400
f 4466//4247 2784//2400 4467//4248
f 4467//4248 2784//2400 2790//2406
f 4467//4248 2790//2406 4462//4242
f 4462//4242 2790//2406 2789//2405
f 4462//4242 2789//2405 2788//2404
f 7435//4245 7441//4249 2780//2396
f 2780//2396 7441//4249 7491//4250
f 2780//2396 7491//4250 2778//2394
f 2778//2394 7491//4250 7468//4251
f 2778//2394 7468//4251 2773//2389
f 2773//2389 7468//4251 7471//4252
f 2773//2389 7471//4252 2774//2390
f 2774//2390 7471//4252 8056//4253
f 2774//2390 8056//4253 2776//2392
f 2776//2392 8056//4253 7428//4254
f 2776//2392 7428//4254 2777//2393
f 2777//2393 7428//4254 7429//4255
f 2777//2393 7429//4255 2772//2388
f 2772//2388 7429//4255 8070//4256
f 2772//2388 8070//4256 2770//2386
f 2770//2386 8070//4256 8083//4257
f 2770//2386 8083//4257 2769//2385
f 2769//2385 8083//4257 8059//4258
f 2769//2385 8059//4258 2767//2383
f 2767//2383 8059//4258 4478//4259
s 0
f 2767//4260 4478//4260 2766//4260
s 1
f 2766//2382 4478//4259 4479//4261
f 2766//2382 4479//4261 2764//2380
f 4480//4262 2758//2374 2760//2376
f 4480//4262 2760//2376 4481//4263
f 2760//2376 2761//2377 4481//4263
f 4481//4263 2761//2377 2763//2379
f 4481//4263 2763//2379 4482//4264
f 4482//4264 2763//2379 2764//2380
f 4482//4264 2764//2380 4483//4265
f 4483//4265 2764//2380 4479//4261
s 0
f 8079//4266 2754//4266 4480//4266
f 4480//4267 2754//4267 2753//4267
s 1
f 4480//4262 2753//2369 2758//2374
f 7948//4268 2751//2367 8086//4269
f 8086//4269 2751//2367 2757//2373
f 8086//4269 2757//2373 7478//4270
f 7478//4270 2757//2373 2756//2372
f 7478//4270 2756//2372 7481//4271
f 7481//4271 2756//2372 2754//2370
f 7481//4271 2754//2370 7488//4272
f 7488//4272 2754//2370 8079//4273
s 0
f 4490//4274 2740//4274 2743//4274
s 1
f 2743//2359 2742//2358 4490//4275
f 4490//4275 2742//2358 2746//2362
f 4490//4275 2746//2362 4491//4276
f 4491//4276 2746//2362 2745//2361
s 0
f 7463//4277 2748//4277 7948//4277
s 1
f 7948//4268 2748//2364 2752//2368
f 7948//4268 2752//2368 2751//2367
f 7463//4278 7448//4279 2748//2364
f 2748//2364 7448//4279 7431//4280
f 2748//2364 7431//4280 2749//2365
f 2749//2365 7431//4280 7434//4281
f 2749//2365 7434//4281 2745//2361
f 2745//2361 7434//4281 7837//4282
f 2745//2361 7837//4282 4491//4276
f 4497//4283 2730//2346 2733//2349
f 2733//2349 2735//2351 4497//4283
f 4497//4283 2735//2351 2737//2353
f 4497//4283 2737//2353 4498//4284
f 4498//4284 2737//2353 2738//2354
f 4498//4284 2738//2354 4499//4285
f 4499//4285 2738//2354 2740//2356
f 4499//4285 2740//2356 4500//4286
f 4500//4286 2740//2356 4490//4275
f 7839//4287 2724//2340 2729//2345
f 7800//4288 7803//4289 2731//2347
f 2729//2345 2728//2344 7839//4287
f 7839//4287 2728//2344 2726//2342
f 7839//4287 2726//2342 7803//4289
f 7803//4289 2726//2342 2732//2348
f 7803//4289 2732//2348 2731//2347
f 4497//4283 7817//4290 2730//2346
f 2730//2346 7817//4290 7818//4291
f 2730//2346 7818//4291 2731//2347
f 2731//2347 7818//4291 7810//4292
f 2731//2347 7810//4292 7800//4288
f 2722//2338 4507//4293 2721//2337
f 2721//2337 4507//4293 4508//4294
f 2721//2337 4508//4294 2719//2335
f 2719//2335 4508//4294 2717//2333
f 7839//4287 7794//4295 2724//2340
f 2724//2340 7794//4295 7778//4296
f 2724//2340 7778//4296 2722//2338
f 2722//2338 7778//4296 7779//4297
f 2722//2338 7779//4297 4507//4293
f 2664//2274 2713//2329 4512//4298
f 4512//4298 2713//2329 2712//2328
f 4512//4298 2712//2328 4513//4299
f 4513//4299 2712//2328 2716//2332
f 4514//4300 2715//2331 4508//4294
s 0
f 4508//4301 2715//4301 2714//4301
s 1
f 4508//4294 2714//2330 2717//2333
f 4514//4300 7567//4302 2715//2331
f 2715//2331 7567//4302 7555//4303
f 2715//2331 7555//4303 2716//2332
f 2716//2332 7555//4303 7556//4304
f 2716//2332 7556//4304 4513//4299
f 2704//2320 2703//2319 7597//4305
f 7597//4305 2703//2319 2707//2323
f 7597//4305 2707//2323 7598//4306
f 7518//4307 2709//2325 4512//4298
f 4512//4298 2709//2325 2708//2324
f 4512//4298 2708//2324 2664//2274
f 2707//2323 2706//2322 7598//4306
f 7598//4306 2706//2322 2710//2326
f 7598//4306 2710//2326 7617//4308
f 7617//4308 2710//2326 2709//2325
f 7617//4308 2709//2325 7631//4309
f 7631//4309 2709//2325 7518//4307
f 4523//4310 2694//2310 2693//2309
f 2699//2315 7583//4311 2698//2314
f 2698//2314 7583//4311 4523//4310
f 2698//2314 4523//4310 2696//2312
f 2696//2312 4523//4310 2693//2309
f 7597//4305 7587//4312 2704//2320
f 2704//2320 7587//4312 7588//4313
f 2704//2320 7588//4313 2701//2317
f 2701//2317 7588//4313 8005//4314
f 2701//2317 8005//4314 2699//2315
f 2699//2315 8005//4314 7584//4315
f 2699//2315 7584//4315 7583//4311
f 4523//4310 4529//4316 2694//2310
f 2694//2310 4529//4316 4530//4317
f 2694//2310 4530//4317 2695//2311
f 2695//2311 4530//4317 4531//4318
f 2695//2311 4531//4318 2688//2304
f 2688//2304 4531//4318 4532//4319
f 2688//2304 4532//4319 2689//2305
f 2689//2305 4532//4319 4533//4320
f 2689//2305 4533//4320 3081//2697
f 3081//2697 4533//4320 3082//2698
f 3082//2698 4533//4320 4534//4321
f 3082//2698 4534//4321 7997//4322
f 3085//2701 7970//4323 3079//2695
f 3079//2695 7970//4323 7972//4324
f 3079//2695 7972//4324 3080//2696
f 7997//4322 7998//4325 3082//2698
f 3082//2698 7998//4325 7970//4323
f 3082//2698 7970//4323 3084//2700
f 3084//2700 7970//4323 3085//2701
f 7963//4326 3075//2691 7972//4324
s 0
f 7972//4327 3075//4327 3077//4327
s 1
f 7972//4324 3077//2693 3080//2696
f 7963//4326 7964//4328 3075//2691
f 3075//2691 7964//4328 7976//4329
f 3075//2691 7976//4329 7592//4330
f 7594//4331 3072//2688 3071//2687
f 7594//4331 3071//2687 4544//4332
f 3071//2687 3069//2685 4544//4332
f 4544//4332 3069//2685 3068//2684
f 4544//4332 3068//2684 7592//4330
f 7592//4330 3068//2684 3073//2689
f 7592//4330 3073//2689 3075//2691
f 3072//2688 7594//4331 3067//2683
f 3067//2683 7594//4331 4545//4333
f 3067//2683 4545//4333 4546//4334
f 3064//2680 4547//4335 3062//2678
f 3062//2678 4547//4335 4548//4336
f 3062//2678 4548//4336 3060//2676
f 4546//4334 4549//4337 3067//2683
f 3067//2683 4549//4337 4547//4335
f 3067//2683 4547//4335 3065//2681
f 3065//2681 4547//4335 3064//2680
f 4550//4338 7439//4339 3053//2669
f 3060//2676 4548//4336 3053//2669
f 3053//2669 4548//4336 4552//4340
f 3053//2669 4552//4340 4550//4338
f 4553//4341 3052//2668 3059//2675
f 4553//4341 3059//2675 4554//4342
f 3059//2675 3058//2674 4554//4342
f 4554//4342 3058//2674 3056//2672
f 4554//4342 3056//2672 7439//4339
f 7439//4339 3056//2672 3054//2670
f 7439//4339 3054//2670 3053//2669
f 3052//2668 4553//4341 3050//2666
f 3050//2666 4553//4341 7511//4343
f 3050//2666 7511//4343 4556//4344
f 3046//2662 4557//4345 3048//2664
f 3048//2664 4557//4345 7792//4346
f 3048//2664 7792//4346 3049//2665
f 4556//4344 7773//4347 3050//2666
f 3050//2666 7773//4347 4557//4345
f 3050//2666 4557//4345 3045//2661
f 3045//2661 4557//4345 3046//2662
f 3040//2656 4560//4348 3041//2657
f 3041//2657 4560//4348 3036//2652
f 3040//2656 3038//2654 4560//4348
f 4560//4348 3038//2654 3044//2660
f 4560//4348 3044//2660 7792//4346
f 7792//4346 3044//2660 3043//2659
f 7792//4346 3043//2659 3049//2665
f 3036//2652 4560//4348 3034//2650
f 3034//2650 4560//4348 4561//4349
f 3034//2650 4561//4349 4562//4350
f 4562//4350 4563//4351 3034//2650
f 3034//2650 4563//4351 4564//4352
f 3034//2650 4564//4352 7838//4353
f 7838//4353 4566//4354 3034//2650
f 3034//2650 4566//4354 4567//4355
f 3034//2650 4567//4355 3029//2645
f 3029//2645 4567//4355 4568//4356
f 3029//2645 4568//4356 3030//2646
f 3030//2646 4568//4356 7823//4357
f 3030//2646 7823//4357 3032//2648
f 3032//2648 7823//4357 3033//2649
f 3033//2649 7823//4357 4570//4358
f 3033//2649 4570//4358 3027//2643
f 7840//4359 3018//2634 4572//4360
f 4572//4360 3018//2634 3020//2636
s 0
f 4570//4361 4573//4361 3027//4361
s 1
f 3027//2643 4573//4362 7654//4363
f 3027//2643 7654//4363 3028//2644
f 3028//2644 7654//4363 4575//4364
f 3028//2644 4575//4364 3022//2638
f 3022//2638 4575//4364 7637//4365
f 3022//2638 7637//4365 3024//2640
f 3024//2640 7637//4365 4572//4360
f 3024//2640 4572//4360 3025//2641
f 3025//2641 4572//4360 3020//2636
f 7840//4359 7638//4366 3018//2634
f 3018//2634 7638//4366 4578//4367
f 3018//2634 4578//4367 3011//2627
f 3011//2627 4578//4367 4579//4368
f 3011//2627 4579//4368 3012//2628
f 3012//2628 4579//4368 4580//4369
f 3006//2622 3008//2624 4581//4370
f 4581//4370 3008//2624 4582//4371
f 4582//4371 3008//2624 3010//2626
f 4582//4371 3010//2626 4583//4372
s 0
f 4583//4373 3010//4373 3017//4373
f 4583//4374 3017//4374 4584//4374
s 1
f 4584//4375 3017//2633 3016//2632
f 4584//4375 3016//2632 4580//4369
f 4580//4369 3016//2632 3014//2630
f 4580//4369 3014//2630 3012//2628
f 3006//2622 4581//4370 2655//2265
f 2655//2265 4581//4370 4585//4376
f 2655//2265 4585//4376 2656//2266
f 2656//2266 4585//4376 7745//4377
f 2656//2266 7745//4377 3005//2621
f 7745//4377 4587//4378 3005//2621
f 3005//2621 4587//4378 4588//4379
f 3005//2621 4588//4379 2998//2614
f 2998//2614 4588//4379 7845//4380
f 4590//4381 2990//2606 4591//4382
s 0
f 4591//4383 2990//4383 2988//4383
s 1
f 4591//4382 2988//2604 4592//4384
f 4592//4384 2988//2604 2986//2602
s 0
f 4592//4385 2986//4385 4593//4385
s 1
f 4593//4386 2986//2602 2985//2601
f 4593//4386 2985//2601 4594//4387
f 4594//4387 2985//2601 2992//2608
f 4594//4387 2992//2608 4595//4388
f 4595//4388 2992//2608 2659//2269
f 4595//4388 2659//2269 7913//4389
f 7913//4389 2659//2269 2658//2268
f 7913//4389 2658//2268 7876//4390
f 7876//4390 2658//2268 2993//2609
f 7876//4390 2993//2609 7864//4391
f 7864//4391 2993//2609 2995//2611
f 7864//4391 2995//2611 7867//4392
f 7867//4392 2995//2611 2997//2613
f 7867//4392 2997//2613 7869//4393
f 7869//4393 2997//2613 3004//2620
f 7869//4393 3004//2620 7873//4394
f 7873//4394 3004//2620 3003//2619
f 7873//4394 3003//2619 7887//4395
f 7887//4395 3003//2619 3001//2617
f 7887//4395 3001//2617 7845//4380
f 7845//4380 3001//2617 2999//2615
f 7845//4380 2999//2615 2998//2614
f 4603//4396 2957//2573 4604//4397
f 4604//4397 2957//2573 2963//2579
f 4604//4397 2963//2579 4605//4398
f 4605//4398 2963//2579 2965//2581
f 4605//4398 2965//2581 4606//4399
f 4606//4399 2965//2581 2966//2582
f 4606//4399 2966//2582 4607//4400
f 4607//4400 2966//2582 2968//2584
f 4607//4400 2968//2584 7944//4401
f 7944//4401 2968//2584 2969//2585
f 7944//4401 2969//2585 4609//4402
f 4609//4402 2969//2585 2971//2587
f 4609//4402 2971//2587 7474//4403
f 7474//4403 2971//2587 2976//2592
f 7474//4403 2976//2592 4611//4404
f 4611//4404 2976//2592 2975//2591
f 4611//4404 2975//2591 4612//4405
f 4612//4405 2975//2591 2973//2589
f 4612//4405 2973//2589 7884//4406
f 7884//4406 2973//2589 2972//2588
f 7884//4406 2972//2588 7888//4407
f 7888//4407 2972//2588 2977//2593
f 7888//4407 2977//2593 7889//4408
f 7889//4408 2977//2593 2979//2595
f 7889//4408 2979//2595 7892//4409
f 7892//4409 2979//2595 2981//2597
f 7892//4409 2981//2597 7895//4410
f 7895//4410 2981//2597 2982//2598
f 7895//4410 2982//2598 7922//4411
f 7922//4411 2982//2598 2984//2600
f 7922//4411 2984//2600 4590//4381
f 4590//4381 2984//2600 2991//2607
f 4590//4381 2991//2607 2990//2606
f 2954//2570 2953//2569 7902//4412
f 7902//4412 2953//2569 2952//2568
f 7902//4412 2952//2568 7903//4413
f 7903//4413 2952//2568 2962//2578
f 7903//4413 2962//2578 4621//4414
f 4621//4414 2962//2578 2961//2577
s 0
f 4621//4415 2961//4415 4622//4415
f 4622//4416 2961//4416 2960//4416
s 1
f 4622//4417 2960//2576 4603//4396
f 4603//4396 2960//2576 2958//2574
f 4603//4396 2958//2574 2957//2573
f 7902//4412 7859//4418 2954//2570
f 2954//2570 7859//4418 4624//4419
f 2954//2570 4624//4419 2955//2571
f 2955//2571 4624//4419 7827//4420
f 2955//2571 7827//4420 2949//2565
f 2949//2565 7827//4420 7842//4421
f 2949//2565 7842//4421 2947//2563
f 2947//2563 7842//4421 8028//4422
f 2947//2563 8028//4422 2946//2562
f 2946//2562 8028//4422 7806//4423
f 2946//2562 7806//4423 2944//2560
f 2944//2560 7806//4423 8022//4424
f 2944//2560 8022//4424 2943//2559
f 2943//2559 8022//4424 4630//4425
s 0
f 2943//4426 4630//4426 2941//4426
s 1
f 4631//4427 2939//2555 2938//2554
f 4631//4427 2938//2554 4632//4428
f 4630//4429 4633//4430 2941//4431
s 0
f 2941//4432 4633//4432 4634//4432
s 1
f 2941//2557 4634//4433 2661//2271
f 2661//2271 4634//4433 4632//4428
f 2661//2271 4632//4428 2662//2272
f 2662//2272 4632//4428 2938//2554
f 2939//2555 4631//4427 2940//2556
f 2940//2556 4631//4427 4635//4434
f 2940//2556 4635//4434 4636//4435
f 7573//4436 2933//2549 4638//4437
f 4638//4437 2933//2549 2931//2547
f 4638//4437 2931//2547 4636//4435
f 4636//4435 2931//2547 2930//2546
f 4636//4435 2930//2546 2940//2556
f 7537//4438 2929//2545 4640//4439
f 4640//4439 2929//2545 2936//2552
f 4640//4439 2936//2552 7573//4436
f 7573//4436 2936//2552 2935//2551
f 7573//4436 2935//2551 2933//2549
f 7514//4440 2919//2535 2921//2537
f 7537//4438 4642//4441 2929//2545
f 2929//2545 4642//4441 4643//4442
s 0
f 2929//4443 4643//4443 2927//4443
s 1
f 2927//2543 4643//4444 7514//4440
f 2927//2543 7514//4440 2925//2541
f 2925//2541 7514//4440 2921//2537
f 2919//2535 7514//4440 2917//2533
f 2917//2533 7514//4440 4644//4445
f 2917//2533 4644//4445 2922//2538
f 2922//2538 4644//4445 7501//4446
f 2922//2538 7501//4446 4395//4172
f 4646//4447 2916//2532 4647//4448
f 4647//4448 2916//2532 2924//2540
f 4647//4448 2924//2540 4396//4173
f 4396//4173 2924//2540 2923//2539
f 4396//4173 2923//2539 2922//2538
f 7498//4449 2911//2527 4649//4450
f 4649//4450 2911//2527 2913//2529
f 4649//4450 2913//2529 4646//4447
f 4646//4447 2913//2529 2914//2530
f 4646//4447 2914//2530 2916//2532
f 7498//4449 4650//4451 2911//2527
f 2911//2527 4650//4451 4651//4452
f 2911//2527 4651//4452 2910//2526
f 2910//2526 4651//4452 2908//2524
f 2908//2524 4651//4452 7694//4453
f 2908//2524 7694//4453 2907//2523
f 2907//2523 7694//4453 7695//4454
f 2907//2523 7695//4454 2905//2521
f 2905//2521 7695//4454 2898//2514
f 2898//2514 7695//4454 7712//4455
f 2898//2514 7712//4455 7541//4170
f 7711//4456 2894//2510 2904//2520
f 2904//2520 2903//2519 7711//4456
f 7711//4456 2903//2519 2901//2517
f 7711//4456 2901//2517 4394//4171
f 4394//4171 2901//2517 2899//2515
f 4394//4171 2899//2515 2898//2514
f 7658//4457 7659//4458 2895//2511
f 2894//2510 7711//4456 2895//2511
f 2895//2511 7711//4456 7677//4459
f 2895//2511 7677//4459 7658//4457
f 2897//2513 4659//4460 2891//2507
f 2891//2507 4659//4460 4660//4461
f 2891//2507 4660//4461 2892//2508
f 7659//4458 7641//4462 2895//2511
f 2895//2511 7641//4462 4659//4460
f 2895//2511 4659//4460 2896//2512
f 2896//2512 4659//4460 2897//2513
f 2889//2505 2888//2504 4404//4181
f 4404//4181 2888//2504 2886//2502
f 4404//4181 2886//2502 4662//4463
f 4662//4463 2886//2502 4663//4464
f 2892//2508 4660//4461 2886//2502
f 2886//2502 4660//4461 4664//4465
f 2886//2502 4664//4465 4663//4464
f 4665//4466 4666//4467 4667//4468
f 4668//4469 4669//4470 4670//4471
f 4671//4472 4672//4473 4673//4474
f 4674//4475 4675//4476 4676//4477
f 4677//4478 4678//4479 4679//4480
f 4680//4481 4681//4482 4682//4483
f 4683//4484 4684//4485 4685//4486
f 4686//4487 4687//4488 4688//4489
f 4689//4490 4690//4491 4691//4492
f 4692//4493 4693//4494 4694//4495
f 4695//4496 4696//4497 4697//4498
f 4698//4499 4699//4500 4700//4501
f 4700//4501 4699//4500 4701//4502
f 4700//4501 4701//4502 4702//4503
f 4702//4503 4701//4502 4703//4504
f 4702//4503 4703//4504 4704//4505
f 4704//4505 4703//4504 4705//4506
f 4704//4505 4705//4506 4706//4507
f 4706//4507 4705//4506 4707//4508
f 4706//4507 4707//4508 4708//4509
f 4708//4509 4707//4508 4709//4510
f 4708//4509 4709//4510 4710//4511
f 4710//4511 4709//4510 4711//4512
f 4710//4511 4711//4512 4712//4513
f 4712//4513 4711//4512 4713//4514
f 4712//4513 4713//4514 4714//4515
f 4714//4515 4713//4514 4715//4516
f 4714//4515 4715//4516 4716//4517
f 4717//4518 4698//4499 4718//4519
f 4718//4519 4698//4499 4700//4501
f 4718//4519 4700//4501 4719//4520
f 4719//4520 4700//4501 4702//4503
f 4719//4520 4702//4503 4720//4521
f 4720//4521 4702//4503 4704//4505
f 4720//4521 4704//4505 4721//4522
f 4721//4522 4704//4505 4706//4507
f 4721//4522 4706//4507 4722//4523
f 4722//4523 4706//4507 4708//4509
f 4722//4523 4708//4509 4723//4524
f 4723//4524 4708//4509 4710//4511
f 4723//4524 4710//4511 4724//4525
f 4724//4525 4710//4511 4712//4513
f 4724//4525 4712//4513 4725//4526
f 4725//4526 4712//4513 4714//4515
f 4725//4526 4714//4515 4726//4527
f 4726//4527 4714//4515 4716//4517
f 4699//4500 4727//4528 4701//4502
f 4701//4502 4727//4528 4728//4529
f 4701//4502 4728//4529 4703//4504
f 4703//4504 4728//4529 4729//4530
f 4703//4504 4729//4530 4705//4506
f 4705//4506 4729//4530 4730//4531
f 4705//4506 4730//4531 4707//4508
f 4707//4508 4730//4531 4731//4532
f 4707//4508 4731//4532 4709//4510
f 4709//4510 4731//4532 4732//4533
f 4709//4510 4732//4533 4711//4512
f 4711//4512 4732//4533 4733//4534
f 4711//4512 4733//4534 4713//4514
f 4713//4514 4733//4534 4734//4535
f 4713//4514 4734//4535 4715//4516
f 4715//4516 4734//4535 4735//4536
f 4715//4516 4735//4536 4716//4517
f 4736//4537 7582//4538 4738//4539
f 4738//4539 4737//4540 4739//4541
f 4738//4539 4739//4541 4740//4542
f 4741//4543 4742//4544 4743//4545
f 4740//4542 4744//4546 4738//4539
f 4738//4539 4744//4546 4745//4547
f 4738//4539 4745//4547 4742//4544
f 4742//4544 4745//4547 4746//4548
f 4742//4544 4746//4548 4743//4545
f 4747//4549 4748//4550 4749//4551
f 4750//4552 4751//4553 4752//4554
f 4752//4554 4751//4553 4753//4555
f 4749//4551 4754//4556 4747//4549
f 4747//4549 4754//4556 4755//4557
f 4747//4549 4755//4557 4753//4555
f 4753//4555 4755//4557 4756//4558
f 4753//4555 4756//4558 4752//4554
f 4743//4545 4757//4559 4741//4543
f 4741//4543 4757//4559 4758//4560
f 4741//4543 4758//4560 4748//4550
f 4748//4550 4758//4560 4759//4561
f 4748//4550 4759//4561 4749//4551
f 4727//4528 4736//4537 4728//4529
f 4728//4529 4736//4537 4738//4539
f 4728//4529 4738//4539 4729//4530
f 4729//4530 4738//4539 4742//4544
f 4729//4530 4742//4544 4730//4531
f 4730//4531 4742//4544 4741//4543
f 4730//4531 4741//4543 4731//4532
f 4731//4532 4741//4543 4748//4550
f 4731//4532 4748//4550 4732//4533
f 4732//4533 4748//4550 4747//4549
f 4732//4533 4747//4549 4733//4534
f 4733//4534 4747//4549 4753//4555
f 4733//4534 4753//4555 4734//4535
f 4734//4535 4753//4555 4751//4553
f 4734//4535 4751//4553 4735//4536
f 4760//4562 4761//4563 4762//4564
f 4762//4564 4761//4563 4695//4496
f 4762//4564 4695//4496 4763//4565
f 4763//4565 4695//4496 4697//4498
f 4763//4565 4697//4498 4764//4566
f 4761//4563 4765//4567 4695//4496
f 4695//4496 4765//4567 4766//4568
f 4695//4496 4766//4568 4696//4497
f 4696//4497 4766//4568 4767//4569
f 4696//4497 4767//4569 4768//4570
f 4769//4571 4770//4572 4771//4573
f 4772//4574 4773//4575 4774//4576
f 4774//4576 4773//4575 4775//4577
f 4776//4578 4777//4579 4778//4580
f 4750//4552 4760//4562 4751//4553
f 4751//4553 4760//4562 4762//4564
f 4751//4553 4762//4564 4735//4536
f 4735//4536 4762//4564 4763//4565
f 4735//4536 4763//4565 4716//4517
f 4716//4517 4763//4565 4764//4566
f 4716//4517 4764//4566 4726//4527
f 4779//4581 4780//4582 4781//4583
f 4782//4584 4783//4585 4780//4582
f 4780//4582 4783//4585 4784//4586
f 4780//4582 4784//4586 4781//4583
f 4785//4587 4786//4588 4787//4589
f 4785//4587 4788//4590 4786//4588
f 4786//4588 4788//4590 4789//4591
f 4786//4588 4789//4591 4790//4592
f 4790//4592 4789//4591 4791//4593
f 4790//4592 4791//4593 4792//4594
f 4781//4583 4793//4595 4779//4581
f 4779//4581 4793//4595 4794//4596
f 4779//4581 4794//4596 4787//4589
f 4787//4589 4794//4596 4795//4597
f 4787//4589 4795//4597 4785//4587
f 4796//4598 4797//4599 4798//4600
f 4798//4600 4799//4601 4796//4598
f 4796//4598 4799//4601 4800//4602
f 4796//4598 4800//4602 4801//4603
f 4802//4604 4803//4605 4804//4606
f 4804//4606 4803//4605 4805//4607
f 4694//4495 4806//4608 4692//4493
f 4692//4493 4806//4608 4807//4609
f 4692//4493 4807//4609 4805//4607
f 4805//4607 4807//4609 4808//4610
f 4805//4607 4808//4610 4804//4606
f 4800//4602 4809//4611 4801//4603
f 4801//4603 4809//4611 4810//4612
f 4801//4603 4810//4612 4811//4613
f 4811//4613 4810//4612 4812//4614
f 4811//4613 4812//4614 4693//4494
f 4693//4494 4812//4614 4813//4615
f 4693//4494 4813//4615 4694//4495
f 4814//4616 4773//4575 4815//4617
f 4815//4617 4773//4575 4772//4574
f 4815//4617 4772//4574 4816//4618
f 4816//4618 4772//4574 4817//4619
f 4816//4618 4817//4619 4818//4620
f 4818//4620 4817//4619 4819//4621
f 4818//4620 4819//4621 4820//4622
f 4820//4622 4819//4621 4782//4584
f 4820//4622 4782//4584 4821//4623
f 4821//4623 4782//4584 4780//4582
f 4821//4623 4780//4582 4822//4624
f 4822//4624 4780//4582 4779//4581
f 4822//4624 4779//4581 4823//4625
f 4823//4625 4779//4581 4787//4589
f 4823//4625 4787//4589 4824//4626
f 4824//4626 4787//4589 4786//4588
f 4824//4626 4786//4588 4825//4627
f 4825//4627 4786//4588 4790//4592
f 4825//4627 4790//4592 4826//4628
f 4826//4628 4790//4592 4792//4594
f 4826//4628 4792//4594 4827//4629
f 4827//4629 4792//4594 4797//4599
f 4827//4629 4797//4599 4828//4630
f 4828//4630 4797//4599 4796//4598
f 4828//4630 4796//4598 4829//4631
f 4829//4631 4796//4598 4801//4603
f 4829//4631 4801//4603 4830//4632
f 4830//4632 4801//4603 4811//4613
f 4830//4632 4811//4613 4831//4633
f 4831//4633 4811//4613 4693//4494
f 4831//4633 4693//4494 4832//4634
f 4832//4634 4693//4494 4692//4493
f 4832//4634 4692//4493 4833//4635
f 4833//4635 4692//4493 4805//4607
f 4833//4635 4805//4607 4834//4636
f 4834//4636 4805//4607 4803//4605
f 4834//4636 4803//4605 4835//4637
f 4791//4593 4836//4638 4792//4594
f 4792//4594 4836//4638 4837//4639
f 4792//4594 4837//4639 4797//4599
f 4797//4599 4837//4639 4838//4640
f 4797//4599 4838//4640 4798//4600
f 4839//4641 4814//4616 4840//4642
f 4840//4642 4814//4616 4815//4617
f 4840//4642 4815//4617 4841//4643
f 4841//4643 4815//4617 4816//4618
f 4841//4643 4816//4618 4842//4644
f 4842//4644 4816//4618 4818//4620
f 4842//4644 4818//4620 4843//4645
f 4843//4645 4818//4620 4820//4622
f 4843//4645 4820//4622 4844//4646
f 4844//4646 4820//4622 4821//4623
f 4844//4646 4821//4623 4845//4647
f 4845//4647 4821//4623 4822//4624
f 4845//4647 4822//4624 4846//4648
f 4846//4648 4822//4624 4823//4625
f 4846//4648 4823//4625 4847//4649
f 4847//4649 4823//4625 4824//4626
f 4847//4649 4824//4626 4848//4650
f 4848//4650 4824//4626 4825//4627
f 4848//4650 4825//4627 4849//4651
f 4849//4651 4825//4627 4826//4628
f 4849//4651 4826//4628 4850//4652
f 4850//4652 4826//4628 4827//4629
f 4850//4652 4827//4629 4851//4653
f 4851//4653 4827//4629 4828//4630
f 4851//4653 4828//4630 4852//4654
f 4852//4654 4828//4630 4829//4631
f 4852//4654 4829//4631 4853//4655
f 4853//4655 4829//4631 4830//4632
f 4853//4655 4830//4632 4854//4656
f 4854//4656 4830//4632 4831//4633
f 4854//4656 4831//4633 4855//4657
f 4855//4657 4831//4633 4832//4634
f 4855//4657 4832//4634 4856//4658
f 4856//4658 4832//4634 4833//4635
f 4856//4658 4833//4635 4857//4659
f 4857//4659 4833//4635 4834//4636
f 4857//4659 4834//4636 4858//4660
f 4858//4660 4834//4636 4835//4637
f 4858//4660 4835//4637 4859//4661
f 4774//4576 4860//4662 4772//4574
f 4772//4574 4860//4662 4861//4663
f 4772//4574 4861//4663 4817//4619
f 4817//4619 4861//4663 4862//4664
f 4817//4619 4862//4664 4819//4621
f 4819//4621 4862//4664 4863//4665
f 4819//4621 4863//4665 4782//4584
f 4782//4584 4863//4665 4864//4666
f 4782//4584 4864//4666 4783//4585
f 4865//4667 4866//4668 4867//4669
f 4868//4670 4869//4671 4870//4672
f 4871//4673 4678//4479 4872//4674
f 4872//4674 4678//4479 4677//4478
f 4872//4674 4677//4478 4873//4675
f 4871//4673 4680//4481 4874//4676
f 4875//4677 4876//4678 4877//4679
f 4875//4677 4877//4679 4878//4680
f 4691//4492 4690//4491 4879//4681
f 4879//4681 4690//4491 4880//4682
f 4879//4681 4880//4682 4881//4683
f 4881//4683 4880//4682 4882//4684
f 4881//4683 4882//4684 4883//4685
f 4883//4685 4882//4684 4884//4686
f 4883//4685 4884//4686 4885//4687
f 4885//4687 4884//4686 4886//4688
f 4885//4687 4886//4688 4887//4689
f 4887//4689 4886//4688 4888//4690
f 4887//4689 4888//4690 4889//4691
f 4889//4691 4888//4690 4890//4692
f 4889//4691 4890//4692 4891//4693
f 4891//4693 4890//4692 4892//4694
f 4891//4693 4892//4694 4893//4695
f 4893//4695 4892//4694 4894//4696
f 4893//4695 4894//4696 4895//4697
f 4895//4697 4894//4696 4896//4698
f 4895//4697 4896//4698 4897//4699
f 4897//4699 4896//4698 4898//4700
f 4897//4699 4898//4700 4899//4701
f 4899//4701 4898//4700 4900//4702
f 4899//4701 4900//4702 4901//4703
f 4901//4703 4900//4702 4902//4704
f 4901//4703 4902//4704 4903//4705
f 4903//4705 4902//4704 4866//4668
f 4903//4705 4866//4668 4904//4706
f 4904//4706 4866//4668 4865//4667
f 4904//4706 4865//4667 4905//4707
f 4906//4708 4907//4709 4905//4707
f 4908//4710 4909//4711 4910//4712
f 4911//4713 4912//4714 4906//4708
f 4906//4708 4912//4714 4913//4715
f 4906//4708 4913//4715 4907//4709
f 4907//4709 4913//4715 4914//4716
f 4907//4709 4914//4716 4909//4711
f 4909//4711 4914//4716 4915//4717
f 4909//4711 4915//4717 4910//4712
f 4916//4718 4917//4719 4918//4720
f 4910//4712 4919//4721 4908//4710
f 4908//4710 4919//4721 4920//4722
f 4908//4710 4920//4722 4918//4720
f 4918//4720 4920//4722 4921//4723
f 4918//4720 4921//4723 4916//4718
f 4922//4724 4923//4725 4924//4726
f 4925//4727 4926//4728 4927//4729
f 4924//4726 4928//4730 4922//4724
f 4922//4724 4928//4730 4929//4731
f 4922//4724 4929//4731 4927//4729
f 4927//4729 4929//4731 4930//4732
f 4927//4729 4930//4732 4925//4727
f 4931//4733 4932//4734 4933//4735
f 4933//4735 4932//4734 4934//4736
f 4935//4737 4936//4738 4934//4736
f 4934//4736 4936//4738 4937//4739
f 4934//4736 4937//4739 4933//4735
f 4925//4727 4938//4740 4926//4728
f 4926//4728 4938//4740 4939//4741
f 4926//4728 4939//4741 4940//4742
f 4940//4742 4939//4741 4941//4743
f 4940//4742 4941//4743 4935//4737
f 4935//4737 4941//4743 4942//4744
f 4935//4737 4942//4744 4936//4738
f 4916//4718 4943//4745 4917//4719
f 4917//4719 4943//4745 4944//4746
f 4917//4719 4944//4746 4945//4747
f 4945//4747 4944//4746 4946//4748
f 4945//4747 4946//4748 4947//4749
f 4947//4749 4946//4748 4948//4750
f 4947//4749 4948//4750 4923//4725
f 4923//4725 4948//4750 4949//4751
f 4923//4725 4949//4751 4924//4726
f 4905//4707 4907//4709 4904//4706
f 4904//4706 4907//4709 4909//4711
f 4904//4706 4909//4711 4903//4705
f 4903//4705 4909//4711 4908//4710
f 4903//4705 4908//4710 4901//4703
f 4901//4703 4908//4710 4918//4720
f 4901//4703 4918//4720 4899//4701
f 4899//4701 4918//4720 4917//4719
f 4899//4701 4917//4719 4897//4699
f 4897//4699 4917//4719 4945//4747
f 4897//4699 4945//4747 4895//4697
f 4895//4697 4945//4747 4947//4749
f 4895//4697 4947//4749 4893//4695
f 4893//4695 4947//4749 4923//4725
f 4893//4695 4923//4725 4891//4693
f 4891//4693 4923//4725 4922//4724
f 4891//4693 4922//4724 4889//4691
f 4889//4691 4922//4724 4927//4729
f 4889//4691 4927//4729 4887//4689
f 4887//4689 4927//4729 4926//4728
f 4887//4689 4926//4728 4885//4687
f 4885//4687 4926//4728 4940//4742
f 4885//4687 4940//4742 4883//4685
f 4883//4685 4940//4742 4935//4737
f 4883//4685 4935//4737 4881//4683
f 4881//4683 4935//4737 4934//4736
f 4881//4683 4934//4736 4879//4681
f 4879//4681 4934//4736 4932//4734
f 4879//4681 4932//4734 4691//4492
f 4950//4752 4951//4753 4952//4754
f 4953//4755 4685//4486 4954//4756
f 4954//4756 4685//4486 4684//4485
f 4954//4756 4684//4485 4686//4487
f 4955//4757 4869//4671 4956//4758
f 4956//4758 4869//4671 4868//4670
f 4956//4758 4868//4670 4957//4759
f 4680//4481 4682//4483 4874//4676
f 4874//4676 4682//4483 4958//4760
f 4874//4676 4958//4760 4959//4761
f 4960//4762 4961//4763 4962//4764
f 4963//4765 4964//4766 4965//4767
f 4965//4767 4964//4766 4966//4768
f 4965//4767 4966//4768 4967//4769
f 4967//4769 4966//4768 4670//4471
f 4967//4769 4670//4471 4968//4770
f 4968//4770 4670//4471 4669//4470
f 4968//4770 4969//4771 4967//4769
f 4967//4769 4969//4771 4950//4752
f 4967//4769 4950//4752 4965//4767
f 4965//4767 4950//4752 4952//4754
f 4965//4767 4952//4754 4963//4765
f 4963//4765 4952//4754 4687//4488
f 4970//4772 4971//4773 4972//4774
f 4686//4487 4688//4489 4954//4756
f 4954//4756 4688//4489 4970//4772
f 4954//4756 4970//4772 4953//4755
f 4953//4755 4970//4772 4972//4774
f 4953//4755 4972//4774 4973//4775
f 4870//4672 4974//4776 4868//4670
f 4868//4670 4974//4776 4975//4777
f 4868//4670 4975//4777 4957//4759
f 4957//4759 4975//4777 4676//4477
f 4957//4759 4676//4477 4976//4778
f 4976//4778 4676//4477 4675//4476
f 4974//4776 4683//4484 4975//4777
f 4975//4777 4683//4484 4685//4486
f 4975//4777 4685//4486 4676//4477
f 4676//4477 4685//4486 4953//4755
f 4676//4477 4953//4755 4674//4475
f 4674//4475 4953//4755 4973//4775
f 4969//4771 4977//4779 4950//4752
f 4950//4752 4977//4779 4978//4780
f 4950//4752 4978//4780 4951//4753
f 4951//4753 4978//4780 4979//4781
f 4951//4753 4979//4781 4980//4782
f 4687//4488 4952//4754 4688//4489
f 4688//4489 4952//4754 4951//4753
f 4688//4489 4951//4753 4970//4772
f 4970//4772 4951//4753 4980//4782
f 4970//4772 4980//4782 4971//4773
f 4981//4783 4958//4760 4955//4757
f 4955//4757 4958//4760 4682//4483
f 4955//4757 4682//4483 4869//4671
f 4869//4671 4682//4483 4681//4482
f 4869//4671 4681//4482 4870//4672
f 4982//4784 4873//4675 4983//4785
f 4983//4785 4873//4675 4677//4478
f 4983//4785 4677//4478 4673//4474
f 4673//4474 4677//4478 4679//4480
f 4673//4474 4679//4480 4671//4472
f 4671//4472 4679//4480 4984//4786
f 4985//4787 4986//4788 4960//4762
f 4960//4762 4986//4788 4987//4789
f 4960//4762 4987//4789 4961//4763
f 4961//4763 4987//4789 4988//4790
f 4672//4473 4985//4787 4673//4474
f 4673//4474 4985//4787 4960//4762
f 4673//4474 4960//4762 4983//4785
f 4983//4785 4960//4762 4962//4764
f 4983//4785 4962//4764 4982//4784
f 4981//4783 4989//4791 4958//4760
f 4958//4760 4989//4791 4990//4792
f 4958//4760 4990//4792 4959//4761
f 4959//4761 4990//4792 4991//4793
f 4959//4761 4991//4793 4992//4794
f 4871//4673 4874//4676 4678//4479
f 4678//4479 4874//4676 4959//4761
f 4678//4479 4959//4761 4679//4480
f 4679//4480 4959//4761 4992//4794
f 4679//4480 4992//4794 4984//4786
f 4976//4778 4993//4795 4957//4759
f 4957//4759 4993//4795 4994//4796
f 4957//4759 4994//4796 4956//4758
f 4956//4758 4994//4796 4995//4797
f 4956//4758 4995//4797 4955//4757
f 4955//4757 4995//4797 4996//4798
f 4955//4757 4996//4798 4981//4783
f 4964//4766 4689//4490 4966//4768
f 4966//4768 4689//4490 4691//4492
f 4966//4768 4691//4492 4670//4471
f 4670//4471 4691//4492 4932//4734
f 4670//4471 4932//4734 4668//4469
f 4668//4469 4932//4734 4931//4733
s 0
f 7761//4799 4997//4799 7764//4799
s 1
f 7763//4800 7565//4801 7530//4802
s 0
f 4400//4803 7934//4803 7566//4803
f 7566//4804 7934//4804 4402//4805
s 1
f 7564//4806 7900//4179 4999//4807
f 4999//4807 7900//4179 4403//4180
f 4999//4807 4403//4180 5000//4808
s 0
f 7532//4809 5002//4809 7749//4809
s 1
f 4412//4189 5003//4810 4413//4190
f 4413//4190 5003//4810 5004//4811
f 4412//4189 4411//4188 5003//4810
f 5003//4810 4411//4188 7753//4183
f 5003//4810 4406//4812 7777//4813
f 7777//4813 4406//4812 4405//4814
f 7777//4813 4405//4814 4407//4815
s 0
f 7750//4816 4408//4817 7533//4818
f 7533//4819 4408//4820 7720//4819
f 7531//4821 7719//4821 7529//4821
f 4998//4822 4409//4822 4410//4822
f 4998//4823 4410//4823 4401//4823
s 1
f 5005//4824 4415//4192 5004//4811
f 5004//4811 4415//4192 4414//4191
f 5004//4811 4414//4191 4413//4190
s 0
f 7732//4825 7663//4825 7735//4825
f 5007//4826 7664//4827 4420//4827
f 4420//4828 4419//4829 5007//4829
f 5007//4830 4419//4830 7648//4830
f 7736//4831 7647//4831 5008//4831
s 1
f 7826//4832 4418//4833 4417//4194
f 7826//4832 4417//4194 5005//4824
f 5005//4824 4417//4194 4416//4193
f 5005//4824 4416//4193 4415//4192
f 7848//4834 7726//4208 7781//4175
f 7848//4834 7781//4175 7782//4835
f 5011//4836 5012//4837 4426//4838
f 7768//4203 4425//4202 5011//4836
f 5011//4836 4425//4202 4429//4206
f 5011//4836 4429//4206 5009//4839
f 5009//4839 4429//4206 4430//4840
f 5009//4839 4430//4840 4431//4841
s 0
f 4398//4842 4421//4843 5010//4843
f 5010//4844 4421//4844 7675//4845
f 7783//4846 7676//4846 7733//4846
f 5006//4847 4422//4848 4423//4848
f 5006//4849 4423//4849 4424//4850
s 1
f 5013//4851 4428//4205 7850//4852
f 7850//4852 4428//4205 7769//4204
f 5012//4837 4427//4853 4426//4838
s 0
f 4441//4854 5014//4854 7559//4854
f 7558//4855 7682//4855 7685//4855
f 4441//4856 4435//4857 5014//4858
f 5014//4859 4435//4860 7579//4861
f 7683//4862 7580//4862 7688//4862
s 1
f 5016//4863 4434//4864 4433//4210
f 5016//4863 4433//4210 5013//4851
f 5013//4851 4433//4210 4432//4209
f 5013//4851 4432//4209 4428//4205
f 7708//4865 7994//4866 7627//4867
s 0
f 4437//4868 7995//4868 7992//4868
s 1
f 5019//4869 7528//4223 7994//4866
s 0
f 5018//4870 4445//4871 4444//4872
f 5018//4870 4444//4872 4447//4873
f 7628//4874 4436//4875 5017//4875
f 5017//4875 4436//4875 7602//4876
f 7707//4877 7603//4877 7686//4877
f 5015//4878 4438//4879 4439//4878
f 5015//4878 4439//4878 4440//4878
s 1
f 4452//4231 7642//4880 5021//4881
f 4452//4231 4443//4232 5020//4882
f 5020//4882 4443//4232 4442//4225
f 5020//4882 4442//4225 5019//4869
f 5019//4869 4442//4225 4446//4224
f 5019//4869 4446//4224 7528//4223
f 7979//4883 4449//4228 5021//4881
f 5021//4881 4449//4228 4448//4227
f 5021//4881 4448//4227 4452//4231
s 0
f 7959//4884 7775//4884 7666//4884
s 1
f 4454//4885 4457//4886 5023//4887
f 5023//4887 4457//4886 7977//4888
f 5023//4887 7977//4888 7979//4883
s 0
f 5022//4889 4451//4889 8003//4889
s 1
f 7979//4883 4450//4890 4449//4228
s 0
f 4397//4891 7670//4892 7835//4893
f 7836//4894 7669//4894 7689//4894
s 1
f 4667//4468 4467//4248 4462//4242
f 4667//4468 4462//4242 5027//4895
f 4462//4242 4461//4241 5027//4895
f 5027//4895 4461//4241 7984//4240
s 0
f 7710//4896 7985//4896 7690//4896
f 7691//4897 4460//4898 4459//4897
f 7691//4899 4459//4899 4458//4900
f 4397//4891 4453//4901 7670//4902
f 7670//4892 4453//4901 7967//4903
f 7668//4904 7969//4904 7665//4904
f 5024//4905 4456//4905 4455//4905
f 5024//4906 4455//4906 7961//4906
s 1
f 4467//4248 4667//4468 4466//4247
f 4466//4247 4667//4468 4666//4467
f 4466//4247 4666//4467 4463//4243
s 0
f 7890//4907 7704//4907 7700//4907
f 4615//4908 4616//4909 5028//4909
f 5028//4910 4616//4910 4617//4911
s 1
f 7705//4912 7895//4410 5030//4913
f 5030//4913 7895//4410 7922//4411
f 7706//4914 4618//4915 4590//4381
s 0
f 7881//4916 7482//4917 7473//4916
f 7472//4918 7484//4918 7475//4918
s 1
f 4606//4399 4607//4400 5033//4919
f 5033//4919 4607//4400 7944//4401
f 5033//4919 7944//4401 7477//4920
s 0
f 7476//4921 4608//4921 7940//4921
f 7476//4921 7940//4921 4610//4921
f 7881//4922 7882//4923 7482//4922
f 7482//4924 7882//4925 7886//4926
f 7483//4927 7885//4927 7699//4927
f 5029//4928 4613//4929 4614//4928
f 5029//4930 4614//4930 7891//4931
s 1
f 7905//4932 7906//4933 7937//4934
f 7937//4934 7906//4933 4622//4417
s 0
f 7828//4935 8038//4936 7830//4936
f 7830//4937 8038//4937 7858//4938
f 7857//4939 4619//4940 7860//4941
f 7860//4940 4619//4940 7904//4942
s 1
f 7809//4943 4629//4944 7807//4945
f 5038//4946 4633//4430 4630//4429
s 0
f 7808//4947 4627//4947 7813//4947
f 7813//4948 4627//4948 7843//4949
f 7814//4950 4626//4950 7829//4950
s 1
f 4603//4396 4604//4397 5040//4951
f 5040//4951 4604//4397 4605//4398
f 5040//4951 4605//4398 4606//4399
f 5041//4952 5042//4953 5043//4954
f 5041//4952 5043//4954 5044//4955
f 5045//4956 5033//4919 5046//4957
f 5046//4957 5033//4919 5032//4958
f 5046//4957 5032//4958 5047//4959
f 5047//4959 5032//4958 5031//4960
f 5047//4959 5031//4960 5048//4961
f 5048//4961 5031//4960 7698//4962
f 5048//4961 7698//4962 5049//4963
f 5049//4963 7698//4962 7703//4964
f 5049//4963 7703//4964 5043//4954
f 5043//4954 7703//4964 7706//4914
f 5043//4954 7706//4914 5044//4955
f 5044//4955 7706//4914 4590//4381
f 5044//4955 4590//4381 4591//4382
s 0
f 4620//4965 5034//4965 7862//4965
s 1
f 5036//4966 7937//4934 5050//4967
f 5036//4966 5050//4967 5051//4968
f 5052//4969 4631//4427 5053//4970
f 7487//4971 4631//4427 4632//4428
f 7487//4971 4632//4428 5038//4946
f 5038//4946 4632//4428 4634//4433
f 5038//4946 4634//4433 4633//4430
f 7574//4972 4636//4435 5052//4969
f 5052//4969 4636//4435 4635//4434
f 5052//4969 4635//4434 4631//4427
s 0
f 7562//4973 7517//4973 7536//4973
f 7538//4974 7515//4975 8008//4976
f 4639//4977 8014//4977 7561//4977
f 7561//4978 8014//4978 7572//4979
f 5055//4980 7571//4980 5054//4980
s 1
f 7574//4972 4637//4981 8015//4982
f 7574//4972 8015//4982 4636//4435
f 7616//4983 4395//4172 7501//4446
s 0
f 5057//4984 7500//4984 7503//4984
s 1
f 4395//4172 7616//4983 4396//4173
f 4396//4173 7616//4983 5059//4985
f 4396//4173 5059//4985 4647//4448
s 0
f 4645//4986 7935//4986 7502//4986
f 7502//4987 7935//4987 7513//4987
f 5058//4988 7512//4988 7516//4988
f 7515//4975 4641//4989 8009//4989
f 7515//4990 8009//4990 8008//4990
s 1
f 4651//4452 5060//4991 8006//4992
s 0
f 7543//4993 7551//4993 7540//4993
f 4393//4994 7550//4995 7947//4996
f 7542//4997 4654//4998 7545//4997
f 7545//4999 4654//4999 7697//4999
f 5062//5000 7696//5000 5061//5000
s 1
f 8006//4992 4653//5001 4652//5002
f 8006//4992 4652//5002 4651//4452
f 7896//5003 4661//5004 7660//5005
s 0
f 5064//5006 7661//5006 7898//5006
s 1
f 4661//5004 7896//5003 4659//4460
f 4659//4460 7896//5003 5066//5007
f 4659//4460 5066//5007 4660//4461
s 0
f 4657//5008 4656//5009 5065//5009
f 5065//5009 4656//5009 7679//5010
f 7899//5011 7678//5011 5063//5011
f 7550//4995 4658//5012 4655//5013
f 7550//4995 4655//5013 7947//5014
s 1
f 4651//4452 4650//4451 5060//4991
f 5060//4991 4650//4451 7498//4449
f 5060//4991 7498//4449 7499//5015
f 5067//5016 4648//5017 7553//5018
f 5067//5016 7553//5018 5059//4985
f 5059//4985 4649//4450 4646//4447
f 5059//4985 4646//4447 4647//4448
f 4403//4180 4404//4181 5000//4808
f 5000//4808 4404//4181 4662//4463
f 5000//4808 4662//4463 5068//5019
f 5068//5019 4662//4463 4663//4464
f 5068//5019 4663//4464 5066//5007
f 5066//5007 4663//4464 4664//4465
f 5066//5007 4664//4465 4660//4461
f 5069//5020 5045//4956 5070//5021
f 5070//5021 5045//4956 5046//4957
f 5070//5021 5046//4957 5071//5022
f 5071//5022 5046//4957 5047//4959
f 5071//5022 5047//4959 5072//5023
f 5072//5023 5047//4959 5048//4961
f 5072//5023 5048//4961 5073//5024
f 5073//5024 5048//4961 5049//4963
f 5073//5024 5049//4963 5074//5025
f 5074//5025 5049//4963 5043//4954
f 5074//5025 5043//4954 5075//5026
f 5075//5026 5043//4954 5042//4953
f 5075//5026 5042//4953 5076//5027
f 5077//5028 5069//5020 5078//5029
f 5078//5029 5069//5020 5070//5021
f 5078//5029 5070//5021 5079//5030
f 5079//5030 5070//5021 5071//5022
f 5079//5030 5071//5022 5080//5031
f 5080//5031 5071//5022 5072//5023
f 5080//5031 5072//5023 5081//5032
f 5081//5032 5072//5023 5073//5024
f 5081//5032 5073//5024 5082//5033
f 5082//5033 5073//5024 5074//5025
f 5082//5033 5074//5025 5083//5034
f 5083//5034 5074//5025 5075//5026
f 5083//5034 5075//5026 5084//5035
f 5084//5035 5075//5026 5076//5027
f 5084//5035 5076//5027 5085//5036
f 5086//5037 5051//4968 5087//5038
f 5087//5038 5051//4968 5050//4967
f 5087//5038 5050//4967 5088//5039
f 5088//5039 5050//4967 7937//4934
f 5088//5039 7937//4934 5089//5040
f 5089//5040 7937//4934 4622//4417
f 5089//5040 4622//4417 4603//4396
f 5085//5036 5090//5041 5084//5035
f 5084//5035 5090//5041 5091//5042
f 5084//5035 5091//5042 5083//5034
f 5083//5034 5091//5042 5092//5043
f 5083//5034 5092//5043 5082//5033
f 5082//5033 5092//5043 5093//5044
f 5082//5033 5093//5044 5081//5032
f 5081//5032 5093//5044 5094//5045
f 5081//5032 5094//5045 5080//5031
f 5080//5031 5094//5045 5095//5046
f 5080//5031 5095//5046 5079//5030
f 5079//5030 5095//5046 5096//5047
f 5079//5030 5096//5047 5078//5029
f 5078//5029 5096//5047 5097//5048
f 5078//5029 5097//5048 5077//5028
f 5077//5028 5097//5048 5098//5049
f 5077//5028 5098//5049 5099//5050
f 5099//5050 5098//5049 5100//5051
f 5099//5050 5100//5051 5101//5052
f 5101//5052 5100//5051 5102//5053
f 5101//5052 5102//5053 5103//5054
f 5103//5054 5102//5053 5104//5055
f 5103//5054 5104//5055 5105//5056
f 5105//5056 5104//5055 5106//5057
f 5105//5056 5106//5057 5107//5058
f 5107//5058 5106//5057 4776//4578
f 5107//5058 4776//4578 4769//4571
f 4769//4571 4776//4578 4778//4580
f 4769//4571 4778//4580 4770//4572
f 4603//4396 5040//4951 5089//5040
f 5089//5040 5040//4951 5108//5059
f 5089//5040 5108//5059 5088//5039
f 5088//5039 5108//5059 5109//5060
f 5088//5039 5109//5060 5087//5038
f 5087//5038 5109//5060 5110//5061
f 5087//5038 5110//5061 5086//5037
f 5086//5037 5110//5061 5111//5062
f 5086//5037 5111//5062 5112//5063
f 5112//5063 5111//5062 5113//5064
f 5112//5063 5113//5064 5114//5065
f 5114//5065 5113//5064 5115//5066
f 5114//5065 5115//5066 4839//4641
f 4606//4399 5033//4919 5040//4951
f 5040//4951 5033//4919 5045//4956
f 5040//4951 5045//4956 5108//5059
f 5108//5059 5045//4956 5069//5020
f 5108//5059 5069//5020 5109//5060
f 5109//5060 5069//5020 5077//5028
f 5109//5060 5077//5028 5110//5061
f 5110//5061 5077//5028 5099//5050
f 5110//5061 5099//5050 5111//5062
f 5111//5062 5099//5050 5101//5052
f 5111//5062 5101//5052 5113//5064
f 5113//5064 5101//5052 5103//5054
f 5113//5064 5103//5054 5115//5066
f 5115//5066 5103//5054 5105//5056
f 5115//5066 5105//5056 4839//4641
f 4839//4641 5105//5056 5107//5058
f 4839//4641 5107//5058 4814//4616
f 4814//4616 5107//5058 4769//4571
f 4814//4616 4769//4571 4773//4575
f 4773//4575 4769//4571 4771//4573
f 4773//4575 4771//4573 4775//4577
s 0
f 4625//5067 7832//5067 5039//5067
s 1
f 7812//5068 5035//5069 5116//5070
f 7812//5068 5116//5070 5117//5071
f 5117//5071 5116//5070 5118//5072
f 5117//5071 5118//5072 5119//5073
f 5119//5073 5118//5072 5120//5074
f 5119//5073 5120//5074 5121//5075
f 5121//5075 5120//5074 5122//5076
f 5121//5075 5122//5076 5123//5077
s 0
f 4628//5078 7815//5078 5037//5078
s 1
f 7809//4943 7812//5068 5117//5071
f 7809//4943 5117//5071 5124//5079
f 5124//5079 5117//5071 5119//5073
f 5124//5079 5119//5073 5125//5080
f 5125//5080 5119//5073 5121//5075
f 5125//5080 5121//5075 5126//5081
f 5126//5081 5121//5075 5123//5077
f 5126//5081 5123//5077 5127//5082
s 0
f 4623//5083 7861//5083 7831//5083
s 1
f 5035//5069 5036//4966 5051//4968
f 5035//5069 5051//4968 5116//5070
f 5116//5070 5051//4968 5086//5037
f 5116//5070 5086//5037 5118//5072
f 5118//5072 5086//5037 5112//5063
f 5118//5072 5112//5063 5120//5074
f 5120//5074 5112//5063 5114//5065
f 5120//5074 5114//5065 5122//5076
f 5122//5076 5114//5065 4839//4641
f 5122//5076 4839//4641 5123//5077
f 5123//5077 4839//4641 4840//4642
f 5123//5077 4840//4642 5127//5082
f 5127//5082 4840//4642 4841//4643
f 5127//5082 4841//4643 5128//5084
f 5128//5084 4841//4643 4842//4644
f 5128//5084 4842//4644 5129//5085
f 5129//5085 4842//4644 4843//4645
f 5129//5085 4843//4645 5130//5086
f 5130//5086 4843//4645 4844//4646
f 5130//5086 4844//4646 5131//5087
f 5131//5087 4844//4646 4845//4647
f 5131//5087 4845//4647 5132//5088
f 5132//5088 4845//4647 4846//4648
f 5132//5088 4846//4648 5133//5089
f 5133//5089 4846//4648 4847//4649
f 5133//5089 4847//4649 5134//5090
f 5134//5090 4847//4649 4848//4650
f 5134//5090 4848//4650 5135//5091
f 5135//5091 4848//4650 4849//4651
f 5135//5091 4849//4651 5136//5092
f 5136//5092 4849//4651 4850//4652
f 5136//5092 4850//4652 5137//5093
f 5137//5093 4850//4652 4851//4653
f 5137//5093 4851//4653 5138//5094
f 5138//5094 4851//4653 4852//4654
f 5138//5094 4852//4654 5139//5095
f 5139//5095 4852//4654 4853//4655
f 5139//5095 4853//4655 5140//5096
f 5140//5096 4853//4655 4854//4656
f 5140//5096 4854//4656 5141//5097
f 5141//5097 4854//4656 4855//4657
f 5141//5097 4855//4657 5142//5098
f 5142//5098 4855//4657 4856//4658
f 5142//5098 4856//4658 5143//5099
f 5143//5099 4856//4658 4857//4659
f 5143//5099 4857//4659 5144//5100
f 5144//5100 4857//4659 4858//4660
f 5144//5100 4858//4660 5145//5101
f 5145//5101 4858//4660 4859//4661
f 5145//5101 4859//4661 5146//5102
f 5090//5041 4717//4518 5091//5042
f 5091//5042 4717//4518 4718//4519
f 5091//5042 4718//4519 5092//5043
f 5092//5043 4718//4519 4719//4520
f 5092//5043 4719//4520 5093//5044
f 5093//5044 4719//4520 4720//4521
f 5093//5044 4720//4521 5094//5045
f 5094//5045 4720//4521 4721//4522
f 5094//5045 4721//4522 5095//5046
f 5095//5046 4721//4522 4722//4523
f 5095//5046 4722//4523 5096//5047
f 5096//5047 4722//4523 4723//4524
f 5096//5047 4723//4524 5097//5048
f 5097//5048 4723//4524 4724//4525
f 5097//5048 4724//4525 5098//5049
f 5098//5049 4724//4525 4725//4526
f 5098//5049 4725//4526 5100//5051
f 5100//5051 4725//4526 4726//4527
f 5100//5051 4726//4527 5102//5053
f 5102//5053 4726//4527 4764//4566
f 5102//5053 4764//4566 5104//5055
f 5104//5055 4764//4566 4697//4498
f 5104//5055 4697//4498 5106//5057
f 5106//5057 4697//4498 4696//4497
f 5106//5057 4696//4497 4776//4578
f 4776//4578 4696//4497 4768//4570
f 4776//4578 4768//4570 4777//4579
f 5147//5103 5148//5104 5149//5105
f 5149//5105 5148//5104 5150//5106
f 5149//5105 5150//5106 5151//5107
f 5151//5107 5150//5106 5152//5108
f 5151//5107 5152//5108 5153//5109
f 5153//5109 5152//5108 5154//5110
f 5153//5109 5154//5110 5155//5111
f 5155//5111 5154//5110 5156//5112
f 5155//5111 5156//5112 5157//5113
f 5157//5113 5156//5112 5158//5114
f 5157//5113 5158//5114 5159//5115
f 5159//5115 5158//5114 5160//5116
f 5159//5115 5160//5116 5161//5117
f 5161//5117 5160//5116 5162//5118
f 5161//5117 5162//5118 5163//5119
f 5163//5119 5162//5118 5164//5120
f 5163//5119 5164//5120 5165//5121
f 5165//5121 5164//5120 5166//5122
f 5165//5121 5166//5122 5167//5123
f 5167//5123 5166//5122 5168//5124
f 5167//5123 5168//5124 5169//5125
f 5169//5125 5168//5124 5170//5126
f 5169//5125 5170//5126 5171//5127
f 5171//5127 5170//5126 5172//5128
f 5171//5127 5172//5128 5173//5129
f 5173//5129 5172//5128 5174//5130
f 5173//5129 5174//5130 5175//5131
f 5175//5131 5174//5130 5176//5132
f 5175//5131 5176//5132 5177//5133
f 5177//5133 5176//5132 5178//5134
f 5177//5133 5178//5134 5179//5135
f 5179//5135 5178//5134 5180//5136
f 5179//5135 5180//5136 5181//5137
f 5181//5137 5180//5136 5182//5138
f 5181//5137 5182//5138 5183//5139
f 5183//5139 5182//5138 5184//5140
f 5183//5139 5184//5140 5185//5141
f 5185//5141 5184//5140 5186//5142
f 5185//5141 5186//5142 5187//5143
f 5187//5143 5186//5142 5188//5144
f 5187//5143 5188//5144 5189//5145
f 5189//5145 5188//5144 5190//5146
f 5189//5145 5190//5146 5191//5147
f 5191//5147 5190//5146 5192//5148
f 5191//5147 5192//5148 5193//5149
f 5193//5149 5192//5148 5194//5150
f 5193//5149 5194//5150 5195//5151
f 5195//5151 5194//5150 5196//5152
f 5195//5151 5196//5152 5197//5153
f 5197//5153 5196//5152 5198//5154
f 5197//5153 5198//5154 5199//5155
f 5199//5155 5198//5154 5200//5156
f 5199//5155 5200//5156 5201//5157
f 5201//5157 5200//5156 5202//5158
f 5201//5157 5202//5158 5203//5159
f 5203//5159 5202//5158 5204//5160
f 5203//5159 5204//5160 5205//5161
f 5205//5161 5204//5160 5206//5162
f 5205//5161 5206//5162 5207//5163
f 5207//5163 5206//5162 5208//5164
f 5207//5163 5208//5164 5209//5165
f 5209//5165 5208//5164 5210//5166
f 5209//5165 5210//5166 5211//5167
f 5211//5167 5210//5166 5212//5168
f 5211//5167 5212//5168 5213//5169
f 5213//5169 5212//5168 5214//5170
f 5213//5169 5214//5170 5215//5171
f 5215//5171 5214//5170 5216//5172
f 5215//5171 5216//5172 5217//5173
f 5217//5173 5216//5172 5218//5174
f 5217//5173 5218//5174 5219//5175
f 5219//5175 5218//5174 5220//5176
f 5219//5175 5220//5176 5221//5177
f 5221//5177 5220//5176 5222//5178
f 5221//5177 5222//5178 5223//5179
f 5223//5179 5222//5178 5224//5180
f 5223//5179 5224//5180 5225//5181
f 5225//5181 5224//5180 5226//5182
f 5225//5181 5226//5182 5227//5183
f 5227//5183 5226//5182 5228//5184
f 5227//5183 5228//5184 5229//5185
f 5229//5185 5228//5184 5230//5186
f 5229//5185 5230//5186 5231//5187
f 5231//5187 5230//5186 5232//5188
f 5231//5187 5232//5188 5233//5189
f 5233//5189 5232//5188 5234//5190
f 5233//5189 5234//5190 5235//5191
f 5235//5191 5234//5190 5236//5192
f 5235//5191 5236//5192 5237//5193
f 5237//5193 5236//5192 5238//5194
f 5237//5193 5238//5194 5239//5195
f 5239//5195 5238//5194 5240//5196
f 5239//5195 5240//5196 5241//5197
f 5241//5197 5240//5196 5242//5198
f 5241//5197 5242//5198 5243//5199
f 5243//5199 5242//5198 5244//5200
f 5243//5199 5244//5200 5245//5201
f 5245//5201 5244//5200 5246//5202
f 5245//5201 5246//5202 5247//5203
f 5247//5203 5246//5202 5248//5204
f 5148//5104 4665//4466 5150//5106
f 5150//5106 4665//4466 4667//4468
f 5150//5106 4667//4468 5152//5108
f 5152//5108 4667//4468 5027//4895
f 5152//5108 5027//4895 5154//5110
f 5154//5110 5027//4895 5026//5205
f 5154//5110 5026//5205 5156//5112
f 5156//5112 5026//5205 5025//5206
f 5156//5112 5025//5206 5158//5114
f 5158//5114 5025//5206 7667//5207
f 5158//5114 7667//5207 5160//5116
f 5160//5116 7667//5207 5023//4887
f 5160//5116 5023//4887 5162//5118
f 5162//5118 5023//4887 7979//4883
f 5162//5118 7979//4883 5164//5120
f 5164//5120 7979//4883 5021//4881
f 5164//5120 5021//4881 5166//5122
f 5166//5122 5021//4881 5020//4882
f 5166//5122 5020//4882 5168//5124
f 5168//5124 5020//4882 5019//4869
f 5168//5124 5019//4869 5170//5126
f 5170//5126 5019//4869 7994//4866
f 5170//5126 7994//4866 5172//5128
f 5172//5128 7994//4866 7708//4865
f 5172//5128 7708//4865 5174//5130
f 5174//5130 7708//4865 7687//5208
f 5174//5130 7687//5208 5176//5132
f 5176//5132 7687//5208 7684//5209
f 5176//5132 7684//5209 5178//5134
f 5178//5134 7684//5209 5016//4863
f 5178//5134 5016//4863 5180//5136
f 5180//5136 5016//4863 5013//4851
f 5180//5136 5013//4851 5182//5138
f 5182//5138 5013//4851 5012//4837
f 5182//5138 5012//4837 5184//5140
f 5184//5140 5012//4837 5011//4836
f 5184//5140 5011//4836 5186//5142
f 5186//5142 5011//4836 5009//4839
f 5186//5142 5009//4839 5188//5144
f 5188//5144 5009//4839 7784//5210
f 5188//5144 7784//5210 5190//5146
f 5190//5146 7784//5210 7734//5211
f 5190//5146 7734//5211 5192//5148
f 5192//5148 7734//5211 7737//5212
f 5192//5148 7737//5212 5194//5150
f 5194//5150 7737//5212 7826//4832
f 5194//5150 7826//4832 5196//5152
f 5196//5152 7826//4832 5005//4824
f 5196//5152 5005//4824 5198//5154
f 5198//5154 5005//4824 5004//4811
f 5198//5154 5004//4811 5200//5156
f 5200//5156 5004//4811 5003//4810
f 5200//5156 5003//4810 5202//5158
f 5202//5158 5003//4810 7777//4813
f 5202//5158 7777//4813 5204//5160
f 5204//5160 7777//4813 5001//5213
f 5204//5160 5001//5213 5206//5162
f 5206//5162 5001//5213 7530//4802
f 5206//5162 7530//4802 5208//5164
f 5208//5164 7530//4802 7565//4801
f 5208//5164 7565//4801 5210//5166
f 5210//5166 7565//4801 4999//4807
f 5210//5166 4999//4807 5212//5168
f 5212//5168 4999//4807 5000//4808
f 5212//5168 5000//4808 5214//5170
f 5214//5170 5000//4808 5068//5019
f 5214//5170 5068//5019 5216//5172
f 5216//5172 5068//5019 5066//5007
f 5216//5172 5066//5007 5218//5174
f 5218//5174 5066//5007 7896//5003
f 5218//5174 7896//5003 5220//5176
f 5220//5176 7896//5003 7897//5214
f 5220//5176 7897//5214 5222//5178
f 5222//5178 7897//5214 7552//5215
f 5222//5178 7552//5215 5224//5180
f 5224//5180 7552//5215 7544//5216
f 5224//5180 7544//5216 5226//5182
f 5226//5182 7544//5216 8006//4992
f 5226//5182 8006//4992 5228//5184
f 5228//5184 8006//4992 5060//4991
f 5228//5184 5060//4991 5230//5186
f 5230//5186 5060//4991 5067//5016
f 5230//5186 5067//5016 5232//5188
f 5232//5188 5067//5016 5059//4985
f 5232//5188 5059//4985 5234//5190
f 5234//5190 5059//4985 7616//4983
f 5234//5190 7616//4983 5236//5192
f 5236//5192 7616//4983 7504//5217
f 5236//5192 7504//5217 5238//5194
f 5238//5194 7504//5217 5056//5218
f 5238//5194 5056//5218 5240//5196
f 5240//5196 5056//5218 7563//5219
f 5240//5196 7563//5219 5242//5198
f 5242//5198 7563//5219 7574//4972
f 5242//5198 7574//4972 5244//5200
f 5244//5200 7574//4972 5052//4969
f 5244//5200 5052//4969 5246//5202
f 5246//5202 5052//4969 7487//4971
f 5246//5202 7487//4971 5248//5204
f 5248//5204 7487//4971 5038//4946
f 4867//4669 4866//4668 5249//5220
f 5249//5220 4866//4668 4902//4704
f 5249//5220 4902//4704 5250//5221
f 5250//5221 4902//4704 4900//4702
f 5250//5221 4900//4702 5251//5222
f 5251//5222 4900//4702 4898//4700
f 5251//5222 4898//4700 5252//5223
f 5252//5223 4898//4700 4896//4698
f 5252//5223 4896//4698 5253//5224
f 5253//5224 4896//4698 4894//4696
f 5253//5224 4894//4696 5254//5225
f 5254//5225 4894//4696 4892//4694
f 5254//5225 4892//4694 5255//5226
f 5255//5226 4892//4694 4890//4692
f 5255//5226 4890//4692 5256//5227
f 5256//5227 4890//4692 4888//4690
f 5256//5227 4888//4690 5257//5228
f 5257//5228 4888//4690 4886//4688
f 5257//5228 4886//4688 5258//5229
f 5258//5229 4886//4688 4884//4686
f 5258//5229 4884//4686 5259//5230
f 5259//5230 4884//4686 4882//4684
f 5259//5230 4882//4684 5260//5231
f 5260//5231 4882//4684 4880//4682
f 5260//5231 4880//4682 5261//5232
f 5261//5232 4880//4682 4690//4491
f 5261//5232 4690//4491 5262//5233
f 5262//5233 4690//4491 4689//4490
f 5262//5233 4689//4490 5263//5234
f 5263//5234 4689//4490 4964//4766
f 5263//5234 4964//4766 5264//5235
f 5264//5235 4964//4766 4963//4765
f 5264//5235 4963//4765 5265//5236
f 5265//5236 4963//4765 4687//4488
f 5265//5236 4687//4488 5266//5237
f 5266//5237 4687//4488 4686//4487
f 5266//5237 4686//4487 5267//5238
f 5267//5238 4686//4487 4684//4485
f 5267//5238 4684//4485 5268//5239
f 5268//5239 4684//4485 4683//4484
f 5268//5239 4683//4484 5269//5240
f 5269//5240 4683//4484 4974//4776
f 5269//5240 4974//4776 5270//5241
f 5270//5241 4974//4776 4870//4672
f 5270//5241 4870//4672 5271//5242
f 5271//5242 4870//4672 4681//4482
f 5271//5242 4681//4482 5272//5243
f 5272//5243 4681//4482 4680//4481
f 5272//5243 4680//4481 5273//5244
f 5273//5244 4680//4481 4871//4673
f 5273//5244 4871//4673 5274//5245
f 5274//5245 4871//4673 4872//4674
f 5274//5245 4872//4674 5275//5246
f 5275//5246 4872//4674 4873//4675
f 5275//5246 4873//4675 4877//4679
f 4877//4679 4873//4675 4982//4784
f 4877//4679 4982//4784 4878//4680
f 4878//4680 4982//4784 4962//4764
f 4878//4680 4962//4764 5276//5247
f 5276//5247 4962//4764 4961//4763
f 5276//5247 4961//4763 5277//5248
f 5277//5248 4961//4763 4988//4790
f 5277//5248 4988//4790 5278//5249
f 4867//4669 5146//5102 4865//4667
f 4865//4667 5146//5102 4859//4661
f 4865//4667 4859//4661 4905//4707
f 4905//4707 4859//4661 4835//4637
f 4905//4707 4835//4637 4906//4708
f 4906//4708 4835//4637 4803//4605
f 4906//4708 4803//4605 4911//4713
f 4911//4713 4803//4605 4802//4604
f 4876//4678 5147//5103 4877//4679
f 4877//4679 5147//5103 5149//5105
f 4877//4679 5149//5105 5275//5246
f 5275//5246 5149//5105 5151//5107
f 5275//5246 5151//5107 5274//5245
f 5274//5245 5151//5107 5153//5109
f 5274//5245 5153//5109 5273//5244
f 5273//5244 5153//5109 5155//5111
f 5273//5244 5155//5111 5272//5243
f 5272//5243 5155//5111 5157//5113
f 5272//5243 5157//5113 5271//5242
f 5271//5242 5157//5113 5159//5115
f 5271//5242 5159//5115 5270//5241
f 5270//5241 5159//5115 5161//5117
f 5270//5241 5161//5117 5269//5240
f 5269//5240 5161//5117 5163//5119
f 5269//5240 5163//5119 5268//5239
f 5268//5239 5163//5119 5165//5121
f 5268//5239 5165//5121 5267//5238
f 5267//5238 5165//5121 5167//5123
f 5267//5238 5167//5123 5266//5237
f 5266//5237 5167//5123 5169//5125
f 5266//5237 5169//5125 5265//5236
f 5265//5236 5169//5125 5171//5127
f 5265//5236 5171//5127 5264//5235
f 5264//5235 5171//5127 5173//5129
f 5264//5235 5173//5129 5263//5234
f 5263//5234 5173//5129 5175//5131
f 5263//5234 5175//5131 5262//5233
f 5262//5233 5175//5131 5177//5133
f 5262//5233 5177//5133 5261//5232
f 5261//5232 5177//5133 5179//5135
f 5261//5232 5179//5135 5260//5231
f 5260//5231 5179//5135 5181//5137
f 5260//5231 5181//5137 5259//5230
f 5259//5230 5181//5137 5183//5139
f 5259//5230 5183//5139 5258//5229
f 5258//5229 5183//5139 5185//5141
f 5258//5229 5185//5141 5257//5228
f 5257//5228 5185//5141 5187//5143
f 5257//5228 5187//5143 5256//5227
f 5256//5227 5187//5143 5189//5145
f 5256//5227 5189//5145 5255//5226
f 5255//5226 5189//5145 5191//5147
f 5255//5226 5191//5147 5254//5225
f 5254//5225 5191//5147 5193//5149
f 5254//5225 5193//5149 5253//5224
f 5253//5224 5193//5149 5195//5151
f 5253//5224 5195//5151 5252//5223
f 5252//5223 5195//5151 5197//5153
f 5252//5223 5197//5153 5251//5222
f 5251//5222 5197//5153 5199//5155
f 5251//5222 5199//5155 5250//5221
f 5250//5221 5199//5155 5201//5157
f 5250//5221 5201//5157 5249//5220
f 5249//5220 5201//5157 5203//5159
f 5249//5220 5203//5159 4867//4669
f 4867//4669 5203//5159 5205//5161
f 4867//4669 5205//5161 5146//5102
f 5146//5102 5205//5161 5207//5163
f 5146//5102 5207//5163 5145//5101
f 5145//5101 5207//5163 5209//5165
f 5145//5101 5209//5165 5144//5100
f 5144//5100 5209//5165 5211//5167
f 5144//5100 5211//5167 5143//5099
f 5143//5099 5211//5167 5213//5169
f 5143//5099 5213//5169 5142//5098
f 5142//5098 5213//5169 5215//5171
f 5142//5098 5215//5171 5141//5097
f 5141//5097 5215//5171 5217//5173
f 5141//5097 5217//5173 5140//5096
f 5140//5096 5217//5173 5219//5175
f 5140//5096 5219//5175 5139//5095
f 5139//5095 5219//5175 5221//5177
f 5139//5095 5221//5177 5138//5094
f 5138//5094 5221//5177 5223//5179
f 5138//5094 5223//5179 5137//5093
f 5137//5093 5223//5179 5225//5181
f 5137//5093 5225//5181 5136//5092
f 5136//5092 5225//5181 5227//5183
f 5136//5092 5227//5183 5135//5091
f 5135//5091 5227//5183 5229//5185
f 5135//5091 5229//5185 5134//5090
f 5134//5090 5229//5185 5231//5187
f 5134//5090 5231//5187 5133//5089
f 5133//5089 5231//5187 5233//5189
f 5133//5089 5233//5189 5132//5088
f 5132//5088 5233//5189 5235//5191
f 5132//5088 5235//5191 5131//5087
f 5131//5087 5235//5191 5237//5193
f 5131//5087 5237//5193 5130//5086
f 5130//5086 5237//5193 5239//5195
f 5130//5086 5239//5195 5129//5085
f 5129//5085 5239//5195 5241//5197
f 5129//5085 5241//5197 5128//5084
f 5128//5084 5241//5197 5243//5199
f 5128//5084 5243//5199 5127//5082
f 5127//5082 5243//5199 5245//5201
f 5127//5082 5245//5201 5126//5081
f 5126//5081 5245//5201 5247//5203
f 5126//5081 5247//5203 5125//5080
f 5125//5080 5247//5203 5248//5204
f 5125//5080 5248//5204 5124//5079
f 5124//5079 5248//5204 5038//4946
f 5124//5079 5038//4946 7809//4943
f 7809//4943 5038//4946 4630//4429
f 7809//4943 4630//4429 4629//4944
f 4665//4466 5148//5104 5279//5250
f 5280//5251 5281//5252 5282//5253
f 5283//5254 5284//5255 5285//5256
f 5286//5257 5287//5258 5288//5259
f 5289//5260 5290//5261 5291//5262
f 5292//5263 5277//5248 5278//5249
f 5293//5264 4876//4678 5294//5265
f 5294//5265 4876//4678 4875//4677
f 5294//5265 4875//4677 4878//4680
f 5295//5266 5296//5267 5297//5268
f 5278//5249 5298//5269 5292//5263
f 5292//5263 5298//5269 5299//5270
f 5292//5263 5299//5270 5296//5267
f 5296//5267 5299//5270 5300//5271
f 5296//5267 5300//5271 5297//5268
f 5301//5272 5302//5273 5303//5274
f 5304//5275 5305//5276 5306//5277
f 5301//5272 5307//5278 5302//5273
f 5302//5273 5307//5278 5308//5279
f 5302//5273 5308//5279 5306//5277
f 5306//5277 5308//5279 5309//5280
f 5306//5277 5309//5280 5304//5275
f 5297//5268 5310//5281 5295//5266
f 5295//5266 5310//5281 5311//5282
f 5295//5266 5311//5282 5303//5274
f 5303//5274 5311//5282 5312//5283
f 5303//5274 5312//5283 5301//5272
f 5313//5284 5314//5285 5315//5286
f 5316//5287 5317//5288 5314//5285
f 5314//5285 5317//5288 5318//5289
f 5314//5285 5318//5289 5315//5286
f 5319//5290 5320//5291 5321//5292
f 5321//5292 5322//5293 5319//5290
f 5319//5290 5322//5293 5323//5294
f 5319//5290 5323//5294 5324//5295
f 5315//5286 5325//5296 5313//5284
f 5313//5284 5325//5296 5326//5297
f 5313//5284 5326//5297 5320//5291
f 5320//5291 5326//5297 5327//5298
f 5320//5291 5327//5298 5321//5292
f 5304//5275 5328//5299 5305//5276
f 5305//5276 5328//5299 5329//5300
f 5305//5276 5329//5300 5330//5301
f 5330//5301 5329//5300 5331//5302
f 5330//5301 5331//5302 5316//5287
f 5316//5287 5331//5302 5332//5303
f 5316//5287 5332//5303 5317//5288
f 5333//5304 5334//5305 5335//5306
f 5336//5307 5337//5308 5334//5305
f 5334//5305 5337//5308 5338//5309
f 5334//5305 5338//5309 5335//5306
f 5339//5310 5340//5311 5341//5312
f 5339//5310 5342//5313 5340//5311
f 5340//5311 5342//5313 5343//5314
f 5340//5311 5343//5314 5344//5315
f 5344//5315 5343//5314 5345//5316
f 5344//5315 5345//5316 5346//5317
f 5335//5306 5347//5318 5333//5304
f 5333//5304 5347//5318 5348//5319
f 5333//5304 5348//5319 5341//5312
f 5341//5312 5348//5319 5349//5320
f 5341//5312 5349//5320 5339//5310
f 5350//5321 5351//5322 5352//5323
f 5352//5323 5353//5324 5350//5321
f 5350//5321 5353//5324 5354//5325
f 5350//5321 5354//5325 5355//5326
f 5356//5327 5357//5328 5358//5329
f 5358//5329 5357//5328 5359//5330
f 5291//5262 5360//5331 5289//5260
f 5289//5260 5360//5331 5361//5332
f 5289//5260 5361//5332 5359//5330
f 5359//5330 5361//5332 5362//5333
f 5359//5330 5362//5333 5358//5329
f 5354//5325 5363//5334 5355//5326
f 5355//5326 5363//5334 5364//5335
f 5355//5326 5364//5335 5365//5336
f 5365//5336 5364//5335 5366//5337
f 5365//5336 5366//5337 5290//5261
f 5290//5261 5366//5337 5367//5338
f 5290//5261 5367//5338 5291//5262
f 5276//5247 5277//5248 5368//5339
f 5368//5339 5277//5248 5292//5263
f 5368//5339 5292//5263 5369//5340
f 5369//5340 5292//5263 5296//5267
f 5369//5340 5296//5267 5370//5341
f 5370//5341 5296//5267 5295//5266
f 5370//5341 5295//5266 5371//5342
f 5371//5342 5295//5266 5303//5274
f 5371//5342 5303//5274 5372//5343
f 5372//5343 5303//5274 5302//5273
f 5372//5343 5302//5273 5373//5344
f 5373//5344 5302//5273 5306//5277
f 5373//5344 5306//5277 5374//5345
f 5374//5345 5306//5277 5305//5276
f 5374//5345 5305//5276 5375//5346
f 5375//5346 5305//5276 5330//5301
f 5375//5346 5330//5301 5376//5347
f 5376//5347 5330//5301 5316//5287
f 5376//5347 5316//5287 5377//5348
f 5377//5348 5316//5287 5314//5285
f 5377//5348 5314//5285 5378//5349
f 5378//5349 5314//5285 5313//5284
f 5378//5349 5313//5284 5379//5350
f 5379//5350 5313//5284 5320//5291
f 5379//5350 5320//5291 5380//5351
f 5380//5351 5320//5291 5319//5290
f 5380//5351 5319//5290 5381//5352
f 5381//5352 5319//5290 5324//5295
f 5381//5352 5324//5295 5382//5353
f 5382//5353 5324//5295 5383//5354
f 5382//5353 5383//5354 5384//5355
f 5384//5355 5383//5354 5385//5356
f 5384//5355 5385//5356 5386//5357
f 5386//5357 5385//5356 5336//5307
f 5386//5357 5336//5307 5387//5358
f 5387//5358 5336//5307 5334//5305
f 5387//5358 5334//5305 5388//5359
f 5388//5359 5334//5305 5333//5304
f 5388//5359 5333//5304 5389//5360
f 5389//5360 5333//5304 5341//5312
f 5389//5360 5341//5312 5390//5361
f 5390//5361 5341//5312 5340//5311
f 5390//5361 5340//5311 5391//5362
f 5391//5362 5340//5311 5344//5315
f 5391//5362 5344//5315 5392//5363
f 5392//5363 5344//5315 5346//5317
f 5392//5363 5346//5317 5393//5364
f 5393//5364 5346//5317 5351//5322
f 5393//5364 5351//5322 5394//5365
f 5394//5365 5351//5322 5350//5321
f 5394//5365 5350//5321 5395//5366
f 5395//5366 5350//5321 5355//5326
f 5395//5366 5355//5326 5396//5367
f 5396//5367 5355//5326 5365//5336
f 5396//5367 5365//5336 5397//5368
f 5397//5368 5365//5336 5290//5261
f 5397//5368 5290//5261 5398//5369
f 5398//5369 5290//5261 5289//5260
f 5398//5369 5289//5260 5399//5370
f 5399//5370 5289//5260 5359//5330
f 5399//5370 5359//5330 5400//5371
f 5400//5371 5359//5330 5357//5328
f 5400//5371 5357//5328 5401//5372
f 5345//5316 5402//5373 5346//5317
f 5346//5317 5402//5373 5403//5374
f 5346//5317 5403//5374 5351//5322
f 5351//5322 5403//5374 5404//5375
f 5351//5322 5404//5375 5352//5323
f 4878//4680 5276//5247 5294//5265
f 5294//5265 5276//5247 5368//5339
f 5294//5265 5368//5339 5405//5376
f 5405//5376 5368//5339 5369//5340
f 5405//5376 5369//5340 5406//5377
f 5406//5377 5369//5340 5370//5341
f 5406//5377 5370//5341 5407//5378
f 5407//5378 5370//5341 5371//5342
f 5407//5378 5371//5342 5408//5379
f 5408//5379 5371//5342 5372//5343
f 5408//5379 5372//5343 5409//5380
f 5409//5380 5372//5343 5373//5344
f 5409//5380 5373//5344 5410//5381
f 5410//5381 5373//5344 5374//5345
f 5410//5381 5374//5345 5411//5382
f 5411//5382 5374//5345 5375//5346
f 5411//5382 5375//5346 5412//5383
f 5412//5383 5375//5346 5376//5347
f 5412//5383 5376//5347 5413//5384
f 5413//5384 5376//5347 5377//5348
f 5413//5384 5377//5348 5414//5385
f 5414//5385 5377//5348 5378//5349
f 5414//5385 5378//5349 5415//5386
f 5415//5386 5378//5349 5379//5350
f 5415//5386 5379//5350 5416//5387
f 5416//5387 5379//5350 5380//5351
f 5416//5387 5380//5351 5417//5388
f 5417//5388 5380//5351 5381//5352
f 5417//5388 5381//5352 5418//5389
f 5418//5389 5381//5352 5382//5353
f 5418//5389 5382//5353 5419//5390
f 5419//5390 5382//5353 5384//5355
f 5419//5390 5384//5355 5420//5391
f 5420//5391 5384//5355 5386//5357
f 5420//5391 5386//5357 5421//5392
f 5421//5392 5386//5357 5387//5358
f 5421//5392 5387//5358 5422//5393
f 5422//5393 5387//5358 5388//5359
f 5422//5393 5388//5359 5423//5394
f 5423//5394 5388//5359 5389//5360
f 5423//5394 5389//5360 5424//5395
f 5424//5395 5389//5360 5390//5361
f 5424//5395 5390//5361 5425//5396
f 5425//5396 5390//5361 5391//5362
f 5425//5396 5391//5362 5426//5397
f 5426//5397 5391//5362 5392//5363
f 5426//5397 5392//5363 5427//5398
f 5427//5398 5392//5363 5393//5364
f 5427//5398 5393//5364 5428//5399
f 5428//5399 5393//5364 5394//5365
f 5428//5399 5394//5365 5429//5400
f 5429//5400 5394//5365 5395//5366
f 5429//5400 5395//5366 5430//5401
f 5430//5401 5395//5366 5396//5367
f 5430//5401 5396//5367 5431//5402
f 5431//5402 5396//5367 5397//5368
f 5431//5402 5397//5368 5432//5403
f 5432//5403 5397//5368 5398//5369
f 5432//5403 5398//5369 5433//5404
f 5433//5404 5398//5369 5399//5370
f 5433//5404 5399//5370 5434//5405
f 5434//5405 5399//5370 5400//5371
f 5434//5405 5400//5371 5435//5406
f 5435//5406 5400//5371 5401//5372
f 5435//5406 5401//5372 5436//5407
f 5323//5294 5437//5408 5324//5295
f 5324//5295 5437//5408 5438//5409
f 5324//5295 5438//5409 5383//5354
f 5383//5354 5438//5409 5439//5410
f 5383//5354 5439//5410 5385//5356
f 5385//5356 5439//5410 5440//5411
f 5385//5356 5440//5411 5336//5307
f 5336//5307 5440//5411 5441//5412
f 5336//5307 5441//5412 5337//5308
f 5293//5264 5294//5265 5442//5413
f 5442//5413 5294//5265 5405//5376
f 5442//5413 5405//5376 5443//5414
f 5443//5414 5405//5376 5406//5377
f 5443//5414 5406//5377 5444//5415
f 5444//5415 5406//5377 5407//5378
f 5444//5415 5407//5378 5445//5416
f 5445//5416 5407//5378 5408//5379
f 5445//5416 5408//5379 5446//5417
f 5446//5417 5408//5379 5409//5380
f 5446//5417 5409//5380 5447//5418
f 5447//5418 5409//5380 5410//5381
f 5447//5418 5410//5381 5448//5419
f 5448//5419 5410//5381 5411//5382
f 5448//5419 5411//5382 5449//5420
f 5449//5420 5411//5382 5412//5383
f 5449//5420 5412//5383 5450//5421
f 5450//5421 5412//5383 5413//5384
f 5450//5421 5413//5384 5451//5422
f 5451//5422 5413//5384 5414//5385
f 5451//5422 5414//5385 5452//5423
f 5452//5423 5414//5385 5415//5386
f 5452//5423 5415//5386 5453//5424
f 5453//5424 5415//5386 5416//5387
f 5453//5424 5416//5387 5454//5425
f 5454//5425 5416//5387 5417//5388
f 5454//5425 5417//5388 5455//5426
f 5455//5426 5417//5388 5418//5389
f 5455//5426 5418//5389 5456//5427
f 5456//5427 5418//5389 5419//5390
f 5456//5427 5419//5390 5457//5428
f 5457//5428 5419//5390 5420//5391
f 5457//5428 5420//5391 5458//5429
f 5458//5429 5420//5391 5421//5392
f 5458//5429 5421//5392 5459//5430
f 5459//5430 5421//5392 5422//5393
f 5459//5430 5422//5393 5460//5431
f 5460//5431 5422//5393 5423//5394
f 5460//5431 5423//5394 5461//5432
f 5461//5432 5423//5394 5424//5395
f 5461//5432 5424//5395 5462//5433
f 5462//5433 5424//5395 5425//5396
f 5462//5433 5425//5396 5463//5434
f 5463//5434 5425//5396 5426//5397
f 5463//5434 5426//5397 5464//5435
f 5464//5435 5426//5397 5427//5398
f 5464//5435 5427//5398 5465//5436
f 5465//5436 5427//5398 5428//5399
f 5465//5436 5428//5399 5466//5437
f 5466//5437 5428//5399 5429//5400
f 5466//5437 5429//5400 5467//5438
f 5467//5438 5429//5400 5430//5401
f 5467//5438 5430//5401 5468//5439
f 5468//5439 5430//5401 5431//5402
f 5468//5439 5431//5402 5469//5440
f 5469//5440 5431//5402 5432//5403
f 5469//5440 5432//5403 5470//5441
f 5470//5441 5432//5403 5433//5404
f 5470//5441 5433//5404 5471//5442
f 5471//5442 5433//5404 5434//5405
f 5471//5442 5434//5405 5472//5443
f 5472//5443 5434//5405 5435//5406
f 5472//5443 5435//5406 5473//5444
f 5473//5444 5435//5406 5436//5407
f 5473//5444 5436//5407 5474//5445
f 5283//5254 5475//5446 5284//5255
f 5284//5255 5475//5446 5476//5447
f 5284//5255 5476//5447 5477//5448
f 5477//5448 5476//5447 5478//5449
f 5477//5448 5478//5449 5479//5450
f 5479//5450 5478//5449 5480//5451
f 5479//5450 5480//5451 5481//5452
f 5481//5452 5480//5451 5482//5453
f 5481//5452 5482//5453 5483//5454
f 5483//5454 5482//5453 5484//5455
f 5483//5454 5484//5455 5485//5456
f 5485//5456 5484//5455 5486//5457
f 5485//5456 5486//5457 5487//5458
f 5487//5458 5486//5457 5488//5459
f 5487//5458 5488//5459 5489//5460
f 5489//5460 5488//5459 5490//5461
f 5489//5460 5490//5461 5491//5462
f 5491//5462 5490//5461 5492//5463
f 5491//5462 5492//5463 5493//5464
f 5493//5464 5492//5463 5494//5465
f 5493//5464 5494//5465 5495//5466
f 5495//5466 5494//5465 5496//5467
f 5495//5466 5496//5467 5497//5468
f 5497//5468 5496//5467 5498//5469
f 5497//5468 5498//5469 5499//5470
f 5499//5470 5498//5469 5500//5471
f 5499//5470 5500//5471 5501//5472
f 5501//5472 5500//5471 5502//5473
f 5501//5472 5502//5473 5503//5474
f 5504//5475 5505//5476 5506//5477
f 5506//5477 5505//5476 5507//5478
f 5506//5477 5507//5478 5508//5479
f 5508//5479 5507//5478 5509//5480
f 5508//5479 5509//5480 5510//5481
f 5510//5481 5509//5480 5511//5482
f 5510//5481 5511//5482 5512//5483
f 5512//5483 5511//5482 5513//5484
f 5288//5259 5513//5484 5286//5257
f 5286//5257 5513//5484 5511//5482
f 5286//5257 5511//5482 5514//5485
f 5514//5485 5511//5482 5509//5480
f 5514//5485 5509//5480 5515//5486
f 5515//5486 5509//5480 5507//5478
f 5515//5486 5507//5478 5516//5487
f 5516//5487 5507//5478 5505//5476
f 4698//4499 4717//4518 5517//5488
f 5517//5488 4717//4518 5518//5489
f 5517//5488 5518//5489 5519//5490
f 5519//5490 5518//5489 5520//5491
f 5519//5490 5520//5491 5521//5492
f 5521//5492 5520//5491 5522//5493
f 5521//5492 5522//5493 5523//5494
f 5523//5494 5522//5493 5524//5495
f 5523//5494 5524//5495 5525//5496
f 5525//5496 5524//5495 5526//5497
f 5525//5496 5526//5497 5527//5498
f 5527//5498 5526//5497 5528//5499
f 5527//5498 5528//5499 5529//5500
f 5529//5500 5528//5499 5530//5501
f 5529//5500 5530//5501 5531//5502
f 5531//5502 5530//5501 5532//5503
f 5531//5502 5532//5503 5533//5504
f 5534//5505 5535//5506 5536//5507
f 5536//5507 5535//5506 5537//5508
f 5536//5507 5537//5508 5538//5509
f 5538//5509 5537//5508 5539//5510
f 5538//5509 5539//5510 5540//5511
f 5540//5511 5539//5510 5541//5512
f 5540//5511 5541//5512 5542//5513
f 5542//5513 5541//5512 5543//5514
f 5542//5513 5543//5514 5544//5515
f 5544//5515 5543//5514 5545//5516
f 5544//5515 5545//5516 5546//5517
f 5546//5517 5545//5516 5547//5518
f 5546//5517 5547//5518 5548//5519
f 5548//5519 5547//5518 5504//5475
f 5548//5519 5504//5475 5549//5520
f 5549//5520 5504//5475 5506//5477
f 5549//5520 5506//5477 5550//5521
f 5550//5521 5506//5477 5508//5479
f 5550//5521 5508//5479 5551//5522
f 5551//5522 5508//5479 5510//5481
f 5551//5522 5510//5481 5552//5523
f 5552//5523 5510//5481 5512//5483
f 5552//5523 5512//5483 5553//5524
f 5553//5524 5512//5483 5513//5484
f 5553//5524 5513//5484 5554//5525
f 5554//5525 5513//5484 5288//5259
f 4699//4500 4698//4499 5535//5506
f 5535//5506 4698//4499 5517//5488
f 5535//5506 5517//5488 5537//5508
f 5537//5508 5517//5488 5519//5490
f 5537//5508 5519//5490 5539//5510
f 5539//5510 5519//5490 5521//5492
f 5539//5510 5521//5492 5541//5512
f 5541//5512 5521//5492 5523//5494
f 5541//5512 5523//5494 5543//5514
f 5543//5514 5523//5494 5525//5496
f 5543//5514 5525//5496 5545//5516
f 5545//5516 5525//5496 5527//5498
f 5545//5516 5527//5498 5547//5518
f 5547//5518 5527//5498 5529//5500
f 5547//5518 5529//5500 5504//5475
f 5504//5475 5529//5500 5531//5502
f 5504//5475 5531//5502 5505//5476
f 5505//5476 5531//5502 5533//5504
f 5505//5476 5533//5504 5516//5487
f 5285//5256 5284//5255 5555//5526
f 5555//5526 5284//5255 5477//5448
f 5555//5526 5477//5448 5556//5527
f 5556//5527 5477//5448 5479//5450
f 5556//5527 5479//5450 5557//5528
f 5557//5528 5479//5450 5481//5452
f 5557//5528 5481//5452 5558//5529
f 5558//5529 5481//5452 5483//5454
f 5558//5529 5483//5454 5559//5530
f 5559//5530 5483//5454 5485//5456
f 5559//5530 5485//5456 5560//5531
f 5560//5531 5485//5456 5487//5458
f 5560//5531 5487//5458 5561//5532
f 5561//5532 5487//5458 5489//5460
f 5561//5532 5489//5460 5562//5533
f 5562//5533 5489//5460 5491//5462
f 5562//5533 5491//5462 5563//5534
f 5563//5534 5491//5462 5493//5464
f 5563//5534 5493//5464 5564//5535
f 5564//5535 5493//5464 5495//5466
f 5564//5535 5495//5466 5565//5536
f 5565//5536 5495//5466 5497//5468
f 5565//5536 5497//5468 5566//5537
f 5566//5537 5497//5468 5499//5470
f 5566//5537 5499//5470 5567//5538
f 5567//5538 5499//5470 5501//5472
f 5567//5538 5501//5472 5568//5539
f 5568//5539 5501//5472 5503//5474
f 5568//5539 5503//5474 5569//5540
f 5570//5541 5571//5542 5569//5540
f 5572//5543 5573//5544 5574//5545
f 5575//5546 5576//5547 5570//5541
f 5570//5541 5576//5547 5577//5548
f 5570//5541 5577//5548 5571//5542
f 5571//5542 5577//5548 5578//5549
f 5571//5542 5578//5549 5573//5544
f 5573//5544 5578//5549 5579//5550
f 5573//5544 5579//5550 5574//5545
f 5580//5551 5581//5552 5582//5553
f 5574//5545 5583//5554 5572//5543
f 5572//5543 5583//5554 5584//5555
f 5572//5543 5584//5555 5582//5553
f 5582//5553 5584//5555 5585//5556
f 5582//5553 5585//5556 5580//5551
f 5586//5557 5587//5558 5588//5559
f 5588//5559 5589//5560 5586//5557
f 5586//5557 5589//5560 5590//5561
f 5586//5557 5590//5561 5591//5562
f 5592//5563 5593//5564 5594//5565
f 5594//5565 5593//5564 5595//5566
f 5282//5253 5596//5567 5280//5251
f 5280//5251 5596//5567 5597//5568
f 5280//5251 5597//5568 5595//5566
f 5595//5566 5597//5568 5598//5569
f 5595//5566 5598//5569 5594//5565
f 5590//5561 5599//5570 5591//5562
f 5591//5562 5599//5570 5600//5571
f 5591//5562 5600//5571 5601//5572
f 5601//5572 5600//5571 5602//5573
f 5601//5572 5602//5573 5281//5252
f 5281//5252 5602//5573 5603//5574
f 5281//5252 5603//5574 5282//5253
f 5580//5551 5604//5575 5581//5552
f 5581//5552 5604//5575 5605//5576
f 5581//5552 5605//5576 5606//5577
f 5606//5577 5605//5576 5607//5578
f 5606//5577 5607//5578 5608//5579
f 5608//5579 5607//5578 5609//5580
f 5608//5579 5609//5580 5587//5558
f 5587//5558 5609//5580 5610//5581
f 5587//5558 5610//5581 5588//5559
f 5569//5540 5571//5542 5568//5539
f 5568//5539 5571//5542 5573//5544
f 5568//5539 5573//5544 5567//5538
f 5567//5538 5573//5544 5572//5543
f 5567//5538 5572//5543 5566//5537
f 5566//5537 5572//5543 5582//5553
f 5566//5537 5582//5553 5565//5536
f 5565//5536 5582//5553 5581//5552
f 5565//5536 5581//5552 5564//5535
f 5564//5535 5581//5552 5606//5577
f 5564//5535 5606//5577 5563//5534
f 5563//5534 5606//5577 5608//5579
f 5563//5534 5608//5579 5562//5533
f 5562//5533 5608//5579 5587//5558
f 5562//5533 5587//5558 5561//5532
f 5561//5532 5587//5558 5586//5557
f 5561//5532 5586//5557 5560//5531
f 5560//5531 5586//5557 5591//5562
f 5560//5531 5591//5562 5559//5530
f 5559//5530 5591//5562 5601//5572
f 5559//5530 5601//5572 5558//5529
f 5558//5529 5601//5572 5281//5252
f 5558//5529 5281//5252 5557//5528
f 5557//5528 5281//5252 5280//5251
f 5557//5528 5280//5251 5556//5527
f 5556//5527 5280//5251 5595//5566
f 5556//5527 5595//5566 5555//5526
f 5555//5526 5595//5566 5593//5564
f 5555//5526 5593//5564 5285//5256
f 5611//5582 5612//5583 5613//5584
f 5614//5585 5615//5586 5611//5582
f 5611//5582 5615//5586 5616//5587
f 5611//5582 5616//5587 5612//5583
f 5612//5583 5616//5587 5617//5588
f 5618//5589 5619//5590 5620//5591
f 5618//5589 5620//5591 5621//5592
f 5622//5593 5623//5594 5624//5595
f 5625//5596 5626//5597 5627//5598
f 5624//5595 5628//5599 5622//5593
f 5622//5593 5628//5599 5629//5600
f 5622//5593 5629//5600 5627//5598
f 5627//5598 5629//5600 5630//5601
f 5627//5598 5630//5601 5625//5596
f 5620//5591 5631//5602 5621//5592
f 5621//5592 5631//5602 5632//5603
f 5621//5592 5632//5603 5623//5594
f 5623//5594 5632//5603 5633//5604
f 5623//5594 5633//5604 5624//5595
f 5634//5605 5635//5606 5636//5607
f 5637//5608 5638//5609 5635//5606
f 5635//5606 5638//5609 5639//5610
f 5635//5606 5639//5610 5636//5607
f 5640//5611 5641//5612 5642//5613
f 5643//5614 5644//5615 5645//5616
f 5645//5616 5644//5615 5646//5617
f 5640//5611 5647//5618 5641//5612
f 5641//5612 5647//5618 5648//5619
f 5641//5612 5648//5619 5646//5617
f 5646//5617 5648//5619 5649//5620
f 5646//5617 5649//5620 5645//5616
f 5636//5607 5650//5621 5634//5605
f 5634//5605 5650//5621 5651//5622
f 5634//5605 5651//5622 5642//5613
f 5642//5613 5651//5622 5652//5623
f 5642//5613 5652//5623 5640//5611
f 5625//5596 5653//5624 5626//5597
f 5626//5597 5653//5624 5654//5625
f 5626//5597 5654//5625 5655//5626
f 5655//5626 5654//5625 5656//5627
f 5655//5626 5656//5627 5637//5608
f 5637//5608 5656//5627 5657//5628
f 5637//5608 5657//5628 5638//5609
f 5592//5563 5614//5585 5593//5564
f 5593//5564 5614//5585 5611//5582
f 5593//5564 5611//5582 5285//5256
f 5285//5256 5611//5582 5613//5584
f 5285//5256 5613//5584 5283//5254
f 4739//4541 4737//4540 5534//5505
f 5534//5505 7582//4538 4736//4537
f 5534//5505 4736//4537 5535//5506
f 5535//5506 4736//4537 4727//4528
f 5535//5506 4727//4528 4699//4500
s 0
f 7971//5629 8051//5629 7974//5629
s 1
f 7973//5630 8049//5631 8042//5632
s 0
f 4536//5633 4538//5633 5658//5633
f 5658//5634 4538//5634 4535//5634
s 1
f 8050//5635 7997//4322 5660//5636
f 5660//5636 7997//4322 4534//4321
f 5660//5636 4534//4321 5661//5637
s 0
f 7523//5638 5663//5638 7591//5638
s 1
f 4546//4334 5664//5639 4549//4337
f 4549//4337 5664//5639 5665//5640
f 4546//4334 4545//4333 5664//5639
f 5664//5639 4545//4333 7594//4331
f 5664//5639 4543//5641 7526//5642
f 7526//5642 4543//5641 8073//5643
f 7526//5642 8073//5643 4542//5644
s 0
f 7593//5645 4541//5646 5662//5646
f 5662//5647 4541//5647 7965//5648
f 7525//5649 7966//5649 8043//5649
f 5659//5650 4540//5650 4539//5650
f 5659//5650 4539//5650 4537//5650
s 1
f 5666//5651 4548//4336 5665//5640
f 5665//5640 4548//4336 4547//4335
f 5665//5640 4547//4335 4549//4337
s 0
f 8020//5652 7457//5653 7510//5654
f 7509//5655 7456//5655 7459//5655
f 8020//5654 8016//5656 7457//5653
f 7457//5657 8016//5657 7438//5658
f 7458//5659 7437//5659 5669//5659
s 1
f 7440//5660 4551//5661 4550//4338
f 7440//5660 4550//4338 5666//5651
f 5666//5651 4550//4338 4552//4340
f 5666//5651 4552//4340 4548//4336
f 4560//4348 7792//4346 7622//5662
f 7622//5662 7792//4346 7606//5663
f 5672//5664 4562//4350 5670//5665
f 5670//5665 4562//4350 4561//4349
f 5670//5665 4561//4349 4560//4348
s 0
f 4558//5666 8011//5667 7604//5668
f 7604//5669 8011//5667 7772//5670
f 7605//5671 7771//5671 7461//5671
f 7460//5672 4559//5673 8007//5674
f 7460//5674 8007//5672 4555//5672
s 1
f 4566//4354 5673//5675 5674//5676
f 4566//4354 7838//4353 5673//5675
f 7680//5677 4565//5678 4564//4352
f 7680//5677 4564//4352 5672//5664
f 5672//5664 4564//4352 4563//4351
f 5672//5664 4563//4351 4562//4350
s 0
f 7911//5679 7620//5680 7652//5681
f 7653//5682 7619//5682 7422//5682
f 7911//5683 7914//5684 7620//5685
f 7620//5680 7914//5686 7822//5687
f 7618//5688 7821//5688 5677//5688
s 1
f 7621//5689 4569//5690 4568//4356
f 7621//5689 4568//4356 5674//5676
f 5674//5676 4568//4356 4567//4355
f 5674//5676 4567//4355 4566//4354
f 7638//4366 7840//4359 5678//5691
f 7639//5692 7841//5693 7425//5694
f 5680//5695 5681//5696 4584//4375
f 4584//4375 4580//4369 5680//5695
f 5680//5695 4580//4369 4579//4368
f 5680//5695 4579//4368 7639//5692
f 7639//5692 4579//4368 7811//5697
f 7639//5692 7811//5697 4577//5698
s 0
f 4571//5699 7926//5700 5679//5701
f 5679//5701 7926//5701 7636//5702
f 7424//5703 7635//5703 7421//5703
f 7423//5704 4576//5705 7910//5704
f 7423//5706 7910//5706 4574//5706
s 1
f 5682//5707 4582//4371 5681//5696
f 5681//5696 4582//4371 4583//4372
f 5681//5696 4583//4372 4584//4375
f 5683//5708 4585//4376 5682//5707
f 5682//5707 4585//4376 4581//4370
f 5682//5707 4581//4370 4582//4371
s 0
f 7846//5709 7519//5709 7520//5709
s 1
f 7847//5710 7844//5711 5684//5712
f 5684//5712 7844//5711 4587//4378
f 5684//5712 4587//4378 5683//5708
f 5683//5708 4587//4378 7745//4377
f 5683//5708 4586//5713 4585//4376
s 0
f 4599//5714 7928//5715 7866//5714
f 7865//5716 5686//5716 7925//5716
s 1
f 5688//5717 5689//5718 4594//4387
f 4594//4387 4595//4388 5688//5717
f 5688//5717 4595//4388 7913//4389
f 5688//5717 7913//4389 5687//5719
s 0
f 7924//5720 4596//5721 4597//5720
f 7924//5720 4597//5720 4598//5722
f 4599//5723 4600//5724 7928//5724
f 7928//5725 4600//5725 7874//5726
f 7929//5727 7875//5727 5685//5727
f 7522//5728 4601//5729 4602//5728
f 7522//5730 4602//5730 4589//5728
s 1
f 4591//4382 4592//4384 5689//5718
f 5689//5718 4592//4384 4593//4386
f 5689//5718 4593//4386 4594//4387
f 5690//5731 5691//5732 5692//5733
f 5692//5733 5691//5732 5693//5734
f 5692//5733 5693//5734 5694//5735
f 5694//5735 5693//5734 5695//5736
f 5694//5735 5695//5736 5696//5737
f 5696//5737 5695//5736 5697//5738
f 5696//5737 5697//5738 5698//5739
f 5698//5739 5697//5738 5699//5740
f 5698//5739 5699//5740 5700//5741
f 5700//5741 5699//5740 5701//5742
f 5532//5503 5701//5742 5533//5504
f 5533//5504 5701//5742 5699//5740
f 5533//5504 5699//5740 5516//5487
f 5516//5487 5699//5740 5697//5738
f 5516//5487 5697//5738 5515//5486
f 5515//5486 5697//5738 5695//5736
f 5515//5486 5695//5736 5514//5485
f 5514//5485 5695//5736 5693//5734
f 5514//5485 5693//5734 5286//5257
f 5286//5257 5693//5734 5691//5732
f 5286//5257 5691//5732 5287//5258
f 5287//5258 5691//5732 5690//5731
f 5702//5743 5703//5744 5704//5745
f 5704//5745 5703//5744 5705//5746
f 5704//5745 5705//5746 5706//5747
f 5706//5747 5705//5746 5707//5748
f 5706//5747 5707//5748 5708//5749
f 5708//5749 5707//5748 5709//5750
f 5708//5749 5709//5750 5710//5751
f 5710//5751 5709//5750 5711//5752
f 5710//5751 5711//5752 5712//5753
f 5712//5753 5711//5752 5713//5754
f 5712//5753 5713//5754 5714//5755
f 5714//5755 5713//5754 5715//5756
f 5714//5755 5715//5756 5716//5757
f 5716//5757 5715//5756 5717//5758
f 5716//5757 5717//5758 5718//5759
f 5718//5759 5717//5758 5719//5760
f 5718//5759 5719//5760 5720//5761
f 5720//5761 5719//5760 5076//5027
f 5090//5041 5085//5036 5721//5762
f 5721//5762 5085//5036 5722//5763
f 5721//5762 5722//5763 5723//5764
f 5723//5764 5722//5763 5724//5765
f 5723//5764 5724//5765 5725//5766
f 5725//5766 5724//5765 5726//5767
f 5725//5766 5726//5767 5727//5768
f 5727//5768 5726//5767 5728//5769
f 5727//5768 5728//5769 5729//5770
f 5729//5770 5728//5769 5730//5771
f 5729//5770 5730//5771 5731//5772
f 5731//5772 5730//5771 5732//5773
f 5731//5772 5732//5773 5733//5774
f 5733//5774 5732//5773 5734//5775
f 5733//5774 5734//5775 5735//5776
f 5735//5776 5734//5775 5736//5777
f 5735//5776 5736//5777 5737//5778
f 5702//5743 5737//5778 5703//5744
f 5703//5744 5737//5778 5736//5777
f 5703//5744 5736//5777 5705//5746
f 5705//5746 5736//5777 5734//5775
f 5705//5746 5734//5775 5707//5748
f 5707//5748 5734//5775 5732//5773
f 5707//5748 5732//5773 5709//5750
f 5709//5750 5732//5773 5730//5771
f 5709//5750 5730//5771 5711//5752
f 5711//5752 5730//5771 5728//5769
f 5711//5752 5728//5769 5713//5754
f 5713//5754 5728//5769 5726//5767
f 5713//5754 5726//5767 5715//5756
f 5715//5756 5726//5767 5724//5765
f 5715//5756 5724//5765 5717//5758
f 5717//5758 5724//5765 5722//5763
f 5717//5758 5722//5763 5719//5760
f 5719//5760 5722//5763 5085//5036
f 5719//5760 5085//5036 5076//5027
f 5042//4953 5041//4952 5689//5718
f 5689//5718 5041//4952 5044//4955
f 5689//5718 5044//4955 4591//4382
s 0
f 7469//5779 8034//5779 8001//5779
f 4470//5780 4469//5781 8033//5781
f 8033//5782 4469//5782 7442//5783
s 1
f 5738//5784 4468//5785 5740//5786
f 5740//5786 4468//5785 7436//5787
f 8023//5788 4465//5789 4464//4244
s 0
f 4474//5790 5741//5791 8072//5792
f 8071//5793 7987//5793 7990//5793
s 1
f 4479//4261 8012//5794 5744//5795
f 4479//4261 4478//4259 8012//5794
f 8012//5794 4478//4259 8059//4258
s 0
f 5743//5796 8060//5796 7991//5796
f 5742//5797 4477//5798 4476//5797
f 5742//5799 4476//5799 4475//5800
f 4474//5801 4473//5802 5741//5803
f 5741//5791 4473//5804 8057//5804
f 7988//5805 8058//5805 8000//5805
f 5739//5806 4472//5807 4471//5808
f 5739//5809 4471//5809 7470//5810
s 1
f 5745//5811 7980//5812 4480//4262
s 0
f 7479//5813 5747//5813 5748//5813
f 7480//5814 4488//5814 7983//5814
f 7983//5815 4488//5816 7489//5815
f 7982//5817 7490//5817 5746//5817
s 1
f 7980//5812 4489//5818 4484//5819
f 7980//5812 4484//5819 4480//4262
s 0
f 4493//5820 7953//5820 7433//5821
f 7432//5822 7954//5822 5750//5822
s 1
f 4490//4275 5751//5823 7943//5824
f 4490//4275 4491//4276 5751//5823
f 5751//5823 4491//4276 7837//4282
f 5751//5823 7837//4282 7932//5825
s 0
f 7933//5826 4496//5827 4495//5828
f 7933//5826 4495//5829 4494//5830
f 4493//5831 7464//5832 7953//5831
f 7952//5833 4492//5833 7949//5833
f 5749//5834 7950//5834 7956//5834
f 7957//5835 4485//5835 4486//5835
f 7957//5836 4486//5837 4487//5838
s 1
f 4480//4262 4481//4263 5745//5811
f 5745//5811 4481//4263 4482//4264
f 5745//5811 4482//4264 5744//5795
f 5744//5795 4482//4264 4483//4265
f 5744//5795 4483//4265 4479//4261
f 4665//4466 5279//5250 4666//4467
f 5753//5839 4499//4285 5752//5840
f 7943//5824 4499//4285 4500//4286
f 7943//5824 4500//4286 4490//4275
f 7921//5841 4497//4283 5753//5839
f 5753//5839 4497//4283 4498//4284
f 5753//5839 4498//4284 4499//4285
s 0
f 7916//5842 7919//5842 7801//5842
f 7802//5843 7920//5844 4503//5843
f 4502//5845 4506//5845 7917//5845
f 7917//5846 4506//5846 7820//5847
f 5755//5848 7819//5848 5754//5848
s 1
f 7921//5841 4505//5849 4504//5850
f 7921//5841 4504//5850 4497//4283
s 0
f 7909//5851 5758//5851 7780//5851
s 1
f 7567//4302 5759//5852 7893//5853
f 7567//4302 4514//4300 5759//5852
f 5759//5852 4514//4300 4508//4294
f 5759//5852 4508//4294 7901//5854
f 7901//5854 4508//4294 4507//4293
f 7901//5854 4507//4293 7779//4297
s 0
f 4511//5855 4510//5856 7908//5856
f 7908//5857 4510//5858 7796//5859
f 5757//5860 7795//5860 5756//5860
f 7920//5861 4509//5862 4501//5862
f 7920//5863 4501//5864 4503//5863
s 1
f 4512//4298 5761//5865 7868//5866
s 0
f 7872//5867 5764//5867 7599//5867
f 7600//5868 7856//5869 4518//5868
f 4519//5870 4521//5871 7871//5871
f 7871//5872 4521//5872 7633//5871
f 5763//5873 7632//5873 5762//5873
s 1
f 7868//5866 4522//5874 4520//5875
f 7868//5866 4520//5875 4512//4298
f 7849//5876 4524//5877 7585//5878
s 0
f 5765//5879 7586//5879 7852//5879
s 1
f 4524//5877 7849//5876 4523//4310
f 4523//4310 7849//5876 5767//5880
f 4523//4310 5767//5880 4529//4316
s 0
f 4528//5881 4527//5882 7853//5883
f 7853//5882 4527//5882 7590//5884
f 5766//5885 7589//5885 7855//5885
f 7856//5886 4526//5887 4525//5888
f 7856//5889 4525//5890 4518//5891
s 1
f 4512//4298 4513//4299 5761//5865
f 5761//5865 4513//4299 7556//4304
f 5761//5865 7556//4304 5760//5892
s 0
f 7894//5893 4517//5893 4516//5893
f 7894//5894 4516//5894 4515//5894
s 1
f 4534//4321 4533//4320 5661//5637
f 5661//5637 4533//4320 4532//4319
f 5661//5637 4532//4319 5768//5895
f 7878//5896 4532//4319 4531//4318
f 7878//5896 4531//4318 5767//5880
f 5767//5880 4531//4318 4530//4317
f 5767//5880 4530//4317 4529//4316
f 5076//5027 5042//4953 5720//5761
f 5720//5761 5042//4953 5689//5718
f 5720//5761 5689//5718 5718//5759
f 5718//5759 5689//5718 5688//5717
f 5718//5759 5688//5717 5716//5757
f 5716//5757 5688//5717 7923//5897
f 5716//5757 7923//5897 5714//5755
f 5714//5755 7923//5897 7927//5898
f 5714//5755 7927//5898 5712//5753
f 5712//5753 7927//5898 7521//5899
f 5712//5753 7521//5899 5710//5751
f 5710//5751 7521//5899 5684//5712
f 5710//5751 5684//5712 5708//5749
f 5708//5749 5684//5712 5683//5708
f 5708//5749 5683//5708 5706//5747
f 5706//5747 5683//5708 5682//5707
f 5706//5747 5682//5707 5704//5745
f 5704//5745 5682//5707 5681//5696
f 5704//5745 5681//5696 5702//5743
f 5702//5743 5681//5696 5680//5695
f 5702//5743 5680//5695 5769//5900
f 5769//5900 5680//5695 7639//5692
f 5769//5900 7639//5692 5770//5901
f 5770//5901 7639//5692 7425//5694
f 5770//5901 7425//5694 5771//5902
f 5771//5902 7425//5694 5676//5903
f 5771//5902 5676//5903 5772//5904
f 5772//5904 5676//5903 5675//5905
f 5772//5904 5675//5905 5773//5906
f 5773//5906 5675//5905 7621//5689
f 5773//5906 7621//5689 5774//5907
f 5774//5907 7621//5689 5674//5676
f 5774//5907 5674//5676 5775//5908
f 5775//5908 5674//5676 7680//5677
f 5775//5908 7680//5677 5776//5909
f 5776//5909 7680//5677 5672//5664
f 5776//5909 5672//5664 5777//5910
f 5777//5910 5672//5664 5670//5665
f 5777//5910 5670//5665 5778//5911
f 5778//5911 5670//5665 5671//5912
f 5778//5911 5671//5912 5779//5913
f 5779//5913 5671//5912 5668//5914
f 5779//5913 5668//5914 5780//5915
f 5780//5915 5668//5914 5667//5916
f 5780//5915 5667//5916 5781//5917
f 5781//5917 5667//5916 7440//5660
f 5781//5917 7440//5660 5782//5918
f 5782//5918 7440//5660 5666//5651
f 5782//5918 5666//5651 5783//5919
f 5783//5919 5666//5651 5665//5640
f 5783//5919 5665//5640 5784//5920
f 5784//5920 5665//5640 5664//5639
f 5784//5920 5664//5639 5785//5921
f 5785//5921 5664//5639 7526//5642
f 5785//5921 7526//5642 5786//5922
f 5786//5922 7526//5642 7524//5923
f 5786//5922 7524//5923 5787//5924
f 5787//5924 7524//5923 8042//5632
f 5787//5924 8042//5632 5788//5925
f 5788//5925 8042//5632 8049//5631
f 5788//5925 8049//5631 5789//5926
f 5789//5926 8049//5631 5660//5636
f 5789//5926 5660//5636 5790//5927
f 5790//5927 5660//5636 5661//5637
f 5790//5927 5661//5637 5791//5928
f 5791//5928 5661//5637 7878//5896
f 5791//5928 7878//5896 5792//5929
f 5792//5929 7878//5896 5767//5880
f 5792//5929 5767//5880 5793//5930
f 5793//5930 5767//5880 7849//5876
f 5793//5930 7849//5876 5794//5931
f 5794//5931 7849//5876 7851//5932
f 5794//5931 7851//5932 5795//5933
f 5795//5933 7851//5932 7854//5934
f 5795//5933 7854//5934 5796//5935
f 5796//5935 7854//5934 7870//5936
f 5796//5935 7870//5936 5797//5937
f 5797//5937 7870//5936 7868//5866
f 5797//5937 7868//5866 5798//5938
f 5798//5938 7868//5866 5761//5865
f 5798//5938 5761//5865 5799//5939
f 5799//5939 5761//5865 7893//5853
f 5799//5939 7893//5853 5800//5940
f 5800//5940 7893//5853 5759//5852
f 5800//5940 5759//5852 5801//5941
f 5801//5941 5759//5852 7901//5854
f 5801//5941 7901//5854 5802//5942
f 5802//5942 7901//5854 7907//5943
f 5802//5942 7907//5943 5803//5944
f 5803//5944 7907//5943 7918//5945
f 5803//5944 7918//5945 5804//5946
f 5804//5946 7918//5945 7915//5947
f 5804//5946 7915//5947 5805//5948
f 5805//5948 7915//5947 7921//5841
f 5805//5948 7921//5841 5806//5949
f 5806//5949 7921//5841 5753//5839
f 5806//5949 5753//5839 5807//5950
f 5807//5950 5753//5839 7943//5824
f 5807//5950 7943//5824 5808//5951
f 5808//5951 7943//5824 5751//5823
f 5808//5951 5751//5823 5809//5952
f 5809//5952 5751//5823 7932//5825
f 5809//5952 7932//5825 5810//5953
f 5810//5953 7932//5825 7951//5954
f 5810//5953 7951//5954 5811//5955
f 5811//5955 7951//5954 7955//5956
f 5811//5955 7955//5956 5812//5957
f 5812//5957 7955//5956 7981//5958
f 5812//5957 7981//5958 5813//5959
f 5813//5959 7981//5958 7980//5812
f 5813//5959 7980//5812 5814//5960
f 5814//5960 7980//5812 5745//5811
f 5814//5960 5745//5811 5815//5961
f 5815//5961 5745//5811 5744//5795
f 5815//5961 5744//5795 5816//5962
f 5816//5962 5744//5795 8012//5794
f 5816//5962 8012//5794 5817//5963
f 5817//5963 8012//5794 7989//5964
f 5817//5963 7989//5964 5818//5965
f 5818//5965 7989//5964 7986//5966
f 5818//5965 7986//5966 5819//5967
f 5819//5967 7986//5966 7999//5968
f 5819//5967 7999//5968 5820//5969
f 5820//5969 7999//5968 8032//5970
f 5820//5969 8032//5970 5279//5250
f 5279//5250 8032//5970 8023//5788
f 5279//5250 8023//5788 4666//4467
f 4666//4467 8023//5788 4464//4244
f 4666//4467 4464//4244 4463//4243
f 5554//5525 5618//5589 5553//5524
f 5553//5524 5618//5589 5621//5592
f 5553//5524 5621//5592 5552//5523
f 5552//5523 5621//5592 5623//5594
f 5552//5523 5623//5594 5551//5522
f 5551//5522 5623//5594 5622//5593
f 5551//5522 5622//5593 5550//5521
f 5550//5521 5622//5593 5627//5598
f 5550//5521 5627//5598 5549//5520
f 5549//5520 5627//5598 5626//5597
f 5549//5520 5626//5597 5548//5519
f 5548//5519 5626//5597 5655//5626
f 5548//5519 5655//5626 5546//5517
f 5546//5517 5655//5626 5637//5608
f 5546//5517 5637//5608 5544//5515
f 5544//5515 5637//5608 5635//5606
f 5544//5515 5635//5606 5542//5513
f 5542//5513 5635//5606 5634//5605
f 5542//5513 5634//5605 5540//5511
f 5540//5511 5634//5605 5642//5613
f 5540//5511 5642//5613 5538//5509
f 5538//5509 5642//5613 5641//5612
f 5538//5509 5641//5612 5536//5507
f 5536//5507 5641//5612 5646//5617
f 5536//5507 5646//5617 5534//5505
f 5534//5505 5646//5617 5644//5615
f 5534//5505 5644//5615 4739//4541
f 4739//4541 5644//5615 5643//5614
f 4739//4541 5643//5614 4740//4542
f 5502//5473 5474//5445 5503//5474
f 5503//5474 5474//5445 5436//5407
f 5503//5474 5436//5407 5569//5540
f 5569//5540 5436//5407 5401//5372
f 5569//5540 5401//5372 5570//5541
f 5570//5541 5401//5372 5357//5328
f 5570//5541 5357//5328 5575//5546
f 5575//5546 5357//5328 5356//5327
f 4717//4518 5090//5041 5518//5489
f 5518//5489 5090//5041 5721//5762
f 5518//5489 5721//5762 5520//5491
f 5520//5491 5721//5762 5723//5764
f 5520//5491 5723//5764 5522//5493
f 5522//5493 5723//5764 5725//5766
f 5522//5493 5725//5766 5524//5495
f 5524//5495 5725//5766 5727//5768
f 5524//5495 5727//5768 5526//5497
f 5526//5497 5727//5768 5729//5770
f 5526//5497 5729//5770 5528//5499
f 5528//5499 5729//5770 5731//5772
f 5528//5499 5731//5772 5530//5501
f 5530//5501 5731//5772 5733//5774
f 5530//5501 5733//5774 5532//5503
f 5532//5503 5733//5774 5735//5776
f 5532//5503 5735//5776 5701//5742
f 5701//5742 5735//5776 5737//5778
f 5701//5742 5737//5778 5700//5741
f 5700//5741 5737//5778 5702//5743
f 5700//5741 5702//5743 5698//5739
f 5698//5739 5702//5743 5769//5900
f 5698//5739 5769//5900 5696//5737
f 5696//5737 5769//5900 5770//5901
f 5696//5737 5770//5901 5694//5735
f 5694//5735 5770//5901 5771//5902
f 5694//5735 5771//5902 5692//5733
f 5692//5733 5771//5902 5772//5904
f 5692//5733 5772//5904 5690//5731
f 5690//5731 5772//5904 5773//5906
f 5690//5731 5773//5906 5821//5971
f 5821//5971 5773//5906 5774//5907
f 5821//5971 5774//5907 5822//5972
f 5822//5972 5774//5907 5775//5908
f 5822//5972 5775//5908 5823//5973
f 5823//5973 5775//5908 5776//5909
f 5823//5973 5776//5909 5824//5974
f 5824//5974 5776//5909 5777//5910
f 5824//5974 5777//5910 5825//5975
f 5825//5975 5777//5910 5778//5911
f 5825//5975 5778//5911 5826//5976
f 5826//5976 5778//5911 5779//5913
f 5826//5976 5779//5913 5827//5977
f 5827//5977 5779//5913 5780//5915
f 5827//5977 5780//5915 5828//5978
f 5828//5978 5780//5915 5781//5917
f 5828//5978 5781//5917 5829//5979
f 5829//5979 5781//5917 5782//5918
f 5829//5979 5782//5918 5830//5980
f 5830//5980 5782//5918 5783//5919
f 5830//5980 5783//5919 5831//5981
f 5831//5981 5783//5919 5784//5920
f 5831//5981 5784//5920 5832//5982
f 5832//5982 5784//5920 5785//5921
f 5832//5982 5785//5921 5833//5983
f 5833//5983 5785//5921 5786//5922
f 5833//5983 5786//5922 5834//5984
f 5834//5984 5786//5922 5787//5924
f 5834//5984 5787//5924 5835//5985
f 5835//5985 5787//5924 5788//5925
f 5835//5985 5788//5925 5836//5986
f 5836//5986 5788//5925 5789//5926
f 5836//5986 5789//5926 5837//5987
f 5837//5987 5789//5926 5790//5927
f 5837//5987 5790//5927 5838//5988
f 5838//5988 5790//5927 5791//5928
f 5838//5988 5791//5928 5839//5989
f 5839//5989 5791//5928 5792//5929
f 5839//5989 5792//5929 5840//5990
f 5840//5990 5792//5929 5793//5930
f 5840//5990 5793//5930 5841//5991
f 5841//5991 5793//5930 5794//5931
f 5841//5991 5794//5931 5842//5992
f 5842//5992 5794//5931 5795//5933
f 5842//5992 5795//5933 5843//5993
f 5843//5993 5795//5933 5796//5935
f 5843//5993 5796//5935 5844//5994
f 5844//5994 5796//5935 5797//5937
f 5844//5994 5797//5937 5845//5995
f 5845//5995 5797//5937 5798//5938
f 5845//5995 5798//5938 5846//5996
f 5846//5996 5798//5938 5799//5939
f 5846//5996 5799//5939 5847//5997
f 5847//5997 5799//5939 5800//5940
f 5847//5997 5800//5940 5848//5998
f 5848//5998 5800//5940 5801//5941
f 5848//5998 5801//5941 5849//5999
f 5849//5999 5801//5941 5802//5942
f 5849//5999 5802//5942 5850//6000
f 5850//6000 5802//5942 5803//5944
f 5850//6000 5803//5944 5851//6001
f 5851//6001 5803//5944 5804//5946
f 5851//6001 5804//5946 5852//6002
f 5852//6002 5804//5946 5805//5948
f 5852//6002 5805//5948 5853//6003
f 5853//6003 5805//5948 5806//5949
f 5853//6003 5806//5949 5854//6004
f 5854//6004 5806//5949 5807//5950
f 5854//6004 5807//5950 5855//6005
f 5855//6005 5807//5950 5808//5951
f 5855//6005 5808//5951 5856//6006
f 5856//6006 5808//5951 5809//5952
f 5856//6006 5809//5952 5857//6007
f 5857//6007 5809//5952 5810//5953
f 5857//6007 5810//5953 5858//6008
f 5858//6008 5810//5953 5811//5955
f 5858//6008 5811//5955 5859//6009
f 5859//6009 5811//5955 5812//5957
f 5859//6009 5812//5957 5860//6010
f 5860//6010 5812//5957 5813//5959
f 5860//6010 5813//5959 5861//6011
f 5861//6011 5813//5959 5814//5960
f 5861//6011 5814//5960 5862//6012
f 5862//6012 5814//5960 5815//5961
f 5862//6012 5815//5961 5863//6013
f 5863//6013 5815//5961 5816//5962
f 5863//6013 5816//5962 5864//6014
f 5864//6014 5816//5962 5817//5963
f 5864//6014 5817//5963 5865//6015
f 5865//6015 5817//5963 5818//5965
f 5865//6015 5818//5965 5866//6016
f 5866//6016 5818//5965 5819//5967
f 5866//6016 5819//5967 5867//6017
f 5867//6017 5819//5967 5820//5969
f 5867//6017 5820//5969 5868//6018
f 5868//6018 5820//5969 5279//5250
f 5868//6018 5279//5250 5147//5103
f 5147//5103 5279//5250 5148//5104
f 5147//5103 4876//4678 5868//6018
f 5868//6018 4876//4678 5293//5264
f 5868//6018 5293//5264 5867//6017
f 5867//6017 5293//5264 5442//5413
f 5867//6017 5442//5413 5866//6016
f 5866//6016 5442//5413 5443//5414
f 5866//6016 5443//5414 5865//6015
f 5865//6015 5443//5414 5444//5415
f 5865//6015 5444//5415 5864//6014
f 5864//6014 5444//5415 5445//5416
f 5864//6014 5445//5416 5863//6013
f 5863//6013 5445//5416 5446//5417
f 5863//6013 5446//5417 5862//6012
f 5862//6012 5446//5417 5447//5418
f 5862//6012 5447//5418 5861//6011
f 5861//6011 5447//5418 5448//5419
f 5861//6011 5448//5419 5860//6010
f 5860//6010 5448//5419 5449//5420
f 5860//6010 5449//5420 5859//6009
f 5859//6009 5449//5420 5450//5421
f 5859//6009 5450//5421 5858//6008
f 5858//6008 5450//5421 5451//5422
f 5858//6008 5451//5422 5857//6007
f 5857//6007 5451//5422 5452//5423
f 5857//6007 5452//5423 5856//6006
f 5856//6006 5452//5423 5453//5424
f 5856//6006 5453//5424 5855//6005
f 5855//6005 5453//5424 5454//5425
f 5855//6005 5454//5425 5854//6004
f 5854//6004 5454//5425 5455//5426
f 5854//6004 5455//5426 5853//6003
f 5853//6003 5455//5426 5456//5427
f 5853//6003 5456//5427 5852//6002
f 5852//6002 5456//5427 5457//5428
f 5852//6002 5457//5428 5851//6001
f 5851//6001 5457//5428 5458//5429
f 5851//6001 5458//5429 5850//6000
f 5850//6000 5458//5429 5459//5430
f 5850//6000 5459//5430 5849//5999
f 5849//5999 5459//5430 5460//5431
f 5849//5999 5460//5431 5848//5998
f 5848//5998 5460//5431 5461//5432
f 5848//5998 5461//5432 5847//5997
f 5847//5997 5461//5432 5462//5433
f 5847//5997 5462//5433 5846//5996
f 5846//5996 5462//5433 5463//5434
f 5846//5996 5463//5434 5845//5995
f 5845//5995 5463//5434 5464//5435
f 5845//5995 5464//5435 5844//5994
f 5844//5994 5464//5435 5465//5436
f 5844//5994 5465//5436 5843//5993
f 5843//5993 5465//5436 5466//5437
f 5843//5993 5466//5437 5842//5992
f 5842//5992 5466//5437 5467//5438
f 5842//5992 5467//5438 5841//5991
f 5841//5991 5467//5438 5468//5439
f 5841//5991 5468//5439 5840//5990
f 5840//5990 5468//5439 5469//5440
f 5840//5990 5469//5440 5839//5989
f 5839//5989 5469//5440 5470//5441
f 5839//5989 5470//5441 5838//5988
f 5838//5988 5470//5441 5471//5442
f 5838//5988 5471//5442 5837//5987
f 5837//5987 5471//5442 5472//5443
f 5837//5987 5472//5443 5836//5986
f 5836//5986 5472//5443 5473//5444
f 5836//5986 5473//5444 5835//5985
f 5835//5985 5473//5444 5474//5445
f 5835//5985 5474//5445 5834//5984
f 5834//5984 5474//5445 5502//5473
f 5834//5984 5502//5473 5833//5983
f 5833//5983 5502//5473 5500//5471
f 5833//5983 5500//5471 5832//5982
f 5832//5982 5500//5471 5498//5469
f 5832//5982 5498//5469 5831//5981
f 5831//5981 5498//5469 5496//5467
f 5831//5981 5496//5467 5830//5980
f 5830//5980 5496//5467 5494//5465
f 5830//5980 5494//5465 5829//5979
f 5829//5979 5494//5465 5492//5463
f 5829//5979 5492//5463 5828//5978
f 5828//5978 5492//5463 5490//5461
f 5828//5978 5490//5461 5827//5977
f 5827//5977 5490//5461 5488//5459
f 5827//5977 5488//5459 5826//5976
f 5826//5976 5488//5459 5486//5457
f 5826//5976 5486//5457 5825//5975
f 5825//5975 5486//5457 5484//5455
f 5825//5975 5484//5455 5824//5974
f 5824//5974 5484//5455 5482//5453
f 5824//5974 5482//5453 5823//5973
f 5823//5973 5482//5453 5480//5451
f 5823//5973 5480//5451 5822//5972
f 5822//5972 5480//5451 5478//5449
f 5822//5972 5478//5449 5821//5971
f 5821//5971 5478//5449 5476//5447
f 5821//5971 5476//5447 5690//5731
f 5690//5731 5476//5447 5475//5446
f 5690//5731 5475//5446 5287//5258
f 5287//5258 5475//5446 5283//5254
f 5287//5258 5283//5254 5288//5259
f 5288//5259 5283//5254 5613//5584
f 5288//5259 5613//5584 5554//5525
f 5554//5525 5613//5584 5612//5583
f 5554//5525 5612//5583 5618//5589
f 5618//5589 5612//5583 5617//5588
f 5618//5589 5617//5588 5619//5590
s 0
f 5869//6019 5870//6019 5648//6019
f 5617//6020 5616//6020 5871//6020
f 5872//6021 4986//6021 5873//6021
f 5873//6022 4986//6022 4985//6022
f 5873//6023 4985//6023 5874//6023
f 5874//6024 4985//6024 4672//6024
f 5874//6025 4672//6025 5875//6025
f 5875//6026 4672//6026 4671//6026
f 5875//6027 4671//6027 5876//6027
f 5876//6028 4671//6028 4984//6028
f 5876//6029 4984//6029 5877//6029
f 5648//6030 5647//6030 5869//6030
f 5869//6031 5647//6031 5640//6031
f 5869//6032 5640//6032 5878//6032
f 5878//6021 5640//6021 5652//6021
f 5878//6033 5652//6033 5879//6033
f 5879//6034 5652//6034 5651//6034
f 5879//6035 5651//6035 5880//6035
f 5880//6036 5651//6036 5650//6036
f 5880//6037 5650//6037 5881//6037
f 5650//6038 5636//6038 5881//6038
f 5881//6039 5636//6039 5639//6039
f 5881//6040 5639//6040 5882//6040
f 5882//6029 5639//6029 5883//6029
f 5639//6041 5638//6041 5883//6041
f 5883//6042 5638//6042 5657//6042
f 5883//6043 5657//6043 5884//6043
f 5884//6044 5657//6044 5656//6044
f 5884//6045 5656//6045 5885//6045
f 4984//6046 4992//6046 5877//6046
f 5877//6047 4992//6047 4991//6047
f 5877//6048 4991//6048 5886//6048
f 5886//6049 4991//6049 4990//6049
f 5886//6050 4990//6050 5887//6050
f 5887//6051 4990//6051 4989//6051
f 5887//6024 4989//6024 5888//6024
f 5656//6052 5654//6052 5885//6052
f 5885//6052 5654//6052 5653//6052
f 5885//6053 5653//6053 5889//6053
f 5889//6054 5653//6054 5625//6054
f 5889//6055 5625//6055 5890//6055
f 5890//6056 5625//6056 5630//6056
f 5890//6057 5630//6057 5891//6057
f 5891//6058 5630//6058 5629//6058
f 5891//6059 5629//6059 5892//6059
f 5893//6060 5310//6060 5894//6060
f 5894//6061 5310//6061 5297//6061
f 5894//6062 5297//6062 5895//6062
f 5895//6063 5297//6063 5300//6063
f 5895//6048 5300//6048 5896//6048
f 5300//6064 5299//6064 5896//6064
f 5896//6065 5299//6065 5298//6065
f 5896//6044 5298//6044 5897//6044
f 5897//6066 5298//6066 5278//6066
f 5897//6067 5278//6067 5898//6067
f 5898//6068 5278//6068 4988//6068
f 5898//6044 4988//6044 5872//6044
f 5872//6069 4988//6069 4987//6069
f 5872//6061 4987//6061 4986//6061
f 5899//6070 5900//6070 5614//6070
f 5901//6071 5328//6071 5902//6071
f 5902//6072 5328//6072 5304//6072
f 5902//6073 5304//6073 5903//6073
f 5903//6064 5304//6064 5309//6064
f 5903//6074 5309//6074 5904//6074
f 5904//6052 5309//6052 5308//6052
f 5904//6064 5308//6064 5905//6064
f 5905//6075 5308//6075 5307//6075
f 5905//6060 5307//6060 5906//6060
f 5906//6067 5307//6067 5301//6067
f 5906//6076 5301//6076 5907//6076
f 5907//6077 5301//6077 5312//6077
f 5907//6024 5312//6024 5893//6024
f 5893//6052 5312//6052 5311//6052
f 5893//6078 5311//6078 5310//6078
f 4989//6029 4981//6029 5888//6029
f 5888//6079 4981//6079 4996//6079
f 5888//6080 4996//6080 5908//6080
f 5908//6081 4996//6081 4995//6081
f 5908//6082 4995//6082 5909//6082
f 5633//6083 5632//6083 5910//6083
f 5910//6084 5632//6084 5631//6084
f 5910//6085 5631//6085 5911//6085
f 5911//6086 5631//6086 5620//6086
f 5911//6087 5620//6087 5619//6087
f 5871//6088 5616//6088 5900//6088
f 5900//6089 5616//6089 5615//6089
f 5900//6090 5615//6090 5614//6090
f 5912//6091 5325//6091 5913//6091
f 5913//6026 5325//6026 5315//6026
f 5913//6026 5315//6026 5914//6026
f 5315//6063 5318//6063 5914//6063
f 5914//6061 5318//6061 5317//6061
f 5914//6023 5317//6023 5915//6023
f 5915//6092 5317//6092 5332//6092
f 5915//6093 5332//6093 5916//6093
f 5916//6024 5332//6024 5331//6024
f 5916//6094 5331//6094 5901//6094
f 5901//6095 5331//6095 5329//6095
f 5901//6066 5329//6066 5328//6066
f 4995//6079 4994//6079 5909//6079
f 5909//6090 4994//6090 4993//6090
f 5909//6096 4993//6096 5917//6096
f 5917//6097 4993//6097 4976//6097
f 5917//6024 4976//6024 5918//6024
f 5918//6073 4976//6073 4675//6073
f 5918//6098 4675//6098 5919//6098
f 5919//6061 4675//6061 5920//6061
f 5921//6099 4778//6099 4777//6099
f 5922//6100 4755//6100 5923//6100
f 5923//6063 4755//6063 4754//6063
f 5923//6049 4754//6049 5924//6049
f 5924//6101 4754//6101 4749//6101
f 5924//6102 4749//6102 5925//6102
f 4749//6103 4759//6103 5925//6103
f 5925//6104 4759//6104 4758//6104
f 5925//6060 4758//6060 5926//6060
f 5926//6105 4758//6105 4757//6105
f 5926//6106 4757//6106 5927//6106
f 5927//6107 4757//6107 4743//6107
f 5927//6108 4743//6108 5928//6108
f 5928//6109 4743//6109 4746//6109
f 5928//6107 4746//6107 5929//6107
f 4746//6064 4745//6064 5929//6064
f 5929//6110 4745//6110 4744//6110
f 5929//6111 4744//6111 5930//6111
f 5930//6112 4744//6112 4740//6112
f 5930//6113 4740//6113 5931//6113
f 5931//6114 4740//6114 5643//6114
f 5931//6114 5643//6114 5932//6114
f 5932//6115 5643//6115 5645//6115
f 5932//6116 5645//6116 5870//6116
f 5870//6068 5645//6068 5649//6068
f 5870//6077 5649//6077 5648//6077
f 5629//6117 5628//6117 5892//6117
f 5892//6118 5628//6118 5624//6118
f 5892//6049 5624//6049 5933//6049
f 5933//6119 5624//6119 5633//6119
f 5933//6120 5633//6120 5934//6120
f 5934//6121 5633//6121 5910//6121
f 5617//6081 5871//6081 5619//6081
f 5619//6026 5871//6026 5935//6026
f 5619//6122 5935//6122 5911//6122
f 4675//6077 4674//6077 5920//6077
f 5920//6052 4674//6052 4973//6052
f 5920//6123 4973//6123 5936//6123
f 5936//6025 4973//6025 4972//6025
f 5936//6024 4972//6024 5937//6024
f 5937//6060 4972//6060 4971//6060
f 5937//6048 4971//6048 5938//6048
f 5939//6081 4969//6081 5940//6081
f 5940//6039 4969//6039 4968//6039
f 5940//6124 4968//6124 5941//6124
f 5941//6068 4968//6068 4669//6068
f 5941//6077 4669//6077 5942//6077
f 5943//6081 4765//6081 5944//6081
f 5944//6125 4765//6125 4761//6125
f 5944//6126 4761//6126 5945//6126
f 5945//6127 4761//6127 4760//6127
f 5945//6128 4760//6128 5946//6128
f 5946//6129 4760//6129 4750//6129
f 5946//6037 4750//6037 5947//6037
f 5947//6130 4750//6130 4752//6130
f 5947//6024 4752//6024 5922//6024
f 5922//6131 4752//6131 4756//6131
f 5922//6132 4756//6132 4755//6132
f 4971//6133 4980//6133 5938//6133
f 5938//6134 4980//6134 4979//6134
f 5938//6135 4979//6135 5948//6135
f 5948//6048 4979//6048 4978//6048
f 5948//6067 4978//6067 5939//6067
f 5939//6136 4978//6136 4977//6136
f 5939//6137 4977//6137 4969//6137
f 5921//6022 4777//6022 5949//6022
f 5949//6138 4777//6138 4768//6138
f 5949//6139 4768//6139 5950//6139
f 5950//6140 4768//6140 4767//6140
f 5950//6141 4767//6141 5943//6141
f 5943//6141 4767//6141 4766//6141
f 5943//6107 4766//6107 4765//6107
f 5614//6142 5592//6142 5899//6142
f 5899//6142 5592//6142 5594//6142
f 5899//6142 5594//6142 5951//6142
f 5951//6059 5594//6059 5598//6059
f 5951//6143 5598//6143 5952//6143
f 5952//6112 5598//6112 5953//6112
f 5438//6091 5437//6091 5954//6091
f 5954//6063 5437//6063 5323//6063
f 5954//6144 5323//6144 5955//6144
f 5955//6145 5323//6145 5322//6145
f 5955//6145 5322//6145 5956//6145
f 5956//6024 5322//6024 5321//6024
f 5956//6123 5321//6123 5957//6123
f 5957//6053 5321//6053 5327//6053
f 5957//6146 5327//6146 5912//6146
f 5912//6073 5327//6073 5326//6073
f 5912//6147 5326//6147 5325//6147
f 4669//6074 4668//6074 5942//6074
f 5942//6049 4668//6049 4931//6049
f 5942//6066 4931//6066 5958//6066
f 5958//6079 4931//6079 4933//6079
f 5958//6148 4933//6148 5959//6148
f 5959//6053 4933//6053 4937//6053
f 5959//6123 4937//6123 5960//6123
f 5598//6149 5597//6149 5953//6149
f 5953//6093 5597//6093 5596//6093
f 5953//6150 5596//6150 5961//6150
f 4778//6151 5921//6151 4770//6151
f 4770//6152 5921//6152 5962//6152
f 4770//6153 5962//6153 4771//6153
f 4771//6022 5962//6022 5963//6022
f 4771//6077 5963//6077 4775//6077
f 4775//6154 5963//6154 5964//6154
f 4775//6155 5964//6155 4774//6155
f 4774//6024 5964//6024 5965//6024
f 4774//6071 5965//6071 4860//6071
f 5596//6024 5282//6024 5961//6024
f 5961//6156 5282//6156 5603//6156
f 5961//6157 5603//6157 5966//6157
f 5966//6067 5603//6067 5967//6067
f 4937//6079 4936//6079 5960//6079
f 5960//6158 4936//6158 4942//6158
f 5960//6077 4942//6077 5968//6077
f 5968//6067 4942//6067 4941//6067
f 5968//6159 4941//6159 5969//6159
f 5970//6160 5971//6160 5610//6160
f 4941//6161 4939//6161 5969//6161
f 5969//6064 4939//6064 4938//6064
f 5969//6162 4938//6162 5972//6162
f 5972//6162 4938//6162 4925//6162
f 5972//6163 4925//6163 5973//6163
f 5973//6081 4925//6081 4930//6081
f 5973//6081 4930//6081 5974//6081
f 5974//6123 4930//6123 5975//6123
f 5603//6164 5602//6164 5967//6164
f 5967//6165 5602//6165 5600//6165
f 5967//6166 5600//6166 5976//6166
f 5976//6060 5600//6060 5599//6060
f 5976//6167 5599//6167 5977//6167
f 5977//6168 5599//6168 5590//6168
f 5977//6169 5590//6169 5978//6169
f 5978//6170 5590//6170 5589//6170
f 5978//6171 5589//6171 5971//6171
f 5971//6172 5589//6172 5588//6172
f 5971//6173 5588//6173 5610//6173
f 5979//6174 4783//6174 4864//6174
f 5980//6175 5441//6175 5981//6175
f 5981//6091 5441//6091 5440//6091
f 5981//6123 5440//6123 5982//6123
f 5982//6077 5440//6077 5439//6077
f 5982//6176 5439//6176 5983//6176
f 5983//6049 5439//6049 5438//6049
f 5983//6025 5438//6025 5984//6025
f 5984//6077 5438//6077 5954//6077
f 4783//6169 5979//6169 4784//6169
f 4784//6037 5979//6037 5985//6037
f 4784//6073 5985//6073 4781//6073
f 5970//6177 5610//6177 5986//6177
f 5986//6079 5610//6079 5609//6079
f 5986//6048 5609//6048 5987//6048
f 4781//6178 5985//6178 4793//6178
f 4793//6175 5985//6175 5988//6175
f 4793//6179 5988//6179 5989//6179
f 4860//6168 5965//6168 4861//6168
f 4861//6180 5965//6180 5990//6180
f 4861//6159 5990//6159 4862//6159
f 4862//6029 5990//6029 5991//6029
f 4862//6081 5991//6081 4863//6081
f 4863//6181 5991//6181 5992//6181
f 4863//6181 5992//6181 4864//6181
f 4864//6077 5992//6077 5993//6077
f 4864//6182 5993//6182 5979//6182
f 5345//6084 5343//6084 5994//6084
f 5994//6026 5343//6026 5342//6026
f 5994//6077 5342//6077 5995//6077
f 5995//6059 5342//6059 5339//6059
f 5995//6050 5339//6050 5996//6050
f 5996//6068 5339//6068 5349//6068
f 5996//6081 5349//6081 5997//6081
f 5997//6061 5349//6061 5348//6061
f 5997//6067 5348//6067 5998//6067
f 5998//6081 5348//6081 5347//6081
f 5998//6183 5347//6183 5999//6183
f 5999//6184 5347//6184 5335//6184
f 5999//6178 5335//6178 6000//6178
f 6000//6073 5335//6073 5338//6073
f 6000//6185 5338//6185 5980//6185
f 5980//6025 5338//6025 5337//6025
f 5980//6178 5337//6178 5441//6178
f 6001//6186 4789//6186 6002//6186
f 6002//6063 4789//6063 4788//6063
f 6002//6187 4788//6187 6003//6187
f 6003//6188 4788//6188 4785//6188
f 6003//6093 4785//6093 6004//6093
f 6004//6146 4785//6146 4795//6146
f 6004//6040 4795//6040 5989//6040
f 5989//6189 4795//6189 4794//6189
f 5989//6186 4794//6186 4793//6186
f 5609//6162 5607//6162 5987//6162
f 5987//6190 5607//6190 5605//6190
f 5987//6191 5605//6191 6005//6191
f 6005//6026 5605//6026 6006//6026
f 5345//6192 5994//6192 5402//6192
f 5402//6026 5994//6026 6007//6026
f 5402//6036 6007//6036 6008//6036
f 4930//6073 4929//6073 5975//6073
f 5975//6170 4929//6170 4928//6170
f 5975//6134 4928//6134 6009//6134
f 6009//6077 4928//6077 4924//6077
f 6009//6029 4924//6029 6010//6029
f 6010//6096 4924//6096 4949//6096
f 6010//6096 4949//6096 6011//6096
f 6011//6193 4949//6193 4948//6193
f 6011//6194 4948//6194 6012//6194
f 6012//6181 4948//6181 4946//6181
f 6012//6026 4946//6026 6013//6026
f 6013//6068 4946//6068 4944//6068
f 6013//6123 4944//6123 6014//6123
f 6014//6066 4944//6066 4943//6066
f 6014//6066 4943//6066 6015//6066
f 5605//6176 5604//6176 6006//6176
f 6006//6073 5604//6073 5580//6073
f 6006//6067 5580//6067 6016//6067
f 6016//6067 5580//6067 5585//6067
f 6016//6067 5585//6067 6017//6067
f 6017//6073 5585//6073 5584//6073
f 6017//6073 5584//6073 6018//6073
f 6018//6195 5584//6195 5583//6195
f 6018//6196 5583//6196 6019//6196
f 6020//6048 5354//6048 6021//6048
f 6021//6062 5354//6062 5353//6062
f 6021//6068 5353//6068 6022//6068
f 5353//6048 5352//6048 6022//6048
f 6022//6197 5352//6197 5404//6197
f 6022//6081 5404//6081 6008//6081
f 6008//6063 5404//6063 5403//6063
f 6008//6144 5403//6144 5402//6144
f 4943//6198 4916//6198 6015//6198
f 6015//6081 4916//6081 4921//6081
f 6015//6112 4921//6112 6023//6112
f 6023//6188 4921//6188 6024//6188
f 4921//6197 4920//6197 6024//6197
f 6024//6062 4920//6062 4919//6062
f 6024//6062 4919//6062 6025//6062
f 6026//6064 6027//6064 4799//6064
f 4799//6182 4798//6182 6026//6182
f 6026//6199 4798//6199 4838//6199
f 6026//6073 4838//6073 6028//6073
f 6028//6063 4838//6063 4837//6063
f 6028//6125 4837//6125 6029//6125
f 6029//6044 4837//6044 4836//6044
f 6029//6060 4836//6060 6001//6060
f 6001//6200 4836//6200 4791//6200
f 6001//6201 4791//6201 4789//6201
f 5583//6176 5574//6176 6019//6176
f 6019//6083 5574//6083 5579//6083
f 6019//6067 5579//6067 6030//6067
f 6030//6185 5579//6185 5578//6185
f 6030//6123 5578//6123 6031//6123
f 6031//6066 5578//6066 5577//6066
f 6031//6048 5577//6048 6032//6048
f 6033//6048 5367//6048 6034//6048
f 6034//6073 5367//6073 5366//6073
f 6034//6202 5366//6202 6035//6202
f 6035//6064 5366//6064 5364//6064
f 6035//6064 5364//6064 6020//6064
f 6020//6025 5364//6025 5363//6025
f 6020//6061 5363//6061 5354//6061
f 4919//6067 4910//6067 6025//6067
f 6025//6203 4910//6203 4915//6203
f 6025//6090 4915//6090 6036//6090
f 6036//6162 4915//6162 6037//6162
f 5577//6025 5576//6025 6032//6025
f 6032//6025 5576//6025 5575//6025
f 6032//6025 5575//6025 6038//6025
f 6038//6073 5575//6073 5356//6073
f 6038//6024 5356//6024 6039//6024
f 6039//6067 5356//6067 5358//6067
f 6039//6067 5358//6067 6040//6067
f 6040//6067 5358//6067 5362//6067
f 6040//6024 5362//6024 6041//6024
f 6041//6025 5362//6025 5361//6025
f 6041//6075 5361//6075 6042//6075
f 6042//6204 5361//6204 5360//6204
f 6042//6024 5360//6024 6033//6024
f 6033//6064 5360//6064 5291//6064
f 6033//6037 5291//6037 5367//6037
f 4915//6198 4914//6198 6037//6198
f 6037//6205 4914//6205 4913//6205
f 6037//6040 4913//6040 6043//6040
f 6043//6024 4913//6024 4912//6024
f 6043//6168 4912//6168 6044//6168
f 6044//6037 4912//6037 4911//6037
f 6044//6142 4911//6142 6045//6142
f 6045//6169 4911//6169 4802//6169
f 6045//6036 4802//6036 6046//6036
f 6047//6091 4813//6091 6048//6091
f 6048//6026 4813//6026 4812//6026
f 6048//6206 4812//6206 6049//6206
f 6049//6155 4812//6155 4810//6155
f 6049//6077 4810//6077 6050//6077
f 6050//6175 4810//6175 4809//6175
f 6050//6207 4809//6207 6027//6207
f 6027//6182 4809//6182 4800//6182
f 6027//6145 4800//6145 4799//6145
f 4802//6186 4804//6186 6046//6186
f 6046//6208 4804//6208 4808//6208
f 6046//6209 4808//6209 6051//6209
f 6051//6073 4808//6073 4807//6073
f 6051//6210 4807//6210 6052//6210
f 6052//6210 4807//6210 4806//6210
f 6052//6024 4806//6024 6047//6024
f 6047//6178 4806//6178 4694//6178
f 6047//6211 4694//6211 4813//6211
s 1
f 6053//6212 6054//6213 6055//6214
f 6056//6215 6057//6216 6054//6213
f 6058//6217 6059//6218 6060//6219
f 6061//6220 6062//6221 6063//6222
f 6045//6223 6046//6224 6064//6225
f 6065//6226 6066//6227 6067//6228
f 6068//6229 6069//6230 5945//6231
f 5963//6232 5962//6233 6070//6234
f 6071//6235 6072//6236 6073//6237
f 6074//6238 6075//6239 6076//6240
f 6077//6241 6078//6242 6079//6243
f 6080//6244 6081//6245 6082//6246
f 6082//6246 6081//6245 6083//6247
f 6082//6246 6083//6247 6084//6248
f 6084//6248 6083//6247 6085//6249
f 6084//6248 6085//6249 6086//6250
f 6086//6250 6085//6249 6087//6251
f 6086//6250 6087//6251 6088//6252
f 6088//6252 6087//6251 6089//6253
f 6088//6252 6089//6253 6090//6254
f 6090//6254 6089//6253 6091//6255
f 6090//6254 6091//6255 6092//6256
f 6092//6256 6091//6255 6093//6257
f 6092//6256 6093//6257 6076//6240
f 6076//6240 6093//6257 6073//6237
f 6076//6240 6073//6237 6074//6238
f 6074//6238 6073//6237 6072//6236
f 5931//6258 6094//6259 5930//6260
f 5930//6260 6094//6259 6095//6261
f 6096//6262 5924//6263 6097//6264
f 6097//6264 5924//6263 5925//6265
f 6097//6264 5925//6265 6098//6266
f 5925//6265 5926//6267 6098//6266
f 6098//6266 5926//6267 5927//6268
f 6098//6266 5927//6268 6099//6269
f 6099//6269 5927//6268 5928//6270
f 6099//6269 5928//6270 6095//6261
f 6095//6261 5928//6270 5929//6271
f 6095//6261 5929//6271 5930//6260
f 6081//6245 6069//6230 6083//6247
f 6083//6247 6069//6230 6068//6229
f 6083//6247 6068//6229 6085//6249
f 6085//6249 6068//6229 6100//6272
f 6085//6249 6100//6272 6087//6251
f 6087//6251 6100//6272 6096//6262
f 6087//6251 6096//6262 6089//6253
f 6089//6253 6096//6262 6097//6264
f 6089//6253 6097//6264 6091//6255
f 6091//6255 6097//6264 6098//6266
f 6091//6255 6098//6266 6093//6257
f 6093//6257 6098//6266 6099//6269
f 6093//6257 6099//6269 6073//6237
f 6073//6237 6099//6269 6095//6261
f 6073//6237 6095//6261 6071//6235
f 6071//6235 6095//6261 6094//6259
f 6079//6243 6101//6273 6077//6241
f 6077//6241 6101//6273 6102//6274
f 6077//6241 6102//6274 6103//6275
f 6103//6275 6102//6274 6104//6276
f 6105//6277 5943//6278 5944//6279
f 6106//6280 5921//6281 5949//6282
f 5964//6283 5963//6232 6104//6276
f 6104//6276 5963//6232 6070//6234
f 6104//6276 6070//6234 6103//6275
f 6107//6284 5991//6285 5990//6286
f 6078//6242 6077//6241 6108//6287
f 6108//6287 6077//6241 6103//6275
f 6108//6287 6103//6275 6109//6288
f 6109//6288 6103//6275 6070//6234
f 6109//6288 6070//6234 6106//6280
f 6106//6280 6070//6234 5962//6233
f 6106//6280 5962//6233 5921//6281
f 5945//6231 5946//6289 6068//6229
f 6068//6229 5946//6289 5947//6290
f 6068//6229 5947//6290 6100//6272
f 6100//6272 5947//6290 5922//6291
f 6100//6272 5922//6291 6096//6262
f 6096//6262 5922//6291 5923//6292
f 6096//6262 5923//6292 5924//6263
f 6067//6228 6066//6227 6110//6293
f 6110//6293 6066//6227 6111//6294
f 6110//6293 6111//6294 6112//6295
f 6112//6295 6111//6294 6113//6296
f 6112//6295 6113//6296 6114//6297
f 6114//6297 6113//6296 6115//6298
f 6114//6297 6115//6298 6116//6299
f 6116//6299 6115//6298 6117//6300
f 6116//6299 6117//6300 6118//6301
f 6118//6301 6117//6300 6119//6302
f 6118//6301 6119//6302 6120//6303
f 6120//6303 6119//6302 6121//6304
f 6120//6303 6121//6304 6122//6305
f 6122//6305 6121//6304 6123//6306
f 6122//6305 6123//6306 6124//6307
f 6124//6307 6123//6306 6125//6308
f 6124//6307 6125//6308 6126//6309
f 6127//6310 6125//6308 6128//6311
f 6128//6311 6125//6308 6123//6306
f 6128//6311 6123//6306 6129//6312
f 6129//6312 6123//6306 6121//6304
f 6129//6312 6121//6304 6130//6313
f 6130//6313 6121//6304 6119//6302
f 6130//6313 6119//6302 6131//6314
f 6131//6314 6119//6302 6117//6300
f 6131//6314 6117//6300 6132//6315
f 6132//6315 6117//6300 6115//6298
f 6132//6315 6115//6298 6133//6316
f 6133//6316 6115//6298 6113//6296
f 6133//6316 6113//6296 6134//6317
f 6134//6317 6113//6296 6111//6294
f 6134//6317 6111//6294 6135//6318
f 6135//6318 6111//6294 6066//6227
f 6135//6318 6066//6227 6136//6319
f 6136//6319 6066//6227 6065//6226
f 6136//6319 6065//6226 6137//6320
f 5992//6321 6138//6322 5993//6323
f 5993//6323 6138//6322 6139//6324
f 6140//6325 5988//6326 6141//6327
f 6141//6327 5988//6326 5985//6328
f 6141//6327 5985//6328 6139//6324
f 6139//6324 5985//6328 5979//6329
f 6139//6324 5979//6329 5993//6323
f 6142//6330 6029//6331 6143//6332
f 6143//6332 6029//6331 6001//6333
f 6143//6332 6001//6333 6144//6334
f 6001//6333 6002//6335 6144//6334
f 6144//6334 6002//6335 6003//6336
f 6144//6334 6003//6336 6145//6337
f 6145//6337 6003//6336 6004//6338
f 6145//6337 6004//6338 6140//6325
f 6140//6325 6004//6338 5989//6339
f 6140//6325 5989//6339 5988//6326
f 6138//6322 6127//6310 6139//6324
f 6139//6324 6127//6310 6128//6311
f 6139//6324 6128//6311 6141//6327
f 6141//6327 6128//6311 6129//6312
f 6141//6327 6129//6312 6140//6325
f 6140//6325 6129//6312 6130//6313
f 6140//6325 6130//6313 6145//6337
f 6145//6337 6130//6313 6131//6314
f 6145//6337 6131//6314 6144//6334
f 6144//6334 6131//6314 6132//6315
f 6144//6334 6132//6315 6143//6332
f 6143//6332 6132//6315 6133//6316
f 6143//6332 6133//6316 6142//6330
f 6142//6330 6133//6316 6134//6317
f 6142//6330 6134//6317 6146//6340
f 6146//6340 6134//6317 6135//6318
f 6146//6340 6135//6318 6147//6341
f 6147//6341 6135//6318 6136//6319
f 6147//6341 6136//6319 6148//6342
f 6148//6342 6136//6319 6137//6320
f 6148//6342 6137//6320 6149//6343
f 6051//6344 6052//6345 6150//6346
f 6150//6346 6052//6345 6151//6347
f 6150//6346 6151//6347 6152//6348
f 6152//6348 6151//6347 6153//6349
f 6152//6348 6153//6349 6154//6350
f 6154//6350 6153//6349 6155//6351
f 6154//6350 6155//6351 6156//6352
f 6156//6352 6155//6351 6157//6353
f 6044//6354 6045//6223 6158//6355
f 6158//6355 6045//6223 6064//6225
f 6158//6355 6064//6225 6159//6356
f 6159//6356 6064//6225 6160//6357
f 6159//6356 6160//6357 6161//6358
f 6161//6358 6160//6357 6162//6359
f 6161//6358 6162//6359 6163//6360
f 6163//6360 6162//6359 6164//6361
f 6156//6352 6164//6361 6154//6350
f 6154//6350 6164//6361 6162//6359
f 6154//6350 6162//6359 6152//6348
f 6152//6348 6162//6359 6160//6357
f 6152//6348 6160//6357 6150//6346
f 6150//6346 6160//6357 6064//6225
f 6150//6346 6064//6225 6051//6344
f 6051//6344 6064//6225 6046//6224
f 6052//6345 6047//6362 6151//6347
f 6151//6347 6047//6362 6149//6343
f 6151//6347 6149//6343 6153//6349
f 6153//6349 6149//6343 6137//6320
f 6153//6349 6137//6320 6155//6351
f 6155//6351 6137//6320 6065//6226
f 6155//6351 6065//6226 6157//6353
f 6157//6353 6065//6226 6067//6228
f 6047//6362 6048//6363 6149//6343
f 6149//6343 6048//6363 6049//6364
f 6149//6343 6049//6364 6148//6342
f 6148//6342 6049//6364 6050//6365
f 6148//6342 6050//6365 6147//6341
f 6147//6341 6050//6365 6027//6366
f 6147//6341 6027//6366 6146//6340
f 6146//6340 6027//6366 6026//6367
f 6146//6340 6026//6367 6142//6330
f 6142//6330 6026//6367 6028//6368
f 6142//6330 6028//6368 6029//6331
f 6126//6309 6125//6308 6165//6369
f 6165//6369 6125//6308 6127//6310
f 6165//6369 6127//6310 6166//6370
f 6166//6370 6127//6310 6138//6322
f 6166//6370 6138//6322 6107//6284
f 6107//6284 6138//6322 5992//6321
f 6107//6284 5992//6321 5991//6285
f 6167//6371 6061//6220 6168//6372
f 6168//6372 6061//6220 6063//6222
f 6168//6372 6063//6222 6169//6373
f 6169//6373 6063//6222 6170//6374
f 6169//6373 6170//6374 6171//6375
f 6171//6375 6170//6374 6172//6376
f 6171//6375 6172//6376 6173//6377
f 6173//6377 6172//6376 6174//6378
f 6173//6377 6174//6378 6175//6379
f 6175//6379 6174//6378 6176//6380
f 6175//6379 6176//6380 6177//6381
f 6177//6381 6176//6380 6178//6382
f 6177//6381 6178//6382 6179//6383
f 6179//6383 6178//6382 6180//6384
f 6179//6383 6180//6384 6181//6385
f 6181//6385 6180//6384 6182//6386
f 6181//6385 6182//6386 6183//6387
f 6183//6387 6182//6386 6184//6388
f 6183//6387 6184//6388 6185//6389
f 6185//6389 6184//6388 6186//6390
f 6185//6389 6186//6390 6187//6391
f 6187//6391 6186//6390 6188//6392
f 6187//6391 6188//6392 6189//6393
f 6189//6393 6188//6392 6190//6394
f 6189//6393 6190//6394 6191//6395
f 6191//6395 6190//6394 6192//6396
f 6191//6395 6192//6396 6193//6397
f 6193//6397 6192//6396 6194//6398
f 6193//6397 6194//6398 6195//6399
f 6195//6399 6194//6398 6196//6400
f 6195//6399 6196//6400 6197//6401
f 6197//6401 6196//6400 6198//6402
f 6197//6401 6198//6402 6199//6403
f 6199//6403 6198//6402 6200//6404
f 6199//6403 6200//6404 6201//6405
f 6201//6405 6200//6404 6202//6406
f 6201//6405 6202//6406 6203//6407
f 6203//6407 6202//6406 6204//6408
f 6203//6407 6204//6408 6205//6409
f 6205//6409 6204//6408 6206//6410
f 6205//6409 6206//6410 6207//6411
f 6207//6411 6206//6410 6208//6412
f 6207//6411 6208//6412 6209//6413
f 6209//6413 6208//6412 6210//6414
f 6209//6413 6210//6414 6211//6415
f 6211//6415 6210//6414 6212//6416
f 6211//6415 6212//6416 6213//6417
f 6213//6417 6212//6416 6214//6418
f 6213//6417 6214//6418 6215//6419
f 6215//6419 6214//6418 6216//6420
f 6215//6419 6216//6420 6217//6421
f 6217//6421 6216//6420 6218//6422
f 6217//6421 6218//6422 6219//6423
f 6219//6423 6218//6422 6220//6424
f 6219//6423 6220//6424 6221//6425
f 6221//6425 6220//6424 6222//6426
f 6221//6425 6222//6426 6223//6427
f 6223//6427 6222//6426 6224//6428
f 6223//6427 6224//6428 6225//6429
f 6225//6429 6224//6428 6226//6430
f 6225//6429 6226//6430 6227//6431
f 6227//6431 6226//6430 6228//6432
f 6227//6431 6228//6432 6229//6433
f 6229//6433 6228//6432 6230//6434
f 6229//6433 6230//6434 6231//6435
f 6231//6435 6230//6434 6232//6436
f 6231//6435 6232//6436 6233//6437
f 6233//6437 6232//6436 6234//6438
f 6233//6437 6234//6438 6235//6439
f 6043//6440 6236//6441 6037//6442
f 6037//6442 6236//6441 6237//6443
f 6037//6442 6237//6443 6036//6444
f 6036//6444 6237//6443 6238//6445
f 6239//6446 6013//6447 6240//6448
f 6240//6448 6013//6447 6014//6449
f 6240//6448 6014//6449 6241//6450
f 6014//6449 6015//6451 6241//6450
f 6241//6450 6015//6451 6023//6452
f 6241//6450 6023//6452 6242//6453
f 6242//6453 6023//6452 6024//6454
f 6242//6453 6024//6454 6238//6445
f 6238//6445 6024//6454 6025//6455
f 6238//6445 6025//6455 6036//6444
f 6243//6456 5974//6457 6244//6458
f 6244//6458 5974//6457 5975//6459
f 6244//6458 5975//6459 6245//6460
f 6246//6461 5959//6462 6247//6463
f 6247//6463 5959//6462 5960//6464
f 6247//6463 5960//6464 6248//6465
f 5960//6464 5968//6466 6248//6465
f 6248//6465 5968//6466 5969//6467
f 6248//6465 5969//6467 6249//6468
f 6249//6468 5969//6467 5972//6469
f 6249//6468 5972//6469 6243//6456
f 6243//6456 5972//6469 5973//6470
f 6243//6456 5973//6470 5974//6457
f 5975//6459 6009//6471 6245//6460
f 6245//6460 6009//6471 6010//6472
f 6245//6460 6010//6472 6250//6473
f 6250//6473 6010//6472 6011//6474
f 6250//6473 6011//6474 6239//6446
f 6239//6446 6011//6474 6012//6475
f 6239//6446 6012//6475 6013//6447
f 6251//6476 5919//6477 6252//6478
f 6252//6478 5919//6477 5920//6479
f 6252//6478 5920//6479 6253//6480
f 5920//6479 5936//6481 6253//6480
f 6253//6480 5936//6481 5937//6482
f 6253//6480 5937//6482 6254//6483
f 6254//6483 5937//6482 5938//6484
f 6254//6483 5938//6484 6255//6485
f 6256//6486 5887//6487 6257//6488
f 6257//6488 5887//6487 5888//6489
f 6257//6488 5888//6489 6258//6490
f 6259//6491 5876//6492 6260//6493
f 6260//6493 5876//6492 5877//6494
f 6260//6493 5877//6494 6256//6486
f 6256//6486 5877//6494 5886//6495
f 6256//6486 5886//6495 5887//6487
f 5888//6489 5908//6496 6258//6490
f 6258//6490 5908//6496 5909//6497
f 6258//6490 5909//6497 6261//6498
f 6261//6498 5909//6497 5917//6499
f 6261//6498 5917//6499 6251//6476
f 6251//6476 5917//6499 5918//6500
f 6251//6476 5918//6500 5919//6477
f 6262//6501 6263//6502 6264//6503
f 6264//6503 6263//6502 6265//6504
f 6264//6503 6265//6504 6266//6505
f 6266//6505 6265//6504 6267//6506
f 6266//6505 6267//6506 6268//6507
f 6268//6507 6267//6506 6269//6508
f 6268//6507 6269//6508 6270//6509
f 6270//6509 6269//6508 6259//6491
f 6270//6509 6259//6491 6271//6510
f 6271//6510 6259//6491 6260//6493
f 6271//6510 6260//6493 6272//6511
f 6272//6511 6260//6493 6256//6486
f 6272//6511 6256//6486 6273//6512
f 6273//6512 6256//6486 6257//6488
f 6273//6512 6257//6488 6274//6513
f 6274//6513 6257//6488 6258//6490
f 6274//6513 6258//6490 6275//6514
f 6275//6514 6258//6490 6261//6498
f 6275//6514 6261//6498 6276//6515
f 6276//6515 6261//6498 6251//6476
f 6276//6515 6251//6476 6277//6516
f 6277//6516 6251//6476 6252//6478
f 6277//6516 6252//6478 6278//6517
f 6278//6517 6252//6478 6253//6480
f 6278//6517 6253//6480 6279//6518
f 6279//6518 6253//6480 6254//6483
f 6279//6518 6254//6483 6280//6519
f 6280//6519 6254//6483 6255//6485
f 6280//6519 6255//6485 6281//6520
f 6281//6520 6255//6485 6282//6521
f 6281//6520 6282//6521 6283//6522
f 6283//6522 6282//6521 6284//6523
f 6283//6522 6284//6523 6285//6524
f 6285//6524 6284//6523 6286//6525
f 6285//6524 6286//6525 6287//6526
f 6287//6526 6286//6525 6246//6461
f 6287//6526 6246//6461 6288//6527
f 6288//6527 6246//6461 6247//6463
f 6288//6527 6247//6463 6289//6528
f 6289//6528 6247//6463 6248//6465
f 6289//6528 6248//6465 6290//6529
f 6290//6529 6248//6465 6249//6468
f 6290//6529 6249//6468 6291//6530
f 6291//6530 6249//6468 6243//6456
f 6291//6530 6243//6456 6292//6531
f 6292//6531 6243//6456 6244//6458
f 6292//6531 6244//6458 6293//6532
f 6293//6532 6244//6458 6245//6460
f 6293//6532 6245//6460 6294//6533
f 6294//6533 6245//6460 6250//6473
f 6294//6533 6250//6473 6295//6534
f 6295//6534 6250//6473 6239//6446
f 6295//6534 6239//6446 6296//6535
f 6296//6535 6239//6446 6240//6448
f 6296//6535 6240//6448 6297//6536
f 6297//6536 6240//6448 6241//6450
f 6297//6536 6241//6450 6298//6537
f 6298//6537 6241//6450 6242//6453
f 6298//6537 6242//6453 6299//6538
f 6299//6538 6242//6453 6238//6445
f 6299//6538 6238//6445 6300//6539
f 6300//6539 6238//6445 6237//6443
f 6300//6539 6237//6443 6301//6540
f 6301//6540 6237//6443 6236//6441
f 6301//6540 6236//6441 6302//6541
f 5938//6484 5948//6542 6255//6485
f 6255//6485 5948//6542 5939//6543
f 6255//6485 5939//6543 6282//6521
f 6282//6521 5939//6543 5940//6544
f 6282//6521 5940//6544 6284//6523
f 6284//6523 5940//6544 5941//6545
f 6284//6523 5941//6545 6286//6525
f 6286//6525 5941//6545 5942//6546
f 6286//6525 5942//6546 6246//6461
f 6246//6461 5942//6546 5958//6547
f 6246//6461 5958//6547 5959//6462
f 6062//6221 6262//6501 6063//6222
f 6063//6222 6262//6501 6264//6503
f 6063//6222 6264//6503 6170//6374
f 6170//6374 6264//6503 6266//6505
f 6170//6374 6266//6505 6172//6376
f 6172//6376 6266//6505 6268//6507
f 6172//6376 6268//6507 6174//6378
f 6174//6378 6268//6507 6270//6509
f 6174//6378 6270//6509 6176//6380
f 6176//6380 6270//6509 6271//6510
f 6176//6380 6271//6510 6178//6382
f 6178//6382 6271//6510 6272//6511
f 6178//6382 6272//6511 6180//6384
f 6180//6384 6272//6511 6273//6512
f 6180//6384 6273//6512 6182//6386
f 6182//6386 6273//6512 6274//6513
f 6182//6386 6274//6513 6184//6388
f 6184//6388 6274//6513 6275//6514
f 6184//6388 6275//6514 6186//6390
f 6186//6390 6275//6514 6276//6515
f 6186//6390 6276//6515 6188//6392
f 6188//6392 6276//6515 6277//6516
f 6188//6392 6277//6516 6190//6394
f 6190//6394 6277//6516 6278//6517
f 6190//6394 6278//6517 6192//6396
f 6192//6396 6278//6517 6279//6518
f 6192//6396 6279//6518 6194//6398
f 6194//6398 6279//6518 6280//6519
f 6194//6398 6280//6519 6196//6400
f 6196//6400 6280//6519 6281//6520
f 6196//6400 6281//6520 6198//6402
f 6198//6402 6281//6520 6283//6522
f 6198//6402 6283//6522 6200//6404
f 6200//6404 6283//6522 6285//6524
f 6200//6404 6285//6524 6202//6406
f 6202//6406 6285//6524 6287//6526
f 6202//6406 6287//6526 6204//6408
f 6204//6408 6287//6526 6288//6527
f 6204//6408 6288//6527 6206//6410
f 6206//6410 6288//6527 6289//6528
f 6206//6410 6289//6528 6208//6412
f 6208//6412 6289//6528 6290//6529
f 6208//6412 6290//6529 6210//6414
f 6210//6414 6290//6529 6291//6530
f 6210//6414 6291//6530 6212//6416
f 6212//6416 6291//6530 6292//6531
f 6212//6416 6292//6531 6214//6418
f 6214//6418 6292//6531 6293//6532
f 6214//6418 6293//6532 6216//6420
f 6216//6420 6293//6532 6294//6533
f 6216//6420 6294//6533 6218//6422
f 6218//6422 6294//6533 6295//6534
f 6218//6422 6295//6534 6220//6424
f 6220//6424 6295//6534 6296//6535
f 6220//6424 6296//6535 6222//6426
f 6222//6426 6296//6535 6297//6536
f 6222//6426 6297//6536 6224//6428
f 6224//6428 6297//6536 6298//6537
f 6224//6428 6298//6537 6226//6430
f 6226//6430 6298//6537 6299//6538
f 6226//6430 6299//6538 6228//6432
f 6228//6432 6299//6538 6300//6539
f 6228//6432 6300//6539 6230//6434
f 6230//6434 6300//6539 6301//6540
f 6230//6434 6301//6540 6232//6436
f 6232//6436 6301//6540 6302//6541
f 6232//6436 6302//6541 6234//6438
f 6303//6548 6304//6549 6305//6550
f 6305//6550 7879//6551 6306//6552
f 6303//6548 6307//6553 6304//6549
f 6304//6549 6307//6553 7880//6554
f 7879//6551 6308//6555 7912//6556
f 6310//6557 6311//6558 6312//6559
f 6312//6559 6311//6558 6313//6560
f 6314//6561 6315//6562 6312//6559
f 6312//6559 6315//6562 6316//6563
f 6312//6559 6316//6563 6310//6557
f 6317//6564 6318//6565 6319//6566
f 7880//6554 6320//6567 6309//6568
f 6309//6568 6320//6567 6321//6569
f 7912//6556 6321//6569 6319//6566
f 6319//6566 6321//6569 6322//6570
f 6319//6566 6322//6570 6317//6564
f 6317//6564 6323//6571 6318//6565
f 6318//6565 6323//6571 6324//6572
f 6318//6565 6324//6572 6314//6561
f 6314//6561 6324//6572 6325//6573
f 6314//6561 6325//6573 6315//6562
f 6311//6558 6326//6574 6313//6560
f 6313//6560 6326//6574 6327//6575
f 6313//6560 6327//6575 6328//6576
f 6329//6577 6330//6578 8024//6579
f 6331//6580 8029//6581 6328//6576
f 8024//6579 6328//6576 6332//6582
f 6332//6582 6328//6576 6327//6575
f 6333//6583 6334//6584 8036//6585
f 6329//6577 6336//6586 6330//6578
f 6330//6578 6336//6586 8040//6587
f 8029//6581 6337//6588 8036//6585
f 6335//6589 8040//6587 6338//6590
f 6335//6589 6338//6590 6333//6583
f 6339//6591 6340//6592 6341//6593
f 6341//6593 6340//6592 6342//6594
f 6342//6594 6343//6595 6341//6593
f 6341//6593 6343//6595 6344//6596
f 6341//6593 6344//6596 6345//6597
f 6333//6583 6346//6598 6334//6584
f 6334//6584 6346//6598 6347//6599
f 6334//6584 6347//6599 6339//6591
f 6339//6591 6347//6599 6348//6600
f 6339//6591 6348//6600 6340//6592
f 7941//6601 6350//6602 7942//6603
f 6344//6596 6352//6604 6345//6597
f 6345//6597 6352//6604 7958//6605
f 7946//6606 6353//6607 7942//6603
f 6351//6608 7958//6605 6354//6609
f 6351//6608 6354//6609 6349//6610
f 6349//6610 6355//6611 6350//6602
f 6350//6602 6355//6611 7575//6612
f 6350//6602 7575//6612 7547//6613
f 6358//6614 7549//6615 6360//6616
f 6360//6616 7549//6615 6361//6617
s 0
f 6356//6618 7569//6618 6357//6618
s 1
f 7548//6619 6362//6620 6363//6621
f 7548//6619 6363//6621 6359//6622
f 7549//6615 6363//6621 6364//6623
f 7549//6615 6364//6623 6361//6617
f 6365//6624 6366//6625 6367//6626
f 6367//6626 7741//6627 6368//6628
f 6365//6624 6369//6629 6366//6625
f 6366//6625 6369//6629 7742//6630
f 7741//6627 6370//6631 7776//6632
f 6360//6616 6372//6633 6358//6614
f 6358//6614 6372//6633 6373//6634
f 6358//6614 6373//6634 6368//6628
f 6368//6628 6373//6634 6374//6635
f 6368//6628 6374//6635 6367//6626
f 6375//6636 6376//6637 7755//6638
f 7742//6630 6378//6639 6371//6640
f 6371//6640 6378//6639 7756//6641
f 7776//6632 6379//6642 7755//6638
f 6377//6643 7756//6641 6380//6644
f 6377//6643 6380//6644 6375//6636
f 6375//6636 6381//6645 6376//6637
f 6376//6637 6381//6645 6382//6646
f 6376//6637 6382//6646 6383//6647
f 6384//6648 6385//6649 6386//6650
f 6386//6650 6385//6649 6387//6651
f 6382//6646 6388//6652 6383//6647
f 6383//6647 6388//6652 6389//6653
f 6383//6647 6389//6653 6386//6650
f 6386//6650 6389//6653 6390//6654
f 6386//6650 6390//6654 6384//6648
f 6391//6655 7505//6656 8080//6657
f 6393//6658 6392//6659 6394//6660
f 6395//6661 6396//6662 7546//6663
f 6391//6655 6398//6664 7505//6656
f 7505//6656 6398//6664 7506//6665
f 6392//6659 6399//6666 7546//6663
f 6397//6667 7506//6665 6400//6668
f 6397//6667 6400//6668 6395//6661
f 6385//6649 6401//6669 6387//6651
f 6387//6651 6401//6669 7452//6670
f 6387//6651 6402//6671 6394//6660
f 7554//6672 7452//6670 6403//6673
f 7554//6672 6403//6673 8080//6657
f 6404//6674 6405//6675 6406//6676
f 6406//6676 6405//6675 6396//6662
f 6406//6676 6396//6662 6407//6677
f 6407//6677 6396//6662 6395//6661
f 6408//6678 7445//6679 6410//6680
f 6411//6681 6408//6678 6412//6682
f 6412//6682 6408//6678 6410//6680
f 6412//6682 6410//6680 6413//6683
f 6409//6684 6414//6685 6410//6680
f 6410//6680 6414//6685 6415//6686
f 6410//6680 6415//6686 6416//6687
f 6416//6687 6415//6686 6417//6688
f 6416//6687 6417//6688 6418//6689
f 6418//6689 6417//6688 6419//6690
f 6420//6691 6421//6692 6422//6693
f 6422//6693 6421//6692 6423//6694
f 6424//6695 6425//6696 6426//6697
f 6420//6691 6427//6698 6421//6692
f 6421//6692 6427//6698 6428//6699
f 6421//6692 6428//6699 6425//6696
f 6425//6696 6428//6699 6429//6700
f 6425//6696 6429//6700 6426//6697
f 6419//6690 6430//6701 6418//6689
f 6418//6689 6430//6701 6431//6702
f 6418//6689 6431//6702 6423//6694
f 6423//6694 6431//6702 6432//6703
f 6423//6694 6432//6703 6422//6693
f 6433//6704 6434//6705 6435//6706
f 6435//6706 6434//6705 6436//6707
f 6435//6706 6436//6707 6437//6708
f 6437//6708 6436//6707 6438//6709
f 6437//6708 6438//6709 6439//6710
f 6440//6711 6441//6712 6442//6713
f 6442//6713 6441//6712 6443//6714
f 6440//6711 6444//6715 6441//6712
f 6441//6712 6444//6715 6445//6716
f 6441//6712 6445//6716 6446//6717
f 6433//6704 6447//6718 6434//6705
f 6434//6705 6447//6718 6448//6719
f 6434//6705 6448//6719 6449//6720
f 6449//6720 6448//6719 6450//6721
f 6449//6720 6450//6721 6443//6714
f 6443//6714 6450//6721 6451//6722
f 6443//6714 6451//6722 6442//6713
f 6426//6697 6452//6723 6424//6695
f 6424//6695 6452//6723 6453//6724
f 6424//6695 6453//6724 6438//6709
f 6438//6709 6453//6724 6454//6725
f 6438//6709 6454//6725 6439//6710
f 6455//6726 7650//6727 6457//6728
f 6445//6716 6458//6729 6446//6717
f 6446//6717 6458//6729 7449//6730
f 6446//6717 6459//6731 6457//6728
f 6457//6728 7449//6730 6460//6732
f 6457//6728 6460//6732 6455//6726
f 6455//6726 7651//6733 7650//6727
f 6456//6734 6461//6735 6462//6736
f 6456//6734 6462//6736 7793//6737
f 6464//6738 6465//6739 6466//6740
f 6464//6738 6466//6740 6467//6741
f 6462//6736 6468//6742 7793//6737
f 7793//6737 6468//6742 6469//6743
f 7793//6737 6469//6743 6464//6738
f 6464//6738 6469//6743 6470//6744
f 6464//6738 6470//6744 6465//6739
f 6471//6745 6472//6746 6473//6747
f 6473//6747 6472//6746 6474//6748
f 6475//6749 6476//6750 6477//6751
f 6471//6745 6478//6752 6472//6746
f 6472//6746 6478//6752 6479//6753
f 6472//6746 6479//6753 6477//6751
f 6477//6751 6479//6753 6480//6754
f 6477//6751 6480//6754 6475//6749
f 6466//6740 6481//6755 6467//6741
f 6467//6741 6481//6755 6482//6756
f 6467//6741 6482//6756 6474//6748
f 6474//6748 6482//6756 6483//6757
f 6474//6748 6483//6757 6473//6747
f 7657//6758 6485//6759 6486//6760
f 6486//6760 6485//6759 6487//6761
f 6488//6762 6489//6763 6490//6764
f 6487//6761 6491//6765 6486//6760
f 6486//6760 6491//6765 6492//6766
f 6486//6760 6492//6766 6489//6763
f 6489//6763 6492//6766 6493//6767
f 6489//6763 6493//6767 6490//6764
f 8002//6768 8013//6769 8010//6770
f 6496//6771 6495//6772 6497//6773
f 6498//6774 6499//6775 6500//6776
f 6496//6771 6501//6777 6494//6778
f 6494//6778 6501//6777 6502//6779
f 8002//6768 6502//6779 6500//6776
f 6500//6776 6502//6779 6503//6780
f 6500//6776 6503//6780 6498//6774
f 6490//6764 6504//6781 6488//6762
f 6488//6762 6504//6781 7996//6782
f 6488//6762 6505//6783 8013//6769
f 6495//6772 7996//6782 6506//6784
f 6495//6772 6506//6784 6497//6773
f 6475//6749 6507//6785 6476//6750
f 6476//6750 6507//6785 6508//6786
f 6476//6750 6508//6786 7657//6758
f 7657//6758 6508//6786 6509//6787
f 7657//6758 6509//6787 6485//6759
f 6498//6774 6510//6788 6499//6775
f 6499//6775 6510//6788 6511//6789
f 6499//6775 6511//6789 6306//6552
f 6306//6552 6511//6789 6512//6790
f 6306//6552 6512//6790 6305//6550
f 6513//6791 6514//6792 6515//6793
f 6515//6793 6514//6792 6516//6794
f 6515//6793 6516//6794 6517//6795
f 6517//6795 6516//6794 6518//6796
f 6517//6795 6518//6796 6519//6797
f 6519//6797 6518//6796 6520//6798
f 6519//6797 6520//6798 6521//6799
f 6521//6799 6520//6798 6522//6800
f 6521//6799 6522//6800 6523//6801
f 6523//6801 6522//6800 6524//6802
f 6523//6801 6524//6802 6525//6803
f 6525//6803 6524//6802 6526//6804
f 6525//6803 6526//6804 6527//6805
f 6527//6805 6526//6804 6528//6806
f 6527//6805 6528//6806 6529//6807
f 6529//6807 6528//6806 6530//6808
f 6529//6807 6530//6808 6531//6809
f 6531//6809 6530//6808 6532//6810
f 6531//6809 6532//6810 6533//6811
f 6514//6792 6534//6812 6516//6794
f 6516//6794 6534//6812 6535//6813
f 6516//6794 6535//6813 6518//6796
f 6518//6796 6535//6813 6536//6814
f 6518//6796 6536//6814 6520//6798
f 6520//6798 6536//6814 6537//6815
f 6520//6798 6537//6815 6522//6800
f 6522//6800 6537//6815 6538//6816
f 6522//6800 6538//6816 6524//6802
f 6524//6802 6538//6816 6539//6817
f 6524//6802 6539//6817 6526//6804
f 6526//6804 6539//6817 6540//6818
f 6526//6804 6540//6818 6528//6806
f 6528//6806 6540//6818 6541//6819
f 6528//6806 6541//6819 6530//6808
f 6530//6808 6541//6819 6542//6820
f 6530//6808 6542//6820 6532//6810
f 6513//6791 6543//6821 6514//6792
f 6514//6792 6543//6821 6544//6822
f 6514//6792 6544//6822 6534//6812
f 6534//6812 6544//6822 6545//6823
f 6534//6812 6545//6823 6535//6813
f 6535//6813 6545//6823 6546//6824
f 6535//6813 6546//6824 6536//6814
f 6536//6814 6546//6824 6547//6825
f 6536//6814 6547//6825 6537//6815
f 6537//6815 6547//6825 6548//6826
f 6537//6815 6548//6826 6538//6816
f 6538//6816 6548//6826 6549//6827
f 6538//6816 6549//6827 6539//6817
f 6539//6817 6549//6827 6550//6828
f 6539//6817 6550//6828 6540//6818
f 6540//6818 6550//6828 6551//6829
f 6540//6818 6551//6829 6541//6819
f 6541//6819 6551//6829 6552//6830
f 6541//6819 6552//6830 6542//6820
f 6542//6820 6552//6830 6553//6831
f 6075//6239 6554//6832 6076//6240
f 6076//6240 6554//6832 6555//6833
f 6076//6240 6555//6833 6092//6256
f 6092//6256 6555//6833 6556//6834
f 6092//6256 6556//6834 6090//6254
f 6090//6254 6556//6834 6557//6835
f 6090//6254 6557//6835 6088//6252
f 6088//6252 6557//6835 6558//6836
f 6088//6252 6558//6836 6086//6250
f 6086//6250 6558//6836 6559//6837
f 6086//6250 6559//6837 6084//6248
f 6084//6248 6559//6837 6560//6838
f 6084//6248 6560//6838 6082//6246
f 6082//6246 6560//6838 6561//6839
f 6082//6246 6561//6839 6080//6244
f 6080//6244 6561//6839 6562//6840
f 6080//6244 6562//6840 6563//6841
f 6563//6841 6562//6840 6564//6842
f 6563//6841 6564//6842 6565//6843
f 6565//6843 6564//6842 6566//6844
f 6565//6843 6566//6844 6567//6845
f 6567//6845 6566//6844 6568//6846
f 6567//6845 6568//6846 6057//6216
f 6054//6213 6053//6212 6056//6215
f 6056//6215 6053//6212 6569//6847
f 6056//6215 6569//6847 6570//6848
f 6570//6848 6569//6847 6571//6849
f 6570//6848 6571//6849 6572//6850
f 6572//6850 6571//6849 6573//6851
f 6572//6850 6573//6851 6574//6852
f 6574//6852 6573//6851 6575//6853
f 6574//6852 6575//6853 6576//6854
f 6576//6854 6575//6853 6577//6855
f 6576//6854 6577//6855 6105//6277
f 6105//6277 6577//6855 5950//6856
f 6105//6277 5950//6856 5943//6278
f 6055//6214 6578//6857 6579//6858
f 6579//6858 6578//6857 6580//6859
f 6579//6858 6580//6859 6079//6243
f 6079//6243 6580//6859 6581//6860
f 6079//6243 6581//6860 6101//6273
f 6101//6273 6581//6860 6582//6861
f 6101//6273 6582//6861 6102//6274
f 6102//6274 6582//6861 6583//6862
f 6102//6274 6583//6862 6104//6276
f 6104//6276 6583//6862 5965//6863
f 6104//6276 5965//6863 5964//6283
f 6055//6214 6579//6858 6053//6212
f 6053//6212 6579//6858 6079//6243
f 6053//6212 6079//6243 6569//6847
f 6569//6847 6079//6243 6078//6242
f 6569//6847 6078//6242 6571//6849
f 6571//6849 6078//6242 6108//6287
f 6571//6849 6108//6287 6573//6851
f 6573//6851 6108//6287 6109//6288
f 6573//6851 6109//6288 6575//6853
f 6575//6853 6109//6288 6106//6280
f 6575//6853 6106//6280 6577//6855
f 6577//6855 6106//6280 5949//6282
f 6577//6855 5949//6282 5950//6856
f 6057//6216 6056//6215 6567//6845
f 6567//6845 6056//6215 6570//6848
f 6567//6845 6570//6848 6565//6843
f 6565//6843 6570//6848 6572//6850
f 6565//6843 6572//6850 6563//6841
f 6563//6841 6572//6850 6574//6852
f 6563//6841 6574//6852 6080//6244
f 6080//6244 6574//6852 6576//6854
f 6080//6244 6576//6854 6081//6245
f 6081//6245 6576//6854 6105//6277
f 6081//6245 6105//6277 6069//6230
f 6069//6230 6105//6277 5944//6279
f 6069//6230 5944//6279 5945//6231
f 6513//6791 6584//6864 6543//6821
f 6543//6821 6584//6864 6585//6865
f 6543//6821 6585//6865 6544//6822
f 6544//6822 6585//6865 6586//6866
f 6544//6822 6586//6866 6545//6823
f 6545//6823 6586//6866 6587//6867
f 6545//6823 6587//6867 6546//6824
f 6546//6824 6587//6867 6588//6868
f 6546//6824 6588//6868 6547//6825
f 6547//6825 6588//6868 6589//6869
f 6547//6825 6589//6869 6548//6826
f 6548//6826 6589//6869 6590//6870
f 6548//6826 6590//6870 6549//6827
f 6549//6827 6590//6870 6591//6871
f 6549//6827 6591//6871 6550//6828
f 6550//6828 6591//6871 6592//6872
f 6550//6828 6592//6872 6551//6829
f 6551//6829 6592//6872 6593//6873
f 6551//6829 6593//6873 6552//6830
f 6552//6830 6593//6873 6594//6874
f 6552//6830 6594//6874 6553//6831
f 6553//6831 6594//6874 6595//6875
f 6059//6218 6596//6876 6060//6219
f 6060//6219 6596//6876 6597//6877
f 6060//6219 6597//6877 6598//6878
f 6598//6878 6597//6877 6599//6879
f 6598//6878 6599//6879 6600//6880
f 6600//6880 6599//6879 6601//6881
f 6600//6880 6601//6881 6602//6882
f 6602//6882 6601//6881 6603//6883
f 6602//6882 6603//6883 6604//6884
f 6604//6884 6603//6883 6605//6885
f 6604//6884 6605//6885 6606//6886
f 6606//6886 6605//6885 6607//6887
f 6606//6886 6607//6887 6608//6888
f 6608//6888 6607//6887 6609//6889
f 6608//6888 6609//6889 6610//6890
f 6610//6890 6609//6889 6611//6891
f 6610//6890 6611//6891 6612//6892
f 6612//6892 6611//6891 6613//6893
f 6612//6892 6613//6893 6614//6894
f 6614//6894 6613//6893 6615//6895
f 6614//6894 6615//6895 6616//6896
f 6616//6896 6615//6895 6617//6897
f 6616//6896 6617//6897 6618//6898
f 6618//6898 6617//6897 6619//6899
f 6618//6898 6619//6899 6620//6900
f 6620//6900 6619//6899 6621//6901
f 6620//6900 6621//6901 6622//6902
f 6622//6902 6621//6901 6623//6903
f 6622//6902 6623//6903 6624//6904
f 6624//6904 6623//6903 6625//6905
f 6624//6904 6625//6905 6626//6906
f 6626//6906 6625//6905 6627//6907
f 6626//6906 6627//6907 6628//6908
f 6628//6908 6627//6907 6629//6909
f 6628//6908 6629//6909 6630//6910
f 6630//6910 6629//6909 6631//6911
f 6630//6910 6631//6911 6632//6912
f 6632//6912 6631//6911 6633//6913
f 6632//6912 6633//6913 6634//6914
f 6634//6914 6633//6913 6635//6915
f 6634//6914 6635//6915 6636//6916
f 6636//6916 6635//6915 6637//6917
f 6636//6916 6637//6917 6638//6918
f 6638//6918 6637//6917 6639//6919
f 6638//6918 6639//6919 6640//6920
f 6640//6920 6639//6919 6641//6921
f 6640//6920 6641//6921 6642//6922
f 6642//6922 6641//6921 6643//6923
f 6642//6922 6643//6923 6644//6924
f 6644//6924 6643//6923 6645//6925
f 6644//6924 6645//6925 6646//6926
f 6646//6926 6645//6925 6647//6927
f 6646//6926 6647//6927 6648//6928
f 6648//6928 6647//6927 6649//6929
f 6648//6928 6649//6929 6650//6930
f 6650//6930 6649//6929 6651//6931
f 6650//6930 6651//6931 6652//6932
f 6652//6932 6651//6931 6653//6933
f 6652//6932 6653//6933 6654//6934
f 6654//6934 6653//6933 6655//6935
f 6654//6934 6655//6935 6656//6936
f 6656//6936 6655//6935 6657//6937
f 6656//6936 6657//6937 6658//6938
f 6658//6938 6657//6937 6659//6939
f 6658//6938 6659//6939 6660//6940
f 6660//6940 6659//6939 6661//6941
f 6660//6940 6661//6941 6662//6942
f 6662//6942 6661//6941 6663//6943
f 6662//6942 6663//6943 6664//6944
f 6664//6944 6663//6943 6665//6945
f 6664//6944 6665//6945 6666//6946
f 6666//6946 6665//6945 6667//6947
f 6666//6946 6667//6947 6668//6948
f 6668//6948 6667//6947 6669//6949
f 6668//6948 6669//6949 6670//6950
f 6670//6950 6669//6949 6671//6951
f 6670//6950 6671//6951 6672//6952
f 6672//6952 6671//6951 6673//6953
f 6672//6952 6673//6953 6674//6954
f 6674//6954 6673//6953 6675//6955
f 6674//6954 6675//6955 6676//6956
f 6676//6956 6675//6955 6677//6957
f 6676//6956 6677//6957 6678//6958
f 6678//6958 6677//6957 6679//6959
f 6678//6958 6679//6959 6680//6960
f 6680//6960 6679//6959 6681//6961
f 6680//6960 6681//6961 6682//6962
f 6682//6962 6681//6961 6683//6963
f 6682//6962 6683//6963 6684//6964
f 6684//6964 6683//6963 6685//6965
f 6684//6964 6685//6965 6686//6966
f 6686//6966 6685//6965 6687//6967
f 6686//6966 6687//6967 6688//6968
f 6688//6968 6687//6967 6689//6969
f 6688//6968 6689//6969 6690//6970
f 6690//6970 6689//6969 6691//6971
f 6690//6970 6691//6971 6692//6972
f 6692//6972 6691//6971 6578//6857
f 6692//6972 6578//6857 6693//6973
f 6693//6973 6578//6857 6055//6214
f 6693//6973 6055//6214 6694//6974
f 6694//6974 6055//6214 6054//6213
f 6694//6974 6054//6213 6695//6975
f 6695//6975 6054//6213 6057//6216
f 6695//6975 6057//6216 6584//6864
f 6584//6864 6057//6216 6568//6846
f 6584//6864 6568//6846 6585//6865
f 6585//6865 6568//6846 6566//6844
f 6585//6865 6566//6844 6586//6866
f 6586//6866 6566//6844 6564//6842
f 6586//6866 6564//6842 6587//6867
f 6587//6867 6564//6842 6562//6840
f 6587//6867 6562//6840 6588//6868
f 6588//6868 6562//6840 6561//6839
f 6588//6868 6561//6839 6589//6869
f 6589//6869 6561//6839 6560//6838
f 6589//6869 6560//6838 6590//6870
f 6590//6870 6560//6838 6559//6837
f 6590//6870 6559//6837 6591//6871
f 6591//6871 6559//6837 6558//6836
f 6591//6871 6558//6836 6592//6872
f 6592//6872 6558//6836 6557//6835
f 6592//6872 6557//6835 6593//6873
f 6593//6873 6557//6835 6556//6834
f 6593//6873 6556//6834 6594//6874
f 6594//6874 6556//6834 6555//6833
f 6594//6874 6555//6833 6595//6875
f 6595//6875 6555//6833 6554//6832
f 6405//6675 6058//6217 6396//6662
f 6396//6662 6058//6217 6060//6219
f 6396//6662 6060//6219 7546//6663
f 7546//6663 6060//6219 6598//6878
f 7546//6663 6598//6878 6392//6659
f 6392//6659 6598//6878 6600//6880
f 6392//6659 6600//6880 6394//6660
f 6394//6660 6600//6880 6602//6882
f 6394//6660 6602//6882 6387//6651
f 6387//6651 6602//6882 6604//6884
f 6387//6651 6604//6884 6386//6650
f 6386//6650 6604//6884 6606//6886
f 6386//6650 6606//6886 6383//6647
f 6383//6647 6606//6886 6608//6888
f 6383//6647 6608//6888 6376//6637
f 6376//6637 6608//6888 6610//6890
f 6376//6637 6610//6890 7755//6638
f 7755//6638 6610//6890 6612//6892
f 7755//6638 6612//6892 7776//6632
f 7776//6632 6612//6892 6614//6894
f 7776//6632 6614//6894 7741//6627
f 7741//6627 6614//6894 6616//6896
f 7741//6627 6616//6896 6368//6628
f 6368//6628 6616//6896 6618//6898
f 6368//6628 6618//6898 6358//6614
f 6358//6614 6618//6898 6620//6900
f 6358//6614 6620//6900 7549//6615
f 7549//6615 6620//6900 6622//6902
f 7549//6615 6622//6902 7547//6613
f 7547//6613 6622//6902 6624//6904
f 7547//6613 6624//6904 6350//6602
f 6350//6602 6624//6904 6626//6906
f 6350//6602 6626//6906 7942//6603
f 7942//6603 6626//6906 6628//6908
f 7942//6603 6628//6908 7946//6606
f 7946//6606 6628//6908 6630//6910
f 7946//6606 6630//6910 6341//6593
f 6341//6593 6630//6910 6632//6912
f 6341//6593 6632//6912 6339//6591
f 6339//6591 6632//6912 6634//6914
f 6339//6591 6634//6914 6334//6584
f 6334//6584 6634//6914 6636//6916
f 6334//6584 6636//6916 8036//6585
f 8036//6585 6636//6916 6638//6918
f 8036//6585 6638//6918 8029//6581
f 8029//6581 6638//6918 6640//6920
f 8029//6581 6640//6920 6328//6576
f 6328//6576 6640//6920 6642//6922
f 6328//6576 6642//6922 6313//6560
f 6313//6560 6642//6922 6644//6924
f 6313//6560 6644//6924 6312//6559
f 6312//6559 6644//6924 6646//6926
f 6312//6559 6646//6926 6314//6561
f 6314//6561 6646//6926 6648//6928
f 6314//6561 6648//6928 6318//6565
f 6318//6565 6648//6928 6650//6930
f 6318//6565 6650//6930 6319//6566
f 6319//6566 6650//6930 6652//6932
f 6319//6566 6652//6932 7912//6556
f 7912//6556 6652//6932 6654//6934
f 7912//6556 6654//6934 7879//6551
f 7879//6551 6654//6934 6656//6936
f 7879//6551 6656//6936 6306//6552
f 6306//6552 6656//6936 6658//6938
f 6306//6552 6658//6938 6499//6775
f 6499//6775 6658//6938 6660//6940
f 6499//6775 6660//6940 6500//6776
f 6500//6776 6660//6940 6662//6942
f 6500//6776 6662//6942 8002//6768
f 8002//6768 6662//6942 6664//6944
f 8002//6768 6664//6944 8013//6769
f 8013//6769 6664//6944 6666//6946
f 8013//6769 6666//6946 6488//6762
f 6488//6762 6666//6946 6668//6948
f 6488//6762 6668//6948 6489//6763
f 6489//6763 6668//6948 6670//6950
f 6489//6763 6670//6950 6486//6760
f 6486//6760 6670//6950 6672//6952
f 6486//6760 6672//6952 6484//6976
f 6484//6976 6672//6952 6674//6954
f 6484//6976 6674//6954 6476//6750
f 6476//6750 6674//6954 6676//6956
f 6476//6750 6676//6956 6477//6751
f 6477//6751 6676//6956 6678//6958
f 6477//6751 6678//6958 6472//6746
f 6472//6746 6678//6958 6680//6960
f 6472//6746 6680//6960 6474//6748
f 6474//6748 6680//6960 6682//6962
f 6474//6748 6682//6962 6467//6741
f 6467//6741 6682//6962 6684//6964
f 6467//6741 6684//6964 6464//6738
f 6464//6738 6684//6964 6686//6966
f 6464//6738 6686//6966 6463//6977
f 6463//6977 6686//6966 6688//6968
f 6463//6977 6688//6968 7650//6727
f 7650//6727 6688//6968 6690//6970
f 7650//6727 6690//6970 6457//6728
f 6457//6728 6690//6970 6692//6972
f 6457//6728 6692//6972 6446//6717
f 6446//6717 6692//6972 6693//6973
f 6446//6717 6693//6973 6441//6712
f 6441//6712 6693//6973 6694//6974
f 6441//6712 6694//6974 6443//6714
f 6443//6714 6694//6974 6695//6975
f 6443//6714 6695//6975 6449//6720
f 6449//6720 6695//6975 6584//6864
f 6449//6720 6584//6864 6434//6705
f 6434//6705 6584//6864 6513//6791
f 6434//6705 6513//6791 6436//6707
f 6436//6707 6513//6791 6515//6793
f 6436//6707 6515//6793 6438//6709
f 6438//6709 6515//6793 6517//6795
f 6438//6709 6517//6795 6424//6695
f 6424//6695 6517//6795 6519//6797
f 6424//6695 6519//6797 6425//6696
f 6425//6696 6519//6797 6521//6799
f 6425//6696 6521//6799 6421//6692
f 6421//6692 6521//6799 6523//6801
f 6421//6692 6523//6801 6423//6694
f 6423//6694 6523//6801 6525//6803
f 6423//6694 6525//6803 6418//6689
f 6418//6689 6525//6803 6527//6805
f 6418//6689 6527//6805 6416//6687
f 6416//6687 6527//6805 6529//6807
f 6416//6687 6529//6807 6410//6680
f 6410//6680 6529//6807 6531//6809
f 6410//6680 6531//6809 6413//6683
f 6413//6683 6531//6809 6533//6811
f 6263//6502 5898//6978 6265//6504
f 6265//6504 5898//6978 5872//6979
f 6265//6504 5872//6979 6267//6506
f 6267//6506 5872//6979 5873//6980
f 6267//6506 5873//6980 6269//6508
f 6269//6508 5873//6980 5874//6981
f 6269//6508 5874//6981 6259//6491
f 6259//6491 5874//6981 5875//6982
f 6259//6491 5875//6982 5876//6492
f 6163//6360 6235//6439 6161//6358
f 6161//6358 6235//6439 6234//6438
f 6161//6358 6234//6438 6159//6356
f 6159//6356 6234//6438 6302//6541
f 6159//6356 6302//6541 6158//6355
f 6158//6355 6302//6541 6236//6441
f 6158//6355 6236//6441 6044//6354
f 6044//6354 6236//6441 6043//6440
f 6596//6876 6167//6371 6597//6877
f 6597//6877 6167//6371 6168//6372
f 6597//6877 6168//6372 6599//6879
f 6599//6879 6168//6372 6169//6373
f 6599//6879 6169//6373 6601//6881
f 6601//6881 6169//6373 6171//6375
f 6601//6881 6171//6375 6603//6883
f 6603//6883 6171//6375 6173//6377
f 6603//6883 6173//6377 6605//6885
f 6605//6885 6173//6377 6175//6379
f 6605//6885 6175//6379 6607//6887
f 6607//6887 6175//6379 6177//6381
f 6607//6887 6177//6381 6609//6889
f 6609//6889 6177//6381 6179//6383
f 6609//6889 6179//6383 6611//6891
f 6611//6891 6179//6383 6181//6385
f 6611//6891 6181//6385 6613//6893
f 6613//6893 6181//6385 6183//6387
f 6613//6893 6183//6387 6615//6895
f 6615//6895 6183//6387 6185//6389
f 6615//6895 6185//6389 6617//6897
f 6617//6897 6185//6389 6187//6391
f 6617//6897 6187//6391 6619//6899
f 6619//6899 6187//6391 6189//6393
f 6619//6899 6189//6393 6621//6901
f 6621//6901 6189//6393 6191//6395
f 6621//6901 6191//6395 6623//6903
f 6623//6903 6191//6395 6193//6397
f 6623//6903 6193//6397 6625//6905
f 6625//6905 6193//6397 6195//6399
f 6625//6905 6195//6399 6627//6907
f 6627//6907 6195//6399 6197//6401
f 6627//6907 6197//6401 6629//6909
f 6629//6909 6197//6401 6199//6403
f 6629//6909 6199//6403 6631//6911
f 6631//6911 6199//6403 6201//6405
f 6631//6911 6201//6405 6633//6913
f 6633//6913 6201//6405 6203//6407
f 6633//6913 6203//6407 6635//6915
f 6635//6915 6203//6407 6205//6409
f 6635//6915 6205//6409 6637//6917
f 6637//6917 6205//6409 6207//6411
f 6637//6917 6207//6411 6639//6919
f 6639//6919 6207//6411 6209//6413
f 6639//6919 6209//6413 6641//6921
f 6641//6921 6209//6413 6211//6415
f 6641//6921 6211//6415 6643//6923
f 6643//6923 6211//6415 6213//6417
f 6643//6923 6213//6417 6645//6925
f 6645//6925 6213//6417 6215//6419
f 6645//6925 6215//6419 6647//6927
f 6647//6927 6215//6419 6217//6421
f 6647//6927 6217//6421 6649//6929
f 6649//6929 6217//6421 6219//6423
f 6649//6929 6219//6423 6651//6931
f 6651//6931 6219//6423 6221//6425
f 6651//6931 6221//6425 6653//6933
f 6653//6933 6221//6425 6223//6427
f 6653//6933 6223//6427 6655//6935
f 6655//6935 6223//6427 6225//6429
f 6655//6935 6225//6429 6657//6937
f 6657//6937 6225//6429 6227//6431
f 6657//6937 6227//6431 6659//6939
f 6659//6939 6227//6431 6229//6433
f 6659//6939 6229//6433 6661//6941
f 6661//6941 6229//6433 6231//6435
f 6661//6941 6231//6435 6663//6943
f 6663//6943 6231//6435 6233//6437
f 6663//6943 6233//6437 6665//6945
f 6665//6945 6233//6437 6235//6439
f 6665//6945 6235//6439 6667//6947
f 6667//6947 6235//6439 6163//6360
f 6667//6947 6163//6360 6669//6949
f 6669//6949 6163//6360 6164//6361
f 6669//6949 6164//6361 6671//6951
f 6671//6951 6164//6361 6156//6352
f 6671//6951 6156//6352 6673//6953
f 6673//6953 6156//6352 6157//6353
f 6673//6953 6157//6353 6675//6955
f 6675//6955 6157//6353 6067//6228
f 6675//6955 6067//6228 6677//6957
f 6677//6957 6067//6228 6110//6293
f 6677//6957 6110//6293 6679//6959
f 6679//6959 6110//6293 6112//6295
f 6679//6959 6112//6295 6681//6961
f 6681//6961 6112//6295 6114//6297
f 6681//6961 6114//6297 6683//6963
f 6683//6963 6114//6297 6116//6299
f 6683//6963 6116//6299 6685//6965
f 6685//6965 6116//6299 6118//6301
f 6685//6965 6118//6301 6687//6967
f 6687//6967 6118//6301 6120//6303
f 6687//6967 6120//6303 6689//6969
f 6689//6969 6120//6303 6122//6305
f 6689//6969 6122//6305 6691//6971
f 6691//6971 6122//6305 6124//6307
f 6691//6971 6124//6307 6578//6857
f 6578//6857 6124//6307 6126//6309
f 6578//6857 6126//6309 6580//6859
f 6580//6859 6126//6309 6165//6369
f 6580//6859 6165//6369 6581//6860
f 6581//6860 6165//6369 6166//6370
f 6581//6860 6166//6370 6582//6861
f 6582//6861 6166//6370 6107//6284
f 6582//6861 6107//6284 6583//6862
f 6583//6862 6107//6284 5990//6286
f 6583//6862 5990//6286 5965//6863
f 6696//6983 6094//6259 5931//6258
f 6413//6683 6533//6811 6697//6984
f 6698//6985 6699//6986 6700//6987
f 6701//6988 6702//6989 6703//6990
f 6704//6991 6705//6992 6706//6993
f 5932//6994 5870//6995 6707//6996
f 6031//6997 6032//6998 6708//6999
f 6709//7000 6710//7001 6711//7002
f 6712//7003 6713//7004 6714//7005
f 6715//7006 6716//7007 6717//7008
f 6718//7009 6719//7010 6720//7011
f 6721//7012 6722//7013 6723//7014
f 6724//7015 6725//7016 6726//7017
f 6727//7018 6728//7019 6729//7020
f 6730//7021 6731//7022 6732//7023
f 6733//7024 6734//7025 6735//7026
f 6736//7027 6737//7028 6738//7029
f 6039//7030 6040//7031 6739//7032
f 6740//7033 6741//7034 6742//7035
f 6743//7036 6744//7037 6745//7038
f 5913//7039 5914//7040 6746//7041
f 5916//7042 5901//7043 6747//7044
f 5903//7045 5904//7046 6748//7047
f 5906//7048 5907//7049 6749//7050
f 5894//7051 5895//7052 6750//7053
f 6751//7054 6752//7055 6753//7056
f 6754//7057 6755//7058 6756//7059
f 6757//7060 6758//7061 6759//7062
f 6760//7063 6761//7064 6762//7065
f 6763//7066 6764//7067 6765//7068
f 6766//7069 6767//7070 6768//7071
f 6769//7072 6770//7073 6771//7074
f 6752//7055 6754//7057 6772//7075
f 6755//7058 6773//7076 6774//7077
f 6775//7078 6776//7079 6777//7080
f 6777//7080 6776//7079 6771//7074
f 6777//7080 6771//7074 6778//7081
f 6778//7081 6771//7074 6770//7073
f 6778//7081 6770//7073 6763//7066
f 6779//7082 6780//7083 6781//7084
f 6781//7084 6780//7083 6765//7068
f 6781//7084 6765//7068 6782//7085
f 6782//7085 6765//7068 6764//7067
f 6782//7085 6764//7067 6766//7069
f 6783//7086 6784//7087 6785//7088
f 6785//7088 6784//7087 6768//7071
f 6785//7088 6768//7071 6786//7089
f 6786//7089 6768//7071 6767//7070
f 6786//7089 6767//7070 6760//7063
f 6787//7090 5896//7091 5897//7092
f 6167//6371 6769//7072 6061//6220
f 6061//6220 6769//7072 6788//7093
f 6061//6220 6788//7093 6062//6221
f 6062//6221 6788//7093 6789//7094
f 6062//6221 6789//7094 6262//6501
f 6262//6501 6789//7094 6787//7090
f 6262//6501 6787//7090 6263//6502
f 6263//6502 6787//7090 5897//7092
f 6263//6502 5897//7092 5898//6978
f 5893//7095 5894//7051 6775//7078
f 6775//7078 5894//7051 6750//7053
f 6775//7078 6750//7053 6776//7079
f 6769//7072 6771//7074 6788//7093
f 6788//7093 6771//7074 6776//7079
f 6788//7093 6776//7079 6789//7094
f 6789//7094 6776//7079 6750//7053
f 6789//7094 6750//7053 6787//7090
f 6787//7090 6750//7053 5895//7052
f 6787//7090 5895//7052 5896//7091
f 5905//7096 5906//7048 6779//7082
f 6779//7082 5906//7048 6749//7050
f 6779//7082 6749//7050 6780//7083
f 5902//7097 5903//7045 6783//7086
f 6783//7086 5903//7045 6748//7047
f 6783//7086 6748//7047 6784//7087
f 6766//7069 6768//7071 6782//7085
f 6782//7085 6768//7071 6784//7087
f 6782//7085 6784//7087 6781//7084
f 6781//7084 6784//7087 6748//7047
f 6781//7084 6748//7047 6779//7082
f 6779//7082 6748//7047 5904//7046
f 6779//7082 5904//7046 5905//7096
f 6763//7066 6765//7068 6778//7081
f 6778//7081 6765//7068 6780//7083
f 6778//7081 6780//7083 6777//7080
f 6777//7080 6780//7083 6749//7050
f 6777//7080 6749//7050 6775//7078
f 6775//7078 6749//7050 5907//7049
f 6775//7078 5907//7049 5893//7095
f 6790//7098 6791//7099 6792//7100
f 6792//7100 6791//7099 6762//7065
f 6792//7100 6762//7065 6793//7101
f 6793//7101 6762//7065 6761//7064
f 6793//7101 6761//7064 6757//7060
f 6794//7102 6795//7103 6796//7104
f 6796//7104 6795//7103 6759//7062
f 6796//7104 6759//7062 6797//7105
f 6797//7105 6759//7062 6758//7061
f 6797//7105 6758//7061 6751//7054
f 5915//7106 5916//7042 6790//7098
f 6790//7098 5916//7042 6747//7044
f 6790//7098 6747//7044 6791//7099
f 5912//7107 5913//7039 6794//7102
f 6794//7102 5913//7039 6746//7041
f 6794//7102 6746//7041 6795//7103
f 6757//7060 6759//7062 6793//7101
f 6793//7101 6759//7062 6795//7103
f 6793//7101 6795//7103 6792//7100
f 6792//7100 6795//7103 6746//7041
f 6792//7100 6746//7041 6790//7098
f 6790//7098 6746//7041 5914//7040
f 6790//7098 5914//7040 5915//7106
f 6798//7108 5955//7109 5956//7110
f 6752//7055 6772//7075 6753//7056
f 6753//7056 6772//7075 6799//7111
f 6753//7056 6799//7111 6800//7112
f 6800//7112 6799//7111 6798//7108
f 6800//7112 6798//7108 6801//7113
f 6801//7113 6798//7108 5956//7110
f 6801//7113 5956//7110 5957//7114
f 6802//7115 5983//7116 5984//7117
f 6755//7058 6774//7077 6756//7059
f 6756//7059 6774//7077 6803//7118
f 6756//7059 6803//7118 6804//7119
f 6804//7119 6803//7118 6802//7115
f 6804//7119 6802//7115 6805//7120
f 6805//7120 6802//7115 5984//7117
f 6805//7120 5984//7117 5954//7121
f 6754//7057 6756//7059 6772//7075
f 6772//7075 6756//7059 6804//7119
f 6772//7075 6804//7119 6799//7111
f 6799//7111 6804//7119 6805//7120
f 6799//7111 6805//7120 6798//7108
f 6798//7108 6805//7120 5954//7121
f 6798//7108 5954//7121 5955//7109
f 6751//7054 6753//7056 6797//7105
f 6797//7105 6753//7056 6800//7112
f 6797//7105 6800//7112 6796//7104
f 6796//7104 6800//7112 6801//7113
f 6796//7104 6801//7113 6794//7102
f 6794//7102 6801//7113 5957//7114
f 6794//7102 5957//7114 5912//7107
f 6760//7063 6762//7065 6786//7089
f 6786//7089 6762//7065 6791//7099
f 6786//7089 6791//7099 6785//7088
f 6785//7088 6791//7099 6747//7044
f 6785//7088 6747//7044 6783//7086
f 6783//7086 6747//7044 5901//7043
f 6783//7086 5901//7043 5902//7097
f 6745//7038 6744//7037 6806//7122
f 6806//7122 6744//7037 6807//7123
f 6806//7122 6807//7123 6808//7124
f 6808//7124 6807//7123 6809//7125
f 6808//7124 6809//7125 6810//7126
f 6810//7126 6809//7125 6811//7127
f 6810//7126 6811//7127 6812//7128
f 6812//7128 6811//7127 6813//7129
f 6812//7128 6813//7129 6814//7130
f 6814//7130 6813//7129 6815//7131
f 6814//7130 6815//7131 6816//7132
f 6816//7132 6815//7131 6817//7133
f 6816//7132 6817//7133 6818//7134
f 6818//7134 6817//7133 6819//7135
f 6818//7134 6819//7135 6820//7136
f 6820//7136 6819//7135 6821//7137
f 6820//7136 6821//7137 6773//7076
f 6822//7138 6821//7137 6823//7139
f 6823//7139 6821//7137 6819//7135
f 6823//7139 6819//7135 6824//7140
f 6824//7140 6819//7135 6817//7133
f 6824//7140 6817//7133 6825//7141
f 6825//7141 6817//7133 6815//7131
f 6825//7141 6815//7131 6826//7142
f 6826//7142 6815//7131 6813//7129
f 6826//7142 6813//7129 6827//7143
f 6827//7143 6813//7129 6811//7127
f 6827//7143 6811//7127 6828//7144
f 6828//7144 6811//7127 6809//7125
f 6828//7144 6809//7125 6829//7145
f 6829//7145 6809//7125 6807//7123
f 6829//7145 6807//7123 6830//7146
f 6830//7146 6807//7123 6744//7037
f 6830//7146 6744//7037 6831//7147
f 6831//7147 6744//7037 6743//7036
f 6831//7147 6743//7036 6832//7148
f 5982//7149 6833//7150 5981//7151
f 5981//7151 6833//7150 6834//7152
f 6835//7153 5999//7154 6836//7155
f 6836//7155 5999//7154 6000//7156
f 6836//7155 6000//7156 6834//7152
f 6834//7152 6000//7156 5980//7157
f 6834//7152 5980//7157 5981//7151
f 6837//7158 6007//7159 6838//7160
f 6838//7160 6007//7159 5994//7161
f 6838//7160 5994//7161 6839//7162
f 5994//7161 5995//7163 6839//7162
f 6839//7162 5995//7163 5996//7164
f 6839//7162 5996//7164 6840//7165
f 6840//7165 5996//7164 5997//7166
f 6840//7165 5997//7166 6835//7153
f 6835//7153 5997//7166 5998//7167
f 6835//7153 5998//7167 5999//7154
f 6833//7150 6822//7138 6834//7152
f 6834//7152 6822//7138 6823//7139
f 6834//7152 6823//7139 6836//7155
f 6836//7155 6823//7139 6824//7140
f 6836//7155 6824//7140 6835//7153
f 6835//7153 6824//7140 6825//7141
f 6835//7153 6825//7141 6840//7165
f 6840//7165 6825//7141 6826//7142
f 6840//7165 6826//7142 6839//7162
f 6839//7162 6826//7142 6827//7143
f 6839//7162 6827//7143 6838//7160
f 6838//7160 6827//7143 6828//7144
f 6838//7160 6828//7144 6837//7158
f 6837//7158 6828//7144 6829//7145
f 6837//7158 6829//7145 6841//7168
f 6841//7168 6829//7145 6830//7146
f 6841//7168 6830//7146 6842//7169
f 6842//7169 6830//7146 6831//7147
f 6842//7169 6831//7147 6843//7170
f 6843//7170 6831//7147 6832//7148
f 6843//7170 6832//7148 6844//7171
f 6041//7172 6042//7173 6845//7174
f 6845//7174 6042//7173 6846//7175
f 6845//7174 6846//7175 6847//7176
f 6847//7176 6846//7175 6848//7177
f 6847//7176 6848//7177 6849//7178
f 6849//7178 6848//7177 6850//7179
f 6849//7178 6850//7179 6851//7180
f 6851//7180 6850//7179 6852//7181
f 6038//7182 6039//7030 6853//7183
f 6853//7183 6039//7030 6739//7032
f 6853//7183 6739//7032 6854//7184
f 6854//7184 6739//7032 6855//7185
f 6854//7184 6855//7185 6856//7186
f 6856//7186 6855//7185 6857//7187
f 6856//7186 6857//7187 6858//7188
f 6858//7188 6857//7187 6859//7189
f 6851//7180 6859//7189 6849//7178
f 6849//7178 6859//7189 6857//7187
f 6849//7178 6857//7187 6847//7176
f 6847//7176 6857//7187 6855//7185
f 6847//7176 6855//7185 6845//7174
f 6845//7174 6855//7185 6739//7032
f 6845//7174 6739//7032 6041//7172
f 6041//7172 6739//7032 6040//7031
f 6042//7173 6033//7190 6846//7175
f 6846//7175 6033//7190 6844//7171
f 6846//7175 6844//7171 6848//7177
f 6848//7177 6844//7171 6832//7148
f 6848//7177 6832//7148 6850//7179
f 6850//7179 6832//7148 6743//7036
f 6850//7179 6743//7036 6852//7181
f 6852//7181 6743//7036 6745//7038
f 6033//7190 6034//7191 6844//7171
f 6844//7171 6034//7191 6035//7192
f 6844//7171 6035//7192 6843//7170
f 6843//7170 6035//7192 6020//7193
f 6843//7170 6020//7193 6842//7169
f 6842//7169 6020//7193 6021//7194
f 6842//7169 6021//7194 6841//7168
f 6841//7168 6021//7194 6022//7195
f 6841//7168 6022//7195 6837//7158
f 6837//7158 6022//7195 6008//7196
f 6837//7158 6008//7196 6007//7159
f 6773//7076 6821//7137 6774//7077
f 6774//7077 6821//7137 6822//7138
f 6774//7077 6822//7138 6803//7118
f 6803//7118 6822//7138 6833//7150
f 6803//7118 6833//7150 6802//7115
f 6802//7115 6833//7150 5982//7149
f 6802//7115 5982//7149 5983//7116
f 6860//7197 6733//7024 6861//7198
f 6734//7025 6736//7027 6862//7199
f 6722//7013 6730//7021 6863//7200
f 6725//7016 6727//7018 6864//7201
f 6865//7202 6742//7035 6866//7203
f 6866//7203 6742//7035 6741//7034
f 6866//7203 6741//7034 6867//7204
f 6868//7205 6865//7202 6869//7206
f 6869//7206 6865//7202 6866//7203
f 6869//7206 6866//7203 6870//7207
f 6870//7207 6866//7203 6867//7204
f 6870//7207 6867//7204 6860//7197
f 6719//7010 6871//7208 6872//7209
f 6873//7210 6713//7004 6874//7211
f 6874//7211 6713//7004 6712//7003
f 6874//7211 6712//7003 6875//7212
f 6876//7213 6877//7214 6878//7215
f 6878//7215 6877//7214 6879//7216
f 6878//7215 6879//7216 6880//7217
f 6880//7217 6879//7216 6881//7218
f 6882//7219 6714//7005 6883//7220
f 6883//7220 6714//7005 6713//7004
f 6883//7220 6713//7004 6884//7221
f 6884//7221 6713//7004 6873//7210
f 6884//7221 6873//7210 6885//7222
f 6734//7025 6862//7199 6735//7026
f 6735//7026 6862//7199 6886//7223
f 6735//7026 6886//7223 6887//7224
f 6887//7224 6886//7223 6888//7225
f 6887//7224 6888//7225 6889//7226
f 6736//7027 6738//7029 6862//7199
f 6862//7199 6738//7029 6890//7227
f 6862//7199 6890//7227 6886//7223
f 6886//7223 6890//7227 6891//7228
f 6886//7223 6891//7228 6888//7225
f 6722//7013 6863//7200 6723//7014
f 6723//7014 6863//7200 6892//7229
f 6723//7014 6892//7229 6893//7230
f 6893//7230 6892//7229 6894//7231
f 6893//7230 6894//7231 6895//7232
f 6730//7021 6732//7023 6863//7200
f 6863//7200 6732//7023 6896//7233
f 6863//7200 6896//7233 6892//7229
f 6892//7229 6896//7233 6897//7234
f 6892//7229 6897//7234 6894//7231
f 6725//7016 6864//7201 6726//7017
f 6726//7017 6864//7201 6898//7235
f 6726//7017 6898//7235 6899//7236
f 6899//7236 6898//7235 6900//7237
f 6899//7236 6900//7237 6901//7238
f 6727//7018 6729//7020 6864//7201
f 6864//7201 6729//7020 6902//7239
f 6864//7201 6902//7239 6898//7235
f 6898//7235 6902//7239 6903//7240
f 6898//7235 6903//7240 6900//7237
f 6030//7241 6031//6997 6904//7242
f 6904//7242 6031//6997 6708//6999
f 6904//7242 6708//6999 6905//7243
f 6905//7243 6708//6999 6906//7244
f 6905//7243 6906//7244 6907//7245
f 6907//7245 6906//7244 6908//7246
f 6907//7245 6908//7246 6909//7247
f 6909//7247 6908//7246 6910//7248
f 6860//7197 6861//7198 6870//7207
f 6870//7207 6861//7198 6911//7249
f 6870//7207 6911//7249 6869//7206
f 6869//7206 6911//7249 6912//7250
f 6869//7206 6912//7250 6868//7205
f 6868//7205 6912//7250 6018//7251
f 6868//7205 6018//7251 6019//7252
f 6909//7247 6740//7033 6907//7245
f 6907//7245 6740//7033 6742//7035
f 6907//7245 6742//7035 6905//7243
f 6905//7243 6742//7035 6865//7202
f 6905//7243 6865//7202 6904//7242
f 6904//7242 6865//7202 6868//7205
f 6904//7242 6868//7205 6030//7241
f 6030//7241 6868//7205 6019//7252
f 5986//7253 6891//7228 6913//7254
f 6913//7254 6891//7228 6890//7227
f 6913//7254 6890//7227 6914//7255
f 6914//7255 6890//7227 6738//7029
f 6914//7255 6738//7029 6915//7256
f 6915//7256 6738//7029 6737//7028
f 6915//7256 6737//7028 6721//7012
f 5986//7253 5987//7257 6891//7228
f 6891//7228 5987//7257 6005//7258
f 6891//7228 6005//7258 6888//7225
f 6888//7225 6005//7258 6006//7259
f 6888//7225 6006//7259 6889//7226
f 6889//7226 6006//7259 6016//7260
f 6889//7226 6016//7260 6017//7261
f 6733//7024 6735//7026 6861//7198
f 6861//7198 6735//7026 6887//7224
f 6861//7198 6887//7224 6911//7249
f 6911//7249 6887//7224 6889//7226
f 6911//7249 6889//7226 6912//7250
f 6912//7250 6889//7226 6017//7261
f 6912//7250 6017//7261 6018//7251
f 5967//7262 6897//7234 6916//7263
f 6916//7263 6897//7234 6896//7233
f 6916//7263 6896//7233 6917//7264
f 6917//7264 6896//7233 6732//7023
f 6917//7264 6732//7023 6918//7265
f 6918//7265 6732//7023 6731//7022
f 6918//7265 6731//7022 6724//7015
f 5899//7266 6903//7240 6919//7267
f 6919//7267 6903//7240 6902//7239
f 6919//7267 6902//7239 6920//7268
f 6920//7268 6902//7239 6729//7020
f 6920//7268 6729//7020 6921//7269
f 6921//7269 6729//7020 6728//7019
f 6921//7269 6728//7019 6718//7009
f 5899//7266 5951//7270 6903//7240
f 6903//7240 5951//7270 5952//7271
f 6903//7240 5952//7271 6900//7237
f 6900//7237 5952//7271 5953//7272
f 6900//7237 5953//7272 6901//7238
f 6901//7238 5953//7272 5961//7273
f 6901//7238 5961//7273 5966//7274
f 6724//7015 6726//7017 6918//7265
f 6918//7265 6726//7017 6899//7236
f 6918//7265 6899//7236 6917//7264
f 6917//7264 6899//7236 6901//7238
f 6917//7264 6901//7238 6916//7263
f 6916//7263 6901//7238 5966//7274
f 6916//7263 5966//7274 5967//7262
f 5967//7262 5976//7275 6897//7234
f 6897//7234 5976//7275 5977//7276
f 6897//7234 5977//7276 6894//7231
f 6894//7231 5977//7276 5978//7277
f 6894//7231 5978//7277 6895//7232
f 6895//7232 5978//7277 5971//7278
f 6895//7232 5971//7278 5970//7279
f 6721//7012 6723//7014 6915//7256
f 6915//7256 6723//7014 6893//7230
f 6915//7256 6893//7230 6914//7255
f 6914//7255 6893//7230 6895//7232
f 6914//7255 6895//7232 6913//7254
f 6913//7254 6895//7232 5970//7279
f 6913//7254 5970//7279 5986//7253
f 6717//7008 6716//7007 6922//7280
f 6922//7280 6716//7007 6923//7281
f 6922//7280 6923//7281 6924//7282
f 6924//7282 6923//7281 6925//7283
f 6924//7282 6925//7283 6926//7284
f 6926//7284 6925//7283 6927//7285
f 6926//7284 6927//7285 6928//7286
f 6928//7286 6927//7285 6929//7287
f 6928//7286 6929//7287 6930//7288
f 6930//7288 6929//7287 6931//7289
f 6930//7288 6931//7289 6932//7290
f 6877//7214 6933//7291 6879//7216
f 6879//7216 6933//7291 6934//7292
f 6879//7216 6934//7292 6881//7218
f 6881//7218 6934//7292 6935//7293
f 6936//7294 6710//7001 6937//7295
f 6937//7295 6710//7001 6709//7000
f 6937//7295 6709//7000 6707//6996
f 6719//7010 6872//7209 6720//7011
f 6720//7011 6872//7209 6938//7296
f 6720//7011 6938//7296 6939//7297
f 6939//7297 6938//7296 6940//7298
f 6939//7297 6940//7298 6941//7299
f 6941//7299 6940//7298 5871//7300
f 6941//7299 5871//7300 5900//7301
f 6942//7302 5911//7303 5935//7304
f 6931//7289 5889//7305 6932//7290
f 6932//7290 5889//7305 5890//7306
f 6932//7290 5890//7306 5891//7307
f 6943//7308 5933//7309 5934//7310
f 5880//7311 6933//7291 6944//7312
f 6944//7312 6933//7291 6877//7214
f 6944//7312 6877//7214 6945//7313
f 6945//7313 6877//7214 6876//7213
f 6945//7313 6876//7213 6946//7314
f 6707//6996 5870//6995 6937//7295
f 6937//7295 5870//6995 5869//7315
f 6937//7295 5869//7315 6936//7294
f 6936//7294 5869//7315 5878//7316
f 6936//7294 5878//7316 5879//7317
f 6715//7006 6711//7002 6946//7314
f 6946//7314 6711//7002 6710//7001
f 6946//7314 6710//7001 6945//7313
f 6945//7313 6710//7001 6936//7294
f 6945//7313 6936//7294 6944//7312
f 6944//7312 6936//7294 5879//7317
f 6944//7312 5879//7317 5880//7311
f 5880//7311 5881//7318 6933//7291
f 6933//7291 5881//7318 5882//7319
f 6933//7291 5882//7319 6934//7292
f 6934//7292 5882//7319 5883//7320
f 6934//7292 5883//7320 6935//7293
f 6935//7293 5883//7320 5884//7321
f 6935//7293 5884//7321 5885//7322
f 6715//7006 6946//7314 6716//7007
f 6716//7007 6946//7314 6876//7213
f 6716//7007 6876//7213 6923//7281
f 6923//7281 6876//7213 6878//7215
f 6923//7281 6878//7215 6925//7283
f 6925//7283 6878//7215 6880//7217
f 6925//7283 6880//7217 6927//7285
f 6927//7285 6880//7217 6881//7218
f 6927//7285 6881//7218 6929//7287
f 6929//7287 6881//7218 6935//7293
f 6929//7287 6935//7293 6931//7289
f 6931//7289 6935//7293 5885//7322
f 6931//7289 5885//7322 5889//7305
f 6882//7219 6072//6236 6071//6235
f 6947//7323 6875//7212 6948//7324
f 6948//7324 6875//7212 6712//7003
f 6948//7324 6712//7003 6949//7325
f 6949//7325 6712//7003 6714//7005
f 6949//7325 6714//7005 6950//7326
f 6950//7326 6714//7005 6882//7219
f 6950//7326 6882//7219 6696//6983
f 6696//6983 6882//7219 6071//6235
f 6696//6983 6071//6235 6094//6259
f 6718//7009 6720//7011 6921//7269
f 6921//7269 6720//7011 6939//7297
f 6921//7269 6939//7297 6920//7268
f 6920//7268 6939//7297 6941//7299
f 6920//7268 6941//7299 6919//7267
f 6919//7267 6941//7299 5900//7301
f 6919//7267 5900//7301 5899//7266
f 6072//6236 6882//7219 6074//6238
f 6074//6238 6882//7219 6883//7220
f 6074//6238 6883//7220 6075//6239
f 6075//6239 6883//7220 6884//7221
f 6075//6239 6884//7221 6554//6832
f 6554//6832 6884//7221 6885//7222
f 6554//6832 6885//7222 6595//6875
f 7576//7327 6952//7328 6953//7329
f 6954//7330 6955//7331 6956//7332
f 6956//7332 6955//7331 6957//7333
f 6953//7329 6958//7334 6951//7335
f 6951//7335 6958//7334 7577//7336
f 7576//7327 6959//7337 6954//7330
f 6954//7330 7577//7336 6960//7338
f 6954//7330 6960//7338 6955//7331
f 6961//7339 6962//7340 6963//7341
f 6963//7341 6962//7340 6964//7342
f 6963//7341 6964//7342 6965//7343
f 6965//7343 6964//7342 6966//7344
f 6966//7344 6964//7342 6967//7345
f 6966//7344 6967//7345 6968//7346
f 7609//7347 6969//7348 6956//7332
f 6956//7332 6969//7348 6970//7349
f 6956//7332 6970//7349 6971//7350
f 6971//7350 6970//7349 6972//7351
f 6971//7350 6972//7351 6967//7345
f 6967//7345 6972//7351 6973//7352
f 6967//7345 6973//7352 6968//7346
f 6961//7339 6974//7353 6962//7340
f 6962//7340 6974//7353 6975//7354
f 6962//7340 6975//7354 6976//7355
f 6977//7356 6978//7357 7751//7358
f 6979//7359 6978//7357 6980//7360
f 6975//7354 6981//7361 6976//7355
f 6976//7355 6981//7361 6982//7362
f 6976//7355 6982//7362 6980//7360
f 7754//7363 6982//7362 6983//7364
f 7754//7363 6983//7364 7751//7358
f 6984//7365 6985//7366 6986//7367
f 6986//7367 6985//7366 6987//7368
f 6988//7369 6989//7370 6990//7371
f 6990//7371 6989//7370 6991//7372
f 6986//7367 6992//7373 6984//7365
f 6984//7365 6992//7373 6993//7374
f 6984//7365 6993//7374 6991//7372
f 6991//7372 6993//7374 6994//7375
f 6991//7372 6994//7375 6990//7371
f 6977//7356 6995//7376 6978//7357
f 6978//7357 6995//7376 6996//7377
f 6978//7357 6996//7377 6997//7378
f 6997//7378 6996//7377 6998//7379
f 6997//7378 6998//7379 6985//7366
f 6985//7366 6998//7379 6999//7380
f 6985//7366 6999//7380 6987//7368
f 7000//7381 7001//7382 7002//7383
f 6988//7369 7003//7384 6989//7370
f 6989//7370 7003//7384 7004//7385
f 6989//7370 7004//7385 7002//7383
f 7002//7383 7004//7385 7005//7386
f 7002//7383 7005//7386 7000//7381
f 7000//7381 7006//7387 7001//7382
f 7001//7382 7006//7387 7007//7388
f 7001//7382 7007//7388 7008//7389
f 7008//7389 7007//7388 7009//7390
f 7008//7389 7009//7390 7010//7391
f 7011//7392 7012//7393 7013//7394
f 7013//7394 7012//7393 7014//7395
f 7013//7394 7014//7395 7015//7396
f 7016//7397 7017//7398 7018//7399
f 7018//7399 7017//7398 7019//7400
f 7014//7395 7020//7401 7015//7396
f 7015//7396 7020//7401 7021//7402
f 7015//7396 7021//7402 7019//7400
f 7019//7400 7021//7402 7022//7403
f 7019//7400 7022//7403 7018//7399
f 7011//7392 7013//7394 7023//7404
f 7023//7404 7013//7394 7024//7405
f 7023//7404 7024//7405 7025//7406
f 8041//7407 7026//7408 7017//7398
f 7017//7398 7026//7408 7027//7409
f 7017//7398 7027//7409 7028//7410
f 7028//7410 7027//7409 7029//7411
f 7028//7410 7029//7411 7030//7412
f 7030//7412 7029//7411 7031//7413
f 7032//7414 7033//7415 7034//7416
f 7034//7416 7033//7415 7035//7417
f 7031//7413 7036//7418 7030//7412
f 7030//7412 7036//7418 7037//7419
f 7030//7412 7037//7419 7035//7417
f 7035//7417 7037//7419 7038//7420
f 7035//7417 7038//7420 7034//7416
f 7039//7421 7040//7422 7041//7423
f 7042//7424 7043//7425 7044//7426
f 7039//7421 7045//7427 7040//7422
f 7040//7422 7045//7427 7046//7428
f 7040//7422 7046//7428 7043//7425
f 7043//7425 7046//7428 7047//7429
f 7043//7425 7047//7429 7044//7426
f 7032//7414 7724//7430 7033//7415
f 7033//7415 7048//7431 7049//7432
f 7033//7415 7049//7432 7041//7423
f 7041//7423 7049//7432 7050//7433
f 7041//7423 7050//7433 7039//7421
f 6411//6681 6412//6682 7051//7434
f 7051//7434 6412//6682 7042//7424
f 7051//7434 7042//7424 7052//7435
f 7052//7435 7042//7424 7044//7426
f 6704//6991 6706//6993 7053//7436
f 7053//7436 6706//6993 7054//7437
f 7053//7436 7054//7437 7055//7438
f 7055//7438 7054//7437 7056//7439
f 7055//7438 7056//7439 6871//7208
f 6871//7208 7056//7439 7057//7440
f 6871//7208 7057//7440 6872//7209
f 6872//7209 7057//7440 7058//7441
f 6872//7209 7058//7441 6938//7296
f 6938//7296 7058//7441 6942//7302
f 6938//7296 6942//7302 6940//7298
f 6940//7298 6942//7302 5935//7304
f 6940//7298 5935//7304 5871//7300
f 6702//6989 6701//6988 7059//7442
f 7059//7442 6701//6988 7060//7443
f 7059//7442 7060//7443 7061//7444
f 6699//6986 6698//6985 7062//7445
f 7062//7445 6698//6985 7063//7446
f 7062//7445 7063//7446 7064//7447
f 7064//7447 7063//7446 7065//7448
f 7064//7447 7065//7448 7066//7449
f 7066//7449 7065//7448 7067//7450
f 7066//7449 7067//7450 7068//7451
f 7068//7451 7067//7450 7069//7452
f 7068//7451 7069//7452 7070//7453
f 7070//7453 7069//7452 6943//7308
f 7070//7453 6943//7308 7071//7454
f 7071//7454 6943//7308 5934//7310
f 7071//7454 5934//7310 5910//7455
f 7068//7451 7061//7444 7066//7449
f 7066//7449 7061//7444 7060//7443
f 7066//7449 7060//7443 7064//7447
f 7064//7447 7060//7443 6701//6988
f 7064//7447 6701//6988 7062//7445
f 7062//7445 6701//6988 6703//6990
f 7062//7445 6703//6990 6699//6986
f 6705//6992 6702//6989 6706//6993
f 6706//6993 6702//6989 7059//7442
f 6706//6993 7059//7442 7054//7437
f 7054//7437 7059//7442 7061//7444
f 7054//7437 7061//7444 7056//7439
f 7056//7439 7061//7444 7068//7451
f 7056//7439 7068//7451 7057//7440
f 7057//7440 7068//7451 7070//7453
f 7057//7440 7070//7453 7058//7441
f 7058//7441 7070//7453 7071//7454
f 7058//7441 7071//7454 6942//7302
f 6942//7302 7071//7454 5910//7455
f 6942//7302 5910//7455 5911//7303
f 7072//7456 7073//7457 7074//7458
f 7074//7458 7073//7457 7075//7459
f 7074//7458 7075//7459 7076//7460
f 7076//7460 7075//7459 7077//7461
f 7076//7460 7077//7461 7078//7462
f 7078//7462 7077//7461 7079//7463
f 7078//7462 7079//7463 7080//7464
f 7080//7464 7079//7463 7081//7465
f 7080//7464 7081//7465 7082//7466
f 7082//7466 7081//7465 7083//7467
f 7082//7466 7083//7467 7084//7468
f 7084//7468 7083//7467 7085//7469
f 7084//7468 7085//7469 7086//7470
f 7086//7470 7085//7469 7087//7471
f 7086//7470 7087//7471 7088//7472
f 7088//7472 7087//7471 7089//7473
f 7088//7472 7089//7473 7090//7474
f 7090//7474 7089//7473 6697//6984
f 7090//7474 6697//6984 7091//7475
f 7091//7475 6697//6984 6533//6811
f 7091//7475 6533//6811 6532//6810
f 6705//6992 7072//7456 6702//6989
f 6702//6989 7072//7456 7074//7458
f 6702//6989 7074//7458 6703//6990
f 6703//6990 7074//7458 7076//7460
f 6703//6990 7076//7460 6699//6986
f 6699//6986 7076//7460 7078//7462
f 6699//6986 7078//7462 6700//6987
f 6700//6987 7078//7462 7080//7464
f 6700//6987 7080//7464 7092//7476
f 7092//7476 7080//7464 7082//7466
f 7092//7476 7082//7466 7093//7477
f 7093//7477 7082//7466 7084//7468
f 7093//7477 7084//7468 7094//7478
f 7094//7478 7084//7468 7086//7470
f 7094//7478 7086//7470 7095//7479
f 7095//7479 7086//7470 7088//7472
f 7095//7479 7088//7472 7096//7480
f 7096//7480 7088//7472 7090//7474
f 7096//7480 7090//7474 7097//7481
f 7097//7481 7090//7474 7091//7475
f 7097//7481 7091//7475 7098//7482
f 7098//7482 7091//7475 6532//6810
f 7098//7482 6532//6810 6542//6820
f 6542//6820 6553//6831 7098//7482
f 7098//7482 6553//6831 7099//7483
f 7098//7482 7099//7483 7097//7481
f 7097//7481 7099//7483 7100//7484
f 7097//7481 7100//7484 7096//7480
f 7096//7480 7100//7484 7101//7485
f 7096//7480 7101//7485 7095//7479
f 7095//7479 7101//7485 7102//7486
f 7095//7479 7102//7486 7094//7478
f 7094//7478 7102//7486 7103//7487
f 7094//7478 7103//7487 7093//7477
f 7093//7477 7103//7487 7104//7488
f 7093//7477 7104//7488 7092//7476
f 7092//7476 7104//7488 7105//7489
f 7092//7476 7105//7489 6700//6987
f 6700//6987 7105//7489 7106//7490
f 6700//6987 7106//7490 6698//6985
f 6698//6985 7106//7490 7107//7491
f 6698//6985 7107//7491 7063//7446
f 7063//7446 7107//7491 7108//7492
f 7063//7446 7108//7492 7065//7448
f 7065//7448 7108//7492 7109//7493
f 7065//7448 7109//7493 7067//7450
f 7067//7450 7109//7493 7110//7494
f 7067//7450 7110//7494 7069//7452
f 7069//7452 7110//7494 7111//7495
f 7069//7452 7111//7495 6943//7308
f 6943//7308 7111//7495 5892//7496
f 6943//7308 5892//7496 5933//7309
f 6412//6682 6413//6683 7042//7424
f 7042//7424 6413//6683 6697//6984
f 7042//7424 6697//6984 7043//7425
f 7043//7425 6697//6984 7089//7473
f 7043//7425 7089//7473 7040//7422
f 7040//7422 7089//7473 7087//7471
f 7040//7422 7087//7471 7041//7423
f 7041//7423 7087//7471 7085//7469
f 7041//7423 7085//7469 7033//7415
f 7033//7415 7085//7469 7083//7467
f 7033//7415 7083//7467 7035//7417
f 7035//7417 7083//7467 7081//7465
f 7035//7417 7081//7465 7030//7412
f 7030//7412 7081//7465 7079//7463
f 7030//7412 7079//7463 7028//7410
f 7028//7410 7079//7463 7077//7461
f 7028//7410 7077//7461 7017//7398
f 7017//7398 7077//7461 7075//7459
f 7017//7398 7075//7459 7019//7400
f 7019//7400 7075//7459 7073//7457
f 7019//7400 7073//7457 7015//7396
f 7015//7396 7073//7457 7072//7456
f 7015//7396 7072//7456 7013//7394
f 7013//7394 7072//7456 6705//6992
f 7013//7394 6705//6992 7024//7405
f 7024//7405 6705//6992 6704//6991
f 6404//6674 7112//7497 6405//6675
f 6405//6675 7112//7497 8075//7498
f 6405//6675 8075//7498 6058//6217
f 7114//7499 7115//7500 7116//7501
f 7112//7497 7117//7502 7113//7503
f 7113//7503 7117//7502 7118//7504
f 8075//7498 7118//7505 7115//7500
f 7115//7500 7118//7505 7119//7506
f 7115//7500 7119//7506 7116//7501
f 7120//7507 7121//7508 7122//7509
f 7122//7509 7121//7508 7123//7510
f 7124//7511 7739//7512 8055//7513
f 7126//7514 7125//7515 8054//7516
f 7121//7508 7128//7517 7123//7510
f 7123//7510 7128//7517 7129//7518
f 7123//7510 7129//7518 8054//7516
f 7127//7519 7129//7518 7130//7520
f 7127//7519 7130//7520 8055//7513
f 7116//7501 7131//7521 7114//7499
f 7114//7499 7131//7521 7132//7522
f 7114//7499 7132//7522 7122//7509
f 7122//7509 7132//7522 7133//7523
f 7122//7509 7133//7523 7120//7507
f 7419//7524 7135//7525 7420//7526
f 7134//7527 7137//7528 7135//7525
f 7135//7525 7137//7528 7138//7529
f 7135//7525 7138//7529 7139//7530
f 7140//7531 7141//7532 7142//7533
f 7140//7531 7142//7533 7798//7534
s 0
f 7144//7535 7787//7535 7789//7535
s 1
f 7146//7536 7786//7537 7790//7538
f 7142//7533 7148//7539 7143//7540
f 7143//7540 7148//7539 7797//7541
f 7798//7534 7149//7542 7790//7538
f 7147//7543 7797//7541 7150//7544
f 7147//7543 7150//7544 7788//7545
f 7138//7529 7151//7546 7139//7530
f 7139//7530 7151//7546 7152//7547
f 7139//7530 7152//7547 7153//7548
f 7153//7548 7152//7547 7154//7549
f 7153//7548 7154//7549 7140//7531
f 7140//7531 7154//7549 7155//7550
f 7140//7531 7155//7550 7141//7532
f 7124//7511 7156//7551 7739//7512
f 7739//7512 7156//7551 7740//7552
f 7125//7515 7157//7553 7420//7526
f 7136//7554 7740//7552 7158//7555
f 7136//7554 7158//7555 7134//7527
f 7785//7556 7159//7557 7145//7558
f 7145//7558 7159//7557 7160//7559
f 7786//7537 7160//7559 7161//7560
f 7161//7560 7160//7559 7162//7561
f 7161//7560 7162//7561 7163//7562
f 7163//7562 7162//7561 7164//7563
f 7165//7564 7166//7565 7167//7566
f 7167//7566 7166//7565 7168//7567
f 7164//7563 7169//7568 7163//7562
f 7163//7562 7169//7568 7170//7569
f 7163//7562 7170//7569 7168//7567
f 7168//7567 7170//7569 7171//7570
f 7168//7567 7171//7570 7167//7566
f 7172//7571 7173//7572 7492//7573
f 7175//7574 7962//7575 7177//7576
f 7177//7576 7176//7577 7178//7578
f 7174//7579 7179//7580 7454//7581
f 7454//7581 7179//7580 7455//7582
f 7172//7571 7180//7583 7962//7575
f 7176//7577 7455//7582 7181//7584
f 7176//7577 7181//7584 7178//7578
f 7165//7564 7465//7585 7166//7565
f 7166//7565 7182//7586 7183//7587
f 7166//7565 7183//7587 7173//7572
f 7173//7572 7183//7587 7184//7588
f 7173//7572 7184//7588 7174//7579
f 7185//7589 7186//7590 7187//7591
f 7188//7592 7189//7593 7190//7594
f 7190//7594 7936//7595 7191//7596
f 7187//7591 7192//7597 7185//7589
f 7185//7589 7192//7597 7193//7598
f 7185//7589 7193//7598 7191//7596
f 7191//7596 7193//7598 7194//7599
f 7191//7596 7194//7599 7190//7594
f 7195//7600 7196//7601 7939//7602
f 7938//7603 7198//7604 7196//7601
f 7196//7601 7198//7604 7199//7605
f 7196//7601 7199//7605 7200//7606
f 7200//7606 7199//7605 7201//7607
f 7188//7592 7202//7608 7189//7593
f 7189//7593 7202//7608 7945//7609
f 7936//7595 7203//7610 7939//7602
f 7197//7611 7945//7609 7204//7612
f 7197//7611 7204//7612 7938//7603
f 7177//7576 7205//7613 7175//7574
f 7175//7574 7205//7613 7206//7614
f 7175//7574 7206//7614 7186//7590
f 7186//7590 7206//7614 7207//7615
f 7186//7590 7207//7615 7187//7591
f 7975//7616 7208//7617 7200//7606
f 7200//7606 7208//7617 7209//7618
f 7200//7606 7209//7618 7210//7619
f 7210//7619 7209//7618 7211//7620
f 7210//7619 7211//7620 6952//7328
f 6952//7328 7211//7620 7212//7621
f 6952//7328 7212//7621 6953//7329
f 7213//7622 7214//7623 7215//7624
f 7215//7624 7214//7623 7216//7625
f 7215//7624 7216//7625 7217//7626
f 7217//7626 7216//7625 7218//7627
f 7217//7626 7218//7627 7219//7628
f 7219//7628 7218//7627 7220//7629
f 7219//7628 7220//7629 7221//7630
f 7221//7630 7220//7629 7222//7631
f 7221//7630 7222//7631 7223//7632
f 7223//7632 7222//7631 7224//7633
f 7223//7632 7224//7633 7225//7634
f 7225//7634 7224//7633 7226//7635
f 7225//7634 7226//7635 7227//7636
f 7227//7636 7226//7635 7228//7637
f 7227//7636 7228//7637 7229//7638
f 7229//7638 7228//7637 7230//7639
f 7229//7638 7230//7639 7231//7640
f 7231//7640 7230//7639 7232//7641
f 7231//7640 7232//7641 7233//7642
f 7233//7642 7232//7641 7234//7643
f 7233//7642 7234//7643 7235//7644
f 7235//7644 7234//7643 7236//7645
f 7235//7644 7236//7645 7237//7646
f 7237//7646 7236//7645 7238//7647
f 7237//7646 7238//7647 7239//7648
f 7239//7648 7238//7647 7240//7649
f 7239//7648 7240//7649 7241//7650
f 7241//7650 7240//7649 7242//7651
f 7241//7650 7242//7651 7243//7652
f 7243//7652 7242//7651 7244//7653
f 7243//7652 7244//7653 7245//7654
f 7245//7654 7244//7653 7246//7655
f 7245//7654 7246//7655 7247//7656
f 7247//7656 7246//7655 7248//7657
f 7247//7656 7248//7657 7249//7658
f 7249//7658 7248//7657 7250//7659
f 7249//7658 7250//7659 7251//7660
f 7251//7660 7250//7659 7252//7661
f 7251//7660 7252//7661 7253//7662
f 7253//7662 7252//7661 7254//7663
f 7253//7662 7254//7663 7255//7664
f 7255//7664 7254//7663 7256//7665
f 7255//7664 7256//7665 7257//7666
f 7257//7666 7256//7665 7258//7667
f 7257//7666 7258//7667 7259//7668
f 7259//7668 7258//7667 7260//7669
f 7259//7668 7260//7669 7261//7670
f 7261//7670 7260//7669 7262//7671
f 7261//7670 7262//7671 7263//7672
f 7263//7672 7262//7671 7264//7673
f 7263//7672 7264//7673 7265//7674
f 7265//7674 7264//7673 7266//7675
f 7265//7674 7266//7675 7267//7676
f 7267//7676 7266//7675 7268//7677
f 7267//7676 7268//7677 7269//7678
f 7269//7678 7268//7677 7270//7679
f 7269//7678 7270//7679 7271//7680
f 7271//7680 7270//7679 7272//7681
f 7271//7680 7272//7681 7273//7682
f 7273//7682 7272//7681 7274//7683
f 7273//7682 7274//7683 7275//7684
f 7275//7684 7274//7683 7276//7685
f 7275//7684 7276//7685 7277//7686
f 7277//7686 7276//7685 7278//7687
f 7277//7686 7278//7687 7279//7688
f 7279//7688 7278//7687 7280//7689
f 7279//7688 7280//7689 7281//7690
f 7281//7690 7280//7689 7282//7691
f 7281//7690 7282//7691 7283//7692
f 7283//7692 7282//7691 7284//7693
f 7283//7692 7284//7693 7285//7694
f 7285//7694 7284//7693 7286//7695
f 7285//7694 7286//7695 7287//7696
f 7287//7696 7286//7695 7288//7697
f 7287//7696 7288//7697 7289//7698
f 7289//7698 7288//7697 7290//7699
f 7289//7698 7290//7699 7291//7700
f 7291//7700 7290//7699 7292//7701
f 7291//7700 7292//7701 7293//7702
f 7293//7702 7292//7701 7294//7703
f 7293//7702 7294//7703 7295//7704
f 7295//7704 7294//7703 7296//7705
f 7295//7704 7296//7705 7297//7706
f 7297//7706 7296//7705 7298//7707
f 7297//7706 7298//7707 7299//7708
f 7299//7708 7298//7707 7300//7709
f 7299//7708 7300//7709 7301//7710
f 7301//7710 7300//7709 7302//7711
f 7301//7710 7302//7711 7303//7712
f 7303//7712 7302//7711 7304//7713
f 7303//7712 7304//7713 7305//7714
f 7305//7714 7304//7713 7306//7715
f 7305//7714 7306//7715 7307//7716
f 7307//7716 7306//7715 7308//7717
f 7307//7716 7308//7717 7309//7718
f 7309//7718 7308//7717 7310//7719
f 7309//7718 7310//7719 7311//7720
f 7311//7720 7310//7719 7312//7721
f 7311//7720 7312//7721 6059//6218
f 6059//6218 7312//7721 6596//6876
f 7008//7389 7213//7622 7001//7382
f 7001//7382 7213//7622 7215//7624
f 7001//7382 7215//7624 7002//7383
f 7002//7383 7215//7624 7217//7626
f 7002//7383 7217//7626 6989//7370
f 6989//7370 7217//7626 7219//7628
f 6989//7370 7219//7628 6991//7372
f 6991//7372 7219//7628 7221//7630
f 6991//7372 7221//7630 6984//7365
f 6984//7365 7221//7630 7223//7632
f 6984//7365 7223//7632 7883//7722
f 7883//7722 7223//7632 7225//7634
f 7883//7722 7225//7634 6997//7378
f 6997//7378 7225//7634 7227//7636
f 6997//7378 7227//7636 6978//7357
f 6978//7357 7227//7636 7229//7638
f 6978//7357 7229//7638 6980//7360
f 6980//7360 7229//7638 7231//7640
f 6980//7360 7231//7640 6976//7355
f 6976//7355 7231//7640 7233//7642
f 6976//7355 7233//7642 6962//7340
f 6962//7340 7233//7642 7235//7644
f 6962//7340 7235//7644 6964//7342
f 6964//7342 7235//7644 7237//7646
f 6964//7342 7237//7646 6967//7345
f 6967//7345 7237//7646 7239//7648
f 6967//7345 7239//7648 6971//7350
f 6971//7350 7239//7648 7241//7650
f 6971//7350 7241//7650 6956//7332
f 6956//7332 7241//7650 7243//7652
f 6956//7332 7243//7652 6954//7330
f 6954//7330 7243//7652 7245//7654
f 6954//7330 7245//7654 7576//7327
f 7576//7327 7245//7654 7247//7656
f 7576//7327 7247//7656 6952//7328
f 6952//7328 7247//7656 7249//7658
f 6952//7328 7249//7658 7210//7619
f 7210//7619 7249//7658 7251//7660
f 7210//7619 7251//7660 7200//7606
f 7200//7606 7251//7660 7253//7662
f 7200//7606 7253//7662 7196//7601
f 7196//7601 7253//7662 7255//7664
f 7196//7601 7255//7664 7939//7602
f 7939//7602 7255//7664 7257//7666
f 7939//7602 7257//7666 7936//7595
f 7936//7595 7257//7666 7259//7668
f 7936//7595 7259//7668 7191//7596
f 7191//7596 7259//7668 7261//7670
f 7191//7596 7261//7670 7185//7589
f 7185//7589 7261//7670 7263//7672
f 7185//7589 7263//7672 7186//7590
f 7186//7590 7263//7672 7265//7674
f 7186//7590 7265//7674 7175//7574
f 7175//7574 7265//7674 7267//7676
f 7175//7574 7267//7676 7962//7575
f 7962//7575 7267//7676 7269//7678
f 7962//7575 7269//7678 7172//7571
f 7172//7571 7269//7678 7271//7680
f 7172//7571 7271//7680 7173//7572
f 7173//7572 7271//7680 7273//7682
f 7173//7572 7273//7682 7166//7565
f 7166//7565 7273//7682 7275//7684
f 7166//7565 7275//7684 7168//7567
f 7168//7567 7275//7684 7277//7686
f 7168//7567 7277//7686 7163//7562
f 7163//7562 7277//7686 7279//7688
f 7163//7562 7279//7688 7161//7560
f 7161//7560 7279//7688 7281//7690
f 7161//7560 7281//7690 7786//7537
f 7786//7537 7281//7690 7283//7692
f 7786//7537 7283//7692 7790//7538
f 7790//7538 7283//7692 7285//7694
f 7790//7538 7285//7694 7798//7534
f 7798//7534 7285//7694 7287//7696
f 7798//7534 7287//7696 7140//7531
f 7140//7531 7287//7696 7289//7698
f 7140//7531 7289//7698 7153//7548
f 7153//7548 7289//7698 7291//7700
f 7153//7548 7291//7700 7139//7530
f 7139//7530 7291//7700 7293//7702
f 7139//7530 7293//7702 7135//7525
f 7135//7525 7293//7702 7295//7704
f 7135//7525 7295//7704 7420//7526
f 7420//7526 7295//7704 7297//7706
f 7420//7526 7297//7706 7125//7515
f 7125//7515 7297//7706 7299//7708
f 7125//7515 7299//7708 8054//7516
f 8054//7516 7299//7708 7301//7710
f 8054//7516 7301//7710 7123//7510
f 7123//7510 7301//7710 7303//7712
f 7123//7510 7303//7712 7122//7509
f 7122//7509 7303//7712 7305//7714
f 7122//7509 7305//7714 7114//7499
f 7114//7499 7305//7714 7307//7716
f 7114//7499 7307//7716 7115//7500
f 7115//7500 7307//7716 7309//7718
f 7115//7500 7309//7718 8075//7498
f 8075//7498 7309//7718 7311//7720
f 8075//7498 7311//7720 6058//6217
f 6058//6217 7311//7720 6059//6218
f 6717//7008 6947//7323 6715//7006
f 6715//7006 6947//7323 6948//7324
f 6715//7006 6948//7324 6711//7002
f 6711//7002 6948//7324 6949//7325
f 6711//7002 6949//7325 6709//7000
f 6709//7000 6949//7325 6950//7326
f 6709//7000 6950//7326 6707//6996
f 6707//6996 6950//7326 6696//6983
f 6707//6996 6696//6983 5932//6994
f 5932//6994 6696//6983 5931//6258
f 6858//7188 6910//7248 6856//7186
f 6856//7186 6910//7248 6908//7246
f 6856//7186 6908//7246 6854//7184
f 6854//7184 6908//7246 6906//7244
f 6854//7184 6906//7244 6853//7183
f 6853//7183 6906//7244 6708//6999
f 6853//7183 6708//6999 6038//7182
f 6038//7182 6708//6999 6032//6998
f 6553//6831 6595//6875 7099//7483
f 7099//7483 6595//6875 6885//7222
f 7099//7483 6885//7222 7100//7484
f 7100//7484 6885//7222 6873//7210
f 7100//7484 6873//7210 7101//7485
f 7101//7485 6873//7210 6874//7211
f 7101//7485 6874//7211 7102//7486
f 7102//7486 6874//7211 6875//7212
f 7102//7486 6875//7212 7103//7487
f 7103//7487 6875//7212 6947//7323
f 7103//7487 6947//7323 7104//7488
f 7104//7488 6947//7323 6717//7008
f 7104//7488 6717//7008 7105//7489
f 7105//7489 6717//7008 6922//7280
f 7105//7489 6922//7280 7106//7490
f 7106//7490 6922//7280 6924//7282
f 7106//7490 6924//7282 7107//7491
f 7107//7491 6924//7282 6926//7284
f 7107//7491 6926//7284 7108//7492
f 7108//7492 6926//7284 6928//7286
f 7108//7492 6928//7286 7109//7493
f 7109//7493 6928//7286 6930//7288
f 7109//7493 6930//7288 7110//7494
f 7110//7494 6930//7288 6932//7290
f 7110//7494 6932//7290 7111//7495
f 7111//7495 6932//7290 5891//7307
f 7111//7495 5891//7307 5892//7496
f 6167//6371 6596//6876 6769//7072
f 6769//7072 6596//6876 7312//7721
f 6769//7072 7312//7721 6770//7073
f 6770//7073 7312//7721 7310//7719
f 6770//7073 7310//7719 6763//7066
f 6763//7066 7310//7719 7308//7717
f 6763//7066 7308//7717 6764//7067
f 6764//7067 7308//7717 7306//7715
f 6764//7067 7306//7715 6766//7069
f 6766//7069 7306//7715 7304//7713
f 6766//7069 7304//7713 6767//7070
f 6767//7070 7304//7713 7302//7711
f 6767//7070 7302//7711 6760//7063
f 6760//7063 7302//7711 7300//7709
f 6760//7063 7300//7709 6761//7064
f 6761//7064 7300//7709 7298//7707
f 6761//7064 7298//7707 6757//7060
f 6757//7060 7298//7707 7296//7705
f 6757//7060 7296//7705 6758//7061
f 6758//7061 7296//7705 7294//7703
f 6758//7061 7294//7703 6751//7054
f 6751//7054 7294//7703 7292//7701
f 6751//7054 7292//7701 6752//7055
f 6752//7055 7292//7701 7290//7699
f 6752//7055 7290//7699 6754//7057
f 6754//7057 7290//7699 7288//7697
f 6754//7057 7288//7697 6755//7058
f 6755//7058 7288//7697 7286//7695
f 6755//7058 7286//7695 6773//7076
f 6773//7076 7286//7695 7284//7693
f 6773//7076 7284//7693 6820//7136
f 6820//7136 7284//7693 7282//7691
f 6820//7136 7282//7691 6818//7134
f 6818//7134 7282//7691 7280//7689
f 6818//7134 7280//7689 6816//7132
f 6816//7132 7280//7689 7278//7687
f 6816//7132 7278//7687 6814//7130
f 6814//7130 7278//7687 7276//7685
f 6814//7130 7276//7685 6812//7128
f 6812//7128 7276//7685 7274//7683
f 6812//7128 7274//7683 6810//7126
f 6810//7126 7274//7683 7272//7681
f 6810//7126 7272//7681 6808//7124
f 6808//7124 7272//7681 7270//7679
f 6808//7124 7270//7679 6806//7122
f 6806//7122 7270//7679 7268//7677
f 6806//7122 7268//7677 6745//7038
f 6745//7038 7268//7677 7266//7675
f 6745//7038 7266//7675 6852//7181
f 6852//7181 7266//7675 7264//7673
f 6852//7181 7264//7673 6851//7180
f 6851//7180 7264//7673 7262//7671
f 6851//7180 7262//7671 6859//7189
f 6859//7189 7262//7671 7260//7669
f 6859//7189 7260//7669 6858//7188
f 6858//7188 7260//7669 7258//7667
f 6858//7188 7258//7667 6910//7248
f 6910//7248 7258//7667 7256//7665
f 6910//7248 7256//7665 6909//7247
f 6909//7247 7256//7665 7254//7663
f 6909//7247 7254//7663 6740//7033
f 6740//7033 7254//7663 7252//7661
f 6740//7033 7252//7661 6741//7034
f 6741//7034 7252//7661 7250//7659
f 6741//7034 7250//7659 6867//7204
f 6867//7204 7250//7659 7248//7657
f 6867//7204 7248//7657 6860//7197
f 6860//7197 7248//7657 7246//7655
f 6860//7197 7246//7655 6733//7024
f 6733//7024 7246//7655 7244//7653
f 6733//7024 7244//7653 6734//7025
f 6734//7025 7244//7653 7242//7651
f 6734//7025 7242//7651 6736//7027
f 6736//7027 7242//7651 7240//7649
f 6736//7027 7240//7649 6737//7028
f 6737//7028 7240//7649 7238//7647
f 6737//7028 7238//7647 6721//7012
f 6721//7012 7238//7647 7236//7645
f 6721//7012 7236//7645 6722//7013
f 6722//7013 7236//7645 7234//7643
f 6722//7013 7234//7643 6730//7021
f 6730//7021 7234//7643 7232//7641
f 6730//7021 7232//7641 6731//7022
f 6731//7022 7232//7641 7230//7639
f 6731//7022 7230//7639 6724//7015
f 6724//7015 7230//7639 7228//7637
f 6724//7015 7228//7637 6725//7016
f 6725//7016 7228//7637 7226//7635
f 6725//7016 7226//7635 6727//7018
f 6727//7018 7226//7635 7224//7633
f 6727//7018 7224//7633 6728//7019
f 6728//7019 7224//7633 7222//7631
f 6728//7019 7222//7631 6718//7009
f 6718//7009 7222//7631 7220//7629
f 6718//7009 7220//7629 6719//7010
f 6719//7010 7220//7629 7218//7627
f 6719//7010 7218//7627 6871//7208
f 6871//7208 7218//7627 7216//7625
f 6871//7208 7216//7625 7055//7438
f 7055//7438 7216//7625 7214//7623
f 7055//7438 7214//7623 7053//7436
f 7053//7436 7214//7623 7213//7622
f 7053//7436 7213//7622 6704//6991
f 6704//6991 7213//7622 7008//7389
f 6704//6991 7008//7389 7024//7405
f 7024//7405 7008//7389 7010//7391
f 7024//7405 7010//7391 7025//7406
f 7595//7723 7596//7724 6498//6774
f 7050//7433 7315//7725 7039//7421
f 7039//7421 7315//7725 7316//7726
f 7039//7421 7316//7726 7045//7427
f 7052//7435 7044//7426 7317//7727
f 7317//7727 7044//7426 7047//7429
f 7317//7727 7047//7429 7316//7726
f 7316//7726 7047//7429 7046//7428
f 7316//7726 7046//7428 7045//7427
f 7037//7419 7607//7728 7038//7420
f 7038//7420 7607//7728 7319//7729
f 7038//7420 7319//7729 7034//7416
f 7050//7433 7049//7432 7315//7725
f 7315//7725 7049//7432 7724//7430
f 7315//7725 7724//7430 7319//7729
f 7319//7729 7724//7430 7032//7414
f 7319//7729 7032//7414 7034//7416
f 7026//7408 7320//7730 7027//7409
f 7027//7409 7320//7730 7608//7731
f 7037//7419 7036//7418 7607//7728
f 7607//7728 7036//7418 7031//7413
f 7607//7728 7031//7413 7608//7731
f 7608//7731 7031//7413 7029//7411
f 7608//7731 7029//7411 7027//7409
f 7021//7402 7020//7401 7624//7732
f 7624//7732 7020//7401 7014//7395
f 7624//7732 7014//7395 7323//7733
f 7026//7408 8041//7407 7320//7730
s 0
f 7320//7734 8041//7734 7018//7734
s 1
f 7320//7730 7018//7399 7624//7732
f 7624//7732 7018//7399 7022//7403
f 7624//7732 7022//7403 7021//7402
f 7643//7735 7025//7406 7325//7736
f 7325//7736 7025//7406 7010//7391
f 7325//7736 7010//7391 7009//7390
f 7014//7395 7012//7393 7323//7733
s 0
f 7323//7737 7012//7737 7011//7737
s 1
f 7323//7733 7011//7392 7643//7735
f 7643//7735 7011//7392 7023//7404
f 7643//7735 7023//7404 7025//7406
f 7326//7738 7005//7386 7004//7385
f 7326//7738 7004//7385 7327//7739
f 7009//7390 7007//7388 7325//7736
f 7325//7736 7007//7388 7006//7387
f 7325//7736 7006//7387 7326//7738
f 7326//7738 7006//7387 7000//7381
f 7326//7738 7000//7381 7005//7386
f 6994//7375 6993//7374 7671//7740
f 7671//7740 6993//7374 6992//7373
f 7671//7740 6992//7373 7672//7741
f 7004//7385 7003//7384 7327//7739
s 0
f 7327//7742 7003//7742 6988//7742
s 1
f 7327//7739 6988//7369 7671//7740
f 7671//7740 6988//7369 6990//7371
f 7671//7740 6990//7371 6994//7375
f 6999//7380 7485//7743 6987//7368
f 6987//7368 7485//7743 7672//7741
f 6987//7368 7672//7741 6986//7367
f 6986//7367 7672//7741 6992//7373
f 7751//7358 6983//7364 7466//7744
f 6999//7380 6998//7379 7485//7743
f 7485//7743 6998//7379 6996//7377
f 7485//7743 6996//7377 7467//7745
f 7467//7745 6996//7377 6995//7376
s 0
f 7467//7746 6995//7746 7466//7746
f 7466//7747 6995//7747 6977//7747
s 1
f 7466//7744 6977//7356 7751//7358
f 6983//7364 6982//7362 7466//7744
f 7466//7744 6982//7362 6981//7361
f 7466//7744 6981//7361 7486//7748
f 7486//7748 6981//7361 6975//7354
f 7486//7748 6975//7354 7453//7749
f 7453//7749 6975//7354 6974//7353
f 7453//7749 6974//7353 6961//7339
f 6961//7339 6963//7341 7453//7749
f 7453//7749 6963//7341 6965//7343
f 7453//7749 6965//7343 7450//7750
f 7450//7750 6965//7343 6966//7344
f 7450//7750 6966//7344 7451//7751
s 0
f 7451//7752 6966//7752 6968//7752
f 6968//7753 6973//7753 7451//7753
s 1
f 7451//7754 6973//7352 6972//7351
f 7451//7754 6972//7351 6970//7349
f 6970//7349 6969//7348 7451//7754
f 7451//7754 6969//7348 7609//7347
f 7451//7754 7609//7347 7570//7755
f 7570//7755 7609//7347 6955//7331
f 7570//7755 6955//7331 7443//7756
f 7443//7756 6955//7331 6960//7338
f 7443//7756 6960//7338 7577//7336
f 7577//7336 6958//7334 7443//7756
f 7443//7756 6958//7334 6953//7329
f 7443//7756 6953//7329 7430//7757
f 7430//7757 6953//7329 7212//7621
f 7430//7757 7212//7621 7426//7758
f 7426//7758 7212//7621 7211//7620
f 7211//7620 7209//7618 7426//7758
f 7426//7758 7209//7618 7208//7617
f 7426//7758 7208//7617 7427//7759
f 7427//7759 7208//7617 7975//7616
f 7427//7759 7975//7616 7444//7760
f 7444//7760 7975//7616 7199//7605
f 7444//7760 7199//7605 7198//7604
f 7198//7604 7938//7603 7444//7760
f 7444//7760 7938//7603 7204//7612
f 7444//7760 7204//7612 7495//7761
s 0
f 7188//7762 7446//7762 7202//7762
s 1
f 7202//7608 7446//7763 7495//7761
f 7202//7608 7495//7761 7945//7609
f 7945//7609 7495//7761 7204//7612
f 7188//7592 7190//7594 7446//7763
f 7446//7763 7190//7594 7194//7599
f 7446//7763 7194//7599 7447//7764
f 7207//7615 7206//7614 7462//7765
f 7194//7599 7193//7598 7447//7764
s 0
f 7447//7766 7193//7766 7192//7766
s 1
f 7447//7764 7192//7597 7462//7765
f 7462//7765 7192//7597 7187//7591
f 7462//7765 7187//7591 7207//7615
f 7206//7614 7205//7613 7462//7765
f 7462//7765 7205//7613 7177//7576
f 7462//7765 7177//7576 8085//7767
f 8085//7767 7177//7576 7178//7578
f 8085//7767 7178//7578 7417//7768
s 0
f 7417//7769 7178//7769 7181//7769
s 1
f 7417//7770 7181//7584 7455//7582
f 7455//7582 7179//7580 7417//7770
f 7417//7770 7179//7580 7174//7579
f 7417//7770 7174//7579 7418//7771
f 7418//7771 7174//7579 7184//7588
f 7418//7771 7184//7588 8081//7772
f 7184//7588 7183//7587 8081//7772
f 8081//7772 7183//7587 7465//7585
f 8081//7772 7465//7585 7165//7564
f 7165//7564 7167//7566 8081//7772
f 8081//7772 7167//7566 7171//7570
f 8081//7772 7171//7570 8082//7773
f 8082//7773 7171//7570 7170//7569
f 8082//7773 7170//7569 8078//7774
s 0
f 7170//7775 7169//7775 8078//7775
f 8078//7776 7169//7776 7164//7776
s 1
f 8078//7774 7164//7563 7162//7561
f 7162//7561 7160//7559 8078//7774
f 8078//7774 7160//7559 7159//7557
f 8078//7774 7159//7557 8017//7777
f 8017//7777 7159//7557 7785//7556
f 8017//7777 7785//7556 8018//7778
s 0
f 8018//7779 7785//7779 7788//7779
s 1
f 8018//7778 7788//7545 7150//7544
f 7150//7544 7797//7541 8018//7778
f 8018//7778 7797//7541 7148//7539
f 8018//7778 7148//7539 8019//7780
s 0
f 7155//7781 8021//7781 7141//7781
s 1
f 7141//7532 8021//7782 8019//7780
f 7141//7532 8019//7780 7142//7533
f 7142//7533 8019//7780 7148//7539
f 7155//7550 7154//7549 8021//7782
f 8021//7782 7154//7549 7152//7547
f 8021//7782 7152//7547 8025//7783
f 8025//7783 7152//7547 7151//7546
f 8025//7783 7151//7546 8026//7784
f 8026//7784 7151//7546 7138//7529
f 8026//7784 7138//7529 7137//7528
f 7137//7528 7134//7527 8026//7784
f 8026//7784 7134//7527 7158//7555
f 8026//7784 7158//7555 8039//7785
f 7124//7511 8037//7786 7156//7551
f 7156//7551 8037//7786 8039//7785
f 7156//7551 8039//7785 7740//7552
f 7740//7552 8039//7785 7158//7555
f 7124//7511 8055//7513 8037//7786
f 8037//7786 8055//7513 7130//7520
f 8037//7786 7130//7520 8030//7787
f 7130//7520 7129//7518 8030//7787
f 8030//7787 7129//7518 7128//7517
f 8030//7787 7128//7517 8031//7788
f 8031//7788 7128//7517 7121//7508
f 8031//7788 7121//7508 7120//7507
f 7120//7507 7133//7523 8031//7788
f 8031//7788 7133//7523 7132//7522
f 8031//7788 7132//7522 8064//7789
f 7119//7506 8065//7790 7116//7501
f 7116//7501 8065//7790 8064//7789
f 7116//7501 8064//7789 7131//7521
f 7131//7521 8064//7789 7132//7522
f 6404//6674 8067//7791 7112//7497
f 7112//7497 8067//7791 8066//7792
f 7112//7497 8066//7792 7117//7502
f 7117//7502 8066//7792 8065//7790
f 7117//7502 8065//7790 7118//7504
s 0
f 7118//7793 8065//7793 7119//7793
s 1
f 6404//6674 6406//6676 8067//7791
f 8067//7791 6406//6676 6407//6677
f 8067//7791 6407//6677 8061//7794
f 8061//7794 6407//6677 6395//6661
f 8061//7794 6395//6661 6400//6668
f 6400//6668 7506//6665 8061//7794
f 8061//7794 7506//6665 6398//6664
f 8061//7794 6398//6664 8047//7795
f 8047//7795 6398//6664 6391//6655
f 8047//7795 6391//6655 8048//7796
f 7452//6670 8044//7797 6403//6673
f 6403//6673 8044//7797 8048//7796
f 6403//6673 8048//7796 8080//6657
f 8080//6657 8048//7796 6391//6655
f 7452//6670 6401//6669 8044//7797
f 8044//7797 6401//6669 6385//6649
f 8044//7797 6385//6649 8045//7798
f 8045//7798 6385//6649 6384//6648
f 6388//6652 8046//7799 6389//6653
f 6389//6653 8046//7799 8045//7798
f 6389//6653 8045//7798 6390//6654
f 6390//6654 8045//7798 6384//6648
f 6388//6652 6382//6646 8046//7799
f 8046//7799 6382//6646 6381//6645
f 8046//7799 6381//6645 8052//7800
f 6381//6645 6375//6636 8052//7800
f 8052//7800 6375//6636 6380//6644
f 8052//7800 6380//6644 8053//7801
f 8053//7801 6380//6644 7756//6641
f 8053//7801 7756//6641 6378//6639
f 6367//6626 8068//7802 6365//6624
f 6365//6624 8068//7802 8069//7803
f 6365//6624 8069//7803 6369//6629
f 6369//6629 8069//7803 8053//7801
s 0
f 6369//7804 8053//7804 7742//7804
s 1
f 7742//6630 8053//7801 6378//6639
f 6367//6626 6374//6635 8068//7802
f 8068//7802 6374//6635 6373//6634
f 8068//7802 6373//6634 6372//6633
f 6372//6633 6360//6616 8068//7802
f 8068//7802 6360//6616 6361//6617
f 8068//7802 6361//6617 7377//7805
f 6362//6620 7534//7806 6363//6621
f 6363//6621 7534//7806 7377//7805
f 6363//6621 7377//7805 6364//6623
f 6364//6623 7377//7805 6361//6617
f 6362//6620 7575//6612 7534//7806
f 7534//7806 7575//6612 6355//6611
f 7534//7806 6355//6611 7535//7807
f 7958//6605 7539//7808 6354//6609
f 6354//6609 7539//7808 7535//7807
f 6354//6609 7535//7807 6349//6610
f 6349//6610 7535//7807 6355//6611
f 6340//6592 6348//6600 7507//7809
f 7958//6605 6352//6604 7539//7808
f 7539//7808 6352//6604 6344//6596
f 7539//7808 6344//6596 7508//7810
f 7508//7810 6344//6596 6343//6595
f 7508//7810 6343//6595 7507//7809
f 7507//7809 6343//6595 6342//6594
f 7507//7809 6342//6594 6340//6592
f 6348//6600 6347//6599 7507//7809
f 7507//7809 6347//6599 6346//6598
f 7507//7809 6346//6598 7497//7811
f 8040//6587 7496//7812 6338//6590
f 6338//6590 7496//7812 7497//7811
f 6338//6590 7497//7811 6333//6583
f 6333//6583 7497//7811 6346//6598
f 8040//6587 6336//6586 7496//7812
f 7496//7812 6336//6586 6329//6577
f 7496//7812 6329//6577 7493//7813
f 6327//6575 7494//7814 6332//6582
f 6332//6582 7494//7814 7493//7813
f 6332//6582 7493//7813 8024//6579
f 8024//6579 7493//7813 6329//6577
f 6327//6575 6326//6574 7494//7814
f 7494//7814 6326//6574 6311//6558
f 7494//7814 6311//6558 8074//7815
f 6311//6558 6310//6557 8074//7815
f 8074//7815 6310//6557 6316//6563
f 8074//7815 6316//6563 8076//7816
f 6316//6563 6315//6562 8076//7816
f 8076//7816 6315//6562 6325//6573
f 8076//7816 6325//6573 6324//6572
f 6324//6572 6323//6571 8076//7816
s 0
f 8076//7817 6323//7817 6317//7817
s 1
f 8076//7816 6317//6564 8077//7818
f 8077//7818 6317//6564 6322//6570
f 8077//7818 6322//6570 8084//7819
f 8084//7819 6322//6570 6321//6569
f 8084//7819 6321//6569 6320//6567
f 6512//6790 6511//6789 7596//7724
f 7596//7724 6511//6789 6510//6788
f 7596//7724 6510//6788 6498//6774
f 6320//6567 7880//6554 8084//7819
f 8084//7819 7880//6554 6307//6553
f 8084//7819 6307//6553 7931//7820
f 7931//7820 6307//6553 6303//6548
f 7931//7820 6303//6548 7596//7724
f 7596//7724 6303//6548 6305//6550
f 7596//7724 6305//6550 6512//6790
f 6502//6779 6501//6777 7392//7821
f 7595//7723 6498//6774 7392//7821
f 7392//7821 6498//6774 6503//6780
f 7392//7821 6503//6780 6502//6779
f 6501//6777 6496//6771 7392//7821
f 7392//7821 6496//6771 6497//6773
f 7392//7821 6497//6773 7757//7822
f 6497//6773 6506//6784 7757//7822
f 7757//7822 6506//6784 7996//6782
f 7757//7822 7996//6782 7758//7823
f 7758//7823 7996//6782 6504//6781
f 7758//7823 6504//6781 6490//6764
f 6508//6786 7774//7824 6509//6787
f 6509//6787 7774//7824 7770//7825
f 6509//6787 7770//7825 6485//6759
f 6490//6764 6493//6767 7758//7823
f 7758//7823 6493//6767 6492//6766
s 0
f 7758//7826 6492//7826 7759//7826
s 1
f 7759//7827 6492//6766 6491//6765
f 7759//7827 6491//6765 7770//7825
f 7770//7825 6491//6765 6487//6761
f 7770//7825 6487//6761 6485//6759
f 6479//6753 6478//6752 7752//7828
f 7752//7828 6478//6752 7730//7829
f 6508//6786 6507//6785 7774//7824
f 7774//7824 6507//6785 6475//6749
f 7774//7824 6475//6749 7752//7828
f 7752//7828 6475//6749 6480//6754
f 7752//7828 6480//6754 6479//6753
f 6466//6740 7727//7830 6481//6755
f 6481//6755 7727//7830 7728//7831
f 6481//6755 7728//7831 6482//6756
f 6478//6752 6471//6745 7730//7829
f 7730//7829 6471//6745 6473//6747
f 7730//7829 6473//6747 7728//7831
f 7728//7831 6473//6747 6483//6757
f 7728//7831 6483//6757 6482//6756
f 7729//7832 6468//6742 7731//7833
f 7731//7833 6468//6742 6462//6736
f 6466//6740 6465//6739 7727//7830
f 7727//7830 6465//6739 6470//6744
f 7727//7830 6470//6744 7729//7832
f 7729//7832 6470//6744 6469//6743
f 7729//7832 6469//6743 6468//6742
f 6444//6715 7743//7834 6445//6716
f 6445//6716 7743//7834 7744//7835
f 6445//6716 7744//7835 6458//6729
f 6458//6729 7744//7835 7449//6730
f 6462//6736 6461//6735 7731//7833
s 0
f 7731//7836 6461//7836 6455//7836
s 1
f 7731//7833 6455//6726 7744//7835
f 7744//7835 6455//6726 6460//6732
f 7744//7835 6460//6732 7449//6730
f 6444//6715 6440//6711 7743//7834
f 7743//7834 6440//6711 6442//6713
f 7743//7834 6442//6713 7746//7837
f 6439//6710 7767//7838 6437//6708
f 6437//6708 7767//7838 7765//7839
f 6437//6708 7765//7839 6435//6706
f 6435//6706 7765//7839 6433//6704
f 6442//6713 6451//6722 7746//7837
f 7746//7837 6451//6722 6450//6721
f 7746//7837 6450//6721 7766//7840
f 7766//7840 6450//6721 6448//6719
f 7766//7840 6448//6719 7765//7839
f 7765//7839 6448//6719 6447//6718
f 7765//7839 6447//6718 6433//6704
f 6452//6723 7701//7841 6453//6724
f 6453//6724 7701//7841 7767//7838
f 6453//6724 7767//7838 6454//6725
f 6454//6725 7767//7838 6439//6710
f 6452//6723 6426//6697 7701//7841
f 7701//7841 6426//6697 6429//6700
f 7701//7841 6429//6700 7702//7842
f 7702//7842 6429//6700 6428//6699
f 7702//7842 6428//6699 6427//6698
f 6431//6702 7716//7843 6432//6703
f 6432//6703 7716//7843 7709//7844
f 6432//6703 7709//7844 6422//6693
f 6422//6693 7709//7844 7702//7842
f 6422//6693 7702//7842 6420//6691
f 6420//6691 7702//7842 6427//6698
f 7629//7845 6415//6686 7630//7846
f 7630//7846 6415//6686 6414//6685
f 6414//6685 6409//6684 7630//7846
s 0
f 7630//7847 6409//7847 6408//7847
s 1
f 7630//7848 6408//6678 7634//7849
f 7634//7849 6408//6678 6411//6681
f 7634//7849 6411//6681 7317//7727
f 7317//7727 6411//6681 7051//7434
f 7317//7727 7051//7434 7052//7435
f 6431//6702 6430//6701 7716//7843
f 7716//7843 6430//6701 6419//6690
f 7716//7843 6419//6690 7629//7845
f 7629//7845 6419//6690 6417//6688
f 7629//7845 6417//6688 6415//6686
s 0
f 7332//7850 7331//7850 7381//7850
f 7381//7851 7331//7851 7333//7851
f 7381//7852 7333//7852 7334//7852
f 7383//7853 7329//7853 7381//7853
f 7381//7854 7329//7854 7330//7854
f 7381//7855 7330//7855 7332//7855
f 7383//7851 7384//7851 7329//7851
f 7329//7851 7384//7851 7385//7851
f 7329//7851 7385//7851 7386//7851
f 7386//7855 7387//7855 7329//7855
f 7329//7851 7387//7851 7388//7851
f 7329//7853 7388//7853 7389//7853
f 7393//7851 7394//7851 7329//7851
f 7329//7856 7394//7856 7397//7856
f 7725//7851 7395//7851 7398//7851
f 7398//7857 7399//7857 7725//7857
f 7725//7851 7399//7851 7401//7851
f 7725//7858 7401//7858 7400//7858
f 7410//7859 7411//7859 7725//7859
f 7389//7855 7390//7855 7329//7855
f 7329//7855 7390//7855 7391//7855
f 7329//7851 7391//7851 7314//7851
f 7314//7860 7313//7860 7329//7860
f 7329//7855 7313//7855 7930//7855
f 7329//7861 7930//7861 7393//7861
f 7725//7851 7328//7851 7395//7851
f 7395//7855 7328//7855 7329//7855
f 7395//7862 7329//7862 7396//7862
f 7396//7851 7329//7851 7397//7851
f 7400//7855 7402//7855 7725//7855
f 7725//7863 7402//7863 7403//7863
f 7725//7855 7403//7855 7405//7855
f 7334//7851 7335//7851 7381//7851
f 7381//7864 7335//7864 7336//7864
f 7381//7855 7336//7855 7337//7855
f 7337//7853 7338//7853 7381//7853
f 7381//7851 7338//7851 7339//7851
f 7381//7855 7339//7855 7340//7855
f 7340//7855 7341//7855 7381//7855
f 7381//7865 7341//7865 7342//7865
f 7381//7851 7342//7851 7382//7851
f 7645//7866 7324//7866 7644//7866
f 7353//7851 7354//7851 7375//7851
f 7405//7863 7404//7863 7725//7863
f 7725//7851 7404//7851 7406//7851
f 7725//7851 7406//7851 7409//7851
f 7409//7855 7408//7855 7725//7855
f 7725//7855 7408//7855 7407//7855
f 7725//7865 7407//7865 7410//7865
f 7644//7867 7656//7867 7318//7867
f 7318//7868 7656//7868 7725//7868
f 7318//7869 7725//7869 7799//7869
f 7343//7853 7344//7853 7375//7853
f 7363//7870 7364//7870 7375//7870
f 7343//7851 7375//7851 7342//7851
f 7342//7871 7375//7871 8062//7871
f 7342//7851 8062//7851 7378//7851
f 7378//7853 7379//7853 7342//7853
f 7342//7851 7379//7851 7380//7851
f 7342//7870 7380//7870 7382//7870
f 7411//7851 7413//7851 7725//7851
f 7725//7872 7413//7872 7412//7872
f 7725//7873 7412//7873 7414//7873
f 7414//7874 7415//7874 7725//7874
f 7725//7875 7415//7875 7416//7875
f 7725//7876 7416//7876 7805//7876
f 7805//7851 7804//7851 7725//7851
f 7725//7851 7804//7851 7816//7851
f 7725//7877 7816//7877 7799//7877
f 7318//7878 7321//7878 7644//7878
f 7644//7879 7321//7879 7623//7879
f 7644//7872 7623//7872 7645//7872
f 7645//7880 7623//7880 7322//7880
f 7372//7855 7373//7855 7374//7855
f 7344//7851 7345//7851 7375//7851
f 7375//7881 7345//7881 7346//7881
f 7375//7851 7346//7851 7347//7851
f 7347//7870 7348//7870 7375//7870
f 7375//7873 7348//7873 7349//7873
f 7375//7865 7349//7865 7350//7865
f 7350//7855 7351//7855 7375//7855
f 7375//7882 7351//7882 7352//7882
f 7375//7865 7352//7865 7353//7865
f 7354//7855 7355//7855 7375//7855
f 7375//7851 7355//7851 7356//7851
f 7375//7855 7356//7855 7357//7855
f 7364//7865 7366//7865 7375//7865
f 7375//7851 7366//7851 7365//7851
f 7375//7855 7365//7855 7367//7855
f 7367//7855 7368//7855 7375//7855
f 7375//7855 7368//7855 7369//7855
f 7375//7851 7369//7851 7370//7851
f 7376//7883 7375//7883 7374//7883
f 7374//7851 7375//7851 7370//7851
f 7374//7872 7370//7872 7372//7872
f 7372//7884 7370//7884 7371//7884
f 7357//7855 7358//7855 7375//7855
f 7375//7851 7358//7851 7359//7851
f 7375//7851 7359//7851 7360//7851
f 7360//7855 7361//7855 7375//7855
f 7375//7851 7361//7851 7362//7851
f 7375//7851 7362//7851 7363//7851
