# Blender 4.5.0
# www.blender.org
mtllib shoulder.mtl
o Actor0
v -0.026684 0.070500 -0.051497
v -0.033447 0.070500 -0.047384
v 0.044991 0.070500 0.036603
v -0.049556 0.070500 -0.030136
v -0.053198 0.070500 -0.023107
v -0.055849 0.070500 -0.015648
v 0.049556 0.070500 0.030136
v 0.053198 0.070500 0.023107
v 0.026684 0.070500 -0.051497
v 0.055849 0.070500 0.015648
v 0.011800 0.070500 -0.056787
v 0.003958 0.070500 -0.057865
v -0.003958 0.070500 -0.057865
v -0.039588 0.070500 -0.042388
v -0.044991 0.070500 -0.036603
v -0.057460 0.070500 -0.007898
v -0.058000 0.070500 -0.000000
v -0.057460 0.070500 0.007897
v -0.049556 0.070500 0.030136
v -0.003958 0.070500 0.057864
v -0.053198 0.070500 0.023107
v 0.003958 0.070500 0.057864
v 0.011800 0.070500 0.056786
v 0.019423 0.070500 0.054651
v 0.026684 0.070500 0.051497
v 0.033447 0.070500 0.047384
v 0.019423 0.070500 -0.054651
v -0.011800 0.070500 -0.056787
v -0.019423 0.070500 -0.054651
v -0.026684 0.070500 0.051497
v -0.019423 0.070500 0.054651
v -0.033447 0.070500 0.047384
v -0.039588 0.070500 0.042388
v -0.044991 0.070500 0.036603
v -0.011800 0.070500 0.056786
v -0.055849 0.070500 0.015648
v 0.039588 0.070500 0.042388
v 0.057460 0.070500 0.007897
v 0.058000 0.070500 -0.000000
v 0.057460 0.070500 -0.007898
v 0.055849 0.070500 -0.015648
v 0.053198 0.070500 -0.023107
v 0.049556 0.070500 -0.030136
v 0.044991 0.070500 -0.036603
v 0.039588 0.070500 -0.042388
v 0.033447 0.070500 -0.047384
v 0.040846 0.061000 -0.041178
v 0.039580 0.061000 -0.042380
v 0.033460 0.060997 -0.047376
v 0.033447 0.060997 -0.047384
v 0.019511 0.061000 -0.054618
v 0.019422 0.061000 -0.054649
v -0.031372 0.061000 -0.048750
v -0.033447 0.061000 -0.047384
v -0.040846 0.061000 0.041178
v -0.039588 0.061000 0.042388
v -0.033460 0.061000 0.047375
v -0.033447 0.061000 0.047384
v 0.025610 0.061000 0.052022
v 0.026684 0.061000 0.051497
v 0.036664 0.061000 0.044768
v 0.039588 0.061000 0.042388
v 0.052783 0.061000 0.024025
v 0.053198 0.061000 0.023107
v 0.057356 0.061000 0.008618
v 0.057460 0.061000 0.007897
v 0.057758 0.061000 0.005289
v 0.057763 0.061000 0.005239
v 0.058000 0.061000 -0.000000
v 0.057935 0.061000 0.002738
v 0.057788 0.061000 0.004868
v 0.055849 0.061000 0.015648
v 0.056075 0.061000 0.014817
v 0.056084 0.061000 0.014784
v 0.056288 0.061000 0.013985
v 0.056799 0.061000 0.011419
v 0.054502 0.061000 0.019837
v 0.054570 0.061000 0.019648
v 0.055150 0.061000 0.017835
v 0.052466 0.061000 0.024725
v 0.049690 0.061000 0.029888
v 0.044430 0.061000 0.037281
v 0.044991 0.061000 0.036603
v 0.045954 0.061000 0.035361
v 0.046650 0.061000 0.034463
v 0.047645 0.061000 0.033074
v 0.049556 0.061000 0.030136
v 0.040846 0.061000 0.041178
v 0.041617 0.061000 0.040373
v 0.042867 0.061000 0.039069
v 0.033460 0.061000 0.047375
v 0.033447 0.061000 0.047384
v 0.029000 0.061000 0.050229
v 0.029904 0.061000 0.049696
v 0.031367 0.061000 0.048741
v 0.019416 0.061000 0.054632
v 0.019504 0.061000 0.054598
v 0.022012 0.060998 0.053660
v 0.024298 0.061000 0.052664
v 0.013147 0.061000 0.056474
v 0.014442 0.061000 0.056173
v 0.015207 0.061001 0.055970
v 0.015238 0.061001 0.055962
v 0.018608 0.061001 0.054933
v 0.004821 0.061000 0.057799
v 0.004885 0.061000 0.057793
v 0.006615 0.061000 0.057588
v 0.008763 0.061000 0.057334
v 0.009901 0.061000 0.057147
v 0.010071 0.061000 0.057119
v 0.011800 0.061000 0.056786
v -0.004821 0.061000 0.057799
v -0.003958 0.061000 0.057864
v -0.003314 0.061000 0.057887
v 0.000000 0.061000 0.058000
v 0.003314 0.061000 0.057887
v 0.003958 0.061000 0.057864
v -0.010071 0.060995 0.057119
v -0.009901 0.060996 0.057147
v -0.010732 0.060994 0.056998
v -0.008763 0.061000 0.057334
v -0.006615 0.061000 0.057588
v -0.004885 0.061000 0.057793
v -0.016357 0.061002 0.055642
v -0.016250 0.061002 0.055676
v -0.014485 0.061000 0.056162
v -0.014442 0.061000 0.056173
v -0.015207 0.061001 0.055970
v -0.015238 0.061001 0.055962
v -0.013145 0.060998 0.056461
v -0.011795 0.060996 0.056762
v -0.020668 0.060998 0.054192
v -0.019652 0.061000 0.054569
v -0.028545 0.061000 0.050478
v -0.026684 0.061000 0.051497
v -0.025611 0.061000 0.052024
v -0.024476 0.061000 0.052582
v -0.024298 0.061000 0.052664
v -0.022588 0.060999 0.053384
v -0.019510 0.061000 0.054615
v -0.019421 0.061000 0.054644
v -0.031367 0.061000 0.048741
v -0.029904 0.061000 0.049696
v -0.029000 0.061000 0.050229
v -0.039234 0.061000 0.042676
v -0.036664 0.061000 0.044768
v -0.034092 0.061000 0.046860
v -0.044991 0.061000 0.036603
v -0.044430 0.061000 0.037281
v -0.043861 0.061000 0.037933
v -0.042867 0.061000 0.039069
v -0.041617 0.061000 0.040373
v -0.049556 0.061000 0.030136
v -0.047902 0.061000 0.032679
v -0.047645 0.061000 0.033074
v -0.046650 0.061000 0.034463
v -0.045954 0.061000 0.035361
v -0.053198 0.061000 0.023107
v -0.052783 0.061000 0.024025
v -0.052478 0.061000 0.024700
v -0.052466 0.061000 0.024724
v -0.051265 0.061000 0.026971
v -0.049702 0.061000 0.029894
v -0.054570 0.061000 0.019648
v -0.055150 0.061000 0.017835
v -0.054502 0.061000 0.019837
v -0.054053 0.061000 0.020962
v -0.056084 0.061000 0.014784
v -0.056075 0.061000 0.014817
v -0.055849 0.061000 0.015648
v -0.057422 0.061000 0.008163
v -0.057356 0.061000 0.008618
v -0.056799 0.061000 0.011419
v -0.056289 0.061000 0.013985
v -0.056115 0.061000 0.014663
v -0.057763 0.061000 0.005239
v -0.057758 0.061000 0.005289
v -0.057460 0.061000 0.007897
v -0.057963 0.061000 0.001557
v -0.057935 0.061000 0.002738
v -0.057788 0.061000 0.004868
v -0.057581 0.061000 -0.006957
v -0.057758 0.061000 -0.005289
v -0.057763 0.061000 -0.005240
v -0.057977 0.061000 -0.001558
v -0.057984 0.061000 -0.001370
v -0.058000 0.061000 -0.000000
v -0.057792 0.061000 -0.004868
v -0.057863 0.061000 -0.003990
v -0.057935 0.061000 -0.002738
v -0.055837 0.061000 -0.015645
v -0.056075 0.061000 -0.014817
v -0.056084 0.061000 -0.014784
v -0.056115 0.061000 -0.014663
v -0.056188 0.061000 -0.014385
v -0.057356 0.061000 -0.008618
v -0.057418 0.061000 -0.008163
v -0.057454 0.061000 -0.007897
v -0.056289 0.061000 -0.013986
v -0.056860 0.061000 -0.011432
v -0.056886 0.061000 -0.011314
v -0.052777 0.061000 -0.024023
v -0.053186 0.061000 -0.023102
v -0.053540 0.061000 -0.022304
v -0.054062 0.061000 -0.020966
v -0.054502 0.061000 -0.019837
v -0.054536 0.061000 -0.019743
v -0.054570 0.061000 -0.019648
v -0.055176 0.061000 -0.017843
v -0.055375 0.061000 -0.017249
v -0.047897 0.061000 -0.032677
v -0.049522 0.061000 -0.030115
v -0.049673 0.061000 -0.029877
v -0.050229 0.061000 -0.029000
v -0.051285 0.061000 -0.026982
v -0.052466 0.061000 -0.024725
v -0.045562 0.061000 -0.035890
v -0.045961 0.061000 -0.035367
v -0.046650 0.061000 -0.034464
v -0.047153 0.061000 -0.033773
v -0.047645 0.061000 -0.033075
v -0.040846 0.061000 -0.041178
v -0.041617 0.061000 -0.040374
v -0.042867 0.061000 -0.039070
v -0.043658 0.061000 -0.038184
v -0.043867 0.061000 -0.037939
v -0.044430 0.061000 -0.037282
v -0.044986 0.061000 -0.036599
v -0.037282 0.061000 -0.044431
v -0.039219 0.061000 -0.042662
v -0.039557 0.061000 -0.042354
v -0.033460 0.061000 -0.047376
v -0.034107 0.061000 -0.046877
v -0.036733 0.061000 -0.044853
v -0.025648 0.061000 -0.052021
v -0.026671 0.061000 -0.051474
v -0.028542 0.061000 -0.050474
v -0.029000 0.061000 -0.050230
v -0.029904 0.061000 -0.049696
v -0.030291 0.061000 -0.049461
v -0.019412 0.061000 -0.054621
v -0.019501 0.061000 -0.054590
v -0.020887 0.060998 -0.054109
v -0.022590 0.060999 -0.053388
v -0.024298 0.061000 -0.052665
v -0.015207 0.061001 -0.055971
v -0.014442 0.061000 -0.056173
v -0.013145 0.061000 -0.056462
v -0.015238 0.061001 -0.055962
v -0.016356 0.061001 -0.055637
v -0.017170 0.061002 -0.055400
v -0.003313 0.061000 -0.057875
v -0.003957 0.061000 -0.057843
v -0.004821 0.061000 -0.057799
v -0.004885 0.061000 -0.057794
v -0.009901 0.061000 -0.057147
v -0.010071 0.061000 -0.057119
v -0.004990 0.061000 -0.057785
v -0.006615 0.061000 -0.057591
v -0.008763 0.061000 -0.057334
v -0.010736 0.061000 -0.056998
v -0.011795 0.061000 -0.056762
v 0.004821 0.061000 -0.057799
v 0.003958 0.061000 -0.057864
v 0.003792 0.061000 -0.057876
v 0.003314 0.061000 -0.057891
v 0.000000 0.061000 -0.058000
v -0.001026 0.061000 -0.057991
v 0.011794 0.060997 -0.056757
v 0.010071 0.060995 -0.057119
v 0.009901 0.060996 -0.057147
v 0.008763 0.061000 -0.057334
v 0.008659 0.061000 -0.057350
v 0.006615 0.061000 -0.057590
v 0.004885 0.061000 -0.057794
v 0.014485 0.061000 -0.056162
v 0.014442 0.061000 -0.056173
v 0.015207 0.061001 -0.055971
v 0.018496 0.061001 -0.054972
v 0.016351 0.061001 -0.055624
v 0.015238 0.061001 -0.055962
v 0.013775 0.060998 -0.056340
v 0.013147 0.060998 -0.056472
v 0.026671 0.061000 -0.051472
v 0.025604 0.061000 -0.052012
v 0.024476 0.061000 -0.052582
v 0.024387 0.061000 -0.052624
v 0.024298 0.061000 -0.052665
v 0.023223 0.060998 -0.053148
v 0.019652 0.061000 -0.054569
v 0.029896 0.061000 -0.049701
v 0.029000 0.061000 -0.050230
v 0.027866 0.061000 -0.050867
v 0.032830 0.060996 -0.047814
v 0.031374 0.060998 -0.048751
v 0.029904 0.061000 -0.049696
v 0.039035 0.061000 -0.042898
v 0.036736 0.061003 -0.044857
v 0.036158 0.061003 -0.045349
v 0.044986 0.061000 -0.036599
v 0.044430 0.061000 -0.037282
v 0.043658 0.061000 -0.038184
v 0.042867 0.061000 -0.039070
v 0.041617 0.061000 -0.040374
v 0.046650 0.061000 -0.034464
v 0.047645 0.060992 -0.033075
v 0.045961 0.061000 -0.035367
v 0.045562 0.061000 -0.035890
v 0.052778 0.061000 -0.024023
v 0.052477 0.061000 -0.024700
v 0.052466 0.061000 -0.024725
v 0.051358 0.061014 -0.026950
v 0.049702 0.060999 -0.029895
v 0.049693 0.060999 -0.029910
v 0.049550 0.060998 -0.030131
v 0.054536 0.061000 -0.019743
v 0.054502 0.061000 -0.019837
v 0.055375 0.061000 -0.017249
v 0.055176 0.061000 -0.017843
v 0.054570 0.061000 -0.019648
v 0.053545 0.061000 -0.022292
v 0.053186 0.061000 -0.023102
v 0.057454 0.061000 -0.007897
v 0.057356 0.061000 -0.008618
v 0.056886 0.061000 -0.011314
v 0.056860 0.061000 -0.011432
v 0.056288 0.061000 -0.013986
v 0.056188 0.061000 -0.014385
v 0.056084 0.061000 -0.014784
v 0.056075 0.061000 -0.014817
v 0.055837 0.061000 -0.015645
v 0.057792 0.061000 -0.004868
v 0.057763 0.061000 -0.005240
v 0.057984 0.061000 -0.001369
v 0.057935 0.061000 -0.002738
v 0.057862 0.061000 -0.003990
v 0.057758 0.061000 -0.005289
v 0.057581 0.061000 -0.006956
v 0.053106 -0.023068 -0.065200
v 0.049471 -0.030084 -0.065200
v -0.019389 -0.054557 -0.065200
v 0.019389 0.054557 -0.065200
v 0.026638 0.051408 -0.065200
v 0.033390 0.047302 -0.065200
v 0.039520 0.042315 -0.065200
v -0.011780 0.056689 -0.065200
v -0.003951 0.057765 -0.065200
v -0.033390 -0.047303 -0.065200
v 0.003951 0.057765 -0.065200
v -0.019390 0.054557 -0.065200
v -0.039520 -0.042316 -0.065200
v -0.044914 -0.036540 -0.065200
v -0.026638 -0.051409 -0.065200
v 0.011780 0.056689 -0.065200
v 0.044914 -0.036540 -0.065200
v 0.039520 -0.042315 -0.065200
v 0.033390 -0.047303 -0.065200
v 0.026638 -0.051409 -0.065200
v 0.019390 -0.054557 -0.065200
v 0.011780 -0.056689 -0.065200
v 0.003951 -0.057765 -0.065200
v -0.003951 -0.057765 -0.065200
v -0.011780 -0.056689 -0.065200
v 0.044914 0.036540 -0.065200
v 0.049471 0.030084 -0.065200
v 0.053106 0.023067 -0.065200
v 0.055753 0.015621 -0.065200
v 0.057360 0.007884 -0.065200
v 0.057900 -0.000000 -0.065200
v 0.057361 -0.007884 -0.065200
v 0.055753 -0.015621 -0.065200
v -0.049471 -0.030084 -0.065200
v -0.053106 -0.023068 -0.065200
v -0.055753 -0.015621 -0.065200
v -0.057360 -0.007884 -0.065200
v -0.057900 -0.000000 -0.065200
v -0.057360 0.007884 -0.065200
v -0.055753 0.015621 -0.065200
v -0.053106 0.023067 -0.065200
v -0.049471 0.030084 -0.065200
v -0.044914 0.036540 -0.065200
v -0.039520 0.042315 -0.065200
v -0.033390 0.047302 -0.065200
v -0.026638 0.051408 -0.065200
v 0.045966 0.038376 0.036918
v 0.045966 0.039438 0.036201
v 0.041629 0.043614 0.041009
v 0.045966 0.036625 0.038770
v 0.045966 0.037433 0.037779
v 0.041629 0.042001 0.042280
v 0.045966 0.035053 0.043712
v 0.045966 0.035166 0.042360
v 0.041629 0.040171 0.045964
v 0.045966 0.040604 0.035644
v 0.045966 0.041858 0.035263
v 0.041629 0.045561 0.040250
v -0.016872 0.055419 0.059254
v -0.016353 0.055563 0.059322
v -0.016358 0.055565 0.058860
v 0.057993 0.001058 0.011785
v 0.057990 0.001302 0.010672
v 0.057795 0.006858 0.015369
v -0.009901 0.059418 0.057113
v -0.057928 0.003551 0.003648
v -0.057935 0.003352 0.004179
v -0.057973 0.004144 0.004988
v -0.057999 -0.000244 0.025849
v -0.057979 0.001570 0.024721
v -0.058000 -0.000212 0.024771
v -0.058000 -0.000179 0.023657
v -0.058000 0.000179 0.017221
v -0.058000 -0.000076 0.020188
v -0.057979 0.001590 0.021550
v -0.058000 -0.000082 0.020402
v -0.058000 -0.000083 0.020442
v -0.057997 0.000719 0.013325
v -0.057998 0.000627 0.013953
v -0.057979 0.002579 0.015493
v -0.057999 0.000321 0.016056
v -0.057988 0.001488 0.009852
v -0.057990 0.001307 0.010671
v -0.057979 0.003717 0.012727
v -0.057993 0.001060 0.011785
v -0.057973 0.002145 0.007647
v -0.057979 0.005236 0.010184
v -0.057972 0.002207 0.007438
v -0.057972 0.002217 0.007405
v -0.057973 0.006438 0.002890
v -0.057870 0.004709 0.001018
v -0.057921 0.003735 0.003157
v -0.057845 0.005173 -0.000000
v -0.057856 0.005715 -0.000000
v -0.057898 0.007889 -0.000000
v -0.057944 0.010223 -0.000000
v -0.057900 0.007951 -0.000000
v -0.057973 0.009021 0.001142
v -0.057968 0.011450 -0.000000
v -0.057979 0.011723 0.004257
v -0.057979 0.012024 -0.000000
v -0.057992 0.015642 -0.000000
v -0.057988 0.014441 -0.000000
v -0.057979 0.014407 0.002968
v -0.057981 0.012456 -0.000000
v -0.057980 0.012085 -0.000000
v -0.058000 0.019220 -0.000000
v -0.058000 0.018456 -0.000000
v -0.057979 0.017292 0.002083
v -0.058000 0.017998 -0.000000
v -0.057995 0.016459 -0.000000
v -0.058000 0.021981 -0.000000
v -0.058000 0.019787 -0.000000
v -0.057979 0.020343 0.001637
v -0.058000 0.019784 -0.000000
v -0.058000 0.019760 -0.000000
v -0.058000 0.019567 -0.000000
v -0.058000 0.060142 -0.000000
v -0.058000 0.035567 -0.000000
v -0.057979 0.036204 0.001540
v -0.058000 0.034410 -0.000000
v -0.058000 0.032923 -0.000000
v -0.058000 0.025717 -0.000000
v -0.057979 0.023504 0.001577
v -0.058000 0.022513 -0.000000
v -0.058000 0.022115 -0.000000
v -0.058000 0.060982 -0.000000
v -0.057795 0.037559 0.004818
v -0.057422 0.038907 0.008081
v -0.056862 0.040246 0.011319
v -0.056116 0.041570 0.014521
v -0.055186 0.042877 0.017678
v -0.054076 0.044161 0.020779
v -0.052789 0.045420 0.023814
v -0.051329 0.046649 0.026774
v -0.049702 0.047845 0.029650
v -0.047912 0.049003 0.032433
v -0.045966 0.050121 0.035112
v -0.043869 0.051193 0.037681
v -0.041629 0.052218 0.040129
v -0.034124 0.054971 0.046677
v -0.036748 0.054110 0.044635
v -0.039253 0.053192 0.042450
v -0.031388 0.055770 0.048570
v -0.028549 0.056506 0.050305
v -0.025617 0.057174 0.051878
v -0.022601 0.057773 0.053282
v -0.019512 0.058299 0.054513
v -0.016358 0.058750 0.055564
v -0.013151 0.059124 0.056432
v -0.006619 0.059631 0.057602
v -0.003315 0.059760 0.057898
v 0.003315 0.059760 0.057898
v 0.000000 0.059804 0.057997
v 0.009901 0.059418 0.057113
v 0.006619 0.059631 0.057602
v 0.013151 0.059124 0.056432
v 0.016358 0.058750 0.055564
v 0.019511 0.058299 0.054513
v 0.022601 0.057773 0.053282
v 0.025617 0.057174 0.051878
v 0.028549 0.056506 0.050305
v 0.031388 0.055770 0.048570
v 0.036748 0.054110 0.044635
v 0.041629 0.052218 0.040130
v 0.045966 0.050121 0.035112
v 0.052789 0.045420 0.023814
v 0.049702 0.047845 0.029650
v 0.055186 0.042877 0.017678
v 0.056862 0.040246 0.011319
v 0.057795 0.037559 0.004818
v 0.058000 0.042314 -0.000000
v 0.057795 0.025554 0.004841
v 0.058000 0.022498 -0.000000
v 0.058000 0.023544 -0.000000
v 0.058000 0.025718 -0.000000
v 0.058000 0.032919 -0.000000
v 0.058000 0.035563 -0.000000
v 0.057795 0.022567 0.004896
v 0.058000 0.019183 -0.000000
v 0.058000 0.022093 -0.000000
v 0.058000 0.018447 -0.000000
v 0.057795 0.019683 0.005316
v 0.058000 0.018145 -0.000000
v 0.057994 0.015681 -0.000000
v 0.057992 0.014506 -0.000000
v 0.057795 0.016957 0.006151
v 0.057990 0.013562 -0.000000
v 0.057961 0.011900 -0.000000
v 0.057891 0.007837 -0.000000
v 0.057931 0.010128 -0.000000
v 0.057973 0.009021 0.001142
v 0.057958 0.011737 -0.000000
v 0.057958 0.011737 -0.000000
v 0.057856 0.005005 0.000340
v 0.057845 0.005173 -0.000000
v 0.057855 0.005704 -0.000000
v 0.057973 0.006438 0.002890
v 0.057935 0.003349 0.004179
v 0.057928 0.003546 0.003646
v 0.057925 0.003650 0.003365
v 0.057871 0.004702 0.001018
v 0.057989 0.001448 0.010007
v 0.057974 0.002141 0.007645
v 0.057795 0.008293 0.012967
v 0.057972 0.002207 0.007419
v 0.057972 0.002211 0.007406
v 0.057997 0.000709 0.013381
v 0.058000 0.000182 0.017218
v 0.058000 0.000237 0.016598
v 0.057795 0.005784 0.017983
v 0.057999 0.000316 0.016055
v 0.057998 0.000625 0.013954
v 0.058000 -0.000082 0.020442
v 0.058000 -0.000081 0.020402
v 0.057795 0.005104 0.020773
v 0.058000 -0.000072 0.020105
v 0.057927 0.002876 0.034941
v 0.057995 -0.000703 0.033285
v 0.057999 -0.000258 0.026178
v 0.057795 0.004835 0.026704
v 0.057999 -0.000215 0.024771
v 0.058000 -0.000181 0.023656
v 0.056836 0.011310 0.038844
v 0.057126 0.009925 0.038203
v 0.056862 0.011310 0.030638
v 0.057636 0.006419 0.036581
v 0.057768 0.004816 0.035839
v 0.056400 0.013389 0.039806
v 0.055186 0.017647 0.034490
v 0.055459 0.016810 0.041389
v 0.052775 0.023801 0.044624
v 0.053027 0.023278 0.044382
v 0.052789 0.023766 0.038213
v 0.054371 0.020000 0.042865
v 0.055167 0.017665 0.041785
v 0.051494 0.026453 0.045851
v 0.049702 0.029592 0.041763
v 0.049774 0.029523 0.047272
v 0.045966 0.035051 0.045094
v 0.047872 0.032485 0.048643
v 0.049698 0.029641 0.047326
v 0.041629 0.040072 0.048165
v 0.041611 0.040115 0.052173
v 0.043241 0.038393 0.051376
v 0.043521 0.038078 0.051230
v 0.045787 0.035338 0.049963
v 0.045959 0.035103 0.049854
v 0.036748 0.044589 0.050935
v 0.038314 0.043301 0.053647
v 0.040843 0.040926 0.052548
v 0.031388 0.048542 0.053365
v 0.032905 0.047556 0.055616
v 0.034124 0.046640 0.052195
v 0.035657 0.045519 0.054674
v 0.036730 0.044623 0.054259
v 0.025607 0.051875 0.057615
v 0.026424 0.051479 0.057431
v 0.025617 0.051883 0.057362
v 0.026942 0.051206 0.057305
v 0.028549 0.050312 0.056726
v 0.029970 0.049475 0.056504
v 0.031388 0.048577 0.056027
v 0.031371 0.048560 0.056080
v 0.032875 0.047578 0.055626
v 0.023333 0.052975 0.058123
v 0.022601 0.053287 0.057931
v 0.020162 0.054285 0.058729
v 0.019511 0.054515 0.058431
v 0.019506 0.054514 0.058836
v 0.017314 0.055279 0.059190
v 0.016358 0.055565 0.058860
v 0.014054 0.056218 0.059624
v 0.013151 0.056432 0.059216
v 0.013145 0.056422 0.059719
v 0.010748 0.056961 0.059968
v 0.009901 0.057112 0.059496
v 0.009899 0.057110 0.060037
v 0.006619 0.057600 0.059698
v 0.006615 0.057581 0.060255
v 0.008910 0.057285 0.060118
v 0.000000 0.057992 0.060445
v 0.002178 0.057950 0.060425
v 0.003315 0.057895 0.059820
v 0.003313 0.057872 0.060389
v 0.005552 0.057718 0.060318
v 0.000000 0.057994 0.059862
v -0.003315 0.057895 0.059820
v -0.003315 0.057889 0.060398
v -0.003495 0.057883 0.060395
v -0.006619 0.057600 0.059698
v -0.006618 0.057595 0.060261
v -0.006898 0.057569 0.060249
v -0.009901 0.057112 0.059496
v -0.009899 0.057108 0.060036
v -0.010259 0.057053 0.060011
v -0.013151 0.056432 0.059216
v -0.013148 0.056430 0.059723
v -0.013583 0.056337 0.059679
v -0.019512 0.054515 0.058431
v -0.019501 0.054505 0.058832
v -0.017313 0.055280 0.059190
v -0.026983 0.051184 0.057295
v -0.025603 0.051870 0.057612
v -0.025617 0.051883 0.057362
v -0.023852 0.052739 0.058014
v -0.022601 0.053287 0.057931
v -0.022589 0.053274 0.058262
v -0.020630 0.054105 0.058646
v -0.031371 0.048559 0.056080
v -0.030018 0.049445 0.056490
v -0.031388 0.048542 0.053365
v -0.028549 0.050289 0.054442
v -0.034124 0.046640 0.052195
v -0.033727 0.046974 0.055347
v -0.032951 0.047525 0.055602
v -0.039253 0.042397 0.049590
v -0.036744 0.044635 0.054265
v -0.036748 0.044589 0.050935
v -0.036576 0.044781 0.054332
v -0.034115 0.046675 0.055209
v -0.041629 0.040072 0.048165
v -0.041624 0.040124 0.052177
v -0.039271 0.042436 0.053247
v -0.041808 0.039943 0.052093
v -0.043869 0.037620 0.046665
v -0.043859 0.037670 0.051042
v -0.044190 0.037303 0.050872
v -0.045966 0.035051 0.045094
v -0.045945 0.035094 0.049850
v -0.046579 0.034296 0.049480
v -0.047912 0.032372 0.043458
v -0.047890 0.032414 0.048609
v -0.048647 0.031325 0.048106
v -0.049702 0.029592 0.041762
v -0.049677 0.029631 0.047322
v -0.050513 0.028258 0.046686
v -0.051329 0.026720 0.040012
v -0.051304 0.026756 0.045991
v -0.052177 0.025098 0.045224
v -0.052789 0.023766 0.038213
v -0.052764 0.023797 0.044622
v -0.053640 0.021853 0.043722
v -0.054076 0.020738 0.036370
v -0.054053 0.020764 0.043219
v -0.054900 0.018524 0.042182
v -0.055186 0.017647 0.034490
v -0.055181 0.017669 0.041787
v -0.055375 0.017079 0.041514
v -0.056116 0.014500 0.032577
v -0.056094 0.014510 0.040325
v -0.056345 0.013617 0.039911
v -0.056862 0.011310 0.030638
v -0.056837 0.011310 0.038844
v -0.057090 0.010125 0.038296
v -0.057422 0.008085 0.028678
v -0.057395 0.008076 0.037347
v -0.057614 0.006607 0.036668
v -0.057795 0.004835 0.026704
v -0.057768 0.004816 0.035839
v -0.057917 0.003068 0.035030
v -0.057949 0.001542 0.034324
v -0.057995 -0.000703 0.033285
v 0.057795 0.014420 0.007368
v 0.056862 0.022015 0.012465
v 0.055186 0.029071 0.018005
v 0.056862 0.024427 0.011728
v 0.052789 0.035471 0.023797
v 0.055186 0.031296 0.017686
v 0.056862 0.026977 0.011360
v 0.049702 0.041119 0.029591
v 0.052789 0.037450 0.023766
v 0.055186 0.033601 0.017648
v 0.056862 0.029620 0.011314
v 0.036748 0.050600 0.044591
v 0.041629 0.047737 0.040072
v -0.057795 0.016957 0.006151
v -0.057795 0.014420 0.007368
v -0.057422 0.019496 0.009320
v -0.057422 0.017106 0.010465
v -0.056862 0.022015 0.012465
v -0.056862 0.019772 0.013539
v -0.056116 0.024509 0.015577
v -0.056116 0.022410 0.016581
v -0.055186 0.026968 0.018646
v -0.055186 0.025013 0.019581
v -0.054076 0.029387 0.021662
v -0.054076 0.027571 0.022530
v -0.052789 0.031756 0.024618
v -0.052789 0.030078 0.025419
v -0.051329 0.034070 0.027503
v -0.051329 0.032525 0.028240
v -0.049702 0.036320 0.030308
v -0.049702 0.034906 0.030983
v -0.047912 0.038500 0.033025
v -0.047912 0.037213 0.033639
v -0.045966 0.040604 0.035644
v -0.045966 0.039438 0.036201
v -0.043869 0.042623 0.038159
v -0.043869 0.041574 0.038661
v -0.041629 0.044552 0.040559
v -0.041629 0.043614 0.041009
v -0.039253 0.046384 0.042838
v -0.039253 0.045551 0.043238
v -0.036748 0.048113 0.044987
v -0.036748 0.047380 0.045342
v -0.034124 0.049093 0.047311
v -0.057795 0.022567 0.004896
v -0.057795 0.019683 0.005316
v -0.057422 0.024780 0.008140
v -0.057422 0.022064 0.008534
v -0.056862 0.026977 0.011360
v -0.056862 0.024427 0.011728
v -0.056116 0.029151 0.014545
v -0.056116 0.026765 0.014889
v -0.055186 0.031296 0.017686
v -0.055186 0.029071 0.018005
v -0.054076 0.033404 0.020773
v -0.054076 0.031339 0.021069
v -0.052789 0.035471 0.023797
v -0.052789 0.033561 0.024069
v -0.051329 0.037488 0.026748
v -0.051329 0.035731 0.026998
v -0.049702 0.039450 0.029617
v -0.049702 0.037841 0.029846
v -0.047912 0.041352 0.032394
v -0.047912 0.039886 0.032604
v -0.045966 0.043186 0.035072
v -0.045966 0.041858 0.035263
v -0.043869 0.044947 0.037641
v -0.043869 0.043752 0.037814
v -0.041629 0.046629 0.040093
v -0.041629 0.045561 0.040250
v -0.039253 0.048227 0.042420
v -0.039253 0.047279 0.042561
v -0.036748 0.049735 0.044614
v -0.036748 0.048901 0.044742
v -0.034124 0.050420 0.046783
v -0.057795 0.025553 0.004840
v -0.057422 0.027594 0.008089
v -0.056862 0.029620 0.011313
v -0.056116 0.031624 0.014503
v -0.055186 0.033601 0.017648
v -0.054076 0.035545 0.020739
v -0.052789 0.037450 0.023766
v -0.051329 0.039310 0.026720
v -0.049702 0.041119 0.029591
v -0.047912 0.042872 0.032371
v -0.045966 0.044563 0.035050
v -0.043869 0.046186 0.037620
v -0.041629 0.047737 0.040072
v -0.039253 0.049210 0.042399
v -0.036748 0.050600 0.044591
v -0.034124 0.051903 0.046643
v -0.031388 0.053113 0.048547
v -0.028549 0.054225 0.050294
v -0.025617 0.055237 0.051881
v -0.022601 0.056143 0.053299
v -0.019512 0.056939 0.054544
v -0.016358 0.057622 0.055609
v -0.013151 0.058188 0.056490
v -0.009901 0.058633 0.057182
v -0.006619 0.058955 0.057680
v -0.003315 0.059150 0.057982
v 0.000000 0.059216 0.058084
v 0.003315 0.059150 0.057982
v 0.006619 0.058955 0.057680
v 0.009901 0.058633 0.057182
v 0.013151 0.058188 0.056490
v 0.016358 0.057622 0.055609
v 0.019511 0.056939 0.054544
v 0.022601 0.056143 0.053299
v 0.025617 0.055237 0.051881
v 0.028549 0.054226 0.050294
v 0.031388 0.053113 0.048547
v 0.034124 0.051903 0.046643
v -0.057795 0.004852 0.023707
v -0.057422 0.008099 0.025855
v -0.056862 0.011322 0.027986
v -0.056116 0.014510 0.030096
v -0.055186 0.017654 0.032176
v -0.054076 0.020744 0.034222
v -0.052789 0.023770 0.036226
v -0.051329 0.026723 0.038184
v -0.049702 0.029594 0.040087
v -0.047912 0.032373 0.041932
v -0.045966 0.035053 0.043712
v -0.043869 0.037623 0.045420
v -0.041629 0.040076 0.047052
v -0.058000 0.000220 0.016749
v -0.057979 0.001858 0.018446
v -0.057795 0.005783 0.017983
v -0.057795 0.005104 0.020773
v -0.057422 0.008974 0.020462
v -0.057422 0.008335 0.023091
v -0.056862 0.012141 0.022923
v -0.056862 0.011542 0.025391
v -0.056116 0.015274 0.025358
v -0.056116 0.014714 0.027667
v -0.055186 0.018364 0.027760
v -0.055186 0.017843 0.029912
v -0.054076 0.021401 0.030121
v -0.054076 0.020918 0.032120
v -0.052789 0.024376 0.032435
v -0.052789 0.023931 0.034283
v -0.051329 0.027280 0.034695
v -0.051329 0.026871 0.036395
v -0.049702 0.030104 0.036892
v -0.049702 0.029730 0.038450
v -0.047912 0.032839 0.039022
v -0.047912 0.032498 0.040440
v -0.045966 0.035476 0.041075
v -0.045966 0.035166 0.042360
v -0.043869 0.038007 0.043048
v -0.043869 0.037727 0.044203
v -0.041629 0.040423 0.044931
v -0.041629 0.040171 0.045964
v -0.039253 0.042717 0.046721
v -0.039253 0.042491 0.047637
v -0.036748 0.044880 0.048409
v -0.036748 0.044678 0.049216
v -0.034124 0.046726 0.050695
v -0.057795 0.008293 0.012967
v -0.057795 0.006858 0.015369
v -0.057422 0.011336 0.015737
v -0.057422 0.009985 0.018000
v -0.056862 0.014356 0.018487
v -0.056862 0.013089 0.020611
v -0.056116 0.017345 0.021208
v -0.056116 0.016160 0.023195
v -0.055186 0.020292 0.023892
v -0.055186 0.019189 0.025744
v -0.054076 0.023190 0.026531
v -0.054076 0.022166 0.028250
v -0.052789 0.026029 0.029117
v -0.052789 0.025083 0.030706
v -0.051329 0.028801 0.031641
v -0.051329 0.027930 0.033103
v -0.049702 0.031496 0.034097
v -0.049702 0.030700 0.035435
v -0.047912 0.034107 0.036475
v -0.047912 0.033382 0.037695
v -0.045966 0.036625 0.038770
v -0.045966 0.035968 0.039874
v -0.043869 0.039042 0.040973
v -0.043869 0.038450 0.041966
v -0.041629 0.041351 0.043077
v -0.041629 0.040820 0.043965
v -0.039253 0.043542 0.045075
v -0.039253 0.043071 0.045863
v -0.036748 0.045610 0.046960
v -0.036748 0.045193 0.047654
v -0.034124 0.047181 0.049332
v -0.057979 0.009275 0.005913
v -0.057979 0.007101 0.007901
v -0.057795 0.012108 0.008932
v -0.057795 0.010054 0.010810
v -0.057422 0.014928 0.011938
v -0.057422 0.012994 0.013706
v -0.056862 0.017728 0.014921
v -0.056862 0.015913 0.016581
v -0.056116 0.020498 0.017873
v -0.056116 0.018800 0.019425
v -0.055186 0.023231 0.020785
v -0.055186 0.021648 0.022230
v -0.054076 0.025917 0.023647
v -0.054076 0.024449 0.024989
v -0.052789 0.028549 0.026451
v -0.052789 0.027192 0.027691
v -0.051329 0.031119 0.029189
v -0.051329 0.029870 0.030330
v -0.049702 0.033618 0.031851
v -0.049702 0.032475 0.032896
v -0.047912 0.036040 0.034431
v -0.047912 0.034999 0.035382
v -0.045966 0.038376 0.036918
v -0.045966 0.037433 0.037779
v -0.043869 0.040618 0.039306
v -0.043869 0.039769 0.040081
v -0.041629 0.042759 0.041586
v -0.041629 0.042001 0.042280
v -0.039253 0.044793 0.043752
v -0.039253 0.044120 0.044368
v -0.036748 0.046712 0.045795
v -0.036748 0.046119 0.046338
v -0.034124 0.047992 0.048183
v 0.049702 0.029730 0.038450
v 0.049702 0.029594 0.040087
v 0.052789 0.023931 0.034283
v 0.052789 0.023770 0.036226
v 0.055186 0.017843 0.029912
v 0.055186 0.017654 0.032176
v 0.056862 0.011542 0.025391
v 0.056862 0.011322 0.027986
v 0.057795 0.004852 0.023707
v 0.057795 0.012108 0.008932
v 0.045966 0.044563 0.035050
v 0.045966 0.043186 0.035072
v 0.049702 0.039451 0.029617
v 0.049702 0.037841 0.029846
v 0.052789 0.033561 0.024069
v 0.052789 0.031756 0.024618
v 0.055186 0.026968 0.018646
v 0.055186 0.025013 0.019581
v 0.056862 0.019772 0.013539
v 0.055186 0.023231 0.020785
v 0.056862 0.017728 0.014921
v 0.049702 0.036320 0.030308
v 0.049702 0.034907 0.030983
v 0.052789 0.030078 0.025419
v 0.049702 0.033618 0.031851
v 0.052789 0.028549 0.026451
v -0.031388 0.051831 0.048677
v -0.028549 0.053129 0.050418
v -0.025617 0.054309 0.051998
v -0.022601 0.055365 0.053412
v -0.019512 0.056294 0.054654
v -0.016358 0.057090 0.055718
v -0.013151 0.057750 0.056598
v -0.009901 0.058270 0.057290
v -0.006619 0.058645 0.057789
v -0.003315 0.058872 0.058092
v 0.000000 0.058949 0.058193
v 0.003315 0.058873 0.058092
v 0.006619 0.058645 0.057789
v 0.009901 0.058270 0.057290
v 0.013151 0.057751 0.056598
v 0.016358 0.057090 0.055718
v 0.019511 0.056294 0.054654
v 0.022601 0.055365 0.053412
v 0.025617 0.054309 0.051998
v 0.028549 0.053129 0.050418
v 0.031388 0.051831 0.048677
v 0.034124 0.050420 0.046783
v 0.036748 0.048901 0.044742
v 0.049702 0.032475 0.032896
v 0.049702 0.031496 0.034097
v 0.052789 0.027192 0.027691
v 0.052789 0.026029 0.029117
v 0.055186 0.021649 0.022231
v 0.055186 0.020292 0.023893
v 0.056862 0.015913 0.016581
v 0.056862 0.014356 0.018487
v 0.057795 0.010054 0.010810
v 0.057973 0.004144 0.004988
v 0.057968 0.002421 0.006689
v 0.056862 0.012141 0.022923
v 0.056862 0.013089 0.020611
v 0.055186 0.018364 0.027760
v 0.055186 0.019189 0.025744
v 0.052789 0.024376 0.032435
v 0.052789 0.025083 0.030706
v 0.049702 0.030104 0.036893
v 0.049702 0.030700 0.035435
v 0.045966 0.035476 0.041075
v 0.045966 0.035968 0.039874
v 0.041629 0.040820 0.043965
v -0.031388 0.048626 0.052069
v -0.028549 0.050372 0.053332
v -0.025617 0.051957 0.054481
v -0.025617 0.051874 0.055420
v -0.022601 0.053376 0.055509
v -0.022601 0.053291 0.056297
v -0.019512 0.054621 0.056413
v -0.019512 0.054534 0.057067
v -0.016358 0.055687 0.057189
v -0.016358 0.055598 0.057728
v -0.013151 0.056570 0.057831
v -0.013151 0.056477 0.058275
v -0.009901 0.057264 0.058337
v -0.009901 0.057168 0.058706
v -0.006619 0.057764 0.058702
v -0.006619 0.057666 0.059017
v -0.003315 0.058067 0.058924
v -0.003315 0.057967 0.059206
v 0.000000 0.058169 0.058999
v 0.000000 0.058068 0.059269
v 0.003315 0.058067 0.058924
v 0.003315 0.057967 0.059206
v 0.006619 0.057764 0.058702
v 0.006619 0.057666 0.059017
v 0.009901 0.057264 0.058337
v 0.009901 0.057168 0.058706
v 0.013151 0.056570 0.057831
v 0.013151 0.056477 0.058275
v 0.016358 0.055687 0.057189
v 0.016358 0.055598 0.057728
v 0.019511 0.054621 0.056414
v 0.019511 0.054534 0.057067
v 0.022601 0.053376 0.055509
v 0.022601 0.053291 0.056297
v 0.025617 0.051957 0.054481
v 0.025617 0.051874 0.055420
v 0.028549 0.050372 0.053332
v 0.028549 0.050289 0.054442
v 0.031388 0.048626 0.052069
v 0.034124 0.046726 0.050695
v 0.036748 0.044678 0.049216
v -0.057965 0.002508 0.006430
v -0.031388 0.049731 0.049896
v -0.031388 0.049027 0.050891
v -0.028549 0.051330 0.051472
v -0.028549 0.050723 0.052325
v -0.025617 0.052783 0.052904
v -0.025617 0.052264 0.053627
v -0.022601 0.054084 0.054187
v -0.022601 0.053644 0.054794
v -0.019512 0.055228 0.055313
v -0.019512 0.054855 0.055820
v -0.016358 0.056208 0.056279
v -0.016358 0.055893 0.056699
v -0.013151 0.057020 0.057079
v -0.013151 0.056753 0.057428
v -0.009901 0.057659 0.057709
v -0.009901 0.057430 0.058001
v -0.006619 0.058120 0.058164
v -0.006619 0.057917 0.058416
v -0.003315 0.058399 0.058439
v -0.003315 0.058213 0.058667
v 0.000000 0.058493 0.058532
v 0.000000 0.058313 0.058751
v 0.003315 0.058399 0.058439
v 0.003315 0.058213 0.058667
v 0.006619 0.058120 0.058164
v 0.006619 0.057918 0.058416
v 0.009901 0.057659 0.057709
v 0.009901 0.057430 0.058001
v 0.013151 0.057020 0.057079
v 0.013151 0.056753 0.057428
v 0.016358 0.056208 0.056279
v 0.016358 0.055893 0.056699
v 0.019511 0.055228 0.055313
v 0.019511 0.054855 0.055820
v 0.022601 0.054084 0.054187
v 0.022601 0.053644 0.054794
v 0.025617 0.052783 0.052904
v 0.025617 0.052264 0.053627
v 0.028549 0.051330 0.051472
v 0.028549 0.050723 0.052325
v 0.031388 0.049731 0.049896
v 0.031388 0.049027 0.050891
v 0.034124 0.047992 0.048183
v 0.034124 0.047181 0.049332
v 0.036748 0.046119 0.046338
v 0.036748 0.045193 0.047654
v -0.031388 0.050684 0.049140
v -0.028549 0.052148 0.050821
v -0.025617 0.053478 0.052349
v -0.022601 0.054669 0.053716
v -0.019512 0.055715 0.054917
v -0.016358 0.056613 0.055946
v -0.013151 0.057357 0.056798
v -0.009901 0.057942 0.057469
v -0.006619 0.058364 0.057953
v -0.003315 0.058621 0.058246
v 0.000000 0.058707 0.058345
v 0.003315 0.058621 0.058246
v 0.006619 0.058364 0.057953
v 0.009901 0.057942 0.057469
v 0.013151 0.057357 0.056798
v 0.016358 0.056613 0.055946
v 0.019511 0.055715 0.054917
v 0.022601 0.054669 0.053716
v 0.025617 0.053478 0.052349
v 0.028549 0.052148 0.050821
v 0.031388 0.050684 0.049140
v 0.034124 0.049093 0.047311
v 0.036748 0.047380 0.045342
v -0.028533 0.050296 0.056884
v 0.013151 0.056655 -0.057614
v 0.013151 0.056566 -0.057844
v 0.009901 0.057260 -0.058347
v -0.057979 0.003214 -0.013809
v -0.057979 0.003924 -0.012326
v -0.057795 0.007053 -0.014990
v -0.056116 0.014508 -0.038720
v -0.056862 0.011310 -0.037201
v -0.056862 0.011308 -0.031337
v -0.009901 0.057342 -0.058157
v -0.009901 0.057260 -0.058347
v -0.013151 0.056566 -0.057844
v 0.013151 0.058413 -0.056462
v 0.013151 0.058931 -0.056434
v 0.016358 0.058518 -0.055564
v 0.009901 0.059256 -0.057117
v 0.009901 0.058213 -0.057315
v 0.009901 0.058407 -0.057240
v 0.013151 0.057915 -0.056545
v 0.016358 0.056496 -0.056026
v 0.016358 0.056275 -0.056213
v 0.013151 0.057075 -0.057024
v 0.022601 0.054856 -0.053612
v 0.019511 0.055871 -0.054828
v 0.019511 0.056193 -0.054687
v 0.022601 0.055244 -0.053450
v 0.025617 0.054164 -0.052040
v 0.025617 0.053701 -0.052227
v 0.036748 0.051457 -0.044590
v 0.036748 0.049543 -0.044632
v 0.034124 0.050980 -0.046684
v 0.041629 0.043144 -0.041304
v 0.041629 0.042262 -0.042019
v 0.036748 0.046323 -0.046133
v 0.041629 0.045222 -0.040336
v 0.041629 0.044136 -0.040738
v 0.036748 0.047788 -0.045128
v 0.052789 0.037208 -0.023767
v 0.052789 0.039403 -0.023769
v 0.055186 0.035875 -0.017647
v 0.057795 0.018767 -0.005547
v 0.057795 0.015833 -0.006634
v 0.056862 0.021022 -0.012891
v 0.057973 0.007601 -0.002035
v 0.057972 0.002208 -0.007439
v 0.057973 0.002646 -0.006754
v 0.057966 0.002463 -0.006579
v 0.058000 -0.000074 -0.020153
v 0.058000 -0.000098 -0.020955
v 0.057795 0.004849 -0.024185
v 0.057966 -0.001979 -0.058956
v 0.057958 -0.002202 -0.059900
v 0.057960 -0.001758 -0.059900
v 0.046390 0.034787 -0.059900
v 0.045952 0.035334 -0.059900
v 0.045966 0.035084 -0.048526
v 0.032135 0.048240 -0.059900
v 0.031377 0.048711 -0.059900
v 0.031388 0.048551 -0.055006
v 0.028549 0.050290 -0.055849
v 0.013907 0.056264 -0.059900
v 0.013147 0.056429 -0.059900
v 0.013151 0.056436 -0.058852
v -0.007951 0.057425 -0.059900
v -0.009897 0.057089 -0.059900
v -0.009901 0.057119 -0.059189
v -0.054246 0.020514 -0.059900
v -0.055167 0.017830 -0.059900
v -0.055186 0.017661 -0.040218
v -0.058000 -0.000091 -0.020714
v -0.058000 -0.000005 -0.019189
v -0.057979 0.001639 -0.020317
v -0.057997 0.000627 -0.014006
v -0.057997 0.000664 -0.013793
v -0.057979 0.002624 -0.015355
v -0.057904 0.004109 -0.002278
v -0.057879 0.004568 -0.001296
v -0.057973 0.006222 -0.003063
v -0.057979 0.014740 -0.002842
v -0.057979 0.017958 -0.001945
v -0.057979 0.023118 -0.001580
v -0.057979 0.026619 -0.001561
v -0.034124 0.054346 -0.046662
v -0.036748 0.053396 -0.044618
v 0.052789 0.043803 -0.023798
v 0.057795 0.035124 -0.004818
v 0.056862 0.038091 -0.011312
v 0.055186 0.040995 -0.017666
v 0.049702 0.046480 -0.029631
v 0.045966 0.048992 -0.035092
v 0.041629 0.051307 -0.040110
v 0.036748 0.053396 -0.044618
v 0.034124 0.054346 -0.046662
v 0.031388 0.055229 -0.048556
v 0.028549 0.056041 -0.050294
v 0.025617 0.056778 -0.051870
v 0.022601 0.057439 -0.053277
v 0.019511 0.058020 -0.054510
v 0.003315 0.059633 -0.057905
v 0.006619 0.059491 -0.057608
v 0.000000 0.059681 -0.058005
v -0.006619 0.059491 -0.057608
v -0.003315 0.059633 -0.057905
v -0.009901 0.059256 -0.057117
v -0.013151 0.058931 -0.056434
v -0.016358 0.058518 -0.055564
v -0.019512 0.058020 -0.054510
v -0.022601 0.057439 -0.053277
v -0.025617 0.056778 -0.051870
v -0.028549 0.056041 -0.050294
v -0.031388 0.055229 -0.048556
v -0.039253 0.052382 -0.042432
v -0.041629 0.051307 -0.040110
v -0.043869 0.050176 -0.037661
v -0.045966 0.048992 -0.035092
v -0.047912 0.047758 -0.032413
v -0.049702 0.046480 -0.029632
v -0.051329 0.045160 -0.026757
v -0.052789 0.043803 -0.023798
v -0.054076 0.042413 -0.020764
v -0.055186 0.040995 -0.017666
v -0.056116 0.039553 -0.014512
v -0.056862 0.038091 -0.011312
v -0.057422 0.036613 -0.008078
v -0.057795 0.035124 -0.004818
v -0.057979 0.033629 -0.001543
v -0.057979 0.019643 -0.001698
v -0.057979 0.013217 -0.003479
v -0.057973 0.010598 -0.000320
v -0.057973 0.009062 -0.001118
v -0.057973 0.007601 -0.002035
v -0.057979 0.007849 -0.007151
v -0.057973 0.003738 -0.005429
v -0.057973 0.004933 -0.004197
v -0.057937 0.003273 -0.004392
v -0.057916 0.003810 -0.003034
v -0.057965 0.002485 -0.006577
v -0.057956 0.002796 -0.005598
v -0.057944 0.003112 -0.004798
v -0.057795 0.008713 -0.012391
v -0.057979 0.004749 -0.010912
v -0.057979 0.005682 -0.009575
v -0.057971 0.002207 -0.007450
v -0.057973 0.002645 -0.006755
v -0.057988 0.001434 -0.010173
v -0.057984 0.001697 -0.009096
v -0.057983 0.001740 -0.008918
v -0.057979 0.001913 -0.008373
v -0.057999 0.000375 -0.015479
v -0.058000 0.000009 -0.018937
v -0.057979 0.001831 -0.018616
v -0.058000 0.000173 -0.017391
v -0.057999 0.000361 -0.015610
v -0.058000 -0.000099 -0.020956
v -0.057979 0.001586 -0.022056
v -0.058000 -0.000190 -0.023881
v -0.057979 0.001565 -0.025557
v -0.057999 -0.000209 -0.024503
v -0.057979 0.001544 -0.032566
v -0.057998 -0.000437 -0.029069
v -0.057999 -0.000271 -0.026469
v -0.057980 -0.001507 -0.050035
v -0.057980 -0.001501 -0.049814
v -0.057975 0.001556 -0.059900
v -0.057986 -0.001278 -0.042233
v -0.057989 -0.001099 -0.039431
v -0.057995 -0.000734 -0.033709
v -0.057996 -0.000596 -0.031549
v -0.057969 -0.001896 -0.058442
v -0.057961 -0.001758 -0.059900
v -0.057966 -0.001988 -0.058880
v -0.057958 -0.002202 -0.059900
v -0.057971 -0.001820 -0.057601
v -0.057973 -0.001757 -0.056892
v -0.057982 0.001428 -0.059900
v -0.057976 -0.001673 -0.055966
v -0.057977 -0.001646 -0.055009
v -0.057781 0.005026 -0.059900
v -0.057790 0.004866 -0.059900
v -0.057795 0.004818 -0.034119
v -0.057422 0.008076 -0.035666
v -0.057411 0.008158 -0.059900
v -0.056719 0.012115 -0.059900
v -0.056845 0.011423 -0.059900
v -0.057359 0.008590 -0.059900
v -0.055424 0.017082 -0.059900
v -0.055860 0.015600 -0.059900
v -0.056094 0.014650 -0.059900
v -0.054064 0.020953 -0.059900
v -0.054076 0.020758 -0.041692
v -0.052866 0.023842 -0.059900
v -0.052789 0.023791 -0.043135
v -0.052784 0.024010 -0.059900
v -0.051329 0.026750 -0.044545
v -0.051327 0.026986 -0.059900
v -0.051289 0.027063 -0.059900
v -0.049702 0.029624 -0.045916
v -0.049694 0.029869 -0.059900
v -0.049518 0.030177 -0.059900
v -0.047912 0.032405 -0.047244
v -0.047899 0.032654 -0.059900
v -0.045966 0.035084 -0.048526
v -0.046649 0.034439 -0.059900
v -0.047556 0.033179 -0.059900
v -0.043869 0.037653 -0.049756
v -0.044400 0.037289 -0.059900
v -0.045947 0.035329 -0.059900
v -0.041629 0.040102 -0.050932
v -0.041995 0.039973 -0.059900
v -0.043855 0.037897 -0.059900
v -0.033883 0.047032 -0.059900
v -0.034119 0.046851 -0.059900
v -0.034124 0.046656 -0.054089
v -0.036733 0.044846 -0.059900
v -0.036748 0.044611 -0.053102
v -0.039248 0.042657 -0.059900
v -0.039253 0.042424 -0.052048
v -0.039439 0.042492 -0.059900
v -0.041619 0.040343 -0.059900
v -0.032633 0.047906 -0.059900
v -0.031388 0.048551 -0.055006
v -0.031373 0.048705 -0.059900
v -0.029561 0.049855 -0.059900
v -0.028549 0.050290 -0.055849
v -0.028537 0.050419 -0.059900
v -0.026394 0.051598 -0.059900
v -0.025617 0.051867 -0.056616
v -0.025608 0.051969 -0.059900
v -0.023137 0.053136 -0.059900
v -0.022601 0.053275 -0.057302
v -0.022596 0.053352 -0.059900
v -0.019792 0.054469 -0.059900
v -0.019512 0.054509 -0.057905
v -0.019509 0.054562 -0.059900
v -0.016358 0.055564 -0.058423
v -0.016359 0.055598 -0.059900
v -0.013151 0.056436 -0.058852
v -0.011452 0.056820 -0.059900
v -0.013145 0.056421 -0.059900
v -0.014938 0.055998 -0.059900
v -0.006616 0.057573 -0.059900
v -0.006619 0.057612 -0.059433
v -0.004446 0.057814 -0.059900
v -0.003315 0.057909 -0.059581
v -0.003314 0.057869 -0.059900
v -0.000940 0.057984 -0.059900
v 0.000000 0.058009 -0.059631
v 0.000000 0.057993 -0.059900
v 0.003187 0.057900 -0.059900
v 0.003315 0.057909 -0.059581
v 0.003314 0.057889 -0.059900
v 0.006619 0.057612 -0.059433
v 0.006618 0.057593 -0.059900
v 0.009901 0.057119 -0.059189
v 0.010364 0.057031 -0.059900
v 0.009899 0.057102 -0.059900
v 0.006783 0.057578 -0.059900
v 0.015834 0.055750 -0.059900
v 0.016358 0.055564 -0.058423
v 0.016353 0.055585 -0.059900
v 0.019299 0.054646 -0.059900
v 0.019511 0.054509 -0.057905
v 0.019509 0.054564 -0.059900
v 0.022664 0.053339 -0.059900
v 0.022601 0.053275 -0.057302
v 0.025613 0.051979 -0.059900
v 0.025617 0.051867 -0.056616
v 0.025927 0.051834 -0.059900
v 0.029085 0.050134 -0.059900
v 0.036748 0.044611 -0.053102
v 0.036430 0.045092 -0.059900
v 0.033533 0.047281 -0.059900
v 0.041629 0.040102 -0.050932
v 0.039164 0.042744 -0.059900
v 0.036741 0.044825 -0.059900
v 0.044146 0.037589 -0.059900
v 0.041736 0.040243 -0.059900
v 0.041626 0.040350 -0.059900
v 0.049702 0.029624 -0.045916
v 0.049376 0.030409 -0.059900
v 0.047375 0.033436 -0.059900
v 0.052789 0.023791 -0.043135
v 0.051172 0.027285 -0.059900
v 0.049688 0.029866 -0.059900
v 0.055333 0.017376 -0.059900
v 0.055174 0.017832 -0.059900
v 0.055186 0.017661 -0.040218
v 0.054150 0.020766 -0.059900
v 0.052763 0.024069 -0.059900
v 0.056862 0.011310 -0.037201
v 0.056664 0.012370 -0.059900
v 0.055779 0.015885 -0.059900
v 0.057784 0.004865 -0.059900
v 0.057760 0.005268 -0.059900
v 0.057795 0.004818 -0.034119
v 0.057323 0.008830 -0.059900
v 0.056840 0.011422 -0.059900
v 0.057998 -0.000453 -0.029377
v 0.057997 -0.000581 -0.031557
v 0.057997 -0.000597 -0.031841
v 0.057991 -0.000956 -0.037104
v 0.057987 -0.001205 -0.040764
v 0.057984 -0.001345 -0.044839
v 0.057981 -0.001486 -0.048946
v 0.057979 -0.001565 -0.052585
v 0.057968 -0.001906 -0.058375
v 0.057978 -0.001603 -0.054331
v 0.057974 -0.001718 -0.056455
v 0.057975 0.001690 -0.059900
v 0.057973 -0.001757 -0.057172
v 0.057973 -0.001758 -0.057201
v 0.058000 -0.000118 -0.021637
v 0.058000 -0.000202 -0.024507
v 0.057795 0.004831 -0.027494
v 0.057999 -0.000237 -0.025691
v 0.058000 0.000219 -0.016763
v 0.058000 0.000164 -0.017399
v 0.057795 0.005078 -0.020934
v 0.058000 0.000131 -0.017773
v 0.057989 0.001415 -0.010178
v 0.057989 0.001409 -0.010204
v 0.057795 0.005826 -0.017853
v 0.057997 0.000726 -0.013288
v 0.057998 0.000651 -0.013796
v 0.057998 0.000630 -0.013944
v 0.057795 0.008714 -0.012391
v 0.057973 0.004933 -0.004197
v 0.057918 0.003791 -0.003035
v 0.057919 0.003781 -0.003057
v 0.057921 0.003734 -0.003160
v 0.057965 0.002506 -0.006435
v 0.057966 0.002465 -0.006572
v 0.057973 0.010598 -0.000320
v 0.057795 0.021904 -0.004953
v 0.057795 0.025189 -0.004843
v 0.057795 0.028498 -0.004828
v 0.056862 0.023616 -0.011932
v 0.055186 0.026102 -0.019016
v 0.056862 0.026391 -0.011409
v 0.055186 0.028364 -0.018182
v 0.052789 0.031013 -0.024936
v 0.045966 0.037757 -0.037455
v 0.049702 0.034198 -0.031427
v 0.049702 0.032869 -0.032502
v 0.052789 0.029237 -0.025946
v 0.052789 0.027659 -0.027223
v 0.055186 0.024033 -0.020196
v 0.055186 0.022192 -0.021685
v 0.056862 0.018648 -0.014245
v 0.056862 0.016537 -0.015955
v 0.057795 0.013149 -0.008167
v 0.057795 0.010761 -0.010101
v 0.056862 0.029297 -0.011315
v 0.055186 0.030785 -0.017729
v 0.052789 0.032954 -0.024221
v 0.049702 0.035694 -0.030575
v 0.045966 0.038854 -0.036567
v 0.045966 0.040087 -0.035865
v 0.049702 0.037330 -0.029974
v 0.052789 0.035032 -0.023833
v 0.055186 0.033320 -0.017650
v 0.056862 0.032225 -0.011307
v 0.045966 0.041436 -0.035368
v 0.045966 0.042881 -0.035098
v 0.049702 0.039081 -0.029647
v 0.028549 0.052411 -0.050680
v 0.028549 0.052958 -0.050465
v 0.031388 0.050992 -0.048977
v 0.031388 0.051631 -0.048731
v 0.034124 0.049449 -0.047124
v 0.034124 0.050189 -0.046843
v 0.036748 0.048636 -0.044810
v 0.041629 0.046384 -0.040115
v 0.049702 0.042767 -0.029596
v 0.045966 0.045923 -0.035054
v 0.041629 0.048833 -0.040075
v 0.019511 0.055308 -0.055233
v 0.019511 0.055575 -0.055011
v 0.022601 0.054499 -0.053827
v 0.016358 0.057008 -0.055747
v 0.016358 0.056742 -0.055870
v 0.013151 0.057682 -0.056625
v 0.013151 0.057463 -0.056733
v 0.009901 0.058031 -0.057412
v 0.031388 0.052315 -0.048588
v 0.028549 0.053543 -0.050338
v 0.025617 0.054659 -0.051926
v 0.022601 0.055659 -0.053347
v 0.019511 0.056537 -0.054594
v 0.016358 0.057291 -0.055662
v 0.006619 0.058441 -0.057902
v -0.006619 0.058441 -0.057902
v -0.009901 0.058031 -0.057412
v -0.009901 0.058213 -0.057315
v -0.013151 0.057463 -0.056733
v -0.013151 0.057682 -0.056625
v 0.006619 0.058762 -0.057741
v 0.003315 0.058977 -0.058044
v 0.003315 0.058689 -0.058198
v 0.000000 0.059050 -0.058146
v 0.000000 0.058773 -0.058298
v -0.003315 0.058977 -0.058044
v -0.003315 0.058689 -0.058198
v -0.006619 0.058762 -0.057741
v -0.009901 0.058407 -0.057240
v -0.013151 0.057915 -0.056545
v -0.025617 0.053701 -0.052227
v -0.028549 0.052411 -0.050680
v -0.028549 0.052958 -0.050465
v -0.013151 0.058413 -0.056462
v -0.009901 0.058821 -0.057151
v -0.006619 0.059116 -0.057647
v -0.003315 0.059295 -0.057947
v 0.000000 0.059355 -0.058048
v 0.003315 0.059295 -0.057947
v 0.006619 0.059116 -0.057647
v 0.009901 0.058821 -0.057151
v -0.028549 0.051463 -0.051339
v -0.028549 0.051910 -0.050974
v -0.025617 0.052896 -0.052791
v -0.025617 0.053276 -0.052479
v -0.022601 0.054499 -0.053827
v -0.022601 0.054856 -0.053612
v -0.019512 0.055871 -0.054828
v -0.022601 0.055244 -0.053450
v -0.019512 0.056193 -0.054687
v -0.022601 0.055659 -0.053347
v -0.019512 0.056537 -0.054594
v -0.022601 0.056538 -0.053282
v -0.019512 0.057268 -0.054523
v -0.025617 0.054164 -0.052040
v -0.028549 0.053543 -0.050338
v -0.025617 0.054659 -0.051926
v -0.028549 0.054780 -0.050284
v -0.025617 0.055708 -0.051867
v -0.057979 0.011761 -0.004235
v -0.057795 0.014457 -0.007347
v -0.057795 0.015833 -0.006634
v -0.057422 0.018437 -0.009774
v -0.057979 0.010377 -0.005103
v -0.057795 0.013149 -0.008167
v -0.057422 0.015909 -0.011217
v -0.056862 0.018648 -0.014245
v -0.056862 0.021021 -0.012891
v -0.056116 0.021359 -0.017241
v -0.056116 0.023579 -0.015975
v -0.055186 0.024033 -0.020196
v -0.055186 0.026102 -0.019016
v -0.054076 0.026662 -0.023101
v -0.054076 0.028582 -0.022006
v -0.052789 0.029237 -0.025946
v -0.052789 0.031013 -0.024936
v -0.051329 0.031752 -0.028725
v -0.051329 0.033385 -0.027795
v -0.049702 0.034198 -0.031427
v -0.049702 0.035694 -0.030575
v -0.047912 0.036568 -0.034044
v -0.047912 0.037930 -0.033268
v -0.045966 0.038854 -0.036567
v -0.045966 0.040087 -0.035865
v -0.043869 0.041048 -0.038990
v -0.043869 0.042158 -0.038358
v -0.041629 0.043144 -0.041304
v -0.041629 0.044136 -0.040738
v -0.039253 0.045135 -0.043501
v -0.039253 0.046015 -0.042997
v -0.036748 0.047013 -0.045574
v -0.036748 0.047788 -0.045128
v -0.034124 0.048773 -0.047514
v -0.034124 0.049449 -0.047124
v -0.031388 0.050407 -0.049317
v -0.031388 0.050992 -0.048977
v -0.057795 0.010761 -0.010101
v -0.057422 0.013659 -0.013039
v -0.056862 0.016537 -0.015955
v -0.056116 0.019384 -0.018839
v -0.055186 0.022192 -0.021685
v -0.054076 0.024953 -0.024482
v -0.052789 0.027659 -0.027223
v -0.051329 0.030300 -0.029899
v -0.049702 0.032868 -0.032502
v -0.047912 0.035357 -0.035023
v -0.045966 0.037757 -0.037455
v -0.043869 0.040061 -0.039789
v -0.041629 0.042262 -0.042019
v -0.039253 0.044351 -0.044136
v -0.036748 0.046323 -0.046133
v -0.034124 0.048170 -0.048004
v -0.031388 0.049886 -0.049742
v -0.057979 0.016322 -0.002328
v -0.057795 0.017271 -0.006032
v -0.057795 0.018767 -0.005547
v -0.057422 0.021200 -0.008752
v -0.056862 0.023616 -0.011932
v -0.056116 0.026006 -0.015079
v -0.055186 0.028364 -0.018182
v -0.054076 0.030683 -0.021233
v -0.052789 0.032954 -0.024221
v -0.051329 0.035172 -0.027138
v -0.049702 0.037330 -0.029974
v -0.047912 0.039420 -0.032720
v -0.045966 0.041436 -0.035368
v -0.043869 0.043372 -0.037909
v -0.041629 0.045222 -0.040336
v -0.039253 0.046978 -0.042639
v -0.036748 0.048636 -0.044810
v -0.034124 0.050189 -0.046843
v -0.031388 0.051631 -0.048731
v -0.057795 0.020313 -0.005185
v -0.057795 0.021904 -0.004953
v -0.057422 0.024156 -0.008193
v -0.056862 0.026391 -0.011409
v -0.056116 0.028603 -0.014591
v -0.055186 0.030785 -0.017729
v -0.054076 0.032930 -0.020813
v -0.052789 0.035032 -0.023833
v -0.051329 0.037084 -0.026781
v -0.049702 0.039081 -0.029648
v -0.047912 0.041015 -0.032423
v -0.045966 0.042881 -0.035098
v -0.043869 0.044672 -0.037665
v -0.041629 0.046383 -0.040115
v -0.039253 0.048009 -0.042440
v -0.036748 0.049543 -0.044632
v -0.034124 0.050980 -0.046684
v -0.031388 0.052315 -0.048588
v -0.057795 0.025189 -0.004843
v -0.057422 0.027250 -0.008091
v -0.056862 0.029297 -0.011315
v -0.056116 0.031322 -0.014505
v -0.055186 0.033320 -0.017650
v -0.054076 0.035284 -0.020740
v -0.052789 0.037208 -0.023767
v -0.051329 0.039087 -0.026721
v -0.049702 0.040915 -0.029592
v -0.047912 0.042686 -0.032372
v -0.045966 0.044394 -0.035051
v -0.043869 0.047411 -0.037624
v -0.041629 0.048833 -0.040075
v -0.039253 0.050183 -0.042399
v -0.036748 0.051457 -0.044590
v -0.034124 0.052651 -0.046639
v -0.031388 0.053760 -0.048540
v -0.057795 0.028498 -0.004828
v -0.057422 0.030369 -0.008080
v -0.056862 0.032225 -0.011307
v -0.056116 0.034063 -0.014499
v -0.055186 0.035875 -0.017647
v -0.054076 0.037657 -0.020740
v -0.052789 0.039403 -0.023769
v -0.051329 0.041108 -0.026724
v -0.049702 0.042766 -0.029596
v -0.047912 0.044373 -0.032376
v -0.045966 0.045923 -0.035055
v -0.019512 0.054616 -0.056431
v -0.019512 0.054725 -0.056093
v -0.016358 0.055683 -0.057204
v -0.016358 0.055781 -0.056925
v -0.013151 0.056655 -0.057614
v -0.009901 0.057445 -0.057978
v -0.006619 0.057931 -0.058396
v -0.019512 0.054879 -0.055779
v -0.016358 0.055914 -0.056665
v -0.013151 0.056771 -0.057400
v -0.022601 0.053671 -0.054745
v -0.022601 0.053902 -0.054399
v -0.019512 0.055074 -0.055491
v -0.019512 0.055308 -0.055233
v -0.016358 0.056274 -0.056213
v -0.016358 0.056496 -0.056026
v -0.013151 0.057075 -0.057024
v -0.009901 0.057706 -0.057662
v -0.006619 0.058161 -0.058123
v -0.003315 0.058437 -0.058402
v 0.000000 0.058530 -0.058496
v 0.003315 0.058437 -0.058402
v 0.006619 0.058161 -0.058123
v 0.009901 0.057706 -0.057662
v -0.022601 0.053493 -0.055123
v -0.022601 0.053371 -0.055531
v -0.025617 0.052089 -0.054020
v -0.025617 0.051952 -0.054506
v -0.028549 0.050521 -0.052788
v -0.028549 0.050366 -0.053362
v -0.031388 0.048795 -0.051432
v -0.031388 0.048620 -0.052104
v -0.034124 0.046916 -0.049958
v -0.034124 0.046719 -0.050735
v -0.036748 0.044892 -0.048372
v -0.025617 0.052296 -0.053568
v -0.022601 0.054180 -0.054091
v -0.019512 0.055574 -0.055011
v -0.016358 0.056742 -0.055870
v -0.016358 0.057008 -0.055747
v -0.016358 0.057291 -0.055662
v -0.016358 0.057894 -0.055584
v -0.022601 0.053286 -0.056403
v -0.025617 0.051870 -0.055547
v -0.028549 0.050286 -0.054591
v -0.031388 0.048541 -0.053539
v -0.034124 0.046639 -0.052396
v -0.036748 0.044589 -0.051165
v -0.039253 0.042398 -0.049851
v -0.041629 0.040072 -0.048459
v -0.043869 0.037621 -0.046994
v -0.045966 0.035052 -0.045459
v -0.047912 0.032373 -0.043861
v -0.049702 0.029593 -0.042205
v -0.051329 0.026721 -0.040495
v -0.052789 0.023767 -0.038737
v -0.054076 0.020739 -0.036937
v -0.055186 0.017646 -0.035099
v -0.036748 0.044596 -0.050204
v -0.039253 0.042402 -0.048760
v -0.041629 0.040075 -0.047229
v -0.043869 0.037622 -0.045619
v -0.045966 0.035052 -0.043932
v -0.047912 0.032373 -0.042176
v -0.049702 0.029593 -0.040355
v -0.051329 0.026722 -0.038475
v -0.052789 0.023769 -0.036543
v -0.054076 0.020742 -0.034565
v -0.055186 0.017652 -0.032545
v -0.056116 0.014508 -0.030492
v -0.036748 0.044670 -0.049262
v -0.039253 0.042731 -0.046678
v -0.039253 0.042482 -0.047690
v -0.041629 0.040439 -0.044884
v -0.041629 0.040161 -0.046024
v -0.043869 0.038025 -0.042994
v -0.043869 0.037716 -0.044270
v -0.045966 0.035496 -0.041016
v -0.045966 0.035154 -0.042434
v -0.047912 0.032861 -0.038956
v -0.047912 0.032485 -0.040522
v -0.049702 0.030128 -0.036820
v -0.049702 0.029715 -0.038539
v -0.051329 0.027306 -0.034616
v -0.051329 0.026856 -0.036493
v -0.052789 0.024404 -0.032349
v -0.052789 0.023914 -0.034389
v -0.054076 0.021431 -0.030029
v -0.054076 0.020901 -0.032235
v -0.055186 0.018396 -0.027660
v -0.055186 0.017824 -0.030036
v -0.056116 0.015309 -0.025251
v -0.056116 0.014693 -0.027800
v -0.056862 0.012178 -0.022808
v -0.056862 0.011519 -0.025533
v -0.057422 0.009014 -0.020340
v -0.057422 0.008096 -0.026305
v -0.057422 0.008082 -0.029422
v -0.057795 0.004831 -0.027494
v -0.057795 0.004849 -0.024185
v -0.057795 0.004897 -0.022542
v -0.057795 0.005078 -0.020934
v -0.056116 0.014500 -0.033231
v -0.056862 0.011319 -0.028409
v -0.057422 0.008311 -0.023242
v -0.057979 0.002161 -0.016960
v -0.057795 0.005389 -0.019369
v -0.057795 0.005826 -0.017853
v -0.057995 0.000925 -0.012267
v -0.057422 0.010169 -0.017643
v -0.056862 0.013261 -0.020276
v -0.056116 0.016321 -0.022882
v -0.055186 0.019339 -0.025452
v -0.054076 0.022305 -0.027979
v -0.052789 0.025212 -0.030455
v -0.051329 0.028049 -0.032873
v -0.049702 0.030808 -0.035224
v -0.047912 0.033480 -0.037502
v -0.045966 0.036057 -0.039700
v -0.043869 0.038531 -0.041810
v -0.041629 0.040893 -0.043825
v -0.039253 0.043135 -0.045739
v -0.036748 0.045250 -0.047545
v -0.034124 0.047231 -0.049237
v -0.031388 0.049070 -0.050809
v -0.028549 0.050761 -0.052254
v -0.057994 0.000992 -0.011989
v -0.057422 0.011732 -0.015195
v -0.056862 0.014728 -0.017979
v -0.056116 0.017692 -0.020732
v -0.055186 0.020616 -0.023449
v -0.054076 0.023490 -0.026120
v -0.052789 0.026307 -0.028737
v -0.051329 0.029056 -0.031291
v -0.049702 0.031730 -0.033776
v -0.047912 0.034320 -0.036184
v -0.045966 0.036818 -0.038506
v -0.043869 0.039216 -0.040735
v -0.041629 0.041506 -0.042864
v -0.039253 0.043680 -0.044887
v -0.036748 0.045731 -0.046795
v -0.034124 0.047653 -0.048582
v -0.031388 0.049437 -0.050242
v 0.056862 0.011319 -0.028409
v 0.056862 0.011308 -0.031337
v 0.055186 0.017652 -0.032545
v 0.055186 0.017646 -0.035099
v 0.052789 0.023769 -0.036543
v 0.052789 0.023767 -0.038737
v 0.049702 0.029593 -0.040355
v 0.049702 0.029593 -0.042205
v 0.045966 0.035052 -0.043932
v 0.045966 0.035052 -0.045459
v 0.041629 0.040072 -0.048459
v 0.036748 0.044589 -0.051165
v 0.022601 0.053286 -0.056403
v 0.025617 0.051870 -0.055547
v 0.028549 0.050286 -0.054591
v 0.031388 0.048541 -0.053539
v 0.034124 0.046639 -0.052396
v -0.019512 0.054528 -0.057156
v -0.016358 0.055591 -0.057801
v -0.013151 0.056470 -0.058336
v -0.009901 0.057160 -0.058757
v -0.006619 0.057657 -0.059061
v -0.003315 0.057958 -0.059245
v 0.000000 0.058059 -0.059307
v 0.003315 0.057958 -0.059245
v 0.006619 0.057657 -0.059061
v 0.009901 0.057160 -0.058757
v 0.013151 0.056470 -0.058336
v 0.016358 0.055591 -0.057801
v 0.019511 0.054528 -0.057156
v 0.022601 0.053371 -0.055531
v 0.025617 0.051952 -0.054506
v 0.028549 0.050366 -0.053362
v 0.031388 0.048620 -0.052104
v 0.034124 0.046719 -0.050735
v 0.036748 0.044670 -0.049262
v 0.041629 0.040161 -0.046024
v 0.045966 0.035155 -0.042434
v 0.049702 0.029716 -0.038539
v 0.052789 0.023914 -0.034389
v 0.055186 0.017824 -0.030036
v 0.056862 0.011519 -0.025533
v 0.057988 0.001480 -0.009887
v 0.057795 0.007054 -0.014990
v 0.056862 0.014728 -0.017978
v 0.056862 0.013261 -0.020276
v 0.055186 0.020616 -0.023449
v 0.055186 0.019339 -0.025452
v 0.052789 0.026307 -0.028736
v 0.052789 0.025212 -0.030455
v 0.049702 0.031730 -0.033776
v 0.049702 0.030808 -0.035224
v 0.045966 0.036818 -0.038506
v 0.045966 0.036057 -0.039700
v 0.041629 0.041506 -0.042864
v 0.041629 0.040893 -0.043825
v 0.036748 0.045732 -0.046795
v 0.036748 0.045250 -0.047545
v 0.034124 0.047231 -0.049237
v 0.056862 0.012178 -0.022808
v 0.055186 0.018397 -0.027660
v 0.052789 0.024404 -0.032349
v 0.049702 0.030128 -0.036820
v 0.045966 0.035496 -0.041016
v 0.041629 0.040439 -0.044884
v 0.036748 0.044892 -0.048372
v 0.034124 0.046916 -0.049958
v 0.031388 0.048795 -0.051432
v 0.028549 0.050521 -0.052788
v 0.025617 0.052089 -0.054020
v 0.022601 0.053493 -0.055123
v 0.031388 0.049070 -0.050809
v 0.028549 0.050761 -0.052254
v 0.025617 0.052297 -0.053568
v 0.022601 0.053671 -0.054745
v 0.016358 0.055684 -0.057204
v 0.016358 0.055781 -0.056925
v 0.019511 0.054617 -0.056431
v 0.016358 0.055914 -0.056665
v 0.013151 0.056771 -0.057400
v 0.009901 0.057342 -0.058157
v 0.006619 0.057761 -0.058711
v 0.019511 0.054725 -0.056093
v 0.019511 0.054879 -0.055779
v 0.019511 0.055074 -0.055491
v 0.022601 0.053902 -0.054399
v 0.022601 0.054180 -0.054091
v 0.025617 0.052896 -0.052791
v 0.028549 0.051463 -0.051339
v 0.031388 0.049886 -0.049742
v 0.034124 0.048170 -0.048004
v -0.006619 0.057761 -0.058711
v -0.003315 0.058064 -0.058932
v -0.003315 0.058226 -0.058649
v 0.000000 0.058165 -0.059006
v 0.000000 0.058325 -0.058734
v 0.003315 0.058064 -0.058932
v 0.003315 0.058226 -0.058649
v 0.006619 0.057931 -0.058396
v 0.009901 0.057445 -0.057978
v -0.057900 -0.000000 -0.059900
v -0.057360 0.007884 -0.059900
v -0.055753 0.015621 -0.059900
v -0.053106 0.023067 -0.059900
v -0.049471 0.030084 -0.059900
v -0.044914 0.036540 -0.059900
v -0.039520 0.042315 -0.059900
v -0.033390 0.047302 -0.059900
v -0.026638 0.051408 -0.059900
v -0.019390 0.054557 -0.059900
v -0.011780 0.056689 -0.059900
v -0.003951 0.057765 -0.059900
v 0.003951 0.057765 -0.059900
v 0.011780 0.056689 -0.059900
v 0.019389 0.054557 -0.059900
v 0.026638 0.051408 -0.059900
v 0.033390 0.047302 -0.059900
v 0.039520 0.042315 -0.059900
v 0.044914 0.036540 -0.059900
v 0.049471 0.030084 -0.059900
v 0.053106 0.023067 -0.059900
v 0.055753 0.015621 -0.059900
v 0.057360 0.007884 -0.059900
v 0.057900 -0.000000 -0.059900
v 0.057361 -0.007884 -0.059900
v 0.055753 -0.015621 -0.059900
v 0.053106 -0.023068 -0.059900
v 0.049471 -0.030084 -0.059900
v 0.044914 -0.036540 -0.059900
v 0.039520 -0.042315 -0.059900
v 0.033390 -0.047303 -0.059900
v 0.026638 -0.051409 -0.059900
v 0.019390 -0.054557 -0.059900
v 0.011780 -0.056689 -0.059900
v 0.003951 -0.057765 -0.059900
v -0.003951 -0.057765 -0.059900
v -0.011780 -0.056689 -0.059900
v -0.019389 -0.054557 -0.059900
v -0.026638 -0.051409 -0.059900
v -0.033390 -0.047303 -0.059900
v -0.039520 -0.042316 -0.059900
v -0.044914 -0.036540 -0.059900
v -0.049471 -0.030084 -0.059900
v -0.053106 -0.023068 -0.059900
v -0.055753 -0.015621 -0.059900
v -0.057360 -0.007884 -0.059900
v 0.057979 -0.001577 -0.052584
v 0.057969 -0.001904 -0.058492
v 0.057969 -0.001893 -0.058376
v 0.057974 -0.001714 -0.056455
v 0.057976 -0.001685 -0.056143
v 0.057984 -0.001358 -0.044838
v 0.057980 -0.001524 -0.050833
v 0.057986 -0.001294 -0.042546
v 0.057992 -0.000952 -0.037104
v 0.057998 -0.000471 -0.029376
v 0.057995 -0.000749 -0.033873
v 0.057999 -0.000242 -0.025687
v 0.058000 0.000098 -0.017770
v 0.058000 -0.000000 -0.018936
v 0.058000 -0.000097 -0.021638
v 0.057999 0.000332 -0.014995
v 0.057997 0.000485 -0.013922
v 0.057994 0.000852 -0.011340
v 0.057988 0.001100 -0.010133
v 0.057965 0.001938 -0.006412
v 0.057977 0.001641 -0.007505
v 0.057938 0.002675 -0.003700
v 0.057920 0.002996 -0.002759
v 0.057866 0.003937 -0.000000
v 0.057991 -0.000976 -0.037475
v 0.057995 -0.000706 0.033284
v 0.057998 -0.000455 0.029741
v 0.058000 -0.000053 0.020403
v 0.058000 -0.000000 0.018936
v 0.057999 0.000319 0.015110
v 0.057994 0.000799 0.011733
v 0.057999 0.000241 0.016046
v 0.057976 0.001645 0.007506
v 0.057993 0.000871 0.011230
v 0.057976 0.001673 0.007371
v 0.057937 0.002694 0.003637
v 0.057932 0.002786 0.003368
v 0.057999 -0.000217 0.024771
v 0.058000 -0.000186 0.024134
v 0.055823 -0.015742 0.026326
v 0.057302 -0.008773 0.029551
v -0.044547 -0.036950 0.016513
v 0.049819 -0.029699 0.019868
v 0.052859 -0.023742 0.022624
v 0.053280 -0.022918 0.023006
v 0.055586 -0.016409 0.026018
v 0.040398 -0.041618 0.014353
v 0.044586 -0.036980 0.016499
v 0.045500 -0.035968 0.016967
v 0.049170 -0.030641 0.019432
v 0.057404 -0.008296 0.029772
v 0.057975 -0.000974 0.033160
v 0.039192 -0.042643 0.013878
v -0.041835 -0.040172 0.015022
v -0.039162 -0.042613 0.013892
v -0.055516 -0.016388 0.026027
v -0.054053 -0.021031 0.023879
v -0.052799 -0.023717 0.022636
v -0.036213 -0.045305 0.012646
v 0.033086 -0.047528 0.011618
v 0.034599 -0.046550 0.012070
v -0.016044 -0.055737 0.007819
v -0.011650 -0.056694 0.007376
v -0.008606 -0.057358 0.007069
v -0.003906 -0.057750 0.006888
v -0.049120 -0.030612 0.019445
v -0.057979 -0.000975 0.033159
v -0.050832 -0.027930 0.020687
v -0.057995 -0.000706 0.033284
v -0.046736 -0.034347 0.017717
v 0.019191 -0.054623 0.008335
v 0.021323 -0.053938 0.008652
v 0.026378 -0.051545 0.009759
v -0.056341 -0.013771 0.027238
v -0.057222 -0.008760 0.029557
v -0.057659 -0.006273 0.030708
v -0.033063 -0.047501 0.011630
v -0.029968 -0.049658 0.010632
v -0.026362 -0.051523 0.009769
v -0.023206 -0.053155 0.009014
v -0.019181 -0.054606 0.008343
v -0.001019 -0.057991 0.006776
v 0.003910 -0.057754 0.006886
v 0.028204 -0.050680 0.010159
v 0.006585 -0.057625 0.006946
v 0.011656 -0.056705 0.007371
v 0.014075 -0.056266 0.007574
v -0.057999 -0.000233 0.025479
v -0.058000 -0.000211 0.024771
v -0.057999 0.000243 0.016046
v -0.058000 -0.000000 0.018936
v -0.058000 -0.000053 0.019660
v -0.058000 -0.000076 0.020403
v -0.057999 0.000332 0.014995
v -0.057994 0.000796 0.011732
v -0.057994 0.000852 0.011340
v -0.057977 0.001641 0.007505
v -0.057977 0.001641 0.007505
v -0.057938 0.002675 0.003699
v -0.057932 0.002788 0.003368
v -0.057866 0.003937 -0.000000
v -0.057997 0.000480 -0.013983
v -0.057999 0.000319 -0.015110
v -0.057983 0.001333 -0.009004
v -0.057993 0.000871 -0.011230
v -0.057976 0.001673 -0.007372
v -0.057942 0.002557 -0.004139
v -0.057937 0.002694 -0.003638
v -0.058000 -0.000185 -0.023881
v -0.058000 -0.000166 -0.023490
v -0.057987 -0.001207 -0.040751
v -0.057989 -0.001116 -0.039430
v -0.057991 -0.000976 -0.037366
v -0.057980 -0.001508 -0.049813
v -0.057981 -0.001477 -0.048384
v -0.057977 -0.001616 -0.054662
v -0.057977 -0.001636 -0.055009
v -0.057973 -0.001768 -0.057299
v -0.057972 -0.001807 -0.057602
v -0.057966 -0.001973 -0.058884
v -0.057966 -0.001987 -0.058996
v -0.057998 -0.000473 -0.030011
v -0.057998 -0.000429 -0.029070
v 0.057332 -0.008779 -0.059900
v 0.055626 -0.016423 -0.059900
v 0.052907 -0.023767 -0.059900
v 0.049223 -0.030678 -0.059900
v 0.044641 -0.037029 -0.059900
v 0.039246 -0.042705 -0.059900
v 0.033135 -0.047603 -0.059900
v 0.026420 -0.051633 -0.059900
v 0.019223 -0.054722 -0.059900
v 0.011676 -0.056813 -0.059900
v 0.003916 -0.057868 -0.059900
v -0.003916 -0.057868 -0.059900
v -0.011676 -0.056813 -0.059900
v -0.019223 -0.054722 -0.059900
v -0.026420 -0.051633 -0.059900
v -0.033135 -0.047603 -0.059900
v -0.039246 -0.042706 -0.059900
v -0.044641 -0.037029 -0.059900
v -0.049223 -0.030678 -0.059900
v -0.052907 -0.023767 -0.059900
v -0.055626 -0.016423 -0.059900
v -0.057332 -0.008779 -0.059900
v 0.057998 -0.000525 -0.029371
v 0.057999 -0.000254 0.025072
v -0.039439 0.042492 -0.059900
v -0.041619 0.040343 -0.059900
v 0.057900 -0.000000 -0.059900
v 0.057361 -0.007884 -0.059900
v -0.026684 0.070500 -0.051497
v -0.033447 0.070500 -0.047384
v -0.032633 0.047906 -0.059900
v -0.031373 0.048705 -0.059900
v 0.044914 0.036540 -0.065200
v 0.049471 0.030084 -0.065200
v 0.057360 0.007884 -0.059900
v 0.023333 0.052975 0.058123
v 0.020162 0.054285 0.058729
v 0.044991 0.070500 0.036603
v 0.049556 0.070500 0.030136
v -0.003958 0.070500 -0.057865
v -0.011800 0.070500 -0.056787
v 0.053106 0.023067 -0.065200
v 0.055753 -0.015621 -0.059900
v 0.053106 -0.023068 -0.059900
v 0.031371 0.048560 0.056080
v 0.032875 0.047578 0.055626
v 0.032875 0.047578 0.055626
v -0.028537 0.050419 -0.059900
v -0.026394 0.051598 -0.059900
v -0.003951 -0.057765 -0.065200
v -0.011780 -0.056689 -0.065200
v -0.057460 0.070500 0.007897
v -0.055849 0.070500 0.015648
v 0.044914 -0.036540 -0.059900
v 0.039520 -0.042315 -0.059900
v 0.055753 0.015621 -0.065200
v 0.057360 0.007884 -0.065200
v 0.049471 0.030084 -0.059900
v 0.053106 0.023067 -0.059900
v -0.055849 0.070500 -0.015648
v -0.057460 0.070500 -0.007898
v 0.031388 0.048577 0.056027
v 0.031388 0.048577 0.056027
v 0.029970 0.049475 0.056504
v 0.029970 0.049475 0.056504
v 0.011780 -0.056689 -0.065200
v 0.003951 -0.057765 -0.065200
v 0.044914 0.036540 -0.059900
v -0.057991 -0.000976 -0.037366
v -0.057998 -0.000473 -0.030011
v -0.049556 0.070500 -0.030136
v -0.053198 0.070500 -0.023107
v 0.031377 0.048711 -0.059900
v 0.029085 0.050134 -0.059900
v -0.003958 0.070500 0.057864
v -0.011800 0.070500 0.056786
v 0.033390 -0.047303 -0.059900
v 0.053198 0.070500 0.023107
v 0.055849 0.070500 0.015648
v 0.014054 0.056218 0.059624
v 0.013145 0.056422 0.059719
v 0.019390 -0.054557 -0.059900
v 0.011780 -0.056689 -0.059900
v -0.058000 -0.000053 0.019660
v -0.058000 -0.000076 0.020403
v 0.026638 -0.051409 -0.059900
v -0.058000 -0.000212 0.024771
v -0.057999 -0.000233 0.025479
v -0.022596 0.053352 -0.059900
v -0.019792 0.054469 -0.059900
v -0.034119 0.046851 -0.059900
v -0.036733 0.044846 -0.059900
v -0.053198 0.070500 0.023107
v 0.039520 -0.042315 -0.065200
v 0.033390 -0.047303 -0.065200
v 0.026684 0.070500 -0.051497
v 0.019423 0.070500 -0.054651
v -0.057980 -0.001508 -0.049813
v -0.057977 -0.001616 -0.054662
v 0.046390 0.034787 -0.059900
v 0.047375 0.033436 -0.059900
v 0.010748 0.056961 0.059968
v 0.026638 -0.051409 -0.065200
v 0.045952 0.035334 -0.059900
v 0.044146 0.037589 -0.059900
v 0.032135 0.048240 -0.059900
v 0.033533 0.047281 -0.059900
v 0.003951 -0.057765 -0.059900
v -0.030018 0.049445 0.056490
v -0.028533 0.050296 0.056884
v 0.057361 -0.007884 -0.065200
v 0.055753 -0.015621 -0.065200
v 0.055753 0.015621 -0.059900
v -0.044991 0.070500 -0.036603
v 0.035657 0.045519 0.054674
v 0.036730 0.044623 0.054259
v -0.029561 0.049855 -0.059900
v 0.019390 -0.054557 -0.065200
v 0.006585 -0.057625 0.006946
v 0.011656 -0.056705 0.007371
v -0.019509 0.054562 -0.059900
v -0.058000 -0.000211 0.024771
v -0.033883 0.047032 -0.059900
v 0.057900 -0.000000 -0.065200
v 0.011800 0.070500 -0.056787
v 0.014075 -0.056266 0.007574
v 0.009899 0.057110 0.060037
v -0.058000 -0.000091 -0.020714
v -0.058000 -0.000099 -0.020956
v -0.039588 0.070500 -0.042388
v -0.011780 0.056689 -0.059900
v -0.003951 0.057765 -0.059900
v 0.057995 -0.000703 0.033285
v 0.057995 -0.000703 0.033285
v 0.057995 -0.000703 0.033285
v 0.057995 -0.000706 0.033284
v 0.033447 0.070500 0.047384
v 0.039588 0.070500 0.042388
v -0.053106 0.023067 -0.065200
v -0.049471 0.030084 -0.065200
v 0.057999 -0.000258 0.026178
v 0.057998 -0.000455 0.029741
v 0.038314 0.043301 0.053647
v 0.040843 0.040926 0.052548
v -0.044400 0.037289 -0.059900
v -0.043855 0.037897 -0.059900
v -0.058000 0.070500 -0.000000
v -0.039520 -0.042316 -0.065200
v -0.044914 -0.036540 -0.065200
v -0.046649 0.034439 -0.059900
v -0.045947 0.035329 -0.059900
v -0.019390 0.054557 -0.059900
v 0.032905 0.047556 0.055616
v 0.032905 0.047556 0.055616
v -0.033390 -0.047303 -0.065200
v -0.041995 0.039973 -0.059900
v -0.055753 0.015621 -0.065200
v -0.055753 -0.015621 -0.059900
v -0.057360 -0.007884 -0.059900
v -0.058000 -0.000005 -0.019189
v -0.058000 0.000009 -0.018937
v 0.045787 0.035338 0.049963
v 0.045959 0.035103 0.049854
v -0.033390 0.047302 -0.059900
v -0.026638 0.051408 -0.059900
v 0.043521 0.038078 0.051230
v -0.026638 -0.051409 -0.065200
v -0.047556 0.033179 -0.059900
v -0.057900 -0.000000 -0.065200
v -0.057360 0.007884 -0.065200
v -0.023137 0.053136 -0.059900
v -0.025608 0.051969 -0.059900
v 0.003951 0.057765 -0.065200
v 0.011780 0.056689 -0.065200
v -0.003495 0.057883 0.060395
v -0.006618 0.057595 0.060261
v 0.044914 -0.036540 -0.065200
v -0.053106 0.023067 -0.059900
v -0.049471 0.030084 -0.059900
v 0.057969 -0.001904 -0.058492
v 0.057969 -0.001893 -0.058376
v 0.058000 -0.000072 0.020105
v 0.058000 -0.000000 0.018936
v -0.049471 -0.030084 -0.065200
v -0.053106 -0.023068 -0.065200
v -0.044914 0.036540 -0.059900
v -0.055753 -0.015621 -0.065200
v 0.057974 -0.001714 -0.056455
v 0.057976 -0.001685 -0.056143
v -0.058000 -0.000185 -0.023881
v -0.058000 -0.000166 -0.023490
v -0.006898 0.057569 0.060249
v -0.009899 0.057108 0.060036
v -0.019423 0.070500 -0.054651
v -0.039520 0.042315 -0.059900
v 0.057979 -0.001577 -0.052584
v 0.057979 -0.001577 -0.052584
v 0.057979 -0.001577 -0.052584
v 0.057984 -0.001358 -0.044838
v -0.019423 0.070500 0.054651
v 0.000000 0.057993 -0.059900
v 0.003187 0.057900 -0.059900
v -0.057360 -0.007884 -0.065200
v 0.058000 -0.000118 -0.021637
v 0.058000 -0.000118 -0.021637
v 0.058000 -0.000202 -0.024507
v 0.049471 -0.030084 -0.059900
v 0.057980 -0.001524 -0.050833
v 0.017314 0.055279 0.059190
v 0.019506 0.054514 0.058836
v 0.033135 -0.047603 -0.059900
v 0.026420 -0.051633 -0.059900
v 0.003958 0.070500 -0.057865
v 0.057999 -0.000237 -0.025691
v 0.057999 -0.000237 -0.025691
v -0.052866 0.023842 -0.059900
v -0.052784 0.024010 -0.059900
v 0.039246 -0.042705 -0.059900
v 0.019191 -0.054623 0.008335
v 0.021323 -0.053938 0.008652
v -0.057614 0.006607 0.036668
v -0.057768 0.004816 0.035839
v 0.047872 0.032485 0.048643
v -0.057395 0.008076 0.037347
v -0.051327 0.026986 -0.059900
v 0.049223 -0.030678 -0.059900
v 0.044641 -0.037029 -0.059900
v -0.056341 -0.013771 0.027238
v -0.057222 -0.008760 0.029557
v 0.049774 0.029523 0.047272
v 0.049698 0.029641 0.047326
v 0.054371 0.020000 0.042865
v 0.055167 0.017665 0.041785
v -0.033447 0.070500 0.047384
v -0.039588 0.070500 0.042388
v -0.055424 0.017082 -0.059900
v -0.055860 0.015600 -0.059900
v -0.057659 -0.006273 0.030708
v -0.057917 0.003068 0.035030
v 0.051494 0.026453 0.045851
v -0.000940 0.057984 -0.059900
v -0.003314 0.057869 -0.059900
v 0.041611 0.040115 0.052173
v -0.016872 0.055419 0.059254
v -0.016353 0.055563 0.059322
v -0.007951 0.057425 -0.059900
v -0.009897 0.057089 -0.059900
v -0.026684 0.070500 0.051497
v -0.056094 0.014650 -0.059900
v -0.054246 0.020514 -0.059900
v -0.054064 0.020953 -0.059900
v -0.004446 0.057814 -0.059900
v -0.049518 0.030177 -0.059900
v -0.047899 0.032654 -0.059900
v -0.049694 0.029869 -0.059900
v 0.058000 -0.000097 -0.021638
v -0.055753 0.015621 -0.059900
v 0.013907 0.056264 -0.059900
v 0.013147 0.056429 -0.059900
v 0.057332 -0.008779 -0.059900
v 0.055626 -0.016423 -0.059900
v -0.003315 0.057889 0.060398
v -0.006616 0.057573 -0.059900
v 0.058000 -0.000053 0.020403
v 0.058000 -0.000186 0.024134
v 0.026684 0.070500 0.051497
v 0.003910 -0.057754 0.006886
v 0.052907 -0.023767 -0.059900
v -0.001019 -0.057991 0.006776
v 0.055459 0.016810 0.041389
v 0.043241 0.038393 0.051376
v -0.057360 0.007884 -0.059900
v 0.052775 0.023801 0.044624
v 0.053027 0.023278 0.044382
v 0.026378 -0.051545 0.009759
v -0.057949 0.001542 0.034324
v -0.053106 -0.023068 -0.059900
v -0.057995 -0.000703 0.033285
v -0.049471 -0.030084 -0.059900
v -0.057900 -0.000000 -0.059900
v -0.057995 -0.000706 0.033284
v -0.016359 0.055598 -0.059900
v -0.014938 0.055998 -0.059900
v -0.058000 -0.000179 0.023657
v -0.058000 -0.000083 0.020442
v -0.039520 -0.042316 -0.059900
v -0.044914 -0.036540 -0.059900
v -0.057977 -0.001636 -0.055009
v 0.057973 0.009021 0.001142
v 0.057958 0.011737 -0.000000
v 0.057958 0.011737 -0.000000
v -0.033390 -0.047303 -0.059900
v -0.055167 0.017830 -0.059900
v -0.036744 0.044635 0.054265
v -0.039271 0.042436 0.053247
v 0.002178 0.057950 0.060425
v 0.003313 0.057872 0.060389
v 0.000000 0.057992 0.060445
v -0.026638 -0.051409 -0.059900
v -0.057973 -0.001768 -0.057299
v -0.057972 -0.001807 -0.057602
v 0.057460 0.070500 0.007897
v 0.006615 0.057581 0.060255
v 0.008910 0.057285 0.060118
v 0.003958 0.070500 0.057864
v 0.057958 0.011737 -0.000000
v 0.057958 0.011737 -0.000000
v -0.023206 -0.053155 0.009014
v -0.019181 -0.054606 0.008343
v 0.005552 0.057718 0.060318
v -0.003951 -0.057765 -0.059900
v -0.011780 -0.056689 -0.059900
v -0.033063 -0.047501 0.011630
v -0.029968 -0.049658 0.010632
v -0.026362 -0.051523 0.009769
v -0.057998 -0.000429 -0.029070
v 0.028204 -0.050680 0.010159
v -0.019390 0.054557 -0.065200
v -0.026638 0.051408 -0.065200
v -0.058000 -0.000190 -0.023881
v -0.049556 0.070500 0.030136
v 0.057975 -0.000974 0.033160
v -0.057966 -0.001973 -0.058884
v -0.013145 0.056421 -0.059900
v -0.051289 0.027063 -0.059900
v 0.019423 0.070500 0.054651
v -0.011452 0.056820 -0.059900
v 0.049376 0.030409 -0.059900
v 0.049688 0.029866 -0.059900
v 0.011800 0.070500 0.056786
v -0.026983 0.051184 0.057295
v -0.044991 0.070500 0.036603
v -0.019389 -0.054557 -0.059900
v -0.057966 -0.001987 -0.058996
v -0.041624 0.040124 0.052177
v 0.033447 0.070500 -0.047384
v -0.041808 0.039943 0.052093
v 0.051172 0.027285 -0.059900
v 0.052763 0.024069 -0.059900
v -0.044190 0.037303 0.050872
v -0.045945 0.035094 0.049850
v -0.043859 0.037670 0.051042
v 0.033086 -0.047528 0.011618
v 0.057999 -0.000217 0.024771
v 0.055333 0.017376 -0.059900
v 0.055779 0.015885 -0.059900
v 0.058000 -0.000082 0.020442
v 0.058000 -0.000082 0.020442
v 0.058000 -0.000082 0.020442
v 0.058000 -0.000181 0.023656
v 0.057784 0.004865 -0.059900
v 0.057975 0.001690 -0.059900
v 0.057999 -0.000215 0.024771
v 0.057927 0.002876 0.034941
v 0.057768 0.004816 0.035839
v -0.036213 -0.045305 0.012646
v 0.055823 -0.015742 0.026326
v 0.055586 -0.016409 0.026018
v 0.041736 0.040243 -0.059900
v 0.041626 0.040350 -0.059900
v 0.058000 -0.000074 -0.020153
v 0.058000 -0.000000 -0.018936
v 0.049819 -0.029699 0.019868
v 0.052859 -0.023742 0.022624
v -0.057998 -0.000437 -0.029069
v 0.040398 -0.041618 0.014353
v 0.039192 -0.042643 0.013878
v -0.057961 -0.001758 -0.059900
v -0.057982 0.001428 -0.059900
v -0.046579 0.034296 0.049480
v -0.047890 0.032414 0.048609
v 0.057984 -0.001345 -0.044839
v 0.057984 -0.001345 -0.044839
v 0.057984 -0.001345 -0.044839
v 0.057992 -0.000952 -0.037104
v 0.054150 0.020766 -0.059900
v -0.057958 -0.002202 -0.059900
v -0.057958 -0.002202 -0.059900
v -0.057958 -0.002202 -0.059900
v 0.039164 0.042744 -0.059900
v 0.036741 0.044825 -0.059900
v 0.053106 -0.023068 -0.065200
v -0.057975 0.001556 -0.059900
v 0.058000 -0.000081 0.020402
v 0.045500 -0.035968 0.016967
v 0.049170 -0.030641 0.019432
v 0.057966 -0.001979 -0.058956
v -0.036576 0.044781 0.054332
v -0.034115 0.046675 0.055209
v 0.055174 0.017832 -0.059900
v 0.057404 -0.008296 0.029772
v -0.052799 -0.023717 0.022636
v -0.050832 -0.027930 0.020687
v -0.057790 0.004866 -0.059900
v -0.057332 -0.008779 -0.059900
v 0.057997 -0.000597 -0.031841
v -0.052177 0.025098 0.045224
v -0.052764 0.023797 0.044622
v -0.055516 -0.016388 0.026027
v -0.013583 0.056337 0.059679
v 0.057323 0.008830 -0.059900
v 0.056840 0.011422 -0.059900
v 0.057302 -0.008773 0.029551
v 0.057981 -0.001486 -0.048946
v 0.025613 0.051979 -0.059900
v 0.025927 0.051834 -0.059900
v -0.017313 0.055280 0.059190
v -0.033727 0.046974 0.055347
v 0.057958 -0.002202 -0.059900
v 0.057960 -0.001758 -0.059900
v 0.057978 -0.001603 -0.054331
v -0.031371 0.048559 0.056080
v -0.051304 0.026756 0.045991
v 0.036430 0.045092 -0.059900
v -0.058000 -0.000076 0.020188
v -0.058000 -0.000082 0.020402
v 0.056836 0.011310 0.038844
v 0.057126 0.009925 0.038203
v 0.057760 0.005268 -0.059900
v -0.032951 0.047525 0.055602
v -0.003906 -0.057750 0.006888
v -0.057979 -0.000975 0.033159
v 0.044586 -0.036980 0.016499
v -0.050513 0.028258 0.046686
v 0.056400 0.013389 0.039806
v -0.044547 -0.036950 0.016513
v -0.041835 -0.040172 0.015022
v 0.057636 0.006419 0.036581
v -0.057980 -0.001501 -0.049814
v -0.057987 -0.001207 -0.040751
v -0.048647 0.031325 0.048106
v -0.049677 0.029631 0.047322
v 0.056664 0.012370 -0.059900
v -0.057411 0.008158 -0.059900
v -0.057359 0.008590 -0.059900
v -0.016044 -0.055737 0.007819
v -0.056719 0.012115 -0.059900
v -0.056845 0.011423 -0.059900
v 0.053280 -0.022918 0.023006
v 0.019223 -0.054722 -0.059900
v -0.049120 -0.030612 0.019445
v -0.057986 -0.001278 -0.042233
v -0.057090 0.010125 0.038296
v 0.006618 0.057593 -0.059900
v 0.006783 0.057578 -0.059900
v -0.046736 -0.034347 0.017717
v 0.003314 0.057889 -0.059900
v -0.057977 -0.001646 -0.055009
v 0.011676 -0.056813 -0.059900
v 0.019389 0.054557 -0.065200
v 0.003916 -0.057868 -0.059900
v -0.013148 0.056430 0.059723
v 0.010364 0.057031 -0.059900
v -0.010259 0.057053 0.060011
v -0.003916 -0.057868 -0.059900
v -0.019501 0.054505 0.058832
v 0.009899 0.057102 -0.059900
v -0.056837 0.011310 0.038844
v -0.019223 -0.054722 -0.059900
v -0.026420 -0.051633 -0.059900
v 0.039520 0.042315 -0.065200
v -0.033135 -0.047603 -0.059900
v 0.049471 -0.030084 -0.065200
v -0.008606 -0.057358 0.007069
v -0.011676 -0.056813 -0.059900
v -0.019389 -0.054557 -0.065200
v -0.011650 -0.056694 0.007376
v 0.015834 0.055750 -0.059900
v 0.058000 0.070500 -0.000000
v 0.057460 0.070500 -0.007898
v -0.023852 0.052739 0.058014
v -0.022589 0.053274 0.058262
v -0.056345 0.013617 0.039911
v 0.055849 0.070500 -0.015648
v -0.057781 0.005026 -0.059900
v 0.034599 -0.046550 0.012070
v -0.055375 0.017079 0.041514
v -0.056094 0.014510 0.040325
v 0.057968 -0.001906 -0.058375
v 0.057974 -0.001718 -0.056455
v 0.057795 0.015833 -0.006634
v 0.022664 0.053339 -0.059900
v -0.011780 0.056689 -0.065200
v -0.052907 -0.023767 -0.059900
v -0.055626 -0.016423 -0.059900
v -0.020630 0.054105 0.058646
v -0.003951 0.057765 -0.065200
v 0.003951 0.057765 -0.059900
v -0.039162 -0.042613 0.013892
v -0.053640 0.021853 0.043722
v -0.054053 0.020764 0.043219
v 0.019509 0.054564 -0.059900
v 0.011780 0.056689 -0.059900
v -0.054053 -0.021031 0.023879
v -0.044914 0.036540 -0.065200
v 0.057991 -0.000956 -0.037104
v -0.039520 0.042315 -0.065200
v -0.039246 -0.042706 -0.059900
v 0.039588 0.070500 -0.042388
v 0.019389 0.054557 -0.059900
v 0.026638 0.051408 -0.059900
v 0.019299 0.054646 -0.059900
v -0.057966 -0.001988 -0.058880
v -0.057971 -0.001820 -0.057601
v 0.058000 -0.000098 -0.020955
v -0.033390 0.047302 -0.065200
v 0.033390 0.047302 -0.065200
v 0.025607 0.051875 0.057615
v 0.026424 0.051479 0.057431
v 0.057987 -0.001205 -0.040764
v -0.055181 0.017669 0.041787
v 0.053198 0.070500 -0.023107
v 0.016353 0.055585 -0.059900
v -0.039248 0.042657 -0.059900
v 0.033390 0.047302 -0.059900
v 0.039520 0.042315 -0.059900
v -0.025603 0.051870 0.057612
v -0.044641 -0.037029 -0.059900
v 0.026942 0.051206 0.057305
v -0.049223 -0.030678 -0.059900
v 0.026638 0.051408 -0.065200
v -0.054900 0.018524 0.042182
v 0.049556 0.070500 -0.030136
v 0.044991 0.070500 -0.036603
vn 0.7058 -0.0089 -0.7084
vn 0.6887 -0.0127 -0.7249
vn 0.6822 0.0104 -0.7311
vn 0.5726 -0.0000 -0.8198
vn 0.3296 -0.0002 -0.9441
vn -0.5499 -0.0133 -0.8352
vn -0.5520 -0.0155 -0.8337
vn -0.5796 0.0065 -0.8149
vn -0.7080 -0.0086 0.7062
vn -0.6633 -0.0113 0.7483
vn -0.6795 0.0056 0.7337
vn -0.5770 -0.0000 0.8167
vn 0.4365 -0.0198 0.8995
vn 0.4599 -0.0176 0.8878
vn 0.4597 0.0110 0.8880
vn 0.6312 -0.0036 0.7756
vn 0.6647 -0.0105 0.7471
vn 0.6800 0.0049 0.7332
vn 0.9110 -0.0026 0.4124
vn 0.9204 -0.0035 0.3909
vn 0.9167 0.0099 0.3995
vn 0.9857 0.0003 0.1685
vn 0.9917 -0.0014 0.1288
vn 0.9905 0.0090 0.1373
vn 0.9948 0.0016 0.1014
vn 0.9969 0.0050 0.0789
vn 1.0000 -0.0000 0.0059
vn 0.9999 0.0107 -0.0000
vn 0.9988 0.0037 0.0481
vn 0.9976 0.0064 0.0687
vn 0.9632 0.0096 0.2686
vn 0.9592 -0.0018 0.2827
vn 0.9659 -0.0031 0.2589
vn 0.9678 -0.0034 0.2518
vn 0.9749 0.0004 0.2228
vn 0.9808 0.0031 0.1950
vn 0.9352 0.0001 0.3541
vn 0.9457 0.0024 0.3251
vn 0.9525 -0.0004 0.3045
vn 0.8961 -0.0022 0.4438
vn 0.8552 0.0086 0.5183
vn 0.8806 -0.0039 0.4739
vn 0.7608 -0.0104 0.6489
vn 0.7801 -0.0080 0.6256
vn 0.7752 0.0107 0.6316
vn 0.7902 -0.0066 0.6128
vn 0.8030 -0.0043 0.5959
vn 0.8259 -0.0076 0.5638
vn 0.8586 -0.0075 0.5126
vn 0.7079 -0.0086 0.7062
vn 0.7230 -0.0030 0.6908
vn 0.7366 -0.0051 0.6763
vn 0.6016 -0.0161 0.7987
vn 0.5801 0.0052 0.8145
vn 0.5798 -0.0000 0.8148
vn 0.4957 -0.0148 0.8683
vn 0.5281 -0.0191 0.8490
vn 0.5434 -0.0166 0.8393
vn 0.5654 -0.0185 0.8246
vn 0.3517 -0.0022 0.9361
vn 0.3351 0.0105 0.9421
vn 0.3509 -0.0154 0.9363
vn 0.3775 -0.0145 0.9259
vn 0.4210 -0.0218 0.9068
vn 0.2022 0.0102 0.9793
vn 0.2263 -0.0106 0.9740
vn 0.2452 -0.0154 0.9693
vn 0.2564 -0.0171 0.9664
vn 0.2709 -0.0141 0.9625
vn 0.3205 -0.0163 0.9471
vn 0.3509 -0.0155 0.9363
vn 0.0824 -0.0109 0.9965
vn 0.1071 -0.0273 0.9939
vn 0.0661 0.0052 0.9978
vn 0.1145 0.0060 0.9934
vn 0.1405 -0.0042 0.9901
vn 0.1620 -0.0081 0.9868
vn 0.1747 -0.0099 0.9846
vn 0.2067 -0.0155 0.9783
vn -0.0823 -0.0109 0.9965
vn -0.0581 -0.0025 0.9983
vn -0.0668 0.0071 0.9977
vn -0.0334 0.0038 0.9994
vn 0.0035 0.0083 1.0000
vn 0.0303 0.0089 0.9995
vn 0.0581 -0.0025 0.9983
vn -0.1701 -0.0093 0.9854
vn -0.1620 -0.0081 0.9868
vn -0.2023 0.0099 0.9793
vn -0.1971 -0.0136 0.9803
vn -0.1333 -0.0153 0.9910
vn -0.1254 0.0058 0.9921
vn -0.0986 -0.0084 0.9951
vn -0.3094 -0.0167 0.9508
vn -0.2879 -0.0127 0.9576
vn -0.3352 0.0104 0.9421
vn -0.2526 -0.0167 0.9674
vn -0.2363 -0.0135 0.9716
vn -0.2565 -0.0172 0.9664
vn -0.2639 -0.0139 0.9644
vn -0.2172 -0.0087 0.9761
vn -0.2171 -0.0087 0.9761
vn -0.3673 -0.0166 0.9299
vn -0.3290 -0.0185 0.9441
vn -0.4800 -0.0166 0.8771
vn -0.4607 -0.0177 0.8874
vn -0.4597 0.0110 0.8880
vn -0.4411 -0.0168 0.8973
vn -0.4287 -0.0174 0.9033
vn -0.4057 -0.0149 0.9139
vn -0.3879 -0.0106 0.9216
vn -0.3099 -0.0007 0.9508
vn -0.3108 -0.0007 0.9505
vn -0.3105 -0.0180 0.9504
vn -0.5611 -0.0171 0.8276
vn -0.5478 -0.0145 0.8365
vn -0.5801 0.0052 0.8145
vn -0.5247 -0.0128 0.8512
vn -0.4956 -0.0148 0.8684
vn -0.6328 -0.0079 0.7743
vn -0.6297 -0.0059 0.7768
vn -0.6312 -0.0101 0.7755
vn -0.6032 -0.0130 0.7975
vn -0.7758 0.0109 0.6308
vn -0.7801 -0.0080 0.6256
vn -0.7618 -0.0080 0.6478
vn -0.7527 -0.0068 0.6583
vn -0.7368 -0.0053 0.6761
vn -0.7219 -0.0054 0.6920
vn -0.8554 0.0078 0.5179
vn -0.8471 -0.0050 0.5314
vn -0.8384 -0.0053 0.5450
vn -0.8240 -0.0016 0.5666
vn -0.8035 -0.0030 0.5952
vn -0.7902 -0.0066 0.6128
vn -0.9201 -0.0021 0.3916
vn -0.9111 -0.0026 0.4122
vn -0.9170 0.0073 0.3989
vn -0.9088 -0.0022 0.4173
vn -0.8942 0.0016 0.4477
vn -0.8822 0.0008 0.4709
vn -0.8692 -0.0042 0.4944
vn -0.9471 0.0091 0.3209
vn -0.9513 0.0050 0.3083
vn -0.9627 0.0076 0.2704
vn -0.9355 0.0017 0.3534
vn -0.9289 -0.0014 0.3704
vn -0.9680 -0.0003 0.2510
vn -0.9663 -0.0007 0.2575
vn -0.9590 -0.0007 0.2834
vn -0.9898 -0.0002 0.1426
vn -0.9856 0.0014 0.1692
vn -0.9905 0.0090 0.1373
vn -0.9808 0.0031 0.1951
vn -0.9751 0.0021 0.2217
vn -0.9686 0.0003 0.2486
vn -0.9969 0.0050 0.0789
vn -0.9948 0.0016 0.1014
vn -0.9918 -0.0003 0.1280
vn -0.9999 0.0111 0.0004
vn -0.9997 0.0003 0.0236
vn -0.9988 0.0039 0.0483
vn -0.9976 0.0064 0.0687
vn -0.9928 0.0002 -0.1194
vn -0.9952 0.0021 -0.0978
vn -0.9906 0.0114 -0.1363
vn -0.9964 0.0040 -0.0848
vn -0.9995 -0.0013 -0.0318
vn -0.9995 -0.0143 -0.0277
vn -1.0000 0.0021 0.0059
vn -0.9968 0.0047 -0.0795
vn -0.9976 0.0052 -0.0686
vn -0.9988 0.0034 -0.0478
vn -0.9626 0.0102 -0.2707
vn -0.9610 -0.0017 -0.2766
vn -0.9644 -0.0010 -0.2644
vn -0.9677 -0.0003 -0.2521
vn -0.9678 -0.0002 -0.2515
vn -0.9687 -0.0001 -0.2481
vn -0.9881 0.0001 -0.1538
vn -0.9909 -0.0005 -0.1344
vn -0.9910 -0.0005 -0.1341
vn -0.9730 0.0016 -0.2309
vn -0.9764 0.0061 -0.2159
vn -0.9804 0.0057 -0.1971
vn -0.9141 -0.0030 -0.4055
vn -0.9140 -0.0030 -0.4056
vn -0.9169 0.0088 -0.3990
vn -0.9233 -0.0016 -0.3842
vn -0.9317 -0.0002 -0.3633
vn -0.9363 0.0021 -0.3511
vn -0.9404 0.0037 -0.3400
vn -0.9448 0.0071 -0.3275
vn -0.9474 0.0050 -0.3202
vn -0.9544 0.0003 -0.2986
vn -0.8445 -0.0070 -0.5354
vn -0.8443 -0.0063 -0.5359
vn -0.8552 0.0087 -0.5183
vn -0.8444 -0.0058 -0.5356
vn -0.8667 -0.0020 -0.4989
vn -0.8863 0.0024 -0.4631
vn -0.8998 0.0004 -0.4364
vn -0.7853 -0.0075 -0.6190
vn -0.7949 -0.0057 -0.6067
vn -0.7756 0.0115 -0.6311
vn -0.8026 -0.0039 -0.5965
vn -0.8133 -0.0006 -0.5818
vn -0.8294 -0.0021 -0.5587
vn -0.6998 -0.0081 -0.7143
vn -0.7219 -0.0053 -0.6920
vn -0.6804 0.0078 -0.7328
vn -0.7339 -0.0048 -0.6793
vn -0.7522 -0.0065 -0.6589
vn -0.7594 -0.0075 -0.6506
vn -0.7676 -0.0084 -0.6409
vn -0.7759 -0.0095 -0.6308
vn -0.6388 -0.0050 -0.7693
vn -0.6741 -0.0110 -0.7386
vn -0.5522 -0.0001 -0.8337
vn -0.5804 -0.0148 -0.8142
vn -0.6127 -0.0083 -0.7902
vn -0.6103 -0.0006 -0.7921
vn -0.4502 -0.0175 -0.8928
vn -0.4708 -0.0181 -0.8821
vn -0.4592 0.0102 -0.8883
vn -0.4711 -0.0171 -0.8819
vn -0.4917 -0.0146 -0.8707
vn -0.5145 -0.0124 -0.8574
vn -0.5308 -0.0120 -0.8474
vn -0.3294 -0.0034 -0.9442
vn -0.3287 -0.0139 -0.9443
vn -0.3612 -0.0141 -0.9324
vn -0.3354 0.0096 -0.9420
vn -0.3908 -0.0082 -0.9204
vn -0.4095 -0.0121 -0.9122
vn -0.2565 -0.0150 -0.9664
vn -0.2026 0.0097 -0.9792
vn -0.2417 -0.0127 -0.9703
vn -0.2172 -0.0075 -0.9761
vn -0.2678 -0.0105 -0.9634
vn -0.2782 -0.0075 -0.9605
vn -0.3018 -0.0134 -0.9533
vn -0.3287 -0.0138 -0.9443
vn -0.0465 0.0067 -0.9989
vn -0.0503 0.0097 -0.9987
vn -0.0696 0.0096 -0.9975
vn -0.0734 -0.0045 -0.9973
vn -0.0859 -0.0083 -0.9963
vn -0.1620 -0.0059 -0.9868
vn -0.1702 -0.0071 -0.9854
vn -0.0992 -0.0048 -0.9951
vn -0.1207 0.0113 -0.9926
vn -0.1410 -0.0016 -0.9900
vn -0.2004 -0.0154 -0.9796
vn -0.2140 -0.0126 -0.9768
vn 0.0817 -0.0070 -0.9966
vn 0.0741 -0.0025 -0.9972
vn 0.0696 0.0095 -0.9975
vn 0.0740 -0.0001 -0.9973
vn 0.0554 0.0007 -0.9985
vn 0.0321 0.0049 -0.9995
vn 0.0695 0.0095 -0.9975
vn 0.0105 0.0057 -0.9999
vn -0.0320 -0.0071 -0.9995
vn 0.2057 -0.0105 -0.9786
vn 0.1826 -0.0085 -0.9832
vn 0.2029 0.0093 -0.9791
vn 0.1620 -0.0060 -0.9868
vn 0.1547 -0.0076 -0.9879
vn 0.1284 -0.0132 -0.9916
vn 0.1247 0.0067 -0.9922
vn 0.0986 -0.0051 -0.9951
vn 0.2528 -0.0146 -0.9674
vn 0.2460 -0.0128 -0.9692
vn 0.2565 -0.0153 -0.9664
vn 0.3291 -0.0173 -0.9441
vn 0.3106 -0.0158 -0.9504
vn 0.3341 0.0102 -0.9425
vn 0.2884 -0.0051 -0.9575
vn 0.2735 -0.0080 -0.9618
vn 0.2277 -0.0116 -0.9737
vn 0.2058 -0.0104 -0.9785
vn 0.4514 -0.0158 -0.8922
vn 0.4515 -0.0158 -0.8922
vn 0.4611 0.0101 -0.8873
vn 0.4338 -0.0164 -0.9008
vn 0.4195 -0.0168 -0.9076
vn 0.4139 -0.0160 -0.9102
vn 0.3921 -0.0139 -0.9198
vn 0.3493 -0.0167 -0.9368
vn 0.3295 -0.0002 -0.9442
vn 0.5224 -0.0121 -0.8526
vn 0.4999 -0.0138 -0.8660
vn 0.4722 -0.0162 -0.8813
vn 0.5719 -0.0155 -0.8202
vn 0.5546 -0.0175 -0.8319
vn 0.5760 0.0091 -0.8174
vn 0.5400 -0.0100 -0.8416
vn 0.5349 -0.0066 -0.8449
vn 0.6685 -0.0125 -0.7436
vn 0.6464 -0.0053 -0.7630
vn 0.6270 -0.0057 -0.7790
vn 0.5859 -0.0142 -0.8103
vn 0.7756 0.0114 -0.6311
vn 0.7759 -0.0083 -0.6308
vn 0.7661 -0.0111 -0.6427
vn 0.7528 -0.0115 -0.6582
vn 0.7345 -0.0063 -0.6786
vn 0.7219 -0.0052 -0.6920
vn 0.8051 -0.0037 -0.5931
vn 0.8264 -0.0073 -0.5630
vn 0.8549 0.0099 -0.5187
vn 0.7949 -0.0057 -0.6067
vn 0.7856 -0.0070 -0.6187
vn 0.9142 -0.0030 -0.4053
vn 0.9094 -0.0022 -0.4159
vn 0.9170 0.0092 -0.3987
vn 0.8992 0.0017 -0.4376
vn 0.8850 0.0022 -0.4657
vn 0.8699 -0.0041 -0.4932
vn 0.8543 -0.0047 -0.5197
vn 0.8383 -0.0083 -0.5451
vn 0.9405 0.0037 -0.3398
vn 0.9362 0.0009 -0.3514
vn 0.9544 -0.0000 -0.2984
vn 0.9474 0.0050 -0.3202
vn 0.9630 0.0089 -0.2695
vn 0.9448 0.0072 -0.3276
vn 0.9236 -0.0028 -0.3833
vn 0.9909 -0.0018 -0.1342
vn 0.9882 -0.0006 -0.1533
vn 0.9905 0.0102 -0.1370
vn 0.9804 0.0058 -0.1970
vn 0.9760 0.0092 -0.2178
vn 0.9733 0.0033 -0.2295
vn 0.9687 -0.0016 -0.2483
vn 0.9672 -0.0026 -0.2540
vn 0.9641 -0.0027 -0.2654
vn 0.9610 -0.0023 -0.2765
vn 0.9968 0.0047 -0.0795
vn 0.9964 0.0041 -0.0846
vn 0.9997 0.0005 -0.0244
vn 0.9988 0.0048 -0.0488
vn 0.9977 0.0074 -0.0673
vn 0.9952 0.0021 -0.0977
vn 0.9928 -0.0004 -0.1198
vn 0.8558 0.3199 0.4065
vn 0.8508 0.2608 0.4562
vn 0.7941 0.3007 0.5282
vn 0.8544 0.4258 0.2978
vn 0.8568 0.3747 0.3542
vn 0.8016 0.4345 0.4106
vn 0.8009 0.5982 0.0254
vn 0.8195 0.5658 0.0908
vn 0.7571 0.6433 0.1135
vn 0.8417 0.1951 0.5034
vn 0.8270 0.1216 0.5489
vn 0.7651 0.1418 0.6281
vn -0.2898 0.9568 -0.0228
vn -0.2653 0.9642 0.0034
vn -0.2838 0.9588 0.0104
vn 0.9998 0.0173 0.0013
vn 0.9998 0.0181 0.0014
vn 0.9975 0.0635 0.0314
vn -0.1772 0.0277 0.9838
vn -0.9998 -0.0067 -0.0164
vn -0.9998 -0.0070 -0.0165
vn -0.9998 -0.0128 -0.0123
vn -1.0000 -0.0011 0.0009
vn -0.9994 0.0335 0.0005
vn -0.9999 0.0116 0.0005
vn -0.9999 0.0119 0.0003
vn -1.0000 0.0016 -0.0000
vn -0.9999 0.0115 0.0008
vn -0.9995 0.0326 0.0018
vn -0.9999 0.0122 0.0004
vn -1.0000 0.0012 -0.0008
vn -1.0000 0.0055 -0.0000
vn -0.9996 0.0261 0.0083
vn -1.0000 0.0047 -0.0000
vn -1.0000 0.0012 -0.0037
vn -1.0000 0.0055 -0.0016
vn -0.9997 0.0220 0.0105
vn -1.0000 0.0051 -0.0014
vn -1.0000 0.0052 -0.0050
vn -0.9998 0.0178 0.0117
vn -1.0000 0.0061 -0.0075
vn -1.0000 0.0037 -0.0054
vn -0.9998 -0.0120 -0.0179
vn -0.9997 -0.0026 -0.0255
vn -0.9998 -0.0061 -0.0200
vn -1.0000 -0.0065 0.0009
vn -0.9998 -0.0204 0.0006
vn -0.9998 -0.0217 0.0009
vn -0.9997 -0.0222 0.0055
vn -0.9998 -0.0194 0.0001
vn -0.9997 -0.0118 -0.0235
vn -1.0000 -0.0091 0.0002
vn -0.9998 0.0104 0.0181
vn -0.9998 -0.0174 -0.0013
vn -1.0000 -0.0021 -0.0010
vn -1.0000 -0.0029 -0.0007
vn -0.9997 0.0080 0.0220
vn -1.0000 -0.0035 -0.0003
vn -0.9999 -0.0142 0.0036
vn -1.0000 0.0003 -0.0004
vn -1.0000 -0.0001 -0.0012
vn -0.9996 0.0056 0.0272
vn -1.0000 -0.0013 -0.0008
vn -1.0000 -0.0033 -0.0009
vn -1.0000 -0.0000 -0.0001
vn -1.0000 0.0001 0.0002
vn -0.9995 0.0029 0.0318
vn -1.0000 -0.0000 0.0002
vn -1.0000 -0.0001 0.0003
vn -1.0000 -0.0001 0.0045
vn -1.0000 -0.0000 -0.0000
vn -0.9994 -0.0001 0.0347
vn -0.9994 0.0004 0.0344
vn -1.0000 0.0017 0.0059
vn -0.9964 -0.0003 0.0849
vn -0.9898 -0.0004 0.1421
vn -0.9800 -0.0007 0.1990
vn -0.9668 -0.0015 0.2554
vn -0.9676 -0.0018 0.2526
vn -0.9683 -0.0018 0.2499
vn -0.9505 -0.0023 0.3107
vn -0.9310 -0.0034 0.3650
vn -0.9085 -0.0045 0.4179
vn -0.8828 -0.0044 0.4698
vn -0.8556 -0.0054 0.5176
vn -0.8238 -0.0087 0.5668
vn -0.7902 -0.0111 0.6127
vn -0.7539 -0.0135 0.6569
vn -0.7154 -0.0154 0.6985
vn -0.5915 -0.0137 0.8062
vn -0.6319 -0.0115 0.7750
vn -0.6744 -0.0160 0.7382
vn -0.5436 -0.0186 0.8392
vn -0.4937 -0.0218 0.8694
vn -0.4446 -0.0204 0.8955
vn -0.3940 -0.0154 0.9190
vn -0.3413 -0.0103 0.9399
vn -0.2910 -0.0009 0.9567
vn -0.3103 -0.0183 0.9505
vn -0.2338 0.0146 0.9722
vn -0.1266 0.0572 0.9903
vn -0.0570 0.0663 0.9962
vn 0.0588 0.0671 0.9960
vn -0.0012 0.0720 0.9974
vn 0.1789 0.0286 0.9835
vn 0.1172 0.0582 0.9914
vn 0.2351 0.0137 0.9719
vn 0.2903 0.0017 0.9569
vn 0.3435 -0.0078 0.9391
vn 0.3958 -0.0145 0.9182
vn 0.4440 -0.0176 0.8959
vn 0.4961 -0.0192 0.8680
vn 0.5506 -0.0206 0.8345
vn 0.6350 -0.0151 0.7724
vn 0.7152 -0.0185 0.6987
vn 0.7908 -0.0128 0.6120
vn 0.9083 -0.0056 0.4184
vn 0.8547 -0.0075 0.5191
vn 0.9503 -0.0040 0.3114
vn 0.9798 -0.0026 0.1998
vn 0.9957 -0.0011 0.0921
vn 1.0000 -0.0017 0.0005
vn 0.9958 0.0011 0.0917
vn 1.0000 -0.0001 -0.0000
vn 1.0000 -0.0000 -0.0000
vn 0.9963 0.0076 0.0853
vn 1.0000 -0.0001 0.0002
vn 1.0000 0.0002 0.0002
vn 1.0000 0.0010 0.0005
vn 0.9969 0.0170 0.0764
vn 1.0000 -0.0012 0.0009
vn 1.0000 -0.0021 0.0010
vn 1.0000 -0.0006 0.0011
vn 0.9975 0.0250 0.0662
vn 0.9999 -0.0117 0.0026
vn 0.9999 -0.0169 0.0029
vn 0.9998 -0.0172 -0.0058
vn 0.9997 -0.0244 0.0092
vn 0.9998 -0.0042 -0.0175
vn 0.9999 0.0078 -0.0073
vn -0.0000 -0.0000 1.0000
vn 0.9991 -0.0173 -0.0386
vn 0.9998 -0.0195 -0.0016
vn 0.9999 -0.0054 -0.0089
vn 0.9996 -0.0011 -0.0275
vn 0.9999 -0.0068 -0.0155
vn 0.9999 -0.0057 -0.0154
vn 0.9998 -0.0063 -0.0203
vn 0.9997 -0.0047 -0.0245
vn 0.9999 0.0130 -0.0005
vn 0.9999 0.0171 -0.0013
vn 0.9978 0.0550 0.0379
vn 0.9999 0.0167 -0.0005
vn 0.9999 0.0115 0.0016
vn 0.9999 0.0136 0.0015
vn 0.9998 0.0198 0.0022
vn 0.9999 0.0139 0.0015
vn 0.9971 0.0722 0.0235
vn 0.9998 0.0180 0.0020
vn 0.9998 0.0184 0.0018
vn 0.9992 0.0397 0.0015
vn 0.9992 0.0394 0.0012
vn 0.9967 0.0803 0.0139
vn 0.9992 0.0389 0.0023
vn 0.9983 0.0575 0.0010
vn 0.9998 0.0183 0.0017
vn 0.9999 0.0142 -0.0008
vn 0.9958 0.0920 -0.0018
vn 1.0000 0.0032 0.0002
vn 0.9992 0.0400 0.0013
vn 0.9790 0.2037 0.0031
vn 0.9837 0.1800 -0.0014
vn 0.9795 0.2012 -0.0030
vn 0.9920 0.1265 -0.0043
vn 0.9968 0.0804 0.0031
vn 0.9689 0.2474 -0.0046
vn 0.9497 0.3131 -0.0040
vn 0.9539 0.3002 -0.0013
vn 0.9004 0.4352 -0.0004
vn 0.9104 0.4138 -0.0025
vn 0.9074 0.4201 -0.0054
vn 0.9321 0.3621 -0.0064
vn 0.9467 0.3222 0.0016
vn 0.8817 0.4717 -0.0088
vn 0.8535 0.5210 -0.0071
vn 0.8532 0.5216 -0.0046
vn 0.7885 0.6150 -0.0071
vn 0.8191 0.5735 -0.0122
vn 0.8408 0.5414 -0.0043
vn 0.7221 0.6917 0.0044
vn 0.7252 0.6885 -0.0041
vn 0.7359 0.6769 -0.0155
vn 0.7532 0.6568 -0.0374
vn 0.7748 0.6321 -0.0160
vn 0.8066 0.5911 -0.0053
vn 0.6486 0.7611 0.0090
vn 0.6595 0.7514 -0.0197
vn 0.6943 0.7195 -0.0157
vn 0.5521 0.8335 0.0192
vn 0.5704 0.8213 -0.0118
vn 0.5978 0.8015 0.0153
vn 0.6129 0.7901 -0.0088
vn 0.6398 0.7685 -0.0042
vn 0.4438 0.8948 0.0482
vn 0.4510 0.8905 -0.0599
vn 0.4439 0.8960 0.0128
vn 0.4494 0.8855 -0.1178
vn 0.5056 0.8611 0.0543
vn 0.4742 0.8577 -0.1988
vn 0.5343 0.8452 -0.0155
vn 0.5822 0.7012 0.4116
vn 0.5823 0.7011 0.4116
vn 0.4067 0.9115 -0.0616
vn 0.3912 0.9203 0.0049
vn 0.3558 0.9333 -0.0480
vn 0.3391 0.9407 0.0010
vn 0.3309 0.9436 0.0082
vn 0.3044 0.9512 -0.0503
vn 0.2866 0.9579 0.0150
vn 0.2507 0.9673 -0.0395
vn 0.2316 0.9725 0.0242
vn 0.2213 0.9750 0.0214
vn 0.1970 0.9798 -0.0336
vn 0.1773 0.9838 0.0272
vn 0.1739 0.9848 0.0023
vn 0.1277 0.9901 0.0586
vn 0.1377 0.9901 0.0283
vn 0.1307 0.9891 -0.0676
vn -0.0007 1.0000 0.0012
vn 0.0263 0.9988 -0.0402
vn 0.0684 0.9950 0.0724
vn 0.0785 0.9963 0.0347
vn 0.0754 0.9954 -0.0597
vn 0.0003 0.9980 0.0638
vn -0.0585 0.9965 0.0595
vn -0.0310 0.9995 0.0109
vn -0.0651 0.9979 0.0011
vn -0.1177 0.9919 0.0471
vn -0.0923 0.9957 0.0090
vn -0.1267 0.9919 -0.0071
vn -0.1752 0.9840 0.0323
vn -0.1521 0.9883 0.0062
vn -0.1864 0.9823 -0.0158
vn -0.2319 0.9726 0.0191
vn -0.2110 0.9775 0.0046
vn -0.2479 0.9683 -0.0319
vn -0.3389 0.9407 0.0179
vn -0.3282 0.9442 0.0272
vn -0.3142 0.9449 -0.0922
vn -0.4723 0.8814 -0.0047
vn -0.4571 0.8864 0.0738
vn -0.4466 0.8942 0.0295
vn -0.4065 0.9101 -0.0808
vn -0.3921 0.9197 0.0205
vn -0.3852 0.9220 0.0401
vn -0.3619 0.9248 -0.1173
vn -0.5475 0.8368 -0.0018
vn -0.5189 0.8548 -0.0076
vn -0.5538 0.8324 0.0207
vn -0.5067 0.8617 0.0266
vn -0.5992 0.8004 0.0168
vn -0.5834 0.8120 -0.0160
vn -0.5637 0.8258 -0.0182
vn -0.6840 0.7294 0.0109
vn -0.6544 0.7561 -0.0098
vn -0.6426 0.7661 0.0144
vn -0.6272 0.7788 -0.0103
vn -0.6082 0.7937 -0.0074
vn -0.7178 0.6962 -0.0039
vn -0.6988 0.7152 -0.0083
vn -0.6718 0.7407 -0.0104
vn -0.7155 0.6986 -0.0083
vn -0.7555 0.6552 -0.0042
vn -0.7410 0.6714 -0.0059
vn -0.7570 0.6534 -0.0060
vn -0.7907 0.6122 -0.0040
vn -0.7824 0.6228 -0.0023
vn -0.7973 0.6036 -0.0036
vn -0.8240 0.5666 -0.0038
vn -0.8206 0.5715 -0.0011
vn -0.8337 0.5522 -0.0023
vn -0.8548 0.5190 -0.0032
vn -0.8544 0.5196 0.0001
vn -0.8662 0.4997 -0.0011
vn -0.8829 0.4695 -0.0025
vn -0.8849 0.4658 0.0010
vn -0.8953 0.4454 -0.0001
vn -0.9083 0.4183 -0.0018
vn -0.9119 0.4104 0.0016
vn -0.9210 0.3895 0.0005
vn -0.9309 0.3654 -0.0012
vn -0.9356 0.3532 0.0019
vn -0.9413 0.3377 0.0002
vn -0.9503 0.3113 -0.0010
vn -0.9499 0.3125 -0.0004
vn -0.9549 0.2971 0.0001
vn -0.9666 0.2562 -0.0006
vn -0.9632 0.2687 0.0023
vn -0.9691 0.2466 0.0019
vn -0.9798 0.2000 -0.0005
vn -0.9782 0.2076 0.0030
vn -0.9827 0.1852 0.0024
vn -0.9897 0.1430 -0.0005
vn -0.9893 0.1457 0.0032
vn -0.9924 0.1234 0.0025
vn -0.9963 0.0856 -0.0006
vn -0.9965 0.0838 0.0032
vn -0.9982 0.0604 0.0026
vn -0.9998 0.0192 0.0028
vn -1.0000 0.0047 0.0008
vn 0.9978 0.0335 0.0571
vn 0.9861 0.0606 0.1546
vn 0.9610 0.0603 0.2698
vn 0.9845 0.0388 0.1710
vn 0.9169 0.0314 0.3978
vn 0.9554 0.0238 0.2944
vn 0.9822 0.0158 0.1873
vn 0.8566 0.0020 0.5160
vn 0.9096 0.0023 0.4155
vn 0.9510 0.0023 0.3091
vn 0.9802 0.0019 0.1980
vn 0.6576 0.0282 0.7529
vn 0.7281 0.0224 0.6851
vn -0.9975 0.0258 0.0654
vn -0.9977 0.0338 0.0587
vn -0.9929 0.0433 0.1106
vn -0.9934 0.0570 0.0993
vn -0.9859 0.0608 0.1558
vn -0.9869 0.0802 0.1399
vn -0.9765 0.0781 0.2008
vn -0.9782 0.1033 0.1804
vn -0.9647 0.0953 0.2456
vn -0.9671 0.1263 0.2207
vn -0.9504 0.1124 0.2900
vn -0.9538 0.1491 0.2608
vn -0.9337 0.1293 0.3340
vn -0.9381 0.1719 0.3007
vn -0.9144 0.1461 0.3776
vn -0.9200 0.1944 0.3404
vn -0.8926 0.1626 0.4205
vn -0.8994 0.2168 0.3796
vn -0.8682 0.1791 0.4628
vn -0.8762 0.2390 0.4184
vn -0.8412 0.1953 0.5043
vn -0.8504 0.2610 0.4568
vn -0.8115 0.2115 0.5448
vn -0.8219 0.2828 0.4944
vn -0.7790 0.2275 0.5843
vn -0.7906 0.3044 0.5314
vn -0.7437 0.2437 0.6225
vn -0.7563 0.3259 0.5673
vn -0.7061 0.2597 0.6588
vn -0.7189 0.3471 0.6022
vn -0.6826 0.3649 0.6331
vn -0.9968 0.0069 0.0795
vn -0.9972 0.0166 0.0724
vn -0.9909 0.0112 0.1342
vn -0.9921 0.0276 0.1225
vn -0.9819 0.0153 0.1887
vn -0.9843 0.0386 0.1724
vn -0.9699 0.0194 0.2426
vn -0.9738 0.0495 0.2221
vn -0.9550 0.0234 0.2957
vn -0.9606 0.0602 0.2712
vn -0.9372 0.0273 0.3478
vn -0.9449 0.0707 0.3197
vn -0.9165 0.0311 0.3989
vn -0.9264 0.0811 0.3676
vn -0.8930 0.0348 0.4488
vn -0.9053 0.0914 0.4147
vn -0.8668 0.0385 0.4971
vn -0.8816 0.1015 0.4609
vn -0.8380 0.0422 0.5440
vn -0.8553 0.1116 0.5059
vn -0.8068 0.0461 0.5891
vn -0.8264 0.1216 0.5498
vn -0.7731 0.0503 0.6322
vn -0.7949 0.1316 0.5922
vn -0.7372 0.0548 0.6735
vn -0.7609 0.1418 0.6332
vn -0.6990 0.0600 0.7126
vn -0.7242 0.1522 0.6726
vn -0.6595 0.0660 0.7488
vn -0.6852 0.1632 0.7098
vn -0.6483 0.1757 0.7408
vn -0.9964 0.0009 0.0844
vn -0.9899 0.0014 0.1416
vn -0.9801 0.0017 0.1984
vn -0.9671 0.0019 0.2545
vn -0.9509 0.0020 0.3095
vn -0.9316 0.0020 0.3635
vn -0.9093 0.0019 0.4161
vn -0.8842 0.0018 0.4672
vn -0.8563 0.0016 0.5165
vn -0.8258 0.0014 0.5640
vn -0.7928 0.0013 0.6095
vn -0.7575 0.0015 0.6528
vn -0.7201 0.0021 0.6939
vn -0.6805 0.0031 0.7327
vn -0.6392 0.0050 0.7690
vn -0.6047 0.0307 0.7959
vn -0.5589 0.0376 0.8284
vn -0.5126 0.0451 0.8575
vn -0.4648 0.0554 0.8837
vn -0.4154 0.0695 0.9070
vn -0.3644 0.0886 0.9270
vn -0.3114 0.1136 0.9435
vn -0.2561 0.1456 0.9556
vn -0.1975 0.1831 0.9630
vn -0.1353 0.2219 0.9656
vn -0.0694 0.2522 0.9652
vn -0.0007 0.2645 0.9644
vn 0.0682 0.2521 0.9653
vn 0.1343 0.2217 0.9658
vn 0.1968 0.1828 0.9632
vn 0.2556 0.1453 0.9558
vn 0.3112 0.1134 0.9435
vn 0.3643 0.0885 0.9271
vn 0.4155 0.0694 0.9069
vn 0.4649 0.0554 0.8836
vn 0.5128 0.0453 0.8573
vn 0.5655 0.0422 0.8236
vn 0.6020 0.0510 0.7969
vn -0.9966 0.0818 0.0040
vn -0.9904 0.1378 0.0065
vn -0.9811 0.1934 0.0088
vn -0.9686 0.2484 0.0110
vn -0.9531 0.3024 0.0132
vn -0.9346 0.3555 0.0152
vn -0.9131 0.4073 0.0172
vn -0.8889 0.4577 0.0191
vn -0.8620 0.5065 0.0211
vn -0.8324 0.5536 0.0232
vn -0.8004 0.5989 0.0253
vn -0.7661 0.6421 0.0278
vn -0.7299 0.6829 0.0306
vn -1.0000 -0.0021 0.0001
vn -0.9995 0.0297 0.0052
vn -0.9974 0.0680 0.0224
vn -0.9971 0.0752 0.0127
vn -0.9926 0.1151 0.0375
vn -0.9917 0.1272 0.0210
vn -0.9854 0.1621 0.0526
vn -0.9834 0.1791 0.0292
vn -0.9756 0.2089 0.0676
vn -0.9724 0.2305 0.0373
vn -0.9634 0.2553 0.0824
vn -0.9585 0.2813 0.0452
vn -0.9486 0.3013 0.0971
vn -0.9420 0.3314 0.0530
vn -0.9313 0.3468 0.1116
vn -0.9227 0.3807 0.0607
vn -0.9114 0.3918 0.1259
vn -0.9007 0.4291 0.0683
vn -0.8890 0.4360 0.1401
vn -0.8761 0.4762 0.0758
vn -0.8639 0.4795 0.1541
vn -0.8488 0.5221 0.0832
vn -0.8362 0.5220 0.1680
vn -0.8190 0.5667 0.0907
vn -0.8059 0.5634 0.1819
vn -0.7866 0.6095 0.0983
vn -0.7729 0.6036 0.1957
vn -0.7519 0.6507 0.1061
vn -0.7371 0.6424 0.2097
vn -0.7130 0.6939 0.1010
vn -0.6990 0.6792 0.2237
vn -0.6708 0.7338 0.1076
vn -0.6374 0.7576 0.1404
vn -0.9978 0.0546 0.0384
vn -0.9976 0.0612 0.0309
vn -0.9936 0.0924 0.0648
vn -0.9933 0.1036 0.0520
vn -0.9873 0.1302 0.0913
vn -0.9866 0.1459 0.0730
vn -0.9788 0.1679 0.1176
vn -0.9776 0.1882 0.0940
vn -0.9680 0.2054 0.1438
vn -0.9664 0.2302 0.1148
vn -0.9551 0.2429 0.1699
vn -0.9527 0.2720 0.1355
vn -0.9398 0.2801 0.1959
vn -0.9367 0.3135 0.1561
vn -0.9221 0.3172 0.2218
vn -0.9182 0.3547 0.1765
vn -0.9019 0.3539 0.2475
vn -0.8972 0.3954 0.1967
vn -0.8793 0.3904 0.2730
vn -0.8737 0.4356 0.2167
vn -0.8539 0.4264 0.2982
vn -0.8475 0.4752 0.2366
vn -0.8259 0.4619 0.3232
vn -0.8186 0.5141 0.2563
vn -0.7950 0.4969 0.3480
vn -0.7868 0.5521 0.2758
vn -0.7610 0.5311 0.3725
vn -0.7522 0.5892 0.2952
vn -0.7244 0.5640 0.3965
vn -0.7145 0.6249 0.3146
vn -0.6784 0.6562 0.3304
vn -0.9998 0.0128 0.0161
vn -0.9998 0.0147 0.0141
vn -0.9978 0.0412 0.0521
vn -0.9978 0.0480 0.0454
vn -0.9937 0.0695 0.0881
vn -0.9937 0.0812 0.0767
vn -0.9874 0.0979 0.1241
vn -0.9875 0.1143 0.1081
vn -0.9790 0.1261 0.1601
vn -0.9792 0.1474 0.1394
vn -0.9684 0.1543 0.1959
vn -0.9687 0.1804 0.1706
vn -0.9556 0.1824 0.2316
vn -0.9560 0.2133 0.2016
vn -0.9404 0.2103 0.2672
vn -0.9409 0.2460 0.2326
vn -0.9229 0.2381 0.3026
vn -0.9236 0.2787 0.2634
vn -0.9030 0.2658 0.3377
vn -0.9038 0.3111 0.2940
vn -0.8805 0.2932 0.3725
vn -0.8814 0.3432 0.3245
vn -0.8553 0.3204 0.4071
vn -0.8565 0.3751 0.3546
vn -0.8275 0.3473 0.4411
vn -0.8288 0.4066 0.3844
vn -0.7968 0.3740 0.4746
vn -0.7982 0.4378 0.4138
vn -0.7630 0.4003 0.5075
vn -0.7645 0.4683 0.4429
vn -0.7265 0.4259 0.5393
vn -0.7277 0.4983 0.4713
vn -0.6919 0.5245 0.4961
vn 0.8766 0.4752 0.0760
vn 0.8623 0.5060 0.0213
vn 0.9232 0.3795 0.0610
vn 0.9135 0.4066 0.0174
vn 0.9590 0.2799 0.0455
vn 0.9534 0.3016 0.0135
vn 0.9837 0.1775 0.0295
vn 0.9813 0.1925 0.0091
vn 0.9961 0.0879 0.0046
vn 1.0000 -0.0020 0.0088
vn 0.9979 0.0406 0.0512
vn 0.7932 0.0016 0.6090
vn 0.8075 0.0462 0.5881
vn 0.8673 0.0388 0.4962
vn 0.8822 0.1016 0.4599
vn 0.9269 0.0813 0.3664
vn 0.9340 0.1293 0.3330
vn 0.9650 0.0952 0.2444
vn 0.9674 0.1260 0.2197
vn 0.9871 0.0799 0.1389
vn 0.9686 0.1538 0.1951
vn 0.9876 0.0973 0.1233
vn 0.8930 0.1626 0.4196
vn 0.8997 0.2166 0.3789
vn 0.9384 0.1716 0.2999
vn 0.9033 0.2654 0.3371
vn 0.9407 0.2099 0.2665
vn -0.6002 0.1896 0.7771
vn -0.5536 0.2047 0.8072
vn -0.5045 0.2221 0.8343
vn -0.4529 0.2429 0.8578
vn -0.3984 0.2679 0.8772
vn -0.3411 0.2984 0.8914
vn -0.2804 0.3342 0.8998
vn -0.2159 0.3747 0.9017
vn -0.1473 0.4144 0.8981
vn -0.0752 0.4448 0.8925
vn -0.0005 0.4560 0.8900
vn 0.0743 0.4444 0.8927
vn 0.1466 0.4139 0.8985
vn 0.2152 0.3741 0.9021
vn 0.2799 0.3335 0.9002
vn 0.3407 0.2978 0.8918
vn 0.3981 0.2672 0.8776
vn 0.4526 0.2423 0.8582
vn 0.5043 0.2217 0.8346
vn 0.5534 0.2043 0.8075
vn 0.6001 0.1893 0.7772
vn 0.6442 0.1761 0.7443
vn 0.6964 0.1618 0.6991
vn 0.9041 0.3106 0.2936
vn 0.9023 0.3533 0.2472
vn 0.9412 0.2455 0.2321
vn 0.9400 0.2794 0.1956
vn 0.9689 0.1797 0.1700
vn 0.9683 0.2046 0.1434
vn 0.9877 0.1136 0.1075
vn 0.9874 0.1293 0.0908
vn 0.9979 0.0473 0.0447
vn 1.0000 -0.0048 -0.0049
vn 0.9999 -0.0132 -0.0102
vn 0.9856 0.1608 0.0526
vn 0.9868 0.1449 0.0728
vn 0.9637 0.2540 0.0824
vn 0.9666 0.2292 0.1146
vn 0.9317 0.3458 0.1116
vn 0.9370 0.3126 0.1559
vn 0.8894 0.4352 0.1401
vn 0.8976 0.3946 0.1965
vn 0.8368 0.5211 0.1679
vn 0.8479 0.4746 0.2364
vn 0.7903 0.5490 0.2721
vn -0.5918 0.7912 0.1544
vn -0.5453 0.8212 0.1681
vn -0.4965 0.8482 0.1845
vn -0.4579 0.8884 0.0346
vn -0.4454 0.8716 0.2045
vn -0.4107 0.9104 0.0496
vn -0.3918 0.8910 0.2295
vn -0.3598 0.9306 0.0675
vn -0.3354 0.9054 0.2603
vn -0.3071 0.9473 0.0911
vn -0.2758 0.9140 0.2975
vn -0.2521 0.9600 0.1218
vn -0.2123 0.9164 0.3394
vn -0.1940 0.9682 0.1576
vn -0.1447 0.9130 0.3814
vn -0.1324 0.9718 0.1952
vn -0.0734 0.9074 0.4138
vn -0.0672 0.9721 0.2248
vn 0.0005 0.9046 0.4263
vn 0.0006 0.9717 0.2364
vn 0.0744 0.9072 0.4140
vn 0.0683 0.9720 0.2249
vn 0.1456 0.9127 0.3818
vn 0.1333 0.9717 0.1952
vn 0.2130 0.9161 0.3399
vn 0.1946 0.9681 0.1577
vn 0.2763 0.9137 0.2980
vn 0.2525 0.9599 0.1218
vn 0.3359 0.9051 0.2608
vn 0.3072 0.9473 0.0911
vn 0.3921 0.8907 0.2300
vn 0.3598 0.9306 0.0674
vn 0.4457 0.8714 0.2050
vn 0.4105 0.9105 0.0494
vn 0.4967 0.8480 0.1849
vn 0.4597 0.8873 0.0366
vn 0.5454 0.8211 0.1685
vn 0.5075 0.8612 0.0274
vn 0.5919 0.7910 0.1547
vn 0.6360 0.7583 0.1429
vn 0.6885 0.7133 0.1307
vn -0.9999 -0.0064 -0.0110
vn -0.9998 -0.0146 -0.0110
vn -0.6445 0.5554 0.5255
vn -0.6302 0.6924 0.3514
vn -0.5970 0.5825 0.5516
vn -0.5829 0.7226 0.3716
vn -0.5458 0.6081 0.5765
vn -0.5323 0.7501 0.3924
vn -0.4906 0.6319 0.6000
vn -0.4781 0.7744 0.4144
vn -0.4313 0.6536 0.6220
vn -0.4204 0.7948 0.4377
vn -0.3681 0.6728 0.6418
vn -0.3590 0.8103 0.4632
vn -0.3009 0.6890 0.6594
vn -0.2940 0.8207 0.4899
vn -0.2300 0.7016 0.6744
vn -0.2251 0.8252 0.5180
vn -0.1558 0.7109 0.6858
vn -0.1527 0.8250 0.5440
vn -0.0789 0.7165 0.6931
vn -0.0773 0.8226 0.5633
vn -0.0000 0.7182 0.6958
vn 0.0003 0.8210 0.5709
vn 0.0789 0.7163 0.6933
vn 0.0778 0.8224 0.5636
vn 0.1558 0.7105 0.6862
vn 0.1531 0.8246 0.5446
vn 0.2300 0.7011 0.6749
vn 0.2254 0.8248 0.5186
vn 0.3009 0.6885 0.6599
vn 0.2942 0.8203 0.4905
vn 0.3681 0.6722 0.6424
vn 0.3593 0.8098 0.4638
vn 0.4313 0.6531 0.6224
vn 0.4206 0.7944 0.4383
vn 0.4906 0.6315 0.6004
vn 0.4783 0.7740 0.4149
vn 0.5458 0.6077 0.5768
vn 0.5324 0.7498 0.3928
vn 0.5970 0.5823 0.5518
vn 0.5830 0.7224 0.3719
vn 0.6445 0.5552 0.5258
vn 0.6302 0.6922 0.3517
vn 0.6882 0.5270 0.4987
vn 0.6742 0.6597 0.3320
vn 0.7383 0.4901 0.4634
vn 0.7251 0.6161 0.3077
vn -0.6349 0.3878 0.6682
vn -0.5876 0.4092 0.6981
vn -0.5368 0.4309 0.7254
vn -0.4823 0.4533 0.7496
vn -0.4241 0.4763 0.7703
vn -0.3622 0.5007 0.7862
vn -0.2964 0.5255 0.7975
vn -0.2269 0.5506 0.8033
vn -0.1540 0.5735 0.8046
vn -0.0782 0.5902 0.8035
vn -0.0002 0.5960 0.8030
vn 0.0777 0.5899 0.8037
vn 0.1536 0.5731 0.8050
vn 0.2266 0.5500 0.8038
vn 0.2962 0.5249 0.7980
vn 0.3619 0.5001 0.7867
vn 0.4239 0.4757 0.7707
vn 0.4822 0.4529 0.7500
vn 0.5367 0.4305 0.7257
vn 0.5875 0.4089 0.6983
vn 0.6348 0.3875 0.6684
vn 0.6788 0.3663 0.6365
vn 0.7294 0.3398 0.5937
vn -0.4973 0.8676 0.0008
vn 0.3215 0.7231 -0.6114
vn 0.9999 -0.0075 -0.0120
vn 0.2860 0.8702 -0.4011
vn 0.2715 0.9252 -0.2650
vn 0.2098 0.9278 -0.3085
vn -0.9997 0.0234 -0.0097
vn -0.9997 0.0209 -0.0112
vn -0.9977 0.0598 -0.0319
vn -0.9668 0.2556 0.0013
vn -0.9799 0.1993 0.0007
vn -0.9799 0.1993 -0.0004
vn -0.2198 0.8726 -0.4361
vn -0.2099 0.9270 -0.3108
vn -0.2733 0.9242 -0.2668
vn 0.2418 0.1094 -0.9641
vn 0.2323 0.0123 -0.9726
vn 0.2949 0.0207 -0.9553
vn 0.1787 0.0274 -0.9835
vn 0.2176 0.4057 -0.8878
vn 0.2070 0.2813 -0.9370
vn 0.2626 0.2321 -0.9366
vn 0.3649 0.5507 -0.7507
vn 0.3696 0.6649 -0.6491
vn 0.3019 0.6623 -0.6857
vn 0.4760 0.3976 -0.7844
vn 0.4186 0.4213 -0.8045
vn 0.4036 0.3032 -0.8632
vn 0.4588 0.2784 -0.8438
vn 0.5111 0.2577 -0.8200
vn 0.5333 0.4031 -0.7437
vn 0.6500 0.0026 -0.7599
vn 0.6737 0.0782 -0.7349
vn 0.6202 0.0800 -0.7804
vn 0.7951 0.3421 -0.5008
vn 0.7986 0.4150 -0.4358
vn 0.7388 0.4458 -0.5053
vn 0.7682 0.1707 -0.6171
vn 0.7852 0.2615 -0.5614
vn 0.7269 0.3149 -0.6103
vn 0.9106 0.0063 -0.4133
vn 0.9086 -0.0016 -0.4176
vn 0.9505 -0.0005 -0.3107
vn 0.9971 0.0202 -0.0735
vn 0.9976 0.0287 -0.0629
vn 0.9866 0.0692 -0.1475
vn 0.9999 -0.0061 0.0123
vn 0.9996 -0.0246 0.0140
vn 0.9992 0.0396 -0.0026
vn 0.9992 0.0406 -0.0012
vn 0.9961 0.0886 -0.0038
vn 1.0000 -0.0048 -0.0076
vn 0.7949 0.6066 0.0138
vn 0.7806 0.6250 0.0128
vn 0.7901 0.6129 0.0117
vn 0.5484 0.8357 0.0306
vn 0.5248 0.8507 0.0295
vn 0.5528 0.8331 0.0192
vn 0.4958 0.8683 0.0165
vn 0.2440 0.9696 0.0173
vn 0.2093 0.9778 -0.0059
vn 0.2329 0.9720 -0.0298
vn -0.1164 0.9877 0.1048
vn -0.1863 0.9820 -0.0312
vn -0.1863 0.9804 -0.0641
vn -0.9351 0.3545 0.0028
vn -0.9458 0.3247 0.0019
vn -0.9504 0.3111 0.0022
vn -0.9999 0.0122 -0.0005
vn -0.9999 0.0118 -0.0009
vn -0.9995 0.0321 -0.0026
vn -1.0000 0.0046 0.0007
vn -1.0000 0.0048 0.0005
vn -0.9996 0.0263 -0.0084
vn -0.9997 -0.0059 0.0232
vn -0.9996 -0.0015 0.0265
vn -0.9998 -0.0121 0.0168
vn -0.9997 0.0081 -0.0226
vn -0.9996 0.0049 -0.0287
vn -0.9994 0.0007 -0.0341
vn -0.9994 0.0001 -0.0348
vn -0.5889 -0.0190 -0.8080
vn -0.6316 -0.0184 -0.7751
vn 0.9082 -0.0063 -0.4186
vn 0.9957 -0.0009 -0.0921
vn 0.9798 -0.0024 -0.1999
vn 0.9502 -0.0039 -0.3115
vn 0.9761 -0.0010 -0.2171
vn 0.8538 -0.0085 -0.5205
vn 0.7906 -0.0123 -0.6123
vn 0.7150 -0.0184 -0.6989
vn 0.6413 -0.0209 -0.7670
vn 0.5900 -0.0130 -0.8073
vn 0.5452 -0.0109 -0.8382
vn 0.4961 -0.0117 -0.8682
vn 0.4478 -0.0075 -0.8941
vn 0.3965 -0.0017 -0.9180
vn 0.3470 0.0063 -0.9379
vn 0.3294 -0.0173 -0.9440
vn 0.0577 0.0615 -0.9964
vn 0.1261 0.0532 -0.9906
vn 0.0012 0.0665 -0.9978
vn -0.1211 0.0494 -0.9914
vn -0.0564 0.0676 -0.9961
vn -0.1801 0.0265 -0.9833
vn -0.2334 0.0140 -0.9723
vn -0.2898 -0.0022 -0.9571
vn -0.3420 -0.0093 -0.9396
vn -0.3943 -0.0159 -0.9188
vn -0.4460 -0.0193 -0.8948
vn -0.4934 -0.0208 -0.8696
vn -0.5418 -0.0211 -0.8402
vn -0.6746 -0.0171 -0.7380
vn -0.7151 -0.0157 -0.6988
vn -0.7538 -0.0135 -0.6570
vn -0.7895 -0.0116 -0.6136
vn -0.8240 -0.0085 -0.5665
vn -0.8542 -0.0072 -0.5200
vn -0.8828 -0.0060 -0.4697
vn -0.9082 -0.0047 -0.4184
vn -0.9308 -0.0036 -0.3654
vn -0.9504 -0.0025 -0.3111
vn -0.9678 -0.0018 -0.2516
vn -0.9675 -0.0018 -0.2527
vn -0.9667 -0.0016 -0.2558
vn -0.9799 -0.0009 -0.1993
vn -0.9898 -0.0006 -0.1425
vn -0.9761 -0.0010 -0.2172
vn -0.9964 -0.0004 -0.0850
vn -0.9994 -0.0001 -0.0348
vn -0.9995 0.0030 -0.0315
vn -0.9998 0.0093 -0.0201
vn -0.9993 -0.0114 0.0349
vn -0.9996 -0.0121 0.0236
vn -0.9997 -0.0126 0.0196
vn -0.9998 0.0140 -0.0147
vn -0.9999 -0.0120 0.0118
vn -0.9998 -0.0127 0.0135
vn -0.9998 -0.0064 0.0180
vn -0.9998 -0.0055 0.0177
vn -0.9997 -0.0203 0.0148
vn -0.9999 -0.0084 0.0138
vn -0.9998 -0.0056 0.0179
vn -0.9978 0.0527 -0.0402
vn -0.9998 0.0191 -0.0114
vn -0.9998 0.0161 -0.0129
vn -1.0000 0.0030 0.0042
vn -0.9998 -0.0169 0.0107
vn -1.0000 0.0029 0.0026
vn -1.0000 0.0009 0.0037
vn -1.0000 0.0012 0.0063
vn -1.0000 0.0043 0.0056
vn -1.0000 0.0033 -0.0002
vn -1.0000 0.0021 -0.0003
vn -0.9995 0.0304 -0.0048
vn -1.0000 0.0039 -0.0003
vn -1.0000 0.0041 -0.0006
vn -0.9999 0.0121 -0.0004
vn -0.9994 0.0336 -0.0008
vn -0.9999 0.0117 -0.0003
vn -0.9994 0.0336 -0.0004
vn -1.0000 -0.0014 -0.0000
vn -0.9995 0.0318 -0.0005
vn -1.0000 0.0091 -0.0003
vn -1.0000 -0.0005 -0.0004
vn -0.9999 -0.0158 -0.0002
vn -0.9999 -0.0116 -0.0003
vn -0.9990 0.0436 0.0126
vn -1.0000 0.0031 -0.0003
vn -1.0000 -0.0046 -0.0007
vn -0.9871 -0.1596 0.0095
vn -0.9850 -0.1720 0.0104
vn -1.0000 -0.0075 -0.0062
vn -1.0000 -0.0067 -0.0060
vn -0.9999 0.0152 -0.0040
vn -0.9999 0.0125 -0.0041
vn -1.0000 -0.0060 -0.0050
vn -0.9998 -0.0211 -0.0012
vn -0.9988 0.0376 0.0313
vn -0.9999 -0.0142 -0.0006
vn -1.0000 -0.0011 -0.0007
vn -0.9985 0.0557 -0.0001
vn -0.9964 0.0848 -0.0001
vn -0.9984 0.0558 -0.0001
vn -0.9898 0.1422 0.0002
vn -0.9931 0.1175 -0.0001
vn -0.9962 0.0866 -0.0001
vn -0.9778 0.2093 0.0005
vn -0.9839 0.1787 0.0001
vn -0.9889 0.1483 0.0001
vn -0.9529 0.3032 0.0025
vn -0.9652 0.2614 0.0018
vn -0.9709 0.2393 0.0006
vn -0.9237 0.3830 0.0035
vn -0.9309 0.3653 0.0030
vn -0.9110 0.4124 0.0046
vn -0.9083 0.4183 0.0039
vn -0.8978 0.4403 0.0060
vn -0.8830 0.4693 0.0048
vn -0.8979 0.4401 0.0066
vn -0.8836 0.4681 0.0074
vn -0.8546 0.5192 0.0066
vn -0.8692 0.4944 0.0081
vn -0.8532 0.5216 0.0091
vn -0.8236 0.5671 0.0086
vn -0.8371 0.5470 0.0099
vn -0.7897 0.6134 0.0109
vn -0.7986 0.6017 0.0126
vn -0.8241 0.5663 0.0114
vn -0.7536 0.6572 0.0128
vn -0.7645 0.6444 0.0140
vn -0.7849 0.6195 0.0120
vn -0.7153 0.6987 0.0145
vn -0.7229 0.6908 0.0172
vn -0.7447 0.6673 0.0150
vn -0.5897 0.8072 0.0277
vn -0.6081 0.7934 0.0261
vn -0.5888 0.8081 0.0185
vn -0.6322 0.7744 0.0253
vn -0.6329 0.7741 0.0165
vn -0.6555 0.7549 0.0229
vn -0.6746 0.7380 0.0157
vn -0.6783 0.7345 0.0206
vn -0.7018 0.7121 0.0183
vn -0.5555 0.8310 0.0283
vn -0.5418 0.8403 0.0195
vn -0.5357 0.8440 0.0249
vn -0.5088 0.8604 0.0281
vn -0.4941 0.8692 0.0187
vn -0.4820 0.8758 0.0264
vn -0.4547 0.8902 0.0296
vn -0.4450 0.8954 0.0161
vn -0.4269 0.9039 0.0271
vn -0.3991 0.9164 0.0299
vn -0.3945 0.9188 0.0111
vn -0.3701 0.9286 0.0267
vn -0.3423 0.9392 0.0278
vn -0.3432 0.9393 0.0031
vn -0.3126 0.9496 0.0245
vn -0.2915 0.9565 -0.0078
vn -0.2916 0.9563 0.0221
vn -0.2416 0.9697 -0.0359
vn -0.1801 0.9813 0.0677
vn -0.2422 0.9702 -0.0046
vn -0.2395 0.9694 0.0545
vn -0.1291 0.9892 -0.0690
vn -0.1288 0.9868 -0.0984
vn -0.0868 0.9962 -0.0018
vn -0.0579 0.9906 -0.1241
vn -0.0483 0.9909 -0.1255
vn -0.0288 0.9996 0.0021
vn 0.0039 0.9948 -0.1017
vn 0.0101 0.9982 -0.0589
vn 0.0521 0.9974 -0.0488
vn 0.0662 0.9929 -0.0986
vn 0.0896 0.9941 -0.0612
vn 0.1201 0.9898 -0.0764
vn 0.0893 0.9952 -0.0397
vn 0.1778 0.9827 -0.0524
vn 0.1926 0.9813 0.0033
vn 0.1506 0.9883 -0.0241
vn 0.1270 0.9915 -0.0266
vn 0.2759 0.9609 0.0229
vn 0.2924 0.9562 -0.0099
vn 0.3037 0.9527 0.0123
vn 0.3341 0.9422 0.0261
vn 0.3448 0.9387 0.0024
vn 0.3618 0.9319 0.0254
vn 0.3918 0.9195 0.0312
vn 0.3962 0.9181 0.0097
vn 0.4185 0.9077 0.0310
vn 0.4454 0.8952 0.0147
vn 0.4465 0.8943 0.0311
vn 0.5029 0.8637 0.0332
vn 0.6359 0.7717 0.0155
vn 0.6208 0.7833 0.0326
vn 0.5893 0.8065 0.0490
vn 0.7161 0.6978 0.0161
vn 0.6736 0.7387 0.0246
vn 0.6515 0.7583 0.0231
vn 0.7572 0.6528 0.0226
vn 0.7205 0.6931 0.0228
vn 0.6967 0.7171 0.0195
vn 0.8538 0.5205 0.0087
vn 0.8485 0.5291 0.0141
vn 0.8227 0.5681 0.0196
vn 0.9080 0.4189 0.0063
vn 0.8818 0.4716 0.0078
vn 0.8670 0.4982 0.0078
vn 0.9514 0.3080 0.0026
vn 0.9442 0.3294 0.0023
vn 0.9504 0.3110 0.0033
vn 0.9332 0.3593 0.0042
vn 0.9094 0.4158 0.0055
vn 0.9797 0.2002 0.0020
vn 0.9764 0.2158 0.0033
vn 0.9644 0.2643 0.0052
vn 0.9987 0.0495 0.0085
vn 0.9958 0.0914 0.0002
vn 0.9961 0.0887 -0.0003
vn 0.9883 0.1522 0.0007
vn 0.9831 0.1830 -0.0000
vn 1.0000 0.0073 -0.0004
vn 1.0000 0.0094 -0.0010
vn 1.0000 0.0083 -0.0011
vn 0.9994 0.0357 -0.0035
vn 0.9994 0.0345 -0.0023
vn 0.9995 0.0313 -0.0008
vn 0.9996 0.0281 -0.0017
vn 1.0000 0.0079 -0.0007
vn 1.0000 0.0072 -0.0048
vn 1.0000 -0.0003 -0.0008
vn 0.9998 0.0220 0.0035
vn 0.9981 0.0439 0.0436
vn 0.9998 -0.0200 -0.0009
vn 1.0000 -0.0037 -0.0059
vn 0.9996 -0.0277 -0.0048
vn 1.0000 0.0060 -0.0048
vn 0.9992 0.0405 -0.0011
vn 0.9992 0.0399 -0.0013
vn 0.9959 0.0909 -0.0007
vn 0.9998 0.0197 -0.0011
vn 0.9999 0.0129 -0.0018
vn 0.9998 0.0187 -0.0016
vn 0.9967 0.0803 -0.0133
vn 0.9999 0.0146 -0.0009
vn 0.9999 0.0166 -0.0009
vn 0.9972 0.0713 -0.0234
vn 0.9999 0.0156 -0.0014
vn 0.9999 0.0169 -0.0015
vn 0.9999 0.0170 -0.0016
vn 1.0000 -0.0038 0.0020
vn 0.9999 0.0117 0.0002
vn 0.9978 0.0530 -0.0395
vn 1.0000 -0.0047 0.0069
vn 0.9997 -0.0047 0.0228
vn 0.9997 -0.0051 0.0235
vn 0.9997 -0.0044 0.0226
vn 0.9999 -0.0071 0.0132
vn 0.9996 -0.0240 0.0146
vn 0.9996 -0.0231 0.0157
vn 0.9586 0.2626 -0.1100
vn 0.9990 -0.0074 0.0436
vn 0.9965 0.0099 -0.0832
vn 0.9959 0.0019 -0.0909
vn 0.9957 0.0003 -0.0924
vn 0.9852 0.0463 -0.1652
vn 0.9662 0.1089 -0.2335
vn 0.9828 0.0208 -0.1834
vn 0.9626 0.0723 -0.2611
vn 0.9363 0.1480 -0.3185
vn 0.8569 0.3554 -0.3733
vn 0.9021 0.2431 -0.3565
vn 0.9042 0.2945 -0.3094
vn 0.9399 0.1924 -0.2819
vn 0.9413 0.2328 -0.2445
vn 0.9682 0.1411 -0.2064
vn 0.9690 0.1704 -0.1790
vn 0.9874 0.0893 -0.1303
vn 0.9877 0.1077 -0.1131
vn 0.9978 0.0373 -0.0540
vn 0.9979 0.0448 -0.0469
vn 1.0000 -0.0051 -0.0031
vn 0.9804 0.0037 -0.1968
vn 0.9568 0.0317 -0.2889
vn 0.9297 0.0976 -0.3552
vn 0.8965 0.1865 -0.4020
vn 0.8541 0.2931 -0.4297
vn 0.8463 0.2242 -0.4832
vn 0.8864 0.1224 -0.4465
vn 0.9194 0.0421 -0.3910
vn 0.9516 0.0052 -0.3073
vn 0.9800 0.0002 -0.1992
vn 0.8326 0.1466 -0.5342
vn 0.8108 0.0574 -0.5825
vn 0.8705 0.0485 -0.4898
vn 0.5840 0.3819 -0.7163
vn 0.5604 0.2395 -0.7928
vn 0.6312 0.3614 -0.6863
vn 0.6072 0.2237 -0.7624
vn 0.6752 0.3414 -0.6539
vn 0.6514 0.2093 -0.7293
vn 0.7028 0.1932 -0.6846
vn 0.7417 0.0673 -0.6674
vn 0.8564 0.0009 -0.5163
vn 0.7926 0.0006 -0.6097
vn 0.7195 0.0007 -0.6945
vn 0.4312 0.6242 -0.6515
vn 0.4276 0.5280 -0.7337
vn 0.4821 0.5092 -0.7130
vn 0.3455 0.3329 -0.8774
vn 0.3575 0.4471 -0.8200
vn 0.2848 0.3673 -0.8854
vn 0.2961 0.4985 -0.8147
vn 0.2256 0.5259 -0.8201
vn 0.5742 0.0871 -0.8141
vn 0.5278 0.0970 -0.8438
vn 0.4796 0.1099 -0.8706
vn 0.4296 0.1265 -0.8941
vn 0.3773 0.1480 -0.9142
vn 0.3242 0.1742 -0.9298
vn 0.1529 0.5306 -0.8337
vn -0.1534 0.5306 -0.8336
vn -0.2261 0.5266 -0.8195
vn -0.2187 0.4056 -0.8875
vn -0.2955 0.4987 -0.8148
vn -0.2827 0.3676 -0.8860
vn 0.1440 0.3488 -0.9261
vn 0.0735 0.3818 -0.9213
vn 0.0776 0.5509 -0.8310
vn 0.0006 0.3944 -0.9189
vn 0.0003 0.5582 -0.8297
vn -0.0724 0.3816 -0.9215
vn -0.0769 0.5506 -0.8312
vn -0.1440 0.3478 -0.9264
vn -0.2070 0.2790 -0.9377
vn -0.2677 0.2347 -0.9345
vn -0.5296 0.3757 -0.7605
vn -0.5803 0.3556 -0.7327
vn -0.5604 0.2394 -0.7929
vn -0.2494 0.1057 -0.9626
vn -0.1919 0.1414 -0.9712
vn -0.1309 0.1779 -0.9753
vn -0.0665 0.2071 -0.9761
vn 0.0006 0.2187 -0.9758
vn 0.0674 0.2067 -0.9761
vn 0.1316 0.1772 -0.9753
vn 0.1923 0.1405 -0.9712
vn -0.5990 0.5734 -0.5590
vn -0.5920 0.4600 -0.6617
vn -0.5457 0.6013 -0.5836
vn -0.5409 0.4827 -0.6888
vn -0.4863 0.5054 -0.7128
vn -0.4758 0.3970 -0.7848
vn -0.4185 0.4204 -0.8051
vn -0.4587 0.2782 -0.8439
vn -0.4035 0.3030 -0.8633
vn -0.4324 0.1409 -0.8906
vn -0.3803 0.1655 -0.9100
vn -0.4071 0.0363 -0.9127
vn -0.3564 0.0533 -0.9328
vn -0.5110 0.2576 -0.8201
vn -0.5303 0.1073 -0.8410
vn -0.4823 0.1221 -0.8675
vn -0.5039 0.0153 -0.8636
vn -0.4562 0.0238 -0.8896
vn -0.9998 0.0107 -0.0186
vn -0.9977 0.0339 -0.0591
vn -0.9976 0.0296 -0.0629
vn -0.9933 0.0492 -0.1050
vn -0.9998 0.0122 -0.0169
vn -0.9978 0.0390 -0.0544
vn -0.9936 0.0638 -0.0928
vn -0.9873 0.0898 -0.1313
vn -0.9864 0.0694 -0.1488
vn -0.9787 0.1157 -0.1694
vn -0.9774 0.0893 -0.1918
vn -0.9680 0.1415 -0.2074
vn -0.9659 0.1091 -0.2347
vn -0.9550 0.1672 -0.2451
vn -0.9521 0.1287 -0.2772
vn -0.9396 0.1928 -0.2828
vn -0.9359 0.1482 -0.3196
vn -0.9219 0.2183 -0.3202
vn -0.9172 0.1675 -0.3615
vn -0.9017 0.2435 -0.3573
vn -0.8960 0.1867 -0.4029
vn -0.8790 0.2686 -0.3940
vn -0.8722 0.2057 -0.4437
vn -0.8536 0.2934 -0.4304
vn -0.8458 0.2244 -0.4840
vn -0.8256 0.3180 -0.4662
vn -0.8167 0.2431 -0.5234
vn -0.7946 0.3424 -0.5013
vn -0.7848 0.2616 -0.5618
vn -0.7606 0.3665 -0.5359
vn -0.7499 0.2801 -0.5993
vn -0.7235 0.3904 -0.5693
vn -0.7122 0.2986 -0.6353
vn -0.6832 0.4138 -0.6016
vn -0.6714 0.3171 -0.6698
vn -0.6394 0.4370 -0.6326
vn -0.6275 0.3360 -0.7024
vn -0.9978 0.0455 -0.0478
vn -0.9938 0.0770 -0.0808
vn -0.9876 0.1084 -0.1139
vn -0.9792 0.1398 -0.1468
vn -0.9687 0.1711 -0.1797
vn -0.9560 0.2023 -0.2125
vn -0.9410 0.2334 -0.2451
vn -0.9236 0.2643 -0.2777
vn -0.9038 0.2950 -0.3099
vn -0.8815 0.3256 -0.3420
vn -0.8565 0.3559 -0.3738
vn -0.8289 0.3858 -0.4052
vn -0.7983 0.4153 -0.4361
vn -0.7646 0.4445 -0.4667
vn -0.7278 0.4730 -0.4965
vn -0.6877 0.5008 -0.5256
vn -0.6440 0.5278 -0.5538
vn -0.9997 0.0069 -0.0252
vn -0.9975 0.0248 -0.0666
vn -0.9973 0.0198 -0.0706
vn -0.9925 0.0329 -0.1176
vn -0.9849 0.0462 -0.1668
vn -0.9748 0.0593 -0.2149
vn -0.9622 0.0722 -0.2626
vn -0.9470 0.0849 -0.3098
vn -0.9292 0.0976 -0.3565
vn -0.9088 0.1100 -0.4025
vn -0.8858 0.1223 -0.4476
vn -0.8602 0.1345 -0.4919
vn -0.8320 0.1466 -0.5351
vn -0.8012 0.1586 -0.5770
vn -0.7677 0.1707 -0.6177
vn -0.7315 0.1832 -0.6568
vn -0.6927 0.1959 -0.6941
vn -0.6513 0.2092 -0.7294
vn -0.6072 0.2236 -0.7624
vn -0.9971 0.0143 -0.0744
vn -0.9968 0.0075 -0.0792
vn -0.9912 0.0145 -0.1314
vn -0.9825 0.0204 -0.1851
vn -0.9709 0.0259 -0.2381
vn -0.9564 0.0313 -0.2904
vn -0.9390 0.0365 -0.3419
vn -0.9189 0.0417 -0.3924
vn -0.8959 0.0468 -0.4417
vn -0.8703 0.0519 -0.4897
vn -0.8421 0.0569 -0.5363
vn -0.8114 0.0621 -0.5812
vn -0.7778 0.0625 -0.6255
vn -0.7410 0.0671 -0.6681
vn -0.7030 0.0728 -0.7075
vn -0.6628 0.0791 -0.7446
vn -0.6207 0.0867 -0.7793
vn -0.5764 0.0960 -0.8115
vn -0.9965 0.0017 -0.0838
vn -0.9901 0.0027 -0.1407
vn -0.9804 0.0036 -0.1972
vn -0.9675 0.0044 -0.2530
vn -0.9515 0.0051 -0.3077
vn -0.9324 0.0057 -0.3614
vn -0.9104 0.0062 -0.4138
vn -0.8855 0.0068 -0.4646
vn -0.8579 0.0073 -0.5138
vn -0.8277 0.0079 -0.5611
vn -0.7953 0.0085 -0.6062
vn -0.7575 0.0002 -0.6528
vn -0.7196 0.0010 -0.6943
vn -0.6799 0.0017 -0.7333
vn -0.6384 0.0031 -0.7697
vn -0.5952 0.0055 -0.8035
vn -0.5503 0.0095 -0.8349
vn -0.9964 0.0003 -0.0849
vn -0.9898 0.0003 -0.1423
vn -0.9799 0.0002 -0.1993
vn -0.9668 -0.0000 -0.2555
vn -0.9505 -0.0003 -0.3108
vn -0.9310 -0.0008 -0.3649
vn -0.9086 -0.0014 -0.4177
vn -0.8832 -0.0021 -0.4690
vn -0.8551 -0.0029 -0.5184
vn -0.8243 -0.0037 -0.5661
vn -0.7911 -0.0044 -0.6117
vn -0.3864 0.9011 -0.1969
vn -0.4089 0.8468 -0.3402
vn -0.3310 0.9157 -0.2279
vn -0.3497 0.8614 -0.3683
vn -0.2879 0.8697 -0.4009
vn -0.2269 0.8011 -0.5538
vn -0.1538 0.8167 -0.5561
vn -0.4218 0.7844 -0.4548
vn -0.3636 0.7833 -0.5042
vn -0.2969 0.7946 -0.5296
vn -0.4798 0.7639 -0.4315
vn -0.4840 0.6888 -0.5397
vn -0.4292 0.7099 -0.5584
vn -0.4312 0.6245 -0.6513
vn -0.3695 0.6648 -0.6493
vn -0.3653 0.5507 -0.7505
vn -0.3023 0.6617 -0.6861
vn -0.2299 0.6760 -0.7001
vn -0.1557 0.6874 -0.7094
vn -0.0788 0.6946 -0.7151
vn -0.0000 0.6975 -0.7166
vn 0.0789 0.6949 -0.7148
vn 0.1558 0.6879 -0.7089
vn 0.2300 0.6766 -0.6995
vn -0.4648 0.8272 -0.3157
vn -0.4391 0.8818 -0.1719
vn -0.5175 0.8034 -0.2945
vn -0.4895 0.8586 -0.1521
vn -0.5674 0.7758 -0.2760
vn -0.5378 0.8320 -0.1365
vn -0.6143 0.7453 -0.2590
vn -0.5840 0.8022 -0.1239
vn -0.6584 0.7123 -0.2433
vn -0.6298 0.7683 -0.1142
vn -0.6996 0.6771 -0.2282
vn -0.5369 0.7223 -0.4358
vn -0.4870 0.6060 -0.6290
vn -0.4277 0.5282 -0.7336
vn -0.3576 0.4464 -0.8203
vn -0.3453 0.3326 -0.8776
vn -0.3258 0.1965 -0.9248
vn -0.3040 0.0763 -0.9496
vn -0.4101 0.9107 -0.0493
vn -0.4592 0.8876 -0.0359
vn -0.5068 0.8616 -0.0262
vn -0.5531 0.8329 -0.0194
vn -0.5985 0.8010 -0.0139
vn -0.6368 0.7710 0.0018
vn -0.6784 0.7347 0.0031
vn -0.7181 0.6959 0.0036
vn -0.7558 0.6548 0.0036
vn -0.7913 0.6114 0.0033
vn -0.8245 0.5658 0.0028
vn -0.8552 0.5182 0.0022
vn -0.8833 0.4688 0.0016
vn -0.9086 0.4176 0.0010
vn -0.9311 0.3648 0.0005
vn -0.9505 0.3107 0.0001
vn -0.6487 0.7604 -0.0324
vn -0.6887 0.7245 -0.0282
vn -0.7276 0.6856 -0.0250
vn -0.7643 0.6445 -0.0225
vn -0.7988 0.6013 -0.0204
vn -0.8310 0.5560 -0.0186
vn -0.8607 0.5088 -0.0171
vn -0.8879 0.4598 -0.0155
vn -0.9123 0.4092 -0.0140
vn -0.9339 0.3572 -0.0124
vn -0.9526 0.3040 -0.0108
vn -0.9683 0.2497 -0.0091
vn -0.6737 0.7296 -0.1177
vn -0.7380 0.6400 -0.2138
vn -0.7132 0.6924 -0.1091
vn -0.7737 0.6013 -0.1996
vn -0.7505 0.6531 -0.1010
vn -0.8067 0.5611 -0.1854
vn -0.7854 0.6118 -0.0935
vn -0.8369 0.5198 -0.1713
vn -0.8179 0.5689 -0.0863
vn -0.8645 0.4774 -0.1571
vn -0.8478 0.5243 -0.0791
vn -0.8895 0.4341 -0.1428
vn -0.8752 0.4783 -0.0721
vn -0.9118 0.3900 -0.1283
vn -0.9000 0.4310 -0.0649
vn -0.9316 0.3452 -0.1137
vn -0.9222 0.3825 -0.0578
vn -0.9489 0.2998 -0.0989
vn -0.9416 0.3330 -0.0505
vn -0.9636 0.2540 -0.0839
vn -0.9583 0.2826 -0.0430
vn -0.9758 0.2078 -0.0688
vn -0.9722 0.2316 -0.0355
vn -0.9855 0.1612 -0.0536
vn -0.9833 0.1799 -0.0278
vn -0.9928 0.1138 -0.0383
vn -0.9903 0.1387 -0.0054
vn -0.9898 0.1423 -0.0004
vn -0.9964 0.0849 -0.0003
vn -0.9966 0.0827 -0.0021
vn -0.9968 0.0799 -0.0054
vn -0.9970 0.0762 -0.0121
vn -0.9668 0.2555 -0.0002
vn -0.9809 0.1945 -0.0073
vn -0.9917 0.1274 -0.0197
vn -0.9996 0.0282 -0.0071
vn -0.9972 0.0720 -0.0177
vn -0.9975 0.0669 -0.0240
vn -1.0000 0.0030 0.0010
vn -0.9933 0.1018 -0.0539
vn -0.9867 0.1435 -0.0758
vn -0.9779 0.1850 -0.0976
vn -0.9667 0.2263 -0.1193
vn -0.9532 0.2675 -0.1408
vn -0.9373 0.3084 -0.1623
vn -0.9190 0.3490 -0.1835
vn -0.8982 0.3892 -0.2046
vn -0.8748 0.4288 -0.2255
vn -0.8487 0.4680 -0.2462
vn -0.8200 0.5064 -0.2667
vn -0.7885 0.5439 -0.2871
vn -0.7539 0.5806 -0.3074
vn -0.7164 0.6160 -0.3275
vn -0.6758 0.6499 -0.3477
vn -0.6319 0.6822 -0.3678
vn -0.5896 0.6949 -0.4117
vn -1.0000 0.0060 0.0017
vn -0.9937 0.0895 -0.0679
vn -0.9874 0.1260 -0.0956
vn -0.9790 0.1626 -0.1232
vn -0.9683 0.1991 -0.1508
vn -0.9554 0.2353 -0.1782
vn -0.9403 0.2715 -0.2055
vn -0.9227 0.3074 -0.2326
vn -0.9027 0.3431 -0.2596
vn -0.8802 0.3785 -0.2864
vn -0.8550 0.4136 -0.3130
vn -0.8271 0.4481 -0.3393
vn -0.7963 0.4821 -0.3653
vn -0.7625 0.5154 -0.3911
vn -0.7255 0.5479 -0.4164
vn -0.6853 0.5793 -0.4413
vn -0.6419 0.6092 -0.4655
vn -0.9993 -0.0330 0.0184
vn -0.9993 -0.0279 0.0230
vn 0.9810 0.1937 -0.0076
vn 0.9800 0.1991 -0.0004
vn 0.9528 0.3033 -0.0111
vn 0.9506 0.3105 -0.0000
vn 0.9126 0.4086 -0.0142
vn 0.9088 0.4173 0.0008
vn 0.8611 0.5082 -0.0173
vn 0.8554 0.5179 0.0020
vn 0.7993 0.6006 -0.0205
vn 0.7915 0.6111 0.0031
vn 0.7227 0.6911 -0.0080
vn 0.6520 0.7581 -0.0120
vn 0.4104 0.9106 -0.0499
vn 0.4595 0.8874 -0.0364
vn 0.5072 0.8614 -0.0268
vn 0.5606 0.8277 -0.0243
vn 0.5990 0.7988 -0.0560
vn -0.3594 0.9307 -0.0676
vn -0.3071 0.9472 -0.0924
vn -0.2524 0.9597 -0.1238
vn -0.1948 0.9674 -0.1617
vn -0.1334 0.9706 -0.2003
vn -0.0683 0.9705 -0.2311
vn -0.0006 0.9699 -0.2435
vn 0.0673 0.9705 -0.2316
vn 0.1326 0.9706 -0.2009
vn 0.1943 0.9674 -0.1624
vn 0.2522 0.9596 -0.1246
vn 0.3071 0.9471 -0.0932
vn 0.3597 0.9306 -0.0683
vn 0.4387 0.8822 -0.1710
vn 0.4892 0.8589 -0.1514
vn 0.5375 0.8322 -0.1359
vn 0.5838 0.8025 -0.1234
vn 0.6280 0.7700 -0.1129
vn 0.6806 0.7254 -0.1027
vn 0.7494 0.6560 -0.0899
vn 0.8185 0.5679 -0.0864
vn 0.8759 0.4771 -0.0723
vn 0.9227 0.3811 -0.0581
vn 0.9587 0.2810 -0.0434
vn 0.9836 0.1782 -0.0282
vn 0.9999 0.0124 0.0004
vn 0.9976 0.0610 -0.0326
vn 0.9876 0.1251 -0.0950
vn 0.9869 0.1423 -0.0755
vn 0.9686 0.1982 -0.1502
vn 0.9670 0.2253 -0.1190
vn 0.9406 0.2707 -0.2050
vn 0.9377 0.3074 -0.1620
vn 0.9031 0.3425 -0.2592
vn 0.8986 0.3883 -0.2044
vn 0.8554 0.4130 -0.3126
vn 0.8492 0.4672 -0.2460
vn 0.7967 0.4817 -0.3650
vn 0.7889 0.5434 -0.2870
vn 0.7358 0.5393 -0.4097
vn 0.7263 0.6069 -0.3226
vn 0.6809 0.6331 -0.3683
vn 0.9857 0.1598 -0.0536
vn 0.9639 0.2527 -0.0839
vn 0.9321 0.3440 -0.1137
vn 0.8900 0.4331 -0.1428
vn 0.8375 0.5190 -0.1713
vn 0.7742 0.6007 -0.1995
vn 0.7098 0.6676 -0.2249
vn 0.6584 0.7123 -0.2431
vn 0.6143 0.7454 -0.2588
vn 0.5673 0.7759 -0.2759
vn 0.5175 0.8035 -0.2943
vn 0.4647 0.8273 -0.3156
vn 0.6352 0.6653 -0.3924
vn 0.5878 0.6951 -0.4139
vn 0.5353 0.7239 -0.4352
vn 0.4796 0.7643 -0.4311
vn 0.3305 0.9161 -0.2268
vn 0.3496 0.8615 -0.3682
vn 0.3860 0.9015 -0.1958
vn 0.3637 0.7835 -0.5038
vn 0.2961 0.7946 -0.5300
vn 0.2209 0.8724 -0.4360
vn 0.1457 0.9152 -0.3757
vn 0.4087 0.8470 -0.3400
vn 0.4219 0.7846 -0.4543
vn 0.4295 0.7097 -0.5585
vn 0.4877 0.6890 -0.5361
vn 0.4868 0.6015 -0.6334
vn 0.5446 0.5784 -0.6073
vn 0.5972 0.5538 -0.5802
vn 0.6446 0.5276 -0.5533
vn 0.6906 0.4971 -0.5254
vn -0.1457 0.9148 -0.3768
vn -0.0742 0.9096 -0.4089
vn -0.0780 0.8150 -0.5742
vn -0.0006 0.9068 -0.4215
vn -0.0003 0.8139 -0.5810
vn 0.0732 0.9098 -0.4086
vn 0.0774 0.8153 -0.5738
vn 0.1543 0.8168 -0.5560
vn 0.2273 0.8007 -0.5543
vn 0.9999 -0.0133 -0.0002
vn 0.9984 -0.0561 0.0039
vn 0.9998 -0.0200 -0.0014
vn 0.9956 -0.0931 0.0075
vn -0.9993 0.0379 -0.0009
vn -0.9989 0.0474 -0.0008
vn -0.9989 0.0471 -0.0016
vn 0.9995 0.0305 -0.0080
vn 0.9993 -0.0386 0.0007
vn -0.9999 0.0151 0.0016
vn -0.9999 0.0140 0.0008
vn -0.9989 0.0460 -0.0008
vn 0.9996 -0.0295 0.0001
vn -0.9984 0.0562 -0.0009
vn 0.9999 -0.0130 -0.0003
vn -0.9999 0.0120 0.0004
vn 0.9999 -0.0148 -0.0003
vn 0.9999 -0.0134 -0.0003
vn -0.9928 0.1195 -0.0061
vn -0.9929 0.1189 -0.0060
vn -0.9929 0.1184 -0.0070
vn 0.9999 -0.0172 0.0005
vn 0.9998 -0.0197 0.0007
vn 1.0000 -0.0088 -0.0006
vn 0.9936 -0.1125 0.0053
vn 0.9997 -0.0234 0.0009
vn 0.9997 -0.0235 0.0010
vn 1.0000 -0.0002 -0.0005
vn 1.0000 -0.0019 0.0002
vn 1.0000 0.0014 -0.0001
vn -1.0000 0.0006 -0.0000
vn -1.0000 -0.0001 -0.0000
vn 1.0000 -0.0018 0.0002
vn 1.0000 -0.0017 0.0002
vn 0.9999 -0.0105 0.0012
vn 1.0000 0.0021 0.0003
vn 1.0000 0.0033 0.0007
vn 1.0000 0.0078 0.0008
vn 0.9999 0.0099 0.0022
vn 0.9999 -0.0113 0.0113
vn 0.9998 0.0188 0.0045
vn 0.9999 0.0151 0.0029
vn 1.0000 0.0078 0.0042
vn 1.0000 -0.0029 0.0049
vn 1.0000 -0.0021 0.0038
vn 0.9999 -0.0113 0.0114
vn 0.9997 0.0236 0.0057
vn 0.9994 0.0322 0.0085
vn 0.9995 0.0316 -0.0000
vn -0.0455 -0.9984 0.0322
vn 1.0000 -0.0014 -0.0001
vn -1.0000 -0.0000 0.0001
vn -0.9999 0.0107 0.0003
vn -1.0000 0.0056 0.0006
vn 0.9999 -0.0140 -0.0003
vn 0.9975 -0.0711 0.0013
vn 0.9985 -0.0552 0.0022
vn 0.9998 -0.0217 -0.0009
vn 1.0000 0.0020 -0.0002
vn 1.0000 0.0056 -0.0010
vn 1.0000 -0.0000 -0.0003
vn 1.0000 -0.0007 -0.0000
vn 1.0000 0.0026 0.0003
vn 1.0000 0.0022 0.0002
vn 1.0000 0.0082 -0.0035
vn 1.0000 0.0068 -0.0006
vn 0.9999 0.0136 -0.0035
vn 0.9997 0.0252 -0.0056
vn 0.9994 0.0343 -0.0082
vn -0.9996 0.0270 0.0011
vn 1.0000 -0.0098 -0.0002
vn 0.9993 -0.0371 -0.0009
vn 0.9996 -0.0296 -0.0010
vn 0.9992 -0.0000 0.0408
vn -1.0000 0.0004 -0.0000
vn -0.9999 0.0114 0.0003
vn -0.9994 -0.0348 -0.0017
vn -0.9983 -0.0574 -0.0016
vn -0.9970 -0.0780 -0.0023
vn 1.0000 -0.0064 -0.0002
vn -1.0000 -0.0087 -0.0009
vn -1.0000 0.0011 0.0001
vn -1.0000 0.0020 0.0002
vn 1.0000 0.0015 -0.0000
vn 1.0000 -0.0002 -0.0000
vn -0.9999 -0.0145 -0.0013
vn -1.0000 0.0001 -0.0008
vn -1.0000 -0.0000 -0.0004
vn -1.0000 0.0023 -0.0004
vn -1.0000 0.0017 -0.0006
vn -1.0000 0.0025 -0.0002
vn -1.0000 0.0067 -0.0006
vn -1.0000 0.0068 -0.0005
vn -1.0000 0.0035 -0.0004
vn -1.0000 0.0056 -0.0014
vn -1.0000 0.0064 -0.0007
vn -0.9999 0.0135 -0.0006
vn -1.0000 0.0053 -0.0008
vn -1.0000 0.0078 -0.0043
vn -0.9999 0.0073 -0.0088
vn -0.9997 0.0250 -0.0062
vn -0.9994 0.0328 -0.0067
vn -0.9995 0.0317 0.0004
vn 0.9995 0.0315 -0.0000
vn 0.9987 -0.0501 -0.0015
vn -1.0000 -0.0002 0.0015
vn -1.0000 0.0017 0.0009
vn -1.0000 -0.0026 0.0003
vn -1.0000 -0.0001 0.0006
vn -1.0000 -0.0000 0.0006
vn -1.0000 -0.0020 0.0039
vn -1.0000 0.0019 0.0042
vn -1.0000 0.0053 0.0023
vn -1.0000 0.0037 0.0021
vn -1.0000 -0.0019 0.0017
vn -1.0000 0.0009 0.0010
vn -1.0000 -0.0001 0.0020
vn -0.9999 -0.0101 0.0129
vn -0.9999 0.0092 0.0039
vn -0.9997 0.0240 0.0051
vn -1.0000 0.0046 0.0037
vn -1.0000 -0.0025 0.0089
vn -1.0000 -0.0016 0.0051
vn -0.9996 0.0272 0.0039
vn 1.0000 -0.0000 0.0003
vn 0.9999 0.0118 -0.0005
vn 1.0000 -0.0020 0.0001
vn 1.0000 -0.0035 0.0004
vn 1.0000 0.0016 -0.0000
vn -0.9999 -0.0128 0.0003
vn -0.9999 -0.0142 0.0004
vn -0.9998 -0.0176 0.0002
vn -0.9982 -0.0592 0.0031
vn -0.9973 -0.0729 0.0012
vn -0.9998 -0.0220 -0.0002
vn -0.9999 -0.0117 -0.0004
vn -0.9986 -0.0536 0.0010
vn -0.9985 -0.0539 0.0024
vn 0.9999 0.0155 0.0002
vn -1.0000 -0.0065 -0.0007
vn -0.9997 -0.0231 0.0001
vn -0.9995 -0.0315 0.0001
vn 0.9997 0.0226 0.0001
vn 0.9997 0.0238 -0.0000
vn -0.9996 -0.0273 -0.0002
vn -0.9993 -0.0373 0.0004
vn 0.9997 0.0230 0.0006
vn -0.9991 -0.0416 0.0011
vn 0.9994 0.0339 -0.0002
vn 0.9993 0.0361 -0.0004
vn 0.9993 0.0363 -0.0006
vn 0.9988 0.0497 -0.0022
vn 0.9988 0.0499 -0.0021
vn 0.9990 0.0457 -0.0022
vn 0.9992 0.0390 -0.0017
vn 0.9993 0.0378 -0.0016
vn 0.9991 0.0417 -0.0018
vn 0.9991 0.0418 -0.0017
vn 0.9991 0.0417 -0.0016
vn 0.9991 0.0419 -0.0016
vn 0.9992 0.0389 -0.0016
vn -0.9992 -0.0392 -0.0012
vn -0.9983 -0.0578 -0.0018
vn -1.0000 -0.0004 -0.0002
vn -1.0000 0.0026 -0.0002
vn -1.0000 0.0058 0.0016
vn -0.9993 -0.0387 -0.0011
vn -0.9998 -0.0212 -0.0007
vn -1.0000 -0.0019 -0.0001
vn -1.0000 0.0068 -0.0006
vn -1.0000 0.0058 0.0015
vn -1.0000 0.0072 -0.0000
vn -0.9998 0.0215 -0.0000
vn -0.9985 0.0551 -0.0000
vn -0.9993 0.0373 -0.0000
vn -0.9999 -0.0103 0.0002
vn -0.9999 -0.0101 0.0002
vn -1.0000 -0.0087 0.0002
vn -0.9879 -0.1551 0.0023
vn -0.9999 -0.0168 0.0002
vn -0.9949 -0.1013 0.0005
vn -0.9848 -0.1737 0.0012
vn -0.9984 -0.0567 0.0007
vn -0.9958 -0.0914 0.0022
vn -0.9957 -0.0927 0.0040
vn -0.9957 -0.0930 0.0052
vn -0.9955 -0.0940 0.0081
vn -0.9955 -0.0940 0.0080
vn -0.9955 -0.0943 0.0102
vn -0.9954 -0.0948 0.0138
vn -0.9591 -0.2832 0.0013
vn -0.9122 -0.4098 0.0014
vn -0.9077 -0.4196 -0.0031
vn -0.9373 -0.3485 -0.0016
vn -0.9549 -0.2969 -0.0032
vn -0.9751 -0.2220 -0.0016
vn -0.8486 -0.5290 0.0015
vn -0.7697 -0.6384 0.0015
vn -0.7674 -0.6412 -0.0027
vn -0.8134 -0.5817 -0.0014
vn -0.8448 -0.5350 -0.0029
vn -0.8831 -0.4691 -0.0015
vn -0.6766 -0.7363 0.0016
vn -0.5713 -0.8208 0.0016
vn -0.5742 -0.8187 -0.0022
vn -0.6319 -0.7751 -0.0014
vn -0.6766 -0.7363 -0.0024
vn -0.7291 -0.6844 -0.0014
vn -0.4555 -0.8902 0.0017
vn -0.3315 -0.9435 0.0017
vn -0.3414 -0.9399 -0.0016
vn -0.4052 -0.9142 -0.0013
vn -0.4617 -0.8870 -0.0019
vn -0.5233 -0.8522 -0.0013
vn -0.2013 -0.9795 0.0016
vn -0.0675 -0.9977 0.0016
vn -0.0851 -0.9964 -0.0011
vn -0.1493 -0.9888 -0.0012
vn -0.2151 -0.9766 -0.0014
vn -0.2797 -0.9601 -0.0013
vn 0.2013 -0.9795 -0.0016
vn 0.1156 -0.9933 0.0015
vn 0.0664 -0.9978 -0.0000
vn 0.0463 -0.9989 -0.0009
vn -0.0160 -0.9999 -0.0012
vn 0.3315 -0.9435 -0.0015
vn 0.2470 -0.9690 0.0015
vn 0.1784 -0.9840 0.0016
vn 0.4556 -0.8902 -0.0014
vn 0.3738 -0.9275 0.0013
vn 0.3056 -0.9522 0.0015
vn 0.5713 -0.8207 -0.0013
vn 0.4940 -0.8695 0.0012
vn 0.4277 -0.9039 0.0014
vn 0.6767 -0.7363 -0.0011
vn 0.6052 -0.7961 0.0011
vn 0.5424 -0.8401 0.0013
vn 0.7697 -0.6384 -0.0010
vn 0.7055 -0.7087 0.0010
vn 0.6476 -0.7620 0.0011
vn 0.8487 -0.5289 -0.0009
vn 0.7932 -0.6090 0.0008
vn 0.7419 -0.6705 0.0010
vn 0.9122 -0.4097 -0.0007
vn 0.8668 -0.4987 0.0007
vn 0.8233 -0.5676 0.0008
vn 0.9591 -0.2831 -0.0006
vn 0.9250 -0.3800 0.0005
vn 0.8906 -0.4549 0.0007
vn 0.9880 -0.1545 0.0017
vn 0.9956 -0.0933 0.0054
vn 0.9956 -0.0932 0.0053
vn 0.9958 -0.0919 0.0029
vn 0.9986 -0.0523 0.0008
vn 0.9958 -0.0913 0.0019
vn 0.9986 -0.0527 0.0008
vn 0.9798 -0.1999 -0.0079
vn 0.9670 -0.2548 0.0004
vn 0.9424 -0.3344 0.0005
vn 1.0000 -0.0092 0.0003
vn 0.9998 -0.0212 0.0005
vn 1.0000 0.0012 -0.0006
vn 1.0000 -0.0056 -0.0000
vn 0.9999 -0.0132 0.0005
vn 1.0000 -0.0022 0.0002
vn 0.9999 0.0102 -0.0000
vn 0.9998 0.0221 -0.0000
vn 0.9981 -0.0609 -0.0024
vn 0.9991 -0.0423 -0.0023
vn 0.9972 -0.0749 -0.0027
vn 1.0000 0.0005 0.0003
vn 0.9999 -0.0156 0.0002
vn 0.9918 -0.1276 -0.0052
vn 1.0000 -0.0039 -0.0001
vn 1.0000 -0.0061 -0.0002
vn 1.0000 0.0010 0.0003
vn -0.0000 1.0000 -0.0000
vn -0.0000 -0.4199 0.9075
vn -0.0000 -0.4199 0.9076
vn -0.0001 -0.4199 0.9076
vn -0.0000 -0.4200 0.9075
vn -0.0000 -0.4198 0.9076
vn 0.0005 -0.4205 0.9073
vn 0.0001 -0.4200 0.9075
vn -0.0006 -0.4198 0.9076
vn 0.0003 -0.4199 0.9076
vn 0.0001 -0.4199 0.9076
vn -0.0003 -0.4196 0.9077
vn 0.0002 -0.4201 0.9075
vn 0.0024 -0.4217 0.9067
vn -0.0001 -0.4200 0.9075
vn 0.0002 -0.4199 0.9076
vn -0.0000 -0.4197 0.9077
vn -0.0000 -0.4201 0.9075
vn 0.0002 -0.4200 0.9075
vn -0.0002 -0.4200 0.9075
vn 0.0001 -0.4203 0.9074
vn -0.0002 -0.4195 0.9078
vn 0.0092 -0.4412 0.8974
vn 0.0001 -0.4201 0.9075
vn -0.0002 -0.4199 0.9076
vn -0.0004 -0.4199 0.9076
vn 0.0002 -0.4199 0.9075
vn 0.0005 -0.4200 0.9075
vn -0.1365 -0.4569 0.8790
vn -0.1365 -0.4570 0.8790
vn 0.0013 -0.4196 0.9077
vn -0.0001 -0.4197 0.9076
vn -0.0004 -0.4200 0.9075
vn -0.0005 -0.4201 0.9075
vn -0.0000 -0.0000 -1.0000
vn 0.0002 -0.0000 -1.0000
vn 0.0001 -0.0000 -1.0000
vn -0.0002 -0.0000 -1.0000
vn -0.0001 -0.0000 -1.0000
vn 0.0001 -0.0001 -1.0000
vn 0.0003 -0.0000 -1.0000
vn -0.0003 -0.0000 -1.0000
vn -0.0006 -0.0000 -1.0000
vn 0.0004 -0.0000 -1.0000
vn -0.0000 0.0002 -1.0000
vn -0.0011 0.0009 -1.0000
vn -0.0000 -0.0001 -1.0000
vn -0.9907 -0.1362 -0.0000
vn -0.9907 0.1362 -0.0000
vn -0.9629 0.2698 -0.0000
vn -0.9172 0.3984 -0.0000
vn -0.8544 0.5196 -0.0000
vn -0.7757 0.6311 -0.0000
vn -0.6826 0.7308 -0.0000
vn -0.5767 0.8170 -0.0000
vn -0.4601 0.8879 -0.0000
vn -0.3349 0.9423 -0.0000
vn -0.2035 0.9791 -0.0000
vn -0.0682 0.9977 -0.0000
vn 0.0682 0.9977 -0.0000
vn 0.2034 0.9791 -0.0000
vn 0.3349 0.9423 -0.0000
vn 0.4601 0.8879 -0.0000
vn 0.5767 0.8170 -0.0000
vn 0.6825 0.7308 -0.0000
vn 0.7757 0.6311 -0.0000
vn 0.8544 0.5196 -0.0000
vn 0.9172 0.3984 -0.0000
vn 0.9629 0.2698 -0.0000
vn 0.9907 0.1362 -0.0000
vn 0.9907 -0.1362 -0.0000
vn 0.9629 -0.2698 -0.0000
vn 0.9172 -0.3984 -0.0000
vn 0.8544 -0.5196 -0.0000
vn 0.7757 -0.6311 -0.0000
vn 0.6826 -0.7308 -0.0000
vn 0.5767 -0.8170 -0.0000
vn 0.4601 -0.8879 -0.0000
vn 0.3349 -0.9423 -0.0000
vn 0.2035 -0.9791 -0.0000
vn 0.0682 -0.9977 -0.0000
vn -0.0682 -0.9977 -0.0000
vn -0.2034 -0.9791 -0.0000
vn -0.3349 -0.9423 -0.0000
vn -0.4601 -0.8879 -0.0000
vn -0.5767 -0.8170 -0.0000
vn -0.6825 -0.7308 -0.0000
vn -0.7757 -0.6311 -0.0000
vn -0.8544 -0.5196 -0.0000
vn -0.9172 -0.3984 -0.0000
vn -0.9629 -0.2698 -0.0000
s 1
usemtl verbindung.003
f 47//1 48//2 45//3
s 0
f 49//4 50//4 2409//4
f 51//5 52//5 2170//5
s 1
f 53//6 54//7 2103//8
f 55//9 56//10 2308//11
s 0
f 57//12 58//12 2307//12
s 1
f 59//13 60//14 2339//15
f 61//16 62//17 37//18
f 63//19 64//20 2151//21
f 65//22 66//23 2375//24
f 2375//24 66//23 67//25
f 2375//24 67//25 68//26
f 69//27 2542//28 70//29
f 70//29 2542//28 2375//24
f 70//29 2375//24 71//30
f 71//30 2375//24 68//26
f 2152//31 72//32 73//33
f 73//33 74//34 2152//31
f 2152//31 74//34 75//35
f 2152//31 75//35 2375//24
f 2375//24 75//35 76//36
f 2375//24 76//36 65//22
f 64//20 77//37 2151//21
f 2151//21 77//37 78//38
f 2151//21 78//38 2152//31
f 2152//31 78//38 79//39
f 2152//31 79//39 72//32
f 63//19 2151//21 80//40
f 80//40 2151//21 2112//41
f 80//40 2112//41 81//42
f 82//43 83//44 3//45
f 3//45 83//44 84//46
f 84//46 85//47 3//45
f 3//45 85//47 86//48
f 3//45 86//48 2112//41
f 2112//41 86//48 87//49
f 2112//41 87//49 81//42
f 62//17 88//50 37//18
f 37//18 88//50 89//51
f 37//18 89//51 3//45
f 3//45 89//51 90//52
f 3//45 90//52 82//43
f 61//16 37//18 91//53
f 91//53 37//18 2210//54
s 0
f 91//55 2210//55 92//55
s 1
f 60//14 93//56 2339//15
f 2339//15 93//56 94//57
f 2339//15 94//57 2210//54
f 2210//54 94//57 95//58
f 2210//54 95//58 92//59
s 0
f 96//60 97//60 2399//60
s 1
f 2399//61 97//62 98//63
f 2399//61 98//63 2339//15
f 2339//15 98//63 99//64
f 2339//15 99//64 59//13
f 2403//65 100//66 101//67
f 101//67 102//68 2403//65
f 2403//65 102//68 103//69
f 2403//65 103//69 2399//61
f 2399//61 103//69 104//70
f 2399//61 104//70 96//71
f 105//72 106//73 2378//74
f 2378//74 106//73 107//75
f 2378//74 107//75 2403//65
f 2403//65 107//75 108//76
f 2403//65 108//76 109//77
f 109//77 110//78 2403//65
f 2403//65 110//78 111//79
f 2403//65 111//79 100//66
f 112//80 113//81 2148//82
f 2148//82 113//81 114//83
f 114//83 115//84 2148//82
f 2148//82 115//84 116//85
f 2148//82 116//85 2378//74
f 2378//74 116//85 117//86
f 2378//74 117//86 105//72
f 118//87 119//88 2149//89
f 118//87 2149//89 120//90
f 119//88 121//91 2149//89
f 2149//89 121//91 122//92
f 2149//89 122//92 2148//82
f 2148//82 122//92 123//93
f 2148//82 123//93 112//80
f 124//94 125//95 2273//96
f 126//97 127//98 2149//89
f 126//97 2149//89 128//99
f 2273//96 125//95 2149//89
f 2149//89 125//95 129//100
f 2149//89 129//100 128//99
f 127//98 130//101 2149//89
f 2149//89 130//101 131//102
f 2149//89 131//102 120//90
f 132//103 133//104 2273//96
f 134//105 135//106 2321//107
f 2321//107 135//106 136//108
f 136//108 137//109 2321//107
f 2321//107 137//109 138//110
f 2321//107 138//110 2273//96
f 2273//96 138//110 139//111
f 2273//96 139//111 132//103
s 0
f 133//112 140//112 2273//112
f 2273//113 140//113 141//113
s 1
f 2273//96 141//114 124//94
f 58//115 142//116 2307//117
f 2307//117 142//116 143//118
f 2307//117 143//118 2321//107
f 2321//107 143//118 144//119
f 2321//107 144//119 134//105
f 56//10 145//120 2308//11
f 2308//11 145//120 146//121
f 2308//11 146//121 2307//117
f 2307//117 146//121 147//122
f 2307//117 147//122 57//123
f 34//124 148//125 149//126
f 149//126 150//127 34//124
f 34//124 150//127 151//128
f 34//124 151//128 2308//11
f 2308//11 151//128 152//129
f 2308//11 152//129 55//9
f 2394//130 153//131 154//132
f 154//132 155//133 2394//130
f 2394//130 155//133 156//134
f 2394//130 156//134 34//124
f 34//124 156//134 157//135
f 34//124 157//135 148//125
f 158//136 159//137 2166//138
f 2166//138 159//137 160//139
f 160//139 161//140 2166//138
f 2166//138 161//140 162//141
f 2166//138 162//141 2394//130
f 2394//130 162//141 163//142
f 2394//130 163//142 153//131
f 164//143 2166//138 165//144
f 165//144 2166//138 2126//145
f 164//143 166//146 2166//138
f 2166//138 166//146 167//147
f 2166//138 167//147 158//136
f 168//148 169//149 2126//145
f 2126//145 169//149 170//150
f 2126//145 170//150 165//144
f 171//151 172//152 2125//153
f 172//152 173//154 2125//153
f 2125//153 173//154 174//155
f 2125//153 174//155 2126//145
f 2126//145 174//155 175//156
f 2126//145 175//156 168//148
f 176//157 177//158 2125//153
f 2125//153 177//158 178//159
f 2125//153 178//159 171//151
f 17//160 179//161 180//162
f 17//160 180//162 2125//153
f 2125//153 180//162 181//163
f 2125//153 181//163 176//157
f 182//164 183//165 2134//166
f 2134//166 183//165 184//167
f 185//168 186//169 17//160
f 17//160 186//169 187//170
f 17//160 187//170 179//161
f 184//167 188//171 2134//166
f 2134//166 188//171 189//172
f 2134//166 189//172 17//160
f 17//160 189//172 190//173
f 17//160 190//173 185//168
f 6//174 191//175 192//176
f 192//176 193//177 6//174
f 6//174 193//177 194//178
f 6//174 194//178 195//179
f 196//180 197//181 2134//166
f 2134//166 197//181 198//182
f 2134//166 198//182 182//164
f 195//179 199//183 6//174
f 6//174 199//183 200//184
f 6//174 200//184 2134//166
f 2134//166 200//184 201//185
f 2134//166 201//185 196//180
f 202//186 203//187 2145//188
f 2145//188 203//187 204//189
f 204//189 205//190 2145//188
f 2145//188 205//190 206//191
f 2145//188 206//191 207//192
f 207//192 208//193 2145//188
f 2145//188 208//193 209//194
f 2145//188 209//194 6//174
f 6//174 209//194 210//195
f 6//174 210//195 191//175
f 211//196 212//197 2144//198
f 2144//198 212//197 213//199
f 213//199 214//200 2144//198
f 2144//198 214//200 215//201
f 2144//198 215//201 2145//188
f 2145//188 215//201 216//202
f 2145//188 216//202 202//186
f 217//203 218//204 15//205
f 218//204 219//206 15//205
f 15//205 219//206 220//207
f 15//205 220//207 2144//198
f 2144//198 220//207 221//208
f 2144//198 221//208 211//196
f 222//209 223//210 14//211
f 14//211 223//210 224//212
f 14//211 224//212 15//205
f 15//205 224//212 225//213
f 15//205 225//213 226//214
f 226//214 227//215 15//205
f 15//205 227//215 228//216
f 15//205 228//216 217//203
f 229//217 230//218 14//211
f 14//211 230//218 231//218
f 14//211 231//218 222//209
s 0
f 54//219 232//219 2103//219
s 1
f 2103//8 232//220 233//221
f 2103//8 233//221 14//211
f 14//211 233//221 234//222
f 14//211 234//222 229//217
f 235//223 236//224 2102//225
f 2102//225 236//224 237//226
f 237//226 238//227 2102//225
f 2102//225 238//227 239//228
f 2102//225 239//228 2103//8
f 2103//8 239//228 240//229
f 2103//8 240//229 53//6
s 0
f 2267//230 241//230 242//230
s 1
f 242//231 243//232 2267//233
f 2267//233 243//232 244//234
f 2267//233 244//234 2102//225
f 2102//225 244//234 245//235
f 2102//225 245//235 235//223
f 246//236 2114//237 247//238
f 247//238 2114//237 248//239
f 246//236 249//240 2114//237
f 2114//237 249//240 250//241
f 2114//237 250//241 2267//233
f 2267//233 250//241 251//242
f 2267//233 251//242 241//243
f 252//244 253//245 2113//246
f 2113//246 253//245 254//247
f 2113//246 254//247 255//248
f 256//249 257//250 2114//237
f 255//248 258//251 2113//246
f 2113//246 258//251 259//252
f 2113//246 259//252 2114//237
f 2114//237 259//252 260//253
f 2114//237 260//253 256//249
f 257//250 261//254 2114//237
f 2114//237 261//254 262//255
f 2114//237 262//255 248//239
f 263//256 264//257 12//258
s 0
f 12//259 264//259 265//259
s 1
f 265//260 266//261 12//262
f 12//262 266//261 267//263
f 12//262 267//263 2113//246
f 2113//246 267//263 268//264
f 2113//246 268//264 252//244
f 269//265 270//266 2198//267
f 2198//267 270//266 271//268
f 2198//267 271//268 272//269
f 272//269 273//270 2198//267
f 2198//267 273//270 274//271
f 2198//267 274//271 12//258
f 12//258 274//271 275//272
f 12//258 275//272 263//256
f 276//273 277//274 2198//267
f 276//273 2198//267 278//275
f 52//276 279//277 2170//278
f 2170//278 279//277 280//279
f 2170//278 280//279 2198//267
f 2198//267 280//279 281//280
f 2198//267 281//280 278//275
f 277//274 282//281 2198//267
f 2198//267 282//281 283//282
f 2198//267 283//282 269//265
f 284//283 285//284 2169//285
f 2169//285 285//284 286//286
f 2169//285 286//286 287//287
f 287//287 288//288 2169//285
f 2169//285 288//288 289//289
f 2169//285 289//289 2170//278
f 2170//278 289//289 290//290
s 0
f 2170//291 290//291 51//291
s 1
f 291//292 292//293 2169//285
f 2169//285 292//293 293//294
f 2169//285 293//294 284//283
f 50//295 294//296 2409//297
f 2409//297 294//296 295//298
f 2409//297 295//298 2169//285
f 2169//285 295//298 296//299
f 2169//285 296//299 291//292
f 48//2 297//300 45//3
f 45//3 297//300 298//301
f 45//3 298//301 2409//297
f 2409//297 298//301 299//302
f 2409//297 299//302 49//303
f 44//304 300//305 301//306
f 301//306 302//307 44//304
f 44//304 302//307 303//308
f 44//304 303//308 45//3
f 45//3 303//308 304//309
f 45//3 304//309 47//1
f 305//310 44//304 306//311
f 306//311 44//304 43//312
f 305//310 307//313 44//304
f 44//304 307//313 308//314
f 44//304 308//314 300//305
f 309//315 310//316 42//317
f 42//317 310//316 311//318
f 42//317 311//318 43//312
f 43//312 311//318 312//319
f 43//312 312//319 313//320
f 313//320 314//321 43//312
f 43//312 314//321 315//322
f 43//312 315//322 306//311
f 316//323 317//324 42//317
f 318//325 319//326 41//327
f 41//327 319//326 42//317
f 42//317 319//326 320//328
f 42//317 320//328 316//323
f 317//324 321//329 42//317
f 42//317 321//329 322//315
f 42//317 322//315 309//315
f 323//330 324//331 2543//332
f 2543//332 324//331 325//333
f 325//333 326//334 2543//332
f 2543//332 326//334 327//335
f 2543//332 327//335 41//327
f 41//327 327//335 328//336
f 41//327 328//336 329//337
f 329//337 330//338 41//327
f 41//327 330//338 331//339
f 41//327 331//339 318//325
f 332//340 333//341 2543//332
f 69//27 334//342 2542//28
f 2542//28 334//342 335//343
f 2542//28 335//343 2543//332
f 2543//332 335//343 336//344
f 2543//332 336//344 332//340
f 333//341 337//345 2543//332
f 2543//332 337//345 338//346
f 2543//332 338//346 323//330
f 385//347 386//348 387//349
f 388//350 389//351 390//352
f 391//353 392//354 393//355
f 394//356 395//357 396//358
f 2317//359 2318//360 399//361
f 400//362 401//363 402//364
f 121//91 119//88 403//365
f 404//366 405//367 406//368
f 407//369 408//370 409//371
f 409//371 408//370 410//372
f 411//373 2488//374 413//375
f 413//375 2488//374 2489//376
f 413//375 2489//376 2358//376
f 416//377 417//378 418//379
f 418//379 417//378 419//380
f 420//381 421//382 422//383
f 422//383 421//382 423//384
f 424//385 425//386 426//387
f 426//387 425//386 427//388
f 428//389 429//390 430//391
f 431//392 429//390 432//393
f 432//393 429//390 428//389
f 432//393 428//389 433//394
f 434//395 435//396 436//397
f 434//395 436//397 437//398
f 437//398 436//397 438//399
f 437//398 438//399 439//400
f 440//401 441//402 442//403
f 442//403 441//402 443//404
f 442//403 443//404 444//405
f 445//406 446//407 447//408
f 447//408 446//407 448//409
f 447//408 448//409 449//410
f 450//411 451//412 452//413
f 451//412 453//414 452//413
f 452//413 453//414 454//414
f 452//413 454//414 455//415
f 456//416 457//417 458//418
f 458//418 457//417 459//417
f 460//417 461//411 462//419
f 462//419 461//411 463//417
f 462//419 463//417 464//417
f 179//161 187//170 465//420
f 465//420 456//416 179//161
f 179//161 456//416 458//418
f 179//161 458//418 180//162
f 180//162 458//418 466//421
f 180//162 466//421 181//163
f 181//163 466//421 176//157
f 467//422 178//159 466//421
f 466//421 178//159 177//158
f 466//421 177//158 176//157
f 468//423 172//152 467//422
f 467//422 172//152 171//151
f 467//422 171//151 178//159
f 469//424 174//155 468//423
f 468//423 174//155 173//154
f 468//423 173//154 172//152
s 0
f 169//425 168//425 469//425
f 469//426 168//426 175//426
s 1
f 469//424 175//156 174//155
f 169//149 469//424 170//150
f 170//150 469//424 470//427
f 170//150 470//427 165//144
f 165//144 470//427 164//143
f 164//143 470//427 471//428
f 164//143 471//428 166//146
f 160//139 159//137 472//429
f 472//429 159//137 158//136
f 472//429 158//136 471//428
f 471//428 158//136 167//147
f 471//428 167//147 166//146
f 160//139 472//429 161//140
f 161//140 472//429 473//430
f 161//140 473//430 162//141
f 162//141 473//430 474//431
f 162//141 474//431 163//142
f 163//142 474//431 153//131
f 153//131 474//431 475//432
f 153//131 475//432 154//132
f 154//132 475//432 155//133
f 155//133 475//432 476//433
f 155//133 476//433 156//134
f 150//127 149//126 477//434
f 477//434 149//126 148//125
f 477//434 148//125 476//433
f 476//433 148//125 157//135
f 476//433 157//135 156//134
f 150//127 477//434 151//128
f 151//128 477//434 478//435
f 151//128 478//435 152//129
f 479//436 146//121 480//437
f 480//437 146//121 145//120
f 480//437 145//120 481//438
f 481//438 145//120 56//10
f 481//438 56//10 478//435
f 478//435 56//10 55//9
f 478//435 55//9 152//129
f 58//115 57//123 479//436
f 479//436 57//123 147//122
f 479//436 147//122 146//121
f 58//115 479//436 142//116
f 142//116 479//436 482//439
f 142//116 482//439 143//118
f 143//118 482//439 483//440
f 143//118 483//440 144//119
f 137//109 136//108 484//441
f 484//441 136//108 135//106
f 484//441 135//106 483//440
f 483//440 135//106 134//105
f 483//440 134//105 144//119
f 137//109 484//441 138//110
f 138//110 484//441 485//442
f 138//110 485//442 139//111
f 139//111 485//442 132//103
f 132//103 485//442 486//443
f 132//103 486//443 133//104
f 487//444 141//114 486//443
f 486//443 141//114 140//445
f 486//443 140//445 133//104
f 130//101 127//98 488//446
f 488//446 127//98 126//97
f 488//446 126//97 487//444
f 487//444 126//97 128//99
f 487//444 128//99 129//100
f 129//100 125//95 487//444
f 487//444 125//95 124//94
f 487//444 124//94 141//114
f 119//88 118//87 403//365
f 403//365 118//87 120//90
f 403//365 120//90 488//446
f 488//446 120//90 131//102
f 488//446 131//102 130//101
f 121//91 403//365 122//92
f 122//92 403//365 489//447
f 122//92 489//447 123//93
f 123//93 489//447 490//448
f 123//93 490//448 112//80
f 491//449 115//84 492//450
f 492//450 115//84 114//83
f 492//450 114//83 490//448
f 490//448 114//83 113//81
f 490//448 113//81 112//80
f 105//72 117//86 491//449
f 491//449 117//86 116//85
f 491//449 116//85 115//84
f 110//78 109//77 493//451
f 493//451 109//77 108//76
f 493//451 108//76 494//452
f 494//452 108//76 107//75
f 494//452 107//75 491//449
f 491//449 107//75 106//73
f 491//449 106//73 105//72
f 110//78 493//451 111//79
f 111//79 493//451 495//453
f 111//79 495//453 100//66
f 496//454 102//68 495//453
f 495//453 102//68 101//67
f 495//453 101//67 100//66
f 97//62 96//71 497//455
f 497//455 96//71 104//70
f 497//455 104//70 496//454
f 496//454 104//70 103//69
f 496//454 103//69 102//68
f 97//62 497//455 98//63
f 98//63 497//455 498//456
f 98//63 498//456 99//64
f 99//64 498//456 59//13
f 59//13 498//456 499//457
f 59//13 499//457 60//14
f 60//14 499//457 500//458
f 60//14 500//458 93//56
f 501//459 95//58 500//458
f 500//458 95//58 94//57
f 500//458 94//57 93//56
f 62//17 61//16 502//460
f 502//460 61//16 91//53
f 502//460 91//53 501//459
f 501//459 91//53 92//59
f 501//459 92//59 95//58
f 90//52 89//51 503//461
f 503//461 89//51 88//50
f 503//461 88//50 62//17
f 84//46 83//44 504//462
f 504//462 83//44 82//43
f 504//462 82//43 90//52
f 87//49 86//48 504//462
f 504//462 86//48 85//47
f 504//462 85//47 84//46
f 505//463 80//40 506//464
f 506//464 80//40 81//42
f 506//464 81//42 87//49
f 78//38 77//37 507//465
f 507//465 77//37 64//20
f 507//465 64//20 505//463
f 505//463 64//20 63//19
f 505//463 63//19 80//40
f 508//466 75//35 507//465
f 507//465 75//35 74//34
f 507//465 74//34 73//33
f 73//33 72//32 507//465
f 507//465 72//32 79//39
f 507//465 79//39 78//38
f 71//30 68//26 509//467
f 509//467 68//26 67//25
f 67//25 66//23 509//467
f 509//467 66//23 65//22
f 509//467 65//22 508//466
f 508//466 65//22 76//36
f 508//466 76//36 75//35
f 71//30 509//467 70//29
f 70//29 509//467 510//468
f 70//29 510//468 69//27
f 511//469 512//470 513//471
f 514//471 515//471 509//467
f 509//467 515//471 516//471
f 509//467 516//471 510//468
f 517//472 518//473 519//474
f 520//475 521//476 522//477
f 522//477 521//476 523//478
f 524//479 525//480 526//481
f 526//481 525//480 527//482
f 528//483 529//484 2362//485
f 2362//485 529//484 2379//486
s 0
f 530//487 2380//487 2364//487
f 533//488 534//488 535//488
s 1
f 528//483 2362//485 535//489
f 535//489 2362//485 536//490
f 535//489 536//490 533//491
f 537//492 538//493 536//490
f 538//493 539//494 536//490
f 536//490 539//494 540//495
f 536//490 540//495 533//491
f 541//496 542//497 543//498
f 543//498 542//497 544//499
f 543//498 544//499 545//500
f 400//362 402//364 546//501
f 547//502 548//503 549//504
f 549//504 548//503 550//505
f 549//504 550//505 551//506
f 2421//507 553//508 554//509
f 554//509 553//508 555//510
f 2427//511 2208//512 558//513
f 2427//511 558//513 559//514
f 559//514 558//513 2426//515
f 559//514 2426//515 2423//516
f 2490//517 2491//518 564//519
f 564//519 2491//518 2501//520
f 564//519 2501//520 559//514
f 559//514 2501//520 2428//521
f 559//514 2428//521 2427//511
f 2490//517 564//519 2498//522
f 2498//522 564//519 568//523
f 2498//522 568//523 569//524
f 570//525 571//526 572//527
f 572//527 571//526 573//528
f 572//527 573//528 568//523
f 568//523 573//528 574//529
f 568//523 574//529 569//524
f 570//525 572//527 575//530
f 575//530 572//527 576//531
f 575//530 576//531 577//532
f 578//533 579//534 576//531
f 576//531 579//534 580//535
f 576//531 580//535 577//532
f 581//536 582//537 583//538
f 583//538 2239//539 581//536
f 581//536 2239//539 2235//540
f 581//536 2235//540 578//533
f 578//533 2235//540 2236//541
f 578//533 2236//541 579//534
f 587//542 2216//543 581//536
f 581//536 2216//543 2217//544
f 581//536 2217//544 582//537
f 590//545 2226//546 592//547
f 592//547 2226//546 2188//548
f 592//547 2188//548 587//542
f 587//542 2188//548 2189//549
f 587//542 2189//549 2216//543
f 595//550 596//551 597//552
f 597//552 596//551 598//553
f 597//552 598//553 599//554
f 599//554 598//553 2137//555
f 599//554 2137//555 2136//556
s 0
f 2135//557 2138//557 2118//557
f 2135//558 2118//558 2119//558
s 1
f 595//550 597//552 2109//559
f 2109//559 597//552 605//560
f 2109//559 605//560 2110//561
f 2110//561 605//560 607//562
f 2110//561 607//562 2283//563
f 2283//563 607//562 2282//564
f 2282//564 607//562 610//565
f 2282//564 610//565 2153//566
f 2153//566 610//565 612//567
f 2153//566 612//567 2154//568
f 2154//568 612//567 2175//569
f 2175//569 612//567 615//570
f 2175//569 615//570 2200//571
f 617//572 2376//573 615//570
f 615//570 2376//573 2377//574
f 615//570 2377//574 2200//571
f 2371//575 2369//576 622//577
f 622//577 2369//576 2370//578
f 622//577 2370//578 617//572
f 617//572 2370//578 2383//579
f 617//572 2383//579 2376//573
f 622//577 625//580 2371//575
f 2371//575 625//580 626//581
f 2371//575 626//581 2335//582
f 2335//582 626//581 2248//583
f 2248//583 626//581 629//584
f 2248//583 629//584 2249//585
f 2249//585 629//584 2265//586
f 2265//586 629//584 632//587
f 2265//586 632//587 633//588
f 633//588 632//587 634//589
f 634//589 632//587 635//590
f 634//589 635//590 636//591
f 399//361 2318//360 635//590
f 635//590 2318//360 637//592
f 635//590 637//592 636//591
f 638//593 639//594 399//361
f 399//361 639//594 640//595
f 399//361 640//595 2317//359
f 641//596 642//597 643//598
f 643//598 642//597 644//599
f 643//598 644//599 645//600
f 645//600 644//599 646//601
f 645//600 646//601 638//593
f 638//593 646//601 647//602
f 638//593 647//602 639//594
f 648//603 2182//604 650//605
f 650//605 2182//604 651//606
f 652//607 653//608 650//605
f 650//605 653//608 654//609
f 650//605 654//609 648//603
f 655//610 2367//611 657//612
f 657//612 2367//611 658//613
f 657//612 658//613 652//607
f 652//607 658//613 659//614
f 652//607 659//614 653//608
f 660//615 661//616 2368//617
f 661//616 660//615 2410//618
f 2410//618 660//615 664//619
f 2410//618 664//619 2415//620
f 2415//620 664//619 2413//621
f 2413//621 664//619 667//622
f 2413//621 667//622 2414//623
f 2414//623 667//622 2443//624
f 2443//624 667//622 670//625
f 2443//624 670//625 2444//626
f 2444//626 670//625 2504//627
f 2504//627 670//625 673//628
f 2504//627 673//628 2505//629
f 2505//629 673//628 675//630
f 675//630 673//628 676//631
f 675//630 676//631 2486//632
f 2486//632 676//631 2470//633
f 2470//633 676//631 679//634
f 2470//633 679//634 2471//635
f 2471//635 679//634 681//636
f 681//636 679//634 682//637
f 681//636 682//637 683//638
f 683//638 682//637 684//639
f 684//639 682//637 685//640
f 684//639 685//640 686//641
f 686//641 685//640 2550//642
f 2550//642 685//640 688//643
f 2550//642 688//643 2551//644
f 2551//644 688//643 2546//645
f 2546//645 688//643 691//646
f 2546//645 691//646 2531//647
f 2531//647 691//646 2516//648
f 2516//648 691//646 694//649
f 2516//648 694//649 695//650
f 695//650 694//649 696//651
f 696//651 694//649 697//652
f 696//651 697//652 698//653
f 698//653 697//652 699//654
f 699//654 697//652 408//370
f 699//654 408//370 700//655
f 700//655 408//370 407//369
f 700//655 407//369 701//656
f 702//657 525//480 703//658
f 704//659 703//658 705//660
f 705//660 703//658 525//480
f 705//660 525//480 521//476
f 521//476 525//480 524//479
f 521//476 524//479 523//478
f 706//661 704//659 707//662
f 707//662 704//659 705//660
f 707//662 705//660 708//663
f 708//663 705//660 521//476
f 708//663 521//476 517//472
f 517//472 521//476 520//475
f 517//472 520//475 518//473
f 709//664 706//661 710//665
f 710//665 706//661 707//662
f 710//665 707//662 711//666
f 711//666 707//662 708//663
f 711//666 708//663 712//667
f 712//667 708//663 517//472
f 712//667 517//472 511//469
f 511//469 517//472 519//474
f 511//469 519//474 512//470
f 506//464 709//664 505//463
f 505//463 709//664 710//665
f 505//463 710//665 507//465
f 507//465 710//665 711//666
f 507//465 711//666 508//466
f 508//466 711//666 712//667
f 508//466 712//667 509//467
f 509//467 712//667 511//469
f 509//467 511//469 514//471
f 514//471 511//469 513//471
f 62//17 502//460 503//461
f 503//461 502//460 713//668
f 503//461 713//668 714//669
f 444//405 439//400 442//403
f 442//403 439//400 438//399
f 442//403 438//399 715//670
f 715//670 438//399 716//671
f 715//670 716//671 717//672
f 717//672 716//671 718//673
f 717//672 718//673 719//674
f 719//674 718//673 720//675
f 719//674 720//675 721//676
f 721//676 720//675 722//677
f 721//676 722//677 723//678
f 723//678 722//677 724//679
f 723//678 724//679 725//680
f 725//680 724//679 726//681
f 725//680 726//681 727//682
f 727//682 726//681 728//683
f 727//682 728//683 729//684
f 729//684 728//683 730//685
f 729//684 730//685 731//686
f 731//686 730//685 732//687
f 731//686 732//687 733//688
f 733//688 732//687 734//689
f 733//688 734//689 735//690
f 735//690 734//689 736//691
f 735//690 736//691 737//692
f 737//692 736//691 738//693
f 737//692 738//693 739//694
f 739//694 738//693 740//695
f 739//694 740//695 741//696
f 741//696 740//695 742//697
f 741//696 742//697 743//698
f 743//698 742//697 744//699
f 743//698 744//699 745//700
f 455//415 445//406 452//413
f 452//413 445//406 447//408
f 452//413 447//408 746//701
f 746//701 447//408 747//702
f 746//701 747//702 748//703
f 748//703 747//702 749//704
f 748//703 749//704 750//705
f 750//705 749//704 751//706
f 750//705 751//706 752//707
f 752//707 751//706 753//708
f 752//707 753//708 754//709
f 754//709 753//708 755//710
f 754//709 755//710 756//711
f 756//711 755//710 757//712
f 756//711 757//712 758//713
f 758//713 757//712 759//714
f 758//713 759//714 760//715
f 760//715 759//714 761//716
f 760//715 761//716 762//717
f 762//717 761//716 763//718
f 762//717 763//718 764//719
f 764//719 763//718 765//720
f 764//719 765//720 766//721
f 766//721 765//720 767//722
f 766//721 767//722 768//723
f 768//723 767//722 769//724
f 768//723 769//724 770//725
f 770//725 769//724 771//726
f 770//725 771//726 772//727
f 772//727 771//726 773//728
f 772//727 773//728 774//729
f 774//729 773//728 775//730
f 774//729 775//730 776//731
f 459//417 460//417 458//418
f 458//418 460//417 462//419
f 458//418 462//419 466//421
f 466//421 462//419 777//732
f 466//421 777//732 467//422
f 467//422 777//732 778//733
f 467//422 778//733 468//423
f 468//423 778//733 779//734
f 468//423 779//734 469//424
f 469//424 779//734 780//735
f 469//424 780//735 470//427
f 470//427 780//735 781//736
f 470//427 781//736 471//428
f 471//428 781//736 782//737
f 471//428 782//737 472//429
f 472//429 782//737 783//738
f 472//429 783//738 473//430
f 473//430 783//738 784//739
f 473//430 784//739 474//431
f 474//431 784//739 785//740
f 474//431 785//740 475//432
f 475//432 785//740 786//741
f 475//432 786//741 476//433
f 476//433 786//741 787//742
f 476//433 787//742 477//434
f 477//434 787//742 788//743
f 477//434 788//743 478//435
f 478//435 788//743 789//744
f 478//435 789//744 481//438
f 481//438 789//744 790//745
f 481//438 790//745 480//437
f 480//437 790//745 791//746
f 480//437 791//746 479//436
f 479//436 791//746 792//747
f 479//436 792//747 482//439
f 482//439 792//747 793//748
f 482//439 793//748 483//440
f 483//440 793//748 794//749
f 483//440 794//749 484//441
f 484//441 794//749 795//750
f 484//441 795//750 485//442
f 485//442 795//750 796//751
f 485//442 796//751 486//443
f 486//443 796//751 797//752
f 486//443 797//752 487//444
f 487//444 797//752 798//753
f 487//444 798//753 488//446
f 488//446 798//753 799//754
f 488//446 799//754 403//365
f 403//365 799//754 800//755
f 403//365 800//755 489//447
f 489//447 800//755 801//756
f 489//447 801//756 490//448
f 490//448 801//756 802//757
f 490//448 802//757 492//450
f 492//450 802//757 803//758
f 492//450 803//758 491//449
f 491//449 803//758 804//759
f 491//449 804//759 494//452
f 494//452 804//759 805//760
f 494//452 805//760 493//451
f 493//451 805//760 806//761
f 493//451 806//761 495//453
f 495//453 806//761 807//762
f 495//453 807//762 496//454
f 496//454 807//762 808//763
f 496//454 808//763 497//455
f 497//455 808//763 809//764
f 497//455 809//764 498//456
f 498//456 809//764 810//765
f 498//456 810//765 499//457
f 499//457 810//765 811//766
f 499//457 811//766 500//458
f 500//458 811//766 812//767
f 500//458 812//767 501//459
f 501//459 812//767 813//768
f 501//459 813//768 502//460
f 502//460 813//768 814//769
f 502//460 814//769 713//668
f 2358//376 410//372 413//375
f 413//375 410//372 408//370
f 413//375 408//370 815//770
f 815//770 408//370 697//652
f 815//770 697//652 816//771
f 816//771 697//652 694//649
f 816//771 694//649 817//772
f 817//772 694//649 691//646
f 817//772 691//646 818//773
f 818//773 691//646 688//643
f 818//773 688//643 819//774
f 819//774 688//643 685//640
f 819//774 685//640 820//775
f 820//775 685//640 682//637
f 820//775 682//637 821//776
f 821//776 682//637 679//634
f 821//776 679//634 822//777
f 822//777 679//634 676//631
f 822//777 676//631 823//778
f 823//778 676//631 673//628
f 823//778 673//628 824//779
f 824//779 673//628 670//625
f 824//779 670//625 825//780
f 825//780 670//625 667//622
f 825//780 667//622 826//781
f 826//781 667//622 664//619
f 826//781 664//619 827//782
f 827//782 664//619 660//615
f 827//782 660//615 655//610
f 655//610 660//615 2368//617
f 655//610 2368//617 2367//611
f 419//380 828//783 418//379
f 418//379 828//783 829//784
f 418//379 829//784 830//785
f 830//785 829//784 831//786
f 830//785 831//786 832//787
f 832//787 831//786 833//788
f 832//787 833//788 834//789
f 834//789 833//788 835//790
f 834//789 835//790 836//791
f 836//791 835//790 837//792
f 836//791 837//792 838//793
f 838//793 837//792 839//794
f 838//793 839//794 840//795
f 840//795 839//794 841//796
f 840//795 841//796 842//797
f 842//797 841//796 843//798
f 842//797 843//798 844//799
f 844//799 843//798 845//800
f 844//799 845//800 846//801
f 846//801 845//800 847//802
f 846//801 847//802 848//803
f 848//803 847//802 849//804
f 848//803 849//804 850//805
f 850//805 849//804 851//806
f 850//805 851//806 852//807
f 852//807 851//806 853//808
f 852//807 853//808 854//809
f 854//809 853//808 855//810
f 854//809 855//810 856//811
f 856//811 855//810 857//812
f 856//811 857//812 858//813
f 858//813 857//812 859//814
f 858//813 859//814 860//815
f 424//385 420//381 425//386
f 425//386 420//381 422//383
f 425//386 422//383 861//816
f 861//816 422//383 862//817
f 861//816 862//817 863//818
f 863//818 862//817 864//819
f 863//818 864//819 865//820
f 865//820 864//819 866//821
f 865//820 866//821 867//822
f 867//822 866//821 868//823
f 867//822 868//823 869//824
f 869//824 868//823 870//825
f 869//824 870//825 871//826
f 871//826 870//825 872//827
f 871//826 872//827 873//828
f 873//828 872//827 874//829
f 873//828 874//829 875//830
f 875//830 874//829 876//831
f 875//830 876//831 877//832
f 877//832 876//831 878//833
f 877//832 878//833 879//834
f 879//834 878//833 880//835
f 879//834 880//835 881//836
f 881//836 880//835 882//837
f 881//836 882//837 883//838
f 883//838 882//837 884//839
f 883//838 884//839 885//840
f 885//840 884//839 886//841
f 885//840 886//841 887//842
f 887//842 886//841 888//843
f 887//842 888//843 889//844
f 889//844 888//843 890//845
f 889//844 890//845 891//846
f 430//391 404//366 428//389
f 428//389 404//366 406//368
f 428//389 406//368 892//847
f 892//847 406//368 893//848
f 892//847 893//848 894//849
f 894//849 893//848 895//850
f 894//849 895//850 896//851
f 896//851 895//850 897//852
f 896//851 897//852 898//853
f 898//853 897//852 899//854
f 898//853 899//854 900//855
f 900//855 899//854 901//856
f 900//855 901//856 902//857
f 902//857 901//856 903//858
f 902//857 903//858 904//859
f 904//859 903//858 905//860
f 904//859 905//860 906//861
f 906//861 905//860 907//862
f 906//861 907//862 908//863
f 908//863 907//862 909//864
f 908//863 909//864 910//865
f 910//865 909//864 911//866
f 910//865 911//866 912//867
f 912//867 911//866 913//868
f 912//867 913//868 914//869
f 914//869 913//868 915//870
f 914//869 915//870 916//871
f 916//871 915//870 917//872
f 916//871 917//872 918//873
f 918//873 917//872 919//874
f 918//873 919//874 920//875
f 920//875 919//874 921//876
f 920//875 921//876 922//877
f 922//877 921//876 923//878
f 922//877 923//878 924//879
f 392//354 391//353 925//880
f 925//880 391//353 926//881
f 925//880 926//881 927//882
f 927//882 926//881 928//883
f 927//882 928//883 929//884
f 929//884 928//883 930//885
f 929//884 930//885 931//886
f 931//886 930//885 932//887
f 931//886 932//887 554//509
f 554//509 932//887 933//888
f 554//509 933//888 2421//507
f 527//482 525//480 2363//889
f 2363//889 525//480 702//657
f 2363//889 702//657 2362//485
f 2362//485 702//657 934//890
f 2362//485 934//890 536//490
f 90//52 503//461 504//462
f 504//462 503//461 714//669
f 504//462 714//669 935//891
f 935//891 714//669 936//892
f 935//891 936//892 937//893
f 937//893 936//892 938//894
f 937//893 938//894 939//895
f 939//895 938//894 940//896
f 939//895 940//896 941//897
f 941//897 940//896 942//898
f 941//897 942//898 943//899
f 943//899 942//898 944//900
f 943//899 944//900 945//901
f 395//357 394//356 946//902
f 946//902 394//356 947//903
f 946//902 947//903 948//904
f 948//904 947//903 949//905
f 948//904 949//905 950//906
f 464//417 450//411 462//419
f 462//419 450//411 452//413
f 462//419 452//413 777//732
f 777//732 452//413 746//701
f 777//732 746//701 778//733
f 778//733 746//701 748//703
f 778//733 748//703 779//734
f 779//734 748//703 750//705
f 779//734 750//705 780//735
f 780//735 750//705 752//707
f 780//735 752//707 781//736
f 781//736 752//707 754//709
f 781//736 754//709 782//737
f 782//737 754//709 756//711
f 782//737 756//711 783//738
f 783//738 756//711 758//713
f 783//738 758//713 784//739
f 784//739 758//713 760//715
f 784//739 760//715 785//740
f 785//740 760//715 762//717
f 785//740 762//717 786//741
f 786//741 762//717 764//719
f 786//741 764//719 787//742
f 787//742 764//719 766//721
f 787//742 766//721 788//743
f 788//743 766//721 768//723
f 788//743 768//723 789//744
f 789//744 768//723 770//725
f 789//744 770//725 790//745
f 790//745 770//725 772//727
f 790//745 772//727 791//746
f 791//746 772//727 774//729
f 791//746 774//729 792//747
f 792//747 774//729 776//731
f 792//747 776//731 793//748
f 793//748 776//731 951//907
f 793//748 951//907 794//749
f 794//749 951//907 952//908
f 794//749 952//908 795//750
f 795//750 952//908 953//909
f 795//750 953//909 796//751
f 796//751 953//909 954//910
f 796//751 954//910 797//752
f 797//752 954//910 955//911
f 797//752 955//911 798//753
f 798//753 955//911 956//912
f 798//753 956//912 799//754
f 799//754 956//912 957//913
f 799//754 957//913 800//755
f 800//755 957//913 958//914
f 800//755 958//914 801//756
f 801//756 958//914 959//915
f 801//756 959//915 802//757
f 802//757 959//915 960//916
f 802//757 960//916 803//758
f 803//758 960//916 961//917
f 803//758 961//917 804//759
f 804//759 961//917 962//918
f 804//759 962//918 805//760
f 805//760 962//918 963//919
f 805//760 963//919 806//761
f 806//761 963//919 964//920
f 806//761 964//920 807//762
f 807//762 964//920 965//921
f 807//762 965//921 808//763
f 808//763 965//921 966//922
f 808//763 966//922 809//764
f 809//764 966//922 967//923
f 809//764 967//923 810//765
f 810//765 967//923 968//924
f 810//765 968//924 811//766
f 811//766 968//924 969//925
f 811//766 969//925 812//767
f 812//767 969//925 970//926
f 812//767 970//926 813//768
f 813//768 970//926 971//927
f 813//768 971//927 814//769
f 814//769 971//927 972//928
f 814//769 972//928 713//668
f 713//668 972//928 973//929
f 713//668 973//929 714//669
f 714//669 973//929 396//358
f 714//669 396//358 936//892
f 936//892 396//358 395//357
f 936//892 395//357 938//894
f 938//894 395//357 946//902
f 938//894 946//902 940//896
f 940//896 946//902 948//904
f 940//896 948//904 942//898
f 942//898 948//904 950//906
f 942//898 950//906 944//900
f 389//351 388//350 974//930
f 974//930 388//350 975//931
f 974//930 975//931 976//932
f 976//932 975//931 977//933
f 976//932 977//933 978//934
f 978//934 977//933 979//935
f 978//934 979//935 980//936
f 980//936 979//935 981//937
f 980//936 981//937 982//938
f 982//938 981//937 543//498
f 982//938 543//498 983//939
f 983//939 543//498 545//500
s 0
f 983//940 545//940 984//940
s 1
f 87//49 504//462 506//464
f 506//464 504//462 935//891
f 506//464 935//891 709//664
f 709//664 935//891 937//893
f 709//664 937//893 706//661
f 706//661 937//893 939//895
f 706//661 939//895 704//659
f 704//659 939//895 941//897
f 704//659 941//897 703//658
f 703//658 941//897 943//899
f 703//658 943//899 702//657
f 702//657 943//899 945//901
f 702//657 945//901 934//890
f 551//506 546//501 549//504
f 549//504 546//501 402//364
f 549//504 402//364 985//941
f 985//941 402//364 986//942
f 985//941 986//942 987//943
f 987//943 986//942 988//944
f 987//943 988//944 989//945
f 989//945 988//944 990//946
f 989//945 990//946 991//947
f 991//947 990//946 992//948
f 991//947 992//948 993//949
f 993//949 992//948 994//950
f 993//949 994//950 995//951
f 828//783 411//373 829//784
f 829//784 411//373 413//375
f 829//784 413//375 831//786
f 831//786 413//375 815//770
f 831//786 815//770 833//788
f 833//788 815//770 816//771
f 833//788 816//771 835//790
f 835//790 816//771 817//772
f 835//790 817//772 837//792
f 837//792 817//772 818//773
f 837//792 818//773 839//794
f 839//794 818//773 819//774
f 839//794 819//774 841//796
f 841//796 819//774 820//775
f 841//796 820//775 843//798
f 843//798 820//775 821//776
f 843//798 821//776 845//800
f 845//800 821//776 822//777
f 845//800 822//777 847//802
f 847//802 822//777 823//778
f 847//802 823//778 849//804
f 849//804 823//778 824//779
f 849//804 824//779 851//806
f 851//806 824//779 825//780
f 851//806 825//780 853//808
f 853//808 825//780 826//781
f 853//808 826//781 855//810
f 855//810 826//781 827//782
f 855//810 827//782 857//812
f 857//812 827//782 655//610
f 857//812 655//610 859//814
f 859//814 655//610 657//612
f 859//814 657//612 860//815
f 860//815 657//612 652//607
f 860//815 652//607 996//952
f 996//952 652//607 650//605
f 996//952 650//605 997//953
f 997//953 650//605 651//606
f 997//953 651//606 998//954
f 998//954 651//606 999//955
f 998//954 999//955 1000//956
f 1000//956 999//955 1001//957
f 1000//956 1001//957 1002//958
f 1002//958 1001//957 1003//959
f 1002//958 1003//959 1004//960
f 1004//960 1003//959 1005//961
f 1004//960 1005//961 1006//962
f 1006//962 1005//961 1007//963
f 1006//962 1007//963 1008//964
f 1008//964 1007//963 1009//965
f 1008//964 1009//965 1010//966
f 1010//966 1009//965 1011//967
f 1010//966 1011//967 1012//968
f 1012//968 1011//967 1013//969
f 1012//968 1013//969 1014//970
f 1014//970 1013//969 1015//971
f 1014//970 1015//971 1016//972
f 1016//972 1015//971 1017//973
f 1016//972 1017//973 1018//974
f 1018//974 1017//973 1019//975
f 1018//974 1019//975 1020//976
f 1020//976 1019//975 1021//977
f 1020//976 1021//977 1022//978
f 1022//978 1021//977 1023//979
f 1022//978 1023//979 1024//980
f 1024//980 1023//979 1025//981
f 1024//980 1025//981 1026//982
f 1026//982 1025//981 1027//983
f 1026//982 1027//983 1028//984
f 1028//984 1027//983 1029//985
f 1028//984 1029//985 1030//986
f 1030//986 1029//985 1031//987
f 1030//986 1031//987 1032//988
f 1032//988 1031//987 1033//989
f 1032//988 1033//989 1034//990
f 1034//990 1033//989 590//545
f 1034//990 590//545 1035//991
f 1035//991 590//545 592//547
f 1035//991 592//547 1036//992
f 1036//992 592//547 587//542
f 1036//992 587//542 393//355
f 393//355 587//542 581//536
f 393//355 581//536 391//353
f 391//353 581//536 578//533
f 391//353 578//533 926//881
f 926//881 578//533 576//531
f 926//881 576//531 928//883
f 928//883 576//531 572//527
f 928//883 572//527 930//885
f 930//885 572//527 568//523
f 930//885 568//523 932//887
f 932//887 568//523 564//519
f 932//887 564//519 933//888
f 933//888 564//519 559//514
f 933//888 559//514 2421//507
f 2421//507 559//514 2423//516
f 405//367 1037//993 406//368
s 0
f 406//994 1037//994 427//994
s 1
f 406//368 427//388 893//848
f 893//848 427//388 425//386
f 893//848 425//386 895//850
f 895//850 425//386 861//816
f 895//850 861//816 897//852
f 897//852 861//816 863//818
f 897//852 863//818 899//854
f 899//854 863//818 865//820
f 899//854 865//820 901//856
f 901//856 865//820 867//822
f 901//856 867//822 903//858
f 903//858 867//822 869//824
f 903//858 869//824 905//860
f 905//860 869//824 871//826
f 905//860 871//826 907//862
f 907//862 871//826 873//828
f 907//862 873//828 909//864
f 909//864 873//828 875//830
f 909//864 875//830 911//866
f 911//866 875//830 877//832
f 911//866 877//832 913//868
f 913//868 877//832 879//834
f 913//868 879//834 915//870
f 915//870 879//834 881//836
f 915//870 881//836 917//872
f 917//872 881//836 883//838
f 917//872 883//838 919//874
f 919//874 883//838 885//840
f 919//874 885//840 921//876
f 921//876 885//840 887//842
f 921//876 887//842 923//878
f 923//878 887//842 889//844
f 923//878 889//844 924//879
f 924//879 889//844 891//846
f 924//879 891//846 1038//995
f 1038//995 891//846 1039//996
f 1038//995 1039//996 1040//997
f 1040//997 1039//996 1041//998
f 1040//997 1041//998 1042//999
f 1042//999 1041//998 1043//1000
f 1042//999 1043//1000 1044//1001
f 1044//1001 1043//1000 1045//1002
f 1044//1001 1045//1002 1046//1003
f 1046//1003 1045//1002 1047//1004
f 1046//1003 1047//1004 1048//1005
f 1048//1005 1047//1004 1049//1006
f 1048//1005 1049//1006 1050//1007
f 1050//1007 1049//1006 1051//1008
f 1050//1007 1051//1008 1052//1009
f 1052//1009 1051//1008 1053//1010
f 1052//1009 1053//1010 1054//1011
f 1054//1011 1053//1010 1055//1012
f 1054//1011 1055//1012 1056//1013
f 1056//1013 1055//1012 1057//1014
f 1056//1013 1057//1014 1058//1015
f 1058//1015 1057//1014 1059//1016
f 1058//1015 1059//1016 1060//1017
f 1060//1017 1059//1016 1061//1018
f 1060//1017 1061//1018 1062//1019
f 1062//1019 1061//1018 1063//1020
f 1062//1019 1063//1020 1064//1021
f 1064//1021 1063//1020 1065//1022
f 1064//1021 1065//1022 1066//1023
f 1066//1023 1065//1022 1067//1024
f 1066//1023 1067//1024 1068//1025
f 1068//1025 1067//1024 1069//1026
f 1068//1025 1069//1026 1070//1027
f 1070//1027 1069//1026 1071//1028
f 1070//1027 1071//1028 1072//1029
f 1072//1029 1071//1028 1073//1030
f 1072//1029 1073//1030 1074//1031
f 1074//1031 1073//1030 1075//1032
f 1074//1031 1075//1032 1076//1033
f 1076//1033 1075//1032 1077//1034
f 1076//1033 1077//1034 1078//1035
f 1078//1035 1077//1034 1079//1036
f 1078//1035 1079//1036 1080//1037
f 1080//1037 1079//1036 1081//1038
f 1080//1037 1081//1038 1082//1039
f 1082//1039 1081//1038 1083//1040
f 1082//1039 1083//1040 390//352
f 390//352 1083//1040 995//951
f 390//352 995//951 388//350
f 388//350 995//951 994//950
f 388//350 994//950 975//931
f 975//931 994//950 992//948
f 975//931 992//948 977//933
f 977//933 992//948 990//946
f 977//933 990//946 979//935
f 979//935 990//946 988//944
f 979//935 988//944 981//937
f 981//937 988//944 986//942
f 981//937 986//942 543//498
f 543//498 986//942 402//364
f 543//498 402//364 541//496
f 541//496 402//364 401//363
f 423//384 416//377 422//383
f 422//383 416//377 418//379
f 422//383 418//379 862//817
f 862//817 418//379 830//785
f 862//817 830//785 864//819
f 864//819 830//785 832//787
f 864//819 832//787 866//821
f 866//821 832//787 834//789
f 866//821 834//789 868//823
f 868//823 834//789 836//791
f 868//823 836//791 870//825
f 870//825 836//791 838//793
f 870//825 838//793 872//827
f 872//827 838//793 840//795
f 872//827 840//795 874//829
f 874//829 840//795 842//797
f 874//829 842//797 876//831
f 876//831 842//797 844//799
f 876//831 844//799 878//833
f 878//833 844//799 846//801
f 878//833 846//801 880//835
f 880//835 846//801 848//803
f 880//835 848//803 882//837
f 882//837 848//803 850//805
f 882//837 850//805 884//839
f 884//839 850//805 852//807
f 884//839 852//807 886//841
f 886//841 852//807 854//809
f 886//841 854//809 888//843
f 888//843 854//809 856//811
f 888//843 856//811 890//845
f 890//845 856//811 858//813
f 890//845 858//813 891//846
f 891//846 858//813 860//815
f 891//846 860//815 1039//996
f 1039//996 860//815 996//952
f 1039//996 996//952 1041//998
f 1041//998 996//952 997//953
f 1041//998 997//953 1043//1000
f 1043//1000 997//953 998//954
f 1043//1000 998//954 1045//1002
f 1045//1002 998//954 1000//956
f 1045//1002 1000//956 1047//1004
f 1047//1004 1000//956 1002//958
f 1047//1004 1002//958 1049//1006
f 1049//1006 1002//958 1004//960
f 1049//1006 1004//960 1051//1008
f 1051//1008 1004//960 1006//962
f 1051//1008 1006//962 1053//1010
f 1053//1010 1006//962 1008//964
f 1053//1010 1008//964 1055//1012
f 1055//1012 1008//964 1010//966
f 1055//1012 1010//966 1057//1014
f 1057//1014 1010//966 1012//968
f 1057//1014 1012//968 1059//1016
f 1059//1016 1012//968 1014//970
f 1059//1016 1014//970 1061//1018
f 1061//1018 1014//970 1016//972
f 1061//1018 1016//972 1063//1020
f 1063//1020 1016//972 1018//974
f 1063//1020 1018//974 1065//1022
f 1065//1022 1018//974 1020//976
f 1065//1022 1020//976 1067//1024
f 1067//1024 1020//976 1022//978
f 1067//1024 1022//978 1069//1026
f 1069//1026 1022//978 1024//980
f 1069//1026 1024//980 1071//1028
f 1071//1028 1024//980 1026//982
f 1071//1028 1026//982 1073//1030
f 1073//1030 1026//982 1028//984
f 1073//1030 1028//984 1075//1032
f 1075//1032 1028//984 1030//986
f 1075//1032 1030//986 1077//1034
f 1077//1034 1030//986 1032//988
f 1077//1034 1032//988 1079//1036
f 1079//1036 1032//988 1034//990
f 1079//1036 1034//990 1081//1038
f 1081//1038 1034//990 1035//991
f 1081//1038 1035//991 1083//1040
f 1083//1040 1035//991 1036//992
f 1083//1040 1036//992 995//951
f 995//951 1036//992 393//355
f 995//951 393//355 993//949
f 993//949 393//355 392//354
f 993//949 392//354 991//947
f 991//947 392//354 925//880
f 991//947 925//880 989//945
f 989//945 925//880 927//882
f 989//945 927//882 987//943
f 987//943 927//882 929//884
f 987//943 929//884 985//941
f 985//941 929//884 931//886
f 985//941 931//886 549//504
f 549//504 931//886 554//509
f 549//504 554//509 547//502
f 547//502 554//509 555//510
f 449//410 440//401 447//408
f 447//408 440//401 442//403
f 447//408 442//403 747//702
f 747//702 442//403 715//670
f 747//702 715//670 749//704
f 749//704 715//670 717//672
f 749//704 717//672 751//706
f 751//706 717//672 719//674
f 751//706 719//674 753//708
f 753//708 719//674 721//676
f 753//708 721//676 755//710
f 755//710 721//676 723//678
f 755//710 723//678 757//712
f 757//712 723//678 725//680
f 757//712 725//680 759//714
f 759//714 725//680 727//682
f 759//714 727//682 761//716
f 761//716 727//682 729//684
f 761//716 729//684 763//718
f 763//718 729//684 731//686
f 763//718 731//686 765//720
f 765//720 731//686 733//688
f 765//720 733//688 767//722
f 767//722 733//688 735//690
f 767//722 735//690 769//724
f 769//724 735//690 737//692
f 769//724 737//692 771//726
f 771//726 737//692 739//694
f 771//726 739//694 773//728
f 773//728 739//694 741//696
f 773//728 741//696 775//730
f 775//730 741//696 743//698
f 775//730 743//698 776//731
f 776//731 743//698 745//700
f 776//731 745//700 951//907
f 951//907 745//700 1084//1041
f 951//907 1084//1041 952//908
f 952//908 1084//1041 1085//1042
f 952//908 1085//1042 953//909
f 953//909 1085//1042 1086//1043
f 953//909 1086//1043 954//910
f 954//910 1086//1043 1087//1044
f 954//910 1087//1044 955//911
f 955//911 1087//1044 1088//1045
f 955//911 1088//1045 956//912
f 956//912 1088//1045 1089//1046
f 956//912 1089//1046 957//913
f 957//913 1089//1046 1090//1047
f 957//913 1090//1047 958//914
f 958//914 1090//1047 1091//1048
f 958//914 1091//1048 959//915
f 959//915 1091//1048 1092//1049
f 959//915 1092//1049 960//916
f 960//916 1092//1049 1093//1050
f 960//916 1093//1050 961//917
f 961//917 1093//1050 1094//1051
f 961//917 1094//1051 962//918
f 962//918 1094//1051 1095//1052
f 962//918 1095//1052 963//919
f 963//919 1095//1052 1096//1053
f 963//919 1096//1053 964//920
f 964//920 1096//1053 1097//1054
f 964//920 1097//1054 965//921
f 965//921 1097//1054 1098//1055
f 965//921 1098//1055 966//922
f 966//922 1098//1055 1099//1056
f 966//922 1099//1056 967//923
f 967//923 1099//1056 1100//1057
f 967//923 1100//1057 968//924
f 968//924 1100//1057 1101//1058
f 968//924 1101//1058 969//925
f 969//925 1101//1058 1102//1059
f 969//925 1102//1059 970//926
f 970//926 1102//1059 1103//1060
f 970//926 1103//1060 971//927
f 971//927 1103//1060 1104//1061
f 971//927 1104//1061 972//928
f 972//928 1104//1061 1105//1062
f 972//928 1105//1062 973//929
f 973//929 1105//1062 1106//1063
f 973//929 1106//1063 396//358
f 396//358 1106//1063 387//349
f 396//358 387//349 394//356
f 394//356 387//349 386//348
f 394//356 386//348 947//903
f 947//903 386//348 385//347
f 947//903 385//347 949//905
f 2182//604 2183//1064 651//606
f 651//606 2183//1064 641//596
f 651//606 641//596 999//955
f 999//955 641//596 643//598
f 999//955 643//598 1001//957
f 1001//957 643//598 645//600
f 1001//957 645//600 1003//959
f 1003//959 645//600 638//593
f 1003//959 638//593 1005//961
f 1005//961 638//593 399//361
f 1005//961 399//361 1007//963
f 1007//963 399//361 635//590
f 1007//963 635//590 1009//965
f 1009//965 635//590 632//587
f 1009//965 632//587 1011//967
f 1011//967 632//587 629//584
f 1011//967 629//584 1013//969
f 1013//969 629//584 626//581
f 1013//969 626//581 1015//971
f 1015//971 626//581 625//580
f 1015//971 625//580 1017//973
f 1017//973 625//580 622//577
f 1017//973 622//577 1019//975
f 1019//975 622//577 617//572
f 1019//975 617//572 1021//977
f 1021//977 617//572 615//570
f 1021//977 615//570 1023//979
f 1023//979 615//570 612//567
f 1023//979 612//567 1025//981
f 1025//981 612//567 610//565
f 1025//981 610//565 1027//983
f 1027//983 610//565 607//562
f 1027//983 607//562 1029//985
f 1029//985 607//562 605//560
f 1029//985 605//560 1031//987
f 1031//987 605//560 597//552
f 1031//987 597//552 1033//989
f 1033//989 597//552 599//554
f 1033//989 599//554 590//545
f 590//545 599//554 2136//556
f 590//545 2136//556 2226//546
s 0
f 591//1065 601//1065 603//1065
s 1
f 435//396 433//394 436//397
f 436//397 433//394 428//389
f 436//397 428//389 438//399
f 438//399 428//389 892//847
f 438//399 892//847 716//671
f 716//671 892//847 894//849
f 716//671 894//849 718//673
f 718//673 894//849 896//851
f 718//673 896//851 720//675
f 720//675 896//851 898//853
f 720//675 898//853 722//677
f 722//677 898//853 900//855
f 722//677 900//855 724//679
f 724//679 900//855 902//857
f 724//679 902//857 726//681
f 726//681 902//857 904//859
f 726//681 904//859 728//683
f 728//683 904//859 906//861
f 728//683 906//861 730//685
f 730//685 906//861 908//863
f 730//685 908//863 732//687
f 732//687 908//863 910//865
f 732//687 910//865 734//689
f 734//689 910//865 912//867
f 734//689 912//867 736//691
f 736//691 912//867 914//869
f 736//691 914//869 738//693
f 738//693 914//869 916//871
f 738//693 916//871 740//695
f 740//695 916//871 918//873
f 740//695 918//873 742//697
f 742//697 918//873 920//875
f 742//697 920//875 744//699
f 744//699 920//875 922//877
f 744//699 922//877 745//700
f 745//700 922//877 924//879
f 745//700 924//879 1084//1041
f 1084//1041 924//879 1038//995
f 1084//1041 1038//995 1085//1042
f 1085//1042 1038//995 1040//997
f 1085//1042 1040//997 1086//1043
f 1086//1043 1040//997 1042//999
f 1086//1043 1042//999 1087//1044
f 1087//1044 1042//999 1044//1001
f 1087//1044 1044//1001 1088//1045
f 1088//1045 1044//1001 1046//1003
f 1088//1045 1046//1003 1089//1046
f 1089//1046 1046//1003 1048//1005
f 1089//1046 1048//1005 1090//1047
f 1090//1047 1048//1005 1050//1007
f 1090//1047 1050//1007 1091//1048
f 1091//1048 1050//1007 1052//1009
f 1091//1048 1052//1009 1092//1049
f 1092//1049 1052//1009 1054//1011
f 1092//1049 1054//1011 1093//1050
f 1093//1050 1054//1011 1056//1013
f 1093//1050 1056//1013 1094//1051
f 1094//1051 1056//1013 1058//1015
f 1094//1051 1058//1015 1095//1052
f 1095//1052 1058//1015 1060//1017
f 1095//1052 1060//1017 1096//1053
f 1096//1053 1060//1017 1062//1019
f 1096//1053 1062//1019 1097//1054
f 1097//1054 1062//1019 1064//1021
f 1097//1054 1064//1021 1098//1055
f 1098//1055 1064//1021 1066//1023
f 1098//1055 1066//1023 1099//1056
f 1099//1056 1066//1023 1068//1025
f 1099//1056 1068//1025 1100//1057
f 1100//1057 1068//1025 1070//1027
f 1100//1057 1070//1027 1101//1058
f 1101//1058 1070//1027 1072//1029
f 1101//1058 1072//1029 1102//1059
f 1102//1059 1072//1029 1074//1031
f 1102//1059 1074//1031 1103//1060
f 1103//1060 1074//1031 1076//1033
f 1103//1060 1076//1033 1104//1061
f 1104//1061 1076//1033 1078//1035
f 1104//1061 1078//1035 1105//1062
f 1105//1062 1078//1035 1080//1037
f 1105//1062 1080//1037 1106//1063
f 1106//1063 1080//1037 1082//1039
f 1106//1063 1082//1039 387//349
f 387//349 1082//1039 390//352
f 387//349 390//352 385//347
f 385//347 390//352 389//351
f 385//347 389//351 949//905
f 949//905 389//351 974//930
f 949//905 974//930 950//906
f 950//906 974//930 976//932
f 950//906 976//932 944//900
f 944//900 976//932 978//934
f 944//900 978//934 945//901
f 945//901 978//934 980//936
f 945//901 980//936 934//890
f 934//890 980//936 982//938
f 934//890 982//938 536//490
f 536//490 982//938 983//939
f 536//490 983//939 537//492
f 537//492 983//939 984//1066
f 1108//1067 1109//1068 1110//1069
f 1111//1070 1112//1071 1113//1072
f 1114//1073 1115//1074 1116//1075
f 1117//1076 1118//1077 1119//1078
f 1120//1079 1121//1080 1122//1081
f 1121//1080 1120//1079 1123//1082
f 1124//1083 1125//1084 1126//1085
f 1127//1086 1128//1087 1129//1088
f 1130//1089 1131//1090 1132//1091
f 1133//1092 1134//1093 1135//1094
f 1136//1095 1137//1096 1138//1097
f 1139//1098 1140//1099 1141//1100
f 1142//1101 1143//1102 1144//1103
f 1145//1104 1146//1105 1147//1106
f 1148//1107 2554//1108 1150//1109
f 528//483 535//489 1151//1110
s 0
f 1152//1111 1153//1111 1154//1111
s 1
f 2434//1112 1156//1113 1157//1114
s 0
f 2460//1115 2482//1115 2483//1115
s 1
f 2173//1116 2177//1117 1163//1118
f 2179//1119 2146//1120 1166//1121
f 1166//1121 2146//1120 1167//1122
f 2331//1123 1169//1124 1170//1125
f 2319//1126 2320//1127 1173//1128
f 2323//1129 2366//1130 1176//1131
f 2201//1132 1178//1133 1179//1134
f 1180//1135 1181//1136 1182//1137
f 1183//1138 1184//1139 1185//1140
f 444//405 443//404 1186//1141
f 440//401 449//410 1187//1142
f 450//411 464//417 1188//1143
f 463//417 461//411 1189//1144
f 233//221 1190//1145 1191//1146
f 310//316 309//315 1192//1147
f 334//342 69//27 510//468
f 333//341 332//340 1193//1148
f 1193//1148 332//340 336//344
f 1193//1148 336//344 335//343
f 516//471 1193//1148 510//468
f 510//468 1193//1148 335//343
f 510//468 335//343 334//342
f 325//333 324//331 1194//1149
f 323//330 338//346 1193//1148
f 1193//1148 338//346 337//345
f 1193//1148 337//345 333//341
f 318//325 331//339 1195//1150
f 1195//1150 331//339 330//338
f 1195//1150 330//338 329//337
f 328//336 327//335 1194//1149
f 1194//1149 327//335 326//334
s 0
f 1194//1151 326//1151 325//1151
s 1
f 309//315 322//315 1192//1147
f 1192//1147 322//315 321//329
f 1192//1147 321//329 1195//1150
f 1195//1150 321//329 317//324
f 1195//1150 317//324 316//323
f 316//323 320//328 1195//1150
f 1195//1150 320//328 319//326
f 1195//1150 319//326 318//325
f 1196//1152 313//320 312//319
f 1196//1152 312//319 1192//1147
f 1192//1147 312//319 311//318
f 1192//1147 311//318 310//316
f 308//314 307//313 1197//1153
f 1197//1153 307//313 305//310
f 305//310 306//311 1197//1153
f 1197//1153 306//311 315//322
f 1197//1153 315//322 1196//1152
f 1196//1152 315//322 314//321
f 1196//1152 314//321 313//320
f 303//308 302//307 1198//1154
f 1198//1154 302//307 301//306
f 1198//1154 301//306 1197//1153
f 1197//1153 301//306 300//305
f 1197//1153 300//305 308//314
f 48//2 1198//1154 297//300
f 297//300 1198//1154 1199//1155
f 48//2 47//1 1198//1154
f 1198//1154 47//1 304//309
f 1198//1154 304//309 303//308
f 1200//1156 294//296 50//295
f 50//295 49//303 1200//1156
f 1200//1156 49//303 299//302
f 1200//1156 299//302 1199//1155
f 1199//1155 299//302 298//301
f 1199//1155 298//301 297//300
f 294//296 1200//1156 295//298
f 295//298 1200//1156 1201//1157
f 295//298 1201//1157 296//299
f 296//299 1201//1157 1202//1158
f 296//299 1202//1158 291//292
f 1203//1159 293//294 1202//1158
f 1202//1158 293//294 292//293
f 1202//1158 292//293 291//292
f 286//286 285//284 1203//1159
f 1203//1159 285//284 284//283
f 1203//1159 284//283 293//294
f 1204//1160 289//289 288//288
f 1204//1160 288//288 1203//1159
f 1203//1159 288//288 287//287
f 1203//1159 287//287 286//286
f 289//289 1204//1160 290//290
f 290//290 1204//1160 1205//1161
f 290//290 1205//1161 51//1162
f 281//280 280//279 1122//1081
f 1122//1081 280//279 279//277
f 1122//1081 279//277 1205//1161
f 1205//1161 279//277 52//276
f 1205//1161 52//276 51//1162
f 1121//1080 283//282 282//281
f 282//281 277//274 1121//1080
f 1121//1080 277//274 276//273
f 1121//1080 276//273 1122//1081
f 1122//1081 276//273 278//275
f 1122//1081 278//275 281//280
f 1123//1082 270//266 1121//1080
f 1121//1080 270//266 269//265
f 1121//1080 269//265 283//282
f 274//271 273//270 1123//1082
f 273//270 272//269 1123//1082
f 1123//1082 272//269 271//268
f 1123//1082 271//268 270//266
f 1206//1163 265//260 264//257
f 264//257 263//256 1206//1163
f 1206//1163 263//256 275//272
f 1206//1163 275//272 1207//1164
f 265//260 1206//1163 266//261
f 266//261 1206//1163 1208//1165
f 266//261 1208//1165 267//263
f 1209//1166 258//251 1210//1167
f 1210//1167 258//251 255//248
f 1210//1167 255//248 254//247
f 254//247 253//245 1210//1167
f 1210//1167 253//245 252//244
f 1210//1167 252//244 1208//1165
f 1208//1165 252//244 268//264
f 1208//1165 268//264 267//263
f 257//250 256//249 1211//1168
f 1211//1168 256//249 260//253
f 1211//1168 260//253 1209//1166
f 1209//1166 260//253 259//252
f 1209//1166 259//252 258//251
f 247//238 248//239 1212//1169
f 1212//1169 248//239 262//255
f 1212//1169 262//255 1211//1168
f 1211//1168 262//255 261//254
f 1211//1168 261//254 257//250
f 246//236 1213//1170 249//240
f 249//240 1213//1170 250//241
f 242//231 241//243 1214//1171
f 1214//1171 241//243 251//242
f 1215//1172 244//234 243//232
f 1216//1173 235//223 245//235
f 239//228 238//227 1217//1174
f 1217//1174 238//227 237//226
f 1217//1174 237//226 236//224
f 233//221 232//220 1190//1145
f 1190//1145 232//220 54//7
f 1190//1145 54//7 1218//1175
f 1218//1175 54//7 53//6
f 1218//1175 53//6 240//229
f 231//218 230//218 1219//1176
f 1219//1176 230//218 229//217
f 1219//1176 229//217 1191//1146
f 1191//1146 229//217 234//222
f 1191//1146 234//222 233//221
f 231//218 1219//1176 222//209
f 222//209 1219//1176 1220//1177
f 222//209 1220//1177 223//210
f 223//210 1220//1177 224//212
f 224//212 1220//1177 1221//1178
f 224//212 1221//1178 225//213
f 228//216 1221//1178 217//203
f 217//203 1221//1178 1222//1179
f 228//216 227//215 1221//1178
f 1221//1178 227//215 226//214
f 1221//1178 226//214 225//213
f 1223//1180 211//196 221//208
f 221//208 220//207 1223//1180
f 1223//1180 220//207 219//206
f 1223//1180 219//206 1222//1179
f 1222//1179 219//206 218//204
f 1222//1179 218//204 217//203
f 211//196 1223//1180 212//197
f 212//197 1223//1180 1224//1181
f 212//197 1224//1181 213//199
f 213//199 1224//1181 214//200
f 214//200 1224//1181 1225//1182
f 214//200 1225//1182 215//201
f 215//201 1225//1182 216//202
f 216//202 1225//1182 1226//1183
f 216//202 1226//1183 202//186
f 1227//1184 204//189 1226//1183
f 1226//1183 204//189 203//187
f 1226//1183 203//187 202//186
f 207//192 1227//1184 208//193
f 208//193 1227//1184 1228//1185
f 207//192 206//191 1227//1184
f 1227//1184 206//191 205//190
f 1227//1184 205//190 204//189
s 0
f 194//1186 193//1186 1229//1186
f 1229//1187 193//1187 192//1187
s 1
f 192//176 191//175 1229//1188
f 1229//1188 191//175 210//195
f 1229//1188 210//195 1228//1185
f 1228//1185 210//195 209//194
f 1228//1185 209//194 208//193
f 1230//1189 199//183 1229//1188
f 1229//1188 199//183 195//179
f 1229//1188 195//179 194//178
f 197//181 196//180 1231//1190
f 1231//1190 196//180 201//185
f 1231//1190 201//185 1230//1189
s 0
f 1230//1191 201//1191 200//1191
s 1
f 1230//1189 200//184 199//183
f 189//172 188//171 1232//1192
f 1232//1192 188//171 184//167
f 184//167 183//165 1232//1192
f 1232//1192 183//165 182//164
f 1232//1192 182//164 1231//1190
f 1231//1190 182//164 198//182
f 1231//1190 198//182 197//181
f 189//172 1232//1192 190//173
f 190//173 1232//1192 1233//1193
f 190//173 1233//1193 185//168
f 460//417 459//417 1233//1193
f 1233//1193 459//417 457//417
f 1233//1193 457//417 185//168
f 185//168 457//417 456//416
f 185//168 456//416 186//169
f 186//169 456//416 465//420
f 186//169 465//420 187//170
f 450//411 1188//1143 451//412
f 448//409 446//407 1234//1194
f 1234//1194 446//407 445//406
f 445//406 455//415 1234//1194
f 1234//1194 455//415 454//414
f 1234//1194 454//414 453//414
f 437//398 439//400 1235//1195
f 437//398 1236//1196 434//395
f 434//395 1236//1196 1237//1197
f 434//395 1237//1197 435//396
f 435//396 1237//1197 433//394
f 433//394 1237//1197 1238//1198
f 433//394 1238//1198 432//393
f 1239//1199 1240//1200 1241//1201
f 1241//1201 1240//1200 1242//1202
f 1241//1201 1242//1202 1243//1203
s 0
f 1244//1204 1245//1204 1240//1204
s 1
f 1240//1200 1245//1205 1246//1206
f 1240//1200 1246//1206 1242//1202
f 1247//1207 1248//1208 1249//1209
f 1249//1209 1248//1208 1250//1210
f 1249//1209 1250//1210 1251//1211
f 1252//1212 1253//1213 1248//1208
f 1253//1213 1254//1214 1248//1208
f 1248//1208 1254//1214 1255//1215
f 1248//1208 1255//1215 1250//1210
f 1180//1135 1182//1137 1256//1216
f 1178//1133 2234//1217 1258//1218
f 1258//1218 2234//1217 1259//1219
f 1258//1218 1259//1219 1260//1220
f 2202//1221 1262//1222 1263//1223
f 1263//1223 1262//1222 1264//1224
f 1263//1223 1264//1224 1265//1225
f 1266//1226 2438//1227 1264//1224
f 1264//1224 2438//1227 1268//1228
f 1264//1224 1268//1228 1265//1225
f 1269//1229 2502//1230 1271//1231
f 2515//1232 1273//1233 1266//1226
f 1273//1233 1274//1234 1266//1226
f 1266//1226 1274//1234 1275//1235
f 1266//1226 1275//1235 2438//1227
s 0
f 1276//1236 1277//1236 2576//1236
f 2576//1237 1277//1237 2451//1237
f 1276//1238 2577//1238 1277//1238
f 1277//1239 2577//1239 1281//1239
s 1
f 1277//1240 1281//1241 1282//1242
f 1282//1242 1281//1241 1283//1243
f 1282//1242 1283//1243 1271//1231
f 1271//1231 1283//1243 2521//1244
f 1271//1231 2521//1244 1269//1229
s 0
f 1285//1245 1286//1245 1287//1245
s 1
f 1287//1246 1286//1247 1271//1231
f 1288//1248 1289//1249 1285//1250
f 1114//1073 1290//1251 1115//1074
f 1115//1074 1290//1251 1291//1252
f 1115//1074 1291//1252 1292//1253
f 2309//1254 2310//1255 1114//1073
f 1114//1073 2310//1255 2322//1256
f 1114//1073 2322//1256 1290//1251
f 2324//1257 1297//1258 2289//1259
f 2289//1259 1297//1258 1299//1260
f 2289//1259 1299//1260 2290//1261
f 2290//1261 1299//1260 1301//1262
f 2290//1261 1301//1262 2298//1263
f 2298//1263 1301//1262 2398//1264
f 2398//1264 1301//1262 1304//1265
f 2398//1264 1304//1265 2328//1266
f 2328//1266 1304//1265 2326//1267
f 2326//1267 1304//1265 1307//1268
f 2326//1267 1307//1268 2327//1269
f 1309//1270 2223//1271 1307//1268
f 1307//1268 2223//1271 1311//1272
f 1307//1268 1311//1272 2327//1269
f 1312//1273 2218//1274 1309//1270
f 1309//1270 2218//1274 1314//1275
f 1309//1270 1314//1275 2223//1271
f 1315//1276 2229//1277 1312//1273
f 1312//1273 2229//1277 2219//1278
f 1312//1273 2219//1278 2218//1274
f 2196//1279 2164//1280 1320//1281
f 1320//1281 2164//1280 2165//1282
f 1320//1281 2165//1282 1322//1283
f 1322//1283 2165//1282 1323//1284
f 1322//1283 1323//1284 1324//1285
f 1324//1285 1323//1284 2098//1286
f 1324//1285 2098//1286 1315//1276
f 1315//1276 2098//1286 2099//1287
f 1315//1276 2099//1287 2229//1277
f 2196//1279 1320//1281 2104//1288
f 2104//1288 1320//1281 1328//1289
f 2104//1288 1328//1289 2105//1290
f 2105//1290 1328//1289 2190//1291
f 2190//1291 1328//1289 1331//1292
f 2190//1291 1331//1292 2121//1293
f 2121//1293 1331//1292 2122//1294
f 2122//1294 1331//1292 1334//1295
f 2122//1294 1334//1295 2245//1296
f 2245//1296 1334//1295 2244//1297
f 2244//1297 1334//1295 1337//1298
f 2244//1297 1337//1298 2162//1299
f 2163//1300 1340//1301 2194//1302
f 2194//1302 1340//1301 1342//1303
f 2194//1302 1342//1303 1343//1304
f 1173//1128 2320//1127 1344//1305
f 2320//1127 1345//1306 1344//1305
f 1344//1305 1345//1306 1346//1307
f 1344//1305 1346//1307 1342//1303
f 1342//1303 1346//1307 1347//1308
f 1342//1303 1347//1308 1343//1304
f 2319//1126 1173//1128 1348//1309
f 1348//1309 1173//1128 1349//1310
f 1348//1309 1349//1310 1350//1311
f 1350//1311 1349//1310 1351//1312
f 1350//1311 1351//1312 1352//1313
f 1352//1313 1351//1312 1353//1314
f 1353//1314 1351//1312 1354//1315
f 1353//1314 1354//1315 2274//1316
f 2274//1316 1354//1315 2275//1317
f 2275//1317 1354//1315 1357//1318
f 2275//1317 1357//1318 1358//1319
f 1358//1319 1357//1318 1359//1320
f 1358//1319 1359//1320 1360//1321
f 1170//1125 1169//1124 1361//1322
f 1169//1124 1362//1323 1361//1322
f 1361//1322 1362//1323 1363//1324
f 1361//1322 1363//1324 1359//1320
f 1359//1320 1363//1324 1364//1325
f 1359//1320 1364//1325 1360//1321
f 2331//1123 1170//1125 2541//1326
f 2541//1326 1170//1125 1366//1327
f 2541//1326 1366//1327 1367//1328
f 1367//1328 1366//1327 1368//1329
f 1368//1329 1366//1327 1369//1330
f 1368//1329 1369//1330 1370//1331
f 1371//1332 1372//1333 1373//1334
f 1373//1334 1372//1333 1374//1335
f 1373//1334 1374//1335 1375//1336
f 1375//1336 1374//1335 1167//1122
f 1375//1336 1167//1122 2147//1337
f 2147//1337 1167//1122 2146//1120
f 1377//1338 2487//1339 1166//1121
f 1166//1121 2487//1339 2180//1340
f 1166//1121 2180//1340 2179//1119
f 1380//1341 1381//1342 1377//1338
f 1377//1338 1381//1342 1382//1343
f 1377//1338 1382//1343 2487//1339
f 2177//1117 2178//1344 1163//1118
f 1163//1118 2178//1344 2432//1345
f 1163//1118 2432//1345 1380//1341
f 1380//1341 2432//1345 1385//1346
f 1380//1341 1385//1346 1381//1342
f 1386//1347 2401//1348 1163//1118
f 1163//1118 2401//1348 2174//1349
f 1163//1118 2174//1349 2173//1116
f 1389//1350 2411//1351 1386//1347
f 1386//1347 2411//1351 2402//1352
f 1386//1347 2402//1352 2401//1348
f 1392//1353 1393//1354 1394//1355
f 1394//1355 1393//1354 2449//1356
f 1394//1355 2449//1356 1389//1350
f 1389//1350 2449//1356 2412//1357
f 1389//1350 2412//1357 2411//1351
f 1397//1358 2506//1359 1394//1355
f 1394//1355 2506//1359 2419//1360
f 1394//1355 2419//1360 1392//1353
f 2424//1361 1401//1362 1402//1363
f 1402//1363 1401//1362 2474//1364
f 1402//1363 2474//1364 1397//1358
f 1397//1358 2474//1364 2475//1365
f 1397//1358 2475//1365 2506//1359
f 1405//1366 1406//1367 1402//1363
f 1402//1363 1406//1367 2469//1368
f 1402//1363 2469//1368 1408//1369
f 1408//1369 2583//1370 1402//1363
f 1402//1363 2583//1370 2446//1371
f 1402//1363 2446//1371 2424//1361
f 2424//1361 2446//1371 2477//1372
f 2424//1361 2477//1372 1412//1373
s 0
f 2460//1374 2483//1374 1413//1374
s 1
f 1412//1373 2484//1375 2424//1361
f 2424//1361 2484//1375 2553//1376
f 2424//1361 2553//1376 2425//1377
f 2425//1377 2553//1376 1417//1378
f 2425//1377 1417//1378 2483//1379
s 0
f 2483//1380 1417//1380 1418//1380
f 2483//1381 1418//1381 1413//1381
s 1
f 2277//1382 2279//1383 1421//1384
f 1421//1384 2279//1383 2288//1385
f 1423//1386 1424//1387 1425//1388
f 1425//1388 1424//1387 1426//1387
f 1427//1389 1428//1390 1429//1391
f 1428//1390 1430//1392 1429//1391
f 1429//1391 1430//1392 1431//1393
f 1429//1391 1431//1393 1432//1394
f 1153//1395 1152//1396 1433//1397
f 1434//1398 1435//1399 1436//1400
f 1437//1401 1438//1402 1153//1395
s 0
f 1153//1403 1438//1403 1439//1403
f 1153//1404 1439//1404 1154//1404
s 1
f 1148//1107 524//479 2554//1108
f 2554//1108 524//479 526//481
f 2554//1108 526//481 527//482
f 527//482 2363//889 2554//1108
f 1149//1405 532//487 531//487
f 2554//1108 2379//486 1440//1406
f 1440//1406 2379//486 529//484
f 520//475 522//477 1148//1107
f 1148//1107 522//477 523//478
f 1148//1107 523//478 524//479
f 519//474 518//473 1441//1407
f 513//471 512//470 1442//1408
f 516//471 515//471 1193//1148
f 1193//1148 515//471 514//471
f 1193//1148 514//471 1443//1409
f 518//473 520//475 1441//1407
f 1441//1407 520//475 1148//1107
f 1441//1407 1148//1107 1444//1410
f 1444//1410 1148//1107 1150//1109
f 1444//1410 1150//1109 1445//1411
f 512//470 519//474 1442//1408
f 1442//1408 519//474 1441//1407
f 1442//1408 1441//1407 1446//1412
f 1446//1412 1441//1407 1444//1410
f 1446//1412 1444//1410 1447//1413
f 1447//1413 1444//1410 1445//1411
f 1447//1413 1445//1411 1448//1414
f 1449//1415 1450//1416 1451//1417
f 1451//1417 1450//1416 1452//1418
f 1451//1417 1452//1418 1453//1419
f 1453//1419 1452//1418 1454//1420
f 1453//1419 1454//1420 1455//1421
f 1455//1421 1454//1420 1456//1422
f 1455//1421 1456//1422 1457//1423
f 1457//1423 1456//1422 1458//1424
f 1457//1423 1458//1424 1459//1425
f 1459//1425 1458//1424 1151//1110
f 1459//1425 1151//1110 1434//1398
f 1434//1398 1151//1110 535//489
f 1434//1398 535//489 1435//1399
f 1435//1399 535//489 534//1426
f 1450//1416 1448//1414 1452//1418
f 1452//1418 1448//1414 1445//1411
f 1452//1418 1445//1411 1454//1420
f 1454//1420 1445//1411 1150//1109
f 1454//1420 1150//1109 1456//1422
f 1456//1422 1150//1109 2554//1108
f 1456//1422 2554//1108 1458//1424
f 1458//1424 2554//1108 1440//1406
f 1458//1424 1440//1406 1151//1110
f 1151//1110 1440//1406 529//484
f 1151//1110 529//484 528//483
f 514//471 513//471 1443//1409
f 1443//1409 513//471 1442//1408
f 1443//1409 1442//1408 1460//1427
f 1460//1427 1442//1408 1446//1412
f 1460//1427 1446//1412 1461//1428
f 1461//1428 1446//1412 1447//1413
f 1461//1428 1447//1413 1462//1429
f 1462//1429 1447//1413 1448//1414
f 1462//1429 1448//1414 1463//1430
f 1463//1430 1448//1414 1450//1416
f 1463//1430 1450//1416 1464//1431
f 1464//1431 1450//1416 1449//1415
f 1464//1431 1449//1415 1140//1099
f 1140//1099 1139//1098 1464//1431
f 1464//1431 1139//1098 1465//1432
f 1464//1431 1465//1432 1463//1430
f 1463//1430 1465//1432 1466//1433
f 1463//1430 1466//1433 1462//1429
f 1462//1429 1466//1433 1467//1434
f 1462//1429 1467//1434 1461//1428
f 1461//1428 1467//1434 1468//1435
f 1461//1428 1468//1435 1460//1427
f 1460//1427 1468//1435 1469//1436
f 1460//1427 1469//1436 1443//1409
f 1443//1409 1469//1436 1194//1149
f 1443//1409 1194//1149 1193//1148
f 1193//1148 1194//1149 324//331
f 1193//1148 324//331 323//330
f 1143//1102 1142//1101 1470//1437
f 1470//1437 1142//1101 1471//1438
f 1470//1437 1471//1438 1472//1439
f 1135//1094 1134//1093 1473//1440
f 1473//1440 1134//1093 1474//1441
f 1473//1440 1474//1441 1475//1442
f 1475//1442 1474//1441 1476//1443
f 1475//1442 1476//1443 1477//1444
f 1477//1444 1476//1443 1478//1445
f 1477//1444 1478//1445 1144//1103
f 1144//1103 1478//1445 1479//1446
f 1144//1103 1479//1446 1142//1101
f 1142//1101 1479//1446 1480//1447
f 1142//1101 1480//1447 1471//1438
f 1146//1105 1145//1104 1481//1448
f 1481//1448 1145//1104 1472//1439
f 1481//1448 1472//1439 1482//1449
f 1482//1449 1472//1439 1471//1438
f 1482//1449 1471//1438 1483//1450
f 1483//1450 1471//1438 1480//1447
f 1483//1450 1480//1447 1136//1095
f 1484//1451 1128//1087 1485//1452
f 1485//1452 1128//1087 1127//1086
f 1485//1452 1127//1086 1131//1090
f 1131//1090 1130//1089 1485//1452
f 1485//1452 1130//1089 1486//1453
f 1485//1452 1486//1453 1484//1451
f 1487//1454 1488//1455 1489//1456
f 1489//1456 1488//1455 1490//1457
f 1489//1456 1490//1457 1491//1458
f 1136//1095 1480//1447 1137//1096
f 1137//1096 1480//1447 1479//1446
f 1137//1096 1479//1446 1138//1097
f 1138//1097 1479//1446 1478//1445
f 1138//1097 1478//1445 1492//1459
f 1492//1459 1478//1445 1476//1443
f 1492//1459 1476//1443 1493//1460
f 1493//1460 1476//1443 1474//1441
f 1493//1460 1474//1441 1494//1461
f 1494//1461 1474//1441 1134//1093
f 1494//1461 1134//1093 1495//1462
f 1495//1462 1134//1093 1133//1092
f 1495//1462 1133//1092 1496//1463
f 1497//1464 1487//1454 1126//1085
f 1126//1085 1487//1454 1489//1456
f 1126//1085 1489//1456 1124//1083
f 1124//1083 1489//1456 1491//1458
f 1124//1083 1491//1458 1498//1465
f 1195//1150 1147//1106 1192//1147
f 1192//1147 1147//1106 1146//1105
f 1192//1147 1146//1105 1196//1152
f 1196//1152 1146//1105 1481//1448
f 1196//1152 1481//1448 1197//1153
f 1197//1153 1481//1448 1482//1449
f 1197//1153 1482//1449 1198//1154
f 1198//1154 1482//1449 1483//1450
f 1198//1154 1483//1450 1199//1155
f 1199//1155 1483//1450 1136//1095
f 1199//1155 1136//1095 1200//1156
f 1200//1156 1136//1095 1138//1097
f 1200//1156 1138//1097 1201//1157
f 1201//1157 1138//1097 1492//1459
f 1201//1157 1492//1459 1202//1158
f 1202//1158 1492//1459 1493//1460
f 1202//1158 1493//1460 1203//1159
f 1203//1159 1493//1460 1494//1461
f 1203//1159 1494//1461 1204//1160
f 1204//1160 1494//1461 1495//1462
f 1204//1160 1495//1462 1205//1161
f 1205//1161 1495//1462 1496//1463
f 1205//1161 1496//1463 1122//1081
f 1499//1466 1500//1467 1501//1468
f 1501//1468 1500//1467 1502//1469
f 1501//1468 1502//1469 1503//1470
f 1125//1084 1124//1083 1504//1471
f 1504//1471 1124//1083 1498//1465
f 1504//1471 1498//1465 1505//1472
f 1505//1472 1498//1465 1506//1473
f 1505//1472 1506//1473 1507//1474
f 1507//1474 1506//1473 1508//1475
f 1507//1474 1508//1475 1509//1476
f 1509//1476 1508//1475 1510//1477
f 1509//1476 1510//1477 1511//1478
f 1510//1477 1499//1466 1511//1478
f 1511//1478 1499//1466 1501//1468
f 1511//1478 1501//1468 1512//1479
f 1512//1479 1501//1468 1503//1470
f 1512//1479 1503//1470 1513//1480
f 1514//1481 1515//1482 1516//1483
f 1513//1480 1517//1484 1512//1479
f 1512//1479 1517//1484 1518//1485
f 1512//1479 1518//1485 1511//1478
f 1511//1478 1518//1485 1519//1486
f 1511//1478 1519//1486 1509//1476
f 1509//1476 1519//1486 1520//1487
f 1509//1476 1520//1487 1507//1474
f 1507//1474 1520//1487 1521//1488
f 1507//1474 1521//1488 1505//1472
f 1505//1472 1521//1488 1522//1489
f 1505//1472 1522//1489 1504//1471
f 1504//1471 1522//1489 1523//1490
f 1504//1471 1523//1490 1125//1084
f 1125//1084 1523//1490 1524//1491
f 1125//1084 1524//1491 1126//1085
f 1525//1492 1526//1493 1527//1494
f 1527//1494 1526//1493 1528//1495
f 1527//1494 1528//1495 1529//1496
f 1529//1496 1528//1495 1530//1497
f 1529//1496 1530//1497 1531//1498
f 1531//1498 1530//1497 1532//1499
f 1531//1498 1532//1499 1533//1500
f 1533//1500 1532//1499 1534//1501
f 1533//1500 1534//1501 1535//1502
f 1535//1502 1534//1501 1536//1503
f 1535//1502 1536//1503 1537//1504
f 1537//1504 1536//1503 1215//1172
f 1537//1504 1215//1172 1214//1171
f 1214//1171 1215//1172 243//232
f 1214//1171 243//232 242//231
f 1517//1484 1212//1169 1518//1485
f 1518//1485 1212//1169 1211//1168
f 1518//1485 1211//1168 1519//1486
f 1519//1486 1211//1168 1209//1166
f 1519//1486 1209//1166 1520//1487
f 1520//1487 1209//1166 1210//1167
f 1520//1487 1210//1167 1521//1488
f 1521//1488 1210//1167 1208//1165
f 1521//1488 1208//1165 1522//1489
f 1522//1489 1208//1165 1206//1163
f 1522//1489 1206//1163 1523//1490
f 1523//1490 1206//1163 1207//1164
f 1523//1490 1207//1164 1524//1491
f 1514//1481 1516//1483 1538//1505
f 1538//1505 1516//1483 1539//1506
f 1538//1505 1539//1506 1540//1507
f 1540//1507 1539//1506 1541//1508
f 1540//1507 1541//1508 1542//1509
f 1542//1509 1541//1508 1217//1174
f 1542//1509 1217//1174 1216//1173
f 1216//1173 1217//1174 236//224
f 1216//1173 236//224 235//223
f 1526//1493 1515//1482 1528//1495
f 1528//1495 1515//1482 1514//1481
f 1528//1495 1514//1481 1530//1497
f 1530//1497 1514//1481 1538//1505
f 1530//1497 1538//1505 1532//1499
f 1532//1499 1538//1505 1540//1507
f 1532//1499 1540//1507 1534//1501
f 1534//1501 1540//1507 1542//1509
f 1534//1501 1542//1509 1536//1503
f 1536//1503 1542//1509 1216//1173
f 1536//1503 1216//1173 1215//1172
f 1215//1172 1216//1173 245//235
f 1215//1172 245//235 244//234
f 1543//1510 1235//1195 1544//1511
f 1544//1511 1235//1195 1545//1512
f 1544//1511 1545//1512 1546//1513
f 1547//1514 1543//1510 1548//1515
f 1548//1515 1543//1510 1544//1511
f 1548//1515 1544//1511 1549//1516
f 1549//1516 1544//1511 1546//1513
f 1549//1516 1546//1513 1550//1517
f 1550//1517 1546//1513 1551//1518
f 1550//1517 1551//1518 1552//1519
f 1552//1519 1551//1518 1553//1520
f 1552//1519 1553//1520 1554//1521
f 1554//1521 1553//1520 1555//1522
f 1554//1521 1555//1522 1556//1523
f 1556//1523 1555//1522 1557//1524
f 1556//1523 1557//1524 1558//1525
f 1558//1525 1557//1524 1559//1526
f 1558//1525 1559//1526 1560//1527
f 1560//1527 1559//1526 1561//1528
f 1560//1527 1561//1528 1562//1529
f 1562//1529 1561//1528 1563//1530
f 1562//1529 1563//1530 1564//1531
f 1564//1531 1563//1530 1565//1532
f 1564//1531 1565//1532 1566//1533
f 1566//1533 1565//1532 1567//1534
f 1566//1533 1567//1534 1568//1535
f 1568//1535 1567//1534 1569//1536
f 1568//1535 1569//1536 1570//1537
f 1570//1537 1569//1536 1571//1538
f 1570//1537 1571//1538 1572//1539
f 1572//1539 1571//1538 1573//1540
f 1572//1539 1573//1540 1574//1541
f 1574//1541 1573//1540 1575//1542
f 1574//1541 1575//1542 1576//1543
f 1576//1543 1575//1542 1577//1544
f 1576//1543 1577//1544 1578//1545
f 1578//1545 1577//1544 1579//1546
f 1243//1203 1183//1138 1241//1201
f 1241//1201 1183//1138 1185//1140
f 1241//1201 1185//1140 1239//1199
f 1239//1199 1185//1140 1547//1514
f 1239//1199 1547//1514 1580//1547
f 1580//1547 1547//1514 1548//1515
f 1580//1547 1548//1515 1581//1548
f 1581//1548 1548//1515 1549//1516
f 1581//1548 1549//1516 1582//1549
f 1582//1549 1549//1516 1550//1517
f 1582//1549 1550//1517 1583//1550
f 1583//1550 1550//1517 1552//1519
f 1583//1550 1552//1519 1584//1551
f 1584//1551 1552//1519 1554//1521
f 1584//1551 1554//1521 1585//1552
f 1585//1552 1554//1521 1556//1523
f 1585//1552 1556//1523 1586//1553
f 1586//1553 1556//1523 1558//1525
f 1586//1553 1558//1525 1587//1554
f 1587//1554 1558//1525 1560//1527
f 1587//1554 1560//1527 1588//1555
f 1588//1555 1560//1527 1562//1529
f 1588//1555 1562//1529 1589//1556
f 1589//1556 1562//1529 1564//1531
f 1589//1556 1564//1531 1590//1557
f 1590//1557 1564//1531 1566//1533
f 1590//1557 1566//1533 1591//1558
f 1591//1558 1566//1533 1568//1535
f 1591//1558 1568//1535 1592//1559
f 1592//1559 1568//1535 1570//1537
f 1592//1559 1570//1537 1593//1560
f 1593//1560 1570//1537 1572//1539
f 1593//1560 1572//1539 1594//1561
f 1594//1561 1572//1539 1574//1541
f 1594//1561 1574//1541 1595//1562
f 1595//1562 1574//1541 1576//1543
f 1595//1562 1576//1543 1596//1563
f 1596//1563 1576//1543 1578//1545
f 437//398 1235//1195 1236//1196
f 1236//1196 1235//1195 1543//1510
f 1236//1196 1543//1510 1237//1197
f 1237//1197 1543//1510 1547//1514
f 1237//1197 1547//1514 1238//1198
f 1238//1198 1547//1514 1185//1140
f 1238//1198 1185//1140 432//393
f 432//393 1185//1140 1184//1139
f 432//393 1184//1139 431//392
f 443//404 441//402 1186//1141
f 1186//1141 441//402 1597//1564
f 1186//1141 1597//1564 1598//1565
f 1598//1565 1597//1564 1599//1566
f 1598//1565 1599//1566 1600//1567
f 439//400 444//405 1235//1195
f 1235//1195 444//405 1186//1141
f 1235//1195 1186//1141 1545//1512
f 1545//1512 1186//1141 1598//1565
f 1545//1512 1598//1565 1546//1513
f 1546//1513 1598//1565 1600//1567
f 1546//1513 1600//1567 1551//1518
f 1551//1518 1600//1567 1601//1568
f 1551//1518 1601//1568 1553//1520
f 1553//1520 1601//1568 1602//1569
f 1553//1520 1602//1569 1555//1522
f 1555//1522 1602//1569 1603//1570
f 1555//1522 1603//1570 1557//1524
f 1557//1524 1603//1570 1604//1571
f 1557//1524 1604//1571 1559//1526
f 1559//1526 1604//1571 1605//1572
f 1559//1526 1605//1572 1561//1528
f 1561//1528 1605//1572 1606//1573
f 1561//1528 1606//1573 1563//1530
f 1563//1530 1606//1573 1607//1574
f 1563//1530 1607//1574 1565//1532
f 1565//1532 1607//1574 1608//1575
f 1565//1532 1608//1575 1567//1534
f 1567//1534 1608//1575 1609//1576
f 1567//1534 1609//1576 1569//1536
f 1569//1536 1609//1576 1610//1577
f 1569//1536 1610//1577 1571//1538
f 1571//1538 1610//1577 1611//1578
f 1571//1538 1611//1578 1573//1540
f 1573//1540 1611//1578 1612//1579
f 1573//1540 1612//1579 1575//1542
f 1575//1542 1612//1579 1613//1580
f 1575//1542 1613//1580 1577//1544
f 1577//1544 1613//1580 1614//1581
f 1577//1544 1614//1581 1579//1546
f 1579//1546 1614//1581 1615//1582
f 449//410 448//409 1187//1142
f 1187//1142 448//409 1234//1194
f 1187//1142 1234//1194 1616//1583
f 1616//1583 1234//1194 1617//1584
f 1616//1583 1617//1584 1618//1585
f 441//402 440//401 1597//1564
f 1597//1564 440//401 1187//1142
f 1597//1564 1187//1142 1599//1566
f 1599//1566 1187//1142 1616//1583
f 1599//1566 1616//1583 1600//1567
f 1600//1567 1616//1583 1618//1585
f 1600//1567 1618//1585 1601//1568
f 1601//1568 1618//1585 1619//1586
f 1601//1568 1619//1586 1602//1569
f 1602//1569 1619//1586 1620//1587
f 1602//1569 1620//1587 1603//1570
f 1603//1570 1620//1587 1621//1588
f 1603//1570 1621//1588 1604//1571
f 1604//1571 1621//1588 1622//1589
f 1604//1571 1622//1589 1605//1572
f 1605//1572 1622//1589 1623//1590
f 1605//1572 1623//1590 1606//1573
f 1606//1573 1623//1590 1624//1591
f 1606//1573 1624//1591 1607//1574
f 1607//1574 1624//1591 1625//1592
f 1607//1574 1625//1592 1608//1575
f 1608//1575 1625//1592 1626//1593
f 1608//1575 1626//1593 1609//1576
f 1609//1576 1626//1593 1627//1594
f 1609//1576 1627//1594 1610//1577
f 1610//1577 1627//1594 1628//1595
f 1610//1577 1628//1595 1611//1578
f 1611//1578 1628//1595 1629//1596
f 1611//1578 1629//1596 1612//1579
f 1612//1579 1629//1596 1630//1597
f 1612//1579 1630//1597 1613//1580
f 1613//1580 1630//1597 1631//1598
f 1613//1580 1631//1598 1614//1581
f 1614//1581 1631//1598 1632//1599
f 1614//1581 1632//1599 1615//1582
f 1615//1582 1632//1599 1633//1600
f 453//414 451//412 1234//1194
f 1234//1194 451//412 1188//1143
f 1234//1194 1188//1143 1617//1584
f 1617//1584 1188//1143 1634//1601
f 1617//1584 1634//1601 1618//1585
f 1618//1585 1634//1601 1635//1602
f 1618//1585 1635//1602 1619//1586
f 1619//1586 1635//1602 1636//1603
f 1619//1586 1636//1603 1620//1587
f 1620//1587 1636//1603 1637//1604
f 1620//1587 1637//1604 1621//1588
f 1621//1588 1637//1604 1638//1605
f 1621//1588 1638//1605 1622//1589
f 1622//1589 1638//1605 1639//1606
f 1622//1589 1639//1606 1623//1590
f 1623//1590 1639//1606 1640//1607
f 1623//1590 1640//1607 1624//1591
f 1624//1591 1640//1607 1641//1608
f 1624//1591 1641//1608 1625//1592
f 1625//1592 1641//1608 1642//1609
f 1625//1592 1642//1609 1626//1593
f 1626//1593 1642//1609 1643//1610
f 1626//1593 1643//1610 1627//1594
f 1627//1594 1643//1610 1644//1611
f 1627//1594 1644//1611 1628//1595
f 1628//1595 1644//1611 1645//1612
f 1628//1595 1645//1612 1629//1596
f 1629//1596 1645//1612 1646//1613
f 1629//1596 1646//1613 1630//1597
f 1630//1597 1646//1613 1647//1614
f 1630//1597 1647//1614 1631//1598
f 1631//1598 1647//1614 1648//1615
f 1631//1598 1648//1615 1632//1599
f 1632//1599 1648//1615 1649//1616
f 1632//1599 1649//1616 1633//1600
f 1633//1600 1649//1616 1650//1617
f 464//417 463//417 1188//1143
f 1188//1143 463//417 1189//1144
f 1188//1143 1189//1144 1634//1601
f 1634//1601 1189//1144 1651//1618
f 1634//1601 1651//1618 1635//1602
f 1635//1602 1651//1618 1652//1619
f 1635//1602 1652//1619 1636//1603
f 1636//1603 1652//1619 1653//1620
f 1636//1603 1653//1620 1637//1604
f 1637//1604 1653//1620 1654//1621
f 1637//1604 1654//1621 1638//1605
f 1638//1605 1654//1621 1655//1622
f 1638//1605 1655//1622 1639//1606
f 1639//1606 1655//1622 1656//1623
f 1639//1606 1656//1623 1640//1607
f 1640//1607 1656//1623 1657//1624
f 1640//1607 1657//1624 1641//1608
f 1641//1608 1657//1624 1658//1625
f 1641//1608 1658//1625 1642//1609
f 1642//1609 1658//1625 1659//1626
f 1642//1609 1659//1626 1643//1610
f 1643//1610 1659//1626 1660//1627
f 1643//1610 1660//1627 1644//1611
f 1644//1611 1660//1627 1661//1628
f 1644//1611 1661//1628 1645//1612
f 461//411 460//417 1189//1144
f 1189//1144 460//417 1233//1193
f 1189//1144 1233//1193 1651//1618
f 1651//1618 1233//1193 1232//1192
f 1651//1618 1232//1192 1652//1619
f 1652//1619 1232//1192 1231//1190
f 1652//1619 1231//1190 1653//1620
f 1653//1620 1231//1190 1230//1189
f 1653//1620 1230//1189 1654//1621
f 1654//1621 1230//1189 1229//1188
f 1654//1621 1229//1188 1655//1622
f 1655//1622 1229//1188 1228//1185
f 1655//1622 1228//1185 1656//1623
f 1656//1623 1228//1185 1227//1184
f 1656//1623 1227//1184 1657//1624
f 1657//1624 1227//1184 1226//1183
f 1657//1624 1226//1183 1658//1625
f 1658//1625 1226//1183 1225//1182
f 1658//1625 1225//1182 1659//1626
f 1659//1626 1225//1182 1224//1181
f 1659//1626 1224//1181 1660//1627
f 1660//1627 1224//1181 1223//1180
f 1660//1627 1223//1180 1661//1628
f 1661//1628 1223//1180 1222//1179
f 1661//1628 1222//1179 1645//1612
f 1645//1612 1222//1179 1221//1178
f 1645//1612 1221//1178 1646//1613
f 1646//1613 1221//1178 1220//1177
f 1646//1613 1220//1177 1647//1614
f 1647//1614 1220//1177 1219//1176
f 1647//1614 1219//1176 1648//1615
f 1648//1615 1219//1176 1191//1146
f 1648//1615 1191//1146 1649//1616
f 1649//1616 1191//1146 1190//1145
f 1649//1616 1190//1145 1650//1617
f 1650//1617 1190//1145 1218//1175
f 1662//1629 1663//1630 1664//1631
f 1664//1631 1663//1630 1665//1632
f 1664//1631 1665//1632 1119//1078
f 1119//1078 1665//1632 1666//1633
f 1119//1078 1666//1633 1117//1076
f 1117//1076 1666//1633 1667//1634
f 1117//1076 1667//1634 1668//1635
f 1663//1630 1669//1636 1665//1632
f 1665//1632 1669//1636 1670//1637
f 1665//1632 1670//1637 1666//1633
f 1666//1633 1670//1637 1671//1638
f 1666//1633 1671//1638 1667//1634
f 1672//1639 1673//1640 1674//1641
f 1674//1641 1673//1640 1675//1642
f 1674//1641 1675//1642 1676//1643
f 1676//1643 1675//1642 1677//1644
f 1676//1643 1677//1644 1678//1645
f 1678//1645 1677//1644 1502//1469
f 1678//1645 1502//1469 1679//1646
f 1679//1646 1502//1469 1500//1467
f 1679//1646 1500//1467 1680//1647
f 1680//1647 1500//1467 1499//1466
f 1680//1647 1499//1466 1681//1648
f 1681//1648 1499//1466 1510//1477
f 1681//1648 1510//1477 1682//1649
f 1682//1649 1510//1477 1508//1475
f 1682//1649 1508//1475 1683//1650
f 1683//1650 1508//1475 1506//1473
f 1683//1650 1506//1473 1684//1651
f 1684//1651 1506//1473 1498//1465
f 1684//1651 1498//1465 1685//1652
f 1685//1652 1498//1465 1491//1458
f 1685//1652 1491//1458 1129//1088
f 1129//1088 1491//1458 1490//1457
f 1129//1088 1490//1457 1127//1086
f 1127//1086 1490//1457 1488//1455
f 1127//1086 1488//1455 1131//1090
f 1131//1090 1488//1455 1487//1454
f 1131//1090 1487//1454 1132//1091
f 1132//1091 1487//1454 1497//1464
f 1686//1653 1687//1654 1688//1655
f 1688//1655 1687//1654 1689//1656
f 1688//1655 1689//1656 1690//1657
f 1690//1657 1689//1656 1691//1658
f 1690//1657 1691//1658 1692//1659
f 1692//1659 1691//1658 1693//1660
f 1692//1659 1693//1660 1694//1661
f 1694//1661 1693//1660 1695//1662
f 1694//1661 1695//1662 1696//1663
f 1672//1639 1697//1664 1673//1640
f 1673//1640 1697//1664 1698//1665
f 1673//1640 1698//1665 1675//1642
f 1675//1642 1698//1665 1699//1666
f 1675//1642 1699//1666 1677//1644
f 1677//1644 1699//1666 1700//1667
f 1677//1644 1700//1667 1502//1469
f 1502//1469 1700//1667 1701//1668
f 1502//1469 1701//1668 1503//1470
f 1503//1470 1701//1668 1702//1669
f 1503//1470 1702//1669 1513//1480
f 1513//1480 1702//1669 1703//1670
f 1513//1480 1703//1670 1517//1484
f 1517//1484 1703//1670 1213//1170
f 1517//1484 1213//1170 1212//1169
f 1212//1169 1213//1170 246//236
f 1212//1169 246//236 247//238
f 1704//1671 1337//1298 1705//1672
f 1705//1672 1337//1298 1334//1295
f 1705//1672 1334//1295 1706//1673
f 1706//1673 1334//1295 1331//1292
f 1706//1673 1331//1292 1707//1674
f 1707//1674 1331//1292 1328//1289
f 1707//1674 1328//1289 1708//1675
f 1708//1675 1328//1289 1320//1281
f 1708//1675 1320//1281 1709//1676
f 1709//1676 1320//1281 1322//1283
f 1709//1676 1322//1283 1710//1677
f 1710//1677 1322//1283 1324//1285
f 1710//1677 1324//1285 1711//1678
f 1711//1678 1324//1285 1315//1276
f 1711//1678 1315//1276 1712//1679
f 1712//1679 1315//1276 1312//1273
f 1712//1679 1312//1273 1713//1680
f 1713//1680 1312//1273 1309//1270
f 1713//1680 1309//1270 1714//1681
f 1714//1681 1309//1270 1307//1268
f 1714//1681 1307//1268 1715//1682
f 1715//1682 1307//1268 1304//1265
f 1715//1682 1304//1265 1716//1683
f 1716//1683 1304//1265 1301//1262
f 1716//1683 1301//1262 1717//1684
f 1717//1684 1301//1262 1299//1260
f 1717//1684 1299//1260 1718//1685
f 1718//1685 1299//1260 1297//1258
f 1718//1685 1297//1258 1719//1686
f 1687//1654 1704//1671 1689//1656
f 1689//1656 1704//1671 1705//1672
f 1689//1656 1705//1672 1691//1658
f 1691//1658 1705//1672 1706//1673
f 1691//1658 1706//1673 1693//1660
f 1693//1660 1706//1673 1707//1674
f 1693//1660 1707//1674 1695//1662
f 1695//1662 1707//1674 1708//1675
f 1695//1662 1708//1675 1720//1687
f 1720//1687 1708//1675 1709//1676
f 1720//1687 1709//1676 1721//1688
f 1721//1688 1709//1676 1710//1677
f 1721//1688 1710//1677 1722//1689
f 1722//1689 1710//1677 1711//1678
f 1722//1689 1711//1678 1723//1690
f 1723//1690 1711//1678 1712//1679
f 1723//1690 1712//1679 1724//1691
f 1724//1691 1712//1679 1713//1680
f 1724//1691 1713//1680 1725//1692
f 1725//1692 1713//1680 1714//1681
f 1725//1692 1714//1681 1726//1693
f 1726//1693 1714//1681 1715//1682
f 1726//1693 1715//1682 1727//1694
f 1727//1694 1715//1682 1716//1683
f 1727//1694 1716//1683 1728//1695
f 1728//1695 1716//1683 1717//1684
f 1728//1695 1717//1684 1729//1696
f 1729//1696 1717//1684 1718//1685
f 1729//1696 1718//1685 1730//1697
f 1730//1697 1718//1685 1719//1686
f 1730//1697 1719//1686 1731//1698
f 1696//1663 1732//1699 1733//1700
f 1733//1700 1732//1699 1734//1701
f 1733//1700 1734//1701 1735//1702
f 1735//1702 1734//1701 1736//1703
f 1735//1702 1736//1703 1737//1704
f 1737//1704 1736//1703 1738//1705
f 1737//1704 1738//1705 1739//1706
f 1739//1706 1738//1705 1740//1707
f 1739//1706 1740//1707 1741//1708
f 1741//1708 1740//1707 1742//1709
f 1741//1708 1742//1709 1743//1710
f 1743//1710 1742//1709 1744//1711
f 1743//1710 1744//1711 1745//1712
f 1745//1712 1744//1711 1746//1713
f 1745//1712 1746//1713 1747//1714
f 1747//1714 1746//1713 1748//1715
f 1747//1714 1748//1715 1749//1716
f 1749//1716 1748//1715 1750//1717
f 1749//1716 1750//1717 1751//1718
f 1751//1718 1750//1717 1752//1719
f 1751//1718 1752//1719 1753//1720
f 1753//1720 1752//1719 1754//1721
f 1753//1720 1754//1721 1755//1722
f 1755//1722 1754//1721 1756//1723
f 1755//1722 1756//1723 1757//1724
f 1696//1663 1695//1662 1732//1699
f 1732//1699 1695//1662 1720//1687
f 1732//1699 1720//1687 1734//1701
f 1734//1701 1720//1687 1721//1688
f 1734//1701 1721//1688 1736//1703
f 1736//1703 1721//1688 1722//1689
f 1736//1703 1722//1689 1738//1705
f 1738//1705 1722//1689 1723//1690
f 1738//1705 1723//1690 1740//1707
f 1740//1707 1723//1690 1724//1691
f 1740//1707 1724//1691 1742//1709
f 1742//1709 1724//1691 1725//1692
f 1742//1709 1725//1692 1744//1711
f 1744//1711 1725//1692 1726//1693
f 1744//1711 1726//1693 1746//1713
f 1746//1713 1726//1693 1727//1694
f 1746//1713 1727//1694 1748//1715
f 1748//1715 1727//1694 1728//1695
f 1748//1715 1728//1695 1750//1717
f 1750//1717 1728//1695 1729//1696
f 1750//1717 1729//1696 1752//1719
f 1752//1719 1729//1696 1730//1697
f 1752//1719 1730//1697 1754//1721
f 1754//1721 1730//1697 1731//1698
f 1754//1721 1731//1698 1756//1723
f 1758//1725 1116//1075 1759//1726
f 1759//1726 1116//1075 1115//1074
f 1759//1726 1115//1074 1288//1248
f 1288//1248 1115//1074 1292//1253
f 1288//1248 1292//1253 1289//1249
f 1285//1250 1287//1246 1288//1248
f 1288//1248 1287//1246 1760//1727
f 1288//1248 1760//1727 1759//1726
f 1759//1726 1760//1727 1761//1728
f 1759//1726 1761//1728 1758//1725
f 1762//1729 1262//1222 1179//1134
f 1179//1134 1262//1222 2202//1221
f 1179//1134 2202//1221 2201//1132
f 1178//1133 1258//1218 1179//1134
f 1179//1134 1258//1218 1763//1730
f 1179//1134 1763//1730 1762//1729
f 2366//1130 2309//1254 1176//1131
f 1176//1131 2309//1254 1114//1073
f 1176//1131 1114//1073 1764//1731
f 1764//1731 1114//1073 1116//1075
f 1764//1731 1116//1075 1765//1732
f 1765//1732 1116//1075 1758//1725
f 1765//1732 1758//1725 1766//1733
f 1766//1733 1758//1725 1761//1728
f 1260//1220 1767//1734 1258//1218
f 1258//1218 1767//1734 1768//1735
f 1258//1218 1768//1735 1763//1730
f 1763//1730 1768//1735 1766//1733
f 1763//1730 1766//1733 1762//1729
f 1762//1729 1766//1733 1761//1728
f 1762//1729 1761//1728 1262//1222
f 1262//1222 1761//1728 1760//1727
f 1262//1222 1760//1727 1264//1224
f 1264//1224 1760//1727 1287//1246
f 1264//1224 1287//1246 1266//1226
f 1266//1226 1287//1246 1271//1231
f 1266//1226 1271//1231 2515//1232
f 2515//1232 1271//1231 2502//1230
f 2324//1257 2323//1129 1297//1258
f 1297//1258 2323//1129 1176//1131
f 1297//1258 1176//1131 1719//1686
f 1719//1686 1176//1131 1764//1731
f 1719//1686 1764//1731 1731//1698
f 1731//1698 1764//1731 1765//1732
f 1731//1698 1765//1732 1756//1723
f 1756//1723 1765//1732 1766//1733
f 1756//1723 1766//1733 1757//1724
f 1757//1724 1766//1733 1768//1735
f 1757//1724 1768//1735 1769//1736
f 1769//1736 1768//1735 1767//1734
f 1769//1736 1767//1734 1182//1137
f 1182//1137 1767//1734 1260//1220
f 1182//1137 1260//1220 1256//1216
f 1181//1136 1770//1737 1182//1137
f 1182//1137 1770//1737 1111//1070
f 1182//1137 1111//1070 1769//1736
f 1769//1736 1111//1070 1113//1072
f 1769//1736 1113//1072 1757//1724
f 1757//1724 1113//1072 1771//1738
f 1757//1724 1771//1738 1755//1722
f 1755//1722 1771//1738 1772//1739
f 1755//1722 1772//1739 1753//1720
f 1753//1720 1772//1739 1773//1740
f 1753//1720 1773//1740 1751//1718
f 1751//1718 1773//1740 1774//1741
f 1751//1718 1774//1741 1749//1716
f 1749//1716 1774//1741 1775//1742
f 1749//1716 1775//1742 1747//1714
f 1747//1714 1775//1742 1776//1743
f 1747//1714 1776//1743 1745//1712
f 1745//1712 1776//1743 1777//1744
f 1745//1712 1777//1744 1743//1710
f 1743//1710 1777//1744 1778//1745
f 1743//1710 1778//1745 1741//1708
f 1741//1708 1778//1745 1779//1746
f 1741//1708 1779//1746 1739//1706
f 1739//1706 1779//1746 1780//1747
f 1739//1706 1780//1747 1737//1704
f 1737//1704 1780//1747 1781//1748
f 1737//1704 1781//1748 1735//1702
f 1735//1702 1781//1748 1782//1749
f 1735//1702 1782//1749 1733//1700
f 1733//1700 1782//1749 1783//1750
f 1733//1700 1783//1750 1696//1663
f 1696//1663 1783//1750 1784//1751
f 1696//1663 1784//1751 1694//1661
f 1694//1661 1784//1751 1785//1752
f 1694//1661 1785//1752 1692//1659
f 1692//1659 1785//1752 1786//1753
f 1692//1659 1786//1753 1690//1657
f 1690//1657 1786//1753 1787//1754
f 1690//1657 1787//1754 1688//1655
f 1688//1655 1787//1754 1697//1664
f 1688//1655 1697//1664 1686//1653
f 1686//1653 1697//1664 1672//1639
f 1770//1737 1788//1755 1111//1070
f 1111//1070 1788//1755 1252//1212
f 1111//1070 1252//1212 1112//1071
f 1112//1071 1252//1212 1248//1208
f 1112//1071 1248//1208 1113//1072
f 1113//1072 1248//1208 1247//1207
f 1113//1072 1247//1207 1771//1738
f 1771//1738 1247//1207 1789//1756
f 1771//1738 1789//1756 1772//1739
f 1772//1739 1789//1756 1790//1757
f 1772//1739 1790//1757 1773//1740
f 1773//1740 1790//1757 1791//1758
f 1773//1740 1791//1758 1774//1741
f 1774//1741 1791//1758 1792//1759
f 1774//1741 1792//1759 1775//1742
f 1775//1742 1792//1759 1793//1760
f 1775//1742 1793//1760 1776//1743
f 1776//1743 1793//1760 1794//1761
f 1776//1743 1794//1761 1777//1744
f 1777//1744 1794//1761 1795//1762
f 1777//1744 1795//1762 1778//1745
f 1778//1745 1795//1762 1796//1763
f 1778//1745 1796//1763 1779//1746
f 1779//1746 1796//1763 1797//1764
f 1779//1746 1797//1764 1780//1747
f 1780//1747 1797//1764 1798//1765
f 1780//1747 1798//1765 1781//1748
f 1781//1748 1798//1765 1799//1766
f 1781//1748 1799//1766 1782//1749
f 1782//1749 1799//1766 1800//1767
f 1782//1749 1800//1767 1783//1750
f 1783//1750 1800//1767 1801//1768
f 1783//1750 1801//1768 1784//1751
f 1784//1751 1801//1768 1802//1769
f 1784//1751 1802//1769 1785//1752
f 1785//1752 1802//1769 1803//1770
f 1785//1752 1803//1770 1786//1753
f 1786//1753 1803//1770 1804//1771
f 1786//1753 1804//1771 1787//1754
f 1787//1754 1804//1771 1525//1492
f 1787//1754 1525//1492 1697//1664
f 1697//1664 1525//1492 1527//1494
f 1697//1664 1527//1494 1698//1665
f 1698//1665 1527//1494 1529//1496
f 1698//1665 1529//1496 1699//1666
f 1699//1666 1529//1496 1531//1498
f 1699//1666 1531//1498 1700//1667
f 1700//1667 1531//1498 1533//1500
f 1700//1667 1533//1500 1701//1668
f 1701//1668 1533//1500 1535//1502
f 1701//1668 1535//1502 1702//1669
f 1702//1669 1535//1502 1537//1504
f 1702//1669 1537//1504 1703//1670
f 1703//1670 1537//1504 1214//1171
f 1703//1670 1214//1171 1213//1170
f 1213//1170 1214//1171 251//242
f 1213//1170 251//242 250//241
s 0
f 1250//1772 1244//1772 1251//1772
f 1251//1773 1244//1773 1240//1773
s 1
f 1251//1211 1240//1200 1249//1209
f 1249//1209 1240//1200 1239//1199
f 1249//1209 1239//1199 1247//1207
f 1247//1207 1239//1199 1580//1547
f 1247//1207 1580//1547 1789//1756
f 1789//1756 1580//1547 1581//1548
f 1789//1756 1581//1548 1790//1757
f 1790//1757 1581//1548 1582//1549
f 1790//1757 1582//1549 1791//1758
f 1791//1758 1582//1549 1583//1550
f 1791//1758 1583//1550 1792//1759
f 1792//1759 1583//1550 1584//1551
f 1792//1759 1584//1551 1793//1760
f 1793//1760 1584//1551 1585//1552
f 1793//1760 1585//1552 1794//1761
f 1794//1761 1585//1552 1586//1553
f 1794//1761 1586//1553 1795//1762
f 1795//1762 1586//1553 1587//1554
f 1795//1762 1587//1554 1796//1763
f 1796//1763 1587//1554 1588//1555
f 1796//1763 1588//1555 1797//1764
f 1797//1764 1588//1555 1589//1556
f 1797//1764 1589//1556 1798//1765
f 1798//1765 1589//1556 1590//1557
f 1798//1765 1590//1557 1799//1766
f 1799//1766 1590//1557 1591//1558
f 1799//1766 1591//1558 1800//1767
f 1800//1767 1591//1558 1592//1559
f 1800//1767 1592//1559 1801//1768
f 1801//1768 1592//1559 1593//1560
f 1801//1768 1593//1560 1802//1769
f 1802//1769 1593//1560 1594//1561
f 1802//1769 1594//1561 1803//1770
f 1803//1770 1594//1561 1595//1562
f 1803//1770 1595//1562 1804//1771
f 1804//1771 1595//1562 1596//1563
f 1804//1771 1596//1563 1525//1492
f 1525//1492 1596//1563 1578//1545
f 1525//1492 1578//1545 1526//1493
f 1526//1493 1578//1545 1579//1546
f 1526//1493 1579//1546 1515//1482
f 1515//1482 1579//1546 1615//1582
f 1515//1482 1615//1582 1516//1483
f 1516//1483 1615//1582 1633//1600
f 1516//1483 1633//1600 1539//1506
f 1539//1506 1633//1600 1650//1617
f 1539//1506 1650//1617 1541//1508
f 1541//1508 1650//1617 1218//1175
f 1541//1508 1218//1175 1217//1174
f 1217//1174 1218//1175 240//229
f 1217//1174 240//229 239//228
f 1156//1113 2277//1382 1157//1114
f 1157//1114 2277//1382 1421//1384
f 1157//1114 1421//1384 1805//1774
f 1805//1774 1421//1384 1806//1775
f 1805//1774 1806//1775 1807//1776
f 1807//1776 1806//1775 1808//1777
f 1807//1776 1808//1777 1809//1778
f 1809//1778 1808//1777 1810//1779
f 1809//1778 1810//1779 1811//1780
f 1811//1780 1810//1779 1812//1781
f 1811//1780 1812//1781 1813//1782
f 1813//1782 1812//1781 1814//1783
f 1813//1782 1814//1783 1815//1784
f 1377//1338 1816//1785 1380//1341
f 1380//1341 1816//1785 1815//1784
f 1380//1341 1815//1784 1163//1118
f 1163//1118 1815//1784 1814//1783
f 1163//1118 1814//1783 1386//1347
f 1386//1347 1814//1783 1812//1781
f 1386//1347 1812//1781 1389//1350
f 1389//1350 1812//1781 1810//1779
f 1389//1350 1810//1779 1394//1355
f 1394//1355 1810//1779 1808//1777
f 1394//1355 1808//1777 1397//1358
f 1397//1358 1808//1777 1806//1775
f 1397//1358 1806//1775 1402//1363
f 1402//1363 1806//1775 1421//1384
f 1402//1363 1421//1384 1405//1366
f 1405//1366 1421//1384 2288//1385
f 1372//1333 1817//1786 1374//1335
f 1374//1335 1817//1786 1818//1787
f 1374//1335 1818//1787 1167//1122
f 1167//1122 1818//1787 1819//1788
f 1167//1122 1819//1788 1166//1121
f 1166//1121 1819//1788 1820//1789
f 1166//1121 1820//1789 1377//1338
f 1377//1338 1820//1789 1821//1790
f 1377//1338 1821//1790 1816//1785
f 1340//1301 1822//1791 1342//1303
f 1342//1303 1822//1791 1823//1792
f 1342//1303 1823//1792 1344//1305
f 1344//1305 1823//1792 1824//1793
f 1344//1305 1824//1793 1173//1128
f 1173//1128 1824//1793 1825//1794
f 1173//1128 1825//1794 1349//1310
f 1349//1310 1825//1794 1826//1795
f 1349//1310 1826//1795 1351//1312
f 1351//1312 1826//1795 1827//1796
f 1351//1312 1827//1796 1354//1315
f 1354//1315 1827//1796 1828//1797
f 1354//1315 1828//1797 1357//1318
f 1357//1318 1828//1797 1829//1798
f 1357//1318 1829//1798 1359//1320
f 1359//1320 1829//1798 1830//1799
f 1359//1320 1830//1799 1361//1322
f 1361//1322 1830//1799 1831//1800
f 1361//1322 1831//1800 1170//1125
f 1170//1125 1831//1800 1832//1801
f 1170//1125 1832//1801 1366//1327
f 1366//1327 1832//1801 1833//1802
f 1366//1327 1833//1802 1369//1330
f 1369//1330 1833//1802 1834//1803
f 1817//1786 1835//1804 1818//1787
f 1818//1787 1835//1804 1836//1805
f 1818//1787 1836//1805 1819//1788
f 1819//1788 1836//1805 1837//1806
f 1819//1788 1837//1806 1820//1789
f 1820//1789 1837//1806 1838//1807
f 1820//1789 1838//1807 1821//1790
f 1821//1790 1838//1807 1839//1808
f 1821//1790 1839//1808 1816//1785
f 1816//1785 1839//1808 1840//1809
f 1816//1785 1840//1809 1815//1784
f 1815//1784 1840//1809 1841//1810
f 1815//1784 1841//1810 1813//1782
f 1813//1782 1841//1810 1842//1811
f 1813//1782 1842//1811 1811//1780
f 1811//1780 1842//1811 1843//1812
f 1811//1780 1843//1812 1809//1778
f 1809//1778 1843//1812 1844//1813
f 1809//1778 1844//1813 1807//1776
f 1807//1776 1844//1813 1845//1814
f 1807//1776 1845//1814 1805//1774
f 1805//1774 1845//1814 1846//1815
f 1805//1774 1846//1815 1157//1114
f 1157//1114 1846//1815 1425//1388
f 1157//1114 1425//1388 2434//1112
f 2434//1112 1425//1388 1426//1387
f 1152//1396 1847//1816 1433//1397
f 1433//1397 1847//1816 1848//1817
f 1433//1397 1848//1817 1849//1818
f 1849//1818 1848//1817 1850//1819
f 1849//1818 1850//1819 1851//1820
f 1851//1820 1850//1819 1852//1821
f 1851//1820 1852//1821 1853//1822
f 1853//1822 1852//1821 1854//1823
f 1853//1822 1854//1823 1855//1824
f 1855//1824 1854//1823 1856//1825
f 1855//1824 1856//1825 1857//1826
f 1857//1826 1856//1825 1858//1827
f 1857//1826 1858//1827 1859//1828
f 1859//1828 1858//1827 1860//1829
f 1859//1828 1860//1829 1861//1830
f 1861//1830 1860//1829 1862//1831
f 1861//1830 1862//1831 1863//1832
f 1432//1394 1423//1386 1429//1391
f 1429//1391 1423//1386 1425//1388
f 1429//1391 1425//1388 1864//1833
f 1864//1833 1425//1388 1846//1815
f 1864//1833 1846//1815 1865//1834
f 1865//1834 1846//1815 1845//1814
f 1865//1834 1845//1814 1866//1835
f 1866//1835 1845//1814 1844//1813
f 1866//1835 1844//1813 1867//1836
f 1867//1836 1844//1813 1843//1812
f 1867//1836 1843//1812 1868//1837
f 1868//1837 1843//1812 1842//1811
f 1868//1837 1842//1811 1869//1838
f 1869//1838 1842//1811 1841//1810
f 1869//1838 1841//1810 1870//1839
f 1870//1839 1841//1810 1840//1809
f 1870//1839 1840//1809 1871//1840
f 1871//1840 1840//1809 1839//1808
f 1871//1840 1839//1808 1872//1841
f 1872//1841 1839//1808 1838//1807
f 1872//1841 1838//1807 1873//1842
f 1873//1842 1838//1807 1837//1806
f 1873//1842 1837//1806 1874//1843
f 1874//1843 1837//1806 1836//1805
f 1874//1843 1836//1805 1875//1844
f 1875//1844 1836//1805 1835//1804
f 1847//1816 1427//1389 1848//1817
f 1848//1817 1427//1389 1429//1391
f 1848//1817 1429//1391 1850//1819
f 1850//1819 1429//1391 1864//1833
f 1850//1819 1864//1833 1852//1821
f 1852//1821 1864//1833 1865//1834
f 1852//1821 1865//1834 1854//1823
f 1854//1823 1865//1834 1866//1835
f 1854//1823 1866//1835 1856//1825
f 1856//1825 1866//1835 1867//1836
f 1856//1825 1867//1836 1858//1827
f 1858//1827 1867//1836 1868//1837
f 1858//1827 1868//1837 1860//1829
f 1860//1829 1868//1837 1869//1838
f 1860//1829 1869//1838 1862//1831
f 1862//1831 1869//1838 1870//1839
f 1862//1831 1870//1839 1863//1832
f 1863//1832 1870//1839 1871//1840
f 1863//1832 1871//1840 1876//1845
f 1876//1845 1871//1840 1872//1841
f 1876//1845 1872//1841 1877//1846
f 1877//1846 1872//1841 1873//1842
f 1877//1846 1873//1842 1878//1847
f 1878//1847 1873//1842 1874//1843
f 1878//1847 1874//1843 1879//1848
f 1879//1848 1874//1843 1875//1844
f 1109//1068 1108//1067 1880//1849
f 1880//1849 1108//1067 1881//1850
f 1880//1849 1881//1850 1882//1851
f 1883//1852 1881//1850 1884//1853
f 1884//1853 1881//1850 1108//1067
f 1884//1853 1108//1067 1885//1854
f 1885//1854 1108//1067 1110//1069
f 1885//1854 1110//1069 1886//1855
f 1882//1851 1881//1850 1887//1856
f 1887//1856 1881//1850 1883//1852
f 1887//1856 1883//1852 1888//1857
f 1888//1857 1883//1852 1889//1858
f 1888//1857 1889//1858 1890//1859
f 1890//1859 1889//1858 1891//1860
f 1890//1859 1891//1860 1892//1861
f 1892//1861 1891//1860 1135//1094
f 1892//1861 1135//1094 1893//1862
f 1893//1862 1135//1094 1473//1440
f 1893//1862 1473//1440 1894//1863
f 1894//1863 1473//1440 1475//1442
f 1894//1863 1475//1442 1895//1864
f 1895//1864 1475//1442 1477//1444
f 1895//1864 1477//1444 1141//1100
f 1141//1100 1477//1444 1144//1103
f 1141//1100 1144//1103 1139//1098
f 1139//1098 1144//1103 1143//1102
f 1139//1098 1143//1102 1465//1432
f 1465//1432 1143//1102 1470//1437
f 1465//1432 1470//1437 1466//1433
f 1466//1433 1470//1437 1472//1439
f 1466//1433 1472//1439 1467//1434
f 1467//1434 1472//1439 1145//1104
f 1467//1434 1145//1104 1468//1435
f 1468//1435 1145//1104 1147//1106
f 1468//1435 1147//1106 1469//1436
f 1469//1436 1147//1106 1195//1150
f 1469//1436 1195//1150 1194//1149
f 1194//1149 1195//1150 329//337
f 1194//1149 329//337 328//336
f 1118//1077 1117//1076 1896//1865
f 1896//1865 1117//1076 1668//1635
f 1896//1865 1668//1635 1897//1866
f 1897//1866 1668//1635 1898//1867
f 1897//1866 1898//1867 1899//1868
f 1899//1868 1898//1867 1900//1869
f 1899//1868 1900//1869 1901//1870
f 1901//1870 1900//1869 1902//1871
f 1901//1870 1902//1871 1886//1855
f 1886//1855 1902//1871 1903//1872
f 1886//1855 1903//1872 1885//1854
f 1885//1854 1903//1872 1904//1873
f 1885//1854 1904//1873 1884//1853
f 1822//1791 1662//1629 1823//1792
f 1823//1792 1662//1629 1664//1631
f 1823//1792 1664//1631 1824//1793
f 1824//1793 1664//1631 1119//1078
f 1824//1793 1119//1078 1825//1794
f 1825//1794 1119//1078 1118//1077
f 1825//1794 1118//1077 1826//1795
f 1826//1795 1118//1077 1896//1865
f 1826//1795 1896//1865 1827//1796
f 1827//1796 1896//1865 1897//1866
f 1827//1796 1897//1866 1828//1797
f 1828//1797 1897//1866 1899//1868
f 1828//1797 1899//1868 1829//1798
f 1829//1798 1899//1868 1901//1870
f 1829//1798 1901//1870 1830//1799
f 1830//1799 1901//1870 1886//1855
f 1830//1799 1886//1855 1831//1800
f 1831//1800 1886//1855 1110//1069
f 1831//1800 1110//1069 1832//1801
f 1832//1801 1110//1069 1109//1068
f 1832//1801 1109//1068 1833//1802
f 1833//1802 1109//1068 1880//1849
f 1833//1802 1880//1849 1834//1803
f 1834//1803 1880//1849 1882//1851
f 1436//1400 1437//1401 1434//1398
f 1434//1398 1437//1401 1153//1395
f 1434//1398 1153//1395 1459//1425
f 1459//1425 1153//1395 1433//1397
f 1459//1425 1433//1397 1457//1423
f 1457//1423 1433//1397 1849//1818
f 1457//1423 1849//1818 1455//1421
f 1455//1421 1849//1818 1851//1820
f 1455//1421 1851//1820 1453//1419
f 1453//1419 1851//1820 1853//1822
f 1453//1419 1853//1822 1451//1417
f 1451//1417 1853//1822 1855//1824
f 1451//1417 1855//1824 1449//1415
f 1449//1415 1855//1824 1857//1826
f 1449//1415 1857//1826 1140//1099
f 1140//1099 1857//1826 1859//1828
f 1140//1099 1859//1828 1141//1100
f 1141//1100 1859//1828 1861//1830
f 1141//1100 1861//1830 1895//1864
f 1895//1864 1861//1830 1863//1832
f 1895//1864 1863//1832 1894//1863
f 1894//1863 1863//1832 1876//1845
f 1894//1863 1876//1845 1893//1862
f 1893//1862 1876//1845 1877//1846
f 1893//1862 1877//1846 1892//1861
f 1892//1861 1877//1846 1878//1847
f 1892//1861 1878//1847 1890//1859
f 1890//1859 1878//1847 1879//1848
f 1890//1859 1879//1848 1888//1857
f 1888//1857 1879//1848 1875//1844
f 1888//1857 1875//1844 1887//1856
f 1887//1856 1875//1844 1835//1804
f 1887//1856 1835//1804 1882//1851
f 1882//1851 1835//1804 1817//1786
f 1882//1851 1817//1786 1834//1803
f 1834//1803 1817//1786 1372//1333
f 1834//1803 1372//1333 1369//1330
f 1369//1330 1372//1333 1371//1332
f 1369//1330 1371//1332 1370//1331
f 275//272 274//271 1207//1164
f 1207//1164 274//271 1123//1082
f 1207//1164 1123//1082 1524//1491
f 1524//1491 1123//1082 1120//1079
f 1524//1491 1120//1079 1126//1085
f 1126//1085 1120//1079 1122//1081
f 1126//1085 1122//1081 1497//1464
f 1497//1464 1122//1081 1496//1463
f 1497//1464 1496//1463 1132//1091
f 1132//1091 1496//1463 1133//1092
f 1132//1091 1133//1092 1130//1089
f 1130//1089 1133//1092 1135//1094
f 1130//1089 1135//1094 1486//1453
f 1486//1453 1135//1094 1891//1860
f 1486//1453 1891//1860 1484//1451
f 1484//1451 1891//1860 1889//1858
f 1484//1451 1889//1858 1128//1087
f 1128//1087 1889//1858 1883//1852
f 1128//1087 1883//1852 1129//1088
f 1129//1088 1883//1852 1884//1853
f 1129//1088 1884//1853 1685//1652
f 1685//1652 1884//1853 1904//1873
f 1685//1652 1904//1873 1684//1651
f 1684//1651 1904//1873 1903//1872
f 1684//1651 1903//1872 1683//1650
f 1683//1650 1903//1872 1902//1871
f 1683//1650 1902//1871 1682//1649
f 1682//1649 1902//1871 1900//1869
f 1682//1649 1900//1869 1681//1648
f 1681//1648 1900//1869 1898//1867
f 1681//1648 1898//1867 1680//1647
f 1680//1647 1898//1867 1668//1635
f 1680//1647 1668//1635 1679//1646
f 1679//1646 1668//1635 1667//1634
f 1679//1646 1667//1634 1678//1645
f 1678//1645 1667//1634 1671//1638
f 1678//1645 1671//1638 1676//1643
f 1676//1643 1671//1638 1670//1637
f 1676//1643 1670//1637 1674//1641
f 1674//1641 1670//1637 1669//1636
f 1674//1641 1669//1636 1672//1639
f 1672//1639 1669//1636 1663//1630
f 1672//1639 1663//1630 1686//1653
f 1686//1653 1663//1630 1662//1629
f 1686//1653 1662//1629 1687//1654
f 1687//1654 1662//1629 1822//1791
f 1687//1654 1822//1791 1704//1671
f 1704//1671 1822//1791 1340//1301
f 1704//1671 1340//1301 1337//1298
f 1337//1298 1340//1301 2163//1300
f 1337//1298 2163//1300 2162//1299
s 0
f 2484//1874 1412//1874 2269//1874
s 1
f 2482//1875 2460//1876 1952//1877
s 0
f 2253//1878 1158//1878 2552//1878
f 2253//1879 2552//1879 2254//1879
f 2254//1880 2552//1880 2261//1880
f 1418//1881 1417//1881 1413//1881
f 1413//1882 1417//1882 2553//1882
f 2552//1883 1415//1883 2261//1883
f 2261//1884 1415//1884 1414//1884
f 2261//1885 1414//1885 2262//1885
f 1955//1886 2484//1886 2269//1886
f 2272//1887 2281//1887 2270//1887
f 1412//1888 2477//1888 2269//1888
f 2271//1889 1411//1889 1410//1889
f 1951//1890 2447//1890 1956//1890
f 1956//1891 2447//1891 1958//1891
f 2448//1892 2569//1893 1407//1894
f 1406//1895 1960//1895 2469//1895
f 2469//1896 1960//1896 1961//1896
s 1
f 2469//1368 1961//1897 1959//1898
s 0
f 1406//1899 1405//1899 1960//1899
f 1960//1900 1405//1900 2288//1900
f 1960//1901 2288//1901 1962//1901
f 1426//1902 1963//1902 2435//1902
f 1426//1903 2435//1903 2434//1903
f 1155//1904 1964//1904 1965//1904
f 1155//1905 1965//1905 2578//1905
f 1426//1906 1424//1906 1963//1906
f 1963//1907 1424//1907 1423//1907
f 1963//1908 1423//1908 1966//1908
s 1
f 1966//1909 1423//1386 1432//1394
f 1966//1909 1432//1394 1967//1910
f 1432//1394 1431//1393 1967//1910
f 1967//1910 1431//1393 1430//1392
f 1967//1910 1430//1392 1968//1911
f 1968//1911 1430//1392 1428//1390
f 1968//1911 1428//1390 1969//1912
f 1154//1913 1970//1914 1152//1396
f 1152//1396 1970//1914 1971//1915
s 0
f 1152//1916 1971//1916 1847//1916
f 1847//1917 1971//1917 1969//1917
f 1847//1918 1969//1918 1427//1918
s 1
f 1427//1389 1969//1912 1428//1390
f 1154//1913 1439//1919 1970//1914
f 1970//1914 1439//1919 1438//1402
f 1970//1914 1438//1402 1972//1920
f 1972//1920 1438//1402 1437//1401
f 1972//1920 1437//1401 1973//1921
f 534//1426 1974//1922 1435//1399
f 1435//1399 1974//1922 1973//1921
f 1435//1399 1973//1921 1436//1400
f 1436//1400 1973//1921 1437//1401
s 0
f 2287//1923 1420//1923 2278//1923
f 1962//1924 2288//1924 2329//1924
f 1965//1925 1422//1925 1419//1925
f 1965//417 1419//417 2578//417
s 1
f 2445//1926 1409//1927 2569//1893
f 2569//1893 2448//1892 2445//1926
f 2447//1928 1959//1898 1975//1929
f 2447//1928 1975//1929 1958//1930
s 0
f 2206//1931 2209//1931 1977//1931
f 2255//417 2337//417 2256//417
s 1
f 1980//1932 1981//1933 546//501
f 546//501 551//506 1980//1932
f 1980//1932 551//506 550//505
f 1980//1932 550//505 1982//1934
f 1982//1934 550//505 548//503
f 1982//1934 548//503 1979//1935
s 0
f 1979//1936 548//1936 547//1936
f 1979//1937 547//1937 555//1937
s 1
f 1983//1938 541//496 1984//1939
f 1984//1939 541//496 401//363
f 1984//1939 401//363 1981//1933
f 1981//1933 401//363 400//362
f 1981//1933 400//362 546//501
f 984//1066 1985//1940 537//492
f 537//492 1985//1940 1986//1941
f 537//492 1986//1941 538//493
f 538//493 1986//1941 1987//1942
f 984//1066 545//500 1985//1940
f 1985//1940 545//500 544//499
f 1985//1940 544//499 1983//1938
f 1983//1938 544//499 542//497
f 1983//1938 542//497 541//496
f 534//1426 533//491 1974//1922
f 1974//1922 533//491 540//495
f 1974//1922 540//495 1987//1942
f 1987//1942 540//495 539//494
f 1987//1942 539//494 538//493
s 0
f 557//1943 2215//1943 2214//1943
f 558//1944 1977//1944 2417//1944
f 558//1945 2417//1945 2426//1945
f 2426//1946 2417//1946 2422//1946
f 560//1947 552//1947 561//1947
f 2255//1905 2457//1905 2337//1905
f 2337//1948 2457//1948 2420//1948
f 2337//417 2420//417 1989//417
f 1989//1949 2420//1949 1988//1949
s 1
f 2354//1950 701//656 407//369
f 2354//1950 407//369 2161//1951
s 0
f 2161//1952 407//1952 409//1952
f 2038//1953 2160//1953 2195//1953
f 2040//1954 2041//1954 411//1954
f 411//1955 2041//1955 2042//1955
f 411//1956 2042//1956 2488//1956
f 412//1957 2157//1957 2158//1957
f 412//1958 2158//1958 414//1958
f 414//471 2158//471 415//471
f 411//1959 828//1959 2040//1959
f 2040//1960 828//1960 419//1960
f 2040//1961 419//1961 2044//1961
f 419//1962 417//1962 2044//1962
f 2044//1963 417//1963 416//1963
f 2044//1964 416//377 2045//1965
s 1
f 2045//1966 416//377 423//384
s 0
f 2045//1967 423//1967 2046//1967
f 423//1968 421//1968 2046//1968
s 1
f 2046//1969 421//382 420//381
f 2046//1969 420//381 2047//1970
f 2047//1970 420//381 424//385
f 2047//1970 424//385 2048//1971
s 0
f 2048//1972 424//1972 426//1972
f 426//1973 427//1973 2048//1973
s 1
f 2048//1971 427//388 1037//993
f 2048//1971 1037//993 2049//1974
f 2049//1974 1037//993 405//367
f 2049//1974 405//367 2050//1975
f 405//367 404//366 2050//1975
f 2050//1975 404//366 430//391
f 2050//1975 430//391 2051//1976
f 2051//1976 430//391 429//390
f 2051//1976 429//390 431//392
s 0
f 2195//1977 2160//1977 2158//1977
f 2158//1978 2160//1978 2357//1978
f 2158//471 2357//471 415//471
f 2052//1979 1180//1979 2053//1979
f 2053//1980 1180//1980 1256//1980
f 1256//1981 1260//1981 2053//1981
f 2053//1982 1260//1220 1259//1219
f 2053//1983 1259//1219 2234//1217
f 2054//1984 1253//1984 1252//1984
f 2054//1985 1252//1985 2055//1985
f 1252//1986 1788//1986 2055//1986
f 2055//1987 1788//1987 1770//1987
f 2055//1988 1770//1988 2052//1988
f 2052//1989 1770//1989 1181//1989
f 2052//1990 1181//1990 1180//1990
s 1
f 1244//1991 2056//1992 1245//1205
f 1245//1205 2056//1992 2057//1993
f 1245//1205 2057//1993 1246//1206
f 1244//1991 1250//1210 2056//1992
f 2056//1992 1250//1210 1255//1215
f 2056//1992 1255//1215 2054//1994
s 0
f 2054//1995 1255//1995 1254//1995
f 2054//1996 1254//1996 1253//1996
s 1
f 431//392 1184//1139 2051//1976
f 2051//1976 1184//1139 1183//1138
f 2051//1976 1183//1138 2058//1997
f 2058//1997 1183//1138 1243//1203
f 2058//1997 1243//1203 2057//1993
f 2057//1993 1243//1203 1242//1202
f 2057//1993 1242//1202 1246//1206
s 0
f 2263//1998 2264//1998 2393//1998
f 2393//1999 2264//1999 1257//1999
f 2393//2000 1257//2000 1261//2000
f 1261//2001 1257//2001 2233//2001
f 1261//2002 2233//2002 1177//2002
f 1268//2003 2438//2003 1265//2003
f 1265//2004 2438//2004 1263//2004
f 2503//2005 2062//2005 1273//2005
s 1
f 1273//1233 2062//2006 2063//2007
f 1273//1233 2063//2007 1274//1234
s 0
f 2064//2008 2065//2008 2502//2008
s 1
f 2502//2009 2065//2010 2503//2011
s 0
f 1270//2012 2061//2012 1272//2012
f 2515//2013 2503//2013 1273//2013
f 2502//2014 1269//2014 2064//2014
f 2064//2015 1269//2015 2521//2015
f 2171//2016 1284//2016 2172//2016
f 2172//2017 1284//2017 2067//2017
f 1283//2018 1281//2018 2521//2018
f 2521//2019 1281//2019 2577//2019
f 1284//2020 1280//2020 2067//2020
f 2577//2021 1276//2021 2576//2021
f 2068//2022 2067//2022 2374//2022
f 2374//2023 2067//2023 1280//2023
f 2374//2024 1280//2024 2070//2024
f 2070//2025 1280//2025 1278//2025
f 2070//2026 1278//2026 2407//2026
f 2407//2027 1278//2027 1279//2027
f 2142//2028 2143//2029 2389//2030
f 2263//1998 2393//1998 2389//1998
f 2389//2031 2393//2031 1267//2031
f 2389//2032 1267//2033 2142//2034
s 1
f 2063//2007 2438//1227 1275//1235
f 2063//2007 1275//1235 1274//1234
f 2039//2035 2495//2036 2161//1951
f 2161//1951 2495//2036 2354//1950
f 2040//2037 2044//2038 2055//2039
f 2039//2035 2043//2040 2495//2036
f 2495//2036 2043//2040 2042//2041
f 2495//2036 2042//2041 2055//2039
f 2055//2039 2042//2041 2041//2042
f 2055//2039 2041//2042 2040//2037
s 0
f 2044//1964 2045//2043 2055//2044
f 2055//2045 2045//2045 2046//2045
f 2055//2046 2046//2046 2047//2046
s 1
f 2050//1975 2051//1976 2058//1997
s 0
f 2050//2047 2058//2047 2049//2047
f 2049//2048 2058//2048 2057//2048
s 1
f 2049//1974 2057//1993 2056//1992
f 2047//1970 2048//1971 2055//2044
f 2055//2044 2048//1971 2049//1974
f 2055//2044 2049//1974 2054//1994
f 2054//1994 2049//1974 2056//1992
f 2055//2039 2052//1737 2495//2036
f 2495//2036 2052//1737 2053//1982
f 2495//2036 2053//1982 2234//1217
f 2234//1217 2060//2049 2495//2036
f 2495//2036 2060//2049 2059//2050
f 2495//2036 2059//2050 2073//2051
f 2062//2006 2503//2011 2468//2052
f 2062//2006 2468//2052 2063//2007
f 2073//2051 2072//2053 2495//2036
f 2495//2036 2072//2053 2063//2007
f 2495//2036 2063//2007 2311//2054
f 2311//2054 2063//2007 2468//2052
f 2311//2054 2468//2052 2302//2055
f 2503//2011 2065//2010 2468//2052
f 2468//2052 2065//2010 2064//2056
f 2468//2052 2064//2056 2066//2057
f 2066//2057 2361//2058 2468//2052
f 2468//2052 2361//2058 2373//2059
f 2468//2052 2373//2059 2069//2060
f 2069//2060 2396//2061 2468//2052
f 2468//2052 2396//2061 2071//2062
f 2468//2052 2071//2062 2452//2063
f 2558//2064 2557//2065 2465//2066
f 2465//2066 2567//2067 2558//2064
f 2558//2064 2567//2067 2472//2068
f 2558//2064 2472//2068 2468//2052
f 2468//2052 2472//2068 2301//2069
f 2468//2052 2301//2069 2302//2055
f 2092//2070 2091//2071 1992//2072
f 1992//2072 2020//2073 2092//2070
f 2092//2070 2020//2073 2514//2074
f 2092//2070 2514//2074 2557//2065
f 2557//2065 2514//2074 2466//2075
f 2557//2065 2466//2075 2465//2066
f 2571//2076 2089//2077 2386//2078
f 2386//2078 2429//2079 2571//2076
f 2571//2076 2429//2079 2562//2080
f 2571//2076 2562//2080 2091//2071
f 2091//2071 2562//2080 2500//2081
f 2091//2071 2500//2081 1992//2072
f 2088//2082 2087//2083 2382//2084
f 2382//2084 2381//2085 2088//2082
f 2088//2082 2381//2085 2388//2086
f 2088//2082 2388//2086 2089//2077
f 2089//2077 2388//2086 2387//2087
f 2089//2077 2387//2087 2386//2078
f 2086//2088 2085//2089 2494//2090
f 2494//2090 2537//2091 2086//2088
f 2086//2088 2537//2091 2540//2092
f 2086//2088 2540//2092 2087//2083
f 2087//2083 2540//2092 2509//2093
f 2087//2083 2509//2093 2382//2084
f 2083//2094 2192//2095 2084//2096
f 2084//2096 2192//2095 2340//2097
f 2084//2096 2340//2097 2085//2089
f 2085//2089 2340//2097 2342//2098
f 2085//2089 2342//2098 2494//2090
f 2082//2099 2199//2100 2083//2094
f 2083//2094 2199//2100 2193//2101
f 2083//2094 2193//2101 2192//2095
f 2081//2102 2293//2103 2082//2099
f 2082//2099 2293//2103 2021//2104
f 2082//2099 2021//2104 2199//2100
f 2080//2105 2034//2106 2081//2102
f 2081//2102 2034//2106 2023//2107
f 2081//2102 2023//2107 2293//2103
f 2079//2108 2549//2109 2080//2105
f 2080//2105 2549//2109 2416//2110
f 2080//2105 2416//2110 2034//2106
f 2300//2111 2439//2112 2079//2108
f 2079//2108 2439//2112 2440//2113
f 2079//2108 2440//2113 2549//2109
f 2299//2114 2458//2115 2300//2111
f 2300//2111 2458//2115 2496//2116
f 2300//2111 2496//2116 2439//2112
f 2076//2117 2436//2118 2299//2114
f 2299//2114 2436//2118 2459//2119
f 2299//2114 2459//2119 2458//2115
f 2075//2120 2512//2121 2076//2117
f 2076//2117 2512//2121 2437//2122
f 2076//2117 2437//2122 2436//2118
f 2482//1875 1952//1877 2333//2123
f 2333//2123 1952//1877 1953//2124
f 2333//2123 1953//2124 1954//2125
f 1954//2125 1955//2126 2333//2123
f 2333//2123 1955//2126 2269//2127
f 2333//2123 2269//2127 1957//2128
f 1957//2128 1956//2129 2333//2123
f 2333//2123 1956//2129 1958//1930
f 2333//2123 1958//1930 1975//1929
f 1975//1929 2476//2130 2333//2123
f 2333//2123 2476//2130 2430//2131
f 2333//2123 2430//2131 2075//2120
f 2075//2120 2430//2131 2431//2132
f 2075//2120 2431//2132 2512//2121
f 2435//2133 1984//1939 2096//2134
f 2096//2134 1984//1939 1975//1929
f 1975//1929 1959//1898 2096//2134
f 2096//2134 1959//1898 1961//1897
s 0
f 2096//2135 1961//2135 1960//2135
f 1960//2135 1962//2135 2096//2135
s 1
f 2096//2134 1962//2136 2329//2137
f 2096//2134 2329//2137 2435//2133
f 2435//2133 1963//2138 1984//1939
f 1984//1939 1963//2138 1966//1909
f 1984//1939 1966//1909 1967//1910
s 0
f 1967//2139 1968//2139 1984//2139
f 1984//2140 1968//2140 1969//2140
s 1
f 1984//1939 1969//1912 1971//1915
f 1971//1915 1970//1914 1984//1939
f 1984//1939 1970//1914 1972//1920
f 1984//1939 1972//1920 1983//1938
f 1974//1922 1987//1942 1973//1921
f 1973//1921 1987//1942 1986//1941
f 1973//1921 1986//1941 1972//1920
f 1972//1920 1986//1941 1985//1940
f 1972//1920 1985//1940 1983//1938
f 1984//1939 1981//1933 1975//1929
f 1975//1929 1981//1933 1980//1932
f 1975//1929 1980//1932 1982//1934
f 1977//2141 2209//2142 2395//2143
s 0
f 2417//2144 1977//2144 2097//2144
s 1
f 2097//2145 1977//2141 2395//2143
f 2097//2145 2395//2143 1975//1929
f 1975//1929 2395//2143 2464//2146
f 1975//1929 2464//2146 2476//2130
f 1982//1934 1979//1935 1975//1929
f 1975//1929 1979//1935 1978//2147
f 1975//1929 1978//2147 2097//2145
s 0
f 2097//2148 1978//2148 2338//2148
f 2097//2149 2338//2149 2417//2149
f 1//2150 2//2150 2111//2150
f 4//2150 5//2150 2111//2150
f 2111//2150 5//2150 2133//2150
f 7//2150 8//2150 9//2150
f 9//2150 8//2150 10//2150
f 11//2150 2286//2150 2111//2150
f 2111//2150 2286//2150 13//2150
f 2//2150 2203//2150 2111//2150
f 2111//2150 2203//2150 2187//2150
f 2111//2150 2187//2150 4//2150
f 2133//2150 16//2150 2111//2150
f 2111//2150 16//2150 2220//2150
f 2111//2150 2220//2150 18//2150
f 19//2150 20//2150 21//2150
f 21//2150 20//2150 22//2150
f 21//2150 22//2150 23//2150
f 23//2150 24//2150 21//2150
f 21//2150 24//2150 25//2150
f 21//2150 25//2150 26//2150
f 7//2150 9//2150 2111//2150
f 2111//2150 9//2150 27//2150
f 2111//2150 27//2150 11//2150
f 13//2150 28//2150 2111//2150
f 2111//2150 28//2150 29//2150
f 2111//2150 29//2150 1//2150
f 30//2150 31//2150 32//2150
f 32//2150 31//2150 33//2150
f 19//2150 2405//2150 20//2150
f 20//2150 2405//2150 33//2150
f 20//2150 33//2150 35//2150
f 35//2150 33//2150 31//2150
f 18//2150 36//2150 2111//2150
f 2111//2150 36//2150 21//2150
f 2111//2150 21//2150 2211//2150
f 2211//2150 21//2150 26//2150
f 10//2150 38//2150 9//2150
f 9//2150 38//2150 39//2150
f 9//2150 39//2150 40//2150
f 40//2150 2547//2150 9//2150
f 9//2150 2547//2150 2585//2150
f 9//2150 2585//2150 2596//2150
f 2596//2150 2597//2150 9//2150
f 9//2150 2597//2150 2572//2150
f 9//2150 2572//2150 46//2150
f 1990//2151 1991//2151 2499//2151
f 2296//2152 586//2152 2499//2152
f 628//2153 630//2153 2499//2153
f 2461//2152 656//2152 2499//2152
f 2499//2154 656//2154 662//2154
f 1993//2154 1994//2154 2499//2154
f 1994//2154 1995//2154 2499//2154
f 2499//2151 1995//2151 1996//2151
f 2499//2155 1996//2155 1990//2155
f 2499//2152 2306//2152 2305//2152
f 2313//2152 2303//2152 2499//2152
f 2499//2156 2303//2156 2304//2156
f 2499//2154 2304//2154 2296//2154
f 2344//2153 2316//2153 2499//2153
f 2499//2151 2316//2151 589//2151
f 630//2157 631//2157 2499//2157
f 2499//2157 631//2157 2266//2157
f 2499//2157 2266//2157 2527//2157
f 2527//2154 2525//2154 2499//2154
f 2499//2158 2525//2158 2473//2158
f 2499//2157 2473//2157 398//2157
f 678//2159 680//2159 2499//2159
f 2595//2160 2584//2160 2499//2160
f 2499//2154 2584//2154 687//2154
f 2499//2151 687//2151 689//2151
f 1997//2154 1998//2154 2499//2154
f 2305//2154 2347//2154 2499//2154
f 2499//2154 2347//2154 2346//2154
f 2499//2154 2346//2154 2313//2154
f 586//2161 585//2161 2499//2161
f 2499//2154 585//2154 584//2154
f 2499//2162 584//2162 2344//2162
f 589//2152 588//2152 2499//2152
f 2499//2157 588//2157 594//2157
f 2499//2153 594//2153 593//2153
f 593//2152 2227//2152 2499//2152
f 2499//2163 2227//2163 2120//2163
f 2499//2153 2120//2153 602//2153
f 624//2154 623//2154 2499//2154
f 2499//2153 623//2153 621//2153
f 680//2164 2563//2164 2499//2164
f 2499//2165 2563//2165 2564//2165
f 2499//2164 2564//2164 2595//2164
f 1998//2166 1999//2166 2499//2166
f 2499//2154 1999//2154 2000//2154
f 2499//2167 2000//2167 1993//2167
f 2582//2168 2581//2168 2499//2168
f 621//2154 620//2154 2499//2154
f 2499//2154 620//2154 627//2154
f 2499//2152 627//2152 628//2152
f 689//2169 690//2169 2499//2169
f 2499//2154 690//2154 692//2154
f 2499//2159 692//2159 693//2159
f 1991//2170 2001//2170 2499//2170
f 2499//2151 2001//2151 2002//2151
f 2499//2171 2002//2171 1976//2171
f 1976//2172 2207//2172 2499//2172
f 2499//2154 2207//2154 556//2154
f 2499//2152 556//2152 566//2152
f 566//2152 565//2152 2499//2152
f 2499//2154 565//2154 563//2154
f 2499//2152 563//2152 562//2152
f 562//2151 567//2151 2499//2151
f 2499//2154 567//2154 2343//2154
f 2499//2173 2343//2173 2306//2173
f 608//2154 609//2154 2499//2154
f 2499//2154 609//2154 611//2154
f 611//2174 613//2174 2499//2174
f 2499//2157 613//2157 614//2157
f 2499//2154 614//2154 616//2154
f 616//2174 619//2174 2499//2174
f 2499//2152 619//2152 618//2152
f 2499//2154 618//2154 624//2154
f 398//2174 397//2174 2499//2174
f 2499//2157 397//2157 2480//2157
f 2499//2151 2480//2151 2529//2151
f 662//2154 2408//2154 2499//2154
f 2499//2175 2408//2175 663//2175
f 2499//2157 663//2157 665//2157
f 693//2154 2297//2154 2499//2154
f 2499//2154 2297//2154 2294//2154
f 2499//2154 2294//2154 2295//2154
f 1997//2155 2499//2155 2003//2155
f 2003//2151 2499//2151 2004//2151
f 2003//2154 2004//2154 2005//2154
f 2581//2152 604//2152 2499//2152
f 2499//2152 604//2152 606//2152
f 2499//2162 606//2162 608//2162
f 2529//2174 2559//2174 2499//2174
f 2499//2154 2559//2154 2545//2154
f 2499//2157 2545//2157 2544//2157
f 665//2169 666//2169 2499//2169
f 2499//2151 666//2151 668//2151
f 2499//2164 668//2164 669//2164
f 669//2176 671//2176 2499//2176
f 2499//2151 671//2151 672//2151
f 2499//2154 672//2154 674//2154
f 674//2154 2497//2154 2499//2154
f 2499//2154 2497//2154 677//2154
f 2499//2169 677//2169 678//2169
f 602//2157 600//2157 2499//2157
f 2499//2152 600//2152 2592//2152
f 2499//2153 2592//2153 2582//2153
f 2544//2153 2590//2153 2499//2153
f 2499//2157 2590//2157 2404//2157
f 2499//2153 2404//2153 1107//2153
f 1107//2157 649//2157 2499//2157
f 2499//2151 649//2151 2485//2151
f 2499//2157 2485//2157 2493//2157
f 2493//2175 2481//2175 2499//2175
f 2499//2177 2481//2177 2462//2177
f 2499//2151 2462//2151 2461//2151
f 2295//2164 2312//2164 2499//2164
f 2499//2160 2312//2160 2349//2160
f 2499//2160 2349//2160 2351//2160
f 2006//2165 2007//2165 2008//2165
f 2009//2154 2010//2154 2005//2154
f 2005//2152 2010//2152 2011//2152
f 2005//2154 2011//2154 2003//2154
f 2012//2154 2013//2154 2010//2154
f 2010//2154 2013//2154 2014//2154
f 2010//2154 2014//2154 2015//2154
f 2016//2160 2017//2160 2018//2160
f 2018//2164 2017//2164 2008//2164
f 2351//2178 2019//2178 2499//2179
f 2499//2180 2019//2180 2017//2180
f 2499//2152 2017//2152 2519//2152
f 2519//2164 2017//2164 2016//2164
f 2292//2181 2022//2181 2348//2181
f 2024//2182 2006//2182 2025//2182
f 2025//2152 2006//2152 2008//2152
f 2025//2183 2008//2183 2026//2183
f 2026//2154 2008//2154 2017//2154
f 2009//2154 2027//2154 2010//2154
f 2010//2152 2027//2152 2028//2152
f 2010//2152 2028//2152 2029//2152
f 2029//2154 2030//2154 2010//2154
f 2010//2154 2030//2154 2031//2154
f 2010//2151 2031//2151 2012//2151
f 2015//2154 2032//2154 2010//2154
f 2010//2155 2032//2155 2033//2155
f 2010//2152 2033//2152 2390//2152
f 2390//2155 2033//2155 2348//2155
f 2033//2167 2035//2167 2348//2167
f 2348//2152 2035//2152 2036//2152
f 2348//2154 2036//2154 2292//2154
f 2292//2152 2036//2152 2037//2152
f 2418//2184 1399//2184 2186//2184
f 1388//2184 1387//2184 2131//2184
f 2492//2185 1400//2185 2108//2185
f 1917//2184 2520//2184 2517//2184
f 1916//2184 2325//2184 2315//2184
f 1172//2184 1171//2184 2336//2184
f 2548//2184 2507//2184 2345//2184
f 2108//2184 1400//2184 2100//2184
f 1399//2184 1398//2184 2186//2184
f 2186//2184 1398//2184 1404//2184
f 2186//2184 1404//2184 2108//2184
f 2108//2186 1404//2186 1403//2186
f 2108//2184 1403//2184 2492//2184
f 2589//2184 2433//2184 2141//2184
f 2141//2187 2433//2187 1384//2187
f 2575//2184 1919//2184 2586//2184
f 2586//2184 1919//2184 1918//2184
f 1917//2184 2517//2184 1918//2184
f 1918//2184 2517//2184 2518//2184
f 1918//2184 2518//2184 2530//2184
f 1329//2184 1330//2184 1332//2184
f 1319//2184 1318//2184 2237//2184
f 2418//2184 2186//2184 2463//2184
f 2463//2184 2186//2184 2132//2184
f 2463//2184 2132//2184 1395//2184
f 1387//2184 1391//2184 2131//2184
f 2131//2184 1391//2184 1390//2184
f 2131//2184 1390//2184 2132//2184
f 2132//2184 1390//2184 1396//2184
f 2132//2184 1396//2184 1395//2184
f 1384//2184 1383//2184 2141//2184
f 2141//2184 1383//2184 1162//2184
f 2141//2184 1162//2184 2131//2184
f 2131//2184 1162//2184 1161//2184
f 2131//2184 1161//2184 1388//2184
f 1379//2184 1378//2184 2588//2184
f 2588//2186 1378//2186 2454//2186
f 2588//2184 2454//2184 2589//2184
f 2589//2188 2454//2188 2453//2188
f 2589//2184 2453//2184 2433//2184
f 2575//2184 2565//2184 1919//2184
f 1919//2188 2565//2188 2555//2188
f 1919//2184 2555//2184 2574//2184
f 2574//2184 2555//2184 2478//2184
f 2574//2188 2478//2188 2479//2188
f 2530//2184 2526//2184 1918//2184
f 1918//2184 2526//2184 2332//2184
f 1918//2184 2332//2184 2586//2184
f 2586//2184 2332//2184 1168//2184
f 2586//2186 1168//2186 1365//2186
f 2325//2184 1916//2184 2336//2184
f 2336//2184 1916//2184 1915//2184
f 2336//2184 1915//2184 1172//2184
f 2225//2184 2397//2184 1915//2184
f 1915//2184 2397//2184 2400//2184
f 1915//2184 2400//2184 1172//2184
f 1335//2184 1336//2184 1338//2184
f 1318//2184 1327//2184 2237//2184
f 2237//2184 1327//2184 1329//2184
f 2237//2184 1329//2184 2238//2184
f 2238//2184 1329//2184 1332//2184
f 2238//2184 1332//2184 1333//2184
f 2479//2184 1376//2184 2574//2184
f 2574//2184 1376//2184 1165//2184
f 2574//2184 1165//2184 2588//2184
f 2588//2184 1165//2184 1164//2184
f 2588//2184 1164//2184 1379//2184
f 2315//2184 2314//2184 1916//2184
f 1916//2184 2314//2184 1355//2184
f 1916//2184 1355//2184 1917//2184
f 1917//2184 1355//2184 1356//2184
f 1917//2184 1356//2184 2520//2184
f 1341//2184 2355//2184 2225//2184
f 2225//2184 2355//2184 2356//2184
f 2225//2184 2356//2184 2397//2184
f 2224//2184 1313//2184 2259//2184
f 2259//2184 1313//2184 1317//2184
f 1333//2184 1335//2184 2238//2184
f 2238//2186 1335//2186 1338//2186
f 2238//2184 1338//2184 2225//2184
f 2225//2184 1338//2184 1339//2184
f 2225//2184 1339//2184 1341//2184
f 1305//2188 1306//2188 2252//2188
f 2252//2188 1306//2188 1308//2188
f 2252//2189 1308//2189 2259//2189
f 1295//2184 1294//2184 2330//2184
f 2330//2184 1294//2184 1293//2184
f 2330//2188 1293//2188 1175//2188
f 1298//2188 2251//2188 1296//2188
f 1296//2184 2251//2184 2330//2184
f 1296//2190 2330//2190 1174//2190
f 1174//2191 2330//2191 1175//2191
f 2507//2188 2508//2188 2345//2188
f 2345//2186 2508//2186 2511//2186
f 2345//2184 2511//2184 2330//2184
f 2330//2184 2511//2184 2510//2184
f 2330//2184 2510//2184 1295//2184
f 2548//2192 2345//2192 2467//2192
f 2467//2184 2345//2184 2353//2184
f 2467//2184 2353//2184 2456//2184
f 2232//2184 2441//2184 2353//2184
f 2353//2184 2441//2184 2442//2184
f 2353//2186 2442//2186 2456//2186
f 2101//2184 2074//2184 2116//2184
f 2116//2184 2074//2184 2334//2184
f 2116//2184 2334//2184 2117//2184
f 2117//2184 2334//2184 2341//2184
f 2117//2184 2341//2184 2280//2184
f 2280//2184 2341//2184 2077//2184
f 2280//2184 2077//2184 2127//2184
f 2127//2184 2077//2184 2078//2184
f 2127//2184 2078//2184 1934//2184
f 1934//2184 2078//2184 2291//2184
f 1934//2184 2291//2184 1935//2184
f 1935//2184 2291//2184 2284//2184
f 1935//2184 2284//2184 1936//2184
f 1936//2184 2284//2184 2285//2184
f 1936//2184 2285//2184 2155//2184
f 2155//2184 2285//2184 2513//2184
f 2155//2184 2513//2184 1938//2184
f 1938//2184 2513//2184 2522//2184
f 1938//2184 2522//2184 2181//2184
f 2181//2184 2522//2184 2524//2184
f 2181//2184 2524//2184 2384//2184
f 2384//2184 2524//2184 2528//2184
f 2384//2184 2528//2184 2385//2184
f 2385//2184 2528//2184 2538//2184
f 2385//2184 2538//2184 2406//2184
f 2406//2184 2538//2184 2532//2184
f 2406//2184 2532//2184 2372//2184
f 1319//2186 2237//2186 1321//2186
f 1321//2184 2237//2184 2268//2184
f 1321//2184 2268//2184 2587//2184
f 1317//2184 1316//2184 2259//2184
f 2259//2186 1316//2186 1326//2186
f 2259//2184 1326//2184 2268//2184
f 2268//2184 1326//2184 1325//2184
f 2268//2188 1325//2188 2587//2188
f 1298//2191 1300//2191 2251//2191
f 2251//2184 1300//2184 1302//2184
f 2251//2184 1302//2184 2252//2184
f 2252//2193 1302//2193 1303//2193
f 2252//2191 1303//2191 1305//2191
f 2532//2184 2533//2184 2372//2184
f 2372//2184 2533//2184 2535//2184
f 2372//2184 2535//2184 2365//2184
f 2365//2184 2535//2184 2090//2184
f 2365//2184 2090//2184 2359//2184
f 2359//2184 2090//2184 2591//2184
f 2359//2184 2591//2184 2360//2184
f 2360//2184 2591//2184 2593//2184
f 2360//2184 2593//2184 1947//2184
f 1947//2184 2593//2184 2093//2184
f 1947//2184 2093//2184 2350//2184
f 2350//2184 2093//2184 2094//2184
f 2350//2184 2094//2184 2231//2184
f 2231//2184 2094//2184 2095//2184
f 2231//2184 2095//2184 2232//2184
f 2232//2187 2095//2187 2450//2187
f 2232//2188 2450//2188 2441//2188
f 1400//2184 1416//2184 2100//2184
f 2100//2187 1416//2187 1160//2187
f 2100//2184 1160//2184 2101//2184
f 2101//2184 1160//2184 1159//2184
f 2101//2184 1159//2184 2074//2184
f 2259//2194 1308//2194 2224//2194
f 2224//2195 1308//2195 2241//2195
f 2224//2184 2241//2184 1310//2184
usemtl Scheibe.004
f 2455//2184 2536//2184 2539//2184
f 2523//2184 343//2184 2539//2184
f 2539//2184 343//2184 2580//2184
f 2539//2184 2580//2184 2534//2184
f 346//2184 347//2184 2228//2184
f 2228//2184 347//2184 349//2184
f 346//2184 2228//2184 2391//2184
f 2391//2184 2228//2184 2221//2184
f 2391//2184 2221//2184 2222//2184
f 2539//2184 353//2184 2523//2184
f 2523//2184 353//2184 2228//2184
f 2523//2184 2228//2184 354//2184
f 354//2184 2228//2184 349//2184
f 2536//2184 2250//2184 2539//2184
f 2539//2184 2250//2184 356//2184
f 2539//2184 356//2184 357//2184
f 357//2184 358//2184 2539//2184
f 2539//2184 358//2184 359//2184
f 2539//2184 359//2184 2139//2184
f 2139//2184 2140//2184 2539//2184
f 2539//2184 2140//2184 2123//2184
f 2539//2196 2123//2196 2124//2196
f 2534//2184 2106//2184 2539//2184
f 2539//2184 2106//2184 2107//2184
f 2539//2184 2107//2184 2115//2184
f 2115//2184 2129//2184 2539//2184
f 2539//2184 2129//2184 2130//2184
f 2539//2184 2130//2184 2197//2184
f 2197//2184 2184//2184 2539//2184
f 2539//2184 2184//2184 2185//2184
f 2539//2184 2185//2184 2455//2184
f 2222//2184 2257//2184 2391//2184
f 2391//2184 2257//2184 2258//2184
f 2391//2184 2258//2184 374//2184
f 374//2184 375//2184 2391//2184
f 2391//2184 375//2184 2242//2184
f 2391//2184 2242//2184 2243//2184
f 2243//2184 2230//2184 2212//2184
f 2212//2184 2213//2184 2243//2184
f 2243//2184 2213//2184 2568//2184
f 2243//2184 2568//2184 2570//2184
f 2570//2184 2579//2184 2243//2184
f 2243//2184 2579//2184 2392//2184
f 2243//2184 2392//2184 2391//2184
s 1
f 2276//2197 1905//417 376//417
f 376//417 1905//417 1906//2198
f 376//417 1906//2198 377//2198
f 377//2198 1906//2198 1907//2199
f 377//2198 1907//2199 378//2199
f 378//2199 1907//2199 1908//2200
f 378//2199 1908//2200 379//2200
f 379//2200 1908//2200 1909//2201
f 379//2200 1909//2201 380//2201
f 380//2201 1909//2201 1910//2202
f 380//2201 1910//2202 381//2202
f 381//2202 1910//2202 1911//2203
f 381//2202 1911//2203 382//2203
f 382//2203 1911//2203 1912//2204
f 382//2203 1912//2204 383//2204
f 383//2204 1912//2204 1913//2205
f 383//2204 1913//2205 384//2205
f 384//2205 1913//2205 1914//2206
f 384//2205 1914//2206 350//2206
f 350//2206 1914//2206 2204//2207
f 350//2206 2204//2207 2556//2207
f 2556//2207 2204//2207 2205//2208
f 2556//2207 2205//2208 2560//2208
f 2560//2208 2205//2208 2561//2209
f 2560//2208 2561//2209 2246//2209
f 2246//2209 2561//2209 2566//2210
f 2246//2209 2566//2210 2247//2210
f 2247//2210 2566//2210 2573//2211
f 2247//2210 2573//2211 342//2211
f 342//2211 2573//2211 1920//2212
f 342//2211 1920//2212 2594//2212
f 2594//2212 1920//2212 1921//2213
f 2594//2212 1921//2213 344//2213
f 344//2213 1921//2213 1922//2214
f 344//2213 1922//2214 345//2214
f 345//2214 1922//2214 1923//2215
f 345//2214 1923//2215 364//2215
f 364//2215 1923//2215 1924//2216
f 364//2215 1924//2216 365//2216
f 365//2216 1924//2216 1925//2217
f 365//2216 1925//2217 366//2217
f 366//2217 1925//2217 1926//2218
f 366//2217 1926//2218 367//2218
f 367//2218 1926//2218 1927//2219
f 367//2218 1927//2219 368//2219
f 368//2219 1927//2219 1928//471
f 368//2219 1928//471 369//471
f 369//471 1928//471 1929//2220
f 369//471 1929//2220 370//2220
f 370//2220 1929//2220 1930//2221
f 370//2220 1930//2221 371//2221
f 371//2221 1930//2221 1931//2222
f 371//2221 1931//2222 339//2222
f 339//2222 1931//2222 1932//2223
f 339//2222 1932//2223 340//2223
f 340//2223 1932//2223 1933//2224
f 340//2223 1933//2224 355//2224
f 355//2224 1933//2224 2128//2225
f 355//2224 2128//2225 2167//2225
f 2167//2225 2128//2225 2150//2226
f 2167//2225 2150//2226 2168//2226
f 2168//2226 2150//2226 2159//2227
f 2168//2226 2159//2227 2176//2227
f 2176//2227 2159//2227 1937//2228
f 2176//2227 1937//2228 2191//2228
f 2191//2228 1937//2228 2156//2229
f 2191//2228 2156//2229 360//2229
f 360//2229 2156//2229 1939//2230
f 360//2229 1939//2230 361//2230
f 361//2230 1939//2230 1940//2231
f 361//2230 1940//2231 362//2231
f 362//2231 1940//2231 1941//2232
f 362//2231 1941//2232 363//2232
f 363//2232 1941//2232 1942//2233
f 363//2232 1942//2233 341//2233
f 341//2233 1942//2233 1943//2234
f 341//2233 1943//2234 2240//2234
f 2240//2234 1943//2234 1944//2235
f 2240//2234 1944//2235 348//2235
f 348//2235 1944//2235 1945//2236
f 348//2235 1945//2236 351//2236
f 351//2236 1945//2236 1946//2237
f 351//2236 1946//2237 352//2237
f 352//2237 1946//2237 2352//2238
f 352//2237 2352//2238 372//2238
f 372//2238 2352//2238 1948//2239
f 372//2238 1948//2239 373//2239
f 373//2239 1948//2239 1949//2240
f 373//2239 1949//2240 2260//2240
f 2260//2240 1949//2240 1950//2197
f 2260//2240 1950//2197 2276//2197
f 2276//2197 1950//2197 1905//417
o Actor1
v 0.037268 0.044440 0.059057
v 0.037634 0.044130 0.058865
v 0.037625 0.044139 0.058823
v 0.037678 0.044093 0.058842
v 0.037852 0.043945 0.058741
v 0.038085 0.043742 0.058768
v 0.038086 0.043743 0.058720
v 0.037407 0.044324 0.058903
v 0.037194 0.044502 0.059065
v 0.037214 0.044485 0.059107
v 0.036904 0.044742 0.059393
v 0.036981 0.044681 0.059227
v 0.036817 0.044815 0.059429
v 0.036846 0.044790 0.059469
v 0.036651 0.044952 0.059635
v 0.036524 0.045054 0.059885
v 0.040403 0.041612 0.058720
v 0.039771 0.042193 0.058720
v 0.038960 0.042938 0.058750
v -0.038085 0.043742 0.058768
v -0.038086 0.043743 0.058720
v -0.038928 0.042968 0.058751
v -0.039772 0.042192 0.058720
v -0.040403 0.041612 0.058720
v -0.037182 0.044513 0.059064
v -0.037205 0.044493 0.059118
v -0.037121 0.044562 0.059174
v -0.036506 0.045069 0.059905
v -0.036576 0.045013 0.059761
v -0.036845 0.044790 0.059502
v -0.036801 0.044829 0.059440
v -0.036852 0.044787 0.059366
v -0.037618 0.044146 0.058814
v -0.037629 0.044134 0.058873
v -0.037528 0.044221 0.058903
v -0.037253 0.044454 0.058998
v -0.037948 0.043861 0.058778
v -0.037668 0.044104 0.058788
v 0.038354 0.043484 0.059462
v 0.036644 0.044956 0.059859
v 0.038974 0.042952 0.059319
v 0.039008 0.042922 0.059310
v 0.040388 0.041597 0.058959
v 0.041308 0.040714 0.058724
v -0.045808 0.004953 0.062236
v -0.045789 0.004532 0.062181
v 0.034752 -0.024569 0.058350
v 0.043733 0.019558 0.064159
v 0.043377 0.020592 0.064295
v -0.035285 0.035382 0.066242
v 0.027081 0.043262 0.067280
v 0.026226 0.043866 0.067359
v -0.040014 0.028351 0.065317
v -0.040591 0.027216 0.065167
v 0.040112 -0.016708 0.059385
v 0.041107 -0.014820 0.059633
v -0.031156 0.039833 0.066828
v -0.031947 0.039034 0.066723
v 0.024146 0.045281 0.067546
v -0.035348 0.035310 0.066233
v -0.041324 0.025776 0.064978
v -0.041641 0.025047 0.064882
v -0.042479 0.023116 0.064627
v -0.042578 0.022840 0.064591
v -0.043384 0.020594 0.064296
v -0.043572 0.020072 0.064227
v -0.045665 0.009126 0.062786
v -0.045494 0.011178 0.063056
v -0.045455 0.011435 0.063090
v -0.045753 0.008066 0.062646
v -0.045775 0.006825 0.062483
v -0.039350 -0.018096 0.059202
v -0.037904 -0.020379 0.058901
v 0.035378 -0.023781 0.058453
v 0.036610 -0.022232 0.058657
v 0.037899 -0.020374 0.058902
v 0.038310 -0.019782 0.058980
v 0.039698 -0.017492 0.059281
v 0.044652 0.016040 0.063696
v 0.044541 0.016590 0.063768
v 0.044069 0.018324 0.063997
v 0.035297 0.035373 0.066241
v 0.033670 0.037251 0.066488
v 0.033396 0.037568 0.066530
v -0.036779 0.033432 0.065986
v -0.037003 0.033138 0.065947
v -0.038161 0.031416 0.065720
v -0.038567 0.030811 0.065641
v -0.039432 0.029341 0.065447
v -0.044073 0.018325 0.063997
v -0.044363 0.017314 0.063864
v -0.044642 0.016038 0.063696
v -0.043064 -0.010187 0.060243
v -0.042030 -0.012806 0.059898
v -0.035383 -0.023784 0.058453
v -0.034289 -0.025105 0.058279
v 0.042007 -0.012809 0.059898
v 0.042351 -0.012040 0.059999
v 0.043278 -0.009574 0.060324
v 0.045780 0.007456 0.062566
v 0.045663 0.009127 0.062786
v 0.045564 0.010542 0.062972
v 0.045443 0.011434 0.063090
v 0.042708 0.022534 0.064551
v 0.042580 0.022840 0.064591
v 0.041656 0.025053 0.064883
v 0.040289 0.027842 0.065250
v 0.039429 0.029340 0.065447
v 0.038769 0.030489 0.065598
v 0.038157 0.031413 0.065720
v 0.037156 0.032924 0.065919
v 0.036774 0.033428 0.065985
v 0.031953 0.039040 0.066724
v 0.031467 0.039535 0.066789
v 0.030137 0.040743 0.066948
v 0.029492 0.041330 0.067025
v 0.028221 0.042348 0.067159
v 0.024919 0.044788 0.067481
v 0.024742 0.044904 0.067496
v 0.024737 0.044907 0.067496
v 0.024701 0.044931 0.067500
v 0.024404 0.045124 0.067525
v -0.021974 0.046565 0.067715
v 0.022632 0.046208 0.067668
v 0.021973 0.046564 0.067715
v 0.019970 0.047641 0.067856
v 0.019736 0.047748 0.067870
v 0.017424 0.048800 0.068009
v 0.017254 0.048878 0.068019
v 0.015049 0.049717 0.068130
v -0.022663 0.046191 0.067665
v -0.024136 0.045265 0.067544
v -0.025268 0.044554 0.067450
v -0.033342 0.037625 0.066538
v -0.033668 0.037249 0.066488
v -0.045029 0.014267 0.063463
v -0.045108 0.013741 0.063393
v -0.040784 -0.015470 0.059548
v -0.040109 -0.016706 0.059385
v -0.037700 -0.020700 0.058859
v -0.035933 -0.023121 0.058540
v 0.043547 -0.008703 0.060439
v 0.044161 -0.006709 0.060701
v 0.044702 -0.004421 0.061002
v 0.045149 0.013593 0.063374
v 0.045119 0.013742 0.063393
v 0.041633 0.025106 0.064890
v 0.040596 0.027218 0.065168
v 0.005112 0.052025 0.068433
v -0.012622 0.050500 0.068233
v -0.013247 0.050327 0.068210
v -0.015045 0.049704 0.068128
v -0.016128 0.049329 0.068078
v -0.017416 0.048781 0.068006
v -0.044714 -0.004424 0.061002
v -0.044039 -0.007147 0.060643
v -0.043540 -0.008701 0.060439
v -0.032592 -0.026916 0.058041
v -0.032281 -0.027248 0.057997
v -0.030367 -0.029056 0.057759
v -0.029551 -0.029744 0.057668
v -0.028310 -0.030789 0.057531
v -0.026310 -0.032275 0.057335
v 0.027816 -0.031175 0.057480
v 0.029555 -0.029749 0.057668
v -0.019287 -0.036336 0.056800
v 0.045298 -0.001276 0.061416
v 0.045301 -0.001257 0.061419
v 0.045521 0.000433 0.061641
v 0.045669 0.002257 0.061881
v 0.045757 0.003346 0.062025
v 0.045784 0.004532 0.062181
v 0.045814 0.005839 0.062353
v 0.045814 0.005842 0.062353
v 0.045814 0.005867 0.062357
v 0.014658 0.049865 0.068149
v 0.012621 0.050497 0.068232
v 0.011892 0.050723 0.068262
v 0.010150 0.051146 0.068318
v 0.009170 0.051384 0.068349
v 0.007644 0.051651 0.068384
v -0.005112 0.052024 0.068433
v -0.006288 0.051895 0.068416
v -0.007644 0.051651 0.068384
v -0.019745 0.047752 0.067871
v -0.019792 0.047729 0.067868
v -0.045683 0.002255 0.061881
v -0.045673 0.002030 0.061852
v -0.045445 0.000003 0.061585
v -0.025976 -0.032523 0.057302
v -0.023600 -0.034065 0.057099
v -0.022877 -0.034470 0.057046
v -0.015779 -0.037819 0.056605
v -0.015581 -0.037890 0.056596
v 0.015575 -0.037873 0.056598
v 0.009218 -0.039686 0.056360
v 0.011768 -0.039073 0.056440
v -0.007883 -0.039915 0.056329
v 0.032592 -0.026916 0.058041
v 0.033878 -0.025566 0.058218
v 0.033880 -0.025564 0.058218
v 0.033893 -0.025549 0.058221
v 0.044876 -0.003687 0.061099
v 0.045298 -0.001279 0.061416
v 0.045325 -0.001090 0.061441
v 0.045466 0.000001 0.061584
v 0.045812 0.006063 0.062383
v 0.045795 0.006825 0.062483
v -0.019005 0.048105 0.067917
v -0.019740 0.047754 0.067871
v 0.006075 0.051926 0.068420
v -0.020162 0.047545 0.067844
v -0.026223 0.043862 0.067359
v -0.027659 0.042822 0.067222
v -0.028238 0.042367 0.067162
v -0.028239 0.042366 0.067162
v -0.028253 0.042355 0.067160
v -0.028359 0.042270 0.067149
v -0.045310 -0.001196 0.061427
v -0.044769 -0.004204 0.061031
v 0.017763 -0.037038 0.056708
v 0.019288 -0.036337 0.056800
v 0.020440 -0.035807 0.056870
v 0.022861 -0.034503 0.057042
v 0.029932 -0.029439 0.057709
v 0.032191 -0.027338 0.057985
v -0.020944 -0.035552 0.056904
v 0.034003 -0.025427 0.058237
v -0.010156 0.051164 0.068320
v -0.010163 0.051163 0.068320
v 0.002562 0.052260 0.068464
v -0.010214 0.051151 0.068318
v -0.029203 0.041576 0.067058
v -0.030137 0.040743 0.066948
v -0.018179 -0.036860 0.056731
v -0.015275 -0.038000 0.056581
v -0.015273 -0.038001 0.056581
v -0.015112 -0.038058 0.056574
v 0.012183 -0.038974 0.056453
v -0.011765 -0.039065 0.056441
v -0.009737 -0.039577 0.056374
v 0.025356 -0.032947 0.057247
v 0.026303 -0.032265 0.057337
v 0.000000 0.052347 0.068476
v -0.000487 0.052344 0.068476
v -0.002562 0.052255 0.068464
v -0.003287 0.052224 0.068460
v -0.009378 0.051339 0.068343
v 0.002962 0.052247 0.068463
v -0.010621 0.051053 0.068306
v 0.014898 -0.038132 0.056564
v -0.012667 -0.038838 0.056471
v 0.003954 -0.040436 0.056260
v 0.006699 -0.040128 0.056301
v 0.007884 -0.039920 0.056329
v -0.003954 -0.040443 0.056260
v 0.000000 -0.040611 0.056238
v 0.000578 -0.040607 0.056238
v -0.003913 -0.040448 0.056259
v -0.001245 -0.040595 0.056240
v -0.000065 -0.040611 0.056238
v -0.006780 -0.040116 0.056303
v 0.003690 -0.040466 0.056257
v -0.038353 0.043482 0.059465
v -0.041273 0.040749 0.058726
v -0.040389 0.041598 0.058954
v -0.039057 0.042878 0.059297
v -0.038939 0.042979 0.059325
v 0.045918 0.035404 0.057333
v 0.047563 0.033179 0.056758
v 0.046256 0.034991 0.054398
v -0.057906 -0.003284 0.047962
v -0.057931 -0.002406 0.048163
v -0.057934 -0.002406 0.036994
v -0.040726 -0.041295 0.039788
v -0.041398 -0.040593 0.039932
v -0.041396 -0.040590 0.019217
v 0.054449 -0.019981 0.028811
v 0.055551 -0.016677 0.030350
v 0.054434 -0.019976 0.044262
v 0.053211 -0.023032 0.027391
v 0.053513 -0.022369 0.027700
v 0.053209 -0.023032 0.043604
v 0.054427 -0.020038 0.028784
v 0.053394 -0.022621 0.043692
v 0.053566 -0.022239 0.043774
v 0.052222 -0.025222 0.043136
v 0.052166 -0.025347 0.043109
v 0.052600 -0.024378 0.026764
v 0.050903 -0.027761 0.042598
v 0.052049 -0.025590 0.026200
v 0.050585 -0.028369 0.042469
v 0.050472 -0.028575 0.024810
v 0.049996 -0.029350 0.042263
v 0.049461 -0.030242 0.042075
v 0.050002 -0.029354 0.024448
v 0.050468 -0.028582 0.024807
v 0.048832 -0.031289 0.041855
v 0.047897 -0.032659 0.041570
v 0.048797 -0.031350 0.023519
v 0.046041 -0.035233 0.021711
v 0.046843 -0.034202 0.022191
v 0.046040 -0.035232 0.041035
v 0.047966 -0.032563 0.022954
v 0.046215 -0.035006 0.041081
v 0.046917 -0.034096 0.041270
v 0.044849 -0.036776 0.040715
v 0.044414 -0.037277 0.040612
v 0.045173 -0.036351 0.021191
v 0.042737 -0.039212 0.040214
v 0.044726 -0.036927 0.020923
v 0.042494 -0.039462 0.040163
v 0.042500 -0.039468 0.019739
v 0.041401 -0.040593 0.039931
v 0.040632 -0.041388 0.039768
v 0.041396 -0.040587 0.019219
v 0.042078 -0.039896 0.019540
v 0.040455 -0.041552 0.039735
v 0.038304 -0.043543 0.039330
v 0.040027 -0.041974 0.018573
v 0.038194 -0.043645 0.039309
v 0.038696 -0.043172 0.018016
v 0.036142 -0.045348 0.038964
v 0.036048 -0.045427 0.038948
v 0.036134 -0.045337 0.017009
v 0.037516 -0.044233 0.017523
v 0.035921 -0.045532 0.038927
v 0.033690 -0.047198 0.038591
v 0.035078 -0.046182 0.016617
v 0.033474 -0.047359 0.038558
v 0.034884 -0.046337 0.016545
v 0.031236 -0.048850 0.038258
v 0.032141 -0.048280 0.015640
v 0.030758 -0.049168 0.038194
v 0.031208 -0.048863 0.015368
v 0.030336 -0.049416 0.038145
v 0.030332 -0.049410 0.015113
v 0.028697 -0.050382 0.037950
v 0.028050 -0.050763 0.037874
v 0.029299 -0.050056 0.014813
v 0.026077 -0.051790 0.037668
v 0.027143 -0.051235 0.014262
v 0.025392 -0.052146 0.037597
v 0.026368 -0.051660 0.014065
v 0.024077 -0.052745 0.037476
v 0.024078 -0.052748 0.013557
v 0.023380 -0.053062 0.037412
v 0.022654 -0.053393 0.037346
v 0.023386 -0.053076 0.013404
v 0.020613 -0.054197 0.037183
v 0.022906 -0.053283 0.013308
v 0.022376 -0.053510 0.013202
v 0.019926 -0.054468 0.037128
v 0.019302 -0.054694 0.012652
v 0.017781 -0.055180 0.036984
v 0.018503 -0.054951 0.012533
v 0.017458 -0.055287 0.036962
v 0.017458 -0.055286 0.012377
v 0.016697 -0.055540 0.036911
v 0.016170 -0.055700 0.012184
v 0.014899 -0.056022 0.036813
v 0.013983 -0.056268 0.011920
v 0.013406 -0.056423 0.036731
v 0.012990 -0.056527 0.011800
v 0.011974 -0.056719 0.036671
v 0.010582 -0.057009 0.011576
v 0.010581 -0.057007 0.036612
v 0.010074 -0.057112 0.036590
v 0.009771 -0.057171 0.011500
v 0.009013 -0.057268 0.036559
v 0.009376 -0.057227 0.011474
v 0.006720 -0.057605 0.036490
v 0.006525 -0.057632 0.011285
v 0.006025 -0.057667 0.036477
v 0.004702 -0.057786 0.011212
v 0.003546 -0.057885 0.036432
v 0.003546 -0.057884 0.011167
v 0.003364 -0.057901 0.036429
v 0.003262 -0.057908 0.011155
v 0.003018 -0.057911 0.036427
v 0.000000 -0.058000 0.011112
v 0.000000 -0.058000 0.036409
v -0.001203 -0.057988 0.011118
v -0.002793 -0.057932 0.036423
v -0.003544 -0.057873 0.011172
v -0.007692 -0.057488 0.011352
v -0.004704 -0.057802 0.011205
v -0.003543 -0.057875 0.036435
v -0.003017 -0.057915 0.036426
v -0.004453 -0.057829 0.011193
v -0.005874 -0.057698 0.036471
v -0.006026 -0.057679 0.036475
v -0.009373 -0.057214 0.011480
v -0.008985 -0.057294 0.036554
v -0.010582 -0.057018 0.011571
v -0.010578 -0.056996 0.036615
v -0.010911 -0.056964 0.011596
v -0.011977 -0.056734 0.036669
v -0.013989 -0.056285 0.011913
v -0.012312 -0.056672 0.036681
v -0.014100 -0.056260 0.011924
v -0.014901 -0.056029 0.036812
v -0.017248 -0.055376 0.012335
v -0.015631 -0.055849 0.036849
v -0.017462 -0.055303 0.012369
v -0.017457 -0.055285 0.036963
v -0.018500 -0.054947 0.012534
v -0.017783 -0.055184 0.036984
v -0.020345 -0.054315 0.012828
v -0.018654 -0.054915 0.037038
v -0.022901 -0.053274 0.013312
v -0.020612 -0.054193 0.037184
v -0.023386 -0.053076 0.013404
v -0.021553 -0.053846 0.037255
v -0.024040 -0.052783 0.013541
v -0.023380 -0.053062 0.037413
v -0.024083 -0.052762 0.013550
v -0.024082 -0.052761 0.037473
v -0.026848 -0.051412 0.014180
v -0.024203 -0.052708 0.037484
v -0.027148 -0.051244 0.014258
v -0.026076 -0.051787 0.037669
v -0.029703 -0.049817 0.014924
v -0.026966 -0.051348 0.037757
v -0.028692 -0.050374 0.037952
v -0.030333 -0.049416 0.015110
v -0.029949 -0.049666 0.038094
v -0.030334 -0.049417 0.038144
v -0.035597 -0.045786 0.038876
v -0.036134 -0.045340 0.017008
v -0.033681 -0.047187 0.038593
v -0.035144 -0.046140 0.016636
v -0.032831 -0.047808 0.038468
v -0.035081 -0.046185 0.016615
v -0.031229 -0.048840 0.038260
v -0.032472 -0.048058 0.015743
v -0.031206 -0.048862 0.015369
v -0.036041 -0.045419 0.038950
v -0.036135 -0.045342 0.038966
v -0.037710 -0.044068 0.017600
v -0.038696 -0.043174 0.018016
v -0.040452 -0.041549 0.039736
v -0.040159 -0.041848 0.018632
v -0.038232 -0.043611 0.039316
v -0.038305 -0.043543 0.039330
v -0.045169 -0.036349 0.021191
v -0.044389 -0.037331 0.020734
v -0.042486 -0.039455 0.040165
v -0.042500 -0.039468 0.019739
v -0.042078 -0.039897 0.019540
v -0.043087 -0.038826 0.040293
v -0.044407 -0.037271 0.040614
v -0.046048 -0.035241 0.021708
v -0.045304 -0.036214 0.040831
v -0.046041 -0.035236 0.041034
v -0.046436 -0.034752 0.021935
v -0.046214 -0.035006 0.041082
v -0.047971 -0.032566 0.022952
v -0.048432 -0.031911 0.023257
v -0.048997 -0.031031 0.041910
v -0.050007 -0.029359 0.024446
v -0.047902 -0.032662 0.041570
v -0.047249 -0.033634 0.041366
v -0.049464 -0.030244 0.042076
v -0.049994 -0.029351 0.042263
v -0.050249 -0.028965 0.024629
v -0.050462 -0.028571 0.024812
v -0.051801 -0.026088 0.025968
v -0.050723 -0.028122 0.042522
v -0.052602 -0.024380 0.026763
v -0.050909 -0.027764 0.042598
v -0.053194 -0.023117 0.027351
v -0.052197 -0.025283 0.043123
v -0.053225 -0.023041 0.027387
v -0.052224 -0.025223 0.043136
v -0.053213 -0.023035 0.043603
v -0.054426 -0.020039 0.028784
v -0.053400 -0.022624 0.043691
v -0.054449 -0.019981 0.028811
v -0.053482 -0.022442 0.043730
v -0.054749 -0.019146 0.029200
v -0.054430 -0.019974 0.044262
v -0.055635 -0.016371 0.030492
v -0.054754 -0.019131 0.044444
v -0.055336 -0.017290 0.044846
v -0.055627 -0.016369 0.045047
v -0.055712 -0.016129 0.030605
v -0.055860 -0.015556 0.030872
v -0.056561 -0.012839 0.032136
v -0.055790 -0.015856 0.045159
v -0.056931 -0.010971 0.033005
v -0.056115 -0.014575 0.045441
v -0.057187 -0.009673 0.033610
v -0.056587 -0.012714 0.045850
v -0.056762 -0.011832 0.046046
v -0.057217 -0.009460 0.033709
v -0.057163 -0.009800 0.046498
v -0.057212 -0.009459 0.046574
v -0.057646 -0.006395 0.035138
v -0.057269 -0.009068 0.046661
v -0.057653 -0.006320 0.035173
v -0.057618 -0.006626 0.047208
v -0.057913 -0.003169 0.036640
v -0.057647 -0.006289 0.047284
v -0.057887 -0.003500 0.047914
v -0.057812 0.004665 0.040284
v -0.058000 -0.000000 0.048712
v -0.057947 0.002079 0.049192
v -0.057810 0.004684 0.040293
v -0.057904 0.003085 0.039549
v -0.057962 0.002080 0.039081
v -0.057980 -0.000708 0.048550
v -0.058000 -0.000000 0.038113
v -0.057956 -0.001622 0.037359
v -0.057476 0.007618 0.050486
v -0.056878 0.011354 0.043398
v -0.057665 0.006215 0.050156
v -0.057466 0.007847 0.041764
v -0.057773 0.004856 0.049838
v -0.057787 0.004682 0.049797
v -0.057925 0.002940 0.049391
v -0.057475 0.007774 0.041730
v -0.055355 0.017315 0.046173
v -0.055455 0.016963 0.046009
v -0.056494 0.013075 0.051780
v -0.056601 0.012650 0.051678
v -0.056233 0.014209 0.044727
v -0.056785 0.011699 0.051452
v -0.057252 0.009274 0.050875
v -0.057043 0.010358 0.051133
v -0.056799 0.011702 0.043560
v -0.056640 0.012407 0.043888
v -0.055803 0.015804 0.052435
v -0.054988 0.018403 0.053066
v -0.054933 0.018542 0.046744
v -0.054943 0.018546 0.053101
v -0.054308 0.020362 0.047591
v -0.054820 0.018939 0.053197
v -0.053883 0.021400 0.048075
v -0.054036 0.021000 0.053703
v -0.052998 0.023562 0.049081
v -0.053551 0.022278 0.054017
v -0.052403 0.024858 0.049684
v -0.052975 0.023552 0.054333
v -0.052272 0.025113 0.049803
v -0.052269 0.025112 0.054721
v -0.051971 0.025701 0.050077
v -0.052111 0.025464 0.054808
v -0.050819 0.027954 0.051124
v -0.051800 0.026054 0.054956
v -0.049711 0.029831 0.051997
v -0.050512 0.028501 0.055569
v -0.049053 0.030947 0.052516
v -0.049083 0.030869 0.056169
v -0.048814 0.031303 0.052682
v -0.048819 0.031307 0.056280
v -0.048767 0.031392 0.056301
v -0.047147 0.033777 0.053833
v -0.047557 0.033175 0.056758
v -0.047114 0.033826 0.053856
v -0.047197 0.033707 0.056893
v -0.045010 0.036580 0.055138
v -0.045914 0.035401 0.057331
v -0.045239 0.036294 0.057562
v -0.044626 0.037024 0.055346
v -0.044624 0.037022 0.057752
v -0.044235 0.037477 0.055557
v -0.044175 0.037554 0.057890
v -0.042751 0.039196 0.056358
v -0.037592 0.044135 0.058659
v -0.038787 0.043123 0.058187
v -0.039777 0.042197 0.057756
v -0.040403 0.041612 0.057484
v -0.041052 0.040944 0.057173
v -0.042330 0.039620 0.058430
v -0.043363 0.038517 0.058141
v -0.036212 0.045307 0.059203
v -0.031721 0.048527 0.060827
v -0.030752 0.049174 0.061004
v -0.033521 0.047332 0.060146
v -0.036239 0.045282 0.059958
v -0.036125 0.045373 0.059981
v -0.034324 0.046728 0.059865
v -0.034323 0.046728 0.060339
v -0.033897 0.047049 0.060014
v -0.034018 0.046957 0.060400
v -0.033581 0.047286 0.060487
v 0.057214 -0.009458 0.046574
v 0.057170 -0.009762 0.046506
v 0.057208 -0.009456 0.033711
v 0.056760 -0.011832 0.046046
v 0.057116 -0.010085 0.033418
v 0.056569 -0.012797 0.045832
v 0.056932 -0.010971 0.033006
v 0.056112 -0.014574 0.045440
v 0.056391 -0.013567 0.031797
v 0.055722 -0.016091 0.045107
v 0.055854 -0.015553 0.030873
v 0.055633 -0.016369 0.045046
v 0.055634 -0.016370 0.030493
v 0.055339 -0.017291 0.044845
v 0.054711 -0.019254 0.044417
v 0.057930 -0.002404 0.048163
v 0.057894 -0.003475 0.047918
v 0.057929 -0.002404 0.036994
v 0.057643 -0.006288 0.047284
v 0.057898 -0.003437 0.036513
v 0.057629 -0.006553 0.035063
v 0.057649 -0.006318 0.035172
v 0.057270 -0.009068 0.046661
v 0.057596 -0.006813 0.047165
v 0.057787 0.004683 0.049797
v 0.057899 0.003412 0.049500
v 0.057794 0.004684 0.040293
v 0.057938 0.002079 0.049192
v 0.057897 0.003086 0.039549
v 0.058000 0.000000 0.048712
v 0.057962 0.002080 0.039081
v 0.057998 -0.000379 0.048625
v 0.057987 -0.000708 0.048550
v 0.058000 -0.000000 0.038113
v 0.057952 -0.001621 0.037359
v 0.057380 0.008457 0.042049
v 0.057771 0.004855 0.049838
v 0.057462 0.007774 0.041730
v 0.057746 0.005415 0.040632
v 0.056780 0.011700 0.051452
v 0.057043 0.010358 0.051133
v 0.056798 0.011704 0.043561
v 0.057238 0.009357 0.050895
v 0.056867 0.011405 0.043421
v 0.057484 0.007619 0.050485
v 0.057598 0.006807 0.050294
v 0.056635 0.012407 0.043888
v 0.056092 0.014754 0.044981
v 0.056551 0.012875 0.051731
v 0.055444 0.016962 0.046008
v 0.056498 0.013076 0.051780
v 0.055805 0.015758 0.052425
v 0.055177 0.017874 0.046433
v 0.055701 0.016161 0.052522
v 0.054939 0.018546 0.046746
v 0.054984 0.018402 0.053066
v 0.054938 0.018546 0.053101
v 0.054094 0.020923 0.047853
v 0.054737 0.019178 0.053255
v 0.053894 0.021405 0.048077
v 0.054043 0.021002 0.053703
v 0.053650 0.022037 0.053957
v 0.052998 0.023562 0.049081
v 0.052976 0.023553 0.054333
v 0.052256 0.025108 0.049800
v 0.052306 0.025061 0.054707
v 0.052277 0.025118 0.054722
v 0.051971 0.025703 0.050077
v 0.051537 0.026608 0.050498
v 0.048804 0.031299 0.052680
v 0.049313 0.030529 0.056082
v 0.049724 0.029839 0.052001
v 0.050491 0.028489 0.055567
v 0.049932 0.029509 0.051847
v 0.051106 0.027424 0.055298
v 0.051801 0.026055 0.054956
v 0.047128 0.033768 0.053828
v 0.047668 0.033038 0.056722
v 0.048169 0.032307 0.053148
v 0.048806 0.031301 0.056279
v 0.049088 0.030871 0.056169
v 0.045548 0.035904 0.057462
v 0.044624 0.037026 0.055346
v 0.044619 0.037021 0.057754
v 0.044251 0.037491 0.055563
v 0.044200 0.037554 0.055592
v 0.044175 0.037555 0.057893
v 0.036234 0.045277 0.059945
v 0.034327 0.046736 0.060338
v 0.035396 0.045946 0.059501
v 0.037601 0.044146 0.058663
v 0.037947 0.043863 0.058532
v 0.039770 0.042192 0.057754
v 0.040403 0.041612 0.057484
v 0.041058 0.040951 0.057176
v 0.042013 0.039985 0.056726
v 0.042328 0.039618 0.058435
v 0.043569 0.038283 0.058083
v 0.032738 0.047876 0.060400
v 0.034042 0.046955 0.060396
v 0.033888 0.047042 0.060011
v 0.034321 0.046727 0.059865
v 0.030751 0.049175 0.061005
v 0.031446 0.048731 0.060882
v 0.031729 0.048538 0.060830
v 0.048264 0.020278 0.063117
v 0.049077 0.020700 0.062638
v 0.048125 0.023121 0.063002
v 0.046557 0.019442 0.063763
v 0.047419 0.019857 0.063492
v 0.046553 0.022228 0.063824
v 0.046154 -0.016233 0.058473
v 0.045177 -0.018428 0.058170
v 0.046462 -0.018818 0.057520
v 0.042795 -0.020081 0.058398
v 0.043871 -0.018012 0.058678
v 0.042563 -0.017576 0.059046
v 0.035705 -0.032049 0.056290
v 0.037316 -0.030316 0.056529
v 0.036095 -0.029467 0.057128
v 0.040369 -0.024038 0.057863
v 0.041627 -0.022091 0.058126
v 0.040327 -0.021511 0.058522
v 0.042113 0.039010 0.061375
v 0.043928 0.036925 0.060932
v 0.044087 0.037166 0.060163
v -0.035705 -0.032049 0.056290
v -0.034016 -0.033702 0.056063
v -0.032865 -0.032711 0.056690
v -0.047382 -0.002240 0.061091
v -0.047653 0.000092 0.061402
v -0.048828 0.000164 0.061142
v -0.036742 0.036881 0.066140
v -0.036232 0.036347 0.066245
v -0.034547 0.038230 0.066496
v -0.038913 0.035449 0.065677
v -0.040468 0.033398 0.065389
v -0.039874 0.032870 0.065593
v -0.037810 0.034386 0.065982
v 0.006240 0.057475 0.064769
v 0.005602 0.057523 0.064791
v 0.005590 0.057314 0.065432
v -0.019265 0.054614 0.063476
v -0.019265 0.054595 0.063623
v -0.016784 0.055401 0.063832
v -0.028489 0.050513 0.061613
v -0.029366 0.049994 0.061377
v -0.029381 0.049869 0.062426
v -0.023278 -0.053049 0.039026
v 0.031747 0.048392 0.062059
v 0.034038 0.046805 0.061668
v -0.033665 -0.027715 0.057882
v -0.039044 -0.020920 0.058779
v 0.010344 0.052111 0.068354
v 0.040635 0.030257 0.065431
v 0.045694 0.019041 0.063932
v 0.047605 0.009577 0.062668
v 0.043153 -0.013103 0.059812
v 0.039044 -0.020920 0.058779
v 0.004113 -0.041930 0.056006
v 0.000000 -0.042110 0.055982
v 0.008199 -0.041389 0.056077
v 0.012231 -0.040487 0.056196
v 0.016181 -0.039225 0.056363
v 0.020021 -0.037603 0.056577
v 0.023719 -0.035632 0.056837
v 0.027246 -0.033319 0.057142
v 0.030571 -0.030676 0.057492
v 0.033665 -0.027715 0.057882
v 0.036499 -0.024456 0.058313
v 0.041271 -0.017128 0.059280
v 0.044666 -0.008879 0.060370
v 0.046194 -0.002240 0.061246
v 0.045787 -0.004488 0.060949
v 0.047653 0.000092 0.061403
v 0.047812 0.002445 0.061716
v 0.046494 0.000036 0.061547
v 0.047858 0.004814 0.062033
v 0.047789 0.007193 0.062350
v 0.047305 0.011959 0.062986
v 0.046887 0.014334 0.063304
v 0.046350 0.016697 0.063619
v 0.044918 0.021360 0.064242
v 0.044022 0.023647 0.064547
v 0.043008 0.025897 0.064848
v 0.041879 0.028103 0.065143
v 0.039278 0.032353 0.065711
v 0.037810 0.034386 0.065982
v 0.036232 0.036347 0.066245
v 0.034547 0.038230 0.066496
v 0.032758 0.040030 0.066737
v 0.030870 0.041739 0.066966
v 0.026822 0.044863 0.067384
v 0.028890 0.043352 0.067181
v 0.024671 0.046267 0.067571
v 0.022442 0.047556 0.067744
v 0.020140 0.048726 0.067901
v 0.017771 0.049769 0.068040
v 0.015343 0.050683 0.068163
v 0.012865 0.051465 0.068267
v 0.007788 0.052619 0.068422
v 0.005207 0.052985 0.068471
v 0.002608 0.053207 0.068501
v 0.000000 0.053282 0.068511
v -0.002608 0.053207 0.068501
v -0.005207 0.052985 0.068471
v -0.010344 0.052111 0.068354
v -0.007789 0.052619 0.068422
v -0.012865 0.051465 0.068267
v -0.015343 0.050683 0.068163
v -0.020140 0.048725 0.067900
v -0.017771 0.049769 0.068040
v -0.022442 0.047556 0.067744
v -0.026822 0.044863 0.067384
v -0.024671 0.046267 0.067571
v -0.028890 0.043352 0.067181
v -0.030870 0.041739 0.066966
v -0.032758 0.040029 0.066737
v -0.039278 0.032353 0.065711
v -0.040635 0.030257 0.065430
v -0.041879 0.028103 0.065143
v -0.043008 0.025897 0.064848
v -0.044918 0.021360 0.064242
v -0.044022 0.023647 0.064547
v -0.045694 0.019041 0.063932
v -0.046350 0.016697 0.063619
v -0.046887 0.014334 0.063304
v -0.047305 0.011959 0.062986
v -0.047789 0.007193 0.062350
v -0.047605 0.009577 0.062668
v -0.047812 0.002445 0.061716
v -0.047858 0.004814 0.062033
v -0.045787 -0.004488 0.060949
v -0.046194 -0.002240 0.061246
v -0.046494 0.000036 0.061547
v -0.044666 -0.008879 0.060369
v -0.043153 -0.013103 0.059812
v -0.041271 -0.017128 0.059280
v -0.036499 -0.024456 0.058313
v -0.030571 -0.030677 0.057492
v -0.023719 -0.035632 0.056837
v -0.027246 -0.033319 0.057142
v -0.020021 -0.037603 0.056577
v -0.016181 -0.039225 0.056363
v -0.012231 -0.040487 0.056196
v -0.008199 -0.041389 0.056077
v -0.004113 -0.041930 0.056006
v 0.029381 0.049869 0.062426
v 0.036248 0.045111 0.061253
v 0.038373 0.043315 0.060816
v 0.040406 0.041420 0.060360
v 0.042343 0.039430 0.059884
v 0.044181 0.037351 0.059391
v 0.047545 0.032945 0.058358
v 0.045916 0.035188 0.058882
v 0.049064 0.030628 0.057822
v 0.051761 0.025792 0.056714
v 0.050471 0.028242 0.057273
v 0.052933 0.023284 0.056147
v 0.053982 0.020721 0.055572
v 0.054907 0.018111 0.054991
v 0.056378 0.012770 0.053817
v 0.055706 0.015459 0.054406
v 0.056921 0.010050 0.053226
v 0.057615 0.004541 0.052043
v 0.057334 0.007305 0.052634
v 0.057763 0.001764 0.051454
v 0.057917 0.001926 0.050303
v 0.057942 -0.000863 0.049688
v 0.057585 -0.006444 0.048475
v 0.057831 -0.003655 0.049079
v 0.057204 -0.009223 0.047878
v 0.056689 -0.011986 0.047289
v 0.055255 -0.017440 0.046140
v 0.056039 -0.014727 0.046709
v 0.054336 -0.020119 0.045583
v 0.053284 -0.022757 0.045038
v 0.052099 -0.025348 0.044507
v 0.050784 -0.027885 0.043990
v 0.049343 -0.030361 0.043489
v 0.046087 -0.035106 0.042538
v 0.047776 -0.032770 0.043005
v 0.044278 -0.037363 0.042089
v 0.042352 -0.039533 0.041660
v 0.040312 -0.041610 0.041252
v 0.038161 -0.043587 0.040864
v 0.035907 -0.045459 0.040498
v 0.033555 -0.047221 0.040156
v 0.031111 -0.048866 0.039836
v 0.028579 -0.050389 0.039541
v 0.025966 -0.051786 0.039271
v 0.023278 -0.053049 0.039026
v 0.020521 -0.054174 0.038808
v 0.017703 -0.055157 0.038617
v 0.011920 -0.056685 0.038319
v 0.014833 -0.055994 0.038454
v 0.008971 -0.057226 0.038212
v 0.005996 -0.057616 0.038136
v 0.003003 -0.057852 0.038090
v 0.000000 -0.057931 0.038074
v -0.003003 -0.057852 0.038090
v -0.008971 -0.057226 0.038212
v -0.005996 -0.057616 0.038136
v -0.011919 -0.056685 0.038319
v -0.014833 -0.055994 0.038454
v -0.017703 -0.055157 0.038617
v -0.020521 -0.054174 0.038808
v -0.025966 -0.051786 0.039270
v -0.028579 -0.050390 0.039541
v -0.031111 -0.048866 0.039836
v -0.033555 -0.047221 0.040156
v -0.035907 -0.045459 0.040498
v -0.040311 -0.041610 0.041252
v -0.038161 -0.043587 0.040864
v -0.042352 -0.039533 0.041660
v -0.044278 -0.037363 0.042089
v -0.046087 -0.035107 0.042538
v -0.047776 -0.032770 0.043005
v -0.049343 -0.030361 0.043489
v -0.050784 -0.027885 0.043990
v -0.052099 -0.025348 0.044507
v -0.053284 -0.022757 0.045038
v -0.054336 -0.020119 0.045583
v -0.055255 -0.017440 0.046140
v -0.056039 -0.014727 0.046709
v -0.056689 -0.011986 0.047289
v -0.057204 -0.009223 0.047878
v -0.057831 -0.003655 0.049079
v -0.057585 -0.006444 0.048475
v -0.057917 0.001926 0.050303
v -0.057942 -0.000863 0.049688
v -0.057615 0.004541 0.052043
v -0.057334 0.007305 0.052634
v -0.056921 0.010050 0.053226
v -0.054907 0.018111 0.054991
v -0.055706 0.015459 0.054406
v -0.056378 0.012770 0.053817
v -0.053982 0.020721 0.055572
v -0.051761 0.025792 0.056714
v -0.052933 0.023284 0.056147
v -0.049064 0.030628 0.057821
v -0.050471 0.028242 0.057273
v -0.047545 0.032945 0.058358
v -0.045916 0.035188 0.058882
v -0.044181 0.037351 0.059391
v -0.042343 0.039430 0.059884
v -0.040406 0.041420 0.060360
v -0.038373 0.043315 0.060816
v -0.036248 0.045111 0.061253
v -0.034038 0.046805 0.061668
v -0.031747 0.048392 0.062059
v -0.027278 0.051145 0.061901
v -0.026944 0.051232 0.062768
v -0.026934 0.051325 0.061983
v -0.024442 0.052476 0.063082
v -0.021881 0.053598 0.063368
v -0.022719 0.053316 0.062887
v -0.023691 0.052878 0.062689
v -0.024437 0.052543 0.062536
v -0.025631 0.052005 0.062292
v -0.019585 0.054513 0.063430
v -0.019980 0.054362 0.063361
v -0.021877 0.053638 0.063033
v -0.016510 0.055488 0.063871
v -0.016548 0.055131 0.064925
v -0.016139 0.055583 0.063914
v -0.013854 0.055876 0.065096
v -0.013891 0.056158 0.064174
v -0.013250 0.056322 0.064249
v -0.012173 0.056534 0.064344
v -0.011125 0.056489 0.065239
v -0.011150 0.056735 0.064435
v -0.005590 0.057314 0.065432
v -0.005602 0.057518 0.064789
v -0.006663 0.057429 0.064749
v -0.008368 0.056969 0.065351
v -0.008160 0.057220 0.064655
v -0.008386 0.057189 0.064640
v -0.009950 0.056971 0.064542
v -0.004124 0.057641 0.064844
v -0.002798 0.057522 0.065482
v -0.003326 0.057708 0.064875
v 0.002875 0.057731 0.064885
v 0.002805 0.057733 0.064886
v 0.002798 0.057522 0.065482
v 0.000000 0.057800 0.064916
v 0.000000 0.057591 0.065498
v -0.000064 0.057799 0.064916
v -0.002804 0.057722 0.064881
v 0.004019 0.057644 0.064846
v 0.008095 0.057229 0.064658
v 0.008368 0.056969 0.065351
v 0.008386 0.057190 0.064641
v 0.013854 0.055876 0.065097
v 0.013889 0.056152 0.064171
v 0.012764 0.056430 0.064297
v 0.011125 0.056489 0.065239
v 0.012098 0.056556 0.064354
v 0.011151 0.056735 0.064435
v 0.009566 0.057034 0.064570
v 0.016028 0.055623 0.063932
v 0.016548 0.055131 0.064925
v 0.016052 0.055617 0.063930
v 0.019200 0.054256 0.064724
v 0.016756 0.055400 0.063832
v 0.016597 0.055449 0.063854
v 0.022131 0.053557 0.062996
v 0.021883 0.053649 0.063038
v 0.021881 0.053598 0.063368
v 0.019872 0.054393 0.063375
v 0.019265 0.054595 0.063624
v 0.019266 0.054618 0.063477
v 0.019092 0.054682 0.063506
v 0.023636 0.052899 0.062698
v 0.024442 0.052476 0.063082
v 0.024440 0.052548 0.062538
v 0.026944 0.051232 0.062768
v 0.026935 0.051326 0.061983
v 0.025092 0.052263 0.062409
v 0.029361 0.049987 0.061374
v 0.027971 0.050799 0.061744
v 0.027267 0.051157 0.061906
v -0.048954 0.002569 0.061469
v -0.048966 0.004987 0.061797
v -0.048860 0.007412 0.062126
v -0.048637 0.009839 0.062456
v -0.048297 0.012261 0.062786
v -0.047837 0.014673 0.063114
v -0.047257 0.017068 0.063440
v -0.046557 0.019442 0.063763
v -0.045736 0.021787 0.064082
v -0.044796 0.024099 0.064397
v -0.043737 0.026369 0.064706
v -0.042563 0.028592 0.065009
v -0.041274 0.030761 0.065305
v -0.038362 0.034912 0.065871
v -0.037250 0.037425 0.065955
v -0.045922 -0.009058 0.060182
v -0.047193 -0.009223 0.059869
v -0.046515 -0.011488 0.059562
v -0.044435 -0.013414 0.059601
v -0.047766 -0.006921 0.060181
v -0.046514 -0.006819 0.060480
v -0.048231 -0.004586 0.060497
v -0.047001 -0.004545 0.060784
v -0.048586 -0.002223 0.060818
v -0.040327 -0.021511 0.058522
v -0.042563 -0.017576 0.059046
v -0.042795 -0.020082 0.058398
v -0.045177 -0.018429 0.058170
v -0.043871 -0.018012 0.058678
v -0.044851 -0.015887 0.058966
v -0.045733 -0.013711 0.059260
v -0.037316 -0.030316 0.056529
v -0.036095 -0.029467 0.057128
v -0.038847 -0.028506 0.056779
v -0.039025 -0.025918 0.057608
v -0.040294 -0.026623 0.057038
v -0.041654 -0.024670 0.057308
v -0.040369 -0.024038 0.057863
v -0.042924 -0.022651 0.057587
v -0.041627 -0.022091 0.058126
v -0.044099 -0.020569 0.057874
v -0.046154 -0.016233 0.058473
v -0.047030 -0.013989 0.058784
v -0.047800 -0.011699 0.059101
v -0.048463 -0.009370 0.059424
v -0.049017 -0.007005 0.059752
v -0.049459 -0.004610 0.060084
v -0.049788 -0.002189 0.060420
v -0.050000 0.000252 0.060759
v -0.037755 -0.025192 0.058031
v -0.034873 -0.028595 0.057578
v -0.031711 -0.031697 0.057165
v -0.031145 -0.034210 0.056487
v -0.032255 -0.035269 0.055847
v -0.029361 -0.035623 0.056296
v -0.021668 -0.040383 0.055653
v -0.025618 -0.038186 0.055950
v -0.024559 -0.040640 0.055108
v -0.030424 -0.036750 0.055643
v -0.028528 -0.038139 0.055452
v -0.026572 -0.039437 0.055273
v -0.013278 -0.043619 0.055216
v -0.017543 -0.042199 0.055408
v -0.016032 -0.044462 0.054582
v -0.004473 -0.045250 0.054995
v -0.008910 -0.044637 0.055078
v -0.006968 -0.046614 0.054285
v -0.013804 -0.045159 0.054486
v -0.011547 -0.045750 0.054404
v -0.009267 -0.046236 0.054337
v -0.022495 -0.041747 0.054956
v -0.020382 -0.042754 0.054817
v -0.018226 -0.043660 0.054692
v -0.041913 0.031277 0.065092
v -0.043246 0.029093 0.064785
v -0.044464 0.026853 0.064471
v -0.045568 0.024562 0.064151
v -0.046553 0.022228 0.063824
v -0.047419 0.019856 0.063492
v -0.048163 0.017454 0.063156
v -0.048785 0.015025 0.062817
v -0.049287 0.012577 0.062476
v -0.049668 0.010116 0.062132
v -0.049929 0.007646 0.061788
v -0.050072 0.005176 0.061444
v -0.050095 0.002709 0.061101
v 0.040006 0.040713 0.062507
v 0.039755 0.040363 0.063182
v 0.041904 0.038715 0.062104
v 0.041630 0.038364 0.062802
v 0.043699 0.036628 0.061685
v 0.043402 0.036278 0.062408
v 0.045390 0.034458 0.061253
v 0.045069 0.034110 0.062000
v 0.046973 0.032212 0.060808
v 0.046627 0.031866 0.061580
v 0.048445 0.029893 0.060352
v 0.048074 0.029552 0.061149
v 0.049802 0.027509 0.059885
v 0.049405 0.027174 0.060709
v 0.051043 0.025064 0.059410
v 0.050620 0.024736 0.060260
v 0.052163 0.022563 0.058926
v 0.051714 0.022246 0.059803
v 0.053160 0.020013 0.058437
v 0.052685 0.019707 0.059341
v 0.054032 0.017418 0.057941
v 0.053530 0.017126 0.058873
v 0.054777 0.014785 0.057442
v 0.054250 0.014508 0.058401
v 0.055395 0.012120 0.056939
v 0.054842 0.011860 0.057926
v 0.055884 0.009428 0.056435
v 0.055307 0.009187 0.057450
v 0.056245 0.006716 0.055929
v 0.055643 0.006496 0.056972
v 0.056474 0.003989 0.055424
v 0.055850 0.003793 0.056495
v 0.056573 0.001253 0.054921
v 0.055926 0.001083 0.056019
v 0.056539 -0.001485 0.054420
v 0.055871 -0.001628 0.055545
v 0.056371 -0.004221 0.053922
v 0.055685 -0.004333 0.055075
v 0.056072 -0.006947 0.053430
v 0.055368 -0.007028 0.054609
v 0.055641 -0.009658 0.052942
v 0.054921 -0.009705 0.054148
v 0.055079 -0.012347 0.052461
v 0.054347 -0.012359 0.053693
v 0.054389 -0.015010 0.051988
v 0.053644 -0.014984 0.053246
v 0.053569 -0.017639 0.051523
v 0.052816 -0.017574 0.052806
v 0.052621 -0.020229 0.051068
v 0.051862 -0.020125 0.052375
v 0.051546 -0.022773 0.050622
v 0.050784 -0.022628 0.051954
v 0.050346 -0.025266 0.050188
v 0.049583 -0.025078 0.051544
v 0.049022 -0.027700 0.049767
v 0.048262 -0.027469 0.051145
v 0.047580 -0.030071 0.049358
v 0.046826 -0.029797 0.050759
v 0.046021 -0.032373 0.048962
v 0.045276 -0.032055 0.050385
v 0.044348 -0.034600 0.048581
v 0.043615 -0.034238 0.050025
v 0.042565 -0.036747 0.048215
v 0.041847 -0.036340 0.049679
v 0.040674 -0.038808 0.047865
v 0.039975 -0.038357 0.049349
v 0.038678 -0.040775 0.047532
v 0.038002 -0.040282 0.049034
v 0.036582 -0.042644 0.047216
v 0.035932 -0.042108 0.048736
v 0.034391 -0.044410 0.046919
v 0.033772 -0.043833 0.048455
v 0.032112 -0.046068 0.046640
v 0.031525 -0.045452 0.048192
v 0.029750 -0.047614 0.046381
v 0.029198 -0.046960 0.047947
v 0.027309 -0.049043 0.046141
v 0.026797 -0.048354 0.047721
v 0.024795 -0.050351 0.045922
v 0.024325 -0.049629 0.047515
v 0.022214 -0.051533 0.045724
v 0.021788 -0.050780 0.047328
v 0.019572 -0.052584 0.045547
v 0.019193 -0.051804 0.047162
v 0.016876 -0.053501 0.045393
v 0.016547 -0.052696 0.047017
v 0.014135 -0.054282 0.045262
v 0.013857 -0.053455 0.046893
v 0.011355 -0.054924 0.045153
v 0.011131 -0.054080 0.046791
v 0.008544 -0.055428 0.045068
v 0.008375 -0.054570 0.046711
v 0.005710 -0.055789 0.045007
v 0.005597 -0.054921 0.046654
v 0.002859 -0.056008 0.044970
v 0.002803 -0.055133 0.046619
v 0.000000 -0.056081 0.044957
v 0.000000 -0.055205 0.046607
v -0.002859 -0.056008 0.044970
v -0.002802 -0.055133 0.046619
v -0.005710 -0.055789 0.045007
v -0.005597 -0.054921 0.046654
v -0.008544 -0.055428 0.045068
v -0.008375 -0.054570 0.046711
v -0.011355 -0.054924 0.045153
v -0.011131 -0.054080 0.046791
v -0.014134 -0.054282 0.045262
v -0.013857 -0.053455 0.046893
v -0.016876 -0.053501 0.045393
v -0.016547 -0.052696 0.047017
v -0.019572 -0.052584 0.045547
v -0.019193 -0.051804 0.047162
v -0.022214 -0.051534 0.045724
v -0.021788 -0.050780 0.047328
v -0.024795 -0.050352 0.045922
v -0.024325 -0.049629 0.047515
v -0.027309 -0.049044 0.046141
v -0.026797 -0.048354 0.047721
v -0.029750 -0.047614 0.046381
v -0.029198 -0.046961 0.047947
v -0.032112 -0.046069 0.046640
v -0.031525 -0.045452 0.048192
v -0.034391 -0.044410 0.046919
v -0.033772 -0.043834 0.048455
v -0.036581 -0.042644 0.047216
v -0.035932 -0.042108 0.048736
v -0.038677 -0.040775 0.047532
v -0.038002 -0.040282 0.049034
v -0.040674 -0.038808 0.047865
v -0.039975 -0.038357 0.049349
v -0.042565 -0.036747 0.048215
v -0.041847 -0.036340 0.049679
v -0.044348 -0.034600 0.048581
v -0.043615 -0.034238 0.050025
v -0.046021 -0.032373 0.048962
v -0.045276 -0.032055 0.050385
v -0.047580 -0.030071 0.049358
v -0.046826 -0.029797 0.050759
v -0.049022 -0.027700 0.049767
v -0.048262 -0.027469 0.051145
v -0.050346 -0.025266 0.050188
v -0.049583 -0.025078 0.051544
v -0.051546 -0.022773 0.050622
v -0.050784 -0.022628 0.051954
v -0.052621 -0.020229 0.051068
v -0.051862 -0.020125 0.052375
v -0.053569 -0.017639 0.051523
v -0.052816 -0.017574 0.052806
v -0.054389 -0.015010 0.051988
v -0.053644 -0.014984 0.053246
v -0.055079 -0.012347 0.052461
v -0.054347 -0.012359 0.053693
v -0.055641 -0.009658 0.052942
v -0.054921 -0.009705 0.054148
v -0.056072 -0.006947 0.053430
v -0.055368 -0.007028 0.054609
v -0.056371 -0.004221 0.053922
v -0.055685 -0.004333 0.055075
v -0.056539 -0.001486 0.054420
v -0.055871 -0.001628 0.055545
v -0.056573 0.001253 0.054921
v -0.055926 0.001083 0.056019
v -0.056474 0.003989 0.055424
v -0.055850 0.003793 0.056495
v -0.056245 0.006715 0.055929
v -0.055643 0.006496 0.056972
v -0.055885 0.009428 0.056435
v -0.055307 0.009187 0.057449
v -0.055395 0.012120 0.056939
v -0.054842 0.011860 0.057926
v -0.054777 0.014785 0.057442
v -0.054250 0.014508 0.058401
v -0.054032 0.017418 0.057941
v -0.053530 0.017126 0.058873
v -0.053160 0.020013 0.058437
v -0.052685 0.019707 0.059341
v -0.052163 0.022563 0.058926
v -0.051714 0.022246 0.059803
v -0.050620 0.024736 0.060260
v 0.057776 -0.001021 0.050868
v 0.057655 -0.003808 0.050287
v 0.057398 -0.006591 0.049710
v 0.057007 -0.009363 0.049141
v 0.056481 -0.012117 0.048579
v 0.055822 -0.014849 0.048026
v 0.055029 -0.017552 0.047483
v 0.054103 -0.020219 0.046951
v 0.053044 -0.022844 0.046431
v 0.051853 -0.025421 0.045924
v 0.050534 -0.027942 0.045431
v 0.049088 -0.030403 0.044953
v 0.047520 -0.032796 0.044491
v 0.045830 -0.035115 0.044045
v 0.044022 -0.037354 0.043617
v 0.042099 -0.039507 0.043208
v 0.040063 -0.041566 0.042818
v 0.037919 -0.043525 0.042449
v 0.035673 -0.045380 0.042100
v 0.033331 -0.047124 0.041773
v 0.030897 -0.048752 0.041469
v 0.028379 -0.050259 0.041188
v 0.025780 -0.051640 0.040930
v 0.023108 -0.052889 0.040697
v 0.020369 -0.054001 0.040490
v 0.017570 -0.054972 0.040308
v 0.014720 -0.055800 0.040153
v 0.011828 -0.056482 0.040024
v 0.008902 -0.057017 0.039923
v 0.005950 -0.057401 0.039851
v 0.002980 -0.057634 0.039807
v 0.000000 -0.057712 0.039792
v -0.002980 -0.057634 0.039807
v -0.005950 -0.057401 0.039851
v -0.008902 -0.057017 0.039923
v -0.011828 -0.056482 0.040024
v -0.014720 -0.055800 0.040153
v -0.017570 -0.054972 0.040308
v -0.020369 -0.054002 0.040490
v -0.023108 -0.052889 0.040697
v -0.025780 -0.051640 0.040930
v -0.028379 -0.050259 0.041188
v -0.030897 -0.048752 0.041469
v -0.033330 -0.047124 0.041773
v -0.035673 -0.045380 0.042100
v -0.037919 -0.043525 0.042449
v -0.040063 -0.041566 0.042818
v -0.042099 -0.039507 0.043208
v -0.044022 -0.037354 0.043617
v -0.045830 -0.035115 0.044045
v -0.047520 -0.032796 0.044491
v -0.049088 -0.030403 0.044953
v -0.050534 -0.027943 0.045431
v -0.051853 -0.025421 0.045924
v -0.053044 -0.022844 0.046431
v -0.054103 -0.020219 0.046951
v -0.055029 -0.017552 0.047483
v -0.055822 -0.014849 0.048026
v -0.056481 -0.012117 0.048579
v -0.057007 -0.009363 0.049141
v -0.057398 -0.006591 0.049710
v -0.057655 -0.003808 0.050287
v -0.057777 -0.001021 0.050868
v -0.057763 0.001764 0.051454
v 0.045812 0.034998 0.059679
v 0.045638 0.034755 0.060474
v 0.047431 0.032752 0.059182
v 0.047241 0.032507 0.060003
v 0.048939 0.030432 0.058672
v 0.048733 0.030187 0.059521
v 0.050334 0.028044 0.058152
v 0.050112 0.027800 0.059027
v 0.051612 0.025593 0.057621
v 0.051374 0.025350 0.058524
v 0.052771 0.023084 0.057082
v 0.052515 0.022843 0.058013
v 0.053807 0.020522 0.056535
v 0.053534 0.020286 0.057496
v 0.054719 0.017913 0.055983
v 0.054428 0.017681 0.056972
v 0.055504 0.015263 0.055426
v 0.055195 0.015038 0.056444
v 0.056162 0.012577 0.054867
v 0.055835 0.012360 0.055913
v 0.056691 0.009862 0.054305
v 0.056346 0.009654 0.055380
v 0.057089 0.007123 0.053742
v 0.056727 0.006925 0.054846
v 0.057356 0.004365 0.053180
v 0.056977 0.004180 0.054313
v 0.057491 0.001596 0.052619
v 0.057095 0.001425 0.053781
v 0.057491 -0.001180 0.052062
v 0.057079 -0.001335 0.053252
v 0.057356 -0.003956 0.051508
v 0.056929 -0.004094 0.052727
v 0.057086 -0.006726 0.050960
v 0.056645 -0.006846 0.052206
v 0.056683 -0.009484 0.050418
v 0.056229 -0.009583 0.051692
v 0.056147 -0.012224 0.049884
v 0.055680 -0.012301 0.051184
v 0.055477 -0.014939 0.049357
v 0.055000 -0.014994 0.050685
v 0.054676 -0.017624 0.048840
v 0.054189 -0.017654 0.050194
v 0.053742 -0.020273 0.048334
v 0.053249 -0.020277 0.049713
v 0.052676 -0.022878 0.047839
v 0.052178 -0.022856 0.049243
v 0.051481 -0.025434 0.047356
v 0.050979 -0.025384 0.048785
v 0.050159 -0.027934 0.046887
v 0.049655 -0.027855 0.048340
v 0.048712 -0.030372 0.046432
v 0.048209 -0.030263 0.047908
v 0.047144 -0.032742 0.045993
v 0.046644 -0.032602 0.047490
v 0.045457 -0.035037 0.045569
v 0.044963 -0.034867 0.047088
v 0.043653 -0.037252 0.045162
v 0.043168 -0.037051 0.046702
v 0.041737 -0.039381 0.044772
v 0.041262 -0.039149 0.046332
v 0.039709 -0.041416 0.044401
v 0.039248 -0.041153 0.045980
v 0.037576 -0.043351 0.044050
v 0.037131 -0.043059 0.045647
v 0.035343 -0.045182 0.043719
v 0.034916 -0.044860 0.045332
v 0.033016 -0.046903 0.043408
v 0.032610 -0.046552 0.045037
v 0.030600 -0.048509 0.043118
v 0.030218 -0.048131 0.044763
v 0.028101 -0.049995 0.042851
v 0.027745 -0.049591 0.044510
v 0.025524 -0.051356 0.042606
v 0.025196 -0.050928 0.044278
v 0.022875 -0.052587 0.042385
v 0.022577 -0.052136 0.044068
v 0.020160 -0.053682 0.042188
v 0.019895 -0.053211 0.043881
v 0.017388 -0.054638 0.042016
v 0.017157 -0.054149 0.043718
v 0.014567 -0.055453 0.041868
v 0.014372 -0.054948 0.043579
v 0.011704 -0.056125 0.041746
v 0.011546 -0.055606 0.043464
v 0.008808 -0.056651 0.041651
v 0.008689 -0.056122 0.043373
v 0.005887 -0.057029 0.041582
v 0.005807 -0.056492 0.043308
v 0.002948 -0.057258 0.041540
v 0.002908 -0.056716 0.043269
v 0.000000 -0.057334 0.041526
v 0.000000 -0.056792 0.043256
v -0.002948 -0.057258 0.041540
v -0.002908 -0.056716 0.043269
v -0.005887 -0.057029 0.041582
v -0.005807 -0.056492 0.043308
v -0.008808 -0.056651 0.041651
v -0.008689 -0.056122 0.043373
v -0.011704 -0.056125 0.041746
v -0.011546 -0.055606 0.043464
v -0.014567 -0.055453 0.041868
v -0.014372 -0.054948 0.043579
v -0.017388 -0.054639 0.042016
v -0.017157 -0.054149 0.043718
v -0.020160 -0.053683 0.042188
v -0.019895 -0.053211 0.043881
v -0.022875 -0.052587 0.042385
v -0.022577 -0.052136 0.044068
v -0.025524 -0.051356 0.042607
v -0.025196 -0.050928 0.044278
v -0.028101 -0.049995 0.042851
v -0.027745 -0.049591 0.044510
v -0.030600 -0.048509 0.043118
v -0.030218 -0.048131 0.044763
v -0.033016 -0.046903 0.043408
v -0.032610 -0.046552 0.045037
v -0.035343 -0.045182 0.043719
v -0.034916 -0.044860 0.045332
v -0.037576 -0.043351 0.044050
v -0.037130 -0.043059 0.045647
v -0.039709 -0.041416 0.044401
v -0.039247 -0.041153 0.045980
v -0.041736 -0.039381 0.044772
v -0.041261 -0.039149 0.046332
v -0.043653 -0.037252 0.045162
v -0.043168 -0.037051 0.046702
v -0.045457 -0.035037 0.045569
v -0.044963 -0.034867 0.047088
v -0.047144 -0.032742 0.045993
v -0.046644 -0.032602 0.047490
v -0.048712 -0.030372 0.046432
v -0.048209 -0.030263 0.047908
v -0.050159 -0.027934 0.046887
v -0.049655 -0.027855 0.048340
v -0.051481 -0.025434 0.047356
v -0.050979 -0.025384 0.048785
v -0.052676 -0.022878 0.047839
v -0.052178 -0.022856 0.049243
v -0.053742 -0.020273 0.048334
v -0.053249 -0.020277 0.049713
v -0.054676 -0.017624 0.048840
v -0.054189 -0.017654 0.050194
v -0.055477 -0.014939 0.049357
v -0.055000 -0.014994 0.050685
v -0.056147 -0.012224 0.049884
v -0.055680 -0.012302 0.051184
v -0.056683 -0.009484 0.050418
v -0.056229 -0.009584 0.051692
v -0.057086 -0.006726 0.050960
v -0.056645 -0.006846 0.052206
v -0.057356 -0.003956 0.051508
v -0.056929 -0.004094 0.052727
v -0.057491 -0.001180 0.052062
v -0.057079 -0.001335 0.053252
v -0.057491 0.001596 0.052619
v -0.057095 0.001425 0.053781
v -0.057356 0.004365 0.053180
v -0.056977 0.004180 0.054313
v -0.057089 0.007123 0.053742
v -0.056727 0.006925 0.054846
v -0.056691 0.009862 0.054305
v -0.056346 0.009654 0.055380
v -0.056162 0.012577 0.054867
v -0.055835 0.012360 0.055913
v -0.055504 0.015263 0.055426
v -0.055195 0.015038 0.056444
v -0.054719 0.017913 0.055983
v -0.054428 0.017681 0.056972
v -0.053807 0.020522 0.056535
v -0.053534 0.020286 0.057496
v -0.052771 0.023084 0.057081
v -0.052515 0.022843 0.058013
v -0.051374 0.025350 0.058524
v -0.016601 0.055459 0.063858
v -0.019201 0.054256 0.064724
v -0.021804 0.053252 0.064496
v -0.024353 0.052123 0.064241
v -0.026841 0.050870 0.063960
v -0.029263 0.049499 0.063654
v -0.031614 0.048013 0.063325
v -0.033888 0.046416 0.062975
v -0.036080 0.044714 0.062603
v -0.038185 0.042909 0.062212
v -0.040198 0.041007 0.061802
v -0.042113 0.039010 0.061375
v -0.043928 0.036925 0.060932
v -0.045638 0.034755 0.060474
v -0.047241 0.032507 0.060003
v -0.048733 0.030187 0.059521
v -0.050112 0.027799 0.059027
v 0.021804 0.053252 0.064496
v 0.024353 0.052123 0.064241
v 0.026841 0.050870 0.063960
v 0.029263 0.049499 0.063654
v 0.031614 0.048013 0.063326
v 0.033888 0.046416 0.062975
v 0.036080 0.044714 0.062603
v 0.038185 0.042909 0.062212
v 0.040330 0.041242 0.061082
v 0.040198 0.041007 0.061802
v 0.042259 0.039249 0.060631
v 0.037781 0.042269 0.063547
v 0.035713 0.044079 0.063895
v 0.033557 0.045789 0.064225
v 0.031316 0.047392 0.064536
v 0.028997 0.048886 0.064828
v 0.026606 0.050266 0.065099
v 0.024146 0.051527 0.065348
v 0.021625 0.052665 0.065574
v 0.019048 0.053677 0.065776
v 0.016420 0.054559 0.065953
v 0.013749 0.055311 0.066105
v 0.011042 0.055930 0.066230
v 0.008306 0.056415 0.066329
v 0.005549 0.056763 0.066401
v 0.002778 0.056974 0.066444
v 0.000000 0.057044 0.066459
v -0.002778 0.056974 0.066444
v -0.005549 0.056763 0.066401
v -0.008306 0.056415 0.066329
v -0.011042 0.055930 0.066230
v -0.013749 0.055311 0.066105
v -0.016420 0.054559 0.065953
v -0.019048 0.053677 0.065776
v -0.021625 0.052665 0.065574
v -0.024147 0.051527 0.065348
v -0.026606 0.050266 0.065099
v -0.028997 0.048886 0.064828
v -0.031316 0.047392 0.064536
v -0.033557 0.045788 0.064225
v -0.035713 0.044079 0.063895
v -0.037781 0.042269 0.063547
v -0.039755 0.040363 0.063182
v -0.041630 0.038364 0.062802
v -0.043402 0.036278 0.062408
v -0.045069 0.034110 0.062000
v -0.046627 0.031866 0.061580
v -0.048074 0.029552 0.061149
v -0.049406 0.027174 0.060709
v -0.004653 -0.046885 0.054247
v -0.002329 -0.047048 0.054225
v 0.000000 -0.045455 0.054967
v 0.000000 -0.047102 0.054217
v 0.004473 -0.045250 0.054995
v 0.013278 -0.043619 0.055216
v 0.008910 -0.044637 0.055078
v 0.009267 -0.046236 0.054337
v 0.002329 -0.047048 0.054225
v 0.004654 -0.046885 0.054247
v 0.006968 -0.046614 0.054285
v 0.021668 -0.040383 0.055653
v 0.017543 -0.042199 0.055408
v 0.018226 -0.043660 0.054692
v 0.029361 -0.035623 0.056296
v 0.025618 -0.038186 0.055950
v 0.026572 -0.039437 0.055273
v 0.032255 -0.035269 0.055847
v 0.031145 -0.034210 0.056487
v 0.030424 -0.036749 0.055643
v 0.028528 -0.038139 0.055452
v 0.020382 -0.042754 0.054817
v 0.022495 -0.041746 0.054956
v 0.024559 -0.040640 0.055108
v 0.011547 -0.045750 0.054404
v 0.013804 -0.045159 0.054486
v 0.016032 -0.044462 0.054582
v 0.031711 -0.031697 0.057165
v 0.028297 -0.034475 0.056795
v 0.024663 -0.036911 0.056470
v 0.020840 -0.038996 0.056192
v 0.016858 -0.040714 0.055963
v 0.012752 -0.042055 0.055785
v 0.008553 -0.043014 0.055657
v 0.004292 -0.043591 0.055580
v 0.000000 -0.043784 0.055554
v -0.004292 -0.043591 0.055580
v -0.008553 -0.043014 0.055657
v -0.012751 -0.042055 0.055785
v -0.016858 -0.040714 0.055963
v -0.020840 -0.038996 0.056192
v -0.024663 -0.036912 0.056470
v -0.028297 -0.034475 0.056795
v 0.044435 -0.013414 0.059601
v 0.037755 -0.025192 0.058031
v 0.039025 -0.025918 0.057608
v 0.034873 -0.028595 0.057578
v 0.032865 -0.032711 0.056690
v 0.034016 -0.033702 0.056063
v 0.044851 -0.015887 0.058966
v 0.045733 -0.013711 0.059260
v 0.045922 -0.009058 0.060182
v 0.038847 -0.028506 0.056779
v 0.040294 -0.026623 0.057038
v 0.041654 -0.024670 0.057308
v 0.042924 -0.022651 0.057587
v 0.044099 -0.020569 0.057874
v 0.047382 -0.002240 0.061091
v 0.047001 -0.004545 0.060784
v 0.046513 -0.006819 0.060480
v 0.045382 -0.021028 0.057207
v 0.044200 -0.023180 0.056902
v 0.042919 -0.025271 0.056607
v 0.041543 -0.027295 0.056320
v 0.040074 -0.029250 0.056044
v 0.038518 -0.031131 0.055779
v 0.036875 -0.032934 0.055525
v 0.035150 -0.034655 0.055282
v 0.033347 -0.036290 0.055052
v 0.031470 -0.037836 0.054834
v 0.029523 -0.039289 0.054630
v 0.027511 -0.040647 0.054439
v 0.025438 -0.041907 0.054262
v 0.023309 -0.043067 0.054098
v 0.021128 -0.044125 0.053950
v 0.018900 -0.045077 0.053816
v 0.016629 -0.045920 0.053697
v 0.014322 -0.046653 0.053594
v 0.011984 -0.047276 0.053506
v 0.009619 -0.047787 0.053434
v 0.007233 -0.048186 0.053378
v 0.004832 -0.048472 0.053337
v 0.002419 -0.048644 0.053313
v 0.000000 -0.048702 0.053305
v -0.002419 -0.048644 0.053313
v -0.004831 -0.048472 0.053337
v -0.007233 -0.048186 0.053378
v -0.009619 -0.047787 0.053434
v -0.011984 -0.047276 0.053506
v -0.014322 -0.046653 0.053594
v -0.016629 -0.045920 0.053697
v -0.018900 -0.045077 0.053816
v -0.021128 -0.044125 0.053950
v -0.023309 -0.043067 0.054098
v -0.025438 -0.041907 0.054262
v -0.027511 -0.040647 0.054439
v -0.029523 -0.039289 0.054630
v -0.031470 -0.037836 0.054834
v -0.033347 -0.036290 0.055052
v -0.035150 -0.034655 0.055282
v -0.036875 -0.032934 0.055525
v -0.038518 -0.031131 0.055779
v -0.040074 -0.029250 0.056044
v -0.041543 -0.027295 0.056320
v -0.042919 -0.025271 0.056607
v -0.044200 -0.023180 0.056902
v -0.045382 -0.021028 0.057207
v -0.046462 -0.018818 0.057520
v -0.047436 -0.016554 0.057841
v -0.048304 -0.014242 0.058170
v -0.049063 -0.011888 0.058505
v -0.049711 -0.009495 0.058845
v -0.050246 -0.007069 0.059191
v -0.050666 -0.004615 0.059541
v -0.050969 -0.002138 0.059895
v -0.051152 0.000357 0.060252
v -0.051215 0.002864 0.060611
v -0.051158 0.005379 0.060971
v -0.050980 0.007894 0.061333
v -0.050680 0.010404 0.061693
v -0.050259 0.012904 0.062053
v -0.049716 0.015387 0.062411
v -0.049051 0.017847 0.062766
v -0.048264 0.020278 0.063117
v -0.047354 0.022675 0.063464
v -0.046325 0.025031 0.063805
v -0.045178 0.027341 0.064140
v -0.043915 0.029598 0.064468
v -0.042538 0.031796 0.064787
v -0.041050 0.033928 0.065097
v -0.039453 0.035988 0.065398
v -0.037749 0.037969 0.065687
v -0.038227 0.038506 0.065334
v -0.039971 0.036518 0.065031
v -0.041609 0.034450 0.064716
v -0.043139 0.032308 0.064391
v -0.044558 0.030098 0.064056
v -0.045863 0.027826 0.063712
v -0.047053 0.025498 0.063360
v -0.048125 0.023121 0.063002
v -0.049077 0.020700 0.062638
v -0.049906 0.018242 0.062268
v -0.050612 0.015752 0.061895
v -0.051195 0.013236 0.061519
v -0.051655 0.010700 0.061140
v -0.051991 0.008150 0.060760
v -0.052205 0.005593 0.060379
v -0.052295 0.003033 0.059999
v -0.052263 0.000478 0.059620
v -0.052108 -0.002068 0.059244
v -0.051831 -0.004599 0.058870
v -0.051432 -0.007110 0.058500
v -0.050916 -0.009595 0.058134
v -0.050284 -0.012048 0.057774
v -0.049536 -0.014466 0.057419
v -0.048675 -0.016842 0.057071
v -0.047704 -0.019172 0.056731
v -0.046623 -0.021450 0.056399
v -0.045435 -0.023671 0.056075
v -0.044143 -0.025830 0.055761
v -0.042752 -0.027923 0.055457
v -0.041263 -0.029947 0.055163
v -0.039681 -0.031896 0.054881
v -0.038009 -0.033767 0.054610
v -0.036250 -0.035556 0.054351
v -0.034407 -0.037256 0.054106
v -0.032485 -0.038865 0.053874
v -0.030488 -0.040379 0.053655
v -0.028422 -0.041796 0.053451
v -0.026291 -0.043112 0.053261
v -0.024099 -0.044324 0.053087
v -0.021852 -0.045430 0.052927
v -0.019554 -0.046427 0.052784
v -0.017209 -0.047311 0.052656
v -0.014825 -0.048079 0.052545
v -0.012407 -0.048732 0.052451
v -0.009961 -0.049269 0.052373
v -0.007491 -0.049688 0.052312
v -0.005004 -0.049988 0.052269
v -0.002505 -0.050169 0.052242
v 0.000000 -0.050230 0.052234
v 0.002505 -0.050169 0.052242
v 0.005004 -0.049988 0.052269
v 0.007491 -0.049688 0.052312
v 0.009961 -0.049269 0.052373
v 0.012407 -0.048732 0.052451
v 0.014825 -0.048079 0.052545
v 0.017209 -0.047310 0.052656
v 0.019554 -0.046427 0.052784
v 0.021852 -0.045430 0.052927
v 0.024099 -0.044324 0.053087
v 0.026291 -0.043112 0.053261
v 0.028422 -0.041796 0.053451
v 0.030488 -0.040379 0.053655
v 0.032485 -0.038865 0.053874
v 0.034407 -0.037256 0.054106
v 0.036250 -0.035556 0.054351
v 0.038009 -0.033767 0.054610
v 0.039681 -0.031896 0.054881
v 0.041263 -0.029947 0.055164
v 0.042752 -0.027923 0.055457
v 0.044143 -0.025830 0.055761
v 0.045435 -0.023671 0.056075
v 0.046623 -0.021450 0.056399
v -0.038675 0.039023 0.064901
v -0.040457 0.037031 0.064581
v -0.042134 0.034956 0.064249
v -0.043703 0.032805 0.063906
v -0.045161 0.030583 0.063553
v -0.046507 0.028298 0.063190
v -0.047737 0.025954 0.062820
v -0.048850 0.023558 0.062441
v -0.049842 0.021115 0.062057
v -0.050711 0.018632 0.061668
v -0.051457 0.016114 0.061273
v -0.052078 0.013568 0.060876
v -0.052574 0.010998 0.060476
v -0.052946 0.008412 0.060075
v -0.053194 0.005815 0.059673
v -0.053316 0.003213 0.059271
v -0.053314 0.000612 0.058870
v -0.053186 -0.001981 0.058472
v -0.052933 -0.004563 0.058076
v -0.052557 -0.007127 0.057684
v -0.052058 -0.009667 0.057297
v -0.051440 -0.012178 0.056915
v -0.050704 -0.014655 0.056539
v -0.049851 -0.017092 0.056170
v -0.048884 -0.019485 0.055809
v -0.047802 -0.021827 0.055456
v -0.046609 -0.024112 0.055113
v -0.045308 -0.026337 0.054779
v -0.043902 -0.028497 0.054455
v -0.042395 -0.030586 0.054143
v -0.040790 -0.032601 0.053843
v -0.039089 -0.034536 0.053554
v -0.037297 -0.036388 0.053279
v -0.035416 -0.038152 0.053017
v -0.033452 -0.039821 0.052769
v -0.031409 -0.041394 0.052536
v -0.029292 -0.042866 0.052318
v -0.027105 -0.044235 0.052115
v -0.024854 -0.045498 0.051928
v -0.022543 -0.046651 0.051758
v -0.020178 -0.047690 0.051604
v -0.017763 -0.048612 0.051467
v -0.015306 -0.049415 0.051348
v -0.012812 -0.050097 0.051247
v -0.010287 -0.050658 0.051163
v -0.007738 -0.051097 0.051098
v -0.005170 -0.051411 0.051051
v -0.002588 -0.051601 0.051023
v 0.000000 -0.051664 0.051013
v 0.002588 -0.051601 0.051023
v 0.005170 -0.051411 0.051051
v 0.007738 -0.051096 0.051098
v 0.010287 -0.050658 0.051163
v 0.012812 -0.050097 0.051247
v 0.015306 -0.049415 0.051348
v 0.017763 -0.048612 0.051467
v 0.020178 -0.047690 0.051604
v 0.022543 -0.046651 0.051758
v 0.024854 -0.045498 0.051928
v 0.027105 -0.044235 0.052115
v 0.029292 -0.042866 0.052318
v 0.031409 -0.041393 0.052536
v 0.033452 -0.039821 0.052769
v 0.035417 -0.038152 0.053017
v 0.037297 -0.036388 0.053279
v 0.039089 -0.034536 0.053554
v 0.040790 -0.032601 0.053843
v 0.042395 -0.030586 0.054143
v 0.043902 -0.028496 0.054455
v 0.045308 -0.026337 0.054779
v 0.046609 -0.024112 0.055113
v 0.048163 0.017454 0.063156
v 0.047257 0.017068 0.063440
v 0.048785 0.015025 0.062817
v 0.047837 0.014673 0.063114
v 0.049287 0.012577 0.062476
v 0.048297 0.012261 0.062786
v 0.049668 0.010116 0.062132
v 0.048637 0.009839 0.062456
v 0.049929 0.007647 0.061788
v 0.048860 0.007412 0.062126
v 0.050071 0.005176 0.061444
v 0.048966 0.004987 0.061797
v 0.050095 0.002709 0.061101
v 0.048954 0.002569 0.061469
v 0.050000 0.000252 0.060759
v 0.048827 0.000164 0.061142
v 0.049788 -0.002189 0.060420
v 0.048586 -0.002223 0.060818
v 0.049459 -0.004610 0.060084
v 0.048231 -0.004586 0.060498
v 0.049017 -0.007005 0.059752
v 0.047766 -0.006921 0.060181
v 0.048463 -0.009370 0.059424
v 0.047193 -0.009223 0.059869
v 0.047800 -0.011699 0.059101
v 0.046515 -0.011488 0.059562
v 0.047030 -0.013989 0.058784
v 0.049906 0.018242 0.062268
v 0.049051 0.017847 0.062766
v 0.050612 0.015752 0.061895
v 0.049716 0.015387 0.062411
v 0.051195 0.013236 0.061519
v 0.050259 0.012904 0.062053
v 0.051655 0.010700 0.061140
v 0.050680 0.010404 0.061693
v 0.051991 0.008150 0.060760
v 0.050979 0.007894 0.061333
v 0.052205 0.005593 0.060379
v 0.051158 0.005379 0.060971
v 0.052295 0.003033 0.059999
v 0.051215 0.002864 0.060611
v 0.052263 0.000478 0.059620
v 0.051152 0.000357 0.060252
v 0.052108 -0.002068 0.059244
v 0.050968 -0.002138 0.059895
v 0.051831 -0.004599 0.058870
v 0.050666 -0.004615 0.059541
v 0.051432 -0.007110 0.058500
v 0.050246 -0.007069 0.059191
v 0.050916 -0.009595 0.058134
v 0.049711 -0.009495 0.058845
v 0.050283 -0.012048 0.057774
v 0.049063 -0.011887 0.058505
v 0.049536 -0.014466 0.057419
v 0.048304 -0.014242 0.058170
v 0.048675 -0.016842 0.057071
v 0.047436 -0.016554 0.057841
v 0.047704 -0.019172 0.056731
v 0.026242 0.049439 0.066093
v 0.025771 0.048444 0.066861
v 0.028587 0.048052 0.065853
v 0.028058 0.047050 0.066645
v 0.030858 0.046551 0.065594
v 0.030268 0.045544 0.066413
v 0.033048 0.044942 0.065317
v 0.032395 0.043931 0.066165
v 0.035153 0.043229 0.065024
v 0.034434 0.042217 0.065902
v 0.037167 0.041417 0.064715
v 0.036380 0.040407 0.065625
v 0.038675 0.039023 0.064901
v 0.038227 0.038506 0.065334
v 0.040457 0.037031 0.064581
v 0.039971 0.036519 0.065031
v 0.042134 0.034956 0.064249
v 0.041609 0.034450 0.064716
v 0.043703 0.032805 0.063906
v 0.043139 0.032308 0.064391
v 0.045161 0.030583 0.063553
v 0.044558 0.030098 0.064056
v 0.046507 0.028298 0.063191
v 0.045863 0.027826 0.063712
v 0.047737 0.025954 0.062820
v 0.047053 0.025498 0.063360
v 0.048850 0.023558 0.062441
v 0.049842 0.021115 0.062057
v 0.050711 0.018632 0.061668
v 0.051457 0.016115 0.061274
v 0.052078 0.013568 0.060876
v 0.052574 0.010998 0.060476
v 0.052946 0.008412 0.060075
v 0.053194 0.005815 0.059673
v 0.053316 0.003213 0.059271
v 0.053314 0.000613 0.058870
v 0.053186 -0.001981 0.058472
v 0.052933 -0.004563 0.058076
v 0.052557 -0.007127 0.057684
v 0.052058 -0.009667 0.057297
v 0.051440 -0.012178 0.056915
v 0.050704 -0.014655 0.056539
v 0.049851 -0.017092 0.056170
v 0.048883 -0.019485 0.055809
v 0.047802 -0.021827 0.055456
v -0.036380 0.040407 0.065625
v -0.035482 0.039318 0.066222
v -0.034434 0.042217 0.065902
v -0.033614 0.041123 0.066476
v -0.032395 0.043931 0.066165
v -0.031649 0.042836 0.066717
v -0.030268 0.045544 0.066413
v -0.029594 0.044450 0.066945
v -0.028058 0.047050 0.066645
v -0.027454 0.045959 0.067158
v -0.025771 0.048444 0.066860
v -0.025233 0.047358 0.067355
v -0.023412 0.049721 0.067058
v -0.022938 0.048642 0.067537
v -0.020986 0.050876 0.067237
v -0.020572 0.049804 0.067701
v -0.018499 0.051904 0.067397
v -0.018143 0.050841 0.067848
v -0.015957 0.052803 0.067537
v -0.015657 0.051748 0.067976
v -0.013369 0.053570 0.067657
v -0.013123 0.052522 0.068086
v -0.010742 0.054202 0.067756
v -0.010547 0.053162 0.068177
v -0.008084 0.054699 0.067833
v -0.007940 0.053664 0.068249
v -0.005402 0.055056 0.067889
v -0.005307 0.054026 0.068300
v -0.002705 0.055272 0.067923
v -0.002658 0.054245 0.068331
v 0.000000 0.055344 0.067935
v 0.000000 0.054318 0.068342
v 0.002705 0.055272 0.067923
v 0.002658 0.054245 0.068331
v 0.005402 0.055056 0.067889
v 0.005307 0.054026 0.068300
v 0.008084 0.054699 0.067833
v 0.007940 0.053664 0.068249
v 0.010742 0.054203 0.067756
v 0.010547 0.053162 0.068177
v 0.013369 0.053570 0.067657
v 0.013123 0.052522 0.068086
v 0.015957 0.052803 0.067537
v 0.015657 0.051748 0.067976
v 0.018499 0.051904 0.067397
v 0.018143 0.050841 0.067848
v 0.020986 0.050876 0.067237
v 0.020572 0.049805 0.067701
v 0.023412 0.049721 0.067058
v 0.022938 0.048642 0.067537
v 0.025233 0.047358 0.067355
v 0.027454 0.045959 0.067158
v 0.029594 0.044450 0.066945
v 0.031649 0.042836 0.066717
v 0.033614 0.041124 0.066476
v 0.035482 0.039318 0.066222
v 0.037250 0.037425 0.065955
v 0.038913 0.035449 0.065677
v 0.040468 0.033398 0.065389
v 0.041913 0.031277 0.065092
v 0.043246 0.029093 0.064785
v 0.044464 0.026853 0.064471
v 0.045568 0.024562 0.064151
v 0.039084 0.039511 0.064391
v 0.040901 0.037515 0.064053
v 0.042613 0.035435 0.063702
v 0.044219 0.033276 0.063340
v 0.045714 0.031046 0.062966
v 0.047097 0.028748 0.062582
v 0.048365 0.026390 0.062190
v 0.049515 0.023977 0.061790
v 0.050545 0.021516 0.061384
v 0.051451 0.019011 0.060972
v 0.052233 0.016468 0.060555
v 0.052890 0.013894 0.060134
v 0.053421 0.011295 0.059711
v 0.053827 0.008675 0.059286
v 0.054106 0.006043 0.058860
v 0.054259 0.003402 0.058435
v 0.054285 0.000760 0.058010
v 0.054183 -0.001878 0.057588
v 0.053954 -0.004506 0.057169
v 0.053598 -0.007119 0.056754
v 0.053118 -0.009710 0.056344
v 0.052515 -0.012274 0.055939
v 0.051790 -0.014806 0.055540
v 0.050945 -0.017300 0.055149
v 0.049981 -0.019751 0.054765
v 0.048900 -0.022152 0.054391
v 0.047702 -0.024498 0.054026
v 0.046393 -0.026784 0.053672
v 0.044975 -0.029005 0.053328
v 0.043451 -0.031155 0.052996
v 0.041824 -0.033231 0.052676
v 0.040099 -0.035228 0.052369
v 0.038276 -0.037140 0.052076
v 0.036361 -0.038962 0.051797
v 0.034357 -0.040688 0.051533
v 0.032271 -0.042316 0.051285
v 0.030106 -0.043841 0.051052
v 0.027868 -0.045261 0.050836
v 0.025562 -0.046571 0.050636
v 0.023192 -0.047767 0.050454
v 0.020764 -0.048847 0.050289
v 0.018283 -0.049806 0.050143
v 0.015757 -0.050641 0.050015
v 0.013192 -0.051351 0.049907
v 0.010594 -0.051935 0.049818
v 0.007969 -0.052392 0.049747
v 0.005325 -0.052719 0.049697
v 0.002666 -0.052917 0.049667
v 0.000000 -0.052983 0.049657
v -0.002666 -0.052917 0.049667
v -0.005325 -0.052719 0.049697
v -0.007969 -0.052392 0.049747
v -0.010594 -0.051935 0.049818
v -0.013192 -0.051351 0.049907
v -0.015757 -0.050641 0.050015
v -0.018283 -0.049806 0.050143
v -0.020764 -0.048847 0.050289
v -0.023192 -0.047767 0.050454
v -0.025562 -0.046571 0.050636
v -0.027868 -0.045261 0.050836
v -0.030106 -0.043842 0.051052
v -0.032271 -0.042316 0.051285
v -0.034357 -0.040688 0.051533
v -0.036361 -0.038962 0.051797
v -0.038276 -0.037140 0.052076
v -0.040098 -0.035228 0.052369
v -0.041824 -0.033232 0.052676
v -0.043451 -0.031155 0.052996
v -0.044975 -0.029005 0.053328
v -0.046393 -0.026784 0.053671
v -0.047702 -0.024498 0.054026
v -0.048899 -0.022152 0.054391
v -0.049981 -0.019751 0.054765
v -0.050945 -0.017300 0.055149
v -0.051790 -0.014806 0.055540
v -0.052515 -0.012274 0.055939
v -0.053118 -0.009710 0.056344
v -0.053598 -0.007119 0.056754
v -0.053954 -0.004506 0.057169
v -0.054183 -0.001878 0.057588
v -0.054285 0.000760 0.058010
v -0.054259 0.003402 0.058435
v -0.054107 0.006042 0.058860
v -0.053827 0.008675 0.059286
v -0.053421 0.011294 0.059711
v -0.052890 0.013894 0.060134
v -0.052233 0.016468 0.060555
v -0.051451 0.019011 0.060971
v -0.050545 0.021516 0.061384
v -0.049515 0.023977 0.061790
v -0.048365 0.026390 0.062190
v -0.047097 0.028748 0.062582
v -0.045714 0.031046 0.062966
v -0.044219 0.033276 0.063340
v -0.042613 0.035435 0.063702
v -0.040901 0.037515 0.064053
v -0.039084 0.039511 0.064391
v 0.039446 0.039960 0.063815
v 0.041294 0.037962 0.063456
v 0.043038 0.035878 0.063085
v 0.044677 0.033714 0.062700
v 0.046206 0.031476 0.062304
v 0.047622 0.029169 0.061898
v 0.048924 0.026799 0.061482
v 0.050108 0.024372 0.061059
v 0.051172 0.021895 0.060628
v 0.052113 0.019371 0.060191
v 0.052928 0.016807 0.059750
v 0.053618 0.014209 0.059304
v 0.054181 0.011583 0.058856
v 0.054618 0.008935 0.058406
v 0.054927 0.006271 0.057955
v 0.055108 0.003596 0.057504
v 0.055161 0.000918 0.057055
v 0.055083 -0.001759 0.056607
v 0.054876 -0.004429 0.056163
v 0.054540 -0.007085 0.055723
v 0.054077 -0.009722 0.055288
v 0.053488 -0.012334 0.054859
v 0.052774 -0.014916 0.054436
v 0.051938 -0.017461 0.054021
v 0.050979 -0.019965 0.053615
v 0.049898 -0.022420 0.053218
v 0.048698 -0.024821 0.052830
v 0.047383 -0.027163 0.052454
v 0.045954 -0.029440 0.052089
v 0.044416 -0.031647 0.051737
v 0.042771 -0.033780 0.051397
v 0.041022 -0.035832 0.051071
v 0.039173 -0.037799 0.050760
v 0.037227 -0.039675 0.050463
v 0.035188 -0.041454 0.050182
v 0.033062 -0.043133 0.049918
v 0.030854 -0.044707 0.049670
v 0.028569 -0.046173 0.049440
v 0.026212 -0.047527 0.049227
v 0.023788 -0.048764 0.049033
v 0.021303 -0.049881 0.048858
v 0.018762 -0.050874 0.048701
v 0.016172 -0.051739 0.048565
v 0.013542 -0.052475 0.048449
v 0.010876 -0.053080 0.048354
v 0.008183 -0.053554 0.048279
v 0.005468 -0.053894 0.048224
v 0.002738 -0.054100 0.048192
v 0.000000 -0.054168 0.048181
v -0.002738 -0.054100 0.048192
v -0.005468 -0.053894 0.048224
v -0.008183 -0.053554 0.048279
v -0.010876 -0.053080 0.048354
v -0.013542 -0.052475 0.048449
v -0.016172 -0.051739 0.048565
v -0.018762 -0.050874 0.048701
v -0.021303 -0.049881 0.048857
v -0.023788 -0.048764 0.049033
v -0.026212 -0.047527 0.049227
v -0.028569 -0.046173 0.049440
v -0.030854 -0.044707 0.049670
v -0.033062 -0.043133 0.049918
v -0.035188 -0.041454 0.050182
v -0.037227 -0.039675 0.050463
v -0.039173 -0.037799 0.050760
v -0.041022 -0.035832 0.051071
v -0.042771 -0.033780 0.051397
v -0.044416 -0.031648 0.051737
v -0.045954 -0.029440 0.052089
v -0.047383 -0.027163 0.052454
v -0.048698 -0.024821 0.052830
v -0.049898 -0.022420 0.053217
v -0.050979 -0.019965 0.053615
v -0.051938 -0.017461 0.054021
v -0.052775 -0.014916 0.054436
v -0.053488 -0.012334 0.054859
v -0.054077 -0.009723 0.055288
v -0.054540 -0.007085 0.055723
v -0.054876 -0.004429 0.056163
v -0.055083 -0.001759 0.056607
v -0.055161 0.000918 0.057055
v -0.055108 0.003596 0.057504
v -0.054927 0.006271 0.057955
v -0.054618 0.008935 0.058406
v -0.054181 0.011583 0.058856
v -0.053618 0.014209 0.059304
v -0.052928 0.016807 0.059750
v -0.052113 0.019371 0.060191
v -0.051172 0.021895 0.060628
v -0.050108 0.024372 0.061059
v -0.048924 0.026799 0.061482
v -0.047622 0.029169 0.061898
v -0.046206 0.031476 0.062304
v -0.044677 0.033714 0.062700
v -0.043038 0.035878 0.063084
v -0.041294 0.037962 0.063456
v -0.039446 0.039960 0.063815
v -0.037167 0.041417 0.064715
v -0.035153 0.043229 0.065024
v -0.033048 0.044942 0.065317
v -0.030858 0.046551 0.065594
v -0.028587 0.048052 0.065853
v -0.026242 0.049439 0.066093
v -0.023826 0.050709 0.066313
v -0.021347 0.051855 0.066513
v -0.018809 0.052875 0.066692
v -0.016219 0.053766 0.066848
v -0.013584 0.054525 0.066982
v -0.010912 0.055151 0.067093
v -0.008210 0.055641 0.067180
v -0.005485 0.055994 0.067243
v -0.002746 0.056207 0.067281
v 0.000000 0.056278 0.067294
v 0.002746 0.056207 0.067281
v 0.005485 0.055994 0.067243
v 0.008210 0.055641 0.067180
v 0.010912 0.055151 0.067093
v 0.013584 0.054525 0.066982
v 0.016219 0.053766 0.066848
v 0.018809 0.052875 0.066692
v 0.021347 0.051855 0.066513
v 0.023826 0.050709 0.066313
v 0.000000 -0.058005 0.011067
v 0.000000 -0.058010 0.011031
v 0.004708 -0.057822 0.011107
v 0.000000 -0.058086 0.010882
v 0.000000 -0.058149 0.010826
v 0.004724 -0.057929 0.010936
v 0.000000 -0.058163 0.010817
v 0.000000 -0.058203 0.010795
v 0.003294 -0.058110 0.010837
v 0.033695 0.047782 0.059838
v 0.030925 0.049626 0.060690
v 0.030883 0.049567 0.060672
v 0.030779 0.049384 0.060709
v 0.030779 0.049383 0.060709
v 0.033954 0.047251 0.059719
v 0.030751 0.049314 0.060759
v 0.030750 0.049313 0.060760
v 0.033921 0.047183 0.059770
v 0.030735 0.049256 0.060824
v 0.030734 0.049254 0.060827
v 0.033901 0.047127 0.059837
v 0.030731 0.049236 0.060851
v 0.030731 0.049230 0.060863
v 0.033896 0.047105 0.059874
v 0.000000 -0.058005 0.011067
v 0.004706 -0.057812 0.011156
v 0.009381 -0.057236 0.011423
v 0.013993 -0.056283 0.011863
v 0.018514 -0.054962 0.012478
v 0.022914 -0.053285 0.013262
v 0.027159 -0.051244 0.014207
v 0.031230 -0.048877 0.015311
v 0.035093 -0.046183 0.016564
v 0.038725 -0.043183 0.017959
v 0.042101 -0.039899 0.019486
v 0.045199 -0.036352 0.021136
v 0.048000 -0.032565 0.022898
v 0.050483 -0.028564 0.024759
v 0.052634 -0.024374 0.026708
v 0.054439 -0.020024 0.028731
v 0.055884 -0.015541 0.030816
v 0.056960 -0.010956 0.032949
v 0.057662 -0.006300 0.035115
v 0.057974 -0.001600 0.037299
v 0.057915 0.003108 0.039490
v 0.057479 0.007795 0.041673
v 0.056658 0.012432 0.043830
v 0.055463 0.016987 0.045949
v 0.053902 0.021430 0.048016
v 0.051987 0.025731 0.050018
v 0.049729 0.029863 0.051941
v 0.047143 0.033798 0.053771
v 0.044247 0.037510 0.055499
v 0.037601 0.044169 0.058598
v 0.041059 0.040974 0.057112
v 0.033895 0.047074 0.059950
v 0.030743 0.049186 0.060970
v 0.030737 0.049195 0.060938
v 0.030734 0.049199 0.060927
v 0.030733 0.049213 0.060897
v 0.033894 0.047087 0.059912
v 0.030817 0.049459 0.060679
v 0.030796 0.049421 0.060689
v 0.033974 0.047288 0.059701
v 0.034018 0.047362 0.059682
v 0.030838 0.049496 0.060670
v 0.030838 0.049496 0.060670
v 0.030838 0.049496 0.060670
v 0.034099 0.047479 0.059697
v 0.034064 0.047431 0.059684
v 0.030882 0.049566 0.060672
v 0.037788 0.044511 0.058333
v 0.037820 0.044552 0.058342
v 0.036356 0.045784 0.058913
v 0.041312 0.041349 0.056861
v 0.041258 0.041406 0.056887
v 0.041263 0.041300 0.056846
v 0.038778 0.043745 0.057969
v 0.044466 0.037817 0.055235
v 0.044499 0.037850 0.055241
v 0.043632 0.038886 0.055721
v 0.047376 0.034086 0.053508
v 0.047417 0.034119 0.053515
v 0.045898 0.036174 0.054466
v 0.050018 0.030162 0.051684
v 0.049665 0.030773 0.051967
v 0.049973 0.030131 0.051677
v 0.047904 0.033461 0.053210
v 0.051375 0.027810 0.050596
v 0.052242 0.025978 0.049756
v 0.052280 0.026003 0.049759
v 0.052908 0.024751 0.049180
v 0.054166 0.021655 0.047755
v 0.054191 0.021781 0.047805
v 0.055734 0.017190 0.045689
v 0.055362 0.018577 0.046323
v 0.054226 0.021684 0.047761
v 0.056934 0.012613 0.043570
v 0.056354 0.015275 0.044795
v 0.055773 0.017209 0.045690
v 0.057811 0.007967 0.041414
v 0.057760 0.008422 0.041624
v 0.057758 0.007953 0.041414
v 0.057175 0.011798 0.043186
v 0.056979 0.012629 0.043571
v 0.058148 0.004989 0.040035
v 0.058203 0.003241 0.039233
v 0.058240 0.003251 0.039231
v 0.058335 0.001456 0.038401
v 0.058263 -0.001491 0.037044
v 0.058315 -0.001484 0.037040
v 0.057940 -0.006212 0.034859
v 0.058084 -0.005413 0.035222
v 0.058311 -0.001977 0.036812
v 0.057234 -0.010891 0.032693
v 0.057647 -0.008883 0.033616
v 0.057984 -0.006208 0.034855
v 0.056188 -0.015588 0.030514
v 0.056209 -0.015504 0.030553
v 0.056152 -0.015498 0.030561
v 0.057017 -0.012257 0.032055
v 0.057272 -0.010890 0.032688
v 0.055166 -0.018866 0.028997
v 0.054699 -0.020002 0.028477
v 0.054735 -0.020006 0.028470
v 0.053956 -0.022067 0.027516
v 0.052886 -0.024374 0.026454
v 0.052923 -0.024381 0.026445
v 0.052563 -0.025187 0.026072
v 0.050724 -0.028583 0.024506
v 0.051010 -0.028185 0.024685
v 0.048228 -0.032604 0.022645
v 0.049281 -0.031097 0.023338
v 0.050766 -0.028596 0.024495
v 0.045357 -0.036561 0.020809
v 0.045457 -0.036430 0.020869
v 0.045414 -0.036408 0.020884
v 0.047380 -0.033909 0.022036
v 0.048256 -0.032613 0.022636
v 0.043193 -0.039085 0.019641
v 0.042300 -0.039972 0.019235
v 0.042326 -0.039986 0.019224
v 0.040857 -0.041512 0.018518
v 0.038908 -0.043272 0.017708
v 0.038936 -0.043292 0.017695
v 0.035259 -0.046285 0.016314
v 0.035926 -0.045832 0.016519
v 0.038434 -0.043757 0.017479
v 0.031378 -0.048993 0.015061
v 0.033235 -0.047813 0.015602
v 0.035283 -0.046305 0.016300
v 0.027312 -0.051404 0.013941
v 0.027730 -0.051193 0.014038
v 0.027290 -0.051377 0.013957
v 0.030504 -0.049595 0.014778
v 0.031397 -0.049012 0.015048
v 0.024769 -0.052685 0.013348
v 0.023022 -0.053421 0.013011
v 0.023035 -0.053441 0.012998
v 0.021842 -0.053961 0.012758
v 0.018603 -0.055112 0.012228
v 0.018854 -0.055073 0.012243
v 0.014060 -0.056439 0.011615
v 0.015706 -0.056049 0.011791
v 0.018619 -0.055146 0.012209
v 0.009434 -0.057433 0.011151
v 0.009539 -0.057418 0.011158
v 0.009425 -0.057394 0.011173
v 0.012717 -0.056801 0.011443
v 0.014068 -0.056461 0.011601
v 0.006371 -0.057854 0.010956
v 0.004728 -0.057968 0.010907
v 0.004731 -0.057991 0.010893
v 0.000000 -0.058161 0.010819
v 0.049851 0.030034 0.051706
v 0.049800 0.029982 0.051747
v 0.052117 0.025892 0.049786
v 0.052063 0.025845 0.049828
v 0.054038 0.021578 0.047788
v 0.053983 0.021536 0.047829
v 0.055604 0.017124 0.045724
v 0.055548 0.017086 0.045765
v 0.056803 0.012557 0.043608
v 0.056747 0.012524 0.043649
v 0.057628 0.007907 0.041454
v 0.057571 0.007879 0.041495
v 0.058073 0.003205 0.039276
v 0.058016 0.003182 0.039317
v 0.058135 -0.001517 0.037088
v 0.058079 -0.001536 0.037129
v 0.057814 -0.006229 0.034905
v 0.057759 -0.006243 0.034946
v 0.057112 -0.010899 0.032741
v 0.057058 -0.010909 0.032783
v 0.056033 -0.015497 0.030611
v 0.055981 -0.015503 0.030653
v 0.054585 -0.019993 0.028529
v 0.054534 -0.019994 0.028570
v 0.052776 -0.024356 0.026508
v 0.052728 -0.024353 0.026549
v 0.050620 -0.028558 0.024561
v 0.050574 -0.028552 0.024602
v 0.048130 -0.032571 0.022702
v 0.048087 -0.032562 0.022743
v 0.045322 -0.036369 0.020942
v 0.045282 -0.036356 0.020984
v 0.042216 -0.039927 0.019295
v 0.042178 -0.039911 0.019336
v 0.038831 -0.043221 0.017769
v 0.038796 -0.043202 0.017810
v 0.035190 -0.046229 0.016375
v 0.035159 -0.046208 0.016417
v 0.031316 -0.048932 0.015123
v 0.031289 -0.048909 0.015165
v 0.027237 -0.051312 0.014021
v 0.027213 -0.051287 0.014062
v 0.022978 -0.053353 0.013076
v 0.022957 -0.053326 0.013117
v 0.018566 -0.055041 0.012293
v 0.018550 -0.055013 0.012335
v 0.014033 -0.056366 0.011680
v 0.014021 -0.056337 0.011721
v 0.009407 -0.057319 0.011238
v 0.009399 -0.057289 0.011280
v 0.004719 -0.057893 0.010973
v 0.004715 -0.057863 0.011014
v 0.000000 -0.058086 0.010883
v 0.000000 -0.058040 0.010950
v 0.047209 0.033923 0.053575
v 0.047258 0.033979 0.053534
v 0.044329 0.037670 0.055276
v 0.049911 0.030085 0.051683
v 0.052178 0.025937 0.049762
v 0.054101 0.021619 0.047763
v 0.055667 0.017159 0.045699
v 0.056867 0.012587 0.043581
v 0.057692 0.007932 0.041427
v 0.058137 0.003225 0.039248
v 0.058198 -0.001502 0.037059
v 0.057876 -0.006218 0.034876
v 0.057172 -0.010893 0.032711
v 0.056091 -0.015496 0.030581
v 0.054641 -0.019995 0.028497
v 0.052830 -0.024363 0.026476
v 0.050671 -0.028568 0.024529
v 0.048178 -0.032585 0.022669
v 0.045367 -0.036387 0.020909
v 0.042257 -0.039948 0.019261
v 0.038868 -0.043244 0.017734
v 0.035224 -0.046255 0.016341
v 0.031347 -0.048960 0.015088
v 0.027263 -0.051342 0.013986
v 0.022999 -0.053385 0.013040
v 0.018584 -0.055075 0.012258
v 0.014046 -0.056401 0.011644
v 0.009416 -0.057354 0.011203
v 0.044354 0.037700 0.055258
v 0.041158 0.041174 0.056868
v 0.044409 0.037761 0.055237
v 0.041209 0.041239 0.056847
v 0.047316 0.034035 0.053512
v 0.037601 0.044183 0.058561
v 0.041060 0.040988 0.057074
v 0.037604 0.044200 0.058523
v 0.041063 0.041006 0.057038
v 0.037610 0.044222 0.058487
v 0.033910 0.047153 0.059802
v 0.030740 0.049287 0.060783
v 0.049737 0.029894 0.051870
v 0.049747 0.029913 0.051836
v 0.047159 0.033849 0.053665
v 0.047172 0.033872 0.053632
v 0.044272 0.037585 0.055357
v 0.044288 0.037612 0.055326
v 0.041096 0.041079 0.056936
v 0.041113 0.041109 0.056909
v 0.037650 0.044308 0.058393
v 0.037669 0.044341 0.058369
v 0.030762 0.049348 0.060729
v 0.033936 0.047216 0.059742
v 0.037633 0.044276 0.058420
v 0.037620 0.044247 0.058452
v 0.041081 0.041052 0.056967
v 0.041070 0.041027 0.057002
v 0.044260 0.037562 0.055391
v 0.044252 0.037541 0.055426
v 0.047150 0.033829 0.053700
v 0.051997 0.025762 0.049949
v 0.049761 0.029934 0.051804
v 0.047188 0.033896 0.053602
v 0.044307 0.037640 0.055299
v 0.041134 0.041141 0.056886
v 0.037691 0.044376 0.058351
v 0.037738 0.044446 0.058332
v 0.000000 -0.058032 0.010970
v 0.004711 -0.057839 0.011059
v 0.009386 -0.057249 0.011373
v 0.009392 -0.057265 0.011325
v 0.014001 -0.056298 0.011814
v 0.014010 -0.056314 0.011767
v 0.018524 -0.054976 0.012429
v 0.018536 -0.054991 0.012380
v 0.022925 -0.053292 0.013211
v 0.022940 -0.053305 0.013163
v 0.027175 -0.051256 0.014157
v 0.027192 -0.051268 0.014108
v 0.031245 -0.048881 0.015260
v 0.031265 -0.048892 0.015211
v 0.035110 -0.046185 0.016513
v 0.035132 -0.046193 0.016463
v 0.038743 -0.043183 0.017907
v 0.038767 -0.043190 0.017857
v 0.042120 -0.039897 0.019434
v 0.042146 -0.039901 0.019383
v 0.045219 -0.036348 0.021083
v 0.045247 -0.036349 0.021031
v 0.048020 -0.032559 0.022844
v 0.048049 -0.032557 0.022791
v 0.050504 -0.028555 0.024704
v 0.050535 -0.028551 0.024651
v 0.052656 -0.024363 0.026652
v 0.052687 -0.024356 0.026598
v 0.054460 -0.020010 0.028674
v 0.054492 -0.020000 0.028619
v 0.055904 -0.015526 0.030758
v 0.055937 -0.015512 0.030703
v 0.056981 -0.010938 0.032890
v 0.057014 -0.010922 0.032833
v 0.057681 -0.006280 0.035055
v 0.057714 -0.006260 0.034998
v 0.058001 -0.001579 0.037240
v 0.058034 -0.001557 0.037181
v 0.057939 0.003131 0.039429
v 0.057971 0.003157 0.039369
v 0.057495 0.007821 0.041609
v 0.057526 0.007850 0.041548
v 0.056672 0.012459 0.043765
v 0.056702 0.012490 0.043703
v 0.055476 0.017016 0.045883
v 0.055505 0.017049 0.045820
v 0.053914 0.021459 0.047949
v 0.053941 0.021495 0.047884
v 0.052022 0.025800 0.049884
v 0.049778 0.029958 0.051774
v -0.047160 0.033848 0.053664
v -0.047173 0.033871 0.053630
v -0.049762 0.029934 0.051802
v -0.044332 0.037670 0.055274
v -0.044357 0.037701 0.055256
v -0.047261 0.033979 0.053532
v -0.033777 0.047725 0.059811
v -0.034102 0.047481 0.059698
v -0.034067 0.047432 0.059684
v -0.003276 -0.058111 0.010837
v -0.004730 -0.057988 0.010894
v -0.004728 -0.057970 0.010906
v -0.006539 -0.057836 0.010965
v -0.009426 -0.057395 0.011172
v -0.009434 -0.057431 0.011152
v -0.009611 -0.057406 0.011163
v -0.012900 -0.056759 0.011463
v -0.014060 -0.056441 0.011613
v -0.014067 -0.056459 0.011601
v -0.016158 -0.055921 0.011850
v -0.018603 -0.055114 0.012227
v -0.018617 -0.055141 0.012211
v -0.023023 -0.053423 0.013010
v -0.022205 -0.053813 0.012826
v -0.019129 -0.054979 0.012287
v -0.027291 -0.051378 0.013956
v -0.025361 -0.052404 0.013478
v -0.023035 -0.053442 0.012997
v -0.031406 -0.049023 0.015042
v -0.031217 -0.049150 0.014983
v -0.031379 -0.048995 0.015059
v -0.028370 -0.050842 0.014201
v -0.027305 -0.051395 0.013945
v -0.033836 -0.047391 0.015798
v -0.035260 -0.046287 0.016312
v -0.035278 -0.046301 0.016302
v -0.036510 -0.045370 0.016733
v -0.038909 -0.043273 0.017707
v -0.038944 -0.043300 0.017691
v -0.042302 -0.039974 0.019234
v -0.041579 -0.040792 0.018851
v -0.039052 -0.043208 0.017733
v -0.045415 -0.036410 0.020883
v -0.043876 -0.038319 0.019995
v -0.042326 -0.039987 0.019224
v -0.048269 -0.032621 0.022632
v -0.048074 -0.032923 0.022492
v -0.048230 -0.032605 0.022644
v -0.046020 -0.035726 0.021195
v -0.045444 -0.036423 0.020873
v -0.049920 -0.030065 0.023815
v -0.050726 -0.028585 0.024505
v -0.050754 -0.028591 0.024497
v -0.051590 -0.027115 0.025180
v -0.052888 -0.024375 0.026453
v -0.052931 -0.024384 0.026444
v -0.054701 -0.020003 0.028476
v -0.054437 -0.020863 0.028073
v -0.053109 -0.024022 0.026611
v -0.056154 -0.015499 0.030560
v -0.055571 -0.017645 0.029562
v -0.054738 -0.020008 0.028469
v -0.057293 -0.010894 0.032686
v -0.057273 -0.011010 0.032632
v -0.057237 -0.010892 0.032692
v -0.056519 -0.014353 0.031085
v -0.056189 -0.015500 0.030555
v -0.057829 -0.007630 0.034196
v -0.057942 -0.006213 0.034858
v -0.057978 -0.006208 0.034854
v -0.058185 -0.004227 0.035771
v -0.058266 -0.001491 0.037043
v -0.058312 -0.001484 0.037040
v -0.058342 -0.000836 0.037340
v -0.058206 0.003241 0.039233
v -0.058298 0.002597 0.038929
v -0.057761 0.007952 0.041413
v -0.058054 0.006013 0.040510
v -0.058252 0.003250 0.039231
v -0.056984 0.012697 0.043602
v -0.056997 0.012631 0.043572
v -0.056937 0.012612 0.043570
v -0.057623 0.009325 0.042042
v -0.057800 0.007965 0.041413
v -0.056150 0.016016 0.045138
v -0.055737 0.017190 0.045688
v -0.055776 0.017208 0.045690
v -0.055170 0.019145 0.046586
v -0.054169 0.021655 0.047754
v -0.054214 0.021679 0.047758
v -0.053962 0.022346 0.048067
v -0.052245 0.025979 0.049755
v -0.052579 0.025445 0.049501
v -0.049977 0.030131 0.051677
v -0.051097 0.028321 0.050832
v -0.052290 0.026006 0.049761
v -0.047430 0.034126 0.053518
v -0.047518 0.034009 0.053464
v -0.047379 0.034087 0.053507
v -0.049367 0.031251 0.052188
v -0.050012 0.030158 0.051682
v -0.045571 0.036587 0.054657
v -0.044469 0.037818 0.055234
v -0.044500 0.037849 0.055241
v -0.043385 0.039164 0.055849
v -0.041266 0.041301 0.056846
v -0.041311 0.041347 0.056860
v -0.036283 0.045842 0.058940
v -0.037820 0.044550 0.058341
v -0.037792 0.044512 0.058332
v -0.038798 0.043728 0.057961
v -0.041187 0.041477 0.056920
v -0.030842 0.049498 0.060670
v -0.030882 0.049562 0.060671
v -0.030927 0.049625 0.060690
v -0.030886 0.049568 0.060673
v -0.030884 0.049565 0.060672
v -0.030780 0.049383 0.060708
v -0.030781 0.049384 0.060707
v -0.033956 0.047252 0.059717
v -0.030797 0.049417 0.060689
v -0.033976 0.047289 0.059699
v -0.030819 0.049458 0.060679
v -0.034021 0.047363 0.059681
v -0.030837 0.049490 0.060670
v -0.030752 0.049313 0.060758
v -0.030752 0.049313 0.060758
v -0.033923 0.047183 0.059768
v -0.030768 0.049356 0.060722
v -0.033911 0.047153 0.059800
v -0.030742 0.049282 0.060789
v -0.030744 0.049294 0.060774
v -0.030736 0.049255 0.060824
v -0.033903 0.047127 0.059835
v -0.030733 0.049240 0.060843
v -0.033898 0.047104 0.059872
v -0.030733 0.049230 0.060861
v -0.030734 0.049212 0.060897
v -0.033896 0.047086 0.059911
v -0.030735 0.049200 0.060922
v -0.033897 0.047072 0.059949
v -0.030738 0.049195 0.060937
v -0.030745 0.049185 0.060970
v -0.041060 0.040974 0.057110
v -0.037603 0.044168 0.058597
v -0.044248 0.037508 0.055498
v -0.047144 0.033796 0.053771
v -0.049729 0.029861 0.051939
v -0.051987 0.025730 0.050017
v -0.053903 0.021429 0.048015
v -0.055463 0.016986 0.045948
v -0.056658 0.012431 0.043829
v -0.057480 0.007794 0.041672
v -0.057919 0.003107 0.039491
v -0.057976 -0.001601 0.037299
v -0.057662 -0.006301 0.035114
v -0.056960 -0.010958 0.032948
v -0.055880 -0.015541 0.030815
v -0.054440 -0.020025 0.028732
v -0.052634 -0.024375 0.026707
v -0.050483 -0.028564 0.024758
v -0.047999 -0.032566 0.022897
v -0.045193 -0.036347 0.021135
v -0.042097 -0.039896 0.019486
v -0.038724 -0.043184 0.017958
v -0.035093 -0.046183 0.016564
v -0.031230 -0.048878 0.015310
v -0.027161 -0.051248 0.014208
v -0.022913 -0.053281 0.013261
v -0.018513 -0.054961 0.012477
v -0.013994 -0.056290 0.011865
v -0.009381 -0.057239 0.011422
v -0.004706 -0.057810 0.011156
v -0.037652 0.044308 0.058391
v -0.037671 0.044342 0.058368
v -0.037693 0.044377 0.058350
v -0.047211 0.033923 0.053573
v -0.044309 0.037640 0.055297
v -0.047235 0.033951 0.053550
v -0.049854 0.030034 0.051704
v -0.004719 -0.057894 0.010971
v -0.004715 -0.057863 0.011013
v -0.009407 -0.057320 0.011237
v -0.009399 -0.057290 0.011279
v -0.014033 -0.056367 0.011678
v -0.014021 -0.056338 0.011720
v -0.018567 -0.055042 0.012292
v -0.018551 -0.055014 0.012334
v -0.022978 -0.053354 0.013074
v -0.022958 -0.053327 0.013116
v -0.027237 -0.051313 0.014020
v -0.027213 -0.051288 0.014061
v -0.031317 -0.048933 0.015122
v -0.031289 -0.048910 0.015163
v -0.035190 -0.046230 0.016374
v -0.035159 -0.046209 0.016415
v -0.038832 -0.043222 0.017767
v -0.038797 -0.043203 0.017809
v -0.042216 -0.039928 0.019293
v -0.042179 -0.039912 0.019335
v -0.045323 -0.036370 0.020941
v -0.045282 -0.036357 0.020983
v -0.048131 -0.032572 0.022700
v -0.048087 -0.032562 0.022742
v -0.050621 -0.028559 0.024559
v -0.050575 -0.028553 0.024601
v -0.052777 -0.024357 0.026506
v -0.052729 -0.024354 0.026548
v -0.054586 -0.019994 0.028527
v -0.054535 -0.019995 0.028569
v -0.056034 -0.015498 0.030610
v -0.055981 -0.015503 0.030651
v -0.057113 -0.010900 0.032740
v -0.057059 -0.010910 0.032781
v -0.057816 -0.006229 0.034903
v -0.057760 -0.006244 0.034945
v -0.058137 -0.001518 0.037086
v -0.058081 -0.001536 0.037128
v -0.058075 0.003205 0.039274
v -0.058018 0.003181 0.039315
v -0.057630 0.007906 0.041452
v -0.057573 0.007878 0.041493
v -0.056805 0.012556 0.043606
v -0.056748 0.012523 0.043647
v -0.055606 0.017123 0.045722
v -0.055550 0.017086 0.045764
v -0.054041 0.021578 0.047786
v -0.053985 0.021536 0.047828
v -0.052119 0.025892 0.049785
v -0.052065 0.025844 0.049826
v -0.049802 0.029982 0.051745
v -0.004723 -0.057930 0.010935
v -0.009416 -0.057356 0.011201
v -0.014046 -0.056402 0.011643
v -0.018584 -0.055076 0.012257
v -0.023000 -0.053386 0.013039
v -0.027264 -0.051344 0.013984
v -0.031347 -0.048962 0.015087
v -0.035224 -0.046257 0.016339
v -0.038870 -0.043246 0.017733
v -0.042258 -0.039949 0.019259
v -0.045368 -0.036388 0.020908
v -0.048179 -0.032587 0.022667
v -0.050673 -0.028570 0.024527
v -0.052832 -0.024364 0.026474
v -0.054642 -0.019997 0.028496
v -0.056093 -0.015497 0.030579
v -0.057174 -0.010894 0.032710
v -0.057878 -0.006219 0.034874
v -0.058200 -0.001502 0.037058
v -0.058139 0.003225 0.039246
v -0.057695 0.007931 0.041425
v -0.056870 0.012586 0.043580
v -0.055670 0.017159 0.045697
v -0.054104 0.021619 0.047762
v -0.052181 0.025937 0.049761
v -0.049914 0.030085 0.051681
v -0.047319 0.034036 0.053510
v -0.044412 0.037762 0.055236
v -0.041212 0.041240 0.056846
v -0.044274 0.037585 0.055355
v -0.044262 0.037561 0.055389
v -0.044253 0.037540 0.055425
v -0.047151 0.033828 0.053699
v -0.049748 0.029912 0.051834
v -0.052024 0.025799 0.049882
v -0.037603 0.044182 0.058559
v -0.037606 0.044200 0.058521
v -0.037612 0.044221 0.058485
v -0.037622 0.044247 0.058450
v -0.041061 0.040988 0.057073
v -0.041065 0.041005 0.057036
v -0.041072 0.041027 0.057000
v -0.041083 0.041051 0.056966
v -0.037635 0.044276 0.058418
v -0.033938 0.047217 0.059740
v -0.041098 0.041079 0.056934
v -0.037742 0.044448 0.058331
v -0.041160 0.041175 0.056866
v -0.041137 0.041142 0.056884
v -0.041116 0.041110 0.056907
v -0.044289 0.037611 0.055324
v -0.047190 0.033896 0.053600
v -0.049780 0.029957 0.051772
v -0.052042 0.025821 0.049852
v -0.004711 -0.057839 0.011058
v -0.004708 -0.057822 0.011106
v -0.009392 -0.057266 0.011324
v -0.009386 -0.057249 0.011372
v -0.014010 -0.056314 0.011766
v -0.014001 -0.056299 0.011814
v -0.018536 -0.054992 0.012379
v -0.018524 -0.054977 0.012428
v -0.022940 -0.053306 0.013162
v -0.022925 -0.053292 0.013210
v -0.027192 -0.051268 0.014107
v -0.027175 -0.051256 0.014156
v -0.031265 -0.048892 0.015210
v -0.031245 -0.048882 0.015259
v -0.035132 -0.046194 0.016462
v -0.035110 -0.046185 0.016512
v -0.038767 -0.043190 0.017856
v -0.038742 -0.043184 0.017906
v -0.042146 -0.039902 0.019382
v -0.042120 -0.039898 0.019433
v -0.045247 -0.036350 0.021030
v -0.045219 -0.036349 0.021082
v -0.048049 -0.032558 0.022790
v -0.048020 -0.032559 0.022842
v -0.050535 -0.028552 0.024649
v -0.050504 -0.028556 0.024703
v -0.052687 -0.024357 0.026596
v -0.052655 -0.024363 0.026650
v -0.054492 -0.020001 0.028618
v -0.054460 -0.020011 0.028673
v -0.055937 -0.015513 0.030701
v -0.055904 -0.015526 0.030757
v -0.057014 -0.010923 0.032832
v -0.056981 -0.010939 0.032889
v -0.057715 -0.006261 0.034996
v -0.057682 -0.006280 0.035054
v -0.058035 -0.001558 0.037179
v -0.058002 -0.001580 0.037238
v -0.057972 0.003156 0.039368
v -0.057940 0.003130 0.039427
v -0.057527 0.007849 0.041547
v -0.057496 0.007820 0.041607
v -0.056703 0.012490 0.043701
v -0.056673 0.012459 0.043763
v -0.055506 0.017048 0.045818
v -0.055477 0.017015 0.045881
v -0.053942 0.021495 0.047883
v -0.053914 0.021458 0.047947
v -0.052008 0.025779 0.049914
v -0.051998 0.025761 0.049947
v -0.049738 0.029893 0.051869
v 0.019892 0.054555 0.063158
v 0.019901 0.054591 0.063135
v 0.016043 0.055810 0.063695
v 0.019923 0.054666 0.063104
v 0.023695 0.053173 0.062416
v 0.023727 0.053250 0.062403
v 0.012097 0.056595 0.064295
v 0.027263 0.051193 0.061843
v 0.027259 0.051230 0.061771
v 0.027359 0.051500 0.061594
v 0.027401 0.051569 0.061598
v -0.027315 0.051380 0.061623
v -0.027289 0.051308 0.061670
v -0.027283 0.051173 0.061876
v -0.027277 0.051185 0.061840
v -0.027273 0.051202 0.061804
v -0.027273 0.051223 0.061767
v -0.027275 0.051247 0.061733
v -0.027280 0.051276 0.061700
v -0.027372 0.051493 0.061591
v -0.027415 0.051561 0.061594
v -0.027448 0.051604 0.061606
v -0.028146 0.051250 0.061442
v -0.025267 0.052712 0.062119
v -0.023810 0.053300 0.062399
v -0.023836 0.053338 0.062408
v -0.022307 0.054007 0.062718
v -0.020078 0.054781 0.063084
v -0.020101 0.054824 0.063096
v -0.019264 0.055135 0.063240
v -0.016221 0.056004 0.063649
v -0.016242 0.056064 0.063669
v -0.012238 0.056970 0.064096
v -0.012911 0.056894 0.064054
v -0.016126 0.056099 0.063686
v -0.008203 0.057660 0.064416
v -0.009636 0.057513 0.064340
v -0.012250 0.057019 0.064111
v -0.004146 0.058077 0.064608
v -0.006328 0.057952 0.064543
v -0.008211 0.057702 0.064428
v -0.000065 0.058220 0.064674
v -0.003001 0.058209 0.064662
v -0.004150 0.058120 0.064621
v 0.004046 0.058140 0.064630
v 0.003698 0.058170 0.064644
v 0.004041 0.058084 0.064611
v 0.000340 0.058283 0.064696
v -0.000065 0.058274 0.064692
v 0.007025 0.057875 0.064507
v 0.008139 0.057669 0.064420
v 0.008146 0.057713 0.064433
v 0.010323 0.057398 0.064287
v 0.012159 0.056986 0.064104
v 0.012171 0.057027 0.064115
v 0.016106 0.056036 0.063664
v 0.016124 0.056083 0.063679
v 0.013585 0.056743 0.063984
v 0.019977 0.054817 0.063100
v 0.019976 0.054888 0.063126
v 0.016808 0.055906 0.063596
v 0.025970 0.052375 0.061962
v 0.023784 0.053367 0.062421
v 0.023761 0.053322 0.062409
v 0.023013 0.053717 0.062583
v 0.028825 0.050873 0.061267
v 0.027430 0.051607 0.061607
v 0.027302 0.051387 0.061627
v 0.027319 0.051425 0.061611
v 0.027338 0.051463 0.061600
v 0.027276 0.051315 0.061673
v 0.027287 0.051350 0.061648
v 0.027261 0.051254 0.061736
v 0.027267 0.051283 0.061703
v 0.027268 0.051181 0.061879
v 0.019875 0.054431 0.063314
v 0.023640 0.052940 0.062638
v 0.016024 0.055647 0.063866
v 0.008097 0.057277 0.064604
v 0.004021 0.057691 0.064791
v -0.000064 0.057826 0.064853
v -0.004124 0.057684 0.064788
v -0.008161 0.057268 0.064600
v -0.012176 0.056578 0.064288
v -0.016139 0.055615 0.063851
v -0.019976 0.054395 0.063298
v -0.023689 0.052919 0.062628
v 0.016061 0.055886 0.063666
v 0.019949 0.054744 0.063093
v 0.016083 0.055963 0.063656
v 0.019911 0.054628 0.063117
v 0.012109 0.056760 0.064130
v 0.012123 0.056836 0.064103
v 0.008108 0.057442 0.064443
v 0.008117 0.057518 0.064418
v 0.004026 0.057856 0.064633
v 0.004031 0.057933 0.064608
v -0.000065 0.057992 0.064695
v -0.000065 0.058068 0.064671
v -0.004129 0.057850 0.064630
v -0.004133 0.057926 0.064605
v -0.008172 0.057433 0.064439
v -0.008181 0.057510 0.064414
v -0.012192 0.056742 0.064122
v -0.012206 0.056819 0.064095
v -0.016160 0.055777 0.063680
v -0.016178 0.055853 0.063651
v -0.020006 0.054594 0.063102
v -0.020018 0.054633 0.063089
v -0.023738 0.053154 0.062408
v -0.027351 0.051455 0.061597
v -0.023772 0.053230 0.062394
v -0.020047 0.054710 0.063077
v -0.016199 0.055931 0.063641
v -0.012221 0.056896 0.064087
v -0.008192 0.057587 0.064406
v -0.004139 0.058004 0.064599
v -0.000065 0.058146 0.064664
v 0.004036 0.058010 0.064602
v 0.008127 0.057596 0.064410
v 0.012140 0.056913 0.064095
v -0.019974 0.054413 0.063264
v -0.019974 0.054434 0.063230
v -0.023686 0.052936 0.062593
v -0.023686 0.052957 0.062558
v -0.023688 0.052982 0.062525
v -0.027332 0.051417 0.061607
v -0.023723 0.053116 0.062422
v -0.023710 0.053079 0.062442
v -0.019995 0.054557 0.063120
v -0.019987 0.054522 0.063143
v -0.016153 0.055741 0.063701
v -0.016147 0.055709 0.063726
v -0.012183 0.056674 0.064166
v -0.027300 0.051343 0.061644
v -0.023700 0.053044 0.062466
v -0.023692 0.053011 0.062494
v -0.019980 0.054489 0.063169
v -0.019976 0.054460 0.063198
v -0.016143 0.055679 0.063754
v -0.016140 0.055654 0.063785
v -0.012177 0.056618 0.064223
v 0.023680 0.053135 0.062431
v 0.023668 0.053098 0.062450
v 0.023658 0.053062 0.062474
v 0.023650 0.053030 0.062502
v 0.027260 0.051209 0.061807
v 0.023640 0.052977 0.062567
v 0.023644 0.053002 0.062533
v 0.019880 0.054494 0.063214
v 0.019885 0.054523 0.063184
v 0.016031 0.055741 0.063741
v 0.016036 0.055774 0.063716
v -0.008165 0.057365 0.064482
v -0.008162 0.057309 0.064537
v -0.004126 0.057781 0.064672
v -0.004124 0.057725 0.064726
v -0.000064 0.057923 0.064737
v -0.000064 0.057867 0.064791
v 0.004023 0.057788 0.064675
v 0.004021 0.057732 0.064729
v 0.008102 0.057373 0.064486
v 0.008098 0.057317 0.064541
v 0.012100 0.056691 0.064174
v 0.012096 0.056635 0.064231
v 0.016027 0.055712 0.063769
v 0.016024 0.055686 0.063800
v 0.019877 0.054469 0.063246
v 0.019875 0.054448 0.063280
v 0.023639 0.052957 0.062602
v 0.000000 0.059003 0.065029
v 0.002898 0.058863 0.064965
v 0.017165 0.056444 0.063845
v 0.016899 0.056537 0.063888
v 0.025256 0.053264 0.062374
v 0.022628 0.054486 0.062939
v 0.022301 0.054638 0.063010
v 0.019900 0.055482 0.063400
v -0.014353 -0.057459 0.011139
v -0.011537 -0.058152 0.010818
v -0.011349 -0.058198 0.010797
v -0.008667 -0.058589 0.010616
v -0.002900 0.058909 0.064986
v -0.016899 -0.056831 0.011429
v -0.017165 -0.056738 0.011473
v -0.019900 -0.055776 0.011918
v -0.005797 -0.059007 0.010422
v -0.005700 -0.059022 0.010416
v -0.002898 -0.059157 0.010353
v 0.000000 -0.059297 0.010288
v -0.022301 -0.054932 0.012308
v -0.022628 -0.054780 0.012378
v -0.025256 -0.053558 0.012944
v -0.027509 -0.052511 0.013429
v -0.027872 -0.052297 0.013528
v -0.030369 -0.050826 0.014208
v -0.017148 0.056394 0.063822
v -0.019232 0.055788 0.063542
v 0.042827 0.040652 0.056538
v 0.041821 0.041675 0.057011
v -0.019913 0.055517 0.063416
v -0.022607 0.054441 0.062918
v -0.024598 0.053646 0.062550
v -0.025272 0.053296 0.062389
v -0.027848 0.051962 0.061771
v -0.029744 0.050980 0.061317
v -0.030389 0.050561 0.061123
v -0.002378 0.058955 0.065007
v 0.014353 0.057164 0.064179
v 0.011537 0.057858 0.064499
v 0.011349 0.057904 0.064521
v 0.008667 0.058295 0.064702
v -0.032473 -0.049586 0.014782
v -0.014363 0.057202 0.064196
v 0.005700 0.058727 0.064902
v 0.005797 0.058713 0.064895
v 0.022607 -0.054735 0.012399
v 0.019913 -0.055811 0.011901
v 0.019232 -0.056083 0.011776
v 0.017148 -0.056688 0.011496
v 0.014363 -0.057497 0.011121
v 0.013712 -0.057686 0.011034
v 0.011525 -0.058096 0.010844
v 0.008673 -0.058631 0.010597
v 0.008073 -0.058743 0.010544
v 0.005791 -0.058946 0.010451
v 0.002900 -0.059203 0.010332
v 0.002378 -0.059249 0.010311
v -0.041486 -0.042309 0.018149
v -0.039671 -0.043927 0.017401
v -0.037508 -0.045856 0.016508
v -0.037149 -0.046176 0.016360
v -0.035189 -0.047605 0.015699
v -0.032848 -0.049313 0.014908
v -0.005791 0.058652 0.064867
v -0.008073 0.058449 0.064773
v -0.008673 0.058337 0.064721
v -0.011525 0.057802 0.064474
v -0.013712 0.057391 0.064284
v -0.049132 -0.032980 0.022466
v -0.047463 -0.035355 0.021367
v -0.046649 -0.036514 0.020831
v -0.045678 -0.037639 0.020310
v -0.043783 -0.039838 0.019293
v -0.042827 -0.040946 0.018780
v -0.041821 -0.041969 0.018307
v 0.027509 0.052216 0.061889
v 0.027872 0.052003 0.061790
v 0.030369 0.050531 0.061109
v 0.041486 0.042015 0.057169
v 0.039671 0.043633 0.057917
v 0.037508 0.045561 0.058809
v 0.037149 0.045882 0.058958
v 0.035189 0.047310 0.059619
v 0.032848 0.049018 0.060409
v 0.032473 0.049292 0.060536
v -0.037477 0.045527 0.058794
v -0.035213 0.047339 0.059632
v -0.034632 0.047804 0.059847
v -0.032820 0.048981 0.060392
v -0.050029 -0.031703 0.023057
v -0.050687 -0.030534 0.023598
v -0.052111 -0.028005 0.024768
v -0.041773 0.041634 0.056992
v -0.039699 0.043660 0.057930
v -0.039200 0.044148 0.058156
v -0.043386 0.040057 0.056263
v -0.043803 0.039559 0.056032
v -0.045665 0.037337 0.055004
v -0.052924 -0.026561 0.025436
v -0.053424 -0.025420 0.025964
v -0.047487 0.035076 0.053958
v 0.024598 -0.053940 0.012767
v 0.025272 -0.053590 0.012929
v 0.027848 -0.052256 0.013546
v 0.029744 -0.051274 0.014001
v 0.030389 -0.050855 0.014194
v 0.032820 -0.049275 0.014926
v 0.034632 -0.048098 0.015470
v 0.035213 -0.047633 0.015685
v 0.037477 -0.045821 0.016524
v 0.039200 -0.044442 0.017162
v 0.039699 -0.043954 0.017388
v 0.041773 -0.041928 0.018325
v 0.043386 -0.040351 0.019055
v 0.043803 -0.039853 0.019286
v 0.045665 -0.037631 0.020314
v 0.047178 -0.035825 0.021150
v 0.047487 -0.035370 0.021360
v 0.049118 -0.032973 0.022469
v -0.054588 -0.022762 0.027194
v -0.055304 -0.021127 0.027951
v 0.043783 0.039544 0.056025
v 0.045678 0.037345 0.055008
v 0.046649 0.036220 0.054487
v 0.047463 0.035061 0.053951
v 0.049132 0.032686 0.052852
v 0.050029 0.031409 0.052261
v 0.050687 0.030240 0.051720
v 0.052111 0.027711 0.050549
v 0.052924 0.026267 0.049881
v 0.053424 0.025126 0.049354
v 0.054588 0.022467 0.048123
v 0.053458 -0.025432 0.025958
v -0.047178 0.035530 0.054168
v 0.050517 -0.030915 0.023421
v 0.050716 -0.030548 0.023591
v 0.052098 -0.028000 0.024770
v 0.053353 -0.025683 0.025842
v -0.055648 -0.020062 0.028443
v -0.056539 -0.017300 0.029721
v -0.057131 -0.015468 0.030570
v -0.057336 -0.014512 0.031012
v -0.057945 -0.011675 0.032325
v -0.049118 0.032679 0.052848
v -0.050517 0.030621 0.051896
v -0.050716 0.030254 0.051726
v -0.052098 0.027705 0.050547
v -0.053353 0.025389 0.049475
v -0.053458 0.025138 0.049359
v -0.054576 0.022464 0.048122
v 0.054576 -0.022758 0.027196
v 0.055658 -0.020169 0.028394
v 0.055687 -0.020073 0.028438
v -0.056529 0.017005 0.045595
v -0.055687 0.019778 0.046879
v -0.055658 0.019875 0.046924
v 0.058790 -0.005939 0.034979
v 0.058548 -0.008562 0.033765
v 0.058497 -0.008824 0.033644
v 0.057938 -0.011675 0.032325
v 0.059057 -0.003048 0.036317
v 0.059099 -0.002597 0.036525
v 0.059076 -0.000148 0.037659
v 0.059049 0.002755 0.039002
v 0.059044 0.003392 0.039297
v 0.058794 0.005644 0.040339
v 0.058474 0.008529 0.041674
v 0.058385 0.009335 0.042046
v 0.057945 0.011380 0.042993
v 0.057336 0.014218 0.044306
v 0.057131 0.015173 0.044748
v 0.056539 0.017006 0.045596
v 0.055648 0.019768 0.046874
v 0.055304 0.020833 0.047367
v 0.057395 -0.014446 0.031042
v 0.057373 -0.014518 0.031009
v 0.056529 -0.017299 0.029722
v -0.057374 0.014224 0.044309
v -0.057395 0.014152 0.044275
v -0.057938 0.011380 0.042993
v -0.058497 0.008530 0.041674
v -0.058548 0.008268 0.041553
v -0.058790 0.005645 0.040339
v -0.059057 0.002753 0.039001
v -0.059099 0.002302 0.038792
v -0.059076 -0.000147 0.037659
v -0.059049 -0.003049 0.036316
v -0.059044 -0.003687 0.036021
v -0.058794 -0.005938 0.034979
v -0.058474 -0.008823 0.033644
v -0.058385 -0.009629 0.033271
v 0.000000 -0.059465 0.010124
v 0.000000 -0.059468 0.010114
v 0.002914 -0.059397 0.010147
v 0.025426 -0.053789 0.012647
v 0.022758 -0.054972 0.012102
v 0.022765 -0.054962 0.012058
v 0.002918 -0.059425 0.010051
v 0.000000 -0.059495 0.010018
v 0.000000 -0.059500 0.009971
v 0.000000 0.059489 0.064799
v 0.000000 0.059457 0.064880
v 0.002922 0.059390 0.064836
v 0.017198 0.056524 0.063873
v 0.022671 0.054565 0.062967
v 0.027926 0.052078 0.061816
v 0.032911 0.049089 0.060433
v 0.045786 0.037413 0.055031
v 0.049247 0.032744 0.052871
v 0.052233 0.027759 0.050564
v 0.054715 0.022505 0.048133
v 0.056671 0.017033 0.045601
v 0.058080 0.011397 0.042994
v 0.058930 0.005649 0.040334
v 0.059213 -0.000153 0.037650
v 0.044010 0.039721 0.056022
v 0.042002 0.041833 0.056997
v 0.041946 0.041773 0.057020
v 0.008708 0.058518 0.064764
v 0.011577 0.058020 0.064534
v 0.011595 0.058108 0.064518
v 0.014457 0.057552 0.064182
v 0.011609 0.058193 0.064478
v 0.011602 0.058152 0.064501
v 0.020045 0.055854 0.063399
v 0.017272 0.056772 0.063822
v 0.017262 0.056731 0.063845
v 0.025436 0.053617 0.062366
v 0.022768 0.054802 0.062913
v 0.022756 0.054763 0.062936
v 0.030582 0.050861 0.061095
v 0.028043 0.052302 0.061760
v 0.028028 0.052265 0.061783
v 0.055904 -0.020120 0.028322
v 0.056821 -0.017355 0.029599
v 0.056769 -0.017357 0.029641
v 0.053669 -0.025499 0.025838
v 0.054853 -0.022837 0.027068
v 0.054804 -0.022835 0.027109
v 0.047678 -0.035473 0.021232
v 0.049358 -0.033092 0.022331
v 0.049315 -0.033082 0.022373
v 0.050918 -0.030633 0.023467
v 0.052357 -0.028100 0.024637
v 0.052311 -0.028093 0.024679
v 0.043980 -0.039971 0.019154
v 0.045884 -0.037767 0.020172
v 0.045845 -0.037753 0.020214
v 0.039859 -0.044087 0.017253
v 0.041970 -0.042079 0.018180
v 0.041934 -0.042062 0.018222
v 0.030510 -0.051011 0.014055
v 0.032972 -0.049453 0.014774
v 0.032945 -0.049430 0.014815
v 0.035355 -0.047778 0.015548
v 0.037652 -0.045987 0.016375
v 0.037620 -0.045966 0.016417
v 0.025373 -0.053753 0.012788
v 0.027975 -0.052445 0.013393
v 0.027952 -0.052419 0.013434
v 0.019992 -0.055980 0.011760
v 0.022710 -0.054932 0.012244
v 0.022691 -0.054905 0.012284
v 0.008707 -0.058803 0.010455
v 0.011577 -0.058306 0.010685
v 0.011567 -0.058276 0.010726
v 0.014419 -0.057668 0.010980
v 0.017226 -0.056892 0.011338
v 0.017212 -0.056863 0.011379
v 0.002912 -0.059373 0.010192
v 0.005816 -0.059159 0.010291
v 0.005812 -0.059129 0.010332
v 0.000000 -0.059443 0.010158
v 0.002910 -0.059343 0.010233
v 0.008700 -0.058773 0.010496
v 0.014407 -0.057639 0.011021
v 0.019975 -0.055952 0.011801
v 0.000000 -0.059422 0.010192
v 0.002907 -0.059307 0.010269
v 0.000000 -0.059378 0.010234
v 0.025352 -0.053726 0.012830
v 0.030485 -0.050986 0.014096
v 0.035325 -0.047756 0.015590
v 0.039825 -0.044067 0.017294
v 0.002905 -0.059268 0.010298
v 0.000000 -0.059365 0.010247
v 0.000000 -0.059338 0.010263
v 0.008686 -0.058698 0.010561
v 0.008693 -0.058738 0.010532
v 0.005807 -0.059093 0.010368
v 0.005802 -0.059054 0.010397
v 0.014383 -0.057566 0.011086
v 0.014395 -0.057604 0.011057
v 0.011558 -0.058241 0.010762
v 0.011548 -0.058202 0.010791
v 0.019943 -0.055880 0.011866
v 0.019959 -0.055918 0.011836
v 0.017198 -0.056829 0.011415
v 0.017184 -0.056791 0.011444
v 0.025310 -0.053658 0.012894
v 0.025331 -0.053694 0.012865
v 0.022672 -0.054872 0.012320
v 0.022654 -0.054835 0.012349
v 0.030434 -0.050920 0.014161
v 0.030459 -0.050956 0.014132
v 0.027929 -0.052388 0.013469
v 0.027905 -0.052352 0.013498
v 0.035264 -0.047694 0.015654
v 0.035295 -0.047727 0.015625
v 0.032916 -0.049401 0.014851
v 0.032889 -0.049366 0.014879
v 0.039756 -0.044010 0.017358
v 0.039790 -0.044041 0.017330
v 0.037588 -0.045939 0.016452
v 0.037555 -0.045907 0.016480
v 0.043943 -0.039955 0.019195
v 0.047638 -0.035460 0.021273
v 0.050874 -0.030624 0.023509
v 0.053622 -0.025495 0.025880
v 0.055854 -0.020120 0.028364
v 0.057601 -0.014548 0.030896
v 0.057549 -0.014553 0.030938
v 0.058190 -0.011713 0.032250
v 0.057492 -0.014549 0.030971
v 0.058131 -0.011711 0.032283
v 0.058630 -0.008846 0.033608
v 0.043864 -0.039903 0.019258
v 0.043903 -0.039932 0.019231
v 0.041897 -0.042037 0.018257
v 0.041861 -0.042007 0.018285
v 0.047551 -0.035414 0.021335
v 0.047594 -0.035440 0.021308
v 0.045804 -0.037731 0.020248
v 0.045763 -0.037703 0.020276
v 0.050780 -0.030584 0.023570
v 0.050827 -0.030607 0.023543
v 0.049270 -0.033063 0.022407
v 0.049225 -0.033038 0.022434
v 0.053521 -0.025462 0.025940
v 0.053572 -0.025482 0.025914
v 0.052262 -0.028078 0.024713
v 0.052213 -0.028057 0.024739
v 0.057434 -0.014537 0.030994
v 0.058072 -0.011702 0.032306
v 0.058569 -0.008840 0.033631
v 0.058926 -0.005956 0.034965
v 0.055745 -0.020095 0.028423
v 0.055800 -0.020111 0.028398
v 0.054752 -0.022824 0.027143
v 0.054699 -0.022806 0.027169
v 0.056714 -0.017351 0.029675
v 0.056658 -0.017337 0.029699
v 0.059141 -0.003058 0.036305
v 0.058989 -0.005960 0.034943
v 0.058690 -0.008845 0.033576
v 0.058242 -0.011706 0.032208
v 0.045960 0.037570 0.054959
v 0.044057 0.039781 0.055980
v 0.042048 0.041896 0.056956
v 0.042027 0.041864 0.056979
v 0.008721 0.058607 0.064749
v 0.008727 0.058651 0.064732
v 0.008732 0.058693 0.064709
v 0.005817 0.058875 0.064929
v 0.005826 0.058965 0.064914
v 0.005829 0.059009 0.064897
v 0.005832 0.059051 0.064874
v 0.002919 0.059266 0.064973
v 0.000000 0.059338 0.065007
v 0.000000 0.059295 0.065027
v 0.002918 0.059224 0.064996
v 0.047752 0.035268 0.053897
v 0.045911 0.037512 0.055001
v 0.043952 0.039664 0.056044
v 0.041885 0.041721 0.057024
v 0.059143 0.002751 0.038993
v 0.059279 -0.000153 0.037629
v 0.059205 -0.003060 0.036284
v 0.059267 -0.003054 0.036252
v 0.059049 -0.005957 0.034911
v 0.059104 -0.005945 0.034869
v 0.058744 -0.008836 0.033534
v 0.058576 0.008534 0.041669
v 0.058998 0.005656 0.040316
v 0.059209 0.002755 0.038974
v 0.059272 0.002767 0.038943
v 0.059341 -0.000144 0.037597
v 0.059397 -0.000126 0.037555
v 0.059322 -0.003039 0.036210
v 0.057445 0.014232 0.044306
v 0.058149 0.011409 0.042977
v 0.058644 0.008543 0.041651
v 0.058709 0.008561 0.041621
v 0.059062 0.005671 0.040285
v 0.059118 0.005694 0.040243
v 0.059329 0.002787 0.038901
v 0.055760 0.019793 0.046878
v 0.056740 0.017052 0.045586
v 0.057513 0.014248 0.044290
v 0.057579 0.014272 0.044260
v 0.058214 0.011430 0.042947
v 0.058271 0.011459 0.042905
v 0.058766 0.008586 0.041579
v 0.053538 0.025162 0.049363
v 0.054785 0.022530 0.048120
v 0.055830 0.019815 0.046865
v 0.055895 0.019846 0.046836
v 0.056806 0.017079 0.045558
v 0.056862 0.017114 0.045516
v 0.057636 0.014303 0.044218
v 0.050801 0.030288 0.051734
v 0.052301 0.027791 0.050553
v 0.053607 0.025191 0.049351
v 0.053672 0.025228 0.049323
v 0.054850 0.022564 0.048093
v 0.054906 0.022604 0.048051
v 0.055952 0.019883 0.046795
v 0.047574 0.035121 0.053970
v 0.049314 0.032783 0.052862
v 0.050869 0.030324 0.051725
v 0.050933 0.030367 0.051699
v 0.052366 0.027831 0.050527
v 0.052420 0.027877 0.050485
v 0.053727 0.025271 0.049282
v 0.043889 0.039615 0.056049
v 0.045851 0.037459 0.055025
v 0.047640 0.035163 0.053963
v 0.047701 0.035213 0.053938
v 0.049376 0.032830 0.052837
v 0.049429 0.032881 0.052796
v 0.050986 0.030416 0.051657
v 0.030456 0.050645 0.061153
v 0.032962 0.049154 0.060433
v 0.030503 0.050713 0.061154
v 0.033009 0.049226 0.060414
v 0.030547 0.050787 0.061135
v 0.033029 0.049263 0.060396
v 0.030566 0.050825 0.061118
v 0.033046 0.049298 0.060373
v 0.025329 0.053386 0.062421
v 0.027970 0.052149 0.061819
v 0.025369 0.053460 0.062425
v 0.028010 0.052226 0.061800
v 0.025406 0.053539 0.062407
v 0.025422 0.053579 0.062389
v 0.019959 0.055612 0.063451
v 0.022708 0.054641 0.062971
v 0.019991 0.055689 0.063456
v 0.022741 0.054722 0.062954
v 0.020021 0.055773 0.063439
v 0.020034 0.055814 0.063422
v 0.014449 0.057511 0.064205
v 0.014440 0.057469 0.064222
v 0.017252 0.056689 0.063862
v 0.014419 0.057382 0.064238
v 0.017226 0.056604 0.063879
v 0.014395 0.057300 0.064232
v 0.002907 0.059005 0.065021
v 0.002912 0.059090 0.065028
v 0.002916 0.059180 0.065013
v 0.011558 0.057938 0.064527
v 0.008693 0.058435 0.064757
v 0.005807 0.058791 0.064922
v 0.039780 0.043725 0.057952
v 0.035288 0.047415 0.059658
v 0.000000 0.059259 0.065044
v 0.000000 0.059252 0.065046
v 0.000000 0.059173 0.065061
v 0.000000 0.059086 0.065056
v 0.000000 0.059077 0.065053
v 0.059176 0.006204 0.040195
v 0.059046 0.007169 0.040639
v 0.059210 0.005795 0.040079
v 0.058855 0.008693 0.041413
v 0.059424 0.002883 0.038738
v 0.059411 0.003243 0.038833
v 0.059205 0.005831 0.040024
v 0.057749 0.014234 0.043889
v 0.057719 0.014420 0.044049
v 0.058108 0.012792 0.043226
v 0.058357 0.011571 0.042737
v 0.056356 0.019084 0.046120
v 0.056028 0.020008 0.046621
v 0.056942 0.017235 0.045344
v 0.057695 0.014453 0.043989
v 0.057318 0.015965 0.044685
v 0.056917 0.017267 0.045283
v 0.058838 0.008728 0.041356
v 0.058729 0.009547 0.041733
v 0.058336 0.011604 0.042679
v 0.055351 0.021829 0.047383
v 0.054978 0.022733 0.047875
v 0.055620 0.021094 0.047044
v 0.056006 0.020040 0.046560
v 0.054950 0.022762 0.047812
v 0.053950 0.025091 0.048883
v 0.053796 0.025404 0.049104
v 0.051046 0.030555 0.051475
v 0.052484 0.028013 0.050305
v 0.052350 0.028279 0.050349
v 0.053778 0.025435 0.049042
v 0.052669 0.027643 0.050057
v 0.052467 0.028045 0.050242
v 0.048965 0.033798 0.052889
v 0.048891 0.033910 0.052940
v 0.049485 0.033024 0.052611
v 0.047804 0.035412 0.053710
v 0.046008 0.037716 0.054770
v 0.044590 0.039394 0.055463
v 0.044102 0.039929 0.055788
v 0.044535 0.039454 0.055490
v 0.047769 0.035431 0.053640
v 0.046818 0.036719 0.054232
v 0.045974 0.037733 0.054698
v 0.051021 0.030582 0.051409
v 0.050683 0.031168 0.051679
v 0.049455 0.033047 0.052543
v 0.044074 0.039948 0.055717
v 0.042371 0.041772 0.056557
v 0.042089 0.042046 0.056762
v 0.042065 0.042066 0.056692
v 0.039974 0.044060 0.057689
v 0.037763 0.045970 0.058568
v 0.037737 0.045984 0.058494
v 0.037309 0.046349 0.058662
v 0.035460 0.047768 0.059396
v 0.039956 0.044085 0.057621
v 0.039914 0.044126 0.057640
v 0.039446 0.044525 0.057823
v 0.033073 0.049451 0.060170
v 0.033042 0.049454 0.060091
v 0.031843 0.050262 0.060462
v 0.030605 0.051015 0.060890
v 0.030575 0.051015 0.060809
v 0.028938 0.051989 0.061256
v 0.028063 0.052456 0.061553
v 0.028037 0.052457 0.061472
v 0.035430 0.047775 0.059318
v 0.034606 0.048401 0.059606
v 0.033789 0.048951 0.059859
v 0.027640 0.052664 0.061567
v 0.025947 0.053544 0.061972
v 0.025453 0.053771 0.062157
v 0.025433 0.053775 0.062078
v 0.022783 0.054956 0.062703
v 0.022851 0.054936 0.062613
v 0.022768 0.054968 0.062627
v 0.021090 0.055611 0.062923
v 0.020057 0.056008 0.063187
v 0.014451 0.057695 0.063882
v 0.014466 0.057706 0.063968
v 0.016535 0.057156 0.063633
v 0.017282 0.056925 0.063609
v 0.020041 0.056014 0.063108
v 0.019715 0.056139 0.063166
v 0.017266 0.056922 0.063526
v 0.009897 0.058671 0.064330
v 0.008736 0.058846 0.064492
v 0.011615 0.058346 0.064262
v 0.006612 0.059131 0.064542
v 0.005836 0.059204 0.064657
v 0.007170 0.059053 0.064506
v 0.008727 0.058835 0.064406
v 0.014234 0.057751 0.063907
v 0.013266 0.058002 0.064023
v 0.011602 0.058332 0.064175
v 0.000000 0.059500 0.064712
v 0.000000 0.059490 0.064789
v 0.002919 0.059418 0.064674
v 0.002921 0.059419 0.064756
v 0.003309 0.059408 0.064669
v 0.005830 0.059197 0.064572
v 0.037767 0.045932 0.058640
v 0.035465 0.047731 0.059469
v 0.035456 0.047680 0.059538
v 0.033070 0.049363 0.060314
v 0.035445 0.047649 0.059569
v 0.037745 0.045850 0.058740
v 0.037729 0.045818 0.058767
v 0.039937 0.043909 0.057886
v 0.037710 0.045784 0.058790
v 0.039917 0.043877 0.057909
v 0.037687 0.045750 0.058808
v 0.039893 0.043844 0.057927
v 0.037636 0.045684 0.058829
v 0.039839 0.043781 0.057949
v 0.037579 0.045625 0.058830
v 0.037757 0.045880 0.058709
v 0.039953 0.043941 0.057859
v 0.033078 0.049415 0.060244
v 0.030611 0.050980 0.060964
v 0.030609 0.050956 0.061001
v 0.028069 0.052422 0.061628
v 0.028067 0.052398 0.061665
v 0.025459 0.053738 0.062234
v 0.025458 0.053714 0.062271
v 0.022788 0.054923 0.062780
v 0.022788 0.054900 0.062818
v 0.020062 0.055976 0.063265
v 0.020062 0.055952 0.063303
v 0.017287 0.056894 0.063687
v 0.017286 0.056871 0.063726
v 0.014470 0.057675 0.064047
v 0.014470 0.057652 0.064085
v 0.011619 0.058316 0.064342
v 0.011618 0.058293 0.064381
v 0.008739 0.058816 0.064572
v 0.008739 0.058793 0.064611
v 0.005838 0.059175 0.064737
v 0.005837 0.059152 0.064776
v 0.002922 0.059367 0.064875
v 0.000000 0.059437 0.064907
v 0.000000 0.059406 0.064951
v 0.000000 0.059375 0.064976
v 0.002921 0.059338 0.064912
v 0.002920 0.059305 0.064945
v 0.005837 0.059123 0.064813
v 0.005835 0.059089 0.064846
v 0.008738 0.058764 0.064647
v 0.008735 0.058731 0.064680
v 0.011617 0.058265 0.064417
v 0.011613 0.058231 0.064450
v 0.014467 0.057623 0.064121
v 0.014463 0.057590 0.064154
v 0.017284 0.056842 0.063761
v 0.017279 0.056809 0.063794
v 0.020059 0.055924 0.063338
v 0.020053 0.055891 0.063371
v 0.022784 0.054871 0.062853
v 0.022777 0.054838 0.062885
v 0.025454 0.053686 0.062307
v 0.025446 0.053653 0.062339
v 0.028062 0.052370 0.061700
v 0.028054 0.052337 0.061732
v 0.030603 0.050927 0.061035
v 0.030594 0.050896 0.061067
v 0.033060 0.049332 0.060346
v 0.035430 0.047616 0.059596
v 0.035412 0.047581 0.059619
v 0.035391 0.047546 0.059637
v 0.035342 0.047477 0.059658
v 0.006592 -0.059134 0.010139
v 0.007170 -0.059054 0.010176
v 0.005829 -0.059210 0.010151
v 0.008726 -0.058853 0.010315
v 0.002919 -0.059419 0.010008
v 0.003296 -0.059409 0.010013
v 0.005830 -0.059197 0.010110
v 0.014234 -0.057750 0.010776
v 0.014449 -0.057715 0.010839
v 0.012961 -0.058071 0.010628
v 0.011601 -0.058354 0.010544
v 0.019323 -0.056275 0.011454
v 0.020034 -0.056022 0.011619
v 0.017263 -0.056937 0.011197
v 0.014451 -0.057695 0.010801
v 0.016169 -0.057261 0.011001
v 0.017265 -0.056918 0.011158
v 0.008727 -0.058837 0.010276
v 0.009769 -0.058692 0.010342
v 0.011603 -0.058336 0.010506
v 0.030574 -0.051040 0.013913
v 0.028034 -0.052478 0.013251
v 0.028382 -0.052294 0.013285
v 0.025420 -0.053796 0.012595
v 0.027643 -0.052669 0.013113
v 0.028043 -0.052466 0.013206
v 0.033040 -0.049479 0.014632
v 0.033795 -0.048960 0.014819
v 0.035427 -0.047798 0.015405
v 0.034101 -0.048758 0.014912
v 0.039453 -0.044533 0.016856
v 0.039940 -0.044098 0.017109
v 0.039338 -0.044640 0.016807
v 0.037729 -0.046003 0.016232
v 0.035428 -0.047774 0.015365
v 0.036774 -0.046775 0.015824
v 0.037731 -0.045979 0.016191
v 0.030579 -0.051020 0.013872
v 0.031298 -0.050603 0.014063
v 0.033042 -0.049455 0.014591
v 0.020038 -0.056007 0.011577
v 0.021091 -0.055613 0.011759
v 0.022387 -0.055128 0.011982
v 0.039943 -0.044074 0.017067
v 0.041939 -0.042206 0.017926
v 0.042055 -0.042085 0.018036
v 0.042069 -0.042070 0.017989
v 0.044068 -0.039972 0.019009
v 0.044082 -0.039954 0.018962
v 0.047771 -0.035432 0.021042
v 0.047772 -0.035462 0.021086
v 0.046402 -0.037244 0.020209
v 0.045975 -0.037762 0.020026
v 0.044241 -0.039787 0.019039
v 0.044528 -0.039449 0.019195
v 0.045982 -0.037738 0.019982
v 0.050299 -0.031784 0.022720
v 0.051017 -0.030610 0.023319
v 0.049454 -0.033076 0.022184
v 0.052456 -0.028071 0.024488
v 0.052664 -0.027640 0.024627
v 0.053770 -0.025464 0.025689
v 0.053528 -0.025981 0.025390
v 0.051014 -0.030579 0.023275
v 0.051991 -0.028934 0.024031
v 0.052456 -0.028040 0.024443
v 0.048498 -0.034470 0.021485
v 0.048954 -0.033790 0.021797
v 0.049453 -0.033046 0.022140
v 0.055610 -0.021090 0.027640
v 0.056006 -0.020072 0.028171
v 0.054954 -0.022796 0.026917
v 0.057693 -0.014452 0.030693
v 0.057704 -0.014488 0.030742
v 0.057113 -0.016683 0.029667
v 0.056923 -0.017301 0.029447
v 0.056014 -0.020043 0.028122
v 0.056120 -0.019769 0.028248
v 0.056925 -0.017269 0.029398
v 0.058707 -0.009684 0.032887
v 0.058845 -0.008763 0.033377
v 0.058345 -0.011640 0.032053
v 0.058837 -0.008728 0.033326
v 0.059049 -0.007170 0.034043
v 0.059204 -0.005866 0.034711
v 0.059156 -0.006384 0.034404
v 0.057750 -0.014234 0.030794
v 0.058006 -0.013250 0.031246
v 0.058329 -0.011604 0.032004
v 0.053775 -0.025435 0.025641
v 0.054876 -0.022998 0.026762
v 0.054964 -0.022768 0.026868
v 0.059201 -0.005831 0.034659
v 0.059415 -0.003185 0.035877
v 0.059421 -0.002954 0.036051
v 0.059422 -0.002919 0.035998
v 0.059494 -0.000036 0.037395
v 0.059500 -0.000000 0.037341
v 0.059420 0.002919 0.038684
v 0.039978 0.044022 0.057760
v 0.039966 0.043970 0.057828
v 0.042092 0.042006 0.056833
v 0.042079 0.041955 0.056899
v 0.044104 0.039889 0.055858
v 0.044089 0.039839 0.055924
v 0.046010 0.037675 0.054838
v 0.045994 0.037626 0.054903
v 0.047804 0.035371 0.053777
v 0.047787 0.035322 0.053841
v 0.049484 0.032982 0.052677
v 0.049465 0.032934 0.052740
v 0.051044 0.030514 0.051540
v 0.051024 0.030466 0.051603
v 0.052480 0.027972 0.050369
v 0.052459 0.027925 0.050431
v 0.053790 0.025362 0.049167
v 0.053767 0.025317 0.049228
v 0.054971 0.022692 0.047937
v 0.054947 0.022648 0.047997
v 0.056019 0.019967 0.046682
v 0.055994 0.019925 0.046741
v 0.056932 0.017194 0.045405
v 0.056905 0.017153 0.045464
v 0.057707 0.014380 0.044108
v 0.057679 0.014340 0.044166
v 0.058344 0.011532 0.042796
v 0.058315 0.011493 0.042853
v 0.058841 0.008655 0.041471
v 0.058811 0.008619 0.041528
v 0.059195 0.005758 0.040136
v 0.059164 0.005723 0.040192
v 0.059406 0.002847 0.038795
v 0.059374 0.002815 0.038850
v 0.059475 -0.000070 0.037451
v 0.059443 -0.000101 0.037505
v 0.059401 -0.002987 0.036106
v 0.059368 -0.003016 0.036161
v 0.059183 -0.005897 0.034766
v 0.059149 -0.005924 0.034819
v 0.058823 -0.008793 0.033431
v 0.058789 -0.008818 0.033484
v 0.058322 -0.011668 0.032107
v 0.058288 -0.011691 0.032159
v 0.057680 -0.014514 0.030795
v 0.057645 -0.014535 0.030847
v 0.056899 -0.017326 0.029500
v 0.056865 -0.017344 0.029551
v 0.055981 -0.020095 0.028223
v 0.055947 -0.020112 0.028275
v 0.054929 -0.022817 0.026969
v 0.054895 -0.022831 0.027020
v 0.053745 -0.025483 0.025740
v 0.053711 -0.025496 0.025791
v 0.052431 -0.028088 0.024540
v 0.052397 -0.028098 0.024590
v 0.050991 -0.030625 0.023370
v 0.050958 -0.030633 0.023420
v 0.049429 -0.033089 0.022235
v 0.049396 -0.033095 0.022284
v 0.047747 -0.035473 0.021136
v 0.047715 -0.035477 0.021185
v 0.045951 -0.037772 0.020076
v 0.045920 -0.037774 0.020126
v 0.044044 -0.039979 0.019059
v 0.044014 -0.039979 0.019108
v 0.042031 -0.042091 0.018086
v 0.042002 -0.042089 0.018134
v 0.039917 -0.044102 0.017159
v 0.039890 -0.044098 0.017207
v 0.037707 -0.046006 0.016281
v 0.037681 -0.046000 0.016329
v 0.035406 -0.047799 0.015455
v 0.035382 -0.047792 0.015503
v 0.033021 -0.049478 0.014681
v 0.032998 -0.049470 0.014729
v 0.030555 -0.051038 0.013962
v 0.030534 -0.051028 0.014010
v 0.028017 -0.052474 0.013299
v 0.027997 -0.052463 0.013347
v 0.025411 -0.053785 0.012695
v 0.025393 -0.053772 0.012743
v 0.022744 -0.054966 0.012151
v 0.022727 -0.054953 0.012198
v 0.020021 -0.056015 0.011667
v 0.020007 -0.056001 0.011715
v 0.017252 -0.056929 0.011246
v 0.017240 -0.056914 0.011293
v 0.014440 -0.057707 0.010887
v 0.014430 -0.057691 0.010935
v 0.011594 -0.058345 0.010593
v 0.011586 -0.058329 0.010640
v 0.008720 -0.058844 0.010363
v 0.008714 -0.058827 0.010410
v 0.005825 -0.059200 0.010199
v 0.005821 -0.059183 0.010246
v 0.002916 -0.059415 0.010100
v 0.000000 -0.059491 0.010050
v -0.025453 0.053771 0.062157
v -0.022783 0.054956 0.062703
v -0.022765 0.054962 0.062624
v -0.002921 0.059419 0.064756
v -0.002914 -0.059397 0.010147
v -0.002907 -0.059307 0.010269
v -0.022654 -0.054835 0.012349
v -0.027905 -0.052352 0.013498
v -0.032889 -0.049366 0.014879
v -0.037555 -0.045907 0.016480
v -0.041861 -0.042007 0.018285
v -0.045763 -0.037703 0.020276
v -0.049225 -0.033038 0.022434
v -0.052213 -0.028057 0.024739
v -0.054699 -0.022806 0.027168
v -0.056658 -0.017337 0.029699
v -0.058072 -0.011702 0.032306
v -0.058926 -0.005956 0.034965
v -0.059213 -0.000154 0.037649
v -0.043942 -0.039955 0.019195
v -0.041934 -0.042062 0.018221
v -0.041897 -0.042037 0.018257
v -0.025373 -0.053753 0.012788
v -0.022710 -0.054932 0.012244
v -0.022691 -0.054905 0.012284
v -0.008707 -0.058803 0.010455
v -0.005816 -0.059159 0.010291
v -0.005812 -0.059129 0.010332
v -0.019992 -0.055980 0.011760
v -0.017226 -0.056892 0.011338
v -0.017212 -0.056863 0.011379
v -0.035354 -0.047778 0.015548
v -0.032972 -0.049454 0.014774
v -0.032945 -0.049430 0.014815
v -0.030510 -0.051011 0.014055
v -0.027975 -0.052445 0.013393
v -0.027952 -0.052419 0.013434
v -0.039859 -0.044087 0.017253
v -0.037652 -0.045987 0.016375
v -0.037620 -0.045967 0.016417
v -0.055952 0.019883 0.046794
v -0.056862 0.017114 0.045516
v -0.056806 0.017079 0.045558
v -0.053727 0.025271 0.049282
v -0.054906 0.022604 0.048051
v -0.054850 0.022564 0.048093
v -0.047752 0.035268 0.053897
v -0.049429 0.032881 0.052795
v -0.049376 0.032830 0.052837
v -0.050986 0.030416 0.051657
v -0.052420 0.027877 0.050485
v -0.052366 0.027831 0.050527
v -0.044057 0.039781 0.055980
v -0.045960 0.037569 0.054959
v -0.045911 0.037512 0.055001
v -0.039937 0.043909 0.057886
v -0.042048 0.041895 0.056956
v -0.042002 0.041833 0.056997
v -0.035412 0.047581 0.059619
v -0.035431 0.047616 0.059596
v -0.037729 0.045818 0.058767
v -0.030582 0.050861 0.061094
v -0.033046 0.049298 0.060373
v -0.033029 0.049263 0.060396
v -0.025436 0.053617 0.062366
v -0.028043 0.052302 0.061760
v -0.028028 0.052265 0.061783
v -0.020045 0.055854 0.063399
v -0.022768 0.054802 0.062913
v -0.022756 0.054763 0.062936
v -0.014457 0.057552 0.064182
v -0.017272 0.056772 0.063822
v -0.017263 0.056731 0.063845
v -0.008732 0.058693 0.064709
v -0.011609 0.058193 0.064478
v -0.011602 0.058152 0.064501
v -0.002919 0.059266 0.064973
v -0.005833 0.059051 0.064874
v -0.005829 0.059009 0.064897
v -0.008727 0.058651 0.064732
v -0.014449 0.057511 0.064205
v -0.020034 0.055814 0.063422
v -0.025422 0.053579 0.062389
v -0.030566 0.050825 0.061117
v -0.033009 0.049226 0.060414
v -0.002907 0.059005 0.065021
v -0.002916 0.059180 0.065013
v -0.002912 0.059090 0.065028
v -0.008693 0.058435 0.064757
v -0.008721 0.058607 0.064749
v -0.005826 0.058965 0.064914
v -0.008708 0.058518 0.064764
v -0.005817 0.058875 0.064929
v -0.005807 0.058791 0.064922
v -0.002918 0.059224 0.064996
v -0.014395 0.057300 0.064232
v -0.014440 0.057469 0.064222
v -0.011595 0.058108 0.064518
v -0.014419 0.057381 0.064238
v -0.011577 0.058020 0.064534
v -0.011558 0.057938 0.064527
v -0.019959 0.055612 0.063451
v -0.020021 0.055773 0.063439
v -0.017252 0.056689 0.063862
v -0.019991 0.055689 0.063456
v -0.017226 0.056604 0.063879
v -0.017198 0.056524 0.063873
v -0.025329 0.053386 0.062421
v -0.025406 0.053539 0.062407
v -0.022741 0.054722 0.062954
v -0.025370 0.053460 0.062425
v -0.022708 0.054641 0.062971
v -0.022672 0.054565 0.062967
v -0.030456 0.050645 0.061153
v -0.030547 0.050787 0.061135
v -0.028011 0.052226 0.061800
v -0.030503 0.050713 0.061154
v -0.027970 0.052149 0.061818
v -0.027926 0.052078 0.061816
v -0.035288 0.047414 0.059658
v -0.037710 0.045784 0.058790
v -0.035391 0.047546 0.059637
v -0.035342 0.047477 0.059658
v -0.032962 0.049154 0.060433
v -0.032912 0.049089 0.060433
v -0.039780 0.043725 0.057951
v -0.039893 0.043844 0.057927
v -0.037688 0.045750 0.058808
v -0.039839 0.043781 0.057949
v -0.037636 0.045684 0.058829
v -0.037579 0.045625 0.058830
v -0.047701 0.035213 0.053938
v -0.050933 0.030367 0.051699
v -0.053672 0.025228 0.049323
v -0.055895 0.019846 0.046836
v -0.057636 0.014303 0.044218
v -0.057579 0.014272 0.044260
v -0.058214 0.011430 0.042947
v -0.057514 0.014248 0.044290
v -0.058149 0.011409 0.042977
v -0.058644 0.008543 0.041651
v -0.043889 0.039615 0.056049
v -0.047574 0.035121 0.053970
v -0.047640 0.035163 0.053963
v -0.045851 0.037459 0.055024
v -0.045786 0.037413 0.055031
v -0.044010 0.039721 0.056022
v -0.043952 0.039664 0.056044
v -0.050801 0.030288 0.051734
v -0.050869 0.030324 0.051725
v -0.049314 0.032783 0.052862
v -0.049247 0.032744 0.052871
v -0.053539 0.025162 0.049363
v -0.053607 0.025191 0.049351
v -0.052301 0.027791 0.050553
v -0.052233 0.027759 0.050564
v -0.057445 0.014232 0.044306
v -0.058081 0.011397 0.042993
v -0.058576 0.008533 0.041669
v -0.058930 0.005649 0.040334
v -0.055760 0.019793 0.046878
v -0.055830 0.019815 0.046865
v -0.054785 0.022530 0.048120
v -0.054716 0.022505 0.048133
v -0.056740 0.017052 0.045586
v -0.056671 0.017033 0.045601
v -0.059143 0.002751 0.038993
v -0.058998 0.005656 0.040316
v -0.058709 0.008561 0.041621
v -0.058271 0.011459 0.042905
v -0.041946 0.041773 0.057020
v -0.041885 0.041721 0.057024
v -0.041970 -0.042079 0.018180
v -0.043980 -0.039971 0.019154
v -0.045884 -0.037767 0.020172
v -0.014419 -0.057668 0.010980
v -0.014407 -0.057639 0.011021
v -0.011567 -0.058276 0.010726
v -0.002910 -0.059343 0.010233
v -0.002912 -0.059373 0.010192
v -0.014395 -0.057604 0.011056
v -0.011558 -0.058241 0.010762
v -0.008693 -0.058738 0.010532
v -0.059141 -0.003058 0.036305
v -0.059279 -0.000153 0.037629
v -0.059209 0.002755 0.038974
v -0.059272 0.002767 0.038943
v -0.059062 0.005670 0.040285
v -0.059118 0.005694 0.040243
v -0.058766 0.008586 0.041579
v -0.058569 -0.008840 0.033631
v -0.058989 -0.005960 0.034943
v -0.059205 -0.003060 0.036284
v -0.059267 -0.003054 0.036252
v -0.059341 -0.000144 0.037597
v -0.059397 -0.000126 0.037555
v -0.059329 0.002787 0.038901
v -0.057434 -0.014537 0.030994
v -0.058131 -0.011712 0.032283
v -0.058630 -0.008846 0.033608
v -0.058690 -0.008845 0.033575
v -0.059049 -0.005957 0.034911
v -0.059104 -0.005945 0.034869
v -0.059322 -0.003039 0.036210
v -0.055745 -0.020095 0.028423
v -0.056714 -0.017351 0.029675
v -0.057492 -0.014549 0.030971
v -0.057549 -0.014553 0.030938
v -0.058190 -0.011713 0.032250
v -0.058242 -0.011706 0.032208
v -0.058744 -0.008836 0.033534
v -0.053520 -0.025462 0.025940
v -0.054752 -0.022824 0.027143
v -0.055800 -0.020111 0.028398
v -0.055854 -0.020120 0.028364
v -0.056769 -0.017357 0.029641
v -0.056821 -0.017355 0.029599
v -0.057601 -0.014548 0.030896
v -0.050780 -0.030584 0.023570
v -0.052262 -0.028078 0.024713
v -0.053572 -0.025482 0.025914
v -0.053622 -0.025495 0.025880
v -0.054804 -0.022835 0.027109
v -0.054852 -0.022837 0.027068
v -0.055904 -0.020120 0.028322
v -0.047551 -0.035414 0.021335
v -0.049270 -0.033064 0.022407
v -0.050827 -0.030607 0.023543
v -0.050874 -0.030624 0.023509
v -0.052311 -0.028093 0.024679
v -0.052357 -0.028100 0.024637
v -0.053669 -0.025499 0.025838
v -0.043864 -0.039903 0.019258
v -0.045804 -0.037731 0.020248
v -0.047594 -0.035440 0.021308
v -0.047637 -0.035460 0.021273
v -0.049315 -0.033082 0.022373
v -0.049358 -0.033092 0.022331
v -0.050918 -0.030633 0.023467
v -0.039756 -0.044010 0.017358
v -0.039790 -0.044041 0.017330
v -0.039825 -0.044067 0.017294
v -0.035264 -0.047694 0.015653
v -0.037588 -0.045939 0.016452
v -0.035295 -0.047727 0.015625
v -0.035325 -0.047756 0.015590
v -0.030433 -0.050920 0.014161
v -0.032916 -0.049401 0.014851
v -0.030459 -0.050956 0.014131
v -0.030485 -0.050986 0.014096
v -0.025310 -0.053658 0.012894
v -0.027929 -0.052388 0.013469
v -0.025331 -0.053694 0.012865
v -0.025352 -0.053727 0.012830
v -0.019942 -0.055880 0.011866
v -0.022672 -0.054872 0.012320
v -0.019959 -0.055918 0.011836
v -0.019975 -0.055952 0.011801
v -0.014383 -0.057566 0.011086
v -0.011548 -0.058202 0.010791
v -0.008686 -0.058698 0.010561
v -0.005802 -0.059054 0.010397
v -0.047678 -0.035473 0.021232
v -0.045845 -0.037753 0.020214
v -0.043903 -0.039932 0.019231
v -0.017197 -0.056829 0.011415
v -0.017184 -0.056791 0.011444
v -0.011577 -0.058306 0.010685
v -0.008700 -0.058773 0.010496
v -0.005807 -0.059093 0.010368
v -0.002905 -0.059268 0.010298
v -0.059176 -0.006204 0.034487
v -0.059046 -0.007169 0.034043
v -0.059204 -0.005866 0.034711
v -0.058845 -0.008763 0.033377
v -0.059421 -0.002954 0.036051
v -0.059411 -0.003243 0.035850
v -0.059205 -0.005832 0.034659
v -0.057749 -0.014234 0.030794
v -0.057704 -0.014488 0.030742
v -0.058108 -0.012793 0.031457
v -0.058345 -0.011640 0.032053
v -0.056006 -0.020040 0.028123
v -0.056006 -0.020073 0.028171
v -0.056356 -0.019084 0.028563
v -0.056923 -0.017301 0.029447
v -0.057695 -0.014453 0.030693
v -0.057318 -0.015965 0.029997
v -0.056917 -0.017267 0.029399
v -0.058838 -0.008729 0.033326
v -0.058729 -0.009548 0.032949
v -0.058336 -0.011605 0.032003
v -0.053950 -0.025091 0.025799
v -0.053770 -0.025464 0.025689
v -0.054954 -0.022796 0.026917
v -0.055620 -0.021094 0.027638
v -0.055351 -0.021829 0.027300
v -0.054950 -0.022762 0.026870
v -0.051016 -0.030610 0.023319
v -0.052456 -0.028071 0.024488
v -0.052350 -0.028279 0.024333
v -0.053778 -0.025436 0.025641
v -0.052669 -0.027643 0.024625
v -0.052467 -0.028046 0.024440
v -0.049454 -0.033076 0.022184
v -0.048965 -0.033798 0.021794
v -0.048891 -0.033911 0.021742
v -0.047772 -0.035462 0.021086
v -0.044535 -0.039454 0.019192
v -0.044068 -0.039972 0.019009
v -0.044590 -0.039395 0.019219
v -0.045975 -0.037762 0.020026
v -0.047769 -0.035431 0.021043
v -0.046818 -0.036719 0.020450
v -0.045974 -0.037733 0.019984
v -0.051021 -0.030583 0.023273
v -0.050683 -0.031169 0.023003
v -0.049455 -0.033047 0.022139
v -0.044074 -0.039948 0.018965
v -0.042371 -0.041773 0.018126
v -0.042055 -0.042085 0.018036
v -0.042065 -0.042066 0.017991
v -0.039940 -0.044098 0.017109
v -0.039956 -0.044086 0.017062
v -0.035430 -0.047776 0.015364
v -0.035427 -0.047798 0.015405
v -0.037309 -0.046350 0.016020
v -0.037729 -0.046003 0.016232
v -0.039914 -0.044126 0.017043
v -0.039446 -0.044525 0.016859
v -0.037737 -0.045985 0.016188
v -0.030574 -0.051040 0.013913
v -0.033040 -0.049479 0.014632
v -0.031843 -0.050262 0.014220
v -0.025426 -0.053789 0.012646
v -0.028034 -0.052478 0.013251
v -0.027640 -0.052664 0.013115
v -0.030575 -0.051016 0.013873
v -0.028938 -0.051989 0.013426
v -0.028037 -0.052457 0.013210
v -0.034606 -0.048401 0.015076
v -0.033789 -0.048951 0.014823
v -0.033042 -0.049455 0.014592
v -0.025947 -0.053545 0.012710
v -0.025433 -0.053776 0.012604
v -0.022758 -0.054972 0.012102
v -0.022851 -0.054937 0.012070
v -0.022768 -0.054969 0.012055
v -0.021090 -0.055612 0.011759
v -0.020034 -0.056022 0.011618
v -0.014449 -0.057715 0.010839
v -0.017262 -0.056937 0.011197
v -0.016535 -0.057156 0.011049
v -0.020041 -0.056014 0.011574
v -0.019715 -0.056139 0.011517
v -0.017266 -0.056922 0.011157
v -0.008726 -0.058853 0.010315
v -0.011601 -0.058355 0.010544
v -0.009897 -0.058671 0.010352
v -0.011602 -0.058333 0.010508
v -0.008727 -0.058835 0.010276
v -0.007170 -0.059053 0.010176
v -0.005829 -0.059210 0.010150
v -0.006612 -0.059132 0.010140
v -0.014451 -0.057696 0.010801
v -0.014234 -0.057752 0.010775
v -0.013266 -0.058002 0.010660
v -0.002919 -0.059419 0.010008
v -0.002918 -0.059425 0.010051
v -0.003309 -0.059408 0.010013
v -0.005830 -0.059197 0.010110
v -0.008736 0.058846 0.064492
v -0.005836 0.059204 0.064657
v -0.007170 0.059053 0.064506
v -0.006592 0.059133 0.064543
v -0.002919 0.059419 0.064674
v -0.003296 0.059408 0.064670
v -0.005830 0.059197 0.064572
v -0.014234 0.057749 0.063907
v -0.014466 0.057705 0.063968
v -0.012961 0.058071 0.064054
v -0.011615 0.058346 0.064262
v -0.019323 0.056275 0.063228
v -0.020057 0.056008 0.063187
v -0.017282 0.056925 0.063609
v -0.014451 0.057695 0.063881
v -0.016169 0.057261 0.063682
v -0.017265 0.056918 0.063524
v -0.008727 0.058837 0.064407
v -0.009769 0.058692 0.064340
v -0.011603 0.058335 0.064176
v -0.030605 0.051015 0.060890
v -0.028063 0.052456 0.061553
v -0.028382 0.052294 0.061397
v -0.025420 0.053796 0.062088
v -0.027643 0.052669 0.061569
v -0.028043 0.052466 0.061476
v -0.033795 0.048960 0.059863
v -0.034101 0.048758 0.059770
v -0.033073 0.049451 0.060170
v -0.035460 0.047768 0.059396
v -0.039338 0.044640 0.057876
v -0.039974 0.044060 0.057689
v -0.037763 0.045970 0.058568
v -0.035428 0.047773 0.059317
v -0.036774 0.046775 0.058858
v -0.037731 0.045978 0.058491
v -0.030579 0.051020 0.060811
v -0.031298 0.050603 0.060619
v -0.033042 0.049455 0.060091
v -0.020038 0.056007 0.063105
v -0.021091 0.055613 0.062924
v -0.022387 0.055128 0.062700
v -0.039453 0.044533 0.057827
v -0.039943 0.044074 0.057615
v -0.042089 0.042045 0.056762
v -0.041939 0.042206 0.056756
v -0.042069 0.042070 0.056694
v -0.044102 0.039929 0.055788
v -0.044082 0.039954 0.055720
v -0.047805 0.035412 0.053710
v -0.046009 0.037716 0.054770
v -0.046402 0.037244 0.054473
v -0.044241 0.039786 0.055643
v -0.044528 0.039448 0.055488
v -0.045982 0.037738 0.054701
v -0.051046 0.030555 0.051475
v -0.049485 0.033024 0.052611
v -0.050299 0.031784 0.051962
v -0.049453 0.033045 0.052542
v -0.053796 0.025404 0.049104
v -0.052484 0.028013 0.050305
v -0.053528 0.025981 0.049292
v -0.052664 0.027640 0.050056
v -0.051014 0.030579 0.051408
v -0.051991 0.028934 0.050651
v -0.052456 0.028040 0.050240
v -0.047771 0.035432 0.053640
v -0.048498 0.034470 0.053198
v -0.048954 0.033790 0.052885
v -0.055611 0.021090 0.047043
v -0.056028 0.020008 0.046621
v -0.054978 0.022733 0.047875
v -0.057693 0.014452 0.043989
v -0.057719 0.014420 0.044049
v -0.057113 0.016683 0.045015
v -0.056942 0.017235 0.045344
v -0.056014 0.020042 0.046561
v -0.056120 0.019769 0.046435
v -0.056925 0.017268 0.045284
v -0.058707 0.009683 0.041796
v -0.058855 0.008693 0.041413
v -0.058357 0.011571 0.042737
v -0.058837 0.008728 0.041356
v -0.059049 0.007169 0.040639
v -0.059211 0.005795 0.040079
v -0.059156 0.006384 0.040278
v -0.057750 0.014233 0.043889
v -0.058006 0.013250 0.043436
v -0.058329 0.011603 0.042679
v -0.053775 0.025435 0.049041
v -0.054876 0.022997 0.047920
v -0.054964 0.022767 0.047814
v -0.059201 0.005831 0.040023
v -0.059415 0.003184 0.038806
v -0.059424 0.002883 0.038738
v -0.059422 0.002919 0.038684
v -0.059494 -0.000036 0.037395
v -0.059500 -0.000000 0.037341
v -0.059420 -0.002919 0.035998
v -0.002921 0.059338 0.064912
v -0.033078 0.049415 0.060244
v -0.030609 0.050956 0.061001
v -0.030611 0.050980 0.060964
v -0.028067 0.052398 0.061665
v -0.028069 0.052422 0.061628
v -0.025458 0.053714 0.062271
v -0.025459 0.053738 0.062234
v -0.022788 0.054900 0.062818
v -0.022788 0.054923 0.062780
v -0.020062 0.055952 0.063303
v -0.020062 0.055976 0.063265
v -0.017286 0.056871 0.063726
v -0.017287 0.056894 0.063687
v -0.014470 0.057652 0.064085
v -0.014470 0.057675 0.064047
v -0.011618 0.058293 0.064381
v -0.011619 0.058316 0.064342
v -0.008739 0.058793 0.064611
v -0.008739 0.058816 0.064572
v -0.005838 0.059151 0.064776
v -0.005838 0.059174 0.064737
v -0.002922 0.059367 0.064875
v -0.002922 0.059390 0.064836
v -0.030603 0.050927 0.061035
v -0.028063 0.052370 0.061700
v -0.025454 0.053686 0.062307
v -0.022784 0.054871 0.062853
v -0.020059 0.055924 0.063338
v -0.017284 0.056842 0.063761
v -0.014467 0.057623 0.064121
v -0.011617 0.058265 0.064417
v -0.008738 0.058764 0.064647
v -0.005837 0.059123 0.064813
v -0.002921 0.059305 0.064945
v -0.005835 0.059089 0.064846
v -0.008735 0.058731 0.064680
v -0.011613 0.058231 0.064450
v -0.014463 0.057590 0.064154
v -0.017279 0.056809 0.063794
v -0.020053 0.055891 0.063371
v -0.022777 0.054838 0.062885
v -0.025446 0.053653 0.062339
v -0.028054 0.052337 0.061732
v -0.030594 0.050896 0.061067
v -0.033060 0.049332 0.060346
v -0.042079 0.041955 0.056899
v -0.042066 0.041926 0.056929
v -0.039966 0.043970 0.057828
v -0.039953 0.043941 0.057859
v -0.037757 0.045880 0.058709
v -0.037745 0.045850 0.058740
v -0.035456 0.047680 0.059538
v -0.035445 0.047649 0.059569
v -0.033070 0.049363 0.060314
v -0.035465 0.047731 0.059469
v -0.037767 0.045932 0.058640
v -0.039978 0.044022 0.057760
v -0.002916 -0.059415 0.010100
v -0.005825 -0.059200 0.010199
v -0.005821 -0.059183 0.010246
v -0.008720 -0.058844 0.010363
v -0.008714 -0.058827 0.010410
v -0.011594 -0.058345 0.010593
v -0.011586 -0.058329 0.010640
v -0.014440 -0.057707 0.010887
v -0.014430 -0.057691 0.010935
v -0.017252 -0.056929 0.011246
v -0.017239 -0.056914 0.011293
v -0.020021 -0.056015 0.011667
v -0.020007 -0.056001 0.011715
v -0.022744 -0.054966 0.012151
v -0.022727 -0.054953 0.012198
v -0.025411 -0.053785 0.012695
v -0.025393 -0.053772 0.012743
v -0.028017 -0.052474 0.013299
v -0.027997 -0.052463 0.013347
v -0.030555 -0.051038 0.013962
v -0.030534 -0.051028 0.014010
v -0.033021 -0.049478 0.014680
v -0.032997 -0.049470 0.014729
v -0.035406 -0.047799 0.015455
v -0.035382 -0.047792 0.015503
v -0.037707 -0.046006 0.016281
v -0.037681 -0.046001 0.016329
v -0.039917 -0.044102 0.017159
v -0.039890 -0.044098 0.017207
v -0.042031 -0.042091 0.018085
v -0.042002 -0.042089 0.018134
v -0.044044 -0.039979 0.019059
v -0.044014 -0.039979 0.019108
v -0.045951 -0.037772 0.020076
v -0.045920 -0.037774 0.020125
v -0.047747 -0.035473 0.021136
v -0.047715 -0.035477 0.021185
v -0.049429 -0.033089 0.022235
v -0.049396 -0.033095 0.022284
v -0.050991 -0.030625 0.023370
v -0.050958 -0.030633 0.023420
v -0.052431 -0.028088 0.024540
v -0.052397 -0.028098 0.024590
v -0.053745 -0.025483 0.025740
v -0.053711 -0.025496 0.025791
v -0.054929 -0.022817 0.026969
v -0.054895 -0.022831 0.027020
v -0.055981 -0.020095 0.028223
v -0.055947 -0.020112 0.028274
v -0.056899 -0.017326 0.029500
v -0.056865 -0.017344 0.029551
v -0.057680 -0.014514 0.030795
v -0.057645 -0.014535 0.030847
v -0.058322 -0.011668 0.032107
v -0.058288 -0.011691 0.032159
v -0.058823 -0.008793 0.033431
v -0.058789 -0.008818 0.033484
v -0.059183 -0.005897 0.034766
v -0.059149 -0.005924 0.034819
v -0.059401 -0.002988 0.036106
v -0.059368 -0.003017 0.036161
v -0.059475 -0.000070 0.037451
v -0.059443 -0.000101 0.037505
v -0.059406 0.002847 0.038795
v -0.059374 0.002815 0.038850
v -0.059195 0.005758 0.040136
v -0.059164 0.005723 0.040192
v -0.058841 0.008655 0.041471
v -0.058811 0.008619 0.041528
v -0.058344 0.011532 0.042796
v -0.058315 0.011493 0.042853
v -0.057707 0.014380 0.044108
v -0.057679 0.014340 0.044166
v -0.056932 0.017194 0.045405
v -0.056905 0.017153 0.045463
v -0.056019 0.019967 0.046682
v -0.055994 0.019925 0.046741
v -0.054971 0.022692 0.047937
v -0.054947 0.022648 0.047997
v -0.053790 0.025362 0.049167
v -0.053767 0.025317 0.049228
v -0.052480 0.027972 0.050369
v -0.052459 0.027925 0.050431
v -0.051044 0.030514 0.051540
v -0.051024 0.030466 0.051603
v -0.049484 0.032982 0.052677
v -0.049465 0.032934 0.052740
v -0.047804 0.035371 0.053777
v -0.047787 0.035322 0.053841
v -0.046010 0.037675 0.054838
v -0.045994 0.037625 0.054903
v -0.044104 0.039889 0.055858
v -0.044090 0.039839 0.055924
v -0.042092 0.042006 0.056832
v 0.006949 0.059093 0.060954
v 0.007170 0.059053 0.060936
v 0.000000 0.059500 0.061143
v 0.013802 0.057877 0.060392
v 0.020467 0.055869 0.059463
v 0.021085 0.055601 0.059339
v 0.014232 0.057747 0.060332
v 0.026852 0.053096 0.058180
v 0.032869 0.049597 0.056560
v 0.033767 0.048923 0.056249
v 0.027628 0.052645 0.057971
v 0.038436 0.045419 0.054627
v 0.039412 0.044490 0.054198
v 0.043478 0.040619 0.052406
v 0.044481 0.039410 0.051847
v 0.047924 0.035264 0.049928
v 0.052609 0.027613 0.046388
v 0.051714 0.029426 0.047227
v 0.048902 0.033757 0.049231
v 0.055550 0.021069 0.043360
v 0.054797 0.023185 0.044339
v 0.057130 0.016627 0.041304
v 0.057680 0.014218 0.040190
v 0.058680 0.009841 0.038164
v 0.058970 0.007161 0.036924
v 0.059428 0.002920 0.034962
v 0.059400 0.000001 0.033611
v 0.059363 -0.004040 0.031741
v 0.058966 -0.007159 0.030298
v 0.058485 -0.010945 0.028546
v 0.057672 -0.014215 0.027033
v 0.056806 -0.017700 0.025420
v 0.055538 -0.021063 0.023864
v 0.054350 -0.024213 0.022406
v 0.052595 -0.027605 0.020837
v 0.051151 -0.030395 0.019546
v 0.048885 -0.033744 0.017996
v 0.047251 -0.036160 0.016878
v 0.044463 -0.039393 0.015382
v 0.042705 -0.041431 0.014439
v 0.039393 -0.044467 0.013034
v 0.037574 -0.046135 0.012262
v 0.033748 -0.048895 0.010985
v 0.031929 -0.050207 0.010378
v 0.027610 -0.052611 0.009266
v 0.025847 -0.053593 0.008811
v 0.021069 -0.055561 0.007901
v 0.019411 -0.056245 0.007584
v 0.014220 -0.057703 0.006910
v 0.012709 -0.058127 0.006713
v 0.007162 -0.059004 0.006308
v 0.005834 -0.059213 0.006211
v -0.000002 -0.059445 0.006103
v -0.001121 -0.059489 0.006083
v -0.007168 -0.059021 0.006300
v -0.008061 -0.058951 0.006332
v -0.014232 -0.057736 0.006894
v -0.014890 -0.057607 0.006954
v -0.021091 -0.055610 0.007878
v -0.021516 -0.055473 0.007941
v -0.027646 -0.052673 0.009237
v -0.027847 -0.052581 0.009280
v -0.033797 -0.048969 0.010951
v -0.033799 -0.048968 0.010952
v -0.039285 -0.044687 0.012932
v -0.039447 -0.044527 0.013006
v -0.044235 -0.039793 0.015197
v -0.044517 -0.039440 0.015360
v -0.048580 -0.034355 0.017713
v -0.048937 -0.033781 0.017979
v -0.052259 -0.028446 0.020447
v -0.052643 -0.027631 0.020825
v -0.055224 -0.022149 0.023362
v -0.055581 -0.021081 0.023855
v -0.057433 -0.015548 0.026416
v -0.057709 -0.014226 0.027027
v -0.058855 -0.008734 0.029569
v -0.058995 -0.007166 0.030295
v -0.059473 -0.001801 0.032777
v -0.059422 -0.000002 0.033609
v -0.058983 0.007159 0.036923
v -0.059276 0.005157 0.035997
v -0.057685 0.014216 0.040189
v -0.058268 0.012044 0.039184
v -0.055547 0.021064 0.043358
v -0.056463 0.018767 0.042295
v -0.052599 0.027605 0.046384
v -0.053884 0.025233 0.045286
v -0.048886 0.033742 0.049224
v -0.050569 0.031353 0.048119
v -0.046561 0.037044 0.050752
v -0.044461 0.039388 0.051837
v -0.039388 0.044460 0.054184
v -0.041916 0.042228 0.053151
v -0.036698 0.046834 0.055282
v -0.033742 0.048883 0.056230
v -0.030977 0.050800 0.057117
v -0.027604 0.052595 0.057948
v -0.024832 0.054070 0.058630
v -0.021063 0.055541 0.059311
v -0.014215 0.057677 0.060299
v -0.018348 0.056600 0.059801
v -0.007159 0.058974 0.060899
v -0.011612 0.058355 0.060613
v -0.004718 0.059312 0.061056
v 0.053983 0.021536 0.047829
v 0.055548 0.017086 0.045765
v 0.059368 -0.003016 0.036161
v 0.059149 -0.005924 0.034819
v -0.028063 0.052456 0.061553
v -0.028382 0.052294 0.061397
v 0.021085 0.055601 0.059339
v 0.026852 0.053096 0.058180
v 0.007162 -0.059004 0.006308
v 0.005834 -0.059213 0.006211
v -0.058131 -0.011712 0.032283
v -0.057492 -0.014549 0.030971
v -0.057527 0.007849 0.041547
v -0.056703 0.012490 0.043701
v 0.059363 -0.004040 0.031741
v 0.058966 -0.007159 0.030298
v -0.004124 0.057641 0.064844
v -0.003326 0.057708 0.064875
v -0.003326 0.057708 0.064875
v -0.056673 0.012459 0.043763
v -0.055477 0.017015 0.045881
v 0.058079 -0.001536 0.037129
v 0.057759 -0.006243 0.034946
v 0.057601 -0.014548 0.030896
v 0.058242 -0.011706 0.032208
v 0.058789 -0.008818 0.033484
v -0.054701 -0.020003 0.028476
v -0.056154 -0.015499 0.030560
v 0.033073 0.049451 0.060170
v 0.034606 0.048401 0.059606
v -0.006663 0.057429 0.064749
v -0.006663 0.057429 0.064749
v -0.008160 0.057220 0.064655
v 0.058485 -0.010945 0.028546
v 0.039974 0.044060 0.057689
v 0.037763 0.045970 0.058568
v 0.034884 -0.046337 0.016545
v 0.035093 -0.046183 0.016564
v 0.035093 -0.046183 0.016564
v 0.035093 -0.046183 0.016564
v 0.035093 -0.046183 0.016564
v -0.055506 0.017048 0.045818
v 0.018603 -0.055112 0.012228
v -0.050819 0.027954 0.051124
v -0.050819 0.027954 0.051124
v -0.050819 0.027954 0.051124
v -0.051987 0.025730 0.050017
v -0.051987 0.025730 0.050017
v -0.051987 0.025730 0.050017
v 0.014466 0.057706 0.063968
v 0.013266 0.058002 0.064023
v 0.013266 0.058002 0.064023
v -0.052888 -0.024375 0.026453
v -0.047771 0.035432 0.053640
v -0.048498 0.034470 0.053198
v -0.048498 0.034470 0.053198
v 0.054971 0.022692 0.047937
v 0.056019 0.019967 0.046682
v 0.033042 0.049454 0.060091
v 0.012709 -0.058127 0.006713
v 0.005826 0.058965 0.064914
v 0.053767 0.025317 0.049228
v 0.054947 0.022648 0.047997
v -0.049977 0.030131 0.051677
v -0.047379 0.034087 0.053507
v -0.049729 0.029861 0.051939
v -0.049729 0.029861 0.051939
v -0.049729 0.029861 0.051939
v -0.049729 0.029861 0.051939
v -0.055635 -0.016371 0.030492
v -0.055712 -0.016129 0.030605
v -0.055712 -0.016129 0.030605
v 0.007170 0.059053 0.060936
v 0.013802 0.057877 0.060392
v 0.006949 0.059093 0.060954
v -0.056561 -0.012839 0.032136
v -0.056561 -0.012839 0.032136
v -0.056561 -0.012839 0.032136
v -0.056931 -0.010971 0.033005
v 0.030605 0.051015 0.060890
v 0.028938 0.051989 0.061256
v -0.055860 -0.015556 0.030872
v -0.053942 0.021495 0.047883
v 0.058135 -0.001517 0.037088
v 0.057814 -0.006229 0.034905
v 0.053790 0.025362 0.049167
v 0.058315 0.011493 0.042853
v 0.058811 0.008619 0.041528
v 0.000000 0.059500 0.061143
v 0.058630 -0.008846 0.033608
v 0.058989 -0.005960 0.034943
v -0.057693 0.014452 0.043989
v -0.057113 0.016683 0.045015
v -0.057113 0.016683 0.045015
v 0.057492 -0.014549 0.030971
v 0.056714 -0.017351 0.029675
v 0.058073 0.003205 0.039276
v 0.037309 0.046349 0.058662
v 0.040635 0.030257 0.065431
v 0.041879 0.028103 0.065143
v -0.056028 0.020008 0.046621
v -0.054978 0.022733 0.047875
v -0.047574 0.035121 0.053970
v -0.045786 0.037413 0.055031
v 0.058016 0.003182 0.039317
v 0.058288 -0.011691 0.032159
v 0.020057 0.056008 0.063187
v 0.019715 0.056139 0.063166
v -0.044104 0.039889 0.055858
v -0.042092 0.042006 0.056832
v 0.020467 0.055869 0.059463
v 0.047769 0.035431 0.053640
v 0.046818 0.036719 0.054232
v 0.046818 0.036719 0.054232
v 0.046818 0.036719 0.054232
v -0.050801 0.030288 0.051734
v -0.052233 0.027759 0.050564
v -0.053539 0.025162 0.049363
v -0.054716 0.022505 0.048133
v 0.035460 0.047768 0.059396
v 0.052233 0.027759 0.050564
v 0.050801 0.030288 0.051734
v -0.045851 0.037459 0.055024
v -0.043952 0.039664 0.056044
v 0.014232 0.057747 0.060332
v -0.043889 0.039615 0.056049
v -0.058690 -0.008845 0.033575
v -0.059049 -0.005957 0.034911
v 0.039278 0.032353 0.065711
v 0.000000 -0.058010 0.011031
v 0.022783 0.054956 0.062703
v 0.022783 0.054956 0.062703
v -0.013891 0.056158 0.064174
v -0.013891 0.056158 0.064174
v -0.013250 0.056322 0.064249
v -0.013250 0.056322 0.064249
v 0.056803 0.012557 0.043608
v 0.057628 0.007907 0.041454
v -0.058149 0.011409 0.042977
v -0.058644 0.008543 0.041651
v -0.016784 0.055401 0.063832
v -0.056942 0.017235 0.045344
v -0.037668 0.044104 0.058788
v -0.050726 -0.028585 0.024505
v 0.040027 -0.041974 0.018573
v 0.040027 -0.041974 0.018573
v 0.038725 -0.043183 0.017959
v 0.038725 -0.043183 0.017959
v 0.038725 -0.043183 0.017959
v 0.038725 -0.043183 0.017959
v 0.038725 -0.043183 0.017959
v -0.012173 0.056534 0.064344
v -0.030605 0.051015 0.060890
v -0.031298 0.050603 0.060619
v 0.044590 0.039394 0.055463
v 0.044590 0.039394 0.055463
v 0.044102 0.039929 0.055788
v -0.058630 -0.008846 0.033608
v 0.056747 0.012524 0.043649
v 0.057571 0.007879 0.041495
v -0.053607 0.025191 0.049351
v -0.054785 0.022530 0.048120
v -0.057719 0.014420 0.044049
v -0.058206 0.003241 0.039233
v -0.057761 0.007952 0.041413
v -0.047640 0.035163 0.053963
v -0.049314 0.032783 0.052862
v -0.050869 0.030324 0.051725
v -0.052301 0.027791 0.050553
v -0.054308 0.020362 0.047591
v -0.054308 0.020362 0.047591
v -0.053903 0.021429 0.048015
v -0.053903 0.021429 0.048015
v -0.053903 0.021429 0.048015
v -0.053903 0.021429 0.048015
v -0.053903 0.021429 0.048015
v -0.037693 0.044377 0.058350
v -0.055463 0.016986 0.045948
v -0.055463 0.016986 0.045948
v -0.055463 0.016986 0.045948
v -0.055463 0.016986 0.045948
v 0.055994 0.019925 0.046741
v -0.016548 0.055131 0.064925
v -0.013854 0.055876 0.065096
v -0.058707 0.009683 0.041796
v -0.058707 0.009683 0.041796
v -0.058855 0.008693 0.041413
v -0.058855 0.008693 0.041413
v 0.028058 0.047050 0.066645
v 0.030268 0.045544 0.066413
v -0.011125 0.056489 0.065239
v -0.059049 0.007169 0.040639
v -0.059049 0.007169 0.040639
v -0.058357 0.011571 0.042737
v 0.049247 0.032744 0.052871
v 0.016535 0.057156 0.063633
v 0.048891 0.033910 0.052940
v 0.048891 0.033910 0.052940
v 0.049485 0.033024 0.052611
v 0.025771 0.048444 0.066861
v 0.056905 0.017153 0.045464
v 0.000000 0.059173 0.065061
v -0.002912 0.059090 0.065028
v 0.000000 0.059086 0.065056
v -0.002907 0.059005 0.065021
v -0.049484 0.032982 0.052677
v -0.047804 0.035371 0.053777
v -0.056120 0.019769 0.046435
v 0.053538 0.025162 0.049363
v 0.046008 0.037716 0.054770
v -0.052403 0.024858 0.049684
v -0.052403 0.024858 0.049684
v -0.021877 0.053638 0.063033
v -0.021877 0.053638 0.063033
v -0.021877 0.053638 0.063033
v 0.047804 0.035412 0.053710
v 0.017282 0.056925 0.063609
v -0.058006 0.013250 0.043436
v -0.058006 0.013250 0.043436
v -0.058006 0.013250 0.043436
v 0.056932 0.017194 0.045405
v 0.019200 0.054256 0.064724
v 0.021804 0.053252 0.064496
v 0.028587 0.048052 0.065853
v 0.030858 0.046551 0.065594
v -0.049247 0.032744 0.052871
v -0.032472 -0.048058 0.015743
v -0.032472 -0.048058 0.015743
v -0.031230 -0.048878 0.015310
v -0.031230 -0.048878 0.015310
v -0.031230 -0.048878 0.015310
v 0.057679 0.014340 0.044166
v -0.035093 -0.046183 0.016564
v -0.035093 -0.046183 0.016564
v -0.035093 -0.046183 0.016564
v -0.059397 -0.000126 0.037555
v -0.059329 0.002787 0.038901
v -0.037710 -0.044068 0.017600
v -0.037710 -0.044068 0.017600
v -0.038724 -0.043184 0.017958
v -0.038724 -0.043184 0.017958
v -0.038724 -0.043184 0.017958
v -0.038724 -0.043184 0.017958
v -0.051024 0.030466 0.051603
v -0.049465 0.032934 0.052740
v -0.059322 -0.003039 0.036210
v -0.056878 0.011354 0.043398
v -0.056799 0.011702 0.043560
v -0.056799 0.011702 0.043560
v -0.056799 0.011702 0.043560
v -0.059211 0.005795 0.040079
v -0.059211 0.005795 0.040079
v -0.059211 0.005795 0.040079
v -0.058329 0.011603 0.042679
v -0.058855 -0.008734 0.029569
v -0.058995 -0.007166 0.030295
v -0.052998 0.023562 0.049081
v -0.052998 0.023562 0.049081
v 0.041946 0.041773 0.057020
v 0.043952 0.039664 0.056044
v -0.042302 -0.039974 0.019234
v -0.045415 -0.036410 0.020883
v 0.000000 0.059259 0.065044
v -0.002916 0.059180 0.065013
v -0.035460 0.047768 0.059396
v -0.036774 0.046775 0.058858
v -0.059422 -0.000002 0.033609
v -0.059276 0.005157 0.035997
v 0.044010 0.039721 0.056022
v 0.045911 0.037512 0.055001
v -0.054876 0.022997 0.047920
v 0.050683 0.031168 0.051679
v -0.014234 -0.057752 0.010775
v -0.014234 -0.057752 0.010775
v -0.014234 -0.057752 0.010775
v -0.013266 -0.058002 0.010660
v -0.013266 -0.058002 0.010660
v 0.057707 0.014380 0.044108
v 0.026242 0.049439 0.066093
v -0.059267 -0.003054 0.036252
v -0.059473 -0.001801 0.032777
v 0.006612 0.059131 0.064542
v 0.007170 0.059053 0.064506
v 0.007170 0.059053 0.064506
v -0.059272 0.002767 0.038943
v -0.059062 0.005670 0.040285
v 0.019923 0.054666 0.063104
v 0.023695 0.053173 0.062416
v -0.057685 0.014216 0.040189
v -0.056463 0.018767 0.042295
v -0.056806 0.017079 0.045558
v -0.055895 0.019846 0.046836
v 0.033748 -0.048895 0.010985
v 0.031929 -0.050207 0.010378
v 0.005836 0.059204 0.064657
v 0.005836 0.059204 0.064657
v 0.039978 0.044022 0.057760
v 0.042092 0.042006 0.056833
v -0.047787 0.035322 0.053841
v 0.022758 -0.054972 0.012102
v 0.022758 -0.054972 0.012102
v 0.022758 -0.054972 0.012102
v 0.020034 -0.056022 0.011619
v 0.020034 -0.056022 0.011619
v -0.033078 0.049415 0.060244
v -0.035465 0.047731 0.059469
v -0.039338 0.044640 0.057876
v -0.037763 0.045970 0.058568
v 0.009897 0.058671 0.064330
v 0.009897 0.058671 0.064330
v 0.008736 0.058846 0.064492
v -0.057579 0.014272 0.044260
v -0.046010 0.037675 0.054838
v -0.045010 0.036580 0.055138
v -0.047144 0.033796 0.053771
v -0.047144 0.033796 0.053771
v -0.047144 0.033796 0.053771
v -0.047144 0.033796 0.053771
v -0.047971 -0.032566 0.022952
v -0.048432 -0.031911 0.023257
v -0.048432 -0.031911 0.023257
v -0.048432 -0.031911 0.023257
v 0.031747 0.048392 0.062059
v 0.034038 0.046805 0.061668
v -0.039974 0.044060 0.057689
v 0.037574 -0.046135 0.012262
v -0.024437 0.052543 0.062536
v -0.024437 0.052543 0.062536
v -0.024437 0.052543 0.062536
v -0.023689 0.052919 0.062628
v -0.023689 0.052919 0.062628
v -0.023689 0.052919 0.062628
v -0.014451 -0.057696 0.010801
v 0.059415 -0.003185 0.035877
v 0.059421 -0.002954 0.036051
v 0.003309 0.059408 0.064669
v -0.002804 0.057722 0.064881
v 0.045414 -0.036408 0.020884
v 0.042300 -0.039972 0.019235
v 0.044463 -0.039393 0.015382
v 0.042705 -0.041431 0.014439
v -0.054749 -0.019146 0.029200
v 0.011615 0.058346 0.064262
v -0.033073 0.049451 0.060170
v -0.052245 0.025979 0.049755
v -0.058989 -0.005960 0.034943
v 0.039393 -0.044467 0.013034
v -0.059118 0.005694 0.040243
v -0.058766 0.008586 0.041579
v 0.016043 0.055810 0.063695
v -0.008727 -0.058835 0.010276
v -0.007170 -0.059053 0.010176
v -0.007170 -0.059053 0.010176
v -0.007170 -0.059053 0.010176
v -0.006612 -0.059132 0.010140
v -0.006612 -0.059132 0.010140
v -0.059341 -0.000144 0.037597
v -0.058268 0.012044 0.039184
v 0.056391 -0.013567 0.031797
v 0.056391 -0.013567 0.031797
v 0.056391 -0.013567 0.031797
v 0.055884 -0.015541 0.030816
v 0.055884 -0.015541 0.030816
v 0.055884 -0.015541 0.030816
v -0.050007 -0.029359 0.024446
v -0.052357 -0.028100 0.024637
v -0.050918 -0.030633 0.023467
v 0.045974 0.037733 0.054698
v -0.023386 -0.053076 0.013404
v -0.022913 -0.053281 0.013261
v -0.022913 -0.053281 0.013261
v -0.022913 -0.053281 0.013261
v -0.022913 -0.053281 0.013261
v -0.056862 0.017114 0.045516
v -0.057636 0.014303 0.044218
v 0.029299 -0.050056 0.014813
v 0.029299 -0.050056 0.014813
v 0.029299 -0.050056 0.014813
v 0.027159 -0.051244 0.014207
v 0.027159 -0.051244 0.014207
v 0.027159 -0.051244 0.014207
v -0.005829 -0.059210 0.010150
v -0.005829 -0.059210 0.010150
v -0.042089 0.042045 0.056762
v -0.042089 0.042045 0.056762
v -0.045994 0.037625 0.054903
v 0.047251 -0.036160 0.016878
v 0.019872 0.054393 0.063375
v 0.019266 0.054618 0.063477
v 0.056960 -0.010956 0.032949
v 0.056960 -0.010956 0.032949
v 0.056960 -0.010956 0.032949
v 0.011602 0.058332 0.064175
v -0.022719 0.053316 0.062887
v -0.022719 0.053316 0.062887
v 0.031230 -0.048877 0.015311
v 0.031230 -0.048877 0.015311
v 0.031230 -0.048877 0.015311
v -0.048230 -0.032605 0.022644
v -0.038909 -0.043273 0.017707
v -0.058983 0.007159 0.036923
v -0.044626 0.037024 0.055346
v -0.044626 0.037024 0.055346
v -0.044626 0.037024 0.055346
v -0.054169 0.021655 0.047754
v 0.010344 0.052111 0.068354
v 0.007788 0.052619 0.068422
v -0.044090 0.039839 0.055924
v 0.022131 0.053557 0.062996
v 0.022131 0.053557 0.062996
v 0.021883 0.053649 0.063038
v 0.021883 0.053649 0.063038
v 0.021883 0.053649 0.063038
v -0.057750 0.014233 0.043889
v -0.044248 0.037508 0.055498
v -0.044248 0.037508 0.055498
v -0.044248 0.037508 0.055498
v 0.012865 0.051465 0.068267
v 0.048228 -0.032604 0.022645
v 0.023636 0.052899 0.062698
v 0.024440 0.052548 0.062538
v 0.024440 0.052548 0.062538
v 0.024440 0.052548 0.062538
v -0.044461 0.039388 0.051837
v -0.041916 0.042228 0.053151
v -0.058998 0.005656 0.040316
v 0.045568 0.024562 0.064151
v -0.030611 0.050980 0.060964
v -0.028069 0.052422 0.061628
v -0.046436 -0.034752 0.021935
v -0.046436 -0.034752 0.021935
v -0.046436 -0.034752 0.021935
v 0.026935 0.051326 0.061983
v 0.027267 0.051157 0.061906
v -0.039388 0.044460 0.054184
v -0.036698 0.046834 0.055282
v 0.050724 -0.028583 0.024506
v 0.042371 0.041772 0.056557
v 0.026368 -0.051660 0.014065
v 0.026368 -0.051660 0.014065
v 0.026368 -0.051660 0.014065
v 0.022914 -0.053285 0.013262
v 0.022914 -0.053285 0.013262
v 0.022914 -0.053285 0.013262
v 0.022914 -0.053285 0.013262
v 0.022914 -0.053285 0.013262
v -0.024083 -0.052762 0.013550
v -0.027161 -0.051248 0.014208
v -0.027161 -0.051248 0.014208
v -0.027161 -0.051248 0.014208
v -0.027161 -0.051248 0.014208
v -0.027161 -0.051248 0.014208
v 0.041885 0.041721 0.057024
v 0.043889 0.039615 0.056049
v -0.046561 0.037044 0.050752
v 0.011595 0.058108 0.064518
v 0.008721 0.058607 0.064749
v -0.059205 -0.003060 0.036284
v 0.000000 -0.059495 0.010018
v -0.030503 0.050713 0.061154
v -0.032962 0.049154 0.060433
v 0.002918 -0.059425 0.010051
v 0.003296 -0.059409 0.010013
v 0.003296 -0.059409 0.010013
v 0.053211 -0.023032 0.027391
v 0.053211 -0.023032 0.027391
v 0.053211 -0.023032 0.027391
v 0.053513 -0.022369 0.027700
v 0.059204 -0.005866 0.034711
v 0.059204 -0.005866 0.034711
v 0.059156 -0.006384 0.034404
v -0.025370 0.053460 0.062425
v -0.022708 0.054641 0.062971
v -0.002918 -0.059425 0.010051
v -0.035288 0.047414 0.059658
v -0.037579 0.045625 0.058830
v 0.008708 0.058518 0.064764
v 0.005817 0.058875 0.064929
v 0.057116 -0.010085 0.033418
v 0.057116 -0.010085 0.033418
v -0.025459 0.053738 0.062234
v -0.030456 0.050645 0.061153
v -0.027926 0.052078 0.061816
v -0.033742 0.048883 0.056230
v -0.048886 0.033742 0.049224
v -0.050569 0.031353 0.048119
v 0.057434 -0.014537 0.030994
v 0.056658 -0.017337 0.029699
v 0.057662 -0.006300 0.035115
v 0.057662 -0.006300 0.035115
v 0.057662 -0.006300 0.035115
v 0.057662 -0.006300 0.035115
v 0.057662 -0.006300 0.035115
v -0.030977 0.050800 0.057117
v -0.058214 0.011430 0.042947
v -0.058709 0.008561 0.041621
v -0.053669 -0.025499 0.025838
v -0.024040 -0.052783 0.013541
v -0.022788 0.054923 0.062780
v 0.019092 0.054682 0.063506
v 0.019092 0.054682 0.063506
v -0.056233 0.014209 0.044727
v -0.056233 0.014209 0.044727
v -0.056233 0.014209 0.044727
v -0.056640 0.012407 0.043888
v -0.044412 0.037762 0.055236
v -0.041212 0.041240 0.056846
v 0.027971 0.050799 0.061744
v 0.027971 0.050799 0.061744
v 0.057719 0.014420 0.044049
v 0.058108 0.012792 0.043226
v 0.058108 0.012792 0.043226
v -0.030547 0.050787 0.061135
v -0.028011 0.052226 0.061800
v -0.049053 0.030947 0.052516
v -0.049053 0.030947 0.052516
v -0.047319 0.034036 0.053510
v -0.003309 -0.059408 0.010013
v -0.003309 -0.059408 0.010013
v -0.057514 0.014248 0.044290
v -0.056740 0.017052 0.045586
v -0.021063 0.055541 0.059311
v -0.018348 0.056600 0.059801
v -0.052599 0.027605 0.046384
v -0.024832 0.054070 0.058630
v -0.055547 0.021064 0.043358
v -0.048814 0.031303 0.052682
v -0.048814 0.031303 0.052682
v 0.047701 0.035213 0.053938
v 0.057750 -0.014234 0.030794
v 0.058006 -0.013250 0.031246
v 0.058006 -0.013250 0.031246
v 0.058006 -0.013250 0.031246
v 0.042089 0.042046 0.056762
v -0.035342 0.047477 0.059658
v -0.037636 0.045684 0.058829
v 0.057749 0.014234 0.043889
v -0.046048 -0.035241 0.021708
v -0.059424 0.002883 0.038738
v -0.059494 -0.000036 0.037395
v -0.025406 0.053539 0.062407
v -0.022741 0.054722 0.062954
v 0.058926 -0.005956 0.034965
v -0.052181 0.025937 0.049761
v -0.049914 0.030085 0.051681
v 0.052600 -0.024378 0.026764
v -0.055737 0.017190 0.045688
v -0.059415 0.003184 0.038806
v 0.058329 -0.011604 0.032004
v -0.053884 0.025233 0.045286
v -0.027604 0.052595 0.057948
v -0.025329 0.053386 0.062421
v -0.022672 0.054565 0.062967
v 0.023727 0.053250 0.062403
v 0.027359 0.051500 0.061594
v 0.027359 0.051500 0.061594
v -0.058271 0.011459 0.042905
v 0.037636 0.045684 0.058829
v 0.035342 0.047477 0.059658
v 0.032141 -0.048280 0.015640
v 0.032141 -0.048280 0.015640
v -0.005830 -0.059197 0.010110
v 0.025426 -0.053789 0.012647
v 0.025426 -0.053789 0.012647
v 0.028034 -0.052478 0.013251
v -0.027372 0.051493 0.061591
v -0.027372 0.051493 0.061591
v -0.023772 0.053230 0.062394
v 0.059411 0.003243 0.038833
v -0.017287 0.056894 0.063687
v -0.014470 0.057675 0.064047
v -0.045169 -0.036349 0.021191
v -0.050874 -0.030624 0.023509
v -0.049315 -0.033082 0.022373
v -0.035391 0.047546 0.059637
v -0.037688 0.045750 0.058808
v 0.047752 0.035268 0.053897
v 0.049429 0.032881 0.052796
v 0.045851 0.037459 0.055025
v -0.027970 0.052149 0.061818
v -0.007940 0.053664 0.068249
v -0.005307 0.054026 0.068300
v -0.008736 0.058846 0.064492
v -0.009769 0.058692 0.064340
v -0.032912 0.049089 0.060433
v -0.011619 0.058316 0.064342
v -0.026848 -0.051412 0.014180
v -0.026848 -0.051412 0.014180
v -0.019201 0.054256 0.064724
v -0.049802 0.029982 0.051745
v -0.005402 0.055056 0.067889
v -0.002705 0.055272 0.067923
v 0.059475 -0.000070 0.037451
v -0.011150 0.056735 0.064435
v -0.011150 0.056735 0.064435
v -0.011150 0.056735 0.064435
v -0.052311 -0.028093 0.024679
v -0.008203 0.057660 0.064416
v -0.004146 0.058077 0.064608
v 0.022671 0.054565 0.062967
v 0.019959 0.055612 0.063451
v 0.059374 0.002815 0.038850
v 0.059443 -0.000101 0.037505
v 0.000000 0.055344 0.067935
v -0.000065 0.058220 0.064674
v -0.050112 0.027799 0.059027
v 0.059406 0.002847 0.038795
v -0.030752 0.049313 0.060758
v -0.033923 0.047183 0.059768
v 0.017198 0.056524 0.063873
v 0.055800 -0.020111 0.028398
v -0.044389 -0.037331 0.020734
v -0.044389 -0.037331 0.020734
v -0.049854 0.030034 0.051704
v -0.052119 0.025892 0.049785
v 0.057940 -0.006212 0.034859
v 0.057234 -0.010891 0.032693
v -0.029703 -0.049817 0.014924
v -0.029703 -0.049817 0.014924
v -0.029703 -0.049817 0.014924
v -0.030752 0.049313 0.060758
v -0.002658 0.054245 0.068331
v -0.005602 0.057518 0.064789
v -0.005602 0.057518 0.064789
v -0.005602 0.057518 0.064789
v -0.054852 -0.022837 0.027068
v -0.045884 -0.037767 0.020172
v -0.047678 -0.035473 0.021232
v 0.048954 -0.033790 0.021797
v 0.048954 -0.033790 0.021797
v 0.048954 -0.033790 0.021797
v 0.049453 -0.033046 0.022140
v -0.034021 0.047363 0.059681
v -0.030837 0.049490 0.060670
v 0.025092 0.052263 0.062409
v 0.025092 0.052263 0.062409
v 0.048498 -0.034470 0.021485
v 0.048498 -0.034470 0.021485
v 0.045960 0.037570 0.054959
v 0.000000 0.054318 0.068342
v -0.022783 0.054956 0.062703
v -0.022783 0.054956 0.062703
v -0.022783 0.054956 0.062703
v -0.021091 0.055613 0.062924
v 0.025329 0.053386 0.062421
v -0.057480 0.007794 0.041672
v -0.057480 0.007794 0.041672
v -0.057480 0.007794 0.041672
v -0.057480 0.007794 0.041672
v -0.057480 0.007794 0.041672
v -0.022387 0.055128 0.062700
v -0.042500 -0.039468 0.019739
v -0.042500 -0.039468 0.019739
v -0.042500 -0.039468 0.019739
v 0.059176 0.006204 0.040195
v 0.059210 0.005795 0.040079
v 0.059210 0.005795 0.040079
v 0.059210 0.005795 0.040079
v -0.053572 -0.025482 0.025914
v 0.054699 -0.020002 0.028477
v 0.052886 -0.024374 0.026454
v 0.056006 -0.020072 0.028171
v 0.056120 -0.019769 0.028248
v -0.059156 0.006384 0.040278
v 0.051991 -0.028934 0.024031
v 0.051991 -0.028934 0.024031
v 0.051991 -0.028934 0.024031
v 0.052456 -0.028040 0.024443
v 0.059046 0.007169 0.040639
v 0.059046 0.007169 0.040639
v 0.058855 0.008693 0.041413
v 0.058855 0.008693 0.041413
v -0.016221 0.056004 0.063649
v -0.012238 0.056970 0.064096
v -0.042078 -0.039897 0.019540
v 0.012109 0.056760 0.064130
v -0.044357 0.037701 0.055256
v -0.047261 0.033979 0.053532
v 0.005402 0.055056 0.067889
v 0.008084 0.054699 0.067833
v -0.053622 -0.025495 0.025880
v -0.054804 -0.022835 0.027109
v -0.009950 0.056971 0.064542
v -0.009950 0.056971 0.064542
v -0.016510 0.055488 0.063871
v -0.016601 0.055459 0.063858
v 0.054954 -0.022796 0.026917
v 0.002658 0.054245 0.068331
v 0.005307 0.054026 0.068300
v -0.020062 0.055976 0.063265
v 0.021091 -0.055613 0.011759
v 0.021091 -0.055613 0.011759
v 0.021091 -0.055613 0.011759
v 0.058707 -0.009684 0.032887
v 0.058707 -0.009684 0.032887
v 0.058707 -0.009684 0.032887
v 0.057693 -0.014452 0.030693
v 0.002705 0.055272 0.067923
v 0.057962 0.002080 0.039081
v 0.057962 0.002080 0.039081
v 0.057915 0.003108 0.039490
v 0.057915 0.003108 0.039490
v 0.057915 0.003108 0.039490
v 0.057915 0.003108 0.039490
v -0.052272 0.025113 0.049803
v -0.052272 0.025113 0.049803
v -0.052272 0.025113 0.049803
v -0.051971 0.025701 0.050077
v -0.057187 -0.009673 0.033610
v -0.057187 -0.009673 0.033610
v 0.008693 0.058435 0.064757
v 0.005807 0.058791 0.064922
v 0.022387 -0.055128 0.011982
v -0.028489 0.050513 0.061613
v -0.028489 0.050513 0.061613
v -0.027278 0.051145 0.061901
v 0.004041 0.058084 0.064611
v 0.056152 -0.015498 0.030561
v -0.007170 0.059053 0.064506
v -0.007170 0.059053 0.064506
v -0.006592 0.059133 0.064543
v 0.052664 -0.027640 0.024627
v 0.052664 -0.027640 0.024627
v 0.053770 -0.025464 0.025689
v 0.053770 -0.025464 0.025689
v 0.053770 -0.025464 0.025689
v -0.021804 0.053252 0.064496
v 0.007940 0.053664 0.068249
v 0.011558 0.057938 0.064527
v 0.053528 -0.025981 0.025390
v -0.058000 -0.000000 0.038113
v -0.058000 -0.000000 0.038113
v -0.058000 -0.000000 0.038113
v -0.057919 0.003107 0.039491
v -0.057919 0.003107 0.039491
v -0.057919 0.003107 0.039491
v -0.057919 0.003107 0.039491
v 0.046041 -0.035233 0.021711
v 0.046041 -0.035233 0.021711
v 0.046041 -0.035233 0.021711
v 0.046843 -0.034202 0.022191
v 0.046843 -0.034202 0.022191
v 0.056923 -0.017301 0.029447
v 0.057113 -0.016683 0.029667
v 0.057113 -0.016683 0.029667
v 0.010547 0.053162 0.068177
v -0.057976 -0.001601 0.037299
v -0.057976 -0.001601 0.037299
v -0.057976 -0.001601 0.037299
v 0.010742 0.054203 0.067756
v 0.016170 -0.055700 0.012184
v 0.016170 -0.055700 0.012184
v 0.016170 -0.055700 0.012184
v 0.013993 -0.056283 0.011863
v 0.013993 -0.056283 0.011863
v 0.013993 -0.056283 0.011863
v 0.013993 -0.056283 0.011863
v -0.005836 0.059204 0.064657
v -0.005836 0.059204 0.064657
v -0.003296 0.059408 0.064670
v 0.058345 -0.011640 0.032053
v -0.035260 -0.046287 0.016312
v -0.041160 0.041175 0.056866
v 0.049724 0.029839 0.052001
v 0.049932 0.029509 0.051847
v 0.051014 -0.030579 0.023275
v 0.058000 -0.000000 0.038113
v 0.058000 -0.000000 0.038113
v 0.058000 -0.000000 0.038113
v 0.015957 0.052803 0.067537
v 0.018499 0.051904 0.067397
v -0.047715 -0.035477 0.021185
v -0.049396 -0.033095 0.022284
v 0.057758 0.007953 0.041414
v 0.058203 0.003241 0.039233
v 0.057974 -0.001600 0.037299
v 0.057974 -0.001600 0.037299
v 0.057974 -0.001600 0.037299
v 0.047966 -0.032563 0.022954
v 0.059205 -0.003060 0.036284
v 0.058690 -0.008845 0.033576
v 0.059049 -0.005957 0.034911
v 0.018514 -0.054962 0.012478
v 0.018514 -0.054962 0.012478
v 0.018514 -0.054962 0.012478
v -0.047747 -0.035473 0.021136
v -0.049429 -0.033089 0.022235
v -0.059104 -0.005945 0.034869
v -0.010344 0.052111 0.068354
v -0.012865 0.051465 0.068267
v 0.048804 0.031299 0.052680
v 0.048804 0.031299 0.052680
v 0.048804 0.031299 0.052680
v -0.019323 0.056275 0.063228
v -0.020057 0.056008 0.063187
v 0.057704 -0.014488 0.030742
v -0.053883 0.021400 0.048075
v 0.002907 0.059005 0.065021
v -0.055904 -0.020120 0.028322
v -0.039978 0.044022 0.057760
v 0.051971 0.025703 0.050077
v 0.051537 0.026608 0.050498
v 0.051537 0.026608 0.050498
v -0.005207 0.052985 0.068471
v -0.007789 0.052619 0.068422
v -0.017282 0.056925 0.063609
v 0.057380 0.008457 0.042049
v 0.057380 0.008457 0.042049
v 0.057479 0.007795 0.041673
v 0.057479 0.007795 0.041673
v 0.057479 0.007795 0.041673
v 0.057479 0.007795 0.041673
v 0.057479 0.007795 0.041673
v 0.057479 0.007795 0.041673
v 0.051017 -0.030610 0.023319
v 0.015657 0.051748 0.067976
v 0.018143 0.050841 0.067848
v -0.057549 -0.014553 0.030938
v -0.056769 -0.017357 0.029641
v 0.032911 0.049089 0.060433
v 0.035288 0.047415 0.059658
v 0.030743 0.049186 0.060970
v 0.030743 0.049186 0.060970
v 0.030743 0.049186 0.060970
v 0.002912 0.059090 0.065028
v 0.045975 -0.037762 0.020026
v 0.044528 -0.039449 0.019195
v 0.044528 -0.039449 0.019195
v -0.010911 -0.056964 0.011596
v -0.010911 -0.056964 0.011596
v -0.013994 -0.056290 0.011865
v -0.013994 -0.056290 0.011865
v -0.013994 -0.056290 0.011865
v 0.049454 -0.033076 0.022184
v 0.049454 -0.033076 0.022184
v -0.049711 0.029831 0.051997
v -0.057810 0.004684 0.040293
v 0.041396 -0.040587 0.019219
v 0.041396 -0.040587 0.019219
v 0.041396 -0.040587 0.019219
v 0.050299 -0.031784 0.022720
v 0.050299 -0.031784 0.022720
v 0.050299 -0.031784 0.022720
v -0.016169 0.057261 0.063682
v -0.014466 0.057705 0.063968
v -0.012961 0.058071 0.064054
v 0.045173 -0.036351 0.021191
v 0.059049 -0.007170 0.034043
v 0.059049 -0.007170 0.034043
v 0.059049 -0.007170 0.034043
v 0.058837 -0.008728 0.033326
v -0.037742 0.044448 0.058331
v -0.009381 -0.057239 0.011422
v -0.009381 -0.057239 0.011422
v -0.009381 -0.057239 0.011422
v 0.020572 0.049805 0.067701
v -0.058242 -0.011706 0.032208
v -0.057601 -0.014548 0.030896
v 0.020986 0.050876 0.067237
v 0.030838 0.049496 0.060670
v 0.030838 0.049496 0.060670
v 0.030838 0.049496 0.060670
v 0.041158 0.041174 0.056868
v 0.037691 0.044376 0.058351
v 0.042500 -0.039468 0.019739
v 0.042500 -0.039468 0.019739
v 0.042078 -0.039896 0.019540
v 0.044241 -0.039787 0.019039
v 0.057898 -0.003437 0.036513
v 0.057898 -0.003437 0.036513
v -0.015343 0.050683 0.068163
v -0.045951 -0.037772 0.020076
v 0.037757 0.045880 0.058709
v 0.052456 -0.028071 0.024488
v -0.057962 0.002080 0.039081
v -0.057962 0.002080 0.039081
v -0.054752 -0.022824 0.027143
v -0.011615 0.058346 0.064262
v 0.023386 -0.053076 0.013404
v 0.033767 0.048923 0.056249
v 0.038436 0.045419 0.054627
v 0.054876 -0.022998 0.026762
v -0.056714 -0.017351 0.029675
v 0.052998 0.023562 0.049081
v 0.052998 0.023562 0.049081
v 0.052998 0.023562 0.049081
v 0.052256 0.025108 0.049800
v 0.030838 0.049496 0.060670
v 0.030838 0.049496 0.060670
v 0.058845 -0.008763 0.033377
v 0.045982 -0.037738 0.019982
v 0.014440 0.057469 0.064222
v 0.011577 0.058020 0.064534
v 0.014419 0.057382 0.064238
v 0.023826 0.050709 0.066313
v -0.022442 0.047556 0.067744
v -0.024671 0.046267 0.067571
v -0.041396 -0.040590 0.019217
v -0.041396 -0.040590 0.019217
v -0.041396 -0.040590 0.019217
v -0.042097 -0.039896 0.019486
v -0.042097 -0.039896 0.019486
v -0.042097 -0.039896 0.019486
v -0.058744 -0.008836 0.033534
v 0.057929 -0.002404 0.036994
v 0.057929 -0.002404 0.036994
v 0.057929 -0.002404 0.036994
v -0.057812 0.004665 0.040284
v -0.057812 0.004665 0.040284
v -0.057812 0.004665 0.040284
v 0.041209 0.041239 0.056847
v 0.037738 0.044446 0.058332
v 0.044057 0.039781 0.055980
v 0.056934 0.012613 0.043570
v -0.026822 0.044863 0.067384
v -0.028890 0.043352 0.067181
v -0.044044 -0.039979 0.019059
v -0.020345 -0.054315 0.012828
v -0.020345 -0.054315 0.012828
v -0.020345 -0.054315 0.012828
v -0.018513 -0.054961 0.012477
v -0.018513 -0.054961 0.012477
v -0.018513 -0.054961 0.012477
v -0.056821 -0.017355 0.029599
v 0.030882 0.049566 0.060672
v 0.027401 0.051569 0.061598
v 0.052049 -0.025590 0.026200
v 0.052049 -0.025590 0.026200
v 0.039412 0.044490 0.054198
v 0.043478 0.040619 0.052406
v 0.053894 0.021405 0.048077
v 0.057746 0.005415 0.040632
v 0.057746 0.005415 0.040632
v -0.041266 0.041301 0.056846
v -0.037792 0.044512 0.058332
v 0.056798 0.011704 0.043561
v 0.056798 0.011704 0.043561
v 0.056798 0.011704 0.043561
v 0.056658 0.012432 0.043830
v 0.056658 0.012432 0.043830
v 0.056658 0.012432 0.043830
v -0.055854 -0.020120 0.028364
v 0.045282 -0.036356 0.020984
v -0.020140 0.048725 0.067900
v -0.030870 0.041739 0.066966
v 0.027268 0.051181 0.061879
v 0.027268 0.051181 0.061879
v 0.027268 0.051181 0.061879
v 0.045322 -0.036369 0.020942
v -0.017771 0.049769 0.068040
v -0.044469 0.037818 0.055234
v -0.032758 0.040029 0.066737
v -0.017248 -0.055376 0.012335
v -0.017248 -0.055376 0.012335
v 0.059279 -0.000153 0.037629
v 0.059209 0.002755 0.038974
v 0.048087 -0.032562 0.022743
v 0.052609 0.027613 0.046388
v 0.051714 0.029426 0.047227
v 0.012097 0.056595 0.064295
v 0.012097 0.056595 0.064295
v 0.012097 0.056595 0.064295
v 0.008097 0.057277 0.064604
v 0.008097 0.057277 0.064604
v 0.008097 0.057277 0.064604
v 0.008097 0.057277 0.064604
v 0.004706 -0.057812 0.011156
v 0.004706 -0.057812 0.011156
v 0.004706 -0.057812 0.011156
v 0.009381 -0.057236 0.011423
v 0.009381 -0.057236 0.011423
v 0.009381 -0.057236 0.011423
v 0.013123 0.052522 0.068086
v -0.055800 -0.020111 0.028398
v 0.028010 0.052226 0.061800
v 0.025406 0.053539 0.062407
v 0.030883 0.049567 0.060672
v 0.034018 0.047362 0.059682
v 0.034018 0.047362 0.059682
v 0.034018 0.047362 0.059682
v -0.029381 0.049869 0.062426
v -0.031747 0.048392 0.062059
v 0.050574 -0.028552 0.024602
v 0.016024 0.055647 0.063866
v 0.016024 0.055647 0.063866
v 0.016024 0.055647 0.063866
v 0.022376 -0.053510 0.013202
v 0.013369 0.053570 0.067657
v 0.056867 0.011405 0.043421
v 0.056867 0.011405 0.043421
v 0.041913 0.031277 0.065092
v 0.043246 0.029093 0.064785
v 0.025369 0.053460 0.062425
v 0.022708 0.054641 0.062971
v -0.058190 -0.011713 0.032250
v 0.047924 0.035264 0.049928
v 0.048902 0.033757 0.049231
v 0.044481 0.039410 0.051847
v -0.039893 0.043844 0.057927
v 0.047574 0.035121 0.053970
v 0.048130 -0.032571 0.022702
v -0.044235 0.037477 0.055557
v -0.042751 0.039196 0.056358
v -0.042751 0.039196 0.056358
v -0.042751 0.039196 0.056358
v 0.019302 -0.054694 0.012652
v 0.019302 -0.054694 0.012652
v 0.019302 -0.054694 0.012652
v 0.044464 0.026853 0.064471
v 0.055550 0.021069 0.043360
v 0.054797 0.023185 0.044339
v -0.039839 0.043781 0.057949
v 0.054534 -0.019994 0.028570
v 0.052728 -0.024353 0.026549
v 0.057130 0.016627 0.041304
v 0.044726 -0.036927 0.020923
v 0.044726 -0.036927 0.020923
v -0.056658 0.012431 0.043829
v -0.056658 0.012431 0.043829
v -0.056658 0.012431 0.043829
v -0.014215 0.057677 0.060299
v 0.019991 0.055689 0.063456
v 0.017226 0.056604 0.063879
v 0.045786 0.037413 0.055031
v -0.026944 0.051232 0.062768
v -0.011612 0.058355 0.060613
v 0.022741 0.054722 0.062954
v 0.052776 -0.024356 0.026508
v 0.050620 -0.028558 0.024561
v 0.055444 0.016962 0.046008
v 0.055177 0.017874 0.046433
v 0.055177 0.017874 0.046433
v 0.000000 -0.058149 0.010826
v -0.027415 0.051561 0.061594
v -0.023810 0.053300 0.062399
v -0.027289 0.051308 0.061670
v 0.006525 -0.057632 0.011285
v 0.006525 -0.057632 0.011285
v 0.006525 -0.057632 0.011285
v 0.008127 0.057596 0.064410
v 0.012140 0.056913 0.064095
v -0.010582 -0.057018 0.011571
v -0.007692 -0.057488 0.011352
v -0.007692 -0.057488 0.011352
v 0.004036 0.058010 0.064602
v -0.004706 -0.057810 0.011156
v -0.004706 -0.057810 0.011156
v -0.004706 -0.057810 0.011156
v -0.004706 -0.057810 0.011156
v 0.056635 0.012407 0.043888
v 0.056092 0.014754 0.044981
v 0.056092 0.014754 0.044981
v 0.056092 0.014754 0.044981
v -0.007159 0.058974 0.060899
v -0.009373 -0.057214 0.011480
v -0.037618 0.044146 0.058814
v 0.019949 0.054744 0.063093
v -0.051016 -0.030610 0.023319
v -0.052350 -0.028279 0.024333
v -0.004139 0.058004 0.064599
v -0.000065 0.058146 0.064664
v 0.034064 0.047431 0.059684
v 0.049800 0.029982 0.051747
v 0.057112 -0.010899 0.032741
v -0.020078 0.054781 0.063084
v -0.050249 -0.028965 0.024629
v -0.050249 -0.028965 0.024629
v -0.002921 0.059419 0.064756
v -0.052456 -0.028071 0.024488
v -0.027283 0.051173 0.061876
v -0.027283 0.051173 0.061876
v -0.027283 0.051173 0.061876
v 0.040468 0.033398 0.065389
v -0.004718 0.059312 0.061056
v 0.020021 0.055773 0.063439
v 0.057058 -0.010909 0.032783
v 0.038913 0.035449 0.065677
v -0.039780 0.043725 0.057951
v 0.058744 -0.008836 0.033534
v 0.027926 0.052078 0.061816
v 0.030456 0.050645 0.061153
v 0.037250 0.037425 0.065955
v 0.055981 -0.015503 0.030653
v 0.016061 0.055886 0.063666
v -0.020047 0.054710 0.063077
v 0.005590 0.057314 0.065432
v 0.033614 0.041124 0.066476
v 0.035482 0.039318 0.066222
v 0.016548 0.055131 0.064925
v 0.049851 0.030034 0.051706
v 0.047258 0.033979 0.053534
v 0.017252 0.056689 0.063862
v -0.001203 -0.057988 0.011118
v -0.053950 -0.025091 0.025799
v -0.053950 -0.025091 0.025799
v -0.053770 -0.025464 0.025689
v -0.016199 0.055931 0.063641
v -0.012221 0.056896 0.064087
v 0.056033 -0.015497 0.030611
v 0.014395 0.057300 0.064232
v -0.054954 -0.022796 0.026917
v -0.055351 -0.021829 0.027300
v -0.055351 -0.021829 0.027300
v -0.055351 -0.021829 0.027300
v -0.055952 0.019883 0.046794
v -0.054906 0.022604 0.048051
v -0.025453 0.053771 0.062157
v 0.058263 -0.001491 0.037044
v 0.011151 0.056735 0.064435
v 0.009566 0.057034 0.064570
v 0.009566 0.057034 0.064570
v 0.009566 0.057034 0.064570
v -0.020018 0.054633 0.063089
v 0.054094 0.020923 0.047853
v -0.055355 0.017315 0.046173
v 0.012990 -0.056527 0.011800
v 0.012990 -0.056527 0.011800
v -0.008192 0.057587 0.064406
v 0.025453 0.053771 0.062157
v 0.000000 -0.058005 0.011067
v 0.054585 -0.019993 0.028529
v 0.003262 -0.057908 0.011155
v 0.003262 -0.057908 0.011155
v 0.033048 0.044942 0.065317
v -0.057934 -0.002406 0.036994
v -0.057934 -0.002406 0.036994
v -0.057934 -0.002406 0.036994
v -0.057662 -0.006301 0.035114
v -0.057662 -0.006301 0.035114
v -0.057662 -0.006301 0.035114
v -0.057662 -0.006301 0.035114
v 0.037767 0.045932 0.058640
v 0.000000 -0.058005 0.011067
v -0.030882 0.049562 0.060671
v 0.032395 0.043931 0.066165
v -0.054950 -0.022762 0.026870
v 0.022938 0.048642 0.067537
v 0.025233 0.047358 0.067355
v -0.053727 0.025271 0.049282
v -0.052420 0.027877 0.050485
v -0.058729 -0.009548 0.032949
v -0.058729 -0.009548 0.032949
v -0.058729 -0.009548 0.032949
v 0.006240 0.057475 0.064769
v 0.006240 0.057475 0.064769
v 0.008095 0.057229 0.064658
v 0.035153 0.043229 0.065024
v -0.058336 -0.011605 0.032003
v 0.027454 0.045959 0.067158
v 0.029594 0.044450 0.066945
v -0.037767 0.045932 0.058640
v 0.025947 0.053544 0.061972
v -0.050683 -0.031169 0.023003
v -0.050683 -0.031169 0.023003
v -0.050683 -0.031169 0.023003
v -0.055620 -0.021094 0.027638
v -0.052602 -0.024380 0.026763
v -0.053194 -0.023117 0.027351
v -0.053194 -0.023117 0.027351
v -0.044068 -0.039972 0.019009
v -0.042371 -0.041773 0.018126
v -0.042371 -0.041773 0.018126
v -0.056356 -0.019084 0.028563
v -0.056356 -0.019084 0.028563
v -0.056923 -0.017301 0.029447
v 0.023412 0.049721 0.067058
v 0.023761 0.053322 0.062409
v 0.031649 0.042836 0.066717
v 0.055551 -0.016677 0.030350
v 0.055551 -0.016677 0.030350
v 0.055634 -0.016370 0.030493
v -0.051801 -0.026088 0.025968
v -0.051801 -0.026088 0.025968
v -0.051801 -0.026088 0.025968
v 0.012764 0.056430 0.064297
v 0.012764 0.056430 0.064297
v 0.012098 0.056556 0.064354
v 0.004031 0.057933 0.064608
v -0.000065 0.058068 0.064671
v 0.005602 0.057523 0.064791
v 0.005602 0.057523 0.064791
v 0.005602 0.057523 0.064791
v 0.004019 0.057644 0.064846
v 0.008368 0.056969 0.065351
v 0.034434 0.042217 0.065902
v 0.008386 0.057190 0.064641
v -0.050462 -0.028571 0.024812
v 0.004026 0.057856 0.064633
v -0.000065 0.057992 0.064695
v 0.037601 0.044169 0.058598
v 0.037601 0.044169 0.058598
v 0.037601 0.044169 0.058598
v 0.041059 0.040974 0.057112
v 0.041059 0.040974 0.057112
v 0.041059 0.040974 0.057112
v -0.056006 -0.020073 0.028171
v 0.008117 0.057518 0.064418
v 0.053672 0.025228 0.049323
v 0.052366 0.027831 0.050527
v -0.004129 0.057850 0.064630
v 0.044247 0.037510 0.055499
v 0.044247 0.037510 0.055499
v 0.044247 0.037510 0.055499
v 0.033895 0.047074 0.059950
v 0.033895 0.047074 0.059950
v 0.033895 0.047074 0.059950
v 0.055895 0.019846 0.046836
v 0.056806 0.017079 0.045558
v 0.009771 -0.057171 0.011500
v 0.009771 -0.057171 0.011500
v 0.009771 -0.057171 0.011500
v 0.012123 0.056836 0.064103
v 0.057794 0.004684 0.040293
v 0.057794 0.004684 0.040293
v 0.057794 0.004684 0.040293
v 0.054906 0.022604 0.048051
v 0.053727 0.025271 0.049282
v -0.039966 0.043970 0.057828
v -0.037757 0.045880 0.058709
v -0.048891 -0.033911 0.021742
v -0.048891 -0.033911 0.021742
v -0.048891 -0.033911 0.021742
v -0.047772 -0.035462 0.021086
v -0.008172 0.057433 0.064439
v 0.051987 0.025731 0.050018
v 0.051987 0.025731 0.050018
v 0.051987 0.025731 0.050018
v 0.049729 0.029863 0.051941
v 0.049729 0.029863 0.051941
v 0.049729 0.029863 0.051941
v 0.049729 0.029863 0.051941
v 0.054785 0.022530 0.048120
v 0.055830 0.019815 0.046865
v -0.004133 0.057926 0.064605
v 0.014234 -0.057750 0.010776
v 0.012961 -0.058071 0.010628
v 0.012961 -0.058071 0.010628
v 0.012961 -0.058071 0.010628
v -0.048965 -0.033798 0.021794
v 0.011125 0.056489 0.065239
v -0.035456 0.047680 0.059538
v 0.005830 -0.059197 0.010110
v 0.008108 0.057442 0.064443
v 0.048797 -0.031350 0.023519
v 0.048797 -0.031350 0.023519
v -0.044057 0.039781 0.055980
v -0.042048 0.041895 0.056956
v 0.028382 -0.052294 0.013285
v 0.028382 -0.052294 0.013285
v 0.030579 -0.051020 0.013872
v -0.033009 0.049226 0.060414
v 0.013854 0.055876 0.065097
v -0.050986 0.030416 0.051657
v 0.014449 -0.057715 0.010839
v -0.049454 -0.033076 0.022184
v -0.012206 0.056819 0.064095
v -0.016178 0.055853 0.063651
v 0.033974 0.047288 0.059701
v 0.033974 0.047288 0.059701
v 0.033974 0.047288 0.059701
v 0.053902 0.021430 0.048016
v 0.053902 0.021430 0.048016
v 0.053902 0.021430 0.048016
v 0.052301 0.027791 0.050553
v 0.050869 0.030324 0.051725
v -0.045975 -0.037762 0.020026
v -0.046818 -0.036719 0.020450
v -0.046818 -0.036719 0.020450
v -0.046818 -0.036719 0.020450
v 0.019323 -0.056275 0.011454
v 0.019323 -0.056275 0.011454
v 0.019323 -0.056275 0.011454
v -0.044590 -0.039395 0.019219
v -0.044590 -0.039395 0.019219
v -0.044590 -0.039395 0.019219
v -0.030745 0.049185 0.060970
v -0.030745 0.049185 0.060970
v -0.030745 0.049185 0.060970
v 0.056862 0.017114 0.045516
v 0.057636 0.014303 0.044218
v 0.017263 -0.056937 0.011197
v 0.011603 -0.058336 0.010506
v 0.054850 0.022564 0.048093
v -0.058345 -0.011640 0.032053
v 0.007170 -0.059054 0.010176
v 0.007170 -0.059054 0.010176
v 0.007170 -0.059054 0.010176
v 0.005829 -0.059210 0.010151
v 0.005829 -0.059210 0.010151
v 0.017265 -0.056918 0.011158
v 0.011601 -0.058354 0.010544
v 0.009769 -0.058692 0.010342
v 0.009769 -0.058692 0.010342
v 0.009769 -0.058692 0.010342
v -0.044535 -0.039454 0.019192
v -0.044074 -0.039948 0.018965
v -0.033557 0.045788 0.064225
v -0.035713 0.044079 0.063895
v -0.056917 -0.017267 0.029399
v -0.045974 -0.037733 0.019984
v 0.008726 -0.058853 0.010315
v 0.013889 0.056152 0.064171
v 0.052420 0.027877 0.050485
v 0.050986 0.030416 0.051657
v -0.019976 0.054395 0.063298
v -0.019976 0.054395 0.063298
v -0.019976 0.054395 0.063298
v -0.031316 0.047392 0.064536
v 0.055952 0.019883 0.046795
v -0.055880 -0.015541 0.030815
v -0.055880 -0.015541 0.030815
v -0.055880 -0.015541 0.030815
v 0.006592 -0.059134 0.010139
v 0.006592 -0.059134 0.010139
v 0.010582 -0.057009 0.011576
v -0.056960 -0.010958 0.032948
v -0.056960 -0.010958 0.032948
v -0.056960 -0.010958 0.032948
v 0.053607 0.025191 0.049351
v 0.033040 -0.049479 0.014632
v 0.031298 -0.050603 0.014063
v 0.031298 -0.050603 0.014063
v 0.031298 -0.050603 0.014063
v 0.047143 0.033798 0.053771
v 0.047143 0.033798 0.053771
v 0.047143 0.033798 0.053771
v 0.047143 0.033798 0.053771
v -0.026606 0.050266 0.065099
v -0.028997 0.048886 0.064828
v -0.057318 -0.015965 0.029997
v -0.057318 -0.015965 0.029997
v -0.057318 -0.015965 0.029997
v 0.013983 -0.056268 0.011920
v 0.042120 -0.039897 0.019434
v -0.047752 0.035268 0.053897
v -0.045960 0.037569 0.054959
v 0.030740 0.049287 0.060783
v -0.004124 0.057684 0.064788
v -0.004124 0.057684 0.064788
v -0.004124 0.057684 0.064788
v -0.008161 0.057268 0.064600
v -0.008161 0.057268 0.064600
v -0.008161 0.057268 0.064600
v -0.008161 0.057268 0.064600
v -0.008161 0.057268 0.064600
v -0.049455 -0.033047 0.022139
v -0.035430 -0.047776 0.015364
v -0.034606 -0.048401 0.015076
v -0.034606 -0.048401 0.015076
v -0.057695 -0.014453 0.030693
v 0.042146 -0.039901 0.019383
v 0.037788 0.044511 0.058333
v 0.041263 0.041300 0.056846
v -0.033070 0.049363 0.060314
v -0.012176 0.056578 0.064288
v -0.012176 0.056578 0.064288
v -0.012176 0.056578 0.064288
v -0.012176 0.056578 0.064288
v 0.050483 -0.028564 0.024759
v 0.050483 -0.028564 0.024759
v 0.050483 -0.028564 0.024759
v 0.052634 -0.024374 0.026708
v 0.052634 -0.024374 0.026708
v 0.052634 -0.024374 0.026708
v 0.059118 0.005694 0.040243
v 0.059329 0.002787 0.038901
v 0.016169 -0.057261 0.011001
v 0.016169 -0.057261 0.011001
v 0.016169 -0.057261 0.011001
v -0.047769 -0.035431 0.021043
v 0.004021 0.057691 0.064791
v 0.004021 0.057691 0.064791
v 0.004021 0.057691 0.064791
v -0.000064 0.057826 0.064853
v -0.000064 0.057826 0.064853
v -0.000064 0.057826 0.064853
v 0.054439 -0.020024 0.028731
v 0.054439 -0.020024 0.028731
v 0.054439 -0.020024 0.028731
v 0.054439 -0.020024 0.028731
v -0.016420 0.054559 0.065953
v -0.019048 0.053677 0.065776
v -0.035427 -0.047798 0.015405
v -0.035427 -0.047798 0.015405
v -0.035427 -0.047798 0.015405
v -0.049429 0.032881 0.052795
v 0.045247 -0.036349 0.021031
v 0.014451 -0.057695 0.010801
v 0.030574 -0.051040 0.013913
v 0.033795 -0.048960 0.014819
v 0.033795 -0.048960 0.014819
v 0.033795 -0.048960 0.014819
v 0.033042 -0.049455 0.014591
v -0.016139 0.055615 0.063851
v -0.016139 0.055615 0.063851
v -0.016139 0.055615 0.063851
v 0.045219 -0.036348 0.021083
v 0.048020 -0.032559 0.022844
v -0.033789 -0.048951 0.014823
v -0.033789 -0.048951 0.014823
v -0.033789 -0.048951 0.014823
v 0.056740 0.017052 0.045586
v 0.048000 -0.032565 0.022898
v 0.048000 -0.032565 0.022898
v 0.048000 -0.032565 0.022898
v 0.048000 -0.032565 0.022898
v 0.009376 -0.057227 0.011474
v 0.048049 -0.032557 0.022791
v 0.018503 -0.054951 0.012533
v 0.017458 -0.055286 0.012377
v -0.021625 0.052665 0.065574
v 0.050933 0.030367 0.051699
v 0.036248 0.045111 0.061253
v 0.057579 0.014272 0.044260
v 0.046256 0.034991 0.054398
v 0.046256 0.034991 0.054398
v -0.039940 -0.044098 0.017109
v -0.039940 -0.044098 0.017109
v -0.050991 -0.030625 0.023370
v 0.047640 0.035163 0.053963
v 0.058766 0.008586 0.041579
v 0.039940 -0.044098 0.017109
v 0.041939 -0.042206 0.017926
v 0.058271 0.011459 0.042905
v -0.024147 0.051527 0.065348
v 0.049314 0.032783 0.052862
v 0.000000 -0.058086 0.010882
v 0.004719 -0.057893 0.010973
v -0.042055 -0.042085 0.018036
v -0.052431 -0.028088 0.024540
v 0.056932 -0.010971 0.033006
v -0.037729 -0.046003 0.016232
v -0.037729 -0.046003 0.016232
v -0.039446 -0.044525 0.016859
v 0.008727 -0.058837 0.010276
v -0.037309 -0.046350 0.016020
v -0.037309 -0.046350 0.016020
v -0.037309 -0.046350 0.016020
v -0.012192 0.056742 0.064122
v 0.044466 0.037817 0.055235
v 0.039453 -0.044533 0.016856
v 0.039943 -0.044074 0.017067
v -0.050958 -0.030633 0.023420
v -0.041885 0.041721 0.057024
v 0.057897 0.003086 0.039549
v -0.008181 0.057510 0.064414
v -0.033040 -0.049479 0.014632
v -0.033040 -0.049479 0.014632
v 0.057513 0.014248 0.044290
v 0.042101 -0.039899 0.019486
v 0.042101 -0.039899 0.019486
v 0.042101 -0.039899 0.019486
v 0.008306 0.056415 0.066329
v 0.005549 0.056763 0.066401
v -0.054440 -0.020025 0.028732
v -0.054440 -0.020025 0.028732
v -0.054440 -0.020025 0.028732
v -0.037737 -0.045985 0.016188
v 0.047376 0.034086 0.053508
v 0.011042 0.055930 0.066230
v 0.058214 0.011430 0.042947
v -0.053745 -0.025483 0.025740
v -0.054929 -0.022817 0.026969
v -0.058845 -0.008763 0.033377
v -0.058845 -0.008763 0.033377
v -0.052397 -0.028098 0.024590
v -0.053711 -0.025496 0.025791
v 0.049376 0.032830 0.052837
v 0.045199 -0.036352 0.021136
v 0.045199 -0.036352 0.021136
v 0.045199 -0.036352 0.021136
v 0.016420 0.054559 0.065953
v 0.013749 0.055311 0.066105
v 0.057952 -0.001621 0.037359
v -0.047999 -0.032566 0.022897
v -0.047999 -0.032566 0.022897
v -0.047999 -0.032566 0.022897
v -0.045193 -0.036347 0.021135
v -0.045193 -0.036347 0.021135
v -0.045193 -0.036347 0.021135
v -0.045193 -0.036347 0.021135
v -0.025631 0.052005 0.062292
v -0.025631 0.052005 0.062292
v -0.041946 0.041773 0.057020
v -0.058108 -0.012793 0.031457
v -0.058108 -0.012793 0.031457
v -0.058108 -0.012793 0.031457
v -0.056805 0.012556 0.043606
v -0.055606 0.017123 0.045722
v -0.057749 -0.014234 0.030794
v -0.056748 0.012523 0.043647
v -0.055550 0.017086 0.045764
v 0.059267 -0.003054 0.036252
v -0.059046 -0.007169 0.034043
v -0.059046 -0.007169 0.034043
v -0.057704 -0.014488 0.030742
v -0.057630 0.007906 0.041452
v 0.026606 0.050266 0.065099
v 0.024146 0.051527 0.065348
v 0.003546 -0.057884 0.011167
v 0.058998 0.005656 0.040316
v 0.058644 0.008543 0.041651
v -0.059204 -0.005866 0.034711
v -0.059204 -0.005866 0.034711
v -0.059204 -0.005866 0.034711
v -0.008739 0.058816 0.064572
v -0.005838 0.059174 0.064737
v 0.049973 0.030131 0.051677
v 0.052242 0.025978 0.049756
v -0.057680 -0.014514 0.030795
v -0.058322 -0.011668 0.032107
v 0.047772 -0.035462 0.021086
v 0.047772 -0.035462 0.021086
v 0.047772 -0.035462 0.021086
v -0.059176 -0.006204 0.034487
v 0.054166 0.021655 0.047755
v 0.059272 0.002767 0.038943
v 0.059062 0.005671 0.040285
v -0.034067 0.047432 0.059684
v 0.021625 0.052665 0.065574
v 0.059104 -0.005945 0.034869
v 0.059322 -0.003039 0.036210
v -0.056865 -0.017344 0.029551
v -0.057645 -0.014535 0.030847
v -0.058137 -0.001518 0.037086
v -0.058075 0.003205 0.039274
v 0.004702 -0.057786 0.011212
v 0.016083 0.055963 0.063656
v -0.057573 0.007878 0.041493
v 0.019048 0.053677 0.065776
v 0.027970 0.052149 0.061819
v -0.055947 -0.020112 0.028274
v 0.059341 -0.000144 0.037597
v 0.023640 0.052940 0.062638
v 0.023640 0.052940 0.062638
v 0.023640 0.052940 0.062638
v 0.020038 -0.056007 0.011577
v -0.040159 -0.041848 0.018632
v -0.040159 -0.041848 0.018632
v 0.055734 0.017190 0.045689
v 0.033009 0.049226 0.060414
v 0.030547 0.050787 0.061135
v -0.059421 -0.002954 0.036051
v -0.059411 -0.003243 0.035850
v -0.056899 -0.017326 0.029500
v 0.047771 -0.035432 0.021042
v -0.057913 -0.003169 0.036640
v 0.055463 0.016987 0.045949
v 0.055463 0.016987 0.045949
v 0.055463 0.016987 0.045949
v -0.058081 -0.001536 0.037128
v -0.058018 0.003181 0.039315
v -0.014395 0.057300 0.064232
v -0.017198 0.056524 0.063873
v -0.054895 -0.022831 0.027020
v 0.058149 0.011409 0.042977
v 0.030503 0.050713 0.061154
v 0.055476 0.017016 0.045883
v 0.053914 0.021459 0.047949
v -0.036212 0.045307 0.059203
v -0.036212 0.045307 0.059203
v -0.036212 0.045307 0.059203
v -0.034324 0.046728 0.059865
v -0.040403 0.041612 0.057484
v -0.040403 0.041612 0.057484
v -0.041052 0.040944 0.057173
v -0.030768 0.049356 0.060722
v -0.056034 -0.015498 0.030610
v -0.055981 -0.020095 0.028223
v 0.012159 0.056986 0.064104
v 0.016106 0.056036 0.063664
v 0.055505 0.017049 0.045820
v 0.053941 0.021495 0.047884
v -0.008165 0.057365 0.064482
v 0.058709 0.008561 0.041621
v -0.014419 0.057381 0.064238
v -0.017226 0.056604 0.063879
v 0.035078 -0.046182 0.016617
v -0.057113 -0.010900 0.032740
v 0.046402 -0.037244 0.020209
v 0.046402 -0.037244 0.020209
v 0.046402 -0.037244 0.020209
v -0.059195 0.005758 0.040136
v -0.058841 0.008655 0.041471
v 0.047128 0.033768 0.053828
v -0.008726 -0.058853 0.010315
v -0.057059 -0.010910 0.032781
v -0.004715 -0.057863 0.011013
v -0.004715 -0.057863 0.011013
v -0.059164 0.005723 0.040192
v -0.058811 0.008619 0.041528
v 0.036134 -0.045337 0.017009
v 0.036134 -0.045337 0.017009
v 0.036134 -0.045337 0.017009
v 0.037516 -0.044233 0.017523
v 0.037516 -0.044233 0.017523
v -0.011602 -0.058333 0.010508
v -0.058344 0.011532 0.042796
v -0.016535 -0.057156 0.011049
v -0.016535 -0.057156 0.011049
v -0.016535 -0.057156 0.011049
v -0.017266 -0.056922 0.011157
v -0.020021 0.055773 0.063439
v 0.008139 0.057669 0.064420
v -0.033897 0.047049 0.060014
v -0.037592 0.044135 0.058659
v -0.038787 0.043123 0.058187
v -0.038787 0.043123 0.058187
v -0.038787 0.043123 0.058187
v -0.019959 0.055612 0.063451
v -0.059374 0.002815 0.038850
v 0.011619 0.058316 0.064342
v 0.008739 0.058816 0.064572
v -0.039777 0.042197 0.057756
v -0.057816 -0.006229 0.034903
v 0.044354 0.037700 0.055258
v -0.059475 -0.000070 0.037451
v -0.059406 0.002847 0.038795
v 0.059397 -0.000126 0.037555
v 0.042002 0.041833 0.056997
v -0.033521 0.047332 0.060146
v -0.033521 0.047332 0.060146
v -0.057760 -0.006244 0.034945
v 0.019875 0.054431 0.063314
v 0.019875 0.054431 0.063314
v 0.019875 0.054431 0.063314
v 0.044409 0.037761 0.055237
v 0.047316 0.034035 0.053512
v -0.058315 0.011493 0.042853
v -0.057679 0.014340 0.044166
v 0.005838 0.059175 0.064737
v 0.057462 0.007774 0.041730
v -0.009897 -0.058671 0.010352
v -0.009897 -0.058671 0.010352
v -0.009897 -0.058671 0.010352
v -0.011601 -0.058355 0.010544
v -0.011601 -0.058355 0.010544
v -0.011601 -0.058355 0.010544
v 0.002778 0.056974 0.066444
v -0.057707 0.014380 0.044108
v -0.056932 0.017194 0.045405
v -0.019715 -0.056139 0.011517
v -0.019715 -0.056139 0.011517
v 0.048169 0.032307 0.053148
v 0.048169 0.032307 0.053148
v -0.059368 -0.003017 0.036161
v -0.059443 -0.000101 0.037505
v -0.056019 0.019967 0.046682
v 0.017287 0.056894 0.063687
v 0.014470 0.057675 0.064047
v 0.056769 -0.017357 0.029641
v -0.025433 -0.053776 0.012604
v -0.022758 -0.054972 0.012102
v -0.022758 -0.054972 0.012102
v 0.000000 0.057044 0.066459
v -0.056905 0.017153 0.045463
v -0.055994 0.019925 0.046741
v 0.038696 -0.043172 0.018016
v 0.044068 -0.039972 0.019009
v 0.057549 -0.014553 0.030938
v -0.033888 0.046416 0.062975
v -0.036080 0.044714 0.062603
v -0.054971 0.022692 0.047937
v -0.019991 0.055689 0.063456
v -0.022901 -0.053274 0.013312
v -0.002778 0.056974 0.066444
v -0.005549 0.056763 0.066401
v 0.032962 0.049154 0.060433
v -0.049358 -0.033092 0.022331
v -0.057695 0.007931 0.041425
v -0.056870 0.012586 0.043580
v 0.056821 -0.017355 0.029599
v 0.045521 0.000433 0.061641
v 0.047653 0.000092 0.061403
v -0.018500 -0.054947 0.012534
v -0.058139 0.003225 0.039246
v 0.054101 0.021619 0.047763
v 0.055667 0.017159 0.045699
v -0.031614 0.048013 0.063325
v 0.008210 0.055641 0.067180
v 0.010912 0.055151 0.067093
v -0.020034 -0.056022 0.011618
v -0.058200 -0.001502 0.037058
v 0.056867 0.012587 0.043581
v -0.024353 0.052123 0.064241
v -0.026841 0.050870 0.063960
v 0.000000 0.059489 0.064799
v 0.002921 0.059419 0.064756
v 0.013584 0.054525 0.066982
v 0.046494 0.000036 0.061547
v -0.055670 0.017159 0.045697
v 0.049911 0.030085 0.051683
v 0.052178 0.025937 0.049762
v -0.013749 0.055311 0.066105
v -0.029263 0.049499 0.063654
v -0.058288 -0.011691 0.032159
v 0.002746 0.056207 0.067281
v 0.005485 0.055994 0.067243
v -0.057709 -0.014226 0.027027
v -0.052480 0.027972 0.050369
v -0.051044 0.030514 0.051540
v -0.057174 -0.010894 0.032710
v -0.057878 -0.006219 0.034874
v 0.057692 0.007932 0.041427
v 0.058137 0.003225 0.039248
v -0.011042 0.055930 0.066230
v 0.016219 0.053766 0.066848
v 0.018809 0.052875 0.066692
v -0.004124 0.057725 0.064726
v -0.000064 0.057867 0.064791
v -0.057433 -0.015548 0.026416
v -0.017462 -0.055303 0.012369
v -0.054104 0.021619 0.047762
v -0.014449 -0.057715 0.010839
v -0.014449 -0.057715 0.010839
v -0.052459 0.027925 0.050431
v -0.002746 0.056207 0.067281
v 0.000000 0.056278 0.067294
v -0.004126 0.057781 0.064672
v -0.000064 0.057923 0.064737
v -0.002608 0.053207 0.068501
v -0.058823 -0.008793 0.033431
v -0.008306 0.056415 0.066329
v 0.004021 0.057732 0.064729
v -0.055224 -0.022149 0.023362
v -0.055581 -0.021081 0.023855
v 0.000000 0.053282 0.068511
v -0.025426 -0.053789 0.012646
v -0.025426 -0.053789 0.012646
v -0.025426 -0.053789 0.012646
v -0.028034 -0.052478 0.013251
v 0.042013 0.039985 0.056726
v 0.042013 0.039985 0.056726
v -0.053767 0.025317 0.049228
v 0.058072 -0.011702 0.032306
v 0.058569 -0.008840 0.033631
v 0.057172 -0.010893 0.032711
v 0.056091 -0.015496 0.030581
v -0.053790 0.025362 0.049167
v -0.059183 -0.005897 0.034766
v 0.005207 0.052985 0.068471
v 0.002608 0.053207 0.068501
v -0.031843 -0.050262 0.014220
v -0.031843 -0.050262 0.014220
v -0.031843 -0.050262 0.014220
v 0.054641 -0.019995 0.028497
v 0.032738 0.047876 0.060400
v 0.032738 0.047876 0.060400
v 0.032738 0.047876 0.060400
v 0.032738 0.047876 0.060400
v -0.058789 -0.008818 0.033484
v 0.028069 0.052422 0.061628
v -0.013584 0.054525 0.066982
v -0.010912 0.055151 0.067093
v 0.052830 -0.024363 0.026476
v 0.008098 0.057317 0.064541
v 0.039839 0.043781 0.057949
v -0.008210 0.055641 0.067180
v -0.048580 -0.034355 0.017713
v -0.048937 -0.033781 0.017979
v -0.054947 0.022648 0.047997
v -0.041060 0.040974 0.057110
v -0.041060 0.040974 0.057110
v -0.041060 0.040974 0.057110
v -0.041060 0.040974 0.057110
v 0.004023 0.057788 0.064675
v 0.050671 -0.028568 0.024529
v 0.048178 -0.032585 0.022669
v -0.059401 -0.002988 0.036106
v -0.005485 0.055994 0.067243
v 0.058357 0.011571 0.042737
v 0.058729 0.009547 0.041733
v 0.058729 0.009547 0.041733
v 0.017771 0.049769 0.068040
v 0.015343 0.050683 0.068163
v 0.037579 0.045625 0.058830
v 0.054853 -0.022837 0.027068
v -0.059149 -0.005924 0.034819
v 0.025459 0.053738 0.062234
v 0.022788 0.054923 0.062780
v 0.021347 0.051855 0.066513
v -0.052259 -0.028446 0.020447
v 0.020140 0.048726 0.067901
v 0.055904 -0.020120 0.028322
v -0.030574 -0.051040 0.013913
v 0.022442 0.047556 0.067744
v 0.020062 0.055976 0.063265
v -0.030333 -0.049416 0.015110
v -0.052643 -0.027631 0.020825
v 0.008102 0.057373 0.064486
v 0.012100 0.056691 0.064174
v -0.017252 0.056689 0.063862
v -0.037603 0.044168 0.058597
v -0.037603 0.044168 0.058597
v -0.037603 0.044168 0.058597
v 0.039780 0.043725 0.057952
v -0.017262 -0.056937 0.011197
v 0.035396 0.045946 0.059501
v 0.035396 0.045946 0.059501
v 0.035396 0.045946 0.059501
v 0.034321 0.046727 0.059865
v 0.057695 0.014453 0.043989
v 0.037947 0.043863 0.058532
v 0.056702 0.012490 0.043703
v -0.027646 -0.052673 0.009237
v -0.027646 -0.052673 0.009237
v -0.027646 -0.052673 0.009237
v -0.027847 -0.052581 0.009280
v 0.057318 0.015965 0.044685
v 0.057318 0.015965 0.044685
v 0.057318 0.015965 0.044685
v 0.056672 0.012459 0.043765
v -0.035153 0.043229 0.065024
v -0.033797 -0.048969 0.010951
v -0.033797 -0.048969 0.010951
v -0.045911 0.037512 0.055001
v -0.047701 0.035213 0.053938
v 0.024671 0.046267 0.067571
v 0.057526 0.007850 0.041548
v -0.042002 0.041833 0.056997
v -0.033799 -0.048968 0.010952
v -0.033799 -0.048968 0.010952
v 0.039893 0.043844 0.057927
v -0.027148 -0.051244 0.014258
v 0.000000 -0.058086 0.010883
v 0.040403 0.041612 0.057484
v 0.040403 0.041612 0.057484
v 0.051046 0.030555 0.051475
v 0.056942 0.017235 0.045344
v 0.036232 0.036347 0.066245
v 0.034547 0.038230 0.066496
v 0.019977 0.054817 0.063100
v -0.033897 0.047072 0.059949
v -0.033897 0.047072 0.059949
v -0.033897 0.047072 0.059949
v -0.014440 0.057469 0.064222
v -0.011595 0.058108 0.064518
v 0.035465 0.047731 0.059469
v -0.008084 0.054699 0.067833
v -0.021091 -0.055610 0.007878
v -0.021516 -0.055473 0.007941
v 0.037810 0.034386 0.065982
v -0.038185 0.042909 0.062212
v 0.057495 0.007821 0.041609
v -0.049376 0.032830 0.052837
v -0.039285 -0.044687 0.012932
v 0.056356 0.019084 0.046120
v 0.056356 0.019084 0.046120
v -0.052366 0.027831 0.050527
v -0.053672 0.025228 0.049323
v -0.040198 0.041007 0.061802
v 0.035456 0.047680 0.059538
v -0.050933 0.030367 0.051699
v 0.058034 -0.001557 0.037181
v 0.057971 0.003157 0.039369
v 0.056028 0.020008 0.046621
v -0.010547 0.053162 0.068177
v -0.028938 -0.051989 0.013426
v -0.028938 -0.051989 0.013426
v -0.028938 -0.051989 0.013426
v -0.014890 -0.057607 0.006954
v -0.042113 0.039010 0.061375
v -0.043928 0.036925 0.060932
v -0.013369 0.053570 0.067657
v -0.010742 0.054202 0.067756
v 0.037601 0.044146 0.058663
v -0.007168 -0.059021 0.006300
v -0.008061 -0.058951 0.006332
v -0.045638 0.034755 0.060474
v -0.013123 0.052522 0.068086
v -0.044517 -0.039440 0.015360
v -0.014232 -0.057736 0.006894
v -0.047241 0.032507 0.060003
v -0.011577 0.058020 0.064534
v -0.044235 -0.039793 0.015197
v 0.056917 0.017267 0.045283
v -0.056093 -0.015497 0.030579
v -0.050483 -0.028564 0.024758
v -0.050483 -0.028564 0.024758
v -0.050483 -0.028564 0.024758
v -0.050483 -0.028564 0.024758
v 0.038908 -0.043272 0.017708
v -0.015657 0.051748 0.067976
v -0.001121 -0.059489 0.006083
v -0.054041 0.021578 0.047786
v -0.018499 0.051904 0.067397
v -0.015957 0.052803 0.067537
v -0.025947 -0.053545 0.012710
v -0.025947 -0.053545 0.012710
v -0.030575 -0.051016 0.013873
v -0.039447 -0.044527 0.013006
v -0.038696 -0.043174 0.018016
v 0.055904 -0.015526 0.030758
v 0.056981 -0.010938 0.032890
v 0.035259 -0.046285 0.016314
v 0.031378 -0.048993 0.015061
v 0.024353 0.052123 0.064241
v -0.008162 0.057309 0.064537
v -0.052634 -0.024375 0.026707
v -0.052634 -0.024375 0.026707
v -0.052634 -0.024375 0.026707
v 0.054492 -0.020000 0.028619
v 0.055937 -0.015512 0.030703
v -0.011558 0.057938 0.064527
v -0.053796 0.025404 0.049104
v -0.053528 0.025981 0.049292
v -0.033042 -0.049455 0.014592
v -0.020572 0.049804 0.067701
v -0.018143 0.050841 0.067848
v -0.050471 0.028242 0.057273
v -0.027640 -0.052664 0.013115
v -0.027640 -0.052664 0.013115
v -0.042079 0.041955 0.056899
v -0.031206 -0.048862 0.015369
v -0.053985 0.021536 0.047828
v -0.052484 0.028013 0.050305
v -0.054850 0.022564 0.048093
v 0.055620 0.021094 0.047044
v 0.055620 0.021094 0.047044
v 0.032758 0.040030 0.066737
v -0.049064 0.030628 0.057821
v -0.047545 0.032945 0.058358
v -0.052065 0.025844 0.049826
v -0.051046 0.030555 0.051475
v -0.050299 0.031784 0.051962
v -0.050299 0.031784 0.051962
v 0.052656 -0.024363 0.026652
v 0.054460 -0.020010 0.028674
v 0.052350 0.028279 0.050349
v -0.048733 0.030187 0.059521
v -0.028037 -0.052457 0.013210
v 0.057014 -0.010922 0.032833
v 0.026822 0.044863 0.067384
v -0.057956 -0.001622 0.037359
v 0.036774 -0.046775 0.015824
v 0.036774 -0.046775 0.015824
v 0.036774 -0.046775 0.015824
v 0.037731 -0.045979 0.016191
v 0.053796 0.025404 0.049104
v 0.052484 0.028013 0.050305
v -0.055455 0.016963 0.046009
v -0.051014 0.030579 0.051408
v 0.050504 -0.028555 0.024704
v -0.049485 0.033024 0.052611
v 0.027290 -0.051377 0.013957
v -0.008721 0.058607 0.064749
v -0.045916 0.035188 0.058882
v 0.030870 0.041739 0.066966
v 0.050535 -0.028551 0.024651
v 0.052687 -0.024356 0.026598
v -0.005817 0.058875 0.064929
v 0.044104 0.039889 0.055858
v 0.028890 0.043352 0.067181
v 0.035428 -0.047774 0.015365
v 0.054950 0.022762 0.047812
v 0.053950 0.025091 0.048883
v 0.053950 0.025091 0.048883
v 0.044089 0.039839 0.055924
v -0.008708 0.058518 0.064764
v -0.032395 0.043931 0.066165
v -0.030268 0.045544 0.066413
v 0.057714 -0.006260 0.034998
v -0.008693 0.058435 0.064757
v -0.044241 0.039786 0.055643
v -0.044528 0.039448 0.055488
v 0.035391 0.047546 0.059637
v 0.046010 0.037675 0.054838
v -0.005807 0.058791 0.064922
v -0.031649 0.042836 0.066717
v -0.029594 0.044450 0.066945
v 0.037729 -0.046003 0.016232
v -0.047805 0.035412 0.053710
v 0.039338 -0.044640 0.016807
v 0.039338 -0.044640 0.016807
v 0.039338 -0.044640 0.016807
v -0.059209 0.002755 0.038974
v 0.023022 -0.053421 0.013011
v -0.028058 0.047050 0.066645
v -0.038373 0.043315 0.060816
v -0.036248 0.045111 0.061253
v -0.026934 0.051325 0.061983
v -0.005826 0.058965 0.064914
v -0.033614 0.041123 0.066476
v 0.058190 -0.011713 0.032250
v 0.002875 0.057731 0.064885
v 0.002875 0.057731 0.064885
v -0.034038 0.046805 0.061668
v 0.055351 0.021829 0.047383
v 0.055351 0.021829 0.047383
v 0.054978 0.022733 0.047875
v 0.054978 0.022733 0.047875
v 0.036080 0.044714 0.062603
v 0.045994 0.037626 0.054903
v 0.047787 0.035322 0.053841
v 0.031208 -0.048863 0.015368
v -0.034434 0.042217 0.065902
v -0.042343 0.039430 0.059884
v -0.040406 0.041420 0.060360
v -0.057237 -0.010892 0.032692
v 0.035713 0.044079 0.063895
v 0.030332 -0.049410 0.015113
v 0.047804 0.035371 0.053777
v 0.049484 0.032982 0.052677
v -0.027454 0.045959 0.067158
v -0.025233 0.047358 0.067355
v 0.034101 -0.048758 0.014912
v 0.034101 -0.048758 0.014912
v -0.025771 0.048444 0.066860
v -0.023412 0.049721 0.067058
v -0.033048 0.044942 0.065317
v -0.046402 0.037244 0.054473
v -0.046402 0.037244 0.054473
v -0.044181 0.037351 0.059391
v 0.033888 0.046416 0.062975
v -0.030858 0.046551 0.065594
v -0.020986 0.050876 0.067237
v 0.026841 0.050870 0.063960
v 0.029263 0.049499 0.063654
v -0.028587 0.048052 0.065853
v 0.028997 0.048886 0.064828
v 0.031614 0.048013 0.063326
v -0.057904 0.003085 0.039549
v 0.057672 -0.014215 0.027033
v 0.056806 -0.017700 0.025420
v -0.022938 0.048642 0.067537
v 0.031316 0.047392 0.064536
v 0.033888 0.047042 0.060011
v 0.055538 -0.021063 0.023864
v -0.057972 0.003156 0.039368
v -0.026242 0.049439 0.066093
v -0.023826 0.050709 0.066313
v 0.035427 -0.047798 0.015405
v 0.035427 -0.047798 0.015405
v 0.054350 -0.024213 0.022406
v -0.023691 0.052878 0.062689
v -0.044102 0.039929 0.055788
v -0.044102 0.039929 0.055788
v -0.039943 0.044074 0.057615
v 0.033557 0.045789 0.064225
v 0.030751 0.049175 0.061005
v 0.031446 0.048731 0.060882
v 0.051024 0.030466 0.051603
v 0.052459 0.027925 0.050431
v 0.051044 0.030514 0.051540
v 0.052480 0.027972 0.050369
v -0.044010 0.039721 0.056022
v 0.051151 -0.030395 0.019546
v 0.048885 -0.033744 0.017996
v -0.057715 -0.006261 0.034996
v -0.058035 -0.001558 0.037179
v -0.057942 -0.006213 0.034858
v -0.016219 0.053766 0.066848
v -0.046009 0.037716 0.054770
v -0.046009 0.037716 0.054770
v 0.024078 -0.052748 0.013557
v 0.059428 0.002920 0.034962
v 0.059400 0.000001 0.033611
v 0.058131 -0.011711 0.032283
v 0.057876 -0.006218 0.034876
v 0.058970 0.007161 0.036924
v -0.043980 -0.039971 0.019154
v -0.018809 0.052875 0.066692
v 0.058680 0.009841 0.038164
v 0.049465 0.032934 0.052740
v -0.051991 0.028934 0.050651
v -0.051991 0.028934 0.050651
v 0.058198 -0.001502 0.037059
v -0.021347 0.051855 0.066513
v 0.041058 0.040951 0.057176
v 0.057680 0.014218 0.040190
v -0.059279 -0.000153 0.037629
v 0.052595 -0.027605 0.020837
v 0.044022 0.023647 0.064547
v 0.027610 -0.052611 0.009266
v 0.037687 0.045750 0.058808
v 0.025847 -0.053593 0.008811
v 0.052117 0.025892 0.049786
v 0.043008 0.025897 0.064848
v 0.052063 0.025845 0.049828
v 0.021069 -0.055561 0.007901
v 0.019411 -0.056245 0.007584
v 0.055854 -0.015553 0.030873
v 0.014220 -0.057703 0.006910
v 0.056671 0.017033 0.045601
v -0.058266 -0.001491 0.037043
v 0.027143 -0.051235 0.014262
v -0.034101 0.048758 0.059770
v -0.056937 0.012612 0.043570
v -0.055760 0.019793 0.046878
v -0.056671 0.017033 0.045601
v -0.057445 0.014232 0.044306
v -0.058081 0.011397 0.042993
v 0.059164 0.005723 0.040192
v -0.058576 0.008533 0.041669
v 0.057445 0.014232 0.044306
v 0.054038 0.021578 0.047788
v 0.058841 0.008655 0.041471
v 0.059195 0.005758 0.040136
v -0.000002 -0.059445 0.006103
v 0.031843 0.050262 0.060462
v 0.031843 0.050262 0.060462
v -0.058930 0.005649 0.040334
v 0.058344 0.011532 0.042796
v 0.028063 0.052456 0.061553
v 0.032869 0.049597 0.056560
v -0.055830 0.019815 0.046865
v 0.055604 0.017124 0.045724
v 0.027628 0.052645 0.057971
v -0.008386 0.057189 0.064640
vn 0.6507 0.7591 0.0200
vn 0.6517 0.7582 0.0190
vn 0.6402 0.7679 -0.0223
vn 0.6525 0.7576 0.0169
vn 0.6522 0.7580 0.0079
vn 0.6645 0.7470 0.0191
vn 0.6669 0.7451 0.0019
vn 0.6318 0.7742 -0.0377
vn 0.6329 0.7740 -0.0183
vn 0.6508 0.7590 0.0214
vn 0.6499 0.7597 0.0219
vn 0.6328 0.7742 -0.0157
vn 0.6345 0.7729 -0.0000
vn 0.6501 0.7596 0.0190
vn 0.6328 0.7743 0.0022
vn 0.6253 0.7792 0.0425
vn 0.6963 0.7168 0.0376
vn 0.6768 0.7361 0.0121
vn 0.6725 0.7401 -0.0032
vn -0.6628 0.7485 0.0188
vn -0.6512 0.7584 -0.0271
vn -0.6754 0.7375 -0.0072
vn -0.6783 0.7345 0.0173
vn -0.6961 0.7170 0.0369
vn -0.6407 0.7678 0.0012
vn -0.6523 0.7576 0.0253
vn -0.6511 0.7586 0.0229
vn -0.6407 0.7660 0.0534
vn -0.6397 0.7685 0.0122
vn -0.6528 0.7571 0.0251
vn -0.6400 0.7683 0.0084
vn -0.6389 0.7693 0.0025
vn -0.6537 0.7564 0.0218
vn -0.6548 0.7553 0.0258
vn -0.6525 0.7575 0.0219
vn -0.6524 0.7576 0.0220
vn -0.6335 0.7723 -0.0482
vn -0.6548 0.7556 0.0193
vn -0.6548 0.7553 0.0259
vn -0.6542 0.7559 0.0270
vn 0.6613 0.7485 0.0485
vn 0.6489 0.7589 0.0542
vn 0.6558 0.7545 0.0258
vn 0.6479 0.7610 -0.0335
vn 0.6784 0.7337 0.0375
vn 0.6994 0.7094 0.0870
vn 0.7193 0.6930 0.0488
vn -0.0001 -0.1307 0.9914
vn -0.0000 -0.1306 0.9914
vn -0.0000 -0.1305 0.9914
vn 0.0001 -0.1304 0.9915
vn -0.0002 -0.1308 0.9914
vn -0.0000 -0.1305 0.9915
vn -0.0000 -0.1304 0.9915
vn -0.0001 -0.1306 0.9914
vn -0.0000 -0.1307 0.9914
vn 0.0002 -0.1303 0.9915
vn 0.0001 -0.1310 0.9914
vn -0.0020 -0.1195 0.9928
vn -0.0001 -0.1299 0.9915
vn -0.0000 -0.1299 0.9915
vn -0.0000 -0.1302 0.9915
vn -0.0001 -0.1308 0.9914
vn -0.0003 -0.1323 0.9912
vn -0.0000 -0.1309 0.9914
vn -0.0028 -0.1369 0.9906
vn 0.0001 -0.1303 0.9915
vn -0.0247 -0.1976 0.9800
vn -0.0002 -0.1302 0.9915
vn -0.0001 -0.1300 0.9915
vn 0.0003 -0.1298 0.9915
vn -0.0000 -0.1308 0.9914
vn -0.0259 -0.0025 0.9997
vn 0.0024 -0.1421 0.9898
vn 0.0254 -0.0778 0.9966
vn 0.0004 -0.1296 0.9916
vn 0.0002 -0.1300 0.9915
vn 0.0004 -0.1330 0.9911
vn -0.0000 -0.1297 0.9916
vn 0.0002 -0.1339 0.9910
vn 0.0001 -0.1309 0.9914
vn -0.0002 -0.1294 0.9916
vn -0.0012 -0.1122 0.9937
vn -0.0000 -0.1317 0.9913
vn -0.0002 -0.0832 0.9965
vn -0.0000 -0.1303 0.9915
vn 0.0001 -0.1317 0.9913
vn -0.0000 -0.1314 0.9913
vn -0.0000 -0.1301 0.9915
vn -0.0000 -0.1312 0.9914
vn -0.0000 -0.1315 0.9913
vn -0.0002 -0.1353 0.9908
vn -0.0040 -0.1989 0.9800
vn 0.0001 -0.1286 0.9917
vn -0.0000 -0.1248 0.9922
vn -0.6582 0.7507 0.0563
vn -0.7210 0.6915 0.0434
vn -0.7013 0.7081 0.0824
vn -0.6756 0.7366 0.0327
vn -0.6479 0.7612 -0.0273
vn -0.6610 0.7496 0.0336
vn 0.8096 0.5851 0.0464
vn 0.8096 0.5850 0.0481
vn 0.8012 0.5984 0.0006
vn -0.9979 -0.0603 0.0215
vn -0.9990 -0.0347 0.0266
vn -0.9993 -0.0362 0.0076
vn -0.7015 -0.7123 0.0216
vn -0.7196 -0.6939 0.0269
vn -0.7106 -0.7036 0.0032
vn 0.9363 -0.3497 0.0320
vn 0.9551 -0.2963 0.0019
vn 0.9334 -0.3586 0.0128
vn 0.9105 -0.4135 -0.0002
vn 0.9185 -0.3955 0.0016
vn 0.9105 -0.4133 0.0156
vn 0.9225 -0.3833 0.0465
vn 0.9108 -0.4128 0.0122
vn 0.9214 -0.3881 0.0182
vn 0.9098 -0.4145 0.0218
vn 0.8976 -0.4403 0.0198
vn 0.9084 -0.4181 0.0043
vn 0.8849 -0.4655 0.0161
vn 0.8949 -0.4463 0.0038
vn 0.8682 -0.4957 0.0240
vn 0.8753 -0.4818 0.0409
vn 0.8571 -0.5147 0.0196
vn 0.8560 -0.5167 0.0141
vn 0.8488 -0.5278 0.0306
vn 0.8611 -0.5072 0.0348
vn 0.8356 -0.5486 0.0278
vn 0.8273 -0.5616 0.0149
vn 0.8366 -0.5478 0.0039
vn 0.7892 -0.6141 0.0009
vn 0.8039 -0.5947 0.0017
vn 0.7909 -0.6119 0.0121
vn 0.8239 -0.5667 0.0037
vn 0.7910 -0.6117 0.0096
vn 0.8068 -0.5905 0.0175
vn 0.7720 -0.6354 0.0184
vn 0.7546 -0.6561 0.0138
vn 0.7872 -0.6167 0.0051
vn 0.7351 -0.6777 0.0175
vn 0.7680 -0.6404 0.0038
vn 0.7180 -0.6959 0.0156
vn 0.7283 -0.6852 -0.0000
vn 0.7151 -0.6987 0.0212
vn 0.6985 -0.7153 0.0205
vn 0.7096 -0.7046 0.0028
vn 0.7119 -0.7023 -0.0004
vn 0.6774 -0.7355 0.0166
vn 0.6780 -0.7348 0.0204
vn 0.6874 -0.7263 0.0021
vn 0.6570 -0.7536 0.0206
vn 0.6671 -0.7450 0.0018
vn 0.6369 -0.7707 0.0201
vn 0.6390 -0.7692 -0.0006
vn 0.6231 -0.7822 0.0014
vn 0.6435 -0.7654 0.0014
vn 0.6388 -0.7694 -0.0006
vn 0.6230 -0.7822 0.0015
vn 0.6167 -0.7870 0.0202
vn 0.5966 -0.8023 0.0197
vn 0.6235 -0.7818 0.0034
vn 0.5742 -0.8185 0.0197
vn 0.5974 -0.8007 -0.0446
vn 0.5532 -0.8329 0.0172
vn 0.5513 -0.8343 0.0002
vn 0.5266 -0.8498 0.0223
vn 0.5299 -0.8481 -0.0006
vn 0.5054 -0.8625 0.0249
vn 0.5288 -0.8487 0.0013
vn 0.5073 -0.8616 0.0180
vn 0.4822 -0.8758 0.0198
vn 0.5016 -0.8651 0.0017
vn 0.4603 -0.8876 0.0164
vn 0.4797 -0.8775 0.0014
vn 0.4357 -0.8999 0.0201
vn 0.4517 -0.8922 0.0008
vn 0.4134 -0.9104 0.0163
vn 0.4286 -0.9035 0.0007
vn 0.4131 -0.9105 0.0167
vn 0.3884 -0.9213 0.0203
vn 0.4082 -0.9129 0.0052
vn 0.3656 -0.9306 0.0168
vn 0.3832 -0.9215 0.0631
vn 0.3758 -0.9267 0.0040
vn 0.3396 -0.9403 0.0201
vn 0.3301 -0.9439 -0.0002
vn 0.3142 -0.9492 0.0146
vn 0.3060 -0.9520 -0.0000
vn 0.3141 -0.9493 0.0144
vn 0.3060 -0.9520 -0.0002
vn 0.2808 -0.9594 0.0276
vn 0.2764 -0.9610 -0.0000
vn 0.2617 -0.9650 0.0169
vn 0.2516 -0.9678 0.0001
vn 0.2303 -0.9729 0.0197
vn 0.2220 -0.9751 0.0002
vn 0.2019 -0.9793 0.0137
vn 0.1963 -0.9805 0.0002
vn 0.2018 -0.9793 0.0136
vn 0.1738 -0.9846 0.0196
vn 0.1668 -0.9860 0.0002
vn 0.1450 -0.9893 0.0146
vn 0.1407 -0.9901 0.0002
vn 0.1167 -0.9930 0.0196
vn 0.1114 -0.9938 0.0001
vn 0.0876 -0.9960 0.0161
vn 0.0844 -0.9964 0.0001
vn 0.0852 -0.9961 0.0221
vn 0.0844 -0.9964 -0.0000
vn 0.0869 -0.9962 -0.0000
vn 0.0845 -0.9964 -0.0001
vn 0.0600 -0.9980 0.0214
vn 0.0556 -0.9985 0.0006
vn 0.0294 -0.9996 0.0002
vn 0.0287 -0.9994 0.0185
vn 0.0087 -0.9981 0.0609
vn 0.0026 -0.9998 0.0209
vn -0.0289 -0.9996 0.0005
vn -0.0491 -0.9986 0.0207
vn -0.0505 -0.9959 -0.0751
vn -0.1315 -0.9913 0.0032
vn -0.1007 -0.9916 0.0816
vn -0.0758 -0.9969 0.0186
vn -0.0753 -0.9970 0.0192
vn -0.0658 -0.9956 -0.0671
vn -0.1010 -0.9947 0.0199
vn -0.1287 -0.9915 0.0200
vn -0.1591 -0.9873 0.0011
vn -0.1555 -0.9876 0.0207
vn -0.1611 -0.9869 0.0001
vn -0.1824 -0.9830 0.0197
vn -0.1866 -0.9824 0.0010
vn -0.1838 -0.9828 0.0174
vn -0.2087 -0.9760 0.0622
vn -0.2111 -0.9773 0.0190
vn -0.2516 -0.9678 0.0060
vn -0.2406 -0.9705 0.0149
vn -0.2959 -0.9552 0.0016
vn -0.2672 -0.9635 0.0191
vn -0.3235 -0.9462 0.0020
vn -0.2944 -0.9556 0.0153
vn -0.3240 -0.9461 0.0006
vn -0.2945 -0.9555 0.0144
vn -0.3487 -0.9372 0.0017
vn -0.3201 -0.9472 0.0186
vn -0.3760 -0.9266 0.0018
vn -0.3452 -0.9385 0.0135
vn -0.4108 -0.9092 -0.0684
vn -0.3724 -0.9277 0.0256
vn -0.4232 -0.9061 0.0005
vn -0.3902 -0.9206 0.0185
vn -0.4374 -0.8990 0.0215
vn -0.3950 -0.9185 0.0148
vn -0.4613 -0.8872 0.0031
vn -0.4170 -0.9087 0.0188
vn -0.4855 -0.8742 0.0044
vn -0.4415 -0.8972 0.0135
vn -0.5083 -0.8612 0.0023
vn -0.4644 -0.8854 0.0182
vn -0.4904 -0.8714 0.0131
vn -0.5350 -0.8449 0.0016
vn -0.5200 -0.8535 0.0333
vn -0.5334 -0.8455 0.0242
vn -0.6113 -0.7911 0.0192
vn -0.6242 -0.7811 0.0149
vn -0.5891 -0.8079 0.0145
vn -0.6066 -0.7947 0.0219
vn -0.5635 -0.8259 0.0182
vn -0.5705 -0.8198 0.0501
vn -0.5416 -0.8406 0.0121
vn -0.5568 -0.8307 0.0022
vn -0.5362 -0.8441 -0.0000
vn -0.6348 -0.7725 0.0173
vn -0.6369 -0.7709 -0.0001
vn -0.6358 -0.7717 0.0160
vn -0.6468 -0.7626 0.0023
vn -0.6704 -0.7420 0.0052
vn -0.6789 -0.7341 0.0154
vn -0.6874 -0.7263 0.0052
vn -0.6567 -0.7540 0.0181
vn -0.6775 -0.7353 0.0191
vn -0.7806 -0.6250 0.0048
vn -0.7634 -0.6459 0.0042
vn -0.7209 -0.6929 0.0136
vn -0.7277 -0.6859 0.0003
vn -0.7129 -0.7013 -0.0001
vn -0.7407 -0.6716 0.0167
vn -0.7615 -0.6481 0.0119
vn -0.7829 -0.6221 0.0008
vn -0.7816 -0.6229 0.0333
vn -0.7926 -0.6094 0.0197
vn -0.7972 -0.6037 0.0010
vn -0.7977 -0.6029 0.0131
vn -0.8177 -0.5756 0.0018
vn -0.8308 -0.5566 0.0021
vn -0.8428 -0.5378 0.0194
vn -0.8503 -0.5263 0.0018
vn -0.8293 -0.5587 0.0141
vn -0.8121 -0.5832 0.0197
vn -0.8585 -0.5126 0.0158
vn -0.8593 -0.5113 0.0142
vn -0.8624 -0.5063 0.0014
vn -0.8797 -0.4755 0.0023
vn -0.8898 -0.4564 0.0038
vn -0.8723 -0.4887 0.0180
vn -0.9043 -0.4269 0.0060
vn -0.8861 -0.4632 0.0168
vn -0.9132 -0.4076 0.0052
vn -0.8977 -0.4401 0.0195
vn -0.9263 -0.3767 0.0099
vn -0.9092 -0.4158 0.0227
vn -0.9098 -0.4146 0.0171
vn -0.9167 -0.3947 0.0628
vn -0.9100 -0.4143 0.0140
vn -0.9267 -0.3718 0.0545
vn -0.9209 -0.3895 0.0177
vn -0.9445 -0.3285 0.0057
vn -0.9333 -0.3589 0.0104
vn -0.9520 -0.3061 0.0019
vn -0.9435 -0.3303 0.0262
vn -0.9510 -0.3088 0.0153
vn -0.9535 -0.3013 0.0092
vn -0.9525 -0.3045 0.0005
vn -0.9586 -0.2847 0.0009
vn -0.9681 -0.2506 0.0015
vn -0.9735 -0.2288 0.0059
vn -0.9615 -0.2727 0.0348
vn -0.9798 -0.1999 0.0091
vn -0.9671 -0.2539 0.0132
vn -0.9843 -0.1765 0.0070
vn -0.9740 -0.2257 0.0179
vn -0.9802 -0.1973 0.0160
vn -0.9885 -0.1498 0.0220
vn -0.9846 -0.1733 0.0214
vn -0.9892 -0.1456 0.0167
vn -0.9907 -0.1329 0.0272
vn -0.9892 -0.1453 0.0164
vn -0.9920 -0.1117 0.0590
vn -0.9928 -0.1181 0.0208
vn -0.9981 -0.0613 0.0078
vn -0.9958 -0.0894 0.0186
vn -0.9958 -0.0898 0.0155
vn -0.9969 0.0779 0.0110
vn -0.9998 -0.0040 0.0178
vn -0.9997 0.0228 0.0109
vn -0.9945 0.1046 0.0107
vn -0.9985 0.0544 0.0079
vn -0.9995 0.0317 0.0048
vn -0.9994 -0.0322 0.0133
vn -0.9999 -0.0106 0.0014
vn -0.9996 -0.0274 0.0003
vn -0.9915 0.1256 0.0353
vn -0.9832 0.1824 0.0054
vn -0.9943 0.0985 0.0400
vn -0.9913 0.1264 0.0371
vn -0.9968 0.0709 0.0361
vn -0.9966 0.0722 0.0387
vn -0.9983 0.0507 0.0298
vn -0.9950 0.0843 0.0537
vn -0.9473 0.3188 -0.0301
vn -0.9634 0.2680 0.0079
vn -0.9709 0.2361 0.0401
vn -0.9772 0.2084 0.0412
vn -0.9709 0.2396 0.0045
vn -0.9825 0.1818 0.0396
vn -0.9879 0.1496 0.0416
vn -0.9828 0.1796 0.0424
vn -0.9763 0.2165 0.0049
vn -0.9756 0.2196 0.0019
vn -0.9645 0.2605 0.0427
vn -0.9560 0.2904 0.0415
vn -0.9407 0.3378 -0.0313
vn -0.9543 0.2990 -0.0016
vn -0.9557 0.2917 0.0384
vn -0.9377 0.3474 0.0033
vn -0.9476 0.3168 0.0412
vn -0.9276 0.3736 0.0057
vn -0.9365 0.3489 0.0366
vn -0.9193 0.3935 0.0027
vn -0.9248 0.3766 0.0542
vn -0.9023 0.4309 0.0107
vn -0.9166 0.3973 0.0451
vn -0.8943 0.4474 0.0087
vn -0.9129 0.4057 0.0448
vn -0.8906 0.4548 -0.0011
vn -0.9039 0.4252 0.0470
vn -0.8771 0.4801 0.0126
vn -0.8869 0.4598 0.0436
vn -0.8665 0.4991 0.0022
vn -0.8766 0.4796 0.0394
vn -0.8483 0.5296 0.0017
vn -0.8595 0.5094 0.0420
vn -0.8314 0.5557 0.0024
vn -0.8597 0.5092 0.0406
vn -0.8553 0.5181 -0.0017
vn -0.8444 0.5336 0.0481
vn -0.8394 0.5407 0.0552
vn -0.8333 0.5511 0.0441
vn -0.8177 0.5741 0.0424
vn -0.8151 0.5771 0.0503
vn -0.7799 0.6259 0.0022
vn -0.8036 0.5937 0.0404
vn -0.7832 0.6194 0.0544
vn -0.7586 0.6516 0.0033
vn -0.7725 0.6332 0.0472
vn -0.7577 0.6526 -0.0003
vn -0.7674 0.6400 0.0385
vn -0.7398 0.6729 0.0004
vn -0.6128 0.7728 -0.1652
vn -0.6100 0.7790 -0.1451
vn -0.6750 0.7375 0.0196
vn -0.6822 0.7312 0.0044
vn -0.6992 0.7149 -0.0049
vn -0.7185 0.6954 -0.0096
vn -0.7360 0.6755 0.0439
vn -0.7513 0.6576 0.0556
vn -0.5932 0.7910 -0.1494
vn -0.5931 0.7911 -0.1494
vn -0.6179 0.7862 -0.0071
vn -0.5632 0.8249 0.0482
vn -0.5479 0.8277 0.1216
vn -0.5800 0.8146 0.0083
vn -0.6296 0.7753 0.0499
vn -0.6247 0.7808 0.0026
vn -0.6180 0.7846 0.0486
vn -0.6013 0.7990 0.0006
vn -0.6059 0.7944 0.0430
vn -0.6013 0.7990 0.0015
vn -0.6059 0.7944 0.0434
vn -0.5823 0.8111 0.0551
vn 0.9891 -0.1464 0.0169
vn 0.9839 -0.1772 0.0244
vn 0.9909 -0.1319 -0.0282
vn 0.9805 -0.1956 0.0172
vn 0.9837 -0.1799 0.0021
vn 0.9721 -0.2329 0.0267
vn 0.9784 -0.2068 0.0017
vn 0.9689 -0.2472 0.0142
vn 0.9710 -0.2390 0.0014
vn 0.9596 -0.2807 0.0206
vn 0.9653 -0.2610 -0.0003
vn 0.9518 -0.3065 0.0122
vn 0.9649 -0.2625 0.0019
vn 0.9516 -0.3070 0.0132
vn 0.9419 -0.3353 0.0183
vn 0.9990 -0.0398 0.0207
vn 0.9977 -0.0651 0.0201
vn 0.9993 -0.0380 0.0069
vn 0.9956 -0.0918 0.0169
vn 0.9975 -0.0699 0.0105
vn 0.9925 -0.1215 -0.0155
vn 0.9876 -0.1279 0.0913
vn 0.9895 -0.1435 0.0141
vn 0.9923 -0.1228 0.0169
vn 0.9962 0.0752 0.0436
vn 0.9975 0.0585 0.0388
vn 0.9980 0.0634 0.0013
vn 0.9996 0.0283 0.0092
vn 0.9982 0.0595 0.0058
vn 0.9997 0.0057 0.0226
vn 0.9994 0.0348 0.0050
vn 0.9996 -0.0216 0.0165
vn 0.9993 -0.0348 0.0142
vn 0.9999 -0.0120 0.0007
vn 0.9996 -0.0294 -0.0002
vn 0.9906 0.1366 0.0035
vn 0.9961 0.0802 0.0369
vn 0.9931 0.1172 0.0047
vn 0.9964 0.0849 0.0024
vn 0.9819 0.1851 0.0392
vn 0.9824 0.1820 0.0424
vn 0.9757 0.2191 0.0075
vn 0.9875 0.1508 0.0452
vn 0.9817 0.1904 0.0069
vn 0.9902 0.1330 0.0433
vn 0.9937 0.1034 0.0423
vn 0.9745 0.2245 0.0023
vn 0.9691 0.2466 0.0058
vn 0.9763 0.2123 0.0408
vn 0.9614 0.2753 0.0035
vn 0.9696 0.2409 0.0425
vn 0.9697 0.2414 0.0379
vn 0.9529 0.3033 0.0045
vn 0.9629 0.2669 0.0409
vn 0.9123 0.3850 -0.1397
vn 0.9546 0.2951 0.0408
vn 0.9526 0.3044 -0.0000
vn 0.9538 0.2979 0.0378
vn 0.9240 0.3753 -0.0736
vn 0.9468 0.3192 0.0408
vn 0.9263 0.3767 0.0052
vn 0.9373 0.3461 0.0410
vn 0.9276 0.3707 0.0454
vn 0.9146 0.4043 0.0006
vn 0.9150 0.4012 0.0429
vn 0.9030 0.4297 -0.0000
vn 0.9082 0.4157 0.0491
vn 0.8914 0.4532 -0.0047
vn 0.8958 0.4424 0.0422
vn 0.9008 0.4342 -0.0047
vn 0.8909 0.4542 -0.0035
vn 0.8445 0.5355 -0.0032
vn 0.8562 0.5145 0.0473
vn 0.8514 0.5245 0.0072
vn 0.8688 0.4931 0.0443
vn 0.8588 0.5108 -0.0401
vn 0.8835 0.4661 0.0468
vn 0.8951 0.4436 0.0442
vn 0.8132 0.5820 -0.0044
vn 0.8246 0.5637 0.0475
vn 0.8345 0.5511 -0.0009
vn 0.8411 0.5389 0.0466
vn 0.8406 0.5399 0.0448
vn 0.7888 0.6126 0.0504
vn 0.7910 0.6088 0.0597
vn 0.7768 0.6279 0.0479
vn 0.7919 0.6076 0.0614
vn 0.7670 0.6403 0.0416
vn 0.7736 0.6321 0.0449
vn 0.6177 0.7846 0.0530
vn 0.6049 0.7955 0.0347
vn 0.6113 0.7911 0.0199
vn 0.6219 0.7804 -0.0643
vn 0.6531 0.7553 -0.0556
vn 0.6546 0.7560 0.0006
vn 0.6453 0.7550 -0.1165
vn 0.6969 0.7172 -0.0004
vn 0.7083 0.7059 -0.0048
vn 0.7338 0.6793 0.0048
vn 0.7390 0.6724 0.0415
vn 0.7529 0.6568 0.0422
vn 0.5751 0.8134 0.0868
vn 0.5955 0.8030 0.0244
vn 0.5825 0.8117 -0.0432
vn 0.5823 0.8126 -0.0236
vn 0.5231 0.8466 -0.0985
vn 0.5597 0.8233 0.0943
vn 0.5747 0.8130 0.0935
vn 0.4462 0.0304 0.8944
vn 0.5314 0.0674 0.8444
vn 0.5050 0.0874 0.8587
vn 0.2662 -0.0428 0.9630
vn 0.3579 -0.0096 0.9337
vn 0.3517 0.0155 0.9360
vn 0.3274 -0.2621 0.9078
vn 0.3192 -0.2766 0.9064
vn 0.4015 -0.3067 0.8630
vn 0.2245 -0.2525 0.9412
vn 0.2358 -0.2419 0.9412
vn 0.1536 -0.2060 0.9664
vn 0.2409 -0.3615 0.9007
vn 0.2585 -0.3516 0.8998
vn 0.1908 -0.2984 0.9352
vn 0.2103 -0.2717 0.9391
vn 0.2222 -0.2622 0.9391
vn 0.1446 -0.2192 0.9649
vn 0.7212 0.5775 0.3825
vn 0.7499 0.5406 0.3813
vn 0.7658 0.5766 0.2848
vn -0.2447 -0.3628 0.8992
vn -0.2343 -0.3745 0.8971
vn -0.1737 -0.3131 0.9337
vn -0.1751 -0.1544 0.9724
vn -0.1768 -0.1461 0.9733
vn -0.2709 -0.1500 0.9509
vn -0.2154 0.0646 0.9744
vn -0.1269 -0.0251 0.9916
vn -0.1394 0.0008 0.9902
vn -0.3034 0.1094 0.9466
vn -0.3142 0.0932 0.9448
vn -0.2346 0.0320 0.9716
vn -0.1318 -0.0320 0.9908
vn 0.1284 0.9273 0.3516
vn 0.0799 0.9463 0.3134
vn 0.0937 0.9427 0.3201
vn -0.3146 0.9435 0.1040
vn -0.3346 0.9172 0.2165
vn -0.3158 0.9409 0.1221
vn -0.4966 0.8575 0.1345
vn -0.5315 0.8385 0.1200
vn -0.5228 0.8463 0.1020
vn -0.3916 -0.9164 0.0827
vn 0.5620 0.8216 0.0956
vn 0.5952 0.7980 0.0945
vn -0.0143 -0.1449 0.9893
vn -0.0146 -0.1437 0.9895
vn -0.0601 -0.1867 0.9806
vn -0.0171 -0.1421 0.9897
vn -0.0170 -0.1408 0.9899
vn -0.0706 -0.1755 0.9819
vn 0.0093 -0.0824 0.9966
vn 0.0113 -0.0860 0.9962
vn 0.0216 -0.0410 0.9989
vn 0.0405 -0.1050 0.9936
vn 0.0397 -0.1083 0.9933
vn 0.0789 -0.0849 0.9933
vn 0.0449 -0.1162 0.9922
vn 0.0436 -0.1189 0.9919
vn 0.1548 -0.0841 0.9844
vn 0.0462 -0.1252 0.9911
vn 0.0445 -0.1275 0.9908
vn 0.1586 -0.1150 0.9806
vn 0.0195 -0.1380 0.9902
vn 0.0185 -0.1388 0.9901
vn 0.0786 -0.1626 0.9836
vn 0.0174 -0.1415 0.9898
vn 0.0164 -0.1420 0.9897
vn 0.0702 -0.1757 0.9819
vn 0.0070 -0.2090 0.9779
vn 0.0023 -0.1491 0.9888
vn 0.0016 -0.1470 0.9891
vn -0.0000 -0.2093 0.9778
vn 0.0005 -0.1499 0.9887
vn -0.0001 -0.1517 0.9884
vn 0.0027 -0.1501 0.9887
vn 0.0141 -0.2083 0.9780
vn 0.0033 -0.1489 0.9888
vn 0.0209 -0.2068 0.9782
vn 0.0044 -0.1489 0.9888
vn 0.0044 -0.1498 0.9887
vn 0.0280 -0.2049 0.9784
vn 0.0064 -0.1488 0.9888
vn 0.0053 -0.1492 0.9888
vn 0.0093 -0.1483 0.9889
vn 0.0080 -0.1477 0.9890
vn 0.0348 -0.2025 0.9787
vn 0.0077 -0.1487 0.9889
vn 0.0068 -0.1479 0.9890
vn 0.0099 -0.1476 0.9890
vn 0.0415 -0.1995 0.9790
vn 0.0112 -0.1472 0.9890
vn 0.0480 -0.1957 0.9795
vn 0.0113 -0.1459 0.9892
vn 0.0143 -0.1450 0.9893
vn 0.0133 -0.1453 0.9893
vn 0.0540 -0.1915 0.9800
vn 0.0123 -0.1456 0.9893
vn 0.0131 -0.1466 0.9891
vn 0.0600 -0.1868 0.9806
vn 0.0142 -0.1440 0.9895
vn 0.0158 -0.1440 0.9894
vn 0.0146 -0.1446 0.9894
vn 0.0216 -0.1362 0.9904
vn 0.0581 -0.0984 0.9934
vn 0.0177 -0.1428 0.9896
vn 0.0654 -0.1814 0.9812
vn 0.0154 -0.1425 0.9897
vn 0.0157 -0.1438 0.9895
vn 0.0181 -0.1408 0.9899
vn 0.0201 -0.1396 0.9900
vn 0.0748 -0.1692 0.9827
vn 0.0176 -0.1396 0.9901
vn 0.0199 -0.1355 0.9906
vn 0.0223 -0.1358 0.9905
vn 0.0822 -0.1552 0.9845
vn 0.0193 -0.1365 0.9905
vn 0.0201 -0.1376 0.9903
vn 0.0846 -0.1436 0.9860
vn 0.0213 -0.1329 0.9909
vn 0.0195 -0.1357 0.9906
vn 0.0208 -0.1346 0.9907
vn 0.0835 -0.1480 0.9855
vn 0.0455 -0.1050 0.9934
vn 0.0328 -0.1143 0.9929
vn 0.1685 -0.1457 0.9749
vn 0.1576 -0.1375 0.9779
vn 0.0441 -0.1340 0.9900
vn 0.0206 -0.1331 0.9909
vn 0.0836 -0.1410 0.9865
vn 0.0331 -0.1333 0.9905
vn 0.0311 -0.1622 0.9863
vn 0.0290 -0.1654 0.9858
vn 0.1584 -0.1301 0.9788
vn 0.0446 -0.1315 0.9903
vn 0.0456 -0.1323 0.9902
vn 0.1590 -0.1222 0.9797
vn 0.0447 -0.1294 0.9906
vn 0.0452 -0.1298 0.9905
vn 0.0451 -0.1299 0.9905
vn 0.0456 -0.1281 0.9907
vn 0.0446 -0.1248 0.9912
vn 0.1583 -0.1073 0.9815
vn 0.0453 -0.1228 0.9914
vn 0.1577 -0.0993 0.9825
vn 0.0440 -0.1216 0.9916
vn 0.1564 -0.0918 0.9834
vn 0.0442 -0.1215 0.9916
vn 0.0450 -0.1197 0.9918
vn 0.0430 -0.1162 0.9923
vn 0.1722 -0.0646 0.9830
vn 0.0434 -0.1141 0.9925
vn 0.0845 -0.0965 0.9917
vn 0.0419 -0.1131 0.9927
vn 0.0831 -0.0927 0.9922
vn 0.0426 -0.1135 0.9926
vn 0.0812 -0.0887 0.9927
vn 0.0415 -0.1084 0.9932
vn 0.0410 -0.1107 0.9930
vn 0.0427 -0.1123 0.9928
vn 0.0386 -0.1058 0.9936
vn 0.0768 -0.0809 0.9938
vn 0.0383 -0.1036 0.9939
vn 0.0736 -0.0760 0.9944
vn 0.0364 -0.1030 0.9940
vn 0.0716 -0.0725 0.9948
vn 0.0369 -0.1011 0.9942
vn 0.0685 -0.0687 0.9953
vn 0.0349 -0.1006 0.9943
vn 0.0652 -0.0652 0.9957
vn 0.0616 -0.0620 0.9962
vn 0.0313 -0.0969 0.9948
vn 0.0328 -0.0962 0.9948
vn 0.0332 -0.0987 0.9946
vn 0.0347 -0.0985 0.9945
vn 0.0540 -0.0552 0.9970
vn 0.0286 -0.0929 0.9953
vn 0.0579 -0.0594 0.9966
vn 0.0291 -0.0952 0.9950
vn 0.0309 -0.0939 0.9951
vn 0.0243 -0.0913 0.9955
vn 0.0254 -0.0912 0.9955
vn 0.0501 -0.0516 0.9974
vn 0.0256 -0.0913 0.9955
vn 0.0209 -0.0875 0.9959
vn 0.0243 -0.0903 0.9956
vn 0.0267 -0.0916 0.9954
vn 0.0266 -0.0934 0.9953
vn 0.0240 -0.0897 0.9957
vn 0.0451 -0.0496 0.9977
vn 0.0219 -0.0904 0.9957
vn 0.0212 -0.0882 0.9959
vn 0.0406 -0.0469 0.9981
vn 0.0192 -0.0883 0.9959
vn 0.0364 -0.0449 0.9983
vn 0.0194 -0.0884 0.9959
vn 0.0316 -0.0432 0.9986
vn 0.0167 -0.0874 0.9960
vn 0.0184 -0.0865 0.9961
vn 0.0267 -0.0421 0.9988
vn 0.0124 -0.0839 0.9964
vn 0.0140 -0.0868 0.9961
vn 0.0154 -0.0853 0.9962
vn 0.0085 -0.0857 0.9963
vn 0.0167 -0.0406 0.9990
vn 0.0067 -0.0833 0.9965
vn 0.0104 -0.0386 0.9992
vn 0.0047 -0.0853 0.9963
vn 0.0034 -0.0832 0.9965
vn 0.0048 -0.0377 0.9993
vn 0.0015 -0.0845 0.9964
vn 0.0002 -0.0372 0.9993
vn 0.0007 -0.0833 0.9965
vn -0.0050 -0.0382 0.9993
vn -0.0101 -0.0394 0.9992
vn -0.0047 -0.0849 0.9964
vn -0.0044 -0.0825 0.9966
vn -0.0017 -0.0845 0.9964
vn -0.0014 -0.0833 0.9965
vn -0.0219 -0.0392 0.9990
vn -0.0097 -0.0842 0.9964
vn -0.0151 -0.0405 0.9991
vn -0.0076 -0.0854 0.9963
vn -0.0083 -0.0810 0.9967
vn -0.0109 -0.0851 0.9963
vn -0.0100 -0.0844 0.9964
vn -0.0103 -0.0762 0.9970
vn -0.0259 -0.0417 0.9988
vn -0.0304 -0.0440 0.9986
vn -0.0148 -0.0873 0.9961
vn -0.0151 -0.0846 0.9963
vn -0.0122 -0.0861 0.9962
vn -0.0123 -0.0845 0.9963
vn -0.0417 -0.0466 0.9980
vn -0.0198 -0.0876 0.9960
vn -0.0350 -0.0461 0.9983
vn -0.0176 -0.0882 0.9959
vn -0.0190 -0.0845 0.9962
vn -0.0448 -0.0501 0.9977
vn -0.0219 -0.0902 0.9957
vn -0.0224 -0.0884 0.9958
vn -0.0208 -0.0889 0.9958
vn -0.0203 -0.0882 0.9959
vn -0.0196 -0.0900 0.9957
vn -0.0542 -0.0555 0.9970
vn -0.0267 -0.0915 0.9955
vn -0.0486 -0.0529 0.9974
vn -0.0242 -0.0917 0.9955
vn -0.0253 -0.0892 0.9957
vn -0.0585 -0.0575 0.9966
vn -0.0287 -0.0932 0.9952
vn -0.0270 -0.0938 0.9952
vn -0.0619 -0.0614 0.9962
vn -0.0306 -0.0966 0.9948
vn -0.0308 -0.0947 0.9950
vn -0.0296 -0.0944 0.9951
vn -0.0295 -0.0947 0.9951
vn -0.0306 -0.0971 0.9948
vn -0.0316 -0.0940 0.9951
vn -0.0326 -0.0964 0.9948
vn -0.0653 -0.0653 0.9957
vn -0.0326 -0.0987 0.9946
vn -0.0347 -0.0987 0.9945
vn -0.0349 -0.1007 0.9943
vn -0.0350 -0.1008 0.9943
vn -0.0378 -0.1051 0.9937
vn -0.0388 -0.1035 0.9939
vn -0.0365 -0.1029 0.9940
vn -0.0369 -0.1012 0.9942
vn -0.0392 -0.1073 0.9935
vn -0.0406 -0.1058 0.9936
vn -0.1363 -0.0390 0.9899
vn -0.1403 -0.0461 0.9890
vn -0.1445 -0.0536 0.9881
vn -0.0410 -0.1082 0.9933
vn -0.1478 -0.0611 0.9871
vn -0.0422 -0.1108 0.9929
vn -0.0404 -0.1102 0.9931
vn -0.0448 -0.1167 0.9922
vn -0.0425 -0.1154 0.9924
vn -0.1530 -0.0762 0.9853
vn -0.0428 -0.1151 0.9924
vn -0.1507 -0.0685 0.9862
vn -0.0433 -0.1136 0.9926
vn -0.0417 -0.1126 0.9928
vn -0.0433 -0.1179 0.9921
vn -0.1548 -0.0837 0.9844
vn -0.0447 -0.1192 0.9919
vn -0.1568 -0.0918 0.9834
vn -0.0437 -0.1210 0.9917
vn -0.0452 -0.1222 0.9915
vn -0.1580 -0.0996 0.9824
vn -0.0444 -0.1238 0.9913
vn -0.1586 -0.1073 0.9815
vn -0.0442 -0.1238 0.9913
vn -0.1591 -0.1225 0.9796
vn -0.0455 -0.1281 0.9907
vn -0.1588 -0.1146 0.9806
vn -0.0444 -0.1265 0.9910
vn -0.0459 -0.1253 0.9911
vn -0.0405 -0.1284 0.9909
vn -0.0442 -0.1322 0.9902
vn -0.1602 -0.1344 0.9779
vn -0.0444 -0.1324 0.9902
vn -0.1587 -0.1300 0.9787
vn -0.0454 -0.1311 0.9903
vn -0.0443 -0.1297 0.9906
vn -0.0839 -0.1477 0.9855
vn -0.0206 -0.1349 0.9906
vn -0.0849 -0.1436 0.9860
vn -0.0208 -0.1335 0.9908
vn -0.0858 -0.1365 0.9869
vn -0.0201 -0.1327 0.9909
vn -0.0211 -0.1384 0.9902
vn -0.0192 -0.1365 0.9905
vn -0.0818 -0.1558 0.9844
vn -0.0209 -0.1361 0.9905
vn -0.0200 -0.1354 0.9906
vn -0.0193 -0.1385 0.9902
vn -0.0789 -0.1624 0.9836
vn -0.0189 -0.1396 0.9900
vn -0.0749 -0.1694 0.9827
vn -0.0174 -0.1399 0.9900
vn -0.0187 -0.1418 0.9897
vn -0.0165 -0.1428 0.9896
vn -0.0656 -0.1817 0.9812
vn -0.0153 -0.1430 0.9896
vn -0.0161 -0.1450 0.9893
vn -0.0137 -0.1452 0.9893
vn -0.0542 -0.1917 0.9800
vn -0.0125 -0.1451 0.9893
vn -0.0416 -0.1996 0.9790
vn -0.0094 -0.1471 0.9891
vn -0.0106 -0.1473 0.9890
vn -0.0481 -0.1956 0.9795
vn -0.0113 -0.1469 0.9891
vn -0.0118 -0.1459 0.9892
vn -0.0128 -0.1471 0.9890
vn -0.0093 -0.1481 0.9889
vn -0.0349 -0.2026 0.9786
vn -0.0082 -0.1475 0.9890
vn -0.0282 -0.2051 0.9783
vn -0.0071 -0.1486 0.9889
vn -0.0078 -0.1490 0.9888
vn -0.0211 -0.2069 0.9781
vn -0.0046 -0.1488 0.9889
vn -0.0056 -0.1492 0.9888
vn -0.0101 -0.1257 0.9920
vn -0.0106 -0.1412 0.9899
vn -0.0064 -0.1487 0.9889
vn -0.0062 -0.1490 0.9888
vn -0.0042 -0.1496 0.9887
vn -0.0140 -0.2083 0.9780
vn -0.0034 -0.1487 0.9889
vn -0.0071 -0.2090 0.9779
vn -0.0014 -0.1498 0.9887
vn -0.0027 -0.1504 0.9886
vn -0.0001 -0.1499 0.9887
vn -0.0006 -0.1490 0.9888
vn -0.0026 -0.1834 0.9830
vn 0.5439 0.8306 0.1193
vn 0.5222 0.8299 0.1963
vn 0.6334 0.7680 0.0945
vn 0.6710 0.7172 0.1879
vn 0.7067 0.6884 0.1632
vn 0.7425 0.6495 0.1639
vn 0.7746 0.6109 0.1638
vn 0.8283 0.5360 0.1629
vn 0.8031 0.5734 0.1619
vn 0.8541 0.4941 0.1623
vn 0.8984 0.4082 0.1623
vn 0.8757 0.4555 0.1601
vn 0.9160 0.3685 0.1586
vn 0.9336 0.3201 0.1611
vn 0.9481 0.2745 0.1604
vn 0.9699 0.1849 0.1583
vn 0.9607 0.2278 0.1587
vn 0.9779 0.1380 0.1572
vn 0.9871 0.0418 0.1544
vn 0.9832 0.0916 0.1581
vn 0.9849 -0.0005 0.1734
vn 0.9953 0.0273 0.0932
vn 0.9954 -0.0369 0.0880
vn 0.9881 -0.1275 0.0860
vn 0.9928 -0.0822 0.0867
vn 0.9806 -0.1765 0.0858
vn 0.9716 -0.2214 0.0834
vn 0.9447 -0.3169 0.0842
vn 0.9605 -0.2660 0.0814
vn 0.9278 -0.3631 0.0853
vn 0.9087 -0.4088 0.0847
vn 0.8893 -0.4493 0.0847
vn 0.8665 -0.4922 0.0835
vn 0.8415 -0.5339 0.0822
vn 0.7840 -0.6151 0.0835
vn 0.8162 -0.5721 0.0804
vn 0.7524 -0.6532 0.0847
vn 0.7191 -0.6897 0.0849
vn 0.6840 -0.7247 0.0833
vn 0.6485 -0.7566 0.0837
vn 0.6095 -0.7883 0.0841
vn 0.5699 -0.8174 0.0841
vn 0.6367 -0.7709 0.0203
vn 0.5282 -0.8451 0.0831
vn 0.4873 -0.8693 0.0829
vn 0.4410 -0.8935 0.0845
vn 0.3949 -0.9148 0.0844
vn 0.3475 -0.9339 0.0844
vn 0.2986 -0.9508 0.0820
vn 0.2013 -0.9760 0.0827
vn 0.2541 -0.9639 0.0798
vn 0.1512 -0.9850 0.0831
vn 0.1008 -0.9914 0.0835
vn 0.0498 -0.9953 0.0831
vn 0.0009 -0.9965 0.0836
vn -0.0519 -0.9951 0.0842
vn -0.1525 -0.9848 0.0833
vn -0.1028 -0.9912 0.0838
vn -0.2004 -0.9761 0.0838
vn -0.2493 -0.9648 0.0836
vn -0.2982 -0.9508 0.0841
vn -0.3477 -0.9339 0.0837
vn -0.4397 -0.8942 0.0847
vn -0.4852 -0.8705 0.0830
vn -0.5278 -0.8454 0.0826
vn -0.5705 -0.8171 0.0836
vn -0.6105 -0.7875 0.0842
vn -0.6849 -0.7238 0.0838
vn -0.6476 -0.7572 0.0848
vn -0.7177 -0.6915 0.0823
vn -0.7539 -0.6516 0.0833
vn -0.7834 -0.6160 0.0820
vn -0.8140 -0.5745 0.0851
vn -0.8417 -0.5333 0.0847
vn -0.8663 -0.4921 0.0858
vn -0.8889 -0.4501 0.0857
vn -0.9088 -0.4081 0.0863
vn -0.9286 -0.3615 0.0840
vn -0.9447 -0.3179 0.0803
vn -0.9587 -0.2724 0.0811
vn -0.9710 -0.2228 0.0869
vn -0.9807 -0.1753 0.0867
vn -0.9928 -0.0822 0.0869
vn -0.9879 -0.1284 0.0873
vn -0.9960 0.0162 0.0875
vn -0.9956 -0.0381 0.0852
vn -0.9862 0.0444 0.1597
vn -0.9831 0.0901 0.1592
vn -0.9776 0.1380 0.1588
vn -0.9481 0.2741 0.1609
vn -0.9602 0.2287 0.1603
vn -0.9698 0.1843 0.1595
vn -0.9332 0.3221 0.1595
vn -0.8941 0.4084 0.1840
vn -0.9180 0.3643 0.1568
vn -0.8535 0.5130 0.0910
vn -0.8782 0.4693 0.0923
vn -0.8287 0.5526 0.0891
vn -0.8031 0.5896 0.0857
vn -0.7710 0.6304 0.0903
vn -0.7436 0.6631 0.0853
vn -0.7053 0.7028 0.0925
vn -0.6686 0.7379 0.0923
vn -0.6340 0.7668 0.1007
vn -0.5955 0.7979 0.0933
vn -0.5619 0.8227 0.0858
vn -0.4896 0.8652 0.1084
vn -0.4806 0.8702 0.1085
vn -0.4789 0.8725 0.0969
vn -0.4383 0.8756 0.2029
vn -0.3841 0.8997 0.2075
vn -0.4090 0.8951 0.1778
vn -0.4262 0.8985 0.1048
vn -0.4396 0.8910 0.1137
vn -0.4443 0.8745 0.1948
vn -0.3472 0.9224 0.1692
vn -0.3794 0.8754 0.2997
vn -0.3704 0.9230 0.1043
vn -0.2968 0.9051 0.3046
vn -0.2971 0.9079 0.2957
vn -0.2712 0.8889 0.3692
vn -0.2534 0.9189 0.3025
vn -0.2689 0.9173 0.2936
vn -0.2293 0.9189 0.3210
vn -0.2186 0.9254 0.3096
vn -0.2040 0.9302 0.3050
vn -0.2094 0.9331 0.2922
vn -0.0968 0.9082 0.4073
vn -0.0906 0.9487 0.3028
vn -0.1226 0.9334 0.3374
vn -0.1534 0.9033 0.4005
vn -0.1503 0.9433 0.2960
vn -0.1610 0.9392 0.3034
vn -0.1627 0.9183 0.3610
vn -0.0801 0.9391 0.3341
vn -0.0471 0.9096 0.4127
vn -0.0743 0.9334 0.3511
vn 0.0562 0.9395 0.3379
vn 0.0259 0.9349 0.3540
vn 0.0507 0.9078 0.4164
vn 0.0046 0.9367 0.3502
vn -0.0001 0.9084 0.4181
vn -0.0292 0.9295 0.3677
vn -0.0302 0.9477 0.3176
vn 0.0831 0.9368 0.3398
vn 0.1344 0.9421 0.3072
vn 0.1451 0.9401 0.3085
vn 0.1431 0.9438 0.2979
vn 0.2539 0.9199 0.2987
vn 0.2600 0.9224 0.2856
vn 0.2286 0.9210 0.3153
vn 0.1919 0.9348 0.2989
vn 0.2015 0.9349 0.2923
vn 0.1912 0.9345 0.3003
vn 0.1928 0.9081 0.3716
vn 0.2639 0.9129 0.3114
vn 0.3025 0.9070 0.2930
vn 0.2897 0.9089 0.2999
vn 0.3402 0.8933 0.2938
vn 0.3180 0.9041 0.2853
vn 0.3181 0.9046 0.2838
vn 0.4091 0.8953 0.1761
vn 0.3650 0.9198 0.1439
vn 0.3860 0.8949 0.2238
vn 0.3646 0.9200 0.1440
vn 0.3482 0.9093 0.2280
vn 0.3642 0.9201 0.1445
vn 0.3258 0.9234 0.2031
vn 0.4123 0.9013 0.1331
vn 0.4324 0.8765 0.2115
vn 0.4172 0.9012 0.1173
vn 0.4744 0.8570 0.2012
vn 0.4636 0.8797 0.1057
vn 0.4682 0.8656 0.1778
vn 0.5243 0.8432 0.1189
vn 0.4976 0.8589 0.1213
vn 0.4692 0.8774 0.0999
vn -0.2726 -0.1372 0.9523
vn -0.2738 -0.1243 0.9537
vn -0.2744 -0.1113 0.9552
vn -0.2743 -0.0982 0.9566
vn -0.2734 -0.0850 0.9581
vn -0.2720 -0.0718 0.9596
vn -0.2698 -0.0584 0.9611
vn -0.2669 -0.0450 0.9627
vn -0.2633 -0.0317 0.9642
vn -0.2590 -0.0186 0.9657
vn -0.2540 -0.0057 0.9672
vn -0.2482 0.0070 0.9687
vn -0.2417 0.0196 0.9701
vn -0.2266 0.0441 0.9730
vn -0.2855 0.1256 0.9501
vn -0.1672 -0.1787 0.9696
vn -0.2579 -0.1987 0.9455
vn -0.2507 -0.2100 0.9450
vn -0.1606 -0.1922 0.9681
vn -0.2618 -0.1870 0.9468
vn -0.1690 -0.1701 0.9708
vn -0.2655 -0.1750 0.9481
vn -0.1731 -0.1624 0.9714
vn -0.2685 -0.1625 0.9495
vn -0.1438 -0.2192 0.9650
vn -0.1527 -0.2061 0.9665
vn -0.2276 -0.2528 0.9404
vn -0.3193 -0.2766 0.9064
vn -0.2364 -0.2431 0.9408
vn -0.2402 -0.2320 0.9426
vn -0.2483 -0.2214 0.9430
vn -0.2589 -0.3532 0.8990
vn -0.1897 -0.2982 0.9355
vn -0.2678 -0.3406 0.9013
vn -0.2058 -0.2831 0.9367
vn -0.2811 -0.3297 0.9012
vn -0.2913 -0.3174 0.9024
vn -0.2134 -0.2723 0.9383
vn -0.3012 -0.3043 0.9037
vn -0.2228 -0.2634 0.9386
vn -0.3106 -0.2908 0.9050
vn -0.3275 -0.2622 0.9077
vn -0.3349 -0.2473 0.9092
vn -0.3417 -0.2322 0.9107
vn -0.3477 -0.2166 0.9122
vn -0.3531 -0.2006 0.9138
vn -0.3577 -0.1843 0.9155
vn -0.3615 -0.1676 0.9172
vn -0.3646 -0.1506 0.9189
vn -0.1341 -0.2328 0.9632
vn -0.1240 -0.2434 0.9620
vn -0.1122 -0.2521 0.9612
vn -0.1618 -0.3210 0.9332
vn -0.2215 -0.3844 0.8962
vn -0.1514 -0.3292 0.9320
vn -0.1115 -0.3496 0.9302
vn -0.1324 -0.3395 0.9312
vn -0.1656 -0.4158 0.8943
vn -0.2085 -0.3936 0.8953
vn -0.1932 -0.4006 0.8957
vn -0.1811 -0.4102 0.8938
vn -0.0676 -0.3645 0.9287
vn -0.0898 -0.3579 0.9294
vn -0.1069 -0.4387 0.8923
vn -0.0227 -0.3719 0.9280
vn -0.0452 -0.3691 0.9283
vn -0.0461 -0.4514 0.8911
vn -0.0926 -0.4447 0.8909
vn -0.0766 -0.4463 0.8916
vn -0.0620 -0.4511 0.8903
vn -0.1527 -0.4242 0.8926
vn -0.1368 -0.4285 0.8931
vn -0.1231 -0.4357 0.8916
vn -0.3240 0.0767 0.9430
vn -0.3327 0.0599 0.9411
vn -0.3405 0.0429 0.9392
vn -0.3474 0.0256 0.9374
vn -0.3532 0.0080 0.9355
vn -0.3582 -0.0098 0.9336
vn -0.3622 -0.0277 0.9317
vn -0.3652 -0.0456 0.9298
vn -0.3674 -0.0634 0.9279
vn -0.3685 -0.0811 0.9261
vn -0.3688 -0.0986 0.9243
vn -0.3683 -0.1161 0.9224
vn -0.3669 -0.1334 0.9207
vn 0.6604 0.5738 0.4843
vn 0.6342 0.5252 0.5674
vn 0.6974 0.5345 0.4774
vn 0.6643 0.4853 0.5685
vn 0.7246 0.4985 0.4758
vn 0.6898 0.4508 0.5665
vn 0.7497 0.4616 0.4742
vn 0.7132 0.4156 0.5645
vn 0.7727 0.4239 0.4725
vn 0.7346 0.3794 0.5626
vn 0.7937 0.3852 0.4709
vn 0.7540 0.3424 0.5606
vn 0.8126 0.3457 0.4692
vn 0.7713 0.3047 0.5587
vn 0.8296 0.3054 0.4674
vn 0.7869 0.2665 0.5566
vn 0.8446 0.2645 0.4655
vn 0.8004 0.2274 0.5546
vn 0.8575 0.2228 0.4637
vn 0.8121 0.1877 0.5525
vn 0.8682 0.1807 0.4621
vn 0.8217 0.1479 0.5504
vn 0.8768 0.1386 0.4604
vn 0.8292 0.1080 0.5485
vn 0.8833 0.0965 0.4587
vn 0.8346 0.0682 0.5466
vn 0.8877 0.0543 0.4571
vn 0.8381 0.0283 0.5448
vn 0.8901 0.0120 0.4556
vn 0.8397 -0.0115 0.5429
vn 0.8905 -0.0302 0.4540
vn 0.8394 -0.0512 0.5410
vn 0.8889 -0.0725 0.4523
vn 0.8373 -0.0910 0.5392
vn 0.8853 -0.1148 0.4507
vn 0.8332 -0.1307 0.5373
vn 0.8796 -0.1566 0.4492
vn 0.8273 -0.1699 0.5355
vn 0.8719 -0.1979 0.4478
vn 0.8195 -0.2085 0.5338
vn 0.8624 -0.2384 0.4465
vn 0.8099 -0.2465 0.5323
vn 0.8510 -0.2784 0.4452
vn 0.7986 -0.2838 0.5308
vn 0.8378 -0.3178 0.4440
vn 0.7856 -0.3205 0.5293
vn 0.8227 -0.3566 0.4427
vn 0.7709 -0.3566 0.5278
vn 0.8058 -0.3948 0.4414
vn 0.7546 -0.3920 0.5263
vn 0.7871 -0.4323 0.4401
vn 0.7365 -0.4268 0.5248
vn 0.7665 -0.4688 0.4390
vn 0.7167 -0.4607 0.5235
vn 0.7444 -0.5040 0.4380
vn 0.6957 -0.4933 0.5222
vn 0.7208 -0.5381 0.4369
vn 0.6731 -0.5248 0.5211
vn 0.6956 -0.5710 0.4361
vn 0.6492 -0.5552 0.5199
vn 0.6688 -0.6027 0.4352
vn 0.6238 -0.5844 0.5189
vn 0.6405 -0.6333 0.4344
vn 0.5971 -0.6126 0.5179
vn 0.6107 -0.6627 0.4334
vn 0.5689 -0.6396 0.5169
vn 0.5793 -0.6909 0.4326
vn 0.5393 -0.6655 0.5160
vn 0.5467 -0.7174 0.4319
vn 0.5087 -0.6899 0.5151
vn 0.5131 -0.7422 0.4312
vn 0.4772 -0.7126 0.5143
vn 0.4784 -0.7653 0.4306
vn 0.4448 -0.7338 0.5136
vn 0.4427 -0.7868 0.4301
vn 0.4113 -0.7534 0.5130
vn 0.4059 -0.8066 0.4296
vn 0.3770 -0.7716 0.5124
vn 0.3680 -0.8248 0.4292
vn 0.3416 -0.7882 0.5119
vn 0.3289 -0.8414 0.4288
vn 0.3053 -0.8033 0.5114
vn 0.2891 -0.8561 0.4283
vn 0.2682 -0.8167 0.5109
vn 0.2488 -0.8689 0.4280
vn 0.2307 -0.8283 0.5105
vn 0.2082 -0.8796 0.4277
vn 0.1930 -0.8381 0.5102
vn 0.1673 -0.8884 0.4275
vn 0.1551 -0.8461 0.5100
vn 0.1261 -0.8953 0.4273
vn 0.1168 -0.8523 0.5098
vn 0.0845 -0.9002 0.4273
vn 0.0782 -0.8568 0.5097
vn 0.0424 -0.9031 0.4273
vn 0.0393 -0.8595 0.5096
vn -0.0000 -0.9041 0.4273
vn -0.0000 -0.8604 0.5096
vn -0.0425 -0.9031 0.4272
vn -0.0393 -0.8595 0.5096
vn -0.0845 -0.9002 0.4272
vn -0.0783 -0.8568 0.5097
vn -0.1261 -0.8953 0.4273
vn -0.1169 -0.8523 0.5098
vn -0.1674 -0.8884 0.4275
vn -0.1551 -0.8461 0.5099
vn -0.2082 -0.8796 0.4277
vn -0.1930 -0.8381 0.5102
vn -0.2488 -0.8689 0.4280
vn -0.2307 -0.8283 0.5105
vn -0.2891 -0.8561 0.4283
vn -0.2682 -0.8167 0.5109
vn -0.3290 -0.8414 0.4288
vn -0.3053 -0.8032 0.5114
vn -0.3680 -0.8248 0.4292
vn -0.3417 -0.7882 0.5119
vn -0.4059 -0.8066 0.4296
vn -0.3770 -0.7716 0.5124
vn -0.4427 -0.7868 0.4301
vn -0.4114 -0.7534 0.5130
vn -0.4784 -0.7653 0.4306
vn -0.4448 -0.7338 0.5136
vn -0.5131 -0.7422 0.4312
vn -0.4773 -0.7126 0.5142
vn -0.5467 -0.7174 0.4319
vn -0.5088 -0.6898 0.5151
vn -0.5793 -0.6909 0.4326
vn -0.5394 -0.6655 0.5159
vn -0.6107 -0.6627 0.4334
vn -0.5690 -0.6396 0.5169
vn -0.6406 -0.6332 0.4344
vn -0.5971 -0.6125 0.5179
vn -0.6688 -0.6027 0.4352
vn -0.6239 -0.5844 0.5189
vn -0.6956 -0.5710 0.4360
vn -0.6492 -0.5552 0.5199
vn -0.7208 -0.5381 0.4369
vn -0.6731 -0.5248 0.5211
vn -0.7444 -0.5040 0.4379
vn -0.6957 -0.4933 0.5222
vn -0.7665 -0.4688 0.4390
vn -0.7168 -0.4607 0.5235
vn -0.7870 -0.4323 0.4401
vn -0.7365 -0.4269 0.5248
vn -0.8058 -0.3948 0.4414
vn -0.7545 -0.3920 0.5263
vn -0.8227 -0.3566 0.4426
vn -0.7709 -0.3565 0.5278
vn -0.8378 -0.3178 0.4440
vn -0.7856 -0.3205 0.5293
vn -0.8510 -0.2784 0.4452
vn -0.7986 -0.2838 0.5307
vn -0.8624 -0.2384 0.4465
vn -0.8099 -0.2465 0.5322
vn -0.8719 -0.1979 0.4478
vn -0.8195 -0.2086 0.5338
vn -0.8796 -0.1566 0.4492
vn -0.8273 -0.1700 0.5355
vn -0.8852 -0.1148 0.4507
vn -0.8332 -0.1307 0.5373
vn -0.8889 -0.0725 0.4524
vn -0.8373 -0.0911 0.5391
vn -0.8905 -0.0302 0.4540
vn -0.8394 -0.0513 0.5410
vn -0.8901 0.0120 0.4556
vn -0.8397 -0.0115 0.5429
vn -0.8878 0.0543 0.4571
vn -0.8381 0.0283 0.5448
vn -0.8833 0.0965 0.4587
vn -0.8346 0.0681 0.5466
vn -0.8768 0.1386 0.4604
vn -0.8291 0.1080 0.5485
vn -0.8683 0.1807 0.4620
vn -0.8217 0.1479 0.5504
vn -0.8576 0.2227 0.4637
vn -0.8121 0.1877 0.5525
vn -0.8441 0.2661 0.4656
vn -0.8005 0.2269 0.5548
vn -0.7955 0.2787 0.5381
vn 0.9824 -0.0564 0.1783
vn 0.9786 -0.1034 0.1777
vn 0.9727 -0.1500 0.1772
vn 0.9645 -0.1961 0.1767
vn 0.9542 -0.2418 0.1763
vn 0.9416 -0.2870 0.1759
vn 0.9269 -0.3318 0.1753
vn 0.9100 -0.3760 0.1747
vn 0.8908 -0.4196 0.1742
vn 0.8697 -0.4621 0.1737
vn 0.8465 -0.5034 0.1734
vn 0.8214 -0.5435 0.1730
vn 0.7943 -0.5824 0.1728
vn 0.7653 -0.6202 0.1725
vn 0.7343 -0.6567 0.1722
vn 0.7013 -0.6919 0.1718
vn 0.6665 -0.7256 0.1713
vn 0.6301 -0.7574 0.1710
vn 0.5924 -0.7873 0.1707
vn 0.5533 -0.8154 0.1706
vn 0.5127 -0.8415 0.1705
vn 0.4708 -0.8657 0.1703
vn 0.4273 -0.8880 0.1702
vn 0.3825 -0.9082 0.1699
vn 0.3364 -0.9263 0.1697
vn 0.2898 -0.9419 0.1696
vn 0.2428 -0.9552 0.1695
vn 0.1953 -0.9660 0.1694
vn 0.1474 -0.9745 0.1694
vn 0.0988 -0.9806 0.1693
vn 0.0497 -0.9843 0.1694
vn -0.0000 -0.9856 0.1694
vn -0.0497 -0.9843 0.1694
vn -0.0989 -0.9806 0.1693
vn -0.1474 -0.9745 0.1694
vn -0.1954 -0.9660 0.1694
vn -0.2428 -0.9552 0.1694
vn -0.2899 -0.9419 0.1695
vn -0.3365 -0.9263 0.1698
vn -0.3825 -0.9082 0.1699
vn -0.4274 -0.8879 0.1702
vn -0.4708 -0.8657 0.1703
vn -0.5128 -0.8414 0.1704
vn -0.5533 -0.8153 0.1706
vn -0.5924 -0.7873 0.1708
vn -0.6301 -0.7574 0.1710
vn -0.6665 -0.7256 0.1713
vn -0.7013 -0.6918 0.1717
vn -0.7343 -0.6566 0.1722
vn -0.7653 -0.6202 0.1725
vn -0.7943 -0.5824 0.1728
vn -0.8214 -0.5435 0.1730
vn -0.8465 -0.5034 0.1733
vn -0.8696 -0.4621 0.1737
vn -0.8908 -0.4196 0.1742
vn -0.9100 -0.3761 0.1747
vn -0.9269 -0.3318 0.1753
vn -0.9416 -0.2870 0.1759
vn -0.9542 -0.2418 0.1763
vn -0.9645 -0.1961 0.1767
vn -0.9727 -0.1500 0.1772
vn -0.9786 -0.1034 0.1777
vn -0.9824 -0.0564 0.1783
vn -0.9838 -0.0098 0.1792
vn 0.7936 0.5381 0.2839
vn 0.7765 0.5027 0.3800
vn 0.8193 0.4987 0.2829
vn 0.8009 0.4638 0.3787
vn 0.8430 0.4581 0.2820
vn 0.8233 0.4238 0.3775
vn 0.8646 0.4166 0.2810
vn 0.8437 0.3832 0.3759
vn 0.8841 0.3742 0.2798
vn 0.8620 0.3415 0.3745
vn 0.9016 0.3307 0.2787
vn 0.8783 0.2990 0.3731
vn 0.9170 0.2865 0.2775
vn 0.8925 0.2559 0.3714
vn 0.9301 0.2419 0.2765
vn 0.9044 0.2122 0.3701
vn 0.9409 0.1969 0.2756
vn 0.9141 0.1684 0.3689
vn 0.9495 0.1516 0.2746
vn 0.9216 0.1244 0.3677
vn 0.9559 0.1062 0.2738
vn 0.9270 0.0804 0.3663
vn 0.9602 0.0606 0.2728
vn 0.9303 0.0362 0.3650
vn 0.9622 0.0147 0.2718
vn 0.9315 -0.0081 0.3637
vn 0.9621 -0.0312 0.2708
vn 0.9306 -0.0524 0.3623
vn 0.9598 -0.0772 0.2698
vn 0.9275 -0.0968 0.3610
vn 0.9553 -0.1229 0.2688
vn 0.9223 -0.1408 0.3598
vn 0.9486 -0.1682 0.2680
vn 0.9151 -0.1843 0.3587
vn 0.9398 -0.2129 0.2673
vn 0.9058 -0.2271 0.3577
vn 0.9289 -0.2571 0.2666
vn 0.8945 -0.2694 0.3567
vn 0.9159 -0.3008 0.2658
vn 0.8813 -0.3112 0.3556
vn 0.9008 -0.3439 0.2651
vn 0.8661 -0.3523 0.3546
vn 0.8836 -0.3865 0.2642
vn 0.8489 -0.3929 0.3536
vn 0.8643 -0.4284 0.2635
vn 0.8297 -0.4327 0.3525
vn 0.8431 -0.4692 0.2628
vn 0.8087 -0.4715 0.3516
vn 0.8200 -0.5088 0.2622
vn 0.7859 -0.5091 0.3508
vn 0.7951 -0.5472 0.2616
vn 0.7615 -0.5455 0.3500
vn 0.7683 -0.5844 0.2612
vn 0.7354 -0.5807 0.3493
vn 0.7397 -0.6204 0.2607
vn 0.7076 -0.6147 0.3486
vn 0.7093 -0.6551 0.2601
vn 0.6780 -0.6475 0.3480
vn 0.6770 -0.6887 0.2596
vn 0.6468 -0.6791 0.3472
vn 0.6430 -0.7208 0.2590
vn 0.6139 -0.7093 0.3465
vn 0.6075 -0.7511 0.2585
vn 0.5797 -0.7378 0.3459
vn 0.5708 -0.7794 0.2582
vn 0.5443 -0.7645 0.3454
vn 0.5328 -0.8060 0.2579
vn 0.5078 -0.7894 0.3449
vn 0.4935 -0.8307 0.2576
vn 0.4701 -0.8126 0.3446
vn 0.4529 -0.8536 0.2574
vn 0.4312 -0.8340 0.3443
vn 0.4109 -0.8747 0.2571
vn 0.3912 -0.8537 0.3438
vn 0.3676 -0.8938 0.2568
vn 0.3498 -0.8716 0.3435
vn 0.3232 -0.9109 0.2566
vn 0.3074 -0.8875 0.3431
vn 0.2784 -0.9256 0.2563
vn 0.2647 -0.9013 0.3428
vn 0.2331 -0.9381 0.2561
vn 0.2216 -0.9130 0.3426
vn 0.1875 -0.9483 0.2560
vn 0.1781 -0.9225 0.3424
vn 0.1414 -0.9563 0.2560
vn 0.1343 -0.9299 0.3423
vn 0.0948 -0.9620 0.2560
vn 0.0900 -0.9353 0.3423
vn 0.0477 -0.9655 0.2559
vn 0.0452 -0.9385 0.3423
vn -0.0000 -0.9667 0.2560
vn -0.0000 -0.9396 0.3424
vn -0.0477 -0.9655 0.2559
vn -0.0453 -0.9385 0.3424
vn -0.0949 -0.9620 0.2560
vn -0.0901 -0.9353 0.3423
vn -0.1415 -0.9563 0.2560
vn -0.1344 -0.9299 0.3423
vn -0.1875 -0.9483 0.2560
vn -0.1782 -0.9225 0.3424
vn -0.2332 -0.9381 0.2561
vn -0.2216 -0.9130 0.3426
vn -0.2784 -0.9256 0.2563
vn -0.2647 -0.9013 0.3429
vn -0.3233 -0.9108 0.2566
vn -0.3075 -0.8875 0.3431
vn -0.3677 -0.8938 0.2568
vn -0.3498 -0.8716 0.3435
vn -0.4110 -0.8746 0.2571
vn -0.3912 -0.8537 0.3438
vn -0.4529 -0.8536 0.2574
vn -0.4313 -0.8340 0.3442
vn -0.4935 -0.8307 0.2576
vn -0.4702 -0.8125 0.3446
vn -0.5328 -0.8060 0.2579
vn -0.5079 -0.7894 0.3449
vn -0.5708 -0.7794 0.2581
vn -0.5444 -0.7644 0.3454
vn -0.6075 -0.7511 0.2585
vn -0.5797 -0.7378 0.3459
vn -0.6430 -0.7208 0.2590
vn -0.6139 -0.7092 0.3466
vn -0.6770 -0.6886 0.2596
vn -0.6468 -0.6790 0.3472
vn -0.7093 -0.6551 0.2601
vn -0.6781 -0.6474 0.3479
vn -0.7397 -0.6204 0.2606
vn -0.7076 -0.6147 0.3486
vn -0.7683 -0.5844 0.2612
vn -0.7354 -0.5807 0.3494
vn -0.7951 -0.5472 0.2616
vn -0.7615 -0.5455 0.3500
vn -0.8200 -0.5088 0.2622
vn -0.7860 -0.5091 0.3507
vn -0.8431 -0.4692 0.2628
vn -0.8087 -0.4716 0.3515
vn -0.8643 -0.4284 0.2635
vn -0.8297 -0.4328 0.3525
vn -0.8836 -0.3865 0.2642
vn -0.8489 -0.3929 0.3536
vn -0.9008 -0.3439 0.2651
vn -0.8661 -0.3523 0.3546
vn -0.9159 -0.3008 0.2658
vn -0.8813 -0.3112 0.3556
vn -0.9289 -0.2571 0.2666
vn -0.8945 -0.2694 0.3567
vn -0.9398 -0.2129 0.2673
vn -0.9058 -0.2271 0.3577
vn -0.9486 -0.1682 0.2680
vn -0.9151 -0.1843 0.3587
vn -0.9553 -0.1230 0.2688
vn -0.9223 -0.1408 0.3599
vn -0.9598 -0.0773 0.2698
vn -0.9275 -0.0968 0.3610
vn -0.9621 -0.0313 0.2707
vn -0.9306 -0.0525 0.3624
vn -0.9622 0.0148 0.2718
vn -0.9315 -0.0081 0.3637
vn -0.9602 0.0605 0.2727
vn -0.9303 0.0362 0.3650
vn -0.9559 0.1062 0.2738
vn -0.9270 0.0803 0.3663
vn -0.9495 0.1516 0.2746
vn -0.9216 0.1244 0.3676
vn -0.9409 0.1968 0.2756
vn -0.9141 0.1683 0.3689
vn -0.9301 0.2418 0.2765
vn -0.9044 0.2122 0.3701
vn -0.9170 0.2865 0.2775
vn -0.8925 0.2558 0.3715
vn -0.9011 0.3320 0.2787
vn -0.8784 0.2985 0.3733
vn -0.8584 0.3482 0.3766
vn -0.3272 0.8984 0.2928
vn -0.3225 0.9001 0.2928
vn -0.3417 0.8925 0.2945
vn -0.3883 0.8733 0.2942
vn -0.4333 0.8522 0.2933
vn -0.4768 0.8289 0.2925
vn -0.4776 0.8282 0.2932
vn -0.5186 0.8037 0.2918
vn -0.5194 0.8029 0.2926
vn -0.5588 0.7765 0.2912
vn -0.5596 0.7756 0.2920
vn -0.5975 0.7475 0.2902
vn -0.5983 0.7465 0.2911
vn -0.6346 0.7167 0.2892
vn -0.6353 0.7156 0.2902
vn -0.6700 0.6841 0.2883
vn -0.6707 0.6829 0.2894
vn -0.7039 0.6497 0.2871
vn -0.7046 0.6484 0.2882
vn -0.7360 0.6137 0.2859
vn -0.7366 0.6124 0.2871
vn -0.7659 0.5764 0.2848
vn -0.7664 0.5751 0.2862
vn -0.7938 0.5379 0.2839
vn -0.7941 0.5366 0.2854
vn -0.8195 0.4984 0.2829
vn -0.8197 0.4971 0.2844
vn -0.8432 0.4579 0.2819
vn -0.8433 0.4566 0.2836
vn -0.8647 0.4163 0.2809
vn -0.8648 0.4151 0.2826
vn 0.3883 0.8732 0.2947
vn 0.4332 0.8520 0.2939
vn 0.4767 0.8287 0.2932
vn 0.5185 0.8035 0.2926
vn 0.5596 0.7760 0.2911
vn 0.5587 0.7762 0.2921
vn 0.5983 0.7469 0.2902
vn 0.5974 0.7472 0.2912
vn 0.6353 0.7161 0.2891
vn 0.6344 0.7164 0.2903
vn 0.6544 0.6483 0.3892
vn 0.7030 0.6508 0.2869
vn 0.6902 0.6133 0.3841
vn 0.7359 0.6139 0.2856
vn 0.6069 0.5512 0.5726
vn 0.6040 0.6335 0.4836
vn 0.6045 0.6338 0.4826
vn 0.5696 0.6636 0.4850
vn 0.5700 0.6639 0.4841
vn 0.5335 0.6920 0.4863
vn 0.5339 0.6923 0.4855
vn 0.4957 0.7187 0.4875
vn 0.4962 0.7189 0.4868
vn 0.4563 0.7436 0.4887
vn 0.4568 0.7438 0.4880
vn 0.4152 0.7666 0.4898
vn 0.4156 0.7668 0.4892
vn 0.3725 0.7876 0.4909
vn 0.3729 0.7877 0.4904
vn 0.3286 0.8062 0.4920
vn 0.3290 0.8063 0.4915
vn 0.2838 0.8226 0.4928
vn 0.2841 0.8227 0.4924
vn 0.2383 0.8365 0.4935
vn 0.2386 0.8366 0.4932
vn 0.1920 0.8479 0.4941
vn 0.1923 0.8480 0.4939
vn 0.1451 0.8570 0.4946
vn 0.1453 0.8570 0.4944
vn 0.0973 0.8635 0.4949
vn 0.0975 0.8636 0.4947
vn 0.0489 0.8675 0.4950
vn -0.0000 0.8689 0.4950
vn -0.0490 0.8676 0.4949
vn -0.0974 0.8636 0.4947
vn -0.1452 0.8571 0.4943
vn -0.1921 0.8480 0.4939
vn -0.1923 0.8478 0.4942
vn -0.2384 0.8366 0.4932
vn -0.2386 0.8364 0.4934
vn -0.2839 0.8228 0.4923
vn -0.2842 0.8225 0.4927
vn -0.3286 0.8065 0.4915
vn -0.3289 0.8061 0.4920
vn -0.3726 0.7878 0.4904
vn -0.3729 0.7874 0.4908
vn -0.4154 0.7669 0.4892
vn -0.4156 0.7664 0.4898
vn -0.4565 0.7439 0.4881
vn -0.4567 0.7433 0.4888
vn -0.4959 0.7191 0.4868
vn -0.4961 0.7185 0.4875
vn -0.5337 0.6924 0.4855
vn -0.5338 0.6918 0.4863
vn -0.5698 0.6640 0.4842
vn -0.5699 0.6633 0.4850
vn -0.6043 0.6340 0.4826
vn -0.6043 0.6332 0.4835
vn -0.6056 0.5544 0.5710
vn -0.6371 0.6015 0.4820
vn -0.6455 0.5319 0.5482
vn -0.6682 0.5681 0.4803
vn -0.6735 0.4979 0.5464
vn -0.6975 0.5333 0.4786
vn -0.6995 0.4630 0.5444
vn -0.7247 0.4973 0.4770
vn -0.7233 0.4273 0.5424
vn -0.7496 0.4604 0.4755
vn -0.7451 0.3906 0.5406
vn -0.7726 0.4226 0.4738
vn -0.7649 0.3531 0.5388
vn -0.7935 0.3839 0.4722
vn -0.7827 0.3150 0.5368
vn -0.8124 0.3445 0.4705
vn -0.0311 -0.4549 0.8900
vn -0.0155 -0.4538 0.8910
vn 0.0010 -0.3736 0.9276
vn 0.0012 -0.4552 0.8904
vn 0.0234 -0.3727 0.9276
vn 0.0684 -0.3653 0.9284
vn 0.0459 -0.3699 0.9279
vn 0.0629 -0.4499 0.8908
vn 0.0136 -0.4505 0.8927
vn 0.0321 -0.4539 0.8905
vn 0.0439 -0.4483 0.8928
vn 0.1124 -0.3503 0.9299
vn 0.0906 -0.3587 0.9291
vn 0.1236 -0.4343 0.8922
vn 0.1514 -0.3285 0.9323
vn 0.1334 -0.3400 0.9309
vn 0.1814 -0.4086 0.8945
vn 0.2214 -0.3843 0.8963
vn 0.1593 -0.3197 0.9340
vn 0.2082 -0.3936 0.8954
vn 0.1898 -0.3987 0.8972
vn 0.1339 -0.4261 0.8947
vn 0.1531 -0.4227 0.8932
vn 0.1625 -0.4136 0.8958
vn 0.0742 -0.4435 0.8932
vn 0.0933 -0.4434 0.8914
vn 0.1042 -0.4361 0.8939
vn 0.1120 -0.2525 0.9611
vn 0.0993 -0.2623 0.9599
vn 0.0861 -0.2699 0.9590
vn 0.0724 -0.2764 0.9583
vn 0.0582 -0.2817 0.9577
vn 0.0438 -0.2858 0.9573
vn 0.0292 -0.2887 0.9570
vn 0.0146 -0.2904 0.9568
vn -0.0000 -0.2909 0.9567
vn -0.0147 -0.2904 0.9568
vn -0.0293 -0.2887 0.9570
vn -0.0438 -0.2859 0.9573
vn -0.0583 -0.2817 0.9577
vn -0.0725 -0.2764 0.9583
vn -0.0862 -0.2700 0.9590
vn -0.0984 -0.2623 0.9599
vn 0.1615 -0.1920 0.9680
vn 0.1350 -0.2323 0.9632
vn 0.2056 -0.2824 0.9370
vn 0.1238 -0.2433 0.9620
vn 0.1748 -0.3130 0.9335
vn 0.2345 -0.3728 0.8978
vn 0.2368 -0.2318 0.9435
vn 0.2475 -0.2203 0.9435
vn 0.1669 -0.1783 0.9697
vn 0.2638 -0.3395 0.9028
vn 0.2808 -0.3298 0.9013
vn 0.2912 -0.3173 0.9025
vn 0.3011 -0.3043 0.9037
vn 0.3105 -0.2907 0.9050
vn 0.0332 -0.1333 0.9905
vn 0.1204 0.0599 0.9909
vn 0.1749 -0.1543 0.9724
vn 0.1728 -0.1624 0.9715
vn 0.1667 -0.1704 0.9712
vn 0.3906 -0.3245 0.8614
vn 0.3791 -0.3417 0.8599
vn 0.3668 -0.3583 0.8585
vn 0.3539 -0.3741 0.8572
vn 0.3404 -0.3893 0.8559
vn 0.3262 -0.4038 0.8547
vn 0.3113 -0.4177 0.8536
vn 0.2959 -0.4310 0.8525
vn 0.2798 -0.4436 0.8515
vn 0.2633 -0.4554 0.8505
vn 0.2463 -0.4664 0.8496
vn 0.2289 -0.4766 0.8488
vn 0.2112 -0.4860 0.8481
vn 0.1932 -0.4946 0.8474
vn 0.1748 -0.5024 0.8468
vn 0.1558 -0.5095 0.8463
vn 0.1366 -0.5158 0.8458
vn 0.1173 -0.5212 0.8454
vn 0.0980 -0.5257 0.8450
vn 0.0786 -0.5294 0.8447
vn 0.0590 -0.5323 0.8445
vn 0.0394 -0.5343 0.8444
vn 0.0198 -0.5355 0.8443
vn -0.0000 -0.5359 0.8443
vn -0.0198 -0.5355 0.8443
vn -0.0395 -0.5343 0.8444
vn -0.0591 -0.5323 0.8445
vn -0.0786 -0.5294 0.8447
vn -0.0980 -0.5258 0.8450
vn -0.1174 -0.5212 0.8453
vn -0.1367 -0.5158 0.8457
vn -0.1559 -0.5095 0.8462
vn -0.1748 -0.5025 0.8468
vn -0.1932 -0.4946 0.8474
vn -0.2113 -0.4860 0.8480
vn -0.2290 -0.4766 0.8488
vn -0.2464 -0.4665 0.8495
vn -0.2633 -0.4554 0.8504
vn -0.2798 -0.4436 0.8514
vn -0.2959 -0.4310 0.8525
vn -0.3114 -0.4178 0.8535
vn -0.3262 -0.4039 0.8547
vn -0.3404 -0.3893 0.8559
vn -0.3540 -0.3742 0.8571
vn -0.3669 -0.3583 0.8585
vn -0.3792 -0.3418 0.8599
vn -0.3907 -0.3245 0.8614
vn -0.4016 -0.3067 0.8629
vn -0.4115 -0.2884 0.8645
vn -0.4206 -0.2697 0.8662
vn -0.4289 -0.2506 0.8679
vn -0.4363 -0.2310 0.8696
vn -0.4428 -0.2109 0.8714
vn -0.4484 -0.1904 0.8733
vn -0.4530 -0.1694 0.8753
vn -0.4566 -0.1481 0.8772
vn -0.4593 -0.1265 0.8792
vn -0.4609 -0.1049 0.8813
vn -0.4613 -0.0831 0.8834
vn -0.4607 -0.0611 0.8854
vn -0.4590 -0.0390 0.8876
vn -0.4562 -0.0168 0.8897
vn -0.4522 0.0055 0.8919
vn -0.4470 0.0278 0.8941
vn -0.4406 0.0500 0.8963
vn -0.4332 0.0718 0.8984
vn -0.4245 0.0933 0.9006
vn -0.4146 0.1145 0.9028
vn -0.4036 0.1354 0.9049
vn -0.3913 0.1558 0.9070
vn -0.3778 0.1759 0.9090
vn -0.3599 0.2047 0.9102
vn -0.4245 0.2663 0.8654
vn -0.4482 0.2426 0.8604
vn -0.4644 0.2189 0.8582
vn -0.4791 0.1946 0.8559
vn -0.4924 0.1699 0.8536
vn -0.5043 0.1448 0.8513
vn -0.5148 0.1193 0.8490
vn -0.5240 0.0935 0.8466
vn -0.5318 0.0672 0.8442
vn -0.5382 0.0407 0.8419
vn -0.5432 0.0141 0.8395
vn -0.5468 -0.0123 0.8372
vn -0.5491 -0.0386 0.8349
vn -0.5501 -0.0648 0.8326
vn -0.5497 -0.0908 0.8304
vn -0.5481 -0.1166 0.8282
vn -0.5453 -0.1424 0.8261
vn -0.5412 -0.1679 0.8240
vn -0.5360 -0.1930 0.8219
vn -0.5296 -0.2176 0.8199
vn -0.5221 -0.2417 0.8179
vn -0.5136 -0.2652 0.8160
vn -0.5040 -0.2883 0.8142
vn -0.4933 -0.3108 0.8124
vn -0.4816 -0.3328 0.8107
vn -0.4688 -0.3544 0.8091
vn -0.4552 -0.3752 0.8074
vn -0.4408 -0.3952 0.8059
vn -0.4255 -0.4144 0.8045
vn -0.4094 -0.4328 0.8032
vn -0.3925 -0.4505 0.8019
vn -0.3749 -0.4673 0.8007
vn -0.3564 -0.4835 0.7995
vn -0.3372 -0.4989 0.7984
vn -0.3174 -0.5133 0.7973
vn -0.2972 -0.5268 0.7964
vn -0.2764 -0.5392 0.7955
vn -0.2551 -0.5507 0.7947
vn -0.2334 -0.5612 0.7941
vn -0.2112 -0.5709 0.7934
vn -0.1885 -0.5796 0.7928
vn -0.1654 -0.5873 0.7923
vn -0.1420 -0.5940 0.7918
vn -0.1187 -0.5996 0.7915
vn -0.0952 -0.6042 0.7911
vn -0.0716 -0.6077 0.7909
vn -0.0479 -0.6102 0.7908
vn -0.0240 -0.6117 0.7907
vn -0.0000 -0.6122 0.7907
vn 0.0239 -0.6116 0.7908
vn 0.0478 -0.6101 0.7909
vn 0.0716 -0.6077 0.7910
vn 0.0952 -0.6042 0.7911
vn 0.1186 -0.5996 0.7915
vn 0.1420 -0.5940 0.7919
vn 0.1653 -0.5873 0.7923
vn 0.1885 -0.5796 0.7928
vn 0.2112 -0.5709 0.7934
vn 0.2333 -0.5612 0.7941
vn 0.2551 -0.5507 0.7948
vn 0.2764 -0.5392 0.7955
vn 0.2972 -0.5267 0.7964
vn 0.3173 -0.5133 0.7974
vn 0.3372 -0.4988 0.7984
vn 0.3563 -0.4835 0.7996
vn 0.3748 -0.4673 0.8007
vn 0.3925 -0.4505 0.8019
vn 0.4094 -0.4328 0.8032
vn 0.4255 -0.4144 0.8045
vn 0.4407 -0.3952 0.8060
vn 0.4552 -0.3752 0.8075
vn 0.4688 -0.3544 0.8091
vn -0.4891 0.3438 0.8016
vn -0.5132 0.3081 0.8010
vn -0.5320 0.2810 0.7988
vn -0.5491 0.2534 0.7964
vn -0.5646 0.2252 0.7940
vn -0.5785 0.1965 0.7917
vn -0.5908 0.1673 0.7892
vn -0.6016 0.1377 0.7868
vn -0.6108 0.1076 0.7844
vn -0.6185 0.0772 0.7820
vn -0.6246 0.0467 0.7795
vn -0.6290 0.0163 0.7772
vn -0.6320 -0.0140 0.7748
vn -0.6335 -0.0441 0.7725
vn -0.6333 -0.0740 0.7703
vn -0.6319 -0.1038 0.7681
vn -0.6291 -0.1336 0.7658
vn -0.6247 -0.1631 0.7636
vn -0.6190 -0.1922 0.7615
vn -0.6120 -0.2207 0.7594
vn -0.6037 -0.2487 0.7575
vn -0.5941 -0.2760 0.7556
vn -0.5833 -0.3028 0.7537
vn -0.5713 -0.3290 0.7520
vn -0.5581 -0.3547 0.7502
vn -0.5437 -0.3799 0.7484
vn -0.5282 -0.4042 0.7468
vn -0.5117 -0.4276 0.7452
vn -0.4942 -0.4500 0.7438
vn -0.4758 -0.4716 0.7424
vn -0.4565 -0.4924 0.7411
vn -0.4362 -0.5123 0.7398
vn -0.4149 -0.5312 0.7387
vn -0.3928 -0.5494 0.7375
vn -0.3699 -0.5664 0.7364
vn -0.3464 -0.5823 0.7355
vn -0.3224 -0.5970 0.7346
vn -0.2978 -0.6106 0.7338
vn -0.2725 -0.6231 0.7331
vn -0.2467 -0.6346 0.7325
vn -0.2202 -0.6449 0.7319
vn -0.1933 -0.6541 0.7313
vn -0.1661 -0.6621 0.7308
vn -0.1388 -0.6687 0.7304
vn -0.1114 -0.6742 0.7301
vn -0.0839 -0.6784 0.7299
vn -0.0561 -0.6814 0.7298
vn -0.0282 -0.6831 0.7298
vn -0.0000 -0.6837 0.7298
vn 0.0281 -0.6831 0.7298
vn 0.0561 -0.6814 0.7298
vn 0.0838 -0.6784 0.7299
vn 0.1114 -0.6742 0.7301
vn 0.1387 -0.6687 0.7305
vn 0.1660 -0.6621 0.7308
vn 0.1932 -0.6541 0.7313
vn 0.2201 -0.6449 0.7319
vn 0.2466 -0.6345 0.7325
vn 0.2725 -0.6231 0.7331
vn 0.2977 -0.6106 0.7338
vn 0.3224 -0.5970 0.7346
vn 0.3464 -0.5823 0.7355
vn 0.3698 -0.5664 0.7365
vn 0.3927 -0.5494 0.7375
vn 0.4148 -0.5312 0.7387
vn 0.4362 -0.5122 0.7399
vn 0.4564 -0.4924 0.7411
vn 0.4758 -0.4716 0.7424
vn 0.4941 -0.4500 0.7439
vn 0.5116 -0.4276 0.7453
vn 0.5281 -0.4042 0.7468
vn 0.3621 -0.0277 0.9317
vn 0.2697 -0.0584 0.9612
vn 0.3651 -0.0456 0.9298
vn 0.2719 -0.0718 0.9596
vn 0.3672 -0.0634 0.9280
vn 0.2733 -0.0851 0.9582
vn 0.3685 -0.0811 0.9261
vn 0.2742 -0.0982 0.9567
vn 0.3688 -0.0986 0.9243
vn 0.2743 -0.1113 0.9552
vn 0.3682 -0.1160 0.9225
vn 0.2737 -0.1242 0.9537
vn 0.3668 -0.1334 0.9207
vn 0.2725 -0.1372 0.9523
vn 0.3645 -0.1506 0.9190
vn 0.2707 -0.1499 0.9509
vn 0.3614 -0.1676 0.9172
vn 0.2684 -0.1625 0.9495
vn 0.3577 -0.1843 0.9155
vn 0.2653 -0.1749 0.9482
vn 0.3530 -0.2006 0.9139
vn 0.2617 -0.1870 0.9469
vn 0.3476 -0.2166 0.9123
vn 0.2576 -0.1988 0.9456
vn 0.3415 -0.2321 0.9107
vn 0.2470 -0.2102 0.9459
vn 0.3347 -0.2473 0.9093
vn 0.5381 0.0407 0.8419
vn 0.4521 0.0055 0.8919
vn 0.5431 0.0141 0.8396
vn 0.4561 -0.0168 0.8898
vn 0.5467 -0.0123 0.8372
vn 0.4590 -0.0390 0.8876
vn 0.5490 -0.0386 0.8349
vn 0.4606 -0.0611 0.8855
vn 0.5500 -0.0647 0.8327
vn 0.4612 -0.0831 0.8834
vn 0.5496 -0.0908 0.8305
vn 0.4608 -0.1048 0.8813
vn 0.5481 -0.1165 0.8283
vn 0.4592 -0.1265 0.8793
vn 0.5453 -0.1423 0.8261
vn 0.4565 -0.1481 0.8773
vn 0.5411 -0.1679 0.8240
vn 0.4529 -0.1694 0.8753
vn 0.5359 -0.1930 0.8219
vn 0.4483 -0.1904 0.8734
vn 0.5295 -0.2176 0.8199
vn 0.4427 -0.2109 0.8715
vn 0.5221 -0.2417 0.8179
vn 0.4363 -0.2309 0.8697
vn 0.5135 -0.2652 0.8161
vn 0.4289 -0.2505 0.8679
vn 0.5039 -0.2883 0.8142
vn 0.4205 -0.2697 0.8663
vn 0.4932 -0.3108 0.8125
vn 0.4115 -0.2884 0.8646
vn 0.4816 -0.3328 0.8108
vn 0.3406 0.4683 0.8153
vn 0.3409 0.4675 0.8156
vn 0.3694 0.4491 0.8136
vn 0.3697 0.4481 0.8140
vn 0.3967 0.4287 0.8117
vn 0.3970 0.4277 0.8121
vn 0.4227 0.4069 0.8098
vn 0.4230 0.4058 0.8102
vn 0.4474 0.3840 0.8077
vn 0.4476 0.3827 0.8082
vn 0.5232 0.4323 0.7344
vn 0.4083 0.2899 0.8656
vn 0.4916 0.3358 0.8035
vn 0.4145 0.2491 0.8753
vn 0.5132 0.3082 0.8010
vn 0.4316 0.2268 0.8731
vn 0.5320 0.2811 0.7988
vn 0.4471 0.2039 0.8709
vn 0.5491 0.2534 0.7965
vn 0.4613 0.1805 0.8687
vn 0.5645 0.2252 0.7941
vn 0.4741 0.1568 0.8664
vn 0.5785 0.1965 0.7917
vn 0.4854 0.1325 0.8642
vn 0.5908 0.1673 0.7893
vn 0.4955 0.1080 0.8619
vn 0.6016 0.1377 0.7868
vn 0.6108 0.1076 0.7845
vn 0.6185 0.0772 0.7820
vn 0.6245 0.0467 0.7796
vn 0.6290 0.0163 0.7772
vn 0.6319 -0.0140 0.7749
vn 0.6334 -0.0440 0.7725
vn 0.6333 -0.0740 0.7704
vn 0.6318 -0.1038 0.7681
vn 0.6290 -0.1335 0.7658
vn 0.6247 -0.1631 0.7637
vn 0.6190 -0.1922 0.7615
vn 0.6120 -0.2207 0.7595
vn 0.6036 -0.2487 0.7575
vn 0.5940 -0.2760 0.7556
vn 0.5833 -0.3028 0.7537
vn 0.5712 -0.3290 0.7520
vn 0.5581 -0.3547 0.7502
vn 0.5437 -0.3798 0.7484
vn -0.4107 0.2903 0.8643
vn -0.2790 0.1433 0.9495
vn -0.3296 0.2320 0.9152
vn -0.3310 0.2318 0.9147
vn -0.3116 0.2491 0.9170
vn -0.3129 0.2490 0.9166
vn -0.2927 0.2653 0.9187
vn -0.2939 0.2653 0.9183
vn -0.2727 0.2806 0.9203
vn -0.2738 0.2806 0.9199
vn -0.2516 0.2950 0.9218
vn -0.2526 0.2950 0.9215
vn -0.2295 0.3083 0.9232
vn -0.2304 0.3084 0.9229
vn -0.2063 0.3205 0.9245
vn -0.2071 0.3207 0.9243
vn -0.1824 0.3315 0.9257
vn -0.1830 0.3317 0.9255
vn -0.1578 0.3410 0.9267
vn -0.1583 0.3412 0.9266
vn -0.1327 0.3492 0.9276
vn -0.1332 0.3493 0.9275
vn -0.1071 0.3560 0.9283
vn -0.1075 0.3561 0.9282
vn -0.0811 0.3613 0.9289
vn -0.0814 0.3614 0.9288
vn -0.0545 0.3653 0.9293
vn -0.0548 0.3654 0.9293
vn -0.0275 0.3677 0.9295
vn -0.0276 0.3677 0.9295
vn -0.0000 0.3685 0.9296
vn 0.0274 0.3678 0.9295
vn 0.0275 0.3677 0.9295
vn 0.0545 0.3653 0.9293
vn 0.0547 0.3652 0.9293
vn 0.0811 0.3614 0.9289
vn 0.0813 0.3612 0.9289
vn 0.1071 0.3561 0.9283
vn 0.1074 0.3558 0.9284
vn 0.1327 0.3494 0.9275
vn 0.1331 0.3491 0.9276
vn 0.1578 0.3413 0.9266
vn 0.1582 0.3409 0.9267
vn 0.1824 0.3319 0.9255
vn 0.1828 0.3313 0.9256
vn 0.2065 0.3210 0.9243
vn 0.2069 0.3203 0.9244
vn 0.2297 0.3088 0.9230
vn 0.2302 0.3080 0.9231
vn 0.2519 0.2954 0.9216
vn 0.2523 0.2945 0.9217
vn 0.2730 0.2812 0.9200
vn 0.2734 0.2802 0.9202
vn 0.2930 0.2659 0.9184
vn 0.2935 0.2648 0.9186
vn 0.3120 0.2497 0.9167
vn 0.3124 0.2484 0.9169
vn 0.3300 0.2326 0.9149
vn 0.3304 0.2312 0.9151
vn 0.3474 0.2131 0.9132
vn 0.3633 0.1942 0.9112
vn 0.3780 0.1745 0.9092
vn 0.3915 0.1543 0.9071
vn 0.4037 0.1338 0.9050
vn 0.4147 0.1128 0.9029
vn 0.4244 0.0916 0.9008
vn 0.4331 0.0701 0.8986
vn 0.2591 -0.0199 0.9657
vn 0.2592 -0.0183 0.9656
vn 0.2541 -0.0069 0.9672
vn 0.2542 -0.0054 0.9671
vn 0.2484 0.0058 0.9686
vn 0.2484 0.0073 0.9686
vn 0.2420 0.0184 0.9701
vn 0.2419 0.0199 0.9701
vn 0.2349 0.0309 0.9715
vn 0.2347 0.0322 0.9715
vn 0.2269 0.0431 0.9730
vn 0.2267 0.0443 0.9729
vn 0.2182 0.0549 0.9744
vn 0.2179 0.0561 0.9743
vn 0.2088 0.0665 0.9757
vn 0.2085 0.0676 0.9757
vn 0.1987 0.0774 0.9770
vn 0.1983 0.0784 0.9770
vn 0.1880 0.0879 0.9782
vn 0.1876 0.0888 0.9782
vn 0.1766 0.0977 0.9794
vn 0.1762 0.0985 0.9794
vn 0.1647 0.1071 0.9805
vn 0.1643 0.1079 0.9805
vn 0.1520 0.1159 0.9816
vn 0.1516 0.1165 0.9815
vn 0.1387 0.1239 0.9825
vn 0.1383 0.1245 0.9825
vn 0.1248 0.1315 0.9834
vn 0.1244 0.1320 0.9834
vn 0.1103 0.1382 0.9842
vn 0.1099 0.1386 0.9842
vn 0.0954 0.1441 0.9850
vn 0.0951 0.1444 0.9849
vn 0.0803 0.1491 0.9856
vn 0.0800 0.1493 0.9855
vn 0.0649 0.1532 0.9861
vn 0.0646 0.1534 0.9860
vn 0.0491 0.1565 0.9865
vn 0.0489 0.1566 0.9864
vn 0.0331 0.1589 0.9867
vn 0.0329 0.1590 0.9867
vn 0.0167 0.1603 0.9869
vn 0.0166 0.1604 0.9869
vn -0.0000 0.1610 0.9870
vn -0.0167 0.1604 0.9869
vn -0.0166 0.1604 0.9869
vn -0.0331 0.1590 0.9867
vn -0.0329 0.1589 0.9867
vn -0.0492 0.1566 0.9864
vn -0.0489 0.1565 0.9865
vn -0.0649 0.1533 0.9860
vn -0.0646 0.1533 0.9861
vn -0.0804 0.1492 0.9855
vn -0.0800 0.1491 0.9856
vn -0.0955 0.1442 0.9849
vn -0.0951 0.1442 0.9850
vn -0.1104 0.1384 0.9842
vn -0.1099 0.1384 0.9843
vn -0.1249 0.1317 0.9834
vn -0.1243 0.1317 0.9835
vn -0.1389 0.1243 0.9825
vn -0.1382 0.1243 0.9826
vn -0.1523 0.1161 0.9815
vn -0.1514 0.1162 0.9816
vn -0.1649 0.1074 0.9804
vn -0.1640 0.1075 0.9806
vn -0.1769 0.0981 0.9793
vn -0.1760 0.0982 0.9795
vn -0.1883 0.0882 0.9781
vn -0.1873 0.0884 0.9783
vn -0.1991 0.0778 0.9769
vn -0.1980 0.0780 0.9771
vn 0.5465 0.4073 0.7317
vn 0.5716 0.3713 0.7318
vn 0.5927 0.3412 0.7296
vn 0.6121 0.3105 0.7273
vn 0.6296 0.2791 0.7250
vn 0.6455 0.2472 0.7227
vn 0.6596 0.2148 0.7203
vn 0.6720 0.1818 0.7179
vn 0.6827 0.1483 0.7154
vn 0.6917 0.1144 0.7130
vn 0.6989 0.0803 0.7107
vn 0.7044 0.0463 0.7083
vn 0.7080 0.0124 0.7061
vn 0.7100 -0.0213 0.7038
vn 0.7105 -0.0549 0.7016
vn 0.7093 -0.0885 0.6994
vn 0.7064 -0.1219 0.6972
vn 0.7020 -0.1551 0.6950
vn 0.6960 -0.1880 0.6930
vn 0.6886 -0.2201 0.6909
vn 0.6796 -0.2517 0.6890
vn 0.6693 -0.2827 0.6872
vn 0.6575 -0.3130 0.6853
vn 0.6443 -0.3428 0.6836
vn 0.6298 -0.3720 0.6819
vn 0.6139 -0.4006 0.6802
vn 0.5968 -0.4283 0.6786
vn 0.5785 -0.4549 0.6771
vn 0.5590 -0.4806 0.6757
vn 0.5384 -0.5052 0.6744
vn 0.5169 -0.5290 0.6731
vn 0.4942 -0.5517 0.6718
vn 0.4703 -0.5735 0.6707
vn 0.4454 -0.5944 0.6695
vn 0.4198 -0.6140 0.6685
vn 0.3933 -0.6322 0.6676
vn 0.3662 -0.6492 0.6667
vn 0.3384 -0.6649 0.6659
vn 0.3098 -0.6793 0.6652
vn 0.2806 -0.6925 0.6646
vn 0.2505 -0.7045 0.6641
vn 0.2199 -0.7151 0.6635
vn 0.1891 -0.7244 0.6630
vn 0.1581 -0.7321 0.6626
vn 0.1269 -0.7383 0.6624
vn 0.0955 -0.7433 0.6621
vn 0.0639 -0.7468 0.6620
vn 0.0321 -0.7489 0.6619
vn -0.0000 -0.7496 0.6619
vn -0.0322 -0.7489 0.6620
vn -0.0640 -0.7468 0.6620
vn -0.0956 -0.7433 0.6621
vn -0.1269 -0.7383 0.6624
vn -0.1581 -0.7321 0.6626
vn -0.1891 -0.7244 0.6630
vn -0.2200 -0.7151 0.6635
vn -0.2506 -0.7045 0.6640
vn -0.2806 -0.6925 0.6646
vn -0.3099 -0.6793 0.6652
vn -0.3384 -0.6649 0.6659
vn -0.3662 -0.6492 0.6667
vn -0.3934 -0.6322 0.6676
vn -0.4198 -0.6140 0.6685
vn -0.4455 -0.5944 0.6695
vn -0.4704 -0.5735 0.6707
vn -0.4942 -0.5517 0.6718
vn -0.5169 -0.5290 0.6730
vn -0.5385 -0.5053 0.6743
vn -0.5591 -0.4806 0.6757
vn -0.5785 -0.4549 0.6770
vn -0.5968 -0.4282 0.6786
vn -0.6140 -0.4006 0.6801
vn -0.6298 -0.3720 0.6818
vn -0.6444 -0.3428 0.6836
vn -0.6575 -0.3130 0.6853
vn -0.6693 -0.2827 0.6872
vn -0.6796 -0.2517 0.6890
vn -0.6886 -0.2202 0.6909
vn -0.6960 -0.1880 0.6930
vn -0.7021 -0.1552 0.6950
vn -0.7064 -0.1219 0.6972
vn -0.7093 -0.0885 0.6993
vn -0.7105 -0.0549 0.7016
vn -0.7101 -0.0213 0.7038
vn -0.7081 0.0124 0.7060
vn -0.7044 0.0463 0.7083
vn -0.6989 0.0803 0.7107
vn -0.6918 0.1143 0.7130
vn -0.6828 0.1483 0.7154
vn -0.6720 0.1818 0.7179
vn -0.6597 0.2147 0.7202
vn -0.6456 0.2472 0.7226
vn -0.6297 0.2791 0.7250
vn -0.6121 0.3104 0.7273
vn -0.5928 0.3412 0.7296
vn -0.5716 0.3712 0.7318
vn -0.5430 0.4011 0.7377
vn 0.5879 0.4665 0.6609
vn 0.6222 0.4306 0.6538
vn 0.6456 0.3981 0.6517
vn 0.6671 0.3649 0.6495
vn 0.6866 0.3308 0.6474
vn 0.7043 0.2961 0.6452
vn 0.7201 0.2608 0.6430
vn 0.7341 0.2249 0.6408
vn 0.7463 0.1884 0.6384
vn 0.7566 0.1514 0.6362
vn 0.7650 0.1143 0.6338
vn 0.7714 0.0771 0.6316
vn 0.7759 0.0400 0.6296
vn 0.7786 0.0029 0.6275
vn 0.7796 -0.0340 0.6253
vn 0.7788 -0.0708 0.6233
vn 0.7762 -0.1076 0.6213
vn 0.7719 -0.1443 0.6192
vn 0.7658 -0.1805 0.6173
vn 0.7580 -0.2161 0.6154
vn 0.7487 -0.2510 0.6136
vn 0.7378 -0.2853 0.6118
vn 0.7253 -0.3189 0.6101
vn 0.7112 -0.3520 0.6085
vn 0.6957 -0.3844 0.6069
vn 0.6785 -0.4163 0.6053
vn 0.6599 -0.4472 0.6038
vn 0.6401 -0.4769 0.6023
vn 0.6190 -0.5056 0.6010
vn 0.5966 -0.5332 0.5998
vn 0.5729 -0.5598 0.5987
vn 0.5481 -0.5853 0.5975
vn 0.5220 -0.6098 0.5964
vn 0.4945 -0.6332 0.5954
vn 0.4663 -0.6553 0.5943
vn 0.4372 -0.6758 0.5934
vn 0.4072 -0.6949 0.5927
vn 0.3764 -0.7127 0.5920
vn 0.3448 -0.7290 0.5913
vn 0.3124 -0.7439 0.5907
vn 0.2791 -0.7575 0.5902
vn 0.2450 -0.7696 0.5897
vn 0.2107 -0.7800 0.5892
vn 0.1762 -0.7888 0.5889
vn 0.1416 -0.7960 0.5886
vn 0.1066 -0.8015 0.5884
vn 0.0713 -0.8055 0.5883
vn 0.0358 -0.8079 0.5882
vn -0.0000 -0.8087 0.5882
vn -0.0359 -0.8079 0.5882
vn -0.0714 -0.8055 0.5883
vn -0.1066 -0.8015 0.5884
vn -0.1416 -0.7960 0.5886
vn -0.1763 -0.7888 0.5889
vn -0.2108 -0.7800 0.5892
vn -0.2451 -0.7696 0.5896
vn -0.2791 -0.7575 0.5902
vn -0.3124 -0.7439 0.5907
vn -0.3449 -0.7290 0.5913
vn -0.3765 -0.7127 0.5919
vn -0.4072 -0.6949 0.5927
vn -0.4372 -0.6758 0.5935
vn -0.4663 -0.6552 0.5943
vn -0.4946 -0.6332 0.5954
vn -0.5220 -0.6098 0.5964
vn -0.5481 -0.5853 0.5975
vn -0.5730 -0.5598 0.5986
vn -0.5966 -0.5332 0.5998
vn -0.6190 -0.5056 0.6010
vn -0.6401 -0.4769 0.6023
vn -0.6600 -0.4472 0.6037
vn -0.6785 -0.4162 0.6053
vn -0.6957 -0.3845 0.6068
vn -0.7113 -0.3520 0.6085
vn -0.7253 -0.3190 0.6101
vn -0.7378 -0.2853 0.6118
vn -0.7487 -0.2510 0.6135
vn -0.7581 -0.2161 0.6153
vn -0.7658 -0.1805 0.6173
vn -0.7719 -0.1443 0.6192
vn -0.7762 -0.1076 0.6213
vn -0.7788 -0.0708 0.6233
vn -0.7796 -0.0340 0.6253
vn -0.7786 0.0029 0.6275
vn -0.7759 0.0399 0.6295
vn -0.7715 0.0771 0.6316
vn -0.7650 0.1142 0.6338
vn -0.7566 0.1514 0.6362
vn -0.7463 0.1884 0.6384
vn -0.7341 0.2249 0.6407
vn -0.7201 0.2608 0.6430
vn -0.7043 0.2961 0.6452
vn -0.6867 0.3308 0.6474
vn -0.6672 0.3648 0.6495
vn -0.6456 0.3981 0.6517
vn -0.6222 0.4306 0.6538
vn -0.5960 0.4632 0.6559
vn -0.5200 0.4302 0.7379
vn -0.5408 0.5204 0.6609
vn -0.5415 0.5208 0.6600
vn -0.5105 0.5479 0.6627
vn -0.5111 0.5482 0.6619
vn -0.4787 0.5737 0.6646
vn -0.4792 0.5741 0.6638
vn -0.4454 0.5982 0.6661
vn -0.4459 0.5986 0.6654
vn -0.4105 0.6211 0.6677
vn -0.4108 0.6214 0.6671
vn -0.3739 0.6422 0.6692
vn -0.3742 0.6426 0.6687
vn -0.3357 0.6616 0.6705
vn -0.3360 0.6619 0.6701
vn -0.2964 0.6788 0.6718
vn -0.2966 0.6791 0.6714
vn -0.2562 0.6939 0.6730
vn -0.2563 0.6941 0.6727
vn -0.2152 0.7067 0.6740
vn -0.2153 0.7069 0.6738
vn -0.1737 0.7173 0.6747
vn -0.1737 0.7175 0.6745
vn -0.1313 0.7258 0.6753
vn -0.1313 0.7259 0.6751
vn -0.0882 0.7319 0.6757
vn -0.0882 0.7320 0.6755
vn -0.0443 0.7357 0.6759
vn -0.0444 0.7358 0.6758
vn -0.0000 0.7370 0.6759
vn 0.0443 0.7357 0.6758
vn 0.0443 0.7357 0.6759
vn 0.0881 0.7320 0.6755
vn 0.0881 0.7319 0.6757
vn 0.1313 0.7259 0.6751
vn 0.1313 0.7258 0.6753
vn 0.1736 0.7176 0.6745
vn 0.1736 0.7174 0.6747
vn 0.2153 0.7069 0.6738
vn 0.2153 0.7067 0.6740
vn 0.2562 0.6942 0.6726
vn 0.2562 0.6939 0.6729
vn 0.2964 0.6792 0.6714
vn 0.2964 0.6789 0.6718
vn 0.3358 0.6620 0.6701
vn 0.3358 0.6616 0.6705
vn 0.3740 0.6427 0.6687
vn 0.3740 0.6421 0.6692
vn 0.4106 0.6215 0.6672
vn 0.4106 0.6209 0.6677
vn 0.4456 0.5988 0.6655
vn 0.4456 0.5981 0.6661
vn 0.4790 0.5743 0.6639
vn 0.4789 0.5736 0.6646
vn 0.5108 0.5485 0.6620
vn 0.5107 0.5477 0.6627
vn 0.5411 0.5211 0.6601
vn 0.5410 0.5202 0.6608
vn -0.4469 0.3833 0.8083
vn -0.4482 0.3833 0.8076
vn -0.4223 0.4063 0.8103
vn -0.4235 0.4064 0.8096
vn -0.3964 0.4281 0.8122
vn -0.3975 0.4282 0.8116
vn -0.3691 0.4485 0.8140
vn -0.3700 0.4487 0.8135
vn -0.3404 0.4678 0.8157
vn -0.3412 0.4680 0.8152
vn -0.3103 0.4856 0.8173
vn -0.3110 0.4858 0.8169
vn -0.2788 0.5020 0.8187
vn -0.2795 0.5022 0.8184
vn -0.2463 0.5166 0.8201
vn -0.2468 0.5168 0.8198
vn -0.2130 0.5293 0.8212
vn -0.2135 0.5295 0.8210
vn -0.1791 0.5403 0.8222
vn -0.1795 0.5405 0.8220
vn -0.1445 0.5492 0.8231
vn -0.1448 0.5494 0.8229
vn -0.1093 0.5563 0.8237
vn -0.1096 0.5565 0.8236
vn -0.0735 0.5615 0.8242
vn -0.0736 0.5616 0.8241
vn -0.0370 0.5648 0.8244
vn -0.0371 0.5649 0.8244
vn -0.0000 0.5660 0.8244
vn 0.0370 0.5649 0.8243
vn 0.0370 0.5648 0.8244
vn 0.0734 0.5617 0.8241
vn 0.0736 0.5616 0.8242
vn 0.1093 0.5565 0.8236
vn 0.1095 0.5563 0.8237
vn 0.1446 0.5495 0.8229
vn 0.1448 0.5492 0.8230
vn 0.1791 0.5405 0.8220
vn 0.1794 0.5402 0.8222
vn 0.2131 0.5296 0.8210
vn 0.2133 0.5292 0.8212
vn 0.2464 0.5170 0.8198
vn 0.2466 0.5164 0.8200
vn 0.2789 0.5024 0.8184
vn 0.2792 0.5017 0.8187
vn 0.3104 0.4861 0.8169
vn 0.3108 0.4854 0.8172
vn 0.0073 -0.9914 0.1307
vn -0.0000 -0.9931 0.1171
vn 0.0681 -0.9596 0.2731
vn -0.0001 -0.6687 0.7435
vn -0.0000 -0.6678 0.7443
vn 0.0248 -0.6544 0.7558
vn -0.0008 -0.5336 0.8458
vn -0.0000 -0.4573 0.8893
vn 0.0010 -0.4377 0.8991
vn 0.0274 -0.3862 0.9220
vn 0.0317 -0.3778 0.9253
vn 0.0652 -0.3302 0.9416
vn 0.3869 0.2077 0.8984
vn 0.3855 0.2052 0.8996
vn 0.4639 0.2442 0.8516
vn 0.4935 0.4498 0.7444
vn 0.4917 0.4485 0.7464
vn 0.5555 0.4371 0.7074
vn 0.5512 0.6381 0.5376
vn 0.5518 0.6368 0.5385
vn 0.6105 0.6012 0.5156
vn 0.5615 0.6959 0.4477
vn 0.5650 0.7522 0.3391
vn 0.6223 0.6670 0.4097
vn 0.0116 -0.9911 0.1326
vn 0.0394 -0.5871 -0.8085
vn 0.0609 -0.9112 0.4074
vn 0.0607 -0.9096 0.4110
vn 0.0609 -0.9112 0.4075
vn 0.1102 -0.4953 -0.8617
vn 0.0606 -0.9097 0.4108
vn 0.0607 -0.9096 0.4111
vn 0.0608 -0.9096 0.4110
vn 0.2120 -0.9401 0.2671
vn 0.1882 -0.5663 -0.8024
vn 0.1857 -0.5499 -0.8143
vn 0.1880 -0.5652 -0.8032
vn 0.1856 -0.5498 -0.8144
vn 0.2216 -0.9111 -0.3476
vn 0.1258 -0.9742 0.1875
vn 0.1258 -0.9742 0.1874
vn 0.1259 -0.9741 0.1877
vn 0.2119 -0.9400 0.2672
vn 0.2403 -0.4144 -0.8778
vn 0.2616 -0.9315 0.2528
vn 0.2624 -0.9323 0.2489
vn 0.3711 -0.6756 -0.6370
vn 0.2626 -0.9323 0.2488
vn 0.2624 -0.9323 0.2488
vn 0.2616 -0.9315 0.2527
vn 0.3707 -0.9205 0.1234
vn 0.3909 -0.8312 -0.3954
vn 0.4119 -0.8734 0.2601
vn 0.4432 -0.6238 -0.6438
vn 0.4635 -0.8238 -0.3264
vn 0.4636 -0.8241 -0.3256
vn 0.4636 -0.8241 -0.3255
vn 0.4635 -0.8236 -0.3269
vn 0.4116 -0.8735 0.2600
vn 0.4405 -0.3779 -0.8144
vn 0.4109 -0.8315 0.3738
vn 0.4115 -0.8320 0.3721
vn 0.5712 -0.7998 0.1843
vn 0.5715 -0.7996 0.1844
vn 0.5959 -0.7976 -0.0937
vn 0.5781 -0.5471 -0.6053
vn 0.4115 -0.8320 0.3720
vn 0.4115 -0.8321 0.3719
vn 0.4116 -0.8321 0.3718
vn 0.4108 -0.8315 0.3739
vn 0.5712 -0.7999 0.1844
vn 0.5710 -0.8000 0.1842
vn 0.6704 -0.7071 -0.2249
vn 0.4461 -0.1472 -0.8828
vn 0.7042 -0.7093 -0.0315
vn 0.4303 -0.0047 -0.9027
vn 0.5107 -0.7571 0.4075
vn 0.5106 -0.7572 0.4074
vn 0.5104 -0.7571 0.4077
vn 0.6654 -0.6700 0.3291
vn 0.6655 -0.6700 0.3290
vn 0.7711 -0.4805 -0.4178
vn 0.7683 -0.4714 -0.4330
vn 0.7809 -0.5236 -0.3408
vn 0.7809 -0.5238 -0.3404
vn 0.6057 -0.7371 0.2997
vn 0.6057 -0.7371 0.2998
vn 0.6056 -0.7371 0.2998
vn 0.6655 -0.6700 0.3289
vn 0.6654 -0.6701 0.3290
vn 0.8305 -0.5081 -0.2284
vn 0.4330 0.0815 -0.8977
vn 0.8549 -0.5141 0.0688
vn 0.7740 -0.2013 -0.6003
vn 0.6500 -0.6377 0.4133
vn 0.6498 -0.6378 0.4136
vn 0.6499 -0.6378 0.4133
vn 0.8184 -0.1641 -0.5507
vn 0.9182 -0.3873 0.0834
vn 0.3847 0.2400 -0.8913
vn 0.9183 -0.2313 -0.3214
vn 0.7416 -0.5290 0.4125
vn 0.7418 -0.5290 0.4122
vn 0.7417 -0.5289 0.4125
vn 0.7419 -0.5289 0.4122
vn 0.8465 -0.3949 0.3571
vn 0.8457 -0.3953 0.3584
vn 0.8463 -0.3950 0.3575
vn 0.8458 -0.3953 0.3583
vn 0.8802 -0.0650 -0.4702
vn 0.8465 -0.3950 0.3571
vn 0.8203 0.0714 -0.5675
vn 0.8704 -0.3449 0.3515
vn 0.8704 -0.3447 0.3515
vn 0.9325 0.0271 -0.3602
vn 0.9915 -0.1190 -0.0531
vn 0.9720 -0.1629 0.1692
vn 0.9721 -0.1626 0.1692
vn 0.3685 0.3833 -0.8469
vn 0.9935 -0.0136 -0.1127
vn 0.9407 -0.1655 0.2962
vn 0.9407 -0.1657 0.2961
vn 0.9405 -0.1659 0.2965
vn 0.8070 0.2576 -0.5315
vn 0.9065 0.1915 -0.3763
vn 0.9115 0.2402 -0.3337
vn 0.9603 -0.0642 0.2716
vn 0.9270 0.0410 0.3729
vn 0.9270 0.0410 0.3727
vn 0.9612 -0.0123 0.2755
vn 0.9611 -0.0126 0.2758
vn 0.9612 -0.0124 0.2754
vn 0.4696 0.3972 -0.7885
vn 0.9574 0.2426 -0.1567
vn 0.2488 0.4560 -0.8545
vn 0.9388 0.2655 -0.2195
vn 0.9270 0.0411 0.3728
vn 0.9270 0.0412 0.3728
vn 0.7726 0.4230 -0.4735
vn 0.9341 0.1169 0.3373
vn 0.8986 0.4012 -0.1778
vn 0.8436 0.4405 -0.3071
vn 0.8253 0.4511 -0.3397
vn 0.9341 0.1168 0.3372
vn 0.8942 0.2588 0.3653
vn 0.8934 0.2577 0.3680
vn 0.8941 0.2589 0.3655
vn 0.8934 0.2576 0.3681
vn 0.7188 0.5297 -0.4503
vn 0.9313 0.2767 0.2367
vn 0.9313 0.2766 0.2368
vn 0.9314 0.2769 0.2364
vn 0.8940 0.2591 0.3655
vn 0.7680 0.5624 -0.3065
vn 0.8532 0.5138 -0.0902
vn 0.8194 0.3872 0.4227
vn 0.5037 0.6045 -0.6171
vn 0.7711 0.6025 -0.2059
vn 0.8677 0.4349 0.2407
vn 0.8677 0.4349 0.2405
vn 0.8677 0.4348 0.2410
vn 0.8193 0.3873 0.4227
vn 0.6305 0.6724 -0.3878
vn 0.7926 0.5997 0.1098
vn 0.6679 0.6992 0.2549
vn 0.6681 0.6992 0.2543
vn 0.6426 0.7566 -0.1211
vn 0.7435 0.6219 0.2458
vn 0.7436 0.6218 0.2457
vn 0.6219 0.6615 0.4191
vn 0.6222 0.6613 0.4190
vn 0.6219 0.6606 0.4205
vn 0.6221 0.6613 0.4191
vn 0.6219 0.6606 0.4206
vn 0.5693 0.8123 0.1270
vn 0.5473 0.8258 0.1360
vn 0.4593 0.8336 -0.3067
vn 0.5521 0.8232 0.1327
vn 0.6216 0.7433 0.2474
vn 0.5514 0.8225 0.1394
vn 0.5614 0.7908 0.2439
vn 0.5651 0.7511 0.3412
vn 0.6248 0.7202 0.3016
vn 0.6817 0.6889 0.2463
vn 0.4750 0.7883 -0.3912
vn 0.6679 0.6992 0.2548
vn 0.6678 0.6994 0.2546
vn 0.3131 0.0652 0.9475
vn 0.3694 0.1722 0.9132
vn 0.3299 0.0548 0.9424
vn 0.1976 -0.1539 0.9681
vn 0.1754 -0.1700 0.9697
vn 0.1629 -0.1940 0.9674
vn 0.3411 0.0356 0.9394
vn 0.3248 0.0465 0.9446
vn 0.3416 0.0349 0.9392
vn 0.4074 0.5671 0.7158
vn -0.0000 -0.0000 1.0000
vn 0.3118 0.0628 0.9481
vn 0.0425 -0.3723 0.9271
vn 0.0825 -0.3256 0.9419
vn 0.2055 -0.1630 0.9650
vn 0.1954 -0.1567 0.9681
vn 0.2060 -0.1634 0.9648
vn 0.4077 0.5676 0.7153
vn 0.0659 -0.3277 0.9425
vn 0.1877 -0.1474 0.9711
vn 0.1047 -0.3125 0.9441
vn 0.0539 -0.3658 0.9291
vn 0.0218 -0.3969 0.9176
vn 0.0439 -0.3859 0.9215
vn 0.0387 -0.3870 0.9213
vn 0.0839 -0.3509 0.9326
vn 0.0257 -0.3966 0.9176
vn 0.1319 -0.3233 0.9371
vn 0.0678 -0.3718 0.9258
vn 0.0267 -0.3995 0.9163
vn 0.1169 -0.3447 0.9314
vn 0.0600 -0.3823 0.9221
vn 0.0259 -0.4031 0.9148
vn 0.0595 -0.3907 0.9186
vn 0.0332 -0.4018 0.9151
vn 0.1160 -0.3610 0.9253
vn 0.0330 -0.4017 0.9152
vn 0.0275 -0.4074 0.9128
vn 0.1434 -0.3555 0.9236
vn 0.0737 -0.3881 0.9187
vn 0.0300 -0.4087 0.9122
vn 0.0981 -0.3874 0.9167
vn 0.0451 -0.4039 0.9137
vn 0.1456 -0.3791 0.9138
vn 0.0294 -0.4112 0.9111
vn 0.0502 -0.4043 0.9133
vn 0.1339 -0.3900 0.9110
vn 0.0280 -0.4137 0.9100
vn 0.0750 -0.4001 0.9134
vn 0.0580 -0.4138 0.9085
vn 0.0387 -0.4141 0.9094
vn 0.1132 -0.4064 0.9066
vn 0.0341 -0.4147 0.9093
vn 0.0687 -0.4056 0.9115
vn 0.0280 -0.4176 0.9082
vn 0.1524 -0.4083 0.9000
vn 0.0782 -0.4152 0.9064
vn 0.0267 -0.4195 0.9074
vn 0.1098 -0.4184 0.9016
vn 0.0562 -0.4197 0.9059
vn 0.1229 -0.4294 0.8947
vn 0.0314 -0.4216 0.9062
vn 0.0369 -0.4216 0.9060
vn 0.1358 -0.4369 0.8892
vn 0.0246 -0.4229 0.9059
vn 0.0632 -0.4256 0.9027
vn 0.0401 -0.4296 0.9021
vn 0.0437 -0.4289 0.9023
vn 0.0849 -0.4368 0.8955
vn 0.0256 -0.4248 0.9049
vn 0.0696 -0.4296 0.9003
vn 0.0250 -0.4265 0.9042
vn 0.1269 -0.4556 0.8811
vn 0.0652 -0.4392 0.8960
vn 0.0217 -0.4272 0.9039
vn 0.1126 -0.4584 0.8816
vn 0.0579 -0.4404 0.8959
vn 0.0253 -0.4304 0.9023
vn 0.0908 -0.4620 0.8822
vn 0.0292 -0.4323 0.9013
vn 0.1186 -0.4819 0.8682
vn 0.0189 -0.4296 0.9028
vn 0.0465 -0.4421 0.8957
vn 0.0286 -0.4394 0.8978
vn 0.0356 -0.4418 0.8964
vn 0.0690 -0.4621 0.8841
vn 0.0181 -0.4309 0.9022
vn 0.0609 -0.4527 0.8896
vn 0.0176 -0.4326 0.9014
vn 0.1018 -0.4968 0.8619
vn 0.0523 -0.4604 0.8862
vn 0.0143 -0.4320 0.9018
vn 0.0767 -0.4858 0.8707
vn 0.0395 -0.4544 0.8899
vn 0.0700 -0.4956 0.8657
vn 0.0162 -0.4361 0.8998
vn 0.0175 -0.4372 0.8992
vn 0.0725 -0.5083 0.8581
vn 0.0114 -0.4334 0.9011
vn 0.0360 -0.4595 0.8874
vn 0.0232 -0.4570 0.8891
vn 0.0153 -0.4417 0.8970
vn 0.0451 -0.4911 0.8699
vn 0.0120 -0.4368 0.8995
vn 0.0373 -0.4662 0.8839
vn 0.0081 -0.4340 0.9009
vn 0.0533 -0.5174 0.8541
vn 0.0274 -0.4710 0.8817
vn 0.0072 -0.4354 0.9002
vn 0.0261 -0.4881 0.8724
vn 0.0107 -0.4443 0.8958
vn 0.0434 -0.5577 0.8289
vn 0.0053 -0.4350 0.9004
vn 0.0131 -0.4555 0.8901
vn 0.0053 -0.4543 0.8908
vn 0.0066 -0.4494 0.8933
vn 0.0240 -0.5409 0.8407
vn 0.0042 -0.4369 0.8995
vn 0.0169 -0.4747 0.8800
vn 0.0023 -0.4353 0.9003
vn 0.0148 -0.5630 0.8263
vn 0.0056 -0.4754 0.8798
vn -0.0009 -0.5375 0.8433
vn 0.6191 0.0083 0.7853
vn 0.6192 0.0078 0.7852
vn 0.6327 -0.0447 0.7731
vn 0.6328 -0.0451 0.7730
vn 0.6449 -0.0946 0.7584
vn 0.6450 -0.0951 0.7583
vn 0.6497 -0.1463 0.7460
vn 0.6497 -0.1467 0.7459
vn 0.6514 -0.1963 0.7329
vn 0.6514 -0.1968 0.7328
vn 0.6503 -0.2447 0.7192
vn 0.6500 -0.2452 0.7193
vn 0.6409 -0.2940 0.7091
vn 0.6408 -0.2944 0.7090
vn 0.6312 -0.3402 0.6971
vn 0.6307 -0.3407 0.6973
vn 0.6160 -0.3854 0.6870
vn 0.6159 -0.3858 0.6869
vn 0.6006 -0.4282 0.6753
vn 0.6004 -0.4286 0.6752
vn 0.5789 -0.4696 0.6666
vn 0.5787 -0.4700 0.6665
vn 0.5537 -0.5089 0.6591
vn 0.5535 -0.5092 0.6590
vn 0.5298 -0.5459 0.6490
vn 0.5296 -0.5461 0.6491
vn 0.5020 -0.5808 0.6408
vn 0.5017 -0.5810 0.6408
vn 0.4723 -0.6135 0.6329
vn 0.4720 -0.6137 0.6329
vn 0.4389 -0.6434 0.6272
vn 0.4386 -0.6436 0.6272
vn 0.3476 -0.6448 0.6807
vn 0.4530 -0.6908 0.5635
vn 0.3167 -0.6661 0.6753
vn 0.4134 -0.7198 0.5577
vn 0.2840 -0.6848 0.6711
vn 0.3719 -0.7458 0.5527
vn 0.2507 -0.7016 0.6670
vn 0.3288 -0.7689 0.5483
vn 0.2159 -0.7155 0.6644
vn 0.2839 -0.7888 0.5452
vn 0.1817 -0.7286 0.6604
vn 0.2373 -0.8046 0.5443
vn 0.1461 -0.7389 0.6577
vn 0.1914 -0.8191 0.5408
vn 0.1100 -0.7466 0.6561
vn 0.1446 -0.8309 0.5373
vn 0.0734 -0.7518 0.6553
vn 0.0969 -0.8393 0.5350
vn 0.0368 -0.7552 0.6545
vn 0.0482 -0.8421 0.5372
vn 0.0001 -0.8268 0.5625
vn 0.0003 -0.8857 0.4643
vn 0.6491 0.1171 0.7517
vn 0.5970 0.0581 0.8001
vn 0.5721 0.1082 0.8130
vn 0.4522 -0.1360 0.8815
vn 0.4526 -0.1369 0.8812
vn 0.4659 -0.1708 0.8682
vn 0.4663 -0.1716 0.8678
vn 0.4729 -0.2079 0.8562
vn 0.4732 -0.2088 0.8559
vn 0.4774 -0.2440 0.8441
vn 0.4777 -0.2450 0.8437
vn 0.4769 -0.2806 0.8330
vn 0.4771 -0.2815 0.8326
vn 0.4721 -0.3164 0.8228
vn 0.4719 -0.3175 0.8225
vn 0.4667 -0.3504 0.8120
vn 0.4668 -0.3514 0.8116
vn 0.4606 -0.3830 0.8007
vn 0.4605 -0.3839 0.8003
vn 0.4479 -0.4151 0.7918
vn 0.4477 -0.4160 0.7915
vn 0.4349 -0.4455 0.7826
vn 0.4347 -0.4464 0.7822
vn 0.4201 -0.4745 0.7736
vn 0.4198 -0.4753 0.7732
vn 0.4047 -0.5022 0.7642
vn 0.4042 -0.5029 0.7640
vn 0.3830 -0.5280 0.7580
vn 0.3826 -0.5287 0.7577
vn 0.3616 -0.5520 0.7513
vn 0.3613 -0.5527 0.7510
vn 0.3401 -0.5749 0.7442
vn 0.3400 -0.5756 0.7437
vn 0.2518 -0.5660 0.7850
vn 0.3147 -0.5958 0.7389
vn 0.2329 -0.5816 0.7794
vn 0.2112 -0.5947 0.7757
vn 0.1902 -0.6074 0.7713
vn 0.1670 -0.6174 0.7688
vn 0.1448 -0.6275 0.7650
vn 0.1222 -0.6368 0.7613
vn 0.0977 -0.6420 0.7604
vn 0.0731 -0.6460 0.7598
vn 0.0487 -0.6489 0.7593
vn -0.0012 -0.9378 0.3472
vn 0.0798 -0.9794 0.1856
vn -0.0014 -0.9378 0.3472
vn 0.2746 -0.2626 0.9250
vn 0.2751 -0.2634 0.9246
vn 0.2779 -0.2863 0.9170
vn 0.2785 -0.2870 0.9165
vn 0.2831 -0.3074 0.9085
vn 0.2835 -0.3083 0.9081
vn 0.2865 -0.3283 0.9001
vn 0.2873 -0.3290 0.8996
vn 0.2843 -0.3502 0.8925
vn 0.2846 -0.3510 0.8921
vn 0.2841 -0.3703 0.8844
vn 0.2843 -0.3712 0.8840
vn 0.2833 -0.3898 0.8762
vn 0.2836 -0.3907 0.8757
vn 0.2749 -0.4097 0.8698
vn 0.2751 -0.4106 0.8693
vn 0.2708 -0.4282 0.8622
vn 0.2707 -0.4290 0.8618
vn 0.2623 -0.4460 0.8557
vn 0.2625 -0.4469 0.8552
vn 0.2531 -0.4631 0.8494
vn 0.2527 -0.4638 0.8491
vn 0.2409 -0.4789 0.8442
vn 0.2407 -0.4797 0.8438
vn 0.2287 -0.4938 0.8389
vn 0.2283 -0.4944 0.8387
vn 0.2176 -0.5084 0.8332
vn 0.2177 -0.5091 0.8327
vn 0.2043 -0.5216 0.8283
vn 0.2039 -0.5222 0.8281
vn 0.1895 -0.5336 0.8243
vn 0.1755 -0.5453 0.8197
vn 0.1582 -0.5543 0.8171
vn 0.1439 -0.5650 0.8124
vn 0.1260 -0.5720 0.8105
vn 0.1086 -0.5787 0.8083
vn 0.0918 -0.5858 0.8052
vn 0.0740 -0.5912 0.8032
vn -0.0000 -0.4998 0.8661
vn 0.5352 0.0641 0.8423
vn 0.5065 0.1098 0.8552
vn 0.3995 -0.0262 0.9163
vn 0.4215 -0.0623 0.9047
vn 0.4207 -0.0617 0.9051
vn 0.3990 -0.0254 0.9166
vn 0.2378 -0.2030 0.9499
vn 0.2511 -0.2236 0.9418
vn 0.2505 -0.2230 0.9421
vn 0.2371 -0.2025 0.9501
vn 0.4402 -0.0983 0.8925
vn 0.4397 -0.0975 0.8928
vn 0.2642 -0.2432 0.9333
vn 0.2637 -0.2424 0.9336
vn 0.6844 0.6651 0.2988
vn 0.7396 0.6275 0.2432
vn 0.5906 0.7634 -0.2616
vn 0.5740 0.7637 -0.2953
vn 0.7413 0.6035 0.2938
vn 0.6802 0.6107 0.4054
vn 0.7437 0.6218 0.2457
vn 0.7438 0.6217 0.2455
vn 0.6005 0.7171 -0.3539
vn 0.7912 0.5385 0.2900
vn 0.7349 0.5490 0.3981
vn 0.6659 0.5465 0.5078
vn 0.5878 0.5236 0.6167
vn 0.5486 0.6292 0.5506
vn 0.8655 0.3562 0.3522
vn 0.8357 0.2837 0.4703
vn 0.8029 0.3524 0.4809
vn 0.7680 0.2844 0.5739
vn 0.7320 0.3488 0.5853
vn 0.6885 0.2720 0.6723
vn 0.6505 0.3324 0.6829
vn 0.6002 0.2463 0.7610
vn 0.5592 0.2983 0.7735
vn 0.5037 0.2025 0.8398
vn 0.4352 0.1916 0.8797
vn 0.4645 0.3763 0.8017
vn 0.5152 0.3458 0.7842
vn 0.6043 0.3869 0.6965
vn 0.6407 0.4717 0.6058
vn 0.6893 0.4113 0.5964
vn 0.7179 0.4844 0.4999
vn 0.7641 0.4206 0.4891
vn 0.7867 0.4968 0.3664
vn 0.8296 0.4283 0.3583
vn 0.8898 0.2692 0.3686
vn 0.7983 0.2195 0.5608
vn 0.7227 0.2133 0.6575
vn 0.6366 0.1935 0.7466
vn 0.5388 0.1539 0.8283
vn 0.4724 0.1535 0.8679
vn 0.3715 0.0058 0.9284
vn 0.3709 0.0063 0.9287
vn 0.2218 -0.1833 0.9577
vn 0.2212 -0.1829 0.9579
vn -0.0001 -0.9365 0.3506
vn 0.0003 -0.9355 0.3534
vn 0.0588 -0.9112 0.4076
vn 0.1322 -0.9450 0.2991
vn 0.1173 -0.9053 0.4082
vn 0.1906 -0.9227 0.3353
vn 0.1752 -0.8951 0.4101
vn 0.2545 -0.9097 0.3282
vn 0.2325 -0.8814 0.4112
vn 0.3344 -0.9029 0.2700
vn 0.2887 -0.8635 0.4135
vn 0.3757 -0.8648 0.3331
vn 0.3447 -0.8426 0.4137
vn 0.4564 -0.8446 0.2798
vn 0.3977 -0.8168 0.4179
vn 0.5155 -0.8094 0.2811
vn 0.4489 -0.7873 0.4228
vn 0.5717 -0.7698 0.2840
vn 0.4994 -0.7547 0.4255
vn 0.5915 -0.7242 0.3545
vn 0.5907 -0.7251 0.3539
vn 0.6380 -0.6799 0.3614
vn 0.6370 -0.6810 0.3611
vn 0.6838 -0.6321 0.3646
vn 0.6827 -0.6334 0.3644
vn 0.7244 -0.5810 0.3710
vn 0.7238 -0.5823 0.3701
vn 0.7640 -0.5261 0.3736
vn 0.7631 -0.5276 0.3732
vn 0.7982 -0.4683 0.3789
vn 0.7977 -0.4699 0.3780
vn 0.8251 -0.4092 0.3896
vn 0.8247 -0.4108 0.3888
vn 0.8506 -0.3461 0.3958
vn 0.8504 -0.3479 0.3947
vn 0.9136 -0.2490 0.3216
vn 0.8718 -0.2822 0.4005
vn 0.9013 -0.2031 0.3827
vn 0.8862 -0.2158 0.4100
vn 0.9195 -0.1245 0.3729
vn 0.8980 -0.1456 0.4152
vn 0.9021 -0.0737 0.4252
vn 0.9024 -0.0756 0.4243
vn 0.9018 -0.0013 0.4321
vn 0.9022 -0.0032 0.4313
vn 0.8940 0.0698 0.4426
vn 0.8946 0.0679 0.4417
vn 0.8804 0.1414 0.4526
vn 0.8812 0.1396 0.4517
vn 0.8209 0.1508 0.5508
vn 0.7484 0.1498 0.6461
vn 0.5011 0.4687 0.7275
vn 0.8359 0.4695 0.2843
vn 0.8743 0.3987 0.2769
vn 0.9060 0.3243 0.2719
vn 0.9322 0.2447 0.2666
vn 0.9310 0.2478 0.2680
vn 0.9504 0.1672 0.2624
vn 0.9494 0.1704 0.2637
vn 0.9626 0.0908 0.2552
vn 0.9620 0.0941 0.2563
vn 0.9677 0.0124 0.2516
vn 0.9672 0.0154 0.2534
vn 0.9388 -0.1013 0.3292
vn 0.9159 -0.1883 0.3544
vn 0.9479 -0.2114 0.2382
vn 0.9293 -0.2881 0.2311
vn 0.9299 -0.2850 0.2324
vn 0.9051 -0.3593 0.2273
vn 0.9059 -0.3564 0.2289
vn 0.8746 -0.4288 0.2263
vn 0.8756 -0.4260 0.2276
vn 0.8402 -0.4945 0.2227
vn 0.8413 -0.4919 0.2242
vn 0.8005 -0.5573 0.2204
vn 0.8019 -0.5548 0.2215
vn 0.7577 -0.6161 0.2154
vn 0.7592 -0.6139 0.2164
vn 0.7089 -0.6718 0.2147
vn 0.7104 -0.6699 0.2156
vn 0.6571 -0.7233 0.2123
vn 0.6586 -0.7217 0.2132
vn 0.6035 -0.7691 0.2104
vn 0.5460 -0.8123 0.2052
vn 0.4823 -0.8506 0.2094
vn 0.3814 -0.8678 0.3185
vn 0.3561 -0.9142 0.1936
vn 0.2576 -0.9128 0.3170
vn 0.1925 -0.9253 0.3267
vn 0.1381 -0.9569 0.2554
vn 0.0725 -0.9765 0.2031
vn 0.5021 -0.7067 0.4984
vn 0.5453 -0.6711 0.5023
vn 0.5450 -0.6715 0.5020
vn 0.5838 -0.6321 0.5096
vn 0.5835 -0.6325 0.5095
vn 0.6233 -0.5902 0.5130
vn 0.6233 -0.5906 0.5126
vn 0.6551 -0.5454 0.5228
vn 0.6550 -0.5459 0.5224
vn 0.6871 -0.4978 0.5292
vn 0.6867 -0.4983 0.5293
vn 0.7156 -0.4473 0.5365
vn 0.7158 -0.4478 0.5359
vn 0.7395 -0.3947 0.5454
vn 0.7395 -0.3951 0.5450
vn 0.7609 -0.3392 0.5532
vn 0.7610 -0.3397 0.5527
vn 0.7758 -0.2826 0.5642
vn 0.7758 -0.2832 0.5638
vn 0.7878 -0.2234 0.5740
vn 0.7879 -0.2239 0.5736
vn 0.7944 -0.1630 0.5851
vn 0.7946 -0.1636 0.5847
vn 0.7958 -0.1017 0.5969
vn 0.7961 -0.1023 0.5965
vn 0.7922 -0.0393 0.6090
vn 0.7925 -0.0398 0.6086
vn 0.7840 0.0247 0.6202
vn 0.7844 0.0242 0.6198
vn 0.7701 0.0884 0.6317
vn 0.7203 0.1155 0.6839
vn -0.8017 0.3500 0.4845
vn -0.7670 0.2826 0.5760
vn -0.7963 0.2161 0.5649
vn -0.5674 0.1023 0.8171
vn -0.5320 0.0602 0.8446
vn -0.5561 0.0143 0.8310
vn -0.0276 -0.3860 0.9221
vn -0.0398 -0.3753 0.9260
vn -0.0777 -0.3311 0.9404
vn -0.0009 -0.4367 0.8996
vn -0.0065 -0.4824 0.8759
vn -0.0153 -0.5658 0.8244
vn -0.0021 -0.4339 0.9010
vn -0.0237 -0.5370 0.8432
vn -0.0061 -0.4511 0.8924
vn -0.0063 -0.4461 0.8950
vn -0.0039 -0.4357 0.9001
vn -0.0451 -0.5610 0.8266
vn -0.0190 -0.4799 0.8771
vn -0.0049 -0.4338 0.9010
vn -0.0500 -0.5397 0.8404
vn -0.0146 -0.4574 0.8892
vn -0.0713 -0.5488 0.8329
vn -0.0081 -0.4373 0.8993
vn -0.0090 -0.4393 0.8983
vn -0.0853 -0.5473 0.8326
vn -0.0077 -0.4332 0.9013
vn -0.0279 -0.4707 0.8818
vn -0.0249 -0.4499 0.8927
vn -0.0174 -0.4436 0.8961
vn -0.0844 -0.5228 0.8482
vn -0.0106 -0.4348 0.9004
vn -0.0332 -0.4716 0.8812
vn -0.0110 -0.4328 0.9014
vn -0.0921 -0.5160 0.8516
vn -0.0474 -0.4705 0.8811
vn -0.0126 -0.4325 0.9016
vn -0.0541 -0.4706 0.8807
vn -0.0276 -0.4465 0.8944
vn -0.0950 -0.4895 0.8668
vn -0.0155 -0.4330 0.9013
vn -0.0242 -0.4410 0.8972
vn -0.0923 -0.4799 0.8724
vn -0.0147 -0.4304 0.9025
vn -0.0488 -0.4565 0.8884
vn -0.0399 -0.4407 0.8968
vn -0.0257 -0.4351 0.9000
vn -0.0778 -0.4598 0.8846
vn -0.0200 -0.4320 0.9017
vn -0.0474 -0.4515 0.8910
vn -0.0188 -0.4295 0.9029
vn -0.1258 -0.4745 0.8712
vn -0.0646 -0.4490 0.8912
vn -0.0197 -0.4282 0.9035
vn -0.0871 -0.4530 0.8873
vn -0.0447 -0.4374 0.8982
vn -0.1148 -0.4502 0.8855
vn -0.0242 -0.4280 0.9034
vn -0.0303 -0.4303 0.9022
vn -0.1275 -0.4465 0.8857
vn -0.0214 -0.4256 0.9047
vn -0.0589 -0.4362 0.8979
vn -0.0454 -0.4253 0.9039
vn -0.0397 -0.4263 0.9037
vn -0.0883 -0.4305 0.8983
vn -0.0243 -0.4246 0.9051
vn -0.0654 -0.4345 0.8983
vn -0.0259 -0.4230 0.9057
vn -0.1402 -0.4279 0.8929
vn -0.0721 -0.4251 0.9023
vn -0.0241 -0.4212 0.9067
vn -0.1140 -0.4215 0.8996
vn -0.0585 -0.4215 0.9049
vn -0.0314 -0.4196 0.9072
vn -0.1161 -0.4104 0.9045
vn -0.0337 -0.4193 0.9072
vn -0.1373 -0.4012 0.9057
vn -0.0256 -0.4178 0.9082
vn -0.0594 -0.4158 0.9075
vn -0.0428 -0.4103 0.9109
vn -0.0467 -0.4117 0.9101
vn -0.0921 -0.4022 0.9109
vn -0.0281 -0.4157 0.9091
vn -0.0703 -0.4113 0.9088
vn -0.0294 -0.4134 0.9101
vn -0.1338 -0.3814 0.9147
vn -0.0686 -0.4012 0.9134
vn -0.0266 -0.4120 0.9108
vn -0.1160 -0.3806 0.9174
vn -0.0596 -0.4006 0.9143
vn -0.0316 -0.4082 0.9123
vn -0.1079 -0.3712 0.9223
vn -0.0336 -0.4072 0.9127
vn -0.1317 -0.3513 0.9270
vn -0.0256 -0.4082 0.9125
vn -0.0553 -0.3956 0.9167
vn -0.0435 -0.3920 0.9189
vn -0.0398 -0.3970 0.9170
vn -0.0858 -0.3649 0.9271
vn -0.0270 -0.4052 0.9138
vn -0.0675 -0.3860 0.9200
vn -0.0249 -0.4037 0.9145
vn -0.1238 -0.3283 0.9364
vn -0.0636 -0.3741 0.9252
vn -0.0236 -0.4019 0.9154
vn -0.0810 -0.3531 0.9321
vn -0.0418 -0.3863 0.9214
vn -0.0203 -0.3983 0.9170
vn -0.0532 -0.3666 0.9289
vn -0.1036 -0.3137 0.9439
vn -0.0243 -0.3980 0.9171
vn -0.0346 -0.3895 0.9204
vn -0.1966 -0.1329 0.9714
vn -0.1944 -0.1365 0.9714
vn -0.1992 -0.1718 0.9648
vn -0.0328 -0.3760 0.9261
vn -0.0663 -0.3302 0.9416
vn -0.0781 -0.3137 0.9463
vn -0.0907 -0.2955 0.9510
vn -0.3983 0.2301 0.8880
vn -0.3982 0.2301 0.8880
vn -0.4605 0.2377 0.8553
vn -0.3690 0.1704 0.9137
vn -0.3861 0.1075 0.9162
vn -0.3180 0.0744 0.9452
vn -0.3376 0.0300 0.9408
vn -0.3181 0.0742 0.9451
vn -0.1996 -0.1723 0.9646
vn -0.1993 -0.1293 0.9714
vn -0.3819 0.2479 0.8903
vn -0.3825 0.2476 0.8902
vn -0.4069 0.5660 0.7170
vn -0.5545 0.4348 0.7095
vn -0.4923 0.4450 0.7481
vn -0.4923 0.4455 0.7478
vn -0.5872 0.5217 0.6189
vn -0.5451 0.6115 0.5735
vn -0.5224 0.5319 0.6664
vn -0.5454 0.6125 0.5722
vn -0.6096 0.5981 0.5203
vn -0.5595 0.6827 0.4699
vn -0.6221 0.6646 0.4140
vn -0.5651 0.7421 0.3604
vn -0.5651 0.7428 0.3590
vn -0.6248 0.7191 0.3042
vn -0.5619 0.7881 0.2512
vn -0.6216 0.7424 0.2500
vn -0.5519 0.8216 0.1427
vn -0.5538 0.8200 0.1446
vn -0.5360 0.8401 -0.0834
vn -0.5535 0.8215 0.1372
vn -0.6372 0.7260 0.2588
vn -0.6370 0.7261 0.2587
vn -0.6372 0.7261 0.2583
vn -0.6368 0.7263 0.2587
vn -0.6177 0.7582 -0.2087
vn -0.6184 0.7581 -0.2071
vn -0.6188 0.7580 -0.2062
vn -0.7471 0.5571 0.3627
vn -0.6763 0.5954 0.4338
vn -0.6762 0.5954 0.4338
vn -0.7746 0.4728 0.4200
vn -0.7745 0.4732 0.4197
vn -0.7747 0.4726 0.4201
vn -0.8388 0.5345 0.1038
vn -0.2062 0.5544 -0.8063
vn -0.6102 0.6330 -0.4764
vn -0.6831 0.5798 -0.4440
vn -0.8527 0.3062 0.4232
vn -0.8528 0.3061 0.4232
vn -0.8526 0.3059 0.4236
vn -0.5832 0.5472 -0.6003
vn -0.2402 0.5075 -0.8275
vn -0.8833 0.4517 -0.1254
vn -0.8851 0.2800 0.3718
vn -0.8851 0.2799 0.3718
vn -0.9342 0.3509 -0.0640
vn -0.8219 0.4507 -0.3483
vn -0.9014 0.1871 0.3905
vn -0.9013 0.1870 0.3908
vn -0.9014 0.1872 0.3904
vn -0.9013 0.1869 0.3908
vn -0.7871 0.4177 -0.4539
vn -0.9627 0.1766 0.2050
vn -0.9925 0.0750 0.0961
vn -0.2807 0.4568 -0.8441
vn -0.9557 0.2451 -0.1627
vn -0.9459 0.0659 0.3176
vn -0.8259 0.2996 -0.4776
vn -0.8583 -0.1369 0.4945
vn -0.8583 -0.1370 0.4945
vn -0.8048 0.1091 0.5835
vn -0.8207 0.2494 -0.5140
vn -0.9225 0.1764 -0.3432
vn -0.9728 -0.0488 0.2265
vn -0.9728 -0.0489 0.2264
vn -0.9728 -0.0488 0.2264
vn -0.9728 -0.0488 0.2266
vn -0.9860 -0.1375 0.0942
vn -0.3603 0.3850 -0.8497
vn -0.9862 0.0109 -0.1654
vn -0.9498 -0.1529 0.2729
vn -0.9498 -0.1528 0.2730
vn -0.8821 0.0828 -0.4637
vn -0.8197 0.0712 -0.5684
vn -0.8652 -0.3418 0.3669
vn -0.8654 -0.3417 0.3665
vn -0.8652 -0.3419 0.3669
vn -0.9043 -0.4095 0.1203
vn -0.8995 -0.0878 -0.4281
vn -0.9063 -0.0980 -0.4110
vn -0.9098 -0.1038 -0.4018
vn -0.9363 -0.1539 -0.3157
vn -0.9364 -0.1541 -0.3154
vn -0.9115 -0.3418 0.2287
vn -0.9116 -0.3416 0.2287
vn -0.7566 -0.5317 0.3805
vn -0.7565 -0.5318 0.3807
vn -0.7566 -0.5318 0.3805
vn -0.8401 -0.1007 -0.5330
vn -0.7742 -0.1074 -0.6238
vn -0.8009 -0.5462 0.2452
vn -0.8009 -0.5462 0.2453
vn -0.8495 -0.3394 -0.4040
vn -0.8728 -0.4425 -0.2060
vn -0.8728 -0.4420 -0.2071
vn -0.8728 -0.4423 -0.2064
vn -0.8728 -0.4417 -0.2077
vn -0.8009 -0.5462 0.2455
vn -0.8009 -0.5461 0.2455
vn -0.6848 -0.6733 0.2788
vn -0.6871 -0.6728 0.2743
vn -0.6849 -0.6733 0.2786
vn -0.6872 -0.6728 0.2742
vn -0.6830 -0.1765 -0.7088
vn -0.6890 -0.6413 0.3375
vn -0.6891 -0.6413 0.3375
vn -0.6890 -0.6414 0.3375
vn -0.6890 -0.6414 0.3374
vn -0.6427 -0.7342 0.2191
vn -0.7720 -0.4800 -0.4167
vn -0.6448 -0.2304 -0.7288
vn -0.6848 -0.6733 0.2787
vn -0.6428 -0.7341 0.2189
vn -0.7238 -0.6741 -0.1475
vn -0.3974 0.0355 -0.9169
vn -0.5694 -0.8175 0.0867
vn -0.6154 -0.4413 -0.6531
vn -0.5223 -0.7580 0.3907
vn -0.5223 -0.7580 0.3908
vn -0.5224 -0.7580 0.3906
vn -0.5465 -0.4569 -0.7018
vn -0.4086 -0.8251 0.3902
vn -0.4087 -0.8251 0.3901
vn -0.4087 -0.8251 0.3902
vn -0.4426 -0.8778 0.1833
vn -0.4427 -0.8778 0.1831
vn -0.4425 -0.8778 0.1836
vn -0.4608 -0.4301 -0.7763
vn -0.4092 -0.8254 0.3889
vn -0.4087 -0.8251 0.3900
vn -0.4091 -0.8254 0.3890
vn -0.3344 -0.9188 0.2097
vn -0.3342 -0.9188 0.2101
vn -0.4287 -0.8925 -0.1399
vn -0.4131 -0.5128 -0.7526
vn -0.4346 -0.8996 0.0421
vn -0.4672 -0.8588 -0.2103
vn -0.3344 -0.9187 0.2100
vn -0.3081 -0.4050 -0.8609
vn -0.2692 -0.9191 0.2876
vn -0.2096 -0.9716 0.1101
vn -0.2681 -0.5464 -0.7935
vn -0.2691 -0.9191 0.2880
vn -0.2663 -0.9153 0.3023
vn -0.2664 -0.9153 0.3020
vn -0.2691 -0.9191 0.2879
vn -0.1930 -0.5620 -0.8043
vn -0.1171 -0.9076 0.4031
vn -0.1166 -0.9066 0.4056
vn -0.1125 -0.5317 -0.8394
vn -0.0516 -0.9870 -0.1519
vn -0.0958 -0.9823 0.1611
vn -0.0418 -0.6615 -0.7488
vn -0.5560 0.2927 0.7779
vn -0.4994 0.1958 0.8440
vn -0.4685 0.1475 0.8711
vn -0.3660 -0.0017 0.9306
vn -0.6607 0.1314 0.7390
vn -0.6315 0.1865 0.7526
vn -0.5931 0.0532 0.8034
vn -0.6140 0.0033 0.7893
vn -0.0364 -0.7522 0.6579
vn -0.0482 -0.8405 0.5396
vn -0.0728 -0.7491 0.6584
vn -0.0958 -0.8357 0.5408
vn -0.1093 -0.7450 0.6581
vn -0.1437 -0.8289 0.5406
vn -0.1442 -0.7350 0.6625
vn -0.1907 -0.8179 0.5428
vn -0.1793 -0.7252 0.6648
vn -0.2373 -0.8045 0.5444
vn -0.2141 -0.7133 0.6673
vn -0.2821 -0.7869 0.5488
vn -0.2490 -0.6999 0.6694
vn -0.3263 -0.7670 0.5524
vn -0.2804 -0.6820 0.6755
vn -0.3692 -0.7442 0.5566
vn -0.3132 -0.6640 0.6790
vn -0.4111 -0.7186 0.5609
vn -0.3432 -0.6427 0.6850
vn -0.4516 -0.6903 0.5653
vn -0.3733 -0.6200 0.6901
vn -0.4894 -0.6587 0.5715
vn -0.4016 -0.5951 0.6961
vn -0.5261 -0.6246 0.5771
vn -0.4281 -0.5680 0.7030
vn -0.5592 -0.5877 0.5848
vn -0.4531 -0.5389 0.7101
vn -0.5900 -0.5482 0.5928
vn -0.4760 -0.5078 0.7180
vn -0.6189 -0.5062 0.6006
vn -0.5738 -0.4701 0.6707
vn -0.6457 -0.4617 0.6082
vn -0.5946 -0.4292 0.6799
vn -0.5948 -0.4295 0.6795
vn -0.6117 -0.3864 0.6903
vn -0.6117 -0.3868 0.6901
vn -0.6286 -0.3410 0.6990
vn -0.6287 -0.3414 0.6987
vn -0.6373 -0.2953 0.7118
vn -0.6375 -0.2957 0.7114
vn -0.6428 -0.2482 0.7247
vn -0.6426 -0.2488 0.7247
vn -0.6455 -0.1996 0.7372
vn -0.6461 -0.1998 0.7367
vn -0.6466 -0.1483 0.7483
vn -0.6469 -0.1487 0.7479
vn -0.6399 -0.0984 0.7622
vn -0.6402 -0.0987 0.7618
vn -0.6287 -0.0480 0.7762
vn -0.6290 -0.0484 0.7759
vn -0.6144 0.0029 0.7890
vn -0.0345 -0.9372 0.3472
vn -0.0235 -0.8267 0.5622
vn -0.0242 -0.6489 0.7605
vn -0.0484 -0.6473 0.7607
vn -0.0719 -0.6425 0.7629
vn -0.0956 -0.6379 0.7642
vn -0.1186 -0.6308 0.7668
vn -0.1421 -0.6239 0.7685
vn -0.1641 -0.6143 0.7718
vn -0.1394 -0.5608 0.8161
vn -0.1864 -0.6041 0.7748
vn -0.1552 -0.5518 0.8194
vn -0.2087 -0.5929 0.7778
vn -0.1716 -0.5428 0.8222
vn -0.2282 -0.5788 0.7829
vn -0.1846 -0.5309 0.8271
vn -0.2475 -0.5639 0.7879
vn -0.1979 -0.5188 0.8317
vn -0.2662 -0.5478 0.7931
vn -0.2120 -0.5064 0.8358
vn -0.2846 -0.5307 0.7984
vn -0.2229 -0.4923 0.8414
vn -0.3008 -0.5119 0.8047
vn -0.2358 -0.4779 0.8462
vn -0.3171 -0.4921 0.8107
vn -0.2471 -0.4624 0.8515
vn -0.2471 -0.4632 0.8511
vn -0.2531 -0.4456 0.8587
vn -0.2531 -0.4465 0.8582
vn -0.2619 -0.4284 0.8648
vn -0.2620 -0.4293 0.8643
vn -0.2684 -0.4103 0.8716
vn -0.2685 -0.4112 0.8711
vn -0.2727 -0.3917 0.8788
vn -0.2729 -0.3926 0.8783
vn -0.2773 -0.3719 0.8859
vn -0.2774 -0.3728 0.8855
vn -0.2776 -0.3523 0.8938
vn -0.2779 -0.3532 0.8933
vn -0.2776 -0.3317 0.9016
vn -0.2783 -0.3324 0.9011
vn -0.2768 -0.3103 0.9094
vn -0.2773 -0.3112 0.9090
vn -0.2728 -0.2891 0.9176
vn -0.2732 -0.2900 0.9172
vn -0.2651 -0.2688 0.9260
vn -0.2657 -0.2695 0.9256
vn -0.2573 -0.2473 0.9341
vn -0.2579 -0.2480 0.9338
vn -0.2457 -0.2272 0.9423
vn -0.2464 -0.2278 0.9420
vn -0.2326 -0.2072 0.9503
vn -0.2332 -0.2077 0.9500
vn -0.2169 -0.1879 0.9579
vn -0.4141 -0.4744 0.7768
vn -0.4140 -0.4752 0.7764
vn -0.4303 -0.4457 0.7850
vn -0.4302 -0.4466 0.7845
vn -0.4422 -0.4158 0.7947
vn -0.4422 -0.4167 0.7943
vn -0.4540 -0.3843 0.8039
vn -0.4541 -0.3852 0.8034
vn -0.4613 -0.3518 0.8145
vn -0.4619 -0.3526 0.8138
vn -0.4691 -0.3174 0.8241
vn -0.4692 -0.3184 0.8237
vn -0.4711 -0.2829 0.8355
vn -0.4715 -0.2838 0.8350
vn -0.4694 -0.2480 0.8475
vn -0.4697 -0.2490 0.8470
vn -0.4661 -0.2118 0.8590
vn -0.4667 -0.2126 0.8585
vn -0.4601 -0.1748 0.8705
vn -0.4606 -0.1756 0.8700
vn -0.4482 -0.1391 0.8830
vn -0.4485 -0.1401 0.8827
vn -0.4348 -0.1020 0.8947
vn -0.4355 -0.1026 0.8943
vn -0.4142 -0.0684 0.9076
vn -0.4149 -0.0691 0.9072
vn -0.3931 -0.0325 0.9189
vn -0.7313 0.3478 0.5867
vn -0.7629 0.4174 0.4937
vn -0.7866 0.4959 0.3679
vn -0.7879 0.6158 -0.0025
vn -0.8358 0.4683 0.2865
vn -0.7911 0.5384 0.2902
vn -0.8291 0.4262 0.3618
vn -0.8346 0.2812 0.4738
vn -0.8188 0.1484 0.5545
vn -0.6762 0.5956 0.4336
vn -0.6762 0.5954 0.4339
vn -0.4777 0.7892 -0.3858
vn -0.6818 0.6884 0.2475
vn -0.6844 0.6640 0.3013
vn -0.6800 0.6096 0.4075
vn -0.6654 0.5445 0.5107
vn -0.6399 0.4693 0.6086
vn -0.4914 0.4440 0.7493
vn -0.6178 0.7582 -0.2084
vn -0.6184 0.7581 -0.2072
vn -0.5404 0.7564 -0.3685
vn -0.7398 0.6259 0.2469
vn -0.7414 0.6012 0.2980
vn -0.7348 0.5470 0.4011
vn -0.7176 0.4835 0.5012
vn -0.6887 0.4099 0.5980
vn -0.6034 0.3850 0.6983
vn -0.5121 0.3392 0.7891
vn -0.4166 0.2694 0.8683
vn -0.6477 0.3274 0.6879
vn -0.5634 0.7127 -0.4179
vn -0.7471 0.5570 0.3626
vn -0.2176 -0.1884 0.9577
vn -0.3652 -0.0012 0.9309
vn -0.3939 -0.0331 0.9186
vn -0.5030 0.1050 0.8579
vn -0.5362 0.1501 0.8306
vn -0.5965 0.2402 0.7659
vn -0.6877 0.2706 0.6737
vn -0.7200 0.2094 0.6616
vn -0.7471 0.1481 0.6480
vn -0.7671 0.0850 0.6359
vn -0.0588 -0.9107 0.4090
vn -0.0672 -0.9559 0.2859
vn -0.1168 -0.9038 0.4117
vn -0.1352 -0.9526 0.2725
vn -0.1747 -0.8942 0.4122
vn -0.2025 -0.9411 0.2708
vn -0.2320 -0.8807 0.4130
vn -0.2516 -0.9052 0.3425
vn -0.2876 -0.8624 0.4167
vn -0.3212 -0.8936 0.3135
vn -0.3429 -0.8412 0.4181
vn -0.3891 -0.8724 0.2959
vn -0.3958 -0.8156 0.4221
vn -0.4561 -0.8447 0.2802
vn -0.4480 -0.7869 0.4244
vn -0.5152 -0.8094 0.2819
vn -0.4984 -0.7544 0.4273
vn -0.5709 -0.7697 0.2856
vn -0.5463 -0.7182 0.4310
vn -0.6083 -0.7258 0.3212
vn -0.5913 -0.6783 0.4362
vn -0.6447 -0.6804 0.3485
vn -0.6330 -0.6352 0.4426
vn -0.7213 -0.6270 0.2943
vn -0.6724 -0.5888 0.4486
vn -0.7641 -0.5716 0.2990
vn -0.7084 -0.5395 0.4550
vn -0.8037 -0.5128 0.3018
vn -0.7414 -0.4872 0.4616
vn -0.8443 -0.4478 0.2943
vn -0.7715 -0.4317 0.4673
vn -0.8554 -0.3941 0.3363
vn -0.7960 -0.3742 0.4759
vn -0.8929 -0.3196 0.3172
vn -0.8702 -0.2833 0.4031
vn -0.9124 -0.2504 0.3238
vn -0.8868 -0.2153 0.4089
vn -0.9074 -0.1974 0.3711
vn -0.8954 -0.1480 0.4200
vn -0.9275 -0.1160 0.3554
vn -0.9007 -0.0774 0.4275
vn -0.9388 -0.0324 0.3428
vn -0.9000 -0.0059 0.4359
vn -0.8997 -0.0039 0.4365
vn -0.8931 0.0659 0.4449
vn -0.8927 0.0681 0.4454
vn -0.8798 0.1376 0.4550
vn -0.9114 0.1934 0.3633
vn -0.8609 0.2111 0.4630
vn -0.8947 0.2818 0.3465
vn -0.8651 0.3546 0.3548
vn -0.7199 0.1148 0.6846
vn -0.7379 0.0532 0.6728
vn -0.7816 0.0213 0.6234
vn -0.0708 -0.9706 0.2299
vn -0.1436 -0.9690 0.2010
vn -0.2153 -0.9563 0.1979
vn -0.2528 -0.9052 0.3418
vn -0.3332 -0.9018 0.2751
vn -0.4075 -0.8804 0.2427
vn -0.4830 -0.8508 0.2071
vn -0.5455 -0.8123 0.2063
vn -0.6036 -0.7691 0.2102
vn -0.6276 -0.7247 0.2845
vn -0.6532 -0.6790 0.3351
vn -0.7594 -0.6142 0.2145
vn -0.8022 -0.5547 0.2208
vn -0.8426 -0.4911 0.2210
vn -0.8868 -0.4169 0.1995
vn -0.8840 -0.3738 0.2807
vn -0.9292 -0.2860 0.2341
vn -0.9470 -0.2132 0.2405
vn -0.9265 -0.1771 0.3319
vn -0.9545 -0.0804 0.2872
vn -0.9673 0.0152 0.2534
vn -0.9622 0.0895 0.2573
vn -0.9615 0.0930 0.2584
vn -0.9502 0.1668 0.2631
vn -0.9494 0.1702 0.2641
vn -0.9312 0.2486 0.2664
vn -0.9055 0.3221 0.2762
vn -0.8740 0.3966 0.2809
vn -0.7362 -0.3962 0.5487
vn -0.7583 -0.3408 0.5557
vn -0.7585 -0.3402 0.5558
vn -0.7716 -0.2853 0.5686
vn -0.7717 -0.2846 0.5688
vn -0.7840 -0.2262 0.5780
vn -0.7843 -0.2255 0.5779
vn -0.7919 -0.1654 0.5878
vn -0.7923 -0.1646 0.5876
vn -0.7946 -0.1034 0.5983
vn -0.7944 -0.1028 0.5987
vn -0.7899 -0.0420 0.6118
vn -0.7899 -0.0413 0.6119
vn -0.7814 0.0217 0.6237
vn -0.7181 0.6194 -0.3172
vn 0.3113 0.5070 0.8038
vn 0.2859 0.4046 0.8686
vn 0.2375 0.4622 0.8544
vn 0.1884 0.0792 0.9789
vn 0.2282 0.0735 0.9708
vn 0.2284 0.0734 0.9708
vn 0.2005 0.8168 0.5410
vn 0.2004 0.8183 0.5387
vn 0.4989 0.8257 0.2632
vn 0.4976 0.7262 0.4743
vn 0.1598 -0.1487 0.9759
vn -0.3645 0.2819 0.8875
vn -0.3498 0.2623 0.8994
vn -0.4969 0.8424 0.2083
vn -0.4992 0.8255 0.2632
vn -0.5019 0.7816 0.3704
vn -0.4981 0.7274 0.4720
vn -0.4868 0.6599 0.5723
vn -0.4673 0.5775 0.6694
vn -0.1599 -0.1471 0.9761
vn -0.1844 -0.1292 0.9743
vn -0.0656 -0.3100 0.9485
vn -0.0336 -0.3645 0.9306
vn -0.0211 -0.3891 0.9210
vn -0.0159 -0.3925 0.9196
vn -0.0673 -0.2882 0.9552
vn -0.0345 -0.3535 0.9348
vn -0.0134 -0.3919 0.9199
vn -0.0520 -0.3000 0.9525
vn -0.0267 -0.3594 0.9328
vn -0.0122 -0.3880 0.9216
vn -0.0322 -0.3287 0.9439
vn -0.0169 -0.3741 0.9272
vn -0.0255 -0.3066 0.9515
vn -0.0096 -0.3865 0.9222
vn -0.0129 -0.3783 0.9256
vn -0.0215 -0.2816 0.9593
vn -0.0060 -0.3907 0.9205
vn -0.0130 -0.3624 0.9319
vn -0.0120 -0.2869 0.9579
vn -0.0035 -0.3913 0.9202
vn -0.0110 -0.3502 0.9366
vn -0.0024 -0.3157 0.9488
vn -0.0013 -0.3895 0.9210
vn -0.0062 -0.3527 0.9357
vn 0.0055 -0.3686 0.9296
vn 0.0017 -0.3823 0.9240
vn 0.0104 -0.3186 0.9478
vn 0.0013 -0.3832 0.9237
vn -0.0014 -0.3672 0.9301
vn 0.0038 -0.3893 0.9211
vn 0.0221 -0.2889 0.9571
vn 0.0114 -0.3537 0.9353
vn 0.0058 -0.3915 0.9202
vn 0.0326 -0.2816 0.9590
vn 0.0167 -0.3501 0.9366
vn 0.0352 -0.3055 0.9516
vn 0.0180 -0.3619 0.9320
vn 0.0083 -0.3910 0.9203
vn 0.0365 -0.3345 0.9417
vn 0.0172 -0.3782 0.9256
vn 0.0122 -0.3874 0.9219
vn 0.0159 -0.3924 0.9197
vn 0.0312 -0.3624 0.9315
vn 0.0605 -0.3062 0.9501
vn 0.0148 -0.3891 0.9211
vn 0.0193 -0.3917 0.9199
vn 0.0400 -0.3560 0.9336
vn 0.0780 -0.2928 0.9530
vn 0.2434 0.0134 0.9698
vn 0.3650 0.2837 0.8867
vn 0.3186 0.1735 0.9319
vn 0.2683 0.0650 0.9611
vn 0.4400 0.4872 0.7543
vn 0.4059 0.3885 0.8273
vn 0.4866 0.6593 0.5732
vn 0.4672 0.5785 0.6687
vn 0.4695 0.6537 0.5934
vn 0.4697 0.6543 0.5927
vn 0.4697 0.6543 0.5926
vn 0.3846 0.8421 -0.3781
vn 0.3730 0.7812 0.5006
vn 0.4259 0.7349 0.5278
vn 0.4260 0.7348 0.5279
vn 0.4259 0.7348 0.5279
vn 0.4260 0.7348 0.5277
vn 0.4352 0.8262 0.3576
vn 0.4455 0.8933 0.0591
vn 0.4966 0.8423 0.2095
vn 0.1026 0.5962 -0.7963
vn 0.4697 0.6544 0.5926
vn 0.4695 0.6537 0.5935
vn 0.2829 0.9100 0.3030
vn 0.2952 0.9545 -0.0429
vn 0.3731 0.7813 0.5004
vn 0.3730 0.7847 0.4950
vn 0.3730 0.7846 0.4952
vn 0.3731 0.7812 0.5005
vn 0.2005 0.8183 0.5387
vn 0.2428 0.9689 0.0480
vn 0.2398 0.9708 -0.0030
vn 0.2467 0.9593 0.1374
vn 0.2467 0.9590 0.1392
vn 0.2005 0.8164 0.5416
vn 0.1601 0.9824 -0.0961
vn 0.1374 0.7404 0.6579
vn 0.1376 0.7413 0.6569
vn 0.1374 0.7405 0.6579
vn 0.1047 0.9904 0.0903
vn 0.0492 0.8705 -0.4897
vn 0.1376 0.7414 0.6568
vn 0.1380 0.7412 0.6569
vn 0.1374 0.7405 0.6578
vn -0.0159 0.9224 0.3858
vn 0.0326 0.9989 -0.0345
vn 0.0800 0.7567 0.6489
vn 0.0800 0.7567 0.6488
vn -0.0363 0.9937 0.1057
vn -0.0365 0.9935 0.1083
vn -0.0327 0.9980 0.0535
vn -0.0272 0.9993 -0.0269
vn -0.1448 0.7434 0.6530
vn -0.1448 0.7435 0.6529
vn -0.0639 0.9293 -0.3637
vn -0.1095 0.9748 0.1943
vn -0.0889 0.7923 0.6037
vn -0.0888 0.7923 0.6036
vn -0.0890 0.7922 0.6038
vn -0.0891 0.7922 0.6038
vn -0.1835 0.9445 0.2726
vn -0.1291 0.8708 -0.4743
vn -0.1446 0.7430 0.6534
vn -0.1447 0.7430 0.6534
vn -0.1448 0.7430 0.6534
vn -0.2400 0.9700 0.0382
vn -0.2188 0.9518 -0.2148
vn -0.2046 0.7657 0.6098
vn -0.2047 0.7657 0.6098
vn -0.2046 0.7658 0.6097
vn -0.3159 0.9412 0.1198
vn -0.3155 0.9417 0.1166
vn -0.3863 0.8267 0.4091
vn -0.3863 0.8267 0.4090
vn -0.3161 0.9411 0.1198
vn -0.3157 0.9413 0.1197
vn -0.3155 0.9417 0.1167
vn -0.2703 0.8574 0.4380
vn -0.3353 0.8060 -0.4877
vn -0.4525 0.5462 0.7049
vn -0.4526 0.5464 0.7047
vn -0.4526 0.5463 0.7048
vn -0.4530 0.5477 0.7034
vn -0.4531 0.5478 0.7033
vn -0.4526 0.5463 0.7047
vn -0.1449 0.6576 -0.7393
vn -0.4596 0.8707 0.1751
vn -0.4374 0.8260 0.3557
vn -0.4394 0.7537 0.4887
vn -0.4393 0.7538 0.4887
vn -0.4394 0.7537 0.4888
vn -0.4394 0.7536 0.4888
vn 0.2033 0.3036 0.9309
vn 0.2034 0.3036 0.9308
vn 0.1589 -0.1485 0.9761
vn 0.1367 -0.1404 0.9806
vn 0.1120 -0.1387 0.9840
vn 0.1368 -0.1410 0.9805
vn 0.1121 -0.1389 0.9839
vn 0.1486 0.0810 0.9856
vn 0.1884 0.0790 0.9789
vn 0.1490 0.0807 0.9855
vn 0.0888 -0.1354 0.9868
vn 0.0890 -0.1359 0.9867
vn 0.2403 0.2436 0.9396
vn 0.2565 0.2984 0.9193
vn 0.1515 0.3053 0.9401
vn 0.1517 0.3052 0.9401
vn 0.1004 0.3044 0.9472
vn 0.1004 0.3043 0.9473
vn 0.0499 0.3049 0.9511
vn -0.0007 0.3048 0.9524
vn -0.0512 0.3068 0.9504
vn -0.0513 0.3068 0.9504
vn -0.1014 0.3046 0.9471
vn -0.1015 0.3047 0.9470
vn -0.1525 0.3041 0.9404
vn -0.1525 0.3042 0.9403
vn -0.2225 0.3818 0.8971
vn -0.2052 0.3035 0.9305
vn -0.2576 0.2988 0.9189
vn -0.2418 0.2442 0.9391
vn -0.2608 0.1539 0.9530
vn -0.2434 0.0126 0.9698
vn -0.2686 0.0659 0.9610
vn -0.2296 0.0725 0.9706
vn -0.1895 0.0784 0.9787
vn -0.1887 0.0786 0.9789
vn -0.1498 0.0807 0.9854
vn -0.1496 0.0807 0.9854
vn -0.1117 0.0833 0.9902
vn -0.1117 0.0833 0.9903
vn -0.0743 0.0834 0.9937
vn -0.0741 0.0834 0.9938
vn -0.0374 0.0840 0.9958
vn -0.0373 0.0840 0.9958
vn -0.0005 0.0844 0.9964
vn 0.0365 0.0848 0.9957
vn 0.0736 0.0840 0.9937
vn 0.0735 0.0840 0.9937
vn 0.1111 0.0826 0.9904
vn 0.1105 0.0828 0.9904
vn -0.1608 -0.1476 0.9759
vn -0.1370 -0.1425 0.9803
vn -0.1360 -0.1421 0.9805
vn -0.1131 -0.1388 0.9838
vn -0.1123 -0.1385 0.9840
vn -0.0896 -0.1358 0.9867
vn -0.0894 -0.1358 0.9867
vn -0.0668 -0.1341 0.9887
vn -0.0667 -0.1341 0.9887
vn -0.0443 -0.1344 0.9899
vn -0.0441 -0.1344 0.9899
vn -0.0224 -0.1337 0.9908
vn -0.0222 -0.1337 0.9908
vn -0.0003 -0.1321 0.9912
vn 0.0218 -0.1331 0.9909
vn 0.0439 -0.1334 0.9901
vn 0.0663 -0.1350 0.9886
vn 0.0658 -0.1348 0.9887
vn -0.3125 0.9463 0.0831
vn -0.3666 0.8362 0.4080
vn -0.2930 0.8212 0.4896
vn -0.3642 0.8116 0.4568
vn -0.3590 0.7531 0.5512
vn -0.3017 0.9138 -0.2721
vn -0.3720 0.9281 0.0169
vn -0.4345 0.8002 0.4135
vn -0.4295 0.7418 0.5151
vn -0.4183 0.6719 0.6112
vn -0.3178 0.1726 0.9323
vn -0.3109 0.2913 0.9047
vn -0.3468 0.3985 0.8491
vn -0.2869 0.4045 0.8684
vn -0.3124 0.5064 0.8037
vn -0.2486 0.5097 0.8237
vn -0.2654 0.6037 0.7517
vn -0.1988 0.6050 0.7710
vn -0.4066 0.3907 0.8259
vn -0.4403 0.4879 0.7537
vn -0.3768 0.4995 0.7801
vn -0.4007 0.5910 0.7000
vn -0.3331 0.5991 0.7281
vn -0.3482 0.6809 0.6443
vn -0.2785 0.6871 0.6711
vn -0.2890 0.7761 0.5605
vn -0.2157 0.7626 0.6099
vn 0.2908 0.2362 0.9272
vn 0.3109 0.2932 0.9041
vn 0.3461 0.3993 0.8490
vn 0.3758 0.4986 0.7811
vn 0.4002 0.5918 0.6997
vn 0.5016 0.7820 0.3700
vn 0.4285 0.7417 0.5160
vn 0.4174 0.6720 0.6117
vn 0.3467 0.6808 0.6452
vn 0.3317 0.5998 0.7281
vn 0.2640 0.6035 0.7524
vn 0.2473 0.5104 0.8236
vn 0.1841 0.5123 0.8388
vn -0.1391 0.6923 0.7081
vn -0.1395 0.6921 0.7082
vn -0.0701 0.6938 0.7168
vn -0.0705 0.6937 0.7168
vn -0.0009 0.6937 0.7203
vn 0.0686 0.6919 0.7187
vn 0.0686 0.6923 0.7183
vn 0.1378 0.6927 0.7079
vn 0.1381 0.6928 0.7078
vn 0.2068 0.6910 0.6927
vn 0.2140 0.7634 0.6094
vn 0.2766 0.6881 0.6708
vn 0.2871 0.7762 0.5613
vn 0.3570 0.7526 0.5532
vn 0.3624 0.8130 0.4557
vn 0.4335 0.7992 0.4164
vn -0.2202 0.8263 0.5185
vn -0.1471 0.8308 0.5367
vn -0.1478 0.8307 0.5368
vn -0.0742 0.8323 0.5494
vn -0.0748 0.8322 0.5494
vn -0.0010 0.8344 0.5512
vn 0.0727 0.8323 0.5496
vn 0.0728 0.8321 0.5498
vn 0.1458 0.8305 0.5376
vn 0.1461 0.8305 0.5374
vn 0.2194 0.8270 0.5177
vn 0.2914 0.8214 0.4903
vn 0.3637 0.8388 0.4051
vn 0.3416 0.9286 -0.1449
vn 0.2374 0.8523 -0.4660
vn -0.1861 0.5134 0.8377
vn -0.1239 0.5152 0.8480
vn -0.1240 0.5151 0.8481
vn -0.0622 0.5130 0.8562
vn -0.0624 0.5129 0.8562
vn -0.0008 0.5137 0.8580
vn -0.0008 0.5138 0.8579
vn 0.0610 0.5149 0.8551
vn 0.0610 0.5150 0.8550
vn 0.1226 0.5147 0.8486
vn 0.1227 0.5144 0.8487
vn 0.1844 0.5118 0.8391
vn -0.0000 -0.4201 0.9075
vn -0.0000 -0.4199 0.9076
vn 0.0001 -0.4199 0.9076
vn 0.0002 -0.4198 0.9076
vn 0.0004 -0.4198 0.9076
vn -0.0000 -0.4200 0.9075
vn -0.0000 -0.4197 0.9076
vn 0.0005 -0.4208 0.9072
vn -0.0016 -0.4210 0.9071
vn -0.0001 -0.4199 0.9076
vn 0.0001 -0.4200 0.9075
vn -0.0000 -0.4197 0.9077
vn 0.0001 -0.4198 0.9076
vn -0.0010 -0.4192 0.9079
vn -0.0001 -0.4200 0.9075
vn -0.0000 -0.4202 0.9075
vn 0.0001 -0.4202 0.9075
vn -0.0001 -0.4198 0.9076
vn -0.0002 -0.4199 0.9076
vn 0.0001 -0.4201 0.9075
vn -0.0002 -0.4198 0.9076
vn 0.0002 -0.4201 0.9075
vn 0.0001 -0.4202 0.9074
vn 0.0003 -0.4206 0.9073
vn -0.0001 -0.4201 0.9075
vn 0.0002 -0.4196 0.9077
vn -0.0011 -0.4212 0.9070
vn 0.0003 -0.4199 0.9076
vn -0.0011 -0.4204 0.9074
vn -0.0000 -0.4198 0.9076
vn 0.0001 -0.4199 0.9075
vn -0.0010 -0.4194 0.9078
vn -0.0003 -0.4197 0.9077
vn 0.0003 -0.4199 0.9075
vn -0.0001 -0.4197 0.9077
vn 0.0004 -0.4201 0.9075
vn -0.0001 -0.4202 0.9074
vn -0.0003 -0.4196 0.9077
vn -0.0000 -0.4199 0.9075
vn 0.0007 -0.4201 0.9075
vn 0.0002 -0.4197 0.9077
vn 0.0003 -0.4201 0.9075
vn -0.0002 -0.4202 0.9074
vn -0.0002 -0.4201 0.9075
vn 0.0009 -0.4209 0.9071
vn 0.0002 -0.4200 0.9075
vn 0.0003 -0.4195 0.9078
vn 0.0003 -0.4194 0.9078
vn -0.0000 -0.4207 0.9072
vn 0.0003 -0.4203 0.9074
vn 0.0002 -0.4194 0.9078
vn 0.0012 -0.4200 0.9075
vn 0.0003 -0.4200 0.9075
vn 0.0004 -0.4200 0.9075
vn -0.0002 -0.4200 0.9075
vn 0.0002 -0.4199 0.9076
vn 0.0006 -0.4199 0.9075
vn -0.0004 -0.4198 0.9076
vn 0.0002 -0.4197 0.9076
vn 0.0003 -0.4198 0.9076
vn 0.0002 -0.4202 0.9074
vn -0.0010 -0.4191 0.9079
vn 0.0002 -0.4202 0.9075
vn -0.0001 -0.4196 0.9077
vn 0.0017 -0.4195 0.9077
vn 0.0005 -0.4200 0.9075
vn 0.0010 -0.4195 0.9078
vn -0.0001 -0.4193 0.9078
vn -0.0003 -0.4200 0.9075
vn 0.0003 -0.4197 0.9077
vn -0.0003 -0.4202 0.9074
vn 0.0001 -0.4197 0.9077
vn 0.0004 -0.4197 0.9077
vn -0.0001 -0.4199 0.9075
vn -0.0015 -0.4184 0.9082
vn 0.0011 -0.4210 0.9071
vn 0.0035 -0.4191 0.9080
vn -0.0005 -0.4202 0.9074
vn -0.0003 -0.4201 0.9075
vn -0.0003 -0.8994 0.4372
vn 0.0001 -0.9433 0.3320
vn 0.0352 -0.9104 0.4121
vn 0.4244 -0.8953 -0.1355
vn 0.4227 -0.8960 -0.1359
vn 0.4155 -0.9056 -0.0846
vn 0.0440 -0.9784 0.2020
vn -0.0005 -0.9934 0.1144
vn -0.0009 -0.9989 0.0467
vn -0.0000 0.9303 0.3669
vn -0.0000 0.8772 0.4802
vn 0.0543 0.9030 0.4262
vn 0.0180 -0.3667 0.9302
vn 0.0163 -0.3804 0.9247
vn 0.0327 -0.3374 0.9408
vn 0.0246 -0.3671 0.9299
vn 0.0201 -0.3835 0.9233
vn 0.0403 -0.3442 0.9380
vn 0.0311 -0.3687 0.9290
vn 0.0232 -0.3867 0.9219
vn 0.0474 -0.3502 0.9355
vn 0.0355 -0.3732 0.9271
vn 0.0253 -0.3905 0.9202
vn 0.0514 -0.3589 0.9320
vn 0.0235 -0.4030 0.9149
vn 0.0226 -0.4038 0.9146
vn 0.0458 -0.3868 0.9210
vn 0.0249 -0.4053 0.9138
vn 0.0233 -0.4062 0.9135
vn 0.0474 -0.3919 0.9188
vn 0.0263 -0.4075 0.9128
vn 0.0238 -0.4088 0.9123
vn 0.0482 -0.3971 0.9165
vn 0.0268 -0.4100 0.9117
vn 0.0240 -0.4112 0.9112
vn 0.1680 -0.3551 0.9196
vn 0.0283 -0.4121 0.9107
vn 0.0240 -0.4134 0.9102
vn 0.0489 -0.4065 0.9124
vn 0.0289 -0.4145 0.9096
vn 0.0230 -0.4158 0.9092
vn 0.1686 -0.3856 0.9071
vn 0.0302 -0.4168 0.9085
vn 0.0220 -0.4178 0.9083
vn 0.1666 -0.4001 0.9012
vn 0.0323 -0.4192 0.9073
vn 0.0213 -0.4197 0.9074
vn 0.1635 -0.4139 0.8955
vn 0.4089 -0.0518 0.9111
vn 0.3965 -0.0287 0.9176
vn 0.3959 -0.0282 0.9178
vn 0.0907 0.1571 0.9834
vn 0.1202 0.1508 0.9812
vn 0.1205 0.1508 0.9812
vn 0.2235 0.5059 0.8332
vn 0.1802 0.5185 0.8359
vn 0.1627 0.4005 0.9017
vn 0.3068 0.4753 0.8246
vn 0.2657 0.4919 0.8291
vn 0.2400 0.3769 0.8946
vn 0.3845 0.4355 0.8140
vn 0.3462 0.4561 0.8198
vn 0.3125 0.3446 0.8852
vn 0.4557 0.3895 0.8004
vn 0.4209 0.4130 0.8076
vn 0.3795 0.3051 0.8734
vn 0.5540 -0.5049 0.6620
vn 0.5678 -0.4816 0.6676
vn 0.5677 -0.4813 0.6679
vn 0.5891 -0.5521 0.5900
vn 0.5362 -0.5274 0.6590
vn 0.4671 -0.5235 0.7126
vn 0.5093 -0.6429 0.5721
vn 0.5308 -0.6216 0.5760
vn 0.4083 -0.5938 0.6933
vn 0.5503 -0.5993 0.5814
vn 0.5698 -0.5762 0.5859
vn 0.4384 -0.5600 0.7030
vn 0.4637 -0.6822 0.5653
vn 0.4864 -0.6630 0.5691
vn 0.3729 -0.6240 0.6867
vn 0.4151 -0.7174 0.5596
vn 0.4389 -0.7000 0.5633
vn 0.3375 -0.6520 0.6790
vn 0.3118 -0.7751 0.5495
vn 0.3388 -0.7625 0.5512
vn 0.2584 -0.6966 0.6693
vn 0.3652 -0.7488 0.5531
vn 0.3894 -0.7330 0.5577
vn 0.2989 -0.6761 0.6734
vn 0.2576 -0.7975 0.5455
vn 0.2847 -0.7867 0.5478
vn 0.2180 -0.7153 0.6639
vn 0.2018 -0.8154 0.5425
vn 0.2295 -0.8065 0.5449
vn 0.1762 -0.7307 0.6595
vn 0.0873 -0.8381 0.5385
vn 0.1160 -0.8337 0.5399
vn 0.0886 -0.7494 0.6561
vn 0.1451 -0.8294 0.5395
vn 0.1732 -0.8223 0.5421
vn 0.1326 -0.7416 0.6576
vn 0.0291 -0.8432 0.5368
vn 0.0583 -0.8413 0.5374
vn 0.0445 -0.7549 0.6544
vn -0.0000 -0.8424 0.5388
vn 0.0220 -0.7556 0.6546
vn 0.0668 -0.7532 0.6544
vn 0.1108 -0.7461 0.6565
vn 0.1545 -0.7366 0.6584
vn 0.0003 -0.7769 0.6296
vn 0.0150 -0.6548 0.7557
vn -0.0000 -0.6994 0.7147
vn 0.1965 -0.7225 0.6629
vn 0.2388 -0.7068 0.6658
vn 0.2791 -0.6870 0.6709
vn 0.3183 -0.6644 0.6762
vn 0.0080 -0.5339 0.8455
vn 0.0022 -0.4389 0.8985
vn 0.0010 -0.4650 0.8853
vn -0.0004 -0.6161 0.7877
vn -0.0004 -0.5193 0.8546
vn -0.0000 -0.4703 0.8825
vn 0.0211 -0.5292 0.8482
vn 0.0044 -0.4400 0.8980
vn 0.0064 -0.4623 0.8867
vn 0.0446 -0.6513 0.7575
vn 0.0297 -0.6524 0.7573
vn 0.0125 -0.5237 0.8518
vn 0.0013 -0.4331 0.9014
vn 0.0344 -0.5267 0.8493
vn 0.0067 -0.4386 0.8986
vn 0.0124 -0.4646 0.8855
vn 0.0740 -0.6468 0.7591
vn 0.0595 -0.6501 0.7575
vn 0.0257 -0.5241 0.8512
vn 0.0027 -0.4324 0.9017
vn 0.0474 -0.5236 0.8506
vn 0.0081 -0.4363 0.8997
vn 0.0172 -0.4621 0.8867
vn 0.1038 -0.6419 0.7597
vn 0.0892 -0.6453 0.7587
vn 0.0383 -0.5214 0.8524
vn 0.0043 -0.4323 0.9017
vn 0.0615 -0.5217 0.8509
vn 0.0101 -0.4360 0.8999
vn 0.0217 -0.4598 0.8878
vn 0.1329 -0.6336 0.7621
vn 0.1188 -0.6386 0.7603
vn 0.0504 -0.5175 0.8542
vn 0.0056 -0.4317 0.9020
vn 0.0733 -0.5156 0.8537
vn 0.0120 -0.4349 0.9004
vn 0.0272 -0.4589 0.8881
vn 0.1602 -0.6220 0.7664
vn 0.1464 -0.6278 0.7645
vn 0.0629 -0.5141 0.8554
vn 0.0072 -0.4315 0.9021
vn 0.0866 -0.5110 0.8552
vn 0.0142 -0.4345 0.9006
vn 0.0304 -0.4550 0.8900
vn 0.1879 -0.6097 0.7700
vn 0.1735 -0.6155 0.7688
vn 0.0755 -0.5099 0.8569
vn 0.0089 -0.4313 0.9022
vn 0.0980 -0.5038 0.8582
vn 0.0166 -0.4338 0.9009
vn 0.0346 -0.4524 0.8911
vn 0.2142 -0.5949 0.7748
vn 0.2011 -0.6025 0.7724
vn 0.0859 -0.5030 0.8600
vn 0.0101 -0.4305 0.9025
vn 0.3555 -0.6384 0.6827
vn 0.3893 -0.6089 0.6912
vn 0.4227 -0.5770 0.6989
vn 0.4542 -0.5422 0.7070
vn 0.4812 -0.5042 0.7171
vn 0.5796 -0.4576 0.6743
vn 0.5796 -0.4573 0.6745
vn 0.5935 -0.4321 0.6790
vn 0.4215 -0.4653 0.7783
vn 0.4213 -0.4661 0.7780
vn 0.4315 -0.4478 0.7831
vn 0.4311 -0.4485 0.7829
vn 0.4384 -0.4299 0.7893
vn 0.1099 -0.4966 0.8610
vn 0.0194 -0.4332 0.9011
vn 0.0380 -0.4491 0.8927
vn 0.2392 -0.5779 0.7802
vn 0.2278 -0.5872 0.7767
vn 0.0976 -0.4968 0.8624
vn 0.0119 -0.4300 0.9027
vn 0.1235 -0.4895 0.8632
vn 0.0225 -0.4324 0.9014
vn 0.0396 -0.4449 0.8947
vn 0.2625 -0.5588 0.7867
vn 0.2510 -0.5685 0.7834
vn 0.1075 -0.4890 0.8656
vn 0.0129 -0.4289 0.9033
vn 0.1352 -0.4804 0.8666
vn 0.0263 -0.4315 0.9017
vn 0.0407 -0.4406 0.8968
vn 0.2862 -0.5383 0.7926
vn 0.2738 -0.5486 0.7900
vn 0.1180 -0.4809 0.8688
vn 0.0145 -0.4282 0.9036
vn 0.1463 -0.4702 0.8703
vn 0.0305 -0.4302 0.9022
vn 0.0409 -0.4363 0.8988
vn 0.3061 -0.5152 0.8005
vn 0.2955 -0.5268 0.7970
vn 0.1282 -0.4722 0.8721
vn 0.0156 -0.4270 0.9041
vn 0.2534 -0.4575 0.8523
vn 0.2531 -0.4582 0.8520
vn 0.2608 -0.4473 0.8555
vn 0.2607 -0.4480 0.8552
vn 0.2673 -0.4367 0.8590
vn 0.2672 -0.4375 0.8586
vn 0.2685 -0.4258 0.8641
vn 0.1606 -0.4597 0.8735
vn 0.0375 -0.4285 0.9028
vn 0.0416 -0.4321 0.9009
vn 0.4026 -0.4989 0.7675
vn 0.3163 -0.5032 0.8042
vn 0.2427 -0.4780 0.8442
vn 0.1367 -0.4621 0.8762
vn 0.0168 -0.4258 0.9046
vn 0.4116 -0.4831 0.7728
vn 0.4117 -0.4824 0.7732
vn 0.2488 -0.4682 0.8479
vn 0.2491 -0.4675 0.8482
vn 0.0366 -0.4292 0.9025
vn 0.0808 -0.4359 0.8964
vn 0.0387 -0.4281 0.9029
vn 0.0182 -0.4246 0.9052
vn 0.0533 -0.4205 0.9057
vn 0.0344 -0.4220 0.9059
vn 0.1738 -0.4212 0.8902
vn 0.0399 -0.4227 0.9054
vn 0.2683 -0.4266 0.8637
vn 0.4503 -0.4108 0.7928
vn 0.4385 -0.4306 0.7888
vn 0.6058 -0.4063 0.6841
vn 0.5935 -0.4325 0.6787
vn 0.0199 -0.4214 0.9067
vn 0.0476 -0.4244 0.9042
vn 0.0731 -0.4293 0.9002
vn 0.0356 -0.4249 0.9045
vn 0.0397 -0.4265 0.9036
vn 0.0196 -0.4232 0.9058
vn 0.0454 -0.4273 0.9030
vn 0.5752 0.0954 0.8124
vn 0.5567 0.1240 0.8214
vn 0.5565 0.1243 0.8215
vn 0.6104 0.2633 0.7471
vn 0.5370 0.1521 0.8297
vn 0.5028 0.1063 0.8578
vn 0.1152 0.3467 0.9309
vn 0.1226 0.4079 0.9048
vn 0.1358 0.5268 0.8391
vn 0.0607 0.1612 0.9851
vn 0.0909 0.1570 0.9834
vn 0.0609 0.1612 0.9850
vn 0.0771 0.3514 0.9331
vn 0.0822 0.4153 0.9060
vn 0.0909 0.5334 0.8410
vn 0.0454 0.5375 0.8421
vn 0.0002 0.5399 0.8417
vn -0.0001 0.4295 0.9031
vn 0.0410 0.4190 0.9071
vn 0.5893 0.0640 0.8053
vn 0.5746 0.0952 0.8129
vn 0.4230 -0.0716 0.9033
vn 0.4084 -0.0512 0.9114
vn 0.2439 -0.2169 0.9452
vn 0.2376 -0.2027 0.9500
vn 0.2371 -0.2021 0.9502
vn 0.0569 -0.4158 0.9077
vn 0.1758 -0.4068 0.8964
vn 0.2778 -0.4038 0.8716
vn 0.2716 -0.4156 0.8680
vn 0.4596 -0.3726 0.8062
vn 0.4528 -0.3924 0.8006
vn 0.4528 -0.3932 0.8002
vn 0.4502 -0.4116 0.7924
vn 0.6237 -0.3533 0.6973
vn 0.6132 -0.3807 0.6922
vn 0.6132 -0.3810 0.6920
vn 0.6058 -0.4067 0.6838
vn 0.0590 -0.4108 0.9098
vn 0.1746 -0.3926 0.9030
vn 0.2826 -0.3802 0.8806
vn 0.2799 -0.3922 0.8762
vn 0.4670 -0.3327 0.8193
vn 0.4641 -0.3528 0.8125
vn 0.4639 -0.3537 0.8122
vn 0.4596 -0.3735 0.8058
vn 0.6362 -0.2980 0.7116
vn 0.6306 -0.3259 0.7044
vn 0.6306 -0.3262 0.7042
vn 0.6238 -0.3536 0.6971
vn 0.0604 -0.4053 0.9122
vn 0.0590 -0.4084 0.9109
vn 0.2873 -0.3416 0.8949
vn 0.2845 -0.3559 0.8902
vn 0.2820 -0.3686 0.8858
vn 0.4741 -0.2898 0.8314
vn 0.4710 -0.3116 0.8252
vn 0.4712 -0.3124 0.8248
vn 0.4670 -0.3336 0.8189
vn 0.6454 -0.2398 0.7253
vn 0.6423 -0.2689 0.7177
vn 0.6427 -0.2692 0.7173
vn 0.6363 -0.2983 0.7114
vn 0.0612 -0.3996 0.9146
vn 0.1725 -0.3627 0.9158
vn 0.2850 -0.3295 0.9001
vn 0.2852 -0.3304 0.8998
vn 0.2870 -0.3425 0.8946
vn 0.4722 -0.2479 0.8459
vn 0.4732 -0.2692 0.8388
vn 0.4730 -0.2703 0.8386
vn 0.4738 -0.2909 0.8312
vn 0.6472 -0.1805 0.7407
vn 0.6450 -0.2114 0.7344
vn 0.6452 -0.2117 0.7341
vn 0.6456 -0.2401 0.7250
vn 0.0595 -0.3944 0.9170
vn 0.0542 -0.3994 0.9152
vn 0.2800 -0.2904 0.9150
vn 0.2814 -0.3050 0.9098
vn 0.2823 -0.3184 0.9050
vn 0.4685 -0.2034 0.8598
vn 0.4720 -0.2251 0.8524
vn 0.4724 -0.2259 0.8520
vn 0.4724 -0.2488 0.8455
vn 0.6413 -0.1212 0.7577
vn 0.6467 -0.1498 0.7478
vn 0.6468 -0.1502 0.7477
vn 0.6474 -0.1808 0.7404
vn 0.0590 -0.3882 0.9197
vn 0.0539 -0.3940 0.9175
vn 0.2695 -0.2662 0.9255
vn 0.2755 -0.2780 0.9202
vn 0.2761 -0.2786 0.9199
vn 0.2803 -0.2912 0.9147
vn 0.4586 -0.1590 0.8743
vn 0.4656 -0.1802 0.8664
vn 0.4660 -0.1810 0.8661
vn 0.4688 -0.2042 0.8594
vn 0.6332 -0.0575 0.7718
vn 0.6385 -0.0891 0.7645
vn 0.6387 -0.0894 0.7642
vn 0.6414 -0.1215 0.7575
vn 0.0563 -0.3828 0.9221
vn 0.0506 -0.3897 0.9195
vn 0.2610 -0.2386 0.9354
vn 0.2668 -0.2516 0.9303
vn 0.2671 -0.2524 0.9300
vn 0.2702 -0.2667 0.9251
vn 0.4421 -0.1156 0.8895
vn 0.4498 -0.1383 0.8824
vn 0.4502 -0.1390 0.8820
vn 0.4590 -0.1599 0.8739
vn 0.6151 0.0039 0.7885
vn 0.6248 -0.0273 0.7803
vn 0.6250 -0.0275 0.7801
vn 0.6332 -0.0580 0.7718
vn 0.0529 -0.3776 0.9245
vn 0.0478 -0.3851 0.9217
vn 0.2435 -0.2162 0.9455
vn 0.2531 -0.2270 0.9404
vn 0.2536 -0.2277 0.9401
vn 0.2614 -0.2394 0.9351
vn 0.4224 -0.0710 0.9036
vn 0.4316 -0.0944 0.8971
vn 0.4324 -0.0950 0.8967
vn 0.4428 -0.1162 0.8891
vn 0.5890 0.0642 0.8056
vn 0.6021 0.0333 0.7977
vn 0.6022 0.0328 0.7977
vn 0.6153 0.0035 0.7883
vn 0.1816 -0.1462 0.9724
vn 0.1961 -0.1551 0.9682
vn 0.1822 -0.1466 0.9723
vn 0.3016 0.0635 0.9513
vn 0.3237 0.0479 0.9449
vn 0.3243 0.0475 0.9448
vn 0.3022 0.0633 0.9511
vn 0.3848 0.2284 0.8943
vn 0.4122 0.2064 0.8874
vn 0.4399 0.2602 0.8595
vn 0.4105 0.2836 0.8667
vn 0.4868 0.3598 0.7959
vn 0.1532 -0.1289 0.9798
vn 0.1673 -0.1395 0.9760
vn 0.1537 -0.1291 0.9797
vn 0.2565 0.0979 0.9616
vn 0.2802 0.0823 0.9564
vn 0.2808 0.0820 0.9563
vn 0.2571 0.0978 0.9614
vn 0.3242 0.2657 0.9079
vn 0.3559 0.2492 0.9007
vn 0.3469 0.3261 0.8794
vn 0.1229 -0.1122 0.9861
vn 0.1389 -0.1202 0.9830
vn 0.1233 -0.1123 0.9860
vn 0.2043 0.1223 0.9713
vn 0.2304 0.1094 0.9669
vn 0.2309 0.1092 0.9668
vn 0.2048 0.1221 0.9712
vn 0.2603 0.3034 0.9166
vn 0.2931 0.2858 0.9124
vn 0.2771 0.3620 0.8900
vn 0.2019 0.3898 0.8985
vn 0.1896 0.3286 0.9252
vn 0.2256 0.3175 0.9211
vn 0.1775 0.1329 0.9751
vn 0.1493 0.1422 0.9785
vn 0.1490 0.1423 0.9785
vn 0.1771 0.1330 0.9752
vn 0.1067 -0.1066 0.9886
vn 0.0896 -0.1015 0.9908
vn 0.0893 -0.1015 0.9908
vn 0.0185 -0.0893 0.9958
vn 0.0366 -0.0899 0.9953
vn 0.0185 -0.0890 0.9959
vn 0.0307 0.1639 0.9860
vn 0.0349 0.2613 0.9646
vn 0.0720 -0.0967 0.9927
vn 0.0723 -0.0967 0.9927
vn 0.0543 -0.0934 0.9942
vn 0.0545 -0.0934 0.9941
vn 0.0364 -0.0899 0.9953
vn 0.0367 -0.3854 0.9220
vn 0.0183 -0.4027 0.9151
vn 0.0446 -0.3807 0.9236
vn 0.0347 -0.3801 0.9243
vn 0.0171 -0.4004 0.9162
vn 0.0411 -0.3762 0.9256
vn 0.0153 -0.3983 0.9171
vn 0.0312 -0.3757 0.9262
vn 0.1952 -0.1551 0.9684
vn 0.0124 -0.3978 0.9174
vn 0.0250 -0.3751 0.9267
vn 0.1668 -0.1391 0.9761
vn 0.0100 -0.3963 0.9181
vn 0.0204 -0.3715 0.9282
vn 0.1385 -0.1200 0.9831
vn 0.0073 -0.3953 0.9185
vn 0.0148 -0.3697 0.9290
vn 0.1063 -0.1064 0.9886
vn 0.0019 -0.3940 0.9191
vn 0.0043 -0.3648 0.9311
vn 0.0130 -0.3213 0.9469
vn 0.0070 -0.3731 0.9278
vn 0.0098 -0.3684 0.9296
vn 0.0049 -0.3943 0.9190
vn 0.0241 -0.3291 0.9440
vn 0.0111 -0.3610 0.9325
vn 0.0124 -0.3766 0.9263
vn 0.1525 0.3375 0.9289
vn 0.0718 -0.3599 0.9302
vn 0.0355 -0.3910 0.9197
vn -0.0008 0.4310 0.9024
vn 0.0015 0.1901 0.9818
vn 0.0007 0.1913 0.9815
vn -0.0000 0.1911 0.9816
vn -0.0000 -0.0572 0.9984
vn -0.0000 -0.0578 0.9983
vn 0.0038 -0.3677 0.9299
vn -0.0000 -0.3069 0.9517
vn 0.0001 -0.3044 0.9525
vn 0.0001 -0.3609 0.9326
vn 0.9645 0.0074 0.2640
vn 0.9937 0.0932 0.0625
vn 0.9930 -0.0145 0.1173
vn 0.9812 -0.0167 0.1922
vn 0.9665 -0.0218 0.2559
vn 0.9949 0.0946 -0.0335
vn 0.9970 0.0760 -0.0124
vn 0.9949 0.0948 -0.0340
vn 0.9925 0.1194 -0.0273
vn 0.9250 0.3226 -0.2006
vn 0.9252 0.3225 -0.2002
vn 0.9465 0.0666 0.3158
vn 0.9560 0.1164 0.2694
vn 0.9621 0.0713 0.2633
vn 0.9389 0.1722 0.2981
vn 0.9389 0.2118 0.2713
vn 0.9489 0.1647 0.2692
vn 0.9252 0.3224 -0.2003
vn 0.9252 0.3224 -0.2000
vn 0.9253 0.3224 -0.1999
vn 0.9406 0.1122 0.3206
vn 0.9123 0.3659 -0.1839
vn 0.9124 0.3658 -0.1838
vn 0.9123 0.3659 -0.1840
vn 0.9895 0.1426 -0.0224
vn 0.9821 0.1676 -0.0854
vn 0.9658 0.2032 -0.1613
vn 0.9658 0.2031 -0.1614
vn 0.9657 0.0257 0.2585
vn 0.9582 0.0351 0.2839
vn 0.9424 0.2707 -0.1966
vn 0.9828 0.1841 -0.0106
vn 0.9636 0.2391 -0.1192
vn 0.9730 0.2283 -0.0331
vn 0.8739 0.1014 0.4755
vn 0.9439 0.3030 0.1316
vn 0.9262 0.2579 0.2751
vn 0.9354 0.3529 -0.0221
vn 0.9133 0.3894 -0.1195
vn 0.9259 0.3713 -0.0700
vn 0.9408 0.3384 -0.0192
vn 0.8716 0.4565 -0.1789
vn 0.8716 0.4564 -0.1790
vn 0.9270 0.3211 0.1939
vn 0.9117 0.3031 0.2772
vn 0.8737 0.3934 0.2863
vn 0.8938 0.3535 0.2760
vn 0.8894 0.4189 0.1830
vn 0.8979 0.4398 -0.0150
vn 0.8892 0.4569 -0.0229
vn 0.8883 0.4585 -0.0274
vn 0.8905 0.4547 -0.0160
vn 0.8917 0.4525 -0.0108
vn 0.8915 0.4529 -0.0135
vn 0.8802 0.4746 -0.0056
vn 0.8162 0.5718 -0.0826
vn 0.8207 0.5713 -0.0108
vn 0.7944 0.5885 -0.1506
vn 0.8513 0.4359 0.2919
vn 0.8384 0.4447 0.3153
vn 0.8268 0.4772 0.2979
vn 0.8003 0.5202 0.2983
vn 0.7874 0.5519 0.2748
vn 0.7713 0.5610 0.3005
vn 0.7056 0.7023 -0.0947
vn 0.7413 0.6708 -0.0214
vn 0.7188 0.6934 -0.0511
vn 0.7391 0.6409 -0.2074
vn 0.7393 0.6408 -0.2071
vn 0.8120 0.4810 0.3307
vn 0.7122 0.6775 -0.1836
vn 0.7122 0.6775 -0.1837
vn 0.7121 0.6776 -0.1837
vn 0.8451 0.5307 -0.0652
vn 0.8392 0.5332 -0.1066
vn 0.8444 0.5330 -0.0545
vn 0.8651 0.4238 0.2683
vn 0.8155 0.5724 -0.0859
vn 0.7215 0.6907 -0.0495
vn 0.6995 0.7145 -0.0132
vn 0.7549 0.6207 0.2115
vn 0.7403 0.6022 0.2988
vn 0.6843 0.7287 -0.0269
vn 0.6850 0.7281 -0.0235
vn 0.6984 0.7102 0.0888
vn 0.6315 0.7721 -0.0706
vn 0.6415 0.7664 -0.0323
vn 0.6162 0.7874 -0.0135
vn 0.6692 0.6753 0.3100
vn 0.6508 0.7136 0.2594
vn 0.6318 0.7077 0.3163
vn 0.6974 0.7163 0.0257
vn 0.6758 0.7352 0.0536
vn 0.6628 0.7476 0.0422
vn 0.5139 0.8410 -0.1693
vn 0.5139 0.8410 -0.1691
vn 0.5918 0.7404 0.3186
vn 0.5720 0.7431 0.3473
vn 0.5500 0.7710 0.3211
vn 0.5244 0.8514 -0.0097
vn 0.4873 0.8680 -0.0955
vn 0.4690 0.8668 -0.1694
vn 0.4842 0.8746 -0.0239
vn 0.5292 0.7822 0.3289
vn 0.5066 0.7994 0.3229
vn 0.4331 0.8921 -0.1289
vn 0.4476 0.8917 -0.0674
vn 0.5821 0.8085 -0.0862
vn 0.5641 0.8121 -0.1495
vn 0.5772 0.8163 -0.0228
vn 0.6130 0.7201 0.3250
vn 0.5401 0.8371 -0.0869
vn 0.5140 0.8410 -0.1691
vn 0.4500 0.8907 -0.0644
vn 0.4264 0.9045 -0.0082
vn 0.4816 0.8379 0.2569
vn 0.4618 0.8264 0.3221
vn 0.3979 0.9158 -0.0541
vn 0.4034 0.9145 -0.0312
vn 0.3959 0.9168 -0.0531
vn 0.3831 0.9190 0.0928
vn 0.4003 0.9148 0.0544
vn 0.3638 0.9307 0.0391
vn 0.3623 0.9320 0.0139
vn 0.3572 0.9340 -0.0046
vn 0.2409 0.9674 -0.0782
vn 0.2300 0.9607 -0.1551
vn 0.2826 0.9588 -0.0296
vn 0.2901 0.9069 0.3055
vn 0.2647 0.9045 0.3344
vn 0.3151 0.8895 0.3308
vn 0.3578 0.9338 -0.0003
vn 0.3267 0.9451 -0.0040
vn 0.3637 0.8733 0.3242
vn 0.3362 0.9159 0.2195
vn 0.2907 0.9521 -0.0948
vn 0.2925 0.9544 -0.0598
vn 0.1873 0.9182 0.3490
vn 0.1604 0.9287 0.3344
vn 0.2130 0.9171 0.3371
vn 0.1520 0.8632 0.4815
vn 0.1306 0.9750 0.1796
vn 0.1075 0.9357 0.3361
vn 0.1394 0.9902 -0.0013
vn 0.1285 0.9816 -0.1412
vn 0.1340 0.9885 -0.0704
vn 0.1662 0.9860 -0.0171
vn 0.2419 0.9672 -0.0775
vn 0.2185 0.9758 -0.0049
vn 0.2397 0.9048 0.3518
vn 0.1758 0.9679 -0.1796
vn 0.1757 0.9679 -0.1796
vn 0.0010 0.9981 0.0613
vn 0.0009 0.9925 0.1220
vn 0.0266 0.9996 -0.0055
vn 0.0256 0.9996 -0.0117
vn 0.0543 0.9984 -0.0151
vn 0.0794 0.9711 0.2249
vn 0.0555 0.9409 0.3342
vn 0.0795 0.9926 -0.0918
vn 0.0815 0.9955 -0.0474
vn 0.1076 0.9942 -0.0036
vn 0.6507 0.5528 0.5205
vn 0.6161 0.5907 0.5210
vn 0.6172 0.5898 0.5208
vn 0.5640 0.5640 0.6031
vn 0.5773 0.4694 0.6681
vn 0.5600 0.4254 0.7109
vn 0.5924 0.3966 0.7013
vn 0.5472 0.3053 0.7793
vn 0.5726 0.2738 0.7727
vn 0.4919 0.2077 0.8455
vn 0.5169 0.1828 0.8363
vn 0.4611 0.1578 0.8732
vn 0.4841 0.1341 0.8647
vn 0.3799 -0.0097 0.9250
vn 0.3628 0.0100 0.9318
vn 0.3622 0.0105 0.9321
vn 0.3793 -0.0091 0.9252
vn 0.2289 -0.1899 0.9548
vn 0.2174 -0.1797 0.9594
vn 0.2169 -0.1791 0.9596
vn 0.2283 -0.1893 0.9550
vn 0.0566 -0.3652 0.9292
vn 0.0277 -0.3938 0.9188
vn 0.6519 0.5518 0.5201
vn 0.6105 0.4388 0.6593
vn 0.6206 0.3628 0.6951
vn 0.5904 0.6852 0.4266
vn 0.5503 0.7319 0.4018
vn 0.5386 0.6505 0.5355
vn 0.5021 0.7164 0.4843
vn 0.4973 0.6809 0.5377
vn 0.4577 0.7412 0.4910
vn 0.4537 0.7078 0.5415
vn 0.4113 0.7661 0.4939
vn 0.4079 0.7311 0.5469
vn 0.3635 0.7868 0.4989
vn 0.3606 0.7523 0.5513
vn 0.3146 0.8056 0.5021
vn 0.3120 0.7709 0.5553
vn 0.2642 0.8231 0.5027
vn 0.2622 0.7881 0.5570
vn 0.2127 0.8380 0.5025
vn 0.2110 0.8027 0.5578
vn 0.1601 0.8475 0.5061
vn 0.1590 0.8116 0.5621
vn 0.1072 0.8554 0.5067
vn 0.1065 0.8204 0.5618
vn 0.0533 0.8252 0.5623
vn -0.0000 0.8101 0.5862
vn 0.0003 0.7301 0.6833
vn 0.0003 0.6394 0.7689
vn 0.0513 0.7444 0.6657
vn 0.0489 0.6469 0.7610
vn 0.1033 0.7397 0.6650
vn 0.0980 0.6425 0.7600
vn 0.1540 0.7306 0.6652
vn 0.1465 0.6365 0.7573
vn 0.2044 0.7202 0.6630
vn 0.1940 0.6247 0.7564
vn 0.2538 0.7073 0.6598
vn 0.2409 0.6127 0.7527
vn 0.3021 0.6915 0.6562
vn 0.2868 0.5984 0.7481
vn 0.3488 0.6728 0.6524
vn 0.3309 0.5799 0.7445
vn 0.3941 0.6508 0.6490
vn 0.3734 0.5583 0.7409
vn 0.4384 0.6292 0.6418
vn 0.4146 0.5352 0.7360
vn 0.4797 0.6008 0.6395
vn 0.4543 0.5117 0.7292
vn 0.5191 0.5718 0.6352
vn 0.4921 0.4865 0.7219
vn 0.5266 0.4556 0.7177
vn 0.5175 0.3325 0.7884
vn 0.4666 0.2340 0.8530
vn 0.4374 0.1824 0.8806
vn 0.3450 0.0302 0.9381
vn 0.3444 0.0307 0.9383
vn 0.2059 -0.1691 0.9638
vn 0.2055 -0.1684 0.9641
vn -0.0000 0.9925 0.1226
vn 0.1077 0.9344 0.3396
vn 0.1610 0.9280 0.3361
vn 0.2139 0.9170 0.3367
vn 0.2658 0.9043 0.3340
vn 0.3169 0.8884 0.3321
vn 0.3667 0.8694 0.3311
vn 0.4138 0.8497 0.3268
vn 0.4152 0.8491 0.3266
vn 0.4624 0.8250 0.3248
vn 0.5080 0.7985 0.3231
vn 0.6337 0.7060 0.3161
vn 0.6717 0.6722 0.3113
vn 0.0966 -0.8970 0.4313
vn 0.0866 -0.9740 0.2091
vn 0.1113 -0.9797 0.1666
vn 0.1301 -0.9700 0.2056
vn 0.0309 -0.9964 -0.0785
vn 0.0288 -0.9907 -0.1332
vn 0.0450 -0.9987 -0.0248
vn 0.0642 -0.9732 0.2210
vn 0.0908 -0.9473 -0.3072
vn 0.0909 -0.9473 -0.3073
vn 0.0907 -0.9473 -0.3071
vn 0.2675 -0.8521 -0.4499
vn 0.2672 -0.8540 -0.4464
vn 0.2675 -0.8520 -0.4501
vn 0.1701 -0.9201 0.3528
vn 0.2154 -0.9544 0.2068
vn 0.1722 -0.9621 0.2113
vn 0.2579 -0.9188 0.2988
vn 0.2989 -0.9315 0.2073
vn 0.2569 -0.9434 0.2097
vn 0.2675 -0.8522 -0.4497
vn 0.2672 -0.8541 -0.4462
vn 0.2672 -0.8540 -0.4463
vn 0.2676 -0.8541 -0.4460
vn 0.2091 -0.9149 0.3452
vn 0.3253 -0.8604 -0.3922
vn 0.3253 -0.8605 -0.3921
vn 0.3254 -0.8604 -0.3923
vn 0.1510 -0.9169 -0.3694
vn 0.1511 -0.9168 -0.3697
vn 0.1509 -0.9169 -0.3695
vn 0.1348 -0.9320 0.3364
vn 0.2095 -0.8785 -0.4294
vn 0.2094 -0.8785 -0.4294
vn 0.2095 -0.8785 -0.4293
vn 0.4596 -0.8626 0.2112
vn 0.4217 -0.8824 0.2087
vn 0.4368 -0.8725 0.2191
vn 0.4156 -0.9089 0.0346
vn 0.4187 -0.9052 0.0737
vn 0.4623 -0.8851 -0.0529
vn 0.4711 -0.8737 -0.1213
vn 0.4639 -0.8831 -0.0698
vn 0.4880 -0.8724 -0.0285
vn 0.4966 -0.8410 0.2147
vn 0.5268 -0.8309 0.1794
vn 0.5342 -0.8178 0.2140
vn 0.2626 -0.7025 0.6614
vn 0.7172 -0.6358 -0.2852
vn 0.7176 -0.6315 -0.2936
vn 0.7172 -0.6359 -0.2850
vn 0.5547 -0.7786 0.2933
vn 0.6038 -0.7666 0.2187
vn 0.5689 -0.7930 0.2178
vn 0.6305 -0.6678 -0.3956
vn 0.6305 -0.6680 -0.3952
vn 0.6305 -0.6679 -0.3954
vn 0.6306 -0.6680 -0.3951
vn 0.5013 -0.7974 0.3358
vn 0.6747 -0.6469 -0.3554
vn 0.6746 -0.6467 -0.3558
vn 0.6747 -0.6467 -0.3558
vn 0.6747 -0.6469 -0.3553
vn 0.5373 -0.7872 -0.3025
vn 0.5373 -0.7873 -0.3026
vn 0.5373 -0.7872 -0.3026
vn 0.5372 -0.7873 -0.3025
vn 0.4441 -0.8424 0.3053
vn 0.5857 -0.7101 -0.3908
vn 0.5857 -0.7099 -0.3911
vn 0.5857 -0.7100 -0.3910
vn 0.3786 -0.8821 -0.2804
vn 0.3785 -0.8821 -0.2802
vn 0.3785 -0.8822 -0.2801
vn 0.3785 -0.8822 -0.2802
vn 0.3640 -0.9310 -0.0287
vn 0.2948 -0.9147 0.2766
vn 0.3900 -0.9203 -0.0313
vn 0.7176 -0.6314 -0.2937
vn 0.7176 -0.6315 -0.2938
vn 0.7175 -0.6316 -0.2936
vn 0.6833 -0.7277 0.0605
vn 0.6850 -0.7203 0.1097
vn 0.7293 -0.6842 -0.0055
vn 0.7331 -0.6789 -0.0408
vn 0.7319 -0.6805 -0.0351
vn 0.8189 -0.4627 -0.3396
vn 0.8189 -0.4626 -0.3395
vn 0.6954 -0.6667 0.2682
vn 0.7313 -0.6445 0.2231
vn 0.7030 -0.6766 0.2191
vn 0.7504 -0.6605 -0.0264
vn 0.6740 -0.7067 0.2152
vn 0.6985 -0.6864 0.2025
vn 0.7250 -0.6790 0.1158
vn 0.7898 -0.5812 -0.1959
vn 0.7899 -0.5811 -0.1958
vn 0.7236 -0.6085 0.3257
vn 0.7851 -0.5754 0.2294
vn 0.7602 -0.6098 0.2240
vn 0.9020 -0.3575 -0.2421
vn 0.9085 -0.3926 -0.1434
vn 0.9085 -0.3938 -0.1396
vn 0.7653 -0.5512 0.3324
vn 0.8741 -0.3795 -0.3032
vn 0.8742 -0.3795 -0.3031
vn 0.8741 -0.3795 -0.3031
vn 0.8742 -0.3794 -0.3031
vn 0.8742 -0.3794 -0.3032
vn 0.7608 -0.5723 0.3061
vn 0.8118 -0.5380 0.2268
vn 0.9020 -0.3575 -0.2422
vn 0.9015 -0.3562 -0.2459
vn 0.9015 -0.3561 -0.2459
vn 0.8189 -0.4626 -0.3396
vn 0.8189 -0.4628 -0.3393
vn 0.5340 -0.6216 0.5732
vn 0.8060 -0.5900 0.0472
vn 0.8495 -0.4270 -0.3099
vn 0.8495 -0.4270 -0.3098
vn 0.8495 -0.4270 -0.3100
vn 0.8494 -0.4271 -0.3099
vn 0.9373 -0.3472 -0.0311
vn 0.9400 -0.3366 -0.0563
vn 0.9351 -0.3542 -0.0134
vn 0.9501 -0.1133 -0.2906
vn 0.8939 -0.3667 0.2579
vn 0.9103 -0.3374 0.2399
vn 0.8954 -0.3784 0.2348
vn 0.9387 -0.3422 -0.0403
vn 0.9432 -0.3317 -0.0169
vn 0.8766 -0.4198 0.2353
vn 0.9043 -0.3845 0.1853
vn 0.9596 -0.2462 -0.1364
vn 0.9619 -0.2621 -0.0779
vn 0.9630 -0.2655 -0.0473
vn 0.9100 -0.2932 0.2930
vn 0.9363 -0.2512 0.2453
vn 0.9241 -0.2948 0.2430
vn 0.9803 -0.0449 -0.1925
vn 0.9803 -0.0450 -0.1926
vn 0.9803 -0.0450 -0.1925
vn 0.9802 -0.0450 -0.1926
vn 0.9802 -0.0449 -0.1927
vn 0.9802 -0.0450 -0.1927
vn 0.9817 -0.1653 0.0949
vn 0.9480 -0.2048 0.2435
vn 0.9155 -0.2643 0.3035
vn 0.9502 -0.1132 -0.2905
vn 0.9498 -0.1128 -0.2918
vn 0.9501 -0.1132 -0.2906
vn 0.9501 -0.1132 -0.2905
vn 0.9498 -0.1128 -0.2917
vn 0.8841 -0.3444 0.3159
vn 0.9453 -0.0368 -0.3240
vn 0.9453 -0.0368 -0.3241
vn 0.9009 -0.4338 -0.0128
vn 0.9238 -0.3764 -0.0697
vn 0.9248 -0.3550 -0.1368
vn 0.9271 -0.3730 -0.0370
vn 0.8365 -0.4989 0.2267
vn 0.8752 -0.4588 0.1531
vn 0.8593 -0.4599 0.2241
vn 0.9355 -0.3528 -0.0167
vn 0.9946 -0.1029 -0.0145
vn 0.9977 -0.0508 -0.0443
vn 0.9954 -0.0405 -0.0871
vn 0.9979 -0.0354 -0.0536
vn 0.9774 -0.1439 0.1547
vn 0.9569 -0.1595 0.2427
vn 0.9997 -0.0248 -0.0019
vn 0.9997 -0.0196 -0.0139
vn 0.9830 -0.0778 0.1660
vn 0.9996 -0.0087 0.0285
vn 0.9992 0.0335 -0.0202
vn 0.6837 0.5171 0.5150
vn 0.6659 0.4639 0.5842
vn 0.7147 0.4806 0.5082
vn 0.6868 0.4072 0.6021
vn 0.7439 0.4439 0.4996
vn 0.7449 0.4426 0.4992
vn 0.7692 0.4021 0.4967
vn 0.7701 0.4007 0.4963
vn 0.7930 0.3624 0.4898
vn 0.7940 0.3611 0.4891
vn 0.8143 0.3213 0.4835
vn 0.8152 0.3199 0.4829
vn 0.8338 0.2809 0.4752
vn 0.8346 0.2792 0.4748
vn 0.8493 0.2362 0.4721
vn 0.8501 0.2346 0.4716
vn 0.8633 0.1936 0.4660
vn 0.8642 0.1921 0.4651
vn 0.8747 0.1500 0.4609
vn 0.8753 0.1483 0.4603
vn 0.8842 0.1068 0.4548
vn 0.8847 0.1050 0.4541
vn 0.8914 0.0634 0.4488
vn 0.8918 0.0617 0.4482
vn 0.8949 0.0185 0.4460
vn 0.8952 0.0169 0.4453
vn 0.8981 -0.0237 0.4392
vn 0.8983 -0.0255 0.4386
vn 0.9003 -0.0649 0.4305
vn 0.9003 -0.0667 0.4302
vn 0.8974 -0.1088 0.4275
vn 0.8975 -0.1105 0.4268
vn 0.8927 -0.1517 0.4244
vn 0.8927 -0.1535 0.4237
vn 0.8869 -0.1933 0.4196
vn 0.8869 -0.1950 0.4188
vn 0.9225 -0.1989 0.3307
vn 0.8812 -0.2345 0.4106
vn 0.9131 -0.2423 0.3278
vn 0.8702 -0.2759 0.4081
vn 0.9012 -0.2853 0.3262
vn 0.8577 -0.3161 0.4055
vn 0.8892 -0.3259 0.3210
vn 0.8458 -0.3541 0.3991
vn 0.8748 -0.3664 0.3168
vn 0.7803 -0.4132 0.4694
vn 0.8581 -0.4063 0.3141
vn 0.7628 -0.4479 0.4664
vn 0.8385 -0.4457 0.3134
vn 0.7453 -0.4809 0.4617
vn 0.8206 -0.4823 0.3066
vn 0.7270 -0.5129 0.4566
vn 0.7987 -0.5192 0.3041
vn 0.7055 -0.5443 0.4539
vn 0.7755 -0.5547 0.3014
vn 0.6838 -0.5744 0.4500
vn 0.7499 -0.5892 0.3008
vn 0.6618 -0.6032 0.4452
vn 0.7237 -0.6222 0.2984
vn 0.6363 -0.6311 0.4438
vn 0.6970 -0.6538 0.2944
vn 0.6134 -0.6578 0.4371
vn 0.6678 -0.6843 0.2930
vn 0.5856 -0.6832 0.4363
vn 0.6373 -0.7132 0.2919
vn 0.5587 -0.7073 0.4330
vn 0.6061 -0.7407 0.2898
vn 0.5295 -0.7300 0.4320
vn 0.5737 -0.7669 0.2877
vn 0.5018 -0.7520 0.4275
vn 0.5408 -0.7914 0.2850
vn 0.4715 -0.7723 0.4257
vn 0.5057 -0.8143 0.2849
vn 0.4406 -0.7910 0.4244
vn 0.4704 -0.8357 0.2835
vn 0.4100 -0.8090 0.4212
vn 0.4352 -0.8560 0.2792
vn 0.3777 -0.8251 0.4201
vn 0.3979 -0.8741 0.2787
vn 0.3450 -0.8399 0.4189
vn 0.3600 -0.8905 0.2784
vn 0.3123 -0.8538 0.4166
vn 0.3214 -0.9051 0.2783
vn 0.2785 -0.8656 0.4162
vn 0.2824 -0.9184 0.2771
vn 0.2447 -0.8764 0.4149
vn 0.2432 -0.9301 0.2753
vn 0.2106 -0.8859 0.4132
vn 0.2033 -0.9396 0.2753
vn 0.1761 -0.8940 0.4120
vn 0.1632 -0.9478 0.2739
vn 0.1414 -0.9011 0.4100
vn 0.1225 -0.9537 0.2745
vn 0.1060 -0.9056 0.4106
vn 0.0817 -0.9577 0.2760
vn 0.0708 -0.9095 0.4095
vn 0.0407 -0.9610 0.2737
vn 0.0004 -0.9740 0.2264
vn 0.7058 0.6370 0.3102
vn 0.7075 0.6353 0.3095
vn 0.7412 0.5991 0.3027
vn 0.7727 0.5588 0.3012
vn 0.8019 0.5184 0.2970
vn 0.8284 0.4751 0.2966
vn 0.8530 0.4335 0.2905
vn 0.8751 0.3898 0.2866
vn 0.8949 0.3460 0.2818
vn 0.9119 0.2995 0.2805
vn 0.9269 0.2544 0.2758
vn 0.9395 0.2082 0.2721
vn 0.9499 0.1625 0.2670
vn 0.9570 0.1143 0.2668
vn 0.9629 0.0689 0.2609
vn 0.9662 0.0225 0.2567
vn 0.9667 -0.0247 0.2548
vn 0.9643 -0.0724 0.2546
vn 0.9614 -0.1171 0.2491
vn 0.3811 -0.9009 0.2077
vn 0.3405 -0.9170 0.2079
vn 0.6700 -0.5221 0.5277
vn 0.6876 -0.4931 0.5329
vn 0.7053 -0.4630 0.5368
vn 0.7216 -0.4317 0.5412
vn 0.7329 -0.4007 0.5498
vn 0.7331 -0.4002 0.5500
vn 0.7473 -0.3675 0.5535
vn 0.7473 -0.3671 0.5539
vn 0.7578 -0.3345 0.5602
vn 0.7580 -0.3340 0.5603
vn 0.7676 -0.3003 0.5663
vn 0.7677 -0.2998 0.5664
vn 0.7767 -0.2649 0.5714
vn 0.7766 -0.2644 0.5718
vn 0.7832 -0.2295 0.5779
vn 0.7835 -0.2288 0.5777
vn 0.7875 -0.1938 0.5851
vn 0.7875 -0.1932 0.5852
vn 0.7900 -0.1576 0.5925
vn 0.7901 -0.1570 0.5926
vn 0.7933 -0.1190 0.5971
vn 0.7933 -0.1183 0.5972
vn 0.7924 -0.0818 0.6045
vn 0.7925 -0.0811 0.6045
vn 0.7879 -0.0460 0.6141
vn 0.7878 -0.0454 0.6142
vn 0.7864 -0.0051 0.6178
vn 0.7863 -0.0045 0.6178
vn 0.7791 0.0325 0.6260
vn 0.7791 0.0333 0.6260
vn 0.7681 0.0679 0.6367
vn 0.7682 0.0688 0.6366
vn 0.7580 0.1066 0.6435
vn 0.7580 0.1074 0.6434
vn 0.7454 0.1450 0.6506
vn 0.7452 0.1456 0.6507
vn 0.7313 0.1841 0.6567
vn 0.7313 0.1850 0.6565
vn 0.7128 0.2198 0.6661
vn 0.7125 0.2204 0.6662
vn 0.6933 0.2566 0.6734
vn 0.6931 0.2571 0.6735
vn 0.6714 0.2927 0.6808
vn 0.6712 0.2932 0.6808
vn -0.4488 0.8875 0.1042
vn -0.3997 0.9163 -0.0237
vn -0.3971 0.9172 -0.0320
vn -0.0273 0.9996 -0.0068
vn -0.0351 -0.9106 0.4117
vn -0.0147 -0.6547 0.7557
vn -0.0166 -0.4549 0.8904
vn -0.0115 -0.4409 0.8975
vn -0.0566 -0.5267 0.8482
vn -0.0218 -0.4551 0.8902
vn -0.0139 -0.4396 0.8981
vn -0.0694 -0.5214 0.8505
vn -0.0270 -0.4545 0.8903
vn -0.0163 -0.4386 0.8985
vn -0.0830 -0.5168 0.8521
vn -0.0294 -0.4506 0.8923
vn -0.0183 -0.4372 0.8992
vn -0.0946 -0.5096 0.8552
vn -0.0327 -0.4479 0.8935
vn -0.0256 -0.4407 0.8973
vn -0.1118 -0.5070 0.8547
vn -0.0148 -0.4304 0.9025
vn -0.0147 -0.4303 0.9025
vn -0.1102 -0.4908 0.8643
vn -0.0163 -0.4293 0.9030
vn -0.0170 -0.4297 0.9028
vn -0.1200 -0.4821 0.8679
vn -0.0179 -0.4282 0.9035
vn -0.1308 -0.4733 0.8711
vn -0.0205 -0.4273 0.9039
vn -0.0185 -0.4266 0.9043
vn -0.1385 -0.4627 0.8756
vn -0.0223 -0.4258 0.9046
vn -0.0195 -0.4251 0.9049
vn -0.1463 -0.4518 0.8800
vn -0.0259 -0.4245 0.9051
vn -0.0206 -0.4235 0.9057
vn -0.1541 -0.4401 0.8846
vn -0.0275 -0.4224 0.9060
vn -0.0204 -0.4217 0.9065
vn -0.1574 -0.4275 0.8902
vn -0.0306 -0.4201 0.9070
vn -0.0210 -0.4201 0.9072
vn -0.1632 -0.4143 0.8954
vn -0.3557 -0.6385 0.6826
vn -0.3376 -0.6520 0.6790
vn -0.2277 -0.5872 0.7768
vn -0.2583 -0.7982 0.5442
vn -0.2297 -0.8068 0.5443
vn -0.1762 -0.7308 0.6595
vn -0.0872 -0.8379 0.5389
vn -0.0583 -0.8413 0.5373
vn -0.0445 -0.7549 0.6544
vn -0.2018 -0.8154 0.5426
vn -0.1735 -0.8228 0.5412
vn -0.1326 -0.7415 0.6577
vn -0.3649 -0.7486 0.5535
vn -0.3387 -0.7624 0.5513
vn -0.2584 -0.6966 0.6693
vn -0.3121 -0.7753 0.5491
vn -0.2846 -0.7865 0.5482
vn -0.2183 -0.7157 0.6635
vn -0.4151 -0.7174 0.5594
vn -0.3899 -0.7333 0.5569
vn -0.2991 -0.6763 0.6732
vn -0.6421 -0.1211 0.7570
vn -0.6467 -0.1504 0.7478
vn -0.6468 -0.1499 0.7478
vn -0.6337 -0.0577 0.7714
vn -0.6387 -0.0895 0.7642
vn -0.6386 -0.0890 0.7643
vn -0.5896 0.0642 0.8051
vn -0.6015 0.0322 0.7982
vn -0.6014 0.0326 0.7983
vn -0.6149 0.0031 0.7886
vn -0.6250 -0.0275 0.7801
vn -0.6249 -0.0271 0.7802
vn -0.5572 0.1245 0.8210
vn -0.5750 0.0952 0.8126
vn -0.5748 0.0955 0.8127
vn -0.5601 0.2522 0.7891
vn -0.5367 0.1523 0.8299
vn -0.5365 0.1526 0.8300
vn -0.4666 0.2340 0.8530
vn -0.5176 0.3326 0.7884
vn -0.5471 0.3053 0.7794
vn -0.4556 0.3891 0.8006
vn -0.4867 0.3597 0.7961
vn -0.4397 0.2601 0.8596
vn -0.3844 0.4354 0.8141
vn -0.4209 0.4128 0.8077
vn -0.3795 0.3053 0.8733
vn -0.3067 0.4753 0.8246
vn -0.3463 0.4563 0.8197
vn -0.3124 0.3440 0.8855
vn -0.2235 0.5059 0.8331
vn -0.2659 0.4921 0.8289
vn -0.2399 0.3764 0.8949
vn -0.1357 0.5265 0.8393
vn -0.1802 0.5185 0.8359
vn -0.1627 0.4004 0.9018
vn -0.0456 0.5376 0.8420
vn -0.0910 0.5334 0.8410
vn -0.0823 0.4155 0.9059
vn -0.1226 0.4079 0.9047
vn -0.2019 0.3898 0.8985
vn -0.2769 0.3615 0.8903
vn -0.3469 0.3260 0.8794
vn -0.4105 0.2836 0.8666
vn -0.4123 0.2069 0.8872
vn -0.0079 -0.3409 0.9401
vn -0.0041 -0.3815 0.9244
vn -0.0018 -0.3580 0.9337
vn -0.0308 0.1642 0.9860
vn -0.0307 0.1639 0.9860
vn -0.0185 -0.0890 0.9959
vn -0.0184 -0.0893 0.9958
vn -0.0164 -0.3455 0.9383
vn -0.0083 -0.3836 0.9235
vn -0.0092 -0.3583 0.9336
vn -0.1153 0.3466 0.9309
vn -0.0771 0.3516 0.9329
vn -0.0609 0.1611 0.9851
vn -0.0909 0.1570 0.9834
vn -0.0907 0.1571 0.9834
vn -0.0607 0.1611 0.9851
vn -0.0366 -0.0898 0.9953
vn -0.0545 -0.0934 0.9941
vn -0.0543 -0.0934 0.9942
vn -0.0365 -0.0898 0.9953
vn -0.0052 -0.3667 0.9303
vn -0.0026 -0.3936 0.9193
vn -0.0410 0.4189 0.9071
vn -0.0382 0.3542 0.9344
vn -0.0240 -0.3495 0.9366
vn -0.0119 -0.3856 0.9226
vn -0.0162 -0.3597 0.9329
vn -0.1896 0.3289 0.9251
vn -0.1525 0.3370 0.9291
vn -0.1205 0.1508 0.9812
vn -0.1493 0.1422 0.9785
vn -0.1490 0.1423 0.9785
vn -0.1202 0.1508 0.9812
vn -0.0723 -0.0967 0.9927
vn -0.0896 -0.1015 0.9908
vn -0.0893 -0.1014 0.9908
vn -0.0720 -0.0967 0.9927
vn -0.0114 -0.3675 0.9300
vn -0.0056 -0.3941 0.9191
vn -0.0311 -0.3541 0.9347
vn -0.0154 -0.3880 0.9215
vn -0.0234 -0.3610 0.9323
vn -0.2599 0.3024 0.9170
vn -0.2256 0.3172 0.9211
vn -0.1775 0.1330 0.9751
vn -0.2048 0.1221 0.9712
vn -0.2043 0.1223 0.9712
vn -0.1771 0.1331 0.9751
vn -0.1067 -0.1066 0.9886
vn -0.1232 -0.1125 0.9860
vn -0.1228 -0.1123 0.9861
vn -0.1063 -0.1065 0.9886
vn -0.0172 -0.3694 0.9291
vn -0.0085 -0.3950 0.9186
vn -0.0371 -0.3594 0.9325
vn -0.0184 -0.3904 0.9205
vn -0.0298 -0.3638 0.9310
vn -0.3241 0.2653 0.9081
vn -0.2928 0.2848 0.9128
vn -0.2311 0.1098 0.9667
vn -0.2568 0.0971 0.9616
vn -0.2563 0.0974 0.9617
vn -0.2306 0.1100 0.9668
vn -0.1389 -0.1202 0.9830
vn -0.1539 -0.1286 0.9797
vn -0.1535 -0.1283 0.9798
vn -0.1385 -0.1200 0.9831
vn -0.0230 -0.3712 0.9283
vn -0.0113 -0.3960 0.9182
vn -0.0443 -0.3620 0.9311
vn -0.0218 -0.3919 0.9198
vn -0.0362 -0.3665 0.9297
vn -0.3850 0.2287 0.8941
vn -0.3563 0.2500 0.9003
vn -0.2803 0.0809 0.9565
vn -0.3024 0.0636 0.9511
vn -0.3019 0.0642 0.9512
vn -0.2798 0.0813 0.9566
vn -0.1676 -0.1388 0.9760
vn -0.1823 -0.1466 0.9723
vn -0.1817 -0.1462 0.9724
vn -0.1672 -0.1384 0.9762
vn -0.0287 -0.3731 0.9273
vn -0.0141 -0.3971 0.9177
vn -0.0491 -0.3679 0.9286
vn -0.0242 -0.3947 0.9185
vn -0.0403 -0.3720 0.9274
vn -0.4922 0.2072 0.8454
vn -0.4373 0.1824 0.8806
vn -0.3243 0.0475 0.9447
vn -0.3446 0.0297 0.9383
vn -0.3440 0.0300 0.9385
vn -0.3238 0.0479 0.9449
vn -0.1957 -0.1557 0.9682
vn -0.2063 -0.1686 0.9639
vn -0.2057 -0.1681 0.9641
vn -0.1950 -0.1555 0.9684
vn -0.0328 -0.3773 0.9255
vn -0.0161 -0.3991 0.9168
vn -0.0546 -0.3724 0.9265
vn -0.0269 -0.3969 0.9175
vn -0.0444 -0.3767 0.9253
vn -0.5162 0.1823 0.8368
vn -0.4621 0.1579 0.8727
vn -0.3628 0.0100 0.9318
vn -0.3798 -0.0097 0.9250
vn -0.3793 -0.0091 0.9252
vn -0.3622 0.0105 0.9320
vn -0.2173 -0.1798 0.9594
vn -0.2288 -0.1900 0.9547
vn -0.2282 -0.1894 0.9550
vn -0.2170 -0.1790 0.9596
vn -0.0367 -0.3812 0.9238
vn -0.0180 -0.4009 0.9159
vn -0.5895 0.0646 0.8052
vn -0.6148 0.0035 0.7887
vn -0.6335 -0.0574 0.7716
vn -0.6419 -0.1207 0.7572
vn -0.6476 -0.1808 0.7402
vn -0.6476 -0.1803 0.7403
vn -0.6456 -0.2111 0.7339
vn -0.4737 -0.2689 0.8386
vn -0.4738 -0.2698 0.8383
vn -0.4738 -0.2900 0.8315
vn -0.4738 -0.2909 0.8312
vn -0.4711 -0.3115 0.8252
vn -0.0612 -0.3762 0.9245
vn -0.0302 -0.3988 0.9166
vn -0.0491 -0.3807 0.9234
vn -0.0666 -0.3810 0.9222
vn -0.0328 -0.4012 0.9154
vn -0.0507 -0.3867 0.9208
vn -0.4216 -0.0731 0.9038
vn -0.4324 -0.0950 0.8967
vn -0.4319 -0.0943 0.8970
vn -0.4211 -0.0723 0.9041
vn -0.2547 -0.2267 0.9401
vn -0.2614 -0.2394 0.9351
vn -0.2610 -0.2386 0.9354
vn -0.2541 -0.2261 0.9404
vn -0.0417 -0.3902 0.9198
vn -0.0207 -0.4053 0.9139
vn -0.5571 0.1249 0.8210
vn -0.4093 -0.0514 0.9110
vn -0.4088 -0.0507 0.9112
vn -0.2440 -0.2168 0.9452
vn -0.2434 -0.2162 0.9455
vn -0.0725 -0.3858 0.9197
vn -0.0357 -0.4037 0.9142
vn -0.0512 -0.3927 0.9183
vn -0.4437 -0.1154 0.8887
vn -0.4502 -0.1390 0.8820
vn -0.4499 -0.1381 0.8823
vn -0.4434 -0.1145 0.8890
vn -0.2677 -0.2521 0.9300
vn -0.2699 -0.2669 0.9252
vn -0.2696 -0.2661 0.9255
vn -0.2671 -0.2514 0.9303
vn -0.0422 -0.3953 0.9176
vn -0.0211 -0.4077 0.9129
vn -0.0790 -0.3907 0.9171
vn -0.0391 -0.4060 0.9130
vn -0.0498 -0.3988 0.9157
vn -0.4589 -0.1600 0.8740
vn -0.4658 -0.1812 0.8661
vn -0.4655 -0.1803 0.8665
vn -0.4585 -0.1591 0.8743
vn -0.2758 -0.2788 0.9199
vn -0.2798 -0.2915 0.9147
vn -0.2792 -0.2908 0.9151
vn -0.2759 -0.2778 0.9202
vn -0.0442 -0.3993 0.9158
vn -0.0219 -0.4098 0.9119
vn -0.2860 -0.3420 0.8951
vn -0.2861 -0.3429 0.8948
vn -0.2846 -0.3550 0.8905
vn -0.2847 -0.3558 0.8901
vn -0.2820 -0.3677 0.8861
vn -0.2820 -0.3686 0.8858
vn -0.2821 -0.3795 0.8811
vn -0.0897 -0.3944 0.9145
vn -0.0443 -0.4080 0.9119
vn -0.0487 -0.4043 0.9133
vn -0.4688 -0.2041 0.8594
vn -0.4729 -0.2257 0.8517
vn -0.4728 -0.2247 0.8520
vn -0.4686 -0.2032 0.8597
vn -0.2808 -0.3053 0.9099
vn -0.2814 -0.3187 0.9051
vn -0.2813 -0.3178 0.9055
vn -0.2806 -0.3044 0.9103
vn -0.0446 -0.4037 0.9138
vn -0.0222 -0.4120 0.9109
vn -0.4724 -0.2487 0.8456
vn -0.4722 -0.2478 0.8459
vn -0.2850 -0.3305 0.8998
vn -0.2848 -0.3296 0.9001
vn -0.0448 -0.4078 0.9120
vn -0.0898 -0.3987 0.9127
vn -0.0440 -0.4091 0.9114
vn -0.0225 -0.4140 0.9100
vn -0.0545 -0.4181 0.9068
vn -0.0347 -0.4173 0.9081
vn -0.1780 -0.4049 0.8969
vn -0.0442 -0.4162 0.9082
vn -0.2821 -0.3804 0.8808
vn -0.4670 -0.3327 0.8193
vn -0.4711 -0.3125 0.8249
vn -0.6458 -0.2396 0.7250
vn -0.6456 -0.2115 0.7338
vn -0.0218 -0.4182 0.9081
vn -0.0513 -0.4138 0.9089
vn -0.0781 -0.4068 0.9102
vn -0.0379 -0.4137 0.9096
vn -0.0450 -0.4118 0.9102
vn -0.0224 -0.4160 0.9091
vn -0.0499 -0.4105 0.9105
vn -0.3961 -0.0293 0.9177
vn -0.3957 -0.0285 0.9179
vn -0.2376 -0.2027 0.9500
vn -0.2371 -0.2020 0.9503
vn -0.0392 -0.3859 0.9217
vn -0.0195 -0.4031 0.9149
vn -0.4386 -0.6998 0.5638
vn -0.4090 -0.6618 0.6282
vn -0.4292 -0.6452 0.6321
vn -0.1451 -0.8295 0.5394
vn -0.1109 -0.7465 0.6561
vn -0.0887 -0.7495 0.6560
vn -0.0222 -0.7555 0.6548
vn -0.0291 -0.8436 0.5363
vn -0.0740 -0.6468 0.7591
vn -0.0596 -0.6503 0.7573
vn -0.0447 -0.6519 0.7570
vn -0.0565 -0.4226 0.9046
vn -0.1698 -0.4197 0.8917
vn -0.2775 -0.4039 0.8717
vn -0.2798 -0.3922 0.8763
vn -0.4593 -0.3727 0.8063
vn -0.4645 -0.3527 0.8123
vn -0.4647 -0.3535 0.8119
vn -0.4669 -0.3336 0.8189
vn -0.6356 -0.2982 0.7121
vn -0.6431 -0.2687 0.7171
vn -0.6430 -0.2691 0.7170
vn -0.6454 -0.2402 0.7251
vn -0.0570 -0.4274 0.9023
vn -0.1647 -0.4334 0.8860
vn -0.2683 -0.4266 0.8637
vn -0.2718 -0.4155 0.8680
vn -0.4488 -0.4110 0.7935
vn -0.4528 -0.3923 0.8006
vn -0.4527 -0.3931 0.8003
vn -0.4592 -0.3736 0.8060
vn -0.6239 -0.3532 0.6971
vn -0.6310 -0.3257 0.7041
vn -0.6309 -0.3261 0.7040
vn -0.6354 -0.2987 0.7121
vn -0.0586 -0.4325 0.8997
vn -0.1548 -0.4457 0.8817
vn -0.2601 -0.4481 0.8553
vn -0.2670 -0.4374 0.8587
vn -0.4317 -0.4478 0.7830
vn -0.4396 -0.4298 0.7887
vn -0.4394 -0.4306 0.7884
vn -0.4490 -0.4119 0.7930
vn -0.6048 -0.4065 0.6848
vn -0.6139 -0.3805 0.6916
vn -0.6137 -0.3809 0.6915
vn -0.6238 -0.3536 0.6970
vn -0.0565 -0.4371 0.8976
vn -0.1464 -0.4573 0.8772
vn -0.2482 -0.4682 0.8481
vn -0.2519 -0.4580 0.8525
vn -0.4116 -0.4824 0.7733
vn -0.4212 -0.4653 0.7785
vn -0.4213 -0.4661 0.7780
vn -0.4311 -0.4486 0.7829
vn -0.5797 -0.4573 0.6745
vn -0.5936 -0.4321 0.6789
vn -0.5934 -0.4325 0.6788
vn -0.6047 -0.4069 0.6847
vn -0.0545 -0.4418 0.8954
vn -0.1367 -0.4679 0.8732
vn -0.2349 -0.4870 0.8412
vn -0.2431 -0.4781 0.8440
vn -0.3927 -0.5149 0.7620
vn -0.4026 -0.4989 0.7675
vn -0.4023 -0.4995 0.7673
vn -0.4113 -0.4831 0.7730
vn -0.5541 -0.5046 0.6621
vn -0.5685 -0.4813 0.6672
vn -0.5679 -0.4816 0.6674
vn -0.5799 -0.4576 0.6741
vn -0.0518 -0.4462 0.8934
vn -0.1267 -0.4774 0.8695
vn -0.2955 -0.5268 0.7970
vn -0.2273 -0.4958 0.8381
vn -0.3804 -0.5303 0.7577
vn -0.3799 -0.5309 0.7575
vn -0.3923 -0.5155 0.7618
vn -0.5229 -0.5490 0.6521
vn -0.5372 -0.5271 0.6585
vn -0.5372 -0.5274 0.6582
vn -0.5538 -0.5049 0.6621
vn -0.0476 -0.4499 0.8918
vn -0.1173 -0.4868 0.8656
vn -0.2733 -0.5483 0.7903
vn -0.2862 -0.5384 0.7926
vn -0.3548 -0.5597 0.7489
vn -0.3660 -0.5452 0.7542
vn -0.4863 -0.5898 0.6447
vn -0.5046 -0.5699 0.6485
vn -0.5043 -0.5701 0.6486
vn -0.5226 -0.5493 0.6520
vn -0.0445 -0.4542 0.8898
vn -0.1049 -0.4937 0.8633
vn -0.2513 -0.5688 0.7832
vn -0.2625 -0.5588 0.7867
vn -0.3895 -0.6089 0.6910
vn -0.3410 -0.5731 0.7452
vn -0.4710 -0.6097 0.6376
vn -0.4709 -0.6099 0.6374
vn -0.4861 -0.5900 0.6447
vn -0.0925 -0.5004 0.8609
vn -0.2142 -0.5949 0.7747
vn -0.3175 -0.6639 0.6771
vn -0.0819 -0.5074 0.8578
vn -0.2004 -0.6019 0.7730
vn -0.1886 -0.6104 0.7693
vn -0.2792 -0.6871 0.6708
vn -0.0692 -0.5117 0.8563
vn -0.1734 -0.6154 0.7689
vn -0.1600 -0.6218 0.7667
vn -0.2387 -0.7067 0.6661
vn -0.0576 -0.5170 0.8540
vn -0.1468 -0.6283 0.7640
vn -0.1322 -0.6326 0.7631
vn -0.1966 -0.7226 0.6628
vn -0.0445 -0.5192 0.8535
vn -0.1187 -0.6386 0.7604
vn -0.1040 -0.6422 0.7594
vn -0.1546 -0.7369 0.6581
vn -0.0315 -0.5207 0.8532
vn -0.0299 -0.5366 0.8433
vn -0.0189 -0.5221 0.8527
vn -0.0157 -0.5387 0.8424
vn -0.4501 -0.6280 0.6349
vn -0.3729 -0.6241 0.6866
vn -0.2393 -0.5780 0.7802
vn -0.0108 -0.4299 0.9028
vn -0.0094 -0.4305 0.9025
vn -0.0078 -0.4309 0.9024
vn -0.0067 -0.4317 0.9020
vn -0.0051 -0.4318 0.9019
vn -0.0892 -0.6451 0.7589
vn -0.0437 -0.5321 0.8456
vn -0.0121 -0.4554 0.8902
vn -0.0095 -0.4428 0.8966
vn -0.0009 -0.4315 0.9021
vn -0.0031 -0.4560 0.8900
vn -0.0050 -0.4476 0.8942
vn -0.0022 -0.4322 0.9018
vn -0.0071 -0.4537 0.8911
vn -0.0071 -0.4454 0.8953
vn -0.0036 -0.4320 0.9019
vn -0.1160 -0.8337 0.5399
vn -0.0667 -0.7532 0.6544
vn -0.0298 -0.6526 0.7571
vn -0.0065 -0.5268 0.8500
vn -0.9452 -0.2321 0.2296
vn -0.9876 -0.1475 0.0547
vn -0.9563 -0.1600 0.2446
vn -0.9740 -0.1503 0.1693
vn -0.9471 -0.2057 0.2465
vn -0.9974 -0.0673 -0.0260
vn -0.9987 -0.0497 -0.0054
vn -0.9973 -0.0701 -0.0201
vn -0.9958 -0.0893 -0.0194
vn -0.9580 -0.1183 -0.2612
vn -0.9580 -0.1184 -0.2613
vn -0.9580 -0.1184 -0.2611
vn -0.8875 -0.3420 0.3088
vn -0.9099 -0.3379 0.2407
vn -0.9238 -0.2952 0.2437
vn -0.9504 -0.2934 -0.1034
vn -0.9475 -0.2639 -0.1807
vn -0.9491 -0.3121 -0.0418
vn -0.8510 -0.4242 0.3096
vn -0.8743 -0.4221 0.2397
vn -0.8943 -0.3796 0.2372
vn -0.9581 -0.1184 -0.2609
vn -0.9580 -0.1185 -0.2612
vn -0.8629 -0.3883 0.3234
vn -0.9505 -0.1751 -0.2565
vn -0.9505 -0.1752 -0.2565
vn -0.9920 -0.1255 -0.0155
vn -0.9922 -0.0886 -0.0879
vn -0.9839 -0.0528 -0.1707
vn -0.9839 -0.0526 -0.1708
vn -0.9357 -0.2520 0.2469
vn -0.9176 -0.2864 0.2755
vn -0.9691 -0.0776 -0.2340
vn -0.9691 -0.0774 -0.2343
vn -0.9691 -0.0778 -0.2341
vn -0.8558 -0.4745 0.2058
vn -0.8369 -0.4982 0.2266
vn -0.8564 -0.4608 0.2330
vn -0.9476 -0.2653 -0.1781
vn -0.8324 -0.4623 0.3057
vn -0.9225 -0.2685 -0.2773
vn -0.7855 -0.5753 0.2279
vn -0.8133 -0.5378 0.2220
vn -0.8244 -0.5422 0.1624
vn -0.9076 -0.4183 -0.0343
vn -0.9048 -0.4189 -0.0768
vn -0.9073 -0.4073 -0.1045
vn -0.9005 -0.4339 -0.0279
vn -0.8983 -0.4385 -0.0271
vn -0.8967 -0.4423 -0.0169
vn -0.8851 -0.4651 -0.0140
vn -0.8586 -0.4402 -0.2626
vn -0.8586 -0.4451 -0.2545
vn -0.8586 -0.4451 -0.2544
vn -0.7599 -0.6102 0.2240
vn -0.7055 -0.6387 0.3071
vn -0.7307 -0.6446 0.2249
vn -0.7615 -0.6125 -0.2118
vn -0.7616 -0.6087 -0.2225
vn -0.7615 -0.6126 -0.2116
vn -0.6551 -0.6983 0.2884
vn -0.6710 -0.7081 0.2200
vn -0.7023 -0.6769 0.2203
vn -0.8198 -0.4321 -0.3758
vn -0.8198 -0.4322 -0.3757
vn -0.8198 -0.4320 -0.3758
vn -0.8198 -0.4322 -0.3758
vn -0.6633 -0.6708 0.3316
vn -0.7915 -0.4927 -0.3616
vn -0.7916 -0.4926 -0.3616
vn -0.7915 -0.4926 -0.3617
vn -0.7915 -0.4926 -0.3618
vn -0.7915 -0.4927 -0.3617
vn -0.8810 -0.4651 -0.0866
vn -0.8854 -0.4320 -0.1715
vn -0.8854 -0.4319 -0.1715
vn -0.7564 -0.5996 0.2613
vn -0.8586 -0.4403 -0.2625
vn -0.8586 -0.4403 -0.2626
vn -0.7616 -0.6087 -0.2226
vn -0.7616 -0.6086 -0.2226
vn -0.6534 -0.7241 0.2210
vn -0.6400 -0.7374 0.2162
vn -0.7147 -0.6858 -0.1373
vn -0.7113 -0.7024 -0.0263
vn -0.7082 -0.7006 -0.0870
vn -0.7138 -0.6867 -0.1380
vn -0.6666 -0.7429 0.0605
vn -0.6900 -0.7236 0.0185
vn -0.6410 -0.6888 -0.3386
vn -0.5378 -0.8050 0.2506
vn -0.5347 -0.8178 0.2129
vn -0.5691 -0.7933 0.2164
vn -0.6592 -0.7510 0.0381
vn -0.6466 -0.7626 0.0186
vn -0.6443 -0.7640 0.0356
vn -0.6789 -0.7114 -0.1818
vn -0.6787 -0.7115 -0.1819
vn -0.6789 -0.7113 -0.1820
vn -0.4587 -0.8626 0.2132
vn -0.4961 -0.8411 0.2154
vn -0.4293 -0.8359 0.3420
vn -0.4791 -0.8481 -0.2261
vn -0.4964 -0.7935 -0.3521
vn -0.4798 -0.8466 -0.2304
vn -0.5456 -0.7227 -0.4242
vn -0.5457 -0.7227 -0.4242
vn -0.3986 -0.8559 0.3295
vn -0.4206 -0.8824 0.2110
vn -0.4968 -0.7914 -0.3562
vn -0.6411 -0.6888 -0.3385
vn -0.3607 -0.7747 0.5194
vn -0.5773 -0.8165 -0.0077
vn -0.5941 -0.6975 -0.4008
vn -0.5940 -0.6975 -0.4009
vn -0.3588 -0.8584 0.3665
vn -0.4345 -0.8744 -0.2160
vn -0.4372 -0.8733 -0.2152
vn -0.4348 -0.8742 -0.2159
vn -0.4348 -0.8743 -0.2160
vn -0.4321 -0.8754 -0.2165
vn -0.3610 -0.9321 0.0291
vn -0.4160 -0.9091 -0.0210
vn -0.3887 -0.9201 0.0483
vn -0.3560 -0.9344 0.0085
vn -0.3633 -0.9312 -0.0303
vn -0.3723 -0.9218 -0.1078
vn -0.2158 -0.9547 0.2051
vn -0.2572 -0.9438 0.2077
vn -0.2180 -0.9278 0.3027
vn -0.3657 -0.9291 -0.0545
vn -0.3309 -0.9435 -0.0164
vn -0.2990 -0.9321 0.2046
vn -0.2788 -0.9384 0.2041
vn -0.3303 -0.8971 -0.2936
vn -0.3302 -0.8971 -0.2937
vn -0.3303 -0.8970 -0.2937
vn -0.3303 -0.8971 -0.2935
vn -0.1300 -0.9699 0.2060
vn -0.1723 -0.9624 0.2098
vn -0.1336 -0.9291 0.3449
vn -0.2123 -0.8410 -0.4976
vn -0.2124 -0.8411 -0.4975
vn -0.1524 -0.8948 -0.4197
vn -0.1524 -0.8948 -0.4196
vn -0.1525 -0.8949 -0.4195
vn -0.1116 -0.9804 0.1625
vn -0.0867 -0.9742 0.2084
vn -0.0950 -0.8865 0.4529
vn -0.2738 -0.8598 -0.4311
vn -0.2738 -0.8596 -0.4314
vn -0.2735 -0.8597 -0.4315
vn -0.2373 -0.9343 -0.2662
vn -0.1054 -0.7219 0.6839
vn -0.2124 -0.8412 -0.4973
vn -0.0252 -0.9973 -0.0687
vn -0.0253 -0.9898 -0.1404
vn -0.0270 -0.9897 -0.1402
vn -0.0616 -0.9980 -0.0162
vn -0.0640 -0.9725 0.2238
vn -0.0445 -0.9783 0.2022
vn -0.0912 -0.9454 -0.3130
vn -0.0911 -0.9453 -0.3133
vn -0.0911 -0.9454 -0.3130
vn -0.1606 0.9286 0.3344
vn -0.1075 0.9356 0.3364
vn -0.1306 0.9745 0.1823
vn -0.1506 0.8765 0.4573
vn -0.0295 0.9995 -0.0090
vn -0.0469 0.9989 -0.0086
vn -0.0556 0.9410 0.3338
vn -0.0794 0.9716 0.2228
vn -0.0794 0.9928 -0.0894
vn -0.0815 0.9958 -0.0416
vn -0.1158 0.9932 -0.0147
vn -0.2337 0.9680 -0.0913
vn -0.2239 0.9613 -0.1606
vn -0.2227 0.9748 -0.0145
vn -0.2398 0.9034 0.3554
vn -0.2649 0.9044 0.3345
vn -0.2131 0.9170 0.3373
vn -0.3403 0.8896 0.3047
vn -0.3646 0.8703 0.3312
vn -0.3155 0.8890 0.3319
vn -0.2337 0.9681 -0.0909
vn -0.2612 0.9651 -0.0196
vn -0.2912 0.8906 0.3492
vn -0.2774 0.9508 -0.1378
vn -0.2890 0.9550 -0.0663
vn -0.3264 0.9452 -0.0078
vn -0.1359 0.9904 -0.0240
vn -0.1329 0.9886 -0.0703
vn -0.1292 0.9846 -0.1178
vn -0.1540 0.9879 -0.0176
vn -0.1871 0.9220 0.3389
vn -0.1762 0.9731 -0.1484
vn -0.1845 0.9802 -0.0714
vn -0.5503 0.7715 0.3193
vn -0.5075 0.8012 0.3171
vn -0.5236 0.8244 0.2152
vn -0.4280 0.9023 0.0524
vn -0.4528 0.8916 -0.0030
vn -0.4518 0.8921 -0.0013
vn -0.4498 0.8930 -0.0126
vn -0.4646 0.8853 -0.0180
vn -0.5279 0.8443 -0.0919
vn -0.5634 0.8255 -0.0328
vn -0.5085 0.8461 -0.1597
vn -0.5921 0.7406 0.3179
vn -0.6129 0.7142 0.3381
vn -0.6320 0.7071 0.3173
vn -0.6889 0.6579 0.3041
vn -0.7053 0.6374 0.3102
vn -0.6698 0.6730 0.3139
vn -0.5699 0.8153 -0.1025
vn -0.5479 0.8184 -0.1734
vn -0.6043 0.7966 -0.0142
vn -0.6519 0.6789 0.3378
vn -0.5943 0.7879 -0.1610
vn -0.6193 0.7810 -0.0809
vn -0.6582 0.7524 -0.0242
vn -0.4911 0.8697 -0.0501
vn -0.4784 0.8721 -0.1029
vn -0.5226 0.8526 -0.0050
vn -0.5715 0.7630 0.3020
vn -0.5319 0.8422 -0.0880
vn -0.3435 0.9376 -0.0542
vn -0.3361 0.9377 -0.0885
vn -0.3568 0.9341 0.0102
vn -0.3666 0.9293 0.0450
vn -0.3792 0.8778 0.2926
vn -0.3756 0.9262 -0.0326
vn -0.6626 0.7448 -0.0787
vn -0.6487 0.7488 -0.1360
vn -0.6638 0.7435 -0.0812
vn -0.6510 0.7465 -0.1375
vn -0.7135 0.6732 0.1942
vn -0.7076 0.7015 0.0847
vn -0.7296 0.6825 0.0434
vn -0.7275 0.6860 0.0131
vn -0.7306 0.6822 0.0288
vn -0.7287 0.6848 0.0042
vn -0.8269 0.4772 0.2974
vn -0.8005 0.5194 0.2990
vn -0.8160 0.5184 0.2559
vn -0.7310 0.6819 -0.0239
vn -0.7857 0.5984 0.1568
vn -0.7889 0.5883 0.1775
vn -0.7789 0.6158 0.1193
vn -0.7785 0.6166 0.1174
vn -0.7421 0.6659 -0.0768
vn -0.7561 0.6539 -0.0252
vn -0.7494 0.6602 -0.0508
vn -0.7679 0.6405 -0.0113
vn -0.8736 0.3918 0.2887
vn -0.8514 0.4352 0.2928
vn -0.8594 0.3933 0.3267
vn -0.8347 0.5506 -0.0122
vn -0.7791 0.6023 -0.1739
vn -0.8050 0.5851 -0.0986
vn -0.9107 0.3034 0.2804
vn -0.8934 0.3479 0.2842
vn -0.9058 0.3373 0.2563
vn -0.8934 0.4476 -0.0384
vn -0.8451 0.5115 -0.1558
vn -0.8664 0.4914 -0.0880
vn -0.8053 0.5633 -0.1850
vn -0.8054 0.5632 -0.1849
vn -0.8054 0.5632 -0.1851
vn -0.8818 0.3568 0.3085
vn -0.8714 0.4902 -0.0173
vn -0.8664 0.4915 -0.0879
vn -0.7443 0.6439 -0.1771
vn -0.7443 0.6440 -0.1771
vn -0.7444 0.6439 -0.1767
vn -0.8374 0.4399 0.3244
vn -0.8116 0.5840 -0.0187
vn -0.8051 0.5850 -0.0983
vn -0.9311 0.3645 -0.0128
vn -0.9323 0.3616 -0.0048
vn -0.9319 0.3628 -0.0079
vn -0.9161 0.3377 -0.2160
vn -0.9162 0.3377 -0.2160
vn -0.9162 0.3375 -0.2160
vn -0.9581 0.1533 0.2417
vn -0.9561 0.1165 0.2690
vn -0.9493 0.1651 0.2674
vn -0.9311 0.3646 -0.0120
vn -0.9360 0.3518 -0.0108
vn -0.9400 0.2125 0.2670
vn -0.9568 0.2391 0.1656
vn -0.9380 0.3378 -0.0777
vn -0.9463 0.3212 -0.0360
vn -0.9588 0.2838 -0.0126
vn -0.9537 0.0270 0.2995
vn -0.9654 0.0253 0.2594
vn -0.9621 0.0713 0.2632
vn -0.9859 0.1663 -0.0194
vn -0.9778 0.1814 -0.1048
vn -0.9608 0.2127 -0.1778
vn -0.9885 0.1493 -0.0230
vn -0.9921 0.0755 0.1004
vn -0.9402 -0.0280 0.3393
vn -0.9160 0.3378 -0.2165
vn -0.9164 0.3373 -0.2154
vn -0.9161 0.3377 -0.2161
vn -0.9165 0.3372 -0.2154
vn -0.9165 0.3372 -0.2153
vn -0.9469 0.0675 0.3142
vn -0.9145 0.3030 -0.2681
vn -0.9144 0.3032 -0.2684
vn -0.9143 0.3032 -0.2686
vn -0.8974 0.4361 -0.0666
vn -0.8927 0.4425 -0.0851
vn -0.9173 0.3976 -0.0210
vn -0.9276 0.3299 0.1755
vn -0.9263 0.2620 0.2706
vn -0.9295 0.3685 -0.0170
vn -0.9922 0.1219 -0.0253
vn -0.9924 0.1077 -0.0597
vn -0.9885 0.1214 -0.0902
vn -0.9977 0.0658 -0.0156
vn -0.9664 -0.0219 0.2560
vn -0.9838 -0.0103 0.1790
vn -0.9656 -0.0659 0.2516
vn -0.9993 0.0333 -0.0184
vn -0.9992 0.0353 -0.0200
vn -0.9959 -0.0391 0.0813
vn -0.9995 -0.0093 0.0317
vn -0.9996 -0.0168 -0.0228
vn -0.9998 -0.0167 -0.0125
vn -0.0516 0.7448 0.6653
vn -0.5780 0.6207 0.5297
vn -0.5390 0.6501 0.5356
vn -0.5445 0.6872 0.4809
vn -0.4973 0.6807 0.5379
vn -0.5019 0.7147 0.4871
vn -0.4537 0.7087 0.5403
vn -0.4576 0.7416 0.4905
vn -0.4079 0.7314 0.5466
vn -0.4114 0.7665 0.4932
vn -0.3606 0.7521 0.5516
vn -0.3635 0.7868 0.4988
vn -0.3120 0.7713 0.5548
vn -0.3146 0.8056 0.5020
vn -0.2621 0.7879 0.5572
vn -0.2641 0.8231 0.5027
vn -0.2111 0.8029 0.5575
vn -0.2126 0.8384 0.5019
vn -0.1590 0.8118 0.5619
vn -0.1601 0.8463 0.5081
vn -0.1065 0.8203 0.5619
vn -0.1072 0.8554 0.5068
vn -0.0533 0.8252 0.5624
vn -0.0543 0.9030 0.4262
vn -0.5197 0.5720 0.6346
vn -0.4800 0.6017 0.6384
vn -0.4384 0.6292 0.6418
vn -0.3941 0.6506 0.6492
vn -0.3489 0.6728 0.6524
vn -0.3021 0.6913 0.6563
vn -0.2538 0.7072 0.6598
vn -0.2043 0.7202 0.6630
vn -0.1541 0.7318 0.6639
vn -0.1032 0.7394 0.6653
vn -0.0492 0.6468 0.7610
vn -0.0980 0.6426 0.7599
vn -0.1465 0.6365 0.7572
vn -0.1940 0.6247 0.7564
vn -0.2410 0.6131 0.7524
vn -0.2868 0.5984 0.7481
vn -0.3310 0.5802 0.7442
vn -0.3734 0.5583 0.7409
vn -0.4144 0.5349 0.7363
vn -0.4543 0.5117 0.7292
vn -0.4920 0.4861 0.7222
vn -0.5266 0.4557 0.7177
vn -0.6679 0.3696 0.6460
vn -0.6471 0.3277 0.6884
vn -0.6406 0.4053 0.6522
vn -0.6208 0.3629 0.6949
vn -0.6102 0.4381 0.6601
vn -0.5922 0.3962 0.7016
vn -0.5781 0.4715 0.6660
vn -0.5604 0.4264 0.7100
vn -0.5436 0.5034 0.6717
vn -0.5790 0.6199 0.5296
vn -0.6172 0.5892 0.5215
vn -0.6160 0.5898 0.5222
vn -0.6520 0.5524 0.5194
vn -0.6508 0.5533 0.5198
vn -0.6848 0.5161 0.5145
vn -0.6836 0.5170 0.5152
vn -0.7160 0.4801 0.5068
vn -0.0409 -0.9609 0.2739
vn -0.0817 -0.9576 0.2763
vn -0.0708 -0.9096 0.4094
vn -0.1225 -0.9538 0.2744
vn -0.1060 -0.9055 0.4108
vn -0.1631 -0.9477 0.2743
vn -0.1414 -0.9011 0.4099
vn -0.2034 -0.9397 0.2748
vn -0.1761 -0.8940 0.4119
vn -0.2432 -0.9300 0.2755
vn -0.2105 -0.8859 0.4134
vn -0.2825 -0.9185 0.2767
vn -0.2446 -0.8763 0.4151
vn -0.3213 -0.9051 0.2786
vn -0.2785 -0.8656 0.4161
vn -0.3598 -0.8904 0.2789
vn -0.3124 -0.8538 0.4165
vn -0.3977 -0.8740 0.2792
vn -0.3450 -0.8400 0.4189
vn -0.4350 -0.8559 0.2796
vn -0.3780 -0.8253 0.4196
vn -0.4702 -0.8357 0.2838
vn -0.4094 -0.8088 0.4222
vn -0.5058 -0.8143 0.2848
vn -0.4405 -0.7910 0.4246
vn -0.5407 -0.7914 0.2851
vn -0.4717 -0.7723 0.4255
vn -0.5738 -0.7669 0.2876
vn -0.5018 -0.7520 0.4274
vn -0.6063 -0.7407 0.2892
vn -0.5298 -0.7301 0.4316
vn -0.5994 -0.7119 0.3660
vn -0.5587 -0.7074 0.4330
vn -0.6273 -0.6853 0.3699
vn -0.5856 -0.6831 0.4364
vn -0.6585 -0.6574 0.3664
vn -0.6578 -0.6584 0.3657
vn -0.6825 -0.6281 0.3736
vn -0.6820 -0.6292 0.3728
vn -0.7090 -0.5976 0.3744
vn -0.7085 -0.5987 0.3737
vn -0.7327 -0.5659 0.3780
vn -0.7322 -0.5671 0.3772
vn -0.7549 -0.5331 0.3819
vn -0.7547 -0.5343 0.3807
vn -0.7778 -0.4985 0.3828
vn -0.7774 -0.4999 0.3818
vn -0.7963 -0.4639 0.3884
vn -0.7959 -0.4652 0.3874
vn -0.8138 -0.4281 0.3931
vn -0.8134 -0.4295 0.3923
vn -0.8311 -0.3907 0.3959
vn -0.8312 -0.3919 0.3943
vn -0.8461 -0.3525 0.3999
vn -0.8459 -0.3540 0.3989
vn -0.8579 -0.3145 0.4063
vn -0.8578 -0.3160 0.4053
vn -0.8705 -0.2742 0.4086
vn -0.8706 -0.2757 0.4075
vn -0.8812 -0.2329 0.4113
vn -0.8812 -0.2346 0.4104
vn -0.8865 -0.1936 0.4203
vn -0.8866 -0.1952 0.4194
vn -0.8925 -0.1518 0.4246
vn -0.8930 -0.1533 0.4232
vn -0.8969 -0.1093 0.4286
vn -0.8974 -0.1107 0.4272
vn -0.9002 -0.0650 0.4306
vn -0.9006 -0.0666 0.4295
vn -0.8980 -0.0238 0.4394
vn -0.8985 -0.0254 0.4383
vn -0.8954 0.0193 0.4449
vn -0.8958 0.0175 0.4441
vn -0.8913 0.0633 0.4491
vn -0.8919 0.0618 0.4480
vn -0.8847 0.1075 0.4535
vn -0.8856 0.1062 0.4522
vn -0.8745 0.1497 0.4614
vn -0.8753 0.1483 0.4603
vn -0.8632 0.1935 0.4663
vn -0.8641 0.1921 0.4652
vn -0.8495 0.2367 0.4715
vn -0.8504 0.2353 0.4705
vn -0.8337 0.2804 0.4758
vn -0.8347 0.2790 0.4748
vn -0.8142 0.3213 0.4836
vn -0.8153 0.3202 0.4824
vn -0.7930 0.3626 0.4896
vn -0.7940 0.3611 0.4890
vn -0.7694 0.4031 0.4955
vn -0.7706 0.4020 0.4946
vn -0.7441 0.4444 0.4988
vn -0.7453 0.4433 0.4980
vn -0.7148 0.4811 0.5076
vn -0.6704 0.2918 0.6822
vn -0.6233 0.2849 0.7282
vn -0.3406 -0.9170 0.2079
vn -0.3811 -0.9008 0.2081
vn -0.6051 -0.7662 0.2161
vn -0.6702 -0.7097 0.2173
vn -0.7020 -0.6784 0.2169
vn -0.7304 -0.6461 0.2216
vn -0.7595 -0.6118 0.2212
vn -0.7850 -0.5768 0.2260
vn -0.8116 -0.5395 0.2243
vn -0.8352 -0.5015 0.2258
vn -0.8559 -0.4630 0.2303
vn -0.8744 -0.4239 0.2361
vn -0.8945 -0.3813 0.2335
vn -0.9102 -0.3397 0.2371
vn -0.9241 -0.2970 0.2406
vn -0.9359 -0.2538 0.2444
vn -0.9468 -0.2087 0.2451
vn -0.9551 -0.1632 0.2471
vn -0.9615 -0.1141 0.2500
vn -0.9618 -0.1166 0.2478
vn -0.9643 -0.0723 0.2546
vn -0.9667 -0.0246 0.2546
vn -0.9663 0.0225 0.2565
vn -0.9630 0.0692 0.2603
vn -0.9570 0.1144 0.2666
vn -0.9499 0.1625 0.2668
vn -0.9395 0.2081 0.2722
vn -0.9268 0.2541 0.2764
vn -0.9120 0.2997 0.2802
vn -0.8950 0.3456 0.2822
vn -0.8752 0.3901 0.2860
vn -0.8531 0.4336 0.2903
vn -0.8285 0.4755 0.2957
vn -0.8018 0.5176 0.2989
vn -0.7709 0.5606 0.3023
vn -0.7727 0.5589 0.3009
vn -0.7395 0.6006 0.3041
vn -0.7413 0.5990 0.3028
vn -0.7075 0.6355 0.3092
vn -0.6718 0.6718 0.3121
vn -0.6337 0.7062 0.3156
vn -0.5937 0.7398 0.3167
vn -0.5517 0.7702 0.3199
vn -0.5080 0.7987 0.3225
vn -0.4609 0.8257 0.3252
vn -0.4624 0.8251 0.3246
vn -0.4138 0.8496 0.3271
vn -0.4152 0.8490 0.3267
vn -0.3666 0.8693 0.3316
vn -0.3169 0.8887 0.3314
vn -0.2659 0.9044 0.3338
vn -0.2139 0.9171 0.3363
vn -0.1611 0.9279 0.3364
vn -0.1078 0.9341 0.3402
vn -0.5139 -0.6974 0.4995
vn -0.5396 -0.6758 0.5021
vn -0.5631 -0.6523 0.5073
vn -0.5630 -0.6526 0.5071
vn -0.5854 -0.6282 0.5125
vn -0.5853 -0.6285 0.5123
vn -0.6091 -0.6033 0.5148
vn -0.6088 -0.6036 0.5148
vn -0.6302 -0.5772 0.5194
vn -0.6300 -0.5776 0.5192
vn -0.6499 -0.5500 0.5244
vn -0.6498 -0.5504 0.5241
vn -0.6689 -0.5219 0.5294
vn -0.6688 -0.5223 0.5291
vn -0.6879 -0.4927 0.5329
vn -0.6879 -0.4931 0.5326
vn -0.7048 -0.4626 0.5378
vn -0.7047 -0.4631 0.5375
vn -0.7216 -0.4313 0.5415
vn -0.7216 -0.4318 0.5412
vn -0.7329 -0.4001 0.5502
vn -0.7329 -0.4006 0.5498
vn -0.7473 -0.3671 0.5538
vn -0.7474 -0.3676 0.5535
vn -0.7574 -0.3342 0.5610
vn -0.7577 -0.3346 0.5603
vn -0.7675 -0.2998 0.5666
vn -0.7675 -0.3003 0.5663
vn -0.7767 -0.2644 0.5717
vn -0.7767 -0.2649 0.5715
vn -0.7834 -0.2288 0.5778
vn -0.7836 -0.2293 0.5775
vn -0.7878 -0.1931 0.5849
vn -0.7879 -0.1936 0.5845
vn -0.7901 -0.1569 0.5926
vn -0.7902 -0.1574 0.5923
vn -0.7929 -0.1187 0.5977
vn -0.7931 -0.1191 0.5973
vn -0.7916 -0.0818 0.6055
vn -0.7918 -0.0823 0.6052
vn -0.7877 -0.0454 0.6144
vn -0.7880 -0.0458 0.6140
vn -0.7850 -0.0057 0.6195
vn -0.7853 -0.0062 0.6191
vn -0.7790 0.0331 0.6261
vn -0.7794 0.0328 0.6256
vn -0.7679 0.0686 0.6369
vn -0.7682 0.0683 0.6365
vn -0.7579 0.1073 0.6435
vn -0.7584 0.1070 0.6430
vn -0.7455 0.1460 0.6503
vn -0.7459 0.1457 0.6499
vn -0.7310 0.1847 0.6569
vn -0.7315 0.1844 0.6564
vn -0.7125 0.2204 0.6661
vn -0.7129 0.2200 0.6658
vn -0.6924 0.2561 0.6745
vn -0.6930 0.2561 0.6739
vn -0.6707 0.2914 0.6821
vn 0.1394 0.9902 -0.0012
vn 0.1255 0.9921 -0.0072
vn 0.1747 0.9846 0.0001
vn 0.0047 0.9999 -0.0102
vn 0.1942 0.9809 -0.0052
vn 0.2412 0.9705 -0.0074
vn 0.1662 0.9860 -0.0085
vn 0.3529 0.9356 -0.0077
vn 0.3896 0.9209 -0.0123
vn 0.2805 0.9598 -0.0096
vn 0.2501 0.9682 -0.0012
vn 0.4601 0.8878 -0.0088
vn 0.5599 0.8285 0.0061
vn 0.5596 0.8287 -0.0095
vn 0.5933 0.8048 -0.0162
vn 0.4957 0.8684 -0.0137
vn 0.6521 0.7581 -0.0108
vn 0.6836 0.7296 -0.0179
vn 0.7383 0.6744 -0.0087
vn 0.7629 0.6463 -0.0165
vn 0.7274 0.6860 -0.0190
vn 0.7637 0.6452 -0.0203
vn 0.7630 0.6462 -0.0165
vn 0.7754 0.6313 -0.0137
vn 0.8089 0.5878 -0.0128
vn 0.8919 0.4519 -0.0197
vn 0.8723 0.4888 -0.0109
vn 0.8061 0.5917 0.0070
vn 0.8350 0.5499 -0.0204
vn 0.8321 0.5543 -0.0204
vn 0.8351 0.5498 -0.0204
vn 0.9378 0.3464 -0.0220
vn 0.9292 0.3696 -0.0066
vn 0.9239 0.3824 -0.0124
vn 0.9201 0.3917 0.0071
vn 0.9561 0.2929 0.0040
vn 0.9624 0.2712 -0.0130
vn 0.9623 0.2721 -0.0004
vn 0.9699 0.2430 -0.0135
vn 0.9741 0.2252 -0.0188
vn 0.9681 0.2497 -0.0192
vn 0.9681 0.2499 -0.0192
vn 0.9877 0.1564 -0.0036
vn 0.9935 0.1129 -0.0172
vn 0.9995 0.0309 -0.0002
vn 0.9998 -0.0118 -0.0147
vn 0.9978 -0.0661 0.0111
vn 0.9914 -0.1299 -0.0180
vn 0.9919 -0.1249 -0.0224
vn 0.9919 -0.1248 -0.0223
vn 0.9877 -0.1493 -0.0467
vn 0.9857 -0.1685 -0.0066
vn 0.9829 -0.1841 -0.0007
vn 0.9754 -0.2200 -0.0108
vn 0.9706 -0.2401 -0.0179
vn 0.9700 -0.2423 -0.0212
vn 0.9701 -0.2418 -0.0212
vn 0.9700 -0.2424 -0.0213
vn 0.9536 -0.3011 -0.0095
vn 0.9328 -0.3600 -0.0151
vn 0.9137 -0.4063 0.0047
vn 0.8861 -0.4634 -0.0147
vn 0.8907 -0.4541 -0.0206
vn 0.8907 -0.4542 -0.0206
vn 0.8791 -0.4756 -0.0317
vn 0.8697 -0.4935 -0.0084
vn 0.8587 -0.5125 -0.0048
vn 0.8350 -0.5498 -0.0218
vn 0.8286 -0.5596 -0.0161
vn 0.8339 -0.5516 -0.0200
vn 0.8458 -0.5334 -0.0065
vn 0.8214 -0.5697 -0.0274
vn 0.8087 -0.5880 -0.0140
vn 0.7911 -0.6116 -0.0093
vn 0.7806 -0.6250 -0.0043
vn 0.7643 -0.6446 -0.0176
vn 0.7522 -0.6589 -0.0111
vn 0.7670 -0.6413 -0.0225
vn 0.7181 -0.6959 -0.0006
vn 0.6886 -0.7247 -0.0233
vn 0.6727 -0.7398 -0.0128
vn 0.6849 -0.7284 -0.0191
vn 0.6882 -0.7251 -0.0233
vn 0.6726 -0.7399 -0.0128
vn 0.6705 -0.7415 -0.0243
vn 0.6494 -0.7604 -0.0076
vn 0.6302 -0.7764 -0.0068
vn 0.5833 -0.8119 -0.0241
vn 0.5858 -0.8103 -0.0158
vn 0.5957 -0.8030 -0.0178
vn 0.6185 -0.7858 -0.0023
vn 0.5541 -0.8322 -0.0208
vn 0.5583 -0.8296 -0.0110
vn 0.5323 -0.8465 -0.0094
vn 0.4897 -0.8717 -0.0182
vn 0.4994 -0.8663 -0.0143
vn 0.5268 -0.8500 -0.0012
vn 0.4270 -0.9042 -0.0080
vn 0.3799 -0.9250 -0.0115
vn 0.3527 -0.9356 -0.0145
vn 0.3562 -0.9344 -0.0071
vn 0.3258 -0.9454 -0.0086
vn 0.2855 -0.9578 -0.0326
vn 0.2702 -0.9627 -0.0157
vn 0.2899 -0.9569 -0.0177
vn 0.3268 -0.9451 -0.0000
vn 0.2462 -0.9691 -0.0127
vn 0.2455 -0.9693 -0.0127
vn 0.2701 -0.9627 -0.0157
vn 0.2486 -0.9686 -0.0090
vn 0.2145 -0.9766 -0.0122
vn 0.2210 -0.9753 -0.0004
vn 0.1910 -0.9816 0.0016
vn 0.1623 -0.9866 -0.0137
vn 0.1481 -0.9889 -0.0102
vn 0.1384 -0.9903 -0.0131
vn 0.1383 -0.9903 -0.0131
vn 0.1093 -0.9939 -0.0175
vn 0.0913 -0.9958 -0.0061
vn 0.1044 -0.9945 -0.0049
vn 0.0233 -0.9997 -0.0017
vn -0.0017 -0.9999 0.0156
vn -0.0890 -0.9960 -0.0046
vn -0.0840 -0.9963 -0.0166
vn -0.1100 -0.9938 -0.0128
vn -0.1394 -0.9902 -0.0084
vn -0.1347 -0.9909 0.0014
vn -0.1223 -0.9925 0.0029
vn -0.1762 -0.9843 -0.0113
vn -0.2001 -0.9797 -0.0095
vn -0.1963 -0.9804 -0.0190
vn -0.2211 -0.9752 -0.0122
vn -0.2512 -0.9679 -0.0040
vn -0.2507 -0.9681 -0.0040
vn -0.2471 -0.9690 0.0013
vn -0.2416 -0.9703 -0.0059
vn -0.2882 -0.9575 -0.0105
vn -0.3082 -0.9511 -0.0201
vn -0.3194 -0.9476 -0.0008
vn -0.3427 -0.9394 0.0097
vn -0.4333 -0.9012 -0.0142
vn -0.4250 -0.9052 -0.0048
vn -0.4609 -0.8874 0.0028
vn -0.4597 -0.8880 0.0046
vn -0.4545 -0.8907 0.0003
vn -0.5004 -0.8657 -0.0111
vn -0.5817 -0.8134 0.0063
vn -0.5167 -0.8556 -0.0294
vn -0.5576 -0.8301 0.0050
vn -0.6156 -0.7880 0.0096
vn -0.5324 -0.8463 -0.0164
vn -0.5900 -0.8074 -0.0045
vn -0.6138 -0.7892 -0.0186
vn -0.6634 -0.7481 0.0165
vn -0.6871 -0.7265 0.0133
vn -0.6495 -0.7604 0.0038
vn -0.6254 -0.7800 -0.0197
vn -0.7417 -0.6707 -0.0046
vn -0.7334 -0.6798 -0.0016
vn -0.7779 -0.6284 0.0010
vn -0.7327 -0.6805 -0.0059
vn -0.7334 -0.6798 -0.0059
vn -0.7779 -0.6284 0.0009
vn -0.7632 -0.6460 -0.0131
vn -0.8161 -0.5778 0.0078
vn -0.7772 -0.6278 -0.0421
vn -0.8263 -0.5632 -0.0092
vn -0.8391 -0.5440 0.0067
vn -0.8077 -0.5896 -0.0007
vn -0.7869 -0.6165 -0.0261
vn -0.8385 -0.5448 -0.0084
vn -0.8391 -0.5439 0.0067
vn -0.8387 -0.5445 -0.0084
vn -0.8464 -0.5322 -0.0187
vn -0.8785 -0.4771 0.0247
vn -0.8935 -0.4490 0.0101
vn -0.8528 -0.5215 -0.0294
vn -0.9268 -0.3756 -0.0004
vn -0.9327 -0.3602 -0.0159
vn -0.9445 -0.3286 -0.0015
vn -0.9236 -0.3833 -0.0071
vn -0.9405 -0.3396 -0.0109
vn -0.9653 -0.2608 0.0134
vn -0.9654 -0.2596 -0.0251
vn -0.9747 -0.2235 0.0033
vn -0.9600 -0.2798 -0.0095
vn -0.9715 -0.2370 -0.0110
vn -0.9715 -0.2366 -0.0110
vn -0.9762 -0.2156 -0.0227
vn -0.9884 -0.1517 -0.0071
vn -0.9776 -0.2041 -0.0520
vn -0.9828 -0.1845 -0.0077
vn -0.9877 -0.1565 -0.0007
vn -0.9955 -0.0948 -0.0082
vn -0.9996 -0.0300 0.0008
vn -0.9999 0.0150 -0.0057
vn -0.9917 0.1282 -0.0053
vn -0.9961 0.0877 0.0125
vn -0.9656 0.2595 -0.0183
vn -0.9640 0.2652 -0.0182
vn -0.9703 0.2417 -0.0110
vn -0.9806 0.1958 -0.0117
vn -0.9818 0.1899 0.0067
vn -0.9270 0.3747 -0.0179
vn -0.9504 0.3109 -0.0125
vn -0.9655 0.2597 -0.0183
vn -0.9656 0.2594 -0.0183
vn -0.8866 0.4623 -0.0124
vn -0.9038 0.4273 0.0228
vn -0.8173 0.5759 -0.0184
vn -0.8510 0.5250 -0.0110
vn -0.8605 0.5094 0.0032
vn -0.7833 0.6216 -0.0097
vn -0.7454 0.6664 -0.0182
vn -0.7982 0.6024 0.0019
vn -0.6639 0.7475 -0.0190
vn -0.7076 0.7016 0.0846
vn -0.7046 0.7096 -0.0082
vn -0.7046 0.7095 -0.0082
vn -0.7244 0.6893 -0.0002
vn -0.6157 0.7879 -0.0079
vn -0.5708 0.8209 -0.0174
vn -0.6767 0.7358 -0.0268
vn -0.6639 0.7476 -0.0190
vn -0.5251 0.8509 -0.0135
vn -0.4635 0.8857 -0.0253
vn -0.4132 0.9106 -0.0024
vn -0.3659 0.9305 -0.0168
vn -0.2477 0.9686 -0.0213
vn -0.3123 0.9499 -0.0131
vn -0.1361 0.9904 -0.0223
vn -0.1977 0.9802 -0.0130
vn -0.2419 0.9701 -0.0207
vn -0.2477 0.9686 -0.0211
vn -0.0858 0.9963 -0.0100
vn -0.0000 0.4200 -0.9075
vn 0.0001 0.4200 -0.9075
vn 0.0003 0.4199 -0.9076
vn 0.0002 0.4199 -0.9076
vn 0.0001 0.4199 -0.9075
vn -0.0000 0.4199 -0.9075
vn -0.0001 0.4200 -0.9075
vn -0.0001 0.4199 -0.9076
vn 0.0001 0.4199 -0.9076
vn -0.0001 0.4199 -0.9075
vn -0.0000 0.4199 -0.9076
vn -0.0001 0.4201 -0.9075
vn -0.0000 0.4198 -0.9076
vn -0.0000 0.4201 -0.9075
vn 0.0001 0.4211 -0.9070
vn -0.0006 0.4171 -0.9089
vn 0.0001 0.4204 -0.9073
vn -0.0003 0.4197 -0.9077
vn -0.0002 0.4198 -0.9076
vn 0.0001 0.4201 -0.9075
vn -0.0008 0.4191 -0.9079
vn 0.0004 0.4204 -0.9073
vn -0.1648 0.1880 -0.9682
vn 0.0002 0.4202 -0.9074
vn -0.0009 0.4189 -0.9080
s 1
usemtl blau.003
f 2598//2241 2599//2242 2600//2243
f 2600//2243 2599//2242 2601//2244
f 2600//2243 2601//2244 2602//2245
f 2602//2245 2601//2244 2603//2246
f 2602//2245 2603//2246 2604//2247
f 2600//2243 2605//2248 2598//2241
f 2598//2241 2605//2248 2606//2249
f 2598//2241 2606//2249 2607//2250
f 2607//2250 2606//2249 2608//2251
f 2606//2249 2609//2252 2608//2251
f 2608//2251 2609//2252 2610//2253
f 2608//2251 2610//2253 2611//2254
f 2611//2254 2610//2253 2612//2255
f 2611//2254 2612//2255 2613//2256
f 2614//2257 2615//2258 2616//2259
f 2616//2259 2615//2258 2604//2247
f 2616//2259 2604//2247 2603//2246
f 2617//2260 2618//2261 2619//2262
f 2619//2262 2618//2261 2620//2263
f 2619//2262 2620//2263 2621//2264
f 2622//2265 2623//2266 2624//2267
f 2625//2268 2626//2269 2627//2270
f 2627//2270 2626//2269 2628//2271
f 2627//2270 2628//2271 2624//2267
f 2624//2267 2628//2271 2629//2272
f 2624//2267 2629//2272 2622//2265
s 0
f 8306//2273 2631//2274 2632//2275
s 1
f 2623//2266 2622//2265 2632//2276
f 2632//2276 2622//2265 2633//2277
f 2632//2276 2633//2277 8306//2273
f 2618//2261 2617//2260 2634//2278
f 2631//2279 8306//2273 2634//2278
f 2634//2278 8306//2273 7393//2280
f 2634//2278 7393//2280 2618//2261
f 2616//2259 2603//2246 2636//2281
f 2636//2281 2603//2246 2601//2244
f 2601//2244 2599//2242 2636//2281
f 2636//2281 2599//2242 2598//2241
f 2636//2281 2598//2241 2607//2250
f 2607//2250 2608//2251 2636//2281
f 2636//2281 2608//2251 2611//2254
f 2636//2281 2611//2254 2637//2282
f 2637//2282 2611//2254 2613//2256
f 2636//2281 2638//2283 2616//2259
s 0
f 2616//2284 2638//2284 2639//2284
s 1
f 2616//2259 2639//2285 2614//2257
f 2614//2257 2639//2285 2640//2286
f 2614//2257 2640//2286 2641//2287
s 0
f 2642//2288 2643//2288 2644//2288
f 2645//2289 2646//2289 2647//2289
f 2648//2290 2649//2290 2647//2290
f 2650//2289 2651//2289 2644//2289
f 2647//2291 2652//2291 2653//2291
f 2654//2289 2655//2289 2656//2289
f 2644//2292 2647//2292 2657//2292
f 2651//2290 2658//2290 2644//2290
f 2644//2289 2658//2289 2659//2289
f 2644//2290 2659//2290 2660//2290
f 2660//2289 2661//2289 2644//2289
f 2644//2290 2661//2290 2662//2290
f 2644//2289 2662//2289 2663//2289
f 2664//2290 2644//2290 2665//2290
f 2665//2293 2644//2293 2666//2293
f 2664//2290 2667//2290 2644//2290
f 2644//2288 2667//2288 2668//2288
f 2644//2290 2668//2290 2642//2290
f 2669//2294 2670//2294 2644//2294
f 2644//2295 2671//2295 2647//2295
f 2647//2291 2671//2291 2672//2291
f 2647//2290 2672//2290 2673//2290
f 2673//2288 2674//2288 2647//2288
f 2647//2290 2674//2290 2675//2290
f 2647//2290 2675//2290 2652//2290
f 2676//2294 2677//2294 2647//2294
f 2647//2289 2677//2289 2678//2289
f 2647//2293 2678//2293 2645//2293
f 2679//2290 2680//2290 2647//2290
f 2647//2294 2680//2294 2681//2294
f 2657//2290 2682//2290 2644//2290
f 2644//2295 2682//2295 2683//2295
f 2644//2290 2683//2290 2684//2290
f 2684//2290 2685//2290 2644//2290
f 2644//2290 2685//2290 2686//2290
f 2644//2290 2686//2290 2650//2290
f 2663//2290 2687//2290 2644//2290
f 2644//2290 2687//2290 2688//2290
f 2644//2290 2688//2290 2689//2290
f 2690//2289 2691//2289 2644//2289
f 2644//2296 2692//2296 2693//2296
f 2653//2295 2694//2295 2647//2295
f 2647//2297 2694//2297 2695//2297
f 2647//2290 2695//2290 2696//2290
f 2697//2293 2698//2293 2647//2293
f 2647//2289 2698//2289 2699//2289
f 2647//2289 2699//2289 2700//2289
f 2646//2293 2701//2293 2647//2293
f 2647//2289 2701//2289 2702//2289
f 2647//2290 2702//2290 2703//2290
f 2704//2290 2705//2290 2647//2290
f 2647//2290 2705//2290 2706//2290
f 2647//2289 2706//2289 2707//2289
f 2707//2293 2708//2293 2647//2293
f 2647//2289 2708//2289 2709//2289
f 2647//2290 2709//2290 2679//2290
f 2681//2289 2710//2289 2647//2289
f 2647//2293 2710//2293 2711//2293
f 2647//2293 2711//2293 2712//2293
f 2712//2289 2713//2289 2647//2289
f 2647//2293 2713//2293 2714//2293
f 2647//2290 2714//2290 2648//2290
f 2649//2289 2715//2289 2647//2289
f 2647//2298 2715//2298 2716//2298
f 2647//2299 2716//2299 2717//2299
f 2717//2300 2718//2300 2647//2300
f 2647//2296 2718//2296 2719//2296
f 2647//2289 2719//2289 2656//2289
f 2720//2289 2656//2289 2721//2289
f 2721//2293 2722//2293 2720//2293
f 2720//2290 2722//2290 2723//2290
f 2720//2301 2723//2301 2724//2301
f 2724//2290 2725//2290 2720//2290
f 2720//2302 2725//2302 2726//2302
f 2720//2290 2726//2290 2727//2290
f 2720//2289 2728//2289 2656//2289
f 2656//2293 2728//2293 2729//2293
f 2656//2293 2729//2293 2730//2293
f 2655//2290 2731//2290 2656//2290
f 2656//2290 2731//2290 2732//2290
f 2656//2290 2732//2290 2647//2290
f 2689//2290 2733//2290 2644//2290
f 2644//2290 2733//2290 2734//2290
f 2644//2290 2734//2290 2666//2290
f 2691//2293 2735//2293 2644//2293
f 2644//2290 2735//2290 2736//2290
f 2644//2296 2736//2296 2669//2296
f 2670//2290 2737//2290 2644//2290
f 2644//2290 2737//2290 2738//2290
f 2644//2290 2738//2290 2692//2290
f 2696//2303 2739//2303 2647//2303
f 2647//2290 2739//2290 2740//2290
f 2647//2291 2740//2291 2741//2291
f 2700//2290 2742//2290 2647//2290
f 2647//2296 2742//2296 2743//2296
f 2647//2290 2743//2290 2676//2290
f 2703//2304 2744//2304 2647//2304
f 2647//2293 2744//2293 2745//2293
f 2647//2296 2745//2296 2704//2296
f 2746//2293 2747//2293 2748//2293
f 2748//2289 2749//2289 2746//2289
f 2746//2290 2749//2290 2750//2290
f 2746//2294 2750//2294 2751//2294
f 2752//2290 2753//2290 2644//2290
f 2644//2294 2753//2294 2754//2294
f 2644//2290 2754//2290 2690//2290
f 2693//2294 2755//2294 2644//2294
f 2644//2305 2755//2305 2756//2305
f 2644//2290 2756//2290 2757//2290
f 2757//2290 2758//2290 2644//2290
f 2644//2294 2758//2294 2759//2294
f 2644//2289 2759//2289 2760//2289
f 2761//2296 2762//2296 2763//2296
f 2647//2306 2764//2306 2765//2306
f 8923//2289 2767//2289 2647//2289
f 2647//2289 2767//2289 2768//2289
f 2647//2307 2768//2307 2769//2307
f 2769//2290 2770//2290 2647//2290
f 2647//2308 2770//2308 2771//2308
f 2647//2309 2771//2309 2772//2309
f 2727//2294 2773//2294 2720//2294
f 2720//2289 2773//2289 2774//2289
f 2720//2289 2774//2289 2775//2289
f 2775//2293 2776//2293 2720//2293
f 2720//2290 2776//2290 2777//2290
f 2720//2289 2777//2289 2778//2289
f 2779//2310 2780//2310 2781//2310
f 2746//2300 2782//2300 2783//2300
f 2643//2290 2784//2290 2644//2290
f 2644//2311 2784//2311 2785//2311
f 2644//2290 2785//2290 2786//2290
f 2760//2289 2787//2289 2644//2289
f 2644//2293 2787//2293 2788//2293
f 2644//2312 2788//2312 2789//2312
f 2790//2305 2791//2305 2792//2305
f 2793//2302 2794//2302 2795//2302
f 2796//2289 2797//2289 2763//2289
f 2763//2313 2797//2313 2798//2313
f 2763//2314 2798//2314 2799//2314
f 2741//2303 2800//2303 2647//2303
f 2647//2290 2800//2290 2801//2290
f 2647//2315 2801//2315 2764//2315
f 2765//2316 2802//2316 2647//2316
f 2647//2288 2802//2288 2803//2288
f 2647//2317 2803//2317 8923//2317
f 2772//2294 2804//2294 2647//2294
f 2647//2289 2804//2289 2805//2289
f 2647//2289 2805//2289 2697//2289
f 2751//2290 2806//2290 2746//2290
f 2746//2289 2806//2289 2807//2289
f 2746//2318 2807//2318 2782//2318
f 2778//2293 2808//2293 2720//2293
f 2720//2289 2808//2289 2746//2289
f 2720//2293 2746//2293 2809//2293
f 2809//2312 2746//2312 2783//2312
f 2730//2289 2810//2289 2656//2289
f 2656//2290 2810//2290 2811//2290
f 2656//2293 2811//2293 2812//2293
f 2812//2319 2813//2319 2656//2319
f 2656//2320 2813//2320 2814//2320
f 2656//2302 2814//2302 2815//2302
f 2786//2289 2816//2289 2644//2289
f 2644//2289 2816//2289 2817//2289
f 2644//2290 2817//2290 2752//2290
f 2818//2290 2819//2290 2763//2290
f 2763//2305 2819//2305 2820//2305
f 2763//2290 2820//2290 2821//2290
f 2762//2289 2822//2289 2763//2289
f 2763//2294 2822//2294 2823//2294
f 2763//2321 2823//2321 2796//2321
f 2789//2294 2824//2294 2644//2294
f 2644//2289 2824//2289 2763//2289
f 2644//2296 2763//2296 2825//2296
f 2825//2322 2763//2322 2799//2322
f 2826//2323 2827//2323 2828//2323
f 2828//2300 2827//2300 2829//2300
f 2815//2290 2830//2290 2656//2290
f 2656//2289 2830//2289 2831//2289
f 2656//2290 2831//2290 2654//2290
f 2818//2290 2763//2290 2792//2290
f 2792//2296 2763//2296 2832//2296
f 2792//2293 2832//2293 2790//2293
f 2791//2324 2833//2324 2792//2324
f 2792//2325 2833//2325 2834//2325
f 2792//2312 2834//2312 2835//2312
f 2836//2289 2837//2289 2794//2289
f 2794//2289 2837//2289 2838//2289
f 2794//2301 2838//2301 2795//2301
f 2821//2294 2839//2294 2763//2294
f 2763//2312 2839//2312 2840//2312
f 2763//2326 2840//2326 2761//2326
f 2841//2327 2842//2327 2781//2327
f 2781//2294 2842//2294 2843//2294
f 2781//2302 2843//2302 2779//2302
f 2779//2328 2843//2328 2844//2328
f 2841//2326 2781//2326 2828//2326
f 2828//2290 2781//2290 2845//2290
f 2828//2312 2845//2312 2826//2312
f 2746//2290 2846//2290 2747//2290
f 2747//2290 2846//2290 2828//2290
f 2747//2290 2828//2290 2847//2290
f 2847//2293 2828//2293 2829//2293
f 2836//2312 2848//2312 2837//2312
f 2837//2329 2848//2329 2792//2329
f 2837//2330 2792//2330 2849//2330
f 2849//2326 2792//2326 2835//2326
f 2850//2296 2851//2296 2795//2296
f 2795//2331 2851//2331 2852//2331
f 2795//2293 2852//2293 2793//2293
f 2853//2332 2854//2332 2855//2332
f 2856//2333 2857//2333 2853//2333
f 2853//2334 2857//2334 2858//2334
f 2853//2324 2858//2324 2854//2324
f 2795//2331 2859//2331 2850//2331
f 2850//2319 2859//2319 2853//2319
f 2850//2335 2853//2335 2860//2335
f 2860//2305 2853//2305 2855//2305
s 1
f 2625//2268 2627//2270 2861//2336
f 2861//2336 2627//2270 2624//2267
f 2624//2267 2623//2266 2861//2336
f 2861//2336 2623//2266 2632//2276
f 2861//2336 2632//2276 2631//2279
f 2862//2337 2863//2338 2621//2264
f 2621//2264 2863//2338 2864//2339
f 2621//2264 2864//2339 2619//2262
s 0
f 2619//2340 2864//2340 2865//2340
s 1
f 2619//2262 2865//2341 2617//2260
f 2617//2260 2865//2341 2861//2336
f 2617//2260 2861//2336 2634//2278
f 2634//2278 2861//2336 2631//2279
f 2866//2342 2867//2343 8665//2344
f 2869//2345 2870//2346 8375//2347
f 2872//2348 2873//2349 8148//2350
f 2875//2351 8419//2352 2877//2353
f 7715//2354 7718//2355 2880//2356
f 2880//2356 7718//2355 2881//2357
f 2880//2356 2881//2357 2882//2358
f 2882//2358 2881//2357 2875//2351
f 2882//2358 2875//2351 2883//2359
f 2883//2359 2875//2351 2877//2353
f 2880//2356 2884//2360 7715//2354
f 7715//2354 2884//2360 2885//2361
f 7715//2354 2885//2361 7796//2362
f 7796//2362 2885//2361 2887//2363
f 7796//2362 2887//2363 8177//2364
f 8177//2364 2887//2363 2889//2365
f 8177//2364 2889//2365 2890//2366
f 2890//2366 2889//2365 2891//2367
f 2892//2368 2893//2369 2891//2367
f 2891//2367 2893//2369 2894//2370
f 2891//2367 2894//2370 2890//2366
f 2892//2368 2895//2371 2893//2369
f 2893//2369 2895//2371 2896//2372
f 2893//2369 2896//2372 8494//2373
f 7988//2374 7991//2375 2900//2376
f 2900//2376 7991//2375 8029//2377
f 2900//2376 8029//2377 2902//2378
f 2902//2378 8029//2377 8494//2373
f 2902//2378 8494//2373 2903//2379
f 2903//2379 8494//2373 2896//2372
f 2900//2376 2904//2380 7988//2374
f 7988//2374 2904//2380 2905//2381
f 7988//2374 2905//2381 8097//2382
f 8097//2382 2905//2381 2907//2383
f 8097//2382 2907//2383 8266//2384
f 8266//2384 2907//2383 2909//2385
f 8266//2384 2909//2385 8115//2386
f 8115//2386 2909//2385 2911//2387
f 2912//2388 8088//2389 2911//2387
f 2911//2387 8088//2389 2914//2390
f 2911//2387 2914//2390 8115//2386
f 2912//2388 2915//2391 8088//2389
f 8088//2389 2915//2391 2916//2392
f 8088//2389 2916//2392 7396//2393
f 7396//2393 2916//2392 2918//2394
f 7396//2393 2918//2394 2919//2395
f 2919//2395 2918//2394 2920//2396
s 0
f 2921//2397 8842//2397 2920//2397
s 1
f 2920//2396 8842//2398 8845//2399
f 2920//2396 8845//2399 2919//2395
s 0
f 2921//2400 2924//2400 8842//2400
s 1
f 8842//2401 2924//2402 2925//2403
f 8842//2401 2925//2403 2926//2404
f 2926//2404 2925//2403 2927//2405
f 2926//2404 2927//2405 2928//2406
f 2928//2406 2927//2405 2929//2407
f 2928//2406 2929//2407 7810//2408
f 7810//2408 2929//2407 2931//2409
f 7810//2408 2931//2409 2932//2410
f 2932//2410 2931//2409 2933//2411
f 2932//2410 2933//2411 2934//2412
f 2933//2411 2935//2413 2934//2412
f 2934//2412 2935//2413 2936//2414
f 2934//2412 2936//2414 7628//2415
f 7628//2415 2936//2414 2938//2416
f 7628//2415 2938//2416 2939//2417
f 2939//2417 2938//2416 2940//2418
f 2939//2417 2940//2418 7691//2419
f 7691//2419 2940//2418 2942//2420
f 7691//2419 2942//2420 2943//2421
f 2942//2420 2944//2422 2943//2421
f 2943//2421 2944//2422 2945//2423
f 2943//2421 2945//2423 8129//2424
f 8129//2424 2945//2423 2947//2425
f 8129//2424 2947//2425 2948//2426
f 2948//2426 2947//2425 8237//2427
f 8237//2427 2947//2425 2950//2428
f 8237//2427 2950//2428 8257//2429
f 8257//2429 2950//2428 2952//2430
f 8257//2429 2952//2430 2953//2431
f 2953//2431 2952//2430 2954//2432
f 2953//2431 2954//2432 2955//2433
f 2955//2433 2954//2432 2956//2434
f 2955//2433 2956//2434 8003//2435
f 8003//2435 2956//2434 2958//2436
f 8003//2435 2958//2436 2959//2437
f 2959//2437 2958//2436 2960//2438
f 2959//2437 2960//2438 8367//2439
f 8367//2439 2960//2438 2962//2440
f 8367//2439 2962//2440 2963//2441
f 2962//2440 2964//2442 2963//2441
f 2963//2441 2964//2442 2965//2443
f 2963//2441 2965//2443 8461//2444
f 8461//2444 2965//2443 2967//2445
f 8461//2444 2967//2445 2968//2446
f 2968//2446 2967//2445 2969//2447
f 2968//2446 2969//2447 8288//2448
f 8288//2448 2969//2447 2971//2449
f 8288//2448 2971//2449 2972//2450
f 2972//2450 2971//2449 2973//2451
f 2972//2450 2973//2451 2974//2452
s 0
f 2974//2453 2973//2453 2975//2453
s 1
f 2974//2454 2975//2455 8373//2456
s 0
f 8373//2457 2975//2457 2977//2457
s 1
f 8373//2456 2977//2458 2978//2459
f 2978//2459 2977//2458 2979//2460
f 2978//2459 2979//2460 8343//2461
f 8343//2461 2979//2460 2981//2462
f 8343//2461 2981//2462 2982//2463
f 8294//2464 2984//2465 2985//2466
f 2981//2462 2986//2467 2982//2463
f 2982//2463 2986//2467 2985//2466
f 2982//2463 2985//2466 2987//2468
f 2987//2468 2985//2466 2984//2465
f 2985//2466 2988//2469 8294//2464
f 8294//2464 2988//2469 2989//2470
f 8294//2464 2989//2470 8305//2471
f 8305//2471 2989//2470 2991//2472
f 8305//2471 2991//2472 2992//2473
f 2992//2473 2991//2472 2993//2474
f 2992//2473 2993//2474 8079//2475
f 8079//2475 2993//2474 2995//2476
f 8079//2475 2995//2476 2996//2477
f 2996//2477 2995//2476 2997//2478
f 2996//2477 2997//2478 2998//2479
f 2998//2479 2997//2478 2999//2480
f 2998//2479 2999//2480 8204//2481
f 8204//2481 2999//2480 3001//2482
f 8204//2481 3001//2482 3002//2483
f 3002//2483 3001//2482 3003//2484
f 3002//2483 3003//2484 3004//2485
f 3004//2485 3003//2484 3005//2486
f 3004//2485 3005//2486 8170//2487
f 8170//2487 3005//2486 3007//2488
f 8170//2487 3007//2488 3008//2489
f 3008//2489 3007//2488 3009//2490
f 3008//2489 3009//2490 3010//2491
f 3010//2491 3009//2490 3011//2492
f 3010//2491 3011//2492 3012//2493
f 3012//2493 3011//2492 3013//2494
f 3012//2493 3013//2494 7697//2495
f 7697//2495 3013//2494 3015//2496
f 7697//2495 3015//2496 7838//2497
f 7838//2497 3015//2496 3017//2498
f 7838//2497 3017//2498 3018//2499
f 3018//2499 3017//2498 3019//2500
f 3018//2499 3019//2500 7870//2501
f 3019//2500 3021//2502 7870//2501
f 7870//2501 3021//2502 3022//2503
f 7870//2501 3022//2503 3023//2504
f 3023//2504 3022//2503 3024//2505
f 3023//2504 3024//2505 3025//2506
f 3026//2507 3027//2508 3028//2509
f 3028//2509 3027//2508 3029//2510
f 3028//2509 3029//2510 3030//2511
f 3030//2511 3029//2510 3031//2512
f 3030//2511 3031//2512 3032//2513
f 3032//2513 3031//2512 7478//2514
f 3032//2513 7478//2514 3025//2506
f 3025//2506 7478//2514 3034//2515
f 3025//2506 3034//2515 3023//2504
f 3026//2507 3035//2516 3027//2508
s 0
f 3027//2517 3035//2517 3036//2517
s 1
f 3027//2508 3036//2518 7489//2519
f 7489//2519 3036//2518 3038//2520
f 2872//2348 8148//2350 3039//2521
f 3038//2520 3036//2518 8788//2522
f 8788//2522 3036//2518 3041//2523
f 8788//2522 3041//2523 8148//2350
f 8148//2350 3041//2523 3042//2524
f 8148//2350 3042//2524 3039//2521
f 7822//2525 7862//2526 3045//2527
f 3045//2527 7862//2526 7902//2528
f 3045//2527 7902//2528 2873//2349
f 2873//2349 7902//2528 7925//2529
f 2873//2349 7925//2529 8148//2350
f 3045//2527 3048//2530 7822//2525
f 7822//2525 3048//2530 3049//2531
f 7822//2525 3049//2531 7788//2532
f 3049//2531 3051//2533 7788//2532
f 7788//2532 3051//2533 3052//2534
f 7788//2532 3052//2534 7680//2535
f 7680//2535 3052//2534 3054//2536
f 7680//2535 3054//2536 7569//2537
f 7569//2537 3054//2536 7570//2538
f 3057//2539 7615//2540 3059//2541
f 3059//2541 7615//2540 7570//2538
f 3059//2541 7570//2538 3060//2542
f 3060//2542 7570//2538 3054//2536
f 3057//2539 3061//2543 7615//2540
f 7615//2540 3061//2543 3062//2544
f 7615//2540 3062//2544 8316//2545
f 8316//2545 3062//2544 8437//2546
f 8437//2546 3062//2544 8422//2547
f 8422//2547 3062//2544 3066//2548
f 8422//2547 3066//2548 8407//2549
f 8407//2549 3066//2548 3068//2550
f 8407//2549 3068//2550 8408//2551
f 8408//2551 3068//2550 3070//2552
f 8408//2551 3070//2552 3071//2553
f 3070//2552 3072//2554 3071//2553
f 3071//2553 3072//2554 3073//2555
f 3071//2553 3073//2555 3074//2556
f 3074//2556 3073//2555 3075//2557
f 3074//2556 3075//2557 3076//2558
f 3076//2558 3075//2557 3077//2559
f 3076//2558 3077//2559 7592//2560
f 7592//2560 3077//2559 3079//2561
f 7592//2560 3079//2561 7320//2562
f 7320//2562 3079//2561 3081//2563
f 3081//2563 3082//2564 7320//2562
f 7320//2562 3082//2564 3083//2565
s 0
f 7320//2566 3083//2566 7321//2566
s 1
f 7321//2567 3083//2565 7332//2568
f 7332//2568 3083//2565 7326//2569
f 7326//2569 3083//2565 3087//2570
f 7326//2569 3087//2570 7329//2571
f 7329//2571 3087//2570 3089//2572
f 7329//2571 3089//2572 7959//2573
f 3089//2572 3091//2574 7959//2573
f 7959//2573 3091//2574 3092//2575
f 7959//2573 3092//2575 3093//2576
f 3092//2575 3094//2577 3093//2576
f 3093//2576 3094//2577 3095//2578
f 3093//2576 3095//2578 3096//2579
f 3096//2579 3095//2578 3097//2580
f 3096//2579 3097//2580 3098//2581
f 3098//2581 3097//2580 3099//2582
f 3098//2581 3099//2582 8797//2583
f 8797//2583 3099//2582 3101//2584
f 8797//2583 3101//2584 8375//2347
f 8375//2347 3101//2584 3102//2585
f 8375//2347 3102//2585 2869//2345
f 8159//2586 3104//2587 3105//2588
f 8159//2586 3105//2588 3106//2589
f 8159//2586 3107//2590 3104//2587
f 3104//2587 3107//2590 8126//2591
f 3104//2587 8126//2591 3109//2592
f 3109//2592 8126//2591 7982//2593
f 3109//2592 7982//2593 2870//2346
f 2870//2346 7982//2593 3111//2594
f 2870//2346 3111//2594 8375//2347
f 3112//2595 7497//2596 3114//2597
f 3114//2597 7497//2596 3115//2598
f 3114//2597 3115//2598 3116//2599
f 3116//2599 3115//2598 3117//2600
f 3105//2588 3118//2601 3106//2589
f 3106//2589 3118//2601 3117//2600
f 3106//2589 3117//2600 3119//2602
f 3119//2602 3117//2600 3115//2598
f 8365//2603 3121//2604 3122//2605
f 3122//2605 3121//2604 3123//2606
f 3123//2606 3121//2604 7752//2607
f 3123//2606 7752//2607 3125//2608
f 3112//2595 3126//2609 7497//2596
f 7497//2596 3126//2609 3127//2610
f 7497//2596 3127//2610 7498//2611
f 7498//2611 3127//2610 3125//2608
f 7498//2611 3125//2608 7755//2612
f 7755//2612 3125//2608 7752//2607
f 3122//2605 3130//2613 8365//2603
f 8365//2603 3130//2613 3131//2614
f 8365//2603 3131//2614 3132//2615
s 0
f 3132//2616 3131//2616 3133//2616
s 1
f 3132//2615 3133//2617 7421//2618
f 7421//2618 3133//2617 3135//2619
f 7421//2618 3135//2619 3136//2620
f 3136//2620 3135//2619 3137//2621
f 3136//2620 3137//2621 7508//2622
f 7508//2622 3137//2621 3139//2623
f 7508//2622 3139//2623 7462//2624
f 7462//2624 3139//2623 3141//2625
f 7462//2624 3141//2625 7955//2626
f 7955//2626 3141//2625 3143//2627
f 7955//2626 3143//2627 7958//2628
f 7958//2628 3143//2627 3145//2629
f 7958//2628 3145//2629 7295//2630
f 7295//2630 3145//2629 3147//2631
f 7295//2630 3147//2631 3148//2632
f 3148//2632 3147//2631 3149//2633
f 3148//2632 3149//2633 7766//2634
f 7766//2634 3149//2633 3151//2635
f 7766//2634 3151//2635 3152//2636
f 3151//2635 3153//2637 3152//2636
s 0
f 3152//2638 3153//2638 3154//2638
s 1
f 3152//2636 3154//2639 3155//2640
f 3155//2640 3154//2639 3156//2641
f 3155//2640 3156//2641 3157//2642
f 3157//2642 3156//2641 3158//2643
f 3157//2642 3158//2643 7564//2644
f 3158//2643 3160//2645 7564//2644
f 7564//2644 3160//2645 3161//2646
f 7564//2644 3161//2646 7654//2647
f 7654//2647 3161//2646 3163//2648
f 7654//2647 3163//2648 3164//2649
f 3164//2649 3163//2648 3165//2650
f 3164//2649 3165//2650 8253//2651
f 2635//2652 8856//2653 2618//2261
f 2618//2261 8856//2653 8857//2654
f 2618//2261 8857//2654 2620//2263
f 2620//2263 8857//2654 8864//2655
f 2620//2263 8864//2655 2621//2264
f 2621//2264 8864//2655 8814//2656
f 2621//2264 8814//2656 2862//2337
f 2862//2337 8814//2656 8816//2657
f 2862//2337 8816//2657 3172//2658
f 3172//2658 8816//2657 8253//2651
f 3172//2658 8253//2651 3173//2659
f 3173//2659 8253//2651 3165//2650
s 0
f 2635//2660 2630//2660 8856//2660
s 1
f 8856//2653 2630//2661 2633//2277
f 8856//2653 2633//2277 8810//2662
f 8810//2662 2633//2277 2622//2265
f 8810//2662 2622//2265 2629//2272
f 2629//2272 2628//2271 8810//2662
f 8810//2662 2628//2271 2626//2269
f 8810//2662 2626//2269 2625//2268
f 3175//2663 3176//2664 8871//2665
f 2625//2268 3178//2666 8810//2662
s 0
f 8810//2667 3178//2667 3179//2667
s 1
f 8810//2662 3179//2668 8813//2669
f 8813//2669 3179//2668 3181//2670
f 8813//2669 3181//2670 8855//2671
f 8855//2671 3181//2670 3183//2672
f 8855//2671 3183//2672 8871//2665
f 8871//2665 3183//2672 3184//2673
f 8871//2665 3184//2673 3175//2663
f 3185//2674 3186//2675 3187//2676
f 3187//2676 3186//2675 3188//2677
f 3187//2676 3188//2677 3189//2678
f 3189//2678 3188//2677 3190//2679
f 3189//2678 3190//2679 3191//2680
f 3191//2680 3190//2679 3192//2681
f 3191//2680 3192//2681 7611//2682
f 7611//2682 3192//2681 3194//2683
f 7611//2682 3194//2683 3195//2684
f 3195//2684 3194//2683 3196//2685
f 3195//2684 3196//2685 3197//2686
f 3197//2686 3196//2685 3198//2687
f 3197//2686 3198//2687 8419//2352
f 8419//2352 3198//2687 3199//2688
f 8419//2352 3199//2688 2877//2353
f 3200//2689 3201//2690 8157//2691
f 8157//2691 3201//2690 3203//2692
f 8157//2691 3203//2692 8120//2693
f 3187//2676 3205//2694 3185//2674
f 3185//2674 3205//2694 3206//2695
f 3185//2674 3206//2695 3207//2696
f 3207//2696 3206//2695 8120//2693
f 3207//2696 8120//2693 3208//2697
f 3208//2697 8120//2693 3203//2692
f 3209//2698 3210//2699 8464//2700
f 8464//2700 3210//2699 3212//2701
f 8464//2700 3212//2701 3213//2702
f 3213//2702 3212//2701 3214//2703
f 3213//2702 3214//2703 7950//2704
f 3214//2703 3216//2705 7950//2704
f 7950//2704 3216//2705 3217//2706
f 7950//2704 3217//2706 8019//2707
f 8019//2707 3217//2706 3200//2689
f 8019//2707 3200//2689 3219//2708
f 3219//2708 3200//2689 8157//2691
f 8058//2709 3221//2710 3222//2711
f 3222//2711 3221//2710 3209//2698
f 3222//2711 3209//2698 8183//2712
f 8183//2712 3209//2698 8464//2700
f 3224//2713 3225//2714 8188//2715
f 8188//2715 3225//2714 3227//2716
f 8188//2715 3227//2716 8240//2717
f 8240//2717 3227//2716 3229//2718
f 8240//2717 3229//2718 8058//2709
f 8058//2709 3229//2718 3230//2719
f 8058//2709 3230//2719 3221//2710
f 8188//2715 8300//2720 3224//2713
f 3224//2713 8300//2720 8301//2721
f 3224//2713 8301//2721 3233//2722
f 3233//2722 8301//2721 8280//2723
f 3233//2722 8280//2723 3235//2724
f 3235//2724 8280//2723 3236//2725
f 3236//2725 8280//2723 8281//2726
f 3236//2725 8281//2726 3238//2727
f 3238//2727 8281//2726 3239//2728
f 3238//2727 3239//2728 3240//2729
s 0
f 3240//2730 3239//2730 3241//2730
s 1
f 3241//2731 3239//2728 8364//2732
f 3241//2731 8364//2732 3243//2733
f 3243//2733 8364//2732 8181//2734
f 3243//2733 8181//2734 3245//2735
f 3245//2735 8181//2734 3246//2736
f 3246//2736 8181//2734 8134//2737
f 3246//2736 8134//2737 3248//2738
f 3248//2738 8134//2737 8137//2739
f 3248//2738 8137//2739 3250//2740
s 0
f 3250//2741 8137//2741 3251//2741
s 1
f 3251//2742 8137//2739 8051//2743
f 3251//2742 8051//2743 8052//2744
f 8041//2745 3255//2746 8014//2747
f 8014//2747 3255//2746 3257//2748
f 8014//2747 3257//2748 8015//2749
f 8015//2749 3257//2748 3259//2750
f 8015//2749 3259//2750 8052//2744
f 8052//2744 3259//2750 3260//2751
f 8052//2744 3260//2751 3251//2742
f 8665//2344 2867//2343 8835//2752
f 8835//2752 2867//2343 3262//2753
f 8835//2752 3262//2753 8894//2754
f 8894//2754 3262//2753 3264//2755
f 8894//2754 3264//2755 8041//2745
f 8041//2745 3264//2755 3265//2756
f 8041//2745 3265//2756 3255//2746
f 2866//2342 8665//2344 3266//2757
f 3266//2757 8665//2344 3267//2758
f 3266//2757 3267//2758 3268//2759
f 3267//2758 3269//2760 3268//2759
f 3268//2759 3269//2760 3270//2761
f 3268//2759 3270//2761 3271//2762
f 3272//2763 2613//2256 2612//2255
f 3273//2764 3272//2763 9048//2765
f 3272//2763 2612//2255 9048//2765
f 9048//2765 2612//2255 2610//2253
f 9048//2765 2610//2253 2609//2252
f 2609//2252 2606//2249 9048//2765
f 9048//2765 2606//2249 2605//2248
f 9048//2765 2605//2248 9116//2766
f 9116//2766 2605//2248 2600//2243
f 9116//2766 2600//2243 9053//2767
f 2600//2243 2602//2245 9053//2767
s 0
f 9053//2768 2602//2768 2604//2768
s 1
f 9053//2767 2604//2247 3277//2769
f 3277//2769 2604//2247 2615//2258
f 3277//2769 2615//2258 9076//2770
f 9076//2770 2615//2258 2614//2257
f 9076//2770 2614//2257 9319//2771
f 9319//2771 2614//2257 2641//2287
f 9319//2771 2641//2287 8982//2772
f 8982//2772 2641//2287 3281//2773
f 8982//2772 3281//2773 3270//2761
f 3270//2761 3281//2773 3282//2774
f 3270//2761 3282//2774 3271//2762
f 8999//2775 3284//2776 9277//2777
f 9277//2777 3284//2776 3273//2764
f 9277//2777 3273//2764 9051//2778
f 9051//2778 3273//2764 9048//2765
s 0
f 3287//2779 3288//2779 9000//2779
s 1
f 8999//2775 9291//2780 3289//2781
f 8999//2775 3289//2781 3284//2776
f 3290//2782 3291//2783 3292//2784
f 3293//2785 3294//2786 3295//2787
f 3296//2788 3297//2789 3298//2790
f 3299//2791 3300//2792 3301//2793
f 3302//2794 3303//2795 3304//2796
f 3305//2797 3306//2798 3307//2799
f 3308//2800 3309//2801 3310//2802
f 3311//2803 3312//2804 3313//2805
f 3314//2806 3315//2807 3316//2808
f 3317//2809 3318//2810 3319//2811
f 3320//2812 3321//2813 3322//2814
f 3318//2810 3317//2809 3323//2815
f 8394//2816 8430//2817 8336//2818
f 3327//2819 3328//2820 7391//2821
f 7964//2822 3331//2823 8231//2824
f 3015//2496 3013//2494 3333//2825
f 3289//2781 3334//2826 3335//2827
f 2756//2828 2755//2829 3336//2830
f 2737//2831 2670//2832 3337//2833
f 2777//2834 2776//2835 7656//2836
f 2706//2837 2705//2838 7349//2839
f 2645//2840 2678//2841 3340//2842
f 2699//2843 2698//2844 3341//2845
f 2695//2846 2694//2847 3342//2848
f 2674//2849 2673//2850 3343//2851
f 3344//2852 2850//2853 2860//2854
f 3344//2852 2860//2854 3345//2855
f 3345//2855 2860//2854 2855//2856
f 3345//2855 2855//2856 2854//2857
f 2850//2853 3344//2852 2851//2858
f 2851//2858 3344//2852 3346//2859
f 2851//2858 3346//2859 2852//2860
f 3347//2861 2794//2862 3346//2859
f 3346//2859 2794//2862 2793//2863
f 3346//2859 2793//2863 2852//2860
f 3348//2864 2848//2865 3347//2861
f 3347//2861 2848//2865 2836//2866
f 3347//2861 2836//2866 2794//2862
f 2820//2867 2819//2868 3349//2869
f 3349//2869 2819//2868 2818//2870
f 3349//2869 2818//2870 3348//2864
f 3348//2864 2818//2870 2792//2871
f 3348//2864 2792//2871 2848//2865
f 2820//2867 3349//2869 2821//2872
f 2821//2872 3349//2869 3350//2873
f 2821//2872 3350//2873 2839//2874
f 2839//2874 3350//2873 3351//2875
f 2839//2874 3351//2875 2840//2876
f 2823//2877 2822//2878 3352//2879
f 3352//2879 2822//2878 2762//2880
f 3352//2879 2762//2880 3351//2875
f 3351//2875 2762//2880 2761//2881
f 3351//2875 2761//2881 2840//2876
f 3353//2882 2796//2883 2823//2877
f 3353//2882 2825//2884 2799//2885
f 2799//2885 2798//2886 3353//2882
f 3353//2882 2798//2886 2797//2887
f 3353//2882 2797//2887 2796//2883
f 2673//2850 2672//2888 3354//2889
f 3354//2889 2672//2888 2671//2890
f 3354//2889 2671//2890 2644//2891
f 2674//2849 3343//2851 2675//2892
f 2694//2847 2653//2893 3355//2894
f 3355//2894 2653//2893 2652//2895
f 3355//2894 2652//2895 2675//2892
f 2741//2896 2740//2897 3356//2898
f 3356//2898 2740//2897 2739//2899
f 3356//2898 2739//2899 2696//2900
f 3357//2901 2802//2902 2765//2903
f 2800//2904 3358//2905 2801//2906
f 2801//2906 3358//2905 3357//2901
f 2801//2906 3357//2901 2764//2907
f 2764//2907 3357//2901 2765//2903
f 8924//2908 3360//2909 2767//2910
f 2802//2902 3357//2901 2803//2911
f 2803//2911 3357//2901 8940//2912
f 2803//2911 8940//2912 8923//2913
f 2771//2914 2770//2915 3362//2916
f 3362//2916 2770//2915 2769//2917
f 3362//2916 2769//2917 3360//2909
f 3360//2909 2769//2917 2768//2918
f 3360//2909 2768//2918 2767//2910
f 3363//2919 2805//2920 2804//2921
f 3363//2919 2804//2921 3362//2916
f 3362//2916 2804//2921 2772//2922
f 3362//2916 2772//2922 2771//2914
f 3341//2845 2698//2844 3363//2919
f 3363//2919 2698//2844 2697//2923
f 3363//2919 2697//2923 2805//2920
f 2699//2843 3341//2845 2700//2924
f 2700//2924 3341//2845 3364//2925
f 2700//2924 3364//2925 2742//2926
f 2742//2926 3364//2925 3365//2927
f 2742//2926 3365//2927 2743//2928
f 2743//2928 3365//2927 3366//2929
f 2743//2928 3366//2929 2676//2930
f 3340//2842 2678//2841 3366//2929
f 3366//2929 2678//2841 2677//2931
f 3366//2929 2677//2931 2676//2930
f 2645//2840 3340//2842 2646//2932
f 2646//2932 3340//2842 3367//2933
f 2646//2932 3367//2933 2701//2934
f 2701//2934 3367//2933 9323//2935
f 2701//2934 9323//2935 2702//2936
f 2702//2936 9323//2935 9328//2937
f 2702//2936 9328//2937 2703//2938
f 7349//2839 2705//2838 7350//2939
f 2705//2838 2704//2940 7350//2939
f 7350//2939 2704//2940 2745//2941
f 7350//2939 2745//2941 9328//2937
f 9328//2937 2745//2941 2744//2942
f 9328//2937 2744//2942 2703//2938
f 2706//2837 7349//2839 2707//2943
f 2707//2943 7349//2839 7379//2944
f 2707//2943 7379//2944 2708//2945
f 2708//2945 7379//2944 9092//2946
f 2708//2945 9092//2946 2709//2947
f 2709//2947 9092//2946 9080//2948
f 2709//2947 9080//2948 2679//2949
f 2679//2949 9080//2948 9081//2950
f 2679//2949 9081//2950 2680//2951
f 9170//2952 9198//2953 2712//2954
f 2712//2954 2711//2955 9170//2952
f 9170//2952 2711//2955 2710//2956
f 9170//2952 2710//2956 9081//2950
f 9081//2950 2710//2956 2681//2957
f 9081//2950 2681//2957 2680//2951
f 9183//2958 2648//2959 9203//2960
f 9203//2960 2648//2959 2714//2961
f 9203//2960 2714//2961 9198//2953
f 9198//2953 2714//2961 2713//2962
f 9198//2953 2713//2962 2712//2954
f 2656//2963 2719//2964 9068//2965
f 9068//2965 2719//2964 2718//2966
f 9068//2965 2718//2966 2717//2967
f 2717//2967 2716//2968 9068//2965
f 9068//2965 2716//2968 2715//2969
f 9068//2965 2715//2969 9183//2958
f 9183//2958 2715//2969 2649//2970
f 9183//2958 2649//2970 2648//2959
f 2656//2963 9068//2965 2721//2971
f 2721//2971 9068//2965 9036//2972
f 2721//2971 9036//2972 2722//2973
f 2722//2973 9036//2972 2723//2974
f 2723//2974 9036//2972 9033//2975
f 2723//2974 9033//2975 2724//2976
f 2724//2976 9033//2975 9024//2977
f 2724//2976 9024//2977 2725//2978
f 9025//2979 2727//2980 9024//2977
f 9024//2977 2727//2980 2726//2981
f 9024//2977 2726//2981 2725//2978
f 7656//2836 2776//2835 7668//2982
f 2776//2835 2775//2983 7668//2982
f 7668//2982 2775//2983 2774//2984
f 7668//2982 2774//2984 9025//2979
f 9025//2979 2774//2984 2773//2985
f 9025//2979 2773//2985 2727//2980
f 2777//2834 7656//2836 2778//2986
f 2778//2986 7656//2836 7657//2987
f 2778//2986 7657//2987 2808//2988
f 2808//2988 7657//2987 8991//2989
f 2808//2988 8991//2989 2746//2990
f 2746//2990 8991//2989 2846//2991
f 2846//2991 8991//2989 8992//2992
f 2846//2991 8992//2992 2828//2993
f 2828//2993 8992//2992 8977//2994
f 2828//2993 8977//2994 2841//2995
f 8971//2996 8054//2997 2779//2998
f 2779//2998 2844//2999 8971//2996
f 8971//2996 2844//2999 2843//3000
f 8971//2996 2843//3000 8977//2994
f 8977//2994 2843//3000 2842//3001
f 8977//2994 2842//3001 2841//2995
f 8039//3002 2845//3003 3392//3004
f 3392//3004 2845//3003 2781//3005
f 3392//3004 2781//3005 8054//2997
f 8054//2997 2781//3005 2780//3006
f 8054//2997 2780//3006 2779//2998
f 2829//3007 2827//3008 8039//3002
f 8039//3002 2827//3008 2826//3009
f 8039//3002 2826//3009 2845//3003
f 8040//3010 3394//3011 2749//3012
f 2749//3012 2748//3013 8040//3010
f 8040//3010 2748//3013 2747//3014
f 8040//3010 2747//3014 8039//3002
f 8039//3002 2747//3014 2847//3015
f 8039//3002 2847//3015 2829//3007
f 3395//3016 2806//3017 3396//3018
f 3396//3018 2806//3017 2751//3019
f 3396//3018 2751//3019 3394//3011
f 3394//3011 2751//3019 2750//3020
f 3394//3011 2750//3020 2749//3012
f 8146//3021 2720//3022 3395//3016
f 3395//3016 2720//3022 2809//3023
f 3395//3016 2809//3023 2783//3024
f 2783//3024 2782//3025 3395//3016
f 3395//3016 2782//3025 2807//3026
f 3395//3016 2807//3026 2806//3017
f 8165//3027 2730//3028 8147//3029
f 8147//3029 2730//3028 2729//3030
f 8147//3029 2729//3030 8146//3021
f 8146//3021 2729//3030 2728//3031
f 8146//3021 2728//3031 2720//3022
f 3400//3032 2811//3033 8165//3027
f 8165//3027 2811//3033 2810//3034
f 8165//3027 2810//3034 2730//3028
f 3401//3035 2831//3036 2830//3037
f 3401//3035 2830//3037 3400//3032
f 3400//3032 2830//3037 2815//3038
f 3400//3032 2815//3038 2814//3039
f 2814//3039 2813//3040 3400//3032
f 3400//3032 2813//3040 2812//3041
f 3400//3032 2812//3041 2811//3033
f 2831//3036 3401//3035 2654//3042
f 2654//3042 3401//3035 8202//3043
f 2654//3042 8202//3043 2655//3044
f 2655//3044 8202//3043 2731//3045
f 2731//3045 8202//3043 3319//2811
f 2731//3045 3319//2811 2732//3046
f 2732//3046 3319//2811 3318//2810
f 2732//3046 3318//2810 2647//3047
f 2684//3048 2683//3049 3323//2815
f 3323//2815 2683//3049 2682//3050
f 3323//2815 2682//3050 3318//2810
f 3318//2810 2682//3050 2657//3051
f 3318//2810 2657//3051 2647//3047
f 2686//3052 2685//3053 3403//3054
f 3404//3055 3405//3056 2650//3057
f 3406//3058 2658//3059 3405//3056
f 3405//3056 2658//3059 2651//3060
f 3405//3056 2651//3060 2650//3057
f 2663//3061 2662//3062 3407//3063
f 3407//3063 2662//3062 2661//3064
f 3407//3063 2661//3064 3408//3065
f 3408//3065 2661//3064 2660//3066
f 3408//3065 2660//3066 3406//3058
f 3406//3058 2660//3066 2659//3067
f 3406//3058 2659//3067 2658//3059
f 2663//3061 3407//3063 2687//3068
f 2687//3068 3407//3063 3409//3069
f 2687//3068 3409//3069 2688//3070
f 2688//3070 3409//3069 3410//3071
f 2688//3070 3410//3071 2689//3072
f 2689//3072 3410//3071 2733//3073
f 2733//3073 3410//3071 3411//3074
f 2733//3073 3411//3074 2734//3075
f 2734//3075 3411//3074 3412//3076
f 2734//3075 3412//3076 2666//3077
f 3413//3078 2667//3079 3414//3080
f 3414//3080 2667//3079 2664//3081
f 3414//3080 2664//3081 3412//3076
f 3412//3076 2664//3081 2665//3082
f 3412//3076 2665//3082 2666//3077
f 2785//3083 2784//3084 3415//3085
f 3415//3085 2784//3084 2643//3086
f 3415//3085 2643//3086 3416//3087
f 3416//3087 2643//3086 2642//3088
f 3416//3087 2642//3088 3413//3078
f 3413//3078 2642//3088 2668//3089
f 3413//3078 2668//3089 2667//3079
f 3417//3090 2817//3091 3418//3092
f 3418//3092 2817//3091 2816//3093
f 3418//3092 2816//3093 3419//3094
f 3419//3094 2816//3093 2786//3095
f 3419//3094 2786//3095 2785//3083
f 2690//3096 2754//3097 3420//3098
f 3420//3098 2754//3097 2753//3099
f 3420//3098 2753//3099 3417//3090
f 3417//3090 2753//3099 2752//3100
f 3417//3090 2752//3100 2817//3091
f 2690//3096 3420//3098 2691//3101
f 2691//3101 3420//3098 3421//3102
f 2691//3101 3421//3102 2735//3103
f 2735//3103 3421//3102 3422//3104
f 2735//3103 3422//3104 2736//3105
f 3337//2833 2670//2832 3422//3104
f 3422//3104 2670//2832 2669//3106
f 3422//3104 2669//3106 2736//3105
f 2737//2831 3337//2833 2738//3107
f 2738//3107 3337//2833 3423//3108
f 2738//3107 3423//3108 2692//3109
f 3336//2830 2755//2829 3423//3108
f 3423//3108 2755//2829 2693//3110
f 3423//3108 2693//3110 2692//3109
f 2756//2828 3336//2830 2757//3111
f 2757//3111 3336//2830 3424//3112
f 2757//3111 3424//3112 2758//3113
f 3425//3114 2789//3115 2788//3116
f 3425//3114 2788//3116 3426//3117
f 2788//3116 2787//3118 3426//3117
f 3426//3117 2787//3118 2760//3119
f 3426//3117 2760//3119 3424//3112
f 3424//3112 2760//3119 2759//3120
f 3424//3112 2759//3120 2758//3113
f 2789//3115 3425//3114 2824//3121
f 2824//3121 3425//3114 3427//3122
f 2824//3121 3427//3122 2763//3123
f 3428//3124 2790//3125 3427//3122
f 3427//3122 2790//3125 2832//3126
f 3427//3122 2832//3126 2763//3123
f 3429//3127 2837//3128 2849//3129
f 2834//3130 2833//3131 3428//3124
f 3428//3124 2833//3131 2791//3132
f 3428//3124 2791//3132 2790//3125
f 3429//3127 2849//3129 3428//3124
f 3428//3124 2849//3129 2835//3133
f 3428//3124 2835//3133 2834//3130
f 2837//3128 3429//3127 2838//3134
f 2838//3134 3429//3127 3430//3135
f 2838//3134 3430//3135 2795//3136
f 3431//3137 2853//3138 3430//3135
f 3430//3135 2853//3138 2859//3139
f 3430//3135 2859//3139 2795//3136
f 2854//2857 2858//3140 3345//2855
f 3345//2855 2858//3140 2857//3141
f 3345//2855 2857//3141 3431//3137
f 3431//3137 2857//3141 2856//3142
f 3431//3137 2856//3142 2853//3138
f 3289//2781 9291//2780 3334//2826
f 3334//2826 9291//2780 9290//3143
f 3334//2826 9290//3143 3432//3144
f 2613//2256 3272//2763 8663//3145
f 8663//3145 3272//2763 3273//2764
f 8663//3145 3273//2764 3335//2827
f 3335//2827 3273//2764 3284//2776
f 3335//2827 3284//2776 3289//2781
f 2640//2286 2639//2285 3434//3146
f 2639//2285 2638//2283 3434//3146
f 3434//3146 2638//2283 2636//2281
f 3434//3146 2636//2281 8663//3145
f 8663//3145 2636//2281 2637//2282
f 8663//3145 2637//2282 2613//2256
f 2640//2286 3435//3147 2641//2287
f 2641//2287 3435//3147 3436//3148
f 3268//2759 3271//2762 3437//3149
f 3437//3149 3271//2762 3282//2774
f 3437//3149 3282//2774 3436//3148
f 3436//3148 3282//2774 3281//2773
f 3436//3148 3281//2773 2641//2287
f 3262//2753 2867//2343 3438//3150
f 3438//3150 2867//2343 2866//2342
f 3438//3150 2866//2342 3439//3151
f 3439//3151 2866//2342 3266//2757
f 3262//2753 3438//3150 3264//2755
f 3264//2755 3438//3150 3440//3152
f 3264//2755 3440//3152 3265//2756
f 3441//3153 3259//2750 3442//3154
f 3442//3154 3259//2750 3257//2748
f 3442//3154 3257//2748 3440//3152
f 3440//3152 3257//2748 3255//2746
f 3440//3152 3255//2746 3265//2756
f 3250//2740 3251//2742 3441//3153
f 3441//3153 3251//2742 3260//2751
f 3441//3153 3260//2751 3259//2750
f 3250//2740 3441//3153 3248//2738
f 3248//2738 3441//3153 3443//3155
f 3248//2738 3443//3155 3246//2736
f 3246//2736 3443//3155 3444//3156
f 3246//2736 3444//3156 3245//2735
f 3245//2735 3444//3156 3243//2733
f 3243//2733 3444//3156 3445//3157
f 3243//2733 3445//3157 3241//2731
f 3446//3158 3236//2725 3447//3159
f 3447//3159 3236//2725 3238//2727
f 3447//3159 3238//2727 3445//3157
f 3445//3157 3238//2727 3240//2729
f 3445//3157 3240//2729 3241//2731
f 3225//2714 3224//2713 3448//3160
f 3448//3160 3224//2713 3233//2722
f 3448//3160 3233//2722 3446//3158
f 3446//3158 3233//2722 3235//2724
f 3446//3158 3235//2724 3236//2725
f 3449//3161 3230//2719 3450//3162
f 3450//3162 3230//2719 3229//2718
f 3450//3162 3229//2718 3448//3160
f 3448//3160 3229//2718 3227//2716
f 3448//3160 3227//2716 3225//2714
f 3451//3163 3209//2698 3449//3161
f 3449//3161 3209//2698 3221//2710
f 3449//3161 3221//2710 3230//2719
f 3452//3164 3212//2701 3210//2699
f 3212//2701 3452//3164 3214//2703
f 3214//2703 3452//3164 3453//3165
f 3214//2703 3453//3165 3216//2705
f 3454//3166 3201//2690 3455//3167
f 3455//3167 3201//2690 3200//2689
f 3455//3167 3200//2689 3453//3165
f 3453//3165 3200//2689 3217//2706
f 3453//3165 3217//2706 3216//2705
f 3185//2674 3207//2696 3456//3168
f 3456//3168 3207//2696 3208//2697
f 3456//3168 3208//2697 3454//3166
f 3454//3166 3208//2697 3203//2692
f 3454//3166 3203//2692 3201//2690
f 3457//3169 3188//2677 3456//3168
f 3456//3168 3188//2677 3186//2675
f 3456//3168 3186//2675 3185//2674
f 3198//2687 3196//2685 3458//3170
f 3458//3170 3196//2685 3194//2683
f 3458//3170 3194//2683 3459//3171
f 3459//3171 3194//2683 3192//2681
f 3459//3171 3192//2681 3457//3169
f 3457//3169 3192//2681 3190//2679
f 3457//3169 3190//2679 3188//2677
f 3198//2687 3458//3170 3199//2688
f 3199//2688 3458//3170 3460//3172
f 3199//2688 3460//3172 2877//2353
f 2877//2353 3460//3172 2883//2359
f 2883//2359 3460//3172 3461//3173
f 2883//2359 3461//3173 2882//2358
f 2882//2358 3461//3173 2880//2356
f 2880//2356 3461//3173 3462//3174
f 2880//2356 3462//3174 2884//2360
f 2884//2360 3462//3174 2885//2361
f 2885//2361 3462//3174 3463//3175
f 2885//2361 3463//3175 2887//2363
f 3464//3176 2892//2368 2891//2367
f 3464//3176 2891//2367 3463//3175
f 3463//3175 2891//2367 2889//2365
f 3463//3175 2889//2365 2887//2363
f 2900//2376 2902//2378 3465//3177
f 3465//3177 2902//2378 2903//2379
f 3465//3177 2903//2379 3466//3178
f 3466//3178 2903//2379 2896//2372
f 3466//3178 2896//2372 3464//3176
f 3464//3176 2896//2372 2895//2371
f 3464//3176 2895//2371 2892//2368
f 2900//2376 3465//3177 2904//2380
f 2904//2380 3465//3177 3467//3179
f 2904//2380 3467//3179 2905//2381
f 2905//2381 3467//3179 2907//2383
f 2907//2383 3467//3179 3468//3180
f 2907//2383 3468//3180 2909//2385
f 2909//2385 3468//3180 2911//2387
f 2911//2387 3468//3180 3469//3181
f 2911//2387 3469//3181 2912//2388
f 2912//2388 3469//3181 2915//2391
f 2915//2391 3469//3181 3470//3182
f 2915//2391 3470//3182 2916//2392
f 2916//2392 3470//3182 2918//2394
f 2918//2394 3470//3182 3471//3183
f 2918//2394 3471//3183 2920//2396
f 3472//3184 2924//2402 3471//3183
f 3471//3183 2924//2402 2921//3185
f 3471//3183 2921//3185 2920//2396
f 3473//3186 2927//2405 3472//3184
f 3472//3184 2927//2405 2925//2403
f 3472//3184 2925//2403 2924//2402
f 2933//2411 2931//2409 3473//3186
f 3473//3186 2931//2409 2929//2407
f 3473//3186 2929//2407 2927//2405
f 2933//2411 3473//3186 2935//2413
f 2935//2413 3473//3186 3474//3187
f 2935//2413 3474//3187 2936//2414
f 2936//2414 3474//3187 3475//3188
f 2936//2414 3475//3188 2938//2416
f 2938//2416 3475//3188 2940//2418
f 2940//2418 3475//3188 3476//3189
f 2940//2418 3476//3189 2942//2420
f 3477//3190 2945//2423 3476//3189
f 3476//3189 2945//2423 2944//2422
f 3476//3189 2944//2422 2942//2420
f 2954//2432 2952//2430 3478//3191
f 3478//3191 2952//2430 2950//2428
f 3478//3191 2950//2428 3477//3190
f 3477//3190 2950//2428 2947//2425
f 3477//3190 2947//2425 2945//2423
f 2964//2442 2962//2440 3479//3192
f 3479//3192 2962//2440 2960//2438
f 3479//3192 2960//2438 3480//3193
f 3480//3193 2960//2438 2958//2436
f 3480//3193 2958//2436 3478//3191
f 3478//3191 2958//2436 2956//2434
f 3478//3191 2956//2434 2954//2432
f 2964//2442 3479//3192 2965//2443
f 2965//2443 3479//3192 3481//3194
f 2965//2443 3481//3194 2967//2445
f 2967//2445 3481//3194 2969//2447
f 2969//2447 3481//3194 3482//3195
f 2969//2447 3482//3195 2971//2449
f 2971//2449 3482//3195 2973//2451
f 2973//2451 3482//3195 3483//3196
f 2973//2451 3483//3196 2975//2455
f 2975//2455 3483//3196 2977//2458
f 2977//2458 3483//3196 3484//3197
f 2977//2458 3484//3197 2979//2460
f 2979//2460 3484//3197 2981//2462
f 2981//2462 3484//3197 3485//3198
f 2981//2462 3485//3198 2986//2467
f 3486//3199 2989//2470 3487//3200
f 3487//3200 2989//2470 2988//2469
f 3487//3200 2988//2469 3485//3198
f 3485//3198 2988//2469 2985//2466
f 3485//3198 2985//2466 2986//2467
f 3488//3201 2993//2474 3486//3199
f 3486//3199 2993//2474 2991//2472
f 3486//3199 2991//2472 2989//2470
f 3489//3202 2997//2478 3488//3201
f 3488//3201 2997//2478 2995//2476
f 3488//3201 2995//2476 2993//2474
f 3005//2486 3003//2484 3490//3203
f 3490//3203 3003//2484 3001//2482
f 3490//3203 3001//2482 3489//3202
f 3489//3202 3001//2482 2999//2480
f 3489//3202 2999//2480 2997//2478
f 3005//2486 3490//3203 3007//2488
f 3007//2488 3490//3203 3491//3204
f 3007//2488 3491//3204 3009//2490
f 3333//2825 3013//2494 3491//3204
f 3491//3204 3013//2494 3011//2492
f 3491//3204 3011//2492 3009//2490
f 3015//2496 3333//2825 3017//2498
f 3017//2498 3333//2825 3492//3205
f 3017//2498 3492//3205 3019//2500
f 3019//2500 3492//3205 3021//2502
f 3021//2502 3492//3205 3493//3206
f 3021//2502 3493//3206 3022//2503
f 3494//3207 3032//2513 3025//2506
f 3494//3207 3025//2506 3493//3206
f 3493//3206 3025//2506 3024//2505
f 3493//3206 3024//2505 3022//2503
f 3032//2513 3494//3207 3030//2511
f 3030//2511 3494//3207 3495//3208
f 3030//2511 3495//3208 3028//2509
f 3028//2509 3495//3208 3026//2507
f 3026//2507 3495//3208 3496//3209
f 3026//2507 3496//3209 3035//2516
f 3497//3210 3042//2524 3498//3211
f 3498//3211 3042//2524 3041//2523
f 3498//3211 3041//2523 3496//3209
f 3496//3209 3041//2523 3036//2518
f 3496//3209 3036//2518 3035//2516
f 2873//2349 2872//2348 3497//3210
f 3497//3210 2872//2348 3039//2521
f 3497//3210 3039//2521 3042//2524
f 2873//2349 3497//3210 3045//2527
f 3045//2527 3497//3210 3499//3212
f 3045//2527 3499//3212 3048//2530
f 3048//2530 3499//3212 3500//3213
f 3048//2530 3500//3213 3049//2531
f 3501//3214 3052//2534 3500//3213
f 3500//3213 3052//2534 3051//2533
f 3500//3213 3051//2533 3049//2531
f 3502//3215 3060//2542 3501//3214
f 3501//3214 3060//2542 3054//2536
f 3501//3214 3054//2536 3052//2534
f 3062//2544 3061//2543 3503//3216
f 3503//3216 3061//2543 3057//2539
f 3503//3216 3057//2539 3502//3215
f 3502//3215 3057//2539 3059//2541
f 3502//3215 3059//2541 3060//2542
f 3062//2544 3503//3216 3066//2548
f 3066//2548 3503//3216 3504//3217
f 3066//2548 3504//3217 3068//2550
f 3068//2550 3504//3217 3070//2552
f 3070//2552 3504//3217 3505//3218
f 3070//2552 3505//3218 3072//2554
f 3072//2554 3505//3218 3073//2555
f 3073//2555 3505//3218 3506//3219
f 3073//2555 3506//3219 3075//2557
f 3075//2557 3506//3219 3077//2559
f 3077//2559 3506//3219 3507//3220
f 3077//2559 3507//3220 3079//2561
f 3087//2570 3083//2565 3508//3221
f 3508//3221 3083//2565 3082//2564
f 3508//3221 3082//2564 3507//3220
f 3507//3220 3082//2564 3081//2563
f 3507//3220 3081//2563 3079//2561
f 3087//2570 3508//3221 3089//2572
f 3089//2572 3508//3221 3509//3222
f 3089//2572 3509//3222 3091//2574
f 3091//2574 3509//3222 3510//3223
f 3091//2574 3510//3223 3092//2575
f 3092//2575 3510//3223 3094//2577
f 3094//2577 3510//3223 3511//3224
f 3094//2577 3511//3224 3095//2578
f 2869//2345 3102//2585 3512//3225
f 3512//3225 3102//2585 3101//2584
f 3512//3225 3101//2584 3513//3226
f 3513//3226 3101//2584 3099//2582
f 3513//3226 3099//2582 3511//3224
f 3511//3224 3099//2582 3097//2580
f 3511//3224 3097//2580 3095//2578
f 3118//2601 3105//2588 3514//3227
f 3514//3227 3105//2588 3104//2587
f 3514//3227 3104//2587 3515//3228
f 3515//3228 3104//2587 3109//2592
f 3515//3228 3109//2592 3512//3225
f 3512//3225 3109//2592 2870//2346
f 3512//3225 2870//2346 2869//2345
f 3118//2601 3514//3227 3117//2600
f 3117//2600 3514//3227 3516//3229
f 3117//2600 3516//3229 3116//2599
f 3116//2599 3516//3229 3114//2597
f 3114//2597 3516//3229 3517//3230
f 3114//2597 3517//3230 3112//2595
f 3112//2595 3517//3230 3126//2609
f 3126//2609 3517//3230 3518//3231
f 3126//2609 3518//3231 3127//2610
f 3133//2617 3131//2614 3519//3232
f 3519//3232 3131//2614 3130//2613
f 3519//3232 3130//2613 3520//3233
f 3520//3233 3130//2613 3122//2605
f 3520//3233 3122//2605 3521//3234
f 3521//3234 3122//2605 3123//2606
f 3521//3234 3123//2606 3518//3231
f 3518//3231 3123//2606 3125//2608
f 3518//3231 3125//2608 3127//2610
f 3133//2617 3519//3232 3135//2619
f 3135//2619 3519//3232 3522//3235
f 3135//2619 3522//3235 3137//2621
f 3523//3236 3143//2627 3524//3237
f 3524//3237 3143//2627 3141//2625
f 3524//3237 3141//2625 3522//3235
f 3522//3235 3141//2625 3139//2623
f 3522//3235 3139//2623 3137//2621
f 3153//2637 3151//2635 3525//3238
f 3525//3238 3151//2635 3149//2633
f 3525//3238 3149//2633 3526//3239
f 3526//3239 3149//2633 3147//2631
f 3526//3239 3147//2631 3523//3236
f 3523//3236 3147//2631 3145//2629
f 3523//3236 3145//2629 3143//2627
f 3527//3240 3528//3241 3160//2645
f 3160//2645 3158//2643 3527//3240
f 3527//3240 3158//2643 3156//2641
f 3527//3240 3156//2641 3525//3238
f 3525//3238 3156//2641 3154//2639
f 3525//3238 3154//2639 3153//2637
f 3173//2659 3165//2650 9263//3242
f 9263//3242 3165//2650 3163//2648
f 9263//3242 3163//2648 3528//3241
f 3528//3241 3163//2648 3161//2646
f 3528//3241 3161//2646 3160//2645
f 3173//2659 9263//3242 3172//2658
f 3172//2658 9263//3242 9247//3243
f 3172//2658 9247//3243 2862//2337
f 2862//2337 9247//3243 9248//3244
f 2862//2337 9248//3244 2863//2338
f 2863//2338 9248//3244 2864//2339
f 2864//2339 9248//3244 9229//3245
f 2864//2339 9229//3245 2865//2341
f 9230//3246 2625//2268 9229//3245
f 9229//3245 2625//2268 2861//2336
f 9229//3245 2861//2336 2865//2341
f 3183//2672 3181//2670 9237//3247
f 9237//3247 3181//2670 3179//2668
f 9237//3247 3179//2668 9230//3246
f 9230//3246 3179//2668 3178//2666
f 9230//3246 3178//2666 2625//2268
f 8231//2824 3331//2823 8232//3248
f 3331//2823 3176//2664 8232//3248
f 8232//3248 3176//2664 3175//2663
f 8232//3248 3175//2663 9237//3247
f 9237//3247 3175//2663 3184//2673
f 9237//3247 3184//2673 3183//2672
f 7964//2822 8231//2824 7966//3249
f 7966//3249 8231//2824 8275//3250
f 7966//3249 8275//3250 3538//3251
f 3539//3252 3540//3253 7645//3254
f 7645//3254 3542//3255 3539//3252
f 3539//3252 3542//3255 7579//3256
f 3539//3252 7579//3256 8275//3250
f 8275//3250 7579//3256 8733//3257
f 8275//3250 8733//3257 3538//3251
f 3327//2819 3545//3258 3328//2820
f 3328//2820 3545//3258 3546//3259
f 3328//2820 3546//3259 3540//3253
f 3540//3253 3546//3259 7463//3260
f 3540//3253 7463//3260 7645//3254
f 7935//3261 7433//3262 3550//3263
f 3550//3263 7433//3262 7434//3264
f 3550//3263 7434//3264 7383//3265
f 7383//3265 7434//3264 7385//3266
f 7385//3266 7434//3264 7402//3267
f 7402//3267 7434//3264 7441//3268
f 7402//3267 7441//3268 7844//3269
f 3557//3270 7873//3271 7281//3272
f 3557//3270 7281//3272 3560//3273
f 7281//3272 7283//3274 3560//3273
f 3560//3273 7283//3274 9359//3275
f 3560//3273 9359//3275 7441//3268
f 7441//3268 9359//3275 7933//3276
f 7441//3268 7933//3276 7844//3269
f 7873//3271 3557//3270 7267//3277
f 7267//3277 3557//3270 3565//3278
f 7267//3277 3565//3278 7268//3279
f 9235//3280 3568//3281 3569//3282
f 3569//3282 3568//3281 3570//3283
f 3569//3282 3570//3283 3571//3284
f 3571//3284 3570//3283 3572//3285
f 3571//3284 3572//3285 3565//3278
f 3565//3278 3572//3285 7587//3286
f 3565//3278 7587//3286 7268//3279
f 8336//2818 8430//2817 3569//3282
f 3569//3282 8430//2817 8433//3287
f 3569//3282 8433//3287 9235//3280
f 8394//2816 8336//2818 8396//3288
f 8396//3288 8336//2818 3576//3289
f 8396//3288 3576//3289 8436//3290
f 3578//3291 8552//3292 8425//3293
f 3578//3291 8425//3293 3581//3294
f 8425//3293 8427//3295 3581//3294
f 3581//3294 8427//3295 8359//3296
f 3581//3294 8359//3296 3576//3289
f 3576//3289 8359//3296 8360//3297
f 3576//3289 8360//3297 8436//3290
f 8552//3292 3578//3291 3585//3298
f 3585//3298 3578//3291 3586//3299
f 3585//3298 3586//3299 3587//3300
f 3588//3301 3589//3302 3586//3299
f 3586//3299 3589//3302 3590//3303
f 3586//3299 3590//3303 3587//3300
f 7659//3304 7661//3305 3593//3306
f 3593//3306 7661//3305 7638//3307
f 3593//3306 7638//3307 3595//3308
f 3595//3308 7638//3307 7639//3309
f 3595//3308 7639//3309 7750//3310
f 7659//3304 3593//3306 7670//3311
f 7670//3311 3593//3306 3599//3312
f 7670//3311 3599//3312 7671//3313
f 3601//3314 7683//3315 3599//3312
f 3599//3312 7683//3315 7885//3316
f 3599//3312 7885//3316 7671//3313
f 9290//3143 3604//3317 3432//3144
f 3432//3144 3604//3317 7758//3318
f 3432//3144 7758//3318 3601//3314
f 3601//3314 7758//3318 7684//3319
f 3601//3314 7684//3319 7683//3315
f 3316//2808 3315//2807 3607//3320
f 3607//3320 3315//2807 3415//3085
f 3607//3320 3415//3085 3608//3321
f 3608//3321 3415//3085 3416//3087
f 3608//3321 3416//3087 3609//3322
f 3609//3322 3416//3087 3413//3078
f 3609//3322 3413//3078 3610//3323
f 3610//3323 3413//3078 3414//3080
f 3610//3323 3414//3080 3611//3324
f 3611//3324 3414//3080 3412//3076
f 3611//3324 3412//3076 3612//3325
f 3612//3325 3412//3076 3411//3074
f 3612//3325 3411//3074 3613//3326
f 3613//3326 3411//3074 3410//3071
f 3613//3326 3410//3071 3614//3327
f 3614//3327 3410//3071 3409//3069
f 3614//3327 3409//3069 3615//3328
f 3615//3328 3409//3069 3407//3063
f 3615//3328 3407//3063 3616//3329
f 3616//3329 3407//3063 3408//3065
f 3616//3329 3408//3065 3617//3330
f 3617//3330 3408//3065 3406//3058
f 3617//3330 3406//3058 3618//3331
f 3618//3331 3406//3058 3405//3056
f 3618//3331 3405//3056 3619//3332
f 3619//3332 3405//3056 3404//3055
f 3619//3332 3404//3055 3322//2814
f 2685//3053 2684//3048 3403//3054
f 3403//3054 2684//3048 3323//2815
f 3403//3054 3323//2815 3620//3333
f 3620//3333 3323//2815 3317//2809
f 3620//3333 3317//2809 3621//3334
f 3621//3334 3317//2809 3319//2811
f 2785//3083 3415//3085 3419//3094
f 3419//3094 3415//3085 3315//2807
f 3419//3094 3315//2807 3418//3092
f 3418//3092 3315//2807 3314//2806
f 3418//3092 3314//2806 3417//3090
f 3622//3335 3623//3336 3624//3337
f 3622//3335 3624//3337 3625//3338
f 3623//3336 3622//3335 3626//3339
f 3626//3339 3622//3335 3627//3340
f 3626//3339 3627//3340 3628//3341
f 3628//3341 3627//3340 3629//3342
f 3628//3341 3629//3342 3630//3343
f 3631//3344 3632//3345 3633//3346
f 3634//3347 3633//3346 3635//3348
f 3635//3348 3633//3346 3632//3345
f 3635//3348 3632//3345 3636//3349
f 3636//3349 3632//3345 3625//3338
f 3636//3349 3625//3338 3637//3350
f 3637//3350 3625//3338 3624//3337
f 3638//3351 3639//3352 3640//3353
f 3640//3353 3639//3352 3641//3354
f 3640//3353 3641//3354 3642//3355
f 3642//3355 3641//3354 3643//3356
f 3643//3356 3641//3354 3644//3357
f 3643//3356 3644//3357 3645//3358
f 3645//3358 3644//3357 3646//3359
f 3645//3358 3646//3359 3647//3360
f 3634//3347 3635//3348 3648//3361
f 3648//3361 3635//3348 3636//3349
f 3648//3361 3636//3349 3649//3362
f 3649//3362 3636//3349 3637//3350
f 3649//3362 3637//3350 3650//3363
f 3650//3363 3637//3350 3624//3337
f 3650//3363 3624//3337 3651//3364
f 3651//3364 3624//3337 3623//3336
f 3651//3364 3623//3336 3652//3365
f 3652//3365 3623//3336 3626//3339
f 3652//3365 3626//3339 3653//3366
f 3653//3366 3626//3339 3628//3341
f 3653//3366 3628//3341 3654//3367
f 3654//3367 3628//3341 3630//3343
f 3654//3367 3630//3343 3655//3368
f 3634//3347 3647//3360 3633//3346
f 3633//3346 3647//3360 3646//3359
f 3633//3346 3646//3359 3631//3344
f 3631//3344 3646//3359 3644//3357
f 3631//3344 3644//3357 3656//3369
f 3656//3369 3644//3357 3641//3354
f 3656//3369 3641//3354 3657//3370
f 3657//3370 3641//3354 3639//3352
f 3657//3370 3639//3352 3658//3371
f 3313//2805 3312//2804 3659//3372
f 3659//3372 3312//2804 3660//3373
f 3659//3372 3660//3373 3661//3374
f 3662//3375 3663//3376 3664//3377
f 3660//3373 3665//3378 3661//3374
f 3661//3374 3665//3378 3666//3379
f 3661//3374 3666//3379 3663//3376
f 3663//3376 3666//3379 3667//3380
f 3663//3376 3667//3380 3664//3377
f 3668//3381 3669//3382 3670//3383
f 3671//3384 3672//3385 3673//3386
f 3670//3383 3674//3387 3668//3381
f 3668//3381 3674//3387 3675//3388
f 3668//3381 3675//3388 3672//3385
f 3672//3385 3675//3388 3676//3389
f 3672//3385 3676//3389 3673//3386
f 3664//3377 3677//3390 3662//3375
f 3662//3375 3677//3390 3678//3391
f 3662//3375 3678//3391 3669//3382
f 3669//3382 3678//3391 3679//3392
f 3669//3382 3679//3392 3670//3383
f 3322//2814 3321//2813 3619//3332
f 3619//3332 3321//2813 3680//3393
f 3619//3332 3680//3393 3618//3331
f 3618//3331 3680//3393 3681//3394
f 3618//3331 3681//3394 3617//3330
f 3617//3330 3681//3394 3682//3395
f 3617//3330 3682//3395 3616//3329
f 3616//3329 3682//3395 3683//3396
f 3616//3329 3683//3396 3615//3328
f 3615//3328 3683//3396 3684//3397
f 3615//3328 3684//3397 3614//3327
f 3614//3327 3684//3397 3685//3398
f 3614//3327 3685//3398 3613//3326
f 3613//3326 3685//3398 3686//3399
f 3613//3326 3686//3399 3612//3325
f 3612//3325 3686//3399 3687//3400
f 3612//3325 3687//3400 3611//3324
f 3611//3324 3687//3400 3688//3401
f 3611//3324 3688//3401 3610//3323
f 3610//3323 3688//3401 3689//3402
f 3610//3323 3689//3402 3609//3322
f 3609//3322 3689//3402 3690//3403
f 3609//3322 3690//3403 3608//3321
f 3608//3321 3690//3403 3691//3404
f 3608//3321 3691//3404 3607//3320
f 3607//3320 3691//3404 3692//3405
f 3607//3320 3692//3405 3316//2808
f 3693//3406 3694//3407 3695//3408
f 3695//3408 3694//3407 3696//3409
f 3695//3408 3696//3409 3697//3410
f 3697//3410 3696//3409 3698//3411
f 3697//3410 3698//3411 3699//3412
f 3699//3412 3698//3411 3700//3413
f 3699//3412 3700//3413 3701//3414
f 3701//3414 3700//3413 3702//3415
f 3701//3414 3702//3415 3703//3416
f 3703//3416 3702//3415 3704//3417
f 3703//3416 3704//3417 3705//3418
f 3705//3418 3704//3417 3706//3419
f 3705//3418 3706//3419 3707//3420
f 3707//3420 3706//3419 3708//3421
f 3707//3420 3708//3421 3709//3422
f 3709//3422 3708//3421 3710//3423
f 3709//3422 3710//3423 3711//3424
f 3711//3424 3710//3423 3712//3425
f 3711//3424 3712//3425 3713//3426
f 3713//3426 3712//3425 3714//3427
f 3713//3426 3714//3427 3715//3428
f 3715//3428 3714//3427 3716//3429
f 3715//3428 3716//3429 3717//3430
f 3717//3430 3716//3429 3718//3431
f 3717//3430 3718//3431 3719//3432
f 3719//3432 3718//3431 3720//3433
f 3719//3432 3720//3433 3721//3434
f 3721//3434 3720//3433 3722//3435
f 3721//3434 3722//3435 3723//3436
f 3723//3436 3722//3435 3724//3437
f 3723//3436 3724//3437 3725//3438
f 3725//3438 3724//3437 3726//3439
f 3725//3438 3726//3439 3727//3440
f 3727//3440 3726//3439 3728//3441
f 3727//3440 3728//3441 3729//3442
f 3729//3442 3728//3441 3730//3443
f 3729//3442 3730//3443 3731//3444
f 3731//3444 3730//3443 3732//3445
f 3731//3444 3732//3445 3733//3446
f 3733//3446 3732//3445 3734//3447
f 3733//3446 3734//3447 3735//3448
f 3735//3448 3734//3447 3736//3449
f 3735//3448 3736//3449 3737//3450
f 3737//3450 3736//3449 3738//3451
f 3737//3450 3738//3451 3739//3452
f 3739//3452 3738//3451 3740//3453
f 3739//3452 3740//3453 3741//3454
f 3741//3454 3740//3453 3742//3455
f 3741//3454 3742//3455 3743//3456
f 3743//3456 3742//3455 3744//3457
f 3743//3456 3744//3457 3745//3458
f 3745//3458 3744//3457 3746//3459
f 3745//3458 3746//3459 3747//3460
f 3747//3460 3746//3459 3748//3461
f 3747//3460 3748//3461 3749//3462
f 3749//3462 3748//3461 3750//3463
f 3749//3462 3750//3463 3751//3464
f 3751//3464 3750//3463 3752//3465
f 3751//3464 3752//3465 3753//3466
f 3753//3466 3752//3465 3754//3467
f 3753//3466 3754//3467 3755//3468
f 3755//3468 3754//3467 3756//3469
f 3755//3468 3756//3469 3757//3470
f 3757//3470 3756//3469 3758//3471
f 3757//3470 3758//3471 3759//3472
f 3759//3472 3758//3471 3760//3473
f 3759//3472 3760//3473 3761//3474
f 3761//3474 3760//3473 3762//3475
f 3761//3474 3762//3475 3763//3476
f 3763//3476 3762//3475 3764//3477
f 3763//3476 3764//3477 3765//3478
f 3765//3478 3764//3477 3766//3479
f 3765//3478 3766//3479 3767//3480
f 3767//3480 3766//3479 3768//3481
f 3767//3480 3768//3481 3769//3482
f 3769//3482 3768//3481 3770//3483
f 3769//3482 3770//3483 3771//3484
f 3771//3484 3770//3483 3772//3485
f 3771//3484 3772//3485 3773//3486
f 3773//3486 3772//3485 3774//3487
f 3773//3486 3774//3487 3775//3488
f 3775//3488 3774//3487 3776//3489
f 3775//3488 3776//3489 3777//3490
f 3777//3490 3776//3489 3778//3491
f 3777//3490 3778//3491 3779//3492
f 3779//3492 3778//3491 3780//3493
f 3779//3492 3780//3493 3781//3494
f 3781//3494 3780//3493 3782//3495
f 3781//3494 3782//3495 3783//3496
f 3783//3496 3782//3495 3784//3497
f 3783//3496 3784//3497 3785//3498
f 3785//3498 3784//3497 3786//3499
f 3785//3498 3786//3499 3787//3500
f 3787//3500 3786//3499 3788//3501
f 3787//3500 3788//3501 3789//3502
f 3789//3502 3788//3501 3790//3503
f 3789//3502 3790//3503 3791//3504
f 3791//3504 3790//3503 3792//3505
f 3791//3504 3792//3505 3793//3506
f 3793//3506 3792//3505 3794//3507
f 3793//3506 3794//3507 3795//3508
f 3795//3508 3794//3507 3796//3509
f 3795//3508 3796//3509 3797//3510
f 3797//3510 3796//3509 3798//3511
f 3797//3510 3798//3511 3799//3512
f 3799//3512 3798//3511 3800//3513
f 3799//3512 3800//3513 3801//3514
f 3801//3514 3800//3513 3802//3515
f 3801//3514 3802//3515 3803//3516
f 3803//3516 3802//3515 3804//3517
f 3803//3516 3804//3517 3805//3518
f 3805//3518 3804//3517 3806//3519
f 3805//3518 3806//3519 3807//3520
f 3807//3520 3806//3519 3808//3521
f 3807//3520 3808//3521 3809//3522
f 3809//3522 3808//3521 3810//3523
f 3809//3522 3810//3523 3811//3524
f 3811//3524 3810//3523 3812//3525
f 3811//3524 3812//3525 3813//3526
f 3813//3526 3812//3525 3814//3527
f 3813//3526 3814//3527 3815//3528
f 3815//3528 3814//3527 3816//3529
f 3815//3528 3816//3529 3817//3530
f 3817//3530 3816//3529 3818//3531
f 3817//3530 3818//3531 3819//3532
f 3819//3532 3818//3531 3820//3533
f 3819//3532 3820//3533 3821//3534
f 3821//3534 3820//3533 3822//3535
f 3821//3534 3822//3535 3823//3536
f 3823//3536 3822//3535 3824//3537
f 3823//3536 3824//3537 3825//3538
f 3825//3538 3824//3537 3826//3539
f 3825//3538 3826//3539 3827//3540
f 3827//3540 3826//3539 3828//3541
f 3827//3540 3828//3541 3829//3542
f 3829//3542 3828//3541 3830//3543
f 3829//3542 3830//3543 3831//3544
f 3831//3544 3830//3543 3832//3545
f 3831//3544 3832//3545 3833//3546
f 3833//3546 3832//3545 3834//3547
f 3833//3546 3834//3547 3835//3548
f 3835//3548 3834//3547 3836//3549
f 3835//3548 3836//3549 3837//3550
f 3837//3550 3836//3549 3838//3551
f 3837//3550 3838//3551 3839//3552
f 3839//3552 3838//3551 3840//3553
f 3839//3552 3840//3553 3841//3554
f 3841//3554 3840//3553 3842//3555
f 3841//3554 3842//3555 3843//3556
f 3843//3556 3842//3555 3844//3557
f 3843//3556 3844//3557 3845//3558
f 3845//3558 3844//3557 3846//3559
f 3845//3558 3846//3559 3847//3560
f 3847//3560 3846//3559 3848//3561
f 3847//3560 3848//3561 3849//3562
f 3849//3562 3848//3561 3850//3563
f 3849//3562 3850//3563 3851//3564
f 3851//3564 3850//3563 3852//3565
f 3851//3564 3852//3565 3853//3566
f 3853//3566 3852//3565 3854//3567
f 3853//3566 3854//3567 3855//3568
f 3855//3568 3854//3567 3856//3569
f 3855//3568 3856//3569 3857//3570
f 3857//3570 3856//3569 3858//3571
f 3857//3570 3858//3571 3859//3572
f 3859//3572 3858//3571 3860//3573
f 3859//3572 3860//3573 3861//3574
f 3861//3574 3860//3573 3862//3575
f 3861//3574 3862//3575 3863//3576
f 3863//3576 3862//3575 3864//3577
f 3863//3576 3864//3577 3865//3578
f 3865//3578 3864//3577 3866//3579
f 3865//3578 3866//3579 3867//3580
f 3867//3580 3866//3579 3868//3581
f 3867//3580 3868//3581 3869//3582
f 3869//3582 3868//3581 3870//3583
f 3869//3582 3870//3583 3871//3584
f 3210//2699 3209//2698 3452//3164
f 3452//3164 3209//2698 3451//3163
f 3452//3164 3451//3163 3453//3165
f 3453//3165 3451//3163 3872//3585
f 3453//3165 3872//3585 3455//3167
f 3455//3167 3872//3585 3873//3586
f 3455//3167 3873//3586 3454//3166
f 3454//3166 3873//3586 3874//3587
f 3454//3166 3874//3587 3456//3168
f 3456//3168 3874//3587 3875//3588
f 3456//3168 3875//3588 3457//3169
f 3457//3169 3875//3588 3876//3589
f 3457//3169 3876//3589 3459//3171
f 3459//3171 3876//3589 3877//3590
f 3459//3171 3877//3590 3458//3170
f 3458//3170 3877//3590 3878//3591
f 3458//3170 3878//3591 3460//3172
f 3460//3172 3878//3591 3879//3592
f 3460//3172 3879//3592 3461//3173
f 3461//3173 3879//3592 3880//3593
f 3461//3173 3880//3593 3462//3174
f 3462//3174 3880//3593 3881//3594
f 3462//3174 3881//3594 3463//3175
f 3463//3175 3881//3594 3882//3595
f 3463//3175 3882//3595 3464//3176
f 3464//3176 3882//3595 3883//3596
f 3464//3176 3883//3596 3466//3178
f 3466//3178 3883//3596 3884//3597
f 3466//3178 3884//3597 3465//3177
f 3465//3177 3884//3597 3885//3598
f 3465//3177 3885//3598 3467//3179
f 3467//3179 3885//3598 3886//3599
f 3467//3179 3886//3599 3468//3180
f 3468//3180 3886//3599 3887//3600
f 3468//3180 3887//3600 3469//3181
f 3469//3181 3887//3600 3888//3601
f 3469//3181 3888//3601 3470//3182
f 3470//3182 3888//3601 3889//3602
f 3470//3182 3889//3602 3471//3183
f 3471//3183 3889//3602 3890//3603
f 3471//3183 3890//3603 3472//3184
f 3472//3184 3890//3603 3891//3604
f 3472//3184 3891//3604 3473//3186
f 3473//3186 3891//3604 3892//3605
f 3473//3186 3892//3605 3474//3187
f 3474//3187 3892//3605 3893//3606
f 3474//3187 3893//3606 3475//3188
f 3475//3188 3893//3606 3894//3607
f 3475//3188 3894//3607 3476//3189
f 3476//3189 3894//3607 3895//3608
f 3476//3189 3895//3608 3477//3190
f 3477//3190 3895//3608 3896//3609
f 3477//3190 3896//3609 3478//3191
f 3478//3191 3896//3609 3897//3610
f 3478//3191 3897//3610 3480//3193
f 3480//3193 3897//3610 3898//3611
f 3480//3193 3898//3611 3479//3192
f 3479//3192 3898//3611 3899//3612
f 3479//3192 3899//3612 3481//3194
f 3481//3194 3899//3612 3900//3613
f 3481//3194 3900//3613 3482//3195
f 3482//3195 3900//3613 3901//3614
f 3482//3195 3901//3614 3483//3196
f 3483//3196 3901//3614 3902//3615
f 3483//3196 3902//3615 3484//3197
f 3484//3197 3902//3615 3903//3616
f 3484//3197 3903//3616 3485//3198
f 3485//3198 3903//3616 3904//3617
f 3485//3198 3904//3617 3487//3200
f 3487//3200 3904//3617 3905//3618
f 3487//3200 3905//3618 3486//3199
f 3486//3199 3905//3618 3906//3619
f 3486//3199 3906//3619 3488//3201
f 3488//3201 3906//3619 3907//3620
f 3488//3201 3907//3620 3489//3202
f 3489//3202 3907//3620 3908//3621
f 3489//3202 3908//3621 3490//3203
f 3490//3203 3908//3621 3909//3622
f 3490//3203 3909//3622 3491//3204
f 3491//3204 3909//3622 3910//3623
f 3491//3204 3910//3623 3333//2825
f 3333//2825 3910//3623 3911//3624
f 3333//2825 3911//3624 3492//3205
f 3492//3205 3911//3624 3912//3625
f 3492//3205 3912//3625 3493//3206
f 3493//3206 3912//3625 3913//3626
f 3493//3206 3913//3626 3494//3207
f 3494//3207 3913//3626 3914//3627
f 3494//3207 3914//3627 3495//3208
f 3495//3208 3914//3627 3915//3628
f 3495//3208 3915//3628 3496//3209
f 3496//3209 3915//3628 3916//3629
f 3496//3209 3916//3629 3498//3211
f 3498//3211 3916//3629 3917//3630
f 3498//3211 3917//3630 3497//3210
f 3497//3210 3917//3630 3918//3631
f 3497//3210 3918//3631 3499//3212
f 3499//3212 3918//3631 3919//3632
f 3499//3212 3919//3632 3500//3213
f 3500//3213 3919//3632 3920//3633
f 3500//3213 3920//3633 3501//3214
f 3501//3214 3920//3633 3921//3634
f 3501//3214 3921//3634 3502//3215
f 3502//3215 3921//3634 3922//3635
f 3502//3215 3922//3635 3503//3216
f 3503//3216 3922//3635 3923//3636
f 3503//3216 3923//3636 3504//3217
f 3504//3217 3923//3636 3924//3637
f 3504//3217 3924//3637 3505//3218
f 3505//3218 3924//3637 3925//3638
f 3505//3218 3925//3638 3506//3219
f 3506//3219 3925//3638 3926//3639
f 3506//3219 3926//3639 3507//3220
f 3507//3220 3926//3639 3927//3640
f 3507//3220 3927//3640 3508//3221
f 3508//3221 3927//3640 3928//3641
f 3508//3221 3928//3641 3509//3222
f 3509//3222 3928//3641 3929//3642
f 3509//3222 3929//3642 3510//3223
f 3510//3223 3929//3642 3930//3643
f 3510//3223 3930//3643 3511//3224
f 3511//3224 3930//3643 3931//3644
f 3511//3224 3931//3644 3513//3226
f 3513//3226 3931//3644 3932//3645
f 3513//3226 3932//3645 3512//3225
f 3512//3225 3932//3645 3933//3646
f 3512//3225 3933//3646 3515//3228
f 3515//3228 3933//3646 3934//3647
f 3515//3228 3934//3647 3514//3227
f 3514//3227 3934//3647 3935//3648
f 3514//3227 3935//3648 3516//3229
f 3310//2802 3309//2801 3936//3649
f 3936//3649 3309//2801 3937//3650
f 3936//3649 3937//3650 3938//3651
f 3938//3651 3937//3650 3939//3652
f 3938//3651 3939//3652 3940//3653
f 3940//3653 3939//3652 3941//3654
f 3940//3653 3941//3654 3942//3655
f 3942//3655 3941//3654 3943//3656
f 3942//3655 3943//3656 3944//3657
f 3944//3657 3943//3656 3945//3658
f 3944//3657 3945//3658 3946//3659
f 3946//3659 3945//3658 3947//3660
f 3946//3659 3947//3660 3948//3661
f 3948//3661 3947//3660 3949//3662
f 3948//3661 3949//3662 3950//3663
f 3950//3663 3949//3662 3951//3664
f 3950//3663 3951//3664 3952//3665
f 3952//3665 3951//3664 3953//3666
f 3952//3665 3953//3666 3954//3667
f 3954//3667 3953//3666 3955//3668
f 3954//3667 3955//3668 3956//3669
f 3956//3669 3955//3668 3957//3670
f 3956//3669 3957//3670 3958//3671
f 3958//3671 3957//3670 3959//3672
f 3958//3671 3959//3672 3960//3673
f 3960//3673 3959//3672 3961//3674
f 3960//3673 3961//3674 3962//3675
f 3962//3675 3961//3674 3963//3676
f 3962//3675 3963//3676 3964//3677
f 3964//3677 3963//3676 3965//3678
f 3964//3677 3965//3678 3966//3679
f 3966//3679 3965//3678 3967//3680
f 3966//3679 3967//3680 3968//3681
f 3968//3681 3967//3680 3969//3682
f 3968//3681 3969//3682 3970//3683
f 3970//3683 3969//3682 3971//3684
f 3970//3683 3971//3684 3972//3685
f 3972//3685 3971//3684 3973//3686
f 3972//3685 3973//3686 3974//3687
f 3974//3687 3973//3686 3975//3688
f 3974//3687 3975//3688 3976//3689
f 3976//3689 3975//3688 3977//3690
f 3976//3689 3977//3690 3978//3691
f 3978//3691 3977//3690 3979//3692
f 3978//3691 3979//3692 3980//3693
f 3980//3693 3979//3692 3981//3694
f 3980//3693 3981//3694 3982//3695
f 3982//3695 3981//3694 3983//3696
f 3982//3695 3983//3696 3984//3697
f 3984//3697 3983//3696 3985//3698
f 3984//3697 3985//3698 3986//3699
f 3986//3699 3985//3698 3987//3700
f 3986//3699 3987//3700 3988//3701
f 3988//3701 3987//3700 3989//3702
f 3988//3701 3989//3702 3990//3703
f 3990//3703 3989//3702 3991//3704
f 3990//3703 3991//3704 3992//3705
f 3992//3705 3991//3704 3993//3706
f 3992//3705 3993//3706 3994//3707
f 3994//3707 3993//3706 3995//3708
f 3994//3707 3995//3708 3996//3709
f 3996//3709 3995//3708 3997//3710
f 3996//3709 3997//3710 3998//3711
f 3998//3711 3997//3710 3999//3712
f 3998//3711 3999//3712 4000//3713
f 4000//3713 3999//3712 4001//3714
f 4000//3713 4001//3714 4002//3715
f 4002//3715 4001//3714 4003//3716
f 4002//3715 4003//3716 4004//3717
f 4004//3717 4003//3716 4005//3718
f 4004//3717 4005//3718 4006//3719
f 4006//3719 4005//3718 4007//3720
f 4006//3719 4007//3720 4008//3721
f 4008//3721 4007//3720 4009//3722
f 4008//3721 4009//3722 4010//3723
f 4010//3723 4009//3722 4011//3724
f 4010//3723 4011//3724 4012//3725
f 4012//3725 4011//3724 4013//3726
f 4012//3725 4013//3726 4014//3727
f 4014//3727 4013//3726 4015//3728
f 4014//3727 4015//3728 4016//3729
f 4016//3729 4015//3728 4017//3730
f 4016//3729 4017//3730 4018//3731
f 4018//3731 4017//3730 4019//3732
f 4018//3731 4019//3732 4020//3733
f 4020//3733 4019//3732 4021//3734
f 4020//3733 4021//3734 4022//3735
f 4022//3735 4021//3734 4023//3736
f 4022//3735 4023//3736 4024//3737
f 4024//3737 4023//3736 4025//3738
f 4024//3737 4025//3738 4026//3739
f 4026//3739 4025//3738 4027//3740
f 4026//3739 4027//3740 4028//3741
f 4028//3741 4027//3740 4029//3742
f 4028//3741 4029//3742 4030//3743
f 4030//3743 4029//3742 4031//3744
f 4030//3743 4031//3744 4032//3745
f 4032//3745 4031//3744 4033//3746
f 4032//3745 4033//3746 4034//3747
f 4034//3747 4033//3746 4035//3748
f 4034//3747 4035//3748 4036//3749
f 4036//3749 4035//3748 4037//3750
f 4036//3749 4037//3750 4038//3751
f 4038//3751 4037//3750 4039//3752
f 4038//3751 4039//3752 4040//3753
f 4040//3753 4039//3752 4041//3754
f 4040//3753 4041//3754 4042//3755
f 4042//3755 4041//3754 4043//3756
f 4042//3755 4043//3756 4044//3757
f 4044//3757 4043//3756 4045//3758
f 4044//3757 4045//3758 4046//3759
f 4046//3759 4045//3758 4047//3760
f 4046//3759 4047//3760 4048//3761
f 4048//3761 4047//3760 4049//3762
f 4048//3761 4049//3762 4050//3763
f 4050//3763 4049//3762 4051//3764
f 4050//3763 4051//3764 4052//3765
f 4052//3765 4051//3764 4053//3766
f 4052//3765 4053//3766 4054//3767
f 4054//3767 4053//3766 4055//3768
f 4054//3767 4055//3768 4056//3769
f 4056//3769 4055//3768 4057//3770
f 4056//3769 4057//3770 4058//3771
f 4058//3771 4057//3770 4059//3772
f 4058//3771 4059//3772 4060//3773
f 4060//3773 4059//3772 4061//3774
f 4060//3773 4061//3774 4062//3775
f 4062//3775 4061//3774 4063//3776
f 4062//3775 4063//3776 4064//3777
f 4064//3777 4063//3776 4065//3778
f 4064//3777 4065//3778 4066//3779
f 4066//3779 4065//3778 4067//3780
f 4066//3779 4067//3780 4068//3781
f 4068//3781 4067//3780 4069//3782
f 4068//3781 4069//3782 4070//3783
f 4070//3783 4069//3782 4071//3784
f 4070//3783 4071//3784 4072//3785
f 4072//3785 4071//3784 4073//3786
f 4072//3785 4073//3786 4074//3787
f 4074//3787 4073//3786 4075//3788
f 4074//3787 4075//3788 4076//3789
f 4076//3789 4075//3788 4077//3790
f 4076//3789 4077//3790 4078//3791
f 4078//3791 4077//3790 4079//3792
f 4078//3791 4079//3792 4080//3793
f 4080//3793 4079//3792 4081//3794
f 4080//3793 4081//3794 4082//3795
f 4082//3795 4081//3794 4083//3796
f 4082//3795 4083//3796 4084//3797
f 4084//3797 4083//3796 4085//3798
f 4084//3797 4085//3798 4086//3799
f 4086//3799 4085//3798 4087//3800
f 4086//3799 4087//3800 4088//3801
f 4088//3801 4087//3800 4089//3802
f 4088//3801 4089//3802 4090//3803
f 4090//3803 4089//3802 4091//3804
f 4090//3803 4091//3804 4092//3805
f 4092//3805 4091//3804 4093//3806
f 4092//3805 4093//3806 4094//3807
f 4094//3807 4093//3806 4095//3808
f 4094//3807 4095//3808 4096//3809
f 4096//3809 4095//3808 4097//3810
f 4096//3809 4097//3810 4098//3811
f 4098//3811 4097//3810 4099//3812
f 4098//3811 4099//3812 4100//3813
f 4100//3813 4099//3812 4101//3814
f 4100//3813 4101//3814 4102//3815
f 4102//3815 4101//3814 4103//3816
f 4102//3815 4103//3816 4104//3817
f 4104//3817 4103//3816 4105//3818
f 4104//3817 4105//3818 4106//3819
f 4106//3819 4105//3818 4107//3820
f 4106//3819 4107//3820 4108//3821
f 7935//3261 7936//3822 7433//3262
f 7433//3262 7936//3822 3329//3823
f 7433//3262 3329//3823 4110//3824
f 4110//3824 3329//3823 3328//2820
f 4110//3824 3328//2820 7977//3825
f 7977//3825 3328//2820 3540//3253
f 7977//3825 3540//3253 8935//3826
f 8935//3826 3540//3253 3539//3252
f 8935//3826 3539//3252 8936//3827
f 8936//3827 3539//3252 3537//3828
f 8936//3827 3537//3828 8945//3829
f 8945//3829 3537//3828 3332//3830
f 8945//3829 3332//3830 8929//3831
f 8929//3831 3332//3830 3535//3832
f 8929//3831 3535//3832 8911//3833
f 8911//3833 3535//3832 3534//3834
f 8911//3833 3534//3834 8912//3835
f 8912//3835 3534//3834 3533//3836
f 8912//3835 3533//3836 9093//3837
f 9093//3837 3533//3836 3532//3838
f 9093//3837 3532//3838 9101//3839
f 9101//3839 3532//3838 3531//3840
f 9101//3839 3531//3840 9112//3841
f 9112//3841 3531//3840 3530//3842
f 9112//3841 3530//3842 9113//3843
f 9113//3843 3530//3842 3529//3844
f 9113//3843 3529//3844 9119//3845
f 9119//3845 3529//3844 9197//3846
f 9119//3845 9197//3846 9123//3847
f 9123//3847 9197//3846 9172//3848
f 9123//3847 9172//3848 9180//3849
f 9180//3849 9172//3848 9171//3850
f 9180//3849 9171//3850 7856//3851
f 7856//3851 9171//3850 9160//3852
f 7856//3851 9160//3852 4108//3821
f 4108//3821 9160//3852 3523//3236
f 4108//3821 3523//3236 4106//3819
f 4106//3819 3523//3236 3524//3237
f 4106//3819 3524//3237 4104//3817
f 4104//3817 3524//3237 3522//3235
f 4104//3817 3522//3235 4102//3815
f 4102//3815 3522//3235 3519//3232
f 4102//3815 3519//3232 4100//3813
f 4100//3813 3519//3232 3520//3233
f 4100//3813 3520//3233 4098//3811
f 4098//3811 3520//3233 3521//3234
f 4098//3811 3521//3234 4096//3809
f 4096//3809 3521//3234 3518//3231
f 4096//3809 3518//3231 4094//3807
f 4094//3807 3518//3231 3517//3230
f 4094//3807 3517//3230 4092//3805
f 4092//3805 3517//3230 3516//3229
f 4092//3805 3516//3229 4090//3803
f 4090//3803 3516//3229 3935//3648
f 4090//3803 3935//3648 4088//3801
f 4088//3801 3935//3648 3934//3647
f 4088//3801 3934//3647 4086//3799
f 4086//3799 3934//3647 3933//3646
f 4086//3799 3933//3646 4084//3797
f 4084//3797 3933//3646 3932//3645
f 4084//3797 3932//3645 4082//3795
f 4082//3795 3932//3645 3931//3644
f 4082//3795 3931//3644 4080//3793
f 4080//3793 3931//3644 3930//3643
f 4080//3793 3930//3643 4078//3791
f 4078//3791 3930//3643 3929//3642
f 4078//3791 3929//3642 4076//3789
f 4076//3789 3929//3642 3928//3641
f 4076//3789 3928//3641 4074//3787
f 4074//3787 3928//3641 3927//3640
f 4074//3787 3927//3640 4072//3785
f 4072//3785 3927//3640 3926//3639
f 4072//3785 3926//3639 4070//3783
f 4070//3783 3926//3639 3925//3638
f 4070//3783 3925//3638 4068//3781
f 4068//3781 3925//3638 3924//3637
f 4068//3781 3924//3637 4066//3779
f 4066//3779 3924//3637 3923//3636
f 4066//3779 3923//3636 4064//3777
f 4064//3777 3923//3636 3922//3635
f 4064//3777 3922//3635 4062//3775
f 4062//3775 3922//3635 3921//3634
f 4062//3775 3921//3634 4060//3773
f 4060//3773 3921//3634 3920//3633
f 4060//3773 3920//3633 4058//3771
f 4058//3771 3920//3633 3919//3632
f 4058//3771 3919//3632 4056//3769
f 4056//3769 3919//3632 3918//3631
f 4056//3769 3918//3631 4054//3767
f 4054//3767 3918//3631 3917//3630
f 4054//3767 3917//3630 4052//3765
f 4052//3765 3917//3630 3916//3629
f 4052//3765 3916//3629 4050//3763
f 4050//3763 3916//3629 3915//3628
f 4050//3763 3915//3628 4048//3761
f 4048//3761 3915//3628 3914//3627
f 4048//3761 3914//3627 4046//3759
f 4046//3759 3914//3627 3913//3626
f 4046//3759 3913//3626 4044//3757
f 4044//3757 3913//3626 3912//3625
f 4044//3757 3912//3625 4042//3755
f 4042//3755 3912//3625 3911//3624
f 4042//3755 3911//3624 4040//3753
f 4040//3753 3911//3624 3910//3623
f 4040//3753 3910//3623 4038//3751
f 4038//3751 3910//3623 3909//3622
f 4038//3751 3909//3622 4036//3749
f 4036//3749 3909//3622 3908//3621
f 4036//3749 3908//3621 4034//3747
f 4034//3747 3908//3621 3907//3620
f 4034//3747 3907//3620 4032//3745
f 4032//3745 3907//3620 3906//3619
f 4032//3745 3906//3619 4030//3743
f 4030//3743 3906//3619 3905//3618
f 4030//3743 3905//3618 4028//3741
f 4028//3741 3905//3618 3904//3617
f 4028//3741 3904//3617 4026//3739
f 4026//3739 3904//3617 3903//3616
f 4026//3739 3903//3616 4024//3737
f 4024//3737 3903//3616 3902//3615
f 4024//3737 3902//3615 4022//3735
f 4022//3735 3902//3615 3901//3614
f 4022//3735 3901//3614 4020//3733
f 4020//3733 3901//3614 3900//3613
f 4020//3733 3900//3613 4018//3731
f 4018//3731 3900//3613 3899//3612
f 4018//3731 3899//3612 4016//3729
f 4016//3729 3899//3612 3898//3611
f 4016//3729 3898//3611 4014//3727
f 4014//3727 3898//3611 3897//3610
f 4014//3727 3897//3610 4012//3725
f 4012//3725 3897//3610 3896//3609
f 4012//3725 3896//3609 4010//3723
f 4010//3723 3896//3609 3895//3608
f 4010//3723 3895//3608 4008//3721
f 4008//3721 3895//3608 3894//3607
f 4008//3721 3894//3607 4006//3719
f 4006//3719 3894//3607 3893//3606
f 4006//3719 3893//3606 4004//3717
f 4004//3717 3893//3606 3892//3605
f 4004//3717 3892//3605 4002//3715
f 4002//3715 3892//3605 3891//3604
f 4002//3715 3891//3604 4000//3713
f 4000//3713 3891//3604 3890//3603
f 4000//3713 3890//3603 3998//3711
f 3998//3711 3890//3603 3889//3602
f 3998//3711 3889//3602 3996//3709
f 3996//3709 3889//3602 3888//3601
f 3996//3709 3888//3601 3994//3707
f 3994//3707 3888//3601 3887//3600
f 3994//3707 3887//3600 3992//3705
f 3992//3705 3887//3600 3886//3599
f 3992//3705 3886//3599 3990//3703
f 3990//3703 3886//3599 3885//3598
f 3990//3703 3885//3598 3988//3701
f 3988//3701 3885//3598 3884//3597
f 3988//3701 3884//3597 3986//3699
f 3986//3699 3884//3597 3883//3596
f 3986//3699 3883//3596 3984//3697
f 3984//3697 3883//3596 3882//3595
f 3984//3697 3882//3595 3982//3695
f 3982//3695 3882//3595 3881//3594
f 3982//3695 3881//3594 3980//3693
f 3980//3693 3881//3594 3880//3593
f 3980//3693 3880//3593 3978//3691
f 3978//3691 3880//3593 3879//3592
f 3978//3691 3879//3592 3976//3689
f 3976//3689 3879//3592 3878//3591
f 3976//3689 3878//3591 3974//3687
f 3974//3687 3878//3591 3877//3590
f 3974//3687 3877//3590 3972//3685
f 3972//3685 3877//3590 3876//3589
f 3972//3685 3876//3589 3970//3683
f 3970//3683 3876//3589 3875//3588
f 3970//3683 3875//3588 3968//3681
f 3968//3681 3875//3588 3874//3587
f 3968//3681 3874//3587 3966//3679
f 3966//3679 3874//3587 3873//3586
f 3966//3679 3873//3586 3964//3677
f 3964//3677 3873//3586 3872//3585
f 3964//3677 3872//3585 3962//3675
f 3962//3675 3872//3585 3451//3163
f 3962//3675 3451//3163 3960//3673
f 3960//3673 3451//3163 3449//3161
f 3960//3673 3449//3161 3958//3671
f 3958//3671 3449//3161 3450//3162
f 3958//3671 3450//3162 3956//3669
f 3956//3669 3450//3162 3448//3160
f 3956//3669 3448//3160 3954//3667
f 3954//3667 3448//3160 3446//3158
f 3954//3667 3446//3158 3952//3665
f 3952//3665 3446//3158 3447//3159
f 3952//3665 3447//3159 3950//3663
f 3950//3663 3447//3159 3445//3157
f 3950//3663 3445//3157 3948//3661
f 3948//3661 3445//3157 3444//3156
f 3948//3661 3444//3156 3946//3659
f 3946//3659 3444//3156 3443//3155
f 3946//3659 3443//3155 3944//3657
f 3944//3657 3443//3155 3441//3153
f 3944//3657 3441//3153 3942//3655
f 3942//3655 3441//3153 3442//3154
f 3942//3655 3442//3154 3940//3653
f 3940//3653 3442//3154 3440//3152
f 3940//3653 3440//3152 3938//3651
f 3938//3651 3440//3152 3438//3150
f 3938//3651 3438//3150 3936//3649
f 3936//3649 3438//3150 3439//3151
f 3936//3649 3439//3151 3310//2802
f 7750//3310 3589//3302 3595//3308
f 3595//3308 3589//3302 3588//3301
f 3595//3308 3588//3301 3593//3306
f 3593//3306 3588//3301 7473//3853
f 3593//3306 7473//3853 3599//3312
f 3599//3312 7473//3853 9147//3854
f 3599//3312 9147//3854 3601//3314
f 3601//3314 9147//3854 9267//3855
f 3601//3314 9267//3855 3432//3144
f 3432//3144 9267//3855 9268//3856
f 3432//3144 9268//3856 7573//3857
f 7573//3857 9268//3856 9271//3858
f 7573//3857 9271//3858 7574//3859
f 7574//3859 9271//3858 9264//3860
f 7574//3859 9264//3860 3433//3861
f 3433//3861 9264//3860 9242//3862
f 3433//3861 9242//3862 3434//3146
f 3434//3146 9242//3862 4133//3863
f 3434//3146 4133//3863 4134//3864
f 4134//3864 4133//3863 4135//3865
f 4134//3864 4135//3865 4136//3866
f 2640//2286 3434//3146 3435//3147
f 3435//3147 3434//3146 4134//3864
f 3435//3147 4134//3864 3436//3148
f 3436//3148 4134//3864 4136//3866
f 3436//3148 4136//3866 3437//3149
f 4137//3867 4133//3863 4138//3868
f 4138//3868 4133//3863 4132//3869
f 4138//3868 4132//3869 4139//3870
f 4139//3870 4132//3869 4131//3871
f 4139//3870 4131//3871 9276//3872
f 9276//3872 4131//3871 4130//3873
f 9276//3872 4130//3873 9270//3874
f 9270//3874 4130//3873 4129//3875
f 9270//3874 4129//3875 4142//3876
f 4142//3876 4129//3875 4128//3877
f 4142//3876 4128//3877 4143//3878
f 4143//3878 4128//3877 4127//3879
f 4143//3878 4127//3879 4144//3880
f 4144//3880 4127//3879 4126//3881
f 4144//3880 4126//3881 4145//3882
f 4145//3882 4126//3881 7472//3883
f 4145//3882 7472//3883 8722//3884
f 8722//3884 7472//3883 8339//3885
f 8722//3884 8339//3885 8723//3886
f 8723//3886 8339//3885 8502//3887
f 8723//3886 8502//3887 8710//3888
f 8710//3888 8502//3887 8490//3889
f 8710//3888 8490//3889 8703//3890
f 8703//3890 8490//3889 8434//3891
f 8703//3890 8434//3891 8704//3892
f 8704//3892 8434//3891 3326//3893
f 8704//3892 3326//3893 8889//3894
f 8889//3894 3326//3893 3569//3282
f 8889//3894 3569//3282 4152//3895
f 4152//3895 3569//3282 3571//3284
f 4152//3895 3571//3284 4153//3896
f 4153//3896 3571//3284 3565//3278
f 4153//3896 3565//3278 4154//3897
f 4154//3897 3565//3278 3557//3270
f 4154//3897 3557//3270 4155//3898
f 4155//3898 3557//3270 3560//3273
f 4155//3898 3560//3273 4156//3899
f 4156//3899 3560//3273 3555//3900
f 4156//3899 3555//3900 4157//3901
f 4157//3901 3555//3900 3551//3902
f 4157//3901 3551//3902 4158//3903
f 4158//3903 3551//3902 3549//3904
f 4158//3903 3549//3904 4159//3905
f 4159//3905 3549//3904 7839//3906
f 4159//3905 7839//3906 8661//3907
f 8661//3907 7839//3906 4111//3908
f 8661//3907 4111//3908 4161//3909
f 4161//3909 4111//3908 4112//3910
f 4161//3909 4112//3910 4162//3911
f 4162//3911 4112//3910 4113//3912
f 4162//3911 4113//3912 4163//3913
f 4163//3913 4113//3912 4114//3914
f 4163//3913 4114//3914 4164//3915
f 4164//3915 4114//3914 4115//3916
f 4164//3915 4115//3916 4165//3917
f 4165//3917 4115//3916 4116//3918
f 4165//3917 4116//3918 4166//3919
f 4166//3919 4116//3918 4117//3920
f 4166//3919 4117//3920 4167//3921
f 4167//3921 4117//3920 4118//3922
f 4167//3921 4118//3922 4168//3923
f 4168//3923 4118//3922 4119//3924
f 4168//3923 4119//3924 4169//3925
f 4169//3925 4119//3924 4120//3926
f 4169//3925 4120//3926 4170//3927
f 4170//3927 4120//3926 4121//3928
f 4170//3927 4121//3928 4171//3929
f 4171//3929 4121//3928 4122//3930
f 4171//3929 4122//3930 4172//3931
f 4172//3931 4122//3930 4123//3932
f 4172//3931 4123//3932 4173//3933
f 4173//3933 4123//3932 4124//3934
f 4173//3933 4124//3934 4174//3935
f 4174//3935 4124//3934 4125//3936
f 4174//3935 4125//3936 3871//3584
f 3871//3584 4125//3936 4108//3821
f 3871//3584 4108//3821 3869//3582
f 3869//3582 4108//3821 4107//3820
f 3869//3582 4107//3820 3867//3580
f 3867//3580 4107//3820 4105//3818
f 3867//3580 4105//3818 3865//3578
f 3865//3578 4105//3818 4103//3816
f 3865//3578 4103//3816 3863//3576
f 3863//3576 4103//3816 4101//3814
f 3863//3576 4101//3814 3861//3574
f 3861//3574 4101//3814 4099//3812
f 3861//3574 4099//3812 3859//3572
f 3859//3572 4099//3812 4097//3810
f 3859//3572 4097//3810 3857//3570
f 3857//3570 4097//3810 4095//3808
f 3857//3570 4095//3808 3855//3568
f 3855//3568 4095//3808 4093//3806
f 3855//3568 4093//3806 3853//3566
f 3853//3566 4093//3806 4091//3804
f 3853//3566 4091//3804 3851//3564
f 3851//3564 4091//3804 4089//3802
f 3851//3564 4089//3802 3849//3562
f 3849//3562 4089//3802 4087//3800
f 3849//3562 4087//3800 3847//3560
f 3847//3560 4087//3800 4085//3798
f 3847//3560 4085//3798 3845//3558
f 3845//3558 4085//3798 4083//3796
f 3845//3558 4083//3796 3843//3556
f 3843//3556 4083//3796 4081//3794
f 3843//3556 4081//3794 3841//3554
f 3841//3554 4081//3794 4079//3792
f 3841//3554 4079//3792 3839//3552
f 3839//3552 4079//3792 4077//3790
f 3839//3552 4077//3790 3837//3550
f 3837//3550 4077//3790 4075//3788
f 3837//3550 4075//3788 3835//3548
f 3835//3548 4075//3788 4073//3786
f 3835//3548 4073//3786 3833//3546
f 3833//3546 4073//3786 4071//3784
f 3833//3546 4071//3784 3831//3544
f 3831//3544 4071//3784 4069//3782
f 3831//3544 4069//3782 3829//3542
f 3829//3542 4069//3782 4067//3780
f 3829//3542 4067//3780 3827//3540
f 3827//3540 4067//3780 4065//3778
f 3827//3540 4065//3778 3825//3538
f 3825//3538 4065//3778 4063//3776
f 3825//3538 4063//3776 3823//3536
f 3823//3536 4063//3776 4061//3774
f 3823//3536 4061//3774 3821//3534
f 3821//3534 4061//3774 4059//3772
f 3821//3534 4059//3772 3819//3532
f 3819//3532 4059//3772 4057//3770
f 3819//3532 4057//3770 3817//3530
f 3817//3530 4057//3770 4055//3768
f 3817//3530 4055//3768 3815//3528
f 3815//3528 4055//3768 4053//3766
f 3815//3528 4053//3766 3813//3526
f 3813//3526 4053//3766 4051//3764
f 3813//3526 4051//3764 3811//3524
f 3811//3524 4051//3764 4049//3762
f 3811//3524 4049//3762 3809//3522
f 3809//3522 4049//3762 4047//3760
f 3809//3522 4047//3760 3807//3520
f 3807//3520 4047//3760 4045//3758
f 3807//3520 4045//3758 3805//3518
f 3805//3518 4045//3758 4043//3756
f 3805//3518 4043//3756 3803//3516
f 3803//3516 4043//3756 4041//3754
f 3803//3516 4041//3754 3801//3514
f 3801//3514 4041//3754 4039//3752
f 3801//3514 4039//3752 3799//3512
f 3799//3512 4039//3752 4037//3750
f 3799//3512 4037//3750 3797//3510
f 3797//3510 4037//3750 4035//3748
f 3797//3510 4035//3748 3795//3508
f 3795//3508 4035//3748 4033//3746
f 3795//3508 4033//3746 3793//3506
f 3793//3506 4033//3746 4031//3744
f 3793//3506 4031//3744 3791//3504
f 3791//3504 4031//3744 4029//3742
f 3791//3504 4029//3742 3789//3502
f 3789//3502 4029//3742 4027//3740
f 3789//3502 4027//3740 3787//3500
f 3787//3500 4027//3740 4025//3738
f 3787//3500 4025//3738 3785//3498
f 3785//3498 4025//3738 4023//3736
f 3785//3498 4023//3736 3783//3496
f 3783//3496 4023//3736 4021//3734
f 3783//3496 4021//3734 3781//3494
f 3781//3494 4021//3734 4019//3732
f 3781//3494 4019//3732 3779//3492
f 3779//3492 4019//3732 4017//3730
f 3779//3492 4017//3730 3777//3490
f 3777//3490 4017//3730 4015//3728
f 3777//3490 4015//3728 3775//3488
f 3775//3488 4015//3728 4013//3726
f 3775//3488 4013//3726 3773//3486
f 3773//3486 4013//3726 4011//3724
f 3773//3486 4011//3724 3771//3484
f 3771//3484 4011//3724 4009//3722
f 3771//3484 4009//3722 3769//3482
f 3769//3482 4009//3722 4007//3720
f 3769//3482 4007//3720 3767//3480
f 3767//3480 4007//3720 4005//3718
f 3767//3480 4005//3718 3765//3478
f 3765//3478 4005//3718 4003//3716
f 3765//3478 4003//3716 3763//3476
f 3763//3476 4003//3716 4001//3714
f 3763//3476 4001//3714 3761//3474
f 3761//3474 4001//3714 3999//3712
f 3761//3474 3999//3712 3759//3472
f 3759//3472 3999//3712 3997//3710
f 3759//3472 3997//3710 3757//3470
f 3757//3470 3997//3710 3995//3708
f 3757//3470 3995//3708 3755//3468
f 3755//3468 3995//3708 3993//3706
f 3755//3468 3993//3706 3753//3466
f 3753//3466 3993//3706 3991//3704
f 3753//3466 3991//3704 3751//3464
f 3751//3464 3991//3704 3989//3702
f 3751//3464 3989//3702 3749//3462
f 3749//3462 3989//3702 3987//3700
f 3749//3462 3987//3700 3747//3460
f 3747//3460 3987//3700 3985//3698
f 3747//3460 3985//3698 3745//3458
f 3745//3458 3985//3698 3983//3696
f 3745//3458 3983//3696 3743//3456
f 3743//3456 3983//3696 3981//3694
f 3743//3456 3981//3694 3741//3454
f 3741//3454 3981//3694 3979//3692
f 3741//3454 3979//3692 3739//3452
f 3739//3452 3979//3692 3977//3690
f 3739//3452 3977//3690 3737//3450
f 3737//3450 3977//3690 3975//3688
f 3737//3450 3975//3688 3735//3448
f 3735//3448 3975//3688 3973//3686
f 3735//3448 3973//3686 3733//3446
f 3733//3446 3973//3686 3971//3684
f 3733//3446 3971//3684 3731//3444
f 3731//3444 3971//3684 3969//3682
f 3731//3444 3969//3682 3729//3442
f 3729//3442 3969//3682 3967//3680
f 3729//3442 3967//3680 3727//3440
f 3727//3440 3967//3680 3965//3678
f 3727//3440 3965//3678 3725//3438
f 3725//3438 3965//3678 3963//3676
f 3725//3438 3963//3676 3723//3436
f 3723//3436 3963//3676 3961//3674
f 3723//3436 3961//3674 3721//3434
f 3721//3434 3961//3674 3959//3672
f 3721//3434 3959//3672 3719//3432
f 3719//3432 3959//3672 3957//3670
f 3719//3432 3957//3670 3717//3430
f 3717//3430 3957//3670 3955//3668
f 3717//3430 3955//3668 3715//3428
f 3715//3428 3955//3668 3953//3666
f 3715//3428 3953//3666 3713//3426
f 3713//3426 3953//3666 3951//3664
f 3713//3426 3951//3664 3711//3424
f 3711//3424 3951//3664 3949//3662
f 3711//3424 3949//3662 3709//3422
f 3709//3422 3949//3662 3947//3660
f 3709//3422 3947//3660 3707//3420
f 3707//3420 3947//3660 3945//3658
f 3707//3420 3945//3658 3705//3418
f 3705//3418 3945//3658 3943//3656
f 3705//3418 3943//3656 3703//3416
f 3703//3416 3943//3656 3941//3654
f 3703//3416 3941//3654 3701//3414
f 3701//3414 3941//3654 3939//3652
f 3701//3414 3939//3652 3699//3412
f 3699//3412 3939//3652 3937//3650
f 3699//3412 3937//3650 3697//3410
f 3697//3410 3937//3650 3309//2801
f 3697//3410 3309//2801 3695//3408
f 3695//3408 3309//2801 3308//2800
f 3695//3408 3308//2800 3693//3406
f 3673//3386 4175//3937 3671//3384
f 3671//3384 4175//3937 4176//3938
f 3671//3384 4176//3938 4177//3939
f 4177//3939 4176//3938 4178//3940
f 4177//3939 4178//3940 4179//3941
f 4180//3942 4181//3943 4182//3944
f 4178//3940 4183//3945 4179//3941
f 4179//3941 4183//3945 4184//3946
f 4179//3941 4184//3946 4181//3943
f 4181//3943 4184//3946 4185//3947
f 4181//3943 4185//3947 4182//3944
f 4186//3948 4187//3949 4188//3950
f 4189//3951 4190//3952 4191//3953
f 4192//3954 4193//3955 4194//3956
f 4194//3956 4193//3955 4189//3951
f 4194//3956 4189//3951 4195//3957
f 4195//3957 4189//3951 4191//3953
f 4188//3950 4196//3958 4186//3948
f 4186//3948 4196//3958 4197//3959
f 4186//3948 4197//3959 4190//3952
f 4190//3952 4197//3959 4198//3960
f 4190//3952 4198//3960 4191//3953
f 4182//3944 4199//3961 4180//3942
f 4180//3942 4199//3961 4200//3962
f 4180//3942 4200//3962 4187//3949
f 4187//3949 4200//3962 4201//3963
f 4187//3949 4201//3963 4188//3950
f 4202//3964 3352//2879 4203//3965
f 4203//3965 3352//2879 3351//2875
f 4203//3965 3351//2875 4204//3966
f 4204//3966 3351//2875 3350//2873
f 4204//3966 3350//2873 4205//3967
f 4205//3967 3350//2873 3349//2869
f 4205//3967 3349//2869 4206//3968
f 4206//3968 3349//2869 3348//2864
f 4206//3968 3348//2864 4207//3969
f 4207//3969 3348//2864 3347//2861
f 4207//3969 3347//2861 4208//3970
f 4208//3970 3347//2861 3346//2859
f 4208//3970 3346//2859 4209//3971
f 4209//3971 3346//2859 3344//2852
f 4209//3971 3344//2852 4210//3972
f 4210//3972 3344//2852 3345//2855
f 4210//3972 3345//2855 4211//3973
f 4211//3973 3345//2855 3431//3137
f 4211//3973 3431//3137 4212//3974
f 4212//3974 3431//3137 3430//3135
f 4212//3974 3430//3135 4213//3975
f 4213//3975 3430//3135 3429//3127
f 4213//3975 3429//3127 4214//3976
f 4214//3976 3429//3127 3428//3124
f 4214//3976 3428//3124 4215//3977
f 4215//3977 3428//3124 3427//3122
f 4215//3977 3427//3122 4216//3978
f 4216//3978 3427//3122 3425//3114
f 4216//3978 3425//3114 4217//3979
f 4217//3979 3425//3114 3426//3117
f 4217//3979 3426//3117 3658//3371
f 3658//3371 3426//3117 3424//3112
f 3658//3371 3424//3112 3657//3370
f 3657//3370 3424//3112 3336//2830
f 3657//3370 3336//2830 3656//3369
f 3656//3369 3336//2830 3423//3108
f 3656//3369 3423//3108 3631//3344
f 3631//3344 3423//3108 3337//2833
f 3631//3344 3337//2833 3632//3345
f 3632//3345 3337//2833 3422//3104
f 3632//3345 3422//3104 3625//3338
f 3625//3338 3422//3104 3421//3102
f 3625//3338 3421//3102 3622//3335
f 3622//3335 3421//3102 3420//3098
f 3622//3335 3420//3098 3627//3340
f 3627//3340 3420//3098 3417//3090
f 3627//3340 3417//3090 3629//3342
f 3629//3342 3417//3090 3314//2806
f 3629//3342 3314//2806 3630//3343
f 3630//3343 3314//2806 3316//2808
f 3630//3343 3316//2808 3655//3368
f 3655//3368 3316//2808 3692//3405
f 4218//3980 3356//2898 3342//2848
f 3342//2848 3356//2898 2696//2900
f 3342//2848 2696//2900 2695//2846
f 2673//2850 3354//2889 3343//2851
f 3343//2851 3354//2889 4219//3981
f 3343//2851 4219//3981 3307//2799
f 3307//2799 4219//3981 4220//3982
f 3307//2799 4220//3982 3305//2797
f 2823//2877 3352//2879 3353//2882
f 3353//2882 3352//2879 4202//3964
f 3353//2882 4202//3964 4221//3983
f 4221//3983 4202//3964 4222//3984
f 4221//3983 4222//3984 3304//2796
f 3304//2796 4222//3984 4223//3985
f 3304//2796 4223//3985 3302//2794
f 3303//2795 4220//3982 3304//2796
f 3304//2796 4220//3982 4219//3981
f 3304//2796 4219//3981 4221//3983
f 4221//3983 4219//3981 3354//2889
f 4221//3983 3354//2889 3353//2882
f 3353//2882 3354//2889 2644//2891
f 3353//2882 2644//2891 2825//2884
f 2675//2892 3343//2851 3355//2894
f 3355//2894 3343//2851 3307//2799
f 3355//2894 3307//2799 3301//2793
f 3301//2793 3307//2799 3306//2798
f 3301//2793 3306//2798 3299//2791
f 2694//2847 3355//2894 3342//2848
f 3342//2848 3355//2894 3301//2793
f 3342//2848 3301//2793 4218//3980
f 4218//3980 3301//2793 3300//2792
f 4218//3980 3300//2792 4224//3986
f 4224//3986 4225//3987 4218//3980
f 4218//3980 4225//3987 4226//3988
f 4218//3980 4226//3988 3356//2898
f 3356//2898 4226//3988 3358//2905
f 3356//2898 3358//2905 2741//2896
f 2741//2896 3358//2905 2800//2904
f 3303//2795 4227//3989 4220//3982
f 4220//3982 4227//3989 4228//3990
f 4220//3982 4228//3990 3305//2797
f 3305//2797 4228//3990 4229//3991
f 3305//2797 4229//3991 3306//2798
f 3306//2798 4229//3991 4230//3992
f 3306//2798 4230//3992 3299//2791
f 3299//2791 4230//3992 4231//3993
f 3299//2791 4231//3993 3300//2792
f 3300//2792 4231//3993 3297//2789
f 3300//2792 3297//2789 4224//3986
f 4224//3986 3297//2789 3296//2788
f 4224//3986 3296//2788 4225//3987
f 2767//2910 8923//3994 8924//2908
s 0
f 3359//3995 2766//3995 3361//3995
s 1
f 8924//2908 8940//2912 4232//3996
f 4232//3996 8940//2912 3357//2901
f 4232//3996 3357//2901 4233//3997
f 4233//3997 3357//2901 3358//2905
f 4233//3997 3358//2905 4234//3998
f 4234//3998 3358//2905 4226//3988
f 3638//3351 3311//2803 3639//3352
f 3639//3352 3311//2803 3313//2805
f 3639//3352 3313//2805 3658//3371
f 3658//3371 3313//2805 3659//3372
f 3658//3371 3659//3372 4217//3979
f 4217//3979 3659//3372 3661//3374
f 4217//3979 3661//3374 4216//3978
f 4216//3978 3661//3374 3663//3376
f 4216//3978 3663//3376 4215//3977
f 4215//3977 3663//3376 3662//3375
f 4215//3977 3662//3375 4214//3976
f 4214//3976 3662//3375 3669//3382
f 4214//3976 3669//3382 4213//3975
f 4213//3975 3669//3382 3668//3381
f 4213//3975 3668//3381 4212//3974
f 4212//3974 3668//3381 3672//3385
f 4212//3974 3672//3385 4211//3973
f 4211//3973 3672//3385 3671//3384
f 4211//3973 3671//3384 4210//3972
f 4210//3972 3671//3384 4177//3939
f 4210//3972 4177//3939 4209//3971
f 4209//3971 4177//3939 4179//3941
f 4209//3971 4179//3941 4208//3970
f 4208//3970 4179//3941 4181//3943
f 4208//3970 4181//3943 4207//3969
f 4207//3969 4181//3943 4180//3942
f 4207//3969 4180//3942 4206//3968
f 4206//3968 4180//3942 4187//3949
f 4206//3968 4187//3949 4205//3967
f 4205//3967 4187//3949 4186//3948
f 4205//3967 4186//3948 4204//3966
f 4204//3966 4186//3948 4190//3952
f 4204//3966 4190//3952 4203//3965
f 4203//3965 4190//3952 4189//3951
f 4203//3965 4189//3951 4202//3964
f 4202//3964 4189//3951 4193//3955
f 4202//3964 4193//3955 4222//3984
f 4222//3984 4193//3955 4192//3954
f 4222//3984 4192//3954 4223//3985
f 3298//2790 3297//2789 4235//3999
f 4235//3999 3297//2789 4231//3993
f 4235//3999 4231//3993 4236//4000
f 4236//4000 4231//3993 4230//3992
f 4236//4000 4230//3992 4237//4001
f 4237//4001 4230//3992 4229//3991
f 4237//4001 4229//3991 4238//4002
f 4238//4002 4229//3991 4228//3990
f 4238//4002 4228//3990 4239//4003
f 4239//4003 4228//3990 4227//3989
f 4239//4003 4227//3989 4240//4004
f 4240//4004 4227//3989 3303//2795
f 4240//4004 3303//2795 4241//4005
f 4241//4005 3303//2795 3302//2794
f 4241//4005 3302//2794 4242//4006
f 4242//4006 3302//2794 4223//3985
f 4242//4006 4223//3985 4243//4007
f 4243//4007 4223//3985 4192//3954
f 4243//4007 4192//3954 4244//4008
f 4244//4008 4192//3954 4194//3956
f 4244//4008 4194//3956 4245//4009
f 4245//4009 4194//3956 4195//3957
f 4245//4009 4195//3957 4246//4010
f 4246//4010 4195//3957 4191//3953
f 4246//4010 4191//3953 4247//4011
f 4247//4011 4191//3953 4198//3960
f 4247//4011 4198//3960 4248//4012
f 4248//4012 4198//3960 4197//3959
f 4248//4012 4197//3959 4249//4013
f 4249//4013 4197//3959 4196//3958
f 4249//4013 4196//3958 4250//4014
f 4250//4014 4196//3958 4188//3950
f 4250//4014 4188//3950 4251//4015
f 4251//4015 4188//3950 4201//3963
f 4251//4015 4201//3963 4252//4016
f 4252//4016 4201//3963 4200//3962
f 4252//4016 4200//3962 4253//4017
f 4253//4017 4200//3962 4199//3961
f 4253//4017 4199//3961 4254//4018
f 4254//4018 4199//3961 4182//3944
f 4254//4018 4182//3944 4255//4019
f 4255//4019 4182//3944 4185//3947
f 4255//4019 4185//3947 4256//4020
f 4256//4020 4185//3947 4184//3946
f 4256//4020 4184//3946 4257//4021
f 4257//4021 4184//3946 4183//3945
f 4257//4021 4183//3945 4258//4022
f 4258//4022 4183//3945 4178//3940
f 4258//4022 4178//3940 4259//4023
f 4259//4023 4178//3940 4176//3938
f 4259//4023 4176//3938 4260//4024
f 4260//4024 4176//3938 4175//3937
f 4260//4024 4175//3937 4261//4025
f 4261//4025 4175//3937 3673//3386
f 4261//4025 3673//3386 4262//4026
f 4262//4026 3673//3386 3676//3389
f 4262//4026 3676//3389 4263//4027
f 4263//4027 3676//3389 3675//3388
f 4263//4027 3675//3388 4264//4028
f 4264//4028 3675//3388 3674//3387
f 4264//4028 3674//3387 4265//4029
f 4265//4029 3674//3387 3670//3383
f 4265//4029 3670//3383 4266//4030
f 4266//4030 3670//3383 3679//3392
f 4266//4030 3679//3392 4267//4031
f 4267//4031 3679//3392 3678//3391
f 4267//4031 3678//3391 4268//4032
f 4268//4032 3678//3391 3677//3390
f 4268//4032 3677//3390 4269//4033
f 4269//4033 3677//3390 3664//3377
f 4269//4033 3664//3377 4270//4034
f 4270//4034 3664//3377 3667//3380
f 4270//4034 3667//3380 4271//4035
f 4271//4035 3667//3380 3666//3379
f 4271//4035 3666//3379 4272//4036
f 4272//4036 3666//3379 3665//3378
f 4272//4036 3665//3378 4273//4037
f 4273//4037 3665//3378 3660//3373
f 4273//4037 3660//3373 4274//4038
f 4274//4038 3660//3373 3312//2804
f 4274//4038 3312//2804 4275//4039
f 4275//4039 3312//2804 3311//2803
f 4275//4039 3311//2803 4276//4040
f 4276//4040 3311//2803 3638//3351
f 4276//4040 3638//3351 4277//4041
f 4277//4041 3638//3351 3640//3353
f 4277//4041 3640//3353 4278//4042
f 4278//4042 3640//3353 3642//3355
f 4278//4042 3642//3355 4279//4043
f 4279//4043 3642//3355 3643//3356
f 4279//4043 3643//3356 4280//4044
f 4280//4044 3643//3356 3645//3358
f 4280//4044 3645//3358 4281//4045
f 4281//4045 3645//3358 3647//3360
f 4281//4045 3647//3360 4282//4046
f 4282//4046 3647//3360 3634//3347
f 4282//4046 3634//3347 4283//4047
f 4283//4047 3634//3347 3648//3361
f 4283//4047 3648//3361 4284//4048
f 4284//4048 3648//3361 3649//3362
f 4284//4048 3649//3362 4285//4049
f 4285//4049 3649//3362 3650//3363
f 4285//4049 3650//3363 4286//4050
f 4286//4050 3650//3363 3651//3364
f 4286//4050 3651//3364 4287//4051
f 4287//4051 3651//3364 3652//3365
f 4287//4051 3652//3365 4288//4052
f 4288//4052 3652//3365 3653//3366
f 4288//4052 3653//3366 4289//4053
f 4289//4053 3653//3366 3654//3367
f 4289//4053 3654//3367 4290//4054
f 4290//4054 3654//3367 3655//3368
f 4290//4054 3655//3368 4291//4055
f 4291//4055 3655//3368 3692//3405
f 4291//4055 3692//3405 4292//4056
f 4292//4056 3692//3405 3691//3404
f 4292//4056 3691//3404 4293//4057
f 4293//4057 3691//3404 3690//3403
f 4293//4057 3690//3403 4294//4058
f 4294//4058 3690//3403 3689//3402
f 4294//4058 3689//3402 4295//4059
f 4295//4059 3689//3402 3688//3401
f 4295//4059 3688//3401 4296//4060
f 4296//4060 3688//3401 3687//3400
f 4296//4060 3687//3400 4297//4061
f 4297//4061 3687//3400 3686//3399
f 4297//4061 3686//3399 4298//4062
f 4298//4062 3686//3399 3685//3398
f 4298//4062 3685//3398 4299//4063
f 4299//4063 3685//3398 3684//3397
f 4299//4063 3684//3397 4300//4064
f 4300//4064 3684//3397 3683//3396
f 4300//4064 3683//3396 4301//4065
f 4301//4065 3683//3396 3682//3395
f 4301//4065 3682//3395 4302//4066
f 4302//4066 3682//3395 3681//3394
f 4302//4066 3681//3394 4303//4067
f 4303//4067 3681//3394 3680//3393
f 4303//4067 3680//3393 4304//4068
f 4304//4068 3680//3393 3321//2813
f 4304//4068 3321//2813 4305//4069
f 4305//4069 3321//2813 3320//2812
f 4305//4069 3320//2812 4306//4070
f 4306//4070 4307//4071 4305//4069
f 4305//4069 4307//4071 4308//4072
f 4305//4069 4308//4072 4304//4068
f 4304//4068 4308//4072 4309//4073
f 4304//4068 4309//4073 4303//4067
f 4303//4067 4309//4073 4310//4074
f 4303//4067 4310//4074 4302//4066
f 4302//4066 4310//4074 4311//4075
f 4302//4066 4311//4075 4301//4065
f 4301//4065 4311//4075 4312//4076
f 4301//4065 4312//4076 4300//4064
f 4300//4064 4312//4076 4313//4077
f 4300//4064 4313//4077 4299//4063
f 4299//4063 4313//4077 4314//4078
f 4299//4063 4314//4078 4298//4062
f 4298//4062 4314//4078 4315//4079
f 4298//4062 4315//4079 4297//4061
f 4297//4061 4315//4079 4316//4080
f 4297//4061 4316//4080 4296//4060
f 4296//4060 4316//4080 4317//4081
f 4296//4060 4317//4081 4295//4059
f 4295//4059 4317//4081 4318//4082
f 4295//4059 4318//4082 4294//4058
f 4294//4058 4318//4082 4319//4083
f 4294//4058 4319//4083 4293//4057
f 4293//4057 4319//4083 4320//4084
f 4293//4057 4320//4084 4292//4056
f 4292//4056 4320//4084 4321//4085
f 4292//4056 4321//4085 4291//4055
f 4291//4055 4321//4085 4322//4086
f 4291//4055 4322//4086 4290//4054
f 4290//4054 4322//4086 4323//4087
f 4290//4054 4323//4087 4289//4053
f 4289//4053 4323//4087 4324//4088
f 4289//4053 4324//4088 4288//4052
f 4288//4052 4324//4088 4325//4089
f 4288//4052 4325//4089 4287//4051
f 4287//4051 4325//4089 4326//4090
f 4287//4051 4326//4090 4286//4050
f 4286//4050 4326//4090 4327//4091
f 4286//4050 4327//4091 4285//4049
f 4285//4049 4327//4091 4328//4092
f 4285//4049 4328//4092 4284//4048
f 4284//4048 4328//4092 4329//4093
f 4284//4048 4329//4093 4283//4047
f 4283//4047 4329//4093 4330//4094
f 4283//4047 4330//4094 4282//4046
f 4282//4046 4330//4094 4331//4095
f 4282//4046 4331//4095 4281//4045
f 4281//4045 4331//4095 4332//4096
f 4281//4045 4332//4096 4280//4044
f 4280//4044 4332//4096 4333//4097
f 4280//4044 4333//4097 4279//4043
f 4279//4043 4333//4097 4334//4098
f 4279//4043 4334//4098 4278//4042
f 4278//4042 4334//4098 4335//4099
f 4278//4042 4335//4099 4277//4041
f 4277//4041 4335//4099 4336//4100
f 4277//4041 4336//4100 4276//4040
f 4276//4040 4336//4100 4337//4101
f 4276//4040 4337//4101 4275//4039
f 4275//4039 4337//4101 4338//4102
f 4275//4039 4338//4102 4274//4038
f 4274//4038 4338//4102 4339//4103
f 4274//4038 4339//4103 4273//4037
f 4273//4037 4339//4103 4340//4104
f 4273//4037 4340//4104 4272//4036
f 4272//4036 4340//4104 4341//4105
f 4272//4036 4341//4105 4271//4035
f 4271//4035 4341//4105 4342//4106
f 4271//4035 4342//4106 4270//4034
f 4270//4034 4342//4106 4343//4107
f 4270//4034 4343//4107 4269//4033
f 4269//4033 4343//4107 4344//4108
f 4269//4033 4344//4108 4268//4032
f 4268//4032 4344//4108 4345//4109
f 4268//4032 4345//4109 4267//4031
f 4267//4031 4345//4109 4346//4110
f 4267//4031 4346//4110 4266//4030
f 4266//4030 4346//4110 4347//4111
f 4266//4030 4347//4111 4265//4029
f 4265//4029 4347//4111 4348//4112
f 4265//4029 4348//4112 4264//4028
f 4264//4028 4348//4112 4349//4113
f 4264//4028 4349//4113 4263//4027
f 4263//4027 4349//4113 4350//4114
f 4263//4027 4350//4114 4262//4026
f 4262//4026 4350//4114 4351//4115
f 4262//4026 4351//4115 4261//4025
f 4261//4025 4351//4115 4352//4116
f 4261//4025 4352//4116 4260//4024
f 4260//4024 4352//4116 4353//4117
f 4260//4024 4353//4117 4259//4023
f 4259//4023 4353//4117 4354//4118
f 4259//4023 4354//4118 4258//4022
f 4258//4022 4354//4118 4355//4119
f 4258//4022 4355//4119 4257//4021
f 4257//4021 4355//4119 4356//4120
f 4257//4021 4356//4120 4256//4020
f 4256//4020 4356//4120 4357//4121
f 4256//4020 4357//4121 4255//4019
f 4255//4019 4357//4121 4358//4122
f 4255//4019 4358//4122 4254//4018
f 4254//4018 4358//4122 4359//4123
f 4254//4018 4359//4123 4253//4017
f 4253//4017 4359//4123 4360//4124
f 4253//4017 4360//4124 4252//4016
f 4252//4016 4360//4124 4361//4125
f 4252//4016 4361//4125 4251//4015
f 4251//4015 4361//4125 4362//4126
f 4251//4015 4362//4126 4250//4014
f 4250//4014 4362//4126 4363//4127
f 4250//4014 4363//4127 4249//4013
f 4249//4013 4363//4127 4364//4128
f 4249//4013 4364//4128 4248//4012
f 4248//4012 4364//4128 4365//4129
f 4248//4012 4365//4129 4247//4011
f 4247//4011 4365//4129 4366//4130
f 4247//4011 4366//4130 4246//4010
f 4246//4010 4366//4130 4367//4131
f 4246//4010 4367//4131 4245//4009
f 4245//4009 4367//4131 4368//4132
f 4245//4009 4368//4132 4244//4008
f 4244//4008 4368//4132 4369//4133
f 4244//4008 4369//4133 4243//4007
f 4243//4007 4369//4133 4370//4134
f 4243//4007 4370//4134 4242//4006
f 4242//4006 4370//4134 4371//4135
f 4242//4006 4371//4135 4241//4005
f 4241//4005 4371//4135 4372//4136
f 4241//4005 4372//4136 4240//4004
f 4240//4004 4372//4136 4373//4137
f 4240//4004 4373//4137 4239//4003
f 4239//4003 4373//4137 4374//4138
f 4239//4003 4374//4138 4238//4002
f 4238//4002 4374//4138 4375//4139
f 4238//4002 4375//4139 4237//4001
f 4237//4001 4375//4139 4376//4140
f 4237//4001 4376//4140 4236//4000
f 4236//4000 4376//4140 4377//4141
f 4236//4000 4377//4141 4235//3999
f 4235//3999 4377//4141 4378//4142
f 4235//3999 4378//4142 3298//2790
f 4307//4071 4379//4143 4308//4072
f 4308//4072 4379//4143 4380//4144
f 4308//4072 4380//4144 4309//4073
f 4309//4073 4380//4144 4381//4145
f 4309//4073 4381//4145 4310//4074
f 4310//4074 4381//4145 4382//4146
f 4310//4074 4382//4146 4311//4075
f 4311//4075 4382//4146 4383//4147
f 4311//4075 4383//4147 4312//4076
f 4312//4076 4383//4147 4384//4148
f 4312//4076 4384//4148 4313//4077
f 4313//4077 4384//4148 4385//4149
f 4313//4077 4385//4149 4314//4078
f 4314//4078 4385//4149 4386//4150
f 4314//4078 4386//4150 4315//4079
f 4315//4079 4386//4150 4387//4151
f 4315//4079 4387//4151 4316//4080
f 4316//4080 4387//4151 4388//4152
f 4316//4080 4388//4152 4317//4081
f 4317//4081 4388//4152 4389//4153
f 4317//4081 4389//4153 4318//4082
f 4318//4082 4389//4153 4390//4154
f 4318//4082 4390//4154 4319//4083
f 4319//4083 4390//4154 4391//4155
f 4319//4083 4391//4155 4320//4084
f 4320//4084 4391//4155 4392//4156
f 4320//4084 4392//4156 4321//4085
f 4321//4085 4392//4156 4393//4157
f 4321//4085 4393//4157 4322//4086
f 4322//4086 4393//4157 4394//4158
f 4322//4086 4394//4158 4323//4087
f 4323//4087 4394//4158 4395//4159
f 4323//4087 4395//4159 4324//4088
f 4324//4088 4395//4159 4396//4160
f 4324//4088 4396//4160 4325//4089
f 4325//4089 4396//4160 4397//4161
f 4325//4089 4397//4161 4326//4090
f 4326//4090 4397//4161 4398//4162
f 4326//4090 4398//4162 4327//4091
f 4327//4091 4398//4162 4399//4163
f 4327//4091 4399//4163 4328//4092
f 4328//4092 4399//4163 4400//4164
f 4328//4092 4400//4164 4329//4093
f 4329//4093 4400//4164 4401//4165
f 4329//4093 4401//4165 4330//4094
f 4330//4094 4401//4165 4402//4166
f 4330//4094 4402//4166 4331//4095
f 4331//4095 4402//4166 4403//4167
f 4331//4095 4403//4167 4332//4096
f 4332//4096 4403//4167 4404//4168
f 4332//4096 4404//4168 4333//4097
f 4333//4097 4404//4168 4405//4169
f 4333//4097 4405//4169 4334//4098
f 4334//4098 4405//4169 4406//4170
f 4334//4098 4406//4170 4335//4099
f 4335//4099 4406//4170 4407//4171
f 4335//4099 4407//4171 4336//4100
f 4336//4100 4407//4171 4408//4172
f 4336//4100 4408//4172 4337//4101
f 4337//4101 4408//4172 4409//4173
f 4337//4101 4409//4173 4338//4102
f 4338//4102 4409//4173 4410//4174
f 4338//4102 4410//4174 4339//4103
f 4339//4103 4410//4174 4411//4175
f 4339//4103 4411//4175 4340//4104
f 4340//4104 4411//4175 4412//4176
f 4340//4104 4412//4176 4341//4105
f 4341//4105 4412//4176 4413//4177
f 4341//4105 4413//4177 4342//4106
f 4342//4106 4413//4177 4414//4178
f 4342//4106 4414//4178 4343//4107
f 4343//4107 4414//4178 4415//4179
f 4343//4107 4415//4179 4344//4108
f 4344//4108 4415//4179 4416//4180
f 4344//4108 4416//4180 4345//4109
f 4345//4109 4416//4180 4417//4181
f 4345//4109 4417//4181 4346//4110
f 4346//4110 4417//4181 4418//4182
f 4346//4110 4418//4182 4347//4111
f 4347//4111 4418//4182 4419//4183
f 4347//4111 4419//4183 4348//4112
f 4348//4112 4419//4183 4420//4184
f 4348//4112 4420//4184 4349//4113
f 4349//4113 4420//4184 4421//4185
f 4349//4113 4421//4185 4350//4114
f 4350//4114 4421//4185 4422//4186
f 4350//4114 4422//4186 4351//4115
f 4351//4115 4422//4186 4423//4187
f 4351//4115 4423//4187 4352//4116
f 4352//4116 4423//4187 4424//4188
f 4352//4116 4424//4188 4353//4117
f 4353//4117 4424//4188 4425//4189
f 4353//4117 4425//4189 4354//4118
f 4354//4118 4425//4189 4426//4190
f 4354//4118 4426//4190 4355//4119
f 4355//4119 4426//4190 4427//4191
f 4355//4119 4427//4191 4356//4120
f 4356//4120 4427//4191 4428//4192
f 4356//4120 4428//4192 4357//4121
f 4357//4121 4428//4192 4429//4193
f 4357//4121 4429//4193 4358//4122
f 4358//4122 4429//4193 4430//4194
f 4358//4122 4430//4194 4359//4123
f 4359//4123 4430//4194 4431//4195
f 4359//4123 4431//4195 4360//4124
f 4360//4124 4431//4195 4432//4196
f 4360//4124 4432//4196 4361//4125
f 4361//4125 4432//4196 4433//4197
f 4361//4125 4433//4197 4362//4126
f 4362//4126 4433//4197 4434//4198
f 4362//4126 4434//4198 4363//4127
f 4363//4127 4434//4198 4435//4199
f 4363//4127 4435//4199 4364//4128
f 4364//4128 4435//4199 4436//4200
f 4364//4128 4436//4200 4365//4129
f 4365//4129 4436//4200 4437//4201
f 4365//4129 4437//4201 4366//4130
f 4366//4130 4437//4201 4438//4202
f 4366//4130 4438//4202 4367//4131
f 4367//4131 4438//4202 4439//4203
f 4367//4131 4439//4203 4368//4132
f 4368//4132 4439//4203 4440//4204
f 4368//4132 4440//4204 4369//4133
f 4369//4133 4440//4204 4441//4205
f 4369//4133 4441//4205 4370//4134
f 4370//4134 4441//4205 4442//4206
f 4370//4134 4442//4206 4371//4135
f 4371//4135 4442//4206 4443//4207
f 4371//4135 4443//4207 4372//4136
f 4372//4136 4443//4207 4444//4208
f 4372//4136 4444//4208 4373//4137
f 4373//4137 4444//4208 4445//4209
f 4373//4137 4445//4209 4374//4138
f 4374//4138 4445//4209 4446//4210
f 4374//4138 4446//4210 4375//4139
f 4375//4139 4446//4210 4447//4211
f 4375//4139 4447//4211 4376//4140
f 4376//4140 4447//4211 4448//4212
f 4376//4140 4448//4212 4377//4141
f 4377//4141 4448//4212 4449//4213
f 4377//4141 4449//4213 4378//4142
f 3294//2786 3293//2785 4450//4214
f 4450//4214 3293//2785 4451//4215
f 4450//4214 4451//4215 4452//4216
f 4452//4216 4451//4215 4453//4217
f 4452//4216 4453//4217 4454//4218
f 4454//4218 4453//4217 4455//4219
f 4454//4218 4455//4219 4456//4220
f 4456//4220 4455//4219 4457//4221
f 4456//4220 4457//4221 4458//4222
f 4458//4222 4457//4221 4459//4223
f 4458//4222 4459//4223 4460//4224
f 4460//4224 4459//4223 4461//4225
f 4460//4224 4461//4225 4462//4226
f 4462//4226 4461//4225 4463//4227
f 4462//4226 4463//4227 4464//4228
f 4464//4228 4463//4227 4465//4229
f 4464//4228 4465//4229 4466//4230
f 4466//4230 4465//4229 4467//4231
f 4466//4230 4467//4231 4468//4232
f 4468//4232 4467//4231 4469//4233
f 4468//4232 4469//4233 4470//4234
f 4470//4234 4469//4233 4471//4235
f 4470//4234 4471//4235 4472//4236
f 4472//4236 4471//4235 4473//4237
f 4472//4236 4473//4237 4474//4238
f 4474//4238 4473//4237 4475//4239
f 4474//4238 4475//4239 4476//4240
f 3291//2783 3290//2782 4477//4241
f 4477//4241 3290//2782 4478//4242
f 4477//4241 4478//4242 4479//4243
f 4479//4243 4478//4242 4480//4244
f 4479//4243 4480//4244 4481//4245
f 4481//4245 4480//4244 4482//4246
f 4481//4245 4482//4246 4483//4247
f 4483//4247 4482//4246 4484//4248
f 4483//4247 4484//4248 4485//4249
f 4485//4249 4484//4248 4486//4250
f 4485//4249 4486//4250 4487//4251
f 4487//4251 4486//4250 4488//4252
f 4487//4251 4488//4252 4489//4253
f 4489//4253 4488//4252 4490//4254
f 4489//4253 4490//4254 4491//4255
f 4491//4255 4490//4254 4492//4256
f 4491//4255 4492//4256 4493//4257
f 4493//4257 4492//4256 4494//4258
f 4493//4257 4494//4258 4495//4259
f 4495//4259 4494//4258 4496//4260
f 4495//4259 4496//4260 4497//4261
f 4497//4261 4496//4260 4498//4262
f 4497//4261 4498//4262 4499//4263
f 4499//4263 4498//4262 4500//4264
f 4499//4263 4500//4264 4501//4265
f 4501//4265 4500//4264 4502//4266
f 4501//4265 4502//4266 4503//4267
f 4503//4267 4502//4266 4504//4268
f 4503//4267 4504//4268 4505//4269
f 4505//4269 4504//4268 4506//4270
f 4505//4269 4506//4270 4507//4271
f 7529//4272 7450//4273 7474//4274
f 7474//4274 7450//4273 7439//4275
f 7474//4274 7439//4275 7475//4276
f 7475//4276 7439//4275 7440//4277
f 7475//4276 7440//4277 8374//4278
f 8374//4278 7440//4277 8385//4279
f 8374//4278 8385//4279 8397//4280
f 8397//4280 8385//4279 8435//4281
f 8397//4280 8435//4281 4518//4282
f 4518//4282 8435//4281 4519//4283
f 4518//4282 4519//4283 4520//4284
f 4520//4284 4519//4283 4521//4285
f 4520//4284 4521//4285 4522//4286
f 4522//4286 4521//4285 4523//4287
f 4522//4286 4523//4287 4524//4288
f 4524//4288 4523//4287 4525//4289
f 4524//4288 4525//4289 4526//4290
f 4526//4290 4525//4289 4527//4291
f 4526//4290 4527//4291 4528//4292
f 4528//4292 4527//4291 4529//4293
f 4528//4292 4529//4293 4530//4294
f 4530//4294 4529//4293 4531//4295
f 4530//4294 4531//4295 4532//4296
f 4532//4296 4531//4295 4533//4297
f 4532//4296 4533//4297 4534//4298
f 4534//4298 4533//4297 3292//2784
f 4534//4298 3292//2784 4535//4299
f 4535//4299 3292//2784 3291//2783
f 4535//4299 3291//2783 4536//4300
f 4536//4300 3291//2783 4477//4241
f 4536//4300 4477//4241 4537//4301
f 4537//4301 4477//4241 4479//4243
f 4537//4301 4479//4243 4538//4302
f 4538//4302 4479//4243 4481//4245
f 4538//4302 4481//4245 4539//4303
f 4539//4303 4481//4245 4483//4247
f 4539//4303 4483//4247 4540//4304
f 4540//4304 4483//4247 4485//4249
f 4540//4304 4485//4249 4541//4305
f 4541//4305 4485//4249 4487//4251
f 4541//4305 4487//4251 4542//4306
f 4542//4306 4487//4251 4489//4253
f 4542//4306 4489//4253 4543//4307
f 4543//4307 4489//4253 4491//4255
f 4543//4307 4491//4255 4544//4308
f 4544//4308 4491//4255 4493//4257
f 4544//4308 4493//4257 4545//4309
f 4545//4309 4493//4257 4495//4259
f 4545//4309 4495//4259 4546//4310
f 4546//4310 4495//4259 4497//4261
f 4546//4310 4497//4261 4547//4311
f 4547//4311 4497//4261 4499//4263
f 4547//4311 4499//4263 4548//4312
f 4548//4312 4499//4263 4501//4265
f 4548//4312 4501//4265 4549//4313
f 4549//4313 4501//4265 4503//4267
f 4549//4313 4503//4267 4550//4314
f 4550//4314 4503//4267 4505//4269
f 4550//4314 4505//4269 4551//4315
f 4551//4315 4505//4269 4507//4271
f 4551//4315 4507//4271 4552//4316
f 4553//4317 4554//4318 4555//4319
f 4555//4319 4554//4318 4556//4320
f 4555//4319 4556//4320 9210//4321
f 9210//4321 4556//4320 4558//4322
f 9210//4321 4558//4322 9211//4323
f 9211//4323 4558//4322 4560//4324
f 9211//4323 4560//4324 9228//4325
f 9228//4325 4560//4324 4562//4326
f 9228//4325 4562//4326 9258//4327
f 9258//4327 4562//4326 4564//4328
f 9258//4327 4564//4328 9259//4329
f 9259//4329 4564//4328 4566//4330
f 9259//4329 4566//4330 9266//4331
f 9266//4331 4566//4330 4568//4332
f 9266//4331 4568//4332 4569//4333
f 4569//4333 4568//4332 4570//4334
f 4569//4333 4570//4334 4571//4335
f 4571//4335 4570//4334 4572//4336
f 4571//4335 4572//4336 4573//4337
f 4573//4337 4572//4336 4574//4338
f 4573//4337 4574//4338 4575//4339
f 4575//4339 4574//4338 4576//4340
f 4575//4339 4576//4340 9089//4341
f 9089//4341 4576//4340 7831//4342
f 9089//4341 7831//4342 7841//4343
f 7841//4343 7831//4342 7832//4344
f 7841//4343 7832//4344 7842//4345
f 7842//4345 7832//4344 7872//4346
f 7842//4345 7872//4346 7854//4347
f 7854//4347 7872//4346 7890//4347
f 7854//4347 7890//4347 7948//4348
f 7948//4348 7890//4347 7938//4349
f 7948//4348 7938//4349 7929//4350
f 7929//4350 7938//4349 7939//4351
f 7929//4350 7939//4351 7930//4352
f 7930//4352 7939//4351 7978//4353
f 7930//4352 7978//4353 8000//4354
f 8000//4354 7978//4353 7996//4355
f 8000//4354 7996//4355 8238//4356
f 8238//4356 7996//4355 4594//4357
f 8238//4356 4594//4357 8020//4358
f 8020//4358 4594//4357 8066//4359
f 8020//4358 8066//4359 8021//4360
f 8021//4360 8066//4359 8067//4361
f 8021//4360 8067//4361 8109//4362
f 8109//4362 8067//4361 8106//4363
f 8109//4362 8106//4363 8416//4364
f 8416//4364 8106//4363 8387//4365
f 8416//4364 8387//4365 4509//4366
f 4509//4366 8387//4365 8388//4367
f 4509//4366 8388//4367 4511//4368
f 4511//4368 8388//4367 8399//4369
f 4511//4368 8399//4369 4513//4370
f 4513//4370 8399//4369 8400//4371
f 4513//4370 8400//4371 4515//4372
f 4515//4372 8400//4371 8418//4373
f 4515//4372 8418//4373 4517//4374
f 4517//4374 8418//4373 8337//4375
f 4517//4374 8337//4375 4519//4283
f 4519//4283 8337//4375 8338//4376
f 4519//4283 8338//4376 4521//4285
f 4521//4285 8338//4376 8332//4377
f 4521//4285 8332//4377 4523//4287
f 4523//4287 8332//4377 8327//4378
f 4523//4287 8327//4378 4525//4289
f 4525//4289 8327//4378 8323//4379
f 4525//4289 8323//4379 4527//4291
f 4527//4291 8323//4379 8241//4380
f 4527//4291 8241//4380 4529//4293
f 4529//4293 8241//4380 4613//4381
f 4529//4293 4613//4381 4531//4295
f 4531//4295 4613//4381 8259//4382
f 4531//4295 8259//4382 4533//4297
f 4533//4297 8259//4382 7677//4383
f 4533//4297 7677//4383 3292//2784
f 3292//2784 7677//4383 3295//2787
f 3292//2784 3295//2787 3290//2782
f 3290//2782 3295//2787 3294//2786
f 3290//2782 3294//2786 4478//4242
f 4478//4242 3294//2786 4450//4214
f 4478//4242 4450//4214 4480//4244
f 4480//4244 4450//4214 4452//4216
f 4480//4244 4452//4216 4482//4246
f 4482//4246 4452//4216 4454//4218
f 4482//4246 4454//4218 4484//4248
f 4484//4248 4454//4218 4456//4220
f 4484//4248 4456//4220 4486//4250
f 4486//4250 4456//4220 4458//4222
f 4486//4250 4458//4222 4488//4252
f 4488//4252 4458//4222 4460//4224
f 4488//4252 4460//4224 4490//4254
f 4490//4254 4460//4224 4462//4226
f 4490//4254 4462//4226 4492//4256
f 4492//4256 4462//4226 4464//4228
f 4492//4256 4464//4228 4494//4258
f 4494//4258 4464//4228 4466//4230
f 4494//4258 4466//4230 4496//4260
f 4496//4260 4466//4230 4468//4232
f 4496//4260 4468//4232 4498//4262
f 4498//4262 4468//4232 4470//4234
f 4498//4262 4470//4234 4500//4264
f 4500//4264 4470//4234 4472//4236
f 4500//4264 4472//4236 4502//4266
f 4502//4266 4472//4236 4474//4238
f 4502//4266 4474//4238 4504//4268
f 4504//4268 4474//4238 4476//4240
f 4504//4268 4476//4240 4506//4270
f 4449//4213 4552//4316 4378//4142
f 4378//4142 4552//4316 4507//4271
f 4378//4142 4507//4271 3298//2790
f 3298//2790 4507//4271 4506//4270
f 3298//2790 4506//4270 3296//2788
f 3296//2788 4506//4270 4476//4240
f 3296//2788 4476//4240 4225//3987
f 4225//3987 4476//4240 4475//4239
f 4225//3987 4475//4239 4226//3988
f 4226//3988 4475//4239 4473//4237
f 4226//3988 4473//4237 4234//3998
f 4234//3998 4473//4237 4471//4235
f 4234//3998 4471//4235 4233//3997
f 4233//3997 4471//4235 4469//4233
f 4233//3997 4469//4233 4232//3996
f 4232//3996 4469//4233 4467//4231
f 4232//3996 4467//4231 8924//2908
f 8924//2908 4467//4231 4465//4229
f 8924//2908 4465//4229 3360//2909
f 3360//2909 4465//4229 4463//4227
f 3360//2909 4463//4227 3362//2916
f 3362//2916 4463//4227 4461//4225
f 3362//2916 4461//4225 3363//2919
f 3363//2919 4461//4225 4459//4223
f 3363//2919 4459//4223 3341//2845
f 3341//2845 4459//4223 4457//4221
f 3341//2845 4457//4221 3364//2925
f 3364//2925 4457//4221 4455//4219
f 3364//2925 4455//4219 3365//2927
f 3365//2927 4455//4219 4453//4217
f 3365//2927 4453//4217 3366//2929
f 3366//2929 4453//4217 4451//4215
f 3366//2929 4451//4215 3340//2842
f 3340//2842 4451//4215 3293//2785
f 3340//2842 3293//2785 3367//2933
f 3367//2933 3293//2785 3295//2787
f 3367//2933 3295//2787 3368//4384
f 3368//4384 3295//2787 4615//4385
f 3368//4384 4615//4385 3369//4386
f 3369//4386 4615//4385 4614//4387
f 3369//4386 4614//4387 3370//4388
f 3370//4388 4614//4387 8242//4389
f 3370//4388 8242//4389 3339//4390
f 3339//4390 8242//4389 4612//4391
f 3339//4390 4612//4391 3371//4392
f 3371//4392 4612//4391 4611//4393
f 3371//4392 4611//4393 3372//4394
f 3372//4394 4611//4393 4610//4395
f 3372//4394 4610//4395 3373//4396
f 3373//4396 4610//4395 4609//4397
f 3373//4396 4609//4397 3374//4398
f 3374//4398 4609//4397 4608//4399
f 3374//4398 4608//4399 3375//4400
f 3375//4400 4608//4399 4607//4401
f 3375//4400 4607//4401 3376//4402
f 3376//4402 4607//4401 4606//4403
f 3376//4402 4606//4403 3378//4404
f 3378//4404 4606//4403 4605//4405
f 3378//4404 4605//4405 3377//4406
f 3377//4406 4605//4405 4604//4407
f 3377//4406 4604//4407 3379//4408
f 3379//4408 4604//4407 4603//4409
f 3379//4408 4603//4409 3380//4410
f 3380//4410 4603//4409 4602//4411
f 3380//4410 4602//4411 3381//4412
f 3381//4412 4602//4411 4600//4413
f 3381//4412 4600//4413 3382//4414
f 3382//4414 4600//4413 4598//4415
f 3382//4414 4598//4415 3383//4416
f 3383//4416 4598//4415 4596//4417
f 3383//4416 4596//4417 3384//4418
f 3384//4418 4596//4417 8223//4419
f 3384//4418 8223//4419 3338//4420
f 3338//4420 8223//4419 4592//4421
f 3338//4420 4592//4421 3385//4422
f 3385//4422 4592//4421 4590//4423
f 3385//4422 4590//4423 3386//4424
f 3386//4424 4590//4423 4588//4425
f 3386//4424 4588//4425 3387//4426
f 3387//4426 4588//4425 4586//4427
f 3387//4426 4586//4427 3388//4428
f 3388//4428 4586//4427 4584//4428
f 3388//4428 4584//4428 3389//4429
f 3389//4429 4584//4428 4582//4430
f 3389//4429 4582//4430 3390//4431
f 3390//4431 4582//4430 4580//4432
f 3390//4431 4580//4432 8055//4433
f 8055//4433 4580//4432 4578//4434
f 8055//4433 4578//4434 3391//4435
f 3391//4435 4578//4434 9107//4436
f 3391//4435 9107//4436 3393//4437
f 3393//4437 9107//4436 9120//4438
f 3393//4437 9120//4438 8121//4439
f 8121//4439 9120//4438 9133//4440
f 8121//4439 9133//4440 8200//4441
f 8200//4441 9133//4440 9159//4442
f 8200//4441 9159//4442 8194//4443
f 8194//4443 9159//4442 9158//4444
f 8194//4443 9158//4444 3397//4445
f 3397//4445 9158//4444 9275//4446
f 3397//4445 9275//4446 3399//4447
f 3399//4447 9275//4446 9255//4448
f 3399//4447 9255//4448 3398//4449
f 3398//4449 9255//4448 9254//4450
f 3398//4449 9254//4450 8166//4451
f 8166//4451 9254//4450 9220//4452
f 8166//4451 9220//4452 8195//4453
f 8195//4453 9220//4452 9219//4454
f 8195//4453 9219//4454 3402//4455
f 3402//4455 9219//4454 9233//4456
f 3402//4455 9233//4456 3319//2811
f 3319//2811 9233//4456 4554//4318
f 3319//2811 4554//4318 3621//3334
f 4616//4457 4520//4284 4617//4458
f 4617//4458 4520//4284 4522//4286
f 4617//4458 4522//4286 4618//4459
f 4618//4459 4522//4286 4524//4288
f 4618//4459 4524//4288 4619//4460
f 4619//4460 4524//4288 4526//4290
f 4619//4460 4526//4290 4620//4461
f 4620//4461 4526//4290 4528//4292
f 4620//4461 4528//4292 4621//4462
f 4621//4462 4528//4292 4530//4294
f 4621//4462 4530//4294 4622//4463
f 4622//4463 4530//4294 4532//4296
f 4622//4463 4532//4296 4623//4464
f 4623//4464 4532//4296 4534//4298
f 4623//4464 4534//4298 4624//4465
f 4624//4465 4534//4298 4535//4299
f 4624//4465 4535//4299 4625//4466
f 4625//4466 4535//4299 4536//4300
f 4625//4466 4536//4300 4626//4467
f 4626//4467 4536//4300 4537//4301
f 4626//4467 4537//4301 4627//4468
f 4627//4468 4537//4301 4538//4302
f 4627//4468 4538//4302 4628//4469
f 4628//4469 4538//4302 4539//4303
f 4628//4469 4539//4303 4629//4470
f 4629//4470 4539//4303 4540//4304
f 4629//4470 4540//4304 4630//4471
f 4630//4471 4540//4304 4541//4305
f 4630//4471 4541//4305 4631//4472
f 4631//4472 4541//4305 4542//4306
f 4631//4472 4542//4306 4632//4473
f 4632//4473 4542//4306 4543//4307
f 4632//4473 4543//4307 4633//4474
f 4633//4474 4543//4307 4544//4308
f 4633//4474 4544//4308 4634//4475
f 4634//4475 4544//4308 4545//4309
f 4634//4475 4545//4309 4635//4476
f 4635//4476 4545//4309 4546//4310
f 4635//4476 4546//4310 4636//4477
f 4636//4477 4546//4310 4547//4311
f 4636//4477 4547//4311 4637//4478
f 4637//4478 4547//4311 4548//4312
f 4637//4478 4548//4312 4638//4479
f 4638//4479 4548//4312 4549//4313
f 4638//4479 4549//4313 4639//4480
f 4639//4480 4549//4313 4550//4314
f 4639//4480 4550//4314 4640//4481
f 4640//4481 4550//4314 4551//4315
f 4640//4481 4551//4315 4641//4482
f 4641//4482 4551//4315 4552//4316
f 4641//4482 4552//4316 4642//4483
f 4642//4483 4552//4316 4449//4213
f 4642//4483 4449//4213 4643//4484
f 4643//4484 4449//4213 4448//4212
f 4643//4484 4448//4212 4644//4485
f 4644//4485 4448//4212 4447//4211
f 4644//4485 4447//4211 4645//4486
f 4645//4486 4447//4211 4446//4210
f 4645//4486 4446//4210 4646//4487
f 4646//4487 4446//4210 4445//4209
f 4646//4487 4445//4209 4647//4488
f 4647//4488 4445//4209 4444//4208
f 4647//4488 4444//4208 4648//4489
f 4648//4489 4444//4208 4443//4207
f 4648//4489 4443//4207 4649//4490
f 4649//4490 4443//4207 4442//4206
f 4649//4490 4442//4206 4650//4491
f 4650//4491 4442//4206 4441//4205
f 4650//4491 4441//4205 4651//4492
f 4651//4492 4441//4205 4440//4204
f 4651//4492 4440//4204 4652//4493
f 4652//4493 4440//4204 4439//4203
f 4652//4493 4439//4203 4653//4494
f 4653//4494 4439//4203 4438//4202
f 4653//4494 4438//4202 4654//4495
f 4654//4495 4438//4202 4437//4201
f 4654//4495 4437//4201 4655//4496
f 4655//4496 4437//4201 4436//4200
f 4655//4496 4436//4200 4656//4497
f 4656//4497 4436//4200 4435//4199
f 4656//4497 4435//4199 4657//4498
f 4657//4498 4435//4199 4434//4198
f 4657//4498 4434//4198 4658//4499
f 4658//4499 4434//4198 4433//4197
f 4658//4499 4433//4197 4659//4500
f 4659//4500 4433//4197 4432//4196
f 4659//4500 4432//4196 4660//4501
f 4660//4501 4432//4196 4431//4195
f 4660//4501 4431//4195 4661//4502
f 4661//4502 4431//4195 4430//4194
f 4661//4502 4430//4194 4662//4503
f 4662//4503 4430//4194 4429//4193
f 4662//4503 4429//4193 4663//4504
f 4663//4504 4429//4193 4428//4192
f 4663//4504 4428//4192 4664//4505
f 4664//4505 4428//4192 4427//4191
f 4664//4505 4427//4191 4665//4506
f 4665//4506 4427//4191 4426//4190
f 4665//4506 4426//4190 4666//4507
f 4666//4507 4426//4190 4425//4189
f 4666//4507 4425//4189 4667//4508
f 4667//4508 4425//4189 4424//4188
f 4667//4508 4424//4188 4668//4509
f 4668//4509 4424//4188 4423//4187
f 4668//4509 4423//4187 4669//4510
f 4669//4510 4423//4187 4422//4186
f 4669//4510 4422//4186 4670//4511
f 4670//4511 4422//4186 4421//4185
f 4670//4511 4421//4185 4671//4512
f 4671//4512 4421//4185 4420//4184
f 4671//4512 4420//4184 4672//4513
f 4672//4513 4420//4184 4419//4183
f 4672//4513 4419//4183 4673//4514
f 4673//4514 4419//4183 4418//4182
f 4673//4514 4418//4182 4674//4515
f 4674//4515 4418//4182 4417//4181
f 4674//4515 4417//4181 4675//4516
f 4675//4516 4417//4181 4416//4180
f 4675//4516 4416//4180 4676//4517
f 4676//4517 4416//4180 4415//4179
f 4676//4517 4415//4179 4677//4518
f 4677//4518 4415//4179 4414//4178
f 4677//4518 4414//4178 4678//4519
f 4678//4519 4414//4178 4413//4177
f 4678//4519 4413//4177 4679//4520
f 4679//4520 4413//4177 4412//4176
f 4679//4520 4412//4176 4680//4521
f 4680//4521 4412//4176 4411//4175
f 4680//4521 4411//4175 4681//4522
f 4681//4522 4411//4175 4410//4174
f 4681//4522 4410//4174 4682//4523
f 4682//4523 4410//4174 4409//4173
f 4682//4523 4409//4173 4683//4524
f 4683//4524 4409//4173 4408//4172
f 4683//4524 4408//4172 4684//4525
f 4684//4525 4408//4172 4407//4171
f 4684//4525 4407//4171 4685//4526
f 4685//4526 4407//4171 4406//4170
f 4685//4526 4406//4170 4686//4527
f 4686//4527 4406//4170 4405//4169
f 4686//4527 4405//4169 4687//4528
f 4687//4528 4405//4169 4404//4168
f 4687//4528 4404//4168 4688//4529
f 4688//4529 4404//4168 4403//4167
f 4688//4529 4403//4167 4689//4530
f 4689//4530 4403//4167 4402//4166
f 4689//4530 4402//4166 4690//4531
f 4690//4531 4402//4166 4401//4165
f 4690//4531 4401//4165 4691//4532
f 4691//4532 4401//4165 4400//4164
f 4691//4532 4400//4164 4692//4533
f 4692//4533 4400//4164 4399//4163
f 4692//4533 4399//4163 4693//4534
f 4693//4534 4399//4163 4398//4162
f 4693//4534 4398//4162 4694//4535
f 4694//4535 4398//4162 4397//4161
f 4694//4535 4397//4161 4695//4536
f 4695//4536 4397//4161 4396//4160
f 4695//4536 4396//4160 4696//4537
f 4696//4537 4396//4160 4395//4159
f 4696//4537 4395//4159 4697//4538
f 4697//4538 4395//4159 4394//4158
f 4697//4538 4394//4158 4698//4539
f 4698//4539 4394//4158 4393//4157
f 4698//4539 4393//4157 4699//4540
f 4699//4540 4393//4157 4392//4156
f 4699//4540 4392//4156 4700//4541
f 4700//4541 4392//4156 4391//4155
f 4700//4541 4391//4155 4701//4542
f 4701//4542 4391//4155 4390//4154
f 4701//4542 4390//4154 4702//4543
f 4702//4543 4390//4154 4389//4153
f 4702//4543 4389//4153 4703//4544
f 4703//4544 4389//4153 4388//4152
f 4703//4544 4388//4152 4704//4545
f 4704//4545 4388//4152 4387//4151
f 4704//4545 4387//4151 4705//4546
f 4705//4546 4387//4151 4386//4150
f 4705//4546 4386//4150 4706//4547
f 4706//4547 4386//4150 4385//4149
f 4706//4547 4385//4149 4707//4548
f 4707//4548 4385//4149 4384//4148
f 4707//4548 4384//4148 4708//4549
f 4708//4549 4384//4148 4383//4147
f 4708//4549 4383//4147 4709//4550
f 4709//4550 4383//4147 4382//4146
f 4709//4550 4382//4146 4710//4551
f 4710//4551 4382//4146 4381//4145
f 4710//4551 4381//4145 4711//4552
f 4711//4552 4381//4145 4380//4144
f 4711//4552 4380//4144 4712//4553
f 4712//4553 4380//4144 4379//4143
f 4712//4553 4379//4143 4553//4317
f 4553//4317 4379//4143 4307//4071
f 4553//4317 4307//4071 4554//4318
f 4554//4318 4307//4071 4306//4070
f 4554//4318 4306//4070 3621//3334
f 3621//3334 4306//4070 3320//2812
f 3621//3334 3320//2812 3620//3333
f 3620//3333 3320//2812 3322//2814
f 3620//3333 3322//2814 3403//3054
f 3403//3054 3322//2814 3404//3055
f 3403//3054 3404//3055 2686//3052
f 2686//3052 3404//3055 2650//3057
f 3694//3407 4713//4554 3696//3409
f 3696//3409 4713//4554 4714//4555
f 3696//3409 4714//4555 3698//3411
f 3698//3411 4714//4555 4715//4556
f 3698//3411 4715//4556 3700//3413
f 3700//3413 4715//4556 4716//4557
f 3700//3413 4716//4557 3702//3415
f 3702//3415 4716//4557 4717//4558
f 3702//3415 4717//4558 3704//3417
f 3704//3417 4717//4558 4718//4559
f 3704//3417 4718//4559 3706//3419
f 3706//3419 4718//4559 4719//4560
f 3706//3419 4719//4560 3708//3421
f 3708//3421 4719//4560 4720//4561
f 3708//3421 4720//4561 3710//3423
f 3710//3423 4720//4561 4721//4562
f 3710//3423 4721//4562 3712//3425
f 3712//3425 4721//4562 4722//4563
f 3712//3425 4722//4563 3714//3427
f 3714//3427 4722//4563 4723//4564
f 3714//3427 4723//4564 3716//3429
f 3716//3429 4723//4564 4724//4565
f 3716//3429 4724//4565 3718//3431
f 3718//3431 4724//4565 4725//4566
f 3718//3431 4725//4566 3720//3433
f 3720//3433 4725//4566 4726//4567
f 3720//3433 4726//4567 3722//3435
f 3722//3435 4726//4567 4727//4568
f 3722//3435 4727//4568 3724//3437
f 3724//3437 4727//4568 4728//4569
f 3724//3437 4728//4569 3726//3439
f 3726//3439 4728//4569 4729//4570
f 3726//3439 4729//4570 3728//3441
f 3728//3441 4729//4570 4730//4571
f 3728//3441 4730//4571 3730//3443
f 3730//3443 4730//4571 4731//4572
f 3730//3443 4731//4572 3732//3445
f 3732//3445 4731//4572 4732//4573
f 3732//3445 4732//4573 3734//3447
f 3734//3447 4732//4573 4733//4574
f 3734//3447 4733//4574 3736//3449
f 3736//3449 4733//4574 4734//4575
f 3736//3449 4734//4575 3738//3451
f 3738//3451 4734//4575 4735//4576
f 3738//3451 4735//4576 3740//3453
f 3740//3453 4735//4576 4736//4577
f 3740//3453 4736//4577 3742//3455
f 3742//3455 4736//4577 4737//4578
f 3742//3455 4737//4578 3744//3457
f 3744//3457 4737//4578 4738//4579
f 3744//3457 4738//4579 3746//3459
f 3746//3459 4738//4579 4739//4580
f 3746//3459 4739//4580 3748//3461
f 3748//3461 4739//4580 4740//4581
f 3748//3461 4740//4581 3750//3463
f 3750//3463 4740//4581 4741//4582
f 3750//3463 4741//4582 3752//3465
f 3752//3465 4741//4582 4742//4583
f 3752//3465 4742//4583 3754//3467
f 3754//3467 4742//4583 4743//4584
f 3754//3467 4743//4584 3756//3469
f 3756//3469 4743//4584 4744//4585
f 3756//3469 4744//4585 3758//3471
f 3758//3471 4744//4585 4745//4586
f 3758//3471 4745//4586 3760//3473
f 3760//3473 4745//4586 4746//4587
f 3760//3473 4746//4587 3762//3475
f 3762//3475 4746//4587 4747//4588
f 3762//3475 4747//4588 3764//3477
f 3764//3477 4747//4588 4748//4589
f 3764//3477 4748//4589 3766//3479
f 3766//3479 4748//4589 4749//4590
f 3766//3479 4749//4590 3768//3481
f 3768//3481 4749//4590 4750//4591
f 3768//3481 4750//4591 3770//3483
f 3770//3483 4750//4591 4751//4592
f 3770//3483 4751//4592 3772//3485
f 3772//3485 4751//4592 4752//4593
f 3772//3485 4752//4593 3774//3487
f 3774//3487 4752//4593 4753//4594
f 3774//3487 4753//4594 3776//3489
f 3776//3489 4753//4594 4754//4595
f 3776//3489 4754//4595 3778//3491
f 3778//3491 4754//4595 4755//4596
f 3778//3491 4755//4596 3780//3493
f 3780//3493 4755//4596 4756//4597
f 3780//3493 4756//4597 3782//3495
f 3782//3495 4756//4597 4757//4598
f 3782//3495 4757//4598 3784//3497
f 3784//3497 4757//4598 4758//4599
f 3784//3497 4758//4599 3786//3499
f 3786//3499 4758//4599 4759//4600
f 3786//3499 4759//4600 3788//3501
f 3788//3501 4759//4600 4760//4601
f 3788//3501 4760//4601 3790//3503
f 3790//3503 4760//4601 4761//4602
f 3790//3503 4761//4602 3792//3505
f 3792//3505 4761//4602 4762//4603
f 3792//3505 4762//4603 3794//3507
f 3794//3507 4762//4603 4763//4604
f 3794//3507 4763//4604 3796//3509
f 3796//3509 4763//4604 4764//4605
f 3796//3509 4764//4605 3798//3511
f 3798//3511 4764//4605 4765//4606
f 3798//3511 4765//4606 3800//3513
f 3800//3513 4765//4606 4766//4607
f 3800//3513 4766//4607 3802//3515
f 3802//3515 4766//4607 4767//4608
f 3802//3515 4767//4608 3804//3517
f 3804//3517 4767//4608 4768//4609
f 3804//3517 4768//4609 3806//3519
f 3806//3519 4768//4609 4769//4610
f 3806//3519 4769//4610 3808//3521
f 3808//3521 4769//4610 4770//4611
f 3808//3521 4770//4611 3810//3523
f 3810//3523 4770//4611 4771//4612
f 3810//3523 4771//4612 3812//3525
f 3812//3525 4771//4612 4772//4613
f 3812//3525 4772//4613 3814//3527
f 3814//3527 4772//4613 4773//4614
f 3814//3527 4773//4614 3816//3529
f 3816//3529 4773//4614 4774//4615
f 3816//3529 4774//4615 3818//3531
f 3818//3531 4774//4615 4775//4616
f 3818//3531 4775//4616 3820//3533
f 3820//3533 4775//4616 4776//4617
f 3820//3533 4776//4617 3822//3535
f 3822//3535 4776//4617 4777//4618
f 3822//3535 4777//4618 3824//3537
f 3824//3537 4777//4618 4778//4619
f 3824//3537 4778//4619 3826//3539
f 3826//3539 4778//4619 4779//4620
f 3826//3539 4779//4620 3828//3541
f 3828//3541 4779//4620 4780//4621
f 3828//3541 4780//4621 3830//3543
f 3830//3543 4780//4621 4781//4622
f 3830//3543 4781//4622 3832//3545
f 3832//3545 4781//4622 4782//4623
f 3832//3545 4782//4623 3834//3547
f 3834//3547 4782//4623 4783//4624
f 3834//3547 4783//4624 3836//3549
f 3836//3549 4783//4624 4784//4625
f 3836//3549 4784//4625 3838//3551
f 3838//3551 4784//4625 4785//4626
f 3838//3551 4785//4626 3840//3553
f 3840//3553 4785//4626 4786//4627
f 3840//3553 4786//4627 3842//3555
f 3842//3555 4786//4627 4787//4628
f 3842//3555 4787//4628 3844//3557
f 3844//3557 4787//4628 4788//4629
f 3844//3557 4788//4629 3846//3559
f 3846//3559 4788//4629 4789//4630
f 3846//3559 4789//4630 3848//3561
f 3848//3561 4789//4630 4790//4631
f 3848//3561 4790//4631 3850//3563
f 3850//3563 4790//4631 4791//4632
f 3850//3563 4791//4632 3852//3565
f 3852//3565 4791//4632 4792//4633
f 3852//3565 4792//4633 3854//3567
f 3854//3567 4792//4633 4793//4634
f 3854//3567 4793//4634 3856//3569
f 3856//3569 4793//4634 4794//4635
f 3856//3569 4794//4635 3858//3571
f 3858//3571 4794//4635 4795//4636
f 3858//3571 4795//4636 3860//3573
f 3860//3573 4795//4636 4796//4637
f 3860//3573 4796//4637 3862//3575
f 3862//3575 4796//4637 4797//4638
f 3862//3575 4797//4638 3864//3577
f 3864//3577 4797//4638 4798//4639
f 3864//3577 4798//4639 3866//3579
f 3866//3579 4798//4639 4799//4640
f 3866//3579 4799//4640 3868//3581
f 3868//3581 4799//4640 4800//4641
f 3868//3581 4800//4641 3870//3583
f 3870//3583 4800//4641 4801//4642
f 3870//3583 4801//4642 3871//3584
f 3871//3584 4801//4642 4802//4643
f 3871//3584 4802//4643 4174//3935
f 4174//3935 4802//4643 4803//4644
f 4174//3935 4803//4644 4173//3933
f 4173//3933 4803//4644 4804//4645
f 4173//3933 4804//4645 4172//3931
f 4172//3931 4804//4645 4805//4646
f 4172//3931 4805//4646 4171//3929
f 4171//3929 4805//4646 4806//4647
f 4171//3929 4806//4647 4170//3927
f 4170//3927 4806//4647 4807//4648
f 4170//3927 4807//4648 4169//3925
f 4169//3925 4807//4648 4808//4649
f 4169//3925 4808//4649 4168//3923
f 4168//3923 4808//4649 4809//4650
f 4168//3923 4809//4650 4167//3921
f 4167//3921 4809//4650 4810//4651
f 4167//3921 4810//4651 8548//4652
f 8548//4652 4810//4651 9063//4653
f 8548//4652 9063//4653 8547//4654
f 8547//4654 9063//4653 9260//4655
f 8547//4654 9260//4655 8558//4656
f 8558//4656 9260//4655 9265//4657
f 8558//4656 9265//4657 8579//4658
f 8579//4658 9265//4657 9269//4659
f 8579//4658 9269//4659 8578//4660
f 8578//4660 9269//4659 9280//4661
f 8578//4660 9280//4661 8675//4662
f 8675//4662 9280//4661 9281//4663
f 8675//4662 9281//4663 4160//4664
f 4160//4664 9281//4663 9318//4665
f 4160//4664 9318//4665 8632//4666
f 8632//4666 9318//4665 9312//4667
f 8632//4666 9312//4667 8631//4668
f 8631//4668 9312//4667 9302//4669
f 8631//4668 9302//4669 8944//4670
f 8944//4670 9302//4669 9003//4671
f 8944//4670 9003//4671 8956//4672
f 8956//4672 9003//4671 9004//4673
f 8956//4672 9004//4673 8973//4674
f 8973//4674 9004//4673 9008//4675
f 8973//4674 9008//4675 8917//4676
f 8917//4676 9008//4675 9020//4677
f 8917//4676 9020//4677 8916//4678
f 8916//4678 9020//4677 8967//4679
f 8916//4678 8967//4679 8905//4680
f 8905//4680 8967//4679 8968//4680
f 8905//4680 8968//4680 4151//4681
f 4151//4681 8968//4680 8947//4682
f 4151//4681 8947//4682 4150//4683
f 4150//4683 8947//4682 8948//4684
f 4150//4683 8948//4684 4149//4685
f 4149//4685 8948//4684 8930//4686
f 4149//4685 8930//4686 4148//4687
f 4148//4687 8930//4686 8931//4688
f 4148//4687 8931//4688 4147//4689
f 4147//4689 8931//4688 8939//4690
f 4147//4689 8939//4690 4146//4691
f 4146//4691 8939//4690 8957//4692
f 4146//4691 8957//4692 8780//4693
f 8780//4693 8957//4692 8958//4694
f 8780//4693 8958//4694 8770//4695
f 8770//4695 8958//4694 9031//4696
f 8770//4695 9031//4696 8749//4697
f 8749//4697 9031//4696 8145//4698
f 8749//4697 8145//4698 8748//4699
f 8748//4699 8145//4698 4508//4700
f 8748//4699 4508//4700 4141//4701
f 4141//4701 4508//4700 4510//4702
f 4141//4701 4510//4702 4140//4703
f 4140//4703 4510//4702 4512//4704
f 4140//4703 4512//4704 9289//4705
f 9289//4705 4512//4704 4514//4706
f 9289//4705 4514//4706 9250//4707
f 9250//4707 4514//4706 4516//4708
f 9250//4707 4516//4708 4137//3867
f 4137//3867 4516//4708 4518//4282
f 4137//3867 4518//4282 4616//4457
f 4616//4457 4518//4282 4520//4284
f 3266//2757 3268//2759 3439//3151
f 3439//3151 3268//2759 3437//3149
f 3439//3151 3437//3149 3310//2802
f 3310//2802 3437//3149 4136//3866
f 3310//2802 4136//3866 3308//2800
f 3308//2800 4136//3866 4135//3865
f 3308//2800 4135//3865 3693//3406
f 3693//3406 4135//3865 4133//3863
f 3693//3406 4133//3863 3694//3407
f 3694//3407 4133//3863 4137//3867
f 3694//3407 4137//3867 4713//4554
f 4713//4554 4137//3867 4616//4457
f 4713//4554 4616//4457 4714//4555
f 4714//4555 4616//4457 4617//4458
f 4714//4555 4617//4458 4715//4556
f 4715//4556 4617//4458 4618//4459
f 4715//4556 4618//4459 4716//4557
f 4716//4557 4618//4459 4619//4460
f 4716//4557 4619//4460 4717//4558
f 4717//4558 4619//4460 4620//4461
f 4717//4558 4620//4461 4718//4559
f 4718//4559 4620//4461 4621//4462
f 4718//4559 4621//4462 4719//4560
f 4719//4560 4621//4462 4622//4463
f 4719//4560 4622//4463 4720//4561
f 4720//4561 4622//4463 4623//4464
f 4720//4561 4623//4464 4721//4562
f 4721//4562 4623//4464 4624//4465
f 4721//4562 4624//4465 4722//4563
f 4722//4563 4624//4465 4625//4466
f 4722//4563 4625//4466 4723//4564
f 4723//4564 4625//4466 4626//4467
f 4723//4564 4626//4467 4724//4565
f 4724//4565 4626//4467 4627//4468
f 4724//4565 4627//4468 4725//4566
f 4725//4566 4627//4468 4628//4469
f 4725//4566 4628//4469 4726//4567
f 4726//4567 4628//4469 4629//4470
f 4726//4567 4629//4470 4727//4568
f 4727//4568 4629//4470 4630//4471
f 4727//4568 4630//4471 4728//4569
f 4728//4569 4630//4471 4631//4472
f 4728//4569 4631//4472 4729//4570
f 4729//4570 4631//4472 4632//4473
f 4729//4570 4632//4473 4730//4571
f 4730//4571 4632//4473 4633//4474
f 4730//4571 4633//4474 4731//4572
f 4731//4572 4633//4474 4634//4475
f 4731//4572 4634//4475 4732//4573
f 4732//4573 4634//4475 4635//4476
f 4732//4573 4635//4476 4733//4574
f 4733//4574 4635//4476 4636//4477
f 4733//4574 4636//4477 4734//4575
f 4734//4575 4636//4477 4637//4478
f 4734//4575 4637//4478 4735//4576
f 4735//4576 4637//4478 4638//4479
f 4735//4576 4638//4479 4736//4577
f 4736//4577 4638//4479 4639//4480
f 4736//4577 4639//4480 4737//4578
f 4737//4578 4639//4480 4640//4481
f 4737//4578 4640//4481 4738//4579
f 4738//4579 4640//4481 4641//4482
f 4738//4579 4641//4482 4739//4580
f 4739//4580 4641//4482 4642//4483
f 4739//4580 4642//4483 4740//4581
f 4740//4581 4642//4483 4643//4484
f 4740//4581 4643//4484 4741//4582
f 4741//4582 4643//4484 4644//4485
f 4741//4582 4644//4485 4742//4583
f 4742//4583 4644//4485 4645//4486
f 4742//4583 4645//4486 4743//4584
f 4743//4584 4645//4486 4646//4487
f 4743//4584 4646//4487 4744//4585
f 4744//4585 4646//4487 4647//4488
f 4744//4585 4647//4488 4745//4586
f 4745//4586 4647//4488 4648//4489
f 4745//4586 4648//4489 4746//4587
f 4746//4587 4648//4489 4649//4490
f 4746//4587 4649//4490 4747//4588
f 4747//4588 4649//4490 4650//4491
f 4747//4588 4650//4491 4748//4589
f 4748//4589 4650//4491 4651//4492
f 4748//4589 4651//4492 4749//4590
f 4749//4590 4651//4492 4652//4493
f 4749//4590 4652//4493 4750//4591
f 4750//4591 4652//4493 4653//4494
f 4750//4591 4653//4494 4751//4592
f 4751//4592 4653//4494 4654//4495
f 4751//4592 4654//4495 4752//4593
f 4752//4593 4654//4495 4655//4496
f 4752//4593 4655//4496 4753//4594
f 4753//4594 4655//4496 4656//4497
f 4753//4594 4656//4497 4754//4595
f 4754//4595 4656//4497 4657//4498
f 4754//4595 4657//4498 4755//4596
f 4755//4596 4657//4498 4658//4499
f 4755//4596 4658//4499 4756//4597
f 4756//4597 4658//4499 4659//4500
f 4756//4597 4659//4500 4757//4598
f 4757//4598 4659//4500 4660//4501
f 4757//4598 4660//4501 4758//4599
f 4758//4599 4660//4501 4661//4502
f 4758//4599 4661//4502 4759//4600
f 4759//4600 4661//4502 4662//4503
f 4759//4600 4662//4503 4760//4601
f 4760//4601 4662//4503 4663//4504
f 4760//4601 4663//4504 4761//4602
f 4761//4602 4663//4504 4664//4505
f 4761//4602 4664//4505 4762//4603
f 4762//4603 4664//4505 4665//4506
f 4762//4603 4665//4506 4763//4604
f 4763//4604 4665//4506 4666//4507
f 4763//4604 4666//4507 4764//4605
f 4764//4605 4666//4507 4667//4508
f 4764//4605 4667//4508 4765//4606
f 4765//4606 4667//4508 4668//4509
f 4765//4606 4668//4509 4766//4607
f 4766//4607 4668//4509 4669//4510
f 4766//4607 4669//4510 4767//4608
f 4767//4608 4669//4510 4670//4511
f 4767//4608 4670//4511 4768//4609
f 4768//4609 4670//4511 4671//4512
f 4768//4609 4671//4512 4769//4610
f 4769//4610 4671//4512 4672//4513
f 4769//4610 4672//4513 4770//4611
f 4770//4611 4672//4513 4673//4514
f 4770//4611 4673//4514 4771//4612
f 4771//4612 4673//4514 4674//4515
f 4771//4612 4674//4515 4772//4613
f 4772//4613 4674//4515 4675//4516
f 4772//4613 4675//4516 4773//4614
f 4773//4614 4675//4516 4676//4517
f 4773//4614 4676//4517 4774//4615
f 4774//4615 4676//4517 4677//4518
f 4774//4615 4677//4518 4775//4616
f 4775//4616 4677//4518 4678//4519
f 4775//4616 4678//4519 4776//4617
f 4776//4617 4678//4519 4679//4520
f 4776//4617 4679//4520 4777//4618
f 4777//4618 4679//4520 4680//4521
f 4777//4618 4680//4521 4778//4619
f 4778//4619 4680//4521 4681//4522
f 4778//4619 4681//4522 4779//4620
f 4779//4620 4681//4522 4682//4523
f 4779//4620 4682//4523 4780//4621
f 4780//4621 4682//4523 4683//4524
f 4780//4621 4683//4524 4781//4622
f 4781//4622 4683//4524 4684//4525
f 4781//4622 4684//4525 4782//4623
f 4782//4623 4684//4525 4685//4526
f 4782//4623 4685//4526 4783//4624
f 4783//4624 4685//4526 4686//4527
f 4783//4624 4686//4527 4784//4625
f 4784//4625 4686//4527 4687//4528
f 4784//4625 4687//4528 4785//4626
f 4785//4626 4687//4528 4688//4529
f 4785//4626 4688//4529 4786//4627
f 4786//4627 4688//4529 4689//4530
f 4786//4627 4689//4530 4787//4628
f 4787//4628 4689//4530 4690//4531
f 4787//4628 4690//4531 4788//4629
f 4788//4629 4690//4531 4691//4532
f 4788//4629 4691//4532 4789//4630
f 4789//4630 4691//4532 4692//4533
f 4789//4630 4692//4533 4790//4631
f 4790//4631 4692//4533 4693//4534
f 4790//4631 4693//4534 4791//4632
f 4791//4632 4693//4534 4694//4535
f 4791//4632 4694//4535 4792//4633
f 4792//4633 4694//4535 4695//4536
f 4792//4633 4695//4536 4793//4634
f 4793//4634 4695//4536 4696//4537
f 4793//4634 4696//4537 4794//4635
f 4794//4635 4696//4537 4697//4538
f 4794//4635 4697//4538 4795//4636
f 4795//4636 4697//4538 4698//4539
f 4795//4636 4698//4539 4796//4637
f 4796//4637 4698//4539 4699//4540
f 4796//4637 4699//4540 4797//4638
f 4797//4638 4699//4540 4700//4541
f 4797//4638 4700//4541 4798//4639
f 4798//4639 4700//4541 4701//4542
f 4798//4639 4701//4542 4799//4640
f 4799//4640 4701//4542 4702//4543
f 4799//4640 4702//4543 4800//4641
f 4800//4641 4702//4543 4703//4544
f 4800//4641 4703//4544 4801//4642
f 4801//4642 4703//4544 4704//4545
f 4801//4642 4704//4545 4802//4643
f 4802//4643 4704//4545 4705//4546
f 4802//4643 4705//4546 4803//4644
f 4803//4644 4705//4546 4706//4547
f 4803//4644 4706//4547 4804//4645
f 4804//4645 4706//4547 4707//4548
f 4804//4645 4707//4548 4805//4646
f 4805//4646 4707//4548 4708//4549
f 4805//4646 4708//4549 4806//4647
f 4806//4647 4708//4549 4709//4550
f 4806//4647 4709//4550 4807//4648
f 4807//4648 4709//4550 4710//4551
f 4807//4648 4710//4551 4808//4649
f 4808//4649 4710//4551 4711//4552
f 4808//4649 4711//4552 4809//4650
f 4809//4650 4711//4552 4712//4553
f 4809//4650 4712//4553 4810//4651
f 4810//4651 4712//4553 4553//4317
f 4810//4651 4553//4317 4811//4709
f 4811//4709 4553//4317 9246//4710
f 4811//4709 9246//4710 4812//4711
f 4812//4711 9246//4710 4557//4712
f 4812//4711 4557//4712 4813//4713
f 4813//4713 4557//4712 4559//4714
f 4813//4713 4559//4714 4814//4715
f 4814//4715 4559//4714 4561//4716
f 4814//4715 4561//4716 4815//4717
f 4815//4717 4561//4716 4563//4718
f 4815//4717 4563//4718 4816//4719
f 4816//4719 4563//4718 4565//4720
f 4816//4719 4565//4720 4817//4721
f 4817//4721 4565//4720 4567//4722
f 4817//4721 4567//4722 4818//4723
f 4818//4723 4567//4722 9136//4724
f 4818//4723 9136//4724 4819//4725
f 4819//4725 9136//4724 9137//4726
f 4819//4725 9137//4726 4820//4727
f 4820//4727 9137//4726 9114//4728
f 4820//4727 9114//4728 4821//4729
f 4821//4729 9114//4728 9115//4730
f 4821//4729 9115//4730 4822//4731
f 4822//4731 9115//4730 4577//4732
f 4822//4731 4577//4732 4823//4733
f 4823//4733 4577//4732 4579//4734
f 4823//4733 4579//4734 4824//4735
f 4824//4735 4579//4734 4581//4736
f 4824//4735 4581//4736 4825//4737
f 4825//4737 4581//4736 4583//4737
f 4825//4737 4583//4737 4826//4738
f 4826//4738 4583//4737 4585//4739
f 4826//4738 4585//4739 4827//4740
f 4827//4740 4585//4739 4587//4741
f 4827//4740 4587//4741 4828//4742
f 4828//4742 4587//4741 4589//4743
f 4828//4742 4589//4743 4829//4744
f 4829//4744 4589//4743 4591//4745
f 4829//4744 4591//4745 4830//4746
f 4830//4746 4591//4745 4593//4747
f 4830//4746 4593//4747 4831//4748
f 4831//4748 4593//4747 4595//4749
f 4831//4748 4595//4749 4832//4750
f 4832//4750 4595//4749 4597//4751
f 4832//4750 4597//4751 4833//4752
f 4833//4752 4597//4751 4599//4753
f 4833//4752 4599//4753 4834//4754
f 4834//4754 4599//4753 4601//4755
f 4834//4754 4601//4755 7529//4272
f 7529//4272 4601//4755 7450//4273
f 8370//4756 4836//4757 4837//4758
f 8677//4759 4839//4760 4840//4761
f 4841//4762 4842//4763 4843//4764
f 4844//4765 4845//4766 8227//4767
f 4847//4768 4848//4769 4849//4770
f 4850//4771 4851//4772 4852//4773
f 4853//4774 4854//4775 4855//4776
f 4856//4777 4857//4778 4858//4779
f 2978//2459 8383//4780 8373//2456
s 0
f 8372//4781 4859//4781 8219//4781
f 2976//4782 4860//4783 8750//4784
f 8221//4785 8287//4785 8218//4785
f 4860//4786 8289//4786 8777//4787
f 4860//4788 8777//4788 8750//4784
f 8004//4789 8583//4789 8366//4789
s 1
f 2961//4790 8565//4791 4862//4792
f 4862//4792 8565//4791 8459//4793
s 0
f 8007//4794 8460//4794 8222//4794
f 4861//4795 2966//4796 8657//4795
f 4861//4795 8657//4795 2970//4797
f 8583//4798 8004//4798 8001//4798
f 8002//4799 8006//4799 8034//4799
f 2957//4800 8033//4801 8660//4800
f 7696//4802 8256//4802 4863//4802
f 8033//4801 2951//4803 8659//4804
f 8033//4801 8659//4801 8660//4805
s 1
f 8129//2424 2948//2426 7694//4806
f 7694//4806 2948//2426 8237//2427
s 0
f 4864//4807 2949//4807 8258//4807
f 7629//4808 9336//4808 7690//4808
f 4865//4809 7689//4809 7692//4809
f 7693//4810 2941//4811 9305//4811
f 7693//4810 9305//4812 2946//4813
f 9336//4814 7629//4814 7626//4814
f 7627//4815 7631//4815 7646//4815
f 2937//4816 7647//4817 9251//4816
f 8828//4818 7287//4819 7288//4818
s 1
f 7289//4820 2928//2406 7810//2408
s 0
f 7290//4821 7811//4821 7648//4821
f 7647//4822 2930//4822 9245//4823
f 7647//4822 9245//4824 9251//4825
f 8828//4826 7288//4826 8843//4827
f 8844//4828 7291//4828 7399//4828
f 2922//4829 4868//4829 8846//4829
f 7400//4830 8701//4830 8089//4830
f 8090//4831 7395//4831 7397//4831
f 7398//4832 2917//4832 8908//4832
f 7398//4833 8908//4833 2923//4834
f 2906//4835 8267//4836 4870//4835
s 1
f 8719//4837 2908//4838 8116//4839
f 8719//4837 8116//4839 8702//4840
s 0
f 8700//4841 2910//4841 8117//4841
f 8700//4841 8117//4842 2913//4843
f 2906//4844 4870//4844 7989//4845
f 7990//4846 8720//4846 8654//4846
f 2898//4847 8656//4847 7992//4847
s 1
f 2894//2370 2893//2369 4872//4848
f 4872//4848 2893//2369 8494//2373
s 0
f 8610//4849 8495//4849 8653//4849
f 4871//4850 2897//4850 2901//4850
f 4871//4851 2901//4851 2899//4852
f 8612//4853 8178//4853 8609//4853
s 1
f 4872//4848 8177//2364 2890//2366
f 4872//4848 2890//2366 2894//2370
f 2881//2357 7718//2355 8630//4854
s 0
f 4874//4855 2879//4855 7717//4855
f 8627//4856 7716//4856 8613//4856
f 4873//4857 2878//4858 2886//4858
f 4873//4859 2886//4860 2888//4859
f 9332//4861 8421//4862 7612//4861
f 7612//4863 8421//4864 2876//4864
f 7614//4865 8420//4865 8628//4865
s 1
f 8630//4854 8419//2352 2875//2351
f 8630//4854 2875//2351 2881//2357
s 0
f 9332//4866 7612//4866 7609//4866
f 7610//4867 7613//4867 7640//4867
f 3193//4868 7641//4868 8681//4868
f 8681//4869 7641//4869 7729//4869
f 7730//4870 7642//4870 7739//4870
s 1
f 3189//2678 7740//4871 3187//2676
f 8119//4872 3206//2695 7741//4873
f 7741//4873 3206//2695 3205//2694
f 7740//4871 3205//2694 3187//2676
s 0
f 3204//4874 7742//4874 8155//4874
f 8156//4875 4877//4875 8027//4875
f 3202//4876 8026//4876 8724//4876
f 8724//4877 8026//4877 8018//4878
f 8017//4879 4878//4879 7953//4879
f 3218//4880 7952//4880 7949//4880
f 8062//4881 8463//4881 7954//4881
f 7951//4882 8465//4882 8695//4882
f 7951//4882 8695//4882 3215//4882
f 8189//4883 3231//4883 8186//4884
f 8057//4885 8882//4885 8059//4885
f 8059//4886 8882//4886 8182//4887
f 4880//4888 3223//4888 3211//4888
f 8191//4889 8187//4889 8060//4889
f 8061//4890 3226//4890 8239//4890
f 8064//4891 3228//4891 3220//4891
f 3231//4892 8189//4892 8303//4893
f 8302//4894 4881//4894 8799//4894
f 3232//4895 8800//4895 3234//4895
s 1
f 4883//4896 8364//2732 3239//2728
f 4883//4896 3239//2728 4882//4897
f 4882//4897 3239//2728 8282//4898
s 0
f 8800//4899 3237//4899 3234//4899
f 3252//4900 3249//4901 8476//4900
f 8476//4902 3249//4903 8135//4903
f 8477//4904 8136//4904 8511//4904
f 8512//4905 3247//4906 3244//4905
f 8512//4907 3244//4907 3242//4907
f 3252//4908 8476//4908 8053//4908
f 3253//4909 8475//4909 8479//4909
s 1
f 8052//2744 8481//4910 8015//2749
s 0
f 3261//4911 8895//4911 8577//4911
f 4886//4912 3263//4912 8043//4912
f 8575//4913 8042//4913 8480//4913
f 4885//4914 3254//4915 3256//4914
f 4885//4916 3256//4916 3258//4916
f 3261//4917 8577//4917 8666//4917
f 2868//4918 8576//4918 8453//4918
s 1
f 8665//2344 4887//4919 3267//2758
f 8982//2772 3270//2761 4887//4919
f 4887//4919 3270//2761 3269//2760
f 4887//4919 3269//2760 3267//2758
s 0
f 3275//4920 3276//4921 8442//4920
s 1
f 8441//4922 9053//2767 3277//2769
s 0
f 9077//4923 3279//4924 8445//4924
f 8998//4925 3285//4925 8456//4925
f 8456//4926 3285//4926 3286//4927
f 8456//4928 3286//4929 9049//4929
s 1
f 9290//3143 8997//4930 8073//4931
s 0
f 8074//4932 3283//4932 8455//4932
s 1
f 4891//4933 8454//4934 4892//4935
f 4892//4935 8454//4934 4893//4936
f 4894//4937 4893//4936 4895//4938
f 4895//4938 4893//4936 8454//4934
f 4895//4938 8454//4934 8440//4939
s 0
f 4888//4940 4890//4940 9050//4940
f 8442//4941 3274//4942 3275//4941
s 1
f 4896//4943 4897//4944 4898//4945
f 8230//4946 4900//4947 8112//4948
f 8229//4949 8111//4950 8510//4951
f 8509//4952 4901//4953 4902//4953
f 4898//4945 8139//4954 4896//4943
f 4903//4955 4844//4765 8312//4956
f 8312//4956 4844//4765 8227//4767
f 4904//4957 4846//4958 8228//4959
f 4899//4960 8227//4767 4905//4961
f 8230//4946 8175//4962 4900//4947
f 4906//4963 4907//4964 4908//4965
f 4909//4966 4910//4967 4911//4968
f 4911//4968 4910//4967 4912//4969
f 4913//4970 4914//4971 4915//4972
f 4916//4973 4917//4974 4918//4975
f 4919//4976 4920//4977 4921//4978
f 4921//4978 4920//4977 4922//4979
f 4919//4976 4921//4978 4923//4980
f 4923//4980 4921//4978 4924//4981
f 4923//4980 4924//4981 4925//4982
f 4925//4982 4924//4981 4926//4983
f 4926//4983 4924//4981 4927//4984
f 4926//4983 4927//4984 4928//4985
f 4929//4986 4930//4987 4927//4984
f 4927//4984 4930//4987 4931//4988
f 4927//4984 4931//4988 4928//4985
f 8164//4989 4933//4990 4929//4986
f 4929//4986 4933//4990 4934//4991
f 4929//4986 4934//4991 4930//4987
f 4935//4992 4936//4993 8024//4994
f 8024//4994 4936//4993 4938//4995
f 8024//4994 4938//4995 8164//4989
f 8164//4989 4938//4995 4939//4996
f 8164//4989 4939//4996 4933//4990
f 4935//4992 8024//4994 4940//4997
f 4940//4997 8024//4994 8025//4998
f 4940//4997 8025//4998 4942//4999
f 4942//4999 8025//4998 4943//5000
f 4943//5000 8025//4998 8358//5001
f 4943//5000 8358//5001 4945//5002
f 7866//5003 4947//5004 8358//5001
f 8358//5001 4947//5004 4948//5005
f 8358//5001 4948//5005 4945//5002
f 7867//5006 4950//5007 7866//5003
f 7866//5003 4950//5007 4951//5008
f 7866//5003 4951//5008 4947//5004
f 4952//5009 4953//5010 7968//5011
f 7968//5011 4953//5010 4955//5012
f 7968//5011 4955//5012 7867//5006
f 7867//5006 4955//5012 4956//5013
f 7867//5006 4956//5013 4950//5007
f 4952//5009 7968//5011 4957//5014
f 4957//5014 7968//5011 7910//5015
f 4957//5014 7910//5015 4959//5016
f 4959//5016 7910//5015 4960//5017
f 4960//5017 7910//5015 7911//5018
f 4960//5017 7911//5018 4962//5019
f 4962//5019 7911//5018 4963//5020
f 4963//5020 7911//5018 7687//5021
f 4963//5020 7687//5021 4965//5022
f 7669//5023 4967//5024 7687//5021
f 7687//5021 4967//5024 4968//5025
f 7687//5021 4968//5025 4965//5022
f 4969//5026 4970//5027 7588//5028
f 7588//5028 4970//5027 4972//5029
f 7588//5028 4972//5029 7669//5023
f 7669//5023 4972//5029 4973//5030
f 7669//5023 4973//5030 4967//5024
f 4969//5026 7588//5028 4974//5031
f 4974//5031 7588//5028 7589//5032
f 4974//5031 7589//5032 4976//5033
f 4976//5033 7589//5032 4977//5034
f 4977//5034 7589//5032 4978//5035
f 4977//5034 4978//5035 4979//5036
f 4980//5037 4981//5038 4978//5035
f 4978//5035 4981//5038 4982//5039
f 4978//5035 4982//5039 4979//5036
f 4983//5040 4984//5041 4980//5037
f 4980//5037 4984//5041 4985//5042
f 4980//5037 4985//5042 4981//5038
f 4986//5043 4987//5044 4988//5045
f 4988//5045 4987//5044 4989//5046
f 4988//5045 4989//5046 4983//5040
f 4983//5040 4989//5046 4990//5047
f 4983//5040 4990//5047 4984//5041
f 4986//5043 4988//5045 4991//5048
f 4991//5048 4988//5045 4992//5049
f 4991//5048 4992//5049 4993//5050
f 4993//5050 4992//5049 4994//5051
f 4994//5051 4992//5049 7293//5052
f 4994//5051 7293//5052 4996//5053
f 4997//5054 4998//5055 7293//5052
f 7293//5052 4998//5055 4999//5056
f 7293//5052 4999//5056 4996//5053
f 5000//5057 5001//5058 5002//5059
f 5002//5059 5001//5058 5003//5060
f 5002//5059 5003//5060 4997//5054
f 4997//5054 5003//5060 5004//5061
f 4997//5054 5004//5061 4998//5055
f 5000//5057 5002//5059 5005//5062
f 5005//5062 5002//5059 5006//5063
f 5005//5062 5006//5063 5007//5064
f 5007//5064 5006//5063 4843//4764
f 4843//4764 5006//5063 5008//5065
f 4843//4764 5008//5065 4841//4762
f 8340//5066 5010//5067 5011//5068
f 5011//5068 5010//5067 5012//5069
f 5011//5068 5012//5069 9346//5070
f 9346//5070 5012//5069 7251//5071
f 9346//5070 7251//5071 9357//5072
f 9357//5072 7251//5071 7252//5073
f 9357//5072 7252//5073 7387//5074
f 7387//5074 7252//5073 7409//5075
f 7387//5074 7409//5075 7388//5076
f 7388//5076 7409//5075 7410//5077
f 7388//5076 7410//5077 7347//5078
f 7347//5078 7410//5077 7355//5079
f 7347//5078 7355//5079 7334//5080
f 7334//5080 7355//5079 7272//5081
f 7334//5080 7272//5081 7335//5082
f 7335//5082 7272//5081 7273//5083
f 7335//5082 7273//5083 5027//5084
f 5027//5084 7273//5083 8326//5085
f 5027//5084 8326//5085 5029//5086
f 5029//5086 8326//5085 8333//5087
f 5029//5086 8333//5087 5031//5088
f 5031//5088 8333//5087 8263//5089
f 5031//5088 8263//5089 5033//5090
f 5033//5090 8263//5089 8264//5091
f 5033//5090 8264//5091 5035//5092
f 5035//5092 8264//5091 8233//5093
f 5035//5092 8233//5093 5037//5094
f 5037//5094 8233//5093 8207//5095
f 5037//5094 8207//5095 5039//5096
f 5039//5096 8207//5095 8193//5097
f 5039//5096 8193//5097 5041//5098
f 5041//5098 8193//5097 5042//5099
f 5041//5098 5042//5099 5043//5100
f 5043//5100 5042//5099 5044//5101
f 5043//5100 5044//5101 5045//5102
f 5045//5102 5044//5101 5046//5103
f 5045//5102 5046//5103 5047//5104
f 5047//5104 5046//5103 5048//5105
f 5047//5104 5048//5105 5049//5106
f 5049//5106 5048//5105 5050//5107
f 5049//5106 5050//5107 5051//5108
f 5051//5108 5050//5107 5052//5109
f 5051//5108 5052//5109 5053//5110
f 5053//5110 5052//5109 5054//5111
f 5053//5110 5054//5111 5055//5112
f 5055//5112 5054//5111 5056//5113
f 5055//5112 5056//5113 5057//5114
f 5057//5114 5056//5113 5058//5115
f 5057//5114 5058//5115 8678//5116
f 8678//5116 5058//5115 5060//5117
f 8678//5116 5060//5117 5061//5118
f 5061//5118 5060//5117 5062//5119
f 5063//5120 8341//5121 5065//5122
f 5066//5123 5009//5124 5067//5125
f 5067//5125 5009//5124 9327//5126
f 5067//5125 9327//5126 5068//5127
f 5068//5127 9327//5126 5013//5128
f 5068//5127 5013//5128 5069//5129
f 5069//5129 5013//5128 5015//5130
f 5069//5129 5015//5130 8934//5131
f 8934//5131 5015//5130 5017//5132
f 8934//5131 5017//5132 8954//5133
f 8954//5133 5017//5132 5019//5134
f 8954//5133 5019//5134 8955//5135
f 8955//5135 5019//5134 5021//5136
f 8955//5135 5021//5136 9317//5137
f 9317//5137 5021//5136 5023//5138
f 9317//5137 5023//5138 9309//5139
f 9309//5139 5023//5138 5025//5140
f 9309//5139 5025//5140 8987//5141
f 8987//5141 5025//5140 8314//5142
f 8987//5141 8314//5142 8988//5143
f 8988//5143 8314//5142 8349//5144
f 8988//5143 8349//5144 8996//5145
f 8996//5145 8349//5144 8371//5146
f 8996//5145 8371//5146 9005//5147
f 9005//5147 8371//5146 8278//5148
f 9005//5147 8278//5148 9017//5149
f 9017//5149 8278//5148 8279//5150
f 9017//5149 8279//5150 9018//5151
f 9018//5151 8279//5150 8251//5152
f 9018//5151 8251//5152 5081//5153
f 5081//5153 8251//5152 8199//5154
f 5081//5153 8199//5154 5082//5155
f 5082//5155 8199//5154 5041//5098
f 5082//5155 5041//5098 5083//5156
f 5083//5156 5041//5098 5043//5100
f 5083//5156 5043//5100 5084//5157
f 5084//5157 5043//5100 5045//5102
f 5084//5157 5045//5102 5085//5158
f 5085//5158 5045//5102 5047//5104
f 5085//5158 5047//5104 5086//5159
f 5086//5159 5047//5104 5049//5106
f 5086//5159 5049//5106 5087//5160
f 5087//5160 5049//5106 5051//5108
f 5087//5160 5051//5108 5088//5161
f 5088//5161 5051//5108 5053//5110
f 5088//5161 5053//5110 5089//5162
f 5089//5162 5053//5110 5055//5112
f 5089//5162 5055//5112 5090//5163
f 5090//5163 5055//5112 5057//5114
f 5090//5163 5057//5114 4840//4761
f 4840//4761 5057//5114 8678//5116
f 4840//4761 8678//5116 8677//4759
f 4838//5164 5059//5165 9075//5166
f 8758//5167 8942//5168 8759//5169
f 8759//5169 8942//5168 8943//5170
f 8759//5169 8943//5170 8766//5171
f 8766//5171 8943//5170 8927//5172
f 8766//5171 8927//5172 8790//5173
f 8790//5173 8927//5172 8928//5174
f 8790//5173 8928//5174 4932//5175
f 4932//5175 8928//5174 5070//5176
f 4932//5175 5070//5176 4937//5177
f 4937//5177 5070//5176 5071//5178
f 4937//5177 5071//5178 4941//5179
f 4941//5179 5071//5178 5072//5180
f 4941//5179 5072//5180 4944//5181
f 4944//5181 5072//5180 5073//5182
f 4944//5181 5073//5182 4946//5183
f 4946//5183 5073//5182 5074//5184
f 4946//5183 5074//5184 4949//5185
f 4949//5185 5074//5184 5075//5186
f 4949//5185 5075//5186 4954//5187
f 4954//5187 5075//5186 5076//5188
f 4954//5187 5076//5188 4958//5189
f 4958//5189 5076//5188 5077//5190
f 4958//5189 5077//5190 4961//5191
f 4961//5191 5077//5190 5078//5192
f 4961//5191 5078//5192 4964//5193
f 4964//5193 5078//5192 5079//5194
f 4964//5193 5079//5194 4966//5195
f 4966//5195 5079//5194 5080//5196
f 4966//5195 5080//5196 4971//5197
f 4971//5197 5080//5196 5081//5153
f 4971//5197 5081//5153 4975//5198
f 4975//5198 5081//5153 5082//5155
f 4975//5198 5082//5155 9132//5199
f 9132//5199 5082//5155 5083//5156
f 9132//5199 5083//5156 9145//5200
f 9145//5200 5083//5156 5084//5157
f 9145//5200 5084//5157 9146//5201
f 9146//5201 5084//5157 5085//5158
f 9146//5201 5085//5158 9195//5202
f 9195//5202 5085//5158 5086//5159
f 9195//5202 5086//5159 9227//5203
f 9227//5203 5086//5159 5087//5160
f 9227//5203 5087//5160 4995//5204
f 4995//5204 5087//5160 5088//5161
f 4995//5204 5088//5161 4997//5054
f 4997//5054 5088//5161 5089//5162
f 4997//5054 5089//5162 5002//5059
f 5002//5059 5089//5162 5090//5163
f 5002//5059 5090//5163 5006//5063
f 5006//5063 5090//5163 4840//4761
f 5006//5063 4840//4761 5008//5065
f 5008//5065 4840//4761 8283//5205
f 5065//5122 5091//5206 8113//5207
f 5092//5208 8866//5209 5093//5210
f 5092//5208 5093//5210 5094//5211
f 8161//5212 8877//5213 8690//5214
f 8161//5212 8690//5214 8603//5215
f 4911//4968 4913//4970 4915//4972
f 4911//4968 4915//4972 4909//4966
f 5065//5122 8341//5121 5091//5206
f 8866//5209 5064//5216 5095//5217
f 8866//5209 5095//5217 5093//5210
f 8877//5213 8878//5218 8709//5219
f 8877//5213 8709//5219 8690//5214
f 4913//4970 4916//4973 4918//4975
f 4913//4970 4918//4975 4914//4971
f 4857//4778 4894//4937 4858//4779
f 4858//4779 4894//4937 4895//4938
f 4858//4779 4895//4938 5096//5220
f 5096//5220 4895//4938 8440//4939
f 5096//5220 8440//4939 8443//5221
f 4889//5222 8441//4922 3277//2769
f 4889//5222 3277//2769 3278//5223
f 8443//5221 5097//5224 5096//5220
f 5096//5220 5097//5224 5098//5225
f 5096//5220 5098//5225 4858//4779
f 4858//4779 5098//5225 4855//4776
f 4858//4779 4855//4776 4856//4777
f 4856//4777 4855//4776 4854//4775
s 0
f 3279//5226 8983//5227 8445//5226
f 8444//5228 3280//5228 8452//5228
s 1
f 8443//5221 8451//5229 5097//5224
f 5097//5224 8451//5229 5099//5230
f 5097//5224 5099//5230 5098//5225
f 5098//5225 5099//5230 5100//5231
f 5098//5225 5100//5231 4855//4776
f 4855//4776 5100//5231 5101//5232
f 4855//4776 5101//5232 4853//4774
f 4853//4774 5101//5232 8587//5233
f 5103//5234 5104//5235 5105//5236
f 5105//5236 5104//5235 5106//5237
f 5105//5236 5106//5237 5107//5238
f 5107//5238 5106//5237 5108//5239
f 5107//5238 5108//5239 5109//5240
f 5109//5240 5108//5239 5110//5241
f 5109//5240 5110//5241 5111//5242
f 5111//5242 5110//5241 5112//5243
f 5111//5242 5112//5243 4849//4770
f 4849//4770 5112//5243 8508//5244
f 4849//4770 8508//5244 4847//4768
f 4847//4768 8508//5244 4897//4944
f 5113//5245 4850//4771 5114//5246
f 5114//5246 4850//4771 4852//4773
f 5114//5246 4852//4773 5115//5247
f 5115//5247 4852//4773 5116//5248
f 5115//5247 5116//5248 5117//5249
f 5117//5249 5116//5248 5118//5250
f 5117//5249 5118//5250 5119//5251
f 5119//5251 5118//5250 5120//5252
f 5119//5251 5120//5252 5121//5253
f 4848//4769 5113//5245 4849//4770
f 4849//4770 5113//5245 5114//5246
f 4849//4770 5114//5246 5111//5242
f 5111//5242 5114//5246 5115//5247
f 5111//5242 5115//5247 5109//5240
f 5109//5240 5115//5247 5117//5249
f 5109//5240 5117//5249 5107//5238
f 5107//5238 5117//5249 5119//5251
f 5107//5238 5119//5251 5105//5236
f 5105//5236 5119//5251 5121//5253
f 5105//5236 5121//5253 5103//5234
f 5103//5234 5122//5254 5104//5235
f 5104//5235 5122//5254 5123//5255
f 5104//5235 5123//5255 5106//5237
f 5106//5237 5123//5255 5124//5256
f 5106//5237 5124//5256 5108//5239
f 5108//5239 5124//5256 5125//5257
f 5108//5239 5125//5257 5110//5241
f 5110//5241 5125//5257 5126//5258
f 5110//5241 5126//5258 5112//5243
f 5112//5243 5126//5258 8114//5259
f 5112//5243 8114//5259 8508//5244
f 8510//4951 5127//5260 8162//5261
f 8510//4951 8162//5261 8229//4949
f 8228//4959 5128//5262 8602//5263
f 8228//4959 8602//5263 4904//4957
f 8312//4956 4906//4963 4908//4965
f 8312//4956 4908//4965 4903//4955
f 7380//5264 5129//5265 4837//4758
f 4837//4758 5129//5265 5130//5266
f 4837//4758 5130//5266 5131//5267
f 5131//5267 5130//5266 5132//5268
f 5131//5267 5132//5268 5133//5269
f 5133//5269 5132//5268 5134//5270
f 5133//5269 5134//5270 5135//5271
f 5135//5271 5134//5270 5136//5272
f 5135//5271 5136//5272 5137//5273
f 5137//5273 5136//5272 5138//5274
f 5137//5273 5138//5274 5139//5275
f 5139//5275 5138//5274 5140//5276
f 5139//5275 5140//5276 5141//5277
f 5141//5277 5140//5276 5142//5278
f 5141//5277 5142//5278 5143//5279
f 5143//5279 5142//5278 5144//5280
f 5143//5279 5144//5280 5145//5281
f 5145//5281 5144//5280 5146//5282
f 5145//5281 5146//5282 8584//5283
f 8584//5283 5146//5282 8601//5284
f 8584//5283 8601//5284 8647//5285
f 8647//5285 8601//5284 8637//5286
f 8647//5285 8637//5286 8648//5287
f 8648//5287 8637//5286 8658//5288
f 8648//5287 8658//5288 5153//5289
f 5153//5289 8658//5288 9199//5290
f 5153//5289 9199//5290 5155//5291
f 5155//5291 9199//5290 9200//5292
f 5155//5291 9200//5292 5157//5293
f 5157//5293 9200//5292 9152//5294
f 5157//5293 9152//5294 5159//5295
f 5159//5295 9152//5294 9153//5296
f 5159//5295 9153//5296 5161//5297
f 5161//5297 9153//5296 9182//5298
f 5161//5297 9182//5298 5163//5299
f 5163//5299 9182//5298 9212//5300
f 5163//5299 9212//5300 5165//5301
f 5165//5301 9212//5300 5166//5302
f 5165//5301 5166//5302 5167//5303
f 5167//5303 5166//5302 5168//5304
f 5167//5303 5168//5304 5169//5305
f 5169//5305 5168//5304 5170//5306
f 5169//5305 5170//5306 5171//5307
f 5171//5307 5170//5306 5172//5308
f 5171//5307 5172//5308 5173//5309
f 5173//5309 5172//5308 5174//5310
f 5173//5309 5174//5310 8809//5311
f 8809//5311 5174//5310 8823//5312
f 8809//5311 8823//5312 5122//5254
f 5122//5254 8823//5312 5177//5313
f 5122//5254 5177//5313 5123//5255
f 5123//5255 5177//5313 5178//5314
f 5123//5255 5178//5314 5124//5256
f 5124//5256 5178//5314 5063//5120
f 5124//5256 5063//5120 5125//5257
f 5125//5257 5063//5120 5065//5122
f 5125//5257 5065//5122 5126//5258
f 5126//5258 5065//5122 8113//5207
f 5126//5258 8113//5207 8114//5259
f 5127//5260 5092//5208 5094//5211
f 5127//5260 5094//5211 8162//5261
f 5128//5262 8161//5212 8603//5215
f 5128//5262 8603//5215 8602//5263
f 4906//4963 4911//4968 4912//4969
f 4906//4963 4912//4969 4907//4964
f 4851//4772 5102//5315 4852//4773
f 4852//4773 5102//5315 5101//5232
f 4852//4773 5101//5232 5116//5248
f 5116//5248 5101//5232 5100//5231
f 5116//5248 5100//5231 5118//5250
f 5118//5250 5100//5231 5099//5230
f 5118//5250 5099//5230 5120//5252
f 5120//5252 5099//5230 8451//5229
f 5120//5252 8451//5229 5121//5253
f 5121//5253 8451//5229 8574//5316
f 5121//5253 8574//5316 5103//5234
f 5103//5234 8574//5316 8478//5317
f 5103//5234 8478//5317 5122//5254
f 5122//5254 8478//5317 4884//5318
f 5122//5254 4884//5318 5175//5319
f 5175//5319 4884//5318 8513//5320
f 5175//5319 8513//5320 8808//5321
f 8808//5321 8513//5320 8798//5322
f 8808//5321 8798//5322 9062//5323
f 9062//5323 8798//5322 8190//5324
f 9062//5323 8190//5324 9094//5325
f 9094//5325 8190//5324 8063//5326
f 9094//5325 8063//5326 5167//5303
f 5167//5303 8063//5326 4879//5327
f 5167//5303 4879//5327 5165//5301
f 5165//5301 4879//5327 8028//5328
f 5165//5301 8028//5328 5163//5299
f 5163//5299 8028//5328 7743//5329
f 5163//5299 7743//5329 9144//5330
f 9144//5330 7743//5329 4876//5331
f 9144//5330 4876//5331 9143//5332
f 9143//5332 4876//5331 4875//5333
f 9143//5332 4875//5333 9178//5334
f 9178//5334 4875//5333 8629//5335
f 9178//5334 8629//5335 9177//5336
f 9177//5336 8629//5335 8614//5337
f 9177//5336 8614//5337 9193//5338
f 9193//5338 8614//5337 8611//5339
f 9193//5338 8611//5339 5151//5340
f 5151//5340 8611//5339 8655//5341
f 5151//5340 8655//5341 5149//5342
f 5149//5342 8655//5341 8721//5343
f 5149//5342 8721//5343 5147//5344
f 5147//5344 8721//5343 4869//5345
f 5147//5344 4869//5345 5145//5281
f 5145//5281 4869//5345 7401//5346
f 5145//5281 7401//5346 5143//5279
f 5143//5279 7401//5346 4867//5347
f 5143//5279 4867//5347 5141//5277
f 5141//5277 4867//5347 4866//5348
f 5141//5277 4866//5348 5139//5275
f 5139//5275 4866//5348 7630//5349
f 5139//5275 7630//5349 5137//5273
f 5137//5273 7630//5349 7695//5350
f 5137//5273 7695//5350 5135//5271
f 5135//5271 7695//5350 8035//5351
f 5135//5271 8035//5351 5133//5269
f 5133//5269 8035//5351 8005//5352
f 5133//5269 8005//5352 5131//5267
f 5131//5267 8005//5352 8220//5353
f 5131//5267 8220//5353 4837//4758
f 4837//4758 8220//5353 8217//5354
f 4837//4758 8217//5354 8370//4756
f 8370//4756 8217//5354 8383//4780
f 5129//5265 5062//5119 5130//5266
f 5130//5266 5062//5119 5060//5117
f 5130//5266 5060//5117 5132//5268
f 5132//5268 5060//5117 5058//5115
f 5132//5268 5058//5115 5134//5270
f 5134//5270 5058//5115 5056//5113
f 5134//5270 5056//5113 5136//5272
f 5136//5272 5056//5113 5054//5111
f 5136//5272 5054//5111 5138//5274
f 5138//5274 5054//5111 5052//5109
f 5138//5274 5052//5109 5140//5276
f 5140//5276 5052//5109 5050//5107
f 5140//5276 5050//5107 5142//5278
f 5142//5278 5050//5107 5048//5105
f 5142//5278 5048//5105 5144//5280
f 5144//5280 5048//5105 5046//5103
f 5144//5280 5046//5103 5146//5282
f 5146//5282 5046//5103 5044//5101
f 5146//5282 5044//5101 5148//5355
f 5148//5355 5044//5101 5042//5099
f 5148//5355 5042//5099 5150//5356
f 5150//5356 5042//5099 5040//5357
f 5150//5356 5040//5357 5152//5358
f 5152//5358 5040//5357 5038//5359
f 5152//5358 5038//5359 5154//5360
f 5154//5360 5038//5359 5036//5361
f 5154//5360 5036//5361 5156//5362
f 5156//5362 5036//5361 5034//5363
f 5156//5362 5034//5363 5158//5364
f 5158//5364 5034//5363 5032//5365
f 5158//5364 5032//5365 5160//5366
f 5160//5366 5032//5365 5030//5367
f 5160//5366 5030//5367 5162//5368
f 5162//5368 5030//5367 5028//5369
f 5162//5368 5028//5369 5164//5370
f 5164//5370 5028//5369 5026//5371
f 5164//5370 5026//5371 9104//5372
f 9104//5372 5026//5371 5024//5373
f 9104//5372 5024//5373 9105//5374
f 9105//5374 5024//5373 5022//5375
f 9105//5374 5022//5375 9069//5376
f 9069//5376 5022//5375 5020//5377
f 9069//5376 5020//5377 9054//5378
f 9054//5378 5020//5377 5018//5379
f 9054//5378 5018//5379 8822//5380
f 8822//5380 5018//5379 5016//5381
f 8822//5380 5016//5381 5176//5382
f 5176//5382 5016//5381 5014//5383
f 5176//5382 5014//5383 5177//5313
f 5177//5313 5014//5383 9329//5384
f 5177//5313 9329//5384 5178//5314
f 5178//5314 9329//5384 8313//5385
f 5178//5314 8313//5385 5063//5120
f 5063//5120 5010//5067 8340//5066
f 5063//5120 8340//5066 8341//5121
f 5064//5216 5009//5124 5066//5123
f 5064//5216 5066//5123 5095//5217
f 8878//5218 8942//5168 8758//5167
f 8878//5218 8758//5167 8709//5219
f 4916//4973 4921//4978 4922//4979
f 4916//4973 4922//4979 4917//4974
f 5179//5386 5180//5387 5181//5388
f 5182//5389 5183//5390 5184//5391
f 5185//5392 5186//5393 8769//5394
f 5188//5395 4842//4763 4841//4762
f 5189//5396 5190//5397 5191//5398
f 5191//5398 5190//5397 5192//5399
f 5191//5398 5192//5399 5193//5400
f 5193//5400 5192//5399 5194//5401
f 5194//5401 5192//5399 5195//5402
f 5195//5402 5192//5399 5196//5403
f 5195//5402 5196//5403 5197//5404
f 5197//5404 5196//5403 5198//5405
f 5198//5405 5196//5403 5199//5406
f 5198//5405 5199//5406 5200//5407
f 5201//5408 5202//5409 5199//5406
f 5199//5406 5202//5409 5203//5410
f 5199//5406 5203//5410 5200//5407
f 5204//5411 5205//5412 5201//5408
f 5201//5408 5205//5412 5206//5413
f 5201//5408 5206//5413 5202//5409
f 5207//5414 5208//5415 5209//5416
f 5209//5416 5208//5415 5210//5417
f 5209//5416 5210//5417 5204//5411
f 5204//5411 5210//5417 5211//5418
f 5204//5411 5211//5418 5205//5412
f 5207//5414 5209//5416 5212//5419
f 5212//5419 5209//5416 5213//5420
f 5212//5419 5213//5420 5214//5421
f 5214//5421 5213//5420 5215//5422
f 5215//5422 5213//5420 7650//5423
f 5215//5422 7650//5423 5217//5424
f 7511//5425 5219//5426 7650//5423
f 7650//5423 5219//5426 5220//5427
f 7650//5423 5220//5427 5217//5424
f 7512//5428 5222//5429 7511//5425
f 7511//5425 5222//5429 5223//5430
f 7511//5425 5223//5430 5219//5426
f 5224//5431 5225//5432 7649//5433
f 7649//5433 5225//5432 5227//5434
f 7649//5433 5227//5434 7512//5428
f 7512//5428 5227//5434 5228//5435
f 7512//5428 5228//5435 5222//5429
f 5224//5431 7649//5433 5229//5436
f 5229//5436 7649//5433 7394//5437
f 5229//5436 7394//5437 5231//5438
f 5231//5438 7394//5437 5232//5439
f 5232//5439 7394//5437 7303//5440
f 5232//5439 7303//5440 5234//5441
f 7277//5442 5236//5443 7303//5440
f 7303//5440 5236//5443 5237//5444
f 7303//5440 5237//5444 5234//5441
f 7278//5445 5239//5446 7277//5442
f 7277//5442 5239//5446 5240//5447
f 7277//5442 5240//5447 5236//5443
f 5241//5448 5242//5449 5243//5450
f 5243//5450 5242//5449 5244//5451
f 5243//5450 5244//5451 7278//5445
f 7278//5445 5244//5451 5245//5452
f 7278//5445 5245//5452 5239//5446
f 5241//5448 5243//5450 5246//5453
f 5246//5453 5243//5450 5247//5454
f 5246//5453 5247//5454 5248//5455
f 5248//5455 5247//5454 5249//5456
f 5249//5456 5247//5454 5250//5457
f 5249//5456 5250//5457 5251//5458
f 5251//5458 5250//5457 5252//5459
f 5252//5459 5250//5457 7414//5460
f 5252//5459 7414//5460 5254//5461
f 7415//5462 5256//5463 7414//5460
f 7414//5460 5256//5463 5257//5464
f 7414//5460 5257//5464 5254//5461
f 5258//5465 5259//5466 5260//5467
f 5260//5467 5259//5466 5261//5468
f 5260//5467 5261//5468 7415//5462
f 7415//5462 5261//5468 5262//5469
f 7415//5462 5262//5469 5256//5463
f 5258//5465 5260//5467 5263//5470
f 5263//5470 5260//5467 7797//5471
f 5263//5470 7797//5471 5265//5472
f 5265//5472 7797//5471 5266//5473
f 5266//5473 7797//5471 7655//5474
f 5266//5473 7655//5474 5268//5475
f 5268//5475 7655//5474 5269//5476
f 5269//5476 7655//5474 7595//5477
f 5269//5476 7595//5477 5271//5478
f 7314//5479 5273//5480 7595//5477
f 7595//5477 5273//5480 5274//5481
f 7595//5477 5274//5481 5271//5478
f 5275//5482 5276//5483 7315//5484
f 7315//5484 5276//5483 5278//5485
f 7315//5484 5278//5485 7314//5479
f 7314//5479 5278//5485 5279//5486
f 7314//5479 5279//5486 5273//5480
f 5275//5482 7315//5484 5280//5487
f 5280//5487 7315//5484 8201//5488
f 5280//5487 8201//5488 5282//5489
f 5282//5489 8201//5488 5283//5490
f 5283//5490 8201//5488 8184//5491
f 5283//5490 8184//5491 5285//5492
f 5286//5493 5287//5494 8185//5495
f 8185//5495 5287//5494 5289//5496
f 8185//5495 5289//5496 8184//5491
f 8184//5491 5289//5496 5290//5497
f 8184//5491 5290//5497 5285//5492
f 5291//5498 5292//5499 5187//5500
f 5293//5501 5185//5392 5294//5502
f 5294//5502 5185//5392 8769//5394
f 5294//5502 8769//5394 5295//5503
f 5295//5503 8769//5394 8384//5504
f 5296//5505 5297//5506 5298//5507
f 5298//5507 5297//5506 5299//5508
f 5298//5507 5299//5508 5300//5509
f 5300//5509 5299//5508 5301//5510
f 5300//5509 5301//5510 7883//5511
f 7883//5511 5301//5510 7884//5512
f 5302//5513 5303//5514 5291//5498
f 5304//5515 5305//5516 5306//5517
f 7859//5518 7858//5519 5307//5520
f 5308//5521 5309//5522 5310//5523
f 5309//5522 5308//5521 5311//5524
f 5311//5524 5308//5521 5312//5525
f 5311//5524 5312//5525 5313//5526
f 5313//5526 5312//5525 5314//5527
f 5313//5526 5314//5527 5315//5528
f 5315//5528 5314//5527 5316//5529
f 5316//5529 5314//5527 5317//5530
f 5316//5529 5317//5530 5318//5531
f 5318//5531 5317//5530 9083//5532
f 5318//5531 9083//5532 5320//5533
f 5320//5533 9083//5532 8527//5534
s 0
f 8528//5535 9085//5535 8872//5535
s 1
f 8526//5536 8871//2665 3176//2664
s 0
f 8811//5537 3180//5537 5319//5538
f 5319//5538 3180//5539 3182//5538
f 5319//5538 3182//5538 3177//5540
f 3169//5541 9014//5542 8815//5543
f 3170//5544 9013//5544 3171//5544
f 8858//5545 3167//5546 9045//5546
f 7665//5547 8252//5547 8255//5548
f 8252//5547 7665//5547 7653//5549
s 1
f 3155//2640 3157//2642 7565//5550
f 7565//5550 3157//2642 7564//2644
s 0
f 7566//5551 3159//5551 7652//5551
f 7765//5552 7778//5552 7318//5552
f 7297//5553 7294//5553 7316//5553
f 7317//5554 3146//5554 8086//5554
f 7317//5555 8086//5556 3150//5555
f 7507//5557 7461//5557 7424//5557
f 5328//5558 3140//5558 7957//5558
f 7426//5559 7956//5559 7299//5559
f 5327//5560 3142//5560 3144//5560
f 5327//5560 3144//5560 7296//5561
s 1
f 8365//2603 3132//2615 7428//5562
f 7428//5562 3132//2615 7421//2618
s 0
f 5329//5563 7420//5563 7423//5563
f 7422//5564 3134//5565 8047//5566
f 7422//5564 8047//5567 3138//5564
f 8270//5568 7753//5568 7430//5568
f 7429//5569 7754//5569 9191//5569
f 7429//5569 9191//5569 3120//5569
s 1
f 3115//2598 7497//2596 7896//5570
s 0
f 7899//5571 3113//5571 7500//5571
f 5331//5572 7499//5572 8269//5572
f 8268//5573 3128//5573 3129//5573
f 8268//5573 3129//5573 3124//5573
f 8158//5574 7898//5574 5332//5574
s 1
f 8160//5575 8087//5576 7897//5577
f 7896//5570 3106//2589 3119//2602
f 7896//5570 3119//2602 3115//2598
s 0
f 7981//5578 7985//5578 7998//5578
f 7983//5579 8125//5579 7987//5579
f 7986//5580 3108//5581 9272//5580
f 7986//5582 9272//5580 3103//5583
s 1
f 3098//2581 8797//2583 8380//5584
s 0
f 8379//5585 3100//5585 8376//5585
f 5334//5586 8377//5586 5333//5586
f 7999//5587 2871//5587 9184//5587
f 7999//5588 9184//5588 3110//5588
f 7960//5589 8381//5589 5335//5589
s 1
f 7959//2573 3093//2576 8380//5584
f 8380//5584 3093//2576 3096//2579
f 8380//5584 3096//2579 3098//2581
s 0
f 8562//5590 7327//5590 8567//5590
f 8568//5591 7328//5591 3088//5591
f 8568//5592 3088//5592 3090//5593
s 1
f 3074//2556 3076//2558 8707//5594
f 8707//5594 3076//2558 7592//2560
f 3078//5595 3080//5596 8706//5597
f 8706//5597 3080//5596 7322//5598
f 8706//5597 7322//5598 5336//5599
s 0
f 8561//5600 3084//5600 3085//5600
f 8561//5601 3085//5601 3086//5601
f 5338//5602 3067//5603 3069//5604
f 9151//5605 8409//5605 5337//5605
s 1
f 8707//5594 8408//2551 3071//2553
f 8707//5594 3071//2553 3074//2556
s 0
f 3067//5602 5338//5602 8423//5602
f 8424//5606 9150//5606 9130//5606
f 3065//5607 9131//5608 3064//5608
f 7571//5609 9129//5609 5340//5609
f 3056//5610 3058//5610 5339//5611
f 5339//5611 3058//5612 8317//5613
f 9131//5614 3063//5615 3064//5614
s 1
f 3043//5616 3050//5617 8731//5618
f 8731//5618 3050//5617 7682//5619
s 0
f 8729//5620 7681//5620 8726//5620
f 8727//5621 3053//5622 3055//5623
f 8727//5621 3055//5623 7572//5624
f 8152//5625 3047//5625 7903//5625
f 8153//5626 7904//5626 8730//5626
f 5341//5627 3046//5627 7863//5627
f 8731//5628 3044//5628 3043//5628
f 3047//5629 8152//5629 8149//5629
f 8150//5630 5342//5630 7493//5630
f 2874//5631 5343//5631 8789//5631
s 1
f 7483//5632 3031//2512 3029//2510
f 3029//2510 3027//2508 7483//5632
f 7483//5632 3027//2508 7489//2519
s 0
f 7485//5633 7488//5633 7490//5633
f 7491//5634 3037//5635 9142//5634
f 7491//5636 9142//5636 3040//5634
s 1
f 3031//2512 7483//5632 7478//2514
s 0
f 7477//5637 5344//5637 7480//5637
f 3033//5638 7479//5639 9164//5640
f 7837//5641 9074//5642 7701//5642
f 7701//5643 9074//5643 7869//5641
f 7702//5644 7868//5644 5345//5644
f 7479//5639 3020//5645 9038//5645
f 7479//5646 9038//5647 9164//5646
f 8915//5648 7619//5649 7621//5648
s 1
f 7622//5650 3010//2491 3012//2493
s 0
f 5347//5651 7748//5651 7700//5651
s 1
f 7699//5652 3012//2493 7697//2495
s 0
f 5346//5653 3014//5653 3016//5653
f 8915//5654 7621//5654 8169//5654
f 8168//5655 7623//5655 8173//5655
f 3006//5656 8172//5656 8925//5656
s 1
f 2996//2477 2998//2479 8081//5657
f 8081//5657 2998//2479 8204//2481
s 0
f 8082//5658 8203//5658 5348//5658
s 1
f 8172//5659 3000//5660 8962//5661
f 8172//5659 8962//5661 8925//5662
f 2996//2477 8081//5657 8079//2475
s 0
f 8080//5663 8083//5663 8104//5663
f 2994//5664 8103//5665 8292//5664
f 8296//5666 8293//5666 8105//5666
f 8103//5665 2983//5665 2990//5665
f 8103//5665 2990//5665 8292//5664
s 1
f 2982//2463 2987//2468 8297//5667
f 8298//5668 2987//2468 2984//2465
f 8298//5668 2984//2465 8294//2464
f 8383//4780 2978//2459 8343//2461
f 2982//2463 8297//5667 8343//2461
s 0
f 2980//5669 8299//5669 4835//5669
s 1
f 8343//2461 8370//4756 8383//4780
f 5352//5670 5298//5507 5353//5671
f 5353//5671 5298//5507 5300//5509
f 5353//5671 5300//5509 5354//5672
f 7427//5673 5300//5509 7883//5511
f 5355//5674 5356//5675 5357//5676
f 5357//5676 5356//5675 5182//5389
f 5182//5389 5184//5391 5357//5676
f 5357//5676 5184//5391 7864//5677
f 5357//5676 7864//5677 5355//5674
f 5359//5678 8838//5679 5361//5680
f 5361//5680 8838//5679 5362//5681
f 5361//5680 5362//5681 5363//5682
f 5363//5682 5362//5681 5364//5683
f 5363//5682 5364//5683 5365//5684
f 5365//5684 5364//5683 5366//5685
f 5365//5684 5366//5685 5367//5686
f 5367//5686 5366//5685 5368//5687
f 5367//5686 5368//5687 5369//5688
f 5369//5688 5368//5687 5370//5689
f 5369//5688 5370//5689 5371//5690
f 5371//5690 5370//5689 5372//5691
f 5371//5690 5372//5691 5373//5692
f 5373//5692 5372//5691 5374//5693
f 5373//5692 5374//5693 5375//5694
f 5375//5694 5374//5693 5376//5695
f 5375//5694 5376//5695 5377//5696
f 5377//5696 5376//5695 5378//5697
f 5377//5696 5378//5697 5379//5698
f 5379//5698 5378//5697 5380//5699
f 5379//5698 5380//5699 5381//5700
f 5381//5700 5380//5699 5382//5701
f 5381//5700 5382//5701 5383//5702
f 5383//5702 5382//5701 5384//5703
f 5383//5702 5384//5703 5385//5704
f 5385//5704 5384//5703 5386//5705
f 5385//5704 5386//5705 5387//5706
f 5387//5706 5386//5705 5388//5707
f 5387//5706 5388//5707 5389//5708
f 5389//5708 5388//5707 5390//5709
f 5389//5708 5390//5709 5391//5710
f 5391//5710 5390//5709 8837//5711
f 5391//5710 8837//5711 5393//5712
f 5393//5712 8837//5711 8873//5713
f 5393//5712 8873//5713 5395//5714
f 5395//5714 8873//5713 8801//5715
f 5395//5714 8801//5715 5397//5716
f 5397//5716 8801//5715 8802//5717
f 5397//5716 8802//5717 5399//5718
f 5399//5718 8802//5717 8779//5719
f 5399//5718 8779//5719 5401//5720
f 5401//5720 8779//5719 5402//5721
f 5401//5720 5402//5721 8739//5722
f 8739//5722 5402//5721 5404//5723
f 8739//5722 5404//5723 9135//5724
f 9135//5724 5404//5723 5406//5725
f 9135//5724 5406//5725 7865//5726
f 7865//5726 5406//5725 9173//5727
f 7865//5726 9173//5727 7864//5677
f 7864//5677 9173//5727 7840//5728
f 7864//5677 7840//5728 5355//5674
f 5359//5678 8677//4759 8838//5679
f 8839//5729 4838//5164 9075//5166
f 5360//5730 5061//5118 5062//5119
f 5190//5397 5410//5731 5192//5399
f 5192//5399 5410//5731 5411//5732
f 5192//5399 5411//5732 5196//5403
f 5196//5403 5411//5732 5412//5733
f 5196//5403 5412//5733 5199//5406
f 5199//5406 5412//5733 5413//5734
f 5199//5406 5413//5734 5201//5408
f 5201//5408 5413//5734 5414//5735
f 5201//5408 5414//5735 5204//5411
f 5204//5411 5414//5735 5415//5736
f 5204//5411 5415//5736 5209//5416
f 5209//5416 5415//5736 5416//5737
f 5209//5416 5416//5737 8012//5738
f 8012//5738 5416//5737 5417//5739
f 8012//5738 5417//5739 5216//5740
f 5216//5740 5417//5739 5418//5741
f 5216//5740 5418//5741 5218//5742
f 5218//5742 5418//5741 5419//5743
f 5218//5742 5419//5743 5221//5744
f 5221//5744 5419//5743 5420//5745
f 5221//5744 5420//5745 5226//5746
f 5226//5746 5420//5745 5421//5747
f 5226//5746 5421//5747 5230//5748
f 5230//5748 5421//5747 5422//5749
f 5230//5748 5422//5749 5233//5750
f 5233//5750 5422//5749 5423//5751
f 5233//5750 5423//5751 5235//5752
f 5235//5752 5423//5751 5424//5753
f 5235//5752 5424//5753 5238//5754
f 5238//5754 5424//5753 9127//5755
f 5238//5754 9127//5755 9249//5756
f 9249//5756 9127//5755 8952//5757
f 9249//5756 8952//5757 9301//5758
f 9301//5758 8952//5757 5427//5759
f 9301//5758 5427//5759 9335//5760
f 9335//5760 5427//5759 5428//5761
f 9335//5760 5428//5761 5253//5762
f 5253//5762 5428//5761 5429//5763
f 5253//5762 5429//5763 5255//5764
f 5255//5764 5429//5763 5430//5765
f 5255//5764 5430//5765 9338//5766
f 9338//5766 5430//5765 5431//5767
f 9338//5766 5431//5767 5264//5768
f 5264//5768 5431//5767 5432//5769
f 5264//5768 5432//5769 5267//5770
f 5267//5770 5432//5769 8963//5771
f 5267//5770 8963//5771 5270//5772
f 5270//5772 8963//5771 7794//5773
f 5270//5772 7794//5773 5272//5774
f 5272//5774 7794//5773 7795//5775
f 5272//5774 7795//5775 5277//5776
f 5277//5776 7795//5775 5436//5777
f 5277//5776 5436//5777 5281//5778
f 5281//5778 5436//5777 5437//5779
f 5281//5778 5437//5779 5284//5780
f 5284//5780 5437//5779 7757//5781
f 5284//5780 7757//5781 5288//5782
f 5189//5396 5188//5395 5190//5397
f 5190//5397 5188//5395 4841//4762
f 5190//5397 4841//4762 5410//5731
f 5410//5731 4841//4762 5008//5065
f 5410//5731 5008//5065 8283//5205
f 4839//4760 8677//4759 5410//5731
f 5410//5731 8677//4759 5359//5678
f 5410//5731 5359//5678 5411//5732
f 5411//5732 5359//5678 5361//5680
f 5411//5732 5361//5680 5412//5733
f 5412//5733 5361//5680 5363//5682
f 5412//5733 5363//5682 5413//5734
f 5413//5734 5363//5682 5365//5684
f 5413//5734 5365//5684 5414//5735
f 5414//5735 5365//5684 5367//5686
f 5414//5735 5367//5686 5415//5736
f 5415//5736 5367//5686 5369//5688
f 5415//5736 5369//5688 5416//5737
f 5416//5737 5369//5688 5371//5690
f 5416//5737 5371//5690 5417//5739
f 5417//5739 5371//5690 5373//5692
f 5417//5739 5373//5692 5418//5741
f 5418//5741 5373//5692 5375//5694
f 5418//5741 5375//5694 5419//5743
f 5419//5743 5375//5694 5377//5696
f 5419//5743 5377//5696 5420//5745
f 5420//5745 5377//5696 5379//5698
f 5420//5745 5379//5698 5421//5747
f 5421//5747 5379//5698 5381//5700
f 5421//5747 5381//5700 5422//5749
f 5422//5749 5381//5700 5383//5702
f 5422//5749 5383//5702 5423//5751
f 5423//5751 5383//5702 5385//5704
f 5423//5751 5385//5704 5424//5753
f 5424//5753 5385//5704 5387//5706
f 5424//5753 5387//5706 5425//5783
f 5425//5783 5387//5706 8818//5784
f 5425//5783 8818//5784 5426//5785
f 5426//5785 8818//5784 8829//5786
f 5426//5785 8829//5786 8953//5787
f 8953//5787 8829//5786 8865//5788
f 8953//5787 8865//5788 8933//5789
f 8933//5789 8865//5788 8775//5790
f 8933//5789 8775//5790 8926//5791
f 8926//5791 8775//5790 8776//5792
f 8926//5791 8776//5792 8920//5793
f 8920//5793 8776//5792 8747//5794
f 8920//5793 8747//5794 8921//5795
f 8921//5795 8747//5794 8738//5796
f 8921//5795 8738//5796 8941//5797
f 8941//5797 8738//5796 5403//5798
f 8941//5797 5403//5798 5433//5799
f 5433//5799 5403//5798 5405//5800
f 5433//5799 5405//5800 5434//5801
f 5434//5801 5405//5800 5407//5802
f 5434//5801 5407//5802 5435//5803
f 5435//5803 5407//5802 5358//5804
f 5435//5803 5358//5804 7767//5805
f 7767//5805 5358//5804 7928//5806
f 7767//5805 7928//5806 7756//5807
f 7756//5807 7928//5806 7927//5808
f 7756//5807 7927//5808 5438//5809
f 5439//5810 5180//5387 5440//5811
f 5440//5811 5180//5387 5179//5386
f 5440//5811 5179//5386 5441//5812
s 0
f 3162//5813 7667//5813 5325//5813
s 1
f 7568//5814 7666//5815 5441//5812
f 7568//5814 5441//5812 5442//5816
f 5442//5816 5441//5812 5179//5386
f 5442//5816 5179//5386 5443//5817
f 5443//5817 5179//5386 5181//5388
f 5443//5817 5181//5388 5444//5818
s 0
f 3167//5819 8812//5820 9045//5819
f 5323//5821 3174//5821 9084//5821
s 1
f 9043//5822 9083//5532 5445//5823
f 5445//5823 9083//5532 5317//5530
f 5445//5823 5317//5530 5446//5824
f 5446//5824 5317//5530 5314//5527
f 5446//5824 5314//5527 5447//5825
f 5447//5825 5314//5527 5312//5525
f 5447//5825 5312//5525 5448//5826
f 5448//5826 5312//5525 5308//5521
f 5448//5826 5308//5521 7859//5518
f 7859//5518 5308//5521 5310//5523
f 7859//5518 5310//5523 7871//5827
s 0
f 3169//5541 8859//5828 9014//5829
f 9015//5830 3168//5830 9044//5830
s 1
f 9012//5831 9043//5822 5449//5832
f 5449//5832 9043//5822 5445//5823
f 5449//5832 5445//5823 5450//5833
f 5450//5833 5445//5823 5446//5824
f 5450//5833 5446//5824 5451//5834
f 5451//5834 5446//5824 5447//5825
f 5451//5834 5447//5825 5452//5835
f 5452//5835 5447//5825 5448//5826
f 5452//5835 5448//5826 5453//5836
f 5453//5836 5448//5826 7859//5518
f 5453//5836 7859//5518 5454//5837
f 5454//5837 7859//5518 5307//5520
f 5454//5837 8817//5838 5296//5505
f 5296//5505 5298//5507 5454//5837
f 5454//5837 5298//5507 5352//5670
f 5454//5837 5352//5670 5453//5836
f 5453//5836 5352//5670 5455//5839
f 5453//5836 5455//5839 5452//5835
f 5452//5835 5455//5839 5439//5810
f 5452//5835 5439//5810 5451//5834
f 5451//5834 5439//5810 5440//5811
f 5451//5834 5440//5811 5450//5833
f 5450//5833 5440//5811 5441//5812
f 5450//5833 5441//5812 5449//5832
f 5449//5832 5441//5812 7666//5815
f 5449//5832 7666//5815 9012//5831
s 0
f 5322//5840 5324//5840 8254//5840
f 9013//5841 3166//5841 3171//5841
s 1
f 5291//5498 5187//5500 5302//5513
f 5302//5513 5187//5500 8102//5842
f 7883//5511 5456//5843 7427//5673
f 7427//5673 5456//5843 8013//5844
f 5354//5672 5457//5845 5353//5671
f 5353//5671 5457//5845 5458//5846
f 5353//5671 5458//5846 5352//5670
f 5352//5670 5458//5846 5459//5847
f 5352//5670 5459//5847 5455//5839
f 5455//5839 5459//5847 5460//5848
f 5455//5839 5460//5848 5439//5810
f 5439//5810 5460//5848 5461//5849
f 5439//5810 5461//5849 5180//5387
f 5180//5387 5461//5849 5462//5850
f 5180//5387 5462//5850 5181//5388
f 5181//5388 5462//5850 5463//5851
f 5181//5388 5463//5851 5444//5818
f 5129//5265 7380//5264 5464//5852
f 5464//5852 7380//5264 5465//5853
f 5464//5852 5465//5853 5466//5854
f 5466//5854 5465//5853 5467//5855
f 5466//5854 5467//5855 5468//5856
f 5468//5856 5467//5855 5469//5857
f 5468//5856 5469//5857 5470//5858
f 5470//5858 5469//5857 5471//5859
f 5470//5858 5471//5859 5472//5860
f 5472//5860 5471//5859 5473//5861
f 5472//5860 5473//5861 5474//5862
f 5474//5862 5473//5861 5475//5863
f 5474//5862 5475//5863 5476//5864
f 5476//5864 5475//5863 5477//5865
f 5476//5864 5477//5865 5478//5866
f 5478//5866 5477//5865 5479//5867
f 5478//5866 5479//5867 5480//5868
f 5480//5868 5479//5867 5481//5869
f 5480//5868 5481//5869 5482//5870
f 5482//5870 5481//5869 5483//5871
f 5482//5870 5483//5871 5484//5872
f 5484//5872 5483//5871 5485//5873
f 5484//5872 5485//5873 5486//5874
f 5486//5874 5485//5873 5487//5875
f 5486//5874 5487//5875 5488//5876
f 5488//5876 5487//5875 5489//5877
f 5488//5876 5489//5877 5490//5878
f 5490//5878 5489//5877 5491//5879
f 5490//5878 5491//5879 5492//5880
f 5492//5880 5491//5879 5493//5881
f 5492//5880 5493//5881 5494//5882
f 5494//5882 5493//5881 5495//5883
f 5494//5882 5495//5883 5496//5884
f 5496//5884 5495//5883 5497//5885
f 5496//5884 5497//5885 5498//5886
f 5498//5886 5497//5885 5499//5887
f 5498//5886 5499//5887 5500//5888
f 5500//5888 5499//5887 5501//5889
f 5500//5888 5501//5889 5502//5890
f 5502//5890 5501//5889 5503//5891
f 5502//5890 5503//5891 7263//5892
f 7263//5892 5503//5891 5505//5893
f 7263//5892 5505//5893 7264//5894
f 7264//5894 5505//5893 7270//5895
f 7264//5894 7270//5895 7292//5896
f 7292//5896 7270//5895 7271//5897
f 7292//5896 7271//5897 7333//5898
f 7333//5898 7271//5897 5511//5899
f 7333//5898 5511//5899 5512//5900
f 5512//5900 5511//5899 5513//5901
f 5512//5900 5513//5901 5514//5902
f 5186//5393 5286//5493 8769//5394
f 8769//5394 5286//5493 8185//5495
f 5187//5500 5288//5782 8102//5842
f 8102//5842 5288//5782 7757//5781
f 5456//5843 5438//5809 8013//5844
f 8013//5844 5438//5809 7927//5808
f 5457//5845 5183//5390 5458//5846
f 5458//5846 5183//5390 5182//5389
f 5458//5846 5182//5389 5459//5847
f 5459//5847 5182//5389 5356//5675
f 5459//5847 5356//5675 5460//5848
f 5460//5848 5356//5675 5355//5674
f 5460//5848 5355//5674 5461//5849
f 5461//5849 5355//5674 5409//5903
f 5461//5849 5409//5903 5462//5850
f 5462//5850 5409//5903 5408//5904
f 5462//5850 5408//5904 5463//5851
f 5463//5851 5408//5904 9165//5905
f 5463//5851 9165//5905 5444//5818
f 4836//4757 8370//4756 5465//5853
f 5465//5853 8370//4756 5351//5906
f 5465//5853 5351//5906 5467//5855
f 5467//5855 5351//5906 5350//5907
f 5467//5855 5350//5907 5469//5857
f 5469//5857 5350//5907 5349//5908
f 5469//5857 5349//5908 5471//5859
f 5471//5859 5349//5908 8171//5909
f 5471//5859 8171//5909 5473//5861
f 5473//5861 8171//5909 7620//5910
f 5473//5861 7620//5910 5475//5863
f 5475//5863 7620//5910 7698//5911
f 5475//5863 7698//5911 5477//5865
f 5477//5865 7698//5911 7481//5912
f 5477//5865 7481//5912 5479//5867
f 5479//5867 7481//5912 7484//5913
f 5479//5867 7484//5913 5481//5869
f 5481//5869 7484//5913 7492//5914
f 5481//5869 7492//5914 5483//5871
f 5483//5871 7492//5914 8151//5915
f 5483//5871 8151//5915 5485//5873
f 5485//5873 8151//5915 8728//5916
f 5485//5873 8728//5916 5487//5875
f 5487//5875 8728//5916 8725//5917
f 5487//5875 8725//5917 5489//5877
f 5489//5877 8725//5917 9128//5918
f 5489//5877 9128//5918 5491//5879
f 5491//5879 9128//5918 9149//5919
f 5491//5879 9149//5919 5493//5881
f 5493//5881 9149//5919 8705//5920
f 5493//5881 8705//5920 5495//5883
f 5495//5883 8705//5920 8560//5921
f 5495//5883 8560//5921 5497//5885
f 5497//5885 8560//5921 8566//5922
f 5497//5885 8566//5922 5499//5887
f 5499//5887 8566//5922 8378//5923
f 5499//5887 8378//5923 5501//5889
f 5501//5889 8378//5923 7997//5924
f 5501//5889 7997//5924 5503//5891
f 5503//5891 7997//5924 7984//5925
f 5503//5891 7984//5925 5505//5893
f 5505//5893 7984//5925 7900//5926
f 5505//5893 7900//5926 5507//5927
f 5507//5927 7900//5926 5330//5928
f 5507//5927 5330//5928 5509//5929
f 5509//5929 5330//5928 7431//5930
f 5509//5929 7431//5930 5511//5899
f 5511//5899 7431//5930 7425//5931
f 5511//5899 7425//5931 5513//5901
f 5513//5901 7425//5931 7298//5932
f 5513//5901 7298//5932 5514//5902
f 5514//5902 7298//5932 7319//5933
f 5062//5119 5129//5265 8838//5679
f 8838//5679 5129//5265 5464//5852
f 8838//5679 5464//5852 5362//5681
f 5362//5681 5464//5852 5466//5854
f 5362//5681 5466//5854 5364//5683
f 5364//5683 5466//5854 5468//5856
f 5364//5683 5468//5856 5366//5685
f 5366//5685 5468//5856 5470//5858
f 5366//5685 5470//5858 5368//5687
f 5368//5687 5470//5858 5472//5860
f 5368//5687 5472//5860 5370//5689
f 5370//5689 5472//5860 5474//5862
f 5370//5689 5474//5862 5372//5691
f 5372//5691 5474//5862 5476//5864
f 5372//5691 5476//5864 5374//5693
f 5374//5693 5476//5864 5478//5866
f 5374//5693 5478//5866 5376//5695
f 5376//5695 5478//5866 5480//5868
f 5376//5695 5480//5868 5378//5697
f 5378//5697 5480//5868 5482//5870
f 5378//5697 5482//5870 5380//5699
f 5380//5699 5482//5870 5484//5872
f 5380//5699 5484//5872 5382//5701
f 5382//5701 5484//5872 5486//5874
f 5382//5701 5486//5874 5384//5703
f 5384//5703 5486//5874 5488//5876
f 5384//5703 5488//5876 5386//5705
f 5386//5705 5488//5876 5490//5878
f 5386//5705 5490//5878 5388//5707
f 5388//5707 5490//5878 5492//5880
f 5388//5707 5492//5880 5390//5709
f 5390//5709 5492//5880 5494//5882
f 5390//5709 5494//5882 5392//5934
f 5392//5934 5494//5882 5496//5884
f 5392//5934 5496//5884 5394//5935
f 5394//5935 5496//5884 9299//5936
f 5394//5935 9299//5936 5396//5937
f 5396//5937 9299//5936 9300//5938
f 5396//5937 9300//5938 5398//5939
f 5398//5939 9300//5938 9279//5940
f 5398//5939 9279//5940 5400//5941
f 5400//5941 9279//5940 5504//5942
f 5400//5941 5504//5942 8741//5943
f 8741//5943 5504//5942 5506//5944
f 8741//5943 5506//5944 8742//5945
f 8742//5945 5506//5944 5508//5946
f 8742//5945 5508//5946 9165//5905
f 9165//5905 5508//5946 5510//5947
f 9165//5905 5510//5947 5444//5818
f 5444//5818 7333//5898 5512//5900
f 5444//5818 5512//5900 5443//5817
f 5443//5817 5512//5900 5514//5902
f 5443//5817 5514//5902 5442//5816
f 5442//5816 5514//5902 7319//5933
f 5442//5816 7319//5933 7568//5814
s 0
f 7567//5948 5326//5948 7777//5948
s 1
f 7565//5550 3152//2636 3155//2640
f 5515//5949 5516//5950 7600//5951
f 7537//5952 7538//5953 7804//5954
s 0
f 3583//5955 3582//5956 5521//5956
s 1
f 4892//4935 4893//4936 5522//5957
f 4857//4778 4856//4777 5523//5958
s 0
f 8138//4953 8110//4953 5524//4953
s 1
f 4900//4947 8175//4962 8176//5959
f 5297//5506 5296//5505 5526//5960
f 5305//5516 5304//5515 5527//5961
f 5320//5533 8527//5534 8320//5962
f 5320//5533 5529//5963 5318//5531
f 5318//5531 5529//5963 5530//5964
f 5318//5531 5530//5964 5316//5529
f 5316//5529 5530//5964 5315//5528
f 5315//5528 5530//5964 5531//5965
f 5315//5528 5531//5965 5313//5526
f 5313//5526 5531//5965 5532//5966
f 5313//5526 5532//5966 5311//5524
f 5311//5524 5532//5966 5309//5522
f 5309//5522 5532//5966 5533//5967
f 5309//5522 5533//5967 5310//5523
f 5295//5503 8384//5504 5534//5968
f 7817//5969 5292//5499 5291//5498
f 7817//5969 5291//5498 5303//5514
f 8284//5970 5536//5971 5537//5972
f 5536//5971 8284//5970 5538//5973
f 5538//5973 8284//5970 5539//5974
f 5538//5973 5539//5974 5540//5975
f 5540//5975 5539//5974 5541//5976
f 5541//5976 5539//5974 5542//5977
f 5541//5976 5542//5977 5543//5978
f 5543//5978 5542//5977 5544//5979
f 5544//5979 5542//5977 5545//5980
f 5544//5979 5545//5980 5546//5981
f 5547//5982 5548//5983 5545//5980
f 5545//5980 5548//5983 5549//5984
f 5545//5980 5549//5984 5546//5981
f 5550//5985 5551//5986 5547//5982
f 5547//5982 5551//5986 5552//5987
f 5547//5982 5552//5987 5548//5983
f 7849//5988 5554//5989 5550//5985
f 5550//5985 5554//5989 5555//5990
f 5550//5985 5555//5990 5551//5986
f 7855//5991 5557//5992 7849//5988
f 7849//5988 5557//5992 5558//5993
f 7849//5988 5558//5993 5554//5989
f 5559//5994 5560//5995 7967//5996
f 7967//5996 5560//5995 5562//5997
f 7967//5996 5562//5997 7855//5991
f 7855//5991 5562//5997 5563//5998
f 7855//5991 5563//5998 5557//5992
f 5559//5994 7967//5996 5564//5999
f 5564//5999 7967//5996 8854//6000
f 5564//5999 8854//6000 5566//6001
f 5566//6001 8854//6000 5567//6002
f 5567//6002 8854//6000 8820//6003
f 5567//6002 8820//6003 5569//6004
f 5570//6005 5571//6006 5572//6007
f 5573//6008 5574//6009 5575//6010
f 5576//6011 5577//6012 5578//6013
f 5578//6013 5577//6012 5579//6014
f 5580//6015 5581//6016 5525//6017
f 5525//6017 4905//4961 5580//6015
f 5580//6015 4905//4961 8227//4767
f 5580//6015 8227//4767 4845//4766
f 8139//4954 7806//6018 4896//4943
f 5582//6019 4897//4944 5583//6020
f 5583//6020 4897//4944 4896//4943
f 5583//6020 4896//4943 5584//6021
f 5585//6022 5113//5245 5586//6023
f 5586//6023 5113//5245 4848//4769
f 5586//6023 4848//4769 5582//6019
f 5582//6019 4848//4769 4847//4768
f 5582//6019 4847//4768 4897//4944
f 4854//4775 4853//4774 5587//6024
f 5587//6024 4853//4774 8587//5233
f 5587//6024 8587//5233 5588//6025
f 5588//6025 5102//5315 4851//4772
f 5588//6025 4851//4772 5585//6022
f 5585//6022 4851//4772 4850//4771
f 5585//6022 4850//4771 5113//5245
s 0
f 3602//6026 3606//6027 8198//6027
f 8198//6027 3606//6027 3605//6028
f 8196//6029 7759//6029 8072//6029
s 1
f 8073//4931 7758//3318 3604//3317
f 8073//4931 3604//3317 9290//3143
s 0
f 8875//6030 3594//6030 7663//6030
f 7660//6031 3598//6032 8785//6032
f 8785//6033 3598//6033 7672//6034
s 1
f 8784//6035 7673//6036 8197//6037
s 0
f 5589//6038 3600//6038 7886//6038
f 8198//6039 3603//6040 3602//6040
s 1
f 3587//3300 3590//3303 8236//6041
f 3590//3303 3589//3302 8236//6041
f 8236//6041 3589//3302 7750//3310
s 0
f 5592//6042 7751//6042 8876//6042
s 1
f 8875//6043 3597//6044 3596//6045
f 8875//6043 3596//6045 3594//6046
s 0
f 3582//6047 8426//6047 5521//6047
s 1
f 8211//6048 3580//6049 3579//6050
f 8211//6048 3579//6050 8234//6051
f 8236//6041 8552//3292 3585//3298
f 8236//6041 3585//3298 3587//3300
s 0
f 3583//6052 5521//6047 8362//6052
f 8361//6053 8210//6053 8213//6053
f 3584//6054 8216//6055 3577//6056
f 8431//6057 8215//6057 8623//6057
f 8432//6058 8395//6058 5593//6058
f 8216//6059 3324//6059 3575//6059
f 8216//6055 3575//6060 3577//6061
s 1
f 5595//6062 3572//3285 3570//3283
f 3570//3283 3568//3281 5595//6062
f 5595//6062 3568//3281 9235//3280
s 0
f 8625//6063 9236//6063 8622//6063
f 5594//6064 3567//6064 3574//6064
f 5594//6065 3574//6065 3325//6065
s 1
f 3572//3285 5595//6062 7587//3286
f 3573//6066 8626//6067 8590//6068
f 3573//6066 8590//6068 7269//6069
s 0
f 3561//6070 7282//6070 5597//6071
f 8594//6072 3559//6072 7875//6072
f 8592//6073 7874//6073 8589//6073
f 5596//6074 3558//6075 3564//6074
f 5596//6076 3564//6076 3566//6077
f 8593//6078 8606//6078 7845//6078
f 3556//6079 7934//6079 8595//6079
f 5597//6070 3563//6080 3562//6081
f 5597//6070 3562//6082 3561//6070
f 7384//6083 8607//6083 8646//6083
f 3552//6084 7386//6084 8608//6084
f 5598//6085 3553//6086 3554//6085
f 5598//6087 3554//6087 7846//6087
s 1
f 7391//2821 4109//6088 8645//6089
f 7465//6090 3546//3259 5600//6091
f 5600//6091 3546//3259 3545//3258
f 7391//2821 8645//6089 3327//2819
s 0
f 4109//6092 3548//6093 8645//6094
s 1
f 5599//6095 7935//3261 3550//3263
f 5599//6095 3550//3263 7383//3265
f 3176//2664 3331//2823 8526//5536
f 8526//5536 3331//2823 7964//2822
s 0
f 5321//6096 7965//6096 5528//6096
f 8321//6097 3330//6098 3536//6097
f 8321//6099 3536//6099 9231//6100
f 9231//6100 8732//6101 8321//6102
f 8322//6103 3544//6103 7578//6103
s 1
f 8320//5962 7577//6104 7580//6105
s 0
f 7581//6106 3543//6107 9285//6106
f 7581//6108 9285//6108 7644//6109
s 1
f 5517//6110 5516//5950 5602//6111
f 8112//4948 4900//4947 7805//6112
f 7805//6112 4900//4947 8176//5959
f 7805//6112 8176//5959 5520//6113
f 8307//6114 8417//6115 9082//6116
f 5573//6008 5578//6013 5579//6014
f 5573//6008 5579//6014 5574//6009
f 8334//6117 5603//6118 8778//6119
f 5604//6120 8307//6114 9082//6116
f 5604//6120 9082//6116 8821//6121
f 5570//6005 5573//6008 5575//6010
f 5570//6005 5575//6010 5571//6006
f 5581//6016 5576//6011 5525//6017
f 5525//6017 5576//6011 5578//6013
f 8176//5959 8417//6115 5520//6113
f 5520//6113 8417//6115 8307//6114
f 7804//5954 5603//6118 7537//5952
f 7537//5952 5603//6118 8334//6117
f 5518//6122 5602//6111 5605//6123
f 5605//6123 5602//6111 5516//5950
f 5606//6124 8462//6125 5608//6126
f 5608//6126 8462//6125 8447//6127
f 5608//6126 8447//6127 5610//6128
f 5610//6128 8447//6127 8428//6128
f 5610//6128 8428//6128 5612//6129
f 5612//6129 8428//6128 8429//6129
f 5612//6129 8429//6129 5614//6130
f 5614//6130 8429//6129 8484//6131
f 5614//6130 8484//6131 5616//6132
f 5616//6132 8484//6131 5617//6133
f 5616//6132 5617//6133 5618//6134
f 5618//6134 5617//6133 5619//6135
f 5618//6134 5619//6135 5620//6136
f 5620//6136 5619//6135 5621//6137
f 5620//6136 5621//6137 5622//6138
f 5622//6138 5621//6137 8363//6139
f 5622//6138 8363//6139 5624//6140
f 7884//5512 5301//5510 7816//6141
f 7816//6141 5301//5510 5625//6142
f 7816//6141 5625//6142 5626//6143
f 5626//6143 5625//6142 5624//6140
f 5626//6143 5624//6140 5627//6144
f 5627//6144 5624//6140 5623//6145
f 5627//6144 5623//6145 5628//6146
f 5628//6146 5623//6145 8507//6147
f 5628//6146 8507//6147 5629//6148
f 5629//6148 8507//6147 8506//6149
f 5629//6148 8506//6149 5630//6150
f 5630//6150 8506//6149 8696//6151
f 5630//6150 8696//6151 8310//6152
f 8310//6152 8696//6151 5615//6153
f 8310//6152 5615//6153 8311//6154
f 8311//6154 5615//6153 5613//6154
f 8311//6154 5613//6154 8295//6155
f 8295//6155 5613//6154 5611//6155
f 8295//6155 5611//6155 8290//6156
f 8290//6156 5611//6155 5609//6157
f 8290//6156 5609//6157 8291//6158
f 8291//6158 5609//6157 5607//6159
f 5293//5501 5294//5502 5537//5972
f 5537//5972 5294//5502 5295//5503
f 5537//5972 5295//5503 8284//5970
f 5535//6160 5295//5503 5534//5968
f 5535//6160 5534//5968 8285//6161
f 8285//6161 5534//5968 7818//6162
f 8285//6161 7818//6162 8315//6163
f 8315//6163 7818//6162 8335//6164
f 8315//6163 8335//6164 7923//6165
f 7923//6165 8335//6164 8347//6166
f 7923//6165 8347//6166 7924//6167
f 7924//6167 8347//6166 8348//6168
f 7924//6167 8348//6168 7848//6169
f 7848//6169 8348//6168 8368//6170
f 7848//6169 8368//6170 5553//6171
f 5553//6171 8368//6170 5631//6172
f 5553//6171 5631//6172 5556//6173
f 5556//6173 5631//6172 5632//6173
f 5556//6173 5632//6173 5561//6174
f 5561//6174 5632//6173 5633//6174
f 5561//6174 5633//6174 5565//6175
f 5565//6175 5633//6174 5634//6175
f 5565//6175 5634//6175 5568//6176
f 5568//6176 5634//6175 5635//6177
f 3545//3258 3327//2819 8557//6178
f 8557//6178 3327//2819 8645//6089
f 8555//6179 8644//6180 5636//6181
f 5636//6181 8644//6180 5637//6182
s 0
f 3541//6183 7464//6183 5601//6183
f 7582//6184 3547//6184 8556//6184
s 1
f 7580//6105 8555//6179 5638//6185
f 5638//6185 8555//6179 5636//6181
f 5638//6185 5636//6181 5639//6186
f 5639//6186 5636//6181 5637//6182
f 5639//6186 5637//6182 5640//6187
f 5299//5508 5297//5506 5641//6188
f 5641//6188 5297//5506 5526//5960
f 5641//6188 5526//5960 5642//6189
f 5642//6189 5526//5960 5643//6190
f 5642//6189 5643//6190 5644//6191
f 5644//6191 5643//6190 5645//6192
f 5644//6191 5645//6192 5646//6193
f 5646//6193 5645//6192 5647//6194
f 5646//6193 5647//6194 5648//6195
f 5320//5533 8320//5962 5529//5963
f 5529//5963 8320//5962 7580//6105
f 5529//5963 7580//6105 5530//5964
f 5530//5964 7580//6105 5638//6185
f 5530//5964 5638//6185 5531//5965
f 5531//5965 5638//6185 5639//6186
f 5531//5965 5639//6186 5532//5966
f 5532//5966 5639//6186 5640//6187
f 5532//5966 5640//6187 5533//5967
f 5307//5520 7858//5519 5649//6196
f 5649//6196 7858//5519 8286//6197
f 5649//6196 8286//6197 5650//6198
f 5650//6198 8286//6197 5651//6199
f 5650//6198 5651//6199 5652//6200
f 5652//6200 5651//6199 5653//6201
f 5652//6200 5653//6201 5654//6202
f 5654//6202 5653//6201 5655//6203
f 5654//6202 5655//6203 5656//6204
f 5519//6205 5518//6122 5657//6206
f 5657//6206 5518//6122 5605//6123
f 5657//6206 5605//6123 5658//6207
f 5658//6207 5605//6123 5516//5950
f 5658//6207 5516//5950 5659//6208
f 5659//6208 5516//5950 5515//5949
f 5659//6208 5515//5949 5660//6209
f 4896//4943 7806//6018 5584//6021
f 5584//6021 7806//6018 7804//5954
f 5584//6021 7804//5954 5583//6020
f 5583//6020 7804//5954 7538//5953
f 5583//6020 5519//6205 5582//6019
f 5582//6019 5519//6205 5657//6206
f 5582//6019 5657//6206 5586//6023
f 5586//6023 5657//6206 5658//6207
f 5586//6023 5658//6207 5585//6022
f 5585//6022 5658//6207 5659//6208
f 5585//6022 5659//6208 5588//6025
f 5588//6025 5659//6208 5660//6209
f 5588//6025 5660//6209 5587//6024
f 4894//4937 4857//4778 5661//6210
f 5661//6210 4857//4778 5523//5958
f 5661//6210 5523//5958 5662//6211
f 5662//6211 5523//5958 5663//6212
f 5662//6211 5663//6212 5664//6213
f 5664//6213 5663//6212 5665//6214
f 5664//6213 5665//6214 5666//6215
f 5666//6215 5665//6214 5667//6216
f 5666//6215 5667//6216 7926//6217
f 5296//5505 8817//5838 5526//5960
f 5526//5960 8817//5838 5649//6196
f 5526//5960 5649//6196 5643//6190
f 5643//6190 5649//6196 5650//6198
f 5643//6190 5650//6198 5645//6192
f 5645//6192 5650//6198 5652//6200
f 5645//6192 5652//6200 5647//6194
f 5647//6194 5652//6200 5654//6202
f 5647//6194 5654//6202 5648//6195
f 5648//6195 5654//6202 5656//6204
f 5648//6195 5656//6204 5668//6218
f 5668//6218 5656//6204 5669//6219
f 5668//6218 5669//6219 5670//6220
f 5670//6220 5669//6219 5671//6221
f 5670//6220 5671//6221 5672//6222
f 5672//6222 5671//6221 5673//6222
f 5672//6222 5673//6222 5674//6223
f 5674//6223 5673//6222 5675//6224
f 5674//6223 5675//6224 5676//6225
f 5676//6225 5675//6224 5677//6226
f 5676//6225 5677//6226 5678//6227
f 5678//6227 5677//6226 5679//6228
f 5678//6227 5679//6228 5680//6229
f 5680//6229 5679//6228 5681//6230
f 5680//6229 5681//6230 5682//6231
f 5682//6231 5681//6230 5683//6232
f 5682//6231 5683//6232 5684//6233
f 5684//6233 5683//6232 8784//6035
f 5684//6233 8784//6035 5522//5957
f 5522//5957 8784//6035 8197//6037
f 5522//5957 8197//6037 4892//4935
f 4892//4935 8197//6037 4891//4933
f 4856//4777 4854//4775 5523//5958
f 5523//5958 4854//4775 5587//6024
f 5523//5958 5587//6024 5663//6212
f 5663//6212 5587//6024 5660//6209
f 5663//6212 5660//6209 5665//6214
f 5665//6214 5660//6209 5515//5949
f 5665//6214 5515//5949 5667//6216
f 5667//6216 5515//5949 7600//5951
f 5667//6216 7600//5951 7926//6217
f 5606//6124 5517//6110 5602//6111
f 5606//6124 5602//6111 8462//6125
f 5607//6159 8334//6117 8778//6119
f 5607//6159 8778//6119 8291//6158
f 5635//6177 5604//6120 8821//6121
f 5635//6177 8821//6121 5568//6176
f 8820//6003 5570//6005 5572//6007
f 8820//6003 5572//6007 5569//6004
f 7871//5827 5310//5523 8286//6197
f 8286//6197 5310//5523 5533//5967
f 8286//6197 5533//5967 5651//6199
f 5651//6199 5533//5967 5640//6187
f 5651//6199 5640//6187 5653//6201
f 5653//6201 5640//6187 5637//6182
f 5653//6201 5637//6182 5655//6203
f 5655//6203 5637//6182 8644//6180
f 5655//6203 8644//6180 5656//6204
f 5656//6204 8644//6180 8605//6234
f 5656//6204 8605//6234 9148//6235
f 9148//6235 8605//6234 8591//6236
f 9148//6235 8591//6236 8959//6237
f 8959//6237 8591//6236 8588//6238
f 8959//6237 8588//6238 8960//6239
f 8960//6239 8588//6238 8624//6239
f 8960//6239 8624//6239 8974//6240
f 8974//6240 8624//6239 8621//6241
f 8974//6240 8621//6241 9006//6242
f 9006//6242 8621//6241 8214//6243
f 9006//6242 8214//6243 5679//6228
f 5679//6228 8214//6243 8212//6244
f 5679//6228 8212//6244 5681//6230
f 5681//6230 8212//6244 8235//6245
f 5681//6230 8235//6245 5683//6232
f 5683//6232 8235//6245 8874//6246
f 5683//6232 8874//6246 8784//6035
s 0
f 8786//6247 5590//6247 7662//6247
f 5591//6248 3592//6248 3591//6248
s 1
f 5301//5510 5299//5508 5625//6142
f 5625//6142 5299//5508 5641//6188
f 5625//6142 5641//6188 5624//6140
f 5624//6140 5641//6188 5642//6189
f 5624//6140 5642//6189 5622//6138
f 5622//6138 5642//6189 5644//6191
f 5622//6138 5644//6191 5620//6136
f 5620//6136 5644//6191 5646//6193
f 5620//6136 5646//6193 8689//6249
f 8689//6249 5646//6193 5648//6195
f 8689//6249 5648//6195 8474//6250
f 8474//6250 5648//6195 8824//6251
f 8474//6250 8824//6251 8450//6252
f 8450//6252 8824//6251 8969//6253
f 8450//6252 8969//6253 8439//6254
f 8439//6254 8969//6253 8970//6255
f 8439//6254 8970//6255 8438//6256
f 8438//6256 8970//6255 9016//6257
f 8438//6256 9016//6257 8493//6258
f 8493//6258 9016//6257 9040//6259
f 8493//6258 9040//6259 7926//6217
f 7926//6217 9040//6259 9041//6260
f 7926//6217 9041//6260 5666//6215
f 5666//6215 5678//6227 5680//6229
f 5666//6215 5680//6229 5664//6213
f 5664//6213 5680//6229 5682//6231
f 5664//6213 5682//6231 5662//6211
f 5662//6211 5682//6231 5684//6233
f 5662//6211 5684//6233 5661//6210
f 5661//6210 5684//6233 5522//5957
f 5661//6210 5522//5957 4894//4937
f 4894//4937 5522//5957 4893//4936
s 0
f 5563//6261 5562//6261 5685//6261
f 5685//6261 5562//6261 5686//6261
f 5574//6262 5687//6262 5575//6262
f 5575//6263 5687//6263 5688//6263
f 5575//6262 5688//6262 5571//6262
f 5689//6264 5690//6264 5579//6264
f 5579//6265 5690//6265 5691//6265
f 5579//6266 5691//6266 5574//6266
f 5574//6262 5691//6262 5692//6262
f 5574//6262 5692//6262 5687//6262
f 5693//6267 5694//6267 5194//6267
f 5694//6268 5695//6268 5194//6268
f 5194//6262 5695//6262 5696//6262
f 5194//6269 5696//6269 5193//6269
f 5558//6266 5557//6266 5697//6266
f 5194//6261 5195//6261 5693//6261
f 5693//6270 5195//6270 5197//6270
f 5693//6271 5197//6271 5698//6271
f 5698//6267 5197//6267 5198//6267
f 5698//6272 5198//6272 5699//6272
f 5699//6273 5198//6273 5700//6273
f 5193//6261 5696//6261 5191//6261
f 5191//6261 5696//6261 5701//6261
f 5191//6266 5701//6266 5189//6266
f 5189//6274 5701//6274 5702//6274
f 5189//6271 5702//6271 5188//6271
f 5188//6263 5702//6263 5703//6263
f 5188//6275 5703//6275 4842//6275
f 4842//6276 5703//6276 5704//6276
f 4842//6277 5704//6277 4843//6277
f 5198//6261 5200//6261 5700//6261
f 5700//6278 5200//6278 5203//6278
f 5700//6262 5203//6262 5705//6262
f 5705//6262 5203//6262 5202//6262
f 5705//6263 5202//6263 5706//6263
f 5706//6263 5202//6263 5206//6263
f 5706//6263 5206//6263 5707//6263
f 5707//6263 5206//6263 5205//6263
f 5707//6262 5205//6262 5708//6262
f 5708//6266 5205//6266 5211//6266
f 5708//6266 5211//6266 5709//6266
f 5709//6279 5211//6279 5210//6279
f 5709//6262 5210//6262 5710//6262
f 5711//6280 5712//6280 5544//6280
f 5713//6273 5714//6273 4909//6273
f 5544//6280 5712//6280 5543//6280
f 5543//6266 5712//6266 5715//6266
f 5543//6266 5715//6266 5541//6266
f 5541//6280 5715//6280 5716//6280
f 5541//6261 5716//6261 5540//6261
f 5540//6261 5716//6261 5717//6261
f 5540//6271 5717//6271 5538//6271
f 5538//6281 5717//6281 5718//6281
f 5538//6278 5718//6278 5536//6278
f 5536//6271 5718//6271 5719//6271
f 5536//6261 5719//6261 5537//6261
f 5537//6261 5719//6261 5720//6261
f 5537//6262 5720//6262 5293//6262
f 5293//6282 5720//6282 5721//6282
f 5293//6283 5721//6283 5185//6283
f 5563//6261 5685//6261 5557//6261
f 5557//6262 5685//6262 5722//6262
f 5557//6266 5722//6266 5697//6266
f 5571//6262 5688//6262 5572//6262
f 5572//6267 5688//6267 5723//6267
f 5572//6272 5723//6272 5569//6272
f 5569//6266 5723//6266 5724//6266
f 5569//6262 5724//6262 5567//6262
f 5567//6284 5724//6284 5725//6284
f 5567//6266 5725//6266 5566//6266
f 5566//6262 5725//6262 5726//6262
f 5566//6266 5726//6266 5564//6266
f 5710//6266 5210//6266 5727//6266
f 5727//6273 5210//6273 5208//6273
f 5727//6273 5208//6273 5207//6273
f 5544//6266 5546//6266 5711//6266
f 5711//6285 5546//6285 5549//6285
f 5711//6266 5549//6266 5728//6266
f 5728//6261 5549//6261 5548//6261
f 5562//6262 5560//6262 5686//6262
f 5686//6286 5560//6286 5559//6286
f 5686//6262 5559//6262 5729//6262
f 5729//6262 5559//6262 5564//6262
f 5729//6287 5564//6287 5730//6287
f 5730//6266 5564//6266 5726//6266
f 4991//6280 4993//6280 5731//6280
f 5731//6280 4993//6280 4994//6280
f 5731//6280 4994//6280 5732//6280
f 5732//6283 4994//6283 4996//6283
f 5732//6288 4996//6288 5733//6288
f 5733//6289 4996//6289 4999//6289
f 5733//6290 4999//6290 5734//6290
f 5734//6290 4999//6290 4998//6290
f 5734//6262 4998//6262 5735//6262
f 5735//6266 4998//6266 5004//6266
f 5735//6291 5004//6291 5736//6291
f 5736//6279 5004//6279 5003//6279
f 5736//6278 5003//6278 5737//6278
f 5737//6278 5003//6278 5738//6278
f 5003//6271 5001//6271 5738//6271
f 5738//6292 5001//6292 5000//6292
f 5738//6293 5000//6293 5739//6293
f 5739//6266 5000//6266 5005//6266
f 5739//6263 5005//6263 5740//6263
f 5740//6290 5005//6290 5007//6290
f 5740//6270 5007//6270 5741//6270
f 5741//6278 5007//6278 4843//6278
f 5741//6294 4843//6294 5742//6294
f 5742//6295 4843//6295 5704//6295
f 5219//6285 5743//6285 5220//6285
f 5220//6290 5743//6290 5744//6290
f 5220//6296 5744//6296 5217//6296
f 5217//6273 5744//6273 5745//6273
f 5217//6262 5745//6262 5215//6262
f 5215//6283 5745//6283 5746//6283
f 5215//6297 5746//6297 5214//6297
f 5214//6270 5746//6270 5747//6270
f 5214//6262 5747//6262 5212//6262
f 5212//6266 5747//6266 5207//6266
f 5207//6273 5747//6273 5748//6273
f 5207//6263 5748//6263 5727//6263
f 5558//6262 5697//6262 5554//6262
f 5554//6262 5697//6262 5749//6262
f 5554//6290 5749//6290 5555//6290
f 5555//6280 5749//6280 5750//6280
f 5555//6280 5750//6280 5551//6280
f 5551//6298 5750//6298 5751//6298
f 5551//6262 5751//6262 5552//6262
f 5552//6262 5751//6262 5752//6262
f 5552//6281 5752//6281 5548//6281
f 5548//6266 5752//6266 5753//6266
f 5548//6273 5753//6273 5728//6273
f 5754//6266 5755//6266 5227//6266
f 5227//6262 5755//6262 5756//6262
f 5227//6270 5756//6270 5228//6270
f 5228//6266 5756//6266 5757//6266
f 5228//6275 5757//6275 5222//6275
f 5222//6275 5757//6275 5758//6275
f 5222//6266 5758//6266 5223//6266
f 5223//6299 5758//6299 5759//6299
f 5223//6270 5759//6270 5219//6270
f 5219//6262 5759//6262 5760//6262
f 5219//6300 5760//6300 5743//6300
f 5579//6301 5577//6301 5689//6301
f 5689//6301 5577//6301 5576//6301
f 5689//6270 5576//6270 5761//6270
f 5761//6285 5576//6285 5581//6285
f 5761//6302 5581//6302 5762//6302
f 5762//6263 5581//6263 5580//6263
f 5762//6303 5580//6303 5763//6303
f 5763//6304 5580//6304 4845//6304
f 4909//6305 5714//6305 4910//6305
f 4910//6306 5714//6306 5764//6306
f 4910//6275 5764//6275 4912//6275
f 4912//6307 5764//6307 5765//6307
f 4912//6308 5765//6308 4907//6308
f 4907//6262 5765//6262 5766//6262
f 4907//6263 5766//6263 4908//6263
f 4908//6309 5766//6309 5767//6309
f 4908//6285 5767//6285 4903//6285
f 4903//6273 5767//6273 5768//6273
f 4903//6273 5768//6273 4844//6273
f 4844//6301 5768//6301 5769//6301
f 4844//6286 5769//6286 4845//6286
f 4845//6263 5769//6263 5770//6263
f 4845//6263 5770//6263 5763//6263
f 5289//6275 5287//6275 5771//6275
f 5771//6282 5287//6282 5286//6282
f 5771//6282 5286//6282 5772//6282
f 5772//6282 5286//6282 5186//6282
f 5772//6263 5186//6263 5773//6263
f 5773//6271 5186//6271 5185//6271
f 5773//6276 5185//6276 5774//6276
f 5774//6310 5185//6310 5721//6310
f 5227//6266 5225//6266 5754//6266
f 5754//6290 5225//6290 5224//6290
f 5754//6262 5224//6262 5775//6262
f 5775//6262 5224//6262 5229//6262
f 5775//6270 5229//6270 5776//6270
f 5776//6261 5229//6261 5777//6261
f 5283//6270 5285//6270 5778//6270
f 5778//6311 5285//6311 5290//6311
f 5778//6266 5290//6266 5779//6266
f 5779//6302 5290//6302 5289//6302
f 5779//6306 5289//6306 5780//6306
f 5780//6280 5289//6280 5771//6280
f 5778//6270 5781//6270 5283//6270
f 5283//6263 5781//6263 5782//6263
f 5283//6266 5782//6266 5282//6266
f 5282//6266 5782//6266 5783//6266
f 5282//6271 5783//6271 5280//6271
f 5229//6271 5231//6271 5777//6271
f 5777//6263 5231//6263 5232//6263
f 5777//6263 5232//6263 5784//6263
f 5784//6263 5232//6263 5785//6263
f 5278//6271 5276//6271 5786//6271
f 5786//6312 5276//6312 5275//6312
f 5731//6261 5787//6261 4991//6261
f 4991//6261 5787//6261 5788//6261
f 4991//6266 5788//6266 4986//6266
f 4986//6282 5788//6282 5789//6282
f 4986//6313 5789//6313 4987//6313
f 4987//6275 5789//6275 5790//6275
f 4987//6270 5790//6270 4989//6270
f 4989//6314 5790//6314 5791//6314
f 4989//6266 5791//6266 4990//6266
f 4990//6266 5791//6266 5792//6266
f 4990//6266 5792//6266 4984//6266
f 4984//6271 5792//6271 5793//6271
f 4984//6280 5793//6280 4985//6280
f 4985//6315 5793//6315 5794//6315
f 4985//6271 5794//6271 4981//6271
f 4981//6271 5794//6271 5795//6271
f 4981//6280 5795//6280 4982//6280
f 4982//6266 5795//6266 5796//6266
f 4982//6263 5796//6263 4979//6263
f 4979//6316 5796//6316 5797//6316
f 4979//6266 5797//6266 4977//6266
f 4977//6280 5797//6280 5798//6280
f 4977//6316 5798//6316 4976//6316
f 4976//6262 5798//6262 5799//6262
f 4976//6275 5799//6275 4974//6275
f 4974//6266 5799//6266 5800//6266
f 4974//6266 5800//6266 4969//6266
f 4969//6306 5800//6306 5801//6306
f 4969//6317 5801//6317 4970//6317
f 4970//6266 5801//6266 5802//6266
f 4970//6266 5802//6266 4972//6266
f 4972//6275 5802//6275 5803//6275
f 4972//6306 5803//6306 4973//6306
f 4973//6270 5803//6270 5804//6270
f 4973//6270 5804//6270 4967//6270
f 5232//6266 5234//6266 5785//6266
f 5785//6318 5234//6318 5237//6318
f 5785//6263 5237//6263 5805//6263
f 5805//6271 5237//6271 5236//6271
f 5805//6299 5236//6299 5806//6299
f 5713//6263 4909//6263 5807//6263
f 5807//6263 4909//6263 4915//6263
f 5807//6263 4915//6263 5808//6263
f 5808//6285 4915//6285 4914//6285
f 5808//6275 4914//6275 5809//6275
f 5809//6319 4914//6319 4918//6319
f 5809//6264 4918//6264 5810//6264
f 5810//6263 4918//6263 4917//6263
f 5810//6263 4917//6263 5811//6263
f 5811//6266 4917//6266 4922//6266
f 5811//6273 4922//6273 5812//6273
f 5812//6275 4922//6275 4920//6275
f 5812//6279 4920//6279 5813//6279
f 5813//6281 4920//6281 4919//6281
f 5813//6285 4919//6285 5814//6285
f 5814//6320 4919//6320 4923//6320
f 5814//6320 4923//6320 5815//6320
f 5815//6266 4923//6266 4925//6266
f 5815//6270 4925//6270 5816//6270
f 5816//6278 4925//6278 4926//6278
f 5816//6262 4926//6262 5817//6262
f 5817//6275 4926//6275 4928//6275
f 5817//6321 4928//6321 4931//6321
f 4962//6280 4963//6280 5818//6280
f 5280//6266 5783//6266 5275//6266
f 5275//6266 5783//6266 5819//6266
f 5275//6296 5819//6296 5786//6296
f 5804//6263 5820//6263 4967//6263
f 4967//6283 5820//6283 5821//6283
f 4967//6262 5821//6262 4968//6262
f 4968//6262 5821//6262 5822//6262
f 4968//6280 5822//6280 4965//6280
f 4965//6266 5822//6266 4963//6266
f 4963//6271 5822//6271 5823//6271
f 4963//6264 5823//6264 5818//6264
f 5806//6290 5236//6290 5824//6290
f 5824//6270 5236//6270 5240//6270
f 5824//6275 5240//6275 5825//6275
f 5825//6316 5240//6316 5239//6316
f 5825//6271 5239//6271 5826//6271
f 5826//6271 5239//6271 5245//6271
f 5826//6263 5245//6263 5827//6263
f 5827//6266 5245//6266 5244//6266
f 5827//6266 5244//6266 5828//6266
f 5828//6262 5244//6262 5242//6262
f 5828//6322 5242//6322 5241//6322
f 5786//6318 5829//6318 5278//6318
f 5278//6290 5829//6290 5830//6290
f 5278//6323 5830//6323 5279//6323
f 5279//6282 5830//6282 5831//6282
f 5279//6282 5831//6282 5273//6282
f 5273//6302 5831//6302 5832//6302
f 5273//6313 5832//6313 5274//6313
f 5274//6266 5832//6266 5833//6266
f 5274//6262 5833//6262 5271//6262
f 5271//6324 5833//6324 5834//6324
f 5271//6271 5834//6271 5269//6271
f 5269//6299 5834//6299 5835//6299
f 5269//6266 5835//6266 5268//6266
f 5268//6266 5835//6266 5266//6266
f 4962//6306 5818//6306 4960//6306
f 4960//6266 5818//6266 5836//6266
f 4960//6266 5836//6266 4959//6266
f 4959//6271 5836//6271 5837//6271
f 4959//6271 5837//6271 4957//6271
f 4957//6325 5837//6325 5838//6325
f 4957//6313 5838//6313 4952//6313
f 5258//6270 5263//6270 5839//6270
f 5839//6315 5263//6315 5265//6315
f 5839//6279 5265//6279 5840//6279
f 5840//6326 5265//6326 5266//6326
f 5840//6327 5266//6327 5841//6327
f 5841//6271 5266//6271 5835//6271
f 4948//6316 4947//6316 5842//6316
f 5842//6306 4947//6306 4951//6306
f 5842//6306 4951//6306 5843//6306
f 5843//6306 4951//6306 4950//6306
f 5843//6328 4950//6328 5844//6328
f 5844//6262 4950//6262 5845//6262
f 5842//6329 5846//6329 4948//6329
f 4948//6330 5846//6330 5847//6330
f 4948//6331 5847//6331 4945//6331
f 4945//6271 5847//6271 5848//6271
f 4945//6266 5848//6266 4943//6266
f 4943//6266 5848//6266 5849//6266
f 4943//6270 5849//6270 4942//6270
f 4942//6332 5849//6332 5850//6332
f 4942//6263 5850//6263 4940//6263
f 4940//6266 5850//6266 5851//6266
f 4940//6266 5851//6266 4935//6266
f 4935//6266 5851//6266 5852//6266
f 4935//6281 5852//6281 4936//6281
f 4936//6281 5852//6281 5853//6281
f 4936//6263 5853//6263 4938//6263
f 4938//6266 5853//6266 5854//6266
f 4938//6262 5854//6262 4939//6262
f 4939//6315 5854//6315 5855//6315
f 4939//6275 5855//6275 4933//6275
f 4933//6333 5855//6333 5856//6333
f 4933//6265 5856//6265 4934//6265
f 4934//6304 5856//6304 5857//6304
f 4934//6275 5857//6275 4930//6275
f 4930//6262 5857//6262 5858//6262
f 4930//6262 5858//6262 4931//6262
f 4931//6264 5858//6264 5859//6264
f 4931//6285 5859//6285 5817//6285
f 4950//6334 4956//6334 5845//6334
f 5845//6275 4956//6275 4955//6275
f 5845//6275 4955//6275 5860//6275
f 5860//6306 4955//6306 4953//6306
f 5860//6335 4953//6335 5861//6335
f 5861//6336 4953//6336 4952//6336
f 5861//6266 4952//6266 5862//6266
f 5862//6275 4952//6275 5838//6275
f 5839//6306 5863//6306 5258//6306
f 5258//6304 5863//6304 5864//6304
f 5258//6337 5864//6337 5259//6337
f 5259//6334 5864//6334 5865//6334
f 5259//6266 5865//6266 5261//6266
f 5261//6271 5865//6271 5866//6271
f 5261//6278 5866//6278 5262//6278
f 5262//6301 5866//6301 5867//6301
f 5262//6263 5867//6263 5256//6263
f 5256//6266 5867//6266 5868//6266
f 5256//6299 5868//6299 5257//6299
f 5257//6315 5868//6315 5869//6315
f 5257//6297 5869//6297 5254//6297
f 5254//6332 5869//6332 5870//6332
f 5254//6316 5870//6316 5252//6316
f 5252//6315 5870//6315 5871//6315
f 5252//6338 5871//6338 5251//6338
f 5251//6266 5871//6266 5872//6266
f 5251//6279 5872//6279 5249//6279
f 5249//6286 5872//6286 5873//6286
f 5249//6266 5873//6266 5248//6266
f 5248//6329 5873//6329 5874//6329
f 5248//6339 5874//6339 5246//6339
f 5246//6263 5874//6263 5875//6263
f 5246//6316 5875//6316 5241//6316
f 5241//6288 5875//6288 5876//6288
f 5241//6288 5876//6288 5828//6288
s 1
f 5877//6340 5878//6341 5879//6342
f 7814//6343 7552//6344 5882//6345
f 7712//6346 7709//6347 5885//6348
f 8937//6349 5887//6350 5888//6351
f 5688//6352 5687//6353 5889//6354
f 5691//6355 5690//6356 7850//6357
f 5761//6358 5762//6359 8330//6360
f 5770//6361 5769//6362 5892//6363
f 5807//6364 5808//6365 8274//6366
f 5810//6367 5811//6368 5894//6369
f 5813//6370 5814//6371 5895//6372
f 5816//6373 5817//6374 5896//6375
f 5858//6376 5857//6377 5897//6378
f 5855//6379 5854//6380 5898//6381
f 5852//6382 5851//6383 5899//6384
f 5849//6385 5848//6386 5900//6387
f 5901//6388 5902//6389 5903//6390
f 7727//6391 5905//6392 5906//6393
f 5907//6394 5908//6395 5909//6396
f 5910//6397 5911//6398 5912//6399
f 5913//6400 5914//6401 5915//6402
f 5916//6403 5917//6404 5918//6405
f 9034//6406 8922//6407 5921//6408
f 5922//6409 9027//6410 5924//6411
f 5925//6412 5926//6413 5927//6414
f 5928//6415 5929//6416 5930//6417
f 5931//6418 5932//6419 5933//6420
f 5934//6421 5935//6422 5936//6423
f 5937//6424 5938//6425 5939//6426
f 5940//6427 5941//6428 5942//6429
f 5943//6430 5944//6431 5945//6432
f 5946//6433 5947//6434 5948//6435
f 5949//6436 5950//6437 5951//6438
f 5952//6439 5953//6440 5954//6441
f 5955//6442 5956//6443 5957//6444
f 5958//6445 5955//6442 5959//6446
f 5956//6443 5949//6436 5960//6447
f 5950//6437 5952//6439 5961//6448
f 5953//6440 5946//6433 5962//6449
f 5958//6445 5959//6446 5963//6450
f 5963//6450 5959//6446 5964//6451
f 5963//6450 5964//6451 5965//6452
f 5947//6434 5943//6430 5966//6453
f 5944//6431 5937//6424 5967//6454
f 5938//6425 5940//6427 5968//6455
f 5941//6428 5934//6421 5969//6456
f 5970//6457 5741//6458 5742//6459
f 5965//6452 5964//6451 5971//6460
f 5971//6460 5964//6451 5970//6457
f 5971//6460 5970//6457 5972//6461
f 5972//6461 5970//6457 5742//6459
f 5972//6461 5742//6459 5704//6462
f 5973//6463 5738//6464 5739//6465
f 5956//6443 5960//6447 5957//6444
f 5957//6444 5960//6447 5974//6466
f 5957//6444 5974//6466 5975//6467
f 5975//6467 5974//6466 5973//6463
f 5975//6467 5973//6463 5976//6468
f 5976//6468 5973//6463 5739//6465
f 5976//6468 5739//6465 5740//6469
f 5955//6442 5957//6444 5959//6446
f 5959//6446 5957//6444 5975//6467
f 5959//6446 5975//6467 5964//6451
f 5964//6451 5975//6467 5976//6468
f 5964//6451 5976//6468 5970//6457
f 5970//6457 5976//6468 5740//6469
f 5970//6457 5740//6469 5741//6458
f 5977//6470 5735//6471 5736//6472
f 5950//6437 5961//6448 5951//6438
f 5951//6438 5961//6448 5978//6473
f 5951//6438 5978//6473 5979//6474
f 5979//6474 5978//6473 5977//6470
f 5979//6474 5977//6470 5980//6475
f 5980//6475 5977//6470 5736//6472
f 5980//6475 5736//6472 5737//6476
f 5981//6477 5732//6478 5733//6479
f 5953//6440 5962//6449 5954//6441
f 5954//6441 5962//6449 5982//6480
f 5954//6441 5982//6480 5983//6481
f 5983//6481 5982//6480 5981//6477
f 5983//6481 5981//6477 5984//6482
f 5984//6482 5981//6477 5733//6479
f 5984//6482 5733//6479 5734//6483
f 5952//6439 5954//6441 5961//6448
f 5961//6448 5954//6441 5983//6481
f 5961//6448 5983//6481 5978//6473
f 5978//6473 5983//6481 5984//6482
f 5978//6473 5984//6482 5977//6470
f 5977//6470 5984//6482 5734//6483
f 5977//6470 5734//6483 5735//6471
f 5949//6436 5951//6438 5960//6447
f 5960//6447 5951//6438 5979//6474
f 5960//6447 5979//6474 5974//6466
f 5974//6466 5979//6474 5980//6475
f 5974//6466 5980//6475 5973//6463
f 5973//6463 5980//6475 5737//6476
f 5973//6463 5737//6476 5738//6464
f 5985//6484 5788//6485 5787//6486
f 5947//6434 5966//6453 5948//6435
f 5948//6435 5966//6453 5986//6487
f 5948//6435 5986//6487 5987//6488
f 5987//6488 5986//6487 5985//6484
f 5987//6488 5985//6484 5988//6489
f 5988//6489 5985//6484 5787//6486
f 5988//6489 5787//6486 5731//6490
f 5989//6491 5791//6492 5790//6493
f 5944//6431 5967//6454 5945//6432
f 5945//6432 5967//6454 5990//6494
f 5945//6432 5990//6494 5991//6495
f 5991//6495 5990//6494 5989//6491
f 5991//6495 5989//6491 5992//6496
f 5992//6496 5989//6491 5790//6493
f 5992//6496 5790//6493 5789//6497
f 5943//6430 5945//6432 5966//6453
f 5966//6453 5945//6432 5991//6495
f 5966//6453 5991//6495 5986//6487
f 5986//6487 5991//6495 5992//6496
f 5986//6487 5992//6496 5985//6484
f 5985//6484 5992//6496 5789//6497
f 5985//6484 5789//6497 5788//6485
f 5993//6498 5794//6499 5793//6500
f 5938//6425 5968//6455 5939//6426
f 5939//6426 5968//6455 5994//6501
f 5939//6426 5994//6501 5995//6502
f 5995//6502 5994//6501 5993//6498
f 5995//6502 5993//6498 5996//6503
f 5996//6503 5993//6498 5793//6500
f 5996//6503 5793//6500 5792//6504
f 5997//6505 5797//6506 5796//6507
f 5941//6428 5969//6456 5942//6429
f 5942//6429 5969//6456 5998//6508
f 5942//6429 5998//6508 5999//6509
f 5999//6509 5998//6508 5997//6505
f 5999//6509 5997//6505 6000//6510
f 6000//6510 5997//6505 5796//6507
f 6000//6510 5796//6507 5795//6511
f 5940//6427 5942//6429 5968//6455
f 5968//6455 5942//6429 5999//6509
f 5968//6455 5999//6509 5994//6501
f 5994//6501 5999//6509 6000//6510
f 5994//6501 6000//6510 5993//6498
f 5993//6498 6000//6510 5795//6511
f 5993//6498 5795//6511 5794//6499
f 5937//6424 5939//6426 5967//6454
f 5967//6454 5939//6426 5995//6502
f 5967//6454 5995//6502 5990//6494
f 5990//6494 5995//6502 5996//6503
f 5990//6494 5996//6503 5989//6491
f 5989//6491 5996//6503 5792//6504
f 5989//6491 5792//6504 5791//6492
f 5946//6433 5948//6435 5962//6449
f 5962//6449 5948//6435 5987//6488
f 5962//6449 5987//6488 5982//6480
f 5982//6480 5987//6488 5988//6489
f 5982//6480 5988//6489 5981//6477
f 5981//6477 5988//6489 5731//6490
f 5981//6477 5731//6490 5732//6478
f 5935//6422 5931//6418 6001//6512
f 5932//6419 5925//6412 6002//6513
f 5926//6413 5928//6415 6003//6514
f 5929//6416 5922//6409 6004//6515
f 9027//6410 9034//6406 6005//6516
f 8922//6407 7274//6517 8910//6518
f 8910//6518 7274//6517 6008//6519
f 7345//6520 6007//6521 9308//6522
f 9308//6522 6007//6521 9234//6523
f 9308//6522 9234//6523 6011//6524
f 6012//6525 5800//6526 5799//6527
f 5935//6422 6001//6512 5936//6423
f 5936//6423 6001//6512 6013//6528
f 5936//6423 6013//6528 6014//6529
f 6014//6529 6013//6528 6012//6525
f 6014//6529 6012//6525 6015//6530
f 6015//6530 6012//6525 5799//6527
f 6015//6530 5799//6527 5798//6531
f 6016//6532 5803//6533 5802//6534
f 5932//6419 6002//6513 5933//6420
f 5933//6420 6002//6513 6017//6535
f 5933//6420 6017//6535 6018//6536
f 6018//6536 6017//6535 6016//6532
f 6018//6536 6016//6532 6019//6537
f 6019//6537 6016//6532 5802//6534
f 6019//6537 5802//6534 5801//6538
f 5931//6418 5933//6420 6001//6512
f 6001//6512 5933//6420 6018//6536
f 6001//6512 6018//6536 6013//6528
f 6013//6528 6018//6536 6019//6537
f 6013//6528 6019//6537 6012//6525
f 6012//6525 6019//6537 5801//6538
f 6012//6525 5801//6538 5800//6526
f 6020//6539 5821//6540 5820//6541
f 5926//6413 6003//6514 5927//6414
f 5927//6414 6003//6514 6021//6542
f 5927//6414 6021//6542 6022//6543
f 6022//6543 6021//6542 6020//6539
f 6022//6543 6020//6539 6023//6544
f 6023//6544 6020//6539 5820//6541
f 6023//6544 5820//6541 5804//6545
f 6024//6546 5818//6547 5823//6548
f 5929//6416 6004//6515 5930//6417
f 5930//6417 6004//6515 6025//6549
f 5930//6417 6025//6549 6026//6550
f 6026//6550 6025//6549 6024//6546
f 6026//6550 6024//6546 6027//6551
f 6027//6551 6024//6546 5823//6548
f 6027//6551 5823//6548 5822//6552
f 5928//6415 5930//6417 6003//6514
f 6003//6514 5930//6417 6026//6550
f 6003//6514 6026//6550 6021//6542
f 6021//6542 6026//6550 6027//6551
f 6021//6542 6027//6551 6020//6539
f 6020//6539 6027//6551 5822//6552
f 6020//6539 5822//6552 5821//6540
f 5925//6412 5927//6414 6002//6513
f 6002//6513 5927//6414 6022//6543
f 6002//6513 6022//6543 6017//6535
f 6017//6535 6022//6543 6023//6544
f 6017//6535 6023//6544 6016//6532
f 6016//6532 6023//6544 5804//6545
f 6016//6532 5804//6545 5803//6533
f 6028//6553 6009//6554 6029//6555
f 6029//6555 6009//6554 6010//6556
f 6029//6555 6010//6556 6030//6557
f 6030//6557 6010//6556 7340//6558
f 6030//6557 7340//6558 7793//6559
f 6032//6560 5838//6561 5837//6562
f 9027//6410 6005//6516 5924//6411
f 5924//6411 6005//6516 7861//6563
f 5924//6411 7861//6563 6034//6564
f 6034//6564 6033//6565 6032//6560
f 6034//6564 6032//6560 6035//6566
f 6035//6566 6032//6560 5837//6562
f 6035//6566 5837//6562 5836//6567
f 8922//6407 8910//6518 5921//6408
f 8901//6568 6007//6521 7345//6520
f 8901//6568 7345//6520 7346//6569
f 6036//6570 6009//6554 6028//6553
f 6036//6570 6028//6553 7738//6571
f 6037//6572 7737//6573 5861//6574
f 6037//6572 5861//6574 5862//6575
f 9034//6406 5921//6408 6005//6516
f 6005//6516 8901//6568 7346//6569
f 6005//6516 7346//6569 7861//6563
f 6033//6565 6036//6570 7738//6571
f 6033//6565 7738//6571 6032//6560
f 6032//6560 6037//6572 5862//6575
f 6032//6560 5862//6575 5838//6561
f 5847//6576 5846//6577 6038//6578
f 6038//6578 5846//6577 6031//6579
f 6038//6578 7793//6559 7341//6580
f 7341//6580 7793//6559 7340//6558
f 6039//6581 6011//6524 8031//6582
f 8031//6582 6011//6524 9234//6523
f 6040//6583 6008//6519 7275//6584
f 7275//6584 6008//6519 7274//6517
f 5846//6577 5842//6585 6031//6579
f 6031//6579 5842//6585 5843//6586
f 6031//6579 5843//6586 8986//6587
f 8986//6587 5843//6586 5844//6588
f 8986//6587 5844//6588 8985//6589
f 8985//6589 5844//6588 5845//6590
f 8985//6589 5845//6590 7737//6573
f 7737//6573 5845//6590 5860//6591
f 7737//6573 5860//6591 5861//6574
f 5922//6409 5924//6411 6004//6515
f 6004//6515 5924//6411 6034//6564
f 6004//6515 6034//6564 6025//6549
f 6025//6549 6034//6564 6035//6566
f 6025//6549 6035//6566 6024//6546
f 6024//6546 6035//6566 5836//6567
f 6024//6546 5836//6567 5818//6547
f 5934//6421 5936//6423 5969//6456
f 5969//6456 5936//6423 6014//6529
f 5969//6456 6014//6529 5998//6508
f 5998//6508 6014//6529 6015//6530
f 5998//6508 6015//6530 5997//6505
f 5997//6505 6015//6530 5798//6531
f 5997//6505 5798//6531 5797//6506
f 7889//6592 8163//6593 7519//6594
f 8163//6593 6044//6595 7519//6594
f 7519//6594 6044//6595 6045//6596
f 7519//6594 6045//6596 8870//6597
f 7707//6598 5909//6396 6047//6599
f 6047//6599 5909//6396 5908//6395
f 6047//6599 5908//6395 6048//6600
f 6049//6601 6046//6602 7311//6603
f 6050//6604 7707//6598 6047//6599
f 6050//6604 6047//6599 6051//6605
f 6051//6605 6047//6599 6048//6600
f 6051//6605 6048//6600 6052//6606
f 6053//6607 6054//6608 6055//6609
f 6053//6607 6055//6609 6056//6610
f 7827//6611 7889//6592 7520//6612
f 7520//6612 7889//6592 7519//6594
f 6058//6613 5901//6388 7510//6614
f 7510//6614 5901//6388 5903//6390
f 6059//6615 7509//6616 7703//6617
f 5850//6618 5849//6385 6061//6619
f 6061//6619 5849//6385 5900//6387
f 6061//6619 5900//6387 8205//6620
f 8205//6620 5900//6387 8030//6621
f 6062//6622 6063//6623 8743//6624
f 8743//6624 6063//6623 6065//6625
f 6064//6626 8032//6627 6066//6628
f 6066//6628 8032//6627 6067//6629
f 5853//6630 5852//6382 6068//6631
f 6068//6631 5852//6382 5899//6384
f 6068//6631 5899//6384 8751//6632
f 8751//6632 5899//6384 8206//6633
f 6069//6634 6070//6635 6071//6636
f 6071//6636 6070//6635 8783//6637
f 8767//6638 6072//6639 6073//6640
f 6073//6640 6072//6639 6074//6641
f 6066//6628 6074//6641 6064//6626
f 6064//6626 6074//6641 6072//6639
f 8743//6624 8783//6637 6062//6622
f 6062//6622 8783//6637 6070//6635
f 8205//6620 8206//6633 6061//6619
f 6061//6619 8206//6633 5899//6384
f 6061//6619 5899//6384 5850//6618
f 5850//6618 5899//6384 5851//6383
f 5856//6642 5855//6379 6075//6643
f 6075//6643 5855//6379 5898//6381
f 9345//6644 5898//6381 6076//6645
f 6076//6645 5898//6381 6077//6646
f 8806//6647 8752//6648 6078//6649
f 6078//6649 8752//6648 6079//6650
f 8825//6651 8768//6652 6080//6653
f 6080//6653 8768//6652 6081//6654
f 5859//6655 5858//6376 6082//6656
f 6082//6656 5858//6376 5897//6378
f 6082//6656 9334//6657 8652//6658
f 8652//6658 9334//6657 8699//6659
f 6083//6660 6084//6661 6085//6662
f 6085//6662 6084//6661 6086//6663
f 8664//6664 8711//6665 6087//6666
f 6087//6666 8711//6665 6088//6667
f 6080//6653 6088//6667 8825//6651
f 8825//6651 6088//6667 8711//6665
f 6078//6649 6086//6663 8806//6647
f 8806//6647 6086//6663 6084//6661
f 6076//6645 8699//6659 9345//6644
f 9345//6644 8699//6659 9334//6657
f 6075//6643 5897//6378 5856//6642
f 5856//6642 5897//6378 5857//6377
f 6073//6640 6081//6654 8767//6638
f 8767//6638 6081//6654 8768//6652
f 6071//6636 6079//6650 6069//6634
f 6069//6634 6079//6650 8752//6648
f 8751//6632 6077//6646 6068//6631
f 6068//6631 6077//6646 5898//6381
f 6068//6631 5898//6381 5853//6630
f 5853//6630 5898//6381 5854//6380
f 5815//6668 5816//6373 6089//6669
f 6089//6669 5816//6373 5896//6375
f 7459//6670 5896//6375 8482//6671
f 8482//6671 5896//6375 8483//6672
f 6090//6673 6091//6674 8457//6675
f 8457//6675 6091//6674 6093//6676
f 6092//6677 8458//6678 6094//6679
f 6094//6679 8458//6678 6095//6680
f 5812//6681 5813//6370 7372//6682
f 7372//6682 5813//6370 5895//6372
f 6096//6683 7371//6684 8514//6685
f 8514//6685 7371//6684 8569//6686
f 6097//6687 6098//6688 6099//6689
f 6099//6689 6098//6688 8533//6690
f 8448//6691 6100//6692 6101//6693
f 6101//6693 6100//6692 6102//6694
f 6094//6679 6102//6694 6092//6677
f 6092//6677 6102//6694 6100//6692
f 8457//6675 8533//6690 6090//6673
f 6090//6673 8533//6690 6098//6688
f 8482//6671 8569//6686 7459//6670
f 7459//6670 8569//6686 7371//6684
f 6089//6669 5895//6372 5815//6668
f 5815//6668 5895//6372 5814//6371
f 5809//6695 5810//6367 8250//6696
f 8250//6696 5810//6367 5894//6369
f 6103//6697 7445//6698 8676//6699
f 8676//6699 7445//6698 8515//6700
f 6104//6701 6105//6702 6106//6703
f 6106//6703 6105//6702 6107//6704
f 8662//6705 8449//6706 6108//6707
f 6108//6707 8449//6706 6109//6708
f 5713//6709 5807//6364 6110//6710
f 6110//6710 5807//6364 8274//6366
f 7704//6711 5893//6712 6111//6713
f 6111//6713 5893//6712 8670//6714
f 7829//6715 6112//6716 6113//6717
f 6113//6717 6112//6716 6114//6718
f 7779//6719 8718//6720 7828//6721
f 7828//6721 8718//6720 6116//6722
f 6108//6707 6116//6722 8662//6705
f 8662//6705 6116//6722 8718//6720
f 6106//6703 6114//6718 6104//6701
f 6104//6701 6114//6718 6112//6716
f 8676//6699 8670//6714 6103//6697
f 6103//6697 8670//6714 5893//6712
f 8250//6696 8274//6366 5809//6695
f 5809//6695 8274//6366 5808//6365
f 6101//6693 6109//6708 8448//6691
f 8448//6691 6109//6708 8449//6706
f 6099//6689 6107//6704 6097//6687
f 6097//6687 6107//6704 6105//6702
f 8514//6685 8515//6700 6096//6683
f 6096//6683 8515//6700 7445//6698
f 7372//6682 5894//6369 5812//6681
f 5812//6681 5894//6369 5811//6368
f 6087//6666 6095//6680 8664//6664
f 8664//6664 6095//6680 8458//6678
f 6085//6662 6093//6676 6083//6660
f 6083//6660 6093//6676 6091//6674
f 8652//6658 8483//6672 6082//6656
f 6082//6656 8483//6672 5896//6375
f 6082//6656 5896//6375 5859//6655
f 5859//6655 5896//6375 5817//6374
f 6117//6723 8918//6724 8807//6725
f 6119//6726 6118//6727 8791//6728
f 6119//6726 8791//6728 6121//6729
f 8792//6730 6120//6731 6122//6732
f 8792//6730 6122//6732 6123//6733
f 6123//6733 6122//6732 6124//6734
f 6123//6733 6124//6734 5916//6403
f 6125//6735 8781//6736 8243//6737
f 6127//6738 6126//6739 6128//6740
f 6127//6738 6128//6740 6129//6741
f 8226//6742 8225//6743 5918//6405
f 8226//6742 5918//6405 6130//6744
f 6130//6744 5918//6405 5917//6404
f 6130//6744 5917//6404 5913//6400
f 6131//6745 8244//6746 6133//6747
f 8272//6748 6132//6749 6134//6750
f 8272//6748 6134//6750 6135//6751
f 8325//6752 8277//6753 5915//6402
f 8325//6752 5915//6402 6136//6754
f 6136//6754 5915//6402 5914//6401
f 6136//6754 5914//6401 5910//6397
f 5911//6398 6137//6755 5912//6399
f 5912//6399 6137//6755 8142//6756
f 5912//6399 8142//6756 8342//6757
f 6139//6758 6138//6759 8144//6760
f 6139//6758 8144//6760 8273//6761
f 6141//6762 6140//6763 6142//6764
f 8048//6765 7728//6766 8075//6767
f 6144//6768 6049//6601 7311//6603
f 6144//6768 7311//6603 6145//6769
f 6145//6769 6050//6604 6051//6605
f 6145//6769 6051//6605 6056//6610
f 6056//6610 6051//6605 6052//6606
f 6056//6610 6052//6606 6053//6607
f 7979//6770 8143//6771 7961//6772
f 7961//6772 8143//6771 5904//6773
f 7961//6772 5904//6773 7962//6774
f 6149//6775 5765//6776 5764//6777
f 6150//6778 5768//6779 5767//6780
f 5763//6781 5770//6361 8331//6782
f 8331//6782 5770//6361 5892//6363
f 6117//6723 8070//6783 8918//6724
f 5689//6784 5761//6358 7895//6785
f 7895//6785 5761//6358 8330//6360
f 6125//6735 5891//6786 8781//6736
f 5916//6403 5918//6405 6123//6733
f 6123//6733 5918//6405 8225//6743
f 6123//6733 8225//6743 8792//6730
f 6121//6729 6128//6740 6126//6739
f 6121//6729 6126//6739 6119//6726
f 8807//6725 8781//6736 5891//6786
f 8807//6725 5891//6786 6117//6723
f 8331//6782 8330//6360 5762//6359
f 8331//6782 5762//6359 5763//6781
f 5692//6787 5691//6355 7851//6788
f 7851//6788 5691//6355 7850//6357
f 6131//6745 5890//6789 8244//6746
f 5723//6790 5688//6352 8350//6791
f 8350//6791 5688//6352 5889//6354
f 6142//6764 7860//6792 6141//6762
f 5910//6397 5912//6399 6136//6754
f 6136//6754 5912//6399 8342//6757
f 6136//6754 8342//6757 8325//6752
f 6135//6751 6139//6758 8273//6761
f 6135//6751 8273//6761 8272//6748
f 6133//6747 6141//6762 7860//6792
f 6133//6747 7860//6792 6131//6745
f 7851//6788 5889//6354 5687//6353
f 7851//6788 5687//6353 5692//6787
f 5686//6793 5729//6794 6148//6795
f 6148//6795 5729//6794 5730//6796
f 6148//6795 5730//6796 6147//6797
f 6147//6797 5730//6796 5726//6798
f 6147//6797 5726//6798 6146//6799
f 6146//6799 5726//6798 5725//6800
f 6146//6799 5725//6800 5724//6801
f 6137//6755 7706//6802 8142//6756
f 6138//6759 5906//6393 5905//6392
f 6138//6759 5905//6392 8144//6760
f 6140//6763 8143//6771 7979//6770
f 6140//6763 7979//6770 6142//6764
f 8350//6791 6146//6799 5724//6801
f 8350//6791 5724//6801 5723//6790
f 5913//6400 5915//6402 6130//6744
f 6130//6744 5915//6402 8277//6753
f 6130//6744 8277//6753 8226//6742
f 6129//6741 6134//6750 6132//6749
f 6129//6741 6132//6749 6127//6738
f 8243//6737 8244//6746 5890//6789
f 8243//6737 5890//6789 6125//6735
f 7895//6785 7850//6357 5690//6356
f 7895//6785 5690//6356 5689//6784
f 7828//6721 7827//6611 7779//6719
f 7779//6719 7827//6611 7520//6612
f 6113//6717 6058//6613 7829//6715
f 7829//6715 6058//6613 7510//6614
f 6111//6713 6059//6615 7704//6711
f 7704//6711 6059//6615 7703//6617
f 6110//6710 6060//6803 5713//6709
f 5713//6709 6060//6803 5714//6804
f 6055//6609 7513//6805 6056//6610
f 6056//6610 6151//6806 6152//6807
f 6056//6610 6152//6807 6145//6769
f 6145//6769 6152//6807 7452//6808
f 6145//6769 7452//6808 6144//6768
f 8075//6767 6153//6809 7454//6810
f 8075//6767 7454//6810 8048//6765
f 6143//6811 6154//6812 6155//6813
f 6143//6811 6155//6813 5685//6814
s 0
f 7905//6815 7920//6815 7907//6815
f 6158//6816 7919//6816 7921//6816
s 1
f 6160//6817 6161//6818 7908//6819
f 7906//6820 7819//6821 6162//6822
f 7906//6820 6162//6822 6156//6823
s 0
f 7787//6824 7760//6825 7761//6824
s 1
f 6165//6826 6164//6827 9021//6828
f 9098//6829 9106//6830 9079//6831
s 0
f 7787//6832 6170//6833 7760//6832
f 7760//6825 6170//6825 9060//6834
s 1
f 6164//6827 9061//6835 9079//6831
s 0
f 6169//6836 6171//6837 6172//6836
f 6169//6838 6172//6838 6167//6836
s 1
f 6157//6839 6173//6840 6159//6841
f 6159//6841 6173//6840 6174//6842
f 7922//6843 9023//6844 9021//6828
f 6166//6845 9022//6846 6175//6847
f 6166//6845 6175//6847 7762//6848
s 0
f 9239//6849 9241//6849 6178//6849
s 1
f 9169//6850 9240//6851 9106//6830
f 9168//6852 6168//6853 6179//6854
f 6179//6854 6168//6853 9097//6855
s 0
f 6176//6856 6180//6857 6177//6857
f 6177//6857 6180//6857 9207//6857
s 1
f 9240//6851 6181//6858 6182//6859
f 6183//6860 6184//6861 6185//6862
f 9206//6863 6186//6864 9189//6865
f 9189//6865 6186//6864 6187//6866
f 9189//6865 6187//6866 9190//6867
f 9190//6867 6187//6866 6188//6868
f 9190//6867 6188//6868 9179//6869
f 6189//6870 7447//6871 7449//6872
f 6191//6873 7448//6874 7466//6875
f 7460//6876 7405//6877 7407//6878
f 6195//6879 7406//6880 6196//6881
s 0
f 6190//6882 7362//6882 6192//6882
f 6192//6883 7362//6883 7363//6883
s 1
f 7466//6875 7364//6884 7460//6876
s 0
f 6193//6885 7365//6886 7618//6885
f 6193//6885 7618//6885 6194//6887
s 1
f 9179//6869 6200//6888 9078//6889
f 9078//6889 6200//6888 6201//6890
f 6183//6860 7522//6891 6191//6873
f 7449//6872 6201//6890 6202//6892
f 7449//6872 6202//6892 6189//6870
f 6196//6881 6203//6893 6195//6879
f 6195//6879 6203//6893 7688//6894
f 7407//6878 6204//6895 7784//6896
f 6205//6897 7688//6894 6206//6898
f 6205//6897 6206//6898 6207//6899
f 7286//6900 6209//6901 7348//6902
f 6208//6903 6210//6904 6211//6905
f 6206//6898 6212//6906 6207//6899
f 6207//6899 6212//6906 6213//6907
f 6207//6899 6213//6907 6214//6908
s 0
f 7279//6909 7309//6909 9351//6910
s 1
f 6215//6911 6217//6912 6218//6913
f 9350//6914 6219//6915 7330//6916
f 7330//6916 6219//6915 7331//6917
f 6218//6913 6220//6918 6221//6919
f 9354//6920 7331//6917 6222//6921
f 7348//6902 6223//6922 7370//6923
f 7370//6923 6223//6922 6224//6924
f 6211//6905 7280//6925 6215//6911
f 7279//6909 6224//6924 6225//6926
f 7279//6909 6225//6926 7309//6927
f 6222//6921 6226//6928 9354//6920
f 9354//6920 6226//6928 8402//6929
f 6221//6919 6227//6930 8369//6931
f 6228//6932 8402//6929 6229//6933
f 6228//6932 6229//6933 6230//6934
f 7381//6935 6229//6933 6231//6936
f 6231//6936 6232//6937 7381//6935
f 7381//6935 6232//6937 6233//6938
f 7381//6935 6233//6938 7357//6939
f 6235//6940 7300//6941 7446//6942
f 6237//6943 6236//6944 7467//6945
f 6233//6938 6239//6946 7357//6939
f 7357//6939 6239//6946 7358//6947
f 6234//6948 6240//6949 7467//6945
f 6238//6950 7358//6947 6241//6951
f 6238//6950 6241//6951 7446//6942
f 7559//6952 7561//6953 7593//6954
s 0
f 7532//6955 7546//6955 7533//6955
s 1
f 7534//6956 7545//6957 7561//6953
f 6247//6958 6243//6959 6248//6960
f 6248//6960 6243//6959 7560//6961
f 6235//6940 6249//6962 7300//6941
f 7300//6941 6249//6962 7301//6963
f 6236//6944 6250//6964 7593//6954
s 0
f 6244//6965 7302//6965 7643//6965
f 6244//6966 7643//6966 6242//6966
s 1
f 6252//6967 6253//6968 6254//6969
f 6254//6969 6253//6968 6255//6970
f 6254//6969 6255//6970 6256//6971
f 7586//6972 8938//6973 7545//6957
f 6256//6971 6246//6974 6257//6975
f 6257//6975 6246//6974 6245//6976
f 8382//6977 6259//6978 6260//6979
f 6259//6978 6261//6980 6260//6979
f 9102//6981 6261//6980 6262//6982
f 9102//6981 6262//6982 6263//6983
f 6263//6983 6262//6982 6264//6984
f 6263//6983 6264//6984 6265//6985
f 6265//6985 6264//6984 6266//6986
f 6265//6985 6266//6986 6267//6987
f 6267//6987 6266//6986 9325//6988
f 6267//6987 9325//6988 9073//6989
f 6269//6990 6268//6991 7808//6992
f 6269//6990 7808//6992 6271//6993
f 9007//6994 6270//6995 6272//6996
f 9007//6994 6272//6996 9046//6997
f 6149//6775 9026//6998 5766//6999
f 6149//6775 5766//6999 5765//6776
f 8382//6977 6260//6979 8123//7000
f 6273//7001 9102//6981 6263//6983
f 6273//7001 6263//6983 6274//7002
f 6274//7002 6263//6983 6265//6985
f 6274//7002 6265//6985 6044//6595
f 6044//6595 6265//6985 6267//6987
f 6044//6595 6267//6987 6045//6596
f 6045//6596 6267//6987 9073//6989
f 6045//6596 9073//6989 8870//6597
f 5902//6389 6269//6990 6271//6993
f 5902//6389 6271//6993 5903//6390
f 7509//6616 9007//6994 9046//6997
f 7509//6616 9046//6997 7703//6617
f 6060//6803 6149//6775 5764//6777
f 6060//6803 5764//6777 5714//6804
f 6275//7003 6276//7004 6277//7005
f 6277//7005 6276//7004 6278//7006
f 6277//7005 6278//7006 6279//7007
f 6279//7007 6278//7006 6280//7008
f 6279//7007 6280//7008 6281//7009
f 6281//7009 6280//7008 6282//7010
f 6281//7009 6282//7010 6283//7011
f 6283//7011 6282//7010 6284//7012
f 6283//7011 6284//7012 6285//7013
f 6285//7013 6284//7012 6286//7014
f 6285//7013 6286//7014 6287//7015
f 6287//7015 6286//7014 6288//7016
f 6287//7015 6288//7016 6289//7017
f 6289//7017 6288//7016 6290//7018
f 6289//7017 6290//7018 6291//7019
f 6291//7019 6290//7018 6292//7020
f 6291//7019 6292//7020 6293//7021
f 6293//7021 6292//7020 6294//7022
f 6293//7021 6294//7022 6295//7023
f 6295//7023 6294//7022 5888//6351
f 6295//7023 5888//6351 6296//7024
f 6296//7024 5888//6351 5887//6350
f 6296//7024 5887//6350 6297//7025
f 6298//7026 6299//7027 6300//7028
f 6300//7028 6299//7027 6301//7029
f 6300//7028 6301//7029 6302//7030
f 6302//7030 6301//7029 6303//7031
f 6302//7030 6303//7031 6304//7032
f 6304//7032 6303//7031 6305//7033
f 6304//7032 6305//7033 6306//7034
f 6306//7034 6305//7033 6307//7035
f 6306//7034 6307//7035 6308//7036
f 6308//7036 6307//7035 6309//7037
f 6308//7036 6309//7037 6310//7038
f 6310//7038 6309//7037 6311//7039
f 6310//7038 6311//7039 6312//7040
f 6312//7040 6311//7039 6313//7041
f 6312//7040 6313//7041 6314//7042
f 6314//7042 6313//7041 6315//7043
f 6314//7042 6315//7043 6316//7044
f 6316//7044 6315//7043 6317//7045
f 6316//7044 6317//7045 6318//7046
f 6318//7046 6317//7045 6319//7047
f 6318//7046 6319//7047 6320//7048
f 6320//7048 6319//7047 6321//7049
f 6320//7048 6321//7049 6261//6980
f 6261//6980 6321//7049 6322//7050
f 6261//6980 6322//7050 6262//6982
f 6262//6982 6322//7050 6323//7051
f 6262//6982 6323//7051 6264//6984
f 6264//6984 6323//7051 6324//7052
f 6264//6984 6324//7052 6266//6986
f 6266//6986 6324//7052 6325//7053
f 6266//6986 6325//7053 9325//6988
f 6268//6991 9216//7054 6326//7055
f 6268//6991 6326//7055 7808//6992
f 6270//6995 7809//7056 8071//7057
f 6270//6995 8071//7057 6272//6996
f 9026//6998 6150//6778 5767//6780
f 9026//6998 5767//6780 5766//6999
f 6259//6978 6275//7003 6261//6980
f 6261//6980 6275//7003 6277//7005
f 6261//6980 6277//7005 6320//7048
f 6320//7048 6277//7005 6279//7007
f 6320//7048 6279//7007 6318//7046
f 6318//7046 6279//7007 6281//7009
f 6318//7046 6281//7009 6316//7044
f 6316//7044 6281//7009 6283//7011
f 6316//7044 6283//7011 6314//7042
f 6314//7042 6283//7011 6285//7013
f 6314//7042 6285//7013 6312//7040
f 6312//7040 6285//7013 6287//7015
f 6312//7040 6287//7015 6310//7038
f 6310//7038 6287//7015 6289//7017
f 6310//7038 6289//7017 6308//7036
f 6308//7036 6289//7017 6291//7019
f 6308//7036 6291//7019 6306//7034
f 6306//7034 6291//7019 6293//7021
f 6306//7034 6293//7021 6304//7032
f 6304//7032 6293//7021 6295//7023
f 6304//7032 6295//7023 6302//7030
f 6302//7030 6295//7023 6296//7024
f 6302//7030 6296//7024 6300//7028
f 6300//7028 6296//7024 6297//7025
f 6300//7028 6297//7025 6298//7026
f 6253//6968 5886//7058 6255//6970
f 8938//6973 8937//6349 5888//6351
f 8938//6973 5888//6351 7545//6957
f 7545//6957 5888//6351 8881//7059
f 7545//6957 8881//7059 7561//6953
f 7561//6953 8881//7059 8863//7060
f 7561//6953 8863//7060 7593//6954
f 7593//6954 8863//7060 8862//7061
f 7593//6954 8862//7061 6236//6944
f 6236//6944 8862//7061 8900//7062
f 6236//6944 8900//7062 7467//6945
f 7467//6945 8900//7062 8899//7063
f 7467//6945 8899//7063 6234//6948
f 6234//6948 8899//7063 9037//7064
f 6234//6948 9037//7064 7382//7065
f 7382//7065 9037//7064 9030//7066
f 7382//7065 9030//7066 8369//6931
f 8369//6931 9030//7066 9029//7067
f 8369//6931 9029//7067 6221//6919
f 6221//6919 9029//7067 9002//7068
f 6221//6919 9002//7068 6218//6913
f 6218//6913 9002//7068 6276//7004
f 6218//6913 6276//7004 6215//6911
f 6215//6911 6276//7004 6275//7003
f 6215//6911 6275//7003 6211//6905
f 6211//6905 6275//7003 9088//7069
f 6211//6905 9088//7069 6208//6903
f 6208//6903 9088//7069 6258//7070
s 0
f 8563//7071 8535//7071 8539//7071
s 1
f 8538//7072 8536//7073 8551//7074
f 5885//6348 6331//7075 5883//7076
f 5883//7076 6331//7075 7713//7077
f 7712//6346 6332//7078 8538//7072
s 0
f 6329//7079 7714//7080 8492//7079
f 6329//7079 8492//7079 8564//7081
f 8485//7082 6335//7083 8486//7084
s 1
f 8488//7085 8504//7086 8541//7087
f 8520//7088 7554//7089 8531//7090
s 0
f 8485//7091 8638//7092 6335//7093
f 6335//7093 8638//7092 8617//7094
s 1
f 8504//7086 8618//7095 8531//7090
s 0
f 6340//7096 8619//7097 8540//7096
f 6340//7096 8540//7096 8521//7098
f 8537//7099 8685//7100 6330//7100
f 6330//7099 8685//7099 8543//7101
s 1
f 8551//7074 8542//7102 8541//7087
s 0
f 6337//7103 8544//7104 8532//7103
f 6337//7105 8532//7105 8487//7103
s 1
f 8639//7106 6348//7107 8499//7108
f 5882//6345 6350//7109 7813//7110
f 7813//7110 6350//7109 6351//7111
f 7813//7110 6351//7111 7815//7112
f 7815//7112 6351//7111 6352//7113
f 7815//7112 6352//7113 6349//7114
f 8570//7115 6354//7116 9282//7117
s 0
f 6355//7118 8642//7118 6356//7118
s 1
f 6357//7119 6358//7120 9224//7121
f 6359//7122 8672//7123 9221//7124
s 0
f 9257//7125 6361//7126 9283//7126
f 9283//7127 6361//7127 9187//7128
s 1
f 9282//7117 6362//7129 9221//7124
s 0
f 6360//7130 9186//7131 6363//7130
f 6360//7132 6363//7132 9225//7133
f 8498//7134 8500//7135 6347//7135
f 6347//7136 8500//7136 8572//7137
s 1
f 8639//7106 8571//7138 8570//7115
s 0
f 6353//7139 8573//7140 8643//7139
f 6353//7141 8643//7141 8640//7141
f 6338//7142 6367//7143 6339//7143
f 6339//7144 6367//7144 7943//7145
f 7553//7146 7941//7146 7550//7146
f 7551//7147 6368//7147 7963//7147
s 1
f 7552//6344 6369//7148 5882//6345
f 6357//7119 8692//7149 6358//7120
s 0
f 6358//7120 8692//7150 8673//7151
s 1
f 8672//7123 6371//7152 6372//7153
f 6372//7153 6371//7152 6373//7154
f 6372//7153 6373//7154 6374//7155
f 6374//7155 6373//7154 6375//7156
s 0
f 8796//7157 8763//7157 6378//7158
s 1
f 8832//7159 8762//7160 8076//7161
f 6375//7156 6380//7162 6374//7155
f 8909//7163 8118//7164 8077//7165
f 8909//7163 8077//7165 8076//7161
s 0
f 6379//7166 8078//7166 8141//7166
f 6379//7167 8141//7167 8831//7167
s 1
f 8093//7168 6384//7169 6385//7170
f 6386//7171 7973//7172 7974//7173
s 0
f 7975//7174 6387//7174 6389//7174
f 8091//7175 6390//7176 8065//7177
f 8065//7178 6390//7179 7916//7178
s 1
f 6384//7169 6391//7180 8124//7181
s 0
f 6386//7182 7915//7183 7918//7184
s 1
f 6386//7171 7918//7184 7973//7172
s 0
f 8796//7185 6393//7186 8763//7185
f 8764//7187 7887//7187 7880//7187
f 6377//7188 6394//7188 8084//7188
f 8085//7189 7879//7190 7882//7189
f 8085//7191 7882//7191 8092//7192
s 1
f 6396//7193 6397//7194 7937//7195
s 0
f 7947//7196 6400//7196 6401//7196
s 1
f 7995//7197 8046//7198 7993//7199
f 6396//7193 6403//7200 6397//7194
f 6397//7194 6403//7200 7913//7201
f 7912//7202 6404//7203 7993//7199
f 6402//7204 7913//7201 6405//7205
f 6402//7204 6405//7205 7994//7206
f 7946//7207 6407//7208 8011//7209
s 0
f 7945//7210 8101//7211 8140//7212
f 8140//7213 8101//7214 8099//7215
s 1
f 6407//7208 8100//7216 6411//7217
s 0
f 7719//7218 8098//7218 6412//7218
f 7947//7219 6413//7220 6400//7221
f 6400//7222 6413//7223 7782//7220
s 1
f 8046//7198 6414//7224 8011//7209
s 0
f 6408//7225 7783//7225 6415//7225
f 6408//7226 6415//7226 7944//7226
s 1
f 7980//7227 6416//7228 7976//7229
f 7976//7229 6416//7228 8132//7230
f 6388//7231 6417//7232 6398//7233
f 7937//7195 8132//7230 6418//7234
f 7937//7195 6418//7234 6396//7193
f 7721//7235 6419//7236 7720//7237
f 7720//7237 6419//7236 7584//7238
f 6411//7217 6420//7239 7585//7240
f 6421//7241 7584//7238 6422//7242
f 6421//7241 6422//7242 6423//7243
f 6423//7243 6422//7242 6424//7244
f 6423//7243 6424//7244 6160//6817
f 6160//6817 6424//7244 6425//7245
f 6160//6817 6425//7245 7819//6821
f 7547//7246 6427//7247 7548//7248
f 7548//7248 6427//7247 6429//7249
f 7548//7248 6429//7249 6430//7250
f 6430//7250 6429//7249 6431//7251
f 6430//7250 6431//7251 9217//7252
f 9217//7252 6431//7251 6433//7253
f 9217//7252 6433//7253 9252//7254
f 9252//7254 6433//7253 6435//7255
f 9252//7254 6435//7255 9253//7256
f 9253//7256 6435//7255 6437//7257
f 9253//7256 6437//7257 9294//7258
f 9294//7258 6437//7257 6439//7259
f 9294//7258 6439//7259 9295//7260
f 9295//7260 6439//7259 6441//7261
f 9295//7260 6441//7261 7336//7262
f 7336//7262 6441//7261 7312//7263
f 7336//7262 7312//7263 7307//7264
f 7307//7264 7312//7263 7313//7265
f 7307//7264 7313//7265 7308//7266
f 7308//7266 7313//7265 7432//7267
f 7308//7266 7432//7267 7471//7268
f 7471//7268 7432//7267 7451//7269
f 7471//7268 7451//7269 7528//7270
f 7528//7270 7451//7269 7482//7271
f 7528//7270 7482//7271 6452//7272
f 6452//7272 7482//7271 7337//7273
f 6452//7272 7337//7273 6454//7274
f 6454//7274 7337//7273 7338//7275
f 6454//7274 7338//7275 6456//7276
f 6456//7276 7338//7275 6457//7277
f 6456//7276 6457//7277 7857//7278
f 7857//7278 6457//7277 6459//7279
f 7857//7278 6459//7279 7843//7280
f 7843//7280 6459//7279 6461//7281
f 7843//7280 6461//7281 6462//7282
f 6462//7282 6461//7281 7253//7283
f 6462//7282 7253//7283 6464//7284
f 6464//7284 7253//7283 7254//7285
f 6464//7284 7254//7285 6466//7286
f 6466//7286 7254//7285 7276//7287
f 6466//7286 7276//7287 6468//7288
f 6468//7288 7276//7287 7356//7289
f 6468//7288 7356//7289 6470//7290
f 6470//7290 7356//7289 6471//7291
f 6470//7290 6471//7291 6472//7292
f 6472//7292 6471//7291 6473//7293
f 6472//7292 6473//7293 6474//7294
f 6474//7294 6473//7293 6475//7295
f 6474//7294 6475//7295 6476//7296
f 6476//7296 6475//7295 6477//7297
f 6476//7296 6477//7297 6478//7298
f 6478//7298 6477//7297 6479//7299
f 6478//7298 6479//7299 6480//7300
f 6480//7300 6479//7299 6481//7301
f 6480//7300 6481//7301 6482//7302
f 6482//7302 6481//7301 6483//7303
f 6482//7302 6483//7303 6484//7304
f 6484//7304 6483//7303 6485//7305
f 6484//7304 6485//7305 6486//7306
f 6486//7306 6485//7305 6487//7307
f 6486//7306 6487//7307 6488//7308
f 6488//7308 6487//7307 6489//7309
f 6488//7308 6489//7309 6490//7310
f 6490//7310 6489//7309 6491//7311
f 6490//7310 6491//7311 6492//7312
f 6492//7312 6491//7311 6493//7313
f 6492//7312 6493//7313 6494//7314
f 6494//7314 6493//7313 6495//7315
f 6494//7314 6495//7315 6496//7316
f 6496//7316 6495//7315 6497//7317
f 6496//7316 6497//7317 6498//7318
f 6498//7318 6497//7317 6499//7319
f 6498//7318 6499//7319 6500//7320
f 6500//7320 6499//7319 6501//7321
f 6500//7320 6501//7321 6502//7322
f 6502//7322 6501//7321 6503//7323
f 6502//7322 6503//7323 6504//7324
f 6504//7324 6503//7323 6505//7325
f 6504//7324 6505//7325 6506//7326
f 6506//7326 6505//7325 6507//7327
f 6506//7326 6507//7327 6508//7328
f 6508//7328 6507//7327 6509//7329
f 6508//7328 6509//7329 6510//7330
f 6510//7330 6509//7329 6511//7331
f 6510//7330 6511//7331 6512//7332
f 6512//7332 6511//7331 6513//7333
f 6512//7332 6513//7333 6514//7334
f 6514//7334 6513//7333 6515//7335
f 6514//7334 6515//7335 6516//7336
f 6516//7336 6515//7335 6517//7337
f 6516//7336 6517//7337 6518//7338
f 6518//7338 6517//7337 6519//7339
f 6518//7338 6519//7339 6520//7340
f 6520//7340 6519//7339 6521//7341
f 6520//7340 6521//7341 6522//7342
f 6522//7342 6521//7341 5879//6342
f 6522//7342 5879//6342 6523//7343
f 6523//7343 5879//6342 5878//6341
f 7285//7344 6426//7345 7784//6896
f 7784//6896 6426//7345 6428//7346
f 7784//6896 6428//7346 7407//6878
f 7407//6878 6428//7346 9202//7347
f 7407//6878 9202//7347 7460//6876
f 7460//6876 9202//7347 6432//7348
f 7460//6876 6432//7348 7466//6875
f 7466//6875 6432//7348 6434//7349
f 7466//6875 6434//7349 6191//6873
f 6191//6873 6434//7349 6436//7350
f 6191//6873 6436//7350 6183//6860
f 6183//6860 6436//7350 6438//7351
f 6183//6860 6438//7351 6184//6861
f 6184//6861 6438//7351 6440//7352
f 6184//6861 6440//7352 6182//6859
f 6182//6859 6440//7352 6442//7353
f 6182//6859 6442//7353 9240//6851
f 9240//6851 6442//7353 6444//7354
f 9240//6851 6444//7354 9106//6830
f 9106//6830 6444//7354 6446//7355
f 9106//6830 6446//7355 9079//6831
f 9079//6831 6446//7355 6448//7356
f 9079//6831 6448//7356 6164//6827
f 6164//6827 6448//7356 6450//7357
f 6164//6827 6450//7357 9021//6828
f 9021//6828 6450//7357 9353//7358
f 9021//6828 9353//7358 7922//6843
f 7922//6843 9353//7358 9347//7359
f 7922//6843 9347//7359 7908//6819
f 7908//6819 9347//7359 9348//7360
f 7908//6819 9348//7360 6160//6817
f 6160//6817 9348//7360 6458//7361
f 6160//6817 6458//7361 6423//7243
f 6423//7243 6458//7361 6460//7362
f 6423//7243 6460//7362 7585//7240
f 7585//7240 6460//7362 6462//7282
f 7585//7240 6462//7282 6411//7217
f 6411//7217 6462//7282 6464//7284
f 6411//7217 6464//7284 6407//7208
f 6407//7208 6464//7284 6466//7286
f 6407//7208 6466//7286 8011//7209
f 8011//7209 6466//7286 6468//7288
f 8011//7209 6468//7288 8046//7198
f 8046//7198 6468//7288 6470//7290
f 8046//7198 6470//7290 7993//7199
f 7993//7199 6470//7290 6472//7292
f 7993//7199 6472//7292 7912//7202
f 7912//7202 6472//7292 6474//7294
f 7912//7202 6474//7294 6398//7233
f 6398//7233 6474//7294 6476//7296
f 6398//7233 6476//7296 6388//7231
f 6388//7231 6476//7296 6478//7298
f 6388//7231 6478//7298 8124//7181
f 8124//7181 6478//7298 6480//7300
f 8124//7181 6480//7300 6384//7169
f 6384//7169 6480//7300 6482//7302
f 6384//7169 6482//7302 6385//7170
f 6385//7170 6482//7302 6484//7304
f 6385//7170 6484//7304 8762//7160
f 8762//7160 6484//7304 6486//7306
f 8762//7160 6486//7306 8076//7161
f 8076//7161 6486//7306 6488//7308
f 8076//7161 6488//7308 8909//7163
f 8909//7163 6488//7308 6490//7310
f 8909//7163 6490//7310 6372//7153
f 6372//7153 6490//7310 6492//7312
f 6372//7153 6492//7312 8672//7123
f 8672//7123 6492//7312 6494//7314
f 8672//7123 6494//7314 9221//7124
f 9221//7124 6494//7314 6496//7316
f 9221//7124 6496//7316 9282//7117
f 9282//7117 6496//7316 6498//7318
f 9282//7117 6498//7318 8570//7115
f 8570//7115 6498//7318 6500//7320
f 8570//7115 6500//7320 8639//7106
f 8639//7106 6500//7320 6502//7322
f 8639//7106 6502//7322 6348//7107
f 6348//7107 6502//7322 6504//7324
f 6348//7107 6504//7324 5880//7363
f 5880//7363 6504//7324 6506//7326
f 5880//7363 6506//7326 5881//7364
f 5881//7364 6506//7326 6508//7328
f 5881//7364 6508//7328 7554//7089
f 7554//7089 6508//7328 6510//7330
f 7554//7089 6510//7330 8531//7090
f 8531//7090 6510//7330 6512//7332
f 8531//7090 6512//7332 8504//7086
f 8504//7086 6512//7332 6514//7334
f 8504//7086 6514//7334 8541//7087
f 8541//7087 6514//7334 6516//7336
f 8541//7087 6516//7336 8551//7074
f 8551//7074 6516//7336 6518//7338
f 8551//7074 6518//7338 8538//7072
f 8538//7072 6518//7338 6520//7340
f 8538//7072 6520//7340 7712//6346
f 7712//6346 6520//7340 6522//7342
f 7712//6346 6522//7342 7709//6347
f 7709//6347 6522//7342 6523//7343
f 5911//6398 5907//6394 6137//6755
f 6137//6755 5907//6394 5909//6396
f 6137//6755 5909//6396 7706//6802
f 7706//6802 5909//6396 7707//6598
f 5906//6393 6046//6602 7727//6391
f 7727//6391 6046//6602 6049//6601
f 5904//6773 7728//6766 7962//6774
f 7962//6774 7728//6766 8048//6765
f 6148//6795 6143//6811 5686//6793
f 5686//6793 6143//6811 5685//6814
f 7275//6584 6067//6629 6040//6583
f 6040//6583 6067//6629 8032//6627
f 8031//6582 6065//6625 6039//6581
f 6039//6581 6065//6625 6063//6623
f 7341//6580 8030//6621 6038//6578
f 6038//6578 8030//6621 5900//6387
f 6038//6578 5900//6387 5847//6576
f 5847//6576 5900//6387 5848//6386
f 6299//7027 6054//6608 6301//7029
f 6301//7029 6054//6608 6053//6607
f 6301//7029 6053//6607 6303//7031
f 6303//7031 6053//6607 6052//6606
f 6303//7031 6052//6606 6305//7033
f 6305//7033 6052//6606 6048//6600
f 6305//7033 6048//6600 6307//7035
f 6307//7035 6048//6600 5908//6395
f 6307//7035 5908//6395 6309//7037
f 6309//7037 5908//6395 5907//6394
f 6309//7037 5907//6394 6311//7039
f 6311//7039 5907//6394 5911//6398
f 6311//7039 5911//6398 6313//7041
f 6313//7041 5911//6398 5910//6397
f 6313//7041 5910//6397 6315//7043
f 6315//7043 5910//6397 5914//6401
f 6315//7043 5914//6401 6317//7045
f 6317//7045 5914//6401 5913//6400
f 6317//7045 5913//6400 6319//7047
f 6319//7047 5913//6400 5917//6404
f 6319//7047 5917//6404 6321//7049
f 6321//7049 5917//6404 5916//6403
f 6321//7049 5916//6403 6322//7050
f 6322//7050 5916//6403 6124//6734
f 6322//7050 6124//6734 6323//7051
f 6323//7051 6124//6734 6122//6732
f 6323//7051 6122//6732 6324//7052
f 6324//7052 6122//6732 6120//6731
f 6324//7052 6120//6731 6325//7053
f 9216//7054 8791//6728 6118//6727
f 9216//7054 6118//6727 6326//7055
f 7809//7056 8918//6724 8070//6783
f 7809//7056 8070//6783 8071//7057
f 6150//6778 5892//6363 5769//6362
f 6150//6778 5769//6362 5768//6779
f 5958//6445 5877//6340 5955//6442
f 5955//6442 5877//6340 5879//6342
f 5955//6442 5879//6342 5956//6443
f 5956//6443 5879//6342 6521//7341
f 5956//6443 6521//7341 5949//6436
f 5949//6436 6521//7341 6519//7339
f 5949//6436 6519//7339 5950//6437
f 5950//6437 6519//7339 6517//7337
f 5950//6437 6517//7337 5952//6439
f 5952//6439 6517//7337 6515//7335
f 5952//6439 6515//7335 5953//6440
f 5953//6440 6515//7335 6513//7333
f 5953//6440 6513//7333 5946//6433
f 5946//6433 6513//7333 6511//7331
f 5946//6433 6511//7331 5947//6434
f 5947//6434 6511//7331 6509//7329
f 5947//6434 6509//7329 5943//6430
f 5943//6430 6509//7329 6507//7327
f 5943//6430 6507//7327 5944//6431
f 5944//6431 6507//7327 6505//7325
f 5944//6431 6505//7325 5937//6424
f 5937//6424 6505//7325 6503//7323
f 5937//6424 6503//7323 5938//6425
f 5938//6425 6503//7323 6501//7321
f 5938//6425 6501//7321 5940//6427
f 5940//6427 6501//7321 6499//7319
f 5940//6427 6499//7319 5941//6428
f 5941//6428 6499//7319 6497//7317
f 5941//6428 6497//7317 5934//6421
f 5934//6421 6497//7317 6495//7315
f 5934//6421 6495//7315 5935//6422
f 5935//6422 6495//7315 6493//7313
f 5935//6422 6493//7313 5931//6418
f 5931//6418 6493//7313 6491//7311
f 5931//6418 6491//7311 5932//6419
f 5932//6419 6491//7311 6489//7309
f 5932//6419 6489//7309 5925//6412
f 5925//6412 6489//7309 6487//7307
f 5925//6412 6487//7307 5926//6413
f 5926//6413 6487//7307 6485//7305
f 5926//6413 6485//7305 5928//6415
f 5928//6415 6485//7305 6483//7303
f 5928//6415 6483//7303 5929//6416
f 5929//6416 6483//7303 6481//7301
f 5929//6416 6481//7301 5922//6409
f 5922//6409 6481//7301 6479//7299
f 5922//6409 6479//7299 5923//7365
f 5923//7365 6479//7299 6477//7297
f 5923//7365 6477//7297 5919//7366
f 5919//7366 6477//7297 6475//7295
f 5919//7366 6475//7295 5920//7367
f 5920//7367 6475//7295 6473//7293
f 5920//7367 6473//7293 6006//7368
f 6006//7368 6473//7293 6471//7291
f 6006//7368 6471//7291 6041//7369
f 6041//7369 6471//7291 6469//7370
f 6041//7369 6469//7370 8329//7371
f 8329//7371 6469//7370 6467//7372
f 8329//7371 6467//7372 8771//7373
f 8771//7373 6467//7372 6465//7374
f 8771//7373 6465//7374 8772//7375
f 8772//7375 6465//7374 6463//7376
f 8772//7375 6463//7376 8869//7377
f 8869//7377 6463//7376 7853//7378
f 8869//7377 7853//7378 8616//7379
f 8616//7379 7853//7378 7852//7380
f 8616//7379 7852//7380 8615//7381
f 8615//7381 7852//7380 9343//7382
f 8615//7381 9343//7382 8671//7383
f 8671//7383 9343//7382 6455//7384
f 8671//7383 6455//7384 8674//7385
f 8674//7385 6455//7384 6453//7386
f 8674//7385 6453//7386 8530//7387
f 8530//7387 6453//7386 6451//7388
f 8530//7387 6451//7388 8529//7389
f 8529//7389 6451//7388 6449//7390
f 8529//7389 6449//7390 8559//7391
f 8559//7391 6449//7390 6447//7392
f 8559//7391 6447//7392 8466//7393
f 8466//7393 6447//7392 6445//7394
f 8466//7393 6445//7394 8467//7395
f 8467//7395 6445//7394 6443//7396
f 8467//7395 6443//7396 8553//7397
f 8553//7397 6443//7396 9293//7398
f 8553//7397 9293//7398 8554//7399
f 8554//7399 9293//7398 9292//7400
f 8554//7399 9292//7400 6115//7401
f 6115//7401 9292//7400 9314//7402
f 6115//7401 9314//7402 6057//7403
f 6057//7403 9314//7402 9244//7404
f 6057//7403 9244//7404 6042//7405
f 6042//7405 9244//7404 9243//7406
f 6042//7405 9243//7406 6043//7407
f 6043//7407 9243//7406 9208//7408
f 6043//7407 9208//7408 6044//6595
f 6044//6595 9208//7408 6429//7249
f 6044//6595 6429//7249 6274//7002
f 6274//7002 6429//7249 6427//7247
f 6274//7002 6427//7247 6273//7001
f 8123//7000 6427//7247 7547//7246
f 8123//7000 7547//7246 8382//6977
f 6258//7070 6426//7345 7285//7344
f 6258//7070 7285//7344 6208//6903
f 7286//6900 6207//6899 6214//6908
f 7286//6900 6214//6908 6209//6901
f 8357//7409 6525//7410 6526//7411
f 5886//7058 6253//6968 8318//7412
f 8318//7412 6253//6968 6252//6967
f 5878//6341 5877//6340 6528//7413
f 6529//7414 5971//6460 5972//6461
f 5705//7415 5706//7416 6530//7417
f 5708//7418 5709//7419 6531//7420
f 5727//7421 5748//7422 6532//7423
f 5746//7424 5745//7425 6533//7426
f 5743//7427 5760//7428 6534//7429
f 5758//7430 5757//7431 6535//7432
f 5755//7433 5754//7434 6536//7435
f 5776//7436 5777//7436 6537//7437
f 5785//7438 5805//7439 6538//7440
f 5824//7441 5825//7442 6539//7443
f 5827//7444 5828//7445 6540//7446
f 5875//7447 5874//7448 6541//7449
f 5872//7450 5871//7451 6542//7452
f 6543//7453 6544//7454 6545//7455
f 6546//7456 6547//7457 6548//7458
f 6549//7459 6550//7460 6551//7461
f 6552//7462 6553//7463 6554//7464
f 6555//7465 6556//7466 6557//7467
f 6558//7468 6559//7469 6560//7470
f 6561//7471 6562//7472 6563//7473
f 8355//7474 7624//7475 6566//7476
f 8389//7477 8356//7478 9167//7479
f 8585//7480 8636//7481 9095//7482
f 8503//7483 8390//7484 9099//7485
f 6576//7486 8586//7487 9066//7488
f 6579//7489 6580//7490 6581//7491
f 6582//7492 6583//7493 6584//7494
f 6585//7495 6586//7496 6587//7497
f 6588//7498 6589//7499 6590//7500
f 6591//7501 6592//7502 6593//7503
f 6594//7504 6595//7505 6596//7506
f 6597//7507 6598//7508 6599//7509
f 6600//7510 6601//7511 6602//7512
f 6601//7511 6597//7507 6603//7513
f 6598//7508 6594//7504 6604//7514
f 6595//7505 6591//7501 6605//7515
f 6592//7502 6588//7498 6606//7516
f 6589//7499 6585//7495 6607//7517
f 6586//7496 6583//7493 6587//7497
f 6587//7497 6583//7493 6582//7492
f 6587//7497 6582//7492 6608//7518
f 7455//7519 5697//7520 5722//7521
f 6152//6807 7514//7522 7452//6808
f 7452//6808 7514//7522 6611//7523
f 6153//6809 7453//7524 7454//6810
f 7454//6810 7453//7524 6609//7525
f 6154//6812 7455//7519 6155//6813
f 6155//6813 7455//7519 5722//7521
f 6155//6813 5722//7521 5685//6814
f 9213//7526 5751//7527 5750//7528
f 6601//7511 6603//7513 6602//7512
f 6602//7512 6603//7513 6613//7529
f 6602//7512 6613//7529 9232//7530
f 6614//7531 9196//7532 6615//7533
f 6614//7531 6615//7533 6616//7534
f 9201//7535 9209//7536 6612//7537
f 9201//7535 6612//7537 6617//7538
f 9218//7539 9213//7526 5750//7528
f 9218//7539 5750//7528 5749//7540
f 6600//7510 6602//7512 6618//7541
f 6618//7541 6602//7512 9232//7530
f 6618//7541 9232//7530 6610//7542
f 7514//7522 6614//7531 6616//7534
f 7514//7522 6616//7534 6611//7523
f 7453//7524 9201//7535 6617//7538
f 7453//7524 6617//7538 6609//7525
f 7455//7519 9218//7539 5749//7540
f 7455//7519 5749//7540 5697//7520
f 8803//7543 5728//7544 5753//7545
f 6598//7508 6604//7514 6599//7509
f 6599//7509 6604//7514 9086//7546
f 6599//7509 9086//7546 9087//7547
f 6621//7548 6620//7549 8826//7550
f 6621//7548 8826//7550 9124//7551
f 6623//7552 6622//7553 6619//7554
f 6623//7552 6619//7554 6624//7555
f 9154//7556 8803//7543 5753//7545
f 9154//7556 5753//7545 5752//7557
f 8860//7558 5715//7559 5712//7560
f 6595//7505 6605//7515 6596//7506
f 6596//7506 6605//7515 8853//7561
f 6596//7506 8853//7561 9042//7562
f 6627//7563 6626//7564 6628//7565
f 6627//7563 6628//7565 8827//7566
f 6629//7567 8914//7568 6625//7569
f 6629//7567 6625//7569 8804//7570
f 6630//7571 8860//7558 5712//7560
f 6630//7571 5712//7560 5711//7572
f 6594//7504 6596//7506 6604//7514
f 6604//7514 6596//7506 9042//7562
f 6604//7514 9042//7562 9086//7546
f 6620//7549 6627//7563 8827//7566
f 6620//7549 8827//7566 8826//7550
f 6622//7553 6629//7567 8804//7570
f 6622//7553 8804//7570 6619//7554
f 8803//7543 6630//7571 5711//7572
f 8803//7543 5711//7572 5728//7544
f 6597//7507 6599//7509 6603//7513
f 6603//7513 6599//7509 9087//7547
f 6603//7513 9087//7547 6613//7529
f 9196//7532 6621//7548 9124//7551
f 9196//7532 9124//7551 6615//7533
f 9209//7536 6623//7552 6624//7555
f 9209//7536 6624//7555 6612//7537
f 9213//7526 9154//7556 5752//7557
f 9213//7526 5752//7557 5751//7527
f 6631//7573 5718//7574 5717//7575
f 6592//7502 6606//7516 6593//7503
f 6593//7503 6606//7516 7791//7576
f 6593//7503 7791//7576 6633//7577
f 7792//7578 6632//7579 7722//7580
f 7792//7578 7722//7580 7723//7581
f 6635//7582 6634//7583 7802//7584
f 6635//7582 7802//7584 7803//7585
f 6636//7586 6631//7573 5717//7575
f 6636//7586 5717//7575 5716//7587
f 6637//7588 5721//7589 5720//7590
f 6589//7499 6607//7517 6590//7500
f 6590//7500 6607//7517 7763//7591
f 6590//7500 7763//7591 7764//7592
f 6639//7593 6638//7594 7710//7595
f 6639//7593 7710//7595 6641//7596
f 7830//7597 6640//7598 7732//7599
f 7830//7597 7732//7599 7733//7600
f 6642//7601 6637//7588 5720//7590
f 6642//7601 5720//7590 5719//7602
f 6588//7498 6590//7500 6606//7516
f 6606//7516 6590//7500 7764//7592
f 6606//7516 7764//7592 7791//7576
f 6632//7579 6639//7593 6641//7596
f 6632//7579 6641//7596 7722//7580
f 6634//7583 7830//7597 7733//7600
f 6634//7583 7733//7600 7802//7584
f 6631//7573 6642//7601 5719//7602
f 6631//7573 5719//7602 5718//7574
f 6643//7603 5772//7604 5773//7605
f 6584//7494 6644//7606 6582//7492
f 6582//7492 6644//7606 6645//7607
f 6582//7492 6645//7607 6608//7518
f 8501//7608 7825//7609 7785//7610
f 8501//7608 7785//7610 7711//7611
f 6647//7612 6646//7613 7725//7614
f 6647//7612 7725//7614 7835//7615
f 6648//7616 6643//7603 5773//7605
f 6648//7616 5773//7605 5774//7617
f 6649//7618 5779//7619 5780//7620
f 6579//7489 8249//7621 7826//7622
f 6651//7623 6650//7624 8262//7625
f 6651//7623 8262//7625 7786//7626
f 6653//7627 6652//7628 8328//7629
f 6653//7627 8328//7629 7726//7630
f 6654//7631 6649//7618 5780//7620
f 6654//7631 5780//7620 5771//7632
f 6584//7494 6579//7489 6644//7606
f 6644//7606 6579//7489 7826//7622
f 6644//7606 7826//7622 6645//7607
f 7825//7609 6651//7623 7786//7626
f 7825//7609 7786//7626 7785//7610
f 6646//7613 6653//7627 7726//7630
f 6646//7613 7726//7630 7725//7614
f 6643//7603 6654//7631 5771//7632
f 6643//7603 5771//7632 5772//7604
f 6585//7495 6587//7497 6607//7517
f 6607//7517 6587//7497 6608//7518
f 6607//7517 6608//7518 7763//7591
f 6638//7594 8501//7608 7711//7611
f 6638//7594 7711//7611 7710//7595
f 6640//7598 6647//7612 7835//7615
f 6640//7598 7835//7615 7732//7599
f 6637//7588 6648//7616 5774//7617
f 6637//7588 5774//7617 5721//7589
f 6591//7501 6593//7503 6605//7515
f 6605//7515 6593//7503 6633//7577
f 6605//7515 6633//7577 8853//7561
f 6626//7564 7792//7578 7723//7581
f 6626//7564 7723//7581 6628//7565
f 8914//7568 6635//7582 7803//7585
f 8914//7568 7803//7585 6625//7569
f 8860//7558 6636//7586 5716//7587
f 8860//7558 5716//7587 5715//7559
f 8586//7487 8585//7480 6655//7633
f 8636//7481 8503//7483 6656//7634
f 8390//7484 8389//7477 9100//7635
f 8356//7478 8355//7474 7542//7636
f 7624//7475 6659//7637 7562//7638
f 7562//7638 6659//7637 6661//7639
f 7770//7640 6660//7641 7389//7642
f 7389//7642 6660//7641 7745//7643
f 7389//7642 7745//7643 7390//7644
f 6665//7645 5782//7646 5781//7647
f 6666//7648 5786//7649 5819//7650
f 8586//7487 6655//7633 9066//7488
f 6578//7651 9067//7652 6667//7653
f 6578//7651 6667//7653 6668//7654
f 7373//7655 7416//7656 7353//7657
f 7373//7655 7353//7657 7354//7658
f 6669//7659 6666//7648 5819//7650
f 6669//7659 5819//7650 5783//7660
f 6576//7486 9066//7488 6670//7661
f 9296//7662 6578//7651 6668//7654
f 9296//7662 6668//7654 7374//7663
f 6671//7664 7373//7655 7354//7658
f 6671//7664 7354//7658 7376//7665
f 6665//7645 6669//7659 5783//7660
f 6665//7645 5783//7660 5782//7646
f 6672//7666 5831//7667 5830//7668
f 8636//7481 6656//7634 9095//7482
f 6572//7669 9103//7670 6673//7671
f 6572//7669 6673//7671 7417//7672
f 6674//7673 7418//7674 7366//7675
f 6674//7673 7366//7675 7476//7676
f 6675//7677 6672//7666 5830//7668
f 6675//7677 5830//7668 5829//7678
f 6676//7679 5834//7680 5833//7681
f 8390//7484 9100//7635 9099//7485
f 6575//7682 6657//7683 6677//7684
f 6575//7682 6677//7684 7419//7685
f 6678//7686 7411//7687 7368//7688
f 6678//7686 7368//7688 7367//7689
f 6679//7690 6676//7679 5833//7681
f 6679//7690 5833//7681 5832//7691
f 8503//7483 9099//7485 6656//7634
f 9103//7670 6575//7682 7419//7685
f 9103//7670 7419//7685 6673//7671
f 7418//7674 6678//7686 7367//7689
f 7418//7674 7367//7689 7366//7675
f 6672//7666 6679//7690 5832//7691
f 6672//7666 5832//7691 5831//7667
f 8585//7480 9095//7482 6655//7633
f 9067//7652 6572//7669 7417//7672
f 9067//7652 7417//7672 6667//7653
f 7416//7656 6674//7673 7476//7676
f 7416//7656 7476//7676 7353//7657
f 6666//7648 6675//7677 5829//7678
f 6666//7648 5829//7678 5786//7649
f 9341//7692 6662//7693 9342//7694
f 9342//7694 6662//7693 6663//7695
f 9342//7694 6663//7695 9344//7696
f 9344//7696 6663//7695 6664//7697
f 9344//7696 6664//7697 9352//7698
f 6684//7699 5840//7700 5841//7701
f 8356//7478 7542//7636 9167//7479
f 6569//7702 6658//7703 6685//7704
f 6569//7702 6685//7704 7412//7705
f 6686//7706 9356//7707 9339//7708
f 6686//7706 9339//7708 7369//7709
f 6687//7710 6684//7699 5841//7701
f 6687//7710 5841//7701 5835//7711
f 7624//7475 7562//7638 6566//7476
f 7541//7712 6660//7641 7770//7640
f 7541//7712 7770//7640 6688//7713
f 7771//7714 6662//7693 9341//7692
f 7771//7714 9341//7692 6689//7715
f 9340//7716 6680//7717 5863//7718
f 9340//7716 5863//7718 5839//7719
f 8355//7474 6566//7476 7542//7636
f 6658//7703 7541//7712 6688//7713
f 6658//7703 6688//7713 6685//7704
f 9356//7707 7771//7714 6689//7715
f 9356//7707 6689//7715 9339//7708
f 6684//7699 9340//7716 5839//7719
f 6684//7699 5839//7719 5840//7700
f 5870//7720 5869//7721 6690//7722
f 6690//7722 5869//7721 6683//7723
f 6690//7722 9352//7698 7676//7724
f 7676//7724 9352//7698 6664//7697
f 6691//7725 7390//7644 7746//7726
f 7746//7726 7390//7644 7745//7643
f 6692//7727 6661//7639 7807//7728
f 7807//7728 6661//7639 6659//7637
f 5869//7721 5868//7729 6683//7723
f 6683//7723 5868//7729 5867//7730
f 6683//7723 5867//7730 6682//7731
f 6682//7731 5867//7730 5866//7732
f 6682//7731 5866//7732 6681//7733
f 6681//7733 5866//7732 5865//7734
f 6681//7733 5865//7734 6680//7717
f 6680//7717 5865//7734 5864//7735
f 6680//7717 5864//7735 5863//7718
f 8389//7477 9167//7479 9100//7635
f 6657//7683 6569//7702 7412//7705
f 6657//7683 7412//7705 6677//7684
f 7411//7687 6686//7706 7369//7709
f 7411//7687 7369//7709 7368//7688
f 6676//7679 6687//7710 5835//7711
f 6676//7679 5835//7711 5834//7680
f 6579//7489 6581//7491 8249//7621
f 6650//7624 9070//7736 8734//7737
f 6650//7624 8734//7737 8262//7625
f 6652//7628 6694//7738 8694//7739
f 6652//7628 8694//7739 8328//7629
f 6649//7618 6695//7740 5778//7741
f 6649//7618 5778//7741 5779//7619
f 6696//7742 6544//7454 6697//7743
f 6697//7743 6544//7454 6543//7453
f 6697//7743 6543//7453 7877//7744
f 6553//7463 6699//7745 6700//7746
f 6700//7746 6699//7745 6701//7747
f 6529//7414 6551//7461 6702//7748
f 6702//7748 6551//7461 6550//7460
f 6702//7748 6550//7460 6703//7749
f 6704//7750 6700//7746 6705//7751
f 6705//7751 6700//7746 6701//7747
f 6705//7751 6701//7747 6706//7752
f 5873//7753 5872//7450 6707//7754
f 6707//7754 5872//7450 6542//7452
f 6707//7754 6542//7452 9321//7755
f 9321//7755 6542//7452 9226//7756
f 6708//7757 6709//7758 7535//7759
f 7535//7759 6709//7758 6711//7760
f 6710//7761 7536//7762 7598//7763
f 7598//7763 7536//7762 7599//7764
f 5876//7765 5875//7447 6714//7766
f 6714//7766 5875//7447 6541//7449
f 6714//7766 6541//7449 6715//7767
f 6715//7767 6541//7449 6716//7768
f 7596//7769 7708//7770 6717//7771
f 6717//7771 7708//7770 6718//7772
f 7530//7773 7607//7774 7486//7775
f 7486//7775 7607//7774 7487//7776
f 7598//7763 7487//7776 6710//7761
f 6710//7761 7487//7776 7607//7774
f 7535//7759 6718//7772 6708//7757
f 6708//7757 6718//7772 7708//7770
f 9321//7755 6716//7768 6707//7754
f 6707//7754 6716//7768 6541//7449
f 6707//7754 6541//7449 5873//7753
f 5873//7753 6541//7449 5874//7448
f 5826//7777 5827//7444 6721//7778
f 6721//7778 5827//7444 6540//7446
f 6721//7778 6540//7446 6722//7779
f 6722//7779 6540//7446 6723//7780
f 7261//7781 7408//7782 6724//7783
f 6724//7783 7408//7782 6725//7784
f 7377//7785 7378//7786 8038//7787
f 8038//7787 7378//7786 7496//7788
f 5806//7789 5824//7441 6728//7790
f 6728//7790 5824//7441 6539//7443
f 6728//7790 6539//7443 6729//7791
f 6729//7791 6539//7443 6730//7792
f 8133//7793 7262//7794 6731//7795
f 6731//7795 7262//7794 8245//7796
f 8068//7797 6732//7798 8107//7799
f 8107//7799 6732//7798 8154//7800
f 8038//7787 8154//7800 7377//7785
f 7377//7785 8154//7800 6732//7798
f 6724//7783 8245//7796 7261//7781
f 7261//7781 8245//7796 7262//7794
f 6722//7779 6730//7792 6721//7778
f 6721//7778 6730//7792 6539//7443
f 6721//7778 6539//7443 5826//7777
f 5826//7777 6539//7443 5825//7442
f 7486//7775 7496//7788 7530//7773
f 7530//7773 7496//7788 7378//7786
f 6717//7771 6725//7784 7596//7769
f 7596//7769 6725//7784 7408//7782
f 6715//7767 6723//7780 6714//7766
f 6714//7766 6723//7780 6540//7446
f 6714//7766 6540//7446 5876//7765
f 5876//7765 6540//7446 5828//7445
f 5784//7801 5785//7438 6735//7802
f 6735//7802 5785//7438 6538//7440
f 6735//7802 6538//7440 6736//7803
f 6736//7803 6538//7440 8224//7804
f 8127//7805 6737//7806 6738//7807
f 6738//7807 6737//7806 6739//7808
f 8192//7809 8069//7810 8174//7811
f 8174//7811 8069//7810 8108//7812
f 5775//7813 5776//7436 6742//7814
f 6742//7814 5776//7436 6537//7437
f 6742//7814 6537//7437 6743//7815
f 6743//7815 6537//7437 7909//7816
f 6743//7815 6744//7817 7931//7818
f 7931//7818 6744//7817 7932//7819
f 6745//7820 6746//7821 7876//7822
f 7876//7822 6746//7821 8049//7823
f 8174//7811 8049//7823 8192//7809
f 8192//7809 8049//7823 6746//7821
f 6738//7807 7932//7819 8127//7805
f 8127//7805 7932//7819 6744//7817
f 6736//7803 7909//7816 6735//7802
f 6735//7802 7909//7816 6537//7437
f 6735//7802 6537//7437 5784//7801
f 5784//7801 6537//7437 5777//7436
f 5756//7824 5755//7433 6749//7825
f 6749//7825 5755//7433 6536//7435
f 6749//7825 6536//7435 6750//7826
f 6750//7826 6536//7435 6751//7827
f 6750//7826 6751//7827 6752//7828
f 6752//7828 6751//7827 7847//7829
f 7823//7830 6753//7831 7616//7832
f 7616//7832 6753//7831 7747//7833
f 5759//7834 5758//7430 6756//7835
f 6756//7835 5758//7430 6535//7432
f 6756//7835 6535//7432 6757//7836
f 6757//7836 6535//7432 6758//7837
f 6757//7836 6758//7837 6759//7838
f 6759//7838 6758//7837 6760//7839
f 6759//7838 7824//7840 8919//7841
f 8919//7841 7824//7840 7617//7842
f 7616//7832 7617//7842 7823//7830
f 7823//7830 7617//7842 7824//7840
f 6752//7828 6760//7839 6750//7826
f 6750//7826 6760//7839 6758//7837
f 6750//7826 6758//7837 6749//7825
f 6749//7825 6758//7837 6535//7432
f 6749//7825 6535//7432 5756//7824
f 5756//7824 6535//7432 5757//7431
f 7876//7822 7747//7833 6745//7820
f 6745//7820 7747//7833 6753//7831
f 7931//7818 7847//7829 6743//7815
f 6743//7815 7847//7829 6751//7827
f 6743//7815 6751//7827 6742//7814
f 6742//7814 6751//7827 6536//7435
f 6742//7814 6536//7435 5775//7813
f 5775//7813 6536//7435 5754//7434
f 8107//7799 8108//7812 8068//7797
f 8068//7797 8108//7812 8069//7810
f 6731//7795 6739//7808 8133//7793
f 8133//7793 6739//7808 6737//7806
f 6729//7791 8224//7804 6728//7790
f 6728//7790 8224//7804 6538//7440
f 6728//7790 6538//7440 5806//7789
f 5806//7789 6538//7440 5805//7439
f 6763//7843 6545//7455 6764//7844
f 6764//7844 6545//7455 6544//7454
f 6764//7844 6544//7454 6765//7845
f 6765//7845 6544//7454 6696//7742
f 6765//7845 6696//7742 6561//7471
f 6766//7846 6767//7847 6768//7848
f 6768//7848 6767//7847 6563//7473
f 6768//7848 6563//7473 6769//7849
f 6769//7849 6563//7473 6562//7472
f 6769//7849 6562//7472 6555//7465
f 6770//7850 6771//7851 6772//7852
f 6772//7852 6771//7851 6557//7467
f 6772//7852 6557//7467 6773//7853
f 6773//7853 6557//7467 6556//7466
f 6773//7853 6556//7466 6558//7468
f 6774//7854 6775//7855 6776//7856
f 6776//7856 6775//7855 6560//7470
f 6776//7856 6560//7470 6777//7857
f 6777//7857 6560//7470 6559//7469
f 6777//7857 6559//7469 6546//7456
f 6778//7858 6779//7859 6780//7860
f 6780//7860 6779//7859 6548//7458
f 6780//7860 6548//7458 6781//7861
f 6781//7861 6548//7458 6547//7457
f 6781//7861 6547//7457 6552//7462
f 6782//7862 6704//7750 6783//7863
f 6783//7863 6704//7750 6705//7751
f 6783//7863 6705//7751 6784//7864
f 6784//7864 6705//7751 6706//7752
f 6784//7864 6706//7752 6785//7865
f 7878//7866 7877//7744 6787//7867
f 6787//7867 7877//7744 6543//7453
f 6787//7867 6543//7453 6788//7868
f 6788//7868 6543//7453 6545//7455
f 6788//7868 6545//7455 6534//7429
f 6534//7429 6545//7455 6763//7843
f 6534//7429 6763//7843 5743//7427
f 5743//7427 6763//7843 5744//7869
f 5747//7870 5746//7424 6766//7846
f 6766//7846 5746//7424 6533//7426
f 6766//7846 6533//7426 6767//7847
f 6561//7471 6563//7473 6765//7845
f 6765//7845 6563//7473 6767//7847
f 6765//7845 6767//7847 6764//7844
f 6764//7844 6767//7847 6533//7426
f 6764//7844 6533//7426 6763//7843
f 6763//7843 6533//7426 5745//7425
f 6763//7843 5745//7425 5744//7869
f 5710//7871 5727//7421 6770//7850
f 6770//7850 5727//7421 6532//7423
f 6770//7850 6532//7423 6771//7851
f 5707//7872 5708//7418 6774//7854
f 6774//7854 5708//7418 6531//7420
f 6774//7854 6531//7420 6775//7855
f 6558//7468 6560//7470 6773//7853
f 6773//7853 6560//7470 6775//7855
f 6773//7853 6775//7855 6772//7852
f 6772//7852 6775//7855 6531//7420
f 6772//7852 6531//7420 6770//7850
f 6770//7850 6531//7420 5709//7419
f 6770//7850 5709//7419 5710//7871
f 6555//7465 6557//7467 6769//7849
f 6769//7849 6557//7467 6771//7851
f 6769//7849 6771//7851 6768//7848
f 6768//7848 6771//7851 6532//7423
f 6768//7848 6532//7423 6766//7846
f 6766//7846 6532//7423 5748//7422
f 6766//7846 5748//7422 5747//7870
f 5700//7873 5705//7415 6778//7858
f 6778//7858 5705//7415 6530//7417
f 6778//7858 6530//7417 6779//7859
f 6553//7463 6700//7746 6554//7464
f 6554//7464 6700//7746 6704//7750
f 6554//7464 6704//7750 6789//7874
f 6789//7874 6704//7750 6782//7862
f 6789//7874 6782//7862 6790//7875
f 6790//7875 6782//7862 5698//7876
f 6790//7875 5698//7876 5699//7877
f 6552//7462 6554//7464 6781//7861
f 6781//7861 6554//7464 6789//7874
f 6781//7861 6789//7874 6780//7860
f 6780//7860 6789//7874 6790//7875
f 6780//7860 6790//7875 6778//7858
f 6778//7858 6790//7875 5699//7877
f 6778//7858 5699//7877 5700//7873
f 5703//7878 5702//7879 6785//7865
f 6785//7865 5702//7879 5701//7880
f 6785//7865 5701//7880 6784//7864
f 5701//7880 5696//7881 6784//7864
f 6784//7864 5696//7881 5695//7882
f 6784//7864 5695//7882 6783//7863
f 6783//7863 5695//7882 5694//7883
f 6783//7863 5694//7883 6782//7862
f 6782//7862 5694//7883 5693//7884
f 6782//7862 5693//7884 5698//7876
f 6546//7456 6548//7458 6777//7857
f 6777//7857 6548//7458 6779//7859
f 6777//7857 6779//7859 6776//7856
f 6776//7856 6779//7859 6530//7417
f 6776//7856 6530//7417 6774//7854
f 6774//7854 6530//7417 5706//7416
f 6774//7854 5706//7416 5707//7872
f 6791//7885 6549//7459 6792//7886
f 6792//7886 6549//7459 6551//7461
f 6792//7886 6551//7461 6793//7887
f 6793//7887 6551//7461 6529//7414
f 6793//7887 6529//7414 6794//7888
f 6794//7888 6529//7414 5972//6461
f 6794//7888 5972//6461 5704//6462
f 8919//7841 7878//7866 6759//7838
f 6759//7838 7878//7866 6787//7867
f 6759//7838 6787//7867 6757//7836
f 6757//7836 6787//7867 6788//7868
f 6757//7836 6788//7868 6756//7835
f 6756//7835 6788//7868 6534//7429
f 6756//7835 6534//7429 5759//7834
f 5759//7834 6534//7429 5760//7428
f 5971//6460 6529//7414 5965//6452
f 5965//6452 6529//7414 6702//7748
f 5965//6452 6702//7748 5963//6450
f 5963//6450 6702//7748 6703//7749
f 5963//6450 6703//7749 5958//6445
s 0
f 6795//7889 8745//7889 8754//7889
f 8755//7890 8744//7890 6798//7890
s 1
f 8793//7891 6800//7892 8753//7893
f 6797//7894 8794//7895 6801//7896
f 6797//7894 6801//7896 8765//7897
s 0
f 6802//7898 6803//7899 8737//7900
s 1
f 6804//7901 8746//7902 8534//7903
f 6806//7904 6807//7905 8413//7906
f 8414//7907 8446//7908 8415//7909
s 0
f 6802//7910 8600//7911 6803//7911
f 6803//7911 8600//7911 8581//7911
s 1
f 8746//7902 8580//7912 8415//7909
s 0
f 6809//7913 8582//7914 8549//7913
f 6809//7913 8549//7913 6808//7913
s 1
f 6796//7915 6813//7916 8715//7917
f 8715//7917 6813//7916 8391//7918
f 8714//7919 8393//7920 8534//7903
s 0
f 6805//7921 8392//7922 8398//7921
f 6805//7923 8398//7923 8736//7923
s 1
f 8344//7924 8346//7925 8351//7926
f 6806//7904 8406//7927 6807//7905
s 0
f 6807//7905 8406//7927 8354//7927
s 1
f 8446//7908 8352//7928 8351//7926
s 0
f 6818//7929 8353//7929 8386//7929
f 6818//7929 8386//7929 6816//7929
s 1
f 8308//7930 8319//7931 8309//7932
f 8345//7933 6825//7934 6817//7935
f 6817//7935 6825//7934 6826//7936
f 6817//7935 6826//7936 6823//7937
f 6823//7937 6826//7936 6827//7938
f 6823//7937 6827//7938 6824//7939
f 6828//7940 8489//7941 8471//7942
f 8505//7943 8470//7944 8473//7945
f 8545//7946 6833//7947 8525//7948
f 8523//7949 8410//7950 8516//7951
s 0
f 8472//7952 8620//7953 6831//7953
f 6831//7954 8620//7954 8518//7955
s 1
f 8473//7945 8517//7956 8516//7951
s 0
f 6835//7957 8519//7958 8550//7959
f 6835//7957 8550//7960 8524//7961
s 1
f 6824//7939 6839//7962 6822//7963
f 6822//7963 6839//7962 8403//7964
f 8308//7930 8404//7965 8505//7943
s 0
f 6828//7966 8405//7967 8596//7967
s 1
f 6828//7940 8596//7940 8489//7941
f 8545//7946 8546//7968 6833//7947
s 0
f 6833//7969 8546//7969 8411//7969
s 1
f 8410//7950 6843//7970 8679//7971
f 6844//7972 8412//7973 6845//7974
f 6844//7972 6845//7974 6846//7975
f 8668//7976 6845//7974 6847//7977
s 0
f 8597//7978 8634//7978 8688//7978
s 1
f 8686//7979 8633//7980 8682//7981
f 6847//7977 6852//7982 8668//7976
f 8668//7976 6852//7982 8684//7983
f 8668//7976 8684//7983 8683//7984
s 0
f 6851//7985 6853//7986 8708//7985
f 6851//7987 8708//7987 8687//7987
s 1
f 9035//7988 8697//7989 8994//7990
f 8979//7991 6859//7992 9162//7993
s 0
f 8995//7994 6861//7994 6855//7994
f 6855//7995 6861//7995 9109//7995
s 1
f 9035//7988 9110//7996 8981//7997
f 6859//7992 6862//7998 6863//7998
f 6859//7992 6863//7998 9162//7993
s 0
f 8597//7999 8598//7999 8634//7999
f 8635//8000 6864//8000 8649//8000
f 6849//8001 8651//8001 8698//8001
f 6856//8002 6865//8002 6866//8002
f 6856//8003 6866//8003 6857//8003
f 6860//8004 9139//8004 6858//8004
f 8980//8005 6867//8006 6868//8007
f 8980//8005 6868//8008 8904//8009
s 1
f 8903//8010 8902//8011 6870//8012
f 6870//8012 6871//8013 8903//8010
f 8903//8010 6871//8013 6872//8014
f 8903//8010 6872//8014 6873//8015
f 8964//8016 9047//8017 6876//8018
f 6872//8014 6877//8019 6873//8015
f 6873//8015 6877//8019 8892//8020
f 8932//8021 6878//8022 9047//8017
s 0
f 6875//8023 8893//8024 6879//8024
f 6875//8023 6879//8025 8850//8026
s 1
f 8836//8027 8886//8028 6882//8029
s 0
f 8885//8030 6881//8031 6883//8031
f 8884//8032 7601//8033 6880//8033
f 6880//8033 7601//8033 7602//8034
s 1
f 8836//8027 7604//8035 7632//8036
s 0
f 7633//8037 7603//8037 7605//8037
f 8851//8038 7583//8039 8965//8039
f 8965//8040 7583//8040 7524//8040
f 6874//8041 6889//8041 8888//8041
f 8887//8042 7523//8042 7526//8042
f 6881//8031 6890//8043 6883//8031
s 1
f 5885//6348 7709//6347 6891//8044
f 6891//8044 5884//8045 6892//8046
f 6891//8044 6892//8046 7769//8047
f 7768//8048 7724//8049 7632//8036
s 0
f 6893//8050 6886//8051 7812//8051
f 7812//8052 6886//8052 7606//8052
s 1
f 6895//8053 8009//8054 6897//8055
s 0
f 7970//8056 6896//8056 6898//8056
s 1
f 6252//6967 6899//8057 8318//7412
f 8318//7412 6899//8057 6900//8058
f 6527//8059 8010//8060 8009//8054
f 8008//8061 6900//8058 6901//8062
f 8008//8061 6901//8062 7971//8063
f 6902//8064 8095//8065 8096//8066
f 6904//8067 6903//8068 8128//8069
f 6906//8070 6907//8071 6908//8072
f 6902//8064 6909//8073 8095//8065
f 8095//8065 6909//8073 6910//8074
f 6903//8068 8094//8075 6908//8072
f 8056//8076 6910//8074 6911//8077
f 8056//8076 6911//8077 8044//8078
f 7969//8079 6912//8080 7833//8081
f 7833//8081 6912//8080 7834//8082
f 6895//8053 6913//8083 8128//8069
f 6905//8084 7834//8082 6914//8085
f 6905//8084 6914//8085 8096//8066
f 7403//8086 7255//8087 7256//8088
f 6526//7411 6918//8089 8357//7409
f 8357//7409 6918//8089 6919//8090
f 8357//7409 6919//8090 6916//8091
f 6916//8091 6919//8090 6920//8092
f 6916//8091 6920//8092 6917//8093
f 6921//8094 9337//8095 6923//8096
f 7594//8097 6922//8098 6924//8099
f 6925//8100 7575//8101 7558//8102
f 9337//8095 6928//8103 7515//8104
f 7515//8104 6928//8103 7516//8105
f 6924//8099 6929//8106 7558//8102
f 6927//8107 7516//8105 6930//8108
f 6927//8107 6930//8108 7557//8109
f 6917//8093 6931//8110 6915//8111
f 6915//8111 6931//8110 7404//8112
f 7403//8086 6932//8113 7594//8097
f 6923//8096 7404//8112 6933//8114
f 6923//8096 6933//8114 6921//8094
f 8044//8078 6934//8115 8045//8116
f 8045//8116 6934//8115 7894//8117
f 8045//8116 7894//8117 7891//8118
s 0
f 7892//8119 6935//8119 6936//8119
s 1
f 6525//7410 7901//8120 6526//7411
f 7557//8109 6937//8121 6926//8122
f 6926//8122 6937//8121 9288//8123
f 6926//8122 9288//8123 7635//8124
f 6938//8125 6940//8126 7634//8127
f 7634//8127 6940//8126 6941//8128
f 7634//8127 6941//8128 6942//8129
f 6942//8129 6941//8128 6943//8130
f 9222//8131 9303//8132 6946//8133
f 6943//8130 6947//8134 6942//8129
f 9287//8135 9214//8136 6948//8137
f 9287//8135 6948//8137 9304//8138
f 6945//8139 9215//8140 6949//8141
f 6945//8139 6949//8141 9261//8142
f 9174//8143 9194//8144 9175//8145
f 6952//8146 6951//8147 6953//8148
f 9155//8149 9166//8150 6956//8151
f 9156//8152 6955//8153 6957//8154
s 0
f 9176//8155 9192//8156 6950//8156
f 6950//8156 9192//8156 9316//8157
s 1
f 9174//8143 6959//8158 9166//8150
f 6955//8153 9315//8159 6960//8160
f 6955//8153 6960//8160 6957//8154
s 0
f 9262//8161 7304//8161 6944//8161
f 6944//8162 7304//8162 7305//8163
s 1
f 9222//8131 6962//8164 9194//8144
f 6951//8147 7306//8165 6963//8166
f 6951//8147 6963//8166 6953//8148
f 6964//8167 7351//8168 7352//8169
s 0
f 7342//8170 7413//8171 7344//8172
s 1
f 6969//8173 6968//8174 7392//8175
f 6964//8167 6971//8176 7351//8168
f 7351//8168 6971//8176 7458//8177
f 6965//8178 6972//8179 7392//8175
f 6970//8180 7458//8177 6973//8181
f 6970//8180 6973//8181 7343//8182
f 7435//8183 7438//8184 7444//8185
f 7436//8186 6977//8187 7437//8188
f 7437//8188 6977//8187 7442//8189
s 0
f 6975//8190 7443//8190 7501//8190
f 7502//8191 6978//8191 6980//8191
f 7342//8192 7664//8193 7413//8192
f 7413//8194 7664//8195 7469//8196
s 1
f 6968//8174 7468//8197 7444//8185
s 0
f 6976//8198 6982//8199 7504//8198
f 6976//8199 7504//8199 6974//8200
s 1
f 9156//8152 6984//8201 6954//8202
f 6954//8202 6984//8201 6985//8203
f 9155//8149 7521//8204 6966//8205
f 7352//8169 6985//8203 6986//8206
f 7352//8169 6986//8206 6964//8167
f 7914//8207 6987//8208 7503//8209
f 7503//8209 6987//8208 6988//8210
f 6979//8211 7798//8212 6989//8213
f 7789//8214 6988//8210 6990//8215
f 7789//8214 6990//8215 7790//8216
f 7790//8216 6990//8215 6992//8217
f 7790//8216 6992//8217 6799//8218
f 6799//8218 6992//8217 6993//8219
f 6799//8218 6993//8219 8794//7895
f 6994//8220 6298//7026 6297//7025
f 7555//8221 6996//8222 7678//8223
f 7678//8223 6996//8222 6998//8224
f 7678//8223 6998//8224 7679//8225
f 7679//8225 6998//8224 7000//8226
f 7679//8225 7000//8226 7731//8227
f 7731//8227 7000//8226 7002//8228
f 7731//8227 7002//8228 7749//8229
f 7749//8229 7002//8228 7004//8230
f 7749//8229 7004//8230 7940//8231
f 7940//8231 7004//8230 7006//8232
f 7940//8231 7006//8232 7820//8233
f 7820//8233 7006//8232 7008//8234
f 7820//8233 7008//8234 7821//8235
f 7821//8235 7008//8234 7010//8236
f 7821//8235 7010//8236 7836//8237
f 7836//8237 7010//8236 7012//8238
f 7836//8237 7012//8238 7013//8239
f 7013//8239 7012//8238 7014//8240
f 7013//8239 7014//8240 7015//8241
f 7015//8241 7014//8240 7016//8242
f 7015//8241 7016//8242 7017//8243
f 7017//8243 7016//8242 5887//6350
f 7555//8221 7018//8244 6996//8222
f 6996//8222 7018//8244 7019//8245
f 6996//8222 7019//8245 6998//8224
f 6998//8224 7019//8245 7020//8246
f 6998//8224 7020//8246 7000//8226
f 7000//8226 7020//8246 7021//8247
f 7000//8226 7021//8247 7002//8228
f 7002//8228 7021//8247 7022//8248
f 7002//8228 7022//8248 7004//8230
f 7004//8230 7022//8248 7023//8249
f 7004//8230 7023//8249 7006//8232
f 7006//8232 7023//8249 7024//8250
f 7006//8232 7024//8250 7008//8234
f 7008//8234 7024//8250 7025//8251
f 7008//8234 7025//8251 7010//8236
f 7010//8236 7025//8251 7026//8252
f 7010//8236 7026//8252 7012//8238
f 7012//8238 7026//8252 7027//8253
f 7012//8238 7027//8253 7014//8240
f 7014//8240 7027//8253 6994//8220
f 7014//8240 6994//8220 7016//8242
f 7016//8242 6994//8220 6297//7025
f 7016//8242 6297//7025 5887//6350
f 6054//6608 6299//7027 7028//8254
f 6299//7027 6298//7026 7028//8254
f 7028//8254 6298//7026 6994//8220
f 7028//8254 6994//8220 7029//8255
f 7029//8255 6994//8220 7027//8253
f 7029//8255 7027//8253 7030//8256
f 7030//8256 7027//8253 7026//8252
f 7030//8256 7026//8252 7031//8257
f 7031//8257 7026//8252 7025//8251
f 7031//8257 7025//8251 7032//8258
f 7032//8258 7025//8251 7024//8250
f 7032//8258 7024//8250 7033//8259
f 7033//8259 7024//8250 7023//8249
f 7033//8259 7023//8249 7034//8260
f 7034//8260 7023//8249 7022//8248
f 7034//8260 7022//8248 7035//8261
f 7035//8261 7022//8248 7021//8247
f 7035//8261 7021//8247 7036//8262
f 7036//8262 7021//8247 7020//8246
f 7036//8262 7020//8246 7037//8263
f 7037//8263 7020//8246 7019//8245
f 7037//8263 7019//8245 7038//8264
f 7038//8264 7019//8245 7018//8244
f 7038//8264 7018//8244 7039//8265
f 7040//8266 7041//8267 8468//8268
f 8468//8268 7041//8267 7043//8269
f 8468//8268 7043//8269 7044//8270
f 7044//8270 7043//8269 7045//8271
f 7044//8270 7045//8271 7046//8272
f 7046//8272 7045//8271 7047//8273
f 7046//8272 7047//8273 7048//8274
f 7048//8274 7047//8273 7039//8265
f 7039//8265 7018//8244 7048//8274
f 8604//8275 7018//8244 7555//8221
f 8604//8275 7555//8221 8491//8276
f 8491//8276 7555//8221 7556//8277
f 8491//8276 7556//8277 8469//8278
f 8469//8278 7556//8277 7050//8279
f 8469//8278 7050//8279 7042//8280
f 7042//8280 7050//8279 8050//8281
f 7042//8280 8050//8281 9163//8282
f 6523//7343 5878//6341 7052//8283
f 7052//8283 5878//6341 6528//7413
f 7052//8283 6528//7413 7053//8284
f 7053//8284 6528//7413 7054//8285
f 7053//8284 7054//8285 7055//8286
f 7055//8286 7054//8285 7056//8287
f 7055//8286 7056//8287 7057//8288
f 7057//8288 7056//8287 7058//8289
f 7057//8288 7058//8289 7059//8290
f 7059//8290 7058//8289 7060//8291
f 7059//8290 7060//8291 7061//8292
f 7061//8292 7060//8291 7062//8293
f 7061//8292 7062//8293 7063//8294
f 7063//8294 7062//8293 7064//8295
f 7063//8294 7064//8295 7065//8296
f 7065//8296 7064//8295 7066//8297
f 7065//8296 7066//8297 7067//8298
f 7067//8298 7066//8297 7068//8299
f 7067//8298 7068//8299 7069//8300
f 7069//8300 7068//8299 7070//8301
f 7069//8300 7070//8301 7071//8302
f 7071//8302 7070//8301 7072//8303
f 7071//8302 7072//8303 7073//8304
f 7073//8304 7072//8303 7074//8305
f 7073//8304 7074//8305 7075//8306
f 7075//8306 7074//8305 7076//8307
f 7075//8306 7076//8307 7077//8308
f 7077//8308 7076//8307 7078//8309
f 7077//8308 7078//8309 7079//8310
f 7079//8310 7078//8309 7080//8311
f 7079//8310 7080//8311 7081//8312
f 7081//8312 7080//8311 7082//8313
f 7081//8312 7082//8313 7083//8314
f 7083//8314 7082//8313 7084//8315
f 7083//8314 7084//8315 8122//8316
f 8122//8316 7084//8315 7086//8317
f 8122//8316 7086//8317 8036//8318
f 8036//8318 7086//8317 8022//8319
f 8036//8318 8022//8319 8037//8320
f 8037//8320 8022//8319 8023//8321
f 8037//8320 8023//8321 7091//8322
f 7091//8322 8023//8321 8693//8323
f 7091//8322 8693//8323 7093//8324
f 7093//8324 8693//8323 8716//8325
f 7093//8324 8716//8325 7095//8326
f 7095//8326 8716//8325 8717//8327
f 7095//8326 8717//8327 7097//8328
f 7097//8328 8717//8327 8805//8329
f 7097//8328 8805//8329 7099//8330
f 7099//8330 8805//8329 8782//8331
f 7099//8330 8782//8331 7101//8332
f 7101//8332 8782//8331 8773//8333
f 7101//8332 8773//8333 7103//8334
f 7103//8334 8773//8333 8774//8335
f 7103//8334 8774//8335 7105//8336
f 7105//8336 8774//8335 7106//8337
f 7105//8336 7106//8337 7107//8338
f 7107//8338 7106//8337 7108//8339
f 7107//8338 7108//8339 7109//8340
f 7109//8340 7108//8339 7110//8341
f 7109//8340 7110//8341 7111//8342
f 7111//8342 7110//8341 8896//8343
f 7111//8342 8896//8343 7113//8344
f 7113//8344 8896//8343 7114//8345
f 7113//8344 7114//8345 7115//8346
f 7115//8346 7114//8345 7116//8347
f 7115//8346 7116//8347 7117//8348
f 7117//8348 7116//8347 7118//8349
f 7117//8348 7118//8349 7119//8350
f 7119//8350 7118//8349 7120//8351
f 7119//8350 7120//8351 7121//8352
f 7121//8352 7120//8351 7122//8353
f 7121//8352 7122//8353 7123//8354
f 7123//8354 7122//8353 7124//8355
f 7123//8354 7124//8355 7125//8356
f 7125//8356 7124//8355 7126//8357
f 7125//8356 7126//8357 7127//8358
f 7127//8358 7126//8357 7128//8359
f 7127//8358 7128//8359 7129//8360
f 7129//8360 7128//8359 7130//8361
f 7129//8360 7130//8361 7131//8362
f 7131//8362 7130//8361 7132//8363
f 7131//8362 7132//8363 7133//8364
f 7133//8364 7132//8363 7134//8365
f 7133//8364 7134//8365 7135//8366
f 7135//8366 7134//8365 7494//8367
f 7135//8366 7494//8367 7456//8368
f 7456//8368 7494//8367 7495//8369
f 7456//8368 7495//8369 7457//8370
f 7457//8370 7495//8369 7549//8371
f 7457//8370 7549//8371 7563//8372
f 7563//8372 7549//8371 7636//8373
f 7563//8372 7636//8373 7359//8374
f 7359//8374 7636//8373 7658//8375
f 7359//8374 7658//8375 7360//8376
f 8050//8281 7360//8376 9163//8282
f 9163//8282 7360//8376 7658//8375
f 7040//8266 7144//8377 7041//8267
f 7041//8267 7144//8377 8497//8378
f 7041//8267 8497//8378 7043//8269
f 7043//8269 8497//8378 6579//7489
f 7043//8269 6579//7489 7045//8271
f 7045//8271 6579//7489 6584//7494
f 7045//8271 6584//7494 7047//8273
f 7047//8273 6584//7494 6583//7493
f 7047//8273 6583//7493 7039//8265
f 7039//8265 6583//7493 6586//7496
f 7039//8265 6586//7496 7038//8264
f 7038//8264 6586//7496 6585//7495
f 7038//8264 6585//7495 7037//8263
f 7037//8263 6585//7495 6589//7499
f 7037//8263 6589//7499 7036//8262
f 7036//8262 6589//7499 6588//7498
f 7036//8262 6588//7498 7035//8261
f 7035//8261 6588//7498 6592//7502
f 7035//8261 6592//7502 7034//8260
f 7034//8260 6592//7502 6591//7501
f 7034//8260 6591//7501 7033//8259
f 7033//8259 6591//7501 6595//7505
f 7033//8259 6595//7505 7032//8258
f 7032//8258 6595//7505 6594//7504
f 7032//8258 6594//7504 7031//8257
f 7031//8257 6594//7504 6598//7508
f 7031//8257 6598//7508 7030//8256
f 7030//8256 6598//7508 6597//7507
f 7030//8256 6597//7507 7029//8255
f 7029//8255 6597//7507 6601//7511
f 7029//8255 6601//7511 7028//8254
f 7028//8254 6601//7511 6600//7510
f 7028//8254 6600//7510 6054//6608
f 6054//6608 6600//7510 6618//7541
f 6054//6608 6618//7541 6055//6609
f 6055//6609 6618//7541 6610//7542
f 6055//6609 6610//7542 7513//6805
f 6151//6806 7514//7522 6152//6807
f 7709//6347 6523//7343 7724//8049
f 7724//8049 6523//7343 7052//8283
f 7724//8049 7052//8283 7632//8036
f 7632//8036 7052//8283 7053//8284
f 7632//8036 7053//8284 8836//8027
f 8836//8027 7053//8284 7055//8286
f 8836//8027 7055//8286 8886//8028
f 8886//8028 7055//8286 7057//8288
f 8886//8028 7057//8288 8964//8016
f 8964//8016 7057//8288 7059//8290
f 8964//8016 7059//8290 9047//8017
f 9047//8017 7059//8290 7061//8292
f 9047//8017 7061//8292 8932//8021
f 8932//8021 7061//8292 7063//8294
f 8932//8021 7063//8294 6869//8379
f 6869//8379 7063//8294 7065//8296
f 6869//8379 7065//8296 8978//8380
f 8978//8380 7065//8296 7067//8298
f 8978//8380 7067//8298 8981//7997
f 8981//7997 7067//8298 7069//8300
f 8981//7997 7069//8300 9035//7988
f 9035//7988 7069//8300 7071//8302
f 9035//7988 7071//8302 8697//7989
f 8697//7989 7071//8302 7073//8304
f 8697//7989 7073//8304 8633//7980
f 8633//7980 7073//8304 7075//8306
f 8633//7980 7075//8306 8682//7981
f 8682//7981 7075//8306 7077//8308
f 8682//7981 7077//8308 8667//8381
f 8667//8381 7077//8308 7079//8310
f 8667//8381 7079//8310 8679//7971
f 8679//7971 7079//8310 7081//8312
f 8679//7971 7081//8312 8410//7950
f 8410//7950 7081//8312 8167//8382
f 8410//7950 8167//8382 8516//7951
f 8516//7951 8167//8382 7085//8383
f 8516//7951 7085//8383 8473//7945
f 8473//7945 7085//8383 7087//8384
f 8473//7945 7087//8384 8505//7943
f 8505//7943 7087//8384 7089//8385
f 8505//7943 7089//8385 8308//7930
f 8308//7930 7089//8385 8669//8386
f 8308//7930 8669//8386 8319//7931
f 8319//7931 8669//8386 8680//8387
f 8319//7931 8680//8387 8346//7925
f 8346//7925 8680//8387 8712//8388
f 8346//7925 8712//8388 8351//7926
f 8351//7926 8712//8388 8713//8389
f 8351//7926 8713//8389 8446//7908
f 8446//7908 8713//8389 8819//8390
f 8446//7908 8819//8390 8415//7909
f 8415//7909 8819//8390 8795//8391
f 8415//7909 8795//8391 8746//7902
f 8746//7902 8795//8391 8760//8392
f 8746//7902 8760//8392 8534//7903
f 8534//7903 8760//8392 8761//8393
f 8534//7903 8761//8393 8714//7919
f 8714//7919 8761//8393 8972//8394
f 8714//7919 8972//8394 8753//7893
f 8753//7893 8972//8394 8990//8395
f 8753//7893 8990//8395 8793//7891
f 8793//7891 8990//8395 9019//8396
f 8793//7891 9019//8396 6991//8397
f 6991//8397 9019//8396 8867//8398
f 6991//8397 8867//8398 6989//8213
f 6989//8213 8867//8398 8868//8399
f 6989//8213 8868//8399 6979//8211
f 6979//8211 8868//8399 8833//8400
f 6979//8211 8833//8400 7438//8184
f 7438//8184 8833//8400 8834//8401
f 7438//8184 8834//8401 7444//8185
f 7444//8185 8834//8401 8848//8402
f 7444//8185 8848//8402 6968//8174
f 6968//8174 8848//8402 8890//8403
f 6968//8174 8890//8403 7392//8175
f 7392//8175 8890//8403 8891//8404
f 7392//8175 8891//8404 6965//8178
f 6965//8178 8891//8404 8898//8405
f 6965//8178 8898//8405 6966//8205
f 6966//8205 8898//8405 8913//8406
f 6966//8205 8913//8406 9155//8149
f 9155//8149 8913//8406 8989//8407
f 9155//8149 8989//8407 9166//8150
f 9166//8150 8989//8407 8950//8408
f 9166//8150 8950//8408 9174//8143
f 9174//8143 8950//8408 8951//8409
f 9174//8143 8951//8409 9194//8144
f 9194//8144 8951//8409 7137//8410
f 9194//8144 7137//8410 9222//8131
f 9222//8131 7137//8410 7139//8411
f 9222//8131 7139//8411 9303//8132
f 9303//8132 7139//8411 7141//8412
f 9303//8132 7141//8412 9286//8413
f 9286//8413 7141//8412 7143//8414
f 9286//8413 7143//8414 6939//8415
f 6939//8415 7143//8414 7145//8416
f 6939//8415 7145//8416 7575//8101
f 7575//8101 7145//8416 7051//8417
f 7575//8101 7051//8417 7558//8102
f 7558//8102 7051//8417 8401//8418
f 7558//8102 8401//8418 6924//8099
f 6924//8099 8401//8418 7049//8419
f 6924//8099 7049//8419 7594//8097
f 7594//8097 7049//8419 6995//8420
f 7594//8097 6995//8420 7403//8086
f 7403//8086 6995//8420 6997//8421
f 7403//8086 6997//8421 7255//8087
f 7255//8087 6997//8421 6999//8422
f 7255//8087 6999//8422 6524//8423
f 6524//8423 6999//8422 7001//8424
f 6524//8423 7001//8424 7893//8425
f 7893//8425 7001//8424 7003//8426
f 7893//8425 7003//8426 6907//8071
f 6907//8071 7003//8426 7005//8427
f 6907//8071 7005//8427 6908//8072
f 6908//8072 7005//8427 7007//8428
f 6908//8072 7007//8428 6903//8068
f 6903//8068 7007//8428 7009//8429
f 6903//8068 7009//8429 8128//8069
f 8128//8069 7009//8429 7011//8430
f 8128//8069 7011//8430 6895//8053
f 6895//8053 7011//8430 8756//8431
f 6895//8053 8756//8431 8009//8054
f 8009//8054 8756//8431 8757//8432
f 8009//8054 8757//8432 6527//8059
f 6527//8059 8757//8432 7017//8243
f 6527//8059 7017//8243 8937//6349
f 8937//6349 7017//8243 5887//6350
f 6699//7745 6791//7885 6701//7747
f 6701//7747 6791//7885 6792//7886
f 6701//7747 6792//7886 6706//7752
f 6706//7752 6792//7886 6793//7887
f 6706//7752 6793//7887 6785//7865
f 6785//7865 6793//7887 6794//7888
f 6785//7865 6794//7888 5703//7878
f 5703//7878 6794//7888 5704//6462
f 7807//7728 7599//7764 6692//7727
f 6692//7727 7599//7764 7536//7762
f 7746//7726 6711//7760 6691//7725
f 6691//7725 6711//7760 6709//7758
f 7676//7724 9226//7756 6690//7722
f 6690//7722 9226//7756 6542//7452
f 6690//7722 6542//7452 5870//7720
f 5870//7720 6542//7452 5871//7451
f 5877//6340 5958//6445 6528//7413
f 6528//7413 5958//6445 6703//7749
f 6528//7413 6703//7749 7054//8285
f 7054//8285 6703//7749 6550//7460
f 7054//8285 6550//7460 7056//8287
f 7056//8287 6550//7460 6549//7459
f 7056//8287 6549//7459 7058//8289
f 7058//8289 6549//7459 6791//7885
f 7058//8289 6791//7885 7060//8291
f 7060//8291 6791//7885 6699//7745
f 7060//8291 6699//7745 7062//8293
f 7062//8293 6699//7745 6553//7463
f 7062//8293 6553//7463 7064//8295
f 7064//8295 6553//7463 6552//7462
f 7064//8295 6552//7462 7066//8297
f 7066//8297 6552//7462 6547//7457
f 7066//8297 6547//7457 7068//8299
f 7068//8299 6547//7457 6546//7456
f 7068//8299 6546//7456 7070//8301
f 7070//8301 6546//7456 6559//7469
f 7070//8301 6559//7469 7072//8303
f 7072//8303 6559//7469 6558//7468
f 7072//8303 6558//7468 7074//8305
f 7074//8305 6558//7468 6556//7466
f 7074//8305 6556//7466 7076//8307
f 7076//8307 6556//7466 6555//7465
f 7076//8307 6555//7465 7078//8309
f 7078//8309 6555//7465 6562//7472
f 7078//8309 6562//7472 7080//8311
f 7080//8311 6562//7472 6561//7471
f 7080//8311 6561//7471 7082//8313
f 7082//8313 6561//7471 6696//7742
f 7082//8313 6696//7742 7084//8315
f 7084//8315 6696//7742 9311//8433
f 7084//8315 9311//8433 7086//8317
f 7086//8317 9311//8433 6698//8434
f 7086//8317 6698//8434 7088//8435
f 7088//8435 6698//8434 6786//8436
f 7088//8435 6786//8436 7090//8437
f 7090//8437 6786//8436 6761//8438
f 7090//8437 6761//8438 7092//8439
f 7092//8439 6761//8438 6762//8440
f 7092//8439 6762//8440 7094//8441
f 7094//8441 6762//8440 6754//8442
f 7094//8441 6754//8442 7096//8443
f 7096//8443 6754//8442 6755//8444
f 7096//8443 6755//8444 7098//8445
f 7098//8445 6755//8444 6747//8446
f 7098//8445 6747//8446 7100//8447
f 7100//8447 6747//8446 6748//8448
f 7100//8447 6748//8448 7102//8449
f 7102//8449 6748//8448 6740//8450
f 7102//8449 6740//8450 7104//8451
f 7104//8451 6740//8450 6741//8452
f 7104//8451 6741//8452 8946//8453
f 8946//8453 6741//8452 6733//8454
f 8946//8453 6733//8454 9001//8455
f 9001//8455 6733//8454 6734//8456
f 9001//8455 6734//8456 9028//8457
f 9028//8457 6734//8456 6726//8458
f 9028//8457 6726//8458 7112//8459
f 7112//8459 6726//8458 6727//8460
f 7112//8459 6727//8460 8897//8461
f 8897//8461 6727//8460 6719//8462
f 8897//8461 6719//8462 8861//8463
f 8861//8463 6719//8462 6720//8464
f 8861//8463 6720//8464 8840//8465
f 8840//8465 6720//8464 6712//8466
f 8840//8465 6712//8466 8841//8467
f 8841//8467 6712//8466 6713//8468
f 8841//8467 6713//8468 8879//8469
f 8879//8469 6713//8468 6693//8470
f 8879//8469 6693//8470 8880//8471
f 8880//8471 6693//8470 7625//8472
f 8880//8471 7625//8472 8906//8473
f 8906//8473 7625//8472 6565//8474
f 8906//8473 6565//8474 8907//8475
f 8907//8475 6565//8474 6564//8476
f 8907//8475 6564//8476 9011//8477
f 9011//8477 6564//8476 6568//8478
f 9011//8477 6568//8478 8984//8479
f 8984//8479 6568//8478 6567//8480
f 8984//8479 6567//8480 8966//8481
f 8966//8481 6567//8480 6574//8482
f 8966//8481 6574//8482 7136//8483
f 7136//8483 6574//8482 6573//8484
f 7136//8483 6573//8484 7138//8485
f 7138//8485 6573//8484 6571//8486
f 7138//8485 6571//8486 7140//8487
f 7140//8487 6571//8486 6570//8488
f 7140//8487 6570//8488 7142//8489
f 7142//8489 6570//8488 6577//8490
f 7142//8489 6577//8490 7144//8377
f 7144//8377 6577//8490 8496//8491
f 7144//8377 8496//8491 8497//8378
f 6580//7490 6576//7486 6670//7661
f 6580//7490 6670//7661 6581//7491
f 9070//7736 9296//7662 7374//7663
f 9070//7736 7374//7663 8734//7737
f 6694//7738 6671//7664 7376//7665
f 6694//7738 7376//7665 8694//7739
f 6695//7740 6665//7645 5781//7647
f 6695//7740 5781//7647 5778//7741
f 6245//6976 6247//8492 7325//8493
s 0
f 7325//8494 6247//8494 7323//8494
s 1
f 6252//6967 6254//6969 7339//8495
f 7339//8495 6254//6969 6256//6971
f 7339//8495 6256//6971 7325//8493
f 7325//8493 6256//6971 6257//6975
f 7325//8493 6257//6975 6245//6976
f 6251//8496 7324//8497 7560//6961
f 7560//6961 7324//8497 7323//8498
f 7560//6961 7323//8498 6248//6960
f 6248//6960 7323//8498 6247//6958
f 6239//6946 6233//6938 7361//8499
f 7361//8499 6233//6938 7257//8500
f 6251//8496 7301//6963 7324//8497
f 7324//8497 7301//6963 6249//6962
f 7324//8497 6249//6962 7375//8501
s 0
f 7375//8502 6249//8502 6235//8502
s 1
f 6235//6940 7446//6942 7375//8501
f 7375//8501 7446//6942 6241//6951
f 7375//8501 6241//6951 7361//8499
f 7361//8499 6241//6951 7358//6947
f 7361//8499 7358//6947 6239//6946
f 6229//6933 7258//8503 6231//6936
f 6231//6936 7258//8503 7257//8500
f 6231//6936 7257//8500 6232//6937
f 6232//6937 7257//8500 6233//6938
f 6216//8504 6225//6926 7154//8505
f 7154//8505 6225//6926 7155//8506
f 6229//6933 8402//6929 7258//8503
f 7258//8503 8402//6929 6226//6928
f 7258//8503 6226//6928 7156//8507
f 7156//8507 6226//6928 6222//6921
f 6222//6921 7331//6917 7156//8507
f 7156//8507 7331//6917 6219//6915
f 7156//8507 6219//6915 7154//8505
f 7154//8505 6219//6915 9350//6914
f 7154//8505 9350//6914 6216//8504
f 6225//6926 6224//6924 7155//8506
f 7155//8506 6224//6924 6223//6922
f 7155//8506 6223//6922 7157//8508
f 7157//8508 6223//6922 7348//6902
f 7348//6902 6209//6901 7157//8508
f 7157//8508 6209//6901 6214//6908
f 7157//8508 6214//6908 7158//8509
f 7158//8509 6214//6908 6213//6907
f 6213//6907 6212//6906 7158//8509
f 7158//8509 6212//6906 6206//6898
f 7158//8509 6206//6898 7159//8510
f 6206//6898 7688//6894 7159//8510
f 7159//8510 7688//6894 6203//6893
f 7159//8510 6203//6893 7160//8511
f 7160//8511 6203//6893 6196//6881
s 0
f 7160//8512 6196//8512 7406//8512
s 1
f 7406//6880 6199//8513 7160//8514
f 7160//8514 6199//8513 6198//8515
f 7160//8514 6198//8515 7161//8516
f 6187//6866 8208//8517 6188//6868
f 6188//6868 8208//8517 8209//8518
f 6198//8515 6197//8519 7161//8516
f 7161//8516 6197//8519 7447//6871
f 7161//8516 7447//6871 8247//8520
s 0
f 8247//8521 7447//8521 6189//8521
s 1
f 8247//8522 6189//6870 6202//6892
f 6202//6892 6201//6890 8247//8522
f 8247//8522 6201//6890 6200//6888
f 8247//8522 6200//6888 8209//8518
f 8209//8518 6200//6888 9179//6869
f 8209//8518 9179//6869 6188//6868
f 9168//6852 8260//8523 9238//8524
f 9238//8524 8260//8523 8261//8525
f 6187//6866 6186//6864 8208//8517
f 8208//8517 6186//6864 9206//6863
f 8208//8517 9206//6863 8261//8525
f 8261//8525 9206//6863 9205//8526
f 8261//8525 9205//8526 9238//8524
f 9126//8527 8265//8528 9097//6855
f 9097//6855 8265//8528 8260//8523
f 9097//6855 8260//8523 6179//6854
f 6179//6854 8260//8523 9168//6852
f 9126//8527 9059//8529 8265//8528
f 8265//8528 9059//8529 9052//8530
f 8265//8528 9052//8530 9320//8531
s 0
f 9320//8532 9052//8532 6163//8532
s 1
f 9320//8531 6163//8533 7762//6848
f 7762//6848 6175//6847 9320//8531
f 9320//8531 6175//6847 9022//6846
f 9320//8531 9022//6846 9313//8534
f 9313//8534 9022//6846 6173//6840
f 9313//8534 6173//6840 9310//8535
f 9310//8535 6173//6840 6157//6839
f 9310//8535 6157//6839 6156//6823
f 6156//6823 6162//6822 9310//8535
f 9310//8535 6162//6822 7819//6821
f 9310//8535 7819//6821 9306//8536
f 9306//8536 7819//6821 6425//7245
f 9306//8536 6425//7245 9307//8537
f 9307//8537 6425//7245 6424//7244
f 9307//8537 6424//7244 6422//7242
f 6422//7242 7584//7238 9307//8537
f 9307//8537 7584//7238 6419//7236
f 9307//8537 6419//7236 7265//8538
f 7265//8538 6419//7236 7721//7235
f 7265//8538 7721//7235 7266//8539
f 7266//8539 7721//7235 6410//8540
f 7266//8539 6410//8540 6409//8541
f 6409//8541 6406//8542 7266//8539
f 7266//8539 6406//8542 7799//8543
f 7266//8539 7799//8543 7284//8544
f 7284//8544 7799//8543 7781//8545
f 7284//8544 7781//8545 9273//8546
f 9273//8546 7781//8545 7780//8547
s 0
f 9273//8548 7780//8548 6399//8548
s 1
f 6399//8549 7994//7206 9273//8546
f 9273//8546 7994//7206 6405//7205
f 9273//8546 6405//7205 7177//8550
f 6405//7205 7913//7201 7177//8550
f 7177//8550 7913//7201 6403//7200
f 7177//8550 6403//7200 9278//8551
f 9278//8551 6403//7200 6396//7193
f 9278//8551 6396//7193 6418//7234
f 6418//7234 8132//7230 9278//8551
f 9278//8551 8132//7230 6416//7228
f 9278//8551 6416//7228 9284//8552
f 9284//8552 6416//7228 7980//7227
f 9284//8552 7980//7227 7180//8553
f 7180//8553 7980//7227 7972//8554
f 7180//8553 7972//8554 6392//8555
f 6392//8555 7917//8556 7180//8553
f 7180//8553 7917//8556 8016//8557
f 7180//8553 8016//8557 7181//8558
f 7881//8559 7182//8560 6395//8561
f 6395//8561 7182//8560 7181//8558
f 6395//8561 7181//8558 6383//8562
f 6383//8562 7181//8558 8016//8557
f 7881//8559 7888//8563 7182//8560
f 7182//8560 7888//8563 6376//8564
f 7182//8560 6376//8564 7637//8565
f 6376//8564 8830//8566 7637//8565
f 7637//8565 8830//8566 6382//8567
f 7637//8565 6382//8567 7590//8568
f 7590//8568 6382//8567 6381//8569
f 7590//8568 6381//8569 6380//7162
f 6380//7162 6375//7156 7590//8568
f 7590//8568 6375//7156 6373//7154
f 7590//8568 6373//7154 7591//8570
f 8691//8571 7597//8572 6370//8573
f 6370//8573 7597//8572 7591//8570
f 6370//8573 7591//8570 6371//7152
f 6371//7152 7591//8570 6373//7154
s 0
f 8691//8574 9223//8574 7597//8574
s 1
f 7597//8575 9223//8576 9188//8577
f 7597//8575 9188//8577 7576//8578
f 9256//8579 7543//8580 9204//8581
f 9204//8581 7543//8580 7576//8578
f 9204//8581 7576//8578 9185//8582
f 9185//8582 7576//8578 9188//8577
f 9256//8579 8641//8583 7543//8580
f 7543//8580 8641//8583 6366//8584
f 7543//8580 6366//8584 7544//8585
f 6349//7114 9324//8586 6364//8587
f 6364//8587 9324//8586 7544//8585
f 6364//8587 7544//8585 6365//8588
f 6365//8588 7544//8585 6366//8584
f 6349//7114 6352//7113 9324//8586
f 9324//8586 6352//7113 6351//7111
f 9324//8586 6351//7111 7191//8589
f 7191//8589 6351//7111 6350//7109
f 7191//8589 6350//7109 7192//8590
f 7192//8590 6350//7109 5882//6345
f 7192//8590 5882//6345 6369//7148
f 6369//7148 7942//8591 7192//8590
f 7192//8590 7942//8591 8787//8592
f 7192//8590 8787//8592 9331//8593
f 6342//8594 9333//8595 6343//8596
f 6343//8596 9333//8595 9331//8593
f 6343//8596 9331//8593 8522//8597
f 8522//8597 9331//8593 8787//8592
f 6342//8594 6341//8598 9333//8595
s 0
f 9333//8599 6341//8599 6334//8599
s 1
f 9333//8600 6334//8601 7310//8602
f 7310//8602 6334//8601 6336//8603
f 6336//8603 6346//8604 7310//8602
f 7310//8602 6346//8604 6345//8605
f 7310//8602 6345//8605 7259//8606
f 7259//8606 6345//8605 6344//8607
f 7259//8606 6344//8607 6328//8608
f 6328//8608 6327//8609 7259//8606
f 7259//8606 6327//8609 6333//8610
f 7259//8606 6333//8610 7260//8611
f 6333//8610 7713//7077 7260//8611
f 7260//8611 7713//7077 6331//7075
f 7260//8611 6331//7075 9349//8612
f 6331//7075 5885//6348 9349//8612
f 9349//8612 5885//6348 6891//8044
f 9349//8612 6891//8044 9134//8613
f 9134//8613 6891//8044 7769//8047
f 9134//8613 7769//8047 9117//8614
f 9117//8614 7769//8047 6894//8615
f 9117//8614 6894//8615 6887//8616
f 6887//8616 6885//8617 9117//8614
f 9117//8614 6885//8617 6884//8618
f 9117//8614 6884//8618 9118//8619
f 9118//8619 6884//8618 8883//8620
f 9118//8619 8883//8620 9122//8621
f 9122//8621 8883//8620 8847//8622
f 9122//8621 8847//8622 7527//8623
f 7527//8623 7525//8624 9122//8621
s 0
f 9122//8625 7525//8625 6888//8625
s 1
f 9122//8621 6888//8626 7203//8627
f 6888//8626 8849//8628 7203//8627
f 7203//8627 8849//8628 8852//8629
f 7203//8627 8852//8629 9090//8630
f 9090//8630 8852//8629 8892//8020
f 9090//8630 8892//8020 6877//8019
f 6877//8019 6872//8014 9090//8630
f 9090//8630 6872//8014 6871//8013
f 9090//8630 6871//8013 9091//8631
f 9138//8632 9055//8633 8902//8011
f 8902//8011 9055//8633 9091//8631
f 8902//8011 9091//8631 6870//8012
f 6870//8012 9091//8631 6871//8013
f 9138//8632 9161//8634 9055//8633
f 9055//8633 9161//8634 9181//8635
f 9055//8633 9181//8635 9058//8636
f 9058//8636 9181//8635 9108//8637
f 9058//8636 9108//8637 9064//8638
f 9064//8638 9108//8637 9140//8639
f 8650//8640 9071//8641 9157//8640
f 9157//8640 9071//8641 9064//8638
f 9157//8640 9064//8638 8993//8642
f 8993//8642 9064//8638 9140//8639
f 8650//8640 8599//8643 9071//8641
f 9071//8641 8599//8643 6848//8644
f 9071//8641 6848//8644 9096//8645
f 8684//7983 9141//8646 6854//8647
f 6854//8647 9141//8646 9096//8645
f 6854//8647 9096//8645 6850//8648
f 6850//8648 9096//8645 6848//8644
f 8684//7983 6852//7982 9141//8646
f 9141//8646 6852//7982 6847//7977
f 9141//8646 6847//7977 9125//8649
f 9125//8649 6847//7977 6845//7974
f 6845//7974 8412//7973 9125//8649
f 9125//8649 8412//7973 6842//8650
f 9125//8649 6842//8650 9121//8651
f 6842//8650 6832//8652 9121//8651
s 0
f 9121//8653 6832//8653 6834//8653
s 1
f 9121//8654 6834//8655 9009//8656
f 9009//8656 6834//8655 6838//8657
f 6830//8658 9010//8659 6836//8660
f 6836//8660 9010//8659 9009//8656
f 6836//8660 9009//8656 6837//8661
f 6837//8661 9009//8656 6838//8657
s 0
f 6830//8662 6829//8662 9010//8662
s 1
f 9010//8663 6829//8664 6841//8665
f 9010//8663 6841//8665 9032//8666
f 6824//7939 9039//8667 6839//7962
f 6839//7962 9039//8667 9032//8666
f 6839//7962 9032//8666 6840//8668
f 6840//8668 9032//8666 6841//8665
f 6824//7939 6827//7938 9039//8667
f 9039//8667 6827//7938 6826//7936
f 9039//8667 6826//7936 8975//8669
f 8975//8669 6826//7936 6825//7934
f 6820//8670 8976//8671 6821//8672
f 6821//8672 8976//8671 8975//8669
f 6821//8672 8975//8669 8345//7933
f 8345//7933 8975//8669 6825//7934
f 6820//8670 6819//8673 8976//8671
f 8976//8671 6819//8673 6806//7904
f 8976//8671 6806//7904 8961//8674
f 6811//8675 8949//8676 6812//8677
f 6812//8677 8949//8676 8961//8674
f 6812//8677 8961//8674 8413//7906
f 8413//7906 8961//8674 6806//7904
f 6811//8675 6810//8678 8949//8676
s 0
f 8949//8679 6810//8679 8740//8679
s 1
f 8949//8676 8740//8680 7505//8681
f 7505//8681 8740//8680 8735//8682
f 7505//8681 8735//8682 6815//8683
f 6815//8683 6814//8684 7505//8681
f 7505//8681 6814//8684 6813//7916
f 7505//8681 6813//7916 7506//8685
f 6813//7916 6796//7915 7506//8685
f 7506//8685 6796//7915 8765//7897
f 7506//8685 8765//7897 7531//8686
f 7531//8686 8765//7897 6801//7896
f 6801//7896 8794//7895 7531//8686
f 7531//8686 8794//7895 6993//8219
f 7531//8686 6993//8219 7517//8687
f 6987//8208 7651//8688 6988//8210
f 6988//8210 7651//8688 7518//8689
f 6988//8210 7518//8689 6990//8215
f 6990//8215 7518//8689 7517//8687
f 6990//8215 7517//8687 6992//8217
f 6992//8217 7517//8687 6993//8219
f 6981//8690 7539//8691 7470//8692
f 7470//8692 7539//8691 7608//8693
f 7470//8692 7608//8693 6983//8694
f 6983//8694 7608//8693 7436//8186
f 6987//8208 7914//8207 7651//8688
f 7651//8688 7914//8207 7442//8189
f 7651//8688 7442//8189 7608//8693
f 7608//8693 7442//8189 6977//8187
f 7608//8693 6977//8187 7436//8186
f 6971//8176 7776//8695 7458//8177
f 7458//8177 7776//8695 7540//8696
s 0
f 6981//8697 6967//8697 7539//8697
s 1
f 7539//8691 6967//8698 7343//8182
f 7539//8691 7343//8182 7540//8696
f 7540//8696 7343//8182 6973//8181
f 7540//8696 6973//8181 7458//8177
f 9156//8152 6957//8154 7774//8699
f 6971//8176 6964//8167 7776//8695
f 7776//8695 6964//8167 6986//8206
f 7776//8695 6986//8206 7800//8700
f 7800//8700 6986//8206 6985//8203
f 7800//8700 6985//8203 7774//8699
f 7774//8699 6985//8203 6984//8201
f 7774//8699 6984//8201 9156//8152
f 6953//8148 7735//8701 6952//8146
f 6952//8146 7735//8701 7736//8702
f 6957//8154 6960//8160 7774//8699
f 7774//8699 6960//8160 9315//8159
f 7774//8699 9315//8159 7736//8702
f 7736//8702 9315//8159 6958//8703
f 7736//8702 6958//8703 6952//8146
f 7705//8704 9261//8142 7674//8705
f 7674//8705 9261//8142 6949//8141
f 7674//8705 6949//8141 9215//8140
f 6953//8148 6963//8166 7735//8701
f 7735//8701 6963//8166 7306//8165
f 7735//8701 7306//8165 7705//8704
f 7705//8704 7306//8165 6961//8706
f 7705//8704 6961//8706 9261//8142
f 9288//8123 7685//8707 6940//8708
f 6940//8708 7685//8707 7675//8709
f 9215//8140 6947//8134 7674//8705
f 7674//8705 6947//8134 6943//8130
f 7674//8705 6943//8130 7675//8710
f 7675//8710 6943//8130 6941//8128
s 0
f 7675//8711 6941//8711 6940//8711
s 1
f 7686//8712 7516//8105 7734//8713
f 7734//8713 7516//8105 6928//8103
f 7734//8713 6928//8103 9337//8095
f 9288//8123 6937//8121 7685//8707
s 0
f 7685//8714 6937//8714 7557//8714
s 1
f 7685//8715 7557//8109 7686//8712
f 7686//8712 7557//8109 6930//8108
f 7686//8712 6930//8108 7516//8105
f 6931//8110 6917//8093 7744//8716
f 7744//8716 6917//8093 7801//8717
f 9337//8095 6921//8094 7734//8713
f 7734//8713 6921//8094 6933//8114
f 7734//8713 6933//8114 7744//8716
f 7744//8716 6933//8114 7404//8112
f 7744//8716 7404//8112 6931//8110
f 6917//8093 6920//8092 7801//8717
f 7801//8717 6920//8092 6919//8090
f 7801//8717 6919//8090 7244//8718
f 7244//8718 6919//8090 6918//8089
f 7244//8718 6918//8089 7772//8719
f 7772//8719 6918//8089 6526//7411
f 7772//8719 6526//7411 7901//8120
f 6909//8073 7246//8720 6910//8074
f 6910//8074 7246//8720 7247//8721
f 6910//8074 7247//8721 6911//8077
f 7901//8120 7894//8117 7772//8719
f 7772//8719 7894//8117 6934//8115
f 7772//8719 6934//8115 7247//8721
f 7247//8721 6934//8115 8044//8078
f 7247//8721 8044//8078 6911//8077
f 6912//8080 8304//8722 7834//8082
f 7834//8082 8304//8722 8276//8723
s 0
f 6909//8724 6902//8724 7246//8724
s 1
f 7246//8725 6902//8064 8096//8066
f 7246//8725 8096//8066 8276//8723
f 8276//8723 8096//8066 6914//8085
f 8276//8723 6914//8085 7834//8082
f 6252//6967 7339//8495 6899//8057
f 6899//8057 7339//8495 8324//8726
f 6899//8057 8324//8726 6900//8058
f 6912//8080 7969//8079 8304//8722
f 8304//8722 7969//8079 7971//8063
f 8304//8722 7971//8063 8324//8726
f 8324//8726 7971//8063 6901//8062
f 8324//8726 6901//8062 6900//8058
s 0
f 7249//8727 7248//8727 9111//8727
f 7775//8728 7245//8728 9111//8728
f 7153//8729 9358//8729 9111//8729
f 9111//8727 9358//8727 9355//8727
f 9111//8730 9355//8730 8130//8730
f 7245//8727 7773//8727 9111//8727
f 9111//8727 7773//8727 8271//8727
f 9111//8731 8271//8731 7249//8731
f 7248//8727 7250//8727 9111//8727
f 9111//8732 7250//8732 7148//8732
f 9111//8727 7148//8727 7146//8727
f 7166//8733 7165//8733 9111//8733
f 7240//8734 7241//8734 9111//8734
f 7146//8735 7147//8735 9111//8735
f 9111//8727 7147//8727 7149//8727
f 9111//8735 7149//8735 7152//8735
f 7152//8727 7150//8727 9111//8727
f 9111//8729 7150//8729 7151//8729
f 9111//8727 7151//8727 7153//8727
f 7241//8727 7242//8727 9111//8727
f 9111//8727 7242//8727 7243//8727
f 9111//8736 7243//8736 7775//8736
f 8130//8732 8131//8732 9111//8732
f 9111//8732 8131//8732 8179//8732
f 9111//8727 8179//8727 8180//8727
f 7165//8737 7167//8737 9111//8737
f 9111//8727 7167//8727 7168//8727
f 9111//8727 7168//8727 7169//8727
f 7169//8735 7170//8735 9111//8735
f 9111//8727 7170//8727 7171//8727
f 9111//8727 7171//8727 7172//8727
f 7236//8727 7237//8727 9111//8727
f 7172//8727 7173//8727 9111//8727
f 9111//8727 7173//8727 7174//8727
f 9111//8727 7174//8727 7175//8727
f 7237//8737 7239//8737 9111//8737
f 9111//8727 7239//8727 7238//8727
f 9111//8727 7238//8727 7240//8727
f 8180//8727 8248//8727 9111//8727
f 9111//8727 8248//8727 8246//8727
f 9111//8735 8246//8735 7164//8735
f 7164//8727 7163//8727 9111//8727
f 9111//8735 7163//8735 7162//8735
f 9111//8727 7162//8727 7166//8727
f 7233//8727 7232//8727 9111//8727
f 7175//8737 7176//8737 9111//8737
f 9111//8727 7176//8727 9274//8727
f 9111//8737 9274//8737 7178//8737
f 7187//8737 7188//8737 9111//8737
f 7232//8727 7235//8727 9111//8727
f 9111//8734 7235//8734 7234//8734
f 9111//8728 7234//8728 7236//8728
f 7178//8732 7179//8732 9111//8732
f 9111//8732 7179//8732 9322//8732
f 9111//8737 9322//8737 9297//8737
f 7229//8728 7228//8728 9111//8728
f 9297//8727 9298//8727 9111//8727
f 9111//8737 9298//8737 7183//8737
f 9111//8737 7183//8737 7184//8737
f 7184//8738 7185//8738 9111//8738
f 9111//8727 7185//8727 7186//8727
f 9111//8737 7186//8737 7187//8737
f 7228//8727 7231//8727 9111//8727
f 9111//8737 7231//8737 7230//8737
f 9111//8737 7230//8737 7233//8737
f 7224//8728 7225//8728 9111//8728
f 7188//8739 7189//8739 9111//8739
f 9111//8737 7189//8737 7190//8737
f 9111//8732 7190//8732 9326//8732
f 9326//8737 9330//8737 9111//8737
f 9111//8727 9330//8727 7193//8727
f 9111//8727 7193//8727 7194//8727
f 7225//8727 7227//8727 9111//8727
f 9111//8734 7227//8734 7226//8734
f 9111//8732 7226//8732 7229//8732
f 7194//8740 7195//8740 9111//8740
f 9111//8737 7195//8737 7196//8737
f 9111//8737 7196//8737 7197//8737
f 7198//8741 7199//8741 7200//8741
f 7197//8737 7198//8737 9111//8737
f 9111//8740 7198//8740 7200//8740
f 9111//8742 7200//8742 7202//8742
f 7202//8743 7200//8743 7201//8743
f 7218//8744 7219//8744 7204//8744
f 7221//8728 7222//8728 9111//8728
f 9111//8745 7222//8745 7223//8745
f 9111//8727 7223//8727 7224//8727
f 7204//8737 7219//8737 9111//8737
f 9111//8728 7219//8728 7220//8728
f 9111//8745 7220//8745 7221//8745
f 7214//8746 7215//8746 7204//8746
f 7212//8747 7213//8747 9057//8747
f 7215//8727 7216//8727 7204//8727
f 7204//8728 7216//8728 7217//8728
f 7204//8727 7217//8727 7218//8727
f 7214//8732 7204//8732 7213//8732
f 7213//8748 7204//8748 7205//8748
f 7213//8737 7205//8737 9057//8737
f 9072//8749 9056//8749 9065//8749
f 7208//8739 7206//8739 7207//8739
f 7209//8750 7210//8750 9057//8750
f 9057//8751 7210//8751 7211//8751
f 9057//8727 7211//8727 7212//8727
