# Blender 4.5.0
# www.blender.org
mtllib wrist3.mtl
o Actor0_001
v 0.001241 0.065597 0.043000
v 0.000422 0.065799 0.043000
v 0.001241 0.059052 0.043000
v 0.003099 0.063951 0.043000
v 0.002620 0.064646 0.043000
v 0.002620 0.060004 0.043000
v -0.000422 0.058850 0.043000
v 0.000422 0.058850 0.043000
v -0.001241 0.065597 0.043000
v -0.000422 0.065799 0.043000
v -0.001988 0.059444 0.043000
v -0.001241 0.059052 0.043000
v -0.002620 0.064646 0.043000
v 0.001988 0.059444 0.043000
v 0.001988 0.065205 0.043000
v -0.001988 0.065205 0.043000
v 0.003099 0.060698 0.043000
v 0.003398 0.061487 0.043000
v 0.003500 0.062325 0.043000
v 0.003398 0.063162 0.043000
v -0.003099 0.063951 0.043000
v -0.003398 0.063162 0.043000
v -0.003099 0.060698 0.043000
v -0.003500 0.062325 0.043000
v -0.003398 0.061487 0.043000
v -0.002620 0.060004 0.043000
v -0.000422 0.065799 0.000000
v 0.000422 0.065799 0.000000
v 0.001241 0.059052 0.000000
v -0.000422 0.058850 0.000000
v -0.001241 0.059052 0.000000
v -0.001241 0.065597 0.000000
v 0.000422 0.058850 0.000000
v 0.001241 0.065597 0.000000
v 0.001988 0.065205 0.000000
v 0.002620 0.064646 0.000000
v 0.003099 0.063951 0.000000
v 0.003398 0.063162 0.000000
v 0.001988 0.059444 0.000000
v 0.003398 0.061487 0.000000
v 0.003099 0.060698 0.000000
v 0.002620 0.060004 0.000000
v -0.001988 0.059444 0.000000
v -0.002620 0.064646 0.000000
v -0.001988 0.065205 0.000000
v -0.003500 0.062325 0.000000
v -0.003398 0.063162 0.000000
v -0.003398 0.061487 0.000000
v -0.003099 0.060698 0.000000
v -0.002620 0.060004 0.000000
v -0.003099 0.063951 0.000000
v 0.003500 0.062325 0.000000
v -0.003031 0.071825 0.001750
v -0.002475 0.071825 0.002475
v 0.003031 0.071825 -0.001750
v -0.001750 0.071825 0.003031
v -0.000906 0.071825 0.003381
v 0.002475 0.071825 -0.002475
v 0.001750 0.071825 -0.003031
v 0.000906 0.071825 -0.003381
v 0.000000 0.071825 0.003500
v 0.000906 0.071825 0.003381
v 0.001750 0.071825 0.003031
v -0.003031 0.071825 -0.001750
v -0.003381 0.071825 -0.000906
v -0.003500 0.071825 0.000000
v 0.003031 0.071825 0.001750
v 0.003381 0.071825 0.000906
v 0.002475 0.071825 0.002475
v 0.003500 0.071825 0.000000
v 0.003381 0.071825 -0.000906
v 0.000000 0.071825 -0.003500
v -0.000906 0.071825 -0.003381
v -0.001750 0.071825 -0.003031
v -0.002475 0.071825 -0.002475
v -0.003381 0.071825 0.000906
v -0.003500 0.075825 0.000000
v -0.003381 0.075825 0.000906
v -0.003031 0.075825 0.001750
v -0.002475 0.075825 0.002475
v -0.001750 0.075825 0.003031
v -0.000906 0.075825 0.003381
v 0.000000 0.075825 0.003500
v 0.000906 0.075825 0.003381
v 0.001750 0.075825 0.003031
v 0.002475 0.075825 0.002475
v 0.003031 0.075825 0.001750
v 0.003381 0.075825 0.000906
v 0.003500 0.075825 0.000000
v 0.003381 0.075825 -0.000906
v 0.003031 0.075825 -0.001750
v 0.002475 0.075825 -0.002475
v 0.001750 0.075825 -0.003031
v 0.000906 0.075825 -0.003381
v 0.000000 0.075825 -0.003500
v -0.000906 0.075825 -0.003381
v -0.001750 0.075825 -0.003031
v -0.002475 0.075825 -0.002475
v -0.003031 0.075825 -0.001750
v -0.003381 0.075825 -0.000906
v -0.017678 0.072323 -0.017678
v -0.020092 0.073825 -0.017030
v -0.019843 0.073825 -0.016427
v -0.020178 0.073825 -0.017678
v -0.018928 0.073825 -0.015512
v -0.018325 0.073825 -0.015263
v -0.019445 0.073825 -0.015910
v -0.017030 0.073825 -0.015263
v -0.016427 0.073825 -0.015512
v -0.017678 0.073825 -0.015177
v -0.015512 0.073825 -0.016427
v -0.015263 0.073825 -0.017030
v -0.015910 0.073825 -0.015910
v -0.015263 0.073825 -0.018325
v -0.015512 0.073825 -0.018928
v -0.015177 0.073825 -0.017678
v -0.016427 0.073825 -0.019843
v -0.017030 0.073825 -0.020092
v -0.015910 0.073825 -0.019445
v -0.018325 0.073825 -0.020092
v -0.018928 0.073825 -0.019843
v -0.017678 0.073825 -0.020178
v -0.019843 0.073825 -0.018928
v -0.020092 0.073825 -0.018325
v -0.019445 0.073825 -0.019445
v 0.017678 0.072323 -0.017678
v 0.018325 0.073825 -0.015263
v 0.018928 0.073825 -0.015512
v 0.017678 0.073825 -0.015177
v 0.019843 0.073825 -0.016427
v 0.020092 0.073825 -0.017030
v 0.019445 0.073825 -0.015910
v 0.020092 0.073825 -0.018325
v 0.019843 0.073825 -0.018928
v 0.020178 0.073825 -0.017678
v 0.018928 0.073825 -0.019843
v 0.018325 0.073825 -0.020092
v 0.019445 0.073825 -0.019445
v 0.017030 0.073825 -0.020092
v 0.016428 0.073825 -0.019843
v 0.017678 0.073825 -0.020178
v 0.015512 0.073825 -0.018928
v 0.015263 0.073825 -0.018325
v 0.015910 0.073825 -0.019445
v 0.015263 0.073825 -0.017030
v 0.015512 0.073825 -0.016427
v 0.015177 0.073825 -0.017678
v 0.016428 0.073825 -0.015512
v 0.017030 0.073825 -0.015263
v 0.015910 0.073825 -0.015910
v 0.017678 0.072323 0.017678
v 0.018325 0.073825 0.020092
v 0.018928 0.073825 0.019843
v 0.017678 0.073825 0.020178
v 0.019843 0.073825 0.018928
v 0.020092 0.073825 0.018325
v 0.019445 0.073825 0.019445
v 0.020092 0.073825 0.017030
v 0.019843 0.073825 0.016428
v 0.020178 0.073825 0.017678
v 0.018928 0.073825 0.015512
v 0.018325 0.073825 0.015263
v 0.019445 0.073825 0.015910
v 0.017030 0.073825 0.015263
v 0.016428 0.073825 0.015512
v 0.017678 0.073825 0.015177
v 0.015512 0.073825 0.016428
v 0.015263 0.073825 0.017030
v 0.015910 0.073825 0.015910
v 0.015263 0.073825 0.018325
v 0.015512 0.073825 0.018928
v 0.015177 0.073825 0.017678
v 0.016428 0.073825 0.019843
v 0.017030 0.073825 0.020092
v 0.015910 0.073825 0.019445
v -0.017678 0.072323 0.017678
v -0.020092 0.073825 0.018325
v -0.019843 0.073825 0.018928
v -0.020178 0.073825 0.017678
v -0.018928 0.073825 0.019843
v -0.018325 0.073825 0.020092
v -0.019445 0.073825 0.019445
v -0.017030 0.073825 0.020092
v -0.016428 0.073825 0.019843
v -0.017678 0.073825 0.020178
v -0.015512 0.073825 0.018928
v -0.015263 0.073825 0.018325
v -0.015910 0.073825 0.019445
v -0.015263 0.073825 0.017030
v -0.015512 0.073825 0.016428
v -0.015177 0.073825 0.017678
v -0.016428 0.073825 0.015512
v -0.017030 0.073825 0.015263
v -0.015910 0.073825 0.015910
v -0.018325 0.073825 0.015263
v -0.018928 0.073825 0.015512
v -0.017678 0.073825 0.015177
v -0.019843 0.073825 0.016428
v -0.020092 0.073825 0.017030
v -0.019445 0.073825 0.015910
v -0.014686 0.075825 -0.005689
v -0.015482 0.075825 -0.002894
v -0.015750 0.075825 0.000000
v 0.001453 0.075825 -0.015683
v -0.001453 0.075825 -0.015683
v -0.004310 0.075825 -0.015149
v 0.014686 0.075825 -0.005689
v 0.013391 0.075825 -0.008291
v 0.011639 0.075825 -0.010611
v 0.009491 0.075825 -0.012569
v 0.007020 0.075825 -0.014099
v 0.004310 0.075825 -0.015149
v 0.014686 0.075825 0.005689
v 0.015482 0.075825 0.002894
v 0.015750 0.075825 0.000000
v 0.015482 0.075825 -0.002894
v -0.007020 0.075825 -0.014099
v -0.009491 0.075825 -0.012569
v -0.011639 0.075825 -0.010611
v -0.013391 0.075825 -0.008291
v -0.009491 0.075825 0.012569
v -0.007020 0.075825 0.014099
v 0.009491 0.075825 0.012569
v 0.011639 0.075825 0.010611
v 0.013391 0.075825 0.008291
v -0.004310 0.075825 0.015149
v -0.001453 0.075825 0.015683
v 0.001453 0.075825 0.015683
v 0.004310 0.075825 0.015149
v 0.007020 0.075825 0.014099
v -0.015482 0.075825 0.002894
v -0.014686 0.075825 0.005689
v -0.013391 0.075825 0.008291
v -0.011639 0.075825 0.010611
v -0.020178 0.081825 -0.017678
v -0.020092 0.081825 -0.017030
v -0.019843 0.081825 -0.016427
v -0.019445 0.081825 -0.015910
v -0.018928 0.081825 -0.015512
v -0.018325 0.081825 -0.015263
v -0.017678 0.081825 -0.015177
v -0.017030 0.081825 -0.015263
v -0.016427 0.081825 -0.015512
v -0.015910 0.081825 -0.015910
v -0.015512 0.081825 -0.016427
v -0.015263 0.081825 -0.017030
v -0.015177 0.081825 -0.017678
v -0.015263 0.081825 -0.018325
v -0.015512 0.081825 -0.018928
v -0.015910 0.081825 -0.019445
v -0.016427 0.081825 -0.019843
v -0.017030 0.081825 -0.020092
v -0.017678 0.081825 -0.020178
v -0.018325 0.081825 -0.020092
v -0.018928 0.081825 -0.019843
v -0.019445 0.081825 -0.019445
v -0.019843 0.081825 -0.018928
v -0.020092 0.081825 -0.018325
v 0.015177 0.081825 -0.017678
v 0.015263 0.081825 -0.017030
v 0.015512 0.081825 -0.016427
v 0.015910 0.081825 -0.015910
v 0.016428 0.081825 -0.015512
v 0.017030 0.081825 -0.015263
v 0.017678 0.081825 -0.015177
v 0.018325 0.081825 -0.015263
v 0.018928 0.081825 -0.015512
v 0.019445 0.081825 -0.015910
v 0.019843 0.081825 -0.016427
v 0.020092 0.081825 -0.017030
v 0.020178 0.081825 -0.017678
v 0.020092 0.081825 -0.018325
v 0.019843 0.081825 -0.018928
v 0.019445 0.081825 -0.019445
v 0.018928 0.081825 -0.019843
v 0.018325 0.081825 -0.020092
v 0.017678 0.081825 -0.020178
v 0.017030 0.081825 -0.020092
v 0.016428 0.081825 -0.019843
v 0.015910 0.081825 -0.019445
v 0.015512 0.081825 -0.018928
v 0.015263 0.081825 -0.018325
v 0.015177 0.081825 0.017678
v 0.015263 0.081825 0.018325
v 0.015512 0.081825 0.018928
v 0.015910 0.081825 0.019445
v 0.016428 0.081825 0.019843
v 0.017030 0.081825 0.020092
v 0.017678 0.081825 0.020178
v 0.018325 0.081825 0.020092
v 0.018928 0.081825 0.019843
v 0.019445 0.081825 0.019445
v 0.019843 0.081825 0.018928
v 0.020092 0.081825 0.018325
v 0.020178 0.081825 0.017678
v 0.020092 0.081825 0.017030
v 0.019843 0.081825 0.016428
v 0.019445 0.081825 0.015910
v 0.018928 0.081825 0.015512
v 0.018325 0.081825 0.015263
v 0.017678 0.081825 0.015177
v 0.017030 0.081825 0.015263
v 0.016428 0.081825 0.015512
v 0.015910 0.081825 0.015910
v 0.015512 0.081825 0.016428
v 0.015263 0.081825 0.017030
v -0.020178 0.081825 0.017678
v -0.020092 0.081825 0.018325
v -0.019843 0.081825 0.018928
v -0.019445 0.081825 0.019445
v -0.018928 0.081825 0.019843
v -0.018325 0.081825 0.020092
v -0.017678 0.081825 0.020178
v -0.017030 0.081825 0.020092
v -0.016427 0.081825 0.019843
v -0.015910 0.081825 0.019445
v -0.015512 0.081825 0.018928
v -0.015263 0.081825 0.018325
v -0.015177 0.081825 0.017678
v -0.015263 0.081825 0.017030
v -0.015512 0.081825 0.016428
v -0.015910 0.081825 0.015910
v -0.016427 0.081825 0.015512
v -0.017030 0.081825 0.015263
v -0.017678 0.081825 0.015177
v -0.018325 0.081825 0.015263
v -0.018928 0.081825 0.015512
v -0.019445 0.081825 0.015910
v -0.019843 0.081825 0.016428
v -0.020092 0.081825 0.017030
v -0.004310 0.081825 -0.015149
v -0.007020 0.081825 -0.014099
v -0.009491 0.081825 -0.012569
v -0.011639 0.081825 -0.010611
v -0.013391 0.081825 -0.008291
v -0.014686 0.081825 -0.005689
v -0.015482 0.081825 -0.002894
v -0.015750 0.081825 0.000000
v -0.015482 0.081825 0.002894
v -0.014686 0.081825 0.005689
v -0.013391 0.081825 0.008291
v -0.011639 0.081825 0.010611
v -0.009491 0.081825 0.012569
v -0.007020 0.081825 0.014099
v -0.004310 0.081825 0.015149
v -0.001453 0.081825 0.015683
v 0.000000 0.081825 0.015683
v 0.001453 0.081825 0.015683
v 0.004310 0.081825 0.015149
v 0.007020 0.081825 0.014099
v 0.009491 0.081825 0.012569
v 0.011639 0.081825 0.010611
v 0.013391 0.081825 0.008291
v 0.014686 0.081825 0.005689
v 0.015482 0.081825 0.002894
v 0.015750 0.081825 0.000000
v 0.015482 0.081825 -0.002894
v 0.014686 0.081825 -0.005689
v 0.013391 0.081825 -0.008291
v 0.011639 0.081825 -0.010611
v 0.009491 0.081825 -0.012569
v 0.007020 0.081825 -0.014099
v 0.004310 0.081825 -0.015149
v 0.001453 0.081825 -0.015683
v 0.000000 0.081825 -0.015683
v -0.001453 0.081825 -0.015683
v -0.027280 0.081825 -0.015750
v 0.000000 0.081825 0.031500
v 0.015750 0.081825 0.027280
v 0.012055 0.081825 0.029102
v 0.008153 0.081825 0.030427
v 0.004112 0.081825 0.031230
v 0.029102 0.081825 0.012055
v 0.027280 0.081825 0.015750
v 0.022274 0.081825 0.022274
v 0.024990 0.081825 0.019176
v 0.019176 0.081825 0.024990
v 0.030427 0.081825 0.008153
v 0.031230 0.081825 0.004112
v 0.031500 0.081825 0.000000
v -0.031500 0.081825 0.000000
v -0.022274 0.081825 0.022274
v -0.024990 0.081825 0.019176
v -0.027280 0.081825 0.015750
v -0.019176 0.081825 0.024990
v -0.015750 0.081825 0.027280
v -0.012055 0.081825 0.029102
v -0.029102 0.081825 0.012055
v -0.030427 0.081825 0.008153
v -0.031230 0.081825 0.004112
v -0.008153 0.081825 0.030427
v -0.004111 0.081825 0.031230
v -0.022274 0.081825 -0.022274
v -0.019176 0.081825 -0.024990
v -0.015750 0.081825 -0.027280
v -0.024990 0.081825 -0.019176
v -0.012054 0.081825 -0.029102
v -0.008153 0.081825 -0.030427
v -0.004111 0.081825 -0.031230
v -0.029102 0.081825 -0.012054
v 0.000000 0.081825 -0.031500
v -0.030427 0.081825 -0.008153
v -0.031230 0.081825 -0.004111
v 0.012055 0.081825 -0.029102
v 0.015750 0.081825 -0.027280
v 0.008153 0.081825 -0.030427
v 0.004112 0.081825 -0.031230
v 0.022274 0.081825 -0.022274
v 0.019176 0.081825 -0.024990
v 0.024990 0.081825 -0.019176
v 0.027280 0.081825 -0.015750
v 0.031230 0.081825 -0.004111
v 0.030427 0.081825 -0.008153
v 0.029102 0.081825 -0.012054
v 0.001743 0.059306 0.030449
v 0.000197 0.062332 0.030499
v 0.001516 0.059170 0.030462
v 0.001010 0.058974 0.030483
v 0.002057 0.059493 0.030430
v 0.002470 0.059845 0.030400
v 0.002474 0.059850 0.030399
v 0.002875 0.060329 0.030364
v 0.003022 0.060580 0.030350
v 0.003152 0.060804 0.030336
v 0.003373 0.061392 0.030313
v 0.003379 0.061419 0.030312
v 0.003478 0.061935 0.030301
v 0.003500 0.062325 0.030298
v 0.003443 0.062951 0.030305
v 0.003370 0.063228 0.030313
v 0.003304 0.063479 0.030320
v 0.003044 0.064053 0.030348
v 0.003029 0.064074 0.030349
v 0.002739 0.064503 0.030377
v 0.002465 0.064791 0.030399
v 0.002304 0.064959 0.030413
v 0.001865 0.065286 0.030443
v 0.001746 0.065347 0.030449
v 0.001305 0.065572 0.030472
v 0.000903 0.065698 0.030486
v 0.000777 0.065737 0.030490
v 0.000155 0.065821 0.030499
v 0.000000 0.058833 0.030499
v 0.000394 0.058847 0.030497
v 0.000904 0.058952 0.030486
v -0.001743 0.065344 0.030449
v -0.000197 0.062318 0.030499
v -0.001516 0.065479 0.030462
v -0.001010 0.065676 0.030483
v -0.002057 0.065156 0.030430
v -0.002470 0.064804 0.030400
v -0.002474 0.064799 0.030399
v -0.002875 0.064321 0.030364
v -0.003022 0.064069 0.030350
v -0.003152 0.063846 0.030336
v -0.003373 0.063258 0.030313
v -0.003379 0.063230 0.030312
v -0.003478 0.062715 0.030301
v -0.003500 0.062325 0.030298
v -0.003443 0.061699 0.030305
v -0.003370 0.061422 0.030313
v -0.003304 0.061171 0.030320
v -0.003044 0.060597 0.030348
v -0.003029 0.060576 0.030349
v -0.002740 0.060147 0.030377
v -0.002465 0.059859 0.030399
v -0.002304 0.059690 0.030413
v -0.001865 0.059363 0.030443
v -0.001746 0.059302 0.030449
v -0.001305 0.059077 0.030472
v -0.000903 0.058952 0.030486
v -0.000777 0.058912 0.030490
v -0.000155 0.058828 0.030499
v 0.000000 0.065816 0.030499
v -0.000394 0.065803 0.030497
v -0.000904 0.065698 0.030486
v 0.000000 0.065816 0.030499
v -0.000000 0.058833 0.030499
v 0.031500 0.074825 0.000000
v 0.031230 0.074825 -0.004111
v 0.030427 0.074825 -0.008153
v 0.029102 0.074825 -0.012054
v 0.027280 0.074825 -0.015750
v 0.024990 0.074825 -0.019176
v 0.022274 0.074825 -0.022274
v 0.019176 0.074825 -0.024990
v 0.015750 0.074825 -0.027280
v 0.012055 0.074825 -0.029102
v 0.008153 0.074825 -0.030427
v 0.004112 0.074825 -0.031230
v 0.000000 0.074825 -0.031500
v -0.004111 0.074825 -0.031230
v -0.008153 0.074825 -0.030427
v -0.012054 0.074825 -0.029102
v -0.015750 0.074825 -0.027280
v -0.019176 0.074825 -0.024990
v -0.022274 0.074825 -0.022274
v -0.024990 0.074825 -0.019176
v -0.027280 0.074825 -0.015750
v -0.029102 0.074825 -0.012054
v -0.030427 0.074825 -0.008153
v -0.031230 0.074825 -0.004111
v -0.031500 0.074825 0.000000
v -0.031230 0.074825 0.004112
v -0.030427 0.074825 0.008153
v -0.029102 0.074825 0.012055
v -0.027280 0.074825 0.015750
v -0.024990 0.074825 0.019176
v -0.022274 0.074825 0.022274
v -0.019176 0.074825 0.024990
v -0.015750 0.074825 0.027280
v -0.012055 0.074825 0.029102
v -0.008153 0.074825 0.030427
v -0.004112 0.074825 0.031230
v 0.000000 0.074825 0.031500
v 0.004111 0.074825 0.031230
v 0.008153 0.074825 0.030427
v 0.012055 0.074825 0.029102
v 0.015750 0.074825 0.027280
v 0.019176 0.074825 0.024990
v 0.022274 0.074825 0.022274
v 0.024990 0.074825 0.019176
v 0.027280 0.074825 0.015750
v 0.029102 0.074825 0.012055
v 0.030427 0.074825 0.008153
v 0.031230 0.074825 0.004112
v -0.001743 0.059305 0.037458
v 0.001743 0.065344 0.037458
v 0.003500 0.062325 0.037336
v 0.003479 0.062707 0.037338
v 0.003379 0.063230 0.037347
v 0.003376 0.063249 0.037348
v 0.003156 0.063839 0.037367
v 0.003022 0.064069 0.037378
v 0.002880 0.064314 0.037389
v 0.002476 0.064798 0.037418
v 0.002475 0.064800 0.037418
v 0.002062 0.065153 0.037443
v -0.002302 0.064962 0.037429
v -0.001862 0.065288 0.037454
v -0.001746 0.065348 0.037458
v -0.001301 0.065574 0.037477
v -0.000903 0.065698 0.037488
v -0.000774 0.065738 0.037492
v -0.000151 0.065822 0.037499
v -0.000000 0.065816 0.037499
v 0.000000 0.065816 0.037499
v 0.000398 0.065802 0.037498
v 0.000904 0.065697 0.037488
v 0.001014 0.065675 0.037486
v 0.001522 0.065477 0.037469
v -0.002465 0.064791 0.037418
v -0.002737 0.064506 0.037400
v -0.003030 0.064074 0.037377
v -0.003043 0.064054 0.037376
v -0.003304 0.063481 0.037354
v -0.003370 0.063228 0.037348
v -0.003443 0.062952 0.037342
v -0.003500 0.062325 0.037336
v -0.003479 0.061942 0.037338
v -0.003379 0.061419 0.037347
v -0.003376 0.061401 0.037348
v -0.003156 0.060811 0.037367
v -0.003022 0.060580 0.037378
v -0.002880 0.060336 0.037389
v -0.002476 0.059852 0.037418
v -0.002475 0.059850 0.037418
v -0.002062 0.059497 0.037443
v 0.002302 0.059688 0.037429
v 0.001862 0.059361 0.037454
v 0.001746 0.059302 0.037458
v 0.001301 0.059076 0.037477
v 0.000903 0.058952 0.037488
v 0.000774 0.058912 0.037492
v 0.000151 0.058828 0.037499
v 0.000000 0.058833 0.037499
v 0.000000 0.058833 0.037499
v -0.000398 0.058847 0.037498
v -0.000904 0.058952 0.037488
v -0.001014 0.058975 0.037486
v -0.001522 0.059173 0.037469
v 0.002465 0.059859 0.037418
v 0.002737 0.060144 0.037400
v 0.003030 0.060576 0.037377
v 0.003043 0.060596 0.037376
v 0.003304 0.061169 0.037354
v 0.003370 0.061422 0.037348
v 0.003443 0.061698 0.037342
v 0.028069 0.074825 -0.024867
v 0.024867 0.074825 -0.028069
v 0.021302 0.074825 -0.030862
v 0.017427 0.074825 -0.033204
v 0.013297 0.074825 -0.035063
v 0.008974 0.074825 -0.036410
v 0.004520 0.074825 -0.037226
v 0.000000 0.074825 -0.037500
v -0.004520 0.074825 -0.037226
v -0.008974 0.074825 -0.036410
v -0.013297 0.074825 -0.035063
v -0.017427 0.074825 -0.033204
v -0.021302 0.074825 -0.030862
v -0.024867 0.074825 -0.028069
v -0.028069 0.074825 -0.024867
v -0.030862 0.074825 -0.021302
v -0.033204 0.074825 -0.017427
v -0.035063 0.074825 -0.013297
v -0.036410 0.074825 -0.008974
v -0.037226 0.074825 -0.004520
v -0.037500 0.074825 0.000000
v -0.037226 0.074825 0.004520
v -0.036410 0.074825 0.008974
v -0.035063 0.074825 0.013297
v -0.033204 0.074825 0.017427
v 0.028069 0.074825 0.024867
v 0.030862 0.074825 0.021302
v 0.033204 0.074825 0.017427
v 0.035063 0.074825 0.013297
v 0.036410 0.074825 0.008974
v 0.037226 0.074825 0.004520
v 0.037500 0.074825 0.000000
v 0.037226 0.074825 -0.004520
v 0.036410 0.074825 -0.008974
v 0.035063 0.074825 -0.013297
v 0.033204 0.074825 -0.017427
v 0.030862 0.074825 -0.021302
v -0.030862 0.074825 0.021302
v -0.028069 0.074825 0.024867
v -0.024867 0.074825 0.028069
v -0.021302 0.074825 0.030862
v -0.017427 0.074825 0.033204
v -0.013297 0.074825 0.035063
v -0.008974 0.074825 0.036410
v -0.004520 0.074825 0.037226
v 0.000000 0.074825 0.037500
v 0.004520 0.074825 0.037226
v 0.008974 0.074825 0.036410
v 0.013297 0.074825 0.035063
v 0.017427 0.074825 0.033204
v 0.021302 0.074825 0.030862
v 0.024867 0.074825 0.028069
v 0.000000 0.047325 0.037500
v -0.004520 0.047325 0.037226
v 0.004520 0.047325 0.037226
v 0.008974 0.047325 0.036410
v 0.013297 0.047325 0.035063
v 0.017427 0.047325 0.033204
v 0.021302 0.047325 0.030862
v 0.024867 0.047325 0.028069
v 0.028069 0.047325 0.024867
v 0.030862 0.047325 0.021302
v 0.033204 0.047325 0.017427
v 0.035063 0.047325 0.013297
v 0.036410 0.047325 0.008974
v 0.037226 0.047325 0.004520
v 0.037500 0.047325 0.000000
v 0.037226 0.047325 -0.004520
v 0.036410 0.047325 -0.008974
v 0.035063 0.047325 -0.013297
v 0.033204 0.047325 -0.017427
v 0.030862 0.047325 -0.021302
v 0.028069 0.047325 -0.024867
v 0.024867 0.047325 -0.028069
v 0.021302 0.047325 -0.030862
v 0.017427 0.047325 -0.033204
v 0.013297 0.047325 -0.035063
v 0.008974 0.047325 -0.036410
v 0.004520 0.047325 -0.037226
v 0.000000 0.047325 -0.037500
v -0.004520 0.047325 -0.037226
v -0.008974 0.047325 -0.036410
v -0.013297 0.047325 -0.035063
v -0.017427 0.047325 -0.033204
v -0.021302 0.047325 -0.030862
v -0.024867 0.047325 -0.028069
v -0.028069 0.047325 -0.024867
v -0.030862 0.047325 -0.021302
v -0.033204 0.047325 -0.017427
v -0.035063 0.047325 -0.013297
v -0.036410 0.047325 -0.008974
v -0.037226 0.047325 -0.004520
v -0.037500 0.047325 0.000000
v -0.037226 0.047325 0.004520
v -0.036410 0.047325 0.008974
v -0.035063 0.047325 0.013297
v -0.033204 0.047325 0.017427
v -0.030862 0.047325 0.021302
v -0.028069 0.047325 0.024867
v -0.024867 0.047325 0.028069
v -0.021302 0.047325 0.030862
v -0.017427 0.047325 0.033204
v -0.013297 0.047325 0.035063
v -0.008974 0.047325 0.036410
v 0.000000 0.081076 -0.022000
v 0.001207 0.080325 -0.021676
v 0.001082 0.080325 -0.021375
v 0.001250 0.080325 -0.022000
v 0.000625 0.080325 -0.020917
v 0.000324 0.080325 -0.020792
v 0.000884 0.080325 -0.021116
v -0.000324 0.080325 -0.020792
v -0.000625 0.080325 -0.020917
v 0.000000 0.080325 -0.020750
v -0.001082 0.080325 -0.021375
v -0.001207 0.080325 -0.021676
v -0.000884 0.080325 -0.021116
v -0.001207 0.080325 -0.022323
v -0.001082 0.080325 -0.022625
v -0.001250 0.080325 -0.022000
v -0.000625 0.080325 -0.023082
v -0.000324 0.080325 -0.023207
v -0.000884 0.080325 -0.022884
v 0.000324 0.080325 -0.023207
v 0.000625 0.080325 -0.023082
v 0.000000 0.080325 -0.023250
v 0.001082 0.080325 -0.022625
v 0.001207 0.080325 -0.022323
v 0.000884 0.080325 -0.022884
v 0.000324 0.071825 -0.023207
v 0.000000 0.071825 -0.023250
v 0.000324 0.071825 -0.020792
v -0.000324 0.071825 -0.023207
v 0.000000 0.071825 -0.020750
v 0.001250 0.071825 -0.022000
v 0.001207 0.071825 -0.022323
v 0.001082 0.071825 -0.022625
v -0.000324 0.071825 -0.020792
v -0.000625 0.071825 -0.023082
v -0.000884 0.071825 -0.022884
v 0.000625 0.071825 -0.020917
v 0.000884 0.071825 -0.021116
v 0.000625 0.071825 -0.023082
v 0.000884 0.071825 -0.022884
v 0.001207 0.071825 -0.021676
v -0.001082 0.071825 -0.022625
v -0.001207 0.071825 -0.022323
v -0.001250 0.071825 -0.022000
v 0.001082 0.071825 -0.021375
v -0.001207 0.071825 -0.021676
v -0.001082 0.071825 -0.021375
v -0.000625 0.071825 -0.020917
v -0.000884 0.071825 -0.021116
v -0.019052 0.081076 0.011000
v -0.017845 0.080325 0.011324
v -0.017970 0.080325 0.011625
v -0.017802 0.080325 0.011000
v -0.018428 0.080325 0.012082
v -0.018729 0.080325 0.012207
v -0.018168 0.080325 0.011884
v -0.019376 0.080325 0.012207
v -0.019677 0.080325 0.012082
v -0.019052 0.080325 0.012250
v -0.020135 0.080325 0.011625
v -0.020260 0.080325 0.011324
v -0.019936 0.080325 0.011884
v -0.020260 0.080325 0.010676
v -0.020135 0.080325 0.010375
v -0.020303 0.080325 0.011000
v -0.019677 0.080325 0.009917
v -0.019376 0.080325 0.009793
v -0.019936 0.080325 0.010116
v -0.018729 0.080325 0.009793
v -0.018428 0.080325 0.009917
v -0.019052 0.080325 0.009750
v -0.017970 0.080325 0.010375
v -0.017845 0.080325 0.010676
v -0.018168 0.080325 0.010116
v -0.020135 0.071825 0.010375
v -0.020260 0.071825 0.010676
v -0.018168 0.071825 0.011884
v -0.019376 0.071825 0.009793
v -0.019677 0.071825 0.009917
v -0.019936 0.071825 0.010116
v -0.020303 0.071825 0.011000
v -0.018729 0.071825 0.012207
v -0.018428 0.071825 0.012082
v -0.017970 0.071825 0.011625
v -0.017845 0.071825 0.011324
v -0.017802 0.071825 0.011000
v -0.017845 0.071825 0.010676
v -0.017970 0.071825 0.010375
v -0.018168 0.071825 0.010116
v -0.018428 0.071825 0.009917
v -0.018729 0.071825 0.009793
v -0.019052 0.071825 0.009750
v -0.020260 0.071825 0.011324
v -0.020135 0.071825 0.011625
v -0.019936 0.071825 0.011884
v -0.019677 0.071825 0.012082
v -0.019376 0.071825 0.012207
v -0.019053 0.071825 0.012250
v 0.019053 0.081076 0.011000
v 0.020260 0.080325 0.011324
v 0.020135 0.080325 0.011625
v 0.020303 0.080325 0.011000
v 0.019677 0.080325 0.012082
v 0.019376 0.080325 0.012207
v 0.019936 0.080325 0.011884
v 0.018729 0.080325 0.012207
v 0.018428 0.080325 0.012082
v 0.019053 0.080325 0.012250
v 0.017970 0.080325 0.011625
v 0.017845 0.080325 0.011324
v 0.018168 0.080325 0.011884
v 0.017845 0.080325 0.010676
v 0.017970 0.080325 0.010375
v 0.017802 0.080325 0.011000
v 0.018428 0.080325 0.009917
v 0.018729 0.080325 0.009793
v 0.018168 0.080325 0.010116
v 0.019376 0.080325 0.009793
v 0.019677 0.080325 0.009917
v 0.019053 0.080325 0.009750
v 0.020135 0.080325 0.010375
v 0.020260 0.080325 0.010676
v 0.019936 0.080325 0.010116
v 0.017970 0.071825 0.010375
v 0.017845 0.071825 0.010676
v 0.019936 0.071825 0.011884
v 0.018729 0.071825 0.009793
v 0.018428 0.071825 0.009917
v 0.018168 0.071825 0.010116
v 0.017802 0.071825 0.011000
v 0.019376 0.071825 0.012207
v 0.019677 0.071825 0.012082
v 0.020135 0.071825 0.011625
v 0.020260 0.071825 0.011324
v 0.020303 0.071825 0.011000
v 0.020260 0.071825 0.010676
v 0.020135 0.071825 0.010375
v 0.019936 0.071825 0.010116
v 0.019677 0.071825 0.009917
v 0.019376 0.071825 0.009793
v 0.019053 0.071825 0.009750
v 0.017845 0.071825 0.011324
v 0.017970 0.071825 0.011625
v 0.018168 0.071825 0.011884
v 0.018428 0.071825 0.012082
v 0.018729 0.071825 0.012207
v 0.019053 0.071825 0.012250
v -0.018729 0.071825 0.009793
v -0.019052 0.071825 0.009750
v -0.000000 0.065816 0.037499
v 0.000000 0.065816 0.037499
v -0.004520 0.047325 -0.037226
v -0.008974 0.047325 -0.036410
v 0.003152 0.060804 0.030336
v 0.003373 0.061392 0.030313
v -0.016427 0.081825 -0.015512
v -0.015910 0.081825 -0.015910
v 0.000625 0.071825 -0.020917
v 0.000884 0.071825 -0.021116
v -0.015263 0.073825 0.018325
v -0.015177 0.073825 0.017678
v -0.019843 0.073825 -0.018928
v -0.020092 0.073825 -0.018325
v 0.024990 0.074825 -0.019176
v 0.022274 0.074825 -0.022274
v -0.001010 0.065676 0.030483
v -0.000904 0.065698 0.030486
v 0.000000 0.081825 -0.015683
v -0.001453 0.081825 -0.015683
v -0.021302 0.074825 -0.030862
v -0.024867 0.074825 -0.028069
v 0.017678 0.081825 0.015177
v 0.017030 0.081825 0.015263
v 0.001241 0.065597 0.043000
v 0.000422 0.065799 0.043000
v -0.020135 0.071825 0.011625
v -0.019936 0.071825 0.011884
v 0.000398 0.065802 0.037498
v -0.001746 0.065348 0.037458
v -0.001301 0.065574 0.037477
v 0.002474 0.059850 0.030399
v 0.002875 0.060329 0.030364
v -0.015512 0.081825 -0.016427
v 0.030862 0.047325 -0.021302
v 0.028069 0.047325 -0.024867
v -0.014686 0.075825 -0.005689
v -0.013391 0.075825 -0.008291
v 0.019176 0.074825 -0.024990
v 0.007020 0.081825 -0.014099
v 0.004310 0.081825 -0.015149
v -0.015512 0.073825 0.018928
v -0.015910 0.073825 0.019445
v -0.003031 0.071825 -0.001750
v -0.003381 0.071825 -0.000906
v -0.017427 0.074825 -0.033204
v -0.018168 0.071825 0.010116
v -0.018428 0.071825 0.009917
v 0.000904 0.065697 0.037488
v 0.003379 0.061419 0.030312
v 0.003478 0.061935 0.030301
v -0.033204 0.074825 0.017427
v -0.030862 0.074825 0.021302
v -0.015263 0.081825 -0.017030
v 0.000000 0.071825 -0.020750
v -0.000324 0.071825 -0.020792
v 0.033204 0.047325 -0.017427
v 0.001250 0.071825 -0.022000
v 0.001207 0.071825 -0.022323
v 0.029102 0.074825 -0.012054
v 0.027280 0.074825 -0.015750
v 0.000000 0.071825 0.003500
v 0.000906 0.071825 0.003381
v 0.001241 0.059052 0.043000
v 0.000422 0.058850 0.043000
v -0.017030 0.073825 0.020092
v -0.017678 0.073825 0.020178
v -0.020178 0.081825 0.017678
v -0.020092 0.081825 0.018325
v -0.019677 0.071825 0.012082
v -0.019376 0.071825 0.012207
v -0.013297 0.047325 -0.035063
v 0.020260 0.080325 0.011324
v 0.020303 0.080325 0.011000
v 0.002057 0.059493 0.030430
v 0.002470 0.059845 0.030400
v -0.017030 0.081825 -0.015263
v 0.001207 0.071825 -0.021676
v 0.001082 0.071825 -0.021375
v 0.000324 0.071825 -0.023207
v 0.000000 0.071825 -0.023250
v 0.018325 0.073825 -0.015263
v 0.017678 0.073825 -0.015177
v -0.018928 0.073825 0.019843
v -0.019445 0.073825 0.019445
v -0.015750 0.075825 0.000000
v -0.015482 0.075825 0.002894
v 0.011639 0.081825 -0.010611
v 0.009491 0.081825 -0.012569
v -0.035063 0.074825 -0.013297
v -0.036410 0.074825 -0.008974
v -0.019843 0.081825 0.018928
v -0.015512 0.073825 0.016428
v -0.015910 0.073825 0.015910
v -0.000903 0.065698 0.037488
v -0.018325 0.073825 -0.020092
v -0.017678 0.073825 -0.020178
v -0.018928 0.081825 -0.015512
v -0.018325 0.081825 -0.015263
v 0.003500 0.062325 0.037336
v 0.003443 0.061698 0.037342
v 0.036410 0.047325 -0.008974
v 0.035063 0.047325 -0.013297
v 0.018928 0.073825 -0.015512
v 0.012055 0.074825 -0.029102
v 0.008153 0.074825 -0.030427
v -0.015263 0.073825 0.017030
v -0.018325 0.073825 0.020092
v 0.019843 0.081825 0.016428
v 0.019445 0.081825 0.015910
v -0.031500 0.081825 0.000000
v -0.031230 0.081825 -0.004111
v 0.002475 0.064800 0.037418
v 0.002062 0.065153 0.037443
v -0.003500 0.075825 0.000000
v -0.003381 0.075825 -0.000906
v -0.015263 0.081825 -0.018325
v -0.015512 0.081825 -0.018928
v -0.000324 0.071825 -0.023207
v -0.000625 0.071825 -0.023082
v 0.037226 0.047325 -0.004520
v -0.001743 0.059305 0.037458
v -0.002062 0.059497 0.037443
v -0.016428 0.073825 0.019843
v 0.018428 0.071825 0.012082
v 0.018729 0.071825 0.012207
v 0.019376 0.080325 0.012207
v 0.019053 0.080325 0.012250
v 0.015750 0.081825 0.027280
v 0.019176 0.081825 0.024990
v 0.002620 0.060004 0.043000
v 0.003099 0.060698 0.043000
v -0.018928 0.073825 -0.019843
v 0.002620 0.064646 0.043000
v 0.001988 0.065205 0.043000
v 0.004112 0.074825 -0.031230
v -0.035063 0.074825 0.013297
v 0.016428 0.081825 0.015512
v 0.003099 0.063951 0.043000
v -0.002465 0.064791 0.037418
v -0.002737 0.064506 0.037400
v 0.003370 0.063228 0.030313
v 0.003304 0.063479 0.030320
v -0.015910 0.081825 -0.019445
v 0.037500 0.047325 0.000000
v 0.003031 0.071825 0.001750
v 0.003381 0.071825 0.000906
v 0.018168 0.071825 0.011884
v -0.000422 0.058850 0.043000
v -0.001241 0.059052 0.043000
v 0.001988 0.059444 0.043000
v -0.004520 0.047325 0.037226
v -0.008974 0.047325 0.036410
v 0.008153 0.081825 0.030427
v 0.004112 0.081825 0.031230
v -0.000625 0.071825 -0.020917
v 0.020178 0.081825 0.017678
v 0.020092 0.081825 0.017030
v -0.017970 0.071825 0.011625
v -0.017845 0.071825 0.011324
v 0.001014 0.065675 0.037486
v 0.003044 0.064053 0.030348
v -0.019445 0.081825 -0.015910
v 0.002475 0.071825 0.002475
v -0.019843 0.073825 0.018928
v 0.015750 0.081825 0.000000
v 0.015482 0.081825 -0.002894
v 0.001750 0.071825 0.003031
v 0.008974 0.074825 -0.036410
v 0.004520 0.074825 -0.037226
v 0.003029 0.064074 0.030349
v -0.016427 0.081825 -0.019843
v -0.017030 0.081825 -0.020092
v 0.020135 0.080325 0.011625
v 0.019936 0.080325 0.011884
v 0.014686 0.081825 -0.005689
v 0.020092 0.073825 -0.017030
v 0.020178 0.073825 -0.017678
v -0.020092 0.073825 0.018325
v -0.020178 0.073825 0.017678
v 0.030862 0.074825 0.021302
v 0.033204 0.074825 0.017427
v 0.013297 0.074825 -0.035063
v 0.019843 0.081825 0.018928
v 0.020092 0.081825 0.018325
v 0.000000 0.047325 -0.037500
v -0.017678 0.081825 -0.020178
v 0.000324 0.071825 -0.020792
v 0.019843 0.073825 -0.018928
v 0.019445 0.073825 -0.019445
v 0.012055 0.081825 0.029102
v 0.017427 0.074825 -0.033204
v -0.017030 0.081825 0.020092
v -0.016427 0.081825 0.019843
v -0.001862 0.065288 0.037454
v 0.004520 0.047325 -0.037226
v 0.002739 0.064503 0.030377
v 0.002465 0.064791 0.030399
v 0.003500 0.071825 0.000000
v -0.018325 0.081825 -0.020092
v 0.017030 0.073825 -0.015263
v -0.015263 0.073825 -0.018325
v -0.015177 0.073825 -0.017678
v 0.000625 0.071825 -0.023082
v 0.000884 0.071825 -0.022884
v -0.000422 0.065799 0.043000
v 0.000000 0.065816 0.030499
v -0.000394 0.065803 0.030497
v 0.013391 0.081825 -0.008291
v -0.028069 0.074825 -0.024867
v -0.030862 0.074825 -0.021302
v -0.015910 0.081825 0.019445
v -0.002620 0.064646 0.043000
v -0.003099 0.063951 0.043000
v -0.002302 0.064962 0.037429
v -0.035063 0.047325 -0.013297
v -0.036410 0.047325 -0.008974
v -0.019445 0.073825 -0.019445
v -0.015512 0.073825 -0.018928
v 0.019677 0.080325 0.012082
v 0.015750 0.074825 -0.027280
v -0.000906 0.071825 0.003381
v 0.002475 0.071825 -0.002475
v 0.001750 0.071825 -0.003031
v 0.000000 0.081825 0.031500
v 0.028069 0.074825 0.024867
v -0.015512 0.081825 0.018928
v -0.018928 0.073825 0.015512
v -0.019445 0.073825 0.015910
v 0.020092 0.073825 -0.018325
v 0.001522 0.065477 0.037469
v -0.003500 0.071825 0.000000
v -0.003381 0.071825 0.000906
v 0.031230 0.081825 -0.004111
v 0.030427 0.081825 -0.008153
v -0.014686 0.075825 0.005689
v -0.001988 0.059444 0.043000
v -0.002620 0.060004 0.043000
v 0.028069 0.047325 0.024867
v 0.030862 0.047325 0.021302
v 0.019053 0.071825 0.012250
v 0.000000 0.065816 0.030499
v -0.019176 0.074825 -0.024990
v -0.022274 0.074825 -0.022274
v 0.000906 0.071825 -0.003381
v 0.028069 0.074825 -0.024867
v 0.024867 0.074825 -0.028069
v 0.015512 0.081825 0.016428
v 0.015263 0.081825 0.017030
v -0.018729 0.071825 0.012207
v -0.018428 0.071825 0.012082
v -0.017678 0.081825 -0.015177
v 0.024867 0.047325 0.028069
v 0.017845 0.080325 0.011324
v 0.017802 0.080325 0.011000
v -0.000884 0.071825 -0.021116
v -0.024990 0.074825 -0.019176
v -0.015263 0.073825 -0.017030
v -0.033204 0.047325 -0.017427
v -0.000324 0.080325 -0.023207
v 0.000000 0.080325 -0.023250
v 0.003022 0.060580 0.030350
v 0.000000 0.058833 0.030499
v -0.000000 0.058833 0.030499
v 0.031500 0.081825 0.000000
v 0.021302 0.047325 0.030862
v 0.017970 0.080325 0.011625
v 0.018168 0.080325 0.011884
v 0.031230 0.081825 0.004112
v 0.004310 0.081825 0.015149
v 0.007020 0.081825 0.014099
v -0.003099 0.060698 0.000000
v -0.002620 0.060004 0.000000
v 0.021302 0.074825 -0.030862
v 0.027280 0.081825 -0.015750
v 0.029102 0.081825 -0.012054
v 0.001305 0.065572 0.030472
v 0.000903 0.065698 0.030486
v 0.001453 0.075825 -0.015683
v 0.004310 0.075825 -0.015149
v 0.033204 0.047325 0.017427
v 0.000625 0.080325 -0.023082
v 0.000884 0.080325 -0.022884
v 0.003381 0.071825 -0.000906
v -0.001207 0.071825 -0.021676
v -0.001082 0.071825 -0.021375
v -0.027280 0.074825 -0.015750
v -0.029102 0.074825 -0.012054
v 0.001453 0.081825 0.015683
v 0.016428 0.073825 -0.019843
v 0.015910 0.073825 -0.019445
v 0.003304 0.061169 0.037354
v 0.003370 0.061422 0.037348
v 0.017030 0.081825 0.020092
v 0.017678 0.081825 0.020178
v -0.003376 0.061401 0.037348
v -0.003156 0.060811 0.037367
v -0.019843 0.073825 0.016428
v -0.028069 0.047325 -0.024867
v -0.030862 0.047325 -0.021302
v 0.000777 0.065737 0.030490
v -0.001453 0.075825 0.015683
v 0.001453 0.075825 0.015683
v 0.017678 0.073825 0.020178
v 0.017030 0.073825 0.020092
v 0.036410 0.047325 0.008974
v 0.037226 0.047325 0.004520
v -0.003381 0.075825 0.000906
v -0.030427 0.074825 -0.008153
v 0.009491 0.081825 0.012569
v 0.011639 0.081825 0.010611
v 0.003043 0.060596 0.037376
v 0.016428 0.081825 0.019843
v 0.018928 0.073825 -0.019843
v 0.018325 0.073825 -0.020092
v -0.003022 0.060580 0.037378
v -0.020092 0.081825 0.017030
v 0.001865 0.065286 0.030443
v 0.001746 0.065347 0.030449
v 0.004310 0.075825 0.015149
v 0.030427 0.074825 0.008153
v 0.031230 0.074825 0.004112
v 0.017845 0.080325 0.010676
v -0.004111 0.081825 0.031230
v 0.018729 0.080325 0.012207
v 0.000324 0.080325 -0.023207
v -0.031230 0.074825 -0.004111
v 0.030427 0.081825 0.008153
v 0.003030 0.060576 0.037377
v 0.018325 0.081825 0.020092
v 0.018928 0.081825 0.019843
v -0.002880 0.060336 0.037389
v 0.007020 0.075825 0.014099
v -0.003031 0.075825 0.001750
v -0.002475 0.075825 0.002475
v 0.017970 0.080325 0.010375
v 0.019445 0.081825 0.019445
v 0.015512 0.081825 0.018928
v 0.015910 0.081825 0.019445
v 0.017678 0.073825 -0.020178
v 0.002304 0.064959 0.030413
v -0.004310 0.075825 0.015149
v -0.001750 0.071825 -0.003031
v -0.002475 0.071825 -0.002475
v 0.020135 0.071825 0.011625
v 0.020260 0.071825 0.011324
v -0.001082 0.071825 -0.022625
v -0.001207 0.071825 -0.022323
v 0.017030 0.073825 0.015263
v 0.017678 0.073825 0.015177
v 0.015512 0.073825 -0.018928
v -0.015482 0.075825 -0.002894
v -0.001241 0.059052 0.000000
v -0.001988 0.059444 0.000000
v -0.001241 0.065597 0.000000
v -0.001988 0.065205 0.000000
v 0.003398 0.063162 0.043000
v -0.000906 0.071825 -0.003381
v -0.020303 0.071825 0.011000
v -0.020260 0.071825 0.011324
v 0.018428 0.080325 0.012082
v -0.031230 0.074825 0.004112
v -0.030427 0.074825 0.008153
v 0.016428 0.073825 0.015512
v -0.036410 0.074825 0.008974
v -0.017678 0.081825 0.020178
v -0.002475 0.059850 0.037418
v -0.017427 0.047325 -0.033204
v -0.021302 0.047325 -0.030862
v -0.020092 0.073825 0.017030
v 0.000155 0.065821 0.030499
v 0.022274 0.074825 0.022274
v 0.024990 0.074825 0.019176
v -0.015910 0.073825 -0.019445
v 0.000000 0.071825 -0.003500
v 0.019376 0.071825 0.012207
v 0.019677 0.071825 0.012082
v -0.029102 0.074825 0.012055
v -0.024867 0.074825 0.028069
v -0.021302 0.074825 0.030862
v -0.017802 0.071825 0.011000
v 0.020260 0.080325 0.010676
v -0.001250 0.071825 -0.022000
v -0.003304 0.061171 0.030320
v -0.003044 0.060597 0.030348
v 0.015482 0.081825 0.002894
v -0.001988 0.065205 0.043000
v -0.017427 0.074825 0.033204
v -0.018928 0.081825 0.019843
v -0.018325 0.081825 0.020092
v 0.015263 0.073825 -0.018325
v -0.002476 0.059852 0.037418
v 0.017678 0.081825 -0.015177
v 0.018325 0.081825 -0.015263
v -0.024867 0.047325 -0.028069
v -0.027280 0.081825 -0.015750
v -0.024990 0.081825 -0.019176
v -0.003370 0.061422 0.030313
v 0.018325 0.073825 0.015263
v -0.037226 0.074825 0.004520
v -0.001453 0.075825 -0.015683
v -0.004310 0.075825 -0.015149
v -0.017030 0.073825 -0.020092
v 0.018729 0.071825 0.009793
v 0.019053 0.071825 0.009750
v 0.027280 0.074825 0.015750
v -0.007020 0.075825 0.014099
v -0.003031 0.075825 -0.001750
v -0.003443 0.061699 0.030305
v 0.029102 0.081825 0.012055
v 0.027280 0.081825 0.015750
v 0.018928 0.073825 0.015512
v 0.019445 0.073825 0.015910
v -0.013297 0.074825 0.035063
v -0.008974 0.074825 0.036410
v -0.019445 0.081825 0.019445
v -0.001241 0.065597 0.043000
v -0.017845 0.071825 0.010676
v 0.035063 0.047325 0.013297
v -0.016427 0.073825 -0.019843
v 0.031500 0.074825 0.000000
v 0.031230 0.074825 -0.004111
v 0.022274 0.081825 0.022274
v 0.015177 0.081825 0.017678
v 0.014686 0.081825 0.005689
v -0.001522 0.059173 0.037469
v -0.001750 0.071825 0.003031
v -0.037226 0.074825 -0.004520
v -0.037500 0.074825 0.000000
v 0.001207 0.080325 -0.021676
v 0.001250 0.080325 -0.022000
v 0.018928 0.081825 -0.015512
v 0.001743 0.059306 0.030449
v 0.001516 0.059170 0.030462
v 0.015177 0.081825 -0.017678
v 0.015263 0.081825 -0.018325
v 0.009491 0.075825 0.012569
v 0.011639 0.075825 0.010611
v 0.029102 0.074825 0.012055
v 0.003031 0.071825 -0.001750
v 0.001082 0.080325 -0.022625
v 0.001207 0.080325 -0.022323
v -0.003478 0.062715 0.030301
v -0.003500 0.062325 0.030298
v 0.024990 0.081825 0.019176
v -0.003031 0.071825 0.001750
v -0.002475 0.071825 0.002475
v 0.019843 0.073825 0.016428
v -0.017970 0.071825 0.010375
v -0.000151 0.065822 0.037499
v 0.001082 0.080325 -0.021375
v -0.019053 0.071825 0.012250
v -0.002475 0.075825 -0.002475
v -0.031500 0.074825 0.000000
v 0.013391 0.081825 0.008291
v -0.019677 0.080325 0.009917
v -0.019936 0.080325 0.010116
v 0.019445 0.081825 -0.015910
v 0.019843 0.081825 -0.016427
v 0.001241 0.059052 0.000000
v 0.001988 0.059444 0.000000
v -0.015177 0.081825 -0.017678
v 0.000324 0.080325 -0.020792
v 0.000000 0.080325 -0.020750
v 0.004520 0.074825 0.037226
v 0.008974 0.074825 0.036410
v -0.020260 0.080325 0.010676
v -0.020135 0.080325 0.010375
v -0.004310 0.081825 -0.015149
v -0.007020 0.081825 -0.014099
v 0.030427 0.074825 -0.008153
v 0.000151 0.058828 0.037499
v 0.000000 0.058833 0.037499
v -0.019376 0.080325 0.009793
v 0.001010 0.058974 0.030483
v 0.013391 0.075825 0.008291
v -0.008153 0.074825 0.030427
v -0.004112 0.074825 0.031230
v 0.013297 0.074825 0.035063
v 0.000625 0.080325 -0.020917
v 0.000884 0.080325 -0.021116
v -0.000906 0.075825 -0.003381
v -0.001750 0.075825 -0.003031
v 0.000000 0.058833 0.037499
v 0.017030 0.073825 -0.020092
v 0.017427 0.074825 0.033204
v -0.019052 0.080325 0.009750
v -0.015750 0.081825 -0.027280
v -0.012054 0.081825 -0.029102
v -0.009491 0.075825 0.012569
v -0.011639 0.075825 0.010611
v -0.009491 0.081825 -0.012569
v -0.011639 0.081825 -0.010611
v 0.017970 0.071825 0.010375
v 0.017845 0.071825 0.010676
v 0.000903 0.058952 0.037488
v 0.000774 0.058912 0.037492
v 0.019843 0.081825 -0.018928
v 0.019445 0.081825 -0.019445
v 0.000000 0.074825 0.037500
v 0.000904 0.058952 0.030486
v 0.017802 0.071825 0.011000
v -0.022274 0.081825 -0.022274
v -0.019176 0.081825 -0.024990
v 0.020135 0.080325 0.010375
v -0.002875 0.064321 0.030364
v -0.003022 0.064069 0.030350
v 0.020092 0.073825 0.018325
v 0.020178 0.073825 0.017678
v 0.020092 0.081825 -0.018325
v -0.013297 0.047325 0.035063
v 0.014686 0.075825 0.005689
v 0.015482 0.075825 0.002894
v 0.000000 0.074825 0.031500
v 0.021302 0.074825 0.030862
v 0.024867 0.074825 0.028069
v 0.001750 0.075825 -0.003031
v 0.000906 0.075825 -0.003381
v -0.013391 0.081825 -0.008291
v -0.014686 0.081825 -0.005689
v -0.002474 0.064799 0.030399
v 0.018325 0.073825 0.020092
v 0.018928 0.073825 0.019843
v 0.020178 0.081825 -0.017678
v -0.015750 0.074825 0.027280
v -0.012055 0.074825 0.029102
v -0.004520 0.074825 0.037226
v 0.002475 0.075825 -0.002475
v -0.008153 0.081825 0.030427
v 0.018428 0.071825 0.009917
v -0.003152 0.063846 0.030336
v -0.003373 0.063258 0.030313
v 0.017845 0.071825 0.011324
v 0.018928 0.081825 -0.019843
v 0.015750 0.075825 0.000000
v 0.015482 0.075825 -0.002894
v 0.004111 0.074825 0.031230
v 0.008153 0.074825 0.030427
v 0.019936 0.071825 0.011884
v 0.001743 0.065344 0.037458
v 0.000000 0.075825 -0.003500
v 0.019936 0.080325 0.010116
v 0.018168 0.071825 0.010116
v -0.002057 0.065156 0.030430
v -0.002470 0.064804 0.030400
v -0.019843 0.081825 0.016428
v -0.000904 0.058952 0.037488
v -0.001014 0.058975 0.037486
v 0.002302 0.059688 0.037429
v 0.001862 0.059361 0.037454
v 0.019445 0.073825 0.019445
v -0.018729 0.080325 0.009793
v -0.020178 0.081825 -0.017678
v -0.020092 0.081825 -0.018325
v 0.020092 0.081825 -0.017030
v 0.009491 0.075825 -0.012569
v 0.007020 0.075825 -0.014099
v -0.008153 0.081825 -0.030427
v -0.000625 0.080325 -0.020917
v -0.000884 0.080325 -0.021116
v 0.003381 0.075825 -0.000906
v 0.003031 0.075825 -0.001750
v -0.020303 0.080325 0.011000
v -0.019677 0.080325 0.012082
v -0.019936 0.080325 0.011884
v -0.003379 0.063230 0.030312
v -0.019445 0.081825 0.015910
v 0.001241 0.065597 0.000000
v 0.001988 0.065205 0.000000
v -0.029102 0.081825 -0.012054
v 0.020092 0.073825 0.017030
v -0.018428 0.080325 0.009917
v 0.018325 0.081825 -0.020092
v 0.017678 0.081825 -0.020178
v -0.028069 0.047325 0.024867
v -0.024867 0.047325 0.028069
v -0.007020 0.075825 -0.014099
v -0.009491 0.075825 -0.012569
v 0.000000 0.081825 -0.031500
v 0.004112 0.081825 -0.031230
v -0.019176 0.074825 0.024990
v 0.003500 0.075825 0.000000
v -0.029102 0.081825 0.012055
v -0.030427 0.081825 0.008153
v -0.015482 0.081825 0.002894
v -0.014686 0.081825 0.005689
v 0.002620 0.064646 0.000000
v -0.028069 0.074825 0.024867
v 0.016428 0.073825 -0.015512
v -0.021302 0.047325 0.030862
v -0.027280 0.074825 0.015750
v -0.024990 0.074825 0.019176
v 0.003381 0.075825 0.000906
v 0.018428 0.080325 0.009917
v 0.018729 0.080325 0.009793
v -0.020178 0.073825 -0.017678
v -0.017970 0.080325 0.010375
v -0.018168 0.080325 0.010116
v 0.003099 0.063951 0.000000
v -0.000422 0.058850 0.000000
v 0.000422 0.058850 0.000000
v 0.019176 0.074825 0.024990
v -0.022274 0.074825 0.022274
v -0.004111 0.081825 -0.031230
v -0.017678 0.081825 0.015177
v -0.018325 0.081825 0.015263
v 0.002737 0.060144 0.037400
v -0.002620 0.064646 0.000000
v -0.003099 0.063951 0.000000
v -0.017845 0.080325 0.010676
v 0.015512 0.081825 -0.018928
v -0.017427 0.047325 0.033204
v 0.015750 0.074825 0.027280
v -0.020260 0.080325 0.011324
v -0.020135 0.080325 0.011625
v -0.017030 0.081825 0.015263
v 0.001746 0.059302 0.037458
v 0.015263 0.073825 -0.017030
v 0.015512 0.073825 -0.016427
v 0.017030 0.081825 -0.015263
v -0.012055 0.081825 0.029102
v -0.000324 0.080325 -0.020792
v 0.013297 0.047325 0.035063
v 0.017427 0.047325 0.033204
v 0.020303 0.071825 0.011000
v -0.017845 0.080325 0.011324
v -0.017970 0.080325 0.011625
v 0.018168 0.080325 0.010116
v -0.018928 0.081825 0.015512
v 0.001301 0.059076 0.037477
v 0.015177 0.073825 -0.017678
v 0.000422 0.065799 0.000000
v -0.019843 0.073825 -0.016427
v -0.019445 0.073825 -0.015910
v 0.016428 0.081825 -0.015512
v 0.012055 0.074825 0.029102
v 0.020260 0.071825 0.010676
v -0.019376 0.071825 0.009793
v -0.003029 0.060576 0.030349
v -0.015750 0.081825 0.000000
v 0.003398 0.061487 0.000000
v 0.003099 0.060698 0.000000
v 0.033204 0.074825 -0.017427
v 0.030862 0.074825 -0.021302
v 0.014686 0.075825 -0.005689
v 0.013391 0.075825 -0.008291
v 0.002620 0.060004 0.000000
v -0.030427 0.081825 -0.008153
v 0.020135 0.071825 0.010375
v -0.015482 0.081825 -0.002894
v 0.003398 0.063162 0.000000
v -0.000422 0.065799 0.000000
v -0.003379 0.061419 0.037347
v -0.011639 0.075825 -0.010611
v 0.015512 0.081825 -0.016427
v 0.015910 0.081825 -0.015910
v -0.000906 0.075825 0.003381
v 0.000000 0.075825 0.003500
v -0.002740 0.060147 0.030377
v -0.002465 0.059859 0.030399
v -0.031230 0.081825 0.004112
v 0.000394 0.058847 0.030497
v 0.002465 0.059859 0.037418
v 0.015263 0.081825 0.018325
v -0.037226 0.047325 -0.004520
v 0.011639 0.075825 -0.010611
v -0.001750 0.075825 0.003031
v -0.000625 0.080325 -0.023082
v 0.000000 0.081825 0.015683
v -0.003398 0.063162 0.000000
v 0.037226 0.074825 0.004520
v 0.037500 0.074825 0.000000
v -0.003500 0.062325 0.037336
v -0.003479 0.061942 0.037338
v -0.037500 0.047325 0.000000
v 0.003479 0.062707 0.037338
v 0.019677 0.071825 0.009917
v 0.019376 0.071825 0.009793
v -0.000884 0.080325 -0.022884
v 0.037226 0.074825 -0.004520
v 0.019843 0.073825 0.018928
v -0.020092 0.073825 -0.017030
v -0.015177 0.081825 0.017678
v -0.015263 0.081825 0.017030
v 0.015910 0.073825 0.015910
v 0.036410 0.074825 -0.008974
v -0.003370 0.063228 0.037348
v -0.003443 0.062952 0.037342
v -0.037226 0.047325 0.004520
v -0.036410 0.047325 0.008974
v -0.019843 0.081825 -0.018928
v -0.000155 0.058828 0.030499
v 0.019936 0.071825 0.010116
v -0.017802 0.080325 0.011000
v -0.001746 0.059302 0.030449
v -0.001305 0.059077 0.030472
v -0.001207 0.080325 -0.022323
v -0.001082 0.080325 -0.022625
v -0.015512 0.081825 0.016428
v 0.015512 0.073825 0.016428
v 0.015263 0.073825 0.017030
v 0.036410 0.074825 0.008974
v 0.003379 0.063230 0.037347
v 0.022274 0.081825 -0.022274
v 0.019176 0.081825 -0.024990
v -0.017030 0.073825 -0.015263
v -0.017678 0.073825 -0.015177
v -0.001250 0.080325 -0.022000
v -0.022274 0.081825 0.022274
v -0.019176 0.081825 0.024990
v -0.001865 0.059363 0.030443
v 0.015512 0.073825 0.018928
v 0.015910 0.073825 0.019445
v -0.015263 0.081825 0.018325
v 0.035063 0.074825 -0.013297
v 0.003398 0.061487 0.043000
v -0.019677 0.071825 0.009917
v 0.008974 0.047325 0.036410
v -0.000903 0.058952 0.030486
v -0.000777 0.058912 0.030490
v -0.001453 0.081825 0.015683
v -0.016427 0.073825 -0.015512
v 0.015263 0.073825 0.018325
v 0.015177 0.073825 0.017678
v -0.003398 0.061487 0.000000
v 0.035063 0.074825 0.013297
v -0.020135 0.071825 0.010375
v -0.020260 0.071825 0.010676
v -0.018168 0.080325 0.011884
v 0.003376 0.063249 0.037348
v 0.003156 0.063839 0.037367
v 0.024990 0.081825 -0.019176
v 0.004520 0.047325 0.037226
v -0.002304 0.059690 0.030413
v -0.004310 0.081825 0.015149
v 0.000000 0.074825 -0.037500
v -0.018168 0.071825 0.011884
v -0.003030 0.064074 0.037377
v -0.030862 0.047325 0.021302
v -0.018928 0.081825 -0.019843
v -0.019445 0.081825 -0.019445
v 0.019053 0.080325 0.009750
v 0.017970 0.071825 0.011625
v -0.024990 0.081825 0.019176
v -0.027280 0.081825 0.015750
v -0.007020 0.081825 0.014099
v -0.015512 0.073825 -0.016427
v -0.015910 0.073825 -0.015910
v -0.015750 0.074825 -0.027280
v -0.001743 0.065344 0.030449
v 0.003500 0.062325 0.043000
v -0.019936 0.071825 0.010116
v 0.015263 0.081825 -0.017030
v 0.012055 0.081825 -0.029102
v 0.015750 0.081825 -0.027280
v 0.000000 0.047325 0.037500
v -0.003099 0.060698 0.043000
v -0.001082 0.080325 -0.021375
v -0.001207 0.080325 -0.021676
v -0.004520 0.074825 -0.037226
v -0.008974 0.074825 -0.036410
v -0.016427 0.081825 0.015512
v 0.016428 0.073825 0.019843
v -0.013391 0.075825 0.008291
v -0.019376 0.080325 0.012207
v -0.019052 0.080325 0.012250
v -0.001516 0.065479 0.030462
v -0.018928 0.073825 -0.015512
v 0.015910 0.073825 -0.015910
v 0.001082 0.071825 -0.022625
v -0.033204 0.047325 0.017427
v 0.002476 0.064798 0.037418
v -0.018325 0.073825 0.015263
v 0.019677 0.080325 0.009917
v -0.018428 0.080325 0.012082
v 0.000906 0.075825 0.003381
v -0.013391 0.081825 0.008291
v -0.011639 0.081825 0.010611
v -0.018325 0.073825 -0.015263
v -0.003500 0.062325 0.000000
v -0.012054 0.074825 -0.029102
v -0.013297 0.074825 -0.035063
v 0.002880 0.064314 0.037389
v -0.017678 0.073825 0.015177
v -0.015750 0.081825 0.027280
v 0.019376 0.080325 0.009793
v -0.018729 0.080325 0.012207
v 0.000000 0.074825 -0.031500
v -0.004111 0.074825 -0.031230
v -0.000398 0.058847 0.037498
v -0.003043 0.064054 0.037376
v 0.015910 0.081825 -0.019445
v 0.019843 0.073825 -0.016427
v 0.019445 0.073825 -0.015910
v -0.035063 0.047325 0.013297
v 0.024867 0.047325 -0.028069
v -0.020092 0.081825 -0.017030
v -0.016428 0.073825 0.015512
v 0.001750 0.075825 0.003031
v 0.002475 0.075825 0.002475
v -0.009491 0.081825 0.012569
v -0.008153 0.074825 -0.030427
v -0.003304 0.063481 0.037354
v 0.016428 0.081825 -0.019843
v 0.008153 0.081825 -0.030427
v 0.003022 0.064069 0.037378
v 0.003443 0.062951 0.030305
v -0.019843 0.081825 -0.016427
v -0.017030 0.073825 0.015263
v -0.015910 0.081825 0.015910
v 0.018928 0.081825 0.015512
v -0.003500 0.062325 0.043000
v -0.003398 0.061487 0.043000
v 0.003500 0.062325 0.000000
v 0.003031 0.075825 0.001750
v 0.018325 0.081825 0.015263
v 0.017030 0.081825 -0.020092
v 0.003500 0.062325 0.030298
v 0.021302 0.047325 -0.030862
v 0.013297 0.047325 -0.035063
v 0.008974 0.047325 -0.036410
v -0.003398 0.063162 0.043000
v -0.033204 0.074825 -0.017427
v 0.017427 0.047325 -0.033204
v -0.000774 0.065738 0.037492
v -0.000884 0.071825 -0.022884
v 0.001453 0.081825 -0.015683
v 0.015910 0.081825 0.015910
vn -0.0000 1.0000 -0.0000
vn 0.9659 -0.0000 0.2588
vn 1.0000 -0.0000 -0.0000
vn 0.9659 -0.0000 -0.2588
vn 0.8660 -0.0000 -0.5000
vn 0.7071 -0.0000 -0.7071
vn 0.5000 -0.0000 -0.8660
vn 0.2588 -0.0000 -0.9659
vn -0.0000 -0.0000 -1.0000
vn -0.2588 -0.0000 -0.9659
vn -0.5000 -0.0000 -0.8660
vn -0.7071 -0.0000 -0.7071
vn -0.8660 -0.0000 -0.5000
vn -0.9659 -0.0000 -0.2588
vn -1.0000 -0.0000 -0.0000
vn -0.9659 -0.0000 0.2588
vn -0.8660 -0.0000 0.5000
vn -0.7071 -0.0000 0.7071
vn -0.5000 -0.0000 0.8660
vn -0.2588 -0.0000 0.9659
vn -0.0000 -0.0000 1.0000
vn 0.2588 -0.0000 0.9659
vn 0.5001 -0.0000 0.8660
vn 0.7071 -0.0000 0.7071
vn 0.8660 -0.0000 0.5000
vn 0.8660 -0.0000 0.5001
vn 0.4975 0.8572 -0.1333
vn 0.4460 0.8572 -0.2575
vn 0.5150 0.8572 -0.0000
vn 0.2575 0.8572 -0.4460
vn 0.1333 0.8572 -0.4975
vn 0.3642 0.8572 -0.3642
vn -0.1333 0.8572 -0.4975
vn -0.2575 0.8572 -0.4459
vn -0.0000 0.8572 -0.5150
vn -0.4460 0.8572 -0.2575
vn -0.4975 0.8572 -0.1333
vn -0.3642 0.8572 -0.3642
vn -0.4975 0.8572 0.1333
vn -0.4460 0.8572 0.2575
vn -0.5150 0.8572 -0.0000
vn -0.2575 0.8572 0.4460
vn -0.1333 0.8572 0.4975
vn -0.3642 0.8572 0.3642
vn 0.1334 0.8572 0.4975
vn 0.2575 0.8572 0.4461
vn -0.0000 0.8572 0.5150
vn 0.4461 0.8572 0.2575
vn 0.4975 0.8572 0.1334
vn 0.3642 0.8572 0.3642
vn -0.2575 0.8572 -0.4460
vn 0.1333 0.8572 0.4975
vn 0.2575 0.8572 0.4460
vn 0.4460 0.8572 0.2575
vn 0.4975 0.8572 0.1333
vn 0.3641 0.8572 0.3642
vn 0.3641 0.8572 -0.3642
vn -0.4461 0.8572 -0.2575
vn -0.4975 0.8571 -0.1333
vn -0.3642 0.8572 0.3641
vn 0.1334 0.8572 -0.4975
vn 0.4975 0.8571 -0.1333
vn 0.4461 0.8572 -0.2575
vn -0.1334 0.8572 -0.4975
vn -0.3641 0.8572 -0.3642
vn 0.3642 0.8572 0.3641
vn 0.0922 -0.0000 0.9957
vn 0.2736 -0.0000 0.9618
vn 0.4457 -0.0000 0.8952
vn 0.6027 -0.0000 0.7980
vn 0.7390 -0.0000 0.6737
vn 0.8502 -0.0000 0.5264
vn 0.9325 -0.0000 0.3613
vn 0.9830 -0.0000 0.1838
vn 0.9830 -0.0000 -0.1838
vn 0.9325 -0.0000 -0.3613
vn 0.8502 -0.0000 -0.5264
vn 0.7390 -0.0000 -0.6737
vn 0.6027 -0.0000 -0.7980
vn 0.4457 -0.0000 -0.8952
vn 0.2736 -0.0000 -0.9618
vn 0.0923 -0.0000 -0.9957
vn -0.0923 -0.0000 -0.9957
vn -0.2736 -0.0000 -0.9618
vn -0.4457 -0.0000 -0.8952
vn -0.6027 -0.0000 -0.7980
vn -0.7390 -0.0000 -0.6737
vn -0.8502 -0.0000 -0.5264
vn -0.9325 -0.0000 -0.3613
vn -0.9830 -0.0000 -0.1838
vn -0.9830 -0.0000 0.1838
vn -0.9325 -0.0000 0.3613
vn -0.8502 -0.0000 0.5264
vn -0.7390 -0.0000 0.6737
vn -0.6027 -0.0000 0.7980
vn -0.4457 -0.0000 0.8952
vn -0.2736 -0.0000 0.9618
vn -0.0922 -0.0000 0.9957
vn 0.0525 0.0102 0.9986
vn 0.0259 -0.0000 0.9997
vn 0.0457 0.0074 0.9989
vn 0.0307 0.0027 0.9995
vn 0.0566 0.0130 0.9983
vn 0.0599 0.0149 0.9981
vn 0.0615 0.0164 0.9980
vn 0.0649 0.0195 0.9977
vn 0.0653 0.0201 0.9977
vn 0.0645 0.0185 0.9977
vn 0.0624 0.0130 0.9980
vn 0.0614 0.0098 0.9981
vn 0.0611 0.0065 0.9981
vn 0.0607 -0.0007 0.9982
vn 0.0615 -0.0091 0.9981
vn 0.0623 -0.0133 0.9980
vn 0.0632 -0.0156 0.9979
vn 0.0647 -0.0193 0.9977
vn 0.0653 -0.0202 0.9977
vn 0.0644 -0.0192 0.9977
vn 0.0637 -0.0183 0.9978
vn 0.0608 -0.0160 0.9980
vn 0.0528 -0.0108 0.9985
vn 0.0478 -0.0080 0.9988
vn 0.0401 -0.0054 0.9992
vn 0.0335 -0.0030 0.9994
vn 0.0241 -0.0014 0.9997
vn 0.0056 -0.0000 1.0000
vn 0.0019 -0.0002 1.0000
vn 0.0131 0.0002 0.9999
vn 0.0227 0.0007 0.9997
vn -0.0525 -0.0102 0.9986
vn -0.0259 -0.0000 0.9997
vn -0.0457 -0.0074 0.9989
vn -0.0307 -0.0027 0.9995
vn -0.0566 -0.0130 0.9983
vn -0.0593 -0.0145 0.9981
vn -0.0612 -0.0160 0.9980
vn -0.0649 -0.0195 0.9977
vn -0.0651 -0.0199 0.9977
vn -0.0645 -0.0184 0.9977
vn -0.0624 -0.0130 0.9980
vn -0.0614 -0.0098 0.9981
vn -0.0611 -0.0065 0.9981
vn -0.0607 0.0006 0.9982
vn -0.0615 0.0092 0.9981
vn -0.0623 0.0134 0.9980
vn -0.0632 0.0156 0.9979
vn -0.0647 0.0192 0.9977
vn -0.0652 0.0201 0.9977
vn -0.0644 0.0192 0.9977
vn -0.0637 0.0183 0.9978
vn -0.0608 0.0160 0.9980
vn -0.0528 0.0108 0.9985
vn -0.0478 0.0080 0.9988
vn -0.0401 0.0054 0.9992
vn -0.0335 0.0030 0.9994
vn -0.0242 0.0014 0.9997
vn -0.0060 -0.0000 1.0000
vn -0.0019 0.0002 1.0000
vn -0.0131 -0.0002 0.9999
vn -0.0227 -0.0007 0.9997
vn -0.0011 -0.0000 1.0000
vn 0.0011 -0.0000 1.0000
vn 0.9914 -0.0000 0.1305
vn 0.9914 -0.0000 -0.1305
vn 0.9239 -0.0000 -0.3827
vn 0.7933 -0.0000 -0.6088
vn 0.6088 -0.0000 -0.7933
vn 0.3827 -0.0000 -0.9239
vn 0.1305 -0.0000 -0.9914
vn -0.1305 -0.0000 -0.9914
vn -0.3827 -0.0000 -0.9239
vn -0.6088 -0.0000 -0.7933
vn -0.7933 -0.0000 -0.6088
vn -0.9239 -0.0000 -0.3827
vn -0.9914 -0.0000 -0.1305
vn -0.9914 -0.0000 0.1305
vn -0.9239 -0.0000 0.3827
vn -0.7933 -0.0000 0.6088
vn -0.6088 -0.0000 0.7933
vn -0.3827 -0.0000 0.9239
vn -0.1305 -0.0000 0.9914
vn 0.1305 -0.0000 0.9914
vn 0.3827 -0.0000 0.9239
vn 0.5000 -0.0000 0.8660
vn 0.6088 -0.0000 0.7933
vn 0.7933 -0.0000 0.6088
vn 0.9239 -0.0000 0.3827
vn 0.3805 0.9248 0.0005
vn 0.4560 0.8900 -0.0024
vn 0.5127 0.8586 0.0017
vn -0.3805 -0.9248 0.0005
vn -0.4560 -0.8900 -0.0024
vn -0.5128 -0.8585 0.0018
vn -0.9999 0.0162 0.0006
vn -0.9926 -0.1212 0.0022
vn -0.9849 -0.1733 -0.0019
vn -0.9674 -0.2534 -0.0012
vn -0.9825 -0.1865 0.0026
vn -0.9422 -0.3352 -0.0015
vn -0.9630 -0.2696 0.0039
vn -0.8743 -0.4854 -0.0038
vn -0.9040 -0.4275 0.0015
vn -0.8295 -0.5585 -0.0025
vn -0.8641 -0.5033 0.0012
vn -0.7803 -0.6254 -0.0026
vn -0.8185 -0.5746 0.0027
vn -0.7247 -0.6891 -0.0011
vn -0.7166 -0.6974 0.0019
vn -0.6644 -0.7474 0.0018
vn -0.5835 -0.8121 0.0016
vn -0.5305 -0.8477 -0.0038
vn -0.6567 -0.7542 0.0026
vn -0.6635 -0.7481 -0.0009
vn 0.7652 -0.6438 -0.0010
vn 0.7130 -0.7011 -0.0014
vn 0.6601 -0.7512 -0.0016
vn 0.5851 -0.8110 0.0016
vn 0.5248 -0.8512 -0.0004
vn 0.5122 -0.8589 0.0013
vn 0.4546 -0.8907 -0.0006
vn 0.4411 -0.8974 0.0010
vn 0.3752 -0.9270 -0.0016
vn 0.2836 -0.9589 0.0007
vn 0.2969 -0.9549 -0.0007
vn 0.2019 -0.9794 0.0009
vn 0.2153 -0.9765 -0.0009
vn 0.1189 -0.9929 0.0016
vn 0.0480 -0.9988 -0.0009
vn 0.0168 -0.9999 0.0007
vn -0.0176 -0.9998 -0.0000
vn -0.0000 -1.0000 -0.0000
vn -0.0172 -0.9999 -0.0007
vn 0.0172 -0.9999 -0.0000
vn -0.0495 -0.9988 0.0009
vn -0.1188 -0.9929 -0.0016
vn -0.2191 -0.9757 0.0008
vn -0.2033 -0.9791 -0.0010
vn -0.2984 -0.9545 0.0008
vn -0.2822 -0.9594 -0.0007
vn -0.4401 -0.8979 0.0014
vn 0.7228 -0.6910 -0.0018
vn 0.7770 -0.6295 -0.0016
vn 0.8198 -0.5726 0.0015
vn 0.8286 -0.5598 0.0011
vn 0.8636 -0.5042 0.0013
vn 0.9040 -0.4276 0.0015
vn 0.8700 -0.4930 0.0011
vn 0.9414 -0.3372 -0.0016
vn 0.9628 -0.2703 0.0003
vn 0.9669 -0.2553 -0.0014
vn 0.9815 -0.1914 0.0001
vn 0.9847 -0.1742 -0.0015
vn 0.9926 -0.1218 0.0007
vn 0.9999 -0.0161 0.0006
vn 0.9999 0.0171 -0.0000
vn 0.9849 0.1731 -0.0019
vn 0.9926 0.1211 0.0022
vn 0.9674 0.2533 -0.0012
vn 0.9819 0.1895 0.0025
vn 0.9421 0.3352 -0.0015
vn 0.9621 0.2726 0.0038
vn 0.8734 0.4870 -0.0039
vn 0.9040 0.4275 0.0015
vn 0.8284 0.5601 -0.0026
vn 0.8641 0.5034 0.0012
vn 0.7803 0.6254 -0.0026
vn 0.8185 0.5745 0.0027
vn 0.7249 0.6889 -0.0011
vn 0.7101 0.7041 0.0019
vn 0.6507 0.7593 0.0018
vn 0.5836 0.8120 0.0016
vn 0.5304 0.8477 -0.0038
vn 0.6500 0.7599 0.0026
vn 0.6638 0.7479 -0.0009
vn 0.7249 0.6889 -0.0010
vn -0.7660 0.6429 -0.0010
vn -0.7141 0.7001 -0.0015
vn -0.6602 0.7511 -0.0016
vn -0.5850 0.8110 0.0016
vn -0.5245 0.8514 -0.0004
vn -0.5122 0.8589 0.0013
vn -0.4543 0.8909 -0.0006
vn -0.4412 0.8974 0.0010
vn -0.3753 0.9269 -0.0016
vn -0.2837 0.9589 0.0007
vn -0.2969 0.9549 -0.0007
vn -0.2018 0.9794 0.0009
vn -0.2154 0.9765 -0.0009
vn -0.1189 0.9929 0.0016
vn -0.0478 0.9989 -0.0009
vn -0.0167 0.9999 0.0007
vn 0.1148 0.9934 0.0002
vn 0.1936 0.9811 -0.0000
vn 0.1144 0.9934 -0.0007
vn -0.0172 0.9999 -0.0000
vn 0.0498 0.9988 0.0009
vn 0.1187 0.9929 -0.0016
vn 0.2189 0.9758 0.0009
vn 0.2033 0.9791 -0.0010
vn 0.2981 0.9545 0.0008
vn 0.2824 0.9593 -0.0007
vn 0.4400 0.8980 0.0013
vn -0.7229 0.6910 -0.0018
vn -0.7769 0.6297 -0.0016
vn -0.8198 0.5726 0.0015
vn -0.8296 0.5583 0.0010
vn -0.8637 0.5039 0.0013
vn -0.9040 0.4275 0.0015
vn -0.8711 0.4912 0.0010
vn -0.9415 0.3371 -0.0016
vn -0.9628 0.2701 0.0003
vn -0.9669 0.2552 -0.0014
vn -0.9815 0.1912 0.0001
vn -0.9847 0.1743 -0.0015
vn -0.9925 0.1220 0.0007
vn -0.9999 -0.0169 -0.0000
vn -0.0000 0.0001 1.0000
vn -0.0000 -0.0001 1.0000
vn -0.0302 -0.0132 0.9995
vn -0.1217 -0.0019 0.9926
vn -0.0252 -0.0080 0.9996
vn 0.0001 -0.0034 1.0000
vn -0.0117 -0.0002 0.9999
vn -0.0019 0.0001 1.0000
vn -0.0460 -0.0088 0.9989
vn -0.0518 -0.0073 0.9986
vn -0.0601 -0.0057 0.9982
vn -0.0707 -0.0037 0.9975
vn -0.0746 -0.0031 0.9972
vn -0.0805 -0.0023 0.9968
vn -0.0845 -0.0018 0.9964
vn -0.0887 -0.0014 0.9961
vn -0.1294 0.0020 0.9916
vn -0.0990 -0.0005 0.9951
vn -0.0980 -0.0006 0.9952
vn -0.1064 -0.0000 0.9943
vn -0.1220 0.0023 0.9925
vn -0.0993 0.0007 0.9951
vn -0.0944 0.0011 0.9955
vn -0.0931 0.0012 0.9957
vn -0.0846 0.0022 0.9964
vn -0.0744 0.0037 0.9972
vn -0.0784 0.0032 0.9969
vn -0.0721 0.0043 0.9974
vn -0.0687 0.0051 0.9976
vn -0.0544 0.0086 0.9985
vn -0.0467 0.0108 0.9988
vn -0.0405 0.0130 0.9991
vn -0.0317 0.0161 0.9994
vn -0.0276 0.0080 0.9996
vn -0.0001 0.0042 1.0000
vn -0.0051 -0.0000 1.0000
vn 0.0026 -0.0001 1.0000
vn 0.0308 0.0166 0.9994
vn 0.1221 0.0025 0.9925
vn 0.0268 0.0096 0.9996
vn 0.0118 0.0003 0.9999
vn 0.0018 -0.0001 1.0000
vn 0.0468 0.0109 0.9988
vn 0.0528 0.0090 0.9986
vn 0.0608 0.0069 0.9981
vn 0.0730 0.0041 0.9973
vn 0.0760 0.0035 0.9971
vn 0.0814 0.0027 0.9967
vn 0.0851 0.0022 0.9964
vn 0.0893 0.0016 0.9960
vn 0.1303 -0.0025 0.9915
vn 0.0997 0.0005 0.9950
vn 0.0989 0.0007 0.9951
vn 0.1064 -0.0000 0.9943
vn 0.0986 -0.0006 0.9951
vn 0.1216 -0.0018 0.9926
vn 0.0939 -0.0010 0.9956
vn 0.0926 -0.0011 0.9957
vn 0.0844 -0.0019 0.9964
vn 0.0740 -0.0031 0.9973
vn 0.0778 -0.0027 0.9970
vn 0.0713 -0.0036 0.9974
vn 0.0677 -0.0042 0.9977
vn 0.0537 -0.0070 0.9985
vn 0.0456 -0.0088 0.9989
vn 0.0399 -0.0104 0.9991
vn 0.0308 -0.0130 0.9994
vn 0.0262 -0.0067 0.9996
vn 0.0051 -0.0000 1.0000
vn -0.0023 0.0001 1.0000
vn 0.2393 -0.0000 0.9709
vn 0.3546 -0.0000 0.9350
vn 0.4647 -0.0000 0.8855
vn 0.5681 -0.0000 0.8230
vn 0.6631 -0.0000 0.7485
vn 0.7485 -0.0000 0.6631
vn 0.7485 -0.0000 0.6632
vn 0.8230 -0.0000 0.5681
vn 0.8855 -0.0000 0.4647
vn 0.9350 -0.0000 0.3546
vn 0.9709 -0.0000 0.2393
vn 0.9927 -0.0000 0.1205
vn 0.9927 -0.0000 -0.1205
vn 0.9709 -0.0000 -0.2393
vn 0.9350 -0.0000 -0.3546
vn 0.8855 -0.0000 -0.4647
vn 0.8230 -0.0000 -0.5681
vn 0.7485 -0.0000 -0.6631
vn 0.6631 -0.0000 -0.7485
vn 0.5681 -0.0000 -0.8230
vn 0.4647 -0.0000 -0.8855
vn 0.3546 -0.0000 -0.9350
vn 0.2393 -0.0000 -0.9709
vn 0.1205 -0.0000 -0.9927
vn -0.1205 -0.0000 -0.9927
vn -0.2393 -0.0000 -0.9709
vn -0.3546 -0.0000 -0.9350
vn -0.4647 -0.0000 -0.8855
vn -0.5681 -0.0000 -0.8230
vn -0.6631 -0.0000 -0.7485
vn -0.7485 -0.0000 -0.6631
vn -0.8230 -0.0000 -0.5681
vn -0.8855 -0.0000 -0.4647
vn -0.9350 -0.0000 -0.3546
vn -0.9709 -0.0000 -0.2393
vn -0.9927 -0.0000 -0.1205
vn -0.9927 -0.0000 0.1205
vn -0.9709 -0.0000 0.2393
vn -0.9350 -0.0000 0.3546
vn -0.8855 -0.0000 0.4647
vn -0.8230 -0.0000 0.5681
vn -0.7485 -0.0000 0.6631
vn -0.7485 -0.0000 0.6632
vn -0.6631 -0.0000 0.7485
vn -0.5681 -0.0000 0.8230
vn -0.4647 -0.0000 0.8855
vn -0.3546 -0.0000 0.9350
vn -0.2393 -0.0000 0.9709
vn -0.4975 -0.8571 -0.1334
vn -0.4462 -0.8571 -0.2574
vn -0.5150 -0.8572 -0.0000
vn -0.2574 -0.8572 -0.4461
vn -0.1334 -0.8572 -0.4974
vn -0.3642 -0.8572 -0.3641
vn 0.1334 -0.8572 -0.4975
vn 0.2574 -0.8572 -0.4461
vn -0.0000 -0.8572 -0.5150
vn 0.4462 -0.8571 -0.2574
vn 0.4975 -0.8571 -0.1333
vn 0.3642 -0.8572 -0.3641
vn 0.4975 -0.8571 0.1333
vn 0.4461 -0.8571 0.2575
vn 0.5151 -0.8572 -0.0000
vn 0.2574 -0.8572 0.4461
vn 0.1333 -0.8571 0.4976
vn 0.3643 -0.8572 0.3641
vn -0.1333 -0.8571 0.4975
vn -0.2574 -0.8572 0.4461
vn -0.0000 -0.8572 0.5150
vn -0.4461 -0.8571 0.2575
vn -0.4975 -0.8571 0.1334
vn -0.3643 -0.8572 0.3641
vn -0.0000 1.0000 -0.0001
vn -0.0000 1.0000 0.0001
vn -0.0000 -1.0000 0.0001
vn -0.4974 -0.8572 -0.1335
vn -0.4461 -0.8572 -0.2573
vn -0.2573 -0.8572 -0.4462
vn -0.1333 -0.8572 -0.4975
vn -0.3640 -0.8572 -0.3642
vn 0.1333 -0.8572 -0.4975
vn -0.0000 -0.8572 -0.5151
vn 0.4461 -0.8572 -0.2573
vn 0.4975 -0.8571 -0.1334
vn 0.3641 -0.8572 -0.3642
vn 0.4976 -0.8571 0.1334
vn 0.4462 -0.8571 0.2573
vn 0.5150 -0.8572 -0.0000
vn 0.2575 -0.8571 0.4461
vn 0.3642 -0.8571 0.3642
vn -0.1333 -0.8571 0.4976
vn -0.2574 -0.8571 0.4462
vn -0.0000 -0.8571 0.5151
vn -0.4462 -0.8571 0.2574
vn -0.4975 -0.8571 0.1335
vn -0.3642 -0.8572 0.3642
vn -0.4976 -0.8571 -0.1333
vn -0.3640 -0.8572 -0.3643
vn 0.2573 -0.8572 -0.4461
vn 0.4461 -0.8572 -0.2574
vn 0.4974 -0.8572 -0.1335
vn 0.3640 -0.8572 -0.3642
vn 0.4975 -0.8572 0.1335
vn 0.4462 -0.8571 0.2574
vn 0.2574 -0.8571 0.4461
vn 0.3642 -0.8572 0.3642
vn -0.2575 -0.8571 0.4461
vn -0.4976 -0.8571 0.1334
vn -0.3642 -0.8571 0.3642
vn -0.9709 0.2393 -0.0000
vn -0.9709 -0.2393 -0.0000
vn -0.8854 -0.4647 -0.0000
vn -0.8855 -0.4647 -0.0000
vn -0.7485 -0.6632 -0.0000
vn -0.5681 -0.8230 -0.0000
vn -0.3546 -0.9350 -0.0000
vn -0.1205 -0.9927 -0.0000
vn 0.1205 -0.9927 -0.0000
vn 0.3546 -0.9350 -0.0000
vn 0.5681 -0.8230 -0.0000
vn 0.7485 -0.6632 -0.0000
vn 0.8855 -0.4647 -0.0000
vn 0.8854 -0.4647 -0.0000
vn 0.9709 -0.2393 -0.0000
vn 0.9709 0.2393 -0.0000
vn 0.8855 0.4647 -0.0000
vn 0.8854 0.4647 -0.0000
vn 0.7485 0.6632 -0.0000
vn 0.5680 0.8230 -0.0000
vn 0.3547 0.9350 -0.0000
vn 0.1206 0.9927 -0.0000
vn -0.1206 0.9927 -0.0000
vn -0.3547 0.9350 -0.0000
vn -0.5680 0.8230 -0.0000
vn -0.7484 0.6632 -0.0000
vn -0.7485 0.6632 -0.0000
vn -0.8855 0.4647 -0.0000
vn 0.9659 -0.0000 0.2589
vn 0.9659 -0.0000 -0.2589
vn -0.5001 -0.0000 -0.8660
vn -0.8660 -0.0000 -0.5001
vn -0.2589 -0.0000 0.9659
vn 0.2589 -0.0000 0.9659
vn 0.4999 -0.0000 0.8661
vn 0.8661 -0.0000 0.4999
vn 0.7070 -0.0000 -0.7072
vn 0.2589 -0.0000 -0.9659
vn -0.9659 -0.0000 0.2589
vn -0.8661 -0.0000 0.4999
vn -0.4999 -0.0000 0.8661
vn 0.5000 -0.0000 0.8661
vn 0.7070 -0.0000 0.7072
vn -0.2589 -0.0000 -0.9659
vn -0.8661 -0.0000 -0.4999
vn -0.9659 -0.0000 -0.2589
vn -0.7072 -0.0000 0.7070
vn 0.8661 -0.0000 -0.4999
vn -0.7070 -0.0000 -0.7072
vn -0.5001 -0.0000 0.8660
vn 0.7072 -0.0000 0.7070
vn -0.9659 -0.0000 -0.2590
vn -0.8663 -0.0000 -0.4996
vn -0.7072 -0.0000 -0.7070
vn -0.4998 -0.0000 -0.8662
vn -0.2591 -0.0000 -0.9658
vn 0.2591 -0.0000 -0.9658
vn 0.4998 -0.0000 -0.8662
vn 0.7072 -0.0000 -0.7070
vn 0.8663 -0.0000 -0.4996
vn 0.8662 -0.0000 0.4998
vn 0.8661 -0.0000 0.4998
vn 0.4997 -0.0000 0.8662
vn -0.4996 -0.0000 0.8662
vn -0.4997 -0.0000 0.8662
vn -0.8662 -0.0000 0.4998
vn -0.8661 -0.0000 0.4998
vn -0.9658 -0.0000 0.2593
vn -1.0000 -0.0000 0.0001
vn -0.9658 -0.0000 -0.2592
vn -0.8662 -0.0000 -0.4996
vn -0.7069 -0.0000 -0.7073
vn -0.4996 -0.0000 -0.8663
vn 0.2587 -0.0000 -0.9659
vn 0.4997 -0.0000 -0.8662
vn 0.7069 -0.0000 -0.7073
vn 1.0000 -0.0000 0.0001
vn 0.9659 -0.0000 0.2590
vn 0.8663 -0.0000 0.4996
vn -0.8662 -0.0000 0.4996
vn -0.8662 -0.0000 -0.4997
vn -0.4997 -0.0000 -0.8662
vn 0.4996 -0.0000 -0.8663
vn 0.7070 -0.0000 -0.7073
vn 0.8662 -0.0000 -0.4997
vn 0.9658 -0.0000 -0.2592
vn 0.9658 -0.0000 -0.2591
vn 0.9658 -0.0000 0.2592
vn 0.8662 -0.0000 0.4997
vn 0.7072 -0.0000 0.7071
vn 0.4998 -0.0000 0.8662
vn -0.8662 -0.0000 0.4997
s 0
usemtl Rohr_007_001
f 1287//1 1288//1 1281//1
f 1281//1 1288//1 1268//1
f 1281//1 1268//1 1063//1
f 1281//1 1064//1 1287//1
f 1287//1 1064//1 1065//1
f 1287//1 1065//1 1086//1
f 1063//1 903//1 1281//1
f 1281//1 903//1 904//1
f 1281//1 904//1 1009//1
f 885//1 886//1 1073//1
f 987//1 988//1 1005//1
f 1005//1 988//1 1040//1
f 1005//1 1040//1 1009//1
f 1009//1 1040//1 1125//1
f 1009//1 1125//1 1281//1
f 1086//1 72//1 1287//1
f 1287//1 72//1 73//1
f 1287//1 73//1 74//1
f 74//1 75//1 1287//1
f 1287//1 75//1 885//1
f 1287//1 885//1 1074//1
f 1074//1 885//1 1073//1
s 1
f 65//2 956//3 66//3
f 66//3 956//3 78//4
f 66//3 78//4 76//4
f 76//4 78//4 79//5
f 76//4 79//5 53//5
f 53//5 79//5 80//6
f 53//5 80//6 54//6
f 54//6 80//6 1508//7
f 54//6 1508//7 56//7
f 56//7 1508//7 1498//8
f 56//7 1498//8 57//8
f 57//8 1498//8 1499//9
f 57//8 1499//9 61//9
f 61//9 1499//9 1617//10
f 61//9 1617//10 62//10
f 62//10 1617//10 1640//11
f 62//10 1640//11 63//11
f 63//11 1640//11 1641//12
f 63//11 1641//12 69//12
f 69//12 1641//12 1656//13
f 69//12 1656//13 67//13
f 67//13 1656//13 1434//14
f 67//13 1434//14 68//14
f 68//14 1434//14 1423//15
f 68//14 1423//15 70//15
f 70//15 1423//15 1402//16
f 70//15 1402//16 71//16
f 71//16 1402//16 1403//17
f 71//16 1403//17 55//17
f 55//17 1403//17 1369//18
f 55//17 1369//18 58//18
f 58//18 1369//18 1358//19
f 58//18 1358//19 59//19
f 59//19 1358//19 1359//20
f 59//19 1359//20 60//20
f 60//20 1359//20 1382//21
f 60//20 1382//21 1216//21
f 1216//21 1382//21 96//22
f 1216//21 96//22 1199//22
f 1199//22 96//22 97//23
f 1199//22 97//23 1184//23
f 1184//23 97//23 1294//24
f 1184//23 1294//24 1185//24
f 1185//24 1294//24 99//25
f 1185//24 99//25 64//26
f 64//26 99//25 957//2
f 64//26 957//2 65//2
f 65//2 957//2 956//3
f 101//1 102//27 1474//28
f 1437//29 102//27 101//1
f 101//1 1609//30 1620//31
f 1475//32 1609//30 101//1
f 1474//28 1475//32 101//1
f 101//1 1547//33 1563//34
f 1548//35 1547//33 101//1
f 1620//31 1548//35 101//1
f 101//1 1588//36 112//37
f 113//38 1588//36 101//1
f 1563//34 113//38 101//1
f 101//1 1043//39 1060//40
f 116//41 1043//39 101//1
f 112//37 116//41 101//1
f 101//1 117//42 1244//43
f 1215//44 117//42 101//1
f 1060//40 1215//44 101//1
f 101//1 937//45 121//46
f 122//47 937//45 101//1
f 1244//43 122//47 101//1
f 101//1 854//48 855//49
f 125//50 854//48 101//1
f 121//46 125//50 101//1
f 855//49 1437//29 101//1
f 126//1 923//33 128//51
f 924//35 923//33 126//1
f 126//1 1634//36 1018//37
f 1635//38 1634//36 126//1
f 128//51 1635//38 126//1
f 126//1 1071//39 134//40
f 1019//41 1071//39 126//1
f 1018//37 1019//41 126//1
f 126//1 1155//42 1156//43
f 1031//44 1155//42 126//1
f 134//40 1031//44 126//1
f 126//1 139//52 1131//53
f 141//47 139//52 126//1
f 1156//43 141//47 126//1
f 126//1 142//54 1232//55
f 1132//56 142//54 126//1
f 1131//53 1132//56 126//1
f 126//1 145//27 146//28
f 147//29 145//27 126//1
f 1232//55 147//29 126//1
f 126//1 148//30 1042//31
f 150//57 148//30 126//1
f 146//28 150//57 126//1
f 1042//31 924//35 126//1
f 151//1 1363//33 1364//51
f 1145//35 1363//33 151//1
f 151//1 155//58 1349//59
f 1392//38 155//58 151//1
f 1364//51 1392//38 151//1
f 151//1 158//39 1289//40
f 160//41 158//39 151//1
f 1349//59 160//41 151//1
f 151//1 1253//42 1240//43
f 163//60 1253//42 151//1
f 1289//40 163//60 151//1
f 151//1 1190//52 1205//53
f 1191//47 1190//52 151//1
f 1240//43 1191//47 151//1
f 151//1 1541//54 168//55
f 1526//50 1541//54 151//1
f 1205//53 1526//50 151//1
f 151//1 170//27 171//28
f 172//29 170//27 151//1
f 168//55 172//29 151//1
f 151//1 173//30 174//61
f 1554//57 173//30 151//1
f 171//28 1554//57 151//1
f 174//61 1145//35 151//1
f 176//1 1020//62 1006//63
f 179//29 1020//62 176//1
f 176//1 925//30 181//31
f 926//32 925//30 176//1
f 1006//63 926//32 176//1
f 176//1 183//64 184//51
f 908//35 183//64 176//1
f 181//31 908//35 176//1
f 176//1 883//36 852//37
f 884//65 883//36 176//1
f 184//51 884//65 176//1
f 176//1 948//39 934//40
f 853//41 948//39 176//1
f 852//37 853//41 176//1
f 176//1 1639//42 1650//43
f 935//44 1639//42 176//1
f 934//40 935//44 176//1
f 176//1 1614//52 1069//53
f 1625//47 1614//52 176//1
f 1650//43 1625//47 176//1
f 176//1 1139//54 1211//55
f 1070//66 1139//54 176//1
f 1069//53 1070//66 176//1
f 1211//55 179//29 176//1
s 0
f 1249//1 878//1 100//1
f 100//1 878//1 1193//1
f 100//1 1193//1 77//1
f 77//1 1193//1 927//1
f 77//1 927//1 1149//1
f 94//1 204//1 95//1
f 95//1 204//1 1242//1
f 95//1 1242//1 1323//1
f 1323//1 1242//1 1243//1
f 1323//1 1243//1 1324//1
f 90//1 1486//1 91//1
f 91//1 1486//1 1487//1
f 91//1 1487//1 92//1
f 1487//1 1507//1 92//1
f 92//1 1507//1 1397//1
f 92//1 1397//1 93//1
f 93//1 1397//1 1398//1
f 93//1 1398//1 94//1
f 94//1 1398//1 1121//1
f 94//1 1121//1 204//1
f 87//1 1353//1 88//1
f 88//1 1353//1 1354//1
f 88//1 1354//1 89//1
f 89//1 1354//1 1376//1
f 89//1 1376//1 90//1
f 90//1 1376//1 1377//1
f 90//1 1377//1 1486//1
f 1243//1 1418//1 1324//1
f 1324//1 1418//1 1419//1
f 1324//1 1419//1 98//1
f 98//1 1419//1 1495//1
f 98//1 1495//1 1249//1
f 1249//1 1495//1 879//1
f 1249//1 879//1 878//1
f 1176//1 1331//1 81//1
f 81//1 1331//1 222//1
f 81//1 222//1 82//1
f 85//1 223//1 86//1
f 86//1 223//1 224//1
f 86//1 224//1 87//1
f 87//1 224//1 225//1
f 87//1 225//1 1353//1
f 222//1 226//1 82//1
f 82//1 226//1 227//1
f 82//1 227//1 83//1
f 83//1 227//1 228//1
f 83//1 228//1 84//1
f 84//1 228//1 1161//1
f 84//1 1161//1 85//1
f 85//1 1161//1 230//1
f 85//1 230//1 223//1
f 927//1 928//1 1149//1
f 1149//1 928//1 1077//1
f 1149//1 1077//1 1175//1
f 1175//1 1077//1 1605//1
f 1175//1 1605//1 1176//1
f 1176//1 1605//1 1332//1
f 1176//1 1332//1 1331//1
s 1
f 205//67 331//68 206//68
f 206//68 331//68 1311//69
f 206//68 1311//69 217//69
f 217//69 1311//69 1333//70
f 217//69 1333//70 218//70
f 218//70 1333//70 1334//71
f 218//70 1334//71 219//71
f 219//71 1334//71 1360//72
f 219//71 1360//72 220//72
f 220//72 1360//72 1361//73
f 220//72 1361//73 201//73
f 201//73 1361//73 1491//74
f 201//73 1491//74 202//74
f 202//74 1491//74 338//3
f 202//74 338//3 203//3
f 203//3 338//3 339//75
f 203//3 339//75 231//75
f 231//75 339//75 340//76
f 231//75 340//76 232//76
f 232//76 340//76 341//77
f 232//76 341//77 233//77
f 233//77 341//77 342//78
f 233//77 342//78 234//78
f 234//78 342//78 343//79
f 234//78 343//79 221//79
f 221//79 343//79 344//80
f 221//79 344//80 1248//80
f 1248//80 344//80 1576//81
f 1248//80 1576//81 1183//81
f 1183//81 1576//81 1562//82
f 1183//81 1562//82 1143//82
f 1143//82 1562//82 1510//9
f 1143//82 1510//9 1144//83
f 1510//9 1130//83 1144//83
f 1144//83 1130//83 1111//84
f 1144//83 1111//84 229//84
f 229//84 1111//84 1112//85
f 229//84 1112//85 1174//85
f 1174//85 1112//85 1151//86
f 1174//85 1151//86 1278//86
f 1278//86 1151//86 1152//87
f 1278//86 1152//87 1279//87
f 1279//87 1152//87 1296//88
f 1279//87 1296//88 1317//88
f 1317//88 1296//88 1266//89
f 1317//88 1266//89 213//89
f 213//89 1266//89 1227//90
f 213//89 1227//90 214//90
f 214//90 1227//90 356//15
f 214//90 356//15 215//15
f 215//15 356//15 1008//91
f 215//15 1008//91 216//91
f 216//91 1008//91 1017//92
f 216//91 1017//92 207//92
f 207//92 1017//92 1050//93
f 207//92 1050//93 208//93
f 208//93 1050//93 929//94
f 208//93 929//94 209//94
f 209//94 929//94 930//95
f 209//94 930//95 210//95
f 210//95 930//95 881//96
f 210//95 881//96 211//96
f 211//96 881//96 882//97
f 211//96 882//97 212//97
f 212//97 882//97 1668//98
f 212//97 1668//98 1120//98
f 1120//98 1668//98 860//21
f 1120//98 860//21 205//67
f 205//67 860//21 861//67
f 205//67 861//67 331//68
s 0
f 236//1 235//1 367//1
f 286//1 285//1 1066//1
f 1066//1 285//1 347//1
f 970//1 288//1 1032//1
f 1032//1 288//1 287//1
f 1032//1 287//1 995//1
f 995//1 287//1 286//1
f 995//1 286//1 372//1
f 372//1 286//1 1066//1
f 285//1 284//1 347//1
f 347//1 284//1 283//1
f 347//1 283//1 348//1
f 951//1 950//1 373//1
f 373//1 950//1 374//1
f 1025//1 375//1 1026//1
f 1026//1 375//1 1286//1
f 1026//1 1286//1 998//1
f 998//1 1286//1 374//1
f 998//1 374//1 999//1
f 999//1 374//1 950//1
f 1025//1 1178//1 375//1
f 375//1 1178//1 1172//1
f 375//1 1172//1 971//1
f 971//1 1172//1 1171//1
f 971//1 1171//1 970//1
f 970//1 1171//1 289//1
f 970//1 289//1 288//1
f 373//1 378//1 951//1
f 951//1 378//1 379//1
f 951//1 379//1 299//1
f 299//1 379//1 380//1
f 299//1 380//1 1657//1
f 1657//1 380//1 1007//1
f 1657//1 1007//1 864//1
f 864//1 1007//1 355//1
f 864//1 355//1 865//1
f 865//1 355//1 354//1
f 865//1 354//1 979//1
f 979//1 354//1 353//1
f 979//1 353//1 304//1
f 304//1 353//1 352//1
f 304//1 352//1 1089//1
f 1089//1 352//1 351//1
f 1089//1 351//1 1090//1
f 1090//1 351//1 350//1
f 1090//1 350//1 283//1
f 283//1 350//1 349//1
f 283//1 349//1 348//1
f 1408//1 1470//1 952//1
f 1230//1 1257//1 1550//1
f 1550//1 1257//1 933//1
f 1550//1 933//1 1585//1
f 1585//1 933//1 308//1
f 1585//1 308//1 1586//1
f 952//1 1470//1 1481//1
f 1481//1 1470//1 1447//1
f 1481//1 1447//1 1446//1
f 1230//1 1550//1 312//1
f 312//1 1550//1 1551//1
f 312//1 1551//1 313//1
f 313//1 1551//1 1626//1
f 313//1 1626//1 1034//1
f 1034//1 1626//1 315//1
f 315//1 1626//1 1462//1
f 315//1 1462//1 316//1
f 308//1 307//1 1586//1
f 1586//1 307//1 1158//1
f 1586//1 1158//1 1424//1
f 1424//1 1158//1 1387//1
f 1424//1 1387//1 1425//1
f 1425//1 1387//1 1408//1
f 1425//1 1408//1 1502//1
f 1502//1 1408//1 952//1
f 1462//1 1370//1 316//1
f 316//1 1370//1 1165//1
f 316//1 1165//1 317//1
f 317//1 1165//1 1066//1
f 317//1 1066//1 318//1
f 318//1 1066//1 347//1
f 318//1 347//1 1524//1
f 347//1 346//1 1524//1
f 1524//1 346//1 345//1
f 1524//1 345//1 1525//1
f 1525//1 345//1 1587//1
f 1525//1 1587//1 1540//1
f 1540//1 1587//1 1642//1
f 1540//1 1642//1 1651//1
f 1651//1 1642//1 1619//1
f 1651//1 1619//1 1603//1
f 1603//1 1619//1 1618//1
f 1603//1 1618//1 1457//1
f 1457//1 1618//1 1427//1
f 1457//1 1427//1 1446//1
f 1446//1 1427//1 1426//1
f 1446//1 1426//1 1481//1
f 256//1 255//1 1344//1
f 1344//1 255//1 394//1
f 394//1 255//1 254//1
f 394//1 254//1 1329//1
f 367//1 235//1 396//1
f 396//1 235//1 258//1
f 396//1 258//1 1344//1
f 1344//1 258//1 257//1
f 1344//1 257//1 256//1
f 254//1 253//1 1329//1
f 1329//1 253//1 1014//1
f 1329//1 1014//1 1330//1
f 1330//1 1014//1 1013//1
f 1330//1 1013//1 1399//1
f 1399//1 1013//1 985//1
f 1399//1 985//1 1445//1
f 236//1 367//1 1649//1
f 1649//1 367//1 400//1
f 1649//1 400//1 1004//1
f 366//1 365//1 247//1
f 1445//1 985//1 1420//1
f 1420//1 985//1 959//1
f 1420//1 959//1 365//1
f 365//1 959//1 958//1
f 365//1 958//1 247//1
f 400//1 402//1 1004//1
f 1004//1 402//1 953//1
f 1004//1 953//1 939//1
f 939//1 953//1 952//1
f 939//1 952//1 940//1
f 940//1 952//1 1481//1
f 940//1 1481//1 1093//1
f 1093//1 1481//1 337//1
f 1093//1 337//1 918//1
f 918//1 337//1 336//1
f 918//1 336//1 848//1
f 848//1 336//1 335//1
f 848//1 335//1 849//1
f 849//1 335//1 334//1
f 849//1 334//1 875//1
f 875//1 334//1 333//1
f 875//1 333//1 895//1
f 895//1 333//1 332//1
f 895//1 332//1 247//1
f 247//1 332//1 1310//1
f 247//1 1310//1 366//1
f 268//1 267//1 380//1
f 280//1 279//1 404//1
f 404//1 279//1 405//1
f 404//1 406//1 280//1
f 280//1 406//1 407//1
f 280//1 407//1 281//1
f 281//1 407//1 1420//1
f 281//1 1420//1 282//1
f 282//1 1420//1 365//1
f 282//1 365//1 259//1
f 275//1 1545//1 276//1
f 276//1 1545//1 1546//1
f 276//1 1546//1 277//1
f 277//1 1546//1 405//1
f 277//1 405//1 278//1
f 278//1 405//1 279//1
f 275//1 274//1 1545//1
f 1545//1 274//1 273//1
f 1545//1 273//1 1573//1
f 1573//1 273//1 272//1
f 1573//1 272//1 1116//1
f 380//1 267//1 1007//1
f 1007//1 267//1 266//1
f 1007//1 266//1 1234//1
f 380//1 1075//1 268//1
f 268//1 1075//1 1076//1
f 268//1 1076//1 269//1
f 269//1 1076//1 1117//1
f 269//1 1117//1 270//1
f 270//1 1117//1 1116//1
f 270//1 1116//1 271//1
f 271//1 1116//1 272//1
f 365//1 364//1 259//1
f 259//1 364//1 363//1
f 259//1 363//1 1594//1
f 1594//1 363//1 362//1
f 1594//1 362//1 1496//1
f 1496//1 362//1 361//1
f 1496//1 361//1 1497//1
f 1497//1 361//1 360//1
f 1497//1 360//1 1476//1
f 1476//1 360//1 359//1
f 1476//1 359//1 1461//1
f 1461//1 359//1 358//1
f 1461//1 358//1 1234//1
f 1234//1 358//1 357//1
f 1234//1 357//1 1007//1
s 1
f 1274//99 416//100 1275//101
f 1275//101 416//100 1316//102
f 1274//99 916//103 416//100
f 416//100 916//103 917//104
f 416//100 917//104 873//105
f 873//105 874//106 416//100
f 416//100 874//106 1103//107
f 416//100 1103//107 846//108
f 846//108 847//109 416//100
f 416//100 847//109 891//110
f 416//100 891//110 892//111
f 892//111 1659//112 416//100
f 416//100 1659//112 1648//113
f 416//100 1648//113 983//114
f 983//114 984//115 416//100
f 416//100 984//115 1003//116
f 416//100 1003//116 1012//117
f 1012//117 1038//118 416//100
f 416//100 1038//118 1039//119
f 416//100 1039//119 1182//120
f 1182//120 1159//121 416//100
f 416//100 1159//121 438//122
f 416//100 438//122 439//123
f 439//123 1119//124 416//100
f 416//100 1119//124 1142//125
f 416//100 1142//125 1212//126
f 1104//127 1503//128 416//100
f 416//100 1503//128 1342//129
f 416//100 1342//129 1316//102
f 446//130 447//131 448//132
f 448//132 447//131 858//133
f 446//130 450//134 447//131
f 447//131 450//134 451//135
f 447//131 451//135 452//136
f 452//136 453//137 447//131
f 447//131 453//137 454//138
f 447//131 454//138 455//139
f 455//139 456//140 447//131
f 447//131 456//140 457//141
f 447//131 457//141 1284//142
f 1284//142 1285//143 447//131
f 447//131 1285//143 1250//144
f 447//131 1250//144 1239//145
f 1239//145 1225//146 447//131
f 447//131 1225//146 463//147
f 447//131 463//147 1480//148
f 1480//148 1500//149 447//131
f 447//131 1500//149 1501//150
f 447//131 1501//150 1575//151
f 1575//151 1552//152 447//131
f 447//131 1552//152 469//153
f 447//131 469//153 470//154
f 470//154 471//155 447//131
f 447//131 471//155 1561//156
f 447//131 1561//156 473//157
f 1048//158 1049//159 447//131
f 447//131 1049//159 859//160
f 447//131 859//160 858//133
f 1212//126 1083//161 416//100
f 416//100 1083//161 1048//158
f 416//100 1048//158 1104//127
f 1104//127 1048//158 447//131
f 1104//127 447//131 1105//162
f 1105//162 447//131 473//157
f 1110//163 1262//3 1106//3
f 1106//3 1262//3 1263//164
f 1106//3 1263//164 412//164
f 412//164 1263//164 1312//4
f 412//164 1312//4 413//4
f 413//4 1312//4 901//165
f 413//4 901//165 414//165
f 414//165 901//165 902//5
f 414//165 902//5 411//5
f 411//5 902//5 856//166
f 411//5 856//166 410//166
f 410//166 856//166 857//6
f 410//166 857//6 408//6
f 408//6 857//6 880//167
f 408//6 880//167 409//167
f 409//167 880//167 1062//7
f 409//167 1062//7 1596//7
f 1596//7 1062//7 946//168
f 1596//7 946//168 1595//168
f 1595//168 946//168 947//8
f 1595//168 947//8 1646//8
f 1646//8 947//8 977//169
f 1646//8 977//169 1421//169
f 1421//169 977//169 491//9
f 1421//169 491//9 401//9
f 401//9 491//9 492//170
f 401//9 492//170 399//170
f 399//170 492//170 493//10
f 399//170 493//10 398//10
f 398//10 493//10 494//171
f 398//10 494//171 397//171
f 397//171 494//171 495//11
f 397//171 495//11 395//11
f 395//11 495//11 1084//172
f 395//11 1084//172 1345//172
f 1345//172 1084//172 1085//12
f 1345//172 1085//12 393//12
f 393//12 1085//12 1098//173
f 393//12 1098//173 1238//173
f 1238//173 1098//173 1128//13
f 1238//173 1128//13 1237//13
f 1237//13 1128//13 1129//174
f 1237//13 1129//174 1411//174
f 1411//174 1129//174 1150//14
f 1411//174 1150//14 1489//14
f 1489//14 1150//14 1168//175
f 1489//14 1168//175 403//175
f 403//175 1168//175 1295//15
f 403//175 1295//15 381//15
f 381//15 1295//15 1203//176
f 381//15 1203//176 390//176
f 390//176 1203//176 1204//16
f 390//176 1204//16 389//16
f 389//16 1204//16 506//177
f 389//16 506//177 388//177
f 388//177 506//177 507//17
f 388//177 507//17 384//17
f 384//17 507//17 508//178
f 384//17 508//178 383//178
f 383//178 508//178 509//18
f 383//178 509//18 382//18
f 382//18 509//18 510//179
f 382//18 510//179 385//179
f 385//179 510//179 1366//19
f 385//179 1366//19 386//19
f 386//19 1366//19 1367//180
f 386//19 1367//180 387//180
f 387//180 1367//180 1318//20
f 387//180 1318//20 391//20
f 391//20 1318//20 1319//181
f 391//20 1319//181 392//181
f 392//181 1319//181 1355//21
f 392//181 1355//21 368//21
f 368//21 1355//21 1378//182
f 368//21 1378//182 996//182
f 996//182 1378//182 1379//22
f 996//182 1379//22 371//22
f 371//22 1379//22 1477//183
f 371//22 1477//183 370//183
f 370//183 1477//183 1454//184
f 370//183 1454//184 369//184
f 369//184 1454//184 1443//185
f 369//184 1443//185 377//185
f 377//185 1443//185 521//24
f 377//185 521//24 1264//24
f 1264//24 521//24 1214//186
f 1264//24 1214//186 376//186
f 376//186 1214//186 1247//25
f 376//186 1247//25 1252//25
f 1252//25 1247//25 1280//187
f 1252//25 1280//187 1251//187
f 1251//187 1280//187 1162//2
f 1251//187 1162//2 1169//2
f 1169//2 1162//2 1163//163
f 1169//2 1163//163 1110//163
f 1110//163 1163//163 1262//3
f 1537//188 1536//189 963//190
f 1118//191 1160//192 528//193
f 941//194 530//195 429//196
f 429//196 530//195 430//197
f 430//197 530//195 531//198
f 430//197 531//198 431//199
f 431//199 531//198 532//200
f 431//199 532//200 432//201
f 432//201 532//200 533//202
f 432//201 533//202 433//203
f 433//203 533//202 534//204
f 433//203 534//204 434//205
f 434//205 534//204 535//206
f 434//205 535//206 435//207
f 435//207 535//206 536//208
s 0
f 435//209 536//209 954//209
s 1
f 528//193 1160//192 955//210
f 955//210 1160//192 437//211
f 955//210 437//211 954//212
f 954//212 437//211 436//213
f 954//212 436//213 435//207
f 1362//214 1386//215 1056//216
f 1056//216 1386//215 1385//217
f 1056//216 1385//217 1036//218
f 1036//218 1385//217 1591//219
f 1036//218 1591//219 871//220
f 871//220 1591//219 1608//221
f 871//220 1608//221 872//222
f 872//222 1608//221 449//223
f 872//222 449//223 936//224
f 936//224 449//223 476//225
f 936//224 476//225 1666//226
f 1666//226 476//225 475//227
f 1666//226 475//227 1291//228
f 1291//228 475//227 474//229
f 1291//228 474//229 842//230
s 0
f 842//231 474//231 477//231
f 842//231 477//231 843//231
s 1
f 843//232 477//233 442//234
f 843//232 442//234 870//235
f 870//235 442//234 441//236
f 870//235 441//236 890//237
f 890//237 441//236 440//238
f 890//237 440//238 1002//239
f 1002//239 440//238 1118//191
f 1002//239 1118//191 1072//240
f 1072//240 1118//191 528//193
f 1056//216 981//241 1362//214
f 1362//214 981//241 553//242
f 1362//214 553//242 1347//243
f 1347//243 553//242 1579//244
f 1347//243 1579//244 1348//245
f 1348//245 1579//244 1372//246
f 1579//244 1632//247 1372//246
f 1372//246 1632//247 1644//248
f 1372//246 1644//248 1373//249
f 1373//249 1644//248 1528//250
f 1373//249 1528//250 1407//251
f 1407//251 1528//250 1529//252
f 1407//251 1529//252 458//253
f 458//253 1529//252 559//254
f 458//253 559//254 459//255
f 459//255 559//254 460//256
f 460//256 559//254 1515//257
f 460//256 1515//257 461//258
f 461//258 1515//257 561//259
f 461//258 561//259 462//260
f 462//260 561//259 1137//261
f 462//260 1137//261 1226//262
f 1226//262 1137//261 1138//263
f 1226//262 1138//263 464//264
f 464//264 1138//263 1157//265
f 464//264 1157//265 465//266
f 465//266 1157//265 1173//267
f 465//266 1173//267 466//268
f 466//268 1173//267 1233//269
s 0
f 466//270 1233//270 567//270
s 1
f 963//190 1536//189 964//271
f 964//271 1536//189 468//272
f 964//271 468//272 567//273
f 567//273 468//272 467//274
f 567//273 467//274 466//275
f 421//276 420//277 1390//278
f 1390//278 420//277 419//279
f 1390//278 419//279 1391//280
f 1391//280 419//279 415//281
f 1391//280 415//281 1458//282
f 1458//282 415//281 417//283
f 1458//282 417//283 1471//284
f 1471//284 417//283 418//285
f 1471//284 418//285 1337//286
f 1337//286 418//285 445//287
f 1337//286 445//287 1338//288
f 1338//288 445//287 444//289
f 1338//288 444//289 1313//290
f 1313//290 444//289 443//291
f 1313//290 443//291 1314//292
s 0
f 1314//1 443//1 478//1
f 1314//293 478//293 1325//293
s 1
f 1325//294 478//295 1533//296
f 1325//294 1533//296 1631//297
f 1631//297 1533//296 472//298
f 1631//297 472//298 1388//299
f 1388//299 472//298 1560//300
f 1388//299 1560//300 1389//301
f 1389//301 1560//300 1537//188
f 1389//301 1537//188 1267//302
f 1267//302 1537//188 963//190
f 1390//278 1504//303 421//276
f 421//276 1504//303 1448//304
f 421//276 1448//304 422//305
f 422//305 1448//304 584//306
f 422//305 584//306 423//307
f 423//307 584//306 424//308
f 584//306 585//309 424//308
f 424//308 585//309 586//310
f 424//308 586//310 425//311
f 425//311 586//310 587//312
f 425//311 587//312 426//313
f 426//313 587//312 588//314
f 426//313 588//314 427//315
f 427//315 588//314 941//194
f 427//315 941//194 428//316
f 428//316 941//194 429//196
s 0
f 484//1 1087//1 485//1
f 485//1 1087//1 1088//1
f 485//1 1088//1 486//1
f 486//1 1088//1 1115//1
f 486//1 1115//1 487//1
f 487//1 1115//1 1033//1
f 487//1 1033//1 488//1
f 488//1 1033//1 1024//1
f 488//1 1024//1 489//1
f 489//1 1024//1 1010//1
f 489//1 1010//1 490//1
f 490//1 1010//1 1011//1
f 490//1 1011//1 1629//1
f 1629//1 1011//1 1577//1
f 1629//1 1577//1 1630//1
f 1630//1 1577//1 1601//1
f 1630//1 1601//1 1643//1
f 1643//1 1601//1 1602//1
f 1643//1 1602//1 1622//1
f 1622//1 1602//1 1623//1
f 1622//1 1623//1 1590//1
f 1590//1 1623//1 887//1
f 1590//1 887//1 496//1
f 887//1 862//1 496//1
f 496//1 862//1 863//1
f 496//1 863//1 497//1
f 497//1 863//1 603//1
f 497//1 603//1 498//1
f 498//1 603//1 604//1
f 498//1 604//1 499//1
f 499//1 604//1 605//1
f 499//1 605//1 500//1
f 500//1 605//1 931//1
f 500//1 931//1 501//1
f 501//1 931//1 932//1
f 501//1 932//1 502//1
f 502//1 932//1 1269//1
f 502//1 1269//1 503//1
f 503//1 1269//1 1270//1
f 503//1 1270//1 504//1
f 504//1 1270//1 610//1
f 504//1 610//1 505//1
f 505//1 610//1 1206//1
f 505//1 1206//1 1219//1
f 1219//1 1206//1 978//1
f 1219//1 978//1 1432//1
f 1432//1 978//1 893//1
f 1432//1 893//1 1433//1
f 1213//1 1067//1 522//1
f 522//1 1067//1 1022//1
f 522//1 1022//1 523//1
f 523//1 1022//1 1023//1
f 523//1 1023//1 524//1
f 524//1 1023//1 617//1
f 524//1 617//1 525//1
f 525//1 617//1 618//1
f 525//1 618//1 526//1
f 526//1 618//1 619//1
f 526//1 619//1 479//1
f 479//1 619//1 620//1
f 479//1 620//1 480//1
f 480//1 620//1 621//1
f 480//1 621//1 481//1
f 481//1 621//1 1527//1
f 481//1 1527//1 482//1
f 482//1 1527//1 1556//1
f 482//1 1556//1 483//1
f 483//1 1556//1 1484//1
f 483//1 1484//1 484//1
f 484//1 1484//1 1485//1
f 484//1 1485//1 1087//1
f 893//1 894//1 1433//1
f 1433//1 894//1 1429//1
f 1433//1 1429//1 1444//1
f 1444//1 1429//1 1220//1
f 1444//1 1220//1 1422//1
f 1422//1 1220//1 1221//1
f 1422//1 1221//1 511//1
f 511//1 1221//1 1229//1
f 511//1 1229//1 512//1
f 512//1 1229//1 1255//1
f 512//1 1255//1 513//1
f 513//1 1255//1 632//1
f 513//1 632//1 514//1
f 514//1 632//1 633//1
f 514//1 633//1 515//1
f 515//1 633//1 1341//1
f 515//1 1341//1 516//1
f 516//1 1341//1 635//1
f 516//1 635//1 517//1
f 517//1 635//1 1307//1
f 517//1 1307//1 518//1
f 518//1 1307//1 1320//1
f 518//1 1320//1 519//1
f 519//1 1320//1 1327//1
f 519//1 1327//1 520//1
f 520//1 1327//1 1356//1
f 520//1 1356//1 1213//1
f 1213//1 1356//1 1357//1
f 1213//1 1357//1 1067//1
f 576//317 577//317 641//317
f 546//318 547//318 634//318
s 1
f 580//319 642//320 579//321
f 579//321 642//320 641//322
f 579//321 641//322 578//323
f 578//323 641//322 577//324
f 580//319 581//325 642//320
f 642//320 581//325 527//326
f 642//320 527//326 568//327
f 568//327 1208//328 642//320
f 642//320 1208//328 566//329
f 642//320 566//329 565//330
f 565//330 564//331 642//320
f 642//320 564//331 563//332
f 642//320 563//332 562//333
f 562//333 1494//334 642//320
f 642//320 1494//334 560//335
f 642//320 560//335 1514//336
f 1368//337 558//338 557//339
f 557//339 556//340 1368//337
f 1368//337 556//340 555//341
f 1368//337 555//341 554//342
f 554//342 982//343 1368//337
f 1368//337 982//343 552//344
f 1368//337 552//344 539//345
f 539//345 540//346 1368//337
f 1368//337 540//346 541//347
f 1368//337 541//347 542//348
f 542//348 543//349 1368//337
f 1368//337 543//349 544//350
f 1368//337 544//350 634//351
f 634//351 544//350 545//352
s 0
f 634//353 545//353 546//353
s 1
f 550//354 1306//355 549//356
f 549//356 1306//355 634//351
f 549//356 634//351 548//357
f 548//357 634//351 547//358
f 550//354 551//359 1306//355
f 1306//355 551//359 1381//360
f 1306//355 1381//360 538//361
f 538//361 537//362 1306//355
f 1306//355 537//362 1613//363
f 1306//355 1613//363 1624//364
f 1624//364 1647//365 1306//355
f 1306//355 1647//365 1572//366
f 1306//355 1572//366 1571//367
f 1571//367 1544//368 1306//355
f 1306//355 1544//368 1517//369
f 1306//355 1517//369 529//370
f 529//370 942//371 1574//372
f 1574//372 942//371 1134//373
f 1134//373 1133//374 1574//372
f 1574//372 1133//374 1153//375
f 1574//372 1153//375 1170//376
f 1170//376 583//377 1574//372
f 1574//372 583//377 582//378
f 1574//372 582//378 569//379
f 569//379 570//380 1574//372
f 1574//372 570//380 571//381
f 1574//372 571//381 572//382
f 572//382 573//383 1574//372
f 1574//372 573//383 574//384
f 1574//372 574//384 641//322
f 641//322 574//384 575//385
s 0
f 641//386 575//386 576//386
s 1
f 529//370 1574//372 1306//355
f 1306//355 1574//372 644//387
f 1306//355 644//387 636//387
f 636//387 644//387 645//388
f 636//387 645//388 637//388
f 637//388 645//388 646//389
f 637//388 646//389 638//389
f 638//389 646//389 1107//390
f 638//389 1107//390 639//390
f 639//390 1107//390 1094//391
f 639//390 1094//391 640//391
f 640//391 1094//391 1080//392
f 640//391 1080//392 614//393
f 614//393 1080//392 1081//394
f 614//393 1081//394 615//394
f 615//394 1081//394 1122//395
f 615//394 1122//395 616//395
f 616//395 1122//395 1260//396
f 616//395 1260//396 1567//396
f 1567//396 1260//396 1147//397
f 1567//396 1147//397 1543//397
f 1543//397 1147//397 654//398
f 1543//397 654//398 1512//398
f 1512//398 654//398 986//3
f 1512//398 986//3 1513//3
f 1513//3 986//3 962//399
f 1513//3 962//399 1521//399
f 1521//399 962//399 943//400
f 1521//399 943//400 622//400
f 622//400 943//400 944//401
f 622//400 944//401 623//401
f 623//401 944//401 898//402
f 623//401 898//402 624//402
f 624//402 898//402 876//403
f 624//402 876//403 625//403
f 625//403 876//403 877//404
f 625//403 877//404 589//404
f 589//404 877//404 1637//405
f 589//404 1637//405 590//405
f 590//405 1637//405 663//406
f 590//405 663//406 591//406
f 591//406 663//406 664//407
f 591//406 664//407 592//407
f 592//407 664//407 665//408
f 592//407 665//408 593//408
f 593//408 665//408 666//409
f 593//408 666//409 594//409
f 594//409 666//409 1037//410
f 594//409 1037//410 595//410
f 595//410 1037//410 1027//9
f 595//410 1027//9 596//9
f 596//9 1027//9 844//411
f 596//9 844//411 597//411
f 597//411 844//411 845//412
f 597//411 845//412 598//412
f 598//412 845//412 913//413
f 598//412 913//413 599//413
f 599//413 913//413 1209//414
f 599//413 1209//414 600//414
f 600//414 1209//414 1210//415
f 600//414 1210//415 601//415
f 601//415 1210//415 1236//416
f 601//415 1236//416 602//416
f 602//416 1236//416 1140//417
f 602//416 1140//417 1051//417
f 1051//417 1140//417 1141//418
f 1051//417 1141//418 1052//418
f 1052//418 1141//418 1100//419
f 1052//418 1100//419 1664//419
f 1664//419 1100//419 1057//420
f 1664//419 1057//420 606//420
f 606//420 1057//420 679//421
f 606//420 679//421 607//421
f 607//421 679//421 680//422
f 607//421 680//422 608//422
f 608//422 680//422 681//15
f 608//422 681//15 609//15
f 609//15 681//15 682//423
f 609//15 682//423 1241//423
f 1241//423 682//423 1531//424
f 1241//423 1531//424 611//424
f 611//424 1531//424 1636//425
f 611//424 1636//425 612//425
f 612//425 1636//425 1612//426
f 612//425 1612//426 613//426
f 613//426 1612//426 1580//427
f 613//426 1580//427 626//427
f 626//427 1580//427 1416//428
f 626//427 1416//428 627//429
f 627//429 1416//428 1417//430
f 627//429 1417//430 628//430
f 628//430 1417//430 1431//431
f 628//430 1431//431 629//431
f 629//431 1431//431 1453//432
f 629//431 1453//432 630//432
f 630//432 1453//432 1352//433
f 630//432 1352//433 631//433
f 631//433 1352//433 994//434
f 631//433 994//434 1256//434
f 1256//434 994//434 642//320
f 1256//434 642//320 1368//337
f 1368//337 642//320 1514//336
f 1368//337 1514//336 558//338
s 0
f 1465//231 1464//231 1660//231
f 671//231 1464//231 672//231
f 672//231 1464//231 673//231
f 1660//231 1464//231 1665//231
f 1464//231 668//231 667//231
f 671//231 670//231 1464//231
f 1464//231 670//231 669//231
f 1464//231 669//231 668//231
f 667//231 1662//231 1464//231
f 1464//231 1662//231 1661//231
f 1464//231 1661//231 1665//231
f 643//231 1530//231 1516//231
f 652//231 1660//231 653//231
f 653//231 1660//231 1148//231
f 643//231 1597//231 1530//231
f 1530//231 1597//231 993//231
f 1530//231 993//231 692//231
f 661//231 657//231 656//231
f 1516//231 1506//231 643//231
f 643//231 1506//231 1058//231
f 643//231 1058//231 678//231
f 678//231 677//231 643//231
f 643//231 677//231 676//231
f 643//231 676//231 675//231
f 1464//231 1559//231 673//231
f 673//231 1559//231 643//231
f 673//231 643//231 674//231
f 674//231 643//231 675//231
f 661//231 660//231 657//231
f 657//231 660//231 659//231
f 657//231 659//231 658//231
f 1660//231 662//231 1148//231
f 1148//231 662//231 661//231
f 1148//231 661//231 655//231
f 655//231 661//231 656//231
f 652//231 651//231 1660//231
f 1660//231 651//231 650//231
f 1660//231 650//231 649//231
f 692//231 691//231 1530//231
f 1530//231 691//231 690//231
f 1530//231 690//231 689//231
f 689//231 688//231 1530//231
f 1530//231 688//231 687//231
f 1530//231 687//231 686//231
f 649//231 648//231 1660//231
f 1660//231 648//231 647//231
f 1660//231 647//231 1465//231
f 686//231 685//231 1530//231
f 1530//231 685//231 684//231
f 1530//231 684//231 683//231
s 1
f 693//231 1271//435 695//436
f 696//437 1271//435 693//231
f 693//231 1321//438 1304//439
f 699//440 1321//438 693//231
f 695//436 699//440 693//231
f 693//231 1463//441 701//442
f 1305//443 1463//441 693//231
f 1304//439 1305//443 693//231
f 693//231 1599//444 1600//445
f 1401//446 1599//444 693//231
f 701//442 1401//446 693//231
f 693//231 1538//447 1539//448
f 1549//449 1538//447 693//231
f 1600//445 1549//449 693//231
f 693//231 1509//450 1101//451
f 1520//452 1509//450 693//231
f 1539//448 1520//452 693//231
f 693//231 1167//453 1123//454
f 1102//455 1167//453 693//231
f 1101//451 1102//455 693//231
f 693//231 1282//456 1283//457
f 1124//458 1282//456 693//231
f 1123//454 1124//458 693//231
f 1283//457 696//437 693//231
s 0
f 921//1 922//1 1029//1
f 1029//1 922//1 960//1
f 1029//1 960//1 896//1
f 899//1 900//1 1611//1
f 896//1 960//1 897//1
f 897//1 960//1 961//1
f 897//1 961//1 728//1
f 1029//1 850//1 921//1
f 921//1 850//1 851//1
f 921//1 851//1 1045//1
f 1045//1 851//1 1046//1
f 899//1 1611//1 733//1
f 728//1 1188//1 897//1
f 897//1 1188//1 1189//1
f 897//1 1189//1 1224//1
f 1046//1 851//1 1611//1
f 1611//1 851//1 920//1
f 1611//1 920//1 733//1
f 1224//459 1126//459 897//459
f 897//1 1126//1 1127//1
f 897//460 1127//460 740//460
f 740//459 1127//459 1097//459
s 1
f 742//461 743//462 744//463
f 745//437 743//462 742//461
f 742//461 746//464 747//465
f 748//466 746//464 742//461
f 744//463 748//466 742//461
f 742//461 749//467 750//442
f 751//468 749//467 742//461
f 747//465 751//468 742//461
f 742//461 752//469 753//470
f 1406//471 752//469 742//461
f 750//442 1406//471 742//461
f 742//461 755//472 756//473
f 757//474 755//472 742//461
f 753//470 757//474 742//461
f 742//461 1297//475 1315//451
f 1298//476 1297//475 742//461
f 756//473 1298//476 742//461
f 742//461 1393//477 1413//478
f 1328//479 1393//477 742//461
f 1315//451 1328//479 742//461
f 742//461 1438//480 1451//481
f 766//482 1438//480 742//461
f 1413//478 766//482 742//461
f 1451//481 745//437 742//461
s 0
f 767//1 768//1 769//1
f 770//1 771//1 769//1
f 769//1 771//1 772//1
f 769//1 772//1 767//1
f 1200//1 774//1 768//1
f 768//1 774//1 775//1
f 768//1 775//1 769//1
f 1000//1 777//1 769//1
f 769//1 777//1 778//1
f 769//1 778//1 1259//1
f 1259//1 1290//1 769//1
f 769//1 1290//1 888//1
f 769//1 888//1 889//1
f 889//1 840//1 769//1
f 769//1 840//1 841//1
f 769//1 841//1 770//1
f 1200//1 1201//1 774//1
f 774//1 1201//1 868//1
f 774//1 868//1 869//1
f 869//1 911//1 774//1
f 774//1 911//1 912//1
f 774//460 912//460 790//460
s 1
f 791//461 914//483 1015//463
f 915//437 914//483 791//461
f 791//461 1061//438 968//465
f 1016//484 1061//438 791//461
f 1015//463 1016//484 791//461
f 791//461 1166//467 1202//485
f 969//443 1166//467 791//461
f 968//465 969//443 791//461
f 791//461 1108//486 1095//487
f 1109//488 1108//486 791//461
f 1202//485 1109//488 791//461
f 791//461 804//489 1177//490
f 1096//474 804//489 791//461
f 1095//487 1096//474 791//461
f 791//461 1435//491 1436//451
f 1469//492 1435//491 791//461
f 1177//490 1469//492 791//461
f 791//461 1627//477 811//493
f 812//479 1627//477 791//461
f 1436//451 812//479 791//461
f 791//461 813//480 814//494
f 1383//495 813//480 791//461
f 811//493 1383//495 791//461
f 814//494 915//437 791//461
s 0
f 816//1 817//1 818//1
f 1245//1 1371//1 818//1
f 818//1 1371//1 1384//1
f 818//1 1384//1 816//1
f 1343//1 823//1 817//1
f 817//1 823//1 824//1
f 817//1 824//1 818//1
f 825//1 826//1 818//1
f 818//1 826//1 827//1
f 818//1 827//1 828//1
f 828//1 829//1 818//1
f 818//1 829//1 830//1
f 818//1 830//1 831//1
f 831//1 832//1 818//1
f 818//1 832//1 833//1
f 818//1 833//1 1245//1
f 1343//1 1374//1 823//1
f 823//1 1374//1 1584//1
f 823//1 1584//1 989//1
f 989//1 966//1 823//1
f 823//1 966//1 967//1
f 823//460 967//460 1082//460
usemtl SWMaterial-1_004_002_001
f 866//21 867//21 905//21
f 980//21 975//21 972//21
f 990//21 906//21 1258//21
f 1258//21 906//21 905//21
f 1258//21 905//21 1047//21
f 1047//21 905//21 867//21
f 11//21 991//21 1054//21
f 972//21 975//21 992//21
f 992//21 975//21 905//21
f 905//21 975//21 15//21
f 905//21 15//21 866//21
f 990//21 1258//21 991//21
f 991//21 1258//21 1228//21
f 991//21 1228//21 1054//21
f 972//21 17//21 18//21
f 18//21 19//21 972//21
f 972//21 19//21 20//21
f 972//21 20//21 980//21
f 21//21 22//21 23//21
f 23//21 22//21 24//21
f 23//21 24//21 25//21
f 21//21 23//21 1054//21
f 1054//21 23//21 1079//21
f 1054//21 1079//21 11//21
f 27//9 28//9 29//9
f 30//9 31//9 32//9
f 27//9 29//9 32//9
f 32//9 29//9 33//9
f 32//9 33//9 30//9
f 28//9 34//9 29//9
f 29//9 34//9 1410//9
f 29//9 1410//9 1428//9
f 1428//9 37//9 29//9
f 29//9 37//9 38//9
f 29//9 38//9 1302//9
f 40//9 41//9 1488//9
f 1195//9 1449//9 31//9
f 31//9 1449//9 1197//9
f 31//9 1197//9 32//9
f 46//9 47//9 48//9
f 48//9 47//9 49//9
f 1195//9 50//9 1449//9
f 1449//9 50//9 49//9
f 1449//9 49//9 1450//9
f 1450//9 49//9 47//9
f 1302//9 38//9 1488//9
f 1488//9 38//9 52//9
f 1488//9 52//9 40//9
s 1
f 1663//496 1621//15 1653//15
f 1653//15 1621//15 1566//497
f 1653//15 1566//497 1654//497
f 1654//497 1566//497 1113//498
f 1654//497 1113//498 1598//499
f 1598//499 1113//498 1114//500
f 1598//499 1114//500 26//500
f 26//500 1114//500 43//501
f 26//500 43//501 1078//501
f 1078//501 43//501 1194//502
f 1078//501 1194//502 12//502
f 12//502 1194//502 1441//503
f 12//502 1441//503 7//503
f 7//503 1441//503 1442//504
f 7//503 1442//504 8//504
f 8//504 1442//504 1301//505
f 8//504 1301//505 3//505
f 3//505 1301//505 39//506
f 3//505 39//506 14//506
f 14//506 39//506 42//507
f 14//506 42//507 6//507
f 6//507 42//507 1483//508
f 6//507 1483//508 973//509
f 973//509 1483//508 1482//510
f 973//509 1482//510 1557//510
f 1557//510 1482//510 1655//3
f 1557//510 1655//3 1592//3
f 1592//3 1655//3 1492//511
f 1592//3 1492//511 1198//511
f 1198//511 1492//511 1440//512
f 1198//511 1440//512 4//513
f 4//513 1440//512 36//514
f 4//513 36//514 5//514
f 5//514 36//514 35//515
f 5//514 35//515 976//515
f 976//515 35//515 1409//516
f 976//515 1409//516 1//516
f 1//516 1409//516 1473//517
f 1//516 1473//517 2//517
f 2//517 1473//517 1493//518
f 2//517 1493//518 10//518
f 10//518 1493//518 1196//519
f 10//518 1196//519 9//519
f 9//519 1196//519 45//520
f 9//519 45//520 16//520
f 16//520 45//520 44//521
f 16//520 44//521 13//522
f 13//522 44//521 51//523
f 13//522 51//523 1055//523
f 1055//523 51//523 1511//496
f 1055//523 1511//496 1663//496
f 1663//496 1511//496 1621//15
f 124//524 1394//3 104//3
f 104//3 1394//3 1638//525
f 104//3 1638//525 1523//525
f 1523//525 1638//525 237//5
f 1523//525 237//5 103//5
f 103//5 237//5 238//6
f 103//5 238//6 107//6
f 107//6 238//6 239//7
f 107//6 239//7 105//7
f 105//7 239//7 240//8
f 105//7 240//8 106//8
f 106//8 240//8 241//9
f 106//8 241//9 110//9
f 110//9 241//9 242//10
f 110//9 242//10 108//10
f 108//10 242//10 243//526
f 108//10 243//526 109//526
f 109//526 243//526 244//12
f 109//526 244//12 1589//12
f 1589//12 244//12 245//527
f 1589//12 245//527 111//527
f 111//527 245//527 246//14
f 111//527 246//14 1099//14
f 1099//14 246//14 1303//15
f 1099//14 1303//15 1044//15
f 1044//15 1303//15 248//16
f 1044//15 248//16 114//16
f 114//16 248//16 249//17
f 114//16 249//17 115//17
f 115//17 249//17 250//18
f 115//17 250//18 119//18
f 119//18 250//18 251//19
f 119//18 251//19 1261//19
f 1261//19 251//19 252//528
f 1261//19 252//528 118//528
f 118//528 252//528 1028//21
f 118//528 1028//21 938//21
f 938//21 1028//21 1041//529
f 938//21 1041//529 120//529
f 120//529 1041//529 1581//530
f 120//529 1581//530 974//530
f 974//530 1581//530 1582//24
f 974//530 1582//24 1059//24
f 1059//24 1582//24 1532//531
f 1059//24 1532//531 123//531
f 123//531 1532//531 1395//524
f 123//531 1395//524 124//524
f 124//524 1395//524 1394//3
f 143//2 1276//3 1472//3
f 1472//3 1276//3 260//4
f 1472//3 260//4 1459//4
f 1459//4 260//4 261//5
f 1459//4 261//5 1460//5
f 1460//5 261//5 262//532
f 1460//5 262//532 1610//532
f 1610//532 262//532 263//7
f 1610//532 263//7 1430//7
f 1430//7 263//7 264//533
f 1430//7 264//533 149//533
f 149//533 264//533 265//9
f 149//533 265//9 129//9
f 129//9 265//9 1235//10
f 129//9 1235//10 127//10
f 127//10 1235//10 1273//11
f 127//10 1273//11 945//11
f 945//11 1273//11 1299//12
f 945//11 1299//12 132//12
f 132//12 1299//12 1300//13
f 132//12 1300//13 130//13
f 130//13 1300//13 1396//14
f 130//13 1396//14 131//14
f 131//14 1396//14 1365//15
f 131//14 1365//15 135//15
f 135//15 1365//15 1351//534
f 135//15 1351//534 133//534
f 133//534 1351//534 1339//535
f 133//534 1339//535 1030//535
f 1030//535 1339//535 1340//18
f 1030//535 1340//18 138//18
f 138//18 1340//18 1375//536
f 138//18 1375//536 136//536
f 136//536 1375//536 1414//528
f 136//536 1414//528 137//528
f 137//528 1414//528 1415//21
f 137//528 1415//21 1181//21
f 1181//21 1415//21 1658//529
f 1181//21 1658//529 1326//529
f 1326//529 1658//529 1645//530
f 1326//529 1645//530 140//537
f 140//537 1645//530 1633//538
f 140//537 1633//538 144//538
f 144//538 1633//538 1452//25
f 144//538 1452//25 1192//25
f 1192//25 1452//25 1277//2
f 1192//25 1277//2 143//2
f 143//2 1277//2 1276//3
f 1542//524 1265//3 1565//3
f 1565//3 1265//3 1505//525
f 1565//3 1505//525 1564//525
f 1564//525 1505//525 1179//5
f 1564//525 1179//5 1553//5
f 1553//5 1179//5 1180//532
f 1553//5 1180//532 175//532
f 175//532 1180//532 1154//7
f 175//532 1154//7 1604//7
f 1604//7 1154//7 1135//533
f 1604//7 1135//533 1146//533
f 1146//533 1135//533 1136//9
f 1146//533 1136//9 154//9
f 154//9 1136//9 290//539
f 154//9 290//539 152//539
f 152//539 290//539 291//11
f 152//539 291//11 153//11
f 153//11 291//11 292//12
f 153//11 292//12 157//12
f 157//12 292//12 293//13
f 157//12 293//13 1522//540
f 1522//540 293//13 294//541
f 1522//540 294//541 156//541
f 156//541 294//541 295//15
f 156//541 295//15 1350//15
f 1350//15 295//15 296//534
f 1350//15 296//534 1412//534
f 1412//534 296//534 297//17
f 1412//534 297//17 159//535
f 159//535 297//17 298//542
f 159//535 298//542 1254//542
f 1254//542 298//542 1652//19
f 1254//542 1652//19 161//19
f 161//19 1652//19 300//20
f 161//19 300//20 162//20
f 162//20 300//20 301//21
f 162//20 301//21 166//21
f 166//21 301//21 302//529
f 166//21 302//529 164//529
f 164//529 302//529 303//184
f 164//529 303//184 165//184
f 165//184 303//184 1669//24
f 165//184 1669//24 169//24
f 169//24 1669//24 305//25
f 169//24 305//25 167//25
f 167//25 305//25 306//524
f 167//25 306//524 1542//524
f 1542//524 306//524 1265//3
f 199//524 909//3 1021//3
f 1021//3 909//3 910//525
f 1021//3 910//525 177//525
f 177//525 910//525 309//543
f 177//525 309//543 178//543
f 178//543 309//543 310//6
f 178//543 310//6 182//6
f 182//6 310//6 311//7
f 182//6 311//7 180//7
f 180//7 311//7 1231//533
f 180//7 1231//533 949//533
f 949//533 1231//533 1207//9
f 949//533 1207//9 185//9
f 185//9 1207//9 314//10
f 185//9 314//10 907//539
f 907//539 314//10 1035//11
f 907//539 1035//11 965//11
f 965//11 1035//11 1053//12
f 965//11 1053//12 188//544
f 188//544 1053//12 1068//13
f 188//544 1068//13 186//13
f 186//13 1068//13 1555//14
f 186//13 1555//14 187//14
f 187//14 1555//14 319//15
f 187//14 319//15 191//15
f 191//15 319//15 320//534
f 191//15 320//534 189//534
f 189//534 320//534 321//17
f 189//534 321//17 190//17
f 190//17 321//17 322//542
f 190//17 322//542 194//18
f 194//18 322//542 323//545
f 194//18 323//545 192//19
f 192//19 323//545 324//20
f 192//19 324//20 193//528
f 193//528 324//20 325//21
f 193//528 325//21 197//21
f 197//21 325//21 326//22
f 197//21 326//22 195//22
f 195//22 326//22 327//184
f 195//22 327//184 196//184
f 196//184 327//184 328//546
f 196//184 328//546 200//546
f 200//546 328//546 329//531
f 200//546 329//531 198//531
f 198//531 329//531 330//524
f 198//531 330//524 199//524
f 199//524 330//524 909//3
f 716//534 723//15 1272//15
f 1272//15 723//15 919//547
f 1272//15 919//547 694//547
f 694//547 919//547 737//548
f 694//547 737//548 1292//548
f 1292//548 737//548 730//549
f 1292//548 730//549 1322//549
f 1322//549 730//549 729//550
f 1322//549 729//550 697//550
f 697//550 729//550 720//551
f 697//550 720//551 698//551
f 698//551 720//551 722//9
f 698//551 722//9 702//9
f 702//9 722//9 726//552
f 702//9 726//552 700//552
f 700//552 726//552 997//553
f 700//552 997//553 1400//553
f 1400//553 997//553 741//554
f 1400//553 741//554 705//554
f 705//554 741//554 739//555
f 705//554 739//555 703//555
f 703//555 739//555 738//525
f 703//555 738//525 704//525
f 704//525 738//525 736//3
f 704//525 736//3 708//3
f 708//3 736//3 735//2
f 708//3 735//2 706//2
f 706//2 735//2 734//556
f 706//2 734//556 707//557
f 707//557 734//556 1667//546
f 707//557 1667//546 711//546
f 711//546 1667//546 727//558
f 711//546 727//558 709//558
f 709//558 727//558 721//529
f 709//558 721//529 710//529
f 710//529 721//529 719//21
f 710//529 719//21 714//21
f 714//21 719//21 718//528
f 714//21 718//528 712//528
f 712//528 718//528 731//559
f 712//528 731//559 713//560
f 713//560 731//559 732//542
f 713//560 732//542 717//542
f 717//542 732//542 725//561
f 717//542 725//561 715//562
f 715//562 725//561 724//534
f 715//562 724//534 716//534
f 716//534 724//534 723//15
f 765//563 1222//564 1535//564
f 1535//564 1222//564 1001//565
f 1535//564 1001//565 1467//565
f 1467//565 1001//565 776//566
f 1467//565 776//566 1468//566
f 1468//566 776//566 1578//567
f 1468//566 1578//567 1570//567
f 1570//567 1578//567 1092//568
f 1570//567 1092//568 1616//568
f 1616//568 1092//568 1091//10
f 1616//568 1091//10 1628//10
f 1628//10 1091//10 1293//9
f 1628//10 1293//9 1607//9
f 1607//9 1293//9 789//8
f 1607//9 789//8 1606//569
f 1606//569 789//8 788//570
f 1606//569 788//570 1405//570
f 1405//570 788//570 787//571
f 1405//570 787//571 754//571
f 754//571 787//571 786//555
f 754//571 786//555 1456//555
f 1456//555 786//555 785//525
f 1456//555 785//525 1455//525
f 1455//525 785//525 773//572
f 1455//525 773//572 1404//572
f 1404//572 773//572 1569//573
f 1404//572 1569//573 1308//573
f 1308//573 1569//573 1568//574
f 1308//573 1568//574 1309//574
f 1309//574 1568//574 1593//24
f 1309//574 1593//24 760//24
f 760//24 1593//24 1558//530
f 760//24 1558//530 758//530
f 758//530 1558//530 1479//22
f 758//530 1479//22 759//22
f 759//22 1479//22 784//21
f 759//22 784//21 763//21
f 763//21 784//21 783//528
f 763//21 783//528 761//528
f 761//528 783//528 782//560
f 761//528 782//560 762//560
f 762//560 782//560 781//18
f 762//560 781//18 1439//18
f 1439//18 781//18 780//575
f 1439//18 780//575 764//575
f 764//575 780//575 779//563
f 764//575 779//563 765//563
f 765//563 779//563 1222//564
f 1223//534 1466//564 794//564
f 794//564 1466//564 1187//14
f 794//564 1187//14 792//14
f 792//14 1187//14 1186//576
f 792//14 1186//576 793//576
f 793//576 1186//576 1380//567
f 793//576 1380//567 797//567
f 797//567 1380//567 1218//577
f 797//567 1218//577 795//577
f 795//577 1218//577 1217//10
f 795//577 1217//10 796//10
f 796//10 1217//10 839//9
f 796//10 839//9 800//9
f 800//9 839//9 838//8
f 800//9 838//8 798//8
f 798//8 838//8 837//578
f 798//8 837//578 799//578
f 799//578 837//578 836//579
f 799//578 836//579 803//579
f 803//579 836//579 835//580
f 803//579 835//580 801//580
f 801//580 835//580 834//581
f 801//580 834//581 802//582
f 802//582 834//581 822//572
f 802//582 822//572 806//572
f 806//572 822//572 1336//583
f 806//572 1336//583 1164//583
f 1164//583 1336//583 1335//584
f 1164//583 1335//584 805//584
f 805//584 1335//584 821//585
f 805//584 821//585 809//585
f 809//585 821//585 820//586
f 809//585 820//586 807//586
f 807//586 820//586 819//22
f 807//586 819//22 808//22
f 808//22 819//22 1246//21
f 808//22 1246//21 1583//21
f 1583//21 1246//21 1519//20
f 1583//21 1519//20 810//20
f 810//20 1519//20 1518//536
f 810//20 1518//536 1615//536
f 1615//536 1518//536 1534//18
f 1615//536 1534//18 815//18
f 815//18 1534//18 1490//587
f 815//18 1490//587 1346//587
f 1346//587 1490//587 1478//534
f 1346//587 1478//534 1223//534
f 1223//534 1478//534 1466//564
