file,libccd intersection,libccd intersection linear support,Jolt intersection,Jolt distance,FCL distance,FCL distance linear support,FCL intersection,FCL intersection linear support,FCL distance defaultGJK,FCL distance defaultGJK linear support,FCL intersection defaultGJK,FCL intersection defaultGJK linear support,Bullet distance,openGJK distance,openGJK distance linear support,gjk-rs_nasterov_gjk,collision-rs_distance_gjk,ncollide_distance,collision-rs_intersect_gjk,collision-rs_nasterov_gjk,distance3d Original,distance3d Jolt (intersection),distance3d Jolt (distance),distance3d Nesterov,distance3d Nesterov (with acceleration),Pybullet
1,0.43253503184713377,4.8354151785714246,5.76804,8.060097222222225,1.8328780864197498,9.452517857142862,1.0091279069767438,4.199975,1.9889365671641748,6.828773809523812,1.0631072916666664,3.3394839743589753,8.118828125,3.0002587209302374,6.79392763157895,24.455363751527248,35.48766645376045,4.98515899397588,7.3711293860787235,57.8520130345081,534.0887670172378,107.88088256958872,224.3272349005565,515.2209254447371,937.2915665153414,20.43962595053017
2,0.126494222410686,3.55290759075908,3.2898338658147,3.88955849056604,1.17567761806982,6.00546783625731,0.341723115736361,1.38187083888149,1.34289655172414,5.7476965174129395,0.6513831168831169,2.08648681541582,5.7507428571428605,1.9578159509202497,6.777867549668869,15.943555674532412,156.11932006110325,4.597183449924331,4.088109370120376,13.980947798871748,458.263885229826,87.83084340393543,259.121204726398,571.6780200600624,1059.8385939374566,17.057987861335278
3,0.3376986260454,3.58329090909091,3.3355446685879,4.80988983050847,2.5660478468899504,13.028063291139201,1.76564432989691,8.691128,2.01226666666667,8.52718333333333,1.20680291153415,4.2440041322313995,6.7334311377245495,2.7442159999999998,10.0303645833333,22.380309092734787,37.2608982641835,3.069637726716749,9.041414811015619,142.23438985216063,671.1915833875537,160.5193829163909,315.9997286275029,645.2059140428901,1192.4608144909143,19.489391706883907
4,0.4025020661157025,4.875460526315799,4.656745967741925,6.512553571428575,1.3844677835051549,7.1940197368421,0.9124960443037975,3.4914901315789497,1.1602279735682826,4.5180078125,0.6547677696078426,1.6079361111111101,8.216783333333325,1.7177766666666676,5.452397959183675,,,,3.8469344089778934,,392.55101000890136,76.14049827679992,162.92350483126938,382.17101828195155,917.1148587483913,19.261828856542706
5,0.53271852189781,5.12449781659389,3.07606194690265,6.7665900621118,1.71014426229508,7.92623178807947,1.71549835526316,7.84644736842105,0.95945180217938,2.72516,0.965743153918791,2.70039153439153,11.1201960784314,1.54303382352941,3.4241976047904203,14.749768559870999,7.203877867730178,9.796302546846134,7.3301357263821085,7.069969085599808,364.02938421815634,130.75214810669422,142.93324202299118,307.34920874238014,911.8104353547096,28.22361420840025
6,0.4063218654434249,4.7610081300813,5.03055405405405,6.699253333333334,1.624540880503145,6.874474358974367,1.2943702460850115,5.163333333333333,1.3237352941176466,4.52494444444445,1.00946505376344,3.13201694915255,5.76348484848485,1.9722552083333333,4.800522522522517,17.348815434459862,53.644158191623724,5.377035461029734,6.195588282223767,38.36683322826095,389.50988091528416,107.39786084741354,170.05677800625563,359.1354005038738,709.6187716039518,23.668647433320682
7,0.384175172413794,3.90883928571428,4.93061276595744,6.812860606060599,1.3701488095238101,7.945651851851861,0.44585526315789403,1.738647407407408,1.436802631578948,6.82317647058824,0.5962263565891479,1.7102184873949582,7.117612121212121,2.0374298245614004,6.801935294117639,49.97565523002256,43.124906976868104,5.543612645503406,3.390572876344739,88.87619832699937,553.9674358442426,73.27902596443892,247.17061780393124,526.1558201164007,765.6226214021444,15.370617620646954
8,0.383358983536149,5.08208780487805,3.23402801120448,3.6568338658146997,1.2447282229965202,6.5289483870967695,0.26890679226574105,1.3014100719424502,1.33494502923977,5.94167096774194,0.565906757464641,1.89258638743456,6.73453741496599,2.03791865079365,8.428123966942149,20.803198465054788,144.2888179757758,4.940084278943209,3.8188153249931505,20.999649505798626,596.3067756965756,80.05136623978615,250.403699465096,531.9040035828948,777.776725590229,14.910497702658176
9,1.1504076305220898,7.7888684210526495,4.6837820512820505,7.18559493670885,1.564456284153005,7.5934303797468505,0.7878940397351,3.192857142857145,1.322812080536915,5.3734953271028,0.803748898678415,2.436563559322035,6.91124324324325,1.842514376996805,5.6866648936169994,24.257045146347952,14.536179566002911,4.421552506331798,6.2896124353401,17.364991140797898,467.85473823547363,102.52944193780422,201.7043880186975,432.25642293691635,939.5269094966352,22.213649936020374
10,0.7175778635778634,5.520099502487567,3.8592471910112334,5.429704761904767,1.34027969348659,5.4037962962963,0.9033571428571433,2.78261870503597,1.0940033222591365,3.807630718954234,0.8098762517882699,2.4949901234567897,8.003829457364334,1.4547159940209264,4.2755607843137335,13.95046429399627,8.033566305006582,5.471973114846626,5.185972986139814,52.911907037076645,329.588206174473,92.83780430754025,130.9962710365653,300.67221572001773,735.7346980522076,22.967330490549404
11,0.43555502567865,4.939686440677964,3.290277070063695,4.42717037037037,1.7344178082191801,8.60590298507465,0.994073170731705,4.468641732283465,1.396325721153845,5.68683157894735,0.93390522875817,2.6165615384615397,7.421958333333349,2.0045925925925947,6.702851851851849,18.416977315010623,10.534280471965298,7.949629466242223,7.649956338881745,76.34433760071393,461.4285542629659,90.97186848521233,205.2428899332881,448.6471530981362,563.64651536569,22.140098735690117
12,0.43407780219780195,4.5544519999999995,5.086679999999999,6.998575757575759,1.6424206349206336,8.642199999999999,1.052913888888888,4.31212592592592,1.592813698630136,7.199450000000001,1.1556966183574882,3.98403461538462,7.82036666666666,2.30662772277228,7.20457857142858,26.743971692975883,13.179759988668508,5.847536233838015,8.060620485437447,63.66638725070074,500.92782359570265,120.49534358084202,216.541588306427,488.26838843524456,959.1989358887076,19.82151996344328
13,0.425284948453608,3.8906644067796607,4.63431304347826,6.1159052631579005,1.32034011299435,6.719313333333341,0.671965680473372,2.47426506024096,1.424233112582782,5.84477714285714,0.7581771241830061,1.924796666666666,7.68202,1.91706724137931,5.82693846153846,21.82497088181551,37.686545513696814,4.869479571449814,4.54714811333687,41.29848757085354,467.0599242672324,86.29039861261845,194.51584201306105,431.1447963118553,850.853300653398,17.737862654030323
14,0.4032363765038925,4.88879918032787,3.27037658227848,4.061206766917294,1.49742486338798,8.4793115942029,0.4459305555555555,2.0426101694915246,1.24181611570248,5.9164659090909,0.45440967498110346,1.31157191011236,8.5074926470588,1.7406211180124198,6.4820393258427,23.84644763031267,81.42650197771265,8.262771894164912,3.4459766549816186,82.2915257331474,584.0513273142278,64.93934197351336,271.66655054315925,628.1023728661239,944.2080976441503,13.250706251710653
15,0.565906965648855,4.7869185520362,3.0498972222222203,3.42123588039867,1.3717871222076201,7.50376223776224,0.5171455847255371,2.01026181102362,1.1387459807073999,4.6946097560975595,0.6811584093872229,2.00715526802218,10.1810490196078,1.6660015015015002,5.58460730593607,13.197351175664878,9.898922550217604,3.6418435992682046,3.850547748434661,15.853372998158193,473.4307760372758,78.19151505827904,221.31798323243856,459.3947436660528,613.7371296063066,14.156918041408062
16,0.36094149999999997,4.1080275862068945,3.1028012048192752,4.196225352112675,1.63535303030303,9.207699999999999,0.4020419265419265,1.7284983974358952,1.304280269058295,5.8887808219178,0.4470720894371625,1.3408924870466299,6.09294805194805,1.721606451612905,6.49135542168675,,,,3.4667504851303192,,334.6599405631423,60.138467233628035,195.51115110516548,561.0209191218019,1014.65416373685,13.917149044573307
17,0.5194146341463399,5.03295081967215,3.1768271604938247,3.8925113636363653,1.52254107648725,8.1915153846154,0.55954861111111,2.6460981735159796,1.167647887323945,5.1148445378151495,0.633311875,2.060283783783785,5.6641519607843005,1.6190897435897451,5.7800108695652,17.847401614192687,20.183362714554512,4.615832131273974,3.8894788067670873,78.58017640693633,471.45618591457605,71.57534128054976,213.76211661845446,454.1495465673506,764.2566226422787,15.282595995813608
18,0.7296313645621167,7.228633333333334,5.3987760416666655,6.401905797101434,1.90644556113903,8.031666666666666,1.0853764458464767,3.4590549450549335,1.6060550964187332,6.425251572327034,1.0717623026926633,3.318404558404557,8.0875,2.10815889464594,6.607790960451966,24.26395795871743,21.11298926994352,7.177572371371994,6.63942585126376,58.22551664742904,561.5105309213201,78.11853817353646,246.77814605335394,542.6316987723112,690.6127246717612,27.654498505095642
19,0.7583878923766817,5.08869736842105,5.898,8.343183333333334,1.7531024305555498,8.598908333333334,1.008895098039215,4.227711382113816,1.499270655270655,5.254217171717166,0.82001746031746,2.1515791666666666,6.7704885057471325,2.416983333333333,5.688961111111117,14.32801478530377,36.21100847365032,5.267626865719665,4.874694388885698,31.53847592401657,462.7394489943981,83.95281620323658,208.82174915944537,462.7143149264157,676.6811440077921,18.014118541032076
20,0.5335958620689659,4.659119148936179,3.4267875000000005,4.9117902439024395,1.7486106870229001,8.62568461538462,1.0240613333333342,4.31835,1.522846451612904,5.72338620689656,0.9533860465116281,2.8931690140845,7.138835714285721,2.24111287128712,6.28708648648648,24.21637015193522,93.98028531584777,6.448417524723595,6.655157731095588,25.550347157676647,468.2299867272377,106.49490170180798,206.8774402141571,497.5822940468788,810.4382455348969,20.900322124361992
21,0.55764800389484,5.00675213675215,3.0952765957446804,4.507653846153844,1.4179775280898899,6.240706896551701,0.9005735294117649,3.4428656249999996,1.324190476190475,4.81971900826446,0.846019440124415,2.44945286885246,5.34779439252335,1.81781655844156,5.6015849056604,77.82434777251858,75.85116340211553,4.742676803598353,6.2477181428751765,72.81021605865523,399.3868944235146,100.73942830786109,189.8298622108996,438.6197659187019,545.0309021398425,24.463050067424774
22,1.2860310945273634,8.8950542635659,6.088333333333332,8.4136052631579,1.5035111111111101,8.045413333333334,0.9634776255707767,4.676193939393934,1.3981020408163267,5.4462972972973,1.0215387894288133,3.595753894081,8.076650793650801,1.8338597359735964,6.063459016393433,25.854638381638352,13.459508983497827,5.44685703815314,7.007879667483558,58.779198011516094,466.84373325357836,107.96798548350732,203.16891993085542,492.38701661427814,865.5383251607418,19.23613405476014
23,0.11184813697830501,3.25303039513678,3.03759791122715,4.2019,0.887605737704918,4.56991176470588,0.147235575529139,0.6213835784313729,1.10030267379679,4.5141174242424205,0.13635424792267298,0.61998309178744,5.38120618556701,1.34848383371824,6.30470108695652,13.042161340309207,11.213797461921144,4.97764280911965,1.2875460192656842,11.821587279446911,331.0764906927943,77.60170847177505,169.65789254754782,413.50107640028,514.5641742274165,13.996683992445469
24,0.467894948591864,4.9497716894977195,3.0418368421052597,3.7619891696750902,1.20262665066026,3.9497873754152804,1.21104723502304,3.98270242214533,0.945373037857802,2.7177318295739403,0.9340352,2.70854666666667,8.051258741258739,1.38895013850416,3.39113897280967,11.672689067393499,5.224287817650617,5.883150534235839,5.5360165852658945,12.731773861184594,293.71108394116163,107.84508194774389,115.77105615288019,233.61861240118742,629.9789994955063,26.947096921503544
25,0.283763603228326,3.29272955974843,3.04746437994723,5.014254807692311,1.11307670182167,5.10715887850467,0.273791615890812,0.609592592592593,0.862254419677171,3.77811726384365,0.253226099778815,0.594861529548088,7.507450980392161,1.42428907330567,5.05857603686636,17.421601939716503,16.895693458440196,5.019871703007617,1.2847173028075758,10.518884522257862,417.3323279246688,75.29198192059994,174.1213956847787,577.2294942289591,1210.445910692215,14.019804075360298
26,0.207052631578947,3.33483333333333,5.60311666666667,6.194516129032261,1.6332928257686699,8.64033834586466,0.469702059496568,2.04437894736842,1.4570751773049602,7.06494039735099,0.597618428490673,1.9658828828828798,6.866488235294121,2.0959165048543698,8.030650000000001,20.963085289255503,146.6242574607069,4.951068547004867,5.574692195684671,143.93776913882164,669.9454039335251,104.81970384716988,349.73849542438984,773.5187653452158,752.992182970047,15.825987793505192
27,0.176746695358131,4.22348175182482,3.0452485380117,4.23576377952756,1.2633290246768498,6.35649685534591,0.27261875321999,0.60482491186839,1.25074507389163,5.71397340425532,0.253117477237397,0.590290204295443,6.077160220994481,1.70830354391371,7.109813725490199,15.978990669507212,12.765046709761357,3.5049965544656576,1.2786387001868718,130.6477884095796,392.3584707081318,59.48373582214117,258.9169889688492,463.485112413764,606.3750945031643,14.080316759645939
28,0.34043502331002345,4.193485714285715,5.827275,7.4835974025974,1.4193630952380951,7.078811688311699,0.4422947530864195,1.81985512367491,1.315414540816325,5.4692663551402,0.66668093385214,2.047248015873015,7.43148412698415,1.714802359882005,6.0258385416666504,16.47850100002676,11.371955028119196,6.349803202802156,5.557066674194049,133.95727641743247,318.59613955020905,70.55155001580715,204.02284571900964,465.4548945836723,817.870395258069,13.023451901972294
29,0.5089403341288781,5.18230222222222,5.19019130434782,6.4045875,1.524408917197452,6.13363783783784,1.314435359116022,4.9176243902439,1.175578531073446,3.5921906249999997,1.037205357142858,2.7773917808219197,6.72470588235294,1.7523932773109236,4.18365,13.863697458899116,8.611154549765985,4.205491218582827,6.4923407924724,39.210859136868905,378.23390681296587,97.06619661301374,159.82335899025202,335.3960579261184,661.6392405703664,26.15485806018114
30,0.3094183183183185,4.153301587301585,5.80054545454545,7.4724180327869005,1.146946356275305,6.3733148148148,0.29545556640625,1.050353974121995,1.1122882352941201,4.844557291666665,0.436052571860817,1.340550458715595,7.20926712328765,1.48197877984085,5.372955,16.417501673713097,12.913157287946854,6.1418699543784605,2.6047429433867224,12.69788331324633,386.0752680338919,69.7251409292221,188.44902515411377,447.9462862946093,743.9347100444138,13.172999024391174
31,0.5794857296715133,4.9648119658119665,4.360876404494366,5.182709956709966,1.3656585648148134,5.591544117647065,0.7733679653679667,2.3846925064599502,1.5330025641025633,5.565354166666666,1.0469637681159434,2.585454545454547,6.350499999999999,1.9002055016181234,5.930140625,21.20532701665029,11.499357766709098,5.129540152750022,5.149102619353161,62.527419698522685,392.05880214770633,91.0051167011261,199.02182587732872,371.57087742040557,651.5779377271732,21.021300926804543
32,0.1407412072243345,3.30720238095238,4.66660975609756,6.39725,1.20786182669789,6.134704301075249,0.3647686136071885,1.3970257611241201,1.9092862407862399,7.8689732142857,0.5737520040080151,2.018919291338585,6.4821233766234005,1.65433137829912,5.4356851851852,13.990135406556085,76.873518826412,3.894007740337208,3.854007311665416,14.52497033328001,459.53860972076654,81.43194718286395,212.1241413988173,424.7018601745367,885.6879314407706,12.016005348414183
33,0.3897920458375466,4.395597069597067,6.336688172043,8.2865873015873,1.5076316526610631,5.982502564102567,1.5423544973544965,5.871623655913967,1.09430181470869,3.0713435897435897,1.10044174265451,3.0667053571428564,6.0882606060606,1.63205582137161,3.4683975535168337,18.861602291053483,6.603074422249702,4.073308442269588,6.574176424450999,10.86621178339909,346.5950411433975,122.02655586103599,133.94312312205633,252.44082789868116,422.26482182741165,29.032095335423946
34,0.53683586337761,4.4681828358209,4.7524959016393495,6.963684210526325,1.6053156424581,8.028812499999999,1.1854942922374425,5.169698979591825,1.1817606132075476,4.471426923076924,0.844992372881355,2.372630102040815,7.860453124999999,1.5798607784431151,4.729543103448274,17.326111487176355,12.48139945826529,6.001401270631727,5.312099157803226,14.088251464933583,406.6711291670799,105.41757219471037,199.18633624911308,441.02081446908414,885.3284001816064,22.819777950644493
35,0.439761439186547,4.94990041493776,3.0064837758112097,4.43587068965517,1.70106376360809,8.916903508771929,0.696513707571802,3.23879559748428,1.57617709923664,6.40502747252747,0.637378121284186,1.86322870662461,7.41227464788732,2.1262614678899103,7.649746753246751,32.19619666946175,31.16679866711105,5.722524059009623,3.8296120602365886,22.3364962318366,538.4164862334728,123.20491950958967,272.0787422731519,559.8211660981178,604.427233338356,16.75600651651621
36,0.853024146544546,6.54523529411765,7.6108978102189795,10.9065619047619,1.72737271214642,8.370430656934309,1.17751481103166,5.95684393063584,1.73606525285481,7.03216438356164,1.18186152099886,4.012125,5.13897797356828,2.26476068376068,8.188984615384621,14.797012598529756,18.3015554922545,2.910328867959769,9.63127667079114,18.495410975574558,598.460715264082,173.95743634551764,287.2755052521825,528.1148245558143,553.3090559765697,18.687406554818153
37,0.8111157731157733,3.9841212121212113,3.544627627627622,4.915555555555556,1.5692943722943777,6.381827160493822,0.8623720538720545,2.3919119496855337,1.726468797564689,5.214324444444444,0.7583830409356722,1.7805038051750333,7.273179012345679,2.5003971631205664,5.636851851851856,25.507177193645976,43.19460529641562,6.660950942443518,4.163047673414557,47.13052598210163,470.2450681684746,85.8901534229517,201.02629851963786,463.42755667865276,651.9898358318541,18.874266081386143
38,0.102818172780594,3.19927941176471,5.99192397660819,7.12235333333333,1.72091180866966,8.94554961832061,0.414539563193699,1.36790578734859,1.14376171485543,4.60803361344538,0.717148,1.8988872305141,5.42457216494845,1.5201273458445,5.51585106382979,19.17210622816765,9.764090829116007,4.987222018805396,3.8201189511026024,11.831364097154342,349.9048063531518,76.24656427651644,184.6038969233632,406.31142910569906,711.7783650755882,12.543192133307457
39,1.2862326388888885,5.972681372549016,5.094166666666667,6.46499444444445,1.5120013888888886,7.344705128205132,0.9652428810720267,3.6180628930817664,1.4830707070707065,5.336922222222216,0.9598781094527368,2.6738203124999997,7.5377536231884,2.2173160919540167,5.34470588235295,18.33732119103089,11.97934496505407,5.4671190012981095,5.631836601020326,36.340636307661114,429.32625316704315,92.59677414471905,184.49462174127498,375.15546816090745,605.0599932981034,22.30936661362648
40,0.164258968609865,3.34725632911392,5.4855,9.640918918918919,1.6440549777117401,5.3769322916666695,1.61525581395349,5.282140625,0.985116988809766,2.71176334106729,0.9785590909090909,2.65740783410138,6.1478835978836,1.47680714285714,3.3357175324675303,7.279586544864057,5.170721085371397,4.954574391050986,5.498542318435124,9.89155269667144,316.98402017354965,105.73025792837143,117.07080993801355,253.1794365495443,397.16099854558706,31.0530886054039
41,1.0926307094266265,9.033508333333334,6.177416666666666,7.473711538461533,1.7196619718309867,7.405534591194967,1.24304761904762,4.899219047619034,1.4649322268326432,5.0440704225352,1.1265449735449733,3.30950980392157,7.618217948717933,1.8062991452991468,5.427446153846167,63.37799130948597,55.82105412770889,5.192319164367159,7.083505828235243,32.09893842260463,507.8924198945363,112.60143170754115,211.83050703257322,467.12456581493217,558.795981730024,27.96436504771312
42,0.143515363312673,3.2797903682719496,3.0421891891891897,4.68906392694064,1.14812757605496,5.837267676767681,0.39171548269581097,1.29182579933848,1.29476621923937,5.889034682080919,0.6273816155988859,1.9985719237434998,6.04221176470588,1.86341560509554,7.144394366197179,16.18473588300952,19.99246749817866,3.5084604542715416,3.835165756015107,10.537666433600752,612.4167703092098,110.06437707692385,247.99969978630546,582.657172344625,933.8655974715948,15.693693421781063
43,0.22850549954170477,3.258013586956525,2.9361,3.34099013157895,1.513448529411765,6.674378048780475,1.5278203592814377,6.657698863636375,1.0987809829059825,3.113286842105275,1.0588238396624474,3.1685947368421,4.832620370370376,1.5433892215568852,3.72645454545455,8.783879338381116,6.296063466431828,3.2158062918756376,6.245894928036923,11.292899292242382,319.5779980160296,103.35170663893223,114.42819377407432,237.6463555265218,346.69755841605365,28.036779258400202
44,0.40292364990689,4.61273913043478,4.4454347826087,5.56724,1.692415748031496,8.499892857142859,0.998860606060606,4.11521333333334,1.363478313253012,5.3044717948718,0.9389059907834099,2.793352,7.02937857142858,1.9394672897196261,5.77875897435898,44.56052526882253,40.0755313160637,4.875718164520864,5.936285713492962,42.24329360147196,446.4937187731266,94.69267446547747,204.1869750246406,442.51096434891224,888.1646767258644,21.166219376027584
45,0.444473707083877,6.56798863636364,2.9628077922077902,3.253328125,1.17338683602771,4.41904511278196,1.1243318632855601,4.503265560165979,1.02219340463458,3.55534722222222,1.07705301645338,3.5651196013289,6.1085,1.55863535911602,4.14214184397163,11.71232047328377,6.947485101935889,8.22920916328912,6.91707444486444,8.42915677775324,424.74246583878994,125.95716398209333,129.87747322767973,290.2063075453043,568.7601631507277,27.429591864347458
46,0.91385326953748,5.371343434343434,3.0491638418079163,4.03227131782945,1.6810753205128168,8.539333333333333,0.8319601139601133,3.5936163522012503,1.7842114197530832,6.8123690476190495,0.8226823617339316,2.45187974683545,7.5455185185185165,2.5365641025641,6.994833333333332,20.140117224906607,37.2824526135059,4.977877098722794,5.485850680729143,40.37898722547623,478.42104686424136,99.47293826068442,219.02512526139617,555.2378560726842,826.2512700942656,17.503365719070036
47,0.249091013296653,4.94651476793249,3.4036493506493497,4.92738075313808,1.12885679012346,6.22633695652174,0.441368912337662,1.9944412811387902,0.787551035502959,3.32419498607242,0.594946002076843,1.9453790476190502,6.62958235294118,1.28266703176342,3.9441033210332104,19.17084212892102,8.326076802062115,5.881282833210979,5.486439561762755,132.4032277122128,358.76547917723656,107.41834994405508,161.6799971088767,393.0488368496299,864.1580585390329,12.027285993099213
48,0.119037101651547,3.3793035714285704,4.288809352517985,6.79866153846155,2.135979779411765,10.95182653061225,1.172646313364055,5.9288469387755,1.469407407407405,6.03996753246755,0.7140485611510801,2.164300366300365,5.763695,1.92767741935484,6.54821666666665,20.282955700457208,80.61331427253975,4.62627120106453,7.010391693614514,76.54134095231726,457.60185457766056,118.96538781002164,201.87104819342494,547.8925420902669,1042.458217125386,16.364548355340958
49,0.2789406832298125,3.81690625,4.0697896825396755,5.181636363636375,1.478757225433525,8.210021428571427,0.619605088495575,3.051955056179775,1.3759834183673474,5.662127358490575,0.7584809859154924,2.2211143617021274,6.95803658536585,1.8106956521739126,5.80433536585365,16.60432646344381,79.57526966474235,5.131576811907172,4.990699142549746,79.24540295767052,412.78504650108516,73.53362743742764,201.27074094489217,438.4862491860986,697.1089926082641,14.180847210809588
50,0.8914646808510639,5.6383756097561,3.4334687499999994,4.72299591836734,1.489045945945946,7.571335483870961,1.00253137254902,3.9456881355932203,1.6706840579710138,5.989800000000001,1.0433417989418001,3.21236756756756,7.518393548387101,2.5205730337078602,6.4938121212121205,22.155089094417413,66.46281043883656,5.458239055468935,5.732221347624636,54.70252866773357,495.5529561266303,94.20757181942463,199.87517967820168,503.42659931629896,974.1041343659163,22.07377925515175
51,0.4075561478322667,4.711723577235767,3.225264150943396,4.9321515151515,1.4160209150326801,7.047916666666667,0.8153190271816867,3.5994742268041335,1.26140268456376,5.637014705882367,0.6334294403892934,2.091391812865497,7.972401709401701,1.7233243243243235,6.188830687830699,16.07626435719546,15.085157332661572,5.4153592533757875,4.696139714569694,57.24301033720129,495.18237356096506,94.12129875272512,214.2581157386303,520.7451370855173,827.1464069063464,18.976434754828613
52,1.0614223484848475,7.12273780487805,6.479857954545451,9.350258928571424,1.5107460317460326,7.162794871794875,1.376190476190475,6.412693181818175,1.429284615384615,4.742948113207549,1.189243087557605,3.46664457831325,6.992352564102576,1.9561554054054051,5.150939655172425,50.627106032918206,10.95492763210156,5.430430760407745,8.578673445972115,50.29420008968512,450.21913247182965,114.10479783080518,179.15433272719383,423.2372040860355,594.4453063420951,28.05669791996479
53,0.284713886560492,3.2591396825396797,5.96352046783626,6.59303205128205,1.3890777511961698,5.5910710382513695,1.37343425814234,5.48681407035176,1.32663090676884,4.16322131147541,1.32295501730104,4.25466911764706,8.021015503875969,1.87814235500879,4.67690118577075,8.722111831152162,8.426156755163916,4.206602638060303,8.32669299544276,9.915984620657127,392.8316757082939,105.93640618026257,114.04724791646004,255.67919947206974,375.58870390057564,28.416700661182404
54,0.301372651356994,3.29142535211268,3.03503166226913,4.5475387755102,1.34440078328982,5.62861835748792,1.3643834886817598,5.62724731182796,1.03644252873563,3.3811993464052303,1.01414409722222,3.36999679487179,6.84990853658537,1.49803193033382,4.0719347826087,19.313095550155797,6.994228137349844,7.53569520710225,6.901789011378222,8.562255940609168,407.32643101364374,133.7663270533085,140.90517070144415,376.7334157600999,716.9223856180906,30.482979491353035
55,0.9706952117863699,6.82041139240505,6.3830743243242996,7.7565810810811,1.3297969837587,4.83040476190476,1.283139743589745,4.84786752136752,1.016560515873015,3.089002688172045,1.0605238095238099,3.0880170454545453,5.7781755319149,1.473907303370785,3.67599342105263,14.866275703237134,7.123530412417662,4.0416991257019905,7.060486776096049,8.47849908337203,326.08710462227464,126.04893418028952,135.49639843404293,237.6530086621642,599.0580888465047,28.719205874949694
56,0.181819087837838,3.215245810055865,4.7665541666666655,7.060547945205499,1.23053251121076,7.2414662162162005,0.391890808569454,1.7359136212624602,1.3975035971223,6.6247831325301005,0.612041184041185,2.0665665399239552,6.37581896551725,1.8179527687296402,7.420718750000001,19.374251164686704,15.857926465733527,5.939507478900183,4.875205516081629,77.12709704273998,549.7036385349929,85.25382727384567,245.6457121297717,517.3169891349971,766.7446159757674,14.321994967758656
57,0.413052170601676,5.04558128078818,5.94452631578947,7.82509,1.5280104986876601,9.17554054054054,0.651005878510777,3.45266272189349,1.15735535535536,5.62905164319249,0.587544565842438,2.0999629629629597,8.112052238805969,1.5769314516129,6.03824210526316,20.50700402451954,17.271984581757113,5.087922020406019,5.541249361561084,18.644986201880233,606.3371896743774,81.61847945302725,228.68080995976925,585.9074182808399,798.6521814018488,14.095311053097248
58,0.523022727272725,4.93256140350877,4.29717372881356,6.4100061728395,1.667600660066005,7.29382394366195,1.227112691466085,4.5454838709677405,1.1138056640625,3.727202898550725,0.887140163934425,2.461614285714285,5.01855140186915,1.5788357771261001,4.35026893939394,15.493279321491332,7.7638175412091694,6.710450780193332,4.874542256517942,74.66580378762596,320.14179741963744,84.98602546751499,136.7131480947137,299.2827561683953,653.3976062200963,26.04890614748001
59,0.2250951443569555,3.298037037037025,5.3886462264151,6.73846875,1.59774844720497,9.0771,0.7921761006289301,3.607324074074075,1.3120366972477076,5.656920454545451,0.77281534090909,2.2872610619469027,5.96155555555555,1.7034098101265827,5.910020408163275,16.396551918215653,13.608337008546762,3.9224555878078182,5.303391573257487,50.58828608335735,385.209103114903,88.17624184302986,212.0701188687235,436.24640675261617,569.4287421647459,19.63190152309835
60,1.1063142250530802,6.91532236842105,3.36706709265176,4.54402212389381,2.35939310344828,12.172883720930201,1.0907319148936199,5.69495580110497,1.8402491039426498,7.4281418439716305,1.25873593073593,4.05916040955631,5.15788177339902,2.45226855895196,8.66012781954887,23.882937985091218,146.45756324383174,2.919046876866712,8.37148087103218,20.159765389167543,607.8474456444383,98.71833026409149,273.0859210714698,522.6070294156671,629.1822297498584,17.2116095200181
61,0.39804894026974996,5.397702020202034,4.086988372093034,5.285267857142866,1.9581074074074067,8.817230158730167,1.0389033687943268,4.7038584474886,1.6516228070175432,5.581467661691533,1.1446455399061033,3.2608753894081004,7.1537901234568,1.9968150087260035,6.339623456790133,22.968111284587707,56.83815460754823,6.171458549319156,7.06136643700896,69.62284654384369,541.8287124484777,122.90356680750847,241.5885760759314,518.2397939885656,662.3179651796818,21.147634834051132
62,0.7089516908212566,6.6295064102564005,4.0052474226804,5.0024068627451,1.58025498007968,7.9632708333333335,0.306478,1.32116225165563,1.5095158045977,6.834563218390801,0.44463760457948,1.5249711286089234,8.311609756097566,1.9513592592592601,7.5407588652482325,20.64575374352916,63.145820834186175,6.231700567345512,3.7593861939142417,93.4364947529093,566.5797817831238,69.57781345893939,276.360334828496,647.0170027265946,1072.1999142939846,15.764567069709301
63,0.975201530612245,5.76595098039215,4.753315573770499,7.0427109375,1.5815345303867399,8.452926470588226,1.12836195652174,5.13351785714285,1.5794262048192773,6.177627659574475,1.0165092936802975,3.002113013698625,7.520309210526325,2.1677886178861776,6.205683333333325,17.399614431331873,52.23944179526504,7.283725167771522,6.06977300159821,53.44363622221694,519.5839621592313,95.44474305585027,204.6546433120966,441.50170870125294,599.1013837046921,22.637471556663513
64,0.334078359453151,3.38785209003215,3.01763943661972,4.4559294605809106,0.842780487804878,4.8557224489795905,0.216207559121622,0.6805298013245029,1.1521831460674201,5.433113207547169,0.20241999606376698,0.646382659713168,6.8259932885906,1.68406393442623,6.55220111731844,20.87944061978739,153.19214948376373,3.5662102898934043,1.3053793183054958,13.333899902045522,460.41999012231827,59.06245205551386,238.97874634712934,455.74752148240805,735.7011316344142,13.582408428192139
65,1.16892540540541,9.84743965517241,6.018569892473121,8.79154700854701,1.52496837349398,8.04631081081081,0.565167220376523,2.1104398340248998,2.0562797833935,9.40554918032787,0.834516447368421,2.72834974093264,9.29958823529412,2.43838443935927,9.720718446601941,40.96786239710645,20.140517074764112,5.036430031007456,5.555232761913005,22.90503826667875,659.792055375874,111.81547306478024,307.6527500525117,710.0897142663598,753.1156996265054,16.975705511868
66,0.6692473118279567,5.1194999999999995,4.7917125,6.4984655172413825,1.3473229974160201,7.132555555555549,0.62340139335477,2.5381822222222166,1.195046875,5.296027777777784,0.64859977324263,2.0428333333333333,7.244762820512817,1.6919892966360832,5.6957666666666675,16.756919374043452,33.35432656095969,5.533326900108441,4.008408916655847,78.01180960631685,419.775431510061,69.013979130735,170.70555283377567,422.213738784194,699.5070298823217,15.79023664817214
67,1.2207605633802798,7.2576875,4.1855846153846,5.721566137566133,1.3539741784037567,5.848393939393933,0.9888106280193233,3.7427614379085,1.29792117117117,4.3717386363636335,0.8874151090342667,2.29317808219178,7.1653741496598675,1.6393347639484965,4.883,22.58205528514264,11.995796920889033,4.644172663803266,5.150735935023649,60.24266844852519,465.1178295413653,124.86004270613194,203.29407416284084,425.0527359545231,644.7840326776108,18.71430625518163
68,1.3726746835443042,7.85937037037038,4.573936000000001,6.425974999999999,2.18888461538462,11.26201904761904,1.389982035928144,6.600812499999999,1.447240268456376,5.220213953488381,1.023978,2.82088888888888,8.48455,2.05567652173914,5.4651142857142805,17.784138514404546,38.43343314754672,5.437451211111051,5.373894492582032,18.79332710632107,435.0201366469264,95.75813543051481,183.6486952379346,405.69723583757883,654.5814406126738,20.692618563771248
69,0.262889429229588,3.28005056179775,2.93553608247423,3.3553095975232203,2.01356274509804,9.66094545454545,0.854748381877023,5.00588362068966,1.4232626112759599,6.5450222222222205,0.853802325581395,3.48572619047619,5.47791826923077,1.7996377551020402,7.01868902439024,26.75837085959419,15.814250084329803,4.282612498040739,6.84424643384679,47.91481990798855,552.6732420548797,124.23289008438586,245.7325113937259,464.6494286134839,863.2036624476314,14.210911467671394
70,0.13350572767508498,4.29125984251968,3.0443171428571403,3.7022379421221903,1.25293695652174,7.766383116883121,0.439402057613169,1.98753333333333,1.0210900090009,4.7866943231441,0.635728173374613,2.05664173913043,5.54402105263158,1.37564027777778,5.19350917431193,18.60055614750994,11.747679016252484,4.463102259305888,5.752037873752867,132.94600293627576,399.46790784597397,84.94406938552856,188.19759134203196,477.8442205861211,561.0685562714934,14.621298760175705
71,0.892129752066115,4.12037323943662,3.00077638190955,3.795455,1.97796026490066,7.9587571428571495,1.58439197530864,6.16294623655915,1.6310485294117651,5.99774719101125,1.26083804347826,4.28018076923077,6.4312951807229,1.992438775510205,6.75765853658535,82.41068405026925,13.867987558717898,6.390034829907918,9.22717382052995,77.88817443278873,592.1295960433781,141.9310225173831,214.57909606397152,400.43266490101814,558.949145488441,25.001901667565107
72,0.12966085440279002,3.28706752411576,3.03966921119593,4.16788306451613,0.688349775784753,4.07594444444445,0.139863258585542,0.608623583934089,0.820145755071375,3.94965156794425,0.126594971034143,0.6097270680922899,6.06241242937853,1.15696395468589,4.53546846846847,13.213743867867676,9.832285563352267,5.098551295621723,1.2903829971754177,130.6104809907493,299.05817937105894,79.89974692463875,142.75340363383293,372.9409771040082,498.899887315929,14.099408872425556
73,0.392250393081761,4.138,3.102125766871165,4.168969696969695,1.4103918918918898,7.943161538461551,0.434005376344086,1.8720964630225099,1.7345537313432848,8.3040138888889,0.9053657094594599,3.429732704402515,7.8196838235294,2.326015748031495,8.6909090909091,28.49523371734086,85.68023254232716,4.001027403311614,7.952977758842093,30.16017004881473,719.4655598141253,76.71731291338801,309.738761279732,706.9164072163403,1063.0175471305847,15.577953308820724
74,0.129935242978154,3.3418908045977003,6.041817258883251,7.3283381294964,0.996732,5.44316931216931,0.265574311926606,0.606911205073996,0.782934167215273,3.24253105590062,0.25084425427872903,0.605665615141956,5.50372596153846,1.20684378698225,4.1019962406015,11.880025355949213,8.548642046454361,2.7931374001219105,1.2809947942980207,132.46099594090217,305.296597070992,56.00317381322384,150.62920283526182,357.6370654627681,569.9784960597754,10.215584188699722
75,0.9087863247863249,7.7657960526316,3.22143670886076,5.12672,1.8607908163265299,9.067093220339,1.13145028142589,5.0051140350877,1.15395922330097,4.7170825688073394,0.8290966183574899,2.68652093023256,7.9516818181818,1.8094310954063602,5.922390243902449,78.02867543105015,14.208807586943063,5.923925083022141,5.599687854420085,73.36258035267178,562.3826407827437,107.52972448244691,253.0265599489212,545.3913006931543,618.4732425026596,21.897698752582073
76,0.41825481540931003,5.01547413793105,3.324025806451615,4.4400699999999995,0.9852830578512399,5.91934939759035,0.259615606936416,0.660762369791665,1.327349333333335,6.77384567901235,0.27771425211665096,0.629055948174325,8.59549206349205,1.73292944785276,6.92018125,16.043172136843268,77.76773985669448,5.117759468184361,1.3100522292513144,9.243902160176212,530.2583449520171,59.734354726970196,211.21046738699079,674.4930287823081,711.2091989256442,13.854843564331532
77,0.4584224620303755,4.985454166666665,4.8202375,6.56225316455695,1.8441841216216202,9.256,1.271031460674155,5.782904494382,1.36996705882353,4.93907142857143,0.9062318481848199,2.459608225108225,5.6656380952381005,1.906183636363635,5.58705479452055,17.138533597158855,9.966162437821957,5.579988255570398,6.2584321328027235,18.64760654311944,507.907581049949,99.9287934973836,183.8851487264037,418.57571341097355,594.6456920355558,20.8998448215425
78,0.91395064724919,4.85438425925925,4.9594693877551,6.7603717948718,1.9179637681159427,9.175325,1.021995265151515,4.099013636363625,1.5923458333333325,6.24328846153845,1.004469618055555,2.77943932038835,8.338851562499999,2.2340635964912274,6.38778260869565,28.069277672950232,17.850826440388495,5.158133191728057,4.990840928384099,63.3821470497193,537.87428769283,78.61399208195508,232.32672829180956,551.3022188097239,719.8692008387297,19.022752530872822
79,0.212436661404893,3.3614096045197703,3.06888358208955,3.73300649350649,1.30632399512789,7.12524822695036,0.31139130434782597,1.27951655629139,1.4226643550624098,6.43852688172043,0.560512903225806,1.9100882825040097,6.1033407821229,1.85637603993344,7.352,147.6855582943024,18.30030541893221,3.5069031423897035,3.842468991243567,24.976750105679255,510.4784155264497,86.25464979559183,260.6832189485431,528.0015990138054,810.6293389573693,13.93898855894804
80,0.54696508097166,5.352291666666675,4.1851791044776006,6.012418478260875,1.307027918781725,6.036880208333325,0.6921947592068,2.270099557522125,1.3113883248730975,5.0887850877193,0.6539047330097075,1.877345,6.7391768292683,1.8077777777777775,5.526797169811325,17.029101044873737,17.129156394550158,4.613277313691798,4.235352216433242,47.636555594023505,487.21072962507606,92.35957986675203,191.02100632153451,450.3600823227316,793.6206005979329,18.699828069657087
81,0.189735867768595,3.7184698412698394,5.02490476190476,6.56318666666666,1.395611111111112,6.844886666666659,0.877720754716982,3.46660677966102,1.1885426900584801,4.76396888888888,0.834005,2.6077093333333403,6.52931333333334,1.71494827586207,5.45002,16.378867333536977,13.40087730873719,4.69265858407875,5.658813802465922,65.29660431406924,452.6696866378188,86.08966134488583,169.0191449597478,387.557246722281,779.6135265380144,19.966019317507744
82,0.353928978224456,3.89196666666666,4.870915555555561,7.111387499999999,1.487858024691358,6.80417419354838,0.9895043902439019,3.7737962962962994,1.162073446327684,4.287208510638299,0.775807829181494,2.10895714285714,7.08033333333334,1.6580928571428584,4.79811162790698,18.30843476027894,36.439436795112194,4.692618110265911,4.52288435632078,44.25702911512449,374.40888583660126,79.88227531313896,180.17928581684828,338.44577614217997,815.1036640629171,19.18912399560213
83,0.48622755054066663,4.8755619047619,3.2262610062893065,4.892625,1.60629766803841,8.103095238095234,0.7139044943820233,2.9852909604519766,1.3122442129629632,5.8969322033898335,0.5712809745982367,1.8380576923076932,8.1803111111111,1.7760817307692303,6.9588527131783,18.622807316133436,14.667975750433747,3.8774560142002557,3.7487528515971165,134.7825086675603,453.7602420896292,100.52718377361695,210.26166311154762,545.391618895034,946.2663671001792,17.65599784751733
84,0.60942842215256,4.649715447154467,3.5963854166666667,4.877968468468467,1.458900966183575,6.3291130952381,0.6794220238095234,2.6100820895522334,1.3493263888888885,4.97795588235295,0.692935840707965,2.2570577777777836,7.150265432098767,1.6933796296296333,5.582647058823532,39.96100894704794,16.82676371113087,5.453108607459313,4.784143385049946,55.67210427778736,489.2865816752116,90.24700460334618,202.1159278228879,440.4026665724814,808.0841352542242,19.151531159877777
85,0.391106104651163,4.979033018867925,4.57271,6.6555735294117495,1.5524177718832899,8.996812499999999,0.47319649999999996,1.790362295081965,1.494150127226465,6.943563291139251,0.725375356125355,2.103897163120565,7.104367346938799,1.860864814814815,7.014018072289151,18.67768997869668,14.552504434324003,5.041177947469908,4.883959286687251,75.40619912580945,560.3036028333008,92.55821350961924,257.7417530119419,568.3832569047809,871.5462172403932,14.578597620129585
86,0.48882984790874495,5.518510204081625,4.897083333333325,6.079882653061225,1.3820878712871274,7.7798257575757495,0.435029924242425,1.6529968750000001,1.330593896713615,5.971157608695649,0.48917830540037255,1.3380878712871276,7.4229605263158005,1.7626025641025649,6.389138157894725,18.812511844169318,24.713539513158597,4.890396191973274,3.147935856212621,45.48516410614604,507.7872425317764,71.80997636169195,222.49349276535213,544.9864431284368,897.7594145108014,13.766251504421234
87,0.694767291532,4.66462605042017,4.033015686274513,4.9359068627451,1.5568389355742294,6.768775401069529,0.9827218487394942,3.986029411764706,2.0007764705882356,5.482328431372546,1.0916394686906998,3.1096844919786117,7.09634705882353,2.5124553376906293,5.210652406417111,29.157654727548174,26.77740649415869,3.5527642055738915,5.86746725664116,25.24678405272093,445.1285335509216,111.0020572977031,189.44647300111896,402.4240297867971,741.7076568612281,19.000388462753858
88,0.26907809523809495,3.334,3.07080357142857,4.2384754098360595,1.11421991247265,5.53792307692308,0.24921999511122,0.605938689217759,0.86801402640264,3.70524203821656,0.243341612292149,0.589723381487426,6.10466489361702,1.2961313559322,4.6395485232067495,14.51022478658671,143.90101422654482,4.317203588088372,1.269691990527771,11.680187352998988,300.36913231015205,64.79725707322359,168.95998269319534,405.98243940621614,474.03378412127495,11.199293658137321
89,0.34498492159228,3.42378529411765,5.012409090909101,5.9338645833333254,1.4644930555555549,7.7074013157894745,0.48980518394648753,1.7439776785714276,1.4491426767676774,5.9448604651162755,0.714664855072465,1.7902970779220775,6.1472500000000005,1.9197589285714274,6.012229591836725,16.52538200832557,17.755093288278484,4.558874387398635,4.0519902017090095,67.62887882133478,494.86891948618,70.12553396634758,220.98925546742976,491.6875041089952,634.0235704556108,13.07689817622304
90,0.3030570924072985,4.0403692307692305,3.277771739130435,4.81543220338983,1.37909123222749,8.46166666666665,0.3531845196959225,1.351750659630605,1.288651105651105,5.93088144329895,0.658684123484015,2.10062857142857,7.4882857142857,1.66015136054422,6.664720779220801,17.344391157460983,13.759618251702532,4.298108955596623,3.869514811786294,73.84892661869506,539.5015934482217,78.70900444686413,240.41389115154743,489.67564944177866,814.0423335134983,16.62189606577158
91,0.357582847341338,4.81899107142857,3.02680211081794,4.217577205882351,1.28036941964286,6.67186982248521,0.320294857768052,1.2478367791077298,1.18398839907193,5.433000000000001,0.614756668481219,1.9853740875912398,8.887198275862069,1.81067924528302,6.24186170212766,16.268594970803804,15.573789679588225,6.722158249472662,3.8073123795763433,21.36991833454486,622.7661389857531,80.38398809731007,260.8302515000105,520.4159067943692,884.5612639561296,13.856100849807262
92,0.4623042735042735,5.0243090909091,5.6932821782178,6.16305319148935,1.5197824427480902,7.66973076923075,0.833054190751445,3.328532894736845,1.1597449799196802,3.96798344370861,0.6674277456647401,1.8072593220339,7.795195652173899,1.6353824362606248,4.46634297520661,16.411525194981373,21.79629830769001,9.046307474983843,3.4721801035157904,14.460259324884834,458.0134991556406,93.93803775310516,174.29428407922387,388.80225038155913,554.5494030229747,21.09840279445052
93,0.46725676255903803,4.9180269058296,6.602799999999999,9.593617647058819,1.35798619824341,6.873226666666669,0.694174686882004,2.70522739018088,1.38023240371846,5.4183317535545,0.776706338939198,1.90601876172608,8.742976562499999,1.9494019769357498,6.11530409356725,17.718243513449103,12.71922834054162,5.050888060753647,3.8393930757084354,10.522478605480446,717.3310965299606,98.13173674046993,217.87311416119337,595.867307856679,641.8460980057716,16.538798809051514
94,0.15071099706744898,3.31789473684211,3.07775149700599,5.4361144278607005,1.37372801082544,7.5690933333333295,0.522318484383,2.04891754385965,1.2222696390658199,5.32878703703704,0.684660174613835,2.00317013888889,6.09226203208556,1.60019672131148,6.1153664921466,17.58434296925684,11.393825418019125,5.062456670673239,5.509723696232665,132.76545543361073,451.60152949392796,110.74710637331009,196.59698009490967,467.51617919653654,1061.0571596771479,14.38239123672247
95,1.44037176165803,6.8454438202247,3.35499707602339,4.4204285714285705,1.807636645962735,8.62452898550725,1.77837152777778,8.530525,0.9664038854805749,3.010885294117645,0.9592967213114749,2.9961895604395603,5.1600669642857,1.507586842105265,3.7932925925925947,13.358816893133953,7.051852732739028,8.33809436010167,7.050909646844562,11.37510269465469,368.3634917251766,119.19692624360323,134.4869378954172,309.8230459727347,513.84586840868,28.337491676211357
96,0.13015619735258702,4.07914285714286,3.05185196374622,4.5514513618677,0.546754233188195,3.26277272727273,0.146866135004272,0.6413759063022869,0.67267,3.30875,0.13679909405808702,0.639567422434368,6.08559259259259,1.0343300492610799,4.04167944250871,,,,1.2881813464607308,,205.4763026535511,59.274607338011265,134.57597233355045,292.3885826021433,492.0598352327943,11.249608360230923
97,0.21510078387457998,3.786776595744666,3.9028349834983334,5.813817708333333,1.780965457685663,8.610333333333333,0.8170367231638433,3.3836755952381004,1.5353625730994167,5.9635536723164,0.9372114285714299,3.0043050847457633,6.121561728395066,1.7512385321100934,6.47654,22.328272316314994,58.450040808026806,5.547536835282174,6.17331784549853,57.29780138435955,469.0373471627633,99.36501737684011,221.2739083915949,576.7005573337277,817.0632955928644,14.492698634664217
98,0.356741836734695,4.067304054054049,4.048658450704225,5.688377777777775,1.5765041666666675,7.6164324324324255,0.7476600765306125,3.119728658536575,1.3934460784313725,5.570905,0.8458826086956526,2.540654347826075,7.494257352941174,1.73641891891892,5.8520357142857256,21.35205749680857,79.40944299915782,6.832066922792945,5.360104006076467,17.77605250562997,406.88999579288065,91.19402966462076,211.24182385392487,501.0149674490094,690.6062888447195,19.08477279357612
99,0.481533678756477,5.03119213973799,3.06554545454545,4.2216249999999995,1.18127033218786,6.67496531791907,0.326902446043165,1.29199325842697,1.35683377308707,5.97208888888889,0.571095781637717,2.00556993006993,6.84788815789474,1.8585145797598601,7.55345679012346,19.674620204488352,12.955878894232987,4.397640015694351,3.840598802098048,13.320622712976492,542.4242466688156,81.27652108669281,226.90759506076574,514.0549037605524,751.5331963077188,14.096102677285671
100,0.223761887072808,3.34262130177515,3.38555279503106,4.20497244094488,0.841500365230095,4.56124336283186,0.202586913677572,0.613503144654088,0.889358,3.88727213114754,0.190888326926967,0.597336242001163,7.35017647058824,1.2992210012210001,4.734206572769949,14.735995135461996,12.819306778329917,6.857109033056267,1.298171514588663,16.090129905845473,361.08335480093956,106.59056715667248,165.3095707297325,396.6165008023381,1229.8484100028872,12.24251464009285
101,0.4117926115581565,4.1449847328244305,3.1226358695652148,3.6398650000000004,1.42299504950495,8.5512794117647,0.770921713441655,3.5749328859060396,1.36159574468085,6.19289024390245,0.73468869123253,2.1674249011857696,7.8812196969697,1.862574013157895,6.454712643678151,17.384261744753736,78.0723387288656,4.483233271192922,4.88521434072882,14.172078225521625,553.0278431251645,75.34889737144113,230.89583264663815,527.2045498713851,750.3833505325019,13.730651699006557
102,0.617002150537634,4.75631304347826,5.8711282051282,8.299528,1.284929341317366,7.32659333333334,0.48831387755101996,1.796871641791044,1.393139726027398,6.3542551724138,0.59446904109589,1.6479856115107918,7.166151999999999,1.879610619469026,6.67822580645162,44.6543035679071,70.04094199082473,5.1201347340012875,3.708341682724724,36.14494325513495,570.9768226370215,85.09234990924597,248.30722715705633,542.8204918280244,777.4445181712508,13.98725900799036
103,0.9324323483670299,9.25855384615385,3.41048,4.32269259259259,1.62126837060703,8.3783046875,1.302466748768475,6.28181395348835,1.419998677248675,5.850683908046,0.7409677640603549,2.612533333333335,8.4272014925373,1.77447,7.27866666666665,21.743882180655312,15.77931919472809,6.048906845874429,7.014600104352732,77.05636944681522,473.1199122034013,141.66526962071657,208.13223673030734,503.8050469011069,623.7237132154405,22.600602824240923
104,0.414880505709625,4.8893037383177544,6.40911585365855,8.6076274509804,1.30598519362187,5.797966292134849,0.8920569498069499,3.067173796791445,1.427939153439155,5.36756944444445,0.6671284046692599,1.6525742857142849,7.29912096774195,2.0470875,5.89938383838385,13.502415876391817,12.297743212314614,5.991953210896472,3.5190844755685164,18.787006755142343,480.01136165112257,100.68695992231369,189.19340800493956,468.94773840904236,567.7095730789006,26.710995007306337
105,0.21796478591436566,3.7688807339449664,4.125141843971633,6.3608794326241,1.0950276008492568,5.950091503267966,0.30932514619883034,1.29735687732342,1.1319825641025634,5.209272727272733,0.44264424320828,1.4979580152671768,6.556217391304333,1.6177678812415666,6.1362988505747005,16.935543313333135,100.61293539263829,4.365829473245085,4.209726262407621,95.71008760365169,456.3770101716121,77.8177675480644,221.32343146950006,434.511573985219,979.5968343193332,13.615734254320463
106,0.2553315136476425,4.1215,4.834508547008545,6.87386904761905,1.37709610705596,7.24104375,0.3046622073578595,1.335860730593605,1.323211845102505,6.13756451612905,0.5621394324853249,1.9728907407407401,6.11445774647885,1.8874728434504802,7.17759868421055,15.732090508760965,79.82040123581274,4.326128758349366,3.9303349473711156,78.06242777867476,482.8004399314523,86.77748264744878,227.12243953719735,566.4227996021509,743.0802448652685,13.332406524568796
107,0.31261877394636,4.02106896551724,3.1450822784810146,4.089674657534244,1.011451013513515,5.8658494623656,0.3271752779594505,1.416061679790025,1.066266245487365,4.83201595744681,0.64516919191919,2.037534,6.73637647058825,1.563370716510905,5.46274479166665,17.949567954586435,79.5193210040726,6.3938346793551,3.858300367802593,133.5463970629013,414.52719597145915,77.64019537717104,161.79954400286078,428.37904766201973,697.3213749006391,12.771144974976778
108,0.559292694965449,4.914233830845769,6.49455681818182,7.86432558139535,1.22860609480813,7.40150322580645,0.724179051663128,3.91940727272727,1.28009711846318,5.582038647343,0.6312584009269989,1.93638838475499,9.67833644859813,1.90326,6.16020652173913,25.444414721326627,21.64006969507002,5.691431652571799,6.866076491394555,15.822561695429538,551.5502532944083,77.75940466672182,221.04145027697086,652.3252697661519,935.0032778456807,13.814191333949566
109,0.603541442411195,5.881537634408599,4.889788659793815,7.18241333333335,1.705010385756675,8.008927272727249,1.289635167464115,5.37467289719625,1.405764383561645,4.944325242718445,0.908249557522125,2.40361570247934,10.08487719298245,1.95219076305221,5.55225,15.008308053825914,10.731082334472465,5.4773598097207845,6.453183297808453,75.91108984048472,437.8455225378275,115.17213424667716,194.26591461524367,379.92456927895546,491.55631568282837,21.496089175343513
110,0.6245197530864199,4.069533333333333,5.340810185185184,8.730083333333333,1.5871526479750784,7.9618888888888835,0.8219916666666668,3.0900608465608497,1.57372429906542,6.5766436781609166,0.7300504201680668,1.9842989690721666,7.310524691358033,2.4014,6.138275862068967,19.669256310962698,66.22581462938848,5.500034201694777,4.525369084844155,16.12570977786783,534.7157983730236,82.96481876944502,236.59256985411048,493.41982618595165,745.3473129620155,18.188652272025745
111,0.50563966725044,4.908536697247705,4.65075806451613,5.7766394230769,1.32664827586207,7.58438157894735,0.4912242479489515,1.863640287769785,1.49497375,6.9157916666666495,0.808087401574805,2.44129017857143,8.44981147540985,2.12783090909091,7.374,40.478260900451794,19.065287139569065,6.7763155961908605,4.913128086355337,13.634542028500316,648.232304956764,86.13140089437366,209.90208722651005,607.0770672522485,880.9443912468851,15.299499500542879
112,0.157925282901876,3.32226349206349,2.86784900990099,4.52523788546255,1.18903344867359,5.96811046511628,0.40468045807166597,1.3313514450867099,0.982444040036397,3.87998490566038,0.687530516431925,1.9716890595009602,6.69080921052632,1.36925060240964,4.60559677419355,13.485046989909938,9.87150270406907,3.5658636948221085,3.862783143061438,131.77770431179349,311.3673301413655,85.58942936360836,176.81720200926065,400.27915965765715,891.5939135476947,11.829403229057789
113,0.70852103960396,5.8200476190476005,2.92953409090909,3.2849496855345897,1.28939344262295,3.740597826086955,1.28001518691589,3.766924342105265,1.1511579497907949,3.1194455128205147,1.135955102040815,3.0753554216867447,7.33849193548385,1.56377346278317,3.706006493506495,14.968400812997624,6.319423148405963,5.3399330807702405,6.306730450932145,10.817448536227548,336.74665028229356,116.96824803948402,126.6024890355766,241.99121398851275,453.57836643233895,24.779851082712412
114,0.7094780763790658,4.921306722689072,3.1009939209726425,4.311907834101386,1.668552857142857,8.484857142857143,0.9039670995671001,3.9019230769230715,1.445567185289957,5.045513392857144,0.8534830633284243,2.497482857142857,7.207863945578228,2.313430583501,5.142735930735928,16.4012741845025,45.69808466277589,4.87438465226505,5.872239298019866,53.0071425823104,498.68131255997076,92.96424686908722,207.83731514321906,458.16542115062475,800.9003442046898,20.0467583324228
115,1.01236748768473,6.36476756756756,5.96867096774194,8.35256923076924,1.5960015384615378,8.155904,0.995201843317972,4.38855384615384,1.404350666666666,5.23611904761904,0.852454744525548,2.37160196078432,7.560355555555558,2.0443568627451,5.52024444444444,16.584047643265063,11.23808308353648,4.072903137066442,5.1016442686465755,40.812397541506556,407.1221733465791,94.60448753088713,181.22154753655195,416.69081430882215,769.5473683997989,19.48739867657423
116,0.160977582292849,3.4412797619047497,4.637685344827575,6.140438775510201,1.3902146596858649,8.36049285714285,0.448381619937695,1.8686625,1.386378205128205,5.82595408163265,0.78993515850144,2.16307894736842,6.548175675675675,1.85023259493671,6.110708333333324,49.516866682006814,79.75969229654905,4.084089304712964,4.986017715476422,109.87110788016727,434.13289822638035,84.99712566845119,200.32532629556954,477.14305110275745,690.4832262080163,15.055795665830374
117,0.9130328,12.042204081632699,6.06415183246073,9.352427272727269,1.52876706827309,6.98923,1.49718301610542,6.97805521472393,1.11831038251366,4.16759183673469,1.1193020937188398,4.186016194331979,8.93921875,1.5508654147104899,4.87136507936508,17.790649632085213,6.96161644214865,7.618702587913228,6.900165965437137,12.83051020325595,414.62599765509367,148.61654490232468,163.44492323696613,373.9572362974286,761.5013280883431,31.26158844679594
118,0.7869025710419499,6.60726704545455,3.2538668831168853,4.253761904761905,1.31019930875576,5.4351,1.31919124423963,5.4186842105263,0.80940840840841,2.76418010752688,0.79186356466877,2.763701612903225,8.303964285714299,1.33776832460733,3.305878289473685,13.490420851411752,6.384042589470188,6.784049715674449,6.424906953958754,10.036973879967574,382.0141893811524,128.63859301432967,132.1954419836402,315.92079903930426,791.7836424894631,31.286198645830154
119,0.52483356385431,5.903069892473134,5.502222222222233,7.4022641509434,1.98830980392157,9.420958333333333,1.3847741545893735,6.222825136612033,1.394081736909323,5.4886613756613665,0.9412003367003366,3.0611290322580635,6.529642424242433,1.8232826797385633,6.2438817204301005,21.464155599352434,16.4395095616555,5.552126202433638,7.092484002658491,16.07019024972212,454.2592680081725,113.86019953836997,207.17800750086704,465.96362565954524,744.2815151686469,18.212672633429367
120,0.6914769947583,3.759625,3.9228858131487887,4.998848039215688,1.739470588235294,5.448078431372547,1.3135519399249058,4.263466666666665,2.037522281639929,4.0284941176470594,1.5726160130718942,3.213770308123247,7.02475,2.4166176470588234,3.875536764705882,21.79894148376676,15.913243412920895,4.3005997144666335,6.445953215556715,20.828194300382393,391.62572528071263,99.72767027861931,137.7206008114359,342.4064174075337,586.3795002155445,21.379682071068707
121,0.420903081914031,5.04202145922747,3.07449714285714,4.43936431226766,1.7345283582089601,9.11378571428571,0.7016826987307949,3.2592676056338,1.35936303191489,5.795241935483871,0.642894795747062,1.9005982300884998,8.087055944055939,1.90668852459016,6.99397810218978,18.024395894360417,16.942855324311417,6.781067850275688,3.819815997659979,22.51019052568989,728.7098094820976,121.87352403998375,252.12489999830723,609.5279706642032,708.7065139785409,17.36409030854702
122,0.7337102564102566,5.486661458333334,4.38892424242425,5.635453125000001,1.4789152298850583,8.240166666666667,0.6565721476510067,2.5234166666666664,1.3636340852130333,5.4296717171717175,0.7322193732193734,2.1104738955823334,8.381287878787884,1.9257070707070667,6.074682291666666,18.428154458088567,13.162506026999914,6.205724105063349,4.9708444310900495,64.33584431576507,438.2960614748299,92.64008452494939,191.6423828030626,455.5828869342804,787.1866691857576,17.104565631598234
123,0.43961759999999994,3.79954642857142,3.4950833333333398,4.87292765957446,1.398274324324324,6.604994285714279,0.40081129707113006,0.9537170305676861,1.426261349693252,5.556723076923079,0.44417543186180397,0.914599103139014,6.369212500000001,1.72927969924812,5.8169027027027,64.60221161555685,112.07473427424804,4.273152059575294,1.7460277557472914,64.05521689323501,572.9251960292459,51.919552497565746,243.31252090632915,514.5516619086266,776.9478810951114,12.428979389369488
124,0.11390696241528,3.29043604651163,3.16695041322314,3.9455977859778595,2.1000286885245902,10.4731,0.513450539568345,2.4931944444444403,1.4393143564356399,6.39881875,0.581313953488372,1.85348596491228,5.41956547619048,1.9069394495412801,7.92062595419847,13.066481079104626,17.090597073777946,4.973709733569816,5.479567316885742,14.369864067483379,509.4902124255895,73.99420719593763,247.88768496364355,644.6240469813347,439.9393917992711,14.6504957228899
125,0.5214270216962517,4.4125650406504,3.3614351851851834,4.417675213675216,1.5003758169934651,8.560183333333333,0.6593111490329916,3.1085488505747167,1.5600409836065585,6.782535714285717,0.6601021689497716,2.0902590579710165,7.606326086956517,2.3288115079365,6.853737179487183,20.94796269958385,37.04773801577596,5.643420173059727,4.34973264086971,62.756841193517864,521.4111064560711,83.52585912992556,220.2209512082239,521.2092190049589,994.6899178127447,17.02661393210292
126,0.17196706254948535,3.7877777777777664,5.090805970149266,6.9720119047619,1.6631015736766803,8.989341880341867,1.1492917903066269,5.516005952380966,1.4043727034120732,5.534302564102568,0.96031623931624,2.9833880208333334,6.4451638418079,1.882296875,6.5015906432748665,21.564588378297042,55.51507674150747,4.3562524414281745,6.637281212065907,58.49491216420822,506.4353036383788,135.50953784336647,215.1307494690021,476.0091193020344,896.3347567866246,21.358470742901165
127,0.313872842347526,4.214306201550385,3.35825141242938,3.980526666666665,1.0762795358649802,6.56658860759495,0.48347612359550546,2.087676923076925,0.91137356321839,4.536066666666666,0.4544054487179485,1.34925879396985,8.604888888888901,1.37844189189189,5.0129660194175,,,,3.572708602525627,,360.894831828773,73.86194774881005,171.55525274574757,379.49285469949245,1033.139240462333,10.790303349494934
128,0.6076546717171726,5.869995,5.5024574468085,6.941205128205125,1.3857276995305174,6.182992647058825,1.004674137931035,3.5462469879518,1.1987988372093024,3.7215652173913,0.92673669201521,2.266103773584905,7.276816666666675,1.569190476190475,4.253337301587299,12.998871682813308,43.79552568409308,6.0368964976786605,5.411682440423227,79.67505281094428,317.92063382454216,98.84790051728487,142.8866176865995,370.37512520328164,645.3098729252815,22.53117854706943
129,0.1437073231073725,3.30972282608695,3.305676136363625,4.7193798076923,1.1545398832684823,6.37846710526315,0.35404944375772496,1.26002205882353,1.2852455156950675,5.99021875,0.6062629796839725,1.9671381118881124,6.154331521739125,1.7415778145695375,6.603494318181825,18.674123061101973,82.82760049095336,5.846469452403457,4.254539437093356,44.14585961406102,491.4394288789481,81.53219823725522,228.78157324157655,554.3910840060562,918.5245784465224,14.447479043155909
130,0.40107910447761197,5.0102288135593005,4.62490322580645,6.34702142857145,1.040378167641325,6.0789948453608,0.3881697909156455,1.4007700729927,1.07613789473684,4.731391666666665,0.47551483420593355,1.36900629722922,7.09403424657535,1.51473766233766,5.22290404040405,15.954383070702582,80.58395384956795,5.1398548792584275,2.59639612436002,134.05719958545615,356.1354475095868,78.80815537646413,176.8490532413125,461.2916614860296,737.7433241344988,13.4518020786345
131,0.182576466354804,3.34064126984127,3.4037582781456996,4.222643410852711,2.09460218978102,12.1543783783784,0.704167341430499,3.48580664652568,1.9165404858299602,8.339955555555559,0.722699,2.03109108910891,6.0602422680412396,2.54641958041958,9.188743801652889,24.597482236622472,147.88834745142842,5.125361300519255,3.8839747071911086,16.070084121948415,727.3422088474035,81.19000121951103,303.45639679580927,785.6964832171798,831.9507353007793,19.316887483000755
132,0.202764973730298,3.36304347826087,3.07588390501319,4.2407851239669405,1.8748891089108901,9.74200917431193,0.39021186440677996,1.3208751608751599,1.4990414507771999,6.42948066298343,0.5742158273381289,1.87297576736672,6.7645298013245005,1.9919382022471899,7.936117187499999,22.126963284539926,147.85234230650624,2.8448161887893444,5.559248282553972,21.251883626382096,534.7691010683775,103.26460469514132,249.66753553599116,591.4243869483471,1016.1672020331026,18.505984917283058
133,0.5445693933823524,5.30896634615385,5.8052965116279,7.685164285714275,1.5483824324324325,8.8318984375,0.42275542635659,1.8566888888888875,1.4386923076923075,6.1087111111111,0.7318396946564875,2.179339015151515,7.2093,1.9037862318840575,6.5717687499999995,20.537900119973873,49.98915207024236,5.673883663876832,4.697983870513627,108.97014170439603,510.1973772980272,77.33911625109613,207.4645715765655,540.0085763540119,1022.3826451692731,14.074624050408602
134,0.3695932607215795,5.06181651376145,2.9057414772727252,4.478328125,1.557893063583815,7.645767605633801,0.9488618307426601,4.084783687943265,1.7704712990936549,6.553620689655149,0.8846666666666649,2.96036141304348,7.51340666666665,2.0568702290076346,6.67405421686745,38.23763899077134,77.92654754891349,7.655987395853812,5.02743090250772,29.86177408611912,571.0138590075076,108.54752035811543,218.11852930113673,521.7954399995506,923.1498348526657,21.084898617118597
135,0.51931546023235,5.012409638554233,4.8165925925926,5.8747962962963,1.3282384428223835,6.097036458333334,1.09484995251662,4.6829035087719335,1.0588595959595966,3.982807560137467,0.7822498274672199,2.5547222222222232,6.863453333333333,1.5236153846153833,4.6244611872146,15.292760157976517,8.592289039255334,4.434798118510574,5.228687626040432,54.97286563839424,381.01014991601306,98.26393021891515,146.1374651019772,324.0669534231226,508.9755014826854,22.047734819352627
136,0.520957630979499,4.91960633484163,5.68150264550265,6.33033734939759,1.9061222410865901,8.25537410071942,1.98609915966387,8.31399212598425,1.19826712328767,3.4091944444444398,1.19377444444444,3.46246464646465,8.27456153846154,1.7539592920354001,4.14263562753037,13.5792675599851,7.161525052972279,7.756960724396885,7.097971717090558,19.131072693185438,292.8722184151411,129.48049698024988,135.33891178667545,299.7128292918205,511.00638229399925,29.202713631093502
137,0.501960038517092,4.91790950226244,3.02931988472622,3.388,1.2388196371398101,7.19390476190476,0.501649350649351,2.09729032258065,1.33559692671395,6.23041145833333,0.657898857142857,1.9436068515497598,7.47348529411765,1.89056925675676,7.06953846153846,19.577905348496834,14.609466158370505,9.946502084232652,3.8755072089037803,131.56048324410665,613.735499791801,80.90725168585777,254.88454848527908,589.5028123632073,807.533017359674,12.65169121325016
138,0.49057694186614603,4.941,2.82290600522193,3.5593105590062097,1.40260736196319,7.7854604316546805,0.8876778350515461,4.17444202898551,1.0732305529522,3.9935331010453,0.743482535575679,1.9645740402193799,7.46387903225806,1.60651510333863,4.79162445414847,18.10677371831331,11.666856794176317,9.413146815472313,7.113919961819698,134.06121858799474,350.2876730635762,86.29260119050741,194.42166667431593,369.62644662708044,667.946576140821,12.907199561595917
139,0.11715798629988,3.33732432432432,3.1458187134502897,4.67579908675799,1.4295773993808,7.2776582278481,0.18329573442798502,0.629427444794953,0.914840889649273,4.596552419354841,0.168385498687664,0.612508050089445,6.14221341463415,1.5179217877095001,5.60891573033708,17.985776582328374,10.06965726094992,4.317349053335442,1.2925877490160833,132.62810082671743,477.3079650476575,57.79331550002098,278.888875618577,479.55610789358616,821.3246474042535,13.628206215798855
140,0.225073885848319,3.34133860759494,3.18348765432099,3.58352905198777,1.40994924554184,7.50073,0.183891444031113,0.670464052287582,1.5575276162790699,8.48769852941176,0.17047078028077,0.657725717439293,6.76879428571429,2.0668734402852,10.2628095238095,29.160631206477156,150.4876991339651,9.249160028150902,1.2989343688007209,18.853098301209624,629.0802732110023,79.11298889666796,256.1256056651473,743.8113214448094,1580.687751993537,14.403904788196087
141,0.467179861956963,5.188195,3.39215734265734,4.6419677419354795,1.99315972222222,11.26128125,0.661370520231214,3.00021772151899,1.5417551319648102,6.52472881355932,0.771044522968198,2.02863204225352,9.605449541284399,2.1825290806754203,7.01811038961039,18.29493596899703,148.77429976433731,9.384283877424473,3.84347059702425,20.3287109344855,664.824596606195,78.25701031833887,302.29203402996063,667.0558359473944,939.5004017278552,18.421816639602184
142,0.609511904761905,4.79518487394958,6.6611038961039,10.2710747663551,1.4923969780219801,9.24909302325581,0.764825821237586,3.75752688172043,1.35901172332943,5.73753631284916,0.821079096045198,2.01444991212654,8.88729268292683,1.77454132901135,6.015079999999999,10.337537797279804,11.641113531578773,10.14731923691919,6.910261782071583,133.4929161320443,394.21499241143465,109.09812990576029,198.0563858523965,382.5697582215071,422.4293865263462,15.550595708191395
143,0.3521604426002767,3.31102380952381,1.1135260915867933,1.2370340136054432,1.4900340740740734,7.442463768115933,0.35399040544723004,1.33467361111111,1.29751690821256,6.030133333333333,0.4666460704607034,1.5538917378917365,6.396916666666666,1.9229408602150535,7.222775510204067,19.16183827666094,103.11526456451082,4.681011215503189,3.0334430365539915,13.247517567051938,504.0782659004132,79.25308309495449,251.70597558220229,618.6781063054999,853.2660625254115,14.801928773522377
144,0.4028487365870534,4.470890243902433,4.010794871794866,5.871010752688167,1.7942752136752134,7.825902777777766,1.2314406779661033,4.875027397260267,1.2694928571428565,4.740962962962967,1.0322533333333332,3.31317737003058,6.0140338983051,1.7599907834101367,5.375392694063933,16.58828169079339,10.633320185538063,3.8616494943311093,5.624921186857116,60.98528679683161,418.8958943511049,118.10667347162962,177.8235969444116,421.51010129600763,737.0711692298452,20.079997678597767
145,0.49231840077071304,5.80563775510205,4.220581967213115,6.0770406976744,1.816940766550525,9.489956896551751,0.71074168646081,3.4139,1.6394757575757601,7.0482469879518,0.9597235973597349,3.205347682119205,8.9877966101695,2.201328512396695,7.736845070422549,43.32488075180783,83.85690302953282,4.3290093072380085,7.05692565258558,20.06649086158999,639.8700526915491,100.76877661049366,282.7644464559853,572.1051013097167,963.1832130253315,15.426496975123882
146,0.865666172106825,5.7592574257425495,5.1637837837838,5.4812285714285505,1.880943333333335,9.0439642857143,1.3227199124726499,5.99510795454545,1.4897230769230752,5.8502755102041,0.9116224165341801,2.771636842105265,7.7429328358209,1.9224560810810802,6.7495747126437,13.557128368888069,11.618545012382175,3.3274923586629535,5.7765579393763,80.8169230222943,417.4355650320649,88.49323494359851,200.7854636758566,420.5163102596998,604.2081047780812,20.344206131994724
147,0.8201167192429,6.7926554054054,3.1294938650306747,3.9408320610687,1.69532100591716,8.011604838709701,1.6833195718654448,7.909132812499999,1.1343073929961098,3.6965766666666653,1.0941235849056599,3.72548913043478,5.9257074468085,1.591372703412075,4.49642727272727,14.900924726152915,7.8253067711704904,8.470079598738936,7.753408286192665,13.767876277648975,416.4627054706216,131.34072069078684,144.8877388611436,332.52727007493377,552.2552412003279,30.13754030689597
148,0.7461030585106387,5.102009615384612,4.5341330645161255,6.02896875,1.6377499999999998,7.87655555555555,0.740201308139535,2.9101846590909126,1.7584283536585374,5.712274038461538,0.8364049079754601,2.323948076923075,6.768763888888887,2.7275074999999998,6.042244791666662,36.797641282100145,32.6024791769104,5.007339840600194,5.052974442424422,34.860387256769656,462.54785265773535,82.90681871585548,190.9873739350587,460.7147246133536,765.0918880244717,17.229749937541783
149,0.9285318965517242,4.789775,4.5371875,6.94240625,1.29003580246914,5.52072352941176,0.617169461077844,2.03097142857143,1.68772950819672,4.97981363636364,0.7827632653061231,2.23768913043478,7.30334,2.4358416666666702,5.24643809523809,28.7037514898635,26.928142239152713,5.138678429742335,5.296487512341737,28.878389361121197,432.7066382393241,79.27094586193562,189.02116222307086,424.3730613961816,812.0649098418652,19.01789102703333
150,0.19110634197617402,3.25914958448753,6.0718757396449705,7.37185906040268,1.78989391304348,10.294013157894701,0.5854611451942741,2.16704850746269,1.69897508305648,8.012570422535209,0.9239277730008599,2.70563432835821,6.79826744186047,2.53911980440098,8.819519083969471,21.452397416455018,26.443147121620825,4.9652382892764475,5.5600933118373534,133.9662512151802,643.900316208601,101.03064123541117,289.97366316616535,659.8781328648329,688.5626818984747,15.211710706353188
151,0.60888954171563,5.90674175824175,7.878116438356151,9.03692857142855,1.4486725067385449,6.0690769230769,1.41969656019656,6.05374719101125,1.16,3.84372077922078,1.172408675799085,3.85439338235294,6.75244,1.70766369047619,4.507903100775195,11.158537176375765,7.068527765274364,4.461177045792534,7.017872243663443,17.434500382584595,319.2135482095182,144.99834505841136,151.22339827939868,274.757097940892,719.6483085863292,30.75439017266035
152,0.4515307486631015,4.99282327586207,5.85088144329895,8.231632812500001,1.19953044496487,6.498203488372099,0.36611702127659546,1.35293593314763,1.640896103896105,7.3101689189189,0.442137551020408,1.332710401891255,9.14110344827585,2.0543537906137197,7.644528985507249,21.012274138100395,22.647620425087382,4.0520200812951135,2.591039921916189,133.04727701272057,604.4466164894402,70.7595027051866,288.1482942029834,603.2638717442751,1128.2191728241742,14.392950106412172
153,0.48431954022988327,4.897898148148133,4.005614035087733,5.489772486772499,1.6086019690576665,8.1137304964539,1.0654807321772632,4.1487912087912,1.5112622036262202,5.5194857142857,1.11139760348584,3.2295847457627134,8.470282828282834,1.8268410256410268,5.816188405797099,26.474542423954144,11.762900640217735,6.012272864641663,5.688271116608797,60.16078083960547,405.4747133826216,96.77617345005274,182.34878468016782,482.8421709438165,692.3969757432739,19.18249763548374
154,0.306128949615713,3.820805860805867,4.0410625,4.912495238095233,1.0012149362477234,5.530234567901233,0.38542938420348,1.5525088495575232,1.07863148148148,4.591421940928266,0.39861622041133,1.1105026455026465,7.030934640522868,1.5080413223140499,5.378338624338634,15.760822971573637,13.27024960098951,6.018591201574984,2.8534256060269345,50.40941225763431,459.2276255910595,53.72042457262675,191.33806539078554,471.3082530846198,907.9488925635815,15.331967733800411
155,0.835265734265734,6.75787037037037,3.0579771428571396,3.40332191780822,1.8760840336134499,8.87694805194805,1.9528778501628699,8.87985496183206,1.4351941031941,5.3737277486911,1.44434572490706,5.21102262443439,5.7720738636363595,2.06323487544484,6.59166666666667,150.18237752492186,11.396131284614965,3.703541139672248,11.219727582544115,132.38271726266083,438.8027125969529,187.67958972603083,203.2753312960267,428.11573948711157,441.4286930114031,26.72609407454729
156,0.5784154818325433,4.979846153846167,4.792512820512833,5.5868787878788,2.13,8.815800000000001,1.1741938997821366,4.388191570881233,1.7499315068493166,5.9240491803278665,0.97767238095238,2.5018953771289536,8.554208333333333,2.0940881226053634,6.436058823529399,20.399939060673663,17.30828238709341,4.5648143048152034,6.31941905575399,18.631574161309075,586.1342729379734,101.21146527429421,231.86150938272476,542.4515344202518,1128.6008637398481,20.631069007019203
157,0.322607650964274,4.91215246636771,6.205270833333331,7.43920833333333,1.0353345388788402,5.85785784313725,0.398137847222222,1.9384299065420598,1.80850264550265,8.635706766917291,0.788307956104252,3.37079344262295,7.5001677419354795,2.42342117647059,10.0009909090909,17.817891666823883,24.695960089066205,5.921461138356911,5.536598234097696,132.35974251572478,786.2681057304144,129.8682764172554,223.33369124680758,715.6911538913846,744.428695179522,20.199292339384556
158,0.50115367775832,4.01448611111111,6.39715555555555,9.0779609375,1.49500700280112,8.614183333333349,1.1397049504950498,5.98905789473685,1.10694504310345,3.986390845070425,0.728748221906115,2.239065637065635,8.461146153846151,1.565636363636365,4.30741869918699,9.69984940954077,7.856377158748825,6.278610175573622,4.257958853911365,10.056582087371842,336.6808174178004,91.68129181489348,163.23778545483947,416.22689459472895,629.5961793512106,21.090905647724867
159,0.3184699666295885,4.1878167938931306,4.758274999999999,6.6278269230769,1.591613702623905,8.80763846153845,0.568890486725665,2.498052401746725,1.45793732970027,6.45166847826085,0.72448427672956,2.0929086206896548,7.902429687500001,1.9381691449814098,6.8865512820513,26.558549189267335,79.53212240629233,4.827118195196382,4.932921631354431,72.84367291852027,513.4527222253382,87.1759606525302,246.338767465204,432.2977503761649,796.3475887663662,14.986249152570963
160,0.132823666494045,3.2550189189189203,6.112202380952381,6.7623290322580605,1.17055183946488,6.018184210526321,0.6931569999999999,2.6861995359628796,1.223831002331,5.24919634703196,0.848367540029112,2.5419063231850103,6.75422875816993,1.5977758865248202,6.040871508379889,13.360065512450944,9.873751907143864,4.316316534258589,5.558225105222282,131.30804543682856,300.8686238899827,100.27277749031782,159.23676546663046,396.9155717641115,520.522310398519,14.535989612340927
161,1.18646315789474,10.1294385964912,7.49558940397351,8.00155639097744,1.41176642335766,7.977520000000001,0.950196061643835,5.00965865384615,1.5185625,6.95710322580645,1.17552233676976,4.8942898550724605,10.679574074074099,2.20069142857143,7.9278625954198505,20.811721775317196,14.178264487657838,5.087896943115582,9.893900912174985,132.2348671162918,559.2987639829516,163.40701840817928,269.47709266096354,514.704454690218,901.0953363031149,17.417804338037968
162,0.8543018707483,9.47385344827585,6.9790303030303,9.60601,1.8263873015873,7.79576666666665,1.819205673758865,7.8145652173913,1.1694348268839099,3.8409266666666646,1.17682365591398,3.85943288590604,6.934345238095251,1.7562016393442599,4.49278244274809,17.23490198744975,7.846858515313239,7.898816864030486,7.785196068164623,10.714796533341035,289.08192180097103,127.08306312561035,141.08538161963224,319.01459442451596,738.4120486676693,27.303991373628378
163,0.5382890199637025,4.519578125,5.355925,6.30740217391305,1.4407565789473675,6.4883625,0.59099358974359,1.7871730769230774,1.2439558139534874,4.966310344827575,0.7312734986945174,1.96238,6.137087209302325,1.749279411764705,5.50606603773585,14.43201338693634,11.755058321677812,5.133179656071708,3.8821255920693405,15.243002929170608,424.60059630684555,71.69543532654643,189.4413901027292,436.435587471351,699.1482514422387,22.70907862111926
164,0.482913292253521,5.02506542056075,4.895061946902655,6.45696202531645,1.6041741573033699,7.43893846153845,1.05927663934426,4.27480341880342,1.232604622871045,4.700263392857145,0.71567001338688,2.300835317460315,8.1221515151515,1.77013157894737,5.4693691588785,20.16256380906285,80.89380526144784,6.820612056752448,4.896721122217206,75.9352549624237,449.2531646974385,90.46379709616303,189.1156774945557,437.92572105303407,581.7037425003946,14.23889771103859
165,0.305667525773196,4.081346153846154,3.02141388888889,3.526150684931505,1.691540404040405,7.1924938271605,1.37356347150259,5.35348333333335,1.341854166666665,4.99540099009901,0.924914211438475,2.8011407766990297,6.745506578947349,1.83888256227758,5.79134782608695,26.845483739766692,77.51480053160451,3.971794996784017,6.367916290868558,17.465428947467434,497.55300860852003,109.3746512196958,184.2055469751358,437.82476568594575,678.8918864913285,23.422297090291977
166,0.205903150733978,3.32754777070064,3.50238566552901,5.34003255813953,1.47097010869565,7.876346153846151,0.7300120253164559,3.85564436619718,1.53713590844063,6.74955882352941,0.646644779332616,1.9992656826568298,8.75272058823529,2.19350754716981,8.10897260273973,28.944398145329203,147.80212228326684,10.651695277043142,3.822849685715404,131.85135547084417,648.5730176791549,104.93167210370302,321.1973002180457,752.4644257500768,626.7306860536337,16.62790309637785
167,0.78709046961326,6.92887078651685,4.63321120689655,6.6905802469136,1.86816719242902,9.2125806451613,1.2701237623762398,6.0227397260274005,1.4933644314868801,5.814684466019401,1.111620950323975,3.81252960526316,6.35426875,1.994996183206105,6.21147849462365,19.524352223982383,11.548755322835648,6.877625459394221,7.781945903094124,26.433250123075094,504.00309264659876,106.98374826461077,205.8082609437406,474.7664323076606,723.2610019855201,25.694852229207754
168,0.563061650992685,4.19355284552845,4.369957264957267,6.832347826086951,1.6455809968847348,7.851777777777784,1.1223775100401598,4.701634920634917,1.4200530303030299,5.3251619047619,1.034396825396825,2.8044142156862666,6.669017241379316,2.2684612403100832,5.255859375,26.58554610205707,35.01490993890905,4.64458949079435,6.059198015125813,57.89098974416317,457.21327187493443,105.5671173768739,185.02521173407635,448.1755235853295,763.7085548291603,22.066248736033838
169,0.1212135083983915,3.3080342857142853,4.578620535714285,7.61765942028985,1.5804864498645002,8.37442857142855,0.6256375150784099,2.618883248730965,1.368345265588915,5.6926782178218,0.91755267857143,3.01712,6.04958988764045,1.9608679245282998,6.58035185185185,18.654403003110072,17.16360772072503,3.906371579061582,6.999563042755575,75.85537129493983,500.9790416806936,96.37643815949559,234.86929712817073,510.81489073112607,1180.5468471720815,13.987254351377487
170,0.629402994011975,4.95716525423729,5.06145098039215,7.83670588235295,1.70716124260355,7.662309210526299,1.444497530864195,5.9932117647059,1.618041547277935,6.28420731707315,1.39025930232558,4.721036585365855,9.275473684210551,2.163055555555555,6.4872611111111,13.510884824462075,13.732931376147945,6.5977408565442675,7.739781553315929,32.329463817489135,515.30433120206,141.59181155264378,203.08789098635316,437.54951329901814,625.8392939344049,23.283506743609905
171,0.3791009232728433,4.898454954954967,4.1350406504065,5.350283783783801,1.4817097591888466,7.4990652173913,0.5351247379454933,2.2212318007662835,1.4292549751243768,5.837849673202601,0.8326186868686866,2.3886354916067134,7.931702127659567,1.84616587677725,6.3554666666666675,21.03401507001824,19.797930944144603,7.034852395370307,4.724462923341924,59.89833447667255,449.93554862837,77.84705764303605,201.98847632855177,475.3648458669583,852.4840930476785,14.230368348459402
172,0.5750404505888367,4.996860360360366,4.2927725490196,6.103095238095233,1.7724192439862534,8.442842105263166,1.4813023255813969,6.6384968553459,1.5846550724637665,5.714461988304101,1.38680079681275,4.4554155844156,9.238944444444433,2.1472325102880663,6.1575430107527005,16.267507839611508,11.309677833429804,6.166218547288138,9.138849335015836,56.212196495210044,472.90137348075706,89.65565357357264,184.84080986430249,417.39246031890315,598.524526382486,23.004435934126377
173,0.3300030153508775,4.629329365079375,4.71147685185185,6.253989361702125,1.3077230769230774,6.768896341463425,0.48005619834710755,1.8918225806451625,1.4100975274725276,6.42322023809525,0.5337274436090225,1.5663214285714275,5.582239795918375,1.8609340277777775,7.147368421052626,18.094559373331577,50.62399103470543,4.47277239885419,3.5432554390301796,106.08407077618061,478.94653398543596,69.32179676368833,213.09606381691992,522.836996242404,725.3915711771697,13.248523464426398
174,0.225755677368833,3.26874719101124,3.0164617414248,4.56047659574468,0.966199632014719,5.40472631578947,0.231789708737864,0.63174697469747,0.591939165701043,2.63110628019324,0.234685844550586,0.621193942923704,7.36206289308176,0.9671454311454311,3.1803228571428597,,,,1.2952343205232237,,401.388737373054,53.83482202887535,167.69864596426487,414.7634841501713,817.7842479199171,12.131198309361935
175,0.7497751633986933,7.2927672955975,4.190563786008233,6.1940545454545335,1.4748447837150136,7.255340136054433,0.8026411845730034,3.0911555555555563,1.3223166666666668,5.1215671641791,0.8486906534325901,2.342844444444443,7.7123537414965995,1.89751872659176,5.8541262626262665,61.35771354464361,61.04011499695539,5.873545937497589,5.649199314546636,97.75835290314787,487.8821239496271,81.56845966974895,226.0255627334118,465.3872301181157,649.6647528062264,19.137561321258545
176,0.138732145163373,3.27999175824176,3.06796130952381,4.410435114503819,1.3379717444717398,7.69127407407407,0.43522270933801,1.96866776315789,0.920812230835487,4.07478321678322,0.594663030998852,2.01266722689076,6.8523712574850295,1.3199890909090901,4.62758964143426,16.36076403970855,9.859649107048241,3.5487452412765643,5.496977219421596,132.68586646740675,315.74664171785116,81.9055363535881,195.21880894899368,402.3988265544176,468.07327307760715,11.557014659047127
177,0.22064949651433,3.3365596026490048,3.132931937172775,3.47975,1.14307142857143,6.4993088235294,0.473667859984089,2.158489539748955,1.51108181818182,7.215175,0.661034629404615,2.031068897637795,6.10388829787235,2.118537037037035,7.838469230769251,22.656021911044267,18.960003848025586,2.821406767275687,5.618045006773614,60.97136383060416,382.44734751060605,100.88017443194985,191.76332280039787,397.8288732469082,869.7563083842397,16.89419150352478
178,0.4735455,6.689993902438999,2.9061175,3.59322027972028,2.27385114503817,11.06737,1.375744680851065,6.047773255813951,1.39641247002398,5.5437572815534,0.87865114235501,2.635745,9.94387037037035,1.66703,6.24403092783505,24.864302599920137,14.366238575804621,4.0443897657931185,6.277614744181396,13.615543771267776,488.6861424893141,112.77594603598118,189.23545721918344,409.3035822734237,604.4917507097125,21.44870813935995
179,1.1237162698412715,4.839961038961048,4.187913419913419,5.589991341991333,2.8712751322751333,6.261142857142856,2.0287980952380953,4.727742063492062,2.461478571428571,3.7800915750915762,1.7992363315696664,2.663657596371881,6.0753,2.754605042016805,3.911170634920633,11.315057642297381,7.694754091772104,4.859633014347767,5.605650929759414,23.55521895180118,346.43979077892647,87.08652707615069,134.6490146326167,290.9125660413078,497.8213237509841,23.17116152317751
180,0.158895573997234,3.3439318885448897,2.86379104477612,4.00080223880597,0.9565870967741931,5.49587878787879,0.157316415868673,0.64810849598163,0.7919378415300551,4.00252920962199,0.141883771631012,0.6303880108991831,6.11092528735632,1.12161160714286,4.52840677966102,14.598846182750686,12.700462399943873,4.966990418262153,1.291480656457527,19.946480968241318,389.8251336067915,75.14692842960358,146.10302168875933,510.50481852144003,646.1828947067261,12.785615399479866
181,0.64718,5.691465686274516,4.085441441441433,5.696333333333333,1.3213061728395066,6.589258620689651,0.49527147766323004,1.5615672043010749,1.536948,6.11075268817205,0.470717444717445,1.299054707379135,6.765729885057468,2.0724874551971335,6.371690476190484,24.49223946713577,15.49978618630316,4.360134500664308,3.1274876028395613,54.77449910780635,527.1096325789889,75.81093814224005,216.8789661178986,450.0207646439473,934.8722058348358,16.33698508764307
182,0.1089784820860715,2.981188725490195,2.310202,2.6025909090909103,1.89768525179856,9.355448275862049,0.47474262152777796,1.7762432432432451,1.596619834710745,7.0632922077922,0.62219674039581,2.22354338842975,4.90461818181818,2.177963562753035,8.133732876712351,137.09753346171718,104.16439161822272,3.5663926359655167,5.6696294443511634,122.01731628039607,709.5323875546455,93.89994665980339,294.12643052637577,714.4016097299755,912.1383191086352,16.544200479984283
183,0.57618177240685,5.65553738317755,4.55761811023622,6.039859375,1.972893203883495,10.41418604651165,1.32392513368984,6.1644095744681,1.2368315450643799,4.8292522522522505,0.8776671732522799,2.799158602150535,8.6575075757576,1.678122905027935,5.48640384615385,17.091544908077708,10.136462952006218,7.100227891868078,4.9012144943763865,13.48513823245347,482.1487236768007,86.25747868791223,177.4379052221775,448.347139172256,895.2984353527427,19.476853776723146
184,0.898001773049645,6.72646107784431,2.86158792650919,3.2139525222551897,1.9982025547445301,10.130247311828,1.2345140562249,6.23296341463415,1.75750088495575,6.58091082802548,0.7531446366782011,2.00341130604289,5.09539912280702,2.33939672801636,7.86487786259542,16.322351571199803,15.649101804248764,2.9361459342528144,9.758420672340185,63.151586215058984,630.1489425823092,150.4099229350686,303.5708097741008,689.8598279803991,547.9636834934354,18.074712716042995
185,0.2738356770833335,3.2875249999999996,3.6494500000000003,5.04739166666665,2.068934,6.93234545454545,1.021064423076925,3.3927071428571445,2.060772413793105,4.783189999999999,1.03056346153846,2.48911904761905,5.92853636363635,2.563284210526315,5.279680000000001,20.496793674790744,34.043843744308724,3.8708580250556017,5.349933614785895,37.39453314341428,421.6283594723791,76.62255200557411,180.67702534608543,417.0720523688942,655.3780694957823,20.17940510995686
186,1.2548342105263202,12.6122906976744,3.35292434210526,4.54588157894737,1.49816326530612,8.20442,0.418728512396694,1.89910128913444,1.55998694516971,6.825189999999999,0.716451634422949,1.95240439932318,9.69946218487395,2.05315122873346,7.737886666666671,25.341081445005226,12.721782797288093,8.306488372960043,3.7950790096020883,25.42484242645028,450.43209102004766,106.80502746254206,240.89079815894365,582.9686997458339,932.7942971140146,16.70562196522951
187,1.53701566951567,11.2750744680851,3.579780303030305,4.3563177966101705,2.0034832214765097,10.68472641509435,1.36149043062201,7.02374025974025,1.4577619647355151,5.5518804347826,0.831016962843295,2.457918803418805,11.734595744680849,2.001175862068965,6.47448484848485,17.284701182026513,76.59181865329414,4.416177485278532,7.777624956483053,14.402735374548858,553.6053562536836,133.68696672841907,204.13039019331336,477.5072680786252,968.0311311967671,22.109795827418566
188,0.43982690824980747,5.8482524752475,3.2698821656050954,4.019845588235295,1.9760109090909097,10.1828090909091,0.22124888558692402,0.94062972085386,2.00229655172414,8.2940073529412,0.3396889359129385,1.2700119825708052,9.00561016949155,2.4741716738197397,9.39748412698415,21.845257090439603,147.41858254218243,7.967913615233054,3.501925953079497,28.92637291652184,724.9054033309221,82.99946784973145,364.96936809271574,768.4970158152282,1267.2571931034327,15.736103523522615
189,0.40336979969183245,5.014481132075475,5.644617647058825,7.56972435897435,1.272264563106795,6.483556818181825,0.7688432203389826,3.11413095238095,1.2951221719457,5.140230769230775,0.7704879032258075,2.18106896551724,7.645371621621625,1.8603550955414025,5.6898173076923,46.6139431568664,12.864279771536674,5.3205371962008225,4.284793514884548,42.395478385084736,390.44825243763626,98.5546677839011,197.90056976489723,469.87157547846437,709.293398540467,18.978951266035438
190,0.207446623093682,3.2524243243243203,3.0664156626506,4.21875984251969,1.7452893890675198,8.943236842105259,0.381307026307026,1.25952905569007,1.42472794117647,6.37854037267081,0.577960561858455,1.92730280373832,6.07822142857143,1.8953849287169,7.60558666666667,28.15071443810964,21.24079383275304,3.542756078360927,5.562006133792688,17.1862322396227,542.2082031145692,106.69862385839224,300.323311239481,598.600204102695,992.5070917233825,17.258618026971817
191,0.36583823529411746,4.532186440677975,4.90580508474575,6.965384615384625,1.5177963483146075,8.467553571428576,0.5151860869565226,2.02468881118881,1.4860224867724876,6.832658536585376,0.66171761658031,1.8450503597122299,7.33209285714285,1.9612768456375849,6.98210714285715,19.867425670116873,47.6555293218038,5.580252827094593,4.2587189818023825,45.89849593481682,471.56523214653134,78.0938658863306,237.54448629915714,492.85432323813444,797.9756919667125,15.042570885270834
192,1.08899258474576,6.7583288590604,6.20361979166667,9.36256451612903,1.39586193029491,7.96530534351145,0.5384360587002099,2.1399271653543304,2.02858235294118,9.166608,0.752308547602502,2.07816457960644,5.7583444444444405,2.6363778801843303,9.956999999999999,19.366850558166547,30.7152242071873,7.675028005873305,5.51827865867074,134.02484685224934,651.9096903502941,100.33098515123129,242.93570313602686,635.7602076604962,737.8344424068928,16.491184942424297
193,1.3506073781291166,7.814251700680267,3.2551652421652437,4.158052083333334,2.001422764227643,10.2985701754386,1.2487415204678365,6.0165204678362665,1.29162047440699,4.574875555555567,0.9290549645390067,2.3027745098039234,8.825606060606066,1.5433102040816333,5.065727699530533,17.589568098378958,9.119461233985893,6.514200835477349,5.153531209779674,97.87905514180143,388.15933124472696,92.3653831705451,175.97969466199478,417.3309387018283,612.1099150429169,19.201395722726982
194,0.6261321070234115,3.989608695652177,3.1938276923076923,4.306251012145745,1.711613846153846,6.714323076923078,1.1091320166320153,3.588166666666669,1.4748833333333309,4.817051282051285,1.077822971549,3.1232336182336153,5.048063348416292,2.2111496881496846,5.079957264957262,25.518352709742093,11.196310969090794,3.482451844503542,5.715274016732342,55.34234880294151,474.1644558425133,99.84253690792964,178.08051600765722,427.9851017949673,541.7945490290339,19.347361432245144
195,0.17782879310344799,3.30305833333333,3.06047382198953,3.6806148409894,1.44141699867198,7.85495419847328,0.331849904658131,1.28742841287458,1.4334030808729101,6.56011627906977,0.5891567239636,1.80111267605634,5.49134449760765,1.90121647509579,7.59005882352941,19.2007219845474,14.066615700733418,3.517720642318005,3.8394308189134376,28.78791609120398,571.5779028832912,84.05104745179415,230.29358126223087,528.5046063363552,1542.1028947457671,14.660297892987728
196,0.524727713178295,4.897663865546219,6.21103428571429,7.56925333333333,1.3179858974359,6.7871497005988,0.394717776901853,1.51131476683938,1.1355887573964498,4.61918,0.7059450621321121,1.9300016722408,10.6421018518519,1.6094839228295799,5.44705128205128,14.63884430108566,9.802435950958722,5.070799502623032,3.7908656871769155,10.509306220915278,345.3787649050355,76.89076010137796,165.35338945686817,406.07049595564604,828.6817232146859,12.883497402071953
197,0.54848639112903,5.0661625,3.31188198757764,3.9432773972602746,1.40002876712329,6.4822419354838505,0.82060829817159,2.879553672316385,1.3295601965601949,5.53438775510205,0.973848780487805,3.2923125,5.65519270833335,1.9260464285714303,5.877091954022999,23.52117274409809,22.59495053447843,5.1251695560310955,7.061956477291087,21.281742905501346,486.432749312371,94.23173032701015,241.90184194594622,461.0854317434132,787.1307665482163,22.211496252566576
198,0.37873,4.141014184397165,3.15848125,4.15393,1.71606210191083,9.0496515151515,0.356484439834025,1.37498484848485,1.6204558359621448,7.6703142857143,0.4523022709475335,1.37751536643026,7.589796052631599,2.165355648535565,8.0953888888889,18.763642247917332,22.930796717353626,5.148641301699013,3.5328669326708693,76.04351443631106,616.5524013340473,73.54094414040446,243.8259427435696,639.4068943336606,896.9324640929699,16.1902979016304
199,0.8794032395566941,4.361815126050423,1.679615262321147,2.1817893738140413,2.485090686274512,10.192186274509822,1.1985329411764707,5.362068627450983,2.0282745098039237,5.859024509803923,0.9213513071895412,2.3437464503042587,6.288598039215706,2.4304989106753823,5.729994652406417,17.89104939296738,12.017256495163336,5.500789112881746,4.706950781303126,75.11631605699262,371.56272515216295,70.16665357000687,170.7032459842808,420.84198828567474,809.33977767606,15.6624530277708
200,0.5854989868287733,4.339511363636367,4.551992063492067,6.75458,1.7500527210884333,8.382284722222217,1.1185732177263967,4.53867441860465,1.486141732283465,5.026617647058816,0.90455980861244,2.32758447488585,8.096395833333334,2.1779329268292664,5.1514122807017495,23.567387074176082,11.966727434259928,4.799840317831066,5.286501112106935,62.76145862925559,451.93179200092953,88.63800127680103,174.7814705595374,415.11990906049806,702.4024069930116,17.83050053442518
201,0.6717374100719417,5.558128571428566,6.93599404761905,7.860286666666667,1.7601372549019665,8.520078947368416,1.5104649859943982,7.226972222222217,1.4887962962962968,5.035776315789467,1.1988402298850585,3.720079710144933,6.724684523809517,2.3222792792792832,5.486457142857149,16.189381421411813,35.70067886079696,5.039994448745557,11.246230321780892,38.92900342527981,489.44907418141764,146.1828942410648,205.4068259894848,399.4583540285627,568.080231702576,26.90731780603528
202,0.9220967184801366,6.085249999999999,3.6844478114478,4.4224037037037,1.7641825396825401,8.826196078431366,0.6139651416122,2.47971201814059,1.8518276422764235,8.0672361111111,0.75229791099001,2.3497540229885066,7.721629629629633,2.413197916666667,8.560528455284567,21.139559738822182,26.9523481081945,6.614752324937261,5.900312125788818,53.77992403211193,583.3725600192944,96.80076036602259,237.76776312539974,575.3944317499796,767.1258877962828,15.791427964965502
203,0.109248930512198,3.34328,5.94188505747126,9.33060975609756,1.31602688860435,6.6786493506493505,0.353851904090268,1.2819875156054898,1.1064783027965301,4.533464601769911,0.670955056179775,1.94857844990548,6.11735057471264,1.59325048543689,5.20313636363636,17.922947858138887,12.596557167123862,4.99208369565253,3.8561611645351617,133.06315586344385,594.7198951616883,82.46917277574539,243.64551063627005,480.42749986052513,769.8337081819773,13.506808318197727
204,0.5094027384324834,4.9766923076923,6.3695119047619,7.992692307692299,1.585955453149,6.596370370370366,1.6033277310924368,6.549557471264365,1.0688466076696168,3.3169478260869565,1.04516935483871,3.273,6.2878536585366005,1.5697612403100767,3.7239460317460336,20.073818905028944,7.668622616623786,4.591031928834455,7.576115919841566,18.87273158587419,316.1248052492738,148.76868420590958,162.3079258327683,300.50155861924094,518.5002771516641,28.664999020596344
205,0.673019893899205,5.88352688172045,6.7060249999999995,7.14213414634145,1.3915649867374,5.196710784313701,1.32819585253456,5.190425,0.9673387888707049,2.7455889423076947,0.9588253706754549,2.694946700507615,5.99116666666665,1.466927989130435,3.30664534883721,14.226461056585022,7.113906326937357,3.633687084538379,7.033990923758105,9.317945885756744,368.8068827614188,101.24173713847995,108.49025566130877,244.28025353699923,355.760776437819,29.7258491627872
206,0.19867217484008498,3.28390532544379,3.06886819484241,4.20973703703704,1.4833603473227202,7.61656716417911,0.38794376790831,1.26832033096927,1.1416499477534001,5.09358407079646,0.5612438435538389,1.84368760611205,6.74447741935484,1.4812711409396,5.85830939226519,20.420218655667647,14.076591378998518,2.820590651637725,5.570611428619746,131.37414865127752,354.143837466836,103.86628564447165,215.26801865547895,530.1966099068522,860.0817527621984,13.221008703112602
207,0.18250615961435468,3.4003729372937337,3.9617990867580004,5.906398692810466,1.2368006756756766,6.554326923076933,0.3901187702265367,1.3722819593787332,1.348576115485563,5.886022988505733,0.5721339662447267,1.6612753623188399,6.745101190476199,1.69119217687075,6.0480729166666665,20.302375298031173,57.473511620849344,5.698247545886386,3.7071926365416146,96.62645341949599,404.22941092401743,79.0454214438796,210.61825100332499,501.29969604313374,829.5290948202213,14.184430862466494
208,0.257148917366328,4.111367857142856,4.71957831325301,6.266298507462699,1.558358695652175,8.94257843137255,0.357668,1.412546004842615,1.45102957746479,6.5113670212766,0.452535546875,1.350228971962615,7.896938461538451,1.8362263157894751,6.88407386363635,15.714784386884213,80.72957283718222,5.472367566106271,2.5833798992490684,73.82954627482093,494.06923353672033,65.56134903803468,230.38259241729975,633.2227610982955,1094.9344956316054,14.303147327154875
209,0.8204581464872933,6.087532338308467,3.6343569023569002,4.604168627450966,1.7375754560530667,7.967659090909101,1.3545491803278698,5.916442176870734,1.1996277602523666,4.0904297188755,0.92745238095238,2.5419633333333334,6.0519265536723,1.6899422442244234,4.8445357142857,14.16772955143199,9.045951699483378,6.801688755662833,5.156260887350729,9.551437916454718,369.5053436482946,91.37207331756751,157.53486659377813,327.19090425719816,647.5010265906652,24.42766757061084
210,0.487633532423208,5.7092623762376,6.0831185567010495,9.2617131147541,1.9445569395017799,9.3650655737705,1.7007879310344851,7.7405357142857,1.6464620060790252,5.92520833333335,1.15760987903226,3.4772080536912746,7.88255384615385,2.184200787401575,6.376636363636351,17.259201462286512,13.629492563031702,5.072428655487039,8.452825928483918,35.44164655713289,491.4661403745413,136.38996751978993,199.12992138415575,471.68831806629896,1089.1787824220955,26.253308169543743
211,0.6975215404699749,5.81857425742575,5.02565789473685,6.966208333333349,1.964813186813185,10.8589255319149,0.88865450310559,4.416066406250001,1.8102570093457948,7.35335714285715,0.94055599369085,2.37880888888889,5.977546875,2.324829694323145,8.15402,25.092747787737167,79.59428495140223,3.654473321045105,5.597425965419129,22.374448598447742,514.2155452631414,100.21289344877005,240.983534604311,610.5472566559911,998.1907438486813,14.694395940750837
212,0.4456384083044985,5.3601813725489995,5.16497345132745,7.68644666666665,1.6340283286119,8.1394090909091,0.527511029411765,2.5302014925373153,1.6409507042253502,6.89681927710845,0.76629262295082,2.11222242647059,8.972796875,2.23195849056604,7.2489038461538495,20.627455680719898,84.71152606758125,8.402268529919052,5.633115356611255,27.43419185096465,611.2270057201385,112.95736767351627,276.29606192931533,498.65717301145196,814.5821047946811,17.644744366407394
213,0.333912980209546,4.183834615384615,5.9740894736842,7.1002,1.2864824120603,6.16340476190475,0.4184069279216235,1.50950420168067,1.6510115942029,7.3352846153846,0.8008590844062949,2.551255555555555,7.86757971014495,2.19438976377953,7.58844776119405,38.080458902083315,84.5007989129208,5.581644013573923,5.672796433332802,89.66777794020783,670.7574939355254,84.20649683102965,242.63655068352818,683.9697016403079,1150.7789371535182,17.032597679644823
214,0.81413603988604,5.81178260869565,4.561369047619045,6.3666823529412,1.709948387096775,7.61501470588235,0.98036097152429,3.9187796610169503,1.4439164677804301,4.82204716981132,1.04341423357664,2.793618357487925,6.693587209302301,1.85979211469534,5.4454857142857005,18.95354913976923,21.886707245220194,6.812271996230211,5.690078490234765,76.8213065624424,446.4761237613857,100.86307302117348,202.5908906944096,436.05592800304294,799.9422843568027,22.506306413561106
215,0.30592218246869396,5.0446619718309895,3.38802046783626,4.27329460580913,0.896738938053097,5.05353431372549,0.293206388206388,0.683160523186682,1.1510786948176601,4.93427685950413,0.279385651322233,0.661233467510063,8.234204379562039,1.58357437407953,5.30388546255507,17.54681992111109,12.756262383564962,5.068317379725777,1.2934400397254269,13.252707718436323,318.0887782946229,58.978027664124966,149.857671931386,406.4461216330528,666.9243099167943,13.073300942778587
216,0.942630397236615,8.43417829457364,3.03879521276596,4.1641814516129,1.27966741071429,5.1246,1.3059490373725902,5.125500000000001,0.955649138712602,2.59803579418345,0.9675081967213109,2.5613265306122397,9.62358095238095,1.49495294117647,3.33739867109635,8.781064767016163,5.22489137691011,4.257483076716847,5.521698011633607,8.583712366689927,290.42831156402826,109.2392485588789,116.5156252682209,240.38483388721943,394.89108603447676,23.68090208619833
217,0.609579166666667,4.98944196428571,6.48316981132076,9.399675,1.59578595317726,8.766028985507251,0.5666492353231379,2.70348148148148,1.9714725274725302,8.467659420289861,1.0098519212746,3.36098055555556,8.11865957446809,2.55780794701987,9.67084090909091,33.476769341127344,49.22364834440544,6.620905403040855,7.099261891527038,135.9287736339079,583.1015296280384,95.20088788121939,250.9259153157473,642.4096878618002,859.8765358328819,17.51389354467392
218,0.2705574162679425,4.731973214285725,4.834875,6.830148809523799,1.35246889952153,6.634,0.809821314102565,3.226030219780225,1.20116902834008,4.585079365079375,0.7172016706443926,1.9539732824427476,7.3024527027027,1.5806337209302324,5.12013725490195,,,,4.233227721301778,,329.14610928855836,80.65353031270206,143.9104729797691,420.50142656080425,807.3178993072361,16.255525406450033
219,0.26620208333333334,4.3754347826087,4.346416666666667,5.658828431372533,1.3548634085213032,7.554426666666667,0.33991754756871,1.5986556473829199,1.3022512626262632,6.000549707602333,0.6243042735042733,2.08412658227848,7.463748299319733,1.7466974358974365,6.8070718954248335,17.691930507451,17.56844373091288,4.512114026146338,3.955232384294268,14.257431831260165,520.0708905855814,84.10451312859853,274.5491142074267,543.1756687661012,862.7493943398198,13.845995999872684
220,0.30320860341779604,4.10273015873016,6.0157193877551,7.9159433962264,1.93962213740458,10.28802586206895,1.4387831978319798,7.244271929824549,1.02769747081712,3.34896794871795,0.9517504743833001,2.665567357512955,7.1565125,1.5443936170212749,4.006306569343065,14.324296435420008,8.555041911150003,4.70598018083708,5.613183540696504,13.71513091700896,337.83927792683244,93.65825681015849,136.88354520127177,404.86695943400264,599.4787905365229,22.507808171212673
221,0.549627296587926,5.07293548387097,3.43504333333333,5.215898550724639,1.33774148061105,7.32921153846154,0.399662510056315,1.4512661596958198,1.5388838451268398,6.32297765363128,0.708927119831815,2.02304452690167,10.3665765765766,1.94712815884477,6.89287,17.993259564330298,145.5572956601415,4.478624204312583,3.837722457319597,18.759149212931817,672.9718297719955,80.41905239224434,236.662314273417,359.4850888475776,1038.8016235083342,15.408801846206188
222,0.4883578899499767,4.935303418803433,3.2955258620689665,4.1183608247422665,1.3244195402298866,6.259011904761899,0.9668474295190701,4.128134920634934,1.1309361936193632,4.2695823293172666,0.8934309346567401,2.747441734417343,6.4565649717514,1.5182347222222232,4.9800593607306,12.99030542460453,9.706278671791866,5.702042705529869,6.636516890301798,12.632474311647469,354.0813146779935,117.11372838666041,169.18142791837454,421.14220559597015,871.1215341463685,23.9404384046793
223,0.6864685089974301,5.8569893617021505,5.107165,7.0025671641791,1.8568924731182799,10.186490000000001,0.90660657051282,4.538763157894735,1.63924787535411,7.02025342465755,0.899708523592085,2.5002853658536597,5.96496875,2.1194759036144597,7.53798484848485,19.88184587720237,16.726000875617693,3.653335686061099,5.6205676325893315,76.12550559765155,566.2761395797133,75.43448591604829,284.1531066223979,626.10087916255,792.4211560748518,15.888502821326256
224,0.9964299516908199,7.21562,4.105897727272733,5.8762058823529335,1.8459247311827964,9.478308333333333,1.3783405017921133,6.461105555555566,1.3486850490196067,4.644447154471533,1.0634725274725267,3.0753040000000005,7.2033653846154,1.7801209302325567,5.2414427083333335,21.456810229527928,16.818548197182782,5.78076429274737,6.117083833475378,15.980937157747029,436.00146503498155,107.03306955595811,171.76580925782523,401.4544887468219,710.4713392133514,25.18210094422102
225,1.5198212209302375,8.7545,2.4221304347826123,3.1982446808510625,1.7688483333333376,8.970357142857136,1.3106781609195375,5.6795,1.441457920792075,5.137810185185188,0.94308394160584,2.7084740566037753,8.059875,1.9155914179104498,5.241346153846149,65.78293752228157,29.31228592179376,5.676726510543124,5.894669981569176,15.631780221359996,425.14051019679755,109.61535153910518,186.00277253426611,426.6899108188227,727.9649988049641,21.217475295998156
226,0.161327544704264,3.2855974440894604,3.0511618497109803,4.18376,1.07448619329389,5.87483734939759,0.191679531959483,0.624290909090909,1.13025522552255,5.13737185929648,0.17822061891516,0.622133944954128,6.6897784810126595,1.64571184022825,6.43457222222222,19.02535993950795,14.120925175038135,3.539481611873711,1.2956966486048636,26.53373245026986,485.1193632930517,84.8311698064208,230.30703887343407,520.8170972764492,1001.7509339377284,13.884995132684708
227,0.145674220608489,3.32571751412429,3.04148189415042,4.5640973451327405,1.1739714867617101,7.12663448275862,0.157060887213685,0.602355968169761,0.924003,4.79894583333333,0.14505322371267798,0.5898421859039841,6.14404255319149,1.2568004314994599,5.35344651162791,20.861866911789985,9.878373151408997,3.5727045824179715,1.2816633628480982,133.7235765305633,376.4714812859893,83.14854931086302,177.02833283692598,436.7836285382509,642.0866120606661,12.291898019611835
228,0.6663435462842251,5.9756923076923,6.3778791208791,7.74430303030305,1.57327868852459,6.212373563218399,1.064150183150185,3.6644681528662404,1.20215037593985,4.332402439024389,0.97067909090909,2.4569021276595753,6.6617628205128,1.531684640522875,4.7374014084507055,14.25228584100608,7.762819522445048,7.2021015145690965,5.625908967106955,75.3963359721789,326.28142507746816,82.31513202190399,154.71854712814093,377.773295622319,747.388694435358,24.09945009276271
229,0.602340200117716,4.91514479638009,2.84843672456576,3.1965067385444703,1.31643483870968,6.75394409937888,0.49240849056603797,2.03955864811133,1.31562926136364,6.10946666666667,0.654777529346003,1.9500177935943102,9.58167924528302,1.8841849462365599,6.98445508982036,14.568705632860812,11.276513784761173,3.729978076645914,3.8365639950980945,19.387779836923137,491.5282363072038,79.41529620438814,259.9170897156,452.9608879238367,574.5927570387721,14.846702106297016
230,0.193158143939394,3.7527275862069005,3.3287870967742004,4.47273913043478,1.397459863945578,7.55638620689656,0.369856634304208,1.350692105263158,1.345024858757062,6.30676756756756,0.59960320855615,1.9720859649122797,6.89407333333334,1.7433821138211378,6.21964210526316,19.131898120305813,16.441862314040424,4.823749567632583,4.58330324301373,40.57145919769554,439.0066023916006,72.39904254674911,223.93993102014065,517.7822196856141,870.5302700400352,14.969580806791782
231,0.308844031193761,4.10990977443609,4.62629435483871,5.55244897959185,1.251576288659795,5.78879545454545,0.9562305605786601,4.051279411764705,1.091083018867925,4.184945255474455,0.7430841874084899,2.494915584415585,7.4438589743589505,1.567904569892475,4.67624537037037,11.937209220020355,13.014064432275655,6.709007526713183,4.9095177883984205,82.49138404262001,346.3951055891812,114.16405905038118,153.63040147349238,380.43424719944596,466.19821805506945,20.813103765249252
232,0.201693870014771,3.253575,5.74415217391304,8.38482,1.26850412087912,7.37293630573248,0.418168424753868,1.35110477299185,1.1554482412060298,4.917483253588521,0.746787,2.0418490566037697,6.1672023809523795,1.53187977369166,5.34921354166667,14.944958441620267,9.835234610044985,4.977571218922911,3.7967775573175566,132.2239623031788,464.69680964946747,83.7668078020215,181.76487646996975,380.65286353230476,706.880958750844,12.50552013516426
233,0.450284837861525,5.0727982832617995,2.87086138613861,4.43112355212355,1.73437190082645,10.0870480769231,0.505034580767409,2.04887452471483,1.28720814479638,5.558837320574161,0.712583111702128,2.0627414829659303,8.773403846153851,1.80370847457627,6.24344565217391,17.955449922781078,26.074362217912935,7.52634481693048,3.85323764614384,133.77126310708758,593.2766711339355,81.15838281810284,229.5097103342414,575.8202169090509,1105.4513975977898,15.482003800570965
234,0.4906125319693095,4.94297844827586,3.380616352201255,3.9656195652173896,1.3271126237623752,7.916184210526301,0.4398690987124465,2.126754098360655,1.42909857142857,6.74899342105265,0.62388921800948,2.02731692913386,7.753651515151501,1.994923076923075,7.554779220779199,26.691673998053435,84.42165262143033,6.741550016629575,4.870783760284659,72.68898752306377,558.1607576459646,89.77324469015002,273.8876501098275,524.4838539510965,840.8535039052367,15.410955529659986
235,0.2327852813852815,4.1717328767123245,5.22140789473685,7.1391625,1.811644736842105,9.050034482758624,0.535753216911765,2.1918193277310927,1.68033814102564,6.315072222222225,0.8664344879518074,2.4196712962962974,6.814530487804875,2.1237267441860475,6.805639534883725,18.613032412766195,116.54137866187746,6.101630929692826,5.382570482918418,58.43621546642257,516.9079347979277,75.95987408421934,231.31152847781777,530.345062725246,773.4697661362588,14.554877998307347
236,0.207066613000604,3.28130120481928,2.8456464088397797,4.23342066420664,0.8351461361897471,4.41598790322581,0.305317709795116,1.30490909090909,0.8553109118086699,3.78314338235294,0.520650639611822,1.83957679180887,6.11702617801047,1.16473108384458,4.597539130434781,13.172036798391813,8.355848463372116,3.500836646817594,3.8133469297527456,131.53103402982768,330.42910508811474,80.27886506170034,192.94479861855507,346.61206882447004,1192.149892449379,11.80809922516346
237,0.466465803318495,6.52661585365854,2.81576424870466,3.8378249158249202,2.1998407494145202,13.094639534883699,1.0055029182879398,5.87536734693878,1.60452366863905,6.65428,0.692303092783505,1.9740428082191799,7.912062500000001,2.0093062880324504,7.8713014705882305,24.304381499223133,146.98840065218434,7.617050264749231,5.558441873869195,17.447909731640426,804.5025868341327,126.67151167988777,330.19748516380787,695.7819685339928,929.7881508246064,19.19390633702278
238,0.43021117779444845,5.7894680851063995,3.287901129943505,4.042124113475174,1.2529598540146,6.7045747126437,0.3295807692307695,1.300751121076235,1.305744845360825,5.9297409638554,0.397053670360111,1.308923076923075,9.21577966101695,1.815017667844525,7.4951753246753,18.68233562587552,15.715593884424978,6.3736282874920445,3.472365018863448,73.0397790652695,640.1859689503908,76.95908425375819,253.6562504246831,534.7045254893601,600.4879251122475,13.630092144012451
239,0.46682466635987097,5.0679270386266095,3.18017079889807,4.40035802469136,0.952804744525547,4.95835096153846,0.308587921348315,0.679124478856462,1.1909532710280402,4.89046305418719,0.306523212759897,0.654576747224037,8.440162601626021,1.57758386075949,5.27865437788018,16.136392824613043,14.388615076470803,5.046175072126583,1.298971312075162,14.515382977617064,423.0586811900139,59.14759822189808,179.00653183460236,466.2161925807595,588.0605429410934,13.602105900645256
240,0.4824433724832225,5.855305,4.869572115384624,6.3998152173913,1.6300404191616775,8.791522058823524,0.9888504901960775,4.5364880952381,1.3831243455497375,5.5369903846153745,1.0702292531120325,3.5845927419354746,8.0796388888889,1.8699440789473676,5.6845611111111,21.373519181362013,15.671628992311248,6.752832585997389,8.237882070228084,86.83362022300857,525.2458271570504,116.77202419377863,203.6941412370652,523.1111019384116,738.508824724704,19.080896163359284
241,0.3590174002047066,4.981799145299133,4.424865853658534,6.074348148148133,1.6653538704581365,8.842983739837399,0.7362480286738368,2.8301968503937,1.6986194563662365,7.518000000000001,0.7104180478821366,1.9456014492753633,8.556916666666668,2.226136452241717,7.614794871794866,21.366671340152333,70.0128225290526,7.261905951002927,4.216243173829294,54.307828200102996,482.2328919544816,96.95667928705613,223.9275723695755,603.6449534197649,799.1872650260726,16.107029902438324
242,0.288715914724839,4.17490076335878,2.89743442622951,4.248568000000001,1.14083510638298,6.0722157894737006,0.29238952164009097,1.3354803240740751,1.1774155251141551,4.6971779661016955,0.61465872156013,2.02974007936508,7.2258875,1.560357382550335,5.59277160493825,14.850056483204513,12.195862269157697,6.447790628153447,3.8828981778700213,133.04085901385042,384.7141284495592,75.64370753243566,181.41126492992043,407.90181374177337,872.6313477382064,13.012753333896399
243,0.16661606632361334,3.086011396011397,2.8411962365591403,3.1748826666666665,1.3536502732240434,5.573174863387966,0.67888122605364,1.9672272727272733,1.4937855072463766,5.040670995671,0.9932072968490867,2.61934,5.0722708333333335,2.2176763565891466,6.327716981132067,53.107260449986825,10.9806147350944,3.329669978178043,5.7707911766751465,15.568544497924456,529.7669985642036,104.13939598947763,268.38774016747874,464.1803679987788,588.3845578258237,19.16800004740556
244,0.466706154558075,6.0349793814433,6.07761256544503,6.70571176470588,2.2212837837837798,12.1489493670886,1.7087390029325502,9.210239999999999,2.03253778558875,7.82713,1.6681847041847,5.70821390374332,8.24453658536585,2.73670388349515,8.57974107142857,32.34819106309547,17.61284568373119,7.653989896940578,11.16149573571746,26.607980386678637,714.4748931750655,193.43341700732708,278.4914569929242,641.3044407963753,948.0472886934876,19.217608496546745
245,0.955511551155115,7.177886666666667,4.9346623931624,6.558298850574716,1.526483918128655,7.250339743589749,0.9595221579961467,3.6993090277777836,1.8916105072463836,7.278891025641034,0.975466475095785,3.308313888888883,7.9069365079365,2.5803755868544664,7.314173913043483,19.63047998211291,37.930891959797414,4.805423855842297,6.591488575982095,48.06577807801917,515.4350850110253,119.71769078324239,235.97717129935822,531.4850442421933,616.3873127661645,23.110967595130205
246,1.0564660107334538,4.467166666666669,3.7117,5.473928571428568,1.5860728744939308,7.651426573426576,0.7650194174757285,2.918585607940446,1.3595671447196847,5.373038461538461,0.7323398486759147,2.2691196581196618,5.955706293706293,2.0472064777327925,5.753781065088754,27.792279644618368,22.499088281878183,5.3830088803281715,4.979722557856999,37.35499548950519,428.2146943016694,84.79806666190808,185.24012456719691,411.17171506182507,701.7813802052003,17.91370674394644
247,0.516358087487285,5.0166028037383,2.884065217391305,3.609758278145695,1.24012962962963,6.15987647058825,0.2822374573794445,0.9711531531531549,1.0902594810379251,4.7243632812500005,0.4233106657122405,1.293564039408865,8.378797101449301,1.5215960000000002,5.3190596330275,13.188519138690422,86.69017473652798,7.296855478627794,2.6044028142283118,70.81226156427647,438.34440875798464,60.75989222154021,182.2732505388558,442.51669896766543,614.7372536361217,13.124046381562948
248,0.10323390074754599,3.32908049535604,5.9691988304093595,9.184750000000001,1.2977507002801099,7.44673376623377,0.37611776061776103,1.3351824480369499,1.0690832466181102,3.78064590163934,0.589733744394619,1.87681056466302,5.40109574468085,1.29463932448733,4.81917991631799,13.073326647794987,9.754743819531477,5.722336776504588,3.8413743907809548,10.441508646446843,350.34019965678453,75.15433244407177,176.34944524616003,415.037851780653,483.50291326642036,12.581096962094307
249,0.477739457202505,4.94496595744681,3.21423642172524,4.59084980237154,1.7362299382716,9.611018518518518,0.520709593326382,2.21664603481625,1.9619337860781,8.587862068965519,0.7077886393659181,2.03256324110672,9.499401869158879,2.39795081967213,9.04518181818182,31.89205235286385,149.55290129703235,6.0429587182078395,3.8695570251805282,135.01369752194537,673.2699694111943,79.83760442584753,227.50888019800186,649.0293657407165,662.9064213484526,14.050491154193878
250,0.927002752293578,6.88526174496644,3.40520454545455,4.99190308370044,1.75093323216995,9.77478947368421,0.882978988326848,4.34649789029536,1.877385,8.32791056910569,0.790211328976035,2.02576254826255,5.136827380952379,2.26341520467836,9.32795412844037,22.516777059020402,15.68992007317176,2.9268397619825848,5.484721630436364,22.679444519948923,615.6544201076031,100.49492120742798,358.49425476044416,566.5216129273176,987.465982325375,17.1988969668746
251,0.7010371959942782,4.648662280701751,5.630021505376351,6.9040714285714335,1.4357669082125601,7.601526666666667,0.6402002200220017,2.3696779279279334,1.2199363057324832,5.250077777777784,0.6655618556701033,1.8776739926739998,7.904548611111117,1.7194104938271668,5.086428571428567,16.15492091200064,57.528279581747235,5.827806977563661,4.501322907967776,62.327555189242936,378.1052112268905,86.38509316369891,190.76848790670434,397.15519718204933,621.9120540966591,16.798331247021753
252,0.31891323570047,4.092496428571429,3.3205267857142857,4.281783673469386,1.614112244897957,7.905789473684215,0.6600137142857143,2.703981818181814,1.5859083850931714,6.600779220779215,0.8083797736916543,2.3812121848739425,6.232375,2.375569160997728,6.4316071428571435,24.328126405727858,78.08354874807887,5.514071607988506,4.56787728885614,35.36544691598112,498.2110412259187,90.89610539376736,237.4054564695273,469.98490912041495,670.7996429343309,14.145100223166603
253,0.5319867906066525,5.3722843137255,5.638494791666675,6.957391025641025,1.71384090909091,7.887117647058825,1.22414039408867,4.9691521739130495,1.1714760869565226,4.2596333333333245,0.9724071969696976,2.729813829787225,6.378548913043475,1.59369760479042,4.49455384615385,17.814310008710486,9.195736386852047,4.797411141284622,6.154450485886714,77.5057894719927,326.21510908938944,94.28972261957824,161.0615523532033,380.03750960342586,697.8039920795709,21.15644747391343
254,0.3601611747851,4.55001171875,5.3285,7.362461538461551,1.5906615168539324,8.83439285714285,0.7656741071428576,3.0890705882353,1.2800412946428574,5.413345744680851,0.7130152777777774,2.06573282442748,8.049114285714275,1.7714596273291925,5.845892857142849,,,,4.994216102257374,,454.06067511066794,79.65712575241923,199.0276447031647,496.7242188286036,884.665478952229,16.320450231432915
255,0.43962091222030997,4.99081165919283,2.86840099009901,4.0645867158671605,1.23133413173653,7.59993382352941,0.50184626719057,2.14379285714286,1.10413431269675,5.055638766519819,0.6757162162162159,2.08517466410749,7.39747552447552,1.51159484066768,5.36715277777778,16.41607988795989,9.829509816184114,7.531049645128467,3.858147593557708,132.98748300761048,364.9207763373852,81.58409036695957,167.23854932934046,411.0869951546192,1027.290616184473,12.691016308963299
256,1.0654074074074054,4.7302712550607255,3.916566801619432,4.636109311740889,2.3037129186602896,7.008364035087737,1.2362239641657315,3.4675187969924792,2.4109144736842105,4.955426315789474,1.3346327751196159,2.551521739130437,5.924767543859632,2.705320574162679,4.882315789473684,18.715991478862133,18.28387890983768,3.9384244787251967,6.136776460758245,28.06407852314358,424.4421008288076,88.30654949538018,166.8924992707999,395.11831648843855,651.8663679200567,18.993842317477654
257,0.13739415766306498,3.2180769230769197,5.96033157894737,6.621942675159239,1.50073490427099,6.358671957671961,1.55187808896211,6.41364596273292,1.12409751243781,3.29078796561605,1.1601506572295202,3.2597454545454503,6.85447305389222,1.65690598290598,4.01106766917293,13.370802991364217,8.64158213224179,5.765564928119558,8.44109338351882,11.506874950025837,422.8123929351568,151.5124924480915,158.86547043919563,305.3348744288087,524.7154273092747,32.98311494290829
258,0.23916184210526303,4.462262962962966,1.1124737344794666,1.2320910165484633,0.9007068062827234,4.970797101449267,0.231887667097887,0.65004116638079,0.9030060137457032,3.8373745318352,0.2226500968366687,0.6253075684380033,5.568752688172033,1.3861871980676332,4.490759259259267,14.289173559189047,10.133065243546481,3.8062067841209135,1.317385181054901,9.753768964116512,301.81517358869314,72.93842888126771,191.43396833290657,387.7305658534169,732.3882620160779,11.941767297685146
259,0.421048979591837,3.4642612903225802,2.39736756756757,3.35053611111111,1.81808928571429,6.91774,1.01537575757576,3.610316,2.22331739130435,5.2922047619047605,1.0911558823529401,2.5880824999999996,5.53063333333333,2.9727615384615396,5.30229545454545,34.23050719849725,39.062848503222924,3.5974112265829357,5.938363013560382,42.07758653136989,505.2394769154489,110.74474779888988,216.3040777668357,469.1747738979757,763.8564589433372,19.34712054207921
260,0.6163601156069349,4.98147247706422,3.067896907216495,3.673506993006995,1.78363268608414,8.8330076923077,0.7568794701986751,3.516454545454545,1.7070565217391298,6.767965116279051,0.7564318862275451,2.0494247967479646,8.562658333333351,2.217525862068965,7.230892405063299,19.68444857071216,27.93804107543273,6.301502750904459,3.9136773737849593,21.8095123039467,510.3657953441143,74.6385077945888,237.22671903669834,492.44116526097065,917.0375647954643,14.3172568641603
261,0.40581700927045666,4.988768518518533,6.393322222222234,8.859341085271334,1.2803265536723167,8.167326241134766,0.43045754914261664,1.7204802527646132,1.3470023068050734,7.1744761904761996,0.4603910661609767,1.4903241830065366,9.055962121212135,1.8643688663282567,6.994378787878799,41.49335053950805,62.16683323219622,6.492748362225601,4.728764649670919,66.52588463308994,582.6202143604556,153.06425436089435,276.4159037421147,583.6393761759003,790.5578318362435,18.59836435566346
262,0.5710594302554051,5.01201,3.29979617834395,4.098333333333335,1.2552157303370801,6.41971875,1.08141157894737,4.9383413461538455,1.0488395390070901,3.861314393939395,0.878173813169985,2.8538202247191,8.81689344262295,1.49993769968051,4.23564598540146,14.448649595003527,12.985313675937858,5.05782035928259,5.586432340734331,74.78536308632751,359.60787208750844,85.89555509388447,157.13544562458992,350.3571846522391,625.3697443753481,18.71129497885704
263,0.1519416644719515,3.306289772727275,4.871909523809525,6.35056976744185,1.500627906976745,8.1088028169014,0.878477896341465,4.008618320610685,1.361397637795275,6.212609375,0.829645454545455,2.855391534391535,7.07575,1.8353786764705902,6.68130379746835,20.397699491363607,14.546839281849753,6.152040951321133,6.308931698271137,13.53179520391301,670.0985133647919,113.00157057121396,267.5842144526541,627.5477586314082,897.9660575278103,14.035950880497694
264,0.4318261562998405,4.940271028037385,3.236272151898735,4.008062499999999,1.6148286908078,7.0287642857143,1.027374251497005,4.0797539682539705,1.2672843137254899,4.896431623931624,1.0956618852459001,3.55012037037037,7.864930555555549,1.834327844311375,5.462656626506,15.62005099894265,14.998975062798035,6.192138535318441,7.037258492381599,12.951186443143905,421.3687963783741,125.73301792144774,198.7489638850093,394.6301410906017,695.0191454961896,21.795148495584726
265,0.3161290322580645,4.7254147286821695,6.3298154761905,8.10551492537315,1.45534691011236,8.0633984375,0.369263675476337,1.39704938271605,1.348515235457065,5.7288894736842,0.621826989619375,2.095528880866425,7.889449999999999,1.8364166666666648,6.20667721518985,15.724660275002453,11.54908205312297,5.953167440419694,4.899419354793575,74.81903379052034,423.0863298289478,85.66193282604218,200.4046575166285,520.6989822909236,751.571636646986,13.323395978659391
266,1.3428723897911852,7.9398552631579005,3.35009375,4.117185,1.4026496062992149,5.72083146067415,1.395820153061225,5.6966010638298,1.079409736308315,3.421345,1.0766094619666051,3.4565469798657698,6.75488815789475,1.56868010752688,4.253426966292135,12.669513128770754,7.07871647879501,6.400161162182303,7.010075431704172,14.33059178236861,303.42191457748413,115.33035431057215,129.69309464097023,240.00596022233367,611.3506737165153,27.138995938003063
267,1.4968823529411774,5.979225490196074,3.7190096153846253,5.414545,1.363805555555555,5.5866410256410255,1.3946555299539176,5.57833125,1.030443,3.057510638297875,1.1176049783549775,3.1022965116279,6.413079545454551,1.4973284574468075,3.6306265060241,17.50194327560391,6.351884783253308,6.0940704607466145,6.267877300113437,9.381683400711635,319.1899333614856,120.61211164109409,129.29236399941146,283.8378364685923,637.043418828398,27.486722683534026
268,1.7038795731707312,6.446096590909063,4.441325892857144,5.462526041666669,3.0726136363636374,7.438187500000001,2.4579398148148126,5.842317307692307,2.481552083333331,3.7886644736842126,1.8610220588235311,2.6637337962962935,5.422296875000001,2.532338942307694,4.055742647058825,22.0352714946184,8.055461669100707,3.9562471127859,5.323996943415346,32.917306368651126,352.7177148498595,96.56611509853974,143.23564391816035,297.9151613544673,511.4368468639441,22.49866956844926
269,0.42204084663943603,4.960751037344401,3.2029613259668497,4.34497307692308,0.935403962101636,4.96007207207207,0.294135683489729,0.651474279253816,1.30269441277081,5.51474311926606,0.285799837045084,0.6282169863013699,8.91196721311476,1.68696352583587,6.10277777777778,,,,1.298865268722422,,364.9326041340828,61.01790349930525,221.24131210148335,493.5061791911721,747.6005703210831,11.926796287298203
270,0.527358725761775,5.7755744680851,5.107508547008551,7.1622638888889005,1.10514856557377,6.65410674157305,0.42342951360263803,1.83947719869707,1.059919894366195,4.443804166666665,0.7200509776536299,2.218275390625,7.7000909090909,1.43045989304813,4.74169642857143,15.102990507617452,10.899986708561807,5.071050911409024,3.9005243417759443,72.91610583035357,425.9563749656081,90.70106316357851,185.4161499068141,439.39060997217894,763.5840098373592,15.83790872246027
271,0.411373038516405,5.0030765765765794,5.767748538011699,7.82660606060606,1.1755416227608,6.39913125,0.325949293966624,1.26128822882288,1.03433449174631,4.36754285714286,0.594561439588689,1.87871825396825,6.82272602739726,1.5050933852140098,5.54581313131313,17.754718972100214,28.48298761209117,6.6267328537099575,3.8375638300898682,19.431045315434794,398.93866050988436,82.92060811072588,204.05554678291082,464.1652340069413,773.6081723123789,15.439698472619057
272,0.259193837412587,4.94901369863014,3.05964533333333,4.20224705882353,1.29133924349882,7.41683941605839,0.184488084572657,0.62485,1.34596370463079,6.50148648648649,0.17223895842324802,0.608750289687138,6.70444943820225,1.9135759717314502,7.87715625,147.72370926370309,12.690576463947677,5.717282204948284,1.2909970449007067,132.04667251945844,660.9654054045677,84.38152726739645,277.44993567466736,577.0190851762891,854.4513024389744,16.11278858035803
273,0.151140134857813,3.28153802816901,2.87954963680387,3.99818333333333,1.04240548780488,6.12538129496403,0.459289461983104,2.01714659685864,1.0823611632270198,4.781035555555561,0.638111604664076,1.9487155172413801,6.826426035502959,1.40870976253298,5.37542288557214,14.747886618265435,9.953439574157574,4.308430454822838,3.828782610358404,133.12654531866585,406.60270024091005,83.43651425093412,202.83118356019258,404.7331167384982,853.194179944694,12.167519889771938
274,0.4434729119638834,5.021212121212133,5.503547619047634,7.3403144654088,1.4799451659451668,8.073731481481467,0.7928774289985067,3.1235825825825834,1.4514226415094331,6.889571428571433,0.7314393939393934,2.29077300613497,5.855135416666666,1.86785275080906,7.017836601307201,20.96514516484091,18.982789490672257,4.854486567142058,5.667645043965149,95.20374544647734,532.7539596085747,78.96815271427234,206.85673225671053,511.9187679762642,597.5614534690976,16.159067551294964
275,0.42924813988095173,4.836734234234233,4.245053030303033,5.018060185185184,1.7397939393939332,9.731774509803918,0.8498810572687234,3.765375,1.8588663194444501,7.573,0.9354692982456133,2.7806952380952334,7.386717391304349,2.701791005291,7.110693333333334,26.799547429947676,109.51713037871717,5.617305526808257,6.2795761137828245,67.58210037233087,591.110996901989,94.34493258595467,248.85981886958083,563.1871133421859,892.8106632083654,17.473815629879635
276,0.24078559602649,4.1163203125,3.211150837988825,4.218265,1.3109462915601,7.5196029411764505,0.6629869186046501,3.367611842105265,1.23687651331719,5.65333,0.645670322580645,2.00151748251748,7.1434197530864,1.81342,6.755838028169,14.096210944187087,14.439705164274349,3.960040736435865,5.580702969172046,74.95611809408032,474.4507372379303,87.23409846425056,228.06021152064204,464.8144240491092,640.8598157577217,13.61725153401494
277,0.19332319248826302,3.35432208588957,3.16404120879121,4.1372125984252,1.0867551210428301,6.07132596685083,0.323800884955752,1.27932956152758,0.8524631317315661,3.8458283582089496,0.558854895991882,1.93456177924217,6.68643604651163,1.24936587982833,4.68132718894009,16.22780029016631,11.404763837132055,6.872854996608583,5.4839410908745565,133.44230613990482,352.8329310938716,104.85348757356405,165.38877971470356,438.3187275379896,844.3030761554837,11.61948312073946
278,0.7807870967741933,8.033893333333333,4.064798534798533,5.7455422885572,1.3827306666666666,6.340883333333333,0.9537455919395467,3.869237588652467,1.0869562383612668,3.7356006600660003,0.7763559941520466,2.1170021505376333,8.460543478260867,1.3877389100126731,4.324113636363633,24.039479058743044,9.51560224999685,6.509775595905574,5.713209757267326,100.4555214177065,373.3420744538307,111.68189812451601,201.65780248741308,390.97198750823736,926.1890547350049,19.922937887410324
279,0.152271208062253,3.26394705882353,3.05765699208443,4.67311737089202,1.27088421052632,6.8354275862069,0.508277988614801,1.97248900169205,1.2886887755102001,6.08053658536585,0.655908361970218,2.02904458598726,5.46599473684211,1.6583795986622099,6.73651461988304,16.208680505122246,9.879257990776964,5.02322100061307,5.498052000283034,132.60493289288686,303.05497348308563,108.83277282118797,214.99108988791704,405.13109415769577,1150.6037786602974,12.863310985267162
280,0.2637264897579145,4.1242730769230755,6.0663510638298,7.07503529411765,1.3799058679706602,5.55098469387755,0.829722312703585,2.064130188679245,1.406604456824515,4.669616504854369,0.76394986807388,1.69292772861357,7.1617739726027505,1.906122073578595,5.2554557522123995,19.02086327383592,77.75482754270504,5.839789553722313,3.4973003333391595,16.709347007690972,429.46060420945287,115.30520860105753,199.20137710869312,479.3751402758062,622.8996557183564,25.814492255449295
281,0.34740087808173,4.446574297188767,4.169494252873567,5.457109374999999,1.6505144230769233,8.6770606060606,0.9002082262210799,4.099706093189966,1.49169250645995,6.039634920634932,0.7823993925588466,2.1317734806629836,6.559105555555566,1.8940604395604401,6.4770591397849335,59.43919517705996,56.393769034802915,5.646669029696061,4.711853038978981,61.51642960856026,453.12851046522456,93.6690407494704,234.5490346973141,488.6225409184893,757.8356812397639,20.118368168671925
282,0.512750862068965,5.00268348623855,4.538870535714286,5.80377,1.24428276699029,6.2572011494253,0.423329769736842,1.783073630136985,1.604956845238095,6.6579885057471495,0.68446484375,2.03484496124031,8.3633076923077,1.9316736641221353,7.18863194444445,21.29348713312027,148.30689887924882,7.401314904720843,3.8961307277970727,28.538012482072578,649.1915672086179,74.52205754816532,249.95763087645176,609.4233598560095,973.3258630149066,16.189797315746546
283,0.416268702290076,4.91523502304148,5.8751169590643295,10.8703434343434,1.4774834532374101,8.66267226890756,0.324593951274153,1.24340228690229,1.12390165530672,5.26556632653061,0.616212346993081,1.9355578778134999,6.78125,1.55038492063492,5.95355801104972,16.208066906608433,27.267234168210344,6.614217610544241,3.831782662681048,131.59815760390305,535.7833579182625,77.77130231261253,286.50746680796146,636.0481027513742,708.3348464220762,15.539606101810932
284,0.6653175057208225,5.054078703703699,4.9311745283018755,6.4589268292683,1.6852253289473675,7.851628378378376,0.7864180107526875,3.265713483146075,1.58596111111111,6.844422619047625,0.811495714285715,2.56410396039605,7.329173076923075,2.090470588235295,7.294804054054049,85.0339177754226,49.384193158628015,5.318281565096401,5.73361309646132,20.58015378662112,524.8591362033039,91.06753277592361,240.66342157311738,506.318750558421,977.9561660252512,19.581022206693888
285,1.22467155067155,4.573039682539667,4.072397959183667,5.164319819819833,1.4173030303030298,6.451880503144667,0.47373846153845994,1.7593094017094,1.4051515151515168,5.025116883116866,0.7584449371766433,1.8329417122040066,4.6091019607843,1.7714968253968266,5.5648809523809675,18.616538353705256,57.34476469462018,5.263175047602937,3.3687883251210273,10.77512388863038,445.4710365583499,56.03147825847069,215.53937500963607,499.45284457256395,693.0279855926832,13.229204341769218
286,0.43826244167962747,5.639125,3.9531992753623246,5.579966346153849,1.6516112716763,7.5025546875,1.12086790393013,4.6041887755102,1.422164215686275,5.082431372549025,0.9620177238805976,2.7638932291666753,6.035946969696975,1.9091666666666673,5.721855,16.073290001073744,44.702362598590085,6.1858057367559995,6.046955054916179,46.24128697534641,465.8103222027421,107.93200926855206,195.85066474974155,442.36592948436737,696.699705440551,22.982724476605654
287,0.411517959770115,4.9042735426009,2.8353341523341498,4.47336434108527,1.81166080843585,8.817648648648651,0.5141353118712271,1.9988946459412802,1.4687534591195,6.72431901840491,0.688505739365294,2.00279757785467,6.857177631578949,1.8521980519480499,6.78975167785235,148.36677900325458,24.481028409762793,4.48028600981332,3.8762229792215552,24.038005822040354,564.3187090754509,81.34236559271812,257.663382217288,603.6990089341998,1328.390883281827,16.80071000009775
288,0.2800214216163585,4.104309523809525,4.691719827586205,7.5669492753623,1.391805405405405,7.904732142857149,0.3444851150202975,1.36977142857143,1.3352298578199049,6.38975,0.4462123338257015,1.3356302083333351,7.70746376811595,1.8357680608365,6.85855,17.941026125009653,13.796577225892564,6.2464198680580525,2.591905002227837,76.76451042542796,541.1517340689898,67.34918570145965,253.885262645781,577.572442125529,877.0102984271944,12.525508645921946
289,0.8796528735632201,6.690401234567901,6.6607843137255,7.907914728682166,2.0424245810055868,8.5732074074074,1.5281488095238103,5.934045454545466,1.2354696969696966,4.2038596491228,1.0034221061792867,2.80708888888889,6.8023529411764665,1.6858874269005835,4.8035633802817,16.6459444399672,8.590237962317792,5.381346948101718,6.1721469684630135,52.86232088452282,347.8663895900051,101.39592923223972,152.5765440116326,362.3779707898696,604.0682007248203,21.34086098521948
290,0.43280906027705,5.06590948275862,5.98936111111111,7.26867361111111,1.42113184079602,8.28842748091603,0.423625799573561,1.43230882352941,0.993006837606838,4.19858365758755,0.67491506689936,2.04909523809524,9.00589166666667,1.4167586206896599,4.98186222222222,13.298847458074126,10.09104311258576,6.56076242188538,5.587172476440886,13.533752192184828,359.18373614549637,116.85718782246113,239.6227791905403,458.7530391290784,600.8251802995801,15.698885545134544
291,0.39057318007662994,4.916409282700433,4.177883333333333,5.750918128654966,1.5514751773049633,8.892461538461534,0.44736805555555675,1.9296120527306966,1.51642463768116,6.5446388888889,0.6761651917404133,2.1139487179487166,7.763843537414966,2.0102533333333334,7.3240848484848335,,,,4.7450705703251925,,459.81838678320247,102.77285861472289,220.54198974122605,486.2480020771424,937.931394825379,15.589167984823385
292,0.5465324427480925,6.0066836734694,5.121531818181825,9.004077586206899,1.6975532258064525,9.3735,0.9156729559748426,4.5026923076923,1.37859699453552,5.263986363636374,0.9822088014981275,2.669542682926825,8.346242424242424,1.8137326388888901,5.463322115384624,21.084376411123856,10.984634181705841,7.382830964780328,5.701188982403442,84.55673825072718,358.13121940009296,86.58517035655677,158.09148899279535,421.64402548223734,858.2499518524855,17.014495097100735
293,0.20108346364347102,3.2526572327044,3.33739650145773,4.17630739299611,1.5092926470588202,8.87064912280702,1.14415261044177,6.18604639175258,1.58289166666667,7.3902971014492795,1.14454383735705,4.73152863436123,6.75271929824561,2.0581072727272702,8.32373553719008,150.30596982509596,147.03181252478004,5.970336642710933,9.870958760785467,132.80232113881974,642.7086191251874,175.67528411746025,312.7163974568248,699.5628355070949,881.9274138659239,18.317694775760174
294,1.08903898458749,10.0740869565217,6.112801047120421,8.64248837209302,1.3255177045177,7.36080891719745,0.314352311308436,1.39035302013423,1.2805055762081798,6.04976836158192,0.5841776416539051,1.9248249496981902,12.682024691358,1.75233333333333,7.032514450867049,25.4922867920946,14.300573708687503,7.388354163522806,5.634580258300721,17.29763571479462,563.0185129120946,99.13532994687557,288.07325288653374,622.3189877346158,1112.705422565341,14.688493683934212
295,0.305061695983198,3.29354166666667,3.1356023391812897,3.89657794676806,1.56226061493411,8.52727777777778,0.270401044030867,1.2873291139240501,0.931821283509342,4.561100456621,0.5466189994946941,1.9425653650254702,6.75879245283019,1.3840164126612,5.44614018691589,17.685433436747125,11.31487749038715,6.638362681085568,3.809086106452452,14.393021588739584,513.448123820126,86.42917964607477,192.732154391706,474.521960131824,1016.1598911508918,13.997196219861507
296,0.70294638554217,5.8826755319149,3.3302628205128197,4.929896694214875,1.5103460451977402,5.2383640776699005,1.52484186746988,5.2355,1.31516626506024,3.71990579710145,1.363910256410255,3.68944927536232,6.36114285714285,1.821595911949685,4.6119009009009,14.137786438202369,7.129897092662164,6.7419281006463985,7.104066535488931,10.24921586691941,325.77415695413947,118.10775613412261,130.59419579803944,304.65308809652925,566.3076066412032,26.448490098118782
297,0.216291911148365,3.34991158536585,3.06953488372093,5.63738709677419,0.791583,4.43810612244898,0.17768115496851503,0.614901256732495,0.709962671905697,3.08432471264368,0.166237247757848,0.602039032435404,6.69544186046512,1.05201083743842,3.93671951219512,13.20330682587761,145.27582736824232,4.276285876315168,1.2771223962977678,131.26144224561966,270.53195517510176,87.28138636797667,178.16070467233658,363.77725191414356,832.282961346209,12.54039816558361
298,0.2514769833496575,3.647438356164375,4.067735074626874,5.40490625,1.6711297468354425,8.687865384615375,0.7517595029239775,2.9316677631579,1.642566011235955,6.2715597826087,0.8881013719512201,2.556526699029125,6.792941666666675,2.0313327067669174,6.481027777777775,19.97706368801818,47.78725241216557,4.226401908319564,5.3265688484617915,47.535006875397926,509.375351248309,98.75957621261477,229.7606086358428,490.39137084037066,820.4584242776036,18.86542304418981
299,0.177438430521092,3.019291666666665,5.251125,7.161325396825401,1.6545,9.4467314814815,0.35203946465339747,1.324166294642855,1.39185194805195,7.35445945945945,0.437115729421353,1.636857142857145,6.5868908045977,1.8422753623188401,7.002470588235299,86.70202854989915,15.211585515675777,4.7749228409106985,3.7534098830268587,63.89541208838112,621.1023894138634,103.80783351138234,241.23690091073513,503.98195162415504,719.2427292466164,14.307990204542875
300,0.15091991150442502,3.348573863636365,4.60117,6.792506666666649,1.75991176470588,7.78726712328765,1.788433021806855,7.679395522388051,1.15095485327314,3.19916129032258,1.18677442827443,3.1964125,5.72418539325845,1.553316053511705,3.739137931034485,15.111577720927382,6.395362705562517,3.9284860270260307,6.3560810786158095,10.854680737425332,324.11107094958425,103.17709529772401,112.0750093832612,251.50738656520844,486.5435301326215,28.504093643277884
301,0.515023023023025,5.0322175925926,5.07015789473685,6.7060632183908,1.7962436708860752,8.2372844827586,1.42528485576923,5.5020904255319,1.5024382022471898,5.753025,1.1979808080808099,3.8896893939393955,6.308639240506349,2.0578571428571446,6.51880357142855,18.840226737545848,11.526555684499677,5.1819962158846655,8.493319200512376,133.70997969570502,446.7116668820381,131.82548573240638,209.73460050299764,444.7620129212737,520.7534646615386,23.469096049666405
302,1.6847390070922001,5.444343589743586,0.7551590759075933,0.8824558558558533,2.2667404761904733,7.647046666666667,1.6429848484848466,6.0312969696969665,1.7334984126984134,4.658919999999999,1.2516,3.262968115942027,7.702726666666667,2.3650933333333333,4.80454222222222,42.55208992546391,28.09842098073168,4.0910491341450115,6.22061896290548,48.62750293019506,405.00295503685874,112.9216452439626,158.87091401964426,365.7773354401191,706.8922168885668,26.24894802769025
303,0.2195248,3.3519053030303,5.50774162679426,6.19217277486911,1.01352621167161,6.16550531914894,0.360498444306161,1.35371885714286,1.4990941935483901,6.74462658227848,0.626011316259678,1.98595107632094,8.07346258503401,1.9814920071048,7.9049435483871,14.902520199829041,151.053472243338,3.5268883110316516,5.671279460596744,13.390532806622721,592.4758268520236,77.27236952632666,283.45289174467325,619.3476961925626,623.352243565023,16.63840375840664
304,0.22385612321562726,3.663647435897425,7.003931818181825,7.5831370967742,1.5154999999999998,6.5300705128205,0.9592077205882351,3.2472331081081,1.386950721153845,4.54678515625,0.941359375,2.4862927927927925,6.70301704545455,1.700669254658385,5.187765306122451,18.915141172004567,42.022700834054056,4.667690169836188,5.3132345928242515,77.1051587414909,442.6144470926374,89.64780136011541,172.16451815329492,404.25738552585244,736.6771344095469,20.96972311846912
305,0.30409924487594403,3.34126426426426,3.01761095100865,3.65788709677419,1.22485368802902,6.36720833333333,0.594980710659898,2.5962333333333296,0.939784503631961,3.79508552631579,0.631212400245549,1.89621652892562,6.129925714285711,1.4416524822695,4.71884647302905,14.695548858454915,9.797965466514656,6.783413457443535,5.498647049047889,132.5431951251064,312.9704622551799,81.68469648808241,158.33228826522827,359.38292276114225,788.1059776991606,12.44621817022562
306,0.7095297619047615,4.65575,4.385270270270271,5.744403061224486,1.5605057142857144,6.665811428571429,1.0810084656084658,4.049878571428571,1.4675903919089712,4.841169642857143,1.1183297529538128,3.1241613756613718,6.078273809523814,2.4056682027649714,4.91820168067227,44.183888621845945,33.70937522621156,5.730259786725164,6.768078681290372,24.75319108072534,481.5194722531097,99.51648368899312,195.73864660092764,476.41525909836804,645.6315816779222,22.671757532017573
307,0.1838099212598425,3.2888161290322597,4.552942477876105,5.60184574468085,1.2008995327102798,7.67446825396825,0.25367547357926196,0.9893871892925451,1.1164258474576252,5.768767676767699,0.386859292701279,1.373697149643705,6.82675675675675,1.60278511235955,6.2583735632184,18.280136223590056,15.469349879522992,4.250885744109366,3.562281209313129,24.24129986176155,413.64094940945506,84.6502953208983,234.20887300744653,573.5662649385631,568.6404183506966,14.892499893903732
308,0.896245748299319,4.128874149659862,4.574314285714285,6.139488095238095,3.0625770308123235,8.295747619047619,1.9217619047619048,4.729904761904761,2.943056022408962,5.367849206349191,2.2530995670995666,3.5083040293040284,6.771456349206334,2.9718039215686285,5.435051948051952,47.128624158479724,21.702758669889427,4.747678215207462,6.948566737813733,52.36444905279669,443.0935307893725,94.59010325372219,172.52224386625346,383.4622113832405,654.2774915163006,19.71095667353698
309,0.9363964218455749,6.65616304347825,3.093881355932205,4.225223140495871,1.7915265625,8.22433333333335,1.0718128834355851,4.671810483870965,1.190083333333335,4.4577307692307695,0.8575846905537451,2.427818385650225,7.7958716216215995,1.8353765625,5.0973539823009,19.55740496485509,8.58118841197436,5.328091978063541,4.91134444556018,75.8553907531643,428.3843212760985,91.89953561872244,187.80207028612494,390.4585842974484,640.9518420696259,18.221046775579453
310,0.15872172701949852,3.34225988700565,3.0827313829787246,4.23362,1.6425776836158201,8.58179166666665,0.52037050359712,2.483787439613525,1.3423414322250649,5.51059595959595,0.67120591517857,2.0974806949806952,6.4323625,1.639274647887325,6.1894879518072505,19.50977063382084,12.202933516458568,5.1504007749656475,4.8815802638654535,74.58819025611164,437.635590787977,88.73147889971733,205.98764531314373,482.1397247724235,1042.9255198687315,15.590304974466562
311,0.283701082431307,3.28722764227642,5.96377040816327,6.62692,1.5370171730515199,8.94683606557377,0.41052967257844497,1.43494513715711,1.5231715686274498,6.88074213836478,0.5958767688679241,1.88297837837838,6.1608076923076895,1.90408293460925,7.64848648648649,24.025085072660517,149.05610376989017,5.94777464767341,5.574565308840957,12.05626253085009,583.5581105202436,78.9787620306015,214.85020406544209,508.50757397711277,1525.0133583322167,16.18328969925642
312,0.28848866749688595,3.88076,5.1379047619047595,8.268448000000001,1.57604962406015,8.047944,0.89899628252788,3.75500727272728,1.8058097560975601,7.5386064516129,0.949596721311476,3.11461428571428,6.85773333333334,2.49538823529412,7.523466666666661,44.30727831469609,20.928784884125797,5.102223731462,8.315065623899311,96.64128574645706,629.1185319423676,135.60218270868063,273.99301528930664,627.4915859103203,830.9141825884581,17.621079459786415
313,0.1843461254612546,3.5806843749999997,4.50730588235294,6.714188571428579,1.7896588235294117,9.7131619047619,1.022226315789474,4.94672272727272,1.4950967741935481,5.88915555555556,0.8825967741935481,2.37116091954022,6.45972571428572,2.2660826923077,5.96322105263158,20.20110062421708,39.99377050310443,5.255027631331478,5.708266288609318,45.17392130184173,542.2229366376996,92.25236251950264,216.0990098491311,498.62492363899946,780.7656982913613,17.918217927217484
314,0.14262503283425298,3.3587492260061897,3.03647976878613,4.121128000000001,1.22636285097192,4.19285171102662,1.1918117942283601,4.17484146341463,1.09417568850902,3.45440575079872,1.1048722891566298,3.49790963855422,6.1105376344086,1.68224695121951,4.25559523809524,13.317488835965564,7.059027532778257,5.0680359529950145,6.984024525854283,9.966738244224059,387.41647731512785,138.902198523283,147.3505748435855,330.6471277028322,704.6421756967902,37.07529976963997
315,0.284235,3.5349060606060667,4.860404166666666,7.1203888888888835,1.7502644230769169,9.533388888888885,0.746296794871795,3.2482389937107,1.5308695652173918,6.0370238095238165,0.8369619047619049,2.2310649350649334,7.135333333333334,2.286817567567567,6.5893500000000005,26.779704628476722,18.6893121013339,5.414672836762872,5.021648056690998,98.44180963401077,510.55624304960173,70.90903430556257,228.0463231727481,552.1446544056138,785.5061635685464,13.378169387578964
316,0.148508019246191,3.32264968152866,4.84788617886179,5.8417741935484,1.74907100591716,9.7555593220339,0.52857767489712,2.090893536121675,1.462894444444445,6.3271626506024,0.7078582677165349,2.026225694444445,6.14883333333335,1.9392525597269599,6.6172383720929995,19.70657008779826,78.47404199439268,5.06675939536056,4.901216144796753,73.96140232765275,504.92495065554976,85.02824930474162,215.04954202100635,584.0405239723623,1004.9545671790838,14.37509199604392
317,0.9240710526315801,5.6554879227053005,3.2294942528735633,3.7780925925926,1.5831234042553197,7.124666666666666,0.8440486564996367,3.148845679012347,1.3356888111888099,5.193095959595967,0.8504403892944034,2.3423220720720734,6.856147435897434,1.8661630434782601,5.765235294117634,16.147718527090145,56.254387702207076,4.920477602777764,5.21602245445386,15.620282557908439,541.9544332350293,89.1162392993768,189.05856801817814,497.6205760613084,822.987244464457,21.76630465934674
318,0.179394944424525,3.2799754601227002,3.19439622641509,4.0094882812499995,1.9278381147541,10.5974554455446,0.606192758253461,2.6942135416666697,2.09536298932384,8.95526771653543,0.676694903581267,2.00202755905512,5.48435981308411,2.5240307017543904,10.1285652173913,20.921850712852414,15.747126460618164,5.049149984546536,3.852898143409984,37.9682257097817,652.8959842398763,74.57011379301548,321.51767518371344,818.2055549696088,851.2021508067846,17.344392836093903
319,0.1521597482592395,3.320993506493505,4.8683,6.634006097561,1.521,8.429317460317451,0.63106029232643,3.22152,1.7782912280701748,7.602111842105249,0.857107623318385,2.4727986725663698,7.483746376811601,2.3960991902834,8.06314166666665,25.728097960394493,80.05851784097207,6.2311978679882944,4.869462840097682,74.5035095253129,601.5130435116589,85.17674868926406,216.15299629047513,585.8580465428531,607.0094765163958,15.255704056471586
320,0.39965823248991666,4.767213991769533,7.106224489795934,8.5565652173913,1.5282537878787867,6.5478448275862,1.2265722411831634,4.467272030651333,1.4669684343434335,5.662582089552234,1.2147137809187267,4.278877777777766,6.277008771929833,1.97427969348659,6.354683908045967,60.41388354255225,19.54363758025953,4.380042399054113,8.96243952802064,56.836866105106985,464.4259888057907,138.23471187303463,209.01913133760294,497.79048034300405,480.97932400802773,22.281768421332043
321,1.1361379657603201,8.52886231884058,6.093965517241379,8.25279545454546,1.17105069124424,6.02621465968586,0.40722095509622197,1.24499678456592,1.8572880794701998,8.26848484848485,0.7534154652686761,1.98861165048544,6.47656741573034,2.63517741935484,9.69702542372881,25.36905209903628,147.2651078100227,2.9894252961611976,6.961400386973749,135.39149462518577,622.9188991710544,127.82854028046131,270.56660037487745,692.0566782355309,1224.3671109899879,16.855308786034584
322,0.1283584004024145,3.315194285714285,4.591848214285715,7.685664285714299,1.189572564612325,6.5317658227848,0.3925916114790285,1.336013812154695,1.17024364896074,5.12079237288135,0.451064150943396,1.371642676767675,6.1571329787234,1.68831168831169,5.86572277227725,81.71429621942333,79.43614627248475,4.643043342155521,3.4978925546840274,11.921038618850249,509.2975916340947,74.93719458580017,228.96145237609744,519.2946526221931,921.1989468894899,15.198951587080956
323,0.5335283119658125,4.529775,3.724071917808225,4.5061757812500005,1.5464972527472527,8.183027777777776,0.671847023809525,2.979482876712325,1.720989942528735,7.349668749999999,0.853771226415095,2.5016724137931003,6.5847784090909,2.304723451327433,7.73555405405405,28.153354549406977,87.35635379334381,4.341812786306969,6.0644263706412005,46.4838885134919,631.1036937404424,104.26243534311652,255.38008194416764,647.3399524111301,667.8245204966515,17.042597755789757
324,0.37323678571428626,3.58300986842105,1.66197408536585,2.1201168032786875,1.65161234177215,8.202937499999999,0.9880017006802724,3.882949324324325,1.3187815656565625,4.8625685483871,0.7843911042944787,2.2245754310344874,5.3690787037037,2.1547753906250002,5.041897321428575,,,,4.347145227566812,,326.5397943323478,75.86710853502154,160.75031307991594,383.10279487632215,609.4538082834333,19.595114281401038
325,1.822102728731943,6.748428571428571,5.237767857142857,7.785507142857142,1.7611093474426855,7.402821428571428,1.4344539951573858,5.897961538461543,1.4679307359307427,3.9484081632653,1.297613801452784,2.933221884498486,7.622052631578943,2.4769055299539144,4.505733590733586,16.588267013720586,27.738827409110286,4.749021479775779,6.163810425164308,31.03812474615509,372.4307586838092,81.74961299768516,143.67778452911548,340.99308707352196,582.4385876102107,23.09852944953101
326,0.4449720034995625,3.89756834532374,4.23864453125,5.0228476190476,1.8305472972972952,9.49559836065575,0.909917525773195,3.8558546099290796,1.581370588235295,7.0263142857143,0.77836865671642,2.684528497409325,6.3947411764706,2.07809541984733,7.7328358208955,26.18579435816955,19.84621473848667,5.060268203265597,6.93088132087214,72.8659577581553,664.7797301411629,97.01686212792993,263.97607289254665,592.8512895479798,889.0763507224619,15.333050396293402
327,0.566382782101165,5.6510357142857,3.0490797872340454,3.703964743589745,1.7059424920127801,6.8593181818182005,1.734032640949555,6.728524691358,1.199132291666665,3.505436170212765,1.198791493775935,3.51955821917808,8.5024552238806,1.654709064327485,4.091348,15.983159497504298,7.882755948023431,4.797813071441644,7.803918567421581,10.125884649488944,343.6946659348905,124.85063634812832,132.82967265695333,333.4147040732205,571.7861582525074,29.717199504375458
328,1.0816856060606066,6.398273809523817,4.667833333333333,6.421172043010749,1.7793522012578666,8.294855072463767,1.195189497716895,5.07965555555555,1.4894077134986234,5.584632352941182,0.9750901360544217,2.8992601010101,7.348034722222216,2.3380642570281167,5.7644623655914,17.777171694898545,13.857410769902472,5.820535308981307,5.823451575294605,22.281616088731074,449.29383633037406,107.04988768945138,196.18311198428273,431.10840876276296,610.9628166692952,20.728531914452713
329,0.449550394390885,4.3564626865671645,3.2494891304347853,4.466547826086955,1.388039855072465,7.9716846153846,0.483568681318681,2.2022799145299152,1.185237831858405,4.92002564102564,0.678070361145705,1.9982200772200749,7.52529710144925,1.744698170731705,5.66115934065935,17.230308071288057,13.165087404295607,6.679635684365726,4.847323224589181,75.61599240289084,485.79354770481586,77.26418552920222,235.0049209780991,498.89802467077976,753.1833136454225,13.920851051807404
330,1.69736725663717,12.85028125,3.3750493421052647,4.33597899159664,2.00925387596899,9.39515384615385,0.9292239488117,4.073665413533835,1.746009174311925,7.936520547945199,0.85578,2.852179894179895,10.55985576923075,2.4222309523809553,8.3750303030303,15.817168565699642,83.76874964432749,7.236686054965255,6.317242636659104,76.30732761615658,676.4444406144321,109.36144972220063,279.655575286597,601.0475568473339,732.1447017602623,15.582796186208725
331,0.31368865030674853,4.212647286821705,3.168922872340425,4.16401838235294,1.268375,6.2462195121951,0.99607130872483,4.6089756097560945,0.996798245614035,3.79065925925926,0.827478510028655,2.79004301075269,6.7988947368421,1.4561957142857151,4.50038,11.184782082403533,7.842271197336788,3.907522539320706,5.606000791344199,75.45896753206878,314.57276782020926,100.15974985435605,147.93023001402617,294.5359330624342,744.2513247951865,21.855405066162348
332,0.140865696765661,3.28574084507042,2.87203529411765,3.89388965517241,0.961940049958368,6.20953012048193,0.2810125,1.28191053227633,0.672293,3.44272147651007,0.502495004163197,1.99844145873321,6.1514064171123,1.0676789328426899,3.9495637860082295,,,,3.815911207514176,,361.7063630372286,78.6435091868043,125.35543646663427,365.4694417491555,769.7402033954859,13.86408694088459
333,0.40011679939324996,4.761293172690767,4.1048705882353,5.9041611111111,1.6097642276422768,7.939720930232567,0.3851931216931233,1.4695180555555567,1.3978717948717936,6.297896969696967,0.60780701754386,1.8412393162393166,7.945888888888899,1.8644170692431565,6.650637931034467,20.70459482695247,103.18936973440753,5.980803909248537,3.7713266671815884,55.44147367924404,575.3958287338415,79.58725715676944,249.5263625557224,605.9605240200957,950.8744968722264,14.547398313879967
334,0.14241396011396001,3.28809171597633,2.8566835106383,3.9293217993079597,1.24704091456077,7.59805,0.410358230601885,1.9483149078727002,0.847864864864865,3.8969425287356305,0.556756540309664,2.00301913043478,6.150855614973261,1.2810841530054602,4.70520731707317,13.31664059913043,9.837551460268667,3.5483391441396908,3.829157481234219,133.09406063491156,406.2908235937357,85.7415609061718,166.4884388446808,487.89954744279385,611.9277561083436,12.10831105709076
335,0.308169064748201,4.29636170212766,2.8355047846890002,4.24973703703704,1.49558674188999,5.71860335195531,1.47659926470588,5.735005464480871,1.1694182638106,2.74978095238095,1.08211341330425,2.7614792746114,6.12078977272727,1.54078917378917,3.38101351351351,14.899240774976455,7.01729225409011,7.551841296312632,6.979201120530721,8.560670793371163,362.41523921489716,109.33978483080864,119.6614233776927,308.60304832458496,509.0817110612988,27.366005815565586
336,0.11733350197308501,3.2690923566879,3.21016118421053,3.88770567375887,0.9758156723063219,5.355359375,0.26518102114492004,1.34914915254237,0.8746197749196141,4.120128113879001,0.552965072541644,2.10878917910448,6.16988601036269,1.27690765171504,4.81127004219409,10.348045193745262,9.942818705814972,3.6211528422039865,3.8278292807872933,6.49289001620649,271.453894674778,82.04779587686062,176.50818917900324,351.67664755135775,505.21143712103367,13.334187678992748
337,0.776435643564356,6.912269938650311,3.49192523364486,4.31103265306122,1.76001651651652,9.211496,0.397667005420054,1.8785989010989,1.63024919614148,6.646240000000001,0.5629330587023691,2.0260671641791,7.470624060150381,2.23142105263158,7.8979593495935,147.987325765166,21.95498046665923,6.937198265570816,3.8331354353085203,133.56437219501066,689.6828534081578,126.21479108929634,197.0611745491624,595.6782260909677,772.7005984634161,17.524603754281998
338,0.886163,8.3610234375,8.665801652892561,8.70873949579832,1.80835101404056,10.2030803571429,0.981292,4.98327916666667,1.6378835227272701,7.00242465753425,0.781436513383665,2.07151837524178,11.9013064516129,2.33437931034483,7.842958333333331,47.863953011312645,150.11847679426904,2.9651977913408323,8.47535952733757,42.21438383146777,687.5196006149054,150.36226250231266,271.2150104343891,522.5384840741754,620.7144586369395,17.56588462740183
339,0.27655195162177,4.1419570312500005,3.18113190184049,4.67231739130435,1.49948181818182,8.271306451612901,0.30039176470588247,1.34153263707572,1.72186026936027,8.32764492753625,0.56766348903718,2.11863188976378,7.12124691358025,2.148097609561755,8.7920606060606,24.39015638913593,85.67568631120479,4.756050274285485,3.919321827811652,73.92797762809936,565.4212553054094,78.72490677982569,287.1816395781934,635.8634098432958,987.7531905658544,14.553149230778217
340,0.165535031847134,3.2809351351351403,6.02988235294118,6.68981920903955,1.34575628140704,6.87639473684211,0.6005492379835871,2.16148106060606,1.59204855842185,6.84302285714286,0.795425149700599,1.9226847195357801,6.84243636363636,2.2922947598253303,8.25130434782609,15.333420830875857,153.22908049025926,5.01753394760722,5.776314632149584,14.6824360807905,563.5104840621352,100.23829527199268,255.92709425836802,515.0557029992342,654.9236830323935,15.669013373553753
341,0.42123786764706,4.9498,3.8875337837837747,5.4858697916666745,1.4894217948717952,6.451127777777774,0.9531368421052625,3.2485762195122,1.211678423236515,4.150930769230775,0.8987996632996625,2.3875243902439025,6.794418604651175,1.7277614379084973,4.7541625000000005,16.67345246017107,9.054472051344659,3.6570195827902596,5.048897189612361,44.036935827503484,381.4454423263669,84.5912320073694,150.94471164047718,375.32884161919355,639.239966403693,23.804977536201477
342,0.3397148548662495,4.28466911764706,6.0364240506329,7.8345608108108,0.9262013536379,5.4519857142857004,0.300775852878465,1.03536258865248,0.913298986486485,4.422406976744185,0.438472222222222,1.368970449172575,7.5289802631579,1.27313829787234,4.6783526785714304,13.66316991635806,9.369673087116206,5.109668296659884,2.624835383542896,133.90265704033555,361.8450602516532,83.2571997307241,161.8075300939381,395.8361456170678,614.2986821942031,13.53914849460125
343,0.7965112016293266,6.2155499999999995,5.278379629629634,6.551125,1.7758015873015867,9.572283333333333,1.2266009557945032,5.912896174863399,1.6778022875816998,6.9163115942029,1.00961930294906,3.0322362204724396,7.187019230769233,2.1416851851851866,6.7004237288135675,62.10920111460175,19.543669585862983,5.9017404759102625,5.6519132713443705,104.13859735394475,512.1231467152635,94.98139843344688,226.89166944473982,497.7363394573331,963.6316060399016,21.5434314062198
344,1.0449112244897951,5.047983606557374,5.386890625,7.912275,2.0803138686131377,9.85999137931035,1.3136914893617024,5.768859375,1.91913694267516,7.127902777777774,1.2494242424242425,4.178365942028975,7.808690789473675,2.31838409090909,7.6725763888889,31.153950447118373,15.968687305273619,4.480845044197103,8.293055976761414,23.275694482409996,583.8765820953995,94.99819134362042,236.04140733368695,555.5431533139199,730.4046128410846,19.726401660591364
345,0.38026623815967553,4.59197881355932,4.875689814814814,6.8785234375,1.23795628997868,7.37335833333335,0.4148669497523,1.805576791808875,1.200419392523365,5.7983241758242,0.6918450608930999,2.130671314741035,7.84613392857145,1.496128531073445,5.9217037037037,23.756061201191336,11.594180167607815,5.632624511553016,4.8636895317644235,75.33919996796958,451.61809539422393,70.35376038402319,223.2602215372026,539.2476334236562,866.6408713907003,13.03384779021144
346,0.2525033143939393,3.86143,6.2734858757062,9.205666666666668,1.2048333333333334,6.9908717948718,0.36209594356260993,1.6029677871148467,1.6181457364341068,6.995021739130434,0.6799025821596234,2.533860520094563,7.401455128205133,1.8794904013961597,7.666244444444433,60.74145913793594,30.429771308827835,5.948673898430262,5.647446187686822,54.40824077781493,458.80077717204887,47.09380057950815,217.39372362693152,568.8962293788791,668.3857102567952,13.357005082070827
347,0.541285216525635,6.59308484848485,6.58912068965517,7.9920071428571395,1.74893686006826,9.83994230769231,1.1899459183673502,6.27918617021277,2.10123625254582,10.5480619469027,1.31942351453856,5.403863157894739,11.1979789473684,2.83914326647564,10.8454018691589,18.154958436580397,17.331806758146893,4.537744775672874,12.638772929452236,88.92907853332254,815.9041870385408,198.97460006177425,312.1680812910199,651.5211425721645,658.5686234757304,21.884404122829437
348,0.6123901639344267,5.740228571428567,6.1804678362573,8.5867105263158,1.4576275303643735,7.460241830065367,0.9758445040214467,4.2026913580247,1.2955824800910134,5.416799019607833,0.7053484549638399,2.0978178506375236,7.5273829787233995,1.764831070889893,5.8632183908046,21.174673578555606,56.37678065646268,4.936410786735494,4.678366255790565,55.27916066643433,553.2439022014538,105.71343979487817,239.5626079911987,506.85051052520674,605.0353326524297,22.535398602485657
349,0.59585326688815,5.0401410256410335,3.332570175438597,3.822555555555567,1.16734713375796,5.250741935483866,0.71589564149785,2.3109156626506033,1.0623441910966334,3.9383024054982663,0.7357838827838834,1.8268302752293566,6.537527777777766,1.3949793388429768,4.398803030303033,15.119332056038672,10.152250540391682,6.406655430091845,4.23619615620535,7.632958504512256,301.69520371903974,71.99469643334548,144.90141378094754,344.9707292020321,635.8679849654436,19.50773100058238
350,0.27994318458912465,3.8336339869280995,3.2390825396825402,4.203501831501833,1.28195667870036,7.3235390070922,0.296969261139312,1.1210440860215067,1.4578163841807903,6.749373333333334,0.49074568965517334,1.59485994397759,6.800926666666666,1.9376095238095232,7.240215277777767,19.279808647013798,57.65345520844769,4.574491211923381,3.094911351980785,135.51142648224757,486.3493687783678,75.1282786950469,225.44688545167446,533.644575625658,916.4830359319845,15.173767072459063
351,0.6517080335731401,5.1796956521739,4.1521170212766,5.974890625,1.4374380952380967,8.6198947368421,0.30972577597840767,0.9535065176908768,1.5467271505376334,7.478522875817,0.39350686498855997,1.16506114398422,6.550137681159433,1.9141724137931033,7.524972789115633,24.458927669440353,62.065993996977056,4.457980340089026,2.847703068821754,63.671161461455625,478.44364307820797,67.71877718468507,233.09020325541496,547.7210662017266,829.5442598561445,13.831436323622862
352,0.1848871794871795,4.0487576923076904,4.447528455284555,5.840365,1.44036904761905,7.2172042253521,1.115563106796115,4.96842608695652,1.407940389294405,5.97666470588235,1.229444315545245,4.88934403669725,6.3753222222221995,1.773344444444445,6.7115,14.236409118198239,11.476668598269045,4.792862842326681,10.606703291850422,101.9033742252291,493.72825305908924,177.78087640181184,221.65734553709626,469.5991985499859,729.6186056919396,26.401248760521412
353,0.516557956777995,4.874794117647061,5.1037663551402,9.57515625,2.01295627376426,9.875406779661,1.316858123569795,6.4656966292135,1.57974705882353,5.5003469387754995,1.2825779510022248,4.064866438356165,9.322204918032801,2.084199233716475,5.9167499999999995,25.49610043904971,78.13400134761497,7.179152707489473,8.567526301124769,79.97275520271829,567.7295150235295,142.18190917745233,241.68842937797308,511.21340366080403,896.6818451881409,20.975852385163307
354,0.121648320995601,3.25970870870871,5.90077604166667,8.45799264705882,1.5820640465793299,8.80721551724138,0.556508099352052,2.54792070484582,1.34063747228381,6.220666666666671,0.56716625432954,1.95257894736842,5.45906603773585,2.0066421052631602,7.1291180555555504,18.001185569336517,148.78729403082122,4.971234609134745,5.485059354021993,13.163216215825534,584.9078763276339,80.0117151811719,263.93658481538296,651.5263114124537,1005.7787643745543,13.659382238984108
355,0.929317488789238,6.72437575757576,5.28528372093024,6.495916666666661,1.4544700000000002,6.904006249999999,0.9020111999999999,3.26090847457628,1.5528776315789479,6.13232222222222,0.880588888888888,2.47162247191012,6.740477419354841,2.18206296296296,6.18959444444444,20.322017920366058,15.041965973327553,6.065088938163879,5.4407281845868365,19.602002977677174,475.5761520937085,93.67534425109625,209.74740386009216,449.5465476065874,585.9227059409022,23.9470973610878
356,0.4022,5.705661458333325,5.3280388888889005,7.56644444444445,1.5352567204301075,7.641621621621626,1.080445,4.7624353448275745,1.4334633152173923,5.567422727272725,1.1175445652173925,3.79913839285715,7.972984374999999,1.8821136363636375,5.957738372093025,29.670422811010155,12.993816329196822,4.893855016310452,7.9288286044058065,54.54459997587407,573.2428398914635,132.47777242213488,206.56054839491844,522.0410297624767,1040.4649830888957,23.290124954655766
357,0.45986347197106753,5.569425925925925,5.6677555555555506,7.701500000000001,1.4379225888324876,6.93461805555555,0.59267705882353,2.2097706185567,1.8031859375000001,6.55491025641025,0.826861736334405,2.508651960784325,7.374772058823526,2.0545277777777775,6.5629756097561005,20.643976285369316,18.640877609329127,4.599915766713075,5.842344037542419,108.46705584174725,584.6202198881656,109.26707764156163,233.0981136765331,566.8145720846951,898.3492036350071,16.65267627686262
358,1.1091891304347825,6.157833333333337,5.792048913043475,7.728441176470588,1.563646978021975,7.36233125,1.0226475563909776,4.129710714285713,1.443492424242425,4.841640625,0.9396215517241375,2.5431974999999998,8.049352941176474,2.5233675,5.373285,17.53823443765618,13.557962004160066,6.31629237329986,5.623609491955884,47.18870656473147,416.5207297774032,84.48112348560244,160.80317727755755,369.87708881497383,597.5583597319201,22.708089090883732
359,1.0568542914171666,7.412972222222233,3.107176811594204,3.8425192982456,1.4331510611735334,7.706156862745099,0.64307581453634,3.1597962962962964,1.37989303482587,5.190114035087734,0.9809171428571434,2.8841016949152536,7.952241666666667,1.66953364632238,5.852082051282067,20.11997439565684,12.653269910095794,3.9144297622304673,5.665123300342274,95.6321711824482,468.9393953109781,75.87602206816275,212.72439820071062,488.97449548045796,815.6596682965755,15.546102076768875
360,1.05214126394052,9.04304237288135,4.776241228070175,6.06057407407405,1.8174390243902452,8.85115384615385,1.3949743902439,6.2208797468354495,1.26422969543147,4.59491379310345,0.9964395711501,2.91001990049751,7.3244029850746495,1.721932024169185,4.82007142857143,20.58614076877473,10.817469182443961,5.662143665921609,6.332426161287787,12.318270819835579,466.28027921542525,127.06468114629388,236.41724837943912,436.7578658275306,753.979932051152,26.18414582684636
361,0.33489808503732665,4.405708333333333,5.490600000000001,7.636346666666667,1.6392319508448534,8.026680555555567,1.332059040590407,6.085827380952367,1.4129579945799466,5.3669014084507,1.15309,3.731636704119867,5.918088541666666,1.97649149659864,6.106918032786901,62.86367171796359,55.78651205916949,4.498387913983376,7.574069173670995,43.07891784722287,418.8649666806062,134.75720770657063,202.05366890877485,484.21422640482587,742.2270408521096,29.183334360520046
362,0.9624329159212881,6.71475151515152,7.28232515337423,7.294143884892089,2.21355303030303,10.835095744680899,2.14776908752328,10.8867368421053,0.983181506849315,2.76568883610451,0.9715518707482991,2.7584987593052097,5.18262222222222,1.5532215988779798,3.26375796178344,11.864125465231742,5.185250457156659,2.9516470825259895,5.62337664498307,7.101423085305274,306.23157508671284,131.0759223997593,135.2165825664997,238.98326326161623,477.4424945935607,29.426603578031063
363,0.501472527472525,4.894256880733945,4.915118644067795,6.71126623376625,1.5365765171503951,8.12676229508195,1.03466696588869,5.0026898148148,1.481077030812325,6.2568287671233,1.054143772893775,3.895005263157895,9.077549999999999,1.9341795302013398,6.74795569620255,18.82855244981788,13.739515839603563,6.784403972657409,7.821293253873775,77.6122696850935,505.77305955812335,123.4313123859465,251.55009934678674,531.8378680385649,735.4183821007609,16.617297660559416
364,0.453616421052632,5.17026666666666,6.33904827586206,7.17532121212122,2.02502608695652,8.45239166666666,1.668127272727272,7.227531250000001,1.513081818181818,5.40425405405406,1.134425615763546,3.54926461538462,7.5708275862069,2.31145490196078,6.04765789473684,54.449042025636444,13.094564662342426,5.864244870406395,9.010365426055936,21.947849245015597,462.43599615991116,150.71811620146036,201.64949353784326,465.39207454770803,703.4402061253786,25.049480609595776
365,0.55137030812325,4.9611884057971,5.743206349206333,7.627548148148133,1.4193402489626568,7.5782370370370336,0.6975144404332133,2.852052083333333,1.2283796296296299,5.4167164179104335,0.7733709468223099,2.621910447761193,6.703617283950599,1.6613418079096032,5.628763285024167,16.039159516369125,12.669355209573673,4.622474023056975,5.689770482331042,56.009762960500744,455.6361973906557,91.32392394045989,173.0360478783647,400.4967088500659,621.8761671334505,19.468933654328186
366,0.456134940778342,4.99153603603604,5.91154913294798,10.6236237623762,1.52225391304348,8.843672413793099,0.36475214217708696,1.2533479289940799,1.3353228346456698,6.14450898203593,0.67330737704918,2.03427186311787,7.42432051282051,1.74105943536404,6.16070212765957,22.265617412172176,14.376109611671211,4.933668623202763,3.864436265886558,12.014954640900996,579.4189870357513,75.15964098274708,277.34304312616587,565.5881948769093,1002.6809526607395,15.62400721013546
367,0.3680585,4.890397196261685,6.100188172043,8.174271428571451,1.3728320802005,7.5804351851852,0.2980313192904655,0.635063676633445,1.195002074688795,5.56549029126215,0.2818643973214285,0.624916118421055,8.5191101694915,1.6758704268292701,6.25327956989245,19.492602285543732,80.21507154096929,5.849083532617108,1.3081895013616944,22.411237780009955,535.4580353014171,80.51060140132904,231.4400509931147,556.7985353991389,885.8473156578839,16.374001279473305
368,0.16292032314272098,3.9362013422818802,3.05326329787234,4.5514979757085,0.676528191834089,3.98162323943662,0.149900884955752,0.6607174202127659,0.841788953009069,3.9780419847328203,0.13532118900434,0.65461114589856,6.17949468085106,1.18518255033557,4.52784980237154,13.196162599349796,9.886676272734011,4.304420086129712,1.2923536051468167,10.48517824068583,262.3224165290594,52.244728431105614,170.58646772056818,362.43845243006945,776.4390204101801,11.962512508034706
369,0.459862231759656,4.60356078431372,5.45388292682926,6.618551515151521,1.7839666666666663,9.001488,1.088760846560846,4.70551555555556,1.474569736842106,5.344531578947359,0.939764757709252,2.6429795454545397,7.2836375,2.0310990990991,5.7417549999999995,16.582539352649,38.889579481628346,5.222458746783678,6.302733745378069,18.12277893291222,482.92722553014755,116.06489308178425,211.3008964806795,432.904539629817,664.876913651824,22.60815817862749
370,0.12555781267157098,3.25636526946108,2.78955922865014,3.96883196721311,1.60420775193798,8.41281147540984,0.324363109048724,1.26458196721311,1.88597064220183,8.66166666666667,0.620326811210999,1.88546328671329,5.425741784037561,2.4115995934959398,9.81954285714286,22.275711604631354,21.371516917610986,3.5667610431480203,3.8232396905198147,17.062197119462464,701.5195908024907,83.60950741916895,326.2568963691592,641.6161544620991,882.1922820061445,16.879686154425144
371,0.3670428299492375,4.753602678571425,5.67779,7.3419358974359,1.8158375,9.82033653846155,1.0691231343283576,5.232459183673475,1.5143926701570676,6.531323863636375,1.0872605363984675,3.7587533783783753,7.213465277777775,1.92882867132867,6.4323589743589755,19.388255390629407,47.121379132565686,4.953340455810082,7.14240926707686,107.4184286464266,521.0358474869281,137.64900504611433,245.05967739969492,514.7396994289011,849.2194872815162,18.867698963731527
372,0.243561237645037,3.26879351032448,2.92863171355499,3.97996212121212,1.6481894273127802,8.402410852713182,0.68114996544575,3.8207977528089905,0.9887239685658149,4.51575,0.616288244766506,1.9171985688729902,5.458531914893619,1.45040456769984,5.52364615384615,22.158324187829546,38.80622912528553,5.891878790926463,5.524949932044226,132.12859075570623,658.4585178643465,81.30429778248072,246.23998906463385,452.05107890069485,552.6630906388164,14.840392395853996
373,0.16274500637484066,4.009864468864467,4.090759856630833,5.8496205128205006,1.4309438339438332,7.4592482269503675,0.7907270051508467,3.4113087719298334,1.3548968553459133,5.414970149253733,0.8403786104605767,2.7022487179487165,6.475150943396233,1.67761320754717,5.787636363636366,17.595019027431796,55.40924925191643,4.758940911199494,6.1134270597618965,98.18480350700098,475.06440120438737,96.45181708037853,216.67585242539644,507.85853527486324,866.1156132196387,20.716634268562
374,0.2536376146789,4.3505245283018805,5.13488,6.3323,1.58473525179856,8.77826086956522,0.712656944444444,2.8050849315068396,1.3344799999999999,5.694954999999999,0.7573344947735199,2.2020304347826,6.94415862068966,1.8466092592592598,6.129812121212121,27.125864605588088,39.74367559407706,5.3975981909463915,4.859310332754065,93.63961030758368,474.2374923080206,84.3718508258462,210.36568097770214,474.031874909997,805.3883863613008,17.897523939609528
375,0.26204256292906203,3.5860233333333396,4.49098723404256,6.02722051282052,1.6901968503937002,9.131313043478261,0.657405806451612,3.0850137931034403,1.635360283687944,6.540036363636361,0.851469387755102,2.40298105263158,6.5709515151515205,2.32910537634408,7.0396424242424205,23.024449140652376,70.24669069189217,5.185366795035359,5.455000648913403,46.765563007763184,628.9807986468077,70.99064532667398,280.3404163569212,593.5879005119205,807.6658193022012,14.064437709748745
376,0.167124701385571,3.2414180790960465,4.7538888888889,6.642466666666667,1.4058196721311467,6.978580246913567,0.7777794985250733,3.1095052631578937,1.2435245901639334,4.7934115226337335,0.8410117370892034,2.34637218813906,7.4889251700680335,1.7246451612903233,5.295872146118733,25.651057744454302,55.701590711496124,5.449811846761087,5.166755369540077,97.98505817227345,478.1516579290231,89.65008116016786,177.81214167674383,404.20206884543103,715.6138230736057,18.507832040389378
377,0.33195732734418854,3.991793706293705,4.336487603305785,5.78401941747575,1.75080447761194,9.3601754385965,1.30074157303371,5.41408018867925,1.226910165484635,4.536363636363634,0.9888579654510551,2.8472449999999996,7.53017708333335,1.700916666666665,4.697700854700855,12.029670916445511,8.7101846610555,5.384656850312126,6.449154885752892,14.03601619662687,418.49149856716394,98.17969985306263,166.32311744615436,417.67845395952463,694.1659492440522,24.48274753987789
378,0.6107861409796901,5.298609375000001,4.0671524822695,5.759702020202017,1.7438299319727832,8.774666666666667,0.9161078431372549,4.07508680555555,1.9011923076922999,6.825910714285716,1.2111350210970466,3.47409567901235,6.950922619047616,2.883864406779667,6.620459770114951,42.312125360473566,58.92892999224393,6.047890221256531,7.249567971181349,83.7321134232669,483.1501826023062,101.90981362635891,238.26935406153402,489.9648134596646,705.789173177133,17.657251252482336
379,0.67480353075171,6.8337738095238,6.44004375,7.08558783783785,1.442134816753925,8.137198630137,0.3201610310421285,0.9733940886699499,1.5864646153846151,7.3451575342466,0.4804850374064841,1.28544730941704,7.06771875,2.011050200803215,8.082609374999999,22.454715349627257,22.7021125481607,5.635256182863805,3.501021245909518,73.39818408305759,547.551701311022,87.67888648435473,289.0246221795678,567.2850529663265,829.9054112285376,17.720344476401806
380,0.2998808016877635,4.2204384057971005,3.14322252747253,4.487334782608695,1.2714028697571749,7.52124528301885,0.24159628865979402,0.96184436493739,1.24289814814815,6.08736904761905,0.354267835178352,1.296652901785715,7.070947761194049,1.7714283333333352,7.10485975609755,17.758902350690615,17.62979331330704,7.15487477975913,2.597552101313603,72.42601813741017,506.4840894192457,63.648668583482504,217.33330795541406,546.2054396048188,696.6989138163626,15.424448065459728
381,0.5149536822603059,4.250545098039217,1.7921899159663883,2.3247142857142884,1.7892873949579826,9.216465240641707,0.5008784313725488,1.9458102466793175,1.9822110726643587,6.394691176470588,0.7546833105335178,2.1854204793028296,7.329957219251353,2.492975935828877,6.2369786096256465,,,,4.423753122961291,,470.7700326381361,68.27253382652998,215.6578004360199,477.9983818640604,1004.2518993620487,13.106881969553584
382,0.437750746905676,4.9304829059829105,5.93049222797928,9.161912000000001,1.4499556509299,8.5465,0.319252060244388,1.25964758698092,1.2336496018202499,5.86454970760234,0.57928912601626,1.9532985074626898,6.66739102564103,1.72985735080058,6.8277482993197305,17.68533127286411,12.717520808417433,5.800812209212964,3.8412612253988874,131.66449608052997,602.2792309522629,78.66662926971912,278.92987709492445,646.8009669333696,770.8863588050008,13.623805716633797
383,0.117067921064709,3.28291054313099,3.01747872340426,4.02733333333333,1.5017852941176502,8.55942,0.458076311605723,1.9696465517241402,1.1236143308746,4.99484474885845,0.6508402476780191,2.1490413385826796,5.42548815165877,1.65380142857143,5.5156428571428595,22.302715247835753,17.18207140535798,4.309420313285591,5.5440429030497835,132.74997663154184,536.4577751606703,92.59821381419897,213.4519163519144,546.7086331918836,650.6963400170207,13.806484639644623
384,0.40430709495234696,4.943759090909089,3.3720855263157903,7.10624025974026,1.3019525,7.8376796875,0.337538595473012,1.35582901554404,1.41377325581395,7.09833333333333,0.646431024930748,2.13770682730924,8.069651851851852,1.9175403225806502,7.827386206896549,19.56065727417949,146.98422658678467,4.3414316300514395,3.841129950741675,133.27970497038288,758.570758625865,78.57128512114286,217.09247957915068,644.5396691560745,966.2434225901961,18.480094149708748
385,1.0492447013487467,8.5576956521739,1.0897459807073966,1.4693564993565003,1.5286058201058201,7.87744,0.6539008403361334,3.1070287356321837,1.2387241379310334,5.989944444444434,0.9458689138576767,3.6245500000000006,6.922154320987667,1.6115000000000002,6.748033333333335,63.05368177337382,18.410707955357445,5.17180235889253,8.498288322748492,16.981707677804547,560.2336721494794,92.29886345565319,247.19161447137594,611.3433589537939,767.8037354101738,16.371067613363266
386,1.0191524334251612,4.6080000000000005,5.681751322751322,6.951069444444445,1.757928104575167,7.472790849673199,0.9829972899729,3.554964157706089,1.6287762345679,5.158409090909089,0.7230006901311257,1.7670912106135999,5.977339181286555,2.3662777777777775,5.296159420289856,29.54397644358117,11.642667730358966,3.6980691838055404,3.718588470598203,36.006981511190055,427.2186171470417,75.90779310299291,182.50010390248565,420.81421189424066,661.0897887084219,18.923776224255562
387,0.419183315038419,5.06224390243902,3.0353033033032997,4.47753846153846,1.86108435852373,9.810623853211009,0.6499678873239441,3.43147157190635,1.51272907801418,6.79333757961783,0.625769896193772,2.0094363256784997,6.11193604651163,1.95796326530612,7.708579710144931,25.50899052476841,146.62080195436675,5.115411070332304,5.577477342037802,14.487305657516147,580.1660940051079,103.9460301399231,244.98458951711655,600.0521127134562,1298.5137524083257,16.465596854686737
388,0.160286337435738,3.2787798165137603,3.1503769470405,4.74433640552995,1.1504781312127201,5.9731270718232,0.193422331011109,0.616245804006497,0.85506135986733,3.7309968553459103,0.178964374895955,0.5960037950664141,8.77725190839695,1.26940176322418,4.80235222672065,20.715342941778175,12.812360165698507,3.602283991290737,1.279382577526001,130.84946515821937,471.80531546473503,80.57225495576859,179.44411374628544,403.39629631489515,771.1033336818218,12.522679753601551
389,0.805388364779874,8.26135114503817,5.70896111111111,9.35557522123894,1.46462435897436,6.76905369127517,0.373611254851229,1.3546645077720199,1.48291860465116,6.21489795918367,0.6188412794206399,1.9637901701323301,9.68645762711864,1.8737719869706801,7.14388957055215,17.865604397276833,147.09371500251856,6.865539708224102,3.8378525328436806,18.7514739335461,547.4962061271071,74.57409519702196,225.404417142272,540.9750156104565,847.5225884467363,14.468305744230747
390,0.7845414141414145,5.318445454545454,2.186621212121209,2.7497153110047816,1.724508417508418,8.26027972027972,0.3911243818942563,1.3997493506493546,2.1830098814229273,7.1425104895104905,0.5097202436738518,1.4906914212548001,8.366644628099174,2.835439882697946,7.639944055944054,48.874137706267085,122.73011053600793,5.495464661702535,3.258409937519579,62.505707886256275,669.5835089141673,72.47234355996956,295.03622473302215,656.045571138913,931.3399607146329,15.045154247094285
391,0.9990039331366766,6.852456140350867,5.084779569892467,6.568207547169799,1.7604333333333333,7.589362962962967,1.2260800477897267,4.9195,1.2713730994152033,4.725061728395067,0.9963961605584633,3.0432405797101434,8.179734848484834,1.7391263318112633,5.288354838709666,13.647878189048816,8.605620565212337,6.861389935311318,6.104331306330869,53.2335442296021,334.5703628535072,109.15797514220078,172.1412797148029,354.9147940551241,504.6009784564376,21.665900324781735
392,0.19737551369863002,4.035253731343275,5.07660795454545,7.7010945945946,1.2838165887850475,7.036190789473675,0.9822790697674424,4.82846,1.16870340909091,4.285042253521125,0.861514925373135,2.57943,6.64009210526315,1.6093145695364248,4.58085714285715,50.7144345271806,10.699085637849816,4.486569097868023,6.1254887295529095,17.404878738204584,391.8682923540473,111.93540412932634,169.3804981186986,392.1635274309665,789.0450244303793,22.612628526985645
393,0.48447463768116,5.0423380952381,4.042477272727267,6.016927083333333,1.9371269035533,9.936424242424232,0.8763531135531134,4.3739962121212,1.7387067307692299,6.573057471264367,0.8532959268495434,2.1673151515151496,6.290170731707334,1.9998289241622567,6.873487179487167,17.224542132511925,13.076178209480675,5.19736774798665,6.151180098327746,99.08680738228908,494.6157957116763,99.19267613440752,238.34491148591042,500.3060679882765,852.379008817176,16.009404013554256
394,1.05031027857829,8.58838709677419,5.96820618556701,8.872437499999998,1.25447799511002,6.80112751677852,0.516302638128422,1.98884555984556,1.72544251968504,7.60090131578947,0.724538461538461,1.9868007662835199,8.151456,2.3678977505112497,8.99662608695652,13.174027403660645,149.85746197498446,5.983228291337903,5.527496687542239,14.53242174785783,667.5363285467029,107.90610685944557,353.5425756126642,653.361389413476,935.3609988465905,18.61231867223978
395,0.151697656351159,3.28136768802228,3.09688471849866,4.18648846153846,1.0000576419214,5.60659550561798,0.45461896322552103,2.00226875,0.953489189189189,3.97601365187713,0.6270310596833131,1.9635245009074398,6.89083783783784,1.32417948717949,4.90334583333333,13.271808621318971,8.45822107956286,4.3011258339139555,3.8316316693342407,133.86296809260804,355.15439230948687,79.49776481837034,180.40791619569063,350.5915170535445,688.893930055201,12.583495117723942
396,1.01239980256663,8.72780882352941,6.78843,9.788669421487599,1.53497615499255,8.630285714285721,0.8699551330798481,4.54341379310345,1.8332462057335601,7.30709,1.07916683417085,3.4063636363636403,10.3905663716814,2.57522037914692,9.336918181818179,70.1477778134918,24.424367954467886,8.474110757998922,7.038128309254876,132.00144823854004,785.180157981813,75.39107464253902,261.5090925246477,663.8220744207501,1179.167185910046,17.365580424666405
397,0.15856674945669,3.3140605095541398,5.90708205128205,8.5393046875,1.79755351170569,8.81596946564885,0.7929330909090909,3.96208650519031,1.81200517241379,8.150453125,0.662701277068295,1.91748952380952,6.14635838150289,2.4984922048997804,9.33102608695652,152.8278889476941,148.1167719452321,4.970052605978783,9.647955995819641,25.44525087115363,731.8876450881362,125.36244466900826,276.53113938868046,660.224980674684,982.398074120283,18.985290080308914
398,0.59895563339171,6.3029938271605,3.15058807588076,4.241139917695467,1.3817709137709133,6.147833333333334,0.7939141055949567,3.097714285714287,1.5560532786885233,6.0364427083333325,0.9433000852514933,2.7084080000000004,7.9794074074074,2.0455940409683433,6.811423076923067,20.744987546724147,55.857486452953815,6.1168504420675776,6.597700020066,62.91933330540929,503.6410487567385,107.78401823093493,241.75915556649366,578.2249538848797,943.6360793188214,22.368466792007286
399,0.7381501925545569,6.74930167597765,2.91464705882353,4.11042264150943,1.1861312017640602,6.9042095808383195,0.41641380556559504,2.0229376053962898,1.19137471264368,5.44992018779343,0.577734116390817,2.05203278688525,9.43342056074766,1.6163459119496901,6.345038888888889,19.28104686175627,15.793672720080535,9.205049550168788,3.8414726320812855,21.163375113909815,424.53391943126917,81.93706162273884,255.92960882931948,511.90801896154886,775.5223195999861,13.735098764300346
400,0.141299259455171,3.28492452830189,3.07358870967742,3.73572101449275,0.9914194444444441,6.205802325581399,0.278858069748581,1.26083974358974,0.670386649041639,3.5902625,0.494006499535747,1.96844688644689,6.12231034482759,1.0713117370891998,3.9623673469387795,,,,3.802543560980561,,354.4710576534271,75.70665329694748,123.96490201354025,410.3977931663394,1020.6995997577907,13.253092765808105
401,0.942456481481482,5.24887619047618,4.92654761904762,7.951296551724139,1.32017090909091,6.16554054054054,0.8820439393939401,3.5728074074073994,1.515074829931972,5.44197222222222,0.9544771929824559,2.8791183098591597,7.856496296296301,1.9827615384615378,5.7980285714285795,24.644257016957216,17.68296964395666,5.326749415683157,5.981179943878391,26.45989403130809,501.23318564146757,92.8898761048913,208.07251799851656,538.9123223721981,664.5818660035729,20.521143451333046
402,0.861594298245615,6.8409476744186,5.7490111111111,7.983773437500001,1.60520467032967,7.36315384615385,0.9509661716171625,3.586262345679,1.403645945945945,5.223545,0.899577526132405,2.5376973684210498,8.802789062499999,1.9703042763157899,5.619095,48.29800811860106,45.14111530386035,3.8840640628318623,5.674987560811056,17.734219660257065,436.80089875124395,92.64042600989342,192.05923308618367,418.3163517154753,635.2036551106721,25.044323410838842
403,0.0937706025398541,3.36370231213873,2.8508,4.00295149253731,0.678165586328816,3.9338253424657497,0.15263863066253502,0.658571244358478,0.807546592489569,3.8989248120300797,0.13895308509208198,0.619227573750753,6.08180423280423,1.13071240875912,4.8538590308369995,11.697946728214262,17.213233885253608,5.027629363182816,1.2935255106377386,11.823199824258902,318.080116994679,84.15884803980589,162.20961697399616,429.9004562199116,484.84988510608673,12.262281961739063
404,0.451262598425197,4.05812121212121,4.5886504065040645,6.4882088607595,1.2789278606965149,6.89984,0.466743078175896,2.098461240310075,1.45431920199501,6.1325543478261,0.71460315374507,2.128322878228785,8.2167846153846,1.66212134502924,6.1359354838709494,20.32412333607792,15.829068832875754,5.879271903508407,4.8959952908301165,77.47637452456809,431.9366766139865,72.7463630028069,192.83865112811327,509.5355561934411,866.6503592394292,13.112148735672235
405,0.43866949838187663,4.411513108614233,3.916109965635733,5.533190476190467,1.7677145214521468,9.4577238095238,0.3348475943532134,1.4435893108298166,1.3983646209386267,5.969028248587567,0.37419311911716996,1.1450264550264533,7.2851489361701995,1.7620747384155466,6.307277777777767,,,,2.8169767840458504,,497.98608136673766,63.17368242889643,240.5982231721282,571.1118302618464,940.1728243877491,13.012167376776537
406,0.534607414024118,4.867,6.22175449101796,10.0287719298246,1.7225333333333301,8.25735483870968,0.851978830645161,3.54656013745704,1.74428846153846,6.66656395348837,0.846206176961603,2.12327325581395,9.614925,1.9814067460317502,6.88911377245509,14.780211202073525,11.461102083472023,6.8017052612792765,5.559535817956224,133.9376533872514,429.90881484001875,99.49072264134884,232.07059130072594,515.981181524694,647.3548244684935,14.941208064556122
407,0.455577252344068,4.84653070175439,2.84796685082873,3.55807788161994,1.25121739130435,6.812505882352941,0.427064775613887,2.02451504424779,1.0355983935743,4.69832128514056,0.5810633047210301,1.9349325044405,7.4376910569105705,1.40249806949807,5.70494059405941,16.302350417944282,9.874422905294361,8.242685067750962,3.887709817757046,133.57626104893222,365.7961031422019,87.22089696675539,156.9303683936596,431.9907398894429,1191.5963143110275,15.25429543107748
408,1.59737573964497,7.6663695652173995,5.17198165137615,6.7568860759493505,1.48471593830334,8.106250000000001,1.03129659090909,5.14058482142855,1.343890300230945,5.27678921568625,1.1781290322580649,4.23523140495868,5.13575,1.9176945337620601,5.9641887755102,95.74994151747903,77.83860166469476,7.191887984189184,8.51868352275904,35.96857046642288,505.169341340661,151.49834798648953,220.35777801647782,376.6978741623461,846.6761442832649,22.191752213984728
409,0.48219906542056096,4.9781972477064205,6.2877656250000005,9.244241935483851,1.8257232142857152,9.6935918367347,0.8911748466257651,4.112232394366195,1.659952173913045,7.71581896551725,0.9158662361623601,3.533847517730495,8.2975241935484,2.2138627450980404,8.408156716417901,85.82075834694517,19.632392619602545,4.670195306129035,7.763735067703636,29.572810047309822,549.1839372552931,109.09460252150893,288.08130882680416,645.7293755374849,977.7935687452556,16.998557839542627
410,0.428542687747036,4.97715668202765,3.39019141914191,4.68277168949772,1.33257356321839,7.43352083333333,0.421552026286966,1.3935297927461099,1.31341868131868,5.60284153005464,0.689163414634146,1.97191034482759,8.946377049180331,1.84841034482759,6.2953825136612,14.811563366263039,14.221548916462924,5.8023332283420865,3.8378691657307202,18.791407049552465,536.7136793211102,81.07826579362154,276.1939540505409,667.7316967397928,981.515133753419,13.752817176282406
411,0.408326669046769,5.554799065420561,3.29574285714286,4.07129893238434,0.952955074875208,5.44285520361991,0.24461915621436697,0.607867553191489,0.915865820489574,4.63347257383966,0.23814137931034499,0.6075236198064881,8.1664765625,1.37875274725275,5.49794444444444,17.67065599325621,12.740439439961252,5.802864741028585,1.2913316019437644,9.22824853289791,451.005669310689,49.25460088998079,233.2390984520316,457.72725716233253,611.3357376307249,13.562291860580444
412,0.478354026845637,4.87789075630252,2.89085465116279,3.64356028368794,1.4365018450184501,7.50457718120805,0.381606409794743,1.44208803301238,1.28025186104218,5.32639901477833,0.6516050662061019,1.99864889705882,6.77607284768212,1.73319461077844,6.18287861271676,15.011910646090843,15.613122236894387,10.082618502270844,3.8341598766006535,13.180845611220825,547.7482918649912,85.38321126252413,254.2993985116482,517.8395425900817,869.8534220457077,13.804412446916103
413,0.3571607856191745,4.969878504672895,6.454325,8.2353951612903,1.49234226190476,7.990694029850751,0.402074308300395,1.4214298029556651,1.741118644067795,8.6263474576271,0.772520080321285,2.408100840336135,7.508886666666649,2.1998125,9.0532033898305,21.736644205496177,19.00695907445557,5.617245839813854,6.313697240327785,70.81579681073403,764.1993695870042,68.42986913397908,278.1733521260321,621.6893089003861,784.9352550692856,15.793298371136189
414,0.848846955128205,7.6334437500000005,3.245448863636365,3.8346296296296303,1.7238064516129048,7.25497260273975,1.147732142857145,4.5216875000000005,1.5363764044943802,4.735564814814815,1.259859953703705,3.437894736842105,7.63083333333335,1.85637091503268,5.4227935779816505,18.115735754056022,76.67293262098991,7.652612851368536,7.0709759581303775,14.727990978997415,472.3554477095604,124.22277359291911,212.86634728312492,427.9581131413579,562.4160869047046,20.04154957830906
415,0.256083556747095,4.055875,5.385569148936175,7.34109285714285,1.8411801948051951,9.785035714285724,1.4095288461538449,6.29945,1.7246993670886075,6.6322302631579,1.13508075221239,3.36307720588235,7.6808618421052754,2.316279914529915,7.102603658536575,16.932679996887092,49.59482312086476,5.072911723437872,7.28358308045611,15.28951319279756,508.85777454823256,128.074613166973,240.78711867332458,446.0655909497291,734.4843819737434,21.105451742187142
416,0.17666488444291098,4.58281526104418,3.09974285714286,5.173252525252519,1.28131368186874,6.67975159235669,0.408612168719672,1.23951652892562,1.20209465478842,5.18322624434389,0.6929594430992739,1.94995164410058,7.35120886075949,1.67402639751553,6.20617553191489,16.147843802183072,14.331914791548032,3.5071051394855433,3.892494488501585,132.59852509830378,410.89141741394997,62.27234844118357,180.34595996141434,463.7027159333229,492.05017276108265,13.107294216752052
417,0.266850847457627,5.0766800000000005,3.0635582089552202,4.185,1.32816340621404,7.32823913043478,0.43199529914529905,1.97915034965035,1.46913880126183,6.47081111111111,0.7486569847856149,2.5757286324786297,6.68995808383234,2.1018053949903703,7.94376153846154,20.841804041745327,29.960517736932445,5.0294750564489705,5.456177217040949,13.13233237271206,617.7670788019896,78.9338257163763,234.82856340706348,532.9862236976624,1144.2519957199693,16.07669983059168
418,0.7071999999999999,5.00352966101695,3.9455972222222253,4.8006491935483755,1.4305569948186525,6.797517441860475,0.59719275210084,2.0909945652173922,1.3865868421052625,5.45565425531915,0.6639964871194375,1.9501249999999999,8.97664285714285,1.9073506944444452,5.900451086956525,21.286821401997447,12.223033253242722,7.009181738505905,3.8532492322856653,49.845458866874665,423.95711643621325,96.04000952094793,197.74895627051592,492.5930232275277,938.9514394570142,17.056602519005537
419,0.4576514188903,4.9762813852814,3.0308157894736834,4.0871508771929665,1.3453666666666668,6.6527098765432,0.5495122863247867,2.2916577181208067,1.3312166018158234,5.476995024875634,0.6822654690618767,2.4429866666666666,6.693477987421399,1.7659261168384868,6.470584905660367,35.322566018581284,58.97184122988913,4.881308834268717,6.153081586302542,83.29489475209391,478.2332495475809,110.68223975598812,206.27660366396108,475.31113183746737,575.4869043206176,21.674934153755505
420,1.0438081002892943,4.934325791855206,1.873432637571159,2.648508951406647,1.819936134453782,7.456834224598942,0.6414105392156884,2.4067036199095,2.2427867647058823,5.593666666666665,0.7078741302972824,1.8285327731092413,7.118989304812823,2.405474789915965,5.347541176470589,29.336173058760984,22.130765988111076,5.708982943579903,3.8608375846207226,75.92465805781607,443.50336607107346,77.35390544814221,177.53072384306614,453.0908854897408,872.7163487278364,15.111782533280989
421,0.3844923941798933,5.667319047619034,5.8323585858586,8.4913,2.070854901960783,11.17106862745097,1.3688833967046898,7.2137400000000005,1.3579414758269734,4.827494444444434,1.0729878957169467,3.1756391184573,7.367455128205133,1.7719641744548298,5.2305980392157005,22.05210049173188,55.287857764741254,4.9221048387444695,7.134837389350488,59.11611969621375,416.5184839318196,107.81159314016502,170.21421808749437,402.0747651035587,703.993858769536,19.424168082575004
422,1.109727272727275,9.615561403508751,3.1485779220779198,4.256406015037594,1.258864864864865,6.2148273809524,0.867761784511785,3.72728064516129,1.13146966731898,4.251086776859505,0.90672037914692,2.82302762430939,9.8217155172414,1.59514376996805,4.774703883495145,15.833426565815147,11.464049817104167,3.3289350602901413,5.639503317788293,14.528967415154744,424.4631272740662,108.500721398741,188.5766047053039,390.11386688798666,477.2574291564524,20.895444322377443
423,0.195925286373739,3.36585318559557,2.8774900990098997,4.9995414847161594,1.46703914141414,8.09471641791045,0.700601,2.9431853785900803,1.01793603603604,4.24442023346304,0.70590808569454,2.10465384615385,6.82135714285714,1.4339121887287,4.79122406639004,13.376102129081158,11.395210292432376,5.061496644598399,5.601705785452591,132.81948235559773,404.8417787998915,75.04315581172705,187.3929752036929,543.0099321529269,1038.2357286289334,14.52749129384756
424,0.167074713477441,3.29765804597701,3.04528644501279,5.34319170984456,1.08813702359347,5.92072916666667,0.15310230926629598,0.63545240893067,0.72496,3.2500727848101296,0.140012541022035,0.6201633016627079,6.15363157894737,1.1200572769953099,4.07680833333333,10.23951839469559,8.43093627785661,5.81976220721141,1.2932624770391794,131.83537191103844,342.90896728634834,79.56225890666246,120.24480383843184,368.91335621476173,480.1482893526554,13.195001520216465
425,0.567154255319148,4.64829565217392,4.2246125,6.62170285714286,1.577994074074074,8.120466666666662,0.865588014981274,4.23167272727272,1.5763420289855081,6.15971612903226,0.870115322580646,2.39049072164948,6.3560054054054005,2.13696767676768,6.5361,18.126659945821466,13.298493550978076,4.896068037960362,5.789108055245168,75.80089571812007,452.3587366566062,99.27646722644567,200.81256050616506,471.29503451287746,907.1034844964743,18.550720997154713
426,0.494153065539112,4.825337500000001,6.11288108108108,7.30953676470588,1.45477098150782,7.97597810218978,0.59121249359959,2.02466194690266,1.61021124361158,7.35629299363057,0.882252747252747,2.65861333333333,8.23196453900709,2.28433954451346,8.18609090909091,18.11006723570696,16.120364589686364,6.850367441527762,5.631477938399246,25.433672609802016,580.7002307847142,106.7103585228324,248.28305467963222,566.1844974383712,744.8575226590037,16.305316239595413
427,0.12453930615582301,3.26249240121581,5.6739833333333305,6.30759171597633,1.60172361111111,8.158218978102191,0.5448580576307359,1.9765041322313999,1.29890653153153,5.335984375,0.786697414395528,1.88208241758242,5.4312631578947395,1.7515356125356099,6.2098085106383,13.397299838818896,14.111161207394849,5.073835555180611,4.121714398818507,131.22809219080202,373.9966545253992,75.9257934987545,191.1079278215766,412.9007924348116,734.1542281210423,12.423796579241753
428,0.8077141732283462,5.82720555555556,4.0861428571428595,5.14111111111112,1.025012121212122,5.23217777777778,0.6028867532467539,2.20923010752688,1.196371282051282,4.89365217391304,0.737222857142858,1.987145614035088,7.175531250000001,1.6816600000000002,5.01753846153846,17.07632891167058,14.837854376452109,5.337293506232703,4.86566723248266,66.39991198898541,388.09878285974264,75.63772611320019,177.95757856220007,404.4895432889462,636.7152323946357,16.744760796427727
429,0.218340561946068,3.28524679487179,3.19939889196676,6.09071348314607,1.4337782426778198,8.35935658914729,0.5722959641255609,2.69904941176471,1.9094189944134101,8.11821804511278,0.6306974327628361,1.9443922204213901,6.0708351063829795,2.48876515151515,9.52359842519685,16.387422929767283,17.25200730775185,5.832925576233196,3.833069769924989,24.033178583049974,589.035265147686,76.01359393447638,304.14352659136057,705.8522431179881,911.335414275527,15.370408073067665
430,1.2443568376068366,7.862503703703699,4.957943722943733,7.206893081761,1.9499003831417634,9.102977272727268,0.9512623274161732,3.905639730639734,1.7527003058103967,6.798080246913567,0.8982725856697833,2.6116229885057467,8.695699186991867,2.1543275862068967,7.062926666666667,17.177572186965474,16.787483590034885,5.2170162064788785,5.708131657763675,29.825101222381573,604.6971849476298,98.624584885935,212.96453972657523,543.4841538468996,856.9837470228473,20.299898460507393
431,0.310904411764705,5.2420576923077,3.344722222222225,4.542742307692301,1.707868343195265,9.005356060606049,0.3801067154255325,1.2249709821428576,1.7599239130434774,7.609434210526325,0.5269288659793825,1.3753612440191374,6.898198717948725,2.255198,7.753032258064525,88.66100376416502,114.7205861373822,5.166563238494564,3.8779986382279037,79.02564466415016,602.9091600794345,81.81381272152066,256.24175323173404,646.6772523708642,775.7532526738942,15.351449837908149
432,0.6896615559341267,6.182515625000001,7.247837398374,11.7778383838384,1.3578097222222232,6.2452857142857,1.0919007314524567,4.359651685393267,1.3428983451536631,5.12325,1.1787183718371834,3.8172189542483665,7.3044964539007,1.8351259600614434,5.4535141242938,59.37984614971407,56.36238583115931,6.1912120292869135,9.502170436478275,57.29296726939855,486.1717578023672,119.06323488801718,194.55472938716412,372.5244430825114,574.3444276352724,25.925831869244576
433,0.855747407407405,8.1760153846154,6.7226511627907,9.4179107142857,1.290051020408165,6.9066379310345,0.50686674259681,2.176363117870725,1.759105263157895,7.743925000000001,0.9385044483985749,3.193381215469615,9.0983548387097,2.4005589622641503,9.05023484848485,16.540542848509332,150.27591377642761,3.948494052800988,6.385095309356539,23.294751926230912,563.2903077639639,89.21920089051127,254.0651708841324,592.8091472014785,674.7810053639114,15.062803868204355
434,0.4385307093425605,5.0588,3.1357569060773502,3.94177551020408,1.031954091816365,5.72773157894735,0.515636317907445,2.0955729927007303,1.20807159624413,5.38235714285715,0.6916217183770901,2.0574263565891453,8.25952142857145,1.7786986301369851,5.91396153846155,32.35385416384161,77.96454410579844,4.4220225886543485,3.9033682509227328,71.31221232774276,426.21931061148643,70.48075785860419,201.86386536806822,506.7584221251309,1180.925639346242,14.30748961865902
435,0.312353458737865,4.04667905405405,4.0468125,6.2303206521739245,1.38966798941799,7.852283783783776,0.5594023210831726,2.602850446428575,1.4049486486486473,5.8715918367347,0.6162619617224875,1.7039786931818175,7.10113125,1.8363848684210524,6.62806976744185,18.82078503674864,47.665950044237476,6.693195460887157,4.620687403841468,75.9546951531375,447.30878435075283,99.79302412830293,245.2349115628749,500.1332727260887,786.9232271332294,15.499128494411707
436,0.265876,3.8552456140350997,4.209130630630633,6.6839513888889,1.38184827586207,7.397037037037034,0.8870701298701301,4.272817204301067,1.4030329799764436,5.756801075268833,0.8798983833718234,2.7519064748201436,6.526248484848499,1.6994128440366965,6.539727272727267,19.134919460360305,57.62142362859624,5.5625536159853795,6.614870710062905,59.35600036444867,516.1132197827101,109.56902212152879,229.60379719734192,486.6482224315405,752.7286962916454,14.58706489453713
437,0.376586731391586,4.0059068965517195,5.65128,8.343128571428581,1.5139521739130442,8.328232,0.52131970074813,2.45565151515152,1.380773417721518,5.94375384615384,0.7426768115942021,2.22987572815534,6.909560000000001,1.8954309090909078,6.8724625,21.358858150628443,41.76819530231144,4.606212039580139,4.892922914485247,88.0513677764188,554.9608776345849,77.17366330325603,225.37761833518744,538.7703236192465,773.6099977046251,16.380776651203632
438,0.4851383248730965,4.97111111111111,4.676984375,6.3715625000000005,1.4752870619946101,7.21348795180725,0.95429005059022,4.29327272727273,1.50603591160221,6.01125,1.056335135135135,3.40935,7.19056875,2.044577358490565,6.7276730769231,26.562122472154012,11.517003436823783,5.248069128880173,9.20958584622076,81.51595182688523,516.8975447304547,96.06683161109686,174.15654147043824,471.13276086747646,573.8121923059225,19.56559717655182
439,0.265982901554405,4.17351893939395,5.177647959183675,7.215583333333325,1.6927885906040274,9.017203125,0.99236943319838,4.19074137931035,1.4239864532019701,5.704571428571425,0.7476685750636125,2.195595454545455,7.32914285714285,1.834416083916085,5.617441176470599,18.72374888628236,12.23560253505103,5.712218318757066,3.882623038396546,46.59480350846096,469.9298064224422,91.32164996117353,188.71445208787918,474.0094533190131,757.7885291539133,21.203624783083797
440,0.3173649940262843,3.7874934640523,5.366385416666667,8.192567567567567,1.2575241228070169,7.170327044025167,0.4030122746451867,1.6244012638230634,1.2872519509476035,5.870772222222233,0.5361946169772266,1.650783977110157,7.513125,1.718735,6.620888888888899,15.843907903459575,10.95175997519707,4.541124270004263,3.0482686160982375,94.0465142947932,396.87523773560923,73.1014646589756,212.90524552265802,461.40790606538457,640.5093163872758,12.509672281642755
441,0.4137924679487175,4.063703125,4.888295833333338,6.131446428571425,1.4465762500000001,7.493592105263162,0.6863538135593225,2.5805588235294126,1.42683964646465,5.83821875,0.79606891025641,2.4043135593220373,5.9872727272727255,2.01291015625,5.688734375,19.994967362558874,35.36386261862097,3.41005097805228,5.452928464966802,35.089437943771664,526.8573120702058,87.37398311495781,227.9432344948873,476.1639953358099,670.9733890602365,17.07043848000467
442,0.24596525096525143,4.4924324324324285,4.178828571428571,5.683928571428572,1.6715184094256286,9.015571428571429,0.5075808329601428,2.1361055900621144,1.6142380952381001,6.809551948051943,0.6006779124934115,1.6856368330464715,6.364686813186815,2.312647619047614,6.786494047619043,39.68266411046136,75.06235542076993,4.707733722510203,3.887543972325319,69.8845015855858,526.1194093951157,71.59197370388678,235.86974878396308,532.4362876958081,744.6433417499065,14.389256414558206
443,1.032714944649445,8.851401515151501,3.384539393939395,4.22128,1.94642429577465,10.59785294117645,1.109851020408165,5.8464540229885005,1.9217029220779198,8.5166875,1.11091233766234,3.9219927536231904,9.49092372881355,2.44821933962264,8.6504621212121,35.083751317445014,15.168108696106902,5.983293103419061,6.335503656412833,18.867226860687403,679.6768633648753,135.78514335677028,274.2314129136503,538.3124691434205,810.7388857752085,19.35110194608569
444,0.45242485676509503,6.54620224719101,6.1871477272727295,8.47872535211268,0.914934,5.72117877094972,0.21977350513388402,0.6522341399607591,0.957021089630931,5.0329301310043695,0.20248049209138802,0.625990675990676,7.4355,1.34724475524476,5.36012,17.70361194673846,14.278124821591364,7.445601723122052,1.290904460923087,11.942071036566272,486.74854915589094,57.50490818172693,242.15599987655878,570.3445058315992,704.9066945910454,12.255390174686909
445,0.3225492424242425,4.15517441860465,4.781637931034485,7.0689487179487,1.28529625550661,5.769584999999999,0.88143500866551,3.0157134502924,1.346233595800525,5.1911793478261,0.8535809682804649,2.4151572052401753,7.2628888888889,1.84850184501845,5.88355263157895,18.16056129484165,8.631370408827815,5.953453649817455,4.907285352359464,18.13607202046726,344.8555013164878,87.45884988456964,170.5733360722661,456.68933307752013,707.4459921568632,20.504556596279144
446,0.20560983606557398,3.4488539682539603,5.78438857142858,7.991684615384619,1.225586096256684,6.23294736842106,0.47349898580121597,1.648995862068966,1.2044099009901,5.17606666666666,0.50648903508772,1.547080303030302,6.539699999999999,1.634515966386554,5.5614243902439,20.338561967623754,40.724146459439865,4.9129004950687385,3.995041870754183,64.27055828167718,423.00013825297356,77.46847346425056,220.7260997965932,476.0941816493869,850.4442218691111,16.733799129724503
447,0.477287716405606,5.0219086538461495,3.347241279069765,4.1695036231884055,1.4855595854922299,7.32719402985075,0.416016091954023,1.681833333333335,1.12823017408124,4.869209523809525,0.6671184895833351,2.0769571428571454,7.8382463768116,1.461633620689655,5.608822222222201,18.913395861725007,11.581197977002661,6.389230366661388,3.8833913880687496,72.01689443362399,397.2101490944624,77.13254308328032,216.90791472792625,577.4992285296321,743.8298314809799,13.343698810786009
448,0.1601232157285215,3.8202384105960254,4.786875,6.889603896103901,0.94430148270181,5.36842056074765,0.325175364758698,1.36410695187166,0.982015009380865,4.39081048387097,0.40481398104265404,1.313293565683645,6.09446376811595,1.480791666666665,5.0558559322034,15.751439368523176,79.91867040121309,5.645816422544157,3.5083094461611477,69.98334126076378,406.0790524818003,82.62501796707511,163.23147574439645,471.24940901994705,789.3424481153488,13.080297503620386
449,0.4957080327080329,4.199015444015442,5.523325714285714,6.910735714285714,1.4602832080200572,8.100950000000001,0.8305964487489914,3.640491694352157,1.3464320557491285,5.396275132275128,0.802033751962323,2.251079120879114,7.1406666666666725,2.1910660980810284,5.605464285714286,14.518178160133065,35.60042691753063,4.334666573736365,5.2056753975692684,54.12960058124571,397.35712510134493,71.8754283817751,182.51080930765187,422.36363515257835,704.8378266128046,18.30127023692642
450,0.311751670378619,4.18148062015504,6.104421052631601,8.822933333333351,1.1605593561368202,7.05459868421055,0.2762326007326005,0.6646777389277401,0.97992761904762,4.7368861788617895,0.2631234119782215,0.6594077726218099,7.26298101265825,1.42647394540943,5.1356919642857,19.66823414134521,80.27896048657115,3.62057914936941,1.3075884278049523,16.823997338373733,420.9643811918795,47.51767264679074,205.10329632088542,438.98518197238445,458.96635856479406,12.792996130883694
451,0.771357452966715,7.8256884057970995,3.0471,4.0474291338582695,1.787346153846155,9.4528620689655,1.284688544152745,6.47741666666665,1.254401149425285,4.23642268041237,1.0563734061930798,2.86440782122905,8.1468623188406,1.7007424242424252,4.80102857142857,16.594103832077135,7.8652976965478025,4.4253222135192996,5.677387983351841,76.97184845763014,341.98210341855884,102.10064938291907,152.45244139805436,382.22174625843763,1127.241097856313,21.020497661083937
452,0.41215985401459854,4.89494859813084,3.1394472049689446,4.20858914728682,1.3165,7.36547142857145,0.3409325172630255,1.357437817258885,1.05878451882845,4.834945945945946,0.413201,1.3427091121495351,8.473507812500001,1.46396005154639,5.60851063829785,80.42469311474161,12.8968631857064,5.489216074274488,2.5974061486317996,132.71290054825636,457.1254597976804,76.49287581443787,197.25174643099308,499.0137065760791,801.0644582100213,12.836710084229708
453,0.458054767533491,5.0144693877551,6.16795161290323,7.5414172185430495,1.06002989690722,5.67206077348066,0.505104074619539,2.05714285714286,1.18670030895984,5.54394897959184,0.6440414312617699,2.0329236947791203,8.091376,1.5991233480176201,6.3602122905027905,13.326969767380753,12.965573937930385,2.955919516656136,3.851336707617843,132.3802930510867,393.97631771862507,79.87529970705509,222.6823940873146,452.76007149368525,912.5662734732032,16.53488725423813
454,0.127687609841828,3.355901129943505,4.338567669172935,5.7582234042552995,1.4157376373626351,7.62508208955225,0.37323461823573,1.34600512820513,1.176327250608275,5.0865,0.65356925031766,1.9673035087719302,5.4557096774193505,1.689113235294115,6.1027967032967005,17.102340085469056,77.83578209772368,4.340269541096774,3.875458755109598,13.299691833681221,478.03365159779787,72.62532599270344,178.96259669214487,498.51480871438974,767.2159699723125,14.441553503274918
455,0.7541116071428575,4.956663636363625,5.49332843137255,8.298307692307699,1.258392512077295,6.242885416666675,0.6062583932853725,2.1824025,1.177641836734695,4.921862068965525,0.576175675675675,1.5844456521739123,6.53476612903225,1.695740625,5.5161,20.541315972376196,51.56575685427225,4.630166287016323,3.196517262689829,43.85295627914481,446.3265591766685,75.02297521568835,197.33618246391416,439.1039372421801,692.5171008333564,17.016276251524687
456,0.14020244648318,3.29121362229102,3.05151497005988,4.82370416666667,1.87491947565543,10.8436603773585,0.33113595603124096,1.2715503030303,1.3802348668280902,5.883474285714289,0.551090811391725,1.9203430420712,5.51803349282297,1.96960996563574,7.765218045112781,19.411111954409275,24.283346735098565,3.545932756826374,3.84323909588462,27.662320865721796,593.5024237260222,75.84812119603157,237.55833972245455,603.340077213943,848.6495353281498,14.174706302583218
457,0.19792298558100066,3.7957578947368336,4.355619607843133,7.3089150326797325,1.5063404558404567,8.133492063492067,0.5704656771799633,2.6824146981627304,1.1441128526645767,4.8005350877193,0.7613083149374534,2.7477813333333336,6.831543859649133,1.4923105756358765,5.0190717299578,,,,4.728458749913652,,328.23244885851943,101.12736684580643,200.70919611801705,472.1330013126135,875.2290237074097,16.403702708582085
458,0.33872943508424336,4.4768536585366,4.231037037037033,5.560743589743599,1.5012236842105267,8.282418604651166,0.6289414802065401,3.097477477477477,1.5501363022941967,6.338433962264166,0.9558317535545032,2.9626484375,6.0463597883598,1.9602821969696969,6.931733333333334,18.050395035589176,23.4263833910333,4.348906784264189,5.1444827048066495,56.523869530374924,539.1071705768505,101.08860054363807,240.9064599002401,448.40925838798285,653.5298191010952,14.244563256700834
459,0.46287047101449297,5.0093486238531995,3.27070322580645,4.212435294117645,1.5942175925925899,8.99973684210525,0.72632298136646,3.71815693430657,1.5109329446064148,6.19970454545455,0.940796899224805,3.0564689119171,8.55366666666665,1.90323010380623,6.9425588235294,18.77332350600513,13.62529217215702,6.773658558706453,6.324676498056495,16.031218428499802,482.3327763006091,104.94847083464265,250.4361094906926,529.0693021379411,905.835151206702,16.47265162318945
460,0.417717197924388,4.980639999999999,3.01767195767196,4.573182222222219,0.9032045454545451,4.84068867924528,0.257060020090407,0.637504207119741,0.8927880910683009,4.18926209677419,0.24127942404006703,0.620552998182919,8.20471212121212,1.2657803278688502,4.76915789473684,11.798460776118235,9.933761444605635,5.031387814465246,1.2934517267807377,135.5222871244769,357.86149092018604,84.18003562837839,166.88520554453135,431.7388404160738,984.9898517131805,13.138912618160248
461,0.153803773584906,3.28175675675676,2.8825697115384603,3.80987707641196,1.45662764456982,7.85221008403361,0.276124883936862,1.2341275862068999,1.39519711538462,7.163108108108109,0.500502610966057,1.9803752417794998,6.145333333333331,1.67525787106447,7.48113970588235,19.43852866029777,11.345884479305438,3.563948409208999,3.8102083628769696,45.94455022956136,451.3462074100971,77.78389845043421,211.15867421030998,519.3182034417987,1035.3590594604611,15.930598601698875
462,0.28594967850153796,3.25375840978593,3.0658461538461497,5.180705314009661,1.03164554455446,5.14267431192661,0.264704463827604,0.646949809402795,1.0057803958529699,4.50144843049327,0.25206707174573495,0.628238696109359,7.722604026845641,1.5185098039215699,5.83463583815029,13.179545461797876,14.217793047079626,5.097760661992308,1.2904416517911235,11.863755414534126,452.44372449815273,80.21341636776924,167.37158875912428,593.3430977165699,1240.9517774358392,15.173805877566338
463,1.35071776155718,8.437999999999999,3.09878494623656,4.220620437956205,1.599785522788205,7.0036933333333495,1.631099683544305,7.1457,1.1888074596774199,3.79522695035461,1.18838689217759,3.8440488721804504,8.26368333333335,1.748874622356495,4.38635925925926,29.558899565115603,7.792252290947594,7.595554340953941,7.726496085813144,15.914265774841061,425.0858328305185,149.64414294809103,158.87680929154158,341.14387817680836,684.7423035651445,29.072759207338095
464,0.21928165374676997,3.0953497536945784,3.80695112781955,4.689113445378149,1.381087912087914,6.608805194805193,0.5851961451247165,1.8843521594684358,1.46520054945055,5.139933333333336,0.7767016021361786,2.0352775510204073,6.192922619047621,2.051519305019307,5.110075892857144,17.950992600247204,31.599759908615148,3.192543476310704,5.184872594737006,51.11886390813767,438.02322720044424,66.13536638074687,195.11399191937275,455.03549044951797,909.1316539395068,14.019707616950784
465,0.5843547659334467,5.589953125,4.229935483870967,6.339116666666666,1.718507537688443,8.927266666666666,0.8054082232011734,3.7379963768116,1.6523979885057465,6.508212765957434,1.16775956284153,3.7747359735973665,6.938230769230767,2.0592533333333334,6.848083333333332,63.527435420606416,60.926837760094166,5.953210536644973,8.023072066035466,60.28697109757414,529.8766074702144,104.39670489480098,227.83820362140736,518.4342851862311,673.4469517444571,22.066966630518436
466,0.7116188496188499,7.079896969696967,6.123830409356734,7.928506666666666,1.7420945017182135,7.888068376068367,1.39093842034806,5.326079812206566,1.3492178988326833,4.775203463203467,1.1728093781855267,3.6613333333333333,8.621837037037034,1.9618717948717934,5.544136150234734,17.001950959046283,10.608464512142104,6.737530039201245,6.674953124635878,53.37585300795126,451.8223538373907,92.62427532424529,181.23948636154333,395.57119210561115,549.7572710737586,24.760328233242035
467,0.21248960456583801,4.1284893617021305,4.46768260869565,6.6996776315789495,1.67822340425532,9.1422931034483,0.766846605744125,3.9124489795918356,1.6897031249999999,7.12606944444445,1.079113725490195,3.64330769230769,6.7481644736842,1.939946,7.7359545454545495,25.95999085343148,15.865397765040006,5.494062195424155,7.827806578772942,93.76723135634836,567.2391271218657,107.95546695590019,268.25517416000366,542.2317888587713,683.1262959167361,17.569400370121002
468,0.374984926470588,5.07139316239315,5.6793210526316,7.33972435897435,1.11389715536105,5.956511627907,0.2556841637010675,0.64659348093481,1.278698936170215,5.316311926605501,0.24285934704830053,0.6347672413793101,7.5279705882353,1.64951408450704,6.3288097826087,19.367310840930926,13.843091993173466,5.01068891514882,1.3134104204826647,14.667715823124187,485.8484142459929,49.981463234871626,245.66355859860778,537.7820460125804,948.0614913627505,13.736751861870289
469,0.0803918181189966,3.23174366197183,6.45478343949045,8.118968992248059,1.10572033023736,6.63360126582279,0.360268963232859,1.35390504103165,1.36802506265664,6.50891954022989,0.6751033187226051,2.02821929824561,8.67979230769231,1.94526654064272,7.08898787878788,17.993749744770888,10.06376449538358,5.1096081966552145,3.8582421137274547,13.491882168995375,582.5594998896122,83.74708704650402,236.5706255659461,645.9514843299985,733.4067020565271,14.275102876126766
470,0.5563691906005219,4.94021363636364,5.066795652173921,6.756370588235299,1.330162841530054,6.88753529411764,0.592402216066482,2.03449108910892,1.387351898734178,5.76386111111112,0.64655238095238,1.886203225806452,7.482696296296299,1.824102803738318,5.82898666666666,,,,3.9559347572381514,,462.91269827634096,83.38669780641794,200.24057477712628,461.2797126173973,665.7761381939054,18.34582071751356
471,0.4281115552325575,4.450100877192975,4.3127458333333255,5.372581395348825,1.3163261363636376,7.6627697368421,0.36409194630872505,1.2829799107142852,1.3202152061855674,6.148630681818175,0.540283081285445,1.6007346625766874,7.60207236842105,1.7256672185430475,5.954843023255825,18.62456957085521,16.709984936406126,5.152154242786759,3.1682539755130383,76.58703413079431,437.1411050669849,71.18983194231987,182.87506536580622,476.5169869642705,810.1669722236693,13.494800077751279
472,0.49006193548386995,5.80108947368422,5.36813181818182,7.43741379310344,1.7576751879699242,8.74805384615384,1.4871195876288659,7.14271034482758,1.3442474358974361,4.45843265306122,1.167426966292134,3.3579154929577397,8.304715384615381,2.08964117647058,4.96691219512196,21.463684557994817,10.861553454317816,6.173138106851771,7.4932938801999835,48.067672192471186,441.0226084291935,124.4143582880497,182.58756957948208,399.11081548780203,803.751703351736,22.11002167314291
473,0.3445203909673067,4.3091626984127,4.355257383966233,6.092345238095233,2.0308841463414633,9.652766666666666,1.22693710691824,5.274539473684199,1.62948523206751,6.644102564102567,1.1625932203389835,3.8413799999999996,7.115592592592599,2.170824074074073,7.246241134751767,69.42819526597084,18.16033845304266,6.202987353328744,9.541018019017535,98.00719523619007,656.5934667984644,151.18097265561423,302.1609348555406,596.3150256623825,935.65226222078,19.814702682197094
474,0.706585995085995,7.726043478260849,5.5133142857143,7.810844827586199,1.753625766871165,9.131964912280699,1.31439240506329,6.6203806818182,1.575787572254335,6.32219680851065,1.1236550695825052,3.496680272108845,8.385382352941201,2.167412955465585,6.95575,21.697636928275994,13.023789246613717,7.6043330616427225,7.771704341520203,23.1579603064311,478.76230673864484,96.68016573414207,149.55649385228753,393.6855820938945,814.0098070725799,20.18249360844493
475,1.3782595744680866,7.3669861111111,5.450582010582,7.317559748427667,1.6700675287356335,8.022007575757566,1.4082839506172833,6.412758064516134,1.4426800000000002,5.255828947368433,1.2737288557213935,4.4793062015504,7.438181159420299,2.0443477477477465,6.139279761904767,24.48873408204514,11.24013088605522,6.592676579619435,9.49249930570646,25.396472180772403,429.2796521137158,156.7454542964697,204.06662176052728,512.9642008493344,789.6563891942302,28.055603615939617
476,0.9513009868421063,4.56712109375,4.712105769230768,6.809210227272749,2.9480108695652185,10.117715909090936,0.8338335674157312,3.1459761904761936,3.0477421875,6.323318181818187,0.93708614864865,2.130170833333331,7.160886363636375,3.228903125,6.52833125,27.440011840260535,53.9975320409062,5.089267676342479,4.910414272997469,49.22779678585168,485.85536860628054,74.0212737582624,222.51460322877392,525.4178919130936,887.1763580827974,16.84042508713901
477,0.601640798226165,5.672613636363625,4.4140685483871,6.51270454545455,1.631700636942675,7.19215625,0.80419954819277,2.88831435643565,1.420932795698925,5.323567708333325,0.7756701807228925,2.0827602459016403,7.46298484848485,1.831744755244755,5.996916666666675,15.389274598837781,14.442647301143275,5.782170506778015,4.759604803029624,52.100208964713644,416.5773745626211,88.60493544489145,169.78170024231076,468.6160827986896,648.4909739810973,18.77802424132824
478,0.459654289372599,4.95977142857143,3.36353801169591,4.228327272727269,1.74058913412564,8.78141791044776,0.879274,4.0350571428571405,1.43324875621891,5.8847183908046,1.1014384787472,3.9732691029900304,7.42086301369863,1.9394554865424398,6.64373888888889,150.2987657166839,26.42934500472366,9.335039319992292,7.200546091851278,22.47470556805496,511.23357843607664,128.5846345126629,254.30133100599048,539.5687650889158,995.3090222552419,16.95819664746523
479,0.4692163599182,5.06468619246862,3.16497252747253,4.5371017699115,1.0360028901734102,5.73681553398058,0.468041536400179,1.85019314641745,1.0240398550724599,4.3979745762711895,0.5539702823179791,1.87843423423423,7.48528947368421,1.37740051020408,5.6231,14.757870930588886,9.844017159513886,4.342383010505916,3.845491404130146,133.82876071472336,371.1526049301028,82.43839256465435,143.67559924721718,415.72744958102703,608.7315967306495,13.184198178350925
480,0.44323864959255,5.01220465116279,3.40301791044776,4.7075067264573995,1.1077663896583598,5.83484795321637,0.434501147666412,1.42777468706537,1.4629908616187999,6.362148936170209,0.703936,2.03901590457256,8.3064598540146,1.9944033613445402,7.2034509803921605,16.109228153623253,17.29389973145075,3.690126076190227,3.8428812255740565,23.136365688473287,477.67108771950006,56.93002603948116,231.95401299744844,543.2278849184513,971.2550323456526,13.380288146436214
481,0.18684232431567202,3.21190909090909,6.05574566473988,8.11114960629921,1.28947317073171,7.55495483870968,0.568501234567901,2.18891938997821,1.36184863523573,6.54014012738854,0.872127836611195,2.79972727272727,6.8364540229885105,1.81351939291737,6.93965986394558,13.427445450444251,13.030560801108143,4.962085528332476,5.611080699781523,132.92443213840664,558.2924699410796,95.73481511324644,208.12263246625662,519.7476129978895,557.0217967033386,14.694500714540482
482,0.32153277777777833,4.2699356060606,4.379081081081083,6.083623655913983,1.5511651515151517,7.890966666666667,0.7465155826558266,2.658796875,1.4579482323232333,5.984593750000001,0.8502561863173216,2.4298547619047666,7.090166666666666,2.2587916666666668,6.054264367816099,48.22046344507883,60.208317445096675,5.345746360001768,5.304939007746853,37.520914730068505,461.02630052094656,97.22349932417274,220.90525211145481,475.13370324547094,668.2866990255814,20.744034554809332
483,0.3313892100192677,4.3598795180723,6.3031111111111,8.2140072463768,1.5132869198312235,5.6959929078014335,1.5121614173228333,5.693724137931032,1.0280267379679133,2.8493626666666665,1.02531282051282,2.803795918367347,6.544538461538466,1.51739393939394,3.4405028248587666,15.803664125217956,6.744592089235019,5.076824796701836,6.659673958637737,12.170083105487807,322.53956111768883,127.3542953034242,139.49506295224032,273.79194895426434,429.38174058993656,26.001036167144775
484,0.401094463801781,5.04992079207921,3.24165882352941,4.65343190661479,1.76903476821192,9.753259615384609,0.631993277310924,2.93286301369863,1.5743657219973,5.70839325842697,0.786137309292649,2.04035915492958,9.662935185185189,2.20750106157113,6.8299263803681,19.53797018697704,15.863939939097918,9.8194296611604,3.8323597334823973,19.65282754753685,512.0653891935945,82.77117740362883,258.0721862614155,670.8485307171941,792.9346757009625,14.979206025600433
485,1.4692040816326524,9.995981481481474,6.411909574468075,7.191863095238101,1.5786413043478251,6.837181818181826,1.3291232558139525,5.29442156862745,1.2457783251231525,4.079303571428575,1.0348545816733075,2.8042548076923,7.829628378378374,1.7507546875,4.692372641509425,15.206558355922171,8.317593856167894,4.880910274145331,6.436992848350518,45.159746375401475,382.74654652923346,102.24540019407868,154.56532128155231,374.58164733834565,537.1277220547199,28.634548652917147
486,0.772362595419845,6.85120833333335,3.45381012658228,3.97495588235294,1.780632307692305,7.3908918918919,1.367664540816325,5.05057142857145,1.52777358490566,5.8820322580645,1.0738697916666649,3.508552147239265,6.92375,2.1629920948616603,6.6421296296296495,83.42559144264152,15.286055973451521,4.635914592630811,8.214393660915768,80.92858238692284,585.037050768733,136.95135712623596,234.8743611946702,545.0701341032982,876.5799575485289,27.523853350430727
487,0.5169709273182966,4.987287037037033,3.12477690288714,3.5750892857143004,1.9999892473118266,9.671504273504267,0.9281670569867301,4.155765567765567,1.6248357256778299,6.200232142857133,0.9418415584415601,2.888069892473117,8.7766752136752,2.2493782051282065,6.7032816091954,25.748183524526812,21.31335256477246,5.753032465134784,5.98743535667742,36.14699804528258,474.5382349938154,112.66444344073534,230.808819954594,495.2434062336882,732.0715192084512,20.31773328781128
488,1.1356101010101018,7.093522580645161,6.506343749999999,8.72406666666666,1.376102352941176,6.2464611111111195,1.066350943396226,4.15168928571428,1.19432717948718,4.00027037037038,0.9528211009174321,2.55981348314606,7.69954666666666,1.740048695652174,4.1976274509804,13.952655398459106,35.86174328923755,4.935036759735518,5.485972235304749,36.62660693296963,350.81015434116125,88.342628441751,152.15384773910046,346.4575856924057,603.0933139845729,21.162061020731926
489,0.46098982188294996,5.0083196347031995,4.188139534883733,4.921074074074067,1.39296159122085,7.103715277777766,0.46226516052318667,1.7686512345678997,1.4138666666666666,6.432022222222233,0.7489014492753633,2.159664884135473,7.8685816993464,1.8860103626943001,6.838620915032667,19.339117158053586,64.71647198889738,5.037428124396856,4.720211340340632,95.35582751687072,488.83471948405105,82.4349233880639,209.0835633377234,475.45871542145807,875.0001822287837,15.050498768687248
490,1.3886197564276,10.380198019802,3.40599157303371,4.6174377510040205,1.2025551020408198,6.34382530120482,0.545426368952685,2.48386274509804,1.5885458646616502,6.44532075471698,0.698483479433581,1.96014451827243,10.4153725490196,2.0619714867617103,7.94571739130435,17.86947395489516,15.598578935638674,6.513525540111351,8.320954058680666,133.91348896307588,651.1718267574906,128.15070804208517,252.14420165866616,510.36642398685217,558.2671379670501,17.218897119164467
491,0.5576126914660829,4.82949333333333,6.15240414507772,8.927833333333329,1.73684917043741,9.9917731092437,0.615922155688623,2.7839299516908196,1.63076798561151,6.89550303030303,0.676275516593613,2.04648795180723,8.19523913043478,1.7915139860139901,6.92030487804878,25.823012534006384,8.719222535422817,7.708569462755877,3.8709743129112284,133.39289305665653,495.9499929100275,108.13507251441479,247.20665533095598,414.98104110360146,955.7312587276101,15.058205462992191
492,0.6315827886710245,4.600213675213677,3.572885620915033,5.331975845410622,1.6279444444444444,7.483244444444444,1.2189017713365555,5.282608888888889,1.3748441890166,4.9046666666666665,1.0233236714975846,3.0412923976608224,5.649992592592589,1.9851362007168443,5.4448101851851884,23.895414579265626,24.553641443965695,5.422552884707328,7.013437258403237,19.49392281091474,425.69294520136384,113.50071937259702,177.66182103918658,412.81611710372897,1070.1782070100307,24.902388556963867
493,0.49779878048780457,4.618138461538462,3.624588628762538,4.258582417582415,2.501535980148885,9.120874125874154,1.458456140350877,5.709333333333332,2.1232038461538463,5.3061085972850695,1.0403470695970691,2.862640109890108,7.391903846153847,2.7495781637717154,5.5357967032967075,23.760421898464486,23.821212193288435,4.9617814504955895,6.436180684249858,16.759331210309508,422.0329045962829,101.31126842819728,197.31215881900147,418.8006833338967,711.8310600232619,22.761369697176494
494,0.236016181988743,3.703384375,4.353654166666676,6.015784883720926,1.6411656626506024,9.066962121212125,0.5876875,2.406286363636365,1.6758383233532925,7.271558823529425,0.8357456521739125,2.2217115384615376,7.06805555555555,2.138453629032257,6.99914024390245,26.92631203870317,15.05626376311901,4.930218696782309,4.6557090086913515,106.88780757482517,480.7030432857573,95.48711241222918,199.951691320166,454.7762044239789,649.5991081465036,15.741749666631222
495,0.48297682709447404,4.89134821428571,6.05566129032258,8.01938167938931,1.9705988700564998,9.85006730769231,2.02228268551237,9.994325,1.67970766773163,5.542312820512819,1.71779600570613,5.63262631578947,8.22046153846154,2.35379918864097,6.34015642458101,18.80203388818088,10.291034496035925,5.383062735724603,9.884353750113561,9.04109631728152,495.51636911928654,182.02897626906633,187.37416248768568,504.7908052802086,660.112383775413,33.11780747026205
496,0.5009591062394599,5.0743640776699,3.06542424242424,4.105911971830985,1.73687722419929,6.5932988505747,1.6992886435331251,6.63128873239435,1.045196494464945,2.6546713615023503,1.1106518218623498,2.6619632352941203,8.1786,1.557502717391305,3.4147582781456953,10.003758979618743,6.618044486839232,7.894407067437033,6.515160789190241,11.098373508710655,314.65257052332163,107.75302071124315,121.9094730913639,256.8642026744783,433.93734376877546,28.313591610640287
497,0.4720186170212766,4.921102564102566,4.263471910112366,5.9976666666666665,1.3520034843205568,7.0777986111111,0.5130568131380366,2.0352771317829466,1.4924861660079067,5.9172732240437,0.77027108433735,2.163439393939393,7.881586956521733,1.8459837837837831,6.4212,17.821857378786873,56.75793249887108,4.609752081157597,4.704418213289179,102.75369478767088,420.86240525046986,76.11732774724562,197.37969463070235,457.7735361332695,776.4703826978803,13.8135626912117
498,0.8718524096385549,8.7195671641791,3.06826488095238,4.190147286821705,1.70773302469136,6.19712765957445,1.089521,4.094645000000001,1.267417892156865,4.759182608695655,0.94584364820847,2.7046256830601103,9.7641730769231,1.83883609271523,5.59665865384615,11.193542334510898,9.340083616854168,4.867665289079108,6.365670267489698,76.55143873042432,387.2217144817114,125.51879044622183,190.0391886010766,424.4672483764589,670.5255131237209,21.288194693624973
499,0.220108426859426,3.33182608695652,5.96603448275862,7.29419727891156,0.876609170305677,5.16820388349515,0.36141144038594103,1.39596470588235,0.802014074074074,3.65350943396226,0.61026138189609,2.09532092198582,6.7485976331360895,1.26675,4.049896428571429,11.688964844208797,8.535018587472383,5.7795294246238615,5.567646178093686,9.332244367954882,299.9952994287014,97.92456403374672,184.34100784361362,289.94770254939795,512.139149941504,14.502392150461674
500,0.9419331683168325,5.451776785714275,2.854316831683175,3.66527564102565,1.596458841463415,5.4535480769230755,1.6042389937106925,5.4087395833333245,1.27884375,3.02067,1.273874401913875,3.0600188172043,7.635824324324324,1.6765480769230776,3.4280518292683,15.91678030804666,6.059527752304087,7.007055018582836,6.03260096535287,13.016072359646206,333.5432964377105,101.84195125475526,112.46367357671261,253.14124068245295,418.0396150331944,26.79930184967816
501,0.3795576707726767,3.8382405498281664,6.359639784946233,9.897380952380967,1.4497517730496465,6.5092542372881335,0.7557554240631167,2.4972030905077265,1.3265718157181567,4.3400210970464,0.8752122762148332,2.32571794871795,7.164506172839499,1.6874544159544165,4.962197740113,16.966442808110546,12.84888859700113,6.317160740733719,5.177134723924186,16.9467504373138,406.9237969815731,79.07412946224213,162.10507601499557,412.7960962553819,1069.4099900623162,23.48443182806174
502,1.4287159090909098,12.1187692307692,3.4161852941176503,4.676839357429721,1.49651769911504,7.02431481481481,0.528176315789474,2.14563991769547,1.48750884955752,6.35238461538462,0.755280898876405,2.03843338954469,12.6816829268293,2.07046397188049,7.2232875,19.493580168879614,147.44602008304443,3.6771495458813384,3.853460054532608,133.24496934767637,612.8562614321709,83.54138117283583,254.42554615437982,519.4343160837889,1074.4488798081875,13.840105384588242
503,0.9660451127819571,5.1105,1.2951477832512288,1.5721098901098929,2.586903846153843,7.625053571428572,1.615424012158057,4.925142857142857,2.2522183673469356,5.525577380952378,1.075904109589043,2.735275132275136,7.221487012987,2.6868387096774216,5.7959175824175855,19.398031526326925,41.42093793158441,5.701613538323772,5.344549753142042,53.58841405995042,419.73551934851065,93.45314465463161,173.77825986061777,414.61718501523137,638.3856691952262,17.241348645516805
504,0.5419934102141667,5.020160642570267,3.162154855643043,4.1960162601626,1.1850685358255466,6.0734677419355,0.6715029446407534,2.796616402116403,1.1284392033542965,4.871182291666667,0.41234853195164,1.31121696969697,7.246794326241133,1.5822315202231534,5.631434343434333,15.071485827721718,14.868930549418806,6.701849152772123,3.350163960978063,58.55111423879955,424.4565653304259,84.53953390320143,169.1425684839487,451.0949986676375,613.5819014161825,19.533101779719193
505,0.8339204545454543,5.7164708994709,4.843383928571429,6.839487012987014,1.6408059299191429,7.622635714285714,0.9545686456400743,3.5607177700348425,1.7901413043478287,6.5345989010989,1.0193306878306887,2.5938820861678,7.526947368421057,2.9565739795918433,6.792190476190471,39.310364078327936,55.86269257574753,5.62903562029053,5.505101333170993,40.98415347945077,522.5665967113206,102.8060879824417,227.9045692245875,529.0862705026354,856.134674644896,18.35662738553115
506,0.142960370046256,3.3158770949720697,3.04516617210682,4.47555078125,2.03365079365079,11.6761954022989,0.54842151481888,2.76594673123487,1.44692518703242,6.79624203821656,0.671772011661808,2.05450383141762,6.144134078212289,1.9758491228070199,7.80901324503311,23.95784866739039,23.102480281473255,5.051643907004069,5.487835116853557,133.12765193318893,710.7013370841742,85.26798337697983,287.3816527426243,704.6069717034698,768.5813587158918,16.089179553091526
507,0.12006444862942,3.26736944444444,6.06706315789474,8.747168,1.04131026528258,5.811201117318441,0.204455453455853,0.645866745283019,1.0221989999999999,4.59183266932271,0.193589258825498,0.634175891758918,6.84024,1.41721204819277,5.28170243902439,13.299921462477826,11.461936841958208,3.555986945649316,1.2864566167977372,11.886963687782957,341.22802317142487,73.8000962883234,158.89601781964302,449.3389977142215,1394.4167643785477,15.240581706166267
508,0.479821116928447,4.99784051724138,4.628084033613445,7.5003478260869505,1.423021164021165,7.6552302631578995,0.508270833333335,2.019501923076925,1.44726256281407,6.37716666666665,0.573756097560975,1.6422777777777802,9.537086538461551,1.97801090909091,7.411096153846151,16.313221615538126,13.56777567913305,5.061190336061396,3.4983762199510764,133.1543339408279,495.2584393322467,74.06910881400108,213.0346721969545,502.68523627892137,931.0961584560573,15.916500706225634
509,0.54966524621212,5.1229904761905,6.5971839080459995,7.619513333333351,1.63678530259366,7.42289130434785,1.30141629955947,5.58909905660375,1.70144301994302,5.9001542553191495,0.966531561461795,2.6727487684729048,5.712205882352951,1.9447457627118652,6.6049,20.308272686280787,13.046926529421441,3.2377935672176474,6.324673027907177,82.16805195938976,639.2788025550544,156.4551144838333,264.8211782798171,530.9596774168313,937.7040201798081,23.68279965594411
510,0.7122841530054633,4.949480519480534,6.921375886524834,8.347094202898566,1.30566909975669,6.928860606060599,0.7137318087318101,2.885008695652173,1.4379448441247,6.238305555555566,0.6264397553516833,1.8369484702093402,7.148396226415099,1.9071951640759932,6.296428571428567,33.25038644982386,55.449391815353685,3.612486014261542,4.677799672168308,35.031608091238084,510.6443694482247,98.30682538449764,239.0445830921332,471.0954536373417,620.0117447103063,23.782501618067425
511,0.5303700579862942,5.181366071428572,4.509317972350229,5.920537142857143,2.1880959488272853,10.006125,1.3113660714285713,5.4049948979591855,1.8908909774436142,6.729380952380957,1.2353234285714285,3.5100248447205,7.147188311688315,2.8727897574123995,6.681965714285715,24.453159886670868,23.150152496188277,5.471242773314748,6.73873109127178,26.960967437395585,600.7804003145013,125.70914945432118,248.3013119282467,533.705364380564,833.458044300122,19.32165718504361
512,0.487459082733813,4.8253153526971,9.674924369747899,9.98250961538462,2.19231870229008,10.9789873417722,2.17735319148936,10.891465346534702,1.12442669584245,3.37333720930233,1.13321683168317,3.30477058823529,9.47723008849557,1.65910419681621,3.92366440677966,19.460980600495496,6.991021999971762,7.533244765883537,6.958962687368085,9.865051141283171,372.28716537356377,111.26699391752481,124.10201597958803,251.8093911930919,567.8487243130803,25.848904624581337
513,0.863405547226385,5.133097345132749,4.607868000000001,6.5443924050633004,1.030069138276555,6.0657888888889,0.39265478927203046,1.302619101123595,1.115455555555555,4.580645669291339,0.49440230991337847,1.34876932084309,6.24274731182795,1.452260152284265,5.0657,14.910664330844906,9.256881063820552,4.688193993997476,2.5967572980243174,132.52426692380055,330.8109473437071,64.15124516934156,152.83898683264852,339.836033526808,531.3720088452101,12.307753786444664
514,0.344781574539364,4.59428695652174,4.70455294117648,6.329848648648641,1.7341623188405797,8.22656551724138,0.8203678321678319,3.18596307692308,1.76970606060606,6.9291448275861995,1.041095431472082,2.8769512820512797,6.777229411764699,2.62319310344828,6.992123529411761,50.07902267790689,44.10051659557562,4.13776353420102,6.300445730780248,97.50620638311504,499.2568399757147,105.03365658223629,245.66846434026957,486.11455131322145,706.9601025432348,19.26087774336338
515,0.36652634880803003,4.9139431279620895,7.34005128205128,11.2070618556701,1.56800433526012,7.99941176470588,0.406834723877632,1.50653994845361,1.4608958611482001,7.87450393700787,0.5872572842221,2.02972007722008,8.75105303030303,1.89485017421603,8.282568,21.007468468824534,26.12835063841515,2.928113156126246,5.552874805748692,133.28370703769025,733.9221891015768,99.17803108692169,311.7012092843652,902.6909712702036,848.8655090332031,15.452899970114231
516,0.3672898089171975,4.13601612903226,3.113035714285715,4.607247252747254,1.26681140350877,6.123541666666649,0.78041810918775,2.8172881355932198,0.972317929759705,3.89822180451128,0.777861898016995,2.48715789473684,7.2068417721519,1.423940054495915,4.330108695652175,14.905100114036543,10.642051408026045,5.502778886751886,4.860104781931756,76.55515037463078,397.25879905745387,82.93587015941739,167.76385018602014,350.11128056794405,696.6758402995765,22.422848269343376
517,0.29393526405451503,3.6251599999999997,4.648786821705433,7.5429466666666665,1.572537190082645,7.747933333333333,0.8802956730769234,3.7155454545454503,1.615236231884058,5.744489247311834,0.8760761035007617,2.3337552742615997,6.937134920634917,2.2373798449612337,5.953953124999999,19.592502322639394,12.839611052048191,5.255622182808145,5.011498551675223,62.45473669732738,503.91672799984616,87.70621692140897,206.44163402418295,434.5280157091717,703.6087452434003,17.73699962844451
518,0.49527176527176503,4.91660784313726,6.04228342245989,7.38081045751634,1.49031449275362,5.75786592178771,1.56234812760055,5.74741489361702,1.39131167268351,4.30643621399177,1.39246857923497,4.29266801619433,8.2024427480916,1.9004184168012899,5.03719196428571,10.33329690586702,8.567519568825043,7.553373028248752,8.385233760686988,26.404169758655925,428.7279210984707,151.27011574804783,165.25150276720524,346.1492247879505,600.1939531415701,37.130387499928474
519,0.10837651013761966,3.2860597484276735,5.0579061032864,8.094971631205668,1.9903955094991366,10.8258125,0.6405581655481,3.0057072463768097,1.7245624082232,7.250245283018867,0.6658423772609833,2.0515372340425535,6.099317204301067,2.1644016064257032,7.859863636363634,107.64614374472542,60.261590286635716,4.760189934403804,4.712983838165358,98.6933949390362,705.480296164751,81.72373442600171,284.16803882767755,631.4650333176056,913.5808019588391,16.66809742649396
520,0.5246814882032674,4.472315384615375,4.9975,6.441422222222225,1.5600887978142075,8.2141129032258,0.5601027992278,2.282435840707965,1.505440406976745,6.7419375,0.7863814589665651,2.150216666666667,7.36424375,1.9438707482993203,6.52992045454545,19.357944681088952,87.80582880796213,4.734574056354666,4.637045312678753,18.344715877423525,502.46714381501084,87.30688714422286,219.1325882449746,506.98022241704166,795.515562640503,16.41922863200307
521,0.728929710144925,5.9431911764706,4.72159756097561,6.52460795454545,1.65828115942029,8.222375,1.298937974683545,5.86326623376625,1.20171212121212,4.106779850746269,0.98407746478873,2.7827087628865996,6.399929347826101,1.6341323119777151,4.77148148148148,11.897676157575699,8.561320486367137,4.842266706394386,6.259336439610986,74.10452708270279,349.77784380316734,87.89618732407689,134.69833647832274,363.7343761511147,514.8927215486765,20.24114364758134
522,0.8073244047619049,6.2368125,4.03675,4.783525,1.615233974358975,7.265551470588226,1.05459,3.8493373015873,1.58675284090909,5.769684523809525,1.083299145299145,3.0317265625,7.11585625,1.95581081081081,6.200760869565225,15.960333590858536,45.55671951415264,4.408837571486612,5.766019740881714,60.1828007249105,423.31500444561243,105.72512401267886,207.09902746602893,464.4927801564336,666.3083040621132,20.2230759896338
523,0.21426237623762373,3.24342741935485,3.776025974025975,5.425616279069775,1.557160714285715,8.003121621621625,0.472199750830565,2.0101875,1.348070093457945,5.5183820754717,0.7950038940809975,2.41804702970297,7.143599999999999,1.7520156249999999,5.8182843137255,18.33638106084523,16.62191736852906,5.025095736073653,5.01725364704678,106.09519007004114,454.41403053700924,77.36337138339877,228.71026885695755,538.9051220845431,666.8923713732511,14.165876200422645
524,0.46394267515923604,4.940468181818179,5.55296256684492,7.4541884057971,2.4668633257403196,13.4275915492958,0.52223244222927,2.00042439862543,2.23180821917808,10.0870186915888,0.6930733766233771,2.01269244935543,8.04491549295775,2.60420273348519,10.4902,21.015567553312795,148.15150446557365,5.879719686647144,5.542396904604664,139.0391755264902,695.8744022995234,101.00235231220722,334.6723737195134,650.5053723230958,828.8290817290545,17.009605653584003
525,0.5048586605080829,4.91931067961165,6.11628104575163,7.2927375886524795,1.44130065359477,8.048587301587299,0.591264102564103,2.1878825757575804,1.57695896032832,7.29745714285714,0.876017918088737,2.70833971291866,8.82808771929824,2.01087910189983,7.65065185185185,19.719852426923193,17.68689435240624,6.845813649666626,5.584680100206505,134.3442692192973,504.49678674340254,111.76562402397394,214.89912178367376,564.8149875923991,704.7608029097319,17.511285841464996
526,0.8689946360153268,7.420543209876534,3.2994890965732098,4.618256097560967,1.8610902777777767,6.819410256410268,1.6132315202231533,5.5945490196078325,1.9429269162210332,6.182494047619033,1.68654792560801,4.9185844155844,8.245295454545467,2.23184496124031,6.4869871794871665,28.299598805686035,10.215287078192459,6.055451808735337,9.113911309462503,38.114939535101335,549.6593269829949,176.1466652775804,213.47932051867247,424.0688324595491,743.0697713668147,28.661638498306274
527,1.04310010111223,8.53228346456693,3.58794545454545,4.1851877394636,2.02422745098039,9.86671153846154,0.745059,3.82730743243243,1.7674956970740099,7.13059,0.587638505747126,1.881215815486,5.7398829787234,2.1794670542635703,8.91828455284553,149.82937143121868,146.67024612080783,9.23834870477005,5.538136602484571,17.148351183551615,678.2542448490858,96.48206178098917,272.88480196148157,636.0444938763976,857.5458079576492,17.71971583366394
528,0.8471357466063334,6.069494791666667,6.872833333333333,8.777363636363633,1.3862615384615402,5.3694338624338664,1.3842659446450065,5.4268201058200995,1.1836190476190467,3.6830269360269337,1.1749616724738667,3.642158119658133,6.1680172413792995,1.6535276595744668,4.140032608695667,19.380155616946023,8.110314317763457,4.661772593279408,8.016350080507253,10.156364665406624,341.49179700762033,126.14409594486158,137.37596261004606,275.39453003555536,610.0216026728352,32.21753674248854
529,0.9874249999999999,8.715422222222221,2.80013866666667,4.567887159533069,1.9676250000000002,7.7321007751938,1.91584666666667,7.92982352941176,1.18632391304348,2.7113488372092998,1.15210728346457,2.70420052770449,6.5744207650273205,1.6677784522002999,3.19428296703297,7.283610918897207,5.295269950779583,6.816252597107648,5.492421591547577,8.53833022770414,303.0580934137106,140.93208592385054,148.3910484239459,269.4168593734503,410.2181177586317,30.866707675158978
530,0.486807628524046,4.94121266968326,5.5856157635468,6.88203144654088,1.35446499339498,7.155921568627449,0.41962388302193304,1.39208005249344,1.28830451612903,5.65780319148936,0.680451,2.05425939849624,11.0344495412844,1.72127752639517,6.27281318681319,149.69604178246385,25.932138174823255,5.870276839965099,5.546805342331883,12.019348713574354,595.4621825367212,109.92127936333418,231.00567050278187,393.18131748586893,555.0472997128963,17.24250614643097
531,0.4099792198323,4.8745201793722,5.91925,9.34948181818182,1.38552625298329,5.64598918918919,1.3694589502018801,5.59367955801105,0.899102861562258,2.72805868544601,0.8935065146579799,2.73712356979405,8.027149253731341,1.45221219822109,3.1698635097493,10.33772793093886,7.026096551434931,5.7329049686871825,6.902429506394979,14.227589283617812,344.9492622166872,136.67370658367872,140.23033436387777,306.77581671625376,569.7745829820633,32.30650909245014
532,0.2143095326409495,4.81675,5.5024387755102,7.5439705882353,1.75698417721519,8.14456944444445,0.8190261437908499,3.461072463768125,1.45239705882353,5.203117647058825,0.9172769230769224,2.4021122881355925,6.139489130434775,1.7775953947368426,6.00265425531915,22.561182891816053,16.44171018671851,5.919154224058363,6.396674926702524,48.61160655470793,456.59937313757837,92.86474669352174,178.86101850308478,455.3339909762144,712.4211813788861,17.99110323190689
533,0.9516325350949629,6.89664429530201,3.17906887052342,3.9507867647058803,2.2013375,8.689,2.1005127272727298,8.60796825396825,1.41769401041667,4.8122155963302795,1.41145667125172,4.81156756756757,5.0851042654028396,1.96712651646447,5.68773913043478,10.343600551937305,9.963620965262525,2.9307364929955377,9.811858178503584,63.52131148062255,597.3562365397811,173.25778026133776,192.84815061837435,375.97864866256714,397.88621943444014,34.14240200072527
534,0.9745996035678891,6.77926966292135,3.35981120943953,4.16594482758621,1.185,4.23176173285199,1.17450516528926,4.24088524590164,0.955365353037767,2.7597552631578903,0.9763402646502839,2.7334057591623,5.11542196531792,1.4832522756827,3.1919240121580503,10.318239286594014,5.244817725042199,2.9363581097455875,5.554156904337874,9.958352693048298,312.9065502434969,120.12021616101265,122.77166824787857,262.46290653944016,459.34407971799374,27.422793209552765
535,0.778336399474375,7.6204805194805,4.314956896551725,6.37592028985505,1.7524468085106402,9.453524590163951,0.5480723751274199,2.421549145299145,1.16987637969095,5.38843684210525,0.6081727272727251,2.0379893617021296,8.24786363636365,1.5360895953757199,6.3447034883721,18.635920354291734,77.4433468893491,5.626559731397142,5.59962407112194,16.013171675043324,507.60961603373295,85.77055996283889,211.36545110493898,537.2931715101004,814.4379942677915,13.468950055539608
536,0.14162977716917702,3.2653058823529397,2.85011627906977,4.49577165354331,1.77282848392037,9.83584684684685,0.410968057121383,2.0344702380952397,1.5535595238095201,6.69727891156463,0.6278995837669089,1.9900567986230602,6.73245508982036,1.91702838063439,6.94575324675325,22.395739846730688,148.34928288417348,5.046390316572359,5.578874591936161,28.799818100505092,607.7044177800417,81.40238933265209,240.16108363866806,587.34230697155,663.1204159930348,14.58821352571249
537,0.5955927083333326,5.4528679245283005,5.5022548076923,6.8854705882353,1.6064722222222225,9.106910714285725,0.524363817097415,2.2537076923076924,1.46234067357513,6.745784883720925,0.5392717821782175,1.434323529411765,7.839190789473674,1.88681711409396,7.021386363636375,18.8884996125913,80.24496718981943,5.079621910982713,3.8802385111683466,107.41033967269394,441.6666692122817,77.9307447373867,246.86579708941278,594.330532476306,954.6878514811397,14.883349649608135
538,0.160711084553331,3.32689877300614,2.85235054347826,4.35790217391304,0.793159779614325,4.73501260504202,0.15899396658415801,0.658529213483146,0.8814645328719719,4.0791524822695,0.146535801057596,0.6088898984500271,7.42597058823529,1.2580682095006102,4.553973451327431,11.743277707120953,144.63989399340574,4.243108507407427,1.2870956250880203,132.5360504312236,297.58778400719166,82.95862935483456,147.9737926274538,372.7158298715949,415.37934448570013,11.582206934690475
539,0.73388437884379,7.682846666666666,5.1335511111111005,6.906123456790134,1.3369146981627298,7.1046434108527,0.282113,0.8985786604361367,1.25237728937729,6.0871746031746,0.35477168494516326,1.0916332288401265,7.681146666666667,1.7192040816326533,6.758581699346401,22.69221968428847,28.6703263786406,5.4536394143967195,2.1861164201040473,13.887130355819261,571.9341415291032,83.96922300259273,251.99890757600465,579.0750496089458,762.2041118641695,14.456633167962233
540,0.25663268032057,4.050276923076925,3.24788888888889,5.3856082474227,0.86292533557047,4.92635779816514,0.253877551020408,1.00102600671141,1.08348585858586,5.54929032258065,0.3398092844470725,1.339914285714285,7.941375,1.602123376623375,6.2437108433735,,,,3.4679995339842598,,440.7612723298371,86.43465116620064,234.21886144205928,585.4330840520561,864.5321591757238,13.615947682410479
541,0.40390916149068246,4.65989344262295,5.7696275510204,7.60059210526315,1.9713533834586474,9.095508333333324,1.4390665760869574,5.780838235294125,1.7368649068322974,6.5723269230769255,1.3287219626168225,4.351401515151525,6.137386363636375,2.1573339416058404,6.651703947368425,53.53199417550525,45.656285651867506,4.712828610581809,9.433014772145581,89.44431776218511,454.96232341974974,134.4912510830909,230.9409319423139,473.67303632199764,793.558283476159,22.553378948941827
542,0.592578150351541,4.991776785714291,2.82327114427861,3.1987868338558,1.56772086720867,8.13621052631579,0.603391041771515,2.61946889952153,1.34246134347275,5.426037383177571,0.609129213483146,1.9939258620689702,9.728273504273501,1.51525298013245,6.127957219251339,20.92091956160044,12.768421795005533,9.928858699482191,3.8587010849952055,11.730188877251273,462.7502290531993,78.12206167727709,192.3454226925969,476.0795272886753,701.8008036538959,11.570309288799763
543,0.3027614583333335,4.203416666666666,4.443275,6.78290789473685,1.2597633333333351,6.8653402777778005,0.367273851590106,1.410246913580245,1.29193828715365,5.7538786407767,0.7051342975206599,2.102882783882785,8.27014492753625,1.733464646464645,6.16548979591835,18.734203874060928,12.200880027561892,4.658890423159428,3.900067301939929,14.889401503703397,448.5281417146325,67.04533006995916,184.0773969888687,524.4441679678857,795.6821238622069,14.790752902626991
544,0.6049579579579567,5.379416666666667,1.8868636363636366,2.090120082815733,2.30619836400818,10.411972972972967,1.8041069518716568,7.399681481481466,1.5761997245179067,5.427690476190467,1.2358333333333333,3.4412390572390663,8.197971631205666,2.009623274161737,5.896030769230767,19.613843593178,55.12515610919712,6.666449697595837,6.98989999442939,16.470784890134578,509.9219425270955,89.85093639542659,175.3158401697874,444.0782902141412,899.141188710928,22.88633647064368
545,0.8487668231611899,6.933824242424233,3.9793803418803333,5.145807017543867,1.5003188976377968,7.514029629629634,0.8176105919003102,3.1820731707317065,1.4115786864931834,5.442075117370899,0.9157403008709433,2.5685257270693502,6.6983275862069,1.9918670033670034,6.151869047619034,18.13787843827502,14.380131389267113,7.1457177931677975,5.165323198360194,13.026673017648141,495.5562762916088,100.45691548536222,205.13171330094337,438.30677556494874,579.8134719952941,23.007532581686974
546,1.01414424951267,4.916061728395067,2.138853801169589,2.7526349206349225,1.4765297157622779,6.224455026455022,0.8949851268591422,2.888214092140922,1.3249087719298223,4.5753601532567,0.8217175627240144,2.3378424242424223,8.1931037037037,1.9917407407407444,5.019977777777778,19.571937947208212,39.03931944428246,5.565337714870404,4.774398822085296,60.514783488074954,407.267263573077,89.34498505873813,176.63706094026566,387.54617433167164,703.3128291368484,17.90566732072168
547,0.874667953667954,5.30107,4.47639069767442,5.66792,1.566117567567568,8.07043571428572,0.8936447761194041,3.56414074074074,1.3624045454545461,5.1975999999999996,0.9232281124498,2.58615443037974,6.030378947368421,1.8576166666666658,5.72303414634146,43.958176218056835,12.48539031914252,4.404450329788766,5.127655658710565,41.94271263696929,423.92386589199305,83.03951006382704,191.65627658367157,435.32329611480236,793.8816770911217,19.729859195649624
548,0.298875510204082,4.4188374999999995,5.20131363636364,6.80441428571428,1.436415,7.974688888888879,0.46187763713080193,1.8842660550458716,1.3489933774834442,5.93827692307692,0.54897,1.5423827338129503,6.7672066666666595,1.777140869565218,5.969584210526319,19.274536007985564,40.41412134265025,5.860101199820461,4.022483197290681,69.52562384743115,467.1776294708252,70.69185841828585,216.6968397796154,606.4058421179652,985.3208437561989,14.174398966133595
549,0.52319589877836,5.0637652173913,5.7272302631578995,8.52794776119405,1.93671875,9.087253846153851,1.1102765957446799,4.55568396226415,1.44648,5.34503333333335,0.66497870967742,1.80262426900585,5.31007407407405,2.015615384615385,6.13287765957445,17.976638800501377,14.24326446382879,3.258284822113282,3.5258293789774684,18.861199144306564,434.9066177383065,93.13422488048673,199.01498453691602,530.5907921865582,745.2780962921679,21.193793509155512
550,0.760744,6.457404761904749,4.935806306306305,7.31783333333335,1.8733685897435899,7.5683828125,1.8560992779783398,7.5679802631579,1.199227876106195,2.8504843749999997,1.232778911564625,2.8582105263157898,9.9487222222222,1.614774480712165,3.385832352941175,12.05330758810696,6.387330594373094,5.179070271346527,6.392408088649708,13.235250996708476,384.68121783807874,127.30082962661982,135.5289132334292,279.39690044149756,516.0074448212981,26.64125058799982
551,0.9291343042071201,6.81887417218543,3.37442071197411,4.09988612099644,1.5424273624823701,6.33188484848485,1.52839333333333,6.34507407407407,1.4005958737864102,4.64000806451613,1.39109331797235,4.74668246445498,5.12757603686636,1.9280657193605701,5.560610169491531,147.09308220808035,8.45168017967045,2.9399115646696523,8.382132388210522,17.178668590628746,470.1005294919014,131.35566841810942,135.79248916357756,306.5165365114808,326.5206469222903,28.87940499931574
552,0.5082364035087725,3.3834802631579,3.394238372093025,4.41554545454545,1.299428030303025,5.737875,0.6702655472636813,1.9356167763157874,1.2644864864864875,4.841719827586212,0.6156086734693875,1.5194694148936125,6.1893465909090875,1.70721875,5.345463541666663,18.964568011297555,59.39112578485293,5.4910415528166086,3.84469860282792,44.17462961368874,469.25554634071887,72.32371426653117,186.55982275959104,464.71454843413085,866.987751214765,18.059139256365597
553,0.129420587864261,3.27863608562691,2.96022157434402,4.037886178861791,1.608578581363,9.217717948717949,0.46277289048474,1.9953578154425597,1.38077036048064,6.304326086956521,0.6492911622276031,1.95503925619835,6.12496216216216,1.89294097807757,6.97737662337662,22.373827031809935,23.013626374911713,4.270714917665038,5.482010636307497,17.369190541085402,623.377482406795,90.37419222295284,256.0210879892111,586.0970355570316,665.511772967875,15.92850312590599
554,0.9397423510467,9.09338333333335,3.3457442748091597,4.1331798561151105,1.25678313253012,5.5302912621359,1.276966738197425,5.585645161290301,1.0834213709677398,3.349399425287355,1.102056503198295,3.337887573964495,5.8281919191919,1.648105263157895,3.763735294117645,16.49992586919513,6.401098590945117,6.126617171405119,6.3031547954567175,7.202772953463818,290.8116555772722,96.61528747528791,106.85458546504378,270.93106182292104,556.5924686379731,24.799443781375885
555,0.6658335459183675,5.312125,4.272515873015875,6.44251785714285,1.7926767515923576,8.632480769230774,1.313226715686275,5.740390625000001,1.7161065088757401,6.485115853658525,1.06574070247934,2.995817647058825,8.820839285714275,2.3741418918918926,6.742114864864875,36.74546657708098,22.00929264749756,5.956801092182372,7.181645354664081,53.088471943730276,574.4774010963738,128.93372913822532,213.47638103179634,461.37216850183904,857.1754326112568,23.716723080724478
556,0.2454243644067795,4.0206553030303045,4.475267716535435,7.707820000000001,1.0643614583333352,6.509956043956049,0.4718935,2.00828298611111,1.024798295454545,4.982331395348835,0.477406191369606,1.274095800524935,7.108625,1.480120967741935,5.7386722222222,14.859052955280662,11.391789433162549,3.962004689394023,2.6157445675351787,13.945333627811117,437.16462096199393,60.462241526693106,195.724843069911,444.77215269580483,591.6506983339787,13.171299360692501
557,1.11053530534351,10.2737927927928,3.51540566037736,4.34132352941176,1.33869813519814,6.40621875,0.449009137862535,1.91625818181818,1.7332354694485799,7.4055786163522,1.28848148148148,4.8228281938326,11.296572916666701,2.38826923076923,8.764404494382019,149.9213612956778,22.82936326141971,2.9210814208506037,6.874079893717672,19.93650796753639,722.1839623525739,147.693301551044,277.60667726397514,688.3461493998766,910.907075740397,18.552294932305813
558,0.23742822491731,4.02811698113208,5.3457909090908995,7.30984848484848,1.7608187499999999,8.77942727272728,1.20936339869281,5.21401,1.7064096,6.58172142857142,1.144117142857142,3.2553873015872994,6.709553333333339,2.11767222222222,7.06930666666666,43.16125833571598,66.12682261786694,4.539828522309138,6.8948712917731285,46.18133879612063,543.7781708315015,110.79440824687481,218.063541688025,485.3945830836892,771.212805993855,18.88439990580082
559,1.3156938271604932,7.744148936170201,6.608263888888899,8.284248226950366,1.9202619047619034,9.628983333333332,1.4600270655270666,6.4705136612022,1.3780917537746802,4.5778429118774,0.9701513605442167,2.637271794871793,8.2074090909091,1.8708038277511967,5.35640625,15.658713406413609,15.611619065542719,5.903199644989097,6.649959731348978,53.86166018378964,444.57373830179375,108.69803372770548,202.99383904784918,370.7646547506253,576.0518601164222,23.486302234232426
560,0.762477642276425,8.0539044117647,6.389259999999999,6.70927272727275,1.673145454545455,7.15371710526315,1.0772429193899802,4.40511382113821,1.6471552706552701,6.12657978723405,1.34932650273224,3.9967583892617453,7.457978260869551,2.120875,6.4780974025974,24.070441831847564,79.30676597874577,6.009366077325485,10.64405485679656,21.140979635093945,621.8196824193001,138.44430213794112,234.65707199648023,534.2691321857274,820.7938401028514,26.475894264876842
561,0.406735221238938,8.1927323943662,3.15561056105611,4.36485606060606,1.98652654867257,9.46772727272727,1.02158363636364,4.75193388429752,1.75489154704944,7.56925409836066,1.1845454545454501,4.18976208178439,8.33769064748201,2.18594420600858,8.49138095238095,28.542439603349706,23.06186846601177,8.236232055093792,9.75969104715641,26.692399884075193,795.6596091389656,146.31738886237144,286.3541943952441,828.703842125833,1040.8286936581135,19.283592700958252
562,0.367286480686695,5.03378902953587,2.8305985037406503,5.1662222222222205,0.944385353095031,5.0280627615062805,0.31205132098390503,0.660198924731183,0.835473067915691,4.29063468634686,0.306474774774775,0.6527578814628,7.50047058823529,1.22620021299255,4.74787619047619,16.3089326907298,10.113752678330123,5.075688938616212,1.2860781947781785,7.845792966558149,246.58159818500278,54.26611751317978,202.78121810406446,412.0978293940425,942.8554913029075,11.72269694507122
563,0.0898617,3.3342844036697303,3.1799226006191996,3.86095087719298,1.94670758122744,9.21065765765766,0.588932351336607,2.53438916256158,1.33499742268041,5.86162962962963,0.659909879839786,1.9057011686143601,4.84497333333333,1.86946666666667,7.153614379084971,20.741582448411332,14.168245097020646,4.220564447241264,3.856000644837189,20.931455206919388,654.0561094880104,77.7021050453186,237.58311290293932,530.5565195158124,567.851634696126,16.54729712754488
564,0.2348761597418315,4.11406474820144,4.378671875,6.3813148148148,1.06525882352941,6.1317857142857,0.30410997732426304,0.9568202054794501,1.5163346253230001,6.1418870967742,0.4853736942070275,1.31538242894057,7.26401898734175,1.9959542372881351,6.7996726190476,,,,2.609327053548251,,440.95389312133193,75.45622065663338,224.81613559648395,546.5415306389332,712.861935608089,14.60169441998005
565,1.972748623853212,8.638324999999998,3.0599000000000003,3.72460408163266,1.962751351351352,8.72238333333334,0.886221513944224,3.3114268656716406,1.3631636363636361,4.89223111111112,0.841465682656826,2.5030571428571404,8.3114761904762,1.6970428571428582,5.55011794871794,16.507535547707874,12.34155023280806,5.798308212626507,5.080971394939651,38.78441728352314,372.7079974487424,83.3734916523099,191.64358265697956,489.2429057508707,832.7784249559045,18.579079769551754
566,0.5337810650887567,4.958033755274267,3.3670611620795,3.9587234848485,1.5921310043668135,8.3831956521739,1.1066333333333334,5.104411764705866,1.1893384932920534,4.636004830917867,0.5392389240506333,1.35196958174905,6.259783333333332,1.6195021276595734,4.962604444444433,16.660998863442625,56.51024612326085,5.145730991787734,3.329257507772644,52.796331270621614,370.44220759222907,81.70243042210738,173.5871657729149,437.4839908753832,649.9233655631542,20.7455363124609
567,0.313561109585279,3.27816666666667,3.0445275590551204,4.5328733031674195,1.54323668639053,8.237688,0.49974841540711795,2.0814487427466197,1.3906803170409499,6.03240104166667,0.652162711864407,1.99542007434944,6.73463005780347,2.03340041928721,7.16605517241379,19.445095316860247,147.83377033787977,6.722384169298564,3.8535844373191095,16.057652414350525,536.6425961256027,79.06325627118349,240.31708016991615,524.38173443079,1104.7150706872344,14.918996021151543
568,0.143766830639494,5.02024358974359,5.9390804597701194,9.170399999999999,1.5521235059761,8.911499999999998,0.24,0.6056274611398961,1.1440880434782599,5.3900511627907,0.223273211723714,0.5921116777154509,6.20845454545455,1.7245706713780902,6.45424431818182,20.98787739222261,12.705469266655415,3.5356049439798563,1.2802399005222964,31.971706134703428,830.3152630105615,52.241748198866844,316.9945674017072,510.27100998908276,631.4364029094577,14.453288167715073
569,0.5594077568134175,5.3549305555555495,6.981571428571425,9.29201612903225,1.3695260989011,5.95252906976745,0.9243624100719425,3.14465,1.2745341409691626,4.402272058823525,0.8149901960784326,2.0483496093749998,6.024321428571425,1.7748420245398775,4.9805307017543745,15.921554152612488,43.801421940213004,4.65432731192336,4.62456221658176,75.99469842063105,434.15024993009865,81.67664636857808,177.53781867213547,383.80351616069674,625.230569858104,21.18042903020978
570,1.09114208144796,8.691711999999999,3.0334239766081903,3.66601898734177,1.33062645914397,7.6278500000000005,0.38667722165475,1.8790209424083801,0.7422255257432919,3.09576357827476,0.51411116300794,1.82890171606864,5.11421428571429,1.11366069651741,4.09500772200772,16.052862294554366,8.41299228148719,2.9288438006125563,5.557633986485768,131.47090094664293,314.18963335454464,76.30940526723862,163.81284222006798,369.1662335768342,895.4004617407918,13.922504149377346
571,0.468978152025489,4.90252888888889,2.83804545454545,3.94034915254237,1.24828195488722,5.9513863636363595,0.351142566191446,1.38234445768772,1.08407053140097,4.688351851851849,0.597293053123176,1.90988661710037,8.2022109375,1.5003691376702,5.60078021978022,13.211743142999149,17.17426266832333,10.048651731397433,3.8608401123315033,19.906769205501057,414.88881688565016,54.82141859829426,194.76297311484814,469.70765106379986,768.7780307605863,13.90709076076746
572,0.882841185410335,7.5457142857143,3.35278869047619,4.325485185185185,1.4681512261580398,6.21405376344085,1.2112619542619552,4.831436936936934,1.2234731543624149,3.9692656250000002,0.95792857142857,3.07225,7.763408450704199,1.794174846625765,4.725086776859505,15.623652647898158,9.31820584798622,9.29493289158099,9.148169891383276,14.536140426068336,440.90159935876727,143.4960402548313,191.9874455779791,372.99784598872066,643.8001524657011,23.027497809380293
573,0.119476823176823,3.3108660968661,5.57539583333333,7.37059,1.80613174603175,9.531008264462809,0.317144526445264,1.2420835240274601,1.24095157384988,6.1176190476190495,0.540076368876081,1.92865413533835,5.41910909090909,1.90311504424779,8.02125675675676,20.84671398641912,146.200171258487,4.944937057619973,3.8247961298232407,131.51195266403877,626.3537099584937,77.99973245710135,332.68260303884745,656.9870980456471,968.7003446742892,15.298393554985523
574,0.44715571205007804,5.5939793814433,3.0992207446808497,3.738803921568625,1.553190860215055,8.443046874999999,0.5927066733067751,2.923475675675675,1.56718115942029,7.715108974358951,0.63562935323383,2.069829225352115,7.0211917808218995,2.1168893129771003,7.9287734375,34.75007316440125,150.565305965043,7.1016186038537255,3.884978492610443,72.85581278794103,647.2268491052091,91.43638890236616,297.88175597786903,580.9373571537435,900.0510210171342,15.006004832684994
575,0.6349176540284363,3.4543928571428624,2.0154058219178124,2.3789525862069,1.6391379870129874,7.497460526315788,0.7539057788944725,2.74732311320755,1.6442629310344876,6.126681818181813,0.7645119760479037,2.0340793650793625,6.170767857142862,2.5852806603773626,6.314880434782612,20.482710979985125,90.90649675673232,3.6386842233197574,4.767730281445313,59.97713450703223,473.82789198309183,73.06472689379007,206.68721408583224,516.4368398254737,705.3469045786187,16.640513786114752
576,0.8706025423728799,6.66705555555555,4.27368,5.9861746987952005,1.24374582338902,6.69716860465115,0.500343290891285,2.3864661016949147,1.24626423690205,4.835608108108111,0.702539804469275,2.0865362318840597,7.4392013888889,1.634777464788735,5.58616847826085,16.64314239787195,78.58233826625266,5.080938508956745,3.919841565860475,134.84447093957547,474.17080495506525,91.2773422896862,229.798152577132,572.9371798224747,1331.932411994785,12.335891369730234
577,0.26868982960596366,3.7861006944444333,4.058574074074067,5.1311911111111,1.51865948275862,7.659071895424833,0.49368188105117666,2.2965500000000003,1.6622511013215868,7.0600544217687,0.7921602011494268,2.33478310502283,7.127713333333333,2.10089594356261,7.7816879432624,20.739504956538113,20.75800276596369,3.8518580609562423,5.141745029447752,15.436979147151902,596.5450623383125,88.96723544845979,222.27525866279998,553.926561648647,805.8586390689015,15.851265440384546
578,0.5434833333333325,4.472303278688525,5.32122641509435,6.694762820512826,1.3261713197969551,6.713928571428575,0.6425217136150224,2.351907258064515,1.4280164473684198,5.611222222222225,0.7335043103448275,2.0811268115942023,7.595522727272725,1.9352180451127827,6.216426136363625,18.322163278108174,45.98363731532318,4.928927437906764,4.9670645002158755,14.57207891190029,468.6481668613851,81.85399929061532,207.0787944830954,487.3072844929993,832.7688788995147,17.36599951982498
579,0.932546118721461,6.5465367231638405,8.00548993288591,7.94871428571428,1.5031927007299302,4.99271707317073,1.4795714285714299,4.94937558685446,1.21078959810875,2.85016995073892,1.2182785547785502,2.8491625615763496,5.10382532751092,1.79989937106918,3.29354006968641,8.831278066394814,5.25556667734605,3.737372049296984,5.622374893362685,5.627312677354486,298.8034160807729,106.2694238498807,124.1230871528387,259.9547617137432,392.1695053577423,35.073189064860344
580,0.181007157821229,3.32673204419889,3.3874823529411797,5.34256770833333,0.9589191449814131,5.382636815920399,0.19122132446134302,0.612277203647416,0.824696279422931,3.8977542662116,0.175854299825683,0.5999236719958739,6.75291715976331,1.22442542787286,4.60891129032258,17.6724394557293,12.711657952157466,6.855171713318292,1.2920217658712712,132.3645609817499,394.6206299588084,80.74885699898005,166.52015037834644,358.9003812521696,865.4858218505979,11.527398601174355
581,0.133973085424522,3.25347262247839,3.0505915119363403,4.168146853146849,0.790441908713693,4.63738493723849,0.148927949833632,0.625618107556161,0.922267631103074,4.470111111111111,0.13721213366201002,0.603152777777778,5.41403448275862,1.22756913580247,5.5063422459893,14.605285769848605,9.77618056925606,5.00178807502849,1.2919853418511869,131.64708284528675,386.75914984196424,80.90406190603971,171.7636827379465,412.17466350644827,479.62069511413574,14.15349543094635
582,1.02080245746692,6.7396783625731,3.4196254180601997,4.65978137651822,1.44830876747141,7.84988235294118,0.64207460035524,2.82116755319149,1.36883018867925,5.26255958549223,0.761531849577897,2.03891947565543,5.10670175438596,1.80980872483221,6.2614699453551905,23.890533970832614,11.236667364769348,4.463636418579576,3.8330995200721265,15.933392914197896,473.49240630865097,110.49064341932535,283.4612736478448,595.6957349553704,939.9371920153499,14.74281307309866
583,0.741238005050505,5.258565,2.9438697916666623,3.8111209677419375,1.5854817415730376,7.656874999999999,0.5510304054054049,2.036784722222225,1.42703125,5.956124999999999,0.6172251184834124,1.8575607638888876,8.6436796875,2.1622862318840625,6.345195652173913,21.881597044224502,48.44532078188375,6.73800681178724,3.9372335387478423,63.240685018870124,494.79209992568946,84.5135742565617,193.42919695191085,492.78502410743386,749.1831231163815,18.001176067627966
584,0.7893669724770632,6.733935672514634,5.106617777777767,7.5198846153846,1.3952311435523097,7.859021739130434,1.0579675052410902,4.821814207650267,1.51359393939394,5.486594202898567,1.0139058524173032,3.106946666666667,6.387628930817601,1.7210707070707068,5.6138407960199,12.47376797633855,13.019025525785402,5.811857510497197,4.699024837003635,71.19793575003241,386.08829490840435,90.83418796459834,191.86929954836765,490.68773320565623,615.4398433864117,21.864062485595543
585,0.3575854253835433,4.6375039682539665,2.0816880341880335,2.5119740259740335,1.1636022222222215,6.14685714285715,0.35535020242915,1.3536129753914983,1.6498516819571867,6.840448275862066,0.6782491228070183,2.075177083333333,6.005267857142851,2.2112921348314667,7.288929487179484,21.593331372625446,16.4445011980506,5.97213465373085,4.96553435739556,57.55296216747842,561.270082835108,86.87790250405669,278.8013351770739,577.2942211478949,851.1505671776831,15.039734231928984
586,0.333905,4.103333333333335,5.6615582524272,6.6993275862069,1.10137758945386,6.44944705882355,0.2483577011494255,0.95749349442379,0.9944585492228,4.80983913043478,0.3320155902004455,1.288877192982455,7.57154166666665,1.3199192771084352,5.357916666666649,14.920374894749324,12.284182564107287,5.851439739344276,3.4860054662078204,133.51743360851515,393.5310058295727,75.03260858356953,139.60469514131546,476.0323208756745,663.8161721639335,11.946994345635176
587,0.37484112149532667,4.4188583333333336,5.118724637681166,7.134516339869266,1.5982361733931232,7.662233333333334,0.9502152950955933,4.2103882352941335,1.26394956140351,4.841558333333333,0.6834367201426034,1.9979298245614032,7.670755555555567,1.73948717948718,5.503323383084567,14.92544672106191,54.94318588927339,5.353026682275856,4.708156462910721,98.49478780456475,417.50733895848197,106.40700347721577,188.58400483926138,448.2901810357968,829.1859179735184,20.75529967745145
588,0.579842878120411,4.8863133640553,2.85634770114942,3.1895562130177497,1.55422049286641,7.5950140845070395,0.550411677387432,2.1660983606557402,1.363,6.063431952662721,0.669424104234528,1.97711969111969,8.15388372093023,1.9813865384615401,7.25495031055901,16.241749710091465,11.40531678632073,10.136256230882045,3.8274680532702705,14.579468515005592,402.5569651275873,82.93241262435913,251.40081997960806,518.1643879041076,781.8970363587141,15.98650123924017
589,0.7798741496598632,5.99259375,4.780390946502067,6.3013387978142,1.6687271386430667,8.496914893617033,0.8308301737756699,3.284663768115943,1.5616230529595,6.176586021505366,0.8101217687074832,2.140060773480663,7.5010196078431335,2.0304807017543864,6.619806060606067,16.090674559168736,58.1219550060373,6.29467195170301,4.725164892154683,100.52353723074538,502.4155679469307,101.90784620742004,195.95053357382616,451.80937740951777,634.0451926613847,21.26457014431556
590,0.7323660130718955,4.6574126984127,4.2404,5.747944444444444,1.2720253025302555,6.660500000000001,0.4062638888888889,1.132411441144111,1.4276950617283999,5.998894444444444,0.5117866666666667,1.3472647754137113,7.231451388888889,2.076016949152544,6.9075,24.021772921476266,47.780762172304236,4.830454624631635,2.890906248618145,85.65216983434715,486.4605686937769,72.81944983535342,207.50753271083036,503.08635820531185,817.1280587299002,14.51865407741732
591,0.13677058684335075,3.5096907894736753,3.6891375,5.325441860465125,1.2747533333333325,6.95124375,0.353614354395605,1.4103860294117652,1.2967689732142849,5.7965,0.56801876172608,1.767291916167665,6.2619825581395245,1.60504941860465,6.1428475609756,20.506121768903956,17.501238577109365,4.777121023544132,3.151443391435271,77.04315768553123,491.60443013533956,68.09164769947529,212.14232547208667,520.5080844461918,753.1933486461639,13.245828449726105
592,1.1867050438596498,7.498772727272725,3.9211780821917745,6.4139625,1.8572777777777776,6.822184210526325,1.5522407975460124,5.1768039215686255,1.47203611111111,4.353342741935475,1.1226158536585376,2.68104444444445,9.06665789473685,1.9517953020134222,4.869986842105274,47.577156807229294,13.438992225553617,5.634793620171559,6.012498594278296,43.29403937061821,440.26453397236764,116.23634491115808,171.34888330474496,389.07083217054605,547.8314124047756,26.614224771037698
593,0.4295304243394715,5.376196261682249,5.0760277777778,7.7184214285714505,1.1831612903225799,6.79407333333335,0.36891383136094646,1.38361320754717,1.17330341880342,4.990805309734515,0.4436025248661055,1.314561743341405,8.56917424242425,1.5970443037974702,5.654615000000001,17.235062511243015,11.510138808763866,5.615747745166694,2.595032571839385,73.27122223123993,475.8586990647018,81.03930158540606,222.0707363449037,426.3871582224965,814.84813708812,14.859053771942854
594,0.579232426303855,4.292050000000001,2.6728064516129,3.42480654761905,2.186053061224493,8.449921428571429,0.9771371428571429,4.153696428571428,3.1094906832298146,6.635324175824179,1.3527232142857142,2.8411758241758216,6.575914285714285,3.162794642857143,6.111538961038965,48.796767037104935,34.96691007885262,5.299713112534893,5.73091616023333,51.78605816869932,507.9740009802793,98.90511532181075,232.53963528467077,484.6321402250656,975.8524945937097,17.19223634739007
595,0.716495,4.99492380952381,5.0077750000000005,6.6109266666666695,1.5908499999999999,8.164575,0.858596638655462,3.54377586206896,1.7003800000000002,5.3911500000000006,0.7902866141732281,2.04499,7.226049999999999,2.43659318181818,5.49866,,,,4.60842517672545,,367.82269598916173,75.22023050114512,184.46565372869372,424.9259573407471,677.7919619344175,15.819298569113016
596,0.337475087924971,3.36143174603175,3.02098461538462,4.9999399141630905,1.33858343483557,7.74694736842105,0.46760324543610504,2.05263113006397,1.2514950980392199,5.36796,0.679064451827243,1.94521753794266,8.24556730769231,1.61697379310345,6.33276300578035,21.085026979653463,12.76201100140241,6.84935954313951,3.8178812143611345,133.00390365258204,665.2379175648093,86.06556802988052,202.48801447451115,589.0663946047425,914.5664749667048,16.770604997873306
597,0.40301224328594,5.74165789473685,3.06344623655914,4.398427083333335,1.0695232815964502,5.34782352941175,0.62711334867664,2.89904864864865,1.35518858560794,5.650330097087401,0.9290634028892449,3.57392901234568,7.859051470588249,1.75658695652174,6.1686551724138,18.92073566200858,15.329296515610709,6.381608868508321,8.56689033903953,134.31076344901223,545.1906472444534,145.62883879989386,234.6003078855574,521.6109217144549,957.4501193128526,22.85295631736517
598,0.48648857808857804,4.9481756097561,3.0388967551622397,3.39400621118012,1.43371328671329,7.76587074829932,0.558749853886616,2.08079520295203,1.58520184899846,7.04292592592593,0.758858440575322,2.0007089843749997,8.2031811023622,2.21386681222707,7.74893150684932,19.35961928959211,18.589098727426023,8.400801624759948,3.868452089052327,131.66303474479605,546.3905865326524,74.18529130518436,256.97790551930666,466.8268607929349,606.7065987735987,16.597704961895943
599,0.27913312007873997,3.154412790697675,3.617064285714288,4.169003676470587,1.100196202531645,5.551494791666663,0.30297055785124,0.7627669491525425,1.1508585526315787,4.910215517241375,0.3400853873239437,0.82988629032258,5.91611904761905,1.4822268041237125,5.255604166666663,17.447953583952017,46.017980337138525,3.097905336115465,1.6274220397175876,22.17396198603333,404.3856402859092,60.35771511960775,185.8178060501814,476.60707496106625,1155.8978352695704,12.562811025418341
600,0.28236306042885,4.10022857142857,4.74992380952381,6.3130421686747,1.44752962962963,8.22129285714285,0.3463617269544925,1.40928501228501,1.301664677804295,5.694218446601949,0.4410889756944445,1.3355854503464202,7.49611333333335,1.9491179775280898,6.3120284090909005,19.51173047626775,14.514189033437535,6.32377501349482,2.5860641903380572,22.120613724093197,507.6220957562327,65.2338145300746,255.77384512871504,585.5796975083649,970.4003459773958,14.557456597685814
601,0.49329694688414905,4.905084388185649,6.59266111111111,9.42538211382114,1.05643155031732,5.51868947368421,0.618113142857143,2.67665459610028,1.47686928104575,6.272806060606061,0.7703359223300971,1.99888099808061,9.491999999999999,2.10131808278867,6.97014102564103,13.437280044881817,17.282564737634058,9.205368140420758,3.8690069529979305,133.24485768113948,435.4302538558841,100.70009157061577,218.64690352231264,471.69786412268877,714.5648822188377,14.513707719743252
602,0.4007121212121217,4.02392248062015,4.732788288288283,7.08901785714285,1.6294208333333335,8.2790606060606,1.0344119850187268,4.0715265151515165,1.4896043478260867,5.351416666666666,0.84181454248366,2.3035421686747,6.90685802469135,2.2971220657277,5.775322916666666,16.682839814563838,34.910107143956985,5.699900387066811,5.115097159862862,58.06983514777027,499.4348584053417,97.53273334354162,183.66657119865218,454.0300151954095,733.9243427850306,20.960885255287092
603,0.2942521154803385,3.3120000000000003,1.762667701863357,2.164996031746029,1.8522357142857142,8.172392857142857,0.8006987577639786,3.2508000000000004,1.5819331306990858,5.132330357142857,0.8053110599078358,2.4743023809523783,5.678114285714286,2.0977837837837856,4.631095238095236,17.756378999558276,10.244491155526816,5.254032575562687,5.146806163271667,48.971619413037615,368.63446501748905,95.48798802175692,177.14241153693624,409.73637119999955,624.9966083227524,19.093428272753954
604,0.99106400742115,8.45220491803279,5.549251396648041,7.6973199999999995,1.3877943166441098,5.63619806763285,1.38423293172691,5.67377358490566,1.3081119909502301,4.16501968503937,1.3227137970353502,4.2186336996337,8.3475859375,1.8267675159235701,4.87524038461538,11.881830317451135,8.492101839077499,6.0155339484260075,8.405339971001606,9.887856970200117,479.8372508957982,181.87668174505234,202.7696929872036,320.3556640073657,546.9145253300667,30.836998485028744
605,1.19017975206612,8.34758695652174,3.03847422680412,3.42972847682119,2.36127142857143,12.247788235294099,2.46766136363636,12.1883263157895,0.912448058761805,2.71375283446712,0.915338129496403,2.7006295264624,5.73008854166667,1.5256044678055198,3.32951298701299,13.140242463683009,7.105876695267367,3.6711860298638386,7.1300567541516875,6.984046815598812,376.2423060834408,116.49259831756353,117.62238573282957,312.7520903944969,646.5984042733908,25.872979313135147
606,0.49794851657940753,4.9141923076923,4.9380370370370255,8.327159722222225,1.3934926108374375,6.814434210526325,0.8154597457627124,2.7843173076923,1.7050388198757749,5.850904255319151,1.0848234732824427,2.51897685185185,6.368896739130425,1.9098964285714273,6.022005208333325,17.12546287157851,45.9321600700512,5.171239567313666,4.99589489354461,45.21874142845424,497.3020812030881,88.01142685115337,200.38655493408442,464.1203035134822,803.1638397369534,18.52747518569231
607,0.396435606060605,4.531462121212125,5.726010869565226,7.766147058823525,1.6283733974358974,7.758953947368425,0.945379858657245,4.2754402173913,1.7156486928104575,7.2001524390244,1.1217131474103574,3.76324305555555,7.326333333333325,2.3110931818181824,7.920328125,53.01667369080078,15.047964879705813,5.983136963522511,7.511724680794759,80.3964002770138,546.7147100716829,128.43713047914207,238.86702256277204,516.7304538190365,891.2568038795143,20.68204921670258
608,0.6978471940500333,5.5562962962963,5.445382716049367,6.024344827586201,1.9956057347670264,10.101851851851867,1.0834481481481466,4.8965519125683,1.63614224137931,6.795093333333334,0.84022621902478,2.562357777777777,7.0247044025157335,2.02726851851852,7.164346405228766,22.69188921092359,16.07778445637462,4.423929612167295,6.099042552944685,23.362430088208754,570.7407680650552,87.47093379497528,250.92851525793472,539.9685353040695,734.0670252839724,23.232571159799893
609,0.644384615384615,4.959625,3.08712962962963,3.6273150000000003,1.374351092896175,7.00399324324325,0.377996238244514,1.40647267759563,1.42725243902439,6.303873563218399,0.4400645896656535,1.386560975609755,6.3523000000000005,1.92562030075188,7.02596575342465,24.00445538231625,17.31888534918557,5.344932792820977,3.4998101553031233,16.004438693527742,548.9980103448033,90.18057025969028,238.69310971349478,562.8775106742978,773.5362974926829,15.206856187433004
610,0.8993780701754384,5.56328095238095,6.316607526881717,9.05845,1.5513318181818183,6.765471264367817,1.26733651804671,5.097696969696967,1.52702624671916,4.842279279279283,1.1118439306358383,3.1339210526315835,6.927846666666667,2.20339215686275,5.075513157894734,14.102890314859863,10.834528244153205,6.545893049289817,6.487198910510062,31.132614964951856,431.90686653057736,99.37826155995329,169.90785564606387,359.7708690601091,546.5311890778443,23.59273300195734
611,0.20152263779527552,3.288309523809525,3.009035714285725,3.36703289473685,1.3736577669902925,5.28542410714285,0.804925,2.4093545081967225,1.2350947488584474,4.3593559322034,0.78180608108108,1.934410071942445,5.916209183673475,1.5322424698795174,4.94837719298245,16.52041064967326,43.41127974280607,4.120569265168986,4.87187932941614,43.8329385903676,317.9977764375508,68.06504097767174,153.68007589131594,407.35697257332504,572.3375012166798,25.285902665928006
612,0.342138500997435,5.04685652173913,3.0864042553191497,4.3567843866171,1.78943292682927,8.72616981132075,0.34228084569264805,1.26923134328358,1.63975247524752,7.49665942028985,0.547839912280702,1.91660714285714,6.6454171428571405,2.09048723404255,8.0814427480916,22.341339657542548,30.25744601413905,6.663880277091619,5.4539677238717905,22.796920616737065,674.2289988324046,99.07812345772982,296.9849156215787,663.923635147512,1012.6201901584863,16.057793982326984
613,0.3213717660292475,4.469053030303026,3.6901915584415503,5.139627118644075,1.45191450777202,8.132257812499999,0.500921597633135,2.281988095238095,1.389859210526315,5.7029761904762,0.695669098143235,1.97487591240876,6.867513513513525,1.7558583333333326,6.262041666666675,17.428979586957695,13.810178062931403,4.167999416176992,4.640588978400603,75.62027883248024,470.24646773934364,75.85508283227682,206.4647909719497,497.1783724613488,768.6851487960666,14.122476568445563
614,0.3777827838827836,3.5879761904761933,3.9352481203007494,4.9946218487395,1.206371848739493,5.912412087912086,0.5128873114463178,1.7679755639097716,1.4820889487870643,5.3955333333333355,0.641547798066595,1.8496834415584427,6.1780064935064924,2.2512956349206354,5.266909523809521,56.23945262544629,40.07960121748057,4.18288204174499,4.2256588092850516,68.29373971219451,386.1757810227573,73.97370645776391,186.6138373900737,448.1675169829811,670.6972656372402,14.23723463501249
615,0.157376348920863,3.32054441260745,2.91691927083333,4.04224567474048,1.61496796657382,8.56668148148148,0.361266828380837,1.9562975352112701,1.4481220472440899,6.4075833333333305,0.551028081865778,1.97853720508167,7.3733083333333305,1.85478212290503,7.856079365079369,20.607596817176805,146.74817148145178,3.50795139779904,3.8129221524058465,130.24719178514874,478.3170996233821,80.85900917649269,253.82183957844973,566.6517419740558,715.8969296142459,14.510005712509155
616,1.0090845070422534,6.6252160493827,3.120614942528737,3.5709657320872332,1.83599530516432,9.072675,1.4405712365591399,6.896313333333333,1.2952541371158401,4.4740804597701,1.0669392033542968,3.121522309711287,7.7090761904762,1.7235050946142632,5.151769230769233,18.014152556033718,8.56565879502445,5.73234990477987,5.656198226407011,54.396384375289436,425.03544439872104,90.73159502198298,167.51860578854877,375.1002252101898,625.1326917360226,22.153168295820553
617,0.45856648451730503,4.5683,3.8795641891891997,5.1197327586206995,1.45021256684492,7.701365384615376,0.8368091666666675,3.24638920454545,1.3563338068181825,5.539321428571426,0.9038671096345524,2.954525,7.663221428571425,1.9067839285714274,5.752101063829775,50.08209950115671,12.144216008031009,5.185909286475364,5.702791888248945,115.55410729347842,503.7966358941049,102.77983965352178,213.69835012592375,487.3730009421706,844.1637502983212,18.795474898070097
618,0.4583475935828875,4.415679104477626,3.097096385542175,4.3584499999999995,1.6001121621621626,7.179272058823526,0.594365904365905,2.0980492957746475,1.4685288461538448,6.618672222222225,0.5603389917695475,1.6148863636363624,6.814590277777775,1.9834384057971026,7.016713414634149,55.50821671380519,18.599128397223975,7.127678476523878,3.329070850623624,82.66654483520759,528.7663836497813,85.20758710801601,206.3574269413948,501.261034514755,741.1457947455347,19.37702763825655
619,0.4521689303904925,4.958695833333334,3.05837566137566,4.235015000000001,1.8987052980132448,8.468622950819649,1.127,5.011087628866,1.9409945454545452,8.19792372881355,1.13882254901961,4.378285185185185,8.51392424242425,2.3338008849557497,8.8112462686567,34.585783358881464,19.12947737364773,9.240299861880434,12.979633561793788,136.47397414022103,808.8969858363271,170.22601095959544,316.0387510433793,829.2533573694527,906.2220458872616,18.364249262958765
620,0.5858738479262674,4.64078125,6.220510638297875,8.12425,1.2953907035175876,5.7687100000000004,1.1129847560975599,4.820155660377351,1.1150603448275849,3.643465625,1.0434202898550724,3.264570987654325,7.14159210526315,1.6074187500000001,4.0729411764706,17.340442631493243,8.083856760851601,5.392399426101624,6.483730383140705,43.91411137813959,337.9534464329481,101.31271556019783,125.51333056762815,312.6590687315911,479.27689156495035,26.171322679147124
621,0.7630357142857142,4.783938596491225,4.319810606060608,6.00150595238095,1.422247222222225,6.8373333333333335,0.4600757211538458,1.3944776995305166,1.7784599358974333,5.892541666666666,0.5231213872832366,1.392796130952383,7.1902435897435915,2.3285447154471584,5.699906250000001,19.883599654414045,35.30061568551964,4.41384943298689,3.216164582482135,53.3480522080251,459.4808405575653,72.48982437886298,189.30792769727609,473.63979974761605,856.6545186719546,15.098291138807932
622,0.512038535645472,7.207156462585029,3.05621333333333,3.4050964912280697,1.16388438133874,6.09081656804734,0.508686005314438,2.13644306418219,1.37329718875502,6.008439560439561,0.64244710467706,1.98522201492537,7.4383961038961,1.9370948121645801,7.377194029850751,17.8497233739638,146.00833004523693,10.12307628884795,3.8651002778387604,13.175808950900924,538.0928283557296,77.396584674716,235.48633325845003,504.55271266400814,753.2778894528747,17.334893345832825
623,0.21179675810473825,3.704692567567575,3.2047060439560497,4.52704296875,1.8180749999999999,9.0650859375,0.4502578809106825,1.6227136075949375,1.7091273885350324,7.0246488095238,0.53677130977131,1.417198780487805,6.682139534883725,2.1074532374100725,7.767632352941174,20.692670882531537,52.33142415750715,4.812121461250542,3.5765812764336604,83.75401323927127,532.2183482348919,82.12983375415206,235.858338419348,577.912776498124,827.4511725176126,17.074873903766274
624,0.5014600591716001,5.8655673076923,3.2670448717948704,4.349004237288136,1.26431818181818,4.590573033707865,1.249181712962965,4.625004,1.0687941176470601,3.638165,1.168798850574715,3.6256549295774647,8.85089215686275,1.58678,4.088636029411765,14.235044408249978,7.2088096003361395,4.425803829584396,7.087074898159627,9.29589967757746,312.5891787931323,99.41961616277695,107.90993692353368,298.33002481609583,504.90420544520015,31.408201903104782
625,1.6613830409356727,7.9194705882353,4.259526119402975,5.88867441860465,1.617973011363635,7.459934210526325,1.1240516917293224,4.899563829787225,1.20989539748954,4.22138970588235,1.0200642292490125,3.05929411764705,7.486614285714275,1.71198489932886,5.085938679245275,15.261294812951919,10.902155808411095,7.445839661751496,7.176302638615675,77.08931106579098,362.04017233103514,92.83855324611068,172.79250314459205,376.62519607692957,548.5968955326825,21.927099442109466
626,0.14131830092401002,3.2814159544159502,2.88685674931129,4.907766949152539,1.25173781148429,6.48860451977401,0.5014039506172839,1.93904432624113,1.42878146611342,6.56932584269663,0.629432068543452,1.9721023890784999,6.03981958762887,1.8220239999999999,7.50147133757962,16.213392544986576,14.19780947097392,3.55051174012413,5.5314727556513335,133.03078342652128,453.19502241909504,106.08423035591841,214.76929541677237,582.4439227581024,944.2145237699151,15.921820886433125
627,0.41977602639296197,4.90456557377049,5.05362916666665,6.6281095890411,1.0618192148760348,6.0291868131868,0.22774980514419352,0.688022727272725,1.2055984848484849,5.369316455696199,0.212655096011817,0.67425559947299,7.85213698630135,1.684096875,6.14596511627905,,,,1.313999416032996,,470.9103493951261,87.26090891286731,237.95610759407282,642.0898833312094,841.577653773129,14.846306294202805
628,1.045191219512196,6.07106666666666,5.06970952380952,7.5104,1.456525925925926,6.54936666666666,0.856646788990826,2.9150714285714203,1.310998876404494,4.64005365853658,0.7634708609271521,1.89166393442623,6.9809,1.882731707317074,4.87300476190476,16.74014789758144,39.16345985379038,6.283451933838393,3.688495504973055,15.61604897387316,468.8842920586467,78.53581104427576,183.01583360880613,454.19505797326565,583.2394026219845,20.52995841950178
629,0.462489059967585,5.336456730769226,4.9623125,6.45084210526315,1.657624161073825,6.929333333333325,1.2246255319148924,4.54878125,1.1344968220338973,3.9921576923077,0.9231528716216225,2.85772849462365,6.65868125,1.599944594594595,4.485363636363625,22.79080895633153,42.00017836089661,4.9177304103646104,6.84183015938818,45.01916129927611,400.2616449724883,102.27665770798922,172.09738725796342,421.7066045384854,616.4156307931989,27.133728144690394
630,0.24435225982284856,3.154410389610386,3.4504684385382,4.499423809523814,1.0342328767123286,4.930657142857143,0.32513150425733145,0.6497097324985772,1.2528077336197643,5.380751152073729,0.32097852669251425,0.6290763447079243,5.405377551020415,1.6398851251840998,5.721482758620686,35.944342960222365,73.9482157652543,3.669049754989892,1.2518066151664573,58.56324278731234,467.6379695800798,56.329366218830856,183.56527600969588,472.5874202059848,866.2791290719595,12.78400221573455
631,0.49651070336391406,6.30070430107527,5.92793296089385,7.21101408450704,1.18472567287785,6.67256862745098,0.33786368030937797,1.25086274509804,1.1203333333333299,4.64523660714286,0.588478667445938,1.9732580101180401,7.36341304347826,1.54604813664596,5.40791469194313,14.661600029828376,12.876396804662082,5.034557470159302,3.8100630905206847,10.629450362242938,483.90328884124756,83.71204603463411,269.5768140256405,536.9229009374976,756.298447959125,14.594104140996933
632,0.785670945945945,6.7536898734177,3.450513245033115,4.655013274336285,1.656140322580645,8.70545535714285,1.272809574468085,6.4029125,1.03974351297405,3.763205,0.896957430340555,2.78158695652174,8.3481056338028,1.540737903225805,4.2792723880597,80.96958174322523,9.992196511344071,3.615325284542969,6.358230824145115,13.642053719368985,370.74111169204116,103.46343042328954,168.3715614490211,328.5087295807898,571.846088860184,19.902654457837343
633,0.513915228426396,4.823309090909101,4.34481538461538,6.44065333333334,1.639198518518518,9.017700000000001,0.75725909090909,3.48414925373134,1.42687125,5.65987804878048,0.7447562700964641,2.01865420560748,6.97198181818182,1.924193388429752,5.891525,21.928430308967627,41.320135166007745,5.113764621767316,3.930408024621355,42.24826956661283,461.0854387283325,79.6807138249278,200.87666809558866,459.75157991051674,787.9626238718629,16.466318629682064
634,0.268408367071524,3.9648872727272795,4.799875,7.8884266666666605,1.512235971223022,7.52741481481482,0.920927601809954,3.9718000000000004,1.45997,5.4988046511628,0.757328903654486,2.01630555555556,6.76146,2.05853260869566,5.66385263157894,21.446650905157238,41.98521570136481,5.44634381266212,4.301391229186652,75.38396882678671,513.6514501646161,87.6844534650445,219.91510409861803,487.6040667295456,713.2154330611229,17.73386262357235
635,0.572693480546795,7.83403623188405,6.4930277777778,7.86675657894735,1.4992338501292,7.48027397260275,0.5817849099099099,2.855926108374385,1.7948046357615899,6.6709823529412,0.948999134948095,2.711238095238095,7.948525,2.27531441048035,7.359264285714301,27.25845452471791,80.24233590656615,3.6427795267680967,7.104451014563925,22.384696179662747,523.2813069596887,87.04840438440442,231.78645642474294,529.7010531648993,758.4289531223476,14.0176503919065
636,0.9291205985915489,6.76363095238095,3.37126470588235,4.619202429149801,2.24313255360624,12.9383703703704,1.34726122931442,7.21561349693252,1.85046735395189,7.50471,1.28596083231334,4.223366300366299,5.0722974137931,2.44661151079137,8.29055833333333,24.012174627511563,149.77848276604396,2.932780231786418,9.867472448559685,26.690411702943663,601.1159857735038,99.68539234250784,240.1906531304121,522.3511485382915,548.4525579959154,15.726685523986816
637,0.76009262048193,5.8472989130435,3.1621385869565204,4.0466127819548845,1.57544761904762,7.52822151898735,0.846696682464455,3.47919005847953,1.472194444444445,5.24690217391305,1.10421238938053,3.13146026490066,7.3777642857143,1.94529569892473,5.8462604166666505,18.861319216168358,75.69397837256744,7.924898508412772,6.335837480207813,74.48935021477875,446.15810038521886,105.49798607826233,185.01506419852376,378.97664587944746,463.8424492441118,20.048499573022127
638,0.177469485903814,3.647614583333335,5.71537333333335,6.9428947368421,1.889444444444445,10.3109433962264,0.621277597402595,2.5779830097087397,1.88641414141414,8.4981376811594,0.826817596566525,2.10961680327869,6.168106666666651,2.3827941176470597,8.97079464285715,24.52224966856759,82.35958510224496,4.27676805284049,5.640717338064719,136.1160148836234,687.4489830806851,100.18008761107922,286.4629845134914,632.9520954750478,827.7534507215023,19.585189875215292
639,0.15323927238806,3.26250598802395,3.11006451612903,5.008622807017541,0.819307634730539,4.68160743801653,0.160738795518207,0.62205596107056,0.89333,3.97371984435798,0.14489730660435401,0.598346346904629,6.68375,1.25537827715356,4.73225462962963,11.710150962184398,146.2244513736031,4.237084982111992,1.292806318004348,132.87419842935512,299.16411731392145,82.2731526568532,145.76483517885208,370.14991976320744,490.6816873699426,12.012291699647903
640,0.9359509981851201,8.30554166666665,3.354736842105265,3.9457299999999997,1.448666256157635,6.3608012048193,0.920586370839935,3.8502400000000003,1.234367149758455,4.8898590909090895,0.7856811926605499,2.4459282511210754,5.09614957264955,1.740774368231045,5.7450222222222,11.894852268211936,12.153926114636059,4.828772177989601,4.875064931941374,73.59598506389423,402.25532138720155,101.8791925162077,191.10740395262837,354.9701883457601,432.72976763546467,22.53234852105379
641,0.6075195227765751,5.0292757009346,3.26780606060606,4.2602079999999996,1.037984375,5.92963684210525,0.33259485006518896,1.353045691906005,1.0004948453608251,4.528143410852715,0.61744929116685,2.07282730923695,5.34266203703705,1.45862962962963,4.902833333333335,,,,3.8929316263483136,,381.9031873717904,68.25855234637856,146.45189512521029,398.66078877821565,532.0419906638563,14.468200970441103
642,0.7120433705080532,3.7952982456140334,2.945794326241133,4.872976190476201,1.6134384508990334,8.199904761904767,0.9947845117845134,4.867257383966233,1.6608065476190468,6.081566137566132,0.9047370456303166,2.3757512820512834,7.921850340136067,2.01846862745098,6.5883137254902,20.50603914639601,14.010302551450245,5.423076173378177,7.032327630015435,26.48133915312573,574.2870115985473,146.4053445185224,204.09501157701015,552.6439985260367,1066.9753653928638,19.178702495992184
643,0.6714404145077734,6.106195402298866,3.9617422680412333,5.0933722943723,1.6130641025641033,8.545585365853666,1.0238984220907301,4.7903157894737,1.5827570850202433,6.101299999999999,0.9648962765957433,2.62758719646799,8.919927927927933,1.9347726495726503,6.676086206896566,21.810983217905164,54.9281370435119,3.891183150852029,6.129427144566623,17.70644674027232,510.99280050645274,122.84093536436558,204.62051033973694,483.4361995259921,779.3624730159839,20.785769447684288
644,1.435277987421384,7.7774,5.853841025641019,7.720666666666661,1.672611111111112,8.06943333333334,1.24375614973262,5.29583783783784,1.4480283950617279,5.31852195121952,0.962415384615384,2.87534794520548,6.8223866666666595,2.05602424242424,5.59862222222222,21.5757126032002,40.58888001122547,3.9735286808350296,7.199593084962265,19.364781599037588,428.30735445022583,100.73072277009486,181.82574771344662,388.6244585737586,690.375342965126,25.712917558848858
645,0.36512881679389253,4.3443125,5.699581521739125,7.192625,1.7518924050632876,7.186973684210525,1.2847632743362876,4.802830357142862,1.477331896551725,4.47388671875,1.15686036036036,3.066565476190475,6.152416666666662,2.3723869047619,4.592784482758625,16.404831774833333,9.542526431520608,4.784170207475883,6.351795791095897,45.65199645976793,374.44877380039543,96.30932763684541,144.3212036974728,336.19555179029703,633.1839977065101,22.666386212222278
646,0.457536,4.21360507246377,4.291884615384615,5.950505494505499,1.84474829931973,7.45259285714285,1.167284355179705,4.170019083969465,1.3828981233243949,4.55077380952381,0.939918406072105,2.438497899159665,5.7524938271605,1.8399192546583851,5.1900378151260504,21.153677880067452,26.81413732181037,3.578466988415857,5.607381645030166,12.936803187745099,452.2265284322202,106.47964663803577,197.4853570573032,395.59275610372424,578.3793982118368,29.344740323722363
647,0.6030318396226425,4.387785714285725,3.76870714285715,5.558481481481475,1.747279141104295,8.301942857142851,1.2693034883720924,5.126709821428575,1.5792209944751374,5.6705625,1.0906849056603776,3.016393617021275,7.259513157894725,2.219379921259842,6.291300000000001,19.43574222728386,19.144469592586262,5.13502988773674,5.801559072383426,15.758821435962084,493.96833055652684,103.97613514214754,219.43527972325683,482.3108436539769,683.6216140072793,23.74689793214202
648,1.11961479028698,8.50328461538461,5.962815,7.8411506849315105,1.93117584369449,9.62501234567901,1.90364811783961,9.59299099099099,1.1110720430107501,3.36491743119266,1.1232954764196301,3.31314886731392,5.942187499999999,1.70931686046512,3.94129770992366,13.385661218077328,8.554014942328234,3.74262555486487,8.403141296082767,18.75091528550042,341.61852672696114,135.03872323781252,140.46402648091316,308.12148470431566,1370.9548627957702,26.766397058963776
649,0.16294364851958001,3.3291071428571426,4.554871428571429,6.870881987577643,1.6314942857142858,8.345128571428571,0.7920844780219786,3.0784056122448997,1.5146145552560715,5.77268,0.7779545454545457,2.2378771929824572,6.440527472527472,2.4103868131868142,6.242052910052914,17.15395815217187,54.73308639200098,4.87600552382739,4.932696305402126,89.45730551011123,495.2509022716965,83.06978270411491,212.6091126618641,496.1884580552578,752.3564688329186,19.030173176101275
650,0.24165965069413298,3.33034862385321,3.05379575596817,5.74623563218391,1.02925394045534,5.1000000000000005,0.25523935799023,0.601113576333862,1.2089506302520998,5.77495027624309,0.248696317749276,0.599992773763202,7.53588059701493,1.79323020257827,7.14090322580645,13.088198703973115,9.803018267010794,5.042200067296015,1.2821150357759425,10.49514557894541,494.00778952985996,80.1552552729845,168.37420407682657,520.7851994782686,1215.276913717389,14.43841028958559
651,0.251626388888889,3.18963407821229,5.69331313131313,7.57289937106918,0.858037668798863,4.88754460093897,0.355515009380863,1.3155378690629,0.730922928709056,3.28575414364641,0.545395909805978,1.97879012345679,7.47607586206897,1.16608163265306,3.8204242424242403,15.083808709062147,8.474189958141679,5.924947898992739,3.870084808780116,9.263484572878596,197.45239987969398,75.59992372989655,153.02682295441628,406.5644461661577,786.951626650989,10.891701094806194
652,0.15431111400991399,3.3184064516129053,4.77882,6.902740259740249,1.4022571801566601,7.930930769230749,0.51159920239282,2.4567613168724303,1.37188482384824,6.3268888888889,0.701502418379685,2.389753086419755,6.7087341772152005,1.78215141955836,6.8845135135135,15.678505124841417,78.44313607835142,5.583049704265042,4.8572461138168865,71.1135169792357,501.1178203858435,87.46566018089652,241.67209630832076,537.829555105418,734.6922066062689,17.423357348889112
653,0.178799096280848,3.35075,3.3014957746478903,4.247219780219781,1.85646654611212,10.522128440367,0.609564726840855,2.7275067024128696,1.42754808959157,6.01331958762887,0.7595355781448541,2.0400298210735603,6.07311052631579,1.87913854351687,6.83324242424242,19.417419969900415,9.921531898012718,3.562911384971237,5.525267699559556,133.24759392748172,322.5503023713827,106.40767868608236,214.88931961357594,619.4655317813158,1656.1407828703523,15.046889893710613
654,0.591420103092785,6.47448387096775,3.271556886227545,4.044031250000001,1.4153153638814,8.2456076923077,0.5190819180819201,2.45795338983051,1.54496960486322,7.3619347826087,0.83606933115824,2.823516483516485,8.928130769230751,2.1077735042735046,8.1122,21.08857939512032,18.928133699599297,5.206946830947668,5.660630129339923,75.55771863801176,577.9304425232112,97.63261768966913,258.3894762210548,537.8330475650728,1135.6330243870616,16.11599000170827
655,0.163049154025671,3.6983765822784798,0.11997557113775151,0.126021783295711,1.245390625,6.74015432098765,0.22388271869639798,0.6310171489817801,1.02956349206349,5.26310215053765,0.21420174050632898,0.607775119617225,4.79480319148936,1.527351540616245,6.196620481927701,23.66916647116891,144.9592137673959,3.586115458273721,1.3107274320917013,13.173836163441118,518.4414447285235,50.52804481238127,218.56732200831175,518.2070541195571,839.0445495024323,11.684198398143053
656,0.5750762711864399,5.06321951219512,4.248604166666659,5.701772222222219,1.8338817391304338,9.14343333333334,0.882467415730338,3.3404249999999998,1.446209271523178,5.3988511627907,0.9952794871794881,2.6429558139534803,7.95548,1.962175257731958,5.848362162162159,23.009125042807405,12.892238374110054,5.410692705897211,5.4383275350147215,66.95110337471941,440.48610609024763,82.62765128165483,201.6205806285143,447.35427014529705,719.9549395591021,17.468039877712727
657,1.2845643564356435,7.8542266666666665,4.008588235294133,6.194074712643666,1.6720811209439532,7.84012,1.0487681539807534,4.501096491228067,1.3967159090909103,5.0073238095238,0.9181401617250665,2.29675,6.320880952380967,1.79869679849341,5.6870579710145,19.859589144992185,54.14069063344809,5.466103008474046,5.160356305866414,58.444640719549966,415.47211973617476,89.48505856096745,195.73718309402466,427.4077946320176,589.0220636501908,17.842262362440426
658,0.528409399224806,4.81281355932203,5.6563898305084805,8.369715384615379,1.93262803738318,10.0065684210526,0.45263995016611297,2.08649641577061,1.93198747763864,8.503025,0.673308083663086,2.12858158995816,8.10809655172414,2.41899784946237,8.415811475409841,19.780683747013207,17.367285751029154,7.619907798975345,3.8997981035544815,134.7650127964664,761.7589086294174,100.87140835821629,227.25542075932026,625.3915373235941,648.7090839073062,17.186906188726425
659,0.60109632224168,5.647410256410267,3.4885555555555663,4.421662337662333,1.3867331002331003,6.488415300546433,0.80092619047619,2.8371544117647063,1.3170530864197534,5.264048245614034,0.7163436002737865,1.8966823899371068,7.443032679738567,1.7728188034188033,5.658956284153,,,,4.253267653767001,,503.900491942962,87.92132139205933,224.5035720989108,521.4220921819409,651.3366010040044,22.99253052721421
660,0.270951481835565,3.661806962025325,4.7112009803921495,8.198521428571425,1.580685185185185,7.964977272727275,0.9472842019543976,3.9883556338028248,1.508194285714285,5.48013829787235,0.8064826388888899,2.1075729166666672,6.5294615384615495,1.9281076642335775,5.7595681818181745,21.010461647589743,17.987329935811225,5.392412506390395,5.734132566655155,80.2828957032748,556.0170044191182,107.75424889288843,212.9476866684854,505.6809459347278,940.4943906702101,19.63502145372331
661,0.25627248322147667,3.7774336569579336,4.882990740740733,6.401351851851866,1.58726775956284,8.133833333333333,0.37424561403508666,1.3867389558232934,1.5916218905472634,6.664124999999999,0.7368544217687066,2.1873659003831434,7.417166666666667,2.0021733333333334,6.915369047619034,22.41471703135191,15.389231433836109,4.794692955719905,4.697771122853114,59.28198227885698,510.9871582438548,82.12758693844079,233.35583973675966,503.5099185382326,660.5987747510275,16.582633058230083
662,1.6086209439528032,9.1231282051282,7.010013605442167,9.1478888888889,1.5156520584329367,5.77915625,1.51576050420168,5.770767857142867,1.3986844783715,3.8720912280701665,1.4133135068153668,3.8591879432624,8.213452380952367,1.72642480620155,4.188019379844966,14.114946566502583,8.706536198396902,4.495776788397219,8.602154452847758,35.618949467621725,446.8620366727312,148.83553764472404,159.06553405026594,314.37753544499475,464.7336046521862,27.59879765411218
663,0.398629339686862,5.034541284403669,3.05355367231638,4.04010416666667,1.1951193124368,6.62590163934426,0.233624918460535,0.608823952095808,1.1620579064588001,5.265714932126699,0.219686488758142,0.588684977578475,7.33811042944785,1.4863423913043499,5.9629054726368205,19.006737133132805,12.661097375063262,4.334493946197215,1.295397444760327,11.748001092478686,436.83801777660847,87.93852757662535,156.43748920410872,598.1323774904013,1216.5731051936746,14.28078394383192
664,0.8788081841432236,4.613158371040723,4.631054298642535,5.440612745098041,2.9374501278772356,9.049088235294118,1.9668823529411763,6.48145454545453,3.0441382352941178,5.2259679144385,1.989815686274512,3.1058636363636354,6.7271705882352935,3.3137242647058827,5.254963800904976,,,,6.103904718947351,,426.7351592288298,92.63781419790843,175.12479851789334,398.137910729822,653.7427262896124,22.24968801088193
665,0.251085246702491,5.06934825870647,2.8623224852070996,3.98855631399317,1.49506639004149,8.218927419354841,0.32336216730038,1.3709157894736799,1.00370736253495,4.72722950819672,0.61297411516112,1.9810034305317301,6.67831288343558,1.3645448028673801,5.2982736318408,20.753103987545572,14.25831769296047,6.574140563913538,5.547383319928341,132.41453275518384,395.2173516154289,88.13864551484585,190.74431620538235,513.4330131113529,1127.3532640188932,12.344704009592533
666,1.1872678571428574,6.391616279069775,4.027267605633799,5.311156976744175,1.8087227564102575,8.493212121212126,1.1924817813765174,4.507838461538451,1.1730519911504425,3.9705227272727246,0.8733205882352949,2.655015463917525,6.919020270270275,1.5201772486772474,4.430870967741925,18.927448876067146,42.66599280984152,4.217162842861439,5.687877303247769,44.25823888511604,375.2584510948509,107.35837859101593,191.63982942700386,330.0417913123965,761.7451425176114,21.787226432934403
667,1.67406937394247,12.3945393258427,6.5421123595505595,8.88470769230769,0.9548060941828259,3.4420200668896297,0.9617050561797751,3.4095406162465,0.9750469181232749,3.59341721854305,0.9561113189897099,3.59632,8.03129166666667,1.48078590785908,4.17632155477032,22.99999870378293,8.599719810341231,6.103651085955252,8.460164284138799,7.164475125141612,345.7246581092477,127.84318532794715,134.2656323686242,304.2051335796714,685.0352277979255,25.762012228369713
668,0.70428343558282,5.78290404040405,3.1077861271676297,3.602667857142855,1.956679487179485,10.1146862745098,1.26305086848635,5.51376744186045,1.52218169398907,5.403946078431351,0.9683803738317751,2.4929655172413803,6.6694268292683,2.004464788732395,5.74995977011495,15.755927555552415,76.6366182762998,4.741857331907051,4.888837807443276,24.26401924820506,520.5384222790599,92.28012058883905,212.6324805431068,471.511238720268,587.47484581545,23.189198691397905
669,0.54196685340803,4.023059259259261,1.8459787581699334,2.3751066666666665,2.942809027777778,8.657631313131333,1.8370365079365056,6.275742424242445,2.594708333333333,4.717763888888889,1.5141507936507945,2.553659090909089,6.126925925925944,2.7278128654970777,4.7318131313131335,28.285139714946567,31.70555435194109,5.329926387823076,5.260480817675272,33.96601559809628,362.42167439518704,90.15383224727378,160.1541621817483,363.6219021346834,652.9337597183055,21.11116708773706
670,0.15652877915783098,4.17913076923077,0.11727324665090601,0.1238769193857965,0.8232687400319,4.4752,0.194876767290791,0.60989498018494,0.80070787401575,3.771745,0.1816346093504865,0.5872686116700201,6.71046470588235,1.24806236323851,4.758710743801656,19.103350826326917,144.67004733689944,3.5303915919899653,1.2987099788644283,131.19628138154854,346.6334193944931,73.96979490295053,153.9353863336146,412.7931548282504,937.0563551783562,12.561201583594084
671,0.21879416183730396,3.8111716171617,3.9611570881226004,5.3977142857143,1.5830855855855868,8.1001134751773,1.1810091185410332,5.058204444444433,1.3773850129198966,5.136021505376333,0.9241095461658834,2.7655982142857134,6.346754098360667,1.61128527131783,5.833920398009966,24.1153395325222,12.02532179326169,4.5889328368342115,7.120253808491607,58.70652425159026,404.9494241674741,103.55402094622453,234.22857436041036,413.0748411019643,635.3126450752219,19.960803911089897
672,0.546178247734139,4.96327391304348,6.18093548387097,9.573696969696972,1.66135704125178,8.579324999999999,0.748248,3.5608064516129,1.63379851851852,6.9194181818181795,0.6858543754175019,1.9721202185792401,8.18203125,1.9510247349823302,7.57949230769231,18.0800237126787,8.492408859313791,6.714233696247882,3.8407254671978297,135.70646643407133,392.7626647055149,99.00634177029133,210.34798119217157,466.3643892854452,906.3298813998699,13.596401549875736
673,1.0418435870698644,5.0294470046083,5.678206896551728,7.942088435374157,1.5999361702127715,7.0761904761904715,0.9731218487394957,3.7591521739130433,1.3425622542595015,5.319290816326529,0.748888349514563,2.084707142857143,7.453964285714285,2.206466386554628,5.198328571428571,19.092873991831826,11.586332504807478,4.98232896483578,4.548879717210598,51.37899994094153,456.93352751966034,89.48331898344415,188.79138931099857,443.4487715895687,811.5206213135805,20.93472784118993
674,0.9962814685314699,6.78969411764705,6.452833333333349,8.2859112903226,1.522311518324605,8.441774193548401,0.673409511228535,2.95484943181818,1.59906920903955,5.68204210526315,0.72706356968215,2.015503401360545,7.7985593220339,1.85800611620795,6.3929743589743495,20.90590571411118,22.492171896808394,5.422351880546525,6.261419784964585,20.56990333311684,504.2497534304858,124.36851393431424,210.9132008627057,513.0333360284567,760.8595653437078,15.305343549698591
675,0.580067848101266,4.90017872340426,5.03677333333334,6.902488235294119,1.684698550724638,8.443016,0.599949479166666,2.26632087912088,1.6807824,7.1281241379310405,0.641079213483146,1.446897872340426,7.70834193548388,2.4025058823529397,7.429531250000001,47.405938083036006,96.19133809601702,5.164059623381538,3.1351103872244397,45.79610889738394,552.3510091006756,66.08049850910902,241.99896026402712,558.2781042903662,911.2554602324963,14.438717626035213
676,0.78773961661342,5.88,3.6828068965517247,3.97468881118881,1.480774373259055,4.925310679611649,1.41373253012048,4.903810344827585,1.0829408482142848,3.06258630952381,1.030409851301115,3.1003160919540247,6.99441666666665,1.554596264367815,3.821946564885495,11.218116677604764,6.387422136534622,5.282304071637275,6.313196405202928,14.473391697770165,376.6739973798394,117.17337183654308,126.42265064641833,291.0967799834907,517.4043471924961,24.742295499891043
677,0.6048851282051266,5.744765258215966,4.503904166666667,6.135677419354834,1.86306634304207,10.193567567567568,1.0497535353535368,5.194288288288299,1.5128603425559934,6.130458333333333,0.6635775757575766,1.8121993620414667,6.449265536723167,1.8840212418300668,6.266345029239766,15.606685807089177,57.18388803582957,5.358307437695104,3.7227652723224653,100.07695085259662,495.1400061448415,98.54307863861322,203.57638907929262,461.61388357480365,622.6168324549993,20.729137274126213
678,0.5284899909008199,5.4696205357143,5.3094888888889,5.8886554054054,1.86969759450172,9.275046875,1.43993220338983,6.610393258426949,1.37466744730679,4.7532499999999995,0.9821866438356149,2.511295555555555,5.290321839080449,1.85561580882353,5.094161904761901,12.747850680068366,16.92465373562122,4.02267913882273,6.328261585402403,15.220241075253956,435.7666242867708,86.9135488756001,163.36283879354596,512.2442962601781,602.9191077686846,20.39480023086071
679,0.446777075098814,4.171765384615385,4.67931896551724,7.66677027027025,1.2982255555555549,7.28552857142855,0.41793744855967097,1.7908203125,1.414591133004925,6.3328950617284,0.46597182425979,1.35479800498753,8.901499999999999,1.9044153846153848,7.11186029411765,20.244635426559036,84.53666026430784,7.3128907632093085,3.527568196487948,16.107511702423555,617.4070527777076,60.06347248330712,221.23167291283607,550.131278578192,1008.9697898365557,14.391052536666393
680,0.3202024070021875,4.85955701754385,4.82545,6.3758255813953495,1.7541711409395975,9.94318103448275,0.6586782238442824,3.005459375,1.6170718562874251,6.282715116279075,0.8187580128205125,2.1969166666666675,7.2091118421052744,2.066292635658915,6.683671052631575,18.221408052603998,14.340525507866555,6.113922155102677,5.697475472982068,74.07203847580469,528.920505894348,85.11509513482451,220.7315294072032,535.7862915843725,774.3740221485496,14.923152048140764
681,0.4810913642052566,4.474172839506166,3.4799222222222332,4.2177736625514335,1.0182451499118166,5.308643835616434,0.6353090342679133,1.9527954545454536,1.3152416020671833,5.554784946236566,0.6681693657219968,1.913270833333333,6.089467948717933,1.7012522935779835,5.6724247311828,16.323267778586615,11.696641078128673,4.969454098254465,4.254651579796723,58.87129875401596,364.4934855401516,94.5107623313864,204.34748536596695,446.9098678479592,788.3766200393438,20.76413171986739
682,0.5903976190476188,4.3041875,2.6612708333333313,3.857722222222225,2.048154411764706,8.82896875,0.8473165584415562,3.807319852941175,3.0643238636363628,6.6483125,1.297475,2.7122860576923062,7.0478499999999995,3.1229488636363625,6.893875,30.453009459388856,16.03006624511804,5.261403166131058,6.162359733899256,63.46248334652702,505.9495975729078,85.39518457837403,220.27079830877483,531.5736605552956,739.1820705379359,17.16184342512861
683,0.3936866438356175,4.0602361111111005,4.685798245614024,7.432128571428575,1.69711935483871,8.65317741935485,1.1018618421052626,5.1448090909091,1.493298780487805,6.1838388888889,0.9571325622775799,3.024386842105275,7.614976562500001,1.9660018796992473,6.4980576923077,27.669117881335865,47.00020980734399,5.6260692558226495,6.796159558360087,56.27190649992709,588.6875907890499,119.88531332463026,258.10382794588804,561.9787843897939,793.2988228276372,17.558701802045107
684,0.432564047822374,4.99228240740741,5.91328205128205,8.3728125,1.1775499021526399,6.55340625,0.32916388710712,1.22545673076923,1.34393157262905,6.4398625,0.594785496957404,1.8897070376432101,6.739889534883719,1.80367381316998,7.991673333333329,16.2361742192498,22.932210423638125,7.363488868871708,3.8772921197868357,11.865102507203428,519.1106582060456,76.94251835346222,270.3083446249366,584.6434505656362,874.5420258492231,14.308793470263481
685,0.231235671608763,5.07236480686695,3.0599419525066,4.19992549019608,1.3694213197969498,7.33552702702703,0.436898671096345,2.00812970711297,1.34667654320988,5.88809195402299,0.771719592134013,2.60857946210269,6.73006578947368,2.0270717054263603,6.93410062893082,19.2807753846065,17.030720297607356,5.745317795742102,5.541018891675556,17.255183994367947,556.1986705288291,107.35772084444761,231.36131931096315,641.7965982109308,1189.8565106093884,14.906283468008041
686,0.84850816993464,8.7400625,6.4442586206896495,9.05530392156865,1.72407877813505,8.46187313432835,1.277127737226275,5.2595990990991,1.4255027100271,5.740173076923099,0.7108715469613249,2.122373626373625,9.991894736842099,1.9988046594982098,6.720014705882351,14.971986004301039,77.59649436842084,6.695997947650649,4.936098229020288,12.21540626255736,554.3613689951599,85.52254876121879,219.05576577410102,498.9325068891048,559.289485681802,22.575596813112497
687,0.295962035123967,4.873610169491525,5.7653298969071995,8.566525,1.2615578602620101,5.4854069767441995,0.91018729641694,2.758329145728645,1.533610372340425,6.2075108695652,0.6715926174496649,1.72925,7.78913076923075,1.97518431372549,6.5930975609755995,83.04591066186987,12.466288314506707,4.6860577655479,3.551114434540848,22.712008962254252,519.4870405830443,89.55089142546058,190.99534256383777,508.12151748687023,869.9216647073627,21.89244842156768
688,0.32113623551518905,4.96020853080569,3.31355799373041,4.62947899159664,0.953256368118324,4.9403063829787195,0.298499099099099,0.644440677966102,1.4235173370319,6.26258064516129,0.28128357107722596,0.626557205720572,8.1520612244898,1.80644262295082,6.52904545454545,14.797368768638966,12.712384224241424,5.074683348563013,1.2929525798365948,21.426762142698873,449.43743851035833,81.95627015084028,237.81151976436377,520.1197229325771,551.6599165275693,15.608314424753189
689,1.4712058823529413,5.188742081447964,3.949481617647059,5.197814479638012,2.9566875,7.764333333333353,2.535497737556559,7.054593582887706,2.277521568627453,3.3402605042016824,1.9098151260504177,2.8343235294117646,6.71067379679147,2.6587737556561057,3.521432525951559,29.003154718841273,7.419836099108293,3.8069907304682973,5.92061688557949,9.192223144783858,318.9204466145705,98.94908186705673,124.24492468947874,272.91024487246483,465.82489740103483,23.60404742991223
690,0.5336239035087725,4.713421052631575,2.9915625,4.082489436619725,1.559306886227545,8.6340078125,0.67957123655914,3.3890559210526248,1.7458216666666675,7.986396551724125,0.8005186666666675,2.5437325,7.940266666666674,2.23375,7.970671052631575,66.01723088543392,63.43339673824385,5.191659337338106,5.675403072925368,45.94630513788751,598.2873670291156,104.63178041391075,274.7562946751714,603.4983496647328,1085.8665511477739,16.020576003938913
691,0.363368909512761,5.2568318181818,4.7714837398374,6.179715909090899,1.6378418079096049,9.479000000000001,0.4586702724358975,1.877058394160585,1.737733898305085,7.723426229508199,0.74298391248391,2.22612168141593,8.569395522388051,2.27911522633745,8.828439655172401,18.911470045131786,84.5163894620478,5.537374270022415,4.972118907037656,79.10191597624157,597.4682746455073,75.88011212646961,325.956242159009,711.2184423021972,641.4201925508678,14.514243230223656
692,0.387458835341365,4.709231707317066,5.680514285714282,7.6946,1.5510775862068966,7.963862318840583,0.8464081481481482,3.3309683908045997,1.274170022371365,5.156176767676767,0.7674908192090398,2.0782655677655666,7.814966666666667,1.848168458781367,5.526898989898982,15.872760999258494,32.91768298739208,4.718172831052782,4.5218539251138115,58.518839672864594,449.4662784660856,84.68798672159512,218.87724287807941,480.0587077625096,774.2899431226155,18.848230441411335
693,0.436955235204856,5.1532079207921,4.563438053097346,6.24425,1.38065374331551,7.797,0.51138444639719,2.199239543726235,1.373170731707315,5.9088969072165005,0.755471635883905,2.091534545454545,7.00386301369865,1.6956439873417701,5.9948882352941,18.065054793923338,12.898985424234315,5.011480425754259,4.834788488278798,133.69773819086475,479.712022934109,77.50914664939046,211.85289369896054,518.219533842057,818.9406129531562,13.257248792797327
694,0.182816519972918,3.3230621301775147,3.195695054945055,3.9116984732824447,1.6412147239263801,9.40183636363635,0.6351199563795,3.07145061728395,1.583770083102495,7.20523387096775,0.8783667232597601,3.210628289473685,6.41509638554215,2.09842418032787,7.6124552238806,28.28018625538723,19.531386782775936,4.264080345708076,6.934010233414781,74.53864708128111,571.7107560485601,74.99606581404805,262.58332654833794,577.4785648100078,871.9333913177252,13.90035031363368
695,0.8811148288973379,5.35333181818182,3.66842857142858,5.04805652173914,1.410340136054422,5.83868717948718,0.777251792828686,2.03397425742574,1.385658333333334,4.7388731707317,0.8186697478991599,2.03585319148936,7.7425304347826,1.7932728682170538,4.94097333333334,17.50501119409514,16.468417066711137,5.295367040663306,4.261332710248167,72.91588043119938,428.6457132548094,84.10337381064892,184.12088509649038,429.72386348992586,740.1015190407634,21.623019129037857
696,0.5305302370585392,3.151961538461539,2.469864864864862,2.8633846153846156,1.621968227424746,6.552801282051285,0.7979573426573462,2.836987980769231,1.8111220735785922,4.392947368421054,0.8313197115384615,1.971128846153846,5.775035502958577,2.301776923076923,4.467036199095023,,,,4.024295155712262,,422.3636369435833,81.76796209926789,189.79162335968934,414.16398643587644,731.223187624262,16.886330782794037
697,0.618685,4.3745243902438995,4.0155905797101505,5.575189655172417,1.7935342679127668,9.965166666666667,0.60108832807571,2.5856287878787834,1.6308937908496732,6.987937500000001,0.8559090909090917,2.6121813725490166,7.075229166666667,2.58895085470085,7.088679487179483,47.03714529203564,40.47738112529283,5.252557884746538,5.735738829878397,77.14479420747533,587.3569869436324,97.00312900046508,255.98645055045685,567.8893726629516,1078.6779302482803,16.311501773695152
698,0.7390256410256417,5.837297979797984,6.145922619047616,7.99936805555555,1.5494800569800569,8.01735,0.9665090759075899,3.7810612244898,1.19920459770115,5.049373873873867,0.8220243710691816,2.749309178743967,8.186485507246383,1.647154088050315,5.318138888888884,17.37990523781085,36.03877553307176,5.040872108348281,6.4766683527314655,41.58577187856046,442.2774538397789,92.89592271670699,180.06548828755817,417.35637933015823,616.415209757785,19.636986932406824
699,0.308749320446995,3.2776257485029903,2.82795965417867,4.2177695035461,1.04133198380567,5.5986562499999994,0.502682547399125,2.05056260720412,1.0101044634378,4.12562765957447,0.685021118721461,2.0647635726795097,8.23916129032258,1.40842358078603,4.69752140077821,16.471097687448204,8.457838079368234,6.714687089579956,5.604834312394666,134.23284811742633,288.9866940677166,78.95450107753277,145.9815539419651,407.42994751781225,1100.2977844327688,13.563805259764194
700,0.1288863244176015,3.227659217877095,4.54109090909091,6.6161282051281995,1.0028974609374999,5.2155779816514,0.307949759326113,1.356918508287295,1.014505235602095,4.43890769230769,0.5985563524590151,2.0502700729927,6.4791534090909,1.34887313432836,4.995727272727271,14.910018426761308,12.184838184330752,4.3296873972731245,3.9070999442802776,133.52139924996956,357.7099065296352,74.49948461726308,171.6122031211853,471.1317247711122,595.547107513994,13.548298738896847
701,0.1256808461180845,3.76839855072464,5.507651315789451,6.0320210526316,1.6124011299435048,7.879538461538449,0.9968369205298001,4.191385,1.159363829787235,4.309397540983605,0.876541463414635,2.47741469194313,5.82460326086955,1.60740412979351,4.734435779816515,18.16174059570661,8.663205649191939,4.660535094925199,5.646688571500828,11.48661908482794,372.2440917044878,90.89527884498239,162.94540837407112,380.6251334026456,875.6291586905718,25.5936523899436
702,0.199233101583623,3.25771260997067,3.22491689750693,4.46156589147287,1.2563443627451,6.94049677419355,0.394810155990707,1.30953777208707,1.0166350043975398,4.20471138211382,0.678231884057971,2.04297535211268,6.02085555555556,1.39508199121523,4.77188114754098,16.372459591198695,8.440200058907719,4.2710590655783935,5.47250546543402,131.88399571588226,320.0692357495427,108.24205819517374,149.99648556113243,436.2319363281131,998.7529600039124,12.985197827219963
703,0.111031906134212,3.2873820224719097,3.15006094182826,3.84606785714286,1.36553642384106,7.283007092198581,0.437325199645075,1.9448327702702701,1.07621978021978,4.4305983263598305,0.646633637548892,1.96437137989779,5.50528272251309,1.49957069846678,5.3290833333333305,14.67812339307469,11.28751830668904,4.997439961807158,3.8362020866271305,131.50947281600872,481.1823833733797,80.98995313048363,217.788340523839,493.1511124596,857.9415967687964,13.685785233974457
704,0.21445113487150635,3.305706790123457,4.344622222222234,6.6880338983050995,1.4619344978165933,8.091,0.7169452736318399,3.551222222222233,1.5963435225618634,6.883241830065367,1.00569364664926,3.298969696969696,7.1954573643411,2.27492144373673,7.738978723404266,71.16888573251653,59.40008572625667,6.117918661515968,7.590103678005465,74.3790482002254,451.3960874949892,113.29455301165581,220.8076495056351,526.088437375923,826.9615471363068,17.59200046459834
705,0.390532264222986,4.974776255707759,5.54048095238095,6.21666120218579,1.8813566775244301,9.55427049180328,0.31536399276236404,0.623107594936709,1.58258823529412,6.46898773006135,0.30086875816993497,0.607157650695518,7.56403597122302,2.02351555555556,7.8716619718309895,19.37284156968027,146.7361537683225,5.047290026178559,1.2853124011535138,15.805129758529613,546.7204377055168,52.44649946689606,250.37112645804882,469.2190792411566,1270.9653470665216,15.338300727307796
706,0.6712924281984325,5.921983695652175,4.980228448275875,6.564923076923075,1.6169737654321001,7.480060344827574,1.3364212500000001,5.81195588235295,1.1373283018867923,3.508587209302325,0.9503011551155125,2.6448611111111,8.00563970588235,1.5904275956284148,3.9954375,16.244407474254917,41.25604589899096,5.163169527232149,5.995019051808776,11.178687491590093,349.31672271341085,106.8012963514775,145.31705528497696,312.210206175223,555.1272945012897,23.655325639992952
707,1.13409306930693,6.29388108108108,4.01310869565218,5.693271428571419,1.341545098039216,7.193235294117639,0.524813242009132,2.17943333333334,1.4714632258064522,6.47045625,0.7738770270270279,2.1088925925926003,8.212174999999998,2.12131313131314,6.5950685714285795,43.13868997631381,40.206875490368205,5.317854582564333,3.946384418617188,68.10702276554332,443.07801872491837,78.63396313041449,228.3654734492302,516.8712185695767,708.5834117606282,14.7631810978055
708,0.72985093167702,6.39111627906975,6.74130985915495,7.34827848101265,1.85643308550186,8.94205833333335,1.335898383371825,5.705559405940599,1.53418260869565,5.592242268041249,1.07175747126437,3.1031621621621603,6.3111777777778,1.9316435643564351,6.17220212765955,16.373985048158957,15.27950178481414,6.424718598999902,6.339765469868072,77.75598059013099,432.66400462016463,101.58626828342676,223.04130252450705,469.80654587969184,669.9105957522988,20.553148351609707
709,0.44869982547993004,5.07551739130435,2.84069505494506,5.71298265895954,0.830073662265462,4.34707664233577,0.307518595041322,0.674621864951769,1.18033783783784,5.00851515151515,0.29432673012606103,0.6583864589574601,8.887523076923081,1.66100178571429,5.2959543147208095,17.705340217050097,12.895921351971237,9.873054713238748,1.292607232138387,10.65441986876599,373.5033329576254,75.61719976365566,142.60767493396997,449.90198221057653,530.8852298185229,13.474398292601109
710,0.50521958041958,4.92341525423729,3.02869820971867,3.39358766233766,1.23995260663507,6.03414117647059,0.531361617059085,2.06717672413793,1.2310498442367601,5.44927142857143,0.666331901840491,2.0328656462584997,8.797275510204079,1.76763846153846,6.32128191489362,14.803029503327727,145.93687946538452,2.9343772171880445,3.8305577141735068,132.14379212908503,517.5575846806169,78.43140047043562,204.22888919711113,534.2249991372228,554.6164233237505,15.29159490019083
711,0.4749656148867325,4.888037037037025,5.014995370370374,6.47344444444445,1.5192109826589602,7.910564285714276,0.8065859872611475,2.975033854166675,1.44530223880597,5.787343023255825,0.962980508474575,3.009567708333325,8.179214285714275,1.8022083333333325,6.0298724489796,19.473380988592872,16.751257329115145,6.022557996219905,6.443434466515097,45.84756902888609,471.66646108962595,104.72845169715583,200.2208144403994,502.0234850235284,808.5776004008949,17.99537567421794
712,0.6472732782369139,5.361482926829259,3.92493548387096,5.46230476190476,1.6933625899280582,8.46136,1.08234761904762,4.6830695652174,1.355335099337748,5.08522173913044,0.88127392996109,2.6341512820512802,6.17842702702702,1.9469282051282057,5.41723888888888,16.496625898492734,39.1856032279927,5.351514235745642,5.406937010812768,63.92277877130605,413.32097724080086,91.82097390294075,182.6313231140375,401.6204364597797,555.3762009367347,19.626179710030556
713,0.84362106918239,4.486807377049176,3.16928846153845,3.8212730263157995,1.4850090206185576,7.40604054054055,0.7277235714285725,3.074935483870975,1.3386073232323226,5.125785714285725,0.787395089285715,2.479521634615385,6.9305135135135245,1.7162385620915026,5.751225490196075,17.673585147038096,14.469066683025913,5.222120969839308,6.36586904943025,11.437162599669152,464.24560714513063,106.56917584128678,191.18370255455375,497.2360096871853,625.0699632801116,17.275329446420074
714,0.387244522968198,3.44508181818182,3.64443666666667,4.47245769230769,1.37901529411765,6.4274000000000004,0.645977049180328,1.9846374999999998,1.33120813953488,4.7455652173913,0.514246009389671,1.31308333333333,6.94052857142857,1.8840262295082,5.39536363636364,20.619698851944364,65.45726869638546,4.761994688375827,2.9571481664212405,14.98518129673954,438.1231334991753,72.87821499630809,193.27375339344144,477.133896201849,679.375696927309,16.996159683912992
715,0.133375620039683,3.18444152046784,2.90377071823204,3.71752117263844,0.861398998330551,4.432464,0.238366022099447,0.604134433962264,0.752769770408163,3.14639449541284,0.229890655673341,0.583862295081967,7.382524137931029,1.125375127421,4.06152719665272,13.0994114987742,145.8719315456321,2.8235376396884027,1.276849827527473,132.3188324408094,301.2776607647538,57.83187225461006,144.937913864851,291.5023360401392,503.43989860266447,13.552606105804443
716,1.08213424947146,8.275976,3.0284078947368402,3.31772886297376,1.74473181818182,8.638025423728811,1.84002568493151,8.6014962962963,1.01546020128088,2.64058121827411,1.02805378486056,2.64058918918919,6.60664739884393,1.5366335978836,3.48034626865672,14.996020936718741,5.153467221278939,7.5993784282860055,5.5545780655663926,8.424880801872266,300.9313018992543,116.78880546241999,120.88611256331205,245.78003212809563,443.87641828507185,27.478416450321674
717,0.7096974564926367,4.890845833333333,4.806195555555567,7.2180251572327,1.7294393939393933,7.441283018867932,1.4846757105943167,5.759043715847,1.5495509893455097,5.333838541666666,1.2271987381703466,3.26109621993127,8.895222222222234,1.9415353037766832,5.436390476190467,15.436680248569436,12.265956347033395,6.138807983482689,6.66322300556791,55.264544765969866,418.0552903562784,111.11355852335691,144.11384084572396,448.0142379179597,764.9541987727085,24.32883872340123
718,0.45270604504148604,5.08243644067797,3.06660511363636,3.64962101910828,1.98709225092251,10.6558981481481,0.298782583284629,1.28868146503885,1.41491356542617,6.5133164556962,0.52311377245509,1.9425009451795798,8.13163703703704,1.97232020547945,7.76929133858268,17.652626295704113,145.652416421407,5.155229235506971,5.4940387720016925,22.38565051459115,587.7658491954207,93.13791524618864,324.61355440318584,710.6937933713198,782.5562264770269,14.53799195587635
719,0.40067146017699096,5.0046388888889,3.069026011560695,4.19331851851852,1.3511409921671,5.1883605769231,1.3811132075471702,5.120637362637351,0.90084397810219,2.6940944700460854,0.927064227642275,2.687354838709675,7.8412279411764505,1.4482788944723601,3.2134750000000003,11.067728593621725,5.246200749566965,5.141204215238994,5.591567139928495,10.778825773954019,294.2408318631351,99.22173339873552,109.96494675055146,248.7263176590204,454.4962546788156,25.941955391317606
720,0.3800931372549034,4.343076305220866,4.1143039215686334,5.464746031746034,1.5597410714285698,9.458571428571434,0.7260478890989299,3.626138047138033,1.57232886904762,7.213865248226966,0.8554979009235932,3.23513888888889,7.9677777777777665,1.99358591065292,7.4499629629629665,23.378998488266408,15.94943750630113,5.120904426380262,6.691503258024109,59.550402140386446,516.237240905563,115.33170472830534,232.68756922334433,564.257800579071,858.3099348470569,16.16973119477431
721,0.22163913043478267,3.7932112211220996,4.040199186991867,5.6304647887324,1.3494183673469402,7.392726666666666,0.273256,1.1275635964912267,1.2595904139433567,5.5741798941799,0.42937413300693666,1.5933209876543197,6.129752688172033,1.6419919028340066,6.3499807692307675,20.550845077842304,15.620002391274378,4.768481537207134,3.041499856538213,14.238606469713893,461.1146791527669,77.48773011068504,239.47670900573334,501.1199275031686,794.9693826958537,13.518069560329119
722,0.493686631944444,5.082619512195119,3.4044542772861397,4.6061,1.45697270114943,7.86941538461538,0.423828843762951,1.4045401360544199,1.7572226027397302,7.822265625,0.7084217207334269,2.1136563071298,9.59886206896552,1.96790459965928,7.00818,17.991453118776988,146.33902393782077,3.6589557069433014,3.8679323685301,22.576109830553143,685.4138802736998,80.62319830060005,271.72002010047436,626.1076079681516,1019.4162372499705,16.41339622437954
723,0.569606427818755,5.6998241758242,3.0211695402298853,4.472678260869564,2.0441492537313453,8.5927313432836,1.24294688221709,5.506875,1.62382608695652,5.73231460674155,1.21238559322034,3.726226277372265,9.43272641509435,2.0827196428571453,6.6981404494382,21.065603958687777,77.06789668483826,8.042112247019496,7.682469501879948,20.958946075793648,543.505628593266,146.05235774070024,266.968016512692,517.4420075491071,770.162942353636,26.937597431242466
724,0.17952459999999998,3.58000307692308,3.3182695652174004,4.4851576923077,1.5915426573426579,8.27917037037036,0.4175783972125441,1.43519175257732,1.573792700729928,7.38783870967742,0.83533531598513,3.0544575342465796,6.75025161290322,2.1105096153846197,7.39136428571428,26.417245922282518,44.24689084488074,5.474099457394293,6.348342473963816,71.4199001476173,588.3523589000106,99.94802996516228,225.25778505951166,588.609236292541,843.042666092515,16.765319742262363
725,0.52997555902236,5.0471341991342,6.3289649122807,8.315905797101435,1.61765829846583,8.365977777777767,0.8624073243647233,4.144447488584467,1.7951651651651666,6.820728682170533,1.00674975272008,3.03942349726776,6.293393939393933,2.309190476190477,7.466823129251701,64.0399831483979,59.49419033527863,4.080163446765741,6.586240515117677,63.33513985399937,592.5438366830349,128.04826255887747,270.798181494077,573.8120758906007,921.8826657161117,19.125834417839844
726,0.6498960486322181,5.2582636363636395,3.79945263157894,5.03328717948718,1.2036187134502918,5.96965625,0.5631406824146981,1.9882278260869561,1.219498958333334,4.88085405405406,0.6021922077922081,1.6858718750000001,7.941046153846161,1.7501344537815122,5.5628380952381,17.020222289071892,10.921280328220679,6.1339891203497166,3.9916833924916126,66.88570797619342,349.0670584142208,75.66386833786964,155.03122471272945,363.05904388427734,672.3196525126696,16.739959828555584
727,0.519999548124718,6.81027027027027,6.11565079365079,7.41388571428572,1.17404823529412,8.10870634920635,0.405704392560348,1.39717099863201,1.13205615550756,6.23045142857143,0.6213625476320089,2.08331115107914,8.87875862068965,1.7107032810271,6.19184,13.324588828838397,146.32118391636354,5.020736338098531,5.459498267423668,13.269372450997476,514.3697839230299,63.95510863512754,252.80348490923643,487.907906062901,701.1790061369538,11.588889174163342
728,0.45483150800337,4.99802358490566,3.13872699386503,3.919551020408165,1.60851906158358,7.66877333333335,1.13729647749511,4.775470833333335,1.21370487804878,4.569969026548676,0.845998484848485,2.487311904761905,7.452103896103901,1.7605327272727251,5.317781818181801,18.657961069334707,9.239868648413603,8.81572566154885,5.6266716002007415,75.12081110875802,437.6772791147232,89.7363992407918,171.67901387438178,389.4107765518129,741.3618033751845,20.727096125483513
729,0.4184159192825108,3.326482758620692,3.78098,4.90998529411765,1.4738421052631585,6.272929487179483,0.7129618055555559,2.2829861111111085,1.6789358974359,5.023596491228067,0.9281452380952416,2.3377420634920667,5.401855555555559,2.0613372093023252,5.1081574074074085,25.356604331470688,11.357047813224126,3.71620114748518,4.963336404958399,44.957316701565055,500.37856757019955,78.96451279520988,216.86342855294546,488.2800664442281,786.2560451030731,14.907558215782046
730,0.18502630175937398,3.37241256830601,3.4423644578313297,6.83245562130178,1.54866886543536,9.14306299212598,0.674754193548387,3.44841785714286,1.65287719298246,7.54156296296296,0.622349663196571,1.9965186567164197,6.13252127659574,2.27587261146497,8.87600862068965,20.393993451505093,18.044037766940253,5.258738526380283,3.865109102365127,16.093490651231413,481.6408036276698,74.0645918995142,279.64795008301735,690.8288924023509,830.6930307298899,16.016792505979538
731,0.527631292517007,5.97850256410256,6.03079532163743,7.30870503597122,1.84408077544426,8.70608333333333,0.577404233870968,2.16704008438819,2.1079488117001803,9.978886597938141,0.902373831775701,2.7589002433089997,8.79605217391304,2.88549295774648,11.1343369565217,44.918693213653974,55.0961456284953,4.455010803107552,5.571590886332749,20.34594815779331,778.3867884427309,114.23311661928892,373.55292588472366,692.0272717252374,656.8038137629628,21.437089890241623
732,0.7601820083682,6.97114556962025,3.28548125,3.812757462686565,1.50801178010471,5.27751470588235,1.460415714285715,5.2759059405940505,1.22694536817102,3.511044520547945,1.220839285714285,3.5232699999999997,7.1662865853658495,1.763582746478875,4.185118852459015,15.642498349245004,8.278309167511892,6.221661679296342,8.135283902416875,11.140363951627746,426.80989718064666,155.80459730699658,164.72305869683623,325.508089736104,509.50895529240364,32.41719678044319
733,0.1532098895318255,3.32392207792208,4.58153370786517,6.4350224719100995,1.769425862068965,9.1652358490566,0.6348589108910899,3.01700295857988,1.44602564102564,6.29484065934065,0.61613372717508,1.95967175572519,5.4652076923077,2.09003003533569,7.7236567164179,23.250288675720583,85.37455844902854,4.965223303002487,4.9422792643678575,17.282301627270854,621.9948059879243,72.87184707820415,271.35690907016397,591.7944246903062,875.1891553401947,15.651748981326818
734,0.600860606060605,4.965199074074075,4.272566666666674,5.996539772727275,1.8205850694444452,8.745612068965524,1.5805935582822075,7.756545454545449,1.2965860091743127,3.9372536764706,1.1940010504201675,3.28359935897435,6.667232954545449,1.7020696969696976,4.2774227941176495,48.797156370247855,7.610589975960992,7.10164607939276,6.8402408274283015,49.32774950257983,325.998809421435,108.07214421220124,142.7489798516035,331.1851236503571,488.7750023044646,23.44262902624905
735,0.45404601619088203,4.9175915492957705,5.51601904761905,10.169767241379299,1.54843036386449,8.040886524822689,0.477789919714541,1.95218950930626,1.13439901477833,5.3166559633027495,0.6441246474901301,2.0336843033509697,7.51593430656934,1.71551047904192,6.08777586206896,19.338049930710845,147.66873190738576,4.9710061001339865,3.849908149887486,132.79454092738894,608.3484273403883,71.55039347708225,263.91209103167057,634.5918867737055,922.3777567967772,15.058391727507114
736,0.48423558897243096,5.038171052631601,6.04524444444445,8.500925373134349,1.6554269102990051,7.20641666666665,1.499537958115185,6.4331179775281,1.7533021806853601,6.32244642857145,1.551293413173655,4.989999999999999,5.9772912087912,2.21879356060606,7.1077200000000005,40.1300687512478,18.289411873591238,6.07265949629113,13.508598199455232,20.19796796851127,535.3096290491521,168.13440015539527,241.98218015953898,593.0993589572608,931.0045512393117,26.87304513528943
737,0.41939225460122703,5.08970124481328,3.21944514106583,4.49133333333333,1.08492033739456,5.89960204081633,0.434802393038434,1.39976068376068,1.18073619631902,4.96143442622951,0.714477820025349,1.97012551440329,9.08698275862069,1.68990280065898,5.19185135135135,14.741449207736157,11.36049747503877,8.502161277223152,3.872829310924349,9.299392994664206,355.51409237086773,81.38173725456,131.71152677387,489.36239909380674,835.7595652341843,12.318999506533146
738,1.00751777970512,8.65819047619048,6.72525641025641,10.691726315789499,1.6977834179357,8.407411214953271,0.6215294825511429,2.67101856148492,2.3565749486653003,9.819521367521372,1.27346650124069,4.3214875,10.3609196428571,2.89051800554017,10.759981818181801,151.1668586406574,146.4966889528441,2.9460436508822916,6.920358396955598,133.37731346376205,725.0717375427485,100.24798102676868,286.6818103939295,779.8865204676986,1072.3006445914507,19.285595044493675
739,0.4824149085794667,5.051609053497933,5.027695652173899,7.050493333333333,1.53319771863118,6.2796975308642,1.1955346756152134,4.4795037037037,1.2067243107769434,4.5361511627907,1.0035682624113467,3.03209968847352,6.764613333333334,1.6804832535885168,5.039888888888901,24.16867809095015,9.241428689706012,5.413154776523037,6.636106281095455,56.38519585626569,403.84687793751556,131.4988825470209,166.09416343271732,348.2187322030465,558.2598270848393,27.057528495788574
740,0.115397169394073,3.32554285714286,3.03647337278106,4.08509274193548,1.4740795892169398,8.31025203252033,0.440427768860353,2.00083040935673,1.2201657077100099,5.52201895734597,0.6299897897897899,2.04901315789474,5.423642512077301,1.76583579881657,6.08981481481482,20.632530880616677,145.63411723188014,4.269874094421615,3.833446614408447,133.47393539460504,665.290211327374,86.39039006084204,246.35510053485635,639.4414929673076,816.8009808287024,15.010708011686802
741,0.7610555555555549,5.67273157894735,5.11455172413795,7.02364024390245,1.95267962962963,9.9834537037037,1.0353272200772201,5.0039368932039,1.7918240418118452,7.3249567901234505,1.0382641996557649,3.09492372881356,5.90107653061225,2.299551020408165,8.440768115942051,22.59082938467029,27.19173014982634,3.6833130533879155,6.361063376254355,76.97979270229703,660.4325608350337,98.63568702712655,255.90270524844527,567.480456084013,1054.409786593169,15.164946671575308
742,0.45671440750213155,4.98653181818182,5.7637121212121,10.62902884615385,1.6890699708454802,9.34037704918035,0.38678692307692303,1.425907352941175,1.54067123287671,6.6793375,0.454731707317073,1.4370515075376902,7.527620000000001,1.932505300353355,7.00956470588235,20.523277560412485,81.84304041429789,6.865077259257832,3.509672859410477,83.63505164657681,493.98874398320913,75.2462656237185,239.18842198327184,548.8069960847497,1137.5759961083531,14.235998969525099
743,0.39499794238682995,5.051242857142866,4.0850322580645,5.703372222222234,1.9622556818181798,9.948455555555567,0.82754984423676,3.2915956790123464,2.0228199233716464,8.0885390070922,1.09578644382544,3.04460119047619,7.2682340425532,2.3586222222222233,8.723325757575767,31.393891017877433,16.01973506613357,4.698500616547939,6.12630933015427,21.66500924982355,677.3908079291383,112.04397305846214,290.4710515091817,672.4161639188727,967.7437754968802,16.475701704621315
744,0.5342532795156409,4.8399829787234,3.2667807807807803,3.4143377483443698,1.3892909336941799,7.49151,0.5299971056439939,2.03276655052265,1.34261488250653,6.055111111111111,0.686475223880597,1.9793529411764699,9.616229357798169,1.9721046511627902,7.074529032258059,11.897711775963053,18.633935894485752,2.95619173330462,3.8311366615058216,14.611284014765097,495.3796975314617,82.11398962885141,255.32457511872053,452.531804330647,571.9040287658572,13.78101296722889
745,0.50968935587026,4.97420444444444,2.85274695863747,3.97388620689655,1.48614204545455,7.52090131578947,0.328077652094161,1.30566037735849,1.36678036175711,6.2076506024096405,0.5853178807947019,2.04808166969147,7.4777054794520605,1.88040074211503,7.22861676646707,20.22759842418262,12.797506923339746,7.8655367589566065,3.8904043592371185,132.55218148088994,443.6609102413058,89.13448546081781,237.32420522719622,494.5085849612952,1042.4500098451972,13.400311581790447
746,0.15467372210223201,3.3146314285714302,6.13359872611465,7.41761935483871,1.5881901504787999,8.932017391304349,0.626464953271028,2.1635936329587997,1.629153125,7.223582278481009,0.970530153015302,2.75812709832134,6.24157831325301,2.1513137254902004,8.13837795275591,44.52574582449171,14.960883188948609,5.130399600367106,5.7777091985317455,26.127438152921385,585.2060858160257,98.577537573874,250.95681194216013,592.9332692176104,637.5980796292424,16.72999933362007
747,0.412945,4.9184414414414395,3.10696216216216,4.4361271186440705,1.133417218543045,6.2811858974359005,0.416885272579333,1.6797484756097552,1.069640831758035,4.890136752136755,0.4519886274509805,1.360801333333335,8.185607142857151,1.61474320241692,5.60578723404255,23.22583724310015,78.40452150700975,4.703791116244995,2.5916225110431634,72.35682700822711,454.1552043519914,72.40759441629052,191.04051170870662,466.7026805691421,957.9773060977459,14.443346299231052
748,0.52417715392062,5.82883157894735,3.28630392156863,4.275785,1.5572859374999999,8.1685238095238,0.5442836676217749,2.37059403669725,1.55818445121951,6.31903658536585,0.473279569892473,1.3050804597701149,8.3076693548387,1.9882218045112798,7.0997571428571495,33.693095177355914,84.48072258208366,8.854483785215905,3.5061835129543755,16.153871590006606,534.8158883862197,102.01014811173081,274.7357590124011,610.4411208070815,944.1472822800279,15.755242202430964
749,0.773190298507462,5.2370590909091,4.10336727272728,4.875869387755101,1.8471937500000002,7.98056428571428,1.407181081081082,5.4522974358974405,1.393273469387754,5.05391578947368,1.0690622448979599,3.1109552238805995,6.96844848484848,2.17876310679612,5.554291428571419,19.47688215734283,65.9544046758784,5.559445275985989,6.346581840605205,46.41458767461267,453.615072183311,108.37328620254993,192.55276303738356,419.2197974771261,563.961947336793,23.72728195041418
750,0.2579651372019795,4.6988639999999995,4.368508547008545,6.2910864197531,2.232930555555555,10.295879310344851,1.4479470108695651,5.97253488372095,1.5298333333333352,5.59230357142855,1.1806169451074,3.78114238410596,7.750815068493151,1.8792111913357399,5.8378250000000005,17.660310306773937,11.708077635422063,5.072137661664743,7.923392574621286,16.165446119300423,456.2198999337852,127.53716437146066,199.59709607064724,385.015900246799,888.8048934750259,26.65719948709011
751,1.372695597484276,5.1385512195122,7.066168,8.20154285714286,2.42775368421052,10.18069523809524,2.15063018867924,9.418648000000001,1.564323611111112,4.318086274509801,1.365119736842106,3.74687586206896,7.05120606060606,2.57624395604396,4.93193684210526,12.397869537581867,12.835152492626895,4.7575877128502615,7.1996526278299395,37.510829109095205,391.27595257014036,119.6281285956502,160.93754675239325,332.8352654352784,684.7230298444629,26.867538690567017
752,0.4493865777080065,5.0453205128205,4.597245,6.2711511627907,1.851739208633095,9.0393220338983,1.317951219512195,5.60151666666665,1.54442125984252,5.313431192660549,1.1551543086172351,3.151246913580245,9.729966101694899,2.00924742268041,6.11033,13.392432233034768,10.934442888333944,7.5832684492454545,6.385934704352356,77.20160370329761,452.41634361445904,132.75870587676764,199.54495364800096,436.00655626505613,497.19869857653975,22.70860131829977
753,0.987843920145191,6.75862962962963,2.86382878411911,3.2080781671158998,2.6038382022471898,13.082397727272701,1.28718374164811,6.53678888888889,2.08540510948905,8.370141732283459,1.22167379679144,4.54673517786561,5.09859701492537,2.4146563146997897,10.5357927927928,149.09785609324464,14.146558297966978,3.7590692901760736,11.123901648733655,131.96665270954455,776.861677877605,125.2559944987297,294.79770455509424,647.4773865193129,675.1049775630236,19.17311456054449
754,0.1845179340028695,3.23818055555555,5.57650625,6.8902261904762,1.6179386792452826,7.894985714285726,0.9052787267080751,3.2865028409091,1.40691061452514,5.429370370370375,0.884350313479625,2.49391504854369,6.811193749999999,1.87128064516129,5.704102040816325,14.83503939612898,13.156633934299352,4.969169892931194,5.374957377743474,15.088619912790847,463.51177152246237,81.84905163943768,207.97111792489886,448.68269469588995,665.5672972556204,21.943351021036506
755,0.4902042253521125,5.0111650943396,4.636963636363635,6.01683684210525,1.153780405405405,5.05495544554455,0.795334087481145,2.910590395480225,1.4430861581920902,5.37869626168225,0.78571975497703,2.4934684466019403,8.10419444444445,1.8853880866426,5.93642613636365,12.910492573702717,10.100075603934833,6.333362919474859,4.241046700179406,13.116615736662512,430.9731419198215,111.51790386065841,190.06709335371852,443.8938689418137,564.9921600706875,24.756253696978092
756,0.534864457831325,4.19889015151515,3.5586299999999995,4.57961904761905,2.060454710144925,9.2486875,1.3486263888888914,5.606189814814816,1.543556603773583,4.599441666666666,0.9710377192982417,2.46088675213675,6.975479166666666,2.202635416666667,4.726543859649126,37.31009328027954,12.902976612684972,4.721709871406991,5.082973995933401,53.40888820439722,417.32676327228546,100.30068030270438,177.23235844944915,410.55975986334187,646.775906595091,24.7123243752867
757,0.276571465361834,5.0894309623431,3.40295833333333,4.60492063492063,1.17458817533129,6.87376829268293,0.32099086631608104,1.30066201716738,0.890102755026061,3.9245725806451603,0.596554004854369,1.93111861313869,6.69139877300613,1.2778681177977,4.7030162601626,17.726928305680502,12.808289807826602,6.617660531806323,5.504475300199917,132.53877224589317,399.1365898400545,82.77406450361013,178.20210196077824,465.88536351919174,818.5528684407473,11.840579099953175
758,0.45897103781174603,5.065236286919831,2.863192,3.83275,1.38333468834688,7.45882051282051,0.440694456381607,1.99951837524178,1.26337610619469,5.26741150442478,0.627729759299781,1.9414494949495,7.44011111111111,1.67494676258993,6.39374725274725,23.590676942764997,13.48320940997897,5.2841052590590145,3.931401935654386,13.673380296359555,505.65588753670454,83.60887877643108,202.85439677536488,423.6021777614951,1159.4690149649978,14.887982979416847
759,0.156276999065545,3.36776510067114,3.09847519582245,5.357222222222219,1.27504520990312,7.176455172413791,0.29589143452226,1.35953223915592,1.06066632756867,5.09867298578199,0.563604228121927,1.9754055666004,6.22862804878049,1.59217963224894,5.71347058823529,17.633331205417452,39.95631144784984,5.129648681778126,3.876705647706643,28.493700740853512,508.5438024252653,79.30675055831671,217.07818377763033,592.1031115576625,730.544631369412,14.400994405150414
760,0.7639271623672249,7.1840789473684,7.09768309859155,9.91246666666665,1.42839,7.1222222222222005,0.99606851851852,4.005285714285716,1.129220041322315,4.0798581560283695,0.94894220183486,2.9078236994219653,6.67336144578315,1.5651150306748451,4.43302290076336,13.476810402493877,8.6973805801878,5.319907514278582,5.62114000277617,82.50013121115677,412.07699105143547,107.93845867738128,171.49976920336485,297.31406830251217,684.886728413403,19.51369922608137
761,0.93216,6.487035294117641,3.1085757575757595,3.99885614035088,1.525941721854304,7.79286,0.604875195822454,2.5050024390244,1.652968888888888,6.8845185185185205,0.739839603960396,2.14045321100918,8.275248000000001,2.2465711340206203,7.63229677419354,25.01657655895655,20.16191867083178,4.8866680664171565,5.490078753822958,19.945023490266387,539.8930190131068,95.12207936495543,258.28590150922537,567.9552955552936,896.5535834431648,17.140679992735386
762,0.748370991253644,6.90826543209876,2.8642951653944,3.98858687258687,2.30007657657658,11.9411954022988,0.7514589090909091,3.6156986754966898,1.72823293768546,6.75081065088757,0.842410947712418,2.657184,5.152902439024389,2.2637094339622603,8.35723770491803,17.919258738288192,148.09456054912565,2.939839812783475,5.612676524395891,132.6577619540308,544.2577181383967,127.60937679558992,241.26723874360323,522.9447735473514,575.2900382503867,15.791784971952438
763,0.14826269347606,3.34446478873239,2.86532009925558,5.21356950672646,1.16591959798995,6.16513450292398,0.418919608528487,1.29180221130221,0.9902475027746951,4.02158237547893,0.705931958762887,1.9770154142581902,6.75444370860927,1.4978799392097302,4.74469585253456,16.139077243802284,9.859432749645118,4.2658919904757875,3.843920437740977,131.58094044097172,476.0338459163904,106.6683791577816,268.0170815438032,446.969922631979,940.6838100403547,11.698203161358833
764,0.49762995410930294,4.95820627802691,3.38811764705882,4.1321762295082,1.20707511210762,3.93649828178694,1.1903458382180498,3.9502508591065304,0.897354,2.55961521252796,0.8932776816609,2.56600896860987,8.279664062499998,1.3745701754386002,3.38238793103448,10.445335927551202,7.0077337121162655,8.471614789352124,6.9373599843371085,14.356257948992136,346.9077171757817,134.92447324097157,144.41953971982002,298.1171943247318,443.23739130049944,32.09139686077833
765,0.66086197339246,5.07097478991595,4.916485714285715,6.46481666666665,1.5104618421052651,8.88465833333335,0.49231397544853644,2.099103636363635,1.31980294906166,5.687677777777799,0.727395437262355,2.09854474708171,8.669906779661,1.8954315960912052,6.38100555555555,17.242185721234947,13.842969094477555,5.93158742036383,4.918737605082892,74.91226140837067,497.30698810890317,86.8483679369092,208.72256718575954,567.1638413332403,1078.461844008416,14.339806511998177
766,0.4814763636363633,4.866929166666666,4.251201465201467,4.974652173913033,1.5905233785822033,6.255222222222233,1.1703333333333334,3.707032608695666,1.31053205128205,4.330965116279067,0.9308231954582333,2.3746566666666666,7.7510303030303005,1.7469333333333334,4.6555213675213665,18.44642960838355,53.849547404187916,5.8863834451062695,4.746305681824526,12.257815506649665,381.2409161279599,98.64387878527243,154.24524123469988,386.77276267359656,537.4999716877937,22.146299791832764
767,0.7643637566137576,4.93059545454545,4.691283333333325,6.1300833333333244,1.45318625,7.2057378048780505,1.035775862068965,4.1362423076923,1.0501598939929324,3.9189932432432504,0.863136824324325,2.7635600961538502,7.111335526315799,1.4325327868852449,4.2474713114754,13.778096485275462,8.801098256572617,7.14341227803328,6.07104734210445,11.747146871869035,346.8630777206272,105.29969003982842,165.73797911405563,323.31206020899117,665.0985975284129,20.994350779801607
768,0.273243,4.355479674796733,5.0784705882353,7.7153,1.6511287553648069,8.3675652173913,0.58559941520468,2.763939890710383,1.4433765690376568,5.823050847457633,0.6457878165639966,2.0541877192982465,7.981961240310067,1.8455024154589366,6.463606666666666,24.552498296203638,17.610961330881278,8.27395660585698,4.685764492401424,65.44664676291353,585.5541676282883,128.94950341433287,282.0266255487998,569.9010177825888,900.6040015568336,18.778396770358086
769,0.137757942152679,3.5570261437908335,5.2153184079602,6.8447000000000005,1.6503868501529066,7.218975609756099,1.4772239382239365,6.102477777777767,1.5032900262467201,4.9444649122807,1.1932304832713767,3.6136145833333333,6.1406126126126,1.8714194577352468,5.371342723004701,17.58615143429202,13.192103798754408,4.81359761446902,8.145423254418967,11.361882472229672,448.95950704813004,138.50623120864233,178.32738813012838,375.06713221470517,556.1226901287833,25.586364790797234
770,1.1258365180467085,6.375102150537633,3.641,4.589649122807017,1.7108139880952333,7.995361111111117,1.019528205128205,3.6857564102564164,1.3978307086614166,4.8426111111111165,1.0193842832469784,2.5604279279279334,7.292121794871799,2.1095851449275336,5.179338383838384,15.101910099773477,34.345646737596574,5.240117717155546,5.5192323893148405,59.611006477489845,480.0104264480372,82.17355934903026,197.30469988038143,412.907466913263,714.0323519706726,19.534801443417866
771,0.326630262355095,5.08421929824561,3.8857311827956997,4.92012,1.63729206349206,5.44281382978723,1.47231241084165,5.46104787234042,1.21444792833147,4.01204982206406,1.19689938398357,3.92288118811881,7.991621428571429,1.767425,4.894152892561981,16.409851552172984,7.012097532164483,5.823549932081085,6.968066598258402,21.68545997398864,336.952181532979,136.59342657774687,139.8293999955058,365.327438339591,510.2778552100063,31.112111173570156
772,0.33205473204105,4.5912539062499995,4.006688356164375,5.426078703703699,1.1872731481481476,6.9782027027027,0.44548511383537753,1.8159245283018874,1.31037441314554,5.742630681818175,0.6696184538653375,1.9558682432432424,6.72483125,1.7033655063291149,5.8873409090908995,18.002792733229384,12.52630739454853,4.875692216474462,3.8817327622749027,50.97046707901698,383.94497823901474,83.71794247068465,195.84810361266136,449.4231252465397,810.9488640911877,13.557897182181478
773,0.3063031032637773,4.3991767068272996,4.280434343434334,6.007906432748533,1.1516356356356368,6.355254545454533,0.46427256235827663,1.6657140522875802,1.4187399527186768,6.2858950617284,0.7684455284552834,2.1295886939571136,7.006169934640533,1.7957607260726067,6.910395061728399,23.044055504282895,15.77925236359617,5.973881520235666,5.3937744985690586,95.48149818469773,432.05573068310815,83.00229286154111,230.80201353877783,457.624951377511,769.1018516197801,14.594864721099535
774,0.400949784229109,4.87939330543933,3.04398260869565,3.41226946107784,1.16042468856172,6.76435185185185,0.328045216856352,1.3868979591836699,0.8202886928628711,3.99225296442688,0.523761323155216,2.06691111111111,6.12762345679012,1.1905881708652801,4.82495238095238,14.658923540839853,9.858153468413281,6.553821580492813,3.857556673809735,11.692082613657078,247.37452622503042,79.51781153678894,124.92812238633631,397.1070749685168,549.636292271316,12.883706949651241
775,0.5015526785714286,4.6351974789916,5.238066964285714,7.351,1.7931041666666714,8.876,0.7063214285714287,2.7972397094431,1.6417370820668715,5.949158730158729,0.8930675465838515,2.6177235023041425,7.5394962406015,2.410695378151257,5.931947089947085,22.064200377281274,17.873608797549945,5.275413207627456,5.391968304155971,73.7174706182361,469.0493457019329,79.76899588746684,201.73524972051382,485.2629898648177,777.3729107741799,15.570316463708878
776,0.22586199999999998,3.641573333333325,4.429548387096776,5.9260568181818245,1.3853321428571426,6.757767441860476,0.7700250737463125,2.97315432098765,1.3104836683417076,5.071818627450975,0.8062845911949675,2.28371626984127,6.9125608108108,1.6176808176100625,5.6445612244898005,18.939078073139488,44.31701662878382,5.1444348301117255,4.990735157640648,79.50168577549141,381.1909235082567,79.12393775768578,181.821221485734,441.9931792654097,763.0299602169544,19.12054722197354
777,0.330993920092646,4.136129770992365,4.841729357798165,7.25786666666665,1.499385057471265,8.4655857142857,0.6688683527885849,3.1812900552486196,1.57581267217631,7.1891287878788,0.752655714285715,2.0770145985401447,7.47020512820515,2.03399433962264,7.35322972972975,20.57230739242742,14.529785106902002,6.28815949836555,4.916086719321497,74.92078996047384,596.4929005131125,87.52162102609873,248.4100055880845,645.8904827013612,808.2960033789277,17.8938964381814
778,0.6119525504151834,3.933050724637683,0.5636603864734301,0.6763567708333333,1.6589159420289852,7.655991666666666,1.1872560706401767,5.186680180180184,1.3756832151300233,5.086053921568634,0.8412061403508767,2.504878571428567,5.842959770114949,1.8118616352201335,5.234878378378383,18.38519825339264,51.092925191989785,6.072061466717861,5.866152833872615,13.788535102926154,500.1644099441667,87.02492729450266,177.52171649287143,418.6553026859959,553.3483345061541,21.06273313984275
779,0.434570848558668,4.91609865470852,6.70385119047619,10.7613047619048,0.955761513157895,5.69725966850829,0.290170759565962,1.4009141475211602,1.09251720430108,4.83003167420815,0.5958087403598971,2.04144594594595,9.46195652173913,1.6275618153364602,5.46613366336634,13.470727219311854,15.812008787695992,8.413793865245431,5.56332000573664,133.9731019609511,505.16100600361824,76.03184785693884,162.6518089324236,634.1494852676988,658.1703899428248,15.23951068520546
780,0.3035139383155397,4.380629629629634,4.229992424242433,5.232402985074634,1.0758718662952633,6.189951612903234,0.46511588366890333,2.03947192982456,1.3998254545454534,6.2842916666666655,0.58593645665051,1.6116082148499198,7.231289308176099,1.7823161993769467,6.619051724137933,17.235223744255652,15.921703437104064,4.801801381440729,4.261160641072919,57.01720024869849,471.22073204567033,80.60946129262447,226.959438684086,501.08241848647594,698.7368920817971,16.943264442185562
781,0.411515625,4.416361940298505,3.11065340909091,3.9619577464788756,2.012091439688715,10.33777906976745,0.9682046979865749,4.031795275590549,1.853966346153845,8.422443548387099,0.741704225352115,2.089166666666665,7.550625,2.4671973094170396,8.921956140350899,24.698854261206762,149.98234916611054,7.628724563294173,6.321857731029184,76.67825879739176,640.0857935659587,98.94385002553463,276.710360776633,586.1509242095053,816.6709099896252,17.556140664964914
782,0.58882370668006,4.93202510460251,6.117607954545449,8.741015503875971,1.16166174801362,5.91553608247423,0.8888342370255621,3.8963394833948297,1.18356,4.498547717842319,0.8048789584799441,1.9449361344537799,9.57922881355932,1.64982193958665,5.41374178403756,19.28475776814794,11.27215746601366,5.732776839711945,5.592348862188348,131.9602026140888,407.27874729782343,107.23893065005541,200.63284318894148,549.8592043295503,841.0262409597635,14.835409820079803
783,0.52941081871345,4.99747008547009,3.0780477453580897,4.1447716262975804,1.38149942329873,7.31375886524823,0.51082591449978,1.99725457875458,1.77283981337481,8.07009701492537,0.701622,1.9600037950664102,7.565207407407409,2.19590229885057,8.22767142857143,24.87808665273104,13.398848014677641,9.4400370090245,5.727776782904436,131.9606105055915,716.0505978390574,85.39501577615738,304.0848998352885,665.8153608441353,772.9274919256568,13.970793224871159
784,0.666780593325095,6.750225,3.659942857142855,4.811915322580646,1.28527153110048,6.98164457831325,0.48434444444444447,2.089672839506175,1.38997860962567,6.2022012195122,0.70872249388753,2.04541468253968,9.68558333333335,1.9852685810810797,7.00094,21.408229720103723,80.82256574302518,5.362194152631494,3.908523495921035,80.67109240401024,484.36338547617197,75.98829688504338,231.424393132329,471.38690715655684,906.4411628060043,13.917498290538788
785,0.718494638069705,6.60612568306011,3.14852054794521,3.9604464944649402,1.54754199683043,5.51394711538462,1.55744011142061,5.59594117647059,0.938362422083704,2.67472727272727,0.961023668639053,2.61014479638009,10.544694444444401,1.50254520917679,3.37215294117647,7.577465364124422,7.390845246012148,4.6707787707411486,7.241700848563964,16.340882950359656,349.7449681162834,139.16059397161007,145.13800852000713,250.16844738274813,394.9226113036275,28.19050569087267
786,0.531532161036557,6.657213333333329,6.5971096774193505,8.02565625,0.8838995708154509,5.03265065502183,0.24421366923256402,0.674769906323185,1.91042673992674,9.0937578125,0.232662819642453,0.664776887871854,10.6626326530612,2.4399927184465997,9.60178504672897,40.186673197858674,151.30707479533868,8.35036458540297,1.3174275649438234,11.954781751036085,479.72698230296373,101.58093646168709,422.03348129987717,687.4661892652512,597.2413346171379,16.582710668444633
787,0.7547955010224933,6.213321428571433,4.180365942029,6.036318181818166,1.30586507936508,6.165251282051266,1.0066394019349165,3.787479166666667,0.9648202247190999,3.4035386904762,0.9074533333333333,2.845505555555557,7.227766666666667,1.4168471074380167,3.7654886731391666,10.574697286261866,8.193594890571482,4.72673383936415,6.165861895925503,10.655913310606456,338.4753440817197,94.85123058160146,126.22611441959937,280.26453995456296,580.3243101884922,23.396538260082405
788,0.90852986512524,7.2759012345679,4.804355555555566,7.124172619047634,1.7073666666666665,8.403116666666667,1.1446179104477598,5.0919705882352995,1.7310387205387199,6.964839743589734,1.08540606060606,3.3303735632183904,6.734154761904766,2.1416849593495937,7.335773584905667,22.42722706962996,23.98724681594679,6.336032302978093,7.209063378564746,17.2005363336765,490.95352490743,105.85950221866369,253.3831245576342,518.3737957850099,697.0723159611225,21.50097085783879
789,0.4360691263782866,6.240762626262633,3.219583333333333,4.390482905982901,1.3720188679245267,6.148016393442632,1.0523717579250733,4.313837837837833,1.2261821192052966,5.0061690821255995,0.7260423280423267,2.4807393162393168,7.646907801418433,1.7539132420091335,5.834166666666667,20.640834192160202,13.629763418748261,7.8442861717806265,5.69545646300929,55.661090644994125,418.5916002218922,119.18672826141119,206.84668949494758,426.1121541882555,605.6289576614896,23.772800341248512
790,1.06079726027397,10.31551,5.55973300970874,6.246959302325579,1.37643899371069,7.69357,0.52948541769649,2.10900389863548,1.66588888888889,7.46098630136986,0.705584791386272,2.0075404929577503,7.47712080536913,2.07058958333333,8.731007692307688,14.733861917415846,18.831214878363642,4.326675680023548,5.54764755552338,134.36515143840447,658.3508336916566,109.10690762102604,237.67808452248573,602.94468421489,587.4519003555179,13.950001448392868
791,0.45420176110260246,4.478368852459025,3.9255202702702747,4.890590163934425,1.23551455026455,6.46778125,0.4546000866551125,1.577330459770115,1.280182522123895,5.360078703703699,0.70384794520548,2.034978846153845,7.758992647058825,1.7853829479768775,5.6394840425532005,16.800660984691483,11.87199181302848,4.895438842863474,3.905009458104434,43.74178763063969,443.74369899742305,76.24863646924496,204.333703732118,423.6558044794947,943.3951287064701,12.618949403986335
792,0.1741276780544295,4.1561015625,4.781150406504065,7.12376623376625,1.908701986754965,11.281943396226401,0.87472393162393,4.671154545454545,1.788905263157895,7.9736466666666495,0.99185328185328,2.9323694444444453,5.81157575757575,2.31706108597285,8.16373484848485,25.43434001199519,92.51654980385628,6.746710066875126,6.37976247556881,30.779719080031356,622.8686193935573,101.21172526851296,267.72505370900035,639.7725897841156,854.0234877727926,15.94445202499628
793,0.321873076923076,4.38337818181818,5.28270454545454,6.958303448275859,1.542209395973154,8.04562068965518,0.799326388888888,3.2854276923077004,1.4356531468531462,5.852983783783779,0.702711854103344,1.9711637931034478,7.55480666666666,1.9435050847457618,6.500147368421059,17.593074807155723,40.119993444160556,5.050872690622003,4.562748566087973,41.6889490622426,512.1197504922748,86.11311204731464,231.28616157919168,518.4652702882886,838.590394705534,17.19771884381771
794,1.07731440588854,8.731311111111099,6.525169811320768,8.1762391304348,1.3413164721141368,5.841632653061233,1.0036832460733,3.6286909722222336,1.3699157769869499,5.470119047619034,0.9119624781849899,3.125048387096774,6.8281538461538345,1.90918888888889,5.993018867924533,47.40339674939571,16.122552350146695,4.401523563824119,7.102606479805632,42.32549221979893,501.66237633675337,125.02400980641444,208.20300560444593,473.42990680287284,629.3830384189883,26.44903336962064
795,0.41722124863088667,4.373359259259267,5.232,6.275661290322567,1.3694783197831966,7.835,0.4667952325127,1.7494862542955334,1.3294000000000001,6.153395833333334,0.67755097613883,2.1850127388535037,7.465725925925933,1.7882666666666667,6.504320000000001,16.82929263601488,15.074510055246899,4.843895671739882,4.239278071269351,12.639041123891838,510.8289731045564,78.88291341563065,227.8730273246765,458.49115898211795,814.4629498322805,15.24406640479962
796,0.172398827990348,4.2101268115942,3.1907331288343603,4.52785892116183,2.1561129707113,11.1398775510204,0.601978756476684,2.76021957671958,2.0260683593750004,9.103283185840711,0.698621696801113,2.055468,6.65679220779221,2.39961728395062,9.51592682926829,16.377493910824715,148.03951791097148,5.842114223079781,3.8779752940372934,29.649821623325842,669.872690923512,78.65566294640303,278.4642856568098,471.6383293271065,1218.8748456537724,19.89880111068487
797,0.4551733500417716,3.7066882716049334,3.336722222222217,3.966590476190483,1.9433367003367001,8.986125,0.9926558558558566,4.284776515151517,1.7631890034364333,6.266217948717951,1.0020829103214883,2.6006134259259333,7.110634615384616,2.3060261044176666,6.167526881720433,17.681918233245366,15.147299849422472,6.182083405970649,5.400995397453432,16.29489947112347,422.05800612767536,95.69991768027346,189.75797963018218,473.59017189592123,748.8759040522078,16.479066107422113
798,0.931531992687386,6.62434838709677,3.02770967741935,3.64615827338129,1.4759340974212,5.42774074074074,1.50699707174231,5.28426570048309,1.05950365630713,3.30641009463722,1.07123903966597,3.27673885350318,5.163352112676059,1.6841893583724599,4.16646963562753,11.919956373803387,6.99345203325472,2.9350882483707883,6.920773011652205,5.621311273641609,296.97720892727375,121.664023026824,143.55131424963474,247.3930362612009,379.41490299999714,22.917799651622772
799,0.4536906028368795,4.87299152542373,4.353252066115705,5.52494329896905,1.413689024390245,5.9734941860465,0.89596080139373,3.70149655172414,1.3584323607427051,4.67321186440678,0.721529769959405,1.6738216374269,8.463476923076898,1.851576923076925,5.43014210526315,19.045683223588227,9.81369305023577,6.4552453375996315,3.6187143678863345,17.401981028474307,413.05021150037646,91.76463354378939,159.98129965737462,385.8028445392847,988.0926343612373,24.789711460471153
800,1.2544631463146299,10.121051724137901,2.87299719887955,4.72718695652174,1.70255044510386,8.636050847457629,0.5697601765571361,2.53987971698113,1.57441099855282,6.00739877300614,0.7652587064676619,2.1941926605504602,12.3327159090909,1.86768599033816,6.90187898089172,14.944324049631694,13.31635280894253,2.842242968949091,3.8471380350493716,17.329243339726904,472.26950991898775,76.12926419824362,225.35722237080336,473.25105406343937,745.4314734786749,16.50878693908453
801,0.7807432228915651,7.5936818181818,5.47732631578945,6.15455294117645,1.63789265536723,6.4036629213483,1.0553834841628948,3.25667985611511,1.3254538834951448,5.0099157894737,0.93664181818182,3.212763636363635,7.9021015625,1.853262987012985,5.64329591836735,14.216506809320698,10.115460147389383,4.019027783794105,5.682420024266349,10.9753657967208,401.9586951471865,128.36598325520754,191.75790948793292,442.80756264925003,576.5861133113503,22.146152332425117
802,0.5831328320802,5.719681372549033,4.078269841269833,5.891687179487167,1.7783601190476201,8.504038759689934,0.8663766816143501,3.1727387387387402,1.43265829846583,5.5726562500000005,0.7310520231213866,1.7639834983498366,8.345650406504067,1.960525714285713,6.2752424242424345,17.61509372373796,57.64043214641888,4.955638351341465,4.278592710617948,55.53514015839503,458.4268278752764,85.37061512470245,189.92352609833083,446.3849123567343,936.3132761791348,20.67210152745247
803,0.4839351939451275,4.99785648148148,3.31318661971831,4.815382352941175,0.836642201834865,4.793151785714285,0.4289922279792745,1.46508379120879,1.23036937901499,5.04808333333335,0.5155352467270901,1.40561813186813,8.232742187500001,1.67115652173913,5.27991346153845,16.546252659826187,11.719441470519325,6.7140157508444105,2.6183182082430534,74.14310476410533,378.6595305427909,82.73015264421701,130.32429851591587,438.9041569083929,719.205557834357,13.535597827285528
804,0.4721717032967025,4.4106,4.386828125,6.182208333333325,1.7480533333333326,9.30133695652175,0.698877071823205,2.8888085106382997,1.56376846590909,6.749837209302324,0.8554087947882725,2.3662688172043,7.90735,2.09007558139535,7.3232083333333255,30.603848355961212,19.556864130348202,4.698824693513799,4.921447056931924,27.34119273059282,582.3898129165173,115.97379925660789,273.06475094519556,610.109168337658,856.6452655941248,16.384903574362397
805,0.376486524822695,5.10261574074075,6.7834411764706,7.131423611111099,2.1160205761316853,10.68183333333335,1.1062417279411751,5.87298958333335,1.753278761061945,6.37445454545455,1.26081075268817,4.10313306451613,9.7080254237288,2.352917030567685,7.13003797468355,37.592169418329945,82.92898370657291,7.621116883071116,8.5006581682019,17.720892638429206,669.0404843539,107.51866502687335,281.19139606133103,654.6908407472074,940.0935377925634,19.38809873536229
806,0.13104648773597,3.36427476038339,2.88178830083565,4.33521097046414,1.41562592592593,8.15165151515151,0.29536992715920896,1.341710591133,0.888293760831889,4.0759051383399205,0.579954055587068,2.0260688976377996,6.17260736196319,1.28223558282209,4.7560909090909105,11.716463232175172,146.50025424922651,3.5592281283056377,3.830020901472251,10.574120201657982,397.1500089392066,75.14902390539646,192.70482007414103,459.9135834723711,675.4887755960226,12.00181432068348
807,1.35107063711911,11.6977849462366,2.8175000000000003,3.52953915662651,1.46825889570552,7.741382550335571,0.72653950033761,3.26810227272727,1.34293302540416,5.71029850746269,0.67674817760106,1.8755905511811,13.6947926829268,1.75793465045593,6.94191,14.68344663255276,9.802040368175902,7.664577394451778,5.5121501940258115,131.10155288574893,349.26130902022123,106.98316618800163,164.50989060103893,481.6698841750622,613.0059249699116,14.340016059577465
808,0.523825112107623,6.560287425149699,6.14221808510638,8.35589130434783,1.85885540334855,7.587866666666669,1.8857491582491601,7.544120967741939,0.883071846282373,2.68094915254237,0.8675590062111801,2.69709917355372,8.87305194805195,1.37772222222222,3.28172033898305,14.814885163575788,5.208253063612983,5.071045029081871,5.541341275167762,9.884467659718574,357.8030504286289,110.49418244510889,121.8512887135148,304.10841573029757,549.6863275766373,40.89039284735918
809,0.21031653147933602,3.27959587020649,3.19516981132075,4.02734117647059,2.06705555555556,10.5295294117647,0.606522631578947,2.7118325358851703,1.78473946957878,8.13208633093525,0.651798089171975,1.93710638297872,6.07464052287582,2.49514713216958,9.28851428571429,42.27605182135207,146.98229385245818,5.8159995216842555,3.848344158569974,40.48255333444593,606.4522778615355,80.13241458684206,299.54216443002224,816.7805150151253,895.0994117185473,16.031600534915924
810,1.0886790744466786,5.078191964285714,4.718701680672271,6.567200000000001,1.6541086309523785,6.28325595238095,0.8506472754050073,2.7923979591836714,1.8334316770186359,4.619412698412701,0.6947551020408165,1.621784226190479,6.0229450549450565,2.3903824884792644,4.5966302521008435,15.789363821452275,23.206138410250627,5.028585595027657,3.270009237683841,34.29188958155058,450.0417088690613,77.66599467556391,176.6872642162655,421.21630062216093,690.0403698507164,17.697357439569064
811,0.529803435114505,4.59254615384615,3.7255347222222253,4.353788135593225,1.7214571428571424,8.576409090909099,0.8413647416413375,3.234966666666675,1.595730555555555,6.3108804347826,0.9659402730375424,2.5249140624999997,7.393041666666675,2.00228275862069,6.55078658536585,21.979114220708805,48.811811864092356,5.563411527386798,6.481789804959058,45.57544734697347,561.5196714643389,115.05581205710769,239.21039537526667,460.38468717597425,755.7751669082791,19.588175928220153
812,0.551067167684359,4.91920642201835,3.14692582417582,3.9372304687500006,1.7094229559748402,7.6517770270270296,0.422832902987827,1.8592531120331999,1.42575806451613,5.83659677419355,0.573945690084704,1.92357213930348,9.08612396694215,1.78898360655738,6.93767701863354,18.01044000556039,147.82599161301968,4.332847266447377,3.8483735466877222,13.23762895133947,603.7912797182798,71.48606237024069,249.50492661446333,640.1201942935586,611.8757883086801,13.882201164960861
813,0.11888761838761851,3.30692857142857,4.6133548387096805,6.9027371794872,1.835314814814815,9.0987627118644,1.172166666666665,5.3505245098039005,1.2346112412177999,4.93492523364486,0.9932683823529399,3.1305,6.42810256410255,1.7741356209150299,5.4681515151515,17.016767842497355,10.388271111091536,4.407822211283071,6.576221862326833,13.455801830400668,463.245518039912,129.60355961695313,223.04168669506907,575.3803416155279,1052.4996789172292,24.34405032545328
814,0.6048594444444451,6.0781896551724,3.45428911564626,4.23563779527559,1.9636064189189202,7.4224493670886,1.200293406593405,4.106323741007195,1.617295454545455,5.3601435185185,0.8580873134328351,2.36627551020408,5.68577884615385,2.16003012048193,6.107606741573051,12.579845069006328,29.15070546160512,4.01296737835463,5.853406111506588,75.72247011021634,503.14178224653006,91.50134865194559,200.06204722449183,447.31503585353494,604.2447756044567,23.045402485877275
815,0.270122169917059,4.431670682730934,5.415296296296301,7.8306797385621,1.9095221674876834,10.098596491228067,0.71311669658887,3.0073690476190467,1.6677772861356932,6.268644808743166,0.8803398373983732,2.215173258003767,6.8659696969697,1.78163,6.105311475409834,14.773323786716398,57.563837023149055,5.152496585776827,5.182706779176891,105.08666498118725,503.13651251296204,82.33179493496816,209.3621607248982,506.7947165419658,707.9135005672773,13.625334637860457
816,1.1018627881449,6.71851677852349,3.40159142857143,4.68738532110092,1.93010378912685,11.3584787234043,0.8842949461474731,4.25544308943089,1.1620595111583398,4.5896682027649796,0.757379160636758,2.0459981238273897,5.06315346534653,1.57435182679296,5.17793212669683,23.999175885278444,11.284296949769418,2.9351520364208055,5.498070006920279,16.04729472316142,403.4272162243724,105.11099826544523,265.5742224305868,533.1814521923661,1148.984464816749,15.85688441991806
817,0.149323230938014,3.3366238532110097,3.09281547619048,4.56304641350211,1.00171219512195,6.12681578947368,0.14302578361981802,0.606374746450304,0.851247724974722,4.75748962655602,0.12889157180637,0.5798498985801219,6.19781927710843,1.32541634241245,5.56712264150943,14.82604163298414,15.800407128581467,5.0431570383032405,1.2792150870737116,22.798951090770597,358.3966987207532,83.22510402649641,166.5367279201746,464.5620007067919,648.3897566795349,13.274000957608223
818,0.153308081632653,3.26616715542522,6.06826666666667,6.767906432748539,1.58862962962963,8.447558823529409,0.724831,2.87876536312849,1.53919359145527,5.97640476190476,1.07650552147239,3.25421971830986,7.497078431372549,2.00325296442688,6.8373696969697,27.249443575705,15.854338700927423,4.256616164602136,5.522309878807464,13.359082839697459,732.7530300244689,121.69331312179565,270.39176784455776,509.1711180284619,558.3699094131589,16.489182598888874
819,0.4332638248847933,4.416144444444433,4.2661074074074,5.859358974358966,1.7250769230769232,8.374095238095233,1.0331732925586132,4.7928849206349335,1.2241825902335466,4.982641350210967,0.7756896086369767,2.3161566666666666,6.035830065359467,1.766972222222223,5.544005128205133,18.989316255653463,16.15804990289185,6.514540377798891,6.110533635996184,60.86419675921861,488.4225782006979,100.19478698571523,198.5874337454637,452.63345042864484,648.241761761407,21.731465434034664
820,0.476926276771005,5.05773611111111,3.00669028871391,5.25369035532995,1.39991541609823,7.2544966442953,0.394403219904866,1.44341834170854,1.62643968253968,7.09413103448276,0.760703812316716,2.1425700197238697,9.66174285714286,2.2051,7.1026338028169,24.08490044785013,145.79949522940618,7.613260324628666,3.820486941804943,14.686110269943038,660.868501290679,85.31804196536541,242.55141615867615,578.4815642982721,940.9446036443114,15.292712487280369
821,0.829645089285715,5.345537037037033,3.638333333333333,4.834620833333333,1.4616773333333335,6.980779761904767,0.5888827893175067,2.16510795454545,1.6246774691358015,6.062734375000001,1.0364668560606067,2.9594609375,7.474126666666667,2.1483855421686666,6.38985,20.42040971219292,15.002718011919733,5.708722594610951,6.75463904039674,80.8397657052734,483.0755991861224,115.10155163705349,215.01819525534907,477.48951086153585,748.3632575410107,17.976516392081976
822,0.5415356463878325,6.86608974358975,4.313201612903225,5.6272451923077,1.340785714285715,6.1174,0.837004111842105,3.019653645833325,1.32829383886256,4.9976447368420995,1.01305928853755,3.1141117021276497,8.789225806451626,1.8527482993197275,5.394978260869576,17.51966896440394,10.318952159470797,4.759807124909938,6.472965347385159,78.19934990100833,450.5388846155256,98.92491507343948,190.7489262521267,418.216543039307,657.7558582648635,18.79405463114381
823,1.0876297348484851,9.3191076923077,3.1214270270270252,3.9378281250000002,2.038951890034365,9.65684166666665,0.79832216142271,3.64256,2.165849372384935,9.07115384615385,0.864429203539825,2.828978723404255,8.8397327586207,2.59562385321101,10.0586886792453,26.571000428198275,28.420236424555327,7.636576285673684,6.286350285596072,74.30809873300947,758.2054589875042,122.01830977573991,312.97897221520543,726.0739570483565,759.264500811696,17.61650200933218
824,0.134361221624152,3.29519672131148,2.8623456790123503,4.36031950207469,0.68266528189911,3.89893560606061,0.148629044783847,0.7008675981370589,0.7682600258732211,3.4085,0.134471698113208,0.698958441558442,5.45030243902439,1.1093413001911998,4.01951481481482,11.728443415544627,9.841680431416513,4.267801399475426,1.2922649054219923,9.23090555346513,240.73796812444925,59.40005648881197,128.3121295273304,344.09903455525637,563.9197072014213,12.711691670119762
825,0.91428583840139,6.82134567901235,2.95801149425287,3.3364595375722503,0.9690154525386309,5.6074153005464495,0.25951099873577704,1.2620813953488401,0.881994832041344,4.43159459459459,0.5632338797814209,1.9249849056603798,5.06687439613527,1.37225341614907,5.78304494382022,16.30059945801083,144.63353057499432,5.757877090278145,3.8434693249177534,131.25571985964515,519.7129677981138,78.365090303123,145.85633762180805,465.9852711483836,680.2534917369485,14.539412222802639
826,0.96181282051282,6.75632278481015,6.40835393258425,8.114642857142849,1.29106603773585,5.176923913043501,1.33717777777778,5.17163636363635,0.9888717277486901,2.74052073732719,1.001817789291885,2.769742424242425,5.7875,1.4601942355889699,3.321363924050635,9.658054601370017,6.404888807656771,4.067693127798016,6.324433898751047,10.828437462498743,396.88769029453397,125.76195877045393,132.14240316301584,285.62044026330113,458.7179981172085,29.13705538958311
827,0.25940838163174296,4.1243,3.2379393939393952,5.0561933962264005,1.5848328729281749,8.9419296875,0.5215778688524599,2.170165322580645,1.3383536299765801,5.7191210526316,0.817402332361515,2.479837155963305,7.4254097222222,1.90731467181467,6.3126642857143,14.943275860449516,13.870008747690177,4.666036974653104,4.91540797817698,80.55497557989567,395.43742313981056,71.91179320216179,207.3497511446476,520.8518006838858,654.7706201672554,14.33645375072956
828,0.5524314595660746,3.9999269230769228,4.523312217194569,6.803326923076923,1.7272220279720307,6.888356643356646,0.6902940446650123,2.048794871794869,2.0382664165103153,5.215717948717947,0.6400423375074538,1.4478031290743156,5.7633681318681305,2.8307967032966994,5.511082840236684,16.502890121708397,29.98039044905229,3.8179559756923593,2.951345450921307,25.228783588282017,446.2393466383219,66.74859636964706,223.61150835282527,435.0591468839691,820.0811186375527,15.971062776560967
829,0.15224546410728398,3.3475016077170396,3.05762404092072,3.77420817843866,1.7328902027027,10.6861481481481,0.42838954781319505,2.07651866404715,1.28148198757764,6.57432692307692,0.540621743486974,1.9975468164794,6.20072514619883,1.77865257352941,6.99544155844156,22.66975921957,147.53993186709417,5.028162297146836,3.8771114692583013,18.062600030584367,606.0147890821099,84.06729903072119,241.7946932837367,621.833628974855,769.0895581617951,14.37608152627945
830,0.160163474796997,3.27180864197531,5.52749514563107,8.119503759398501,1.66635227272727,7.991965517241381,0.349539025167251,1.2774933184855202,1.5468494423791799,6.49215094339623,0.631492299229923,1.93930282861897,6.16291304347826,1.9633290909090901,7.72867785234899,17.876661838390135,14.235430643460962,4.969393891060435,3.8338650658947944,11.810015648357751,483.7911110371351,73.18311836570501,276.6839927062392,528.5987164825201,907.9809999093413,13.328599743545055
831,0.158114947253048,3.2793779761904798,3.0764610778443098,4.5555959999999995,0.914613513513514,5.317262135922331,0.16825224572587702,0.644528363047002,0.9851069078947371,4.65378714859438,0.15362308205470301,0.610203912270302,6.80234838709677,1.38747044632087,5.45481220657277,14.745272005623558,149.36143552393074,3.5649421360472378,1.2950769683734253,132.49074091215604,398.01280945539474,80.19593078643084,171.92803788930178,427.8468433767557,617.1690998598933,13.634399510920048
832,0.7478555555555549,5.712536458333333,5.0867927927928,7.2055,1.6598893557422967,7.564487179487184,1.05544382022472,4.0951560283688,1.5189016393442616,4.896083333333333,1.0101836007130134,2.7112694063927,7.794539682539683,2.3965586854460166,5.069495370370367,21.105309410541253,13.492533113074401,5.870919582555925,5.96088727363795,55.317834671341025,431.6984481799106,98.30919249604146,184.12045125539103,432.1705821591119,595.0779498865207,22.97029908125599
833,0.34621880400967897,3.3427115384615402,5.57776216216216,8.102593984962411,1.55120965309201,8.629582677165361,0.480012932832708,1.87808869565217,0.903029955947137,3.8493457627118604,0.603676915322581,1.89505330882353,6.70350641025641,1.27330634573304,4.77015418502203,19.08657184509862,11.246922946316973,3.5725577189939943,5.463178239970048,15.664371603172649,353.4315153956413,99.77559093385935,166.20969399809837,455.23601584136486,728.5656873136759,14.16429877281189
834,0.4151911250873515,4.1977689393939395,4.430033898305085,6.2238066666666505,1.54765838509317,8.13092028985505,0.76173941368078,3.725434306569345,1.4132694610778451,5.5868269230769005,0.60576857429719,1.6623901273885349,8.5480294117647,1.8303939873417698,6.38192592592595,17.2027220080374,15.303530334998936,6.4124006743195965,4.939589431231967,17.010158498165566,502.5177728384733,89.59959959611297,263.62891076132655,528.7561216391623,921.5454454533756,13.444502837955952
835,1.0542861244019182,5.087413636363636,4.7863014354067,6.607672727272727,1.3522346437346455,4.774570247933882,0.874178600160901,2.747536130536127,1.4118524374176546,3.5820487012987003,0.7354228650137737,1.8435423728813547,5.92228342245989,2.2298139534883727,3.9085016835016817,14.364187837910405,17.384300575186955,5.00366036208105,3.9699324493273793,29.722237948957375,378.8847687908194,86.17472115226768,167.19088043001565,379.01742934164673,772.0795163715428,18.921435217965733
836,1.9371818181818161,5.471004000000001,4.94721090909092,7.49070333333332,2.968557333333332,7.141252,2.131991578947368,5.023647272727279,3.110769230769232,4.5581418181818,1.93764,2.739578823529412,6.462804,2.954189333333332,4.72879,17.400035006965997,16.46204846955659,6.181339962405739,5.685064472289884,18.274660917854703,419.24725752323866,96.3651817291975,167.87591483443975,388.22853565216064,693.90042219311,22.751224227249622
837,0.6532786413356361,8.57124409448819,5.50539898989899,10.287272727272699,1.41664315352697,7.840368421052631,0.781414809489576,3.80111437908497,1.23045556690501,5.24752040816326,0.723224576271186,1.94438257575758,9.47167213114754,1.81294901315789,6.29426829268293,14.583909675399829,10.216640735089998,5.027882337952429,5.8056630752184,131.40657076355185,486.613716930151,77.95901037752628,207.52521231770515,548.3523244038224,1378.2029738649726,13.646087609231472
838,1.2834066437571598,8.753968,3.1914333333333302,5.74764851485149,1.8841647819062999,7.1084347826086995,1.83529672131148,7.1442275862069,1.0846280000000001,2.76702891566265,1.1042666666666698,2.75650904392765,6.61408125,1.56680340760157,3.22489189189189,149.574378819529,8.42820973863445,3.670191631333986,8.333127409450384,23.331726331909117,351.19696985930204,158.76740217208862,168.25601924210787,307.2046209126711,457.87706039845943,29.193307273089886
839,0.296288357529177,4.83267782426778,2.8707465940054497,4.86310849056604,1.15997416576964,6.041157894736839,0.247971164191952,0.631782421634911,1.36779298245614,6.00246198830409,0.239852947719689,0.61352923627685,9.039214285714289,1.72292283950617,6.84051497005988,19.38898079495627,11.416050699759648,4.319375893606315,1.2872775102446803,10.627004828447424,546.0289772599936,81.32420480251312,237.705884501338,563.2159532979131,1238.2538523525,14.236290007829666
840,0.2900170648464165,4.209007142857145,4.440245689655176,6.404850000000001,1.6349734375,9.01301666666665,0.368486909323116,1.3983401937045998,1.6269126344086,7.17158333333335,0.6712588235294099,2.104218253968255,7.1408148148148,2.155314393939395,7.949493243243249,19.646413777069277,21.82664573182462,5.386002063644701,3.906800837288646,16.915972493253896,506.05095457285637,72.1723772585392,226.50605533272028,494.7746288962662,754.9184141680598,15.259848441928625
841,0.276334756820878,3.5020840579710204,3.1931559322033998,3.93652156862746,1.596034042553192,6.967768749999999,1.5069571428571442,6.24646486486486,0.9721672268907561,2.95161818181818,0.9238923694779121,2.87707692307692,5.9222820512820595,1.4514082191780822,3.39737391304348,14.58771142036874,7.738150846699443,2.557909128928336,6.446650063668931,43.42422219538524,337.206763215363,122.57914990186691,169.11823768168688,338.8299373909831,681.490134447813,28.308937326073647
842,0.1386008934072705,3.334349056603775,4.56840707964602,6.8628563218391,1.339915525114155,7.0296768292683,0.403395612708018,1.2662049382716052,1.34739494680851,6.0361176470588,0.42775808997632203,1.28215837696335,5.6919696969697,1.81451633986928,6.8909702380952504,21.561997528499404,80.26431593720267,3.5391033852782288,3.47616523361862,77.60189938992954,567.077484447509,73.57863942161202,236.41891311854124,484.40585378557444,936.9009057991207,14.735746663063765
843,0.316380233990148,3.33423529411765,2.82228078817734,4.22760805860806,2.46558295964126,10.6254479166667,0.993820364238411,4.048891228070181,1.9399004975124399,7.79685906040268,0.709415465268676,1.92716322701689,6.7885523255814,2.44499764150943,8.794176,27.103526181125357,150.90784665214852,7.579483021480163,5.5421276125467,27.11542830684775,709.050428122282,76.82931609451771,250.2827905118465,655.5206375196576,738.4421536698937,17.517502419650555
844,0.130167882243734,3.27666666666667,3.0303394255874703,4.43095515695067,1.80013109243697,10.3417565217391,0.540668590668591,2.85011256544503,0.9592661290322579,4.10012544802867,0.653649775497113,2.03684615384615,6.86880487804878,1.42596004993758,4.72563809523809,18.568889760587457,11.749286767666366,4.454665341823411,5.778379692280672,13.294663452139178,466.09670389443636,85.01408156007528,175.33511854708195,549.5449295267463,616.5796890854836,14.956691302359104
845,0.2204259601181685,3.728205696202525,5.20106603773585,6.992114864864875,1.5917355491329477,8.798666666666675,0.614172746781115,2.8950424999999997,1.689147435897435,6.595396341463425,1.06399628252788,3.221452380952375,6.897108974358975,2.1594852941176472,7.016591463414625,19.494380424406977,50.09167767826984,4.704742425103576,5.740353016199994,62.722584944936195,525.488139828667,100.740569178015,249.21044823713603,577.4929304607213,731.6956238355488,15.230273129418492
846,0.49627413876759,4.8349794238683,5.87,6.754462585033999,1.8791355661881965,8.901283333333334,0.8015647509578533,2.813290229885057,1.2481416122004367,5.811737179487166,0.5841153846153834,1.8772035087719299,6.3472606060606,1.6739200680272102,6.3603216374269,21.640932192733214,57.09098549449846,4.425521814510373,4.697308653013783,15.739235885602175,488.0597892527779,86.90687827765942,240.58265456308922,454.7036485746503,844.4048852349321,18.026703037321568
847,1.0048058252427199,6.86355882352941,3.0797414248021098,3.42073442622951,1.72518781725888,9.71791071428571,0.6785253272623789,3.2790929487179503,1.8182396946564898,8.214100775193799,0.6240482204362799,2.0416250000000002,5.163861607142859,2.17409589041096,9.47540366972477,23.93823341371043,146.8751800535836,3.7383718377662776,3.8922076312653617,22.63381804232668,608.0346880480647,82.22500327974558,286.532542668283,553.776859305799,807.0885902270675,17.12050288915634
848,0.510331236897275,5.4441500000000005,3.935520491803275,5.521179347826076,1.2296859504132225,5.094005208333325,0.59499083011583,1.91937962962963,1.3322106598984775,4.981925925925925,0.8524250764526,2.3239593495934954,6.628090909090901,1.7228129032258075,5.36853125,47.911593514156024,12.379151442934416,5.889644050546904,5.71169212547451,81.58250844442334,434.52237150631845,86.53647964820266,199.50300338678062,437.6114229671657,696.9611742533743,16.730104107409716
849,0.684729968454258,4.92773617021276,0.7477046052631581,0.922256126482214,1.4506820895522379,6.876,0.773819397993312,3.42543,1.722623880597014,7.29812142857142,0.996950738916256,3.4300032786885195,6.58897647058824,2.04603921568628,7.822682758620681,40.6374041070123,41.398673374471194,4.154192114760004,8.250860126662571,49.054100014931805,610.3845546022058,128.9961440488696,303.99151146411896,688.2239785045385,1036.463608033955,17.52475742250681
850,0.7433067484662567,5.639119791666666,3.386949852507367,4.175726315789467,1.5138923076923068,7.109088050314466,1.2115125,5.261185185185201,1.3382490272373533,5.0203849765258335,1.0162849162011167,3.2231509971509964,7.719020408163267,1.8283653846153831,5.118039548022599,76.2062224796984,11.161197180137519,3.42769021055553,8.039550665852742,59.93125700579167,506.72627209375304,128.60273321469626,183.89945228894553,438.0121051023404,611.36979299287,27.20050203303496
851,2.07773236889693,15.549788732394399,3.1653506849315103,4.72855102040816,2.01935271317829,8.4413203125,1.9247102649006598,8.36461029411765,1.09397669902913,2.7100795180722903,1.01878099547511,2.7624170984456,14.241618421052602,1.4702427184465998,3.14581137724551,149.25181895009422,8.493166517741113,3.67796602191257,8.377881820660106,10.035360426235496,410.5753265321255,138.72731942683458,152.63501554727554,261.57007087022066,392.2389820218086,34.09958444535732
852,0.436316271963331,4.99783482142857,5.98312716763006,9.26670909090909,1.9974492254733203,12.0451395348837,0.768882051282051,3.9284307692307703,1.7417642725598501,7.66962913907285,0.652077407174323,1.9715549132947998,7.37890909090909,2.3864009779951103,8.47331297709924,21.120153511285377,41.54776195703707,5.699338487528492,5.525353998915529,138.387129426378,644.9974607676268,74.43795911967754,269.8826137930155,728.8498105481267,1065.9956373274326,16.22508279979229
853,0.64134728773585,5.9495989010989,6.10429166666665,7.780253731343301,1.88535463258786,10.651593023255801,1.4098832020997398,7.480289855072449,1.69172039473684,6.5320975609756,1.125867032967035,3.23587222222222,7.5197391304348,2.222570075757575,7.29611971830985,26.955419198648826,82.08732440720983,6.616675898630155,7.40633659127464,34.282221912290574,595.2311563305557,129.4578076340258,232.5196168385446,531.836855225265,669.6320837363601,26.0594068095088
854,1.247386021505375,7.761722972972951,5.6296049382716,8.242047945205499,1.77736801242236,8.8644924242424,1.43419801980198,6.8163866666666495,1.53347551546392,5.81294444444445,1.22543701799486,4.1395173611111105,5.4719245283019,2.0547188612099654,6.9641818181818,17.95907850868709,14.366399386962133,5.221327138136148,8.48792995796812,12.083468120525227,460.7473616488278,116.8707967735827,198.20346496999264,427.0519013516605,699.7725111432374,25.770452339202166
855,0.206031706379708,4.04628846153846,4.471195488721805,7.2985857142857,1.5449576547231252,7.98806923076925,1.184854166666665,5.37,1.0525173116089601,4.468199218750001,0.848552892561985,2.865171794871795,6.41444705882355,1.4906260387811652,4.7794876033057845,12.082526720907138,8.621670157873218,4.702393883182101,6.364272464830289,82.27228381693168,318.7187947332859,101.06934932991862,148.98537192493677,348.5465422272682,508.662115316838,21.22274599969387
856,0.39771875,4.894334821428575,5.371005208333325,8.51564285714285,1.7528377976190475,9.966413793103449,0.6440350877192975,3.1048294117647,1.5754316860465125,6.665965116279075,0.9043886363636375,2.627397727272725,8.579341666666675,2.12345038167939,6.72777325581395,26.99550219694125,118.67985938776879,5.303530926696,4.9825034462121645,46.872830188993,600.4560797009617,75.78179938718677,255.591404857114,604.2796361725777,873.8496922887862,16.34265063330531
857,0.6232730560578658,4.792044897959186,5.051705069124429,6.479881987577643,2.1329693877550997,9.350025210084029,1.338823979591837,5.844546798029557,1.5969299450549426,4.997632034632028,0.9532302092811643,2.678694915254243,7.074535714285714,2.4816103896103856,5.121783410138243,15.589170061533377,10.713221562756539,5.888873048401095,5.355310667599883,33.199769148713095,430.7328390755824,89.77696831737246,170.29139146740948,396.69491151081667,636.946819057422,22.789486683905125
858,0.752240498034075,7.590928571428551,3.120403125,4.0065,1.704529702970295,9.0155087719298,1.245714730290455,6.45895384615385,1.13888691796009,4.181402173913045,0.893122673434855,2.4412563025210097,7.860625000000001,1.65590062111801,4.923661016949155,15.780989855522849,7.877267935946364,4.400253720533232,5.6445908084169965,76.60540420169366,448.24782526120543,86.54154371470213,168.64328645169735,467.91351633146405,718.9234718680382,21.104258485138416
859,0.56705456570156,4.561133928571425,3.063184210526325,4.210168032786875,1.19093779342723,5.731735294117651,0.69815890410959,2.62187723214285,1.4619958333333325,6.0823392857142755,0.9983077586206901,3.35070454545455,6.554459302325576,1.8164012738853499,6.653255681818175,25.617291632904806,46.76768829390031,6.207419023492199,6.748903816392544,111.96009985201512,386.26479799859226,106.65951995179057,227.531447308138,455.48404450528324,747.2115335986018,18.152903066948056
860,0.24397545219638248,3.1237034883721,3.3183429487179503,4.145910156249999,1.7833094512195125,7.809682432432425,1.0216528925619826,3.388171052631575,1.65823259493671,5.8825,0.9373104838709675,2.25685975609756,5.612291666666675,2.064677536231885,5.7315931372549,17.166074417830966,13.876137752590923,3.9879993478943048,4.437044382374444,54.07011199043023,440.9929853864014,79.62944800965488,195.06525131873786,427.93320026248693,628.3536728005856,19.016099395230412
861,0.45375155279503,5.6126871794871676,4.377264840182633,7.570125786163533,2.2633841059602635,10.592990740740733,1.4311074481074468,6.4503962264151005,1.7036746031746033,6.053177083333332,1.2009915074309967,3.2919242424242436,7.031908333333334,2.1041189083820666,6.954697530864199,71.59488144819545,59.40889415876171,6.193875719468919,7.631665418471658,59.93310734560953,517.1651020646095,145.85697402556738,256.54572527855635,586.4483614762624,1111.3775971656044,21.937931887805462
862,0.505348860257681,4.99754430379747,3.4023366336633702,5.42544736842105,1.0865611814346,5.79141397849462,0.416416550764951,1.45139095744681,1.68756258790436,7.7837499999999995,0.714212357528494,2.0627216494845397,9.70694957983193,2.29677579365079,8.47561481481481,25.64037145784013,146.18401900490863,6.854021625468328,3.8340610968754563,12.074821161207185,657.6827960088849,78.26101500540972,278.4718060865998,703.1137822195888,980.93890119344,15.88631421327591
863,0.32804010989011,4.64286220472441,4.845743119266055,5.76488613861385,1.60585223880597,8.9474912280702,0.734925714285715,3.72001388888889,1.77444674556213,7.0785238095238,0.73739514978602,2.077046,7.821135714285699,2.3585807860262,8.0146791044776,21.263264852645424,83.13777708702071,6.8089535860226595,3.916646545958496,15.670448670488645,595.2273611910641,86.8695555254817,252.48861638829115,593.8692600466311,809.8815684206784,17.013342585414648
864,0.8419550724637667,7.256333333333334,3.1805016501650165,3.5772145593869666,1.4128095238095233,7.304248226950366,0.8053257103257101,3.7033775510204,1.6985896147403698,6.586126666666666,1.0399982126899,3.6528993710691666,9.250096491228065,2.0522952380952364,7.192108974358966,39.12576416998808,56.932199352052606,5.358349666623005,7.673109571984468,23.826836890225476,566.3087358698249,103.75736746937037,276.3812430202961,582.1249991034468,987.7443158378204,21.557665119568508
865,0.44817667844522996,5.290805194805201,4.0738582375479,4.995904761904767,1.5031897233201568,7.501659420289866,0.5023832599118934,1.9753860544217703,1.7149412628487533,7.407018867924532,0.6823132875143201,1.9320316666666668,7.461905797101466,2.0910713012477733,7.351751773049634,29.739965632425637,68.32355942152294,4.8655651472385335,4.280945990285262,65.41789168716794,580.4310164724787,80.63081186264753,234.25298277288675,531.5070040524006,695.4725443695983,15.227869153022766
866,0.25287896825396833,3.523976608187133,3.61504365079365,4.689087962962962,1.960907986111111,7.720925925925944,0.7692791164658611,2.4176888888888888,2.277986111111111,6.521375,0.9399708561020055,2.3663931623931607,5.871288888888889,2.9566868686868664,6.531255555555556,23.138377088496473,32.659009379140315,4.242581251566933,5.40832328941231,60.10889363087644,515.8156001319488,88.05079075197379,216.64877810205022,499.1395062663489,907.2841778914961,16.548955399129127
867,0.215235050325637,3.37203514376997,5.48236018957346,6.254450867052021,1.01196942800789,5.8370152284264,0.35701421068890904,1.40696692111959,0.768153256704981,3.6743478260869598,0.582842255125285,2.17534530938124,6.64793902439024,1.19951703406814,4.0890714285714305,16.339894418885365,8.561892709384809,5.759001715518539,5.546713066475513,9.24810721027354,298.23652002960443,101.49423032999039,164.90018460899591,391.45853370428085,622.4298849701881,15.10328147560358
868,0.84575633187773,4.5484375,3.6792030769230797,4.54917916666666,1.6341164179104481,7.28760666666666,1.14072156862745,4.39214285714286,1.3802256097560979,4.570804,0.9705137777777779,2.66471428571428,8.3213,1.893255,5.22286153846154,41.06140232481941,10.780287158254168,6.250853981697601,5.694886641180013,42.454648952937234,410.8647769317031,91.4813531562686,160.996881313622,366.9536579400301,596.524253487587,24.884380400180817
869,0.514582437275985,4.838665094339626,4.507420168067226,7.1238387096774005,1.238326923076925,5.63550520833335,0.85212350299401,3.2147787878787897,1.0637064777327951,3.466403846153845,0.9624031456953651,2.747552995391705,7.7305373134328494,1.5401,4.041798611111109,13.407970558195691,7.9126321190916595,6.296966222676756,5.7143267718581034,10.616848165181393,361.1711086705327,86.07713971287012,124.69789944589138,338.75697990879416,590.7420418225229,23.400841746479273
870,0.922711234177215,8.26139285714286,6.1262045454545495,8.36874590163934,1.59615185783522,7.56865957446808,0.781594907407407,3.41074498567335,1.96651118760757,8.62304724409449,1.2813506329113902,4.8610875,10.28586,2.51601914893617,9.45108490566038,29.045835474139697,24.772837682781756,5.859290898061208,7.034998810767024,25.682766160847674,616.1940051242709,149.990594945848,251.73390749841926,757.3985494673252,725.2736249938607,19.30959988385439
871,0.11348307794069,3.2872324929972003,4.2947751479289895,4.1598373983739805,0.936677235772358,5.409343589743591,0.13897495901028498,0.65103787450537,0.9611047778709141,4.63692369477912,0.128074288781535,0.6382573026724669,5.45645405405405,1.25873995535714,5.66330582524272,11.620667143707605,14.084914585266247,4.9988759365497835,1.2842203122739986,13.2092908899829,387.8301242366433,59.783109463751316,173.2919830828905,474.16011802852154,850.7944876328111,12.801587581634521
872,0.12748498386696433,3.31347899159664,5.061705314009667,8.527637037037033,1.6203496598639466,8.7953076923077,0.53689915548932,2.5119172576832134,1.5308426323319033,5.940005208333333,0.64726400443705,2.0293571428571435,6.0640287356322,2.0530854166666668,6.754396551724134,62.03061648618936,57.400797485204556,4.801013938382077,4.697662759391643,55.20539541755602,590.5255675315857,81.69335778802632,275.63676703721285,565.8950423821807,798.0820800488194,13.780399846533934
873,0.6167961630695434,6.6950817610063,2.9280512820512836,4.034992156862733,1.2334641638225268,7.0074705882353,0.34392606060605996,1.43214487179487,1.2872016607354702,6.081343915343901,0.58026787678768,1.9212261306532665,8.712182539682534,1.7588604269293933,6.409212121212135,19.236257974562616,12.626616182415054,4.967476062182979,4.250558781540538,56.45770185637523,548.6559976513187,85.46204771846533,242.58731864392757,529.0567564467589,946.8524483963847,13.268436305224895
874,1.1790286697247714,6.5011847826087,2.3018915094339625,3.0258863636363627,1.9920859374999997,8.403058333333338,1.3549719387755124,5.169075892857138,1.67533614864865,5.211680555555549,1.0447374100719424,2.7284948979591874,7.462411764705887,2.5571981132075496,5.541865384615387,34.29688647279655,12.059148681771195,5.929697662571138,6.366010201352387,16.331339067402173,438.1324106361717,105.29413993936032,169.6705527137965,443.61373293213546,722.9741720948368,21.417834796011448
875,0.626779846659365,6.15225,2.9638715083798903,3.479339869281045,1.4819293948126802,5.3915283018868,1.49100125,5.35199537037035,1.25415064102564,3.04324603174603,1.33103237410072,3.077071856287425,8.088291044776101,1.788018092105265,3.736374193548385,16.91166531616033,6.297549271055537,7.182218883437731,6.249167686962559,7.112052838040932,362.8308535553515,94.27201002836227,104.93398876860738,298.71476581320167,762.5460857525468,27.671956922858953
876,1.1453077803203648,7.67894366197185,5.82076020408165,7.8295396825397,1.5408839285714302,6.85141666666665,1.181845544554455,5.14683628318585,1.35906447368421,4.486434782608695,1.138160433070865,3.504865853658535,5.5349380952381,1.89600551470588,5.18850505050505,13.382955202820892,14.429712844912544,5.5530758355574985,7.749902066315638,75.90184888536444,443.0875298567116,118.76493226736784,195.26579417288303,388.0306030623615,565.1842802762985,24.85639415681362
877,0.1826632142240637,3.7915358255451665,3.21841388888889,4.7961052631579,1.1184644808743167,6.334730994152033,0.31899792592592596,1.1816990196078434,1.21234,5.709411458333334,0.5512905982905967,1.8079638364779866,6.381360655737699,1.6894084967320264,6.136245283018867,,,,4.700598273226942,,432.4900995319088,88.52460111180942,230.4889882604281,534.5133443673452,729.1053499405583,15.502702444791794
878,0.178840104166667,4.38409293680297,3.20049695121951,4.03754416961131,1.90833616298812,9.69829906542056,0.606735398679533,2.7215543175487498,1.56152431610942,6.7457320261437905,0.75305824039653,2.08683680555556,5.99498295454545,2.2023385650224196,7.64138518518519,25.081665357932845,15.636688675138629,4.2885212837633855,5.533073454498443,132.847023435699,512.5038092955947,100.20779445767403,258.8055096566677,558.9387146756053,998.3032708987595,16.530300490558147
879,0.2837374565325382,3.0335038961039,3.3428916083916094,4.186676363636363,1.9353236363636364,9.368618181818182,1.470653907496009,6.7803515151515175,1.539208806818182,5.307504545454545,0.9734573863636363,2.6137601010101,5.687454545454546,2.234816247582209,5.3753743315508,56.65875655771762,31.342396439753166,2.647499537947674,5.563570783820994,42.341190101523814,469.2152142524719,88.06027260354973,181.24902112917468,427.74823324924165,866.299082355743,21.85758203268051
880,0.297705327413985,4.4593577586207,6.25357558139535,8.077742424242425,1.6405201863354026,8.595960937500001,1.0122326642335775,4.8385541666666745,1.463049504950495,5.6450192307692255,1.105850409836065,3.6298277027027,7.470035714285725,2.0408916666666674,6.3161375,57.063288984686146,14.854809257994422,4.394342581960357,7.416534540089778,20.82517327316687,515.9504304174334,137.0438956655562,212.9782980773598,513.8965789228678,823.5381916165352,23.339351173490286
881,1.03552274754683,6.51284713375796,2.83285416666667,3.2120900621118,1.20497103128621,3.44591394658754,1.2252478723404299,3.44927844311377,1.14557506053269,2.62791454965358,1.0807060546875,2.64312045454545,5.03194642857143,1.60217780938834,3.49276237623762,8.805387320065934,5.282722616412954,2.9157189574103817,5.463144181514145,9.972248171634641,293.65462251007557,104.82138022780418,112.62809857726097,239.07485883682966,443.3810478076339,28.354115784168243
882,0.807250925240563,8.24970769230769,3.39639072847682,4.20769117647059,1.14540276406713,5.73616256157635,0.485806580702534,1.9117835051546401,1.75130401234568,7.2280927152317895,0.654182428309945,1.94360498220641,10.2672403846154,2.39873265306122,8.32247482014389,22.472361377018334,147.18602040648562,4.98950020770485,3.853373940359977,16.1018800168078,568.5938056558371,83.30759592354298,235.8005614951253,564.6513309329748,744.8725868016481,14.968495815992355
883,0.6753069852941175,4.677056034482762,4.157742647058825,5.980721590909087,1.3608165760869624,6.217222826086962,0.9370317028985513,3.0028808139534875,1.564502976190475,5.180616071428576,0.8481702302631574,2.1817242063492124,6.965321428571425,2.268860416666662,5.125668269230775,22.510484646921782,12.46392886666543,4.471596022768315,4.884854206056495,31.47548585114274,446.69658527709544,90.46592458616942,177.23421042319387,451.1681734584272,744.9780852766708,20.906300051137805
884,0.79898200312989,6.60440853658537,6.62701156069364,10.3488584070796,1.91283619047619,9.23294017094017,1.2848412256267399,5.15151339285714,1.4900935064935101,6.17528651685393,0.9754097807757169,2.6466309794988603,5.09651869158879,2.0443824701195203,7.06382692307692,22.732447139932926,12.938886971464388,2.951092023845812,5.529879606306003,133.74426008645364,615.4674803838134,129.68583032488823,275.28784703463316,469.210185110569,635.5661898851395,16.805389896035194
885,0.808381964809385,5.013336283185851,3.069940476190475,4.1219857142857155,1.197622641509435,3.751392156862745,1.2312112171837701,3.7670624999999998,0.9620653650254651,2.69771,0.9838045871559651,2.6910374999999997,6.0860108695652,1.41636286407767,3.446946666666665,11.86284640281376,6.39306125331409,5.141967799666118,6.30686941148909,10.664352165140993,281.57534543424845,106.585503090173,118.8378082588315,261.46151358261704,534.012308344245,26.54404379427433
886,0.45697887323943664,4.511751851851855,2.674541371158389,3.625577777777777,1.5517372372372333,7.5085694444444435,0.8550105433901056,3.269079772079767,1.6618715728715778,6.3676666666666675,1.0459067085953877,3.276138211382111,7.128135802469133,2.586211886304911,6.5243918128655,38.06053647903728,46.22034625138627,4.58098046871884,7.086415754967196,38.914838766496395,539.7766518096129,121.60518931017981,250.03518288334212,503.457078917159,835.4885684740212,20.70095441821549
887,0.109650943396226,4.26785338345865,3.0694267352185096,4.55803088803089,0.9711186752529901,5.46176442307692,0.345938590604027,1.30793820224719,0.9997121729237769,3.9780568181818197,0.655959952181709,2.0183287401574797,6.17892934782609,1.5190100882723798,4.77254424778761,14.603890079291437,9.804762475747307,3.573681804514191,3.8561483177193097,7.877531933704079,344.250095076859,82.79893081635237,168.79169270396233,412.41690050810575,529.7678988426924,12.236787006258965
888,0.584174212598425,5.800255102040825,4.560864583333325,6.190441860465125,1.7339156804733726,7.404128378378375,1.2140765765765775,4.3642786885246005,1.4154,4.713466666666675,0.969687719298245,2.5039696261682254,7.80280555555555,1.706419811320755,5.1179406779661,51.44161559564957,14.732699582306239,5.338586283244387,6.096108411191467,80.25239500934694,426.47867812775075,88.27197016216815,177.2535382770002,413.15871640108526,732.1738405153155,24.422648129984736
889,0.1373520187244,3.26269400630915,6.40544378698225,7.9726291390728505,1.57875598802395,7.85977443609022,1.58754966887417,7.656523178807951,1.0303954104148298,3.48634954407295,0.9887806935332711,3.39553015873016,6.7759356725146205,1.46514415584416,4.03433962264151,11.882213685055735,7.051660080083525,5.773339261824968,6.983550956009716,8.433170435657201,360.18313840031624,129.25732880830765,139.38338961452246,310.29218807816505,769.6224609389901,28.09809520840645
890,0.7128144712430429,4.965368663594471,1.0143741496598644,1.3746568758344455,1.9458170731707287,7.521518796992486,1.3747310924369742,4.9769310344827575,1.5317782738095287,5.434842364532014,0.9774696428571428,2.856543417366943,7.205285714285714,2.5894262295081996,5.837210884353744,32.065379826269464,29.024052689398015,4.516680184178169,5.502381870698143,73.35550227597888,408.0834266330515,87.21282439572471,171.39721395713943,415.76964847211326,738.7349648135049,20.143941843083926
891,0.621661432160805,6.190851063829775,6.273893617021275,7.946658333333325,2.1330484496124025,9.848312499999999,1.3947175675675674,5.367980392156875,1.60218682795699,6.6328141025641,0.9295153721682851,2.769706730769225,7.558493421052625,2.0587356115107927,6.527,22.126279895307817,10.875195350775458,7.042918600783434,5.33098401191145,43.76546775918568,477.8696864377707,103.69340307079256,195.71129814721644,438.5761159937829,767.3909422010183,25.227147853001952
892,0.6414243749999999,5.06048444444444,6.172868571428579,8.642335999999998,1.351826086956522,6.128448648648639,1.032915151515152,4.016888372093019,1.29688679245283,4.67708260869566,0.914654298642534,2.69250361445784,8.046071999999999,1.8208692913385822,5.02186976744186,17.51524348536868,37.800137196489686,6.050581946972401,5.782107046449959,13.743746734459217,456.2257882207632,100.00970214605331,175.45769922435284,392.6618304103613,671.13580647856,23.779659532010555
893,0.14034289422453,3.3427083333333303,3.31514893617021,3.73421863799283,1.43253825136612,7.13267065868264,0.30927519613759796,1.25125177304965,1.48369221260816,5.75938942307692,0.611398274987316,1.87242114695341,5.47203125,1.8685197934595499,6.8924814814814805,16.166779991802127,14.046776292081272,3.5124410331346696,3.8268648412680335,13.052182355784323,627.0384415984154,78.06147914379835,255.3785685449839,516.500836238265,1528.4823020920157,13.828510418534279
894,1.0862787652011199,8.63431617647059,3.1999297752809,5.232537688442211,1.9175033333333298,7.35120512820513,1.9223058823529402,7.1116,1.05052957486137,2.71167632850242,1.08620820189274,2.7099779614325104,5.133053921568631,1.53280121396055,3.36908940397351,7.285749522608864,7.000357658528256,8.430047638312237,7.006798832661475,8.470919021521233,340.3211943805218,111.20201088488102,127.14434415102006,255.53719606250522,417.12853126227856,25.31020436435938
895,0.40886704185719297,7.22107784431138,3.43035540069686,4.2269250000000005,1.48638591916558,8.68902255639098,0.34917213603818603,1.36864452214452,1.1263333333333299,5.17864646464646,0.652340666247643,2.08992339544513,8.02311023622047,1.5853288490283999,5.39047706422018,17.87207014771533,23.110323604736994,6.518774585993323,3.8251179879495485,10.738127661011232,387.76525761932135,78.40811740607023,203.1939337030053,510.59399265795946,1089.3783997744322,14.588283374905586
896,0.125928303655108,3.35645027624309,6.27753703703704,8.45682352941176,1.3102247446083999,7.879095238095241,0.177881011479988,0.604113173652695,1.40714693295292,5.983240259740261,0.166513900178833,0.588042849767682,6.04223428571429,1.96315772357724,6.90382068965517,25.428811127043016,146.32074963332533,6.475518564898302,1.2844529574685382,26.540753573622805,545.2122306451201,73.00274446606636,241.77476298063993,539.6768683567643,836.8643466383219,16.075395978987217
897,1.4891727272727286,7.673941558441557,5.458423280423285,7.566178571428571,1.4675863354037286,6.461898809523815,0.99340037593985,4.0695884353741425,1.5370349544072999,5.049303571428572,0.9444381533101043,2.460719047619043,7.0244099378881995,2.4168766233766283,5.217724867724871,17.681933916467667,42.645434262442976,3.866209262740323,5.14528066466476,35.548804821204136,489.88625473741973,90.91870659696204,185.5293887534312,449.9755001493863,1025.2000564443213,18.21728822376047
898,0.687106557377049,7.000849673202611,6.11071022727273,9.088897637795279,1.42284754521964,7.05841732283465,0.45971743408107,1.89218971631206,1.53692727272727,6.28826111111111,0.744678294573644,1.88153921568627,10.5476568627451,2.0997398373983702,7.55568382352941,32.74723362593963,147.36075684358528,8.45262919180383,3.8542627185649643,24.063045736591267,617.3091474920511,88.40940427035093,241.10986851155758,535.4927387088537,704.7374499961734,17.09780190140009
899,0.468843334860284,5.03748076923077,6.13094300518135,7.967059999999999,1.06687513691128,5.80706077348066,0.165983891962252,0.6121093668236529,1.1087257900101901,5.84201530612245,0.15324795170332,0.598346331452027,9.658449152542369,1.62735402906209,6.898895104895099,43.245303611048996,146.957686318329,2.929342354622606,1.2935397324879683,10.516957467154889,497.1902351826429,73.79166781902313,327.32945401221514,786.1644262447953,1089.0956036746502,17.640902660787106
900,0.240468119266055,4.058617424242425,2.990885294117645,3.9073288590604047,1.137036144578315,6.348624999999999,0.403527646129542,1.64973538961039,1.07847245762712,4.607486842105265,0.429912914188615,1.369258465011285,5.657841584158399,1.4003769035533,5.152207547169801,14.724241765518666,10.661984232942725,5.961308992236962,3.4902017183392684,72.38569156221618,297.1519832499325,74.28413955494761,161.48214926943183,378.4245462156832,573.7382685765624,11.82724954560399
901,0.8042884310618069,8.179736842105259,3.05040294117647,3.7382759856630803,1.52590990990991,8.520093525179862,0.42911893715731797,1.86127372262774,1.2007345225603399,5.22448017621145,0.6372460549386321,1.94251360544218,5.705969696969699,1.67912416107383,6.444906250000001,16.632776371965466,146.77125347992083,3.5709942827915566,3.86215439119828,17.189151282184774,584.5118779689074,76.38216484338045,205.2319934591651,481.9561494514346,645.9977012127638,14.123599976301193
902,0.33623708381171097,5.06965048543689,2.9627645502645503,3.28287171052632,1.29825241545894,4.16037588652482,1.23314561027837,4.11268345323741,1.05580549898167,2.8087376237623802,1.0702035573122501,2.77555352480418,6.11031034482759,1.56676330532213,3.41995,7.354824844607689,5.199009580776149,5.06756172991448,5.521001051354495,8.487958999947804,308.8843310251832,105.16657494008541,113.7484097853303,247.7362286299467,371.7387095093727,24.104700423777103
903,0.467264184397163,5.0650391304347995,3.46281,4.131341584158415,1.261638274336285,5.6038142857143,1.28182331730769,5.51770408163265,1.265640217391305,4.59072480620155,1.278426829268295,4.545508771929825,5.7125806451612995,1.728110271903325,5.207696969696951,87.89446311714832,8.646798715912773,3.30656195046899,8.414780732581992,35.94286016065937,413.4217509999871,156.2755787745118,168.62120246514678,353.6187927238643,526.2315040454268,31.38615284115076
904,0.18058890590437301,3.3165421686746996,3.08407058823529,4.63134677419355,1.23659161147903,6.76638461538462,0.396495884096148,1.3536426035503,1.18958480176211,5.460803191489361,0.676281471917366,2.09939960238569,6.53991044776119,1.53521362229102,5.9729509202454,17.6470928861495,11.325335432783598,3.5331598709255085,5.489521481876092,132.39508037334915,355.16535863280296,114.1583314165473,213.95846270024776,408.49591605365276,587.3412126675248,14.28769901394844
905,0.426875312760634,4.916804545454545,3.0616636904761902,4.4758059701492545,1.879621107266435,7.855950819672151,1.8547749196141499,7.8333115942028995,1.09545238095238,3.042754838709675,0.991110068259385,3.046187134502925,7.715206666666649,1.5214519999999998,3.616388554216865,12.00625797770365,7.029155079378543,5.775657326856492,6.960675636749895,8.487896904209945,305.82438921555877,122.41533258929849,130.73559384793043,298.93125174567103,629.8847845755517,28.42615358531475
906,0.48784589041095905,6.62388414634146,3.2030000000000003,4.0029015748031505,1.66647639484979,8.839080000000001,0.213107235399641,0.664907250163292,1.70090909090909,7.824175182481749,0.207828926598264,0.646012266666667,9.71464166666667,2.17235596330275,9.449347107438019,29.94562376641523,146.66329823240625,4.469055034668293,1.2909460284371295,20.022464431273534,577.166979201138,112.91743721812963,278.5489894449711,674.7077917680144,946.9735203310847,17.122994177043438
907,1.06,5.511217171717167,5.032143518518517,6.831266666666667,1.5052595419847334,6.459198717948716,1.0216134380453752,3.611361111111117,1.40539294403893,5.2656302083333335,0.8856469072164951,2.5650023474178334,6.579382716049384,2.0551573033707835,5.357476190476183,43.03461068485863,35.40285088228847,6.60696767407272,4.99841292322525,80.06795933628344,468.8949285385509,90.4417868393163,217.75136313711604,530.9017763162652,684.7999873571098,19.05728131532669
908,1.000242685025815,8.5486267605634,3.1028722222222203,3.8416766666666646,1.423257425742575,7.4856388888889,0.5981609669811301,2.729740476190475,1.319510273972605,5.64723157894735,0.69033913565426,2.001112456747405,9.3183157894737,1.75201219512195,6.5941011904761995,16.327138759142784,13.550244493729593,4.839195891873149,4.893071244741833,74.32755867048945,403.21473497897387,87.98042545095086,205.20451944321394,477.52546379342675,665.4145428910851,15.672203153371811
909,1.22789837837838,8.45323021582734,2.83970555555556,3.5958771331058,1.7034464023494902,8.90364462809918,0.879333333333333,4.15668825910931,1.6198875379939202,6.62963870967742,0.720605504587156,1.9977014613778699,5.11779761904762,2.06717142857143,7.758832214765101,11.72911565238129,19.799260494272712,2.928420774466879,3.83492400620329,132.65515899129264,530.7399434968829,118.13375167548656,194.03924234211445,453.77942733466625,411.9869554415345,18.870504572987556
910,0.21012802455760196,3.8592999999999997,5.4076023391813,7.689620000000001,1.9714961685823766,11.0,0.8654857621440533,4.2924037037037,1.9042727272727265,7.856339869281033,1.1010738255033568,3.22896111111111,6.930604166666666,2.44894004796163,7.846187499999999,22.563883247099948,62.978723945534114,5.888532592095128,6.575072585246823,22.335841782624982,578.48512660712,104.28760045518477,270.2145992467801,588.4886253625154,698.1633758793274,16.28889391819636
911,0.17690634580012252,3.29127683615819,6.0925852272727505,7.726231343283601,1.710832236842105,9.921149122807,0.636027352297595,2.52677,1.95388113207547,8.282942622950799,0.926184627575275,2.443758139534885,6.0328511904762,2.375284403669725,8.46016101694915,21.97267356503983,83.37069422482149,4.231812111266488,5.6022719262795295,19.926650460320158,598.7344891764224,100.91139702126384,273.6203605309129,618.7940714880824,748.5771086066961,17.35099358484149
912,1.1220488505747135,7.290358024691366,3.309878260869567,4.1719555555555665,1.5046482939632535,8.3580731707317,0.6566215722120666,3.3112019230769234,1.3967662517289066,6.2133696969697,0.8849285714285701,2.9106343283582103,6.9103768115942,1.8883787085514834,6.474382716049367,,,,6.106539527795262,,446.1342080806692,103.91348041594028,251.00805796682835,538.9084341004491,765.6888260195652,14.501033971707026
913,0.9583807251908399,6.666874999999999,3.05483679525223,3.38883112582781,2.0481491053677896,11.0580434782609,2.05815976331361,10.54156,1.66197138769671,6.53283636363636,1.44873487773488,5.34898445595855,5.106912371134021,2.21238247011952,7.827191176470591,30.053034542344953,9.917619019253822,2.939117569006534,9.761320627763611,21.176887062363498,685.093249194324,190.34878350794315,309.18323900550604,580.9576949104667,650.0613875687122,24.97390378266573
914,0.37173156028368803,5.0134054054054005,6.09870666666665,8.0837746478873,1.395940934065935,8.13150980392155,0.2633289131565265,0.643444444444445,1.37039030612245,6.268618279569901,0.25224987654320996,0.623892108508015,9.2288947368421,1.766827160493825,6.757571428571451,18.582170089230186,19.56577013217271,6.168800657753503,1.3167620354626384,75.77557045288613,556.2860169447958,47.41433076560497,220.5530065111816,500.1591402105987,802.0954323001206,13.273395597934723
915,0.5906143292682925,3.521496710526319,3.690803125,4.8642625,1.502055397727275,6.290692708333313,1.1154561567164187,4.2904117647058815,2.029302734375,4.857232142857144,1.1194125000000001,2.7815288461538437,6.1953249999999995,2.5704254807692313,4.647583333333331,17.335897334714353,19.288195136228406,5.208434807617137,5.149514853120383,31.30973293654333,420.6903322483413,92.09579293383285,164.59616890642792,349.40474870381877,653.782369045075,21.005369490012527
916,0.338107041364067,3.28801479289941,5.98004761904762,7.73038970588235,1.1106444201312902,5.96701675977654,0.340854796320631,1.35542998760843,1.70947399702823,7.31056081081081,0.555846026490066,1.99389312977099,8.15837209302326,2.13438273921201,8.871564885496179,14.64270260083633,24.80339071255492,6.743333826076469,5.524313468702679,10.48193361522571,704.4011959806085,108.90713892877102,262.69019581377506,627.4689687415957,445.58902736753225,17.136987298727036
917,0.201655112316034,3.24355654761905,4.640069230769225,6.224146341463425,1.4263013157894724,8.63548529411765,0.392508230452675,1.2299581280788174,1.3622828282828274,6.4808023255814,0.63270092378753,1.81652304964539,6.824291666666675,1.7627636054421776,6.415339285714276,15.783165350740324,49.92037087376097,4.315162374898395,3.8873891712451423,135.53309773313217,459.2033801600337,64.72987588495016,205.60385892167687,481.88994405791163,644.1837816964835,13.200700050219893
918,0.556773949976404,4.82851904761905,6.0944228571428605,8.84072413793104,0.986113695090439,5.43557868020305,0.363322983583155,1.3395577689243001,0.9508643507030601,4.00288846153846,0.629653049482163,2.01033201581028,8.28210483870968,1.32577600979192,4.62276494023904,17.765378462066742,9.964040063018672,4.335194793069108,3.864326487158304,132.80287542407626,411.52359917759895,84.66318249702454,169.58811320364475,402.99794636666775,646.7274157330394,12.8862913697958
919,0.4998840579710133,4.866863013698633,3.248610644257704,4.3416590909091,1.4385358024691366,6.1367231638418005,0.7577473219911766,2.7948749999999998,1.42058909090909,5.2135066666666665,0.8008637413394935,2.2476822612085767,8.641643939393933,2.0105,5.889893617021268,16.472453078462262,10.959624992843297,4.504990270079036,5.678271124431986,13.79750790681704,457.8572620327274,100.86876184990008,183.39217640459538,427.4985132118066,521.4348745842775,18.502003513276577
920,0.5567991631799163,5.282994791666662,4.77383,6.3941964285714255,1.6498808139534875,8.154828125,0.90691640625,3.9448585526315756,1.6659320987654376,5.532486111111112,0.9323552215189875,2.599966517857138,7.440816176470587,2.6836431818181876,5.526711956521737,32.33087864233368,47.40050218085703,5.462721269059762,5.630623038061829,71.68356069361637,496.2563572917134,85.51903592888266,189.08393394667655,454.1040427284315,656.3859496964142,17.37958809826523
921,0.2491217577706323,3.8487227722772333,5.346676470588233,7.0223660130719,1.6330056258790433,9.0504649122807,0.5648988391376467,2.450779835390947,1.4900967320261433,6.341296969696966,0.89744075021313,2.5021435523114364,7.3109202898550665,1.9632282828282834,6.5608397435897325,20.290075639327227,14.202003898335407,6.228740034386143,5.1506517138981565,69.71348516690823,568.3615415667495,83.71787456174692,253.39380372315645,535.3679725279411,749.0968331694603,14.552070448795954
922,1.20855450733753,8.52159349593496,3.2062225519287804,4.71215652173913,2.01129908256881,7.87974418604651,1.88971754385965,7.81596598639456,1.19785877466251,3.49283841463415,1.14038095238095,3.49762337662338,6.6350632183908,1.68580242634315,3.90958333333333,149.0090325934569,8.458754860300813,3.736038341837965,8.395135757325106,11.427003651477403,462.1655913069844,127.11507733911276,139.7404121235013,305.97453005611897,447.84650672227144,31.064404174685478
923,0.255451789264414,4.94672244897959,3.06428656716418,4.56028193832599,1.59092424242424,8.87003,0.430715467625899,1.9965281690140801,1.40688683886839,6.34898837209302,0.753076700434153,2.5268041958042,6.76148255813953,1.89587873754153,7.75429139072848,20.598580899515323,18.406447020613907,4.959543909525524,5.5200152057568745,25.123960561823253,443.64866334944963,84.9651638418436,244.25364099442956,513.258227147162,872.9785913601518,14.557293616235256
924,0.597850777202072,5.207273170731701,4.76208421052632,6.98120714285714,1.792157142857142,10.00585,0.6831761904761899,3.0555462686567205,1.9404363636363642,7.8158923076923,0.9349402390438242,2.566064,7.943232,2.74141411764706,7.4124799999999995,27.23607706324509,76.49304559741341,6.724065824508623,5.823193579239252,77.2314117165864,614.0843546018004,99.56031572073698,231.6040638834238,598.3180180191994,832.3782170191407,17.15966034680605
925,0.430518740629685,4.113897163120565,4.532984375,5.310203125,1.454952685421995,7.3343896103896,0.91072200772201,4.0433992248062,1.43414413265306,6.30246703296705,0.780175423728815,2.8182265625,8.254164285714301,1.8704807692307701,6.6548799999999995,13.594762206451257,22.023606807234195,6.633823280517127,5.656099950835441,30.8219789114701,514.6249197423458,117.3036522231996,210.0965939462185,539.3648520112038,747.6594182662666,25.33890074118972
926,0.7869485714285713,4.756517857142862,3.490872023809525,4.726800925925925,1.9255096153846125,9.1246171875,1.0558621323529414,4.776958333333337,2.5408950000000003,7.15019444444445,1.253206730769225,3.3634403409090874,6.441327380952387,3.4015160256410253,7.958638888888888,24.546458434968773,36.32872886868838,6.003481663052242,7.027794018731416,35.45321539644513,548.5936533659697,130.3271623328328,240.94370601233095,476.71074280515313,789.8579293396324,20.912400214001536
927,0.30425901162790703,3.28241525423729,2.85197520661157,4.24179668049793,1.52393650793651,5.56787564766839,1.6184837662337699,5.39413432835821,1.05481403508772,2.75880989583333,1.03178373015873,2.69190680100756,6.69741071428571,1.5639626666666702,3.3546179401993403,16.294159345805056,7.098888129813592,6.734876884374276,6.966054857967716,11.492397617395216,295.11868488043547,109.53699238598347,120.08592020720243,236.19185667485,500.49673300236464,28.58489751815796
928,0.113112347412769,3.3228713136729198,5.70166666666667,8.37159574468085,0.972353315168029,5.59445810055866,0.314479475982533,0.630084679665738,0.780457638888889,4.162618677042801,0.30407163249416,0.629953062392673,6.039891191709851,1.15742427281846,4.52363829787234,14.749194751296583,8.476655641012853,4.231239239830244,1.2795841133979404,9.174048619779809,516.5945738554001,72.02373817563057,210.81601735204458,450.0635201111436,1169.4323737174273,13.483013026416302
929,0.5745895522388066,5.3609583333333335,6.4361913580247005,7.883166666666667,1.8186978193146501,9.358492063492067,0.9755326086956516,4.2196746031746,1.4779034391534382,5.862558823529418,1.0071382783882783,2.9065497512437832,6.7640925925926005,2.4734652777777835,5.692827777777783,20.618486986989527,21.75060080615909,6.568700325892009,6.205396585911832,45.66791716590304,516.5040803452333,98.04715712865193,194.7307881588737,437.63853221510846,821.5883785548309,20.153184110919636
930,0.287976940382452,4.09288846153846,3.0571798941798902,4.09726223776224,1.22070304302204,7.13467605633803,0.36850621023932095,1.33934916864608,1.62907264296754,7.8105337837837805,0.602331943720688,2.0801477272727302,6.0876439790575905,2.03078084714549,8.58309448818898,18.037945301972115,148.91871536421772,2.825091311669206,5.529065176187697,134.5816409196198,600.9334232658148,76.83690637350082,208.29213317483664,687.9228632897139,961.8503274396062,15.246402472257614
931,0.541001909307876,4.91565306122448,4.69123529411764,6.1124909090909,2.02145636363636,10.11388571428572,0.910521632653062,3.7434000000000003,1.5639248322147659,6.11804736842106,0.88021370967742,2.3366551724138,8.696975,2.25327045454546,6.02663636363636,23.527055812504248,12.84136845625539,6.595446108481985,4.561860783223537,96.18198847431788,470.8012007176876,91.74451697617769,202.75086164474484,498.2294049113989,720.5460406839848,18.562059849500656
932,0.7136175869120654,4.754848888888889,0.7519993425378044,0.8764866666666665,2.0038070175438554,10.193344444444445,0.6099380692167578,2.705028490028489,2.0536120218579224,8.672437037037033,0.7327978494623656,2.2196762452107333,7.845833333333333,3.005184281842822,8.425341880341877,64.5649702606141,49.930919397488346,5.0971967758104935,5.128196496511158,71.78697614860289,618.9270333076516,99.58251741611295,282.97248710360793,651.1450124283632,958.7007005595499,16.80523467560609
933,0.502731663685152,5.04324675324675,3.0077399999999996,5.08027826086956,1.49341820768137,7.8050846153846205,0.39055728813559304,1.4160747051114,1.4649876880985,6.26310625,0.750390922401171,2.0504738805970097,9.83219444444444,1.9719649122807001,7.09635031847134,22.48727585202525,146.50139253257876,7.594213090692698,3.825712103939013,14.647103066853013,624.2861971259117,90.64774494618177,274.36106465756893,629.6425824984908,749.5170226320624,15.327194705605507
934,0.12726458468878799,3.2814142011834297,2.94819537275064,3.7234476534296,1.01559752868491,5.23564285714286,0.186424296633599,0.60545324881141,0.737141176470588,3.12748633879781,0.176980017079419,0.589623323013416,4.8109829787234,1.19370866935484,4.1242053231939195,16.215659738269892,144.76615712952812,5.031235550535569,1.279537070378873,131.6904471737453,314.47410583496094,57.83310625702143,178.7940040230751,408.6032509803772,836.9710063561797,13.246992602944374
935,0.493724153705398,4.82409090909091,2.83824504950495,3.58057585139319,1.56658522727273,7.774927152317881,0.456464678899083,1.4703226277372299,1.38545850914205,5.70517218543046,0.753633259094284,2.05974773139746,8.06658620689655,1.97940767824497,6.275395939086289,148.84961243137425,21.459873045264832,8.370673765736612,3.8324846098205323,132.22188100225068,559.4198126345873,80.20426612347364,236.9461813941598,569.312903098762,657.3342019692063,16.284501180052757
936,0.41260071942446047,4.0352276119403,4.391107692307695,6.50272784810125,1.48624281984334,7.5964589041096,0.463064207650273,2.179130522088355,1.372625,5.99192631578945,0.490658536585366,1.3835824468085098,7.0750347222222,1.80401582278481,6.60006024096385,18.604205420434603,80.36135072155027,3.9976277668415507,3.5190362544932814,16.732135693601496,491.04151548817754,61.64086516946554,217.65829296782613,522.667309269309,579.2316398583353,14.069851022213697
937,0.534010570824525,5.7617,4.8398695652174,7.173067073170725,1.618543296089385,8.639266666666675,0.8995786604361375,4.128710144927525,1.3339804878048775,5.424893518518525,0.7868671875,2.310462,8.684836206896549,1.8065348101265826,6.0245277777777755,14.881231998956943,12.687211357580466,5.138033714230959,4.65935967643896,15.857450003134764,438.8706001918763,84.48482840321958,199.98889765702188,468.518421985209,860.1662470027804,19.068847177550197
938,0.446588390501319,5.0521724137931,5.90134554973822,7.8773401360544195,1.4122090909090899,6.284201086956521,1.38001496598639,6.263195121951219,1.34398596491228,4.9074625,1.37185560859189,4.90998,8.01365151515152,1.86026379310345,5.49947643979058,153.797485125807,10.023249069120089,5.030393480737336,9.905385147046431,148.39309333743864,469.8340315371752,191.1753322929144,205.0427021458745,475.1842236146331,981.6976962611079,29.80551216751337
939,0.43436007604562804,5.25422857142858,4.18289019607844,5.310540909090901,1.3768715231788078,7.411500000000001,0.35978480620155,1.391461988304094,1.319513483146068,5.5550243902439,0.5449376558603499,1.6500516129032259,7.31100689655172,1.7113479674796739,5.9397837837837795,18.007517699255995,41.005814266646595,7.328110419484186,4.249098251029925,42.26389463819958,497.91830591857433,72.06020411103964,220.9459012374282,552.5089474394917,834.7236923873425,13.558701612055302
940,0.458198113207547,4.8961036036036,5.71603468208092,6.8680065359477105,1.98825607476636,9.52066666666667,1.47650625,6.70081502890173,1.84377996715928,7.28879259259259,1.42120827389444,5.0617971014492795,8.91928431372549,2.1984564220183502,7.61025490196078,22.940140021435194,23.720858555572573,7.491760991803312,11.266706538421582,33.202080243467314,669.5422809571028,192.81799905002117,284.2584624886513,581.3773022964597,855.6705666705966,18.951809033751488
941,0.6679031690140832,5.492990610328634,3.9207662835249,5.3609861111110995,2.129223602484473,10.814828571428569,1.14017940552017,5.830062893081767,1.8793054003724399,7.456395833333333,1.10198013245033,3.463024242424234,7.079591194968567,2.23571098265896,8.238506944444433,22.697733686615297,19.8982249470848,5.236487027301833,7.069851085025796,65.48567839150655,625.3167909259597,109.52059334764878,251.83899948994318,521.4379712318381,757.4484605963031,15.607064900298914
942,0.309523109804969,3.2548000000000004,3.03590285714286,4.98791707317073,1.88099635036496,9.81302727272727,0.49204061895551293,2.0851800391389403,1.2563067940552002,5.40687368421053,0.64507651559741,2.12731439393939,6.68199415204678,1.78272941176471,6.16545595854922,19.297709666942943,146.4866328609368,6.664804600033086,3.8173679405921264,14.729306828035355,639.1418864950538,86.34882979094982,231.64914455264807,696.3024148717523,848.1758181005716,16.474490985274315
943,0.418336964415396,4.83590707964602,3.02125857519789,3.3955396825396797,2.0286329365079396,11.3579239130435,0.501182890855457,2.63174358974359,1.52380118694362,6.73449152542373,0.6020869565217389,2.0143513986014,9.08367777777778,1.84627796052632,6.89819642857143,16.168479621406085,146.36981132577696,5.192305050015992,5.480865706009907,131.07364733065413,624.7216137126088,84.78951640427113,248.46817832440138,574.113498441875,762.0583055540919,13.219006359577179
944,0.159112155108128,3.2693375,3.2843025477707,4.51048728813559,1.0665467775467798,5.3919175257732,0.210995055624227,0.614484007242004,1.08147427502339,4.790434426229511,0.196758432708688,0.597765194805195,6.02056043956044,1.51384017595308,5.5858803827751204,22.38341402305684,8.374187197706629,4.9875465944577275,1.2903936229190525,17.16903604278856,390.6114026904106,59.65004675090313,217.63995755463839,536.8570098653436,780.8994734659791,13.79069872200489
945,1.03863897131553,8.5708045112782,3.4187442622950797,5.90200549450549,1.6308713286713301,7.0042599999999995,1.6064521497919602,6.865487951807229,0.9758593448940269,2.6063914988814303,0.99032,2.64568123393316,5.95085142857143,1.56000261437908,3.33335947712418,11.917600758294348,6.974461649988104,6.813626474491109,6.875350949865956,8.524705722243256,345.34428268671036,110.22139806300402,111.52655351907015,250.4172967746854,348.4346205368638,29.184389859437943
946,1.00631045406547,9.91110377358491,3.03328421052632,3.39519822485207,1.4214674999999999,7.656235294117649,0.7464010263929619,3.5280759075907597,1.54512965722802,6.78431847133758,0.665873993095512,1.98259930915371,11.0018301886792,2.18756628787879,7.74804651162791,17.737236258380676,144.94906878516264,7.660748442846981,5.544572190680404,15.77190136813068,562.5226069241762,79.5554369688034,258.29921942204237,526.646408252418,677.705742418766,14.902791008353233
947,0.265197874493927,3.30654444444444,2.83715476190476,3.47692749244713,2.5970460048426203,12.6514651162791,1.5669953917050699,7.566879999999999,1.82617322834646,6.89428571428571,0.9666875593542261,3.35915094339623,6.74002366863905,2.29662142857143,8.06685123966942,27.248404424452186,148.45210981396983,2.8175633705178518,7.0219954424154345,20.21134167691045,546.3401088491082,108.28792583197355,260.4649867862463,531.921605579555,945.9136053919792,16.289320774376392
948,1.15591812865497,6.76066216216216,3.19483898305085,3.9689999999999994,1.86659722222222,7.8379379844961194,1.8861993006993,7.83321768707483,1.12028092243187,2.6958688524590197,1.1172685990338198,2.6943512880562097,5.1091796116504895,1.61762794348509,3.26705431309904,16.515312818344917,8.439388465360391,6.808455766124531,8.344654221560383,15.846000582970081,394.3642135709524,133.59307777136564,140.16726054251194,273.69335293769836,310.9398763626814,31.46100789308548
949,0.279894194248508,4.170110714285715,4.772872093023255,8.36632786885245,2.3675364372469647,12.3593888888889,0.8734393939393951,4.47404651162791,1.7884665551839452,7.2000564516129,1.05769090909091,3.198372670807455,7.2774121621621495,2.324820408163265,7.886530769230751,26.569305443471762,92.09392168884244,5.540840971646023,6.306089192518087,78.33513918741396,610.9649664722383,109.6736523322761,255.065958481282,600.9855889715254,935.8575916849077,17.470144666731358
950,0.7231300287356326,5.8004111111111,3.2154715909091003,3.936834615384625,1.404646844660195,6.3590487804878,0.8744092465753425,3.2683358208955253,1.3255972222222223,4.843759433962275,0.898028106508875,2.4408490990990996,8.0686418918919,1.8460882352941175,5.100325892857151,21.39241863585584,13.565589912135085,6.352566805353764,4.675744010482489,48.87864141121352,391.97891601361334,95.23517801426351,184.43066510371864,407.2925425134599,694.5953005924821,21.35962131433189
951,0.494228941684665,4.82682666666667,2.8320818858560797,3.62835443037975,1.08128056112224,5.31008415841584,0.376633098852277,1.37230955259976,1.23288994708995,5.198415000000001,0.643779481132075,1.99826218487395,7.43450641025641,1.67413682678312,6.16715976331361,17.6808759317439,12.786182921746072,9.263090416324776,3.883213886015723,133.2495988712591,554.4781684875488,83.4769569337368,173.5268859192729,485.30742060393095,805.3407305851579,14.741485938429832
952,0.35559300911854197,4.56758039215686,3.786,4.48300444444444,1.9034487394957977,9.604283333333338,1.1938774566473982,4.85885714285714,1.59182794117647,5.90574285714286,0.95246475409836,2.3641859999999997,7.2094000000000005,2.25929361702128,6.17283076923076,23.014887481004216,41.37229605221205,6.396074502470231,4.878936195321457,16.84278742131627,555.4500641301274,85.67277807742357,200.41541196405888,476.034926250577,627.3099826648831,20.345039665699005
953,0.729271091811415,5.755319148936175,4.036966666666674,5.4121603773585,1.6988883928571425,8.486841666666676,1.10718076923077,4.496416666666675,1.35457731958763,5.1066960784313755,1.0882566793893125,3.2616927710843497,8.648651515151526,1.9035440140845075,5.12848245614035,23.991692390740685,43.64592897387467,5.9374207805336505,6.019952439504423,79.43455639231262,435.9785467386246,104.86897081136703,182.97433853149414,468.3448583818972,607.2536227293313,20.119152031838894
954,0.1422445183542745,3.21996132596685,4.547353174603175,7.01685975609755,1.07722947761194,6.1607954545454495,0.214236621769203,1.03795855855856,1.04306555944056,4.715467592592595,0.3576656184486375,1.392398936170215,6.41793125,1.5466618421052651,5.44975,12.646170635943543,12.092407014027502,3.897410872049361,2.5822623547377765,14.68295385436337,419.82075199484825,73.89223901554942,203.8642531260848,476.0370939038694,668.369245249778,13.363105244934559
955,0.4952835892514395,4.972614406779661,4.86615,7.801222972972949,1.5627445355191252,7.3613481012658,1.142829140461215,4.514520833333335,1.6534099678456602,6.21137647058825,1.10389655172414,3.3405204678362597,6.253554945054949,2.14978661087866,7.1364411764705995,24.261124623893092,78.04426189623113,5.197336889685355,6.9421195723189,12.99839892071023,448.98095075041056,101.49015579372644,207.17891165986657,591.0571664571762,681.8891502916813,25.418598670512438
956,0.2693796296296295,4.178725352112675,4.843547619047619,5.7397149999999995,1.31315579710145,7.28084507042255,0.53118302257115,2.162875939849625,1.3803714622641499,5.98807534246575,0.830215700141445,2.55638936170213,6.73186627906975,1.8157160493827151,6.38302173913045,15.033534231787199,10.127819114632699,5.367462894904787,4.9194758361884166,133.39324641539957,571.0239405743778,98.83687598630786,219.83422338962555,566.1872797645628,606.3727545551956,14.385394752025604
957,0.1115627429805615,3.260873493975905,4.561129464285715,6.0492765957447,1.18380769230769,7.41694285714285,0.2607246275605215,1.011228360957645,1.1292181996086101,5.9419010989011,0.38040285071267804,1.3187769784172652,5.41344680851065,1.5252991202346051,5.99958522727275,17.324728543302793,13.117295070227168,4.3312338555500896,2.5880306074094444,135.65390989872355,530.676485504955,72.02676497399807,238.97025967016816,567.6182801835239,922.1700835041702,14.9048981256783
958,1.7608545751634,6.514868686868667,4.410992592592595,6.186483333333333,3.244126543209878,7.535879629629611,2.738263888888889,6.238561111111111,2.7707333333333337,4.145777777777777,2.4320023148148167,3.434206790123456,5.356070707070705,2.9175833333333334,4.242207407407405,14.967241955626738,16.203317943640272,4.186127398005457,6.616085521472392,19.982111473896946,372.29105623231993,104.29054058881269,137.7048979823788,325.17378891093864,587.3604263696405,22.72594461424483
959,0.458544188071397,4.9713665158371,2.8668113207547203,4.809806722689079,0.736370828182942,3.44665448504983,0.31403592262818497,0.65640239912759,1.06022429906542,4.19145210727969,0.304758169934641,0.637992665036675,8.971623931623931,1.50512010443864,4.5764017094017095,,,,1.2871626170300658,,240.71442894637585,84.4666501507163,120.38701679557562,358.4528574720025,484.11902971565723,11.863280087709427
960,0.2705578141499475,4.092864864864874,4.3999246031746,5.9621337209302245,1.573809210526315,8.2517,0.8809229041916175,3.635196428571425,1.3741884816753924,5.912573863636375,0.9252699999999999,2.982338541666675,6.900659722222225,1.8493300653594775,5.8257732558139494,29.41032699251584,47.48765540997066,5.252266117696088,7.574107857674757,86.98696037835903,503.72168188914657,103.07644843123853,189.7074922453612,471.49237361736596,665.9721257165074,19.40957154147327
961,0.5037102040816329,4.617579831932772,5.613593406593401,7.059980519480514,1.4599803407601573,6.790763975155286,0.8653602825745687,3.3770329670329713,1.502494102228043,5.391633333333329,0.9203645640074214,2.689581632653057,6.325439560439557,2.543502645502643,5.6936455026454995,21.52222151903076,13.267076988994132,5.61156420750195,5.9979922427374674,55.9082761100468,453.5467297370945,92.02026828591313,191.95422064512968,413.2124861436231,704.4508188430752,22.268112349723065
962,0.7985921568627465,6.6725283018868,3.3288522336769764,4.530842105263167,1.5477982062780267,8.224489361702133,0.5933368421052633,2.7272890625,1.4498055555555567,6.151057471264366,0.81627896995708,2.1699119850187265,9.247058333333333,2.0408449197860965,6.339380116959067,61.48593445193231,61.9747369594672,4.432755552029309,3.9738114287033306,61.64974539947196,574.8856269444028,62.52011905113856,218.68830857177576,523.6708015824357,700.4491363962492,15.526295950015387
963,0.41724929676512,5.5842077294685994,6.5392183908046,8.7696052631579,1.64767149758454,8.646068376068365,1.02466953199618,4.426171052631567,1.2273860911270966,4.890594871794867,0.9033202443280968,2.6806901041666666,7.948041666666666,1.5903774509803934,5.193866666666667,16.190707149983783,11.1197488413178,6.246863690203736,5.134174213666091,99.66732883769664,427.07507964223623,99.88727979362011,212.03760212908188,486.27755604684353,794.95869576931,20.79693755755822
964,0.3181310299869625,4.112440298507475,4.343649193548376,6.077244680851075,1.5648037790697675,6.888343023255825,0.9506644295302025,3.3944937499999996,1.4152892156862749,5.4648112244898,0.9707682724252499,2.8381862244898,7.331250000000001,1.7607777777777776,5.804423913043475,19.458038149994586,45.229635191218314,5.353198134719495,5.672248725231309,12.856493406115092,434.40887820906937,107.79712465591729,196.7094256542623,450.73427609167993,725.9211910422891,22.84522051922977
965,0.41850192455735336,4.977954954954966,4.420747126436766,6.275787878787867,1.5261938911022568,6.740396825396833,0.8997991228070167,3.5344212121212,1.32866018158236,4.736495934959334,1.0016539162112934,2.8043098958333332,7.838137681159434,1.7663187613843367,5.2464888888889005,25.41343473654372,12.534059547101913,6.79813176542124,5.661214174677397,62.50222174128428,464.2913894106944,91.06069337576628,206.05129345009723,471.52993114044267,754.2621732378999,18.438370898365974
966,1.6974788519637452,10.1969230769231,4.761912037037035,6.137114457831349,2.226844017094015,10.110517543859649,1.5860136239782,7.14278666666665,1.421073529411765,4.885975409836065,1.0096260162601651,2.4743677884615396,8.65953773584905,1.907385869565215,5.5227755102041005,28.168066360325813,12.12683872663624,2.947665630475392,5.658154970498832,74.11324696753597,427.5742918252945,87.65902603045106,176.3913780450821,407.33511559665203,786.7180975154042,20.68969188258052
967,0.2781536252692029,3.4957537993921,4.042357142857143,5.299828571428571,1.3636534161490685,7.2000119047619,0.4807345679012343,1.7868198757764,1.6658897515528,6.972662337662342,0.8510507416081187,2.5257445887445855,6.244260869565215,2.1732380952381,7.291881987577642,19.810537178757645,38.01849120206419,3.9285082175300334,6.092120284817574,40.959416568848404,537.5602881291082,80.92555217444897,227.7420268261007,578.2027030363678,821.8926011717746,15.620341790573937
968,1.4409170437405767,5.465884615384615,0.8493159073935769,1.0107738095238077,2.184287054409008,9.275181818181846,1.763531623931623,7.426262820512823,1.4662510121457462,4.717543269230769,1.1746096440872538,3.507870629370631,7.14637062937063,2.3032427884615383,5.021307692307692,43.37660853397154,9.983127116897695,5.968308047423741,7.221246929783596,20.953947350138638,410.15941757135664,116.1480680681192,168.51513825643522,356.05701044774975,553.7462599862081,22.681324312893246
969,0.140605433376455,3.26335795454545,3.0575056497175104,3.7643624595469296,0.901203732503888,5.4366190476190495,0.416775975146703,1.88130831973899,1.31620575539568,6.2286149732620295,0.561595437616387,1.9214346289752702,6.1439387755101995,1.9082598039215701,7.305625,25.372911341906295,15.803447468696788,5.063170744259754,5.565654461575945,13.274937523851879,765.8975664526224,83.93782190978527,240.25104939937592,699.3132876232266,781.5954508259892,16.240705735981464
970,0.202479265925534,3.17546932515337,5.70820555555556,8.31521276595745,0.7137359999999999,4.5040249999999995,0.258191489361702,0.6683107409534751,0.637136416861827,3.60993708609272,0.24768123179359103,0.65438875,6.050724550898201,1.01825111706881,4.12005019305019,10.383592863099711,8.430596568356739,4.302539690457471,1.2848112308153996,7.928234816647564,271.8196948990226,57.977158576250076,171.85874748975039,408.912287093699,432.95565992593765,11.873780749738216
971,0.5935483706720975,5.218245689655175,4.8920725806451495,5.857459183673475,1.3029764851485148,5.82972023809525,0.679931976744185,1.9993537414965974,1.4636298342541425,5.249659090909099,0.9755391666666674,2.3815462962962974,6.397655555555549,1.79017530487805,5.4820957446808505,14.757786264193014,9.835969048121726,5.714834100916404,5.332037624231751,79.63336758822666,376.1545056477189,85.59944690205157,192.4979209434241,390.54775261320174,639.9170903023332,16.59099943935871
972,0.1300576615665675,3.56722972972973,4.599268,6.47141139240505,1.4035205655526999,7.5120000000000005,0.3763482587064675,1.6390126984127,1.22740461215933,5.7062450980392,0.6080845323741,1.976420689655175,5.83906,1.6887202898550748,6.8135842696629,17.94765902338165,79.06747218254573,4.25435393991422,3.852336052495444,74.93018372481349,468.90241792425513,73.68896622210741,229.1377168148756,578.4322856925428,936.9293577037752,13.755355030298233
973,0.106008732278611,3.26168452380952,6.08786206896552,8.06615079365079,0.932451219512195,5.22397435897436,0.21070248103342198,0.635789131718842,0.9649924749163881,4.39900826446281,0.200523605150215,0.630847438752784,5.51496464646465,1.39217750677507,5.21127927927928,10.371480300104324,9.842092123788484,3.5525746889839813,1.275235141566084,7.819506597817525,297.2019836306572,81.72979578375816,164.67038076370955,525.3686103969812,825.1470979303122,14.620693400502205
974,0.36571437659033007,4.3530534979424,4.295715447154467,5.944627777777767,1.6129008620689669,8.75825,0.4441210549070467,1.7064633781763832,1.5843264177040102,6.9952679738562,0.7757341365461833,2.18360878243513,6.978527272727266,2.0443152173913033,7.101783950617301,21.516452683486246,22.53498224773571,6.190797408582782,5.206807570854904,62.09955751328752,525.7775696615378,87.88986597210169,240.1030311981837,559.1594381257892,782.1858394891024,15.41556945691506
975,0.133412696352071,3.23200310559006,6.094759776536311,6.71164900662252,2.32202040816327,11.629647727272701,0.894901898734177,4.14868774703557,2.15996487603306,8.03721985815603,0.912734468085106,2.61955454545455,6.71958720930233,2.84725070422535,9.284694915254239,151.00601490670647,147.18324567937694,4.303552580411823,5.526877437364681,30.906423348482832,749.3360433727503,103.53561956435442,313.9028325676918,792.9135346785188,1099.4028998538852,18.60929187387228
976,0.8545635276532133,5.613700000000001,3.7312578616352163,4.9225,1.6256755952380952,7.5776515151515165,1.1812347560975616,5.027814285714283,1.4757916666666668,5.214040540540534,1.1565939597315433,3.3045339506172837,7.093787037037035,2.2650462962963,5.337772727272733,41.79656024187894,11.533387449981381,4.049096808930334,9.045656327340154,106.30745616438396,382.1942606009543,111.47489227975409,188.53077199310064,395.0074509096642,776.0465339136621,19.54191830009222
977,1.1691205533596825,7.101050000000001,4.076003571428575,5.006925438596499,1.44503855721393,7.221768750000001,1.2590012135922326,5.895086734693875,1.2600551470588224,4.2792276119403,0.8839022108843525,2.4800608695652175,6.850027777777775,1.7628137931034475,4.867970833333325,20.894536592584863,8.716423310634708,3.848007361032973,6.097145578979241,47.79630364800288,442.14502559043467,112.53123520873487,167.05493908375502,389.0556807164103,739.5425694994628,23.134553339332342
978,0.8021794670846399,5.6130781249999995,6.577426136363625,8.88104545454545,1.931132450331125,7.696871621621625,1.6137259036144576,5.97675,1.3243780487804875,4.5085885416666756,1.1323379999999998,2.9480500000000003,7.4111923076923,1.8974329710144924,5.1440238095238,15.954785046452763,9.18243422244975,4.889332582204145,6.2281595502990115,16.483110931440486,481.08058399520814,96.1377751082182,205.75072267092764,430.95670407637954,729.0234963875264,26.362150674685836
979,0.4965429536679525,5.118240566037724,3.94336475409835,4.78282786885245,1.6495265625,8.06,1.236724137931035,5.22125,1.34134375,4.9467548076923,0.9437769607843125,2.713533018867925,6.2253829787234,1.9007010869565226,5.274010416666675,20.806843321511003,77.70649831993367,4.757091642414447,6.76076765107682,15.718947917430198,458.5350805427879,103.73203549534082,213.0104403477162,428.3543268684298,775.5824772175401,22.120651556178927
980,0.3970575389948,4.23358461538462,3.9079695652173996,4.8568139534883805,1.4715122302158279,6.8898600000000005,0.823515151515152,2.9587540540540602,1.539706474820144,6.22991578947368,0.9830438818565399,2.9375164556962,7.40811724137932,2.22002828282828,6.59758787878788,21.525449713940596,40.040666838298094,6.997403444464764,6.343957884176573,68.28397481913055,488.3009195327759,91.62093512713909,199.54928662627935,457.43404421955347,757.0008980110288,21.934639662504196
981,0.212316427783903,3.9200407407407334,5.285382882882867,7.632509803921567,1.7814897959183664,10.167252525252534,0.7717804713804699,3.7539782608695664,1.6681426356589133,6.538296969696966,0.99161500974659,2.6697191601049863,6.101529761904767,2.026383612662943,6.9096153846154005,18.766104589084144,70.34796562003686,6.944698870584062,5.670121683078136,59.30524720987548,600.1399907593926,93.83907696853082,267.0605123663942,531.424698419869,798.1766403342286,15.738272729019323
982,0.6126621911922661,4.992328703703699,6.52623529411765,7.974384000000001,1.50313509544787,7.38894,1.50072104607721,7.4243469387755106,1.1236368593238801,3.62537748344371,1.11878959276018,3.62822419928826,9.68697142857143,1.65192406876791,4.2421072796934896,11.752370877192893,6.983114491747725,7.589629963440646,6.9353219508682775,8.52955675439615,335.2151019498706,132.25898146629333,138.0162313580513,311.1832309514284,504.73122391849756,25.470182299613953
983,0.132961604584527,4.019333333333329,3.06531496062992,4.0605543071161,1.19758926487748,7.29056028368794,0.440590598290598,2.0644555160142404,0.9606655574043259,4.216045267489711,0.638065502183406,2.07470816326531,6.09106081081081,1.2939676113360299,4.65132905982906,14.592731644099688,9.798514909516015,5.035477695775225,5.4881737577184815,132.14830891525068,357.41678439080715,88.47939316183329,164.71550334244967,414.07758835703135,544.1146204248071,12.81921286135912
984,0.237755323590814,3.5993836065573803,3.5747233333333397,4.542848888888879,1.7291546875000001,9.18139130434782,0.8071651245551601,2.9320927536231802,1.660567741935484,6.58773333333334,0.9203879310344819,2.43560227272728,6.60107741935484,2.34446451612904,6.291070588235299,19.687729677345317,13.876000855239585,4.452069012773645,5.9851032968916495,74.42557639248196,478.33253629505634,80.96351753920317,209.2006802558899,447.0769455656409,817.1817660331726,19.87231895327568
985,0.268028272251308,4.32453928571428,3.13836393442622,4.57981224489796,1.475823021582734,7.49447096774194,0.4540125560538121,1.7584230769230782,1.5811167785234899,6.99276428571428,0.6463786163522021,2.00307777777778,7.0353062500000005,1.965297297297298,7.249108333333341,,,,4.8460805520104575,,522.7328184992075,83.6246507242322,218.49578712135553,540.7058773562312,748.8433690741658,14.452124014496803
986,0.3755312294543067,4.964390243902433,4.0869365079365005,5.932117948717933,1.3392680180180168,7.137454545454532,0.42943354297694,1.9844687500000002,1.26199766899767,5.6174154589372,0.37250018135654667,1.1130030674846634,6.9293625730994,1.6876955782312935,6.283377049180333,20.175508841027753,61.48616767646518,4.168836542286918,3.2895225825305334,98.07534167458647,503.6081265037258,77.98956551899512,239.73964465161166,527.8350630154213,947.9530000438293,14.041697916885218
987,0.267941820122765,5.00447679324894,2.87745325779037,3.9663460207612498,1.38784973404255,7.33629850746269,0.31423536198442503,1.2802405541561699,0.996038123167156,4.59133067729084,0.611672017121455,1.8952620817843902,6.690019230769231,1.43732040229885,5.30965137614679,22.147460744957804,15.52888711626589,5.747111521591851,5.489083773355864,131.7919200812077,631.852401420474,82.46719371527433,294.15544122457504,650.6105652078986,786.7019157856703,12.443098239600658
988,0.156137209618258,3.28392424242424,2.85959950248756,4.37944696969697,1.48621437740693,7.7896982758620705,0.294000503524673,1.3117080200501299,1.23281164383562,5.1853959390863,0.536529259451062,1.89934660033168,7.33620125786163,1.59601710730949,6.09241436464088,17.64710698407102,11.233882597877635,4.990001161481892,3.844965586637022,10.49516070083003,543.7744315713644,76.49026811122894,200.00205840915442,499.0531597286463,787.3609894886613,14.311890117824078
989,1.26590517241379,8.48856115107914,2.8701577540107,3.58667796610169,1.69178125,8.91786486486486,0.824328027681661,4.02015,1.67409317803661,7.28280714285714,0.644775203506575,1.88193642611684,5.12722,2.33708704883227,8.824870967741939,13.302578505893077,21.41554066679028,2.9238999194519666,5.508506237386699,15.808520032309097,541.3081962615252,122.79693037271501,226.7866861075163,461.4496137946844,495.5038893967867,17.731380648911
990,0.4583893728223,4.977847222222224,3.101651041666675,4.50686153846155,1.6715046012269925,7.7751554054054,0.720529484029485,2.58980855855855,1.500502590673575,6.1828593750000005,0.8707732035928151,2.781197619047625,6.6851282051281995,1.7600858895705525,6.4712564102564,16.355785921676585,49.00055701733484,5.18284437507208,6.470266825428485,111.83227768675744,454.1513801086694,87.39426266402006,195.90663723647594,498.3414022717625,830.4338029120117,19.949203124269843
991,0.729265957446809,4.56977692307692,2.94365128205128,3.9335999999999998,2.06506538461538,10.56276,1.4097565217391301,6.575950000000001,2.18843921568627,5.9467285714285705,1.34709342105263,3.3600666666666696,7.91645,2.76744358974359,6.464513333333329,31.57458300276599,26.063330287906943,4.00610633642888,7.933584079803724,46.468211474383494,493.6644737608731,120.97714003175497,232.08928061649203,510.5155473574996,860.7944985851645,22.630440071225166
992,0.6778487951807229,4.567484,0.737213664596273,0.859670731707317,2.01444482758621,10.3832181818182,1.45307195121951,6.77002777777778,1.26189879518072,5.103976190476191,1.0309090909090899,3.46615483870968,8.01969230769231,1.69188358208955,5.27169047619048,20.538539963043863,12.293930807728412,2.999419509476382,8.036732277466692,24.86934204710047,516.9633100740612,127.73981550708413,213.19610066711903,476.1758050881326,774.4900067336857,22.93479163199663
993,0.33792202898550666,4.3706626506024,5.360427083333334,7.370772727272733,1.7442529313232835,8.850279069767433,0.43187868480725666,1.6489904306220098,1.6494190476190467,7.121944444444434,0.7538170212765967,2.03205347593583,7.960625,2.0667832422586536,7.5660780141843995,20.663302960938132,103.49381847076444,5.272606570150449,3.894952849936167,100.88301923757797,531.1804978797833,78.26511282473803,249.56269965817532,614.5545281469822,904.5201974610487,14.581865010162195
994,0.337820603337612,4.85372199170124,6.20221875,7.64788721804511,1.33241307189542,4.96112560386473,1.32651851851852,4.99232211538462,1.1325879120879099,3.52786728395062,1.12370539033457,3.4948986928104597,8.00118852459016,1.70421308980213,4.1689029535865,19.452814988697284,7.146960954762138,2.8174581397224,7.005606570123634,18.876465017215626,315.2516670525074,122.53294698894024,131.7504094913602,316.8892115354538,519.2136857658625,26.849587447941303
995,0.328626537031741,5.01337837837838,3.37472131147541,4.57304761904762,1.25791990291262,6.85387425149701,0.345161136023916,1.27804055944056,1.68823245614035,8.26705882352941,0.576699566682715,1.92977096774194,6.70465317919075,2.14643045112782,9.18762992125984,30.09226277432335,146.97217111007873,6.064268414057367,5.467799820283932,132.5957186723429,535.9948147088289,92.82203391194344,215.67002404481173,571.6116866096854,872.2504368051887,17.038104124367237
996,0.847630841121495,6.759272151898751,3.10550543478261,3.659077639751555,1.9404980694980702,8.90364655172415,1.2995390070922,5.24930555555555,1.47325064599483,4.899986238532111,1.15506718061674,3.8272781954887196,6.637808641975299,1.834205776173285,5.50572727272725,18.044161730873515,10.866304413162561,3.979188798371031,9.248844065515652,78.47594351402734,402.596581261605,131.8501541391015,171.35745147243142,555.8737786486745,955.2984382025898,24.942553136497736
997,0.2382035437430787,3.7592242990654334,5.0462683982684,6.431384180790967,1.6666065040650402,9.721491666666667,0.7700060120240466,3.9521511627907002,2.0947887067395263,8.1635579710145,1.0960411646586332,3.3862672672672667,6.993217948717934,2.39473188405797,8.247153846153834,19.9590117713303,62.75614800906089,5.592411744009197,7.126298317305846,141.202933604487,544.6798633784056,105.11468475063641,266.99364340553683,599.3146837378541,736.2735380108157,16.311734604338806
998,0.307091669154972,3.2108842975206597,0.117915638093081,0.12511529026982798,1.7563684210526298,9.358966101694909,0.18370717939671902,0.6140083582089549,1.44344402035623,6.97586,0.170690935672515,0.5990017472335469,4.83708938547486,1.83881467889908,8.62934188034188,25.073229034454418,12.674025079888736,4.323404276042267,1.282936653578469,131.36333536556003,428.69478929787874,78.89785338193178,286.69091407209635,571.26150932163,1062.724506482482,11.775805614888668
999,0.6475460858585851,5.8339090909091,4.5276329787234,6.951813953488375,1.6554985119047625,7.433762499999999,1.0976663424124524,4.463076923076925,1.3051298543689325,4.34194396551725,1.0758035714285725,3.0146835443038,7.564617647058825,1.7878926282051275,4.862729166666675,14.035097788794372,9.394676963356794,6.150481117106787,6.418467874485225,58.15162792967639,415.2387613430619,104.94921589270234,172.72509867325425,368.57457598671317,587.2663285117596,21.368078887462616
1000,0.3103196944899073,4.7749480519480665,4.139321285140567,5.821766169154233,1.5432972972972967,6.126847457627133,1.2285172798216266,4.3550711111111005,1.4045117565698468,4.370448717948733,1.24100358422939,3.154519174041297,7.763906666666667,1.7235034013605433,4.7556400000000005,18.24199202523822,9.123320530424728,5.9200584519257555,6.209814696701122,53.8543590699451,339.43729164699715,92.9130706936121,156.51852979014316,360.9377968435486,545.364641584456,22.0943009480834
