file,libccd intersection,libccd intersection linear support,Jolt intersection,Jolt distance,FCL distance,FCL distance linear support,FCL intersection,FCL intersection linear support,FCL distance defaultGJK,FCL distance defaultGJK linear support,FCL intersection defaultGJK,FCL intersection defaultGJK linear support,Bullet distance,openGJK distance,openGJK distance linear support,gjk-rs_nasterov_gjk,collision-rs_distance_gjk,ncollide_distance,collision-rs_intersect_gjk,collision-rs_nasterov_gjk,distance3d Original,distance3d Jolt (intersection),distance3d Jolt (distance),distance3d Nesterov,distance3d Nesterov (with acceleration),Pybullet
1,1.188934782608695,29.450579545454502,7.468118421052638,10.311548076923074,5.75042045454545,55.7110454545455,3.5003571428571374,29.340552083333375,7.454949999999999,36.945010416666626,4.6318041666666625,16.558534090909127,42.37857291666662,9.620133928571425,44.762416666666624,109.35125057169931,166.83740689118042,27.436093659506547,38.305332094173124,97.62524746476109,631.0278084129095,143.2867400581017,289.8892620578408,806.1158790951595,1674.2389503633603,93.50023756269366
2,0.181339789614293,16.599639999999997,6.79859523809524,11.9143636363636,2.06005786618445,33.450617647058806,0.623019964768056,6.02270430107527,2.06611307420495,24.444,1.19154161915621,8.938060344827589,27.053475,4.83635779816514,29.7863125,91.69440929795302,63.84260961336173,22.12362167581681,18.578556414424273,76.47500356429548,468.9740017056465,112.40844614803791,271.29859663546085,710.0465008988976,1606.4477851614356,49.998704344034195
3,0.6104316588785049,17.2503768115942,6.77545714285714,9.77218095238095,4.72697959183673,53.3669523809524,3.1873162393162398,33.7922647058824,3.5953322683706097,34.4500294117647,2.31360437375746,14.7980684931507,24.140175000000003,5.4064577114427905,40.3703913043478,80.25065085103145,94.20130656030037,15.334436486856406,31.13448610900386,123.04834576801404,836.8568029254675,206.8245317786932,450.0687588006258,948.1994435191154,1471.0960676893592,58.429292403161526
4,1.481872474747475,24.812227272727274,6.7105238095238,9.073051724137924,2.872631868131875,41.17210416666675,1.90367156862745,18.749160714285726,2.842492424242425,28.18297916666675,1.6698014285714275,7.978385714285726,41.54489583333325,6.23546341463415,34.151075,97.25015270162793,317.98622716145064,29.084233394653566,20.999414995814174,294.62124235852934,480.2967596333474,114.62528491392732,238.85180708020926,640.176102751866,1550.977659644559,76.98275148868561
5,1.71471830985915,25.0805918367347,10.1387530864198,9.892816091954021,3.29930914826498,35.601,3.45676785714286,35.46009375,2.58160396039604,12.8402584269663,2.5486750000000002,12.8037875,53.4601,4.56382894736842,16.1832777777778,67.42015078190197,32.34949715513388,42.19001773790775,32.23033199680079,32.65246822043353,446.4979749172926,184.28678158670664,192.62810237705708,461.6535734385252,1146.3517555966973,101.7778879031539
6,1.3492056737588651,28.55901388888883,8.163928571428567,9.297349206349201,6.3912407407407335,50.43213333333333,4.9508717948718,35.24790909090917,6.4434012345679,26.6014545454545,4.4879880952381,16.0174,35.2005555555555,8.892131578947366,34.04798484848483,88.92203043567764,222.22612478545568,31.030164235975963,33.832074205164965,398.40184225884536,488.9608748878042,147.80425699427724,231.3285095927616,565.8786511048675,1257.2984133536618,109.40344848980506
7,1.944337288135594,32.7137272727272,7.28093125,10.72434117647058,2.94413333333334,53.45219999999999,1.09231100478469,11.1648380952381,5.145375,47.12996,1.634751773049646,11.06785,49.2511636363636,9.31483333333334,57.13578333333339,154.684499411336,668.759746,42.5351324898288,23.335551825676383,722.1164786666666,705.4783310741186,110.52938643842936,366.56994838267565,986.8203336372972,2380.020967684686,79.6825997531414
8,1.0450310786106,66.78643749999999,7.63475,9.09537168141593,2.31041344195519,48.3397083333333,0.580664328116568,8.73366379310345,3.2045205882352903,46.5890909090909,1.6701389728096698,13.3930930232558,46.462904761904795,6.41544785276074,58.0715555555556,157.27207199884117,141.58237187922344,37.44277393278796,27.767071779466264,235.46789936218772,771.9884626567364,114.61079120635986,361.15930415689945,1020.7426035776733,1454.5983169227839,92.13150478899479
9,4.7871036036036045,35.375531249999995,7.943171641791049,9.00382575757575,3.372287790697675,40.8854642857143,1.7670260586319202,13.83670833333335,2.987049504950495,24.34989583333335,1.9933931034482752,10.06205555555555,29.93694736842105,4.748583333333335,27.989131578947347,99.83757920320033,79.52985380814347,17.67705154508575,26.42806196587791,127.45704281736117,887.1764875948429,159.29769724607468,316.0105552524328,765.4683198779821,1853.787456639111,81.06380701065063
10,2.103666666666667,24.149688888888903,7.757606666666667,10.0916052631579,2.23161111111111,21.7625111111111,1.6632515723270433,10.377809523809534,2.20613725490196,15.730133333333335,1.6539943977591032,9.5329837398374,31.479484848484834,3.950420454545467,19.444403508771934,55.072828022934864,32.17320661031379,19.912249443955613,18.88495905668775,243.82080492055982,394.07449464003247,138.79206962883472,179.3526578694582,438.07254017641145,1419.8168724154432,74.83582788457473
11,1.41796875,30.52208333333335,7.271475,10.409788461538449,3.1974802259887003,42.95819230769229,1.93043045112782,19.509172413793102,3.35386111111111,28.9887894736842,2.265703187250995,13.2917441860465,38.7231153846154,5.5063786407767,33.3383,83.14575631238104,52.76590873186072,35.74788582988914,37.93928247501815,405.63698146431096,526.4291656203568,182.5939049012959,266.8767934665084,673.023983836174,1121.2782352231443,86.61809843033552
12,2.15920961538462,56.239650000000005,7.348281818181819,10.38596,5.91144,101.91813333333342,2.7591012987013,40.0082727272728,10.609269999999999,83.840109090909,8.0564,43.2363333333334,91.4524666666666,21.0375818181818,106.33511666666661,322.8721862667393,145.0736887772104,57.84063714509549,92.30617139769427,912.5043017777776,740.583292208612,188.3471617475152,388.23874667286873,1034.7772389650345,2168.5388823971152,175.92323943972588
13,2.19065714285714,36.559890909091,7.192693333333341,9.0898695652174,5.04651428571428,72.3236,2.6213953488371997,34.13928,7.156420689655181,45.051309090908994,3.3337970149253797,12.77589333333334,61.810249999999996,12.1127111111111,57.5463454545454,160.6569700662696,407.81828622331096,40.5782244456464,30.756206042530927,519.8718839254934,630.9577450156212,129.67694085091352,307.44637828320265,824.1122914478183,1694.4342339411378,114.87088166177273
14,0.982480475382005,48.41413636363635,9.534466666666649,12.137364583333351,3.2562445652173904,85.9802727272725,1.2346418219461701,25.8836739130435,4.012062962962965,41.35857142857145,0.910535294117645,8.4977867647059,52.578399999999995,5.54550495049505,49.808916666666654,143.454196710605,573.181793538019,49.8695700774442,24.078723050457313,166.38172061673853,664.8275651969016,84.33726616203785,322.32048688456416,1106.333953794092,1761.7528676055372,69.76365111768246
15,1.84145567375887,39.6304193548387,6.77900653594771,8.97289830508474,2.28903784860558,52.3751904761905,0.873529862174579,14.1465833333333,2.27783760683761,38.0436774193548,1.41211570247934,14.1575802469136,77.66999999999999,7.88851724137931,66.48633333333329,125.76448787376145,143.36267900249115,25.515345890621404,29.692223462102934,150.86159052508987,699.6461190283298,102.821527980268,320.2409250661731,933.8039672002196,1090.156426653266,94.80388835072517
16,0.6486014412416851,15.734166666666649,7.049722222222201,10.00895555555555,2.61955504587156,33.71603333333335,0.712638259833135,5.7999838709677505,2.8049383886255903,25.13611904761905,1.041117700729925,4.5700039370078755,24.370454545454553,4.169886524822695,28.2802222222222,,,,11.879559813142818,,533.4526533260942,80.91437630355358,289.14613649249077,996.5547593310474,1924.252649769187,44.79415947571397
17,2.3060167364016753,31.5176052631579,6.93995454545455,9.559377358490549,2.9938782383419698,52.1703333333335,1.17419197396963,14.826885714285702,3.174536585365855,34.4938,2.073363636363635,11.57665555555555,30.868937499999998,5.849925,43.044692307692294,112.08760119329351,396.30195907487564,24.275787316393732,24.17620385171019,533.8096917036144,591.1333253607154,107.52505622804165,311.33609591051936,802.7614327147603,1377.2660866379738,68.20230046287179
18,1.56133888888889,56.103060606060666,7.089597484276734,9.221390243902434,4.4214488888889,59.025266666666674,2.7570452380952397,22.619044444444437,5.283548717948734,53.438606060606,3.4689719626168336,21.930520833333333,58.22942424242433,10.548296296296298,57.64927777777768,471.30742884945397,386.0375542511586,51.325291123851336,46.41264791854985,157.8640223853841,913.2393635809422,201.17008437712988,415.5340294043223,1242.292462848127,1264.6035058423877,174.82333350926638
19,2.4828022222222166,28.1964444444445,7.745143939393934,10.742533333333334,4.771137254901967,44.48426666666666,2.2412683982684,22.189712121212164,5.7084898989899,26.13266666666667,2.808833333333333,10.28354901960785,33.85098611111116,7.861408333333333,32.8464305555555,70.08285426375754,284.46113155626495,26.39454673709318,24.971192288469698,168.8874003890186,565.4687799202899,112.73843701928854,265.3054039304455,726.1172557870547,1338.6490327926974,81.35534978161256
20,2.21535145631068,24.800316666666596,8.6786347826087,11.524823529411758,4.04490980392156,43.7114166666666,2.43970752688172,26.2127,6.57354838709678,28.272366666666603,3.55092068965518,14.154900000000001,34.060381818181796,8.14342307692308,31.4852833333334,98.44288962750718,287.1883850297193,32.5522007012264,33.02041689378005,86.15673895275344,623.9064829424024,151.67220495641232,318.6100348830223,785.7962558045984,1381.0279266908765,89.2212800681591
21,1.436055710306405,22.08776923076925,7.9573873239436494,8.6957118644068,2.83446132596685,33.104911764705896,1.7311780821917802,16.63358333333335,2.80883505154639,23.096999999999998,1.67191304347826,9.666562500000001,21.9035,4.6154741379310344,27.5075,50.7451410801181,282.0863889325777,15.08071056061774,25.147852696759113,273.5663725177831,581.2780931591988,122.86145938560365,290.7046233303845,711.2776627764106,879.7783171758056,86.3772933371365
22,8.392911111111099,125.864361111111,8.078268518518533,11.0134623655914,4.291262962962967,111.05661111111101,2.73081912144703,65.99983333333334,6.658098765432101,59.47556666666667,5.143619047619034,38.421,94.52,15.122020833333332,83.23333333333333,314.8630360677168,160.15240460370532,66.47996853593402,95.10397176105171,660.016106051297,745.8449729407827,168.3811734740933,317.69686999420327,848.5857862979174,1816.7744002615411,212.28066179901361
23,0.14476544699101998,11.717532608695699,6.76334868421053,11.9282247191011,1.1427344521224099,14.9773246753247,0.25327285921625503,2.17288148148148,1.59139638386648,15.192025974026,0.240719336534265,2.155788,20.995199999999997,3.06131081081081,21.2760357142857,43.501409509855684,37.297951570061166,18.53279067667981,4.529352505997558,461.77341776903694,443.1401612237096,107.50656947493553,225.07095709443092,556.2570877373219,1209.5411540940404,39.00469746440649
24,1.0695807127882602,19.6291428571429,6.80712,10.0110862068966,3.16552367688022,22.6596382978723,3.20118944099379,22.6605416666667,2.04601570680628,10.2195454545455,2.02916914498141,10.1716224489796,30.8380833333333,3.93134948096886,12.862411111111099,71.04248500606717,20.864009161850625,20.94910239410151,20.815482171969876,52.3070651134971,355.7673655450344,161.6874011233449,168.26919745653868,360.95650866627693,872.9890454560518,90.31679946929216
25,0.53683007518797,23.6350408163265,7.06522839506173,12.8211,1.52455800293686,15.0439577464789,0.614467322151533,2.21178110599078,1.70808455284553,15.2606052631579,0.574815307820299,2.17375052854123,25.705840909090902,3.40826397515528,19.1462,57.72619750088164,56.33997389480268,16.22303785950353,4.572438153374794,41.33930661673341,505.95973152667284,102.7584308758378,225.9841188788414,786.6825442761183,2145.548607222736,40.03560170531273
26,0.362351909184727,25.641767441860498,6.7160328947368395,8.8525503875969,3.0186705202312103,54.907999999999994,1.16233031674208,14.112560975609801,4.53459670781893,60.151222222222195,2.02973776908023,14.1669305555556,50.85995,7.4579,71.780875,214.33728142599676,1008.3385531804488,34.65894547748924,39.2551068253812,322.9038352200471,1215.8146360889077,159.1209089383483,506.9981096312403,2159.3182114884257,1909.8301883786917,107.01818391680717
27,0.252245270116253,21.71328,6.92359459459459,10.1228691588785,2.79864719626168,38.7656071428571,0.653804292929293,3.05084533333333,2.71048429319372,30.321868421052603,0.6276538229981939,3.00475308641975,29.7862424242424,5.25113846153846,36.7646774193548,92.25922113087356,654.0053742041212,20.27726761907216,6.236140548194114,626.6266187520089,640.4314888641238,93.21020916104317,338.22194673120975,732.5772196054459,1334.1529062017798,48.278504982590675
28,2.62079353233831,103.60855,8.72621641791045,10.80321,5.80243406593405,239.6583333333335,1.606135220125785,26.356891304347847,4.14270588235294,103.2386,2.328380081300815,30.971970588235298,118.186409090909,13.210732558139549,132.18099999999998,318.9707800092614,295.66777161050226,106.81272390332774,88.38679353521188,1367.329883820846,472.0736644230783,101.31183080375195,298.9470958709717,1075.6178409792483,1685.4878515005112,157.19999792054296
29,2.2327288888888797,33.820616666666595,7.83667407407408,10.639990000000001,5.888933333333339,45.384,5.02214347826086,39.0795,5.5995380952381,21.2738166666666,4.420740425531919,16.01106153846154,40.39165,7.8104758620689605,26.9468363636364,76.97575261136583,168.63349419019715,20.389558810541626,36.19168738612835,194.85882594050022,569.249102845788,159.34699680656195,227.93017327785492,607.0741033181548,1058.1691609695554,123.16627893596888
30,1.9246518151815202,84.755681818182,7.0000821917808,8.38059649122805,3.770162068965515,125.0388333333335,1.193482897384305,15.601802631578948,3.671593548387095,97.9434545454545,1.527780597014925,20.521379999999997,111.04535,12.50512765957445,125.9955416666665,1178.4722589171909,332.4911823515099,106.46085821643254,43.103764325238856,1186.2689371641954,665.3989432379603,103.49415242671967,351.60949919372797,1009.8054306581616,1830.1774864085019,170.37219367921352
31,1.96619397363465,33.580121212121334,8.313446969696967,10.363295238095233,3.32146153846154,39.98347222222234,2.1656828282828267,20.396607843137268,3.558241758241767,29.176606060606066,2.50980174291939,14.369702380952367,37.215969696969665,6.8279239766082,34.31963636363633,414.2607336455973,60.90328622926976,32.31076179016204,29.77885509873487,322.6689229845111,546.5974798426032,135.29704107592502,297.9457999269168,576.1710461229086,1250.052444326381,96.00776247680187
32,0.277917970602181,36.880250000000004,7.275512345679,9.3197155172414,2.69763612565445,62.734875,1.060151093439365,13.8556323529412,3.0369867021276598,53.75285,1.704244776119405,20.0769423076923,59.9065416666665,8.518604838709699,67.0959545454545,136.39616262579253,1157.6144900471727,50.83862877649118,42.13410506153219,138.9012413428559,500.29308767989284,117.55707673728466,267.56757870316505,726.6253116540611,1588.2094274275005,107.77115821838379
33,0.73949895178197,44.0392,7.361589743589733,10.0037549019608,5.4612857142857,106.74776666666666,5.454846994535533,106.605090909091,3.230625,27.121076923076938,3.2355819209039534,27.080641025641032,68.30555555555567,10.500055555555567,39.6869,116.54052448879713,66.96460225819432,46.20044431417379,66.84457395934284,108.58538946467102,412.49242300788563,182.29831475764513,195.92291209846735,483.68882077435654,1960.6001985569794,213.77583810438713
34,4.0529104477611995,57.45075,9.016875,10.109798076923076,5.4374081632652995,73.660840909091,3.8745507812500004,56.7472045454545,4.776013157894725,41.2374545454545,2.484973214285715,19.839535714285724,71.10127272727276,10.07278703703705,51.30938636363625,153.6246199594176,244.20348876256392,50.34854202959387,45.03402068377306,264.0977343627746,593.6341010965407,144.71637550741434,279.14761449210346,894.6753281634301,1900.728844339028,154.7289255540818
35,1.3585022156573099,25.1391041666667,6.97548630136986,10.0741504424779,3.23034769230769,47.3652173913043,1.21389743589744,14.8437941176471,2.72783541147132,26.6130588235294,1.3733522267206502,8.92079104477612,39.418241379310295,5.15088324873096,33.330514285714294,85.61002525511537,76.56290151482061,22.30369407981055,18.73649433846253,95.70084925400438,828.4049108624458,169.42238435149193,362.52050194889307,802.3290429264307,813.0151079967618,65.64292125403881
36,3.66174603174603,70.21623529411771,8.579462809917361,11.148225490196099,4.22925093632959,114.876909090909,3.27968508287293,74.538,5.0149808612440205,90.3726666666667,4.15601234567901,48.891999999999996,69.52864705882351,11.526278350515499,110.05827272727299,256.82430409204443,231.05350240963233,34.812334448456674,124.41936318529123,345.1846757625845,818.4843929484487,331.07204362750053,427.86041740328074,887.2040314599872,906.691886484623,194.42480988800526
37,3.185488888888889,26.148509259259225,7.273301587301589,9.6909898989899,6.548953216374267,42.64816161616167,3.9719211469534006,13.954939393939444,8.099898148148144,36.686981481481446,4.612917874396134,10.106555555555554,43.37670707070711,10.653595959595956,44.103851851851886,128.5119499659291,102.87776831451318,34.33959817827349,22.13204577177908,403.11209010101015,640.6956559254063,123.87299858447578,313.5208376786775,804.1847937016023,1156.1292792773909,84.24496692087915
38,0.220148580026331,57.477619047619,6.78381176470588,7.4630399999999995,3.1669483695652203,124.17891666666699,1.0749656133829,20.4962075471698,2.6440979498861,71.7129333333333,1.9133406593406599,29.9042564102564,90.51918181818179,12.2385714285714,89.9837272727273,274.4333010228249,156.13850754767287,76.22552507934418,64.93936061484847,193.62184250081228,421.82106990367174,108.8583143427968,249.4286512956023,766.9000420719385,1240.956736728549,158.4053970873356
39,5.7431969696969665,78.74191666666667,6.83889285714285,9.661666666666667,8.723719298245618,96.5478055555555,6.176446428571432,55.68590909090917,8.386025,51.34494999999999,6.441233333333333,29.458555555555503,89.24159090909085,17.898166666666665,70.50809090909084,195.27395289560354,454.44925989559687,67.33179337561437,68.17630795510301,618.893300909091,535.6590418765942,137.3391249217093,259.81849369903404,657.9299185735483,1336.0421677740912,204.94311659907302
40,0.25329178595023105,16.7815714285714,6.7165057471264396,12.210270833333299,2.94816526610644,27.2866428571429,2.90707052896725,27.9341538461538,2.28524703557312,13.1513896103896,2.2183850574712602,13.0071235955056,29.9138055555556,4.29240650406504,16.0588507462687,60.36316031276969,26.051985806368712,19.010008404231947,26.113268166588583,64.54110314478827,355.8852942660451,146.42211608588696,161.89308371394873,346.3843837380409,602.2491725161672,130.37119060754776
41,5.2785,105.76791666666666,7.619135135135134,9.783811965811967,5.7027830687830665,84.55883333333334,3.7272124183006667,57.5173,10.3484054054054,67.39066666666666,6.322500000000001,37.91844444444434,73.974638888889,16.57101666666667,78.34406060606067,562.905536244392,418.28172035707416,59.81059548452718,79.21185506947192,432.20304350485316,818.4524873892466,184.5944750433167,399.7142659500241,1088.1376064692934,1687.0481971030433,244.41950178394714
42,0.26245118376550197,16.2446666666667,6.885625,11.6908469387755,2.28255976095618,29.875,0.916024308466052,5.98786666666667,3.29682471264368,32.968,1.44681053952321,8.852338983050851,30.6088285714286,5.48775135135135,40.223347826087,78.92888949753271,657.8568936101503,22.387418281931744,19.381846793240157,620.7474392260932,846.173707395792,159.2783723026514,376.39772053807974,958.126736804843,1371.2573563680053,63.030701130628586
43,0.434657264957265,12.738968750000002,6.8334393939394,9.787791666666674,2.4690093457943925,24.927020833333327,2.4164012605042027,25.3707045454545,2.0675182926829274,11.487147727272724,2.091728515625,11.273100000000001,19.427303571428578,3.4192294117646997,13.854583333333323,39.28787605853892,22.91134941670857,12.512123110242863,22.949138186170334,48.72866744080641,363.8155874796212,130.5270183365792,145.39513504132628,304.65626041404903,483.5730302147567,91.7796220164746
44,2.1697396226415,39.134633333333404,7.8832461538461605,10.23414,4.62111555555556,70.0894727272728,2.4849887640449397,33.5673,7.00766666666666,46.8974,5.14136,21.7958,59.1941833333334,11.72443636363636,57.206418181818194,536.5145890740353,522.5371673517425,38.90857685761863,47.25883471171626,532.1713869331186,574.8879490420222,140.89677948504686,279.3732564896345,784.7600197419525,1624.5405562222002,117.95816011726856
45,3.56182894736842,37.9964516129032,6.8885325443787,9.900296610169491,3.68851211072664,61.5871578947368,3.65415189873418,61.541210526315794,2.24496848739496,23.2057419354839,2.28377412280702,23.4937058823529,42.4692692307692,5.60681720430107,28.491219512195098,78.60314504298002,47.6744518262785,51.949061441015544,47.782505581058565,57.84691885572998,411.8382930755615,180.89492805302143,194.29088570177555,542.9001059383154,2909.4747034832835,146.01359143853188
46,2.98195977011495,26.850566666666666,7.159048611111117,9.374925,3.835819148936167,42.098949999999995,1.4729707379134869,19.7313484848485,5.634475490196082,31.1318484848485,2.07834615384615,12.377011111111116,35.719166666666666,7.579909090909084,37.13922727272733,111.71608642500911,149.01514525747208,21.375720005353912,26.963741301669273,306.53875553036886,776.1988517207404,150.23160182560483,315.4036550161739,933.4644496751329,1910.9118225363393,80.51961582774918
47,0.48441401273885304,24.5499791666667,8.44416,10.847019801980199,2.47105353319058,40.0395172413793,0.836589350838804,9.356059829059829,2.2814352941176503,21.0997755102041,1.69088626292467,9.029635658914732,32.610111111111095,4.674519999999999,26.261871794871798,113.1823895169211,51.23203352739895,31.863277951434352,25.602287209047294,607.9112148101482,449.4138993322849,148.06129038333893,267.59228203445673,725.3960939124227,1326.542696915567,46.95449024438858
48,0.2150267045454545,18.2949090909091,7.38385897435895,9.30424545454545,3.967190839694655,70.14677272727249,2.242763513513515,35.569294117647054,3.1181904761904753,29.75525,1.866294444444445,9.589080645161301,30.12525,4.97769523809524,33.05928125,96.47601873171013,368.0174069008798,21.031146893137926,29.459835415206122,640.2882003974332,633.7223458103836,165.52199376747012,334.9782316945493,913.7802058830857,1856.6367914900184,63.5938486084342
49,1.0582681297709924,20.654653846153852,7.793073529411775,10.95875,2.9725365168539253,45.663458333333246,1.4032647849462376,14.688868421052625,3.981875,30.9636875,2.0941814814814825,10.36036,37.584659090909,7.58382575757575,34.95945833333325,93.89547338815854,353.3163793087468,25.108578416625523,25.128820978308067,296.616255341913,576.8163944594562,127.2542984224856,327.82682683318853,770.761602325365,1321.7509898822755,61.46109662950039
50,2.47428,35.28516,8.3374347826087,11.49034285714286,3.6377661016949197,42.6446,2.33045858585858,23.5130833333334,5.5730048780487795,30.692254545454603,2.98471830985916,14.84575,37.453166666666604,7.69614074074074,36.859583333333404,127.46190484351209,356.624750064769,28.978826288061743,30.748794786815232,269.77065180581195,624.8384900391102,133.22000857442617,273.4013833105564,921.8521416187286,1672.455226071179,88.99106178432703
51,2.2537021696252464,25.516066666666664,7.436420289855067,11.414808080808067,2.7799206349206336,40.72127272727267,1.7066666666666668,21.801843137254902,2.584214646464647,29.270277777777768,1.3311474597273867,11.296343749999998,44.427303030303,4.930246753246767,33.60916666666667,90.5907221451946,262.0842393885486,28.78117023496941,25.450244947512317,132.29117174413162,1395.1734639704227,259.1923267270128,656.219959879915,1788.8228874653578,1999.3894267827272,84.24603535483281
52,3.7415955882353,83.91025,7.409735294117651,9.0101328125,9.0369609375,98.493675,7.831833333333325,67.865,7.773854166666674,58.92470833333325,7.06808783783785,42.51525,80.18115909090899,16.300483333333325,82.30766666666675,183.5682384512781,133.4835303890947,60.109230806294825,105.98744732074326,196.03758733342403,616.3237092550844,183.3586546126753,315.18825562670827,884.0622671414167,1205.3569487761706,241.57990119419992
53,0.636705071664829,24.51166,6.6435534591195005,8.05523846153846,3.66968115942029,29.6317,3.7524225352112697,29.7457105263158,4.69585454545454,25.6883636363636,4.68903984063745,26.2319090909091,52.969500000000004,7.40796,31.030540540540503,56.3042461791715,54.82933948752586,22.418548274255823,55.083205248168525,64.258789103425,462.4375607818365,181.54429271817207,194.65468358248472,548.5764937475324,682.3010509833694,158.4921032190323
54,0.49312436665131304,16.17596,6.75401298701299,10.759878504672901,4.0080034965035,40.7587826086956,3.8476345514950205,43.326344827586205,2.0999676470588198,14.3104935064935,1.97861243144424,12.639925000000002,23.4138260869565,4.02914230769231,15.8553611111111,65.78931609173715,26.113565200906717,26.416456580398766,25.92747021151008,42.53044267085957,501.76167860627174,174.33352768421173,189.15107939392328,524.4165193289518,990.6839579343796,88.43040559440851
55,6.117464285714299,101.00525,7.6300070422535,9.1160153846154,4.4048712121212095,71.3289,4.34901879699248,68.8316,3.50210802469136,35.08083333333335,3.582493288590605,35.03433333333335,71.857818181818,9.85640384615385,50.913050000000005,225.8839843322825,95.94095283315623,54.352665810582366,95.75065945809035,149.70941687072934,481.3346196897328,196.2902955710888,207.30369724333286,371.56291073188186,1059.2857841402292,279.79989536106586
56,0.45437990867579897,22.96952173913045,11.0236826923077,12.3822159090909,2.472862068965515,38.2757142857143,0.81031624605678,8.50388524590165,2.9254856321839102,32.188176470588246,1.57488170347003,9.4142741935484,30.733361111111098,4.86865811965812,35.90663333333335,113.41885813466271,685.5783830229193,32.845106025776765,22.930728020075062,379.2889197638541,657.0245954208076,131.47505233064294,339.39244458451867,967.3549910075963,1340.9905252046883,61.68739637359977
57,1.3181518560180001,28.001076923076898,6.88014093959732,8.419443548387099,3.0550344827586198,52.7611818181818,1.34690713324361,17.4715322580645,2.3961567460317497,27.9682093023256,1.53469656203288,10.8113333333333,45.1871538461538,4.60053811659193,33.794999999999995,114.14385865763307,64.88434358951717,24.61564810606192,28.477841800227985,92.51560228848199,847.8340925648808,113.23573999106884,363.3192740380764,751.4898898079991,1115.5936866998672,63.036405481398106
58,1.9197334437086098,39.57463333333335,7.01853289473685,9.409188524590151,4.248656,56.205916666666496,3.431186781609195,35.99566666666665,2.9685642458100547,24.463125,2.575178743961355,13.5336451612903,30.354529411764698,5.2922454545454505,30.20465789473685,82.93524804365188,51.44300965684985,38.689132623635594,27.673647707807184,492.0217811620185,437.6897821202874,124.37826953828335,219.60092708468437,548.2342327013612,1534.7138629294932,113.66070248186588
59,0.72731373937677,34.0077954545455,6.85603846153845,8.842201923076924,7.13848214285715,88.45820833333325,2.2042393162393177,28.36075,4.53,52.137590909090996,2.39775,17.81215,52.89985416666675,10.4475576923077,61.243125,199.61135786253428,349.88380456146604,40.70110148378623,39.99954981948749,836.0787395833335,594.7012803517282,126.11615238711238,464.72506946884096,1000.461174407974,1178.7363095209002,101.11247538588941
60,4.42635580524345,32.211468749999995,9.094511811023619,10.7305849056604,3.33435514018692,52.5725238095238,1.9063443223443202,24.9945217391304,3.5877375415282398,29.9611764705882,2.8402208436724603,17.9714626865672,24.3322272727273,5.8516032608695605,36.5622333333333,156.38998733174066,671.5328856405818,14.062115479524275,38.84483367206138,244.67966791545854,721.2465861812234,148.77663925290108,323.0209229514003,726.4492800459266,816.8220287188888,54.1649991646409
61,0.9997533718689801,41.545361111111,7.8930612244897995,10.635944444444434,4.7599033816425,87.06033333333333,2.82662676056338,40.91636363636367,3.7866245614035,52.92416666666667,2.5625357142857133,23.370833333333334,62.99855555555567,9.533583333333333,65.45990909090901,342.80247619746615,319.3380038505081,63.16307363672512,55.87229992680677,811.9596910476788,680.8548079182705,135.53244061768055,409.22116798659164,928.679178468883,1214.4140433520079,128.48187082757553
62,4.126431818181833,69.854484848485,7.853108695652168,10.867425287356333,2.908010256410257,63.86936666666666,0.8457389937106933,7.300674603174599,3.2855929487179503,53.147333333333336,1.29678490990991,8.334855072463766,58.815305555555675,7.289465277777766,62.28180555555567,168.33444893936266,137.33620047817016,51.12354279474375,18.72670616765692,1057.2484825641025,713.7458305805922,108.24513155966997,337.83588247994584,975.530679958562,1878.5865822186072,85.26083547621965
63,4.42856967213115,50.080090909091,7.4189935897436,10.171401785714275,4.65653125,56.35952083333325,3.1156012658227747,38.08389583333325,7.781000000000001,38.7555,6.0024829545454494,24.938568181818173,60.50622727272725,11.772804347826074,49.06402272727275,224.4868176159012,312.43468176284796,45.550750615773545,51.183746792922086,328.55137774696476,604.4334499165416,149.14919738657773,302.35948506742716,721.6366939246655,1141.0992359742522,165.27127590961754
64,0.431564407451447,8.65865413533834,6.9818,9.95078151260504,1.0195619047619,11.467440000000002,0.251487179487179,1.61378279883382,1.3764459459459502,12.6972771084337,0.23617519415258098,1.52990159574468,17.1121612903226,2.7629007832898203,16.0855294117647,53.19778304846116,351.2867043736376,11.843072478211653,3.280626702727885,33.56384157316232,536.8705140426755,74.70520213246346,288.3234526962042,550.3162043169141,855.9996727854013,29.935804195702076
65,5.32937234042553,175.823416666667,6.83700657894737,9.10412389380531,5.96402259887006,172.853454545455,2.40962804878049,32.6626571428571,7.31470547945206,140.541666666667,4.020621513944221,42.2426666666667,158.74081818181799,15.374484848484798,159.756,396.7304498929655,903.4477147437993,64.71843735517129,90.45160462729739,2228.209562488801,1094.0463980659842,177.54908185452223,535.8701106160879,1667.4351878464222,1879.7406926751137,248.95109236240387
66,3.8316802721088496,57.96648484848484,7.7904393939394,11.839095238095233,3.6154358974358995,72.4262,1.5221007751937983,18.4022424242425,5.784156565656566,55.16757575757583,3.0594830508474504,17.2716515151515,73.56651515151516,14.768030303030299,81.1781944444445,175.64202784490774,278.5230894810651,67.99591139685386,34.82466935415174,679.4865,588.8675029079119,105.94366273532312,274.89788287008804,769.1085920669138,1157.9416420621176,113.24048585568865
67,4.079903225806467,43.59799999999999,7.633658119658134,11.450020833333333,3.5892517006802667,52.188638888888995,2.4166321839080465,30.0500606060606,3.2723421828908568,31.0983611111111,2.21535838150289,12.8509111111111,43.22427777777767,6.868099999999999,37.77318181818167,88.7436479300212,264.3653205876288,31.881247078516846,31.465331681782512,428.76626861056496,604.53653956453,177.24343730757633,264.4967365389069,664.1772265235583,1399.4128520910938,85.97740282615025
68,4.357214814814819,49.652919999999995,7.67590967741936,11.24366666666666,7.00638823529412,66.66273333333339,3.4726918032786798,38.65912,5.61921463414634,29.087654545454598,3.9573764705882395,15.54162857142858,51.229290909091006,9.1342695652174,36.518916666666605,135.02276969128795,68.83433080243834,33.15661859021121,31.554353850068416,232.77815456035418,517.4174346029758,144.29927803575993,253.04110255092382,675.8747063577175,1186.2085619941354,92.18847844749689
69,0.576144109589041,25.2803913043478,6.76924844720497,8.09847916666667,2.9612861035422298,68.5787142857143,1.4875433526011599,31.8515454545455,2.57186684073107,41.316678571428604,1.19044667503137,13.4790375,38.244666666666696,6.17652380952381,47.97868,228.19469539977848,76.2651447149142,32.27173218954712,47.55523434501802,332.71643023317915,663.2059346884489,185.3550784289837,268.02748907357454,1011.9981598109007,1457.0849016308784,75.91969333589077
70,0.14521121284334598,15.0857567567568,6.9384829931972805,9.12499130434783,1.99762478184991,27.2326176470588,0.795140963014655,6.62767741935484,2.00493396226415,17.867461538461498,1.2985944645006,6.74890588235294,18.7275714285714,3.49640955631399,21.3953333333333,63.15780304280004,42.15365000888782,16.101626901467714,18.539175575471557,462.71663979457725,1151.3083707541227,224.29891396313906,425.9812878444791,724.7749716043472,1397.2417218610644,36.61098890006542
71,3.279783625730995,29.283725,8.21870714285715,10.372588888888899,4.684878260869565,81.0595,3.98778735632184,62.4473333333335,3.30192816091954,41.4982857142857,2.6742795454545454,26.064815789473702,41.789307692307695,5.75675555555555,48.929649999999995,529.7356890394981,93.04016555247247,47.45985779895748,63.683043135151394,398.94330688560046,785.5570409446955,189.16705157607794,335.0436338223517,812.5613210722804,1503.029151353985,146.1219508200884
72,0.174597083262676,12.2844020618557,6.98035365853658,11.5105612244898,1.02599702970297,13.3509888888889,0.272202012383901,2.23816557734205,1.45648658536585,13.5689302325581,0.24369107744107701,2.23746111111111,18.9225660377359,3.13861559888579,16.503184615384598,44.17731203880786,32.8135334595512,16.3641907292968,4.567750628072855,463.84327797737285,325.4631068557501,106.0376176610589,186.74940802156925,479.8450507223606,966.4799319580197,36.769104190170765
73,1.175953,16.3295,7.2127875,10.34125,2.7511428571428547,35.199466666666645,0.817024893314365,6.46482584269665,3.2032827380952402,31.927343750000002,1.6717942028985502,10.6168909090909,30.2194705882353,4.658321739130435,33.99723529411765,62.10725191096885,299.3425053153471,15.774754416326052,25.51892642339299,116.8595476055982,827.8317516669631,109.04651135206223,397.3939106799662,945.3302947804332,1822.9091074317694,47.847151290625334
74,0.208498760184201,17.004703125000002,6.95404487179487,7.66626153846154,2.08599475524476,33.1186285714286,0.599218061674009,3.11893515358362,1.58743966712899,20.212537037037002,0.569361984282908,3.1509968847352003,30.1802777777778,3.9945725490196096,23.82748,54.811635988151224,46.18804842027011,12.987774753636042,6.3383627139807475,663.2696212136693,361.76752764731646,82.70102553069592,217.90952887386084,561.6127280518413,1010.3549808263778,44.60450727492571
75,2.48148873873874,38.743750000000006,8.30262903225805,12.60375,3.9099552238805946,51.2965454545455,2.559671875,30.2178,2.638377314814815,25.1217608695652,2.0146501766784453,13.35593333333335,39.5288076923077,4.719341880341879,29.3836388888889,85.24676620831279,84.21474141969551,28.65378940613751,27.095041426447388,374.012229789393,714.3446942791343,167.9981709457934,384.97603964060545,879.0451800450683,1120.1298679225147,84.49235465377569
76,1.97278642384106,31.38119444444445,7.90141666666665,13.6130465116279,1.99917770034843,30.2091842105263,0.8345,3.747434782608695,3.69461267605634,42.80725,0.85312023217247,3.747010273972605,48.76675,5.87564606741575,48.28613636363635,108.91914346400686,520.4799113045617,24.426645150395824,7.7997537035618265,77.79290199086118,740.4077681712806,101.06251575052738,349.1470473818481,996.4808006770909,1305.7467876933515,62.79745139181614
77,1.369670426065165,28.78330555555555,7.979922535211251,12.162875,4.111685714285715,62.43895,2.643454773869345,30.0097105263158,3.392373529411765,30.24879411764705,2.4444773755656097,12.836475,36.185071428571455,6.0514943181818,35.76878125,104.9509400949975,57.49134695840368,31.930388538236734,34.58208810652489,88.52238590757794,641.7226861231029,160.34255968406796,329.6059905551374,771.2338352575898,1376.248593442142,91.40250040218234
78,2.232521317829457,29.250159090909,7.570659722222224,9.4168425925926,4.22400862068965,50.864458333333246,1.9562483108108102,21.428916666666673,6.5635116279069745,36.39379166666674,3.5830411392404997,14.190624999999999,46.21883333333325,9.102327586206899,41.09231818181825,128.6604573434612,181.1029438722329,26.071038419000637,26.21372571986835,255.62477470211448,697.4471441935748,119.36509399674833,429.0220560505986,902.81130396761,1466.7242765426636,91.00040188059211
79,0.33357694684796,16.2423521126761,6.99387195121951,11.1674673913043,2.08832427536232,33.4028055555556,0.626480610298792,6.08193085106383,2.1612462406015,27.08445,1.15830940343782,8.953819819819818,30.1573529411765,4.65775847457627,33.3478285714286,85.5298471137951,84.2147628140056,19.084894754408662,19.05081189386436,108.02542913688958,762.6401260495186,119.59429830312729,325.6860887631774,756.1572827398777,2190.9841801971197,56.84630014002323
80,2.1286673553719,27.4514,7.929812500000001,10.39183,2.794994680851075,39.775,1.23632738095238,8.774838235294125,3.240383116883125,30.446775,1.406605263157895,7.327323529411776,33.61235416666675,6.1477738095238,35.542227272727246,139.2437179515023,84.53984179914875,21.230946675295396,16.727874107387166,541.9731290889627,633.6392485536635,144.3844405002892,330.2074037492275,775.599293410778,1232.1482761763036,69.87120141275227
81,0.431470561797752,34.3578166666666,8.74637692307692,12.016662499999999,4.767074418604659,74.52866,2.7198962962963003,49.918283333333406,5.98264864864864,36.3672363636364,4.3887294117647,23.8678727272728,59.8679818181818,11.65558947368422,50.6491333333334,248.75244535343813,114.33250090244141,49.5447951564655,52.109645658330564,494.1344388425364,547.0491526648402,126.16097461432219,247.05307558178902,666.2413338199258,1296.4095501229167,151.31419990211725
82,2.1413575757575805,23.2219818181818,7.819303448275859,10.44277894736842,3.54567096774194,40.3666545454546,2.26897281553398,23.4673272727272,3.7928037037037,24.921699999999998,1.972345454545454,11.73718823529412,40.57488,6.72409142857142,30.6274363636364,106.60758073703366,192.0197319155796,31.97851681670641,25.957690685940264,215.97945934425897,461.0402137041092,123.30503668636084,252.57065426558256,607.7116774395108,1218.0907558649778,98.5430832952261
83,1.6378855507868366,22.963844444444433,7.247544871794866,11.8460804597701,2.9640813008130067,39.5582,1.4562088353413667,16.420666666666666,2.7263138888888903,24.07093333333333,1.3876140350877202,7.388830188679234,33.1771818181818,4.774254629629634,28.0298717948718,93.61022328808525,53.50954385192534,14.95655561523357,15.499107739170865,395.59544146715956,746.5199644987782,164.60264256844917,291.8407941857974,882.6797051976124,1402.7702001233895,53.56773423651854
84,2.274741176470583,30.483318181818166,8.032236111111116,11.232833333333334,2.7911767676767667,36.49815,1.4987213541666666,13.361095238095233,4.450222222222217,30.07198484848483,1.870770609319,12.0023,44.893393939393995,7.326098484848483,38.457212121212166,299.70557787923696,446.5348917214662,36.626571896675,24.828021842325043,274.4703783434369,591.3480650633574,140.1623710989952,299.3316117984553,839.3296506255865,1533.7959669219952,89.01541586965322
85,0.7076329588015,65.10975,7.04191025641025,9.33573387096775,3.8902462121212102,107.30295,1.555211764705885,18.5739516129032,4.523685344827585,98.04129999999999,2.59394222222222,23.033340000000003,84.9755416666665,10.4431181818182,113.96015,268.39504709022964,201.74270228824605,66.02961047796789,65.88214432383164,1259.9963530687346,711.909553501755,139.3233542330563,338.0725043825805,1094.4725014269352,2733.7737032212317,142.4820045940578
86,1.2461250000000001,31.77929166666675,7.102590277777775,9.309,2.53535436893205,43.19652272727275,0.910840255591055,7.338480769230775,2.8452416666666753,33.694525000000006,1.1501991150442474,6.15263095238095,43.386204545454504,6.127011627906975,39.766450000000006,123.62625334776452,210.77225882558838,28.368387764605625,14.461266230974765,417.69919758088514,670.6910789944232,104.79054762981832,351.7221019137651,1181.0399882961065,1788.5159642901272,63.05522401817143
87,1.4709236545682118,19.19205882352941,6.356005347593587,8.37260962566847,4.964186274509807,24.92963529411765,3.4408235294117646,16.76934117647059,5.304681372549018,19.018464705882355,3.76189705882353,12.612561497326176,28.30908333333335,8.567980392156883,23.086523529411764,114.59232882527044,57.876869376435465,15.311752061670559,25.112578248093133,144.67180942035,571.7527682838195,162.68259599147473,302.5003900641904,567.8175715729594,1181.073358063312,76.04897049639155
88,0.41515690527838,11.885227722772301,7.05936805555556,10.104386554621799,1.7007354409317799,19.4686153846154,0.5162798804780879,2.15081149012567,1.4913457106274002,15.0561025641026,0.49809077740222096,2.10620994475138,21.45828,3.0527561643835597,19.050283333333297,52.30131580291769,478.6935811814185,13.907873212381464,4.805116720416445,463.52463538905744,433.9080071076751,84.17454082518816,216.01838525384665,628.5522133111954,1617.9112950339913,35.83880607038736
89,1.0989536679536676,52.85922727272725,5.74965,6.7232619047619,3.833517123287675,110.3635625,1.7015132450331125,23.2560625,7.530522058823525,83.95447727272726,3.08865476190475,24.556395833333326,88.36445454545449,16.46109375,101.38497916666675,,,,57.83523362108392,,641.8989272788167,115.03304704092443,329.4699068646878,758.1874029710889,1115.0196369271725,130.73282316327095
90,0.7816483918128649,19.875714285714302,7.18578289473685,12.968425,2.6528188073394503,37.0993125,0.801497807017545,6.05688541666665,2.810164804469275,28.3022777777778,1.711589743589745,8.95483620689655,33.064133333333345,4.55818260869565,32.662125,75.59771029325732,71.62564704441465,19.69861170835666,18.507468342719868,391.54459492983455,619.6225760504603,114.44657575339079,301.7439041286707,766.5467914193869,1453.316188417375,56.36829882860184
91,0.995519801980198,27.0571162790698,7.60025742574257,11.2347582417582,3.19212876712329,54.1803333333333,0.717815955213436,6.66210967741935,3.14736411609499,37.925222222222196,1.65712842712843,9.95769230769231,46.5653529411765,5.64590163934426,43.445125,95.87648669403943,166.8762663472803,31.920318245199642,22.41332538338868,120.69504815084515,836.973381228745,134.79532208293676,420.0210329145193,860.0090863183141,1376.9589830189943,62.55819462239742
92,1.361775561097255,33.61871875,9.01237037037035,11.7148157894737,2.84605789473684,33.50290625,2.0267421875,18.4446451612903,2.952566091954025,21.95984,1.9921171874999999,9.376,40.882090909090905,5.3932653061224505,25.4612380952381,78.47721323975598,391.97665300319267,48.61620219478549,18.49400285749626,75.16884103562667,523.0971495620906,136.19556557387114,271.5913928113878,568.285456392914,883.819570299238,87.24054787307978
93,1.4367080665813101,30.2687692307692,7.652758865248231,11.8757303370787,2.41726931567329,39.2731923076923,1.44017530864198,15.8078771929825,3.19233333333333,34.5572333333333,2.03889230769231,11.221625,57.29285,5.71448663101604,41.1280357142857,106.43820217907682,95.88329363014998,30.858428262762956,23.25612710901739,110.13858521608881,612.8889741376042,145.70162165910006,328.280427493155,830.8558259159327,903.949560597539,78.45100481063128
94,0.286147811116577,16.8456769230769,7.07476,11.137847826087,2.89115384615385,41.076333333333295,1.21307903055848,9.42415596330275,2.94081094527363,31.3647567567568,1.7810835820895499,9.25124347826087,30.5348108108108,5.0199675925925895,36.6197333333333,86.58502583539905,58.59615609361468,19.08715688129574,26.179662855321745,639.0986966761908,427.1413432434201,166.61016270518303,310.13048719614744,758.6515741422772,1609.0501099824905,55.05608860403299
95,5.787095,54.109875,8.07185714285715,11.942625,3.83263503649635,59.5471,3.8510899999999997,59.21665,2.341523041474655,21.03802173913045,2.34344071146245,21.07115217391305,37.81485714285715,5.4978480392157,28.260925,92.17840952636043,50.22201641326997,71.26388350623341,49.54440808016557,79.47402787451915,459.24397418275476,190.73487492278218,192.51180347055197,544.5862538181245,1210.4804627597332,153.16579956561327
96,0.17769854212997302,16.3954375,8.68826717557252,12.7780106382979,1.46823291492329,23.004595744680902,0.398802083333333,3.8348766666666703,2.07143460764588,22.97342,0.378067341242149,3.78943820224719,27.5260243902439,3.02348529411765,16.4947285714286,43.16366851393814,32.78146751696719,18.83165014128541,4.532291538449207,41.23694904215469,296.2550148367882,80.88827598839998,186.18651665747166,493.42436250299215,1074.308599345386,29.94269598275423
97,0.38285690735245664,19.832074074074068,7.6397124183006655,9.4618943089431,3.8313168316831665,66.30725,2.05807944732297,32.71548484848487,3.1521904761904764,32.3951388888889,1.9987894736842098,13.474487179487165,33.109766666666665,5.625854166666667,36.96366666666667,106.53114576748872,485.9588085310338,26.88448808169423,29.221672067591992,472.9265277218779,755.8172103017569,148.862530477345,343.4336356197794,952.118425630033,1479.9829106777906,62.827502066890396
98,1.178017621145375,19.13285714285715,7.805757352941175,11.41736363636365,2.753696428571425,37.622875,1.5853163580246925,16.034426470588222,3.752972602739725,28.07375,2.0092623239436627,10.687592592592601,32.25861363636375,6.7594166666666755,31.003349999999998,84.7688395915659,324.24166567302757,30.464478459054074,24.157128782628174,82.81204829754816,490.99354655481875,135.41001826524734,312.0254026725888,886.369525687769,1189.1279951669276,67.46515282429755
99,1.2932844638949699,22.6029583333333,7.02459411764706,9.5295564516129,2.62691435768262,37.7165862068966,0.727864206128134,5.4429947368421,2.2743161033797197,24.2211111111111,1.35227827191868,8.14826771653543,34.0004516129032,4.38272868217054,29.7612307692308,102.23550219139398,52.57629932029179,29.17043131681504,16.875254861768223,73.84713419801011,613.2100475952029,120.97533326596022,297.0219124108553,748.5491223633289,1478.222873993218,47.49919753521681
100,0.455820364606492,15.8055,8.205473282442751,11.3862736842105,1.67097645211931,27.0869230769231,0.418450577200577,2.9956125,1.9027310469314098,18.8306545454545,0.412959922928709,2.99093817204301,35.4011428571429,4.3469453125,22.5406304347826,73.4345483707222,45.0471154831534,29.068585838528122,6.216936935175596,75.51828819593176,410.06298270076513,153.94710935652256,227.21490822732449,586.3340804353356,1532.6141146942973,43.16079430282116
101,1.26304989154013,26.5671,6.6523481012658,9.347725806451601,2.511693548387095,41.62764285714285,1.42304987531172,17.51225862068965,3.138127071823205,36.589,1.9485698924731198,11.01412790697675,44.19925,6.10293956043955,40.607071428571395,91.57421344816031,92.78688080288455,21.82560154441007,26.159695282093683,349.94292498987835,644.8307307437062,96.4269507676363,309.77437272667885,870.3563478775322,1352.3944886401296,66.488201264292
102,2.17527368421052,44.257963636363606,6.6306342857142795,10.18719047619048,2.4650505494505404,47.856260000000006,1.27766081871345,13.52073846153846,4.27350869565218,42.135650000000005,1.800698181818182,12.66253333333334,54.7804181818182,8.805017391304341,53.15587272727281,321.2697955675744,365.40929234719283,31.545396546161935,30.932793843522433,532.1923923074452,584.5178058370948,115.12995697557926,303.4917823970318,841.8249804526567,1723.4373791143298,82.94539991766214
103,2.399611627906975,37.779166666666654,7.1178424657534,9.33322727272725,3.27263559322034,41.891538461538445,2.876567039106145,34.08128125,2.8777225130890054,21.06476923076925,2.2244118773946346,14.73767647058825,34.1919,4.539772,25.7905,109.95107442266384,39.44731898153457,21.94666500581537,27.781930771926778,119.27263687731293,650.0790710560977,225.38689663633704,317.1187825500965,712.910178117454,1020.9837462753057,68.52940423414111
104,0.63536759956943,38.58882142857145,7.194343750000001,11.35425,3.155698369565215,49.829875,2.41277336448598,29.148500000000002,3.491769696969695,38.4132,2.0849480000000002,11.7874069767442,51.9173,7.38234868421055,44.37583333333335,114.43500280886208,131.1001040457313,51.22200877407839,24.122855312295805,163.94166106678702,650.2671632915735,158.0006442964077,288.0831714719534,886.9563462212682,1262.189680710435,148.32074521109462
105,0.57290962962963,20.490824561403503,7.262710691823901,11.012980392156868,2.302488322717623,35.846333333333334,0.68855622089155,6.333387978142066,2.5556890547263666,29.444454545454533,1.14114191419142,7.435771241830067,31.543272727272733,4.596471544715434,35.194909090909,99.82158843475867,483.80461156918324,24.50089877890714,20.13810654223617,103.96697520925572,604.8545008525252,122.66637446979682,328.62410880625254,727.8964621946216,1581.4713512857754,54.75773165623347
106,0.4679215425531915,20.6845,7.6543355263158,10.6760588235294,2.626636363636365,37.7296153846154,0.6184623655914,5.76045544554455,2.475951923076925,23.2117608695652,1.394130071599045,8.611536764705901,30.62182352941175,4.301561983471075,27.7856842105263,83.28346549839833,385.5900861334295,17.554111780731308,17.4855338209011,583.1062641284185,752.2109430283308,110.57498631998897,318.25671903789043,1126.8372647464275,1767.7222029305995,53.62160736694932
107,0.497948548812665,27.391710526315798,7.10403896103895,9.85649056603775,2.15720848708487,39.45776923076925,0.65799577804584,7.2839687500000005,2.41004398148148,28.62066666666665,1.624805084745765,10.816277777777799,40.2800769230769,5.05607272727275,34.882176470588256,109.0003604009969,767.8596235828479,38.61651233384787,22.125539533595333,734.5617778560472,534.5874931663275,103.50997326895595,233.82955696433783,816.2151440046728,1390.2600388973951,62.40310613065958
108,1.51085650887574,27.3805581395349,6.74689932885906,8.94036842105263,2.18982818532819,39.5437931034483,1.2800617678381299,19.842499999999998,3.09575476839237,33.363935483871,1.50808815028902,9.85849152542373,45.480272727272705,5.1141568627451,39.9694333333333,148.7588595261774,120.8795063426903,28.058071806992306,35.573595602212386,155.57278635452207,784.1293001547456,116.92987754940987,343.54194067418575,910.5767821893096,1574.9901300296187,74.93041921406984
109,2.0275649819494603,31.47125,7.911152173913051,11.4390945945946,3.81324834437086,47.97766666666665,2.955954545454545,31.701062500000003,3.215233695652175,25.68122727272725,2.3514020408163248,12.00756666666665,50.784090909091,5.671653465346551,30.2647894736842,71.2668918245236,56.573518409820096,26.888537907337092,31.662718058183906,414.2584468913132,521.1058421991765,174.88128505647182,277.12552109733224,549.5275836437941,750.7833186537027,82.3224545456469
110,2.6737065727699503,39.182875,8.404965277777782,12.118595238095233,5.802666666666667,71.18990909090915,2.593883838383833,36.193450000000006,9.174708333333333,47.89993939393934,5.213274509803916,19.1979545454545,60.88675757575751,15.384212121212116,62.67190909090917,239.3294510399653,424.4140765401832,47.33157807992533,39.01364366906311,155.30017483911357,694.7615882381797,134.31820164745054,359.3510831706226,966.5150738631686,1394.3516998551786,127.00149867062767
111,3.3893867924528296,65.5612083333335,7.11242666666665,9.8298220338983,4.408587121212119,134.9820416666665,1.688049504950495,22.17042,4.485298449612404,78.84575000000001,3.2499099378882,29.400852941176453,104.982318181818,11.08713725490195,91.8454166666665,307.0859677378178,1205.560361546626,60.464576068628446,60.29952246339752,195.4642798702693,678.0986441299319,137.7337728627026,318.24870966374874,1101.3793060556054,2568.4044463559985,140.94694051891565
112,0.308389338125187,16.6359393939394,7.70103,10.953876288659801,2.3925799522673,30.5409473684211,0.999985590778098,6.28039378238342,2.5716208791208803,24.4278723404255,1.7824452690166999,9.256020000000001,30.3099487179487,4.69420627802691,29.9081025641026,59.224347435543315,58.276352990764586,22.211539663708066,18.793114448839532,629.4000311691328,782.9161128029227,130.30117843300104,335.6153145432472,782.9922717064619,2584.690321236849,44.29728724062443
113,3.1860490797546,40.5928846153846,6.9986689189189,8.4238623188406,5.14350892857145,90.41145,5.0710905172414,90.282590909091,2.59981441048035,19.192960000000003,2.613660714285715,19.37603333333335,40.658071428571446,5.24570297029705,24.253340909090902,73.50090937312524,39.75306663614567,31.47970767903959,39.5235061403277,52.42224346981989,383.78650788217783,153.93905341625214,167.4774568527937,416.96560801938176,933.1806330010295,115.53969234228134
114,2.680214285714286,29.72959523809529,6.905795918367343,10.070813186813186,4.4859603174603135,42.42364935064928,2.0251007326007286,19.928688311688287,5.812959183673471,28.398454545454573,3.6615567765567714,13.472714285714286,39.404988095238146,8.280109243697485,34.50594047619043,108.56596335925535,271.52981140174336,27.550497658294383,33.02159116654605,344.5073374201211,588.0783977253096,128.1919556536845,289.9333169417722,676.6101411942925,1184.6936440893583,88.18871408168759
115,4.04072962962962,42.8384333333334,8.373018181818178,10.19894444444444,4.66190454545454,61.4972666666666,2.60134,30.54735,5.582649999999999,39.3519454545454,2.91701818181818,14.55015714285714,51.873239999999996,9.41502608695652,51.86,310.999430365937,79.706348930416,29.564360029444224,32.202379121427605,301.5149597253747,589.47020675987,143.0802419781685,280.3419250994921,766.6482590138912,1455.3868863731623,102.64537762850523
116,0.25861903710247247,29.671475,7.2077972972973,10.176129310344825,3.522,73.8861,1.4155287958115175,16.055823529411775,6.7693625,48.60027083333325,2.74596467391305,15.314416666666673,51.7402954545455,11.40428846153845,59.186681818181754,169.6291137078632,446.06651554226124,36.55817134614489,40.566458021102044,394.38271749245274,702.0887453109026,128.68696940131485,292.04835882410407,1037.7773432992399,1485.865202266723,90.97462752833962
117,5.20850793650794,109.924090909091,7.0320736196319,10.9692803738318,4.916396313364061,106.5419,5.050828947368419,106.905333333333,4.41793461538462,49.5706086956522,4.3040641509433994,49.0607272727273,91.006,10.2228990825688,60.8521666666667,195.42691111098927,102.83080504609589,83.98987315796633,101.8867502167336,724.393555284993,991.2859182804822,269.05073318630457,279.0647791698575,599.0596953779459,1672.7383015677333,319.3926066160202
118,1.483956117021275,25.99054545454545,8.52102205882355,13.37538372093025,2.2794000000000003,17.28916666666665,2.2874370078740154,17.8153275862069,1.770907407407405,9.87885576923075,1.7851520376175551,9.4636320754717,28.4510357142857,3.3484,12.36806382978725,52.018153629680725,22.537613393061626,29.698120696903626,22.53422508509186,34.99169751875559,402.63619739562273,176.4640910550952,189.60329471156,430.7950963266194,1287.8899928182364,86.51565294712782
119,1.8409818481848201,52.283515151515,8.1929015151515,8.703629629629633,4.381844155844167,62.61766666666667,2.8519472222222237,38.740696969697005,3.5133649122807,39.10966666666667,2.460654676258993,22.070229166666664,51.582249999999995,8.408579365079367,46.62030555555567,164.36703904299938,127.57492419233442,46.24594101018013,52.3230549449628,165.60628794296508,721.0039300844073,167.29496419429782,301.8748325606187,766.0592906177044,1068.0825061475236,136.93803921341896
120,1.3531776239907705,12.872107843137236,6.2581666666666464,8.845716577540118,3.759121568627453,19.15500980392159,3.132855882352941,15.060098039215704,4.3960756302521,13.396978609625647,3.9265110294117647,9.817931372549001,23.421529411764705,6.700454545454529,16.818737967914412,52.460974529556395,43.57399994675736,13.81321101196268,19.711757611514344,88.53596034953989,450.394006774706,135.474610964165,181.10618077437667,438.1788743878989,1060.7718407888624,56.599370916100106
121,1.27606325706595,24.4427555555556,7.497062893081759,9.8350618556701,3.25149056603774,52.2366363636364,1.22295411764706,14.8425303030303,2.66562315270936,47.3977916666667,2.34660649087221,16.0408648648649,56.3252857142857,7.06436538461538,48.10332,111.64414965300375,76.41650823042515,35.3273466975651,18.746610725984,220.40552847788666,808.3597291260958,176.91317480057478,335.54211258888245,791.7552255094051,874.5049126446247,63.1069066002965
122,3.2534080459770163,52.81419696969701,7.74584782608695,10.012083333333333,4.317149572649567,71.94597222222217,1.72103044871795,22.0684545454545,5.667750000000001,48.88798611111117,2.3244218106995835,12.988059523809516,67.29193333333333,10.033990196078433,60.62128333333334,147.1643981882818,164.12083871053792,46.4060702773101,31.94283889601644,481.09632607420434,598.0452988296747,134.7140835908552,296.45862911517423,742.0261817363402,1222.5360027514398,97.14810100073616
123,1.238332142857142,12.7716125,6.45193103448276,10.587,2.1900204081632597,22.06026,0.698295857988166,3.29961904761904,2.2444543478260797,17.31553333333334,0.8574282527881041,3.35285806451612,21.45346,3.91702692307692,18.91512727272728,74.30495413685782,260.2381076104333,12.350896645307607,6.354967561397909,285.8871446579248,647.9045422747731,69.54634096473455,313.5189972817898,697.8663522750139,1060.7167799025774,34.48562230914831
124,0.156748671843073,25.2468958333333,7.02725766871166,9.10805982905983,3.50245833333333,78.61058333333331,0.998960348162476,19.4134098360656,5.7869217877095,45.457899999999995,1.9277086882453203,13.2901494252874,34.2273870967742,6.095408284023669,52.7397272727273,105.5795643098158,103.6298876912443,46.36109734414338,37.551533468903315,911.6375665637606,671.5146824717522,126.17071624845266,395.9652269259095,1277.611474506557,1109.689474105835,85.77390108257532
125,2.0465632183908,26.3177575757575,7.549533333333333,10.622460784313732,2.8754726775956336,44.785402777777826,1.262864197530865,16.81233333333333,4.702245370370367,37.483,1.3842021857923499,11.464558823529417,41.186777777777834,6.992154761904767,43.110444444444504,178.1163309913977,159.92978554130426,24.586881407862204,25.684516109038338,331.2261202045859,657.0057516607145,131.20853109285235,333.0151744497319,962.436517390112,2087.9789139144123,75.08451429506142
126,0.4777111111111099,47.07460606060601,7.940513333333334,9.4988380952381,3.6143577981651327,67.36563636363634,2.844200980392157,52.68075757575767,3.307454802259887,39.64006666666666,2.773538647342997,29.990512820512834,57.858055555555666,8.726581395348834,49.4972,195.2660041207457,83.64314082841746,38.23139883638782,56.82847268032108,312.1238888764949,543.7707838912805,178.26900196572146,288.6544835443298,699.8103965694705,1480.3225252156456,154.4689992442727
127,0.531496682464455,32.56721875,7.1595249999999995,9.190596774193551,2.182725190839695,45.79096153846155,1.070098566308245,13.996500000000001,2.0528611111111097,32.8612857142857,1.161173333333335,9.2800254237288,89.24845454545449,7.0056666666666505,57.796590909091,128.64780694468013,64.79425396003177,41.99926678841457,25.153356125980192,529.5870069532118,680.3915603086352,106.8263896740973,223.2637256383896,730.692152865231,2051.833854056895,68.51449143141508
128,2.4235063025210075,43.544875000000005,7.682447368421049,10.070035714285725,2.436385714285715,30.616227272727247,1.75996472392638,17.557183333333324,2.81609239130435,22.0546923076923,2.0603119999999997,13.484078947368424,45.09285,6.64193023255815,27.32510416666675,80.4318531906453,211.25475681977372,33.551525262627955,32.15167516937636,239.90730957554948,403.66631001234055,149.6808952651918,222.95558010227978,610.7493012677878,1379.4029888231307,121.2860457599163
129,0.251741403345725,14.286925,7.795515625,11.10772115384615,2.139498091603053,28.93975,0.7632671957671949,5.142149038461549,2.5780588235294,24.942818181818172,1.314049311926605,8.04307575757575,26.948500000000003,4.801118852459025,27.842275,88.49067640370694,327.13989634216995,23.32035572338196,17.387505113411688,212.51777139316604,720.2274806331843,123.60973050817847,338.96382083185017,831.6053193993866,1435.6020197737962,49.39137725159526
130,0.97033203125,63.1199545454545,6.903635135135151,8.776830769230749,3.1024670329670347,89.88900000000001,1.18678265765766,12.7677794117647,3.34373870967742,56.673227272727495,1.42156582278481,12.613944444444451,82.8303333333335,8.8784051724138,68.02831818181801,239.26402306592186,186.48775342761436,52.823773915588184,25.704072100086258,1624.4558730769231,499.15662966668606,132.7811274677515,250.635773409158,816.1904523149133,2129.9722022376955,116.96480214595795
131,0.307217933130699,16.285,9.072887999999999,16.8950983606557,3.72351369863014,59.4127368421053,1.31399652777778,15.7565,4.17308139534884,43.90832,1.90561308411215,9.428747967479671,26.9639534883721,6.2669583333333305,50.0239166666667,92.77109421736286,663.385317535152,28.721570471189484,18.86063925835551,111.76625292132523,987.3326867818831,119.80773415416479,380.2943043410778,1118.7503580003977,2702.743699774146,65.32000843435526
132,0.28276069078947397,16.3884929577465,6.8348,9.81036521739131,3.5450240549828202,51.074428571428605,0.902286964129484,6.19180357142857,2.71729976580796,29.7996111111111,1.35053846153846,8.86384033613445,29.5023714285714,5.06610606060606,36.7719259259259,150.86175196925748,655.1570461243322,15.825238694478792,25.622616137580003,113.52612891109754,1178.0779343098402,214.81686271727085,567.36518163234,1128.8871755823493,2099.0970311686397,57.47508257627487
133,3.2818625000000003,51.62333333333325,7.701930555555549,10.01915,3.710384375,96.49022916666675,1.2566673913043476,15.519694444444449,5.46167156862745,59.319909090909,2.3732176724137926,20.351660714285725,74.28677083333325,11.6942375,76.82363636363624,242.78295595806,311.6101831286958,54.901888662832015,48.61674644353806,1399.4038756250002,693.8629259821028,114.9775751400739,297.85807128064334,931.0655761510134,1804.2609270196408,166.27537552267313
134,0.9928512720156549,20.8116607142857,7.2685642857143,11.3804222222222,3.414301242236025,38.24976923076925,2.06985888501742,16.37772857142855,3.67544966442953,32.14586842105265,2.09455769230769,13.07793902439025,37.82056666666665,5.68632352941175,35.9384375,132.86678327992578,351.2682462079354,34.2362485206395,23.211855664019343,123.15431144910603,692.1243853867054,158.48823823034763,310.4021539911628,1116.4863244630396,3043.401543982327,103.55649283155799
135,1.6793178294573634,27.1867857142857,7.837712121212133,9.590583333333333,3.0273101449275366,38.728606060606005,2.43721689497717,22.7704,2.278298245614033,20.32676470588237,1.62075,8.969217054263567,33.34075757575767,4.425,24.430404761904764,93.62127782695914,45.69978310764882,22.36311760574043,18.315257690693986,362.71274537326946,468.2126998280485,144.95933428406715,213.21917107949653,512.2357591365775,877.7195432533821,78.96790436158578
136,3.2874089635854298,87.0716153846154,6.84220134228188,9.660666666666671,5.64673056994819,97.30736363636359,5.69744086021505,97.38358333333329,5.02466810344828,53.3348181818182,5.050369458128079,52.3992222222222,139.13409090909101,12.5179310344828,66.71199999999999,209.4341315381202,113.13590840722519,120.53601836939036,112.00777837971806,297.0557180336808,444.955937564373,200.71205217391253,210.63389722257853,619.3313980475068,999.8048190027475,386.64559833705425
137,0.9132845594179471,40.3430357142857,6.94068243243243,9.32206034482759,2.3200480349345,54.2900476190476,0.808941590429275,14.467121212121201,2.9075935828877,53.512727272727304,1.4004866504854399,14.5209240506329,58.8608,6.47002580645161,63.3626470588235,136.94649258674949,102.54963900439789,66.40851578366123,29.89215220224182,1005.7737716053895,756.5063424408436,112.68719099462032,343.47360488027334,1049.4831250980496,1846.2124280631542,72.94018287211657
138,1.18476321585903,57.7958235294118,8.51845161290323,11.854938144329902,3.2013072625698302,95.0392,1.9497542213883698,51.210565217391306,3.07524266666667,59.9345263157895,1.9998069565217398,25.177666666666703,58.050526315789504,5.38605617977528,41.73468,136.81635514952433,102.2669942267414,61.39326556378981,50.795844329453416,142.62984196311234,381.58800452947617,110.42507831007242,276.63600631058216,751.3356162235141,2242.4809401854873,68.57309490442276
139,0.17332558139534898,26.1494418604651,6.91053548387097,9.786681034482761,2.06935315315315,44.2710740740741,0.482333333333333,4.35573469387755,2.10930284552846,39.9750833333333,0.44874456048738,4.34992537313433,47.8040416666667,5.47571212121212,48.1765454545455,126.97094785410725,75.82641291862205,37.18918458986975,9.220622503467915,925.6780523283076,553.5369040444493,96.642947755754,341.6480962187052,1058.0176720395684,1634.0702073648572,65.14941342175007
140,0.471015434606011,26.116,6.94265605095541,7.75668794326241,2.69467990654206,48.4259583333333,0.421510838150289,4.3801183206106895,3.3259215116279104,58.46145,0.387914695101633,4.31913257575758,48.1885909090909,6.2275523255814,67.9701875,186.28561907271433,142.99857440463254,56.63862775832385,9.203976295541667,120.62013544079076,962.7094026654959,114.68185111880302,471.06631100177765,1357.0951065048575,2842.694823630154,90.35090915858746
141,1.5724549418604699,24.6335681818182,7.649474358974359,14.845949367088599,2.97197808219178,45.2679230769231,1.2026226622662302,13.091715909090901,3.4191,32.0237272727273,1.7604288107202701,9.542884297520661,42.4981304347826,5.60595024875622,36.42921875,73.54312091315542,666.4814420520977,45.26139941958969,19.062293637283823,98.3754046794257,850.4852652549744,118.97946242243052,329.1608998551965,899.8997276648879,1082.4911762028933,53.9467902854085
142,2.4587607655502404,30.3613846153846,7.73503759398496,11.2568942307692,4.09151785714286,76.3755384615385,1.76034039334342,21.6733529411765,3.25624773413897,32.381249999999994,2.47356531531532,12.0204565217391,52.5557,5.42614832535885,39.6723846153846,82.54455891907386,56.97241893666945,55.2748768661514,40.20729872757998,793.2377260973667,663.6944133788347,173.14201686531305,282.2831040248275,578.927481546998,800.3806229680777,68.16850509494543
143,1.3649665513264135,16.0605303030303,7.0953393939394,9.808129629629633,3.174042042042043,45.949861111111,0.7544450980392167,5.877769607843134,2.5428800000000003,28.713303030303035,1.12758382642998,6.578301886792467,27.0298717948718,4.304712643678167,34.070515151515,89.82242148241272,222.39981503401762,19.48015845543512,13.555922476396233,287.07399462361934,636.2520158290863,106.14098670581977,365.3973961869876,840.2041470011076,2020.371169783175,52.27483343333006
144,1.3084348864994033,23.497784313725504,8.180856060606066,11.6111111111111,3.1286575757575767,40.787972222222336,2.3295357873210634,25.24758974358973,2.806446078431373,23.161562500000002,2.45382191780822,16.165166666666668,31.20772727272727,5.5788431372549,26.5318717948718,76.66256950351375,56.037453570739494,18.64094967738172,27.03979737956843,271.31306209967573,493.20594407618046,160.24180998404822,256.2487575535973,687.025859951973,1261.9377967591088,74.33133044590552
145,1.10120542635659,42.40267857142855,6.9456219512195,9.51901666666665,2.91758673469388,52.00905,1.456989197530865,18.895574074074048,3.300778911564625,42.6116153846154,2.12668907563025,17.0993870967742,55.083909090908996,5.85728,50.26685,437.48493433451046,405.7239630243472,23.952988782891175,38.60184049862376,139.95274010103057,733.0088294111192,151.9434037618339,379.7251149080694,1012.5600383616984,1642.0216532424092,78.65449879318476
146,4.1287479338843,54.4743333333335,8.0081690140845,9.21233333333335,4.456486842105265,100.0642272727275,3.77100331125828,80.16895,3.695874193548385,45.5319230769231,2.998784375,28.23073684210525,85.267090909091,9.4287155172414,60.605136363636504,149.91975970059843,132.87002157359967,30.258120694439846,59.82776010683542,626.3370534368595,505.4905312135815,134.18891467154026,271.97557501494884,804.0737127885222,1209.0392294339836,174.26364356651902
147,3.9679532374100703,59.1743,7.4627155172414,10.34678301886795,3.48615644171779,52.5949,3.529240853658535,52.765590909091,2.66642396313364,25.431124999999998,2.6857511961722498,25.47252272727275,44.98295833333335,5.8296404494382,32.6489722222222,81.00323383227546,53.89513572854591,66.16450283727217,54.08560255596421,89.40306937883894,516.8237490579486,197.57201662287116,212.86961855366826,619.2075554281473,1514.3294003792107,155.31760873273015
148,2.7028925,29.044525,7.330690789473687,10.161432692307686,5.902029761904763,63.62184375,2.788625,30.209931818181875,7.2764999999999995,29.844147727272752,5.048590000000001,12.6602,38.9915,10.131125,38.393781249999996,,,,28.022102605173682,,669.7346747387201,132.49378243926913,305.3966909646988,753.5749260568991,1208.1819848390296,115.69233611226082
149,2.3082719999999997,23.29803,6.804847058823531,12.411458333333302,4.75253157894737,28.2806916666667,1.41448428571429,11.6840545454545,5.22828,22.56746,2.33791458333333,9.21093333333333,31.224081818181798,6.694973333333332,27.99359,80.35203533943621,105.51835142145208,22.737357763749607,20.886936156315507,124.73565325371742,603.9431691169739,116.0738430917263,271.47360844537616,682.1246678009629,1195.8838533610106,65.88060175999999
150,0.261189425051335,57.8427,6.90939597315436,9.024232142857139,5.09654726368159,167.948,2.1860715596330302,32.4066944444444,5.82541477272727,115.66958333333301,4.31769456066946,43.073238095238096,147.678583333333,17.381033333333303,193.768333333333,559.9358640369356,223.4359593851916,64.6256548304017,88.72452585966526,2210.163857325052,981.5845871344209,160.80441419035196,427.9238171875477,1383.3165867254138,1623.4615119174123,191.3747051730752
151,2.225955947136565,32.02846875,8.938482758620701,10.016375,3.6067842465753452,39.06957142857145,3.636352112676055,38.756533333333344,2.61400518134715,15.137500000000001,2.60430528846154,15.12874324324325,31.73417857142855,4.915312500000001,18.5370172413793,77.47142631919554,34.247636116684944,23.04975970589381,34.05069103983697,43.90973004369165,474.6637074276805,206.91414829343557,221.06629330664873,440.3854603879154,962.5814505852759,126.50489807128906
152,1.61658850931677,26.9611,7.33460135135135,10.31698780487805,2.608746268656715,36.42395,0.9265266323024051,6.71905747126435,3.20386813186813,34.77782352941175,1.2133067940552,6.6331346153846,47.27558333333335,5.314084905660399,40.3868076923077,132.64052077167239,122.50584873853141,20.65087131154471,13.695730955352012,395.66362072919503,627.2682105191052,103.50425727665424,376.28711434081197,965.6759677454829,1774.2037773132324,66.73209136351943
153,1.6993803030303034,55.208212121212,7.167999999999999,9.272324561403499,3.285409604519774,71.9357,2.261833333333333,30.658181818181834,4.4392289156626665,58.49705555555567,2.9426565656565664,27.604589743589738,89.66823333333333,11.177448275862067,71.311212121212,259.90869694068397,129.9205002434592,58.24138987476987,52.807777061420275,820.2853077839862,570.688482063512,137.6770669594407,251.3448785369595,907.1030731623372,1700.3919851655762,141.90263270090023
154,1.2025055187637967,17.7226515151515,7.101208333333333,8.1263253968254,1.8187333333333333,21.823518518518537,0.7662080679405534,6.726241830065366,2.09580487804878,15.490594202898565,1.0452463393626166,4.4854148148148,26.22807692307693,3.3867254901960666,18.727438596491233,70.17016853618502,250.50476466313194,20.945233764992995,11.773992652792957,253.09435460862997,541.90035443753,72.17028178274632,277.0010071496169,684.9763992552956,1565.4563205316663,40.02963347981373
155,2.46152886836028,54.7106666666667,7.029375,9.979890109890109,3.9288164794007496,64.0618888888889,3.99004545454545,63.563176470588196,3.0075604395604403,33.9945483870968,2.97812011173184,34.0959375,44.8927826086957,6.23369186046512,42.0112083333333,1050.5714164959813,82.09980908771828,30.517163171744766,82.00983956264378,1009.4988115155727,495.5091280862689,221.47742565721273,239.64066058397293,787.4911185353994,1272.845477797091,153.0451001599431
156,3.2832540983606564,27.44588095238097,7.035527272727266,8.545946969696967,3.3302491582491602,40.795939393939335,2.2259423076923066,22.563380952380967,3.26148012232416,26.889435897435902,2.3191145194274037,12.281122222222235,43.934545454545336,6.646988304093568,30.83647222222223,103.08021042943678,104.65440342535949,24.107033914402923,33.27259707006679,102.50291982155552,727.0272433136901,146.6380354637901,331.35442063212395,890.2774502833685,1855.1221117377281,85.06580100705226
157,0.618030188679245,36.1254705882353,6.99370909090909,8.45587591240876,2.00340476190476,43.577625000000005,0.784969357249626,13.0971149425287,4.16157751937984,63.0030588235294,2.0881539961013598,22.022833333333303,51.1935454545455,6.9823167701863404,65.6431176470588,158.29896834821668,230.61348152220825,49.82499222268394,36.5206070077277,123.12023772327112,954.7382360324264,235.303514637053,415.30248709023,1675.327168777585,1397.0417203381658,106.11140169203281
158,3.091544378698225,23.8121956521739,7.0582142857143,10.62995833333335,3.3667029411764697,48.0455,2.55697572815534,31.363388888888903,2.7830384615384602,21.287100000000002,1.9198063973063952,11.5102777777778,43.525,4.861436440677965,26.37204545454545,58.663638179446295,42.984579634551494,30.79253641405096,23.649656775074327,54.28646755396288,533.2099972292781,154.3833059258759,258.8079427368939,610.761740244925,1092.022575903684,103.15264808014035
159,0.975783806343905,27.952555555555552,8.174875,11.40242,3.7524677419354853,64.69175000000001,1.46766792929293,15.643562500000002,3.5150487804878052,38.157033333333345,2.2263326086956496,12.08797674418605,49.637625,5.81143604651165,44.25925,114.76733496307239,398.3056975525211,31.2363202115335,29.76711940285339,526.7944424501576,600.2805661410093,132.5651304796338,304.9241495318711,596.6021446511149,1054.9688013270497,72.58645491674542
160,0.287044816547648,58.1086,7.02527,8.479726495726501,3.44637898089172,137.089272727273,1.69154782608696,41.6909285714286,3.7746940789473697,114.08890000000001,2.52059574468085,41.224392857142895,128.91275,12.7652926829268,124.18818181818199,317.81806443651027,177.37087923429277,86.60275355684058,88.16128392899203,2137.249718655122,462.0396066457033,142.9727068170905,269.1818866878748,939.2455453053117,1285.7666704803705,177.53029242157936
161,3.7124322580645197,87.0363333333333,7.60945774647887,10.0126330275229,3.22325414364641,70.4705294117647,2.08186749116608,38.3825555555556,4.11309352517986,63.69041176470591,3.1821456582633103,37.6842666666667,73.6993076923077,8.18305839416058,71.9415714285714,213.41347513876326,197.4450522370648,52.90909610797668,75.66064092106672,326.68202776385493,713.7133972719312,219.22674495726824,375.1863958314061,1218.8035994768143,3217.857191339135,128.71650978922844
162,2.63968686868687,35.97732142857145,7.3290579710145005,9.9813404255319,4.01241015625,43.3305,4.037675675675675,43.23854166666665,2.87200578034682,18.4991875,2.796604395604395,18.32524137931035,32.81706666666665,5.12125225225225,21.95470454545455,92.4827635372939,33.92253597735423,32.54327472115274,34.254230390590166,51.522347150028686,450.19371900707483,192.2123017720878,203.3915719948709,404.3473512865603,776.2465276755393,120.62294408679008
163,2.1734836065573773,31.073886363636248,7.667212121212125,10.64064814814815,3.2397301136363748,41.85404166666675,1.6868702531645574,16.401808823529425,3.405088028169025,28.043409090909,1.7093453947368424,11.071358695652174,34.482113636363756,6.201178571428575,32.91435,84.25860333274079,65.86731371227204,29.26481931384959,22.6700815037403,91.54651913254213,578.9438087958843,109.41439541056752,284.3497903086245,722.8395028505474,1233.0696918070316,113.94547764211893
164,2.58989692982456,29.17613157894735,6.9624097222222,11.18151020408165,3.086701612903225,40.50814285714285,1.390884715025905,16.86873333333335,2.9214240837696352,28.86625,1.844663194444445,12.30207954545455,45.12833333333335,5.384543010752701,35.4476,114.42603620745743,432.65898820407904,39.4679519852727,25.188629400456904,418.5058863838807,667.8134785033762,135.04638336598873,310.56854641065,752.4209097027779,957.3793271556497,57.71425785496831
165,1.4612947103274552,32.6006875,7.190810975609749,9.32375,3.9415659722222203,57.4847727272725,2.493216981132075,27.4475,3.18976875,32.685062499999994,2.4673601895734603,16.41132258064515,41.04726923076925,5.8483131868132,38.33506666666665,564.4337131821551,505.4973209242455,25.53528806531534,38.81301142347734,101.23378266572058,617.466401308775,176.34325195103884,291.9502672739327,834.2831046320498,1511.51706231758,116.12465605139732
166,0.633658563535912,38.3971333333333,7.5765,14.64525,3.8254158415841597,74.32746666666671,1.42534985835694,26.4055263157895,4.8638190476190495,62.3420588235294,1.9434464579901198,13.5890235294118,58.069,7.68740559440559,73.1893125,233.17910628183958,103.31057010041306,70.9633631627211,27.88531810791765,925.1276844489283,942.0436108484864,156.46812971681356,531.3955945894122,1451.9229298457503,1643.6881385743618,90.26969783008099
167,3.727062962962965,67.37825,6.9724802631579,9.55935833333335,4.433847457627119,84.22215,3.483939597315435,69.9489,4.321774193548385,43.70966666666665,3.562643333333335,34.3808125,53.125363636363495,9.4881388888889,53.404681818182,159.23501105133082,389.9071885830142,59.17583907602245,72.88370083931501,111.97591385504006,600.1045578159392,175.2030453644693,328.4627106040716,765.838916413486,1210.0878870114684,198.4532573260367
168,2.14757575757575,37.277893939394,7.590743055555549,10.82903125,6.618793103448283,47.0805,5.093773148148149,32.32701515151516,6.645113333333334,25.5755,5.211109523809516,15.760727272727266,39.89088333333333,9.1015,31.866847222222166,137.46381767393476,161.97815169963135,26.9074990411723,34.47629712724206,177.19089557692874,530.0266318954527,171.0890520674487,264.7066372446716,665.1030504144729,1701.4921371204157,101.41046562542518
169,0.212221160911095,16.89703125,6.9454226190476005,9.89624545454545,3.1888323699421948,46.3818181818182,1.3074803695150101,12.367249999999999,2.86253015075377,26.34661363636365,2.27307874015748,13.9512027027027,31.81733333333335,4.955690265486725,31.2835,372.2606528060622,65.7630370592987,20.978413036668496,32.48724034636014,650.7233539738447,603.6358885467052,151.51641564443707,326.21303107589483,712.0304857380688,1425.8150942623615,54.14120387285948
170,2.94766758241758,27.65364285714285,9.2959,14.53484285714285,3.4547692307692297,46.41804545454545,2.797516304347825,34.132088235294106,3.263475138121545,29.09838095238095,2.75590909090909,20.59632142857145,48.9641,5.48129326923075,34.4564375,74.32807214059729,106.63026992520277,27.86773751128961,40.159425323254695,185.38292248254777,618.1816454045475,199.40364873036742,293.390522710979,702.8746069408953,930.5679588578641,108.73714927583933
171,2.3073139534883733,51.921909090909,6.953454545454534,9.786342857142866,3.3191314984709464,95.83253333333333,1.5201822033898298,18.7652,3.5783074433657,58.69547222222234,2.5774917257683203,24.5726888888889,81.98280555555566,11.496676767676766,72.55336111111099,233.5858990390548,205.2253816147539,58.25547531328869,50.73921500154048,480.75085024998947,548.5344134892026,123.20725557704766,261.7585627983014,967.1301348134875,2138.7769219775996,112.74663265794516
172,2.8312979351032435,34.87630555555567,7.887544217687066,10.8959696969697,3.4424901960784333,49.88975757575767,2.804328165374676,39.150111111111,3.1612106918239,29.55042424242424,2.7343055555555567,23.186377777777764,60.94991666666667,6.5335057471264335,35.53066666666667,287.17981712730005,257.2362658163848,40.412838998998105,50.47229404351298,274.7932606426421,546.6767198716601,124.50393599768479,273.4661800786853,681.0590857639909,1286.9730902214844,124.61359923084576
173,1.87481914893617,49.18985416666675,7.22206875,9.335112068965525,3.0518670212766,70.02770833333324,1.37053953488372,17.643446428571423,3.653359154929575,60.79685416666675,1.5446717791411049,16.0294375,59.9237,10.70522,78.04402272727276,686.6297450679967,791.9280269412596,60.13980723761528,35.3318443365002,1344.09613875,663.5689060203731,103.63427572883666,323.08869413100183,889.9545704480261,1336.4891754463315,119.60060219280422
174,0.424017771195853,18.544947368421102,8.43723,11.947085106383,3.10428405797101,58.444388888888895,0.532370474847203,3.3579999999999997,2.3661172839506204,38.65703125,0.521029657089898,3.32243188405797,43.12825,4.73524651162791,43.3546666666667,145.56769877805664,748.0405447210077,45.33361646324446,6.935624681944821,706.4321800460957,700.1247256994247,77.04026065766811,461.18078753352165,1005.7807667180896,1517.243403941393,90.16420226544142
175,1.86686126126126,39.56581818181834,8.351333333333335,10.916462962962967,3.1713010752688167,38.46266666666667,1.96293668528864,17.02959420289857,3.09941592920354,28.684111111111104,2.00510925925926,11.372055555555567,37.382515151515,5.8598306878307005,32.42027777777776,114.34021936612417,308.75799726373225,31.766251112414352,27.03996570628416,256.1577634089435,592.7181414638957,131.8922188753883,319.94661937157315,759.2708493272463,1408.5020869970322,71.86539781590302
176,0.18854821178120598,11.911175824175801,6.88870860927152,13.3805555555556,2.075021484375,27.9694242424242,0.7371068027210881,6.95288535031847,1.83140871021776,15.802853333333301,1.2339539614561001,6.93736144578313,21.016462962963,3.39948125,18.8631538461538,67.9479272542151,37.9007262576238,11.595121525319867,18.626973284644638,460.8076449665568,478.0449206009507,112.2836023569107,251.5423810109496,664.5992631092668,1743.7092727050185,32.06490073353052
177,0.55767244611059,42.95664285714285,7.0756851851852005,9.09066379310345,4.012973154362415,120.03925,1.413438242280285,24.115624999999998,4.759391304347825,96.036409090909,2.59786111111111,23.44594,78.0116363636365,10.70402,115.11954166666649,431.2036251471622,173.20335227895924,33.876779782116394,66.52006537477412,400.5495568152847,730.2305079065263,146.52160461992025,344.7538008913398,759.7015122883022,1490.2435475960374,157.10610896348953
178,1.42387570621469,41.25345833333335,7.46130714285715,9.60618852459015,3.76735616438356,54.2453636363635,2.549723684210525,30.4874210526316,2.6229774774774803,25.808625,1.9536216730038003,14.0800125,53.351909090909004,4.579743902439025,29.14085,109.60899781133203,72.05633511605342,22.414576516615607,31.092554814001595,353.5532616327051,528.8632703013718,171.0952608846128,330.43191069737077,767.117366194725,1011.6955265402794,85.55424865335226
179,2.6502248677248668,23.192567099567093,6.490276190476191,9.101103896103904,7.018457142857143,32.86813852813852,5.785753246753238,21.98606060606062,7.083746031746047,18.469071428571425,6.057539682539666,12.354809523809525,29.843225108225095,10.58947619047619,24.99495238095238,92.91346551285802,37.5310211353217,24.59417971069367,26.546439964746675,171.92535309523808,426.8463689922577,131.7831122183374,205.56433813735134,435.7820155010337,797.5291250096191,129.4662854412482
180,0.258096994190452,12.0092,7.1536130952381,12.2832613636364,1.2934994400895898,18.055423728813597,0.282257005988024,2.2700633187772903,1.32652534562212,13.6193625,0.25383488943488897,2.2221219008264503,21.7333191489362,2.8192142857142897,16.2958428571429,43.434851496521524,42.135662469966,13.871636329499758,4.584545478525356,69.02270359933348,442.52658262848854,110.26000138372183,212.04659715294838,708.6514262482524,1598.6972954124212,34.43469759076834
181,2.02517763157895,32.06357575757583,6.960314102564101,9.450125,2.9955767195767162,41.484944444444494,1.0823578154425617,10.638614583333332,3.8117789115646334,30.919196969697,1.0177921052631584,6.919029761904767,34.879606060606,6.6773275862069,36.314600000000006,254.10268719421524,76.26205925155382,20.241590867992127,17.308998992544918,172.0212500734294,662.6184370058279,112.86899680271745,268.047865635405,734.8041166551411,1570.134311138342,70.12630036721627
182,0.1323382484361035,16.117527027027048,5.8513913043478505,7.6913333333333505,2.785888268156425,46.1629090909091,0.653172391857505,6.4199430379747,3.134040983606555,38.08776923076925,1.2947464285714299,9.78978703703705,22.677899999999998,5.3111818181818,44.127153846153846,248.17268394461317,161.66753437651863,17.306579017483866,26.295901385683752,204.45310567508292,863.5583217255771,114.14359323680401,418.11601258814335,920.0768661685288,1664.834190160036,63.1041475571692
183,2.930426136363635,33.25333333333335,6.88436585365855,8.14140298507465,3.13411280487805,53.783909090909,2.2018125,39.2757,2.6930859375,27.0452,2.167843396226415,17.599545454545453,55.896681818182,5.4915,32.11675,110.26621768375462,53.626323544305585,41.8601200474756,30.04235545083473,95.15301781290657,519.3906254135072,115.4769561253488,250.84788212552667,733.5418951697648,1465.9942593425512,102.05585276708007
184,3.0148870523416003,53.699400000000004,6.70541447368421,8.13133333333333,3.8123023255814,85.0152307692308,2.0845477582846,42.679399999999994,4.16935769230769,47.1592,2.66098783454988,14.012548780487801,38.3008928571429,7.1360472972973,56.823100000000004,1036.3625378087277,112.83232230270363,20.245486082400124,71.44297743185693,127.80533727174819,778.0943997204304,193.38058773428202,321.2918760254979,1185.296499170363,1106.5628379583359,99.26229249686003
185,0.956724545454545,29.901705000000003,6.626586363636351,9.29144545454545,8.39733636363635,62.87587500000001,5.96124545454545,36.8734318181818,9.1176909090909,35.0461375,7.12538636363635,20.36734,54.94267,14.060845454545449,50.079129166666505,153.92891987624924,231.59252555555554,38.25284103269691,49.3839910733617,382.0828648333332,567.363976733759,124.32495946995914,283.9125960599631,612.50941012986,955.1396733149886,180.00385025516152
186,6.45314689265537,76.3117857142857,10.1585871559633,11.8102588235294,3.48095205479452,60.5523,0.899758215962441,9.3928,3.36890397350993,33.810677419354796,1.82352884615385,9.92841747572815,48.951150000000005,5.62975806451613,39.2523793103448,152.46268386328518,725.6893119389404,35.1696257928741,20.46289307606921,696.6097685242052,599.2232356220484,161.20574437081814,402.1421540528536,987.6974625512958,1547.4231913685799,86.67989168316126
187,3.6307006172839498,77.8388333333335,7.20551807228915,8.72335,3.8189632352941203,68.23205,2.777164215686275,44.6815,2.8610906593406598,35.76846875,2.04550170068027,16.70412857142855,79.72354999999999,6.24197252747255,43.2616153846154,565.5606083309409,535.4298675461233,31.067761381425292,54.584394852004785,90.13718384873489,606.6351546905935,183.1020344980061,270.9808060899377,818.320142570883,2066.166850272566,120.5140957608819
188,0.8429047619047599,22.7233076923077,8.35715942028985,13.0227625,2.63843409090909,36.966464285714295,0.3512596923076925,3.354243016759775,3.071590395480225,29.92267647058825,0.60698674698795,4.587344,34.88784375,4.653106194690265,35.68056666666665,140.43754145482404,511.05205746678826,26.898016046292014,11.879416867712846,122.9263181650386,906.8826446309686,119.44585712626576,463.076529558748,1148.4780814498663,2264.3362870439887,50.629605539143085
189,0.87775585284281,43.45339583333325,7.04428289473685,10.45598214285715,5.31184782608695,99.11720833333324,5.34020408163265,130.89697916666674,7.197807142857149,69.9541,3.9833045454545504,20.81373214285715,65.44352083333325,11.3430625,52.573409090909,118.46362998103201,108.99264263513867,48.45352809960881,39.63165770639009,90.83739127196506,592.9938866756856,136.81207201443613,293.1147231720388,785.6935495510697,1705.70908812806,157.3671994265169
190,0.289016926383665,16.194093333333303,6.71378846153846,9.69622033898305,2.90909245742092,40.0648846153846,0.861165718927701,5.9750773480663,2.70492790697674,28.8824857142857,1.31822699386503,8.58720967741936,29.070162162162198,4.89327102803738,36.07684375,118.06431697666716,654.3275158897443,12.711175544666002,25.451926297417323,624.3651402962379,691.5069418027997,157.60960523039103,397.470616735518,791.622418910265,1300.3854313865304,54.95459772646427
191,1.513529411764705,41.61347727272725,7.708166666666675,10.559604166666675,3.5482071428571498,77.89520833333324,1.4452925824175826,14.020541666666674,6.696168604651175,58.28441666666675,1.97446052631579,12.742214285714276,65.819909090909,11.500237499999999,69.02108333333325,198.87437220318455,481.9085874750204,45.19284056569285,30.32122568238671,374.3386916412479,664.4638022407889,135.5635467916727,364.46215817704797,899.193505756557,1414.9104768875986,100.90261930599809
192,3.64262909090909,55.250952380952405,7.0055664739884405,9.21594444444444,2.81494902912621,51.1162272727273,1.23740550239234,12.6165212765957,4.1526482213438705,54.4042380952381,2.0737038461538497,11.9964742268041,33.38903125,6.2026686390532495,56.7691,124.50881473371633,195.08885515707914,38.84250676055411,31.409317107526466,768.1526089799296,768.4092735871673,150.03129374235868,411.2199181690812,903.1308814883232,1101.0774411261082,74.79980122298002
193,4.919136150234734,62.27355555555567,7.183131944444433,8.936138211382099,3.7233163265306,65.76136363636367,2.505580335731413,39.94716666666667,2.6833305084745764,26.510500000000004,1.95653264604811,13.526034482758634,57.28786666666667,5.467629032258067,33.020133333333334,99.90172328728293,53.40818963548884,41.93352740664432,32.13969660695536,587.516517473629,445.2013100186984,130.28393344332775,220.08422141273817,653.7276785820723,1345.4689101005592,87.43693275998037
194,1.0203599605522693,10.527371794871767,6.178087912087916,8.666792307692306,2.371822843822846,16.424832167832157,1.5374807692307693,9.255062937062922,2.9423532763532765,12.242139860139845,1.7694423076923076,7.954544871794846,13.030671328671307,4.368339743589746,14.044,44.42550773507675,28.029804869481822,8.770954629600848,14.57513988776601,137.61312100209997,567.9766074396097,133.18257585454447,245.3792768602188,561.2490465864539,675.649532618431,44.217653787479954
195,0.24620653195488704,16.3278358208955,6.92196815286624,12.0841111111111,2.62586422413793,42.1475185185185,0.640858160237389,6.07670059880239,2.18944736842105,27.1762325581395,1.19868493150685,8.97751190476191,27.2180930232558,4.79205,36.337689655172404,85.39950043510113,173.11531790650068,18.898469019250054,18.88728858590957,136.76618091619636,596.5979071334004,116.2572531029582,331.20729494839907,723.0664137750864,1887.814188376069,55.14989607036114
196,2.58356892778993,29.830675,6.3563125,9.29751282051282,2.52095145631068,44.2278260869565,0.8497121771217709,7.720507575757581,2.38180327868852,28.76395,1.65295819935691,10.902861702127701,53.80325,5.16748309178744,34.8229393939394,88.92068435164748,62.12273770689213,26.852224438870465,22.76071884090353,761.7819658113309,414.348510093987,115.32115750014782,247.48295545578003,584.9671550095081,1274.9167857691646,58.590201660990715
197,1.667638268156425,40.25357142857145,7.2960070422535,10.225166666666649,3.2650983146067403,41.3105,2.3403571428571452,16.84170588235295,3.398712903225805,39.11134615384615,2.69664761904762,21.89575,41.0435769230769,6.58624025974025,43.50646153846155,548.3717382842659,89.11965528348702,35.627913947474156,49.23535129143993,508.8843321433877,579.7036690637469,196.0398629307747,302.41021886467934,875.9422926232219,1450.7756219245493,128.16684320569038
198,0.7597595890410951,15.784,6.9716111111111,11.27125,2.3942875,30.3922105263158,0.693455345060895,4.8296652892562,2.891814371257485,28.0439,1.0284594017094,4.84429017857143,27.5377105263158,4.27687037037037,30.50347368421055,66.71514416274015,105.45371742570848,20.172712036806335,12.002886994987875,106.01690676691157,715.9213186241686,110.86738668382168,331.6222922876477,942.8734658285975,1255.8796908706427,48.35260333493352
199,2.6361540616246475,24.18486470588235,8.688382352941176,10.199090909090884,7.3421529411764705,52.12865686274512,4.163262443438912,28.34145882352941,6.6446844919785875,28.40628877005347,4.181027149321265,11.850465686274529,30.688617647058823,9.554741176470587,32.27964705882353,105.00978988723382,54.621284224384404,29.362716226554504,24.005135972716776,306.53507808823525,482.9103168209686,109.77084611487739,266.0243936321315,674.2021068930626,1644.8480529053247,72.74806472089361
200,2.185174329501917,36.745799999999996,7.030833333333333,9.637472222222216,5.707651041666666,59.67698333333333,2.76081920903955,26.057550000000003,6.7403115942029,45.50502777777783,3.979921768707483,16.16715,61.855652777777834,11.077322222222216,56.729000000000006,170.73406570107474,113.52386411853628,35.34428269962556,38.745697407547986,538.6478864102564,617.8544096959134,134.59741603583097,275.7419948466122,754.9240525501469,1707.4935254640877,116.66446613768737
201,3.07979320987655,54.817196969697,9.8035294117647,10.5211568627451,11.381433333333334,106.99105555555549,8.818611111111116,90.86840277777782,8.050456140350883,37.79826388888883,7.063526666666665,29.102909090909165,61.071803030302995,14.74819444444445,54.3410454545455,248.5038445763182,93.35491835356807,45.412631694155216,80.18305762645005,216.7094078477927,633.1561598926783,222.65514514098564,281.43270562092465,708.6259429343045,1624.4172855901222,202.14343288292488
202,3.7100882352941333,33.14375,6.3390655737705,8.694970370370367,3.2370339506172834,50.710393939394,1.0096916221033867,11.434709677419365,3.737722807017533,35.43127272727266,1.9759921104536502,12.320761904761902,48.713606060606004,7.317233333333333,42.76681818181833,122.19106395737664,81.47848780225586,33.394358262433684,34.147389819682594,533.1507632803731,761.0732534279426,147.55771650622287,389.6748414263129,1063.4120631342132,1538.0402095615864,70.72853234906991
203,0.126318141787759,16.490338028169,6.83790277777778,8.953800000000001,2.60148140043764,39.906,0.7238485491861291,6.05970680628272,2.55387064676617,27.399410256410302,1.40197321428571,9.133352,30.1932368421053,4.79277927927928,33.019222222222204,107.51036430734537,90.56916501459898,19.845778422807772,18.969289655549336,64.16308761029428,811.1362811177969,114.51819445937872,372.60798271745443,772.8782016783953,1451.0978711768985,92.76801720261574
204,1.57948163265306,47.372363636363666,7.130680272108833,9.787072072072068,3.999394636015333,51.50683333333333,3.930011363636367,51.71218181818167,2.8938117048346066,28.82620512820513,2.940526455026457,28.539999999999996,63.53608333333333,9.305658333333332,41.462515151515,188.04664211580163,68.17288948178687,53.75756850295421,67.84434459676572,135.251698853952,418.3063671613733,193.41263299187025,210.72159676502147,580.825392777721,917.8730581576625,234.38523833950362
205,2.26705907172996,43.60075,7.48795,10.391540816326549,3.2369294478527597,43.08753846153845,3.2462022471910097,42.496583333333355,2.448600436681225,17.9404827586207,2.49193396226415,18.0120172413793,43.028269230769254,5.721104395604399,23.78710416666665,73.85743626845114,47.47825371849563,28.44809294764102,48.04004208763578,67.40439533590946,418.4255958534777,163.24673779308796,171.66674369946122,429.149332921952,606.4232671633363,183.36100038141012
206,0.25606936416185,16.2399402985075,6.947898648648651,9.29526923076923,2.93213725490196,43.9577826086957,0.88004335047759,6.02776842105263,2.11207169117647,23.5836086956522,1.29320853658537,15.859438356164402,43.4288461538462,6.38388524590164,43.2367142857143,104.65505497794845,63.13749297343159,12.594568094864556,25.409019866032743,629.8183391819898,461.26930974423885,156.1734825372696,280.04879131913185,787.1700916439295,1398.0751857161522,48.53149875998497
207,0.28955637075079466,17.906317460317464,7.8258985507246335,11.702222222222233,2.4906371882086167,37.94006060606067,0.8461546316557267,6.6074540229885,2.855625344352617,29.77761538461537,1.36352549019608,7.752129251700667,31.486444444444434,5.048977168949767,31.6153611111111,88.42966640282462,271.34792294472754,28.00392624830423,17.064835812096053,462.9758463647183,526.300243412455,116.80271321286757,317.50525813549757,809.5545771842202,1221.6994383682807,52.44630544135968
208,0.69907804568528,24.44263636363635,7.46545512820515,11.57795,2.77151117318436,39.86523076923075,0.7882435312024351,6.47876923076925,2.7455890052356,27.039921052631602,1.187901590457255,6.4166588235294,38.28760714285715,5.524796460177,52.6437727272725,80.27672034111156,65.41989823982338,23.905343462331633,12.583261560141318,105.68762818050551,619.2347849719226,86.81450271978974,319.91127179935575,765.6881352886558,1510.8601190149784,58.12050076201558
209,2.4757853881278535,38.59936666666667,7.433375886524833,9.400567567567567,3.5110696969697,51.597060606060666,2.84821264367816,34.9411,2.6512592592592603,23.68647916666667,2.285765873015873,13.863404761904768,36.69423333333334,5.3248779342723,28.59911904761907,85.31712179048385,55.35078040257309,43.389758605389126,30.38401282775256,69.58944138884328,464.6352569883068,143.23710929602385,218.5746639346083,600.3779436772069,1206.5866651634376,102.93493202577035
210,2.140575925925925,39.5597142857143,6.9052831325301005,10.1954732142857,5.4295744680851,94.7239583333335,3.045060240963855,45.8589090909091,5.000405,48.71445454545455,3.1467877906976747,20.33139583333335,49.132000000000005,9.7802844827586,56.698181818182,370.9869096537514,125.96926613168311,40.07414191895786,44.07821903281551,83.63051803656482,711.0941223800182,200.79617388546467,288.80173340439796,980.3615626879035,2286.4065133035183,142.07290951162577
211,3.610021875,37.21313333333335,7.79055970149255,10.78075471698115,3.671884353741495,62.950500000000005,2.002685546875,25.49345652173915,4.157959016393446,44.83713636363635,2.6639,13.46991025641025,38.31946666666665,7.14584415584415,51.9424166666665,128.11505052741285,564.8586229571789,21.35475044153814,33.05068626192086,555.0737492859244,717.460154555738,154.9800974316895,336.2811869010329,958.8104556314647,1510.4088000953197,79.58200294524431
212,0.980896653543305,31.4015882352941,6.93335135135135,11.7751,2.9346502732240447,47.8134,1.1479712525667352,13.217011363636349,3.7378076923076904,37.598,2.23131106870229,10.6361224489796,46.15763636363635,6.25951744186045,40.13825,175.19709919711417,442.94113337607985,44.77004092371957,28.79520647077619,104.15602287691694,657.31710055843,164.61878549307585,322.2729894332588,750.9289309382439,1170.0795963406563,64.35979157686234
213,1.7519725609756098,28.972575,7.32051219512195,9.217298245614051,2.829910194174755,47.94613636363635,1.2281291866028698,9.08563076923075,4.549204918032785,56.27725,2.80769268292683,17.3413,54.36895,8.4370909090909,62.2973333333335,362.6460551006616,132.07527756423627,39.526368836921755,41.508629146125145,550.3331381802001,880.5190213024616,120.71789242327213,329.8763884231448,1195.4897199757397,2232.168463524431,88.47540011629462
214,3.7344542253521147,28.5437105263158,7.2273243243243,10.73794444444445,3.882746753246755,54.2959,2.9091067415730354,35.3972,3.058164670658685,23.49708,2.3775210280373846,11.603602272727251,29.27115625,5.10934684684685,27.58864285714285,87.32730696655761,378.34582205704817,29.68510815097295,23.863459627797358,367.6858307763599,615.1152891106904,126.94353936240077,222.97133691608906,688.4092115797102,2066.875307355076,81.68700151145458
215,0.5138256433007989,24.58375,7.57767132867133,10.5637407407407,1.65211180124224,24.7193404255319,0.5848701041150219,3.049353115727,2.57040852130326,28.0708064516129,0.580822957198444,3.10551764705882,39.901,4.60336818181818,32.5591142857143,80.11819487283533,51.63682850680404,22.46213000140787,6.251895468185452,88.63988576212752,501.78316887468094,99.65242352336645,200.180197134614,752.8002839535475,985.810486599803,41.54059570282698
216,3.97277508650519,50.9359166666667,10.808377358490599,10.7954693877551,2.27238864628821,20.50818,2.2847979797979803,20.064288135593202,1.92931729055258,13.8763928571429,1.9658087986463602,13.7493116883117,53.146699999999996,4.50146808510638,17.5443787878788,42.979078164446165,28.324618488401185,24.175143495857434,28.187938360189143,42.09979119787228,353.879202157259,152.89124567061663,169.87579874694347,351.18863452225924,807.6442405581474,95.15169076621532
217,2.93801652892562,27.229714285714298,7.24621739130435,9.63590756302521,2.72448556430446,48.5430952380952,1.01061444734552,13.862209302325601,3.93442753623188,44.35464,2.43971186440678,17.091437499999998,46.609652173913,6.42525423728814,51.494347826087,148.73709062728554,86.77482048197115,35.55074063264281,35.464457756097566,701.3562678184364,822.2972275689244,136.24762650579214,387.09042128175497,1085.4223277419806,1346.2320202961564,79.25420068204403
218,0.6986973333333325,24.4455909090909,7.91109210526315,10.21365,2.7791462765957498,37.437349999999995,1.7665886075949375,16.571890624999998,2.286487288135593,20.756,1.6139972972972976,9.088891666666676,35.740659090909,4.624909836065575,24.5633125,,,,20.25197729545815,,434.2852276749909,116.89542443491518,197.81720475293696,630.9493270236999,1419.7246811818331,63.38537787087262
219,0.9974080145719499,27.622897435897432,7.288858156028367,9.534975609756101,2.637051851851853,49.74796666666666,0.8991752577319599,9.752175925925933,2.9452086956521732,41.430696969696996,1.71201923076923,12.517481481481466,46.732515151515,6.215815476190467,47.65258333333333,146.01378521080846,113.6108261192466,31.361319541525376,25.662585550684454,409.0661327989778,702.8501170376936,116.35804548859596,376.24289592107135,961.2726358075937,1602.5281433636944,74.84786522885163
220,1.025711293260475,51.940909090908995,6.9308766233766,8.39739705882355,5.4668537735849,112.00987500000001,4.505760683760685,94.57177272727249,4.286187022900765,35.085375,4.18322180451128,30.742833333333348,80.8759583333335,11.5147234042553,44.3831923076923,171.8207865189994,74.671207044493,64.23355482382516,64.94495674065344,143.5336731795931,452.76148011907935,151.9724726676941,218.12262712046504,671.8261050991714,1695.83719689399,228.85865764692426
221,1.93117870722433,25.0426341463415,7.70626,12.3026344086022,2.3044780793319397,31.6185675675676,0.8479614147909971,6.405814371257479,2.99952046783626,28.8348857142857,1.6418175675675701,9.42778512396694,42.44036,4.9409473684210505,32.748,86.94759555855474,663.232650429853,19.28782530819889,18.848590615587412,63.39620305588062,691.2935758009553,117.09253303706646,322.86178320646286,733.5464935749769,893.1186981499195,63.31210024654865
222,2.4668595238095232,40.69515151515167,7.4705390070922,11.126083333333334,2.99595867768595,41.03454545454533,2.42405324074074,32.81133333333333,2.6027462686567167,24.186041666666664,2.3007480158730167,19.687192982456136,40.209696969697,5.519177083333333,29.36207692307693,68.72515702572298,56.84065013438038,31.877082316038578,40.910034815215056,71.72599770521518,436.3420729835828,160.75531796862683,214.4574032475551,584.1411106909314,1727.551594376564,124.65303298085928
223,3.078443452380955,36.105875,7.55935185185185,10.41675,3.902389655172415,64.6235,2.051848122866895,24.61514285714285,4.045236434108525,40.69358333333335,2.6263249999999996,13.145,37.02992857142855,7.0534189189189,48.826875,143.39450669521395,544.9638752939431,21.30423724234911,32.820329145954645,813.2350019281299,582.5279513373971,120.70200173184276,364.91818027570844,899.713602848351,1407.691347412765,72.15340156108141
224,5.295872146118733,70.82036363636367,7.121597222222234,10.470058823529401,5.872272727272733,105.91136363636366,4.679518518518534,92.96873333333333,3.7056020408163337,34.91883333333333,2.990286549707603,26.50966666666667,58.040333333333336,9.312576576576566,44.620527777777674,167.71758971573635,261.50057556457074,52.37953895184984,50.97715516668026,136.36517786302866,542.7712729821602,155.28226116051277,244.89892336229482,596.2527434652051,2217.0477624361715,170.50199676305056
225,4.267457142857137,39.470045454545506,7.31994444444445,12.273875,3.7680833333333377,48.5527125,2.3321987704917997,22.99860227272725,4.253600806451613,31.731760416666624,2.631882352941175,14.36952272727275,44.0232,8.71559615384615,40.46906818181812,186.82900827024835,225.89176016267052,35.12588870756885,31.662787948491196,97.09059225182664,529.2984715197235,154.4209400890395,261.19076064787805,686.9100965559483,1185.726810945198,86.60987368784845
226,0.290812920592194,16.2132537313433,7.4727908496732,9.78662711864407,2.10054414414414,32.9551935483871,0.388152507676561,2.97790256410256,2.5102825607063997,29.315852941176498,0.37564525655223296,2.9773837209302303,29.6611052631579,5.062793721973089,36.404620689655204,97.03780201064534,70.23599908594113,18.844291094697734,6.171195722107938,133.23843445409676,630.1255198195577,136.18876691907644,364.322098903358,817.9318159818649,1829.5359099283814,53.749303333461285
227,0.22734059216809901,12.005500000000001,6.92347651006712,11.3725555555556,1.82440357142857,27.1965227272727,0.273194317140238,2.10082149362477,1.46420501474926,16.1602837837838,0.255361733563162,2.09124048096192,20.9892777777778,2.92819941348974,18.7777272727273,58.41326431541947,32.817408189812966,13.75040811359963,4.486669615156979,457.81882594788215,421.05591855943203,113.73038869351149,235.41247937828302,569.9405213817954,1635.1982718333602,34.010689705610275
228,2.8731833333333348,57.330625,8.0698650793651,9.86641346153845,3.283551136363635,44.158333333333346,2.30893849206349,22.27960416666665,3.364140625,33.32635294117645,2.7023131313131303,17.243803030303052,46.678041666666644,6.6923795180723005,38.70403333333335,184.52098646914226,58.81615588179749,44.406436672724176,39.93091165190374,487.0560745085186,513.217959087342,130.50050474703312,238.59975626692176,725.9294390678406,1425.0828884541988,133.43580067157745
229,1.89248739495798,40.0022068965517,6.79655029585799,8.99156198347107,2.19889569160998,51.70925,0.884742066720911,14.1101585365854,2.46136046511628,42.145478260869595,1.39706820950061,14.4513292682927,73.3110714285714,6.36015625,52.2314545454545,104.173396367245,1039.116897085585,25.476942545923855,29.28857503773754,152.15882490500564,673.2495268806815,100.68602859973907,318.3231456205249,839.7632511332631,1073.5774878412485,87.59461343288422
230,0.36529593220339,16.454557142857137,7.6072387096774206,10.973152380952381,2.36659791666666,32.1778363636364,0.782884410646388,5.3020590909091,3.5424105263157797,28.01245,1.362967701863354,7.47465161290322,28.273272727272797,5.75709,29.994100000000003,,,,18.39092212860852,,551.2213567271829,106.57747741788626,314.9360744282603,829.8830129206181,1189.0523601323366,45.14901898801327
231,1.714208609271525,50.11355,7.06966875,10.2305357142857,3.3285,55.739625,2.908533854166665,50.2522272727275,3.6281455696202554,39.37684615384615,2.97744642857143,33.05103125,83.0949583333335,9.473383928571451,49.17395454545455,285.1514430885364,307.29427542966226,66.30304901985753,69.9891486349225,191.1941659229407,415.01715313643217,163.84063055738807,212.514225859195,587.6981536857784,860.3557012975216,227.4165046401322
232,0.354100803957947,57.4405,6.86110666666667,9.06188976377953,4.73023505976096,147.356545454545,2.02103518518519,21.2914,5.21869696969697,109.28269999999999,3.48342236024845,31.8654864864865,103.392666666667,13.366578313253001,126.26518181818201,376.86383546877863,236.6099418742321,91.79387619863847,64.8224900097662,2194.593066141354,605.6077312678099,151.9676297903061,326.68744679540396,821.8153845518827,1702.152006328106,174.45338889956474
233,0.922513492063492,19.5686271186441,6.803398809523809,9.023464912280701,3.1665688073394502,48.463818181818205,0.829176,7.67194285714286,2.63477829099307,25.6870731707317,1.51517830609212,8.17477551020408,33.3922413793103,4.42607114624506,29.448352941176502,86.29265456792564,93.62038068521971,28.794605584269817,15.118426180781473,517.4430351599917,808.9739130809903,105.32399173825979,376.83460395783186,932.8389074653387,1545.7302099093795,51.88749637454748
234,1.637020569620255,39.7614642857143,7.33690384615385,10.01208139534885,2.7951520618556702,59.6305454545455,0.9284235611510799,14.56979032258065,3.33507643312102,48.4997,1.63341875,14.1495875,55.48075,6.2713206521739,55.9453,153.2378621599782,1005.6999982914399,44.301552370587174,34.70769611138206,511.9587258724096,658.0136716365814,123.54744831100106,346.7127331532538,1039.3631528131664,2055.281260982156,84.43144615739584
235,0.5703730314960624,26.850477272727247,7.43876470588235,9.760388888888901,3.309087209302325,56.1024,1.314228211009175,12.7926,6.205303571428575,45.45035416666675,2.14347947761194,12.78685,46.61283333333325,9.058413793103451,51.5435,512.1378885447955,258.2925043917287,34.35918427055071,31.431681126611352,480.64259457632863,736.5829194895923,125.39497110992671,376.96314975619316,859.6295723691583,1294.627512106672,76.07757579535246
236,0.322579339378238,16.3130144927536,6.95093288590604,12.1442222222222,1.4196763157894698,21.332132075471698,0.632295031055901,6.10344378698225,1.7046734375,17.970233333333297,1.11944432194046,9.077890625,29.848897435897403,3.94036220472441,22.85454,65.28119849351927,38.091280971405396,25.409350920894497,18.74213598563832,619.7011314815387,455.1476798951626,117.49493423849344,268.2360587641597,520.9190072491765,1739.0271183103323,43.37318241596222
237,1.12768914285714,19.6479166666667,6.73717105263158,10.2429910714286,2.86392328042328,45.0031153846154,1.540252,21.5326851851852,3.64456776556777,29.9130294117647,1.8384169491525402,7.49281944444444,32.0102272727273,5.2987735849056605,34.968935483871,157.49495438347512,537.7377567834012,26.117316331693022,20.82680051343403,145.08074124237234,1078.2042751088738,181.90538976341486,397.89958391338587,966.2550874054432,1522.9983953759074,56.64320196956396
238,0.903611904761905,23.030347826086953,7.925767123287651,11.5314777777778,1.9639050387596901,26.9864,0.547602196752625,4.551495689655175,2.21485328185328,22.218500000000002,0.791406710310965,4.54215789473684,34.50889285714285,3.8709015151515147,27.991476190476202,64.52637053714459,264.05925605657995,21.42674019568585,11.982575617576199,284.1164670340825,767.231232021004,107.97088034451008,345.4479272477329,895.0257441028953,1197.1776257269084,46.343100257217884
239,0.9540000000000001,30.1627317073171,7.56434042553191,10.6425882352941,2.06525946969697,28.3750526315789,0.6086856168277429,3.08313513513514,3.1959490445859897,34.740787878787906,0.577096318709027,3.04001047120419,43.2463333333333,5.36083962264151,39.7023,106.79967592623647,71.4302598310801,22.19021124863506,6.243495064118579,62.993120358777034,673.2079898938537,75.32290183007717,304.1998250409961,969.926523976028,1034.9974501878023,45.02469673752785
240,1.4508083832335326,50.55506818181825,7.43284210526315,10.784829545454551,4.324,71.61116666666675,2.64570544554455,33.46913636363625,7.824959459459449,52.731863636363755,5.987581395348824,26.803525,66.83897916666675,11.323,63.42488636363625,149.46830765901268,98.98549068971153,46.61033145521399,56.55441024717978,879.0441808333334,794.556422624737,195.60072687454522,310.5379466433078,985.2988761849701,1683.5200251080096,118.76595090143383
241,1.2292218309859166,48.80454545454533,8.5058536585366,10.8139019607843,3.9765192982456,94.358909090909,1.7211318181818165,17.384578947368436,8.3278536585366,83.22112121212133,2.4794598540146002,19.252733333333335,76.26486666666666,13.713666666666667,96.62556666666667,253.01049111868284,421.04226563886874,58.62086847551266,42.007027311506015,995.446353062856,731.7667671789726,150.72105452418327,385.8333919197321,1366.543723270297,1629.5400680974126,121.9495665282011
242,0.62285752979415,21.5835185185185,6.8783581081081,9.88986842105265,2.11096607142857,33.258411764705905,0.705892945544555,6.19555494505495,2.383276548672565,23.3544318181818,1.58600159235669,9.49037962962965,35.539615384615395,4.706033333333335,29.10916666666665,96.27979394360007,61.93719381940584,34.65654083495636,19.661886429570828,657.0062401810569,483.3396291360259,118.70685266330838,266.83799223974347,691.4514116942883,1470.441254787147,50.31225737184286
243,0.27327836611195166,14.585319444444435,5.5982657004831005,6.436727272727267,2.3574166666666665,28.2213076923077,1.2343574007220235,7.1338988095238,2.9485447761194035,25.152738095238103,1.8968571428571435,9.446983333333334,26.2009761904762,5.3659537037037,30.816166666666664,183.02389403039766,75.86945258569476,13.317084904316431,22.169645270030088,357.90772494884146,776.3479836285114,133.49839330961308,354.1397862136364,911.7795076842109,929.6956239268184,67.45519737402599
244,1.63293385826772,86.264,6.77176666666667,7.54,6.41702941176471,200.356454545455,4.95047087378641,129.977666666667,7.59411940298507,123.453833333333,6.49144047619048,72.25293333333329,142.710818181818,16.2842461538462,146.5345,440.42414213755484,268.8047506981339,108.51831016667498,267.7652100186753,576.4109867298091,903.8712363690138,311.3489132374525,458.8064970448613,1337.9747048020363,1470.7416761666536,266.42179582268
245,3.057488304093567,51.10055,7.801768115942033,10.636037037037033,6.224333333333333,67.25945833333334,2.4295776255707833,23.691136363636335,8.04025,54.02097222222216,3.47559567901235,19.9376515151515,57.262803030303,11.676484848484852,66.64333333333333,291.2429004799025,605.6720603030302,30.00937676388894,42.04037222949453,721.7694533333337,820.6027171884974,165.9000758081675,378.0771978199482,1202.4317906859021,1981.736618715028,137.123450015982
246,2.0593530571992074,12.750215384615386,6.515711538461539,8.778089743589769,2.6871974358974384,23.301391608391615,1.2007239819004538,8.259,3.2504215384615383,17.201426573426538,1.3236234213547617,6.755609467455623,17.701811188811153,4.600782805429862,19.93094230769231,,,,15.11169584480705,,516.223875232614,112.08353277582388,256.20736683217376,595.6511837072097,875.2318224511467,45.16615389058223
247,3.3834613095238097,47.03483333333335,8.419389705882349,9.9396896551724,3.3327967741935502,70.9301363636365,1.05626225045372,11.0177765957447,3.78318148148148,43.02941666666665,1.07810111317254,8.491089552238801,53.1509583333335,5.31603738317755,39.6562,101.44733960843337,880.2081314261679,38.404886090657435,18.235297382849264,105.32207947352995,523.5351622104645,85.70882491767406,263.68903927505016,673.3912043273449,1196.5853162109852,71.71155884861946
248,0.241635783502718,24.3596428571429,8.612335820895519,10.0797857142857,4.2793888888888905,87.075,1.22595064629847,6.45833519553073,1.73094744744745,19.8985918367347,1.33528092485549,9.91305102040816,24.4558125,4.35615517241379,23.370816326530598,104.45097427503323,46.27023076271409,22.62881618129875,20.75676967153115,654.3424489641253,420.2791256830096,84.01400409638882,230.17677012830973,649.092486128211,1070.0471233576536,47.486601397395134
249,1.5084680851063799,33.646322580645204,7.60358278145695,13.6589764705882,2.8216790830945597,42.415125,1.01176787372331,9.82176635514019,3.14641256830601,31.709361111111097,1.74580722891566,9.63063934426229,45.753719999999994,5.43155707762557,36.31253125,175.3268442568259,164.07758672499745,25.841227369543763,18.933402600217576,637.5094668522286,685.3700149804354,114.85239956527948,364.2064053565264,900.549627840519,984.2054452747107,63.825701363384724
250,4.07256785714286,32.7199090909091,7.48899264705882,13.3959142857143,2.76244215938303,40.1441851851852,1.5681784232365101,18.6974310344828,3.49254692556634,40.15292,1.8144798136645999,9.11529268292683,24.5646585365854,5.42366190476191,45.9723076923077,119.02139540430716,90.95387425149151,12.755741461287728,25.524933001503804,108.33219546342828,667.8418489173055,151.83112118393183,467.181159183383,869.1366063430905,1325.216214172542,64.9936031550169
251,2.7276952380952335,44.83756060606067,7.30956944444445,9.234685185185183,4.219556818181816,71.0065,1.6257820512820518,18.078166666666664,6.682469135802467,51.3606944444445,2.41098484848485,14.392861111111117,71.723,13.520375000000001,67.80122222222217,174.40380220763367,607.5872590909089,54.1502490455274,39.57746195861343,919.6087162500002,532.7818333171308,132.91120218733946,265.4683659784496,761.0315883842608,1497.488534854104,119.72570015738408
252,0.870635751682873,37.09114285714286,6.158422857142858,7.932436090225557,4.607318367346943,74.55018571428572,1.3784897959183673,18.416675324675285,8.404206349206342,63.653107142857145,4.572656084656086,20.426880952380998,53.687047619047576,12.953071428571429,79.0977142857143,213.9872258383034,304.7964572045439,44.33513984592411,42.80442199660528,525.5846119047618,709.7765204629728,146.4151544496417,355.7992267555424,987.7441284645881,1639.6143706515431,95.55804343628031
253,2.0790289855072475,52.28279166666675,7.255675,9.36139285714285,4.00661029411765,63.814350000000005,2.6722574999999997,27.173770833333247,4.15851153846155,39.2657954545455,2.81034210526315,20.466178571428575,57.76411363636375,10.157941176470601,50.054975,152.39746752267675,90.21191064176024,38.66585922536272,43.88916358363941,838.7142380769233,441.63523707538843,144.27379937842488,218.95742393098772,696.2641549762338,1899.4838173966855,118.73627663590014
254,1.9977340000000001,30.009340909090998,7.989909722222225,9.833616071428574,3.389813333333325,54.636399999999995,1.7808125,17.54065625,4.300484126984125,38.82931818181825,1.829135714285715,11.916527777777775,48.079875,8.100256756756751,43.463479166666744,138.26982468909364,95.07641576285792,33.617073123185094,28.368393804845233,241.6322801421222,660.067138960585,112.98342142254114,335.1897466927767,912.6548538915813,1636.9729477446526,78.20274913683534
255,1.25551414514145,20.2458,7.03320625,11.84294,2.02371169354839,28.99565,0.8762146718146719,7.81184328358209,2.17814799154334,21.016818181818202,1.43614620689655,7.94199310344827,28.1124210526316,3.7797074829932003,23.722142857142902,64.7108496614666,41.90143469549314,20.82159229455645,15.332788083066175,519.4301724568521,449.7044952586293,110.6322044506669,244.97704580426213,571.8211410567164,744.2699046805501,41.02520179003477
256,2.236276315789474,19.92251052631579,6.238078947368421,8.197157894736842,4.650241228070174,24.36865789473684,3.183818713450295,14.635033492822949,4.846563157894737,14.746926315789473,3.544344129554658,8.594411483253579,20.77253947368421,7.435301435406683,18.029985645933,64.54719283417923,35.25263065412995,16.90621596869976,21.766187157231627,117.60204237472547,502.3805056943705,119.98890090341631,221.9618298113346,516.218165131776,1138.1589868841202,64.43293103458066
257,0.330973165211769,57.454750000000004,6.76563157894737,8.87708695652174,4.71857661290323,94.2761818181818,4.71730864197531,95.0633846153846,3.55292783505155,52.5775454545455,3.58661052631579,52.5511,115.8684,12.890397727272699,67.4973529411765,206.76173542440694,109.73809502337348,97.43871353560284,114.1448840879357,156.062048039936,594.1397976130247,233.34769066423178,244.11273188889027,579.9004109576344,915.9614099189639,336.9021927937865
258,0.3755951875442334,17.337766666666667,6.863618181818167,9.167644444444432,1.78286224489796,24.789410256410264,0.75179593318809,2.9054010025062667,1.9084176706827298,18.738777777777766,0.7394645873944135,2.81493917274939,23.71647916666667,3.662303921568633,20.499537037037033,89.45768854907986,41.06859205548725,17.56145327709094,5.46601954841918,43.345687467942724,358.8782701020439,101.48798270771901,220.74862693746886,527.8693977743387,1825.9677104651928,40.97615989545981
259,1.03039189189189,18.387,5.89365333333333,8.19124285714286,5.169295,33.126279999999994,3.0597029411764702,14.696109090909099,5.96511428571429,23.7279818181818,3.5152333333333297,9.64302727272727,27.84155,7.4526214285714305,29.5810272727273,101.65358539535207,149.0311986350164,19.544619240742033,23.465005591129007,115.11956623182292,600.4797015339136,155.64480796456337,300.3567340783775,723.5771091654897,1174.61992893368,69.5627904497087
260,3.66769798657718,33.66063333333335,7.626485074626849,10.260950000000001,2.99558,55.879541666666505,1.5708177710843352,22.77134,3.575325657894735,43.77383333333335,1.907073214285715,12.477806818181799,57.2622727272725,6.5514252873563,49.860833333333346,136.12984269140347,137.5992873027183,38.09041049701425,25.441255061258563,137.19493749309743,601.4416459947824,113.03274659439921,290.62138637527823,851.1804277077317,1846.5881468728185,68.38439730927348
261,1.6954834983498335,52.6191,7.143680555555567,10.0340925925926,3.6807275641025665,90.33790909090898,1.3697380952380966,12.5763086419753,4.171843621399167,73.46781818181833,1.4988959212376933,11.000715686274498,87.367861111111,10.793547619047635,85.63520000000001,310.7506130583476,477.46088116826445,63.96898951084799,36.82016404121335,270.83806157043585,896.5999353677034,208.11205419401327,383.97830600539845,1315.4410989955068,1944.6931624164183,135.72253131618103
262,4.426774809160305,38.781062500000004,7.35248734177215,9.75465,2.685607142857145,43.760125,2.41492468619247,34.165699999999994,2.43405924170616,26.088449999999998,2.161865145228215,19.69474137931035,65.21662500000001,5.83694210526315,32.549194444444446,106.46911365896464,87.91991683106144,56.20066712150029,39.80418262994829,503.90237956573895,429.8935295082629,126.04084331542255,230.12617602944374,654.6131684444845,1842.1582411974669,113.23525104671717
263,0.2285994962216625,15.32806944444445,7.2700316455696,12.202604651162801,3.1701411764705902,47.508181818181804,1.55372018348624,17.56756896551725,3.093483333333335,27.16616666666665,2.16884388185654,12.2307340425532,31.1159117647059,4.812239316239315,30.38494736842105,85.32394400641118,56.51314763159476,26.02399612780827,27.258882977098377,580.917081789437,684.9268800579011,139.16486641392112,350.83595430478454,859.1905585490167,1904.5595894567668,49.6790511533618
264,1.5543263473053899,26.4367142857143,8.3698559322034,10.717375,3.2726960227272697,37.56323333333334,2.45061883408072,21.89866666666665,2.807706043956045,23.393630434782597,2.4282863849765253,16.7381388888889,41.07334615384615,4.8815416666666644,27.630025,74.4881485480716,73.70730929517441,26.788520289172364,33.956607818924354,62.37074362351164,510.1905437186361,190.57083409279585,272.9527186602354,553.760165348649,938.8316189870238,82.22979959100485
265,2.62093842364532,70.1993636363635,6.87673493975905,8.310847826086949,3.983061643835615,126.24225,1.321759478672985,20.17455357142855,4.1690640000000005,87.3044545454545,2.65518062827225,30.271911764705898,124.84275,13.166025000000001,112.626875,296.72103548359945,186.11409413049327,110.88926144682384,79.70391044012435,1242.776067316077,597.4905798211694,139.29023407399654,312.6450232230127,1007.367460988462,1565.7067764550447,163.1284598261118
266,4.341016,57.769772727272496,7.5308116883117,9.4715090909091,3.12589617486339,41.13926923076925,3.125351515151515,43.68065,4.04803191489362,23.9349523809524,2.6514433497536953,22.9065,51.275916666666504,5.8823846153846,30.777235294117652,96.04566243321234,49.83037306666838,40.88120969366088,49.69322856414199,100.6700674341064,379.58744214847684,184.26855094730854,195.68284042179585,460.3813751600683,848.3213488943875,152.5131519883871
267,6.095682926829275,45.878750000000004,7.50534210526315,9.896456896551726,3.4573786764706,38.35765,3.3157331081081,37.87388636363625,3.0813750000000004,19.814928571428574,3.0188138888889,19.134600000000002,38.599068181818254,7.8656953125,31.078979166666752,105.79450214381795,41.14739554231116,46.7350452010299,41.15820202927477,56.295656379737764,383.3215276245028,176.31733790040016,190.57092140428722,481.14435048773885,1213.4168471675366,142.59717427194118
268,3.45608125,26.20875625,6.841942708333312,8.706193181818188,6.202244318181819,26.509406249999998,5.229673076923075,20.586573863636374,5.040725961538462,13.751,3.920048611111112,8.726600000000001,20.573880681818185,6.411848958333312,17.970801136363626,71.24802207128606,43.36606383793299,17.99151108402839,19.349085075779932,130.08632474335144,445.4449881450273,129.6977512538433,196.47810113383457,456.84219512622803,847.1416163956746,73.18747520912439
269,1.04750487329435,31.7808857142857,7.08288,10.1954845360825,1.55833018867925,21.9869245283019,0.599822949117342,3.0825628742515,3.1362418478260903,31.411444444444395,0.569624629080119,3.00945906432749,38.1210769230769,5.05395111111111,35.7635454545455,79.68022550831463,71.15207650264219,22.147627295274525,6.2512289468836855,671.4900693507583,573.8045088946819,81.73245005309582,304.1940042749047,794.4466080516577,1025.8733993396163,48.46088122576475
270,1.420261421319795,25.3486590909091,7.52147368421055,11.2621886792453,2.334624463519315,38.24416666666665,1.0039064171123,8.6277205882353,2.633821266968325,23.8143125,2.0943735408560302,10.02979464285715,35.89225,4.569599137931035,25.995954545454552,69.10274466510337,56.45432628993041,24.388929982626625,19.423312996813134,432.9337340355365,512.9185505211353,128.93513776361942,235.3773801587522,603.6981707438827,1341.7830923572183,55.2452402189374
271,1.0115841995842,24.5109583333333,6.66690445859873,8.81073770491803,2.16538374291115,32.299125,0.6681022801302929,5.9508693181818195,2.1954041666666697,27.014023255814003,1.24497872340426,8.915261904761909,33.2906363636364,4.424814516129031,33.4508,79.3958776699776,135.23933313119807,25.377404455755503,18.721210468610384,620.1032440727328,541.382166557014,119.92109939455986,296.91229574382305,865.6492922455072,994.6723934262992,52.43450868874788
272,0.419556610664719,34.5954117647059,7.55023717948718,11.794206521739099,2.26831777777778,36.8514838709677,0.41278928571428597,3.0757123655914,2.6366013667426,29.9731052631579,0.384326252904082,3.03565782493369,31.8949032258064,5.2055960591133,35.945066666666705,112.45098621981393,58.081154772266984,31.654279414450215,6.477060135147156,628.4715140352054,811.5485077723861,132.51800555735826,430.53035624325275,792.2529242932796,1604.335685260594,54.85687870532274
273,0.21312576312576298,13.0502386363636,7.0248095238095205,9.82842592592593,1.54457620320856,22.8057924528302,0.763706325301205,7.52906201550388,2.12887358490566,22.112512195122,1.25391270718232,7.329934306569339,25.743000000000002,3.97734387351779,26.2107272727273,64.3214165543253,39.300561123774884,14.000970911184542,15.165250429186532,525.4668171335766,446.5993260964751,110.34100316464901,257.5600054115057,551.9510479643941,1425.4851965233684,42.33070649206638
274,2.1148722222222234,63.81225,9.687268292682933,12.381120000000001,4.953125541125533,72.22424242424233,1.5671207951070334,15.618583333333333,3.4554634920635006,58.161300000000004,1.6809102564102567,10.5565980392157,54.25433333333333,7.802944444444434,65.24290909090901,171.3801172036734,153.00696394857624,52.62578433191705,32.86311311209058,363.5891701418322,610.5769658461213,136.00507906327644,279.7430769229929,912.9929899548491,883.489342716833,102.84563371290763
275,1.8135070921985834,37.383716666666665,7.3755625,9.931183333333333,9.256275,93.78487878787884,3.6152659574468173,35.959888888888834,11.872135416666667,70.03015277777783,6.59705555555555,21.831803030302996,61.520527777777836,17.060013888888832,82.8778055555555,427.38000455380705,676.9669390000001,43.537415080841015,50.56236052395593,474.8291951358713,888.8168958947062,152.58086690058312,460.9594160380463,1221.5613659160833,1776.6064614988863,124.85433059434096
276,0.4239177685950415,25.64571739130435,7.3592364864865,8.78904838709675,2.8299414893617,53.0518,1.1950766590389,17.7239677419355,3.1828323170731703,34.8333846153846,1.86289818181818,10.41,40.02091666666665,5.7306978021978,40.7930357142857,106.43539720929726,126.38559326030472,22.63571020196773,24.50402026962001,705.6329859724242,693.0621457286179,129.84923087060452,359.79991080239415,988.680380396545,1288.9962061308324,69.26830392330885
277,0.393235476108628,16.2019836065574,8.27072519083969,9.90231578947369,1.89301771336554,30.460903225806497,0.649935611038108,6.24320218579235,1.9311505922165801,21.5331666666667,1.37227236842105,9.28754700854701,35.6433928571429,4.5516,26.072282051282,99.3356501912981,76.86932157985466,32.20776573831021,25.749262458104155,622.0701315298833,421.8167392536998,155.24360351264477,259.3433950096369,568.3987168595195,1236.1710891127586,47.684088349342346
278,3.2469655172413803,73.26209999999999,7.3412549019607996,9.7372037037037,3.5030489296636005,66.01556666666667,2.57250626566416,46.14326666666667,2.878357333333333,27.810904761904766,2.3088543046357635,17.886841269841266,60.69077777777767,6.942319727891167,33.514393939394004,133.2791847133688,64.87603727116222,49.68884303425812,45.36731096460767,370.497487173906,452.81939674168825,163.92346005886796,245.85244245827198,579.7310421864191,1553.6789704735081,165.88689759373665
279,0.27519064359113005,16.4643611111111,8.2357397260274,11.6834545454545,2.68975,36.409571428571404,1.1620056433408599,9.121338709677419,2.7688634259259297,27.676880952381,1.74688285229202,9.08038709677419,29.561475,4.987594059405939,32.965228571428604,86.09305797291887,51.45142824069352,18.845635279207105,25.76502973606547,626.0541166039142,379.33699786663055,171.2986035272479,302.08020471036434,654.5181851834059,1662.0903741568327,55.173877626657486
280,0.61900744680851,36.97053125,6.87424675324675,7.9396153846154,3.2455959302325597,44.7738846153846,2.321416666666665,21.2370185185185,3.630720125786165,37.376033333333346,2.238998161764705,11.408855555555549,47.978624999999994,6.9768719512195,40.2893846153846,112.84999444672586,496.62533438118203,34.71934208934112,24.165619569752717,100.23557851523566,534.2466058209538,149.988429620862,274.59500124678016,909.6400928683579,1962.3045227490366,136.01210666820407
281,2.6823126614987065,55.02341666666666,7.0143790849673335,9.695333333333332,4.352117424242434,99.50724242424234,3.2433003003003,79.09875,3.9715833333333332,38.20413333333333,2.7922419753086434,21.519370370370368,63.51153333333334,10.3419761904762,47.075696969697,131.65825355039328,233.13075645068298,51.01931947908122,46.91308069983043,256.9171206587395,531.051098369062,135.1166982203722,268.57097012301284,814.9654371663928,1570.5585091685255,148.63292841861644
282,1.95054580152672,34.71520588235295,7.45029487179485,8.966836734693901,2.35176141078838,43.471,0.9216921739130449,11.0012222222222,5.787619318181799,82.0018,1.8845247524752449,12.308021276595749,52.559409090909,6.58546753246755,56.136958333333496,121.0461966707427,475.15498862652106,39.39878472157646,25.389331872176744,161.24671573358617,713.6659463867545,102.43224678561091,339.1368198208511,1073.9777120761573,2098.296780604869,81.17590332403779
283,1.36803329223181,34.5060588235294,8.23835971223022,10.4360357142857,3.9702499999999996,73.258,1.0155872420262702,10.3389224137931,4.11754480286738,32.3614166666667,1.37423122065728,8.75935897435897,32.50871875,5.00506666666667,40.0549655172414,94.07109159535028,79.10970026384359,25.521986765817857,18.82936928283347,626.2339563455395,590.5518773943186,121.76353484392166,377.83002480864525,947.5480997934937,1142.8744764998555,57.63969384133816
284,2.46564075630252,30.7487,7.65017424242425,10.762489130434775,4.25090384615385,67.81495,2.82437623762375,45.1738,3.726182432432425,32.51583333333325,2.261814159292035,16.436828125,39.06236363636375,7.35175625,38.16652272727275,96.95072788506276,176.6573290975687,33.214124307765374,31.82211135687147,97.62553768468753,630.3889385890216,138.95490556024015,334.1306291986257,883.1373765133321,1931.2971970066428,85.76165419071913
285,3.797648148148134,20.858862745098033,5.7843220338983,8.871441860465099,2.2776842105263166,27.777833333333334,0.9503285486443366,6.8257619047619,2.647901041666666,23.4082549019608,1.4856752136752132,7.227452830188667,18.92272222222223,4.324307116104866,26.8362619047619,83.69630027250433,252.98670843179062,19.328717005419236,14.38752159454568,170.51344446827446,580.9629801660776,80.21089403579633,276.0077904288967,644.6933218588432,729.0644415964683,40.94416896502177
286,1.1244055793991425,34.33166666666675,7.8962708333333245,10.899833333333325,4.09616015625,57.84131818181825,2.8891666666666747,37.564225,3.2028218749999997,29.912090909091,2.2508749999999997,15.190411764705875,33.679649999999995,6.733078947368425,34.980272727272755,252.02096289730204,77.41519158017795,32.55486073836827,33.18277292895349,110.82471730439212,525.8632765617222,155.01109301112592,254.78413444943723,694.6407782379538,1288.047560956329,89.56727688200772
287,1.13990034364261,19.9461333333333,6.916460000000001,12.7705365853659,2.81099765258216,37.4426129032258,0.93084046692607,7.4136808510638295,2.28668181818182,20.0931960784314,1.4067987804878,7.564260563380279,33.7808333333333,4.24659107806691,24.622880952381,77.3999003934603,545.8272493021973,16.02641512742818,15.199719632583989,56.801622925564416,670.2033104375005,112.84425854682922,312.0393957942724,850.2542041242123,1753.670978359878,43.832603842020035
288,0.673935256410255,20.525870370370352,7.13225,11.65351063829785,2.39884090909091,33.44813333333335,0.719799625468165,6.132702127659551,2.6151409090909103,25.9901,1.0843428270042201,6.07134210526315,38.02276666666665,4.416859649122805,30.698447368421053,94.15970415793142,87.63996190668675,35.234964934262194,12.467029445653043,363.15042449881776,613.2693379186094,90.51908273249865,325.7070668041706,776.6852155327797,1122.2849250771105,48.28609526157379
289,3.853229629629633,79.21958333333333,7.764666666666667,10.3930111111111,6.319805031446534,89.403909090909,5.273588235294133,70.73826666666668,4.243641666666667,33.24633333333333,3.5873192982455997,25.21459523809523,59.95483333333333,10.678784946236567,44.97143333333333,142.6601193284469,74.00385265825884,59.06526848869941,57.344111394853655,376.04325150032247,410.7397360106309,160.3629362458984,215.7535714407762,701.4494699736437,1110.3487030292551,163.6682621513804
290,1.28491494532199,40.2065555555556,6.684601307189539,8.91527272727273,3.45186538461538,71.9719375,1.23757625272331,9.637318584070801,3.42328865979381,38.6198666666667,2.6988225000000003,14.681203125,67.3066,6.66525443786982,44.882124999999995,134.18962120533644,79.56072292525003,48.99794300518843,39.449456307343084,984.1801453990604,587.4787690117955,155.75422439724207,356.65594041347504,1079.2195098474622,1448.7354317680001,86.00461296737194
291,1.2687352941176466,47.541727272727336,7.9768484848484995,11.433622222222233,2.7668026666666665,46.21075757575767,0.9230441767068268,8.877875,2.85100847457627,30.244102564102565,1.5595796519410967,10.327491228070166,39.26669444444433,5.3809814814814665,35.58927777777767,,,,23.010397675570328,,534.9907015139858,152.01851104696593,312.0287631948789,745.2471880242229,1343.4082424889007,61.147892847657204
292,2.130352362204725,85.268375,8.004270833333324,14.0172380952381,4.2000703125,74.17652500000001,2.4718881578947376,44.080825000000004,8.569943548387101,46.064949999999996,5.69139,25.369875,89.4025,13.644802631578951,60.3855454545455,381.2473922002549,103.9875946299242,73.08647256417996,56.74618172226746,471.8673048330104,630.7093717623502,151.12943365238607,289.97049666941166,755.6258526165038,1719.217112986371,149.85374873504043
293,0.37628168019767,13.404554216867501,9.11503174603175,14.445109756097601,2.5575355450237,37.1480689655172,1.88216330275229,25.280189189189198,2.50822875816993,27.310425,1.9524320754717002,17.4597457627119,26.201225,4.74302764976958,33.2311212121212,221.80800985509305,542.9037370199388,26.840037000499766,36.77618745913994,206.7773849071307,999.1854429244995,251.27960834652185,403.6606755107641,1019.0491564571857,1371.0217084735632,63.416012562811375
294,3.9885985915493,71.7166666666667,6.7840300000000004,8.294224,1.96398653846154,42.3099642857143,0.605335290663535,8.27599270072993,2.95768698060942,41.4166896551724,1.60921375186846,12.6943703703704,81.9385714285714,6.54387037037037,50.450958333333304,140.8439514302179,108.50129779032656,31.293272753210502,35.92624970213097,135.57701688156246,682.2069641202688,136.71573251485825,351.39890387654305,1088.6879405006766,1928.8440002128482,74.16009902954102
295,0.709159500693481,25.141446808510597,6.83912820512821,8.847712871287131,2.75696323529412,66.9656,0.590705510907003,8.70286440677966,2.69539770114943,36.2315,1.8086713395638598,13.8652179487179,53.14685,5.36122009569378,42.7730357142857,176.44470589199221,75.40500160244856,27.695039269455375,27.88419003072313,931.0279668436176,458.1343848258257,122.06763494759798,320.8352951332927,1024.9037062749267,1569.2266402766109,73.01429286599159
296,3.6953101265822803,45.98945454545455,8.9584426229508,12.272287500000001,3.363677142857145,35.75406666666665,3.40198224852071,35.58771875,3.0937890625,23.3622391304348,3.07353846153846,23.31244,47.5843181818182,6.646316091954,29.889105263157898,115.8731371389768,54.281692476550695,50.693151577962375,54.086001731588674,63.976837258229,406.0670733451843,177.68179532140493,189.16897242888808,549.1254036314785,1390.1477097533643,133.85264901444316
297,0.38643001962066703,16.261,6.8472101910828,10.5286422018349,1.50828818061089,23.8813541666667,0.373869369369369,2.9300625,1.75827615780446,20.300803571428602,0.355526262626263,2.9277783933518,31.9316774193548,4.1442734082397,26.177727272727303,72.42300708702811,651.1558594901014,26.02861821134531,6.113511410698629,612.7708894732667,392.85230450332165,125.32251421362162,267.35952123999596,577.3368524387479,1334.979315288365,50.04480481147766
298,0.949285016286645,22.259104166666674,7.509546052631575,10.642365384615376,4.42953879310345,54.550229166666746,1.923807553956835,17.498964285714273,5.1836581632653,32.239833333333245,2.645332417582425,11.44092,35.50311363636375,7.959431818181825,37.68602272727275,175.764104210358,232.77814294563848,28.45713511935918,26.440739102887957,292.9563739139038,587.8803844098002,140.1828194502741,306.1219002120197,745.5358223523945,1265.4070742428303,77.82472530379891
299,0.338538,46.619400000000006,6.23437647058825,8.343046875,4.184004132231405,139.60986363636349,1.0333098720292502,16.419640625000003,4.107620967741934,119.70375,1.38795277777778,20.362,97.273909090909,11.4709,137.24416666666647,1236.8127991557317,1258.0352654056135,87.14737955304405,48.4002411349468,935.2246040575974,941.7011984623969,144.87503794953227,401.333044283092,1055.3744621574879,1198.6837489530444,180.0189958885312
300,0.2557605633802815,16.82705714285715,7.90852631578945,9.87122115384615,5.041738095238101,64.29090000000001,4.93029831932773,64.3716,2.6466338028169,14.5947375,2.7349099526066354,14.63497142857145,29.32325,4.5650341880341845,17.49245161290325,68.96337117351284,29.670840362621174,25.755116953151184,29.609188166121324,64.993659888789,400.4458198323846,151.70652186498046,161.72227915376425,359.9590389057994,804.7670475207269,98.1852994300425
301,2.49384928229665,26.93055,8.8087950819672,12.638627906976751,3.343453488372095,49.70495454545455,2.7269225,29.8106111111111,3.1671975308642,31.82408333333335,2.60245945945946,18.218516666666652,32.79621875,5.20118686868685,33.833093749999996,114.89660955632093,69.6906905124012,21.69198627630601,40.89748262811489,745.1446526884475,456.0201312415302,181.8569959141314,281.55812760815024,617.9387681186199,691.6094454936683,96.82085365056992
302,3.9177403508771933,23.635246666666667,8.329733333333333,9.289727272727268,7.127545454545467,37.1043,6.462763636363641,31.265272727272734,5.96412222222222,22.04543333333333,5.46615,19.803053333333335,39.22908888888887,8.740005555555534,22.129715151515136,108.68397427456365,84.55925796135199,13.951226448146183,24.763718436914374,164.14490551195846,925.2769174054265,225.44236543277898,232.6596388593316,538.3640993386507,1241.817510065933,83.89343973249197
303,0.459930980392157,25.5602127659574,6.95608484848485,9.05651181102362,2.76426241134752,83.16207142857141,1.5074659248956899,16.5377424242424,6.58403773584906,98.1786363636364,3.45205483870968,24.9965652173913,88.70633333333329,10.570523364486,95.9461666666667,110.37165507386314,444.2998210242295,28.897768110679316,39.31771190216304,115.40961517312576,950.9223978966475,112.45752684772015,563.0265455693007,1434.1466128826141,1663.8860339298844,91.50088299065828
304,1.020527358490565,42.448499999999996,8.73975,11.018202380952374,6.1051802325581495,71.508225,4.178254237288125,55.315977272727245,4.674457627118651,35.25447727272725,3.2468273809523747,22.2854,72.620659090909,11.59640217391305,50.55602083333325,141.9606794946256,103.88414814648748,57.34478029586821,49.59533495028407,390.29868514306315,602.1318433340639,136.9799254462123,272.44259836152196,687.0713084936142,1084.814075147733,170.3196787275374
305,0.504654460093897,13.1002272727273,7.006125,8.92424347826087,1.80663315696649,24.4994418604651,1.0462903885480601,9.9565871559633,1.7822609351432899,16.6006774193548,1.2824180225281598,7.1205476190476205,23.6285777777778,3.729,21.241370370370397,53.09582638967909,35.95003658594014,25.43079622721273,20.64267899561683,524.5487356398892,411.96709498763084,112.36798018217087,217.72687323391438,570.8564072847366,928.2477665692568,39.25110213458538
306,1.980330464716,33.599610389610426,7.249031055900629,9.582117647058826,7.855969924812029,53.37832467532471,5.919788819875771,33.40135064935071,9.496028571428571,38.4758,7.621102040816328,21.271844155844143,39.03481428571429,11.657845238095243,45.52755714285714,235.88759992940666,121.63633622426462,45.44195910720543,49.230067123377765,204.67398867858674,710.9315866338355,152.22393974129642,294.0197608300618,808.8404079899192,1149.4353147489685,118.80949937871524
307,0.302669087739686,19.2838620689655,6.9404702380952505,9.2756875,2.4177227272727246,40.89225,0.6249753901560601,5.87408333333335,2.87825824175824,36.5600625,1.25929575892857,8.25552,36.86763333333335,5.2312281553397995,42.14107142857145,85.35389024794804,93.55134141637406,21.352449963955824,21.980745354492033,529.411577410131,696.763803716749,126.86533154919742,388.95445177331567,1187.3851413838565,1480.6416700594127,69.99500328674912
308,1.9135146520146524,22.75322380952381,7.164238095238096,10.180171428571429,5.738926406926429,34.48596666666666,4.1113412698412715,17.120103896103906,6.478750000000001,22.11089177489176,5.363884920634904,12.798523809523807,29.844957142857144,9.235818181818193,27.02409956709957,120.69377529965435,241.92633702380948,19.096773562165836,26.787515005663263,190.58651558441554,552.4055433592627,136.3216278453668,251.86832173771802,583.1504617595956,1092.083357451927,65.89643834602265
309,4.80816037735849,45.46465384615385,6.8451904761905,9.5129814814815,3.6838876811594203,62.3347,2.6037874396135248,46.60772727272725,2.6382890995260646,23.3339423076923,2.1152179487179503,13.7082837837838,40.614035714285706,5.110313636363649,28.65765625,126.11240430530046,58.343381482828505,31.221917919170664,30.310230572441952,342.16520235890624,576.7838913016021,142.3845416866243,265.07864240556955,700.2077531069517,1496.8865783885121,97.89230534806848
310,0.2742068709836875,15.85951470588235,7.64822,10.132225490196099,2.38380787037037,33.38319444444445,1.155247826086955,10.377918367346949,2.83641304347826,25.524,1.861972826086955,8.7302,29.044078947368398,4.909599137931035,29.828999999999997,82.21337729694486,55.30391895698606,25.558580412973104,21.591895387792597,322.45983776559933,493.74055815860623,130.61976060271263,304.4548095203936,658.3567592315376,1441.435795277357,50.53894128650427
311,0.5426733620277381,23.8832173913043,6.58182802547771,7.301448979591839,2.35221224489796,45.896119999999996,0.730401388888889,8.41676470588235,2.55726119402985,40.9961481481481,1.17609641255605,12.1704315789474,41.367769230769206,5.74944670050761,45.1503333333333,1000.5567503786006,925.7021053327759,36.352558106077375,37.89834922321721,106.47078680725562,771.7143977060914,112.47345246374607,297.0753004774451,921.1249416694045,3228.400810621679,78.97750474512577
312,1.1454974358974361,20.431980000000003,7.636086666666659,11.02728888888888,3.10127076923076,48.2571454545454,1.97456504854369,26.039759999999994,5.312125581395341,38.865690909091,2.1667841584158403,14.06464285714286,37.277983333333395,7.94825185185186,44.763799999999996,263.04558867815075,97.0564644102338,27.660446989402168,47.71945667517215,367.6782680775187,757.2721038013697,190.00752363353968,385.6361238285899,890.9372240304947,1538.1957637146115,83.04887916892767
313,0.42758973384030396,33.6363833333334,7.48172857142858,10.86682105263158,5.00542666666666,80.0102833333334,2.56248181818182,35.99434,7.73171,48.3289454545454,5.04634347826088,17.5281076923077,51.01035,12.353247058823518,66.58276,194.05505391815944,642.9614901538464,39.043117186534566,45.713267922664215,523.0051055715072,692.0997239649296,136.80112548172474,312.6088809221983,725.7983181625605,1393.1777700781822,119.77791786193848
314,0.204216025414755,11.925857142857101,6.93582467532467,14.5087794117647,2.58557918552036,18.9955409836066,2.69083446712018,18.5774603174603,2.1947666666666703,11.5718409090909,2.17821564885496,11.8120927835052,21.08136,3.76082978723404,13.9114578313253,56.02314243075918,23.877379539139966,16.087564375401648,23.480288753651678,37.170316655607195,444.73058078438044,206.62294700741768,217.44335535913706,441.3128597661853,1413.3891556411982,99.31828826665878
315,1.6847820512820502,35.32276388888884,8.040208333333334,10.73796875,5.413727272727267,73.54323333333333,1.7125412698412668,21.10561111111117,8.132198412698417,58.0744545454545,4.679658119658117,16.235633333333332,64.35459722222217,12.878083333333334,76.0430454545455,595.4470461111111,251.48344233946466,51.306585048912844,37.569777715098915,784.3474099999999,728.6988586808244,113.97359970336159,397.0129764638841,1057.1474170622726,1854.075336207946,100.57206576069196
316,0.2578568588469185,37.0858125,8.03300675675675,10.25,3.695085616438355,92.11912500000001,1.372807304785895,16.59178125,3.57979,54.81135,2.187116141732285,19.725444444444452,64.675318181818,9.219738095238101,68.39418181818199,250.56542240610176,408.38599273656894,60.576816494830865,53.56263474431229,1186.839087265329,583.7250268086791,130.1677548326552,288.6831294745207,933.9518845081329,1966.3636106997728,108.01659664139152
317,2.8285602836879438,34.077611111111,6.904729166666667,8.394920289855067,3.2669915966386562,51.821933333333334,1.7653161993769466,20.132294117647067,3.2203861111111096,38.04983333333333,2.1531878453038664,14.241999999999999,46.54319999999999,7.323290780141833,44.29302777777767,97.13978546761412,682.8140647114286,31.448861212165355,33.35357802901648,396.7621593429139,619.5003632456064,128.77910242726406,264.109546939532,888.9580999190608,2061.1139635245004,111.60019785165787
318,0.293288096607246,16.1792575757576,6.77378443113773,13.9871463414634,3.1008143236074304,48.776857142857104,1.0665366598777999,12.153757575757599,3.58848765432099,39.331892857142904,1.60980028735632,8.99452713178295,29.8152820512821,5.77839215686274,45.9078076923077,92.49293990860764,77.85388567867194,25.290318764901425,18.504152328178556,196.57991822040282,836.1154934391379,118.11289004981518,424.82607532292604,1093.936595134437,1412.1468644589186,62.60909140110016
319,0.2538166122258515,40.52385714285715,7.244675675675699,9.548866666666651,3.79409271523179,94.1555833333335,1.95448653846154,27.283880952380947,5.13779523809525,73.350909090909,3.49116095890411,27.730473684210548,79.2645454545455,13.194858974358949,91.6222272727275,207.52435042330106,184.19556905751182,58.24857569993934,58.707021368086245,1570.3772876923072,719.2287943325937,135.95549389719963,340.22252075374126,1033.8092339225113,1159.1246933676302,130.4182573221624
320,1.2512838283828367,43.62263636363633,7.099541666666667,10.0248596491228,3.7895457875457996,58.70530555555566,2.9788888888888905,37.877388888889,3.9365793650793663,43.49805555555567,3.5357800687285335,35.14093333333333,63.295787878788,11.425974358974367,58.124393939394,426.24020081758846,135.86625273450696,46.05598918905702,78.63553403443747,401.6383703965192,591.3127136106292,205.9061313048005,277.81227448334295,925.7734365140399,1259.795514245828,201.81639896084866
321,3.83939730639731,36.6795483870968,7.5455037037037,12.4271038961039,3.00145953757225,43.3034782608696,1.0724624217118999,6.53900653594771,3.8629595588235297,40.386607142857095,2.17468343815514,10.2358660714286,32.9696,6.12932335329341,47.003750000000004,727.7470294004779,92.4088273466874,17.687825845628627,35.707403088213425,139.57624703403764,785.4764815419912,175.9129110723734,389.6147711202502,1153.2458243891597,1878.6570988595486,68.73658858239651
322,0.22074979674796752,16.7530142857143,6.8862635135135,10.41820833333335,2.551881067961165,35.58073333333335,1.00824823943662,6.09954210526315,2.68914351851852,26.15408695652175,1.202274327122155,6.0555159574468,30.992593750000005,4.6349298245614055,30.921289473684197,109.96422516188017,344.3504234131838,17.412656495367393,16.056377755763506,628.3565938385344,605.4046447388828,117.62406211346388,313.4114434942603,803.7139661610126,1360.270578879863,52.3353461176157
323,2.2790639534883725,31.856475,7.1761625,10.397714285714274,3.370141025641025,53.99997727272725,1.625845714285715,17.849125,7.053,49.5152954545455,3.031272727272725,16.504116666666672,44.63868181818175,10.60815384615385,57.793375,184.5914453681073,340.0243912966284,29.588806479729246,42.79620528454572,376.3771790174645,969.6185006760061,178.56628983281553,419.3513945210725,1141.507353167981,1455.342402914539,95.77947785146534
324,1.1810802752293577,14.455175,6.818339285714288,8.211599999999999,3.5534189189189247,30.4074375,1.8215883333333376,13.6854204545455,4.078967857142862,19.543525,1.881203571428575,7.952977941176475,20.73525,5.443277173913037,21.596525,125.56188179604675,96.79997078975028,15.573397840158496,16.745311495306645,124.2927422993299,456.5927432850003,108.47258672583848,226.6005234559998,600.4604627378285,1361.65531584993,56.311386288143694
325,6.300086956521743,73.06471428571429,6.4927639751552855,9.278554621848743,9.848845238095242,105.01501298701301,8.995756302521013,98.23140476190471,8.194447619047613,33.09463636363643,7.214317460317457,29.023428571428575,87.0702857142857,16.464922077922143,49.48332142857142,169.2061417145977,174.53168656943646,52.870719772049014,64.08579424676661,152.23880673583616,471.08769150716915,123.21626834039178,196.83318345674448,574.481174615877,1165.8805622053999,223.92194452030319
326,1.3202036553524799,28.7805238095238,6.08306315789475,8.58434166666665,3.9775862068965497,79.40408333333349,1.477272727272725,18.47362903225805,3.19244171779141,44.12629166666665,1.79746153846154,12.13225,48.005625,6.962899999999999,52.3310454545455,198.2538241103814,334.089009948681,40.79570384744717,30.865872192262053,344.6298535619685,679.382705129683,148.9492366090417,367.78589710593224,779.9468003213406,1353.3206656575203,83.59604980796576
327,1.81435164835165,38.63106666666665,7.97399253731345,9.743286885245901,3.03370053475936,44.033384615384605,3.12307878787879,44.751833333333344,2.60154203539823,23.4652391304348,2.64319419642857,23.722125,59.86175,6.062529411764699,29.638194444444448,94.25113465303322,54.69747802623106,31.474754200685812,54.622601136297725,49.621025408438506,401.1313198134303,175.4503697156906,187.60638777166605,544.9562682770193,1264.428289141506,161.13721067085862
328,3.3736393939393996,58.7968,7.100086666666667,10.222588888888884,8.367666666666667,70.7287575757575,6.398803571428566,49.873866666666665,8.13592424242425,45.62338333333333,5.886370967741933,26.57013333333333,64.73212121212117,15.694272727272734,60.64661666666667,178.2291623038415,96.14859501775817,61.19679211438944,56.85846946705002,153.44472933710907,613.5079466427366,155.1573940863212,291.08089705308277,862.0055043138564,1661.787589546293,176.56078562140465
329,1.47926153846154,21.12422,7.20593243243245,11.784875,2.50358536585366,38.41433333333335,0.984505307855625,9.7701037735849,2.661213157894735,26.292199999999998,1.672637704918035,9.796870370370351,36.8175357142857,4.63571138211382,29.98027777777775,86.88873109217407,353.98247813912445,37.92647738738168,23.931353775336703,389.1092587413411,638.6157940141857,113.95651381462812,283.6078521795571,767.8961963392794,1135.8559131622314,47.594355419278145
330,4.41806818181818,94.547590909091,7.18678,9.5322818181818,3.5784448275862046,75.3761,1.531683155080215,25.2794347826087,3.63009090909091,50.5957272727275,2.0822450980392153,18.67282258064515,85.4520416666665,7.095626582278499,60.245227272727504,117.3720826714847,568.4341519008968,59.18379009700855,44.321034717388095,193.4609869692654,833.8072220794857,156.43165679648519,440.7077212817967,1286.3615527749062,1636.37634832412,90.96269495785236
331,0.57613860887097,29.74475,6.8545662650602495,9.5190789473684,3.62904794520548,60.5099,3.019744252873565,52.0230833333335,2.48422077922078,20.1679,2.264162109375,16.087125,40.872285714285695,4.92651923076923,25.02008695652175,70.3967076286476,43.03226734132946,23.11296130534519,33.4197837554936,344.1200306968234,390.91750513762236,139.76363698020577,206.22690208256245,516.4181813597679,1136.416068766266,91.32825070992112
332,0.206901313515382,11.897898989899,6.8603121019108295,11.203291262135899,1.73263333333333,26.6626,0.46396303818034096,4.18864541832669,1.15509557344064,10.8407473684211,0.909912460567823,6.49408227848101,20.821428571428598,2.86501503759399,13.8600405405405,,,,13.439072065233956,,420.884694904089,107.43706952780485,717.404205352068,516.8406059965491,1403.1866332516074,37.32009790837765
333,2.151097378277153,54.73472727272733,6.9564285714285665,11.511555555555567,3.5610965732087334,95.24053333333335,1.1296597222222233,14.821159999999999,4.129313008130067,69.34973333333333,2.171064761904763,19.4617450980392,77.969696969697,9.926897435897432,81.45936363636366,241.79745878501043,287.6449716950595,50.92824826144707,41.62353901031798,952.055966748901,717.9560683046778,124.08861269553502,338.29455108692247,1011.3892688726386,2099.0341048066816,109.11603458225727
334,0.164337052660226,11.9235340909091,7.02747239263804,15.440573333333301,1.9936172413793098,27.728088235294102,0.720098668280872,7.03374233128834,1.8149307086614201,18.0357166666667,1.1106852046170002,6.69929651162791,21.6035185185185,3.40557859531773,21.562370370370402,48.03375481137564,32.441752137259066,13.846578186871314,13.627433442233414,455.5434504628191,585.8127493411303,112.91578412055969,255.51447179168463,705.0646468997002,1193.7652016058564,34.06028263270855
335,0.530548519362187,13.325987654321,6.94104819277108,11.891587628866,3.39789802631579,27.050395348837203,3.3706677419354802,26.829674999999998,2.1891468085106403,10.7368,2.2560125,10.6503783783784,25.9919230769231,4.00042662116041,12.7120853658537,53.63677609305939,26.17169278252925,31.318107202955137,26.245851727333466,31.566995140789416,429.2384488508105,149.30109027773142,161.26970294862986,450.8432699367404,861.2160105258226,87.6051839441061
336,0.19818516624040902,27.1653636363636,6.778864516129031,8.18410638297872,2.46273943661972,55.5384761904762,0.5546357811729921,8.549958333333329,2.1796226415094297,30.540789473684203,1.4424512195122,13.3293205128205,41.7826,5.46312041884817,37.5513793103448,105.67962649381872,65.53216027466024,34.23430054052078,27.297559596071366,917.840678507304,494.1073711961508,114.46273420006037,256.49277959018946,730.2145706489682,1175.8415726944804,70.87518461048603
337,3.95106849315069,50.810695652173905,7.5751021897810205,9.96153191489362,3.8434637681159396,81.9915,0.871592424242424,13.2605555555556,4.77730357142857,56.8275,1.9383499999999998,13.6513714285714,44.36025,7.732104477611941,68.626625,374.01568736127945,150.10195766778315,42.009344442770626,37.26830192626356,922.3531212232689,1138.4056648239493,223.86095952242613,470.6854233518243,1052.3084783926606,1306.5297156572342,87.14271243661642
338,3.69587258687259,61.64295,11.7781282051282,13.3650617283951,3.30864756446991,54.2414210526316,2.07352099236641,26.7249512195122,4.0760358565737,41.9926,2.31395381526104,11.54887,63.1032777777778,6.64708,48.1047619047619,803.2316256200279,86.05942244892663,15.420417107046365,46.60171387186636,239.669202444173,896.6714143753052,222.34029602259398,418.52444410324097,770.7724813371897,853.4727618098259,93.29949971288443
339,0.43826299999999996,19.0007857142857,7.3445857142857,12.344562499999999,2.5187818627451,30.825323529411747,0.5246993143976499,4.77735135135135,2.6777069767441852,27.14555,1.1616245136186751,7.1034814814815,24.9161086956522,4.159725352112675,30.3508,70.00065484515954,310.6140580515154,15.809977009509234,14.503726325896595,284.4572126406061,627.1621910855174,110.49604509025812,349.52270798385143,774.8075644485652,1442.400785163045,44.556602369993925
340,0.329483253588517,57.5737,6.84760115606936,8.19875,4.07975177304965,115.955833333333,2.21827790432802,31.869222222222202,4.707652892561979,116.422090909091,3.00206528189911,30.783945945945902,127.941363636364,13.4370240963855,135.496666666667,250.9812435969875,2261.0740980695364,64.27621970268116,87.56359158669191,259.46278190058166,708.1692107021809,149.16639775037766,299.174920655787,977.2040182724595,893.6672005802393,180.05918245762587
341,1.39547009569378,28.76477083333325,8.020647058823526,9.6837962962963,3.6877297297297247,46.493791666666745,2.581916666666675,28.9248,2.993341954023,22.009363636363652,2.1738347107438027,12.414190476190475,36.207545454545496,6.7040576923077,26.60077083333325,88.67503002122238,51.27669044846791,18.907789525891634,26.852602487132053,214.9348566011272,532.1712233126163,119.75967208854854,242.32782307080925,638.0297301802784,1144.8583973105997,97.44110284373164
342,2.27053846153846,36.91909375,7.20672,9.0726052631579,2.362279591836735,44.7469090909091,0.904447852760735,7.1055,2.767148780487805,35.6454642857143,1.3941380697050951,9.3520818181818,55.922318181818,5.90138541666665,42.486166666666655,133.54529948589024,69.42929758946839,41.66136696686734,19.59316877370844,972.7386102386761,519.5520119741559,142.33895344659686,278.67319295182824,656.2342634424567,1099.7262434102595,78.40205216780305
343,6.3828630952381005,98.49733333333334,7.2779219858156,9.3148888888889,6.341977011494268,130.44884848484836,3.921318352059933,81.63106666666667,11.678458333333332,84.82376666666666,6.7730769230769345,33.708611111111,83.82633333333332,17.203729166666665,102.14976666666666,388.6180183295534,539.5204077818343,90.68853196997372,69.50369146092301,1020.8705618896146,576.1270256092151,154.0204898143808,375.52264984697104,1045.8629888792832,2181.592001579702,213.5016955435276
344,3.245269230769225,33.205312500000005,7.720571428571425,10.956230769230775,4.865550000000001,56.88627272727275,2.9094362244898,33.97438636363625,7.45381944444445,43.087025,5.045618181818175,21.993479166666678,45.30535416666675,9.953125,50.35124999999999,151.24665674110295,100.13476166209726,24.641318821762827,49.714000580140834,294.37906678786663,707.6217792928219,179.97687682509422,336.9471291080117,968.3060576207936,1904.6310510020703,100.25149676948786
345,1.519177053824365,24.841136363636352,7.242050000000001,11.0978846153846,1.911391666666665,28.151710526315803,0.7341928480204349,6.82964,2.704368932038835,27.699789473684202,1.50871617647059,8.509749999999999,34.449400000000004,4.360434615384615,30.055264705882347,119.26538187064257,49.557456131883804,23.506357186864275,19.94022388285304,583.650776218067,601.0134937241673,106.71336203813553,295.5150557681918,835.4140329174697,2472.2654838114977,53.0264456756413
346,0.7916697530864201,25.07983333333333,7.072030303030299,10.207355555555568,2.1520692883895136,38.98677777777767,0.8226998491704367,9.864820512820499,3.5382625368731673,43.554916666666664,1.7416884422110568,14.325066666666666,42.72657575757567,6.183497267759567,50.18536363636367,,,,33.377927631184754,,631.705136038363,65.17509464174509,342.272175475955,979.1587557022771,1182.8695035850008,65.00743329524994
347,1.0173640639699,38.7858064516129,8.29900724637681,9.819289719626171,3.55738575667656,58.7057647058824,2.0572562620423898,25.885847826086998,3.98839721254355,47.185399999999994,2.89665903307888,25.4614047619048,58.0664210526316,6.326262569832401,51.8540454545455,91.28069958062295,87.869071733134,21.730318159102094,66.22939262020141,719.0914203740525,1140.266633592546,281.4089646562934,482.304859906435,1210.5462606996298,1041.628560051322,91.31210390478373
348,1.7292911010558065,35.36033333333334,7.3706453900709334,9.961393162393167,3.125057471264366,49.04557575757567,1.9249528455284566,19.595666666666666,3.2276751412429365,37.131606060605996,1.8155214067278302,11.216752688172031,43.29357575757567,6.488258620689667,43.81881818181833,148.1210159143599,86.99168875257745,27.82541538705313,26.210674406302374,390.54461680432814,730.2079737807313,143.44902398685613,338.05452597637975,987.1097436795632,1641.008397564292,95.08337049434583
349,2.1766169772256734,24.15046666666667,7.57346,8.910537878787867,2.3146577181208063,28.555999999999997,1.5972996941896034,11.399974358974367,2.2586503067484665,18.655583333333333,1.5999283489096567,7.686837037037034,33.2739090909091,4.488350649350633,22.446822222222234,,,,17.949573226906434,,399.92442665000755,106.68643905470769,188.12151780972877,510.25374171634513,1186.944474466145,69.83302688846986
350,0.7142278566599067,21.817745098039236,8.898931818181834,12.157432098765433,2.2766981981981966,31.23753333333333,0.5959078947368434,4.086634408602166,2.7249034482758634,27.389999999999997,1.0009855810008468,5.670470899470899,25.06233333333333,4.829129166666667,31.8935,103.19405986881388,56.686657412954155,18.1279322090802,11.751524442880596,231.68442486326396,672.1457621703545,105.92911082009475,330.8121037359039,858.1761425981919,1679.4894045839708,50.5760700131456
351,2.5436594202898566,23.012687500000002,6.944553333333334,9.476,2.5504150110375265,38.2097,0.7589355311355299,3.5211234567901335,2.814137096774193,29.248638888888895,0.9231182519280199,4.523000000000001,26.2201282051282,5.337439393939399,31.644166666666667,81.22346843790929,60.535749783000036,20.373569727150343,10.480022389096815,335.91310405066594,569.4392059619228,97.88229751090209,295.01736474533874,760.7521566872796,1162.690242441992,51.346863619983196
352,0.3398705014749265,20.890357142857148,8.482029850746251,9.970696078431349,2.41657142857143,36.607846153846154,1.74814308681672,22.1033181818182,2.86684840425532,28.126166666666652,2.69368925233645,20.554446428571453,28.38126470588235,4.937105504587155,31.702944444444448,133.42313566041855,59.2911549195587,22.293362709737995,49.254602640353475,430.6479769630272,567.5605381838977,208.85433768853545,270.5883816815913,746.7405986972153,1248.5920451581478,102.2563548758626
353,2.34566875,31.33394736842105,10.846020000000001,12.259909090909101,4.857264957264955,75.65604166666651,3.3646900584795296,47.7307727272727,3.88363309352518,40.430625,2.970842783505155,19.9133125,48.3324090909091,6.867584415584401,43.0764285714286,83.96485209141304,81.90462379878484,40.597867223528795,44.39095404824658,105.63131792140989,852.0092931576073,237.2870803810656,380.9274174273014,861.8218824267387,1298.8842092454433,104.52785063534975
354,0.14872337790985599,16.2749545454545,6.68346783625731,8.02773134328358,3.2584180790960504,51.9915909090909,0.9649472361809049,11.5526516853933,2.5895235955056197,31.011645161290303,1.10873894282632,9.08286363636364,26.0893181818182,4.89420930232558,35.95,87.64417766321333,84.38226072680865,18.960133240325558,25.70284482851655,75.75022673937598,779.6400459483266,102.63111907988787,389.6380076184869,946.8173142522573,1487.0059676468372,61.51730194687843
355,4.18163076923076,77.307,7.610079999999999,10.02927,7.7663037037037,89.8187454545454,3.5441403508772,38.042739999999995,9.9258380952381,72.04193333333339,4.98745106382978,26.715490909091,75.92081818181819,19.0615,89.1741818181818,240.0500907924415,353.5413185436478,59.8594461618707,65.17054103139188,657.6671553846153,739.4461380317807,163.72276470065117,342.8580705076456,927.7523495256901,1332.482760772109,224.92198273539543
356,1.4160248756218898,66.8502,7.647741379310349,11.372729166666675,5.512818627450975,94.4727045454545,4.034569852941176,76.57035416666675,9.490410714285726,70.65861363636375,8.029478571428575,55.801068181818245,102.33477083333325,21.614224999999998,96.0906,499.15225084136114,170.1732154670653,66.0154727784798,130.29449087263325,530.3325389308094,715.5503146350384,220.1422001235187,314.22169995494187,869.0560236573219,1817.9901002440602,342.48417359776795
357,1.172910714285715,21.449446428571424,6.074803571428575,8.530187499999998,2.37745127118644,31.2939,1.0734279026217226,9.4439537037037,2.984578804347825,27.041931818181748,1.6486385542168673,11.004423076923075,32.56072727272725,5.3102824074074,29.339625,90.79414477335399,79.1257737192531,19.253591397153635,26.716488073909677,346.1238487329893,776.8668700009584,117.38991015590727,334.82793951407075,921.356410253793,1356.3307235017419,54.76139485836029
358,4.099193548387101,66.91045454545451,7.819705357142863,9.672841666666663,9.662067307692313,92.95666250000001,7.5292205882353,62.640927083333374,8.252058823529413,42.58280681818188,6.6908947368421,25.040062499999998,84.92556818181812,17.551784090909127,60.306572916666624,215.54185001923744,226.7861595923733,77.40101926430114,60.29470065500019,689.6999375,493.6917015584186,135.95809577964246,241.5916242171079,640.1196646038443,1110.6132238637656,177.8222998837009
359,3.3675433333333333,51.62781818181833,7.070217948717933,10.453626262626267,2.65666888888889,51.005939393939336,1.36126797385621,18.8159375,2.8386111111111103,33.11975,2.1632247619047598,18.3277142857143,52.51730555555566,6.191841530054634,42.23186666666667,145.37149874410383,85.14240555114147,27.887608901945672,38.850580949726144,893.2694851606151,602.2898325075706,111.26904282718897,291.81653323272866,906.6263058533272,1630.646378422777,74.6442936360836
360,2.9490919540229896,55.2377916666665,7.1819396551724,10.7483425925926,3.867923076923075,49.993681818181805,3.252603125,37.107499999999995,3.4054457831325298,23.079359999999998,3.05273372781065,16.6550344827586,48.117,6.68609523809525,27.6102380952381,111.18069032794364,58.87762486241548,32.767971241568695,39.64632467788407,96.50218093523189,605.1852251403034,192.92359938845038,309.2332626692951,768.6439319513738,1275.0537018291652,112.21554595977068
361,1.2652033694344167,76.54173333333334,7.559437908496733,10.520879629629635,5.4278480392157,120.72533333333335,4.756524444444433,102.29487878787866,7.2490303030303,61.350500000000004,7.1614935897436,56.565666666666665,89.723787878788,19.974129629629633,94.98618181818166,1089.7724056410257,135.52369695053588,67.20297777975075,117.3730888478292,1322.0061890909092,457.0148962860306,230.2150009199977,301.053902755181,610.4890955612063,1614.5057665805023,372.74279942115146
362,4.07432958801498,40.0435862068966,9.00835433070866,8.9758547008547,5.5670310880829,86.85233333333329,5.6512118226601,88.1272,2.51325623582766,15.4752328767123,2.50167678958785,15.289366197183101,28.368575757575798,4.91970093457944,18.9475416666667,106.99558697442532,31.38112699637876,15.441299880870725,31.494494550882838,39.225559839863436,382.0605808869004,211.4355331286788,219.2359883338213,366.9415367767215,956.1938932165504,132.27418530732393
363,2.231148221343875,23.79544,7.26108974358975,9.943212500000001,2.39136680327869,35.50526666666665,1.6221037735849049,20.3396724137931,3.187060240963855,29.19916666666665,2.4824929245283003,15.344447368421049,39.00954166666665,5.2562407407407505,34.184733333333355,82.00097986164576,60.2028583387305,27.668381032387188,31.54343309988926,384.45826556527277,656.8108568899333,176.0349259711802,289.0149597078562,803.4060010686517,1510.7412938959897,62.678055837750435
364,3.074608,82.5346363636364,9.41895238095238,11.15888571428572,8.3334909090909,82.0917636363636,6.649593749999999,72.92645,9.165975,46.53614,7.04591034482758,35.31986,84.04,17.75423636363636,65.3600363636364,500.76680017518083,109.7255852260309,59.55760345871075,90.54165678078738,172.06291254963725,660.3422807529569,204.657232388854,275.8839586749673,802.783677354455,1799.6976803988218,237.79950104653835
365,1.4131578231292499,33.120696969696965,6.8766011904762,8.534484126984133,2.70712962962963,39.812606060605994,1.66612385321101,18.337380952380965,2.4749517819706504,29.294444444444437,1.7384428104575165,15.297863636363635,41.48766666666667,5.500782608695666,34.695787878788,92.09145889754085,68.11921761923263,27.204902850067185,38.139124545813445,366.92830182024267,525.0387437020739,124.65047184377909,218.52480713278055,621.9823689510425,923.2965996488929,88.89782863358657
366,1.43355911330049,24.5097727272727,6.75350857142857,8.98038596491228,2.9679479166666702,47.1349047619048,0.773402,5.88843298969072,2.57370506912442,27.604309523809498,1.5065825977301401,9.09251260504202,35.1083939393939,4.81568979591837,32.639555555555596,669.5653176006438,163.0318447876828,25.2748140961814,18.677514593989283,60.36314910164755,697.007984854281,112.7125695347786,410.4509251192212,888.317939825356,1396.0056006908417,59.88611374050379
367,0.6658396551724151,37.2787142857143,6.8150965909091,9.80547272727275,2.387840336134455,47.35683333333335,0.7220660522273451,4.39408870967742,2.487751184834125,42.34076923076925,0.7523507565337,4.368604166666665,57.795550000000006,6.1693448275862,50.07618181818199,166.285665499116,544.8315273878984,42.34019551724511,9.041345994493856,177.0401060539907,697.4459509365261,123.0004127137363,516.9754847884178,1147.4112048745155,1761.149347294122,93.24584389105439
368,0.262447767958305,13.728025,6.89977586206896,11.8265757575758,1.2698006952491299,17.137142857142898,0.264606646058733,2.1803032258064503,1.5536781115879799,15.4112933333333,0.23642156663275699,2.21297302904564,23.614387755102,3.0483139534883703,19.0616166666667,52.484579585492135,37.13244207259161,19.386714697001562,4.479284522427882,59.11250683135872,407.1938805282116,107.42852464318275,233.35928563028574,553.3632589504123,1026.2029943987727,34.509412944316864
369,2.1825591397849395,27.98365,7.51709655172414,11.273477777777781,4.23925714285714,52.666583333333406,2.2549919191919203,25.71558,6.932081481481481,32.372699999999995,3.90055357142858,13.847346666666658,37.8818166666666,8.7905,37.20066,100.04510523409557,342.3093239385973,28.366406329727802,34.41399053666334,282.2536264187293,587.0842095464468,169.57500018179417,320.9309605881572,677.8217386454344,1024.3680095300078,97.59840089827776
370,0.195409756097561,16.3144153846154,6.82701298701299,9.87892307692308,2.84539189189189,49.4838571428571,0.688780737704918,6.19048538011696,3.06937931034483,39.0216428571429,1.32168701442841,9.28328695652174,26.782534883720903,5.6129481865285,46.33516,111.41870710103393,89.59187007046098,25.28805823528269,18.507493954716043,86.21653192316279,770.3518960624933,100.73718149214983,366.4249088615179,1006.767968647182,2175.7668117061257,66.80740043520927
371,3.534821875,46.877409090909,7.746250000000001,10.141928571428576,4.44327192982455,70.26022727272725,2.786063186813175,44.30304166666675,6.5267738095238,46.1335,4.864666666666675,32.302499999999995,64.92839583333324,11.071083333333325,56.389250000000004,166.80983021030877,255.42132084644882,33.1867287613279,67.57010031886257,484.40877429738555,638.1636252626777,202.094396809116,355.7079238817096,783.6354023311287,1433.7377913761884,150.2529252320528
372,0.50314667896679,25.2517446808511,6.77524683544304,10.4168727272727,2.61908666666667,51.12225,1.1905607569721102,25.9148913043478,3.8924836363636395,52.4881904761905,1.6834494875549,13.342324999999999,39.428148148148196,7.17598101265823,63.1833888888889,134.23040855848612,955.5784228351552,41.63145333331574,37.30373203934806,907.9183066873278,1022.3408229649068,161.75862401723862,414.71070144325495,1144.7652010247111,1572.4224504083395,94.89739313721657
373,0.302080242041568,19.9499,8.186516129032267,9.9928725490196,3.1202704918032804,48.785666666666664,2.02191017964072,26.067461538461533,2.7928319783197835,29.13105128205127,1.8688360071301233,11.863855555555567,30.470527777777765,5.134696078431366,32.247166666666665,97.07012775860379,71.3312956521395,22.796346894481434,26.795850062267764,465.8541033859806,576.2604298070073,133.68196475009123,309.706029171745,750.2289644132057,1401.6545532892148,72.04333475480477
374,0.6433047887323939,25.923219999999997,7.89841428571428,10.117736363636359,2.97462857142858,48.6499272727272,1.383647297297298,13.000625,4.7356,33.7797166666666,1.97799633027523,10.67573684210526,37.966909090909,7.60346,40.1823272727272,126.97514857770616,369.03487146227724,31.20799825347268,24.84863274759724,630.1304110769229,616.2957940250635,124.43967629224062,295.7797097042203,808.559120632708,1441.6221575811505,75.15687961131334
375,1.6720809917355361,36.7346333333334,7.44538666666666,10.681452631578939,4.4541294117647,78.58255,1.6168728682170541,19.520066666666658,8.47948,60.02796363636361,3.65018275862068,18.49954,62.3150727272728,12.9680375,78.66652,231.4956901632035,979.4578560000003,54.328914006157824,47.00942171636761,772.2030875999999,803.511836566031,116.38350319117308,406.00107982754713,1045.9774173796177,1781.09229542315,104.48310058563948
376,0.278033575073865,16.24476,8.668441666666668,11.599818181818167,3.214997245179063,43.18694444444433,2.09725749559083,22.932083333333335,2.897528455284553,27.2576923076923,1.940371212121213,10.410791666666666,34.229606060605995,5.322314285714301,29.943076923076934,85.01173886244678,247.9987612429794,26.28486541895776,23.16310445281969,442.4225087118107,569.0107044453422,131.39388368775448,276.84786667426425,659.8833637932936,1055.1240838443239,69.64290514588356
377,0.882578098471985,42.12954166666665,6.9965256410256496,9.554324999999999,4.216679389312975,69.4084,3.17235277777778,49.36179166666665,4.4328385826771655,45.95145833333335,3.50790909090909,31.979555555555553,73.8319545454545,10.70144680851065,56.44855,128.3262093258519,87.62527047136201,48.07777937147142,69.63701283015861,427.1193017942613,594.2525807768106,160.13330314308405,269.79183312505484,746.2974986992776,1511.9250863790512,251.01880310103297
378,2.5512916666666663,36.04363333333334,7.513948717948717,10.46655555555555,5.129020833333334,50.23458333333334,2.0573869047619002,22.820216666666667,7.57045454545455,37.5807575757575,5.902562499999999,19.633530303030334,45.5762424242425,9.848813725490201,45.47653333333333,131.12697054113428,298.2890957900243,38.60726003970806,43.05310552806065,336.6267694889084,595.6074339337647,151.32340292135873,300.01405781755847,747.7571450484296,1403.1013279842834,84.04873466740052
379,2.4870024630541847,43.246125,7.18682911392405,8.71316393442625,2.983903645833335,61.50375,0.8618792592592599,6.7391607142857,3.32559756097561,44.367375,1.14426530612245,8.885061538461551,47.892875000000004,7.111987341772149,52.261,187.73441188551374,123.42228776160074,41.695566524945136,24.141534941230347,534.6022592451496,723.4711782075465,117.36925225704908,378.98290902376175,1098.8632449880242,1568.2943630963564,79.82414681464434
380,1.272682326621925,28.84794444444445,6.8786933333333495,9.11699107142855,2.3521296296296303,47.6395,0.499279035433071,5.4659375,2.6123609865470847,37.84060714285715,0.8511826923076901,7.11222023809525,44.78003846153845,5.6841157894737,46.195249999999994,105.36952067069997,81.65636788940684,40.58565645852193,14.279986791249433,119.19192604667553,651.0081351734698,99.90752441808581,313.96846752613783,927.7867851778865,1477.8274344280362,66.69055437669158
381,1.583244870041041,27.687076470588234,7.045764705882354,9.150294117647059,5.47045989304813,58.74496791443852,1.4395466284074587,11.693475935828882,8.286631016042763,44.252676470588234,4.398982352941176,13.168341176470589,41.97799411764706,12.423676470588234,50.52205347593582,148.59206694142426,178.08455746333843,33.34956024211428,26.25610852987227,531.1733280000001,615.3506637715242,103.2068722826593,345.1481790227049,781.1669547877767,1744.0507530837374,68.2967304087737
382,0.9319848484848481,24.4830888888889,6.7152514619883,8.8165572519084,2.3555381443298997,38.432333333333304,0.635160109289617,5.7553865979381404,2.43151084337349,29.5140833333333,1.46355975609756,8.705207999999999,32.3747428571429,4.9847268907563,36.7775625,166.83605361652673,51.418248887426294,25.532957228486907,18.686943721124965,632.8189122877285,789.7325092926621,121.26208748668432,903.3668553456664,959.8934790119529,1071.5316282585263,57.09670949727297
383,0.13046873928449,11.900032967032999,6.86132934131736,9.90018095238095,2.2048920086393102,29.5346923076923,0.75004046997389,6.62117919075144,2.31397847358121,20.3622807017544,1.37719002695418,6.7946531791907505,18.6820185185185,3.9638090277777804,23.6941086956522,62.969067235309176,56.0016377421065,16.091689901790044,18.55743596360254,457.7125899159318,636.5898996591568,131.56556524336338,286.7358736693859,728.2216101884842,1213.7609766796231,38.847699761390686
384,0.9620053956834529,19.6617540983607,6.69036686390533,11.3324382022472,1.5075744400527,22.674621621621597,0.568592299578059,4.92858189655172,2.28540976645435,24.867782608695702,1.35147387173397,7.5308958333333305,30.687368421052604,4.206817813765181,29.0558285714286,54.13955298077833,535.2255425296547,17.884342737953332,15.011317859653223,512.1165312842611,804.7671057283878,115.63345324248075,248.65958839654922,777.9009640216827,1306.182169355452,47.79198206961155
385,3.0502557471264367,51.747899999999994,7.8827074829932,11.6190606060606,2.810911458333333,47.814033333333334,1.25630454042082,15.331626666666667,3.20484084084084,40.731848484848335,2.1309925512104266,20.2685,37.54336363636367,7.167861111111101,51.734303030303,464.06967859289927,145.63321270778644,44.59000758492129,48.26978845948188,371.794326074499,763.9653592680892,154.2122724155585,374.203819471101,1209.0465597187479,1479.476154781878,78.39403115212917
386,2.2889863945578224,22.135733333333334,6.924380952380956,8.412333333333333,4.743095959595956,33.15142424242422,2.082129292929289,16.567151515151554,5.547040404040399,21.488944444444442,2.139429487179489,8.309259259259257,27.618333333333336,7.156414814814811,27.028768518518557,96.43752172695059,50.222850480496405,18.82893339203783,19.623086570945052,160.17429129740256,568.2159991314014,112.28589961926144,261.4138725524147,658.2938703811831,1515.1476099466283,78.31653476589256
387,0.644688158710477,17.8656166666667,7.06090853658537,12.5649534883721,2.93784263959391,34.3958064516129,1.12033267326733,11.557257425742598,2.7385205811138,23.12332,1.5043250728863,6.86218954248366,21.535999999999998,4.38052789699571,26.4209166666667,82.24755320707946,485.18497851002894,18.522992177544882,18.52468642857408,69.30618726222855,729.0971931070089,148.363271728158,350.7133340463042,819.3129673600197,1832.4685748666525,50.689210183918476
388,0.256783598009007,25.2602790697674,6.75974324324324,9.003078740157479,2.64181018518519,58.9424736842105,0.516185250999556,4.295265060240959,2.33500806451613,39.854433333333304,0.511714557564225,4.29881422924901,59.0196315789474,5.69964705882353,47.9968636363636,163.75092393736983,963.6187973267123,36.736566714095986,9.028829582575272,924.3309549225249,600.7581250742078,92.02256333082914,298.1026191264391,912.2483199462295,2539.3234100192785,68.8008964061737
389,1.36742358604091,59.504578947368394,6.8198622754491,10.8797788461538,2.1595787234042603,43.8070714285714,0.7251944035346101,8.432096,2.8685406162465,43.1538333333333,1.31847394540943,12.8160119047619,63.5491111111111,6.704890322580639,50.7190434782609,233.93568217823213,119.52161853976915,49.82459709406705,26.549718055246682,224.71162512235983,620.4172736033797,91.42111521214247,343.1032644584775,907.7716618776321,2876.558620482683,79.88400757312775
390,2.305687361419073,26.77125619834709,7.109889610389609,12.265075757575726,4.092004545454546,40.558082644628094,0.7788174931129475,6.148250000000001,6.857662337662336,34.62946363636364,1.5380075757575726,6.77487121212121,39.297950413223184,8.766834710743801,41.42746969696972,298.66531872667696,553.5589296103896,25.922574465152877,15.431499327999251,238.07674439579606,843.5721636157144,108.22536423802376,403.16315452483565,1022.1023303033276,1527.8878346593542,58.185719800266355
391,4.2377843137255,112.40660606060601,7.1695866666666666,10.722752688172035,5.117151515151501,155.08956666666666,4.108514184397166,105.67858333333334,4.295358974358966,67.51915151515168,3.2959269841269836,43.74953333333334,138.19348484848499,17.660708333333332,101.68733333333334,235.3752293739459,142.64959146448297,149.23723623123138,96.76360073243283,987.5717744737134,403.4145191932718,175.21733728547892,263.1520697226127,558.378795782725,921.2084657823046,252.47043619553247
392,0.32351256830601,35.550022727272754,7.23304285714285,9.661666666666674,3.77257,73.3380625,3.150873529411775,64.10370833333324,4.69166228070175,34.45727272727275,2.9192096774193503,24.90675,58.03897727272725,10.721489130434776,45.716425,251.76684302337654,93.66256187501567,40.799147780778604,63.00813574273844,349.0421354141038,495.0251954142004,202.5673456955701,252.39123497158292,722.0811792649329,1557.793066604063,188.22807469405234
393,2.150237827715357,29.48697435897437,7.720137681159433,11.057311827957001,3.545446483180433,57.143,1.902098245614037,24.246095238095236,3.8582771535580664,39.873638888889,2.1568710317460336,11.147133333333334,37.33486666666666,7.335923076923067,44.87566666666667,260.0682917800581,289.23608045363363,27.21880541905197,35.17659431312503,576.7403941068748,658.5929387559494,152.73947113504013,341.64590761065483,839.6074563885728,1560.1812318588297,72.17466675986846
394,1.49354664723032,64.389294117647,6.68702631578947,8.8093893129771,3.49320543806647,61.279411764705905,1.48465542521994,13.7888292682927,5.43923502304148,61.9337894736842,2.67601298701299,14.149,52.682333333333304,8.67331818181818,70.6702,1010.6375782917376,1017.3494190092144,44.09671441497814,39.08458302528491,332.1278482347008,1150.4009831696749,162.20558900386095,553.2938987016678,1520.848460495472,1882.8246043995023,118.1313069537282
395,0.207091867739053,12.7198588235294,6.87048275862069,9.02535294117647,1.85971119133574,27.196824999999997,0.725287068381855,7.46402205882353,1.77785095320624,16.942914285714302,1.25373245614035,7.21660810810811,26.197636363636402,3.80515824915825,21.13704,58.60466933294306,36.40321034697637,15.219921768024431,15.066585561186907,512.9123163636133,419.0369974821806,112.49501258134842,261.3351447507739,630.5445916950703,967.076001688838,40.83800595253706
396,9.25070642201835,179.516545454545,7.725584415584421,12.724924242424201,4.68708333333333,212.991166666667,2.40940976645435,89.38661538461541,8.85038532110092,175.110636363636,6.04434871794872,63.241437499999996,213.511,21.5750961538462,217.95990909090898,651.5759692632166,552.3899287862359,192.12310728643573,138.32187687706835,2726.428288783314,939.2376057803631,129.83910273760557,467.81215351074934,1334.1952580958605,2701.7998276278377,276.96380857378244
397,0.243520553520554,21.3837272727273,6.73925287356322,9.26842519685039,2.5987149122807,40.1157692307692,1.43014477211796,18.0922698412698,3.28373595505618,35.9110833333333,1.4923953147877,8.90952173913044,32.3800303030303,5.49401183431953,43.029703703703696,664.560854305779,660.8583083234679,18.91025912530529,45.356655214550116,119.35778175147881,861.8836756795645,170.25053966790438,374.9963594600558,965.622067451477,1447.7707911282778,73.31720553338528
398,1.4134282238442832,22.789374999999996,7.709815602836866,11.255260416666667,2.3539570552147233,24.7698,1.4561397849462365,11.328623655913965,2.84363909774436,24.081244444444433,1.9014019138755966,10.021274509803932,30.616818181818164,4.946039215686267,27.5146923076923,101.71216381556137,204.23676731475254,20.416221839927456,24.349883664534627,240.495402845169,705.7696658497056,161.91618827482066,348.0104651922981,833.4521049012741,1519.8118363817532,65.430230461061
399,2.65323419203747,29.860170731707303,6.806457831325299,8.997109375,2.5144093137254897,35.687656249999996,0.930796925566343,8.18811971830986,2.3742901234567904,24.469976744186,1.4361356350185,8.3331884057971,37.1351612903226,4.35311627906977,29.8568857142857,121.4910181240683,64.08961642080826,40.95743025866579,16.923753952920624,69.75183231051504,707.5958652421832,121.68160174041986,383.7696276605129,812.8781104460359,1415.9864047542214,50.02438556402922
400,0.207943986188375,11.9354387755102,6.8978795180722905,10.4753366336634,1.85393178294574,28.9335128205128,0.463396648044693,4.171953307392999,1.45070395634379,15.3270909090909,0.923201775625504,6.72128025477707,21.5217222222222,3.15813622291022,18.7586727272727,58.806402382202286,32.95826539184987,18.783629466335046,13.61214326381646,46.65363307215399,460.7973853126168,106.18588421493769,182.7369909733534,558.1538192927837,1290.1787413284183,42.04059951007366
401,3.7428472727272797,32.3736545454546,7.383206250000001,10.8683052631579,3.1402909090908997,42.9584545454546,1.7786255639097739,23.361359999999998,4.10062222222222,32.15178,2.04654234234234,16.87152307692308,48.2402166666666,7.71913571428572,40.8491166666666,294.7224272619259,237.51891518018775,31.389949378153897,36.68366032291984,120.50715222723264,648.5299626365304,126.52241624891758,299.2973243817687,888.7065574526787,1365.2953132987022,97.08625730127096
402,4.442237704918026,100.81409090909101,8.8700775862069,12.077431818181825,7.4362857142857255,77.02325,3.7049027777777748,51.52672727272725,8.418906250000001,44.06935,6.2995119047619,28.548704545454502,78.8474545454545,15.378766666666676,60.0709375,168.2731431459562,115.09772330743293,34.36697489747345,73.2755653125305,190.25568874706346,529.9198557622731,144.36105266213417,266.4107771124691,781.2632189597934,1214.1572253312916,228.28587680123746
403,0.146353510226645,11.8957070707071,6.8918427672956,10.8577757009346,0.903070454545455,12.9318202247191,0.25233603150295303,2.19355743879473,1.1998492343934,13.100223529411801,0.227664856165761,2.16494139886578,18.6153064516129,2.95878306878307,16.404723076923098,43.071084776068,478.37981146673667,16.189265136540236,4.482419372640947,45.31619218936386,661.8311163038015,200.80623216927052,437.4797223135829,1298.2626911252737,2385.2763697504997,36.60200163722038
404,1.862826923076925,21.963916666666652,6.8743106060606,9.47030357142855,2.39048347107438,36.23815625,0.9174125596184399,8.615593220338999,2.54578,24.6192142857143,1.67406146179402,9.1221440677966,39.0977857142857,4.2848511450381706,28.03984210526315,107.49212812376135,53.41576787934325,25.58699838574259,21.0737102952984,605.0146445537109,520.6797504797578,108.88137621805072,267.0235582627356,721.5743884444237,1165.2595945633948,50.12195324525237
405,2.3242652582159633,37.6451,7.139386666666667,10.118028571428566,3.11341823899371,68.77627777777768,0.8393025641025633,7.326555555555566,3.4854949494949334,51.605,1.0567283236994234,6.4836440677966,62.75833333333333,8.260958333333333,60.80487878787867,,,,15.017677744581377,,667.0793052762747,91.76876240720351,354.19502140333253,1023.0383680512508,1720.0271831825376,88.72669811050098
406,2.51783418367347,30.030153846153798,6.88289864864865,12.8016707317073,3.14083870967742,56.3772777777778,1.70820893141946,19.499981481481502,3.61116770186335,39.8084482758621,2.28430401529637,11.905125,56.674473684210504,5.91698850574713,43.6645769230769,106.53202954097091,79.27604840840344,38.85200790029942,31.11323219883484,768.860620120082,691.7406106367707,132.9652965068817,316.16147607564926,832.6077833771706,1732.537359930575,74.32941347360611
407,1.05405005005005,20.4499322033898,6.994748387096769,10.0297592592593,2.1894875,28.075428571428603,0.91885084202085,7.579619402985069,2.12517391304348,17.7148307692308,1.42228902627512,7.68053333333333,29.113851851851898,3.91152029520295,21.4019791666667,65.58698068142118,36.9149937433059,45.51970044993676,15.535265307207897,513.2133095259804,435.893633402884,115.74253439903259,240.91119412332773,614.0459096059203,1657.7019821852446,44.83540542423725
408,4.32781818181818,46.15783333333335,7.95313194444445,11.33526,3.1500521978022,44.809363636363656,2.5934411764705896,32.52543333333335,3.442673076923075,29.035674999999998,3.002236842105265,20.73576785714285,26.4044736842105,5.6975904255319,34.33386666666665,473.66777063508874,389.52128773225337,33.81052023750435,43.253622461460886,412.0843410860036,631.5178005024791,185.29105000197887,295.9493896923959,583.9339108206332,1487.908756826073,92.8869005292654
409,2.049990942028985,25.83047916666665,7.18508,10.454830000000001,3.21490223463687,48.91983333333335,1.7973487544484,21.25216666666665,3.1925786516853947,35.938875,2.07561680327869,16.739352941176453,41.91296153846155,5.5233712871286995,41.76095833333335,417.5539134495085,111.50406444303107,26.900717023528287,37.90050296486289,431.59231016383205,789.4897018559277,155.93289863318205,422.65354422852397,1063.3971658535302,1642.8012633696198,76.23344426974654
410,1.0568743119266102,25.0139534883721,7.57160869565217,12.517858695652201,2.22958474576271,32.0173939393939,0.8490748971193409,6.32128729281768,2.87387598944591,25.7225,1.60345285714286,9.61888785046729,41.468541666666695,5.063227722772281,29.2152051282051,73.13768091714233,64.60491546541618,28.685682216463007,18.523549947708897,629.0183177316256,612.1000973507762,105.39351496845484,342.06516575068235,722.6770976558328,1274.9894056469202,44.76550966501236
411,1.25828665931643,45.554416666666704,8.95258407079646,14.363661971831,3.14375616438356,76.5248461538461,1.0909721689059502,7.719368794326239,3.43987976539589,62.55364705882349,1.0988352165725002,6.44634328358209,79.5651428571429,7.0557962962963,60.8938823529412,135.47655344380033,94.19259849554479,55.757258518462855,9.089606086203368,63.64969665043617,528.6854458972812,69.76975128054619,303.3356973901391,899.3147872388363,1033.451990224421,63.46190348267555
412,0.755304996755354,41.3308461538462,6.97806432748538,8.41417054263566,2.18556211812627,52.2926,0.632112983770287,9.57587387387387,2.65202211302211,46.49304,1.37665948855989,14.0290405405405,51.10680000000001,6.81009756097561,57.676333333333304,135.93674585758626,141.82787729159125,76.46825867417768,29.299491024901574,98.20789106750344,609.4843847677112,109.1513317078352,255.78448548913002,1527.5945654138923,1868.9250107854605,79.10439744591713
413,0.80499205202312,36.98707142857145,7.49390131578945,9.52960833333335,2.53198275862069,50.1833333333335,0.9879101010101,9.099412280701749,3.792083333333335,57.81125,2.117575697211155,16.0610909090909,54.2582083333335,7.51125675675675,64.22433333333349,191.55079653086418,516.055035709329,41.87904977709053,42.40754481279768,515.0129612784062,890.8440475352108,90.51592787727714,412.31801733374596,1261.163444723934,1479.327108245343,83.78224447369576
414,2.52675117370892,43.95203846153845,7.5291265822785,8.7707196969697,3.755650326797385,55.0868636363635,3.277485875706215,44.2861153846154,3.00553989361702,22.52514583333335,2.785666666666665,16.099328125,42.546458333333355,5.42307731958765,26.46926315789475,125.91140022894422,353.24451330436483,36.796022442363494,33.3246798435407,122.07629934938163,561.6480950266123,180.40986033156514,277.3968852125108,596.2567520327866,761.2354005686939,84.95480287820101
415,0.718742574257425,47.80770833333325,7.9056714285714245,9.517312500000001,6.32775595238095,109.25902272727275,3.713510135135125,65.639875,10.112913461538449,66.00129166666675,6.2880111111111,28.462886363636247,77.820675,17.199576923076926,83.2823125,239.69040946040937,377.7531727053284,44.57328589534415,69.12351168594589,281.6987825928077,791.1974214948714,214.10492481663823,395.42149752378464,954.0819330140948,1582.5354610569775,193.48902278579772
416,0.32013358778626,16.190864864864903,6.7128875,9.7309262295082,2.35294252873563,29.4261666666667,0.9730650717703351,6.1061968911917095,2.55022222222222,23.4046530612245,1.73091074380165,9.013187969924811,31.763297297297303,4.95469124423963,29.2688333333333,138.05255637905594,71.69273772566035,15.699397983637382,18.486819405669834,616.7762892719676,346.25192638486624,87.21016347408295,299.9587915837765,642.5203057006001,1163.6465787887573,48.86228125542402
417,0.401566890881913,24.54075,7.67816556291391,12.8978860759494,2.58720293398533,43.5294074074074,0.806596942321056,9.67878151260504,2.9064621848739502,33.1945454545455,1.8012,12.1394942528736,28.9731428571429,5.280929292929289,39.659896551724096,660.7984727805632,654.3816662448294,25.40421615340407,25.432952720476408,49.66760608065834,704.2639888823032,134.58416797220707,341.3212951272726,874.2558769881725,1441.4252014830709,56.79451860487461
418,1.93901119402985,31.541045454545497,7.67940789473685,10.56759,2.7281409574468003,45.282925,1.215680555555555,10.184190000000001,3.01626785714285,34.15486363636375,1.53023076923077,10.8035925925926,53.5897954545455,6.7335312499999995,40.226099999999995,137.13824040458115,121.03486065780447,39.86001307147451,21.802956697574594,478.36925188940927,621.0437684785575,140.63245616853237,300.7935010828078,979.7983046155423,2243.7140985857695,81.93887770175934
419,0.9540842696629199,24.016266666666667,7.398634615384599,10.717406250000002,2.085063394683027,21.817074074074068,0.95275641025641,7.9344573643411,2.31550108932462,19.315133333333332,1.31890378006873,9.567517543859667,25.230857142857136,4.143359259259267,24.913177777777765,71.61674072843073,195.69796315135875,14.01313400245859,23.998566324288987,380.71384264035896,500.6728693842888,152.03936491161585,264.6860045691331,688.4471978992224,977.8984589502215,70.26893241951863
420,3.0864434389140296,32.05782941176471,7.733272727272706,10.851254901960765,6.543914438502647,47.89842941176471,3.184336601307188,16.206372549019587,8.519111764705883,34.43289215686277,4.213094117647059,10.694254901960765,39.86472352941177,10.94683957219253,40.01686631016041,195.43202126696835,117.98007018876744,33.370105471091655,22.950806599753044,514.3567694117648,624.6234673787566,138.30164474818636,318.50823639508553,775.3220948335879,1629.050904611016,72.66798878417296
421,1.3137829457364334,82.41822222222233,8.171162790697666,9.8164700854701,6.5057098765432,106.97486111111101,4.237806201550399,85.51157575757567,4.626454545454533,37.48381818181833,3.876023333333333,26.6346923076923,95.47675,12.241057471264368,49.454100000000004,143.81835962533316,297.24656365297307,88.97955365005315,63.841571143858694,359.24593174398063,559.0947577729821,179.3266274034977,298.43596275895834,690.2969597528378,1261.2993751342099,171.1657658840219
422,3.4517259036144603,47.703045454545446,6.9879156626506,10.344705882352951,2.409447478991595,36.14182142857145,1.63141737891738,15.529132352941202,2.2827878151260497,22.85072727272725,1.937988416988415,13.67519736842105,52.23825,5.0730575221239,27.6749117647059,77.31866327154262,79.85590959801475,17.974999383653586,28.577484584451756,78.85098407167372,548.6537935212255,147.16113219037652,276.31415287032723,696.9626410864294,739.2048370093107,90.67325154319406
423,0.286682445225859,16.27988,6.74375496688742,12.1383636363636,2.9679779005524902,43.7046923076923,1.45663375,12.5605052631579,2.26671966527197,18.617218181818203,1.8548232142857102,9.72310784313726,32.511533333333304,4.57710714285714,22.917085106383002,86.45057246640623,51.531784821577105,21.96027343902802,25.65483519373408,68.85329041175171,434.60389133542776,99.48418010026217,246.08408566564324,653.5508669912815,1767.9219599813223,47.38150164484978
424,0.22364844357976701,11.9358241758242,7.09412413793104,10.1443738317757,1.40856242424242,17.8075833333333,0.2794849761303,2.17750707070707,1.33875123152709,13.266680555555599,0.257838524794418,2.10610054844607,21.322612244898,3.10559593023256,16.5981142857143,33.72506455185761,28.25706479537701,18.474141825219704,4.560340206858722,457.8720284085957,394.41362023353577,107.95050766319036,162.26796433329582,488.82372211664915,2204.0884708985686,36.565097980201244
425,2.7018318181818204,61.9297833333334,7.65088148148148,10.29569,3.8418777777777797,69.2558181818182,2.04914545454546,29.555472727272797,7.09675172413794,53.213266666666605,4.0470716981132,23.1077666666666,56.2038181818182,12.160566666666659,70.4686833333334,162.28318368188246,137.24345720726998,49.952485138476774,54.13315486477599,945.4603786666669,658.364538103342,160.6758637353778,284.7464522346854,776.1493604630232,1718.4681165963411,122.04037979245186
426,4.9867476190476205,86.1171538461538,6.742900000000001,9.11434126984127,6.47933333333333,220.786363636364,2.35179381443299,32.6135757575758,5.73504469273743,120.52191666666701,3.76980528052805,42.9777777777778,147.179,14.183756097561,138.076272727273,339.4139621224162,361.38153897533886,97.6810960847707,87.72965721182834,571.5781108005918,856.8738820031285,191.18424970656633,418.96807961165905,1209.6366146579385,2138.0512043833733,190.2654068544507
427,0.222560240963855,57.5331904761905,6.96394666666667,7.4204935897435895,3.54503594771242,133.134583333333,1.33658097686375,30.2168611111111,3.19519314641745,80.4046153846154,2.13544444444444,29.670857142857102,89.3540769230769,12.9869545454545,102.7634,228.22743622112182,242.3865799757128,85.91556434262311,64.8717933060889,2145.4890339649237,408.51079393178225,109.40844658762217,273.8882089033723,847.2929475829005,1423.0840373784304,139.87889979034662
428,2.78644337349398,39.2433333333334,7.887938461538459,11.41924210526316,2.98696417910448,48.0164,1.7062450000000002,23.6146166666666,4.36835918367346,28.752100000000002,2.1263702970297,12.07507,45.29345,7.658078571428581,35.5816,113.64045194421772,57.827031738322816,30.468470057907002,30.417447831248275,534.0234762502063,759.106120094657,181.32945988327265,280.69863095879555,808.4939746186136,1079.0241928771138,83.68710055947304
429,0.35364960282436003,16.2245333333333,6.74026582278481,14.935342105263201,3.02709523809524,49.5834782608696,1.15835503560529,12.2213409090909,3.5047747440273,36.75875,1.67158695652174,9.296890909090909,28.9973076923077,5.95615568862275,43.106962962963,79.06925067022915,684.4166691761047,31.83854108585465,18.595530785505115,62.70044982288625,871.7918768525124,118.94430499523878,396.5125186368823,1033.311802893877,1198.7314792349935,63.48160095512867
430,4.0301914893617,57.128166666666665,7.082187878787867,9.941973684210533,3.6078816199377,62.321515151515,2.05297005988024,23.7206,3.664457516339866,46.58447222222233,2.17371635610766,14.831512820512833,59.1104,7.646641025641034,54.230909090908995,166.7675187607851,103.34925660031871,38.33175890602889,36.83682994447258,174.34415808455427,739.0963844954967,150.8838962763548,325.73100955535966,1008.1247969840964,1933.4668138374884,104.84376301368077
431,0.8996219135802476,26.31913636363625,7.533555555555551,12.08555263157895,2.608477722772275,34.8519,0.7831283783783776,4.88907627118645,3.79515579710145,31.0025625,1.2313707983193276,5.5224402173913,27.9987045454545,6.532006097560975,33.5412045454545,201.45015926326775,413.21524198383094,18.70593957178366,15.64195698203476,353.36064186319743,711.9623303879052,115.02509587444365,335.8258749358356,886.8943608831614,1399.8215086758137,52.04792250879109
432,2.1971609195402304,38.76133333333333,8.0688888888889,11.312480392156866,3.056810344827587,43.764939393939336,2.39353039832285,28.829484848484867,3.11529569892473,28.687153846153834,2.6323195402298833,21.348,41.648399999999995,6.562900584795334,34.03627272727267,617.062998936813,71.92793144328529,36.6017974583393,58.12690688346961,287.5046488461554,644.1063014790416,191.44921097904444,292.9345238953829,804.5195058609048,1029.9185678983729,117.71836628516515
433,3.539290625,93.0539,7.22545774647885,10.4530306122449,4.150266666666665,93.466818181818,1.780374113475175,21.514100000000003,6.84109333333335,94.78995454545449,3.55351226993865,31.444633333333346,89.236875,14.373,113.4444583333335,937.395314949388,255.67835414135106,44.714309889568156,63.99000832490582,1338.9892549310484,1010.4582877829671,130.74828311800957,451.0791739448905,1327.0838651806116,1517.4978878349066,130.51615096628666
434,1.1877683741648102,38.5582,6.8328869047619,8.75295762711865,2.40060759493671,46.9923181818182,1.0794315789473699,13.82836585365855,2.70050721153846,36.961375,1.74560702341137,13.942952380952399,61.627375,6.1211195652174,45.107538461538454,132.23767453187298,99.33525739633728,32.18837933754605,28.20226634801811,490.12624540214443,572.4481423385441,102.83478768542409,243.74740896746516,908.9145925827324,2135.0621711462736,72.65070453286171
435,1.464542372881355,27.20127272727275,6.8199193548387,11.00633695652175,2.6353004587155997,43.945125000000004,1.2804113636363625,15.100407894736849,3.906217741935475,33.922125,1.53544683908046,8.694125,37.233875,7.3545512820512755,40.38963636363625,137.82615001538872,258.27325174065874,35.50033945925863,26.55880843991924,446.3604917051183,664.8732232861221,144.1807486116886,331.08482602983713,811.0670663882047,1302.663015667349,72.86110194399953
436,0.7470112755461601,22.608916666666662,7.075142857142867,11.167010416666665,3.1261018518518533,48.310900000000004,2.0062907801418435,26.76671428571427,3.281977346278317,33.955090909091005,2.3322035928143703,15.825363636363633,37.96933333333333,6.530993710691834,40.080212121212,176.25348616632337,298.3273305265307,30.27800252287663,38.61681461765293,285.3837138499015,662.0160614450773,163.66809916992983,300.4889314373334,752.32593032221,1348.2475420460105,72.86549856265385
437,1.8184175999999996,35.45605,6.92155333333334,9.354232,4.18419272727272,93.19834545454539,1.315244720496894,25.1868545454546,6.430577142857141,62.1808727272728,2.96285454545454,19.41168333333334,60.1257333333334,12.343519999999998,81.6464727272728,222.11888417756117,664.7237209230772,41.5066966517996,45.363041751986955,574.2462843904983,715.6555727124214,116.18184391409159,294.0924046561122,833.3190437406301,1285.8897214755416,119.27496176213026
438,2.5100960698689954,38.08106666666665,6.9068947368421005,9.597283333333351,3.01780303030303,48.38675,2.209879746835445,27.1511904761905,3.63240909090909,34.444147058823496,2.82312711864407,19.748068965517252,53.3335833333335,7.37308695652175,45.04641666666665,133.21555812773633,561.4750778859478,33.33538546464776,51.88568662440535,504.4091040482176,618.1760225445032,139.77499911561608,234.11604342982173,790.176005102694,1553.6958468146622,108.34549320861697
439,0.399376109467455,32.62995,6.8900810810810755,10.151037037037025,4.13409285714285,89.836375,2.3261239837398375,41.33997916666675,5.82456,55.35491666666675,2.1727145833333323,14.42035,60.033274999999996,11.325293478260875,65.82947916666674,289.5653781610458,91.4748257390086,49.49118638260752,40.178787352130854,611.3474175084125,632.6204689685255,146.00155409425497,314.0038519632071,882.8751801047474,2026.414830470458,131.15122565068305
440,1.65672037914692,18.8556984126984,7.058805555555566,9.166421052631566,2.2491987179487167,31.0041111111111,0.8830742659758201,7.323708333333332,2.263793172690763,22.124095238095233,1.2399794685990333,7.342090277777768,33.611757575757665,4.181835294117634,26.177023809523803,276.769567787387,429.62333560123096,19.93607139088108,14.776600738109712,452.80312569057804,415.17870655904215,118.60233886788289,275.62237810343504,603.4382153302431,1022.3573927457134,51.035002494851746
441,1.22265252293578,45.5098125,6.286363095238101,8.315225,6.3374999999999995,94.76105,2.62390865384615,31.687774999999995,9.78165384615385,73.68956818181813,5.885039473684213,24.431864583333375,64.315125,17.3144545454545,89.64568750000001,598.3061353124999,440.2497454166668,38.37971757067663,55.11260496059723,611.907885625,889.298869878985,130.33851282671094,351.7227160045877,904.764179722406,1413.6461453745142,141.85788750182837
442,0.798152123552123,41.236818181818144,9.017848739495799,12.313059523809528,5.944005494505499,102.06466666666672,1.700320346320343,12.322380952380957,7.802771428571428,45.50091666666672,2.169132936507943,9.586107142857143,44.33412987012986,10.301131868131872,58.904023809523856,289.1110045431853,327.45827588492295,32.87139845548179,23.421940461680485,462.06795978021984,657.3972857690284,114.65376841702631,357.6405545962708,982.1016141878707,1234.354657520141,79.21028549649886
443,3.47840625,63.36390000000001,7.213965753424651,10.06843103448275,3.540863095238095,68.0860454545455,2.16363909774436,36.85776666666665,3.693440251572325,52.5565416666665,2.5573025,25.80702272727275,65.1307272727275,7.0357951807229,61.7385416666665,157.99177580212583,165.0976449955506,46.124146314204346,43.95685153287619,167.59091420695202,802.1751884371042,197.1787540242076,356.10318882390857,1072.7799497544765,1627.7806949801743,101.82555997744203
444,0.7501787345075019,37.10840625,8.15325384615385,11.6437111111111,1.44475879396985,27.4348571428571,0.45898626019751004,3.3366700000000002,1.8951789819376,27.602619047619,0.429843696027634,3.30903115264798,39.546518518518496,4.7545104602510495,32.4794722222222,82.0238242466443,79.90942271434659,39.74944012913803,6.9474455544667615,62.633947901205666,422.25897777825594,76.88379846513271,250.90423878282309,667.9669953882694,1458.7726444005966,51.05659365653992
445,1.232014423076925,36.20928125,7.59727272727275,8.420911764705899,3.454423312883435,69.2648636363635,2.276218614718615,24.20613636363635,3.712586666666665,47.72195454545455,2.5808980582524246,18.97070833333335,59.1408,9.104116071428551,58.937791666666506,249.2301850404742,128.45033708582147,41.75732399196347,40.26839135237693,220.77216185771098,469.2629794590175,142.3505018465221,295.7350923679769,831.9149841554463,1189.0096822753549,131.62660179659724
446,0.46296220806794003,18.64603636363636,6.971535294117641,9.55382727272728,2.4109634408602196,34.368363636363604,1.0445145374449338,8.15179310344828,2.48341304347826,27.652619999999995,1.1223265306122439,7.59379333333334,36.51062,5.30287142857142,32.8174,111.6004192256355,206.32452712063417,24.778102936591647,18.70377852960448,347.28588922460284,537.9054136574268,104.41191028803587,274.13174975663424,734.66288857162,1512.9131311550736,70.99129725247622
447,1.2189642857142848,39.36132142857145,7.3215205479452,9.9904649122807,2.933701704545455,62.773416666666506,0.960998178506375,11.5541956521739,3.06497010869565,47.4203,1.64588668555241,14.23336486486485,58.7303636363635,6.421,54.916318181818,135.19827885085493,82.90681823377341,49.317801287480286,34.45815543909548,518.8480354724926,596.344203222543,113.22490172460675,298.90621080994606,1121.7123595997691,1627.9404982924461,84.92885390296578
448,0.31949160671462845,16.7963088235294,7.5986111111111,10.802867924528298,1.887544444444445,28.47763157894735,0.679064323607425,6.34663736263735,2.2390905349794252,21.86845833333335,1.104893410852715,6.132526881720451,29.783078947368402,4.4606653846153845,25.998416666666653,94.86362123971745,366.9955335901601,30.604191141697243,15.981142547246634,373.91357413002584,458.98358803242445,131.52831234037876,255.78478816896677,677.3216417059302,1528.3093554899096,48.81490021944046
449,2.176965794768614,41.616345238095285,7.550021428571428,9.307776785714285,5.282955665024629,76.24128571428571,2.394380145278457,38.15622077922071,7.854418367346944,47.30646428571429,4.457015444015443,18.867297619047573,56.63669047619043,13.001454545454544,61.12727272727272,,,,45.75088874739384,,588.1625427199261,119.16464593793664,294.46855520031284,895.0866659038833,1290.5557140974063,124.6542703094227
450,1.096799621928165,22.3750185185185,7.20689375,9.8705480769231,2.17202346570397,35.06534375,0.67069604316547,3.4436676646706603,2.0769455645161297,26.13325,0.64161790878754,3.4157147651006703,38.26914285714285,4.4681735537190095,31.019088235294102,131.84799526909717,414.42905454951944,16.96620269123332,6.732688660745915,422.5709276412451,573.120207991451,71.1339176632464,295.0023394078016,695.5331424251199,843.7289856374264,58.38449578732252
451,3.3590686274509802,54.7255833333335,6.867875,9.907825,3.819596026490065,63.820318181818,2.44063404255319,40.33970833333335,2.882528497409325,22.076645833333348,2.60772707423581,15.791552631578952,52.2739166666665,5.48022115384615,26.638068181818202,93.77613440055168,42.96169346874392,26.23335220597324,33.11707800218779,362.4176206091973,410.1130645722151,141.16308884695172,210.118037648499,620.3929078765213,2386.3163427449763,95.00815067440271
452,1.499181102362205,30.968078947368397,8.5187551020408,12.856677777777799,3.23911858974359,44.7168076923077,1.1203167372881349,6.62970714285715,1.89447810218978,18.2126129032258,0.85565,4.676314516129031,30.5029117647059,3.59060606060606,22.244760000000003,82.07379022990358,62.87428634106385,21.298460842741992,9.801840756311615,65.13451586317788,544.1757501102984,111.45733296871185,254.16056159883738,671.5809693560004,1228.0605384148657,40.32504511997104
453,1.22646977730647,27.15495,7.4246496350365,11.4756138613861,1.9533289962825302,27.1085,1.07018290258449,10.010884615384601,2.43062884160756,26.3348536585366,1.56715267175573,9.8032,41.9867692307692,4.99345238095238,32.04575,65.46215142242835,63.92981472206528,14.021940946332327,20.323418768495596,686.881623281294,443.0874949321151,113.94182220101357,291.57111421227455,694.5636123418808,1693.3598555624485,53.91119047999382
454,0.213608598962194,36.92564285714285,6.51651587301585,8.83974615384615,2.849052083333335,72.61935,0.9853191489361699,13.331375000000001,2.44721638655462,48.072227272727254,1.668315384615385,19.71808,59.015590909091,8.4692777777778,61.407541666666496,181.65660327659162,403.0994381391745,46.47412357258374,41.190654486130406,132.6816434287383,533.3736073225737,95.84694635123014,230.5199857801199,757.6305884867907,1453.1114604324102,97.32685284689069
455,2.2290266393442626,34.296875,7.26275694444445,10.2035673076923,2.824176470588225,49.1554375,1.7426449704142002,23.345437500000003,2.69293,27.36510416666675,1.5909663978494626,9.687973214285725,39.61888636363625,6.192436170212774,33.970200000000006,107.51643956548737,307.75404315583864,25.597358987298648,20.401590512540363,293.6881149693201,467.0947964768857,113.852130016312,260.91174804605544,713.3773935493082,1830.2773649338633,78.77445314079523
456,0.23860339660339702,16.2053823529412,6.7478224852071,11.1629134615385,2.72280522565321,44.135760000000005,0.6409367720465889,5.89735838150289,2.18024905660377,26.2169756097561,1.14845095828636,8.94593805309735,25.88965,4.99941101694915,36.2086896551724,111.36779672961038,647.0523639904904,15.578894692008351,18.338671924224403,67.58282410086483,671.7536831274629,104.67267129570246,306.4029151573777,1408.816548064351,1777.6908352971077,54.62300032377243
457,0.29482832618025767,18.7542380952381,8.429,10.419323529411766,2.7530165289256203,43.25342424242434,1.1392105820105833,12.028012820512835,2.436010288065843,26.782256410256398,1.6886015873015865,11.345920634920633,31.41648484848487,4.585961538461533,28.626888888888903,118.53722400424506,270.07489191404585,24.761318957606083,22.278147745544818,89.97961426564729,435.2699111526211,151.9567333161831,294.85228781898815,760.9445989752809,1327.2091358279188,58.90476362158855
458,0.8356643571978433,23.542270833333333,7.142259259259266,9.713398373983734,2.87445024875622,41.6523,1.36844617380026,13.949513888888902,3.362666666666667,34.7408,2.2401745098039236,14.15239285714287,31.6150606060606,6.642176100628934,41.307633333333335,331.1263537358849,310.3399181443909,27.315247068740206,25.651815985873444,324.00683419810053,741.5012378866473,143.2365272194147,332.4021119624376,787.6942167058587,1042.2536870464683,65.95833692699671
459,1.531580103359175,19.21753333333335,7.38378205128205,11.13128703703705,2.498567391304345,29.8702894736842,1.197169977924945,13.0627261904762,2.8427037037037053,24.96908695652175,1.899792857142855,10.914125,32.330437499999995,4.41168846153846,29.197325,70.05475616826718,50.1121948450061,23.923117923733873,22.677627608087192,66.79095977085963,611.035421025008,148.17836927250028,300.77029950916767,770.478683989495,1250.7897219620645,47.69384395331144
460,0.7999070921985819,18.011738461538503,6.93794078947368,13.1349242424242,1.39019470198676,16.0955633802817,0.517876844783715,2.17144025157233,1.60514444444444,13.8393918918919,0.47574142599277996,2.2211954022988496,27.8676111111111,3.17169577464789,16.021333333333303,38.65843270136927,32.61885000282371,17.162661862439137,4.413664560612923,452.17886875399086,410.90287268161774,112.86931112408638,212.89989817887545,550.3111053258181,1280.3005753085017,33.47999881953001
461,0.29486077643909003,18.16,9.727529850746269,12.890839999999999,1.9477458256029698,25.1994390243902,0.491358120437956,4.26674358974359,2.04690322580645,22.667644444444402,0.9820081227436819,6.68233112582781,21.2573260869565,3.7190960264900697,26.3474324324324,89.32819125542565,479.79869821961046,13.710426146916177,13.34221625475757,59.18793794539415,519.2755255848169,105.49910366535187,282.1548841893673,709.998793900013,1876.895152963698,45.67939322441816
462,0.472989037758831,11.891297029703,6.849541666666671,11.3894673913043,1.55937122302158,16.6773285714286,0.558069579288026,2.10258113207547,1.54539710144928,14.7559583333333,0.532872761545712,2.0796404040404,25.452775,3.4577283950617304,18.905,66.5734504458462,46.11450151819842,16.079609671136314,4.436450880740737,41.725009354947446,528.3760838210583,107.22773149609566,211.82990167289972,787.7934956923127,1680.186204612255,37.698401138186455
463,4.322896551724135,41.6713076923077,10.1109534883721,12.68325,3.304645061728395,30.469842105263147,3.285540462427745,30.52830555555555,2.884169642857145,15.76294594594595,2.73643206521739,15.6876527777778,38.79404545454545,5.4099814814815,19.75622413793105,375.18667623278924,36.503856691350336,40.49527927158785,36.435296351190544,66.27878537685547,559.3307665549219,224.01465103030205,234.76413916796446,481.9448688067496,1374.2672745138407,103.43125322833657
464,0.3461527866752078,9.265952380952358,6.220345238095235,8.133799999999999,2.2086155462184855,18.51182857142857,0.9345,6.260071428571428,3.3490263157894717,15.080110389610356,1.5351830357142855,6.041032967032963,17.861964285714286,4.348440476190478,17.444870129870143,49.64884762070993,72.03916496656913,9.098051099975708,14.820506775534694,146.59284747494434,505.8165440069778,87.17140049806663,246.99259250025665,582.1943532542458,1295.6109513262552,36.48424254996436
465,1.9434924242424234,31.063769230769235,7.1556352201258,11.342480392156865,3.3061826923076936,40.734361111111,1.8855432780847134,16.86379710144927,3.6311979166666664,33.28602777777777,2.6616228710462297,18.121039215686267,35.78427272727267,7.022875816993467,38.588090909091,358.4719105160206,81.64576246913103,27.73708217081682,40.72789087149091,484.54704379909145,661.0434347142776,152.3688125113646,296.1547113955021,763.1903591876229,929.3152096991738,87.89913263171911
466,3.0704218289085534,83.98915151515168,6.941403846153833,9.1417857142857,8.2751300813008,90.62116666666668,6.6303717948718,68.27052777777767,7.814073333333333,49.576606060606004,6.653440476190467,40.21547222222233,122.34859999999999,17.631833333333336,70.43124999999999,218.97587238629288,116.60130231084207,81.75622779053744,85.456238324614,125.57965579315798,546.044654523333,136.85746428867182,252.7284591148297,779.0928240865469,1672.0950215434034,264.90016219516593
467,0.360937207748831,20.88534,7.9203287671233,9.503508196721299,2.7863779904306196,40.966428571428594,1.7407880258899702,19.418730769230752,3.304320809248555,35.581285714285706,2.199662393162395,14.5581612903226,30.873111111111104,5.2323623853211005,39.37592857142855,378.4469459489897,62.32123197311449,23.99896803811435,29.492433132218824,158.70597094469267,685.2561258710921,156.77926130592823,314.0667802654207,834.2272718437016,987.0958747342229,61.5155091509223
468,0.553358908341915,29.2650238095238,6.7881,9.3166349206349,1.9318320754716998,36.7145,0.408403409090909,3.312136363636365,1.85734239130435,26.5787894736842,0.40235741301059,3.2831506410256397,40.99065384615385,4.756672268907565,34.2943125,106.21484808331054,66.7823087451248,27.347081893614344,7.104843019923321,71.42530022253318,552.4844513274729,65.09160157293081,287.19769325107336,888.042408041656,1739.00913214311,59.40395640209317
469,0.10566711106553199,18.9363650793651,6.87744666666667,12.170695652173901,2.68834391534392,42.732375000000005,0.715822388993121,7.6170298507462695,2.74095933014354,33.3398571428571,1.6624517045454499,10.9214299065421,46.4251818181818,5.0443014354067,36.43940625,122.40372061116827,65.79022217178508,28.378825598476784,20.89819223426134,705.7123080662042,520.7202397286892,116.12912639975548,322.7284178137779,836.7107948288321,1026.0045994073153,59.077306650578976
470,1.9323119266055042,42.0808181818182,7.4493428571428595,10.240608695652181,4.1964,49.3053454545454,1.81641551724138,19.24721666666666,6.726754838709681,38.141327272727196,2.66679726027398,15.779153846153841,57.118100000000005,11.13163157894736,48.677800000000005,113.87818071891222,382.7871610103085,51.255609794595465,37.56488675560246,430.3984347855541,596.4584648609161,117.9211214184761,273.93209282308817,840.3525315225124,1453.2256918027997,130.67129999399185
471,2.5080442477876,48.62683333333325,7.00260975609755,10.3339051724138,2.9214691011236,73.82018181818175,1.0866179775280902,11.086730000000001,3.644253333333325,50.1984545454545,1.8188464052287574,16.286541666666675,72.01372727272725,10.02083653846155,63.821,207.80932994643587,158.75816870891663,47.23201290451951,34.59222584954286,416.3926916266411,555.5913026910275,109.11301942542195,294.6019056253135,906.7360893823206,2005.5767497979107,95.05075286142528
472,1.6475359375,33.798616666666604,7.7019,9.48435833333334,5.53406153846154,59.2420727272728,4.13204897959184,45.8848333333334,5.62832972972972,27.35444,4.933026086956519,17.322507692307703,46.576480000000004,8.05197142857142,31.955599999999997,114.27172297704108,56.32676332264409,34.59659228765955,40.816338161738905,292.59149211271153,508.8095832616091,205.65339364111423,276.76836121827364,641.7061109095812,1214.5530246198177,103.12703903764486
473,1.816394247038917,30.21710256410257,7.894933333333333,11.0131182795699,3.656867346938767,65.00245454545467,1.9236961325966835,27.587690476190463,4.751168831168833,44.08536363636367,2.9816299435028264,20.585666666666665,40.57822222222234,8.946933333333332,50.580138888888996,255.81802703197022,98.56457611628234,35.745214385054446,51.382277213544256,143.21540708691307,920.7079730307063,195.8678321292003,412.6696304107706,1052.0027329524357,1703.4402660404642,81.5903302282095
474,1.51458591549296,114.8261,8.0425447761194,12.29578723404255,4.383184684684685,104.5462272727275,3.6453366666666653,90.8909,6.53336144578315,61.47675,5.08208415841585,49.0365,123.810375,15.4350138888889,76.6822272727275,226.05387248803078,129.5472858643042,105.86984538947893,110.51952956208802,609.1552298698567,615.2687594294548,164.6892516873777,235.7971272431314,696.845178026706,1696.8806507065892,250.1355018466711
475,4.606000000000001,49.89687878787867,8.4024347826087,10.6630294117647,3.5640456140351002,50.75545454545466,3.2121949152542366,40.57024242424233,3.1610766961651895,30.00753333333333,2.84170218579235,22.707235294117634,46.50239393939399,7.098462962962967,36.420848484848335,327.55914758471386,64.2798120301292,36.97214065387983,53.66909901207915,319.91160323276614,529.9083655700088,222.97353328516087,283.0417671551307,793.9338296030959,1191.125678208967,124.9197016780575
476,3.1009943181818187,44.61927604166669,7.276198863636375,10.739590909090937,7.558693181818187,62.10891666666668,3.990022058823531,23.04400625,8.412643749999999,41.359215909090935,4.9354531249999996,17.061142045454563,53.54725,13.809307291666688,55.25331770833331,240.49132477272727,216.2352784375001,44.02204556816865,39.88550975076185,216.63651229166675,642.141088610515,111.08302278444171,321.3292351574637,765.7445894437842,1237.2324083116837,121.67791282990947
477,2.768415816326525,40.80514583333325,7.4680855263158,9.33110714285715,4.281773076923075,73.8011,2.1087132352941174,20.408269230769225,5.278060185185176,47.700166666666746,2.1189334677419347,12.529260869565226,59.280272727272745,10.0942037037037,57.5097,152.70014323387554,250.33069241541725,40.00776561687466,28.22413962761744,366.009118042517,511.5190229844302,125.97345630638301,264.810275984928,696.6269109398127,1121.1994977202266,101.03877284564078
478,1.43567245989305,26.9891707317073,9.18943511450382,11.6246021505376,4.0005500000000005,68.798625,2.7353705583756303,40.08772,5.60292105263158,56.893722222222195,4.38506060606061,34.3531379310345,56.5341578947368,8.58910447761194,39.6255217391304,723.7462210053083,69.5608535901363,48.73165103847614,34.68165970692013,107.85793093171225,650.8747115731239,175.33539794385433,351.6776952892542,764.6613288670778,1698.8442977890372,66.49559363722801
479,0.69480684754522,22.13508,7.457075,12.4370833333333,1.76476380368098,28.7838888888889,0.6741789044289039,7.95621167883212,1.59740167364017,18.1805517241379,1.04130850047756,7.90658108108108,34.4104705882353,3.6762411347517703,23.274131578947397,69.5700246517437,34.442549481816535,22.9492643126751,17.384814053708798,554.4017458932609,432.86147993057966,104.51250709593296,232.34672844409943,585.8256481587887,1890.1414005085826,37.85311710089445
480,1.14374193548387,24.014239130434802,7.46757352941177,11.4004554455446,2.46282655246253,33.7853823529412,0.8356890286512929,6.3096,3.03071128608924,27.7089473684211,1.66699167822469,9.220754237288139,41.3790357142857,5.21072222222222,32.5648275862069,118.89367246742873,81.38422588225983,15.846884810549465,18.30042716446382,113.78903068557106,1549.968053586781,140.51138423383236,394.68950126320124,856.8845922127366,1781.2608741223812,58.58780350536108
481,0.263423548094374,57.0983333333333,6.78557396449704,9.77516239316239,4.152108303249101,124.62466666666701,2.21094026974952,31.169545454545503,4.42962055335968,72.4122,3.85081647940075,41.5323333333333,113.352363636364,12.8900795454545,90.1513636363636,321.5526642605196,199.75291718569025,86.08422423536163,93.64772886711424,170.46503888272255,558.8659085333347,160.5156809091568,283.6532425135374,967.1807754784822,1324.7596798464656,149.50488694012165
482,1.0223212435233167,26.1716805555555,7.547304347826082,10.081125,5.1049714285714325,45.666696969697,1.9790904255319166,16.118257575757564,6.763125,32.646433333333334,4.208666666666667,13.116177777777784,38.36721212121217,8.743625,37.27790909090917,213.67202053577105,314.95798703278723,26.765010617683632,28.888142893300273,108.35232424844266,590.5080935917795,153.45800202339888,309.14546999459463,830.853299703449,1148.8941420490544,92.41238391647737
483,0.6352949333333333,42.80009999999999,6.863526315789467,8.290113821138199,5.686983050847466,97.74443333333333,5.519843434343433,97.70973333333335,3.120461538461537,25.91073333333333,3.1519153005464466,25.672435897435903,64.42352777777766,10.2989595959596,37.31112121212133,170.38515754867703,65.84877466850327,54.71876274732458,65.92504962945935,105.89931917358511,389.85956149796647,167.82785144944987,178.95205722500882,484.85605511814356,1779.6766012907028,220.55509810646376
484,1.3464821664464999,24.1785777777778,7.43556115107914,14.480862499999999,3.73446917808219,53.4155263157895,1.19274035453598,12.6688539325843,5.17214344262295,53.5598181818182,2.93515580736544,15.950319444444398,41.6188235294118,5.5722835820895495,39.550566666666704,112.77639969529177,123.53041094822157,41.46875863880231,18.43878593454669,93.80283155976731,763.2856722921133,119.52051427215338,354.71986047923565,863.5179838165641,1156.1413062736392,55.20838312804699
485,6.5867159090909,92.22145454545449,8.187933333333325,9.656151785714275,7.49109285714285,69.49670833333325,6.2868953488372,58.17597916666675,6.62010714285715,30.0507,5.888822916666675,23.817979166666674,63.58538636363625,12.175521739130424,40.8795,126.94110429288804,63.31775889634781,38.59965444617937,55.649674552772765,108.24629275612575,450.96861431375146,157.2112727444619,227.006699424237,646.7213213909417,1639.2223886214197,186.57417385838926
486,2.551445701357465,29.1581842105263,7.545149350649351,8.6230634920635,3.4383614457831353,37.0424,2.61421748878924,25.5431590909091,2.904639303482585,24.7692380952381,2.26443260869565,14.69665,27.333675,4.502333333333335,28.45652631578945,289.0230817704139,53.38197923993421,17.4068058332376,34.648291593540556,280.34153455796877,706.4012694172561,194.58208698779345,302.3174707777798,780.9750153683126,1452.0355849526823,124.78900607675314
487,1.7394400656814435,25.5999761904762,7.065265432098767,9.179769230769233,4.1799651162790665,55.87516666666667,2.4764143518518535,25.47966666666667,3.817049242424233,34.16133333333334,2.18421722846442,11.757068965517233,39.705138888889,7.2480694444444325,38.60926666666666,125.63107134538701,234.0537312812098,28.039221281157708,24.538352790283966,261.7904527870088,721.7095466330647,145.56555543094873,377.9490323116382,906.3715813681483,2020.1196894049644,77.93930514405172
488,4.5234603773585,64.0620833333334,8.17137857142858,10.89708571428572,6.03568333333334,70.7631833333334,4.22104166666666,55.34490000000001,7.131357142857139,29.590600000000002,6.0439052631579,20.4137454545454,56.7524666666666,12.2160705882353,41.89286,101.3378557738794,182.2499442006298,35.64817085289128,45.234415043338565,265.28991351814074,433.12248308211565,136.5781854838133,210.56763362139463,596.2031474336982,1654.5061813667417,142.62622222304344
489,3.00967256637168,54.199733333333334,6.8456607142857,10.017898148148134,2.970158469945357,73.36836666666666,1.46886434108527,15.356458333333334,3.60702,63.297636363636336,2.3376995884773666,20.228352941176468,83.087611111111,9.727714285714299,75.89466666666667,202.04065432579884,179.02386138179122,48.9902834293949,49.347988223686535,446.5832660113426,588.0006666605672,113.1175085902214,260.48258878290653,897.3172089705864,1966.62909972171,117.30769959588845
490,3.44695283018868,54.342999999999996,6.80385430463576,9.93557692307692,2.35055757575758,33.8714242424242,1.13611648568608,12.414275862069001,3.31640445859873,34.1180625,1.6812419825072902,9.396981818181821,49.7772380952381,6.0886235294117705,43.431125,92.92106832708312,76.39505452257428,30.969054629786857,41.71959846955321,80.52691545946462,830.17498254776,190.25970250368118,378.66169586777687,730.0160592421889,1494.9229080229998,74.86180402338505
491,4.15466108786611,39.0934285714286,7.48470895522388,10.622504854368898,3.4376729559748402,65.2036875,1.65768093922652,18.8761525423729,3.63588719512195,41.27056,2.4973883089770403,13.5960963855422,60.9695882352941,6.97258278145695,50.4583333333333,175.09202814467682,89.84144647306529,54.360010147072074,28.863918308912638,958.51203250978,1137.2213484719396,175.00747926533222,351.12686455249786,739.7087058052421,1461.4664716646075,78.51328700780869
492,2.241429487179489,28.863533333333333,7.277732026143789,11.674,4.882777777777778,33.71910185185189,3.6909117647058776,23.862000000000002,5.2789649122807,23.586990740740777,4.401371980676333,16.11652777777778,29.739020202020225,8.500376068376065,31.930366666666664,118.60787575675052,131.9837188669864,28.64611823691504,36.82387989300213,269.71124448157633,523.6462250144946,164.72216229885817,255.48761865744987,588.5410614104735,1826.1530126134555,119.62368929137786
493,1.5381877444589307,31.39037179487177,7.229265734265732,8.829576923076923,8.871446153846154,59.72371794871792,6.315822485207099,39.642629370629386,8.124993589743616,37.603138461538464,4.744402714932123,16.342784615384616,45.03425,13.435993589743616,48.57137820512823,189.7642908641931,277.9654137179487,35.202222213160944,37.129473176622234,175.70036499395823,627.9671439327873,148.81007910634463,303.2767930282996,1303.5476942045184,1248.6808467656374,110.49410005888113
494,0.388352690288715,36.8444545454545,6.80295945945945,8.474882352941176,3.924652777777775,92.755125,1.699101612903225,23.149522727272725,8.795883333333325,75.999925,4.175375,24.6501590909091,67.79739583333325,13.450631578947375,86.88475,272.10444372563825,186.9075313853514,42.192181110980165,47.5898763118858,1044.3356850000002,584.1990292537957,151.83720970526338,345.77182377688587,1047.7915522642434,1759.9886690732092,123.93210199661553
495,1.52722898550725,86.0875384615385,6.75142763157895,7.46719708029197,8.437177419354839,180.883666666667,8.3685703125,180.9065,7.67573825503356,82.2265,7.874583333333331,82.035,130.189416666667,19.187881355932202,99.0952727272727,298.4516977869301,154.40122848664853,120.12713545830348,163.9027984674746,176.37112871690812,614.5334802567959,296.86291236430407,309.5853142440319,995.3351225703955,1782.462210394442,404.41101882606745
496,1.8512842465753399,25.8138260869565,8.736118644067801,11.8953775510204,3.35738596491228,32.1376875,3.299266025641025,32.004875,2.31128222222222,12.69754285714285,2.29202559055118,12.6384523809524,41.624464285714296,4.700679824561405,16.361919354838697,44.98026871245752,30.1283132539195,35.50712734133995,29.978147819171067,43.75557084889729,372.84031277522445,162.3680116608739,174.1694170050323,365.42946472764015,576.7133319750428,95.329899340868
497,1.4654643765903297,49.955733333333335,7.0810754716981,9.8643611111111,3.29151282051282,77.67806060606067,1.4725997150997168,15.928608695652168,3.4012202898550665,46.394000000000005,2.2754451097804402,18.660333333333334,70.51508333333334,9.4639888888889,58.202666666666666,200.804115812947,313.62079716303873,40.065935255338566,42.05009169505895,1098.9169174358979,502.70105712115765,110.66462999830644,286.0693959519267,837.7854246646166,1914.152386598289,94.42779701203108
498,2.520345814977975,41.810300000000005,7.921402985074649,10.39267441860465,3.118069277108435,37.099966666666646,2.31640322580645,24.18742857142855,2.5268349056603747,20.45076785714285,2.02636140350877,12.2976590909091,46.03413636363635,4.82370168067227,25.47825,76.25075151318619,45.62731341196125,24.61906590623029,33.649421192264995,366.7158581203443,480.08760204538703,168.83885255083442,282.07108844071627,605.1082978956401,947.8082996793091,77.59635336697102
499,0.365029826812059,25.4670869565217,6.75494193548387,8.172507936507941,2.33100400801603,52.5308,0.798778113207547,9.42015454545455,2.6937855297157602,42.6994,1.73854833333333,14.3450125,44.426959999999994,7.2420425531914905,60.3136842105263,163.8332188331479,78.95578099721884,43.51381415667554,39.285092905673395,123.82109150513627,726.9553607329726,151.3259718194604,315.9330692142248,962.4313097447157,1651.8053133040667,88.2121967151761
500,3.676746621621625,31.072770833333248,8.606349999999999,10.345803571428576,5.642141304347826,37.85904166666675,5.5675424528301996,37.7715,2.6785077319587747,14.771265625,2.632617256637175,14.757605263157899,41.09091666666675,5.935838541666675,18.966983333333328,66.1719428288963,30.66247995811673,42.511156769688014,30.656949157016655,78.04883363412837,403.88217894360423,156.47081891074777,169.2730758804828,384.7651067189872,919.9600724969059,126.59690110012889
501,3.0419137931034466,58.215805555555676,7.069903030303034,9.234606837606833,5.162202020202034,93.44254545454534,2.78181087470449,32.69433333333333,4.810653846153833,60.31241666666667,3.2562870370370365,28.439611111111102,94.67215151515165,15.9572105263158,80.8621,251.76757607290395,590.1414014909758,92.87366128733946,68.25400624683022,633.381551525839,600.6421133254966,131.73712262262902,283.70360378175974,720.768499498566,2213.278467146059,238.40132635086775
502,3.88466542750929,56.9238947368421,7.44935862068966,10.180205128205099,2.8243935309973,40.165296296296304,0.952056719022688,9.39486178861789,2.53151304347826,24.5014318181818,1.65436201298701,9.24193693693694,56.6253888888889,5.02043555555556,28.5742105263158,122.14878675406142,656.7384626313792,15.929361651444443,18.229128653339973,622.2107062631862,612.2190039604902,128.82896699011326,354.0312172845006,688.4564878419042,1282.1127660572529,50.71090999990702
503,2.7642285714285713,32.12378571428572,8.73687142857143,11.1014404761905,6.7322987012987,38.86820129870129,5.2410000000000005,25.26975595238093,6.452528571428571,26.108720238095213,4.255894957983193,13.677721428571429,38.40414285714286,9.731220238095215,31.207188311688288,121.29422312869144,188.81824966613175,28.58936178356209,27.720491475588094,210.51985566681756,523.3886734848576,131.16341849256838,233.23895376441735,599.3909169254558,1029.7829750925303,74.63920794959579
504,1.2209297619047634,31.18875,6.915034013605433,10.354693693693699,2.164475409836067,31.683611111111095,1.2653095238095233,14.403012345679,2.216216475095787,26.469738095238103,1.02497074468085,7.058853333333334,41.356484848484996,4.989596244131467,32.48383333333333,79.3240550872059,50.96952456129873,38.417607722854534,17.75753770661245,228.18270769422483,477.53472657253343,111.22677630434434,222.803830790023,738.6959933986267,1611.0728417212765,92.23563441385825
505,3.333384615384614,62.72094805194801,7.375142857142857,11.093439560439558,8.358738095238099,87.3966883116883,5.3300591133005,47.81733333333329,10.137685714285714,60.032831168831144,6.626778571428572,25.02702857142857,67.71826190476186,16.674805194805142,75.28501190476186,450.90095670329674,619.8962062857144,54.85700183092225,51.81498468783964,422.27803689807257,669.2570268309543,151.25657498304332,336.520912657891,970.4180427693894,1662.264045860086,151.42825764736958
506,0.187377022912995,11.884766666666701,6.8996338028169,9.86971818181818,3.56492361111111,46.8373333333333,0.992128909952607,8.8377,2.4840829787234,20.145810344827602,1.42441147741148,6.6774701986755,21.1992127659574,3.9809962546816497,23.6052173913043,108.32015814359002,130.31208990179223,16.012572574744237,18.435172605254504,69.46489604214531,843.803770840168,105.0835708156228,406.68544825166464,932.3224890977144,1335.280598141253,43.5299938544631
507,0.168973296199214,20.928566037735898,6.03136257309942,8.61126890756303,1.66718813314038,36.7156666666667,0.33672751149047897,3.60636082474227,2.095591796875,25.882,0.31650821845175,3.5714900000000003,40.6499047619048,5.72371428571429,36.05703125,92.85993944045471,72.67048090587244,30.724615953355208,7.7394821771838345,70.43508494810024,395.7579145208001,107.9462468624115,211.6895979270339,791.876227594912,2684.809546917677,64.7517153993249
508,3.533933333333335,54.8270454545455,7.1121904761905,9.4409661016949,4.418331967213115,108.426125,1.86316898954704,21.768354166666647,4.27780827067669,62.467625000000005,2.26881223628692,14.58827631578945,104.411,9.981990196078451,81.604,234.5552492492728,200.52280799343552,55.36783707590663,40.97368718188535,1320.640191670207,620.9856714121997,113.33407601341605,299.9848104082048,1012.1414903551339,1359.702693298459,127.37489305436611
509,2.36290163934426,25.01312,7.2794315068493,8.9450923076923,3.28539814814815,39.0715357142857,2.277927083333335,24.9580238095238,3.253405714285715,28.74705,2.08614693877551,12.4794871794872,26.280175,5.94967816091955,34.5729705882353,382.4291401943168,61.504948261671636,16.72341057349773,31.079396647513363,352.5573849014037,820.7245846278965,216.46320819854736,344.11808010190725,840.9137488342822,1659.242797177285,96.91715240478516
510,2.251054054054053,36.935700000000004,7.0021156462585,8.2172105263158,3.7411485507246334,70.936484848485,1.9437142857142866,16.5283043478261,4.438055555555567,56.758138888889,1.75547839506173,10.237704761904766,58.30191666666667,10.155546296296299,69.48533333333334,175.1606989333652,296.2618907526114,33.027595140762166,28.519051253541548,254.2062380572116,808.3700202405453,137.0975902924935,355.1957197487354,925.0263140226403,1122.133348447581,139.5730689788858
511,2.0405679012345717,41.450628571428574,6.369268571428571,8.433751879699242,9.377285714285716,89.3122,4.747852678571428,47.597987012987,11.2247032967033,62.639207792207856,8.242352941176472,31.16010714285714,68.96516666666672,17.918833333333286,88.671,317.4274558476504,559.4197348051946,51.53387302629765,68.73565228832375,580.882329090909,822.2893578931689,175.67692723657404,376.0632726230792,967.60361588427,1448.806784381824,160.17602756619453
512,1.61835993740219,27.5438666666667,8.38083760683761,11.4341052631579,4.136184738955819,51.850500000000004,4.11138152610442,51.3102105263158,2.99344845360825,17.2243880597015,2.99110404624277,17.6037878787879,51.4461,5.673016853932579,23.817711111111098,105.5858702086405,39.190969901109625,46.910846650403684,39.285356410751675,63.21216559403743,434.9881783127785,163.03705051541328,157.32648316770792,385.2575784549117,1952.742412686348,123.1740927323699
513,3.75157857142857,28.934525,6.8581726190476,10.425339999999998,2.07804895104895,27.87245,1.058494152046785,6.72058139534885,2.69465137614679,23.229478260869552,1.53384393063584,6.83624666666665,34.064416666666645,4.98137610619469,27.7735263157895,89.24483592969922,55.40953330077114,24.006076899853735,13.473854925368007,386.4728741355848,715.4964609071612,100.87169939652085,225.09668488055468,603.87859120965,911.4491520449519,55.45829189941287
514,0.9332986301369861,30.7557,7.5753166666666605,8.956192,5.8264052631579,72.29116363636359,2.36072325581396,25.6227818181818,10.491263157894739,56.74691666666659,6.3823055555555595,22.1912833333334,48.3366727272728,12.35338571428572,73.56427272727281,206.84446859846557,361.13075374807244,30.053688479512754,52.62593688610506,757.8520429090908,800.4435570910573,157.40746166557074,396.06099482625723,1054.8759205266833,1812.1341988444328,108.01464319229126
515,1.60107465007776,64.24217647058819,7.830298701298701,9.29190322580645,4.30456589147287,123.364181818182,1.40012564102564,15.827015384615398,4.62833482142857,100.656166666667,2.15495903165736,23.46005,109.406909090909,10.6217363636364,129.303636363636,428.3470815433347,248.50546444075516,34.861616140776555,71.08605568063682,1655.4390152981875,937.632261775434,148.10417778789997,534.6693797037005,1373.5561864450574,1655.6406859308481,134.8627032712102
516,0.5974074550128551,24.14584,6.495170886075949,9.74546226415095,2.624341121495325,33.55325,1.912823426573425,16.530060606060598,2.4378164556962,25.81758695652175,1.81975892857143,11.5045096153846,39.24623076923075,4.81988617886179,33.14653333333335,126.60787771213445,510.7605165578358,32.707172590319274,24.65644287927393,473.86157415604254,570.36163052544,122.9056273587048,233.71499264612794,750.4906156100333,1419.3341601639986,94.4046420045197
517,0.8566493710691817,20.718999999999998,7.505991666666667,10.627697916666666,4.47467424242425,44.7849305555555,1.8468369565217333,18.017361111111168,6.451470238095233,29.8255,3.21253525641025,11.066822916666666,36.746527777777835,8.519083333333333,37.942097222222166,146.12347427175072,193.44988533124288,28.44353219048631,27.00699200229909,436.7221663673511,662.1403153985739,146.88669859121242,326.3669166093071,818.2036457583308,1223.845190058152,74.22228421395023
518,2.7273880952381,84.32292307692309,6.62438216560509,8.762302521008401,5.52331318681319,82.9022142857143,5.78585875706215,82.85307142857141,5.3095935828876994,50.3104782608696,5.21948017621145,50.3409565217391,128.152333333333,13.2581772151899,68.81,160.20138415635668,136.8731452776303,119.98253548986291,135.53007773995776,225.81539212695762,541.6952539235353,233.11886470764875,250.13296399265525,736.3542448729277,1381.0909586027265,509.8860012367368
519,0.28317733333333334,27.65766666666667,8.437558139534866,11.606292929292934,5.161947619047633,98.813393939394,1.5113244680851068,15.812583333333334,3.4458065476190334,41.79546666666667,1.72628712871287,10.577450450450467,35.498866666666665,6.3602901234568,51.130393939394,584.4620990726565,425.26421282176665,32.05470844624373,26.52330657772958,156.99642243895784,823.4484431644281,113.81558142602444,405.3969557086627,968.7671593079964,1795.1487951601546,74.33576198915641
520,2.87133,54.29456818181825,6.296535714285725,8.052826388888901,3.331526470588225,85.55963636363624,1.703021103896105,26.663159090909,7.1174,66.706125,3.420103333333325,25.65043181818175,76.25193181818175,14.792911764705876,89.47966666666674,714.4177922925153,1143.0396788888886,55.0032991831757,63.896028279249315,191.12828932733143,649.9232491478324,139.0775665640831,309.6132888458669,1051.6196896787733,2060.819650068879,125.68917591124773
521,2.9237160804020097,31.60973684210525,7.128125,7.8043552631579,4.289420454545455,59.1343636363635,3.77356204379562,45.269375000000004,2.803217741935485,24.886761904761897,2.541483333333335,13.81444594594595,36.8742142857143,5.49128260869565,33.3501111111111,78.92481355082262,51.784485451232335,32.12070983069317,36.204387122296154,489.8704944464767,400.1168068498373,120.21788861602545,179.3279661796987,542.9496988654137,1165.7481547445059,89.76315148174763
522,2.61819444444445,42.129675000000006,7.411075,9.935791666666676,3.1343944444444496,39.920225,2.209575,24.8263409090909,4.37910344827585,32.44605,2.7279175,17.866333333333326,45.16989583333325,7.8554236111111,39.319424999999995,103.27902154552508,218.8653570608015,26.445085641266957,35.610658536667614,315.8071807179284,541.3631966803223,151.66925149969757,269.8330266866833,751.4505938161165,1136.1021490301937,97.40047389641404
523,0.5097734521575975,25.8118125,7.1667499999999995,10.518090909090901,2.975272727272725,57.858562500000005,1.122211174242425,13.209671052631576,3.573636029411775,38.5579545454545,2.06635119047619,15.33129411764705,56.9263,8.43198387096775,48.466975,184.59254471298942,169.76601043865162,36.433930136338944,36.617980500374244,660.305707695608,558.9403794147074,110.08618166670203,300.5952399689704,865.9773040562868,1301.4102238230407,82.32370018959045
524,1.0746655948553099,29.044972972973003,6.68198255813953,8.9865867768595,3.80470072992701,65.7837647058823,1.18508574879227,11.688623655914,3.932953307393,43.6906956521739,2.0341550802139,11.2900947368421,45.902347826087,6.252,48.538619047619,215.2270090097241,120.5940919292257,30.839279896961568,31.340519580558475,152.9444875721704,833.8028565049171,138.15879356116056,482.0515401661396,993.3640714734793,1111.3016167655587,73.10120854526758
525,4.71572897196262,83.01561538461539,6.83655194805195,9.006755555555559,6.3798074534161495,239.258636363636,2.42937668161435,32.4972777777778,5.85744102564103,137.15,3.72017770034843,41.09792,145.061583333333,13.4062307692308,170.703416666667,320.9728696623734,246.17006518696664,108.38572472709212,88.0671265481694,2151.2869206614064,830.2873931825161,185.0095810368657,423.5455300658941,1414.6052999421954,1913.7484952807426,193.08580085635185
526,3.4378283828383,35.96141666666667,7.7069621212121335,10.589648648648634,3.4381274509804,35.052555555555664,3.2169213836477994,30.774111111111097,4.266066666666667,31.407545454545467,3.7795243055555665,26.79285714285713,50.86622222222234,8.3334888888889,36.982166666666664,285.6156610681049,49.954418062720954,48.99335520587639,51.66039312872251,246.71971892035685,650.8986931294203,218.54673977941275,285.18241209288436,748.3222987502813,1397.4723250915606,130.50606939941645
527,2.6903015873015903,36.289733333333295,7.2622531645569595,10.8492871287129,3.1465562310030397,46.275125,1.15661359026369,15.179694444444399,2.15299368421053,24.211724999999998,1.02306042031524,7.99044295302013,24.1464761904762,4.36972452830189,29.833000000000002,125.71737592155228,129.26020101357494,35.32212060550099,23.09304151428858,188.24418811977404,1506.9239307194948,134.6302917227149,477.04263124614954,1075.0065091997385,1232.8218203037977,63.09009622782469
528,4.040037878787866,72.92044444444433,7.5875087719298335,10.663303030303034,4.3919864864865,45.83025,4.304215189873433,44.96602777777767,4.019143369175633,30.8711111111111,3.9156553030303,30.74846153846153,60.23583333333334,10.095686868686867,42.499393939394,202.7238675210351,70.81029875741636,66.97631372829504,71.41680851923165,101.0262596084474,620.4798041532437,176.38180094460645,185.350615841647,524.6318411082029,1548.1757776190836,208.28559839477143
529,2.9147690140845097,41.746680000000005,7.42646,14.439769230769201,3.6800857142857097,36.9027857142857,3.5246834319526603,36.947064516129004,2.5690911062906703,11.8864302325581,2.5207074340527598,12.0901573033708,30.0105151515152,4.83751569506727,15.6444714285714,119.96447782846427,25.490630904069903,32.54776216753457,25.519690899151907,32.33600734964892,354.29433919489384,203.8615057244897,214.05243314802647,373.0164375156164,543.5023456811905,122.52840679138899
530,1.4526273006135,66.44511111111109,6.74867741935484,8.15858156028369,3.4412424242424198,60.982736842105304,1.25668901098901,9.284483870967739,3.9143864406779705,46.601000000000006,2.5529828009827997,14.0507529411765,79.0358571428571,7.3661048951049,60.5308947368421,172.43656950349413,208.25911785349174,48.868812502457146,39.23755606370419,956.429125569324,867.1795018017292,153.27073633670807,344.5784095674753,1032.1292327716947,1554.7942137345672,90.79200681298971
531,1.17696996662959,23.2665333333333,6.30393989071038,11.0766380952381,4.02674409448819,45.566399999999994,4.0055331010453,45.635040000000004,2.1853001912045897,12.7624888888889,2.11144100580271,12.3333195876289,37.706500000000005,4.397058365758751,16.0744305555556,155.86896131212904,32.597603424119754,25.503467198579372,32.644373516899805,45.87219358030684,424.0107024088502,192.1981805935502,207.01971370726824,441.2547452375293,2052.0747639238834,123.76629747450352
532,0.4386275115919625,22.846166666666676,7.310310810810799,10.515101851851849,3.590401898734175,50.56304166666675,2.0034534883720925,22.4391923076923,3.145794943820225,33.28041666666675,1.8771993464052301,12.45020454545455,36.616125,5.7170306122449,40.03727272727275,147.40951651927924,94.11493240047993,29.503688929214608,34.265318652379804,336.2432678435597,633.4792298730463,129.35830163769424,291.187601396814,920.0501488521695,1209.2989054508507,76.72664942219853
533,4.08700358422939,32.869838709677396,9.876637931034479,17.322203389830502,3.36781055900621,39.4393333333333,3.36180563380282,38.1105185185185,2.9939738372093,20.7875769230769,2.89310050251256,20.8521454545455,23.2670952380952,5.14966,25.7152888888889,665.4448718068514,45.182761716195195,12.833284023817155,44.96195619035726,83.9273885541384,716.3454545661807,247.85425048321483,254.7180512920022,517.0801188796759,446.09494507312775,111.37051042169333
534,2.80708767123288,25.624625,8.68104132231405,8.71004545454545,3.46687179487179,48.759142857142905,3.53163278688525,48.7117619047619,2.14784836065574,9.9072037037037,2.1778877338877303,10.039611650485401,18.3819298245614,3.9736617100371703,13.028749999999999,38.46363737045766,21.19770060690606,10.59894016991388,21.316939983731615,37.26568179116893,389.42990358918905,168.67381054908037,183.1684960052371,361.75826098769903,541.3157632574439,77.39430293440819
535,4.158275,75.63589999999999,6.75853797468355,9.177087301587301,3.5156833333333353,97.40909090909099,1.334686774941995,22.48745652173915,3.472287096774195,59.65475,1.9811644067796599,16.5917,94.02375,7.72319402985075,73.5915454545455,198.9407590358538,878.4675594869007,52.06990119433156,46.77449799334468,184.28762172579374,612.5305080786347,112.38682782277465,312.89858743548393,794.3062460981309,1437.9437314346433,98.8672487437725
536,0.188453185498064,11.2616875,6.58893220338983,10.80286,2.4710608695652203,33.5993428571429,0.681801455989411,6.79148520710059,2.12667910447761,20.1282068965517,1.20028523862375,6.6672774566474,22.542180000000002,4.1227536231884105,23.7740612244898,72.96008676469557,488.1814887699012,16.17919267131617,18.58328326389677,103.87198410066087,744.5855066180229,109.92060415446758,384.77692287415266,804.4213522225618,1038.602483458817,42.18521062284708
537,2.14493253968254,30.631818181818247,6.87209210526315,10.73250925925925,2.8255755208333246,42.283625,1.1645650826446274,10.600527777777776,3.021988235294125,32.06718181818175,1.3637703349282302,6.6361794871795,40.6694375,6.6662435897436,39.24545,100.90947956253622,233.20166452522324,28.04042272274962,19.52915047898168,440.7173327250191,559.1955792624503,101.37941571883857,301.17391725070775,880.7335572782904,1660.9295271337032,63.8002238702029
538,0.24653629119104,11.6035,6.76913,10.759175925925899,1.12129938271605,15.0413289473684,0.27606388140161703,2.34767149758454,1.47260465116279,13.034108695652199,0.243848312236287,2.3638061855670096,23.236782608695698,3.20944545454545,16.5009230769231,38.5269332591859,477.85624064077194,13.759261562920619,4.2999512130210125,439.55848005218223,342.3886140808463,111.38180270791054,192.44770519435406,494.0540296956897,984.5403023064138,35.00820603221655
539,4.274966666666667,73.05802777777767,7.222166666666666,10.1934298245614,3.5560480480480336,98.16619444444433,1.12276802507837,10.095526315789467,3.825581632653067,77.60416666666667,1.47314005602241,12.649077777777768,78.60778787878799,10.264194444444433,104.00806060606067,507.2570804607628,323.18237673067335,66.49055972731458,26.908455711942867,1534.7746644444442,868.0486042673389,141.0867009932796,421.2458773205678,1116.7873085166018,1621.7885461325448,148.7658048669497
540,0.57001105527638,18.4581129032258,7.9900522388059505,12.6123536585366,1.690983333333335,23.54822916666665,0.532873873873875,3.9357906976744195,2.439903755868545,26.1968,0.71100068775791,5.0496371681416,33.934875,4.076963503649635,29.76266666666665,72.41915032649571,94.86859856765108,19.76043851216971,12.749669770705406,339.4926727525397,566.8400437571108,118.75039199367166,339.1235019080341,901.5300893224776,2146.3858895003796,46.18009552359581
541,1.9642218045112776,58.354974999999996,7.760264285714275,10.691552083333326,5.118009615384625,85.09435416666675,3.2726447368421003,51.766208333333246,8.874548387096775,66.45015,6.895966216216225,42.0672,68.816275,17.26585714285715,87.49347916666675,286.1709872306264,307.06486561509655,53.250401704810216,107.01104996320313,720.0197269326674,701.2778252828866,222.5514210294932,370.87747477926314,867.9801772814244,1853.6937481258065,239.5516785327345
542,2.57543388429752,38.2116774193548,6.89292715231788,7.61725925925926,2.7748300970873796,37.80556249999999,1.01898652291105,11.082320388349501,2.3941701631701604,25.899785714285702,1.5122710526315801,8.56684328358209,42.4868846153846,4.0853125,30.4544736842105,84.50767632772138,58.81493777233626,42.454720183367606,17.370580176594256,578.6694629456811,662.3356137424707,114.06594421714544,253.70649527758363,805.9189189225435,1114.8334946483374,38.819899782538414
543,0.60296551724138,20.6069,7.21101408450705,11.595693877551,2.609176616915425,38.668000000000006,0.845071539657855,6.19780208333335,2.8814772727272753,28.895274999999998,1.7048797653958951,9.38973214285715,40.1657142857143,4.66104054054054,32.5135,97.3385699388937,69.07539310364707,30.893947450689755,20.498473827798215,77.67015894172408,629.1217403486371,102.30084881186485,306.05869833379984,855.031656101346,1388.9164896681905,50.61700940132141
544,2.11528686868687,44.66006060606066,7.070907407407399,8.937641025641033,3.943228260869567,55.85806060606066,3.0472046783625735,33.943333333333335,3.62966,31.541300000000003,2.7947564102564098,17.682566666666666,50.544333333333334,7.787913333333333,38.28903030303034,147.78484546140248,405.61739433780286,40.17024798153068,38.22844631258213,91.32967535157134,622.8158095230659,131.34742621332407,278.115210433801,732.8592240810394,1618.201603802542,110.95263374348481
545,3.295882352941177,49.01269444444433,7.2586231884057995,10.5198108108108,2.8079308641975302,39.96042424242433,1.5524005979073234,14.942333333333336,3.2366545454545466,32.87277777777776,2.3208941441441433,15.848285714285701,43.308416666666666,6.505621794871799,38.323606060606004,113.90035807569296,370.9354603248139,45.71491578338016,33.741788449375115,86.20411960778331,577.7248879894614,141.15239027887583,285.6398932635784,792.4425027643641,1481.9734264165163,100.89293743173282
546,2.904159891598911,32.40985185185188,7.626583333333333,10.608633333333334,5.0237373737373785,38.97100925925922,3.1568644986449885,18.004101010101,6.3260987654321,27.885070707070668,4.437388888888889,13.542131313131334,48.020018518518555,9.861474747474745,36.68721212121211,108.03628732212799,190.3016209208848,38.20312169158083,27.762701434972715,471.4001635555556,548.6167553398344,143.0302703132232,252.00345294757022,670.9920966790783,1170.7080036608709,87.48777779854007
547,3.3885606557377,40.92228,7.810206896551719,9.96772727272728,4.45760869565218,75.46495,2.29643711340206,25.8421,5.691955,41.20924,4.0699107142857205,18.631109090909078,51.39393333333339,11.12123333333334,59.5311833333334,192.38010469851514,117.90044918567222,45.54438269388158,40.62671885381251,301.0610560758641,543.1290715932846,128.59410606324673,262.6931108534336,621.8345602974296,1389.0128396451473,123.9628391340375
548,1.097780861244018,24.3952363636364,7.2581250000000015,9.98936666666666,2.9637824999999998,50.6736363636364,1.006459663865546,10.44633,3.9548705882352997,37.8655454545454,1.37025798816568,8.097168,36.7611454545454,6.7832705882352995,43.6987,144.40573341969113,205.67769547438624,30.01160962269965,21.3523361161408,498.182123161487,672.7883964776993,102.54062246531248,316.48642383515835,986.6896877065301,1724.3177676573396,63.813100568950176
549,4.45679918032787,79.8142,7.33158974358975,11.5064230769231,4.413802325581395,83.522,3.362308139534885,64.4417727272725,5.278592783505149,48.15486363636365,3.41200892857143,26.5318181818182,71.94670833333349,13.3546875,64.87575,203.71346045818635,108.00209737830596,38.76471119870203,59.325262568719516,258.99590578451483,613.5014584288001,170.9540607407689,322.1905673854053,931.7698189988732,1330.589281860739,242.37845791503787
550,3.509045454545455,38.0792,8.8342109375,8.7623306451613,4.29723134328358,47.94304166666665,4.29606967213115,49.1759090909091,2.99038524590164,15.664250000000001,2.918969273743015,15.552864864864851,50.618583333333504,5.1035,19.3154642857143,61.764482980477894,32.48901350320197,24.101605093724796,32.416470393175,56.72355599693645,489.69021299853927,168.804288841784,182.00099002569914,432.1403685025871,884.3776537105441,103.39199798181653
551,4.29762172284644,32.718297297297305,10.0794519230769,14.321513157894701,4.01994814814815,47.9827916666667,4.121163194444439,46.8756086956522,3.03881388888889,22.01,4.91957636887608,37.8567666666667,33.0250294117647,6.01501485148515,39.7854827586207,660.1674089227453,42.14095378490845,14.244248816488051,38.887542793294635,82.29971150182239,594.9354032054543,228.3591078594327,239.63835556060076,442.25812889635563,532.05955773592,110.66969018429518
552,1.0161210317460314,9.008750000000001,6.697045454545449,8.568523437500001,2.0939365384615374,15.67378125,1.15228311965812,5.9035652173913,1.9985954861111126,11.689636363636362,1.081025,4.182396428571424,15.688363636363624,3.1767875,13.7506875,41.798126067224594,108.76425225205382,13.646668550035699,10.186616860773988,104.33254803962927,602.594084921293,101.74638591706753,287.5530830351636,596.2472147075459,1457.6096960809082,44.193625217303634
553,0.14473379687112,11.6463548387097,6.72342441860465,8.7862480620155,2.4191625282166997,32.2780833333333,0.7749777478084959,6.71577192982456,2.52159268292683,22.4617735849057,1.33872900335946,6.7913615819209,18.9307049180328,3.93226037735849,26.718225,63.81438831220215,47.87086888345275,16.43787152856233,18.810136802726856,66.37129735394115,642.8379565477371,134.38393361866474,345.31326964497566,833.5494203492999,1857.9729599878192,40.171691216528416
554,3.055645945945945,58.246950000000005,7.28530405405405,11.016826923076898,3.0738005952380947,36.823625,3.10608918918919,37.8141923076923,2.6025376884422102,22.26259615384615,2.5813177339901503,22.67003846153845,44.28804545454545,5.7251176470588,28.9664,113.16342743309482,47.14602898371538,43.46919855947702,45.074148533308374,50.09606347521334,338.8389479368925,158.62054424360394,165.4121559113264,484.5746560022235,982.1763262152672,144.26945708692074
555,2.164954365079365,34.392458333333245,7.4448851351351255,9.86639814814815,4.798461206896549,52.84315,3.192032967032975,33.669,5.921963541666675,36.394625,2.9490232558139504,15.9374375,50.44638636363625,8.828515625,43.48063636363625,148.88421520080834,74.08428967380478,29.2711276629582,39.2320480901528,486.57243170805623,654.151733033359,179.96495589613914,264.37186752445996,845.7040879875422,1672.8205024264753,86.14149992354214
556,0.611594497607655,29.41209523809525,6.11374404761905,10.25008,2.47301650943396,39.726,1.11695205479452,11.63997,2.651227272727275,29.61176666666665,1.4275080213903748,7.4933263888889,40.266607142857154,5.0621739130435,39.332714285714296,106.42505118098777,74.12823340253621,25.936920291242085,15.927684218978186,462.2666097878524,508.0180475488305,77.47584022581577,236.23122833669186,778.5024587064981,949.6891056187451,66.20580097660422
557,1.8937061769616,115.78330000000001,6.77473446327684,9.806822429906541,2.75178342245989,49.297652173913,1.37778686327078,19.232644067796603,3.8316308243727595,50.433916666666704,2.8070765027322397,27.694512195122,65.81194117647061,6.821970238095241,62.8888235294118,351.5621854349559,108.46805485991347,17.925579933522297,45.34343363256785,814.1256672326724,1070.3639825806022,222.34837524592876,465.0251241400838,1396.3248115032911,1770.6997692584991,92.07639377564192
558,1.003402608695652,48.5333818181818,7.05754666666666,9.690291666666662,5.622872222222219,89.33953333333339,2.96544810126582,53.81321818181821,8.870000000000001,56.396216666666604,6.28728333333334,30.878299999999996,72.1419636363636,16.29052857142856,80.8050181818182,200.50854458758678,447.51738887191993,44.227579823518326,84.75142593562578,816.4804908,631.9469399750233,153.0341012403369,431.9577617570758,697.858203202486,1659.481800161302,180.01574091613293
559,3.8653846153846003,90.64612121212134,6.217224137931034,8.182602836879433,8.7792564102564,105.08073333333333,6.867746666666666,83.76899999999999,6.1222033898305,44.07196666666666,3.7879677419355,28.595538461538467,89.67790909090901,15.072277777777765,64.54184848484833,198.19643383332803,110.65455646116077,84.12364803459894,83.07541258905279,184.68820811925443,571.2986225262284,159.18467349062362,274.1720760241151,751.6767363995314,1708.99813529104,213.4743301818768
560,1.738769938650305,44.6466153846154,6.745135802469149,7.4209625,3.212859375,43.6286153846154,2.3816490825688046,25.1591818181818,3.61926408450704,37.1015769230769,3.07346449704142,24.6998695652174,44.52445833333335,6.96309146341465,46.26216666666665,538.3126417823709,517.7791909933295,42.97432509602657,69.19460207427184,587.7152827537744,661.7872277274728,167.2400743700564,253.93279502168298,807.200069539249,1523.4860009513795,128.85229662060738
561,0.8062110754414129,32.212030303030296,8.02055555555556,10.9085700934579,2.93759400544959,41.6906666666667,1.6104059701492501,20.9871875,3.2625308988764004,39.0058846153846,2.17778260869565,18.5273392857143,37.601961538461495,5.7556553398058306,48.7304166666667,166.26988352012756,709.5363278483327,37.47637421295216,47.54747148026175,268.12248085194364,984.2937113717198,196.55469805002213,403.4251207485795,1208.6265487596393,2014.8696843534708,64.73050452768803
562,0.541934526613283,21.078490196078402,6.27216842105263,9.24237068965517,1.49008151382824,18.9812037037037,0.525895120839033,2.6614390862944197,1.3051139393939402,16.0029848484848,0.501015243902439,2.64751637279597,31.353205882352896,3.74284912280702,21.296392857142898,,,,5.496430955616272,,195.39231434464455,77.87796203047037,190.34906290471554,552.9331043362617,716.0982582718134,34.24419555813074
563,0.10853316826575901,22.6171666666667,6.11607027027027,8.74428,4.06391349480969,76.9984666666667,0.923920212765958,15.2548,3.69839792387543,53.9142631578947,1.66744141252006,11.709875,30.4382777777778,6.4024,69.6240714285714,177.12888480231229,920.0369962162837,26.75802607138847,24.18391361833948,170.546839122124,1050.6191989406943,114.0617998316884,450.7079953327775,1159.1729940846562,1414.5729830488563,81.49661589413881
564,0.3474109763880025,18.39090625,6.4553154761905,9.65675,2.030971830985915,29.265083333333347,0.6335343787696,3.9984618055555545,2.654137209302325,28.4285238095238,1.04402642276423,5.4649680851064,31.430176470588254,4.5926982758620705,34.1769705882353,,,,11.205255158241554,,504.4967052526772,89.7698337212205,260.8912065625191,722.2285028547049,1047.9081771336496,52.261503878980875
565,8.142999999999999,124.51334999999999,6.6838,9.082683333333339,3.97330545454546,117.44466,1.687900775193798,22.26104,4.95886829268292,72.4567272727272,2.69272,23.73435,98.45961818181819,16.331381818181818,107.86056,279.49193741575664,167.82567386886942,65.6370570804763,56.86162247264518,1361.8180799999996,517.5814963877201,117.8895216435194,247.94254917651415,704.0399871766567,1551.2569528073072,150.95502138137817
566,1.6743757861635233,46.27036363636366,5.976276923076934,7.293513333333333,3.5773582554516996,56.14894444444433,2.6458207070707065,33.602333333333334,2.987848484848483,35.45366666666666,1.5442530120481932,8.448825757575767,45.200636363636335,6.3471130952381,43.88094444444433,135.94423666134185,433.5418497296469,32.24968604134387,22.7678599067662,619.8595710778895,465.6388967608412,101.06190262983243,228.6894634986917,762.1696994950374,1875.8263594160478,97.3882619291544
567,0.445925726141079,15.413623376623399,6.04988333333333,7.35886538461538,2.2300293501048203,30.16485,0.8102404526166901,6.44664324324324,2.24032233009709,21.7017358490566,1.1656637254901998,6.56862285714286,23.241145833333302,4.4497782101167305,28.2596666666667,83.4746776539008,517.9783260983171,25.129425864964098,13.44119869918368,62.76355314310121,715.2874488383532,111.08487378805876,301.145832054317,830.6307485327125,1306.313881650567,47.20219876617193
568,0.22809836423118898,15.2630138888889,6.13801807228916,8.123544217687071,2.05223885918004,35.400468749999995,0.451748600947051,2.75771849865952,1.83843063063063,23.1251777777778,0.446081484315226,2.71963376623377,26.646883720930198,4.5051938325991205,29.441388888888902,85.20600150973625,57.46426004283146,15.461227825361748,5.592377908461541,122.09982888878316,794.7140373289585,67.70433392375708,298.29537961632013,821.9402516260743,1165.1553679257631,47.78760485351086
569,2.8292132352941253,54.35355,6.39838095238095,9.281064516129025,5.994110465116274,73.05822727272725,3.9790634920635,50.117541666666746,6.1047445652174,41.45525,2.926267647058825,22.32829545454545,61.334386363636256,13.673191176470601,61.19287500000001,177.6428496688684,346.59659241901727,49.44823221998689,54.43281434362438,131.78226429415722,548.724114196375,110.72332272306085,245.88877568021417,769.2958635743707,1319.5242907386273,187.77904915623367
570,2.52409090909091,33.444857142857096,6.0162241379310295,7.94906666666667,1.77303805175038,28.2179210526316,0.670848560700876,7.08315584415584,1.16078836509529,11.8685154639175,0.928994884910486,7.20205555555556,19.2909310344828,3.32371521035599,16.854455882352898,62.71998350224018,33.22734788707375,11.045122035629007,22.13837333704865,497.84876143553123,323.125091381371,103.66046335548162,170.26050481945276,486.98128666728735,1411.045202985406,34.927716478705406
571,2.43824683544304,35.475806451612904,5.6053021978022,6.9222831325301195,1.90318596491228,40.7102,0.5313655244029081,8.1977304964539,1.90615789473684,32.7268709677419,1.03524392712551,12.1140459770115,54.7916842105263,5.67483957219251,44.6211851851852,118.9430182779707,136.83866316890413,72.851944710795,26.161106528694955,139.59555773856184,579.4147728011012,68.30580532550812,278.3257979899645,900.3893239423633,1205.367175862193,69.55100689083338
572,4.383962809917355,51.712409090909,6.789379746835451,8.98011940298505,3.78101736111111,50.2813,2.3898822314049597,34.16110714285715,2.907973544973545,26.137400000000003,2.3716509009009,18.1730344827586,47.662375,6.1007287234042495,36.08571875,95.7568417598258,76.13061539769768,55.705784606209384,61.2097078327417,103.95767408348978,516.7549243196845,170.89605098590255,228.5130089148879,657.2440033778548,1270.4379973001778,117.1068986877799
573,0.149198760221577,14.595223529411799,5.612058536585369,6.7993164556962,2.85542569269521,43.7059615384615,0.498275486012328,5.09356435643564,2.07782429501085,24.7461914893617,0.99939886039886,8.12104724409449,23.3231,4.577594339622641,35.078625,89.82890624097291,636.6326851336252,18.119092753938645,16.574223267348945,560.6776186361105,701.6553077846766,91.80763736367226,334.4454104080796,886.0059548169374,1435.6565661728382,49.99230150133371
574,1.06882494969819,34.56909375,6.4104624999999995,9.2194561403509,2.307376744186045,50.042181818181994,1.111529914529915,16.516064516129052,2.6962774869109953,43.5979090909091,1.3165507614213199,12.3496395348837,44.35416666666665,6.3777,60.01235,159.68643729814303,964.2061210110444,51.27163082089465,25.27262678556831,458.55789388401365,675.2743734978139,105.48009304329753,306.2892472371459,1023.1521329842508,1763.379538897425,81.62605809047818
575,1.3687163461538498,12.4965875,5.82607954545455,8.145058823529412,3.9730892857142877,25.077425,1.297246052631575,7.283801470588237,5.8323906249999995,20.9864,2.7318584905660375,6.13375,22.086075,6.44986904761905,26.800931818181873,71.91084752556966,201.74813963289975,15.208520114003498,16.1501753930292,140.39600267974524,512.1063877595589,86.88845264259726,251.01524661295113,711.0588980140164,1131.77023595199,46.724037383683026
576,2.7872801932367146,31.332342105263148,6.2325361445783,8.86577358490565,2.054330960854095,29.9907894736842,0.94743103448276,9.35115789473685,2.31618502202643,20.418219999999998,1.67227192982456,8.117684615384599,29.92280555555555,4.21046370967742,27.26113157894735,82.98544996754836,52.22215713588957,20.28316716383422,16.08242169244019,534.1796133356364,548.0870371684432,98.63951709121466,236.0194339416921,631.2193581834435,2283.5582378320396,45.19734065979719
577,1.0877560738581133,25.154577777777764,6.02008,8.4232,2.2540064516129035,33.901636363636335,1.1772783389450068,10.2730909090909,3.4984230769230664,41.32541666666667,1.73014691943128,12.516,38.0494,6.571269230769233,51.80630303030299,398.7348831026483,404.8451299955885,25.04708304116235,31.495823868343724,109.33087658680442,590.9043286616603,125.58858531216781,358.27810255189735,928.2337967306376,1013.2377889628211,70.67559442172448
578,2.3936136363636376,39.277295454545495,6.2601304347825995,7.937525862068974,2.9928913043478254,61.8076,1.8387613636363624,38.172791666666754,4.059936567164176,35.8619375,2.1689978070175453,17.72553125,58.30955,9.580358333333326,48.139925,140.277408707915,419.1655468791689,38.0614454213115,43.51666780012098,102.58295484649075,535.4381341021508,105.99283850751817,250.0876144040376,806.0000429395586,1690.913300262764,122.43132805451751
579,3.51693333333333,40.8091724137931,8.21429285714286,8.19454455445545,4.52494331983806,50.0597826086957,4.32413740458015,50.1678095238095,3.1139347258485603,13.1765641025641,3.1331918604651197,13.1966626506024,25.4804888888889,5.59747027027027,18.1773103448276,46.88619254565572,29.804886133448825,18.65318510352209,29.806321274189614,29.93793257707766,353.6798991262913,143.27529352158308,152.04721130430698,352.24491730332375,551.370345056057,120.23760937154293
580,0.302805397301349,14.5159647058824,6.30884049079755,9.07729203539823,1.6508956661316199,27.0554545454545,0.383745599468615,2.75534683544304,1.69597520661157,15.8530757575758,0.361806281094527,2.7370906666666697,28.4371666666667,4.2126370967741895,21.8227547169811,95.0837572379151,55.72661404171825,27.704022239421136,5.527024349495319,555.8527587054743,385.8841257169843,111.6559375077486,205.652741715312,479.7602538019419,1108.80509018898,40.21818749606609
581,0.139616756479343,10.6678686868687,6.16097701149425,10.47982,0.988351239669421,13.564423529411801,0.23861080203986998,1.9581125954198502,1.33984870848708,13.5888125,0.211257825370675,1.94297830018083,18.6591636363636,2.9642444444444402,18.145894736842102,41.159173988852594,31.155085708703336,17.63291173035831,3.9859842101194847,408.09214624378865,401.1263372376561,95.83919309079647,210.49671340733767,594.558659940958,994.9059458449483,34.51169468462467
582,3.66940566037736,29.324210526315802,6.66340410958904,11.4309807692308,2.30381563126253,35.4773,0.9897644024075669,11.0941011235955,2.29511111111111,24.2983333333333,1.4938933680103998,8.07414189189189,20.9557636363636,4.77789669421488,30.4389696969697,113.83311353809074,105.27312691704968,15.192134473996031,16.389549027816706,561.571323174519,790.5058795586228,149.50151089578867,397.04665541648865,907.3630440980196,1534.3284700065851,57.78579507023096
583,2.8516352040816377,39.72548863636363,6.795410714285713,8.741757812500001,6.0855595238095255,71.17145000000001,1.71027138157895,16.178034090909126,8.761546875,52.89319318181825,3.748263157894738,16.9435875,65.13584090909087,13.339083333333374,72.1058375,211.389556960449,331.3197477110362,54.83677679718616,41.23309742146918,561.5319483333333,588.7347215320915,117.54310398828238,274.8220838839188,805.9406914981082,1859.7263901028782,127.82677658833563
584,3.7796041666666667,60.39383333333333,7.133874213836467,10.075740740740732,3.598730886850167,84.67880555555567,2.4217805907173,32.48760606060607,5.177191919191933,64.881303030303,2.636250559284117,21.665155555555568,61.048151515151666,11.966760416666666,82.81806060606066,199.49075868741758,124.10525783891968,57.02228048756452,37.91351740034577,660.261214220036,492.8561393171549,119.17153994242351,243.49524173885584,810.5802272136012,1516.6920920213063,133.1561633075277
585,1.0565308641975317,30.626805555555496,6.5212371794871835,9.069206349206349,2.7330117370891998,44.453263888888834,0.9162602495543667,7.354173076923083,6.298956790123451,47.33566666666667,1.7212946127946165,12.278785714285716,38.2922,9.616333333333333,64.2717575757575,230.37024621167203,119.86907479768949,44.98186886195577,32.17450209310919,420.63441481954607,727.4559893024465,117.73925507441163,344.635759635518,1097.520999610424,1582.9421967888873,76.86513320853312
586,2.8970294117647053,43.902375,6.15903608247425,7.751431818181801,2.606950226244345,60.2895,0.66105863808323,6.9905421686747,2.949918032786885,53.7425,1.034494163424125,8.57369852941175,77.5485,7.5218214285714495,68.8540416666665,168.24166459849533,123.6372052699049,83.78894812425051,22.654966201114085,1200.356162298207,503.81815526634455,100.61331558972597,270.61476139351726,927.4890762753785,1377.207483164966,100.24764342233539
587,1.609360169491527,24.59202222222223,6.781086419753099,10.368027027027033,3.2806424731182804,43.61587878787867,2.4426406619385332,28.349974358974368,2.7997573333333334,25.361102564102566,1.6932634643376998,10.4220462962963,38.764277777777664,7.057305555555566,33.24472727272727,113.84658592888526,105.77755943148146,30.040495253498282,26.418592186256475,437.22296880146797,465.0008476649721,139.056999857227,227.95709470907846,628.288167839249,1115.0287309040625,87.05807073662679
588,0.850349181605612,35.5373548387097,6.06476315789474,7.34595714285714,2.04646299810247,45.414260869565204,0.844252683732452,12.5143580246914,2.61212944162437,45.2840434782609,1.30935113636364,12.4910833333333,54.343454545454506,6.3793021978021995,60.0471764705882,140.1037342100494,107.34103549743496,63.309658195648915,26.43387245401832,96.11763596316428,507.1983207017184,96.7058353126049,315.47960825264454,1132.1643833070993,1793.6959397047758,79.0485879406333
589,2.30461036036036,49.654393939394,6.3820925925926,8.166918367346932,5.735046874999999,89.86506666666666,3.4014666666666664,59.89806060606066,7.353422222222233,40.82880555555567,3.407415902140667,20.6741875,63.089606060606,13.479965517241366,54.01857575757566,136.20026063239564,308.0321636270206,55.59046032398381,50.30706287444821,551.5852940054841,540.4509992028276,141.66171507289013,252.42913203934827,783.193150224785,1119.5186680803697,145.2478968227903
590,1.5893212851405667,22.10121212121211,6.3853859649122775,8.312401709401712,2.126521212121211,26.285070707070666,0.7723252525252522,4.859675213675211,3.3367426900584776,23.16197222222222,1.0594531400966178,6.208094444444445,28.794370370370334,5.8176041666666665,29.98604040404044,94.00863297906852,150.58773979945278,17.302147047920503,14.640115619458166,223.81470171824708,552.3785250261426,88.72223552316427,247.32620869245795,681.8344221553868,1195.1917368504737,43.55006644295322
591,0.21004381846635375,16.745014705882348,6.86209210526315,9.108682692307701,2.12523611111111,34.95688636363625,0.7452881016042775,6.093999999999999,2.8480308988764,31.325999999999997,1.1754679752066124,8.301830645161301,30.7719545454545,5.795804347826075,38.2787,121.07214252060074,86.48899830244706,26.174274867928375,14.851855592751615,333.682410902402,570.3837203327566,99.67965888790786,265.31059411354363,800.6278483662754,1254.234358202666,52.442995365709066
592,3.9160787671233,49.077583333333244,7.060791666666676,8.51851470588235,3.76834285714285,36.615500000000004,3.2351955128205248,29.790625000000002,5.838343023255825,27.001295454545502,3.6276404109588998,14.5454875,53.288225,8.8748515625,36.092590909091,149.3004769301933,287.7774242711773,33.3704317644634,35.39487826778482,105.02163503674197,526.6806634608656,136.31393085233867,206.4468862954527,656.7943433765322,933.9358890429139,114.85504801385105
593,2.14591320754717,28.50925,7.07089411764705,10.41768,2.238368525896415,36.4108076923077,0.984055248618785,7.73786666666665,2.6917247706422,22.197708333333352,1.5825676470588248,7.43054,45.556000000000004,4.89184051724138,28.9888823529412,92.98243305663651,69.80356920695294,35.169598033051216,15.65377296003815,710.1363865389857,417.9147770628333,112.66004294157028,245.43581530451775,502.87297926843166,1089.799148030579,56.06809863820672
594,1.2812911255411286,23.1758095238095,5.6986978021978,8.277654761904786,5.807663265306121,48.21295454545457,3.1845487012987,23.163844155844142,8.472614285714286,36.5800064935065,5.091357142857143,13.96347857142857,35.81592261904764,10.817499999999999,44.18385714285714,277.7008646753247,200.7105007485769,29.69913915925405,32.40072116869846,310.6380284285714,636.54257017853,127.25322241229671,297.4616579844483,739.2147223332098,1375.188450661621,82.32162134455783
595,2.1588687500000003,28.9512833333333,6.674086666666669,9.53706,5.09069545454545,42.1327272727273,2.65663720930233,18.5172,6.54981875,28.2689818181818,4.12254074074074,9.92950833333333,38.957775,8.82641818181818,38.2549363636364,86.5950343062675,68.12366116162578,38.90299785458434,25.98428672453083,298.69988816472153,461.0441601835191,99.43706216290593,234.06574735417962,695.6521468237042,1165.7957592979074,72.83285027369857
596,0.600898483080513,11.6727128712871,6.02733502538071,9.59397478991597,2.04105141843972,31.183000000000003,0.685783801436969,6.6402064516129,2.2037216890595,21.9904117647059,1.28185634743875,6.5832068965517205,27.9209459459459,4.0996925795053,27.895880952381,72.04711926677588,44.97445633134997,24.96167698673086,13.356196510797616,453.5692147208074,739.7135021165013,103.1234860420227,274.72679503262043,767.3915475606918,1248.3962811529636,47.81810566782951
597,0.93029818181818,17.15542857142855,6.74168125,10.2653367346939,1.6181141975308648,16.1816515151515,1.01132837127846,8.460875,2.13882365145228,17.248560606060597,1.6257344632768351,10.6215,25.3428095238095,3.752430379746835,21.99065384615385,79.53240707224928,51.5646503275261,21.723499853337536,28.282731240561883,262.8998578284731,606.2167230993509,183.64223651587963,278.38428504765034,714.107695966959,1441.1055948585272,62.23840173333883
598,1.47211470985155,55.741684210526294,5.9912914572864295,7.47014492753623,2.1139607072691597,46.0645454545454,0.84659659511473,12.622417582417599,2.58608783783784,42.307666666666705,1.24000215982721,12.3942771084337,58.5402631578947,6.4813888888888895,54.9344761904762,129.95118944601137,97.70656265528855,68.03228829518285,26.07234092773313,882.4060135026672,677.5686051696539,97.57548104971647,242.7081810310483,990.5042592436076,1086.6278083994985,70.6756953150034
599,0.4184193313953487,9.352725,5.6027499999999995,7.020076388888888,1.6665681818181877,16.322041666666625,0.4490171821305838,2.218486940298513,1.663775,12.426458333333336,0.6222815533980588,2.6646171874999998,16.375291666666627,2.778796195652175,15.769825,49.99678041351925,135.18271814034895,8.946239826896818,5.47939857958685,143.56174791596277,444.96234913822263,68.84383910801262,222.01237734407187,585.8623568201438,1400.5228324094787,29.1759759420529
600,0.6639664556962049,21.84216666666665,6.48527710843375,9.71560169491525,2.31294351464435,32.646666666666654,0.62707575757576,5.56527717391305,2.312319277108435,21.95623076923075,0.990018134715025,5.53578,31.609500000000004,4.21547014925373,27.88608333333335,90.76646599069034,65.55164430767493,33.7152912457918,11.028335286035235,308.0146601759271,577.4431861937046,80.58736566454172,279.3830004520714,824.3112126365304,1205.8038846589625,45.32230086624622
601,1.85138629283489,26.7095,6.67617532467533,9.73058095238095,1.79278693623639,27.5988837209302,1.21309230769231,13.629976470588199,2.9519462915601,30.633735294117603,1.83321291448517,9.82982242990654,51.03565,5.59701546391753,38.1192666666667,77.77499033012384,776.3430035505237,44.46250799668164,19.949392237746626,680.5037673148305,469.7695840150118,126.50149874389173,256.7969961091876,633.0369273200631,897.4091848358512,59.75659005343914
602,1.8496925925926,31.454125,6.679091954022984,9.569083333333333,5.162680180180184,47.500416666666666,2.934475409836067,27.7129444444445,7.7968,34.4995,4.250712121212117,15.237749999999998,47.71135,11.365454545454549,47.985694444444505,127.99853340498117,238.3202320248723,38.06919919425781,40.731823479773375,306.84480130910913,556.0527322813869,136.9098861080905,250.87104101354876,714.6846929875513,1382.7594773223002,115.11403135955334
603,0.5121080586080586,18.768900000000002,5.792446428571429,8.088257142857142,4.938361904761908,36.282402597402566,2.213739382239386,12.211636363636357,5.627818681318686,29.853376623376644,3.5808843537414927,11.142285714285716,27.159525974026,8.380041666666642,35.01762987012986,210.3062301364691,273.09836194805195,25.812321620458686,26.348055732581837,405.518735,461.6672539019159,123.3055056738002,269.6486788668803,598.1878776635442,998.9048853250487,68.63207090646029
604,1.18969461697723,57.5902,5.99022346368715,8.05685314685315,3.70876114649682,46.203391304347804,3.79698127340824,46.0861304347826,3.9938917910447795,24.774276595744702,4.05130526315789,24.8209756097561,49.6866818181818,7.52991333333333,31.93659375,346.3484664350626,56.52408303112783,46.95910467033487,56.29567027229178,102.96235130512859,553.3147370442748,245.5997513607144,252.2636437788606,558.7710300460458,895.854621194303,162.0562979951501
605,2.72823094688222,59.58295,5.99226470588235,6.6308275862069,2.6344212962963,37.219592592592605,2.6398740359897204,37.2792903225806,1.86972609400324,16.383349206349198,1.88694678899083,16.3820757575758,37.6269285714286,5.8581038251366095,24.4704893617021,89.71445293089575,48.636227112251696,24.145834982643738,48.520256687811816,48.977444315010004,404.8030823469162,138.7225929647684,142.37286522984505,527.4706752970815,864.1284657642245,132.6922094449401
606,1.641971875,28.39647727272725,7.3882302631579,10.124451923076924,3.686083333333325,48.723225000000006,2.295769396551725,28.325725000000002,4.59158771929825,27.248250000000002,2.5674655963302753,11.65721875,30.732375,7.30544736842105,33.954625,105.51647353159642,221.6541059843322,26.792836877998564,25.326154822100655,193.8613114825118,572.2736939787865,116.32710229605436,243.62566182389855,690.6104041263461,1117.4068145919591,76.57799869775772
607,2.6712225,78.643175,6.867213235294125,10.396478260869575,6.622081395348825,144.65152272727275,3.5506920289855,87.71141666666675,9.34905555555555,96.3334375,6.6820641025641,56.37585,116.43986363636374,22.916958333333326,141.69047727272726,477.1745946245274,245.31389665913798,122.29361743369292,172.84772187932117,838.25177125,685.3666389361024,170.8524243440479,341.1213809158653,893.1954158470035,2011.4629936870188,223.20824791677296
608,2.1366333333333336,30.17994444444443,6.7780058479531995,8.390531746031733,3.2698151815181533,47.084399999999995,1.9610576576576568,19.986,3.4486116207951003,37.5794,2.074574181117533,11.023977011494267,36.72366666666667,7.733666666666667,44.44424999999999,159.8115390073006,76.13117733690555,27.024692462587137,34.010520830343715,137.02070777142765,696.8927181636294,120.77213420222203,319.76633860419196,819.3445469563206,1518.897929539283,82.98896718770266
609,2.2674936708860747,35.78766666666665,5.74685,9.64845833333335,2.516029411764705,41.32441666666665,1.03035770750988,8.48686029411765,2.714736966824645,33.03675,1.3027794759825349,8.3413125,34.53171875,5.25395544554455,42.70073076923075,152.1453059947178,164.41045096019255,33.056070915484845,24.663473042071647,106.41314272354771,660.8094787225127,119.81454445049167,311.2117759883404,933.2941495813429,1380.425551906228,70.33320143818855
610,3.508493197278917,51.91086363636367,6.214505376344083,9.634916666666667,8.821714285714284,78.80753333333334,6.892660714285717,49.806069444444496,9.202634920634917,52.585742424242504,6.629850574712649,25.286666666666665,70.23816666666667,15.179200000000002,72.98318333333333,171.9969306026379,156.30272157091585,72.71726853797126,62.938181833700675,391.4401769347849,505.67193344856304,133.50223889574409,228.3900355299314,680.5704828972617,1268.2660560434063,172.69788465152183
611,1.17331718061674,62.447625,6.3544937500000005,7.33175625,4.925409482758625,155.899975,3.3173639240506247,82.10641666666675,6.6531071428571495,79.13795,3.15227445652175,29.430431818181752,123.19765909090901,25.253931818181748,123.59952083333326,448.4385254137382,888.6566191666665,81.99217280131339,88.3314829318775,228.16577466849867,424.63469435460865,109.97525532729924,242.02323984354734,632.7290262561291,1806.6117307171226,380.152853904292
612,0.670015605493134,21.7942115384615,7.27846835443038,11.7214193548387,2.10310195227766,35.508312499999995,0.562764215686274,5.41465263157895,2.94587723785166,35.3965172413793,1.22717145790554,7.93011764705882,28.471125,5.37247222222222,44.4293043478261,102.49790089716667,633.0953561114105,27.74704790714333,24.509483525718213,105.85354864082588,956.2894934788346,130.02739287912846,391.26609917730093,918.7264135107398,1282.1261305361986,56.61528557538986
613,1.0210931034482749,26.36938636363625,6.72466911764705,10.12414814814815,2.566677927927925,41.86997727272725,1.04244578313253,11.23384375,2.8149525,30.409274999999997,1.5430925925925925,10.090440000000001,37.312625000000004,6.0619375,38.0116,231.55520830788143,79.25764042150657,24.125799439322932,24.68933063864046,411.0578611409406,557.8078387770802,99.97801971621811,248.5885750502348,749.9930215999484,1100.687769940123,60.1734034717083
614,0.6641234285714287,17.159985714285714,5.885978571428572,7.820636904761929,2.8980542857142857,31.66335714285714,0.9169407665505214,7.529850000000001,5.556076923076922,27.76082857142857,2.7810459183673504,8.328649350649357,28.999285714285715,7.7402999999999995,34.69279870129871,,,,19.961813908617074,,515.7628030117069,97.27941194017019,237.64606531975525,695.0334828746106,1079.7811056753355,53.53167154160993
615,0.244233535625983,22.624,5.69409625668449,6.96030612244898,3.00536411609499,61.6800588235294,0.679781167108753,11.5136292134831,3.12139566395664,42.4712962962963,1.3933614457831298,11.807988764044898,37.7029375,5.99372471910112,55.1919473684211,878.1151589951654,326.23908351785167,35.538009541422404,24.272160222397208,812.0737271008305,699.16897919029,109.45007670670748,333.85148271918297,1091.114990413189,1413.4026831015944,75.85668936371803
616,2.655794666666667,38.40587878787867,7.1272558139535,9.600444444444433,3.5771543859648998,43.59054545454534,2.9412822580645166,29.343999999999998,2.6976430446194235,23.185104166666665,2.22418609406953,14.79725,41.47124242424233,5.490333333333333,29.758461538461532,101.71617731969184,49.679372260675486,40.10977114495886,29.8649152831909,330.51747145595965,488.1633911281824,122.57460039108992,209.0015293409427,612.2321278477708,1002.9238648712635,97.60883791993062
617,1.795940217391305,39.4702045454545,6.340510638297875,9.81705555555555,3.507246710526325,77.7567045454545,1.8938166666666676,20.290403846153847,4.2621370967742,44.6068,2.71281565656565,18.849076923076925,58.381750000000004,9.364204545454552,57.384350000000005,205.91257674966312,92.0918091859755,42.253683469232435,39.495053217133446,674.4839556170218,554.4021376408637,140.05005359649658,245.23932370357215,813.4062751196325,1912.7795763779432,96.82302479632199
618,2.00655078125,26.1425,6.5368875,10.41115217391305,2.84815425531915,42.23547727272725,1.684863486842105,20.232020833333326,3.25547191011235,29.2297045454545,1.5977237569060774,8.7496896551724,35.90047727272725,7.1666644736842,37.9421875,111.99005926882776,85.87142183768162,37.47131084843408,20.1173748462992,376.41231614192316,541.7456559371203,109.7135420423001,252.58155656047163,870.5581014510244,1830.8743019588292,77.55339611321688
619,0.907852888086645,17.252296875,6.629573529411751,11.4168,2.5632031250000002,25.92727272727275,1.685074324324325,14.295662162162149,2.75756923076923,25.73842857142855,1.71851424050633,11.955244897959199,29.07830555555555,4.746121848739495,31.728749999999998,110.25076896326016,58.877474236084126,26.653737588653538,47.051236361846115,463.7224759878167,915.6687534414232,204.9413393251598,354.9606422893703,959.961477201432,2098.9170065149665,53.97525383159518
620,2.933281976744175,40.37352272727275,7.810932432432424,10.259946428571425,3.7729448529411753,43.20097727272725,3.142375,38.3804375,4.48465,27.297875,4.12788095238095,24.1106590909091,51.28225,9.2827258064516,40.33347727272725,100.53953854224724,67.66613469580746,43.63437480059678,60.121263189528364,255.3150334156219,383.2974238321185,141.33649528957903,173.65934909321368,444.3134821485728,1036.115613533184,181.12127436324954
621,1.15455654761905,14.790416666666667,5.628928571428575,7.8846,2.9845357142857165,18.453041666666667,0.7873862318840583,4.851241666666667,3.9807881944444414,16.658736111111082,1.075693223443225,6.160783333333334,21.20046527777775,5.107217592592592,20.301849999999998,59.9504119433702,75.45297359630301,14.004024407031736,14.773782203947546,166.6208844550559,468.1730177253485,86.28389332443476,219.88897351548076,602.6199242721001,1396.3231933303177,44.52489083632827
622,0.747971812940423,35.516999999999996,5.64688888888889,6.94558108108108,2.10911623616236,44.7446923076923,0.787568582375479,12.485942528735599,2.5786130653266297,40.6172857142857,1.23296428571429,12.5306956521739,49.7007142857143,5.99561855670103,54.8972222222222,130.85456992883223,996.5005696931103,63.96810478216655,26.29024808995145,96.3250469044174,615.1891546323895,100.47592222690582,307.87731520831585,1225.3068620339036,1916.5817182511091,76.11459586769342
623,0.4400561139028475,14.657904761904751,7.046351190476201,10.03725,2.9149702970297002,37.225659090909005,0.8460495562130175,5.915489130434775,2.7890252525252497,25.33239583333325,1.0629678030303025,5.300453125,23.935604166666675,5.755616666666675,31.3332,82.01719315597903,310.58774214440433,18.319359424860274,14.451556508855365,187.49246374849042,617.5278569571674,102.96118562109768,285.900552989915,778.5524008795619,1343.9527770970017,45.43979885056615
624,1.310663677130045,22.4628043478261,7.1538698630137,7.8185895522388,2.296786,18.12967857142855,2.5217029702970297,18.176462962962948,1.9425904436860053,12.304765957446799,1.900445075757575,12.3498604651163,31.7115294117647,3.595174846625765,15.571500000000002,65.93997111488964,26.97512586353912,18.073102171140384,26.732707525965303,40.347927040221506,374.1579130291939,124.7111242264509,134.8802470602095,409.4914300367236,675.7286028005183,92.75209158658981
625,6.562982558139525,67.37495,6.538880681818175,8.516544117647049,5.092302884615375,50.69216666666675,3.0960824468085,29.2254545454545,4.8813559322034,36.44535416666675,3.253069620253175,19.114583333333325,56.8484375,9.29760185185185,50.3912045454545,306.24437608513125,100.70728073410478,58.59027731294941,50.127325956908486,630.6173215079804,501.6645998694002,110.28767330572009,240.4519182164222,714.0971720218658,1213.3485346566886,119.85379969701171
626,0.24958544027898902,14.490950617284,6.02630051813472,10.4593391304348,2.0642672413793104,28.612947368421,1.0107753378378401,8.00064615384615,2.52581045751634,25.6891111111111,1.3248367609254499,7.79673,25.9647727272727,4.91761904761905,33.4770588235294,93.47020173765272,67.81817781845893,12.034088205613905,24.452006339419103,550.7715629924804,609.8325131461024,139.4204329699278,280.40818870067596,774.0983972325921,1142.552075907588,56.109391152858734
627,1.3662124681933852,29.438323529411747,7.16156153846155,9.023040816326551,1.80319375,27.58742857142855,0.5544524043179601,3.10552976190476,2.3178083700440553,24.92139583333335,0.5372537537537551,3.0839708994709,37.7104,4.577865853658535,31.414611111111096,,,,6.369427563603794,,569.9109635315835,113.33985021337867,269.80164693668485,846.4933140203357,1148.2712579891086,57.50160198658705
628,3.11206575342466,33.089620000000004,6.18817142857142,8.8255,3.38686666666666,47.320527272727205,2.0961696969697003,27.640979999999995,5.12068636363636,23.293,1.9701800000000003,9.39674166666666,35.1126,7.940807692307699,31.113616666666598,125.32050431080559,324.9748444889898,31.514756947888763,20.557786367794286,89.22408659024612,541.7926330119371,96.85547091066837,257.809623144567,681.4864184707403,1033.5227707400918,84.29694455116987
629,1.3178191747572825,23.936636363636378,7.2144236111111,8.5161015625,3.285423529411775,34.43385,2.3816239837398374,23.879909090909102,2.5783088235294,18.610791666666678,1.8733592715231775,11.61313,29.33077083333325,5.544350961538449,23.433525,205.34697527872794,186.92303011399866,25.91276998460808,32.208437521608026,200.70137986822544,492.41074593737716,137.95237755402923,216.01224434562027,565.604749135673,720.2769280411303,100.31985002569854
630,0.32090410573678285,7.2717012987013,5.6538374384236425,7.4045259740259715,1.3706385093167701,11.809132653061228,0.4632136097341143,1.41498347107438,1.7418023255814,11.39057142857143,0.45520775623268717,1.3988147699757871,11.83916666666667,2.6474162561576287,13.323114285714286,86.57707705197679,131.8375271746323,9.646746138017274,2.7545369801626367,126.86945550303075,494.9612809079034,61.5855712177498,203.799971911524,543.7614595783608,1008.3085990377834,22.343599370547704
631,1.04329417040359,21.9311090909091,6.00344736842105,8.888,1.93535368043088,29.0104102564103,0.6024586063132821,5.33623113207547,2.06347619047619,21.3383695652174,1.31133125778331,8.00995384615384,31.565843750000003,4.52938559322034,27.4259444444444,63.28792425851192,62.270772955759746,21.08226537776687,16.742565490805145,558.8246060135097,614.5672174170613,97.57340885698795,317.2680037096143,847.6625196635723,1085.2428618818521,61.85148376971483
632,2.26578656126482,30.741117647058854,7.8881842105263,11.7035875,2.861973684210525,37.6038846153846,2.1488339552238798,24.71721739130435,2.331240654205605,16.97274193548385,1.9865830508474602,11.345210526315801,35.30523333333335,4.3287653846153855,22.5051956521739,352.4773900538563,45.32338001924895,15.937909958344033,28.595988383316712,61.66849442589565,449.3751563131809,152.45351241901517,225.3335900604725,505.572569090873,824.4105149060488,73.50494852289557
633,2.1108081632653,37.1222181818182,7.302960000000001,10.32828571428572,3.6528714285714203,72.15768,1.6235568,19.77047272727272,4.69491904761904,48.0052166666666,2.24999777777778,14.4724125,48.00405,10.006158333333339,65.8927,181.06116872179646,760.8212887272728,40.098366575831975,32.11890087532887,255.83278331909895,641.3494795560837,107.78938885778189,245.2157624065876,679.5456167310476,1509.688408114016,97.03575633466244
634,0.772302877697842,19.88321818181818,6.8621696969696995,9.94668695652174,3.2289188405797,38.2542545454546,1.6753901408450702,16.63368333333334,5.3347333333333395,26.55898,1.87015,9.23178260869566,31.798454545454597,7.80248,33.1338545454546,146.93344635869192,202.03749235950804,26.239247974029826,21.900346452264618,335.1095654669096,566.0462751984596,111.88773438334465,256.35446421802044,703.7698244675994,1288.3808370679617,62.322523444890976
635,3.952850393700785,87.87225000000001,6.800297619047599,7.8671644736842,3.5395675675675653,107.1815833333335,1.660805555555555,36.677,5.0643400000000005,93.22435,3.272812883435585,35.69609375,115.29895,13.7610512820513,131.89416666666648,295.9842699297252,1130.723476275328,66.30722858088716,103.70794162476427,322.85880199606413,719.7958184406161,107.40041034296155,336.7639845237136,1048.540265765041,1504.3047023937106,153.47290318459272
636,3.65321538461539,29.1865789473684,8.06350704225352,9.56577272727273,3.59105900621118,51.0592352941176,1.92377304964539,27.5032380952381,3.02433724340176,26.207219512195103,2.41392226890756,15.817446153846198,21.16108,5.34562962962963,34.72325,101.06541841494064,629.4446590868185,12.172585267181525,37.02467903830246,190.15729192593008,700.3708742558956,134.43350326269865,315.0013042613864,755.2037481218576,742.303323931992,53.722504526376724
637,3.388377976190475,40.750230769230754,6.4400430107527,9.0245,3.91355263157895,63.59555,3.094745664739885,47.622272727272694,2.88994845360825,33.8147,2.580810426540285,18.679890625000002,46.06508333333335,6.26611643835615,41.646249999999995,120.9631169599914,487.7438670987675,67.43832779824314,42.54558557456086,115.8319408693916,511.3059422001242,130.05364453420043,252.5830641388893,736.1754542216659,1041.1278926767409,100.86485417559743
638,0.24151655011655002,37.136733333333346,6.1875108695652,8.0942986111111,4.775046728971965,106.7577916666665,2.17722881355932,26.3335625,6.5934941860465,81.529,3.49361656441718,20.6926551724138,71.117,13.545716216216201,99.90654545454551,306.08106069396683,623.1224126360755,57.53733343454251,61.75560693746848,1076.3962564931169,896.5352899394929,144.55773634836078,360.07281159982085,1253.6464841105044,1804.914663080126,138.48820235580206
639,0.20522184724689202,10.652000000000001,6.21315243902439,10.5801443298969,1.06490238836968,13.7368636363636,0.250617467675043,2.01358916083916,1.31634596577017,11.819381443299,0.230467135678392,1.9504781879194601,20.6204,3.07104057971014,15.688999999999998,36.98629800796498,462.05854866243976,13.271598134369306,3.9861496405168784,409.0341621695015,325.7688134908676,101.28023568540812,168.04835759103298,542.30154491961,1013.5397780686617,28.407108038663864
640,2.91640056818182,51.842000000000006,6.3951808510638495,9.12136607142855,3.47647891566265,57.786818181818,2.62955,39.31346666666665,2.56907603686636,28.809625,1.750498422712935,14.44254054054055,32.26070588235295,5.8475206185567,37.59803846153845,92.01197736388038,190.99738542192654,29.85018098813581,33.226657861143046,452.2624143956404,449.38521459698677,136.08918525278568,237.6807271502912,620.7157159224153,838.3474196307361,96.04229126125574
641,2.128626016260165,23.79058333333335,6.1083510638298,10.10555084745765,1.764568259385665,28.69991666666665,0.681583431952665,5.899,2.09916176470588,24.859619047619052,1.352900503778335,8.63833333333335,23.33476,4.29575630252101,31.282447368421053,90.36088023648983,52.263853495333805,30.79524558324175,17.657802766654946,312.8657525452727,458.70316680520773,86.2724962644279,214.40540440380573,602.1751440130174,691.5051839314401,46.42884014174342
642,3.068805128205127,31.281499999999998,6.8587619047618995,8.7283712121212,4.849472972972967,102.988,2.8186461538461534,42.39933333333333,4.702945205479467,65.16933333333334,2.493520833333333,17.191877192982467,59.730393939394,9.716345238095235,83.059303030303,256.98734634177146,1022.4231664383407,43.45718332600574,60.135773623133566,418.42076237492483,1057.3701622585456,194.79832456757626,441.9556974122922,905.0167398527265,1365.3542303169768,114.55873027443886
643,1.83981138211382,35.653333333333336,6.462589285714301,10.603156862745099,2.9879420289855063,41.35918181818167,1.8281444444444437,22.150155555555568,2.9862519685039373,26.573976190476202,1.9660799319727902,11.879781249999999,43.27933333333334,5.637436274509799,34.35503030303033,102.28242111605375,358.0127213868547,19.558788845877075,32.42873585696208,220.87169660794652,587.3039364814758,140.7002176468571,266.0539622108142,833.3214791491628,1318.1105256080627,71.98106807967027
644,6.29141081081082,63.02687272727279,6.4339705882353,8.89531304347826,8.44574074074074,82.69829999999999,6.762373333333341,62.0759454545454,7.57666206896552,36.71228,6.01603076923076,22.69818,54.7392,13.566509090909099,55.4643454545454,316.00940003798894,275.6041828646677,34.59380482841142,70.04353671688548,325.3107696037023,541.9712839648128,138.95276933908463,250.51396805793047,782.9031581059098,2092.0840790495276,176.24842002987862
645,1.4132196969697,51.0581875,7.0695,9.607177083333339,9.105656250000001,65.411625,7.495583333333338,52.8873875,8.585566666666663,34.57696590909087,7.759339285714288,27.1389,58.14230681818188,15.877840909090876,52.192474999999995,168.8347101439744,88.47025799769247,45.82910767268553,66.78185799222653,345.19223620524326,450.9886115556583,132.9899881966412,203.73717416077852,594.0097122220322,1057.3750449111685,209.7444492392242
646,1.702137704918035,34.6123125,5.83203,8.616649253731351,4.24945041322314,53.26355,3.092172413793105,34.05246875,3.49944171779141,28.0442105263158,2.56050657894737,16.418699999999998,37.07404166666665,6.85619277108435,37.94710714285715,192.9401003488946,86.99768979513921,29.522978746461575,42.24212916460068,91.89708098890719,579.6862533316016,136.68532483279705,235.7748569920659,645.1867171563208,1437.453308608383,189.57845168188214
647,2.6803901869159,26.18997916666675,5.8472159090909,8.200007575757574,2.785480392156875,39.128975000000004,1.8085215827338124,17.731071428571425,4.253819230769225,31.200125,2.798438235294125,12.236047619047625,37.671,7.8295945945946,38.2362,117.94389961086652,125.41987003344076,37.92989924332543,29.164574028644424,276.29295729482516,573.2577934395522,131.02390221320093,247.73025652393702,664.6951544098556,1324.6093410998583,87.37987955100834
648,3.5484922118380102,40.6321333333333,6.28605882352941,8.74903333333333,3.46286319218241,44.0938461538462,3.42824745762712,44.0286956521739,2.78121253405995,14.9879710144928,2.74126428571429,14.952666666666701,26.1616818181818,5.13182251082251,20.2511052631579,63.863393838435286,34.252843068687135,16.938691626217576,34.11037532730855,40.922178043153345,409.62358471006155,171.51415813714266,198.48814699798822,433.3554767072201,2095.090923830867,113.80489449948072
649,0.3245591673795271,18.584896103896142,6.707597402597401,9.19733333333333,5.653417989417986,50.21990909090915,2.299883333333329,24.931766233766286,6.651931972789114,30.093488095238143,3.7347337662337714,11.542276190476185,36.50647142857142,8.663901785714286,41.518369047619,106.02519014004982,268.1042392429902,29.538282827565922,27.998640775845303,402.5890657818791,595.7807314449122,112.03693159456763,271.3752444833517,711.7416942492127,1232.774748599955,85.7351314542549
650,0.359373776223776,10.664990384615399,6.19548795180723,9.508123966942149,1.35614795244386,14.8918450704225,0.464647356143079,1.8397449324324302,1.6149901547116698,16.7897323943662,0.436052118644068,1.81423464566929,22.4592978723404,3.64598083067093,23.3318222222222,54.899861771496504,31.13224247395757,15.549930307017666,3.9642878394898875,31.685461478710476,582.7003624290228,95.79046163707972,217.76927169412374,680.6348916143179,1641.0862561315298,33.669290132820606
651,0.58279207383279,21.0907843137255,6.11520348837209,7.34159,1.49471025641026,30.4525142857143,0.608487790697674,7.62008571428571,1.53904925373134,23.0890638297872,1.1380406250000001,11.7132577319588,48.4175238095238,5.1082723214285695,30.643425,98.75513978494314,61.35124551981981,38.75483425952594,23.44837639907084,63.015610756408805,307.5124928727746,90.6253233551979,208.1546699628234,779.7124329954386,972.9022160172462,51.08609329909086
652,0.2802244701348745,14.45538157894735,8.2426328125,11.15013541666665,2.2898275109170303,35.954562499999994,0.9242558983666049,10.068564814814799,2.535068584070795,27.06823684210525,1.62576898734177,9.95405172413795,28.75979411764705,4.67288392857143,33.088218749999996,137.80127070911666,339.3781373318022,24.736915174240544,21.90104454448221,574.8667570580527,650.5226017907262,116.50543892756104,302.332011051476,849.0271982736886,1313.367031980306,50.366995856165886
653,0.211508989460632,14.5123243243243,7.27352666666667,9.37573873873874,3.3049014492753597,52.1180952380952,1.14383253588517,10.9701022727273,3.2285850144092203,39.228346153846196,1.70086635220126,8.221475524475531,28.4926944444444,5.388305,44.373538461538494,165.97683777676204,43.32597280490968,27.55339446197607,24.67931075694379,557.4350801847984,642.1911995857954,142.36343558877707,334.966997615993,977.6468155905603,2113.7667587026954,54.19829394668341
654,1.9278476562500002,32.71516666666665,6.5285,7.8546052631579,2.4231731601731603,39.98807142857145,1.019770104895105,10.79805555555555,2.798965968586385,29.38015789473685,1.81171186440678,10.425324561403501,39.5914642857143,5.0548773584905495,36.4089,112.315492176106,80.75103241481683,20.763461456629518,26.092057118540744,345.76488412503653,663.3043056353927,113.21487836539745,287.28016186505556,712.0670983567834,1736.8967877700925,61.3602576777339
655,0.16784204345273052,7.25938,6.290707317073149,7.5772647058823495,1.838693290734825,18.9638125,0.3277898089171975,1.523364795918365,1.42739058171745,12.82586666666665,0.31181836384439354,1.484001291989665,10.30874545454545,2.75689705882353,16.30705555555555,51.84202790851033,321.77484052334825,9.243436044271528,2.7630997120618845,28.311491259752305,579.7090590931475,58.46968851983547,261.95094687864184,583.6122902110219,1002.0999121479689,25.208399165421724
656,3.03743157894736,46.5856181818182,6.66829032258064,7.811775,4.88437,72.02687999999999,1.95695619047619,31.1105833333334,6.15877837837838,48.8206727272728,4.510752,21.0994166666666,59.2181333333334,11.47946666666666,67.55822,345.21860861029774,281.27823623957727,49.136595097639415,48.80672527274907,410.48544803702424,552.3753818124533,123.43504466116428,272.46107812970877,730.4522627964616,1185.7566284015775,105.5725384503603
657,3.3053687315634233,44.8483,6.380327160493834,9.5758455284553,3.2823361581920896,43.519416666666665,2.1508951781970636,20.74357407407407,2.807832020997377,23.3052380952381,2.051140562248997,10.871561904761899,35.519333333333336,5.905152046783633,31.5665,118.22221691204709,267.1431190612164,30.465764500306232,27.359829452834706,351.106155465053,459.1265848527352,131.02234806865454,245.40400287757316,563.8264818117023,943.248369731009,69.59740227709214
658,2.84855612244898,60.9181764705882,6.12196428571429,9.51356666666667,3.73091780821918,103.45341666666701,1.14137156862745,22.2593921568627,4.93178923766816,88.0335384615385,2.6834707259953197,22.4340208333333,94.5881666666667,11.217567307692299,113.302416666667,293.5971223136662,1728.9817655179913,109.0119041382397,45.561355133997516,1537.1743096237788,972.010032273829,154.92900274693966,313.1151897832751,1041.039521805942,1306.6558632999659,147.77800533920527
659,1.8335213270142166,22.301574074074065,6.799559523809534,8.583715447154466,2.3844808080808066,31.0281111111111,1.5075538057742766,16.778842105263166,2.39380573951435,21.202403508771933,1.3762382671480131,6.6903137254902,27.711424242424233,4.438291666666667,26.457777777777764,104.57076731104287,199.25722983962035,22.39537388675061,16.294299660659814,71.68990876601059,581.9720681756735,100.7065021743377,260.20163980623084,694.404193200171,1209.4134542470176,65.50010293722153
660,0.8772639318885449,18.70365,6.832301282051275,10.8486111111111,3.321013157894725,44.36883333333326,1.9849965517241372,19.676,4.26209523809525,29.544525,1.8929156050955425,12.525045454545449,34.009979166666746,7.3758552631578995,37.64081818181825,153.56350866805846,249.52396898098792,24.951975777265336,30.419800045806813,246.29589276426236,566.6090757586062,143.95760372281075,265.63574210740626,656.0273002833128,1277.8233154676855,75.55375341325998
661,0.5552076738609101,22.44642222222223,5.954925287356333,9.384960317460333,2.96378717948718,46.093515151515,0.9348493038493033,6.5087444444444325,3.3979971264367665,35.093833333333336,1.7748402061855666,9.984020202020199,36.44136666666667,7.105648148148134,42.43333333333334,154.30356814732195,100.91879614838884,29.695772452077296,25.23437777575208,507.8957451949199,687.5503032157818,107.2382399191459,335.389810303847,880.2016420910755,1102.9622207085292,61.21503344426552
662,4.322992424242433,87.57216666666666,7.2682638888889,9.750897435897434,3.9416394557823,49.529303030303,3.8750071684587666,49.607606060606,4.254742222222233,33.76294444444434,4.307518518518534,33.736333333333334,64.31166666666667,10.5971388888889,47.089166666666664,750.0202633161967,84.30420473344238,39.75329825102947,84.13179212606046,106.27098690372661,484.53693743795156,195.22526611884436,204.3076635648807,563.5641049593687,1167.3465836793184,197.28852591166893
663,0.586145038167939,16.0175362318841,6.1239367816092,10.9092978723404,1.5687223088923599,19.6382727272727,0.41256848484848496,1.85127491961415,1.73319561551433,17.5379166666667,0.383385275196569,1.83515300546448,22.5170208333333,3.38359735973597,22.9574444444444,59.95704492881845,35.95333120744369,15.569178767335845,3.922662010813107,39.96668152120087,414.7032741457224,108.59626345336437,169.13108993321657,681.057502515614,1466.5433671325445,34.58932042121887
664,2.5149592760181,28.840210784313708,6.475394117647059,9.09622459893047,10.07483957219253,59.291171122994704,8.158748663101587,43.66347058823529,9.819388235294117,27.85971122994653,7.538514705882352,15.475784313725471,37.11649732620324,11.584748663101589,37.72351470588235,,,,36.84027995881038,,477.6893608162508,121.47440575063229,264.1886582269388,618.2401290382533,1261.4761068321327,104.67520093216615
665,0.3819562744401,21.7955714285714,6.3053097826087,9.674008130081301,1.63951751592357,27.3495,0.51708152994464,5.51210215053763,1.94003198653199,21.3774693877551,1.3006711409396,8.06762237762238,29.01705,4.42389075630252,28.5265555555556,101.80056945803108,62.06196571980666,37.091219927665485,24.538696248469904,559.66484873331,477.80254390090704,118.01589280366898,229.42947689443827,744.1723253577948,1713.384734466672,42.28379111737013
666,3.1828037634408504,31.804524999999998,6.708157894736851,8.5190294117647,3.3543766233766252,38.64925,2.038495967741935,18.512783333333328,2.720872340425525,22.15,2.0648641732283477,12.654271739130426,35.242886363636245,5.5974951923077,28.464625,94.43012265470117,261.9194531463848,22.819072017151946,27.887483126925783,63.875922898535684,457.33205624856055,119.74337976425886,231.1816264409572,644.0612021833658,1209.5563462935388,85.82657319493592
667,4.69822844827586,47.7718,6.22489119170985,7.640839999999999,2.06703584229391,14.9986376811594,2.04696389891697,14.966417721518999,1.9558537005163499,15.0592957746479,1.84758545454545,15.0787833333333,38.4145925925926,4.1155348837209305,19.3272884615385,104.49004867875212,33.111194532486685,23.03617328863509,32.97693046383369,33.29380186564759,395.9637600928545,158.46844762563705,171.94540705531836,395.8422690629959,921.017280779779,103.16569823771715
668,2.957467647058825,37.63484375,6.73729452054795,9.32038392857145,4.379751908396945,76.8969,3.58403691275168,59.092227272727506,2.9837126436781602,23.7987608695652,2.23979460580913,12.72282142857145,35.56323076923075,5.70870707070705,29.255775,93.648126360456,328.57527704703267,27.99420448977822,27.925895913747013,89.22204126765888,569.8057124391198,128.3654011785984,279.20828433707356,640.4057494364679,2112.857752945274,87.18464523553848
669,1.3089533333333334,22.812585858585834,6.831989898989889,8.827045454545445,8.039792929292945,55.35667676767678,6.352754629629612,44.31658080808083,8.113277777777776,20.893255555555555,6.0546444444444445,12.4247474747475,31.667085858585835,10.001976851851833,28.151626262626277,82.66310199071425,162.3410769058524,28.353775604635757,27.781777778620725,139.08383392453547,392.3882937265767,121.83365696627233,200.67801621432105,503.62701553644405,1237.6850160459678,87.79060509469774
670,0.21359152288071998,7.0859000000000005,6.27775806451615,11.13469607843135,0.9588123966942149,9.3548818181818,0.2450474137931035,1.30843165467626,0.91809749552773,7.97352027027025,0.225659825327511,1.284753348214285,14.4935945945946,1.9932392156862748,11.09332653061225,37.283725542776644,305.77607870468785,7.353337008141933,2.7405958642444226,277.73247612871666,307.36197950318456,82.45175704360008,157.27417776361108,374.72136318683624,931.7988296970725,21.645554807037115
671,0.4664631808278867,18.1258596491228,7.048654320987667,9.2158861788618,2.7255386666666666,39.3531,1.9726308243727602,23.779880952380967,2.4442688172043,24.643309523809535,1.7155164075993101,12.1388064516129,27.3234358974359,4.728180180180167,27.959076923076935,248.94730257237845,50.18416794893198,19.298192817251408,27.257929931540303,255.23831791723129,474.88069782654446,126.19427870959044,250.45472042014202,573.2697512333592,820.9809738521775,67.16533098369837
672,3.52408484848485,38.5496774193548,6.66416233766234,9.44894444444444,3.24055763239875,53.8960526315789,1.8535641952983701,20.856083333333302,3.52703125,41.079499999999996,2.2454814814814803,12.263376344086,49.6874285714286,6.460500000000001,53.428086956521696,144.62171263834085,65.31778122403854,55.8810720897727,25.731421466115037,864.9259083836824,484.40962564200163,139.2969163134694,267.02098548412323,717.4933794885874,1315.2158819139004,70.6331105902791
673,3.1202274052478143,30.497535714285714,6.130023809523815,7.998404761904758,3.8891868131868144,41.032880952381,1.889231292517,17.386333333333287,5.488101382488487,30.212414285714285,2.4906785714285715,10.494030612244899,42.86372619047614,7.669952380952386,38.77161038961043,155.61130441965778,295.95614445170867,33.70238803762019,25.978970706457336,212.6546771052372,512.1302025924836,100.25150009563991,231.3736460304686,712.3983997319426,1584.5255593636207,95.46872960137469
674,3.6728290322580652,31.342526315789453,6.41176219512195,10.434827272727249,2.6133125,38.3924230769231,1.2317035623409651,12.9423222222222,2.710784974093265,24.16889130434785,1.70720819672131,8.51039130434785,32.272055555555546,5.0146608695652,29.721421052631598,92.40042545163318,70.12300097841681,26.83730960229016,31.91694418932111,341.8591756132443,559.3067733570933,155.1934750750661,262.1762338094413,768.1086543016136,1063.1414712406695,53.918210323899984
675,2.04970847457628,28.9453833333334,6.27102666666666,9.00931538461538,3.1674354838709595,47.2321833333334,1.2955490909090899,11.24426,6.485075,40.35084,1.598813793103448,6.94203448275862,41.2327,8.52812,50.909527272727196,294.2904376666332,582.7648034090205,29.347565413769075,17.06906980230193,360.769494204589,688.5650288313627,86.74987591803074,316.7306026443839,899.2114569991827,1569.320010021329,64.9727787822485
676,2.2969340909090903,22.54715384615385,6.7924999999999995,7.48760294117645,2.54603,16.8717,2.571658854166665,16.788578125,2.1301254826254854,10.45884615384615,2.068859712230215,10.47493636363635,23.278041666666653,3.5603194444444446,13.6788953488372,39.76648073436142,23.033411520019946,16.415730053422305,23.01951267772539,52.160378228970245,365.37335254251957,138.08613875880837,148.34762550890446,373.06458689272404,714.4923089072108,73.36939452216029
677,2.8120095238095235,52.899638888889,6.909839506172833,10.738177083333333,3.4163081761006335,65.4558,2.11917894736842,25.485309523809534,3.30575892857143,47.039527777777664,1.7124248062015501,10.188047619047632,52.29115151515166,7.9645724637681345,61.81715151515167,839.0747825113348,109.70048552009085,39.15212121135941,22.25810480559397,395.1061515310411,628.4582195803523,134.65736216555038,278.150934415559,687.7240026369691,928.5314241424203,115.25632968793313
678,2.685639896373055,57.772909090908996,7.111024691358001,9.3248230769231,4.12655035971223,66.99605,3.5865662650602403,56.729909090909004,3.624645061728395,29.8281052631579,2.87680303030303,19.4208888888889,41.95815384615385,7.4547323943662,37.71142857142855,79.52019235015439,79.41520066323751,26.450559641479717,54.721412517109876,93.71907300034599,493.34239447489387,109.79740181937814,207.7602781355381,663.5455414652824,1201.6428518109024,132.9560996964574
679,2.81164739884393,28.69294736842105,6.1615075757576,7.80006756756755,2.275943693693695,46.90727272727275,0.9122409539473699,10.694289999999999,3.170515337423315,40.2608076923077,1.4400527065527051,8.3897042253521,56.174909090909,5.913478021978,50.998799999999996,156.18837618593847,570.290780684255,49.95216588555598,23.178939349865658,115.8023427030713,641.60639885813,76.12901972606778,278.3527132123709,805.2109973505139,2992.989239282906,65.5877054668963
680,0.9438191126279876,26.825687499999997,6.7462441860465,10.20459782608695,2.943943820224725,48.2887,1.37067942583732,15.551046874999999,3.7187302631579,35.62386363636375,2.0360809352517975,11.122958333333324,40.26083333333325,7.4040833333333245,45.76272727272725,108.54729872962473,250.96654588753938,35.76444159321834,29.19358039195488,242.1770531211033,625.3607803955674,112.5178998336196,301.7973795067519,766.7232770472765,1269.1312236711383,64.71954984590411
681,1.3017695473251034,27.6594358974359,6.802549382716034,8.005512820512832,2.4860131578947366,31.747916666666665,1.5630840978593268,10.357009009009,3.282345029239766,33.081633333333336,1.8943691588785032,9.923266666666667,36.147363636363664,6.727915032679733,38.71902777777766,133.74057661098004,98.3642914505234,29.53279432845488,23.617920871875082,311.8435222636704,535.5620911965767,123.26776050031185,285.4393795132637,760.3939855471253,1387.5574494401615,87.73699713250001
682,1.680899147727275,24.368573863636374,6.5811625,8.98091875,5.73249375,43.62691145833331,2.707640625,16.36722159090906,8.491822916666688,32.72496875,5.224114583333331,13.536895833333313,38.125156249999996,10.61566477272725,41.85097916666669,121.6131728172066,206.92962509615384,27.58941729124281,34.13657133135318,307.0767486111111,562.851267750375,112.38027072977275,264.4391075591557,760.3806065162644,1139.7571332054213,75.99593664053828
683,1.0164920634920624,25.598113636363752,7.013222972972975,8.823717741935475,4.412901785714275,71.7220454545455,2.3775681818181824,30.480687500000002,6.6481571428571495,48.04588636363625,2.708805825242725,15.21894444444445,42.993875,9.15025,63.969775000000006,170.7741114659701,283.44198246531,38.69596787950326,38.958067852255105,565.8121960464518,716.2826601415873,157.3507091961801,345.93812888488173,837.9970560781658,1154.4878361746669,82.28887454606593
684,0.886881729920565,21.36868,6.002890625,7.301318471337581,2.1817042553191497,34.225333333333296,0.5952320534223711,5.16607623318386,2.13677659574468,26.1713333333333,1.11003967446592,7.76196,31.64428125,4.32728174603175,34.6355,92.58405160481102,611.4634002653037,26.62761677751469,16.584338819150645,77.81311676365044,657.5360195711255,97.57175575941801,294.3749539554119,901.1949645355344,989.8507036268712,65.08058868348598
685,0.335735234215886,27.351999999999997,6.649440251572329,11.1724456521739,2.00179963235294,29.3719756097561,0.745660972404731,8.166773972602739,2.50412445414847,26.264452380952402,1.65387358184765,10.5601100917431,26.4895853658537,4.85484388185654,33.7252352941177,165.4394387176701,605.6451730997549,26.22635401686879,23.485850159522485,88.05312120655424,560.8332809060812,115.80842547118664,275.2539934590459,795.6242887303233,920.8671748638153,47.98478912562132
686,1.144038613861385,56.4855,6.23451744186045,8.15722916666665,4.09741338582677,72.8425,2.993143258426965,41.824423076923104,3.5985581395348847,36.708214285714305,2.0588023255813948,12.404125,59.554545454545504,6.6585,42.42325,85.40997829012335,466.2698077689323,45.71394987418263,27.0965663730293,84.82198345513969,594.8173115029931,119.42596174776554,281.4385457895696,895.7227459177375,1381.0294913128018,107.86935454234481
687,0.510253283302065,32.972875,6.10926041666665,8.622224137931049,4.07046323529412,73.2760416666665,3.153307692307695,50.5147916666665,2.9768415300546454,31.99470588235295,1.7758850931677002,10.533968750000001,47.82445454545455,6.007189473684201,37.049233333333355,177.67004187422523,130.9636671619505,29.99126309214916,22.57544585739504,457.3558452827402,607.2581629268825,126.83694949373604,269.2371723242104,938.9031329192221,1629.2765852995217,109.7028492949903
688,0.47984168241965997,21.4500925925926,6.61666666666667,9.62996694214876,1.28141098901099,16.4039272727273,0.515142166344294,2.74128150134048,2.46523842592593,22.0701914893617,0.521020171457388,2.6896365914787,33.7165333333333,4.477223577235771,26.4262857142857,,,,5.525038304141831,,407.48780593276024,94.60269939154387,247.70558811724183,616.1436205729842,840.2448380365968,42.16001834720373
689,2.700741176470588,16.689076470588237,6.044481283422471,8.560331550802116,6.820401069518705,20.83064171122994,6.313029411764706,18.186219251336883,4.979916666666664,9.705802139037411,4.5575840336134466,8.115161764705883,18.719625668449176,6.798848039215706,13.019101604278058,34.84224884531908,23.45811631939588,13.762438456063903,18.390147420619464,54.47792332622203,356.2687403138946,117.57901349269294,144.6095623952501,347.99895879319484,713.7297885492444,61.79061636109562
690,1.9534537671232874,23.939270833333325,6.542979166666675,8.818249999999999,2.9867912087912,49.166590909091006,1.2475808080808075,16.052383333333324,3.7522816901408502,34.92497727272725,1.7231769480519477,11.056322916666675,40.2439545454545,6.886189024390251,41.846250000000005,173.71726227507014,300.00814758246463,24.146846407307727,27.390351545255037,190.74666647873278,666.6166358627379,112.10982338525355,277.32583112083375,969.383615301922,1786.1033731605858,63.94772790372372
691,1.01494412878788,21.89318,6.4389095744680995,9.65701694915255,3.527073333333335,52.7152,1.04583794466403,8.39755714285715,3.725708609271525,38.374500000000005,1.914987272727275,10.60291666666665,42.81029166666665,6.39767605633805,46.0239090909091,103.52752581272735,134.12924893572082,41.188807582187266,27.255693868011154,371.3650783008279,850.8277824148536,91.69961558654904,465.16251750290394,1240.7800881192088,1291.678415145725,70.9772459231317
692,1.4219583333333334,28.2188,6.69814942528735,8.991108333333333,5.211080645161284,50.898666666666664,2.7624512820512837,29.7195,5.054680180180184,24.898416666666666,2.5209120370370335,10.494677083333334,37.167049999999996,7.52184,33.71753333333333,76.21995503607096,154.06421930377257,26.817440635332286,24.041147223006778,178.8822537892773,518.5690592043102,111.34172479311626,275.3538079559803,672.0798439346254,977.7958815296491,86.75316736722986
693,0.8215414847161551,55.030454545454496,6.1317947368420995,7.7901212121212,3.39188888888889,95.3081363636365,1.53527976190476,18.017421875,3.72037341772152,65.4534166666665,2.265638075313805,20.4258148148148,79.98622727272749,8.879166666666649,88.94065,177.73962015461453,153.79086352453007,48.68140134469593,49.36241370253239,1403.1742645209467,574.1253029555082,100.7363316603005,263.9525569975376,899.3954979814589,1591.1795431748033,109.94825279340148
694,0.2797510869565215,18.04843103448275,6.13734210526315,8.38822857142855,2.77294471153846,46.12953846153845,1.1718203661327249,14.7477857142857,3.3959597701149398,37.6890357142857,2.18482838983051,14.449300000000001,34.912600000000005,5.7309705882353,44.1985769230769,153.37045848269995,138.3578966712976,25.180997355961722,34.92549354511753,445.50202970964676,682.994513772428,92.35618636012077,291.90536588430405,977.6846156455576,2121.27894628793,58.59695374965668
695,2.0970288461538398,27.0358545454546,6.8174606060606,9.503074999999999,3.66415254237288,35.9570727272728,1.8656298245614038,15.259785714285721,4.62624081632654,22.76474,1.9000341880341882,8.315135999999999,35.31346,6.77468125,27.705633333333402,80.45452451685648,49.406068481044876,22.81298610958958,19.1068256000084,166.5749988672727,447.342237457633,103.30724529922009,225.49476474523544,648.3242195099592,1342.2383461147547,71.77324034273624
696,1.288100678733031,15.798669230769232,5.296733031674208,7.879707692307692,3.6896692307692307,27.71925874125877,1.7274765886287615,11.177987179487154,5.012485576923077,20.722118881118845,2.876319711538462,7.9872,25.750223076923078,7.1426384615384615,27.21269230769231,,,,18.14403375979075,,499.82144891356046,99.81393455885924,221.99041962337034,558.7150557683065,1029.1042970493436,60.596616150668034
697,2.355566239316233,24.88225,6.499297619047617,9.420861111111117,3.9339375000000003,50.319847222222165,1.22966142557652,12.776577777777781,7.554000000000001,40.3060454545455,4.1162380952381,12.751066666666667,38.004196969697,9.141009803921566,48.70611111111117,192.693092387202,102.15050253261852,28.95662098500838,28.28911640794077,422.9323710286963,641.4967162224153,124.13178725788991,328.95839928338927,831.2772144563496,1496.7698991919558,66.10466710602243
698,3.1511027777777834,71.00141666666667,6.809208333333333,9.247870370370366,5.6038939393939335,76.39268181818183,2.57007960199005,42.49740909090917,6.163973333333334,46.86123333333333,4.2634791666666665,27.005416666666665,80.00657575757585,15.244583333333333,67.7112,232.54955420529612,222.0525135279913,55.43797525463142,82.78542045279109,541.0600041025642,554.2994476854801,133.33174477641782,252.53816662977138,679.200057250758,1373.269350733608,201.70401937017837
699,0.441158531971245,11.698043478260901,6.01576439790576,6.68733529411765,1.58845694444444,20.3407037037037,0.768823353293413,6.80385333333333,1.88148073394495,15.574716417910398,1.3326696428571398,6.76469565217391,27.6901219512195,3.6030648148148203,19.664762711864398,54.61933823407029,33.67423420084175,26.500801574749325,13.386016318982659,450.74313282990624,371.88855931162834,98.94848335534334,176.9790891557932,532.8974220901728,1362.4225743114948,35.031489096581936
700,0.17680319148936152,13.458852272727249,6.5016898734177,9.65300892857145,1.7547474226804098,21.30894,0.56074067982456,4.9356857142857145,1.801738410596025,18.082678571428552,1.196829836829835,7.34304268292685,25.294066666666648,3.79214705882353,22.51364,64.89351955184527,53.48388867802496,19.212841243252374,15.089591927713808,506.19558857351524,494.9477384798229,97.47000876814127,229.4220612384379,662.2757529839873,1115.158386528492,41.147798765450716
701,0.141259869316635,13.32964772727275,7.226674999999999,7.5699097222222,3.62190127388535,56.3401666666665,2.83872375690608,44.39608333333335,2.3614100877193,15.351635135135151,1.98828787878788,9.281404761904751,22.9058043478261,4.277605042016805,19.41205172413795,72.65737406494125,237.05920819515092,20.500097820443802,22.30457684055817,231.93659032057357,478.6910256370902,116.27089697867632,195.72976743802428,504.67558903619647,1327.0779396407306,82.20145246013999
702,0.236224208795725,14.124802469135801,7.331402777777781,9.391539999999999,2.2096367112810698,33.0728857142857,0.754557314756175,5.46310052910053,2.09001221995927,19.1698846153846,1.4630745891276902,8.11026056338028,25.663023255814,4.197576,24.756880952381,73.30343840846054,41.9534719715639,20.421471214540816,23.739442602911172,552.8050085891905,319.8114922270179,140.81571716815233,224.03881885111332,514.2454989254475,1214.2257997766137,42.01859701424837
703,0.102265750087017,22.0265094339623,5.66702732240437,7.6610447761194,2.83336185819071,61.30343750000001,0.788426277372263,11.636315789473699,2.57846534653465,34.2200333333333,1.6680715447154502,11.6933979591837,30.1099210526316,5.44386,44.287192307692294,124.8994724698364,69.14105584030595,29.764177993019356,24.177169003296164,804.9685247033128,651.208613999188,110.97264941781759,329.35026101768017,996.1687959730626,1283.0016668885946,70.67830301821232
704,0.37729861111111,15.78204,7.6909696969697,10.347838383838402,2.248550295857987,33.66113333333333,1.2559166666666666,13.678400000000002,3.6472706270626998,31.916545454545467,2.0247274509803934,12.628358024691366,29.60520512820513,6.496415204678367,38.41983333333334,261.24704592066,250.40271448122814,29.847635683373678,31.102402382944863,474.5546083816227,726.4997810125351,144.03497334569693,296.9648300980528,801.4411044617494,1296.1151078343391,57.468703016638756
705,0.47191079616506904,33.56690625,6.02359036144578,7.2147972027972,2.3954107142857097,54.8100909090909,0.45013820459290205,3.89430566037736,1.9691688555347098,38.6291111111111,0.43825302209253897,3.8769849624060098,48.5308181818182,6.34477300613497,52.1306666666667,125.30563236177791,958.135153371964,41.91999882543656,8.373078959114972,111.00890480386539,520.6544185057282,67.73208733648062,274.53943621367216,808.9704439043999,1548.4098810702562,64.06300235539675
706,2.0784345238095225,28.2165454545455,7.1862894736842,8.24735606060605,3.70398529411765,41.977225,2.8432445054945,29.9966875,2.216076754385965,14.881402777777774,1.877058724832215,11.24371,33.18004166666675,5.0034362745097996,19.022516666666675,86.32829000105953,182.83307985506858,24.50741085092018,28.590455944782637,71.55750515291695,440.1123966090381,131.3512388151139,182.39219789393246,456.5314273349941,872.1840451471508,87.72149449214339
707,3.3741352941176403,41.5664833333334,7.23380714285714,9.60225714285714,2.6832263157894802,42.79172,1.0238575342465759,11.15588421052632,5.675117073170741,36.4337272727272,2.17656808510638,10.759139999999999,43.5973,7.78691666666666,46.87004,264.1220040697059,249.5912424005707,28.76545869983306,21.91919658766411,364.9888343506758,614.2858974635601,102.65467222779989,304.43605966866016,855.3202450275421,1198.3848316594958,72.15896155685186
708,5.235495145631051,60.14305,7.680542253521151,9.4743650793651,5.001863207547149,77.7577,3.59816095890411,57.188363636363505,3.624003496503495,37.21303333333335,3.271920382165605,23.505,51.2529166666665,9.3810925925926,51.6819,148.23801549172362,461.05347481799515,58.79739622763739,62.14728427666422,116.98809428792303,427.80907824635506,143.8879407942295,258.0751897767186,706.8471168167889,1061.4620754495263,142.39035081118345
709,1.1910991285403,21.7804,6.722517647058821,10.4853963963964,1.65170301291248,18.8120588235294,0.549181818181818,2.6620629370629403,2.30840192307692,21.6415272727273,0.5291065686724851,2.6446931818181802,36.94509375,4.612969162995601,28.7798333333333,78.9323756532644,62.685727591761214,38.30558935888709,5.4693845856773295,55.37672582594795,515.259662643075,108.66287630051374,207.8779973089695,705.4508198052645,714.3291179090738,48.18718880414963
710,1.27569465648855,38.6015555555556,6.73097,7.31078873239437,2.03949110320285,41.09696,1.0150026595744701,13.844386666666699,3.16789244186046,45.5626666666667,1.90220033112583,13.7668974358974,61.904312499999996,7.36570967741935,58.0977222222222,136.8201586182902,1038.619780886459,20.26018560288278,28.352954849177504,124.65734108188067,693.0836010724306,101.02191008627415,266.5880834683776,837.8406055271626,1060.5449322611094,85.52940562367439
711,2.67513970588235,46.325840909091,6.571750000000001,8.2030909090909,3.1963888888889,67.43260000000001,1.73364696969697,19.123678571428577,4.0328583333333246,56.597775,2.5320117924528254,20.865958333333325,70.309409090909,10.36764,69.64031818181824,199.57552472852112,165.8065794566972,47.41142751515636,51.123240516180836,397.22137459436067,587.0472232345492,142.92739797383547,268.78112694248557,917.0224540866911,1737.0654735714197,118.15232574008405
712,2.62015128205128,39.2806833333334,7.51202857142858,9.96761,4.6188382978723395,65.4279,2.68342666666666,33.9959,5.06711162790698,38.8891272727272,2.6571090909091,16.374446153846158,41.076854545454594,9.40324545454546,53.15181818181819,137.05281211912617,95.53452401653209,43.18241052595824,39.0054471605754,306.7858202993618,496.2052358314395,128.72378807514906,244.9097577482462,712.4767452478409,876.9110683351755,99.9193824827671
713,2.891516304347825,23.927604166666672,7.7152205882353,10.095583333333325,2.4495423728813552,34.879270833333244,1.1828822222222226,12.52964285714285,2.4470576923076925,22.5108076923077,1.5067292746114,9.78099074074075,30.018275,5.2163088235294,28.87305,77.98795201111201,67.90115994151165,18.110921202314238,25.72240594227715,52.98259685837992,574.6673734392971,141.55043754726648,264.4179272465408,794.3911477923393,1360.8523993752897,56.92967679351568
714,1.05222735849057,12.484125,6.73798666666667,8.33868571428571,2.1578571428571403,20.7816,1.0020357798165098,8.267616666666669,3.33127428571429,15.09256,1.12826736842105,5.903315789473679,23.24263,5.24780476190476,20.2414333333333,93.03764240328537,156.4119510546395,18.10109511101194,13.32984276992101,56.24384744357,539.7353461012244,91.56028041616082,240.12347916141152,620.1044470071793,943.2914666831493,58.69477987289429
715,0.19405727611940302,17.3757910447761,6.38269273743017,8.56472033898305,1.6282485955056198,24.9174583333333,0.526863338376198,2.93015196078431,1.57368809849521,15.4350394736842,0.49368287937743205,3.0124554973822,36.2438064516129,4.30790740740741,21.0514727272727,71.6521551604925,714.0632662232209,13.798636376157793,6.479948056681505,651.6906170762044,343.5585182160139,77.07385811954737,190.13318233191967,417.66325011849403,928.5731241106987,39.482698775827885
716,2.4128547008547,63.205000000000005,6.43294968553459,10.2618198198198,4.53061960784314,91.4774615384615,4.5531125,89.5670769230769,2.38912903225806,18.1307169811321,2.33804780876494,18.3432857142857,46.860904761904806,6.17269613259669,25.0094347826087,94.24077972040094,40.57211397037998,50.7593276298674,40.343904807217804,71.05963837378548,357.79711324721575,160.80180648714304,173.26008528470993,469.25011556595564,709.3657506629825,134.66370292007923
717,3.437116071428567,42.17496969696967,6.565522727272733,9.228182539682534,4.230239837398367,75.26805555555568,3.3899908256880664,47.14416666666667,4.884194029850733,47.40076666666667,3.1453364197530864,21.423074074074066,69.91502777777767,10.378095238095234,57.14343333333333,202.63771375075677,636.6741490233168,53.04981220915625,51.75680348018786,613.6817636032761,557.0669891312718,156.73715776453415,228.0066798751553,747.3559739689032,1555.7089587673545,153.42336458464464
718,0.766025657894737,17.3585625,6.54871098265896,10.34,2.1710233050847503,29.1040571428571,0.47450753370341003,4.06205118110236,2.18580842911877,20.5238333333333,0.9657984822934229,6.165282352941181,24.4428444444444,3.9811066176470598,23.9310222222222,123.88041762401836,472.72370474645925,23.604982085903963,18.505134393092433,74.4956804411239,648.85423053056,122.46356345713139,372.0751032233238,783.4318792447448,1777.3799831047654,40.56869074702263
719,1.37146033653846,25.1588095238095,7.665479729729751,9.350631578947349,3.0127356020942404,31.152631578947346,3.1664375,30.811921052631597,2.2749889867841397,12.30215853658535,2.231294642857145,12.34955208333335,37.4308076923077,4.324330508474575,16.5781081081081,51.9076655539735,26.99839481257087,23.3234279731846,26.926113017760304,51.49681210805392,360.06708396598697,134.03327902778983,150.3765000961721,358.5217287763953,571.5524661354721,96.71124862506986
720,2.0204573643410866,44.328909090909,6.946896969696966,9.984268518518533,4.142825581395334,108.82863888888899,2.4766753246753233,66.93418181818167,5.037897058823533,71.30244444444433,2.96256811594203,34.56258333333333,70.74283333333334,11.043247311827969,85.96016666666667,284.01559483631587,160.60727799445195,43.585152027935514,83.3499689753251,339.7031888118516,632.8668057297667,166.21923229346672,319.9922386556864,1023.6929170787334,1928.011723794043,128.32509819418192
721,0.5790594177064766,26.561133333333334,6.761872727272734,9.9179829059829,2.54432,41.642066666666665,0.6185492004920033,5.4790606060605995,2.6720634920634936,33.40103030303033,1.0673370786516867,7.519717948717933,32.516242424242435,5.045645021645034,40.47093939393933,120.25078209573974,86.47846902817189,27.54603422030978,14.937102225862583,110.4347391762492,515.4322988043228,96.92856886734565,302.01802340646583,855.164920600752,1469.7610943888624,62.125331411759056
722,1.47626117318436,23.669295454545498,7.0895424836601295,10.3482627118644,2.36978241758242,32.6251111111111,0.803210013908206,6.0490617977528105,3.08909350649351,32.2205,1.6193492286114999,8.85270689655173,42.7176538461538,5.37398484848485,39.118866666666705,79.94614728862068,660.9714137537967,15.997875902915201,17.834858763964032,90.1850497318306,778.6458125337958,112.13612742722034,317.2334050759673,791.0978980362415,1294.290809892118,59.2490890994668
723,2.463011312217195,28.9424705882353,8.19657142857145,12.4780222222222,3.369806451612905,46.053272727272756,2.3746593625498,24.8486818181818,3.105363095238095,26.116125,2.46938940092166,17.47632258064515,44.04326923076925,5.50444660194175,31.6669375,100.975997900849,347.18030488122594,44.09984492954711,36.77608763114084,347.40033548522666,750.922120641917,200.2830500714481,374.69289964064956,786.1972087994218,1166.0693446174264,108.08045044541359
724,0.31454703328509404,15.166649999999999,7.137151724137939,10.089417391304341,2.4419953488372,30.70512,0.8211496598639461,5.56155714285714,4.40833333333334,31.17604,1.90640170940171,12.07322,25.7086,6.616954838709679,33.8769,98.63565240159349,390.2868381249135,20.923045945480364,26.489975918267504,250.01266171690412,667.100278660655,143.7951624393463,334.83668230473995,846.6473501175642,1441.43789075315,48.23348019272089
725,2.0904360465116265,40.119888888889,7.010879999999999,9.017538461538466,3.3536893203883333,69.96742424242434,1.8656,29.2283888888889,3.569468013468,50.548249999999996,2.2022567049808432,19.4919,54.12655555555566,8.529504065040667,63.60905555555567,394.78423245825223,326.93712169528294,46.6731481332194,52.661923265433394,270.4898241471969,721.9833244259158,175.86759446809688,345.40146589279175,924.6917286266884,1541.23705967019,98.08733593672514
726,1.833173451327434,38.4879636363636,7.10435333333334,10.26281904761904,2.8302810126582196,53.03235000000001,1.26747340425532,9.7482761904762,4.46332083333334,32.6644181818182,1.4285986394557821,8.933148148148138,51.8989333333334,8.597128,41.57342,164.49047136470034,601.7833375660184,39.04457588169634,21.31832669667942,781.2533080000001,487.58432269096375,108.75058826059103,229.6936186030507,676.6282394528389,1749.0162374451756,82.85841904580593
727,3.02982335329341,102.235545454545,6.75696273291925,7.44044202898551,3.58039498432602,128.645833333333,1.36947414880202,18.996462962962998,4.73482700421941,125.093,2.59513174946004,27.475619047619,126.27069999999999,12.1103979591837,130.77675,400.35282355990154,2035.9056901469144,76.41786416168368,78.23221235044844,1916.0998574213975,811.3307179883122,85.97918786108494,400.75439028441906,1029.2205028235912,1403.1935250386596,155.29131051152945
728,1.919380149812735,37.54717857142855,7.3383670886076,10.237982456140351,4.3219743589743596,77.972681818182,3.473264705882355,56.4264583333335,2.54904784688995,29.595174999999998,1.91291165413534,15.607602941176449,51.073909090909,5.6478789473684,36.4857142857143,126.19439058333975,84.53954718227838,65.43495867399837,39.19805813443705,511.2320400895312,526.6377702355385,133.05305037647486,232.1954700164497,684.5501833595335,2171.2679066695273,116.30895314738154
729,0.8865091666666666,10.504069444444417,5.595994791666667,7.317939393939391,2.1128574074074082,17.15562121212125,0.98697701149425,6.543244444444443,3.0111607142857166,12.855515151515165,1.5503181818181833,6.554217948717951,14.400048611111083,4.244057017543859,15.255558333333333,79.23416794641524,29.349462266844757,9.948568744900998,14.728823673026683,103.70017218076259,532.3867526991913,91.20814114188154,217.5839249199877,604.5361747965217,928.0424759102365,37.10551536642015
730,0.31746076514939997,15.7456923076923,8.16501538461538,12.9773382352941,3.28311731843575,48.5635,1.22983448275862,15.291119402985098,3.43300598802395,39.4202333333333,1.59493777777778,9.019225,26.0932857142857,5.85534020618557,46.2259090909091,649.0533611456913,83.315106361155,25.135808362163587,18.086587981452418,66.21770015238697,716.2613794207573,111.66043113917112,375.10450929403305,1034.730626270175,1192.9387925192714,57.59960040450096
731,2.54292380952381,83.60123076923081,6.6145872093023295,8.7377786259542,7.44919259259259,201.872333333333,2.33869387755102,31.445083333333297,7.0765696969697,151.14149999999998,3.61597543859649,39.8451379310345,138.432545454545,15.6713835616438,180.1425,735.7656012059641,200.24632249748083,86.01583797534,88.13707028795423,843.3225066640987,1114.6872770041227,143.6416758224368,576.7012946307659,1939.480029977858,2117.5468107685447,225.45401006937027
732,1.22204661016949,28.5847105263158,7.308,7.6498333333333495,2.569266009852215,24.1986875,2.5124,23.54324,2.4903952991453,14.368407894736851,2.44951401869159,14.68866666666665,27.33915789473685,4.165531746031745,17.60141379310345,62.90257791445823,30.81372488150787,20.55469473824232,30.680705693611337,43.42136689142886,469.1057838499546,187.60670209303498,216.11879346892238,434.8085029050708,1136.307988781482,99.36644928529859
733,0.23563848039215698,14.735249999999999,6.5096172839506,9.39193859649125,2.9698989361702153,46.214625,1.0522976424361499,12.479627906976749,2.5893555555555547,28.59855555555555,1.2410351239669402,8.36402898550725,26.261000000000003,5.0593910891089005,38.18014285714285,372.5194061172615,667.2309603383532,25.635438382615085,22.578667675517266,82.17973670567977,718.9065916463733,110.7996329665184,342.9266274906695,781.9071528501809,1234.1086636297405,57.737191673368216
734,2.893099431818175,33.83854166666675,7.683544871794875,11.3508152173913,3.523684027777775,49.60752272727275,2.806412371134025,39.277775,3.185425324675325,22.586729166666675,2.83355789473685,17.674300000000002,39.03125,7.2574000000000005,27.675625,240.69887324449851,46.95375157891094,39.49247278957015,38.79840754400778,249.2672035386715,411.21875401586294,150.16215038485825,185.73440611362457,547.2376593388617,774.0294502582401,101.88932064920664
735,1.1054040609137101,23.87696,6.46440880503145,8.0972695035461,2.32256451612903,36.0038214285714,0.870158935361217,8.50747407407407,2.25908897485493,27.0117111111111,1.37990355329949,9.0752578125,34.5205666666667,4.52356108597285,32.9199375,93.38064929247992,77.55497346613562,21.984295448110807,17.63587930701209,597.4666694032667,710.0830087438226,99.7280003502965,296.09031043946743,864.2855798825622,1373.1029815971851,52.44468338787556
736,1.55796439628483,34.79916666666665,6.97126470588235,9.65292372881355,2.980805084745765,42.681875,3.0139868421052647,42.385625,3.63137062937063,39.305,3.24571306818182,30.245194444444447,39.04542307692305,7.2979295774648,49.127454545454555,572.3382740915539,101.65917095633867,44.069542902228,92.28612343557883,142.1340693336064,611.6512115113437,202.0930522121489,282.96535601839423,1047.3245871253312,1773.3781482093036,133.25000181794167
737,0.9165019334880119,23.3416086956522,7.1652049689441,10.8277545454545,2.11498014440433,27.3600714285714,0.838711988304094,6.02098850574713,2.5960158730158702,23.0343829787234,1.5617063369397202,8.49801587301587,39.5305333333333,5.0207377777777795,29.265874999999998,72.92988258917242,57.82547172994779,45.18917672237146,17.563366010864033,47.46031267310027,464.6169254556298,111.60366702824831,188.21849953383207,634.9790375679731,1352.097187191248,44.839479960501194
738,9.394229508196721,172.645454545455,7.23373333333333,9.43965079365079,4.42934136546185,141.1645,2.85981952662722,49.771899999999995,9.37232520325203,199.961454545455,6.715257142857141,74.6772666666667,199.871727272727,20.7529,243.16,2667.989075931623,2857.5503996440407,54.37904728262823,138.88807210284375,2591.798876243591,919.9885418638587,188.521109521389,460.9975265339017,1331.5290911123157,2425.2096889540553,295.1122121885419
739,1.6209412698412702,30.717363636363633,6.706105263157899,9.732138211382098,3.005845144356957,30.245333333333335,2.576354761904763,24.471642857142864,2.7329952718676136,22.809509803921568,2.2822142857142866,17.849833333333333,40.08718181818167,5.804754098360667,28.49497222222223,130.59278993462055,62.63114957560549,40.39713306708801,43.15792475234957,205.05925883469573,470.14057636260986,162.14470379054546,213.79538035641113,618.7628488987684,1171.1247420559328,129.07020282000303
740,0.129299531803129,11.249441860465101,6.70180769230769,11.228499999999999,2.16000210970464,25.744431818181802,0.715729937194697,6.208783068783069,2.07929636711281,16.9290491803279,1.34405753739931,6.40393788819876,18.18945,3.83936496350365,21.188839285714298,88.44417539668427,56.31102957226651,13.691931173625935,13.004758335666418,436.2574148317543,607.5528915971518,120.60278095304966,281.6419815644622,830.2519330754876,1391.137484461069,38.164108991622925
741,3.7357596153846147,35.75214705882355,6.9831280487805,10.126923728813551,3.435933566433565,54.8941,2.19612927756654,24.49047916666665,4.07292391304348,42.837192307692305,2.79622748815166,15.58316216216215,36.00323333333335,7.635141791044799,52.8768333333335,154.8763200139337,137.91444022758088,21.12993843827423,34.29509909624919,780.33179421636,774.1584093309939,144.37958598136902,351.15904174745083,908.3895478397608,1585.2274489589036,72.17144593596458
742,3.1468567251462,45.00295833333335,7.10063580246915,10.57865625,3.5308885542168698,78.53305,1.2198729016786551,8.50418852459015,3.486288819875775,54.0887083333335,1.49081323529412,8.6826525423729,69.269375,8.1304015151515,67.24391666666651,223.32648323100582,939.7067834435915,54.481215626713904,21.647210749656793,195.5146515877295,760.3985955938697,111.79696302860975,338.5016694664955,850.741087924689,1709.8742304369807,102.14829817414284
743,1.8058807017543865,26.70502564102563,6.990566037735834,10.045171428571434,3.837353333333333,55.91422222222233,1.7300252976190464,18.347561403508767,3.92239,41.05336363636366,2.148365765765767,16.059916666666666,38.221787878788,7.183150943396234,50.06126666666666,100.4596764524269,76.66263392899627,28.642621298441867,35.11118635427524,193.36142508193234,841.514440253377,161.73430097599825,346.4621879781286,979.0231163303057,1348.3026763424277,80.37883477906387
744,1.74908641975309,38.5508333333333,6.52312,8.66991666666667,2.2941163310962,48.774909090909105,0.998486533449175,13.4397763157895,2.97039093484419,44.2722,1.80125856697819,13.339189873417698,68.53926666666669,7.5821390728476805,57.475300000000004,83.15072108152354,142.2556437396045,20.141020874628474,28.368751167531286,104.89288147628167,676.6238017007709,98.09620678424835,230.68205919116735,1118.7320807948709,1091.3856094703078,85.4340847581625
745,1.51986991869919,21.3234509803922,6.6358395061728395,8.75607317073171,2.0645783132530102,28.9976097560976,0.680276759314015,5.24159223300971,2.23497325102881,23.810666666666698,1.37210695876289,7.93202739726028,30.9897647058824,4.55017777777778,29.894824999999997,89.52293943404757,75.85254701896349,29.249155020754763,16.148087039430198,92.10400418481325,543.4878636151552,118.22348460555077,317.5860969349742,749.108218587935,1442.1481173485518,45.01119256019592
746,0.207334174022699,56.0983684210526,6.59550617283951,8.96522033898305,3.98492045454545,113.30489999999999,2.19577473684211,31.185272727272697,5.72577472527472,109.719083333333,4.09490613718412,39.7552142857143,100.19391666666701,13.811117647058799,134.156,274.7361621836185,272.0318596211654,64.34914805939694,87.58579407849317,2058.0026955489825,710.4824995622039,155.4182730615139,346.5692978352308,1182.8228365629911,1114.8623190820217,173.8287042826414
747,1.2906274509803901,22.83854347826085,6.58943125,10.780510416666651,1.9894220532319398,24.62042857142855,0.779328282828285,6.102025316455699,2.220551867219915,20.32348,1.04383393501805,4.96380603448276,30.0538611111111,3.9307423076923103,25.1816739130435,85.27030042532371,538.2927343577164,16.875301177555,10.21402293173669,293.5783994074366,577.1538941189647,111.44988238811493,274.0025403909385,783.451902680099,1577.4850035086274,40.80805229023099
748,1.379900243309005,32.902117647058844,6.84136486486485,10.1205344827586,3.00371264367816,39.57914285714285,1.12095157894737,10.54166666666665,3.087228125,29.92320588235295,1.14349704142012,6.1389345238095,39.189346153846145,5.25997727272725,36.11563333333335,90.47677615604802,433.4048029956177,38.31892120254344,16.369200906591377,80.90705163444692,693.2806922122836,155.54024139419198,340.6004514545202,905.7948831468821,1170.5174343660474,58.739795349538326
749,2.2415076923077,42.2257454545454,7.619407407407401,10.96935454545454,9.80877894736842,122.45541818181819,7.93265,105.45421818181819,8.048778571428581,31.69105,6.12606315789474,20.6093636363636,49.3752666666666,13.231057142857143,44.39232,138.3224990286995,334.8998011698417,41.198788893210214,45.32916960887808,181.94202466099267,601.0355893522501,157.80364628881216,281.3777793198824,727.2307807579637,1267.918678931892,158.02593901753426
750,0.4743217781402935,32.0936111111111,6.893598684210549,9.139854838709699,4.5254705882352955,67.40525,3.5480451388888903,51.1181363636365,4.0111953125,39.8417142857143,3.459142441860465,30.02583333333335,68.0432727272725,9.2641181818182,48.2825,151.73968468304406,89.83854468943099,44.366147186741635,73.31974616046813,128.92382124000423,595.0864520855248,187.80829850584269,306.140398606658,590.0059011764824,1101.458864286542,199.60450008511543
751,4.173140350877199,38.010316666666604,7.54218571428572,8.47312,9.69184,78.836890909091,9.23822727272728,75.74543333333341,8.900216666666662,24.018218181818202,8.205457142857139,21.603460000000002,42.1262727272728,12.43825882352942,33.07713333333341,157.6744391120272,68.14657745451908,29.030985164734012,44.99011060914805,74.3519992196303,464.49199318885803,165.70184845477343,222.86328952759504,499.9825032427907,1544.4403188303113,165.47463834285736
752,1.7454,24.95491304347825,7.4387602739725995,10.87980188679245,3.36933806818182,48.3539090909091,2.3683546255506602,26.71926315789475,3.6127875,28.383,2.588275109170305,14.2637976190476,45.02463636363635,6.0863681318681495,34.78353125,77.37237676717992,62.89550785840782,41.500564453635164,30.9579170547445,394.1338069461924,639.0378577634692,161.47760907188058,292.0358325354755,666.8892339803278,771.9410001300275,85.28879843652248
753,7.04970714285714,50.9570952380952,6.4731572327044,8.542794117647059,3.48374918566775,83.28208333333329,1.83586809269162,44.302346153846194,3.00989595375723,48.7883181818182,2.32161839530333,31.1586315789474,35.388937500000004,7.12051234567901,62.434312500000004,406.82792406625316,101.53242637706042,25.227552094969997,80.35258260392445,122.16061214013627,836.9422983378172,149.312405847013,340.95647279173136,1128.2050982117653,957.7076183632016,100.08108802139759
754,0.3001415441176475,27.05,7.1444861111111,8.481835714285724,3.698630597014925,57.287725,2.1940113636363625,27.187520833333252,3.094777777777775,36.41620833333325,2.1347258064516126,17.980328125,76.248475,7.883051470588225,47.45272727272725,114.24137331515074,401.11249202564034,44.21422615801203,41.36303965380429,192.82911151244153,501.46640278398985,110.42230180464685,249.47624769993126,724.2115039844066,1119.8405001778156,112.43702610954642
755,2.88293548387097,59.900590909091,6.458623595505601,8.417826086956499,4.66634375,99.4544545454545,3.9813544776119403,80.0530416666665,3.9344482758620702,49.012499999999996,2.98638383838384,32.65715625,88.8922272727275,9.7003482142857,63.688227272727495,127.72806917663681,113.4050920944358,54.82462073418864,71.82225197127089,125.92051808705394,515.3662990778685,145.02169797196984,207.455619238317,784.4929816201329,1619.2479874007404,242.07219248637557
756,2.4733553921568667,51.14803787878791,6.599931818181816,8.640104166666667,11.666208333333335,131.9939621212125,8.154133333333334,82.86260416666666,12.073104166666667,58.470124999999996,8.776694444444416,27.782128787878747,84.4284722222225,17.941506944444416,76.51115909090909,286.12302138888884,668.4825963333332,57.162590199127884,63.735472643774216,271.52349333333336,566.6453740559518,157.576574323078,275.8711130203058,708.6277415510267,1328.0592703570921,241.40121725698313
757,0.444256567425569,23.005872340425498,7.08514482758621,10.5736701030928,1.82460493827161,30.405763157894697,0.596492607924305,6.26323976608187,2.13562661737523,23.321846153846202,1.34616955017301,8.566158273381289,30.9818787878788,4.8129579831932805,29.4875454545455,86.2885690433637,64.63154824035543,36.04790736361002,25.414919359073807,596.1304284481367,455.95355331897736,120.83712499588728,272.45800010859966,710.684503428638,1392.3455262556672,46.95791285485029
758,0.9723206896551719,18.5372222222222,6.422446540880499,7.11998039215686,2.11959709618875,30.4324242424242,0.6787155015197569,6.84510714285714,1.97743559322034,19.03115,1.14556211180124,6.958829268292679,27.621170731707302,4.085432432432429,23.7031111111111,81.0774944854002,532.4019871373561,23.43533021971055,14.391420554881082,62.28481314231548,606.0501793399453,109.16013270616531,266.3453808054328,628.0033383518457,1570.5211088061333,44.75531168282032
759,0.199509811616954,11.3515242718447,6.82248684210526,11.0074380952381,1.96191201353638,23.8127755102041,0.5005567695962,4.45808015267176,1.7498194444444402,17.3157096774194,1.0499663636363599,6.62587654320988,22.816847826087002,3.55629051987768,21.457142857142898,106.46072409098134,484.1963707706124,16.014141050188545,12.873222247285272,93.01892791625068,629.7452142462134,101.20274964720011,258.5458103567362,777.0261261612177,1524.8268842697144,42.23529249429703
760,3.63733219178082,60.962650000000004,7.863592307692299,10.035745098039198,4.272333333333335,85.47463636363649,3.7268971631205647,70.6293,3.4234060402684547,32.5858,3.34190857142857,26.4744090909091,51.84205,8.31099193548385,38.839,110.65228120074869,70.06901645192443,35.04207467949729,55.240980075055866,470.5780796956114,443.96050507202744,165.76448688283563,222.75993833318353,433.16418305039406,927.9570076614618,160.44470248743892
761,2.67692105263158,28.2307454545454,6.889944,10.10795789473684,3.17192727272728,40.0336666666666,1.148986813186814,9.844545454545461,6.06581176470588,32.748890909091,1.961623214285714,9.20911818181818,34.8696333333334,8.125552,38.8437833333334,127.66655967070596,176.44006704223025,22.289230405155138,24.369138235002183,276.22605339597976,749.0242784842849,147.78072945773602,414.8689564317465,1048.6587136983871,1708.8427068665624,58.43624006956816
762,2.8508962962963,33.455285714285694,7.5493629629629595,9.67649579831933,3.35245483870968,50.5370454545454,1.33159922178988,15.6449857142857,2.97651871657754,28.6497058823529,1.9792928286852598,11.990479166666699,23.648452380952403,5.50074594594595,39.3901724137931,198.57516843187383,652.9178341266166,12.630696374700962,25.276173378914923,611.8448369750731,700.0231649726629,172.85498324781656,311.49331480264664,710.1647090166807,820.1491786167026,63.896505162119865
763,0.285985700667302,16.1284383561644,7.42313375796178,11.5879120879121,2.36153669724771,29.2851081081081,0.935805691056911,5.96457948717949,2.39080278422274,23.904145833333303,1.69874336283186,8.92403,28.28465,4.81937962962963,29.2309487179487,71.76100001315022,51.0743037505127,21.900719745151083,18.021313977380103,612.7606421988295,461.9511775672436,126.88487768173218,332.01579935848713,640.3409875929356,1142.988307401538,44.04010251164436
764,1.87456209150327,26.2195454545455,7.3406737588652495,9.0777,2.73767625899281,19.1156666666667,2.7882230392156897,19.4132333333333,2.1906164948453597,12.8547764705882,2.23104411764706,12.6944605263158,41.013321428571395,4.8516906779661,17.319550724637697,72.34652064489373,34.93414272541605,42.15531673409016,34.85297617646293,70.34455366467647,426.45076755434275,184.1362565755844,194.58152819424868,454.10997699946165,751.1208998039365,129.1116001084447
765,2.431978155339805,28.0605238095238,6.65084375,9.340150000000001,3.467192810457515,58.3776,1.262916473317865,10.76682727272725,3.19864906832298,33.08447222222225,1.9885876865671652,10.4804069767442,47.273166666666654,5.5764660194175,38.58916666666665,100.47410265938099,85.81473205213753,34.774724443621544,25.864898438372986,375.0732832902382,623.1928593479097,117.80693894252181,317.5413468852639,928.5577572882175,1355.1949057728052,62.011496629565954
766,2.729591787439613,48.157636363636335,7.1153888888889005,8.3941914893617,3.683593333333333,52.94941666666667,2.935184343434343,37.02373333333333,3.5427540453074333,36.029361111111,2.66012910798122,21.969176470588234,72.41094444444434,9.343017543859666,48.108909090909,130.1314618733583,79.39037332051122,52.4133801011632,48.088277451697145,186.22510127961573,438.33152546236914,137.38449973364672,198.51302883277336,713.6842779194316,1118.9664946869016,183.78103462358317
767,2.240041304347825,25.809409090909,7.003327380952375,8.8851590909091,2.511572115384625,32.891772727272745,1.6280484375,13.41695454545455,2.2435530973451323,22.529479166666675,1.8691467741935475,11.3651875,33.345475,5.24814545454545,28.74160416666675,81.01111707844933,51.464821072334466,31.123886991974146,27.451659626696756,217.00906458872223,429.58895210176706,130.5455109104514,213.4537964593619,606.6039786674082,1457.2713756933808,73.57645081356168
768,1.0355917602996267,32.472500000000004,7.123708333333334,9.737829059829068,3.2227507246376805,49.83953333333333,1.3596147635524802,12.702319444444434,3.3780140350877335,37.1059,1.5688394495412832,9.8933425925926,41.178303030303006,6.728729559748433,43.786545454545326,130.29067481259753,78.70234907978113,44.74197924013085,25.57176491789096,210.11038198603606,708.0219297980269,154.90577400972447,347.3590826615691,917.032539534072,1341.3407218952975,74.38449344287316
769,0.25226533628972664,32.64966666666667,6.8829400000000005,8.749946969696966,6.2707169811320655,117.72796666666666,5.7536229508196675,102.60291666666666,5.267423280423267,54.459484848485005,4.0114518518518665,30.679833333333335,50.66530555555567,11.336322916666667,70.30224242424234,792.044977191167,80.8946530625276,33.19258569767947,72.81310842358401,771.9828376991017,609.5981302981576,190.58378723760447,269.3363542978962,762.1830406909188,1033.3528664583962,137.346137004594
770,3.4224025157232667,42.570893939394004,6.873067901234567,9.612941666666666,5.3174375000000005,45.58456060606067,2.6972952380952333,18.6044305555555,5.63093434343435,29.02813636363633,3.684586538461533,13.23905555555555,43.312900000000006,7.9652318840579674,37.82221666666667,120.4903924103163,107.06516422315923,39.22720839538014,32.026008920684966,344.5543603394421,515.1634337380528,118.9318058701853,280.17425211146474,691.479219434162,1387.9307351695995,90.76825032631557
771,0.720054019292604,35.7561428571429,7.10015151515152,13.1482307692308,5.41896226415094,92.86809090909091,5.4655230769230805,92.6778333333333,2.82739637305699,21.269579999999998,2.7305274463007203,20.7732631578947,58.7424705882353,6.07030857142857,28.1245,76.61947252384918,46.932332694292434,32.089191466317544,46.61627091297857,198.12188853320123,415.48802983015776,179.7662116587162,190.1394920423627,644.5548729971051,885.3771258145571,153.33089977502823
772,0.7094747956403274,42.55439583333325,7.06580555555555,9.651991666666675,2.857012626262625,63.016437499999995,1.1579497816593873,11.938833333333324,3.934819230769225,45.887899999999995,1.6905379746835452,11.791940476190476,55.9595454545455,9.817491071428575,60.031954545454504,162.90014178585156,792.0241969230769,42.69290232950358,26.816825521562166,838.8347195833335,489.56026439554995,106.42005945555866,259.5543919596821,852.8106205631047,1903.1661213375628,91.72930149361491
773,0.5849589572934,48.18258333333333,6.853862068965533,9.197829268292667,3.648105769230767,90.05352777777767,1.4407194570135733,14.457608695652167,4.433849593495934,74.42316666666666,2.446052757793763,19.319288888888902,67.85824242424233,11.075322916666666,91.49960606060601,242.77357543986463,470.07284758801984,53.54175623856012,53.143309686728124,1062.1388948717947,727.2609897578756,116.11399240791798,351.59556816021603,1121.9050269573927,1901.4769311373432,119.4871651629607
774,0.783960579243765,19.3606666666667,6.7717272727272695,9.634616822429908,1.95270349907919,26.392755555555603,0.756659205776173,4.94337711864407,1.4930398293029898,12.2382021276596,1.2187525252525302,7.395036231884061,23.341693877551002,3.52954276315789,15.838866666666698,,,,14.78898139905492,,313.67880292236805,109.26604736596346,164.28830567747355,583.6599040776491,1187.4514166265726,30.720001086592674
775,1.6717833065810572,30.592766233766287,7.719563909774443,10.65919047619047,6.416047619047615,71.32322857142857,2.7499724310777003,32.09704761904757,7.2607482993197285,36.474987012987,4.579742063492057,15.593273809523856,45.693595238095284,10.213323809523814,46.96037142857143,290.29493202850097,186.6057777709309,36.16596442261943,34.64713189884321,459.56448725274726,608.8648523603167,121.96856883487531,269.60213934736595,758.4554475865194,1468.2936714962125,82.9502274947507
776,0.46274087893864,22.781363636363626,7.237175,10.3924326923077,2.8848205882353,46.59241666666675,2.0564419999999997,30.733749999999997,2.8158817204300997,26.981545454545497,1.76814705882353,12.60183695652175,40.005090909091,5.9296648936170255,33.5995,138.0929300756394,72.4268908002356,33.68390293524944,31.244195185449488,414.26013817728665,529.6429211739451,110.20159581676126,230.49537558108568,662.5851092394441,1240.826240973547,75.87384898215532
777,1.077976833976835,19.085785714285702,7.09832394366195,9.6253387096774,2.692057291666665,35.832733333333344,1.2576255411255401,12.79633333333335,3.111036363636365,29.0716052631579,1.865565454545455,8.3234112903226,32.59132352941175,5.242142857142849,32.7425625,86.64321830949473,71.46919119997727,25.67753025621527,19.914332932048033,362.50361663548523,678.0843483284116,125.18602889031172,358.186406083405,901.9128163345158,1620.0400306843221,49.93844777345657
778,0.94415931372549,8.363818181818184,6.331258064516134,9.291833333333335,2.3608783783783833,19.3179305555555,1.5573951149425282,11.091697916666668,2.0599036144578333,12.01775,1.2446377314814818,5.26643434343435,13.111243589743582,3.145380116959067,13.31431944444445,50.21694815539488,127.73251805544977,13.09360038696422,12.597350304767373,47.00471209601394,589.6931164897978,108.1300200894475,248.0907365679741,545.2150828205049,850.4604183447858,38.1337672782441
779,1.86670103092784,69.0071875,7.07667333333333,10.506550458715601,2.07314436619718,69.0487333333333,0.93809649122807,15.1425,3.88412459016393,70.64414285714281,2.60509951456311,23.7498571428571,126.416083333333,10.3271100917431,88.7210833333333,199.3972728849317,193.8553646309869,112.67300780072465,70.25429612365154,1637.704385624731,563.3189342916012,133.80299787968397,258.8641131296754,841.2780938670039,1631.7672794684768,136.44041027873755
780,0.44092010703364,41.93729999999999,6.396272222222233,8.510178861788633,2.955751461988303,72.37163636363633,1.3123839080459767,17.856196969696967,4.2651767068273,72.73063636363634,1.78221021021021,15.535421052631568,64.746909090909,9.993037037037034,86.15463333333332,202.7366197625588,818.9608599244326,45.73410955690031,45.02312218180105,649.4708049548134,638.6881073315939,125.17302917937438,350.01874590913457,989.6548930555582,1475.2256761615474,120.04997115582228
781,0.7013630705394199,28.8389736842105,6.44337362637365,8.607199999999999,3.25573291925466,57.3889545454545,1.4756834625322999,20.73912962962965,3.463706586826345,38.35373333333335,2.732272300469485,19.18435,61.56827272727251,8.640216666666651,67.028125,123.720420508369,326.51999340237364,51.3951487115242,30.85975914944919,102.93552448153355,742.6496944390237,137.00482668355107,308.46919398754835,888.6743104085326,1615.2449534274638,67.77269300073385
782,4.18710344827586,42.728833333333306,8.03770542635659,9.85601052631579,2.05699233716475,29.5616857142857,1.69081951219512,19.254722222222203,2.85655408970976,19.3929245283019,2.23439075630252,9.84124528301887,43.87804,5.155595,24.832209302325598,125.1739605324791,49.234724749851715,38.30309033325847,28.179342824838866,661.3828004627837,512.5368945300579,148.2539577409625,290.955975651741,807.9337188974023,1109.7575072199106,56.190998293459415
783,0.758116716122651,38.69603125,6.5704342105263205,8.91629166666667,2.01463333333333,48.427,0.7306988950276241,13.220840909090901,2.4255127118644104,43.174888888888894,1.10173977695167,12.9393614457831,52.8984,6.93226315789474,67.4686153846154,124.38435450290463,111.51760775900121,66.67228583069158,40.48189564165407,942.2392860524468,765.5649911612272,110.84121651947498,334.09008756279945,1076.7947882413864,1319.1301841288805,74.43712092936039
784,2.673502358490565,36.0151,7.3087777777778005,10.77928125,3.089479057591625,49.368791666666645,1.067154396728015,10.83935714285715,3.1318255208333348,33.84658333333335,2.03726279863481,10.769887500000001,49.39765,5.6030465116279,41.02442307692311,131.64817694993067,82.66060281749304,30.87500876370539,22.044283728410974,497.9809617147375,601.273262873292,120.45784387737513,308.7020479142666,890.5405411496758,1689.0090540982783,65.14179985970259
785,2.8874999999999997,34.926741935483896,7.990418604651161,10.2765,2.89367341040462,25.655124999999998,2.91126011560694,25.3482,2.60832142857143,12.7039,2.5467014925373097,12.3497472527473,49.475304347826096,5.01323684210526,17.1467910447761,35.96232685104095,35.322470592985404,24.554273476774608,35.2419505890961,99.73629564652344,528.2978061586618,256.07470888644457,264.94734920561314,364.20649848878384,667.9640617221594,122.99909722059965
786,0.778250571210967,36.9365625,8.08060465116279,10.9412127659574,1.9205064695009202,33.607870967741896,0.494739800543971,3.39976988636364,4.064481781376521,52.4170454545455,0.47700707881076004,3.27852941176471,46.97466666666671,6.71685714285714,59.3817647058824,97.38162954815029,772.9921962449199,39.43685945226962,6.666654123316752,53.74094758150047,489.2429802566767,142.38832518458366,595.8325229585171,975.8080588653684,767.8576046600938,78.81771307438612
787,1.8563351449275365,24.99254761904763,7.268201257861634,9.439566666666666,2.49469956140351,25.456104166666666,1.9022222222222231,15.111125000000001,1.9481910112359568,14.021022988505734,1.7696773211567731,10.0758494623656,27.984261904761905,3.6731433021807,17.332916666666666,47.232014732008956,32.04779876117828,17.838311244522853,22.970523748663414,43.386275891544244,402.9955016449094,129.2909262701869,168.79997371385494,432.59430676698685,1557.278501180311,67.63146569331487
788,3.5401815181517997,64.39676666666666,6.743461988304101,9.617175000000001,4.0202142857143,66.854611111111,2.7531280193236736,46.27433333333334,7.073830188679234,47.463303030303,3.7753431372549002,24.540577777777766,48.011194444444335,12.504720430107534,58.59696666666667,177.44927849652765,597.0712145716684,52.72058123381109,55.9059152731488,211.6973616305822,774.8782013853391,151.03441352645555,364.5414253696799,1032.0044045026104,1198.9125283434987,169.45679672062397
789,2.2048012422360235,33.1009393939394,7.407803921568633,9.771230769230767,2.9992573099415196,40.44296666666666,2.44779365079365,25.7655111111111,2.540913832199547,27.508166666666668,1.6054449612403099,11.5648888888889,40.476272727272665,5.005623376623366,35.904972222222334,185.06837107129957,62.99920669520156,46.82273398454575,28.0683671855727,97.27885896107597,506.57144747674465,162.65015583485365,264.86306451261044,723.0771627898017,1250.6138533353806,104.35426762948434
790,3.15821487603306,74.9610769230769,6.53458598726115,7.6815686274509805,3.63088599348534,70.04419999999999,1.34283717948718,13.9815555555556,4.73808943089431,53.6325263157895,2.52798762376238,13.2097590361446,52.1271428571429,7.9783379310344795,64.9135625,110.9126520298811,121.39946977192636,29.045490446239395,38.881041333670275,185.48592383881828,732.2416873648763,163.82522881031036,340.9913741052151,1414.923369884491,1350.1472072675824,72.78290577232838
791,2.3827261904761903,46.39943181818175,6.7392738095238,9.50039285714285,2.5020903361344504,50.378350000000005,1.262218614718615,13.256568181818176,3.34825974025975,46.824025,2.0998580000000002,17.18790625,68.437340909091,9.103625000000001,61.182874999999996,166.73199201753246,197.46458802851845,38.848971752685486,38.480382066552274,458.76544934742304,534.4058386981487,111.50960344821215,262.98806187696755,782.6573622878641,1943.5123482253402,85.05570003762841
792,0.28579128550794397,23.7398260869565,7.727690789473701,10.032198113207551,3.132026011560695,48.01136363636365,1.647235042735045,20.9882,3.64246178343949,35.33223333333335,2.31220814479638,12.751690476190499,28.7118888888889,5.65877272727275,39.351961538461545,135.91224729843753,400.86840050924036,25.579248159220807,29.608189696448658,155.2694256326171,750.4090201109648,155.66885704174638,351.87331959605217,811.4092634059489,1147.8249332867563,67.24760169163346
793,1.168174712643678,22.98852,7.188448484848481,9.24272173913044,3.32254838709678,48.1124545454546,1.7745633333333337,20.762254545454603,4.38742040816326,31.68372,1.7082823529411761,9.8558,38.7758,7.18175333333334,39.6709,94.70638920629162,187.04795498958975,25.597633208392942,23.925075001611145,94.22649011341194,591.5520945563912,117.38743167370558,319.21673100441694,794.3121623247862,1315.003321506083,79.04067635536194
794,4.7845633802817,80.33930555555567,7.4143594771242,8.987637254901967,4.0822862745098005,68.45466666666667,2.75635460992908,30.010102564102567,7.7094513888889,57.18318181818167,3.2337592592592603,23.226244444444433,71.116515151515,13.276629629629634,73.03456666666666,224.54999978967592,245.83122317240895,40.614516283772595,64.64102341759953,350.6643185702362,718.4204024573168,185.180245898664,342.71619903544587,742.0410790170232,1013.3283212780952,215.0465346251925
795,3.098747023809523,49.420633333333335,6.791766081871334,8.602796747967465,2.916694235588974,69.64146666666667,1.4471004184100433,19.14724074074073,3.8029033333333335,63.771212121211995,2.35840329218107,23.346777777777763,73.4179,9.8221862745098,77.90063333333335,183.2470057599701,465.60024411211276,49.018417433204775,50.41999971122123,224.70738266216082,671.3058023403088,113.37722341219585,300.9310768296321,939.6059671416879,1724.0906211857994,117.14556409666936
796,0.268219444444444,15.715618421052598,7.83227692307692,10.340584070796499,3.37683061889251,48.1345833333333,1.15247347347347,12.226099999999999,3.73614440433213,38.9277931034483,1.68091292134831,8.87561538461539,27.8128157894737,5.943255681818179,45.88892,92.07386225342736,656.4832285584397,25.16361695584229,17.96767157191532,168.2279888033702,861.4173391833901,117.98993218690157,374.7634822502732,934.0811753645539,1843.4487981721759,63.35829384624958
797,1.77068195718655,32.50777777777784,6.459138888888884,8.604358333333334,4.599873873873867,60.53798611111117,2.1301833333333335,24.217166666666667,6.617419540229883,45.87761666666666,3.0470982142857164,17.147949999999998,55.05629166666666,10.787862745098034,59.260469696969665,162.20998641494927,240.20749200829246,42.559797206522354,40.73448260166008,427.59107353106907,666.3539679720998,135.46757400035858,275.8064695323507,905.9051012930771,1597.6729531151552,103.01546814541022
798,4.36270089285714,50.7177727272727,6.42913068181818,8.43959124087591,5.18685135135135,88.36574999999999,5.16247393364929,91.1158461538462,2.29821083172147,22.533137254901998,2.32552027027027,22.5097608695652,36.6445625,6.18910714285714,30.762714285714296,115.41968836708539,50.30001657565184,20.137398040714135,50.48610921581064,40.568952857412704,350.68553406745195,173.63759689033031,189.5586960017681,448.5157551243901,672.3903585225344,132.63288419693708
799,3.012552631578945,61.3535454545455,6.6293720930232505,8.75617424242425,4.665682608695655,103.8664,3.9293464285714297,89.1225,3.868283783783785,41.46635714285715,2.7295829383886248,22.10559615384615,96.55,9.7620576923077,54.5815,215.0504490621691,90.25726666463375,73.77865689872613,49.533919100725704,209.14729232309256,412.60115103796124,122.57521739229561,194.43195778876543,668.4557418338954,1822.3605467937887,221.16645704954863
800,4.39621052631579,51.323625,6.425445086705199,10.886186915887901,2.65258409090909,42.454136363636394,1.0634307832422598,12.0014270833333,3.17141129032258,28.575636363636402,1.97637984496124,9.45998245614035,54.184789473684205,5.444217391304351,35.68940625,79.17546028107171,91.453529270445,17.190939135999106,20.558485939056876,92.36394885805237,661.1984921619296,97.70600590854883,269.1053319722414,835.8563762158155,1152.5586480274796,57.60539788752794
801,1.800434640522875,38.76783333333335,7.808119402985101,7.9798813559322,2.382843253968255,31.455399999999997,1.57807100591716,10.95410869565215,2.4019600938967147,22.988799999999998,1.8865122807017551,12.193414893617,39.706,5.2242318181818,29.63391666666665,322.81401677220947,55.78579049903197,32.07944718570523,26.21013044827248,91.08330506820317,501.3535497710109,167.20525454729795,248.99364216253161,708.8227081112564,2623.452013358474,87.22739294171333
802,2.383761006289307,29.477194444444436,7.51238,8.869938596491233,4.265450980392167,67.573861111111,2.296580573951433,29.039090909090902,3.112566091954023,34.254599999999996,1.8906630630630632,9.691566666666667,45.10636363636366,6.413406060606067,42.97541666666666,383.36285805801316,99.06433169348328,27.424897398401825,23.911620393285048,364.8675533277624,631.6774912799398,116.78492495169242,281.5145921582977,713.8269254937768,1293.4867680693667,86.30646237482627
803,1.84676923076923,23.086434782608702,7.3820263157894495,10.38086607142855,1.900468646864685,22.86984,0.84412743628186,5.862398989899,2.59618536585366,22.43746,1.224599576271185,5.5109105263158,34.894200000000005,4.579526086956521,27.336699999999997,85.94509970362172,62.49781486016626,27.5020730926709,11.158189667641404,314.1145243163369,530.195003375411,112.46842332184315,206.0539205558598,635.3589473292232,1074.522640556097,45.918847899883986
804,1.73155588235294,24.32495454545455,6.51865555555555,9.093362068965526,2.835774509803925,49.192325000000004,1.1857090909090902,12.063979166666675,3.9907266666666747,41.887795454545504,2.01539962121212,11.5755340909091,41.36654166666675,7.3972,48.7633125,286.13260101257407,493.25021567841213,27.772824658334052,27.000017342024073,180.72113517527,707.7103829942644,161.32741002365947,351.7290286254138,1000.0610491260886,1641.1818156484514,70.9442247170955
805,2.29922685185185,107.83835,7.37564285714285,7.846945945945951,6.7660714285714505,196.262375,3.192156424581005,79.535625,7.59655479452055,135.268,4.637831896551725,58.69235,116.0657727272725,16.82291379310345,162.42725000000002,773.296899307092,406.94958909431426,127.00188051092344,150.14609085743768,814.4298713734439,997.7284935303032,160.22745985537767,499.27496584132314,1483.602891676128,1929.6882441267371,190.55644515901804
806,0.16370829975825898,11.758819148936201,6.7448684210526295,11.2652254901961,2.2127064579256404,29.776729729729702,0.494476190476191,4.295842696629211,1.62663276836158,14.6408148148148,1.01622045028143,6.27517010309278,22.5227021276596,3.41125454545455,18.7321111111111,48.172338975105546,41.88896913178376,13.73652636381746,12.664595290540088,433.2889534826544,451.6918445006013,103.97620499134064,268.6495892703533,705.6491915136576,1355.5994955822825,35.720085725188255
807,3.1329475308642003,84.3411538461538,6.32662048192771,7.9126597222222195,2.23353469387755,53.0073157894737,1.02845983935743,21.9533846153846,1.94057169811321,34.8091176470588,1.10069098712446,13.1688961038961,87.2243636363636,6.3245214723926395,46.826652173913,103.38287839443954,70.47063562615118,50.610546026951134,40.48573601473452,942.8584342698844,509.56087652593845,156.4631937071681,229.3171128258109,859.6676401793957,1055.7501344010234,80.33958729356527
808,1.41577386934673,34.488064516129,7.215373333333329,11.268037735849099,2.23936983471074,25.663911111111098,2.24113157894737,25.6936444444444,1.9631252371916499,12.5316153846154,1.9687738791423002,12.7914634146341,37.5672962962963,4.57591428571429,17.2967118644068,87.55167322105927,27.168983890864002,45.66498631370995,28.091704289836613,49.48260377420544,421.64591141045094,146.72328252345324,155.3970854729414,446.78933918476105,1051.6439098864794,153.65448780357838
809,0.278751937984496,14.9230555555556,8.453676056338029,13.101487804878001,3.15884383561644,48.1440909090909,1.11563180827887,12.2406063829787,3.5711381578947403,38.1629,1.64140783744557,8.892141666666669,30.893038461538502,6.10156976744186,45.9345909090909,648.2497050839577,658.8882620902928,31.567467930431352,17.827476144871195,601.6798587139738,805.0415897741914,117.43598151952028,405.66357783973217,1084.691728465259,2392.392442561686,62.26410623639822
810,2.1692274436090213,21.387512987013,6.0404010989011,8.86977857142857,3.8035892857142852,22.673892857142857,2.299732718894007,12.644614285714285,3.7834732142857144,14.794564285714287,1.6818809523809501,5.804841836734693,20.431023809523786,5.8935164835164855,19.431123376623358,69.35411862664441,135.5854785735032,18.475702641155316,12.994844869275498,95.82822874384452,511.5712826539363,98.49309156249676,250.01795064391834,548.1872225313315,952.2385063714215,57.98927741125226
811,2.428213362068965,43.314,6.540133333333325,8.85156896551725,3.8356095890410997,78.01618181818175,1.86475487012987,22.853775,4.465629166666675,56.61097916666675,2.499106194690265,20.887729166666674,68.81977272727275,10.626156250000001,69.72186363636375,239.2086367872797,367.2270647858729,50.67244245012028,56.756810867418196,331.9690323241165,736.990588484332,164.5212760195136,322.7132256142795,948.777049779892,1747.5269734859467,128.97540000267327
812,1.4027180156658001,21.5682745098039,7.26506666666667,9.51693333333333,2.56266666666667,36.6946206896552,0.67573902288188,7.571298611111111,2.44968269230769,31.3193513513513,0.9645907473309611,7.665318518518521,36.7801333333333,5.02495594713656,39.0925,593.0693185304206,592.6084458242135,23.014615991687677,16.126325832261994,225.57938359681094,897.9890029877424,108.1185881048441,409.0007161721587,1175.1726269721985,1455.406821332872,56.48150108754635
813,0.226434689088776,16.2531515151515,8.15140476190475,11.80392156862745,3.22700292397661,40.193666666666644,2.356728215767635,22.77015384615385,2.572071794871795,20.10876666666665,2.2672350597609547,13.7150568181818,29.664342105263152,4.693082568807339,24.080360000000002,91.1614815559713,45.9289482284277,19.267760037215506,29.06477633661163,61.94457888363283,395.59011347591877,162.8325553610921,223.41536823660135,537.8296133130789,1795.1073474250734,80.1462447270751
814,1.006962450592885,20.66189655172415,7.58901315789475,8.2166846153846,3.16737704918033,30.04946875,2.087727626459145,15.510357142857151,2.924411602209945,21.80559615384615,1.98306043956044,9.020896551724151,21.0975,4.8045243902439,27.32105555555555,95.45985307948446,276.1420075280694,14.69038072073615,21.916456413840443,273.19697424707306,613.780040293932,123.52814665064216,260.68249717354774,725.2804120071232,675.6285903975368,73.79275048151612
815,0.5881160531697334,27.476809523809532,7.240551020408167,10.491630630630633,3.1260560471976397,51.43924242424233,1.5168074074074067,15.96664,3.3413834808259666,31.58975,2.062987654320987,10.735504761904766,39.74672222222234,6.3904107142857,35.654833333333336,82.77380679951894,278.17340528090847,31.32912273519099,28.81811103663145,554.847536259369,549.3308262278637,122.5023375203212,276.85712557286024,680.3651805967093,1059.741131030023,61.66809859375159
816,4.2917053941908705,31.387027027027003,7.114794520547941,12.9322808988764,3.1341989100817402,51.463652173913005,1.5580664652568,18.791774193548402,2.44992813141684,24.276431818181802,1.6649885386819498,9.0239140625,22.66438,4.67438222222222,29.0624,105.66044211700051,51.208859486932226,12.739839130572117,25.553227976952712,601.5550453378996,610.5704000219703,132.148084230721,384.7460029646754,723.2926553115249,1598.0105148628354,57.81149957329035
817,0.19833880943177398,11.5595346534653,6.7691192052980105,8.791967213114749,1.42725991792066,19.0921333333333,0.242321830985916,2.0020775862069002,1.28803525641026,15.2351184210526,0.21813000629062698,2.0019537037037,22.908061224489803,3.2741894150417803,19.0442678571429,53.16292970351481,51.525197263772256,18.507061784542483,4.2018227655134135,74.29536611271716,471.57416120171547,107.24982712417841,213.4164096787572,621.7180518433452,1850.1079874113202,36.79660148918629
818,0.292159455128205,55.4816315789474,6.62624025974026,7.963115384615381,4.156396,119.4975,2.57513452914798,40.3253448275862,5.13927433628319,108.52636363636401,3.77611525423729,49.186,119.6355,13.774523255814001,136.41136363636397,449.07647048855165,397.08762404252536,74.95875171771607,88.43723343268316,224.35455039945924,816.8050786480308,186.43538933247328,357.24646877497435,1066.6907764971256,1126.1755134910345,204.66581918299198
819,2.1532654320987668,26.910857142857136,9.254947916666667,11.312375000000001,3.3938673139158673,55.154500000000006,2.4947429193899766,38.76403333333333,2.5782923076923066,24.20783333333333,2.090352490421457,12.542804597701133,30.262256410256402,5.495633879781433,28.230051282051264,109.9339715175786,52.54712836155232,40.64996266982735,30.266531316042656,277.42168157186643,559.000764042139,136.8070331712564,264.50019019345444,690.1543820276856,947.7771585807204,94.47786336143811
820,1.9038202054794502,23.15475,7.04641176470588,12.7924938271605,1.8851369369369402,26.0806097560976,0.801273504273504,6.00745,2.90849385749386,29.3332121212121,1.72914790996785,8.9204224137931,42.6467777777778,5.44117553191489,39.3697692307692,96.75318558991341,90.45179237523467,32.2470694548075,17.68369317826534,71.98605326827719,872.0546029508114,116.08488857746124,401.5228943899274,904.4884005561471,1249.2997571825981,65.50790276378393
821,2.218675213675217,28.135075757575834,7.45552898550725,10.057823529411767,3.4606933333333334,42.66331666666667,1.3049433106575965,10.617960784313734,6.083862068965517,30.873611111111163,3.82896739130435,13.341642857142851,37.59109090909083,8.400365079365082,39.6176515151515,113.54365473318474,146.08545144077434,26.939390178437097,35.18987901941786,478.04351866928414,602.3758052227398,162.12251891071597,288.2589547274013,798.2876345825692,1291.3578189909458,77.54966306189696
822,1.4141475000000001,57.34145,7.18485135135135,8.713370967741925,3.3532629870129753,57.3267,2.08719140625,22.474019230769226,4.651458333333325,46.458840909090995,2.92691223404255,22.576791666666676,71.34038636363626,10.153858695652175,57.965886363636244,185.7680133555256,247.65414344282047,42.76771161471795,52.70313551791417,728.1712107894854,565.0271661579609,137.9550783894956,263.1217357702553,806.0494961682707,1266.9482151977718,117.8071484901011
823,4.350309160305345,71.3662083333335,7.1857839506173,9.39904838709675,3.794971830985915,78.2215454545455,1.50984256559767,27.40180555555555,3.8934964028777,59.792,1.9476512455516002,18.7792741935484,60.6473333333335,7.62557236842105,69.74820833333351,337.973815923967,572.0253459129173,53.45088991095415,49.39249591691495,528.5667716153275,835.9657949768007,154.02218559756875,418.18360332399607,1316.4021773263812,1571.0152103565633,89.32779310271144
824,0.150102820746133,11.646414893617,6.72895424836601,9.91837735849057,1.1876375,16.9410819672131,0.259504384865948,2.15293245778612,1.44702683615819,14.6590724637681,0.232519793072425,2.2184334600760502,18.5363166666667,3.28073275862069,18.7678448275862,47.77838230820387,37.41200295072043,20.682337717566625,4.373417098573674,39.19837583883986,299.97790697962046,82.11848326027393,191.9868402183056,564.7544981911778,1046.8104854226112,30.96309956163168
825,3.04095263157895,55.2445454545455,6.53165,8.69798305084746,1.88265139116203,45.2531739130435,0.5434466911764709,9.01170542635659,2.47428018223235,36.6176774193548,1.6127041666666702,14.2756666666667,39.0070416666667,6.77403896103896,48.7845217391304,151.58069415517468,1072.8442625294533,41.722281534965525,29.790155599213094,981.4760620719818,412.1681675314903,120.00259011983871,241.26942735165358,934.1804077848792,1488.4213916957378,65.8456003293395
826,6.69911184210525,97.294681818182,7.37953703703705,8.9398606557377,3.9886691176470594,50.0512272727275,3.9082500000000002,50.220090909091,3.505003086419755,35.13035714285715,3.514348484848485,34.48083333333335,68.087409090909,9.80495,49.955863636363645,115.18017395042939,85.97368085619628,50.91694487547312,86.15309910932254,200.54477879118278,484.0094014070928,191.25993130728602,204.40155640244484,425.5546140484512,640.0575977750123,280.2696544677019
827,0.5906462655601651,20.7089230769231,7.04688157894735,11.13529591836735,3.05031845238095,45.41204545454545,1.138858974358975,9.24015873015875,2.81248009950249,26.63961363636365,1.888434782608695,11.27595918367345,35.85725,4.8765625,32.02546875,76.22805586021724,60.96400930999974,23.229412217614243,23.262230878981224,110.40742570757857,595.28648853302,106.25197319313884,291.04354325681925,762.5830709002912,1009.6637182869018,52.05509951338172
828,1.3599157509157538,15.208881118881154,5.558317948717947,8.459,4.8151442307692305,28.920299999999997,1.8783756708407846,10.311979020978999,5.331846153846153,20.088423076923082,2.0210034965035,6.261351648351647,23.307820512820534,6.820492307692307,24.818442307692308,85.7231260164349,147.00480832250588,16.879212104793456,14.02048796883067,126.41471890578151,524.1630795913247,83.02902480444082,251.8198685720563,640.0953548458906,1267.213557058802,52.83723048006113
829,0.1973764604811,11.7695543478261,6.263571428571431,9.61998319327731,2.44339618644068,31.755675675675697,0.716032235939643,6.743851612903231,2.22954853273138,20.0775098039216,1.0812294736842099,6.69194705882353,23.1235510204082,3.87911481481481,23.6954,82.9853265507723,56.53118488854026,16.000983279175617,13.024380479481646,62.068347953206484,765.7213602215052,107.1777194738388,351.74633376300335,855.9311274439096,1755.653927102685,46.31320480257273
830,0.248718804920914,16.038029411764697,6.50686060606061,7.88994482758621,2.4701270491803298,36.7906666666667,0.64032811521603,5.70957978723404,2.52185745614035,28.9716216216216,1.33346478873239,8.60585,29.087628571428603,5.020344339622641,36.5165454545455,92.6988740215088,658.5593964469039,19.50839336167154,18.27317423444353,84.23333894203617,616.6076054796576,99.40303862094879,343.1187244132161,723.2659962028265,1368.644693866372,57.15959705412388
831,0.21066787366727002,13.4894943820225,6.69876436781609,11.257264150943401,1.20539953810624,14.8916376811594,0.30314198606271797,2.2062094017094003,1.49593459302326,13.2873924050633,0.27393049898167005,2.1872137404580196,22.906862745098,3.2252898089172,16.2938253968254,47.69697980411077,478.3359123154301,13.698254620038169,4.331276805646675,442.95768998648737,396.8251869082451,103.7646783515811,207.86989480257034,567.1537946909666,1222.2146149724722,31.504593789577484
832,3.9762643678161003,61.076236111111164,7.382291666666667,10.6749537037037,8.158304347826084,90.3945555555555,6.157672043010749,49.4514305555555,13.156397435897432,66.94827272727267,9.275754901960783,35.85038888888884,103.54078333333332,25.560727272727334,94.26848611111116,277.8405166009225,188.84420856641566,77.95191262319581,87.24085161577572,594.5232155555555,526.0319254981974,173.75118331983685,357.8579829384883,938.5169212085506,3063.1900027704737,249.88348595798016
833,1.05678752642706,15.8238441558442,6.49299431818182,9.37177235772358,2.84197478991597,47.2532,0.881763201320132,8.82243548387097,1.8610881294964,23.388181818181803,1.14736267232238,8.72091240875912,31.264696969697,4.5954505928853795,29.561325,119.70717504339338,77.23042666022513,15.821229220179426,25.519238354821624,605.8295502376794,597.9267647489905,126.62233784794809,282.0956986397505,714.6359188482165,1205.0403282046318,62.72660102695227
834,1.634455040871935,20.78875,8.5678880597015,11.1243804347826,2.56945739910314,41.2726923076923,1.391392688679245,15.960794117647051,3.041376923076925,31.351722222222197,1.49297564102564,7.5754210526316,42.35933333333335,5.22411061946905,39.03813333333335,84.12025186880399,376.6226869261582,32.64713944381884,22.677795180314906,640.0574361079254,763.4467328898609,118.76230128109455,356.9142078049481,855.6046639569104,1370.7385631278157,58.73134359717369
835,1.929481818181818,17.985871212121182,5.726737967914437,7.782310606060609,3.3765736677116,17.35103787878791,2.0799822134387362,10.74249090909091,3.9333054545454544,11.702851239669455,2.427869778869782,6.740230303030301,21.800290909090908,5.3900252525252546,15.315250000000002,48.223115129737764,29.953253520126392,17.173436719423176,16.731318952146335,77.11837216913725,415.1542353528467,107.81011713499373,203.2135570929809,464.84729867767203,911.5506535057317,59.705718674442984
836,4.19445666666668,35.19782333333332,7.64106333333332,9.384979999999999,8.40550333333332,43.35193818181801,6.76525666666668,28.40105333333332,7.765656666666681,26.023781818181803,6.139463333333321,13.65368,38.507447272727276,9.981712727272718,35.2556618181818,,,,32.47828704706822,,489.2429802566767,125.69506466388702,217.49925147742033,539.5404966548085,1113.0733713507652,98.40235207229853
837,1.70974921135647,35.214838709677394,6.613943037974679,8.91406976744186,2.41574630021142,41.21352,1.36692694610778,19.224733333333297,2.53911308203991,26.687930232558102,1.82529641185647,9.977172727272729,47.9416470588235,4.90969230769231,32.1520606060606,79.77010617369824,56.23530637301657,27.792895545355595,28.15207703747444,665.3841405662145,462.61369716376066,105.1867613568902,234.95343048125505,658.7926764041185,1252.542226575315,61.17881275713444
838,4.01005576208178,39.8985,9.73701666666667,14.6062911392405,3.86917343173432,42.151125,3.6349791666666698,41.5994074074074,2.93162068965517,17.452803030303002,2.90423958333333,17.4567941176471,28.969911764705902,5.2836875,22.5024615384615,654.090758742157,31.826630405315566,15.797983278537565,31.857033252269137,83.62590129395556,433.476478792727,223.69304206222296,235.10914761573076,432.4833396822214,832.8533731400967,118.24551038444042
839,0.61108140192199,11.568585106383,6.687593023255809,11.5082424242424,1.85189743589744,21.3196428571429,0.529513852587559,2.0699235412474803,1.9129557377049198,19.0616779661017,0.514482039911308,2.11935860655738,29.400594594594597,3.6872944983818803,23.813854166666697,62.09100423591728,37.02495576952665,13.75322216862194,4.328843217132444,35.12155748781469,556.6193256527185,105.49246799200773,252.0986134186387,706.9211918860674,1462.8564938902855,36.968011409044266
840,0.581148704663215,20.38183333333335,6.690767441860451,11.048980769230749,2.7396256684492,38.156633333333346,0.7803901098901099,6.09477586206895,3.02642105263158,31.213794117647048,1.5197318840579699,9.374901785714298,33.39390625,5.1200565217391505,35.120933333333355,107.0988420931243,98.2984963014148,22.1556409464998,18.579204845410565,140.9179499198786,634.6921087242663,100.79988278448582,294.93924230337143,739.6667613647878,1240.2042979374528,57.262449990957975
841,1.625145161290322,35.210709090909,6.81653548387096,8.5838,4.49549795918368,69.14410000000001,4.11646785714286,63.374183333333406,3.0806235294117603,28.497119999999995,2.98631139240506,25.816690909091,60.768539999999994,11.65598823529412,43.4783833333334,176.7391464722146,78.37492389266262,33.364665954302524,70.2728078237978,337.3878991801971,499.93166234344244,195.25232259184122,240.7124126330018,522.8776624426246,954.5532986521721,316.7861793190241
842,0.2372255564387915,15.926132352941151,6.5847808988764,8.229528571428549,2.5236883720930248,37.49478125,0.91300806451613,5.9799329896907,2.657803482587065,27.2742857142857,1.0174462151394401,5.92788372093025,28.4335263157895,4.69369827586207,32.822375,96.77539379959002,386.32609760295617,19.14479004405263,16.053671634227037,108.03518457213849,672.1018231473863,112.32146061956882,303.74546768143773,707.0496561937034,1496.824447531253,50.742842722684145
843,0.48099036850921306,12.3261882352941,6.127497354497351,10.680990196078401,3.0572757660167103,45.12625,1.31126864035088,16.992014705882397,3.26143874643875,28.9345555555556,1.5360617816092,6.8446139240506305,25.249924999999998,4.98894142259414,31.5443611111111,118.16394480648668,538.0816298718426,28.737378607066084,20.678042205346824,498.5935232138546,958.3198931068182,106.32658377289772,362.5692566856742,870.6071181222796,1112.554268911481,49.2126913741231
844,0.168843366277329,11.649361702127699,6.749709999999999,10.3470098039216,2.5307371007371002,34.5088333333333,0.9553707451701929,8.81304615384615,2.46897136038186,21.3997407407407,1.4211740740740701,6.58883225806452,20.4980377358491,4.04031889763779,26.1460476190476,119.15897146638115,46.57181350309106,14.209591033815078,18.492771468979512,57.47557783750069,673.4477123245597,114.784250035882,270.50450444221497,787.1945388615131,1692.6008742302656,44.367602095007896
845,0.38297699849170497,32.83645,7.008190789473675,11.45944,3.8340164473684246,87.97341666666675,1.7980609375,29.338772727272747,8.800562500000002,71.33418181818175,4.872438679245275,29.701075,55.5474,12.98235,82.96227083333325,607.6681795881392,418.68627210083906,40.15391443814681,55.122034896780775,551.6233652037045,925.153138814494,164.68389658257365,412.2599901165813,1138.9257851988077,1514.2285730689764,118.5295230243355
846,2.2441586206896567,30.9478205128205,7.299052631578934,10.836931034482767,3.6772772585669666,58.22981818181833,1.91799823633157,21.80635185185187,3.0556356589147264,32.101212121212136,1.5060367454068233,9.3140487804878,37.200606060606,6.377103030303034,37.94981818181834,124.03071887781208,75.32952485090141,28.89491736559612,24.34227282086046,592.4406580232248,604.4587353244424,106.85957968235016,281.44273286064464,868.1661682203412,1355.3433663522203,87.67786591003339
847,3.7649093959731497,46.4949130434783,6.78328,8.17053488372093,2.8082304038004797,43.22284,1.13772916666667,13.706329268292698,2.92477353689567,32.793193548387094,1.42661764705882,8.4011484375,21.6231041666667,4.9649826086956494,38.9386071428571,127.10460860003835,601.4424404505476,11.625498435088028,17.21441302300295,162.92878836046776,905.7329501956701,107.60307777673006,442.4327053129673,1046.4285034686327,1329.3239055201411,54.715084843337536
848,1.6199984567901227,27.014704545454503,8.070871212121201,11.01628125,2.23328515625,28.66965,1.2562849344978175,8.502550000000001,3.064629032258075,24.260863636363624,1.79520486111111,10.19974137931035,34.54668181818175,6.165016304347825,28.24752083333325,77.5934574582869,71.9463091321929,30.10770201908394,25.52720537160018,456.0228073174278,548.8812283147126,127.52451584674418,263.77352187409997,665.0713039562106,1318.6498545110226,62.38517817109823
849,2.4720500000000003,25.218966666666596,7.043234482758619,8.80472173913044,2.7135837209302403,34.227109090908996,1.2048655737704919,11.245566666666658,2.9742676056338,29.762700000000002,1.7597810344827578,11.7012,27.195339999999998,5.08607111111112,36.6823833333334,239.44319722596978,56.25552732403238,17.504247873422322,25.55821301743097,478.3125877398119,819.343701004982,131.68738689273596,435.04534754902124,1122.301765717566,1347.3059004172683,51.719341427087784
850,2.6200652680652667,34.431545454545336,8.2083829787234,11.928958333333334,3.385484057971,43.835212121212,2.63561187214612,28.98627777777777,2.9479051724137935,30.4554,2.51352953586498,18.613354166666667,47.63336666666667,6.0851403508772,35.607138888889004,396.9993348184235,65.80653699288855,22.498774812879265,45.82354156887302,361.7343930925237,550.2476977805296,145.58047211418548,222.31359034776688,773.0437132219473,1506.0733926172059,106.92913395663102
851,5.9295202020202,74.2872666666667,10.5624329896907,12.8295168539326,3.30192604501608,39.4826,3.34386005830904,40.0999655172414,2.44919575471698,12.1166489361702,2.3959483471074403,12.381641025640999,62.11988888888891,4.7212081632653105,15.8726769230769,32.71005860091366,38.33555747078915,15.983456636940563,38.27426175165921,44.613955428364186,508.44158977270126,191.59999210387468,209.20049864798784,338.37093506008387,449.9143222346902,117.19958856701851
852,1.2246841517857099,23.0362608695652,6.28090217391304,12.020965517241399,3.36429411764706,52.847750000000005,1.24402555168409,18.409666666666702,4.19543442622951,42.0688888888889,1.7761008695652198,9.191392,41.2018846153846,6.09304191616766,48.878625,120.31205389560019,665.7389555037873,25.25294415318247,25.73716617250266,429.52947048776684,1025.8435737341642,103.51988021284342,460.19568108022213,1022.5338628515601,1821.0358219221234,68.27118340879679
853,1.6691873111782498,67.652181818182,6.80395,8.49587313432835,6.478747191011251,129.0132916666665,5.24972972972975,104.2184,9.6362222222222,67.5852,5.1917575757576,37.965566666666646,91.15105,17.653203125,84.33095454545449,622.1315131924266,579.2757256843662,59.93204994643989,86.05023703869713,583.0811790522938,766.2657531909645,183.75851213932037,336.07970690354705,980.0942614674568,2095.1485028490424,217.38409996032715
854,5.10905970149255,71.1687,8.0801527777778,9.78455,4.82559633027523,112.12740000000001,4.419847328244275,99.95904166666651,3.7395162337662353,47.4044,3.32222929936306,38.35532142857145,52.41865000000001,8.3586440677966,59.7505454545455,165.40558976453167,134.66294277591516,60.10990214423645,77.07695228126595,98.71430740637564,549.4916578754783,179.9917547032237,249.1219900548458,746.7597140930593,1150.6686103530228,187.85494612529874
855,0.318394406392694,22.47228260869565,7.82002739726025,8.831038461538451,2.850096153846155,38.94653846153845,2.1540932835820903,25.8877391304348,2.348282110091745,19.73587931034485,2.061223021582735,12.7459347826087,29.9054117647059,4.274753731343285,22.4799230769231,65.18550800613612,39.951998010921784,25.551681918307253,29.634372641379176,371.58582057622397,375.995971262455,139.97695641592145,205.08813904598355,482.1238573640585,881.4179338514805,77.00275164097548
856,1.8172642857142849,40.66295833333325,6.871089285714275,10.5218695652174,3.788531645569625,64.0765,1.5673270270270274,18.775953124999997,5.820852272727275,46.472550000000005,2.9490465116279,15.479149999999999,57.860925,9.31689814814815,55.90143181818175,582.5267834272656,564.1048035878975,35.98525513270357,33.00060490768194,534.4549966229331,739.8771529551595,115.02592824399471,366.2315313704312,1033.0313292797655,1814.0221596695483,81.26029861159623
857,2.476520879120886,36.82427142857143,7.1982619047619,9.562178571428571,7.132938775510199,48.80468571428572,5.3292903225806425,32.68045454545457,7.686658730158729,31.877057142857144,5.144666666666672,17.232142857142858,49.89323376623371,12.277890109890112,42.39855844155842,191.02815208854844,81.36850494509756,40.17709878110166,37.84832493978704,206.72142274912088,527.1695787087083,126.20468956551382,237.03514598309994,726.4260269169297,1288.392734048622,135.8185994571873
858,2.8215192307692303,43.390692307692305,6.777129411764699,11.28315555555555,2.649523316062175,44.5436,2.123576785714285,33.35509375,2.320262645914395,16.76417647058825,2.027916083916085,12.86536585365855,45.55377272727275,4.658504545454545,21.81591666666665,79.12210672256107,38.99977560958655,22.139864109944483,29.773603476348033,257.46357488873207,462.0081395842135,113.26216626912355,208.61356751993299,724.3639440275729,2417.224901728332,92.7731511183083
859,2.7305070093458004,30.641562500000003,6.9496130952381,10.873576086956525,2.4325227272727274,38.46685,1.4181621287128725,15.747187499999999,2.924172222222225,31.644812500000004,2.1216856060606046,18.058160714285723,37.62772916666675,6.807361842105275,39.113625,315.36030245476735,214.92182820524994,34.92091466450199,39.61421487012353,474.6457053752879,488.0301945377141,151.08209336176515,281.2364196870476,783.2735951524228,1275.2009264659137,91.21172479353845
860,0.3588182668329175,27.9161,6.8686488095238,8.37158035714285,3.9100492424242503,61.249775,2.174796641791045,19.96440384615385,4.343923387096774,42.91072727272725,2.2503771929824574,14.2305125,44.03177272727275,9.554583333333325,53.958125,177.25568478450197,111.79952362473854,29.83168408666242,29.699802348742015,463.1621206124119,509.72524331882596,96.64795361459255,234.379549510777,568.3266208507121,827.8679684735835,106.01820540614426
861,1.7627628865979368,32.254272727272735,7.6948911564625995,11.3686794871795,4.707922374429233,76.94754545454533,2.907992647058823,41.08875757575766,4.2979799196787,35.85746666666666,2.9024677419354834,18.293033333333334,40.613166666666665,8.408540740740733,41.97503030303033,422.37647344860056,281.8502388058204,31.8295171211104,43.1378836904456,370.67249742800203,717.8367814049125,188.4145506968101,350.0777684773008,812.2844699149331,1593.5524910067518,98.26822982480128
862,1.77999069767442,24.3069387755102,7.35184246575342,12.864,1.9440413533834602,28.682076923076902,0.787706611570248,5.99036516853933,3.02441644562334,32.1318571428571,1.54085559006211,9.03027192982456,42.9243703703704,5.27061194029851,38.2119230769231,656.0738508402153,656.7336235052483,32.183374978130864,18.061940048630422,172.03965768042443,939.7646645084023,114.3984729424119,372.1860237419605,864.8195071145892,1355.0162315368652,63.532195053994656
863,1.1068177387914249,23.72034,6.91960625,9.90907407407405,2.7527412060301497,46.665,1.4411825613079001,18.191555555555553,3.5816032258064503,38.0210625,1.899250883392225,11.065902173913049,42.243076923076956,6.6235705882352995,43.33729166666665,128.10692141009375,377.6146463802044,35.692684926811445,21.69885433523952,131.41507200575936,714.1260895878077,113.65354293957353,317.40390695631504,990.414060652256,1364.321040455252,64.04139567166567
864,2.633802564102563,31.5169696969697,6.811108974358967,12.578344444444435,2.9108504901960797,33.424121212121335,1.6461580459770098,17.4943484848485,3.2737861635220136,27.28484615384617,2.3319266666666665,15.141913043478267,41.318111111111,6.345919354838699,31.896424242424235,85.75989085438135,364.2850236914869,32.23334289516782,34.27128804292135,79.26152197216803,681.410877344509,147.0284148429831,342.91835812230903,857.4439135069648,2197.672698336343,84.03010045488675
865,0.8388999172870134,52.96626666666668,6.775274853801167,9.529625000000001,3.468489675516233,75.11200000000001,1.6569159420289867,18.88126984126983,7.711709219858165,83.71573333333335,2.4753636363636367,20.084240740740732,72.00427272727266,12.081726190476202,96.43783333333333,514.268099380267,1147.677435,42.46409742297117,46.709983370811756,1081.2494692307691,849.0611721451083,116.45567913850148,396.8907442564766,1302.5388509655993,1936.319990394016,119.95980360855658
866,0.43257270693512273,15.213984848484833,6.209772222222223,7.981106060606056,4.570235042735045,31.871077777777778,1.506525,8.08571759259261,6.109877777777778,26.544522222222223,2.7592348484848497,8.443629629629612,22.63893333333333,8.15625,31.356388888888887,99.6684139604142,207.11086333333333,16.47549882291706,20.22163041736225,213.67902626262628,680.4690722169148,129.4359616521332,289.0269220289257,718.3632373602854,1410.1206066293848,52.20409430977371
867,0.331510027769207,24.8147954545455,6.5027045454545505,6.98558169934641,2.28094476190476,55.2112857142857,0.772019397993311,9.04727559055118,2.10623443223443,31.9264838709677,1.5454641407307201,13.3996086956522,47.5232631578947,6.22377575757576,39.6983076923077,133.77890358284793,1013.1831606707788,43.708981986488084,39.43876686706601,72.77644008180482,451.2130515649915,143.74474994838238,265.52255731076,837.7468213438988,1284.2344585806131,81.99180010706186
868,3.0771,32.2435454545454,6.74483870967742,9.321392,3.80631636363636,49.75291666666659,2.34441684210526,20.0422,4.15677777777778,31.406959999999998,2.276382,14.5458,54.01518,8.27302142857142,44.335359999999994,325.79086887611027,98.04454672756161,38.671318418301134,30.41153275771422,94.87910491634213,499.60709642618895,130.03840576857328,232.94960148632526,595.4573024064302,1153.1849158927798,125.45395642518997
869,1.5825618131868149,31.29102631578945,6.41104166666665,9.482435185185201,3.067637142857145,43.20075,2.493517316017315,25.084142857142847,2.328895582329315,21.10366,2.035897009966775,14.83432857142855,44.87375,5.10975,27.342261904761898,90.72528817400344,52.030736583864844,49.23675711883893,31.405435593017707,63.26557019296904,426.91006092354655,115.86304754018784,174.15776383131742,523.9320686087012,1189.4412338733673,99.42649630829692
870,3.1399863760218,42.76068,7.0464013157894705,10.942917431192699,2.1814038054968297,35.1306666666667,1.3722503192848001,16.0048,3.97849825783972,38.6370384615385,3.21152976190476,25.198,50.479652173913,6.335845744680849,46.63265,191.858979523324,85.66802159359654,31.65995244046941,35.465500519354855,127.51758869776951,718.927732668817,165.8533001318574,392.98939518630505,1083.7272042408586,1093.3828307315707,76.62440184503794
871,0.13827263267429798,11.51565625,6.71030128205128,9.64185849056604,1.4071914062500002,18.711105263157897,0.253394556267155,2.09298207171315,1.5450631720430101,16.4440727272727,0.22425794514584202,2.1412843866171,17.613435483870997,3.20529142857143,18.801109090909097,48.01866105386078,46.23760736762975,20.786646800223693,4.319897814467095,43.813263495292624,443.8057541847229,106.29941243678331,233.25623478740454,560.9456915408373,1132.1311816573143,33.81820861250162
872,0.20109757002411432,19.18877192982457,6.883457516339866,10.1475350877193,3.263910256410257,50.51173333333333,1.2317475409836065,14.152347222222234,3.2726265432098764,40.4829,1.7315678391959801,10.817620370370365,36.44703333333333,6.444691823899366,48.40925000000001,394.41278821051384,376.90646891780716,28.89196748624012,26.096280745364492,315.11792239537823,747.9756837710738,113.97469012687604,368.7934794773658,930.5171901360154,1404.867918851475,70.74656896293163
873,2.0280314814814804,26.842619047619035,6.861258503401367,10.614343137254899,2.1645870020964364,26.614527777777766,0.73508076923077,5.0624761904762,2.4061280487804866,23.66929166666667,1.26916725146199,6.785166666666666,31.75880555555557,4.431182926829266,27.820472222222232,92.8575442449897,50.14245509054225,20.663419108134935,16.278686894451692,246.7341726030911,633.942064208289,119.75059751421213,272.9181821147601,787.2847917800149,1391.6752378766735,45.86796276271343
874,4.080660714285713,41.8850454545455,7.141546875,11.532113636363638,7.389973684210525,55.8699375,5.42694,35.61221875,7.218048611111112,30.709284090909122,5.007798913043475,16.364909090909123,44.3053875,10.0899625,41.5296875,110.56875069356057,199.18275429501003,35.945415746140135,40.09263889615023,112.6925975179738,561.5974921965972,144.74945201072842,247.62672546785325,792.1840471681207,1212.6141256885603,100.41956265922636
875,3.883655303030305,42.2863846153846,8.03146875,11.53436363636365,2.64261111111111,26.568894736842097,2.6824319371727747,26.582749999999997,2.554650423728815,15.4749411764706,2.534234375,15.5909054054054,47.396,5.097141592920351,20.512071428571453,91.51489578433758,33.38108066097256,44.527655810636475,33.37423219545155,97.20147740252456,423.61189844086766,136.6968033835292,148.7576635554433,442.02705612406135,1597.2630819305778,111.14345397800207
876,4.182629032258065,39.76123333333335,8.8268448275862,12.0281111111111,3.0370209424083754,32.05564705882355,2.303618834080715,22.4048653846154,2.90988888888889,21.58114814814815,2.73543718592965,17.215125,27.291473684210548,5.185663366336651,26.3642894736842,66.62525352174534,60.44090741236808,30.04140270636523,39.339302792635756,90.58366986005308,492.06702969968313,165.6090607866645,254.2461850680411,623.2993095181882,944.1194939427078,97.16360364109278
877,0.3418318865740733,16.15266666666667,7.457401360544233,10.649875,2.03342603550296,27.3001388888889,0.6267177814029367,4.5002829457364335,2.5788484848484834,27.307641025641033,1.2425692640692634,7.320444444444433,26.374,4.721120370370366,30.87344444444443,,,,18.742946635303444,,516.6058118144671,123.41926340013742,347.2225973382592,883.3323062087098,1399.9068178236485,51.44070213039716
878,0.2478875,15.136535211267601,7.8021582733812895,11.1552268041237,3.54347416413374,54.180619047619,1.16121787148594,12.0235157894737,3.23083699059561,32.6677777777778,1.76520852359209,9.07625581395349,28.1412195121951,5.45347448979592,39.0402413793103,119.0770286424494,51.17079418258052,28.676607153139624,25.57189160968395,606.8669375693263,665.0784285739064,154.64904718101025,499.3580747395754,945.2278492972255,2541.9780053198338,56.469300761818886
879,0.7590558922558919,12.001946969697,6.2238741258741275,7.608175324675327,6.393878787878791,38.023878787878814,3.629430069930073,24.44521818181818,6.054767045454545,21.93014049586773,2.432621564482027,9.158151515151546,21.302500000000002,6.955116883116881,25.378537878787913,281.1323973128773,82.15288107978965,11.275158323044003,20.869131664365128,137.16632648443053,608.5341817445376,117.43981475857171,247.88414805450222,578.7060024555434,1211.8691366843202,72.19768171621995
880,1.350916223404255,52.52336363636375,7.146237804878051,8.604771428571425,4.464013157894725,97.67447916666676,2.823017326732675,55.86704166666675,6.3246611111111,61.875840909091,3.8794295774647996,37.56485,83.57987499999999,13.867312499999999,83.426,880.9906187500002,301.9832521010594,53.569040432718545,84.36782570541723,778.2549769517722,719.560420839116,187.52500764094293,299.95126533322036,984.6441913396119,1866.2687914911658,191.71509775333107
881,4.85291561181435,38.6408214285714,6.71833974358974,9.51478991596639,3.88504942965779,46.4063636363636,3.82019601328904,45.5055217391304,2.92840458015267,17.69025,2.9401698113207497,17.706918032786902,36.2932258064516,6.16368421052632,24.25348,94.23687318249844,39.65068861363959,20.135900432786958,40.491252113666356,71.19462115154326,364.3456380814314,148.88071455061436,153.32212205976248,444.0270597115159,901.1253248900175,149.78100080043077
882,2.32455479452055,43.5554,7.40285,9.711145454545449,2.6664389534883703,33.75721875,0.944837187789084,7.783516778523491,3.32944476744186,28.5468055555556,1.7563853046595,7.82394927536232,42.0404074074074,5.366216589861749,35.634727272727304,84.14715307753832,592.8738975377876,22.76064138069228,16.797527711461733,77.23819154501348,734.5060119405389,124.10765048116447,324.24989622086287,836.4376146346331,1787.9937076941133,52.42179613560438
883,1.8023322368421,29.995124999999998,7.660558823529412,10.296659090909086,5.503105000000001,43.8952875,3.5352202380952376,21.692215909090873,7.559397058823525,32.811562499999994,4.555758928571425,12.70452272727275,44.61322727272725,10.495864583333338,39.62633333333338,133.82155411317487,68.76931858381377,33.61058524651217,30.526508025196954,178.85710376773818,646.8606763519347,138.1811947794631,277.33038004953414,877.2640023380518,1367.0926709892228,103.37882558815181
884,2.2907876984127,37.2159310344828,6.84364084507042,10.7541037735849,2.53216176470588,43.24288,1.5989031770045399,18.4458888888889,3.7291737704918,41.625965517241404,2.54342493638677,14.1873896103896,25.6095476190476,6.2775,47.917500000000004,104.7019172060884,80.11003923945526,14.252633171427856,28.76451499491694,104.85797585905138,875.0640088692307,180.12330401688814,374.91561379283667,903.4052025526762,953.513802960515,72.15279620140791
885,1.691678674351585,23.528173913043503,7.743328571428551,11.0935480769231,2.351282110091745,14.5852435897436,2.344581967213115,14.5486282051282,1.89521760797342,10.3328245614035,1.915754180602005,10.341812500000001,23.91458333333335,3.6390205479452047,13.35079268292685,52.19404505975518,24.767542714805714,18.862154210459085,24.802976060088586,40.40278135961438,337.10659481585026,155.3498557768762,162.3233431018889,384.3742422759533,680.4807926528156,92.09649870172143
886,0.9935000000000002,22.252955555555555,6.848716049382712,8.774365079365076,3.6818825396825443,34.69314444444444,1.774728026534,17.20181111111111,6.081094444444444,26.20348484848489,4.310218253968255,13.571555555555555,32.99336111111111,8.310396825396822,32.29451111111111,185.6359217958281,236.38314558325024,24.698936799232847,30.498730083876424,131.69570698868986,636.9442135716478,161.40628399120436,315.6606832312213,779.8085170280602,1483.4120300494963,81.38192093206777
887,0.148085853131749,12.7174736842105,6.6093949044586,9.35341463414634,1.8974134275618402,28.716124999999998,0.521596188747731,4.89252966101695,1.7674162601626,16.723637681159403,1.16952386363636,7.16106832298137,23.17716,3.7263333333333297,20.78072,58.47583627544108,41.210570360624956,12.678947940350897,14.647258037389223,39.366017604541355,447.1930908039212,110.84345169365406,233.7997080758214,623.46828635782,1222.3203666508198,40.05779046565294
888,2.58586,44.31185,7.933286764705875,9.23634,4.430409482758625,61.212500000000006,3.0354226190476252,32.202075,5.7201902173913,39.70293181818175,3.52652364864865,15.529565789473676,58.966681818181755,9.67632,49.431999999999995,161.27116058195213,146.31174422768572,36.777094729964084,40.87127665214767,634.6170679224304,559.6096802037209,125.43475022539496,244.101881980896,636.880868114531,1772.7955128066242,121.28764647059143
889,0.253708186619718,18.0704626865672,6.2978024691358,12.009938144329901,3.7896233766233802,39.4346333333333,3.7494652014652,38.4558888888889,2.6211354838709697,16.8102153846154,2.60080405405405,16.3997096774194,38.3585,5.115330357142859,21.132833333333302,58.843075318129976,35.538044164996705,35.09407368463771,35.47926097706844,42.795540721666974,446.4502912014723,194.54676657915115,201.7471008002758,465.8277379348874,1188.0257166922092,102.84529998898506
890,2.0122977624784855,24.599948051947997,7.269671428571428,9.094473214285713,6.749633540372671,32.09880952380957,4.101021428571428,22.433238095238146,5.849928571428571,21.18207792207786,3.2806925465838574,11.746326530612242,33.10225974025971,7.197344155844157,26.82459523809528,126.46516752399131,98.43917004418707,17.159428191810655,24.536836000460543,214.83402511134636,500.46818796545267,122.52074998936483,240.91164648000682,631.5677992201278,1221.902292620923,79.08760037805352
891,2.20114423076923,73.71365,6.909222972972975,9.869198275862075,8.737808333333325,117.72760416666675,5.846914772727275,71.7102045454545,8.373225,65.70561363636375,5.27555555555555,30.59047916666675,91.48413636363625,17.256216666666678,82.59116666666675,180.07672645239663,422.4993886711805,91.31847523177876,65.07298632800968,197.48029287616467,596.3839590549469,164.60752813145518,304.4525976292789,986.6103180684149,1862.1556635480374,226.92052880302072
892,2.24586213592234,52.5341636363636,6.98361764705882,9.30864545454546,5.56097073170732,61.0779818181818,4.001615686274521,39.800766666666604,6.822412121212119,42.2442181818182,4.66335454545454,24.7676,77.7746181818182,14.61155714285714,59.75508,595.8591848778904,522.8569066406207,63.495049601706,56.08900429815562,259.55123029925795,531.1977164819837,133.96806083619595,234.3412023037672,722.695323638618,1072.3782004788518,162.90186438709497
893,0.228924423758865,19.4257540983607,6.585588957055211,10.7040092592593,2.06114371257485,28.438324324324302,0.6072974330357139,5.73357142857143,2.24999013806706,28.3958780487805,1.1939741035856601,8.728094017094019,25.768511111111103,4.72876131687243,32.5812162162162,71.67256111119924,63.43712693265732,18.81868702252317,18.06875200014136,59.912295398915724,648.7626815214753,108.12808759510517,293.9546713605523,728.0147401615977,1884.150761179626,54.48369774967432
894,3.0685641025641,46.7743076923077,10.1322666666667,10.1668125,4.22846694214876,43.090888888888905,4.22869741697417,42.1406296296296,2.45194272076372,11.8946413043478,2.49447186147186,11.8810459770115,23.8193255813954,4.78287654320988,15.5642459016393,32.87253852607995,31.710002155348047,32.07740077446034,31.65793255579139,38.43180160955261,413.7141164392233,157.25914854556322,165.8252440392971,356.41989670693874,534.7351310774684,91.4200209081173
895,0.9632899563318781,19.04725,6.71812738853503,9.77646153846154,2.6166542923433904,37.5964193548387,0.598869742990654,4.81322641509434,2.65159487179487,27.750846153846197,1.41748060941828,7.64022,28.232400000000002,4.62989024390244,31.881600000000002,70.21732798045147,68.25714782307097,15.260410761237505,14.673158001143054,487.48675290182985,564.2951233312488,103.53401303291321,314.4974121823907,691.8495055288076,1249.9828590080142,39.95569422841072
896,0.238378668418747,70.2795333333333,7.49950326797386,9.28254032258064,2.9493908045977,141.92440000000002,0.5468788167938929,12.1653095238095,5.97210416666667,145.9947,0.5343031941031939,12.0744,128.2517,18.196640625,219.879916666667,503.84751802693944,302.71342727724937,108.12173000110343,25.6038878309184,495.8877890885239,827.0243881270289,119.80219278484583,429.4858779758215,1099.0541893988848,2334.7588256001472,212.33148872852325
897,2.4120204081632717,30.594636363636425,6.023984126984128,8.257278195488729,3.225571428571428,29.76830952380957,2.1619466666666716,22.3918,5.005847926267286,16.63741558441557,2.796827493261457,9.888057142857141,28.03644155844157,6.3381369047619005,20.278987012987,153.0658945227179,127.88980858355669,14.015537244509266,22.27272232569462,63.71080620094716,546.7275689755168,110.6770576110908,220.2784443008048,578.7336699930685,1323.406637779304,63.54952763233866
898,3.42017610062893,25.622666666666703,6.3555625,11.224358695652201,2.9137645631068003,39.616653846153895,0.931858299595142,8.94157024793388,2.70143333333333,30.4821666666667,1.57280147058824,9.27621818181818,51.0854736842105,5.69123039215686,40.0096896551724,93.64462427999452,126.33716946524487,35.29415269977502,19.58532456242429,98.44739192213979,616.4682330563664,138.5233597829938,326.4743136242032,745.9723157808185,1012.0781138539315,60.46248599886894
899,1.00548956356736,26.354522727272702,7.14526388888889,9.43665811965812,1.14924479682854,21.530961538461497,0.33112308694236403,3.07404229607251,1.7709755725190799,30.4581842105263,0.316187867533271,3.04728534031414,48.3904090909091,4.60107630522088,39.9833846153846,144.85942463313455,77.31324434929293,14.01333486702467,6.64331316503729,662.9140588646245,584.3708990141749,98.73551316559315,366.9885452836752,1062.5847149640322,1503.2547060400248,77.63190660625696
900,0.3170639710319855,15.75998529411765,7.126054878048801,10.789,1.8141084905660398,23.49158,0.6693064102564099,5.32876842105265,1.8203875,16.1191142857143,0.95461190053286,4.444747826086955,20.5768846153846,3.37661217948718,19.790517241379302,59.4921587659636,284.781737065931,20.19928812714702,11.833335665611393,467.11323297860895,404.06864136457443,99.86079530790448,229.21222262084484,606.367108412087,1351.0382384993136,36.517099943012
901,1.9949738219895299,34.2091470588235,6.42443258426966,9.30036363636364,3.0013649425287396,46.217800000000004,0.7582673913043481,8.94182,2.57791873589165,27.2944047619048,1.55568174962293,9.20409565217391,28.283743589743597,5.17937777777778,35.552,93.60041080737868,719.3863701067678,20.78383065848686,19.338936591854278,116.28164866966509,789.0288718044758,112.021598033607,321.09199091792107,765.1271531358361,1200.757548213005,53.30890417098999
902,0.887038191738114,36.8315862068966,6.530578651685389,7.765220588235289,3.57126153846154,33.987593749999995,3.30409935897436,34.4852647058824,2.7903237410071897,16.9281911764706,2.8001524064171104,17.6596935483871,40.917159999999996,6.000242937853111,23.0891363636364,48.42616174630535,37.142492378999904,32.2924146795716,37.29067419658375,47.008172170579904,365.7439025118947,162.5305972993374,169.9844840914011,467.0682130381465,571.6150859370828,129.80219908058643
903,1.08789144736842,20.75726785714285,7.868114864864849,9.080620689655149,2.2087145748987846,25.877326086956497,2.22199067164179,25.340775,2.159341666666665,16.704984848484848,2.152208015267175,16.557000000000002,20.94870588235295,4.048782142857145,20.978199999999998,82.58610026542108,33.69635910694278,14.95310853384612,33.63995489117463,89.41150152380592,449.28306015208364,162.17423835769296,182.70612927153707,512.7998534590006,874.6122941374779,100.61104549095035
904,0.275802631578947,15.731103896103901,7.9280352112676,9.25104,1.9990233463035,26.723153846153803,0.893420852359208,6.01667724867725,2.33408803611738,20.7773269230769,1.56212567567568,8.80012931034483,24.5955365853659,4.65807228915663,26.1857608695652,72.86682732400072,44.93234027276334,21.948507424829696,25.44227078808728,598.819834350044,354.92023453116417,157.68571756780148,252.70674377679825,568.4223724529147,1477.4378156289458,43.704709969460964
905,1.2941491442542798,24.9211304347826,7.3457536231884,9.2237543859649,3.2549720670391054,43.55716666666665,3.3824512987013002,44.63945454545455,2.279922916666665,14.492987179487201,2.388357142857145,13.8741395348837,34.691656249999994,4.5190238095238096,18.009062500000002,58.15641920505684,34.090857941111494,31.69240585969267,34.173322262293915,40.43765063955449,383.97362222895026,177.34311986714602,188.42186545953155,432.72319016978145,1173.946214839816,103.94540149718523
906,0.795489243580847,25.408333333333303,7.43374829931973,9.67563302752294,2.0561599229287104,34.4226666666667,0.343307209093628,2.6026842105263204,2.2488666666666703,26.4969302325581,0.313759524452851,2.59996683673469,33.1130294117647,4.65462100456621,30.171184210526302,82.78287300100693,552.335650453224,13.187753321857738,4.9683620078228765,80.68697571382704,749.8500403016806,150.35371761769056,380.2580991759896,820.324057713151,1446.1502898484468,48.53790160268545
907,3.21543396226415,33.56081818181816,7.2045416666666675,9.1584298245614,4.880162162162167,49.446566666666676,2.2304032921810664,23.007625,4.5831865079365,33.251097222222164,2.1442344961240334,13.348226190476183,38.72866666666667,7.606215277777783,41.672900000000006,273.3288020278724,227.1484932720218,35.75691226802626,31.07228492552905,265.4288889787188,566.4938827976584,118.07327391579747,284.0664819814265,863.5122678242624,1310.5286712137363,91.02294764791925
908,2.045856890459365,51.7559545454545,6.67485802469135,7.7201641791045,2.495887445887445,42.0870357142857,1.28469179600887,15.9335238095238,4.866623931623931,28.90453333333335,1.864360128617365,10.27728846153845,53.478875,5.47027884615385,35.87528125,95.22984629305434,119.79167788407872,20.387833406725765,25.521832346456424,291.9268441996857,577.2089934907854,108.22713375091553,254.87819220870733,814.5763189531863,1190.3401231393218,63.950056210160255
909,3.39084164222874,65.1785625,6.56613636363636,8.703145299145302,2.83970743405276,62.380312499999995,1.42647080745342,26.977149999999998,2.9511147540983598,48.125041666666704,1.3999603960395999,13.6507875,36.6952258064516,6.71967088607595,57.1344736842105,93.43491374309598,131.7624276201724,20.343979386232977,28.77926108708968,143.00782717478907,579.939829185605,129.7032693400979,280.12541588395834,923.0966214090586,1204.64360807091,85.33881045877934
910,0.5164577572964667,22.86392156862747,7.2776282051282,10.1731623931624,3.7421326860841333,56.75833333333333,1.8301117021276598,20.925456140350867,4.2647041198502,38.865939393939335,2.625837209302327,15.676893333333334,39.746527777777665,7.971075757575767,44.12372222222234,338.86641785768614,280.12371794168763,30.801214547124033,35.64604922972535,385.3343104100624,732.0051702360312,152.43402061363062,343.59286073595285,834.060755247871,1262.8559333582718,67.0345655332009
911,0.2571496152105025,40.40385714285715,6.4343734177215,8.64141791044775,5.0303361344538,113.864375,2.3231995884773653,30.4389375,8.976666666666649,105.56315000000001,3.64834265734266,27.4759761904762,72.943409090909,15.71822727272725,121.5122272727275,334.58765672442655,781.4590008556885,57.40234298392136,64.33244472893827,296.6636234569181,994.8401479050518,155.59952007606626,494.89648081362253,1519.0225560218096,1987.0347576215866,168.20085002109408
912,3.5478286604361333,45.46529999999999,6.9103469387755005,10.342081081081067,2.8455298507462703,49.969090909090994,1.3753746556473834,19.26993333333333,2.90286616161616,36.697090909091,1.8752936096718467,15.719115942029,36.87775757575766,5.820306010928967,44.819545454545334,182.92172409184323,393.45109867914516,45.41557724891823,36.09211206289397,349.0494931569835,616.2212618316213,144.64312698692083,281.02146461606026,964.2287933578094,1502.4971061696608,71.25943278272946
913,3.75517218543046,50.3036086956522,6.44811666666667,7.67607518796993,2.92191142857143,67.20406666666669,2.3983190578158498,54.429285714285705,3.94371280276817,48.657227272727305,3.62052364864865,35.7722413793103,37.02992,7.51524358974359,62.21094444444441,208.99547617218963,112.2145135378596,20.133730806428446,70.8667273828479,943.6046328097033,823.2085965573788,298.2809906825423,366.293522529304,1132.8779393807054,1074.5350737124681,118.89641173183918
914,1.0030668016194348,36.25578125,6.65403246753245,8.39036029411765,2.556694029850745,54.6350454545455,0.555397674418605,4.063244094488191,3.1142635869565196,45.29565384615385,0.6017001039501051,4.1404384057971,57.85875,6.057321428571449,57.30215,131.1946208597883,514.5873772508006,39.33764192700375,8.842098616820001,539.0792344274449,682.4424606747925,59.406517539173365,325.9978606365621,1038.9030911028385,1631.5299086272717,73.89355450868607
915,1.4458444444444438,17.63152272727275,6.258880681818187,8.70171875,4.041125,25.03890625,2.5909447115384623,13.94020625,5.465125,20.183937500000003,3.274190476190475,8.9060875,23.214666666666687,7.309958333333312,22.958954545454564,195.97214451923074,74.49351536108114,15.975817097165049,18.20928403409719,86.49888911701497,515.9608830581419,158.10162294656038,229.08155515324324,549.6795667568222,985.0718255620451,62.26431287359446
916,1.76299826989619,28.3102972972973,6.38653846153846,6.9651148648648595,2.47415151515152,53.568,0.77422949586155,9.811940677966101,3.79783011583012,64.01794444444451,1.63235595776772,15.062199999999999,67.31660000000001,8.10960992907801,79.80546666666669,205.66145136167904,145.04573840419312,72.17593792106582,44.525356976048535,114.91351249041641,889.9875218048692,151.18801966309547,441.75584334880114,1265.8764841035008,1291.3417536765337,103.05361356586218
917,0.52552758318739,30.488925000000002,6.7556011904762,8.678796875,3.4663079268292747,81.19918750000001,1.2357288732394376,10.553163461538475,5.45557653061225,54.043124999999996,2.1369436090225578,16.169541666666674,55.821090909091,10.837452380952374,68.2444545454545,176.95664738928053,336.1596109680062,40.91152898544924,36.24516741861441,1029.5788384999998,617.9363874252886,98.16552046686411,318.8349481206387,962.0407305192202,1416.7412067763507,93.95742090418935
918,3.39776507936508,37.7429655172414,7.25271951219512,9.46969047619048,2.11167706422018,39.4880769230769,0.894570318570319,8.771931297709921,2.7501061007957603,39.5455517241379,1.7894822804314299,13.2649113924051,57.1834736842105,6.293519553072629,50.27635,133.1608101846494,79.45595271159618,29.426402870818574,27.97007482633793,938.546454356492,663.246470503509,131.61178212612867,320.85429411381483,634.257891215384,1061.6993298754096,81.37000259011984
919,1.73523019431988,26.703785714285733,6.923773333333333,9.532325,3.236612068965517,41.79606666666667,2.175249544626593,22.221647058823535,3.158585585585586,28.555619047619032,2.03285465116279,10.019516666666666,44.30563636363633,6.3857672955975,34.283194444444334,77.63914685262091,89.26415839371798,20.32064534762637,26.745198818676414,85.64053194123323,648.7109931185842,151.70855913311243,269.1454409311215,793.305776702861,948.6094970876972,74.20446878919999
920,1.9445652985074626,35.9564375,7.09080625,9.070442307692312,6.47305263157895,50.1413625,3.490828125,24.153541666666626,8.366703125,32.2633375,5.0279375,13.4772954545455,41.39265625,9.038026785714287,41.26359375,229.71504685276432,245.2498457905648,28.66087040729956,34.42590082998593,261.89324523074515,661.9193620281294,124.86589548643678,276.56848542392254,804.4399583013728,1452.9815613059327,78.07410147506744
921,0.5389557142857133,23.181583333333332,7.3822638888889,10.079705882352933,3.06838348082596,46.478194444444334,1.2611241379310334,12.710555555555567,3.7188028673835003,33.932545454545334,2.1455393258426967,11.912753086419768,41.48342424242433,7.336122448979601,39.862222222222336,126.17978531650455,311.3789167746921,29.683270057878882,27.65790827511434,416.20432752860785,679.1901386653384,122.0338512212038,302.2625654314955,817.1124150976539,1156.5290081004302,61.35923322290182
922,4.02891039426523,38.7147333333333,9.989452991452989,13.7796235294118,3.844375,44.3283181818182,3.91639739413681,44.4721304347826,2.7966503667481697,15.132434210526299,2.67422380952381,15.495954545454499,28.990435897435898,4.90645495495496,18.941603174603202,644.9441302029667,38.32062959424467,15.972429220019178,38.437935268990884,51.384818048751114,511.67525816708803,192.32349004596472,200.31186286360025,450.2973984926939,633.4293633699417,100.44320952147245
923,0.375483850335785,23.619782608695697,7.115862745098039,11.3304725274725,3.11375161290323,49.13112,0.7734459190444589,9.029828125,2.91970430107527,34.2722941176471,1.7390577249575598,11.4447211538462,27.8801034482759,5.45214136125654,42.6758888888889,112.55064831316618,83.66440429801888,25.069429561624133,25.424261368674657,83.30913796894217,725.1912727952003,150.7312525063753,362.48720716685057,950.14872495085,2388.7434974312782,57.13519640266895
924,2.2270715789473603,51.600049999999996,7.07737575757576,9.46182727272728,5.372823255813961,94.8219636363636,2.03280701754386,31.5117,12.533862500000001,80.6801166666666,5.8979282051282,24.6200833333334,69.1832181818182,17.403327272727278,100.79322,319.07659348266395,721.2803536666665,63.43556744927523,63.71346808206247,906.9845275555554,947.0473462715745,142.533746547997,413.3380902931094,1255.2638724446297,1835.8843680471182,130.32985851168633
925,2.5953468468468452,51.758,6.27111585365855,9.00129824561405,3.518755033557045,66.2228636363635,2.6015315533980603,46.006954545454555,4.260166666666665,56.3507916666665,3.034799492385785,36.8005,86.73558333333351,10.8254255319149,73.5032,138.98531176886027,189.54450792018827,78.91687291756142,95.34446345725017,417.4944445873208,685.2647056803107,178.26902912929654,290.4559834860265,1045.2955844812095,1338.6832317337394,248.87725012376904
926,2.9263152173913,37.903749999999995,7.469298611111113,11.29570454545455,7.7361111111111125,70.01116666666663,4.5057734375,41.991875,10.718895833333338,42.5664,7.7740267857142875,23.487102272727252,46.270988636363626,14.243475,58.291488636363624,169.6329380387215,144.6145086396964,47.336524710153206,54.34754683079596,412.7753982692308,677.6295369490981,195.80063526518643,329.9448930192739,861.4314894657582,1447.3699149675667,148.22192315477878
927,0.464040522875817,12.4185681818182,6.56101948051948,9.20972950819672,2.68931172069825,17.373237288135602,2.72598591549296,17.379867647058802,2.17313114754098,9.61733050847458,2.10652409638554,9.56884112149533,22.294444444444398,4.00170250896057,12.638543209876499,53.20380616811797,26.108952181575884,26.131283929083516,26.25295711080544,41.63452485384458,347.04538993537426,126.07050593942402,131.46786950528622,341.62241499871016,597.9388952255249,89.04580026865005
928,0.19666688940861998,26.6050681818182,6.35178443113772,9.076133858267719,1.8115140625000001,40.7483571428571,0.766063096111519,5.177514423076921,1.8259075235109699,37.7359,0.8267695035460989,5.21104081632653,45.5628695652174,5.77662886597938,42.67496,113.31764297390403,86.66889929471154,46.848351873383585,10.027504974197317,1000.4202311677673,533.9900031685829,94.32085789740086,247.00032081454992,803.7233026698232,2154.188184067607,82.76570588350296
929,2.6115723684210503,49.891533333333335,7.673572463768117,9.24205,8.4949126984127,82.6296515151515,5.350538095238099,53.73743939393933,8.920754385964917,35.107416666666666,7.018940476190483,20.251939393939335,46.80958333333333,13.363305555555549,48.12604166666667,143.67581692286564,210.68265903808114,49.14768218074,48.364023819708216,263.8299939516827,654.6240377550324,132.48461376254758,264.7100171695153,751.0015779795746,1470.9580650863547,131.35516783222556
930,0.451768892794376,12.3594069767442,6.3895932203389805,9.87189090909091,2.03654166666667,27.1091904761905,0.710127785058978,5.0043060344827595,3.22246808510638,34.5526774193548,1.22454276663147,7.51371523178808,22.1422653061224,5.30007,39.8355862068965,69.73103693174365,84.58639207070894,12.585434144027916,20.993350312814545,490.9560448750854,887.187710031867,205.5800287052989,405.68599943071604,1206.402387470007,1617.7362063899636,53.934287279844284
931,2.04748971962616,41.7966545454546,7.109624999999999,9.82033333333334,5.14421777777778,69.30321818181821,1.981808620689656,21.79405,7.65502,40.81493999999999,3.22123174603174,14.105039999999999,66.0271,11.39992,53.946290909091,301.789322428834,110.8949151898596,48.3713291854382,30.79461608602987,623.1167821290859,617.5097776576877,123.12975712120533,255.92714082449675,844.0576167777181,1371.4870670810342,98.739517852664
932,1.7734494195688222,21.771194444444447,7.507837606837612,9.766175925925921,2.6643901808785557,33.03152525252522,0.9737422586520944,8.179905982905977,4.275172839506178,26.49557575757578,2.255092063492066,14.331676767676775,29.591333333333335,6.358159722222222,33.65774747474744,177.49008690165863,234.60745535581387,20.3553151604264,17.9579734375821,270.2949120663399,753.0575799238351,127.5936762491862,354.86931446939707,1026.1180060398246,1646.4413247174687,52.01476677838299
933,1.81318604651163,23.6596222222222,7.22394968553459,12.0776451612903,2.6810305164319197,39.8576785714286,0.779300380228137,5.79242372881356,3.10375075987842,25.897325,1.57285245901639,8.556743801652889,44.7760526315789,5.097325892857141,32.7564594594595,111.89274610520212,662.4538451465241,32.15451542080273,17.357850685739297,81.0412830879704,765.8574264496565,119.16907969862223,328.3201018348336,779.1521027684212,1122.1813037991524,52.43539344519377
934,0.133423358618886,23.2331960784314,5.82209137055838,8.861922413793101,2.2454427480916,48.7382083333333,0.44698333994446604,4.09796819787986,1.84458676207513,25.1093902439024,0.445376642883965,4.0248023715415,31.988972972973002,5.38275238095238,32.397064516129,145.89262232371976,74.67430513329263,41.57436462865759,8.627048265166597,860.7749636005418,431.694183498621,79.12381552159786,307.4662061408162,942.7817538380623,1984.596671536565,59.47330500930548
935,1.74170085470085,37.845392857142905,6.5174394904458595,7.07571830985915,2.41964888888889,51.4976,0.781584245076586,9.25186486486486,2.8639900990099,40.6636,1.82761217391304,13.499833333333301,62.383250000000004,7.1345652173913106,52.15215,200.2756336901872,102.21669019970791,87.12821535951643,28.350786081070115,112.28213354276487,707.7622460201383,95.0561836361885,302.9238898307085,1047.1802903339267,1162.79071662575,79.41930089145899
936,1.9709018181818199,30.5905,6.482456249999999,8.39396153846155,2.660829268292685,55.772318181818,0.97547966101695,13.83116666666665,3.41442156862745,39.339607142857155,1.50076227390181,9.128898148148151,51.366909090909,6.4374823529412,49.6407272727273,136.34153782050697,563.7288441820709,30.280852762309816,24.975355663584374,489.89603519917273,691.1669275723398,79.93505569174886,295.5096075311303,968.1666968390346,1204.9682554788888,80.0315523520112
937,2.4979353448275874,52.645125,6.895482558139525,8.7244090909091,3.36875595238095,71.91554166666675,2.077617753623188,34.617227272727256,5.321823529411775,47.885062500000004,2.1803042635658927,15.511833333333326,81.05110416666676,11.2034375,64.82525,,,,48.811017533432356,,508.23939964175224,134.47472010739148,281.4473118633032,747.5505990441889,1401.7851615790278,120.04422605969012
938,1.47469781021898,23.805431818181802,6.5189,8.35781300813008,3.2993376205787803,42.122321428571404,3.34124675324675,42.16076,2.90489054726368,20.709,2.92387784090909,21.849431372549,36.785814814814806,5.23921296296296,25.9891951219512,106.51112685219904,39.21106514662601,22.152279921688002,39.13903659722384,97.78250776173711,503.8483999669552,264.49167635291815,271.0596192628145,680.3776836022735,1287.4983716756105,116.00030120462179
939,1.2744,30.36576,6.8954,9.668323809523802,2.38772291666666,42.3239333333334,0.8248556862745101,7.72272,2.9132028571428603,35.3265833333334,1.236602272727272,8.84374782608696,45.66662,6.36895882352942,42.612727272727206,122.71047377839201,257.57634995488763,39.80838778890747,23.08842898579659,183.48253476966735,607.2131264954805,98.3403529971838,284.1303078457713,942.6983399316669,1399.1767168045044,63.973115757107735
940,1.59380484330484,101.487416666667,6.5421974522293,8.48909917355372,6.452825000000001,151.764,5.4105101010101,91.77674999999999,6.81383333333333,120.7454,5.64103125,70.7900714285714,140.286833333333,13.969108108108099,144.094727272727,1461.5690460673607,362.03592363034346,119.10529717776161,176.9162830770408,352.901441560089,905.3302695974708,268.81792582571507,407.59046096354723,1209.493726491928,2286.9171109050512,265.86931198835373
941,2.90693076923077,35.36466666666667,6.918222222222234,9.566183333333333,3.812343333333333,63.043181818181665,2.2743176470588233,27.7848611111111,4.267901515151499,40.363696969697,2.6871273148148167,16.935363636363633,46.473090909091006,8.5976923076923,49.74296666666667,153.06966683775434,405.46050072407246,36.47008551842498,39.39506811390293,463.33075333985767,686.8420401588082,153.33142752448717,297.25699375073117,819.1116852685809,1599.2361431320508,79.25420068204403
942,0.48712529663028,12.6834456521739,6.65269281045752,8.79108088235294,2.88274278846154,36.1773125,0.895713400464756,7.30339583333333,2.4684313253012,21.5406851851852,1.28345390070922,7.23894375,25.655902439024402,4.61648387096774,26.8172368421053,117.40485785373438,533.8086292702297,28.832272929973968,14.343539206319193,68.58864883327955,582.1662722155452,103.7167152389884,272.7303886786103,964.4765872508287,1320.3734531998634,45.04281096160412
943,1.40455786350148,25.7729777777778,6.50275428571429,10.821494949495001,3.60808421052632,70.9758,0.921242614145031,12.845262499999999,2.72868062827225,30.4195882352941,1.60445015576324,9.890137614678899,40.8504444444444,5.6479211822660105,36.217178571428605,88.71797124311173,733.7632017649302,31.922989052896675,28.3600573251752,659.7375829995857,742.6290307193995,114.9945193901658,323.392148129642,854.6366589143872,1818.790496326983,55.77688571065664
944,0.277674775928297,23.856196078431402,7.39467857142857,10.146691588785,2.18623125,45.558125000000004,0.550287093495935,4.14508727272727,3.08346788990826,42.6030740740741,0.538611759216052,4.05465263157895,40.3612142857143,6.49357926829268,52.0876666666667,154.45023180138628,93.40520571131766,45.86023695331613,8.535203266479304,865.2045859786002,660.6563227251172,85.82926820963621,317.7282167598605,995.5088840797542,2148.1234580278397,68.40790156275034
945,2.80139512195122,38.85025,8.616119658119661,8.26376258992806,3.0575975975976,36.683935483871,3.20585434173669,38.5488214285714,2.46304772234273,11.545408602150498,2.38448796498906,11.5254111111111,26.302488372093,4.877936651583711,15.7079589041096,52.43857249262642,31.906582348185175,32.3118238886566,31.88803720125827,38.37590960196923,411.489512771368,150.67390631884336,159.03138555586338,363.15510515123606,459.3117395415902,87.29768451303244
946,1.5058204419889498,78.1762142857143,6.58255428571429,9.457817391304351,2.58108816120907,54.7401904761905,1.24669084423306,22.8620222222222,3.10432727272727,47.2255416666667,1.58100528401585,14.1842631578947,79.9354285714286,6.85275882352941,57.593789473684204,135.4380039325842,162.8697958969591,51.14354236219248,40.799510517880385,139.35479984345736,631.5028294920921,170.1756613329053,311.7928048595786,1054.778229445219,1658.449973911047,79.37690243124962
947,0.451090569173245,13.5870117647059,6.272892215568859,6.80425,4.12233333333333,59.8776111111111,2.0527632093933503,30.474230769230797,3.2985584045584,35.235606060606095,1.55118592297477,10.2914324324324,27.3324418604651,5.6083222748815205,42.1617777777778,282.3506484710504,599.1141440412227,11.349152763341404,29.120883315659928,153.27212038297873,957.9474339261651,136.5078380331397,387.71084509789944,1078.4642305225134,1784.1426888480783,63.33710625767708
948,3.53855081967213,30.10115,6.73059649122807,11.7008064516129,3.20948806366048,32.5925161290323,3.21379551820728,31.937055555555602,2.33814502164502,11.338362745098,2.3108612244897997,11.2316770833333,22.0490638297872,4.74645,15.855400000000001,72.45444186184284,31.81712573530191,32.299724419133454,31.799459834786745,70.70536216513993,492.0781357213855,197.34320230782032,212.9473490640521,342.9609118029475,446.2258890271187,103.16669940948486
949,0.8769295665634701,26.1625652173913,7.16298192771085,12.61204347826085,4.160244525547445,67.432125,1.9941989436619703,25.2665,4.32578244274809,42.69676923076925,2.87368449197861,18.19074193548385,43.801727272727256,8.0989926470588,50.7520454545455,141.96791320832332,476.3308917079539,36.89914995647503,39.957298678208154,519.1309261393363,756.8579050712287,151.55536821112037,335.71687527000904,818.7874569557607,1315.215858630836,83.18225154653192
950,2.4021238095238098,37.2637045454545,7.327722972972975,8.9858515625,3.59100308641975,56.44647916666675,2.6259050925925997,38.327675,3.613996527777775,28.227125,2.073603174603175,11.435125,42.8646,7.405725,34.302541666666755,139.8201749821836,59.64412431661718,32.36901927470902,23.743982924719262,250.72328507043213,583.5604155436158,127.04013497568667,257.4495621956885,740.3703697491437,1219.308708095923,88.9187736902386
951,0.670413,37.5066451612903,6.5687191011236,8.64007352941177,2.46886391752577,48.9239523809524,0.724445864156019,8.95934782608696,2.6469510309278403,39.8784137931034,1.6237433004231299,13.616044943820201,53.8100555555556,7.157281879194629,52.4132857142857,148.15902125683735,1036.9311693649424,66.33866732986759,27.95105194468021,944.5167178992798,684.0667221695185,95.70489637553692,264.4066233187914,1047.570421360433,1406.0589019209146,78.542809933424
952,0.876562698412698,39.9598181818182,7.214492857142861,9.111072,6.95106451612904,75.5758166666666,2.7428389610389603,27.7979272727272,8.58653076923076,58.1662,4.2271160000000005,17.39445454545454,57.316583333333405,12.16750588235294,71.5124333333334,183.66856262438287,704.8873803333333,49.019173980405505,39.49505682962874,496.7645447106505,691.6851503774524,126.1654868721962,321.2001733481884,1000.741058960557,1608.090098015964,119.24424208700657
953,1.902916,51.49558333333325,6.8797738095238,10.08713,4.936034482758625,61.10463636363625,2.795665,27.95547916666675,5.76689,47.962340909091004,3.6155277777777752,22.542227272727274,72.3245,10.63177884615385,59.037875,202.2766269111055,247.48923346365723,51.514755043829624,49.426342180381276,727.8418259320765,574.0900174714625,137.4544284772128,257.35643575899303,851.1330699548125,1444.140198873356,142.98990136012435
954,0.217706358849737,14.30972093023255,6.859993670886101,10.2436489361702,2.12276024590164,32.4076388888889,0.382109794628752,3.68247857142857,1.685871237458195,17.22976470588235,0.70148964677223,4.651312,29.77220588235295,3.9389493243243248,22.308500000000002,58.21567505065273,73.8935442776435,20.706748534519537,9.623802226814588,69.53943315288669,610.1290928199887,113.82160009816289,288.045359775424,713.6016502045095,1654.4999438337982,45.75930070132017
955,4.008156028368795,86.90037500000001,8.008528571428549,13.3218048780488,4.347023437500001,112.1861363636365,3.8299525547445255,96.10555,6.36305357142855,60.212458333333494,4.683240384615385,45.0374090909091,67.9487083333335,14.732999999999999,80.5704545454545,555.552852242776,132.0658446978189,53.8878530632609,106.49553875933364,120.65618391278733,644.3301914259791,150.32762894406915,296.74237594008446,872.6628846488893,1086.7434204556048,254.469842184335
956,0.7157326030927851,44.3994230769231,7.0477876712329,8.53069811320755,3.5200884353741504,87.8569,1.8818996710526301,25.20971739130435,4.7492521008403354,68.9192727272725,3.3292836257309952,26.673205882352953,68.0184,11.6409693877551,83.371625,227.61621522100828,137.57964617490683,52.84374624632485,58.75529609603578,1494.3923320007334,622.914801351726,137.2832921333611,376.38290086761117,956.2870371155441,1259.082241449505,133.9137088507414
957,0.1383629399090255,13.258625,6.5090576923077,9.3948888888889,2.022303703703705,25.7542857142857,0.553262903225805,3.60388698630137,2.37732644628099,26.6653695652174,0.89081973898858,4.6502972972973,21.789939999999998,4.264896694214875,30.71955263157895,57.95275246415548,363.97620674428924,16.72913273873337,9.346981791519244,359.828930510795,608.6594774387777,102.32110507786274,317.3731965944171,856.4450894482434,1478.4550527110696,44.18984754011035
958,3.095755555555556,21.92474074074072,6.306483333333333,8.848085858585833,6.880005050505056,24.039157407407387,6.091616161616167,19.03008888888889,5.602282407407389,12.560810185185169,4.865288888888888,9.431621212121222,18.057495370370386,7.126919191919167,16.72493888888889,48.23005810964116,72.06127694954006,15.781879389649497,20.839116895988422,64.09708541873741,433.6278122435841,127.72887324293454,172.87094896245333,472.6307376080917,998.4786441135738,65.69848370013966
959,0.870485690923957,22.978759259259302,7.25086708860759,11.1234615384615,1.42600661375661,17.1123137254902,0.5545735673722251,2.82716298342541,2.16584210526316,20.8942307692308,0.539592611862643,2.7976358381502897,39.0970740740741,4.60526293103448,25.8228095238095,,,,5.864458669873233,,343.3771198615432,107.95574635267258,159.39497388899326,571.9403736293316,749.330292455852,36.01410426199436
960,1.2337094017094024,49.749900000000004,6.6962894736842005,9.200758928571426,4.4241059322034,101.2034,2.43105909090909,41.628477272727245,8.3040955882353,63.68900000000001,5.464039215686275,30.705958333333246,75.495625,15.702750000000002,80.6680625,380.76693399764497,154.8937928149117,53.69649348133254,89.22642965927163,1244.8577299999997,657.0143799763173,193.47415072843432,342.66748116351664,918.7827177811414,1416.036143200472,190.26679801754653
961,2.3071769722814426,38.184571428571424,7.117394557823128,10.056724489795915,7.085299999999999,47.95327142857143,4.351319327731085,27.150714285714287,8.3117067669173,33.690987012987,5.911695652173914,18.34027142857143,43.49044285714285,13.427023809523815,45.64867857142857,156.92028059804974,165.45948178672302,43.86324711507477,46.168262595457506,296.95483410430694,554.9233074166945,129.39171200352055,256.50179678840294,705.663430770593,1411.2707327253052,125.4695567435452
962,2.3054518072289167,41.25396666666666,7.1903144654088,10.022473118279567,2.9151908831908835,47.01173333333333,1.3097252873563232,15.327410256410268,3.1364453551912566,36.213633333333334,1.82200350877193,12.033238095238099,53.364733333333334,6.098878306878301,45.796666666666674,123.75233329411162,313.294257507202,26.03422598218747,24.22511107459732,392.3495362476903,737.16063828518,85.10193632294735,297.0896428450942,935.5373370150725,1585.994482350846,69.63496562093496
963,1.6686855345911935,72.63222222222232,7.506725925925934,10.374990990991,4.3505134099617,96.87136666666667,2.968651282051283,50.706545454545335,4.266779069767433,66.10727777777767,2.9456521739130435,30.820361111111097,104.90039999999999,12.866244444444433,86.57519444444434,216.09414187536768,235.69321822050065,74.10083929536076,65.67277165815288,950.6463318603584,552.6408087462187,141.75343482444683,314.9190063898762,917.0813641200463,1487.8357217336695,189.22503416736922
964,1.610624233128835,39.844104166666746,6.784263157894725,9.024601562500001,3.5566609589041,48.83843181818175,2.581964285714275,30.123659090908998,4.1067076923077,39.2867045454545,2.461802966101695,21.5813125,63.364275,10.15844,49.606649999999995,148.0571752266762,100.12862683546787,39.83388979055241,51.22842048072735,242.28164121060806,587.1054658200592,150.41751903481781,240.16567040234804,762.3160199727863,1381.5886748488992,174.17375347577035
965,1.3075915813424333,26.677974358974367,7.877197278911567,8.6343106060606,3.206729166666667,36.5833,2.0416076388888897,17.520825396825398,3.250443333333333,27.085777777777768,2.45049247311828,13.175494252873564,39.679888888889,6.5840935672514656,32.500555555555565,96.36233975841361,63.22954387022856,32.0782195721196,28.362060081325865,274.6098349617893,637.2585116575161,124.99014070878427,298.5944893832008,778.3847550551096,1407.7166328206658,76.16196138163407
966,5.79984239130435,53.681650000000005,7.783159999999999,10.5153775510204,4.103975177304965,53.854909090909,3.216552795031055,35.917437500000005,2.986966480446925,22.60444,2.45303205128205,12.316,41.306857142857154,4.9367916666666645,26.380194444444452,92.60399286795327,62.17002960137651,14.254686559253953,28.854594497737097,368.0474103099678,496.047583874315,134.8507241345942,259.0364310890436,550.0544793903828,1232.31397010386,86.7204973474145
967,1.0140541259982256,34.522402597402575,6.910257142857143,9.542466666666671,3.852496598639457,78.04428571428572,1.194972888425443,14.648844155844143,7.817278571428572,67.36477142857143,3.799402930402929,23.25322619047614,63.98275,14.987012987013001,87.2177,196.62338121377113,271.14552525583423,32.34284023963884,52.49243464828493,693.3358780952382,872.8526499388473,125.04234910011292,356.0017894155213,885.5281065085104,1401.2249120111976,102.55709889211825
968,3.7390367892976615,29.49980419580423,8.009553846153846,10.837664335664307,6.275230769230769,45.38154487179485,4.865620192307693,32.77368461538462,5.9631479289940845,23.763979020978997,5.261596153846153,16.21936153846154,34.13716153846154,9.833930069930078,30.0397,97.52058161066158,48.393151261874046,27.191832315204564,35.907045082584496,95.95715729737191,471.2612654727239,162.2843985947279,225.5612393268026,553.3685710710974,880.0991022816071,90.13636109347527
969,0.212823149344656,12.0479285714286,6.93044871794872,9.61954054054054,1.83699146757679,24.8977857142857,0.7087732273838631,6.38485975609756,2.59635162094763,27.847119047619003,1.0119041745730502,6.7688705882352895,21.0348181818182,4.23838113207547,31.1408108108108,91.645489494704,185.64313268359578,18.76240087684125,18.714257231049796,452.86644915935767,1009.9838254973292,114.82576373964548,371.2418023496866,1080.4402641952038,1687.7369489520788,53.52699663490057
970,0.393709594095941,57.80905,6.9112269938650295,9.0556814159292,2.82339031339031,111.165818181818,1.0520449943757,10.6632201834862,2.3498969298245598,65.95058823529409,0.9711201680672271,10.716049504950501,103.24520000000001,11.2395319148936,78.5922666666667,,,,21.37509064538981,,303.20456717163324,94.72018573433161,333.70768651366234,872.3821258172393,1090.0269029662013,138.2289920002222
971,2.46542361111111,29.5067045454545,7.60101515151515,9.894321428571423,3.08220061728395,42.586625,1.89820032051282,22.328354166666674,3.4524375,25.794090909091,2.328149193548388,13.3738409090909,36.15652272727275,6.7104807692307755,30.687074999999997,75.83557536480782,51.77326413110219,29.186900907930283,29.99980631312811,381.0242742484536,449.1087282076478,127.42801918648185,236.89057561568916,645.594549132511,1006.5152018796653,76.09729655086994
972,0.200441143911439,23.34592,6.8628882352941,9.50593333333335,2.3792876712328748,42.842857142857156,0.8232680180180201,9.171330508474549,2.5441675,33.123125,1.477297709923665,11.49792045454545,36.463249999999995,4.9319362745098045,38.748999999999995,113.48945550763665,366.3445954389159,29.37014598464452,22.96333121146524,544.8898847536897,540.4543946497142,99.38334114849567,257.14315706864,809.4260352663696,1713.0792955867946,58.50394954904914
973,0.15777987711213498,23.406660000000002,6.73998064516129,10.3942095238095,2.22746628131021,49.6772631578947,0.39231076701476403,4.07877857142857,2.48167205542725,36.0155,0.353740763358779,4.04635314685315,40.96304,5.478,45.2765384615385,83.2686022351515,81.22559935791284,31.197897835646113,8.764468675406082,85.03624174727325,421.08746711164713,110.4413066059351,255.7179192081094,1129.29402384907,2003.6563044413926,71.25150877982378
974,0.7565736263736267,49.12923333333334,7.029596153846167,9.705591397849467,3.7820709219858,92.9815,1.4454566395663966,14.653269230769233,5.6857267759563,84.0935,2.4416687242798365,19.9819649122807,67.99436666666666,11.909799999999999,105.00503030303032,302.16201942809545,183.17906462366804,52.372163438911905,53.07348316849045,794.9685031849864,763.7019346778592,121.9935870418946,357.8324414168795,1089.9062966927886,1686.7854089165728,125.5292600641648
975,0.26872718154463404,55.801761904761904,6.59679141104294,8.0564140625,6.61603448275862,224.942272727273,2.04906786427146,60.456526315789496,4.95746551724138,120.309166666667,2.42969151138716,40.0723846153846,110.33624999999999,14.3665492957746,159.409363636364,2139.8663901968707,2286.750498624484,96.92655041380793,87.75345882900042,810.7743719628044,759.5968898385763,143.08008830994368,376.7730901017785,1403.3114770427346,2746.015298180282,202.8204035013914
976,2.9945442708333334,35.0753055555555,7.855886666666667,11.094455555555548,4.412629166666666,47.53693939393933,2.948087570621467,30.208272727272668,7.481037878787884,29.49645,6.2874777777777835,19.4009,41.28245454545449,8.680087301587301,38.037111111111166,248.4909756802239,62.325957159277756,26.2217560369526,45.30235344831772,448.74682535773974,459.8467377945781,175.1296028184394,267.08888666083413,667.1305823450288,1313.301137027641,91.71761727581422
977,3.8539356060606003,52.7216,7.62625714285715,9.258321428571426,3.4156066666666747,48.43045,2.995416666666675,39.534090909091006,2.88335542168675,25.304524999999998,2.0835543478260874,14.64585,49.889675000000004,7.501250000000001,32.74252272727275,149.25525334670044,53.56502875062721,33.53423203046928,36.51193526488459,350.11256519141864,539.2000020947307,149.47966556064785,231.39365948736668,642.5517552997917,1498.1593936681747,118.47069836221635
978,2.0169288194444452,37.671386363636245,7.466677631578951,10.482375,5.2189814814814754,53.953275000000005,4.21531153846155,48.034925,2.806723300970875,17.734533333333324,2.1389038461538474,13.828416666666675,35.984704545454505,5.874676136363625,22.084854166666677,124.41951392142104,36.22783567210045,22.857137744154485,30.928515513671385,68.06814294501348,520.967849297449,135.73559699580073,223.9735738839954,617.3645844683051,1312.0092975441366,115.67765031941235
979,1.4232985074626874,34.087225000000004,7.596309210526325,10.67234,3.4073835616438246,53.11891666666675,2.7564217171717247,37.525727272727245,3.483902027027025,24.913500000000003,2.41720283018868,14.4202794117647,32.29464583333325,6.87628658536585,29.123090909091,125.69883801413023,220.7597915846591,25.15298059836168,36.21285843810885,85.67423936944763,526.5506741125137,142.00210571289062,245.9745912346989,603.1505006831139,1127.1064053289592,92.19155181199312
980,1.0513400000000002,36.4457333333334,7.057907692307699,9.42572,4.6674727272727194,58.6017636363636,2.0184576923077,17.792436363636362,7.41488387096774,56.002545454545405,4.140216000000001,18.20067272727272,51.539254545454604,11.061209999999999,70.885690909091,161.75101548978216,589.6203301393018,54.792542826001124,44.690897041709405,661.0356784615385,606.943522579968,131.52217026799917,284.5299895852804,895.707462914288,1919.8923744261265,121.023403480649
981,0.5114310344827601,21.933277777777764,7.907959183673467,10.841814814814802,3.21604761904762,50.29676666666666,1.6284037558685434,18.4279365079365,4.157358649789033,37.729722222222335,2.49912619047619,13.183580246913566,35.44703030303033,8.228796747967467,45.29812121212134,115.29498440822614,284.9468665494023,32.079347222778004,29.80577722837611,392.09309218829884,734.7768327842156,137.03391111145416,330.4040292277932,793.1334354604284,1314.0381158639987,67.33443588018417
982,1.89319095477387,25.874650000000003,7.14414965986395,9.49797619047619,3.13882789317507,34.7496333333333,3.13926911314985,34.0865925925926,2.44706413301663,17.2013968253968,2.52815704387991,17.0742686567164,50.9384,4.9822809523809495,21.1787636363636,51.50137493938312,35.62849183065576,35.195401656460774,35.7441955406717,43.056261370049434,411.04089468717575,178.83970867842436,187.03087698668242,436.4705877378583,732.2604767978191,103.84998749941587
983,0.13005373394838501,11.554574257425699,6.71033116883117,7.9935599999999996,2.0693096885813103,28.137219512195102,0.756878340365682,6.29494047619048,1.79952487961477,14.308562499999999,1.24910875,6.45118064516129,18.1256825396825,3.36684690553746,18.2625,48.09422888378135,37.516283592283685,16.014392155658175,18.55326645643863,434.30985448280825,408.6094908416271,115.96831027418375,198.29839002341032,563.6436864733696,1048.3904974535108,30.117202550172806
984,0.519958435207824,18.9568909090909,6.880353333333341,10.16313333333334,3.6595745454545403,41.807919999999996,1.7049066666666657,16.69858333333334,6.74711764705882,30.406490909091,3.1459312500000003,11.41891111111112,32.0529636363636,8.63690833333334,32.137866666666596,109.97748731183863,83.03207935255783,21.76290209867717,31.87870270955808,412.1509950665542,567.3574656248093,119.90416329354048,296.55950143933296,665.9296015277505,1614.3624857068062,81.88446052372456
985,0.7745010380622841,17.512666666666657,6.980169696969699,10.17640869565218,2.53736263736264,32.1902,0.879447008547008,6.37005555555556,4.064423076923079,28.8583636363636,1.388565432098766,7.52529677419354,27.0786181818182,6.60390285714286,33.0211272727272,130.146078071151,294.68365324060215,22.968076594026293,19.51411157104883,264.27738939920744,607.8413594514132,111.13091371953487,324.10125713795424,844.2196622490883,1455.8185823261738,49.44183863699436
986,0.7864331296673467,25.868333333333336,6.783922619047633,9.796225490196067,2.3684920634920634,36.799393939394,0.93268227731864,9.535657142857133,2.3525783664459166,25.152844444444437,1.0390053191489368,5.398677248677234,32.864666666666665,4.891155251141567,30.837969696969704,109.46749773196531,533.6946208623793,22.75926347709508,16.62866137572249,493.89790369918865,579.2029046763977,105.05409445613623,336.8720257033904,828.6104304715991,1321.3787615920107,63.98839565614859
987,0.413521468144044,23.6494444444444,7.57289552238806,9.21505309734513,2.15907142857143,34.8798484848485,0.605742723492724,6.15188554216867,2.2629414225941398,23.227120000000003,1.52186458333333,8.73782,30.110171428571398,4.73508108108108,29.2787567567568,120.70739686534702,77.59239639841587,31.445518395418862,25.332142874676332,97.72871688321119,705.5704714730382,124.17056132107973,362.61489149183035,942.5081545487046,1625.4227375611663,46.161399222910404
988,0.259303179579042,15.7545857142857,6.59264024390244,9.18410714285714,2.01856858846918,32.2449444444444,0.548591424346969,5.6543216080402,1.9560822669104199,20.99325,1.16673511293635,9.1595045045045,34.087064516129,4.43973003802281,26.2121956521739,85.99373823387702,44.75130376766442,25.055095228349508,18.065256695553053,118.324183509617,538.9965837821364,113.5905971750617,223.96291606128216,651.0699167847633,1257.2274077683687,46.05930298566818
989,3.41315719063545,63.687875000000005,6.51976571428571,9.14187596899225,2.3900092378752897,56.6145625,1.26076709154114,26.5144772727273,2.8230434782608698,49.137125000000005,1.32795586527294,13.469141025641001,36.675275862069,6.97977272727273,62.26105555555561,94.55448273884979,1034.514042709992,20.140432883742694,40.177250059203146,111.1097870553368,533.3594279363751,164.50840048491955,286.9321499019861,941.4503118023276,888.4534006938338,98.747992888093
990,1.4340649717514125,24.470363636363626,7.46607236842105,10.745104166666676,2.223988839285715,26.627175,1.115839215686275,8.0337196969697,2.6997115384615498,23.17836363636365,1.60795054945055,9.793525862068975,24.766541666666676,5.7743888888888995,27.655727272727248,71.83663193296223,182.09017488453406,22.828087320109923,26.237795912829608,396.11039599797203,518.6710739508271,118.15392645075917,253.98542638868096,731.7350537050515,1453.4076035488397,57.069852482527494
991,2.00537692307692,28.35582,6.47645,9.50466666666667,5.703304999999999,44.6857166666667,3.43807941176471,26.23247,7.496413333333331,27.977899999999998,5.30344,16.3028545454545,41.281439999999996,10.5094833333333,39.5691,162.2597952942318,81.93685150413675,26.85781535333978,41.92032842648785,178.16340454852977,627.5906250812113,168.40851632878184,294.82764191925526,873.8358970731497,1884.1296038590372,110.1830811239779
992,1.1181370000000002,13.94174,6.834015384615381,9.556180000000001,3.2484499999999996,27.9013727272727,2.4600021276595703,20.84636,2.7610642857142897,13.4756272727273,1.99570625,10.125625,24.1456083333333,4.72444166666667,17.6530272727273,62.739509433090305,34.17786189985243,12.22718962380822,20.9156484800832,128.19270429155304,588.701288215816,155.48862284049392,247.17753753066063,681.9360400550067,1258.3454535342753,60.133158694952726
993,1.2307411003236233,21.25075,6.9911090909091,9.187418803418801,2.7052656641604,38.9962,0.8541497942386833,7.1655864197531,2.95719696969697,30.28548484848483,1.5227496229260933,9.0288380952381,37.588787878788004,5.5898225806451665,35.991454545454665,101.18641685547095,486.83212291769564,19.508276025361855,18.531087038573816,462.23133633553266,583.7066797539592,96.43977973610163,282.61343638102215,807.1291260421276,1104.325467410187,56.34330057849487
994,1.28857645631068,77.2893333333333,6.40256284153005,8.43996350364964,5.75327472527473,142.413416666667,5.72738172043011,142.6449,5.63226600985222,47.9609565217391,5.5990163934426205,46.7159130434783,122.69427272727299,12.1330909090909,61.2947647058824,196.96559431514754,105.96735547572585,72.56214142373226,105.61474739406545,271.2814177105466,369.5829538628459,191.13135058432817,202.17164419591427,578.5803543403745,1130.0888378173113,330.3647041320801
995,0.673366456059736,23.2528260869565,7.3157801418439705,14.317462500000001,1.92635459662289,30.878303030302998,0.632461035422343,5.65873113207547,3.0503651226158,37.376000000000005,1.27272566371681,8.390257352941179,29.973973684210502,6.01636842105263,45.4402,277.63688098690415,129.75731436061733,35.236323882982475,25.397545324858463,585.1553899746975,761.0151544213295,129.69300150871277,331.6714195534587,940.9901918843389,1238.268567249179,64.50079381465912
996,3.295638364779875,122.514,6.78910714285715,8.619237704918051,2.864715346534655,48.703125,2.18804487179487,34.01696666666665,3.18415860215054,37.1438846153846,2.56499754901961,23.99670833333335,43.9784090909091,6.8024880952381,50.914681818182,147.64742778999246,73.73602090362581,31.042659797733453,63.55922579602176,490.42289754326873,632.4402056634426,147.96515461057425,256.4778900705278,962.8811967559159,2102.4033543653786,120.15554821118712
997,0.8397852983988368,38.415787878788,6.664153846153833,9.349078431372533,4.628727642276433,108.85016666666667,2.4151645569620266,37.84822222222233,9.822873873873867,83.588861111111,4.4340088888889,28.82172727272727,62.31627272727266,16.216257575757567,102.54681818181835,867.3956695036994,573.4422163727212,56.968649353813326,67.94654812208955,1161.7974861111113,812.8870589037737,158.59415289014578,437.2247029095888,1272.326094719271,1646.3613448043664,124.90393128246069
998,0.462344226579521,10.9544444444444,6.52274316939891,9.0505641025641,2.20839298892989,28.900904761904798,0.274018234165067,2.03863618290258,2.02794578313253,21.75166,0.253394419484512,1.90561510128913,15.445909090909101,3.58077333333333,28.5216341463415,79.69113022857813,49.74668553884498,13.6376601578568,4.146255031512624,421.9312759503416,467.3232790082693,97.42528200149536,308.2565264776349,552.0233418792486,1265.293243341148,30.491896905004978
999,2.0104879310344823,31.20591666666675,8.05530555555555,10.524364583333325,3.6889651898734246,49.687625,2.670867346938775,33.244125,3.217514880952375,22.2605,2.336737603305785,13.98085714285715,36.784687500000004,6.449948863636375,27.2112,86.04703960912482,67.589578691089,27.419202155699956,31.322748809600487,140.579779622568,506.7227117251605,145.56727255694568,230.51046882756054,595.3953485004604,1021.3612811639905,84.60587705485523
1000,0.9541010387157699,23.552803921568636,7.743918518518533,9.0697894736842,3.8830280701754334,49.19753333333333,3.263727828746177,37.858484848485,2.8103631436314367,22.0840925925926,2.4623983228511537,13.378679487179502,38.693388888889,6.224333333333333,24.747769230769233,111.26904364127773,44.3400758900819,32.30108198863925,28.220176727219286,59.40201701414535,434.46489920218784,132.84424785524607,207.24760834127665,703.0615272621313,882.9075765485564,94.83580167094867
