file,libccd intersection,libccd intersection linear support,Jolt intersection,Jolt distance,FCL distance,FCL distance linear support,FCL intersection,FCL intersection linear support,FCL distance defaultGJK,FCL distance defaultGJK linear support,FCL intersection defaultGJK,FCL intersection defaultGJK linear support,Bullet distance,openGJK distance,openGJK distance linear support,ncollide_distance,collision-rs_intersect_gjk,collision-rs_nasterov_gjk,collision-rs_distance_gjk,gjk-rs_nasterov_gjk,distance3d Original,distance3d Jolt (intersection),distance3d Jolt (distance),distance3d Nesterov,distance3d Nesterov (with acceleration),Pybullet
0,0.142967540574282,308.29175000000004,5.65432222222222,8.26011627906977,8.090730769230769,212.829454545455,3.71100325732899,53.869157894736794,7.72540689655172,213.73283333333302,3.8779027237354096,53.348947368421,821.479363636364,100.390454545455,430.285181818182,381.5219409022232,114.8609095364751,461.28620686147264,741.535374465555,738.156075933948,537.7068038797006,30.37450078409165,246.54809967614707,4064.8285008501266,25178.927203523926,1073.9559977082536
1,26.6813023255814,627.1835,6.25367073170732,6.24921714285714,15.1555217391304,267.71625,13.5257916666667,263.99763636363605,20.1128367346939,212.4595,19.6003265306122,213.587,497.722666666667,133.3218,423.13590909090897,254.845965245457,484.76356579779,474.843286958412,459.2998364796339,737.1789271356552,406.84159903321415,230.2046021213755,241.59720342140645,1735.5793999740854,4875.320396968164,9554.488598951139
2,0.117810067405958,312.39218181818205,5.66690607734807,9.042448,9.466983739837401,267.380272727273,3.8066468401486997,53.78065,9.570618644067801,269.025272727273,3.69119558359621,54.2646,665.997454545455,100.844181818182,506.69599999999997,506.838719574,114.94152448675975,692.9953604882164,866.6855390552621,737.8206662390525,636.5551031194627,127.55560746882111,406.44179971423,4651.925602229312,8790.252599283122,1033.1538011087105
3,0.098828958753966,314.91691666666696,5.63339010989011,7.60139,7.47913986013986,213.4273,3.05671651090343,53.8964736842105,5.74219428571429,161.171181818182,3.0679674796748,53.8564,488.7407,94.3455454545455,347.090166666667,316.0018262921654,114.69152506107523,459.5426923752553,482.40335422076174,619.2539369460229,594.6596997091547,139.05819796491414,441.84480502735823,3835.927398176864,6798.784696729854,650.5218014353886
4,25.403880952381,616.3873636363641,9.023302325581401,9.02479,13.1525802469136,266.4676,11.9935731707317,265.09725,18.6993166666667,213.28549999999998,17.251421875,214.671333333333,557.5756,129.465416666667,426.151545454546,251.64461235391133,483.41788335991015,700.5555620015823,461.2077973020849,622.5270489936389,396.57299930695444,276.7062949715182,284.08769867382944,2210.2543007349595,7066.705901524983,2902.663400163874
5,26.330000000000002,624.6080999999999,6.91475301204819,6.9384693877551,17.3327454545455,268.586636363636,16.274857142857098,269.626090909091,26.093025,215.4729,25.039909090909102,215.2934,557.2534166666669,136.286272727273,427.231090909091,253.67261261785933,488.022246101385,698.5626328690782,460.89982343358946,497.93041354637984,400.42150067165494,264.00359929539263,259.9725004984066,1743.2042048312724,7813.2378985174,4937.001899816096
6,26.9100512820513,619.709166666667,6.88221428571429,6.89301282051282,15.330461538461499,215.796454545455,14.4300273972603,214.85116666666698,12.3284705882353,160.2087,12.1776235294118,162.442181818182,556.123083333333,136.592909090909,429.633916666667,251.55236502322086,486.1977583922001,589.7978977667175,461.77597524165765,619.5309296410143,441.6856972966343,253.1481964979321,256.0814027674496,1797.7747018449008,6705.637398408726,8511.715198983438
7,20.918333333333297,464.807727272727,6.85927108433735,6.80377844311377,12.3877380952381,269.13775,12.104925,271.696181818182,16.194548387096802,216.8665,14.520884057971001,213.903,496.56945454545496,129.023,429.561416666667,253.36097411361672,481.74773905718723,480.00762400996626,460.3508331973983,617.3910532773967,404.65890197083354,241.3263951893896,243.27239079866558,1720.088196452707,18709.05380055774,4286.676499759778
8,25.2478043478261,621.613090909091,6.2879790575916195,12.2203058823529,13.0888139534884,321.7031,12.9345568181818,318.323090909091,16.9402153846154,211.784,15.961606060606101,212.36808333333298,779.507181818182,127.09740000000001,429.27459999999996,251.95003112127992,485.9259828307226,593.7189253752808,460.4267340591827,732.3792537735903,702.970998827368,356.08360485639423,364.97739201877266,3383.5454989457503,4573.200707091019,2549.192201695405
9,25.727574999999998,809.466727272727,6.9672972972973,7.053172619047619,23.0955227272727,269.049636363636,22.7086458333333,271.520909090909,29.9541944444444,216.22199999999998,29.5256571428571,215.1215,495.023,147.733363636364,426.30563636363604,251.2435916817365,487.2454581324175,930.7212727377374,462.39361002186416,739.7209925074168,377.32680793851614,236.07530747540295,240.299993311055,1710.4566999478266,5306.540601304732,8069.426100701094
10,0.16925518943242898,309.804636363636,5.64495336787565,8.421792,10.500057692307701,319.13800000000003,3.01173369565217,53.285263157894704,8.713165289256201,268.97275,2.91052644836272,53.18635,770.620083333333,100.7558,511.362833333333,501.81607862268555,115.40568886284103,8047.780399999998,616.194537845881,744.8321491095631,734.1117016039789,176.79480370134115,271.0649016080424,6003.638400579803,16010.532900691032,1412.4580018687993
11,21.4734255319149,465.413454545455,6.9764457831325295,6.95893,15.0524626865672,265.618333333333,13.8916315789474,268.256166666667,21.1776666666667,213.898083333333,20.816625000000002,213.8331,449.366363636364,132.5721,427.294,252.98978914536244,486.1485871223802,474.33948342898253,462.64038527475196,1316.2213593797057,422.036403324455,234.52570312656462,251.68090360239148,1765.619101934135,15023.21190200746,3069.851698819548
12,0.12121399006622502,312.4296,5.66598048780488,10.6545636363636,17.9155535714286,531.707083333333,2.57075330396476,53.974000000000004,18.7588813559322,585.4155,2.57311081794195,53.436749999999996,935.9309090909089,97.995,999.84175,570.2970608054083,115.10577158412985,574.5368890462881,12627.920595000001,11858.078055,1077.8242925880477,182.61389923281968,590.1946977246553,7834.453502437101,13859.41329644993,1606.9534001871943
13,0.181641132534306,413.58063636363596,5.56680434782609,9.80313008130081,12.183644444444399,375.365181818182,3.75444357976654,53.7546842105263,10.118449541284399,320.3871,3.6442843750000002,53.906699999999994,824.3312999999999,102.30019999999999,583.2081000000001,633.6871380879218,115.04588869641357,1036.8157381563376,12674.588984999999,1227.722050973864,1072.9386005550623,183.80130059085786,473.47649233415723,6415.998301235959,15185.935999033973,1288.8704979559407
14,0.0994264605147275,311.32890000000003,5.6377513812154705,10.568202020202001,7.69897037037037,214.17127272727302,3.2766261980830698,53.691380952381,5.87545833333333,161.1843,3.2644375,53.7591,777.5678,98.477,347.341666666667,507.06058139426057,115.05600111653156,460.6522942470243,481.44817889056964,615.3692405759936,375.3495024284348,108.5050986148417,484.22479594592005,4053.957501309924,3252.003196394071,1433.8503999169916
15,0.116762515796637,308.71727272727304,5.62945023696682,8.47240845070423,7.2261610738255,374.36175000000003,3.36329874213836,53.5228421052632,5.69487283236994,319.9319,3.4364528301886796,53.87235,774.129916666667,101.171909090909,585.744,251.65065366873154,114.96376350546522,577.4276884135081,860.3878460156736,746.2185038181374,599.1543002892286,27.21359778661281,266.3386956555769,3816.6035956237465,24962.965594022535,947.5586004555225
16,21.7079361702128,468.11740000000003,6.921824324324319,6.90430872483221,17.5289272727273,266.2905,16.14253125,269.061916666667,25.9123023255814,215.1824,25.8683953488372,216.33709090909102,497.02818181818196,135.95941666666698,422.118636363636,252.96534334650147,484.11158314377974,474.671966303244,460.5413842736755,495.27110198708795,389.8805967764929,246.56960449647158,249.0495011443272,1786.8777009425685,10637.739300727844,6770.98720043432
17,26.588658536585402,624.263833333333,6.91544311377245,6.906255033557049,11.9760470588235,269.217363636364,11.910784090909099,268.49918181818197,22.821159090909102,214.402083333333,22.1311176470588,216.649833333333,453.407909090909,136.6474,427.7503,250.9911421256802,482.27962255257995,474.3546105062749,461.1285284670198,612.7075714121777,420.20619730465114,228.59670280013233,241.07680656015873,1729.826198425144,4905.632903682999,3936.904401052743
18,25.6997777777778,629.3530000000001,6.9880843373494,6.91946706586826,25.3726279069767,271.265083333333,24.105071428571403,271.14709999999997,22.533510204081598,216.385727272727,22.8303913043478,216.928833333333,502.17845454545403,134.860166666667,423.502416666667,251.70647521427006,485.38803699334125,471.40975684831744,459.97006358870726,749.4105503032574,393.89989397022873,210.26949980296195,216.21680352836847,1700.5126021103933,7302.910991711542,6351.7726986901835
19,26.1380681818182,626.2652,6.918242038216561,6.94441818181818,23.469822222222202,268.725727272727,23.6124468085106,266.926,20.2779818181818,210.251583333333,21.8873181818182,214.506090909091,553.651416666667,133.6757,428.756416666667,255.05067919013385,482.6489191006713,700.0269597013977,460.1174492395661,496.037336740695,414.79039937257767,220.4598014941439,229.67990371398628,1741.2779066944495,14454.487094189972,4234.9955008830875
20,0.108258271505915,310.51709999999997,5.63057777777778,9.90117142857143,10.3855825242718,322.303181818182,2.52327272727273,53.7860952380952,9.091824561403511,270.7284,2.5556755555555597,53.7786470588235,776.6605999999999,97.5958181818182,505.93610000000007,314.1746811808006,115.10180957749338,805.4793436172295,740.0947172077857,849.9146650151365,479.3164989678189,96.22580255381763,366.9507917948067,3977.6658988557756,10680.062300525606,1003.2309015514329
21,27.394840909090902,626.3312,7.24543902439024,13.0106022727273,14.9079324324324,371.56489999999997,13.980053333333299,373.775818181818,24.2940454545455,214.310833333333,23.5383469387755,215.251666666667,662.5495833333331,136.51000000000002,422.702916666667,251.1632545245347,482.8687347749402,591.669434009599,460.4404002608675,3549.4797633333333,564.2203002935275,381.7336983047426,386.35540404357016,2619.6819002507254,5809.202897944488,2969.747598399408
22,0.121993756936737,309.46925000000005,5.65162801932367,8.787536585365851,7.75105343511451,217.137333333333,3.8479484536082498,54.5813333333333,7.959506944444451,215.579,3.96432394366197,53.4915238095238,715.4867272727271,102.856090909091,430.917333333333,188.92659529192028,114.95328896580834,458.90682454975524,740.3490906171154,615.0568596289586,453.58250208664685,116.03939346969128,302.0417003426701,3270.616102963686,7228.636092622764,939.8433001479134
23,0.13074424257932402,311.115916666667,5.64451960784314,7.62634394904459,8.26797674418605,214.843416666667,3.4589753086419797,54.0400476190476,6.387,161.247666666667,3.41980780780781,53.63855,709.975818181818,99.8877,344.445083333333,443.1329538862662,114.81244246384985,461.71107362163406,494.7745385013581,617.6876998604971,353.75180013943464,130.80039934720844,296.02680006064475,3290.059801656753,8266.008898499422,871.7343007447198
24,25.298191489361702,625.582363636364,5.91982474226804,11.6182584269663,11.910107526881701,268.55325,11.869886597938098,268.703545454545,21.642612244898,211.872181818182,21.4105531914894,212.8521,505.8505,132.716666666667,429.162181818182,252.628453391965,485.179567996379,705.2495699992793,462.56655228154995,1103.9574634207083,522.588103194721,285.058599547483,291.31250630598515,2149.3283071322367,2563.66370304022,2527.2950995713472
25,20.1300555555556,470.7088,6.84722857142857,6.92113375796178,15.1102571428571,262.978363636364,14.2167837837838,267.69975000000005,21.1833846153846,211.98000000000002,20.0699285714286,214.11999999999998,444.0934,132.736833333333,423.085636363636,252.02599982410248,481.9155720060225,478.934767147436,461.3126834958468,1083.394628623908,414.1737997997552,250.4225994925946,272.7487008087337,1730.9580987785012,13228.360400535166,3205.7798001915216
26,0.11568338028169,311.735,5.67046632124352,7.63768148148148,8.23794444444445,209.192272727273,3.5865625,53.4968095238095,6.3638850574712595,159.119,3.5754533762057896,53.2764761904762,871.537727272727,99.0304545454546,346.42199999999997,188.62093585544102,114.91330872244252,460.54294107505524,486.2640293710191,620.2745815707004,445.7422939594835,139.88320133648813,419.86340074799955,4188.892501406372,7314.595399657264,1137.3415996786207
27,0.102777451444813,313.801,5.6761891891891905,9.06001785714286,9.62227777777778,266.6789,4.06353968253968,53.943736842105295,7.5908905109489,216.15390909090902,3.8608120805369097,52.5474210526316,654.9806,100.7731,426.4848,373.0644260720275,114.51903609489058,573.4982073941366,600.1057050173283,859.522450275849,589.5000998862088,27.042708825320005,244.51090139336884,3673.112503020093,11715.252601425163,974.0870998939499
28,0.140008197709464,308.88919999999996,5.58297948717949,9.02602985074627,11.060099999999998,322.141416666667,3.06845031055901,53.45535,9.1344,267.94636363636397,3.10435674157303,53.5322352941176,767.994545454545,100.37118181818201,511.50260000000003,187.45562845175328,114.48273134679702,11474.004185,738.3032430756331,856.5975428254268,812.9551977617666,106.79530096240342,444.16259916033596,4670.145700220019,10551.396801020019,1083.5508990567178
29,0.149761200398236,309.583363636364,5.59314754098361,10.866121951219501,12.5754731182796,377.7183,3.8259681274900403,53.927764705882396,14.0107972972973,425.331818181818,4.13598905109489,53.782736842105294,771.909363636364,104.595818181818,741.8534999999999,311.536080119394,115.00716143398594,802.0441134563424,12564.558545,954.8908919957598,941.164800315164,174.56840141676366,484.1153946472332,5714.70059803687,15014.818398049101,1211.6742000216618
30,26.4072954545455,620.965909090909,6.8395125000000005,6.86353,15.619521126760601,265.54999999999995,13.854460526315801,264.1035,19.868862745098,212.838363636364,19.0844339622641,212.653166666667,553.707363636364,131.5818,418.29600000000005,252.25719911669344,482.45619841495477,477.3807835041369,458.9162948901459,1086.607637465485,448.5331883188337,242.46650282293558,249.34599932748827,1770.330499857664,6686.106801498681,4846.427700249478
31,19.388446428571402,541.4065833333331,6.94328859060403,6.97201829268293,13.9301333333333,275.499,13.511552631578901,269.849916666667,18.6106557377049,212.528083333333,18.531481481481503,213.525272727273,554.3935833333329,132.1654,425.605181818182,254.72517300060002,486.0931601739617,703.9146852756754,461.85691647522555,494.2396851205182,395.8214045269415,218.4636046877131,226.96270025335252,1801.660706405528,14184.931805357337,4559.594101738185
32,0.30922763777347,311.18572727272704,5.64747849462366,12.197750000000001,17.5069482758621,581.124090909091,3.48569325153374,53.494272727272694,18.6593166666667,636.2505000000001,3.53266066066066,53.614450000000005,949.069,102.268666666667,1065.87954545455,900.7465269205201,115.15459972948122,1265.0842670088614,12595.69153,11856.47023,1274.150298559107,173.71659923810512,690.9331015776843,7779.339098487981,20454.61730158422,1615.1905991137028
33,24.837957446808502,624.1124000000001,6.894167785234901,6.9580733333333304,18.763384615384602,320.288818181818,16.6639032258065,325.87790909090904,24.8256341463415,217.134818181818,24.1822857142857,216.837,557.654416666667,137.61481818181798,427.87309999999997,251.8869149466345,483.59737796585017,586.705332382603,459.12171663627106,851.5584597771018,413.6727948207408,190.34100405406207,202.8940973104909,1734.1512982966378,10578.626897768117,4126.364600961097
34,0.13315034013605398,308.74475,5.60226,10.6956136363636,8.8521,267.617166666667,2.4886337349397603,53.692949999999996,8.469311111111109,265.41040000000004,2.34461349693252,53.5497142857143,763.4093333333329,99.4950909090909,502.069727272727,500.73733391088547,114.62806361368267,574.8848486803747,1104.2710566949224,841.880086372257,714.430000516586,137.25149619858712,362.93369776103646,4840.693197911605,3248.4564988408238,1092.1531997155398
35,25.9291,799.6215,6.74732954545455,6.90662,25.6798,268.968416666667,24.6704634146341,269.216166666667,24.1218695652174,214.98479999999998,24.0216976744186,216.392333333333,556.811416666667,138.44409090909102,430.47727272727303,252.52158630921068,484.44564186007455,479.5349502001607,462.0606801363456,496.9757968895826,446.0342024685815,178.29459975473583,186.4570949692279,1658.0424940912053,14682.985909166746,3598.9070020150393
36,0.0824031458737341,312.59975,5.6613619047618995,9.87041025641026,10.4994622641509,322.147727272727,2.77500744416873,53.9443333333333,9.37302479338843,263.46033333333304,2.79647740112994,52.84435,658.033272727273,98.7962727272727,507.732181818182,311.36173480284754,115.07348260575758,690.0099627287548,735.6183469821301,958.9525758076902,573.6773018725216,149.8208992416039,352.6039014104754,4131.0893022455275,7654.768996872008,933.6360002635047
37,0.162293359762141,309.4464,5.62332038834951,9.15575,9.9223982300885,323.688,3.00656756756757,53.970142857142896,11.9047978723404,372.87366666666696,3.16261486486486,52.9427272727273,834.2004000000001,102.960916666667,667.208333333333,379.62614673630446,115.20899966591296,576.4225543430186,12631.516965,1909.5868744730728,974.1262038005516,165.5395986745134,606.6719972295687,6094.426894560456,8869.765797862783,1618.1762999622151
38,25.902181818181802,623.2493636363639,6.93540397350993,6.94104054054054,16.9010517241379,267.909272727273,15.998761194029901,267.838909090909,24.5908333333333,213.228666666667,24.422,215.601636363636,450.354,136.331916666667,430.762583333333,252.31659669690384,484.7863005850469,703.8604788862135,459.40530523159464,494.54831591564175,407.706800615415,196.19529484771192,202.6586007559672,1788.1514999317005,14706.16469741799,3961.1345971934497
39,0.150691139903154,315.14981818181803,5.64290659340659,11.1913723404255,13.0011234567901,426.848,2.1613043478260896,53.7348823529412,15.611071428571401,480.11875000000003,2.2393566878980904,53.7863684210526,771.2158,97.25930000000001,839.7195,631.2815596854043,115.33611745876057,5189.536405,12688.389439999999,2155.0595030016393,1169.6965986629948,174.57979847677052,591.025996254757,7429.211100679822,28569.104606867768,1390.2157981647179
40,0.135129813664596,639.161090909091,5.52546296296296,11.191374999999999,15.2859733333333,434.37227272727296,5.77716756756757,104.6558,12.110999999999999,318.4024,6.03313440860215,106.175090909091,1589.2466363636402,218.5149,692.4765,898.9571436967309,230.3354575110599,920.9093074028226,958.2967506177235,1194.548230621493,590.1469034142792,124.49180358089507,505.0904030213133,11631.506806588732,12916.700396453962,1944.5223006187007
41,0.135779162746943,639.280083333333,5.55437244897959,10.3654301075269,18.5844642857143,546.888,5.86656906077348,109.8742,18.698048387096797,524.906083333333,5.779215,105.8627,1469.9041,219.12827272727299,1024.8000833333301,620.3634038997019,229.62170807202045,1151.063810425624,24944.38268,1662.6522365433912,838.0629966268316,140.07239660713822,434.5462017226964,12569.32979740668,15619.70509646926,1806.2632996588945
42,0.10602768130745699,643.6312727272731,5.5432731958762895,9.6679203539823,12.2895698924731,317.729909090909,5.30847222222222,109.083818181818,8.63363779527559,218.89270000000002,5.3381832460733,107.834,1351.79216666667,213.806666666667,533.9593636363641,372.2794872185229,229.21005472183083,687.0436995523476,689.6231068952321,955.1650295658883,394.19349341187626,143.14599393401295,301.152394968085,6913.677605916746,13713.54760194663,1491.8340981239453
43,0.123133272058824,804.4842,5.49070754716981,8.06734126984127,18.5646229508197,536.9569166666671,6.39354945054945,107.620333333333,15.43325,437.83575,6.33467222222222,109.84381818181801,1690.7257,217.4958,849.054416666667,623.6116750660032,229.21893326394175,1147.7843923978692,949.1455724151266,1430.0458980980784,722.2521962830797,33.09380263090134,398.36500072851777,8524.69909877982,49919.7825032752,2089.8784016026184
44,37.2110967741936,1279.7654,6.86351592356688,6.7838899999999995,42.217692307692296,540.334181818182,42.3089259259259,523.6990833333331,38.0267,429.2322,38.545689655172396,434.898416666667,806.363727272727,265.009454545455,856.669166666667,496.8674551130514,917.2785903344372,1380.9674084732987,918.6933697411561,958.8041765466179,491.0525953164324,331.24720212072134,331.4621979370713,3293.4337039478123,25473.755298298784,7692.378098727204
45,35.226695652173895,1278.19790909091,6.805629139072851,6.844228915662651,35.1096774193548,634.0775,34.602064516129005,651.574333333333,39.226384615384596,432.569333333333,40.34982758620691,429.789818181818,921.3096,265.363666666667,846.286909090909,495.3787103851425,921.648973276328,1146.3501703134334,917.0550544796973,953.6919402880138,506.2915035523475,300.49189808778465,303.3962013432756,3436.0437013674527,17265.271799988113,6640.273501398042
46,0.160126668520578,632.953818181818,6.11985106382979,8.185628787878791,17.816885245901602,543.675916666667,5.23970892018779,108.452727272727,18.53975,541.966090909091,5.01787336244541,105.702,1471.32783333333,219.90789999999998,1023.9435,1005.0113037909806,229.2317314819129,1149.0472353588523,25171.84802,1422.8017294783717,1213.416495011188,152.99989318009466,690.3318018885329,5582.223998499103,9382.973000174388,2201.6892005922273
47,0.126873709775349,635.3290000000001,5.52409905660377,7.40454037267081,14.4717272727273,424.7205,4.32225954198473,108.383,14.5320897435897,435.28000000000003,4.20147619047619,109.827636363636,1238.299,215.1949,866.882416666667,775.7166678107835,229.4330159836828,916.8354299278603,1452.4487196976,1194.7848801587168,727.8231001691893,133.86389473453164,317.27009336464107,7685.58400159236,14697.263203561306,1556.1324980808422
48,27.7222307692308,960.843181818182,6.8162066666666705,6.79781132075472,45.067,537.0610999999999,43.0261739130435,529.60275,39.5225,435.458166666667,41.119208333333304,427.4905,917.691727272727,262.933363636364,855.652818181818,499.6691267757846,920.1624242588831,1148.7964829628513,915.1503894480444,3305.2742876923085,459.54429951962084,195.20390196703374,205.00400569289923,3231.5612013917416,18158.782299724407,5951.739399461076
49,0.117734299006132,637.8860999999999,5.5137923497267805,9.379810344827591,16.394,431.690181818182,6.72921212121212,107.7907,12.6880987654321,326.59881818181805,6.75172368421053,109.794,1589.95583333333,219.663727272727,696.4823,1122.8038344004526,229.26293363446499,918.1796678679249,951.5389004695885,1193.7363455401576,781.1736024450511,152.39139320328832,559.2736008111387,5746.585704036988,12541.565101128072,2073.3319979626685
50,27.5385135135135,949.5043,6.70581699346405,6.75722222222222,26.3415952380952,544.484083333333,25.7007826086957,535.897583333333,35.3684545454546,420.907166666667,35.242033333333296,430.757090909091,1147.31109090909,260.39627272727296,861.68775,497.3376163297205,917.4797705187008,1370.8899084092186,916.7259772134039,953.3190004216905,512.3572977026924,329.4545953394845,338.84510048665106,3426.769803627394,17148.877802537754,12970.121199032292
51,35.4181212121212,1273.9286,6.63990588235294,6.76779054054054,27.9332432432432,533.5213,28.490225,548.637909090909,37.425275862069,425.258833333333,36.239433333333295,429.244666666667,801.1866666666671,260.458454545455,855.952090909091,499.3265327602085,918.4654441343158,1147.3981969062172,916.509098058458,1430.2847963713054,404.84860073775053,296.8178043374792,311.2161997705698,3227.5970064802095,7710.082398261875,7143.622500007041
52,0.12112271307452001,638.753666666667,5.538472826086959,9.83272033898305,17.630625,537.9197,5.60854301075269,106.11800000000001,18.1125692307692,539.8815000000001,5.548732620320861,109.734090909091,1684.5481666666699,221.3709,1031.33125,1006.4007328752289,229.5447301088906,1150.4572941789502,1677.3558984299943,1429.4589213082336,759.0913970489055,28.19470246322453,377.3560922127217,9203.675092430785,88370.73219183367,2034.188198740594
53,36.2098965517241,1272.21758333333,6.79391503267974,6.83862804878049,43.36686956521741,539.274636363636,43.690125,553.4956,41.2367142857143,429.22963636363596,41.79388,428.99525,1023.7374166666699,262.38581818181797,865.9954,498.70929325107306,921.4033172956719,1151.2253872695298,922.5024356657981,957.0307792383635,491.0580988507718,320.461398223415,326.35720272082835,3341.4414996514097,4853.828196064569,17367.345100501552
54,0.105903143040411,635.763,5.5608981481481505,8.751789915966391,14.2342666666667,418.834,4.592636363636361,107.00208333333299,11.5139,324.27425,4.6182874015748,107.514166666667,1351.70990909091,213.2701,697.5743,784.8421626217088,230.09388555788144,920.9931046726816,954.5692045681316,1198.4771713452326,609.4567012041807,159.67120125424117,465.8310965169221,8046.500798081979,22462.609596550465,1735.7906996039674
55,0.10135911276867199,637.345454545455,5.5643786407767,9.48526016260163,15.379831168831199,429.065363636364,5.23035,109.93599999999999,11.672365591397801,320.4689,5.13920707070707,108.8505,1242.9724,212.7355,696.698583333333,618.7387670282885,230.55781225585676,920.1566401618884,955.2077485536723,1192.5054241108403,492.61060776188975,156.7430968862027,359.54279883299023,6358.770502265543,18387.988206814043,1432.4606978334486
56,0.10316342765079,636.8595833333329,5.52771497584541,8.124072164948451,15.959999999999999,441.530666666667,5.8120782122905,105.596,15.278134328358199,430.731833333333,5.86524096385542,109.4712,1357.69763636364,221.39600000000002,865.0229,891.4248019603205,229.57419993829456,915.7353943300884,1215.0278875683434,1192.5379634799997,635.0826006382704,126.4930033357814,476.0421987157315,6273.444904945791,28321.290313033387,1698.1182008748874
57,0.10587075825482499,638.312454545455,5.50945405405405,8.555150000000001,27.2765,849.8419090909091,5.8771404494382,108.016818181818,25.3173636363636,762.55,6.15975449101796,106.30125,1485.3042500000001,223.6057,1340.22345454545,894.0770257504861,230.41348179180437,1602.9103305457904,25235.05412,2377.82148852653,1018.6294035520403,210.38810373283923,323.9915007725358,12305.084904073738,35614.37219614163,1658.4547993261367
58,36.7255161290323,1275.17391666667,6.79872955974843,6.79384795321637,31.402617647058797,538.882833333333,30.576645161290298,526.612090909091,44.3611428571429,425.802083333333,43.3169583333333,436.141727272727,1025.7316,270.50460000000004,859.6361999999999,499.646599452733,924.7221608088965,1383.3516190098358,920.7602035628419,1427.1143775252408,414.9081010837108,345.4033052548766,356.0633980669081,3371.98399938643,6581.177600310184,14100.604099803604
59,0.115786717116399,641.417363636364,5.225723981900449,9.31938532110092,17.904161290322598,549.482083333333,4.31394318181818,108.1733,17.9289830508475,549.301083333333,4.238163265306119,110.152666666667,1473.0329000000002,216.90145454545498,1023.2250909090899,624.3639162593472,229.99018729906027,1151.1729245135793,1690.0642662459134,1427.2670598777393,540.1442991569638,127.59230157826094,480.0926020834595,7041.784902685322,11635.460297111422,1831.4943998120725
60,0.107737931683448,637.378916666667,5.4900047169811295,9.43842553191489,24.97815,752.823083333333,6.06665454545454,109.646818181818,24.656260869565198,745.641545454545,6.09799479166667,105.835666666667,1572.72841666667,220.7164,1334.9016000000001,1009.8508606040718,229.52217717459888,1609.065967758272,25205.2107,1901.080514062628,845.4650058411062,28.338495758362114,431.3889949116856,9132.7364963945,73038.48679293878,1851.9535020459443
61,36.3264,1811.61572727273,6.7801875,6.77627058823529,21.742923076923102,524.238545454545,19.475568965517198,531.711416666667,25.8369,322.454,24.2657872340426,322.16450000000003,1134.18966666667,263.8909,865.182818181818,500.7349825092444,920.1469529436491,925.589302859037,921.2860075853911,963.2500274577586,452.3655050434172,295.9569013910368,298.9817992784083,3132.159198867157,18838.404698180966,9193.503099959344
62,36.0735517241379,1276.3585,6.79081547619048,6.79706,43.4818333333333,542.7520833333331,43.3212272727273,534.49675,41.1374642857143,429.2571,40.6627307692308,441.99875000000003,1030.65625,267.116545454545,863.3623333333329,500.4029419159826,920.7777134051577,1382.503964055442,919.8707521252849,1433.1481341881372,453.39620555751026,339.1736012417823,349.5314042083919,3352.852995158173,8124.551197397523,17466.53750014957
63,27.999074074074098,1452.09345454545,6.84120588235294,6.78537426900585,32.341696969697,536.306833333333,33.427,553.004818181818,40.26008,434.042727272727,40.8011071428571,436.3193,1016.7729999999999,266.05341666666703,862.8069,500.65768058968604,924.5882609815735,1607.6261952421887,919.8039826983485,1189.8055910677956,454.0155059657991,308.2116978475824,306.2997915549204,3273.401502519846,19065.15180307906,16923.62489993684
64,36.265321428571404,1278.9115833333299,6.84380392156863,6.83218666666667,34.5773333333333,526.7038,32.954939393939405,524.5104166666671,40.68784,425.93625,40.918260869565195,429.7541,1151.55925,264.156,855.4627,503.8787567370532,922.6311220489193,1148.4808628446285,918.9813382233989,1192.6287903055124,435.9154962003231,289.64740049559623,335.37750132381916,3292.9455977864563,11717.081401729956,6765.6829982297495
65,35.4154516129032,1277.5761,11.2707604166667,12.9036091954023,25.9760769230769,543.132454545455,26.5570256410256,544.9485999999999,45.4481363636364,428.67025,45.8785416666667,435.982,1033.1928,269.79990909090895,857.466,500.4249818062831,923.08206130234,1373.8334480744588,918.6267385773175,3299.034850769232,554.8005050513893,229.42879877518862,228.85160287842155,4058.4629925433546,26540.276902960613,5270.769001799636
66,0.215440227703985,636.806363636364,5.45787165775401,10.640363636363599,14.6426,432.429083333333,4.41682071713147,106.3457,14.682025974025999,430.3791,4.38982720588235,108.583454545455,1591.8329999999999,215.228636363636,856.452090909091,897.5248577242332,230.21336341473457,22936.14657,25232.53802,1191.7527007647575,1170.1011069817469,148.60269729979336,559.3397043412551,11487.848797696643,9181.58880667761,2511.794801102951
67,0.102778948358574,639.85,5.6951847826087,8.93354615384615,18.314,533.755,6.4032298136646,106.63069999999999,17.9260819672131,538.867916666667,6.39188387096774,109.398,1253.62108333333,217.79760000000002,1028.8595,375.612914523525,230.37169290727599,1152.6161236114567,1449.3499661737844,1429.40735833581,569.0852034604177,30.506806797347963,490.0770087260753,7068.823900772259,33143.52810557466,1683.9321004226804
68,36.070531249999995,1280.1849,6.8096,6.83898780487805,42.035,531.1072,40.6381071428571,530.775363636364,38.479807692307695,435.561166666667,38.7361666666667,427.807416666667,1031.9824,258.958916666667,857.6005,498.6799799583232,922.4107746745374,1147.9789434800402,917.0328929383584,956.5430247977555,487.73100425023586,186.51970312930644,206.5288950689137,3164.549797656946,8477.856204262935,17376.778300968
69,36.3044666666667,1641.2149000000002,8.85360902255639,13.715520000000001,31.379470588235304,527.922363636364,30.7924848484848,543.1694166666671,39.3187,424.29758333333297,39.0805555555556,431.7067,1153.28918181818,259.13,850.030454545455,499.8144917178127,923.9606208749454,1378.4411490905031,918.1882417676464,1899.8469667814109,467.333901906386,334.79699632152915,331.04769536294043,4031.6148952115327,12609.242496546358,5865.867299144156
70,37.523206896551706,1275.3797499999998,6.798266666666669,6.7846875,33.165484848484795,530.410545454545,33.6159310344828,537.446083333333,39.9588620689655,425.8025,39.2316296296296,435.1987,908.4585,265.727333333333,853.749,497.30326253177464,917.5769703373489,1608.8819859765572,919.2067400417066,1191.3211004740372,441.9496952323243,224.51860713772476,228.78599702380598,3079.8622989095747,20062.56009626668,8781.82909800671
71,34.165200000000006,1278.3596,7.48390510948905,7.42091,33.0260588235294,540.812583333333,33.4247096774194,528.2665,41.2478846153846,431.957416666667,42.1845,420.609909090909,1378.89381818182,266.592090909091,860.305363636364,499.7686989297937,922.5321403211072,1380.7306073014292,919.9037601298825,3319.6798507692324,563.037401298061,387.13710382580757,398.75879883766174,3293.7277952441946,10161.01170098409,5787.399198743515
72,0.13737975823045298,637.612916666667,5.55565945945946,9.50697321428572,18.750033333333302,533.5514,5.5249846153846205,107.71416666666701,15.2854615384615,440.460545454545,5.54876216216216,107.32836363636399,1585.5656,220.943916666667,864.9502500000001,783.534505230447,229.71446470035642,1145.1466817583728,1185.3590167063708,1426.5010850723284,710.0246992195025,168.29960513859987,522.2559993853793,10804.845491657034,11688.969502574764,2097.2027006791905
73,37.3730967741935,1283.29958333333,6.7266,6.62662790697674,44.0609047619048,536.901454545455,43.1047083333333,545.6445,42.06676,425.374333333333,41.0792692307692,435.6303,916.9226666666669,263.945090909091,855.856333333333,504.13772200134474,921.3207086085284,1150.1763190862755,915.9914757255797,969.3052129125234,470.9095956059173,339.7628024686128,334.33130010962486,3316.752996761352,23188.948800088838,8092.786397901364
74,0.117575386376646,642.4657,5.5305,9.49048760330578,21.075200000000002,638.2174166666671,5.11075109170306,105.888083333333,21.691584905660402,642.063363636364,5.13102666666667,109.528909090909,1485.70691666667,219.901090909091,1191.0222727272699,1014.8642928466176,230.1840847695017,1153.5654475802285,25249.09923,1907.022177071786,963.4012007154524,156.0107950353995,618.523097364232,10860.722701181658,11160.204699262977,2318.4003977803513
75,0.103637901556735,643.214,5.5601036269429995,8.867116279069771,11.355054347826101,316.19572727272697,4.84850490196078,108.09083333333301,7.93066666666667,219.040818181818,4.87368085106383,105.735583333333,1680.37263636364,215.46675,543.8824166666669,624.9672421375302,230.07399572130177,691.3568503120181,689.6756018228684,961.6080037023788,691.1827978910878,124.24440355971456,439.91420534439385,7791.721500689164,20158.69750175625,2105.3217991720885
76,28.3809268292683,966.978666666667,6.791631578947371,6.781562500000001,31.229181818181804,524.3146363636359,29.249526315789502,540.881272727273,37.9014642857143,434.056272727273,36.7435925925926,435.46254545454497,1150.3590833333299,263.729,874.822666666667,501.1425516160424,922.0181698263832,1149.4223506179667,919.6091421056838,1660.2985895856725,435.8855017926544,338.1457005161792,341.44459932576865,3264.029193087481,35750.39749848656,9133.073801058345
77,0.08581751770406261,633.705083333333,5.490685714285711,8.03396825396825,11.1793958333333,321.5007,4.8541885964912295,109.7462,8.074833333333329,212.79463636363602,4.746426086956521,108.2499,1135.3389,218.4032,545.393545454545,622.4339987613773,230.53541827908242,687.6592379008655,689.3772140700895,962.5228883463479,455.82250168081373,122.24459496792406,232.78129228856415,4733.889995259233,9367.997903609648,1245.8396988222376
78,0.118815441176471,640.241454545454,5.53337142857143,9.70152040816326,18.216671875,526.6309090909091,4.684321888412019,107.219909090909,14.393974025974,433.652166666667,4.482244000000001,108.9712,1465.2967,216.22927272727298,850.611416666667,774.8996115089926,230.25609217339223,22968.64757,25093.54404,1429.9141416264142,754.5633969129995,109.00400520768017,377.4798969971016,8445.180198759772,6925.964803667739,1791.7698016390204
79,0.0862665359699966,643.2329,5.518421800947871,9.00848245614035,15.638146666666701,427.385,5.3038625592417095,108.71369999999999,11.9697065217391,321.146727272727,5.2675550660793,109.947666666667,1570.6762500000002,217.995666666667,698.781454545455,623.955899015235,229.40209533320942,917.9172427612584,947.2123423885632,1189.712066992478,518.6186986975372,130.3599972743541,381.2844923231751,5457.004206255078,13274.687994271517,2057.0986991515383
80,33.947250000000004,1420.2432,6.7484375,6.76994674556213,48.058590909090896,986.6784166666671,49.329,974.251,52.678047619047604,657.777181818182,51.1615263157895,646.3316,1555.25436363636,383.33266666666697,1283.7069090909101,773.4790338010059,1380.090774115864,1376.4496933398186,1374.2748745818124,2129.3682678443856,453.5077983746305,306.7663055844605,320.81829849630594,4466.585602494888,15091.89710195642,21245.971400639974
81,42.606714285714304,1881.08858333333,7.52088235294118,7.57088815789474,44.497260869565196,811.8925,44.4079545454545,796.773181818182,53.896049999999995,637.304916666667,52.796800000000005,639.677916666667,1391.3415,386.46500000000003,1299.22209090909,772.582698758701,1376.7237080053465,2414.04689758733,1377.8970601048243,2133.6670671224574,481.86489730142057,305.0978004466742,310.03120238892734,4591.454999172129,35987.94819554314,6359.900502138771
82,41.9131153846154,1878.55709090909,6.820017857142861,6.8613599999999995,58.7632941176471,797.8451,57.9705882352941,796.1709166666669,55.8549444444444,647.7381818181819,53.4441,642.790166666667,1731.76754545455,387.631909090909,1296.16018181818,777.5184536429962,1377.3316806182818,1714.8091878955445,1376.3946136983604,1773.8789170401467,540.2011942351237,263.69330007582903,271.45069907419384,4412.559600314125,38888.464198680595,10714.335198281333
83,46.1111363636364,1881.11336363636,6.12155357142857,6.15863978494624,52.2322631578947,965.248636363636,51.4692727272727,962.720416666667,52.4845555555556,656.089636363636,52.75945,636.3086000000001,1714.30616666667,383.51599999999996,1285.0111,775.7206050260397,1385.1407823836407,2757.994011730569,1379.3448836715093,1428.9269993797443,448.4912002226338,356.6013037925586,358.1376950023696,4627.184098353609,40388.50140059367,9038.43499836512
84,0.166966125290023,940.469636363636,6.10995238095238,11.1494,41.0252222222222,1304.4759,8.77983193277311,163.2046,47.02092,1476.328,9.14295061728395,164.458916666667,2885.81591666667,329.217636363636,2452.896,1651.8689242219893,345.18427022994024,2061.5662998733424,5782.750548571426,6014.915534285712,1186.0582017106935,267.4929943168536,754.3286978034303,18608.97980222944,24034.343898529187,2967.4135003006086
85,33.1536176470588,1422.48927272727,6.14257671957672,11.2868351648352,47.1724090909091,798.7330000000001,47.8550952380952,812.574833333333,58.337263157894704,642.6596,55.2326111111111,652.2779999999999,1749.33691666667,389.498666666667,1300.7154166666699,771.7659622455457,1381.538265399345,1732.0283310575983,1381.5730931460407,2136.5103485351306,641.1571026546881,429.9919994082302,434.8409973317757,5813.200704869814,26369.466600590385,6768.559099873528
86,0.11567653061224499,943.739833333333,5.56071291866029,8.904973913043479,27.2607,797.754545454545,7.37582269503546,159.23427272727298,21.7846734693878,648.097181818182,7.147842465753429,162.6995,2247.08408333333,325.587454545455,1289.487,955.2241835850508,345.3053232808782,1722.2804145171417,1783.289830914387,2132.2315797171796,672.3305064952001,163.05799945257604,495.02800684422255,12992.56049678661,35603.358803200535,2240.8776014344767
87,42.8576470588235,2410.32658333333,6.851469798657719,6.825059171597631,50.234,819.2705000000001,50.1750625,817.0388,47.7320476190476,657.6147,47.4857391304348,654.8968,1559.4267,375.483727272727,1297.7740000000001,778.9648734519888,1387.8810629745478,1382.135396977831,1380.346959132586,2139.144409253832,490.14239921234554,425.1761012710631,431.76760082133114,4696.542001329362,22119.55489765387,14285.435600322671
88,24.9909512195122,1417.54081818182,6.82649668874172,13.7253026315789,52.6028421052632,792.389454545454,53.1262857142857,807.384363636364,35.3940333333333,476.649,32.871085714285705,486.66683333333305,3827.7941,376.476,1301.39254545455,775.7098935239922,1377.6718742177757,1733.3079227253884,1377.8091169099944,1783.052274635522,939.6026027388871,778.7878043018281,794.1613002913073,12118.131498573348,19523.282002774067,7128.730099066161
89,0.125119726895879,942.1412,5.59165425531915,9.014136363636359,22.711319999999997,647.7945,8.498877697841731,163.495,17.980096774193598,485.009833333333,8.296148148148148,159.80200000000002,1878.1470909090901,326.547363636364,1072.6914166666702,563.3646677652862,343.9350830986077,1378.1536843656436,1401.9739911477163,1781.2289764485454,501.41850078944117,118.83190018124878,294.2092018201947,9698.18200392183,19268.94960051868,1930.4418994579464
90,0.11844233687405199,1215.03336363636,5.53652717391304,9.70445,32.842999999999996,983.6173000000001,7.510392857142859,166.541363636364,28.026146341463402,801.280727272727,7.6747299270073,162.34225,2744.19516666667,328.1974,1759.9608181818198,1306.6759998418224,344.1960758676902,34518.39698,2137.1146988963346,2134.7639084253606,851.6167057678103,166.7492906562984,535.4805005481467,10950.097398017533,46471.68019146193,2367.939200485125
91,0.11765263793797799,941.80175,5.53992268041237,9.557,26.5464047619048,804.374454545455,8.955940677966101,163.16299999999998,27.090487804878,802.8058,8.67443511450382,162.815,2390.3375,327.31725,1523.67516666667,1480.8849482713,344.3979107244945,1727.6333302322166,2135.0238092007885,2130.933576773075,1350.0188011676073,154.17079266626388,807.1037038462237,16323.31759610679,14283.765808795579,2640.569698996842
92,35.149499999999996,1414.62725,7.55986,7.56111842105263,54.74465,816.6872500000001,57.764470588235305,812.625,61.600866666666704,647.094636363636,60.987230769230806,647.2667,1759.03963636364,399.514666666667,1301.3489090909102,779.8580312694658,1384.0057249775562,2747.3160240183893,1374.7206736469577,4596.235788888888,478.7267040228471,290.34400067757815,297.36450233031064,4550.715698860586,23182.16240091715,8477.062999736518
93,42.8309259259259,1887.1553636363599,6.85583,6.87458,60.4475333333333,799.124090909091,62.268466666666704,820.6883636363641,56.8467647058824,650.3099000000001,57.4027777777778,645.2371818181821,1740.17983333333,384.2359,1304.45336363636,782.1809767156212,1385.1132792661406,1740.425168531334,1376.5564024725452,1428.787973173021,476.1795076774433,302.2571938345209,311.55079777818173,4567.060602130368,37045.291502727196,16197.800400550477
94,0.10309445142754499,943.0914545454549,5.55697142857143,8.90974782608696,17.7530483870968,490.8971,7.0782,160.083545454545,12.1830989010989,324.08275,7.012841059602651,163.426,2200.8469,321.72990909090896,820.433272727273,1134.1797763801471,344.1825834756121,1029.6907742063254,1036.6474352452442,1431.6784389991183,491.3201963063329,187.56220233626664,400.26950009632856,13150.553399464116,21675.656500156038,2041.8194006197155
95,43.145239999999994,1896.05763636364,6.81684,6.8686508875739705,30.6605135135135,633.147818181818,29.9679714285714,644.474666666667,26.2555609756098,485.308181818182,26.4763023255814,486.04200000000003,1730.5961666666701,377.49908333333303,1299.85745454545,780.1243964674238,1382.8598027293804,1727.012252885095,1377.929782038796,1782.748854683184,520.9761060541496,338.0324022145942,345.6647042185068,4603.1236968701705,48904.75950087421,10859.02740014717
96,0.25691522248243603,945.2501000000001,5.49672330097087,12.1130786516854,35.5728571428571,1128.6151,8.21626515151515,158.80290909090903,44.29612,1450.86781818182,7.92371942446043,161.2649,2922.5869,327.84619999999995,2457.7723636363603,1666.312066214044,344.816960891214,2077.6765262727495,37524.57215,2492.9529517495203,1304.5357016380876,343.2818048167974,792.1338954474777,20626.64530822076,19656.71170328278,3503.5891021834686
97,0.08808163744520979,1213.9197272727301,5.54403317535545,7.45692857142857,32.048709677419396,978.823090909091,7.34380821917808,160.538181818182,27.3795405405405,816.1,7.24511392405063,161.3405,2052.46616666667,328.061,1526.9165999999998,558.198752159574,344.33773666113757,2406.382520936997,2492.4609411221604,2478.6272020745514,552.6797962374985,39.42069597542286,545.1741017168388,10909.722599899396,41456.711196224205,1966.3686980493367
98,0.10129268722467001,942.5205000000001,5.55757446808511,7.45181290322581,22.757195652173902,639.885416666667,8.4902380952381,163.93310000000002,22.3898039215686,649.377727272727,8.43151111111111,162.448166666667,1887.4681,327.97527272727297,1288.13663636364,777.5342595007834,345.0751039077805,1376.962547697148,2153.955752511092,1776.9622981665902,408.6619970621541,134.14080312941223,378.0675935558975,9731.287500471808,24813.369000912644,1643.9289000118151
99,35.851875,1833.2566363636402,7.4859642857142905,7.48653,29.3046216216216,794.605454545455,29.3568157894737,812.2977000000001,46.7522173913043,649.328,45.2740416666667,655.312,1409.612,375.347083333333,1302.2133999999999,775.2081497987185,1382.3251571623825,1385.8521997978187,1381.8803402161836,2131.570931290205,534.7524973331019,376.06819823849946,385.556896799244,4539.373901207,11052.732693497092,6968.412597780116
100,0.101112378007537,942.8085,5.55728767123288,8.17229230769231,26.777651162790697,811.638272727273,6.9405426829268295,164.9495,21.817541666666703,650.7925,7.12331125827815,159.57739999999998,2236.9790000000003,329.475636363636,1300.7319,1127.8496623617668,344.60236528712176,1728.898782247698,1757.4709957983741,2140.882183245532,470.7154963398352,156.12169809173793,438.0950937047601,13148.85510073509,20908.743806649,2187.7924009459093
101,0.0899147869674185,947.6441,5.599661764705879,7.5094625,22.273086956521702,636.477,6.871628048780489,159.40863636363602,17.0232131147541,472.584416666667,6.53742207792208,160.24,2569.3325,322.905636363636,1068.87963636364,777.3054777775751,345.56360735190157,1378.0525719687905,1399.9630450248205,1777.6531231832469,414.4604958128184,190.17489976249635,376.39139336533844,9869.809506926686,19596.356901456602,2035.0147999124601
102,42.416500000000006,1892.6645,6.864626436781609,6.86109580838323,56.854157894736794,806.5916000000001,56.3941764705882,810.007666666667,51.5780454545454,637.1999,51.2353333333333,650.068416666667,1557.1813,382.41325,1301.89558333333,777.6468392037287,1383.8735792267937,2074.5085922242383,1376.2114258752242,1429.6828577868355,485.42260483372957,329.43330297712237,343.7959006987512,4586.74649707973,28269.77100339718,9450.865400140174
103,33.766548387096805,1422.67991666667,6.81929333333333,7.1368954248366,65.1701764705882,811.10075,63.649375000000006,795.6157499999999,58.9833157894737,644.040272727273,59.6564444444444,647.575545454545,1571.57575,388.557454545455,1296.7693,780.2074002915914,1386.6730892625555,2069.6614054694955,1379.9561837628885,2134.9213483553726,425.57920096442103,300.6168932188302,319.8415011866018,4466.116498224437,9808.764097397216,21228.177601005882
104,0.13230606246172702,948.2537000000001,5.60445945945946,8.90732558139535,27.6033571428571,804.973272727273,9.29827642276423,155.421,26.7760714285714,800.78575,8.98797674418605,163.408083333333,2410.29954545455,332.59127272727295,1519.90966666667,1474.4821538166045,344.6488053610752,1725.7935016400386,37600.49819,2136.6216975344473,954.6746994601563,211.29990054760128,557.3620001086965,8715.184903121553,33105.56209762581,2492.0636002207175
105,0.10139901260689399,944.7177,5.55337914691943,8.739370967741939,27.2815526315789,814.039416666667,7.850114285714291,162.21141666666702,21.2991764705882,652.477333333333,7.9647954545454605,160.363545454545,2571.8585,324.1207,1303.59254545455,774.6436491443673,343.5213655126805,34494.874189999995,37370.30518,1789.5581189107031,900.884103612043,154.25090678036213,454.95100202970207,10819.66660276521,17425.12729833834,2395.7497003721073
106,0.114686112445939,940.1242000000001,5.5466730769230805,8.02425174825175,21.677500000000002,638.822363636364,7.978993055555559,163.417,17.3961774193548,497.009166666667,7.77460810810811,164.985,2733.9176363636398,323.00109090909103,1060.488,1127.5136867829824,344.54115279526724,1383.2210310255246,1412.058335132227,1781.8317320225644,723.5547993332148,127.99730757251382,459.15580121800303,11084.118601866066,16400.811402127147,2551.595598924905
107,0.117228220858896,943.7860833333331,5.5380731707317095,8.111600000000001,27.023658536585398,792.67675,8.58896666666667,164.086083333333,22.8665319148936,640.96375,8.5509126984127,156.7391,2062.7379,328.393363636364,1295.8778,557.194786709134,345.9582335623974,1722.9736534043304,1742.9406489781436,2136.9422038948064,1046.1602971190587,172.54790000151843,521.1185984080657,13043.053503497504,13982.27940662764,1993.1914983317256
108,33.601916666666696,1419.2574000000002,8.9312347826087,8.87237362637363,49.8097727272727,812.7952,47.4462105263158,819.6213,54.5922631578947,648.176545454545,56.3157894736842,656.607727272727,1754.039,390.258833333333,1301.10725,772.4489886039079,1382.8612909363528,3110.354160320476,1378.3204927226295,2481.488731029323,580.9953057905659,364.273798186332,380.8170004049316,5524.51399853453,18471.59409953747,6611.301799421199
109,43.576499999999996,1888.4737,5.56464319248826,11.4253152173913,35.7618709677419,816.5683,35.67,800.392833333333,52.63525,653.042636363636,51.6572272727273,637.5475,1907.54258333333,382.118363636364,1297.7640000000001,777.7015272191223,1379.4757824772962,3104.0530319144946,1378.654143315261,2492.192787200632,644.7982974350452,405.6998004671186,420.4992059385404,5681.1875983839855,60551.829799078405,6578.55799945537
110,0.103102146099876,941.951454545455,5.45585026737968,7.47755483870968,25.914025000000002,805.94325,6.358616883116881,158.3137,26.726452380952402,818.403454545455,6.26427810650888,163.826909090909,2403.59775,327.10725,1519.0224,950.9744692851964,343.6191288765913,2407.727445933359,1740.0503186891092,2824.57893809383,743.5159001033753,167.59230056777596,466.36899933218956,8652.624493697658,31867.171198246073,2018.925899756141
111,35.133033333333294,1405.81283333333,7.7431470588235305,7.49274213836478,47.4106,808.9739999999999,46.4419090909091,789.9352727272731,55.1822222222222,633.67075,56.4514,651.1279999999999,1539.45908333333,388.57174999999995,1291.45563636364,774.5942469503726,1378.7950407302433,3095.311047238595,1375.4574312778254,2123.116541840122,458.5379967465997,390.5450983438641,395.87840146850795,5734.963100985624,44439.39969933126,7639.343600021675
112,33.98828125,1409.90718181818,6.742,6.8116821192053,50.4665238095238,811.711166666667,51.3044210526316,810.071272727273,58.2486153846154,652.1528,58.3882631578947,652.802272727273,1408.9930000000002,394.354916666667,1295.7775833333299,776.0667560743877,1386.5551564892442,1386.7526434652677,1379.0167286712644,1424.939231930054,541.4212035248056,279.1072940453887,285.5225058738142,4703.3574024681,35472.8879960021,8022.131701000035
113,0.427494377665762,943.519090909091,6.17776470588235,12.189202020202,51.51354545454549,1620.1276,7.40823188405797,164.475272727273,47.7844166666667,1444.6425000000002,7.46201324503311,156.609333333333,2753.5104,328.88909090909095,2452.4290833333303,1307.3205509673685,343.36737055395497,2064.333981925362,37062.13618,2832.1281877909,1775.7764959242195,278.0223003355786,864.5309048006311,20898.89570197556,82211.70960459858,3400.436000083573
114,32.02525,1407.1613,7.50539583333333,7.45201369863014,46.018666666666704,810.3358,45.0402916666667,792.493545454545,48.678599999999996,644.6314,52.1332222222222,653.575166666667,1387.2504999999999,384.9991,1293.5352,775.0968775736412,1386.7076283963113,2069.005828075221,1377.1399211964758,2131.488572354137,545.1720993733034,366.30310059990734,360.85200554225594,4606.169095495716,23053.79190365784,7059.015100821853
115,0.13523451025056898,935.4865,5.50987264150943,8.05423622047244,22.7595869565217,656.405083333333,8.27160305343511,160.708666666667,17.8048125,494.52145454545393,8.336906474820141,158.94536363636402,2546.92566666667,326.0619,1295.5647272727301,777.5653972930438,343.5918554872363,1374.9842684852654,1418.3702554901256,2130.4029434457752,747.2089055227116,145.87169280275702,507.82449543476105,11934.008295065723,27928.354201139882,2249.538101023063
116,33.815406249999995,1874.68936363636,6.84187,6.78714204545455,46.7949375,792.1798333333329,46.2738181818182,803.357363636364,54.523857142857096,646.924272727273,53.2806111111111,646.669090909091,1740.0154,390.508909090909,1294.7960909090898,775.6778513588594,1385.951694285993,1721.926131397918,1382.6886366698463,2129.9331825633926,464.61760357487947,314.31690440513194,319.3450014805421,4502.042999956757,30311.40899984166,10999.103198992088
117,44.7041111111111,1896.3933,8.91412598425197,8.831016260162599,52.2640555555556,809.687333333333,55.12675,804.3157500000001,51.308142857142904,636.631083333333,49.1048823529412,656.911727272727,1579.1467,378.94280000000003,1293.74872727273,778.7975342010803,1379.6001242821671,3112.58314582641,1379.4159467447148,3193.475392307693,533.8876973837614,348.5116962110624,365.7321009086445,5638.771501253359,102690.56489923969,6093.55199849233
118,0.12417409033877,946.8925999999999,5.49070142180095,9.027044247787611,21.737612244898,648.9662000000001,8.06562962962963,160.29308333333302,17.8488548387097,492.70941666666704,8.06603816793893,160.16408333333302,2236.7542727272703,326.39000000000004,1298.35236363636,943.4831981471555,343.10359309847894,1371.8823811388402,1392.3386919400116,1777.488941149194,563.5196052026004,164.3658004468307,403.12380297109485,8669.513399945572,17232.43029555306,2023.6223994288594
119,0.08443439999999999,945.445333333333,5.61620634920635,8.851764705882351,16.5533548387097,470.2001,7.04678145695364,157.685833333333,12.0388777777778,321.62,6.770855345911951,163.13327272727298,1884.80433333333,322.414,815.4803,772.011811918933,344.3325306999745,1037.4649370132556,1036.1396866315874,1425.5899500597982,313.42110014520586,197.89610232692212,400.8762974990532,8781.114194425754,20374.728794558905,1634.6873017027974
120,0.12037891648328601,1282.0742,5.707339999999999,9.86090322580645,23.5216382978723,641.847666666667,9.72755357142857,217.062545454545,16.4689193548387,436.35089999999997,9.490762295081971,214.8082,3264.3218,433.790545454545,1143.68109090909,1465.1904963361746,461.8619808438275,1382.9056919461295,1381.2426582555836,1890.3234106937032,519.1316071432084,241.39629676938057,531.5615067956969,11465.05189826712,21352.183099952526,2831.146400421858
121,40.8608333333333,1938.22583333333,6.991815950920239,7.07159146341463,50.2037272727273,873.4508,48.93765,868.2506,43.1752173913043,634.695583333333,43.4205454545455,650.6194166666669,2101.8868333333303,500.36941666666695,1760.1444999999999,1012.4932772107612,1847.5722649325155,2297.0188087960764,1839.7432631871181,1895.4740164378827,515.2504978468642,385.7063042232767,388.1552955135703,5895.4543026629835,85418.5418022098,11993.750900728628
122,38.8504,1937.63290909091,6.305836956521739,12.609913043478299,67.5618125,1503.9778181818199,68.3799333333333,1499.19045454545,58.127,855.863545454545,59.3437894736842,868.3026,2831.5978999999998,492.3207,1773.7250000000001,1007.6515868769361,1845.0114894719975,2766.218856618224,1841.7094490533627,5663.6216875,692.1142048668116,416.68649937491864,430.3354042349383,9345.274596125819,22365.308392909355,7685.817498713732
123,49.9032608695652,2556.0159,6.98903311258278,6.99383870967742,73.9608666666667,1070.21708333333,74.8687692307692,1080.73263636364,79.7959166666667,861.775083333333,79.9255714285714,865.62825,2351.9625,519.7828999999999,1754.57466666667,1009.7201498052694,1858.3015381571142,2296.25659448293,1839.3121910922282,2837.3040590077976,400.69740207400173,472.0022960100323,466.006898204796,6078.92090047244,39133.031203527935,11182.177002774552
124,0.12137324691882702,1284.2389166666699,5.704206703910621,8.40722302158273,43.1078695652174,1281.07866666667,11.917554455445499,218.8235,43.9982272727273,1292.2450000000001,11.5150297029703,215.322,3479.17245454545,441.42425000000003,2375.94316666667,1471.6179022989077,461.15715358942197,3215.4628230769245,2802.8840533275434,3304.4422476923082,802.5118004297838,157.5051952386275,550.472000031732,16695.615302887745,26374.92369976826,2415.176501381211
125,0.118133266421323,1276.5172,5.668727272727271,10.6420363636364,29.6794736842105,863.829090909091,8.92686746987952,217.939818181818,23.0505833333333,642.4641818181819,8.913115384615379,214.18727272727298,2533.1962727272703,432.1914,1458.88408333333,1004.0957292610888,461.7003622617924,1837.285290094117,1866.0541937888447,2370.2902477498305,846.5328050078824,209.7360964398831,599.0450037643313,14346.96200012695,49971.648401697166,2542.013701167889
126,0.15829158207090402,1268.8589,5.647026595744681,9.80876470588235,43.8231153846154,1263.62754545455,11.014819047619,217.9521,37.3781785714286,1041.5362499999999,10.9084761904762,210.8052,3421.16136363636,437.216545454545,2051.47781818182,1244.8011502642391,457.36115753423803,45786.902200000004,2349.5156793801984,3783.283409090909,936.9136038003489,299.6021998114884,501.8069030484184,21085.369694628753,64576.358904014334,3489.2019000835717
127,0.103249849064198,1274.04158333333,5.708834146341459,9.07662831858407,44.088652173913,1294.37325,11.313132653061201,218.748909090909,37.616592592592596,1090.6791,10.7771382978723,213.582636363636,2762.06654545455,434.1905,2083.2032,1011.6783000663988,457.6223252755743,2291.308739930861,2779.452962511335,3292.78059076923,630.6180031970143,178.9118949091062,367.62589879799634,11024.02119722683,20554.170093964785,2455.636698869057
128,50.3514761904762,2555.2792000000004,6.94468707482993,6.85100595238095,81.29,1083.9922000000001,80.545,1085.95345454545,75.13092857142861,853.245083333333,73.79114285714279,862.6107,2338.62763636364,504.925,1753.3800999999999,1006.6533442096658,1841.6538473797439,2759.8134103221164,1845.020613650891,1898.0512073031123,563.6500049149618,321.4247088180855,323.8363016862422,5902.464792598039,34879.675903357565,10946.567100472748
129,39.2841333333333,1928.6284999999998,8.30707954545455,8.32944366197183,62.1428666666667,1079.94872727273,61.865117647058796,1074.62763636364,75.1197692307692,882.19525,76.0975,861.266583333333,2368.61408333333,508.547916666667,1757.51716666667,1018.310374449552,1850.0409567166046,2300.469123550799,1835.5491779001559,6606.833217142857,683.7095046648756,485.8556028921157,504.415002069436,5831.502305227332,18407.917802687734,7330.924697453156
130,0.118634595465531,1271.6926,5.71578645833333,9.03247899159664,30.1817777777778,862.511272727273,10.7478256880734,218.6839,24.2021428571429,637.036454545455,10.5373711340206,213.806727272727,2762.09863636364,430.9413,1450.63016666667,1245.8093665735014,459.0115110979859,1836.1654781135903,1867.564910027634,2367.9212916322554,501.52759940829134,152.12040452752262,402.6016977149993,11481.068597640842,41661.06879711151,2024.3628998287022
131,52.427947368421,2563.991,7.04880487804878,7.0398,50.861894736842096,1069.97558333333,48.0364285714286,1074.0134,61.9066470588235,855.229833333333,62.443,858.9537272727271,1893.7104,496.72454545454605,1763.682,1011.435644595414,1840.2157771360248,2295.34662025277,1839.9364739274704,3303.5322107692305,526.6863998258486,425.71729281917214,423.21109503973275,5901.492899283767,83235.25159794372,10649.500600993633
132,51.0724210526316,2643.4578,7.03053424657534,6.95579393939394,80.80120000000001,1074.77109090909,79.76814285714279,1079.6445,76.2059285714286,862.228363636364,75.0281666666667,846.975363636364,2084.21041666667,509.13681818181794,1755.707,1013.4441975882795,1843.2019894496025,2742.7164052119724,1833.4034477383143,1890.6726120606259,445.6287017092109,441.9750941451639,436.9745001895353,5881.721500190906,88595.59570264537,11156.82750241831
133,0.118610082663872,1286.69058333333,5.71446305418719,9.02782,51.7477619047619,1521.5004545454499,11.2642315789474,211.880909090909,58.3705,1740.6905,11.4536304347826,212.40439999999998,3012.0052,437.10310000000004,3008.0034,1714.3590434426042,461.56092957681506,3226.9895123076926,49692.734619999996,4253.755798,954.5459965011105,283.7290085153654,639.5201984560117,22472.57140406873,48799.550405237824,2552.21459956374
134,0.09947544642857141,1281.42208333333,5.26890322580645,11.8318229166667,30.306027027027,868.533583333333,10.5720363636364,219.303454545455,31.139702702702703,863.2455,10.7946285714286,217.8864,2993.56633333333,440.7678,1772.5715,1709.147406286533,459.5827061109856,4598.78424,48944.905880000006,2368.099045624552,1095.7544000120834,215.15490661840886,783.3826006390154,21128.195294295438,21411.69419628568,3392.650399473496
135,0.152628316112818,1281.52133333333,5.7051188118811895,9.094646017699109,51.9109090909091,1290.40858333333,10.511582608695699,218.03990000000002,45.274,1266.5777999999998,10.1555545454545,213.225909090909,2633.70266666667,428.4597,2386.159,1250.7809352294416,458.2565299432511,3204.7226200000005,3764.393220000001,3768.565227272726,731.7893003346398,175.1534000504762,641.9295008527115,19363.301497651264,26693.663193145767,2463.1954001961276
136,41.8122916666667,1912.0992,6.98033974358974,6.984378048780489,74.8777692307692,1064.9514000000001,72.2605714285714,1060.63909090909,65.3298333333333,858.885272727273,66.6667333333333,834.530416666667,2344.76590909091,500.3285,1759.87341666667,1007.0580645836117,1845.5454781666867,2295.0589152818507,1838.5315383665977,2362.165486125676,494.5330001646653,350.71809834335,358.120197779499,5714.694800553843,77137.56409939378,12835.576198995113
137,0.118459511206217,1274.61627272727,5.57260194174757,10.5097128712871,36.7884516129032,1059.54427272727,9.74310619469027,216.263166666667,44.1145652173913,1303.6981666666702,9.919026086956519,209.03990000000002,3243.2816,432.294666666667,2387.2094166666698,1952.1073796926023,461.06901838010174,2292.759189794802,49126.908240000004,2839.1671169013293,1080.1169002661481,275.0937972450629,546.25190095976,22547.697107074782,67685.18470635172,3744.9388997629285
138,43.0525,1926.71608333333,6.9360843373494,7.00317021276596,74.4947142857143,1066.6621,72.5632307692308,1087.28045454545,66.5304375,879.9414545454549,68.7349285714286,854.343454545455,2332.53381818182,509.69700000000006,1771.88663636364,1012.6293147995121,1842.706293462328,1842.7936889316034,1838.8287494301715,1905.6404013153492,612.5393963884562,389.69639281276613,395.8957007853314,5847.954904311337,53926.97410134133,14615.582700935192
139,0.119574631787206,1278.8807000000002,5.689765625000001,9.14403937007874,30.1576285714286,846.6831,10.5131981132075,214.79475,30.3234722222222,860.5577,10.372737373737401,210.058333333333,2303.7085,435.6603,1752.1872727272698,1236.2348686540358,459.3784877207283,1830.311879691995,2836.664307403818,2355.028922709446,584.0460042236373,214.1409000614658,469.96040327940136,11215.942597482353,37263.12729995698,2085.409499704838
140,0.104971132636425,1274.4003,5.74961142857143,8.2745390070922,30.239,853.3416,9.80227586206897,208.93854545454502,23.8316,633.986166666667,9.88364102564102,216.273416666667,2529.63,433.914727272727,1450.5935,1006.719141795026,459.73589360832324,1839.1153238717714,1859.552358668138,2364.727590623805,426.8787015462294,35.389201366342604,518.5092013562098,9019.008601899259,55723.50190195721,2286.147599807009
141,38.6087,1918.39258333333,7.04838815789474,7.03878947368421,64.316,1065.13790909091,62.269764705882395,1069.36916666667,71.1323125,865.8089,69.37914285714291,857.482272727273,1896.78575,511.238833333333,1764.32241666667,1007.2636486288517,1846.9978759754888,2308.7293267848295,1837.1639622946425,2373.131703230421,576.8719041952863,403.24570145457983,404.1953041451052,5803.771008504555,24152.89150958415,10749.020698131062
142,48.9425217391304,2589.83945454545,6.93201226993865,6.91446,75.8797142857143,1072.8232727272698,77.5614285714286,1056.45181818182,69.024875,866.5612,70.5476,874.0687272727271,2120.3817,510.446166666667,1766.1718333333301,1013.7530961060152,1844.66578400137,2307.569463503017,1840.9314407935697,1895.222311131444,624.5198019314557,346.44649422261864,350.63519899267703,5960.75999783352,7445.942799677141,24549.889101763256
143,0.0855395166073547,1291.69745454545,5.72957303370787,7.78215,30.517970588235297,854.208545454545,9.78782644628099,208.027833333333,23.0993043478261,647.310818181818,9.759483050847459,208.5834,2809.2889999999998,433.838090909091,1448.22127272727,775.3448369232447,461.1337425691598,1841.614858816599,1871.7090025812352,2371.5004214017717,500.677403761074,239.86899468582124,459.33679793961346,12719.560106052086,27797.251104493625,2208.674099529162
144,40.2793214285714,1926.43581818182,6.979344370860931,7.06744171779141,55.227,1093.15108333333,55.7446,1078.81675,64.5357058823529,851.226545454545,66.1472352941176,874.5484,2104.62363636364,500.17699999999996,1762.51316666667,1006.0218539087183,1849.2151135410777,1842.8811162693826,1845.79750710372,2366.1831829030757,493.6379031278193,339.18330154847354,344.6657967288047,5850.393295986578,11400.035000406206,14586.196499294601
145,50.5371111111111,2545.06425,6.95439655172414,6.93498192771084,69.249,1294.06427272727,68.178,1299.9,68.5180833333333,838.528583333333,68.5231333333333,865.479416666667,2361.4366,498.63679999999994,1762.374,1008.3654708144908,1839.3300058672291,2291.53525149585,1829.0993230192887,6133.010254285714,571.7165942769498,380.8043053140864,374.86010405700654,5853.0107024125755,30757.282904232852,8379.688701825216
146,0.123032930610499,1281.37272727273,5.30197685185185,9.37193333333333,36.5924333333333,1066.36109090909,9.53146721311475,216.171909090909,37.1816875,1046.84754545455,9.53955833333333,209.36090909090902,3522.8765,429.258090909091,2079.1671818181803,1007.1077869464436,461.2867596675477,2300.9773273853084,49010.381799999996,2840.449853988512,915.0998026598245,214.988601510413,594.0736038610339,16932.82300257124,26499.43930155132,2898.9832993829623
147,0.102253135284177,1280.0874,5.71792574257426,9.25693693693694,23.5040208333333,635.731083333333,10.0296261682243,214.275181818182,16.900918032786898,426.078333333333,9.94318348623853,211.036818181818,2995.9515833333303,437.7208,1149.1479090909102,1471.9884497370633,461.84502938880803,1378.655925730952,1380.6767289558188,1894.9482021281879,576.4115048805252,174.57280191592872,472.35810779966414,15367.778597283177,39209.080807631835,2667.466099956073
148,50.482200000000006,2565.6370833333303,7.0475793103448305,6.98431176470588,64.5258666666667,1526.3879,66.5474705882353,1503.8271,42.891592592592595,623.9042499999999,43.110125000000004,649.056545454545,2119.8078,497.8666,1770.0355,1009.6263194616484,1850.590857680327,2290.7691083239606,1829.0470289404902,3294.720029230769,463.87219917960465,431.1526019591838,429.7019011573866,5947.811194346286,93923.91009314451,10139.319297741167
149,51.2144117647059,2553.01181818182,7.0890993377483404,6.997999999999999,75.6500769230769,1075.0443333333299,75.733,1078.25318181818,70.60725000000001,876.763363636364,70.49873333333329,852.2112500000001,2353.009,500.251333333333,1762.44009090909,1008.2317155390537,1841.4945581101053,1847.6662583319828,1836.68790715916,2842.7504344378317,543.5218045022339,371.56879843678325,388.1375916535035,5913.267098367214,81660.00120108947,11527.103700791486
150,49.1444285714286,2554.9408000000003,6.90375342465753,6.93591891891892,63.822933333333296,1288.0140000000001,65.9477058823529,1284.38225,74.1116428571429,854.983545454545,70.1099230769231,868.147181818182,2342.38890909091,506.4759,1754.57058333333,1009.2672983994086,1848.2096728473532,2309.7493901493535,1843.1746089399583,4256.809224,527.368500479497,360.4624973377213,371.4385034982115,5733.999493531883,59321.55340560712,9572.059998754412
151,54.745,2569.8375,8.26143165467626,8.40425547445255,49.1824736842105,1079.21654545455,47.40715,1082.14018181818,72.087,861.801333333333,73.6161428571429,861.7988,1884.37318181818,499.83125,1777.1643,1016.7514614833093,1844.3604544090938,2298.706465117305,1838.5224082588893,3307.5450261538463,608.2420004531741,391.9919952750206,395.7788023399189,7391.39330398757,107718.47270079888,8141.8824003776535
152,1.28708812260536,2472.27258333333,5.73525789473684,11.3460659340659,101.007181818182,2989.80791666667,9.95539603960396,213.8315,138.290416666667,4006.4329166666703,9.78969811320755,215.870636363636,4155.69972727273,457.505454545455,6405.2089,2878.3716047057856,458.51914276488174,4127.080260000001,48860.988520000006,46823.68118,1678.1384038040414,473.16979616880417,1235.2218065643683,26552.52729600761,21219.295694027096,4528.385298908688
153,0.118440791476408,1275.20763636364,5.728700980392159,7.6868947368421106,23.9214186046512,631.496363636364,11.172297029703001,215.2917,17.6565689655172,421.374,11.106915789473701,212.847545454545,3239.4186,437.991,1150.3990833333298,1247.6984228290912,459.7084684531366,1377.3642276617916,1383.5449175027436,1896.4332370445593,551.1514027602971,148.6608962295577,456.91629056818783,11117.948099854402,21006.538302754052,2919.9150012573227
154,38.3560333333333,1925.86663636364,6.97164739884393,6.95594,63.8545294117647,1068.20818181818,64.8714375,1051.46290909091,73.58371428571431,857.04875,73.97078571428571,842.208727272727,2116.3531000000003,506.83318181818197,1763.65472727273,1008.4836786742641,1844.8135700696998,1848.0440320864457,1841.8874254391264,2842.6511501652176,601.7310981405899,337.5939966645092,356.1224992154166,5848.0818988755345,53311.14309665281,16825.432601035573
155,50.8189523809524,2568.11554545455,6.79924096385542,6.81034810126582,71.2502142857143,1285.41541666667,68.73225,1292.00672727273,73.3196923076923,870.029636363636,77.7248,865.723666666667,2093.51809090909,513.1224,1751.2285,1010.2990408084737,1843.955299241939,3671.7289236363645,1833.6964207443357,4231.927150000001,485.27819744776934,439.91349812131375,434.62530011311173,5998.627303051762,45378.740192973055,18519.53450241126
156,49.18705,2556.2422727272697,7.01916551724138,6.97758598726115,55.6867,1069.8294166666699,56.2835,1086.80772727273,63.003882352941204,878.098666666667,63.4156923076923,872.4376,2362.8516,493.03358333333296,1765.3199000000002,1006.808337497004,1863.6434912843797,3223.7077784615376,1842.261493707019,3778.194116363636,512.5805007992312,386.50009664706886,384.947401471436,5950.004296028055,119052.01999470592,9717.564799939282
157,51.6113636363636,2566.4324545454497,7.62863157894737,7.48744852941176,49.8105714285714,1085.3641,51.58675,1062.208,52.1619523809524,635.17075,52.681105263157896,648.9097,2327.6265,502.931090909091,1770.5457,1004.7669100740393,1843.686994222179,3219.8208999999993,1834.4740760030904,3776.7538218181817,518.9124000025913,443.75839934218675,437.52489727921784,5904.754699440673,19991.882296744734,8558.77150024753
158,50.7955,2571.51609090909,6.97369,6.96546951219512,61.58888235294119,847.902,59.1964117647059,853.243833333333,54.5585555555556,641.5124999999999,54.1207619047619,650.860909090909,2105.8636,505.39466666666704,1757.3470833333301,1009.8588120799719,1844.1800483506233,1837.7499912521519,1838.5601604955687,1899.0524199607817,514.6063020220026,321.0208029486239,337.5106054591015,5701.198798487894,30446.12489757128,24787.244497565553
159,0.116882104326549,1278.81409090909,5.70062068965517,8.9684649122807,37.14875,1075.641,9.84535042735043,211.664333333333,36.758333333333304,1052.50833333333,10.0931652173913,210.263909090909,3001.00709090909,433.75800000000004,2083.657,772.0276214355304,459.87130407404663,2298.9943988836517,49446.2103,2839.203413375607,691.0165975568816,206.26629993785173,626.2258975766599,14045.528901624493,27026.517599006183,2804.487702087499
160,0.11645489327426499,1594.3774166666701,5.53219711538462,8.86959541984733,46.7052608695652,1348.08566666667,12.4301318681319,266.138583333333,47.188875,1340.8393,12.0088736842105,265.068416666667,3534.8794,548.16125,2714.78154545455,1243.67657015585,575.2886879285495,2882.2643812403708,3543.7465933333337,3570.2861233333347,908.1172989681363,244.9438965413719,624.478590907529,13957.617699634284,66671.62659869064,2726.7800993286073
161,0.117389839085113,1639.20118181818,5.63557837837838,8.72384848484849,38.5134615384615,1062.1339166666698,12.359931818181801,267.69409090909096,38.2768709677419,1073.16836363636,12.090670329670301,271.844,3487.5135,542.329583333333,2325.7399090909103,1526.0683703813124,573.3098502217127,2297.011382555121,2927.2953745284526,3558.2690266666655,655.8938941452652,36.96609928738326,424.81529526412487,13813.180106808431,124883.33079381846,2673.0993995442986
162,54.8417,3202.1113333333296,6.8771986754966905,6.80528301886792,71.65657142857141,1348.3217,73.53025,1323.33736363636,79.4365833333333,1073.13981818182,76.191,1088.6706,2959.6735,637.795272727273,2360.6101818181796,1245.097608199369,2310.572967719516,4624.342931111111,2313.2766332072483,3566.286446666667,603.3753044903278,484.36920333188027,499.5414987206459,7070.617092540488,24326.79480407387,11085.753102088347
163,0.136424878624852,1600.17883333333,5.60129756097561,9.01025438596491,47.0662083333333,1310.554,12.6776888888889,267.006727272727,56.592941176470596,1601.53581818182,12.9455274725275,272.6953,4679.596545454549,549.8938,3108.3308333333302,2114.2201031157815,573.893827652649,2880.3939219999056,61312.142700000004,3543.3758833333336,1052.0897019887343,331.30560477729887,690.5398011440411,22255.453193793073,42570.0265011983,3957.5189002789557
164,0.119897052927025,1608.88790909091,5.59212886597938,8.9094609375,38.3141333333333,1062.3155000000002,12.7989010989011,271.0355,38.3997777777778,1054.97645454545,13.124402439024399,265.73269999999997,4374.65408333333,554.3668,2344.90990909091,2135.598607960318,578.6262166704631,2310.629706071206,3550.301708333333,2964.433171166199,915.8949018456042,267.2240021638572,747.9891064576805,20713.806396815926,54258.959196158685,3328.296699328348
165,51.481318181818196,3201.3525,6.12563372093023,11.4529010989011,80.6241538461538,1605.37116666667,81.833,1622.41954545455,71.1215333333333,1085.0458,72.8804666666667,1041.35958333333,3269.22581818182,610.315727272727,2321.18872727273,1252.1924199963523,2301.953975017926,3474.2803300000005,2304.044963865862,7716.319340000003,1024.934000452049,683.7825058028102,700.3409991739318,10539.122502086684,12297.649693209678,8167.4199987901375
166,39.927833333333304,2392.23925,6.80416470588235,12.019936842105299,69.1387142857143,1347.794,67.88678571428571,1319.93158333333,71.9797142857143,1059.7701,72.8492142857143,1081.73354545455,3555.05891666667,615.1505000000001,2356.5902499999997,1249.2490369140348,2319.2078018474576,3469.9822283333324,2311.7073402649326,5318.690955,761.5373033331707,449.85019776504487,450.89029881637543,8866.488895728253,13913.54630177375,9492.20710026566
167,53.24264705882349,3906.621,6.8160612244898,6.77881,76.6533846153846,1346.61463636364,78.2213846153846,1352.82433333333,52.2672352941176,808.3876,52.5127333333333,819.086181818182,2651.1677,626.134909090909,2326.306,1248.2831350194576,2313.4957880927177,2296.4417039060363,2304.9387022044207,2382.851497416932,629.8499036347494,507.63408944476396,521.4330041781068,7169.637005426921,32366.469901171513,27783.64590194542
168,53.3212222222222,3220.5477272727303,6.79886982248521,6.82910588235294,68.5198571428572,1365.4489999999998,68.6005,1369.985,47.8977619047619,803.1362727272731,45.4167083333333,801.836727272727,2667.4251000000004,612.94925,2333.4110909090896,1256.448727017259,2305.603878567374,3457.30287,2323.195065244706,2376.2129789409787,555.4863979341462,459.93840030860156,476.728702778928,7159.34919717256,59831.25169877894,19002.519600326195
169,42.889875,2412.70663636364,8.213140000000001,8.16991666666667,77.9831538461538,1355.2594000000001,76.7642857142857,1375.69863636364,88.15,1073.1597272727302,90.0945,1068.75081818182,2677.5314,638.35225,2364.71141666667,1247.234548161437,2315.455183788647,2893.307204397949,2305.40196040316,7657.259633333334,709.7885973053053,502.5474005378783,503.6772025050595,7205.7403973303735,36678.84210590273,9063.811899977736
170,44.050875,2401.75645454545,6.81746875,6.83969863013699,60.640307692307694,1359.3610999999999,60.7169411764706,1353.04709090909,47.0022727272727,808.4205,45.353375,814.7141818181819,2973.9724,609.0065,2349.33075,1242.0840188156783,2308.1880111323608,2875.8733668949644,2304.0430825987964,2377.355625258635,608.7169982492924,421.58269498031586,422.76789899915457,7032.154803164303,40573.30569776241,27577.735198428854
171,0.13341214977742902,1603.0196,5.58798901098901,8.17454482758621,47.040555555555606,1338.962,11.514551020408199,272.2672,37.8205925925926,1064.6563333333302,11.393412371134001,271.88275000000004,3803.2360000000003,553.741916666667,2322.97054545455,1541.9402777628782,574.9605000895887,2880.291256103437,2903.9097763454192,3538.3095449999996,683.1755017628893,175.75199890416116,380.3187981247902,13961.963806650601,34253.42650152743,2948.358000139706
172,0.116790577605679,1600.2184,5.65359512195122,9.047456692913391,55.8529473684211,1616.7053,11.875739583333301,273.78839999999997,55.6005714285714,1594.73863636364,11.843211111111101,267.126181818182,3512.462,554.591090909091,3123.16972727273,2406.042972143172,574.504375311994,3459.2752899999987,4099.856226,4131.6049760000005,897.2747978987172,209.355098195374,741.7337998049334,25524.1581966402,29060.22340466734,2302.533999318257
173,0.14587592210091502,1593.7,5.50014634146341,11.350072916666699,55.337500000000006,1569.7438,10.9603020833333,262.8449,63.7959375,1873.5501,11.2183711340206,261.865833333333,3778.63025,552.868833333333,3878.3601,1546.9168944838996,573.9796639817399,3455.079386666667,60640.6895,6497.3228685714275,1374.811097048223,346.3529021246359,727.5550946360454,28671.25019838568,69289.26539840177,3827.2553007118404
174,53.8109473684211,3209.77181818182,6.78472,6.81871176470588,63.54917647058819,1354.48581818182,63.535176470588205,1358.8517,66.4494666666667,1091.36227272727,66.8675333333333,1045.994,2647.2052000000003,614.0576666666669,2349.68272727273,1244.098707432769,2307.8899792269667,3452.654288333333,2302.0691566004734,2365.212913140659,592.551106819883,393.1665007257834,402.05020050052553,7013.711301260628,22504.853102145717,21878.6673998693
175,0.223321914893617,1598.18341666667,5.42262085308057,11.982897959183699,65.40994117647061,1895.90709090909,14.584217948717901,262.768083333333,65.2925,1874.56016666667,14.5854871794872,270.961818181818,4097.4326,555.6034999999999,3490.21918181818,1825.0602665326142,571.0942972522174,57486.67996,61508.20442,5322.89238,1418.4520958224311,264.93539626244456,845.7868971163407,25610.06290197838,109307.42069904227,4401.910700835288
176,55.25865,3191.2785999999996,5.6147923497267795,14.148049382716,71.87146666666669,1315.63181818182,69.6300769230769,1350.2342999999998,76.598,1081.52458333333,76.02869230769231,1101.6734545454499,3526.0649,621.397166666667,2335.9281,1242.6856022385398,2312.6799442496867,3448.9776050000005,2307.5565991449475,4131.645527999999,726.2599014211446,517.9330910323188,528.147496515885,9034.324696403928,22780.065002734773,9118.079900508747
177,0.115870964112949,1605.1392,5.27566375545852,7.867145038167939,37.931566666666704,1052.75536363636,12.573555555555599,269.563909090909,29.3774102564103,816.3090833333331,12.4677976190476,261.3659,3788.64091666667,548.009727272727,1948.0877,1530.3648813524342,576.0829170605014,2298.611853617677,2331.4368726677912,2963.8816206737542,616.4749996969476,235.08230224251747,442.93589307926595,13764.138400438242,37300.94039638061,2651.425698422827
178,54.8519473684211,3201.0959000000003,6.80181,6.77970175438596,74.00435714285709,1043.32054545455,73.7604545454545,1089.99427272727,68.39641666666671,816.2605,67.3738571428571,787.497,2947.44833333333,643.904636363636,2339.18672727273,1241.1635435410542,2312.656661274491,2309.1086965305744,2307.7787852240826,3544.0854900000004,622.0636976649985,535.0205989088863,547.0282019814476,7228.813803521916,22524.697202607058,27930.573900812306
179,0.102825061184533,1602.90375,5.56427027027027,10.8084392523364,37.8203571428571,1070.74972727273,11.2406354166667,272.1151,28.2558684210526,817.842333333333,11.088989473684201,266.211818181818,4058.94025,543.7883,1972.09209090909,1239.1766235030084,575.152705680383,2292.181639128816,2324.523238263126,2969.325508224657,1035.2720913942903,146.99349994771183,478.8767022546381,15363.813395379111,10098.850299254991,3120.8426982630044
180,42.7609166666667,2401.74936363636,6.79012949640288,6.83533142857143,89.0933,1861.9788,91.3459090909091,1904.54272727273,78.10707142857139,1066.16454545455,79.2049090909091,1049.81272727273,2679.84809090909,630.466454545455,2342.7074166666703,1242.2492733595639,2304.170916645677,3451.943661666667,2302.0357895292536,2368.551047006175,589.2535031307489,374.6411995962262,380.49129652790725,7080.703799147159,27147.87229488138,27538.097099750303
181,54.605000000000004,3204.00863636364,6.51805027932961,6.22434759358289,78.46715384615389,1349.5045,80.03007692307689,1337.3516,56.597470588235296,786.3722,57.8711578947368,806.176636363636,2647.20963636364,635.417,2324.7184545454497,1239.0304303233386,2311.8136498051877,2301.035757845231,2313.3299793326146,2370.2107879515625,531.2366993166506,420.27000163216144,420.02430418506265,7197.07140524406,20997.829499538057,27968.424497521482
182,52.7828421052632,4130.304818181819,6.88911,6.87251006711409,66.4498181818182,1345.15025,65.26735714285711,1370.83227272727,64.4175294117647,803.143272727273,64.63830769230769,820.704545454545,2959.2649,635.341454545455,2333.27716666667,1247.0294230086981,2304.135315865233,2297.9987827485206,2295.310197472028,2362.6929417157885,633.018504595384,499.4161950889975,513.7719941558316,7302.437498583458,35047.897102776915,9979.19270012062
183,0.120635633270321,2052.69118181818,5.536103773584911,8.853083969465649,39.0474666666667,1088.7052,13.942415584415599,265.433272727273,40.2387777777778,1091.74836363636,13.95312,265.78540000000004,3832.88563636364,548.5395454545451,2331.0615,1251.571088695321,575.9763555448114,57545.37756,61536.4059,2974.7867076483412,1106.685702688992,240.50820211414248,705.9296040097252,19001.71850284096,25604.4245994417,2919.1258014179766
184,54.6283333333333,3196.3233636363598,6.84822289156627,6.89016,80.8586428571429,1357.02066666667,81.02825,1350.72881818182,80.6120769230769,1053.24066666667,80.1298461538462,1069.22391666667,2392.3599090909097,628.231818181818,2328.685,1239.6709005442988,2306.0054346217175,3441.7587016666675,2292.0010644387307,2954.1391132864933,606.7898968467489,452.93240109458566,457.2741047013551,7182.362992898561,100733.55920321774,14050.926498021
185,57.2345789473684,3200.62918181818,6.15270857142857,12.1181020408163,63.380875,1350.7728,63.2891111111111,1352.29681818182,69.85575,1097.9386363636402,69.4585833333333,1082.3885833333302,2652.8541818181798,615.359,2333.872,1249.6910427071234,2310.629581973117,3460.0017450000005,2316.0944675966666,3550.749108333333,648.6617989139631,494.5175984175876,487.3746045632288,8869.526599301025,8804.628002690151,8735.48650124576
186,0.0877774643592285,1595.43925,5.54983886255924,7.59858333333333,39.4306551724138,1088.95036363636,13.256116883116901,266.18063636363604,39.4137586206897,1075.2656,13.111704545454499,264.72225,3495.3777999999998,558.2318,2331.8595833333297,1244.2972903387015,574.7850816606395,2307.3119985418093,2909.507599245784,3543.4141733333336,602.1384033374488,179.78590331040323,529.6060000546277,17028.1097991392,35605.68160028197,2935.454499674961
187,53.3698095238095,3198.4379,6.76793333333333,12.126571428571399,84.3830769230769,1617.9457,86.62989999999999,1628.13841666667,81.19359999999999,1067.8828999999998,79.7633571428571,1071.40766666667,4170.591,622.821166666667,2352.81666666667,1245.5022874780145,2314.7901812885193,3451.755585,2303.3196419654982,9447.241628,1026.5017946949229,666.6848930763081,684.3109003966674,14165.670701186173,14247.847101069055,8656.795998103917
188,0.11744529152797199,1606.80145454545,5.43991191709845,9.85708490566038,46.7689565217391,1338.32508333333,11.851488372093,276.08290909090897,46.6820454545455,1336.6235000000001,11.706252631578899,270.618,3771.41372727273,546.607909090909,2719.4952,952.3124017518556,575.4992115306915,2899.8934381654376,3497.6256649999996,3531.402291666666,640.437999390997,197.49159400817007,585.1375026395544,13624.799298122525,28710.52380942274,2951.2109991628677
189,0.118817208685901,1609.16733333333,5.71750561797753,9.73212389380531,28.400548387096798,812.3909166666671,10.3565225225225,269.523333333333,19.0257543859649,553.95225,10.1803652173913,266.9144,4384.3105000000005,543.245181818182,1596.43181818182,1530.305260074112,577.9765360751544,1734.7960554954561,1734.1087698906756,2375.5834450183497,486.5872993832454,30.4338987916708,349.66149542015046,12056.341205607168,157290.81670870073,2348.810702096671
190,54.50215,3200.76275,6.91060465116279,6.87222988505747,67.5510909090909,1363.993,67.5814285714286,1340.80283333333,77.1605,1090.916,75.26790000000001,1075.0502727272699,2635.16275,620.89875,2330.32236363636,1243.9118774264618,2301.8072642171505,3447.815523333334,2311.489653687085,2953.260392647633,517.6909995498136,460.51369863562286,442.0680023031309,7112.216902896762,88065.44969556853,15018.281800439581
191,56.93255,3199.82127272727,7.58092617449664,7.65888805970149,64.451,1349.921,66.0664615384615,1304.86509090909,85.4328333333333,1082.98227272727,84.64115384615391,1058.32436363636,2969.6916,638.2398181818179,2334.65272727273,1249.8530037386097,2304.053267506844,2879.82598684822,2294.766339059668,3547.3527566666667,601.9167019985616,448.99680360686034,455.89040382765234,8974.974197917618,56415.08539847564,8817.810600157827
192,0.223823123382226,1590.48633333333,6.194793650793651,11.1455869565217,74.3642,2108.77918181818,12.154,266.433833333333,91.415,2627.56572727273,12.337380952381,266.929833333333,4957.12763636364,550.095818181818,4616.72772727273,3295.6457184615388,573.6637291182769,4007.899340000001,61155.59446,3537.612148333333,1482.4081008555368,507.769497926347,801.0056044440717,31009.21929872129,22099.420602899045,4367.286901106127
193,0.102596085409253,1610.416,5.59832984293194,10.5719724770642,29.501837837837797,807.5808,11.8281927710843,274.740272727273,20.8832244897959,529.9343333333329,11.9428602150538,265.101545454545,3813.31883333333,544.571818181818,1608.31875,1843.0441359840515,579.1481480711809,1738.7390359961248,1733.8536244712188,2398.187335218058,811.5176082355902,35.78430041670799,454.8104974674061,20556.00529711228,110822.39060197026,3172.905702376738
194,0.0904015898251192,1592.9024,5.53404301075269,8.81316806722689,38.8643461538462,1064.88763636364,13.7386046511628,271.3899,30.456969696969697,801.282166666667,13.305908045977,262.954583333333,2922.76445454545,553.5906666666671,1926.26858333333,1252.5629348467937,576.6972555401136,2312.2040371519056,2332.5598586336273,2987.705408060864,466.6271968744695,174.84890413470566,425.689501571469,15361.826895968989,42470.69499979261,1942.3277990426868
195,43.75976,2417.33836363636,6.852914285714291,6.851814371257491,61.5079411764706,1080.64291666667,61.73233333333331,1056.64691666667,53.60995,810.8523333333329,54.911166666666695,812.094833333333,2672.9387,626.098727272727,2319.8141666666697,1245.7505503979653,2316.1870642114536,3476.834171666667,2304.9229476261326,2968.7416306736995,534.9667015252635,322.4695072276518,333.6377994855866,7180.683696060441,37747.4303037161,17948.220198741183
196,0.120057343475717,1608.3535454545502,5.58783152173913,8.16816541353383,30.081914285714298,817.4290000000001,13.1473820224719,260.8385,21.5345102040816,525.421916666667,13.152512195121998,264.75608333333304,3821.50081818182,550.163090909091,1592.44291666667,952.7388207210681,573.9843254439028,1724.6134643269759,1725.791008375777,2371.5895606454455,477.5678040459752,36.37160116340965,507.11710064206267,12010.575499152765,111481.48770153057,2704.5673021348193
197,0.0994765950358154,1850.37841666667,5.5854827586206905,9.100999999999999,47.6209545454545,1356.2413999999999,13.7404078947368,263.081636363636,47.794,1344.2415454545499,13.0581927710843,262.23009090909096,4079.7445454545395,549.763181818182,2730.9320000000002,1547.3941957623301,575.2309181898881,2879.013316396123,2934.9639406475494,3558.1584750000006,794.4208016851917,201.25099981669337,657.5040053576231,22303.53690101765,45424.6332985349,3172.8984991787
198,51.0297692307692,3200.8164,6.82559731543624,6.7776000000000005,72.7240666666667,1307.6855,72.4420769230769,1325.42572727273,52.06185,812.7013636363639,50.1891578947368,797.053833333333,2642.80572727273,620.2100909090909,2332.48509090909,1245.145558103041,2295.8140668010737,2881.104877767277,2302.6948084287314,3551.7910749999987,623.4991014935076,509.98040242120624,520.2483909670264,7218.701101373881,37338.072701822966,27559.421202749945
199,0.137178024448504,1598.01033333333,5.45618181818182,8.145057142857139,57.500684210526295,1597.94966666667,14.6647564102564,260.66727272727303,47.3263333333333,1334.51525,14.5931282051282,262.0461,4300.21666666667,558.5086,2726.26154545455,2123.529613338836,573.9322798039839,57393.243619999994,2905.540662439855,4142.896686,692.7170004928485,204.73199256230146,848.4005928039551,24347.015100647695,33122.331704362296,3207.1205001557246
200,54.3276666666667,3867.94609090909,8.0094,8.160400000000001,93.39754545454551,1597.78291666667,95.5790909090909,1577.5361,98.2531666666667,1276.4857,94.1652,1277.2584,3176.36236363636,773.866416666667,3022.39508333333,1477.475239708662,2791.0833840094233,2788.953079539504,2782.550394740592,9255.966996000003,613.206101115793,368.3666029246524,363.64279803819954,8828.299495507963,61339.107900857925,10388.42780108098
201,44.417759999999994,2900.6747272727303,6.8103666666666705,6.807,72.59150000000001,1293.17363636364,70.394625,1248.38081818182,60.3368823529412,963.3582727272731,61.11494117647061,977.2855,3563.24816666667,760.713454545455,2998.6899,1483.18769344366,2801.4122254136573,2782.4923271713155,2806.4513714770787,3568.9689816666673,627.9669963987544,588.9611958991736,553.9143952773884,8498.583498294465,62537.31950127986,20515.794897801243
202,59.1750666666667,3880.7165999999997,6.8459,6.79343529411765,69.1868571428572,1613.6362,70.3376875,1629.27118181818,66.9524285714286,967.89025,69.4514285714286,965.9724,3562.0177,775.7316,3026.89,1486.304937666838,2794.235246361594,3498.825283333333,2791.240073645575,3588.1833950000014,638.230302138254,584.3583989189938,578.6183901363984,8565.089100738987,74019.68019257765,16631.93509739358
203,0.104759512668844,1932.41263636364,5.48278888888889,6.77912280701754,44.644200000000005,1292.89172727273,13.004932584269701,310.86936363636397,34.9127878787879,967.5655,13.290443037974699,327.589272727273,3907.9365833333304,681.3998181818181,2996.8082000000004,1827.7084820591438,695.9035903389679,2792.7350856106873,2805.1953757793685,3570.122463333334,581.0730013763532,184.8198036896065,407.8318044776097,14240.676403278485,35951.462903176434,2560.7616000343114
204,0.118658186864015,1937.1565,5.52104285714286,7.6511333333333305,46.685590909090905,1275.031,16.172375,328.275181818182,36.494749999999996,977.4718,16.054,317.257181818182,4236.1333333333305,687.753909090909,2555.5841,1481.358629719031,698.545651678294,2790.4544961735774,2805.78616986254,3558.727781666668,293.4746938990429,119.41999837290496,542.5085953902453,16165.445899241606,75839.81270145159,2819.774701492861
205,57.10275,3861.2146363636402,6.80848993288591,6.741506578947369,89.3213636363636,1619.73590909091,87.33658333333331,1622.96716666667,92.9995454545455,1265.70509090909,97.40650000000001,1274.79691666667,3216.549,789.713181818182,3004.79936363636,1471.1082527196932,2809.232282881188,3481.2233883333333,2788.456822209954,2851.416844396736,624.4901014724746,478.6375007824972,480.1917995791882,8260.382901062258,81862.14950110298,17990.30280089937
206,58.2761764705882,3869.78625,6.82373214285714,6.82590506329114,76.8274,1250.3931,78.75507142857141,1258.68709090909,70.210375,976.043333333333,68.1913125,959.7195,3554.8056666666703,781.383090909091,3007.7376,1486.7008044069817,2808.6684638879938,3502.4999133333345,2790.917726346971,5007.0857925,569.1671947715804,532.8624072717503,534.2582997400314,8719.025008031167,39173.26110531576,9365.01859978307
207,45.2658695652174,2893.42816666667,6.75022516556291,6.81598709677419,78.1738333333333,1622.3953999999999,76.0316923076923,1602.08636363636,84.704,1300.2903000000001,89.3464545454546,1305.9585833333301,3571.896,760.9640999999999,3034.54454545455,1472.547831959216,2772.237485879536,3496.475905,2796.2068286588974,2856.207456784932,608.1061001168564,465.7682962715626,452.84930674824864,8386.54389954172,95945.06610301323,15994.738900917582
208,59.1140588235294,3874.375,6.83503333333333,6.79136,100.587818181818,1623.83390909091,99.62525,1622.14775,93.5955833333333,1281.68783333333,92.3934545454545,1297.96281818182,3574.7237,785.673,3047.9279166666697,1467.1496956976569,2787.4548283658787,6288.010885714285,2782.62167185806,4291.587419999999,589.3113993806764,380.08359842933714,375.9529034141451,8513.949296320789,63873.16630280111,10858.985700178891
209,0.119086263020833,1939.43983333333,5.6142289719626195,10.6880185185185,67.7950666666667,1908.4244166666701,13.8744084507042,324.666,77.64375,2254.01618181818,14.045324324324302,315.94309090909104,4949.56091666667,674.688363636364,4407.2718333333305,2860.3235696537554,690.8090528086028,4171.67144,72932.91326,6442.564031428573,1018.0701036006212,373.32899519242346,788.5522965807468,37174.91409624927,44728.74139610212,3715.8096994971856
210,0.13625706940874,1930.92845454545,5.466558685446009,7.49151298701299,78.5200714285714,2264.9635000000003,15.4676811594203,330.321,89.5033636363636,2565.32754545455,15.0974054054054,323.736090909091,5662.2847,687.0943,4920.5843,3600.7253350000005,693.9656040082172,70158.04638,4913.366239999998,4275.756673999998,1155.3631076822057,513.6866035172716,1063.7004947056994,32197.340897982944,32604.332096525468,4698.646700126119
211,57.7981052631579,3871.46291666667,6.72101851851852,6.76863483146067,73.8831538461538,1607.8665,74.68114285714279,1574.2385833333299,80.3012142857143,1293.01366666667,80.7023076923077,1251.2888,3196.205,758.466333333333,3025.86858333333,1482.8709560857842,2785.980264779188,4182.951764000001,2787.728709021455,4301.12426,524.7052962658927,521.6356046730652,524.8203000519425,8325.291398796253,48999.74860018119,28176.117700058967
212,0.188958802146443,1938.2704999999999,5.5239170506912405,11.254,58.3885555555556,1598.934,16.398661016949198,321.088416666667,79.7521428571429,2284.3271818181797,16.1859166666667,319.0501,5290.63672727273,689.921818181818,4435.749,2546.1137573880496,699.9482234648941,3491.048101666666,73395.23538,4287.774462,1533.9990961365402,404.56270216964185,968.7546989880502,34255.16469869763,42335.371393710375,3641.1748005775735
213,44.2478076923077,2498.8949000000002,6.82101724137931,6.8003771428571405,63.6551176470588,1299.96291666667,62.705875000000006,1263.28125,55.247052631579,981.605166666667,51.6675,957.814833333333,3235.0650833333298,757.205636363636,2983.056,1492.3076122657187,2803.1947922378463,2795.370478868624,2788.2705191111727,4322.066605999998,537.4238040531054,400.62020416371524,405.9043916640803,8232.218399643898,14192.289800848812,29391.738600679673
214,57.8887692307692,3877.4831000000004,6.831019230769231,6.816529032258059,80.8633,1289.1532,79.25450000000001,1263.31691666667,69.635375,968.1221,70.5856666666667,945.989333333333,3209.8396000000002,780.185916666667,3000.398,1471.0573277721733,2802.1662139857012,3478.4319583333327,2787.578901524857,2863.9294186123143,644.2841986427084,377.67679314129055,381.7995951976627,8323.179004946724,63944.35740367044,25281.649301177822
215,47.40025,2903.1780000000003,8.1818115942029,8.139930769230771,68.9470625,1598.79481818182,68.6418,1633.50818181818,62.663529411764706,969.0754999999999,62.1246666666667,974.1116999999999,3582.2967,767.563545454545,3045.3079,1482.6813022908236,2799.8604803492317,3525.7817433333316,2786.3449223693337,4290.868148000001,607.3821044992656,576.7273047240451,573.2759076636285,8498.763502575457,20465.558700379916,11768.920300528407
216,61.16529411764709,3865.19190909091,6.800801324503309,6.71400657894737,104.79075,1959.13381818182,100.803,1902.81941666667,91.5180909090909,1266.18818181818,98.73383333333331,1291.11925,3545.377,792.2645,3001.46208333333,1472.1893728990556,2776.8753771852957,3479.8829783333335,2794.4786182657695,2881.1489401889785,496.0394027875737,486.48609954398125,489.74199453368783,8536.992207518779,46351.01380117703,13769.872501143254
217,43.8858461538462,3350.2533636363596,6.81894155844156,6.71653289473684,96.9459,1962.4665000000002,99.2590909090909,1899.1355,90.8882727272727,1302.1434166666702,88.35369999999999,1263.66375,3193.21845454545,769.0223,2983.88283333333,1471.6342515318722,2789.1619322842644,4876.185999999999,2790.198597465107,2870.4642306871506,649.0904983365908,498.34660021588206,525.0717978924513,8398.753401706927,44641.88100246247,25987.365600303747
218,58.0801666666667,3886.0684545454496,6.74345341614907,6.72406711409396,69.6196,1268.86425,68.7805625,1298.7351999999998,59.3266111111111,959.363636363636,60.1661666666667,983.793454545454,3570.25675,760.5734545454551,3029.31509090909,1486.4216546712037,2780.0782489038165,2792.5754679273705,2780.4540164775635,2862.1732119361122,681.3500920543447,512.1663969475776,511.65530458092684,8705.676600220613,152289.26339768805,13075.101299909875
219,46.627421052631604,2911.1929090909102,6.85641176470588,6.8038,89.47433333333329,1625.42736363636,87.0910909090909,1636.3829166666699,102.933833333333,1285.85736363636,98.6535454545455,1300.5677,3206.9777499999996,792.1234545454539,3028.7819999999997,1487.6531727504048,2784.0505799637735,3507.0790749999987,2781.836507662556,3567.1932633333317,579.4944998342544,376.90419994760305,389.5753965480253,8388.411300256848,52645.64230456017,15275.418999954127
220,45.5878636363636,2907.98727272727,6.8418940397351,6.80634,83.763,1625.268,86.36308333333331,1631.43466666667,91.39930000000001,1308.6255,87.23575,1314.3835833333299,3580.8226999999997,771.450454545455,3026.8219000000004,1489.8582886246595,2792.27352759499,4184.726970000001,2793.0307879423153,5004.095728888889,576.2170942034572,416.7732025962323,430.6383925722912,8517.963698250242,196499.61329996586,9781.987901078537
221,59.026,3873.62708333333,6.8090454545454495,6.8067950310559,87.0002727272727,1582.2250909090899,86.67524999999999,1593.1326,62.59982352941179,971.9934000000001,60.647777777777804,946.041333333333,3182.78258333333,761.0778333333329,2973.91433333333,1479.3478459402784,2780.6896056228175,2804.203759337046,2790.9994471447553,2851.5019224522816,542.6986987004057,597.4537954898551,603.6626000422984,8499.712098273449,42278.870902373455,21045.84420158062
222,56.4422666666667,5027.12816666667,6.86667261904762,6.84305063291139,90.4056,1613.2375,92.2684545454546,1564.9532727272701,66.3032,968.68075,65.84,939.6066000000001,3559.4466,783.785666666667,3012.64372727273,1478.3545186877977,2790.8392534489185,4879.4625822222215,2797.4816510396877,4293.44946,563.7633032165468,463.2732045138255,458.8779993355274,8637.28849508334,79360.34919694066,14749.73980220966
223,56.625,3878.21381818182,6.84611184210526,6.86913,88.26599999999999,1625.9548,90.1884545454546,1603.69372727273,96.5026666666667,1296.69727272727,94.56963636363639,1294.8954,3578.0083636363597,786.3077,3032.0714,1482.233657782714,2794.0236921056085,3488.544554999999,2773.0707919027295,3589.8580016666665,621.8854017788544,472.80649887397885,473.7377952551469,8507.918403483927,46864.370003459044,12168.844701955095
224,60.3826470588235,3882.1573,7.4962638888888895,7.70344,76.7364615384615,1617.6325833333299,76.6986428571429,1607.44225,88.44900000000001,1304.87616666667,88.73727272727271,1304.6237,3567.36327272727,767.587090909091,3044.8754545454503,1483.508724659886,2811.1765363252507,4159.052667999999,2805.574987103219,5692.7799725,630.3346017375588,512.3551993165165,514.7824063897133,8404.02520261705,36880.982405273244,9638.80069903098
225,46.209199999999996,2900.9460000000004,6.22251075268817,6.1590421686747,82.8871,1291.1837500000001,80.743,1253.2646,68.1157857142857,956.51275,70.0142142857143,982.537916666667,3184.99508333333,786.772727272727,3018.91033333333,1473.6858684793172,2788.493077924712,4161.462944,2777.970641430936,2876.7140685310155,565.4758017044514,516.6570976143703,527.2551032248884,8485.867900890298,52704.778901534155,24586.373099009506
226,0.107120859538784,1925.9371,5.54731219512195,8.193432,34.0446176470588,948.2533,12.933797619047601,317.57908333333296,23.4762040816327,642.8572,12.9629743589744,319.8095,4936.1865,671.9373,2172.41518181818,1137.2462753767754,699.2965256185472,2098.6941866702196,2100.7168727902904,4302.996138,1056.2989948084578,213.64560525398701,631.5116974292323,28461.456307559274,67072.11259345058,3551.0425019310787
227,57.0374705882353,3877.59281818182,6.8881447368421,6.87278666666667,68.74925,1625.798,65.8411875,1624.64908333333,81.79153846153851,1285.05541666667,82.2436666666667,1291.04433333333,2886.77709090909,764.113363636364,3010.25591666667,1475.9063315212022,2798.3502356574063,4882.789193333333,2793.1993497220024,5016.5039400000005,656.0232024639845,495.2235001837834,505.27100102044636,8461.494999937713,116668.47310261801,12316.576900775544
228,0.161910836109789,1935.1372000000001,5.534219780219781,10.0860347826087,57.5857894736842,1589.45491666667,15.1564102564103,328.73260000000005,46.38664,1249.0446,14.6147857142857,318.35427272727304,6084.46236363636,678.1614545454551,3012.94690909091,2899.1105158657556,697.0908189448422,3518.8023166666662,2095.180693804337,5035.3381524999995,1360.676798503846,494.72350219730293,843.1477006524801,37060.20320241805,26867.32969887089,4477.627799496986
229,56.192444444444405,3878.2180000000003,6.8300318471337595,6.78667231638418,75.0889230769231,1315.75575,75.1550769230769,1270.44741666667,65.55321428571429,984.7110909090909,64.4022941176471,965.09375,3228.976,766.035833333333,2981.70290909091,1486.7846533982954,2795.4720363835986,4183.399008,2793.5036138196156,2865.8220640389563,642.9739994928241,543.5325962025672,550.4778964677826,8562.979297130369,26796.537800692022,13600.549797411077
230,55.16165,3885.7912499999998,6.77217333333333,6.76532402234637,88.5477272727273,1589.28125,91.289,1611.0582727272702,78.714,1257.21627272727,82.27030769230771,1252.58254545455,3215.44654545455,752.5083999999999,3020.2614,1480.3656874383994,2797.8768670891177,3501.321166666666,2785.8703229342395,4293.382738000001,689.5240949233994,452.37130543682724,456.56179427169263,8415.591198718175,38432.72119993344,22940.040900721215
231,55.707249999999995,3883.84072727273,5.4822722513089,10.692714285714299,98.6147272727273,1951.7157,99.34063636363639,1954.7789000000002,58.511588235294106,987.480363636364,59.7318235294118,974.1653,5770.86966666667,762.231083333333,3002.1565454545503,1479.1549936956455,2776.147217205457,3482.769163333333,2792.983710708188,5000.4248325,896.0554987424985,722.7030029753223,725.8570956764743,16652.701099519618,31204.552005510777,10021.087800851092
232,58.0253157894737,3872.818,6.77168874172185,6.84418666666667,76.3740769230769,1275.52418181818,74.5491428571429,1278.1373,67.6762,976.440916666667,66.08131250000001,983.9439090909091,3190.4095,772.9185,3013.9973,1489.486785291299,2793.689409807783,3493.4110949999995,2777.218011881109,2863.739917367562,691.8128987308592,478.9775994140655,490.0257976260036,8535.964399925433,30429.740698309615,30132.25279864855
233,0.118249347998639,1939.91891666667,5.5515257731958805,8.844853658536591,45.897695652173894,1288.01172727273,14.388841463414598,313.9434,46.368923076923096,1288.86433333333,14.2710704225352,315.033727272727,5339.16033333333,678.244636363636,3017.8080999999997,1125.1157445125295,701.032843909165,2805.7970573682705,3520.6304166666673,3595.1468849999997,463.9038990717381,186.21899653226137,520.2896951232105,22854.078793898225,32174.378298805095,2871.5177002595738
234,0.117917616811983,1933.068,5.51815639810427,7.471168831168829,36.1161290322581,961.668083333333,14.757961538461501,324.64966666666703,25.3972608695652,658.1118333333329,14.1504507042254,317.696454545455,5377.2893,675.845181818182,2547.8412500000004,1825.5961566616568,697.2496992133692,2086.4040804620786,2087.2864979127858,4296.1106,632.0201035123318,247.45439877733588,559.3244975898415,20514.24590172246,44574.755895882845,3010.9796003671363
235,44.552173913043504,2904.56675,6.78850641025641,6.79777,81.8725,1301.45890909091,79.4207857142857,1314.5602000000001,68.4445,963.0555,71.1811333333333,951.3623,3189.5872,771.894083333333,3008.5896363636402,1480.0683457568339,2761.0340347287533,4191.026461999998,2772.31440207606,3558.114474999998,628.0673987930641,492.2584019368514,500.57939661201095,8414.48129795026,82002.11449875496,21362.039598170668
236,57.2633076923077,3871.1635,6.79988607594937,6.80082119205298,64.32079999999999,1255.8246,65.565875,1273.0322727272699,54.49,972.468333333333,54.689,953.838583333333,2521.37383333333,744.220090909091,3017.75272727273,1471.2793216446964,2778.300903954233,2793.8509931104113,2800.4310404367675,5713.696594999999,535.4281020117924,414.7828003624454,424.3229981511831,8249.133799108677,34459.08540452365,13636.777899228036
237,0.117972452407615,1933.8762,5.5395,8.11258865248227,35.7466,980.8680833333331,14.6108333333333,329.29200000000003,25.2092765957447,634.802416666667,14.424835443037999,316.5,4610.82863636364,675.8323333333329,2166.6147,1813.9039301234632,697.8878048175561,2113.14497627886,2090.2052975235893,2867.809505489359,208.86799320578575,31.677706283517182,419.18719362001866,14324.826197116636,132044.59938860964,3410.8129009837285
238,43.5558148148148,1926.9416363636399,6.85669318181818,6.84357647058824,65.3291333333333,1594.99963636364,64.86764705882351,1609.7465,60.135,941.2710000000001,63.4422777777778,971.972083333333,3210.8464,762.860583333333,2994.68345454545,1460.9113258498003,2791.0640235668843,2791.081753853872,2790.610563557071,4275.923084,477.28340432513505,452.5270051090047,461.95799950510263,8746.919894474559,35292.96420456376,29503.1724992441
239,59.4133888888889,3865.08581818182,6.67809090909091,6.79870967741935,105.21245454545499,1937.19383333333,104.7898,1929.6608181818199,105.8927,1259.5587272727298,104.06179999999999,1275.06354545455,3169.5145,789.199636363636,2988.73309090909,1480.4587744332564,2772.3058183031053,3506.369146666667,2781.9574136529322,3562.5659849999993,636.653698165901,426.5053052222356,421.71259701717645,8387.953997589648,158475.32800398767,13023.018999956548
240,61.213705882352905,4485.4271,6.783496774193551,6.79860355029586,96.38025,1859.07172727273,95.4577,1919.66609090909,98.78472727272731,1479.63308333333,99.8433333333333,1515.78708333333,4196.22525,929.742,3908.237,1714.346341275694,3310.429901538461,3305.002204615384,3332.611873846153,5934.014857142858,572.2998990677297,305.20970467478037,319.07320371828973,9385.177501826547,114351.51889745612,11439.197100116871
241,0.14843282652043902,2237.3949000000002,5.54598557692308,8.852982608695651,67.3115625,1886.49266666667,17.371016129032302,378.799636363636,66.96775,1825.1281818181799,17.4418852459016,368.794083333333,7074.789,823.986181818182,4427.34566666667,2950.6843358916935,826.8817017866315,3315.629446153845,86507.42336,4257.20123,915.1237027253956,349.88831321243197,801.5298051759601,35153.378697577864,46909.40580039751,4498.940001940355
242,0.118911977908181,2242.30263636364,5.54430769230769,8.06854861111111,68.381,1922.9993,19.5702909090909,376.42727272727296,55.588125,1498.63663636364,19.612406779660997,380.551909090909,5452.746818181819,852.272416666667,4501.383000000001,2117.043469928911,830.9407930929774,4154.350184,4140.660382000001,5087.651455,738.3619027677923,213.1724962964654,623.806202202104,18972.21369727049,75004.47210040875,3475.643999991007
243,60.29525,4455.6744,6.64866451612903,6.7791500000000005,95.5826363636364,1896.5175000000002,98.4845833333333,1891.24718181818,75.9636666666667,1123.16516666667,75.61,1090.5545454545502,4180.36009090909,921.0251818181821,3847.951,1701.7275298468537,3311.5770138461535,3319.3423153846156,3334.944121538462,5974.648602857142,490.1064065052196,507.1821040473878,533.5019988706335,9509.996499400586,108112.1375929797,12295.376099064015
244,0.104156855298139,2233.9282727272703,5.54296666666667,7.45867,56.117944444444404,1473.01416666667,18.2013272727273,380.56629999999996,43.584296296296294,1143.33145454545,18.4506612903226,363.315454545455,4557.022583333331,829.835,3856.81758333333,1297.4754166246667,827.0624285902013,3328.9777716666676,3327.308315384614,4250.875748000001,623.3401014469564,285.40190251078457,632.6604954665527,25959.669396979734,46412.112601683475,2464.9394006701186
245,0.10340830168204,2243.57208333333,5.53209178743961,8.199720000000001,43.7213333333333,1110.6261818181802,20.211830508474602,375.58639999999997,32.577000000000005,754.6573000000001,20.279698113207502,376.6481,5829.54,826.2602499999999,2905.3251666666697,2121.451763529886,825.8775917459897,2469.2331046857767,2479.7644470652235,4220.442926000001,431.7232989706099,214.2720972187817,547.8671024320647,23572.155501460657,51322.862098459154,3313.776501454413
246,62.3728571428571,4483.6916,6.85256493506494,6.82332,89.096,1861.3943,89.912,1862.35263636364,72.75485714285719,1140.64972727273,72.39646153846151,1090.46372727273,4194.782,924.296833333333,3854.91141666667,1716.4984168947171,3308.215130769232,4154.961515999999,3309.168635384615,7607.740333333334,595.1131955953315,449.577096151188,446.53109507635236,9660.058200825006,135516.17700140923,12091.836900799535
247,61.6836111111111,4486.80425,7.5216204379562,7.524215277777779,94.0685454545454,1890.3706666666699,95.4706363636364,1845.60154545455,97.1888333333333,1504.083,96.0852,1455.9569000000001,4172.6733333333295,916.7195454545459,3864.76316666667,1719.8750505866108,3312.9237338461535,3288.606256923077,3333.419232307693,5076.2332925,671.0891058901325,549.379302538,546.5160997118801,9639.222198165953,110695.81609335728,9533.505901345052
248,0.14980988372093001,2241.93245454545,5.43624064171123,11.2039158878505,66.9945333333333,1837.0004,15.433547945205502,368.962090909091,54.9862631578947,1487.45833333333,15.6935416666667,377.2973,6285.01245454545,829.143166666667,3869.57609090909,1697.407247069839,831.0106002425135,4124.797223999999,3330.809213333333,5925.901968571428,1326.224798685871,330.151102389209,735.2396001806483,23985.805702977814,71054.85800129827,4301.746800774708
249,0.100340666029041,2246.48709090909,5.52667592592593,10.2484038461538,79.2362307692308,2236.0768181818203,17.8483166666667,377.020454545455,79.4746923076923,2265.09783333333,18.1196034482759,381.1406,5440.076999999999,840.5098333333331,5040.45391666667,4537.657857777777,824.2459420891855,4168.141084000002,86294.0942,5955.274048571429,1454.67089896556,324.7982996981591,829.2008948046714,44039.925004472025,78511.50979986414,2895.1771004358307
250,0.121903485550408,2241.47918181818,5.514193548387101,8.88759230769231,54.8387142857143,1509.9573,17.706323076923102,370.83029999999997,55.95875,1504.82433333333,17.5722121212121,380.6322,5867.3594,813.185909090909,3918.0026363636402,2122.023259320727,834.9998309944705,3299.6817200000005,5044.4683775,4229.716657999999,860.717601608485,273.9350020419806,683.3583960542455,25848.62929652445,78790.49590264913,3738.1371977971867
251,62.2478181818182,4478.162,6.82226623376623,6.80751875,101.458454545455,1913.05536363636,100.1482,1851.7060000000001,73.0994615384615,1143.50991666667,72.1104285714286,1110.0084,3781.01216666667,930.1796999999999,3892.0769999999998,1698.7711764403998,3316.274983076923,4188.906914,3362.7091249999994,5069.51534,551.3762967893854,478.95590250846,474.4240955915302,9523.874701699242,79088.6866976507,31244.43370033987
252,61.46472222222221,4465.95436363636,6.6682941176470605,6.76537333333333,89.8589090909091,1850.99563636364,90.3386,1882.5183,66.192875,1141.46866666667,65.9270666666667,1107.8638,3757.393,909.3238181818181,3870.08545454545,1706.0422763015106,3322.48420923077,5780.381442857142,3337.770295000001,5067.30533,431.91659497097135,513.5321000125259,505.9521063230932,9579.800599021837,78949.86609753687,29886.467201868072
253,61.8482352941176,4473.95633333333,6.77383522727273,6.72432876712329,100.974,1845.218,101.11566666666701,1885.05772727273,75.1466153846154,1144.7249000000002,75.9628571428571,1107.63025,4163.2861666666695,934.3219,3881.78325,1695.6539165571883,3327.2898153846145,4116.664138000001,3337.546585,3394.9072249999995,566.8887024512514,482.03319893218577,482.25159698631614,9695.168791222386,95305.41729473043,14257.188799092546
254,0.10286632031171901,2229.07425,5.4007014218009495,7.40183660130719,67.2105294117647,1922.24641666667,16.98334375,379.17780000000005,54.1791,1526.9264,16.5971111111111,367.997636363636,5390.362,809.925454545455,3865.7497000000003,2112.0425460657557,825.535290584108,3304.7284876923077,4992.28,4218.6766020000005,717.1222940087318,205.75500093400478,585.633103037253,26462.2595947003,56677.84650286194,2773.456901195459
255,62.8110666666667,4485.6215,6.79003,6.8186,83.5129166666667,1881.92391666667,82.6035,1862.92875,62.2405625,1141.13781818182,61.071,1147.54436363636,3781.8566666666698,909.7937000000001,3873.23791666667,1713.5831642758603,3316.519861538462,4117.281674000002,3305.7047953846154,4252.407186,535.2949927328154,504.7552986070514,498.24460584204644,9825.332707259804,184534.92470143829,15374.839201103896
256,62.79486666666671,4477.43872727273,6.80672,6.81557051282051,83.9266153846154,1496.3294166666699,83.6313333333333,1489.82566666667,73.1773636363636,1101.97727272727,73.26492857142861,1125.203,4201.7472,919.5158,3903.0258,1705.8880321266643,3329.0562116666665,4102.856958,3308.5578984615386,3407.688311666667,643.6218041926622,418.45050000119954,410.75759509112686,9460.371799650602,186804.19539741706,15743.46190027427
257,52.087950000000006,3357.06341666667,8.21958778625954,8.22236090225564,78.61571428571429,1874.71272727273,82.2373333333333,1836.64054545455,68.4497857142857,1137.5484999999999,67.0896666666667,1091.86608333333,4638.42709090909,928.139727272727,3875.79354545455,1698.2595434620089,3295.919809230768,4139.785078,3308.6874600000006,11839.20772,549.222101108171,634.8093971610069,647.467203089036,9677.240296150558,37656.07320237905,10067.926798365079
258,60.320105263157906,4490.97563636364,6.82135802469136,6.785529411764711,93.68400000000001,1893.6145,92.781,1849.13554545455,68.4004375,1125.76575,66.67331250000001,1114.3178181818198,3778.62427272727,941.7451818181819,3924.9652,1693.2491623487122,3331.323895,3355.1843266666665,3327.432783333333,5098.617877500001,557.1715970290825,413.1193010834977,401.2300953036174,9503.614003187977,37073.94160737749,31284.70960073173
259,0.355526708074534,2240.9060833333297,5.56498445595855,11.9658421052632,65.5207333333333,1879.0033636363598,15.769691176470602,370.669727272727,77.99935714285711,2256.9341818181797,15.5203623188406,371.078416666667,6629.51509090909,826.1406000000001,5012.55436363636,3316.9016492307687,831.0851974139757,4134.507361999999,86291.94972,5083.522690000001,1424.0138028981164,449.65120614506304,1027.4343978380784,32724.959595361724,30186.890697223134,4655.73170222342
260,0.13701114310755,2828.1572,5.575715053763441,8.801045454545449,66.93599999999999,1819.31181818182,16.174599999999998,365.7309,66.85900000000001,1843.12166666667,16.292125000000002,375.290083333333,5798.347,817.5785,4984.300083333331,1720.0557150994293,825.4168158323266,5784.05500857143,86022.69894,5937.897100000001,1088.072100537829,361.3964014220983,619.1968015627936,34926.329500740394,96836.86139760539,4132.519999984652
261,0.162083730219696,2952.25833333333,5.8274831460674195,12.9489333333333,126.171083333333,3738.1437272727303,18.766064516129,376.1068,139.7114,4082.98890909091,18.8193333333333,374.869666666667,5821.87627272727,838.3105,7812.35281818182,4607.03776,831.5710336072788,4110.075466000001,86112.70345999999,5147.0070525,1608.7202035123482,290.18979985266924,1124.8181923292577,46458.005299791694,23171.191100846045,5551.476799882948
262,0.0877370101847057,2239.87766666667,5.50087980769231,7.4150977443609,66.8382,1855.66991666667,16.4014603174603,373.123727272727,53.0712380952381,1514.50275,15.9219682539683,377.14,5018.46291666667,818.252,4445.9882,1307.9083192199423,829.3320355041891,4148.529983999999,5017.5682225,4264.366098,778.0749030644074,194.0799003932625,480.69109907373786,18648.705995292403,48293.609102256596,2644.331200281158
263,51.2336818181818,3376.4899,6.82919108280255,6.91829375,90.5435833333333,1501.74225,90.7373333333333,1464.8600999999999,79.70178571428569,1116.16391666667,82.1135,1136.9365,3790.71009090909,933.43,3875.99418181818,1709.0079859720063,3339.2254333333326,4192.513526,3308.5157830769235,5083.116155000001,696.0792001336813,347.14919747784734,345.29590338934213,9794.863400748,151299.3128009839,15746.34499847889
264,63.143058823529394,6732.06336363636,6.80751479289941,6.84477333333333,107.442333333333,1871.6470833333299,103.92718181818199,1907.86008333333,88.9875454545455,1142.097,87.352,1107.42358333333,4204.21027272727,958.592666666667,3925.0744545454495,1716.0579213838605,3314.684052307693,4971.813433333335,3322.7940738461534,5069.320082499999,680.819308036007,472.72410010918975,482.7004042454064,9651.79749764502,80630.89990173467,13452.087799669243
265,61.721611111111095,4479.3819,6.53056547619048,6.50992655367232,88.7895833333333,2239.919,88.7198181818182,2274.12741666667,70.08218749999999,1148.3031818181798,67.79712500000001,1103.39572727273,3774.55716666667,925.280727272727,3892.611,1708.5738323921553,3317.655258461538,5806.070671428571,3302.127921538461,4249.061352000001,509.3022045912221,517.809801385738,531.0253036441281,9611.461698659696,41701.996396295726,30966.009901021607
266,63.50552941176469,4468.7257,6.8093355704698,6.79315789473684,101.1266,1893.8798181818202,98.908,1894.09633333333,105.44825,1491.4869166666701,103.039363636364,1491.12783333333,4219.455083333331,918.522818181818,3846.7383,1702.6175166492067,3316.6964769230763,3299.310976923078,3323.095126153846,5070.4790525,714.8408098146319,517.9499974474311,502.1541990572586,9517.307303030975,66208.01559765823,10566.928400658071
267,49.2807619047619,3341.5474,6.88576608187135,6.800613095238099,99.4228181818182,1888.555,98.65009090909089,1897.428,103.721090909091,1489.31218181818,99.9015,1491.81083333333,4187.481,927.0546363636361,3877.181,1703.6728815832353,3290.8780446153837,4945.433002222222,3281.558524615384,5100.653915,539.6550986915827,373.4797064680606,380.39879291318357,9594.66709755361,139339.64069874492,19251.525300205685
268,0.12130822711471599,2254.90009090909,5.55821739130435,7.43418064516129,80.5373076923077,2270.27608333333,17.3896567164179,375.4275,67.486,1902.92375,17.7201846153846,387.14025,5385.396500000001,838.826181818182,4449.94916666667,1706.259663877082,825.1036795910403,82917.0237,5012.386735,10168.40267,899.2275921627879,247.7460016962141,616.5178958326578,27814.56759548746,67160.93190188985,3262.5763007672504
269,62.7061875,4490.5067,6.1048124999999995,13.407545454545499,77.2097142857143,1831.46845454545,77.9980714285714,1901.79390909091,92.8992727272727,1506.09158333333,95.68719999999999,1479.15636363636,3794.26663636364,913.945545454545,3857.0624000000003,1710.4497592216312,3334.2963,7440.181493333333,3312.709113846153,5959.472097142859,613.9523960882798,605.2040029317141,615.9256008686498,11895.73899609968,35801.51660135016,9052.098300890066
270,60.854538461538496,4488.14991666667,6.6708954248366,6.7521,79.7902142857143,1479.98741666667,79.33,1474.5035,65.8179333333333,1109.78081818182,66.2054285714286,1128.7795,3774.89175,911.673833333333,3873.83509090909,1702.8842573392187,3321.580596923077,4129.310046,3303.7779215384635,3380.25854,594.1268027527258,519.1295000258833,515.5159946298227,9564.988495549187,94424.33440417517,12701.332598226145
271,64.0885,4497.82008333333,6.83271428571429,6.86112,77.0463636363636,1899.83745454545,77.7187857142857,1872.80275,70.4732857142857,1132.2753,69.0210625,1135.71175,4175.6255,929.610181818182,3894.6342999999997,1695.6422376251082,3308.351432307693,3317.9937507692316,3321.065827692309,5994.73726,719.4369070930406,491.61919741891325,504.96519543230534,9640.200799913146,170543.5209965799,10813.376499572769
272,0.0874865456136513,2234.5112999999997,5.54135751295337,7.49221830985916,53.1259047619048,1501.04954545455,15.799800000000001,376.108272727273,40.3031785714286,1141.28541666667,15.279236111111102,380.40274999999997,5017.43427272727,811.2970833333329,3338.61854545455,2116.779852289304,825.0101038111391,3297.865152307693,3337.275200000001,4236.666266,525.9596975520253,185.7653056504205,490.0443978840485,18839.358098921366,74992.70840198733,3045.6398002570495
273,0.11731943879625899,2240.8516,5.54335813953488,9.78097435897436,66.6267333333333,1907.54958333333,17.736924242424198,375.36474999999996,67.7166875,1908.02509090909,17.5839310344828,366.19320000000005,7068.14427272727,833.2899166666671,4447.26683333333,2539.3552332849395,830.2289813455733,4172.045226,4178.9442800000015,5074.21262,1052.6145022595301,257.2685945779085,701.5099981799722,34878.738698898815,62746.474496088915,3963.1781983189285
274,0.12290480193338199,2243.51,5.5572619047619005,8.73081395348837,81.3,2227.6807,18.5804375,368.264727272727,66.9643571428571,1856.84627272727,18.696109090909097,365.48690000000005,6195.15,828.504636363636,4438.21690909091,1304.9656951091827,827.9906560988532,4989.9251866666655,3332.630912307691,4253.8006780000005,977.0936012500897,284.4419999746606,635.7117963489145,29923.603098723106,20906.02320386097,4031.09889884945
275,63.411705882352905,4472.192499999999,8.05984126984127,8.1927874015748,98.7966363636364,1823.26772727273,96.5061818181818,1882.2795454545499,76.9523076923077,1092.58709090909,74.5526363636364,1124.7410833333302,4630.0734,941.3048,3862.54408333333,1709.6554838958484,3308.2672076923063,4170.566604000001,3313.4228523076936,5972.654228571429,727.9887009644881,548.4349996550009,563.1392064969987,9816.2133974256,14511.056200717576,10131.010398617946
276,48.082590909090904,2245.323,6.79835849056604,6.837260000000001,88.2023636363636,1519.63725,85.6199166666667,1484.976,75.39435714285709,1141.99158333333,76.26657142857141,1130.7279999999998,3742.6299,954.309181818182,3888.41075,1695.876099583696,3334.6898999999994,3302.4148676923087,3330.4912716666663,3406.513973333333,693.2652904652059,609.6530007198453,619.0384039655328,10126.626104465686,42255.98589691799,31213.386802119203
277,61.452777777777804,5023.30745454545,6.81126490066225,6.83105369127517,95.17054545454539,1857.54925,95.0288181818182,1898.2165833333302,99.3416,1534.7535,98.98027272727269,1483.20472727273,3765.32863636364,927.264416666667,3894.7253,1719.30417559709,3311.1383230769225,4135.975764000001,3292.8530246153855,3387.877885,670.8899018121883,513.3118975209072,506.7326972493901,9697.17969710473,72173.11810236424,27290.05310102366
278,66.5668666666667,4484.99866666667,6.76137853107345,6.8000880503144705,99.80300000000001,1899.43390909091,98.4498181818182,1854.93836363636,97.1520909090909,1525.03427272727,100.80579999999999,1488.808,4190.36272727273,941.9675,3890.791,1713.5552764437834,3301.658978461538,4183.75486,3320.8535800000004,3409.4100116666664,611.0966030973941,614.8209009552374,624.1743016289547,10377.589002018794,55984.08109799493,18801.535898819566
279,47.3323333333333,2240.42490909091,6.61881818181818,6.729716129032259,103.230166666667,1838.0041818181799,101.247833333333,1867.57991666667,113.42320000000001,1495.42133333333,110.612833333333,1518.8357500000002,4156.2638,942.019166666667,3888.42027272727,1713.3296517085914,3318.809678461538,3304.3241753846146,3320.9780061538463,5937.549354285713,679.7108915634453,468.4078972786665,476.9470979226753,9720.381395891309,115349.89440988284,14569.849899271503
280,0.10641902530459199,2571.65958333333,5.516,7.3569416058394195,61.56399999999999,1745.7930000000001,18.728225806451597,422.2897,47.422375,1277.69458333333,18.781224137930998,436.9395,5786.909636363641,1037.19283333333,4135.04481818182,2440.5905052275875,973.0764593356402,3940.159383636364,3901.5550454545464,5946.749731428571,656.7089993041009,256.45269779488444,605.6001991964877,21405.58899845928,65472.26779803168,2945.6810996634886
281,49.551347826086996,4668.2077500000005,6.84689932885906,6.708320261437909,98.4739,2178.5859,99.0804545454545,2118.74118181818,84.4981,1308.86090909091,89.45145454545451,1257.74609090909,4317.47225,1161.73536363636,4752.5045,1931.2555914107031,3862.053265454546,3866.203485454545,3926.452594545454,4966.55242888889,548.3240005560219,485.9554988797754,493.7751044053584,10573.366499738768,90186.94480182603,14024.457801133394
282,68.4160666666667,5118.20283333333,6.10776063829787,13.6916071428571,119.335727272727,2153.12227272727,118.2728,2194.2959,87.4980909090909,1304.9496363636401,89.1905,1287.01091666667,5335.189727272729,1197.63090909091,4787.1989,1931.771468822058,3877.9955109090906,5854.649780000001,3874.006190909092,6967.685000000001,779.1717915097252,658.529598149471,659.6222025109455,13749.80300606694,18835.84519964643,9041.618599439971
283,68.6438333333333,5122.1998,7.4732056737588595,7.42541304347826,114.0171,2191.34516666667,112.36341666666699,2131.5731666666697,88.6055833333333,1288.9345,88.78020000000001,1320.99716666667,3416.93709090909,1172.5697,4852.408899999999,1944.0565812328823,3916.533003636363,6754.60238333333,3889.7902036363644,6955.9794533333325,609.9154037656263,404.33870162814856,407.9735983395949,10810.07800239604,270861.3172027981,12133.334099780768
284,54.1794,3831.1818000000003,6.708006944444439,6.76696428571429,104.812909090909,1671.38563636364,103.088818181818,1686.00191666667,92.0381666666667,1297.20416666667,88.65,1252.2677272727299,3877.1430833333297,1190.953,4759.2807272727305,1939.2698601353272,3889.577929090909,5866.721491428571,3895.123485454545,4002.061443999999,566.5963952196762,407.36730152275413,416.847801534459,10964.3264033366,50095.118302851915,14570.6078998046
285,0.12337339459120801,2561.3393333333297,5.456907216494851,8.91434090909091,61.98058823529411,1701.545,19.28745,427.6056,46.694280000000006,1302.3257272727299,19.6143728813559,438.795,6231.24381818182,1034.72416666667,4145.402999999999,1954.3872221310448,968.7221261727998,3876.4509800000005,3934.972054545455,4991.604488888889,872.1259975573048,269.5518982363865,641.1181995645165,24167.680402752012,64141.32330100983,3951.869101729244
286,69.1512,5138.948363636359,7.5299044117647105,7.56313669064748,121.823727272727,2176.2270000000003,118.047,2127.4272,127.945666666667,1730.9454545454498,129.0731,1731.3305,4363.51608333333,1186.60358333333,4779.49209090909,1960.4422442314305,3906.1067036363647,6831.735116666667,3919.944550909091,11934.900095,587.6764975255355,561.9298026431352,571.3479971745983,10956.59730490297,86046.63870064542,15647.127997362986
287,68.161,5131.7413,6.814193333333329,6.82379166666667,121.20090909090901,2168.42781818182,121.550727272727,2089.6058,102.995,1266.4042,101.042090909091,1287.24363636364,4329.268499999999,1193.37716666667,4772.45125,1938.1365108930895,3926.930714545455,5807.270200000001,3896.8828509090904,5995.591297142859,694.7803020011634,538.5092023061588,531.320198206231,10878.95320088137,102254.16439643595,17239.839999820106
288,69.3258,5126.891,6.43296629213483,6.49346107784431,125.23236363636398,2621.5336363636397,126.686,2629.482,121.314,1722.86175,122.81370000000001,1716.6652727272701,4856.60009090909,1190.57418181818,4822.406083333331,1949.0803716220848,3937.1107254545454,4901.304475555557,3946.35516,7942.01198,638.6658002156764,566.9256061082706,583.0342939589173,11090.299501665868,56263.8352974318,15060.899499803782
289,0.125344978165939,2549.58790909091,5.5243971291866,7.4612876712328795,47.1787916666667,1282.3222500000002,18.01825,429.47516666666695,32.2670540540541,862.015363636364,17.8403220338983,436.29272727272695,5747.64490909091,1017.43575,3587.494,3360.978815,972.0882215917233,2924.523762691051,2918.1586809712535,3995.048459999999,416.7149047134444,243.17179922945797,537.8989997552708,24243.37860138621,81779.2295012623,3066.0809978144243
290,0.200750858516484,2552.85966666667,5.42458421052632,10.2341363636364,62.5331764705882,1706.5634,18.4823278688525,433.339,61.810105263157894,1741.439,18.494881355932197,424.753166666667,7623.785400000001,1026.4935,4812.67418181818,2892.368308608454,976.7525310549746,3888.7316527272724,4881.75208222222,5024.386165,1199.6591987553984,346.54389892239124,683.312097680755,39832.74110360071,176680.8453015983,3913.367699715309
291,65.1786666666667,5104.63325,6.69201257861635,6.73047727272727,98.6147,1737.54181818182,100.2922,1694.96890909091,86.6338,1311.91041666667,85.14723076923079,1264.9486666666699,4839.547,1153.46536363636,4739.7736,1954.1085637944868,3931.4106527272734,3919.645687272728,3899.3970509090914,3990.83584181818,603.9710046024993,557.5083952862769,561.3090965198353,11276.772504788823,59456.175201921724,13744.487601798028
292,69.66986666666669,5110.1853,6.69078,6.70669142857143,105.6088,1725.9707,102.22963636363599,1710.53433333333,86.3714615384615,1301.92354545455,89.15881818181819,1275.41554545455,4819.6401,1174.08227272727,4820.767,1928.1932615434562,3900.1055872727275,3882.250734545456,3909.90664,4963.639975555557,596.0014008451253,351.3029922032729,353.52311097085476,10654.918701038696,206523.76470097806,16115.201299544424
293,51.3131578947368,3836.3772,6.85274011299435,6.80454362416107,116.64118181818199,2149.27263636364,118.650818181818,2166.112,88.16725,1266.17209090909,87.9490909090909,1266.1173000000001,4807.572700000001,1174.1706,4764.38845454545,1946.3131140176386,3883.5033563636375,4892.873182222221,3934.117310909091,4016.9024940000004,559.1853987425566,464.0246042981744,472.75150718633085,10803.692694753408,101958.26930284966,12023.586800205521
294,62.600125000000006,5111.02418181818,6.78200617283951,6.7612119205298,124.272636363636,2159.45091666667,124.78109090909099,2173.2276,108.667,1697.8302,112.676,1715.71736363636,4313.93466666667,1157.7915,4802.163,1941.9075075914789,3891.190952727271,5849.797125714285,3888.406418181818,3992.917945999999,655.5797997862101,547.6499005453661,533.3506065653637,10748.549303389154,171732.3071032297,22037.796099903062
295,0.131217782217782,3289.3071,5.55602857142857,9.820294736842099,61.885076923076895,1721.0520909090899,18.7755357142857,433.9497,47.5042916666667,1246.9105,19.1171071428571,421.0978,7168.23458333333,1019.8360000000001,4104.82041666667,2896.765284051478,977.9625656761337,3877.924101818182,3896.0638581818175,4952.128815555555,678.876496385783,37.27190487552434,656.3851988175884,31813.09580395464,125128.22780117858,4163.748899009079
296,69.58618750000001,7782.60290909091,6.77679746835443,6.787304635761591,120.002,2148.12183333333,117.347363636364,2181.01366666667,127.561166666667,1755.3694,129.146916666667,1707.41158333333,4840.13145454545,1198.1845999999998,4791.467083333329,1931.5457462778998,3924.465572727271,4850.090268888889,3912.316618181817,3989.834568000001,646.4525067713112,606.5734953153878,591.100292513147,11194.46829543449,186415.7828007592,16294.842699426226
297,67.11280000000001,5098.729636363641,6.81476821192053,6.82082781456954,149.009818181818,2147.69490909091,142.16116666666701,2113.5779,131.86520000000002,1723.97233333333,133.0317,1689.3208,4829.89727272727,1195.8907000000002,4788.8098181818195,1950.2266015209393,3874.352754545456,3896.2490181818175,3907.9520036363638,4001.611016363636,701.9397948170081,436.33910245262086,457.049798569642,10981.767097837292,168528.29649869818,13444.610399892554
298,0.100768575233023,2557.03933333333,5.56396774193548,8.85209090909091,48.0450588235294,1277.85972727273,19.6107254901961,430.48075,33.8969705882353,854.54675,19.3694821428571,431.1369,5707.78872727273,1022.946,3609.25927272727,1931.498691559124,966.0113422439371,2880.761303118251,2910.0969292240766,3995.1112890909094,896.2163934484124,182.85159894730896,437.0826965896413,18334.50910053216,18344.653994427063,2929.3302999576554
299,0.08978020171834139,2560.0897499999996,5.488234449760769,7.2911571428571404,45.651375,1281.2982,16.6576142857143,427.112,31.126368421052597,854.988083333333,16.3870322580645,426.4445,5773.9276,1031.64363636364,4163.26375,2412.3575902980137,977.9002828054774,2940.575010290685,2959.1056014026335,3978.2339836363644,563.3435997879133,29.711992829106748,259.7006008727476,18180.927401408553,334996.0298044607,2768.5222012223676
300,0.10173409909137701,2551.911,5.54138834951456,8.897092307692311,77.4597142857143,2178.84,20.92625,418.791583333333,63.2912142857143,1683.9743636363598,20.9835,421.69325,6216.94283333333,1037.28875,4774.29318181818,2872.573940316434,974.2927608687446,7775.901846666665,3923.5013090909097,5938.326245714286,931.1415982665494,27.32329594437033,294.2971041193232,23872.061510337517,78044.32280245237,3414.501599036157
301,0.12139602704987301,2556.38658333333,5.51084905660377,7.3778639455782296,48.4287142857143,1284.47781818182,19.4776610169492,431.54560000000004,33.8915,866.3853,19.667379310344803,421.647818181818,6735.8005,1012.42666666667,3574.54618181818,1961.3985936531465,972.5143459118995,2920.8134738262233,2901.890985547287,4019.6604019999986,430.469200364314,36.60790098365396,435.694694169797,18767.247200594284,142128.19459789898,3471.13810130395
302,64.15635294117651,5123.2609,6.02756626506024,13.1202530120482,102.3798,1726.28608333333,100.128,1698.1290000000001,89.0593333333333,1285.57891666667,88.93476923076919,1314.079,4351.67863636364,1186.03881818182,4794.29609090909,1955.008189738478,3885.8927381818175,3891.197983636363,3889.2113,7018.1197666666685,850.5794015945867,679.5890047214925,678.1751930247992,13776.062600663863,16128.530001151375,10974.590099067427
303,49.2586666666667,2561.50372727273,6.12389696969697,6.09335393258427,99.8928333333333,1760.099,98.0,1695.3448181818198,84.1265,1273.5384,85.61999999999999,1305.32641666667,4298.9830999999995,1187.19083333333,4768.02827272727,1961.5911047161192,3915.3957799999985,3926.4898218181825,3879.0011909090913,6000.309822857144,579.9480073619634,549.4165059644729,559.7618030151352,11092.088191071525,16290.209893486463,32488.857800490223
304,0.09019112814895949,3374.10072727273,5.5108359788359795,8.78684615384615,60.0284117647059,1747.54433333333,17.1950147058824,422.4486,46.2002083333333,1280.26445454545,17.2911343283582,428.486833333333,6259.2512,1034.476,4159.5011666666705,2887.533433766835,971.9776660691549,3910.5252709090905,3938.8045854545444,4976.1836955555555,428.16300119739026,40.27160757686943,420.6190031254664,26343.298406573012,177753.42559907585,3378.3705002861097
305,0.180386467889908,2565.96263636364,5.58592346938776,9.98967647058824,104.303,3035.4415454545497,17.249836065573803,423.06690000000003,118.75229999999999,3409.17745454545,17.078775862069,427.859272727273,8212.7302,1040.8091818181802,7407.6775454545395,3786.1442527272725,973.3198939362876,29051.52302,5913.033391428572,30816.89242,1435.0248005939648,369.6724073961377,854.4407057343051,44601.12119850237,99401.4667958254,5399.702797876671
306,0.102427265420936,2561.36,5.5245625,8.11558208955224,45.30412,1290.77190909091,15.9937777777778,433.08700000000005,30.2348333333333,869.05975,15.760833333333299,437.411583333333,5786.16136363636,1040.1544166666702,3605.48866666667,1950.2438935018636,968.5607818741036,2922.465341903471,2939.9061178287957,3975.322524000001,392.44579966180027,41.21959791518748,553.1950999284163,18539.628200232983,134846.92039783113,2976.4853010419756
307,51.477000000000004,3830.4298,6.82276300578035,6.82141610738255,95.0061666666667,2155.38209090909,93.8575,2174.71875,81.0706,1300.3846999999998,82.2743846153846,1259.16263636364,4337.215090909091,1140.1570833333299,4772.1398,1933.3714998630626,3876.726838181818,4845.279442222221,3874.958145454545,3963.8194363636358,631.4078986179084,508.10239918064326,521.2237010709941,11010.796506889164,73693.27229389455,23001.962000853382
308,0.11834910153712899,2562.12054545455,5.51131979695432,7.2820800000000006,75.7184285714286,2114.69245454545,19.7586071428571,427.339,62.8922307692308,1727.58090909091,19.735576923076902,422.076545454545,5769.5935,1037.47736363636,6063.2717272727305,1976.747611883786,970.5187073695766,3892.725374545455,4913.34011111111,6006.293317142858,693.9365994185209,205.67510509863496,583.1158050568774,24117.03590187244,52796.685000066645,3352.062398334965
309,0.135660672853828,2556.30025,5.54402403846154,9.78026050420168,60.9028235294118,1684.28181818182,18.5165483870968,417.4194,61.623166666666705,1699.66309090909,18.3778245614035,428.55863636363597,6224.94872727273,1035.169,4759.9293,1946.1536393713725,985.3840556396959,3895.4057200000007,5943.768311428569,5985.817320000001,953.0512004857883,231.6315018106252,661.0742973862216,26435.86140475236,78780.7967979461,3315.510501852259
310,52.959894736842095,2569.1381818181803,6.6795246913580195,6.76502027027027,91.3846666666667,2145.892,89.2637272727273,2174.1959166666697,78.30524999999999,1322.0092,83.1874615384615,1278.0124166666699,4305.80733333333,1160.26509090909,4794.0979090909095,1967.1132233927187,3898.9800745454536,4859.6998977777785,3958.2624854545443,3986.940578,525.4405026789755,498.34060191642493,490.7606984488666,10828.231103369035,115013.50490143523,18545.121999341063
311,54.0984210526316,3837.49066666667,6.82428758169935,6.83089880952381,106.3919,1748.60363636364,106.8514,1724.09066666667,88.9416363636364,1277.11625,90.0799090909091,1300.2768,4776.33691666667,1202.05766666667,4805.71927272727,1955.2207867775144,3902.6697509090914,5788.782220000002,3899.2722290909082,3987.9309418181815,608.4532011300325,559.5803988398984,568.3388037141412,11044.13459834177,162192.89859582204,14536.94230003748
312,0.101606539801662,2561.70641666667,5.526591397849461,8.85259848484848,49.6864090909091,1274.002,21.205074074074098,422.413,34.6246,851.4043,21.2633265306122,428.4227,5314.454454545449,1051.4787000000001,3637.91375,1936.9050677063042,977.9515418533601,2915.5400212451896,2936.6780471184206,3998.742912000001,619.2350934725255,37.06470015458763,448.90549615956843,24863.089894643053,271824.68969840556,3105.995900114067
313,65.27317647058821,5135.97536363636,6.80114792899408,6.7099276315789504,96.1094,1737.2878181818198,95.888,1765.235,81.8950714285714,1259.741,83.52499999999999,1293.90118181818,4375.37463636364,1155.4995999999999,4784.84627272727,1960.668852570109,3950.3722363636357,5847.052465714285,3876.899863636363,5012.81648,747.0693963114172,528.0126963043585,518.1952030397952,11224.901204695925,60895.947995595634,18129.232298815623
314,0.101384751598623,2563.18383333333,5.5412427184466,8.10133858267717,60.890111111111096,1674.75633333333,17.4037833333333,418.11736363636396,60.9187894736842,1734.52890909091,17.8266875,429.418333333333,5738.56933333333,1023.3873636363599,5438.79609090909,1470.8142540760446,966.7310877519474,3881.6450272727266,5952.558274285713,5933.44995142857,660.5426984606311,36.49019927252084,465.91640275437385,24342.312893713824,191996.07760529034,3487.7314988989383
315,0.0876984344125247,2556.01927272727,5.46204225352113,7.47105555555556,47.012954545454505,1263.33345454545,18.9096721311475,425.492181818182,32.478742857142905,857.820545454545,18.9027037037037,431.8004,5750.13654545455,1031.468,3635.099,2403.3230708213728,969.2888840155656,2945.182579552864,2932.101972261848,3995.4919700000005,516.7427036212757,281.5758984070271,720.5752976005897,18597.682999097742,99620.1186964754,3013.546799775213
316,0.10259539152509299,3044.4240833333297,5.5470618556700995,8.07765986394558,65.67107142857141,1730.4034545454501,22.9736086956522,420.3066,51.274318181818195,1286.01354545455,22.4247777777778,430.841454545455,5749.8513,1060.01158333333,4783.201454545449,2419.7677542922725,982.5204894255933,3891.89208181818,3908.378669090908,5032.0331025,480.6425014976412,193.79639416001737,385.993902455084,24679.408397059888,30383.78590135835,3696.859601768665
317,0.09762601902173909,2544.95125,5.4523316582914605,7.35467,60.0298333333333,1668.34566666667,17.4161587301587,418.043916666667,45.954681818181804,1247.3431,17.2381333333333,420.98933333333304,5741.9385,1008.26833333333,4773.5311,2424.73717747578,978.2287895192742,3907.532070909091,3911.803625454545,5017.0027575,744.1585941705853,233.4737015189603,487.15869488660246,22046.66370234918,45583.79140216857,3504.151900415309
318,0.0857008895478132,2560.22691666667,5.5356630434782605,8.804643939393939,92.33833333333331,2610.0032499999998,19.9632280701754,437.57658333333296,91.6430909090909,2573.0801666666703,20.152156862745098,436.384636363636,6257.99054545454,1045.41990909091,7442.218,3320.4032292307697,967.5120422960213,5892.269282857143,5855.593817142857,5931.506945714286,1131.8942008074373,262.40279839839786,659.2126999748871,34476.53969342355,65153.700992232196,3511.526499642059
319,52.540666666666695,2568.59608333333,6.79444,6.79613333333333,108.92291666666699,2134.9509166666703,109.3321,2190.58358333333,85.6989166666667,1272.77858333333,87.8920909090909,1302.13,4337.023,1154.92345454545,4783.91754545455,1933.8683501625005,3888.3858309090924,3940.6659854545464,3924.344581818183,4009.7944219999995,631.4696016488597,582.7929970109835,604.8760027624667,11100.494003039785,63558.30149841495,32467.621500836685
320,0.109279110420511,2893.3661666666703,5.52807567567568,8.95572173913043,86.1558,2424.7916,21.617836734693903,493.811181818182,86.3987692307692,2406.98745454545,21.240388888888898,489.44475000000006,6490.66833333333,1299.7104545454501,6533.71390909091,2734.3685424596943,1164.2221211448968,5791.09546285714,5815.659734285715,7055.391390000002,1172.6727068889886,244.58319821860638,868.5105014592409,35273.65960762836,70254.68719366472,3152.5188009254634
321,0.210879774687555,2896.56925,6.198353658536591,10.4735675675676,101.88991666666699,2841.6884,19.6919322033898,481.7868,117.579,3406.99954545455,19.128333333333302,490.07025,8173.43725,1271.4117,8071.4619999999995,3256.036673846155,1143.61722892849,54982.28482,117894.7062,9328.525512,1309.2420966131613,32.38800272811204,849.9191986629739,53833.93880329095,379419.8554038303,4307.782999239862
322,0.11988652834309502,3736.4182,5.568545945945949,8.08965079365079,88.5655,2441.6917500000004,24.442449999999997,479.704636363636,88.1571666666667,2400.2972,23.883580000000002,481.712545454545,5982.92172727273,1333.13481818182,6529.038545454549,2739.1263211548194,1148.7779842883645,5708.549042857143,6839.083816666668,8133.960711999999,423.4731022734195,195.7839005626738,577.6571983005852,27047.603600658476,93767.81109895092,3511.4080004859716
323,69.073,5793.55590909091,6.85884615384615,6.84859763313609,144.9555,3458.32027272727,149.98999999999998,3431.9338333333303,124.8367,1930.4518,124.6892,1986.77181818182,4862.0255,1432.1462727272701,5764.40018181818,2185.0589551075373,4555.0186533333335,4571.430024444445,4620.836362222221,4669.979831111111,662.4970061238855,679.070598562248,688.3178051793948,12319.912001839839,52648.64699856844,19348.851099493913
324,69.3182,5819.164699999999,6.90428,6.86649090909091,117.7517,2434.9572727272703,119.63290909090901,2489.82609090909,121.7072,1916.45283333333,123.85050000000001,1960.1219999999998,4908.82218181818,1427.5211,5748.0676666666695,2195.171508900855,4562.627157777779,6809.239729999998,4538.306597777779,6948.687146666666,777.2150042001158,539.5225045504048,538.1172028137371,12174.326600506902,254667.4239973072,13507.155000115745
325,0.147533275174477,2914.28166666667,5.52957837837838,9.7065,68.56730769230771,1930.1921000000002,19.9625555555556,485.6449,69.48881250000001,1969.86545454545,19.6054,486.77,9210.387999999999,1277.27781818182,5761.7095,3769.8906527272734,1140.8145707513672,4577.924435555555,5730.672871428572,5773.562411428572,939.279401791282,343.4544923948124,812.5155989546329,43750.004496541806,119542.99100034405,4456.915199989453
326,57.651294117647105,4348.85281818182,6.83608571428571,6.770791666666669,122.10590909090901,2423.7135,122.19383333333299,2474.19581818182,131.31790909090898,1954.5454,132.8229,1927.0179166666699,4896.1641,1434.73808333333,5743.593699999999,2181.910034515026,4578.145486666666,6925.70773,4609.267833333333,4713.415495555555,804.991801851429,639.1327013261616,638.9307003701106,12421.83880531229,132999.30149514694,16678.904599393718
327,63.358333333333306,5804.3895,6.82093333333333,6.795125,137.1509,2411.0156,133.936,2476.64008333333,102.5231,1463.3658333333299,100.149583333333,1501.0484,5462.9375,1463.27990909091,5750.7635,2180.5658643023953,4570.786013333332,5741.242171428572,4585.480788888888,4639.469704444446,824.9444043030962,523.5577031271532,524.5831998763606,11939.693303429522,134652.3779007839,22412.15769900009
328,67.0116666666667,5771.7027,6.64966037735849,6.81604022988506,119.55490909090899,2442.75758333333,123.6655,2433.8245,130.61825,1960.0799090909102,133.797909090909,1881.56208333333,4886.114909090909,1425.09781818182,5711.36727272727,2179.6678144898706,4589.70587111111,4572.779197777776,4596.804775555555,9367.442508000002,587.9321950487792,563.3007996948436,555.7487980695441,12110.124100581743,44372.255096095614,12210.573800257407
329,68.0273333333333,5813.97925,7.58979333333333,7.53070072992701,124.76180000000001,2381.05075,124.2569,2436.9757,133.82481818181802,1949.2446,135.9386,1898.16727272727,4378.594818181819,1459.53675,5693.10981818182,2193.323894318276,4609.549551111111,9154.441012,4576.185006666667,15146.489300000003,510.31630137003964,451.4436033787206,455.00980340875685,12163.485598284751,101422.14840161614,10957.001798669808
330,0.0835532737030411,2902.6980909090903,5.55120812182741,9.68451351351351,69.8695333333333,1931.26890909091,21.766410714285698,486.21233333333305,54.3488823529412,1465.7355,21.8801764705882,491.82200000000006,7058.2462,1299.5929999999998,4984.481,4311.592500000001,1151.868319312452,4593.032164444446,4590.56632,5836.97962,938.4398959809914,296.00719863083214,508.21519980672747,31830.394998542033,31835.73119458742,3850.68439936731
331,56.0164210526316,4347.21445454545,6.852885135135129,6.930006410256411,94.3923636363636,2432.0401818181804,95.2906666666667,2482.51090909091,117.768818181818,1929.45191666667,119.635272727273,1908.22027272727,4866.6266,1410.1433333333298,5692.6650909090895,2185.527696664168,4562.244524444443,4611.471508888891,4600.618577777778,8182.471188000002,864.6703965496272,628.7052994593978,626.3507006224245,12360.566595452838,44556.782505242154,11136.027600150555
332,70.88825,5796.524,6.8505533333333295,6.88052,105.271909090909,1917.566,108.385083333333,1951.1215,91.24,1481.14672727273,93.4161818181818,1442.0955454545501,3840.96425,1425.8413636363598,5698.70466666667,2181.5026952986327,4559.277713333333,5712.333875,4591.840271111113,9327.383812,806.639192160219,289.0397940063849,299.82510313857347,11980.639206012711,52774.552803020924,11666.491799405776
333,54.602599999999995,4342.0663,6.25967391304348,6.27407975460123,135.88660000000002,2456.38618181818,133.699090909091,2447.32566666667,124.7956,1940.88783333333,122.22983333333299,1928.94036363636,4911.6942500000005,1419.62336363636,5774.31663636364,2211.455695052339,4578.482917777777,8042.121472000002,4600.989971111111,7032.79687,610.4059983044863,684.4785995781422,692.4003013409674,12126.95169087965,117821.03290606756,33225.404800032265
334,56.705749999999995,2900.70016666667,6.2238224852071005,6.24270857142857,142.1988,2870.9257000000002,139.57436363636398,2936.4361000000004,90.3653,1421.75,91.42136363636361,1446.27227272727,4888.6216363636395,1412.3436363636401,5699.89209090909,2184.8478857643718,4603.985884444446,8088.9642159999985,4572.159522222223,7008.859129999999,686.262603267096,626.4695985009894,637.6745004672557,12343.675101874396,62848.35190162993,34036.2691989867
335,54.38085,2910.9532,6.09701069518717,6.23295675675676,121.308272727273,2437.10372727273,121.548909090909,2437.60925,94.18480000000001,1479.81808333333,94.41775,1445.5014545454499,4862.94472727273,1432.30983333333,5770.41825,2210.8670784479436,4522.587537777776,4556.823195555556,4562.840544444443,4661.993266666667,581.434095511213,398.0668028816581,414.8745007114485,12113.465601578355,17883.903096662834,34095.47290066257
336,70.38680000000001,5802.50708333333,6.9029256756756805,6.8649000000000004,122.72516666666701,2892.86072727273,122.83174999999999,2913.92281818182,130.96608333333302,1968.0393333333302,126.12674999999999,1920.91754545455,4892.77,1420.43545454545,5703.904545454549,2194.1614444708275,4572.987419999999,5750.409674285714,4603.560826666665,8094.291952,569.403707049787,601.467999513261,608.721500611864,12382.698903093114,277364.6607995033,14384.886997868307
337,73.84320000000001,5796.23683333333,6.23252760736196,6.11886746987952,92.4305454545455,2445.3716363636404,90.6202727272727,2397.83841666667,115.188454545455,1968.761,115.22,1915.65208333333,4925.928166666669,1387.7848181818201,5694.11627272727,2209.2898914689636,4604.663144444443,5721.887257142856,4603.485233333334,7021.677773333336,735.923505271785,465.12449625879526,469.7939963079989,12113.49289806094,155517.70499441773,16692.182500264607
338,51.8063157894737,4343.57291666667,6.72957333333333,6.72120529801325,125.25136363636399,2463.80575,122.99036363636401,2389.23354545455,97.9394,1465.4674,96.6108333333333,1448.67463636364,4865.488181818179,1439.01336363636,5684.28258333333,2160.84754670609,4556.367577777777,4580.035746666667,4592.167079999999,4663.208531111112,562.843302031979,621.6969079105183,631.4937927527353,12239.298995700665,18024.09620140679,33430.362201761454
339,0.08842478028605891,2900.87909090909,5.57548663101604,9.775504672897199,54.0392,1461.78445454545,21.6352962962963,475.6465,38.060750000000006,947.207727272727,20.879094339622597,479.070909090909,5992.67491666667,1257.88866666667,4305.7257500000005,3270.731496923077,1132.8341357156137,3426.2986716666655,3455.418023333333,4681.500971111111,365.5997017631307,266.68470236472785,578.1861953437328,29700.343596050516,73265.61319932807,3177.9122014995664
340,72.4303571428571,5795.72790909091,8.841999999999999,8.88355462184874,117.751454545455,2463.86391666667,113.869636363636,2420.0283,116.443727272727,1951.29233333333,114.255090909091,1978.2470999999998,5442.9506,1414.69009090909,5761.36391666667,2192.8530714187864,4586.682166666664,6930.031866666667,4584.840795555556,9409.929483999997,688.5194015922025,541.8762972112745,542.8917036624625,11974.492398439907,35612.57840192411,13090.895599452779
341,0.13262476635514,2891.1333,5.62619473684211,9.73923809523809,85.3899090909091,2470.59318181818,19.747254901960797,480.944,68.209,1937.7756000000002,19.9376181818182,496.2368333333329,8133.129727272729,1288.7575,5747.23283333333,3832.4651254545456,1144.9816793008695,115082.88626,118945.00794,7056.0559699999985,1034.8681011237204,35.600594128482044,725.15040228609,41092.16030628886,371675.08660641033,4546.046501491219
342,54.8847619047619,4344.9562,6.839746753246749,6.8601369047619105,111.654545454545,2431.4742,110.3973,2433.0315,79.55638461538459,1464.9991,76.91008333333329,1429.98909090909,5457.13,1402.7955,5719.49933333333,2187.206851342807,4548.674322222223,6938.683296666666,4614.870475555557,4681.846353333333,530.0872056977823,602.4389993399382,603.3940939232707,12103.739101439714,76680.89269718621,14949.260099092498
343,0.114130894480863,2879.20933333333,5.53606593406593,7.44663945578231,85.1750909090909,2375.2436363636402,19.7969827586207,480.237416666667,68.545,1948.50575,19.768,495.54033333333297,7009.452,1266.5008333333299,5704.86941666667,1658.4519122229979,1150.742664373523,6850.805393333331,4638.328517777778,6998.217086666666,638.2181047229096,293.1523049483076,700.4045939538628,35253.87059489731,79010.67979983054,3493.2328009745106
344,41.6336296296296,4365.05233333333,5.55431282051282,12.381313253012001,76.6256428571428,1949.15166666667,77.32069230769231,1986.9945833333302,130.010333333333,1927.02725,127.53069999999998,1953.4904000000001,10398.692416666701,1446.8954,5726.236800000001,2195.991215561119,4557.2313044444445,18534.214186666664,4615.709411111111,5777.429457142857,1028.5073018167168,904.6805003890768,916.2833041045815,32777.78310002759,118336.75900415983,11229.70849974081
345,68.5526428571429,5789.7837,6.85346,6.84932544378698,115.774,2435.0971999999997,119.14899999999999,2408.889,88.1614545454546,1453.92318181818,89.5049166666667,1444.51772727273,5454.9924545454505,1458.75066666667,5729.38525,2184.5810145634246,4548.997384444445,4577.384059999999,4626.962971111109,7007.594253333334,640.5121937859803,569.9323985027149,564.6888952469453,12128.324803779833,70452.5974986609,13506.943100946955
346,75.3742142857143,5810.77308333333,6.85922839506173,6.84323809523809,132.076272727273,2429.74141666667,128.399363636364,2468.2819,138.174454545455,1933.9862,141.174363636364,1939.67041666667,4910.94836363636,1475.533,5769.646083333329,2171.1882387965456,4556.250242222222,4583.439253333335,4532.228575555556,5817.729054285716,639.1874892869964,525.4082992905751,530.7358951540664,12167.839796165936,38462.3177931644,13542.160400538705
347,0.104918379844283,2896.3191666666703,5.55268205128205,7.68312666666667,52.992,1427.72208333333,20.0870392156863,486.753,35.83046875,984.249,19.9990689655172,472.153818181818,6505.0381818181795,1260.3383636363599,4317.233181818179,2180.075938184346,1144.0367873897994,3427.173588333333,3439.2131033333326,4650.457219999999,480.2885989192873,32.91960165370256,418.6353035038337,14756.525997654535,299900.9014980402,2815.257600741461
348,71.3804,5787.70983333333,6.83527,6.89068263473054,111.58166666666699,2389.47016666667,109.49516666666699,2440.5129,98.8845,1422.17918181818,99.29625,1447.8545833333299,5448.332166666671,1425.91327272727,5699.71727272727,2201.548473928509,4598.5433444444425,5740.861059999999,4570.33072888889,4688.4019333333345,550.5144014023244,604.3790082912892,598.2342932838947,12405.777297681198,169559.7049925709,16503.030800959095
349,65.1652,5789.7623,6.82751655629139,6.81190066225166,109.3862,1928.55483333333,110.47218181818201,1988.5733636363602,94.98450000000001,1433.3957,93.1610909090909,1458.7800833333301,4935.9126,1438.08333333333,5712.720600000001,2192.6335025721824,4534.3844222222215,5737.321911428569,4596.597846666667,4703.138293333333,651.255898992531,601.4771992340684,606.379599776119,12232.72729839664,90990.92130200006,34457.37350266427
350,56.8564,4370.86283333333,6.850386666666671,6.8601377245509,138.3378,2933.4067272727298,131.99109090909099,2929.66091666667,125.293090909091,1968.75845454545,127.08790909090901,1962.8700999999999,4893.26472727273,1436.23608333333,5778.8544999999995,2194.6584359727517,4573.057117777777,6870.043446666667,4605.218317777779,10531.585640000001,774.4302012724802,559.9299969617277,568.067203857936,12261.55300391838,240603.00329583697,14184.093300718814
351,0.14676723576176198,2904.394,5.61011764705882,11.571666666666701,118.445454545455,3395.79966666667,18.6321403508772,484.2839,116.94481818181801,3383.19936363636,18.6510714285714,490.2927,7568.70872727273,1263.3127,7998.6025,2185.6571332920735,1139.3464418122894,9096.54802,6922.624856666666,8097.285212,1213.851198554039,307.60870431549847,752.1135004935786,46497.6751973154,23208.139301277697,3661.559001193382
352,0.13261839404823,2891.34972727273,5.44375401069519,8.83213,85.763,2449.1961818181803,20.442625000000003,481.20041666666697,69.7567333333333,1959.7414999999999,20.4504909090909,471.78675,7560.591090909091,1278.02581818182,5689.1798,2692.822424069781,1140.5838823652398,114487.41142,5759.138402857144,6980.459983333332,1028.7474025972188,277.83009863924235,794.4389973999932,32058.129203505814,49956.569500500336,3745.190898189321
353,68.98281250000001,6653.40527272727,6.83978125,6.83398857142857,145.9938,2911.23533333333,147.85399999999998,2934.8825,98.6136,1450.43290909091,97.327,1478.43583333333,4343.543299999999,1437.2569999999998,5686.69958333333,2192.3618201810964,4559.211544444444,6861.182259999999,4561.7685577777775,7001.531039999999,673.3413058100268,402.3188987048343,412.0457073440775,11949.864801135845,43902.18649932649,11266.188300214708
354,56.425555555555604,4339.8524,6.8097880794701995,6.86145333333333,130.723166666667,2461.47933333333,130.149,2409.1204166666703,102.362363636364,1490.8031,101.222636363636,1481.4308,4877.713363636361,1454.39027272727,5737.9094000000005,2212.013867811151,4614.408319999999,6898.137163333331,4551.1633644444455,7027.713030000001,685.6307009002194,562.019896460697,569.9155910406262,12418.444303330034,177673.4007988125,19329.430200741626
355,70.4556666666667,5779.3724,6.826849999999999,6.88877483443709,111.144833333333,2443.4328,110.50509090909101,2393.31841666667,94.04458333333329,1446.0726,96.4934545454545,1451.8263,5413.41636363636,1456.6112500000002,5747.59383333333,2177.553532572726,4609.2826088888905,5675.1493175,4580.373464444446,4675.668235555555,646.2443969212472,407.79520059004426,417.7248978521675,12510.574600310065,272212.37040066626,15807.618497638032
356,1.08208025343189,2908.78583333333,5.621310880829021,13.754870967741901,231.317833333333,6844.5377,23.7965652173913,493.7133,250.276818181818,7230.71736363636,23.4100444444444,484.562333333333,12559.829600000001,1323.57566666667,13426.9820909091,10649.847355,1153.7092232646955,10349.82711,118101.66206,11724.23532,1767.6485993433744,919.7339066304266,1499.3404009146616,65599.19280116446,50543.21599600371,7094.625098397955
357,53.9449166666667,4343.9510909090895,5.89724,5.921233160621759,108.426,1949.77025,107.154818181818,1967.65808333333,92.5542,1468.4225,88.3378181818182,1433.86858333333,4901.81572727273,1442.3563636363601,5735.674,2184.6567013762724,4551.145464444445,8085.938448,4584.8648955555545,4706.560920000001,814.4108956912532,739.8594956612214,741.8635068461299,12315.136901452206,44651.6155032441,34244.976899935864
358,0.107028097459824,2904.2437,5.57348803827751,9.75911111111111,85.3170769230769,2376.9606363636403,21.4253888888889,487.3338,84.9869230769231,2480.68881818182,20.66088,469.864909090909,7617.442,1288.33072727273,6498.28883333333,5388.4683925,1147.5838609504622,5743.217960000001,6907.996956666665,6980.1599700000015,1202.9080069623888,327.2875939728692,837.9361068364233,36187.538408557884,38175.15410191845,4017.310999915935
359,0.105035464259396,2907.18683333333,5.67108108108108,8.90463,85.7464615384615,2437.08325,20.954918367346902,484.88658333333296,68.751,1967.7554,20.6873018867925,475.769833333333,7625.1706666666705,1261.37375,5662.51427272727,2738.3519541768587,1154.5128178681011,5743.147185714286,4569.1584977777775,7015.59851,1385.1647003320977,412.1465957723558,902.8388012666255,44349.29639392067,106196.75540656317,3621.500899316743
360,55.72715,3145.4159,6.72854375,6.585049689440989,122.747181818182,2138.18225,117.850333333333,2172.3990000000003,106.936909090909,1622.9255,103.891,1606.60325,5475.2466666666705,1769.302,6753.5527,2461.3010989499417,5338.1790025,5369.395855000001,5366.1529924999995,6894.333850000002,811.8983038002625,759.4103954033926,758.4038976347074,13669.783601653762,36244.23329601996,35509.68500203453
361,0.103043502613891,3156.8824999999997,5.4644079601990105,11.928989010989,95.1369,2721.3627500000002,23.992489361702102,557.68175,113.292,3222.37075,23.7132708333333,540.3838999999999,9144.5803,1605.49941666667,8587.23990909091,4806.488460000001,1350.3504471341096,6700.767330000001,137770.79682,8172.372775999998,1251.646998571232,373.6092970939353,923.5550998710096,46418.068194179796,92419.86360575538,5000.524400384165
362,57.0302222222222,4719.42818181818,6.73171511627907,6.72737,131.305416666667,2667.22441666667,129.78539999999998,2717.4418,88.1641666666667,1645.6838,88.0863333333333,1640.7662,5440.00209090909,1754.26133333333,6728.536999999999,2464.5420550697954,5294.626037499999,6729.47178,5369.59602,8153.362020000001,724.031898425892,568.5573007212952,574.9858944909647,13402.106901048683,55041.40270058997,35045.508298208006
363,69.2857272727273,6271.41981818182,6.80807,6.8116257668711695,117.0265,2716.8121818181803,116.723545454545,2691.46366666667,98.49190909090909,1622.4322,99.40708333333329,1634.67841666667,6055.14763636364,1790.80318181818,6781.171,2415.596105193153,5308.343715,6602.012919999998,5327.114417500001,6854.724876666666,648.4995014034212,769.4509986322373,748.1668988475576,13571.87090034131,110910.51470139064,24356.30330001004
364,54.116833333333304,3138.313,6.12444642857143,6.06682142857143,117.1125,2174.42141666667,120.602363636364,2220.7104,104.182583333333,1648.638,101.85281818181801,1647.69783333333,5484.4365454545505,1811.382,6797.3331,2452.7417422113526,5369.673285,5310.991190000001,5316.3725025,5443.740844999999,558.1721983617172,441.092302207835,441.0409979755059,13110.615898040123,16407.67460630741,35443.532100180164
365,80.96569230769231,6307.1333,10.2308684210526,10.2584150943396,129.6074,2758.135,126.657,2728.58645454545,132.102,2137.43066666667,138.638636363636,2175.9356363636402,4857.94341666667,1751.15725,6754.00816666667,2451.621211745739,5321.3665925000005,6703.406476666664,5357.1791475,9529.685764000002,984.8604007856921,650.2873991848901,650.7525016786531,16693.783801747486,91226.2086989358,10788.244599825703
366,67.2190625,9406.6632,8.428731884057969,12.0292658227848,126.33409090909099,2112.8159,121.885818181818,2190.33036363636,104.2547,1606.3157999999999,106.63918181818201,1606.00363636364,6728.3702,1773.09809090909,6728.15318181818,2445.4354675662116,5356.2118525,5348.087570000001,5329.3898875,8198.547063999997,833.1957971677184,535.320900962688,531.0789012582973,16691.07210182119,120879.08159592189,10565.43739978224
367,70.3185,6302.08136363636,5.50030660377359,14.3904027777778,135.335636363636,3264.6044166666697,137.518272727273,3270.22108333333,147.220083333333,2175.717,144.3396,2177.6257499999997,5499.19236363636,1806.10925,6832.3637,2425.438118258711,5342.7630899999995,6734.6783466666675,5328.7361325,10932.166175,780.5498025845736,532.6597951352596,521.8219943344593,16888.69200006593,108527.80709392391,10964.266100199893
368,52.9028333333333,4730.92927272727,8.810356060606061,8.90356637168142,126.728,2711.9538,128.3488,2724.5416666666697,127.94250000000001,2169.6425,130.1358,2223.94158333333,6684.43481818182,1786.66716666667,6824.08909090909,2417.722627143411,5391.4507225,6723.325539999999,5353.81412,10765.863015,643.2817986933514,681.0740975197405,667.899107793346,17172.192700672895,95863.31070167944,13107.509398832917
369,56.0736,4884.79309090909,6.75861988304093,6.7614575163398705,121.031545454545,2678.79490909091,118.9201,2706.71633333333,157.937,2142.9219999999996,155.33391666666702,2186.2564166666702,5468.28390909091,1791.54375,6733.2894,2431.568295373487,5322.93412,6689.509863333334,5356.7497675,5487.69655,664.484003209509,702.5755970971659,699.5213043410331,13466.773700201884,105000.6517994916,15696.792700327933
370,59.1201764705882,5165.6906,6.76480790960452,6.78227218934911,206.65233333333302,4780.2766,207.656090909091,4845.6539999999995,171.462333333333,2205.5295,168.85819999999998,2131.06472727273,6088.6294,1806.41472727273,6732.35636363636,2415.7376328944847,5369.4591574999995,5367.766025000001,5370.279315000001,17852.840706666662,648.5055986559018,634.1932923533022,625.9122950723395,13552.490796428174,97990.82019890193,13425.324100535363
371,0.118549454336588,3142.8379999999997,5.46115217391304,7.3753043478260905,75.0644285714286,2176.83075,21.0509642857143,551.2189,76.5628666666667,2121.7643,20.844375000000003,535.9075,6059.1899,1594.08127272727,6738.38633333333,2419.6258556352436,1341.0822806381157,5295.1020925,7997.884112,6755.681106666665,547.8629958815873,301.4048037584871,694.3585991393775,26608.306198613718,125630.11280144565,3707.843300071545
372,0.104052914889295,3152.96527272727,5.46902941176471,9.561260869565219,77.5848571428571,2177.164,23.9356818181818,544.6663,59.6355294117647,1650.6139,23.266113636363603,558.6761818181819,8510.55536363636,1633.8885,5914.756,1851.358611235245,1343.9868272968538,5332.3124800000005,5385.119665,6874.80698,800.5138020962477,341.7527972487733,775.7438957924023,39348.340895958245,167602.4665037403,4026.3236995087937
373,72.90881818181819,6281.247,6.757025641025639,6.74005298013245,114.3448,2162.20281818182,116.777454545455,2191.6379166666698,99.6725,1664.39227272727,99.3464166666667,1625.24891666667,5462.252299999999,1821.64454545455,6789.28508333333,2440.905339914882,5354.27733,5296.32153,5331.536825,8170.956491999999,537.9854032071307,352.99790324643254,357.2926972992718,13250.246993266046,127593.56859896798,18579.131001024507
374,54.4958421052632,3152.0199000000002,6.13658510638298,6.05480446927374,128.00863636363601,2727.3463333333298,126.31727272727301,2781.22127272727,113.79230000000001,1633.3990909090899,114.1111,1637.7293,5470.53636363636,1822.1688,6863.34775,2441.8961095922355,5384.9004575,5323.15551,5346.548505,8196.361199999998,658.2548026926816,802.7648000279441,803.182297386229,13918.669399572536,81770.9494032897,35007.74879939854
375,0.0891435975609756,3145.55827272727,5.6957182320442,6.13772486772487,63.2906470588235,1606.29163636364,25.643295454545502,552.0189,43.57468,1063.914,25.4776444444444,533.662090909091,9071.8295,1600.63791666667,5874.48775,4209.94067,1345.3224421987072,4002.5441059999994,4016.905452,6824.1995400000005,896.2677005911246,255.4888022132218,879.3325017904863,29439.79809351731,96289.51450285967,4067.858701455407
376,0.135221315859856,3143.52883333333,5.47690306122449,8.10981954887218,94.89975,2743.90508333333,23.773875,548.6021,77.4373333333333,2213.95509090909,23.270632653061202,538.349818181818,9083.69754545455,1630.56225,6844.137,3596.215813333334,1328.147339624184,6647.61291,5349.2018,8152.432615999999,899.05860950239,241.4257061900571,738.768998417072,39415.60759849381,100869.46779629216,4602.065001381561
377,0.13543745364647702,3144.49233333333,5.544792270531399,7.40618867924528,78.1513846153846,2125.2688,24.5467272727273,543.0305833333331,60.701684210526295,1640.4942727272698,24.5126666666667,529.6768000000001,7322.91981818182,1620.10681818182,5854.2225,3061.8460908048755,1334.8917442256306,5329.95142,5376.7803275,5422.4729675,557.557403226383,269.36850044876337,701.969800866209,22933.965802076273,127696.4616001351,3284.137698938139
378,0.101452770448549,3134.31990909091,5.48048148148148,7.40371223021583,114.79158333333301,3284.34333333333,23.844425531914897,559.1003,78.169,2167.22675,24.4726511627907,547.2991999999999,6685.15318181818,1593.2140833333299,8583.16063636364,3620.1400966666656,1336.7088591514726,6636.587276666667,6655.878500000001,6772.246976666666,954.1968000121415,244.92600059602412,668.1106082396582,36856.60210612696,90122.33359972015,3284.912899835035
379,70.2152307692308,6272.6359,5.95969473684211,13.0249347826087,127.1112,2697.35036363636,128.33475,2734.09954545455,135.4986,2173.68636363636,130.6892,2182.96145454545,7262.035,1743.82608333333,6715.87027272727,2404.127570721056,5327.847965,8073.8245039999965,5301.9572225,10846.192215,937.4931018101051,664.3005035584792,660.5886039324105,16650.124097941443,42527.06200350076,10753.755099722184
380,58.146470588235296,4715.001,6.7929200000000005,6.74956547619048,114.341727272727,2158.20425,115.4452,2197.12990909091,97.408,1644.1488000000002,99.578,1627.5062,6038.77175,1784.26841666667,6838.7026,2445.4977714743495,5386.43204,8045.16726,5315.235269999999,8199.899640000001,653.5446998896077,593.7418987741694,597.0947007881477,13885.931792901829,188464.5735990489,19166.77319968585
381,57.9256111111111,4725.32818181818,6.7084210526315795,11.9536734693878,122.7035,3294.5472,125.16108333333301,3252.3215,89.3929166666667,1662.4105,86.4518333333333,1644.24745454545,7382.3264,1785.12258333333,6805.0109999999995,2465.4401854114603,5355.51604,5378.962125,5382.9182375,9567.032264000001,1095.003102091141,868.1074948981404,845.7371004624292,20288.94409595523,26639.43250081502,11926.354299066588
382,55.5591,4719.9980000000005,6.52303370786517,6.41529032258064,112.731090909091,2728.52936363636,114.5647,2753.91263636364,93.401,1624.1370000000002,92.56389999999999,1636.6994,5468.54618181818,1759.9005,6791.538500000001,2430.4880973933846,5327.0123525,6677.640926666666,5314.1762625,8097.435680000002,707.4430031934753,666.1158957285807,679.4225017074496,13399.341504555196,71263.45940050669,30141.928500961512
383,59.671947368421,4714.9668,9.63507547169811,9.54030158730159,147.424909090909,2661.67863636364,147.566454545455,2693.7446666666697,172.099,2128.9448333333303,173.102833333333,2150.28472727273,7268.553,1803.53872727273,6766.84245454545,2458.902857196195,5322.946492499999,8026.804164,5313.06865,20395.28809,862.2010995168239,729.2294030776247,719.0225034719333,13461.416098289192,35853.5781968385,10754.985001403838
384,0.13372034339230002,3144.671,5.48453645833333,8.1383488372093,76.1957142857143,2136.2588,21.616396226415098,535.7428,57.7861578947368,1635.08666666667,21.30875,551.65925,9089.79963636364,1590.62475,5855.5632000000005,2428.645318006929,1341.4494513732006,5330.6367725,5398.77151,6796.890346666668,905.1951084984466,322.8576068067923,746.018800418824,39965.85639833938,141598.67700363975,4599.901399342343
385,58.0624666666667,4719.9453636363605,8.21142741935484,13.8123866666667,128.69909090909098,2756.70272727273,130.856666666667,2706.82616666667,141.921083333333,2194.918,142.44508333333297,2137.87827272727,5494.414363636361,1771.16118181818,6766.6485,2415.332070038436,5375.5823,8129.712359999999,5381.9355675,9467.652667999997,669.2110997391865,558.4444967098534,562.4860001262277,17252.260193345137,150459.23860161565,11085.441202158108
386,71.2382727272727,6280.885499999999,6.73547457627119,6.74896103896104,133.99224999999998,2739.8097500000003,135.15891666666698,2729.6965,141.044909090909,2138.89366666667,144.7114,2212.65441666667,6069.4825,1784.4025454545501,6799.7824,2454.234084056497,5347.7089025,8048.807952000001,5365.589695000001,6828.3262633333325,541.2589089246467,688.9465061249211,694.278601440601,13431.436399696395,119957.62519654818,16815.913299797103
387,55.3475,4724.32616666667,6.1106902173913,5.96073714285714,127.20949999999999,2152.61527272727,127.7763,2223.29608333333,113.206636363636,1660.9168,112.423181818182,1658.1019090909099,5478.80490909091,1819.681,6781.0952,2458.7643436086773,5343.976355000001,5424.5265549999995,5396.051582499999,6807.378353333332,639.0593975083902,515.0559009052813,528.3415986923501,13505.367704783566,241901.50890499353,18495.201799669303
388,72.708,6293.308,8.29472440944882,8.2654435483871,132.526181818182,2699.6273636363603,129.383083333333,2712.3287,89.8813,1652.25058333333,90.1837272727273,1613.93845454545,5485.56191666667,1736.6032500000001,6750.53866666667,2440.0772315173517,5369.9835125,6788.31506,5362.9322999999995,9527.379904,757.961897761561,629.8599997535348,638.2307008607313,16989.536394248717,177856.76510538906,12382.730899844319
389,0.11314144091087601,3137.281,5.48427853881278,9.62597196261682,96.3311,2696.3469,24.8510952380952,541.5015,79.2453076923077,2195.3777,25.211857142857102,557.0678,9731.672199999999,1622.13845454545,6824.4046,3056.1890055214853,1335.3102935851537,6606.7369685714275,5348.5755149999995,8170.268184,873.0828034458682,299.1037006722763,926.1054947273806,35812.68139532767,68061.68980256189,4315.304200281389
390,71.193,6298.0572999999995,8.107363636363639,12.6145268817204,145.172333333333,2746.5029,142.08675,2753.53809090909,110.55245454545499,1625.4713,109.7957,1636.05954545455,4879.52890909091,1819.02225,6830.1412,2455.0082224711614,5369.32362,8061.812955999996,5370.5388575,9550.11236,784.3555969884619,615.9329990623519,625.9003945160657,20056.508606649004,26232.818298740312,10488.643901771866
391,68.9851875,6311.8428,6.74891812865497,6.7414802631579,149.412545454545,2717.1874545454502,145.660416666667,2725.34972727273,110.74763636363599,1608.618,111.687636363636,1611.94208333333,5466.110500000001,1835.4102500000001,6807.3913,2442.430315039118,5332.093995,5383.08096,5357.954475,5453.5405175,724.1939019877464,628.0829926254228,629.0650053415447,13528.714899439365,145805.42230105493,17988.311100634746
392,0.09991629538344869,3130.69772727273,5.48628877005348,8.03859701492537,132.325636363636,3705.66008333333,24.9043023255814,540.5683,115.101909090909,3281.6541,25.1624893617021,534.959545454545,8478.20181818182,1591.65775,8584.77381818182,2464.6434756280846,1338.8359114782436,9328.822580000002,9393.828099999999,12253.437460000001,1409.10750196781,281.69270080979913,941.1169943632558,39177.48049716465,95808.7169972714,4190.999397542328
393,0.118988643808692,3142.2571,5.502415094339621,8.170239436619719,57.72095,1636.2949090909099,21.1006851851852,543.966,38.8531666666667,1102.2432727272699,20.871000000000002,534.122272727273,7911.18018181818,1573.02283333333,5042.42372727273,4185.134305999998,1338.648715740798,3980.718527999999,4021.582361999998,5406.341632500001,673.2142035616562,248.56450327206406,692.5166002474725,26285.14649986755,51955.87570487987,4122.62589961756
394,0.17262760932500398,3142.4501999999998,6.115916666666671,10.6296146788991,112.625090909091,3238.9102,23.1725471698113,551.426333333333,111.704,3223.47075,22.93158,538.4423333333331,8505.463600000001,1615.58958333333,8649.68,5445.2996525,1337.7402506810702,6706.2381866666665,8023.521844000001,42283.907979999996,1756.6800001077354,450.28050371911377,1088.573198649101,65232.76170482858,321417.528600432,4969.5127992890775
395,75.7756428571429,6301.64118181818,6.7272119205298,6.75269230769231,136.964,2659.1005999999998,134.134909090909,2742.68516666667,104.29925,1611.04881818182,102.474416666667,1629.66133333333,5469.08336363636,1767.78781818182,6742.3697272727295,2450.618709047169,5370.0500825,9316.551108000003,5363.13505,8170.873616000003,672.7521977154538,590.8451974391937,602.393297594972,13631.630505551584,84814.27790538874,35310.703597497195
396,54.5459,4712.753,6.7456514285714295,6.74801851851852,133.563181818182,2745.67241666667,137.004416666667,2673.821,93.3051818181818,1634.00383333333,95.4894545454545,1638.904,5438.1063,1793.72158333333,6804.162249999999,2434.3522996280785,5333.0124225,8017.739932,5366.47574,8161.723148000002,671.9061988405883,512.9324039444327,512.7919954247773,13616.269893827848,76233.21779537946,35024.5811016066
397,50.91055,3141.723,6.835459999999999,6.77708333333333,122.20190000000001,2181.7587,122.795363636364,2240.43081818182,105.68708333333299,1656.9685,109.256272727273,1658.8346363636401,5470.02818181818,1787.24790909091,6820.6685833333295,2448.8206847713436,5363.612457499999,5401.075795,5363.318065,5450.540165,638.4982028976083,605.9885956346989,593.5253022471443,13581.527397036552,200497.8103999747,19007.613000576384
398,72.57685714285711,6300.54708333333,6.76658235294118,6.7728869047619,109.2518,2200.0209,106.5997,2177.81541666667,89.7478,1672.8839,92.0621,1607.67954545455,5463.417,1781.7163333333299,6806.279600000001,2456.6144993722437,5327.29617,8018.746791999998,5395.18818,6764.469366666666,700.6624015048146,618.5637030284852,623.0575003428385,13511.122402269393,35961.78269945085,23657.949699554592
399,0.151004828396189,3260.7382000000002,5.488945,8.02713194444444,79.176,2191.92027272727,24.3128333333333,541.858,78.4287857142857,2185.1153636363597,25.1779130434783,548.024090909091,9684.02808333333,1623.00091666667,7691.66633333333,4195.428672000001,1327.5961629743015,5371.33354,5287.9402475,9449.509260000004,1385.1092924596742,443.81890329532325,837.0397030375898,61748.98149911314,157970.65699880477,5189.378000795841
400,79.1616923076923,7059.2379,6.26867204301075,6.251286549707601,176.00716666666702,4244.5779999999995,175.71663636363598,4229.5136999999995,104.9353,1849.9113,105.980545454545,1802.38736363636,6025.29654545455,2191.86109090909,7827.5423,2724.2672463668287,6197.556148571428,7737.315053333334,6179.30837142857,9388.928112000001,745.2559017110616,597.1872073132545,600.7434014463797,14772.313192952424,194928.41819883324,29679.551601293497
401,0.101939828566579,3515.70358333333,5.6741034482758606,8.266552845528459,64.0045555555556,1838.46054545455,22.88328,611.7215,43.4437916666667,1215.66375,23.2953725490196,617.835272727273,8688.32372727273,1984.31554545455,6836.8247,4021.9261600000004,1554.100242887105,4656.630977777779,4686.553213333333,6297.488877142858,585.4494986124337,370.09149964433163,563.0458996165544,21346.222300780937,50620.713899843395,3607.897201436572
402,0.08719420783645661,3531.8048999999996,5.64519553072626,8.888555555555559,105.783916666667,3031.86090909091,25.6812444444444,616.994272727273,105.652083333333,3095.8816,25.4820731707317,605.076916666667,10006.5915833333,1986.51383333333,8896.31263636364,5380.561122499999,1569.7285612888822,7738.056153333331,7852.811846666665,9504.415359999999,765.8590009668842,389.16170014999807,991.80810211692,43731.1910034623,159022.62869931292,4328.029201133177
403,62.11464705882349,3530.8102000000003,6.8823392857142895,6.89888513513513,121.5843,2460.0874999999996,119.86691666666701,2460.70933333333,102.62708333333299,1801.30027272727,102.98427272727301,1843.773,6033.5091,2157.32241666667,7860.381090909091,2712.1260036787726,6236.09166857143,6220.445971428572,6208.321511428572,9465.493699999999,845.3313028439879,667.3462048638612,663.1198048125952,14703.574302257039,152465.13290621806,19681.740101077594
404,0.11888988065389601,3522.33258333333,5.600466321243521,8.83283185840708,65.4797058823529,1829.45858333333,25.4870638297872,620.6670833333329,44.3134074074074,1212.36583333333,24.7511276595745,615.1234545454549,8102.77933333333,1966.12190909091,5875.73290909091,2700.8898432706483,1551.8226124705254,4628.7811,4637.134957777778,9432.208460000003,618.6092999996617,306.8734018597752,669.1871036309749,32649.823997053318,116312.48180055991,3697.282201028429
405,0.102963659260592,3539.89416666667,5.5870956937799,10.4723619047619,85.4883333333333,2371.1488999999997,25.0651707317073,614.55675,84.15961538461539,2399.44058333333,24.290306122449,609.7133,10087.6455,1949.00672727273,7817.24641666667,4059.2482880000007,1545.490575215582,6191.297545714286,6206.091,9487.909432,998.3062016544864,331.4801986562088,832.6714974828064,39696.362300310284,175813.2654998917,4514.70380066894
406,0.09314961476437919,3536.73809090909,5.61197802197802,12.780858823529401,83.6405,2412.29763636364,23.486511111111103,603.6846,63.585722222222195,1823.0665999999999,23.229803921568603,613.8072500000001,10040.425000000001,1923.3761666666699,6759.68436363636,4087.2963539999996,1550.1121100329065,6208.891742857145,6182.716217142857,7926.330643333333,1001.0828991653398,352.5647975038737,961.9896940421313,42787.13220264763,91891.97369851172,4351.264901924878
407,0.11787361878453,3527.5678,5.56346907216495,8.85052136752137,87.7933333333333,2463.5692000000004,27.2536666666667,605.38,66.74833333333329,1824.392,27.4282368421053,615.8383,8699.85558333333,1949.5085833333299,6750.44383333333,3433.711045,1552.848321063444,6239.54656,6159.359685714286,6272.674248571429,757.0226065581664,329.4810972874984,871.4243012946099,36064.67079662252,141186.83819833677,4022.385799908079
408,0.653765886287625,3519.1353636363597,5.60928780487805,11.3083921568627,102.990833333333,3000.4888,21.937,608.296,163.062083333333,4779.215499999999,22.2112264150943,595.7603636363641,11395.8269,1969.4515,12017.2259,6715.897446666667,1549.306329052472,154379.78154,159054.74972,12673.9245,1975.0437990296632,688.5411072289571,1523.391596856527,97701.2423943961,101343.16290495917,6353.499798569828
409,59.335249999999995,5287.8664,6.88050649350649,6.94207228915663,137.436916666667,3046.89318181818,136.189181818182,3051.4570909090903,153.664636363636,2453.0704,158.0053,2442.858,6011.22645454545,2157.54383333333,7859.545900000001,2721.1707771405618,6191.225134285714,9385.880632,6227.598094285714,9400.179440000002,746.6602954082191,526.6413005301729,538.8821969972923,14543.096904526465,84813.98690200876,13624.45859995205
410,77.54616666666669,7072.557454545459,6.2726941176470605,6.3088950617284,137.599363636364,3066.99008333333,134.4573,3049.4612500000003,103.868583333333,1851.3647999999998,101.58149999999999,1798.35672727273,5388.71518181818,2116.46990909091,7766.8640000000005,2719.133201743425,6203.247737142858,6162.458748571428,6164.728048571429,9396.219295999997,773.8562941085547,751.3396034482867,795.8238973515108,14814.413199201226,85800.83159904461,12707.66880188603
411,0.122417370186192,3505.45872727273,5.5629423076923095,8.227946564885501,82.9319230769231,2446.46990909091,23.3627391304348,611.78,63.5766111111111,1828.7846666666699,23.250304347826102,624.473090909091,8014.886416666671,1941.99172727273,6835.0884,2103.775018270492,1557.6824521176886,6138.333037142857,6135.512808571429,7902.549269999999,495.91380520723766,282.19819942023605,540.8563010860234,32328.679502825253,74935.27180631645,3172.208002069965
412,0.149007882155317,3517.0672,5.63034065934066,10.4128571428571,104.1733,3075.59181818182,24.5206808510638,614.760909090909,105.56475,3062.9710999999998,24.2772340425532,607.575083333333,9342.43936363636,1955.6274166666701,8874.43866666667,4060.5687779999994,1562.1747828400335,7734.028576666666,7751.8197900000005,9384.672615999998,1135.9576019458473,278.63059658557177,837.2367999982089,50010.253296932206,32068.387206527404,4846.180998720229
413,62.4151428571429,5296.98,6.88217261904762,6.89621476510067,134.26510000000002,3054.6706,135.82979999999998,3001.1578999999997,113.849454545455,1866.03409090909,117.936909090909,1793.23363636364,6012.100200000001,2184.64527272727,7848.157,2726.1290530556766,6194.211039999999,9220.893824,6164.556337142858,7911.153473333332,687.8172018332407,643.2319001760334,640.6836997484788,15094.404402771033,292498.43699799385,20641.10510109458
414,0.10779583464815401,5278.54341666667,5.49342583732057,9.56280555555556,85.1070769230769,2425.83608333333,24.6933829787234,620.2291818181819,64.905125,1833.3343,24.4522391304348,621.217545454545,9344.5137,1958.6165,7843.017181818179,4044.231963999999,1532.0923716710734,6161.275905714285,6234.8620142857135,7901.56069,983.5595003096387,309.9781955825165,766.1336014280096,43995.61060417909,118915.30959983356,3587.463201256469
415,61.552,5300.59018181818,6.88179194630873,6.89094630872483,134.647454545455,3037.40516666667,135.649545454545,3081.48,96.4539,1873.0217,97.1760909090909,1814.82227272727,6016.33072727273,2144.49972727273,7851.746499999999,2721.066074034807,6219.70659142857,7807.553640000004,6186.947580000001,7830.118266666665,821.6510119382292,661.6556987864897,649.5275971246883,14526.66980039794,198834.81950382702,21378.05730162654
416,0.11774187242798399,3517.37181818182,5.62982547169811,9.69329896907217,104.1991,3074.7406,23.272612244898,614.816416666667,83.4443333333333,2441.28775,23.3293181818182,603.4034545454549,8047.06554545455,1984.2252,7847.4552,3983.7928836363635,1547.8279933826177,7746.171830000001,7808.506523333333,9348.013136,944.8471013456583,248.65080486051738,670.2422047965229,42853.043603827246,106963.6028027162,3104.907399392687
417,0.0869472881226638,3502.93518181818,5.61636363636364,7.50779310344828,88.1025833333333,2405.67445454545,28.5076388888889,605.993833333333,88.54875,2434.4045,29.152358974359,610.4872,8013.7977,1949.98416666667,7784.50436363636,2051.6171058984755,1532.4211057307916,6177.911319999998,9358.720688000001,7884.616393333334,637.5888013280928,242.51480062957853,630.8458978310227,32391.79310039617,155136.1867081141,3377.7747012209147
418,80.2205833333333,9941.67733333333,6.85880519480519,6.8635399999999995,122.002666666667,2413.85508333333,121.07075,2456.7275999999997,101.62290909090899,1797.64718181818,101.862272727273,1787.79708333333,6033.09363636364,2117.26045454545,7782.51354545454,2718.3332725408645,6226.313885714285,7800.833989999998,6225.423011428572,6323.807902857142,759.3852991703898,522.0012972131371,528.7058011163026,14530.10990517214,201325.24609507527,16199.764798511751
419,59.670842105263205,5272.9435,6.893751677852349,6.94069594594595,145.56263636363602,3073.4629999999997,142.309545454545,3036.93909090909,170.104454545455,2434.51563636364,171.69025000000002,2419.2489166666696,6039.52925,2170.3578181818198,7866.265909090909,2727.0481133419444,6241.712274285712,7758.433136666668,6192.293928571428,10939.879074999999,751.6564015531912,652.0826922496781,812.6488042762503,14748.581996536814,452098.75680156983,13931.843300815672
420,0.118230146531407,3515.0217500000003,5.62712834224599,6.28064324324324,65.81893333333329,1775.8788333333298,26.4176279069767,600.8801,45.3597391304348,1195.5591,26.2074,614.635181818182,7994.652333333329,1933.30641666667,5783.60736363636,4037.3420539999993,1557.455150388125,4665.476386666667,4612.787273333333,6357.612237142857,474.84790557064116,41.393400169909,348.73829572461545,18362.351704854518,420936.3206959097,3632.169999764301
421,58.22875,5266.4039,7.5063125,7.54852985074627,136.88909999999998,3041.882,137.71200000000002,3049.3367,99.57275,1841.51016666667,101.537454545455,1831.7488,6027.6656,2162.72591666667,7824.642999999999,2683.473707140173,6187.443357142858,9270.851420000003,6238.583448571428,20421.53658,742.3440023558214,734.6119091380388,757.9250988783315,14743.276598164812,79361.07820423786,12834.06660077162
422,58.1595294117647,5316.1981,6.8600357142857105,6.97964457831325,128.302909090909,3076.1973,126.35081818181801,2995.75872727273,105.45800000000001,1852.97175,107.67954545454499,1775.9853,6053.45118181818,2113.8234545454497,7815.347000000001,2711.301683352792,6248.217739999998,9226.013407999997,6215.12464,9425.145403999999,767.8934984141961,662.7862137975171,658.5710012586787,15073.141898028553,232350.82810278982,25311.596499523148
423,80.924,7064.339,6.92981437125749,6.90594666666667,150.9506,3033.25363636364,148.233818181818,3087.813,106.72716666666699,1851.6364545454499,106.3382,1830.73516666667,6038.08533333333,2176.93009090909,7863.7644545454505,2689.056269494667,6253.216042857143,9348.562300000001,6231.315888571428,7898.3652066666655,691.3710036315024,519.0747993765399,509.2653969768435,14565.069996751845,95754.20559558552,37948.673698701896
424,75.2575714285714,8895.83116666667,6.36031677018634,6.25634567901235,163.3064,3059.56475,165.862909090909,3072.34454545455,114.824583333333,1798.28118181818,115.1636,1863.3402500000002,6045.59281818182,2172.99154545455,7775.94372727273,2732.8092164468467,6183.011571428572,7728.667106666666,6232.753337142859,9450.12926,720.57569923345,630.2951980615035,630.6535011390224,14959.692500997335,264008.2159952726,19160.009099869058
425,0.280343389296957,4494.0567,5.57492227979275,11.205432692307701,162.77209090909102,4904.1077000000005,23.1727647058824,604.742181818182,240.547909090909,7299.410800000001,23.039559999999998,608.94125,12056.011333333301,1921.80725,16266.80475,7276.629286666666,1551.2855256776693,12303.74934,158327.43175999998,157757.23944,1717.0311999507248,575.6091995863244,1265.3471028897911,80289.625399746,68792.18029498588,7002.178000402637
426,0.118991162264927,3521.4777,5.62440223463687,7.50430519480519,86.0549090909091,2451.13445454545,25.9112307692308,606.6229166666669,104.6707,3018.43809090909,26.0880454545455,613.390583333333,9431.37172727273,1972.7335,9951.96163636364,2721.53971708405,1541.7298326576258,6173.486568571428,10789.430554999999,9465.040547999997,747.574889101088,38.72579545713961,722.6310990517959,43480.374800856225,197882.1651020553,3951.0232978500426
427,59.4054705882353,3531.0888,6.23755434782609,6.30985365853659,137.6247,3018.90736363636,138.864416666667,3089.5990909090897,99.21,1811.917,100.7499,1823.23290909091,6071.59854545455,2131.623,7791.679,2747.3257563748166,6174.01724,6158.700614285713,6160.668688571429,6313.867811428571,612.4081002781168,622.5622957572341,617.3039058921859,14852.431204053573,36286.15560301114,36978.575101238675
428,57.8751176470588,5298.2601,5.57850480769231,11.1101481481481,185.171333333333,4223.6035,189.67475000000002,4297.4676,103.423,1827.6190909090901,106.695833333333,1830.1015,8062.11709090909,2191.94818181818,7859.94472727273,2686.22601349649,6242.709419999999,7764.58493,6194.648979999999,11098.729595,1221.9755008118227,796.5902012074366,802.1298970561475,29571.13260345068,164517.25820079446,12707.74419826921
429,79.0883571428571,6988.224999999999,6.88316,6.71227333333333,127.491583333333,2413.1979166666697,128.878636363636,2397.84972727273,105.96675,1819.3338333333302,106.163636363636,1818.66766666667,5963.6309,2159.96272727273,7837.12154545455,2716.302024610698,6162.606634285711,7704.38783,6193.114342857143,7781.484260000003,712.6733893528581,579.0175928268582,585.2198926731944,15651.554297073746,255064.37209842258,18403.455201769248
430,0.120845979208986,4964.04683333333,5.45253191489362,8.851388429752069,104.626545454545,3031.6124,25.4306585365854,595.976636363636,85.1874166666667,2423.16354545455,25.0079555555556,599.5149,9396.332363636358,1951.17045454545,7750.34818181818,2734.1695610570105,1557.6814891676022,9345.88782,6181.2742371428585,9404.657092,624.5687021873891,32.90339955128729,600.3881018841639,35868.07379615493,446065.5881004641,4116.424999665469
431,73.0599230769231,7021.78208333333,6.92270833333333,6.76277840909091,202.6016,4893.304909090911,202.954636363636,4880.303,149.0529,2435.56408333333,149.165083333333,2447.94981818182,6686.95209090909,2159.75536363636,7822.1916,2694.8046370499396,6189.14956,9278.532604,6278.662957142857,6270.964762857143,722.4220025818795,505.9522052761167,509.11740108858794,14870.170102221891,86457.47439877596,14045.713399536908
432,0.103382944774399,3525.3309,5.65726666666667,10.389489795918399,103.26360000000001,3034.59527272727,23.624304347826097,622.2659166666671,123.5336,3621.19741666667,24.00875,616.167416666667,10096.6904166667,1998.09083333333,9977.74318181818,2698.598555174162,1562.3073202490427,6229.875488571428,159266.9891,10945.33261,1428.1250012572855,449.27080161869526,909.6801019040868,53574.195806868374,260690.0101964129,5129.29119868204
433,53.6703684210526,3523.1028,6.91714765100671,6.90018,144.916916666667,3054.8315000000002,140.75975,3040.12372727273,96.4349,1764.5407,100.886083333333,1845.13533333333,6042.28827272727,2119.904,7786.327454545461,2736.323478734802,6210.884357142858,6146.761065714286,6161.423262857143,7910.660770000002,774.9235985102132,518.9641990000382,515.1919991476461,14650.104806059971,18223.846302134916,36959.79030162562
434,57.3356842105263,5289.2405833333305,8.238788321167881,8.239198473282439,160.062363636364,3042.8983333333304,158.856818181818,3018.68858333333,119.8116,1801.9877,121.033909090909,1822.2143636363598,8042.736272727269,2138.63825,7779.5149,2717.705188158597,6180.046180000001,7754.128036666665,6167.134788571427,12628.850994999999,926.7341054510325,735.8635979471728,740.0146016152576,14720.289301476441,72018.57719919644,11369.003501022235
435,75.36407142857139,7074.9979,6.85454819277108,6.85440972222222,160.676363636364,3069.44336363636,163.173083333333,2984.88308333333,117.9598,1827.1016,116.275416666667,1797.6960000000001,6061.63883333333,2153.91927272727,7793.55066666667,2747.4318105050215,6165.943891428572,7821.125133333333,6220.922671428572,7912.190116666668,680.3483061958104,624.4351010536775,625.2896942896768,14617.03080276493,155873.08559624944,14934.144099242985
436,68.13086666666669,7027.97016666667,5.598650485436891,8.24888356164384,141.633363636364,3059.52508333333,139.645818181818,3051.54227272727,126.589916666667,2461.67316666667,127.250666666667,2439.74141666667,12757.2768181818,2108.51518181818,7868.01427272727,2687.5929928900896,6207.620559999999,9338.277227999997,6258.394848571428,7876.9570600000025,1511.9513991521671,701.5682058408856,706.8198028719053,29287.053996813484,177253.37679730728,13188.127600005828
437,0.132338494819538,3526.79045454545,5.61372115384615,9.784361344537809,103.04310000000001,3079.3403,25.174043478260902,624.210363636364,84.068,2444.8857000000003,24.7769772727273,599.475727272727,10664.462818181799,1985.7792499999998,7820.852166666669,3334.4293723076935,1551.9472199023398,153142.75308000002,7786.683896666667,9425.892436,1043.0594120407477,442.2296944539994,807.5424033449963,43214.17189203203,163749.2147012381,5220.009700860828
438,72.8174285714286,7063.20291666667,6.21892168674699,12.3055567010309,143.904818181818,3691.95733333333,142.715083333333,3611.2677,93.6814166666667,1814.4153636363599,96.6825454545454,1788.21481818182,8765.00658333333,2105.6000833333296,7777.003000000001,2760.448588139167,6243.712899999999,7750.516376666664,6190.259917142856,12682.804095000001,1358.4932050434873,857.1722020860761,857.6414111303166,18662.76310174726,33296.21810116805,11490.857298485935
439,71.31076923076921,7058.49491666667,6.88835757575758,6.85955974842767,158.547090909091,2986.9664166666703,158.4702,3031.07409090909,128.618166666667,1848.82083333333,124.852333333333,1833.45190909091,6038.9505,2206.59241666667,7853.115000000001,2722.3939008967855,6193.303314285717,4696.149028888889,6251.730542857141,6267.965942857141,698.2847000472248,697.8792051086202,697.7458077017218,15064.810100011528,151009.88360063639,34175.08470010944
440,81.6435384615385,7674.3909,6.8108882352941205,6.8535714285714295,151.51990909090898,3378.1985454545497,151.928833333333,3456.00827272727,119.017454545455,2026.8385,118.927916666667,2012.63154545455,7361.862,2525.7788,8956.10209090909,3023.5218826215196,7142.781856666667,10631.845915,7139.571749999999,12673.80343,861.8109975941479,720.2001026598737,708.7853970006108,16145.30890365131,362057.41020385176,18701.532200793736
441,56.1543333333333,3814.13954545455,5.89684782608696,5.92351530612245,159.858454545455,3305.92316666667,163.25781818181798,3371.9012000000002,112.4747,1991.7415,109.92660000000001,2053.00891666667,6562.543,2456.82125,8809.5684,3024.227467513572,7106.694223333334,7135.834713333334,7179.103950000001,7204.958913333334,854.458796675317,634.106298093684,634.0933934552595,16157.52500365488,61916.13770206459,38353.15380129032
442,0.117613178767541,3815.85481818182,5.59080487804878,8.18455,91.83536363636361,2685.47683333333,27.117199999999997,674.280090909091,70.6984166666667,2003.6925999999999,26.707837209302298,675.4162,8751.30536363636,2317.8244,10021.199999999999,3772.081494545455,1773.3804836002728,7135.549416666669,8990.7073,9174.739312,746.5893984772265,327.2478992585093,606.1522988602519,28056.265303166583,69227.14489919599,3731.61880124826
443,39.2676470588235,5736.63227272727,5.55768269230769,10.7977128712871,121.040909090909,2696.39608333333,120.582666666667,2679.7995833333302,134.325909090909,2743.0983,136.316166666667,2667.1911,18471.264181818202,2455.58281818182,8841.8275,4550.427551111113,8957.560755999999,10662.023824999998,8896.7439,14450.314846666666,1945.9668023046106,1032.1597976144403,1032.1471985662356,50766.21399784926,268804.1589979548,15206.465701339766
444,2.7154420803782497,10216.911699999999,5.617645161290319,10.6071222222222,284.122583333333,8833.6435,26.7943157894737,692.925636363636,303.31127272727304,9465.92116666667,26.8402,683.860909090909,11002.7682727273,2327.72216666667,21052.436909090902,11173.065895,1765.8228910732857,14257.543746666668,182623.01996,14479.831539999997,2591.9483974575996,469.82100466266274,1374.8784025665373,94005.5757004302,159862.80140350573,6622.2384019056335
445,60.2403684210526,5745.4195,6.82084337349398,6.87105142857143,168.95260000000002,3378.26981818182,171.694545454545,3382.3253,181.67116666666698,2753.8861,180.1945,2710.75209090909,7368.5660833333295,2557.279,8901.71966666667,3003.320167342003,7138.886726666667,7086.796640000001,7089.040046666668,9065.383600000001,664.4424924161285,721.8805985758081,711.7407978512347,15700.248896609992,75984.83000183478,17766.762399696745
446,61.7525,7116.398999999999,8.732800000000001,14.0075921052632,172.30090909090902,3270.40416666667,172.24908333333298,3376.956,139.37539999999998,2025.3001,134.3605,2023.66175,5896.1546,2501.07833333333,8795.01863636364,2983.0214243931578,7054.73013,8910.595260000002,7101.976126666668,12728.42105,786.3811042625457,636.6104993503541,634.4441964756697,20854.027997120284,180576.6652978491,12581.685499753803
447,0.101109679323234,3826.0364999999997,5.56086338797814,8.04902142857143,94.1507,2652.86325,29.6651025641026,672.0871,72.6628571428571,1992.59316666667,30.0884358974359,668.6994545454551,8822.11072727273,2292.66654545455,7661.86118181818,2288.641088932477,1782.9559362682655,7130.606733333336,7145.155060000003,9032.394208000002,558.5503007750958,312.05660197883844,544.794401503168,19578.45289434772,58388.457194087096,3862.6157998805866
448,56.1750526315789,5744.19136363636,6.99557823129252,7.10491975308642,222.288090909091,4036.1307000000006,216.727545454545,4101.465,172.0533,2721.67041666667,172.53616666666701,2710.7044,6634.94790909091,2580.6008333333302,8940.633,2999.606542308003,7136.827523333336,12468.141115,7179.645553333333,10892.470685,696.5363951167092,447.711898596026,446.25929731409997,15622.314703068696,103510.09080186486,38999.128801515326
449,0.0876108581736964,3832.49363636364,5.5520781249999995,9.035352,95.6809090909091,2758.6655,30.627648648648698,681.3464,73.4784285714286,2060.78866666667,29.797416666666702,681.971636363636,8822.600999999999,2303.83681818182,7772.83333333333,2298.4489249584335,1780.0545861812236,7137.603946666666,5342.3702875,9025.190568,803.6593964789063,354.7321044607088,643.5754039557651,23663.888504961506,124498.58970358036,4218.823398696259
450,0.08574420699254891,3803.98358333333,5.57431147540984,8.13957251908397,91.2615454545455,2710.58508333333,28.1820952380952,685.5554999999999,92.0907,2720.5393999999997,28.0624358974359,691.834363636364,10207.721,2334.3645,8905.89575,2993.0822971816156,1769.4078466388294,7136.336516666666,10654.47051,9022.262492,881.6049987217411,237.0197995333001,829.0084078907967,42877.18680279795,183176.63100315258,4222.976899472997
451,0.100168025698048,3803.19941666667,5.60541304347826,7.507861313868609,99.0408181818182,2696.04316666667,32.796499999999995,681.9456,75.22593333333329,2056.81863636364,32.7538125,671.245,7321.49991666667,2378.9570000000003,7729.71058333333,2303.530189710198,1767.8870466368132,7131.046046666668,7166.107473333332,9041.729884000002,498.75950207933784,382.25519529078156,789.506096043624,31832.725999993276,138066.647699452,3162.351102218963
452,63.955235294117706,5733.30466666667,7.48069863013699,7.51529591836735,154.930333333333,3434.5417500000003,156.602636363636,3408.45127272727,159.4984,2713.8149,155.304909090909,2703.3071999999997,6577.748,2493.51633333333,8931.275909090911,2994.789520109768,7075.785330000001,10651.06777,7066.538956666667,21569.586760000002,677.0022038836032,567.0810001902282,567.0557002304122,19974.79829879012,284596.03139781393,11569.819500437006
453,0.103184315817551,3825.1765,5.61225824175824,8.875765625000001,92.8479,2745.6819,28.4113513513514,683.193272727273,71.2667692307692,2009.76825,27.746904761904798,668.8596,9539.3075,2397.97890909091,8840.311300000001,2286.5723199676995,1779.5662520579472,7088.561560000001,7120.973316666667,9088.086459999999,796.9099038746208,329.3923015007749,595.8964000456035,27336.8665977614,54179.127304814756,3981.446899706498
454,0.120067947516401,3804.725,5.57296703296703,7.42680136986301,75.2842857142857,2008.7244545454498,31.013875000000002,685.414181818182,51.7967727272727,1361.65472727273,30.9313243243243,663.1336,10277.935166666699,2356.2664999999997,6562.111545454551,3751.3650127272717,1773.9583922497043,5329.3857425,5330.9845,7189.662066666666,907.8742965357378,342.1441069804132,802.4073904380202,50508.81190400105,108714.41530180164,4914.603699580766
455,0.150318377461849,4867.73763636364,5.60585922330097,10.4246666666667,68.82561538461539,2060.5166999999997,24.7035952380952,685.661545454545,46.0605,1384.43218181818,24.652152173913002,680.7868,10292.5187272727,2328.4260999999997,6693.03183333333,3718.742154545455,1789.7636713226004,5341.991547500001,5340.9508325,7223.659853333333,1078.86909681838,523.8384997937828,832.8819967573509,51782.7743984526,207276.61279670428,5529.563099844381
456,85.9333333333333,7628.82275,6.84579333333333,6.8920472972973,173.2554,4014.5691818181804,171.676636363636,4032.00416666667,165.538083333333,2718.82972727273,164.5695,2710.08590909091,6573.6503999999995,2494.7095,8828.247299999999,2963.4130698899153,7031.352469999999,8886.182908,7054.159426666668,12652.252400000001,892.2622946556658,843.4186020167544,862.1893997769803,15988.737600855527,425020.2034047106,18303.111102432013
457,0.0879901180805628,3817.5438,5.58395360824742,8.119024,93.8817272727273,2753.9354,29.19,676.486666666667,71.3243333333333,2042.31,30.1923076923077,673.062,8783.32781818182,2348.20508333333,7729.66925,3741.3196945454547,1773.217062046499,7134.3889366666635,7120.275946666667,9039.397936000003,749.3900950066745,324.70820005983114,621.6295994818211,34942.98290461302,89766.65680238511,3142.7431997144595
458,80.8203076923077,9509.86827272727,6.84436994219653,6.8795,138.209363636364,2723.97783333333,138.373545454545,2670.2113,114.91579999999999,2001.0032727272699,117.6622,2001.51433333333,6585.87945454545,2546.07433333333,8839.30008333333,2988.0439810172643,7104.834866666667,7134.438923333331,7151.847993333332,14530.05833333334,708.6642988724634,577.8778024250641,576.6568909166381,15872.17550550122,240620.98830472678,21729.663299629465
459,85.2133636363636,9501.104749999999,6.82844571428571,6.82776,162.776,4013.89209090909,164.874636363636,4100.504333333331,113.89672727272699,2007.89872727273,113.442818181818,2032.9293333333299,6616.86009090909,2450.5323333333304,8850.435,2972.8846464825774,7174.021,8884.944328000001,7129.0398533333355,10766.411484999999,791.620189556852,619.7290000272915,621.5101922862232,15878.824499668553,57761.98990060948,32438.996699056588
460,0.275477619941035,3827.6498181818197,5.59982513661202,13.1751954022989,219.356818181818,6728.77,25.6007619047619,668.13625,239.0703,7488.1646,26.25515,678.7978999999999,13901.9921,2366.953,17476.6531818182,5163.00946,1785.8728532107475,14242.025540000002,181031.10582,122154.10182,1959.7982958657667,674.9928026692942,1470.9217968629673,86003.97830305155,109958.22459517512,6096.775399055332
461,68.10737499999999,5696.88763636364,6.80402597402597,6.74388414634146,197.73,4056.02527272727,197.936181818182,4130.817,137.78481818181803,2030.039,140.12827272727299,2049.3689,6580.980799999999,2557.64908333333,8894.56672727273,2989.6988860194306,7092.209153333332,10526.52102,7119.720519999999,7172.389196666666,808.9956041658297,615.3619033284485,626.2746988795698,15876.898501301184,150193.04160086904,23438.99529951159
462,0.32071847507331397,3804.00763636364,5.63226630434783,12.291942028985499,199.40118181818198,6105.1938181818205,25.285851063829803,663.1675,221.5095,6691.639,25.2303555555556,682.0768,10278.9126,2312.0477272727303,16063.756500000001,6735.885506666667,1773.547335183218,101524.76634,182201.0975,180998.68313999998,1793.953194282949,508.2609975943341,1140.5486991861835,78282.87069569342,252590.4883048497,5197.083301027305
463,63.259187499999996,5718.005499999999,6.8867651006711395,6.91481,178.181818181818,3347.202,176.976272727273,3372.6901,152.60649999999998,2742.7678,158.9435,2687.44558333333,6582.1842,2506.32663636364,8833.96372727273,2995.7965374114037,7163.351470000001,8902.152316,7137.412203333332,7198.443640000001,934.1619996121153,662.8028058912605,664.500702987425,15976.183503516948,23590.14329558704,38440.92120125424
464,64.7292666666667,5703.84933333333,6.83480666666667,6.8590261437908495,145.75327272727299,3323.93391666667,144.0633,3341.59181818182,103.72818181818201,2032.6884166666698,104.97930000000001,1997.0996666666697,6574.76718181818,2483.95981818182,8854.034,3019.4307803456213,7091.880480000002,7103.941023333334,7146.438676666665,7240.463306666665,744.359297095798,539.1554004745558,532.386897248216,15815.816397662275,363211.3135972759,18577.783898217604
465,76.5927333333333,7634.1299,7.46223489932886,7.55801960784314,149.05925,3390.4788,151.281636363636,3330.98245454545,112.7565,2063.8219999999997,117.022818181818,2000.4235833333298,7310.3509,2520.7579166666696,8942.97181818182,3001.525400909837,7063.6635333333315,8840.794755999998,7075.553463333335,21781.53974,1168.3039949275553,549.8743994394317,549.3375938385725,20872.537995455787,309001.1759020854,11915.14800011646
466,0.12142761457109301,3821.0057,5.5898097826087,8.18873282442748,98.4217,2650.27745454545,31.7977428571429,676.4773,73.3994285714286,2054.4907999999996,31.0717878787879,663.5936666666671,11013.6350909091,2308.59625,7668.5345454545495,3704.973014545455,1778.907092188556,7160.303856666667,7140.002443333336,10895.22712,756.5552019514143,349.66109960805625,837.7574937185273,42716.33240277879,123731.22150020208,4588.806300307624
467,0.163130496453901,3803.80766666667,5.59522222222222,9.91227118644068,137.834909090909,4107.39227272727,30.3130303030303,669.9460909090909,156.161,4741.4146,31.0614594594595,677.2118,10184.7245,2384.2055,12535.2677,5232.0240525,1779.5544247049645,8884.941348,10651.04027,18038.121633333332,1393.496192758903,466.57490311190486,887.9638975486159,54096.45059844479,122615.19759777002,4342.983500100672
468,0.11882451997125,3800.32327272727,5.58673913043478,9.54820560747664,93.0918181818182,2632.86609090909,27.1607906976744,666.9086666666669,93.2999166666667,2683.125,27.648302325581398,683.861,10239.651583333301,2298.89836363636,8839.4089,2271.6386523953074,1772.261039250721,7096.906373333334,10734.46292,9043.968488,966.7735022958368,273.9981049671769,739.0003011096269,39349.46880617645,96349.39389943611,4478.864101110958
469,0.894746073298429,3814.74090909091,5.52755392156863,11.951021052631601,242.5913,7413.927,27.558380952380997,676.9188333333329,280.003666666667,8860.27833333333,27.5951621621622,677.4384166666671,13928.2253333333,2315.14908333333,19829.143363636398,9534.109008000003,1784.4695840420895,10674.18365,181653.39278,12606.423560000001,1612.123695667833,760.6065017171204,1476.2219012482092,85308.47009387799,61799.60370645858,7440.934999613091
470,0.1036890623548,3811.40327272727,5.49837634408602,8.94760305343511,88.2795,2628.54845454545,25.047024390243898,681.839636363636,68.15406666666671,2014.293,24.494523809523802,683.81225,8031.4687,2325.12725,7755.65172727273,3010.994724016377,1776.4626969287244,7123.523376666665,5297.0894725,9045.608880000002,531.3012021360919,297.04259359277785,709.240505238995,31478.535098722205,138583.61919992603,3560.96800242085
471,83.16407692307689,7599.19133333333,6.7381625,6.90559615384615,172.972818181818,4019.4851666666696,170.06175000000002,4058.57691666667,167.040583333333,2685.32108333333,166.486090909091,2657.2198,7306.76316666667,2530.47708333333,8808.17190909091,2964.3695752858494,7158.338943333333,12459.38098,7104.4901566666695,7164.135790000003,761.7684983415529,633.5383019177243,641.6518008336425,15845.198699389586,156493.63830161747,17455.231901840307
472,0.13519944889122198,3829.82281818182,5.663216748768471,8.1824453125,92.6586666666667,2688.5680909090897,28.1808205128205,684.136083333333,71.111,2036.90541666667,28.307083333333303,687.024666666667,9527.3179,2329.28225,7775.56390909091,2987.8718435471756,1777.0636750177498,7094.045283333332,7122.120023333334,10750.85917,1207.727097789757,336.6061981068924,1087.9211011342704,54334.65300302487,77406.96659893729,4308.875900460407
473,0.131027840396754,3804.89554545455,5.5127033492823,8.08439259259259,114.014545454545,3344.461,28.1703095238095,678.5547272727271,135.2841,4075.7713000000003,27.8903571428571,666.660818181818,10231.0459166667,2312.8413,11275.3385454545,3014.556370215174,1768.6728487091145,8869.325028,8942.526568000001,10838.51956,1231.6050997469574,39.817599463276565,812.5753956846893,59640.10539755691,340032.07049972843,4384.531002142467
474,67.2533529411765,3825.6481,6.82547928994083,6.84869798657718,164.95072727272702,4102.473083333331,162.573909090909,4065.2816666666704,106.173363636364,2027.87475,108.7614,2018.8356363636399,6574.38109090909,2505.536,8885.61072727273,3003.23369076894,7118.97556,10647.387449999998,7158.3981300000005,10815.86895,896.0582024883479,709.628505865112,707.0746971294284,16081.217300961725,88986.90089699812,38372.42489971686
475,0.103244939271255,3800.34627272727,5.4245144230769196,6.822,116.64025,3380.4964,28.565525,677.8341818181821,116.140454545455,3385.413,27.3178421052632,679.2798333333329,10251.4166,2331.07854545455,12543.1579090909,5189.3863225,1777.1668545910122,10608.928435,10704.64816,10799.478055,988.6357031064108,235.260502086021,791.4486952358857,50192.11339822505,91712.90200029034,3934.0788003755733
476,63.2756875,5720.95841666667,6.82494039735099,6.8475909090909095,149.655166666667,3353.75966666667,151.9371,3343.6061999999997,107.490818181818,2025.6834545454499,106.866083333333,2007.6133000000002,7297.8842,2495.6981666666697,8859.34591666667,3022.704790709828,7073.461093333334,12387.524675,7140.548423333334,10834.40376,693.3385971933603,651.4515960589051,658.3213020348921,15882.313597830944,235823.51579971146,14659.442799165845
477,0.133585253984635,3816.86418181818,5.61431606217617,10.5965321100917,135.302181818182,4003.0302500000003,26.8897631578947,691.132909090909,158.927636363636,4692.60754545454,27.2641951219512,679.686166666667,9527.42766666667,2336.20216666667,12526.4581818182,4437.171382222223,1776.7918194424726,12369.423535,181630.73380000002,12667.054095000001,1237.1010961942375,341.6598978219554,956.7746019456536,58141.49929501582,80740.43110827915,4258.998899604194
478,0.192281159884652,3831.3295,5.59777173913043,12.1436282051282,134.842090909091,4108.18233333333,25.1632391304348,667.898545454545,133.5896,4041.86981818182,25.2662619047619,676.4461818181819,11056.0116666667,2274.0243,11215.9069166667,8892.914491999998,1781.7350091536566,169353.79594,8902.937443999997,23451.566899999998,1467.1154989628121,384.5240018563345,1016.7545027798043,81713.73489603866,100894.02969751973,5587.676400318742
479,81.6467692307692,7640.10663636364,6.843375838926169,6.88141509433962,142.9235,3380.85591666667,143.542363636364,3300.4542,107.0305,2047.0747000000001,111.429727272727,2034.48318181818,7320.6997,2484.5568181818203,8807.12536363636,2975.735372288614,7028.172436666668,7074.503933333333,7064.353756666667,12619.773720000001,797.9083020472899,573.5851940698922,584.6598069183528,15665.856099803932,248866.2486022804,14279.625899507664
480,66.0074375,4096.937999999999,6.7728679245283,6.75114124293785,139.427,2971.93463636364,138.197272727273,2964.99,117.36425,2266.131,117.258083333333,2248.417,7163.3641818181795,2857.23458333333,9841.69433333333,3292.766918461538,8092.608439999998,8052.768372,8035.781828000001,12241.46777,726.731593022123,629.1279045399278,632.6600967440754,17214.991405489855,29577.006798353978,39633.04540084209
481,0.107585032758143,4085.8698999999997,5.57597837837838,9.6646320754717,125.51591666666701,3771.86733333333,33.6055,748.219909090909,127.39209090909101,3756.0926,33.909,755.663272727273,13535.1658,2643.6308181818204,11318.2526363636,4093.4240339999988,2000.6559583805868,10018.724595000002,207459.13291999997,12300.503435,1219.4147042464465,462.8588038031012,781.4161072019488,59045.44639925007,210734.44380017463,4697.847200441174
482,82.1055384615385,8167.5205000000005,6.73845341614907,6.818581249999999,141.3414,2986.3226,142.4607,2978.5125000000003,122.515666666667,2251.5055,117.559545454545,2266.09581818182,7132.7676,2753.6156363636396,9834.2935,3288.416732307692,8108.642635999996,10102.21876,8006.166976000001,8193.797272000002,699.6822019573301,715.638799010776,711.7144938092679,17504.415404982865,154343.3083978016,25095.98390024621
483,0.10429850601474601,4082.2793,5.523397849462371,8.99349122807018,98.855,3002.169,28.86045,750.4445000000001,76.5731333333333,2240.4264545454503,28.7525,758.551583333333,12752.2859166667,2563.95025,8565.127363636358,4885.222388888889,2018.9440172318552,8031.335155999999,8085.557099999998,14251.577439999997,1072.7929009590298,324.7813001507893,975.344399921596,62589.332202333026,91181.87119311187,4922.141000861302
484,76.5161428571429,8168.42736363636,7.49458695652174,7.47926490066225,134.08072727272702,3735.00345454545,133.146727272727,3749.8334999999997,112.16590909090901,2271.7579,114.958181818182,2256.01454545455,8740.95918181818,2800.3980833333303,9939.211272727269,3287.767426153845,8057.528239999998,14051.162366666666,8144.962768000001,10234.18569,754.3360028648749,772.1747999312356,768.4981974307448,17296.180801349692,532138.6015013559,12940.94639888499
485,0.12027367859049701,4084.2877500000004,5.477158730158729,7.29493,80.5488333333333,2243.8903333333296,33.5438285714286,747.0346000000001,57.156052631578895,1507.87381818182,32.97353125,740.139363636364,8794.4633,2635.54741666667,7272.614545454549,3323.6900046153837,2014.5468176732722,6048.67804,6041.5861514285725,8124.494167999996,530.0518940202892,314.6806004224345,857.5481944717467,21281.322996946983,178804.5675988542,3136.2185982288793
486,0.12021063583814999,4111.94081818182,5.586708737864081,9.75165811965812,123.1897,3767.9414545454497,27.3592692307692,765.815833333333,122.05550000000001,3713.09181818182,27.175790697674397,758.6750909090911,11998.155,2627.0533636363602,14046.9293,4103.726732,2030.3657012850545,10040.136269999999,22255.2576,14284.118346666663,1198.2857016846538,35.71960260160267,671.933704870753,52498.15029965248,541749.553201953,4801.35940015316
487,68.0512941176471,4100.94972727273,6.78623870967742,6.74098064516129,160.22083333333302,3762.08918181818,156.032833333333,3795.45033333333,122.9278,2253.31963636364,119.3639,2278.189,7198.4223999999995,2818.24325,9932.202545454551,3309.5088184615397,8124.104772000001,10069.245005,8077.89692,8198.041296,836.8275011889637,693.1211944902316,689.9552012328058,17261.86529849656,184476.61100071855,17192.84470018465
488,0.117833573190789,4087.3659166666694,5.5405204081632595,9.498550000000002,76.96225,2219.9590000000003,29.4814871794872,748.471090909091,53.598941176470596,1484.3145,29.8639736842105,738.895454545455,11869.157090909099,2581.6565833333298,7244.28425,5034.823097500001,2004.3482209343583,6030.7381885714285,6041.064291428572,8175.040244,759.5835020765662,52.559206960722804,839.2809948418289,59196.21660432313,299168.4959939448,5244.021100224927
489,0.102245120290513,5228.43458333333,5.570426229508199,8.8909406779661,79.47215384615379,2270.85383333333,32.2604444444444,764.0077,55.4946315789474,1501.3459,32.6554571428571,747.4341,11128.3418181818,2657.10909090909,7372.348416666669,6620.024994285714,2013.6163158397553,6085.5271085714285,6049.630768571428,10323.13371,1087.569200899452,44.97149493545294,631.6281971521676,58528.9623006247,262929.6737955883,4482.264901162125
490,0.164270105471325,4104.1482000000005,5.6011213592233,8.91713333333333,123.613909090909,3721.804,29.867257142857103,752.258909090909,170.095636363636,5235.096100000001,29.462138888888898,743.451583333333,11212.6947272727,2582.5457272727303,13898.336500000001,6631.953322857141,2024.2373413368466,10064.25268,14166.34403333333,12343.108785,1654.2888042749837,360.4224999435246,1093.220798065886,54762.34059606213,54942.923903581686,5613.175299367867
491,59.4837222222222,4087.0066999999995,6.79754658385093,6.77585714285714,174.235363636364,3713.4588,179.689454545455,3729.58472727273,196.434,2988.50209090909,200.92745454545502,2928.71127272727,7972.324727272729,2858.5666666666702,9858.954600000001,3372.6385783333326,8081.587072,10026.61967,8079.215275999999,12230.91102,668.9396017463878,501.4687980292365,516.3685011211783,17139.402800239623,316940.0876009604,18298.95369883161
492,0.117595646039105,4083.1007499999996,5.50137688442211,9.00159649122807,77.4220666666667,2249.2419999999997,31.9549736842105,766.7545,57.04265,1516.60209090909,32.0697777777778,770.7621666666671,9607.041700000002,2644.8386363636396,8633.242100000001,3271.9262969230767,2019.3032352513999,6028.450908571428,6066.453597142858,8209.97404,864.0255022328347,381.4715950284153,876.1076984228566,42513.455502921715,151214.83079565223,4563.642397988588
493,92.8954166666667,8177.8701,6.813703225806449,6.79816326530612,171.7663,3002.4981000000002,167.1016,2975.51863636364,146.97108333333298,2226.32458333333,146.649727272727,2230.9639,7153.2519999999995,2854.50433333333,9877.84433333333,3316.561833333334,8061.7334519999995,8060.946624,8113.649699999999,10209.268320000001,868.822995107621,665.9314036369324,651.1534011224285,17134.905006969348,25493.415899109095,39499.703599722125
494,62.414470588235304,8249.8868,6.779299999999999,6.79469822485207,189.3785,3794.8832727272697,192.190666666667,3775.9795,131.9658,2273.4177,133.40290000000002,2293.9967,7175.92627272727,2868.83658333333,9992.31633333333,3322.0108015384617,8109.550196000001,10026.175215,8084.859432000003,10197.278245,789.9287913460284,559.4581045443192,556.1669036978856,17354.09950488247,166484.7357023973,31281.493001733907
495,0.11803803905614299,4093.1213333333294,5.5241603773584895,7.4070551724137905,100.9974,3028.1246363636396,30.7904054054054,755.382,77.4292142857143,2301.98381818182,31.0838648648649,756.03175,9564.3923,2618.7745,8640.6106,4144.844120000001,2021.0826323199922,8094.008812000002,8039.324975999999,10230.815990000001,730.3087972104549,41.24219703953713,648.6356956884265,33562.41729634348,236225.39860079996,3292.8595988778397
496,65.17156250000001,6156.71591666667,8.9536796875,8.91853913043478,148.4352,3080.5636,149.6246,3019.2912,126.559272727273,2242.62725,123.134,2296.23625,7986.974900000001,2900.606,9971.66016666667,3315.854780000001,8073.391772000001,8098.456247999996,8137.6192679999995,12324.247140000001,754.3628977146,524.894698173739,531.9621006492525,22408.03140157368,128533.63689500839,11175.382600049488
497,0.120355832646331,4095.9755454545502,5.54914563106796,6.22772432432432,123.2142,3763.83425,30.664289473684203,766.265416666667,101.24708333333301,3038.3519,30.7638,752.271,8725.531599999998,2646.795,9967.76775,4906.874380000001,2028.631190047081,12059.656125,8151.548420000001,12213.11582,520.1502033742145,225.19520134665072,733.2843000767753,42809.60250762291,157303.45220363233,2979.060498182662
498,0.0885610998857946,4090.52227272727,5.65084183673469,8.177651162790701,124.45469999999999,3767.3362,31.428156249999997,739.151,101.5102,2991.7935,31.555944444444403,740.703,11179.599,2570.21327272727,11210.3118333333,3358.352231666667,2012.2387210923114,201858.06863999998,10108.299265000001,10224.91308,1085.6020962819457,44.4422970758751,766.7152967769653,55514.7375096567,302194.0125938272,4310.7862991746515
499,90.01975,8162.0509,6.8022,6.79960126582279,166.167363636364,3752.48581818182,165.1727,3688.87975,123.231083333333,2245.03083333333,119.3944,2199.39241666667,7956.31063636364,2791.87208333333,9831.28483333333,3338.608333333333,8044.173944,12162.820555,8086.473879999999,8228.91906,812.5642983941361,692.8514980245382,648.7035978352651,17197.795197716914,283716.95590612944,16987.984400475398
500,65.5490625,4073.7830999999996,6.19233918128655,6.19106451612903,177.74699999999999,3802.52063636364,183.24408333333298,3767.2703,180.804,2988.92475,186.754083333333,3005.49063636364,7980.25618181818,2823.5405,9972.12327272727,3337.5557830769226,8035.686920000003,10050.209425000001,8122.450212000002,10196.490824999999,798.2609968166798,732.2766992729157,726.2559956870973,17667.657794663683,159907.99230348784,24027.17799996026
501,0.13034310519788,4077.4012,5.42139336492891,6.78116477272727,103.219416666667,3010.916,32.248371428571396,738.5264,101.41329999999999,2978.19316666667,32.874696969697,752.678,7919.140833333329,2640.0032,9870.35572727273,4922.19576,2018.0422086862463,8052.820907999998,10121.308,10210.261445,533.7691021850333,363.6825946159661,894.2892891354859,37585.011500050314,181997.47360195033,3289.316999143921
502,81.4922,8168.48054545455,6.82188666666667,6.8864702380952405,166.9815,3679.05545454545,164.7218,3793.2834545454502,112.525583333333,2229.68091666667,114.63754545454499,2285.2506000000003,7946.29327272727,2817.03633333333,9846.565499999999,3330.0579150000003,8041.735828,10046.05664,8132.292375999999,8181.549639999998,866.7527930811048,515.1132005266845,520.7803042139858,17151.348097831942,221054.46720088366,18049.0414990345
503,0.08947134155864439,4081.5653636363604,5.57170422535211,7.55022058823529,100.5693,3008.20081818182,28.908916666666702,741.905363636364,101.2235,3044.17591666667,28.63495,764.522083333333,11964.5359090909,2647.06175,9941.05375,2525.755321409857,2028.630392254117,8078.028844,8094.373136000002,12343.040405,789.6051043644547,288.84479543194175,773.2518046395853,49973.68690674193,62079.160698340274,4414.627599180676
504,80.95689999999999,8230.55890909091,7.52855555555556,7.53302631578947,178.87825,3793.23572727273,179.773,3759.43641666667,192.742545454545,2994.36181818182,191.62,3006.2887,6401.7228,2886.42758333333,9967.51041666667,3251.94809076923,8030.434708000001,12073.32198,8110.7107799999985,24446.75975,951.9514977000654,617.832996067591,621.5743982465938,21697.61850091163,113533.38540357072,11972.478998359293
505,61.044625,6138.36966666667,6.80829943502825,6.7114802631579,143.78327272727302,3750.94666666667,143.672363636364,3735.6785,122.166,2275.5149166666697,116.36025,2298.143,7157.2815,2870.84191666667,9959.20191666667,3292.264569230768,8143.03692,10057.35384,8052.492811999999,14204.11598666667,686.7782067274675,721.7388018034399,726.5492982696742,17557.09940334782,328990.7454920467,13315.505100763403
506,87.5094615384615,8195.315999999999,6.18112765957447,13.112109890109899,201.1698,5327.97081818182,201.44616666666698,5306.215700000001,147.592454545455,2998.9282727272703,151.271166666667,3035.0748,11201.608916666699,2778.2954999999997,10012.8096666667,3332.1220083333333,8066.335812000002,44715.09646,8044.419032,30694.04737,1489.7160028340295,1250.468401121907,1247.9648983571678,34039.31890206877,54933.20489767939,13023.185799829662
507,57.2351764705882,4102.82718181818,6.218677419354839,6.205962765957451,163.6315,3756.56175,158.25449999999998,3786.304,110.984363636364,2253.70981818182,111.7396,2302.96036363636,7190.5077,2847.4287000000004,9966.775000000001,3318.4137830769228,8050.841287999997,12173.54349,8158.507908000004,12257.265535,725.3330026287585,739.3068954115734,738.5663047898561,17302.76759772096,87658.17919920664,39873.08290088549
508,81.2276,8167.31481818182,6.74683832335329,6.805420118343201,137.134833333333,2969.0894166666703,140.0922,2983.30258333333,117.0365,2244.5773,113.55229999999999,2261.8725454545497,7206.57563636364,2771.81416666667,9842.222083333329,3322.4896400000007,8140.325271999998,8032.301676,8151.6186160000025,12302.254855000001,763.104998623021,824.2035954026505,813.6555959936231,17676.578392274678,353385.76329522766,20563.386799767613
509,0.11944645760743298,4991.87841666667,5.53614285714286,9.63028301886792,100.68270000000001,2996.5679999999998,28.2544523809524,749.818,76.38984615384611,2261.51745454545,28.044,759.5269999999999,11998.7398333333,2665.63341666667,9955.810333333331,4941.053317777779,2012.7372215226737,8120.962736,8116.185568000002,10208.42587,814.4563995301723,269.79579706676304,794.5009012473747,41510.67950297147,78434.45399776101,4329.97010066174
510,0.161721683354193,4087.8345,5.45906417112299,9.78539047619048,102.113,2997.4643636363603,30.668125,739.320083333333,101.3458,3009.5351818181803,30.815571428571403,763.5740000000001,11953.731818181801,2559.0660000000003,9813.87545454545,5709.520335,2022.0878588826135,200874.54062,8164.235415999997,12204.54564,1133.5660965414718,463.93270313274115,924.1606021532789,50132.613102323376,129833.88380962424,5121.932298061438
511,66.92219999999999,6156.2925,6.74595031055901,6.7849881656804705,159.136583333333,2966.148,159.6028,2963.7423000000003,135.3368,2239.61527272727,130.54059999999998,2284.8518,7198.12063636364,2825.98936363636,9826.08236363636,3355.4047183333337,8095.6049200000025,8042.047351999998,8093.840003999999,8211.560027999998,721.2216965854168,581.2616000184789,579.170198761858,16970.73739778716,54196.11999823246,39108.259801287204
512,0.102669706383405,4084.9689000000003,5.524484375,8.92654098360656,144.243416666667,4494.45475,27.111511627907,737.6192,123.239,3752.40725,27.003,732.8035,10364.5040909091,2544.4675,11182.9580909091,4952.193144444445,2032.34375615496,201406.65854,10115.969265,14312.232266666666,1144.2598974099383,323.33569834008813,1018.5139981331304,55173.51259768475,126950.7113000145,4649.353699642234
513,63.6726363636364,6134.23890909091,6.191287234042551,6.13841798941799,186.873909090909,3739.54827272727,185.817,3758.3588,139.3816,2266.8934545454504,139.001,2276.17808333333,7969.872200000001,2900.50475,9974.31463636364,3298.4911353846146,8080.194816000001,12078.64584,8105.575204,10190.66108,867.6871017087251,749.7078942833468,749.7566955862567,17230.29380373191,264896.8964960659,15591.243701055646
514,62.18888235294119,6119.7635,7.56086029411765,12.4542197802198,162.809181818182,3730.72775,162.813916666667,3670.80775,166.96758333333298,3017.2382,169.428181818182,2954.1612999999998,6386.6152999999995,2740.38525,9823.95316666667,3310.444779999999,8014.253584000001,12071.17093,8106.032291999996,28683.71902,659.3829952180386,480.0687020178884,495.09169766679406,17057.871996075846,21160.956801031716,12270.040300791152
515,83.5385384615385,8145.51125,6.80548520710059,6.81385628742515,155.579272727273,3767.8623,156.370833333333,3763.8640833333297,113.90325,2267.2598,112.4845,2242.5339090909097,7157.41125,2821.9785833333303,9934.11609090909,3376.2786083333344,8007.16762,10075.068515,8088.455359999997,14365.327806666666,774.5988026726991,728.9398985449225,722.6778863696381,17204.36459290795,362399.02719971724,14091.306700720452
516,0.153523886520653,4079.5035833333304,5.54843062200957,10.412558558558601,124.1374,3702.51741666667,30.8543157894737,748.065090909091,125.280727272727,3817.28366666667,31.2967027027027,745.3979090909089,10319.2293333333,2628.15308333333,11196.4270909091,4963.4012177777795,2000.1430093082945,9962.297204000002,205323.96648,12242.400785,811.3784046145156,455.7033971650526,756.2675978988409,59108.80999872461,254929.68310136348,4456.275099073537
517,84.3003333333333,8188.42581818182,5.52480790960452,12.0539534883721,125.32345454545501,3028.8612,125.72933333333302,3002.8304,191.666,3059.9358,198.18400000000003,3048.67083333333,9601.064166666669,2885.96536363636,9970.82575,3316.4916738461534,8080.256871999997,10093.517145,8122.319180000002,22446.99658,909.7119036596268,907.6911956071854,924.2965024895966,22573.50570289418,25944.610504666343,13130.037797964178
518,0.126591054706752,4089.27309090909,5.51558604651163,8.82012931034483,144.778090909091,4495.1855000000005,26.2011842105263,745.4115999999999,122.89109090909099,3748.40354545455,26.3196097560976,730.31525,10325.887,2599.75027272727,11179.564166666702,3341.627711666667,2011.2373790855108,14144.493466666665,8070.181324,12267.402815,1068.3504049666226,354.15809543337673,923.8278056727722,50540.833501145244,92385.71920141112,4526.7002016771585
519,82.25853846153849,8158.27027272727,6.8381592356687895,6.87239766081871,138.4237,2983.4985833333303,140.864666666667,2917.51858333333,118.21825,2227.83525,118.52090909090899,2230.05618181818,7153.05825,2794.36908333333,9907.69054545455,3355.84668,8100.239215999998,12125.938675000001,8058.748076,16368.640853333336,752.8956077294424,479.1556013515219,480.6093988008797,16858.573502395302,267181.80639727507,23513.447798904963
520,87.5127692307692,8976.212166666672,6.86221965317919,6.86022,185.403083333333,4165.56216666667,185.110454545455,4153.3925,137.44559999999998,2485.86758333333,137.992833333333,2491.27681818182,6023.6899,3050.95627272727,10920.5555,3630.111323636363,8996.789151999998,11384.077664999999,9109.072615999998,13686.887419999997,783.873102045618,540.1917005656287,553.116700029932,18486.833502538502,319305.3608003538,18369.06190146692
521,68.0318333333333,4503.43891666667,6.90019463087248,6.89396153846154,153.12336363636402,3386.226,156.2924,3388.49309090909,127.5486,2524.4766,133.324727272727,2520.43309090909,7772.12883333333,3154.83575,11013.2773333333,3624.0052649999993,9060.262620000003,9058.860796000003,9034.356171999998,9184.049544000001,765.9138034796342,723.8531979965046,730.5772945983335,18300.896999426186,27353.651594603434,40794.4790989859
522,81.872,8965.1565,6.2713641304347805,6.262733333333331,152.4119,3329.97658333333,150.953545454545,3368.5186,123.44363636363602,2543.13541666667,125.89191666666699,2537.76336363636,7690.25381818182,3165.42241666667,11013.7819,3679.1469963636355,9065.003992000002,11314.451815,9066.241703999998,13779.113106666673,896.7297995695844,642.7709042327479,632.2791014099494,18781.439805752598,236509.02139488608,33938.11510177329
523,90.4538333333333,9003.5137,6.9335602409638595,6.936633333333329,182.3937,4144.68841666667,181.35033333333303,4082.43163636364,126.26216666666699,2529.55733333333,126.17729999999999,2492.8869,7770.50825,3059.7565833333297,10955.718499999999,3754.77406,9084.851663999993,11330.62699,9111.230275999998,11400.57183,953.6396973999217,582.7639950439334,579.1627074358985,19018.050099839456,158897.1443969058,25983.41109987814
524,87.7808181818182,8976.3402,6.8872972972973,6.860610738255031,164.666166666667,4152.095666666671,167.19,4209.5248,228.098,3329.649,231.222363636364,3371.92981818182,8605.5239,3166.0803636363603,11064.3485,3683.196272727274,9081.018135999999,9083.389392,9069.645451999999,18491.13736666667,815.6049007084221,673.0642984621227,670.6730084260926,18514.633894665167,77504.95170475915,17394.52930050902
525,0.201998596491228,4504.9989000000005,5.63343902439024,11.4614509803922,182.624545454545,5944.4635454545505,29.2993428571429,857.11225,209.091363636364,6754.8311666666705,28.7936341463415,837.9555833333329,12919.3203636364,2879.6186363636402,17148.7822727273,8188.9123,2269.546304836671,225431.85266,231601.66084,20639.514420000003,1690.2412025956437,396.86009695287794,1448.7991022178903,45853.949201409705,58514.82569996733,6299.711100291461
526,0.39890043290043303,4492.2659,6.26671511627907,11.5348469387755,187.087166666667,5768.2627272727295,37.8509655172414,848.168636363636,237.959333333333,7422.9088,38.7465357142857,825.5159,12070.6913636364,2938.1976999999997,18559.177833333302,9112.013739999999,2263.6511305988897,15749.886553333334,230808.84448,15923.263700000005,1876.4647014904767,399.03169963508844,1645.7510035252199,95002.93720047921,45418.639696436,5747.485897154547
527,67.65393750000001,4471.64890909091,6.84226857142857,6.87643137254902,172.363272727273,3359.4541,168.19691666666702,3287.97683333333,150.041583333333,2522.79691666667,147.679416666667,2464.51336363636,7720.707,3072.89633333333,10901.6624,3679.4232963636346,9002.172712000001,9099.981136000002,9076.065331999998,9208.258984,805.4854988586158,729.3139031389728,746.1338973371312,18568.732700077817,58346.806903136894,40899.366000667214
528,0.136341580310881,5773.9015,5.599652173913039,8.95766666666667,107.09775,3345.3578181818198,31.68990625,847.9446,108.04316666666699,3377.30283333333,31.303911764705898,842.263272727273,13719.7875833333,2908.7028333333296,11036.3311818182,3635.5565745454537,2263.852261497828,9057.321512000002,9025.535743999999,11377.144345,803.4910977585241,451.04970049578696,866.7626039823517,49044.185198727064,61959.331994876266,5165.592001867481
529,58.4785789473684,4473.38845454546,6.86453691275168,6.863899999999999,185.1661,4172.47609090909,185.318090909091,4114.8539,200.11608333333302,3346.582,192.632909090909,3391.2418,7743.21109090909,3137.94725,11021.5073333333,3635.383009090908,8973.547072000003,11264.35248,9007.064179999998,13646.14903333333,773.8864980638027,775.0123011646792,782.2536979801953,18466.227399767376,80695.08170010522,40335.58359951712
530,63.94047058823531,4457.84766666667,6.90511,6.899125,177.463909090909,4189.79445454545,178.819090909091,4169.5244999999995,138.632727272727,2534.18816666667,141.691181818182,2503.74575,7748.02775,3179.55508333333,10993.840600000001,3644.573321818181,9076.916179999998,9096.257244,9008.206196,9171.908644,871.6797980014235,769.0883008763194,786.4270941354334,18746.124603785574,184028.30510167405,40448.190199094824
531,69.1424375,4484.52033333333,6.89206,6.85875675675676,200.8838,5036.36218181818,204.231090909091,4972.7299,127.237,2477.44854545455,129.379363636364,2465.7848999999997,5167.020416666671,3103.2844,10912.03825,3680.7592690909087,9077.196927999998,15908.933120000003,9093.495956000002,13713.902560000002,920.4412985127419,722.8927017422393,707.0636056596413,18579.076998867095,147791.9768949505,40645.40189865511
532,89.6545454545455,12642.136416666699,6.88269642857143,6.8878322147651,187.564454545455,4258.64108333333,185.367636363636,4162.133,202.678909090909,3325.07990909091,198.667333333333,3344.8987,8552.1121,3172.10627272727,10994.8403333333,3663.9360672727275,9108.7336,9043.416251999999,9053.019148,9193.640540000002,978.0866996152326,589.4272093428299,595.9638976491988,18600.450799567625,397229.42219814286,15483.59000007622
533,0.101339893873613,4496.760272727271,5.61458762886598,8.85223703703704,84.3807272727273,2521.10045454545,33.59753125,861.17225,58.291000000000004,1680.1895000000002,33.0072571428571,820.3582,10386.653699999999,2949.58866666667,8063.6849999999995,2782.4389122661137,2264.655348946307,6782.409793333334,6834.608566666666,9150.160443999997,483.1512022064999,316.73950143158436,641.7955941287801,31764.240795746446,134158.10029837303,3830.9811003273353
534,87.1114,8995.875454545461,8.22902836879433,8.1716796875,152.67239999999998,4103.59733333333,151.6462,4194.7453000000005,189.40575,3308.36725,190.560083333333,3364.98809090909,6890.889499999999,3092.97690909091,10938.5320909091,3658.9115545454542,9096.624696000004,22687.79936,9088.935904,38952.178369999994,917.3676022328436,644.2963000154123,639.252905966714,18471.533595584333,570443.4185987338,20677.320801769383
535,0.151538472685118,4477.4353,5.691025000000001,8.9604,110.03450000000001,3350.5853,34.0985142857143,823.3478,110.316090909091,3384.652,33.322233333333294,830.6396666666669,12971.3925,2912.5594166666697,10931.1754545455,8149.936591999996,2270.0392492503224,224804.90068000002,9026.848923999998,13677.639060000001,1625.733493710868,28.74490455724299,734.4712998019531,74388.15579807851,575914.2934053671,6003.612600034103
536,0.13182229110164,4468.48141666667,5.582211538461539,9.59865094339623,158.780181818182,5007.248500000001,33.296343750000005,836.4146000000001,157.25491666666701,4997.16816666667,32.5399714285714,836.123,12911.1462727273,2878.75583333333,13996.039499999999,6406.734765714287,2269.757118563655,13602.540506666668,11301.883105,16141.835893333335,1107.098493957892,375.5635960260406,1049.5094989892095,67955.71199909318,180304.67820353806,4500.891498173587
537,0.165825069252078,4451.10827272727,5.569497237569061,11.3601274509804,157.6317,4887.90258333333,31.138575757575797,828.755363636364,131.9461,4121.73245454545,31.0053513513514,831.508666666667,12812.810500000001,2892.4334,13873.133100000001,5466.3905175,2260.302793993028,225526.81058000002,9044.665636000002,16006.681419999997,1278.5267987055704,380.4259962635115,995.9479997633026,45483.42819325626,207703.21889431216,4953.816698980518
538,89.81191666666669,8969.633727272729,6.90925903614458,6.84463,191.16433333333302,4084.0729090909103,188.16570000000002,4197.0175,144.236166666667,2490.38327272727,142.75809999999998,2448.02166666667,8599.84863636364,3109.40183333333,10910.493699999999,3645.776839999999,9079.177656000003,11331.071355,9115.78804,13736.91728,844.4389037322253,509.3282990856097,523.6437020357698,18751.737993443385,214143.4367018519,18019.538998487405
539,0.160897260273973,4487.559200000001,5.598177884615381,11.1512967032967,181.906636363636,5807.158100000001,29.4708974358974,845.1754,231.97941666666702,7509.7217,29.2462307692308,825.9562000000001,12032.2874545455,2874.29881818182,18615.301,9918.029996000001,2261.9974948888944,13492.583859999999,229872.92684,18139.548740000006,1554.2789973551407,531.4259993610904,1382.9076022375375,89960.21560160443,107956.22499426827,5627.665499923751
540,91.67791666666669,8965.3727,7.52969032258064,7.54280882352941,169.36610000000002,4219.3090999999995,173.33563636363598,4147.9505,183.73080000000002,3345.13909090909,187.50391666666698,3349.60636363636,6888.8059,3164.8283333333297,10945.522799999999,3676.17056,9052.848515999996,11335.897755,9071.377767999998,13774.995980000002,823.6956957262009,468.58810528647155,472.4874015664682,18225.388604332693,157570.03450999036,12992.534000659361
541,0.13380376124284502,4470.02333333333,5.6771468926553705,9.048710526315789,107.429,3361.37518181818,31.2628484848485,846.767909090909,82.40069230769231,2513.9609090909103,30.6142727272727,853.7936000000001,13763.7073636364,2894.68508333333,9534.77290909091,4606.171444444444,2266.9939008884803,9046.553128000003,9137.046567999996,11407.75764,968.4094024123624,413.7432959396392,809.5820987364277,59938.30969382543,221405.26470611803,5212.663198472001
542,0.135633756278086,5787.07136363636,6.21121212121212,12.1769625,186.14163636363602,5877.540416666669,36.7120689655172,840.1153,210.735,6658.2675,36.5440357142857,847.624166666667,12067.74175,3003.04383333333,17121.9915454545,7334.25744,2260.6431157875213,31638.915780000003,230817.9547,13700.86808666666,1723.7515974557027,426.2438014848158,789.7489937022328,85404.38969794195,198900.39369929582,6020.353999338113
543,0.231651059322034,4481.66063636364,5.67745145631068,10.0115888888889,180.771454545455,5795.870454545449,30.2783684210526,843.948583333333,231.13881818181798,7408.335599999999,30.121950000000002,848.6333333333331,13757.9915,2873.5713333333297,18662.1262727273,3692.6062654545453,2264.2476791779095,15826.528946666667,230534.4467,228368.50802,1318.958099000156,786.8160028010607,1631.74040208105,98321.07039983384,85100.4402997205,6579.904700629413
544,0.14830583932400102,4489.0791,5.64898901098901,10.710666666666699,133.165818181818,4133.087399999999,30.4246578947368,843.506666666667,157.618416666667,5040.91475,30.363628571428602,838.157636363636,13805.0923,2904.0563333333303,14003.8496,4657.400795555554,2286.8542451603716,11299.57109,234317.83654,13770.762293333328,1147.355293505825,357.87939850706607,1163.4613998467103,58771.67409053072,80536.43749735784,5310.07390236482
545,0.118727915975677,4474.38381818182,5.61781865284974,9.131228070175439,84.48325,2505.6639090909102,33.9699411764706,812.7175454545451,58.7667368421053,1685.08854545455,34.9761935483871,828.729166666667,12880.5287272727,2936.98725,8000.669181818181,4582.11852888889,2263.2540919176367,6747.0122766666655,6813.581699999999,9123.565499999999,888.3441070793197,302.2320015588775,836.0154955880716,45463.17879867274,161078.3615935361,4617.701398092322
546,69.648,9480.02558333333,6.705255813953491,6.897502923976609,184.11283333333301,4138.54316666667,184.570333333333,4204.004545454551,211.295,3358.14525,203.825083333333,3299.2778,8585.84383333333,3143.81541666667,11029.856166666701,3656.5351999999993,8970.924695999998,15689.585026666668,9053.327191999995,29709.6069,921.4484976837412,826.638299622573,821.8114962801337,18737.691995920613,202809.93670749012,14931.606498430483
547,67.77181250000001,6733.51325,6.2267027027027,6.24581865284974,200.201333333333,5019.3570909090895,202.151083333333,5082.4803,133.851454545455,2510.8613,138.862909090909,2542.167,7753.6959090909095,3148.37909090909,11025.7243,3657.2072563636366,8983.612935999998,6791.7112033333315,9115.407552,9173.426499999998,653.4348038258031,843.0223999312147,845.2345966361463,18945.931101916358,285566.28950173035,35823.15249950625
548,0.11414396269471201,4495.1435,5.64534673366834,8.93187603305785,134.503272727273,4176.0459,33.900735294117695,835.451636363636,134.287,4192.4955,33.64234375,842.408583333333,12929.3544,2917.40216666667,14083.828749999999,5494.80239,2266.539759957789,11257.200449999998,13595.5746,13679.309539999998,1264.750599511899,314.4918067846447,934.0249001979828,62758.71300022118,98468.67349697277,4115.80610089004
549,90.7325454545455,8952.704416666671,6.8113600000000005,6.800689440993789,176.819416666667,3354.82972727273,174.755727272727,3268.38633333333,154.61350000000002,2505.82227272727,150.422727272727,2475.7815833333298,8593.522500000001,3070.7363333333296,10914.31325,3644.407610909091,9112.3628,9026.637356000001,9024.666019999995,13744.19894,874.4107006350532,433.6997022619471,442.3179052537307,18252.339502214454,142844.03799974825,19846.98930173181
550,0.149603700635184,4465.12708333333,5.61938888888889,9.697891304347829,158.9824,4943.592000000001,32.8270294117647,826.803166666667,185.0162,5858.23654545455,32.6230303030303,830.354916666667,12883.376,2894.7204166666697,15395.7584,6424.0093342857135,2267.668580153561,15756.855733333332,232101.68798,13783.177633333333,1431.3957042759284,676.22670030687,903.8499963935465,89801.51739669964,67330.11619362514,6288.755298010074
551,0.104854374207571,4488.2064,5.633573684210529,8.26613709677419,81.76184615384611,2550.9505,31.2321315789474,840.573909090909,56.4058,1667.71166666667,30.517727272727296,841.6372,12077.7885,2893.95466666667,9554.920399999999,3650.5438472727287,2261.351899659926,6774.667140000002,6824.0927999999985,9186.998124,769.695290364325,388.5409969370812,906.7859937204048,40358.50450163707,150559.06950728968,4244.421000475995
552,67.5278125,6735.17018181818,6.8586144578313295,6.78682142857143,163.5685,3361.12263636364,161.057166666667,3308.65736363636,136.028454545455,2495.79054545455,138.80763636363602,2487.079,7713.65,3110.4945,10917.518166666701,3682.9102054545456,9103.801688,11370.863335,9090.214268000002,13733.022306666666,850.245202309452,840.1966013479978,838.2922009332106,18983.98250050377,174771.84820745606,40304.661402478814
553,68.168,4482.03727272727,6.89006395348837,6.88793,217.9954,5005.39954545455,217.471909090909,4904.54936363636,145.76816666666699,2519.61454545455,143.502166666667,2472.5728,8612.788,3161.42091666667,10910.7376,3666.2525945454554,9052.685884,11275.687075,9066.152028000002,11393.495765000001,907.9661074792966,728.3667015144601,727.5316980667412,19236.055700457655,269796.2859936524,18391.258400515653
554,59.7837647058824,4460.72654545455,6.33383428571429,6.34941358024691,168.06054545454498,3317.19409090909,163.56963636363602,3344.12645454545,138.2146,2536.91981818182,139.302272727273,2539.5280000000002,7727.80009090909,3191.84558333333,10983.7319,3673.146752727273,9059.836703999998,9035.301576000002,9111.602891999995,9159.696811999998,890.9726020647213,745.9248008672148,733.3091023610905,18344.080305541866,71511.9195956504,40315.846199519
555,70.26307142857141,6709.1269,6.14135714285714,6.16334730538922,213.6825,4900.3395,216.670083333333,4954.6185,216.527666666667,3323.0248,217.252,3294.38841666667,8562.6235,3146.3487499999997,10902.3348,3613.3119349999997,8999.807708000002,17933.83453333334,9086.908008,13619.003266666668,866.4596069138497,768.9109945204109,750.4545006668195,18283.785099629313,119294.66219444294,39810.90830056928
556,0.12288983957219199,6323.10727272727,5.624147540983611,7.498735294117649,105.51360000000001,3322.6971,30.6984117647059,830.438545454545,81.34025,2495.39191666667,30.3788918918919,841.284545454545,10337.603000000001,2864.09483333333,11016.3065833333,5513.0525975,2249.456726279553,9008.556928000002,9028.422264,11431.232445,859.530596062541,288.29340590164065,610.3660969529301,54063.70649870951,112554.47030125652,3724.800900090486
557,88.8978333333333,8955.68318181818,7.56011258278146,7.59802631578947,163.351333333333,4146.2334545454605,162.404666666667,4204.305090909091,149.13,2497.05636363636,152.8137,2528.42254545455,6889.98218181818,3173.5804999999996,11023.6166363636,3693.8305072727267,9068.085780000003,11274.90213,8961.372276,13706.312,740.7800003420562,710.69470141083,720.1049971627071,23008.702596416697,373765.05650172476,12285.154400160536
558,86.6234,8948.4407,6.81534591194969,6.88836,175.5693,4171.36672727273,180.8285,4210.384999999999,129.815545454545,2485.68741666667,129.931916666667,2500.1670000000004,8586.7068,3038.1431666666704,10857.984750000001,3712.3488036363638,9009.159800000003,9003.518308,9035.374696,13662.556006666662,935.988497803919,687.5183084048331,688.4730973979458,18911.55870689545,402035.7010012958,20369.03300031554
559,65.479,4472.66081818182,6.92823214285714,6.88529605263158,177.784666666667,4166.3610833333305,175.2347,4158.2537272727295,125.96172727272699,2464.0056,127.7844,2512.7834545454502,7749.42666666667,3089.49491666667,10888.5223,3625.0941416666656,9047.667167999998,8936.445487999998,8962.468668000001,9081.904252,875.7989970035851,779.2354037519544,774.4966977043077,18370.68080494646,297224.25150393974,22280.67749820184
560,63.8810625,7070.60290909091,6.61412738853503,6.68520833333333,199.88116666666699,4619.2825,198.815583333333,4573.1650909090895,221.268727272727,3689.06591666667,225.871545454545,3586.5598999999997,8258.508,3285.28818181818,11929.310727272701,4073.616942000001,10022.227305,17415.399633333338,9972.423929999999,30151.9533,889.7545048967004,736.054006847553,745.7753003109246,19632.7669051243,303293.1051013293,16313.892899779603
561,0.113975520195838,4700.86627272727,5.54236448598131,10.7027407407407,112.97381818181799,3756.1935,33.109375,933.556,114.41783333333301,3711.75772727273,32.746500000000005,930.391583333333,12971.9588,3091.4595,12080.677818181799,5010.58968,2507.3959559670448,10001.092664999998,10011.82056,12634.1869,1003.3218015450984,510.7697012135759,957.2376060532406,78688.17179405596,174413.13329327386,5042.896899976768
562,0.121290642076503,4727.4392,5.56151813471503,9.01714,168.81954545454502,5504.58416666667,33.2263823529412,945.629454545455,142.67090909090902,4595.078363636359,33.2510571428571,930.666916666667,13906.4049166667,3096.6098333333302,15373.158249999999,5010.644934999999,2510.024581319918,17529.546753333332,10148.6713,17771.878573333335,1280.9851963538677,290.0450024753809,961.2211026251316,57626.81609776337,201274.0195990773,4679.082700749859
563,88.5955833333333,12244.5190833333,6.79566225165563,6.75561452513966,182.55041666666702,3621.59390909091,179.4323,3624.61066666667,150.609833333333,2774.15533333333,152.22025,2767.47390909091,9220.62245454545,3350.69966666667,11912.774500000001,4032.811640000001,9979.64011,12486.404505,10073.61103,10057.793265,852.9082988388836,797.2229999722913,796.5769036673009,20156.71060362365,531623.7636958249,18203.120899852365
564,0.11951959161147899,4703.83816666667,5.4381408450704205,9.63280165289256,143.536909090909,4663.1192,34.0903235294118,941.351833333333,141.14275,4604.17381818182,34.2194516129032,928.2955000000001,14708.5199166667,3118.22858333333,13782.50025,7043.721449999997,2497.172865570825,14931.140640000003,256760.51684,17796.728746666668,1035.5491045629606,44.15889561641961,861.133701982908,57232.94529598206,497261.39629783574,5359.41609996371
565,92.913,9452.72327272727,8.203676258992811,8.1765703125,214.364454545455,4566.06408333333,211.16963636363602,4628.5725,160.067909090909,2752.9378333333298,151.564545454545,2794.15675,9280.562399999999,3365.60536363636,11982.4306666667,3999.5934600000005,10066.70583,14961.332726666667,10111.06283,32907.580030000005,685.3513012174517,727.0750007592142,729.622200015001,20053.45930228941,143555.89550104924,14499.721000902355
566,89.63250000000001,9437.79263636364,6.77778231292517,6.77456,220.94150000000002,4626.91708333333,221.516545454545,4555.68763636364,250.28636363636397,3684.1095,251.301,3684.5778,9190.16875,3366.60145454545,11947.5168181818,4021.5572840000004,10032.0765,14905.472933333327,10054.394785,10143.56877,989.456192473881,825.5265041952953,823.7813948653638,19965.53979406599,419394.62790323887,22210.936999181286
567,0.144608588046034,4686.9167,5.524198924731181,6.81543125,120.8498,3712.89291666667,37.5253666666667,934.9521,91.85770000000001,2785.86381818182,37.2208387096774,912.114,11980.2812727273,3132.93608333333,12023.0092727273,2988.2165453973407,2481.296168474798,10009.563125,10030.50136,12613.049869999999,430.071703158319,52.49498935882002,717.1633013058454,38313.346295035444,298307.5566968182,3994.389800936915
568,94.42516666666671,9398.7915,6.79498518518519,6.79788304093567,204.288583333333,4571.116636363639,202.435,4583.53908333333,224.382,3701.16141666667,229.40769999999998,3645.4681666666697,8295.170727272729,3269.04641666667,11929.03825,4063.9310240000004,9956.80543,12389.50447,9967.691465,12570.16898,864.7552022011951,582.6475040521473,597.4675994366407,19333.4415089339,508371.07609550003,26517.384601174854
569,72.67235714285711,7103.43772727273,6.03254838709677,6.21427979274611,186.166181818182,4640.2285,182.957272727273,4679.70618181818,131.539416666667,2754.0396,133.30475,2768.1277999999998,8308.472416666671,3301.86425,11890.4236666667,4085.571496,9995.422859999999,12393.467359999999,9983.128385,10086.179185,677.6296970201656,759.690091945231,752.97599832993,19926.96029774379,196909.66030175332,40053.51410014555
570,63.8498125,4695.87909090909,6.76893181818182,6.81046753246753,194.390583333333,4555.22016666667,192.42636363636402,4566.6464,136.6697,2792.1495833333297,139.1988,2726.37736363636,8240.69075,3307.9250909090897,11888.4357272727,3993.1281420000005,9890.310076,12503.30042,10021.974984999999,10159.870664999999,900.9889967273921,840.3264975640923,830.4398012114689,20215.253400965594,207251.25469616614,41435.08760025725
571,69.20939999999999,7073.8766,6.80633720930233,6.74755621301775,231.922818181818,5618.2033,236.395,5561.89775,232.7905,3693.53045454545,226.227666666667,3651.4096999999997,9210.09441666667,3306.73025,12017.4672727273,4024.2305860000024,9981.99829,12564.099905,10069.51685,20230.00469,898.6923057818785,459.6738930558786,458.2959052640945,20280.84069606848,89323.14490084536,14887.3211001046
572,0.135698479346346,4708.20145454545,5.52500505050505,8.208857142857141,113.07629999999999,3696.006,31.251228571428598,929.681833333333,85.5153333333333,2790.8766,31.2750882352941,926.157916666667,11043.697999999999,3094.20054545455,10434.783,4996.7399475,2520.491281435447,9929.854589999999,10070.522289999999,12664.76619,627.5641993852332,324.8852037359029,785.5596952140331,48068.936401978135,152390.70579991676,4594.092100160196
573,0.10461646112131501,4720.36054545455,5.45467021276596,8.71727118644068,138.337272727273,4644.3186363636405,28.8927692307692,925.5871666666669,140.1432,4649.5249,29.0893714285714,923.9079090909089,13818.2076666667,3002.04166666667,15390.95825,5052.2962025,2520.7254185052693,12530.755355000001,10012.481555,15108.63477333333,946.988700889051,346.50389570742846,1000.4676994867623,62537.23029512911,119223.41079625767,5086.520398617722
574,0.162236900780379,4715.39808333333,5.53195652173913,9.54217346938776,89.0940909090909,2772.971,33.0636285714286,931.7084545454551,61.30769230769229,1857.91381818182,33.6845,938.359166666667,12901.0471,3141.74008333333,10388.7030833333,7100.104273333335,2507.076881032102,7504.338250000001,7560.855869999999,15171.814953333334,1668.3265974279493,403.6903992528096,870.6012013135478,73538.2849961752,59128.27080464922,5619.200499495491
575,0.118087441006817,4710.0349,5.4786886792452805,8.73834426229508,170.71020000000001,5560.9614,34.336125,931.070272727273,169.548416666667,5595.70458333333,35.2367931034483,942.628636363636,14802.6281,3084.2150833333303,15485.2477,6036.252848571428,2525.793843927041,15038.865413333333,15080.211280000005,15232.66381333333,840.0877966778353,411.19840170722455,1031.6845000488684,43554.62780222297,81827.91040744632,5225.3697998821735
576,96.7839166666667,9412.625272727271,6.77107382550335,6.7629012345679005,251.901818181818,5517.571,248.78745454545498,5558.045999999999,165.2688,2746.3742727272697,169.76283333333302,2810.1995833333303,8314.30591666667,3446.04791666667,12030.32575,4041.604217999999,10004.670484999999,17507.412733333334,10076.762859999999,10105.62592,978.939200285822,648.584301234223,643.183893407695,19995.14909402933,67797.62250080239,19648.368301568553
577,0.11933756485263301,4706.381363636359,5.51775238095238,8.879375,113.779,3665.593,32.2411470588235,935.888272727273,87.8905454545455,2796.6552500000003,32.477303030303,915.5405000000001,10121.864909090898,3075.142,10286.4646,5095.936162499999,2506.6825030498458,10013.039695,10025.98985,12713.539550000001,696.4202038943768,405.9475031681359,928.4273022785783,52550.329398945905,213224.38629867975,3383.1224020104855
578,0.12586895437026002,6641.629,5.51955339805825,6.85269005847953,87.19553846153849,2772.27672727273,32.05371875,930.679166666667,59.772705882352895,1833.4560000000001,32.006942857142896,939.2251818181819,9257.514,3169.65790909091,10432.8075,5062.9490575,2486.38774363393,7535.791243333334,7561.921776666665,10144.896875,585.8321004780009,416.2543889833614,748.2380955480039,50659.40450003836,125579.86849860752,3523.0015026172623
579,0.101225857659406,4703.7698181818205,5.54308292682927,8.77668644067797,89.3802,2797.81345454545,34.4462727272727,957.012916666667,62.7338333333333,1871.04333333333,34.23703125,922.372833333333,8286.83663636364,3044.06458333333,10403.362727272699,3028.567130198885,2505.5476976928453,7512.373620000002,7506.999163333332,10118.449915,465.440601692535,323.5434036469087,803.5360049689189,34590.02830204554,161828.6452983739,3056.580398697406
580,0.412166891436278,4718.172500000001,5.51765957446809,10.194358490566,299.60316666666705,10170.86,32.7815588235294,945.7659,353.0225,12033.1746666667,32.9415945945946,936.97925,12929.637799999999,3117.5069999999996,27278.375600000003,9022.903336000003,2491.5846692734717,12597.97351,254382.5342,22746.38341,1563.062408240512,559.4632006250322,1898.7107003340498,110330.00260358676,167875.95790228806,6396.510798367672
581,66.31909999999999,7054.95281818182,6.7055,6.8347484276729595,158.517272727273,4706.6884,162.229,4571.8359,209.811727272727,3697.11766666667,211.7699,3679.38691666667,9166.07136363636,3371.40991666667,12045.839166666701,4054.659088,10071.181789999999,15009.271273333337,10055.848545,10099.25187,728.629608056508,621.2065025465563,616.0699005704373,19343.35959958844,242895.33239789307,24650.352899334393
582,0.104668382352941,4709.203166666671,5.52509090909091,7.649000000000001,115.48275,3642.7401,34.000833333333304,931.220416666667,90.20949999999999,2741.09308333333,33.877193548387105,938.547,11126.6156363636,3032.66525,10388.823272727299,3013.599950534066,2522.6808696735384,10177.49049,7673.089986666667,12739.533805,567.1350023476407,41.89889586996287,574.311101809144,38573.84500151966,389031.2084957259,3994.3719981238246
583,95.8373636363636,9410.419,6.839706250000001,6.820320000000001,177.685916666667,3704.73981818182,174.140636363636,3723.5654545454504,146.998909090909,2792.8235454545497,152.454166666667,2820.9537,8297.0635,3354.34027272727,12041.6081818182,4063.5312480000007,9991.051875,12454.25353,9995.603305,15164.772133333332,707.5380010064691,771.0303936619312,819.2195964511484,20039.595602429472,212257.23420502618,14148.94390036352
584,94.4554545454545,9433.26,7.50262987012987,7.50812987012987,181.745363636364,4612.856599999999,177.183545454545,4640.81858333333,154.626181818182,2796.61108333333,157.5075,2821.828,9228.520090909089,3410.32758333333,12067.135499999999,4058.2310360000006,10039.271085,17546.487133333336,10031.085925000001,15242.936926666669,1042.4929962027818,661.3351055420935,666.4521992206573,19753.899407805875,609636.641407269,13727.589001064189
585,0.0992174116765064,4702.256600000001,5.57497572815534,7.40646043165468,88.83200000000001,2785.4447272727302,35.041,930.990454545455,62.88456250000001,1842.53145454545,34.8969310344828,919.0789090909091,10193.976,3066.14116666667,8706.14545454545,5040.8158125,2528.4934819424766,7481.38845,7558.939089999999,10197.110095,688.367203110829,375.98279886879027,746.9428004696965,48363.33260172978,100398.80610420369,3118.19700000342
586,0.149884659746251,4698.376899999999,5.47136597938144,8.922914728682171,87.97823076923079,2765.28463636364,31.9309545454545,916.1409,60.0365789473684,1845.0921,32.36665625,919.21875,11036.2628333333,3089.7609166666703,10296.5712727273,4065.9759219999996,2489.391920952375,7498.1785599999985,7521.213266666665,10200.422855,823.8863956648856,377.38539976999164,700.991996563971,48547.84430062864,114876.3745004544,4407.550301402807
587,63.7693333333333,7056.9887,6.81686075949367,6.8301275167785205,200.78979999999999,4630.91272727273,204.3357,4588.76454545455,148.33975,2787.0965833333303,154.4101,2776.859,8289.4167,3369.79675,12037.3225,4017.4298659999995,10038.814155,14905.403893333334,10018.47493,10150.37725,951.858697226271,739.5619963062927,731.9790980545804,19719.07589759212,204907.95070072636,31691.15509954281
588,0.116770618809454,4704.344,5.46982089552239,9.511761904761899,139.9495,4637.27566666667,31.7091875,909.316818181818,113.620416666667,3701.0765833333303,32.1345,921.485833333333,9196.49,3060.14591666667,12001.6527272727,4018.256168,2530.8406323086424,253221.39186,10213.772395,15144.490293333336,785.4735042201355,312.025094171986,825.9917027316988,52873.91330348328,247233.06479863822,3438.1317003862932
589,0.11345667870036101,4703.60036363636,5.4747540106951895,8.311340579710139,115.829583333333,3678.392,33.3650322580645,927.893583333333,89.5293333333333,2748.748,33.295342857142906,919.1702499999999,10145.1509,3072.9415000000004,12078.2487,5014.9148975,2513.770084753239,9972.51368,10005.94617,12575.07986,507.5685068732128,325.5146963056177,654.8622041009367,36004.47909848299,106833.73280626256,2949.488998274319
590,99.1026363636364,9388.1421,8.834705882352939,8.86944696969697,158.104,4655.4615,158.82750000000001,4595.18608333333,127.993272727273,2810.64309090909,134.1089,2741.1727,7399.62491666667,3329.06783333333,12055.5055454545,4008.166375999999,9926.485585,14996.513073333334,10062.041515,17689.454233333334,697.6799078984186,674.2141005815938,678.2894022762775,24537.15199662838,243047.23369714338,13800.268599879928
591,0.10135227056811699,6269.64109090909,5.530887804878049,9.568064814814809,122.631818181818,3692.10536363636,41.160884615384596,941.057,121.20830000000001,3663.30236363636,41.0619333333333,934.4678,13855.8147,3196.8638,12077.992250000001,8056.488452000001,2513.8713075557844,10004.403015,10045.13624,15105.658619999998,1109.3521025031805,370.04710466135293,885.252802981995,49952.96749402769,69568.8904990675,5132.423399481922
592,0.102739698002923,4699.40891666667,5.5147149758454095,8.94283846153846,114.40425,3721.4689999999996,32.981257142857096,921.5906,88.32869230769231,2756.2855,32.785935483871,943.654818181818,10130.8320833333,3096.56041666667,10381.890300000001,5034.8594525,2493.0348900374756,9985.117390000001,10078.038015,12670.11614,1085.748299374245,429.8092011595145,888.0768960807472,53444.56909515429,196382.40380154457,4036.415499285795
593,0.117379962851173,4708.35854545455,5.24004854368932,8.62828358208955,112.62310000000001,3721.3782,30.8433823529412,923.9353636363641,85.87992307692309,2764.99018181818,30.848078947368396,928.100454545455,12003.2002727273,3136.8316666666697,12019.284099999999,5068.02721,2509.0510261825107,10066.958289999999,10013.42865,12655.675625,856.1059978092089,42.69480123184621,641.8796023353934,47714.33180139866,317326.46920136176,4025.481498683803
594,0.132212222222222,4711.27483333333,5.52339150943396,8.79041911764706,119.961181818182,3726.4595,37.4756666666667,929.291916666667,91.6713636363636,2774.242,37.0025185185185,929.3660000000001,12879.6659090909,3157.3684166666703,12194.0745454545,3042.1369260034603,2487.534911237521,10050.489965,10017.987715,12634.911974999999,1214.245002483949,327.184094930999,937.0265994220972,62427.71149845794,95291.691008606,4348.123600357212
595,0.100914622761606,4718.566900000001,5.4893,8.08434645669291,140.10436363636398,4567.046,31.2585757575758,928.375272727273,139.6731,4619.65225,31.0100606060606,917.954454545454,11940.6381,3027.86666666667,15282.274,5019.209955,2505.903994875567,12550.580039999999,15044.685880000003,15200.679546666666,1238.8918024953455,377.48870090581477,955.6584991514683,48605.23660609033,124822.26979918778,4620.922397589311
596,0.08363815126050421,5723.9204166666705,5.4019182692307695,8.77283838383838,86.4944545454545,2816.0366999999997,33.1315806451613,940.9706666666671,60.7670555555556,1829.25445454545,32.6068064516129,914.3844545454549,11038.0498181818,3157.0707500000003,10413.815999999999,5002.602025,2516.531808649997,7510.333863333332,7515.4900266666655,12684.93476,950.2416010946035,467.5115953432396,945.5418010475114,49442.96680041589,107892.00120198075,3142.5528024556115
597,69.0151333333333,7050.34918181818,11.0750652173913,12.0612278481013,221.732727272727,4604.9569,217.034636363636,4581.5184545454495,248.134818181818,3670.6142,244.51440000000002,3751.1769,11050.9594,3388.77191666667,11908.887,3999.4230039999998,9985.91251,14921.79966,9986.576305,38015.52063,952.7336020255461,947.6371022174135,931.559901800938,25337.005898472853,106459.84400180168,13859.81549974531
598,0.11741248331793501,4695.36581818182,5.46629569892473,8.78737096774193,120.1503,3685.17272727273,38.4777407407407,944.357545454546,91.6044545454546,2776.5358,38.033,924.220636363636,11084.389,3080.50272727273,10329.264,5085.960099999999,2498.797414330664,9986.745312000001,10055.23793,12737.97471,691.6146026924253,425.2364014973864,907.1620996110141,48611.29329947289,139122.48739798088,3364.2733993474394
599,92.47574999999999,9367.1242,6.82215568862275,6.61751282051282,187.880545454545,3702.99791666667,190.9856,3715.12116666667,162.86499999999998,2782.35318181818,162.19075,2788.6506,8254.33441666667,3414.98,12008.3588,4119.3143660000005,9951.709848,14967.943839999996,10099.28709,12630.52756,761.7233990458772,800.3518974874169,797.2755964146927,19640.05749905482,110404.8759007128,17224.330099998042
600,72.3848,7669.44708333333,6.94843,6.84881547619048,203.79591666666698,5138.7639166666695,201.321833333333,5046.27590909091,142.1479,3064.6014999999998,147.38236363636398,3123.7982,8842.858583333329,3580.02818181818,12999.4116666667,4441.221902222222,11019.982295,13694.982460000003,11041.256585000001,19308.473973333337,822.930401773192,754.6031003585085,753.0498929554597,21206.674998393282,338240.58870086446,33492.26930004079
601,0.13553096014038601,5100.190333333329,5.61681188118812,7.61358518518519,121.995166666667,4082.3738333333295,34.9136875,1041.0562,94.8223,3098.85645454545,34.9808787878788,1025.60083333333,14719.80175,3424.25883333333,13151.1606666667,5523.7511125,2746.4794302572595,10980.18139,8246.327700000002,11130.215065,1173.32250229083,356.82720481418073,1121.8134983209893,71976.16560442839,188023.21980474517,4901.882199919783
602,0.133681403508772,5126.54875,5.6054511627906995,8.85706722689076,122.46854545454501,4478.22736363636,33.9106764705882,1020.86045454545,93.77783333333329,3089.19545454545,34.4909705882353,1031.259,11818.59625,3526.38145454545,11268.5937,6724.223266666669,2738.922697271771,10998.920225,11001.34606,16676.750353333333,1131.2290997011587,417.3922963673249,922.2885040799156,66384.48240119033,157863.7141996296,4006.8824018817395
603,95.54889999999999,10219.0844,6.8765180722891595,6.88848322147651,250.42345454545497,6110.44527272727,249.64909999999998,6119.68645454546,235.24949999999998,4070.9588181818203,239.647090909091,4095.5168181818194,9898.8279,3715.4587500000002,13005.723916666699,4430.781093333332,10920.131039999998,19311.190526666673,11081.19374,11086.28866,728.3494982402772,807.1163028944284,821.6186077333987,21329.05730395578,297998.5548037803,16525.685400119983
604,69.7878571428571,5110.47466666667,6.89494,6.89393142857143,166.1137,4051.7298181818196,166.50719999999998,4158.89141666667,135.448636363636,3103.0462727272698,139.611583333333,3105.45545454545,7921.8118333333305,3716.39872727273,13152.1272,4434.980012000002,10961.08041,13768.117606666661,10991.436244999999,13872.028200000002,856.2773931771517,659.8770007258281,653.0564976856112,20812.07989831455,186262.77030271012,17814.918101066723
605,67.0924375,5121.5511,6.89867948717949,6.89382666666667,193.29216666666701,5169.0323,192.2199,5141.213199999999,255.705,4115.068,254.4002,4128.3261999999995,8887.767818181821,3751.71709090909,13146.4354545455,4452.809013333333,11029.76159,13781.215286666667,11056.753494999999,16739.575726666666,814.4647988956422,805.6368969846517,805.2129909629002,20894.666100502945,91458.36029783823,41527.662400039844
606,94.3324545454545,10264.5426666667,8.226892561983469,8.18281756756757,226.12283333333298,5077.1497,223.946,5030.47733333333,239.2645,4104.25418181818,242.77608333333302,4060.61581818182,9876.65083333333,3744.87841666667,12990.5358181818,4410.462431999999,10978.91158,13842.177706666665,11009.290095,19328.43139333333,1106.3285055570304,621.6348963789642,611.2307077273726,20931.5007989062,643971.5040032752,12769.513900275342
607,0.12325071599045301,5117.75641666667,5.58341346153846,8.85025217391304,152.91825,5154.62475,36.6387931034483,1025.94745454545,123.84475,4092.8962500000002,36.9865161290323,1021.55290909091,11857.4985833333,3413.03333333333,12988.478583333299,3460.7973733333333,2761.6799959448713,16511.682786666668,13836.566839999998,13892.317113333334,588.8228944968432,463.78249826375395,1052.6229976676404,42073.44659953378,222393.21520901285,4440.054300357588
608,63.423916666666706,5104.65891666667,6.86206,6.88971974522293,196.67510000000001,4072.4016,199.3452,4034.35809090909,171.032,3022.9129166666703,171.38225,3061.18908333333,8882.60872727273,3737.7746363636397,12940.052583333301,4447.884086666666,10999.1827,11017.09868,11032.905555,13883.485026666665,755.0507958512753,654.2139017255977,668.3721003355458,20870.035997359082,143105.8810063405,30180.765100521967
609,94.6461666666667,10233.538272727299,5.62333862433862,11.5550404040404,213.2562,5131.529600000001,211.7973,5118.68154545455,151.38575,3043.88475,152.7287,3082.2397,9874.13425,3612.38036363636,13079.960200000001,4461.5635533333325,10920.088324999999,16565.116306666663,11023.068029999999,36137.77018,1037.754092249088,941.1545004695654,946.3157010031864,20873.535799910314,56546.448401059024,12550.922599621117
610,0.115400121679173,5096.9937,5.63699052132701,7.46677931034483,92.72659999999999,3125.4597,34.9704848484849,1028.8759,64.50699999999999,2044.9696,35.8466875,1052.24733333333,9842.23263636364,3477.998,9347.13818181818,3404.3179349999996,2745.651365663404,8266.545359999998,8202.91884,11143.55251,378.1462030019611,366.4512070827186,716.8178039137274,35837.40380418021,156386.81449345313,3152.0952004939318
611,0.13433138450056,5121.41716666667,5.57856744186047,8.83515267175572,121.216,4127.1819,31.841941176470602,1028.82658333333,121.779,4035.8511818181805,31.963906250000004,1049.99233333333,14909.860636363599,3388.05758333333,13011.2053636364,6715.55613,2734.410685332113,10977.373725,281376.12360000005,13844.767886666672,811.8098019622266,343.3473961194977,891.3127065170556,58287.33360103797,260381.24719634652,5040.945901419036
612,2.21139015151515,5109.604,5.6070944444444395,12.0887857142857,380.564,13219.5629,33.8491333333333,1019.2083636363599,408.487,14346.441499999999,33.687599999999996,1028.21781818182,18787.620545454498,3443.88758333333,32050.6300833333,15546.539553333325,2757.138524534903,274484.53848000005,278454.65042,19448.413746666665,2745.7927964860573,663.6222067754716,1377.6363077340648,114455.84929315373,325600.71899788454,7406.076099141501
613,93.5560909090909,10208.0269090909,6.898722580645161,13.013835443038,186.494,5107.26963636364,184.702916666667,5170.1794,169.9332,3052.1422727272698,167.586333333333,3133.82409090909,9925.50554545455,3650.6357500000004,13110.097600000001,4450.072168888889,10980.694155,11018.969945,11036.58402,27660.79572,1004.6538984170184,904.278305824846,887.873096507974,26860.22899870295,109602.83849562984,12879.7355981078
614,0.389213509843856,5122.5578000000005,5.62493023255814,10.576070796460199,179.206454545455,6166.58025,34.043241379310295,1034.74025,208.295,7185.23018181818,34.118781250000005,1035.9552999999999,14819.4769,3486.945,19015.4089166667,11099.258960000001,2741.0416926468956,117822.93807999999,11049.600085,38771.62995,2373.313601128757,487.9740037722513,1593.2879032334313,113097.53759996966,122944.71220229752,5721.715401159599
615,94.88749999999999,10193.3553,6.838431952662719,6.84370198675497,237.31,5165.00290909091,235.1927,5139.4083,176.1324,3089.4319,167.583,3048.64290909091,9863.588272727271,3729.9068333333303,13107.923999999999,4450.9966977777785,10895.682925000001,11023.72151,10934.618905,36252.015329999995,776.9407937303185,842.3320978181437,840.7277025980875,20987.170303124003,177740.392103442,18100.059099378996
616,0.117672358468943,5116.456999999999,5.5992565445026194,9.748432432432429,94.7556363636364,3064.42525,34.3653666666667,1028.4548333333298,64.281,2081.2439999999997,34.8094,1042.7395999999999,14907.818800000001,3464.3909999999996,11303.338833333299,5568.9192125,2763.4387287111044,8294.194815999997,8263.94562,11199.872055,1157.8393052332103,327.48590456321836,922.0248932251707,66519.2984015448,76515.98329830449,4876.62109953817
617,0.15603790366721398,5119.1643,5.61572395833333,9.67097169811321,182.86558333333298,6155.072,34.761225806451606,1017.17018181818,180.736818181818,6140.6388,34.481899999999996,1027.02866666667,13854.4892727273,3497.42636363636,16819.0974166667,7716.124706666667,2737.500257391928,13664.472926666662,281892.28458,16572.82843333333,1575.4621010273695,336.8326055351645,1276.2166967149824,67067.15169420931,66769.17969889473,5425.9328986518085
618,0.131997891777934,5090.965099999999,5.567,9.90798076923077,152.07250000000002,5133.98375,35.7367142857143,1023.62241666667,122.88650000000001,4122.43163636364,35.664375,1023.8586666666702,12930.5865833333,3474.7660833333302,13137.698,7704.711943333334,2741.2622783643365,16456.573719999997,11050.762255000001,16617.31335333333,1242.9805035935715,307.1684011956677,1047.3367903614417,61909.16299819946,118278.54279545136,5087.776799337007
619,95.57230000000001,14448.5705833333,6.95068707482993,6.73836,235.02790909090902,5065.49409090909,230.623727272727,5052.138599999999,180.996,3044.80390909091,183.043545454545,3046.96409090909,9827.87566666667,3691.89691666667,12942.5344,4541.141306666667,11038.401894999999,13652.939033333336,10913.117975,22166.38517,620.7938044099137,958.5785941453651,944.240897661075,21615.79280218575,93228.97979582194,14677.293397835456
620,100.78699999999999,10249.5466,6.91707382550336,6.939019108280251,199.198,4144.644200000001,196.5247,4132.09536363636,173.1246,3083.2843000000003,170.0536,3140.5528999999997,9882.181,3708.94316666667,13214.5355,4423.417388888888,10994.36478,16508.866079999996,11076.76776,11054.938965,813.8024975778535,527.3152986774221,531.4509005984291,20528.92489300575,353499.9876981601,29047.75700008031
621,0.11973972602739699,5131.745800000001,5.57768306010929,8.919582608695649,95.6606666666667,3109.59654545455,37.936625,1025.22383333333,67.0747333333333,2055.32354545455,37.1577407407407,1030.1316000000002,12871.5358181818,3470.45108333333,9398.65690909091,5637.8842875,2741.124140536605,8221.089044,8212.585695999998,11152.8359,824.1555071435869,40.364902815781534,527.9283010168001,55836.67600294575,451420.01589701977,4329.321900149807
622,90.0234166666667,10273.2109166667,6.8991676300578,6.89284516129032,212.478272727273,5120.2506,203.312166666667,5108.62581818182,151.3176,3057.62109090909,149.370083333333,3068.92127272727,8909.10283333333,3668.29063636364,13032.0078,4493.848402222223,11066.641165,21783.35734,11010.538970000001,11076.007175,718.1835040682927,599.2944963509217,582.7432993100956,20569.061502465047,267834.62389430497,41858.78439748194
623,0.115763906196896,5131.8342,5.5836586538461495,9.66816101694915,125.666545454545,4117.1628,37.4784482758621,1024.33666666667,93.8892727272727,3074.2180000000003,37.1029655172414,1004.77866666667,13850.3731818182,3402.26081818182,11174.285000000002,5596.449014999999,2772.6304458911354,10974.864314999999,10994.039475,16741.934386666668,959.9164011888206,453.23910599108785,1033.4335966035724,62273.91799911857,241271.73120505176,4485.893200035207
624,69.259,7697.92736363636,6.92414383561644,6.90705389221557,156.227545454545,4130.1115,157.093727272727,4125.6849999999995,128.40599999999998,3107.50891666667,129.333272727273,3076.62163636364,7891.933599999999,3677.07575,13155.7801818182,4397.025900000001,11032.956275,10992.304984999999,10959.632384999999,13814.752339999997,781.9427002687007,710.5174008756876,719.4105070084333,21332.07001024857,416205.9471971588,18220.009599463083
625,72.5518,5109.85972727273,6.81886875,6.85972151898734,247.318416666667,6114.39609090909,246.191363636364,6117.686,154.648333333333,3076.63381818182,156.4554,3052.3673,8903.49925,3700.8912499999997,13009.0035454545,4476.648048888888,11022.905285,10974.087805,11064.093685,13869.7971,670.536101097241,852.6951045496389,829.06189491041,20984.825200866908,56006.75419846084,42166.51390015613
626,69.7098125,7640.89618181818,6.88447590361446,6.70333136094675,175.499833333333,4154.7351,179.9951,4093.88236363636,153.03925,3044.0543333333303,148.610181818182,3083.5157,8822.275916666671,3704.3916363636404,13197.7216,4465.229506666666,10976.1446,10953.858400000001,10979.560744999999,16546.294280000006,969.2336985608563,628.0864006839693,633.5512007353827,20805.58420275338,96070.85030293092,42050.726400339045
627,70.7926428571429,7639.9523,6.95559459459459,6.91165,179.4543,5197.9155,178.142090909091,5131.2864166666695,151.4965,3092.02090909091,149.489090909091,3097.15272727273,8836.6416,3700.3940000000002,13123.5472,4508.266255555555,10999.455235,13830.112500000001,11011.072575,16852.69283333333,781.8175014108419,563.2609943859279,554.1642080061138,20626.13180023618,262879.34080464765,23167.623701738194
628,93.1665833333333,12510.767818181801,8.87958139534884,8.98117346938776,206.21036363636398,5111.40027272727,205.5224,5098.284699999999,228.428909090909,4093.2916999999998,221.637909090909,4055.04563636364,8896.339583333329,3641.54218181818,13014.3253636364,4473.966828888889,11030.48659,16565.21411333333,11033.03283,33477.23458,929.5817028032616,1054.737193044275,1047.068994375877,20963.449202827178,86125.3472045064,14480.706700123847
629,99.3569,10263.87625,6.842479999999999,6.942298013245029,221.774727272727,5119.57183333333,226.880583333333,5111.267699999999,166.53033333333298,3091.589,167.97927272727298,3095.19891666667,9910.48433333333,3723.80466666667,13168.4902727273,4453.771519999999,11031.174744999998,16457.22996666667,10991.558755,16590.729226666666,892.9669973440468,862.6740978797898,866.1888045025989,20879.83900855761,167203.28169758432,13798.768998822197
630,100.39425,10216.0782727273,6.84220805369127,6.84826347305389,236.844916666667,5138.80927272727,238.550272727273,5181.73309090909,172.465181818182,3075.37283333333,173.149727272727,3070.58658333333,8910.9804,3749.53791666667,13067.4936363636,4455.485386666665,11010.063795,19234.74194,11108.9348,11075.206655,655.6809967150912,756.8661967525259,760.5307997437194,20973.847698769532,219463.67649943568,42392.40129827522
631,0.10161573133009301,5114.59658333333,5.53833333333333,9.61359433962264,127.22963636363599,4122.72408333333,39.993461538461496,1034.09416666667,183.2602,6180.72163636364,40.5857142857143,1049.37681818182,11866.79725,3412.0915833333297,16936.010818181803,3340.769851666666,2745.6472137585242,274127.81646,16507.09756666667,30521.01725,1227.3234955500811,174.770102603361,653.2946019433439,65872.04489915166,60896.092996699736,4018.9046994782984
632,0.093251183108846,5105.4851818181805,5.67247317073171,7.5549117647058806,121.88858333333299,4111.52941666667,34.1071724137931,1054.84990909091,93.7143333333333,3040.5428333333302,34.500735294117696,1031.09236363636,10876.21975,3460.3198333333303,13162.42575,3361.3707716666668,2747.888969586537,10997.087855,11055.098310000001,13792.601186666665,1011.0433009685947,46.265500714071095,630.2547990344465,55707.68799807411,433832.5329008512,3999.058299814351
633,0.194675057966214,5114.4018,5.6465333333333305,10.7373571428571,122.27590000000001,4156.178800000001,35.096250000000005,1034.2025833333298,94.49658333333329,3083.2346363636398,35.2677941176471,1029.88218181818,12843.8031818182,3332.31875,11197.5413,7690.453073333335,2788.9449546669634,11158.193575,8480.463856,14071.33492,1434.7705960972235,366.86000239569694,1036.1954075051472,81448.64330533892,81239.30339934304,4040.3086983133107
634,0.10153433761630501,5111.82575,5.6180310880829,8.96898260869565,93.15275,3062.2474166666702,34.6131,1040.8214,64.3326153846154,2056.30863636364,34.6854838709677,1034.17572727273,10888.0373333333,3366.72466666667,11181.7957,5601.819127500001,2763.88048991192,8236.540448000002,11075.97423,11115.3603,753.0325063271448,266.0821017343551,837.6260957447812,35712.20851445105,237159.19080132153,4120.166599750519
635,0.086607,5130.0267,5.5518834951456295,9.583879032258059,150.6093,5095.7513,34.5882727272727,1013.4047000000002,122.88058333333299,4084.7760909090903,34.10575,1019.41127272727,10871.5111666667,3407.74841666667,12941.3945454545,5610.8671325000005,2768.580339290583,16461.965526666667,11006.182605,16773.299460000006,752.5716966483742,316.1574975820258,678.9841019781306,41022.90589653421,86919.61390140932,3486.498899292201
636,0.116192118789263,5125.61281818182,5.59192822966507,8.39394405594406,93.10627272727271,3070.3455,34.860696969696995,1031.53525,64.9151428571429,2112.25390909091,35.1835172413793,1031.7699,12911.9122727273,3484.90083333333,9343.581545454539,4481.919077777778,2746.9999774465236,8218.001363999998,8283.591316000002,11140.088380000001,962.3938094591722,380.6518012424931,928.6949003580958,51333.4322051378,122684.72849682439,4157.593302079476
637,72.7021,7666.7732,6.822404761904759,6.90773248407643,190.046416666667,4083.6311666666697,191.182909090909,4054.0235000000002,160.87754545454501,3085.17672727273,167.0167,3086.39309090909,9860.167,3796.57783333333,13249.1311818182,4470.558644444444,11088.819485,13818.528200000006,11068.588055,14126.697526666665,651.8046924611554,722.7627938846126,718.8786985352635,21970.4820017796,250658.6710020201,32506.523199845105
638,0.114752856350527,5599.16436363636,5.31398139534884,9.95040869565218,122.417454545455,3993.1902727272704,34.9737647058823,1029.63616666667,93.27163636363639,3082.2625,34.8574545454545,1019.90508333333,14886.0055833333,3353.65808333333,13002.1348,3373.165983333333,2761.1503040906405,11067.62183,11050.54177,16780.784746666668,1071.8657955294475,56.80530157405883,889.7436986444518,51551.032898714766,304983.7397004012,4200.943498290144
639,0.11518775303643701,5103.94325,5.48984974093264,9.013976923076921,152.409,5156.11336363636,36.672516129032296,1009.97066666667,124.85441666666699,4049.77227272727,36.609888888888904,1019.6800000000001,14836.2178181818,3439.6068333333296,12961.651,6663.873803333335,2754.705480103521,274318.33946,11027.520685000001,19496.25556666667,1000.3889969084413,347.97819680534303,1017.8293014178053,47190.9067069646,87596.90349688753,4573.613702086732
640,98.3451818181818,10961.907916666702,6.8451900000000006,6.83414935064935,222.14145454545502,5632.48427272727,228.386454545455,5588.23172727273,164.618583333333,3387.25383333333,171.68359999999998,3441.10208333333,9473.192700000001,3977.4510833333297,14238.6865,4902.2989711111095,11945.98194,17977.576473333334,12010.20652,15032.357199999997,898.4597981907427,920.3542984323576,905.7866001967341,22056.914601125754,122558.65150073078,34231.1927000992
641,103.2755,10930.9044545455,6.86660119047619,6.89522147651007,194.3046,5734.68109090909,191.115818181818,5696.5479,233.27681818181802,4566.80675,234.364363636364,4576.88281818182,8395.636,4091.57241666667,14402.779900000001,4903.968286666666,11983.353640000001,11975.79776,11968.0493,21227.66438,1017.7925025345758,841.8517041718587,832.5281029101461,22381.225402932614,54824.37580358237,14439.3473980017
642,111.799833333333,10989.2070909091,7.5460718954248405,7.56708,255.894,5715.799,252.87358333333302,5723.776545454551,195.215916666667,3393.4906,193.6309,3696.32975,9476.41433333333,4088.4700000000003,14339.8777272727,4860.998295555554,11920.82406,17907.58647333333,11923.773905,39317.178369999994,835.8538034372032,720.3616958577186,724.572894978337,22104.275494348258,134895.3386011999,16768.365597818047
643,0.0858832410669351,5485.6831,5.55055172413793,7.727201342281879,172.341909090909,5692.0037999999995,46.9368,1139.4516,108.5327,3385.1990833333302,47.504125,1270.7163333333299,10544.1237272727,3889.42933333333,16425.153599999998,4917.132411111112,3003.759901914904,14872.980553333331,12029.838394999999,18131.22300666667,669.2721974104643,410.60530056711286,836.1427957424894,54845.8538018167,146471.36179555673,3587.344297557138
644,73.43642857142859,8209.409000000001,9.46313821138211,6.81808053691275,192.167916666667,4623.9610999999995,193.6656,4542.47109090909,158.3662,3478.5122,165.104833333333,3389.4645454545503,10555.0786363636,4116.8783333333295,14418.3343636364,4889.704493333331,11981.023965,15013.404726666662,12028.914425,12077.25775,973.8202032167464,882.0600953185931,878.8215083768591,22261.678401264362,184819.57910116762,27593.79410126712
645,0.08631771052853411,5483.767090909089,5.55665865384615,6.259272727272729,133.961363636364,4514.40736363636,39.519,1157.70166666667,101.21390000000001,3400.917,39.315,1156.8360833333302,10528.2515,3767.57163636364,14371.1337,6078.90588,3011.412803033331,11947.646985,12072.169835,15107.033033333335,860.8030941104516,358.6029983125627,728.5096973646432,49512.20919319894,126655.5943962885,3936.0071008559316
646,72.2892142857143,8235.33508333333,6.56303726708075,6.60666666666667,216.09681818181798,5621.9269,211.273,5544.85963636364,155.0953,3385.4039,151.624333333333,3343.68458333333,9573.4558,4071.2190833333298,14344.618999999999,4969.962964444445,12016.411815,15094.904200000004,12070.274300000001,12128.210664999999,808.3753957180306,656.855502165854,662.0256026508287,22931.527902255766,187800.93759705778,28429.357201093808
647,77.0138181818182,8172.87963636364,6.85703246753247,6.849,196.1755,5599.94666666667,193.041909090909,5600.156272727269,168.44225,3366.9099090909103,168.353666666667,3427.62545454545,9461.42041666667,3995.9389999999994,14232.6406363636,4852.216791111111,11924.21986,17889.920866666667,11953.591335000001,18161.494479999998,711.0136968549341,961.2972964532673,952.9795963317156,23196.155799087137,98305.62740098685,35911.40150092542
648,73.9153571428571,8234.2736,6.83305333333333,6.81808,231.4423,5670.09463636364,231.166666666667,5634.96683333333,164.933583333333,3407.3575454545503,169.268,3397.357,10596.5796363636,4037.4841666666703,14196.550299999999,4876.119057777778,12023.18259,15078.856199999997,11998.006435000001,18052.8405,755.6881086202338,689.8440013173968,688.6363960802555,21968.781799660064,338986.46880406886,26865.46719924081
649,0.0866814,5483.65516666667,5.5946718749999995,8.22896428571428,129.0766,4576.6721818181795,34.766,1157.6111,127.972818181818,4515.076454545449,34.325193548387105,1158.25663636364,14769.5981666667,3772.85641666667,14352.5733,6077.29642,2987.049940235295,11999.707735,12108.650115,15090.563459999998,1075.2203030278906,411.0765003133565,953.8127924315631,32747.228801599707,102157.37440739758,5072.681201272644
650,0.12218175347016301,5501.5254,5.58641474654378,6.20791935483871,161.77858333333302,5725.27563636364,38.041428571428604,1141.3876,164.074909090909,5674.77372727273,38.6181666666667,1158.12836363636,15882.963272727298,3774.85783333333,18634.388799999997,4855.576926666666,2987.230687402106,14950.062713333333,18144.31812,18100.598233333334,778.5251043969765,293.91749994829297,921.6623060638085,75475.15339392703,118894.34659678955,5105.42260017246
651,0.146648358585859,5468.81281818182,5.57814130434783,9.48152459016393,196.57154545454497,6837.10463636364,45.372,1130.07690909091,195.384,6708.9039999999995,43.869571428571405,1109.17863636364,15959.185099999999,3805.6093333333297,18732.217454545502,7287.955000000001,3014.6143734572424,14936.465593333332,18067.874393333324,18273.19828666667,1267.5404053879902,381.53049536049366,1137.4736001016572,64306.88930267933,128154.39940022772,4688.5984018445015
652,101.97741666666701,10895.8915,6.71365294117647,6.6946547619047605,224.2964,5656.8233,219.911,5650.22163636364,161.2807,3388.80427272727,158.88327272727298,3394.1616,7336.08727272727,4124.85058333333,14313.4175454545,4892.395017777777,11890.59114,11970.750885,12039.121405,27188.62744,892.4718014895916,847.515303757973,850.9739011060447,23191.494098864496,393457.05050218385,14618.349002557807
653,0.10283786959075801,5455.07481818182,5.58212918660287,8.9798046875,133.942454545455,4446.603700000001,42.014125,1152.53954545455,103.18650000000001,3358.8394545454503,41.1124285714286,1239.12227272727,15822.9722727273,3716.17483333333,12083.368272727299,5972.22916,3002.0522803221284,11981.527970000001,12054.061295,15119.513426666668,952.2354986984283,443.87529778759927,1023.1731954263522,80525.4567967495,207616.25990271568,4642.734298249707
654,0.08318244378650881,5436.27758333333,5.58546153846154,8.2533,163.401083333333,5642.43766666667,37.948499999999996,1133.3261,161.963583333333,5580.78881818182,37.7415172413793,1119.88666666667,11592.2770909091,3843.58091666667,20549.587181818202,3693.1628454545453,2988.9592735428682,15012.68036666667,18004.18964,18071.70244,1010.3293025167659,44.27230742294341,739.7820067126304,55572.655802825466,591924.4363059988,3768.766298890114
655,102.6129,10984.468,6.799721854304639,6.7418675496688705,282.953545454545,6752.028166666671,277.873454545455,6832.21066666667,196.1753,3435.1089,193.97845454545498,3370.47958333333,9497.80618181818,4107.7925,14310.8999166667,4931.431893333333,12008.840785,20969.1802,11938.691064999999,18236.9597,737.5921995844692,772.2845970420167,776.205601869151,22601.777996169403,306353.51270029787,41748.29340190627
656,0.117996649167877,5465.66436363636,5.54527102803738,8.251214285714289,161.575181818182,5608.0342,38.6412,1134.1599999999999,163.083,5682.291499999999,38.0054333333333,1220.566,12679.5673,3735.822,16320.4242,6126.027154285715,3003.4261543586663,11988.499689999999,21013.961420000003,18318.319659999997,368.25510032940656,484.3272006837651,894.0948988310993,59638.754394836724,128926.88309948424,4567.761201178655
657,107.489636363636,11007.1205,6.24804046242775,6.183921686746991,234.107333333333,5684.84333333333,236.177636363636,5683.0005,248.736,4623.66075,249.440416666667,4542.90058333333,10565.678699999999,4072.7431666666703,14359.6196666667,4919.571808888889,11973.358404999999,15041.139733333332,12046.053935,21340.866690000003,776.5546964947134,766.6741003049538,759.6060051582754,21894.709006301127,691335.1838040398,17901.800500112586
658,105.883,10955.1029090909,8.237480000000001,8.28127737226277,241.602,6781.9549,236.949636363636,6761.006,152.3245,3427.7885,149.745181818182,3400.0084545454497,9567.18254545454,4019.32590909091,14216.6574,4882.097228888888,11943.6726,18106.510153333333,12054.49731,42250.9813,825.8829999249429,968.1831055786461,954.8989008180797,22244.745900388807,76170.23719940335,13092.962998780422
659,0.10089833471340501,5473.79954545454,5.59374056603774,6.860095541401271,128.38150000000002,4576.725833333329,37.1,1157.79327272727,129.379,4566.84433333333,36.895933333333296,1144.2858181818199,15966.284636363602,3791.8319166666697,16570.4144,9762.178656,3001.7666524895,11971.909475,12046.798154999999,15185.873960000003,896.0367005784065,387.9342955769971,918.6151961330324,75579.1677016532,162088.42899941374,4471.2643983075395
660,0.121127554457669,5459.8833,5.773017045454551,9.657826446280989,134.233416666667,4517.09958333333,41.5396,1157.7711,134.51700000000002,4569.336,40.26708,1140.34745454545,12666.9763,3724.82441666667,14214.3575,6110.299011428572,2987.8993241142166,12019.117330000001,12006.27606,15103.252813333334,1001.3733030064033,343.3827019762248,896.0539998952299,65358.374401694164,108519.66430491302,4194.7632998926565
661,105.306,10972.289166666698,6.849142857142859,6.82282432432432,219.88475,5721.35990909091,225.024,5703.243,156.99269999999999,3422.3713333333303,159.989545454545,4060.40883333333,10547.27675,4185.96608333333,14376.1351818182,4932.05245777778,11947.53548,14931.552906666662,12033.31417,21205.21341,940.3122996445745,819.6244016289711,837.6500918529928,22405.34930024296,707741.5463980287,17762.061799294315
662,0.202581796549673,5491.70054545455,5.64028292682927,10.4883195876289,224.090333333333,7904.3480909090895,40.294399999999996,1148.963,255.46163636363602,8968.79541666667,39.414344827586206,1354.493,16920.608,3740.14658333333,22715.519,9718.445004000001,2994.676993618695,17907.938173333336,306953.4796,21263.77295,1847.5575983757153,505.1430984167382,1279.8016046872362,86191.6768917581,64948.36260390002,5577.710198122077
663,94.8100909090909,10942.7975,5.59325700934579,14.5007575757576,259.609727272727,8044.645727272729,257.05580000000003,7856.660600000001,253.217,4518.6664,255.639666666667,4516.0840833333295,12678.963,4017.35725,14233.2943636364,4958.2048488888895,12046.56184,12093.612164999999,12065.29156,24412.697780000002,1038.1217958638445,812.5277003273368,809.4615972368047,38519.29499360267,65078.213598462746,15028.152201557532
664,97.9013333333333,10937.3225,6.87921768707483,6.71154037267081,218.519181818182,4613.321800000001,210.5515,4532.714272727269,183.51930000000002,3390.4059166666702,177.843090909091,3434.47908333333,9433.6288,4059.90433333333,14301.53,4879.236362222222,12028.576234999999,11990.42443,11937.673245,18174.703813333337,949.5439939200878,631.454199901782,623.3693973626941,22299.206297611818,168829.05069796834,42449.582199333236
665,0.10089093777734,5471.26263636364,5.58328415300547,7.52487412587413,160.8217,5651.9648,37.593551724137896,1160.9489166666701,161.32150000000001,5703.954,37.37675,1142.05241666667,14836.4978181818,3861.38816666667,16498.2355,7313.417373333335,2994.5971998533123,14797.735146666668,303489.92466,15237.337106666662,882.9068043269217,317.59500270709395,732.9087005928159,64432.97489604446,90921.85689951293,4397.319100098684
666,97.6809166666667,10975.8292727273,6.77441279069767,6.86469822485207,213.259818181818,4539.1584,212.4743,4505.3193,185.02224999999999,3447.22408333333,186.034545454545,3357.33245454545,9435.193363636361,4085.13525,14289.8403333333,4965.23261111111,12002.64986,17948.69483333333,12098.55083,12147.05825,829.8741013277322,768.1240036617965,762.3992074513808,22087.580602965318,90778.7718984764,19334.654198610224
667,77.3,8225.1105,6.84594701986755,6.854,256.656333333333,5681.213299999999,256.79525,5659.784799999999,186.7895,3420.78636363636,182.50108333333299,3428.2243,10563.134416666699,4099.95072727273,14447.5583,4898.006484444443,12012.494825,12020.852525,11983.842765000001,15117.49828,964.0844073146582,809.6210018265992,813.0579022690654,22129.25540516153,360001.68699538335,18574.44749912247
668,0.146684907762783,5451.54391666667,6.15356983240223,11.879947916666701,158.94425,5621.9529999999995,34.95105,1133.608,127.88459999999999,4512.3895999999995,34.677,1137.73433333333,16916.6293333333,3726.11458333333,14167.5588181818,11035.100425,3000.1134405598486,299064.80092,9050.519708000002,18223.49830666667,1473.7751975189894,829.8791974084452,1447.9097997536883,88598.40320656076,77414.56610674504,5848.769500153139
669,73.3114,8228.628,7.5733475177305,7.548860294117651,258.727636363636,6883.4418,256.727333333333,6884.50354545455,171.472090909091,3469.6236,176.4473,3424.47825,8480.7317,4139.93291666667,14302.1295454545,4878.878508888886,11896.517755,18015.538933333333,11990.34973,36151.734979999994,896.3834028691053,786.8120999773964,777.874598861672,28667.580292676575,344608.7781980168,14053.709100699052
670,0.180736944248412,5491.523499999999,5.57331400966184,11.4535544554455,189.979666666667,6820.7295,37.2166842105263,1160.24508333333,191.123909090909,6852.985,37.3489375,1148.59563636364,13730.3266363636,3771.53009090909,18753.7307272727,8635.287796000002,2979.9587899665507,296935.2852,15144.112053333332,15181.737360000003,1645.5965000204742,418.19439793471247,1362.4893937958404,88886.4235021174,65665.67710251547,4611.667900462635
671,67.88431250000001,8242.30554545455,6.70713,6.7637962962963005,256.908181818182,5632.286599999999,258.0019,5724.228700000001,276.9438,4530.56566666667,277.07563636363597,4582.12918181818,10647.4730833333,4087.2884166666695,14245.7016363636,4954.91780888889,12099.561314999999,17964.291066666665,12051.843975,36357.51874,819.6041017072275,870.452102390118,850.7239952450618,22387.519603944384,688383.6744003929,16578.658000798896
672,0.100734155972359,5490.48183333333,5.56000546448087,8.22736428571429,104.199818181818,3389.02527272727,44.4069166666667,1129.3217272727302,73.7308461538462,2253.37345454545,42.774409090909096,1128.10845454545,12674.2186,3713.95833333333,9997.88436363636,4894.7039066666675,3002.665067984456,9050.579272,9027.243368000003,12165.354555,513.8364940648898,351.1805029120296,565.142894629389,32758.13269428909,92597.52090147231,3978.578298119828
673,0.11817305720730001,5508.3405999999995,5.59092783505155,10.5826019417476,102.17099999999999,3425.5471666666704,38.4668709677419,1148.85072727273,70.11862500000001,2374.13491666667,38.3790666666667,1156.24475,14826.2929090909,3822.11908333333,10149.0616363636,7313.815676666666,2982.9757804422247,8965.138856,9041.306375999995,12137.355485,1111.5883913589641,417.14420076459646,1075.6709991255775,65464.35850323178,80464.4685034873,5335.830501280725
674,0.117815499285277,5486.28283333333,5.56667289719626,9.69034959349594,129.98499999999999,4542.8045,38.2241379310345,1131.93054545455,100.667909090909,3450.8191,37.4266875,1141.66445454545,16962.03525,3817.346,14380.2493636364,3668.828718181818,3005.0534714543264,11979.12025,12097.319445000001,18178.36954666667,1242.62529425323,453.2042075879872,979.1585063794628,72661.70660150237,54654.248102451675,5140.221398323774
675,71.5613333333333,8243.55290909091,6.91816326530612,6.902455696202529,199.06629999999998,4520.6659,197.57454545454502,4551.758000000001,167.37800000000001,3361.83509090909,168.71630000000002,3422.4256,9513.9306,4053.41558333333,14351.1753333333,4982.334264444444,12071.215970000001,11995.3574,12070.956075,18174.51645333333,731.2256988370791,924.1820953320712,922.3795059369877,22502.891896874644,163144.46800097357,42655.145199387334
676,0.11729884935009599,5462.30627272727,5.53931182795699,8.851492307692311,99.2186,3382.00741666667,36.3646666666667,1141.9850999999999,67.92299999999999,2246.42691666667,36.3585483870968,1151.6559090909102,12617.9732,3645.83791666667,10007.4324166667,8536.71702,3010.1819251605657,8992.162295999999,9014.397024,12106.89449,950.1315973466262,321.10310276038945,859.8766988143325,60886.94659702014,122399.5202977676,4319.421100080945
677,0.133534182222772,5505.8727,5.57487081339713,8.91520895522388,224.455916666667,7923.0487272727305,41.630961538461506,1136.8055,193.19963636363602,6891.12890909091,42.0090769230769,1167.16327272727,15938.6850909091,3772.8704166666703,18779.9681666667,7374.979806666667,3003.013360351758,24023.179640000002,15098.50022666667,27315.81418,1282.6494028558955,423.0154008837417,1178.669196087867,75733.9939038502,102334.3639972154,4777.969399583526
678,69.6055,5481.370909090911,6.86513939393939,6.831623529411759,283.95599999999996,7883.879363636361,286.146090909091,7924.743916666669,160.26749999999998,3419.82218181818,166.205416666667,3367.4434166666697,9535.06681818182,4094.5794,14286.5499,4899.310433333331,12045.331795,12017.784725,12070.141710000002,12109.699175000002,994.2072007106616,904.8084961250424,918.5126080410555,23517.82410114538,35103.44660026021,42341.07999945991
679,0.0865086021505376,6356.5671999999995,5.59445652173913,8.91665833333333,137.24790909090902,4512.13018181818,43.6148,1147.07881818182,136.698636363636,4562.5184,42.5702631578947,1131.425,15843.8009,3778.4705,14227.823250000001,3686.438834545455,2987.6802547474276,15026.128599999998,12138.715145,18128.11682,1065.5767022399232,42.35240048728883,735.1774955168366,57231.89559939783,607946.4991984423,5498.173498199321
680,0.10273472795128699,5768.661727272731,5.63476470588235,7.62945185185185,142.79458333333298,5001.75972727273,44.959363636363605,1270.5507,142.2335,5031.1174,44.28044,1241.80381818182,16863.301272727298,4074.2419999999997,15095.8750909091,6642.830694285713,3233.831996923077,12925.018115,13076.935865,16375.389526666666,913.9068977674469,269.50510509777814,874.9830943997949,68310.8561031986,278747.10720207077,5117.877299198881
681,65.6225714285714,8610.995333333329,6.87110795454546,6.91341666666667,219.581363636364,6261.426399999999,220.85463636363602,6346.7758,198.527,3756.31745454545,204.87666666666698,3782.9417,9038.186800000001,4372.00425,15360.1649166667,5393.437675,12899.18752,13057.466255000001,13035.59567,19694.14147,940.3650008607656,773.0248995358124,769.81189486105,23676.401199190877,731435.8054019976,15111.279100528918
682,107.14250000000001,11522.6063636364,7.5716764705882404,7.59944202898551,249.513545454545,6257.8569,250.47429999999997,6180.0465,175.464363636364,3745.0379166666703,174.72436363636402,3703.45327272727,11150.864,4291.37633333333,15224.541799999999,5399.055375,12909.6244,16242.117419999999,13015.4508,19765.94384666667,826.9476034911349,602.893196628429,598.8409015117213,23386.50840392802,733786.2365006004,14134.308800566941
683,99.0354545454545,11493.8045833333,6.82725568181818,6.80034375,282.93383333333304,8636.23163636364,287.173636363636,8769.5196,160.608,3689.87116666667,159.957454545455,3711.8814166666702,10076.1548333333,4325.43563636364,15111.2440833333,5286.78617,13004.90185,16253.683286666663,12966.27157,16482.305813333332,736.1767027759925,766.2371965125203,760.0109063787386,23480.705401743762,486458.3581016632,37659.1209002072
684,0.0868060495516036,5758.9331,5.590043478260871,7.961463999999999,107.0101,3821.8990000000003,42.452384615384595,1242.0224999999998,75.65826666666669,2499.5572727272697,42.7982592592593,1264.5697,13437.836,4089.7893333333295,12846.4323,8042.046064000005,3267.628044615384,9681.217996000001,12880.05611,13061.74926,595.9657020866871,47.2041021566838,883.0279984977096,45805.27769867331,287763.4567033965,3909.1746002668515
685,106.49374999999999,11533.1298,6.485235955056179,6.49998305084746,205.500909090909,4948.25818181818,206.172090909091,4910.7145,176.50009999999997,3730.28327272727,172.702166666667,3751.8636,10211.7791666667,4305.60591666667,15311.2599090909,5423.366915,13364.268893333334,19478.079520000003,13228.939079999995,13200.508200000004,792.5429003080353,752.8247020673007,760.6340950587764,23827.863900805824,74397.60729612317,18729.420399176888
686,103.511818181818,11564.9233,6.922886792452831,6.77075316455696,207.4635,5069.101250000001,202.62109090909098,5024.8203333333295,175.85683333333301,3822.8223000000003,174.595636363636,3768.77916666667,11277.9723636364,4375.52458333333,15423.80025,5404.087745,13041.81995,12977.77733,13073.029135,16545.551106666666,909.726700047031,845.9376025712118,860.6769901234657,23930.765307159163,190977.7138964273,17681.106698000804
687,0.11689252814739,5753.9289,5.59838834951456,9.47789830508475,115.915666666667,3835.7657,50.7976666666667,1273.02636363636,85.0665833333333,2534.9048,51.059142857142895,1284.34316666667,13579.3544,4169.66041666667,10629.0243636364,5392.577922500001,3219.94933076923,9813.459316,9697.382132,13025.77698,802.1882968023419,364.5044955192134,875.3136004088446,68512.50240870286,98823.48019746132,4199.517099186778
688,68.7294545454546,7588.9555,6.74840268456376,6.77105921052632,264.752636363636,6197.8421,266.687636363636,6195.4838181818195,197.11554545454499,3705.2137500000003,194.99480000000003,3726.77933333333,10009.5807272727,4392.1955454545505,15193.7115454545,5365.1655575,13203.231293333332,16402.5294,13149.521470000002,23059.18438,777.4972997140139,924.564094748348,916.8758988380432,23351.114703109488,312273.4840057092,43146.518801222555
689,0.11764257347100901,5775.93327272727,5.5611756097561,8.9688188976378,171.5193,6218.12663636364,39.5517037037037,1266.0389,203.403583333333,7437.6619,38.7134642857143,1255.64833333333,13613.9113,3974.15133333333,19993.4509,9470.374795999998,3257.166286153846,22686.42374,16317.60109333333,26368.657460000002,1506.7659027408808,371.9584085047245,1030.8464959962294,80358.95820939913,125016.37790410314,4196.851898450404
690,67.39875,8616.8315,6.81722641509434,6.78507947019868,232.48591666666698,6187.0601,234.4247,6229.31127272727,170.33775,3718.529,167.343166666667,3755.515,11247.2353333333,4353.81216666667,15086.95975,5387.428205,13006.312155,16140.349020000005,12952.18457,19544.56682,972.7621014462784,753.52470157668,764.293794054538,24141.314401640557,109271.59859857056,21623.243400244974
691,66.4186666666667,5767.30118181818,6.84566867469879,6.91427167630058,311.666,8743.605,312.242545454545,8780.64316666667,176.395,3723.4984,183.890454545455,3743.66408333333,10140.0465833333,4352.04233333333,15132.221818181799,5411.972,12989.812125,12940.812484999999,13046.130535,16366.650813333326,747.3354984540492,878.1271957559511,878.8613951765001,23544.76470791269,116012.23089674022,43848.282500403
692,0.104384301514013,5742.8104,5.637224043715849,9.60976033057851,136.205833333333,5031.94866666667,39.124206896551705,1267.78709090909,105.374416666667,3817.6372,38.744,1278.3829999999998,14655.6844166667,4045.4855000000002,15321.675272727301,6700.288909999999,3234.9062307692316,13108.491994999998,12887.704314999999,16387.598246666665,636.6640009218827,359.0690001146868,776.7701928969473,46279.593103099614,159976.39489651192,4130.806101602502
693,107.0411,11509.8080909091,8.25241134751773,12.9667466666667,283.841272727273,6218.52709090909,277.84318181818196,6220.2624,204.835363636364,3777.1648,202.180636363636,3758.6332,12296.5185833333,4430.82725,15317.375333333299,5434.1273475,12888.12442,16212.988913333334,13023.764814999999,19755.06147,1102.1634010830894,1053.5861976677552,1038.6503941845149,29906.636499799788,679841.3866956253,14110.86079897359
694,70.2080909090909,8592.543,6.8713488372093,6.76156578947368,297.242416666667,7377.6218,299.535181818182,7382.000818181819,200.36063636363602,3705.203,200.297916666667,3705.56241666667,10014.273000000001,4406.702833333329,14997.8140909091,5461.890577499999,12983.47197,12831.78812,12922.185675,13084.65008,838.723499327898,729.6891009900719,707.1957050357014,23242.875901632942,204481.50470328983,22749.572800239548
695,0.087020846249225,5744.5298,5.60136813186813,8.83511206896552,106.503454545455,3706.956,40.977428571428604,1237.56718181818,73.8009230769231,2510.1267,41.37664,1257.29091666667,17998.4758333333,4036.41975,10484.640363636401,8108.544247999999,3254.8051723076915,9686.563624000002,9697.431767999999,13173.56627,941.310595953837,548.0083986185491,1046.619302360341,57117.042294703424,202628.15570749808,6333.367197657935
696,69.0404666666667,8608.09072727273,6.92596621621622,6.91423353293413,210.2627,5060.8216,206.2208,4948.7805,172.6899,3708.11416666667,173.844818181818,3700.2415,10073.3874545455,4293.99233333333,15157.2726363636,5375.7864475,12966.384295,19447.83663333333,13011.505175,19983.65729,649.7857073554769,585.9622004209086,598.9416997181252,23278.104697237723,160751.7776050372,43257.713501225226
697,0.116714192778922,5740.6583,5.52246596858639,8.77795967741936,147.426583333333,4998.1555454545505,50.1678,1231.77316666667,147.485090909091,4909.987,48.5115,1247.1069,15700.697100000001,4073.3307499999996,15056.4139,6780.435273333333,3242.108570769231,12936.032015,16494.633380000003,16318.59894,902.3840015288442,449.17900231666863,1041.7962999781594,75752.76019633748,287145.25010145735,4512.9440986784175
698,104.408363636364,11484.129363636399,6.8721,6.85947023809524,202.049181818182,4971.8533,205.923818181818,5125.9277,176.07458333333298,3741.6991,178.1799,3800.4670909090896,10067.4629166667,4436.746,15428.2545454545,5363.0715775,12950.61918,12947.527095000001,12938.99711,16284.55044666667,1012.5610016984865,826.8265897640958,813.1581009365618,23447.014807607047,565183.5269061849,22989.882697584108
699,103.295916666667,11454.198333333301,6.83753672316384,6.86757831325301,310.798909090909,7441.78863636364,302.777583333333,7471.11358333333,298.345363636364,4996.86527272727,300.459363636364,5005.99809090909,11225.557363636399,4413.94458333333,15309.5305454545,5317.9110675,13233.07853333333,19523.33346,13093.142175,22942.02085,868.0152037413791,714.8907956434414,707.3484099237248,23206.03180269245,261967.36669808163,17062.409000936896
700,1.39601494565217,5755.9675,5.95087368421053,11.0592111111111,272.978083333333,9821.1965,46.307249999999996,1227.76818181818,306.928666666667,11213.717545454501,44.0008,1239.54791666667,21401.6258333333,4162.022333333331,27736.4884166667,17349.19492,3267.627370769231,320268.78732,333712.99436,39628.75024,2394.2975007230416,782.1681996574625,1796.7451974982396,133642.58820947725,417208.9523024624,7504.2269978439435
701,0.133054207537429,5760.34109090909,5.56663636363636,12.004736263736302,175.38410000000002,6203.027,43.2375652173913,1250.20925,142.244818181818,5022.66318181818,43.9222105263158,1244.44436363636,16843.377249999998,4125.93125,15181.6177272727,9454.502632000002,3261.985772307692,328096.30712,9868.069004,19698.804333333337,1588.6176988715306,544.037701911293,1411.3310986431316,102109.58649695385,119150.39070299827,6190.483199316077
702,110.862727272727,11491.9950833333,6.82094117647059,6.8348647058823495,221.868090909091,4973.288799999999,224.94854545454498,4944.84663636364,188.992636363636,3821.8348,187.752090909091,3740.65027272727,10018.545,4343.770818181821,15211.5065,5374.644505,12944.67936,16301.93596,12939.120435,16423.99405333333,780.1949075656012,811.6875076666474,813.9703044435009,23341.18650178425,136458.15040217713,26269.96080216486
703,110.16875,11544.955333333299,6.873834394904461,6.84901333333333,256.273909090909,7485.64490909091,262.485181818182,7546.54390909091,165.883454545455,3805.23466666667,164.0677,3736.372,10104.051454545499,4446.744083333329,15332.21825,5438.2299825,12961.676609999999,16209.274359999996,12973.03285,13129.039006666671,924.4251996278763,792.9288985906169,786.6763015044853,23748.279904248193,117111.30680050701,35766.520199831575
704,0.117913267644363,5725.55263636364,5.52269035532995,10.1192857142857,139.139454545455,5054.33758333333,39.901793103448306,1263.3487,104.873272727273,3774.88809090909,40.2354137931035,1255.42872727273,14552.8571818182,4100.33636363636,15245.5642,5387.78988,3246.766296923077,12968.256345,16291.294960000001,16420.541933333338,698.1820974033326,412.10519848391414,797.4106003530324,51391.00250089541,147442.7054025,5009.241102379747
705,105.5966,11518.8963333333,5.60130208333333,11.3444705882353,242.946416666667,4980.24366666667,248.715,4977.49208333333,215.14350000000002,3721.61036363636,215.9407,3752.2124000000003,13498.4865833333,4396.321583333331,15114.596,5340.2254125,12945.74263,12973.432369999999,12957.11769,68574.37071999999,1251.8660019850358,729.6891009900719,728.8892025826499,29328.496899688616,189750.39750512224,12801.681397831999
706,104.62320000000001,11487.5211,6.855152866242039,6.72152,234.3595,5012.9427000000005,233.60941666666702,5005.6458,202.453,3711.016,199.822454545455,3754.65281818182,11149.8390909091,4420.779500000001,15197.872454545499,5372.087820000001,12941.161565,19306.806413333336,12951.900425000002,16399.549266666665,832.18100189697,756.0538011603057,759.893300710246,23596.115995314904,262580.18210646696,25617.606201558374
707,78.0376153846154,8641.7592,6.83623270440252,6.83073053892216,221.222090909091,6230.2561,218.7784,6303.991,156.67027272727302,3840.57133333333,158.154916666667,3804.3608,10114.8174,4310.8086666666695,15260.793,5434.395555,13035.02628,16288.178260000002,13053.261375,16513.450233333333,899.1848037112504,975.9829961694777,956.8075998686254,23635.878501227126,402720.99650173914,24104.616898694076
708,42.7161481481482,10227.9922727273,5.59544607843137,11.467962962963,146.9531,4923.10854545455,145.750181818182,4942.158818181821,158.243909090909,3698.75718181818,155.054363636364,3731.3364,30266.551083333303,4244.32308333333,15094.1924545455,5373.073825,12987.75121,12967.222885,12966.30301,16512.514906666664,1816.0908977733925,1280.923094600439,1257.8479043440893,69677.0068956539,68958.7252039928,17381.05349941179
709,103.177166666667,11559.2576363636,8.25815328467153,8.23714893617021,213.797545454545,6277.9251666666705,219.01430000000002,6254.738181818179,235.32533333333302,5041.841363636359,236.4477,4981.70263636364,10150.7127272727,4250.04691666667,15168.9767,5442.64276,12976.197705,19525.859960000005,12983.608960000001,42844.05158,905.6981973117217,584.1965990839526,581.9357000291348,23448.136897059157,177047.15589934494,15147.340702242218
710,0.092834808259587,5763.2628333333305,5.59806103286385,9.65721100917431,138.247,5030.80908333333,42.4582,1259.6189,107.655636363636,3723.61216666667,42.032869565217396,1253.92975,13518.3606363636,4080.56708333333,15335.934500000001,5412.6195725,3221.368496923076,12951.081665,12982.666495,16328.460213333336,748.8677016226575,50.72268832009286,767.0280989259481,52223.421999951825,386243.6050956603,3766.95960003417
711,0.0861245162375904,5769.9694,5.5404347826087,9.855,141.014666666667,5056.5268,47.6349,1266.60033333333,110.821666666667,3799.3418,45.4966086956522,1268.2520000000002,15755.482899999999,4249.119,15270.327583333301,6729.073736666667,3207.878244615385,12955.85438,9749.996196,16309.361693333334,1033.8192048948258,36.69749421533197,651.9134039990604,51863.194195902906,589382.8697007848,5115.140601992607
712,106.1249,11525.5973333333,6.8072,6.85132214765101,243.52275,6158.58818181818,244.57433333333302,6229.62633333333,187.40127272727298,3779.66841666667,188.285916666667,3737.3283,10039.7729166667,4403.49109090909,15160.4314545455,5354.7947675000005,12997.817949999999,19510.483253333325,13054.455055,16463.80466666667,802.4704962735996,756.9429028080776,751.8648984842002,23899.583501042798,716089.6932007745,22832.94160151854
713,0.10217685589519701,5790.881,5.612728971962619,8.8319465648855,146.37324999999998,5062.67954545455,46.4155,1273.61941666667,143.525333333333,5034.95527272727,44.339130434782604,1261.83027272727,14570.2594,4103.295,17657.527090909098,6675.258196666667,3228.935772307692,12879.505720000001,12935.63151,16375.735986666665,976.0007029399276,362.16780135873705,861.7019921075553,51721.92490717862,164896.3664920302,4236.264299834147
714,0.10307935560859201,5748.7505,5.57698913043478,7.48758709677419,109.7022,3723.56136363636,42.61448,1244.06709090909,75.62778571428571,2494.4449090909097,41.9563125,1266.8327499999998,13416.4485833333,4134.406999999999,15092.7716,6689.125476666666,3229.5751092307687,9645.724264,12975.036820000001,13105.688615000001,779.8690989147872,313.51140059996396,761.8456031195819,46187.53480317537,199733.70130173862,4441.312100971118
715,103.96827272727299,11504.157299999999,6.86750568181818,6.84059333333333,189.226818181818,6202.2722,191.56575,6259.0644999999995,246.07881818181798,4956.513666666669,247.886454545455,4947.14458333333,11239.838083333301,4302.33163636364,15107.733,5300.92133,12883.332064999999,12873.392539999999,12932.32144,12973.269390000001,797.6947061251849,710.7903977157548,719.8667008196935,23058.78359475173,505906.68260119855,16892.846100381576
716,104.7051,11555.067000000001,6.83816167664671,12.1101368421053,265.683583333333,7516.24381818182,262.328272727273,7508.05658333333,280.899909090909,5033.3636,281.09681818181804,5009.63391666667,14690.30875,4372.1095,15094.126,5384.580742499999,12942.859849999999,16383.519253333332,13027.932905,32784.77896,1260.1724069099873,967.6585003035143,965.2120003011078,29022.766105481423,51650.513501954265,12383.19450058043
717,4.2436694214876,8618.08816666667,5.535743961352661,11.2778260869565,490.10908333333305,17402.4076666667,38.9467,1269.6583333333301,522.581909090909,18633.6221,38.960133333333296,1292.0449,19117.298899999998,4152.692083333331,41668.1174166667,25062.06483,3248.397123076925,25820.39018,330054.79772000003,49186.26972,2540.994095033966,574.0541033446789,1615.21099798847,131709.69700149726,242372.61660164222,7135.767900035717
718,76.6637,5757.53466666667,6.26374269005848,6.27755487804878,244.29141666666698,6242.1337272727305,244.1797,6220.430916666671,171.1995,3767.9251,172.3055,3823.8543999999997,10139.7363333333,4376.00316666667,15402.889090909099,5378.766445,13018.664154999999,16284.462446666665,12928.110779999999,13081.350605,917.5890038022771,790.3510006144643,789.0511973528191,23836.51429845486,301534.6578002209,43653.62290118355
719,0.132540261846831,5749.1385,5.53190865384615,10.534689320388301,144.513636363636,4999.75236363636,45.12232,1272.8698181818202,111.07225,3801.9195,45.23476,1275.22466666667,16856.234454545498,4110.39241666667,12863.041000000001,10793.210455,3212.8564876923074,12991.309285,12973.34141,16461.151799999996,1216.9188004918396,614.4391983980313,970.2937037218362,101355.41960189585,382358.1425996963,6132.399599300697
720,77.9863333333333,7412.87263636364,6.9169189189189195,6.83505128205128,197.98158333333302,5511.600181818179,192.513,5528.46636363636,203.76481818181801,4149.642,200.2625,4111.36216666667,10860.3110833333,4878.399818181821,16633.5898181818,5976.514834285714,14176.580560000002,13865.146133333334,13972.095686666675,17611.12576666666,888.0806009983644,768.0662005441263,767.2257954254746,19288.33439887967,31172.8803004371,44385.16969967168
721,0.103060475352113,6112.7146,5.594413793103451,9.05189,184.55675000000002,6728.71872727273,44.4269047619048,1380.41558333333,149.654818181818,5429.1900000000005,45.186879999999995,1463.82181818182,17908.122727272697,4502.9382727272705,16256.0291,8797.739615999999,3473.672043333334,20938.97481,24383.811739999997,17607.95018666667,1417.9608027916402,395.88839863426983,1021.976300398819,78868.46450855955,193854.3306925567,4656.034399522468
722,95.8583636363636,14755.1795833333,6.7943576158940395,6.81650666666667,228.939090909091,5503.8234,231.239272727273,5508.6317500000005,190.2993,4077.66891666667,196.78830000000002,4146.1436666666705,12036.5388181818,4788.54341666667,16489.6168181818,5926.220477142857,14000.972159999994,17444.706519999996,13875.24612666667,14107.97422,812.0565005810931,858.5463045164943,846.1671968689188,24840.95850668382,385601.00060421973,17639.133101329207
723,0.11710221179624701,6103.201583333331,5.512734042553189,8.84735820895522,145.587363636364,5483.918083333329,41.639958333333304,1385.1744545454499,145.9159,5475.283,41.878583333333296,1347.87336363636,13077.705083333301,4428.59775,16214.118999999999,9083.32252,3492.040198333334,13834.70746666667,21033.06101,21078.96389,667.3572963336483,398.56929797679186,822.2720032790676,61482.71969577763,165273.72570126317,4324.136700597592
724,0.104392498870312,6714.5305833333305,5.6337439613526605,7.56735664335664,182.52118181818201,6923.15836363636,45.5762173913044,1376.178,148.9973,5470.2175454545495,45.5325652173913,1371.73441666667,16688.4785454545,4466.61558333333,18889.8028181818,5835.117342857143,3485.898341666666,17255.835079999997,14043.009833333332,21005.503399999998,1156.2973959371448,440.49210264347494,1184.113000635989,79593.24890107382,201673.24819776695,4673.597100190818
725,107.33290000000001,12265.0674545455,6.80449696969697,6.8730460526315795,190.8694,5512.66291666667,197.38909999999998,5597.50854545455,169.077416666667,4157.51745454545,166.984,4147.8775000000005,10774.118699999999,4812.5276666666705,16579.6848333333,5876.437728571428,13783.090413333332,21117.08907,13881.905140000004,14144.338833333331,870.5747954081744,642.8497086744756,633.1667973427102,24556.893194676377,249168.43689861707,23998.240800574422
726,0.151139906922629,6125.66572727273,5.592357843137259,10.3998942307692,216.516636363636,8222.37509090909,46.158647058823504,1375.17433333333,182.046916666667,6877.243272727271,43.9428888888889,1386.24154545455,15408.048363636399,4488.98227272727,19269.668100000003,10396.18628,3520.1267833333336,343603.66012,13844.780693333334,24576.964649999998,1097.955007571727,640.2525992598385,1412.8417038591579,101947.96320283785,131460.8579967171,7008.386598317884
727,0.119819345986737,6117.84209090909,5.61958333333333,6.23062234042553,111.9401,4120.4574999999995,41.796124999999996,1364.52483333333,75.363,2738.76808333333,41.59625,1367.12225,14234.6685454545,4534.94209090909,13682.240749999999,5897.276608571427,3504.7606283333325,10522.689715,13913.481746666668,17869.255573333336,768.6578057473525,506.5158969955519,625.8050067117438,42051.71009816695,78394.56509973388,4600.927099818364
728,78.7529,12009.3951666667,6.733509316770189,6.85682666666667,291.61672727272696,6926.86709090909,293.146,6907.8795,191.31966666666702,4123.9572,196.159583333333,4261.69991666667,10803.314,4842.52945454545,16543.292,5880.206994285716,13872.331953333334,17305.04351333333,13928.954393333332,17579.075439999997,1009.8058002768084,509.87590511795133,512.2821981785819,24444.22400149051,700115.2583980002,23657.711502164602
729,0.11933462502849299,6140.75141666667,5.611176795580111,9.10825,176.296416666667,6926.4904,36.2025862068966,1422.58658333333,142.434083333333,5573.2024,35.7572727272727,1380.299,13121.0815454545,4507.09227272727,16513.2078181818,7396.527820000002,3477.3930499999997,20925.02146,21163.065870000002,21156.71729,700.663001043722,407.4270953424275,755.1577058620751,60247.19429842662,185608.49810019135,3976.2625994626433
730,0.11667693054881,6122.3891,5.5521797235023005,8.814741935483871,153.6139,5464.4971000000005,50.9962272727273,1386.5526,155.7395,5471.26283333333,51.4717619047619,1412.0719166666702,13085.9892727273,4536.50616666667,16364.367727272702,5995.020674285714,3538.114668333334,17647.234673333325,14018.786773333333,21332.718370000002,1007.1267024613917,425.9702953277156,1007.9576022690162,84427.17829893809,163864.85210095998,3960.801300127059
731,68.1002857142857,6130.353,6.96530656934307,6.874293413173651,178.571727272727,5516.6410000000005,180.119272727273,5481.556799999999,180.554818181818,4152.74718181818,181.4025,4167.909,10761.1566363636,4849.10354545455,16380.5534166667,5979.933202857142,13843.839846666668,14015.414480000001,13872.926886666666,17594.8897,962.9309031879529,879.9583010841161,884.4495052471757,25373.0638010893,90795.85329745896,44393.39860109612
732,103.41781818181799,12238.7557,6.83132214765101,6.80233928571429,268.36363636363603,6828.12327272727,267.284,6886.1767,191.44181818181798,4104.3789090909095,183.267909090909,4111.80536363636,12017.3628,4803.83727272727,16475.4107272727,5924.40096,13986.32678,20925.5171,13909.492439999998,24728.843370000002,929.7974029323086,975.8641012012959,969.0136037534103,24605.427199276164,425353.91229903325,18533.37549837306
733,0.10453612325629799,6146.84,5.6820243902439005,8.80616260162602,149.187090909091,5531.484727272729,44.457499999999996,1382.28272727273,112.68645454545499,4233.47025,44.651,1393.98381818182,16855.986,4577.58775,16459.8011818182,10276.426855,3436.1409716666676,13640.471846666669,13778.055880000007,17620.227246666658,1053.472506464459,389.3226006766781,1069.7178047848865,55526.84349822812,144638.46599974204,4807.857499690726
734,0.162268303985171,6124.01618181818,5.5975642458100605,10.5523272727273,321.50354545454496,12442.6672727273,47.9135294117647,1403.0172499999999,356.444818181818,13715.945,46.7169473684211,1390.90541666667,19126.498416666698,4638.214545454551,32352.118,7328.855806666665,3523.501418333333,21043.800219999997,355557.91689999995,46166.020659999995,2216.086405678652,620.8307982888073,1718.1511997478083,139692.1845007455,303557.5589950895,8347.841200884432
735,0.116182154301208,6076.855,5.59212953367876,9.79486538461539,116.781,4145.15091666667,46.4840434782609,1382.52063636364,81.79938461538461,2749.63918181818,46.5067391304348,1474.2318,13122.955454545501,4489.440083333329,13761.1911,7318.635310000002,3479.841196666667,10458.33094,13990.203326666664,14174.861753333338,1022.0306954579427,389.2651991918683,1049.1808963706717,60900.19450348336,120882.78550072573,3825.4605984548107
736,0.0873481,6133.94209090909,5.54703398058252,8.22535714285714,145.607416666667,5513.7424545454505,42.18405,1409.56383333333,110.741583333333,4172.79054545455,41.45472,1375.88666666667,12048.4383333333,4511.52758333333,19196.0669090909,4513.135971111112,3485.8432800000005,13915.43372666667,14001.107313333338,17667.88122666667,661.6413011215627,318.27329949010164,789.5750022726133,49458.180301007815,186412.08150365856,3170.834100455977
737,0.353132749562172,6106.6764,6.28419411764706,10.5527238095238,144.1623,5494.53283333333,39.974000000000004,1384.796,178.743181818182,6822.2105,39.525931034482795,1358.1512,20302.2189090909,4485.965916666671,18852.894090909103,13415.749213333334,3488.1810466666666,210915.66530000002,352864.99912,17625.721546666668,1874.3854016065598,728.9718021638691,1455.5042987922207,114025.34599765204,103064.26629831549,8493.291298509575
738,80.06271428571429,6098.508699999999,6.80518831168831,6.851525,254.5285,6790.25327272727,243.877083333333,6851.73208333333,167.048,4111.1992,165.45325,4131.916749999999,10662.473818181801,4776.37,16261.487909090902,5954.822877142858,13897.245386666667,20819.56323,13933.506380000003,14163.495660000004,945.0198005652055,796.9417987624183,801.5203959075734,24661.27349762246,120480.89560703374,19423.45550050959
739,114.0043,12265.02,6.84971,6.83094,209.2856,6966.7334,210.6427,6997.23963636364,173.648,4223.20727272727,175.761,4130.97463636364,10699.527818181801,4806.8435,16491.097999999998,5856.721859999999,13918.124753333335,13795.589346666671,13938.223406666664,14002.655106666667,939.9202943313867,813.4796953527257,801.6456034965813,24601.204801001586,441150.0332003925,20332.117800717242
740,0.13703849715570798,6150.94141666667,5.5587955801105,9.794319672131149,149.478909090909,5485.03966666667,45.96891666666669,1382.6951818181801,148.15390909090902,5531.763,45.3375,1604.6072,18094.357090909103,4597.726,16539.0732,10237.438065,3485.725218333334,17462.10666666667,10432.597539999999,21132.7681,1017.0563036808744,417.6190006546676,1271.2569063296542,54916.731000412256,115035.59790435247,6246.295501478016
741,104.943916666667,12244.09975,6.86929861111111,6.87341,264.259666666667,6848.60145454545,263.674090909091,6915.03090909091,205.24672727272701,4166.2993,202.592636363636,4132.441363636361,10821.4948181818,4816.58945454545,16483.2804545455,5844.170594285713,13895.76474,13853.929626666673,13972.700406666672,24514.9665,916.9975004624575,797.3621948622167,795.8059984957799,25021.748602739535,199015.38340200204,23980.93189985957
742,0.117740578081912,6122.61625,5.59277339901478,9.88168807339449,113.511909090909,4097.74572727273,43.0963703703704,1381.90775,78.0140769230769,2727.20454545455,42.290666666666695,1365.60572727273,15600.2114166667,4513.49083333333,13705.0295,7433.444400000001,3501.4766566666667,10422.847085000001,10429.23008,24591.97954,1080.8063030708581,484.9301010835916,1414.5226014079526,90609.18560135178,125899.1520939162,4938.605602364987
743,103.68283333333301,12238.4121,6.19038172043011,8.897811881188119,269.3885,6916.1204,269.2953,6868.49536363636,193.2759,4152.0768,196.463416666667,4179.66218181818,10773.7314166667,4746.375,16295.512181818201,5948.095125714286,13842.823473333334,31356.64357,13955.832213333337,24636.9192,1264.0488042961806,854.6806930098683,858.5451025282964,31313.00600070972,216698.46009463072,13486.797199584544
744,0.0874707,6111.32318181818,5.67530731707317,6.26379141104294,147.360454545455,5565.62109090909,44.493083333333296,1388.3159999999998,146.34116666666702,5577.21941666667,43.4850454545455,1408.7434166666699,13072.4386666667,4585.98125,16473.4408181818,7284.847676666665,3477.1661250000006,13968.826986666665,21101.541129999998,17671.486666666664,656.3724105944857,54.484696011058986,777.8569968650118,54587.10650273133,449716.26609913073,4100.569500587881
745,0.102052410901468,6123.61645454545,5.58381132075472,9.696081300813011,177.78309090909102,6874.83036363636,40.0621481481481,1392.76854545455,178.848,6954.911599999999,39.5383703703704,1402.9106,13009.8674166667,4518.04618181818,21792.5782,4466.893722222223,3542.1497966666666,17498.421166666663,17670.941279999995,17852.575913333334,1233.131901244633,499.32389811147004,1125.1693998929113,49579.77079611737,298287.3055007076,4007.271700538695
746,75.5712857142857,12247.4951,7.5219595959596,14.583835443038,264.7959,6828.3571,263.593916666667,6865.07358333333,197.035166666667,4169.6631,195.1616,4224.2541,14381.5628333333,4753.41583333333,16399.20875,5966.500277142857,13846.75094,20838.67569,14006.394193333334,52434.83532,815.7698030117899,981.8532009376213,977.0575008587912,30702.20919616986,36778.461598441936,17519.461800111458
747,107.568181818182,12170.8539090909,5.62516489361702,12.2240860215054,271.675166666667,6817.40175,269.518818181818,6873.45108333333,279.903636363636,5476.75475,281.627416666667,5406.0489090909105,13127.0676666667,4746.50708333333,16276.811583333301,5821.125482857144,13835.319873333337,17409.25808,13892.845639999998,31422.001559999997,1048.719501704909,979.6066035050899,975.3056074259803,30174.758803332224,41919.74770510569,14009.737002197653
748,76.5479285714286,9183.807,6.851999999999999,6.79231176470588,229.017272727273,6795.714,228.910916666667,6920.697499999999,164.59189999999998,4137.0904,161.51690000000002,4154.996,10794.953909090898,4745.07466666667,16488.9514545455,5874.776382857145,14028.444573333334,20889.53296,13974.840726666665,21170.37218,835.9677012776956,739.4975022180006,737.7017987892032,24288.64040703047,418770.5798947718,22630.28930174187
749,0.120902316319044,8377.297199999999,5.67106829268293,11.8521428571429,145.2365,5441.43725,41.279148148148195,1376.8309090909102,111.224083333333,4074.6227272727297,41.150999999999996,1384.1693,17797.1387,4451.043,13676.2643333333,7281.970440000002,3473.1035316666675,13851.036833333332,13883.02014,17568.297613333332,1102.9383953427896,260.0521023850888,866.4733992191032,60052.85200080834,77608.37279492989,5002.215498825535
750,99.9643333333333,12245.6681,6.6949,6.9030402684563805,257.824181818182,6828.671899999999,253.5848,6911.0781,185.089636363636,4192.031,183.2284,4150.768,11887.9783333333,4698.93875,16396.5568,5901.243088571427,13967.826113333334,17458.97770666667,14037.427399999999,17686.28070666667,826.6769902547821,757.5215015094727,752.6419009082019,25034.877395955846,771471.0930973524,14229.381398763508
751,104.342636363636,12218.4831666667,6.78912025316456,6.8358223684210495,244.15389999999996,6847.85372727273,242.3623,6941.004,276.109545454545,5556.576300000001,269.256454545455,5717.74081818182,10647.9779090909,4768.4980000000005,16407.5122727273,5888.041634285713,13901.328513333336,13896.274433333332,13986.555373333329,20931.90494,1036.0104031860828,587.6971990801394,584.3350983923301,24740.3743036557,218504.85779577866,27828.046400099993
752,70.41510000000001,6133.36475,6.8387380952381,7.09198757763975,253.70909090909097,6938.665999999999,247.4016,6910.2337,177.02709090909102,4127.771,177.38645454545502,4178.6126,10674.522299999999,4805.452454545461,16577.2176666667,5851.978902857141,13870.043473333331,13926.24164666667,13958.693086666666,21103.409030000003,925.2099000150338,904.3163998285308,948.6030001426116,24833.10750394594,107983.9732934488,44082.792702829465
753,0.08647135262847021,6118.684090909091,5.57734433962264,8.96693333333333,145.3492,5499.87354545455,40.178724137931,1392.21381818182,110.040090909091,4164.8311,39.5526153846154,1419.18909090909,16669.2625454545,4491.13216666667,13657.585272727301,8793.209712000002,3479.9828033333342,13900.797193333336,14072.186939999998,17510.34029333334,1083.3245032699779,332.20669720321894,804.6678063692525,53960.75019962154,95600.70350416936,5012.168802204542
754,0.12214998951122301,6130.54725,5.53938586956522,9.753630252100841,284.37775,9720.283,43.99152,1371.98291666667,314.2025,11033.6692,44.3028636363636,1420.7849999999999,17941.5955,4486.18808333333,29743.426363636398,7297.609696666664,3465.637741666667,48447.8534,356847.64927999995,27996.71285,1461.5068939747289,642.1935046091676,1195.6233065575361,89995.82009855658,428259.70689882524,5947.976899915375
755,106.828636363636,14619.5494,8.93627272727273,8.871915384615379,291.317090909091,6865.1087,294.84340000000003,6942.5504545454505,222.400916666667,4138.89009090909,225.879181818182,4208.66841666667,13025.884999999998,4805.82066666667,16533.1811818182,5914.124905714286,13905.401006666661,20950.941079999997,14078.226233333338,28261.119079999997,828.8254030048847,1070.6427099648863,1056.4874013653025,25974.852705257945,95547.61669714935,14520.256000105292
756,0.125338711563194,6114.04063636364,5.55118048780488,7.50134074074074,112.90118181818201,4125.8505000000005,43.0522592592593,1360.98418181818,76.6252142857143,2740.3744,42.5781,1456.93208333333,14297.0333636364,4461.4498333333295,18931.3772727273,4428.381822222222,3486.8986950000008,10484.028235,13908.606513333336,14066.656893333335,883.6576045723632,302.13469872251153,855.3179010050371,49468.98499329109,242218.5678005917,4425.333300605416
757,82.8243,9181.4581,6.82401863354037,6.83984023668639,214.76345454545498,5558.93418181818,215.56491666666702,5512.87518181818,185.06790909090898,4187.78183333333,182.644272727273,4150.94727272727,9532.88609090909,4803.0501,16464.455333333302,5913.158174285715,13937.426693333335,13930.106966666664,13885.429393333332,21341.35949,956.6458029439673,713.7081993278116,729.2740017874166,25322.063497151248,93122.39390274044,14931.682098540477
758,78.27292307692309,9185.34863636364,6.8745066666666705,6.872831081081079,213.582272727273,6835.836416666671,212.4613,6790.26627272727,274.498666666667,5530.2069,271.3666,5622.113249999999,10782.129166666698,4695.07716666667,16408.6352,5916.059714285714,13967.673059999997,10404.102455,13981.963493333338,21016.40818,710.283694206737,969.1115963505581,912.0745031395927,25057.840198860504,441488.6693994049,23711.532301967964
759,103.9005,12238.200636363601,8.307552845528448,8.33892307692308,210.059727272727,6827.799499999999,206.3648,6867.967,180.1525,4105.286599999999,175.247,4220.573,11882.2750833333,4716.56283333333,16280.053999999998,5902.415102857141,13849.455513333329,17397.618653333335,13916.205786666666,24584.217,1130.9001973131672,1144.7305994806811,1119.0186021849513,25277.015505707823,110914.00590084959,14037.069198093377
760,0.148609333519631,6393.8136363636395,5.6374801980198,10.590175257732,193.96220000000002,7563.32054545455,48.253619047619,1514.98025,154.946272727273,6028.97681818182,48.4351363636364,1524.1490000000001,19237.3267272727,4909.23727272727,17604.4736363636,8081.426844,3705.194967272726,369194.25327999995,14938.76957333333,26428.33752,1351.3204030459747,449.3545973673463,792.1360986074433,69418.56749763247,50612.07599937916,5162.308798753656
761,76.0912142857143,9624.17463636364,6.82701898734177,6.87305960264901,269.67636363636404,7500.5205,274.2611,7461.21108333333,181.95000000000002,4521.5799090909095,181.656090909091,4519.22554545455,11357.019,5082.39066666667,17239.6049,6527.9631,14933.261653333333,18825.93560666667,15145.778493333331,23226.76826,1014.7210035938771,808.4494940703735,819.4615104002878,25788.276104140095,132144.64240300003,18315.68409979809
762,0.084573710785531,6379.49791666667,5.6061373626373605,10.24109,157.8049,6061.3094,50.0811818181818,1516.1237272727299,154.852,6005.01618181818,48.877875,1511.7377272727301,17742.1805,4925.70758333333,17527.3396666667,11174.492035,3772.261205454546,14809.299299999997,378466.06418,22585.908050000002,1217.981000081636,366.97320465464145,1154.3995060492307,78656.11960005481,114382.20370037016,4812.013698392548
763,0.27568903225806496,8222.06472727273,5.62120098039216,11.9551030927835,296.99366666666697,11877.248749999999,43.646375,1483.36590909091,442.422181818182,17815.0505833333,43.6262692307692,1506.99727272727,21439.1611,4838.12241666667,40188.372,12802.72481,3701.224016363635,371414.72544,377603.27184,37657.18284,1894.7485979879275,837.9294071346521,1680.631301132962,126836.6797012277,141561.65280437563,7841.177299269475
764,0.153725591912743,6394.08127272727,5.64938172043011,10.496890909090899,189.762666666667,7473.0459,41.2306666666667,1503.23290909091,260.099916666667,10527.1720833333,42.0623461538462,1567.45633333333,19014.849833333297,4803.69566666667,26048.2319090909,11183.41763,3714.821049090908,47715.75846,374615.41236,44910.812359999996,1465.5790000688285,313.17640095949173,920.5536072840914,107265.00350574497,157514.89649992436,5999.1173999151215
765,103.52,12833.86075,6.9023288590604,6.91347402597403,226.447181818182,7476.053,226.280583333333,7565.953090909091,188.75218181818198,4500.75945454545,196.780272727273,6228.49745454546,12626.1224545455,5234.59716666667,17461.604833333302,6408.494351428572,14835.443680000002,22535.78074,14913.385993333331,14945.87919333333,967.3817927250639,968.7615965958685,963.9095980674028,25697.818998014554,320117.2321016202,20052.910299273208
766,0.117604333299585,6416.58663636364,5.5877955801105,8.96855,189.428818181818,7613.80536363636,44.2459166666667,1536.7963333333298,150.15854545454502,6037.6597,43.1778518518519,1527.289,15281.4657272727,4950.04258333333,20505.8367272727,9640.919335999999,3764.3825945454555,14803.654333333332,18898.706406666668,18775.123273333327,811.6522978525609,52.04190674703568,585.1143971085548,50788.965402171016,471908.315498149,4880.589302047156
767,0.118388056638621,6418.3988181818195,5.63507368421053,8.92873043478261,116.4837,4471.81741666667,42.3627777777778,1573.77990909091,79.3111538461538,2998.6952,42.57696,1564.05909090909,16517.6728181818,4848.32766666667,11958.315083333298,6466.776597142857,3717.573632727272,11141.59072,11220.473715,15095.694233333332,777.6332960929722,533.648201962933,985.0063972407952,58838.09409860987,303132.9530000221,4675.95359950792
768,0.11742187659879301,6424.56854545455,5.68529281767956,9.08693805309734,119.243818181818,4561.9876363636395,46.0926818181818,1551.99275,83.4046428571429,3104.1134166666698,46.4841,1560.7690833333302,19081.2445454545,4984.13475,17614.622900000002,6477.358245714289,3689.405212727274,11274.14534,11179.96801,22649.28742,1180.6270951637998,43.50250237621367,880.9903025394306,69651.34009951726,647106.0342912097,5812.534200958908
769,0.194503675777568,6389.523999999999,5.63407352941176,12.201493670886101,262.036363636364,10375.6831,43.501625,1499.0662,262.47580000000005,10392.5452727273,43.4895769230769,1523.6575,20548.496600000002,4827.47225,26063.7224166667,14316.398293333335,3700.1676618181823,25884.68938,22438.68126,30050.284920000002,1569.613697938621,629.0142016950995,1074.3806953541934,102422.22899978515,583568.4733989183,6365.514799836092
770,117.90910000000001,12801.6583,6.95594193548387,7.00354,258.49690000000004,7552.5203,256.834363636364,7566.33141666667,186.25099999999998,4473.45354545455,185.270545454545,4664.17890909091,12730.352,5235.59308333333,17468.8388181818,6457.219854285714,14701.044053333337,22079.847850000002,14921.498933333332,18804.526540000003,836.2373017007485,869.7304991073906,843.1890979409218,25940.368199371733,307165.9853012534,26117.82689928077
771,0.11597354153112101,6396.554916666671,5.66236224489796,8.88103278688525,123.024,4431.57636363636,50.7479047619048,1496.0049999999999,123.35433333333299,4503.2019,50.602736842105294,1551.2734,16479.086363636397,4902.72241666667,14412.320500000002,11275.636715,3777.0838327272727,14924.564379999994,15039.921519999998,19061.707253333327,718.9815980382264,40.194293251261115,712.6945973141119,64044.614901649766,482620.4627985135,5112.493099295534
772,0.0870788971735738,6985.7265,5.59136413043478,8.32942253521127,154.8895,5975.50525,44.4158947368421,1512.4983636363602,153.6891,5995.98081818182,43.772625,1526.80141666667,16544.0595454545,4883.3748,17585.7077272727,6447.487631428572,3774.357870909091,14973.233966666667,22805.72984,19042.850359999997,514.4300987012684,336.0878996318206,826.1552051408216,56783.676298800856,213005.61320094857,4699.112501111813
773,112.68408333333299,12783.9784545455,7.49240441176471,7.53092592592593,277.746,9104.6425,283.75936363636396,8950.82618181818,162.62475,4522.9924,160.883090909091,4549.20583333333,10124.9275454545,5151.68808333333,17555.511090909098,6411.564219999998,14881.190940000004,18532.964179999995,14863.20812,22597.85022,1064.4262045389041,948.1784916715696,949.3042045505717,26298.961901920848,807883.7929060683,15143.116400577128
774,118.15,12776.0751666667,6.8515866666666705,6.88234,278.8829,7512.4986,276.220454545455,7562.4298,207.777416666667,4510.9134,211.52575,4504.04581818182,11441.6460909091,5234.47841666667,17602.5415,6438.40508857143,15041.741586666662,22246.6427,15162.801906666662,18789.595926666665,1082.200201926753,521.6532037593424,524.6965039987117,25460.801905137487,380397.9620017344,29416.830799891613
775,0.246669557065854,6418.143999999999,5.72057671957672,11.3268415841584,222.750583333333,9051.171,43.2270434782609,1515.14341666667,187.6365,7496.50408333333,43.16828,1514.0834,21535.9810909091,4871.64366666667,20490.6216363636,12942.926215,3695.795749090908,358600.62218,10838.30979,25515.97809,1748.7542994786054,817.5315975677222,1396.6396945761517,109649.82930163387,76988.6375986971,7409.26569851581
776,0.11771194029850701,6427.0382500000005,5.8470109890109905,9.67971681415929,197.662818181818,7477.293000000001,52.814052631578996,1538.4042,198.995833333333,7556.65809090909,52.0433157894737,1529.08345454545,18889.1048,4917.827454545451,20324.3125454545,9629.745416,3683.6035781818164,18533.015759999995,14882.887626666672,22581.35178,916.1211957689375,419.78069639299065,1324.316207319498,66410.15769564547,109296.5019022813,5167.176900431514
777,81.63974999999999,6397.81627272727,6.94490909090909,6.89755357142857,275.338727272727,7513.362,280.3965,7443.86918181818,216.2543,4500.12791666667,217.702916666667,4496.5441,11347.8855833333,5186.96566666667,17235.4172727273,6374.863888571427,14714.895219999995,14780.24699333333,14948.59097333333,22394.57481,932.3506994405761,1068.566003232263,1047.2240974195302,26095.780794275925,152960.6735042762,45656.04319795966
778,0.100866639012755,6396.6845,5.578442622950821,8.071286821705431,122.9161,4458.30116666667,50.414157894736796,1508.54875,87.02384615384621,3005.33208333333,50.6283125,1508.08727272727,15185.341416666699,4891.59745454545,11786.3095833333,6376.0296342857155,3712.20268909091,11081.44695,11192.070035,14970.353426666668,638.7419998645782,407.69379993434995,710.4252028511837,51400.02999687567,146092.97110000625,4336.666199378669
779,108.811727272727,12764.846,6.8732455089820395,6.94513698630137,292.5198,7427.85636363636,292.256090909091,7556.74925,195.9459,4441.9455833333295,189.912818181818,4454.0650000000005,12673.247800000001,5097.999,17220.173090909102,6407.791937142857,14839.52553333333,18452.448246666667,14940.723420000002,22580.605379999997,715.3300946811214,577.1729978732765,591.1166983423755,25524.60900042206,723616.8771953089,16154.48730008211
780,114.045818181818,12799.838333333299,7.563368421052631,7.57309333333333,248.406272727273,7402.60641666667,245.55991666666702,7461.8147,229.97841666666702,4528.897818181819,235.424090909091,4694.50225,12673.5573636364,5219.76763636364,17520.8318,6423.536202857145,14793.549786666665,25898.47193,14906.054353333331,26171.8799,1030.349000939168,802.8014999581501,807.4603974819183,33553.23699652217,740995.4916976858,14294.524400611408
781,113.320909090909,12764.6105,6.88585810810811,6.90710884353741,283.579454545455,7414.396,281.932166666667,7466.60336363636,209.13325,4440.988333333329,212.74127272727299,4497.828750000001,11341.0282727273,5165.812333333331,17307.0560909091,6443.02461714286,14799.813279999997,22115.6441,14810.09642,18799.324400000005,880.2535972790793,720.1200030976906,705.8213988784701,26376.17690488696,332406.17299452424,23054.74909953773
782,0.131952771139183,6411.286,5.64869756097561,10.3876352941176,187.328583333333,7448.1105,40.450111111111106,1491.43081818182,152.2712,6023.14009090909,40.566037037037,1543.5945833333299,19023.7338,4835.1969166666695,17403.041,14538.662880000003,3680.672138181819,18557.103933333332,14876.572386666672,26273.389870000003,1361.8158031022176,396.39129827264696,1160.0778030697256,64557.86569858901,221102.41080226842,5174.230498960242
783,0.407275475923852,6411.3711,6.29302873563218,11.2493783783784,334.20566666666696,13598.2810909091,46.13445,1519.01375,404.35116666666704,16327.563900000001,46.137750000000004,1557.354,20248.442750000002,4790.923699999999,34287.102,14369.034866666667,3729.2783909090895,25995.22481,22354.02585,29908.46682,2119.6924994001165,797.5221029482782,1604.584202868864,139757.21160240937,102923.77279838547,7085.865800036117
784,119.89225,12782.3887,6.89592105263158,6.90986451612903,270.951181818182,7483.51175,267.4189,7574.90045454545,200.099,4598.6229,203.2189,4603.59145454545,11398.1163,5168.43825,17508.164,6497.343157142857,14869.248813333334,22249.998789999998,14792.95521333333,22539.549769999998,1027.7108027366921,761.5265989443287,757.369797793217,26526.39089792501,801796.4835977182,13888.527700328268
785,103.15127272727301,12805.4763,6.917382550335571,6.86424675324675,267.69716666666704,7577.414400000001,261.899363636364,7589.34245454545,204.6505,4589.62481818182,207.360636363636,5221.1857,12599.5342,5283.013090909089,17527.572799999998,6471.705879999999,14942.091799999997,22178.055780000002,14948.155933333335,30157.17787,666.4154934696853,903.0563989654183,897.7258956292644,25975.162201211788,89091.65739605669,16875.951600377448
786,102.5459,12837.1497,6.93191666666667,6.98369078947368,250.2809,7588.69218181818,249.34172727272698,7537.3063,183.986272727273,4613.82081818182,182.619363636364,4644.523909090911,11429.787,5229.83563636364,17555.9185,6382.488851428571,14886.155359999995,18499.505946666668,14854.49292,18838.187860000005,704.9680018099025,537.2957995859906,534.961701487191,26089.362002676353,544711.6502997233,23750.122397905216
787,0.11151055124892299,6393.7348999999995,5.570038647343,11.1631595744681,152.041666666667,6009.813,44.31975,1506.2189090909098,153.715333333333,6018.56408333333,44.503080000000004,1520.4285,17720.3865,4932.38166666667,20331.959,9652.377336000001,3697.5405890909087,40907.196899999995,14931.45604,22358.46529,1191.5762966964394,471.1665998911485,981.8368969717994,67656.4661989687,342778.56759144925,4969.76170106791
788,0.13338885486834,6408.34025,5.62131400966184,9.02669298245614,157.455,6088.8859999999995,47.701,1556.2775454545501,155.73316666666702,6230.99425,47.5053,1537.23072727273,19063.406000000003,4931.97091666667,20515.37225,12717.795830000001,3708.204110909092,14754.338553333333,377932.25654000003,18798.130140000005,928.438501432538,598.8254997646436,1030.6694020982832,88663.28719304875,158510.5001955526,5193.668999709189
789,68.1164,6380.006899999999,6.91457692307692,6.90828187919463,221.598454545455,6030.45727272727,226.338636363636,6002.24945454545,185.3049,4799.17525,184.14808333333298,4540.51863636364,11591.339333333299,5190.92372727273,17449.0536363636,6413.559125714286,14796.95693333333,14873.419946666665,14773.9303,14917.336279999996,1040.785197983496,1046.0277029778808,1054.1349940467626,26325.5387020763,64914.5864037564,44838.25330098625
790,0.105894106813996,6425.441166666669,5.66254679802956,10.590962616822399,152.36018181818199,6031.27525,44.492130434782595,1508.06891666667,153.6222,5985.318272727271,44.818,1522.78390909091,13905.439916666699,4911.673833333331,20532.0336666667,9621.045700000002,3759.1727527272715,14920.88146666666,382939.39724,18737.758986666668,1571.4951005065814,650.3904005512595,1113.8050991576165,76341.0498999292,176356.99870297685,3915.3904013801366
791,70.5475714285714,6425.47591666667,7.08018120805369,6.92203205128205,208.3319,6048.7666,209.798666666667,6007.29,171.77030000000002,4612.33233333333,166.2628,4585.34533333333,11340.2801,5086.34875,17333.1826666667,6408.377605714286,14771.79053333333,22212.77791,15064.15339333333,22609.66146,905.0487045897171,591.364098363556,585.0702989846468,26233.829095144756,247305.8187024435,40636.68469898403
792,0.11712326330999201,6402.9724,5.6353105263157905,7.42422,153.276545454545,5944.31508333333,44.0744444444444,1506.1661,116.9321,4478.58054545455,44.0264230769231,1511.53545454545,19095.9923636364,4877.39741666667,17383.5692,4803.970553333333,3728.981049090911,14664.181833333338,14799.26072,25984.78102,1344.452501507476,438.8279019622132,1157.714001601562,81447.26419996005,112188.26610420365,5972.470800043084
793,116.773090909091,12791.296833333301,6.93683,6.90766,286.367545454545,7500.57283333333,289.730818181818,7533.2968181818205,220.73475,4599.32554545454,220.844090909091,4578.722000000001,12734.7676363636,5181.4474545454505,17343.0687272727,6440.198094285714,14790.955933333335,18658.311066666665,14859.021466666663,18719.906040000005,994.0219955751674,805.6585036683828,797.0049977302551,26235.40910135489,464162.51650371123,22502.05879972782
794,0.103163509206799,8617.66766666667,5.68914146341463,9.6283982300885,193.805916666667,7490.87425,46.1922352941176,1509.96527272727,155.7688,6089.129090909089,48.251000000000005,1560.57854545455,21744.983272727302,4950.88741666667,17492.0952,7983.042999999999,3705.3595763636354,371153.47646,14992.223280000004,22468.63513,1394.4129081210122,600.528804352507,817.9591968655586,94648.88730144594,339232.7870998997,5534.552101744339
795,0.133141507024266,6396.33433333333,5.63103365384615,8.96062790697674,224.839272727273,9093.3132,43.235666666666695,1521.18509090909,223.913363636364,9045.366399999999,43.113652173912996,1531.3781,20290.976,4886.1162727272695,23285.8352,9752.824684000001,3708.0045690909087,22293.028019999998,380446.07096,30184.25991,1652.524693054147,456.2763002468273,865.8914041006938,96097.53590775654,126758.43239703683,6494.501902488992
796,0.101637558036155,6404.257,5.65816580310881,9.91676829268293,116.095363636364,4517.358749999999,41.6345416666667,1518.3581000000001,79.2746153846154,3046.35991666667,41.53152,1534.2595000000001,17866.9640909091,4746.28490909091,14463.1819090909,7970.2282239999995,3708.9174272727278,11187.931205,11223.766300000001,26126.04538,824.9894017353654,418.88389678206295,754.0202001109719,69974.81990256347,107642.79510476626,5256.561702117324
797,109.50836363636401,12835.4725454545,6.91227044025157,6.8908579881656795,223.267083333333,6032.51927272727,232.740272727273,6043.50781818182,183.39600000000002,4540.114,185.944083333333,4571.8342,12624.3328181818,5276.77675,17493.0646363636,6464.588614285716,14934.53846666667,22332.29439,14850.712666666668,15016.79992666667,1034.0630018617958,560.8823004877195,556.8805005168542,25674.979193718173,436378.21240117773,20972.2821979085
798,0.08767963090720941,6405.2531,5.63827513227513,9.7905,190.69816666666702,7501.01827272727,41.2215,1524.72891666667,151.6174,6041.2723,42.0625925925926,1522.2601,16448.3918181818,4847.792,17406.41,6425.4645,3702.5634418181817,14776.295933333331,14821.180553333334,22386.69823,897.3180985776708,486.7514013312757,1007.7653947519137,51166.401206864975,169971.94699943066,4396.306400303729
799,102.12950000000001,12860.2556,5.70758910891089,13.2929166666667,256.68559999999997,9070.948,252.54120000000003,9161.12290909091,191.56150000000002,4548.36990909091,190.5263,4567.16641666667,15374.3288333333,5167.007250000001,17524.9700909091,6383.166265714284,15238.976359999999,18995.609086666667,15270.755233333335,18730.441666666673,1535.178898484446,858.7800984969363,852.7128986315802,38811.525198980235,648776.5778991161,14483.73829771299
