file,libccd intersection,libccd intersection linear support,Jolt intersection,Jolt distance,FCL distance,FCL distance linear support,FCL intersection,FCL intersection linear support,FCL distance defaultGJK,FCL distance defaultGJK linear support,FCL intersection defaultGJK,FCL intersection defaultGJK linear support,Bullet distance,openGJK distance,openGJK distance linear support,ncollide_distance,gjk-rs_nasterov_gjk,collision-rs_distance_gjk,collision-rs_nasterov_gjk,collision-rs_intersect_gjk,distance3d Original,distance3d Jolt (intersection),distance3d Jolt (distance),distance3d Nesterov,distance3d Nesterov (with acceleration),Pybullet
0,0.109537246049661,0.144927234099057,0.250448830409357,0.720636819035692,0.287870049504951,0.28782042957043,0.0807877768432857,0.0809782003395586,0.179931392235609,0.179980398726755,0.0617910028622347,0.0617235420010701,0.500967365967366,0.290973169508526,0.32503870387038697,0.7049713193061069,0.9833250413560424,0.7519377615746302,0.6953724256654227,0.17234117077030195,213.9721022103913,27.094494726043195,71.26969721866772,207.0704023935832,270.7206964259967,4.618499951902777
1,0.406118692253021,0.472665686686266,0.42963602941176504,0.432341927806426,0.35442169408897,0.353733290071382,0.353946037099494,0.35404576885084,0.26379502012072403,0.264408588326048,0.26498259334006097,0.264961703199798,0.710916262975779,0.46697031963470303,0.545710718002081,0.5953873528353902,1.0960633198648668,0.6802718170094834,0.8256383105418773,0.7053378756664589,319.4849967258051,89.66059976955876,95.31699761282653,224.97690079035237,284.34409614419565,10.690299677662551
2,0.09104693841538729,0.145009891072994,0.25106074766355096,0.552469194312796,0.282581125827815,0.281779598825832,0.07689944209181959,0.076955089417776,0.24636084452975002,0.246365642994242,0.061251391862954994,0.0618408227275469,0.501855250245339,0.37142436022027897,0.473570614570615,0.4296708518132094,1.1938146971218624,1.1733629270765424,0.6831600207905381,0.17172867576236955,199.6151971979998,45.0029008788988,104.03530322946608,315.59149647364393,339.17199762072414,4.734500544145703
3,0.150623955431755,0.230584412684234,0.247619127920983,0.49769685230024197,0.328688770722552,0.32880910518053397,0.07371511586197001,0.0737542585680353,0.246095085470085,0.245842853917363,0.0609236730739815,0.060984817705549,0.495813526570048,0.361109379773908,0.472636774989716,0.5741470240002372,1.0054550545099004,22.117453256086385,18.264520190962394,0.17199296355013513,289.84460223000497,47.872099094092846,105.26979895075783,264.92260076338425,329.65140271699056,4.667798930313438
4,0.69187484885127,0.8167273371104821,0.398540567612688,0.856626878130217,0.451985467399843,0.451450558899398,0.0752645983017636,0.07533862043526371,0.41501970633693996,0.41491259364966104,0.0606094624564368,0.0605986993792492,1.62945218800648,0.738200288184438,0.87811883589329,1.1005127347500236,1.6826792765802236,1.4127981154171194,0.8630022696744986,0.17182004902030568,428.52319893427193,100.90280120493844,158.46759924897924,425.2081984304823,495.466600114014,5.407200660556555
5,0.406030266343826,0.5106994906621389,0.426664727877025,0.431688199206063,0.352558530724339,0.352348556275781,0.352265074992348,0.352627835051546,0.26410409437890403,0.26460536044362304,0.265042190969652,0.26667690355329904,0.707436426116839,0.474182053494392,0.550775821037601,0.5960374489432542,0.8461599020087514,0.6852889143112494,0.98621944567518,0.711165042808122,304.36639790423214,86.02620073361322,92.41130028385669,216.72000148100778,364.9992009741254,9.589300316292793
6,0.39593328191284205,0.46015974025974,0.42994232943837196,0.42921405228758197,0.569860945138512,0.5694161306284019,0.568755303404045,0.568338028169014,0.26990060319958,0.264925257731959,0.270582675092154,0.265134848876259,0.699439218081857,0.467886767895879,0.540972194637537,0.5958126763179461,1.033003904191166,0.6746250625736093,1.2073731129128078,0.7096706670144138,312.41090036928654,89.73780059022829,94.46849871892482,222.42459817789495,286.5958056645468,10.516299516893923
7,0.395862107208872,0.463920208152645,0.430068358575522,0.43222098569157397,0.372569775849602,0.37172851562500003,0.371888022678951,0.371973236889693,0.263758603974794,0.26492135121196503,0.264906728200146,0.26455194968553497,0.699019294743846,0.45636476868327397,0.543505353319058,0.592519380020822,1.275553952402776,0.6789459490140619,1.6222767339850044,0.6910688985812621,305.6307992665097,92.15849859174341,93.67770398966968,228.98910101503134,362.60140041122213,9.281399252358824
8,0.250233270940571,0.339028313627878,0.30750310383747204,1.1664457831325301,0.473661940629154,0.456785237883504,0.07683530000000001,0.07690597740597739,0.483265541740675,0.48393954659949595,0.061331213630091794,0.0613688833124216,1.20712455934195,0.7721722033898301,0.951662639405205,0.949389539235164,1.8990409286582182,1.6163356647417315,1.2387416675414888,0.1716175734640213,375.2093980438076,104.23320054542273,183.2382011343725,325.2196984249167,555.0684029003605,5.403200339060277
9,0.387626675603217,0.456950104821803,0.428809804644305,0.427878264067672,0.35240116101436,0.351664632285627,0.352024862770423,0.352204053589832,0.262503187613843,0.26295006599208104,0.263559535333979,0.26417994100295,0.730867872044506,0.46044988344988297,0.545487118320611,0.5926689573950122,1.089177683927045,0.6743993546540307,1.0374231859117888,0.6965407242076138,311.0527017270215,89.84010200947523,94.80989829171449,224.65179936261848,291.6935016401112,9.460998990107328
10,0.165506633977502,0.231186290322581,0.25019453924914703,0.500038571428571,0.34906213921901497,0.34837463976945204,0.0755446185536673,0.0755707537339354,0.394368098159509,0.394095613048369,0.0612236653956149,0.061400240384615404,0.724528598365808,0.699475301204819,0.842531676022454,0.5551433255008857,1.191676436938488,1.4252755368516314,0.8613039273859668,0.17244503376828652,350.42549716308713,62.49890138860792,200.9074014495127,365.67759671015665,434.92680124472827,4.969700239598751
11,0.39059921875000003,0.479108713029576,0.5500706243602871,0.554640165203924,0.39428121606949,0.393539926739927,0.393764053537285,0.393639051220351,0.263344854070661,0.264184816880912,0.2646673537748,0.26454283509133,0.72611040609137,0.45871989860583,0.54353213610586,0.5985120113851883,0.8485436616014583,0.976853660332722,0.9841334732195198,0.8726284860885619,311.2307022092864,107.18530102167279,113.48050320520997,270.8294996409677,403.516402002424,8.9490000391379
12,0.166608369098712,0.229596943231441,0.401522476050111,0.776030143180106,0.571743199129489,0.567341436464088,0.14915120079579403,0.14854034123771,0.483044097381718,0.48499952785646805,0.240550925925926,0.24063540692235702,1.0608689370485,0.773406633020908,0.951279370952821,0.5579608911692742,1.6564993284951424,2.7002319514628526,1.235621498647001,0.883662679035858,326.5875988290645,131.36969791958109,235.3388990741223,375.5438985535875,439.0924994368106,5.690100078936666
13,0.16684625019571,0.229665998797836,0.24935204081632698,1.17745819014891,0.367946428571429,0.36773768472906404,0.0738391863102192,0.0739152761795167,0.314076146788991,0.31341068493150703,0.0609415667559073,0.06088682261416321,0.943929867986799,0.47434886597938103,0.605068145800317,0.7047323240527583,1.1917148150322854,1.1769390693880528,0.8661273820606081,0.17320370493040013,433.24979924364015,63.56579979183152,181.99419864686206,372.43290280457586,505.7521993876435,4.850899858865887
14,0.15090067252974698,0.229631747386388,0.249051847051199,0.666596273291925,0.372289033139733,0.368745500359971,0.0745212596139893,0.0739448536238163,0.418165648580668,0.41979058327477203,0.0610948471615721,0.0612329548762737,0.662719195849546,0.619248645720477,0.7865677123182859,0.8496866343695858,1.9336133075110766,2.039838873251676,0.8654505481329448,0.1834874853953634,369.186102761887,46.5737990452908,163.29210193362087,273.9811985520646,350.1487983157858,4.87689976580441
15,0.0936476218097448,0.14494504602057398,0.24776433121019098,0.632394505494506,0.327497294046903,0.327621540312876,0.0740684161199625,0.0740330390398676,0.24497345890411,0.24493252265140697,0.0708014472777395,0.06136151219219941,0.558271375464684,0.37359573791348605,0.496011803588291,0.5566771070026955,1.1885565994075507,0.9584008714823595,0.8667522611904028,0.17255199884234923,327.6637027738616,26.651998632587492,123.30870231380686,275.4856992396526,340.61489859595895,4.921600339002907
16,0.414229151559101,0.49356814921090403,0.429131284916201,0.427747916666667,0.373653217011996,0.37404073816156,0.373325994318182,0.379492237120678,0.26471882190519996,0.26480619959677404,0.268900129032258,0.305231112350153,0.694974254742547,0.48146973251994407,0.5981772406847929,0.5935075677350281,1.026834390620422,0.6754245493393657,0.824123989340804,0.6991479376144493,308.43219719827175,86.22770110378042,92.88920264225453,218.683599086944,279.66589987045154,11.458899825811386
17,0.414745824255628,0.484154464663563,0.649574601366743,0.650119782214156,0.393291652585333,0.391693492491336,0.39275171624714,0.3914086186995,0.26400308245569,0.264416064049587,0.26501657840202597,0.26504149484536105,0.6998801089918261,0.46132823052679,0.543681775700935,0.5934615016855547,1.263491065215946,0.6846853048317455,1.0396609988441385,0.7023735405418979,302.6818987564184,88.81860121618956,102.3126023937948,217.6860987674445,351.81460407329723,8.785098907537758
18,0.406571965426531,0.462034016235021,0.429238376674547,0.429316185696361,0.374409704487413,0.372861221539574,0.373173975044563,0.372472435897436,0.263734724666834,0.26575355205373297,0.266717736524267,0.266611007462687,0.716922311995028,0.503266079295154,0.5471474726420009,0.5941646878130789,1.034553075293695,0.6762632834807571,1.030576698688869,0.6996781645859739,307.3291984037496,94.4970001000911,98.30149938352406,224.23359332606196,285.81770311575383,9.743100963532925
19,0.39583704842428896,0.460258500772798,0.430737275449102,0.430967789707516,0.35564627741736204,0.355033322443646,0.35474153420870796,0.355021460713049,0.264879876001033,0.265544041450777,0.266182608695652,0.265914078674948,0.703761612021858,0.475534811529933,0.5468927716610821,0.5900615603343148,0.8465371636241132,0.6766683791060085,1.1946050946334161,0.7048566280989805,309.33740199543536,87.84460078459233,91.76579769700766,221.4374006143771,280.6492993840948,9.852900984697044
20,0.104709433962264,0.14509182955983702,0.252322604422604,0.307464781216649,0.200582573632539,0.200373450413223,0.0756873,0.0755053038239916,0.11638520696675,0.116305072756669,0.0611781744335186,0.061215852205006,0.666242838541667,0.182178661388989,0.231059206100022,0.5559861710958439,0.7815165372565804,0.4700092326545611,0.5083299211986483,0.1745724804994964,122.26130056660622,46.463699254672974,85.6635975651443,163.13819942297414,289.4917968660593,4.490900028031319
21,0.465152979066023,0.582888591322978,0.23955127620784,1.4661241084165502,0.555493657505285,0.555856916578669,0.0755330263347244,0.07620043509789699,0.7035759609518,0.575090145576708,0.06174990555345669,0.0611928987194412,0.930445880452342,0.947565217391304,1.1444008908685999,0.592223082160787,2.573914998973611,1.8528834937180245,1.4229001889210928,0.1719776321482506,524.8804009170271,108.67930250242352,163.990403234493,423.83099789731205,486.2601970671676,5.468000017572194
22,0.094566414636423,0.14569817197021,0.250769081500647,0.7574342969776611,0.352195406239287,0.351239634146341,0.0761451839786777,0.0761495382782246,0.335592731468128,0.335131185944363,0.061009594696749395,0.0611602377214622,0.5648653562653561,0.578254742547426,0.693895278450363,0.5832745614818462,1.1947837432203579,1.1845286781550173,0.8780830034504599,0.17270464278262662,300.8903979207389,45.08329730015248,145.52629727404565,319.42039931891486,408.3107996848412,4.943300154991448
23,0.09376181765668619,0.145092495424039,0.249093107876712,0.40677954545454503,0.282186059275521,0.28176894028794,0.0757554894179894,0.0754568340582575,0.245741317095174,0.245916187739464,0.061002444113263804,0.06115209342067791,0.5818330087633891,0.376832582322357,0.47020209973753296,0.5760882927304842,1.2148512936143854,1.1660119858018394,1.0624698956018255,0.17236792065785483,307.99539672443643,47.120398085098714,127.90050386684014,269.2718000616878,343.6790037085302,4.741500015370548
24,0.695911746426352,0.834812652068127,0.24445012733446503,0.7730563909774439,0.37011819819819797,0.369540864511442,0.148903581267218,0.148743556327831,0.315392054794521,0.315321626617375,0.172443131462334,0.172569200459695,1.63419219219219,0.46819360414866,0.604309551886792,0.741453813340925,0.9904509248130061,1.186350403178091,2.151270106567051,0.6981888430555643,359.0177002479322,44.39589974936098,156.9993037264794,214.3600009731017,300.6826969794929,4.663299478124827
25,0.378814760147601,0.464127462806594,0.43387882547559997,0.43212834417932,0.354405246807042,0.353198991596639,0.35366104611149296,0.353071970847252,0.264220432813286,0.264952503871967,0.265302553520764,0.26532803030303004,0.715039375,0.477835115864528,0.546404457088668,0.5893287948605126,1.0267599752605974,0.6795330190562983,0.9801270245093812,0.7081151026780677,307.275602244772,90.98060108954087,97.9840027866885,229.23890210222453,365.1681006886065,9.205398964695632
26,0.0942741033234617,0.145187056737589,0.254924574209246,0.40802065951529604,0.5037924435721299,0.5021711672473871,0.0750290064312902,0.07603543365455889,0.428080450187578,0.41879793977813,0.0644032475589362,0.0616087582483503,0.72560760353021,0.70445871559633,0.839125509372453,0.31822399795648765,1.1932567416602897,1.8209747121474567,1.7168214003501685,0.17284679650960916,414.2955003771931,44.711699592880905,110.67729792557657,263.7815006892197,336.3702984643169,4.5774009777233005
27,0.105532604451386,0.14502219101123598,0.253910144927536,0.41176758300606897,0.281849615806806,0.28153653936822304,0.076116029042167,0.0761271419034196,0.177495118974985,0.17826648761563701,0.06122101322101319,0.0616343448042041,0.58244696969697,0.294894362186788,0.33098196721311496,0.553312903263705,0.9838800413153763,0.744241358722805,0.690365425193608,0.17244073586993908,197.70840153796598,24.889502674341202,78.5363998147659,214.6737024304457,278.9089019643143,4.718899435829371
28,0.09160441589723,0.18861353285621302,0.24686392479436,0.549411449973248,0.41616822051074204,0.416277738010021,0.074139897382607,0.0740695627074614,0.333670454545455,0.33357656612528996,0.061047577400734694,0.061111818374708304,0.7173445143256459,0.565098392596201,0.694629294755877,0.8143002921904056,1.6521578709003257,1.1909713372688708,18.174560861602405,0.17275399748412334,316.059599572327,46.83910228777677,136.91350031876937,323.44619976356626,386.00279949605465,4.513398744165897
29,0.155116790327013,0.23040537111440001,0.307153516295026,0.7312444761225949,0.372257068573286,0.37169315245478,0.0768674945318564,0.0768110834917386,0.178469342085633,0.17834274327466001,0.061777861042714904,0.0615277728899056,0.6413948655256719,0.297666410453497,0.326924218503315,0.851452616290323,1.7115575197014492,0.7476532683348891,1.2405383115635769,0.17267612947913005,344.3133013206534,64.44209720939398,87.50499837333336,212.53119921311736,275.218699243851,4.489399725571275
30,0.400241784037559,0.467110204081633,0.42692518518518496,0.427941060903733,0.371341282629713,0.369809893307468,0.370549317617866,0.369492978033849,0.26271087106412305,0.273193977415307,0.26392383107089,0.264529513034924,0.699474609375,0.46218498417005904,0.545028558052434,0.5929052964882998,0.8442451250493245,0.6736587798455409,1.1922214914544091,0.6953870382663623,307.4347987421788,89.63160071289167,102.09140018559992,218.58079853700474,342.3737987759523,9.83299978543073
31,0.385742349829996,0.5411278855032321,0.427674718867139,0.432776936026936,0.48354421448729995,0.483541607898448,0.485936534446764,0.482405585106383,0.266545499021526,0.266575526783448,0.267516953088713,0.267794337856809,0.711313019390582,0.467472267536705,0.544078058067587,0.5887038535831743,1.0285617946021097,0.6799120042094885,1.1886595847563344,0.707965243810118,305.19209831254557,87.24059880478308,92.85780251957476,220.4008007538505,294.64049730449915,8.35149985505268
32,0.452380263717567,0.56527377680044,0.39769296210363503,0.5428024254674081,0.28183460026212304,0.281329545454545,0.07585671907445861,0.075873526118174,0.246447257383966,0.24649004074241698,0.061256602426837996,0.061344885926685494,1.68145499181669,0.378956917688266,0.473385943279901,1.0948277074154233,0.9834125816081831,1.1762029662526092,0.6894919492768633,0.17226174489780485,308.0613008933142,86.7415001266636,88.1714018760249,264.7415007231757,330.34139923984185,5.03979972563684
33,0.393451848998459,0.459641727233861,0.576935916542474,1.1664332247556999,0.458746428571429,0.45890224674812796,0.458416032064128,0.456930195452732,0.349950504721589,0.350231435231435,0.351077553809361,0.351426564885496,0.805959215686275,0.571539035305818,0.690994008388256,0.5929814915190941,1.5081454144944053,0.9781165642562374,1.2188057221515036,0.8761131338881697,414.8429987253621,91.32420091191307,91.91800199914724,270.6166007556021,400.5044014775194,8.745699597056955
34,0.155463418504999,0.248073539678846,0.249682694541231,0.848366720516963,0.398252995549469,0.398177385892116,0.07572611686236361,0.0757390439567725,0.31468464603126,0.314217990275527,0.061303828007720405,0.061433687139324,0.582320773930754,0.46171183378500497,0.601824046920821,0.5779341238439488,1.1983213524027323,1.1818354703403013,0.864632062769415,0.17389013435745568,437.76730017270893,46.520102478098124,136.3778006634675,269.69530154019594,336.18289744481444,4.79400041513145
35,0.426972500929023,0.49001660341556,0.42885451573355104,0.432841724013039,0.46582300526529,0.465019034971226,0.46491902654867295,0.464687873612297,0.26337514305333004,0.264357014157014,0.264717730822232,0.26501261352169503,0.700364569083447,0.481415725259828,0.543626746506986,0.5893689175443587,0.8441519981245538,0.6734799021781505,0.9811004505656588,0.7044913397148322,302.3194003617391,85.26739838998765,90.60320007847622,218.30299956491217,279.3417021166533,9.189599950332195
36,0.09327963070781,0.14507308845577202,0.252564434687157,0.639703426791277,0.458064285714286,0.457561411149826,0.0743818568391212,0.0743128612716763,0.246360884190293,0.24620757152075698,0.06121645068009,0.0611456606598578,0.476645804357905,0.39048381601362897,0.49231836921667393,0.7039439153077436,1.1966350233844427,0.9578954546702307,0.8670891143541227,0.17205549400099607,374.73730044439435,46.110797848086804,113.88930288376287,266.53779932530597,331.92880218848586,4.823200288228691
37,0.165235124621812,0.229710675931775,0.250238643773093,0.597181976744186,0.32926930147058797,0.328801690310896,0.07437572759022121,0.0743884483937116,0.246473909324209,0.24674946466809397,0.0612822503583373,0.061406477476527103,0.790813846153846,0.392059200603318,0.49602277904328,1.2790763430804573,1.1938200623468016,0.9556591263328202,0.8631451619350592,0.17386890967351926,387.455101008527,86.1747030285187,117.83639929490164,391.7991984053515,454.1446003713645,5.107600009068847
38,0.386568043331077,0.49217486338797806,0.427288269550749,0.427971680764987,0.371300706713781,0.370627369872458,0.37030891719745196,0.37033508826262,0.263842376626565,0.26448149080836103,0.26473966942148797,0.264981110343239,0.7882238193018479,0.468174929463926,0.545826841858282,0.5982027293258307,0.8515612803469329,0.6784910532007192,0.9870412996548372,0.6972406270641005,293.14760031411424,88.94810307538137,103.43699832446873,220.764301775489,294.4588995887898,8.831599552650005
39,0.100013148965049,0.155231247465874,0.24763575042158498,0.806327972027972,0.415253974724827,0.415064107637515,0.14675321888412002,0.146818829445453,0.33169319492502897,0.33176476282671796,0.32580502949394596,0.325836673646425,0.794647668393782,0.499237788018433,0.6392724568709099,0.5810099697887513,3.04178941135819,1.185760723966705,2.3512091251762555,1.0422807693245524,326.45560131641105,105.33950116951019,114.01459778426215,324.592599645257,386.5387014229782,5.153700476512313
40,0.16445897903372803,0.229694945848375,0.25069862114248204,0.308174772848744,0.19900758581452702,0.198760400483342,0.0740365114356572,0.0740550976138829,0.116010767696909,0.11594706119162601,0.0611381372828254,0.0611878650739357,0.770823962516734,0.19366586662095,0.23033620015637202,0.5749367669537246,0.7807119224508414,0.46839622582515256,0.5066329481945142,0.17166347328786627,122.83560063224284,45.63249822240323,110.48219748772681,212.76459883665666,338.60950061352924,4.456800525076687
41,0.153596656217346,0.230761590727418,0.252125,0.550281622911694,0.27931219131790996,0.278729380185456,0.07427850480803991,0.0742878397526729,0.24636145733461198,0.24631711409396,0.0609300179887425,0.0612299615877081,0.642339325842697,0.371208120095531,0.477707906976744,0.5750361277453231,1.1943174228660833,1.172516226095904,0.6849034419090908,0.17187724069089202,254.76629671175036,85.03500139340758,105.22049706196412,263.51419801358134,327.5306982686743,4.914600867778063
42,0.0997804920607224,0.14499705764344,0.248046013667426,0.44805313588850204,0.200379054318093,0.200228104320747,0.0754543656027433,0.0751837,0.11630691585049,0.116150707651482,0.0609553327796892,0.06111876002137889,0.5682008854454901,0.17900052337753,0.231782267792521,0.5757300556173582,0.7584816619684769,0.47281982344359125,0.5056751836563323,0.17193352396156789,124.88880165619776,46.898500295355916,66.67550187557936,222.54020295804366,431.0131975216791,4.594199708662927
43,0.0848412803715068,0.14638746195983,0.24813533301842203,0.5455285257873119,0.367780315213895,0.351720555017748,0.0757676145222362,0.0755427742233362,0.248210252775809,0.24795746005395297,0.06106482956355531,0.06120024182525499,0.411438529299119,0.37225540069686397,0.468210398050366,0.4366526818244235,1.2056141859357086,0.957848225392047,0.8725809991749958,0.17275895085692952,248.9129969035275,25.23340081097558,112.92839772067964,270.0833007111214,330.1631993963383,4.694399831350893
44,0.39985776201733697,0.493978713768116,0.426873040752351,0.427110122358176,0.463710409072499,0.462254625550661,0.461267366720517,0.460796777081468,0.26365178342314605,0.26439419291338595,0.264684108055488,0.264584211879661,0.6947606992163949,0.47838118591172496,0.543911686938128,0.5946135700650387,1.2689675537860994,0.6757491303696315,1.0438788787318554,0.7036123373860458,300.06960150785744,85.69860074203461,91.69859840767458,219.98360025463626,281.8173001287505,8.857599459588528
45,0.396179763560501,0.463666950233943,0.429605857740586,0.427726775956284,0.375268872802482,0.37420909757887,0.374178289247681,0.373891678129298,0.26504136191677197,0.26474684159378004,0.266098506797415,0.265354742173112,0.6984515151515149,0.497053753026634,0.544447119924457,0.589016344594093,0.8448472822586869,0.6844173743548232,0.819176331712878,0.6994159976467222,304.7126010642387,86.06489864178002,92.79370278818533,216.7705024476163,278.94740051124245,8.940599218476564
46,0.159943665842264,0.230525475617756,0.24463793103448297,0.7282482495225969,0.3681264,0.36770073458958796,0.0740539930922676,0.0743818147871546,0.31509378292939905,0.315638945233266,0.061419991650265404,0.061242266187050406,0.589926454445664,0.474222403924775,0.606062896710906,0.5586431521654737,1.190125024224821,1.181335638542101,0.8683241912671655,0.17252686794660282,359.35840278398246,46.42999992938712,146.7403009883128,322.57630227832124,395.28830093331635,4.872800491284579
47,0.106951418256833,0.14628139109212898,0.24889995155038802,0.411263516219463,0.28354685059864704,0.283306696059521,0.0768885718466491,0.0768610549943883,0.178506432545202,0.178550264550265,0.061308515699333994,0.0611812544717386,0.567391786903441,0.285548497627833,0.325582326764145,0.5586020405012365,0.984314877678186,0.7431632082798049,0.6888281996683914,0.17237693866649828,200.29520092066377,47.2223007818684,88.03959935903549,269.5400995435193,356.9739987142384,4.616599471773952
48,0.622215105740181,0.724179759377212,0.550515281501341,0.55180972972973,0.373099513776337,0.372540143705092,0.372627856365615,0.37213488034807796,0.264305733944954,0.265549899977773,0.265395670198065,0.266318382162302,0.715080027835769,0.46780112165660104,0.544602570204664,0.5925969212092975,1.0279869614420747,0.9732952710949777,1.18965410614524,0.8963495453939833,352.40589786553755,87.0628995471634,103.1588006298989,217.1426036511548,351.8124023685232,9.496399434283376
49,0.16370852972479902,0.22961929787681298,0.24819340849956598,0.307539083557951,0.263111845002202,0.26251832844574796,0.0751962732919255,0.0752339,0.1800753125,0.180321046164648,0.061971396250808004,0.061741535475523,0.706207847946045,0.30476702045042703,0.324976011994003,0.5747751569606925,1.004776628526648,0.7467389010811805,0.6852750286948445,0.17281052642544545,196.73369970405474,44.98979833442718,86.83090127306059,215.6909991754219,298.6980995046906,4.547199932858348
50,0.39003645643456103,0.467927763272411,0.431349924585219,0.428951525282073,0.37266891173342803,0.370438364982298,0.370929190751445,0.370878886010363,0.26361214614081796,0.264099485861183,0.264842081031308,0.265581965142713,0.7002661179698221,0.462818058690745,0.545947990543735,0.5882966126635534,1.0891680797863288,0.6743117834072037,1.0300591951349316,0.6969471008257335,303.8423994439654,89.42559652496129,101.31690214620903,216.4242003345862,277.7646004687995,9.35520074563101
51,0.836143377001456,0.9650498120300751,0.647181012658228,1.01549207828518,0.37371387283237,0.372539395826845,0.373215068493151,0.374709642074507,0.348591490722969,0.35214755220814803,0.350006512536633,0.349599755575924,1.33607270693512,0.580033016508254,0.6940000000000001,0.5963985791219384,2.3999082550706357,0.9767680037637827,3.0369336127326236,0.9505484827929739,355.84249853855,106.08639859128743,113.22049977025017,269.8183016036637,288.98429882247,9.154000144917518
52,0.09648991462613751,0.149989728253803,0.24914669519733698,0.404676448736999,0.349595084844939,0.349183973589436,0.0748194181104936,0.07471092840512221,0.24651799424184298,0.24631607506217504,0.0611889001129003,0.0612863728894743,0.668542239685658,0.380247955390335,0.49238003838771605,0.579332600412536,1.1924433351387451,0.9564029244366948,0.8621851967183228,0.1741529047163015,303.1788990483619,27.272799343336374,128.00870172213763,270.3992009628564,337.0458012796007,4.738399002235383
53,0.397791067373202,0.4868106026280021,0.431590551181102,0.428631083844581,0.354763185108583,0.35362082387285104,0.355706422018349,0.353072125332545,0.26332546201232,0.263836713735558,0.26456728098964905,0.264562894609034,0.701274056029233,0.477225526075023,0.545755177907594,0.5926956713892886,0.8481700501620028,0.6816815993737191,1.0343935140362936,0.6975580450677399,312.2112015262246,87.34700095374137,92.34820317942649,218.9963051932864,279.64909822912887,10.147599095944315
54,0.08960465518733239,0.14498896423348,0.247078643578644,0.767275714285714,0.369953488372093,0.37041309255078997,0.0756459631402899,0.0761739388738531,0.24556467609200297,0.24569518466573198,0.0610755508919202,0.0608922819992843,0.581921199796645,0.388819505094614,0.49465006440532405,0.5779012559111394,1.19614852418194,0.967770922553241,0.8633902303941602,0.17281903102174612,316.4281995850615,45.493101060856134,96.1777986958623,267.2761969733983,329.10690060816705,4.5998007408343256
55,0.0943463294993234,0.146927127154295,0.24848947711000197,0.41138888888888897,0.26692985190958696,0.265865550127937,0.0814364430329496,0.08175009932459279,0.178827356000621,0.180181989708405,0.061281256588657004,0.06127276139410189,0.49871768060836497,0.291506271379704,0.324777811550152,0.5546069154138383,0.9834572316925193,0.7416684881490364,0.6831619183014124,0.1739572786807842,205.6190016446635,49.25039684167132,109.54839963233098,220.4090982559137,286.510496516712,4.609501047525555
56,0.0854106708513142,0.145034012754783,0.249738834951456,0.492920714940422,0.20215657546337198,0.201973301923832,0.0761589987414348,0.0761008920985556,0.116755373073804,0.11694488590056999,0.061429054589652796,0.0615538221528861,0.560655021834061,0.184638386396527,0.232030794165316,0.45900507261961787,0.797836965159946,0.4699462723385445,0.506345880182842,0.17200021086585848,121.64970103185624,45.09790160227567,116.54520058073103,163.41770096914843,406.6785011673346,4.351999086793512
57,0.157155031591925,0.27351893597835897,0.245868287526427,0.735698648648649,0.369642227705323,0.369081099423142,0.07540953995871419,0.0753792799041554,0.332900429184549,0.333002022536839,0.06104879356568361,0.0613210371878556,0.556884472708002,0.575346228239845,0.688575351640991,0.5570211820842187,1.431007246246112,1.8192881224900284,1.0456164801212122,0.17238174931199673,436.70580198522657,64.09660127246752,136.27110165543854,315.233705623541,441.13539915997535,5.113199586048722
58,0.39214346153846197,0.457041945560018,0.42689492494639003,0.427673649393605,0.37399725274725304,0.372987295825771,0.373526877892488,0.37298460551635704,0.26370867668444,0.264974955673759,0.264947228381375,0.266175284384695,0.702852266038846,0.46397251414713,0.5459319568277801,0.5946022212311421,1.0287604227762523,0.697918016072943,0.819010823203441,0.7058958369329488,305.0944986171089,85.47040051780641,99.23119941959158,214.29149783216417,276.175799081102,8.480499673169106
59,0.17083258994945,0.231928280882038,0.24567875426621202,0.49467998075072206,0.264029771520886,0.26291777067154,0.075393653516295,0.0754306992684374,0.17757523348322402,0.17772954207307,0.061041346449431294,0.06096254100805249,0.855292345276873,0.291483082172306,0.32708354192740896,0.5806384843929362,1.0006326160708243,0.742148772510025,0.6848548449235806,0.17385445278490183,309.47759951232,45.4606008133851,86.53490076540038,214.9154999642633,276.42680070130154,4.481800715439022
60,0.0877945105880215,0.145717551530294,0.24584122919334198,0.578642243557352,0.349084443099274,0.349216494845361,0.0762993103448276,0.07589768953068589,0.417220946915352,0.41801779876498396,0.0608840765071798,0.061480178837555896,0.720931120851597,0.694158349966733,0.839319,0.8551282128701247,1.1931563234519962,1.6100820017195312,0.9010545825477269,0.17261402807595852,388.54500162415206,26.328703097533435,164.54890137538314,372.04650143394247,492.3704997054301,4.9735986976884305
61,0.42838130997079704,0.492826904532305,0.433228915662651,0.43395456357114404,0.35290758873929,0.352323844505663,0.352518874399451,0.351751459293395,0.263240334378265,0.2639654702408,0.26430209051229,0.264793293523197,0.700312201772324,0.46592285714285697,0.544367132867133,0.5925975868272629,1.0283719056057217,0.683294895744392,0.9819690355961426,0.7017689682412943,310.28079974930733,89.04250134946778,94.50840152567253,223.87169883586466,372.4146998138167,8.81000014487654
62,0.428439034045922,0.485978446522977,0.42981252558329897,0.42837254901960803,0.353135019710907,0.352120287868403,0.352728164266013,0.35287384330660104,0.263865911949686,0.264636260236579,0.26537361878453003,0.265434276586034,0.7019735994848679,0.470681687832855,0.54159395465995,0.5985623121316701,0.8450947329541002,0.6834149322248267,0.8166098790130464,0.7022372086400168,311.406898254063,87.6122954650782,92.92619652114809,220.52540152799338,283.53989764582366,10.76299959095195
63,0.396968428781204,0.459543010752688,0.43029267294310297,0.43038661087866104,0.353214919487348,0.352988040478381,0.352818652849741,0.351900323624596,0.264233477174654,0.26455062630480203,0.265337440109514,0.26527814874510697,0.6995205391527599,0.464923406076166,0.543534648457258,0.5924571139652646,1.2687431777272111,0.6968003264312809,1.0288312152798655,0.7011935091219093,315.1195036480203,93.15239876741543,108.46890072571114,229.26489909878,303.47300198627636,10.5984989204444
64,0.405837923728814,0.473896024464832,0.430549979088248,0.433139507154213,0.486462630085147,0.48543363939899803,0.485902109704641,0.485218778908418,0.26300948231676097,0.26353944820909997,0.264119433719434,0.264346657477602,0.734340486409156,0.48045973782771506,0.543359129994942,0.5886591483858217,0.8493050536354323,0.6870006755849312,1.4061085207053898,0.7053945394306068,308.30050236545503,91.17500012507662,101.8558003124781,219.99080199748278,346.6888010734692,8.573899685870856
65,0.437252976190476,0.52573481195757,0.568996121883657,1.1110582627118601,0.45807493309545,0.457140791152701,0.229682343563173,0.22991438581125498,0.508173010380623,0.508435574229692,0.32800384721077197,0.327838166510758,0.71370625,0.781120815138282,0.9441183486238529,1.1659054856056734,1.7177709437922948,1.6093463434308497,1.8059930984824633,1.0546401497968694,421.8807996949181,111.49910133099183,171.4586018351838,376.8459035200067,441.0317982546985,5.397100176196545
66,0.248379334916865,0.340790490341753,0.24682542293233098,0.889868695652174,0.36794899007189297,0.367556948424069,0.075346213406091,0.0753601094429634,0.397138437741686,0.39705961405926904,0.0609015904572565,0.0609915981515934,0.946058011049724,0.6411247002398079,0.8019013980868279,0.7370325011565256,0.9585571890327365,1.8271281670510078,0.8636191865061643,0.1721742859511494,271.512201288715,44.87449623411521,154.09199841087684,315.946398768574,293.96680038189515,4.85640048282221
67,0.10174780473987301,0.146377430319511,0.248995400629388,0.444213426464882,0.33002065404475,0.328833906787613,0.07451927083333329,0.0745086532205595,0.24606552191595102,0.245682365364308,0.061315210278984,0.061352586837808906,0.7041666666666669,0.384129107981221,0.46833963782696203,0.3174157039873128,1.6266834008548083,0.9626402678750745,18.20325363681696,0.1740765097700285,243.94650099566206,26.852898008655757,110.06460117641836,267.1374037163332,451.30600192351267,4.5594992116093636
68,0.38734346724574703,0.457754488330341,0.42537361419068703,0.426835499593826,0.35263112005365504,0.35192015078821104,0.352053539019964,0.351892962356792,0.262681181181181,0.2670002596054,0.264196367763905,0.268035910224439,0.696522081064731,0.473239405854085,0.54458368869936,0.5909934838383198,1.5518131096810353,0.6754572929865726,1.0171214108421172,0.6825725773007668,300.46289757592604,89.95520329335704,93.44019927084446,220.9404992754571,293.1253024144098,11.688900121953338
69,0.761900535577659,0.9388410480349341,0.398984418282548,0.8607899543379001,0.37086462093862804,0.370106575963719,0.36395836154367,0.363956814159292,0.419234144395692,0.41798249898249895,0.413965045592705,0.412493975903614,0.9502127659574471,0.62815271195366,0.785206764027671,0.7343106818528633,1.4732691162039329,0.9609710817157057,0.8689865725490006,0.8720389342890759,389.8792987456545,145.77639958588406,182.03079962404445,378.7314024521038,436.9691014289856,5.63609937671572
70,0.381639117427076,0.457457117979974,0.430159524666907,0.429090691170595,0.373535320803629,0.37307752422632096,0.373070848938826,0.373119014573213,0.26431324059763,0.26515886398935,0.265526222222222,0.265212331942513,0.7265940279542571,0.501066791219057,0.54498948422634,0.5951455629341849,1.2710609906225863,0.6753831835750415,0.9834303827360229,0.7116364014854918,307.9944057390094,88.251601846423,94.67929776292294,217.42330281995237,281.2789985910058,9.615000453777611
71,0.3926,0.463515753129046,0.520170460048426,0.5226178603807801,0.373443070207348,0.37298565373329,0.37280247315327003,0.372496279521191,0.35012879045996603,0.351362994783676,0.35122388059701504,0.35131713992473496,1.07785,0.585493963782696,0.689072784810127,0.801950516505877,1.3339582597934863,1.2038114621936296,1.024101300985432,1.0698919733131909,348.9171009277925,105.91869504423812,113.16530290059745,275.132195383776,339.39990389626473,8.777700713835657
72,0.09206644803623021,0.147585740980308,0.250469711090401,0.307272265391512,0.265193994778068,0.264773371732388,0.07683236916453651,0.076833633768965,0.179034358047016,0.17912031328112,0.0611717631010572,0.0613223035987144,0.496423934108527,0.29503159478435304,0.327977461054027,1.0611101336998374,0.9989341308837866,0.7439150447965678,0.6811237275736057,0.17195974512201195,199.0115997614339,47.02860023826361,89.880199811887,264.940298802685,295.55359651567414,4.4450993300415576
73,0.39881063504208103,0.46533399920095897,0.42067512274959096,0.420723059948511,0.36606961054891096,0.366040660736976,0.366236583042236,0.36569331911869196,0.261814595660749,0.261548805287239,0.262093646955375,0.262180896598333,0.699940095302927,0.47685726175613796,0.540448748228625,0.5912617713825036,0.8508707677076319,0.6950683450181708,0.8173557890039733,0.7091982669346045,304.0016017621383,87.06789958523586,92.86669956054538,220.60150076868013,280.43430065736175,8.938799146562815
74,0.150146739130435,0.229585220729367,0.250170608495982,1.0050968013468,0.33037846347607003,0.330299827685238,0.0760068914412745,0.0757006901791933,0.245004681847202,0.24507146193367602,0.0607671167687824,0.06093492063492059,0.5816296296296299,0.37463977938641796,0.49742902784116805,0.9938479169492118,0.9892691256329176,0.9671247658996686,0.8601265154382995,0.17222018393897182,340.0205954676494,44.828897807747126,162.31389890890568,318.23839963180944,378.4200031077489,4.974799230694771
75,0.09364979456246181,0.14683345597252898,0.23937472527472503,0.6258064516129029,0.39680776892430303,0.396403930131004,0.0753467336683417,0.0753416286261228,0.314260668973472,0.31381470674058903,0.0610147857742929,0.060960268440432404,0.642679866146124,0.43930068728522303,0.594995572772551,0.5516457191305549,1.4038234633083269,1.1859915395936391,0.8691292462822379,0.17274952194313403,375.7832004339434,46.494597336277366,150.4911997471936,266.2057027919218,325.25749993510544,4.793499829247594
76,0.409768953068592,0.579799892125135,0.428041267194664,0.432300986842105,0.36381364497789004,0.363751148815836,0.363609756097561,0.3620690870638,0.279996582865511,0.27993572984749504,0.27918841761827096,0.282818281938326,0.7101316818774449,0.47294531974049997,0.557127751196172,0.5940884818851441,1.0889257320326222,0.6796902809787861,1.1916341494932794,0.6759578735361557,306.2595002120361,90.08030319819227,90.92030086321756,215.76940052909777,355.2398004103452,9.325701103080064
77,0.104387526025165,0.145798329959514,0.24908436080467197,0.5503686635944699,0.330419845218353,0.32992482065997103,0.07625444646098001,0.0763103064480226,0.24570381231671598,0.245859061833689,0.0612594450373533,0.061139114627887105,0.703006702412869,0.366978615071283,0.472090163934426,0.575376311192992,1.0019553212162136,0.9633008722756339,0.6882345340936783,0.17402597684523974,240.07650063140318,45.72250181809068,105.74149782769382,213.30880117602646,279.4497035210952,4.720300785265863
78,0.158161852937073,0.231246243022757,0.250382745266781,0.735507913669065,0.33221650682940995,0.331112258064516,0.07547980613893379,0.07516934116112199,0.246542124542125,0.24666267082234503,0.0609269442262372,0.0610260897231944,0.5832751605995721,0.390916755224938,0.496149930587691,0.42873774965899136,0.9952357302257837,0.9578334842194339,0.8664126808835525,0.1722948083200684,372.0002016052604,44.52989960554987,110.49450113205239,212.8858002834022,285.0912991561927,4.8515008529648185
79,0.10722164803157,0.16161174162813502,0.249378778135048,0.732117607526882,0.43207941176470605,0.431280723386765,0.0742009661835749,0.0741422876195999,0.331969922380336,0.33200259440761,0.060927023159679905,0.0608903083931096,0.8600039494470769,0.546829501915709,0.692788612961841,0.5520170296063324,1.1954057115154124,1.1914029861534075,1.050596148723861,0.1719117870979813,359.54680206486955,47.369599633384496,143.8462029909715,319.160200888291,393.9854010241106,4.709999484475702
80,0.208239164765748,0.258181232091691,0.429454144973969,0.428046023564065,0.35234922813036,0.35157648854961804,0.352074012056263,0.35163984936665504,0.265818825679689,0.263745704467354,0.267159541984733,0.264576131687243,0.708123350923483,0.462695708712614,0.5456153455284549,0.5951545416362232,0.8475430895676518,0.672858028271843,1.433604508492925,0.6983549485394688,310.9696990577504,92.28119888575748,93.12790061812848,219.15279794484377,292.9624999524094,10.28440019581467
81,0.415324736650926,0.489354515050167,0.553651939655172,0.552629370629371,0.372889938249183,0.372636857349747,0.372340304856434,0.373034315312399,0.262986171574904,0.26356275614754104,0.264256294058409,0.264412035913613,0.6949492557510151,0.44676180526535697,0.5434719471947189,0.7997757845536798,1.5135162557680932,0.6805814066179259,1.1886807005497262,0.7049801738194875,285.4460006346926,88.50489684846252,92.58550126105547,216.65620297426358,278.27939920825884,9.091300307773054
82,0.399289533995416,0.458972355769231,0.431095217943292,0.430923206042803,0.354748691099476,0.35397540431266805,0.35414201183432,0.35375378405650904,0.27577833692787,0.264383272058824,0.26511824817518204,0.26496675257732,0.701108751608752,0.476625207986689,0.54351332398317,0.5854720340715229,1.2704650618116207,0.6789807432041111,0.8168089177705916,0.6970653224864827,299.92759955348447,89.36580125009641,101.61560057895258,222.42919949349016,296.2340018711984,10.775600094348192
83,0.406719391365888,0.491882835101254,0.42739359933499604,0.427904723127036,0.355132892561983,0.35376304481276905,0.35451812219537504,0.35459815384615395,0.264558236887466,0.26488572817894496,0.265752926829268,0.26590520785746896,0.696010162601626,0.473420796460177,0.54455516194332,0.5849557983572916,1.004843973634514,0.6784239749454523,1.377472082680426,0.7040983869407131,298.4592996654101,83.15110026160255,97.81030239537358,211.38699812581763,278.4487005556002,8.995199459604919
84,0.168871610728419,0.23055405132350001,0.24852831801666997,0.68085380919698,0.278993440830828,0.28284600760456297,0.0757777566660333,0.0754934064408662,0.177404343329886,0.17737465340075,0.06138567667193259,0.061048014930437704,1.49605992509363,0.266957059863602,0.326375139664804,0.5518534714654225,1.1549391505579825,0.7226663906768874,0.6813396258715313,0.17170807548621322,186.56159954844043,108.88709803111851,137.76799896731973,353.5807991283946,374.7356982785277,4.989099397789687
85,0.704104951958611,0.82658936825886,0.49138649425287395,0.8224369208838199,0.439946712505372,0.437858380414313,0.43684543125533704,0.434346211552888,0.348263907734057,0.345213786531131,0.350877120110765,0.348717571884984,1.31494878361076,0.537147012987013,0.656622961513372,0.8241945422997606,1.2365539010093858,1.174822885531488,1.162295962622243,1.0256483413025477,396.53309650020674,82.19900046242401,94.62520101806149,306.4655029447749,375.662102305796,8.433699258603156
86,0.10502870762711901,0.145421804511278,0.244838923112024,0.843071966527197,0.420148309705562,0.424308340353833,0.0754301267916207,0.075398354160317,0.33174459380479304,0.331500782472613,0.0612867624947375,0.0610087841456883,0.6506386075949371,0.5363004191895671,0.663301627033792,0.555998767561789,1.1522031663502086,1.3340204988945668,1.062932298043849,0.17211318717543936,288.85580104542896,41.36240022489801,139.06769745517522,294.8897978058085,430.9580006520264,4.5883993152529
87,0.418058823529412,0.472619331195602,0.431471434617012,0.432972862453532,0.35175878906249997,0.350651056014692,0.350416894664843,0.35315913200723303,0.263917211328976,0.264550796142633,0.262043826696719,0.264917714598141,0.717357320099256,0.450371285056509,0.5274973614775731,0.5719290249216822,1.0425408111165688,0.682125582508263,0.7885476921421581,0.676611473321592,290.0506995501928,84.29600129602477,91.60620247712359,211.13169932505116,267.8086966625415,8.72450036695227
88,0.49105930568948897,0.600097814776275,0.248543846348244,0.731207020057307,0.520806697108067,0.515895191788223,0.512158849557522,0.5122142857142861,0.41344304253785097,0.417770204081633,0.408325483304042,0.41216606929510197,1.2151583248212499,0.618292364016736,0.72395530726257,1.201654427989185,21.638595143119034,1.3471053187383273,2.140817079530683,1.1801014123779061,357.63510095421225,143.77879997482523,157.4201014591381,356.42540169646963,419.7512986138463,5.681399488821626
89,0.110211088295688,0.146258974358974,0.24983911809648499,0.8594384057971011,0.41735711373828,0.416630763688761,0.0751374514648782,0.0741666092468821,0.332050552922591,0.33197422680412403,0.061195725534308194,0.0606920235183933,0.641663812785388,0.556963618956439,0.667103146853147,0.8258078942860755,1.6026864142580262,1.3296946500958207,1.0509998664809337,0.17123309763432878,341.41609794460237,45.39949877653271,146.83440094813704,257.77010014280677,432.17269994784147,6.267199933063239
90,0.158595068415051,0.250709755030621,0.249323300970874,0.497778335424509,0.26920920502092,0.26050844594594597,0.07362154061981889,0.0733631220909416,0.177678422273782,0.17773607907743,0.060911146191576906,0.0608261155247596,0.569936764705882,0.27599779897285404,0.327927179814756,0.57913771175979,0.9496350027112864,0.7148354526071666,0.6784612065431179,0.17271476027334254,193.1294973473996,60.436899366322905,94.79480067966506,201.2601005844772,258.6596005130559,4.454700683709234
91,0.160675114886506,0.23062418521015998,0.251627659574468,1.05054329990884,0.590627974463146,0.5893853904282119,0.0774354253460556,0.0770754383580264,0.420005424954792,0.421486852917009,0.061224172245341,0.0618303891005658,0.7100722596448249,0.675521790341578,0.816302325581395,0.6719741001156825,1.4146526999366862,1.3388199117739328,1.2803934376555577,0.17163593573758107,423.5856016748585,41.13389877602458,178.27259725891054,303.0044987099245,382.31160142458975,5.153700476512313
92,0.385069880418535,0.45930654420206696,0.426733382844411,0.43251687059696003,0.391150505050505,0.390821619812584,0.394757780784844,0.390921003369525,0.262054169636493,0.262226804123711,0.261529213191379,0.261577477683681,0.68802886977887,0.439645621181263,0.519467474203679,0.7105786010399192,1.0489857709600934,0.6742328175425073,0.9819216889580955,0.6674647697594445,268.9535976969637,81.06640161713585,89.16639926610515,207.40019681397825,270.5779013922438,8.360100036952645
93,0.40836601307189496,0.471045510964005,0.427419672131148,0.427667640613587,0.34912474507137997,0.349670724284845,0.34996712328767104,0.351272672491714,0.262390128465179,0.261747171453438,0.264751828499369,0.26474112464369,0.700651,0.43564708083832304,0.513570590888588,0.5681929550585916,1.277141333638831,0.6715885395713859,0.7892550304566956,0.6661495093852285,292.50250081531703,90.38790158228949,92.90529851568863,211.31110115675256,276.1645009741187,10.106500121764839
94,0.0923754756139744,0.14498877821207898,0.24951071080817902,0.406816842900302,0.27791761846901597,0.274405405405405,0.0748952571902655,0.0743192957746479,0.245705844572897,0.24190848549946303,0.0607017595480492,0.061331544155037006,0.48018249128919893,0.3420078125,0.439147526501767,0.3165046167082253,0.9614345115715192,1.1108380348529203,0.6787893220870528,0.170327458380253,227.64889727113768,43.230297160334885,107.43660241132602,262.5473018269986,303.16460033645853,4.548400465864688
95,0.39310372881355904,0.46873548387096803,0.432712672978878,0.433336692795819,0.497888408304498,0.49371421709894303,0.49962795992714,0.4964770468528161,0.26327501256913,0.26536472448057796,0.26558406450083,0.263580535279805,0.725125973106865,0.437777641778866,0.5158279027076641,0.5770528968529642,1.214074955224684,0.6746541422917693,1.927802748690827,0.6730274659527229,283.4697996149771,81.45570027409121,89.96219985419884,212.1769983205013,343.63499871687964,8.318599429912865
96,0.17507916257769102,0.23463081130355498,0.30159144196951904,0.855896351575456,0.368099325567137,0.367978494623656,0.0741048,0.0740189322501088,0.24753822040028897,0.24598890548325197,0.0604706256137716,0.060621692191815194,0.771046528274875,0.357484430176565,0.46676033421284097,0.8439008040105447,1.1621955537201607,0.9202575875396793,0.8603487148461227,0.17059350600395448,377.4319979129359,103.19550201529637,156.42429643776268,306.9080994464457,378.49940272280946,4.928499402012676
97,0.102990370864715,0.145427568516268,0.242488019891501,0.39954635761589397,0.28164720135691795,0.27491144222659497,0.07355482794042119,0.07560077274323851,0.246908751099384,0.24471605821999498,0.0613301410229425,0.0610612244897959,0.564283883686545,0.375601831501832,0.461200272479564,0.5539656277499669,1.1364594785107502,0.9185330553272552,0.6831120524437526,0.1708506536417934,221.85820125741884,44.2538017523475,104.83089863555506,301.79580353433266,421.3753025396727,6.122299237176776
98,0.0963077594483722,0.144904126547455,0.24811204121056002,0.394697271386431,0.201996917148362,0.20164432544480898,0.0760337582294439,0.0760414312617703,0.116903047370009,0.116676836734694,0.0614900802026171,0.0614700315457413,0.589229212253829,0.183115216030056,0.230764844587353,0.4278242529014468,0.7413680191861699,0.46666422172331135,0.5069516098086471,0.17160939079153706,114.04139950172976,42.700702033471316,90.73510445887223,212.318601552397,270.8561019971967,4.072200681548566
99,0.398010003334445,0.471428280358598,0.683263888888889,0.688251,0.36960952040085904,0.372741540444731,0.372209150326797,0.370501773621412,0.262729276233408,0.263605186020293,0.264259561567164,0.265808619805028,1.0589793814433,0.426650085763293,0.516031602708804,1.0468993249981273,0.8107784605016705,0.9297827227924015,2.6853579950436144,0.867075584998473,340.3023976716213,102.64180164085701,107.00779967010021,199.2852019611746,286.76579968305305,8.6110012489371
100,0.0809963010385546,0.144996610595029,0.250747056258177,0.416246002906977,0.399980544747082,0.399265345765346,0.0759344305638178,0.07611961688542039,0.31533685518955895,0.315590601965602,0.061243818499497,0.06122463853297289,0.407944596443228,0.46086389008158,0.56012553905127,0.5631049880631278,1.1652596979535481,1.1293075454374324,1.225075617219896,0.17154764750962823,321.8300000298768,41.16320051252842,132.29839969426394,245.08010101271793,359.833704715129,4.650700429920107
101,0.0782859240936848,0.145072606014848,0.244539957716702,0.410921662669864,0.28292082111437,0.28255071758696204,0.0753357,0.0752965890791978,0.25142441084926603,0.25173542381185704,0.0617747255689424,0.0621711662773643,0.49403049555273204,0.356053796495543,0.456928918322296,0.43146480944785237,0.9538717325281688,1.1138242377981393,0.6792021594444606,0.1716133129035539,192.37279921071604,46.642399684060365,104.12870033178478,197.67090125242248,325.9466975578107,4.736399569083005
102,0.40320500782472596,0.46010136765889004,0.431533409263478,0.433790627362056,0.371301302931596,0.373414420062696,0.36524892041949397,0.36906390168970804,0.257804691483937,0.264782537067545,0.26475837197321,0.26460247309365703,0.695254972875226,0.448652106687283,0.529094348222425,0.5731049791060153,0.974090311360518,0.6702517002470558,0.9330684584761209,0.6688444286009875,289.0578005462885,80.84760193014517,88.69930024957284,204.61150124901906,297.0192042994313,10.143299004994333
103,0.394670735842659,0.461092600422833,0.422694372931225,0.431114263803681,0.351106828528073,0.350154186521443,0.347936498336861,0.347200121654501,0.260465737779808,0.26255547131665397,0.26419306594153597,0.26390664403491804,0.699529302899445,0.473796725784447,0.532204072188802,0.5707017342496132,1.0531159280372067,0.6792543769763443,0.7865031594817742,0.6774512449141742,290.80359818181023,80.4160998086445,91.06740035349503,209.1483023832552,278.2816969556734,9.136900189332664
104,0.171117295925981,0.230750860585198,0.246975385273973,0.771211002260738,0.368243670886076,0.367090099349092,0.0776556069191769,0.07617374776386411,0.315907834101382,0.320468507601613,0.0618618604916443,0.0637874740962468,0.838258215962441,0.46782775312626096,0.576732976653697,0.9519524407680422,1.1623175162366848,1.1620064337582612,0.8619176746844889,0.17174460572210992,393.97439832100645,59.34500222792849,164.77180179208517,271.02849853690714,304.65440067928284,4.505801189225167
105,0.104292714061273,0.14586066782888601,0.24935725641608,0.40726970297029697,0.26328022515908,0.263961865498583,0.0760150430317495,0.0763881369144639,0.178141401933702,0.178354977029096,0.0611912328207224,0.0611018544456272,0.559382536382536,0.289091064871481,0.325934865900383,0.6953017651859283,0.9486089561662181,0.7157219851161895,0.6783852761674681,0.17114775972052562,237.0537957176566,41.97230009594932,89.52329808380455,263.15159630030394,279.68109934590757,4.474799789022654
106,0.157622037550015,0.234852805280528,0.24881218715995598,0.594256764218664,0.375615722120658,0.374926559714795,0.0739626,0.0739283163430946,0.248646997714523,0.24739053763440902,0.062177687207250996,0.06121651125767571,0.5796234879032259,0.37194141278875104,0.446441324392288,0.5746274435174883,0.9686370573349735,0.9177548607361735,0.866337223284654,0.1716097110268405,312.8113952698186,42.109901551157236,88.8266004039906,214.6102997357957,274.0713011007756,4.6315006329678
107,0.09296828046744571,0.14637251950184801,0.25285740869969797,0.502014246323529,0.285014050964515,0.284897930049964,0.08153401527359351,0.0814847322503008,0.18041316526610598,0.18011431567907701,0.06166268038866211,0.0616424085703731,0.578125984251968,0.28838143483023,0.324625909345271,0.5549937441418085,0.7576662998357918,0.718505879510196,0.690864877665722,0.1738358817588753,189.28630306618288,49.28099951939657,105.68209982011467,202.51070091035217,269.7288975468837,4.384499334264547
108,0.384091338051904,0.46745271813613504,0.311329264985083,0.937357480314961,0.369902075226978,0.37194033069734,0.0749945991671005,0.073924153272101,0.400424446944132,0.400450136879155,0.060934769196253305,0.06151486325802621,0.7868310000000001,0.585240620310155,0.73381455563331,1.0618308980251039,1.442841144843217,1.3492920136450433,0.8657104848729849,0.17168260384530537,436.7761008325033,106.59100371412933,164.68670073663816,322.8230998502113,366.39010068029165,7.247099711094052
109,0.551454838709677,0.7422856154910099,0.248943989659629,0.8665565957446809,0.368826902271908,0.369675224249923,0.36484124734231,0.366843297671492,0.49289193825042893,0.49192036613272305,0.48528663366336594,0.490187237615449,1.6614593023255801,0.696980404164115,0.8732561078348781,0.9954466426459786,1.1719671685626383,1.3487362570062513,1.0599726683199238,1.1892576319723176,461.95309987524524,148.5560991568491,183.83189890300855,356.405800266657,486.1773981247097,5.561299622058868
110,0.0819814206088324,0.14530601312441402,0.247540775259479,0.309970063327576,0.198366634522662,0.19798341313269502,0.0746231,0.0739322927652394,0.115616498464239,0.116344706415779,0.0614062383165091,0.0613172066549912,0.479155048076923,0.17511420230121902,0.23084779975777098,0.31732527697439555,0.7486888563570305,0.46562195497937103,0.5039417996980549,0.17269702744779972,113.26799867674708,43.2581000495702,85.21999843651429,152.76050107786432,337.7216009539552,4.382200131658465
111,0.6298641488162341,0.722616,0.5515988088792639,0.553784688995215,0.353812847222222,0.35295616617599,0.354311162331248,0.354181789931635,0.265219419924338,0.263682670324646,0.266911495673671,0.26696097234612,1.44993074119077,0.459121707901037,0.5193241563055061,0.9063118224311058,1.055608744361472,0.6768084252240494,0.942418929176089,0.6802920325924015,295.8383032819256,88.3931017597206,94.49060162296519,265.16870129853487,410.0570993614383,10.189700697083026
112,0.432439206883651,0.491783588818756,0.417750626566416,0.41923119122257096,0.391438005390836,0.39205877803557604,0.384091493383743,0.385565794191467,0.262426157407407,0.264300227790433,0.26412396694214896,0.264155937717871,0.722719,0.473451746323529,0.53672,0.5756780295315828,1.456255013622534,0.6791626014581404,0.9406159181296471,0.6748037217983505,304.34029758907855,85.53570078220218,90.77149879885837,203.63829826237634,276.21849440038204,8.30409990157932
113,0.250577953447519,0.342397832323876,0.245482672753683,0.787584187408492,0.368589539887454,0.368799865455769,0.357731064397731,0.36113941535496297,0.330628644665171,0.33423226180133203,0.32520453857791204,0.320917881165919,0.868246840775063,0.5029095137420719,0.6222871004566211,0.971513631481037,1.1925989719063583,1.1383999836928647,0.8609601819644145,1.024637495065174,374.45730122271925,124.82970341807231,135.96159988082945,321.3291027350351,512.9947996465489,5.437800427898765
114,0.6168518719479109,0.708484395318596,0.42872357399282,0.429615689096797,0.35364474532559603,0.352100581594252,0.351212332928311,0.350637051661731,0.264715410002539,0.263221140787687,0.262463101054256,0.257415853963491,0.847262426900585,0.473339991122947,0.531663979848866,1.0620556132418015,0.8169452389748421,0.6744067430858115,2.1500699718372545,0.6726603047261343,304.70319907180965,89.79710109997541,96.96179768070579,265.13250049902126,421.7989000608213,9.52400005189702
115,0.10551848437356,0.14558899170772702,0.249291798491117,0.356758549222798,0.328893840476866,0.326933615819209,0.0735512003919647,0.073868527455328,0.24650024378352,0.247213244083194,0.060869573006867704,0.0608780500229229,0.557964788732394,0.36534144714905,0.48453489278752404,0.6848179136070051,1.380134203068774,0.9236593882011517,0.8565794133952421,0.17166621563692513,350.83870025118813,40.72809970239177,130.58000040473416,305.78950099879876,362.06759978085756,4.437299503479153
116,0.38900339213025803,0.456589845474614,0.43060755395683403,0.43103119197920503,0.377043782837128,0.371834005130084,0.37278811086797997,0.375010638297872,0.2651937531742,0.266100280504909,0.265391832766164,0.265395055624227,0.700925797503467,0.464129468177855,0.52235971563981,0.5709901358052931,1.0511418996192905,0.6775596162428176,0.9432320730599663,0.6767479546092593,307.8914975048974,82.93640421470627,90.72120010387152,209.655195067171,281.5888001350686,9.442000009585172
117,0.684180190930788,0.823848,0.649270049099836,0.650500836586726,0.37365679895901105,0.372711202792764,0.36990288426433,0.36936726411904003,0.262869479397977,0.263625507900677,0.26433618951612897,0.264818315737785,1.77828196721311,0.430242105263158,0.525019730010384,1.2502022699360926,0.9897205265441652,0.6757856686907826,1.5360608977682362,0.6712337288681615,285.01490160124376,83.87409907300025,90.98349837586284,200.52759937243536,263.57820170233026,8.64329922478646
118,0.09414532839963,0.16484842883549,0.24003236409608103,0.6297209175314039,0.39833964451313797,0.39706519337016605,0.0747760311789542,0.07472726025517899,0.317122550453349,0.310074763503204,0.06083420611646421,0.06125505711565919,0.569863460475401,0.42564378029079203,0.5718519269776879,0.42844761423232813,1.1597359266854907,1.322394732782567,0.8562957309840022,0.17333541334793773,317.12569907540455,43.428300705272704,132.8648009803146,241.35739367920905,327.0257991971448,4.3849999201484025
119,0.0882527201632098,0.16505590686979,0.238951639153685,0.297411015848272,0.198933790737564,0.198803116147309,0.07589595292766929,0.0755986842105263,0.117594870033207,0.117948291676221,0.061316532618409296,0.060544517130502296,0.409465455840456,0.181246734657363,0.230600552595224,0.4289301121372775,0.753142206105049,0.46763386089632775,0.5073387051971784,0.17138466345722608,114.07549754949287,42.170099914073944,65.32990228151903,211.7872005328536,219.2102008848451,4.352501127868891
120,0.100158893813837,0.179114380165289,0.24699243119266104,0.40580320000000003,0.264144215100489,0.26411182254744997,0.07626291376765759,0.07514716933867739,0.181214342251069,0.18053488372093002,0.0609303031889826,0.060889489710205795,0.502740609137056,0.279327916565608,0.328537922243467,0.31977198461995127,0.9749973819055968,0.7180090135641535,0.6860704321529385,0.17126383463721287,220.74290172895417,45.22489907685667,88.15939800115302,211.5587005391717,271.11399977002293,4.397600423544645
121,0.388899435028249,0.45939689578714,0.433653551912568,0.433907749077491,0.35766055045871603,0.355913832948168,0.356985092426953,0.35279969278033796,0.262101239669421,0.26461125940305796,0.263233522142122,0.266201817758098,0.716039806996381,0.439897046759639,0.527084836665041,0.5655410320073828,0.9869046696580044,0.6801140676496668,0.9996750554777298,0.6744214129177362,277.9177011689171,83.3733007311821,101.3779008644633,206.7612949758768,337.7738001290709,8.547199831809849
122,0.263368961973278,0.41264933287718103,0.493536912751678,0.770412732474964,0.43614788437369095,0.431693117713426,0.15090653943306198,0.148135692068429,0.39221538461538497,0.39831525895029496,0.38880682670667704,0.39079753656659,0.6297113176599239,0.546822381930185,0.704749136143746,0.7014120732369379,1.3810367026935015,1.3409180857124394,1.0359571543108967,1.1733798265716708,311.61620281636715,121.74629955552518,131.88560405978933,297.818795661442,493.8371974276378,5.275799776427448
123,0.397122734138973,0.458136363636364,0.43231098484848496,0.433180602006689,0.365293471234648,0.371490612823238,0.365380677721702,0.37227017419125497,0.259657110862262,0.258349290780142,0.25709317467445,0.262252586594692,0.679196052631579,0.439657432696059,0.499875675675676,0.5615626857079361,1.4424618978560957,0.6757942434604748,0.7862603781166644,0.6726903563873793,295.7306001917459,87.08560053491965,91.47709788521752,208.65910046268255,263.165301294066,8.396799967158586
124,0.0939152682255846,0.146783333333333,0.25339565026362,0.5474330949948929,0.417908050362457,0.417343593689881,0.074757212044641,0.07459331302782779,0.334220177664975,0.334360012755102,0.0613140800362771,0.061348634053367206,0.5807690570299271,0.656444143534191,0.8165859491778771,0.5511840855148824,1.567011527848717,1.1422662308767197,1.2178247154414732,0.17118032620230458,390.4703014995903,44.73120061447844,154.42260191775858,404.2184998979792,485.4126018472016,6.656699406448752
125,0.08447338667594359,0.144720915764589,0.23540903850588,0.6595724137931029,0.276395955165692,0.27646317314658303,0.07526318999695031,0.0770836921217615,0.24545258711721196,0.240722647456101,0.060283565521452,0.0597145810720008,0.5533115832068789,0.35320377952755905,0.43272719412018995,0.4269669314271007,0.946201335626458,0.9345216898883008,0.6817987099313518,0.18471655569497644,290.71279714116827,40.815000829752535,110.16839853255078,306.3192998524755,379.26820368738845,4.494099994190037
126,0.164525805912811,0.26164498094028,0.24777097560975597,0.59222688598979,0.263703077699294,0.263378787878788,0.07629294518751639,0.0765749807741605,0.178904144204852,0.179614619678995,0.0620637763833428,0.0616297523188258,0.801543010752688,0.28601159921026703,0.325544322132097,0.8250004044108117,1.1393738468529568,0.7155106631700933,0.6854380910576271,0.17396876266728667,195.3854996827431,64.36429830500856,140.6224022503011,259.7825994598679,323.67409876314923,4.48119972134009
127,0.102382203696992,0.145062110922467,0.23837001209189798,0.439747713414634,0.278036848484848,0.278599339430894,0.0738787,0.0760595950133314,0.177378143575674,0.177804601425794,0.0649299652349445,0.06130165686156801,0.547308885754584,0.26405518880380197,0.326408383613846,0.5482644166847347,0.7494089502402168,0.7089055194676922,0.6840998316755733,0.1701587615391784,303.76799986697733,48.96079626632854,130.15110016567633,153.00029626814649,220.36310110706836,5.293599679134786
128,0.424558630735615,0.517764137264379,0.423951517706577,0.428090251170711,0.48514138702460896,0.48322619047619103,0.47878107994977004,0.48395535345184,0.26257390467019703,0.263493488690884,0.263954421148587,0.26408179539758503,0.8178473221422861,0.475729478366357,0.530876097057305,0.5742934161032925,1.0446753453514537,0.6714460193466264,1.134409386490198,0.6732051473113314,292.5970999058336,86.625998665113,91.60619811154902,216.1448006518185,281.6812979290262,9.907298954203725
129,0.40693516399694896,0.47907833733013605,0.905971698113208,1.03604938271605,0.351494402420575,0.354240740740741,0.354039009497965,0.354742460182989,0.262924096114979,0.262302661253947,0.263605003442736,0.264544420368364,0.699145542753184,0.468149979053205,0.541247331786543,0.9155766316834878,1.8706147816700942,1.1660826561957,0.9537607614153802,1.0142271619074792,385.47169970115647,128.0105978366919,132.71850039018318,267.6610980415717,318.36210255278274,9.575100557412952
130,0.10886579347000801,0.14581918720852802,0.24926019080659198,0.5838995960761689,0.351111897106109,0.34845887999999997,0.0767371,0.0768511842693282,0.314299710297603,0.314890859064506,0.0612950618600683,0.062113891911498,0.672032873109796,0.481443384487764,0.571861756373938,0.5805820865634745,1.176306044063702,1.3291904431109416,0.8606883516931221,0.17323574538793837,470.8008040324785,43.39849838288501,111.46320030093193,255.0422010244802,340.46329965349287,4.7003006329759955
131,0.40718976962124204,0.48017627599243895,0.430507412898443,0.42134306277489003,0.48647631133671704,0.49633867924528297,0.49677540834845696,0.485760849056604,0.26159887766554396,0.266004375804376,0.26462318840579696,0.265212184326998,0.708091228070175,0.465530125899281,0.532984416980118,0.5757505656260954,0.8204227522255533,0.9460538758098005,1.356215962847982,0.867884598150027,288.2331027649343,81.79579599527642,88.76490319380537,208.37800111621618,326.91200030967593,8.711499685887247
132,0.40503349093774604,0.470302823315118,0.42878930366116297,0.42816544592847905,0.37153897707231,0.371265129682997,0.370628996517885,0.37144234139502297,0.260200959232614,0.26602739393939395,0.261352941176471,0.260614748449345,0.706176758409786,0.444138852953859,0.524497418244406,0.5710522281594035,1.2888365820345724,0.6777688599216536,0.7945864080473747,0.6814748462538486,299.0327018778771,84.59380187559873,94.63339956710115,207.62980275321752,281.5319021465257,8.27309995656833
133,0.15943684723576101,0.22955390702275,0.25207109557109597,1.0839593128390599,0.540647978436658,0.5387060052219319,0.07588032809871001,0.07565982961992139,0.333932440302854,0.332340688437776,0.061577026552813205,0.0615135793318863,0.741873786407767,0.568653018372703,0.673697495183044,0.5696174216611436,1.3986462189155553,1.1386194734504969,1.2272274221372659,0.17175390768358714,378.715802798979,64.53590031014755,135.5682994471863,297.7467011078261,349.5306009426713,4.361399624031037
134,0.179429175118323,0.257315462148831,0.24832775351770997,0.863793132328308,0.472443526170799,0.47161460258779997,0.07423350000000001,0.0744597,0.333400507775309,0.333607780612245,0.061413862559241694,0.0611023282226008,0.579634787806336,0.530853049907579,0.6449069319640559,1.1272262030220628,1.4270772043016076,1.1413849665018203,1.2279212711521097,0.17193503283566391,360.62079889234155,44.90010178415105,135.35519974539056,357.9303971491754,423.84550179122016,4.435400478541851
135,0.101425538247842,0.16127482164090398,0.248211477822157,0.908756876663709,0.414614049253129,0.416886822958771,0.07384639999999999,0.0744226069246436,0.332558362369338,0.331505170316302,0.060759527341551996,0.061469099378882,0.49754567659990195,0.5487610451306411,0.6710774559193949,0.5726625919557151,1.1882133541191946,1.1441748924163566,1.2214249426654122,0.17128269466137863,349.7751968097873,42.91569930501282,166.9474018854089,252.37719964934516,401.0097007267177,6.393100193236023
136,0.394182439357704,0.5426718749999999,0.43015481171548103,0.426672788605697,0.391398110661269,0.39284457593688404,0.39492168237853503,0.38989096989966604,0.28944438202247197,0.287071100917431,0.28692105953317604,0.28882422088573,0.7017393048128341,0.43913307325531,0.530948069852941,0.5768215995772481,1.2260311900334848,0.6734028482705386,0.9465822490799407,0.6786340195924554,281.4509003655985,85.6957005453296,91.35529689956456,216.96239709854126,284.0470988303423,8.220699965022504
137,0.161315037251026,0.229567152724482,0.30550160342063104,0.775040245566166,0.347435792349727,0.34838936242754903,0.0740076739303555,0.0741566963962004,0.396763979946009,0.39701284046692603,0.0609102548832777,0.061524027830214094,0.862671063478978,0.549327153762268,0.67505606900801,0.8226471375588184,1.177020843151783,1.3414589407930517,0.9324694119814027,0.17284425351363386,352.8503992129117,61.90710118971764,137.6258020172827,255.42400398990137,311.72910530585796,4.773100954480469
138,0.433330823923045,0.49061314553990604,0.430025326797386,0.433471613949716,0.355064691862445,0.35287234770705,0.351119011290815,0.355249256198347,0.265286515484028,0.26325225903614496,0.264501506373117,0.264924352331606,0.701186399514268,0.445552852348993,0.518694779116466,0.5748751974365304,1.4769646425717229,0.6841588046809325,0.9953956966428841,0.6805978002947743,290.11469741817564,84.48610024061054,90.20799625432119,209.30919999955222,280.77939932700247,9.586098894942552
139,0.0893046368905557,0.14532484162286,0.24894506678156,0.5049278350515459,0.281209940460782,0.280201077638991,0.0739468376314652,0.07407889312261849,0.248410144927536,0.246972101972102,0.06172376600605709,0.0613604197901049,0.560298647242456,0.366219459123407,0.452360636645963,0.5532917518749165,1.1448854924062188,1.127389717800976,1.2332512973840721,0.17153955056294778,241.04039766825736,46.330897021107376,101.73079936066642,211.42469922779128,398.46220170147717,4.439501208253205
140,0.09076534582704679,0.146107676587048,0.247748111859563,0.401698625308424,0.401383940620783,0.39593718495540897,0.0736995152442914,0.0740668391548081,0.31370602876106196,0.315740458015267,0.0611335840502808,0.061074958593791695,0.556915778251599,0.445403927608779,0.590295131845842,0.31515436546534037,1.3384531213032498,1.3399729683284618,1.2222901600432905,0.17233750048094465,332.7170023112558,44.358999002724886,133.69439984671772,315.7135986839421,426.85940134106204,4.474399611353874
141,0.425987825356843,0.485173019271949,0.42489312977099203,0.42432945736434097,0.370929955797348,0.37150286806883404,0.37120858505564397,0.36621490803485,0.26143488253319697,0.262886280264123,0.261227241770715,0.263207044025157,0.792770176787087,0.45291693163751995,0.5359923312883439,0.5769832561667171,0.8186373011849172,0.6704082997716774,0.7900926596058571,0.6773483467160215,288.4994988562539,91.3955009309575,99.66440411517397,216.63059596903622,340.23990301648155,9.088798833545297
142,0.391814266929652,0.46563379705401,0.428370231862378,0.428124949290061,0.357165507649513,0.353278600269179,0.353212046495245,0.354007711289328,0.263580446497306,0.26449049820236303,0.266788154269972,0.267464936247723,0.7117690288713909,0.451175929474895,0.517083706356312,0.5748419049487242,0.8170153775845539,0.6780915315806876,2.0149045548847715,0.6894591049197493,290.7799993408844,83.37389735970646,90.69450170500204,208.88189901597798,332.30370027013123,11.913399794138968
143,0.09231684835593369,0.145601758615799,0.239485467211146,0.398359474522293,0.26010282971197596,0.258689399377842,0.0744910535495123,0.07442774315118131,0.178385925282363,0.179096749105615,0.061220693949170804,0.0616915912578716,0.48489821999087196,0.285125280758672,0.335925121555916,0.5597297932765753,0.966861122728556,0.7197008622467361,0.6843640212929496,0.1737571448376227,202.54870178177953,44.550599704962224,86.08579955762252,208.60880031250417,329.75860231090337,4.4554006308317184
144,0.38650739476678003,0.45726900844819895,0.43202023673157697,0.433206143597335,0.354671005532053,0.355056948313216,0.35334131922837597,0.35514489465154,0.262905030355594,0.263160576684067,0.26584930274404,0.26772852058973096,0.6880200000000001,0.49800606060606095,0.586640506329114,0.5663991173439781,0.8112807951212807,0.6846450850918343,0.9907564094172953,0.66523988411101,300.0587006681599,94.69199721934274,101.92710033152252,207.95649907086045,271.660799626261,9.422299626749009
145,0.398801249511909,0.462492099322799,0.429129922858303,0.42892221297836897,0.35431235809276695,0.353130329289428,0.34799479485609297,0.35310267229254605,0.26428281853281904,0.262686936936937,0.264661173048958,0.263703040706229,0.803823248407643,0.453517316017316,0.512425438596491,1.4725398937691343,0.9889755562252729,0.6759786999169275,0.9469597001076346,0.6779645475315095,364.8275014711544,106.85039887903258,113.08189568808302,259.99350036727265,402.18509966507554,8.755800081416965
146,0.106168055555556,0.157778262767351,0.247906083244397,0.304980797636632,0.199342735703246,0.199685983066792,0.0741918445878848,0.07403582254064481,0.115674110103913,0.11558040935672499,0.0608642155486949,0.0608459842875714,0.564818741126361,0.189538503450781,0.232296320921986,0.5753420454318151,0.9573717168545316,0.46795615821914627,0.5075463222225542,0.17368824824716392,213.38039659895003,40.49980343552306,101.37350182048976,207.08379888674244,265.06829890422523,4.318400169722736
147,0.09967137419871801,0.156554288015032,0.249183850931677,0.40554806964420903,0.397171449869549,0.400495732331854,0.07604310903202591,0.0751636703581188,0.31383728416739803,0.313015557939914,0.0609438821345152,0.061204170656452804,0.495225736568457,0.444182739059968,0.58002436440678,0.4295556351175087,1.3412935226552907,1.1302904106873428,0.8612968092334128,0.17338617618578947,319.73829900380224,40.55330064147711,131.15780020598322,251.41939840978011,424.13549963384867,4.488400008995086
148,0.424735115864528,0.49081659574468095,0.5569071310116089,0.5558034535297101,0.35623679060665403,0.346201032702238,0.355341446691807,0.353632962962963,0.260224168912848,0.261505562422744,0.265851197395954,0.263247531572905,0.713966,0.46006643806258,0.523942058975685,0.5614387525413608,0.9892632205862437,0.6735818566919985,0.7920725965383822,0.6686873465261577,300.2452998771332,88.46980053931475,98.49530179053545,205.47120075207204,282.8015974955633,9.007299377117306
149,0.378231739707835,0.45682870370370404,0.42142318721835303,0.41864526542324204,0.38632556471853696,0.386656273478588,0.384976923076923,0.386007454342154,0.261860639360639,0.261361216730038,0.262475512243878,0.261567125846369,0.67764,0.457412162162162,0.5197421027817071,0.5685122645301702,1.0486725805742945,0.6766881828942978,0.9901083250252485,0.6916084031515871,308.4430019953288,82.05589838325977,102.02349803876132,212.76810148265213,278.3642994472757,8.10149940662086
150,0.433375211505922,0.521973125270915,0.427328214285714,0.42648850574712605,0.351994259818731,0.350965065502183,0.35437915194346303,0.351824707846411,0.265450136612022,0.26484200913242,0.265220500903692,0.266009819121447,0.696036835748792,0.455133584589615,0.530846391752577,0.7028386627884762,0.9820050880504932,0.6697441961115604,1.406834283486254,0.6715014731221505,286.64839919656515,87.77430339250714,92.34910394297913,213.22760148905218,325.253298797179,9.464799950364977
151,0.5353663873370581,0.693266666666667,0.608487335359676,1.0117408105560801,0.373372838616715,0.36416408386508703,0.369357577699455,0.371847749760613,0.260091740651063,0.258786585365854,0.261665469241132,0.260189619849761,1.12439546858908,0.429060363636364,0.504000962000962,0.5615582592932232,1.2359597396584117,0.9580282622446072,0.9348173391826609,0.8723668801957173,298.17890317644924,105.55459884926677,111.27470497740433,264.26370022818446,323.3733994420618,9.792900527827442
152,0.160267578125,0.23070625,0.25005430070727797,0.771111,0.370176310415248,0.369771037868163,0.0760689,0.075906,0.333306095979248,0.33424448955916497,0.06140940787141,0.0614940017905103,0.917955373406193,0.53952523659306,0.669076973255055,0.9015115412583858,1.187640048892722,1.1455971798414613,1.0629703366130159,0.1681556134914606,407.0328999659978,42.80489811208099,133.8128000497818,256.23650290071964,406.5425993758254,4.433900176081806
153,0.106095556837853,0.145467498982223,0.24736025145067697,0.5096093888396811,0.28158973729437803,0.280508124838793,0.0749578279659835,0.0747156459923042,0.24848435139218603,0.247602403846154,0.0612982140716769,0.06161985990054009,0.7298731604765241,0.36591921800073796,0.463624272279445,0.8198010000423731,0.9680357755342275,0.9284615247118383,0.683783568511332,0.17294837766309787,303.5015019122511,42.18550311634317,106.5570002538152,208.9935980620794,387.70249957451597,4.530900332611054
154,0.388440255806126,0.456375720322705,0.429393617021277,0.429899620413328,0.37243391927083297,0.371617172369271,0.37256269538034,0.372349542961609,0.264252728595683,0.264328358208955,0.265399247716282,0.265228200371057,0.699708843537415,0.439744979158772,0.5188480107286539,0.5717905643775383,0.8228112878200753,0.6754346664926056,1.1781699784109376,0.6735029718287219,282.67370216781273,83.05890078190714,94.22250150237232,204.1279018158093,325.7873991969973,10.450200352352113
155,0.401966819625838,0.458445752733389,0.431665292353823,0.43070671227020096,0.356050858652576,0.355253670194606,0.353102749140893,0.352381144781145,0.26460900415953,0.264728687916976,0.26471909534824,0.265591906721536,0.696767615176152,0.46633346661335495,0.518558448187851,0.5709745786001148,0.8218437849246822,0.6761274282073315,0.7882922680785688,0.672869799827125,296.29920318257064,85.91020159656182,90.65000049304217,205.0560971838422,290.0737978052348,9.055600094143301
156,0.42437296898079796,0.543649720149254,0.523265777321703,1.17366497975709,0.345080040187542,0.344557648401826,0.34539564068692197,0.34537435742364697,0.34989489671932,0.351348438036389,0.349295918367347,0.351785644371941,0.732289,0.544713715710723,0.6592828571428571,0.7172493038913869,1.2231787288810692,1.1635577074485097,1.1560593961775623,1.0415557454871862,407.2619994985871,105.74620100669563,110.99350231233984,322.3462015739642,380.3724001045339,7.834599819034338
157,0.393565517241379,0.47351652386780896,0.43209376308078695,0.431919327731092,0.38161571373006603,0.384481285444234,0.391228011948224,0.389942713567839,0.264044454524836,0.26610316556593,0.266171753750647,0.268307672301691,0.7083947368421051,0.44949309119621,0.5342086330935251,0.7125639639862738,1.0558135689428045,0.9413406393265733,1.0010569253626533,0.8736550265054354,294.5945001556538,85.41540300939232,93.28050073236227,208.89190200250596,397.9256041930057,8.884498674888164
158,0.391123383819727,0.5268592889334001,0.43002925989673,0.432152613506295,0.451513919575784,0.452041068580542,0.452238576449912,0.450187664041995,0.265918708495535,0.266296939834025,0.266778490379872,0.267794959908362,0.701017490952955,0.450990174184904,0.534518894009217,0.5748512938930784,1.2265810915923476,0.6742893730926823,0.7946753825536285,0.6740899248584051,288.65460044471547,83.5523009300232,89.07839801395312,198.35180137306452,410.50220315810293,10.695800301618874
159,0.161186382393398,0.229495884315907,0.244881280474878,0.719556,0.262145310734463,0.2640035265594,0.075986502521507,0.07593722288690269,0.177453521126761,0.17626672777268598,0.0610068089705485,0.061146934683971706,0.49922760646108705,0.266883672525439,0.32869757489301,0.432399172607657,0.9573847010031004,0.7268212432000656,0.6873456679253667,0.17193569626166733,182.75800248375162,42.83489688532427,82.06739730667323,251.3612009352073,322.65789923258126,4.510200233198702
160,0.100795840850821,0.14655106990014302,0.25561065482796896,0.446937916666667,0.280137157107232,0.28019026670332703,0.075032303768773,0.074495566379418,0.176884382566586,0.176982822881219,0.061032948045757894,0.0610200413460434,0.579659440958357,0.266383446712018,0.329482825040128,0.5573020000696045,0.953857278469043,0.720021611870522,0.6837566006697059,0.17312146166850093,163.25430042343214,45.296899043023586,104.55020528752357,262.37160054733977,325.91930066701025,4.317799175623804
161,0.100177302179462,0.145051874823795,0.248765715611227,0.453010662604722,0.32951769495772,0.33138398744113,0.0742566,0.0738754872239064,0.24822517516308304,0.24639944373127898,0.06117132643261129,0.06094173527549081,0.5598564476885649,0.358211184004998,0.464440860215054,0.5637582405510483,0.9523928924914773,1.1380186693456107,0.683728151751808,0.17236824570749898,225.3541984828189,24.32979963487014,87.86730031715706,194.64079960016534,268.69369903579354,4.53649990959093
162,0.397437828371278,0.456848111332008,0.7448781725888319,0.924649443561208,0.393177822853279,0.395211405739194,0.39481727447216897,0.395040261527873,0.265775689223058,0.266816151202749,0.26639397905759205,0.26657220216606503,0.732368169398907,0.44386320575975696,0.522067531305903,0.5736440554016901,0.8208596953842259,1.170849814894401,1.3560740140074248,1.0383781334422728,305.523702991195,86.43710025353357,94.26299802726135,279.808601771947,330.201601900626,8.166600309778005
163,0.242504206854094,0.378538946587537,0.24674563292653698,0.499474285714286,0.28279874213836503,0.280405086523335,0.0757488662504108,0.07580672516776049,0.314447504772293,0.313577388963661,0.0611069515533865,0.0612418919729033,0.766650466045273,0.423700265251989,0.5636510263929619,0.729136751232643,0.9712763391851067,1.1514276739980902,0.6848968251720269,0.1735561401778919,237.79670154908672,103.29149954486638,104.2621981468983,248.0882001691498,328.23919900693,5.620300362352282
164,0.08770421331510131,0.144913302529183,0.250359442060086,0.8584758723088339,0.45471685971686,0.456373779637378,0.07526945358788681,0.0756541297935103,0.33644455412964797,0.334190075449797,0.061341665672354106,0.060699296369265396,0.7412839999999999,0.53637417218543,0.685928,0.5530967997286024,1.4031887328807633,1.3548398339406422,1.7955601186826065,0.17229681987264078,404.2754022520967,58.587497915141284,158.11420162208378,303.8516020751558,530.6186008965597,5.834699550177902
165,0.234406215068187,0.340515052356021,0.24981886336154802,0.8929937499999999,0.437581447963801,0.43845300261096604,0.07466332809636031,0.0748242903793017,0.330017971758665,0.330420863309352,0.0612772429931394,0.061167689491817404,0.63765897755611,0.64025842076201,0.759866025166543,0.7139360247387658,1.1945309371568285,1.3458318550395074,0.8649340180108915,0.17362356977123447,370.4816976096481,44.46189996087924,115.98699784372002,257.5436999904923,339.121998695191,4.925699613522738
166,0.6720704960835511,0.823765546819156,0.306679199514857,0.8599697224558449,0.43405140186915897,0.432526433358153,0.42545807396558,0.421770408163265,0.33257883369330404,0.330928614640048,0.325020469596629,0.324291678341272,1.43145543175487,0.491370841889117,0.6226161725067391,0.7149114460486805,1.3899863956960823,1.1518795828513027,1.7761201348030868,1.0105638744277592,314.8034986224957,126.46189570659773,167.0794008532539,311.2649021204561,370.15000416431576,5.270401015877724
167,0.387054514480409,0.46333276010318103,0.428134661354582,0.435708453757225,0.372646368305209,0.37302953890489904,0.371393001841621,0.371169920462762,0.264711816907987,0.265197521301317,0.266482105809129,0.267198372093023,0.713906890130354,0.44165641813989204,0.542382476390346,0.5709365211598224,0.8147049811612084,0.6741778706062855,1.0008575688882766,0.6776568297042537,280.9867015457712,79.54270113259554,93.17469812231138,211.76499867578968,385.3544985759072,10.689899499993771
168,0.400567784765898,0.455328475777865,0.432260906395595,0.43571494932432403,0.37227691753691,0.371062520246194,0.367790714034471,0.370609509546986,0.265025276461295,0.264525799086758,0.265701158106747,0.266427953562486,0.6986480599046969,0.45068875192603997,0.519635474860335,0.5749333516132986,1.0611508341554667,0.678133673703458,0.9469770401785172,0.6778535090540218,291.61079874029383,89.65129673015326,93.18990050815046,219.1360981669277,275.2955013420433,8.613101090304554
169,0.615550882658359,0.718981481481482,0.49766852248393995,0.5436445270988309,0.392711246200608,0.391265695067265,0.391825639069058,0.394416635583737,0.265377593360996,0.26476513005408203,0.265870308050738,0.265433992640294,0.9708900804289539,0.45970406567631,0.5361,0.5707790258369386,1.441255574343179,0.9451869521067569,0.9795612837225883,0.8650387667850982,298.30449930159375,122.74029868422076,132.15170038165525,309.8054017755203,367.14900052174926,10.144899715669453
170,0.409991114701131,0.457203637801503,0.41895698140721804,0.419282739287145,0.347241506895392,0.347328664495114,0.346889627275354,0.346208319355921,0.26194930462090604,0.262989375830013,0.26117350611951,0.264898095473658,0.679025510204082,0.46523164097914804,0.519601765799256,0.5750441806101501,0.8231971052962449,0.6790206513332429,1.3843861527746377,0.6842596356493643,296.2044003652409,81.90930093405768,89.40399857237935,213.17269856808707,333.4907960379496,9.063399920705706
171,0.0794482358402971,0.14917464477859,0.248636209813875,0.505339366515837,0.332592688543466,0.331693278636794,0.0792959102902375,0.0792338787295476,0.246653757491932,0.247458178641625,0.061764608713607304,0.061576907891026,0.48177573221757297,0.37549074374797,0.476432041102289,0.5734439761813239,0.959431506127629,0.9292426511973599,0.8664913755810371,0.1722610125588498,278.8372017676011,42.90000069886446,134.5753000350669,201.97559642838314,388.7121027219109,4.767799691762775
172,0.151672459538339,0.230014288589253,0.245236064792758,0.630552182163188,0.36965692145121504,0.369674443646805,0.0748811239717551,0.0749206721375537,0.333728187919463,0.332358460045293,0.0608662666589742,0.0609233779281899,0.67036808386721,0.6092691441441439,0.746794950738916,0.581991024867647,1.154342493074566,1.3436767199897148,1.239260120286364,0.17208968084618217,352.3095016134903,42.85009781597182,133.95300338743255,322.87339854519814,337.30200229911134,4.645099397748709
173,0.173153718183331,0.229941997851772,0.249008665906499,0.68527,0.48281610738255,0.48668205966489597,0.0745552,0.0745189,0.402554820744866,0.402964820619993,0.061421642191017305,0.06203822517900431,0.780760324983074,0.6384360770577929,0.757420600858369,0.5744713323396016,2.2129254105972627,1.5534218979569718,1.592625092451422,0.17200789309545012,318.2802000083029,61.42359779914841,164.07789662480354,267.75400183396414,578.4504013718106,5.09550009155646
174,0.391783344617468,0.507963334788302,0.432517689530686,0.43224329731892797,0.38068271010736804,0.380046958377802,0.379733911785972,0.380830244870946,0.272616347743917,0.27355883754168697,0.273436060178655,0.273894228558289,0.7047091152815009,0.470701661937576,0.5579754807692311,0.5731113224962343,1.0576750553593761,0.6749876039004545,0.7949157697365011,0.6807225706939511,308.09069867245853,83.25489907292649,91.18899761233479,204.0768988081254,265.55080112302676,9.791299817152321
175,0.178390573401381,0.230802477477477,0.251318999028183,0.54324795640327,0.436053101104503,0.432821159638554,0.0740416907097519,0.07410433299215291,0.486488824101069,0.48622723214285696,0.0616058113738434,0.0612319368911731,0.8525550000000001,0.717808302808303,0.844766691122524,0.8617998646605202,1.6276789070363822,1.5154387921859387,1.0507483910783504,0.17350498080679216,426.6989999450743,66.14269805140793,165.07990076206625,262.4668995849788,548.5646004672162,4.959299985785037
176,0.41600832428519696,0.485264761012184,0.524204634892873,0.8286957566052839,0.373438456189152,0.368054513274336,0.37004,0.369683139534884,0.264616413511675,0.265438553628146,0.26509922770886996,0.26511923252626796,0.9635228699551569,0.5218775811209441,0.6049774096385541,1.4774859721824332,0.9961732571967233,0.6761031512564556,2.357039886497574,0.6750274839425907,341.1426965612918,83.92840682063252,98.21589628700167,212.05779921729118,291.6808967711404,8.688900561537594
177,0.0763269320530773,0.144879096667585,0.23781288570723302,0.38894240485011805,0.265840734309104,0.26094339622641505,0.07680104642691571,0.0764044935320372,0.176203047216775,0.177749741621143,0.06100591173172971,0.0611479027391587,0.395444480946124,0.254284922394678,0.327148977877345,0.3150874555564426,0.9438544492673798,0.7244784334381307,0.6877373449701276,0.17161967712616716,196.39500242192298,41.16259951842949,83.09110125992447,248.71130008250472,274.678401183337,6.387999746948481
178,0.42664181591003697,0.557276507276507,0.429460431654676,0.43079338842975196,0.46026809901915,0.457707207207207,0.45793501048218,0.459802330793366,0.26082100981096,0.26250559066601803,0.26300414937759303,0.263593461104848,0.7212754716981129,0.47797688564476903,0.513579042457091,0.5746383806755458,0.9936626517623384,0.6834723647999819,0.78848454717614,0.6780310129148259,281.48479759693146,85.83959861425683,93.98330003023148,207.62939675478265,277.1842002402991,9.940400195773691
179,0.156379779213786,0.22991890109890098,0.252468955785513,1.44411228533686,0.45323348017621096,0.45257295645530904,0.07582152347209921,0.07594553873291189,0.5026258064516129,0.501425425841296,0.06093499745863219,0.061111117284293595,0.584302009777295,0.7395287691187179,1.08288946280992,0.5735886606119426,1.1985526737065566,2.2484689146353176,1.2306517595066764,0.17202070532658192,480.5803007911891,42.27759927744046,176.51720118010417,265.5501986737363,318.12459928914905,4.97579894727096
180,0.403409940209268,0.470615700780929,0.42850653594771204,0.42691959798995,0.393196871812309,0.391999656829101,0.39357098552722297,0.396038547904192,0.263087630113774,0.263931768319438,0.26510687022900803,0.264143748555581,0.695943,0.456961358313817,0.524580844490216,0.5755443033956043,0.8186539375264422,0.6719375699678883,1.1553467711217014,0.6729132730077679,296.52460070792586,81.27990149660036,92.18920167768374,206.60959708038718,256.85659784357995,10.393900447525084
181,0.388985714285714,0.45608006099885595,0.429240306774606,0.42813408995376195,0.353739319092123,0.352464966195452,0.353584123222749,0.356635980551054,0.265001271294177,0.265749688667497,0.266582966905809,0.264822342519685,0.698064136125654,0.469574030087094,0.5384456730769229,0.5725953668706045,1.0503602071277434,0.6721905477114082,0.7914202988579893,0.6765887567040877,311.21870124479756,88.41089729685336,100.43189686257392,212.2990001225844,287.40440029650927,12.234499445185065
182,0.410220900900901,0.483267026578073,0.43007241523650097,0.428123775949863,0.373032335741314,0.379072595281307,0.372233605104573,0.369394141992996,0.26490002287806,0.265713047664901,0.265781732205077,0.26502762923351203,0.716952031978681,0.453703689320388,0.527033836543467,0.5730763808797685,0.8233661622135074,0.6796155430172113,1.357883758229097,0.6750022458984122,297.3080991068855,85.26099991286173,94.69369833823293,215.15440166695043,262.07779737887904,8.866700227372348
183,0.16199206978588399,0.229624972178945,0.249286613512379,0.819329004329004,0.372271992539633,0.370399552739471,0.0762985614111183,0.0764885130823229,0.33494987699877,0.334804389312977,0.0622560232385943,0.061800234829481805,0.731498930862438,0.581875647668394,0.709218006430868,1.0323530338666422,1.434881176324211,1.343266056282556,1.3971700406105445,0.17184999446758675,335.77119902474806,40.16279854113236,113.44969825586304,301.80880276020616,387.4360001645982,4.663299478124827
184,0.397787568555759,0.455814014984575,0.430465646004481,0.43385913897281003,0.375643822075783,0.3737240365774,0.376398683247988,0.374042872454448,0.263598502573701,0.265201674077949,0.262599869451697,0.263148423423423,0.699085349462366,0.462805394190871,0.51612540341171,0.578866629892937,1.0583982095267104,0.6785901473348365,0.9971972099286942,0.6788560468384166,276.7272977507673,96.69220162322745,102.53840155201033,223.45459728967398,286.9714007829316,8.838500070851296
185,0.150021455837831,0.231088249174139,0.247748165731549,0.800198282591725,0.571408266129032,0.573939275766017,0.0736490066225165,0.0744728959672706,0.41696203037569896,0.416697012802276,0.0609117333649065,0.060835195822454294,0.953992888888889,0.658904117315285,0.805525781910397,1.0605248837050496,1.436545429744022,1.5631541790792534,1.2427973137679842,0.17185972304452263,433.98690031608567,43.844700849149376,207.7569006360136,327.14410044718534,292.9231006419286,4.7075009206309915
186,0.0983602185998304,0.148321483180428,0.247366376265599,0.509949956101844,0.28150329509397104,0.278066279632317,0.07422427035330259,0.0738238799540494,0.245421547669944,0.246286520659291,0.061007576953433305,0.060898351074932196,0.7521254040077571,0.363885983581636,0.44594206951658,0.5732389842713331,1.148559140292326,0.9298403169883571,1.0524552390911162,0.17335838663011927,237.5622992985882,45.55299674393609,103.64570043748245,244.60260174237192,315.3666984871961,4.706800973508507
187,0.16625190098689502,0.231486351862921,0.30447838616714695,0.941727992957747,0.36763680781759,0.36685933104095003,0.0741131752991008,0.0739510636851764,0.332861453601557,0.32654689010634896,0.0608269139041259,0.0612330723958631,0.810117507886435,0.498254725085911,0.612006462035541,0.9268649090126844,1.19913446407016,1.1479806214581034,0.8668675816002385,0.17121521106121712,333.47300050081685,44.36460149008781,186.14879954839125,379.56640153424814,436.6284018033184,4.787699435837567
188,0.158138144040432,0.229615354174911,0.24605411815437703,0.810268918918919,0.5005396444017299,0.506195595854922,0.0757619874913134,0.0756760111576011,0.425376757650951,0.412225935343262,0.060486798196826896,0.06026188499065809,0.476935280189424,0.554100543478261,0.68141,0.5729523838165353,1.2011779488759429,1.3389631484197497,1.049025133489987,0.17095464503968666,396.50110265938565,43.3025968959555,164.79729965794832,320.5405024345964,379.2838004301302,6.334600038826466
189,0.0962175816773324,0.147606768493561,0.248869979103785,0.49043368320610703,0.200090163934426,0.200994245639274,0.07554957394808111,0.07560434007134359,0.11463189785760701,0.113660248041775,0.061104529438799,0.0611996373139901,0.579437025796662,0.184757516973812,0.228750951847704,0.5561534263048253,0.7562042118213593,0.4691561893394961,0.5100123114771317,0.17231759680917733,109.76300109177828,22.40459871245548,97.39240049384534,160.24119686335325,216.9039027648978,4.5518012484535575
190,0.397341226708075,0.456031209362809,0.429721205597417,0.42350469851213796,0.371912193251534,0.37004854368932,0.37164585615188,0.372275124069479,0.263677261613692,0.263847781099103,0.265891944990177,0.26405091783216805,0.699969304229195,0.450688899253731,0.511375,0.5760883388089465,1.06441142015193,0.6743660310412681,1.9641332213596936,0.6797256730096264,288.148301478941,83.75070028705522,94.69880460528657,208.4275969536975,341.72140003647655,9.361699630971998
191,0.888322445561139,1.0468408624230001,0.497649908592322,1.0969245667686,0.647037153652393,0.648792284866469,0.0768995923297599,0.0774376971079648,0.593377875136911,0.594659340659341,0.0613695830766071,0.061321470937129294,1.6250364864864901,1.07521948912015,1.16788341708543,0.578386224860768,2.081578171106057,1.7841914725381873,1.4510067631335652,0.17436369111137529,509.71390155609697,80.84150467766449,133.01139988470823,362.0750969275832,454.1065005469136,5.064699507784098
192,0.342854838709677,0.507307692307692,0.30000832249674897,0.8609361544172229,0.370935124508519,0.372599782293178,0.076176366190934,0.0765303424199658,0.334814546508258,0.335326377567656,0.061832954244908804,0.0616025604389324,1.06831976047904,0.5572809105018109,0.6866438848920859,1.468141499310027,1.192511941299075,1.5778544853182201,0.8605992865368837,0.17150790300660368,300.3542995429598,42.930997733492404,136.11089816549793,261.45709853153676,319.76019963622093,4.676199750974774
193,0.0888536036036036,0.145341121495327,0.23867569949328,0.49414430014430005,0.278766874491732,0.279195469585136,0.0754906336293753,0.07562110259218689,0.247935327011913,0.24592014480408902,0.0610629604112566,0.061043790740431196,0.5155810473815461,0.35524752168525403,0.44535435056746503,1.0229604878403797,1.1567838957010608,1.126112709593102,0.6820519602026965,0.1721580576724091,243.9357020193711,22.573606111109257,106.31249897414818,258.8130009826273,379.20610193395987,4.673600778914988
194,0.0975449052458116,0.147264588100686,0.245627422828428,0.405614624505929,0.259161826756019,0.26117166630173,0.0755771336789078,0.0747124282705019,0.17883188405797099,0.17825274564357899,0.0617551696065129,0.06146552597512239,0.559996276595745,0.290916215445996,0.32673246387028604,0.7965420175083627,0.9459508203385684,0.7199956666816388,0.6835702629722961,0.17079343922021714,191.58980285283178,48.12260303879157,86.21560264145955,264.29299905430526,346.9715025858022,4.567600262816995
195,0.40680098079280796,0.46868738049713204,0.429810548523207,0.429138549892319,0.353119841027209,0.351900758725341,0.353496762257169,0.354913128674069,0.263867132867133,0.265036430712474,0.26603423967774403,0.264681279919375,0.696986292428199,0.477803200692041,0.538230131643101,0.5759345017292268,0.8203956231299561,0.6775636142453949,1.2102730619616857,0.6865248756757111,279.89819791400805,86.05429902672768,96.12750000087544,218.06490258313715,276.42030181596056,8.381600491702557
196,0.0706364483658506,0.146110987637172,0.248423868312757,0.5013627863487611,0.29150870901639303,0.292933011925907,0.0751904427266339,0.075154035496826,0.24613679544015202,0.24562038026062802,0.0613292648630407,0.0611277409949584,0.41277676056338003,0.359937478169752,0.452932838734869,0.4355616087985425,1.1572989038152104,1.1294475519184632,0.6845667698173973,0.17385863639306726,224.73360295407474,23.49720016354695,105.82859977148473,256.9223986938596,394.81890125898644,4.678199184127152
197,0.105252610157494,0.146733096521313,0.251533537302895,0.505385956416465,0.416693449149475,0.416506358381503,0.0740575233981281,0.0738564973210251,0.333167630057803,0.335418229016441,0.0603706256312756,0.0609377580350144,0.632420096205238,0.5516351351351351,0.667895057962172,0.5759354660906244,1.2047644237142774,1.3667131049546963,1.0455974351039394,0.1719165500487648,360.06050067953765,67.1361034619622,160.91490106191486,323.5526994103566,393.1121013010852,4.888800322078168
198,0.400796173913043,0.460253299276288,0.430293233082707,0.4332617671346,0.374599869451697,0.37153116883116905,0.37402052033712,0.373640334910812,0.270077824660103,0.270886401790711,0.27172190201729096,0.272353751187085,0.716325208913649,0.444267267267267,0.5343352390852389,0.579785060068151,1.065790649012755,0.6798276670247756,0.7977089572109187,0.6793450742603305,291.4495984441601,86.64979977766052,92.10080024786294,219.51780072413385,266.34630194166675,9.5264011179097
199,0.15702274831371502,0.231172574824878,0.249063164749295,0.405266480641786,0.329517839922854,0.33008087180957796,0.0747767144037455,0.0749897892394292,0.24606141154903802,0.246704094827586,0.0615867603322736,0.0613011738056013,0.587601607347876,0.38730575956706603,0.494586237712243,0.5759983941828217,1.157125951396762,0.9319915631564222,0.8651594834394906,0.17226832775425843,281.87349962536246,42.981501610483974,138.12649995088577,366.2237009848468,379.53099817968905,4.772399552166462
200,0.5113330120481929,0.919908082408875,0.818204724409449,0.817494820717131,0.4834504391468,0.48247931466778105,0.48210715780661406,0.484175462336491,0.362149734291966,0.36105605536332197,0.363514467184192,0.36267184740374403,0.947954692556634,0.5757981807845369,0.658061191626409,0.6754304103869548,1.5523784947984791,0.8762271460715527,1.2668542751286869,0.8958041258434557,303.8260998437181,89.5329998456873,97.90909680305049,222.08130249055102,276.9206985249184,12.63919984921813
201,0.48339435294117594,0.735689326556544,0.576087525150905,0.579617816091954,0.48599102407180705,0.48571802325581404,0.48654898648648603,0.48324807145757204,0.353676124567474,0.353460612315101,0.3543698545342,0.35381711461229504,0.904502581755594,0.5899223300970869,0.674047619047619,0.6819467754090878,1.3364723203225273,0.8829640047295285,1.010841751678105,0.8949162819087902,295.20980024244636,93.80350093124434,107.1691993274726,219.62169848848134,283.541799581144,12.1288001537323
202,0.482175199624237,0.731141234918382,0.669358778625954,0.6662841530054651,0.49094852941176503,0.48249608475357,0.484095325389551,0.48564667896679004,0.35458066712048997,0.356690365448505,0.356598415213946,0.354267199017199,0.9337517182130579,0.555116694584031,0.663478445658774,0.6839008832128782,1.334319361554476,0.8749456401916089,1.0091961963177285,0.909092826013105,303.25409898068756,91.63449867628515,98.77269912976772,221.33089951239526,275.290098215919,10.949300485663116
203,0.120772753096239,0.29839355670103096,0.444249428789033,0.652123787792356,0.350162431650048,0.34665985576923103,0.09776957950810379,0.0983635202996,0.243399583526145,0.252637467476149,0.08384044487968659,0.0836121245051619,0.838666926070039,0.303126602144912,0.453713972842751,0.9117855546593597,1.231378541489702,0.9278691250713719,0.8830005977182611,0.22296948564259644,192.47289892518893,46.46890010917559,94.5192005019635,217.27209823438898,292.32849774416536,5.550500645767897
204,0.0992898612051456,0.27888883157080196,0.443605351170569,0.87967012987013,0.385527112676056,0.38528086419753105,0.0985978141150555,0.0977025641025641,0.263801246537396,0.26219591103122897,0.08396830000000001,0.0844155139893115,0.975085687382298,0.30948178613396,0.44244204545454496,0.7546558967736667,1.2262585297777207,0.9369369438364282,0.8846992095702455,0.22142389336733562,202.2410000790842,44.18429743964225,109.02340000029653,269.9707023566589,329.7210016171448,4.893499135505408
205,0.462557722929936,0.7319357541899439,0.665028145695364,0.667645301804605,0.48483109919571,0.48421615419917396,0.48002557755775604,0.48183356774495995,0.36342818336163,0.357611640907596,0.35170378214826,0.354371513353116,0.907991561181435,0.56606510681587,0.654975673898751,0.6794775763403732,1.2674074742205965,0.8706980236944313,1.2847728373854383,0.8880179582452515,304.50599879259244,88.00029900157824,93.33440248155966,221.53290483402088,349.8830017633736,10.684698645491153
206,0.467050474547023,0.7325305993690849,0.669769767441861,0.665009392265193,0.48481495726495705,0.48150116550116595,0.48043550394027407,0.482168401135289,0.35504006514658,0.353425567989149,0.352636486031639,0.351271497294047,0.9343389830508471,0.52990330079033,0.648787246376812,0.6759974471834821,2.0875681930540653,0.8753982630822569,1.2656517455073386,0.8998170212803063,297.1764944959432,85.49760095775127,93.24139828095213,214.4907004549168,267.0969013706781,10.252300126012415
207,0.48300375782881005,0.7376957078795641,0.6650690310322991,0.670602579132474,0.461971314741036,0.459372063220846,0.461587944219523,0.461617078651685,0.35163608279270897,0.351817834020012,0.35266113821138195,0.353298256939961,0.917415267175573,0.53993206064009,0.672669965075669,0.6781821375961882,1.555626886773809,0.8713356449501668,1.2190852240875278,0.8973279586933495,287.7744031138718,91.86240495182574,95.17980215605348,209.33910127496347,269.48080339934677,13.436200970318168
208,0.491974671669794,0.893454231433506,0.6619143920595529,0.673953584018801,0.47462952419682797,0.469703038674033,0.469646234676007,0.470401054339011,0.352535234899329,0.35475557033588295,0.356372668908591,0.354707872928177,0.943480599647266,0.5770910534674429,0.6587871702637891,0.6782075105922136,1.5578879295241495,0.8767510739572834,1.2671477145677774,0.8915054084742156,293.83070213953033,92.000697623007,92.39669889211655,209.06210265820846,271.84620121261105,12.607900134753436
209,0.17946593734460498,0.44619969395562403,0.44611092646447903,0.527158714703019,0.263065763546798,0.26230002516989703,0.09600871875778459,0.0967462235649547,0.159987309998605,0.159876385203683,0.0835402030963876,0.0829466494104113,1.01117973568282,0.197207635632954,0.325241264559068,0.9379344856115277,0.972474484642964,0.6159856453550296,0.6623835601258437,0.22258007814087305,115.06790033308789,67.5625997246243,88.06990081211552,204.14800237631425,443.9259006176144,5.1373004680499434
210,0.517002732240437,0.9406114982578401,0.44718737976144696,0.815471247199403,0.567248677248677,0.567480525803311,0.0991346876066917,0.0996735169315251,0.532400913242009,0.5289630888780961,0.0840997208436725,0.0844042569964525,1.6077954198473299,0.708955,0.994721,1.1598163171387597,2.0892656874517437,1.720224045612292,1.5569767327317197,0.22309738368434237,324.3093015043996,82.30469829868525,169.75189791992307,362.50449920771644,477.1397012518719,6.785399455111474
211,0.46712730249693,0.758307491856677,0.669195680628272,0.674062219371392,0.488825298329356,0.485047080979284,0.48510152284263997,0.48428881547900005,0.353630017452007,0.35432373351838997,0.35256917850525,0.353745335176227,0.910629044988161,0.552403053435115,0.621560770156438,0.688515514078395,1.0297142878683516,0.8733257757521605,1.0132006617703135,0.8881650756394966,291.7760022683069,88.78629887476563,96.19020129321143,212.73600141284987,298.73639723518863,14.521999401040375
212,0.0804484139447236,0.287616883116883,0.443796498905908,1.20339671120247,0.566378143133462,0.567159169550173,0.0986258138307232,0.0970559953092935,0.6204377659574469,0.623888235294118,0.0829257025045816,0.0832983338572776,0.725297486033519,0.7945320959010049,1.1098963110668,1.4403746323068531,2.555785078620388,2.2322371776193597,1.3504403267729255,0.2204520522696447,390.2062017004937,65.14079868793488,196.4676979696378,364.7903024102561,581.4570016809739,6.863099406473339
213,0.47684737538597294,0.885989637305699,0.646100958826847,0.646002547770701,0.47933797585886695,0.476180410213478,0.47373642172524,0.47674479379338497,0.348779327837666,0.34931081530782004,0.347544421487603,0.35589164627752495,0.877,0.553236104028557,0.63583925346177,0.6791706131769746,1.3209241008205497,0.8692846320619515,1.265676077927834,0.8976577138773151,279.63389875367284,88.29830039758235,95.073101692833,219.57619755994529,348.39569707401097,18.046899640467018
214,0.455819539765846,0.731530169491525,0.671400383141762,0.6693499043977059,0.49571740118128105,0.49241997264021903,0.49262145557656006,0.502957268537914,0.351373542050338,0.352395565927655,0.355186375700383,0.353053679945982,0.935348181818182,0.5806619047619049,0.652224399494311,0.6786391674699218,1.3269931619113537,0.8664908341761944,1.224917448909344,0.8891328032630885,306.3456999370828,88.44139956636354,101.79380187764764,217.9623013944365,260.5884976219386,13.014499563723803
215,0.508250494071146,0.765677182685253,0.816925978647687,0.815993,0.484680081300813,0.48328440366972497,0.481734080717489,0.48667322999581103,0.354842913128674,0.356448371448371,0.35577120110765,0.358956962911127,1.19884291581109,0.526749658002736,0.6525506186726661,0.8435720466598514,1.6255213292795827,0.8743131307675674,1.2162394933420444,0.8970016188297382,295.0869995402172,106.4893018337898,116.81240139296278,213.13779870979488,376.9876027945429,11.6786002763547
216,0.513891476709613,0.739907830907831,0.669469863901491,0.6641209573091851,0.462460918614021,0.465838782924614,0.460171034482759,0.461548088531187,0.354196770334928,0.35093010752688203,0.353372768638432,0.353505115961801,0.90269527145359,0.5714838235294121,0.63365843373494,0.6810200602503241,1.0297556919474404,0.8767502307514232,1.000630107678304,0.8901651556857746,308.3939984207973,92.84719999413937,106.38620151439682,221.81150125106797,350.6977009237744,11.641999299172312
217,0.47137764489420403,0.7304012261580379,0.6638232686980611,0.665636363636364,0.466039772727273,0.467733783783784,0.465103241296519,0.463382553191489,0.356805924412666,0.353669499836548,0.35750334001336,0.354521317157712,0.916724741447892,0.580743743199129,0.6721573971078979,0.6783616135560497,1.031338286304355,0.8768035834803881,1.839785994958328,0.8910496064510475,292.6373985246755,86.12059755250812,100.30440025730059,211.79559989832342,269.0168985282071,13.174400373827666
218,0.448908586074327,0.734501225490196,0.5712259168704159,0.570792717086835,0.479244981564932,0.476292483660131,0.478338762214984,0.47365525982256,0.342844123856439,0.35421773365285897,0.351969180327869,0.344819476744186,0.898709,0.5336415841584159,0.628762466487936,0.6827519402045295,1.2569242183555842,0.873157128721289,1.257334043957938,0.8861737052069611,285.9466025256552,88.50130107020959,95.63230123603716,217.585101199802,277.7521018288098,9.88280080491677
219,0.47785045948203797,0.7388470437018,0.666896786155748,0.66525987654321,0.466125286828821,0.462707090275087,0.46526597190756697,0.463995015858632,0.355184162731566,0.352438271604938,0.354019958706125,0.352944300037133,0.918639043824701,0.579978723404255,0.656803526448363,0.6715601558317229,1.2543454671316598,0.868259910571231,1.21955025946659,0.8843862040918425,304.9923005164601,93.37999945273623,98.95520051941276,234.57990027964115,296.0779980639927,14.35690064681694
220,0.48241284815813107,0.8012880970432149,0.667075845974329,0.669826058631922,0.485153287788215,0.48030950378469295,0.480482254697286,0.48455164319248806,0.375605660984239,0.380817792421746,0.371730237504431,0.366768384663733,0.8956731927710839,0.5351361136571949,0.6712314385150809,0.6817860803171756,1.5460449227960098,1.2136018820171217,1.2195591110297903,1.1129255036955752,360.58649857295677,87.85889513092116,95.27210058877245,281.7099986714311,338.3907984243706,11.113101209048182
221,0.458364111498258,0.740947960618847,0.650656662665066,0.6494993523316059,0.476577281947262,0.474777133388567,0.475347114947751,0.48100584551148196,0.351906913073237,0.353254986702128,0.35011318518518497,0.350150949683439,0.890980605120248,0.606546605876393,0.6546939175931981,0.6803034228785076,1.0362189754683622,0.8768237526208633,1.0053228410454649,0.8958961574645619,304.49339683400467,89.47029855335131,102.10339678451419,218.19869871251285,364.5729011623189,12.22059945575893
222,0.466198158526821,0.721645,0.6587207718501701,0.668426,0.466518010291595,0.463454504504504,0.46342463317029803,0.462193637621024,0.351947674418605,0.352654954321855,0.357723489519112,0.353818265967294,0.902495,0.57464605647517,0.653146773272416,0.6806613772532836,1.3292986287004969,0.8723127865958361,1.0037688424168238,0.8917838053321299,309.30440116208047,94.45550094824284,93.83219730807468,212.56150357658044,280.11599788442254,11.999100388493389
223,0.495954346770277,0.75371679550246,0.667225,0.665200364298725,0.5086472303207,0.505140039447732,0.5043278026905831,0.509650395778364,0.353889699179581,0.353521725826193,0.354687884378844,0.356014152571626,0.925304852320675,0.571659793814433,0.650375152253349,0.6814677615458786,1.5534499514725906,0.8743140892742283,1.2730398744434002,0.8923557897565351,302.63189983088523,87.72460278123617,101.96980147156864,222.6141979917884,466.59289801027626,12.989800598006696
224,0.504001421127428,0.769635278514589,0.783565416985463,0.788434410019776,0.48465987261146504,0.48382054507337496,0.485252601702933,0.485033818694223,0.35553808504129697,0.362321378830084,0.355637869438129,0.354146450723639,1.18801629802095,0.55281450094162,0.655833876221498,0.6811519745663501,1.8461093919355624,0.8849656815179612,2.5000074125119505,0.9022179494174866,282.74310316191986,86.74400160089135,103.25650218874216,273.6582013312727,399.53020022949204,10.330499208066612
225,0.47966606416629,0.836493946731235,0.66757,0.668701,0.47757440890125197,0.464630973451327,0.463954442940911,0.465508045977012,0.352478291073289,0.355290821588175,0.354293018335684,0.35657938635686603,0.936664556962025,0.567324973876698,0.6433858764186631,0.6790046117901016,1.3237248001580921,0.8781842831696668,1.4757661873537096,0.9039497710293098,300.5858001415618,87.3672979651019,96.54200111981481,226.36149951722473,280.05130152450874,12.704999244306237
226,0.11675644756648301,0.28164582781456904,0.441702063628547,1.4880025252525302,0.565391427225624,0.5588918280585731,0.09742616885301039,0.0983782022268489,0.441466666666667,0.44356951219512203,0.0839194795539033,0.0839735001234466,1.11983956692913,0.586169708929452,0.824123474515434,0.7294551293647048,1.4942045730344564,1.9842231026875854,1.3507408791878865,0.22201920687615812,413.6024974286556,67.01450183754787,146.50650264229625,421.6759989503771,467.04010164830834,5.388200224842876
227,0.485680033769523,0.755753673897831,0.664649588867805,0.6647929975429979,0.468317718940937,0.467287858117326,0.467091458153581,0.469933114485023,0.35458252762430903,0.354990493713585,0.355179851250845,0.355207066052227,0.936158,0.53372740888667,0.636440878378378,0.6795878956445517,1.0384022153835297,0.8757734668854554,1.4789314395378732,0.8997186686144423,291.3698015618138,90.94439883483574,97.33070037327707,221.84320114320144,413.857503735926,11.221600288990885
228,0.185217183770883,0.536995691976306,0.42192792079207897,1.24331985731272,0.47844833864360503,0.48893294590970093,0.0980485109255041,0.0978870728083209,0.527534253326762,0.525754615038271,0.0835906018405408,0.0839202166593471,1.27700836320191,0.655300802964793,0.9506725978647691,1.3715520637870224,3.786915998978226,3.020486747502873,1.3481843710906563,0.22219632929591687,368.3931994601153,105.8787980582565,199.37160104746,422.37190064042807,552.5465996470302,5.639999289996922
229,0.46119132420091297,0.722466889632107,0.666296223958333,0.666554002541296,0.47688319482917796,0.460412343470483,0.456548698572628,0.461510251450677,0.349296044098573,0.353098219766728,0.369754344122658,0.35056836544437503,0.670427909669948,0.566602820211516,0.634248957712924,0.6786575296946322,1.5514927535107823,0.886090595573043,1.218565819302232,0.9011788969487572,285.46609537443146,86.85950160725042,95.21340107312426,210.42239968664944,302.8742008609697,11.149499914608896
230,0.487214936247723,0.74481471917366,0.666167101827676,0.6651848684210531,0.484392797319933,0.48375033617212004,0.48188847058823503,0.48000667556742294,0.35022779243623603,0.35547256515775,0.35260756429652,0.354790386370551,0.921304628632939,0.536116406966086,0.6414039497307,0.6774138477866398,1.3283911033964362,0.8667259768079639,2.22703327056773,0.8864432867586525,316.9378003804013,89.0021983650513,90.94100096262991,213.41599931474775,273.7294998951256,15.187000099103898
231,0.39691231086657497,1.0120674846625801,0.7533044754218631,1.5787619047619,0.479314591700134,0.476206454465075,0.0969460229653843,0.09699516744383209,0.5336097820308351,0.534124876114965,0.0839212667517549,0.08442525608194619,1.79023630136986,0.673146860986547,0.9671227106227109,1.4719228615175004,2.0533855345720786,3.573059245082807,23.40493244800014,0.22142036194558545,470.14660376589745,132.4098979239352,169.12739956751466,427.63509991345927,558.9423948549666,6.52839953545481
232,0.470625659050967,0.735988556897648,0.671453434225844,0.683028908554572,0.46776301369863,0.464899772209567,0.466974647887324,0.466107644305772,0.353200854700855,0.352951870018394,0.35468529114776204,0.35548936170212797,0.8997103040540539,0.57551822503962,0.641936701832315,0.6845432846177268,1.0402351955226616,0.8737056046312598,1.2262834415813078,0.8925760465447752,295.5658026621677,93.19389937445521,101.28650028491393,210.8442975440994,337.66189735615626,13.474099978338927
233,0.0898734785642298,0.280737284181055,0.450870913663034,0.7682939999999999,0.453451600312256,0.477799259563966,0.0994561538461538,0.0988116243333635,0.34043939393939404,0.33593602029312297,0.08395528171743011,0.0840086384530036,0.834668359941945,0.387072974860335,0.598756216479766,0.56725255951238,1.4732667306014677,1.4473055980941352,0.8848833089476794,0.22042349905699765,238.1906015216373,42.73809609003365,111.50289792567492,307.4938998906873,323.9589947042987,4.888301191385835
234,0.101565780078543,0.281872604588394,0.444718786016135,0.767613333333333,0.351212998712999,0.350430164319249,0.0979489134891349,0.0983621926719602,0.24658743479247,0.24662785729545,0.0838764343142612,0.08386092231235841,0.824539518900344,0.305862506341958,0.44858046194623297,0.9115007746678946,1.2223191654078138,0.9407726004442661,0.8792883524315698,0.22100630416958708,192.02429975848645,49.65370171703398,130.73339796392247,302.71069845184684,382.0817975793034,4.609800816979259
235,0.49069132757912004,0.734180887372014,0.6668978525827051,0.691795945945946,0.467369398465886,0.463691433211531,0.464061065396275,0.46556879554222,0.35371938615721904,0.35492925659472396,0.354175492610837,0.354571251931994,0.910830008673027,0.579845449649973,0.671548,0.6786525805701825,1.320939502493941,0.8751427468464718,1.0176607497128003,0.8970662766767233,311.83260143734515,92.05380192724988,99.21860182657838,218.622297688853,334.90699861431494,14.057999942451715
236,0.49678931875525606,0.745046975546976,0.668999347258486,0.6746724458204331,0.46876014591883297,0.464328112449799,0.467721770917953,0.4654291321413,0.35288816805684303,0.35423225423225396,0.358072975378226,0.354964460384741,0.903820556023589,0.545873015873016,0.652355793450882,0.6767660717831473,1.3196446772070785,0.875142547583779,1.0122300340042671,0.8994709415506099,345.7761005847715,92.58240170311183,97.49610180733725,213.49029848352075,278.54229701915756,9.217900515068322
237,0.09868897499119411,0.282583310755893,0.444479955039341,0.843879732739421,0.352868283093054,0.350605663824604,0.0973981944941008,0.0968775510204082,0.24675096061479398,0.24836309396974202,0.0848674,0.08500036632720351,0.839994177583697,0.323626969124134,0.448519455252918,0.7348763936708831,1.2227607075292428,0.934148389094593,0.8789396867798807,0.2215651171690003,194.01789759285748,24.31940083624795,117.42540227714926,204.4843990006484,266.95200067479163,5.064399738330394
238,0.469483786152498,0.7293937500000001,0.66906404494382,0.658749685534591,0.468025183150183,0.466170521364171,0.464301089918256,0.46674888978603196,0.35378800413650496,0.352706024930748,0.352483353884094,0.35242787136294,0.9043679687499999,0.546301233396584,0.6726635568513121,0.6874226368985774,1.0339488357261002,0.8765091445424944,1.0115577212422686,0.8964141241156877,298.5005994560197,91.34439751505852,106.02299880702049,209.47949960827827,345.2447985182516,18.646799435373396
239,0.515268854064643,0.76391072768192,0.681812706816678,0.671559843034663,0.487490558120017,0.48199061990212094,0.48228421052631604,0.484063571727311,0.35459960159362497,0.352676606209653,0.35338390736342,0.353086703431373,0.930536290322581,0.582751741293532,0.670107,0.6760606024692231,1.0307617920522245,0.8753073730350578,1.006483537600344,0.8902123155830435,305.1239997148514,92.00749918818474,95.48840171191841,204.0651030256413,273.9321003900841,10.495600872673094
240,0.457167066346922,0.7561270638908829,0.670009,0.668765553372626,0.48353654414871106,0.48244245283018905,0.47939355424421204,0.482407121407121,0.353042494859493,0.352963713631906,0.352588134430727,0.35518181818181804,0.924269196025294,0.536898322318251,0.6345055653192729,0.6770127053149299,1.3095902206126746,0.8688800744821907,1.2584480709430732,0.8908490618375347,293.88479742920026,93.65610021632165,105.00870121177286,226.38029913650826,274.1531017818488,10.107499838341027
241,0.186248992902359,0.455929342934293,0.43923176123802504,0.7632225497420779,0.364725056143728,0.36671215959468,0.0953184,0.0974641136190718,0.426738707165109,0.42588198757764,0.0830804125372653,0.0837225806451613,1.3107092760181,0.5124109704641351,0.7490330000000001,1.2179619840168678,1.2367966138476023,2.4917481767335,0.8759475853610815,0.22056374847517546,335.9837020980194,68.98580177221447,161.13779856823385,369.3514008773491,552.397001592908,5.031599721405655
242,0.115253377653871,0.281720051413882,0.445739299610895,0.8934423569598631,0.352947368421053,0.356079223181258,0.0989931177446103,0.0985337953456537,0.24667631027253703,0.24783138285168402,0.0843835009104584,0.0848359462906009,0.728040480708412,0.34610125361620103,0.45652283849918396,0.565848257463942,1.4769731823731114,0.9325039621104515,0.8782698276832812,0.22105093544139862,190.59979676967487,46.962198393885046,130.92169974697754,423.0888996971771,445.78279776033014,4.760400042869151
243,0.491668925022584,0.753561099060015,0.66928664495114,0.668396501457726,0.50362843373494,0.501156441717791,0.5019334198011239,0.502688431200701,0.352787756474941,0.356280107346528,0.354052125349054,0.356155193607867,0.9089375,0.57327850877193,0.644535915053092,0.6841019455963946,1.3307674143683683,0.8790257764787306,1.2668121044764387,0.8940283712156677,329.54349589999765,93.8198936637491,99.63209886336699,220.0735019869171,294.85959821613505,11.757700121961534
244,0.0883792794139632,0.298851576518841,0.44359281894576,0.6490625,0.444063094209162,0.453347902869757,0.09668416093470271,0.09731022349025199,0.33451753897550096,0.33577998829725,0.08629129675999701,0.0835578654564087,0.827272800645682,0.405730038022814,0.60179953515398,1.1419106395167187,1.4764556529817452,1.1945837005094018,1.1084264300154774,0.22330903991019943,299.6821014676243,46.994003059808165,144.29140137508512,313.9438995276578,388.4766992996447,4.837400047108531
245,0.118546054154131,0.30086925207756204,0.441221696082652,0.806346360153257,0.370777459407832,0.373610090314544,0.096176212661003,0.0962381,0.336498275321417,0.33831525312294497,0.0842723639717184,0.0843247045114034,1.25871413160734,0.428988128215275,0.585957671957672,1.141352362860098,1.2157932582050408,1.193845570093149,0.8876746329396886,0.2201172742998325,230.783800361678,45.34730105660856,109.49420102406293,260.3614004328847,375.13199786189944,4.526200063992292
246,0.48474509803921606,0.753346715328467,0.637237777777778,0.656787990196078,0.456369333333333,0.45539018599129405,0.454123729562528,0.457458283433134,0.348300823723229,0.35121381182147204,0.34867963800905,0.34944293667362597,0.881212121212121,0.542623762376238,0.637695268138801,0.6832697350921669,1.2557294664911685,0.8748742055054313,1.2623041198208909,0.8960835897870174,288.0613974411972,89.66910099843517,98.1267003226094,222.40850084926933,328.5286031314172,10.161699901800603
247,0.48367615492300503,0.7579149085794651,0.6581765432098771,0.646135989879823,0.49980085836909893,0.49851001821493596,0.499350954478708,0.499486725663717,0.34975,0.357975824175824,0.34946201298701296,0.348924205378973,1.45649419354839,0.541516494845361,0.638965321563682,0.6723913841469615,1.2534449316746248,1.228427218506241,1.2556907720086703,1.1157895665130935,300.7827006513253,109.39159546978772,123.70370386634023,268.5343992197886,330.37830144166946,11.428000289015472
248,0.169724023275145,0.44606455445544596,0.523277927927928,1.58950877192982,0.696268707482993,0.693604,0.0988453,0.0974622113997114,0.640000599520384,0.645330481283422,0.0845785010499112,0.0846812637766348,0.919905675459632,0.6913959999999999,0.982455684007707,0.9241583271064406,2.0869234680631616,1.9727005284089307,1.4596624511625647,0.2233941002395778,442.7378036780283,63.135103846434504,196.36870129033923,310.9623008640483,379.4347037910484,5.595800757873803
249,0.270429410382899,0.6334713584288051,0.520032651284284,1.37556331360947,0.703125,0.6928590441621291,0.09746740000000001,0.0973736891465598,0.554359430604982,0.5552508108108111,0.0841885378398237,0.0845808252084216,1.25654639175258,0.608165168539326,0.842164897381458,0.7573241151221228,1.7707870359961222,1.9822760945253206,1.1110520908321966,0.2229112091728348,465.2212010114454,102.47120080748573,186.71729631023481,365.85429770639166,469.85109947854653,5.569199856836349
250,0.11466372220530001,0.28132045337454903,0.443340970873786,1.24748108108108,0.465610341643583,0.45867042380523,0.0964553249097473,0.09641772290209791,0.42986742857142896,0.42813164451827196,0.0839251384815901,0.0839586,1.09286382978723,0.501121848739496,0.747383211678832,0.5671878271849325,1.4776588968837545,1.9977008715295652,1.105288110652035,0.2217321792804332,355.7216012268327,43.96669828565791,155.3832000354305,369.7824984556064,499.7474010451697,5.178998981136829
251,0.466581291759465,0.731713015873016,0.669947206875384,0.668979,0.46278423566878996,0.460270365477763,0.461787960467206,0.46285675917636504,0.35333123342175105,0.357009722222222,0.353832403965304,0.35413532856213403,0.9006402337228709,0.536181533646322,0.662731818181818,0.6878725531330798,1.0338452967694889,0.876121375397487,1.481015747739809,0.8921771995727299,295.9239005576819,83.11219717143103,94.09599879290909,214.39889824250713,288.5386988054961,13.485101226251572
252,0.522297258297258,0.780590747330961,0.667414005602241,0.67140174379611,0.49025258426966306,0.48281436858545296,0.483929015084295,0.484620132953466,0.361177749763631,0.372130390143737,0.364492727917701,0.364644282546722,0.899023382696804,0.596767764298094,0.6806843922651931,0.6769698104420356,1.0308803771709178,0.8768805696738451,1.0048338482604584,0.8943033814273423,306.71790009364486,90.31769732246175,100.6748978397809,217.60229574283585,282.64959983062,14.109000039752573
253,0.472492350486787,0.730489308176101,0.6685324825986081,0.6669260337798489,0.5054929906542059,0.503576889279438,0.503954992967651,0.504722963644731,0.35473888496824296,0.35256102783725896,0.352807320441989,0.354148910039914,0.932653355989805,0.541338403041825,0.6451280940594061,0.6742250447560665,1.0372076560706875,0.881478745227781,1.4713675697727346,0.8901113643651766,291.92139772931114,91.28249803325161,101.96509974775836,226.64279968012124,275.13290115166456,10.580899834167212
254,0.0869920257889379,0.292265716467295,0.444451650943396,0.657718590108016,0.44349027072758,0.442804795803672,0.0969949465173082,0.097575903387112,0.339019595448799,0.340667318982387,0.08406291690685991,0.0848842772277228,0.621054904051173,0.39654371963914,0.5841722972972969,0.7196314495226289,1.478894882902697,1.2025294704586977,1.339297399619387,0.22130116267333586,257.55269889486954,45.408299774862826,150.15130047686398,367.8212015074678,555.4632982239127,4.883699875790626
255,0.487080546396609,0.765160465116279,0.669686092715232,0.672112790697674,0.488079925650558,0.479321978534764,0.473994281045752,0.480196250498604,0.350886220354248,0.353755341144039,0.35483419521654797,0.35468924539512797,0.903769294605809,0.53766410140335,0.6548252848616389,0.6849862912405862,1.3305891650107715,0.8728170664948458,1.006565025173919,0.8891633995431705,314.8315008729696,100.34750011982396,106.72410135157406,224.12379912566394,403.46519817830995,10.514700261410326
256,0.494268018990073,0.765674214755296,0.6676009200690051,0.665109090909091,0.500080170777989,0.502648469387755,0.502313418217434,0.5033104193687851,0.354075744179192,0.356820547031354,0.357809051456913,0.35700768961901397,0.901851452282158,0.5284424031777559,0.657891988130564,0.6800116462192513,1.0282214204262634,0.8698722857944232,1.0023620229873738,0.8928753276788624,307.3453000979498,94.05710006831214,99.76210130844265,215.5582027626224,392.926404310856,10.428800305817276
257,0.460033275713051,0.753811320754717,0.791048965517241,0.786553510565781,0.487722222222222,0.48971577946768097,0.48733081126523803,0.490055505415162,0.357439024390244,0.35485653235653203,0.355798406862745,0.355382535736482,1.1938134715025899,0.556761904761905,0.6712944587628871,0.672196801395275,1.5453527686787973,0.8679510378878316,1.5138147213686735,0.8953329175190141,358.35860180668533,127.32839823001996,137.2783983242698,260.38570067612454,340.23780026473105,10.660500265657902
258,0.49623281965847593,0.742726980038635,0.6649568699938391,0.669910776361529,0.48428277886497106,0.48556052755534596,0.48613181411975004,0.49764881516587695,0.356540708514605,0.35642395320196996,0.35650870279146096,0.356704037370704,1.02497081545064,0.5784342473419141,0.6638990765171511,0.6769298295685033,1.0307608481078976,0.8736498518466885,1.010644634897158,0.8918743026071457,306.6119010327384,89.72310170065612,99.18810537783429,222.6441996754147,278.8653990137391,15.459499263670295
259,0.285168680765358,0.632159593544531,0.41901424917793195,0.740515,0.552830622009569,0.554816080885893,0.0972950600801068,0.0968886536833192,0.6303404384896469,0.627550724637681,0.0823176912568306,0.0818894256993688,1.6049511450381702,0.779146,1.12584649610679,0.9164081897883543,4.988853968519236,26.713541310144933,23.122158379275906,0.22181783941426184,476.99380083940923,129.0973974391818,137.50040088780224,369.000002683606,440.69740106351674,6.176099122967571
260,0.110705298370562,0.28201029480580303,0.425612388724036,1.3731829105474,0.6588617326448649,0.664539365452409,0.0965072463768116,0.09611220000000001,0.543912513842746,0.544847855530474,0.0832743131980109,0.08362595530970231,0.87380496150556,0.7357630000000001,1.02961960431655,0.5705461343124681,1.7677825801912974,1.9918482074728332,1.68804229555234,0.22228214010288733,357.5606955564581,67.51520122634247,198.33039841614664,413.59299793839455,485.4320010053925,5.20550092915073
261,0.738863075924724,1.26645294117647,0.522459100204499,1.14302791625125,0.603494019138756,0.6070945663531869,0.0990273808505177,0.0975935819290068,0.6446000000000001,0.645118090452261,0.08407263499459189,0.0842032608695652,1.31950789793439,0.859871103622578,1.14515584415584,1.4121537802164497,1.5310828030449688,26.365151072314188,1.1044136775058648,0.2223725947216834,477.18750283820555,128.05939913960174,171.9886000500992,384.0774021227844,430.2364992327057,5.550200876314193
262,0.110785248041775,0.28252829162132803,0.44830546075085304,0.648069029850746,0.43741041116559803,0.452746671887236,0.09938914809054779,0.096562,0.33648531139835497,0.337425785797439,0.083134211669321,0.0829849246231156,1.12996604600219,0.39357654613044996,0.582193356470005,1.0721004758897363,1.468295125529795,1.1964146104311049,1.3457566462682786,0.22081067163197313,296.4207000331953,45.511199277825654,147.6153003750369,271.42789913341403,452.80240155989304,4.519999492913485
263,0.483177506775068,0.732559720457433,0.665610894941634,0.6733923389437031,0.474942070665571,0.471960344827586,0.47257979436745595,0.472977236421725,0.35223208295212,0.353225276567214,0.35304137296966004,0.355291888297872,0.90363468013468,0.577622747747748,0.633850606394708,0.6816400846844579,1.328025788603602,0.8780570174592036,1.4745969657356164,0.8975687670921721,296.24829767271876,87.01150072738528,91.66270028799772,211.4082977641374,280.5310024996288,11.22599933296442
264,0.467696428571429,0.729075630252101,0.664715862870424,0.6663693843594011,0.464098771051434,0.46200748362956,0.46475259792166296,0.462561252268603,0.352249332443258,0.358037305699482,0.35426048841578,0.363898717527129,0.9404072790294631,0.576119260918253,0.648935377875137,0.6801261770101144,1.5524472421808337,0.873098546997257,1.4842062144489472,0.8936962927815283,297.9697033879347,87.41709752939641,94.19960115337744,218.7344987760298,428.30369930015877,9.868699999060482
265,0.46524209575429104,0.733236731843575,0.667237662337662,0.672505282784338,0.473174662319516,0.472331615120275,0.469297640653358,0.465984090909091,0.360887594458438,0.359945031712474,0.355601115760112,0.355626056543282,1.00632295373665,0.5368350785340309,0.67325,0.6925697971495383,1.0259985952996464,0.8715899157993214,1.219954041220022,0.8915840101129414,314.65499923797324,91.97510225931183,97.07380086183548,220.44990182621405,286.9268966605887,15.738900401629508
266,0.5180177187153929,0.790314365024289,0.666170877659574,0.668451002865329,0.485775275515093,0.48098970345963804,0.48151707317073206,0.487772727272727,0.354488372093023,0.355033254954652,0.359543372021991,0.354361848913418,0.938607717041801,0.553290521327014,0.6481152354570641,0.6838746276690503,1.318890599268182,0.8758488397141432,1.00204243597065,0.8895560643514983,289.4956967793405,88.0476989550516,96.56360052758828,221.900999895297,278.36430235765874,10.054200538434088
267,0.473818223234624,0.73301465457083,0.666495029821074,0.664233142857143,0.465395638629284,0.467247141600704,0.461100949094047,0.46215766738660896,0.351586459286368,0.35207499999999997,0.35306471600688505,0.353047014413178,0.929372564935065,0.576137114537445,0.673612924281984,0.678327090555233,1.5527557185552352,0.8732916735930849,1.220847852353292,0.892698995496641,299.8515003127977,91.09300444833934,96.43969970056787,216.63470106432214,322.9830996133387,12.648399570025504
268,0.08407656105555089,0.287200055725829,0.44435723542116595,1.00768581375109,0.560524628252788,0.5583399810066481,0.0979484,0.0978977,0.435742891469764,0.440827718223583,0.0850332319213667,0.0837662,0.6267817073170731,0.598977565900168,0.836675376088678,0.5692447400298415,1.7565944028809382,1.4415104452993281,1.3479756468920046,0.2222047489358119,305.05640170304105,43.194397585466504,142.80119794420898,368.1520000100136,526.9953995593823,5.1059003453701735
269,0.48715814696485604,0.758599417334304,0.443363214837712,1.15614223669924,0.476293982544786,0.47518582995951403,0.464834661354582,0.471033516988062,0.351925700776765,0.353001817631021,0.35203285420944597,0.348802685950413,1.07515315315315,0.5731309408341421,0.662462804476629,0.6767378841079252,1.2537777719472685,0.8683748911109183,1.2259215786585336,0.883620252320676,404.18350108666345,105.84059928078204,125.80250040628016,214.35920207295567,326.96320122340694,11.140399146825075
270,0.504120936280884,0.911675098814229,0.669117610454263,0.667697585768742,0.48232668781150895,0.47994640403114996,0.479597871355854,0.484242932438908,0.35237752965806,0.353692827748383,0.35458719723183396,0.35483515113742603,0.921476696647588,0.5026023830538391,0.6507668136714441,0.6720423628785889,1.6125302409630706,0.8750082603385153,1.5252506339147927,0.8912399414210008,281.9259010720998,88.46950222505257,103.63160545239225,228.1083943671547,385.72759804083034,10.82319940906018
271,0.513462864721485,0.749765245901639,0.782544157608696,0.784226069246436,0.465193605683837,0.4622742193755,0.464673044217687,0.46532025862069,0.363816905801622,0.355985016054228,0.355671093267449,0.355240156083718,0.936606650446067,0.5372600619195049,0.655696394686907,0.6800451286756146,1.2613632054554544,0.8744351005094244,2.217569198177995,0.8889227673382,299.13729813415557,88.76579813659191,92.32720040017739,222.5287986220792,283.7373991496861,9.359999967273325
272,0.0857933743422515,0.28203817991631797,0.449401653611836,0.844639771801141,0.370321359846055,0.365212993971869,0.09675262281432141,0.0961397107712766,0.244704100946372,0.243807466063348,0.0831756735340729,0.0835997596153846,0.933402376910017,0.288803797468354,0.44534563345633504,0.7334316156198223,1.2156567731089365,0.929020421705638,0.8863483200265322,0.22172079473010153,237.3404015088454,50.06660212529823,109.54649915220216,269.05690028797835,329.0707973064855,5.879200762137771
273,0.0831480043939949,0.28254126277180996,0.44360433604336,1.34282407407407,0.608197826086957,0.6063380281690139,0.0985765118467197,0.0977774007465219,0.55924171539961,0.558444919786096,0.0838765107292609,0.0840992,0.925315102040816,0.7644190000000001,1.07924277978339,0.7335854630055432,2.0147706037145268,2.1229425038823426,1.8358056441242072,0.22022049886194425,423.5931017319672,44.772801629733294,202.38889992469922,367.18119954457507,557.16860370012,5.259799945633858
274,0.08449667497921859,0.2920542060854,0.442269933877869,1.4274570673712,0.679606382978723,0.674129672897196,0.0980545176935513,0.0977501711742554,0.53756462585034,0.539300046882325,0.0840708,0.08375734541733659,0.731255941499086,0.6217120390455529,0.8895000000000001,0.5696635679495903,1.4708129556272702,1.731828439507961,1.588851056063414,0.2203632548056851,327.6053015724756,46.55899974750355,150.88899963302538,312.83990101655945,363.67910070111975,4.809300298802555
275,0.525157251908397,0.766457530335475,0.976374,0.9728784440842789,0.505165999109924,0.503245989304813,0.503418273260687,0.504470093919921,0.356765436357365,0.357149111257406,0.354996896337678,0.355060062133241,0.908459438377535,0.551178482895389,0.635009814612868,0.6865312928780245,1.259417002835016,1.1978230959483733,1.7379925883025962,1.139025001951835,337.06769900163636,106.2522002030164,114.0212028985843,216.32370189763606,278.8250014418736,10.011400445364416
276,0.479458771220695,0.7396382373845061,0.668952287581699,0.666184483811851,0.465054323223178,0.463552865213882,0.464533630289532,0.466695253290786,0.352702902843602,0.354594936708861,0.354413458078446,0.354975683890578,0.921746904024768,0.570345392877332,0.645744243932794,0.6902885561009865,1.3158410605765176,0.873099754128353,1.001774077117231,0.8930375303557709,291.0197988967411,88.23380194371566,104.98750052647665,212.731103238184,294.56040501827374,18.06310028769076
277,0.500857681432611,0.811821989528796,0.66685109114249,0.666725746268657,0.485196873679763,0.481736011477762,0.48295826377295503,0.480997917534361,0.35624150596877896,0.35277611432460004,0.352949512534819,0.352698107448107,0.922592657342657,0.545961265942371,0.6522611898017,0.6782717694881955,1.0305367639986913,0.872071126161891,1.274618960276838,0.894306281226615,301.8676026840694,87.00299804331735,103.87050278950483,212.3155994922854,336.19629975873977,12.844699085690081
278,0.488587532023911,0.7276805929919139,0.680345734445157,0.668527131782946,0.485311732316815,0.49152487352445196,0.484836781609195,0.492269157088123,0.367866618075802,0.367804608893217,0.36291057192374304,0.365948056537102,0.895676829268293,0.538127506426735,0.652565737051793,0.6760842123470168,1.0276647414266484,0.8718441132218279,1.006845560188848,0.8861840218056858,286.33969923248515,89.00529937818646,105.82680406514555,214.23069993034005,269.1306988708675,11.162200826220214
279,0.467691793041927,0.733108952116586,0.6699398545935229,0.672433840749414,0.464152739992227,0.46573336038961,0.463647430117223,0.464368161250514,0.354324451939292,0.354978508629111,0.35632023239918,0.35642600062054003,0.91783,0.58703488372093,0.639250625,0.6763805148431253,1.0298460165338996,0.8725785294296037,1.7255723610153337,0.8816742310621971,292.47729980852455,84.86190054100007,97.78920066310093,224.20289606088772,347.34219807432964,11.657799768727273
280,0.117061065197429,0.282370687275738,0.44367493796526003,0.7607969830295409,0.435737190082645,0.434394086826347,0.0980346944222044,0.0962021250308871,0.328064270484313,0.331508956497015,0.0837723990810634,0.0839054,1.15597637795276,0.387830305373019,0.580955766192733,0.5721425673700766,1.4704454815406267,1.4408236154731944,0.8809855868871371,0.2206844690532412,307.889400573913,42.141399171669036,151.6171032562852,363.99869713932276,530.0535020069219,6.323799607343972
281,0.509404011461318,0.758866579463702,0.6678078381795199,0.667585459183674,0.502357641921397,0.500089442815249,0.500420621225194,0.5038178350023841,0.354262004175365,0.356046519193234,0.357634785456928,0.354113612746796,0.8951977644024081,0.5466352772466541,0.650278987639788,0.6819645426562442,1.3206368543719553,0.8702787698684074,1.0201865702344133,0.8850218340722704,267.58389722090214,88.6382011231035,93.26930303359404,207.82929786946625,321.5343982446939,13.354799011722207
282,0.657286001339585,1.0745839340885701,0.752157624633431,1.604248049922,0.48228686100549195,0.481479906542056,0.483613422818792,0.482909216589862,0.365004293161607,0.35599097135741,0.355694153846154,0.35383308450283696,1.3160301886792498,0.5095843313373251,0.6533990066225169,0.8411897214569024,1.2592585069661748,1.4861439393286717,1.2196855718297295,1.3582334061428794,339.3599021364935,148.63499673083425,160.806201165542,269.81089904438704,311.9443019386381,10.265699529554695
283,0.465271840873635,0.737735915492958,0.6684739243807041,0.668362826225334,0.595260136914165,0.608503078817734,0.59177494199536,0.594202303455183,0.356525527361663,0.35916215334420903,0.35467115737905697,0.370358532695375,0.9279953125,0.52707733463035,0.678230098779779,0.6736945508026152,1.8928708267506815,0.8797505326584155,2.4904432251293476,0.8938195252016613,308.4366995608434,88.68149889167398,96.78719943622127,226.49659804301336,337.8946043085307,11.124499724246562
284,0.466345609065156,0.733458808618504,0.6662827496757461,0.6669341590612781,0.48292255740657397,0.482204678362573,0.484565395653957,0.48842359018510506,0.354523344522429,0.362887640449438,0.353854195323246,0.353211973546815,0.898096622152396,0.562081930415264,0.638988108108108,0.6801393943075081,1.546017214643478,0.8754740889882442,1.7788650867194162,0.9026921954132691,296.91330128116533,91.08239755732939,108.3517970982939,212.58280175970867,285.3379977750592,10.628699965309352
285,0.0963333333333333,0.337364623955432,0.444839572192513,1.39968571428571,0.5717802022352311,0.569731262327416,0.0982550439231586,0.0977880282288921,0.445314972847168,0.444003452740613,0.084299690641918,0.0851791790984598,0.833679476696647,0.6629499396863691,0.8881885612153709,0.7615203555989352,2.2644749867238945,1.7138412562633314,1.7772144826459966,0.2215872160228533,416.4531987044029,47.44940379168838,177.31590196490288,481.9084002519958,549.13479834795,5.201999738346785
286,0.48439524838012993,0.763669656203289,0.7883572984749461,0.784095144356955,0.47919512195121905,0.482783223374175,0.4841,0.48498732989206894,0.35336466942148803,0.354046619326953,0.355670341026524,0.354132505175983,1.18494666666667,0.544579417293233,0.649967438948028,0.6791162986064783,1.8382852057892405,0.8716841377464093,1.806297457895539,0.8856514944827738,331.92439732374623,90.76199785340577,96.69470018707216,278.68349716300145,333.12000014120713,9.688499267213047
287,0.474364966389877,0.734013540961408,0.6717839999999999,0.664994535519126,0.46336312849162,0.460845664280032,0.46148652291105097,0.462428855325914,0.349707561970505,0.35186803418803403,0.350733211233211,0.35368021046477605,0.925756326148079,0.5808783712321519,0.624976356797421,0.6775481213101802,1.2657326610870383,0.8736870256535986,1.4833029849246224,0.8945918510619304,302.7561979251914,89.482800103724,94.39510031370446,216.93189919460565,293.4039002866484,11.362199438735843
288,0.457424712134632,0.768361,0.646458934169279,0.6470843446601939,0.48024588781105004,0.48325310283687906,0.476920575940548,0.47873563696919197,0.350657805044308,0.35184303030303,0.35693782383419703,0.351393568147014,0.891041769041769,0.555688392007612,0.657387261146497,0.6745803349778314,1.258407274436289,0.8796610723184183,1.5172604668320182,0.8920915593959725,296.2220984045416,89.45470035541803,107.10700153140351,217.78960071969777,269.6202995139174,10.068700066767633
289,0.08196622539035979,0.287817745803357,0.44072009115077904,0.595063768115942,0.273171334847338,0.27177819050145896,0.0967544983513895,0.09601113546690049,0.16214604734256402,0.160767874770836,0.0838042210725138,0.0840899069083782,0.6164547101449279,0.199473684210526,0.314553732567678,0.7265574049973671,0.9714634742066929,0.6159015246547003,0.6573346040214721,0.22090915322355803,123.38619999354705,42.76779945939779,108.31779945874587,259.52610158128664,386.11050258623436,4.440500924829394
290,0.166811037318153,0.44768639798488696,0.442632714717307,1.54029429429429,0.47865251768622596,0.47694070961718,0.09796844905072,0.09739899589228661,0.42317167558666097,0.424443706164636,0.083158024691358,0.0829398920312626,1.0339756975697598,0.550102021626704,0.75616,0.7279590273293788,3.122644057645182,1.4529369355893165,1.109481336892856,0.22075242012103932,352.3352977936156,66.8637003400363,162.15119831031188,401.2931982288137,555.1987022045068,5.378000787459314
291,0.450817636986301,0.724988707653701,0.6407413793103449,0.6490623841877701,0.48499212962963,0.488460351478783,0.48472927241962804,0.48693768257059394,0.34964598895745397,0.34744263385434,0.351905585913783,0.35057217334636703,0.8965225594749799,0.5382204688908929,0.633147932816537,0.6759636402478906,1.5401019583709699,0.8721904266781623,1.2728591850914346,0.8865313474902017,302.1264972630888,94.67619966017082,96.89459839137271,217.53559849457815,334.5367018482648,10.711699724197388
292,0.48358305726455303,0.7491050934880721,0.66589907120743,0.649092175066313,0.47303201754386,0.473898451730419,0.482053897180763,0.48144373673036106,0.35307763655101304,0.35025856697819296,0.34416926898509603,0.34778123941754197,0.90288160291439,0.5986294573643409,0.675693484042553,0.6779370036211467,1.0297826518855988,0.8709288761745885,1.011630259630962,0.8838281785373748,306.3831012696028,89.46460147853941,98.70379872154444,217.6521986257285,342.2993002459407,12.030899233650416
293,0.496057030909882,0.762175091575092,0.667801401869159,0.6691203488372091,0.46754394491697,0.464083899320815,0.463959048877147,0.468516337059329,0.35455913978494596,0.35529993089149997,0.35296124269455603,0.356389147802929,0.929295108259824,0.566128688921142,0.6518260623229459,0.6781471940572373,1.5458310410179754,0.8711907499574769,1.2790567014965057,0.8895021097600759,297.58670134469867,94.18279805686325,96.13199945306405,207.67030073329806,279.274997592438,8.835499465931207
294,0.49152641083521403,0.741197173144876,0.664163428571429,0.6704408482142861,0.48617946542214696,0.48305456255879603,0.483994938844369,0.485550875532418,0.355959627329193,0.354058551617874,0.357151536071798,0.353715176715177,0.927955706984668,0.550037105751391,0.6470754830917871,0.6817437496050691,1.3177715708077478,0.8815391824792489,1.0081947634929214,0.8926844522722025,306.00310274166986,89.37479869928211,93.80720148328692,223.89880032278597,277.1999017568305,15.192601131275296
295,0.113451011060217,0.296604463040446,0.444209558823529,0.984034653465346,0.367838288614938,0.36542892591279696,0.09760071603542489,0.09839573600611569,0.427578815679733,0.42959606440071596,0.0837084048027444,0.0834995994873438,1.03609719438878,0.479632444444444,0.704438535911602,,,,,0.22167950443547058,249.3339023203589,46.39380204025656,131.2640029937029,368.4155992232263,439.94500156259164,5.78889885218814
296,0.48090647181628393,0.734033284023669,0.669397535667964,0.6676205607476641,0.5987432506887049,0.59727527761543,0.598443708609272,0.5974593329432419,0.350013098931403,0.364169135377196,0.35458735128365704,0.354599415204678,0.904761154855643,0.573497412305923,0.662452612393682,0.6830582243260969,1.0248670282524865,0.8759982754183666,1.0080805870759395,0.8961486197041431,285.46929970616475,99.42049946403131,96.56189940869808,216.29850089084357,274.6956015471369,11.72929914901033
297,0.488442503047542,0.734236694677871,0.6685971033574719,0.6529620334620331,0.47958729411764706,0.480598334104581,0.47899495412843995,0.48228979420411605,0.354764868603043,0.35445382766907,0.35385585003232095,0.351299545159194,0.933679966749792,0.5666199513381991,0.661897810218978,0.6767430949094948,1.548751287887756,0.8696807406300322,1.0082382767032254,0.8878344774004318,288.04650210076943,95.03630135441199,99.1302018519491,221.2611972936429,270.6774990656413,9.937799768522382
298,0.110545803108808,0.282637053087757,0.452051650485437,0.812309608540925,0.443737068965517,0.44533536851286504,0.0989638565891473,0.0994494968319046,0.33951450562463,0.34194859675036904,0.0847479066742541,0.0845936187458551,1.07642972972973,0.42480805777270997,0.588411678832117,0.42284785142532116,1.2184539003559505,1.1945965648476733,1.1028635234804025,0.2203306047025773,378.69149819016457,41.57360381213948,137.9109002300538,280.02899925922975,275.02890006871894,5.113000224810094
299,0.10005018514909399,0.28184413830362,0.44804468412943,0.521063507572057,0.262357672433161,0.26234606481481504,0.0971125290023202,0.095707982317124,0.159874024373545,0.161764471669219,0.0830621740547588,0.0828015,0.7106734407848629,0.186660380299252,0.31169140271493195,0.9894425807244287,0.9702329266073726,0.6196273041938695,0.6524684426484725,0.2217954294232465,169.85999973258004,25.54819657234475,50.21200486226007,157.2419991134666,339.6228974452242,4.663900472223759
300,0.109676822213652,0.281997065297139,0.444866493281318,1.08594204231831,0.45950219876869003,0.458259040880503,0.0966179990028253,0.09662888402625819,0.337755410022779,0.338294265120652,0.0839966560639426,0.08510445705024311,0.931933441558442,0.43343315056938003,0.6202809324566649,0.42049700873201595,1.4695503333457351,1.188386958981755,1.1117123488615825,0.22239725085052942,289.96610490139574,25.91190568637103,98.32129726419225,266.74349937820807,328.6736013251357,4.691099456977099
301,0.09122621699013679,0.28066480149213996,0.452268331351566,0.648913285158421,0.353671115674196,0.349197080291971,0.09753747514910541,0.0977272236711934,0.24438746096564998,0.23975670588235298,0.0834110909749909,0.0835107028753994,0.726265680056378,0.318316050744622,0.453062920459042,0.9203799955596738,1.2231939724484913,0.9355381266572501,0.884007517115348,0.221590219099129,186.75890460144728,24.20590171823278,92.64280379284173,204.97109944699332,501.4697977458127,4.8169997171498835
302,0.687419768151312,1.0786759545923599,0.523772810218978,1.7427033132530099,0.480646396396396,0.48261324977618597,0.480136440677966,0.48041108647450104,0.463403524627203,0.46104798206278,0.46050946311317104,0.459711842667807,1.32619896640827,0.680190763052209,0.8375728077232499,1.0817875628970361,27.610578041947004,1.4777207174147748,23.350833343946945,1.3474621594982703,403.8055965793319,123.36139916442336,136.28589804284275,261.28060271730646,340.4570001293905,10.363200271967798
303,0.49133057166528604,0.729673404927353,0.667992857142857,0.665547387606318,0.464517132551848,0.458845479888491,0.46265838509316803,0.463157809330629,0.35395369170984503,0.351223034734918,0.354811275352355,0.35716879875195,0.9077096774193549,0.585049903100775,0.6506455412226579,0.6926396043019575,1.9008596222014251,0.8739191209383554,1.006026826947686,0.8906993079557474,305.5113018490374,98.77210395643488,106.32129851728678,216.643899329938,296.1027988931164,17.10250071482733
304,0.11612340471555299,0.278744512506381,0.442307339449541,0.525258325832583,0.438733978234583,0.436350973751058,0.0977506380565271,0.0972131593257205,0.336631886477462,0.336380052151239,0.0839956688440784,0.0837757081280788,0.9859932497589201,0.387382205931356,0.574493657505285,0.9956633117947442,1.476470625974577,1.4527469556623334,1.3487726451714364,0.22227941844228752,236.13409721292555,23.843598319217563,130.25039806962013,258.53640254354104,326.566697913222,4.847699892707169
305,0.157801226993865,0.506335340435387,0.447605252993434,0.877515662650602,0.34940525838621905,0.347737032569361,0.0974224367816092,0.09725218054026591,0.244949490158881,0.24345143666531802,0.08295524578136461,0.08297316361277769,1.1095868725868698,0.303289692868298,0.453410669975186,0.7323059583642726,1.2204987794072115,0.9317639051784662,0.8822586160838755,0.2233433627276654,301.22030148049816,70.22899953881279,114.15559856686741,384.14410228142515,430.75099820271134,5.192200478632003
306,0.117803682272488,0.297990070551346,0.446080588919024,0.662248734177215,0.430828436706565,0.430429255711127,0.115851263066202,0.117235294117647,0.31576421764525103,0.31536005471956197,0.0997634747383819,0.0997722496047615,0.849431800467654,0.307696643055128,0.457756851996868,0.5707973608740815,1.2176889944832174,0.9339837210408751,0.8794458234315468,0.22182592422499858,157.9343996127136,24.493398086633533,93.120000383351,222.9114979854785,271.01290033897385,4.8564994358457625
307,0.473873214285714,0.743023091725465,0.670780052840158,0.672498845265589,0.48718650461022595,0.482168744804655,0.48268056146320704,0.483413565708902,0.351643516934656,0.35227450381679404,0.353494450050454,0.353780847145488,0.913938314509123,0.5495753704649969,0.653855428914217,0.6844301030963676,1.0299736909206352,0.8682473025120769,1.7623148750514355,0.9022285570673481,295.0273978058249,89.09309690352529,99.6586968540214,215.49040102399886,271.5498980251141,12.773199705407023
308,0.101993225777699,0.304801322818621,0.442807799442897,0.687028685790527,0.44846246130031,0.450485099962278,0.0981262861580276,0.0985681079012818,0.338997363216875,0.338629752066116,0.08400975507053131,0.0838420899643921,0.9579750462107209,0.409812322946176,0.569836586726157,0.7278623215160956,1.4629877844166579,1.2138691691758814,0.8812051375055293,0.2208195896700876,343.71189976809546,44.23319915076718,116.62309989333153,316.62930123275146,336.91360149532557,5.708998651243746
309,0.11449820029642199,0.28215145281563403,0.423029937629938,0.621326681870011,0.347361753538143,0.347884557721139,0.0956804906026648,0.09727042124542119,0.24301365187713303,0.244080501710376,0.0829417281566789,0.08251753607998069,0.9793171846435099,0.296661159263272,0.463111306643203,0.5756258716901758,1.2193600069702666,0.9302646256186353,0.8811844609705366,0.22067069167128778,203.4626028034836,51.439400704111904,111.49209749419242,303.862000873778,454.03539843391627,4.962099774274975
310,0.476708388230127,0.716692822384428,0.6629921568627449,0.66885501618123,0.48263176574977795,0.480438223044887,0.48197047817047806,0.48185891601158504,0.35630946725483503,0.350149696561025,0.35423424494649197,0.351259791921665,0.903204787234042,0.561106171548117,0.637726228462029,0.6789952713675373,1.8617430927492342,0.885838340187634,1.466960705515428,0.9032871052558484,301.5543014043942,85.4876998346299,98.23789878282696,210.4364990373142,284.4508009729907,10.330599616281688
311,0.44815021834061103,0.876769871309614,0.67273,0.6678999999999999,0.46235601404741,0.462741873065015,0.46735469107551497,0.458410195141378,0.352556404769184,0.352837014925373,0.353888659083075,0.353287234042553,0.900910310142498,0.587860233918129,0.6591696315120711,0.6794690091994681,1.2634798564444283,0.8805456384128795,1.2179267158048577,0.8971510054137417,297.7555021061562,90.33920068759471,94.51699879718944,210.41360014351085,267.4168994417414,11.107399768661708
312,0.09308728805956759,0.282150366108787,0.451002115954295,0.83016693163752,0.35503860869565196,0.35347435897435897,0.0990817555938038,0.098156799729364,0.246376629533065,0.247940751445087,0.0842258872988924,0.0842402129402129,0.9339083139083141,0.320656064209275,0.449846001583531,0.7263738798675125,1.2163886902995884,0.9315924482400231,0.8776989439507833,0.22110298211455495,256.57900114310905,23.982695711310953,111.6294995881617,205.44829894788563,377.8383994358592,4.600200918503106
313,0.49193442622950795,0.727465057179161,0.658952594490711,0.659756649688738,0.482502580947912,0.471496943231441,0.47836300246103397,0.473622448979592,0.35416580937972797,0.354036236297199,0.355374886260237,0.353109165808445,0.930511415525114,0.5698099094807051,0.650709236031927,0.6968301903260931,1.0301405592457162,0.8686972136677431,2.2368740314756455,0.8781558788867058,289.05530052725226,89.33299977798015,100.9177984087728,201.67969778412953,286.8391020456329,13.01970041822642
314,0.12083516125529399,0.282785926928281,0.443715118538671,0.641175841795831,0.44030025773195897,0.43716716641679204,0.0968525985663082,0.0939817943250779,0.331139406909202,0.33320694129095,0.0831792875877824,0.08381523838961441,0.8379882352941179,0.373358067571835,0.5674262055528491,0.5774042836535227,1.4792574988324978,1.1971823901283094,1.341980849587505,0.2221333655380825,263.09420209145173,23.665701155550778,111.41129944007844,266.2538972799666,457.28339900961146,4.6474000555463135
315,0.11202531246717799,0.282003901170351,0.44405021645021603,0.765082,0.44441835205992497,0.441311369509044,0.09891409126408571,0.0995190799790904,0.33518739797584096,0.33519503245836896,0.0837982564475118,0.0838689,0.843027131782946,0.397882374768089,0.610770576131687,0.756896807239712,1.4775609075359448,1.188645462239841,1.1055284637981233,0.22052379437719727,312.83839780371636,42.179304000455886,135.96210192190483,364.529101352673,406.1642976012081,5.108000186737627
316,0.123088385994876,0.29618504936530304,0.443504573170732,1.00430608695652,0.678225429553265,0.6760083752093801,0.09664750000000001,0.0966029965753425,0.5536415195291601,0.554190880169671,0.08495464220183489,0.0839720933603943,0.818526,0.8046528925619829,1.0625513928914498,0.5658594311505099,1.8016526595431965,2.7920749655120587,1.5756634746357452,0.22112961495343775,404.80839961674064,46.448699140455574,164.64289947180077,332.92839798377827,379.25920041743666,5.002599209547043
317,0.110475004680771,0.286813221921848,0.439807197943445,0.6392989934872709,0.456853700516351,0.45857601426660705,0.0963959879816189,0.0964989067401844,0.334801265458729,0.332890036282445,0.0840125547445256,0.08459323712507069,0.9907389999999999,0.41634043308484203,0.596709342560554,0.7292674711484006,1.466420461316574,1.1914673526457376,1.113425758740317,0.22013241927729982,304.11740008275956,47.418799658771604,121.5107025927864,265.42800187598914,342.33229962410405,4.907300171907991
318,0.106101025034496,0.29573596274993197,0.439946421737467,0.6868877688172039,0.462255540479421,0.46500170794193,0.0984052,0.0985778399855517,0.425343353090601,0.427451486697966,0.083663560925899,0.0840396363119761,1.0614731574158298,0.492843155031732,0.736944629753169,1.2161870436939788,1.7294743059503637,1.9754511211959571,1.1025641593287472,0.2209192063698764,314.17260033776984,45.25959666352719,139.81580268591642,308.26030124444515,481.7345004994422,4.518900823313743
319,0.465330603448276,0.727259756877799,0.6441970554926391,0.651822049131216,0.45847594015366,0.458132142857143,0.464062550443906,0.466118682310469,0.354725942782835,0.354235674676525,0.36829094906559195,0.354929139301763,0.914484,0.558986842105263,0.652133536585366,0.6763188763822433,1.0273414353350026,0.8702930489573757,1.2707586137702074,0.8884544188610188,309.94170083431527,89.81819992186502,94.39610148547217,219.14450044278055,294.227602717001,17.053699411917478
320,0.08123868802014131,0.281357540547083,0.446061816652649,1.0078933217693,0.368580552565483,0.369682596291013,0.0968125992146378,0.0970054999549184,0.337608625162127,0.336856435643564,0.0844822199544705,0.0836496699669967,0.724161473087819,0.38653105924596,0.598476846747519,0.7536269898861939,1.209245425383161,1.4535767900182281,1.3423519570742584,0.2168528365586656,371.5685001225211,48.950598284136504,152.67579728970304,314.1067034448497,570.7807998987846,5.419200169853866
321,0.294841772151899,0.6314770544290289,0.446091221374046,1.70541029900332,0.455230076542098,0.458779824194224,0.0977377,0.0974025752698353,0.6334945711183501,0.62160481804203,0.0831941464909592,0.0838126,1.20190394337715,0.785326130992573,1.13094272300469,1.4400272309432671,2.294209389560087,2.506808098469391,1.1210905007532994,0.22358154274613595,564.1493989969604,25.1675010076724,178.03609953261912,436.95550120901316,494.3881023791619,5.284100188873708
322,0.0843951469106132,0.278745702592087,0.448017167381974,0.7120430000000001,0.265474379412435,0.26399236016371097,0.0982793437105595,0.0967706170975656,0.161902370990237,0.162326450344149,0.0838299,0.0844591963868556,0.842704491725768,0.238304807293825,0.320393569131833,0.5665200171505985,1.4756409095414782,0.6192911464043307,0.6554068653887583,0.22162267612138706,194.86460078042,43.67019719211385,131.99950044509023,253.81099694641304,377.328202011995,4.571900353766978
323,0.510676853707415,0.766315159574468,0.6656375404530741,0.6709675066313,0.472117998163453,0.468791592128801,0.468098456403838,0.47480747981300503,0.355167344385361,0.353058471760797,0.353060866574966,0.35531683526011604,0.9329472830494729,0.550960057061341,0.641957213384531,0.6776018633736478,1.32651048557157,0.8801398648285557,1.7256391011747043,0.8866776743169832,295.5286006908864,88.7575006345287,95.53669806336984,215.1960026822053,276.52940043481067,13.074999151285738
324,0.502294583883752,0.756114173228347,0.667824481865285,0.6664770700636939,0.46231914893617,0.461849244060475,0.46534663951120203,0.464343826655765,0.35463503866746,0.35407258330583996,0.353747532156745,0.353756756756757,0.923071371927042,0.5204888998519981,0.6475049813200501,0.6761531983007357,1.3214553614573588,0.904696726787691,1.73437434464049,0.890666396606385,302.06300143618137,86.30490046925843,103.96519937785342,210.88270004838705,272.0307995332405,10.787400242406875
325,0.17843707133059,0.45077616050354097,0.446264332603939,0.752844613259669,0.356783259070656,0.358374006116208,0.0964166,0.0964132826068977,0.25342344556402097,0.25356273674242397,0.08323086279597791,0.0833540260167957,1.42267403314917,0.305954627403846,0.455148510638298,1.1475891605074728,1.211022345358934,0.9255490445786866,0.8849058800677522,0.22174540520417826,201.4266006881371,66.50900177191943,110.30249734176323,313.98629798786715,385.8213996863924,4.837699816562235
326,0.48106412556053796,0.7469,0.671743514150943,0.6705281609195399,0.472847209920283,0.46589439214081,0.46365285907249,0.46347638510445,0.353059706062462,0.353190541466758,0.35385783718104497,0.354754123396457,0.9076927286942921,0.5607057071960301,0.667579560155239,0.6771641383374554,1.0300101760876657,0.8747321187041514,1.015434466452427,0.9043600199789408,299.3504996993579,93.19840173702687,100.2008022624068,215.99150059046224,274.12500203354284,11.669500963762403
327,0.511128132387707,0.896723765432099,0.6700379581151831,0.6707293655249861,0.466157212317666,0.462678145695364,0.462954954954955,0.464989309210526,0.35363199473337703,0.353814397496088,0.354597954122753,0.35555338541666703,0.931921,0.66457876943881,0.7327968232958311,0.674968436672385,1.3143861472474236,0.8776707016759565,1.9926573428970813,0.8897853342650316,300.7096005603671,91.07519872486591,98.58599805738777,206.32819941965863,268.8049979042262,14.412000018637627
328,0.497771179039301,0.766305496074233,0.815931771192281,0.82036,0.485274150268336,0.480692563356876,0.482364810690423,0.48360184331797196,0.355888015099088,0.353798470948012,0.354771655953474,0.353888955223881,0.925337040205304,0.613916666666667,0.668180289855072,0.6766671907957358,2.1442526175417456,0.8771203284076355,1.2109354241676247,0.8882578205412591,307.0400998694822,91.78689942928031,101.67099826503545,224.3631999590434,413.9161013881676,11.14570040954277
329,0.521153922052294,0.763187333333333,0.720356540084388,0.7244049645390069,0.48078098391674606,0.479507271925959,0.486078547297297,0.481326618088298,0.35949300102424,0.351901451027811,0.35459676936883,0.352370406824147,0.912717504332756,0.563462841530055,0.6604272901985909,0.682012562426423,1.5396337798298223,0.8793238782538855,1.2544912968838113,0.886950141732514,272.4553007283248,85.38140100426972,93.44760474050418,208.5127998725511,394.1022019716911,9.531599062029272
330,0.0914652867268041,0.282221842105263,0.44552317020355103,1.59019349315068,0.48298194794290505,0.481413043478261,0.102582275132275,0.10368209523809499,0.445462272333044,0.446361632653061,0.0829209819716149,0.0836056195674146,0.815997010463378,0.590026186579378,0.814297131147541,0.5717246781764348,1.5165879271796578,1.4696314834073398,1.3568212025779076,0.22070743519487562,425.5325024132617,47.45300248032436,149.9759018770419,308.0101974774152,331.4860019600019,6.132200360298157
331,0.49371814671814707,0.773853073463268,0.812819047619048,0.8213550000000001,0.464254397254397,0.458123148539992,0.464160112359551,0.468799827064418,0.35246281741233404,0.356503963414634,0.357133010882709,0.353305356533606,0.9842884615384621,0.559597684515195,0.652204965357968,0.673037817186635,1.5414216240978071,0.8751816320488042,1.0014568933137198,0.894402104120597,305.87030050810426,90.84680204978213,100.16399755841121,228.4269023220986,297.07820212934166,11.538100079633296
332,0.49431809954751094,0.7626953937592871,0.665505221932115,0.6687040302267,0.46594919168591203,0.462809545454545,0.458996,0.459240978348035,0.35455589492975,0.35619290174170204,0.359599194048357,0.355972530864198,0.9152555555555559,0.565782726778924,0.656595635430039,0.675815618316869,2.117932566307475,0.8759566876710064,1.2210859828401956,0.8931001891214506,301.11150117591023,95.59489990351722,104.00840255897492,215.6040005502291,336.61809866316617,10.08709950838238
333,0.464349005424955,0.728803596127248,0.665091163310962,0.666932840418977,0.461076494023904,0.462389132340053,0.462831152384973,0.4644902200489,0.353912469287469,0.35362654974296903,0.355370599739244,0.35426796589525,0.9161804707933741,0.556000491883915,0.656963862224732,0.671313889119733,1.0335647144200582,0.8716184195628782,1.0000274815282484,0.8849827186362939,297.34120034845546,86.89229871379212,98.1587014393881,217.0111984014511,388.59149935888126,13.938800839241594
334,0.478784190715182,0.7521994715984149,0.66689592760181,0.66888,0.470284388866478,0.463900806451613,0.46342252948353,0.466629024943311,0.35769756097560995,0.353879215205395,0.35861684345869504,0.357074631751228,0.9273696872493989,0.551368571428571,0.646803455723542,0.6796551637787627,1.0257817645497176,0.8784820921001479,1.0009644972372838,0.8907099226141593,310.91309938346967,93.09970046160743,106.91590141505003,213.0583001417108,293.2059986051172,16.36079978197813
335,0.472340861344538,0.7557020014825799,0.666598173515982,0.652766516998076,0.831659983961508,0.876337584396099,0.8290975609756099,0.842071742313323,0.353663594470046,0.35499300486618,0.35890280777537803,0.35666816143497804,0.905152,0.565591318157755,0.6644143206854349,0.6793346966572215,1.5540011262023559,0.871763274662626,0.9985702716785312,0.8890555959872481,297.0073983306065,84.04929976677522,95.03020119154826,214.84049793798476,278.36539957206696,16.029199468903244
336,0.49208824874257,0.877020224719101,0.669527902501604,0.667858836815359,0.48778392857142794,0.48471520737327195,0.4827589549093971,0.48699999999999993,0.353428877332518,0.353915792922674,0.357769690576653,0.363852534562212,0.912152607361963,0.555001068947087,0.6459752947782139,0.6818049270755278,1.2481072307828764,0.8787235825399137,1.2620187772167617,0.8888444570557033,292.17449482530355,88.22789968689904,97.4617010797374,219.14080280112103,394.20459943357855,11.586799519136548
337,0.482507671480144,0.767209235209235,0.6695294117647059,0.6644118412491871,0.47394558101473,0.47760740740740704,0.47160327868852503,0.468199523998413,0.35367926988266,0.354064276885043,0.372660951148496,0.354524154589372,0.903401859504132,0.5449787339268051,0.6409002389486259,0.6739678845114028,1.6083119245635853,0.878915464418299,1.0038463548316234,0.8992004095362058,283.1476987921633,82.54109998233616,93.67999591631815,220.50850238883868,323.892202868592,10.736400145106018
338,0.281709769296497,0.46510855683269503,0.649506010928962,0.6532992029429799,0.470639905548996,0.457793920429146,0.465842225262198,0.458033065236819,0.349745745405037,0.351965233302836,0.352478730822873,0.349536645200859,0.8816870748299319,0.578191286930396,0.635156210790464,0.6787923811748016,1.259584268976233,0.8786850297235418,1.7321495082904914,0.8929677830793004,299.1766988998279,83.4653023048304,94.33180093765259,204.35679762158543,270.5557009903714,21.801699767820537
339,0.107568164863857,0.28947726638772703,0.44394463818657404,0.767322580645161,0.364220682302772,0.362530476765238,0.10068045955539,0.100239713940745,0.25859761851269397,0.258386530965786,0.0852153257342541,0.0852976628841963,0.934898071625344,0.323333233711895,0.452286986011022,0.5731007673028355,1.2255964364084173,0.9298937789334253,0.8904602676629543,0.22138270367840465,196.44999701995403,46.72439827118069,89.0360024641268,201.91269723000005,275.05859616212547,5.033701017964631
340,0.484389176470588,0.740006451612903,1.39309554140127,1.83304188481675,0.5956036175710601,0.6043445247933881,0.592816974595843,0.592485664131071,0.35545457354759,0.354981607629428,0.353957688338493,0.35271766848816005,1.4331813110181302,0.543000468823254,0.652644278606965,0.8533987258286606,1.552161266583387,0.8760714796487343,2.001797002629607,0.8968953670695811,291.8906000559218,104.08789967186749,120.71000091964379,222.7336008218117,397.8319975431077,9.756999497767538
341,0.177572042350775,0.470308616404308,0.44295741989882004,0.764159732540862,0.533418199900547,0.5294391124871001,0.0963379118564085,0.0970455833333333,0.424823529411765,0.428577885391445,0.0834243013365735,0.0840622806362482,1.06185197018104,0.48984502309953804,0.76215963060686,0.7354569912929618,1.7287428029312246,1.4606227206945674,23.157034091517808,0.2234481826118711,351.7885968904011,22.940602502785623,116.08350177993998,329.6388982562348,372.8781040990725,5.277099262457341
342,0.46629409368635405,0.728736878453039,0.6683306026916329,0.665951497005988,0.48616706105063895,0.483429107589658,0.482582082551595,0.491305568776773,0.358813754524515,0.35534046692607,0.354337569745815,0.354796907216495,0.9118253588516749,0.548733396137541,0.640617102744097,0.6781981394488753,1.0093920259281,0.8697567860255236,1.989174455757521,0.9003345749550108,300.90949876466766,88.41699600452557,96.7650004895404,230.25069967843592,293.55929873418063,10.188700980506837
343,0.0842831814297921,0.281859227235882,0.445006113537118,0.6462486551105799,0.43947805709416304,0.43981668580176003,0.09477619971771349,0.0961659886735264,0.34247577751196195,0.341918911007026,0.0839536225196124,0.08392443140132061,0.820905,0.40407519351271703,0.593352676056338,1.2105946059781276,1.2190407518302717,1.4389880732473719,0.8782080518223899,0.22220639575574547,180.25019962806255,42.05779987387359,126.60079664783552,250.98909973166886,383.59890022547916,4.984201223123819
344,0.28578500823723196,0.6321966810079901,0.523866666666667,1.1858922363847,0.876158088235294,0.872276125095347,0.193080661491731,0.192700619020822,0.7731883468834689,0.773239886444287,0.762537853851218,0.767983432736912,1.8392912966252202,0.9637388646288211,1.30033493975904,1.4840021560836234,2.664136124087588,2.0078935850728636,5.33474577453064,1.789368458991265,533.0761996447109,160.5186000233516,177.81399947125465,456.6514995531179,515.2492987690493,8.633299148641527
345,0.45137544273907904,0.749787616990641,0.645405150753769,0.650601809954751,0.464604012211077,0.457868250539957,0.454962272149216,0.45801100628930796,0.35211656843483996,0.35317297111416796,0.353438711694809,0.35280378250591,0.9385672043010751,0.536765032844871,0.663075655887736,0.6833883788083036,1.5605989437470695,0.8740322610850005,1.7453088265704282,0.8902355224999702,311.20050261961296,92.68130088457838,99.69960083253682,218.11070037074387,407.0484996191226,10.286200267728418
346,0.513103585657371,0.762056216931217,0.673067674113009,0.668580503144654,0.48658793969849196,0.481689713322091,0.483908024401689,0.485131021194605,0.352968067774519,0.356682892906815,0.355281417510423,0.352705221615058,0.914872909698997,0.573850279329609,0.6628528277634961,0.6739828237335543,1.3227812120436733,0.8708234550293933,1.0141768311783765,0.8895961684967199,306.60409975098446,87.72790024522692,95.23010085104033,219.1806022892706,282.8963042702526,9.77629970293492
347,0.103258323305255,0.285358263598326,0.440838187702265,0.708915512465374,0.35047790507365,0.34873574969021104,0.09817979890310789,0.0965595023269066,0.246478854741266,0.24594341884440202,0.0838594228246611,0.0842447112635792,0.822703890489914,0.308695828819068,0.432075260208167,0.5674884887738635,1.22125316789955,0.9311544646653581,0.8776220573956977,0.22081405946192248,202.00870058033615,25.226200523320585,117.47999960789457,205.06890141405165,451.31840161047876,5.068400059826672
348,0.512236051502146,0.759399603698811,0.666788427819988,0.6670726800778709,0.47372354388843296,0.468455929856945,0.471198011240813,0.47039826464208195,0.36376134560457,0.363937673130194,0.365847452229299,0.36518945868945896,0.914779552715655,0.606619019836639,0.692669839381321,0.674878242988639,1.3208547845339949,0.87011300232705,0.9999069997280574,0.8857847637135907,308.18990053376183,92.38749771611765,105.22969969315454,217.0943989767693,390.47790050972253,11.20249944506213
349,0.474412634946022,0.73358583106267,0.6663359273670559,0.6666510721247559,0.463924359968968,0.460635129215944,0.462542911877395,0.466275250227479,0.352251245551601,0.354390094772241,0.35455402140145,0.354000688705234,0.905259873617694,0.560753387533875,0.673988567585743,0.6815369847290396,1.3231701972484806,0.8727720067931785,1.7775551527791116,0.8973770388878081,299.91430055815727,94.22549919690937,94.5138992392458,216.87920088879764,263.45089863752946,16.285099263768643
350,0.499889176369125,0.763050065876153,0.665899676375405,0.671292,0.462242121445042,0.461272111553785,0.459272937548188,0.463753707865169,0.353205955334988,0.354207853557721,0.357658461538462,0.354357738646895,0.937704014939309,0.527657407407407,0.670767,0.6760984161540016,1.5465698074391263,0.8780325018302557,1.0113266253864464,0.8933333352600322,292.1331994002685,87.15569565538317,97.4230992142111,206.1840976239182,281.2377002555877,10.29639970511198
351,0.115777383066903,0.28180511703864997,0.44688067940552,1.0190569395017801,0.371925054876137,0.36711294941139,0.09763710186772541,0.0985051207022677,0.569240282685512,0.5436886543535621,0.084191156940864,0.0835462452884894,0.936600155884645,0.683651913875598,0.936221501390176,0.7279519143387501,1.524122373700038,2.226615880987215,0.9105424005053847,0.2206493227832815,361.1620981246233,46.74200317822397,172.55799903068691,310.37430017022416,339.1562000615522,5.263900675345212
352,0.111177951118045,0.28237122969837597,0.446976542137272,0.648429111531191,0.461041178845378,0.463902684563758,0.0981930126002291,0.0979713869145252,0.426371677740864,0.427074803149606,0.0834483259440453,0.0835100941105039,1.04899421965318,0.49316088464874197,0.748788904899135,0.7281358585843392,1.478663235951322,1.4491820406311466,1.1070896308897544,0.22164274175353607,379.92459983797744,46.17240192601457,145.9420018363744,366.53409915743396,394.56769736716524,4.796699795406312
353,0.47270726585468303,0.758200423429781,0.652351004464286,0.645233934611048,0.479832138338254,0.477711434511434,0.47791200657894695,0.479851902796882,0.350818530351438,0.35152029073288904,0.348590909090909,0.348948171813987,0.896789641434263,0.55267855530474,0.6391811023622049,0.677328962083762,1.2577363214444988,0.8743824237484937,1.004104807931656,0.8896788082423779,291.5301010943949,81.71000226866454,88.8306982233189,209.08910082653165,338.41510012280196,10.030600242316723
354,0.458737789203085,0.732363462762572,0.654595911004209,0.64773840665874,0.457864994026284,0.457351291184328,0.456806313993174,0.454206579954093,0.347782901056676,0.349621312462372,0.34757564102564104,0.348741029113067,0.882584005869406,0.575542408376963,0.6247390374331551,0.6822411876383809,2.4053051240684638,0.8761205726390456,1.2078641720253305,0.8942550654587781,298.38930058758706,88.31720188027248,94.55699619138613,202.0610001636669,334.9958991748281,13.726999168284237
355,0.470419991938734,0.734326042378674,0.669158512720157,0.663105036855037,0.483134064885496,0.478025356576862,0.481846024400505,0.48249430139299304,0.351817278025368,0.35088411279229703,0.35244099378882005,0.352089673033344,0.916568253968254,0.5632816281628159,0.6444921875,0.6799448023814214,1.8358241827540225,0.8742629356978511,2.003184372528307,0.8987663873844308,311.1095982603729,87.28820248506963,105.04099918762222,211.5532974130474,278.12290063593537,9.41660109674558
356,0.8490768595041319,1.38675954198473,0.634278810408922,1.37977651515152,0.591032524522457,0.587978040540541,0.097156059212177,0.0960686663361428,0.68151523007129,0.662344142951688,0.0829549741405537,0.0836413276231263,2.1381068139963197,0.794619402985075,1.11299577167019,1.1462840643866037,3.707442119009707,1.9968116633404451,2.7422640656292336,0.22196807825657636,467.1675997087732,127.43859988404438,162.4750017072074,453.4562031039968,554.4255996937864,5.644900375045836
357,0.475586129753915,0.733963958060288,0.666452133794694,0.673396384764364,0.618144764957265,0.615220838052095,0.6141390498261879,0.6184858463316001,0.35275038473376397,0.35357133035407395,0.353191708321082,0.354293848167539,0.926680793507665,0.5904090131203651,0.669096551724138,0.6792731637480169,1.5370475615073382,0.8730357424464524,1.776136329663178,0.8890603125352993,294.9660032754764,85.70960344513878,95.92529968358576,217.95450011268258,291.50560148991644,17.648300854489207
358,0.166603684382132,0.45979695024077,0.441865002115954,0.747293515358362,0.264583027522936,0.265382776230269,0.0990151417228326,0.09806779173458631,0.161533146461107,0.160461886682243,0.0835299378187662,0.0833521072796935,1.04361885656971,0.210181147195276,0.318400319829424,0.9770896448501912,0.9668593931263876,0.6125547255045394,0.6555340251525021,0.22072039705877955,266.2672981387004,43.525901855900884,133.84670164668933,265.0639013154432,327.57080043666065,5.601800512522459
359,0.0982007829491083,0.277028468899522,0.437913528055342,1.87909593495935,0.47933403185247303,0.47641212617779605,0.0964518922990021,0.0967070213840714,0.578574614976102,0.578272501243163,0.0836343314024639,0.0836943,1.26017226890756,0.812949044585987,1.06827604166667,0.9175627304732367,3.7520996025119646,1.9835945534177253,1.83480269148843,0.22114520107163482,515.4795027920045,66.95089978165925,237.41990007692948,406.3719999976456,477.0158033352345,6.16489996900782
360,0.473641025641026,0.736817663817664,0.668872,0.666605882352941,0.6175704099821749,0.614284940411701,0.616464611872146,0.615827864443249,0.361909733917144,0.36214590104730904,0.355742743660251,0.354066729917774,0.898626971608833,0.577023007856341,0.649669364881694,0.6856842577062284,1.2944331243683658,0.8732843365338211,1.5092328992313975,0.8937717090062135,304.34879736276343,93.9331017434597,97.29079902172089,216.4263991289772,281.2787002767436,16.13480126252398
361,0.200383399209486,0.5614903368304801,0.448811246730602,0.802376360808709,0.367510729613734,0.37096999999999997,0.09769593075539569,0.0967847227994348,0.337323023052232,0.336678157109712,0.08359807544264819,0.0849527546695966,1.2472658772874101,0.40445946866485,0.5696275659824049,0.9906224160145007,1.4708031142211424,1.7278801718490107,0.8782659927286873,0.2204919553597705,306.74099980387837,64.42329904530197,130.01440092921257,316.24620023649186,438.3391031296924,4.903400258626789
362,0.49034428992836093,0.778435528120713,0.6686328125000001,0.6715134976525821,0.465989435188948,0.460950754567117,0.460233301975541,0.46194902482269495,0.35289635081263404,0.352846254927727,0.353545734840699,0.354691522277228,0.900556485355649,0.511372665148064,0.634765703517588,0.6763973956007514,1.322485662719031,0.8679167493829439,1.521707657303878,0.8896859046305592,295.58429814642295,90.13709786813706,97.10530284792185,212.5312981661409,284.99939799075946,13.69560050079599
363,0.471726102941176,0.781973644578313,0.666992502883506,0.6684066437571591,0.5881017119838869,0.5780347155255541,0.5769266490765169,0.581829448550313,0.350591641987496,0.350821813129559,0.392617388362652,0.346361875637105,0.899818926974665,0.555449400479616,0.669516944284894,0.6767828343129821,1.318548881680909,0.8747339041092632,1.2638536797420155,0.8868036695356387,312.104397744406,92.4608000786975,106.5585995092988,222.18109806999564,287.9149978980422,13.33639957010746
364,0.474509038619556,0.733530967292971,0.668885,0.669652569941444,0.465302055406613,0.46456514723678904,0.463955309734513,0.46482539682539703,0.353790854068594,0.353132442284326,0.35370814332247597,0.353906813321112,0.901045,0.534649433776465,0.647580917874396,0.6814910179790299,1.3223004118905468,0.8765557594359754,1.5139968821832257,0.8938485692326905,289.9634011555463,88.07970152702183,93.01740064984187,213.70579925132915,270.68259805673733,22.144700051285326
365,0.469594302977989,0.758319943622269,0.638436720142603,1.3872600243013402,0.5058886300093199,0.503322374877331,0.512005136986301,0.505088028169014,0.353446614583333,0.354398391586762,0.35652614379085,0.358315660969655,1.20554867256637,0.539690783410138,0.667622729935559,0.6789048468516842,1.5455450997997167,1.2172294492745246,1.2168024281900918,1.1514821464739153,408.6571992957033,129.77950100321323,139.27819964010268,325.6593001424335,370.47930381959304,9.658400085754693
366,0.48934823329076205,0.931496,1.25017158469945,1.6391502276176,0.503374134948097,0.5006999522216911,0.500115872321819,0.504300914780934,0.351182314783202,0.352457415323907,0.35254414232964104,0.352774850720056,1.03787577639752,0.518483828090385,0.6536838868388679,0.8430938031555065,1.543528963704846,1.2155129378811862,1.733659802574909,1.1425562808795313,344.7815965046175,108.97849715547636,114.3898000009358,272.3562007304281,454.2107999441214,10.413800191599876
367,0.789827293754819,1.29139130434783,0.44431487134758,1.45846743295019,0.505294449262793,0.505856792545365,0.503475012130034,0.504181659388646,0.355911447084233,0.36072972972973,0.35703960396039597,0.35893362148811403,1.31767396061269,0.539906941649899,0.6711461988304089,1.3217446958766845,1.5150521265882757,1.2051383508003228,1.218893357621834,1.1354438510762976,338.20359967648983,127.90750333806498,136.05379936052486,269.8135969694704,311.2096994300373,9.81820048764348
368,0.428966715976331,0.8820921052631581,0.75527961736571,1.19408624229979,0.49921975425330795,0.5010912235192391,0.5010453216374271,0.492321185617104,0.34797485835694103,0.352164040778499,0.353858321870702,0.357110221674877,1.49449742930591,0.509470096745822,0.6522409200968521,0.8515202566133712,1.5289224541576967,1.210165841102221,1.2134517703490042,1.1310018046993418,347.6133002550341,134.00640164036304,152.77810307452455,259.4589997897856,334.5177974551916,10.70220023393631
369,0.473870124113475,0.765679358717435,0.669946158896914,0.6787473749227919,0.48883651804670897,0.48274513776337097,0.48599496106275797,0.48210754189944105,0.34871276948590396,0.352018120805369,0.353034698126301,0.35252300029299705,0.914326740506329,0.6043573487031699,0.6560882194728349,0.6793704326249598,2.702133663220221,0.8749119149030775,1.2186514636825527,0.8936989516253492,287.3302990337834,86.10810182290152,94.77989951847121,224.91840063594282,400.79640166368335,10.992000170517713
370,0.473606642657063,0.731459290187891,0.6646612589227769,0.66689627039627,0.484627560521415,0.482236577181208,0.484456707897241,0.48340488025304995,0.354898608349901,0.35379341021416805,0.35740080595164303,0.353818276580959,0.924308404009252,0.588275406504065,0.678170873786408,0.6789948360331327,1.2708364237285312,0.8732663365601131,1.2189638945602472,0.8917507749924777,310.55180152179673,94.27890181541443,107.57979762274772,215.56480060098693,353.864899079781,10.476000898052007
371,0.114429168324712,0.28678157503714696,0.442162591162591,0.842249,0.5639614085865889,0.5608014457831331,0.0964644937938022,0.0970801599866678,0.338300887573965,0.337019579193454,0.0838044975095224,0.08398745748299319,0.9237650000000001,0.419721212121212,0.595246391752577,0.5737098376515927,1.4771357207831213,1.2083681053437874,1.1107062797032612,0.22088031923164764,390.2995027601719,47.09239874500781,117.51220299629495,279.5022010104731,315.3605983243324,4.840899782720953
372,0.0949721501968693,0.277749868904038,0.43440717299578097,1.1519978858350999,0.562595837897043,0.562874614594039,0.0963975682878081,0.0954692172750814,0.44436066818527004,0.44167674324869,0.0835576093210587,0.0838384962891255,0.835433146517214,0.598997442455243,0.812416415662651,0.5697931484264288,1.5028598621629934,2.0051953208764774,1.1085745821331414,0.2211226702629089,464.80230084853247,46.63869913201779,184.7603009082377,422.54399886587635,587.5486982404254,5.113601218909025
373,0.49497437137330796,0.756756209150327,0.667188679245283,0.669878346915017,0.49835866261398204,0.492798643493006,0.502130791505792,0.504543078412391,0.351476875642343,0.351438071995119,0.355335081764887,0.35911676451402497,0.9035493291239151,0.557818369453044,0.646147836538462,0.6803955442920518,1.0360237399710388,0.8836607097168638,1.2196520848552768,0.8750476692921957,312.02939862851053,86.99829922989011,95.68230016157031,211.26189967617393,345.46630195109174,11.626500054262578
374,0.479247787610619,0.734860222077074,0.666412993039443,0.670528792912514,0.46694038876889804,0.468661616161616,0.466704989154013,0.46751570323168,0.366992665036675,0.368326312378484,0.363691152986266,0.363494456762749,1.01324339622642,0.5591120434353409,0.67404124408384,0.6857111250841837,1.5841229236146774,0.8725906322596404,1.018898580266727,0.8897343046694,299.63499982841313,95.27700167382136,104.74179871380329,214.72020307555795,277.8788984869607,16.42889983486384
375,0.179540288775035,0.454310927672956,0.421563782991202,1.11499672131148,0.462964530431278,0.46044920702957604,0.09856435388186739,0.0983511633897141,0.336781554926031,0.336512531681217,0.0838857,0.0840898174831892,0.920140209508461,0.404874554526016,0.582840563380282,0.7527927498059594,1.492398715888573,1.4639091287141,1.3472513842024265,0.21830538010792533,239.36270154081285,45.66509887808934,194.0494985319674,274.6614991337992,512.6311007188633,4.815599822904915
376,0.0868048075460216,0.28187910100749203,0.444469167744718,0.64782697044335,0.444927860696517,0.439036627241511,0.0980947151681537,0.0979686318322448,0.338375492772668,0.33467227722772297,0.0842987785016287,0.0839363840092532,0.6194588744588749,0.404714230471771,0.580953596287703,0.7273166421690703,1.4638945968698893,1.1907984164573575,1.3448536441254133,0.2218190877177775,195.46109688235447,45.11050210567191,130.4978010011837,259.89180139731616,328.835601976607,5.081499693915248
377,0.0846669642857143,0.282206004393459,0.444003487020535,0.521425492893168,0.273637249736565,0.27077198211624404,0.103071947423037,0.101703850559521,0.16351921404973,0.164753061849357,0.0844746499275712,0.0848170455433169,0.723322944297082,0.224733555207518,0.317241541874653,0.5712308319386472,0.9671945208149075,0.6160917970659363,0.6548778376931242,0.22141952272239565,121.95090239401907,48.70569973718375,71.9529009074904,211.71299740672112,349.3892989354208,4.733599780593067
378,0.0858634025038587,0.282104461661769,0.444399386738214,0.653049429657795,0.353304228257133,0.350294317795168,0.0972415807560137,0.09698659420289861,0.24865341641598598,0.24633749399903998,0.084835131568734,0.0846439142001995,0.7309180000000001,0.317754716981132,0.442516055912354,0.5689985737031507,1.222006001072187,0.9343630745560606,0.8801796204115268,0.22135267431340833,238.22029761504382,46.959200699348,133.67219944484532,331.41449821414426,390.8742990461178,4.776699643116444
379,0.459272654690619,0.7553041345480029,0.882506884681583,1.55177911646586,0.505464435146443,0.49649975526186996,0.493803181818182,0.500818068794032,0.589622816032888,0.582752808988764,0.57924685138539,0.5774035975267,1.5682071942445999,0.768557750759879,1.00432749562172,0.836955331226687,27.45708511995236,1.4764315496385578,1.2202386753400754,1.3628372854232655,407.9060017829761,111.83370079379529,114.29049918660894,267.0827991096303,565.7199013512582,9.774899808689952
380,0.456622633571729,0.728603144654088,0.668166,0.670321608040201,0.5035579964850609,0.5027198088618591,0.5024803149606301,0.504516176470588,0.36988259890640096,0.366182879377432,0.36563204537398103,0.365329476248477,0.929095,0.531183838383838,0.637255153203343,0.6768030205289437,1.0340839002690818,0.8709933157127707,1.2616424227968726,0.8887532441756391,295.16319918911904,84.27880093222484,100.93569871969521,210.82860039314255,277.66389976022765,12.111899559386075
381,0.641122602739726,1.0709069124424,0.736625089605735,1.41995679012346,0.454657395143488,0.453925675675676,0.455451776649746,0.460671084337349,0.351109469240048,0.352476847592763,0.353011353175821,0.353913685592386,1.60000410958904,0.49180140379851395,0.6444001207000599,0.843278054079947,27.809424023131125,1.2137400546995631,5.5306430691427915,1.1461770199110708,286.6966955480166,130.9708008193411,143.80050270119682,273.8177019637078,331.38659928226843,9.950700041372329
382,0.450492543859649,0.729983684568321,0.666434725848564,0.667606,0.46450408719346103,0.47496,0.461960016319869,0.464572338489536,0.353845852384063,0.355051300320627,0.361257717157215,0.354878787878788,0.902160940325497,0.5674800194931771,0.671244376899696,0.6762215074718858,1.325342019226537,0.8772710405362434,1.0193110375429968,0.8955722895859639,305.8126996620558,90.97099973587319,98.25209999689832,224.34250131482258,344.6644012001343,17.44010078255087
383,0.46068108108108097,0.7664229747675959,1.04489549376798,1.5295356200527699,0.484622861910722,0.485262735849057,0.476412613355317,0.483915759583531,0.35246883656509703,0.35117015791169803,0.354172263263936,0.35248978347057003,1.4454347826087,0.557622902270484,0.6378282275711159,0.8493352878218403,3.4596884019560155,1.2168631884767456,3.0295685036835076,1.1370978047702949,340.8149990718812,90.13040253194049,95.19660234218463,334.18200036976486,352.6760032400489,9.31919930735603
384,0.104229370491155,0.27952435897435896,0.447002330097087,1.01562976085031,0.4597760393384,0.457792624900872,0.09888454237847649,0.0975849636216653,0.338480078380144,0.33551435552840597,0.0831049113629759,0.0836018,0.917006194690266,0.38416920473773297,0.5884295336787561,0.5651825874431241,1.7473515531165238,1.1911329171499287,1.1058675431065623,0.22158465230846763,349.28010281873867,48.468398745171726,178.8000008673407,260.2234992082231,554.0112993912771,5.032499029766768
385,0.454531876950513,0.747868093922652,0.44342165984369203,1.94814953271028,0.503443981481481,0.500541239629087,0.5013590462833101,0.508944785276074,0.459014346645987,0.462332139659803,0.461030205396698,0.46019272237196795,1.44051879699248,0.6601102514506769,0.8511783251231531,0.846271095465273,1.8370099089321268,1.482608694266035,1.2240470515075186,1.358868239762228,347.9848019196652,123.96819947753103,138.62819905625656,323.8703007809818,378.57879942748696,10.03520010272041
386,0.500212104689204,0.754838545454545,0.6705497985031661,0.6691100000000001,0.486522736931577,0.481228825456247,0.48043291592128806,0.48237810014038396,0.354762529832936,0.354818748145951,0.356977852968317,0.355125364431487,0.912308,0.550628787878788,0.654944170771757,0.6824220952494711,1.2824445640711573,0.8723269461340646,1.2655505385120551,0.8875610345761641,309.1743972618133,89.15630169212818,92.788202164229,220.91809660196304,411.23170231003314,13.105401012580842
387,0.466178213856628,0.739261627906977,0.64754127284184,0.651940334128878,0.48017543043275895,0.47580727874276296,0.47874077407740795,0.477491858037578,0.352309334960342,0.348759342301943,0.348497630331754,0.34679430475613404,0.893381137957911,0.596015037593985,0.667547279792746,0.683976463572924,1.32635547620657,0.8803936516091392,1.0036059235174144,0.894168281179027,304.23409916693345,86.49869996588677,100.05580115830526,224.88790127681568,356.02170100901276,13.366900384426117
388,0.468529692241006,0.747079639889197,0.945232,1.25701149425287,0.48423501427212196,0.48125106786900795,0.483484123331799,0.482377880184332,0.470674315619968,0.46094304932735397,0.46255035685963497,0.460188405797101,1.71178428093645,0.6538520919269301,0.8208391376451081,0.8464053779673016,1.5543618242838089,1.2076547173866206,7.363378351268829,1.1405855630423647,331.6589005407877,110.5101007851772,114.97270024847239,316.8942013871856,391.9835013221018,10.182498954236507
389,0.11884505920987201,0.30075356517387997,0.44740351562499997,0.813331005586592,0.457124040920716,0.45187196652719697,0.097956106870229,0.0980770801429301,0.336372025723473,0.336154834940111,0.0838187062533651,0.0834749188919391,1.13074110671937,0.421253695565322,0.584449002849003,0.7356892617746941,1.2230998728130258,1.1952725230817676,23.0639150192238,0.22060185777752173,237.59979812894017,41.53240151936188,125.29059895314276,253.01840214524418,439.40090108662844,4.780599556397647
390,0.44207195301027896,0.739339493497604,0.980679124886053,1.55941255006676,0.506072325682114,0.5041494309747651,0.505057899901865,0.505584259670965,0.460743394536498,0.461202480992397,0.459803047619048,0.46218962585033996,1.3409542334096098,0.639664841182914,0.827196078431373,1.0764526488125559,1.8311196037691446,1.4800010076180579,1.2283114854831905,1.3535212810387924,324.4419989641756,107.14950039982796,116.90409592119977,267.1012975042686,384.80300281662494,10.02689969027415
391,0.474359105728924,0.7293898412698411,0.6678535156250001,0.672316666666667,0.4626504,0.460046613545817,0.460309417040359,0.464549183592194,0.355996877926943,0.352894688363525,0.355312974579069,0.354503015253636,0.9037267924528299,0.573890564202335,0.645259842519685,0.6777923241796373,1.026404341925693,0.8752666560471143,1.0062104336641537,0.8870805855829342,290.2885011280887,88.53670005919412,91.92809811793268,206.55390399042517,269.4433991564438,10.34540036926046
392,0.180687318020058,0.44354921875000003,0.44810795011691396,1.13883069306931,0.704872602739726,0.7107754472547809,0.0961496770570065,0.0970266024828984,0.6425275994865209,0.646303829252982,0.08464893848271861,0.0835220836275202,1.0995794392523401,0.688863300492611,0.949094308943089,0.9783106942209367,2.835760561748742,1.9858396226320614,1.8111947233823409,0.22329281672964174,465.19160096067935,43.844900210388005,157.6096983626485,397.30309799779207,517.5975020392798,5.64479996683076
393,0.0988754131472641,0.28190683531987304,0.448542351973684,1.34657123834887,0.563588998443176,0.568352680767339,0.0969044874822863,0.09674969152124101,0.440885604113111,0.44266992665036703,0.0829176686041882,0.0841867151354924,0.948415804327375,0.557816030123723,0.7884134419551939,0.7273690880416722,2.2590363442007666,1.4524455585661153,1.7787329350567482,0.21927814835944123,312.9521035589278,46.55589727917686,137.7154010697268,368.4683018946089,378.07320040883496,5.8905003243125975
394,0.169662404490878,0.460675424413905,0.444394747988141,1.41112780898876,0.48888633161108497,0.48050829187396404,0.09862819193714341,0.09817617823479009,0.429845759368836,0.428982279500604,0.08457161700806949,0.0845776919075574,1.02122741433022,0.513638288080994,0.742583645443196,1.4422979669498763,1.7856038383786885,1.4549816837745235,1.1917786035840574,0.22138677732147882,404.39399890601635,65.06130303023383,174.15089678252116,354.617896664422,439.5669006044045,5.53559948457405
395,0.495756718528996,0.765139433551198,0.663792626728111,0.6632472934472929,0.48631092436974804,0.48717703349282304,0.490182201602699,0.486351274787535,0.363146486308149,0.352840151254727,0.358070283600493,0.35378734263354905,0.914093805309734,0.584125465178097,0.6526985458612979,0.6764292926887829,1.317650139340229,0.8736699713691801,1.0076143523551053,0.8855463119559124,301.1886015883647,85.18109971191734,92.60599763365462,211.38339943718165,280.8537014061585,16.369999502785504
396,0.49052303262955904,0.745751968503937,0.665872549019608,0.668143617021277,0.463889116202946,0.460882062780269,0.459781994348002,0.464522923286428,0.354603744149766,0.35038225853516203,0.352183384615385,0.35273092926491,0.919966530612245,0.5526236247828611,0.639387703889586,0.6736339424813207,1.0323844455775377,0.870968486830009,1.2172625085999398,0.8910845729405453,285.91849986696616,82.79970061266795,97.7265983237885,204.02169757289812,296.56480328412727,14.001700037624687
397,0.475736233040702,0.7421135734072021,0.668953216374269,0.6680063916327721,0.503378454332553,0.501358194308145,0.500765470852018,0.49675093808630405,0.352604073179151,0.352132923076923,0.35339131981501204,0.352933562822719,0.895393894266567,0.5748501978518941,0.641525013743815,0.6765304649125247,1.0272823355272598,0.8748257817526014,1.465270945563003,0.903655756667297,301.08150094747543,92.42460073437542,94.15559616172686,222.70909830695018,279.66130001004785,11.716599692590535
398,0.507510222222222,0.7569509875640089,0.670360685854256,0.664650775416427,0.5058069414316699,0.5128595,0.5044574604531851,0.5035827137546469,0.35340926766040204,0.35466413005880304,0.352771508185301,0.354493184634449,0.93113802559415,0.560950719822813,0.6575815324165031,0.673614056366664,1.3180557779547004,0.8762737557865506,1.220893178890883,0.8931602064150755,303.39180084411055,91.19940077653155,102.68860060023144,208.21550278924406,272.4057005252689,13.289200433064252
399,0.295817845978971,0.631644776119403,0.443684621099554,0.923022842639594,0.38425617053104,0.382680843585237,0.09696000723850891,0.0977409256769733,0.446031129900077,0.442131332082552,0.08403112925566819,0.08470055732484079,1.3853234536082502,0.483474811582705,0.723687898089172,0.9012053850626802,1.226674635947231,1.4754050555973073,0.8785989600766142,0.22097009886819202,266.71849918784574,61.428899061866105,132.38520186860114,368.0779002024792,412.2451995499432,5.004700506106019
400,0.593166852678571,1.61142206896552,1.42782591623037,1.44229846938776,0.643855960264901,0.934632447296059,0.6437956923076921,0.9385430643699,0.587015441959531,0.6879711796246649,0.590418209876543,0.696431818181818,1.54836605890603,0.818101211689237,1.1285019531249998,1.0049482743921445,1.6972530502851804,1.476689679526355,2.0708381807939267,1.537017073329394,299.16679923189804,96.87620186014101,107.28019988164306,213.70809990912676,281.6495005390607,20.32530028373003
401,0.110925625133576,0.724728027681661,1.0742643678160901,1.9487881355932202,0.48832021320213204,0.895304754481684,0.12243277807630298,0.169547378547379,0.382841118421053,0.680998,0.107597662440571,0.152098528046678,2.17186033519553,0.50823204649232,1.0679459715639799,1.165126201709001,2.5555269643210967,2.014372951636879,1.888222878088859,0.3722278544914143,436.5041997516528,49.53700117766857,143.0054981028661,336.0614020493813,399.4079015683383,6.313799531199038
402,0.116544908410479,0.723793195463642,1.06108355555556,1.9657760617760598,0.425215949467035,0.73198720409469,0.145160912218117,0.16786804060289098,0.304290094339623,0.49393096054888497,0.130910164333536,0.154944836601307,2.2319596928982697,0.443153629032258,0.876806270096463,0.9185757086898735,2.079552572921079,1.5866328551297355,1.4991554429918252,0.37211674676879736,292.05430182628334,51.220097520854324,136.017199838534,373.07269958546385,556.2908001593314,6.292300531640649
403,0.578308474576271,1.6168030726256999,1.43100547195622,1.4335264423076899,0.707527741083223,0.936640510948905,0.705663216011042,0.93617429022082,0.591180722891566,0.720686090225564,0.593081447963801,0.712789361702128,1.2098292682926801,0.8119309827456861,1.09588115942029,1.0336042353011046,2.179642574270588,1.478704510248187,2.0503456025472997,1.5373544680015339,311.9592016446404,98.38090190896764,98.66800101008266,213.32549949875101,406.6313980729319,16.61870046518743
404,0.0993646021056625,0.939505861136159,1.0655191709844598,1.79464521193093,0.5203494623655911,0.860893769968051,0.147245883180859,0.176605921855922,0.40808860759493704,0.653623205741627,0.13196127388535,0.16161748373790302,1.81385284810127,0.541372897196262,1.0840959409594102,0.9266977985960568,2.5542359484287953,2.4837606460041735,2.296805806704097,0.37249180738532195,292.09549975348637,49.07499969704077,162.9928985494189,333.17980414722115,531.5972011885606,5.690399848390371
405,0.120356943250215,0.724034055727554,1.0747290388548099,2.3711979381443298,0.6188673531193221,1.06595744680851,0.135399036201222,0.16669235858418802,0.6138268424206109,1.07360740072202,0.12201507423778801,0.152823275862069,2.17806131078224,0.8450565897244969,1.65134829721362,1.758166858694773,2.508750097679578,3.3082199376068187,2.6860277786602356,0.3732999047417384,407.5877004652284,48.709001566749066,195.055796939414,366.3013005279936,497.81180423451593,7.1749003836885095
406,0.104906812149808,0.721068,1.07960323159785,1.96898675496689,0.372240951029099,0.6752656891495601,0.12688880724957102,0.166175342465753,0.275273818094552,0.473486093814861,0.11368483063328401,0.153896369636964,1.8155966767371599,0.41958687392055305,0.877196366782007,1.4467215063978605,2.077348483546146,1.5806317231950329,1.4975353583843507,0.3740063362095417,327.852601185441,47.84920311067253,151.2269998784177,364.4171025371179,449.8167007113807,7.950500003062189
407,0.0987883013751695,0.728231775700935,1.07045184518452,1.80087281399046,0.5110084294587399,0.8746430868167201,0.15812577447335802,0.173232870643828,0.409807148468185,0.675953926022064,0.144784015453338,0.160963434987104,2.06442806394316,0.557695179584121,1.09703216650899,1.1591277567520553,2.5368175234589323,2.0386091798278594,3.8388114255636276,0.3722518323605702,238.0777965299785,53.37500188034028,152.0792007795535,382.0175028522499,576.5481007983908,5.861099634785205
408,0.342526568598019,1.54334745762712,1.05939672429481,1.78946180555556,0.727140028288543,1.34232919954904,0.107220037649027,0.17480886141164298,1.05494299065421,1.8141338842975199,0.0913522745411014,0.16001058823529402,3.14928134556575,1.4866255088195401,2.8500824742268,1.7750045670474908,43.99939038420372,43.99982929821921,38.82671944204091,0.3728155673168359,565.601498237811,107.71060042316094,208.56200135312974,579.7616002382711,659.4566017156467,7.715800893492997
409,0.6109814422057259,1.64886255259467,1.4221990049751199,1.4022600276625201,0.848643044619423,1.13502042801556,0.813897110641297,1.12710939226519,0.5469186228481999,0.6312105586249229,0.5585711472181191,0.632657608695652,1.55521584699454,0.758523910733262,1.1458615384615398,1.0089572030758618,2.1767951840156647,1.4739875439188035,2.0810249213568768,1.5366246024992716,292.6801025751047,93.64619327243418,101.12450108863413,215.3957000700757,411.85240261256695,12.752099428325891
410,0.594054398148148,1.60041167434716,1.4151447368421102,1.42988265971317,0.681897085068412,0.896118541033435,0.6817559322033899,0.8716573926868041,0.58333257532689,0.637895589056393,0.593047775947282,0.641013698630137,1.54902578018996,0.80909691011236,1.10521091290661,1.0041876183863545,2.111802273927343,1.4781412581442486,2.0800240818912448,1.5420192439790523,291.1293035140261,98.39180274866521,102.13809873675928,227.02040150761604,402.34690095530823,17.057100194506347
411,0.11944478311840599,0.71207358738502,1.02501144366197,1.1619375696767,0.36619312906221,0.706868092691622,0.12696528376215702,0.164076376554174,0.269351869158879,0.5172868217054261,0.112979766697636,0.153009022157357,1.79533274021352,0.415393601190476,0.846709351305813,1.1590983983394518,2.0939765819018854,1.582273964763969,1.5186220541231523,0.3757880643518957,195.77050115913153,51.20479909237474,129.94469871046022,319.69819829100743,504.8279970651492,5.535899254027754
412,0.19343221340536898,1.11130990415335,1.06944623115578,1.4136265060241,0.431137458471761,0.719362999299229,0.14043932748538,0.165294146105467,0.5255074492099321,0.8453754848719941,0.125239116953987,0.152325529708105,2.5623245823389,0.6481815995189419,1.3098171428571401,1.445511662183986,2.077310457392178,2.8733329127206613,1.5129125307914222,0.3702321855307055,379.67300158925354,48.86950191576034,182.97999631613493,371.1183977429755,331.5615002065897,6.482999015133828
413,0.617729077253219,1.61525757575758,1.42679444444444,1.4991559766763798,0.71354990700558,0.871593,0.711702469135802,0.8623377156943299,0.603669101123596,0.652425915800984,0.615654661016949,0.665378831694621,1.54504881450488,0.831132089016511,1.1301603128054698,1.0140612035866725,2.1018141752364583,1.476169773892566,2.0531055765092394,1.5472950643140566,299.3443005834706,89.870800729841,95.59640166116878,222.46470034588128,402.28399739135057,17.834700702223927
414,0.106727030494424,0.735038062283737,1.0643958090803298,1.9197999999999997,0.633961730449251,1.0793769751693,0.141374232375338,0.17930633310007,0.499582766439909,0.8680909871244631,0.126043001860657,0.153136389767174,1.60316099071207,0.639549855907781,1.3249593613933202,0.9319402255548478,2.562612056594542,2.4652659095587373,38.2991693866311,0.37256861503252214,443.81799962138757,51.512800564523786,228.62599871587008,485.36320246057585,759.0142035041936,6.25449902145192
415,0.566444561774023,1.64454320987654,1.4217158808933001,1.4256626016260199,0.642328471781864,0.931217073170732,0.6395313081215129,0.932114170040486,0.584246035805627,0.64618315252074,0.588281300813008,0.6474819711538461,1.5451939849624101,0.8181665500349901,1.13393046033301,1.0203387395241876,1.7265963760625775,1.4744535035033433,1.6553469676691297,1.5096602426870012,294.08230329863727,92.94440096709877,102.896400494501,216.7202008422464,354.94579933583736,20.587199833244085
416,0.09893100421348319,0.7245826524198621,1.07854708097928,1.9401252236136,0.500504306632214,0.936481851179673,0.14017763873775801,0.17563691108749602,0.493973063973064,0.884058381984987,0.127324278022516,0.16220595637583898,1.45320474406991,0.652571192963167,1.32611020881671,0.9290577968644543,2.52080385229175,2.9204545656137317,1.8923089510263236,0.371078493794229,348.265198408626,53.32600267138332,163.11710205627605,373.3624020242132,446.7347011086531,6.088000372983515
417,0.120038170347003,0.723884758364312,1.0724325791855198,1.78585225505443,0.437761128250331,0.726984069514844,0.175423567977916,0.16806393574297201,0.33520157526254396,0.505421671566569,0.1601513116802,0.16491621311945,1.99206770833333,0.49108967136150194,0.891764806866953,1.437469584990383,2.1269404841866653,1.5971478153449505,1.492078933702742,0.3722715128296997,291.1479998147115,49.20089850202203,135.73490432463586,320.49080182332546,623.1610997929238,5.653798871207982
418,0.584929287305122,1.63921590909091,1.43151851851852,1.42560104302477,0.663505767012687,0.9627689999999999,0.663375486381323,0.949527777777778,0.5875766541151161,0.637977434679335,0.592925012840267,0.638626979792463,1.77406504065041,0.860240663900415,1.12766162162162,1.0189418571528686,2.1821933694014657,1.4763686300734866,2.088969318105411,1.5489015761030325,306.8845020607114,92.66850247513503,97.42869733599946,220.58489557821304,339.6239029825665,15.379099932033569
419,0.628207370737074,1.6537787878787902,1.42439005235602,1.4243012499999999,0.7167142857142861,0.927881118881119,0.7162377495462791,0.9383223529411759,0.6249116251482799,0.73194061302682,0.658108411214953,0.7183143405889879,1.56716512549538,0.839219570405728,1.15443362831858,1.006203450115381,2.575945226975009,1.481795125219318,2.0802911527373618,1.56178259112586,306.9001031690277,92.57849596906453,100.68419651361182,221.1187980719842,351.3241987093352,15.567700029350817
420,0.0982190397350993,0.7243123441396511,1.07230651731161,1.7597705479452102,0.303863956215794,0.514282914572864,0.14866781301745,0.167545102914767,0.206355500821018,0.312129851181792,0.13573954222573,0.153150146159979,1.85548375451264,0.329170869934826,0.618330543933054,1.185119536125535,2.1031666545577115,1.0704651743660867,1.1190706949422178,0.3743381466036055,198.46200157189742,23.013500322122127,91.36359876720235,267.8263990674168,323.08570080203936,5.3751005907543
421,0.622386162034299,1.64642019099591,1.63532814710042,1.63868333333333,0.6549076396807301,0.876828225806452,0.65555843373494,0.8771137724550899,0.545898491083676,0.665081829896907,0.550206161137441,0.669594577942083,1.73275298126065,0.7701244358478401,1.09156065239551,1.0149913643405664,4.899870614774279,1.477238834969167,2.0515395905595324,1.5549866903873824,288.36509882239625,120.55589904775843,125.83960051415488,231.55909875640646,487.67640109872445,18.405300215817988
422,0.577663870246085,1.6168153638814,1.38360406091371,1.38630841121495,0.75658888076079,0.840653212520593,0.757743243243243,0.8440354767184041,0.6463287066246061,0.630906186267845,0.644293177627535,0.631635687732342,1.53763157894737,0.820987688098495,1.1017987355110601,1.0134535972275849,1.716993118464294,1.475081831835299,3.3138868043036696,1.565027679753792,292.0779021224007,94.20209535164759,99.1767956293188,219.70590023556724,296.48360068676993,20.266299543436617
423,0.5854792004321989,1.65383219645293,1.44220484848485,1.44554719562244,0.671766459627329,0.892865622423743,0.6715398110661269,0.9131170000000001,0.580978016085791,0.628198651134273,0.589807430664573,0.6217435064935061,1.54038511749347,0.85113728432108,1.11130944625407,1.0104369233259147,2.1731940870807502,1.4770842657721774,1.6585204951430372,1.5498795025073375,307.34339816262946,94.0952988457866,110.6105963117443,226.66899749310687,291.2952986662276,22.45619980385527
424,0.5903321501014199,1.60874573863636,1.43642650918635,1.44274626865672,0.702777853725222,0.8993947990543729,0.702235401459854,0.89773371805441,0.593522657054583,0.683364242828552,0.600325028312571,0.7006635700066359,1.53783157894737,0.8430413354531,1.1507660818713499,1.0094449983868625,2.5983705270385506,1.482727193557115,2.865107314303734,1.5445846169460513,294.65639672707766,97.96580125112087,108.8623990654014,216.84460079995915,285.3641955880448,18.218299373984337
425,0.45654755555555604,1.93204666666667,1.07086548488008,2.77777297297297,0.516715075376884,0.9011779999999999,0.12034441903970101,0.179581713084603,0.761956871345029,1.29438867924528,0.106830392899664,0.165310036700176,2.47940707964602,1.01122673434856,1.9257304492512501,2.085313745113774,2.54312403750747,3.805494640120155,2.6775748744035512,0.3742023562356963,531.2023989972658,67.01609818264842,191.5320026455447,420.64250010298565,546.2948000058532,6.852699152659625
426,0.11872343589157,0.725228610540726,1.07355917159763,1.75888032786885,0.519870517928287,0.914759541984733,0.166960761966786,0.180728174251815,0.42195644216691097,0.6848828647925029,0.151392222061587,0.166297572885251,1.8355008912656001,0.5865169106511859,1.10767680608365,1.3758154418262007,2.523999164682931,2.032031549615343,1.9300566898280918,0.37202720178592186,301.1526001500897,25.372201343998313,182.87379789398983,281.88649885123596,521.3419019128196,5.483999848365784
427,0.591520307354555,1.6589328767123301,1.43425229960578,1.43291104734577,0.68724345847554,0.886209482758621,0.688866161616162,0.891633606557377,0.5636030977734751,0.6796218708827411,0.571714687675858,0.685694140373471,1.52257840236686,0.7862132253711199,1.14853347280335,1.0149103644015018,2.178577489472657,1.4872247951221425,1.661627745936812,1.566719869960956,300.7256003911607,95.24359920760617,102.84880409017205,219.96500145178288,285.9832005924545,36.34750028140843
428,0.42345163663111396,1.9490969479353701,1.22151708428246,2.64397058823529,0.765743369175627,1.2603811533051998,0.149621198156682,0.169823555102635,0.863070119521912,1.41165738498789,0.13650333103606702,0.15318233989826502,3.2308554572271397,1.1113873370577299,2.14683551401869,1.2777002635531598,8.334252815459491,44.167027406795285,3.0542339683486626,0.3733063135426273,602.4550006259233,154.83689930988476,241.5535956970416,606.2725995434448,657.9726978088729,8.147400512825698
429,0.597781214203895,1.65393960674157,1.43034829931973,1.41894421768707,0.716551058530511,0.861769574944072,0.70574686882004,0.868712887438825,0.6092470308788599,0.65420305537874,0.594428488372093,0.6577942307692309,1.5316711509716,0.838223928860145,1.15999486125385,1.0137466237588013,2.5642792741399942,1.481469822883793,2.0849577830857644,1.5655896735490877,295.23639677790925,93.44680292997509,101.00849904119968,226.14910412812606,290.78099614707753,19.89760057767853
430,0.12130395040975,0.725793125,1.0695669371196799,2.37492433537832,0.547183971774194,0.9601042253521129,0.15344142705005298,0.167094489491974,0.530776105791154,0.874041095890411,0.13767308432807102,0.151984921439432,2.02513066202091,0.65161568627451,1.30502275600506,0.9299852764899503,2.5200417425345796,2.4574213578035855,1.8709209172138164,0.37264614286451403,397.82549865776673,24.71409970894456,131.0371997533366,326.88799692550674,376.60660163965076,7.400699541904032
431,0.566954437588989,1.6271967455621301,1.43602097902098,1.4360198150594499,0.684615240474703,0.878656178050652,0.6815193798449609,0.867642289348172,0.566868658131816,0.645705422023477,0.5511516587677721,0.628104903786468,1.5619556451612902,0.77445118949959,1.13846153846154,1.0026285083957294,2.5615808275874716,1.4752528417895152,1.6463943740634464,1.5434286500513181,292.5359018263407,89.08189774956554,101.97299852734432,221.71789896674454,396.12880209460855,13.510099961422384
432,0.215476237623762,1.12698837209302,1.05989191820837,2.4415991379310302,0.528217877094972,0.928443282381335,0.12695919395466,0.16594547028274698,0.494954092680814,0.905284444444444,0.11428124079709401,0.151305301096261,2.52256965174129,0.619421600877193,1.3004799528301898,2.3861603565742353,2.492638026458511,3.3011415748106465,1.8917350660231804,0.37120253694785343,394.4904005038552,24.034497619140893,168.99009933695197,367.1126993140206,479.4614025740884,6.352200580295175
433,0.603911227154047,1.61796213183731,1.4331923076923099,1.44229166666667,1.0303853989813199,1.53008963585434,1.02516076845298,1.53117113095238,0.584090172239108,0.632688734030197,0.587604875571356,0.634607164916615,1.76299158249158,0.82835049961568,1.13075808133472,1.0008959582900887,2.1443305059291813,1.4767630269670171,1.6439590015073895,1.5356325715529557,308.2323994021863,91.5343000087887,98.05180015973747,210.4189043166116,406.70989983482286,44.8997991043143
434,0.5825935613682091,1.64638646616541,2.0371832669322703,2.0327924901185797,0.664577277970012,0.895550194552529,0.663383286908078,0.882727935222672,0.556821613236815,0.6572531953743149,0.56160162601626,0.676470316622691,2.47210229645094,0.782385080645161,1.10545780590717,1.252241343173237,4.303182389355866,2.0120146558910914,2.0426997987116513,1.9332501057404214,355.65419821068645,94.88099894952029,100.14080035034567,279.33439996559173,339.27279873751104,13.800000306218863
435,0.620401726427623,1.61639541984733,1.42681527777778,1.42965694444444,0.731811515151515,0.907568421052631,0.725533052039381,0.9123706070287539,0.6212949599083619,0.688683016554261,0.645420955882353,0.693321380243572,1.5554765506807902,0.868775636083269,1.15871391417425,1.0036054039049538,1.7021537628054326,1.4740753557223998,1.6487305213097674,1.549360923738744,284.90199765656143,92.68339781556278,99.29489897331223,213.75880169216543,398.46530271461233,15.557899314444512
436,0.5133482963764201,2.36719018404908,1.06642116182573,2.45496650717703,0.492238950947062,0.8714877843302441,0.12026750547046,0.166224984167194,0.519773882113821,0.8051356184798809,0.10645579238208,0.149669867635609,4.38812931034483,0.7580981156595189,1.3810295857988202,2.7762810084896814,2.0625104908085254,4.135367953833219,1.5014671214272632,0.37200031485090934,460.7938972185366,24.708002456463873,114.3243964179419,382.96780112432316,431.9614003179595,7.523800013586879
437,0.103670714285714,0.725358218318695,1.01570471698113,1.29047908745247,0.293549942922374,0.511784622966979,0.138758499255045,0.16610762982303498,0.195609895337774,0.310657731284734,0.124958558765972,0.15342211566405098,2.27730291262136,0.318807681117253,0.617030226700252,1.156276407257912,2.0546384206231854,1.067750113036805,1.1110979889824446,0.37283797441005684,191.3071027956903,67.5767005304806,129.9649986322038,381.7288947175257,398.2233989518136,5.669798702001572
438,1.12777997671711,3.54155254237288,1.0770729455216999,2.4180694736842097,0.532932407407407,0.898226837060703,0.124080240831965,0.168540169823645,0.503408834993504,0.8683004016064261,0.11032159566609201,0.15272817843866202,6.1202865497076,0.683433285509326,1.3944432348367,2.3750434119989183,3.395448630555034,43.63137259475954,1.8897251150088643,0.3710956053178801,570.0342953787185,176.6116009093821,253.43539891764522,480.715800949838,557.7654024818912,10.427199595142156
439,0.625176923076923,1.66360916030534,1.43956802244039,1.43474876237624,0.7016002673796791,0.940530528052805,0.703505,0.935200683176772,0.619816598360656,0.6604890776699031,0.6140197294250279,0.664738733252131,1.51333422459893,0.847658448150834,1.07679306722689,1.0131172880799557,2.152573095379109,1.4683603316812242,2.0195528377757874,1.5359312312708373,298.0792007292621,88.6758993146941,98.79309654934332,218.09090249007568,337.9776986548677,22.567900305148214
440,0.624766037735849,1.63297054263566,1.4269418316831701,1.43525094577554,0.639242084432718,0.9598859999999999,0.6432752967778409,0.9638504201680669,0.586258984597832,0.6700888764673,0.583601230425056,0.680210174029451,1.80332454695222,0.8235753033547469,1.1322164835164799,1.001867779014659,2.1490994231301825,1.4692220531158664,1.6419640886265594,1.5368406281445124,301.4695001184009,89.34310171753168,104.1394003550522,214.9809995898977,278.18999951705337,17.368099361192435
441,0.596755889724311,1.60991492329149,1.43648010973937,1.4368521634615399,0.6785687143761869,0.8722688941925221,0.677095696852922,0.861720949957591,0.566391944990177,0.6208233062330619,0.574884346959123,0.6394485981308411,1.50284856396867,0.788546821599453,1.10543469971401,0.9982497145066827,2.154866192787881,1.4764594217767872,2.483899614368746,1.5283617991015088,302.50530398916453,92.7503002458252,102.53669752273709,232.15509863803163,279.5948981656693,36.672600253950804
442,0.0844961422587993,0.7334405974202309,1.07163920750782,1.54329714285714,0.283531604938272,0.505821830641214,0.133905066977286,0.16687745915305102,0.19028336483931899,0.309144621874058,0.11900529170525201,0.15349734748010602,1.82674294670846,0.312207917888563,0.617154028436019,1.158749595317374,1.643747174113518,1.0737367600727927,1.121191726199073,0.36996523836322254,184.29320043651387,44.068497663829476,112.42249747738242,213.19520310498774,325.52239863434806,5.454299389384687
443,0.304957413249211,1.5437546916890101,1.06744144981413,2.7857008086253403,0.779229108635098,1.29898008849558,0.138966904607398,0.1639146567718,0.7703706505295009,1.1913350515463899,0.123232872374116,0.155815299592787,3.92681944444444,0.9762800338409481,1.86407208872458,2.3880621922864163,2.9563119932137316,43.39836557746639,3.094562324798494,0.37515909873209474,545.4559999634512,70.69150160532445,232.41110175149515,485.8781976508908,643.8873970182613,6.8972003646194935
444,0.416353046594982,1.93758727569331,1.43498763906057,2.74354797979798,0.605893026004728,1.08804010938924,0.138033357771261,0.166229978081268,0.8833714069591531,1.43720208023774,0.11979538663798302,0.149715334207077,3.06173076923077,1.06854793138244,2.02987221095335,2.159165007991093,2.9842517801046817,43.43118013931743,3.449325038190049,0.37275916909390694,585.7773998286575,70.86599944159389,231.67600011220202,585.1392983458936,637.6394012477249,6.61710073472932
445,0.611878228782288,1.5901836419753101,1.41271030640669,1.44465179677819,0.800910447761194,1.09949839914621,0.795094153378891,1.11232647058824,0.565731129476584,0.628381506090808,0.571446111111111,0.636874630396215,1.52252105263158,0.7902460804362641,1.1278188073394502,1.0096102242531233,2.1769524940031553,1.4698625691164517,1.6500283107023277,1.5350426723424766,303.24570107040927,96.14480222808197,101.90230241278186,224.55669968621805,406.0674997163005,17.12889934424311
446,0.948665843621399,2.69022982885086,1.16114257228315,2.50298695652174,0.7158650176678449,0.945544700460829,0.71220028510335,0.948285478547855,0.561201535508637,0.667852173913043,0.5613621022179359,0.667073754152824,1.9417461669506,0.773879129129129,1.09957127771911,0.9972251566197037,2.1143790300970586,2.00175440621351,2.0452269577778677,1.9397441475488841,334.2310999869369,133.91849788604304,144.8506984161213,324.60200309287757,379.3241980019957,12.023199815303087
447,0.12832057602490898,0.722830811554333,1.0232125748503,1.04898282442748,0.329725115740741,0.552246788008565,0.16643693255512299,0.168516819120685,0.224669315172153,0.347103716216216,0.15140947461257398,0.154571651754012,1.9987553816047,0.353931872646354,0.621856785490932,1.1654519379659538,1.64068690178713,1.069371507196476,1.1217024120050614,0.3717167771665979,194.82220232021064,49.90449961042032,88.99880049284548,209.66689917258918,269.5974995731376,6.2197999795898795
448,0.601044979079498,1.65013018597997,1.4218819951338202,1.41598730964467,0.651338630136986,0.853292755787901,0.649950875211745,0.8442078431372549,0.59593023255814,0.6230913016656391,0.59854054054054,0.626504559270517,1.4824645441389301,0.825877947295423,1.08112606635071,0.9988489762507332,2.570709768814176,1.4664981723975108,2.447193336218274,1.5465920477465525,293.6549033620395,88.28000136418268,93.87400059495121,228.2713001477532,279.15549580939114,25.34910017857328
449,0.123281260705721,0.705883737024222,1.0707832335329301,1.6084399999999999,0.42916568296796,0.742352752880922,0.17194605933473198,0.175041717791411,0.330691867852605,0.532457662337662,0.158398086633006,0.160165588274132,2.38782126696833,0.475082448979592,0.846327073552426,0.9108851693480498,2.488612256864446,1.5743437573089583,1.4918490433340796,0.3728595690890792,293.44980139285326,49.28750131512061,114.43569674156606,317.63949809828773,439.11670363740996,6.312000914476812
450,0.111046582225479,0.717605728214503,1.06834447539461,2.17025698324022,0.552438029661017,0.880922315308454,0.147200116262171,0.16907007731534798,0.523966819806024,0.849957570715474,0.13262162496903598,0.154183898183898,2.15931656184486,0.746680482290882,1.4256631701631701,0.6740217108574682,2.5022056455806223,2.4497511285864597,1.890490789277348,0.3729441114489567,400.27180075412616,45.896599476691335,163.85960043407977,323.11199756804854,618.7108985614032,5.968399636913091
451,0.10311733114873499,0.9708934764657311,1.06980960854093,1.62052121212121,0.530756806645132,0.912559513466551,0.180626207623397,0.166367670877875,0.429120780195049,0.6890588235294121,0.168091339096395,0.156082728982004,1.89271147540984,0.602668412781561,1.13095441319108,0.6756028634336665,2.5345847663932823,2.003608980446215,2.303695080085707,0.37131658976275417,241.2133981124498,49.049897643271834,136.44220161950216,386.3808000460267,426.6817995812744,5.456199869513512
452,0.600474392136575,1.6746282642089099,1.62358832335329,1.62544651162791,0.667154855643045,0.946352475247525,0.665903392754457,0.946858823529412,0.572290338645418,0.651455605962411,0.574927560837578,0.639039227895392,1.5419806201550401,0.80866,1.12966502463054,1.00713872900976,2.5712941802987577,2.022421339043071,2.4979696128613,1.9193952234273284,350.14040040550753,94.568298663944,104.93739828234538,222.6981974672526,343.3100020629354,12.945600610692054
453,0.10755860052982599,0.736075187969925,1.07185812807882,1.55930842391304,0.291753762324857,0.514541705716964,0.139867433776819,0.167069787728991,0.194934619156587,0.31831251660908905,0.125899411508282,0.15250463085472302,1.58664385692068,0.32251478112564,0.591807511737089,0.9125347180626608,1.6469776969021928,1.0595540675325066,1.1196499434066394,0.3702387586388514,290.76369828544557,46.52890202123672,91.38089953921735,313.1958990707062,348.2972038909793,5.977399996481836
454,0.106805800617556,0.724829177057357,1.1200988258317,2.31877642276423,0.689171319796954,1.13645503791983,0.164143841102034,0.16781534132977902,0.6786825,1.05377955271565,0.150816350536686,0.153806912196424,1.6364920174165498,0.962721033868093,1.71804522613065,1.4483514958965442,4.307098892652608,2.8924809437731036,2.6793857222980924,0.3721171148333992,504.47700050426647,47.03300364781171,207.167501503136,370.75669824844226,497.2108014044352,6.363200373016298
455,0.0860630966587112,0.7271133956386291,1.07701967213115,2.4641842105263203,0.73348808757244,1.2802482352941198,0.118395426195426,0.166432326530612,0.7254300071787511,1.22038469601677,0.10514366346238599,0.153964306029579,1.64327272727273,0.861424722662441,1.81223208722741,1.807049874199155,3.831744017348924,3.3097262939417913,2.2916875652649016,0.371589774552522,296.04280134662986,69.80970210861415,178.7616012734361,406.49319998919964,641.0296991816722,6.021199806127697
456,0.61734,1.63369464544139,1.3878152173912999,1.39708192457737,0.878513076923077,1.12906033630069,0.868671521035599,1.12424332344214,0.638936,0.631175531914894,0.668960829493087,0.635400664084117,1.51752654867257,0.819269770879527,1.13659137055838,1.0000402924150873,1.6931770152801153,1.4737900602615859,1.644249682143456,1.5320345787889114,280.79670009901747,95.09180235909298,102.07479645032436,231.306700152345,332.3052020277828,16.62360009504482
457,0.10285453613531499,0.726516029593095,1.11930991735537,1.3674979973297698,0.33069983277592,0.516999553770638,0.162590629370629,0.166125668835864,0.22423421509944,0.330068174962293,0.14799139696845598,0.151474821153037,1.76356515151515,0.35116187828236,0.625362032085562,1.4886891108893696,1.63825315595837,1.0618676173133723,1.118223192675254,0.37247171236656557,145.79869894078,47.10680077550933,109.84729888150468,263.7189973029308,325.47799637541175,5.55019942112267
458,0.673265017667845,1.6596387362637401,1.4301754176611001,1.43023056653491,0.641971046770601,0.9078475991649271,0.6477789789789791,0.902261862917399,0.604627653123105,0.6677073482428111,0.60048,0.673558338826631,1.52639398496241,0.821941428571429,1.11513757700205,0.9996636831814519,1.716202599995052,1.4792871085414474,2.429687966397634,1.5279741885313114,304.82250003842637,91.40220208792016,97.87409944692627,223.2550978078507,409.3596959137358,20.063600095454603
459,0.641733893557423,1.63075923190547,1.4197601683029502,1.41070788253478,0.7982392550143269,1.1057815217391298,0.78961581920904,1.1142763596004401,0.5648170117515391,0.691624,0.582163489312536,0.702628,1.5319710526315802,0.7971918876755071,1.13072201257862,0.993223168609985,2.091977481359453,1.4647998052305524,2.007157825354775,1.5198488157973684,322.4588988814503,94.47960037505254,99.56750000128523,228.54150010971352,364.9493955890648,21.693800226785243
460,0.450897651006711,1.93342418772563,1.0725937183384,2.43983820224719,0.7948553846153851,1.36807619047619,0.123008298256164,0.17307603930461102,0.866393,1.38832616487455,0.106961683706365,0.158122007722008,2.86329556650246,1.11620500481232,2.14671402214022,2.4225782999329,2.5184881259041925,5.8633904467955045,38.604864909542265,0.3717249608493915,485.73320236755535,93.527500575874,216.25359950121492,616.6289997054264,694.168898917269,7.11579923518002
461,0.592774008050604,1.9742749140893499,1.41458359621451,1.42076695437731,0.7165389999999999,0.9186473175021991,0.715391,0.912152454780362,0.65288578680203,0.678685039370079,0.6128984161660299,0.6895129999999999,1.52163914780293,0.864504340277778,1.1309717391304301,0.9984271874218814,2.099517299863761,1.482708645008057,2.854688017992095,1.532050267834057,305.89579982915893,91.91090357489884,97.46979922056198,213.40829989640042,344.4146001129411,18.902300507761538
462,0.322836428181322,1.47627912932138,1.0775868917577,1.3957582417582401,0.48310899571632604,0.886945205479452,0.127259714814412,0.186451952770209,0.385474990454372,0.6888195754716979,0.111304897959184,0.171221964935495,2.9864793814433,0.516573542210618,1.04815574650913,2.1046164126391695,2.50626068280816,1.997382771683364,38.32690685986589,0.37051294240816357,345.2807985013351,65.89490076294169,196.45970169221982,475.7748989504762,526.6366992145777,6.589000986423343
463,0.573240481927711,1.61764306784661,1.43384938941655,1.4193657894736802,0.679194520547945,0.890123693379791,0.678415303738318,0.8900147697654209,0.5681525423728809,0.659827067669173,0.579852295409182,0.66798275862069,1.73099318568995,0.7965994475138121,1.11969147788565,0.9989364826316192,2.1038651764611913,1.4924035249304108,3.327709172618683,1.5190066779245297,297.4940027343109,89.9591002962552,108.0231013474986,227.707700105384,273.34690239513293,42.062099964823574
464,0.641016160310278,1.6472676056338,1.42411377245509,1.40489335180055,0.637990841442473,0.9155749364944961,0.647919808497905,0.906361219702893,0.5632477829942619,0.646409808342728,0.569827063447501,0.6623470031545741,1.50924803149606,0.791949898442789,1.08338727076591,0.993461964770305,2.588461684628969,1.4647418859389885,2.040058916658449,1.5170904114855104,309.4840998528525,91.59350011032075,100.58330080937594,216.82839724235237,342.2232999582775,17.829400894697756
465,0.595635432667691,1.63763187588152,2.1075753968254003,2.0860102459016403,0.8012227642276419,1.1378119047619,0.791646090534979,1.12876510721248,0.530925025853154,0.6595957076566129,0.5463799032778079,0.67981759149941,1.74914123376623,0.762531124497992,1.13350454545455,0.9910650571436647,2.5504485220835456,1.9832205522560427,1.9939493761081695,1.9128454523772906,355.45280115911737,108.78549655899405,120.99369923816994,257.246800174471,491.90619902219623,11.931000335607678
466,0.0980141252271601,0.723951117318436,1.07368234064786,1.42049206349206,0.451514972585407,0.6962891052951921,0.180859431524548,0.16957399937946,0.332683606557377,0.512213716814159,0.164189525831564,0.152007731192388,2.36686534653465,0.485690932311622,0.874292929292929,1.4288459105352804,2.0481649303416067,1.5564461351462515,1.4809915939626794,0.36877534391537686,184.9432970630005,45.32189923338592,130.09289978072047,319.0155024640262,507.6408982858993,5.388399586081505
467,0.22167607267104802,1.11499154135338,1.07206576200418,2.38399175257732,0.802108003108003,1.27466075388027,0.169196121708971,0.167153347382072,0.738111,1.2180880773362,0.152849467206964,0.152709921156373,2.4610507099391503,0.9605501644736839,1.86838970588235,1.9281394650705044,3.4213332206470435,3.3009335125460555,1.8948995453985096,0.3723594483273747,545.0525975902565,65.29710080940276,194.7474986081943,534.6908001229167,705.3563997033052,6.945700442884117
468,0.13826511690405802,0.7239901173563931,1.07181634712412,2.07165873015873,0.527267930327869,0.883661357921207,0.142882524271845,0.16615929344366598,0.418857901184157,0.696752901023891,0.129692350179508,0.15314209039548,2.248802734375,0.542994977398292,1.06706570048309,0.6709673478405503,2.482002176459753,1.9802663797930904,2.2620859362541537,0.3693295642472796,275.3229971858673,51.14959931233898,145.30130283674225,368.87940077576786,615.9731012303382,5.828001303598285
469,0.302134690462911,1.5020398899587302,1.06445612244898,3.370090625,0.9273254029163469,1.5403825301204799,0.149908195479227,0.192214590747331,1.1537687927107099,1.78385893416928,0.136058927359131,0.180070387952202,3.74073818181818,1.44312978986403,2.6220078534031397,1.6537213857787876,44.04375769330597,5.454631158371465,2.670888007272002,0.37005933899335797,533.7140028132126,127.91650515282528,235.9110992983915,477.6415982632898,651.2677995488048,8.101300045382231
470,0.0862258795107957,0.738081593927894,1.07507489451477,1.81031868131868,0.5219610859728511,0.83719911176906,0.13364559433732,0.166458470807632,0.401654233494965,0.6274910501193319,0.11831374584717601,0.15245960714813198,1.2621237785016302,0.506333644859813,1.05278604651163,0.6631818846858003,2.4711071118160413,2.405285750764148,1.522949357633937,0.3712298985203346,225.93910398427397,45.73179758153856,111.49850179208443,252.69889883929866,395.4029962187633,6.546999793499708
471,0.580966470588235,1.6265830903790102,1.41243347639485,1.41047513089005,0.647157124681934,0.894279,0.647710023866348,0.874179195804196,0.5486432062561091,0.6691291428571431,0.54992581300813,0.6573349784083901,1.53130900621118,0.759475974025974,1.0820981661272902,0.9843897895095889,2.086057573827999,1.4605381847566938,2.0319184576331755,1.5140657262663992,301.41789611661807,93.04359991801903,105.48599966568872,218.31940102856606,346.34390176506713,16.801799938548356
472,0.135849383897595,0.7070897357098951,1.04345742753623,1.62247416413374,0.51976559714795,0.862416239316239,0.15110223736849898,0.166168448783512,0.4134607603767,0.661501955671447,0.136331602077507,0.15129088818626,1.84493565217391,0.5542238442822379,1.06925168756027,0.665889745789428,2.4873898323343386,1.9690793988366464,37.91919458912956,0.36843376852363463,319.8890990461223,44.42550125531852,165.16079631401226,368.5342977405526,435.3734984761104,6.414299423340708
473,0.08444146809531419,0.7069050464807439,1.0723966421825801,1.85043243243243,0.436748082822086,0.759342632331903,0.155404268292683,0.19163561299587098,0.420645976181884,0.684215711526079,0.140856973995272,0.168277257626095,1.80066666666667,0.525987154150198,1.0496558577405901,1.160890399725865,2.0516726716953264,2.416592494163684,1.4834376776050981,0.36921010127969817,276.2924981652759,23.819402849767357,117.19279864337295,263.6010991409421,315.5206999508664,6.32900046184659
474,0.5845105421686749,1.62555221518987,1.4276578125,1.41944722222222,0.6590535818287709,0.87822150882825,0.6554168689320391,0.899615320566195,0.550767943874798,0.651495207667732,0.5503828049951971,0.659194048357099,1.5409322766570601,0.786824221453287,1.16640804020101,0.995763910568935,2.1411003853110353,1.4920643071392303,1.633527385696281,1.5272038089199893,287.42900176439434,94.13139778189361,109.9367014830932,211.95539884502068,272.6303006056696,26.28539950819686
475,0.102138725490196,0.7267312119160461,1.12812984496124,1.75492150170648,0.42416858552631603,0.7239590443686009,0.146944230769231,0.18763443010361802,0.40567641169403296,0.630326384752829,0.13160884619680602,0.154191017964072,1.7718269525268,0.5293762662807531,1.0344406604747198,1.1729647605904583,2.0799813700907386,42.26273090414269,1.5052836709385853,0.37169747944302567,316.2294946378097,45.78259831760079,163.10319770127535,329.5533009804785,470.598298124969,5.8860008721239865
476,0.6078880445795339,1.63088308115543,1.39746611341632,1.42784190715182,0.703338225483656,0.908142857142857,0.6993324791800131,0.886895214521452,0.601417082917083,0.661538181818182,0.596025791324736,0.667945833333333,1.5593434190620301,0.8221776315789471,1.15228831168831,0.9932996237426956,2.550541658816367,1.5343875335821762,3.2590243218962063,1.5292928541397,296.1265010526404,91.75550076179206,108.47969824681059,267.51909899758175,331.7112001241185,13.566200505010784
477,0.108714157078539,0.733394557823129,1.0689423255814,1.42861559507524,0.424001241208109,0.6881317135549869,0.128580053839251,0.16320444373401502,0.399951037994516,0.669397458116696,0.113482084367246,0.15313956114875799,1.60584678522572,0.513494643688868,1.0384661791590502,1.1827834350393687,2.497365225765358,42.290939967153854,1.497736813626473,0.3690837257555702,274.4840981904417,45.55470077320933,151.1825990746729,262.58819707436487,515.6526996870525,6.206100806593895
478,0.33159617612978,1.53755335968379,1.0585417814508702,2.4570827250608303,0.667027709359606,1.10568270120259,0.12898921630093999,0.164852620234407,0.763959821428572,1.3123636363636402,0.11383032852564101,0.150862017804154,2.5574434589800403,0.995182130584192,1.9294695945945899,2.3735505645408543,3.8434489617386007,3.2503373758671428,2.289338015687882,0.3716808365659399,438.55420080944896,65.95649902010337,258.6909002275206,586.1596000613645,531.5321977832355,6.790600309614092
479,0.618590724637681,1.66632506887052,1.44334852546917,1.43302864938608,0.636134213421342,0.933595152603232,0.636387719298246,0.936103008204193,0.561756169792695,0.681536266349584,0.562781429316641,0.678071816535908,1.51146428571429,0.7688635761589411,1.09118080808081,0.9918864184370795,2.125036271869249,1.4723247440401597,2.049159380932311,1.5187533135173195,293.7094002845697,91.12249972531572,100.47230316558853,219.30820075795054,411.25050047412515,11.891098984051496
480,0.598929577464789,1.60243156424581,1.41353902439024,1.39170547945205,0.786356363636364,1.08825239616613,0.8048593866866119,1.09825137211855,0.565500846979108,0.660527472527472,0.570366910523354,0.677234129692833,1.47728853754941,0.793501079913607,1.0896278158668,1.0066418840457498,2.079861353610752,1.4747275228800185,2.405624280264974,1.5365041171214524,292.95490094227716,95.07109934929758,99.55550049198791,217.6014953874983,356.2037003575824,36.34129971032962
481,0.0975898183636061,0.724011124845488,1.0649063414634101,2.48947457627119,0.60954189336235,1.0739523809523799,0.155375731213439,0.16607520661157002,0.5167114882506529,0.8490145454545449,0.146452119309262,0.152516267237917,1.64226120556414,0.67522669735328,1.3409173859432801,1.7512816654619008,2.9086378712767154,2.4318095419180423,6.986593987091635,0.36855275333423787,453.1040016445331,44.72740110941231,136.82690187124535,460.67649964243174,791.7655006167479,6.164399383123964
482,0.6064245449207281,1.62609907120743,1.43038591549296,1.40926417704011,0.66819205690575,0.895494303242769,0.667449214026602,0.887920384951881,0.5708910526315789,0.656829347123465,0.572983844011142,0.685817794028032,1.50778919860627,0.822419591836735,1.08786685823755,0.9987318763204801,1.6975512797329781,1.4688125752065626,1.6384830158721053,1.520946091948529,288.7182999984361,93.06220017606393,99.83689960790798,213.48239824874327,296.99359729420394,18.736699712462723
483,0.147721971939761,0.7054024464831801,1.04226223091977,1.77768772563177,0.45918856655290097,0.932461726384365,0.124604204267969,0.163369993540052,0.364825875823795,0.693365122615804,0.10992203667657,0.15479432343234298,2.39793181818182,0.487863942523574,1.0443280871670702,1.1503157309865086,2.4821565476518472,42.598173122131904,39.01121046941952,0.38296289005606854,347.9035003692843,47.488299605902284,179.23649866133928,426.0045985574834,550.949499302078,6.453300011344254
484,0.585378476420798,1.6501949152542401,1.61783121019108,1.6177743732590502,0.622809267241379,0.912649458784346,0.626870480302213,0.913549775784753,0.5567010947168011,0.682812314979278,0.570120410367171,0.698697042848521,1.9623781942078398,0.7454712933753941,1.11373498964803,1.3159092230353155,2.5601833791415203,2.0044875355980496,4.112369608400901,1.9159564930851092,349.0197006613016,89.01819965103641,100.54469748865813,272.90180150885135,442.16199894435704,14.141800056677312
485,0.101904211888878,0.830113328581611,1.06087409700722,1.8721204188481702,0.5553401261523531,0.903971977582066,0.175103432700994,0.17325964436407498,0.427315418828762,0.6985383700178459,0.159043414275202,0.16099151321056798,1.75579792746114,0.585777777777778,1.07799238095238,2.0703306131750914,2.9476166264148107,2.010644555270203,1.8971798524241905,0.3717114323967987,300.60149874771014,47.16939874924719,175.43229914736003,380.9073008596897,624.8248013434932,5.547200271394104
486,0.120199645272143,0.725719451371571,1.076223,2.0149661354581703,0.611763677382967,1.11521421889616,0.12377634934126601,0.175936261107314,0.588923076923077,1.05265538461538,0.107503574346405,0.161317592979524,2.0326297029703,0.817542674253201,1.6939583333333301,1.4838543238270632,3.422865325822113,2.853716683234198,1.8788218824717156,0.37211036335287806,438.29589703818783,23.339800827670842,166.78939864505082,263.7172015965916,384.11990099120885,6.311500328592956
487,0.600033180778032,1.65493684210526,1.43720588235294,1.43368694550063,0.66709,0.881178448275862,0.6629423868312759,0.863010760401722,0.586600814663951,0.6479410443571031,0.588680778588808,0.65125150060024,1.52364602960969,0.7988804422944019,1.1135419047619,1.005989789917168,2.15516781716149,1.466786676144883,2.441546143465362,1.5182076185943787,286.45409911405295,94.94680125499144,108.76519954763353,216.7379978345707,381.81130221346393,15.632899885531515
488,0.12111940621952501,0.730080139372822,1.05323419689119,2.39983898305085,0.499681795998048,0.882366,0.145053299492386,0.16871201040143,0.398107467404188,0.6763539325842699,0.134447270931094,0.151439880020866,2.3563762993763,0.536771855010661,1.11565085388994,0.9220972979782562,2.5247862236592455,2.0426985312328587,1.9191694788264215,0.3733361473242681,554.3937004404142,24.09049920970574,142.1354987542145,440.1017024065368,709.642400033772,7.169600576162338
489,0.12386314085267099,0.723289836888331,1.11686731707317,2.0847466410748603,0.569942298521698,0.8809538714991759,0.166705978341492,0.174039619112396,0.5337197696737039,0.862581059390048,0.152815513062214,0.159611426079372,2.3573608695652197,0.746653153153153,1.36063494318182,1.1552487901858581,2.475982072776229,42.85401855748519,1.890313828424376,0.3687455783685094,417.61309694265947,25.551204453222454,169.34669838519767,360.54910015081987,431.4333971706219,6.174300506245345
490,0.10311778158948,0.705583128078818,1.07187798165138,1.8044518900343598,0.406943650469579,0.73461320754717,0.133850327092263,0.174809509155255,0.502870806209314,0.846871956009427,0.115736481861739,0.161060049919248,1.8395974955277299,0.6197931570762051,1.3167463193658,1.4404783132377552,2.081480342222889,2.4314521448586395,1.5157642820279391,0.3731391824839383,373.9010004210286,48.818200593814254,153.03569962270558,311.37810146901757,423.89979935251176,6.106898945290595
491,0.580510607521697,1.6189421613394201,1.45640379746835,1.44584841075795,0.7209115987460819,0.8556040268456371,0.7246715997181109,0.8490173841059601,0.605662827225131,0.644165762507535,0.6120366705471479,0.651972733037413,1.55009955423477,0.83367890625,1.11388785046729,0.9946402669168831,2.9920378240417937,1.4829760109873733,1.633157156255999,1.5153132221678163,294.26109977066517,89.23730056267232,95.71420087013394,207.8091012663208,336.8252015206963,14.504000137094408
492,0.0971511963346343,0.8299708130646279,1.05946783088235,2.60243652561247,0.739693196405648,1.1270170132325101,0.167950225585795,0.165055937052933,0.5359912461380021,0.884864726027397,0.153537511032657,0.152140116869919,2.05976660341556,0.6677972292191441,1.2803997412677899,0.9110487778455005,2.8952063936673964,2.8116104907119364,2.695518991521945,0.36970785471339945,382.8250992228277,50.035999447572976,138.00500164506957,359.70899771200493,663.082800747361,6.438899436034262
493,0.637962829736211,1.6520450310558998,1.43901195814649,1.41065286236297,0.8103982442138871,1.05079614325069,0.814858710562414,1.03684039675383,0.6097971698113209,0.618137752161383,0.613609691160809,0.630764242424242,1.53874210526316,0.826035328046143,1.0824812030075202,1.0035480807716999,2.14600853288813,1.4912119965291841,1.6339508360962018,1.5291738880833543,308.81099810358137,94.27360346307978,110.4895054595545,216.40699851559475,280.3420080454089,19.936599710490555
494,0.578966432865731,1.58308370702541,1.4206268844221102,1.42135900962861,0.673994148624927,0.8874233463035021,0.6667903014416781,0.879831472081218,0.615066101694915,0.6710344395742021,0.61268726691529,0.6907833219412169,1.50765841584158,0.858288544358312,1.0860753275109198,0.99235685464369,1.6853310571006863,1.4740973560161903,1.624857293382294,1.516417687167829,292.51239902805537,93.59649993712083,98.6814993666485,210.73389943921939,328.6281003965996,18.05079955374822
495,0.120129450601273,0.705868852459016,1.03505363636364,2.05195348837209,0.48999812558575406,0.887956279809221,0.14823644819067,0.169122124772464,0.39289818319455,0.64365906362545,0.13643548387096802,0.167170027873422,1.97869380530973,0.579628959276018,1.12414498510427,0.9045375980164919,2.4726512270584053,2.0385676107429096,1.8943630647578549,0.3699950336288127,371.1474986630492,23.839199275244027,142.58749724831432,358.250000863336,491.5037017781288,6.220300565473735
496,0.56800161637931,1.65950992366412,2.02679261862917,2.0526278625954197,0.664585351787774,0.92434007029877,0.658229638701776,0.9196618765849529,0.581185185185185,0.653719557195572,0.5787624716553289,0.654932777777778,1.73657996768982,0.824957112223016,1.11972919109027,1.2486211160785359,2.1085792216411194,1.4732554664161237,5.320898725391529,1.535861036077296,337.3214989551343,132.20900145825,145.78380214516073,284.39149900805205,522.3046013270505,14.161699800752103
497,0.116513502496688,0.788688546550569,1.07133644859813,1.2389526123936798,0.39640675017397403,0.745950226244344,0.146988114754098,0.16769036360671802,0.310138361508453,0.49196563723358,0.131739105956536,0.154821387115496,1.78199333333333,0.447287846481876,0.874674520069808,1.1514889495178957,2.1299616077422487,1.5878583285194756,1.5458101103517194,0.37151296776281667,187.78929952532053,43.62519830465317,153.2268986920826,264.2333027324639,502.83430027775466,5.505999433808029
498,0.108635947774707,0.709745917700849,1.07481708449396,1.78668654434251,0.508425612052731,0.914783259911894,0.159550636492221,0.175808462238399,0.50828994576554,0.85016067146283,0.141603248259861,0.157921585749214,1.8222921875,0.654403234802008,1.2814745011086501,1.1567604053659113,2.5212381519472498,3.2490087739850715,1.8883277734731574,0.3704711139686701,361.0614992794581,24.13769980194047,158.55110104894266,373.3507983270101,716.7929972638376,5.646600038744509
499,0.36743049645390097,1.1264938144329901,1.44353983516484,1.4262253694581302,0.6752320047590721,0.880011467889908,0.68279863692689,0.8809813559322041,0.560856270810211,0.652415893271462,0.573130892678034,0.656423379769836,1.56453111432706,0.788104151493081,1.14080148619958,1.001845973360776,3.389423227108936,1.4676686196699595,2.8433724805437395,1.5274799180387677,279.73469987045974,86.4859001012519,99.7565992292948,230.22889654384926,327.5462979217991,14.69389972044155
500,0.580085457271364,1.61138495575221,1.39639389920424,1.42963105590062,0.801665351223362,1.12896790890269,0.788905976676385,1.1068204633204601,0.55724398249453,0.637836302895323,0.576083187899942,0.635996585088219,1.5197994100295,0.798904794996525,1.14572045454545,0.9963973668606337,2.1506807791289284,1.4910375592623213,2.053663193880659,1.537386002188457,310.82899949979037,91.97639883495867,102.23469871561974,235.26699806097895,275.12069791555405,18.918099522124976
501,0.102558586484811,0.721065171688858,1.07276574074074,2.1141955307262603,0.56383630952381,0.8798452107279691,0.159944671532847,0.167584822736595,0.439291684618699,0.665759515570934,0.142085400569337,0.150361763548091,1.74086186186186,0.580478560867422,1.05876800847458,0.911867372286627,2.493070310982112,2.014062512979621,1.8864783348739884,0.37084004620752786,289.2961012548767,49.14650053251535,193.59470024937764,385.7605013763532,656.9975026650354,5.873999907635152
502,0.589305231081767,1.58838058551618,1.43322789539228,1.40380395136778,0.804437981779958,1.06515314401623,0.806749824314828,1.068875,0.572463784390792,0.6392442510876319,0.576206550449023,0.6422737020316029,1.55749004594181,0.80890851513019,1.1612069632495199,0.9985942015618418,2.1732919624644214,1.4666221356357583,1.647256730163138,1.5300587670560877,299.894496856723,92.26259717252105,98.41430000960827,213.1777990143746,456.5757029922679,17.398600175511092
503,0.103826241475363,0.718922324159021,1.08318649193548,1.4180760719225498,0.392535317318035,0.69227065351418,0.133354336833917,0.167524650374347,0.49012515489467207,0.835037151702786,0.120401196902136,0.152982481540466,2.2754192771084303,0.737483365949119,1.4481821974965199,0.9085898879056601,2.0500326093314194,3.2893075996897245,1.5139580760291835,0.3663203681759921,323.38509772671387,43.12380333431065,154.2798025184311,400.3865964477882,438.71010275324807,5.986599717289209
504,0.599420681551116,1.6436789772727298,1.85227066450567,1.8367336523126,0.678098296199214,0.899101759755165,0.673736046511628,0.9039185248713549,0.570698971304819,0.6727230971128609,0.56724439701174,0.675902173913043,1.5444069148936201,0.7943882896764249,1.10396228571429,1.3015444712432875,2.5556579059935576,1.4684337965654692,2.0257486674894922,1.5213353497807112,335.02499863971025,112.56009747739881,126.44819798879325,279.0013008052483,340.6745003303513,14.051201287657022
505,0.622591515151515,1.6528064516129,1.43571358024691,1.4114512040557698,0.787559256390395,1.11600980392157,0.807033826638478,1.13826582278481,0.590574245939675,0.665254368932039,0.589926590538336,0.658270254957507,1.5444323943662,0.796123222748815,1.07693844492441,0.99802716000492,2.1489981549716,1.467127316192694,1.641412161200587,1.5244720670411882,284.6124014467932,92.07089751726016,101.33139876415953,226.23749973718077,275.0632993411273,17.548199684824795
506,0.917116222760291,2.96010410958904,1.0795,2.84881440443213,0.741044,1.2606619099890202,0.11235268489271301,0.162427146024707,1.1127238372093,1.77701050788091,0.0965820119137511,0.15356948595337702,3.74743,1.1497384464110099,2.35955648535565,2.6898811073895446,3.4194684132849833,4.15656239061807,3.4426279562922097,0.3709306589586156,530.4873018758371,132.86210160003975,220.724698738195,507.1545980172232,703.4752969047986,8.466900908388197
507,0.598954651162791,1.61819209039548,1.45726842837274,1.42379637377964,0.6362777777777779,0.959433884297521,0.633015798712697,0.945474151857835,0.543835989717224,0.6879698759598349,0.537972457627119,0.696296169630643,1.51029837518464,0.7721962825278811,1.12126340996169,0.9975183385737124,1.7218206453508946,1.4746379756974046,2.062931763307182,1.5302859187348443,293.8037010608241,94.88260257057846,101.91850014962256,225.23499792441726,267.4279996426776,28.618800570257008
508,0.572243482538121,1.62415905743741,1.50822576177285,1.43004874651811,0.808909372579396,1.0603663985701501,0.8190056179775279,1.06302270663034,0.595838978345364,0.637928191489362,0.591178711484594,0.643098765432099,1.5289328358209,0.803313131313131,1.1374226705091302,1.0039927121756105,2.1508809186962417,1.4786485578837032,1.634046342144483,1.5323165869075723,288.87110092910007,88.56589993229136,99.92460254579782,221.8474997789599,271.7419993132353,17.515200306661427
509,0.11967656500802601,0.736448450347881,1.07401934826884,2.41076821192053,0.5000094542329181,0.886223002633889,0.12730428323842502,0.167167549875312,0.5028154346815441,0.86701244813278,0.110819778726708,0.15116818774445898,2.26233480176211,0.702605973578403,1.38103156565657,1.1545265080833,2.4769710860808187,2.83308525572474,1.8831454012153952,0.3695905554796383,368.65680158371106,44.16150040924549,173.0879012029618,318.6908012139611,446.42360153375193,6.316500366665423
510,0.136828734177215,0.712296542553191,1.07775837104072,2.4282980972515897,0.625667028788702,1.0819217821782199,0.142025807323335,0.168043925538863,0.522016093953893,0.888958107059736,0.126571963930203,0.15281268202276901,2.0015989492119104,0.739897182025895,1.42358684210526,1.1517826391422599,3.8334004811443143,2.4322159297409165,3.051245990771615,0.37066998200993556,358.28599939122796,72.49729969771579,204.698700690642,496.95439956849435,609.6648998209275,6.143200153019279
511,0.615151336898396,1.64753605015674,1.3905358974359001,1.38880569948187,0.853486654804271,1.10365856031128,0.8325842185128981,1.08944173728814,0.598974868497954,0.638231652839821,0.600092235539343,0.642367890995261,1.53187250996016,0.858755118755119,1.14639955357143,1.003815988188341,2.0806769571435813,1.4772581860837497,1.6511068481289373,1.5362470448739436,296.51579970959574,88.70580059010535,96.64270037319511,218.68320181965828,341.79320064140484,34.84979970380664
512,0.11737613832853,0.739242346938776,1.06851684210526,2.3945055187638,0.531998599439776,0.893221,0.12702527958993498,0.16641149992739898,0.394834808259587,0.6796810000000001,0.11379951690821301,0.152388581952118,2.1464737945492702,0.5229246669728981,1.10572365591398,1.474490539879799,2.540776761896295,2.0117085360767226,2.266220786748068,0.3699583867219407,446.2536016944796,46.79139965446666,145.06169827654958,364.99420093605295,622.3664007848129,6.094899435993284
513,0.612394282310899,1.67438350217077,1.38258616647128,1.3877457627118601,0.740603511338698,0.888711169284468,0.730774495677233,0.9007841328413281,0.6219712460063901,0.666523939808482,0.626011911514464,0.642143125,1.5100124137931,0.7827187704381949,1.1015429162357802,1.0009559123854672,2.134448444315133,1.470460735738929,2.831033049861904,1.5187710080958152,293.16920117707923,90.58460127562284,98.0480996076949,217.0118023059331,333.47709832014516,12.425400200299919
514,0.780028928336621,2.38586637931034,1.21146031746032,2.6066582278481,0.697845318860244,0.9620167224080269,0.695663063063063,0.944263992537313,0.647411021814007,0.874213977566868,0.6471163793103449,0.887997685185185,2.200795761079,0.864032231404959,1.33373913043478,1.246583926395814,2.076569642386688,2.445579199779514,2.012396862949131,2.2939235214660427,335.9554990311153,105.98020016914234,119.02040423592553,286.8363037123345,285.7265993952751,13.932499859947711
515,0.60465441650548,1.6279335443038,1.41975169606513,1.4235684079602,0.645449748743719,0.882528487229863,0.644993318485523,0.8710159817351599,0.555345136921624,0.701945398773006,0.563926721763085,0.711646521433591,1.51859171597633,0.773661266568483,1.0873664122137399,0.9918167244107805,2.0836149948537925,1.4636339453176368,2.4618062017500826,1.5275715984911649,296.93370015593246,92.56889898097143,102.16929949820042,221.88789589563385,295.9282006486319,13.428699458017945
516,0.120569883527454,0.7292737201365189,1.08122210743802,1.649,0.412978815221656,0.757053221288515,0.14568619473827002,0.194560385656292,0.40987099048290404,0.7259730113636359,0.131385665109417,0.18196251511487302,2.56428723404255,0.5394662947466291,1.0950507177033502,1.4348747067217065,2.492178531319318,43.13329812966037,1.4961236713195372,0.3728200945559851,228.63180056447163,65.44280040543526,110.7850024709478,325.1930043916218,569.8046981706284,5.8999008615501225
517,0.815619931271478,2.5719615384615397,1.20891825902335,2.87469411764706,0.545553596950929,0.749191896024465,0.559997953964194,0.748659955257271,0.817553759094584,1.24854010695187,0.8416669387755099,1.25538922888617,3.70850158730159,1.0557157772621801,1.8361,3.0434967233613923,3.8935742511384763,3.275606703184353,38.4125474427109,3.0974732499041604,581.7985991598107,178.44890098785982,189.80549939442426,431.797701457981,412.24150045309216,15.027300105430186
518,0.117471571906355,0.731317630264097,1.05773271413829,1.1914878296146,0.281270695364238,0.498399746192893,0.119561676783874,0.168623860299799,0.185244460328806,0.319680398119989,0.110490036976171,0.15379566982408702,2.34010250569476,0.30299661105318,0.6300416666666669,2.0689876666335043,1.6373180757870036,1.0718529464974733,1.1030254961265167,0.3706881273068165,111.21529969386756,45.5947985756211,110.2706984966062,274.10329930717126,394.5602002204396,6.059498991817236
519,0.605583284284873,1.6447798295454499,1.3906717112922,1.39062646370023,0.734379,0.926251928020566,0.707952479338843,0.9221681487469691,0.618794731064764,0.6625921052631579,0.621655995343423,0.648038807649044,1.51234195402299,0.783991262907069,1.09282397716461,0.9949972723585883,2.5351400698618805,1.4831250701842038,2.016451688548925,1.5229036835955245,304.3523014639504,85.33879881724715,94.39189598197117,225.52519658347592,388.1482989527285,16.39709953451529
520,0.5814043280182231,1.63731388888889,1.43283960948396,1.4037193627451001,0.651463800904977,0.901702559576346,0.6441407538280329,0.90446838824577,0.562363725973386,0.642962085308057,0.578183541147132,0.6506357786357789,1.5262889480692399,0.799233,1.07606853281853,0.9884852227442626,2.0713723189616466,1.4728424907320006,1.6258882396989782,1.5168959992728073,295.03069818019867,94.86699709668756,101.53320181416348,219.77489668643102,346.3237007963471,18.201200873591006
521,0.587736746987952,1.59943161094225,1.43951796778191,1.4018836601307199,0.644926303175554,0.951306587837838,0.658489932885906,0.932107241063245,0.576776878612717,0.7482760655737699,0.561810964083176,0.735634009797061,1.7443479729729698,0.7930188284518831,1.07823346693387,0.9945462432691288,2.1372714540110334,1.4685023929551506,2.0059089297892205,1.5159327187825684,304.42500283243135,92.45079854736105,106.37769883032888,223.06570172077045,288.2786007830873,32.67530119046569
522,0.576625816172778,1.5955174337517402,1.3907967032967001,1.41460487804878,0.6163001797483519,0.8821239015817219,0.6328143028846149,0.917744,0.55140478781284,0.7129679999999999,0.555517829457364,0.704975640224859,1.5527608982826901,0.796645111624326,1.07748360655738,0.9912386522356978,2.5838955939670205,1.4690990285825014,2.417129651453051,1.5192128850935631,296.76520061912015,87.87460101302713,96.31180146243423,215.21400049095973,346.4764973614365,23.920599778648466
523,0.623995480955455,1.66765994236311,1.43844474761255,1.45259296482412,0.6757237354085599,0.856924481327801,0.6743810151615031,0.8641519999999999,0.608694082840237,0.632859296482412,0.583662280701754,0.632371517027864,1.5424499999999999,0.803137954701441,1.10537320574163,0.9968159813620994,2.1502287232143993,1.4750721082487126,2.0679162620505274,1.5291432232565774,292.27590130176395,90.76889982679859,93.93330110469833,212.7768995705992,275.8662012638524,18.697199993766844
524,0.591133168316832,1.6676941362916,1.42957714285714,1.43524686716792,0.799471296952516,1.0984467871485901,0.785426216640502,1.09322990654206,0.5690795328142381,0.669369088811995,0.575555118110236,0.671539885130823,1.54726380368098,0.7978821263482281,1.1235863192182398,0.9952765010021664,2.5745102567658256,1.4686017531326203,4.519009158779228,1.5206440205261795,302.30779957491904,88.89019809430465,96.97390196379274,228.11290255049244,294.2650957265869,14.323698997031897
525,0.19181250000000002,1.1320062240663902,1.06844265593561,2.9399742857142903,0.46827302477793403,0.914237692307692,0.113198278420896,0.164480141082656,0.684982252141983,1.2377058111380101,0.09845593017285639,0.15287481568858702,2.9664096692112,0.925614395886889,1.9247990115321298,1.7980887654995468,2.5329448444464355,42.85509693614032,1.9019335119177787,0.36995773602955107,498.7010033801198,46.106397348921746,251.05340027948841,534.4840988982469,506.2627998995595,6.225900142453611
526,0.283561625034312,1.50918101265823,1.20645347467609,2.91106862745098,0.686184725848564,1.09711184210526,0.170009303058972,0.166670996288895,0.883645901639344,1.4523795620437998,0.155349869791667,0.153871904355252,2.73182727272727,1.12177317554241,2.16530185185185,2.083799626514248,43.4074759195746,5.887542635038391,38.26885179079559,0.3704059936335839,604.1713000740856,51.426498976070434,218.96100079175085,445.38969814311713,511.3558989251032,7.955300679896027
527,0.5792484436898699,1.62046585735964,1.4379128571428599,1.4469106918239,0.662700061462815,0.82844387755102,0.677475665152498,0.8464373540856029,0.569996015936255,0.644643255295429,0.570790852787041,0.638013675213675,1.51497028231798,0.782429520295203,1.1114827586206901,1.0037418891231633,1.7008491174000768,1.4878539178034025,2.0362434818963404,1.5235171834394006,307.28880083188415,98.32299983827397,100.75199970742688,225.75949697056785,286.0251988749951,30.088498897384852
528,0.102894865312527,0.7263008849557521,1.064880859375,1.8198969594594598,0.390360496311201,0.670948074679113,0.13565953082938098,0.16783470588235302,0.29118604651162805,0.473164786660127,0.12172664162967999,0.16554083563837502,2.15168308351178,0.42629381818181805,0.870375316990702,1.1482091848299931,2.5405455454257972,1.5692768287779142,1.5479888571794576,0.37000713797176954,322.4672022042796,50.65190343884751,91.49169927695766,323.6409989767708,280.687196936924,5.648400110658258
529,0.605383244206774,1.61881756756757,1.41762796833773,1.43157516339869,0.646807294501905,0.902568776371308,0.663337071240105,0.895022290545734,0.801954940711462,0.6782002734108,0.5730504484304929,0.675675802139037,1.76537972508591,0.79546875,1.1087824742268,0.9927947111187942,1.7099231809808035,1.4721609797916018,2.0107353060948023,1.5103681274765126,294.48010318446904,91.07920195674524,97.70000033313408,221.03210067143664,288.9051989768632,37.41270047612488
530,0.617630536130536,1.62971028037383,1.41931747919144,1.39881346423562,0.645311516677155,0.881770670826833,0.648114844227245,0.891199672667758,0.56119535374868,0.651699478487614,0.567868184224457,0.640638071383845,1.55645606060606,0.805952418096724,1.1300887337985999,1.005120186956271,1.690042836442227,1.4642441585569679,2.017201780403691,1.5157982100502818,291.6608995292336,92.9854009882547,100.33349972218275,226.73979547107592,347.3875010968186,26.64079947862774
531,0.577342365815529,1.64172153846154,1.39179566982409,1.40611801242236,0.6867087264150941,0.8797328042328041,0.670261075014767,0.87517823479006,0.573814573137575,0.6615705169112951,0.5763434650455931,0.66039348534202,1.52062763157895,0.866688923802042,1.16811866125761,0.9887303916244407,2.1572602894829234,1.47181858600058,1.6271108660267328,1.515379436767628,291.02640110068023,88.84230337571353,98.77740230876952,210.7509018969722,275.968000642024,26.415300089865923
532,0.55790668824164,1.58313604488079,1.37321219512195,1.3651394422310799,0.710457586618877,0.8502935126582281,0.713708445040214,0.8628093126385811,0.597220642443391,0.660542934415145,0.59759330893884,0.656816418875242,1.4924940867279899,0.781674932975871,1.06481554404145,0.9906207729797614,1.6734112387290192,1.4581974310526427,2.832364615275503,1.4980279458006325,281.02909709559754,88.23480020510033,106.4819996827282,218.3699980378151,272.1669021411799,13.189901073928922
533,0.09205058874836461,0.921354945968412,1.0746603960396,1.39520310296192,0.41810218041898195,0.7642633716993911,0.148039917816261,0.17468137173297799,0.310619897269532,0.540723453370268,0.132451171875,0.159116122840691,1.8091805309734499,0.44380537428023,0.836314708299096,1.1474509454806627,2.058419865935188,1.5662589817800825,1.4993120470409351,0.37035314441422057,188.9347011456266,45.50469893729314,122.17319745104759,324.06630052719265,519.3566990783438,5.959501140750945
534,0.5939424350483951,1.6641532625189701,1.8165852782764802,3.1323397260274004,0.6272117572692789,0.9402479338842971,0.623159201295197,0.9354626016260159,0.536542212899843,0.630889009793254,0.529887966804979,0.622906690140845,1.785315,0.736210711768851,1.1185232558139502,1.2511006059535856,2.5592182548100633,1.997424521755827,2.0071444841776307,1.9280953851516698,338.47109880298376,132.2479991358705,148.9656016929075,277.14390016626567,329.3881978606805,15.050600632093847
535,0.203465069458426,1.12100613496933,1.08044779116466,2.1424343065693403,0.686215661901802,1.08662780748663,0.160903682719547,0.173763293563117,0.787260244428469,1.1986301050175001,0.14669830850795298,0.15885234335629098,2.79112735849057,1.00799134615385,1.9439212007504698,2.323412739278097,2.9397236138355725,3.765479722425338,2.282267318756258,0.37102066024332614,556.2135018408298,26.26499772304669,172.42730100406334,409.769504040014,492.15979815926397,6.9138986873440444
536,0.110794606234619,0.70841782729805,0.9887991266375551,1.7498035450517,0.437200319233839,0.676633127994524,0.152521810576636,0.164884151992586,0.540554512258738,0.835883106485188,0.13638077386531,0.14894074749316302,1.9891748251748302,0.737760917838638,1.3722391826923102,1.43248486771963,3.801847381421936,2.4329325736524634,1.4841527504281555,0.36827780876317806,374.5587033336051,49.192103324458,182.86380072822794,461.44850057316944,548.7853981321678,5.917600356042385
537,0.0859762169901368,0.735747426218257,1.0672822822822798,2.1544756554307103,0.531623789764869,0.881453363914373,0.154788811400849,0.167188109161793,0.516323919554985,0.872229135053111,0.14173835125448,0.155761238911442,1.41294707520891,0.670298916507329,1.33503884711779,1.7507462843324815,2.510024550098815,2.396463813116244,1.9017877967709043,0.371952095409044,521.8849997618236,47.77959838975221,179.45729778148234,422.5323995342478,486.1696026637219,6.029799988027662
538,0.607268641470889,1.6562198100407102,1.42224559023066,1.40042839657283,0.67138173455979,0.880888412017167,0.681972666666667,0.873649214659686,0.557467759562842,0.6301848225214199,0.571851097178683,0.6167757125154889,1.51145620915033,0.777332450331126,1.1169281886388,1.0030373083940878,2.5481239766957415,1.476743536981337,1.6440404598174567,1.5288182269966573,309.5694031799212,95.59999743942171,99.71800027415156,220.82960058469325,293.37540036067367,15.779500245116651
539,0.201566431095406,1.09837670514166,1.0710187500000001,2.78578352941176,0.565128166160081,1.12948917322835,0.14438007845334802,0.167703538550058,0.47251278928136403,0.894964098728497,0.11034056110318599,0.15369590989922902,2.60578181818182,0.599213853765805,1.35095973154362,2.3944791718599188,3.760690795494109,2.416996753857813,38.60206069889051,0.37304199597482385,568.6878997948952,68.92119999974966,182.00310150859877,523.5974982497282,595.7425004453398,7.052600267343223
540,0.590328093306288,1.64930099857347,1.84289784946237,1.84477512776831,0.628270625328429,0.88091433418151,0.626364864864865,0.8897560790273561,0.535309977827051,0.637398328690808,0.542066032752245,0.647143660212367,2.04178260869565,0.740840542285345,1.11763007683864,1.0014246680497723,44.108434540021044,1.4735213635402726,2.0099309380029102,1.5477036008883172,298.3482991112396,89.29609903134406,96.57600166974589,318.83589836070314,397.76119956513867,13.66139913443476
541,0.13518317143938402,0.727781750924784,1.0785409836065598,1.78352575488455,0.638614232209738,1.07213420787084,0.13598802621628397,0.16619722029186898,0.539867065317387,0.855274371069182,0.122326160467261,0.151731831206043,2.3421153846153797,0.7344945872801081,1.3764602960969,1.8266080896565766,3.3729403048784157,2.4346051209396724,2.643477972795986,0.37185014137354166,393.9637972507626,67.21570098306984,192.5142962136306,444.8135005077347,607.2521035093814,6.213200686033815
542,0.227067861227602,1.10077848101266,1.05850801603206,1.59169796557121,0.514808928571429,0.896661971830986,0.170331374321881,0.167177178153446,0.412387108390349,0.6424017305315199,0.156616738312735,0.15306841205104602,2.1712414486921503,0.553582442318514,1.051482,2.069645131071859,2.4649229690572696,1.9926898334956757,38.72990720571437,0.3695301094077713,247.5635992595926,68.3288017171435,144.52500181505457,516.5896014659666,587.3501970199868,7.330400694627315
543,0.114337103174603,0.7250000000000001,1.07010625,2.0815664845173,0.49905711565921007,0.9201735159817349,0.13674164480438,0.167729440789474,0.396609899619245,0.6738278106508879,0.120025193574483,0.151679445921366,2.9499173126615004,0.531278624292556,1.08376090909091,2.3865570627956836,2.47253287923088,1.9936626449304862,38.18723877408859,0.37012805297195667,219.88409716868773,66.83420069748536,176.47710046730936,425.75000115903094,538.8266028603539,6.444299651775509
544,0.115752407579994,0.727095388502843,1.07121008403361,2.17902093023256,0.535719466666667,0.929322550831793,0.131284916201117,0.16395250403877198,0.633931091510474,1.13502404809619,0.12114107248084899,0.151885073386873,2.11604886561955,0.879229323308271,1.68392833876222,2.1158701195751,2.9436317711965447,3.6955667576258455,1.903304423016183,0.3708565527032272,499.17960423044866,47.20499855466187,208.23409868171439,411.55779908876866,473.2384011731483,6.13510055700317
545,0.109237171592775,0.739471227621483,1.04083963227783,1.58651920529801,0.301868428868429,0.5562201453790241,0.150871779686112,0.175103726708075,0.203336231369766,0.32933278902678,0.135390083632019,0.157196472772277,1.79607944732297,0.32615978506787296,0.584541861674467,0.6645540874238827,2.070288407260898,1.065978262916102,1.118166867597953,0.3696561368865906,195.58299973141402,45.76030187308788,122.54720058990642,269.59799870382994,382.7202002867125,5.572701047640294
546,0.5880148947098099,1.64948501362398,1.64676911544228,1.6454688000000002,0.6769399727148699,0.918392260334213,0.674729602157788,0.9260673854447441,0.5639341412012641,0.625237472766885,0.567246231155779,0.6307799457994581,1.51931355932203,0.780680819912152,1.1113022751896,0.9917888952841223,2.097412391583445,1.4715940792018993,1.6315819433328929,1.5293784643243207,291.0507013439201,101.23899701284245,108.44690259546041,226.37939982814714,283.6794999893755,14.40230116713792
547,0.581699137493658,1.61332490013316,1.43610846560847,1.43319622641509,0.632437344913151,0.882558823529412,0.6383254012174869,0.8890426008968609,0.5657449432659101,0.6577599754450579,0.564618048780488,0.671033007334963,1.51042503259452,0.767861386138614,1.13786581782566,0.9947583851108907,1.690476285131101,1.4782852113851843,1.6268491590410898,1.5215780521947144,301.84959759935737,96.42680088290945,101.9285002257675,222.95870148809627,293.6624034191482,21.227600518614054
548,0.114956377691883,0.723841997264022,1.07100104058273,1.7659661016949202,0.403028021607022,0.703024,0.14177943015983302,0.1667090042721,0.293870381062356,0.508702004454343,0.13103086628365399,0.153870609981516,2.1524245472837,0.436016740088106,0.858570479704797,0.6764681959302765,2.036446092172351,1.5591472332086542,1.5111109323868928,0.3700044806094265,276.2954027275555,46.034598199184984,167.6308034802787,375.310200615786,574.7399962274358,6.23359956080094
549,0.620611683848797,1.64293342776204,1.40837086903305,1.41682033426184,0.656579143389199,0.896341125541126,0.653251123956326,0.898711808422791,0.569796593186373,0.638579275905119,0.567970841300191,0.644324110671937,1.5010132743362798,0.781934542586751,1.0806107317073201,0.9948251524306594,1.6925156368297085,1.4673727027644088,1.636240106968442,1.5236688234981275,293.405499542132,92.70310256397352,100.73429875774309,222.48979948926717,349.2028990876861,16.123699606396258
550,0.194417241959926,1.10475291622481,1.21288832997988,2.50700245098039,0.5204933455713631,0.894783827061649,0.157971084988515,0.164382796047303,0.411532683719042,0.663994891443167,0.141559419564673,0.15383765309028802,3.01500586510264,0.5352364990689009,1.06399250234302,1.6550983036307976,5.523057536743502,2.027323728648446,6.133538541235649,0.37227660187515077,304.2679003556259,46.183700032997876,150.09799972176552,516.6943999938667,436.4382984931581,5.880800017621368
551,0.111818998451213,0.707896699266504,1.08572530120482,1.93431514084507,0.531062831858407,0.878185425101214,0.14183020600971,0.168137914070187,0.5871150395778361,1.03409536541889,0.127751447016919,0.153574712643678,2.0709047619047602,0.806710725075529,1.60203055555556,0.9135394760035066,2.9271193162353226,3.2759313661626743,2.2674985459390076,0.37039248683812154,260.9919014503248,46.43919819500297,182.17989709228277,427.1624973625876,619.4531015353277,6.157100142445415
552,0.572093061674009,1.62142200557103,1.39768692206077,1.39222110552764,0.7095836023240799,0.915334,0.706543504901961,0.929469586374696,0.600199105145414,0.6840765306122449,0.6008691809074841,0.691512697323267,1.52209707446808,0.8537785829307569,1.13791615541922,0.997366315101135,2.580457196975009,1.4716342295339202,2.4341148896501346,1.5265476077933653,298.0738994665444,93.9780002227053,107.67789644887671,216.27619862556458,290.11290025664493,21.667100372724235
553,0.580153930731171,1.61510644677661,1.4323863319386299,1.44341090425532,0.654084600132188,0.9317234611953611,0.658569878749202,0.932315789473684,0.580106461864407,0.675018842530283,0.586706152961472,0.679358,1.53292537313433,0.792438893159108,1.13652197802198,0.9923327520789227,2.081758616263212,1.4657132052698718,2.4409116589302444,1.5194574771671154,298.8388019730337,89.94870004244149,106.43830028129742,237.02629550825804,353.80639892537147,19.824699847958982
554,0.5994733727810649,1.6465994358251101,1.43976209677419,1.42668882978723,0.677573,0.8469342214820981,0.671390168014935,0.8349255319148939,0.577072067594433,0.634823174411587,0.577690068493151,0.637384487534626,1.52301490312966,0.800905594405594,1.1168498062015502,0.9886190543085303,1.6837535398794496,1.4687306533211968,1.2514387601022032,1.5174850629212089,290.83019762765616,91.68830001726747,98.76560070551932,224.9243960250169,276.1619020020589,33.622099726926535
555,0.601486513994911,1.63097674418605,1.4421608478803,1.4307774798927602,0.679114711600778,0.902981701738335,0.678399070385126,0.8889060000000001,0.576145444858817,0.648064702114029,0.5625203160270881,0.6598681318681321,1.4868240740740701,0.774285623003195,1.0784373695198302,0.986126232237911,2.1231388838003094,1.4690038764802413,1.9990309121691718,1.5164437626532419,288.63379993708804,92.55729819415137,98.82630256470293,214.24860024126247,285.2051009540446,23.49379938095808
556,0.110344903293257,0.72385799601858,1.07363873370577,1.73125925925926,0.5406520376175551,0.877891369047619,0.14027542924807598,0.16749259560618399,0.397014826375341,0.72101677852349,0.12463864990072801,0.152412064138458,1.63304035874439,0.532541961577351,1.05276155462185,1.118984989166957,2.473357243333899,1.9836264448165841,1.8825968211485442,0.3687077437701218,430.23410107707605,44.03720231493935,117.03279596986249,308.37150115985423,444.11940179998055,5.888899613637477
557,0.566249762583096,1.8576724137931,1.86279491255962,1.83714932885906,0.6607470817120621,0.9198384615384619,0.660370038412292,0.93011829787234,0.603444328280188,0.6476061922868009,0.606619433198381,0.6535765969474281,1.9271032504780101,0.819781176470588,1.0818311827957,0.9826259930529615,1.6656174274807407,1.4686965667568648,2.43246904314112,1.514523049244497,399.8226020485163,110.41760008083656,122.86460114410147,265.53120114840567,451.3435997068882,13.780599692836404
558,0.629642857142857,1.65371246458923,1.4337489539749,1.42331912302071,0.652653822629969,0.893791361043195,0.655076923076923,0.890424740484429,0.544633568548387,0.681817402768622,0.544439243498818,0.686341294783155,1.50344070278184,0.7504259902710221,1.11404951560818,0.9912719953228155,1.6664299862991176,1.4659572403245817,2.037425778390358,1.5169919518513264,299.1618006490171,92.83669933211058,97.89029863895848,206.74019906437024,266.4503001142293,14.523400750476867
559,0.5884859459459459,1.57018305597579,1.3588357988165698,1.3497660972404701,0.647930262316059,0.889152019002375,0.6132711085583,0.885578431372549,0.566851063829787,0.653177223288548,0.568659206510682,0.6617083065035421,1.50866375,0.760119294605809,1.0713367537313399,0.9894143609846769,2.1285963678986763,1.4751657546261727,2.0458108115247824,1.5207225631813244,287.66939940396696,94.5684005273506,100.98110215039924,226.04119731113315,437.7448989544064,21.48060011677444
560,0.6284758155230601,1.62971468531469,1.43032590529248,1.42964114832536,0.677303267973856,0.904211437170805,0.677979338842975,0.896787,0.565169524742773,0.679339869281046,0.566003246753247,0.681900264200793,1.54586814814815,0.789717948717949,1.0717756539235401,0.982926244773571,2.11453744625402,1.4753710368203838,2.0719633659388585,1.5141002037540745,288.00070140277967,92.49840077245608,97.38790104165673,211.98099857429042,329.19200166361406,13.1694003357552
561,0.115937311002559,0.723853033145716,1.06540860215054,1.79396173913043,0.404583398898505,0.70515037593985,0.135190700344432,0.168489569961489,0.494397289284202,0.8470888704318941,0.122487751581369,0.151253559527416,2.22117446808511,0.60654062309102,1.25387513691128,1.1480938296152772,2.0511532262970333,42.32673414136766,1.5072045484427037,0.37017949799664235,346.3846995146014,68.88240168336779,173.59070043312386,383.55099968612194,565.3343003359623,6.648700218647718
562,0.12553236987428,0.7244949014276,1.06390844354018,2.20965925925926,0.5169108409321179,0.883318563789152,0.139452912357104,0.16741146766574402,0.499518095238095,0.830145,0.126193675456833,0.152654294125176,2.28175555555556,0.79371375739645,1.48321428571429,0.6681310508848759,2.916483768990666,3.6975041777844138,3.8126692197491807,0.37144692723352635,514.7869000211358,44.681997678708285,166.7242031544447,321.98339904425666,672.1237979945727,6.578500324394554
563,0.575791916167665,1.64821651090343,1.43395391061453,1.44051966292135,0.6759308781869691,0.877622078968574,0.669852362204724,0.873254196642686,0.593092857142857,0.704764665757162,0.5877240325865579,0.701885696439725,1.53463504611331,0.8290788912579959,1.08521598272138,0.9881189842313718,2.094736003095891,1.4692820570942449,2.0445289025449624,1.5236730985798315,293.119101843331,99.19330186676234,99.89669924834743,212.0809003827162,344.0604006755166,13.846499496139586
564,0.134310605180625,0.718153942428035,1.09127822580645,2.05380900900901,0.516586917562724,0.9278148820326679,0.14963474025974,0.164895601336303,0.413509047993706,0.694099537037037,0.134245914602003,0.148642688842689,2.5942915601023,0.550820994475138,1.05516712580349,0.673321610087773,2.4581390204628866,1.9838000692579967,1.8590840884232414,0.36798596978768827,347.4288998404518,24.16480128886178,144.09520372282714,365.3279025456868,433.734999387525,9.05780034372583
565,0.603912767186597,1.63631790123457,1.4175027100271,1.4270920245398802,0.6976610499027871,0.905028933092224,0.719421273617915,0.892396321070234,0.6031056670602131,0.676157522123894,0.615943519619501,0.679837699316629,1.54923145400593,0.835868501529052,1.1441762749445699,0.9946174939585904,2.5482861178328986,1.4712894846553315,3.6373349420124472,1.526779948401872,294.61829690262675,91.31070255534723,96.9291984802112,209.53570201527327,277.12750306818634,15.957499272190034
566,0.618042553191489,1.5760736842105298,1.43465456821026,1.44343908629442,0.691684636118598,0.881487860394537,0.694226097414311,0.884115118956255,0.620106694560669,0.663770070648683,0.61914128440367,0.659344561016013,1.53057014925373,0.8449708879184861,1.1023021978022,0.9909898155298089,2.1386983603996392,1.4722491686357349,2.4089155613508018,1.5241066384468,321.324601827655,91.36200096691027,101.31760063814,213.94999494077638,417.54919657250866,14.956500672269613
567,0.11786814303128801,0.721825622775801,1.07213425925926,2.15525183823529,0.666467096774194,1.08635081029552,0.175420287433155,0.17022417617236998,0.541469118982743,0.842742007434944,0.157337456100168,0.15317426273458398,2.2722690677966098,0.789530774800869,1.4154513399153699,1.3574714277132331,2.9573000361295088,2.834689588478168,2.27344076338093,0.3695648385504465,275.2766988123767,24.39909876557067,159.6353016793728,321.8274985556491,481.9640002097003,5.9789002989418805
568,0.617603579175705,1.61961044776119,1.4326645807259102,1.4369046283309999,0.6551843112244901,0.9499990706319701,0.653062139654068,0.968168358714044,0.588924899193548,0.640505441354293,0.593402726796015,0.640681254082299,1.5470490463215298,0.809467791411043,1.09915593220339,0.9919790790455102,2.1265007575065593,1.4648517407334263,1.6305412802098551,1.5129228230225789,295.66149751190096,85.97889973316342,94.49100034544244,217.21229859394953,337.10189745761454,18.564099445939064
569,0.61298288973384,1.67215186246418,1.42582524271845,1.4336613545816699,0.681589947089947,0.926346808510638,0.661096605744125,0.912957176843775,0.581979452054795,0.647337992376112,0.581524410312671,0.657883037354562,1.5198766233766199,0.80464657980456,1.0877724770642199,0.9967097675458939,1.6897927039701037,1.474063549753825,2.4189131975228015,1.530227060842755,297.6192015921697,89.75450036814436,99.78490124922246,220.35329893697053,273.32720201229677,18.462799198459834
570,0.6098187660668379,1.5815521978022,1.43024691358025,1.4984008683068002,0.682482332155477,0.861734939759036,0.691137168141593,0.841300465838509,0.5788394160583941,0.6341137949543749,0.5803304582210239,0.634313959804454,1.51067922077922,0.808023529411765,1.11452216216216,1.00571402531644,2.1767216493718773,1.4805483319549382,1.6332522508795813,1.5315461176184142,295.77090026577935,90.58860159711912,95.46470100758597,216.29029797622934,278.30650215037167,24.01180099695921
571,0.652674216027875,1.6824992199688,1.4304000000000001,1.42647058823529,0.649886603668705,0.914906914893617,0.6590094339622641,0.898417167381974,0.578540281690141,0.6359149198520351,0.5869447004608299,0.634905463474524,1.53737925925926,0.806089531680441,1.0820601640838698,1.0014570279341415,2.5981932000275747,1.4807493406439314,2.024159832553696,1.5265640013043402,309.38870477257296,84.93920031469315,93.22580008301884,224.66839727712795,341.02600038750097,16.349799989257008
572,0.10622754379426,0.724227722772277,1.06553554939982,1.74771818181818,0.39474970437524604,0.686030524220305,0.121829279811098,0.16593143764434198,0.37980184635674297,0.663169833045481,0.107982148449734,0.15236938708620099,1.58331918505942,0.503392112420671,1.07878571428571,1.1642551486767632,2.0704399479223565,2.416054568367915,1.4885012986913553,0.36951668542431065,278.07380247395486,43.78479934530333,156.58389893360436,372.1306973602623,559.4926988123916,6.804100121371448
573,0.09038118856524481,1.0419636542239699,1.07212929475588,1.8051239669421502,0.507363434163701,0.920124,0.10495885286783001,0.173756906954589,0.47621050454921404,0.899008810572687,0.0910329258499152,0.16060251168224302,1.63075834658188,0.5800214822771209,1.28799543899658,0.6702181214179055,2.4694986352602983,2.9129808829046246,2.2969506978294603,0.3707589906483022,305.26389891747385,49.351100460626185,164.33530108770356,362.0125033194199,575.0282012741081,6.099800521042198
574,0.104003695419625,0.737236858771374,1.07462024048096,2.41636951983299,0.757130208333333,1.29040127388535,0.14245747880776602,0.165183822476736,0.871342126957956,1.37887250996016,0.129860270851791,0.15377685729556398,2.42362683438155,1.10248030739673,2.10958349328215,2.291985594706162,4.295690084089734,4.5774402892040476,38.89022508775251,0.37120569201662035,521.870399825275,48.75699814874679,161.65679990081117,425.693100260105,393.11610016738996,6.328499875962734
575,0.108932656170645,0.7361399361022359,1.0606013513513501,2.57511804008909,0.934163149350649,1.54274005681818,0.143389417693169,0.192629392971246,0.740420205920206,1.23852546045504,0.130247182842603,0.16500399201596802,1.86283762057878,0.885673675357443,1.81739469026549,1.1559155590936065,3.389743160884953,3.2797664476055215,2.6588799624314143,0.3702844254339686,476.05970030417666,52.48170346021652,207.33819983433932,499.8189004254527,593.750798725523,6.162900535855442
576,0.615788255223038,1.6524575070821501,1.4257600554785,1.43161441213654,0.67413122437024,0.932649168853893,0.6719535500995361,0.940512382578992,0.613546546546547,0.672796904024768,0.639440521455731,0.679750629722922,1.5376329442282701,0.853777777777778,1.1452729188619601,0.9930101139083953,1.6863965504379024,1.4762777296889273,1.6350361693111606,1.5374507697945219,298.1917976285331,88.53080216795206,95.36459983792156,226.25480050919577,274.571796762757,16.32430066820234
577,0.111668310727497,0.7244268719384189,1.0706493775933599,2.0832799188641,0.469892623308599,0.939421507064364,0.13214658432064502,0.166733591981895,0.373624714704923,0.691889754343918,0.11843091262931499,0.15449450101833,1.78195833333333,0.532766260162602,1.0755721982758601,0.6764066502826453,2.5425964618870616,2.008358499609933,1.8673649456400945,0.37055888195575937,390.245599555783,48.66170202149078,189.38819994218647,358.4765989216976,479.911599541083,5.9138008509762585
578,0.118219598714112,0.731046230440967,1.07057932910245,1.21853545232274,0.27856971092351,0.523502749770852,0.120480372509725,0.174869962749746,0.178598608695652,0.32399454710693704,0.103903945281523,0.159562165377751,1.6310651162790701,0.298002032520325,0.5880601123595509,1.823347492266018,1.635189983985737,1.0689025819699258,1.1231433860979978,0.3742403802604674,193.4123007231392,45.03459786064923,107.92759858304635,324.5455984142609,522.0450009801425,5.431799218058586
579,0.104823690899847,0.729063122923588,1.07898842105263,2.2988621444201303,0.503272045028143,0.869341232227488,0.145857224118316,0.17000614353532498,0.39715615264797505,0.677360861759426,0.130261714034895,0.154259490310592,1.6354746835443,0.531785538612887,1.05998968105066,1.1864321010032128,2.463314513131893,1.99177598084533,38.42341347867655,0.37135741599485556,387.64409837312996,46.56259989133105,152.08199911285192,475.5506990477443,539.1717975726351,6.437300180550665
580,0.321973010964296,1.51515476190476,1.0818637316561799,1.8299135220125802,0.752834,1.2660128410914901,0.128952435023972,0.165533637400228,0.724489537095751,1.14340673076923,0.116247076334255,0.153245923913043,2.59726741573034,0.9112356902356901,1.82847846889952,2.3769266126784863,2.475748749995829,4.47841268758823,1.8592366515007293,0.3723464141200991,474.0900985780172,74.48280230164528,215.8542993129231,425.24810123723,622.8219004697166,7.7194999903440475
581,0.6301780167264041,1.61823724137931,1.4270435865504398,1.43328723404255,0.6780018610421841,0.939225,0.67513627254509,0.9223330472103001,0.61063475177305,0.630054406964091,0.614079213184476,0.631983910891089,1.52562718707941,0.8583674521354929,1.1427519379845,1.0003262958227797,1.7102454368853577,1.4698879180610822,2.0594727447934527,1.5225203751358527,297.6588948513381,87.38110482227057,100.82189983222634,215.47299693338573,285.0619042874314,20.430999575182796
582,0.115517684231985,0.929342105263158,1.07080240073869,1.7377411764705901,0.509770147830234,0.896162,0.135931084337349,0.172430358785649,0.389428192497158,0.673509422850412,0.12370733173076902,0.159620581973031,1.98828294573643,0.53163963963964,1.09646601941748,1.1423223619021388,2.499437543399754,1.9771845880098395,1.8871828746457688,0.36837941606494656,348.34020043490455,25.61150031397119,138.8349017361179,255.39760099491104,438.2425031508319,5.596500704996288
583,0.613824956672444,1.6507339971550499,1.44624867021277,1.4171248454882601,0.777815,1.11023108384458,0.774719940253921,1.1196048014773798,0.530735457063712,0.6745305664610209,0.544314405888538,0.665451372997712,1.5378465679677,0.732937,1.10073698884758,1.0003309690772055,3.419291494037715,1.4727884250194638,1.6454932413658419,1.5504399262961723,294.23850355669856,91.95230377372354,97.1404995652847,212.68580021569505,446.60370040219277,16.027799574658275
584,0.5519319923371651,1.64884962406015,1.84302333931777,1.84027846153846,0.658211502782931,0.94359318001586,0.732576923076923,0.924916299559471,0.553998956703182,0.6747740981667649,0.559030303030303,0.6330394444444439,2.11535845213849,0.784676279740447,1.0807553879310299,0.9892844385634294,2.5389859811504936,1.4737626639145642,3.260013261507535,1.5287234246557089,418.5518992017023,96.41530050430447,100.50779674202204,333.7567992275581,479.27480190992355,12.75489921681583
585,0.0922476361999099,0.7249835390946501,1.07362781954887,1.9250845771144303,0.43462510322047904,0.741935676392573,0.15799002924754102,0.174283092659446,0.41706439100077597,0.664262361838278,0.143897850130483,0.16106627236882,1.4108432748538,0.5513589211618259,1.08881573498965,0.9126562034317051,2.0763126644163226,1.999999115379569,1.5119855272640679,0.3721361281303415,270.9595995838754,47.47309722006321,135.2225968730636,369.6888030390255,440.6608975841664,6.794300861656666
586,0.108383532292623,0.736007594936709,1.06889788408464,1.8286414790996801,0.523146659969864,0.9200874613003099,0.14053756830601102,0.169263544829791,0.517712421242124,0.859820534223706,0.122118786588611,0.149768809241706,2.2536666666666703,0.623532474503489,1.27475199089875,0.6719387307784495,2.9214429534373028,2.4316201801795048,1.903112480567109,0.37014656169170623,446.7132021090947,46.4562006527558,182.05790256615728,428.4541020751931,479.10289868013933,7.866299711167812
587,0.5884212555066081,1.6007042042042,1.43121185372005,1.42981363004172,0.672749,0.922295345104334,0.671240572171652,0.922342264477096,0.564793167992513,0.666832711442786,0.567338272866633,0.661290379008746,1.4936350364963502,0.7869616477272731,1.11854946131244,0.9941900712061907,2.532457460170221,1.4709288446059094,3.6821827665832383,1.528958669417977,304.4959012186155,88.7115005753003,99.14120164467022,215.25310003198683,330.4961006506346,16.99639979051426
588,0.10135711120957,0.739674948240166,1.0633983402489602,1.99233009708738,0.387894361170592,0.6887466150870409,0.13067036102271498,0.168113878420449,0.281431076473453,0.473986944104447,0.11571017699115001,0.153193490594207,1.7813535528596198,0.414371428571429,0.867979753521127,0.6646489658205158,2.511375032615346,1.5710949238308134,1.5483154506275243,0.37150101253140355,255.10019913781434,44.80050120037049,155.8445015689358,377.64560256619006,549.0298994118348,5.8514997363090515
589,0.106349969192853,0.755288873531444,1.08222577610536,1.83283422459893,0.39981247719810303,0.7130881440099319,0.134373887900356,0.169596223151218,0.279832793084819,0.49318885580603994,0.12031326291079801,0.152906906906907,1.60657207890744,0.422383847155884,0.854804985337243,0.9118339825720984,2.0682727330796604,1.5716792305710292,1.506514754525579,0.36941358781718237,183.3257992984727,46.72939976444468,131.606801005546,255.08370163151994,502.85219913348556,6.052899698261172
590,0.598084375,1.6443047473200598,1.84941987829615,1.82999201277955,0.6232289023717601,0.936615232443126,0.628713230769231,0.9231951006124229,0.568049076773567,0.621852510460251,0.567123676880223,0.638368167202572,1.7935765472312701,0.786422572178478,1.08859398496241,0.9929072117785501,1.686431520566978,1.4862785599310393,2.85539747973333,1.5141155145673693,288.8238028390333,110.29309971490875,128.03400022676215,326.7952997703105,394.92989744758233,15.192400314845145
591,0.122433359845472,0.723649766511007,1.06827222832053,1.74183925549915,0.5156894548704201,0.91320445505171,0.170682564750474,0.169111012564671,0.41770931677018597,0.6823904109589041,0.153673293927996,0.15231696075849402,2.02159359190557,0.548555031446541,1.08902786377709,0.9202396068716877,2.4679749575018946,1.9774158124907666,1.8922686572518648,0.37025927372521816,329.82030243147165,48.482598504051566,161.51320160133764,365.5174034065567,333.3770961035043,6.1350001487880945
592,0.124895600388916,0.717040843214756,1.05974908088235,1.9299695121951201,0.486913511187608,0.9045469710272169,0.133942797392053,0.168240516545601,0.385136246786632,0.6878683894230769,0.117194952032892,0.151550974112623,1.74852827140549,0.569620434353406,1.1634718468468501,0.910662417046402,2.9049124219984033,1.9752137334643403,1.8869196837800177,0.3709902803741715,447.6272049942054,46.95940006058663,159.28130014799535,400.6515009677969,536.8510988773778,6.141999620012939
593,0.123956779661017,0.902272027373824,1.07004605263158,1.7633322147651,0.48262460567823406,0.900576342281879,0.114138220357695,0.173814252545097,0.466468370883882,0.832770171149144,0.0991912740261949,0.157642801797613,2.0662834951456297,0.542290909090909,1.25466256157635,0.6695243821195893,2.446518065183451,3.2939364151548665,1.8819747183832838,0.37035764154417644,327.71419937489554,23.915396013762802,203.860602050554,318.89570236671716,370.8289994392544,6.622500950470567
594,0.103781975071908,0.7191589673913039,1.06741168996188,1.6277235772357699,0.693456375838926,1.05414,0.168458820135583,0.166167646615408,0.437424735557364,0.688702035780383,0.155502567567568,0.152249666221629,1.58258833619211,0.5725795290725609,1.11281932773109,1.4017607813107005,3.398821511018298,1.9976186333378891,2.6748259859523857,0.3696814987742323,386.9912019581534,48.597999557387084,209.51799961039796,447.5348017876968,465.0787988794036,5.899200914427638
595,0.118194481236203,0.723452702702703,1.06881145833333,1.93334221311475,0.496791023166023,0.8831289537712901,0.12260331890331899,0.167175194300518,0.48796474788041094,0.8527379983726611,0.10852496739333001,0.153112120309708,1.78351006711409,0.597499222395023,1.29332868757259,1.1529415277472628,2.5045670867205616,2.4284015943548596,1.8881123588557023,0.37280929092811727,448.04600038332865,46.89470079028979,162.23799611907452,408.4247018909082,501.60819955635816,6.121699698269367
596,0.123290524586798,0.7238356527501659,1.06667758985201,1.70440597014925,0.37986363636363596,0.706470741222367,0.132962182918315,0.167142408675799,0.282373997569866,0.49964484741264903,0.11859813922206,0.150380567856213,2.0328696461824998,0.41093246852346405,0.86517551369863,1.1746075555703686,2.0754736831230423,1.5693564516890819,1.5142988818670555,0.3700540732793163,279.90999951725826,49.67999557266012,130.220600112807,370.56520086480305,505.4062989074737,5.706900265067816
597,0.577648770697441,1.6367305863708401,1.62466096866097,3.14190490797546,0.742546840958606,0.900058451816746,0.6809518613607191,0.899809638554217,0.591682926829268,0.6435515320334261,0.589993952721275,0.6467224199288261,2.54012315270936,0.800925,1.12849066959385,0.9934706159776547,2.0988106476436776,2.0331515385740397,2.854369927804856,1.9386106515641905,362.3752010753378,129.53889672644436,140.81299741519615,280.99500632379204,595.5541011644527,14.554600056726485
598,0.108789114964418,0.705785582255083,1.07123529411765,1.7240048231511298,0.568827605321508,0.90702304964539,0.171007743534149,0.171534845788849,0.438817397555715,0.6680590000000001,0.159264746650239,0.160764854426619,1.59644230769231,0.5947988919667591,1.10578080808081,1.708991036808246,2.4909582383809377,2.0031599387524537,1.886796914656507,0.37257863223966187,284.67980155255646,55.669799621682614,133.91879911068827,317.979502142407,490.4836983769201,5.708199751097709
599,0.602192917547569,1.8165264957265,1.43703831891224,1.42900531914894,0.694984788359788,0.887846687211094,0.695561968408262,0.8853265637692931,0.6436932624113479,0.686968806238752,0.586139433551198,0.6820230386052301,1.5210391644908599,0.8361116678596989,1.1168806983511201,0.991034426727267,2.1297084578124847,1.4739985200313392,1.6309185522091432,1.5257812643041124,286.1157030565664,86.68880036566406,97.86389855435118,213.35209748940542,345.68150440463796,15.19599900348112
600,0.8000930787589501,4.3968619402985105,3.9649040590405904,3.96657528957529,0.8555133228840129,2.22270074349442,0.835149460708783,2.18141842610365,0.717130260521042,1.7340176730486,0.744438946015424,1.76083652173913,4.09874596774194,1.0940163576881101,2.26692741935484,2.002952646076481,4.890748656400393,3.4542126849114267,3.7671269058574355,3.647518221346108,294.2970997537486,92.46889967471361,100.79669882543385,227.02270216541365,286.82049887720495,34.360600693617016
601,0.119088985996623,2.1313426443203,3.13018367346939,5.50686734693877,0.5875948275862071,2.20332618025751,0.176372161046112,0.439585134622677,0.455754761904762,1.68763651315789,0.16078791317917399,0.42344831378299097,5.96277777777778,0.679016772700983,2.17658909853249,2.4296306437332493,5.778859378629045,4.643648720681877,4.323931562533128,0.8588142211265626,504.37710160622373,48.84819936705753,208.96269707009196,488.6044989689253,764.7813006769866,10.451600246597081
602,0.106348125321007,2.07508134920635,3.08159939759036,5.27417821782178,0.456724307417337,1.70819900497512,0.169221280203476,0.426405147364051,0.332747791393559,1.27865342163355,0.153133030775776,0.41193397573162005,3.57795665634675,0.5488870270270271,1.79861381475667,2.977859844615631,4.729422532176827,3.651303244176017,3.4706656241975744,0.858919537570473,399.5921986643225,50.38809758843854,159.48599757393822,439.1448965179734,516.818297910504,7.579900557175279
603,0.772065452091768,4.38237698412698,4.01324344569288,3.8174859154929597,1.04009661835749,2.6534874715262,0.968229186155285,2.66021188630491,0.798899082568807,1.7589452991452998,0.796395688456189,1.75178195488722,3.4901328903654503,1.19273519553073,2.26748541666667,2.0178786394161805,3.905470695411724,3.448300261137409,6.597655844433153,3.613726459885368,296.6288957395591,98.07099995668977,109.0700039640069,225.69539869436994,419.93960039690137,22.784699103794992
604,0.805539682539682,4.34070078740157,3.9558809523809497,3.93848464163823,0.861572,2.2136171079429703,0.85796473354232,2.20361247637051,0.747894087069526,1.76398355263158,0.742102414045355,1.7435650842266501,3.42819161676647,1.11715189873418,2.2203963963964,2.017239572217094,3.8968128900059895,3.4742549588747975,4.700263702843745,3.6319778538159864,292.60599840199575,101.25960106961429,102.2910961182788,223.69690123014152,412.07959729945287,25.22470022086054
605,0.790861493836113,4.37781227436823,3.9715,3.92123026315789,0.931080555555556,2.63640384615385,0.906225474683544,2.63533493975904,0.813116314199396,1.7721630971993398,0.834475034674064,1.7798474576271202,3.41284466019417,1.1826599526066401,2.2925940803382696,2.0077649036427547,3.877612114847246,3.419434766840374,8.582659317814763,3.6485270498513174,296.23130103573203,97.75950165931135,105.5963002727367,246.26359518151727,354.47799891699106,57.16919986298308
606,0.809793930839802,4.44574698795181,4.90729613733906,4.91691826923077,0.7944910000000001,2.2003384912959403,0.811050906555091,2.18012684989429,0.788025583145222,1.77097854785479,0.791597107438016,1.7638679245283,3.9217619047619006,1.1977960741548501,2.27747908745247,2.001513740263431,8.804549809590387,3.4419895667841165,4.629187913670798,3.6226909253338753,391.9269991456531,91.93580190185457,99.2403001873754,236.74849944654852,452.7227007201873,21.440999989863485
607,0.117253476404248,2.13226295585413,3.09850810810811,5.310773869346731,0.668811764705882,2.55871065989848,0.187034419289527,0.408144,0.56761095890411,2.0649532520325202,0.175348607512953,0.38998028062191903,4.034715953307391,0.776446062210457,2.6146483790523702,1.9097671266900311,5.785984781563925,6.5478634655166585,4.386125304315824,0.8484999844779246,340.3611000976525,53.93439932959154,206.62860188167542,429.8066036426462,856.2539995182306,8.589099161326885
608,0.830474025974026,4.40372064777328,3.9489384057971004,3.9275468164794,0.892421256788208,2.26427952755906,0.8946346555323591,2.2646013215859,0.841387073347858,1.72903497615262,0.842828757225434,1.72229542097489,2.86552879581152,1.25643614457831,2.28146679316888,2.011375764754889,9.847821473763888,3.3973893293191937,5.615401076747974,3.586249108904428,317.4977013259195,99.51340180123225,106.01829562801868,225.50210123881698,360.7578997616656,38.401100027840585
609,0.7707156146179399,4.3169586466165395,3.9630611510791405,8.38281617647059,0.778819505094614,2.27498015873016,0.766407766990291,2.26528979591837,0.8629130074565039,1.71138404726736,0.754920341394026,1.70792058823529,4.8662571428571395,1.17979642502483,2.28423387096774,2.009436146834961,4.869297530754419,3.442189625970304,89.90711405789433,3.6200277824973,330.2262965007685,140.10220038471743,146.3112042983994,291.2118026870303,526.3786981231533,24.424200819339603
610,0.13411492842535802,2.06181768953069,3.08467021276596,4.41648927038627,0.672877472878111,2.59064563106796,0.18996352036643202,0.415403079352546,0.574019576719577,2.17497245762712,0.17396229286439002,0.399735557947614,4.382099236641221,0.863216072782411,2.7466428571428603,2.9816345277529526,6.828295820767953,6.557789348850746,5.23315443505856,0.8593760726761713,315.8959996653721,50.30539468862116,159.48469954309985,441.79830147186294,691.0842028446496,8.940800034906715
611,0.114601755870531,2.11468648648649,3.1507185628742502,5.15854708520179,0.5014552597119161,2.0685580952381,0.127721600381043,0.407954986418316,0.49154881010199103,2.0603074265975803,0.112427214250371,0.391124330527927,4.91725365853659,0.689797306874557,2.75311392405063,4.118788768329644,5.779015025626384,5.572983029112764,4.313829872184979,0.8593461265788904,450.2964991843328,47.90909879375249,165.61989905312657,437.1510018245317,627.7565989876166,9.15449927560985
612,0.711207218419415,7.8853356643356705,3.13970262390671,7.621755555555549,1.05028281853282,4.01601388888889,0.151731628453851,0.411743994509266,1.2620580645161301,4.4585572519084,0.136781136069623,0.397987956341739,7.47575539568345,1.70171209800919,5.36967934782609,5.784293826909375,8.867506995405584,16.404018079462098,93.3740356775152,0.8528812112741609,700.7456995779648,77.49519863864407,324.6068983571604,667.9885002085939,863.48570039263,12.847600737586617
613,1.18773245614035,6.9125125,3.9696124031007805,7.76143846153846,0.97406432748538,2.77281282051282,0.9544716157205239,2.7566770833333303,0.7364437420986091,1.74480223285486,0.7361070000000001,1.75845990922844,4.978417391304349,1.13222793404462,2.32445154185022,2.532953373805634,7.94673056220453,4.653974301948001,91.33518592666957,4.558793635850536,386.4461003104225,167.59300051489845,180.0073980120942,344.18700233800337,1151.4275975059718,21.547799406107515
614,0.264393496701225,3.1594622093023297,2.97184691358025,6.41377653631285,0.9091072507552871,3.14740379403794,0.163787980232743,0.426870390261368,1.01428931364031,3.51683561643836,0.150281167108753,0.411556011489536,6.97921917808219,1.22283078491335,4.39647368421053,2.9688562950357107,5.810540314633753,99.00884240437368,6.147794959376183,0.8667019345535978,621.1857005837373,69.02390159666538,240.67580088740215,609.9407037254423,984.1747989412397,12.132500705774873
615,0.799283924843424,4.398192771084339,3.77886378737542,3.8228029739777,0.8758431703204049,2.21363251670379,0.859407570422535,2.17518534482759,0.83516,1.7584950000000001,0.838022258862325,1.81397504456328,3.47109009009009,1.20345323741007,2.3307754237288103,2.0063815013717248,5.930310658789904,3.4101200052753824,5.651502325320527,3.591143639137713,346.97930241236463,94.99090083409101,106.5117001417093,224.3757975520566,349.8855003272183,20.6816999707371
616,0.137526309466603,2.12303197158082,3.1484835164835197,4.774830188679251,0.531190426638918,2.1853925619834698,0.17094828680203,0.44153162202381,0.437894104393541,1.69051433121019,0.15813097656779102,0.421659557013946,4.42883011583012,0.6249576624925459,2.25112770562771,1.4320314920734445,5.769494058239353,97.03681076299155,87.48978471966751,0.8613904868188865,444.01169870980084,46.857901907060295,181.50209943996742,377.4607990635559,410.57600174099207,8.641999738756567
617,0.129232456140351,2.06581835564054,3.1330991253644296,6.503277108433729,0.584663779101245,2.23528598848369,0.167987569512594,0.442740576496674,0.427204385601986,1.76605736434109,0.15375348169418498,0.423453047775947,6.388350000000001,0.667828294352538,2.26206904231626,1.9591671797717565,5.739582451872868,4.6673506736140515,4.304483220237548,0.8572978611824533,541.0131023381837,49.505299830343574,205.76750102918595,484.8786964430474,605.7872014935128,13.564398977905512
618,0.11987188243816602,2.11468400770713,3.10951688311688,5.3177760416666695,0.338009754655631,1.2754164835164798,0.18190063826117,0.428438589211618,0.242894932284841,0.8198934659090911,0.167585582956369,0.402458877515002,4.39426315789474,0.44339195775792,1.2455340375586899,4.122167648367814,4.863162815232361,2.522210100085674,2.5994152989447956,0.8650669401656372,340.35360149573535,45.300899364519864,174.9072049278766,331.72289840877056,589.9229989154264,8.4481987869367
619,0.845518653986832,4.44123206751055,4.1263906810035795,3.88381297709924,0.827379495026779,2.17528210526316,0.839814905814906,2.21742052313883,0.801156013745704,1.76520942408377,0.7886635873749039,1.7986559139784901,3.4602789968652,1.17514912280702,2.25695555555556,2.004753832539464,4.929416537179645,3.4161628816954215,4.694010887355125,3.6382657683998865,282.22169930813834,97.6203999016434,104.70939887454733,227.96519770054147,477.3552020196803,25.05939919501543
620,0.80137568627451,4.43507661290323,3.9715636363636397,3.96906177606178,0.887474,2.1684752851711,0.897673517786561,2.1982767175572504,0.86094623655914,1.7344657738095202,0.8636909090909091,1.73460638297872,3.45270847457627,1.25526054590571,2.32216798418972,2.013995859867319,3.898610261278175,3.4298401217974983,3.7682031679491947,3.646043647324294,308.8206998654641,97.33580081956461,103.38040010537952,229.2386954650283,336.22160117374733,31.6707999445498
621,0.09164561096065,2.2395673624288404,3.1114303030303,5.34503626943005,0.581268545140886,2.1152066805845497,0.209287166454892,0.43525916561314804,0.571378422782037,2.14206617647059,0.195261690983913,0.439836170212766,5.917314285714291,0.796686578171091,2.7095402843601897,2.4200164076726414,5.8712456373135105,5.709802690705095,4.453450678146574,0.8833991898592504,454.19500092975795,24.31230095680803,161.55100020114332,380.80030062701553,846.4443002594635,10.731900692917407
622,0.793623,6.4815325443787,3.93718411552347,3.8836459016393405,1.01287051792829,2.61249487179487,1.01518108651911,2.635578125,0.830222222222222,1.7745466893039,0.833760268857356,1.76876758409786,3.38765882352941,1.22034892541087,2.2562268722467,2.023376145494406,3.912838362053106,3.476812582714629,5.688303489879409,3.643611718837713,304.05750003410503,95.83940118318424,100.62989895232022,229.11890409886837,350.2638021018356,44.52260036487132
623,0.14311459289366701,2.11972529644269,3.09675452196382,5.334869791666669,0.79325890736342,3.03324598930481,0.209127161749746,0.426344241922121,0.6952214144084601,2.57935353535354,0.194254842722588,0.408246208112875,5.000660550458719,1.08616526610644,3.32526298701299,1.9355836608522856,7.745869292203922,6.549956087191419,88.21236054111468,0.8605905892411386,426.9684985047206,55.0489014131017,213.25919951777905,481.73350078286603,1006.7650000564754,9.580299956724048
624,0.812541042112777,4.43628340080972,3.9382480620154996,3.92765146579805,0.83051,2.23222138836773,0.820114449213162,2.25277456647399,0.7224200373366519,1.78600518134715,0.726954285714286,1.77672822299652,3.46227652733119,1.05093899782135,2.21750881057269,2.0209355870476453,5.906730575983355,3.4215843330039646,4.660795744389394,3.6212830432111454,290.94699857523665,99.11430097417906,104.70819834154099,237.54980065859854,423.09690034016967,27.845600561704487
625,0.865817448680352,4.340601593625499,3.9137525423728796,3.96577946768061,1.03521570680628,2.6354009111617303,1.04182279792746,2.61734010152284,0.817031914893617,1.76199127399651,0.827865972222222,1.8912162661737502,3.45737609329446,1.22796214099217,2.31921428571429,2.018242369812543,3.894889114144634,3.416100568530848,6.637069815632953,3.648094132865338,312.0966022834182,95.69209942128509,106.22449626680464,234.0615028515458,291.07339796610177,107.38520068116486
626,0.779766216216216,4.43312550607287,3.8080317460317503,3.74842804428044,0.763265007320644,2.1992656546489604,0.770438729198185,2.20150905432596,0.7893077531645569,1.71832428355958,0.804695988740324,1.72089813242784,3.38804113924051,1.10444226804124,2.25481497797357,2.015540472923661,4.898397124386094,3.393657048095258,3.7246704973894973,3.6556776568901137,306.3056035898626,102.98860142938793,106.40440450515598,244.41580171696842,295.7582997623831,49.13660231977701
627,0.854959529065489,4.4128776371308005,3.963171875,3.93695695364238,0.9693983957219249,2.69588705882353,0.954725961538462,2.72628795811518,0.791003,1.8317135922330101,0.7967110000000001,1.83594855305466,3.51937883959044,1.18050715214564,2.23849903660886,2.0101950439472343,3.906635802417568,3.4336134764944015,4.719522419379053,3.634133694776846,307.0851002121344,96.16749885026366,108.0190995708108,242.32249706983566,479.426997480914,28.704400756396353
628,0.464372398190045,3.23584272997033,5.93533333333333,5.94259693877551,0.9610509999999999,2.70749459459459,0.94072249589491,2.6951935483871,0.732950643776824,1.70110981697171,0.728860199714693,1.7159175438596501,3.83134586466165,1.07303761061947,2.1997224669603503,2.0251133931866936,4.857705074687605,3.4518551408064906,4.652210705901464,3.6475216347888595,299.2848021676764,134.00370080489665,137.35400571022183,283.85930927470326,509.25559771712875,21.540600573644042
629,0.804002842928216,4.4705914893617,4.524586956521739,4.35862890625,1.17706220657277,3.05344505494506,1.14738932038835,3.0560583090379003,0.788894327894328,1.73469932432432,0.779302764666217,1.7225939086294402,3.49336470588235,1.15717313432836,2.29849893842887,2.00593110924519,4.896140308346786,3.420314123284021,7.633454377809955,3.6506509737583333,351.24220012221485,104.56589516252279,112.29189985897392,235.6820070417598,806.148094125092,21.543900948017836
630,0.778450169491526,4.2866282527881,3.77951119402985,3.79057741935484,1.06258604651163,2.62449131513648,1.07150138504155,2.66347780678851,0.913058877644894,1.71905871886121,0.901200723327306,1.70819124797407,4.15195528455285,1.24156857855362,2.2362623318385704,2.0205294484224052,3.857772133257022,3.454181326613387,5.594084996783711,3.6811701270782966,309.9783993093297,96.90729493740946,104.48569664731622,226.43420088570565,297.95999580528587,46.08930030371994
631,0.120870929734362,2.13328596491228,3.1738916666666697,5.089875,0.717603591160221,2.5517268722467,0.226052807224185,0.404997191997192,0.8680200320512821,2.99790206185567,0.21591255315215402,0.389180713743356,5.24284693877551,1.1990434310532,3.82838970588235,2.9621265084929393,6.872289924860693,8.508845402501874,6.0774976585959575,0.8585758601570119,427.7173022273928,44.472599984146655,186.24670046847314,423.1983970385045,394.15000355802476,10.666798334568739
632,0.100755847277434,2.1201767857142904,3.09263204747774,5.24362814070352,0.42267136659436,1.77183489096573,0.165327971530249,0.435858598726115,0.324033875338753,1.29579522613065,0.151898704358068,0.416572527472527,5.344,0.518910137228862,1.7145066666666702,2.4450603488371514,4.968859419340093,3.6605892474969384,3.4483204411242974,0.8717055409578216,284.4134927727282,24.818300153128803,121.33200070820749,233.9029946597293,612.0739039033651,8.744900696910918
633,0.17110933905842698,2.10371378091873,3.1042259740259697,5.36859,0.665781921618205,2.52263636363636,0.173695587579854,0.41233107088989396,0.571317339667459,2.05598585858586,0.158930052529721,0.399427633851468,5.55857731958763,0.8388090976882919,2.7836915662650603,3.5482028798427114,8.761712297623237,5.592064010404034,6.975726500111666,0.8540517979094652,579.825893510133,51.23019509483129,238.60829533077776,376.5411936910823,637.3038020683452,10.34629822243005
634,0.123637179196003,2.0545726795096297,3.0907507082153,4.93721428571429,0.552351521004346,2.1855,0.174307099524512,0.42456572258533,0.43793752425300697,1.7080084269662898,0.159448874687413,0.421302788844622,4.86055042016807,0.677818291944276,2.30084821428571,2.4132221517078034,6.746262495154324,4.6221118399781105,4.327213721565585,0.8691538516906404,497.7474018232897,23.416196927428246,206.0488041024655,332.85070094279945,730.0845987629145,9.742600377649069
635,0.107501714400968,2.1190558558558603,3.1607253086419798,5.41349751243781,0.54147983014862,2.16426843100189,0.157956837489723,0.413882352941176,0.438770218228498,1.70218195266272,0.144562000515597,0.40068224299065397,4.46151724137931,0.6549779785431961,2.3522335456475596,2.4137079865332383,5.773120372738555,4.673138188547552,4.3556590006289735,0.8534555540848177,429.34830125886947,46.3184027466923,188.71720822062343,327.57809094619006,500.0311968615279,9.236999903805554
636,0.118428486411426,2.0662646048110003,3.10192682926829,6.07130481283422,0.5608032967032971,2.06469494584838,0.175242657679345,0.395246393762183,0.6999833230389131,2.5157211328975997,0.162636426785218,0.388502457466919,4.86744303797468,0.987222431668237,3.2325182072829097,1.9270570791442483,6.737552732290967,8.43751500621644,4.340450013638003,0.8519121920100171,494.9612019117921,49.1551065351814,238.47560223657638,436.08550331555307,756.4507017377764,9.030901128426194
637,0.788111,4.43350840336134,3.964276816609,3.9936124031007805,0.9258714408973251,2.24089807692308,0.9201250000000001,2.2185454545454504,0.862078986587183,1.76933986928105,0.8255628823929301,1.74103414634146,3.47778869047619,1.3364611764705898,2.37001754385965,2.0250539686474616,3.875501837674371,3.446233095718747,7.666415428939971,3.6520137775556254,294.48700370267034,94.96380225755274,107.49790817499161,232.67700453288853,540.1810980401933,33.11949840281159
638,0.0837757468704401,2.06731501831502,2.94125,4.16484230769231,0.323144932112409,1.37968595041322,0.16660479375696802,0.451908773461371,0.224225644386195,0.885466960352423,0.148565380493033,0.44445224083295604,4.8913014354066995,0.42459718875502,1.26649090909091,1.9547341037402841,3.801183676807283,2.5330193087942066,2.58856456571205,0.8549539915760627,311.35010067373514,24.90550104994327,99.88679375965148,269.4927010452375,588.689892902039,8.851298480294645
639,0.120243227531682,2.0659264413518903,3.01772451790634,4.27608239700375,0.360844460227273,1.2451145320197,0.200588770334091,0.41236806301467904,0.262811546286877,0.792419077404222,0.191479201331115,0.397083364346855,5.26340932642487,0.478067368421053,1.24744785949506,2.434912858774399,3.7885144498367733,2.5140614148838143,2.5700965972490226,0.8449356216994655,286.5714021027088,47.1621984615922,148.09539716225117,210.41119762230664,523.4093987382948,9.146000957116485
640,0.7816502029769961,4.44342857142857,3.8627190635451503,3.9088561151079104,0.861911144578313,2.1315,0.8590506756756761,2.1224062499999996,0.781404109589041,1.7086208955223898,0.7684539223153091,1.7249461883408101,3.3923102310231,1.24472202166065,2.34586004056795,2.010026313790511,5.865778984220804,3.4434401039174345,5.610176274978943,3.6120381183023027,321.86830358114094,98.8250074442476,107.14599629864097,239.08049624878913,313.45789902843535,38.80379954352975
641,0.84869406779661,4.29997489539749,4.3717703703703705,4.30566914498141,0.905879,2.6198298969072202,0.884804724409449,2.68658701298701,0.74573116089613,1.80036952714536,0.754690909090909,1.8020096525096498,3.47726488095238,1.14366500622665,2.3352313253012,2.0106998377780965,9.82765828982943,3.5065773603707995,3.734422801018264,3.674681333455998,287.7488062949851,99.48979131877422,107.3280960554257,242.20870400313288,420.76548852492124,22.32990227639675
642,0.81656990881459,4.31191666666667,3.90414285714286,3.88409433962264,0.825868421052631,2.1934056399132302,0.8349730000000001,2.21092607003891,0.832068,1.7355152027027,0.82427139874739,1.72049197080292,3.4086342281879203,1.2104768722467,2.2465406032482598,2.00832551913433,4.895455949166415,3.4451131285869567,5.62815440867588,3.6398752759398296,274.43249709904194,98.16699894145131,105.76360509730875,229.031199705787,519.2665033973753,25.387099594809115
643,0.0849640156237015,2.6266,2.91811704834606,3.32048780487805,0.386094996374184,1.3454730458220998,0.220878760255242,0.429007349762214,0.280014367104285,0.831515918367347,0.206454997337121,0.408326923076923,3.9897500000000004,0.522103403141361,1.30910044642857,1.4265492756976614,3.803912811740304,2.5262502280711874,2.5666030150942545,0.8576114919029714,205.52959758788347,53.64839744288474,124.6033963980153,286.03109531104565,640.7884007785469,8.190199150703847
644,0.838701418439716,4.30145238095238,3.91423232323232,3.94213309352518,0.828482,2.26851859099804,0.862114740368509,2.248984375,0.810869391025641,1.73560685154976,0.809182101167315,1.72169378698225,3.45910828025478,1.23921407624633,2.31830041152263,2.0002880818159254,3.9244755387444568,3.4353796408524917,4.672402603967908,3.6003561487445905,328.3903992269188,99.28559593390673,112.57810110691935,239.04569679871202,297.83839418087155,28.96000223699957
645,0.103292249167855,2.0427264150943403,3.06381940700809,4.70495217391304,0.459127003205128,1.64553662420382,0.20394866355536698,0.39327010388611,0.364204581609927,1.2516156462585,0.19660715659869202,0.393796558704453,4.43217441860465,0.611830367734282,1.8027359154929599,2.9418750122950756,4.775808571511604,3.6275005411365338,3.4506626124669206,0.8472522173528901,267.53970014397055,51.64079193491489,144.96299263555557,380.1286016823724,587.5598028069362,8.345299283973873
646,0.8416059259259261,4.38364925373134,3.93643243243243,3.8988040540540503,0.881190204081633,2.17026411657559,0.90446065428824,2.16948,0.7930981719702099,1.74075528700906,0.798682181818182,1.75810967741936,3.47068888888889,1.23351483050847,2.3360736196319,2.006111236171913,4.82694875286005,3.4371182795271746,3.7278970073695055,3.612540070170415,304.91989746224135,99.68629747163504,111.35219829156995,226.45679709967226,350.6001958157867,34.220400266349316
647,0.780862397820163,4.33369322709163,3.9707896551724096,3.87568524590164,0.883350607287449,2.20820463320463,0.866896496815287,2.20912701612903,0.812657120127287,1.76054198473282,0.813883107088989,1.7726313364055302,3.46616610169492,1.1843931888544899,2.25214197530864,2.009538555602972,4.820022431403362,3.415445018116641,4.631719373854372,3.6246935672812706,295.8723023766652,92.03440276905894,103.8791990140453,237.48839739710093,294.28209527395666,38.813098217360675
648,0.5233136363636359,3.19745945945946,4.26982558139535,3.9282427536231905,0.8926441979522179,2.1937277992278004,0.885989739542226,2.21899569892473,0.7896223231667749,1.6761258278145699,0.796675190048376,1.73348392036753,3.46326726726727,1.1870236625514399,2.33576332622601,2.0242942504738886,4.934110419063949,3.4288273337537776,5.710776156758589,3.6227202593363987,309.58769493736327,99.0625994745642,109.74039905704558,222.93800138868392,421.73620022367686,35.9412981197238
649,0.120666891360521,2.0655027027027,2.9912760416666697,5.754565,0.6461943521594681,2.49403983228512,0.136758578729618,0.394437963944857,0.517588877855015,2.0287416520210897,0.123792487751769,0.387413008651073,5.34904210526316,0.801255752794214,2.81236438356164,3.0642567025707392,6.756150959499612,6.559463530921182,5.157806776642249,0.8480100258371447,397.30110147502273,55.80860597547144,174.65840210206807,406.59869846422225,568.4493051376194,9.676598710939288
650,0.117366282595512,2.0659928057554,3.0934222797927498,4.3577196969697,0.6689999999999999,2.7240025706940902,0.183916228698837,0.43842028397565896,0.5609236303265079,2.2317373358348997,0.169073070607553,0.4226478976234,5.53951776649746,0.913491683991684,2.9301457142857097,3.492382052260964,9.867507857123687,6.6356583945707985,89.29185889790492,0.8615099303083655,482.21219913102686,50.48400198575109,270.9947992116213,574.0924010751769,773.277401458472,9.749000309966505
651,0.108034979049007,2.0663143872113703,3.14963880597015,4.90128510638298,0.595217919075145,2.19195267489712,0.24015844155844202,0.448101687937423,0.498843560933449,1.71350824587706,0.229446885617214,0.430787579113924,4.40014901960784,0.7416263297872341,2.2987410358565703,1.9387916127344715,5.9386320104352786,4.680978401500895,4.431251627825163,0.8519791714003774,445.74240455403924,48.49099204875529,161.8226058781147,501.89839967060834,758.0106001114473,9.024800965562463
652,0.8120602836879429,4.43890987124464,3.9826433333333298,4.01076206896552,0.8433819241982511,2.1473563714902797,0.85027151799687,2.15352551984877,0.7917325335215241,1.69541554559043,0.770650991917708,1.66623228995058,3.42571470588235,1.13167123287671,2.27962642369021,2.0324084959009325,4.879166726653061,3.440105094658407,5.71442027922049,3.6708958834332073,288.2653003325686,96.04190418031067,101.67940054088831,216.45879314746708,531.6997936461121,24.129002122208476
653,0.12153900406069701,2.13910326086957,3.1143689024390198,4.358101886792451,0.376884601769911,1.24788377723971,0.208711836881992,0.401572280178838,0.271639733840304,0.7989488993710689,0.196915711009174,0.388414118535296,4.9147542372881405,0.4897447380206,1.27378914919852,2.4523258990165386,3.8079726368039624,2.5174202156044996,2.5782639853276557,0.8517003803006952,119.04709681402892,53.37800248526037,134.74510051310062,385.24819537997246,666.481300140731,8.160999277606606
654,0.116769386310788,2.0929909420289903,3.06424925816024,3.46943620178042,0.35961161971831,1.40445804676754,0.18902172151078,0.47673096026490097,0.251359127934835,0.892898701298701,0.176778547297297,0.445041774332472,4.892816964285711,0.456445678033307,1.3351455064194,2.4963901784816183,3.8474874342608274,2.531235733911811,2.5944953742074985,0.8626284148566634,212.12139690760523,25.325003662146628,98.60859718173742,267.4370043678209,337.5271015102044,7.97429820522666
655,0.826839258114374,4.293552,3.94585882352941,3.9316722972973,1.02049070945946,2.6252725,1.0224102564102602,2.61979680365297,0.826809930178433,1.6571797752809,0.84757898957498,1.69453782894737,3.47683279742765,1.22141063829787,2.3033225806451596,2.0289132004424726,4.921978395696911,3.446852805182884,5.654480492734798,3.7000992013890093,299.337794422172,97.98259707167745,105.00020580366254,240.75240071397275,281.37919725850224,44.037800398655236
656,0.12423236994219701,2.1164811881188097,3.0842677165354297,4.3703146067415695,0.34934610431423,1.26380385078219,0.185189369369369,0.41319189602446504,0.246395503211991,0.802051879699248,0.169373576992211,0.39443342391304304,4.87304310344828,0.454731031714171,1.26851213282248,1.9321419404069375,3.8585529090284814,2.5536414626331245,2.6038019541234365,0.8630272232238735,120.37170527037233,53.034600568935275,120.86860078852624,334.8603000631556,496.7107000993565,8.190399967133999
657,0.810094353640416,4.403468,3.92563740458015,3.94784210526316,0.8411299999999999,2.20189711934156,0.849536700868193,2.1871914893617,0.8049338905775081,1.7577533557047,0.789895571711831,1.7544232715008399,3.46694242424242,1.2077772177419401,2.36467010309278,2.03681250888789,3.9106816059678926,3.430074515456329,3.782510576579442,3.65030388528682,311.24560337048024,97.1653003944084,109.92599709425122,218.65680173505098,288.9079012675211,23.530700127594173
658,0.812309656823623,4.40062030075188,5.299402777777781,5.31324122807018,0.727906767955801,2.19574242424242,0.7333995929443691,2.19568282828283,0.6988909999999999,1.7622707275803702,0.785256908140403,1.77059878419453,3.9227054263565897,1.0169079627714601,2.22396129032258,2.0367581749003674,5.926916802991474,3.4888068730185933,5.645534695089122,3.660822126256582,276.4833072433248,124.29730268195271,134.90910059772432,238.36129112169147,406.06709953863174,23.20159983355552
659,0.0994178151260504,2.05776647834275,2.93915714285714,4.718109756097561,0.448503569928601,1.70123793677205,0.171704633781764,0.41735387109850003,0.32391046794698397,1.2559480198019801,0.157043384615385,0.38995633617859504,4.43934630350195,0.552361915367483,1.83152321428571,2.9991060940534675,4.84834232657022,3.6592432943909157,3.4207506751950625,0.8470036707863078,267.4500981811434,51.64669419173151,160.46410019043833,390.9819992259145,846.5248945867643,9.210500866174698
660,0.119043483647175,2.06488669064748,3.05967930029155,5.3033886010362705,0.5004235294117649,1.76126872964169,0.224679689140937,0.425771322160149,0.393594539249147,1.31018578553616,0.209078006943026,0.412004060089322,4.36659695817491,0.6221515650741349,1.80815436241611,3.6280885649117884,4.841073151743988,3.7193750485922092,3.49601019365185,0.8707104409441172,320.3997010132298,45.241499901749194,151.28880040720105,337.6858017873019,542.9239972727373,8.237300789915025
661,0.533783700666325,3.19044444444444,3.9687918088737204,3.98536111111111,0.820772837510105,2.23859119496855,0.824519174041298,2.16395700934579,0.741719686162625,1.7112174688057,0.742754304635762,1.73760746268657,3.38790460526316,1.10903441084463,2.3282626931567303,2.0356506851941782,4.938432847201366,3.4280982083305003,5.71229580602394,3.669062837747468,299.4563983520493,97.86970040295273,103.19350112695247,234.3143947655335,421.30419751629233,21.446298342198133
662,0.234177300613497,3.21303591160221,3.5487559523809504,6.59238068181818,0.9659747899159661,3.1386006006006,0.200910299003322,0.42952990380593903,1.09472674976031,3.9745916955017297,0.185538060479666,0.411210694333599,5.438330275229361,1.47312419974392,4.97036697247706,3.463768917426845,10.004017458427013,20.41148087141705,6.124418668442485,0.8621326437388152,677.8314040275291,88.17860507406294,259.59530321415514,553.869002033025,702.6501989457756,11.967800674028695
663,0.814959579628133,4.43131428571429,3.0959452887538,6.44708125,0.594395511221945,1.85897106109325,0.599760395010395,1.85362199312715,1.1455539488320399,3.5980945945946003,1.14788502415459,3.58375958188153,4.374568702290079,1.51880317040951,4.234134099616861,2.5390716752816336,21.40439836151057,8.42694460443985,21.26624047934049,8.286798067505618,532.4285884853452,205.72890061885118,217.16999472118914,398.0178007623181,834.3348017660901,22.05519995186478
664,0.790716981132075,4.40216666666667,3.98025,3.94574329501916,0.766036809815951,2.1525205761316903,0.773279,2.28934513274336,0.763812971342383,1.67671666666667,0.807145650708024,1.69110162002946,3.43393311036789,1.16528725701944,2.2422080679405503,2.019244902778546,4.931509424486157,3.4126178229004647,3.760216512189538,3.640210004016894,312.2889931546524,98.46070024650544,103.37069979868829,239.1541056567803,309.65629557613283,48.44390205107629
665,0.100990666794958,2.08982967959528,3.14725549450549,4.3823665338645394,0.344918283963228,1.35280102695764,0.180313319672131,0.436557099924869,0.245529065969954,0.8701661184210531,0.165712604076945,0.42547068538398,4.94628899082569,0.445842608695652,1.3122234392113898,2.4311616153175706,3.8193939483548704,2.5379368630851205,2.549104457034275,0.8495133470477106,203.36690067779273,49.01259089820087,112.27330251131207,223.2728962553665,357.77770390268415,8.666299981996417
666,0.850475313190862,4.4482808510638305,3.9196156462585,3.91532699619772,1.02117608286252,2.61446987951807,1.00230604651163,2.62639845758355,0.806836,1.76446727549467,0.809530015797788,1.76349545454545,3.4278233333333303,1.2522004454342999,2.29782806324111,2.032134935387222,3.938056738963281,3.456813760539776,3.7464811528879194,3.673557681069865,304.7559002880007,96.39239287935197,103.32009405829012,242.63849772978574,384.2071018880233,23.5776009503752
667,0.869174830444612,4.4677052238806,3.9452607003891105,3.93148275862069,0.944030179445351,2.20482307692308,0.945152558139535,2.2056216730038,0.840228991596639,1.71505714285714,0.8423108108108109,1.71739693356048,3.4525089285714303,1.27564119170984,2.3175793103448297,2.041024093852356,3.982792955219391,3.4804515396485787,3.824911042043182,3.7185953739420405,287.3068966437131,97.25090058054775,105.10910069569945,249.07560436986387,419.061302090995,27.573600527830422
668,0.133707883817427,2.12791182364729,3.13554471544715,5.4205614973262,0.635044973544974,2.4631352657004797,0.13592650103519702,0.402564056297366,0.9048342455043,3.40338081395349,0.1216850946854,0.38393419593345696,7.36318248175182,1.16613053613054,4.07625203252033,2.99107781313735,12.797830093682675,98.3836367292879,5.190068934987676,0.857074896924167,502.93299718759954,92.15969766955823,259.63909865822643,599.527798476629,731.3334994250908,11.433000327087939
669,0.80730035335689,4.44151229508197,3.9562671755725205,3.9561740614334497,0.840191941391941,2.2231106290672398,0.850488262910798,2.22910105263158,0.755335621662853,1.69299253731343,0.775567457627119,1.6920367278798,3.44855623100304,1.21616345177665,2.1959999999999997,2.0278687289327184,4.932930377911506,3.453899733495754,4.680209923142456,3.6657115292570026,298.82499657105654,106.10170429572463,107.1528997272253,283.4899991285056,486.75319412723184,23.831799626350403
670,0.144247413228553,2.1194882032667897,3.01679155672823,4.98751196172249,0.553580786026201,2.10263599182004,0.170180577966848,0.417812731310141,0.654394889663182,2.5322449999999996,0.156375160967234,0.425809210526316,5.4786376146789,0.989521626297578,3.41360126582278,3.579993183975117,5.82794673304441,6.604099250630462,4.403155840390479,0.8801053782284594,568.6729011358693,48.72570279985666,235.4398020543158,455.52960073109716,666.8909045401961,9.527400834485888
671,0.826566765578635,4.41214339622642,3.95384108527132,3.9555846153846206,0.896417117117117,2.22694922737307,0.888753515301902,2.24204705882353,0.84420889261745,1.7580200000000001,0.8411639999999999,1.7466181818181798,3.47589361702128,1.2575110619469,2.28436111111111,2.038695897656958,5.90481316236463,3.435424231643782,6.681566401356277,3.6534524230507417,287.7741993870586,95.86600353941321,113.40129713062197,229.15980080142617,359.95609941892326,20.60249971691519
672,0.0996089980252425,2.10075576923077,3.1209057750759897,4.83909523809524,0.49082614213198,1.6791487481590601,0.211386703096539,0.427333751568381,0.36648975732745,1.26919026548673,0.195118598382749,0.41110669291338603,4.90757819905213,0.594142631578947,1.79545970149254,1.4516977213692228,4.844825998255974,3.7023092758397693,3.4937133258324327,0.8613589361257139,280.0067013595253,54.27699361462146,160.96339968498796,329.6411014162004,405.63960501458496,9.386200690642
673,0.12083672031011401,2.13140690978887,3.1030296735904996,4.45755882352941,0.593066090493137,2.11771203155819,0.197083208955224,0.420633259911894,0.46373397879207,1.63977541729894,0.18140244506856099,0.414396796505278,5.45579144385027,0.688623,2.20256466302368,1.9489090055674034,5.852811714025433,97.79057905103609,87.89966011567759,0.8581203626446104,355.0518973497674,56.5367954550311,177.17489390634,349.032404483296,561.4744935883209,10.186899453401566
674,0.136147563401293,2.07780270793037,3.1284552631578904,4.84364435146444,0.540703623580314,2.18977373737374,0.185191278975523,0.438243459915612,0.452726427622842,1.67393944099379,0.170670691024623,0.423062798384135,4.99791588785047,0.652870456047588,2.1986290630975103,4.05243428084474,5.900127367537347,4.745007362149,88.63625439898351,0.8741970085772433,429.86350308638066,58.042697492055595,118.49990114569664,393.3872969355434,363.1997969932854,9.421998402103782
675,0.770884,4.4165340909090895,3.9584043321299602,3.95699248120301,0.869887056883759,2.2145468451242802,0.870286827747467,2.21465301724138,0.77573893129771,1.75589619377163,0.7954079874706339,1.73254735152488,3.42913712374582,1.24066285714286,2.37464778325123,2.030480678114595,5.929967417240456,3.4727576991135494,6.71682662496407,3.710002420021848,322.30280921794474,103.91380346845835,110.64520222134888,238.7946064118296,302.591803483665,48.69470139965415
676,0.11531036342068399,2.19456112224449,2.92165217391304,4.24341568627451,0.44196791443850303,1.62820509193777,0.158171846153846,0.407778868813826,0.31213228492136896,1.2215291576673901,0.141372062491795,0.389793898809524,4.91611659192825,0.5426409379579871,1.7650801963993499,2.4394761498062683,4.785739672508943,3.6694305221578647,3.432547174489383,0.8501761443303377,280.2045055432245,50.90179911348969,195.267895469442,396.8291013734415,637.688094866462,9.224298992194235
677,0.08764902138904951,2.12736144578313,3.1354525993883797,4.40825868725869,0.47793735280263805,1.71766666666667,0.21944853088147098,0.41081588594704704,0.38001343230823603,1.25084573894283,0.20688336283185801,0.400662293853074,4.06358461538462,0.626920566502463,1.77814211438475,2.9729267905392796,4.875790954651838,3.6840001480541713,3.5051258300922736,0.864431713232463,328.44299857970327,48.46810479648411,197.0229990547523,288.3909968659282,477.51509700901806,10.107597336173058
678,0.8255123726346429,4.329925373134331,3.49214420062696,3.48435258358663,0.878728758169935,2.19817004048583,0.893337182448037,2.1983671586715903,0.775011,1.74892333901192,0.760516404199475,1.73218592964824,4.0953162055336,1.12932524807056,2.26442139737991,2.0285335509836346,5.955394372343896,3.401202672456406,5.672589485731093,3.6075967516057132,300.2241952344775,96.47759725339711,113.63829835318029,228.78229501657188,305.3748048841953,117.8683975012973
679,0.08766877717598599,2.77741202672606,3.1115795148248,5.91697126436782,0.646518311607697,2.29797884615385,0.216453198274245,0.443899785867238,0.825943811693242,3.15536363636364,0.20154011741683,0.423235014619883,4.059731448763251,1.13195701357466,3.8638089887640503,3.585121191551915,5.939890032252867,8.601631478596424,4.455131091085145,0.8738076092939581,421.76899733021855,27.8408988378942,191.10390858259052,484.53060153406113,559.3905982095748,10.10959967970848
680,0.103697617091208,2.10574017094017,3.1185,4.38057894736842,0.45608665860540104,1.79786427457098,0.203789829853055,0.437288373860182,0.35740299523485397,1.32810953608247,0.193725401199546,0.422630481667865,4.863038135593221,0.614731751824817,1.75641138211382,3.0257100052319674,4.854827705154805,3.731693971504389,3.4896224839665475,0.8518469383722543,321.7741032131016,45.743503142148256,130.50059787929058,366.7194105219096,803.9538020966575,8.96030105650425
681,0.822706283118849,6.4819480519480495,3.90676013513514,3.95256976744186,0.949490165224233,2.20808884688091,0.9526552053486149,2.2202435344827602,0.8226870000000001,1.6787149606299199,0.8120632000000001,1.70417113095238,3.46655780346821,1.1743248259860801,2.27598568507157,2.0208625946368346,3.9018404321772335,3.4216466980749582,3.7909661858234682,3.66241237731605,301.8957970198244,101.38070210814476,106.286202208139,246.44210061524063,296.265899669379,22.82799978274852
682,0.755606121091151,4.3313137254902,4.33715261044177,4.43698689956332,0.8912492283950619,2.29183399209486,0.8989449185415049,2.2804478260869603,0.799205745341615,1.74999480968858,0.798338167938931,1.75675726495727,3.4518950819672103,1.16038057142857,2.3107745302714,2.034192433232306,3.8944576149459755,3.4323991320815397,5.676926831740999,3.624844310119667,357.1676032152027,89.60489649325609,104.6820980263874,279.5103035168722,468.1341029936448,21.502701565623283
683,0.814729196050776,4.425705660377361,3.8243368421052604,4.04894881889764,0.978653389830508,2.1272598253275103,1.00787594936709,2.13042,0.843451811873554,1.67864656381487,0.8754807098765429,1.6877461139896401,3.4335532544378697,1.1680071138211399,2.23056974459725,2.0467439604119884,3.9638163654319523,3.4472148958807654,3.7736385691687313,3.6438319920683053,282.18330116942525,96.16309544071555,103.37160783819854,230.60239327605814,304.82970469165593,38.566600414924324
684,0.0886965408805032,2.1106867704280203,3.12927156549521,4.38480377358491,0.365209245742092,1.3674650872818,0.200445145259939,0.459431772709084,0.258455079122001,0.882109324758843,0.186962062615101,0.42389576040451205,4.0181644295301995,0.478552142279709,1.27410062111801,1.4495562139583025,3.8379745561473957,2.5380476141529877,2.6397513949383966,0.8526684010336647,200.58370428159833,23.631099611520767,118.2588079245761,277.532305335626,409.93640723172575,8.221398456953466
685,0.847770260223048,4.4562641509434,3.92853260869565,3.9999372693726905,0.814763621794872,2.16441317365269,0.818440586419753,2.19682998171846,0.753501,1.71561469265367,0.775643162393162,1.7286488294314402,3.47521987951807,1.16682912032356,2.24404457364341,2.040776675572858,5.916839195812465,3.4398162450925507,3.7771925651267853,3.648097513016467,298.3792976010591,93.0809968849644,104.39310572110116,236.89319205004722,312.25319544319063,26.038900250568986
686,0.819546486870121,4.39855465587045,3.96163035019455,3.9687222222222203,0.935910828025478,2.16830740740741,0.916562162162162,2.17986116700201,0.824436144578313,1.74904515050167,0.812760416666667,1.73365584415584,3.47997953216374,1.26632105868815,2.36480080482897,2.0279812065437115,4.8743234112237825,3.4462077805649862,4.790459948905175,3.6728406740979547,295.6892014481127,97.093396470882,104.4364064000547,226.0191977256909,535.46930430457,25.056200684048235
687,0.120014045541605,2.1287979797979797,3.13940273972603,5.98634358974359,0.721698931489629,2.70700256410256,0.231671044776119,0.439010579771477,0.615665636269964,2.19378735632184,0.219442137140385,0.43283849309959,5.29341968911917,0.917101790763431,2.75260283687943,2.441981588820434,6.846686431567931,6.662210024122276,5.252624515342137,0.8703558010245944,445.313798263669,46.21079715434462,186.32930587045848,382.7747015748173,517.992302775383,9.816201054491103
688,0.843658276125095,4.402075471698111,3.9967692307692304,3.9774961240310103,0.820853383458647,2.19948473282443,0.8426710424710431,2.19839316239316,0.8435938158819399,1.7672852807283799,0.8496582278481011,1.79234369885434,3.4387164179104497,1.2752017167382,2.24170212765957,2.033641122868582,3.951388010117824,3.4677018471706744,7.5570866535810195,3.692582768394157,312.29169690050185,103.44440233893692,107.84829792100936,241.9260999886319,303.3863991731778,44.59240008145571
689,0.149137610619469,2.11641577060932,3.13506609195402,5.94516184971098,0.6532533589251439,2.59261055276382,0.168399046104928,0.42385587404117897,0.785552151714077,3.0248031088082903,0.156433558904952,0.412179928028789,5.926627906976741,1.07897710622711,3.73335,2.464267010061715,5.801898121408845,7.522936194692601,6.126779212985423,0.8575870462460533,462.9681003279984,52.50670074019581,251.68890424538404,462.8942027920857,646.0003991378471,9.645300451666117
690,0.8033665158371041,4.41109854014599,3.9155610687022904,3.8973985507246405,0.944031331592689,2.30496359743041,0.939956841138659,2.27769196428571,0.815091359773371,1.78773872472784,0.8114047430830039,1.7934086687306499,3.42662,1.2861421446384,2.38879012345679,2.0363972901146714,5.916808598156212,3.459373736306661,4.700359800475803,3.6627212056350187,303.4876921446994,100.59670312330127,110.43830018024892,229.62049988564104,362.01769835315645,30.043901642784476
691,0.547827302631579,3.20752785923754,3.97334362934363,3.9727924528301903,0.904822,2.2582274509803897,0.905668235294118,2.26637328094303,0.802990625,1.76937996545769,0.804587401574803,1.76286449399657,2.85994794520548,1.18374127310062,2.21841005802708,2.02916286428924,3.9373897889597407,3.5212958015094458,6.72340401277242,3.6583856639613823,295.01700191758573,96.44560050219297,105.46360281296074,231.7038015462458,303.2673936104402,57.8003004193306
692,0.12257747661309701,2.11027549194991,3.13156793478261,4.86992558139535,0.464185946872322,1.7559784946236598,0.180266196941055,0.445546083946344,0.364806156968877,1.3021487695749399,0.164900672861262,0.430452337136548,4.88783255813953,0.563219858156028,1.7332805507745301,1.9484652376876839,4.870273158043675,3.6960955408576663,3.4879378558583634,0.8654856026334803,257.5734950369224,53.41059586498886,143.69789278134704,320.291897514835,455.8717948384583,9.404102456755936
693,0.8109521463757919,4.33375182481752,5.46521354166667,6.57522929936306,0.906827237354086,2.2755847107438,0.90465332326284,2.26250992063492,0.7719986338797811,1.8007358156028401,0.775053444945267,1.78028310502283,4.85725523012552,1.1326462585034,2.23698367346939,2.0443339169502113,5.920046619270291,3.448220192645799,5.751688125899515,3.637764723816565,333.1347950734198,134.13960114121437,147.50359987374395,287.91660151910037,515.2125027962029,22.69629912916571
694,0.8153955739972341,4.44622553191489,3.9541718213058403,3.9636752767527703,1.13596853490659,3.23616901408451,1.1559223007063602,3.2096666666666698,0.843859124087591,1.79220031055901,0.84274578989575,1.78877631578947,3.45252994011976,1.28788630490956,2.21369126213592,2.03077048260799,5.949460176569638,3.431082443684796,5.7087258209811145,3.6471805305195955,295.8060009405017,97.22529794089496,105.39470240473747,231.65469174273312,498.9295994164422,32.280400046147406
695,0.101115322374585,2.11409018036072,3.12719207317073,5.31543981481481,0.52982602118003,2.07811496350365,0.169564337349398,0.400878631849945,0.415922988943957,1.65590783410138,0.155708105220991,0.38933895199706803,4.87602232142857,0.665823529411765,2.2911279069767403,3.0210327382223277,5.786139274116872,4.661781205065916,4.331624024344906,0.8539085911471535,382.0475976681337,70.253896410577,166.71839985065162,554.3707957258448,828.9874967886135,9.838800178840756
696,0.825704305442729,4.41008196721312,3.9717843866170996,3.97649473684211,0.944359477124183,2.16664556962025,0.923762757385855,2.15782881002088,0.826413141993958,1.68684593437946,0.8181579999999999,1.6885245901639299,4.17593090909091,1.2457472118959099,2.3007400000000002,2.0506544518602747,3.977237593452166,3.435246072124925,5.6958879167114915,3.7040246147715497,309.8266024608165,104.55700103193521,110.61810073442757,243.4418973280117,297.16300196014345,50.168298184871674
697,0.102965320495676,2.12000899280576,3.07987042253521,5.6278364485981305,0.64290156062425,2.1611688804554103,0.24045123106060598,0.44172022900763397,0.605914127423823,2.0760106761565797,0.22513768439874798,0.43731875000000003,3.99927237354086,0.830737530662306,2.73370478723404,2.985346308948421,7.893008948280988,5.634473218051458,4.402355244864466,0.865496589998727,454.26229771692306,53.23340301401913,192.49299657531083,518.467792426236,1049.2102039279416,9.409702033735812
698,0.79544,4.38076984126984,3.90143726235741,3.9190340136054402,0.821969172932331,2.18141616161616,0.8262184931506851,2.18601338432122,0.79847519379845,1.74080994152047,0.7938040000000001,1.74153794266442,3.4885424242424197,1.21373309178744,2.35569777777778,2.041263383780712,3.9564128829343432,3.4158456143007876,4.744352682647032,3.6689394936563393,300.9129985002801,98.73470407910645,105.69340665824711,243.11900488100946,290.5439003370702,28.164300601929426
699,0.795105409153953,4.4408875502008005,3.95234589041096,3.9622532894736797,0.893706397896582,2.179714,0.896793130366901,2.18306157112527,0.8325786908078,1.76694682675815,0.832394160583942,1.7701593495935,3.46451851851852,1.25132287581699,2.35944796380091,2.0489607127328795,4.933459183470214,3.422457569637552,3.8015742291952965,3.604752292617478,297.33970295637846,100.27980315499008,103.54210389778018,227.24670416209847,612.5032959971577,22.21449976786971
700,0.302863421418637,4.19151535836178,3.44136102236422,8.53975373134328,1.1421579532814201,4.23161048689139,0.222512098548174,0.441566005176877,1.34866099773243,4.54700432900433,0.202957912745937,0.41931465201465196,7.27938571428571,1.6201919354838699,4.992600858369101,4.638302007451305,6.868485649080603,100.4522994012244,6.206378148196451,0.8789059645360316,571.9573004171252,76.48909813724458,279.1466045891866,573.5465005272999,667.6918972516432,13.08390055783093
701,0.144103213931757,2.10105765765766,3.12568923076923,5.8115353535353504,0.581275936990766,2.16902868068834,0.20483206869009601,0.42417840029487697,0.46250280224179297,1.73773166666667,0.191203925233645,0.408099754127151,6.2818271604938305,0.6795687022900759,2.29151546391753,1.9523510062344323,5.827452038409179,4.634090814096218,90.42674562296844,0.8532544812266599,353.4294985001907,74.78870393242687,184.48019691277295,495.67299720365554,892.3111978219822,11.97179954033345
702,0.817446564885496,4.36994650205761,3.95404778156997,3.9643856655290097,0.930021917808219,2.17238649155722,0.921865454545455,2.1738101503759397,0.8190042253521129,1.72945081967213,0.853347931873479,1.7177832512315299,3.45051910828025,1.18543496801706,2.269583984375,2.0463866123661387,3.8867689731491737,3.4747114840141085,4.739520733495936,3.644916240389321,316.30919547751546,99.38200237229466,111.67220072820783,226.67649609502405,493.39029646944255,32.973699853755534
703,0.770142030848329,4.38422891566265,3.56545551601423,3.52611419753086,0.994230632235085,2.69262807881773,0.9936014760147599,2.7069954954955,0.87029,1.78350694444444,0.879673547400612,1.74472845528455,3.47963122923588,1.20790282485876,2.3012053742802303,2.028698892313707,4.985821177875794,3.412691279411087,3.792769531881565,3.673251788831021,283.25350140221417,91.89180273097008,102.22080163657665,239.70130132511258,292.9345006123185,36.522699519991875
704,0.0859621608757734,2.06781556683587,3.10188918918919,4.32092105263158,0.441571270718232,1.77982442748092,0.17644896000000002,0.421879211175021,0.333099815724816,1.33638697318008,0.164242029636282,0.40308788598574796,3.9914520547945203,0.549609557109557,1.81566213592233,2.443719670949689,4.804613085030953,3.6880066030896814,3.4451899361997147,0.8472653625488387,274.7658989392221,53.28579863999039,134.85770323313773,274.6558078797534,464.2977990442887,9.459300781600177
705,0.805838888888889,4.43091596638655,3.5258654434250802,6.52831875,0.9064069952305249,2.2008227091633503,0.892667495854063,2.1891825095057,0.790659984579799,1.76325303292894,0.790937007874016,1.7627628111273799,4.76230188679245,1.21286967113276,2.24274468085106,3.712018547134548,4.905806641470891,3.4418609375075495,4.688132203442939,3.6606647415975235,505.11190784163773,97.18290821183473,100.63680238090456,334.7669029608369,694.9943985091522,20.20479878410697
706,0.7575357598978291,4.54465833333333,3.96882310469314,3.9716836363636396,0.9448464254192409,2.18746808510638,0.92824,2.20390578158458,0.829525936599424,1.69736484490399,0.838293189368771,1.7521865284974099,4.24239768339768,1.36920533333333,2.4009675456389497,2.018452823344223,3.887967586175426,3.492176004066018,4.71705412164936,3.6730302397407715,284.46309734135866,91.19619498960674,102.70600323565304,218.40699773747474,357.87609522230923,31.46519884467125
707,0.8032438858695651,4.43897854077253,3.8176779026217202,3.80728671328671,0.8561030502885411,2.1914019047619,0.8540422751729441,2.1880093984962397,0.813955,1.7505749636099002,0.8113710644677661,1.76018088737201,3.44981879194631,1.14044121212121,2.35653333333333,2.0327682683800394,7.045693226798589,3.4574656916406217,4.7064143326147745,3.69624257738022,308.04700509179384,102.67609904985875,117.8064034320414,231.54460068326443,427.3194121196866,30.020097619853914
708,1.18428764278297,9.05380869565217,3.1090813253012004,7.16015972222222,0.9705337124289201,3.57458823529412,0.185047677691766,0.427552941176471,1.54078678678679,5.4135473684210496,0.171489030536614,0.436888794567063,7.86642647058824,1.9135850467289701,6.48114942528736,4.73375342403871,101.859899001014,99.39780973218889,89.46231937093813,0.8650814862273415,796.835299115628,207.5132040772587,344.0303000388667,711.1307000741363,1114.8412042530254,14.503300189971924
709,0.817435958631663,4.43923770491803,4.41049420849421,4.40346610169492,0.774149572649573,2.22330769230769,0.767752333094042,2.21589852008457,0.706732686084142,1.7710632716049401,0.716745695364238,1.7716970684039102,3.9552717391304295,1.12750974025974,2.3238802660753897,2.0280067844738974,4.821745338097072,3.4332776925126924,4.703839390092003,3.636432641177893,285.74370371643454,94.24709714949131,106.10099998302758,240.89210492093116,534.5300945919007,21.736801136285067
710,0.103375849851575,2.11767486818981,3.07712668463612,5.39451470588235,0.460663082437276,1.8287971698113201,0.204179502487562,0.43744175170068,0.349920183486239,1.36890170380079,0.19002726076330098,0.426761695906433,4.41865283018868,0.579546111111111,1.7792222222222198,1.955938201554915,4.855025112402371,3.736718964047844,3.505510081114892,0.8630580935075596,301.3079956872389,24.952300009317696,166.75219521857798,456.69750252272934,582.8298948472366,8.584701572544873
711,0.122306388376384,2.10665183752418,3.1243636363636402,4.305374468085111,0.385753094680495,1.2518132464712302,0.223959039245121,0.41355343213728496,0.278705560836502,0.799691588785047,0.207143264297929,0.400416118989969,5.397255,0.5004090247452689,1.29767118644068,2.46751687416722,3.8213927522547912,2.4953621910016555,2.555479547057056,0.8497210965762175,197.15329399332404,23.768501705490053,131.60179369151592,327.1305002272129,395.34409588668495,7.99550034571439
712,0.541171200750469,3.2169361702127697,3.60008620689655,3.56908680555556,0.852233908948195,2.2505126050420197,0.841693975903615,2.2115020242915002,0.822432330827068,1.737503003003,0.831114376489277,1.7429267563527702,3.47508532423208,1.20553862212944,2.21004930966469,2.0349308019992582,4.978355512203888,3.4590541778871895,3.774123171466315,3.7272788217126998,309.34319947846234,99.22921017277986,103.95490389782935,234.60380034521222,296.37449188157916,28.96950172726065
713,0.105286199534161,2.1015961904761897,3.1505746031746,5.84265,0.718176581089543,2.58036322869955,0.208719437652812,0.406874059405941,0.5733798411122151,2.09427404718693,0.19523240506329098,0.395252797893351,4.42622393822394,0.832325350949628,2.77125176470588,1.943738961126938,7.841149162341806,6.580836676235847,5.210238874402388,0.8519205995693615,420.76859972439706,53.97791101131588,230.96789373084903,501.04479887522757,752.4438988184556,9.138198220171034
714,0.12242196162046899,2.1154848484848503,3.1668374655647398,4.92621463414634,0.45945669642857095,1.72335451505017,0.19047543946114698,0.430437130469058,0.448625871080139,1.7415983050847499,0.176302975106254,0.411936940041351,5.82063265306122,0.6785980926430519,2.27740311804009,2.996920281531129,5.940695901199718,5.650510422909949,3.4827664892538084,0.8628133377295505,261.4302997244522,46.396206016652286,175.53900252096355,380.6892957072705,583.1304093590006,8.831001468934119
715,0.866577592732778,4.426937984496121,3.97405109489051,3.9747310344827596,0.803738720538721,2.2057264957265,0.810399165507649,2.17536672967864,0.7651710334788939,1.74419501466276,0.77448093220339,1.7376125211505902,4.20184230769231,1.1826175166297102,2.30085381355932,2.038099226434017,4.977118257137969,3.4469437110484704,4.77186307600588,3.651707843872162,306.0340939555317,98.26789610087872,106.28999734763056,224.26240611821413,418.13019779510796,26.488499133847654
716,0.506300132802125,5.23703365384615,3.46123906705539,5.879647727272729,0.854233064516129,2.24174476987448,0.849164124909223,2.27878333333333,0.949877729257642,2.72545153664303,0.935599261311173,2.7303288770053498,9.556247933884299,1.31060732984293,3.1513123028391203,2.568709638860641,7.93031765289226,6.661572488630528,88.86865506804743,6.581923145058598,432.7617003582418,185.32890535425395,195.38579799700528,452.05360220279545,579.762997222133,23.611701908521354
717,0.970071307300509,7.680507142857139,3.32114873417721,7.14836734693878,1.01182935455349,3.44716242038217,0.169201702877275,0.403790443942814,1.47450262467192,4.903478632478629,0.154525882665251,0.389849024882313,7.0337000000000005,1.75059817351598,5.97776595744681,5.160441171689567,5.782136107265883,22.37406447294491,5.222549559857135,0.8519443301937573,652.8515019454062,69.37649450264871,306.75090092699975,618.452305207029,837.4942088266835,12.523200712166727
718,0.8519221556886231,4.42777822580645,3.56235191637631,3.57838125,0.9560428189116861,2.6091979695431498,0.963778711484594,2.6328571428571403,0.838295489891135,1.72085333333333,0.8437520000000001,1.74182798833819,3.43689632107023,1.23237934668072,2.23918714555766,2.0312263303384572,3.931960488014174,3.4841478875801037,4.730132396006383,3.7085160278472693,321.0234019206837,102.12920315098017,109.67649868689477,241.86809896491468,514.7320945980027,53.26870013959706
719,0.11341273187183801,2.12966120218579,3.158,4.89151674641148,0.599883812746757,2.17973036093418,0.216340823296782,0.423939936356404,0.587663116591928,2.17140712945591,0.20171055236586802,0.40696176780077203,5.73600534759358,0.793717207334274,2.6866415094339597,2.4773237533891894,5.900301770269624,5.676245835171856,4.415988040564418,0.8676981009957244,526.2955004582182,72.76740216184407,192.07819714210927,485.7792955590412,680.6156976381317,10.89269935619086
720,0.84970850884583,4.36580505415162,3.9712130584192398,3.94500684931507,0.90854602675059,2.16299787234043,0.897743044189853,2.19265413533835,0.8449697211155379,1.72281709145427,0.848618476727786,1.7150651085141901,3.42624925816024,1.2957193169690502,2.2654911937377697,2.0437988563977845,3.973323974484251,3.4625922795472603,3.8243144702328786,3.6801611882238383,309.86060737632215,100.50349810626358,107.59490542113781,226.75999789498746,308.6391952820122,114.60210080258548
721,0.134172288058341,2.12942553191489,3.1557684887459803,5.90206091370558,0.58783199195171,2.10168468468468,0.20026867989646202,0.41478990694345,0.5808242147923,2.06722684310019,0.18900496941896,0.399548872180451,4.3640128755364795,0.7967062883435581,2.6991481481481503,4.062379911772091,5.835635794941414,6.628196528062914,4.327905320623596,0.8542957112341705,542.7791009424254,48.882601549848914,210.68000060040504,504.25780063960707,888.6833034921438,9.171999408863485
722,0.779333079847909,4.38179061371841,3.9205647482014405,3.96674482758621,0.8489129353233831,2.27323668639053,0.8579074999999999,2.25444175824176,0.807164615384615,1.78654,0.839560655737705,1.7922508710801401,3.48869491525424,1.24039721254355,2.30567322834646,2.040305862189318,5.943606327274681,3.449287479983769,4.715702285162993,3.657392744423142,298.9725995576009,100.43489455711097,117.22400377038866,233.9366008527577,306.00430036429316,25.845601339824498
723,0.08437753420141751,2.1344003906249998,3.10666767371601,4.39020816326531,0.34910952865378103,1.2669272503082598,0.188685822544995,0.41371581027668,0.24491751330430597,0.801407638888889,0.172191220238095,0.40268192771084305,3.5699625,0.45037880539499,1.33339185750636,1.9493622634713552,3.8573674918510243,2.5411320440076293,2.592562383350668,0.8624750062615769,246.8100021360442,52.45970096439123,125.6923918845132,323.6903983633965,591.6898982832208,7.469201227650046
724,0.102830161579892,2.60855605381166,3.10197272727273,6.51786931818182,0.867632727272727,2.59543076923077,0.21651865971107498,0.42729759770527104,0.995172089041096,3.05622572178478,0.200855309004218,0.41304096761607495,4.0050553633218,1.30939428571429,4.36746886446886,1.95168643114169,7.8949796166478325,98.50990963484537,5.295561971168974,0.8685659650016179,502.1739023504778,50.02540710847825,215.4498011805117,521.3113006902859,957.2588023729622,10.321801528334618
725,0.794874485596708,4.39994382022472,3.9528653846153903,3.96211417322835,0.875280182232346,2.2689999999999997,0.866179545454545,2.2742699029126197,0.76563821656051,1.70966720257235,0.8127814726840861,1.72112413793103,3.4711788856304997,1.1703826366559502,2.34584188034188,2.0329267064380483,3.9034556282190804,3.432995040322739,6.609639675171439,3.6888620126946683,309.92700485512614,94.45450268685818,105.67270510364324,234.030801220797,414.3986967392266,30.19199939444661
726,0.166125250683683,2.12677859778598,3.0579603174603203,4.3873358490565995,0.34793831942789,1.33258552631579,0.195085511455308,0.437521612635079,0.249178277801817,0.8536469696969701,0.179948305972756,0.419423630003887,5.41231891891892,0.47133916500994,1.26471538461538,4.021576632809063,3.823799994442852,2.5397003358465953,2.6128456728970786,0.8728359211494578,214.70940846484154,99.3207999272272,116.99479364324361,401.1789947981015,896.2674037320539,10.786199709400535
727,0.101005414451664,2.133392,3.12456097560976,4.8434954954955,0.543992399049881,2.23215564202335,0.179510588235294,0.450563355408388,0.4475942812983,1.73306634304207,0.164221686746988,0.437077878103837,4.406364,0.654524295140972,2.30444911504425,1.451248507562245,5.816307222027869,5.620082528926349,5.249319501105447,0.8506644590743574,302.4481964530423,52.512402180582285,116.11040099523962,284.15879933163524,337.7287008333951,9.051099186763167
728,0.7671169999999999,4.40416666666667,3.8182193308550203,3.81305714285714,0.901256997455471,2.21308137044968,0.906622568093385,2.19488329519451,0.846042537851478,1.7697380136986298,0.8952699149265271,1.77027956989247,3.44532214765101,1.19384845132743,2.26675106382979,2.0266985048666446,3.9330583947197004,3.440448448770995,6.552982787723789,3.626958750420046,295.7146934932098,93.57700182590634,97.65149734448642,223.19090203382075,407.67059836070985,29.475698829628527
729,0.114307212727077,2.1157051282051302,3.13380061349693,4.565067264573989,0.369710714285714,1.6462423312883399,0.104354694630547,0.401546109016112,0.266608843537415,1.2150350877193001,0.08975907906168551,0.38807588985896596,4.42405813953488,0.47855497170574,1.74995344827586,1.9525664875855002,4.832063429361877,3.663409653642557,3.4487656687797785,0.851516317138586,162.68800245597959,52.402596338652074,136.12120528705418,331.0626925667748,728.9464003406465,8.219099254347384
730,0.124673112239386,2.13266216216216,3.15744837758112,6.72089171974522,0.636040600667408,2.175,0.239304509632224,0.425059284116331,0.6404975041597339,2.2142150537634397,0.226680173388617,0.40474928571428603,4.01300778210117,1.00145755517827,2.85144386422977,3.080864761604466,5.88317391632835,5.719656556581911,4.367853358929698,0.8696966103655691,424.2569935740903,49.738300731405616,187.79610109049827,459.1525037540123,571.8770029488951,8.23219888843596
731,0.808165591397849,4.44814468085106,3.9298805460750903,4.10956470588235,0.771941296928328,2.14479923518164,0.787007209805335,2.10284647302905,0.824784048156509,1.8130036101083,0.8239010806317539,1.8297933227345,3.42093650793651,1.23049476135041,2.31909395973154,2.0352156940995596,3.9855992931389204,3.432567581649363,5.723696791706445,3.6413937693171134,304.062498616986,95.17060534562916,108.68989338632673,242.27819521911442,348.1268970062956,91.60680056083947
732,0.491075786463298,3.19866369047619,3.9868896321070197,3.9760584192439903,0.85727863525589,2.2168231441048003,0.869424107142857,2.2101059602649,0.8012163202463429,1.7329967585089099,0.8043972992181949,1.7622838235294098,3.49036054421769,1.19032087912088,2.2137050209205,2.0446870989320822,3.98070526446863,3.4681541261688817,4.699468353641082,3.6885560783810085,303.77659713849425,103.07269694749266,115.94269599299878,231.76030081231147,561.9406991172582,24.700001813471317
733,0.0868051855163165,2.04933898305085,3.1053187500000003,4.769425,0.502365051133837,1.66174854651163,0.197106541698546,0.412431099873578,0.46510645879732704,1.67551188811189,0.185985482360287,0.401078108581436,4.87127678571429,0.7057022587268991,2.31025586353945,2.430706481574084,5.814765164373581,5.573951724215509,3.4528143507015394,0.8522192377373301,304.53430372290313,53.558306535705924,136.0630994895473,437.53690260928124,591.0088017117232,8.687199442647398
734,0.375346022903126,4.19320216606498,3.6954406779660998,6.906354166666669,0.930413698630137,3.08363323782235,0.26046733668341704,0.438150643776824,1.2733146929824601,4.43925306122449,0.20920792079207898,0.422862610797744,6.50476582278481,1.63966287339972,5.07731100478469,4.135466597488844,5.8351507701414205,98.56718695698896,6.194285857950467,0.8707036918989325,735.3569992119446,74.6301026083529,248.9270031219348,572.8569987695664,1114.4619027618319,12.453101226128638
735,0.10142640310624801,2.0696126126126098,3.09811382113821,7.13494,0.871813408723748,3.06721372031662,0.236274561987137,0.417414380714879,0.8666592920353979,3.04230513595166,0.22405595970901,0.40668375094912695,6.25193442622951,1.20050514285714,3.8191089108910896,1.9513050045811613,5.867453835115033,9.521147714866816,6.14927003201528,0.8623757723267316,501.517002703622,54.25660056062043,194.4688003277406,455.6866973871365,649.6183981653303,10.073799057863653
736,0.101258785664579,2.29438058252427,2.93615573770492,3.35673248407643,0.349823286255598,1.28809431939979,0.178728549924737,0.426272496831432,0.24144126541056102,0.812406984553392,0.165625402399766,0.410608895164137,4.42515057915058,0.499758008871365,1.2870740291262102,2.431928386283857,3.8639267864236655,2.5299552749691565,2.5753848379269737,0.8542303396953499,197.79209978878498,47.66081110574305,111.74969840794802,280.7296928949654,602.106103906408,7.415399886667728
737,0.392871414107324,4.32692653061225,3.32164048338369,6.03916184971098,0.686211111111111,2.6966220657277,0.161906393010678,0.418720534629405,0.971657534246575,3.47027065527065,0.146122793841532,0.40281832119586103,7.3925923566879,1.29361518324607,4.3405753968254,2.9853171919348904,4.811559586141563,8.513364711582689,3.427241787954323,0.8525797228245251,473.1468012323603,92.69489673897624,262.0370010845363,540.4881027061492,491.1062045721337,12.832600623369217
738,0.7967579766536961,4.33342352941176,3.9558031496063,3.95287788778878,0.820319,2.26550215517241,0.828563798219585,2.2714128256513,0.7993859922178991,1.74657288135593,0.788766292134832,1.75776957831325,3.46207738095238,1.16283314415437,2.2733828451882796,2.0398283636925085,3.9230790300498293,3.4429425050748734,3.7738079920048464,3.719149459932898,300.3558929776773,104.96919858269393,112.6300951000303,229.54870073590428,363.06240363046527,32.5973000144586
739,0.80516313559322,4.40635341365462,4.01493798449612,4.05249011857707,0.835715,2.2502390438247,0.839271470160116,2.22592391304348,0.795884125920965,1.77422222222222,0.811885039370079,1.76553530377668,3.46490087463557,1.19497798377752,2.36979906542056,2.038743035451093,3.9687776474976144,3.4690017336567807,4.742029472481403,3.68400644176697,294.99129741452634,101.72580077778548,103.73060067649931,236.91389942541718,286.22120153158903,25.968399131670594
740,0.104694850603942,2.0965412371134002,3.13925268817204,5.83551351351351,0.567821499013807,2.3157722772277203,0.213244428206065,0.447157247212611,0.46740094899169604,1.81745166402536,0.202366871622881,0.435957419354839,4.817019047619049,0.68044436997319,2.2981174004192897,1.4491385496200062,5.886886269544508,97.78005303615936,88.49334057697874,0.8506989413356664,320.6854918971658,52.78830067254603,253.26400063931945,501.6851064283401,712.9463978344575,10.546299745328724
741,0.81813882532418,4.4156127819548905,3.9728648648648597,3.9802605363984704,0.848668604651163,2.1648700564971697,0.855360178970917,2.1653973880597,0.815187101910828,1.74073613445378,0.8327722063037251,1.7424587706146901,3.4843455657492397,1.2322174817898,2.3069664031620603,2.031071505742265,4.991613555931579,3.4339011175197625,3.7675651291038625,3.6626263476354115,308.5868986090645,100.24949442595243,105.86149292066693,223.69760263245553,443.82309715729207,32.51320158597082
742,0.104821810662591,2.08730846774194,3.14065040650407,6.7628622754491,0.78167,2.6498592592592596,0.181400934417719,0.428954059405941,0.562865174672489,2.1738179916318003,0.166691005802708,0.402277212216132,5.44275252525253,0.893970331588133,2.9108132183907998,2.4462817603375195,6.879438598296526,6.564173143474515,4.3648237629624145,0.8523904337921251,475.40660307276994,50.031699356622994,199.79290664196014,463.8882994186133,726.243297685869,10.619297972880304
743,0.920603,4.37173214285714,3.9596678082191796,7.783474820143879,0.805749052312358,2.2441340996168604,0.817570417551309,2.2224412371134,0.8766403041825099,2.1908473282442698,0.895791044776119,2.19573107569721,6.21747593582888,1.23546300211416,2.92896623376623,2.555915230084963,5.92110605134928,4.691688931452511,97.67222506485471,4.6249762907826435,508.30969412345445,130.14040305279195,142.46610808186233,281.91119781695306,747.4395999452099,21.43549791071564
744,0.122159000114142,2.11979373848987,3.14454520547945,3.51088316151203,0.362289426842293,1.28419822812846,0.20458061953931703,0.420122886597938,0.259554022988506,0.806959671396565,0.190265840460813,0.407285014005602,4.776222727272731,0.467424090909091,1.26114195183777,1.9580466416083206,3.874172020501415,2.5345757910589626,2.6114744004898216,0.8656196810553157,196.02499960456043,22.707696189172566,95.14700213912874,292.6394925452769,517.4888035980985,9.407798643223941
745,0.0828604074676582,2.09495660377358,3.11329914529915,4.41377777777778,0.30506135770235,1.33259389671361,0.153785868051159,0.437547564687976,0.207958768359582,0.838405797101449,0.136382967938157,0.41413270722744,3.55524767801858,0.423271457085828,1.35629056047198,1.939438911828204,3.925373153244817,2.541352527973235,2.601174003536197,0.8631945529032775,281.5743995597586,53.7135056219995,144.04651010408998,288.8795017497614,760.4126061778516,7.740801083855331
746,0.791300154320988,4.460152263374489,3.9806756756756796,8.16354761904762,0.821459,2.26471848739496,0.8234509999999999,2.270362,0.748944525547445,1.74223018292683,0.7553150208623091,1.7397275494672801,6.50791111111111,1.1818839556004,2.3375792811839298,2.54535070881112,4.825059096875588,4.639450586871034,6.563500853747841,4.583756461960166,383.81410122383386,149.0490947617218,151.20379684958607,288.7670969357714,375.78640040010214,23.43619999010116
747,0.764655246252677,4.43099576271186,3.34798701298701,8.87494262295082,0.892390517241379,2.24803501094092,0.888578017664377,2.2813891509434,0.768240713224368,1.77837541528239,0.7948097868981849,1.7725397082658,6.458017857142861,1.05809418837675,2.33026008064516,3.685755600022936,6.935007753665586,4.673048128916688,4.776599795946508,4.621346806550386,433.3303979365155,165.79149523749948,185.37869618739933,331.2721004476771,359.47420401498675,24.691398721188307
748,0.817333570919458,4.42408365019011,3.9746585365853697,3.91445901639344,0.859298230834035,2.2406539196940702,0.845299081035923,2.21336475409836,0.74748833819242,1.7379413793103502,0.7482290299051789,1.74820287539936,3.39202310231023,1.08618711656442,2.25881718061674,2.0220705511456147,3.918545980321348,3.43187515402046,5.698939229890066,3.6973048307803587,294.19310740195215,97.91730553843081,102.92160150129348,219.20750150457025,285.45780514832586,29.799999902024865
749,0.117039623254303,2.0809297188755,2.97555025125628,5.09128193832599,0.540211022840119,2.19627551020408,0.185872401951925,0.425722199255891,0.44721975630983496,1.72585486443381,0.169270621380498,0.41154265118141803,5.32149302325581,0.679599552572707,2.3369003906250003,3.547255288676193,4.812389773723927,5.664318132279982,88.46215927024284,0.8623541789955291,391.67889626696706,46.62279679905623,183.34460037294775,370.1665031258017,425.9660985553637,8.837098721414804
750,0.790319495922906,4.43175,3.9742264150943396,3.9254651162790704,0.88414762741652,2.14642998027613,0.8859215686274511,2.16131015037594,0.77786017820425,1.66376393442623,0.7783518385003599,1.70548748159057,3.4258878504672903,1.1869716599190299,2.30741949152542,2.032322130330832,5.945297076433718,3.468177796454167,3.7681581405435134,3.6906518170014446,305.8896050788462,96.19499905966222,112.91520204395056,239.19229861348867,294.71700254362077,23.345701629295945
751,0.799086013986014,4.29790671641791,3.83763533834586,3.9524141414141396,0.9734253658536589,2.80004207920792,0.9565090909090911,2.74669168900804,0.821020265003897,1.75211724137931,0.831220902612827,1.74296363636364,3.4288702531645603,1.17857579462103,2.19988079470199,2.0515739478746857,4.913267741405513,3.4569714057105467,3.782267755216939,3.675334404100299,282.4623079504818,89.44500295910984,100.69889831356704,230.64069682732224,278.5288990708068,33.27610029373318
752,0.769722632639355,4.36598380566802,3.93401623376623,3.8416296296296295,0.806435178165277,2.19819372693727,0.7902899408284021,2.16143949044586,0.742689,1.67859701492537,0.76377880794702,1.7223569321533898,3.41876176470588,1.12755926724138,2.19929777777778,2.027720330600614,5.968754567373724,3.4386813387947193,6.55013288624055,3.6572608573668988,311.1333993729204,104.63039798196405,110.30220193788409,240.85899931378663,383.10709642246366,63.483999110758305
753,0.11831751948492,2.11034160305344,3.3375276967930003,5.63649180327869,0.5512861771058319,2.17907262569832,0.14280595632031798,0.410491150442478,0.521737630503858,2.16130879712747,0.128594574036511,0.39999616457461695,4.9047914691943095,0.787852094240838,2.71154619565217,2.429659318940272,6.812601279612253,5.585824957662221,4.295971019144894,0.8516866649764901,390.2526950696483,48.27449447475374,193.493309780024,375.77969778794795,504.99710196163505,9.778302046470344
754,0.15834971098265901,2.2992426614481403,3.11606528189911,5.86386363636364,0.47862365145228203,1.75221217105263,0.200372679509632,0.414986671469741,0.455561043065982,1.69716930379747,0.185255960051546,0.400011033468187,6.449789772727271,0.672524916943522,2.1846080178173697,4.141344795020083,4.8049782072217715,4.648834558560039,31.53812526726108,0.8548152900251115,276.3224008958787,72.73780938703567,179.20270038302988,431.3098033890128,830.148794921115,9.967098594643176
755,0.794878209831255,5.82656741573034,4.755671361502349,4.74396506550218,0.833583333333333,2.18877943925234,0.836565554693561,2.16660455486542,0.813287535410765,1.7352673716012101,0.81062787136294,1.7196918429002999,3.8771471698113205,1.21602621722846,2.3085932203389796,2.025296879267192,8.065070496097448,3.441759397492366,5.742791075686893,3.671610159436513,289.38000032212585,125.5763025255874,141.16699749138206,221.93229815457016,588.0637967493385,21.30419888999313
756,0.10099239399125301,2.30080888030888,3.11376261127596,5.39627093596059,0.486433109619687,1.7927060653188198,0.198276609943277,0.44296652173913,0.35667252543940803,1.31664726027397,0.181904836464857,0.42887592047128104,4.42323790322581,0.581972172883363,1.75553177257525,1.4541833897066272,4.8186763863464845,3.7073381514352883,3.4432042948853656,0.8521155507587532,318.8722039340064,49.42360392306,169.63250236585736,378.3089021453634,699.2216018261388,9.042900637723505
757,0.773664299548096,4.3727261904761905,4.42484081632653,4.41594849785408,0.82487802907916,2.23033078393881,0.827644079885877,2.23328043478261,0.735058823529412,1.78576533742331,0.741607,1.7891292517006798,4.39406818181818,1.09708488612836,2.3063216374268998,2.0372605717682286,4.988434295252354,3.434602633830792,5.695156835517415,3.665913896822397,307.13599699083716,122.36070178914815,137.68019853159785,237.14739945717156,439.22249460592866,21.933100651949644
758,0.798903465346535,4.43258396946565,3.9549924812030097,3.9708373015873004,0.892411408815903,2.25533263598326,0.88898354978355,2.26749126637555,0.791342024539877,1.74209888357257,0.80473986013986,1.76976357267951,4.1764,1.19794087136929,2.3064015904572597,2.036014423533567,3.9094950075075703,3.522762500546496,4.73965508802055,3.678453351437832,310.5922049144283,99.84199714381248,107.70320368465036,237.28549131192267,434.80909953359514,28.066200320608914
759,0.751538288288288,4.42443724696356,5.71270879120879,5.68881951219512,0.891824112303881,2.2911480769230796,0.8969127676447259,2.27059955752212,0.811527317880795,1.7149491778774302,0.815832178598922,1.7401323076923099,5.02278540772532,1.1538418314256,2.24037004405286,2.0549232486462072,13.940673721496747,3.4231166615877457,5.674810066776084,3.6664383682640853,404.6092013595626,118.13910095952451,128.60790302511305,291.8962010880932,482.09789965767413,21.80660085286945
760,0.11945016901736799,2.07843269230769,3.1526860465116298,6.525932584269659,0.558468311562651,2.21119427402863,0.193204843257588,0.42349122165325503,0.455557021276596,1.72052931596091,0.17939635348226,0.411596312279325,5.985291208791209,0.686488253968254,2.25656046065259,3.5659129051336453,4.89973924003569,99.32299261211236,88.13858143635339,0.8594219596944722,426.03969923220575,49.619702622294426,117.67199321184307,324.9204048188403,287.0233030989766,9.19239828363061
761,0.775652849740933,4.44166533864542,3.9899686411149795,4.0235430711610505,0.858917394757744,2.19625108225108,0.859911127707244,2.17802605210421,0.8316455787203451,1.70769448373409,0.834432584269663,1.71159970674487,3.43832484076433,1.2137505827505801,2.29919230769231,2.035877576210772,7.903490613770585,3.427631917892205,4.73298942494911,3.6420338622725317,302.4578036274761,99.60210009012371,103.34639810025692,230.47190334182233,477.5763023644686,29.27950117737055
762,0.121345826235094,2.10210663983903,3.10985074626866,4.7943064516129,0.594175447570332,2.15760126582278,0.227855155663502,0.414119630812922,0.48434125,1.7115347119645499,0.211923162790698,0.400802560124127,5.8702857142857106,0.738857836338419,2.17749072164948,2.9449546210010675,5.812268941852658,4.70222236113277,4.3515859837597075,0.8522902407006561,465.7268931623548,48.583693569526076,166.48379096295685,319.28800453897566,418.75359893310815,10.690602357499301
763,0.365949608763693,4.5302295081967205,3.08341351351351,5.01052403846154,0.696659036144578,2.6618043478260898,0.173437966000596,0.427703641691084,0.796203918722787,3.08461861861862,0.154413282442748,0.403480015673981,7.88145394736842,1.1143494623655898,3.80755290102389,2.996902277368554,19.102529830733218,99.8551426556542,4.381486069533219,0.8518887461517568,517.6288017537445,92.10930438712239,267.8406977793202,468.99930166546255,613.2362992502749,12.224999954923987
764,0.117815520762423,2.09966058394161,3.12867654986523,5.53479292929293,0.5581526752767529,2.21966306695464,0.15439931218953,0.426001568627451,0.671336677115987,2.705327176781,0.139808466913276,0.417518208302986,4.49855947136564,0.998174081237911,3.43952459016393,4.139021861133148,5.879205368233164,98.33532300541631,4.325699650788563,0.8573979603409884,517.2686942387372,50.97190442029387,261.7392048705369,505.40020456537604,890.7452021958306,9.890602086670697
765,0.819162181303116,4.417604838709679,3.9595571955719597,4.00915671641791,0.953014222222222,2.66405440414508,0.952996478873239,2.66676574307305,0.779894,1.73131955484897,0.775300844205679,1.7214932885906,3.47650809061489,1.18280331753554,2.3594275862068996,2.0365443392580915,4.896313160161793,3.4544616278509515,4.759164331859393,3.6916483476975706,294.8025008663535,99.7245981125161,114.18909707572311,236.4542946452275,499.09040390048176,22.685699514113367
766,0.121135470180925,2.12070930232558,3.1000664893617,4.35357627118644,0.333556655986018,1.28502171290712,0.172972626176219,0.425118490566038,0.232187845303867,0.809918976545842,0.16003900069396299,0.414519086973632,4.87660952380952,0.444395806589645,1.28213391877058,1.9477531836521398,3.873462325015184,2.5543450652187523,2.6115247225980993,0.8695248743467691,200.31359454151243,24.700298672541976,113.94529137760401,281.1266022035852,414.85459660179913,8.055599755607545
767,0.103020104543627,2.11656607495069,3.1340930232558097,5.433000000000001,0.53202147099132,2.06356736242884,0.163849125262421,0.409960845732185,0.434633027522936,1.63458695652174,0.151045990413266,0.40277878260869604,4.85122748815166,0.652512352941176,2.3122090729783,1.9593478775237234,5.8217168452696555,4.6714907885626324,4.327666209785408,0.8660536028619222,437.68419709522277,52.84069920890033,166.70720360707492,388.14859581179917,869.8179968632758,9.376398520544171
768,0.12075100486566501,2.48910256410256,3.15223809523809,5.69021052631579,0.698923611111111,2.75088700564972,0.202489754786698,0.425036982248521,0.603171875,2.16869556451613,0.189646868831868,0.41271541218638,4.99496595744681,0.879548519736842,2.72875718015666,1.9495490458977793,8.937386343151937,5.700484489722991,7.1044921750854355,0.8621358895119442,405.95539612695575,23.165796301327646,186.5917001850903,438.685598783195,726.6343891387805,10.199399548582733
769,0.132756172839506,2.13231707317073,3.09447978436658,5.93829381443299,0.5561000953288849,2.19286932849365,0.160440740740741,0.42596527777777804,0.6487366071428571,2.6390068027210902,0.14643202416918402,0.413604124545087,5.9062046783625695,0.827196029776675,3.2052630136986298,2.9888991852205966,5.8709930275270015,6.611604165729929,4.368101084345627,0.8556671677271628,497.7063043043017,72.94868992175907,187.08330171648413,370.661003398709,633.1049982691184,10.479401680640876
770,0.797067361111111,4.31693469387755,3.9338368055555604,3.96131538461539,0.8527358630952381,2.1639341825902303,0.849620437956204,2.1965999999999997,0.814346278317152,1.73498237179487,0.820134585289515,1.75962327718224,3.44977777777778,1.1762260495156098,2.25868684759917,2.032916256619555,4.928240181101421,3.476731095316034,4.779194396684175,3.704869856152099,297.907498315908,95.45890206936747,103.2631000271067,228.07899804320186,294.23660307656974,27.06589875742793
771,0.114391086350975,2.1195320388349503,3.14368322981366,6.056327380952379,0.642706048615037,2.2259420849420803,0.233930242924003,0.43754737295435,0.612863044708546,2.180024,0.217971636499347,0.42618048268625397,4.89881775700935,0.9535276381909551,2.72241772151899,2.462943815867067,6.885238363886547,5.684558664506717,4.385826172756789,0.875429320929959,358.6743987398222,24.230199051089585,165.70739971939474,372.56189971230924,921.6138947522268,8.884200360625982
772,0.117679390073749,2.10467615658363,3.1374157608695703,5.03715283842795,0.5433342119135479,2.1615967413442,0.178112710566616,0.426954656862745,0.5235123818099959,2.11639568345324,0.163657518582047,0.407189624956186,5.24379545454545,0.76014629258517,2.6958623853211003,2.4620767972284465,5.8632998037765045,5.650981407731473,4.406564791817795,0.8669957048943602,397.02300273347646,49.57290366292,196.06579444371164,442.9014021297917,700.5870982538909,9.283699910156429
773,0.828634,4.4440494296578,4.34314232209738,4.395534798534801,0.775929,2.24921301775148,0.775777694046722,2.26385934065934,0.733996829422955,1.7663198594024598,0.74094033069734,1.77528666666667,3.48871052631579,1.11864937993236,2.26844514767932,2.0368238930584286,5.936602067921095,3.4577820108932085,11.376812256937415,3.66807626275687,366.22029438149184,100.6770966341719,110.90380430687219,241.6113973595202,482.6729011256248,21.66840131394565
774,0.9011929999999999,4.434984615384621,4.323621848739499,3.9746789667896696,0.990929740134745,2.3089121756487,0.974627887082977,2.2547438330170797,0.850933852140078,1.7392933549432699,0.854402859545837,1.7577569230769199,3.43144345238095,1.24200647249191,2.31023890063425,2.0320987313592567,3.952257743787269,3.4767199584750172,4.731572639018434,3.720943034792753,289.56339810974896,96.75630426499993,110.48449960071594,224.3669965537265,292.7933994214982,34.399901051074266
775,0.26723585390946497,3.2161854103343503,3.1297987804878,6.197872727272729,0.714406436233612,2.62105275779376,0.175856245210728,0.41382319391635003,0.689575866188769,2.54365664160401,0.157226476515269,0.399584319526627,6.7990596026490095,0.926575221238938,3.26469515669516,5.188591037737385,11.888515999648476,6.6686902038569675,89.46215610750286,0.8540976666442219,588.976196013391,91.56020532827824,255.55230095051226,454.91300406865776,596.2987983366475,11.997399269603193
776,0.13311456841557098,2.10310992907801,3.1494954682779497,6.65548684210526,0.607124207188161,2.2157131782945703,0.2295515625,0.41373638658492595,0.606973509933775,2.23433461538462,0.212326734471486,0.39474636627907,6.03283333333333,0.8591350337584399,2.71461881188119,2.470637412612248,5.869075352120717,99.07023776215802,4.398984468356267,0.8580901395384108,432.93360504321754,51.161402370780706,214.906400651671,392.9361031623557,646.4127014623955,10.12310094665736
777,0.7869138606108059,4.377110266159701,3.9402586206896495,3.94599659863946,0.912352201257862,2.26574279835391,0.915380460683082,2.23405098039216,0.8049180938198061,1.74158093797277,0.807812314540059,1.74824870466321,4.18915510204082,1.2211128860489902,2.39222272727273,2.051449231123933,3.9120983780005956,3.442842352176757,4.789027502163702,3.683684847877529,313.7547057121992,105.72050232440233,109.98929792549461,237.93319996912032,313.86119953822345,108.15630084834993
778,0.124018149253731,2.11319748653501,3.13343631436314,4.41147674418605,0.391932242101256,1.27963879598662,0.225753437923688,0.429873489121676,0.29065687121866896,0.82538379204893,0.213223480007303,0.409849613492621,4.86105485232068,0.508599802371541,1.3115661577608102,1.955056618022014,3.8535394028679413,2.5240572635174283,2.5898220609885554,0.8580899623052474,257.78620038181543,46.65059968829155,146.48590004071593,398.1717047281563,503.3255030866713,9.519499144516885
779,0.8696977739726031,4.43883829787234,4.28390036900369,3.94389411764706,0.817290007513148,2.1777889688249403,0.798862,2.17094226804124,0.810542979942693,1.7548233276157799,0.8075682539682539,1.70360581583199,3.5148033898305098,1.21274082568807,2.30850796812749,2.0312500278123995,4.870373526734807,3.4497830762943105,4.857981322669937,3.6879986996534058,276.95099415723234,90.40390432346612,101.5810965327546,227.6812942000106,354.78730278555304,23.030300508253276
780,0.790050662509743,4.46703308823529,4.86054237288136,4.88963829787234,1.0182548672566398,2.72745283018868,1.0194290000000001,2.7050947368421103,0.823428794992175,1.75199194847021,0.842792634107286,1.73340209267564,3.45189367816092,1.18197412823397,2.26487927565392,2.042857451617801,4.983885200095493,3.4793757920441117,4.746539393261508,3.718168267488151,353.3297043759376,122.57919879630208,134.9311030935496,243.12890600413084,426.4495044481009,26.006600819528103
781,0.837008695652174,4.38320141342756,3.82637666666667,3.8199293680297397,0.9584157303370789,2.24096699029126,0.9559925864909391,2.2397337962962998,0.843271,1.74151700680272,0.853625097427903,1.73227653213752,3.4325,1.29253424657534,2.3406749999999996,2.0367559223279885,5.96674195833649,3.465476551225102,4.840909331308702,3.6840733287115937,322.7920999052003,102.15009970124811,109.47769624181092,251.67150306515396,381.51789631228894,28.504800866357982
782,0.11534061447381899,2.06306797853309,3.12992204301075,5.75197191011236,0.41839978094195,1.65210744985673,0.141256181318681,0.402207816610297,0.38596965655218396,1.63719101123596,0.128610363476292,0.388898643825839,5.92202325581395,0.614547169811321,2.30768875502008,3.0072302214982134,4.808286601935205,98.50204852640903,88.38306542373411,0.8542657306366099,486.03971081320196,50.784097402356565,201.8332976149395,487.36029712017626,1052.819800679572,12.018097913824022
783,0.474748123827392,5.46302702702703,3.54308923076923,6.6270797546012306,0.859688536953243,3.30469677419355,0.205781319796954,0.436796170212766,1.16243468468468,4.19934432234432,0.191766879219805,0.42321745617307,7.44568831168831,1.49536842105263,4.760635944700461,5.156416901629819,6.921098621742055,99.3985325798864,8.870228343279473,0.8640572265142705,653.0297949211672,95.60539911035448,267.2089001862332,612.1343962149695,583.2808994455263,11.081699631176889
784,0.8417787828947371,4.36215062761506,3.9164999999999996,3.99159765625,0.980133102852204,2.2151314655172403,0.871340947546531,2.21264571428571,0.823465578424414,1.7447369230769199,0.834094246031746,1.76657207890744,3.4796237288135603,1.21222519509476,2.32732236842105,2.0395240114960975,5.944810222729691,3.4487044975256116,4.744272701639932,3.678984431132113,309.6062078839168,92.88760193157941,102.24899742752314,224.56810111179948,308.03250265307724,23.541200789622962
785,0.81384477124183,4.40930566037736,3.95225992779783,3.9309183673469397,0.8393692643845589,2.22375106382979,0.840233281493002,2.23067895878525,0.785395636363636,1.68448121387283,0.784219952867243,1.71019039735099,3.47174927953891,1.1398485772357698,2.31963813229572,2.047054092670921,4.990888550370671,3.442742852693553,5.7260165686606115,3.6885707776024925,299.525901209563,101.77759977523237,104.95750175323337,237.95630550011992,499.43749618250877,22.256001830101013
786,0.7909365203761759,4.3683577235772395,3.93622549019608,3.9592925170068,0.822008771929825,2.18126348547718,0.829393069306931,2.17335319148936,0.757086764705882,1.7014812680115299,0.7526730263157899,1.68484615384615,3.45889614243323,1.17029894736842,2.34315111111111,2.0371967833199514,3.946593840016364,3.4477184043093296,3.7887419863260705,3.6494301765778747,306.96140602231026,93.30280299764127,102.08100429736078,238.96800121292472,543.2539997855201,31.55269951093942
787,0.105115361977634,2.6863716814159297,3.12198142414861,6.55290804597701,0.6744573934837089,2.53606930693069,0.174472040225507,0.433387600168705,0.537759054325956,2.08664489795918,0.15992089843750001,0.413320567375887,4.89144897959184,0.8575866558177381,2.8889915730337097,2.997048869543466,5.798770823033041,7.582670585127532,7.044358577165474,0.8642558896285061,465.949100907892,54.79289684444666,177.07669758237898,476.4418030390516,815.0143024977297,10.078499326482415
788,0.12203782131128998,2.11569642857143,3.0634759358288797,5.79834285714286,0.822833075734158,3.23531952662722,0.22585064228173302,0.45117958656330703,0.730141870684244,2.65716666666667,0.210078956644343,0.434566596194503,5.31930392156863,1.12592903828198,3.36588628762542,3.601098461486467,100.2235395519948,8.655730623269077,7.947070916728011,0.8622131610180248,513.3614962687716,74.11970000248402,244.65129536110908,575.0127020291984,942.74579314515,12.043298920616508
789,0.871064421669107,4.334345238095239,4.22379925650558,3.9294594594594603,1.03418326693227,2.68475972540046,1.02732298136646,2.67768079800499,0.8066498245614041,1.71211333333333,0.81484335443038,1.71765776293823,3.45835016835017,1.2855732814526601,2.37396037296037,2.0475023675765054,5.012481991935856,3.4221805660487865,4.734062071398521,3.6750453246681434,301.56430730130523,96.35399328544736,105.5425003869459,239.91140187717974,302.69329727161676,95.41149775031954
790,0.13698607827685802,2.06407630522088,3.07813076923077,6.98552317880795,0.837449389806174,3.0954476439790604,0.190071101724745,0.41639096199931497,0.838907095830285,3.06981462140992,0.17643006263048,0.399791091840757,5.77794059405941,1.17673786407767,3.80327622377622,4.131561294273776,8.889433094984678,98.13275230616776,12.414065230765702,0.8597041963565306,645.6736009567976,69.69019304960966,222.90869674179703,497.62949929572636,947.1465979004279,10.752500384114683
791,0.79204598540146,4.42826506024096,3.5489228486646898,3.78405054151625,0.891037128712871,2.2095633270321398,0.880638333333333,2.20260416666667,0.782114,1.7377860538827299,0.7864512115258679,1.7337474576271201,4.13802173913043,1.19459489795918,2.3164643678160903,2.04059538930809,5.898980628116104,3.4240394513623156,3.7727045288655554,3.654036800809024,302.609198843129,94.58900021854788,108.09910600073636,241.42000474967062,424.2603958118707,41.46889841649681
792,0.0919298936589208,2.0679686888454003,3.10891212121212,4.4363562231759595,0.34395843966460105,1.3606879350348,0.174936346707296,0.444666525423729,0.24151589008363197,0.8810593495934961,0.159830761043108,0.428334862385321,4.01214285714286,0.452093307839388,1.25384382566586,3.0429606037944135,4.92605971752195,2.582631029119113,2.64982735907609,0.8711729039639097,324.67939890921116,49.921905156224966,139.21870267949998,250.0719972886145,370.78770401421934,9.565497748553753
793,0.786973,4.45087159533074,3.9747097902097903,3.92028244274809,0.881005141388175,2.30095495495496,0.919243630573248,2.25853320683112,0.8743091993185691,1.78266101694915,0.854581831290555,1.7904035087719299,3.4756268656716403,1.3284203821656,2.22337272727273,2.036242264965612,4.999982107497162,3.438461811580308,4.725921431733282,3.6634059039680182,310.962600633502,105.58270150795579,121.2912000482902,229.82588852755725,383.4631002973765,28.754700906574726
794,0.148702798692996,2.1274688057041002,3.13220218579235,5.32842325581395,0.5450799438990179,2.1709515151515197,0.199702642764739,0.421746705107084,0.4513645443196,1.68983938547486,0.18695743655637598,0.412184333453108,5.39543925233645,0.6915946728430811,2.21170353982301,3.0538982578329787,5.854121014879264,4.670945639433858,88.11205141693388,0.8619027811361254,337.86469721235335,73.5274952603504,136.4965020911768,443.804293172434,722.0840023364872,9.357300586998463
795,0.11763134186818401,2.1154864341085298,3.1187885117493503,6.383474285714279,0.590029290853032,2.25209233791749,0.178979003400858,0.411107008547009,0.601068864037669,2.2613978021978,0.16332593599033798,0.395636329727714,5.355150684931511,0.891052140077821,2.7851404358353498,4.739058868937754,5.8143740125851435,6.690170578027262,4.38389502529838,0.8624496114371348,594.0671922871843,72.76179967448115,191.47559942211956,516.87570521608,814.6202948410064,11.155297397635877
796,0.09086318009278789,2.09997940074906,2.95034146341463,4.78616267942584,0.656963855421687,2.58982926829268,0.15094587486157302,0.40287956061200497,0.571349342481418,2.13965354330709,0.138541047274675,0.390209430894309,4.4860468749999995,0.8137088815789469,2.84425205479452,2.432767471904667,6.9316292986939,5.654178991133863,6.167512200874679,0.8525537739606703,470.4095976194367,49.189303535968065,148.58929789625108,381.67459424585104,418.8866005279124,12.965602218173444
797,0.824209537572254,4.40460425531915,3.96322866894198,3.9430219780219797,0.869354304635762,2.1996573875803,0.8685488721804511,2.2105066413662198,0.817630158730159,1.74116024653313,0.8094773188896409,1.74057727272727,3.48523312883436,1.24516146393972,2.27442632612967,2.0340854799153445,3.912585876530576,3.451889427028537,4.785410253233156,3.6755865253634905,296.3751001516357,95.9316996159032,102.27409366052598,225.72720190510154,286.17369825951755,29.47260218206793
798,0.0994039293751082,2.11973214285714,3.0849375,5.42956542056075,0.543328139754485,2.13494843462247,0.156358356164384,0.410660789844852,0.420670086171522,1.66648967551622,0.138624748371818,0.397250085999312,4.0383968871595295,0.618033760186263,2.36655042016807,2.9481574854861847,5.849332164408652,4.662647310976241,4.3277848075787455,0.8515367419176171,585.8562013600022,52.02890606597066,208.7031985865906,477.4864006321877,763.8322014827281,9.949001832865179
799,0.7887998624484179,4.45973333333333,3.9302954545454503,7.28485517241379,0.941375784753363,2.66032494279176,0.922627004219409,2.63409268292683,0.772566644340254,1.75744006069803,0.778610283159463,1.7535652892562,5.292484042553189,1.15365577342048,2.24858250497018,2.0419528962051694,5.883162357236539,3.452038427362578,4.695285162818731,3.6748005170990963,514.0095949172974,146.54680562671274,156.68740670662373,478.17070153541863,543.8771011540666,24.82430136296898
800,0.800565967016492,9.81236697247706,8.182872,8.16249206349206,1.1528364717542101,5.90756647398844,1.17079408418658,5.95170899470899,1.23448540145985,4.785065843621401,1.29720414847162,4.80036123348018,10.61246875,2.37700809716599,6.47432369942197,5.283320879885919,13.70879198373985,9.832508776132995,21.415714541120835,10.520148002561896,367.0515987323597,110.47329462599009,115.21340347826481,329.20219528023154,831.8751002661884,57.676099822856486
801,0.119540217846669,6.508682352941181,5.48766666666667,8.08614814814815,0.420843784378438,3.46857272727273,0.256440393826503,1.14186763070078,0.316963390025944,2.26316740088106,0.243056436271401,1.12715503875969,12.7757375,1.36989784946237,3.98269852941176,9.313245780342344,13.651500026684355,7.274634690329733,7.3100766636289345,2.4276852690201847,201.50710188318044,59.45439916104078,173.27200330328196,529.5897950418293,1036.1941036535427,16.31920167710632
802,1.32275234741784,13.240710843373499,6.78210967741936,6.74947647058824,1.17164675592173,5.90969743589744,1.19594389438944,5.76255681818182,1.22455154091392,4.6488766519823805,1.25979272326351,4.63430522088353,9.3605,2.3192826086956497,6.60143930635838,5.335409780865067,16.521101376048236,10.260872770221386,10.695113293910019,10.611758904506202,304.0287003386766,109.05749804805964,114.99750253278762,268.5640996787697,639.3960036803037,63.3528979960829
803,1.38810349127182,16.7131111111111,7.00555089820359,6.74893788819876,1.31605405405405,5.91710416666667,1.30962795941375,5.85572826086957,1.2096032388664,4.71794495412844,1.21977964205817,4.673718146718151,12.0289690721649,2.2151463878327,6.793900000000001,5.293690714258535,13.771975929162272,9.89034822758445,26.874838997857214,10.624059773752668,358.3482059184462,141.7593943187967,144.97920346911997,334.1307950904593,428.44810523092747,52.16680001467466
804,1.29784511784512,13.2355853658537,7.44275163398693,7.37980714285714,1.3200689655172402,5.7967816091954,1.3506709601873501,5.87278680203046,1.32391638795987,4.67640552995392,1.3223520208605,4.6768612244898,9.49177272727273,2.4084875846501097,6.671017142857139,5.387242385130431,13.786850724408286,9.798191418117277,13.298942148446715,10.521698518963797,292.3501975601539,108.25810313690454,113.85030229575932,268.44719832297415,566.7200981406495,64.59479918703437
805,0.107081423741548,6.66118452380952,5.408476190476191,10.2224513274336,0.787155459146782,5.96262209302326,0.397515234375,1.15315956392468,0.903524,7.069662251655631,0.36032540173053196,1.13930049751244,13.9403780487805,1.95565625,9.59906363636364,5.227268193635279,16.409319685534733,21.38018872711938,12.396742366585974,2.4498677181710087,507.67100183293223,63.26289440039545,253.8143075071275,632.2481000097468,1017.771099577658,23.433298338204622
806,1.3314282460136702,12.9018765432099,6.7089263803681,6.742249999999999,1.22779711637487,5.92169587628866,1.22836447368421,5.913425287356319,1.10838866396761,4.69819183673469,1.1851655092592601,4.716168724279839,9.34320689655172,2.1378994614003597,6.5009834254143595,5.300157475013487,10.947686061711973,9.839016130594107,13.31562926725767,10.581530193651169,300.2466954058036,115.51179632078856,119.74339722655714,259.8863939056173,345.13230493757874,54.069599718786776
807,0.104516772700983,6.501479041916171,5.53839523809524,8.145318181818181,0.433688536953243,3.4722188552188498,0.268520833333333,1.13825675675676,0.334840889148874,2.2839,0.253036363636364,1.1386825396825402,13.7238428571429,1.28561732851986,3.73261512027491,7.868499433365866,10.866920411657185,7.301943504317065,7.367175202351359,2.450511632542755,281.86990530230105,52.39949678070843,123.5153031302616,557.5760005740449,664.2824999289587,17.14609970804304
808,0.126175328664455,6.47396,5.47613333333333,7.5369932885906,0.714654174884944,6.989833333333331,0.21730582940420098,1.1538469891411598,0.606134644478063,5.77124752475248,0.21425536390408098,1.1167385984427098,13.792740740740701,1.6077673130193901,8.05341481481482,9.29823474622643,16.199561853856448,15.972128586064242,245.95604308736682,2.429014995816119,392.6578996470198,61.170000117272146,204.6685025561601,489.84219902195036,994.6963022230194,24.71290063112974
809,0.10323054412437101,6.35630434782609,5.4940956937799,8.05300675675676,0.5479340555817239,4.642017167381971,0.24814705882352897,1.11422342733189,0.558527547537786,4.650063745019921,0.24357424620267504,1.12430605738576,13.7727294117647,1.50008579088472,6.68080790960452,5.248570223673412,13.544664397685075,18.63571093360384,9.82293043920766,2.44934048983393,335.4310989379883,59.288699412718415,189.68659278471023,433.89269849285483,1301.7478049732745,21.48119965568185
810,1.17602530364372,9.80207079646018,6.18874054054054,6.47390361445783,1.1329911504424799,6.0616954022988505,1.1299126819126801,6.06507344632768,1.39079923273657,4.68312888888889,1.44009343434343,4.70785772357724,9.411190909090909,2.40502272727273,6.70613609467456,5.303888133339614,10.965161034297594,10.19615613824694,10.650642783425907,10.52233270083859,315.30800042673945,105.09829735383391,114.6892027463764,270.5209015402943,621.610603411682,79.75660264492035
811,0.9168807339449541,9.797942148760331,6.13469543147208,6.172185628742509,1.46044097693351,8.3566231884058,1.47419645120406,8.37716153846154,1.2272091007583998,4.759809302325579,1.29785633484163,4.74894285714286,10.3259696969697,2.2237731092437,6.63686904761905,5.319179312043137,16.51537874059699,9.820901034611941,16.179298192373547,10.500295123126511,312.88629688788205,109.54600002150983,114.72880141809583,277.9146045213565,342.71750191692263,252.00490199495107
812,0.10294835457485299,6.339833333333329,5.49117289719626,8.97637692307692,0.5438995363214839,4.63308597285068,0.281115806365338,1.13055902004454,0.42307518488085505,3.41462629757785,0.255619925389511,1.11669188596491,15.1755070422535,1.41310836762689,5.3625198019802,5.182227763705891,13.554741328825871,10.543765822624914,9.756939510306518,2.43120564117257,270.2505007619038,60.41409797035158,147.38710306119174,514.2112961038947,867.583995568566,17.93449919205159
813,1.4308035714285698,13.0837849462366,6.64924516129032,6.7669493670886105,1.0561438289601601,5.95164161849711,1.06211992619926,5.9308160919540205,1.33350592885376,4.65888085106383,1.37013274336283,4.66416260162602,11.6917640449438,2.27918997912317,6.7594,5.297289190026259,16.57813233623593,9.814561383384607,13.23616122187013,10.450480510639336,324.97470383532345,113.31580462865531,118.10060823336244,274.07909801695496,692.8528950084001,79.99759982340038
814,0.112065200827256,6.33798795180723,5.384271889400919,9.68151923076923,0.68241030789826,5.61812637362637,0.251793007293007,1.1233540856031101,0.540565699208443,4.59570403587444,0.24368122176812199,1.13734164070613,15.074050632911401,1.5004429347826098,6.91705389221557,6.551669273460027,16.1947779589961,13.155195985405578,12.269360561575654,2.410076954770861,384.764198679477,49.48940186295658,200.67209552507848,497.2756985807791,700.4951010458171,20.727698574773967
815,1.1779141414141399,13.1182765957447,9.59094642857143,9.60152777777778,1.19321709006928,5.76984736842105,1.24222506082725,5.77212637362637,1.23569143446852,4.61398837209302,1.21210893512852,4.6324794520548,10.494880733945,2.11404251012146,6.2618757763975195,5.2831464524012866,16.341250255714442,9.778311542372055,13.262114527803439,10.464722032536688,365.13560626190156,113.97800117265433,118.78719087690115,334.9750011693686,1294.093596516177,53.126600687392056
816,0.26315166093929,9.54289743589744,5.0873756097561005,9.55654098360656,1.11975,8.29483064516129,0.265636319138522,1.15827892030848,1.63552892561983,12.9765227272727,0.258629538323622,1.14065531914894,18.8199444444444,2.35768558951965,16.4788181818182,11.971770266181384,18.95543766060673,273.16997952780304,14.666059456700186,2.428015272672724,490.1459033135325,76.74589578527957,299.78419770486653,776.3934001559392,1359.2592993518338,26.726900250650942
817,0.131808406647116,6.51114606741573,5.52738604651163,8.927380597014931,0.820772618094476,5.778604060913709,0.36634009009009,1.13921663019694,0.892891323400526,6.91131927710843,0.358580375083724,1.1398437158469898,15.0155072463768,1.9392288135593199,9.3491935483871,6.468971550945816,24.5395660261334,26.551868873690005,36.95499932726495,2.4443587970871854,521.51050476823,56.730202049948275,275.0070969341323,563.8760980218649,1217.2044022008777,23.467899882234633
818,1.54818289473684,12.913297619047599,7.29228,7.4353137254902,1.11922211538462,5.82811363636364,1.1109092645654202,5.76815897435897,1.0947981220657301,4.640588,1.11707714561234,4.5856939655172395,14.118975308642,2.1976746031746,6.36459748427673,5.29904638216611,13.539653963562834,9.751706477595933,13.170792586626858,10.52986764634879,317.65970634296536,113.14300063531846,116.43920151982456,262.33519602101296,690.3457950102165,52.72200214676559
819,1.02539078341014,9.66691743119266,6.75547798742138,6.7978499999999995,1.33385245901639,5.8922598870056495,1.32881818181818,5.89890229885058,1.3063917525773199,4.676082949308761,1.33664285714286,4.570656,11.69895,2.3369303370786496,6.56086440677966,5.310046165180584,16.421768554868194,9.722729219055028,15.928131531411,10.448120769802674,301.45120108500123,107.73810208775103,127.09130242001267,259.5386060420424,962.5607985071838,52.817200776189566
820,0.451787679194111,13.071880952381,5.36327513227513,11.9459791666667,1.00161796643633,8.160511278195491,0.286491681152222,1.13055286343612,1.21533412322275,9.28617213114754,0.27360042792190403,1.1182593360995898,20.5595416666667,2.22680172413793,12.739355555555601,17.54064358332698,16.264959949586753,37.250175093482966,17.262347523107383,2.445447968396442,818.2030025636777,79.88759316504002,314.48700465261936,839.2495015868917,1201.700299861841,32.92570181656629
821,0.12209614243323401,6.50350617283951,5.18971153846154,7.08332876712329,0.504265906099166,4.45583984375,0.223265667051134,1.12480750246792,0.386050943396226,3.3757861635220103,0.211187427466151,1.11224609375,14.9951617647059,1.36009483793517,5.31191555555556,7.846717407645179,13.474822159092176,10.442670791540502,9.766298196667298,2.441893653119577,367.621099576354,53.13609435688704,143.3698955224827,453.1198035692796,726.5105901751667,18.05290230549872
822,1.4266927223719699,12.9946588235294,6.86221965317919,6.85292,1.09308062930187,5.7989247311828,1.03599480519481,5.740961538461541,1.22136471990465,4.62192828685259,1.26333497536946,4.62833333333333,10.6837113402062,2.31691983967936,6.6329025974026,5.317743816534586,24.769716172652355,9.787351125128337,13.302741994308477,10.499441903503552,304.18379756156355,107.64760081656277,119.43269928451627,275.25470359250903,487.63450467959046,51.868599257431924
823,0.12083096590909101,6.54074404761905,5.55397619047619,9.65275833333333,0.472011943040882,3.52074744027304,0.31435120925341703,1.16784861878453,0.368744912280702,2.32054455445545,0.29354266895761705,1.15207427341227,13.9135243902439,1.40987935323383,3.85544370860927,7.877029183120027,11.021256693694745,7.31530088454369,7.378415023303217,2.469464745795532,209.28720477968454,56.913201115094125,170.24709668476135,320.43350220192224,998.8383011659608,16.408198280259967
824,0.122264404271065,6.3459005524861904,5.51175362318841,10.3974857142857,0.742524717514124,5.77894472361809,0.35865093768905,1.1414177777777799,0.673080877742947,4.5434431372549,0.345578151260504,1.1291241758241801,13.8000963855422,1.55468902439024,6.544086206896551,6.543074025633295,16.2451469034269,15.892219225534847,246.24465305267842,2.4386223317813984,288.32250100094825,56.15850386675447,197.26600439753383,481.9406021852046,711.9398942450061,19.33810126502067
825,0.74576735218509,10.6859807692308,7.2182384105960296,7.22225517241379,1.44901527777778,5.8525,1.43215965346535,5.87077386934673,1.46126859504132,4.71857894736842,1.43060796915167,4.73811885245902,12.933595505618001,2.31189616252822,6.67128143712575,5.30398822543945,16.42339994475549,9.779724066959789,15.981829589173323,10.460630751097074,345.60179919935763,132.39859836176038,141.24659646768123,281.61079972051084,551.6037024790421,52.16510035097599
826,0.132930500447971,6.496957894736839,5.395717948717951,7.4045683453237405,0.524871212121212,4.72776956521739,0.241565540812224,1.16740058765916,0.509710963455149,4.63608636363636,0.228583405545927,1.14604705882353,11.5296836734694,1.46873901464714,6.71131428571429,7.8789809437498555,13.641719067338752,15.890254563133622,9.855433798931124,2.447406823887186,331.05680195149034,55.78669661190361,144.8850001906976,447.2129017813131,1064.688796759583,18.41080083977431
827,1.3301050175029199,13.1711460674157,5.8589020618556695,5.85054228855721,1.44868990384615,5.86329775280899,1.37472760736196,5.9249297297297305,1.5077765793528501,4.67045564516129,1.52000310559006,4.70307228915663,9.39723076923077,2.3185222437137303,6.270188679245281,5.2952951529855365,13.707804186289442,9.765748580223937,15.956721581514227,10.544412037090696,324.07860562670976,100.81829386763275,106.26100120134652,267.2339993296191,324.7424028813839,98.87820051517338
828,0.104840921216433,6.509951086956519,5.51621875,9.81981818181818,0.624564449064449,4.754844,0.338238639876352,1.1863637374861,0.510887901861252,3.47766473988439,0.32650761421319796,1.16265469061876,15.2396493506494,1.49116643741403,5.04929910714286,6.530130915768394,13.538922835208057,10.542105924709416,9.838390727325255,2.459342686488537,309.0454963967204,55.576697923243046,167.63079329393804,501.0471038985997,1449.6813993901014,20.774101722054183
829,0.912121047877145,9.808175,6.80579333333333,6.81614,1.30538432364096,5.74787292817679,1.29909039548023,5.7324606741573,1.34684,4.66380327868852,1.38064108910891,4.66206477732793,11.419237623762399,2.2880107526881703,6.43900595238095,5.301022439719585,13.71127535668742,9.700976885970327,10.583136920482136,10.45317776572688,327.3142036050558,111.89189681317657,125.29630621429533,271.7273047892377,361.2408967455849,85.00580152031034
830,1.28262701363073,13.2272168674699,6.8394203821656,6.87319205298013,1.1349177693761798,5.77953038674033,1.13426559139785,5.904497175141239,1.42263082901554,4.5900038022813705,1.4071966145833301,4.63985258964143,9.517162601626021,2.3760000000000003,6.5576628571428595,5.313333387819359,13.753639176769612,10.046054427801351,13.348509136787374,10.490380840230186,293.1181952590123,107.29189671110362,114.57169894129038,272.9395986534655,828.8851095130667,55.66589825320989
831,0.103726289746174,6.34130177514793,5.5095971563981,8.89408943089431,0.6012630998345281,4.58297333333333,0.32711247251021003,1.1426091954023,0.594109289617486,4.524284,0.300952947688901,1.12944444444444,15.2828289473684,1.5479705882352899,6.80631360946746,9.151967180501115,16.253510298476897,13.173427254442982,9.769008931460545,2.446884578038844,488.862200290896,83.52030126843601,217.25819678977132,533.7803071597591,1360.4303036117926,21.391501650214195
832,0.15415005020800499,6.498491803278689,5.47380568720379,8.90620769230769,1.0181981981982,7.925755244755241,0.31498346196251403,1.11459019812304,0.9909270386266091,7.8946000000000005,0.301505580693816,1.0980377906976702,13.664170731707301,1.84168344155844,10.6103636363636,9.29279990288637,21.77945712765108,21.12227666097724,17.122070752491304,2.429061922998796,546.3166948175058,56.66929064318538,277.40460354834795,614.7498992504552,907.0795000297949,21.635598386637866
833,1.2343498419388799,12.8952584269663,8.22487786259542,14.229139240506301,1.20896034696406,5.90418229166667,1.19955751295337,5.9125306122449,1.1856014198783,4.60567811158798,1.22551193317422,4.597633064516129,11.76,2.2616167664670703,6.38589024390244,5.346496842254739,33.33702742136283,9.76659308430158,13.267207719198769,10.533471005345085,342.0833993004635,127.67820444423705,134.65969823300838,334.43549764342606,948.7836941843852,50.98810070194304
834,0.92835799522673,9.807226890756299,6.84746527777778,6.74051,1.63767930489731,8.10424324324324,1.60147305389222,8.093728682170541,1.45126917900404,4.6844703196347,1.4488634085213,4.63937051792829,9.39146788990826,2.46309397590361,6.46267857142857,5.30717358180838,13.725361812668815,9.79972838888357,13.313222915207351,10.519467449581025,300.28579640202224,111.0044977394864,119.11559267900884,269.7869000257924,389.95220384094864,74.25590010825545
835,1.27762996594779,13.0619642857143,6.80575,6.77926875,1.04338342967245,5.76010055865922,1.03566189111748,5.76452,1.09417364657814,4.65554298642534,1.08034754402224,4.661710407239821,11.6420408163265,2.1395384615384603,6.68146,5.295520165111864,10.941733210640486,9.828550901639593,13.250133349716121,10.488618429486264,316.9637930113822,110.97919777967036,123.4511932125315,257.77169794309884,634.4330991851166,67.44549900759012
836,0.10434859804016701,6.50595031055901,5.50082142857143,11.3295104166667,0.508228741496599,4.67318442622951,0.216431128896377,1.15391001124859,0.493865768896612,4.61175396825397,0.204044918090541,1.14091748526523,12.7055164835165,1.41916133162612,6.56422580645161,9.358800063949493,13.567899098216223,13.206358580350768,9.852415320869646,2.442284498936988,322.29929929599166,50.94740190543234,195.20259811542928,376.38359935954213,1150.2141976961866,21.61470183636993
837,0.102691387773315,6.43434946236559,5.46278703703704,7.56375362318841,0.428071138211382,3.58396853146853,0.258094153378891,1.1690109409190401,0.319251463890696,2.36222294372294,0.236698867147271,1.16862798634812,13.9760384615385,1.27223514851485,3.74065789473684,9.252623471942725,10.980830916259222,7.319826596508548,7.439007334663145,2.465430912307269,281.43929957877845,55.19910482689738,120.90008822269738,247.62330285739154,333.95339851267636,20.105598377995193
838,1.1150875,13.263817073170701,6.535479041916171,13.5541298701299,1.25501222493888,5.996082352941181,1.2707928039702199,5.9933298429319395,1.0415535924617199,6.00982967032967,1.04926434195726,5.99641237113402,17.0187666666667,2.1203918367346897,7.9606204379562,6.627518946808766,10.957160085117492,18.684685499622425,18.606320008916512,18.463054773251024,522.2089035669342,199.6651029912755,205.53669892251492,454.1481001069769,877.1105960477144,53.137398208491504
839,0.09882586107369641,6.50691772151899,5.52848387096774,7.570833333333329,0.47203154836031497,3.47748275862069,0.300144931293752,1.16349673913043,0.360797413793103,2.27123196881092,0.288187988826816,1.1412932551319601,12.6174347826087,1.36959920106525,3.82743173431734,6.519945226516104,10.801299675440088,7.268249246245616,7.278835853640477,2.4290621496465175,194.61670599412173,50.89490150567144,162.8383994102478,430.2226967411116,652.1815957967192,18.001699936576188
840,0.103527797141861,6.53012849162011,5.22547945205479,9.95730555555555,0.743575032341527,5.891484375,0.365452093683463,1.17869610091743,0.7296462025316449,5.809178770949719,0.354755326460481,1.16318956743003,15.3629459459459,1.61810069444444,7.9397131782945705,12.131828116518564,16.54620049348731,15.93871651557092,12.374877454460588,2.4665368020257503,476.29469772800803,55.070099188014865,214.67070328071713,435.6969991931692,579.5173026854172,23.46050168853253
841,0.17921755368814202,6.52094219653179,5.541874396135269,6.7990529801324495,0.6301510663507109,5.67643349753695,0.239083634901488,1.129675,0.623739051094891,5.63109,0.2239896524795,1.10576651162791,16.4086714285714,1.6774594992636198,8.000297709923661,10.546439656214638,21.606739674850996,15.790209924875501,12.209331645771115,2.430176982433448,553.1583970878273,56.551897432655096,275.7581969490275,670.9563953336328,1043.6507989652455,25.382000603713095
842,1.17498505747126,14.6691038961039,10.3527,10.3265267857143,1.22420210526316,5.887639999999999,1.10172315789474,5.89986559139785,1.06401494023904,4.67560408163265,1.05019817073171,4.66262307692308,11.879909090909099,2.0829179104477604,6.788921568627449,5.295105120283997,16.416036697936637,9.778323023556368,13.371775564459892,10.49663187486902,366.82649224530905,134.1482944553718,145.0589974410832,395.9428024245426,570.4736046027392,46.98919947259128
843,1.46663795423957,13.2470337078652,6.77102,6.76991823899371,1.4651673151751,5.8441404494382,1.42655927475593,5.84214516129032,1.32988119953864,4.670524886877829,1.32020769230769,4.666172,9.37474561403509,2.29818805309734,6.6545974025974,5.297433261550984,13.67601298120027,9.760929552391545,13.291701321270713,10.5048416958,302.67289839684963,108.62919734790921,121.08670198358595,270.59939748141915,392.51120178960264,60.57479768060148
844,1.40188920056101,12.8781904761905,6.78290322580645,6.72902325581395,1.4811047619047601,7.0442321428571395,1.49834960422164,7.127659722222219,1.40795,4.64834523809524,1.4377685834502099,4.67801777777778,9.46713114754098,2.47649885583524,6.82369411764706,5.289017083010217,10.967961327929167,9.836095547194462,15.89598220459119,10.534990500704195,316.49770389776677,110.04649859387428,116.45699269138277,269.1245957976207,619.8086019139737,70.26139937806875
845,0.102541590537552,6.50779428571429,5.47520187793427,8.78431623931624,0.680440340909091,5.81898404255319,0.302178562159356,1.15470251716247,0.57620500481232,4.610379746835441,0.29294002541296105,1.15052952952953,12.5968829787234,1.54750429799427,6.67738562091503,6.501065099268726,16.256959719882033,13.143894300344302,246.46202886925292,2.439859771542919,332.59060292039067,53.202707204036415,168.22460165712982,547.143499716185,702.4810998700559,24.23209953121841
846,1.34909156626506,13.2400112359551,8.90054,12.331551724137901,1.21440402843602,6.01103645833333,1.22805310734463,5.95837368421053,1.1155079030558501,4.70578048780488,1.11206143667297,4.71824696356275,11.9594526315789,2.07858333333333,6.44765363128492,5.311839952512553,10.833542716841668,9.815639206407232,37.12248362288235,10.482210098198763,414.5650949794799,135.61659725382924,142.12909736670554,402.78760134242475,1092.2982008196414,53.02059871610254
847,0.92416077170418,9.55004504504505,6.800523178807951,6.81736470588235,1.23947778981582,7.13595,1.2385331905781598,7.1139477124183,1.2232987421383599,4.70052534562212,1.22214141414141,4.702347031963471,11.58512,2.187443378119,6.62076397515528,5.2951079728668935,16.50296165239042,9.822719885974955,10.768479241762257,10.525376631120162,316.2363020237535,106.54999641701579,113.06230153422803,269.7340998565778,329.87899030558765,255.51870057825
848,0.461001800990545,12.7688,6.1228112244898005,8.86950746268657,0.995748292682927,8.0736,0.269797432239658,1.1549385474860299,1.28519680196802,10.4508446601942,0.258711500974659,1.14236071032186,19.1183090909091,2.2546968503937,13.7175256410256,6.571678501001522,19.018746312389446,274.68937748554885,14.789106650877232,2.4582369264454442,791.656001820229,80.2686990937218,319.4963064743206,752.0287967054173,1183.3020951598883,33.25419966131449
849,1.33491980558931,12.8640666666667,6.78938235294118,6.76461875,1.35740439276486,5.8465145631068,1.34672176949942,5.84542245989305,1.2558404371584702,4.67077625570776,1.2544304635761598,4.654756862745099,11.6876082474227,2.20765988909427,6.59007262569832,5.287644441094791,13.65615552919921,9.76039931799148,10.651392120760766,10.467722160381761,304.6973986783996,115.58710248209536,130.14180003665388,263.7674944708124,685.3847997263074,86.11750090494752
850,1.2262914218566399,13.256097560975599,9.63208928571429,9.7257731092437,1.04502572706935,5.88946551724138,1.05535900104058,5.9522037037037,1.20063493723849,4.64084773662551,1.23658785942492,4.610533596837939,10.7369509803922,2.21654945054945,6.60459509202454,5.264199177908416,19.168319860648378,9.81243677278393,13.292612054452114,10.457906529317855,372.1990098711103,102.6172045385465,113.88669663574547,334.6591955050826,1071.6616088757291,60.01180154271424
851,1.49098538011696,13.254409638554199,7.53841428571429,7.48024836601307,1.08598835978836,5.95184393063584,1.11192032686415,6.03116161616162,1.31475160051216,4.7688174273858905,1.31388508557457,4.72172950819672,9.432366972477059,2.07683895131086,6.4395705882352905,5.282508534188452,16.394594859180554,9.834960878381038,13.261222146614713,10.5090002022284,305.28019997291267,109.81279192492366,114.68460143078119,337.16309699229896,752.5102002546191,49.87760039512068
852,1.3950409731114,16.928971830985898,6.79848407643312,6.79115568862275,1.42645489199492,5.86733519553073,1.36565186915888,5.7688125,1.3547545045045002,4.66086086956522,1.36788461538462,4.6426017699115,9.48291011235955,2.4215925925925896,6.66120359281437,5.270014172922179,22.106803869299302,9.802683958465655,15.948947306539653,10.45471188277798,299.65720314066857,110.6912037357688,122.6061984198168,260.6880967505276,1092.1776003669947,53.2906997250393
853,1.30808801020408,13.1997654320988,6.83191,6.7611935483871,1.3378639534883698,6.05862694300518,1.3513366834170901,5.941889473684211,1.1928477366255101,4.76068292682927,1.19157538802661,4.69244489795918,9.31718348623853,2.1646445783132497,6.7826220930232495,5.301514723210086,19.221553244024793,9.860691977383507,15.94208909958045,10.559159308462615,307.40880174562335,96.84949473012239,103.86440553702414,254.90279658697546,586.8349020602182,106.78429971449077
854,0.151115961006838,8.42735772357724,5.22015,11.5975050505051,0.604044100801833,5.93561797752809,0.22114391634980998,1.18960440835267,0.49204910929224804,4.72644214876033,0.207388275124733,1.17423116089613,13.8015714285714,1.41062903225806,6.54624277456647,5.194086036218779,13.582464533917316,15.986415419879668,247.8597731531475,2.468950289980773,333.7287053000182,54.12720202002674,206.91099925898015,498.15720121841883,651.8826994579285,20.20270039793104
855,0.400540995094604,13.0724615384615,6.808847682119209,12.8951058823529,0.9081053540587221,8.06676923076923,0.186760640232812,1.13296336633663,1.2097369519833,10.3317352941176,0.176400122268073,1.11670544090056,17.5466274509804,2.45186105263158,14.2206849315069,14.818887249544447,21.5717596416479,272.6502533112667,14.62146217454366,2.4376994219073325,456.3356953440234,87.45960658416152,308.1995964748785,898.3095962321386,1257.7697052620351,26.75139985512942
856,0.2644234375,9.64114166666667,6.1023779069767405,13.324773333333301,0.693585832801532,5.923784615384619,0.270902580305424,1.1859246575342501,1.05293272171254,9.585776,0.24894589952769403,1.1779637254902,20.524919999999998,2.0640260707634996,12.619369565217399,13.336913424179354,13.68225702412673,273.51174016788235,14.795951673835223,2.4537262628997563,603.9422994945198,84.71569453831762,286.151998443529,755.0527021521702,1148.9558033645153,28.131500585004687
857,0.11760574064582299,6.3517531645569605,5.46902830188679,10.5042232142857,0.891346760070053,8.305584,0.22764595103578197,1.16744411177645,0.872221304706854,8.26824812030075,0.214755387931034,1.12775865921788,13.9457469879518,1.9147716981132101,10.907691489361701,6.532630121804512,276.50695619068404,273.1903551688601,247.40110966176408,2.4303122241686337,580.5295018944889,58.887299383059144,271.0868982831016,639.3146963091567,926.946903928183,25.175500195473433
858,0.117061411056141,6.45925683060109,5.44698958333333,8.758590909090909,0.577853475935829,4.55576078431373,0.29508562768375896,1.1434144869215301,0.571838709677419,4.53555118110236,0.27934350282485904,1.1312610619469,14.024112676056301,1.4720629370629401,6.7054465408805,6.494109775497745,13.470928856705605,15.7592899668139,9.755266153946105,2.438391243914786,317.52279901411384,54.5202026842162,164.35899888165295,491.64219526574016,922.972708940506,19.309399067424238
859,1.4121036834925,13.2049,6.5084320987654305,6.54590502793296,1.1008548728813599,5.95421022727273,1.05643756050339,5.94072435897436,1.35040608465608,4.6581485943775105,1.350949932341,4.65108097165992,9.41052293577982,2.2372,6.53263636363636,5.298747609263217,16.32001840082979,9.727938003091266,15.868348026774763,10.47585307195812,307.7807050431147,115.76660035643727,126.19739864021538,269.62949777953327,400.6811010185629,81.45940082613379
860,0.10151828281738799,6.43841463414634,5.54836170212766,8.91097744360902,0.9088103294746219,8.03152,0.263803297199639,1.1372168316831701,0.909537845057881,8.02955704697987,0.25017112645662504,1.12821397849462,14.9473064516129,2.0460133333333297,11.4433823529412,6.505887797350317,27.190703655474195,26.390516802568474,17.08182448891124,2.4386888529943493,639.783896622248,23.804002557881176,222.1028000349179,624.0373972104862,1033.09839614667,24.605801445432007
861,0.11408361422202899,6.40745882352941,5.5171945945946,7.41041,0.653060090702948,5.81835838150289,0.243583976395824,1.15710733262487,0.512515388373229,4.61702714932127,0.234865559509688,1.1430078125,15.110926470588199,1.52429640718563,6.746742514970061,9.239071826283334,16.29436285564617,13.267750762767875,12.271224084494335,2.43860622498814,489.0555021120236,23.859002976678312,233.1750059965998,549.8952057678252,891.443298314698,22.075301967561245
862,0.12707298999629502,6.34154358974359,5.54984210526316,7.400372262773719,0.6150749400479619,4.679988,0.35125995868987897,1.15376775648253,0.509104845814978,3.44837919463087,0.343426942694269,1.13878201368524,13.9383472222222,1.4724867132867099,5.05999523809524,6.584123289109608,16.49622895656264,10.473860605595227,9.774033672602279,2.4371614724578468,245.38030265830457,58.61820245627314,198.44200287479907,438.2165032438934,1186.5245003718883,21.344699780456722
863,0.303068914956012,9.538471074380169,5.45511351351351,9.62144537815126,0.923010593220339,8.33518548387097,0.24050203818923002,1.1812936416185,1.05194586614173,9.411796874999999,0.23323674911660802,1.16506580645161,16.7343870967742,2.06682411067194,12.440224489795899,9.204008909576286,16.446781657606184,272.22290343606915,17.25911019690427,2.4627501882411,575.1916120061651,60.060902615077794,304.7290985705331,745.8203996066004,513.8458014698699,25.534702581353486
864,1.2927786259542,12.9058510638298,5.5022588832487305,14.5004625,1.15285517970402,5.955210526315789,1.18425025746653,5.91351445086705,1.1942042007001201,4.67932727272727,1.2019601406799498,4.679627530364369,11.9398958333333,2.22615748031496,6.58330722891566,5.305329832730066,16.40573150390231,9.772108364994743,15.889999575658052,10.532213978829196,407.21650584600866,125.23140758275987,125.24940248113126,388.52139841765165,413.8087009778246,52.565199439413846
865,0.10490995837986,6.50614917127072,5.50855502392345,7.43504794520548,0.566001043296818,4.66223076923077,0.2864755355726,1.1439062832800901,0.448422828972317,3.4516320754717,0.268309976556395,1.11956184971098,11.3341333333333,1.406552,5.26073423423423,5.194055573846499,13.612351983814698,10.495745485068003,9.76410804617527,2.421492583239601,272.6030012127012,54.003699915483594,140.73739585001022,357.6327027985826,786.1695979954675,19.35889886226505
866,0.102518378324534,6.47213483146067,5.48828502415459,8.08365467625899,0.8361097472924189,7.00393,0.30654184397163103,1.1400000000000001,0.832796197718631,6.94052380952381,0.294397695262484,1.13161069518717,16.6705652173913,1.8455536,9.345694214876032,9.253275687540214,21.79493363368453,23.932464647525627,14.78556514572038,2.447860814474275,522.3396990913898,24.72430351190269,245.1877051498741,559.9382042419165,982.5433022342621,23.372299619950354
867,0.11899517404250899,6.34127272727273,5.52217948717949,9.4195867768595,0.6860219999999999,5.67536633663366,0.299402567394095,1.1374815595363499,0.823496919917864,6.81212,0.29493241416599103,1.13790762124711,13.6607215189873,1.79591362763916,9.485387387387389,10.796497659642117,16.28688525361468,271.9240751111291,12.293759050499462,2.462499303746058,481.42970190383494,79.89819860085845,195.85829868447036,682.9049030784518,1457.2132000466809,21.346198627725244
868,1.1789965437788,12.909978021977999,6.80594545454545,12.714797752809,1.17392923076923,5.79972222222222,1.14407577268195,5.76806989247312,1.06500092421442,4.63585407725322,1.03959018036072,4.58190909090909,11.977949494949499,2.05594425087108,6.65853703703704,5.302984900938734,16.458493768766118,13.189991941686625,13.224396165965041,13.088164761418753,374.1390974028036,108.97359752561897,112.40080348215997,380.4488020250574,1176.8252938054502,49.04770175926387
869,0.102608920554363,6.5045621301775105,5.499869109947641,8.80628571428571,0.649261756373938,5.89039285714286,0.249952236213634,1.15490162162162,0.531159858799798,4.7265967078189295,0.236057671381937,1.13214466019417,10.2035490196078,1.4670697050938302,6.64976397515528,7.833945497546732,16.3721154115168,271.3420257267623,248.3692627441858,2.4408793622235967,454.73109057638794,58.3385000936687,178.80270024761558,509.1556959087029,937.6010013511404,21.269801072776318
870,1.3303857634902398,12.890373626373599,6.64775324675325,6.61917341040462,1.30013631406761,5.67505,1.32365130759651,5.79632402234637,1.34857718120805,4.555848484848481,1.3968812572759,4.61635887096774,9.43361739130435,2.21782045454545,6.43467682926829,5.297917291491879,13.51995046902632,9.752129285190197,16.033531588717906,10.512075107202522,314.292692928575,112.19630541745573,127.35170894302429,259.2976001324132,674.95729890652,77.66910130158067
871,0.293037391564463,9.78669642857143,5.52602941176471,11.0761176470588,0.748003494060098,6.82096470588235,0.25517229511723,1.16493451720311,1.10683585313175,9.03041732283465,0.23616412685337698,1.1437971491228098,18.9764736842105,2.00057804459691,11.7960705882353,12.045359506157018,273.9271642565797,47.835793515435896,12.228761220933414,2.4464068508801287,540.5560019426048,83.45480600837618,309.7876062383875,707.9357048496604,1134.909302345477,27.603699709288776
872,1.34788829787234,17.8575737704918,6.77905263157895,6.7606643835616405,1.5346325925925899,5.8944251497005995,1.44380928481807,5.85173988439306,1.29874310776942,4.7295990990991,1.30111251580278,4.711299180327869,9.44359504132231,2.32122745901639,6.66861,5.359910401995476,10.845067716259463,9.810629160245322,18.6142600050589,10.512636414618,305.1916020922363,108.12200489453971,118.55829507112503,272.6830978645012,535.7502057449892,78.77750031184405
873,0.106490218103529,6.48392222222222,5.50777419354839,7.41326282051282,0.6470707517372081,4.83891701244813,0.341289368770764,1.1525352822580601,0.620268474215843,4.74215637860082,0.323477118119975,1.15126725838264,13.7795714285714,1.54196101949025,6.52574011299435,5.2100962331246645,16.429878824997825,18.708974069208566,9.939129757560254,2.47229622684204,386.6859944537282,50.35150097683072,189.513000077568,373.7194027053192,559.9073047051206,20.109297474846244
874,0.119685748686515,6.3365478723404305,5.4936935483871006,8.878819672131149,0.49263864853728895,4.74078571428571,0.20393300852618798,1.16981086519115,0.36494450298559905,3.50179872204473,0.187173961218837,1.15662662662663,12.4931142857143,1.35550833333333,5.1400833333333305,3.874728257489199,13.603759702264108,10.538034119212151,9.906895769922293,2.4493003478664455,327.21699972171336,58.71980683878064,148.40550138615072,505.8665032265708,730.8628963073716,22.201001411303878
875,0.118459578804348,6.53051685393258,5.50170588235294,8.16565217391304,0.907041304347826,8.24440425531915,0.24463339382940102,1.1430248508946301,0.869125317527519,8.17626056338028,0.244020477095208,1.13166343355965,19.0478166666667,1.96768228105906,11.061476190476201,5.210514861324489,21.711183830366014,276.48973177377275,17.14504372428236,2.4289195293894053,689.2541947308928,81.2814017990604,249.48589561972767,664.7778995102271,1188.9132001670077,27.400199905969203
876,1.56382930756844,12.867095238095201,6.81384105960265,6.806732919254659,1.39397358943577,5.94243016759776,1.42522521419829,5.94208982035928,1.2611083423618599,4.6836592920354,1.2624889624724098,4.7209262672811105,9.45455963302752,2.21752749490835,6.58827777777778,5.271513995769732,13.770346150972626,9.848980255844355,10.65385753158183,10.49343258400988,307.02639487572014,113.55519818607718,126.49749987758696,274.10979964770377,410.2856939425692,110.81239790655673
877,0.12034951216499899,6.50628235294118,5.4565165876777195,10.3762524271845,0.779398923904689,7.25007638888889,0.267963347317289,1.1697602150537598,0.6624736164736159,5.97416847826087,0.25637664783427505,1.15951119894598,13.9112891566265,1.66707142857143,8.1077380952381,5.211341386480335,16.27018333932547,272.82866130236965,14.743233496971031,2.439139886163979,411.6546013392508,56.24298646580428,279.6254033455625,443.6343995621428,657.6977029908448,24.046999169513583
878,0.864515513126492,9.811345794392519,6.727358823529411,6.76022666666667,1.17018493150685,5.91637948717949,1.19361538461538,5.91027040816327,1.39595673076923,4.73662962962963,1.4041449086161901,4.7212149122807,9.40846428571429,2.34971599045346,6.52337078651685,5.2909885053041545,13.721423257899202,9.785966201215706,13.303766001891836,10.557893174769388,299.6883005835116,99.7663039015606,113.47410327289253,270.9820953896269,729.4184964848682,61.03829946368933
879,0.10082490921582099,6.58614024390244,5.59592934782609,8.9388203125,0.598470041322314,5.75254787234043,0.246945792026999,1.144596,0.48156409048067894,4.52347257383966,0.217863892239646,1.1358886414253901,12.7140941176471,1.4157843137254902,6.57180701754386,9.271840437171608,13.49110155328311,15.834966360418665,14.73878384158179,2.444051736346039,371.056905714795,25.078700855374336,164.55040022265166,301.4856018126011,645.0188055168837,18.064698087982833
880,1.286712,12.9013033707865,6.4311546961326,6.439125,1.30694831460674,5.829012195121949,1.353375975039,5.81302,1.3672252681764,4.68745081967213,1.3585829015544,4.70942523364486,9.37101769911505,2.2686202247191,6.7151045751634,5.298878791950781,13.759871013282105,9.800174797622402,10.561261936850556,10.48298256551193,308.1226983340457,103.52459503337741,117.45520459953696,250.09489327203482,674.9608990503475,68.45449970569462
881,0.11983232459089899,6.3384465408805,5.48780213903743,6.13765079365079,0.45735904684975803,4.70251417004049,0.153810118866199,1.16148894062864,0.432466306156406,4.67712244897959,0.14284868249413002,1.16453575482406,13.8862602739726,1.31651165371809,6.63152,5.202729307665226,13.64622709546693,13.240697973636319,9.840738031059233,2.438704464789915,332.6847043354064,26.247597998008132,121.5489988680929,434.02549636084586,1105.1440931623802,18.84860103018582
882,1.7534864433811799,13.1858072289157,6.8078940397351,6.81629142857143,1.35161586121437,6.98992810457516,1.34779728059333,6.97264900662252,1.2888156424581,4.664753036437251,1.3032576142132,4.66777777777778,11.6225555555556,2.2626666666666697,6.55481045751634,5.350747963759026,19.183712358292123,9.741740553798566,18.589030397839867,10.457839513702126,317.74910748936236,111.91610246896744,121.43720523454249,272.20250049140304,956.1459999531507,59.9193008383736
883,0.120852290762882,6.4710952380952405,5.51464021164021,8.68971186440678,0.597746180963572,5.873867403314921,0.221156006832416,1.1736603098927298,0.489150142993327,4.70774885844749,0.205418422060513,1.1517725024727998,17.6861230769231,1.44222636484687,6.62211688311688,6.502092342266698,16.499972367567796,13.27341345582435,248.26870809345343,2.4767268390801997,586.9151966180652,81.66799962054938,200.1201966777444,688.7670024298131,1645.6132929306477,24.404501891694963
884,0.09825577589526381,6.44755063291139,5.02688292682927,7.80514074074074,0.568564586357039,4.73388429752066,0.345887504210172,1.17687665198238,0.459861334405145,3.50841337386018,0.270777180864671,1.16247931382442,15.1172987012987,1.43877641653905,5.29920725388601,7.820155091772438,13.416101989243153,10.547170662014713,9.81463820748184,2.44307736879153,269.4484923267737,54.83599961735308,135.22070075850934,368.46889997832477,426.226801937446,19.374597468413413
885,0.892813880126183,9.51739837398374,6.76254320987654,6.77562,1.43478863936592,5.89487878787879,1.52352610966057,5.86784239130435,1.3552863795110601,4.690246575342471,1.35929308005427,4.68427102803738,9.35155263157895,2.37421896162528,6.31824683544304,5.312507464781647,10.916583979660162,9.741644052743004,13.330539582958268,10.410428296275459,292.4617030657828,109.89959992002696,122.0644946442917,266.1796985194087,676.5608995920047,68.27529869042337
886,1.2388036585365898,13.245951219512198,6.776727272727269,6.76315882352941,1.5451934032983499,5.86316666666667,1.465608,5.85660301507538,1.37212244897959,4.5831040000000005,1.38728423475259,4.57561023622047,9.51977049180328,2.3157900990098996,6.58561235955056,5.290191434739623,19.260519357390532,9.745066861307883,13.355104376179925,10.43170734125049,293.49069809541106,112.92619456071407,123.7344928085804,271.3577006943524,404.5968991704285,67.11669848300517
887,1.2457768187422902,13.115644444444401,5.573197802197799,14.4034507042254,1.23124574468085,5.93321134020619,1.26534640522876,5.90210810810811,1.06434107708553,4.64504016064257,1.08586429872495,4.63864372469636,15.827681159420301,2.1372681564245797,6.33910810810811,5.313508764603261,13.536734179654442,13.233896564182702,18.611742145713333,13.105105512465212,406.4772976562381,165.91969470027834,169.2910969723016,398.44960265327245,846.4610989904031,56.56670255120844
888,0.158934330198859,6.47329444444444,5.5021380952381005,8.7041452991453,0.398018476621418,3.36542222222222,0.233962867568148,1.11897276688453,0.289077071290944,2.23963676148797,0.227469002695418,1.1141525773195902,15.052919999999999,1.27380133928571,3.7146175438596503,6.537623447713737,10.794981796799794,7.268633859535822,7.328795897219463,2.424286262368766,268.20829370990396,54.965700837783515,130.21969352848828,383.0221976386383,657.1322999661788,18.43710197135806
889,0.10282304038004801,6.44728323699422,5.53281775700935,9.4932380952381,0.5276001029336079,3.36931746031746,0.345806940700809,1.12866887417219,0.427541403785489,2.2188935361216697,0.332302359033372,1.1066948118006101,11.445603960396001,1.4044631197097899,3.8609589552238806,6.488816574942845,10.750041516216607,7.223449895539953,7.240793084972934,2.422527962546478,209.7404038067907,55.36099779419601,128.0799973756075,394.6400014683604,669.5412041153759,15.122699551284313
890,0.10286423305160901,6.340714285714291,5.111040178571431,9.06774774774775,0.527462548638132,4.47116818181818,0.24322830725462302,1.1408865638766499,0.515439911308204,4.5334280155642,0.229669584690554,1.13436748768473,13.9054050632911,1.44002657004831,6.71425,7.801954656896315,13.5082267970639,15.696589802728127,9.717690252263456,2.424412039465831,326.2617945438251,61.41840131022037,238.47190313972533,431.76740291528404,926.9772010156885,20.052699255757034
891,1.42751054852321,12.9145063291139,6.79635714285714,6.79437748344371,1.39036082474227,5.93736082474227,1.39969704749679,5.95655882352941,1.48857101865136,4.64810300429185,1.3980234806629799,4.6726204081632705,9.496805555555559,2.34741616161616,6.62855128205128,5.266920646410783,16.4839488459825,9.773908840761338,10.643485518204107,10.46911816044395,298.6355044413358,104.51930284034461,107.28939669206738,256.75240030977875,397.242495091632,53.551499149762094
892,0.126047016898494,6.5027045454545505,5.52457297297297,8.852351145038169,0.48440866728797805,4.60110671936759,0.21499836333878902,1.1281127071823198,0.37554890921885997,3.43251315789474,0.208403987785163,1.11439478764479,13.8301445783133,1.3584037037037,5.26787567567568,6.567705191071802,16.304110744055013,10.501521608200747,9.813865287792748,2.438318849590963,444.62809746619314,52.739292732439935,189.629101078026,446.2047072593123,532.6512909960002,19.376599811948836
893,0.12245090329436799,9.36752459016393,5.57038095238095,8.135150375939851,0.53639872486513,4.68085140562249,0.258133973710819,1.1445568743818,0.424226019417476,3.4851130136986304,0.25059186637618,1.1500200400801601,15.068308823529401,1.3784027093596098,5.3623297872340405,6.577853536062385,13.511779537750186,10.589810938243271,9.8524455589291,2.446184733916346,281.53339808341116,24.692804436199367,165.20469507668167,355.8147989679128,1018.0592042161152,19.79669905267656
894,1.15383180026281,13.0554831460674,8.12028358208955,13.942551282051301,1.08585714285714,5.81639037433155,1.09790607210626,5.8522613636363605,1.1622475780408998,4.6905707762557105,1.1470489021956098,4.70184738955823,12.0185773195876,2.2838309859154897,6.65321229050279,5.2847858633531315,10.941220216568375,9.838948543175304,15.973069021902703,10.54542633733344,344.751394004561,129.92429547011852,143.63660593517125,323.44240171369165,1095.1560048852116,51.72280070837587
895,0.254249005964215,9.78931932773109,5.235942583732061,11.7682048192771,1.10650333651096,8.40149122807018,0.261231458437033,1.17645585215606,1.1628714953271,9.36420512820513,0.253116892725031,1.15947850055127,16.368760563380302,2.13335991820041,12.4784252873563,13.354150507073703,41.21122097692031,278.73286521559254,12.327875124982272,2.462832068187362,701.25229540281,79.25120007712394,407.38009847700596,842.6555985352024,1560.8486020937562,22.88089890498668
896,1.5184289693593298,13.1698571428571,6.64724705882353,6.8583875,1.24861307609861,5.691927777777781,1.30689351851852,5.642980487804881,1.19500118764846,4.58458666666667,1.21769938016529,4.5943153846153795,9.454009900990101,2.24053088803089,6.7265849056603795,5.3418894208609595,10.901560562280974,9.752544088244482,10.670297255991716,10.426333589559306,310.5562034761533,103.12790400348604,111.96989507880062,256.231302046217,551.3373966095969,77.74870027787983
897,0.09856619999999999,6.45578106508876,5.460159574468079,6.8184150943396205,0.466302232854864,3.4561335504886,0.284484619140625,1.13964413518887,0.35577082658022696,2.2628555304740403,0.27590049988098103,1.13329008438819,12.589222222222201,1.30748,3.76422641509434,6.605364493664962,10.827381740073431,7.310135355842985,7.337670740971529,2.44678608174691,207.68789981957525,61.79870397318154,122.8760025696829,247.53769976086915,474.23299110960215,16.188499284908175
898,0.104790322580645,6.50563095238095,5.4932672811059895,9.70675,0.37898229435632597,3.41611988304094,0.205434805938115,1.13064577397911,0.267340630701069,2.2463188118811903,0.18703859210291202,1.1156894679696001,13.8679850746269,1.2484404371584699,3.89359649122807,6.506717949554978,10.787513615953577,7.260606286232877,7.272047788979536,2.425456618567205,223.23349548969418,58.765598805621266,146.73079713247716,331.62969921249896,1254.4651981443167,18.190298578701913
899,1.1866838407494098,13.2505243902439,7.46897278911565,7.4567701863354,1.10134674922601,5.841065,1.09337595419847,5.86768571428571,1.1105014464802299,4.68947136563877,1.1352891046386202,4.67688584474886,9.41868292682927,2.28416565656566,6.76382894736842,5.298190967855758,16.319803058914825,9.781781796652668,13.234652987715954,10.466930738929522,298.2111007440835,112.94360156171024,118.36029880214483,269.5219998713583,944.8150987736881,51.13639927003533
900,1.36732677165354,12.901426966292101,6.42313812154696,6.44408875739645,1.51478153446034,5.85374860335196,1.4676135458167299,5.8453853658536605,1.27005745856354,4.6784918699187,1.32185062713797,4.73502764976958,9.42486614173228,2.3174441913439603,6.75654069767442,5.314657157402827,10.896515249646665,9.736517554949366,18.640554954133748,10.520453152746656,328.6001970991492,100.34750157501549,108.5688010789454,261.76020328421146,479.1590996319428,256.1178000178188
901,0.12334788231490501,6.4535,5.51522459893048,8.106250000000001,0.7629644381223329,7.04303048780488,0.24014539813857297,1.17496567505721,0.623217603911981,5.7142183908046,0.221338702749141,1.16222908366534,15.2999864864865,1.6975527488855902,7.966419117647059,6.533333008868641,27.53691811698479,21.295564968519916,14.841656724346908,2.475959207829861,339.2522019566968,60.39199943188578,194.51490079518408,550.7079011294991,854.1802933905274,22.349398932419717
902,1.36472639225182,9.79159663865546,6.65808695652174,6.7248266666666705,1.47737723785166,5.76387709497207,1.50393116883117,5.64772375690608,1.3667057142857102,4.6208389830508505,1.36861163734777,4.56152608695652,9.233695652173909,2.33293512304251,6.57659146341463,5.341680263611418,13.778747204739421,9.760235402592249,18.717898881439215,10.468662483425557,318.5328998370096,108.4836054360494,114.93440833874047,265.0178998010233,346.21580271050334,101.9062998238951
903,0.09891672828096121,6.34347777777778,5.51757894736842,8.9424,0.5792199052132699,4.59606060606061,0.30228663919952903,1.16578234704112,0.469249590163934,3.45887868852459,0.29334470019892,1.16055657142857,12.7372716049383,1.43433196721311,5.2253282051282,5.196569683135803,13.518107088545971,10.499568924099163,9.787986656742078,2.436788521771328,269.1066969418898,55.92669767793268,195.39839995559305,383.7261057924479,994.1171098034828,18.372901831753552
904,0.406390536723164,12.742952941176501,5.20086160714286,8.76390598290598,1.43570941336971,11.537880952381,0.26967529039070803,1.14086333333333,1.4614587039390101,10.4736909090909,0.256209867452135,1.1280456754130201,21.394962962963,2.3366286353467602,14.3312716049383,13.422206178186805,24.48843360018496,273.2911934819521,22.189262249905504,2.4412852412651396,843.6929958406836,75.45800472144037,296.8636923469603,746.3329966412857,1718.4209980769083,29.920999077148736
905,0.275782090309488,9.685942148760331,6.18934146341463,9.69928225806452,0.970923076923077,8.252512000000001,0.306518637704478,1.15989545454545,0.731222222222222,5.81832777777778,0.303192839951865,1.14319428571429,20.1365581395349,1.73646140939597,8.15104225352113,11.950848302568575,19.141474884936816,15.877072878793022,82.27358375511673,2.4687402230762543,474.68600096181035,77.08169869147241,304.92840451188385,750.1778018195182,957.5656935339794,24.586901417933404
906,0.117269340974212,6.508573684210529,5.46819680851064,8.25584285714286,0.652367495451789,5.73439361702128,0.260763904400268,1.13316279069767,0.539396698349175,4.525004,0.25190470723306496,1.10976871401152,15.1295352112676,1.4708640776699,6.71775155279503,6.49711359994039,16.18599273058919,15.85427516140443,246.47159002249856,2.4294289157737246,283.58299750834703,60.7002031756565,166.22389666736126,361.6195928771049,526.5222978778183,22.149999858811498
907,1.2894860646599802,13.139452380952399,7.09742953020134,7.21670629370629,1.3536393442623,5.75640099009901,1.38251312649165,5.730261363636361,1.39172183588317,4.627425702811251,1.47219596541787,4.60457456140351,11.6880918367347,2.2135632653061204,6.45796276595745,5.381297564873571,16.424662081585794,9.708161518040576,13.220511614017978,10.485140244953119,322.6713975891471,108.47709781955928,123.37630614638327,344.73270061425865,916.5574098005891,53.10529959388077
908,1.262,13.247265060241,9.07834426229508,12.2818817204301,1.09535744680851,6.96967567567568,1.1230425764192098,6.968635135135139,1.01692055610725,4.64568421052632,1.00908688097307,4.66224886877828,11.805034482758598,1.95315274949084,6.50749444444444,5.305643742956232,13.64728405888718,9.780186297353323,13.201946325386293,10.52728290119138,408.68810028769076,125.45260542538017,139.12560243625194,336.70790144242346,1077.8677999041975,51.178099238313735
909,0.104097001279941,6.5151190476190495,5.51179523809524,9.388846846846851,0.7395541044776119,5.9299779005524895,0.329165179856115,1.17005142231947,0.692731937879811,5.8176201923076905,0.31677541564459,1.1532272727272699,13.8120759493671,1.68195128939828,7.94666197183099,7.8773784633779105,16.445681462585082,18.711138140340505,12.368218063271765,2.463711957565171,410.8080000150949,57.607702910900116,176.19180434849113,430.45179918408394,842.9084031376988,22.415700368583202
910,1.31364260768335,13.2609634146341,6.79742352941176,6.74915131578947,0.9481916279069771,5.89664766839378,0.936,5.87054857142857,1.20376808721506,4.62626576576577,1.19331297709924,4.62406220095694,9.46604,2.17191038696538,6.73887037037037,5.274976756384657,13.506459031807035,9.785594362370762,10.655164296641699,10.533187528417836,310.22669572848827,111.7792067816481,119.61600102949888,269.60109535139054,478.09459501877427,66.2414007820189
911,1.10856972972973,13.2522150537634,6.78618072289157,12.2401428571429,1.33660023041475,5.9712731958762895,1.32507323232323,5.9793743315508,1.25687432286024,4.64167727272727,1.24064912280702,4.62671363636364,11.8023908045977,2.24503246753247,6.31955421686747,5.272426338903374,49.67511162574828,13.322788393310523,247.57870196942125,13.231338831074076,411.7718985071406,158.51980133447796,166.38980014249682,331.7934984806925,491.547299316153,51.99899896979332
912,1.4438217687074801,18.1491166666667,6.75654838709677,6.77728571428571,1.13961037527594,5.89684,1.1688904109589,5.88,1.1713036117381501,4.7598537735849,1.1714979508196701,4.725453333333331,9.428654867256641,2.25162641509434,6.7453875,5.3765395149171225,16.54633506949311,9.838307314689725,13.4234753774503,10.511686006457502,326.56780385877937,109.55710022244602,116.07680353336036,257.3607984231785,422.5866956403479,62.158802757039666
913,1.33337272727273,12.90925,6.77837748344371,6.83342,1.22973557692308,5.94595081967213,1.27727250308261,5.96891256830601,1.28746878680801,4.69017551020408,1.3115614035087702,4.6990807174887905,9.46834482758621,2.33380482897384,6.60151612903226,5.2952919932322375,16.414685860914716,9.813887033685564,10.635137108540455,10.564136697800661,294.34069874696434,105.06910039111972,114.12599415052682,272.81510119792074,470.43790109455585,81.41450234688818
914,1.48017223650386,12.8910444444444,6.74372781065089,6.78396052631579,1.25350803858521,5.71596629213483,1.22708950617284,5.8724260355029605,1.3123124300112,4.63793181818182,1.29217567567568,4.51693670886076,9.36047863247863,2.20966088631985,6.45096195652174,5.301442942858687,16.38827523748628,9.788081336985927,10.609872687857656,10.531596843943433,326.26680040266365,112.42189793847501,121.45170185249299,267.04489428084344,426.10139353200793,207.79100013896823
915,1.25524542124542,12.8888387096774,6.44401886792453,11.7458764044944,1.27001373283396,5.7874656084656095,1.30108858057631,5.71756179775281,1.34021189591078,4.65130275229358,1.28103100775194,4.65237551020408,14.5162432432432,2.2904111776447102,6.61417964071856,5.31695000831188,13.632686066247695,9.8168405240452,13.225083872305959,10.411061825000887,492.8784008370712,185.70969114080071,203.42589996289462,394.55029473174363,635.4509008815512,56.87850061804056
916,1.42451540616247,12.8942588235294,7.771431818181821,7.780590000000001,1.31592307692308,5.91982183908046,1.31482188295165,5.90070854271357,1.37956737588652,4.64617937219731,1.46766120906801,4.62504263565891,9.47517886178862,2.31294797687861,6.6823921568627505,5.323880039464779,16.44809517714449,9.837445930347045,13.306982856309483,10.535309317596722,357.4723959900439,138.37429869454354,144.932497642003,333.9580958709121,1043.2065988425165,51.79659929126501
917,1.2807917705735699,9.5270325203252,6.768360248447199,6.74697,1.31382080924855,5.8346067415730305,1.33570093457944,5.6653216080402,1.30020969855832,4.59357647058824,1.33053992848629,4.6279013452914795,9.43249565217391,2.33721193415638,6.65537790697674,5.332683152994042,10.87450705662863,9.796060724257025,10.614522282181582,10.490429415768473,316.94729696027935,108.0608053598553,111.20089911855757,264.0202088514343,474.88489653915167,70.56010072119534
918,1.44663164721141,12.8597340425532,6.781994117647059,6.73944370860927,1.1836446961895,5.78320555555556,1.19250986842105,5.76807344632768,1.24233507306889,4.65536607142857,1.28242054958184,4.63562173913043,11.6994591836735,2.24897703549061,6.63255483870968,5.313431327080298,13.707510402519787,9.744519754554007,10.572634963746708,10.430527380758454,315.18750183749944,107.68779611680657,112.76949662715197,253.20339773315936,487.041799351573,96.56810143496841
919,0.11954823346992999,6.352893491124259,5.73838888888889,10.489136363636401,0.7338761500353861,7.09085185185185,0.229555758313058,1.16087791932059,0.737272727272727,6.98309941520468,0.218769938650307,1.15041368421053,15.0869545454545,1.73478765060241,9.41383035714286,7.957142189464381,24.73872612003895,272.2701043459542,17.33437185050843,2.472753537133287,694.1243977053091,85.89780190959573,266.0989994183183,558.541197096929,1259.0444006491452,24.937599664554
920,0.10492299836601299,6.4877955801105,5.51219270833333,8.26838211382114,0.609172341540073,5.74718644067797,0.20777958067456698,1.14692707292707,0.459260733452594,4.61160810810811,0.19498978805394998,1.1424627363737498,15.1398133333333,1.38629329962073,6.72886928104575,3.8914668420505816,13.598825678900665,15.946831510457718,14.747005314311163,2.440311794561775,340.83520295098424,59.61800052318722,215.88800300378352,320.3949017915875,543.1540048448369,18.847998580895364
921,0.124577442889607,6.46282926829268,5.49902380952381,8.71495454545455,0.932918679549114,8.06537837837838,0.296952155494642,1.14534423076923,0.818191726332538,6.89769,0.282108916323731,1.13984623893805,15.296661971831,1.82119273301738,9.851350427350429,6.520925292951091,19.095760472922745,24.035216510116967,17.18127249917382,2.4447536601165125,513.666300685145,58.255999465472996,225.450997822918,647.638802183792,1092.369298567064,22.133300080895424
922,0.12569964927197402,8.95581395348837,5.508238532110091,7.4343812499999995,0.593366544310435,4.82602510460251,0.30047409733124,1.16410582639715,0.457884701659937,3.6025312499999997,0.29203543199782,1.15396304591265,15.2448484848485,1.45552884615385,5.249374384236449,6.516097326409517,13.830230501339889,10.676670376692735,9.992556493643576,2.472081380001141,269.932797527872,56.215201038867235,166.44710558466613,514.2882990185171,1117.1548016136512,17.415900947526097
923,0.12175292449486,6.53226519337017,5.4863743315508,8.73072180451128,0.52605612244898,4.78577419354839,0.24757992043061097,1.18606646216769,0.42070096463022505,3.5839370629370597,0.238388670166229,1.1692728285078,14.0167160493827,1.36030892143808,5.2786054054054,6.50867273797424,13.630412447949082,10.522890793965738,9.911596087707231,2.470001440784502,496.4225052390247,60.08799828123301,235.69699842482805,640.9975962014869,952.1560976281762,20.753199351020157
924,0.122550757485387,6.33494186046512,5.44080751173709,7.40075524475524,0.720802197802198,5.84289655172414,0.326768512556343,1.15826132771338,0.601081683168317,4.650007812499999,0.318663173216885,1.15318972332016,12.590476744186,1.5476229985443999,6.680662337662341,9.25355691041577,16.300485606321047,13.177299888357709,14.85177546015397,2.4509090844318013,307.16799665242434,53.79210051614791,186.6360049461946,550.7259891601279,1048.8044033991173,18.683698726817966
925,0.129577155824508,6.427869047619049,5.423136842105261,8.115231343283579,0.752401038286827,5.9044848484848504,0.337878326996198,1.15782352941176,0.635378862793572,4.7543046875,0.340950830140485,1.16190206185567,14.977779220779201,1.51285515320334,6.28793081761006,6.477060142870818,16.34400249024143,13.389355733197982,12.367731689491537,2.45046537027873,531.4628971973434,24.120204034261405,173.52619906887412,511.20819698553527,1275.1000933349133,21.42390003427863
926,1.44419213973799,13.1064047619048,6.84780571428571,6.86449707602339,1.2894776119403,5.75571428571428,1.30355837563452,5.848868571428571,1.17798138006572,4.55150697674419,1.20663579604579,4.567183999999999,11.4686896551724,2.10671848013817,6.36167532467532,5.279549648745435,10.823797260309346,9.761372544034234,10.614085179975007,10.411273630321427,305.0287952646613,98.00999541766942,105.76659988146275,264.31630249135196,326.3365011662245,252.6725991629064
927,1.36108401400233,12.8898,6.66817058823529,6.68870588235294,1.07702436738519,5.83002427184466,1.0764678609062202,5.87907142857143,1.16381978021978,4.595088,1.1247218479307,4.60270796460177,9.50135245901639,2.1511132075471697,6.424475308641971,5.3480131869117065,10.941207957620275,9.766050921831537,13.326018389198197,10.491878779058101,310.58169552125037,116.30110675469041,126.07970566023141,267.17060536611825,471.38589434325695,213.722899206914
928,1.0945637898686702,13.1402934782609,5.47415,11.5712277227723,1.34217396313364,5.9658313953488395,1.34706020942408,5.96640697674419,1.26464938271605,4.75388479262673,1.2340878459687101,4.725896396396401,15.6438947368421,2.2718368200836796,6.75165100671141,5.29009013840493,13.639498237359472,9.818062155613811,48.19668733286206,10.52840844919327,419.57890207413584,108.69829857256263,116.53859983198345,467.30519679840654,1171.8596069840714,57.03659844584763
929,0.850596212121212,9.545462809917352,7.10831055900621,6.797521739130439,1.3293624678663198,5.800750000000001,1.3293488372093,5.77879005524862,1.19641530612245,4.60507234042553,1.22151081730769,4.58232,9.35637272727273,2.23148333333333,6.65011176470588,5.280299342979374,16.340373394382826,9.880864152700767,15.973510495950492,10.489236762710684,311.5119063295424,104.59850018378347,108.12760447151959,269.16229689959437,461.35550073813647,113.68239938747138
930,1.09447403846154,9.57174107142857,6.11990395480226,6.126125,1.43195218579235,5.965913265306121,1.40599029126214,5.81824864864865,1.27707692307692,4.62911618257261,1.26701492537313,4.70529032258065,10.2003069306931,2.25593499043977,6.5812044198895,5.296116540666171,16.549338966051206,9.788482248905396,13.442820993065952,10.448296052363307,324.31790023110807,111.19359405711293,115.88820198085159,274.4065976003185,356.8046959117055,257.1724005974829
931,1.0044105545617201,9.82905555555556,6.760156976744191,6.83327218934911,1.21215094339623,5.92340236686391,1.2001570926143,5.870820512820511,1.2296105263157902,4.6430438247012,1.24635644768856,4.67938461538462,9.47542857142857,2.17909090909091,6.72247398843931,5.307571845110707,19.175326099442625,9.787821601301921,18.65638399057795,10.531135604075729,324.5973028242588,115.6351063400507,121.5189986396581,272.7299026446417,576.6329006291926,88.22979871183634
932,0.116242787645661,6.50278106508876,5.56315053763441,11.2716363636364,0.5734551148225471,4.60812598425197,0.286252525252525,1.1537232845894299,0.44463510204081597,3.43813141025641,0.275242600556539,1.12923203883495,15.0595571428571,1.41965323565324,5.32873831775701,7.883090347199338,13.606365513234556,10.566491906544845,9.836468142726575,2.447403364578118,263.0804985528812,58.017997071146965,201.04910363443196,310.6930962530896,582.3484971188009,20.056602079421282
933,0.911131034482759,9.69525225225225,6.79443243243243,6.79816,1.3080837628866,5.92296685082873,1.30195061728395,5.91087179487179,1.37190747782003,4.70787214611872,1.39220634920635,4.6959346938775495,9.44075862068965,2.4165518867924503,6.67346783625731,5.284247327349279,13.664634305889088,9.792003002364012,18.74542464196575,10.466292886089484,331.7207971122116,108.73180290218443,115.9970968728885,276.8676058622077,694.784801453352,98.75700052361935
934,0.152179241168775,6.426788888888891,5.49122905027933,8.92267213114754,0.678329009433962,5.74502475247525,0.283370627572016,1.1552790948275902,0.6433218534752659,5.78482485875706,0.264402531083481,1.13845393258427,14.9196923076923,1.61293274853801,8.287054687500001,10.621507178877856,16.199865632550324,15.818072088186803,12.261266138078529,2.4470462445459327,572.8063057176769,23.869096185080707,168.28369116410613,503.6683985963463,573.4584032325074,23.807198158465326
935,0.146515892420538,6.44417391304348,5.23025,7.18030281690141,0.8575091819699501,7.2449729729729695,0.223853180760279,1.20434602076125,0.791943458251151,7.17958088235294,0.20947005279446598,1.18857788347206,17.6503620689655,1.67334693877551,9.423264,10.656494690642157,16.388940651849012,56.43313076153078,12.343004879286752,2.466728431197334,591.3232045713812,79.66890698298812,301.8743998836726,614.4425016827881,1369.903000886552,27.714698808267713
936,0.116514773333333,6.34672222222222,5.5043269230769205,9.77333035714286,0.621949874686717,4.84887555555556,0.32504051036682596,1.1885408479834498,0.5826891615541919,4.73424796747968,0.299990338164251,1.1679656607700302,12.4684683544304,1.55525534759358,6.66962179487179,5.1912837071936195,19.33622498810214,273.21865841115965,9.938837637701724,2.4730268976597576,467.6850978285074,50.1596019603312,250.35959843080494,703.4131995169446,1272.437602165155,21.787700825370848
937,0.102312312312312,6.49865945945946,5.5514054054054105,8.76031355932203,0.48828138163437207,4.6595387755102,0.220470973963356,1.1805800214822801,0.376196408941004,3.40751612903226,0.20748174897521002,1.1648493771234398,11.4732209302326,1.31367852257182,5.292431818181821,6.523154949307838,13.648117110339005,10.515092364734304,9.860606929829393,2.4702756665574994,263.44349898863584,50.72589265182614,140.67969168536365,427.3682046914473,628.0271045397967,17.05510076135397
938,0.930769230769231,9.755596774193549,6.78050331125828,6.76939597315436,1.2632153284671501,7.01602097902098,1.2497560050568899,7.01358139534884,1.2020590909090898,4.73185774058577,1.22401746724891,4.7134153225806505,9.37117431192661,2.1494401709401703,6.4682797619047605,5.293021348847891,10.876130788040747,9.741106654170194,10.54522202569019,10.408744508501911,292.8380941739306,103.32240490242839,115.85270112846047,251.33180024567991,640.5261956388131,65.5912997899577
939,0.858082561078349,25.5115609756098,5.45019251336898,12.1503333333333,0.965683783783784,7.1126068965517195,0.37177432913029396,1.17657806324111,1.66931345565749,13.0489775280899,0.354561643835616,1.1526342451874398,24.096042553191502,2.85446052631579,16.861271428571403,13.274752569826559,24.789551143447042,274.38502957724825,19.717461400045252,2.4530739629528604,699.9887002166361,157.6138980453834,348.95129792857915,761.3936002599075,1360.1595943327993,34.0810016496107
940,0.873414117647059,9.800045045045051,6.77802,6.77399337748344,1.26835396039604,5.88753608247423,1.27958205430933,5.85073913043478,1.16650649350649,4.669048582995949,1.1594520856820698,4.63422666666667,11.768032258064501,2.20122326454034,6.42617777777778,5.2989634458315695,10.889869314430562,9.743995393294263,13.204566223120668,10.53344866689242,316.30270241294056,103.51300588808954,109.82550447806716,258.25560733210295,404.7589987749234,146.85799833387136
941,1.52634693877551,13.2015060240964,6.71778260869565,7.07107236842105,1.18235035750766,5.85280203045685,1.25314637002342,5.81312903225806,1.22933220338983,4.69245887445888,1.3075334796926499,4.6718928571428595,9.53491525423729,2.39016742081448,6.6195875,5.315608215200449,11.011555644067691,9.797832442654737,10.607643212664566,10.47354705872321,302.1334996446967,116.79669260047376,117.49740224331617,264.8335095727816,490.19720463547856,123.94169752951711
942,0.856038888888889,19.8754727272727,6.1766402439024395,11.3455975609756,1.0838085901027101,9.385414062499999,0.25336896807720904,1.15055333998006,1.43829182389937,11.5344141414141,0.240773381294964,1.1250709812108601,22.8737173913044,2.52417584745763,15.218086956521699,16.214923241005312,275.10137814921245,271.3765004835401,175.0049447307922,2.437324030720967,735.3220978984609,109.26150134764612,338.17530202213675,699.889293173328,1027.246002922766,33.42010022606701
943,1.24184415584416,13.142535714285701,8.141746031746031,8.165276119402979,1.29987262569832,5.81225365853659,1.2889334916864599,5.79274576271186,1.31190091264668,4.700725225225231,1.27346908315565,4.7232663934426204,10.6573168316832,2.27889494949495,6.625251396648039,5.285118654868686,10.878452965402886,9.78646068976623,13.263404675436018,10.427718625196796,430.07870262954384,133.20580765139312,145.65849560312927,326.65769977029413,592.5594974542037,56.9633994018659
944,1.22375917431193,13.2518414634146,6.83585,13.1053376623377,1.02323090128755,5.96837688442211,0.950121266968326,5.9291606217616595,1.14497149122807,4.6960204081632595,1.13618918918919,4.70327058823529,15.6293513513514,2.1555121042830496,6.45319101123596,5.3066056664092915,13.647801102757983,9.802420889445088,13.27225549735695,10.589360120702956,392.05740322358906,153.28589943237603,160.94140009954572,314.0816930681467,1199.9175942037255,56.267500622197986
945,1.2942537878787899,16.775228571428602,6.7975568862275395,6.80367307692308,1.18145224395857,5.87922826086957,1.15978199566161,5.94494554455446,1.2795299334811499,4.5997790697674406,1.26617296678121,4.59758823529412,9.45984033613445,2.2611804347826103,6.59757692307692,5.316843268007776,19.22117143239349,9.774770281008442,10.722598309058869,10.49230086653304,316.4372930768877,108.03250188473612,114.1405024100095,277.4712018435821,761.170600890182,62.89829907473177
946,0.100703761619321,6.543994082840239,5.57135576923077,7.67058666666667,0.363782961460446,3.4589865771812103,0.196845660930062,1.14217421259843,0.259295272078501,2.26277753303965,0.19108788676761002,1.12553312302839,11.5401744186047,1.2709645232816,3.87251893939394,7.9194237961720155,10.89252458994908,7.277067556002445,7.345886489127591,2.44809906955409,218.3785050874576,58.01469669677317,122.45970719959587,386.1803008476272,537.0183091145009,16.359600704163313
947,0.126667175572519,6.502291005291,5.47823474178404,8.94502608695652,0.755743462897527,5.72983251231527,0.322543617998163,1.11820123203285,0.626832402234637,4.577007905138339,0.309954182205647,1.10334952481521,13.8731627906977,1.55751895043732,6.68797076023392,7.897801307711438,16.268595317394297,13.09049122925062,12.190298915369945,2.4161231343006304,493.2014911901206,26.34599804878235,155.95749719068408,523.3314965153113,932.3349018814042,21.570699755102396
948,0.108894493717664,6.35614634146342,5.53215104166667,8.092108108108109,0.607368932038835,4.56930555555556,0.315865190046486,1.1539316154608499,0.6034020918070889,4.571926923076919,0.30645902517407597,1.13284355179704,13.873277777777801,1.53527866242038,6.75141176470588,7.877546240460819,13.538666915915568,270.94224066630545,9.799129676273186,2.4537128654539524,386.48020126856863,50.37540104240179,170.31620373018086,436.2967039924115,720.7998947706074,20.170302013866603
949,1.43408812260536,12.9062,6.81721,6.775980000000001,1.31119029374202,5.989535294117649,1.32184926470588,5.984294117647059,1.47654366197183,4.71888532110092,1.45940313390313,4.717880733944949,9.41021138211382,2.56360969387755,6.60190055248619,5.314488663038513,10.860987839961755,9.772223747278359,15.835867069238548,10.579952884081537,314.9438969558105,107.17219847720116,118.51720919366926,267.3287002835423,727.3941941093653,89.9120990652591
950,1.3823333333333299,13.2169887640449,6.80272,6.7637175141242905,1.1254622731614101,5.85463316582915,1.1139669156883698,5.87274157303371,1.20347923681257,4.73104608294931,1.20372194513716,4.65964980544747,9.49644247787611,2.11897740112994,6.4378125,5.284750523614784,10.91427393786861,9.759987869169349,13.387011310204205,10.522059859520722,298.6837032949552,110.13479961548,119.93560183327645,272.10159751120955,477.5953944772482,79.0944992331788
951,1.2649681227862999,16.8025606060606,6.75253,6.75513157894737,1.27144762954796,5.959715,1.26872107186358,5.84330434782609,1.30302290076336,4.72384081632653,1.31386078886311,4.63725974025974,9.41004545454545,2.3337577002053402,6.32623353293413,5.283117669103542,16.442876094311956,9.793974018022242,13.220046711185462,10.525059252378293,305.4511034861207,104.67490064911544,111.2479978473857,267.57540472317487,680.4745964473113,57.215700508095324
952,0.101341547809942,6.50810695187166,5.53026086956522,7.56507042253521,0.826634615384615,7.10965753424658,0.303802841918295,1.1783495440729501,0.734982206405694,5.80368648648649,0.292797115619653,1.14163504464286,13.4701647058824,1.67130363036304,7.76937,5.19922827794073,19.022769402727082,15.849167735327324,17.18236746680616,2.458808437607836,419.24990073312074,58.070398517884314,199.71229485236108,451.98849693406373,667.0887029031292,23.060000967234373
953,0.143260596336409,6.51369696969697,5.533347826086961,8.79967175572519,0.5287973222530009,5.816545454545451,0.172179086941927,1.14435021097046,0.41835686578743203,4.607987394957981,0.159831824234354,1.13691826923077,20.2287627118644,1.35784929757344,6.39372847682119,5.176364716535917,13.503570200864726,13.14815903524751,247.18231883925318,2.440041023057731,502.6006023399532,76.24030113220215,226.78980021737516,683.7682041805238,1259.706896962598,26.81709884200245
954,1.35355274261603,12.908780219780201,6.79967973856209,6.76696923076923,1.17539431818182,5.83048,1.18416057441253,5.81010606060606,1.21972104018913,4.68663596491228,1.28155350978136,4.64449799196787,9.45711111111111,2.22818367346939,6.6247125748503,5.26777403256715,19.0768866188804,9.75125344823157,18.50996457854605,10.416410757930793,302.08500393200666,109.69330323860049,114.37280336394906,277.317498694174,326.9277047365904,69.33019903954118
955,0.135651066112378,6.35082658959538,5.4810162162162195,9.88161386138614,0.39799659400545,3.40350609756098,0.234179818637855,1.11997240618102,0.300932822004761,2.2586357615894,0.224050087108014,1.12676779846659,15.0166764705882,1.23473857142857,3.78750508474576,6.471392818318963,10.769031543506793,7.266382420017493,7.288146426750114,2.4225750604042213,122.1750018885359,25.71709919720888,159.80070165824145,314.71630500163883,1084.0260016266257,16.235202201642096
956,0.893223520249221,9.73776859504132,6.609901840490799,6.686130718954249,1.62678792341679,6.0241999999999996,1.55001060606061,5.91941279069767,1.44889219330855,4.70457207207207,1.40789517241379,4.68053413654619,10.1850892857143,2.29541649484536,6.329598765432101,5.258900081202821,10.914094821220973,9.762274167858983,15.990470659773196,10.382930279184926,334.07791052013636,114.39169757068157,118.5303000966087,269.2711947020143,404.9273004056886,140.74619975872338
957,0.109371725614107,6.338135802469139,5.51249735449735,7.41219047619048,0.448151656920078,3.5170833333333302,0.291812890332251,1.1815752009184801,0.349840330350998,2.33169776876268,0.28484171958964305,1.16096208530806,15.0149102564103,1.37347934918648,3.80240522875817,5.143343383351579,10.758569307413811,7.289518200974475,7.335710366063495,2.4459278077182782,191.05540413875133,60.227594804018736,127.58069788105787,429.4649028452113,791.2583998404443,18.873598310165107
958,1.35654603580563,12.8852808988764,6.45564814814815,6.43349723756906,1.1869520089285701,5.87389175257732,1.23043483412322,5.87247701149425,1.41691791907514,4.72055947136564,1.34622101449275,4.79558130081301,11.616762376237599,2.1510933333333297,6.38785534591195,5.242897867368019,10.750288373496913,9.699975499483001,10.575160425503663,10.385552033552893,297.69359971396625,112.26889619138092,120.7797002280131,276.1889947578311,484.09230075776577,162.5056000193581
959,1.81493841166937,12.877177777777801,6.42359444444444,6.36644720496894,1.36785714285714,5.7853520408163295,1.38821560283688,5.64836666666667,1.23528024691358,4.5429639639639605,1.26761973684211,4.50567555555556,9.32266055045872,2.0711157024793403,6.22778048780488,5.243481284444463,13.618157867409181,9.736172450902641,10.412014545143645,10.386638359854286,308.35370998829603,104.47010572534055,115.38869293872267,261.40859408769757,475.99010285921395,88.85810093488544
960,1.4348766066838001,12.909791208791201,7.9630873015873,13.466118421052599,1.30015273132664,5.73833838383838,1.31018648310388,5.73501123595506,1.19935463258786,4.62166515837104,1.1787426246185102,4.55146188340807,12.9971413043478,2.1706183908046,6.50838235294118,5.235325926767458,21.725074768042337,9.763424481060753,15.801768866905268,10.352022562531396,373.3602992724627,135.30040450859815,144.30209703277797,407.2736017405987,843.9486031420529,60.64600020181388
961,1.59239548022599,13.2478522727273,6.77581,6.801,1.31963729977117,7.035895424836601,1.34932,7.0355974025974,1.2316087936865798,4.6941178861788595,1.21466071428571,4.68259842519685,9.48471544715447,2.18774573055028,6.644554838709681,5.253034566612076,19.11306093566659,9.779077165564892,15.96175410928439,10.406662783221336,305.8198984945193,102.0221010548994,110.03619583789259,270.8553889533505,658.557508722879,85.12839849572629
962,0.648147157190635,9.600126126126131,6.761391566265059,10.5210714285714,1.33173067010309,5.95932105263158,1.31858131487889,5.96604819277109,1.23683333333333,4.68994186046512,1.21289432703003,4.68125311203319,14.5336197183099,2.1977392120075003,6.63218181818182,9.3634114973672,16.314254374602434,9.741649459047187,15.84486307315283,10.390256393184613,404.7730966703966,170.22759711835533,187.5285990536213,448.9294980885461,901.6148978844285,58.05230175610632
963,0.10904398148148099,6.5096091954023,5.47851923076923,8.83749572649573,0.7049179999999999,5.63362371134021,0.277051920529801,1.14061072492552,0.690009821976673,5.66067804878049,0.27105842327545804,1.1268801791713299,13.7186823529412,1.66692124814264,8.15658219178082,10.66591462425596,16.12193703638334,18.32167138093311,12.22305862815741,2.4476893102515604,543.6242034193128,60.80270104575902,204.9514965619892,573.2859979616478,873.9416021853685,24.69409955665469
964,0.920740063593005,9.81699107142857,6.81303333333333,6.80923076923077,1.24038942826321,5.958158469945349,1.20864459161148,5.93648469387755,1.20460775370582,4.7034609053497896,1.2005403508771901,4.68776862745098,11.6415106382979,2.20340308370044,6.72353086419753,5.27597037272467,16.34211083285405,9.784223170483093,13.267480939248237,10.420471265215202,306.0165065107867,104.45239313412458,115.18740211613476,263.7673955177888,476.7593985889107,72.41099956445396
965,1.40328178243775,18.0703880597015,6.77073509933775,6.82219,1.48080379746835,7.03132926829268,1.46101261034048,7.00314,1.22947319587629,4.653926530612241,1.2247612565445,4.63624568965517,9.45381481481481,2.2022558635394502,6.59166853932584,5.290508958738863,10.934218846340814,9.783708983001986,18.56142323003358,10.426694810853675,312.5883056782186,105.17960472498089,114.37430221121758,246.9050930812955,327.44209456723183,145.93939995393157
966,1.3792665847665802,12.8949411764706,6.68011842105263,6.8448,1.12825695216908,5.71501578947368,1.12258009950249,5.68540975609756,1.39995050761421,4.56265158371041,1.3675710843373499,4.65188259109312,9.44844943820225,2.2920197238658804,6.39189071038251,5.256338996000337,19.04753018037225,9.75378760586329,13.184231215501544,10.409340675475319,306.7587997065857,108.87380049098283,114.29430451244116,264.787400374189,761.585304280743,61.98279734235257
967,0.120428481806775,6.524349999999999,5.50049289099526,8.98260909090909,0.479737651444548,3.4620606060606103,0.2798618173258,1.1801951488423401,0.365118980169972,2.32880309734513,0.266552590673575,1.16242671394799,13.935445945945899,1.32405912596401,3.7574049295774596,3.8723717790556647,10.828757909964756,7.301220232471916,7.394550017860264,2.4530403541867436,203.4793986240402,57.494701468385756,128.69309866800904,447.08809873554856,869.1780938534066,19.897898891940713
968,0.12199897854954,6.51558152173913,5.52945410628019,8.877640000000001,0.6814384564204921,5.81879,0.282650801479655,1.1476967126193,0.670907917888563,5.74683615819209,0.266716014897579,1.14017553793884,13.7816428571429,1.6335278911564601,7.85553246753247,6.480989654042514,16.0977227280333,15.742728736094696,12.272226195048855,2.4466210490831957,483.5946921957657,59.50980412308127,252.69760517403483,545.9053034428507,589.9568001041189,21.13610098604113
969,0.865367940199336,9.5516036036036,8.7685625,8.73462393162393,1.18692269573835,5.80578571428571,1.16339755351682,5.79341798941799,1.18647374562427,4.53434309623431,1.22186446104589,4.640264,9.483528,2.27612056737589,6.47264285714286,5.262458772740027,16.278694670039638,9.796291536934396,13.179150172002,10.408410541709868,365.0207014288753,104.20879989396781,112.32440010644495,333.67800060659647,1013.3153031347321,51.02010036353022
970,1.4004740651387202,12.9299325842697,6.68622068965517,6.75622784810127,1.17217293997965,5.78902222222222,1.14136215177714,5.835256684491981,1.38022953020134,4.63820077220077,1.36964806378132,4.61212669683258,13.2821704545455,2.28702074688797,6.33582716049383,5.243911018565692,13.656753278468363,9.817467430092687,23.726815712141075,10.381843695849147,308.58439567964524,153.91659981105477,165.860602282919,281.24099771957844,723.6278033815324,57.197699788957834
971,0.144089203052671,6.3479880952381,5.50798952879581,10.3660816326531,0.7256910669975191,6.6690807453416205,0.228995225780784,1.09731781376518,0.726867,6.80559322033898,0.212656062796943,1.07038948497854,16.193652173913,1.69651807228916,9.40637272727273,5.189957321692745,21.462342269793226,269.9525320779833,14.562260124280947,2.407213083937955,625.5330052226782,23.68799760006368,190.6624936964363,667.780899675563,1588.2097999565303,22.63859787490219
972,0.14418527375708,6.51355483870968,5.41902830188679,9.390008849557521,0.602263129973475,4.62172566371681,0.29843812709030104,1.14493649085038,0.602983436853002,4.60356221198157,0.289335931606739,1.14342644135189,16.1812857142857,1.49168829516539,6.57569142857143,6.445372765426985,16.15228952934169,270.22696006031777,246.05327304171266,2.405338123524974,497.72840284276754,54.70139440149069,241.10680096782744,389.16470075491816,551.5650031156838,21.502698655240238
973,0.11445557636288001,6.476134615384621,5.50235175879397,9.08083035714286,0.474275519848771,4.50998062015504,0.202632439889633,1.11401339712919,0.459618702136235,4.4734767441860495,0.187258620689655,1.09258110687023,15.230720588235299,1.41845275590551,6.83474698795181,6.522392221201156,13.340647186778618,18.286668997940744,9.731585970624067,2.4153463084672344,508.1754003185779,56.7511044209823,218.95550598856062,558.9880049228668,843.298711697571,23.445597616955638
974,0.123658375171155,6.47001587301587,5.44025510204082,8.868838461538461,0.9919119922630559,7.23729333333333,0.37835325877362097,1.16477813852814,0.925074,7.12414935064935,0.361172402804334,1.15084431709647,15.432324324324302,1.9458460207612498,9.587834862385321,6.489161738892049,35.987944394252565,271.47739781904664,14.83979194271055,2.454033819560756,659.3232916202396,49.44620013702661,306.702105444856,805.2493969444185,1038.6407055193558,24.287900305353105
975,0.14074275023386298,6.3566043956044,5.51201015228426,10.3950963855422,0.42428911319394397,3.41945637583893,0.234087759288808,1.1364866962306,0.30300881316098704,2.26680131004367,0.22095894843275998,1.12662406015038,14.0468313253012,1.27873803827751,3.8569774436090203,3.880875359148833,13.632395693331334,7.261750499096928,7.2550481504319855,2.420022542502344,395.1403981773183,23.208200582303107,185.96879090182483,484.26050052512437,964.8814011598006,20.69589972961694
976,0.10612925800144099,6.55633333333333,5.559762376237621,8.228266187050359,0.596216090768437,4.76450230414747,0.323588936430318,1.19283887733888,0.488049692380502,3.5147690058479504,0.305454598370198,1.1885025853154099,12.565524390243901,1.4406141439206002,5.104194092827,6.4954100865899695,13.57981275874073,10.540583349725189,9.865574168275103,2.464514713663601,265.83418948575854,56.25289923045784,216.54250449500978,496.08329427428544,1029.5735963154584,20.261199097149074
977,0.0873882193176031,6.37243902439024,5.48353926701571,10.6156428571429,0.611294967880086,4.6331572052401695,0.337342751429532,1.15433553355336,0.507044530912235,3.47255844155844,0.32651541307028403,1.1260088582677201,11.4853448275862,1.42825581395349,5.123375,7.837579106178495,13.539485136185752,10.456219611272278,9.77488476085693,2.430341525852447,271.94929716642946,55.75490358751267,144.1997999791056,441.0573950735852,577.1588970674202,17.597497208043933
978,0.110213960977458,6.50344303797468,5.53032474226804,8.12408,0.477937370385732,4.61714027149321,0.208328873621407,1.15535465116279,0.461323631624674,4.55869124423963,0.189370253750695,1.1379731343283601,13.6779411764706,1.4358599717114602,6.6611942857142905,5.193523164620446,16.15230505536001,13.101483768839897,9.769663867276925,2.456426784137395,281.55500476714224,58.50510497111827,124.00089763104917,364.9864986073226,449.860401568003,19.312999211251736
979,1.64542611190818,13.198555555555599,6.6908580246913605,6.7740253164557,1.37444025157233,5.85745197740113,1.4042370637785802,5.85765957446809,1.3727828863346099,4.716602459016389,1.44230998702983,4.721027522935779,9.444500000000001,2.24066821345708,6.424880503144649,5.239279380926599,16.543363026413953,9.789159857280442,10.56939238166563,10.3746219278372,303.15210460685194,102.14119392912835,105.85060517769307,256.09589647501707,554.0034064324573,54.660000023432076
980,0.111062554019015,6.51145856353591,5.16137373737374,8.508999999999999,0.739422,5.88170769230769,0.313183404864092,1.17741717791411,0.6955267692307691,5.73656684491979,0.302705039652085,1.14513828571429,15.2247794117647,1.62323128342246,7.923890625,10.7278585758452,16.40198794355702,15.91737825414183,12.356576818183179,2.4652575026483774,527.3154965834692,57.9879037104547,232.58990549948066,493.0666967993602,1161.3223992753774,23.4283012105152
981,0.128913465783664,6.34489940828402,5.50779581151832,8.08613492063492,0.910784232365145,8.13995238095238,0.31675855513308,1.15959980713597,0.799380112834979,6.939864864864861,0.301398135818908,1.15728305582762,14.8951323529412,1.6509111747851,9.022768000000001,3.874992620274276,21.63827776391403,21.11877227256063,32.031052212433266,2.4492467481776288,496.3043058523909,59.361502644605935,220.08019732311368,492.95030185021454,649.0951025625691,24.11050081718713
982,0.11531252105558701,6.47680327868852,5.5060526315789495,9.0191652173913,0.668261827608555,5.79571348314607,0.286015551715626,1.14014869109948,0.5486042895442359,4.5891875,0.266581297609666,1.1102149901380698,12.3021397849462,1.4568262032085602,6.327740963855421,6.534138472411991,16.13433308619429,13.103213374586137,247.78969878923562,2.4472847101097694,395.5591033445671,59.763898025266826,222.0816968474537,473.86969963554293,1366.7080027516931,20.326898084022105
983,0.860469437652812,9.713133928571429,6.715298701298701,6.78055279503106,0.917938181818182,5.645586206896549,0.921772727272727,5.71548314606742,1.18531818181818,4.58680081300813,1.18409090909091,4.65226446280992,9.37725862068965,2.22672813688213,6.51464670658683,5.2855102763389405,13.641284927758486,9.791934322629055,13.281143707418432,10.534411678137547,298.5101949889213,108.06350328493863,114.04889810364693,270.2699974179268,408.27399934642017,69.7391020366922
984,0.123244657246292,6.49980555555556,5.487716346153849,8.00248611111111,0.7666023316062179,7.01765333333333,0.254523915958874,1.1759464668094202,0.742349422161795,6.94459,0.249135703918723,1.1492982107355898,17.330525423728798,1.7569522998296399,9.272688,6.524896673972208,24.628856502998683,18.54274387017583,20.217635511291782,2.4542232474314924,477.72759571671486,55.540999164804816,191.19390344712883,548.3001965330914,1071.9349986175075,24.842299171723425
985,0.0976499146757679,6.50646202531646,5.50197905759162,8.70754347826087,0.797740796393689,7.04257718120805,0.300378851174935,1.14250107991361,0.673733908427339,5.75696517412935,0.28332619614062904,1.1264953656024699,11.348115789473699,1.70816282894737,7.8537205882353005,5.232012580065583,16.246660658663288,18.373701452798596,12.182235612959424,2.4255924445047254,452.9699916020036,54.01170637924224,199.50938876718283,481.57300625462085,1049.3185021914542,21.937501151114702
986,1.10939577329491,13.2365365853659,6.10829378531073,10.5427227722772,1.3234976958525302,5.87636021505376,1.27261757425743,5.849650273224039,1.31253167701863,4.662088000000001,1.32758809801634,4.649532,13.067079545454499,2.2821633109619697,6.6278843537415,5.284904830007655,16.319548707096722,9.75278422470308,13.079330337562995,10.387269086590784,420.76900135725737,127.98029638361186,136.82240387424827,318.28160281293094,415.9543925197795,56.52309919241816
987,0.10869505411145901,6.49792024539877,5.50921153846154,8.904007812500002,0.47810275470048097,4.61740239043825,0.186580674238327,1.14180729760547,0.359781985996181,3.401959375,0.17351401446654602,1.1268397104446701,12.7470113636364,1.30266889632107,5.28825742574257,7.812948089218672,16.240576368651784,10.497623511361716,9.745969603277706,2.4216914450728284,268.4204053366557,57.28690593969077,187.20989464782178,472.36479294952005,577.8037972049788,20.013097673654556
988,0.12407469342251899,6.36590963855422,5.04009405940594,9.84629357798165,0.701577,5.62933333333333,0.282487906181285,1.10627233115468,0.816391553328561,6.9746730769230805,0.266333778727953,1.1066911090742402,13.5607710843373,1.71373431734317,9.12769827586207,5.171503661065185,16.05341298559816,23.793123950723412,12.055193123828005,2.3976021100600193,481.82640166487545,52.741903346031904,186.43280491232872,614.8102984298021,988.6946092592552,20.723699708469212
989,0.09977587406505481,6.42533888888889,5.49390566037736,7.99465734265734,0.42633698630137,3.46165495207668,0.248360852472584,1.13239026812314,0.31399217527386497,2.2311951754385997,0.236721001757469,1.10720261437908,13.438460526315799,1.2911732558139501,3.67432600732601,3.86568322468618,10.67092711149329,7.267287972420105,7.316804507171074,2.4395542601041873,240.88170030154288,56.884606601670384,144.01609951164573,320.24860265664756,835.93369636219,16.199599485844374
990,1.28746599496222,15.266444444444401,7.53589051094891,7.39325362318841,1.16353179190751,5.960781725888331,1.09632579650565,5.884046153846151,1.08396825396825,4.570324324324321,1.0921404561824701,4.66447967479675,9.48449504950495,2.1270153550863697,6.34043209876543,5.238329458669032,16.348464804433355,9.777709289888378,15.74390683813573,10.483271794323633,316.5566944517195,110.49769818782806,117.2747026430443,276.72380674630404,614.1549994936213,51.35130195412785
991,0.155188191881919,6.57821348314607,5.5514183673469395,7.736857142857141,0.674547402597403,5.97147395833333,0.30663183444047004,1.1900171624714,0.796869438366156,7.4938,0.288110665998998,1.16757063403782,13.883038961038999,1.8447959183673501,9.64692307692308,11.899182026549356,16.212166705162847,37.246684707978766,12.326150621271173,2.459503136084509,557.3703034315258,55.139404139481485,241.34010600391775,563.9803945086896,1050.465099979192,24.076300906017423
992,1.3791192893401,12.864755555555599,5.89228648648649,5.811494382022469,1.16804480874317,5.7942427184466005,1.2225058411215,5.73025683060109,1.36634698795181,4.5443373015873,1.30491604938272,4.66448305084746,9.45463025210084,2.2421126436781598,6.747175,5.270628562835022,10.823755925746665,9.720591848933235,10.52643208714182,10.2832371652914,314.4894988508895,104.61730416864157,113.02829661872238,270.6767030758783,400.9228985523805,121.81690253783017
993,0.0878769345981029,6.35328723404255,5.47960106382979,8.67284955752212,0.5962257142857139,4.68969444444444,0.355486947441699,1.1880725893824502,0.515335564480143,3.52291025641026,0.34897383055283,1.17656636155606,11.4604158415842,1.4723458856345901,5.08632300884956,5.175388819366986,13.555138699378464,10.529860740657789,9.910963108015261,2.463717254592084,272.3249024711549,55.397197138518095,190.09660463780165,383.77950550056994,1070.944598177448,19.36129992827773
994,1.21951735015773,12.8407777777778,6.75051315789474,6.79746153846154,1.24282511737089,5.8445202020202,1.2494477124182999,6.13831578947369,1.13049940262843,4.61663983050847,1.11493637226971,4.72127981651376,11.740147727272701,2.18366260162602,6.65964739884393,5.234868758492339,13.66029735238284,9.7869865231794,18.40499992079321,10.38533434941599,310.76289888005704,108.83169597946107,124.0942016011104,276.54360164888203,408.36970147211105,256.1118977610022
995,0.118472498570612,6.511308571428571,5.46204864864865,9.313486238532109,0.5852386193096549,4.68244921875,0.29855033557047,1.1629085778781,0.5865290322580641,4.61577130044843,0.284851144010767,1.13833757338552,14.0557647058824,1.57300589970501,6.76511875,6.524397652742362,13.45541187592848,13.156563157880797,9.797022813171623,2.4260443569413375,328.3979051047936,49.712599138729274,162.4835014808923,361.497001722455,786.3850041758269,19.34180036187172
996,0.111147052495697,6.52057471264368,5.51071717171717,7.45490972222222,0.421928341096381,3.44315076923077,0.256337476547842,1.1371556383970198,0.314626182483979,2.26273069306931,0.246628721124077,1.1211191162343899,12.360987804878,1.29673341375151,3.85634432234432,6.499876010220698,10.713278513469822,7.239919436161562,7.285922086779878,2.4299184814894565,306.21170590166,53.127107094042,186.6916019935161,329.3553018011153,1049.8598974663764,17.555200611241162
997,0.10968753907064,6.50996721311475,5.48682887700535,6.76531125827815,0.67246335078534,5.91775141242938,0.274909114052953,1.1884813559321998,0.667668224299065,5.89731770833333,0.259359587317564,1.16380148619958,15.0039375,1.55008099688474,7.921561538461541,6.490241055710928,16.21694776459444,18.625398428070362,12.352722401409713,2.4434411017169455,333.1940941279754,61.14420248195528,224.28630327340215,495.10000390000647,1365.0676002725959,20.136599778197706
998,1.29670975609756,12.8926071428571,6.64780813953488,6.9627466666666695,1.21474125132556,5.78636923076923,1.2132744510978,5.7346906077348105,1.30071774193548,4.64539754098361,1.31864893617021,4.5480669642857094,9.31445045045045,2.2228995215311,6.49688333333333,5.256979799779107,10.819079174232769,9.764631947615465,13.093293671577596,10.48329177678647,317.92761001270264,109.82170060742646,111.3747974159196,263.2226940477267,485.14130467083305,69.8399991961196
999,0.10430595443231899,6.34274683544304,5.50256796116505,8.03323943661972,0.65049072296865,5.8295714285714295,0.263785274562916,1.17431256281407,0.529209677419355,4.58916438356164,0.254363728727457,1.13343277310924,12.384906976744201,1.4345880758807599,6.56209411764706,5.147544680141748,16.371972967619644,15.701947033988539,14.738744475779114,2.437284341078817,496.3706072885543,53.573897457681596,233.27289964072406,710.0325979990885,780.5209927028045,21.639300393871963
1000,0.0985996550402453,19.4953818181818,5.18903167420814,8.33904,0.894645215918713,13.520717647058799,0.49895274831243996,3.34133962264151,0.8181386001386,13.593717647058801,0.499734315789474,3.37787074829932,38.3532962962963,3.84996103896104,19.21662,23.497357399479103,48.57159035483622,47.23002249804912,29.47489728360733,7.353371420994855,267.0803980436176,67.10200104862452,154.3044054415077,605.0891039194539,1026.0464972816408,53.217599634081125
1001,0.10096968380820001,19.5209322033898,5.5899781420765,7.43166666666667,1.02947052947053,17.0460724637681,0.541899722735675,3.30165706051873,0.9811282271944919,17.0615147058824,0.561959232613909,3.35715193370166,38.2693928571429,3.9906548042704597,24.2995348837209,11.672047481674461,48.351438430292234,55.35561614889316,36.66555278159199,7.334600980531346,503.480902989395,58.97790542803705,186.53990409802645,709.8510046489537,1324.868100346066,53.945500985719264
1002,0.102228059701493,19.510203389830497,5.54797959183673,7.268340277777781,1.01984004024145,16.8577,0.513307728119181,3.3408192419825102,0.860707130730051,13.4941710526316,0.551585483870968,3.36556291390728,41.2066785714286,3.7653074433656997,19.1326271186441,19.71274127314794,48.82791218681105,39.382977368599896,44.3410671503587,7.337489287042774,430.5585956899449,64.35610412154347,223.31970685627311,571.0747092962265,1620.0033976929262,51.44499882590026
1003,2.8620136239782,29.8239722222222,6.83004026845638,6.8074882352941195,2.19073430962343,16.9645147058824,2.13032720588235,17.0585666666667,2.4772264957264998,13.626340909090901,2.54052278177458,13.8018108108108,28.437923076923102,4.72132644628099,18.8193333333333,15.861275741905041,82.0057417564518,30.71783437858613,39.37634071569269,31.73174395714751,332.3565993923694,140.80459950491786,145.91630024369806,364.1407995019108,1723.3366990694776,175.49390031490475
1004,3.7165,29.3822162162162,7.47929710144927,7.49231,2.14217032967033,20.5221754385965,2.22668162393162,20.482313725490197,2.15971008403361,13.6524252873563,2.12141897233202,13.513118421052601,28.296317073170698,4.63170952380952,18.7549636363636,15.928951481992963,40.49587616247062,31.60261053322197,47.507429714957524,31.448621020237184,318.172195693478,112.26979549974203,125.75369619298725,341.29030245821923,421.64099868386984,142.21939782146364
1005,0.10249023918396101,19.471309090909102,5.54826923076923,10.5145288461538,1.12127329192547,21.8790816326531,0.477258241758242,3.40648823529412,0.943722120658135,17.1035,0.48069224283305195,3.3913597359736,46.2551304347826,4.02918118466899,24.2283863636364,11.92469695494641,49.08825064797794,47.023866966268,29.514485746298586,7.336877423226854,360.3861026931554,25.841104798018932,227.5096019729972,623.1090024812147,2075.639396207407,65.96739985980093
1006,4.16361678832117,39.1914333333333,6.83723287671233,6.75369032258064,2.7671626666666698,16.9124,2.90542480211082,17.0712571428571,2.59898630136986,13.578701492537299,2.59405869074492,13.6893125,35.8663333333333,5.20162666666667,19.5624590163934,15.999387576219961,32.575511765056305,29.71799813115066,31.474445760661578,31.614516952697368,332.41009805351496,127.52209149766713,139.28290863987058,345.38540057837963,946.9081967836246,358.84969984181225
1007,0.12453591096833401,19.8595593220339,5.56811214953271,8.07264285714286,0.951319505736981,17.193014492753598,0.432806280741582,3.4243812316715503,0.9438998357963869,17.195116666666703,0.42853595255745,3.4510540540540497,46.74656,3.86754982817869,24.2045208333333,23.557752738009025,56.83574389378034,805.4323140084705,36.92809106994596,7.372619786614343,445.3970002941787,66.55789620708674,281.8737004417926,776.0070933727548,1186.5789972944185,72.29660113807768
1008,4.34462307692308,39.1638333333333,6.7911523178807895,6.7268012422360295,2.42357482185273,17.3421044776119,2.41745528455285,17.0540895522388,2.35175570776256,13.587988095238101,2.3738056206088998,13.649573333333299,28.364634146341498,4.743737864077669,18.81505,15.947375107815976,32.471100906057586,32.226223912077295,47.31013769196982,31.56765092497988,332.5441968627274,129.68540249858052,141.11490454524755,347.17750386334956,677.3924949811772,401.1821001768112
1009,2.65016997167139,29.699375,6.878139999999999,6.817680473372779,1.7840609137055798,17.3184927536232,1.8149571663920898,17.3246037735849,2.55745454545455,13.8658095238095,2.74121717171717,13.7250128205128,28.5235277777778,4.7717172131147505,19.3569821428571,15.882324382964322,40.6312767936694,31.834095376097554,31.692260551649525,31.80102463582889,327.21910101827234,113.1717988755554,119.22939738724381,329.3288027634844,736.889595282264,215.15580010600388
1010,4.022361111111111,39.4258965517241,8.28252991452991,8.20613571428571,2.47547688564477,17.1462463768116,2.63141318681319,17.093484375,2.37790427698574,13.7007411764706,2.38429531568228,13.655839080459799,28.6256,5.01089908256881,19.7231016949153,15.91475344488407,40.67315071454263,29.488162650567276,71.35500506998221,31.639319009300532,325.9702993091196,129.77709993720055,136.66939630638808,345.8694991422817,1113.66959172301,152.8611988760531
1011,0.116445578565119,19.907449999999997,5.537281081081081,8.80994615384615,0.9598681318681319,20.4170869565217,0.342469781931464,3.36031014492754,0.8470877834674471,16.9716515151515,0.336137908281095,3.35515306122449,44.969695652173904,3.98771102661597,23.7495714285714,15.789240555838234,73.09184170967075,47.232054237846626,59.04125437359222,7.346194788775989,460.7067006872967,64.39379940275103,237.44060308672488,645.2285015257075,1422.4718004697934,60.288599343039095
1012,4.24082845188284,39.48725,6.84480503144654,6.82506,2.35891891891892,17.07,2.35389534883721,17.073,2.3503333333333303,13.6755256410256,2.41817123287671,13.6478214285714,28.7362857142857,5.02624242424242,19.6741632653061,15.911723355242527,40.98488748414448,31.395073501600116,39.67715108120566,31.789870941118366,337.47310226317495,129.63750632479787,135.5005952063948,343.7713981838897,966.2707016104832,145.73090011253953
1013,0.13415180311890798,19.515654545454503,5.428497487437189,10.346099099099101,1.09119812304484,23.7556976744186,0.358065389696169,3.3743853820598,1.03879334916865,20.3289107142857,0.325487826603325,3.35962359550562,53.4934285714286,4.25826359832636,28.9702,27.67055384292533,64.91967559356955,80.34111770706683,58.87377829393109,7.29775906664556,615.7990050269291,90.99439484998584,300.420998246409,718.2272966019809,2178.6791941849515,62.01429932843894
1014,0.0980205,19.9922881355932,5.58041489361702,8.881730434782611,0.763545214521452,13.772273809523801,0.390785586871209,3.44092105263158,0.594739968733715,10.2321071428571,0.379839892364615,3.37171428571429,53.2872727272727,3.64432288401254,15.7672763157895,27.62131802295857,40.72850237183817,31.450421363006008,29.537811773483675,7.357885320493824,441.9450036948547,61.79230404086411,280.370595282875,780.4263033904135,2295.715594664216,72.76999822352082
1015,0.11992522512253499,24.8307446808511,5.56369047619048,9.54789473684211,1.0395472837022102,17.3005362318841,0.56368524251806,3.42377257525084,0.938928,13.820369047619,0.592849691531127,3.39978260869565,42.6543703703704,3.88367441860465,19.5815901639344,15.852578058052002,48.9592659453948,39.569802669497896,37.13031850083797,7.404184622343178,535.6948066037148,62.111899023875594,204.45429836399853,708.9295948389918,2477.661703596823,63.9095000224188
1016,3.30135838150289,29.5500857142857,6.7994235294117695,6.8617099999999995,2.2030406852248396,17.0641176470588,2.13559877800407,17.075621212121202,2.39181123595506,13.6632564102564,2.46835775862069,13.64136,28.4301666666667,5.02689756097561,19.4212258064516,15.867403039400232,40.6590310842338,30.196222031565327,31.508106430727757,31.698498574683406,326.5581006417051,121.47939705755562,132.91390787344426,347.1170028205961,918.967099278234,293.908198364079
1017,0.134489648413573,19.5311886792453,5.57555675675676,10.9852065217391,1.0145283018867899,17.2817586206897,0.480823772183244,3.4087718750000002,1.0107293497363798,17.08015,0.47960581905141497,3.39329209621993,49.3990869565217,3.88557638888889,23.296048780487798,31.698630527471984,48.802261819808635,95.4256069271124,37.03647733919426,7.378137540749503,681.8611000198871,59.47990284767002,223.4570012660697,862.6414986792952,1289.9700028356165,73.9722017897293
1018,4.43737826086957,39.9781290322581,6.75894230769231,6.8307880794702,2.16785928705441,17.1966764705882,2.17227967806841,17.020671874999998,2.3340511247443803,13.7277272727273,2.41708578431373,13.6524705882353,28.5761891891892,4.82232067510548,19.4838846153846,15.7919742770683,32.4411467051518,30.85360903817681,39.53988603291346,31.63696103485991,327.7158015407622,106.12860205583274,113.68569685146213,332.0009011076763,757.4663060950115,194.7894023032859
1019,0.123277964035355,19.4685079365079,5.51427619047619,9.7469537037037,0.883728709394205,17.246941176470603,0.353802006688963,3.41630201342282,0.7215069090909091,13.7686705882353,0.367040341880342,3.4126428571428598,42.5393703703704,3.78177704918033,19.851172413793098,19.63597873944038,48.76194279973745,39.38924421275566,36.943072822094756,7.371911128026576,412.1812031371519,61.58650212455541,225.69570282939821,557.7187024755403,1617.6116972928867,49.89889857824892
1020,4.48911666666667,39.1621,6.9042790697674405,6.839813333333329,1.86575694444444,16.801323943662,1.82765535714286,17.090114754098398,2.5893092269326696,13.701626666666701,2.64278078817734,13.7079534883721,28.6903947368421,4.9662,18.8276,15.844557755015499,32.34897257897861,31.503816523633578,31.5130774220627,31.3120624864653,306.4923017518595,117.10030375979841,128.14450019504875,337.06610556691885,852.8501988621429,176.00669816602021
1021,3.15799691358025,29.318731707317102,6.83306832298137,6.79115527950311,2.64237009803922,23.9337021276596,2.6397028423772597,24.0631590909091,2.39826695842451,13.761858974359,2.4469306722689104,13.6857222222222,28.421075,5.27341363636364,20.233709090909098,15.90777416993098,40.588154526771646,31.397097184079392,47.723235221268816,31.463076032105597,318.91660764813423,127.89680331479758,129.30749799124897,329.94689245242625,1010.4611952556296,190.19820028916
1022,0.10275040114102299,19.4648928571429,5.432330188679249,7.28509655172414,0.695133514986376,10.0861621621622,0.48420170212766,3.34305352112676,0.586369324473976,6.79090789473684,0.472893504197967,3.32544186046512,38.6768,3.54305555555556,11.553940594059402,19.534562541374402,32.61403502946222,22.101206727048442,22.161069382074615,7.329336952566539,210.9496999764815,65.5912037473172,194.15799470152706,402.9756964882836,1454.1192969772965,43.98869932629168
1023,0.122750207272297,19.4749642857143,5.46031351351351,9.743186915887849,1.0462965641953,20.3334285714286,0.407616320125539,3.44237463126844,1.00916468253968,20.3488571428571,0.40755327166838,3.45545857988166,48.587291666666694,3.92574285714286,27.0304285714286,27.559339398486657,64.98238202928358,55.46525639923183,36.8574677588797,7.364286007946421,573.9573069149628,95.72119452059269,284.4535047188401,1001.3401973992587,1590.9325011307374,72.00560066848993
1024,0.13804480081456003,25.0518409090909,5.54220634920635,8.656414634146339,0.861141796585004,16.9225211267606,0.381375276752768,3.40345484949833,0.698678100263852,13.494144736842099,0.333721535045988,3.35480655737705,45.99036,3.7117448979591803,19.8974915254237,27.736827622084082,65.28842091976365,39.36273290152285,36.61406820050124,7.345226331233669,521.4013974182308,66.66360422968864,303.4526976989582,698.8231994910166,1921.813198714517,57.84800159744918
1025,0.13008574610245,19.4706349206349,5.44912903225807,8.653880000000001,1.02631910766246,17.004477611940302,0.5219245027124769,3.3435730994151998,1.01893612774451,16.7526774193548,0.5190813953488369,3.4024839650145804,46.424,3.78836885245902,23.3904347826087,28.12723334095486,56.78042801417877,47.16174115863884,36.87258996259685,7.360048209692522,468.54840184096247,24.58060043863952,220.9982048952952,556.2642007134855,1849.7598968679085,64.14740055333823
1026,3.0195760000000003,29.3058048780488,6.7815900621118,6.71053086419753,2.41632718894009,17.2488666666667,2.4068414376321403,17.0279818181818,2.2918310139165,13.832530120481898,2.30944646924829,13.8671976744186,24.947875,4.85929661016949,19.7409787234043,15.792246850484409,40.58480922799261,30.38923908569173,47.35048018833337,31.716832864255363,340.76489391736686,129.31920355185866,142.33390684239566,351.30670585203916,618.2504032040015,250.76449965126812
1027,4.8653820754717,39.7878148148148,6.85894267515923,6.85560571428571,2.37203225806452,21.454489361702098,2.35731755424063,20.8805090909091,2.3623083333333303,13.672157303370799,2.4105611814345997,13.6491232876712,35.042,4.73543171806167,18.578648148148098,15.889175238444855,40.84610517702467,30.562671015063025,39.30016878176944,31.31968941583082,332.67490507569164,130.8687962591648,135.47640410251915,342.0399938477203,1174.8597957193851,156.56339819543064
1028,0.12041667530851399,19.8008,5.59817204301075,8.956081967213109,1.08421518987342,16.982802816901398,0.590692649235323,3.41066206896552,0.9359540000000001,13.6477558139535,0.5902885973763871,3.36000583090379,49.7210476190476,3.9120896551724096,19.325611111111098,23.600521179605117,57.01246132457333,40.19483115028898,36.70075962164151,7.346708184279172,518.2772962143645,97.33180340845138,217.8105991333723,885.9298977768049,2591.7405990185216,67.4672017339617
1029,0.133129478538489,19.542272727272703,5.564435406698561,8.78214166666667,0.754047,16.9275,0.259690144413479,3.36318768328446,0.599634396355353,13.515475,0.24281624972326799,3.36412078651685,46.5167142857143,3.62321885521885,19.7534705882353,15.700485152882175,56.63162056630072,39.53881235828951,36.79327858638024,7.327017108145108,523.5926946625113,68.81369918119162,221.52930032461882,624.4153046282008,713.565995101817,64.03049919754267
1030,0.106523383833631,19.4717407407407,5.55121844660194,8.215271999999999,0.9371125760649089,16.878333333333302,0.463182622068435,3.32826384364821,0.77829897718332,13.529773809523801,0.465673903788846,3.35033550488599,46.726086956521705,3.7634401294498403,19.7069642857143,11.78728027424976,64.54916738864702,39.27188979307112,36.702607767988404,7.344456153499366,547.8110950207338,58.57339419890195,229.0542994160205,851.6095025697723,1499.5072007877752,61.62550125736743
1031,0.146995435016112,19.9223333333333,6.19939459459459,11.3059714285714,1.22214603174603,24.085863636363598,0.419604141776185,3.38884641638225,1.41269359331476,27.176,0.412800708940528,3.41322781065089,61.454941176470605,4.35483018867925,35.836800000000004,31.5823191942392,48.499014388329904,801.4234478629683,36.75574505623247,7.346644295649916,730.1648933207616,119.50339539907873,374.4249959709123,772.4729017354548,829.5548905152828,84.93500063195825
1032,4.057259385665531,40.142793103448305,6.62633333333333,6.59939772727273,3.09756598240469,20.49768,2.9460401234567897,20.4004680851064,2.6338940092165903,13.7693513513514,2.7808964705882397,14.89216,28.214394736842102,4.7271488372093,18.7752950819672,15.960133625434473,40.739577677218485,30.435100963857046,31.76953392244177,31.448458433563324,334.798899712041,114.12990279495716,127.04769615083931,327.50359969213605,759.2471898533404,317.7122998749837
1033,2.18624081632653,29.696891891891898,5.5445462962963,13.9938,2.398079002079,17.1610447761194,2.38993598233996,17.189333333333302,2.2103859315589403,13.8050114942529,2.27363346613546,13.8751518987342,54.13885,4.8733333333333295,19.688032786885202,15.895808423541107,73.40120396082676,32.02854394402388,174.3303224448057,31.820011521779815,500.9815009543672,148.97080254741013,156.59360215067863,508.52099957410246,1098.7159970682114,150.90669912751764
1034,0.102011447046487,19.5262909090909,5.47077725118483,10.2675050505051,0.838957055214724,17.0384915254237,0.34767957866122995,3.41883859649123,0.694836177474403,13.543189873417699,0.352927566083076,3.3947609329446102,35.0144074074074,3.71716828478964,19.949109090909097,19.65267617161456,48.98667533304445,39.37362272855878,36.90315909807486,7.410012055017687,625.6662891246378,71.37329375836998,297.3602997371927,819.6712995413691,1476.9342902582139,48.92249999102205
1035,0.11550623742454699,19.4687049180328,5.5806904761904805,7.47502777777778,0.6789524647887321,13.498564705882401,0.34437840531561503,3.39723367697595,0.544336193841494,10.210780952381,0.340777989216619,3.38624369747899,42.822481481481496,3.6345981012658197,15.2830933333333,11.896813356819074,40.49769988194234,31.590365844602232,29.3645933689137,7.347614136922287,452.4712945567444,60.9502982115373,231.1561955139041,486.1187975620851,1749.1244012489915,64.41730074584484
1036,0.149166149469873,19.5029090909091,5.55931318681319,8.773282442748089,0.9989081726354451,17.0281641791045,0.440113801452784,3.4049169435215902,0.9440963541666669,16.9942786885246,0.447924640135478,3.3975551948051903,47.064954545454505,3.94781081081081,24.466475,23.61285776711669,114.1205753521135,805.8546125358507,37.04064683233266,7.3943535609325135,673.6707000527531,61.000598361715674,263.01940088160336,709.395098965615,1071.3995987316594,67.43799895048141
1037,0.08894112392398891,19.7326,6.18529787234043,9.62708474576271,0.78082641509434,17.044718749999998,0.29571741902575904,3.40562459546926,0.6280205962059621,13.66255,0.293610660486674,3.38644837758112,57.0463333333333,3.78965957446809,19.9942222222222,23.750137271006423,48.72933906824465,39.495356813262106,743.7978181741827,7.388752808847702,511.3932042149827,92.90020389016718,269.02469398919493,779.5011042617261,1622.8488006163388,68.09780024923384
1038,1.12779625984252,90.39366666666669,6.14256382978723,10.370198198198201,1.83105366726297,34.2074,0.29595868214960797,3.42354666666667,2.49340227272727,44.740333333333304,0.286582243460765,3.43621764705882,61.429333333333304,5.3222647058823505,58.165299999999995,55.773919152850524,80.85158939999863,810.5468589898254,66.43469223994799,7.355037295267381,854.9696940463036,115.34930090419948,398.6625000834465,1102.8591950889677,1236.9883013889194,87.59000047575682
1039,4.326649402390441,39.1952857142857,6.92168263473054,6.7686026490066205,2.36891152263374,17.038967213114802,2.37060307017544,17.0249841269841,2.64612211981567,13.7703924050633,2.70474004683841,13.666295454545502,28.637225,5.16536563876652,19.6051481481481,15.834155263991327,56.89503401994481,31.228384666434135,31.61756875059168,31.63432646612259,320.40120277088135,136.56009687110782,142.62240147218108,332.0077958051115,1402.6865916093811,184.23430155962706
1040,4.07240677966102,39.981068965517196,6.8460691823899396,6.84720805369128,2.74381105990783,17.086044776119397,2.72067136150235,17.1714791666667,2.57736591478697,13.6242352941176,2.66156341463415,14.487426829268301,28.6430714285714,4.94957786885246,18.7535483870968,15.885165024768906,32.89970864539432,30.991131916128037,31.418389687955408,31.527768611464186,319.99779457692057,108.69349935092032,113.53889713063836,324.19999479316175,802.5631977943704,402.89339958690107
1041,0.140215369790412,19.4886181818182,5.54407070707071,7.5476619718309905,1.1339318181818199,20.5024827586207,0.436183042789223,3.42239882697947,1.1135183246073301,20.446538461538502,0.425937238493724,3.40741867469879,57.3854705882353,4.09752482269504,28.3946944444444,19.627752291362324,805.4579699207275,141.89068876604236,737.3325968876145,7.335662385700645,817.0949993655086,64.1979044303298,376.14200555253774,847.2196030197665,626.6487005632371,74.05350042972714
1042,3.1457021857923504,29.4230263157895,6.81253142857143,6.81234013605442,2.65002517162471,17.2110882352941,2.70580303030303,17.2300294117647,2.5378568329718,13.817583333333301,2.56291370558376,13.6435476190476,28.3615833333333,4.91524894514768,19.437833333333298,15.915602547822287,40.77678040856793,29.670291479336573,47.70833301883497,31.468805771412093,325.561998761259,112.7010997151956,120.40100118611008,336.3971976796165,654.281405149959,312.2423018794507
1043,4.18667391304348,39.235821428571406,6.83095945945946,6.7621779141104295,2.55674157303371,17.1566610169492,2.56069017632242,17.0240882352941,2.45008018867925,13.649103896103899,2.4137146282973596,13.588190476190501,28.573457142857098,5.06401801801802,19.4849491525424,15.90351033319101,57.24391853219464,31.520356315063527,39.60074096797127,31.559791791852494,351.6049007885158,128.80949943792075,133.17858974914998,345.6042002653703,1734.6225067740306,189.95389982592314
1044,0.118179515980803,24.4432916666667,5.52026395939086,8.22894482758621,0.810139,13.810371794871799,0.471283461018477,3.4202328358209,0.668169240669241,10.3398695652174,0.456429255550718,3.42768789808917,50.2777083333333,3.64094339622641,15.373864864864899,19.7619250184577,40.60582571985802,31.90683817833173,29.60786631771736,7.3989055593660735,352.87739883642644,24.897200637497008,183.77950473222882,629.0181976510212,2200.174404424615,49.867399502545595
1045,2.8986844783715,30.0506285714286,6.83036,6.75798,2.4028896247240596,17.2406825396825,2.45177398720682,17.0259558823529,2.7872033492823,13.8319277108434,2.80293264248705,13.876666666666699,28.6776944444444,5.0429712918660305,19.565468085106403,15.957101508218166,32.87269978509602,31.366964208971627,31.785003661460923,31.70965880492424,326.1537989601493,120.44860050082207,139.4221995724365,341.61320072598755,433.8452039519325,551.6176024684682
1046,4.325991836734691,39.2063333333333,6.83795,6.823370000000001,2.71209512761021,17.34545,2.64384965831435,17.3466515151515,2.5033956521739102,13.8592588235294,2.56261670761671,13.7881621621622,35.4218064516129,4.9690145631068,19.4716,15.996704023400508,41.25984384754983,29.64621130261168,39.97178151587671,31.790729818279058,334.54619988333434,117.67600080929697,120.64310139976442,336.54920116532594,1110.530600999482,212.032298441045
1047,3.00297375328084,30.107000000000003,6.27444252873563,6.15656906077348,2.64257369614512,20.4988909090909,2.55142156862745,20.5336981132075,2.5122838427947602,13.9494189189189,2.5251054945054903,13.8460487804878,35.94590625,4.98919796954315,19.863224137931,16.06608432608224,32.740941169766344,29.690410268421065,47.66160130566068,31.81550097368539,321.3442018022761,129.3922046897933,142.76430010795593,367.2646009363234,450.50659973639995,612.399002420716
1048,0.118487315333673,19.4957333333333,5.52096585365854,10.3166071428571,0.960849736379613,17.2048448275862,0.45651559714795,3.45278614457831,0.946100082034455,17.136343749999998,0.43085014899957397,3.42274850299401,53.815450000000006,4.01605490196078,24.27094,19.81711890838562,49.374030281833996,812.8913666682547,37.0820185127862,7.418527827252214,562.2030002996325,63.00440581981093,265.5738964676857,621.9824019353837,1756.6468071890995,71.61380199249834
1049,0.097558608370194,19.5149833333333,5.53628571428571,7.42020863309353,1.13875578947368,17.0944117647059,0.659760409993594,3.35717101449275,0.9731152296535049,13.5891153846154,0.651942101950913,3.3837719298245603,42.1310384615385,3.8475016722407998,19.7649230769231,11.841854583458632,49.10882166770243,39.81594779220864,44.33584914451971,7.394329092495076,326.70109649188817,71.14159525372088,210.3370032273233,683.0481986980885,1737.7385986037552,53.25230013113469
1050,0.089154290832112,19.7857457627119,5.59347916666667,10.5790090909091,0.856536057692308,20.6205283018868,0.23773925193465198,3.41710299003322,0.838789970930232,20.322705882352903,0.235716814159292,3.39970666666667,49.9546666666667,3.96210566037736,28.648972222222202,19.76206064737546,57.09467790355512,811.2420765400597,738.0818663301861,7.358286137798224,564.3872020300478,24.293200112879276,258.231203770265,857.6637948863208,2186.7026982363313,71.75810169428587
1051,3.17574309392265,29.2302702702703,6.8579933774834405,6.84178571428571,2.1548719851577,20.8895882352941,2.17551132075472,20.5953137254902,2.33604790419162,13.788607142857101,2.35760434782609,13.7911558441558,28.6385,4.872506550218341,19.3621129032258,15.980271319309766,49.16100724940467,31.35196356255678,47.89781005141151,31.840753660634462,318.1465028319508,122.21900105942042,126.16430176422001,334.09449679311365,1104.8859974835068,190.89250126853585
1052,4.20030685920578,39.2101,6.722278106508879,6.82588666666667,2.05607113821138,17.212116666666702,2.0019586919105,16.8424833333333,2.2227324840764298,13.6922352941176,2.28242406311637,13.5816470588235,31.723972972972998,4.8114487179487195,19.3297096774194,16.063960388355373,40.79403253522733,30.99631118789476,47.95240025749097,31.72411378923622,324.0425081457943,131.48269499652088,144.53539333771914,359.0658016037196,537.7358931582421,441.2765003507957
1053,0.116949904243524,19.4865272727273,5.57937799043062,9.518527272727269,0.810055599060298,17.1136567164179,0.34032245430809405,3.43867434210526,0.668889336016097,13.6367631578947,0.318665461624027,3.3504736842105296,53.961045454545506,3.71101393728223,19.4827627118644,15.81560540312395,40.821232084821574,71.51816941237443,739.5938830154784,7.3520628245235,432.3268018197268,69.62050392758101,252.87310418207196,640.6895932741463,810.309499502182,64.00909915100783
1054,0.0930495290678792,19.466066666666702,5.5532037037037,9.50729090909091,0.9167647527910691,17.101603174603202,0.408373333333333,3.41583142857143,0.7450760000000001,13.5195866666667,0.423182877959927,3.40203311258278,42.6128518518519,3.8355693430656905,20.33158,11.812526147207663,48.98276804522462,816.3720082723241,741.0569450309288,7.367438332170036,567.1696999343112,23.0849051149562,140.11240273248404,626.4829979045317,706.9310027873144,66.03070069104433
1055,4.98958128078818,39.2891481481482,6.55337341772152,6.54507643312102,2.74384415584416,20.9405576923077,2.75543431635389,20.563374999999997,2.8993242574257403,13.7811111111111,2.97795039164491,13.7760963855422,35.2820322580645,5.21000480769231,19.7545490196078,15.975207048726412,41.11957821441036,31.84508376903717,31.98181217713719,31.847367498257345,343.0255950661376,126.48830306716263,135.58799983002245,346.3731030933559,424.8609999194741,609.9666003137827
1056,0.116216016380389,19.478746031746002,5.54389502762431,8.51232231404959,0.803050810014728,13.679480519480501,0.431434088377274,3.40207232704403,0.6291396063960639,10.24106,0.422286067600989,3.36311145510836,46.406913043478305,3.64590189873418,15.954753846153801,19.88524064849197,41.325113907661915,31.92501105827402,29.64344726081057,7.382101040977129,373.24330187402666,62.17279878910631,273.817905690521,836.784893181175,1773.712399881333,60.28609932400286
1057,3.9918730769230795,39.687444444444395,6.88742405063291,6.73262025316456,1.80279767827529,16.9473387096774,1.7456122754491001,16.80675,2.60350507614213,13.765392857142901,2.4452556053811696,13.8055301204819,28.376648648648597,4.832634453781511,19.55385,15.947966282674704,41.0402400705009,32.03876706874901,39.80991473932061,31.897885836603056,343.01200066693127,128.14629590138793,144.78310768026859,345.96549812704325,703.3811038127169,265.5049000168219
1058,0.127747937974266,19.4911935483871,5.56247342995169,8.76148936170213,0.9014964476021311,16.7482647058824,0.438464714714715,3.30935,0.764831444759207,13.4311728395062,0.440973958333333,3.36962427745665,45.769666666666694,3.75150357142857,19.926649122807003,23.910422243487957,48.86121028457102,39.73064395739519,738.7842553687333,7.369379040748131,457.7231011353433,60.78519800212234,204.62959946598858,548.097604769282,1475.1115959370509,57.90150025859475
1059,4.3285078125,54.9488888888889,7.5396619718309905,7.46123308270677,2.80729186602871,17.0097936507937,2.7249797979798,17.1887966101695,2.69839331619537,13.718256097561001,2.64709536082474,13.739789473684201,28.599475,5.32661904761905,19.6056909090909,15.968149260119239,49.38504782732633,31.556295735910087,39.97321195748888,31.785457563494095,325.48730087000877,120.28519704472274,128.9968960918486,417.5361042143777,1982.3139038635416,192.48549942858517
1060,0.365043669494188,30.0256923076923,5.57992857142857,11.2116129032258,1.2675037220843701,23.9161162790698,0.406148677626876,3.38215432098765,1.9292994555353902,34.288294117647105,0.36233145363408503,3.37030592105263,49.8387,4.81194418604651,43.164500000000004,39.9646359406665,74.00377258505114,827.9456282809541,59.177271866605636,7.343729939027868,743.9262000843883,93.9961028052494,383.45349894370884,1045.8015953190625,2697.640293627046,79.15769820101559
1061,0.13556422124508202,19.4783272727273,5.16833333333333,7.13118823529412,1.005654,13.8148313253012,0.6097352779306551,3.4324327868852498,0.8371329941860459,10.3281101694915,0.668299768518519,3.4160925373134297,42.9234,3.81546774193548,15.4673815789474,27.731686163969265,41.050712643010456,31.7784833059859,29.622623761505366,7.395383532591242,397.57949707563967,65.08010264951736,160.72319413069636,528.6311963573098,563.297004555352,46.2062016595155
1062,4.3450617760617805,39.33925,6.81421794871795,6.74993464052288,1.6683955882352899,16.6593661971831,1.64013714285714,16.6836031746032,2.2647353579175697,13.8637831325301,2.19732832618026,13.46744,28.288166666666697,4.60645161290323,19.7717254901961,16.18835732393761,82.31447924308976,31.882509270442135,56.094680906979605,31.84050204767106,325.0279958592728,124.09250193741174,127.00740189757197,337.51690352801234,1029.2704013409093,145.45400044880807
1063,0.15314208874944,19.976067796610202,5.79076923076923,9.79280508474576,0.928316384180791,17.3460338983051,0.392266621893889,3.44597315436242,1.14509756097561,24.032918367346902,0.39577227393617004,3.39645588235294,52.9499090909091,3.9576987951807197,32.4703939393939,27.675353457473516,48.80202060358103,815.8095761259193,44.33529615343629,7.3900412867965315,925.8698031771928,94.79559666942805,359.52980106230825,830.5706083774567,1799.6367008890957,75.57420176453888
1064,4.11448409893993,40.2182692307692,5.22439086294416,11.6816956521739,2.6178629213483102,17.1046714285714,2.5681038374717797,17.1277321428571,2.60484529147982,13.779280487804899,2.61262259615385,13.7389146341463,43.350318181818196,5.19021212121212,19.5477547169811,15.970365195653208,49.135493752415115,31.714984770135416,47.74617552320978,31.646767604546543,355.07180145941675,210.71219816803932,226.46109573543072,425.03019503783435,614.5841005491093,152.82089880201966
1065,4.528919642857139,40.184148148148104,6.4749101123595505,6.42453333333333,2.1797461832061096,17.08265,2.19237858508604,17.1288125,2.347,13.6034534883721,2.54794782608696,13.5954810126582,28.5446578947368,4.73967142857143,19.0460535714286,15.947526443879728,40.981562935386854,31.179458783053825,47.79238838243381,31.75729144357682,310.82010245881975,116.66420323308557,124.7583975782618,348.03820599336177,830.4783055791631,247.8217997122556
1066,4.16565107913669,39.2491,7.187251748251749,6.76139375,2.42826195899772,17.1774029850746,2.34170362903226,17.1184411764706,2.23577949709865,13.5181071428571,2.26869450549451,13.6484318181818,28.414378378378398,4.87377973568282,19.414406779660997,16.062071149331217,32.62884323689727,30.542607403302135,56.31488300603607,31.587077712361186,337.28349953889847,130.4695993894711,136.96009991690516,360.8723054639995,531.1025015544146,493.30169858876616
1067,0.118284021250511,19.6895098039216,5.5849125683060095,9.674525000000001,0.663468362687541,13.7010133333333,0.321803709856035,3.40147663551402,0.515461649089166,10.2603921568627,0.317834691501746,3.38067391304348,43.021416666666696,3.79625167785235,16.0962535211268,19.96000523468624,40.917027157336534,31.820424920599038,29.526754500812565,7.36292034104289,420.46980233862996,59.30829793214798,195.03450021147728,528.3636070089415,1616.9220965821296,47.90379898622632
1068,4.05004887218045,46.0126666666667,6.82867,6.85549056603774,2.5131551724137897,20.818375,2.43588493723849,20.6443958333333,2.55498072289157,13.784933333333301,2.60924234693878,13.6187631578947,28.729894736842102,4.89727659574468,19.6312549019608,15.963100883829906,49.27011913544408,31.3880003881985,40.07120994397939,31.67500969294232,323.9756973925978,128.51200008299202,132.19020038377494,355.4073045961559,1132.5480008963495,312.1233981801197
1069,0.10222044586553,19.8822950819672,5.61799512195122,8.93588695652174,1.40270991432069,27.3825952380952,0.503776894097949,3.42908307692308,1.27699379652605,23.951325,0.49018654580152704,3.41280655737705,46.5674090909091,4.25404961832061,31.6793055555556,11.832980880505938,90.18583450907597,72.00846665382777,74.13079603098979,7.40729140928404,587.0267050340772,72.80340068973601,306.99629860464483,719.6851947810501,1073.1370013672858,61.78559851832688
1070,0.11415515420363301,19.8090727272727,5.54518274111675,9.70849056603774,1.24339361702128,18.453338983050802,0.654190231362468,3.4374089456869004,0.989827089337176,13.800013157894702,0.6804216005204949,3.3659833333333298,52.8644210526316,4.10874113475177,24.131222222222203,15.84699632718031,49.20737596652463,39.708238425323295,36.87820949371045,7.402576365198151,388.82629887666553,66.53799500782043,188.6246056528762,634.9885079544038,874.535201000981,55.90530054178089
1071,0.117693554884189,25.8845238095238,5.576027777777781,8.81179130434783,0.877810949529512,13.750494117647099,0.5153604473818,3.38038235294118,0.852638910505837,13.5416578947368,0.549012311901505,3.2958584615384603,43.0637272727273,3.8250147058823503,20.072779661016998,15.804049157624034,40.88172245635419,47.77687314892786,29.544948611544655,7.347539966796579,446.8483995879069,62.45530094020068,204.17000632733107,816.6371058905497,1193.5983959119767,58.29949805047363
1072,0.224211832439944,19.507483333333298,5.5041886792452805,12.0338085106383,1.60266925465838,27.1239761904762,0.584741841207988,3.39023708206687,1.61582445141066,27.3846486486486,0.578454042081949,3.3844131147541,57.44625,4.44429257641921,36.0455666666667,23.769583168442313,57.742847526604045,816.6399427101885,393.22345418704896,7.369825842834376,778.1365973642096,113.76699549145997,408.9526948519051,1033.2695994293317,1103.598196641542,84.54750059172511
1073,4.32422881355932,40.2216896551724,6.8763698630137,6.82107284768212,2.29889631336406,16.9919558823529,2.3148684210526302,17.153067796610202,2.58084948979592,13.6889066666667,2.65265841584158,13.7033928571429,28.400536585365902,4.95969545454545,19.403017241379303,16.04492246824499,40.989973383873746,29.827298738122074,39.8500112691954,31.90211104891645,337.6910026418045,122.40399664733559,125.66520017571749,342.8676980547607,1132.283199694939,179.57499949261546
1074,4.08239711191336,39.209548387096795,6.81162941176471,6.87422,2.6243043478260897,23.8796530612245,2.5577711111111103,23.993875,2.38385152838428,13.677235294117601,2.39280186480187,13.7023411764706,28.5621388888889,5.034004739336489,19.5071320754717,16.017867588867755,32.706308967970706,31.928162214738634,39.76438817396631,31.862866078882988,316.83738925494254,131.43419928383082,144.00689688045532,348.3362961560488,1506.3219994772226,183.50660102441907
1075,3.05425068870523,29.2901142857143,6.80244230769231,6.86177,2.7146987012987003,16.9354852941176,2.46423728813559,16.982737704918,2.3715,13.7098823529412,2.58561538461538,13.729000000000001,28.292189189189198,4.86613145539906,19.088265625,15.987229571881496,49.46528669081964,30.634988263821715,31.87697299702559,32.00139860171582,315.82940137013793,124.1097954334691,126.0235032532364,348.06269977707416,517.658403259702,291.0481998696923
1076,4.5125873015873,50.0142608695652,6.1835449101796405,6.19192553191489,2.52176790123457,17.4425322580645,2.4741818181818203,17.3158181818182,2.34766885964912,13.781589743589699,2.56823308270677,13.8115432098765,28.7868,4.6725504587156,18.9119130434783,15.905277297429832,49.19928850043701,29.621575268100152,39.979626977783866,31.726612854591096,347.15550718829036,120.1819017296657,126.41050270758569,325.7793956436217,761.4979956997558,262.8664020448923
1077,4.2041714285714304,39.194730769230794,6.2050987654321,6.0384093567251504,1.7118492537313401,16.6936956521739,1.7556309314587,17.059754098360703,2.59607589285714,13.5929647058824,2.69828368794326,13.4310131578947,27.934707317073197,4.9721935483871,19.5308833333333,16.131704188561333,32.60313375835033,31.604078909275337,55.83415630869563,31.496599880911063,332.17620220966637,137.93370162602514,144.6343958377838,348.99849561043084,792.7246973849833,232.99909953493625
1078,4.47742127659574,39.2943461538462,6.77739506172839,6.79862209302326,2.23942372881356,17.0121228070175,2.26363913043478,17.2179538461538,2.4472949790795,13.5425581395349,2.4349533169533197,13.6098588235294,27.7117368421053,4.75875793650794,19.593396551724098,16.043106749401193,49.198228117309185,31.526918698978317,31.69344059007914,31.718617205518097,335.6850036652759,122.84149997867644,127.62479600496589,349.3273019557819,1194.758404744789,183.1909001339227
1079,3.12665204678363,29.5441081081081,6.63103067484663,6.7944875,1.64973829201102,16.9047058823529,1.64108936825886,17.352619047618997,2.39639160839161,13.741999999999999,2.47968318965517,13.767156626506,28.705243902439,5.04566666666667,19.7770169491525,15.983695138145098,32.644669938961904,31.832162800332764,31.89893344586916,31.773290530727127,316.25550182070583,122.48960265424103,129.3898036237806,338.8446057215333,752.1803985582665,391.7805996024981
1080,4.4025942622950796,54.3501,6.79586708860759,6.75604848484849,1.84768102073365,17.1904444444444,1.76586070381232,17.1768805970149,2.53128820960699,13.7923139534884,2.58180751173709,13.6638157894737,28.7881,4.8063823529411795,19.6483396226415,16.01107727333649,32.67469697391918,31.539900601086444,40.087337286908664,31.842030492856946,313.49839991889894,122.23240046296269,133.40179284568876,324.44789831060916,410.02189100254327,227.0949014928192
1081,0.116432898948331,19.6766078431373,5.622,10.473913461538501,1.1449266144814099,20.538137254902,0.467772049424798,3.41408970099668,1.2431849529780599,23.90625,0.432458052434457,3.41662460567823,53.1775238095238,4.24554296875,32.2531935483871,32.00189040659794,49.35476111521963,71.54801810686412,37.09682041193419,7.417120423679123,562.993498169817,93.849390395917,305.62759784515947,1070.2578991185874,1406.9972967263311,63.54460201691836
1082,0.10193516679904699,19.477571428571398,5.56738764044944,12.071166666666699,0.936427121771218,13.60068,0.598239372469636,3.4536867816092,0.960144203581527,13.5211794871795,0.607553927315358,3.37571511627907,42.123392857142896,3.83358364312268,20.1314905660377,23.765724406519585,40.94093828415356,63.93326229506877,29.649275493389062,7.3873813897418605,506.9449078291654,25.634505436755717,226.82249546051025,726.846104953438,1906.7408982664347,64.6906002657488
1083,0.104554300254453,19.4804909090909,5.76609770114943,11.229019230769199,0.621408038976858,13.5745647058824,0.238112712061353,3.40702898550725,0.5957785304846269,13.5916973684211,0.235328207381371,3.36365909090909,43.0075833333333,3.5895878136200703,20.0024615384615,15.697411770448879,48.8937030191959,39.56884544713429,29.407953364135288,7.346411137097577,330.33630170393735,24.073701933957636,172.74350102525204,638.3596977684647,1445.9271042142063,51.49040080141276
1084,0.21869365593446402,24.9990204081633,5.56960869565217,10.7283423423423,1.0238019047619,20.8602708333333,0.42634300403966197,3.4592108433734903,0.900092,17.279925373134297,0.43177934098482,3.43247157190635,53.5094090909091,3.8602800000000004,23.327624999999998,31.905842517284892,49.05230633655274,47.62055770414932,740.842392777023,7.379133600006174,819.2838955437765,86.3953959196806,327.88610260467976,957.4752039043233,1343.8054942525923,88.31029990687966
1085,4.233630901287549,40.2436551724138,6.80922285714286,6.797186666666669,2.35458383838384,20.6505892857143,2.32295248868778,20.6566071428571,2.38400479616307,13.7375119047619,2.49333729216152,13.7295,28.6309166666667,5.00047393364929,19.5975172413793,15.987114561406845,32.75019768340309,32.14481451847321,39.94010292391665,31.876347888250347,321.06890284921974,120.39849243592471,128.60169517807662,342.488192836754,948.9788004430011,209.3282004352659
1086,2.93749743589744,29.3191282051282,6.89877181208054,6.86736094674556,1.5002071428571402,17.2190317460317,1.52126815642458,17.155786885245902,2.21869623059867,13.7384886363636,2.2364762808349097,13.7624303797468,28.4918421052632,4.77114349775785,19.3788260869565,15.93086848306556,41.20249307519666,31.821574595322762,31.749279050549244,31.822154882780104,328.0398959759623,134.64469520840794,144.80970276053995,340.24289925582707,686.2084061140195,207.66629895661026
1087,4.01581746031746,39.551035714285696,6.7921847133758,6.772028248587571,2.35741741071429,17.1687205882353,2.2534388888888897,16.7094590163934,2.37661662817552,13.8473333333333,2.46035011990408,13.7675949367089,29.0698648648649,5.051873303167421,19.8318596491228,15.965238630802236,74.20308852679007,31.72662068067564,47.62455763501794,31.83294167270885,340.79779870808125,130.05730870645493,137.34590320382267,351.82379942853004,1508.2779951626435,144.23550164792687
1088,4.1351740614334505,51.9730869565217,6.78737647058823,6.79547682119205,2.39319875776398,17.116326530612202,2.27783227176221,17.1153442622951,2.57557336343115,13.7329090909091,2.6089043062201003,13.7461785714286,28.554105263157897,4.98698319327731,19.8354833333333,15.98542077390518,41.11565300160336,31.766021229219003,47.94850683511282,31.782898658062773,336.1896058777347,130.02580089960247,138.31320102326572,351.3487958116457,1368.5113022802398,187.5023008324206
1089,0.104101875316776,20.0027627118644,5.539483870967739,8.78582352941176,1.01694575936884,13.6861666666667,0.6534365395560621,3.40226934097421,0.9774290569243841,13.7294880952381,0.639323788546255,3.36580392156863,42.5369615384615,3.8949200000000004,19.3431833333333,11.851479740049308,40.787131238059885,47.59761675608897,29.475838858218435,7.385657549517717,384.22090001404285,65.6996970064938,247.105403104797,560.2770921541378,1648.7822023918852,61.6794015513733
1090,4.12683534136546,49.901380952381,6.77625,6.78741764705882,2.30651926977688,17.306772727272698,2.2658466019417496,17.0806333333333,2.56516455696203,13.552523255814,2.5998285077950998,13.6446470588235,27.784648648648602,4.71656666666667,19.169864406779702,16.074930834069676,32.76227639742216,31.950815954801808,32.282380713383716,31.811417073814386,331.4553032396361,129.1834021685645,138.1974056130275,335.554699995555,527.8573982650414,274.80040153022856
1091,0.118137424657534,19.4907333333333,5.56079126213592,7.4690962962963,0.83636469730124,17.2561111111111,0.351391141396934,3.4278323353293403,0.6965496997998669,13.679537499999999,0.340212503668917,3.40064495114007,50.0877894736842,3.8216282527881003,20.453649122807,19.827658604817742,41.02116357269592,47.88365959535098,44.417981099337645,7.374112199572436,341.56210895162076,66.69150316156447,194.72429994493723,480.6978045962751,1482.7809034613892,55.30880007427186
1092,0.104811592721325,19.472833333333302,5.5986208791208805,8.112568,0.729636037329505,13.385473684210499,0.391947791164659,3.39711784511784,0.601721473029046,10.1305445544554,0.38649932705249,3.36186046511628,46.06032,3.76755442176871,15.5689275362319,31.99413688295406,40.725799868221976,31.584758992868572,29.459400405603937,7.335232856433421,356.30049824249,59.82880247756839,203.69950216263533,483.4345978451893,1480.759197147563,56.58539885189384
1093,3.2603183098591497,29.295555555555598,6.87982236842105,6.87214093959732,3.0434356955380597,20.7139811320755,2.95783423913043,20.63294,2.41090024937656,13.782918032786899,2.43517573221757,13.755876712328801,28.1881463414634,4.80728630705394,19.2027457627119,15.989113523734035,41.08993574164055,30.778661647027572,31.972048300577065,31.8609279563271,314.24000044353306,126.26239913515747,140.30319871380925,338.04190170485526,649.9304086901248,382.23139999900013
1094,0.117491025086505,19.5210166666667,5.535513966480449,8.76675757575758,1.37199043715847,27.4213611111111,0.497283341243474,3.3932442244224403,1.26402380952381,23.8565476190476,0.482462988505747,3.3736873065015502,42.7274347826087,4.0977370370370405,31.62146875,23.873808408625386,82.1920624005179,63.64881375591245,740.6147937520475,7.3740186660489115,544.5313989184797,65.83340582437813,271.70139946974814,789.8639043560252,1732.7820969512686,73.1273990822956
1095,0.11586859815216201,19.9729090909091,5.56093229166667,8.79078625954199,0.6275630712979889,10.458732673267301,0.392383969465649,3.47576996805112,0.490882908404155,6.73921088435374,0.39818149745198,3.35186875,49.8045217391304,2.7505788177339903,10.547543689320399,23.811291414475317,32.618846259133704,22.192560010265137,22.271993916509146,7.3759937592904645,312.5706978607923,69.61770413909107,218.091401620768,691.1586970090866,499.2305999621749,60.66790083423257
1096,0.12331495798319302,19.999037037037002,5.59440384615385,10.4277345132743,0.9143799448022081,17.2626379310345,0.424858443708609,3.4364069767441903,1.0692891191709801,20.6661304347826,0.403586027111575,3.40585119047619,53.725619047619,4.06642756183746,28.4077777777778,28.220481253331453,49.51372968333015,819.4719979350874,37.104386899707116,7.421450027134618,541.7317064711824,98.87280175462365,272.45249948464334,1118.2460060808808,2370.193600654602,71.37980137486011
1097,0.125084015963033,19.9462881355932,5.5243317535545,8.91623478260869,0.662475716793446,13.8451780821918,0.33296790923825004,3.45393072289157,0.5164633484162899,10.3340480769231,0.31635490797546,3.45374774774775,42.579875,3.57844372990354,16.0772428571429,19.885051897571163,40.862649137223514,31.77965264600911,29.533587654975157,7.379226805895986,329.2313020210713,58.53819893673062,147.87889667786658,481.2014027265832,734.8649960476905,53.9705011760816
1098,0.14963107208610701,21.830086206896603,5.56916037735849,9.58021495327103,0.876259,17.097045454545498,0.343166716020136,3.4190187499999998,1.3396526181353798,27.34535,0.333993825154371,3.39955960264901,61.3734210526316,4.33041739130435,36.18,40.07878031020272,41.04750928713474,817.4962412621039,29.38628146556287,7.374278919930653,715.0162011384964,84.12469469476491,286.1373999621719,1110.8332051662728,2232.645099866204,91.09550155699253
1099,0.22521191011236,19.4736296296296,5.19573399014778,11.7670729166667,0.70388057652711,14.7169493670886,0.32912987804878,3.3653289036544902,0.6842951687624089,13.7673902439024,0.358541623488774,3.4109374999999997,65.2136875,3.7379965397923898,20.5322280701754,27.564556400092346,40.802970730978046,39.761374039956706,296.32237950872695,7.372258952874221,589.5432026591152,115.85379834286869,312.51460313796997,966.1229996709153,1071.345797390677,73.9018025342375
1100,4.225172284644191,39.2976538461538,6.74688888888889,6.79282456140351,2.79977506775068,17.000899999999998,2.74482033096927,16.84195,2.5231943844492397,13.6544074074074,2.53963697104677,13.6717738095238,35.5659090909091,4.74623684210526,19.2541333333333,15.96045091902131,32.7409717276686,30.73397061929754,39.74099525466262,31.810068159241663,336.6151999216527,108.57909801416099,121.44620122853667,319.71020507626235,1087.9639943595976,202.90839893277735
1101,0.118475233309404,19.904016949152503,5.55334183673469,9.19167567567568,0.775132575757576,13.6936962025316,0.428334151329243,3.4278502994012,0.76853925165077,13.6459066666667,0.42075532342306105,3.43011764705882,50.24555,3.75856179775281,20.2622280701754,23.821108321805383,40.797409314672336,47.63481926734013,29.542766124541426,7.369177952563951,348.41780143324286,60.32750243321061,208.26389954891056,706.4039033139125,1895.7963970024139,57.70399875473231
1102,0.15168660319163202,19.488380952381,5.4772,11.4576826923077,1.0730927083333301,16.888383333333298,0.6042924634420701,3.4187994100295,1.2779610678531699,20.62312,0.592912396694215,3.4082885906040303,51.0472173913043,4.11809964412811,27.8951463414634,23.81156480822336,49.323881569810176,63.75809753909889,37.04034467325071,7.387773112745071,606.7137001082301,62.97180079855025,265.3442934388295,1007.9230938572435,654.5448995893821,77.25830073468387
1103,0.105267730332934,19.4868545454545,5.57466985645933,8.978319148936171,0.9066422338568929,17.187903225806497,0.407538279400158,3.385778125,0.7479616834170849,13.598430232558101,0.39005695317959505,3.40694915254237,46.474399999999996,4.01273282442748,20.0810701754386,15.852663294061959,48.91041340777209,39.694803174828984,44.206405037964196,7.387025902358905,328.4922946477309,24.0597000811249,152.3828017525375,536.1182993510738,1213.1404015235603,59.79859852232039
1104,0.12014681789540001,19.4766607142857,5.5189729729729695,7.441277419354839,0.74086171574904,13.631523255814,0.38721773097826095,3.39379207920792,0.5828409552845529,10.1149029126214,0.37357943006878497,3.36852023121387,50.4302916666667,3.80451515151515,15.8064848484848,11.843164403445273,40.95508177249861,31.729664774709967,29.621740529158348,7.383408422133986,316.6859009070322,61.13520066719502,263.5092969285324,725.8397061377764,1919.219602132216,61.82850047480315
1105,4.43267424242424,39.371642857142895,6.51831818181818,6.43879881656805,1.9317397260273999,17.1636285714286,1.90936956521739,17.3159298245614,2.635040302267,13.817630952381,2.67449222797927,13.7386206896552,35.387125,4.9242968750000005,19.3693333333333,15.951042388087478,32.86677845554603,30.865132391622154,56.41417647115384,32.20474377681989,328.98490026127547,119.72450010944158,128.12960194423795,349.1513052722439,849.8367998981848,358.77199843525887
1106,0.140894455021418,19.4723278688525,5.59769072164948,9.644652892561979,0.702470790378007,17.117762711864398,0.238046400802608,3.4247345132743403,0.560644310823312,13.57,0.229082818820524,3.40848441926346,46.0542173913043,3.7337566539924,19.9241228070175,31.80279596849696,40.72091937859991,39.903011254966614,737.749022314088,7.3919424426892455,507.87740328814834,62.42090312298387,252.44840362574905,961.4929993404076,1246.2710990803316,61.837100656703115
1107,3.44528059701493,40.067518518518504,5.57823963133641,10.3375454545455,2.25569199178645,17.1663728813559,2.18863519313305,17.262126984127,2.13767663551402,13.6531184210526,2.20809904761905,13.756702702702698,46.56796,4.716937499999999,19.4696721311475,16.064895392415856,41.2183001748286,31.675085833361585,39.81222996709203,31.831422994603475,426.272299955599,187.13800236582756,202.45820051059127,693.3382945135236,1310.961099807173,140.91290067881346
1108,4.30084701492537,39.1855769230769,6.76291333333333,6.71782389937107,2.44907231404959,17.4246226415094,2.40744941176471,17.1247777777778,2.32841883767535,13.8716282051282,2.33155579399142,13.8795657894737,28.6807142857143,4.9523670886075895,20.240842105263198,16.033009183428636,49.18772189861347,29.697223140722446,40.00084004532274,31.9532305070771,324.0720019675791,140.6271941959858,152.58020721375942,356.8486019503325,533.9477997040376,248.42490092851222
1109,0.159784751278475,19.9832542372881,6.177951612903231,10.6434646464646,1.2009372340425502,27.1464864864865,0.229678781038375,3.3697476340694,1.5731324137931,34.2379333333333,0.226290985417587,3.3312931034482802,61.774444444444406,4.63197142857143,45.618625,23.91777575597867,230.77233917850714,815.9594960609638,677.3066485474691,7.3625981766537185,649.0978004876524,93.92870706506073,352.53730311524123,1144.4272007793188,2195.2570066787302,83.59380008187145
1110,0.0857487677371173,20.0105090909091,5.57379255319149,8.86125,0.6538675458715599,13.6187411764706,0.294171363290175,3.38035483870968,0.635110153846154,13.5784814814815,0.294688451952368,3.37127456647399,35.5196060606061,3.78592675159236,19.3264230769231,15.801287630803618,57.239327473880486,39.6282659191452,29.541033538547723,7.370037131696508,542.1678011771291,65.45849901158363,216.8839011574164,730.2661018911749,1568.2022058172151,51.925500156357884
1111,0.0981804678162882,19.4704166666667,5.49700480769231,8.793837606837611,1.0650307062436002,17.213840579710098,0.56957957957958,3.44834870317003,0.8742400835073071,13.7642705882353,0.5570165016501649,3.4099058823529402,46.1862272727273,3.8716496598639503,19.6541153846154,11.870541749066753,49.27647056926976,39.79528391394136,37.06423985341301,7.403387263071344,475.6178008392453,24.65579891577363,210.21139400545508,627.6656058616936,2105.085604125634,52.723599947057664
1112,0.12163791316365301,19.5053387096774,5.61565596330275,9.6457358490566,0.801837273991655,10.3446095238095,0.600018648018648,3.3904403409090897,0.6947409999999999,6.82446666666667,0.657908547519426,3.37958513931889,42.8952916666667,3.6763024911032,11.6716060606061,19.755730721929655,32.67219503644997,22.12878179470355,22.248921567637055,7.387924589340774,308.9744015596807,67.13460315950215,212.6756007783115,573.7571947975084,644.2076963139698,43.74170093797147
1113,0.11812966987478,19.6782203389831,5.54637799043062,8.165232,0.912859322033898,20.6607894736842,0.332661881977671,3.41504651162791,0.79702216066482,17.1537619047619,0.32608452454941,3.39939799331104,43.023708333333296,3.8735797665369596,24.4134444444444,15.833625289840228,49.25743442794257,48.00881037208512,739.7296970343451,7.37698123822239,586.6585008334368,65.40530594065785,221.92240285221487,791.0700980573893,1341.8340968200937,54.355498286895454
1114,4.60115486725664,40.1811851851852,6.28462068965517,6.21930674846626,2.68016745283019,17.174838709677402,2.66383027522936,17.219121212121202,2.6059816091954002,13.7894303797468,2.63566839378238,13.71864,24.644021276595698,5.05321777777778,19.3900819672131,16.082000324256015,32.79377730097215,31.77354274286775,56.274205958667544,31.86732454408498,344.76229920983315,130.47490501776338,131.7386020673439,356.1423975042999,532.5398902641609,603.9954023435712
1115,0.139650745544915,19.698392857142903,5.5556602870813405,8.226215999999999,0.970861413043478,17.0598888888889,0.453413793103448,3.40001759530792,0.655191031941032,10.1282920353982,0.44835041250542795,3.36833887043189,41.931999999999995,3.77271147540984,15.581848484848502,23.884807847079273,49.07822237029896,31.904645199921866,51.81721097021425,7.368428621024238,287.3968973290175,61.490104417316616,278.7645033095032,649.9644980067387,1369.7567977942526,51.2018013978377
1116,4.06588381742739,39.452481481481506,6.22176363636364,6.243390243902439,2.1077715430861703,17.3354126984127,2.0980036900369,17.3264666666667,2.27900433839479,13.8899487179487,2.33801425661914,13.844513513513501,28.734756097561,5.0068101851851905,19.9545614035088,16.01587554030315,41.06837372343081,30.86310022731898,31.967677967351573,31.8528678135985,314.1638939268887,122.99950467422605,127.29560257866977,335.4354004841298,1256.4739037770778,177.57799942046404
1117,4.31194117647059,39.4735666666667,6.87578321678322,6.828380952380949,1.86573440285205,17.292576271186398,1.93680508474576,17.226047619047602,2.21463915547025,13.7000120481928,2.27540438247012,13.728417910447801,28.7079473684211,4.661645669291341,19.65435,15.927422926361428,65.66706610099943,31.983277211359862,32.35157802832897,31.807757590544163,328.6051971372217,133.77279974520206,142.9309049854055,355.3445974830538,1456.9328021025285,151.42460179049522
1118,0.103164441807574,19.7967924528302,5.5796028708134005,10.414241071428599,0.887492627927147,13.7621940298507,0.52155561277034,3.44365094339623,0.720396153846154,10.27,0.49062448606669695,3.40924269005848,39.193678571428606,3.65924825174825,15.429830508474602,15.800543173171556,41.068058761422996,31.859910211681747,29.543819812197714,7.377722022995315,289.0384028432891,26.58030134625733,196.88069878611714,482.47060331050307,1673.4523087507114,49.40209910273552
1119,0.104348655680833,19.9946557377049,5.6197476635514,7.60018248175182,0.753314116777531,17.3635671641791,0.24456907613344697,3.44198101265823,0.581432283858071,13.8958139534884,0.24333828748890898,3.4091935483871003,46.01852,3.61325559105431,20.1631764705882,32.21787988768074,49.15761114310884,39.846560111889964,36.94194190672657,7.383575790253905,384.52120206784457,68.76190309412777,216.3748984457925,548.9511939231306,1605.8101959060878,60.63140172045678
1120,0.0977578694817658,19.506127272727298,5.55178095238095,7.59844078947368,0.946986263736264,17.2403214285714,0.43749284403669697,3.3647923976608203,0.791919531821507,13.54585,0.44823162090345403,3.38034055727554,42.7354583333333,3.8155793357933603,19.843701754386,19.786762149482826,48.9267610092157,39.74885435975929,36.851373404097124,7.361941099202171,497.462900239043,32.01919607818127,275.62449977267534,656.5036921529099,2205.3913009585813,59.61210117675364
1121,0.08675641874494221,19.9381034482759,5.67285263157895,7.45847101449275,0.8641602564102561,13.464795454545499,0.5520053361792959,3.37089836065574,0.736082165605095,10.1463739130435,0.508414177440927,3.3803323699422,42.4703043478261,3.7687500000000003,16.0320597014925,15.831039840051927,40.81348062961195,31.865004947983145,29.561791287934703,7.357086366336685,372.92640190571547,65.61990012414753,190.22319465875626,782.8088011592627,1697.89609790314,56.2874018214643
1122,0.0803166,19.745409836065598,5.28445365853659,8.699742424242421,1.03274925373134,17.235727272727303,0.5068871937124361,3.4735671641791,1.2910979443772699,20.9031454545455,0.500116269343371,3.4441543624161097,43.0081111111111,4.13516428571429,28.2866,19.861921866195445,49.197846564943546,815.5979114854133,44.769987227702785,7.443104966143075,654.4585019582883,68.60459980089217,309.8328976193443,790.968001820147,992.9011022904888,69.99000033829361
1123,3.2259702380952398,29.550162162162202,6.77618666666667,6.785129411764711,1.71957679180887,20.577659999999998,1.75461855670103,20.2064912280702,2.26295789473684,13.6244743589744,2.34530612244898,13.7916547619048,29.2680540540541,4.7703377777777805,19.615000000000002,16.023504470806564,32.93788076555028,31.343193435985363,32.185442411099295,31.911446260926166,328.83509702514857,128.92110098619014,130.83250087220222,357.056301436387,1026.42469573766,189.41820017062128
1124,3.98197003745318,39.4394666666667,6.51188741721854,6.4969578313253,2.36108240534521,17.572691176470602,2.3726462167689197,17.3227118644068,2.56663919821826,13.787188235294101,2.58130412371134,13.7375357142857,28.9165,4.8577689075630195,19.640965517241398,15.976122602059418,32.93262999590224,31.93351685361277,63.87263307283474,31.930892959654052,342.084196745418,122.97520006541163,128.58129339292645,354.59519422147423,1405.7980937650427,176.7087000189349
1125,0.18231408733784,19.9808363636364,6.1498392857142905,12.0208426966292,1.06805827263267,20.4608775510204,0.40794592445328,3.4060789473684197,1.54050321750322,30.789757575757598,0.399235636645963,3.39330383480826,60.989999999999995,4.56548987854251,41.8640357142857,44.09594537678305,221.9453407422962,814.4647485117345,36.934785927954344,7.3669056069086984,845.652396674268,116.49829684756696,317.24921136628836,1092.236110707745,931.3346003182232,83.20460037793964
1126,4.33314498141264,39.215038461538505,6.59201714285714,6.5431320754717,2.95700503778338,17.1656142857143,2.7693143631436303,17.2203939393939,2.5961138952164,13.8034155844156,2.6291172566371697,13.7585696202532,31.79225,5.1578483412322305,19.859406779660997,15.997880533753916,32.71674920255769,30.977609930448967,39.6945602749759,31.935793721431022,330.76609834097326,118.66239947266877,129.2458997340873,333.1490937853232,675.7202005246654,434.7416019299999
1127,4.6266535087719305,39.2444333333333,6.5254534161490705,6.55667796610169,2.17256308411215,17.1173731343284,2.16997795591182,17.20325,2.92297698209719,13.6341794871795,2.8712468827930198,13.7090588235294,28.795,5.06142079207921,19.2702363636364,16.096392906936327,33.19005883089819,29.7989744557842,63.94852885709715,31.84683768341536,333.1966989208013,113.1152966991067,122.05000384710729,330.29160113073885,518.0428008316085,304.2494994588196
1128,0.101131760078663,19.8887272727273,5.55071351351351,7.41418620689655,1.16733037694013,20.4226274509804,0.505480257116621,3.3097044025157203,1.44048579161028,26.9448372093023,0.5005414825724099,3.37157184750733,46.40975,4.40016666666667,37.6883103448276,19.933945857481884,130.98449887691217,71.55830825388314,73.93207470386852,7.3676045113038935,712.5641976017505,26.312400586903095,315.2317018248141,766.213599126786,2492.8320053732023,67.72439810447395
1129,4.03515725806452,40.0633703703704,6.8046081871345,6.846620000000001,2.62795396419437,17.0812295081967,2.57851804123711,17.1175081967213,2.5383025,13.6215540540541,2.5399678217821804,13.6128648648649,28.6923428571429,5.07096475770925,20.234519230769198,15.961885342695043,65.69669847778823,29.49699182853583,39.94458505012237,31.82027640169578,320.85990824270993,135.6314984150231,146.0350991692394,347.12479391600937,1179.762402898632,175.52829813212156
1130,2.92227966101695,29.311292682926798,6.846850000000001,6.75906470588235,2.56344680851064,20.4725660377359,2.7074605263157903,20.5181785714286,2.5138755458515303,13.6774761904762,2.51920544554455,13.7597882352941,28.4675476190476,5.16501515151515,19.4041458333333,16.120751473841832,49.3756686612958,29.602036380639053,39.89101358929528,32.136681797679735,322.33410456683487,124.9009947059676,132.9896942479536,361.1104970332235,788.3050973759964,162.62329882010818
1131,4.25309090909091,39.3081111111111,6.83359523809524,7.14695,1.98183612040134,20.2719215686275,1.99949015748031,20.2720192307692,2.4803783783783797,13.5485714285714,2.47357627118644,13.6371058823529,28.6506666666667,5.09824,19.9804255319149,16.034630934988115,57.50556561251456,32.09288255398694,48.008079820046625,31.831169618553734,342.64899732079357,136.03640254586935,139.2259931890294,348.106402088888,608.5972010623664,221.1137005360797
1132,3.2329289940828403,39.234533333333296,6.853013605442181,11.9376744186047,2.18550183823529,20.7678846153846,2.16951037344398,20.624767857142903,2.47214874141876,13.7593571428571,2.49054094827586,13.7483026315789,58.5018333333333,5.12179279279279,19.8915384615385,20.010089965438794,75.00974559250328,31.545597904744874,55.961550407479315,31.92366401170409,420.06800358649343,183.0378983868286,198.3511057915166,437.82910506706685,872.0629004528746,163.0815997486934
1133,4.23652517985612,40.0788076923077,6.868050632911389,6.882808917197449,2.01582037037037,17.0700606060606,2.01028073394495,17.1758870967742,2.2470548245614,13.7535466666667,2.25517505470459,13.7571012658228,28.5195757575758,4.70447826086957,19.0615666666667,15.960498510000171,57.58847571189625,31.099606721726396,31.902518107591774,31.940333496219367,333.1154031911865,133.06290202308446,149.04920244589448,345.4362042248249,423.35700418334454,189.6282978123054
1134,4.298616033755271,54.7408636363636,6.8575935483871,6.84964556962025,2.3126935483871,17.3409848484848,2.2783429844097998,17.1193064516129,2.41657823129252,13.820895348837201,2.42300625,13.6563924050633,28.2666578947368,5.03483043478261,19.62775,15.996300651533598,40.759775232935176,31.754785709325645,31.830297842107733,31.774769226236913,329.0613036369905,127.38059740513563,133.98279552347958,320.64399565570056,515.276996884495,152.32120058499277
1135,0.09986123521682,19.7334915254237,5.53021904761905,6.84545033112583,0.6355207296849089,10.3158053097345,0.42271438450899,3.46238738738739,0.49876567164179103,6.86797452229299,0.410433460076046,3.38064077669903,39.052299999999995,3.15910662824208,11.0897641509434,19.810237102263237,32.631878483746455,22.054758762395245,22.21109679626098,7.398553652925022,205.45689621940255,62.435108702629805,144.58369987551123,467.2793991630897,812.9238995024934,42.36050008330494
1136,0.0909377378069872,19.9493728813559,5.57778125,7.3532700729927,0.7336945039257671,17.0608955223881,0.26410136002052903,3.40888118811881,0.574508948545861,13.6788488372093,0.253470820969337,3.34224367088608,35.3537333333333,3.68649290780142,20.1049607843137,19.92070095149571,48.99516438530909,47.67904555247841,44.37441982795809,7.35097455164792,352.8417961206287,77.05449825152755,190.77570468652993,723.1520052300766,1339.8112001596019,43.265498243272305
1137,2.95775510204082,29.5912162162162,6.80396470588235,6.790970000000001,2.30095362903226,17.1729850746269,2.2877060185185196,17.1991746031746,2.61187045454545,13.72444,2.64831481481482,13.7117272727273,28.647775,5.0659537037037,19.7678644067797,16.108859483551274,32.890109789734986,30.85262631187841,39.92585850711776,31.850756913344075,338.7004020623863,127.03959946520628,137.13899825233966,352.16489632148296,687.2308003949001,201.39200205449015
1138,0.117589550679206,19.499813559322,5.496156862745099,6.14829885057471,1.09493008474576,17.161789473684202,0.638598466981132,3.4405303514377,0.991586872586873,13.6934109589041,0.610266326530612,3.34028474576271,49.519476190476205,3.84917105263158,19.31,11.832515180618403,48.983716162764615,47.85771511728929,739.4224228267367,7.36911438629339,419.89800229202956,65.17900037579238,266.3420978933573,554.8854998778552,1742.8768012905493,58.260600781068206
1139,4.1015528455284604,39.9929655172414,6.80131875,6.844125,2.3598037190082604,20.7401785714286,2.34828834355828,20.7136538461538,2.51399365750529,13.7549759036145,2.55499346405229,13.7184383561644,28.6080285714286,5.02552888888889,19.2809245283019,16.005088945904994,40.94879312905927,31.791816609367693,31.93544734814776,31.7341277109572,321.0252005374059,128.89070203527808,136.95440429728478,352.936502895318,505.43699762783945,421.2767002172768
1140,0.103123412455111,19.5219090909091,5.54071563981043,7.46768,0.938567164179105,17.180000000000003,0.452128155339806,3.44320658682635,0.811845274390244,13.651619047619,0.443063492063492,3.41506906906907,46.7332272727273,3.6949535714285697,19.9554137931034,23.908149338661953,49.04732909556727,815.6395052199268,741.0003418697908,7.4014843873200515,427.74119647219777,25.26789903640747,223.34359819069505,637.8407939337194,2324.4312003953382,55.45929889194667
1141,0.124655876602216,25.700534883720902,5.589933333333329,11.1167551020408,1.0233941018766801,17.0515409836066,0.493676255707763,3.4014040697674397,1.47952956298201,27.323976190476202,0.49104965831435105,3.3685188405797097,57.015578947368404,4.2471847826086995,36.2498181818182,23.816903451687555,40.893411559628,72.60273787541134,29.620338366865642,7.3727536514962795,747.0115000614896,122.85940465517342,296.65020119864494,930.4182953201234,1062.700804322958,83.76059995498508
1142,0.146849694558886,19.939909090909097,5.628689655172409,8.902236641221371,0.8382879999999999,13.7407466666667,0.46283796296296303,3.44512371134021,0.689532859680284,10.3421891891892,0.504933994823123,3.42316279069767,49.5791739130435,3.6999673913043503,15.3041710526316,11.853633996760632,41.06954422023012,31.919659394141632,29.6469458515318,7.384811926631058,452.5316006038338,26.98610769584775,298.144604312256,651.3680040370673,1902.050999342464,68.72930098325014
1143,0.123401016374929,19.4867547169811,5.63010052910053,7.45808759124088,0.781150273224044,10.3393232323232,0.574387912087912,3.38737209302326,0.636082098765432,6.84242261904762,0.555936608557845,3.39822185430464,50.0207826086956,3.72179225352113,11.574329787234,11.87865639450642,32.80673303190053,22.088443138023965,22.199429392950737,7.379364055608204,212.27240504231304,25.689398171380162,166.5823016082868,426.0466026607901,1918.6653022188693,48.17929875571281
1144,3.2351709401709403,29.7625,6.84175280898876,6.838057324840761,2.62519585253456,17.1916349206349,2.62655963302752,17.1996857142857,2.49476293103448,13.713918918918901,2.50621534653465,13.712399999999999,31.81746875,5.121315533980581,19.4674074074074,16.06512316350928,32.979217549354935,31.8124808516252,88.17140699590284,31.92152223673328,335.8008951181546,141.30889903753996,145.7513018976897,376.5810979530215,464.7921974537894,603.9914995199069
1145,4.51079761904762,39.709733333333304,6.81869127516779,6.801,2.13375,16.9716911764706,2.1073627254509,17.111983333333303,2.65938177339901,13.7237088607595,2.4857721822542,13.7647763157895,35.410034482758604,5.025738916256159,19.8934074074074,15.998442591036511,32.97165014201314,31.881244825288633,48.155356331019576,31.9645921157059,318.8383096130565,124.52909722924232,124.27760229911657,334.4464028486982,583.2014925545081,350.23349919356406
1146,0.121416232869436,19.6603653846154,5.50556923076923,8.2732265625,0.9548876811594199,16.9535322580645,0.47447984224364603,3.41301176470588,0.7904592809977989,13.5841022727273,0.47774742055303293,3.362625,42.9134,3.7220648464163797,19.6280576923077,19.797136127810703,49.18082919159491,39.82428610534932,36.912900243642135,7.341280928578144,385.6676950817928,60.257106088101864,254.72119741607455,567.6171946106479,1585.4543977184221,57.790399296209216
1147,0.10829653259362,19.4710967741935,5.513198979591841,8.836810606060611,1.5049515905947402,23.752488372092998,0.6108328134747351,3.40536445783133,1.4302076502732202,24.0889361702128,0.674470626631854,3.40499411764706,45.81488,4.1817341269841295,32.5584242424242,15.849257724185781,57.33106314976759,71.48986948735283,44.4800108705475,7.387167288483423,372.1960005350411,70.96869521774352,275.6824978860095,879.5623958576471,667.9259036900476,54.45420101750642
1148,4.31834716981132,39.2396,7.59721167883212,7.49992810457516,1.8960131147541,17.3269365079365,1.86534782608696,17.3620833333333,2.43698117154812,13.8109759036145,2.4794495412844,13.8214545454545,28.6641944444444,5.11323008849557,19.9389166666667,16.154253786674918,66.0824870638376,31.598744047701196,55.93768307634424,31.995138092423737,459.51960200909525,121.61449994891882,137.9361085128039,428.7354968255386,1035.8147002989426,155.47600050922483
1149,0.11802866379310299,19.876301886792497,5.273065502183409,9.436150442477869,0.611231134564644,13.6493150684932,0.29288578745198496,3.3918181818181803,0.48585627035830603,10.2549196428571,0.29539612828662204,3.37753352769679,45.944136363636396,3.67248797250859,15.9391527777778,11.868576911882283,40.92799556574756,31.810961855376426,29.560388954219327,7.380155313336473,269.72159976139665,65.25780772790313,161.1655025044456,503.29499354120344,1334.5479994313791,54.37979998532683
1150,3.26545367412141,36.319205882352904,6.8461775147929,6.82589743589744,2.37690725806452,17.0461492537313,2.26890652173913,17.0663898305085,2.56061219512195,13.7537356321839,2.6299462915601,13.7198082191781,28.316511627907,4.98600462962963,19.1809655172414,16.0694517842278,32.86081482813083,29.604772881609584,55.976772662855936,31.87295856105462,334.91350477561355,126.32800207938998,136.91010826732963,340.2224916499108,519.9099949095398,270.84250177722424
1151,2.99201840490798,29.2684864864865,6.80570625,6.84401333333333,2.50985912240185,20.6166785714286,2.42471548117155,20.4468113207547,2.5530434782608697,13.6771058823529,2.59737740384615,13.716827586206898,28.5817105263158,5.21296,20.077090909090902,16.090177469252502,41.17456484873584,31.07675074011221,56.220574378564464,31.90364794549982,329.389501712285,114.96870429255068,120.81339955329895,337.8516004886478,686.6184005048126,166.530700516887
1152,0.102316959899973,19.4789821428571,5.41116037735849,8.181403100775201,0.99137927756654,17.202390625,0.492212355212355,3.46674203821656,0.853705,13.8418615384615,0.5002697594501719,3.42773684210526,42.53976,3.8106111111111103,19.738178571428598,23.99402723578521,49.291647907946796,39.967190551160044,37.20873123990939,7.403730349899841,523.2649971731007,64.53900423366576,260.0965992314741,773.2422003755346,1387.2932031517848,59.4672019360587
1153,4.02803472222222,39.2413703703704,7.20899319727891,7.15558741258741,2.25296145610278,17.11840625,2.21308189655172,17.1126231884058,2.4801456521739103,13.6639342105263,2.5308078817734,13.7722878787879,28.513624999999998,5.1207179487179495,19.6419830508475,16.116160577864555,40.943989846591926,31.814119148760486,63.89932676620634,31.98027450616627,321.7464982299134,119.912697118707,127.75819923263043,333.7538044434041,682.2819006629288,151.1796988779679
1154,4.01341635687732,39.2207931034483,8.07626315789474,13.0971666666667,2.1528353174603203,16.9900909090909,2.13491438979964,17.2922542372881,2.1500260707635,13.7667435897436,2.08595628415301,13.488815789473701,31.8365588235294,4.808421487603311,19.030431034482802,16.086172393849807,49.2824659516134,31.674345079217566,47.90271872122913,31.729758285803108,374.33849938679487,110.20409292541444,112.75960423517972,406.332706916146,1960.6010959250852,140.55579958949238
1155,0.21761321884984,19.9785593220339,5.58851851851852,10.2878303571429,1.0056981786643502,20.6620196078431,0.35197878260869603,3.42486710963455,0.9808243464052291,20.6553695652174,0.35286061643835603,3.41558223684211,50.690956521739096,4.097592885375491,28.3666097560976,35.88881943728941,65.82244666743992,815.5672262551838,267.59092601794555,7.396480390493882,701.5561015577987,62.52000748645514,295.7656979560852,942.403805674985,596.3715928373858,76.11629844177514
1156,0.151952874925904,19.814160714285702,5.5755970873786405,10.4545523809524,0.8566941362916011,10.5499117647059,0.6166936261381899,3.42492476489028,0.767991941391942,6.827438709677421,0.5963458310016789,3.43141275167785,50.494652173912996,3.52927687296417,11.219638297872299,31.920499040033555,32.7305292439437,22.15408051853416,22.185946712794596,7.394127347038956,376.2003034353256,96.30819840822369,255.0243021687493,885.4974003043026,2112.0951016200706,76.67189929634333
1157,4.25440711462451,39.166785714285695,6.84718,6.89000636942675,2.63421173469388,17.130661016949198,2.55097794117647,17.1813432835821,2.45458554216867,13.5388513513514,2.51546588235294,13.635116883116899,28.5237631578947,4.88627555555556,19.211,16.007149441582875,49.128861737055665,29.688704766717493,48.192525230931025,31.64731251806338,318.80169990472496,134.69310069922358,150.82810423336923,354.3656086549163,1036.0793996369466,186.21280032675713
1158,0.117195035829266,19.9882115384615,5.52141935483871,9.13157142857143,0.825911447084233,13.6533974358974,0.439420395869191,3.4071028938906798,0.7628929999999999,13.6059176470588,0.434897631133672,3.38639189189189,42.87292,3.85249826989619,20.3465344827586,15.791001801580242,40.954272027963704,39.854640562145576,29.639080125197204,7.384624584400235,310.06560020614415,57.64119850937277,184.52889926265925,610.7115972554311,952.4755936581641,54.45330170914531
1159,0.105338225909381,19.482509090909097,5.599759615384619,10.26937,0.806906151419558,17.084703125,0.34616374071573297,3.41598692810458,0.679006,13.522294117647101,0.338956622325043,3.39237579617834,45.8574615384615,3.70888850174216,19.1033725490196,19.772524660557874,49.20651892510977,39.80414829218054,740.1937039267088,7.400299033011612,583.6662952788174,71.7115995939821,223.49919308908284,807.319997693412,929.4777031755075,51.44870083313435
1160,2.78184183673469,37.169200000000004,6.8347875,6.8225325443787,2.0484366438356196,17.0773432835821,2.04679573712256,17.087515625,2.28605620155039,13.7468658536585,2.37558568329718,13.809219512195101,28.3560606060606,4.93284862385321,19.6819433962264,15.989329531992546,57.432650521127044,30.773499388075447,39.89961373466547,31.68424130423727,333.15600303467363,126.71330187004061,134.18870221357793,345.93739837873727,739.1275052214041,184.27410104777664
1161,3.9412629482071706,39.2327741935484,6.82926,6.80475167785235,2.14094833948339,17.256940298507498,2.10874615384615,17.265776119403,2.46170192307692,13.7033333333333,2.4529793388429804,13.6915529411765,28.7610277777778,4.91699557522124,19.482483333333303,16.13189944628024,41.14236847621903,29.612894275005978,48.097179351034555,31.9203976056796,323.3115014154464,110.52729678340256,122.59569775778799,334.9963022628799,761.2306973896921,190.98960037808865
1162,0.10733760951189,27.3248648648649,5.50828865979381,8.95377659574468,0.887320710973725,13.4837764705882,0.529925341745531,3.38582943143813,0.8646894360603651,13.720394736842099,0.515128140703518,3.3861485148514903,43.1571785714286,3.73078181818182,20.2331034482759,23.821895245790813,49.036304851101136,47.6245258888239,29.505701593607313,7.364219437077018,406.9630987942219,65.81579800695181,160.01410549506545,726.1800026753917,1571.1827931227162,56.012600543908775
1163,4.40195075757576,39.8284444444444,6.814791946308721,6.79025595238095,2.1543162055336,17.231492063492098,2.1488003875969004,17.2964029850746,2.3992533632287003,13.7661445783133,2.4231027397260303,13.8367121212121,28.5735789473684,5.057631818181821,19.9631346153846,16.036720396322632,41.39026647509402,31.299862730425836,56.056676999804836,32.012344240898585,327.8062999015674,131.2320033321157,138.3677066769451,339.3557039089501,682.9916004789993,211.95929730311036
1164,0.534598696461825,39.0386538461538,5.53796713615023,10.287289473684199,1.88726978417266,30.949324324324298,0.5725208020050131,3.41602990033223,2.22450429184549,37.532892857142905,0.528162661737523,3.4017804154302698,61.27,5.19382038834951,49.4895454545455,48.19924020295406,810.0084303503879,820.1291538198952,44.55813851854121,7.4053581733871,850.6732963724062,118.59450314659625,423.0671969708055,1109.5916095655411,1796.3020014576614,92.00170170515776
1165,3.82022147651007,39.8683571428571,6.86594,6.86118300653595,2.40556394129979,17.264469696969698,2.3997424242424197,17.243046875,2.43954716981132,13.7898023255814,2.43272669491525,13.7818108108108,28.35135,4.8602347826087,18.6469622641509,15.880077568353178,48.963318461689475,30.198553519198292,32.013421990879564,31.783167990164934,325.29499439988285,121.12610565964133,126.84210378210992,328.7575033027679,602.9413954820484,337.64599938876927
1166,2.82702040816327,29.2702926829268,6.76142767295598,6.73211801242236,2.18643100189036,16.716220588235302,2.1980147368421,17.177981481481503,2.54743555555556,13.5365405405405,2.4635327695560303,13.631639999999999,27.6619512195122,4.79361643835616,18.6483518518519,16.038761051035078,41.16999388977954,29.975740953640326,48.16169285189347,31.76277763333324,323.17959994543344,114.1890010330826,129.25460177939385,334.78730474598706,1091.8842017417774,208.42139783781022
1167,0.161977816510854,19.469892857142902,5.60237368421053,10.3834158415842,0.60623140925637,10.2864947368421,0.38069122572002695,3.41664119601329,0.471284832451499,6.85063758389262,0.372123945489942,3.42656342182891,53.3678421052632,3.66856310679612,11.656,31.88008503183392,32.79416105815926,22.075437362005026,22.22355815737863,7.400636299872055,347.968700225465,91.10769897233695,215.93699930235744,727.9128971276805,1991.3137046387421,62.194798374548554
1168,0.10792279153715,19.9418644067797,5.56135436893204,8.87903,0.776061746987952,13.8322948717949,0.44164044943820197,3.46801694915254,0.636070807453416,10.48475,0.417332551778038,3.45727794561934,45.9480833333333,3.81198576512455,15.729875000000002,15.835807271145534,41.12044438227947,32.194599028391096,29.7020513030729,7.414067289222289,347.02819830272347,24.6049981797114,179.8802026314661,596.9701946014538,1748.3228031778708,62.98870139289647
1169,0.11597039548022599,19.513903225806402,5.52267772511848,8.81072357723577,1.19625398512221,20.6572115384615,0.540763005780347,3.48082428115016,1.23883673469388,20.6794285714286,0.5210764762826721,3.4243826366559498,42.9510909090909,4.0714623655914,27.7797142857143,19.827506967509567,49.37414937143085,80.20739326247406,37.09207086510967,7.409562737920874,486.52120458427817,60.97329896874726,224.83720676973462,782.4783941032365,1203.7989014061168,57.838999782688916
1170,3.14888767123288,43.08012,6.814609467455621,6.83361142857143,2.26305405405405,16.9879705882353,2.22642692307692,17.008603174603202,2.54200234192037,13.653784810126599,2.65852821670429,13.6859240506329,28.400375,5.01841484716157,19.6035957446808,15.958671091402772,32.55212570230858,31.324996279973217,55.923467196985705,31.6497132117147,328.7669940618798,135.7791043119505,147.64649386052042,363.74899791553617,816.1703939549625,280.7569981086999
1171,4.46068907563025,39.8061379310345,6.90812258064516,6.82200653594771,2.19935852713178,17.1663181818182,2.11110103092784,17.1919402985075,2.39214634146341,13.79376,2.3451181262729097,13.784078125,28.661825,4.7815904761904795,19.5414333333333,15.99413077186836,32.8188639763873,31.105051597525893,31.868002833945816,31.81992805988203,329.9377975054085,140.23760159034282,140.70799516048282,336.22480113990605,535.2569976821542,194.77989990264177
1172,3.20058588957055,29.3068918918919,8.20104545454546,8.14006,1.56782853223594,17.1749104477612,1.52246475195822,17.1856666666667,2.03847779751332,13.4718947368421,2.07275,13.478868421052601,31.9672702702703,4.70556338028169,19.290540983606597,15.999790790555675,57.5263358306763,31.68925256938382,40.1839610416248,31.73606011469879,449.5279979892075,124.2239959537983,128.03059944417328,429.43570588249713,1933.4803946549073,132.11339828558266
1173,4.433753303964759,39.4704333333333,6.79843786982249,6.8103164556962,2.80336538461538,17.015015625,2.85339686684073,17.0157428571429,2.6965810185185197,13.542,2.7154911392405103,13.6315066666667,35.6389655172414,4.9105787037037,19.7524210526316,16.047700215754162,32.93020300202493,31.72074810591022,47.84935934457124,31.718243372008523,338.6867989320308,131.79329980630428,142.28110085241497,362.1166048105806,699.4027964537963,341.62119845859706
1174,2.91994683544304,39.7885384615385,5.524533678756479,13.0255189873418,2.3392688172043004,17.4403970588235,2.29224093816631,17.2784776119403,1.89402463054187,17.2123703703704,1.9209029850746302,17.221776119403003,65.22475,4.89633755274262,24.077809523809503,19.90917631902359,32.595519439135344,39.9598643028529,127.87269814089872,39.71664600388977,568.0369969923049,240.3980994131416,248.0350958649069,674.2519937688485,1185.445094597526,160.89589917100966
1175,2.86460949868074,29.5828918918919,6.80200591715976,6.81210227272727,2.4182573221757298,17.1887741935484,2.3690499999999997,17.1814754098361,2.26693612334802,13.7607341772152,2.35780803571429,13.7599589041096,28.6089722222222,4.63324519230769,18.988701754386,16.096939065589666,115.20505529331761,29.957905896332544,104.40760280059564,31.8647096150269,328.34369922056794,116.63099867291749,124.68920031096786,325.16880601178855,1459.5352055039257,166.11449827905744
1176,0.12053390539974901,19.5073773584906,5.55918181818182,8.279775362318839,0.950631881676253,20.656866666666698,0.315369288997026,3.43666475644699,0.811101,17.1738620689655,0.311267548596112,3.45,47.045272727272696,4.117494736842111,24.6755111111111,19.860165100554433,49.03957442151531,47.8302546393122,44.49938018563579,7.358663670767092,644.3143996875733,66.06300012208521,251.66810082737356,866.4527995279059,1376.5607989626005,59.66910102870315
1177,4.58280660377358,39.7336428571429,8.24104098360656,11.4314842105263,2.2649784313725503,17.33525,2.19317849462366,17.2325714285714,2.3550769230769197,14.035460526315799,2.37500631578947,14.0059358974359,32.5196666666667,4.73352459016393,19.9971818181818,16.02899559818213,41.01406328101172,31.92571389257693,48.757663197629746,32.033505005085075,430.00010191462934,121.66239903308451,132.1848016232252,421.7672016238794,2075.5171979544684,143.56719912029803
1178,0.09495529999999999,19.7711636363636,5.25567567567568,7.21224475524476,0.8890985915492959,13.8817272727273,0.555999503968254,3.45328040540541,0.7383808834178129,10.3437619047619,0.5597678476996301,3.47672835820895,34.850310344827605,3.59983544303797,15.729652777777801,15.870052374803505,41.21116857685434,31.91595590450044,29.801085713782598,7.401672374028884,281.65869880467653,59.838496963493526,213.7970004696399,487.6854014582932,1407.8112988499925,44.10289984662086
1179,0.14094799834915397,19.7136481481481,5.586878048780489,10.4262173913043,0.8398391337973711,17.198875,0.354248383804015,3.40383056478405,0.8037700276243089,17.1927627118644,0.336228901734104,3.38812541254125,42.43436,3.84419666666667,24.573500000000003,23.980596754901875,49.159161695517426,812.7371814012054,36.94044841109857,7.35178746398524,569.5565923815593,68.42130387667567,261.07899902854115,780.688997474499,2090.500300982967,65.00369927380234
1180,0.165533080424886,19.4911111111111,5.5755911602209896,8.43327407407407,1.11644251626898,20.750396226415102,0.46064611486486495,3.41580398671096,1.32012145289444,23.91615,0.440327802359882,3.38077022653722,50.8962173913043,4.3283769841269795,32.891,32.10813054847705,81.93793390785055,816.4475923055242,111.26141549312884,7.368190097919361,670.3758001094684,66.54479657299817,421.81449534837157,799.8563029104844,1032.0273984689265,66.95009942632169
1181,3.04627390180879,29.4156571428571,6.77957046979866,6.809762500000001,2.2932875,17.222073529411798,2.26046982758621,17.2790847457627,2.5609100000000002,13.7133698630137,2.64072847682119,13.778265060240999,28.7702571428571,5.0945412371134,19.4339661016949,16.026691431925073,32.8338978353123,29.66344648458962,40.126477656889456,31.9378718406547,334.90880159661174,119.1763993119821,123.3512011822313,351.7198929330334,665.4286000411958,244.17669919785112
1182,3.97254961832061,39.1491935483871,6.799910112359551,6.853401273885351,2.1748260073260104,20.38364,2.26066004415011,20.6934,2.33386070686071,13.764581395348799,2.24813333333333,13.788527027027,28.902225,4.9260338983050795,19.7248409090909,15.965610886701116,40.82022097131674,31.865775004374214,47.64264095634374,31.787388214502784,321.88080076593906,128.0770025914535,136.08330045826733,369.46849431842566,627.0924001000822,244.32990176137537
1183,2.37401411764706,29.820463414634098,8.19218045112782,8.168503816793889,2.2707373068432704,17.113125,2.19834009009009,17.1829850746269,2.39431162790698,13.7563733333333,2.4226617647058797,13.7507411764706,32.166722222222205,4.90377731092437,19.7026363636364,16.04420406707055,49.74420333857562,30.505339870520064,39.929671200612894,31.743080252367758,350.3212006762624,156.95809270255268,165.01520294696093,442.3436941578984,540.7584016211331,147.88889966439456
1184,0.104977916368469,19.49275,5.55715300546448,7.663884057971011,0.63292936802974,13.7197108433735,0.30590338882283,3.397684375,0.501897435897436,10.2052389380531,0.30297816938453404,3.37664144736842,46.6073181818182,3.6684823943661997,15.6693870967742,15.883397275368926,41.03597696663124,31.78968842303141,29.532503137224545,7.365298148585376,273.07240234222263,62.46429984457791,261.0825962619856,491.5959987556561,1836.9291967246681,62.23960081115365
1185,0.119039047125842,19.7247090909091,5.55763387978142,7.4917101449275405,0.628751219512195,13.7783536585366,0.274721932473236,3.43281168831169,0.6052439150699119,13.7169066666667,0.263419945105215,3.4038727810650897,50.0650434782609,3.8126091954023003,20.2483653846154,11.916484129398954,49.29979132137841,47.524576553006234,29.521136019401897,7.380061434142128,486.0379995079711,64.89470251835883,163.02760050166398,815.1286048814654,1405.8766042580828,63.68840113282204
1186,4.05110162601626,48.5850952380952,6.69265625,6.84846835443038,2.71902331002331,17.267552238806,2.70058967391304,17.1907536231884,2.5455059665871103,13.8346865671642,2.65366361556064,13.7918607594937,35.392281249999996,5.10450220264317,19.1996896551724,15.92072400322208,32.678047611148365,31.52865181018394,47.69750921457855,31.706467968014685,314.3516951240599,136.40899560414255,137.05440214835107,348.01920410245657,1022.1793956588954,194.57789894659072
1187,4.782,39.254037037037,6.83361176470588,6.85745945945946,2.53289081885856,17.2625454545455,2.52795550351288,17.1146470588235,2.83936338797814,13.5925180722892,2.73820705882353,13.7871898734177,28.5396842105263,5.00627705627706,18.70514,15.822584906574734,40.7452213910303,31.648723111944935,31.81152925665321,31.563463963275556,336.0161033924669,133.8864996796474,137.3022038023919,351.41639527864754,954.4402011670172,197.5689985556528
1188,0.11927292476560701,19.500451612903202,5.53324731182796,8.850284482758621,1.22770478413069,20.5471034482759,0.429840160936357,3.39360256410256,1.21190080738178,20.5165,0.423698991466253,3.37738906752412,43.19072,4.1149120879120895,27.2662972972973,19.797361860118592,65.57994709179043,71.44554389629113,58.869497614187026,7.337127068380343,486.4774033194408,26.270703529007733,261.0622992506251,773.9365071756765,1947.5205946946517,53.74400061555207
1189,0.169584475639967,19.4603559322034,5.57561081081081,7.545923611111109,1.29908529741863,23.7557179487179,0.407528322052013,3.40473462783172,1.7126218978102201,33.63640625,0.400203300561798,3.3481611842105297,72.3744375,4.62528813559322,43.250347826087,32.03860161069709,73.87526570600797,820.2248280796542,44.43199492891269,7.354847042330145,899.4183968752623,116.81610194500536,374.668906442821,1010.0309940753506,803.4251950448379,86.42429893370718
1190,0.115718765456524,19.4739622641509,5.51014285714286,8.97245,0.786076696165192,17.3611666666667,0.299860064585576,3.42139692307692,0.627608131997643,13.6493647058824,0.298134358676727,3.44509009009009,42.70225,3.56168421052632,20.4574909090909,19.84135824375141,40.996290851019225,47.9494663661832,29.57398815518337,7.375672030879014,474.05119985342026,60.91539398767054,183.69340104982257,574.2885958170518,1230.7144002988935,51.07459728606045
1191,3.91408429118774,40.027319999999996,9.70956779661017,9.70146296296296,2.36741106719368,17.261,2.43459488272921,17.2694393939394,2.25412688172043,13.8509594594595,2.30707862903226,13.814342105263199,35.9410333333333,4.99769264069264,19.5620185185185,16.029251645222068,49.30806673358327,31.327966949106067,39.94482659882142,31.902529398389714,381.0953057836741,152.77350030373782,170.3479967545718,348.4001004835591,439.7963028168306,160.15360015444458
1192,0.12125002814364501,19.4809464285714,5.58644174757282,8.24565656565657,0.968349662162162,17.377169230769198,0.48209505144536996,3.4085930599369103,0.83321875,13.7951097560976,0.477615662650602,3.33828187919463,52.931476190476204,3.8655458167330696,20.2309298245614,19.89484994620688,49.22673644182189,40.45487887055435,37.149275904999755,7.405974825219058,469.72110285423696,68.11729690525681,216.73330338671803,660.7790070120245,1358.2172949099913,58.98989911656827
1193,0.132658999634903,19.5164385964912,5.53766346153846,10.5444684684685,0.61080859375,10.25552,0.36820107526881696,3.40749206349206,0.46992581967213104,6.7936818181818195,0.37267186366932603,3.3862626865671603,49.991,3.55575375375375,11.8533058823529,11.856902707479835,32.76550210067469,22.085700441153435,22.144054914786782,7.378937661587892,310.6090996880084,64.99110313598067,201.1817996390164,422.0479022478685,1676.0936996433884,59.04030113015324
1194,0.119325178508721,19.4636507936508,5.52744444444444,11.0951368421053,0.9817799671592771,17.0059838709677,0.464444228527011,3.3810900621118,1.11835652173913,20.4195789473684,0.487674693321218,3.3937703488372097,53.7098947368421,4.310142307692311,28.291999999999998,24.06276607597919,49.157224710026924,63.59879636340842,29.47512646777073,7.358828514643139,567.0233018463477,88.86480063665658,207.46660011354834,796.2239993503317,2793.3034987654537,70.36809984128922
1195,2.84999748743719,30.0211282051282,5.9371676300578,5.9151494252873595,3.13737075718016,20.3358771929825,2.8932236503856,20.47714,2.70479207920792,13.4630581395349,2.6449663677129998,13.6260352941176,31.652,5.05398717948718,19.037216666666698,16.05146110699161,41.231323891776405,31.80031435530707,56.12737161462578,31.806238178847508,329.879394848831,123.3105023857206,127.50400055665521,342.7361021749675,424.64169673621655,611.1035996582359
1196,0.174850290697674,19.4857169811321,6.20813953488372,10.1869158878505,0.803975885455916,17.1873285714286,0.316581089168163,3.42817346938776,0.6296201743462021,13.8000512820513,0.321633354153654,3.41006535947712,49.3488095238095,3.4083827160493803,19.15496,35.96879947944991,49.262126263603015,39.860532884714935,36.98267219076779,7.369403939913926,559.5240043476224,95.54999705869704,295.5656993435696,930.1918995333835,1769.0423992462456,75.75880154035985
1197,4.44140229885058,39.725285714285704,6.24516770186335,6.24339459459459,2.53530769230769,17.1157333333333,2.50099346405229,17.0902571428571,2.6313810741688,13.7638072289157,2.74294379391101,13.669156626506,28.5131,5.13451111111111,19.2809272727273,16.010587994432537,41.241250333475556,31.17425029763377,40.09101259309087,31.90600288962643,322.0887971110642,136.6273034363985,153.00259983632714,350.3847023239359,607.1766023524106,202.5504974881187
1198,0.116782918539634,19.698491803278703,5.54719270833333,8.69548305084746,1.00874622641509,20.4143125,0.367822592592593,3.40067823343849,0.83726515763945,17.141533333333303,0.369491194364393,3.40708361204013,42.8187391304348,3.80633333333333,24.1430526315789,23.920830613437772,49.01612558896108,47.82806730799353,37.004312076741165,7.380470107397231,459.2070996295661,27.54550368990749,232.05179895740002,631.3990015769377,2157.5367980403826,55.74840179178864
1199,0.0899551785714286,19.463435483871,5.57269060773481,8.86196124031008,0.8207834101382491,17.2953636363636,0.326491063314147,3.40655752212389,0.655115846338535,13.7462368421053,0.336800576368876,3.4090031152648,35.1215882352941,3.76988349514563,20.2170576923077,12.002217465329249,65.30110917275755,39.504882912156695,36.88148199893714,7.338845731996396,443.3677066117525,62.16749898158014,195.0091012986377,646.1823941208422,1757.7275051735342,54.25669951364398
1200,0.120360351367538,71.7876470588235,5.4615308056872,8.0754,1.10298720682303,41.94328,0.5646921824104231,10.5505964912281,0.847999266324285,31.404972972973002,0.532035514018692,10.4575740740741,131.697727272727,12.2602023809524,50.1605,61.54363592048326,126.70147171021668,99.08522856141526,91.90653223671794,22.91667181440815,523.1953982729465,79.18700284790248,235.1853036088869,1137.584203388542,2436.9864986510947,163.64729963243008
1201,10.1599739130435,125.22158333333302,6.70758757062147,6.73779,4.77693248945148,52.3621428571429,5.011592760181,52.1626956521739,4.91305263157895,42.005083333333296,4.76910975609756,41.99596,110.53399999999999,14.4520779220779,64.8942941176471,49.27229672467798,101.64507859856887,92.22178277417174,99.70975474155516,98.96136705362764,359.7568953409791,167.67350025475025,184.1905090259388,574.9920033849776,1629.0088969981298,727.923697559163
1202,9.625250000000001,124.971333333333,6.77204635761589,6.74338,5.12743269230769,52.1537826086957,5.0985550660793,52.5015454545455,4.84121739130435,41.9572962962963,4.86978661087866,41.963464285714295,89.4569090909091,13.4227123287671,62.4730555555556,49.175792912730216,101.57271457482769,91.6284656739078,148.03108578514414,99.58707326673745,337.5843953108415,139.24989907536656,147.12209813296795,565.3391010127962,2084.8178974119946,720.6791982753202
1203,0.11376988936988901,62.604578947368395,5.38983068783069,6.112533333333331,1.2768956521739099,42.084892857142904,0.8089092307692309,10.5427981651376,1.44367429340511,42.050428571428604,0.76257006151743,10.4805510204082,145.533272727273,12.4895543478261,66.48240000000001,61.44221108452436,126.82079581637203,149.15899203518543,91.97604380605368,22.934221498226396,336.54230064712465,76.84909214731306,212.83450769260526,938.4186007082462,1967.5223011290655,147.9749014833942
1204,0.399432541133455,95.48363636363639,6.06416568047337,10.3768686868687,2.0851796296296303,105.11800000000001,0.416316835260116,10.5033137254902,2.16420689655172,104.4285,0.40355936073059395,10.4358392857143,202.6098,13.2389770114943,140.87109999999998,110.13644601804864,178.80483338310432,2527.6133667450767,137.32207260774405,22.89169258441005,967.8411006461829,147.6196019211784,444.62410151027143,2197.7644006256014,2069.0360019216314,292.38830029498786
1205,0.10424302482201299,62.44917647058819,5.4790904255319095,9.68959166666667,1.0026672519754198,41.762119999999996,0.571312931885489,10.5034571428571,0.902386247877759,31.2781081081081,0.550368225292242,10.446316326530601,165.96772727272702,12.2158095238095,51.907136363636404,98.51730451664612,127.6295942667947,99.20079286585474,91.86564090671432,22.953176536931487,430.9425945393741,79.35660541988909,319.8550024535507,1260.3057024534792,1497.803904931061,197.4801009055227
1206,0.11971459471766902,63.5967058823529,5.1535862068965494,7.696577181208049,1.16318781218781,51.774772727272705,0.517266846361186,10.5098899082569,1.17915649278579,52.418099999999995,0.500046196920205,10.4000693069307,153.92036363636402,12.081809523809499,75.4482,49.154977176063205,153.0198190403823,148.98387472448107,114.80011223121288,22.938691507535367,524.8198984190822,24.6610987232998,238.63109818194062,1028.9899015333503,4681.379394605756,183.09880106244236
1207,10.475663636363599,127.895363636364,6.72418987341772,6.7078012422360205,5.17941509433962,52.1407727272727,4.99070338983051,52.648739130434805,4.80874634146341,42.0119285714286,4.71274193548387,42.044,88.52953846153851,14.411098591549301,63.41553333333329,49.17711775682664,101.63027299761812,91.52202442340591,123.77346438586065,98.96284690959351,324.7750020818785,164.44559732917696,179.89750194828957,578.6809982964769,1871.8112027272582,726.6169996000826
1208,0.0963905800777947,64.1296315789474,5.49832105263158,8.03360283687943,1.06050551470588,41.531839999999995,0.612558876270173,10.417876106194699,0.881223300970874,31.433000000000003,0.5668399049881231,10.4809,121.07199999999999,12.0338350515464,51.0587619047619,48.89237290883597,126.39883783368107,98.4669565183915,91.4380479929094,22.809868131685754,401.50510030798614,79.30730062071234,196.83830032590777,918.4277994791046,1821.0122972959653,149.84419976826757
1209,0.121972677595628,63.9043333333333,5.51772946859903,8.05831496062992,1.31677377892031,41.570319999999995,0.964598055105349,10.472597826087,1.21959453781513,31.496484848484798,0.9092302788844621,10.4241315789474,153.04981818181798,11.8834361702128,50.4726315789474,122.6151214273116,126.27032710388802,98.72294340817875,91.4065346607905,22.84960479269306,490.54110131692136,83.6992054246366,230.2078006323427,1033.7840038118884,3649.668095749803,178.27580159064382
1210,0.202749562478124,62.5972352941176,5.5024,11.105576086956502,1.40880315917375,62.39143750000001,0.582928428428428,10.47708,1.8465,73.814,0.5543437952679859,10.5003421052632,168.366083333333,12.584905882352901,104.8265,110.71138097910881,253.58173935327272,2521.958443423807,137.39197644227664,22.891441356325785,907.766298041679,118.93180198967457,430.6265967898071,1775.687898043543,3415.5814966652542,248.92660148907453
1211,7.80434210526316,93.7462727272727,6.498100628930819,6.50292655367232,3.25889440993789,52.685363636363604,3.2133880597014897,52.5671578947368,4.72354032258064,42.0817407407407,4.68470434782609,42.063320000000004,76.33638461538459,13.680052631578901,62.92006249999999,49.707120434224976,152.1399334313984,91.4021529843344,170.33526618400438,98.58639380849412,337.5545988092199,162.5728968065232,165.61880183871835,561.9692004984245,1206.4079055562615,498.839802457951
1212,10.244,126.593333333333,6.77366049382716,6.78318,3.77961237785016,62.8325,3.9225822368420995,62.7513571428571,5.385638297872339,41.9752592592593,5.28104639175258,41.98932,111.0965,13.993,61.8243125,49.279136434301826,153.2693459171602,91.83440869137738,124.01561448911845,98.6452719951603,368.6000010930002,154.71450169570744,165.43559613637626,571.8926026020199,2511.305801454,604.5899994205683
1213,0.0865501471206389,63.817833333333304,5.48247150259067,9.713780952380949,1.2030976430976401,42.362,0.740849532037437,10.4665346534653,1.04126660682226,31.6310555555556,0.788019952114924,10.4269423076923,109.74549999999999,11.861,50.304909090909106,73.85043375168323,126.77545343291958,99.29483753755703,91.62519018983308,22.919946467457223,374.392606317997,87.56029710639268,210.194502142258,1009.9285980686545,1293.7503022840247,141.6368002537638
1214,10.1707450980392,125.1064,6.76608965517241,6.7150457516339905,4.16762295081967,62.9688235294118,4.222184115523469,63.1271111111111,4.60706896551724,42.315708333333305,4.641828,42.041037037037,110.921181818182,13.71692,62.114999999999995,49.568833707773635,101.77885060595176,91.83390109289708,99.00929199462271,100.37800040864255,354.56880286801606,174.17539784219116,182.40369681734592,579.9314996693283,1523.056800942868,1036.1937020206824
1215,9.090625000000001,126.071666666667,5.70444278606965,10.1052403846154,4.333748,51.9929,4.63685271317829,52.613949999999996,4.11223694779116,42.0725185185185,4.15770711297071,42.3822083333333,182.244909090909,13.404,63.5232222222222,49.312308227837626,127.957231732221,124.74031570623116,124.71454043239946,123.75867576123873,640.5362015357241,237.34279966447502,238.22000075597316,1094.9368035653606,1484.731599339284,535.7887974241748
1216,7.943414965986389,92.6845,6.675153374233131,6.71222352941176,4.69933333333333,52.35635,4.90756108597285,52.6392727272727,5.4939175824175805,41.97204,5.6337772511848305,41.976071428571395,99.2065,14.312,63.923249999999996,49.30861022353941,102.5709658456158,92.40580589669379,98.9578421136353,98.86195920925282,363.5017987107858,134.56339947879314,150.80519951879978,530.8733001584187,907.2810033103451,1737.5450988765806
1217,0.136070748810418,64.48761111111111,6.13438502673797,10.4749387755102,1.75199180327869,75.2016666666667,0.685104733727811,10.551715596330299,1.73233982035928,73.18,0.680404612159329,10.418477477477499,155.8765,12.6897096774194,102.352363636364,74.03348273781609,409.2896070348866,2528.2862285119436,275.1611220392627,22.955427224615228,682.6072029070929,113.84769168216735,374.22960449475795,1906.3589948927984,5442.423600470647,265.68959874566644
1218,10.3950917431193,127.1856,6.80319526627219,6.79304,4.075177685950409,52.7341363636364,4.01786567164179,52.5800909090909,4.59506956521739,42.07104,4.609140077821009,42.051500000000004,88.65161538461541,13.5409176470588,62.932352941176504,49.32614379306161,101.86583131408058,91.88244890245907,99.57819836842617,98.45218604902806,331.18839492090046,161.2689986359328,176.9954978954047,578.3464963315055,2247.2177050076425,621.9464004971087
1219,0.293207485760781,93.5840833333333,5.50695212765957,13.512631578947401,3.15672347266881,115.689363636364,0.9373265625,10.4574226804124,4.06962692307692,126.353363636364,0.896479745830024,10.5487676767677,215.36974999999998,13.867486486486499,173.6156,209.99514138867602,1662.7183618698332,2532.4351926765853,207.0301800822926,23.004395696132317,988.9021050184965,246.31709384266287,510.57249947916716,2298.3416041824967,2979.841097840108,326.1342993937433
1220,9.59501680672269,163.87225,6.1732413793103404,6.21491279069767,4.6920353982300895,52.6347727272727,4.75408571428571,52.6322105263158,5.12616425120773,42.103111111111104,5.11860869565217,42.4131071428571,111.0209,14.261397260273998,63.4456470588235,49.36500333520122,127.19072855310137,97.60495049796371,99.83342067177854,99.25937343207134,348.99880120065063,130.42679347563535,136.16099895443767,536.0057024518028,1084.979300503619,1551.6187995672226
1221,7.68664179104478,93.8789166666667,6.7629,6.73905263157895,4.80248372093023,52.59195,5.05845833333333,52.6475454545454,5.6861875,42.085538461538505,5.59594029850746,42.2042222222222,89.1991538461538,14.0463950617284,64.7285882352941,49.240481183042405,127.28764478497034,91.94271298882501,122.45977472661004,99.13050302537005,317.74419476278126,138.91369744669646,154.38009577337652,537.4487023800611,1310.444695991464,665.9664009930566
1222,0.1991700244775,62.382210526315795,5.49046231155779,11.1258367346939,1.45675983146067,51.691950000000006,0.823606918238994,10.4955247524752,1.45639324324324,51.8205,0.842948105436573,10.3641818181818,154.46574999999999,12.1137415730337,78.4272,110.64994761588493,177.81838755503992,148.1432771318695,114.60766525193901,22.911423975637565,816.0338940797374,120.26889307890087,370.51739636808634,1709.0878915041685,2597.9815021855757,262.3451000545174
1223,6.85650909090909,96.53241666666669,5.504783653846149,12.0764756097561,4.89341255605381,52.476210526315796,4.91525773195876,52.2849090909091,5.3699661835748795,42.1787407407407,5.3343363636363605,42.2280769230769,123.0886,14.171625,59.6850555555556,49.08966320676899,153.2453324662208,91.7618046709603,122.89484463627066,98.45576692741042,547.6428981637582,263.66950187366456,264.663205598481,696.5447013499215,1488.5278040310368,489.49699848890305
1224,7.183707482993199,90.844,6.715199999999999,6.74008333333333,4.214393258426971,53.151227272727304,4.24654444444444,52.7356315789474,4.87151898734177,42.2862222222222,4.85120408163265,42.3561851851852,88.4206153846154,13.4528157894737,64.16315789473691,49.10801379132783,101.10714491881716,91.58114143253229,170.15122388368988,98.48385430050237,344.54440465196967,151.92159917205572,160.8646009117365,559.2041998170316,1349.406101508066,834.1384993400425
1225,0.10538898628441801,63.829294117647095,5.4908984771573595,8.0556328125,1.70523796033994,52.45095,1.10083131201764,10.3737589285714,1.74261904761905,52.405190476190505,1.1320988023952099,10.3601078431373,142.904454545455,12.7903373493976,77.4003571428571,36.52888780398122,151.414863808912,147.51408856455504,114.87733504239782,22.827825664898267,576.4998000813648,25.47570620663464,259.3639015685767,1275.7836026139557,4743.047006195411,154.36229878105223
1226,7.7418866666666695,95.18672727272731,6.77707643312102,6.72914814814815,5.38076470588235,63.2036842105263,5.44166981132075,63.037941176470596,5.15178048780488,41.9201666666667,5.19341255605381,41.9448333333333,98.8251666666667,13.7391428571429,62.903625,49.380582981483506,152.1184862547938,91.61480247890594,148.69242209038222,98.86046071157084,377.46709713246673,162.09610039368272,169.39849301707,577.479403000325,828.968093264848,1719.6803994011134
1227,8.390063829787229,127.91850000000001,6.76022448979592,12.3756071428571,4.38570229007634,52.4264090909091,4.49690909090909,52.555800000000005,4.70386425339367,42.024035714285695,4.51728828828829,42.0624642857143,133.2959,12.9063255813954,63.775999999999996,49.3150251768375,153.1293801688606,91.54267871750636,148.80217577676035,98.90175809935168,547.2516000736505,229.44269876461476,220.89220001362264,716.2312947912142,3547.334499307908,455.1376012386754
1228,7.67676,95.0310833333333,6.77510112359551,6.74811695906433,4.21525791855204,52.516210526315795,4.435416,52.27835,5.22192788461538,42.06624,5.06414473684211,42.0747037037037,110.2405,13.7987108433735,64.4273888888889,49.146560448388335,126.4190911671081,92.00436766547817,149.42748106990584,99.2729463008987,352.17540280427784,172.74550336878747,176.066902349703,588.2839992409572,1220.6292973132804,1669.0738004399464
1229,7.841888111888109,93.7888333333333,6.7741925465838495,6.66845751633987,4.0091155378486105,52.598190476190496,4.22424912280702,52.0961578947368,4.73030869565217,42.18425,4.85978423236514,41.5801034482759,88.17983333333329,14.4913582089552,64.0702941176471,49.24492725308563,178.0400087260491,91.98941958981723,123.20750541930015,98.53072083393613,359.35430496465415,163.5752007132396,167.4227009061724,567.0153012033552,3261.2102979328483,540.6298005254939
1230,0.131056557377049,63.188529411764705,5.45381900452489,9.51627272727273,1.5665575485799699,52.598600000000005,0.9706840000000001,10.4215154639175,1.41234461152882,42.1740833333333,0.965193791157102,10.5006095238095,167.89354545454498,12.4252666666667,63.31489473684209,61.292733354751014,126.7585416594806,148.879882989039,92.00770090845826,22.881991940777628,470.98430222831666,87.232596706599,257.32700305525213,1152.6038986630738,3612.6587976468727,167.06599853932858
1231,10.368908256880701,125.27336363636401,6.51160451977401,6.4521387283237,4.62252263374486,52.5663684210526,4.6762270531401,52.7089090909091,5.30506730769231,42.0922222222222,5.31642380952381,42.35525,89.8123846153846,13.5534102564103,62.380631578947394,49.253728485669754,101.1273367080854,91.74579463033243,146.0729619947483,98.88460444769404,348.49570074584335,162.24340652115643,172.76789585594088,577.8719001682475,1905.1607960136607,787.8344011260197
1232,0.115389664358018,64.34976470588231,5.47793867924528,6.7512215189873395,2.37376470588235,62.9626875,1.53461051004637,10.4851546391753,2.1801015625000004,52.45505,1.48775156054931,10.5220733944954,133.350833333333,12.6085357142857,76.9652307692308,36.67682055952048,151.05660064767815,172.14917210411377,183.03036161512807,22.901569139316326,570.3693022951484,97.9154952801764,273.85839202906936,904.5773971593007,1783.873900421895,192.89979827590287
1233,0.120643183683038,63.991235294117594,5.48026291079812,7.84055,1.87465725047081,31.580242424242403,1.5999118457300299,10.529288288288301,1.7229249146757701,21.0947959183673,1.56601923076923,10.519666666666701,153.39908333333298,12.1543372093023,36.439107142857104,36.637183056433045,101.08026409796834,68.70812355144,68.66130677025494,22.87014667889166,297.58500459138304,87.31080451980233,272.2884964896366,1039.6027035312727,2699.4243991794065,166.27779987175018
1234,0.112719095624939,62.4166315789474,5.47031720430108,7.42199310344828,1.7449845916795101,40.93788,1.35798898678414,10.6409911504425,1.70271218795888,31.471027027027002,1.2913201024327798,10.4535,142.5939,12.0574823529412,50.8928260869565,85.53184197341433,126.6156857604087,98.56100094758132,91.36714097741068,22.83338133214763,283.4448969224468,71.33868930395693,189.00069990195334,1376.8681033980101,2050.0390033703297,140.53840131964535
1235,10.0325980392157,174.893090909091,6.73015894039735,6.717431952662721,3.61189416058394,42.1318620689655,3.68044194756554,41.474000000000004,3.53165146579805,31.3454444444444,3.5585871559632998,30.7763714285714,76.3919230769231,14.2180533333333,64.4087368421053,49.446324728735945,151.87229484488657,91.32668294539675,148.2770347801604,98.24764037761247,350.24560056626797,155.731406994164,172.21079615410417,575.5962949478999,1797.056698706001,746.4694994268939
1236,0.102015175879397,62.4014375,5.48126886792453,8.011654411764711,1.45589346590909,41.8226071428571,1.05102106227106,10.503009259259299,1.28143969849246,31.5096060606061,1.04398709677419,10.4068217821782,131.6926,12.341421686747,48.722652173913,36.650877246001905,126.4911578206217,98.42157642875024,91.82481596872395,22.88652136462367,383.49449750967324,26.76269505172968,232.0357016287744,992.844396387227,3066.061300341971,148.82449759170413
1237,0.10304110176763301,64.0877058823529,5.50651707317073,8.87037692307692,1.45857244318182,41.8804814814815,0.971966927763273,10.4951747572816,1.2614238875878199,30.7706363636364,0.9613162751677851,10.4256847826087,141.405,12.291329787234,51.375,73.58879111890131,126.34993852473531,98.3655493553013,91.83143708482224,22.94187030505853,397.0443067373708,67.09129957016557,208.8288019876927,1265.1871016714722,3854.673498426564,173.45979867968708
1238,10.084068965517199,126.39458333333299,6.74042483660131,6.73980392156863,5.31096984924623,52.6071818181818,5.458646511627911,52.5633333333333,5.09825738396624,42.0726296296296,5.148429864253391,42.2288,97.5975,14.38096,61.672470588235306,49.2229130786776,101.94836108805664,92.04232617705084,98.790344052514,98.87282231955963,336.0597067512572,156.10760019626468,161.98870143853128,557.7276955591515,1065.7656064722687,1410.6486982200295
1239,7.60456209150327,93.31369230769229,6.78460233918129,6.78392,3.9787770034843204,52.049499999999995,4.23451503759399,53.1112727272727,4.732075,42.16376,4.73403286384976,41.986307692307705,88.4274615384615,12.583986842105299,62.63972222222219,49.260296455090625,152.01023281548294,91.3772149855758,146.26150873509744,98.30145240744957,330.8690036647022,140.0668959831819,149.69899784773588,548.3691988047212,928.0534985009581,663.7566984863952
1240,0.10439718530101601,63.6610555555556,5.50946698113208,8.890818965517239,2.03950782608696,52.6683181818182,1.30910781990521,10.539029411764702,1.76282472613459,42.0693461538462,1.32808529741863,10.4908979591837,130.368454545455,12.3529574468085,63.075277777777806,61.31632607453352,152.6114619132081,123.69189039289527,2293.8523604006273,22.937684999437714,364.534993423149,82.72930281236768,354.3176018865779,1148.3975948067382,1271.0383016383275,163.590200827457
1241,0.0998034960227831,64.01547058823529,5.76190594059406,10.3707636363636,1.5274930875576,42.1272916666667,1.0580738461538501,10.5945675675676,1.25374179431072,31.5481818181818,1.03549700598802,10.447235294117599,142.83636363636398,12.0127954545455,49.2983181818182,98.6196764102825,127.41340839073055,98.7397976205435,91.82877420297875,22.953930930816558,366.4100979221985,70.4072997905314,255.075900349766,1129.8683006316423,3127.7179048629478,192.96370155643672
1242,9.852702970297031,125.1379,6.75175657894737,6.79794318181818,2.9859007633587797,52.4746111111111,2.94736607142857,52.8203,4.69609322033898,42.2754583333333,4.67218584070796,41.8068571428571,110.5201,13.929292682926802,62.7038333333333,49.15830050191569,101.94862842670929,91.83007499210848,124.00849492804828,99.25863034699282,338.1264948984608,154.11959611810744,159.1643987921998,583.5628981003538,2348.2611984945834,702.450197422877
1243,7.49866216216216,90.9646923076923,6.75216666666667,6.75174172185431,5.19620192307692,52.8814285714286,4.97894202898551,52.58105,4.99873831775701,42.02664,5.03892380952381,42.18775,87.6276666666667,13.5405696202532,62.810315789473705,49.14898222128379,127.35508958764036,95.53985716788176,99.76199550639647,99.1720590174627,348.7335081445053,144.43979889620095,155.39730084128678,555.0838046474382,799.6085070772097,1625.860101194121
1244,10.324663461538501,156.44958333333298,6.61741666666667,6.76325423728814,4.35295982142857,52.5774761904762,4.49582575757576,52.5097272727273,5.081106280193239,42.20675,4.98370422535211,41.9741851851852,98.1983636363636,13.8511842105263,64.2085294117647,49.21639909498782,152.5178665368222,91.70755947747958,123.11084133590064,98.84937394556005,360.4285971960053,158.35529775358737,166.92350036464632,583.7140983203426,1066.7021968401968,591.8546987231821
1245,7.57966666666667,93.4139166666667,6.89697452229299,6.78616875,3.46866268656716,63.564,3.5423921568627503,63.290866666666695,4.50824380165289,42.035166666666704,4.88765957446809,42.38211999999999,89.8939166666667,13.8042435897436,64.27952631578951,49.379751841283166,126.87563628618868,91.65966252573068,123.61917764247328,99.38167058178432,350.87569849565625,166.78129904903471,179.36080403160304,563.6470974422991,1616.1764913704246,668.3254992822185
1246,0.1040080457715,78.8468,5.4719585492228,7.52701,1.3392348130841099,52.619,0.7095230961298381,10.5161428571429,1.37234308510638,52.9019473684211,0.6576150470219431,10.5593861386139,143.410833333333,12.3615569620253,80.11607142857139,36.93481585561763,152.50409122980824,148.66353308982843,114.96734990504908,22.898670967834303,461.89529821276665,74.77320323232561,218.89230119995773,1407.908895635046,1865.6250002095476,179.5597985619679
1247,0.10281288493498901,62.386894736842095,5.79301086956522,9.54896666666667,1.98853794266442,83.8733846153846,0.687022910216718,10.484091836734699,1.79736891679749,73.3037333333333,0.679388095238095,10.4459369369369,143.301454545455,12.4915882352941,101.128666666667,61.248339670826155,202.9788252287991,2523.562422470528,137.78210983181987,22.903525733445967,820.0251031666994,73.751897434704,291.0047973273322,1386.8227018974721,1261.7720989510417,205.83300211001188
1248,9.158258928571431,126.55190000000002,7.49658,13.116924050632901,4.01143893129771,52.459363636363605,4.04037762237762,52.699954545454496,4.4193037037037,42.1328888888889,4.2688131868131896,42.1685555555556,111.306,13.742119047619001,64.42987500000001,49.44230023175811,483.71845231765116,91.78928292483943,146.86225438232503,98.96001960136924,341.0083911148831,182.37580079585314,194.74649743642658,718.3696026913822,2694.4998040562496,478.1760013429448
1249,0.0878725690890481,63.8091111111111,5.51417857142857,8.08996850393701,1.24045575757576,41.879576923076904,0.845039024390244,10.4890630630631,1.04198916967509,31.3678421052632,0.7717098243331161,10.442696969697,121.057583333333,11.973947368421099,50.637666666666696,49.02220351749204,127.18519747301335,99.23330950737024,92.0355249796787,22.87894683921178,308.9317033300176,71.13720348570496,196.89429900608957,1142.2298004617915,2305.073503521271,160.65399977378547
1250,0.0871290950647592,63.9612105263158,5.48961904761905,7.995606060606059,1.4626372549019602,31.8601875,1.26110421545667,10.5791145833333,1.22460021905805,21.2345185185185,1.24618644067797,10.509612244898001,120.26141666666699,11.8618924731183,36.5264193548387,61.27295309031435,100.8357378681447,68.8284435123723,68.66553055385535,22.946020106642614,221.29170247353613,92.18750346917659,269.07589635811746,934.6618986455724,2705.22290666122,155.92130075674504
1251,9.88632456140351,127.45989999999999,8.00239455782313,8.14416891891892,4.272796,52.7536363636364,4.38156862745098,52.747277777777796,5.076906403940891,42.1158333333333,5.09927884615385,42.0546923076923,99.6920833333333,14.4176176470588,63.8171764705882,49.30384414087543,126.83458755008978,91.29183374568376,123.36549418562419,98.7363816649463,357.94740833807737,181.11360841430724,193.98140721023083,560.5783022474498,1341.219202731736,487.75140021461993
1252,7.74414393939394,93.6496363636364,6.69031111111111,6.564796178343951,3.11501524390244,52.4884782608696,3.1545369863013697,52.6209545454545,4.7002666666666695,42.2194166666667,4.473431111111109,41.0288846153846,88.2343636363636,14.71035,65.1832,49.5601502687012,126.93257731367778,91.9066875598964,98.61291482593153,98.35305702654392,340.6224976060912,149.36060179024935,155.2157918922603,566.3533054757863,1086.786191444844,637.1675990521908
1253,0.108950683303624,64.12257894736841,5.13634761904762,8.619317460317461,1.23196284501062,52.342400000000005,0.632591254752852,10.4270412371134,1.11511152073733,41.95288,0.55097311827957,10.443387755102,165.866916666667,12.3509156626506,64.5650526315789,61.42912134297981,202.75477966603714,123.4862521414788,114.13176446374487,22.882225739401314,622.770597692579,76.0435068514198,308.765604859218,1411.015196936205,2362.213406013325,199.66910185758024
1254,10.1722456140351,125.03410000000001,8.15839516129032,8.13824161073825,3.48434899328859,51.651450000000004,3.42548571428571,52.65945,4.83682352941176,41.949481481481506,4.76298058252427,41.4981428571429,87.0325833333333,13.2618026315789,63.2019411764706,49.16303118550212,177.64239936907325,91.23331875369576,122.5167173864479,98.04665741993507,421.33140086662024,160.81460053101182,173.78970223944634,703.9175980025902,4864.30490273051,473.2695990242064
1255,7.36479746835443,93.6960909090909,7.41011594202899,7.39785256410256,4.92070967741935,53.3093,4.41429113924051,52.916045454545504,5.19388397790055,41.9703214285714,5.25001477832512,42.2357916666667,88.2150833333333,14.0213684210526,61.9390625,49.11167649528085,151.78987366714657,91.7310591207269,147.45688914184575,99.83597143497313,421.855304739438,154.1550998808816,159.49469525367022,679.8761052777991,3570.503497030586,454.8059980152175
1256,10.2885742574257,128.29375000000002,7.5287323943662,7.47156493506493,4.3326404494382,52.4299473684211,4.40024242424242,52.582,5.285623255813951,42.08104,5.10905660377358,42.0736785714286,87.1883076923077,14.7065352112676,63.504722222222206,49.392168854426316,331.89117694240144,94.16957520289199,123.89690650200379,98.62213504604176,403.6926053231582,152.9553934233263,150.1298975199461,531.9428979419172,2242.3766960855573,447.3762004636228
1257,0.15567690014903102,62.510882352941195,5.5382989690721605,9.43631496062992,1.7328456591639898,72.459375,0.7083183391003459,10.3242761904762,1.80494210526316,71.9672666666667,0.696128189910979,10.485020408163301,154.16325,12.4461341463415,101.872,36.81798467541158,229.61063275347982,248.39135939980747,229.73445340493046,22.77882840619925,669.5322052109987,89.37590173445642,339.97319696936756,1812.210603384301,2568.9056026749313,222.40709804464132
1258,0.08783701018204261,64.1972777777778,5.4848995215311,8.91712173913044,1.65988194444444,63.0871052631579,0.9044229534510431,10.504407407407399,1.6893028571428599,63.085473684210505,0.795441489361702,10.4786991150442,142.54941666666699,12.5470843373494,91.4587272727273,49.147706871575615,229.858979585732,274.2747812318483,184.08642786758097,22.991483563812565,524.2419079877436,71.15189800970256,276.52150311041623,1153.213600628078,3163.1006946554407,188.73280205298215
1259,9.479736842105261,128.3724,6.11827976190476,12.0876823529412,3.72878091872792,52.5793684210526,3.9833547297297303,52.7933636363636,4.3001239669421505,42.052137931034494,4.32978409090909,42.3192692307692,147.643363636364,13.2083536585366,62.1973333333333,49.41546494929143,127.64017240820432,92.01921844372428,124.84284887451118,98.98064104574252,486.81810148991644,191.43070094287395,197.14800000656396,982.0031060371547,1998.2891011750326,492.62770044151694
1260,7.40885526315789,94.1763076923077,8.834923076923081,8.85075,4.28668292682927,52.3841818181818,4.30247955390335,52.609217391304306,4.99051054852321,41.74675,4.6421568627451,41.6798148148148,100.377363636364,14.277784810126601,62.6668888888889,49.21496192489038,178.29911456563764,91.71377310186698,148.997968686423,98.64795881410318,406.826104153879,153.0481007648632,166.7886070208624,693.3270051376894,3811.0130990389735,510.83050202578306
1261,9.86828925619835,125.057416666667,7.486022058823529,7.42262337662338,5.00677625570776,62.85229411764709,5.03361855670103,63.118875,5.43509952606635,42.35588,5.223266009852219,42.07228,77.4955384615385,14.6221428571429,63.14413333333329,49.134055302991996,151.91493198402551,91.62200881785114,146.55872324086383,98.56887500330006,419.6054971544072,146.51790261268616,154.88089993596077,570.4460956621915,962.0315046049654,494.8316025547683
1262,0.11641419933277701,62.401473684210494,5.45651871657754,7.2955,2.1322254697286,52.64025,1.4760976863753201,10.5383333333333,2.15966349809886,52.7478695652174,1.44702269861286,10.5132660550459,144.8104,12.911464285714299,76.9052666666667,85.87320815303502,177.66512578108086,149.08088694225216,115.10458310920266,22.960663739222934,518.7447066418827,24.756096536293626,223.1086022220552,1256.8624020786956,5084.717902354896,191.2366016767919
1263,10.018969387755101,128.302454545455,6.788217391304349,6.83420666666667,4.54691111111111,52.6690476190476,4.6312024291498,53.116,5.1605540540540495,42.020125,5.28178974358974,42.043,76.4862,14.1083815789474,63.5863529411765,49.272124253009906,126.66736284335217,93.53859275049963,147.40211374589862,98.73288986557549,373.1848002644256,152.60340296663344,157.508795382455,576.2003973359242,2287.884399993345,633.3819997962564
1264,0.11522496610497801,63.6861111111111,5.48084574468085,8.705779999999999,1.02541489361702,31.557000000000002,0.769852,10.611715596330301,0.865410947712418,21.0199272727273,0.71957507788162,10.5201376146789,142.77079999999998,12.0631034482759,37.6296923076923,61.73541226168964,101.65385489112776,68.53664522163585,68.68024405729756,22.96730871919002,338.5321993846446,88.46159907989204,224.69890245702118,1049.2878966033459,2555.439597927034,128.90729994978756
1265,0.106984764542936,63.985470588235295,5.5239756097561,9.77393137254902,1.2513801369863,50.9458695652174,0.583719844357977,10.4619277108434,1.24197444089457,52.2504210526316,0.573304683195592,10.4488245614035,167.19424999999998,12.2661578947368,76.1666428571429,49.02446387189326,152.7375473585746,147.962173088538,114.46287638675861,22.922108947391834,585.3138078236952,136.59590331371874,325.4053968703374,1419.5559924701229,3948.9849965320905,220.96200264059007
1266,10.0025603448276,125.177818181818,6.70825,6.74509,4.19415537848606,52.77536363636359,4.289048979591841,51.54745,4.89438983050848,42.3572692307692,4.74815639810426,41.2463333333333,88.31625,14.0771604938272,63.7101666666667,49.111065979826805,177.82421448366708,92.22495621689767,123.60796354380682,98.33350868650685,339.45820468943566,134.89130069501698,146.44220063928515,544.9868971481919,2822.314400691539,543.998900684528
1267,9.629936936936941,128.4163,6.74938636363636,6.73072781065089,4.59668888888889,63.20131250000001,4.8746862745098,63.133666666666706,5.0907973568281895,42.0781785714286,5.11611320754717,41.6547777777778,88.2189166666667,13.2314827586207,62.29299999999999,49.34737083613497,177.74007300194447,95.05660752663408,99.34532302527278,98.87799053955422,357.6328977942467,171.08890460804105,164.69809925183654,562.8136976156384,1723.4936996828765,522.874400485307
1268,7.660209150326799,93.3894545454545,6.74358522727273,6.71648235294118,4.608828193832601,52.2090909090909,4.64828240740741,52.6000909090909,5.11546511627907,42.3297037037037,5.24999504950495,42.149857142857094,88.96007692307691,14.1297283950617,62.2443684210526,48.98470353219809,101.09127782296737,92.17226902615583,171.5351613806799,98.41912906376848,341.4812032133341,140.42430266272277,152.35979517456144,551.5106022357941,921.8389954185113,1503.8443001685664
1269,10.1322095238095,125.00754545454501,6.759163742690061,6.747743750000001,4.18304661016949,52.1791904761905,4.14861818181818,52.6659545454545,4.959137339055791,41.983125,4.893260663507109,42.045125,110.33963636363599,13.540845238095201,63.176117647058796,49.159473387079686,102.31915907273907,91.80728693661241,123.80372487039526,98.69035555683011,355.2911977749318,167.02490102034062,176.54450493864715,586.1512996489182,1438.6568014742807,746.1558998329565
1270,0.0842156291807665,62.4049411764706,5.17883253588517,8.35470454545454,2.3186327345309397,73.64792857142861,1.26005935050392,10.599796296296299,1.9815928571428603,52.217173913043496,1.2120771637122,10.4665277777778,129.534545454545,12.4906860465116,76.2839230769231,61.56566525791304,201.4087505973039,172.8897974269266,160.42644781960834,22.883302917493975,467.7276941947639,74.15120489895344,234.56439666915685,1229.8384972382337,1781.879598274827,178.05040115490556
1271,9.816,124.9465,6.71024539877301,6.74142,5.23915168539326,56.2828333333333,5.57943961352657,52.7272631578947,5.15391707317073,41.8914137931034,5.2148702702702705,42.3697857142857,87.5378333333333,13.8311875,59.6165882352941,49.01934132528785,151.87684454770294,93.50395903882259,123.5469875619531,98.22169798680848,355.7166055543348,148.50980078335851,160.4365010280162,543.3479935163632,1858.3940051030368,737.1640997007489
1272,9.96580530973451,127.92899999999999,6.76176582278481,6.760480263157899,5.22365384615385,52.866,5.159412322274879,52.6444545454545,4.991701923076921,42.262750000000004,4.95827038626609,41.9785714285714,89.39461538461539,14.073550000000001,63.7649411764706,48.90478089838587,126.70169484809728,91.60864258799717,98.9361480802292,98.17454185774815,328.9902087999508,149.39560496713966,157.19029470346868,528.7933046929538,1563.0343987140805,576.0577012551948
1273,0.119984740827024,63.52475,5.48857894736842,8.872889705882349,1.67496075581395,52.3931818181818,1.1894569471624301,10.494045871559601,1.59689235127479,42.0824642857143,1.1129513960703201,10.4191359223301,164.641454545455,11.980791666666699,63.2740666666667,97.7863586930358,151.75637540488518,123.63376298951323,2299.0670344894443,22.91484655036751,621.0708059370518,71.26409618649632,258.3426976343617,1251.3199995737523,2047.6025994867084,190.75379823334515
1274,0.31163411424059,63.5911052631579,5.5263605769230795,10.9480744680851,2.7608355795148203,93.9332727272727,1.34355662650602,10.5335185185185,3.3779197530864202,116.958272727273,1.2483681377825602,10.567037037037,166.303090909091,13.5211428571429,151.9712,85.32443586692973,2399.904546985396,2526.5326976960914,137.39644324513904,22.867134259955947,876.4199010329321,116.17220006883144,357.18960280064493,2021.2941977661103,5198.632899555378,250.6649005226791
1275,0.114531036560868,62.442052631578996,5.49,8.57156,1.30661726804124,30.615531250000004,1.0280285977859802,10.456315315315301,1.07549531835206,20.6316326530612,1.00645009784736,10.470193877550999,140.51600000000002,11.91925,37.9719166666667,36.591633446691205,100.67155769774104,68.56656385893503,68.52819438163105,22.891050718953068,192.1666058478877,77.09780475124717,214.6984013961628,660.8813011553138,3104.359793360345,142.6276983693242
1276,0.760375081539465,127.2822,5.46860427807487,11.926840909090899,2.70901168224299,115.4347,0.601022282608696,10.5030582524272,3.0677023121387297,127.2328,0.594495915985998,10.4783673469388,213.691545454545,13.5249868421053,164.0211,160.1054116581266,2412.103728181473,2511.9523973401247,2298.354332185093,22.922616675869083,1125.2124997554347,169.66980474535376,453.43409292399883,2524.176298175007,3211.558295879513,285.74859898071736
1277,7.35584459459459,96.0654545454545,6.7572012987012995,6.73556,5.695296116504849,55.8225909090909,5.603419047619051,52.4642272727273,5.27942162162162,42.08292,5.379443850267379,41.9797142857143,88.6613333333333,14.008226666666701,63.70199999999999,49.471677957043305,101.90108871176406,92.1106226848565,123.55980322076262,98.98106918559242,365.64720212481916,173.05699875578284,183.44300333410501,583.778801956214,725.6504963152111,589.4603003980592
1278,8.03073103448276,93.87349999999999,6.8218024691357995,6.83737058823529,3.9811485507246402,41.5448461538462,3.93377419354839,42.046347826087,3.8797370370370396,31.694441176470598,3.66513311688312,31.465031250000003,88.4255,13.3935131578947,61.755176470588204,48.99908494137143,329.2994184170628,91.5451053283057,122.93374458822002,98.05747295813717,341.6833991650492,148.07849656790495,154.93789978791028,555.5943993385881,3835.630405228585,574.3885994888842
1279,0.10109965568125899,63.4623157894737,5.501853211009171,9.51401818181818,0.897210666666667,31.438,0.629037519541428,10.4898469387755,0.744507581227437,20.909187499999998,0.548048674959438,10.453652173913,154.868,12.2403488372093,38.2697931034483,73.44736731690234,100.85205894051272,68.76330511806653,68.54630409567714,22.880508565641843,444.60020144470036,82.83740025945008,257.6964005129412,1174.8113960493356,3258.696902776137,160.68709956016392
1280,10.3109339622641,125.152666666667,6.7591600000000005,6.74863157894737,4.03557894736842,52.5740454545455,4.09374261603375,52.6166818181818,4.669450643776821,42.0812,4.79448085106383,42.1716666666667,87.85415384615379,14.0837285714286,62.5786875,49.14141860320872,177.33336878651355,91.59334659286456,98.61592273246723,98.10090056644462,339.2915066797286,158.30349875614047,169.00899645406753,553.4372990950942,2632.9726970288903,554.4201005250216
1281,7.2522547770700605,93.6460833333333,8.03440909090909,8.11757894736842,3.32078246753247,51.6151818181818,3.26890353697749,51.9555909090909,4.69777981651376,41.8592,4.90166666666667,41.111576923076896,111.7105,13.4124805194805,63.244631578947406,49.50476490637519,126.31306014151383,92.61105116912894,422.1532841642796,98.51349726538159,336.156104458496,186.94379832595587,195.42639201972634,580.3516076412052,1219.9470977066085,511.1842998303473
1282,10.0951504424779,128.3345,6.78009090909091,6.80305369127517,4.87342194092827,52.304318181818196,5.01559903381643,52.3095,4.835899543379,42.2310833333333,4.9395763546798,41.9962222222222,111.7501,13.6936486486486,63.2964210526316,49.16261998161473,101.34017969935442,91.80233459747397,99.28078702436855,98.49452432786552,334.7498015500605,141.99650031514466,152.06829993985593,531.1134998919442,680.387209285982,1720.8422010298818
1283,0.11733485297469799,63.6095555555556,5.51368780487805,7.38225477707006,1.7997085514834201,42.240500000000004,1.42588466413181,10.5966732673267,1.96007720588235,42.0726071428571,1.39214563106796,10.5390462962963,143.74736363636399,12.635734939759,64.014,48.871329838434,127.09125342781482,148.15884832251209,91.90098690310704,22.984588255880094,399.9761014711112,78.56380252633244,226.2459951452911,941.5693988557905,2816.9594996143132,188.32140194717795
1284,0.11850491022716,63.0725882352941,5.50393236714976,10.501905263157902,1.9817539543058,52.380842105263206,1.3131461245235099,10.5295714285714,2.0382633451957304,62.536722222222195,1.32969512195122,10.3981630434783,132.82936363636398,12.3617021276596,86.86930000000001,61.22359902441451,151.49855081977634,197.31515362069752,137.42308196450244,22.87592943683653,696.8943984247744,74.64230293408036,321.4747994206846,1537.0894048828632,1940.819903393276,223.5001011285931
1285,10.1590654205607,125.1697,6.77156140350877,6.7517712418300695,5.22556944444445,52.6273,4.989935323383079,51.5332,4.88967692307692,41.9666071428571,5.02046192893401,42.1536785714286,88.50891666666669,14.3435731707317,61.247684210526295,49.15159106396268,177.3918757804987,91.56570169217922,124.04891311911673,98.324505180934,358.6132952477783,145.7850041333586,164.9904006626457,545.9665000671521,1847.7975012501702,719.7743019787595
1286,0.134352596537949,62.526947368421006,5.48664705882353,9.69252727272727,1.82765178571429,42.1631428571429,1.26588758169935,10.460404040404,1.79744080145719,41.986962962963,1.2232287513116502,10.439903846153799,156.518727272727,12.439112244898,64.577625,86.26128805058525,127.14893274966458,123.97224222627601,91.66016906442752,22.892356865164512,353.31910476088524,84.28090659435838,259.3205979792401,1034.2504014261067,1048.6832004971802,179.05360145960003
1287,7.15965771812081,94.9452727272727,6.7314431137724595,6.68094805194805,4.97598947368421,52.357545454545495,5.19282653061224,52.572227272727304,5.17309302325581,41.9447142857143,4.8924520547945205,41.91325,88.64099999999999,14.3927123287671,64.6983888888889,49.34360373467713,127.66007295555919,91.61833603243305,146.87302413558544,98.6058416665387,331.65779896080494,157.24250406492501,167.14889789000154,544.230206287466,2600.036098738201,653.7384004332125
1288,7.05575155279503,93.7865833333333,6.75802580645161,6.752339181286549,4.081574912891989,52.670500000000004,4.15809854014599,51.971000000000004,5.5134387755102,42.4105925925926,5.4691111111111095,41.9451739130435,88.06275,14.5561267605634,63.2171666666667,49.456303590636175,152.80225708835002,91.66625576226474,147.21550471489178,98.96763524765515,350.1508996123448,146.85270143672824,156.4950041938573,584.6872983966023,2172.8385938331485,498.4949016943574
1289,10.3518055555556,125.41059999999999,6.76742405063291,6.64875155279503,3.86838741721854,52.7671818181818,3.8128007518797,51.50555,4.189711934156381,42.04075,4.42152941176471,42.0625,111.5539,13.4100853658537,61.476150000000004,49.26844624598966,126.79158514690131,91.88201004991043,121.61924569195357,98.87283143155514,365.7383000245318,155.54940036963671,159.22161110211164,572.7161042159423,2276.9962961319834,572.7947980631143
1290,0.12266738749871302,62.4457058823529,5.4762712765957495,10.486807017543901,1.24662527716186,52.9775789473684,0.614395135135135,10.5120545454545,1.24764355231144,52.4253181818182,0.573159745969712,10.487833333333299,155.95208333333298,12.0976046511628,77.85,98.33902556377059,126.98617623337067,2527.6063117064687,2298.5395238063206,23.03985944284711,436.7256013210863,106.56520316842943,265.6205964740366,1487.9502065014094,4683.536195079796,248.56930249370635
1291,9.47169444444444,125.03540000000001,6.45225161290323,11.989808988764,3.8723164983165,51.202913043478304,4.02635408560311,52.6078571428571,4.51548846153846,42.576846153846205,4.37063519313305,40.931875,124.408636363636,13.2451265822785,64.5160666666667,48.99967772529109,152.22756005070065,91.36521836018913,122.70986822941568,99.30698778578216,376.7787973629311,178.05569805204868,176.46900669205934,924.7853013221174,2090.3522992739454,446.6593003598973
1292,9.41954918032787,125.040727272727,6.40996296296296,6.38373184357542,4.26093333333333,63.482375000000005,4.198300411522631,63.4477777777778,4.53744782608696,42.0658333333333,4.67960569105691,41.7378214285714,87.9486666666667,14.2353571428571,63.9018333333333,49.04866400474753,127.02416274391528,91.70421386812772,172.116396413033,98.36277798576239,369.7609936352819,166.76619416102767,175.20979745313525,574.5418049627915,2752.781700110063,583.7207019794732
1293,0.122141349747197,63.988222222222205,5.46605855855856,9.57378888888889,1.66817918088737,63.7018235294118,0.803751121076233,10.4874774774775,1.91328595041322,74.0792857142857,0.8378002926115581,10.5270776699029,155.751363636364,12.3367368421053,104.19890000000001,98.32434986917293,152.76810312009982,2528.8380921534254,115.19255490825286,22.955789091179927,854.962004814297,65.31579419970512,350.99938977509737,1982.7598007395864,2020.56679117959,207.04090129584074
1294,9.55314876033058,126.367909090909,6.6779824561403505,10.371482758620699,4.114151162790701,52.39405,4.15972540983607,52.262100000000004,4.65242477876106,42.0774814814815,4.35991923076923,42.0941785714286,111.971272727273,14.1370617283951,62.49568421052629,49.157214098208115,177.82996829470594,91.61060548435995,271.1715687444131,98.80923261266778,413.7221985729411,199.52860020566732,211.24399499967694,715.0245975935832,849.0841020829976,514.8615018697456
1295,8.155683098591549,92.3120769230769,6.75133774834437,6.6888282208589,4.26535984848485,62.54755555555549,4.1286181102362205,64.2165555555556,4.5700685483871,42.285777777777795,4.79751162790698,40.9897586206897,110.426083333333,13.1399761904762,63.18212499999999,49.1803019640429,127.03904423897295,91.55881788642566,122.79485518102041,98.218816959189,344.07140919938684,162.62639837805182,166.08140140306205,558.820489095524,2263.115599635057,624.91680146195
1296,0.116677625836485,63.449999999999996,5.52087128712871,7.44753921568628,2.08984823284823,52.6451904761905,1.4534239271781502,10.5126435643564,2.13270095238095,52.806818181818194,1.48801759133965,10.5095,165.214,12.339698924731199,76.3854166666667,73.5431588380424,152.12805095407825,148.56362684222518,115.17972646013767,22.95488360664622,598.1985974358395,25.241501862183213,206.17980044335127,1292.1995017677546,5487.405500025488,189.98790183104575
1297,0.102450980392157,62.378894736842106,5.44721634615385,9.577738317757008,1.37166266666667,63.06074999999999,0.547980998914224,10.5021414141414,1.4116839237057202,63.74125,0.517995278564684,10.452165137614701,153.47963636363602,12.7816,88.2393333333333,86.1327382122278,202.6412047667297,197.01166358016414,114.34195009320885,22.901058720851186,619.9173018103465,76.03059930261225,292.0793049270287,1232.062594499439,2923.6517002573237,189.751700963825
1298,0.125433690592184,62.267388888888895,5.5272030456852805,7.38293197278911,1.56420411160059,51.6231428571429,0.984708989805375,10.5058557692308,1.52506605019815,52.3079545454545,0.9155081545064381,10.5293963963964,154.073727272727,12.3547831325301,75.6620714285714,61.133404504756804,202.39652997838786,148.46423163141435,160.0246314542454,22.836521358890447,386.817695107311,82.63269846793264,227.3012010846287,1153.4382996615022,1385.387105983682,174.7981004882604
1299,7.14545962732919,95.2696666666667,7.4608187500000005,7.48478102189781,3.70097577854671,52.6296363636364,3.9043536121673,52.777,5.207,42.159458333333305,4.84098598130841,42.0401153846154,109.8984,14.790974025974,63.1282777777778,49.2738607165935,203.89710720279095,92.39050697734153,194.45428713834121,98.9110538603641,388.38430773466825,181.12210382241756,192.03150586690754,526.9709014100954,1493.4609032934532,446.27579918596894
1300,10.2378495575221,128.040090909091,6.7464183006536,6.735188235294119,4.53694047619048,52.6427272727273,4.5628945147679305,52.866,5.12877192982456,42.429399999999994,5.151619999999999,42.1563461538462,88.4883333333333,13.6262073170732,64.6941176470588,49.84364957831111,101.73402799172536,92.11003732962482,123.78372546861613,98.69759953583134,342.88980532437563,163.73060643672943,174.0132924169302,557.4347014771774,2631.22089963872,555.5822019232437
1301,0.103499330655957,62.56968749999999,5.1538108108108105,8.569932330827069,1.2534567627494502,52.3921363636364,0.626958210712184,10.5029183673469,1.09155907172996,42.348347826087,0.600752738654147,10.4454444444444,128.093545454545,12.0131546391753,62.297625,73.62073713247673,152.0155312581125,123.83929824044989,114.76382752060859,22.907470844872517,408.50229270290583,78.68530810810626,224.89330440293998,1301.3379939366132,2204.639505362138,166.9103978201747
1302,10.2029702970297,128.648416666667,6.8067417218543005,6.78039473684211,4.93866666666667,63.30628571428571,4.99607729468599,63.304647058823505,5.22001,42.0584615384615,5.24039593908629,42.1556956521739,110.596416666667,14.1244320987654,61.835764705882404,49.28184102423106,126.93071153318537,91.92954312615197,123.34983110010317,99.01346314659041,305.47089991159737,164.25240610260516,186.5276979515329,578.199909068644,1720.894398749806,566.6577024385333
1303,0.100672548053228,63.6103888888889,5.50477990430622,10.4945575221239,2.24090528634361,63.614142857142895,1.3925966709347,10.6071568627451,2.157395256917,63.2166111111111,1.28455989911728,10.452617977528101,132.03,13.006,91.67139999999999,61.46082316049754,177.79123650119098,2521.318593753911,137.69268359816252,22.98104382588926,829.2774029541761,75.05120011046529,308.21069958619773,1549.7291053179651,2625.3198069753125,175.64799927640706
1304,0.10239435817068,62.5068947368421,5.51237619047619,10.4426391752577,1.9456356736242901,62.99523529411759,1.0608298538622098,10.5195576923077,1.87577580071174,62.574473684210496,1.05086618257261,10.419978723404299,156.293083333333,12.7768170731707,92.6437692307692,110.67092098259859,279.831893862778,272.3052907580481,206.38114916111283,22.90808775249677,552.3950036149472,81.35280222631991,316.80869578849524,1534.4434039434418,2524.0743038011715,205.3671021712944
1305,10.1124594594595,127.49845454545499,6.74926315789474,6.74496610169492,4.30182170542636,51.95355,4.37195967741935,52.422,5.01033333333333,41.90532,5.0716113537117895,41.909639999999996,109.260818181818,14.099986486486499,64.46216666666669,49.23254024345991,103.14413969495934,91.82275398384049,146.2040881795516,98.39780605773143,364.49750477913767,169.537597685121,163.20930153597146,563.5021050693467,1477.6789001189172,1254.6545010991395
1306,10.0203108108108,164.313090909091,6.73096875,6.6635844155844195,3.9118184931506903,52.4128095238095,3.97545172413793,52.750043478260906,4.72917621145375,42.195208333333305,4.73658196721311,42.10064,76.5260666666667,13.7799146341463,62.3424444444444,49.56683213386604,229.374622548189,91.80464020432157,99.2026058602981,98.85104403489062,371.9452040968463,145.31899651046842,145.6652011256665,579.2194977402687,1820.1604048954323,929.3743001762778
1307,9.75001801801802,125.2231,8.17804,8.17469,4.56193303571429,51.4103,4.424256,52.45,4.92014084507042,41.8652142857143,5.065464912280699,42.2154814814815,110.78779999999999,14.2266571428571,63.8065555555556,49.495486635268286,203.7207475884402,91.96831168630821,193.33740217670882,98.59446295900293,414.5033977692947,162.22129634115845,170.1086002867669,558.8222964433953,1747.6057022577152,511.15940150339156
1308,0.15694333699576202,63.189375,5.50332620320856,9.53020560747664,2.78562128712871,84.3339230769231,1.37498086734694,10.3265922330097,3.02437921348315,94.5887272727273,1.35854796320631,10.4512038834951,167.96425,13.2817613636364,125.24119999999999,85.8627431572514,202.00850747372556,2514.7050298709732,160.33008573683767,22.90754999857141,820.59430424124,92.30150026269257,415.17830395605415,1928.0568114481866,1168.2996933814138,200.58969967067242
1309,9.542872,127.23936363636399,6.71400581395349,6.73867251461988,4.7099330543933,63.028833333333296,4.60252293577982,62.778,5.03786752136752,41.959464285714304,5.23425837320574,41.992703703703704,88.4889230769231,14.1797037037037,62.9305,49.397469198163776,101.77115469576134,91.28703784959983,172.55877212275863,98.38226363495882,370.3492024214938,157.38070069346577,166.32490151096135,581.9417012389749,2516.078797634691,1159.4804003834724
1310,10.237358490566,127.7855,6.79884810126582,6.81253571428571,5.18733482142857,52.735,4.948838862559239,52.444900000000004,5.17658149779736,42.079962962963,5.11341558441558,42.1823571428571,89.91574999999999,13.9493424657534,60.797000000000004,49.36424495137282,127.29384306158254,91.78655435270416,123.82215243511494,98.66121502083148,357.9076990718022,149.27899464964867,152.51400182023644,547.4316043546423,972.7730037411675,773.2262019999325
1311,7.6722375000000005,93.69218181818181,6.1194708994709,6.10409039548023,5.42805687203791,52.59815,5.82633689839572,52.6608421052632,5.435222222222221,42.038357142857095,5.247945544554461,41.720839999999995,96.8351818181818,13.829945205479499,64.0162222222222,48.99596090278141,101.05226345367623,91.47406123919222,149.05189719600986,98.25044122535822,325.99950209259987,141.7976978700608,148.92880280967802,518.2969005545601,645.4753020079806,1713.4213994722813
1312,7.45833333333333,95.62150000000001,6.967367346938779,6.74495953757226,4.948090909090911,62.8612941176471,4.92573109243697,63.1821333333333,5.4246815920398,41.9099642857143,5.25066666666667,41.566346153846204,110.42450000000001,14.2786103896104,62.299625000000006,49.261232332891026,101.45822423996943,91.41756283222422,98.4472809376501,98.33940444817759,375.5237063160166,146.7490044888109,157.20049268566072,578.583701280877,2930.596604710445,665.5433011474088
1313,0.114932974456407,62.4623684210526,5.36948167539267,9.71659322033898,1.6021913875598102,42.0655,1.17811821086262,10.4327614678899,1.40876070528967,31.369588235294096,1.12773624091381,10.5350090909091,143.440363636364,12.0653720930233,48.761380952380996,98.503455508096,126.67581150726141,98.90043432578327,91.93208175000353,22.93154600462294,549.2198950378224,77.31160731054842,318.4039029292762,925.9405022021383,1715.4089058749378,213.42519903555512
1314,7.15653146853147,93.68045454545461,6.70041520467836,6.6627385620915005,4.41219341563786,63.07252941176469,4.284708,62.6754444444444,4.76102597402597,42.212296296296294,4.866737556561089,42.546962962963,88.4443333333333,14.765318840579699,63.4051111111111,49.23166093142573,152.13811448602863,91.81446809465366,216.96619699590113,98.87941816126607,328.3817961346358,162.25400322582573,172.14510298799723,568.9587007509544,3158.9188962243497,475.36459751427174
1315,9.66730088495575,125.24730000000001,6.73138562091503,6.74365359477124,4.8185308641975295,52.8511578947368,4.802842342342339,52.7252857142857,4.65625,42.1455714285714,4.51376785714286,42.25576,88.6864615384615,13.247814814814799,65.2786470588235,49.40035383091946,178.81315074271814,91.62566663775965,124.03878810867126,99.29108427140726,350.42400122620165,164.54230062663555,168.2384026935324,557.4443988734856,2508.9975039009005,589.7186987567693
1316,9.685245283018869,157.312727272727,6.71138815789474,6.7896477987421395,4.2606693548387105,53.9047142857143,4.30318315018315,52.8523,4.858179487179489,41.9327916666667,4.74820600858369,41.7594814814815,110.755090909091,13.9065769230769,61.7981,49.36755858315216,126.92249626047304,91.6699516450215,122.67762617459123,98.92282433654348,361.38190189376473,133.37010750547051,145.44099976774305,545.8340019686148,1191.7435011127964,1219.4342009024695
1317,0.130389032443296,63.0458421052632,5.48918981481481,9.53217171717172,2.01647265625,83.842,0.686002126151665,10.476718181818201,2.15477348066298,94.4056153846154,0.646959247648903,10.46586,164.99718181818199,13.2275802469136,137.426818181818,73.61197082386767,329.02264197429076,2521.1308003965223,183.6236436989929,22.823171806331178,778.8067974615842,75.57209464721382,377.90049973409623,1796.498999465257,1702.1396954078227,264.33690218254924
1318,0.122546167637831,62.8948888888889,5.3549402173913005,11.819237113402101,1.53857122905028,52.1899545454545,0.90219619205298,10.5361636363636,1.5044548919949199,52.724869565217396,0.845863766048502,10.2509126213592,167.069818181818,12.4213827160494,77.5513571428571,73.39209760499497,202.81980624467835,146.60696062936262,114.18751353535104,22.785267922591718,802.3154980037361,23.90309819020331,220.63180804252625,1557.14750289917,2875.0415047397837,202.8226008405909
1319,6.22206417112299,93.7467272727273,6.69258282208589,12.8418928571429,4.38737444933921,52.5295,4.5344329004329005,52.254,3.8092682926829298,42.0121071428571,3.69498586572438,41.5823793103448,154.82549999999998,13.6222987012987,63.9174117647059,48.89512504407141,152.23080999008934,122.50553741744156,122.40345712125779,122.58936908638192,512.850601808168,223.73980027623475,230.4322028066963,928.445893805474,1559.78329712525,535.82499967888
1320,7.46897080291971,93.65175,12.220329787234,13.1446375,3.75007307692308,52.49705,3.8054375,52.47925,4.29762962962963,41.9073333333333,4.24767372881356,41.4480952380952,99.539,12.7460759493671,62.9681666666667,48.6943391757629,176.62478359874262,91.05184464352591,122.10389285675039,98.10948663041374,468.2268074247986,171.2262979708612,183.10559971723706,675.751399830915,2283.438900485635,471.16449859458953
1321,8.513358208955221,125.32799999999999,6.844375,12.2439677419355,4.361021367521371,52.559136363636405,4.261343612334801,52.71015,4.50037398373984,42.21225,4.49065502183406,42.036035714285696,144.190333333333,14.0250933333333,64.27575,48.91067095037234,151.65360440691754,91.7922571107767,147.24795005737124,98.46359684825903,618.7040999066085,217.39250223618,224.1440990474075,929.1260008467361,4537.06860425882,443.5187001945451
1322,9.63757894736842,125.34849999999999,6.5944533333333295,10.2792164948454,3.81842345276873,51.8187727272727,3.92272222222222,52.664,4.35314444444444,42.1058928571429,4.35687159533074,42.192285714285696,110.208272727273,13.7945581395349,63.57011764705881,48.87391209640742,176.92645665358245,91.87062147892604,215.04390696768186,97.70421761017397,410.96529457718134,188.99039714597166,200.2959983656183,716.5056013036519,1492.7403011824936,492.05980030819774
1323,9.77229090909091,125.0418,6.72513333333333,6.80957558139535,4.21547183098592,51.788,4.1856610878661105,52.5004736842105,4.918632558139531,41.5036153846154,4.7726605504587205,41.696607142857104,87.5989166666667,14.241272727272701,63.287111111111095,48.97270647385627,176.9210933732441,96.53375348961471,173.26391097098033,98.03849977849448,352.13010269217193,155.7536015752703,171.28039908129722,596.0764945484698,2703.2907004468143,582.7349988976493
1324,0.118711302927797,63.647,5.51498578199052,8.05403007518797,1.37968203883495,42.276074074074096,1.0292905263157899,10.5457653061224,1.6357243767313001,53.009090909090894,1.00278767123288,10.4970961538462,132.41208333333302,12.448329787234,75.2126428571429,49.103733570967,127.4049304822205,173.2393968061752,91.85246403051627,22.980391789992602,280.5995987728238,73.09290522243828,261.597303324379,756.9887995487079,2809.896701364778,157.14699984528124
1325,0.0875095112671934,63.385562500000006,5.4518119266055,8.87373282442748,1.84250959860384,62.5329444444444,1.12041853658537,10.504630630630599,1.7233379204893,52.1047727272727,1.1230513100436699,10.4759727272727,97.91658333333329,12.4608636363636,79.42699999999999,48.749737264335025,151.83450117663654,148.68893744465495,114.93645372694616,22.90654846625535,414.91510055493563,87.98539929557592,278.3908974379301,898.6436005216092,2518.7379942508414,180.15280074905604
1326,0.105647254575707,62.3990588235294,5.5084569892473105,10.53687,1.48693342391304,62.8419473684211,0.635569866342649,10.477054054054099,1.49747389033943,63.117055555555595,0.599688589935227,10.4441282051282,158.218818181818,12.3799882352941,91.8691818181818,73.78118877826641,177.4234573506666,2503.983183417489,114.55732323210509,22.854326281198976,925.7341036573052,117.13189887814224,427.6963969459757,1804.604395874776,3578.2899998594075,236.67030036449432
1327,0.15223676916985598,63.69629411764699,5.52798936170213,7.416605633802821,1.56980097879282,62.841555555555594,0.8099264810849389,10.5267319587629,1.38191547464239,52.676700000000004,0.721224028268551,10.4956237623762,141.880727272727,12.341440476190499,74.09985714285709,36.651503407918106,227.98749804790867,147.51953776043766,182.5729756145693,22.873720218073178,569.9143977835774,27.47260150499642,285.45690001919866,1279.2856054147705,4759.431700222194,200.49540034960955
1328,0.12151150985716,64.1218333333333,5.4776746411483295,9.61229906542056,1.11945719844358,52.4781904761905,0.472200358583595,10.487796460177,1.31795947426068,62.969687500000006,0.44680986193293903,10.3401739130435,133.6795,11.8421134020619,88.54276923076921,61.06809168486707,151.74146658537268,147.90331520981024,114.59655244633235,22.832817788209862,582.5708009069785,80.23699629120529,307.665896252729,1262.2941983863711,1889.9784015957266,165.4494000831619
1329,10.49812,126.04454545454499,6.79908,6.73331213872832,5.491630331753551,52.444090909090896,5.265733990147781,52.1513157894737,5.23041964285714,41.8703636363636,5.04875757575758,42.01625,85.2524545454545,13.9635185185185,60.013124999999995,49.114767136606446,100.8880080975429,91.51924455009386,195.35932286666826,98.53181572792366,354.164803866297,152.96830679289997,167.8632019320503,542.3122027423233,1473.1502975337207,1082.2342010214925
1330,10.3275641025641,126.197833333333,6.85719047619048,6.7572619047619,3.64819557195572,52.5781,3.60360218978102,52.6331428571429,5.0517155555555595,41.7485769230769,4.938980769230771,41.4857586206897,90.7162,14.2954814814815,64.1105,49.120889750523624,127.74051877139058,91.58326105107135,146.37132617407298,98.59619359382555,324.98560030944645,161.5308050531894,172.07739292643964,572.8915042709559,1383.2789059961215,456.8851989461109
1331,0.0990916,63.9739411764706,5.4809,6.76469677419355,1.6629593495935,62.92,0.718610157858614,10.4946836734694,1.37705047748977,52.5063,0.669253333333333,10.5006203703704,142.499583333333,12.189908045976999,77.1559230769231,36.695031013798946,126.53541281937662,148.2935804106094,137.46511222184378,22.942343628663814,314.52889961656183,80.32989862840623,231.07169836293906,1019.064596039243,2453.404205152765,175.8527010679245
1332,0.120893374865221,62.400882352941196,5.1190999999999995,7.73856,1.35389236545682,52.4150454545455,0.6665541740674961,10.4923829787234,1.2983581560283701,52.485818181818196,0.65825,10.4898787878788,156.01325,12.473322222222201,77.4969,61.032790024607685,152.19770119378856,148.6368191276982,114.36148061615077,22.949822488659958,537.384903873317,26.461697416380048,236.9445050135255,986.0466991085559,4243.122000480071,165.15190072823316
1333,0.122489529735551,63.508058823529396,5.163598039215691,8.64831578947368,2.14554528985507,62.9641111111111,1.32709922680412,10.4968737864078,1.80088327526132,52.5831052631579,1.30675352112676,10.488318181818201,142.61030000000002,12.5876263736264,79.4798666666667,49.07290493506006,152.72643174688105,149.0635158812519,160.31063298207658,22.901518791046843,495.5978016369045,81.06590248644352,284.41680187825114,909.026202862151,2829.307396314107,162.7258025109768
1334,7.01162580645161,93.6564166666667,7.37882802547771,7.4970980392156905,3.80790774907749,52.1232272727273,3.8780109489051102,51.6532222222222,5.09225663716814,41.5378965517241,5.33161139896373,41.8508518518519,88.6190769230769,14.3276486486486,62.348777777777805,49.36224267560898,330.2242501012341,91.714797040266,99.47426873760811,98.80874130952525,339.5184001419693,165.9518020460382,168.99449692573398,545.467302436009,2232.916303910315,475.72549956385046
1335,0.12296310135450698,64.0887222222222,5.525451612903231,9.618224719101121,1.3811106612685602,52.6645,0.735363765038924,10.5641818181818,1.34730573248408,52.5533,0.699635496183206,10.5627567567568,165.0476,12.3449886363636,78.4087692307692,86.19519276638474,152.4443737165497,199.0189361502365,92.33535434501839,23.002624327292803,395.6648986786604,124.48990019038321,265.2249007951468,1643.424600479193,3404.9999027047306,230.31040036585182
1336,0.45394996150885303,96.0211666666667,5.47804245283019,11.1762696629213,2.4590688172043,73.5496875,1.27867022538553,10.5288363636364,3.26692134831461,104.836583333333,1.26879498861048,10.482000000000001,167.16725,13.6007875,142.682083333333,61.55749436866524,179.41914560880727,2526.8064529363874,138.01425986644688,22.98140995243915,869.7644982021302,160.02320626284927,486.8741991231218,2353.421301813796,2383.511801599525,274.55679955892265
1337,10.3930272727273,125.1293,6.78010559006211,6.78774269005848,5.59741052631579,51.7055263157895,5.400072538860099,52.328199999999995,5.45550717703349,41.10756000000001,5.61735148514851,41.974120000000006,98.5614166666667,14.2236712328767,60.3988421052632,49.189085747149214,101.4320726159557,92.23548701347563,171.49143225050074,98.34409525355856,343.7110979575664,160.83020309451967,167.18660190235823,562.7074948279187,695.4868964385241,1713.340199785307
1338,9.92413793103448,125.36325000000001,8.20485106382979,13.6515375,4.27729752066116,52.56205,4.229257028112451,52.60895,4.59531578947368,42.0155833333333,4.5565256916995995,42.08628,112.15724999999999,13.9715066666667,61.143684210526295,49.01345839759279,153.060799407804,91.91893992634343,145.1867723374745,98.64646373282051,390.0010953657329,221.12809820100665,223.68910140357912,711.5193962818012,4111.624899087474,461.7908998625353
1339,0.15253591570198902,64.0121111111111,5.46827127659574,11.3399117647059,1.77297048611111,63.11166666666669,1.0272720883534099,10.4680091743119,1.7993606010016698,62.954055555555605,0.8995808,10.5019523809524,144.45425,12.5407710843373,93.3718181818182,61.30277040830756,152.2588281999303,223.0225569238587,114.76860348070849,22.88710454492956,627.928803442046,75.30390284955502,334.3254007631913,1490.717998240143,2055.363595718518,192.62749992776662
1340,0.740914862914863,128.12199999999999,6.07869411764706,12.021253012048199,1.8462569169960499,74.167375,0.6498852357320101,10.543981981982,3.5895314465408803,126.26308333333301,0.5871435986159169,10.4432956521739,211.125666666667,13.938113924050601,170.44833333333298,147.4115056255653,253.72271929059403,2530.860142578015,182.87853890157442,22.926471643808764,1046.1236990522593,174.8015987686813,505.3277971455827,1907.8798970440403,1401.3446983881295,293.0473012384027
1341,0.103807431814022,63.8720625,5.51668983957219,8.15602142857143,1.53763623789765,53.03705,0.861735035913807,10.4952702702703,1.42480511571255,41.87188,0.871196774193548,10.531147058823501,157.48083333333298,12.4305760869565,64.5702777777778,49.036637608092605,177.7841902566854,147.8090331562371,161.13396955549254,22.921206833652118,240.36869872361422,27.27980026975274,225.80679797101766,1185.591600369662,4543.680796632543,185.86459918878973
1342,0.11618232367573901,62.397736842105296,5.48035714285714,9.89195327102804,2.026640625,52.5668181818182,1.26829250891795,10.5442886597938,1.71887883959044,42.1945,1.2783027522935801,10.547137614678899,155.726545454545,12.4041097560976,64.1574375,61.10528099404462,152.6020387903295,123.08962696333558,114.73568925564085,22.93711515337132,682.0105016231537,116.27540225163102,337.4424995854497,1548.2076036278158,3889.3767952686176,216.03179920930415
1343,0.105365938385593,64.0228947368421,5.4803684210526304,8.81376335877863,1.3005626398210302,52.41235,0.702655418559377,10.5122897196262,1.13885649202733,41.9419259259259,0.6147393767705379,10.5525398230088,144.086083333333,12.4158936170213,62.4714444444444,73.48599358729581,151.9312110004082,123.7145346630561,114.39722681356957,22.916893257136337,639.452101313509,77.0476006437093,282.35899517312646,1412.2297026915476,2225.7559990976006,185.49390078987926
1344,9.88045378151261,128.373090909091,6.15997435897436,6.1923908045977,5.46186432160804,52.567473684210505,5.32973529411765,53.004999999999995,5.11275688073394,42.4380416666667,5.10470646766169,42.4641111111111,98.2641818181818,14.0721818181818,63.161588235294104,49.02687980771916,101.19457501449305,91.63528753208483,123.9474604506963,98.7137409236427,362.5022014603019,153.2956986920908,152.99270453397185,552.1724990103394,1202.340895542875,737.7595000434667
1345,8.54414074074074,125.097636363636,5.490587939698489,11.3776363636364,4.22674058577406,52.7009473684211,4.665830645161289,52.6709090909091,4.9004904761904795,42.1521481481482,4.87131081081081,42.1245,190.955333333333,13.8909178082192,63.4922941176471,48.84408972855731,126.88120802849579,91.85546237718665,123.3820674685598,98.52845816820705,507.841000217013,235.1353963604197,249.27600461523983,1099.6781929861754,1602.5896999053657,492.795099853538
1346,9.69236036036036,124.7004,6.70544186046512,6.776,3.93532945736434,52.604,3.8834945054945096,52.4731363636364,4.66219502074689,42.4388214285714,4.7326563876652,42.08625,89.4529166666667,14.128381578947401,63.6925625,49.396589503367366,152.44412263928902,98.01682419898482,124.6114584796746,98.85060892729297,365.98620063159615,149.85610032454133,154.0392986498773,547.4857985973358,1488.5960961692035,739.6817003609613
1347,9.86183486238532,127.972272727273,6.25670303030303,6.05681920903955,4.3750921052631595,63.3200714285714,4.40968482490272,61.645294117647104,5.09812440191388,42.084928571428605,5.08000869565217,42.0834074074074,96.51081818181821,14.6682753623188,64.2127222222222,49.1734241602856,100.89824333016789,92.18627962618659,147.86143002643047,98.37097018016901,342.6071983994916,163.84630871471018,167.02519496902823,552.2977007785812,974.0170004079118,1718.8174999319017
1348,0.100457672413793,63.4514705882353,5.490392857142861,8.819145038167939,1.06805604719764,31.255078947368403,0.800408274785324,10.51596,0.898547738693467,20.9976181818182,0.757962016070124,10.4936666666667,142.381636363636,11.9551222222222,36.6755357142857,61.7601578603535,101.27433223696113,68.77773361305462,68.92477068819663,22.90602956901882,352.92179964017123,85.06109879817814,210.66749759484082,789.6660012193024,2770.5400018021464,144.77689983323216
1349,0.118898295120517,62.410999999999994,5.50675961538462,7.3382499999999995,1.51615591397849,42.3588846153846,1.1146363636363599,10.5171578947368,1.4655430656934298,31.574454545454497,1.10161175422974,10.472693877551,154.56175000000002,12.06,51.447047619047595,61.34954742383268,127.21580745259614,97.86897156847888,91.6300573303664,22.8449015803283,394.20960238203406,85.1515942486003,214.65279278345406,1026.757393265143,3223.207301925868,167.15630190446973
1350,5.186543859649119,93.72490909090911,6.026943502824859,13.141746835443,4.39146753246753,52.2754,4.250234042553189,52.5972727272727,4.16884453781513,41.9597857142857,4.23868359375,41.9836785714286,168.53854545454502,13.35475,63.1896,49.22289539174018,101.61489700094545,91.39411394324472,147.6817105464345,98.73582255572022,595.1287050265819,233.23169443756342,253.63290624227378,937.6086003612727,5284.319797647186,510.2169991005212
1351,10.2147916666667,124.672272727273,6.6899363057324805,6.73924342105263,4.26925925925926,52.5839,4.21751836734694,52.7155,4.87406276150628,41.96,4.95698717948718,42.0836428571429,87.64658333333331,13.99304,64.09179999999999,49.200148288467595,101.38900532021133,91.7343147873608,123.92204987799828,99.28083594877099,364.9149992270395,177.37519810907543,189.52229293063283,551.5427939826623,2274.694704101421,665.7603022176772
1352,0.105886815792186,63.5318333333333,5.52074193548387,7.42631125827815,1.1013655303030299,42.109407407407396,0.637229525862069,10.5383300970874,1.13123814229249,42.085625,0.6323817891373801,10.511379999999999,156.811,12.0698202247191,64.0169375,36.823756327951735,126.80076065758205,148.46220893149254,91.90863504072472,22.923010360052643,436.41559896059334,75.75759664177895,201.67340117041022,1030.334402457811,1275.6523938151076,179.23539853654802
1353,0.12209814084507,63.2604117647059,5.52355450236967,9.63070588235294,1.78405088062622,31.423696969696998,1.48621244925575,10.5839462365591,1.61454320987654,20.973491228070202,1.48883215796897,10.4971515151515,145.4616,12.4236506024096,37.918384615384596,73.57657484973356,102.166866491458,68.61774080504924,68.77806812553895,22.907827248284008,308.90870257280767,75.63790131825954,239.34970085974783,918.7645046040416,2471.754199359566,165.85680132266134
1354,10.0302897196262,126.207636363636,6.68947,6.76083443708609,5.22989054726368,52.427619047619096,5.09829,52.454750000000004,4.91638839285714,42.00544,4.992231404958679,41.9072307692308,98.9791,13.590173333333299,62.965105263157895,49.341179902425395,152.3305545734554,91.80054943646182,123.98396294268585,99.10302913855796,340.0122048333287,144.60140082519501,152.88949944078922,568.1125912815332,687.672701315023,1696.8397016171366
1355,7.738680272108839,96.2291818181818,6.75997041420118,6.84642603550296,4.33709848484849,52.5324736842105,4.57347196261682,52.51065,5.19539487179487,42.2997083333333,5.11651785714286,41.6064642857143,110.578909090909,14.4508701298701,62.6325263157895,49.4481044520107,152.71848669618407,92.04469184767268,99.338732684118,98.98459542551386,344.5184032898396,135.38490456994623,137.1825987007469,526.4569044811651,795.5920998938382,1713.1376982433721
1356,7.932592592592591,93.6957692307692,6.755611842105259,6.76774011299435,4.30160330578512,52.753619047619004,4.22414233576642,52.677499999999995,5.0315974025974,42.085719999999995,4.8967512437810905,41.778,89.59474999999999,14.5291728395062,65.75733333333329,49.22840954889924,101.71962504321722,91.69208082545481,99.7082774310985,99.0230045464455,358.31390123348683,152.33070007525384,160.167200374417,588.2248980924487,1208.9009047485888,1043.662498705089
1357,9.38156880733945,124.99175000000001,6.75629069767442,6.79412426035503,4.63486637931035,52.5847727272727,4.82916803278688,52.574000000000005,4.85161728395062,41.741115384615405,4.7909557522123905,42.1186666666667,88.891,13.4168372093023,61.4850526315789,49.13739565443377,229.23537705269496,96.82213204708334,123.42339455676185,98.6973717469954,359.58499647676945,154.63019371964037,165.27189873158932,590.8615974476561,1092.0756991254166,663.4371005930007
1358,7.077158536585371,93.6565,7.48081366459627,7.44894871794872,4.67964186046512,52.4991764705882,4.64257083333333,51.712181818181804,5.315125,42.0262592592593,5.225968036529681,42.0801153846154,88.45975,14.6224109589041,61.3727368421053,49.31331626352485,152.81001682134632,97.41451868539403,125.93798868584747,98.66773304993707,339.84639740083367,142.3987007001415,156.63170197512954,686.3775983219966,3051.1928925989196,549.3480013683438
1359,0.09253405078190681,63.5524736842105,5.56538787878788,11.107858695652201,1.33869322709163,31.466216216216203,1.17533974358974,10.4784770642202,1.25045813397129,20.911625,1.15209195402299,10.4644623655914,143.800833333333,12.3546063829787,38.005032258064496,61.316831982784066,101.7766489544675,68.7067163135708,68.91857853779773,22.977860782370374,297.29910020250827,81.47180487867445,215.11029335670173,655.9427944011986,2723.735407926142,152.28179981932044
1360,9.70063793103448,126.118083333333,6.80617261904762,6.81353142857143,3.37906472491909,52.785599999999995,3.47972668810289,52.4441578947368,4.8746186440678,42.0918888888889,4.95644390243902,42.046964285714296,88.4034166666667,13.7797692307692,61.552611111111105,49.1817810578746,152.3685595795379,91.94245568268961,98.90357422886152,98.54664935420966,371.1197030497715,160.408194642514,172.75120480917394,566.6437966283411,2761.514898156747,503.21610178798437
1361,9.881679245283019,128.217833333333,6.74889411764706,6.74770987654321,4.12156557377049,52.2895789473684,4.30352173913044,52.5567142857143,4.9884798206278,42.26824,4.8021830985915495,41.636423076923094,88.4451666666667,13.9687710843373,63.7615,49.22068089162277,203.98348746179016,91.8400349894459,122.31739494801211,98.79466658459795,344.9212061241269,144.2530017811805,144.17869388125837,546.9007010105997,3804.3330976506695,537.2368003008887
1362,7.188369426751589,95.8631818181818,7.45201360544218,7.48041605839416,4.08053007518797,63.1431666666667,4.2382824427480905,63.1080588235294,5.71667676767677,41.9784814814815,5.42670558375635,41.9598846153846,100.081,14.94795,63.125499999999995,48.976278190500494,178.18254308811296,91.68100977192539,123.84953504596096,98.64164645576915,397.0561898313463,181.23619665857404,190.50159899052233,561.8284980300814,1461.5912950830534,545.509101357311
1363,10.0767375,126.840272727273,6.78632352941177,6.792546052631581,4.97777102803738,52.770950000000006,4.89873515981735,52.4607368421053,4.87619166666667,42.0013913043478,4.70137391304348,42.09175,109.4245,13.5387380952381,62.300055555555595,49.26769522458501,101.85932822435886,92.15719725621771,173.69201385584788,98.69147711212334,334.67809844296426,161.5987013792619,178.43229288700968,575.515502714552,974.8870972543955,1633.141198544763
1364,0.107826428123038,64.06315789473679,5.518877005347591,8.81949579831933,1.19998470588235,42.0768214285714,0.652327272727273,10.5237551020408,0.95522366148532,31.5982432432432,0.6388827199001871,10.633040000000001,143.644,12.090488636363599,50.9530476190476,61.40131114347998,126.8962450831847,99.15054454958211,91.99367799251927,22.896452713051108,301.13069515209645,97.76770311873406,221.22750524431467,902.1857025800273,1899.4964979356155,164.96859898325056
1365,10.3358053097345,125.25718181818199,5.49310194174757,11.8589270833333,3.6478130841121503,52.7331904761905,3.63983596214511,52.66455,4.72847435897436,42.0704285714286,4.6238715953307405,42.0738846153846,133.623,13.5907380952381,63.48556249999999,49.86367136667366,229.43297029954886,91.86871695774849,146.52360144463017,98.73408977125011,440.4513048939407,237.7374010393396,231.38829856179655,814.6473002852872,1357.8036014223471,434.2262021964416
1366,10.0439454545455,125.47160000000001,6.287930851063829,6.44116111111111,3.2821153846153797,51.213,3.30101510574018,52.5964545454545,4.6377937219730905,41.7473846153846,4.52842592592593,42.135678571428606,111.870545454545,13.0300487804878,62.3017,49.34819583262043,127.34159752978192,91.68330457542261,123.24186653239013,98.66558154871302,331.0139960376546,152.13250007946044,156.26210370101035,551.4199001481757,1334.5104031031951,561.8413008050993
1367,0.20677447483155,63.2873888888889,5.7448944723618105,11.1742857142857,1.5689972789115598,52.449476190476204,1.01580403458213,10.520642201834901,1.75031551724138,63.0005625,0.9919035087719299,10.4886126126126,200.189181818182,12.366648936170199,89.2734545454545,111.23449884248883,152.429281773132,2538.6354224402594,2367.3709621580024,22.98830113832494,894.3145017838106,126.11139682121573,465.9132973756641,1865.43500458356,5247.341303038411,243.12640016432852
1368,0.123623244761288,62.492388888888904,5.5198717948718,8.23742,1.89562377850163,63.02976470588239,1.15681518481518,10.4031165048544,1.71847088186356,52.8123333333333,1.07287346553352,10.4822280701754,144.97925,11.970906976744201,76.573,36.83462533431827,227.9477976495569,148.64532789406366,183.4349535402717,22.85137375642547,457.33239967375994,74.74439917132258,290.9102011471987,1332.4764993740246,2664.814196759835,164.97810138389468
1369,9.972341880341881,125.01330000000002,6.8090067114094,6.7534802259886995,4.2099314516129,51.3454444444444,4.40374458874459,52.4014545454545,4.96712980769231,42.0623461538462,4.82422748815166,41.859304347826104,99.0471,13.899225000000001,62.89417647058819,49.401337383172134,101.1771375343983,91.43997679757292,190.41673879934166,98.289024941899,351.44020803272724,150.81310120876878,158.04849390406162,563.8753063976765,960.5298982933164,1726.9686999497935
1370,10.0575436893204,124.83718181818199,6.74767647058824,6.7637880794702,3.2675571428571404,63.106052631578905,3.29690996784566,62.742263157894705,4.80541767068273,42.0073076923077,4.67952788104089,41.9815357142857,89.5607272727273,13.633423076923101,64.23477777777781,49.51432900990592,102.10920978560978,91.68367160679678,125.29915130521097,98.902127075485,359.35059713665396,139.01839847676456,145.71119972970337,578.428601147607,1500.3875974798575,645.8449002820998
1371,0.126661849710983,63.8719444444444,5.5075829383886195,8.11027027027027,1.67339855072464,52.715619047619,1.05899815327793,10.3984222222222,1.43032258064516,42.1219090909091,0.9936571936056839,10.5276017699115,165.953416666667,12.1702947368421,63.9658333333333,49.036592926350025,152.49377893724815,2532.58465105859,2302.875575547148,22.971088359266336,426.02880275808275,78.67549429647624,250.6646967958659,1178.771397098899,2485.840008012019,161.37589991558343
1372,0.100824072461244,62.56034999999999,5.49432432432432,9.6353781512605,1.35439256678281,42.2722916666667,0.8812777369581191,10.514289999999999,1.14642348008386,31.565558823529404,0.870299654576857,10.516410526315799,144.44583333333298,12.1078539325843,51.5886666666667,74.06118781987409,127.38592898992395,99.76246434151408,92.00772012723557,22.978595346976334,315.8123989123851,26.703899493440986,209.30420141667128,1011.6552963154389,3535.190297407098,151.18320006877184
1373,0.119405172413793,63.908,5.46781603773585,7.46306338028169,1.1206194251734398,31.491513513513496,0.8414062038404729,10.4953535353535,0.95428545941124,21.0115818181818,0.813273624823695,10.4662702702703,141.575545454545,11.6572164948454,37.444062499999994,73.52144907772812,101.64100110689213,68.60933643723727,68.81511705951607,22.939528353340602,211.1363020958379,80.81019623205066,165.87129794061184,1167.662293300964,1435.0841025589034,153.30809983424842
1374,0.0875275572519084,63.705,5.4533807106599,8.03298,1.21173714285714,31.52509375,0.948571302816901,10.6250545454545,1.016122,20.978163265306097,0.801564318529862,10.402500000000002,120.365181818182,11.6917093023256,36.4958571428571,61.10436678116314,101.35213765584332,68.70767071024818,68.59619845792291,22.89428112551122,200.94510400667787,26.652502128854394,173.82900696247816,650.4635966848582,4347.36679890193,152.53500023391098
1375,10.5746697247706,124.97109999999999,6.75441721854305,6.74756953642384,3.1405971014492797,52.4372727272727,3.42628239202658,52.917157894736796,4.84263559322034,42.044481481481505,4.8356561085972904,42.1163333333333,88.5653333333333,13.7302988505747,65.070875,49.534786676292235,101.9224506014499,91.9677428163371,147.22502687898398,98.4010978244839,358.0334014259279,148.6327004386112,151.5495969215408,561.2808017758653,1482.5435006059706,806.3545014010742
1376,0.0831015793501705,62.44317647058819,5.17605963302752,7.0821646341463405,1.78330067567568,52.4525,1.1974030769230801,10.505102040816299,2.0090783898305102,63.0160714285714,1.10381330221704,10.5032201834862,132.09290000000001,12.5472195121951,89.1619166666667,61.551486540730735,153.1309346081965,248.125692344186,114.99972716350327,22.941738413217777,630.7760952040553,81.98769064620137,287.2887998819351,1273.5908007016405,2180.8410034282133,155.1296008983627
1377,0.118717625195618,62.48347058823529,5.490805,7.4895,1.79020433996383,31.6792432432432,1.55512518628912,10.560193877551,1.67280157480315,21.018833333333298,1.51475427069645,10.5643495145631,156.216636363636,12.0183473684211,38.9718620689655,87.46011668697587,127.4032235193677,68.9934239664738,69.0378176293586,22.987347056439265,298.28730621375144,71.42839895095676,242.1759010758251,782.0316939614713,1564.2837970517576,177.39190079737455
1378,7.43775816993464,114.165916666667,6.7947875,6.7954799999999995,5.08707920792079,52.8067619047619,5.25144444444444,52.38085,4.97409130434783,42.0182142857143,5.04906132075472,42.448230769230804,97.8789166666667,14.7351666666667,64.6066470588235,49.39116919899021,102.18498419120047,91.91763724950695,195.93989849988728,99.15961607288789,337.7962944796309,157.98760578036308,161.75749769899994,567.9762980435044,814.8212073137984,1740.7667997758836
1379,0.137059115810931,63.695684210526295,5.47933149171271,8.86190769230769,1.39671298701299,52.5050476190476,0.81755652173913,10.5312761904762,1.41753024911032,52.6115909090909,0.759872151898734,10.6146635514019,154.190272727273,12.608142857142902,77.2281333333333,73.88826141805924,152.23913061885838,148.7649539909695,114.84413428862585,22.948597700358008,851.5008026733994,103.35110127925873,390.31720079947263,1534.477004315704,2605.2449975395575,233.92319853883237
1380,7.8798695652173905,95.1426923076923,6.7720643274853805,6.805863354037269,4.858945833333331,52.5259545454545,4.84210267857143,52.6867619047619,5.17479185520362,41.778217391304295,5.167050925925929,42.358821428571396,88.3403333333333,14.2285402298851,62.88688235294119,49.209645396047186,101.70496304764187,91.79955190613319,122.94559073303276,99.54421927514267,346.74429043661803,138.80059705115855,148.53639586362988,540.1542934123427,1606.4151976024732,591.8678973102942
1381,0.13350205291970801,64.15576470588239,5.49094230769231,9.65348623853211,1.29258239277652,31.5342258064516,1.09772332389046,10.526541284403699,1.10144730392157,21.0144909090909,0.9498933884297519,10.4996788990826,144.023363636364,11.842886597938099,39.9351739130435,49.09592265280304,101.50872128045606,68.88368615694732,68.77876104436142,22.940381404535213,212.02130301389843,75.49470174126327,139.44549136795104,510.0329988636076,891.9383049942553,152.34480088111013
1382,9.93937735849057,158.61489999999998,6.4891225806451605,6.45502717391304,3.63060942760943,52.5288947368421,3.59561794019934,52.43445,5.248969387755101,42.081769230769204,4.86446261682243,42.327541666666704,110.186818181818,14.0381265822785,64.7749444444444,48.99298378637359,101.49694138111857,91.69998235221728,171.3785431216731,98.55376803882454,332.17950258404016,170.23990221787244,195.57970517780632,550.9698909008875,2156.205801293254,584.9951994605362
1383,0.0851590485422414,80.479,5.44085581395349,10.495125,1.03288859180036,31.4237714285714,0.7122140052356021,10.4765656565657,0.860321683876092,20.9813454545455,0.7098244985673351,10.2996964285714,145.318454545455,12.3713536585366,39.3621304347826,49.5085962553026,101.4106808149641,68.7804500269885,68.80546789917328,22.91953643971006,362.819095607847,24.464199668727815,207.25299837067723,1224.3570003192872,4613.418004009873,168.37110160849988
1384,10.250848484848499,141.667363636364,6.78237640449438,6.75847260273972,4.86227016129032,65.29899999999999,4.979371179039299,63.404388888888896,5.372165,41.998461538461505,5.4827523364486,42.2520714285714,88.3836363636364,14.5922375,63.9631052631579,49.292788089925914,101.84992796050575,92.07718181860733,123.91761669247066,99.12383409462514,359.72079494968057,170.82250269595534,175.69049960002303,579.5413977466524,1127.9271013336256,797.4833977641538
1385,7.43325766871166,93.8811818181818,6.70909032258065,6.77313605442177,4.41185829959514,51.8485454545455,4.47574561403509,52.807684210526304,5.1719043062201004,41.9697826086957,5.14766507177033,41.8363461538462,88.95225,14.0771204819277,61.0154117647059,49.19865822390902,332.0691283328591,92.45346227071038,171.8168940482657,99.3050033003185,347.79129491653293,135.5838991003111,153.49180612247437,550.1846026163548,2227.9839031398296,523.8998011918738
1386,0.126591742055208,74.95278571428571,5.4754974619289305,7.40202158273381,1.31098513011152,42.05464,0.85544776119403,10.521343434343398,1.28449830890643,41.9853043478261,0.760907647907648,10.470330357142899,144.3913,12.4431,63.48572222222221,49.37814074171554,152.50222670603787,123.52455067591497,137.68569596881215,22.938519460117273,418.18900499492884,25.432708207517862,260.11300506070256,1413.718197727576,4062.3256994877006,149.2365001467988
1387,6.86016666666667,93.72754545454549,6.746544871794869,11.205247524752501,4.04440357142857,78.4238666666667,3.9840955631399297,73.4100666666667,4.69240983606557,42.024,4.700666666666669,41.913185185185206,122.801166666667,14.5058732394366,62.64063157894739,49.57389739545662,408.9183445248894,91.884498377267,125.42980237294414,98.81279458027653,486.78850871510804,235.42219714727253,242.51010036095977,589.8209987208247,1389.9224053602666,444.234799942933
1388,9.7264705882353,126.259636363636,6.93068902439024,6.69233,5.51732178217822,52.4807272727273,5.45840703517588,52.3687272727273,5.076111675126899,41.2393571428571,5.23570697674419,41.9385833333333,87.5493076923077,13.9955138888889,59.0515625,49.3276371833676,102.16420012267274,92.08544914597826,123.9752376916904,98.72647399387542,336.68550895527005,158.45580492168665,159.25458865240216,557.2041991399601,1479.4286980759352,666.6063010925427
1389,10.0897264957265,125.2034,6.75372189349112,6.72681290322581,5.08768341708543,51.7855,4.99945814977974,52.1761363636364,4.94211111111111,41.9995555555556,4.76771219512195,41.7611666666667,109.976333333333,13.416476744186001,60.328,49.99624093776197,128.1134232712138,91.76177470539164,218.3777045400007,98.34152837749068,340.36450379062444,148.21160584688187,158.5372898261994,546.1355060106143,1966.8919063406065,979.0052019525319
1390,9.956060344827591,126.634545454545,6.96665753424658,6.738900662251661,4.85775720164609,51.9198636363636,4.85866836734694,53.130363636363604,4.86895081967213,42.1579285714286,4.84745412844037,42.2080714285714,98.8695,14.52312,65.8066111111111,49.42499171306474,101.87444599454575,91.95653527847871,100.30756976803764,99.54431667071754,351.0027047013864,145.03060665447265,153.83060672320426,548.2824955834076,964.5419049775228,1736.2541984766722
1391,10.2215181818182,127.64499999999998,6.76482456140351,6.70896666666667,4.869811926605499,52.8449545454545,5.094454106280191,52.7513181818182,5.02432258064516,42.1237407407407,4.89300823045268,42.15232,87.98349999999999,14.4183766233766,63.927875,49.2704416818335,101.80970406219205,96.37818139093177,99.97832393277052,99.4271070790115,344.8374947765842,158.63279986660928,169.60680077318102,569.8781955288723,1322.6576003944501,982.861898955889
1392,9.94351327433628,125.033833333333,6.75894193548387,6.76311875,3.42450304878049,52.661315789473704,3.53224390243902,52.715545454545506,5.376440909090911,42.1375,5.27240465116279,42.112125,88.901,14.6963,63.68316666666669,49.44251072017376,127.21657437415637,91.80821245607719,146.92649628446188,100.32930628531099,361.71379615552723,152.25090028252453,152.07189717330039,574.9431060394272,1378.9160002488643,946.2301997700706
1393,10.4400396039604,128.9269,6.84250588235294,6.82379333333333,4.80782959641256,52.52935,4.58931140350877,52.31395,5.23446976744186,41.8681153846154,5.12394312796209,42.256375000000006,89.5242307692308,13.5524675324675,64.1626875,49.21207815893653,152.83948674524072,92.21760745689507,99.4444856641333,98.89347912540904,327.16790155973285,152.60869695339352,158.24510483071208,563.5871028061956,2098.6855059163645,711.4795997040346
1394,10.372,125.112363636364,6.63782857142857,6.75029310344828,5.16985087719298,52.3123181818182,5.00887391304348,52.789849999999994,4.88445833333333,42.0835925925926,4.90460406091371,42.5278571428571,76.5972,13.9064642857143,62.065437499999994,49.17034742219905,101.67290289047094,91.8518279642963,99.697357781317,99.09662554173326,358.0098011298105,132.25889997556806,135.6366032268852,559.1320979874581,1715.6958958366886,1213.5933997342363
1395,0.152200831210618,63.3878235294118,5.4273188405797095,11.9314948453608,1.59527753303965,52.1138571428571,0.9056308411214951,10.4500388349515,1.51555111111111,52.4809545454545,0.8876462848297211,11.0791509433962,188.762416666667,12.2046631578947,79.0786666666667,99.03599470945485,153.20310386163524,2513.2510993114806,114.69064908013328,22.84432694235148,797.4037056555972,145.87660261895508,282.51980256754905,1693.5075022047386,1975.5924033233894,215.32399987336248
1396,0.144658879745155,62.423874999999995,5.3837301587301605,9.61983018867924,1.44739736842105,52.5206363636364,0.7730387491502381,10.527542168674701,1.57555919003115,63.2604117647059,0.807958333333333,10.4968725490196,143.71118181818198,12.1882526315789,90.2221818181818,86.91970138510429,178.99601728839863,2520.1021146301273,114.87458091869263,22.893572111398107,673.9868054864928,82.67979719676077,339.53919482883066,1180.4681009380147,1996.0057950811463,164.43180211354047
1397,0.122056288776086,63.0934117647059,5.53810476190476,8.15431914893617,1.57111772665765,41.99425,1.15134547591069,10.5232417582418,1.88036787564767,52.027,1.16544378698225,10.236375,134.001454545455,12.326621052631602,77.3506,61.029164614261454,202.04378014866543,148.58683837301044,137.8521273895105,22.848903599759634,553.8161989534274,76.54780347365886,264.26579570397735,1258.5824966663495,2697.8858979418874,151.11569955479354
1398,0.0877308,62.481736842105306,5.481068062827229,8.01054861111111,2.06473406193078,52.482333333333294,1.34530846484935,10.5269468085106,1.78965629860031,41.5844782608696,1.30487994722955,10.4013962264151,131.81825,12.047275862069,61.713947368421096,61.34895936158865,151.73817721260622,123.1288077881563,114.73932231329829,22.824969983708815,384.4222956104204,73.00180150195956,257.9019987024367,1153.5799101693556,2276.0698047932237,148.4858017647639
1399,0.102611015801354,64.0081176470588,5.4766887755102,10.4749397590361,1.45740880503145,42.1963333333333,1.0561447124304302,10.623137614678901,1.4026618037135299,31.8114166666667,1.04244103992572,10.5061224489796,155.099166666667,11.8425567010309,51.004999999999995,60.893291309238094,151.7686095213561,98.99152807540005,91.53405596291833,22.915266218827256,449.7348971199244,77.63219182379544,274.07949964981526,1389.81849886477,3386.9830949697644,215.24920011870563
1400,15.811842105263201,296.291363636364,7.5709466666666705,7.60291503267974,9.5678380952381,162.93136363636398,9.91094736842105,166.82863636363598,14.667323943662,132.54520000000002,14.2180135135135,131.611666666667,276.75010000000003,70.2770666666667,257.368,154.47789308485036,553.506115067225,294.581799525911,312.27210665577275,316.83118198230164,371.88190035521984,214.78160051628947,222.5095988251269,1265.0254007894546,13548.525999067351,1763.0527989240363
1401,20.4601228070175,393.103833333333,6.80172955974843,6.9351156462585,9.36730555555556,165.8513,9.30327433628319,165.922909090909,13.2693506493506,131.39566666666698,12.1336741573034,132.072666666667,277.164272727273,69.5134666666667,258.6375,154.61965221979446,403.98966582267036,295.1404421707218,459.524122791338,317.2859873514567,416.9462074059993,211.0623987391591,219.78350123390555,1273.3444018522277,3471.8699025688693,2147.5667017512023
1402,20.4238518518519,392.471454545455,6.2644797687861296,6.16984408602151,8.928315384615379,165.57440000000003,8.2504776119403,165.910636363636,10.5762526315789,133.2989,10.863924528301899,133.319272727273,309.06636363636403,66.5089333333333,261.684090909091,155.4891067936438,323.429531658072,294.54137613039416,545.6800158897036,317.46459417401724,336.96160244289786,206.8627014523372,212.1426980011165,1228.1150091439486,4550.179903162643,5823.339501512237
1403,19.9758113207547,392.83869999999996,6.884132947976879,6.8768199999999995,8.974830508474579,166.786363636364,9.22903603603604,164.9434,11.4598965517241,132.4873,11.2344285714286,131.2315,240.7695,65.0744,254.014090909091,155.00276135937136,322.25624193130574,296.81740101241473,386.3293327302204,317.332527475909,422.05959907732904,218.57079700566828,243.5633010463789,1241.7519028531387,5372.0417025033385,2473.6748018767685
1404,0.13970526602258798,194.631272727273,5.562026178010471,10.220431372549,5.57237777777778,230.221636363636,2.16911231101512,32.5882285714286,6.031691428571429,231.40475,2.15773727087576,33.0701875,477.7427,43.267782608695704,392.834,234.15372394260888,551.0981806443805,8080.9782479999985,443.70458296752025,74.00152248571914,873.0695000849664,26.88700333237648,393.8805020879954,3257.109201513231,21312.61710310355,704.5203994493932
1405,0.0838209927440633,195.231083333333,5.4942216216216195,8.284870503597121,2.72952482269504,97.6699090909091,1.48305498721228,32.8628484848485,2.17528925619835,66.093,1.47654738330976,32.9971290322581,344.1368,43.31192,162.727166666667,154.32556432725303,318.6922770465938,221.88073365060316,221.19293728126985,73.91346069854892,354.60470244288445,77.20630092080683,229.99359935056418,2180.7320008520037,4101.4384012669325,455.80090081784874
1406,0.12047694656488499,196.765166666667,5.56264324324324,8.71319658119658,4.54276651982379,164.904909090909,2.71508450704225,33.0696857142857,5.54180978260869,195.3305,2.65088997555012,31.9617222222222,474.64099999999996,47.511,343.61718181818196,191.8745070260959,640.67505462331,792.3590341145236,368.5679450570011,73.9593933179478,683.3209976321086,107.0627011358738,346.9472052529454,3093.5243004933,5264.194903429598,693.4091012226418
1407,0.13114694722318,194.6335,5.62867213114754,8.976,4.5314724409448806,131.1176,2.78479518072289,33.1421875,4.0291968503937,100.05199999999999,2.76877211796247,32.7873333333333,446.2148,48.824173913043495,210.952272727273,270.7913074244286,403.1183861151381,310.7271731886558,296.2355606043779,73.52329882899068,668.1341998046264,111.25240998808295,334.61030398029834,3311.337498598732,5804.12789422553,628.5020994255319
1408,0.120054827299209,195.410272727273,5.672078048780491,10.385595959596,4.3439913043478295,164.7723,2.16382725527831,33.017857142857096,3.7799859649122802,132.07418181818198,2.27797633136095,32.6520606060606,510.904833333333,43.6454583333333,255.88854545454498,232.98296363513225,485.53309717456364,394.8902637929592,369.5530138998501,73.45447968173312,718.2336034020409,147.38620375283062,409.1989976586774,2868.537401081994,8206.431596772745,689.4756021210924
1409,0.29577816391543604,196.969727272727,6.11227272727273,13.2388928571429,5.1282100456621,198.704090909091,2.38149543378995,33.1190588235294,7.784999999999999,330.04675,2.37757531380753,33.4533823529412,553.615,44.268840000000004,536.0491,309.5536696804221,481.21839551371517,8077.175720000003,368.36873299986763,73.45797008838471,1084.5863027498126,151.64000215008855,367.9336019558832,4700.355001841672,8723.338600248098,846.0312004899606
1410,19.1839836065574,395.02333333333297,9.63949557522124,9.63181818181818,10.3085294117647,164.81145454545498,10.1619252336449,166.5781,13.8823924050633,131.719666666667,13.8315063291139,129.699181818182,345.428,72.17739999999999,254.859909090909,156.05156039562067,556.3979452684355,292.6598295154562,381.00051319819585,314.38830199456555,437.9091027658433,285.5621016351506,311.54029711615294,1451.499099493958,5834.428398520686,1566.5679005905986
1411,0.121311415044713,195.655,5.64529946524064,7.48827737226277,3.62263071895425,133.6362,1.97196627318718,33.1301142857143,3.04421727019499,99.2013333333333,1.96231052631579,32.8673548387097,473.07245454545404,43.072407407407404,207.86860000000001,116.72986229843593,399.72793390447936,316.66993679725465,293.75506824163443,73.7623813544107,569.7668995708227,99.73800333682448,271.9923999393359,2239.9639012292027,4944.152102689259,492.3958011204377
1412,16.1965774647887,293.0082,6.88258083832335,6.8459578313253,9.67088461538462,165.772545454545,9.6086,164.963181818182,15.2372328767123,132.45175,13.697040000000001,132.4882,243.4555,69.62156250000001,257.8616,154.36339860563663,322.4285178166269,294.9841144917963,311.94057085096665,314.3003264740057,365.3897059848532,211.39710152056068,219.03339948039502,1221.1326014949009,4941.281897481531,3189.4757004920393
1413,0.0799144535840188,198.7597,5.63594505494506,7.60588535031847,4.17639097744361,132.25300000000001,2.4189083769633504,33.1685428571429,3.47521183800623,98.4795,2.44336093418259,33.0291428571429,480.27299999999997,45.936714285714295,208.707333333333,152.7260143406859,400.9209224451376,310.84190585567933,293.3415577543147,73.86053000072323,362.0008035795763,97.55840292200446,261.30970218218863,2789.5310951862484,5402.34440122731,532.3144985595718
1414,15.663900000000002,298.21049999999997,7.5432535211267595,12.2932268041237,8.902515384615391,164.121,8.86258260869565,165.05045454545498,9.224833333333331,133.511636363636,9.13511607142857,131.744272727273,381.572333333333,59.3308823529412,256.49575,153.52909196579608,559.0300630970099,295.0520725607759,465.77956466207945,313.88390776182797,563.496199902147,279.1982959024608,295.5515054054558,1720.2334012836218,1746.6589983087033,1712.8817999036983
1415,0.11983249312557301,197.020416666667,5.57961352657005,10.2785754716981,4.3263232758620696,165.011666666667,2.14909811320755,33.270548387096795,4.493614457831329,166.27718181818202,2.1779944444444403,32.8425277777778,446.4079,40.9109285714286,302.14549999999997,269.7346378732312,563.3122421358219,473.23988978683445,367.126502662333,73.67956544942926,733.6507929721847,111.4729035180062,405.0646035466343,3397.319497889839,9275.096806231886,609.3739008065313
1416,20.136862745098,393.835545454545,6.824582781456949,6.713976470588229,12.101097826087,164.172727272727,10.7121650485437,163.61939999999998,10.6008971962617,131.63150000000002,10.1258529411765,130.738083333333,343.9448,67.6912,256.2444,155.04576806644405,322.08876581906947,305.45930483297593,315.80879955507055,313.9304163261463,393.34049506578594,196.19950035121292,207.511693588458,1225.917408009991,5129.700299585238,2599.4164985604584
1417,0.0989187737967392,193.436083333333,5.6287363184079595,9.68815740740741,4.30703433476395,166.427,1.96714260869565,32.9254705882353,4.74157674418605,198.41649999999998,1.9893055028462998,33.3119375,437.96824999999995,41.7643846153846,350.92400000000004,193.41071059274924,568.6273538864535,8025.892732000001,367.2516505454633,72.6996364348653,771.8364970060065,97.24249830469489,336.32540435064584,2547.383200726472,2498.864397057332,580.7225010357797
1418,0.0861527989108673,196.830583333333,5.65977884615385,8.97821875,4.969741525423729,165.22872727272699,2.54311403508772,32.581694444444395,4.89265086206897,165.7438,2.41612933025404,33.3887575757576,509.5511000000001,47.6199565217391,302.3405,116.28846990000676,481.7439375854326,477.04718482774956,7350.472803333333,73.52092691986007,650.9369966806844,116.20499426499009,376.26319972332567,2812.770099262707,5061.047099297866,737.0161009021103
1419,14.928447761193999,297.78200000000004,7.0450063694267495,6.8078431372549,9.64712264150944,165.01327272727298,9.33328571428571,164.170833333333,14.2583150684932,133.067,13.6301,130.59709999999998,308.7508,72.771,253.77374999999998,159.10973085624587,323.6480892911678,308.9254101176039,382.29553154329955,316.00984966405224,385.12660248670727,208.65380065515637,213.99169927462935,1184.496795758605,3406.855699722655,5716.078000841662
1420,20.032196078431397,392.63649999999996,6.84951351351351,6.80839102564103,8.21140157480315,163.632818181818,8.48811965811966,163.8554,9.93949107142857,131.32475,9.55183050847458,131.128,278.6529,60.4891666666667,257.319083333333,156.1114457628089,477.34653186563224,294.17559081574024,384.5365708125406,316.05740431176014,382.5957071967423,204.458596999757,216.87850530724972,1207.45099557098,8907.796701532789,2137.6152988523245
1421,0.123294733502538,194.723666666667,5.626352657004831,9.7415,4.53181779661017,165.650363636364,2.029375,32.903375,6.1118024691357995,264.754818181818,1.92196407185629,32.11584375,342.049666666667,46.5248,452.067,194.10988268635884,480.0888450341309,1117.327401655336,368.82972240544086,73.77079816132162,802.3550035431981,103.06100302841514,461.20749902911484,2475.531696109101,5751.728799077682,490.9459996270016
1422,0.10080651324359499,195.6464,5.6694247311828,9.74059130434782,3.15447965116279,98.69616666666671,1.97960172413793,33.369529411764695,2.66680974477958,65.6563846153846,1.98944301470588,32.9919411764706,516.265666666667,43.9529615384615,166.306454545455,195.5107914926941,325.775876899193,221.27418252953154,221.73564628865282,73.56224702940177,408.1440914887935,101.64050327148288,296.0377954877913,2490.528204361908,7521.797603112645,538.2535979151726
1423,0.0999114129506236,198.533416666667,5.5062192513369,11.230125,4.40155217391304,166.132833333333,2.05993190661479,32.9374571428571,4.5279766536965,165.722454545455,2.12968902439024,33.237515151515105,513.742333333333,39.7367586206897,300.16991666666695,153.72118557971575,481.0980663914811,475.6615770278432,367.90874498654745,73.12895234751014,762.8628023667261,81.52919763233513,355.3429007297382,3289.2719929805025,3313.1322008557618,771.942498977296
1424,0.119025654341504,195.506909090909,5.63174384236453,8.30592682926829,5.21452511415525,196.89170000000001,2.03252985074627,32.8584444444444,5.0637247706422,196.724833333333,2.0943351749539603,33.0736176470588,517.508909090909,42.7787083333333,347.489083333333,233.28117784811707,477.8672763211991,634.7912678412298,443.7083846595011,73.99675441289642,622.5853023352101,102.73849766235799,399.62629962246865,3299.296592012979,3065.7807015813887,744.4724004017189
1425,0.107670404208195,195.404363636364,5.62562871287129,9.18650793650794,3.2743034482758597,130.06,1.72236120401338,33.4472,3.06020728291317,98.40039999999999,1.7462913256955799,32.7624571428571,443.33309090909097,46.9245,213.611,272.753167726425,404.2277744006179,315.0189790766,296.97190006602233,73.58481060672729,444.23209910746664,107.80580341815948,336.7296973010525,2026.5553990611807,7516.098002088256,487.3451980529353
1426,0.0873212,195.224272727273,5.54424864864865,7.3974258064516105,4.86779523809524,199.61929999999998,1.88414162348877,33.150571428571396,4.25753992395437,162.3675,1.88805043478261,32.8301714285714,373.40749999999997,46.05144,295.739181818182,115.97904984179098,484.9720939586543,478.0889944896484,517.8958739573831,73.7277219639456,558.4844970144331,118.50690061692148,284.80670298449695,2563.112697680481,4373.772500548512,544.8705982416868
1427,0.115354848304581,194.6044,5.63079329608938,7.52752739726027,4.5717435897435905,168.3997,2.433,33.478406250000006,4.290754789272031,133.33333333333297,2.4236868250540002,33.4514571428571,414.40200000000004,42.3923333333333,345.346636363636,195.12715384008297,487.1531088750478,391.12684437848594,370.31613102837173,73.93373062321241,505.9608956798911,110.25549611076713,282.7872056514025,2215.9018990350887,3265.3776986990124,531.399401370436
1428,0.121981899511079,193.8509,5.55799456521739,9.100063636363641,4.86716017316017,166.000333333333,2.63913537117904,33.1696764705882,4.46661290322581,132.27949999999998,2.55615246636771,33.2963235294118,445.300818181818,43.66225,261.1205,192.9026422846545,408.1370514980044,477.32619002853744,444.912388001558,73.69154498389771,346.3586006546393,28.178500360809267,328.6231018137187,1952.3597962688655,8165.992994327098,491.1816999083385
1429,0.122560473372781,195.26191666666702,5.5952692307692296,9.024675,4.17671825396825,166.02409090909097,1.8121842948717999,32.9481666666667,4.238221739130441,167.606083333333,1.7996816770186301,32.804576923076894,481.38036363636405,44.297,303.2294,193.12763755738627,487.7192346134967,552.4062403109048,369.4775932441027,73.67892538393131,545.628200052306,124.08699840307236,362.55899467505515,2836.2867975374684,7159.726097597741,562.0623007416725
1430,15.56008,380.10179999999997,6.85877380952381,6.86830952380952,12.7309375,166.02654545454502,12.067,166.473818181818,11.100834951456301,131.8699,11.0832708333333,131.97060000000002,310.055083333333,69.6540714285714,257.634666666667,156.44705990607466,407.0073303601703,294.6319452636828,313.67308127952657,317.99864555302,420.81370193045586,167.38249105401337,170.94889772124588,1159.1770977247506,2565.6388053903356,4641.654700390063
1431,19.4526393442623,394.939166666667,6.8528224852071,6.8219880952381,8.58342105263158,165.339363636364,8.63154700854701,165.735545454545,10.0663783783784,131.18609999999998,10.592897959183698,131.838,242.949636363636,66.7667857142857,259.66249999999997,156.16923565905304,324.52672364346745,309.43653922759034,460.06955818381266,316.1735233894676,393.38459610007703,234.00299542117864,233.03560446947813,1223.8049937877804,4817.481094505638,2381.9850001018494
1432,0.107274605103281,193.83141666666702,5.48659788359788,8.224288000000001,4.24962301587302,161.93030000000002,1.9566890595009598,32.8334848484848,3.8536363636363604,131.233272727273,1.97095220588235,33.140870967741904,511.556909090909,42.126124999999995,257.15475,273.0244241367443,476.1583001771037,395.8979534143874,367.03529805271944,73.89480397129442,598.54980208911,121.47369852755219,351.8957964843139,2492.07949382253,8642.207703087479,618.3838995639235
1433,0.15001233285732798,193.5052,5.23935046728972,9.2425945945946,4.25563636363636,165.761363636364,2.02104464285714,32.8488857142857,5.47290055248619,230.925818181818,1.96604830053667,32.4900322580645,473.239083333333,44.793636363636395,395.286181818182,272.15377675212096,480.8136622332474,8083.471919999998,368.17450949135497,73.67223118470996,828.1809976324439,162.79839619528502,439.5862953970209,3195.669798878953,6089.454295579344,814.7904009092599
1434,20.3723255813953,393.6419,6.28082901554404,6.23939572192513,7.62764473684211,197.486090909091,7.27950331125828,199.18959999999998,12.7769047619048,132.54160000000002,11.9857261904762,132.44625,345.12239999999997,67.44205882352941,264.1058,155.55241942448802,325.57823115918546,296.0443092792717,469.5903843522787,315.0724649794196,401.79760253522545,243.58810624107718,246.52509891893715,1273.9767029415816,2928.299194900319,5575.93870034907
1435,20.2422456140351,397.616,6.851839999999999,6.87707382550336,6.77724242424242,166.623545454545,6.58207317073171,164.3057,10.6736206896552,132.64360000000002,10.1050438596491,132.4788,275.39763636363597,63.8435882352941,259.416909090909,155.2443169967189,327.6604033117509,294.50649026420933,376.34535376919035,317.6824405777355,407.2449024533853,163.869300740771,190.40410115849227,1207.6909973984584,6322.4154961062595,2522.3210017429665
1436,0.12471260859356699,217.623545454545,5.70611602209945,10.526612244898,3.01276923076923,142.40836363636402,1.5768515519568098,33.256875,2.50421760391198,99.3028333333333,1.44640568475452,32.969,481.929272727273,43.556269230769196,211.087166666667,231.78010036980726,483.8266702307652,317.1076190645687,296.5583717287334,73.78865897947237,537.0755970943719,96.04549268260598,325.8978045778349,2779.1731990873814,5378.324200864881,621.9899019924924
1437,0.12237008149010499,197.3095,5.60704854368932,8.864080000000001,5.439719576719581,231.28063636363598,2.4135801687763703,32.8452,4.934679069767441,196.815,2.32621412300683,33.2920857142857,547.12475,46.5659333333333,394.418333333333,116.37969584651593,854.6904137477119,551.123415493746,443.5744991306948,73.44083016267325,768.5102027608082,90.22459853440523,352.5423991959542,2516.4063030388206,3337.6692997990176,574.4469002820551
1438,0.13497780533168002,193.582363636364,5.55602747252747,10.2721320754717,4.8588691588785,198.15383333333298,1.97589038785835,32.9324285714286,5.126415841584159,196.09750000000003,1.85841807909605,33.239906250000004,584.712363636364,43.809200000000004,350.8433,346.36106734181266,565.8613980136571,552.1376468838569,6138.884282857141,74.05557310460084,943.9363959245384,192.8164070704952,395.71369998157024,4231.119595351629,4210.886699729599,936.364900553599
1439,0.741608108108108,393.293090909091,6.82836723163842,11.3202857142857,10.0327454545455,425.1941,2.7594245014245,32.6809,11.0504456521739,456.6905,2.58784732824427,32.9793448275862,550.064727272727,48.6655238095238,686.8957,550.6050918464715,7622.938203333335,8093.674488000001,7389.990650000001,73.29712904264719,973.069595056586,178.53210447356105,608.1678991904482,5063.16970277112,20010.33630222082,964.0555013902485
1440,0.0995264363603042,236.5841,5.60723076923077,8.1983904109589,5.076979695431469,163.7885,2.56312669683258,33.3415483870968,4.8883431372549,164.119181818182,2.4627202970297,32.8181666666667,441.47540000000004,46.8831739130435,304.382727272727,116.50188767124781,561.5505384420579,474.6716926969437,369.2187238578988,73.92528957268281,468.2232975028455,112.08749492652714,323.5297102946788,2740.6565903220326,4436.207405524328,580.099000944756
1441,0.116335160349854,198.46349999999998,5.64909756097561,8.246062068965522,3.87847517730496,143.989818181818,2.1220056710775,33.479483870967705,3.52493225806452,99.731,2.14289059080963,32.6660606060606,375.277636363636,42.5905333333333,211.2819,195.4782233565947,400.33232437201076,316.48003614265144,295.798509952389,73.39282122564623,500.36019820254296,84.7038987558335,291.4827986387536,2456.213894765824,9938.210394466296,448.2637014007196
1442,19.6913269230769,395.1341,6.91811464968153,6.92032142857143,8.72017424242424,164.52700000000002,8.332656,164.8882,10.488804123711299,133.69436363636402,10.0017631578947,131.52575,343.59275,62.22749999999999,258.286363636364,153.48306637944637,475.9047628538407,294.51810621372056,456.05400517950613,317.24349278273826,372.11430026218295,223.03760633803904,227.03349823132157,1194.4615020183846,2875.915094045922,5482.923699310049
1443,11.3733867924528,297.560363636364,6.89916556291391,9.89343,9.1555,200.08800000000002,8.556784,197.48563636363602,11.354010101010099,131.035636363636,11.236,131.414545454545,662.7374545454539,67.2855294117647,254.49799999999996,192.66305260989046,472.60228403849294,294.4690320743421,809.8850039198786,315.6740175508959,565.3202970279381,302.31829441618174,316.01879745721817,2839.3163956934586,16341.59099776298,1886.6498983697966
1444,19.693481481481502,392.6091,6.48364556962025,6.5118524590163895,7.46057516339869,177.60150000000002,7.650735294117649,164.85649999999998,12.511275862069,130.831909090909,11.683296703296701,131.258272727273,350.610636363636,69.6257142857143,256.25600000000003,153.86412432360243,402.6673432581674,299.94449584557526,677.7590107144612,320.6106018875573,372.982703265734,214.67751066666096,225.86670238524675,1227.1087034605443,7843.304591369815,1663.6678978102282
1445,19.6533620689655,391.376545454545,6.88432183908046,6.91888815789474,8.45036752136752,166.582,8.978632,165.038,11.41321875,133.81266666666698,11.2466842105263,131.441083333333,345.00600000000003,67.49866666666671,258.77518181818203,154.51047710412732,476.57822678454494,300.3778902982211,390.45522883992277,313.9837848089959,400.9449010482058,224.8571952804923,226.94700164720416,1231.3620041823015,7136.5972980856895,3002.1537007996812
1446,0.106135151097549,195.923,5.62261855670103,8.95933043478261,3.613778125,130.5863,1.76789256198347,33.2722058823529,2.93702964959569,99.78059999999999,1.82819323671498,32.7639333333333,443.78454545454497,44.1339230769231,211.29941666666699,154.42515340688894,403.3207341832609,315.5276616469865,297.670928719107,73.87748727530092,549.7245932929218,26.847489061765373,206.31710067391396,2029.678798862733,13699.403998907655,569.2440987331793
1447,19.3503703703704,393.23454545454496,13.248044444444401,15.1637702702703,9.960333333333331,165.755666666667,9.53933050847458,164.697818181818,9.5562641509434,100.390181818182,9.06173873873874,100.69800000000001,353.45599999999996,71.52592857142861,260.278454545455,156.19489537519308,565.158127466431,294.64177638535773,313.54880229069784,315.85596650434957,443.0436063557863,266.9023961061612,291.82280122768134,1492.1584952389821,2054.717199644074,1756.445100181736
1448,0.106093517830609,195.865333333333,5.57515962441315,10.3347263157895,4.32096,131.613666666667,2.7884268585131897,33.412771428571396,4.90275943396226,132.62381818181802,2.88131707317073,32.8381428571429,511.919454545455,48.8994347826087,257.318545454545,273.96165390260603,400.82062006882495,8083.112859999998,292.9421989812625,74.35583756812613,546.6205067932606,94.68310163356364,351.5291027724743,2525.7430010242388,3081.5104983048514,603.5483005689457
1449,0.18516465501711402,193.575090909091,5.62614563106796,9.58284375,5.47072429906542,232.32272727272698,2.0972500000000003,32.3973225806452,7.72234931506849,328.012272727273,2.00251703406814,32.8398823529412,471.91275,44.2450454545455,484.438333333333,308.12633340916045,551.9626297097733,8048.508547999999,446.65579236107794,73.4247761621256,986.897200345993,140.0642067892477,571.9797976780683,3837.159802787937,17302.8734017862,901.9360004458576
1450,19.3441636363636,397.77124999999995,6.85483116883117,6.868147651006709,6.9930233918128595,166.90175,6.94776470588235,164.628666666667,10.1026880733945,131.04575,9.98951960784314,132.337454545455,308.0118,62.98650000000001,257.707,155.33219981834714,321.3099234182202,294.38482910590045,317.0654022195542,314.6276901795719,394.2366020055488,217.67039725091308,231.22469428926706,1220.2126992633566,5344.901897478849,1847.6454017218202
1451,20.1435833333333,395.041333333333,8.248033613445381,8.25297122302158,9.32885964912281,165.9856,9.15007317073171,164.48,12.090155555555599,131.96172727272702,12.5278488372093,131.504416666667,312.24425,66.010125,262.005416666667,155.4815778681989,1005.2993283017362,295.04289064446453,751.3820319329931,314.45547794862136,428.70460310950875,205.210896092467,210.14800295233727,1457.8409027308226,8011.372201144695,1692.8892000578344
1452,9.39280701754386,290.7697,5.571674033149169,12.9525168539326,10.6489029126214,164.17090000000002,10.5136435643564,166.63658333333302,10.2518303571429,164.82318181818198,10.4717289719626,164.6448,802.894,58.360705882352896,305.707916666667,154.01386308213932,476.20767726473423,392.9552393807665,7312.384676666666,399.0688065393524,662.2795975999907,389.45820124354213,395.6683969590813,2857.5095027917996,10381.543400580995,1899.1110002389178
1453,0.100382463542144,194.4325,5.4775913978494595,7.53651298701299,3.15058383233533,99.6358181818182,2.17764583333333,32.9633333333333,2.86498082191781,66.14568750000001,2.12738733705773,32.886656249999994,342.209454545455,43.001777777777804,166.31,193.78271051989,489.5281937647976,221.11037359471064,222.2037448937221,73.62751700698433,410.64160177484155,101.4209003187716,288.61460159532726,2782.9856029711664,5063.054600032046,492.4391978420317
1454,15.506985915493,297.7493,6.90585161290323,6.87673333333333,8.05591666666667,165.615,8.05111194029851,167.35375000000002,14.8982638888889,133.362090909091,14.4593150684932,132.667181818182,280.54445454545504,72.3749333333333,256.92690909090896,155.248895042714,400.37927189725417,301.70186621459834,385.79388129553354,316.50090955229456,353.20300376042724,160.94960446935147,169.79499778244644,1194.1921024117619,3976.947301998735,1729.1299998760223
1455,0.111872848241631,193.65300000000002,5.60128502415459,9.48464462809917,4.156707865168539,133.4415,2.5331353211009198,32.9510882352941,3.7469354838709696,100.5652,2.6191169451074,32.8906571428571,515.457583333333,47.5263809523809,212.44583333333298,154.9138789027083,403.1396709015583,312.105239718465,294.6003461283871,73.89514629420295,522.9708069236949,105.13389715924859,342.42830297444016,2553.239301778376,5697.662799502723,573.6202991101891
1456,15.014111111111099,291.8393,6.92940476190476,6.85494736842105,9.52808620689655,196.2054,9.26881415929204,209.859,11.8879574468085,130.2448,10.84841,131.82299999999998,279.266583333333,68.05946153846149,258.378666666667,155.41673624205131,555.740481688773,296.3973379388569,317.4234344331882,316.2721948367124,358.6140926927328,218.13049679622054,217.9520990466699,1243.3324969606474,11796.883601346053,2112.3343001818284
1457,0.160868730736901,198.53074999999998,5.59228021978022,11.8946941176471,5.3245217391304305,200.032636363636,2.29262131519274,32.2216206896552,5.93881609195402,230.19770000000003,2.39533962264151,32.8079428571429,511.451818181818,45.771285714285696,395.80654545454496,466.34023395845696,556.480438328538,8032.980568000001,6400.866642857146,73.21437883684635,1297.0561045221984,150.13150114100426,546.32110404782,4355.622598086484,6428.223496186547,770.0424001086503
1458,0.130566810596336,194.599,5.51672811059908,9.80458260869565,3.82213468013468,98.33845454545451,2.72237886597938,33.3914117647059,3.28111940298507,66.8650714285714,2.64936901408451,32.767828571428595,478.25100000000003,46.2019090909091,165.3142,234.40087745061075,401.7002376166819,219.78783256988635,223.68184958608214,73.33301179552255,328.935994184576,24.548693909309804,271.52770198881626,3001.7157056136057,16158.361799898557,734.897400252521
1459,0.184772851763095,194.922,5.610879781420761,12.24975,6.265853260869569,263.528916666667,2.2720321839080504,33.402538461538505,7.053986013986011,296.40610000000004,2.21917056074766,32.9860322580645,482.21450000000004,47.4803333333333,486.9488,347.44595873137206,926.6662347355639,8046.080664,7400.953809999999,73.662551646841,1161.2706060986966,138.00040469504893,537.1192004531622,4435.765399830416,7232.666798518039,910.3068005060777
1460,19.761653846153802,397.023818181818,7.52177777777778,7.5435099999999995,8.09771851851852,165.313545454545,8.234879032258059,165.611833333333,10.04261,131.50508333333298,9.69112068965517,131.668916666667,281.09275,65.0559411764706,259.51081818181797,155.7445482058009,477.71509178791166,296.63833645035237,391.27491149705196,314.2836088626574,360.81799771636724,196.3400951353833,203.65050004329532,1164.742500986904,6387.049303157255,1834.9534017033875
1461,0.147383397190294,195.7513,5.5907374301676,8.837353448275861,3.1220612813370496,98.71849999999999,1.97961660777385,33.01028125,2.68486774941995,66.1286470588235,1.88318738404453,33.023374999999994,476.33490909090904,43.59216,162.752909090909,273.28224624125744,409.1497055949458,220.74889052417737,224.9486885333303,73.6989100608314,424.13299961481243,26.481191162019968,193.43169988133013,2002.197498222813,3305.3848950657994,633.3605997497216
1462,20.1264666666667,396.96799999999996,6.92656571428571,6.85704516129032,10.047600000000001,166.25209999999998,10.2328640776699,164.980666666667,9.64101904761905,133.06369999999998,9.51571774193548,132.393818181818,346.241416666667,62.9501875,257.71975,156.26314216893235,486.6358466322355,296.39941336700537,460.383328294382,316.6538835916713,394.96650570072234,151.74909785855561,162.99150011036545,1137.4120018444955,5772.53780211322,3028.0261009465903
1463,15.225617647058801,387.1248,6.860766666666669,6.85356578947368,11.5372828282828,164.828818181818,11.1860744680851,166.167090909091,10.364392156862701,131.754272727273,10.530586538461499,134.094909090909,310.2093,66.7342142857143,257.654583333333,155.29228914727807,320.4241997925425,314.7056336817254,465.2543226112619,314.62797639873327,389.57160722929984,215.41040623560548,229.40369963180274,1226.697606034577,2559.939998900518,4425.101200467907
1464,0.12089930767664399,194.73940000000002,5.57043902439024,7.55471710526316,5.0609215686274505,165.1039,3.0282514619883,32.808696969696996,5.04179452054795,166.566666666667,3.0173375,33.13278125,444.257727272727,45.4265217391304,306.6703,192.81744904109834,477.6831535184415,474.5941027050826,370.8513131703595,73.41820358170597,483.5172003367916,90.15319810714573,269.1279019927606,2244.7013965575024,6261.472005280666,577.3835000582039
1465,20.6406976744186,393.700363636364,6.89366242038217,6.89762837837838,9.056076923076919,165.553416666667,9.06831304347826,168.9749,12.382730337078701,132.8003,12.4693928571429,132.056833333333,276.781545454545,66.2350666666667,261.1345,154.91721426270752,481.5757654567635,294.62411217197115,375.8506039948044,315.2353038298293,373.71319776866585,230.63899134285748,246.6163015924394,1206.1645975336432,2862.188595463522,1837.6391002675518
1466,0.0887882819601686,197.3868,5.606060109289619,8.95873949579832,4.488878260869559,163.163818181818,2.15882723577236,33.2436944444444,3.74555357142857,132.52790909090902,2.0992769516728598,33.47540625,344.73199999999997,43.4214444444444,259.8196,154.30726043322412,483.47428995688375,389.93472504208796,370.4692777132695,73.31481655145211,527.8792057652026,105.24109529796988,314.654698013328,2565.4181983554736,5909.830500604585,496.399198891595
1467,0.107297724750277,196.702166666667,5.57751366120218,9.82766363636364,4.247422131147539,164.586916666667,2.0778605504587198,32.830400000000004,3.9950867768595,130.921083333333,2.0206771037182003,33.1770857142857,373.7247,42.256666666666696,255.2635,116.7014702226215,487.7061034322322,477.72450796164514,7426.55902666667,74.06247173442082,463.62809953279793,114.9734016507864,318.51950043346733,3081.8834027741104,4426.758093177341,498.5461011528969
1468,0.08499720762155061,195.500333333333,5.459177419354839,7.46810218978102,2.55436386138614,132.4187,0.947138420585626,33.1714666666667,2.6701,130.9069,0.918525500910747,32.975833333333306,376.46225000000004,40.132896551724095,255.6646,197.0386734480074,408.50202820661224,478.98880408967045,296.2213873905786,73.15495539575932,322.39609863609076,137.42659357376397,375.39199693128467,1741.1030014045537,7106.502901297063,535.2403997676447
1469,0.10311875999289401,195.58689999999999,5.58526229508197,8.90358677685951,4.91552427184466,164.844181818182,2.56611670480549,33.03425,6.322369047619049,229.14875,2.6746294416243703,32.948333333333295,549.743583333333,42.7820416666667,403.2565,235.14729774562466,488.12532070189,717.2000705054776,370.28820217539294,74.04603778759343,814.9731991579756,142.32350513339043,345.5000027315691,3568.7432973645627,13206.314694252796,787.4083996284753
1470,15.9220263157895,297.922909090909,6.9238525641025594,6.82463636363636,10.2206886792453,197.4425,9.88128448275862,197.872416666667,11.2062921348315,132.4892,11.6983,132.2464,275.916545454545,69.4350625,252.5019,155.84046233139176,636.9534002097937,294.7046531056426,390.4225806964498,317.2960522181676,367.32380103785545,222.68630273174495,234.92090112995356,1205.7427957188338,3964.843606809154,2411.839400883764
1471,19.4939,395.268727272727,6.80311724137931,6.828768211920529,13.6852894736842,164.15763636363602,13.3147763157895,166.300833333333,12.0878666666667,129.535454545455,12.0929294117647,130.9049,274.4645,65.813375,250.260727272727,154.73491685391645,402.08735641011947,293.52235386365675,388.84725877671093,318.0828723237959,374.82549669221044,237.14899725746363,242.47770488727838,1180.4339999798685,3928.281189291738,2560.9469012124464
1472,19.2886181818182,391.086454545455,6.84030177514793,6.84886982248521,8.75724786324786,131.777,8.57280147058824,132.894,8.277375,101.2449,8.29826984126984,99.08949999999999,345.751,68.5934666666667,251.43749999999997,154.93890338447508,476.314263842455,298.9172026007532,468.46492325375,316.3582193852739,357.2211920982227,234.43940153811127,237.15670104138553,1241.0640018060803,4545.378196053207,2328.9663018658757
1473,3.38524683544304,490.125666666667,5.5786875,8.21297857142857,9.92271153846154,393.62954545454505,3.14572849462366,33.0341714285714,12.7207469879518,528.8417,2.98679369627507,33.0992857142857,866.1944,54.0820833333333,875.4680909090911,619.9403619165097,474.84601050919747,8058.174540000001,367.71571309302857,73.46697998217232,1289.5617983303964,276.09720127657056,533.8587041478604,4871.329898014665,8655.560898478143,1228.6265991861
1474,15.2923484848485,293.7103,7.526,7.4035620437956196,8.7376875,164.154545454545,8.8384778761062,164.882916666667,11.525325842696601,131.5647,10.9592815533981,131.134416666667,276.42310000000003,66.4096,262.03000000000003,154.964636533448,473.7021227396232,298.4156544073138,395.09140088788496,316.08651066340593,398.0636043706909,210.07579925935715,215.8346032956615,1248.3863014495,9074.392705224454,2279.025499592535
1475,19.7918909090909,510.83727272727305,6.91160416666667,6.96118954248366,16.0729206349206,165.0515,14.1561707317073,165.799545454545,13.3637647058824,131.890166666667,12.9294597701149,132.128833333333,346.05863636363597,69.92664285714291,256.60089999999997,155.71524103644143,324.0736845857636,293.3256517824876,467.42433138219803,315.59460514475177,385.7780946418643,229.8944047652185,227.52500663045794,1276.5292049152777,2947.9218006599694,3647.134901257232
1476,0.106339114391144,195.6596,5.62399,6.90416447368421,4.705771428571429,199.151636363636,2.32189115646259,33.4880967741936,4.569223107569719,163.57363636363598,2.2795486381323,32.9119333333333,481.55366666666697,44.23325,298.9519,194.95846448039094,564.3018620675092,558.1665581284278,513.6700378060692,74.12508184309527,515.7252016942948,116.51130334939808,424.22109690960497,3077.230299822986,5357.150797499344,691.9730978552252
1477,19.6640930232558,392.5009,10.3929680851064,15.980411764705899,8.22054761904762,166.31330000000003,8.42277165354331,167.33118181818202,10.4436909090909,131.01399999999998,10.7907745098039,132.211909090909,276.32189999999997,66.966375,260.913666666667,155.55746961250028,480.05757415619814,300.6280936974597,388.174468194132,316.635430491271,464.25500186160207,184.96939446777105,198.45259957946837,1432.0222922833636,8882.989097037353,1544.2796982824802
1478,19.988023255814003,393.84389999999996,8.27515827338129,8.36945528455284,7.976516129032261,165.89409999999998,7.909297872340431,164.3055,14.0754444444444,132.917,14.031853333333299,133.070272727273,313.024727272727,70.82100000000001,260.8654,156.14712028084764,477.08880413199,296.014673800977,458.2362752761817,318.51330532984275,430.35410053562373,214.82370502781123,232.3050081031397,1468.922701315023,9787.388597032987,1783.3310004789382
1479,0.150588053553038,194.7163,5.63865573770492,7.9969465648855005,4.28336475409836,133.21072727272698,2.69000243902439,32.7414333333333,4.41855511811024,131.46672727272698,2.7921740196078404,33.0581333333333,446.0127,45.1696666666667,259.5892,306.48323875162924,398.58981328495213,391.6213357501435,296.11910568100143,73.79975751249937,653.3912004670128,111.8798041716218,320.4597014700994,2474.7900053625926,1892.9985002614558,782.0798986358568
1480,15.848095890411,295.435363636364,6.899246666666669,6.8633422818791905,8.66200757575758,197.659727272727,8.329623076923081,198.054909090909,9.91118691588785,133.198833333333,9.40096460176991,133.10458333333298,278.846166666667,61.064375000000005,259.917666666667,157.53283493193877,321.90576432508766,296.13771231122485,383.5762871181209,312.78737590684676,384.3375016003847,229.69029960222542,239.36480574775487,1204.127396340482,8661.764400312677,2168.686600634828
1481,20.2994561403509,395.85549999999995,6.89833333333333,6.88694011976048,10.21973,166.279,9.88661467889908,165.890818181818,12.5426625,133.48919999999998,12.267329670329701,131.092818181818,278.35909090909104,70.0343333333333,255.186333333333,155.21401387408363,552.596866124957,291.7301212868032,306.1807583200686,315.54654246054537,389.58970399107784,185.33480179030448,194.16120485402644,1191.0442990483716,10532.751001301222,2442.6719988696277
1482,0.120172432789775,196.163,5.61075621890547,8.268298387096781,3.70835830618893,100.742,2.45868008474576,32.8069411764706,3.14721958456973,65.8481176470588,2.3910416666666703,33.094064516129,411.27866666666705,42.4042666666667,163.453,191.78636619891384,322.9298764949355,220.86844270889563,220.36370673405494,73.59343365687369,366.5037016617134,100.0346033833921,281.16380563005805,1979.6569016762078,6720.040392247029,448.15519941039383
1483,0.108178072033898,253.002,5.56673936170213,8.8335447761194,5.16471818181818,198.245363636364,2.2865652173913,33.2503548387097,4.02280215827338,130.922545454545,2.31177712031558,32.8673823529412,477.9143,44.2097826086957,256.329333333333,115.7494048272729,709.3994176522896,395.816576857195,446.52469791270795,73.91741861681601,560.9880958218127,131.31840096320957,328.13689613249153,2651.636500377208,3770.7283976487815,616.8241990962997
1484,0.103121549734016,193.63639999999998,5.51975138121547,8.12098601398601,4.40725957446809,128.7356,2.8776633906633897,32.94781818181821,3.8311594202898602,98.9433636363636,2.72374468085106,32.5212777777778,446.1215,45.9931052631579,210.216583333333,269.45507883687367,401.4730572976502,314.48341614569983,298.3113865546143,73.19502658429477,364.5379969384521,27.16319286264479,223.95880077965558,2237.2081089997664,16061.658196849748,523.3969975961372
1485,0.104531927531928,197.972083333333,5.603610837438421,8.15968309859155,3.88914869888476,131.45275,2.10000181488203,32.6233125,3.3386808510638297,99.9816,2.1558266384777998,32.913689655172405,479.7512,43.23352,212.366166666667,234.7811364672208,408.2336951451635,314.95161051710284,295.98564629164395,73.91302273497342,336.76630118861794,127.41440441459416,345.8361985394731,2218.328297021799,7523.072697222233,576.3677996583283
1486,0.123678806540667,193.611,5.620093457943931,10.668181818181798,5.35496335078534,201.572636363636,2.36057471264368,33.2647714285714,6.21030158730159,231.3692,2.39049278350515,32.9316,517.3213000000001,44.67948,394.31181818181796,192.4063432373564,477.38454433538027,790.7155257363589,366.23262532914083,73.37615349491628,856.8927994929254,109.90769951604307,334.8347032442689,3691.012700437568,5364.003899740055,739.0184997348115
1487,0.16528169215378,198.06881818181802,5.65313170731707,9.980206896551719,3.56676895306859,166.98333333333298,1.42440522875817,33.0443793103448,3.34222829581994,132.5571,1.49755657894737,33.1126285714286,478.36310000000003,42.8409615384615,257.523916666667,154.52210368981852,483.23131427234205,312.9699611729245,367.9760651707639,74.34198221684375,860.5792041635141,88.06350524537265,382.35990214161575,3007.761304615997,3292.1552046900615,486.068899044767
1488,0.14643144848954298,193.6405,5.66912918660287,11.779232558139501,6.5995987261146505,229.694416666667,2.79799503722084,33.1492121212121,7.4442142857142795,295.067272727273,2.89765671641791,33.1509142857143,551.3143333333329,48.295619047619,490.877,314.9594456326768,563.4138731491602,8064.584052,1174.0085589005093,73.99061892725872,780.1520958309993,211.8019008776173,537.8691043006256,3046.9325924059376,3624.865401070565,970.5628996016458
1489,19.6659411764706,395.90639999999996,8.24764285714286,8.21968,7.8181,201.1118,7.90831451612903,200.40975,12.0257875,134.92825000000002,11.928416666666699,132.790636363636,417.42519999999996,68.3635,260.794636363636,156.35143372653604,554.9319278811735,296.32443875517544,458.574189199906,314.72536151085814,467.35329960938543,317.52699869684875,317.4993034917861,1486.3177028018981,5966.363099287264,1862.0451999595389
1490,0.0890131253095592,194.265666666667,5.62046798029557,9.72964705882353,3.78633333333333,132.37245454545499,1.9587019748653502,33.004222222222204,3.16738323353293,97.4810909090909,1.9266040609137098,33.5798529411765,341.074454545455,41.57025,211.7292,234.7635525634335,404.4407298649985,313.79585339523794,294.3910593955305,73.59331021874777,337.02030195854604,96.55609901528805,249.80629386845976,2519.9584051733837,4706.549903494306,490.4967005131766
1491,20.3674259259259,392.404,6.89872784810127,6.86615384615385,8.234758064516129,164.696090909091,7.710554054054051,165.91618181818203,9.746563636363641,131.677818181818,9.488206611570249,134.1069,343.28610000000003,65.40071428571429,255.931363636364,154.2814113183878,324.8289649873366,297.05574734277906,312.96996199651414,314.650817045229,358.46479586325586,231.264196918346,239.31359755806625,1286.5162047091872,5385.276197921485,2157.947199884802
1492,18.8009180327869,394.324545454545,7.5488289473684205,7.56198675496689,9.177128205128211,165.2888,9.31169565217391,164.39939999999999,12.0390444444444,130.743818181818,11.3512083333333,131.379583333333,378.996916666667,67.02856249999999,258.604727272727,156.28749085315957,719.3772708222205,294.15145094776994,390.420376729845,316.7569247611179,388.36759922560304,247.7692032698542,259.9339990410954,1563.796098344028,5251.392206992023,1668.4672998962924
1493,0.211812904491077,195.2437,5.61838048780488,9.64406722689076,5.33742777777778,197.517818181818,2.7619263657957203,33.2306666666667,7.163654929577469,296.678454545455,2.80129947916667,33.3586896551724,517.624090909091,46.6376666666667,480.325818181818,385.9507240135702,484.0739038543484,8140.860360000002,370.7991883419106,73.61258571333184,1080.3397017298266,167.90659865364432,547.3253055242822,4500.151696265675,5068.471498088911,815.461901947856
1494,0.10184037044413499,196.3724,5.64899487179487,9.58375833333333,5.40995811518325,196.986727272727,2.65795133819951,33.2363,4.78839215686275,163.239,2.6553986332573998,32.7217714285714,549.2151,43.3483461538462,304.89930000000004,311.15073813504455,646.2547954427612,8072.133635999999,446.10535864199505,74.46762114940388,692.0647952938452,132.56709789857268,392.19500322360545,3477.7516033500433,6270.375696476549,609.7364006564021
1495,19.46095,396.22533333333297,6.83443930635838,6.88133108108108,9.60018867924528,132.720916666667,9.41105737704918,132.844909090909,9.07062698412698,101.086818181818,8.965783783783781,99.7503636363636,279.55525,75.7453846153846,257.41909999999996,157.5891700050134,321.904394358737,295.0281787592495,314.3919544463877,314.8754712303456,404.703599633649,181.02749017998576,183.5950999520719,1208.1085063982755,5363.399593625218,2631.00559823215
1496,0.170103006126229,194.4932,6.24053225806452,12.091724137931,7.751037037037039,327.726916666667,2.80324626865672,33.4941333333333,8.52631404958678,337.80719999999997,2.8058032786885203,33.0245428571429,559.797545454545,49.0321363636364,534.322454545455,462.83395397258397,954.0932445557946,8148.012288,368.6940114917922,73.97050263446722,1185.073095257394,229.17540627531707,613.5503033874556,5107.932694954798,5902.606699964963,887.0563004165888
1497,20.2527222222222,392.112,6.86932278481013,6.84198214285714,15.7170476190476,164.877727272727,14.6265945945946,165.508166666667,14.3027066666667,131.915909090909,13.3372278481013,133.18689999999998,307.178272727273,73.1185,257.04139999999995,154.94375291234337,323.09606039534185,297.80998244877065,390.18726796220113,317.2160217615119,422.44739597663283,162.19440149143338,169.13749859668314,1173.3678984455764,4108.463702141307,5390.758800785989
1498,0.229569294279536,196.0136,5.64824719101124,10.498429999999999,5.185499999999999,166.8041,3.00082216494845,33.007838709677394,5.24868372093023,162.629818181818,2.93725510204082,32.8906333333333,514.546363636364,44.7584583333333,308.557416666667,271.0181817289943,481.29539210594953,476.81055555842426,7349.365783333331,73.45732195159016,709.5056993421167,166.9982011662796,323.55550210922956,4174.8390009161085,11442.19649140723,818.7884988728911
1499,0.117960826873385,195.865454545455,5.5940597826087,9.02149,3.53951083591331,133.6059,2.00516753926702,33.0895806451613,3.5534656716417903,133.505818181818,2.0312677304964497,32.7135588235294,374.782727272727,41.054874999999996,257.1784,156.06266665141175,399.57179724422184,478.47556715203774,295.45262384907767,74.56916913056851,374.22899913508445,91.48150566034019,279.8167057335377,2344.0294025931507,6649.760605068877,451.58779830671847
1500,0.103227798451172,253.819545454545,5.6388087431694,8.22020547945206,5.1459493087557595,163.78040000000001,2.8449999999999998,33.13840625,4.38228260869565,131.9557,2.91273837209302,33.2414857142857,477.940333333333,43.8671538461539,261.92775,154.83832635963884,487.833440285464,480.5112880602933,443.896993516078,74.67108067880922,328.90439906623214,100.69040290545672,221.18919296190143,2264.1537012532353,3884.076504618861,579.2955023935065
1501,15.7973692307692,295.18399999999997,6.87168639053254,6.80270886075949,6.3721186440677995,165.360833333333,6.34634065934066,164.100909090909,9.691349514563111,131.411416666667,9.247313559322029,132.843090909091,315.3589,62.05612500000001,256.7572,155.00103564451948,1080.5551699168504,300.30925813838087,456.95642111055287,316.62266330545145,374.55300334841013,289.4671983085573,296.358103514649,1260.8649034518749,2972.573504666798,1587.2710006078705
1502,0.089746257078582,198.87563636363598,5.603693069306931,8.208204545454551,4.31187916666667,132.61091666666698,2.61623214285714,32.9158857142857,3.61261694915254,99.9218181818182,2.50240712468193,32.916205882352905,480.8646,44.757374999999996,211.387090909091,270.4499970220118,399.14107073603753,317.55388816999545,297.27417305260406,73.79330324091548,389.20939550735056,28.616696363314986,203.77100154291838,2533.898106776178,16329.422395210715,614.0023993793875
1503,19.5224807692308,394.9105,7.54774647887324,7.55019117647059,9.983588235294121,165.24433333333297,9.61908035714286,164.567909090909,13.4296710526316,128.9967,13.508567901234601,133.028181818182,311.19840000000005,73.26938461538461,258.5964,155.68619986321954,1011.5638822841399,296.00586377147005,455.54731467183285,318.31548583921784,354.606393375434,265.67069871816784,268.9954999368638,1183.5630954010412,3359.6627035876736,1995.8609977038577
1504,0.113799307958478,197.315916666667,5.29756818181818,6.84103355704698,3.99469348659004,134.208909090909,2.33626057906459,33.1121142857143,3.7806875,99.22809090909091,2.40600218340611,33.1253529411765,476.679,44.3372173913043,210.202272727273,191.801823468309,484.3019322604684,311.53444490759335,296.38083014488245,73.65459986911833,456.96679735556245,76.3268006267026,169.18549372348934,1641.0018026363105,1891.2728963186964,575.1253018388525
1505,0.0967374269005848,194.424,5.220375,10.0797413793103,4.841633333333331,166.92316666666702,2.85674931880109,32.6341111111111,5.49358461538462,195.654,2.63081176470588,32.6571714285714,511.95669999999996,44.42912,349.086,153.71087340872637,477.0920938585517,713.193203705039,368.312904013751,73.85111430182462,885.047108749859,28.315107920207083,426.80999904405326,2800.0495018204674,15504.958599922247,822.0392017392442
1506,19.734240740740702,392.8138,6.80616,6.89434615384615,8.9852734375,163.930583333333,8.98404,166.34666666666698,11.058487804878,132.526181818182,10.59181,133.257454545455,283.200272727273,66.768,257.2925,155.6576366316415,481.38848802898195,293.30521957167963,386.47111923152016,317.4513117600141,423.91450551804155,241.08830257318914,244.75250393152237,1252.262102207169,4915.882705245167,1930.7678012410179
1507,0.09285595251683601,196.4484,5.5650217391304295,7.62594,4.27506985294118,164.1987,1.96906822262119,32.913999999999994,3.96779847908745,131.362272727273,1.91389554794521,32.6166451612903,448.08766666666696,44.7832692307692,256.1675,115.89469766175007,484.0166145901784,390.9299299210436,368.4334107642408,73.97356817723926,575.3097968408838,117.85709648393095,338.7514007044956,3346.5903979958966,4151.222895598039,575.5511025199667
1508,20.078677966101697,393.0739,6.8743532934131695,6.85714375,8.43253448275862,131.47863636363599,8.34971538461538,132.62327272727302,7.91589655172414,99.29775000000001,7.85636029411765,98.9371818181818,345.774181818182,65.24925,259.286181818182,154.2291840640984,320.95464062276807,297.53594113643265,317.8601846923738,314.9162673145515,357.6181043172255,187.4128996860236,197.57259578909725,1245.7281001843512,4916.997501277365,2720.872199279256
1509,18.795868852458998,393.631545454545,5.6489786096256696,11.357585106383,7.750346938775509,166.50300000000001,7.834359712230221,164.078583333333,12.9897317073171,132.33350000000002,12.7127125,132.51340000000002,346.777666666667,69.4018666666667,257.834727272727,155.94593582743468,480.9546070138687,296.5159299460457,461.22505793508645,314.8841388402256,622.4879034562036,234.8586975131184,248.3363990904763,1551.704396842979,7821.013397187927,1736.081700073555
1510,0.12013571428571401,194.8801,5.657524271844659,8.163959349593501,5.06684931506849,164.464916666667,2.8642772277227704,33.369375,4.3647213740458,132.46708333333302,2.90592893401015,32.8244375,481.92975,45.5196086956522,258.918,195.13902682472613,405.72156166345314,478.9204964116236,449.3184290826211,73.86438123659059,589.2165005207062,91.21139883063734,320.852393633686,2467.843095655553,3801.534598460421,548.424301086925
1511,16.1006981132075,297.98699999999997,6.88868456375839,6.89820253164557,9.33042857142857,164.78690909090898,9.87006730769231,165.1251,12.7057272727273,132.10558333333302,11.812413793103401,131.8733,278.515916666667,71.80076923076919,257.130818181818,154.58605588477513,320.70957621255997,296.12034106073855,457.9186502266807,317.00152957236696,374.6043978026137,205.19419631455094,209.1903006657958,1201.8981942674145,5010.379807208665,3000.4802014445886
1512,20.166,394.42224999999996,6.840102857142861,6.8515732484076395,10.045990825688099,166.023636363636,9.7796,167.08749999999998,13.026025974026,132.71800000000002,13.258657894736801,133.11249999999998,346.765545454545,71.63624999999999,261.960916666667,155.51576630539404,324.72858463400064,295.9780763016388,386.5724484092468,315.1961828376609,416.47389880381525,172.99009778071195,188.06889420375228,1219.4333045044914,3700.648806989193,4566.78319897037
1513,16.581064516129,297.86641666666696,6.89026845637584,6.91392215568862,9.56336134453782,229.86509090909098,9.297008064516131,232.703909090909,15.596454545454499,134.162272727273,14.9354675324675,130.3764,277.486181818182,73.3459285714286,258.76427272727295,154.11822654324013,397.9806348109227,293.8152709648176,315.6783609802274,315.69796696888915,386.66500768158585,221.08739358372986,243.19400254171342,1258.6969969561324,6529.8000001348555,2637.211000546813
1514,20.418642857142903,392.928583333333,6.9037027027027,6.8628192771084295,8.5284406779661,163.1971,8.61387288135593,165.08463636363598,8.099825174825169,98.6138333333333,7.845704,99.73636363636359,274.230666666667,67.40553333333331,257.843416666667,156.4643120240468,408.14504857186233,295.8007968899698,464.35651342806875,317.8109562434016,403.44480075873435,226.44550481345505,228.25380438007414,1244.6374021237716,4950.65740251448,4467.5730023300275
1515,0.12212964128382599,195.6297,5.6095023923445,9.7108407079646,3.87736462093863,132.045,2.1882505399568,33.6074333333333,3.33560923076923,98.4861666666667,2.17536842105263,32.877027777777805,482.620181818182,43.0763333333333,210.409545454545,156.5494472008676,402.8115014867869,311.90026780739487,297.66272214770265,74.14420996884799,463.5458055417985,111.90500226803124,242.88110435009003,3131.4688007114455,4968.863193062134,536.1991003155708
1516,0.13331990458521098,197.083363636364,5.64689268292683,10.808627659574501,4.18471487603306,165.46018181818198,1.78136124031008,32.9020857142857,5.34341538461538,231.8008,1.81806015037594,33.102485714285706,514.013666666667,46.1789090909091,401.4352,272.33797576896706,488.43222365077924,715.706174117331,371.0895850727692,73.53475584031644,785.3137998608872,147.56890013813972,370.65199576318264,3845.5174973933026,14305.748100741766,828.1980990432203
1517,0.0890885997998614,195.858454545455,5.55734594594595,9.756405172413789,3.9952826086956494,133.791727272727,2.28285598377282,32.98800000000001,3.65791089108911,97.7251,2.2666087962962997,32.627742857142906,405.3174,42.516279999999995,208.550833333333,115.23859778485955,401.3869900358095,316.6588037387175,295.82017672721673,73.35665348003644,316.6814014548436,135.0527018075809,383.52029223460704,1755.6345992488787,6959.4873988535255,699.6994983637705
1518,16.1912307692308,321.627090909091,6.84754375,6.86508,9.661691588785049,164.676272727273,9.71340366972477,166.19525000000002,13.388337837837799,133.4162,12.8386588235294,131.659090909091,342.646090909091,69.05076923076919,254.899909090909,153.52805592770298,1081.9522329059623,296.3011572244557,454.37073566881094,314.4711188765584,366.6784061351791,242.59090423583984,253.81670857314018,1200.1112074358389,3942.8116957424213,1708.1489000702277
1519,0.21634561328790503,195.757454545455,5.645477832512309,10.356100917431199,4.14646613545817,130.11736363636402,2.4295157657657698,32.780257142857096,5.57663428571429,198.02875,2.352318275154,33.1102258064516,516.6563,45.048359999999995,357.181090909091,385.90529241765216,645.4099803321542,8075.225228000001,7362.119346666666,74.12137556608988,1008.8268056279048,108.14570123329759,457.09940313827246,5100.502606364898,2290.6691941898316,892.6788985263556
1520,0.0872997705837369,197.218083333333,5.66034911242604,8.3993503649635,5.34160765550239,196.00060000000002,2.5622305986696197,33.2758823529412,4.80209004739336,164.1185,2.57595539906103,32.988299999999995,447.054666666667,44.7095217391304,298.7671,153.67087660678337,555.481055631561,477.9050928943689,1039.362697200219,73.73021220450056,635.9503022395074,31.139899510890245,230.8268944034353,2775.0968030886725,12408.58529927209,610.5448002927005
1521,0.14684678561314102,195.765333333333,5.61841052631579,9.73445714285714,5.10986802030457,163.885666666667,2.73490692124105,32.7555151515151,5.03525663716814,167.618545454545,2.74858823529412,32.7252333333333,479.62225,47.1348695652174,309.625545454545,155.6252873471544,485.62820737944094,8108.359260000002,369.72579396226917,74.11519177882761,674.580005579628,120.98060688003898,383.6753050563857,3943.764592986554,3120.1810983475298,692.5774010596797
1522,0.580582183908046,435.1311,6.835859999999999,11.3649777777778,5.73388524590164,261.015083333333,1.7038000000000002,32.903875,6.40532317073171,296.831363636364,1.73009062980031,32.928741935483906,588.3673,42.2172916666667,488.47919999999993,464.3832618591293,632.2155129549536,8155.873052,515.1438238781594,73.68650339814246,1023.4108049189672,187.52999603748322,501.61789695266634,4500.641199410893,4223.96439826116,985.7526019914076
1523,0.10797006537447,195.7671,5.61812019230769,8.207564285714291,5.13069683257919,164.48090000000002,2.62041581632653,33.099718749999994,4.83931363636364,164.572272727273,2.6155717703349297,33.132935483870995,339.32329999999996,44.285866666666706,307.56366666666696,192.35083574835238,481.58619326374173,555.5709368100787,368.311416599449,73.35907084911743,508.4128933958709,104.38740719109774,349.8203994240612,2290.4475015820935,8873.707804013975,502.70240171812475
1524,19.2734727272727,394.317363636364,6.87485234899329,6.90112,7.0557,165.0175,6.46899390243902,165.2542,9.911000000000001,134.290636363636,10.1205769230769,131.964666666667,343.272727272727,63.2581428571429,252.78927272727302,156.18774385436822,482.3820511312962,296.38454865253465,308.86982869529294,312.44884437018095,422.79949702788144,200.4800015129149,215.26429918594658,1223.3799003297463,4986.323596676812,2919.420099351555
1525,19.9131333333333,395.60736363636397,6.8545799999999995,6.86593243243243,9.89922935779816,166.240272727273,9.617808333333329,165.99718181818199,12.6062528735632,132.735166666667,12.0088709677419,133.316818181818,307.4662,72.221,254.3218,153.8364694329996,403.76777947998943,295.3213152198976,394.5364766065196,315.9974156244543,383.39130114763975,220.7175042713061,222.8308963822201,1202.238493715413,2879.8215062124655,2868.713400675915
1526,0.116291449898213,194.910181818182,5.61786893203884,8.85501724137931,4.95951754385965,166.012916666667,2.4423898678414098,33.159939393939396,4.20236904761905,134.246416666667,2.47119070904645,33.6452413793103,480.5597,48.333208333333296,263.021272727273,154.89443096396909,485.99355665536973,479.2265391018713,441.00272873518395,73.70460506089981,447.05639593303204,26.657499256543815,259.2737029772252,2153.388297301717,17071.312395273708,542.2041984274983
1527,0.151282138625592,196.651272727273,6.2368597560975605,9.02794736842105,3.18654430379747,133.53525000000002,1.5146739130434799,33.61028125,3.0934079320113304,132.1635,1.5380420289855101,33.2802285714286,517.1599,41.0670714285714,256.104727272727,194.31851645180174,401.21376411498994,8071.969588000003,7365.975766666667,73.43916746442662,447.3580978810787,24.653601576574147,248.07829759083688,3058.7133980588987,10923.873807769269,724.4680018629879
1528,19.3237857142857,392.742916666667,6.89075167785235,6.7818896103896105,10.6170631578947,161.9846,11.0546704545455,165.704833333333,9.58418421052632,133.350090909091,10.0964226804124,130.305916666667,342.0473,64.5925384615385,260.3527,154.43307673320624,321.62328850377037,293.33180586918996,533.1906618883745,317.86630299136806,376.6496025491506,249.93470578920096,266.50099898688495,1240.908695035614,5633.731599664316,4079.047398408875
1529,9.30586290322581,294.0464,6.87804,11.3852233009709,9.89314678899083,165.861,9.89981355932203,165.75199999999998,9.2269649122807,133.02870000000001,8.82321739130435,132.5655,628.241090909091,58.1871666666667,256.6058,192.84483350198005,397.6241248405214,394.19526380371775,7346.440520000002,397.27688928320595,775.0309945549816,400.5202994449064,400.4378948593512,2874.9299934133887,2289.763602311723,2008.7172975763679
1530,19.9070862068966,392.293416666667,6.828839080459771,6.70292715231788,9.077680327868851,163.5427,9.24354807692308,164.87963636363602,11.6495408163265,130.70458333333298,11.7763555555556,132.4051,275.9903,69.1444375,262.0656,153.41502465198596,406.97338311073787,295.6973542630245,312.6480995401261,311.2732501979639,400.89490357786417,218.2441996410489,222.2225011792034,1188.9016052009538,3139.8331047967076,2419.0692987758666
1531,1.53226180836707,495.65425,5.61833170731707,10.587701754386,8.36277952755906,295.802666666667,2.80711023622047,33.2757,9.1196746031746,359.239545454545,2.78043222506394,32.636483870967695,626.824909090909,46.1063888888889,579.4380000000001,578.0617998027933,7599.390230000001,8079.381619999999,7397.246016666667,73.41696606195606,1109.6778034698218,250.83640066441149,632.8284944174811,4712.528697564267,3322.465901146643,1190.001398208551
1532,14.8974794520548,377.15063636363595,6.25114649681529,6.18193373493976,8.718734375,163.029,8.837324786324789,166.271416666667,11.0554623655914,132.861454545455,10.3237551020408,132.142,280.42090909090905,68.4234666666667,261.695272727273,155.64914053084752,325.09672211439556,295.91870044355494,459.51426687630794,314.31214513166606,399.25599994603544,174.75600761827081,180.18599948845804,1116.7602002387866,3390.7497010659426,4073.6169001320377
1533,0.131759681969736,198.388545454545,5.62202941176471,8.96104273504273,6.22136263736264,263.83374999999995,2.17782830188679,33.4015294117647,5.70499481865285,230.7867,2.13732142857143,32.7511666666667,476.140636363636,43.004473684210495,397.866666666667,274.56777866103016,705.799383839844,557.2756849203416,670.3238340897492,74.18124629838736,586.2104007974267,30.200096080079675,375.3590921405703,3098.5517980298027,16203.723795479165,567.5057996995747
1534,0.11359790940766501,195.98058333333302,5.65420218579235,8.8304,5.3812619047618995,198.14,2.69502068965517,32.9736944444444,3.71991118421053,100.78320000000001,2.5828021978022,32.739028571428605,442.817818181818,44.866269230769205,210.78054545454498,232.93727261844148,556.6208260938935,317.4569289370194,440.47388463904673,74.37920263300012,287.10329788737,91.21180337388068,337.05549722071737,1641.9058025348932,8743.883998249657,531.5175018040463
1535,14.8302564102564,294.7469,6.87956375838926,6.8921689189189195,9.42738655462185,165.2925,9.1039756097561,165.10363636363599,13.3721860465116,133.101181818182,12.06165625,132.85675,342.1999,69.4825,257.295727272727,154.48341588808026,480.44895410235296,293.98364375028376,455.38175385570014,315.4664417257879,398.78650568425655,222.95879607554525,228.9059921167791,1258.596801199019,2880.0649946788326,5800.747399916872
1536,0.10023390516576701,194.07790909090897,5.6250989010989,8.18754263565892,4.60541176470588,164.2696,2.31228691983122,33.1437222222222,4.04004964539007,132.49099999999999,2.27674776785714,33.1629444444444,447.8191,44.672526315789504,257.63775,195.90030057797293,481.0365248877161,401.65730838978607,446.93645905917276,73.47059472013503,372.6275957887992,117.75570164900273,252.42709962185472,2263.752097496763,4183.045198442414,497.05569981597364
1537,20.356442307692298,500.36090909090905,6.92147,6.8961621621621605,11.789444444444399,164.72783333333302,11.0091078431373,165.478090909091,10.5272268041237,131.41125000000002,10.31618,130.41425,276.17225,61.645312499999996,251.968,154.78580564776996,480.27216220494273,294.78832901755356,313.59038980534973,312.8113098087052,392.7830053726211,213.6772032827139,221.30630386527628,1241.7974008712918,5697.097897063941,3036.8511012056842
1538,0.087051263766738,195.72483333333298,5.78497101449275,8.19971641791045,5.12644278606965,196.90945454545502,2.08037969924812,33.335,4.65635714285714,164.665818181818,2.06178502879079,32.9199090909091,440.2712,42.68925,301.3997,155.04902875299652,557.7400469600193,551.1600085184165,514.0665756775753,73.4420558891146,562.3344972264022,117.20060429070145,344.772101379931,2774.3593003833666,9813.361402484588,656.2328984728083
1539,0.0876217866323908,193.6273,5.62371584699454,8.79839,4.57221138211382,164.5957,2.48080686695279,32.527757575757605,4.04947410358566,132.0961,2.5052317880794703,32.4235675675676,413.8758,45.9649333333333,256.39518181818204,116.27323299678736,476.3865775447177,390.07308812780747,367.1343513881894,73.49582345821875,416.0868003964424,120.91489625163376,316.81160326115787,3187.4660053290427,5060.532595962286,580.0468003144488
1540,15.993462686567199,296.6893,6.35674175824176,6.25278947368421,13.7057948717949,166.860363636364,11.942072164948499,165.612636363636,11.0684597701149,132.054083333333,10.7708958333333,130.72875,309.7497,69.52913333333329,256.59027272727303,154.41423135934033,483.0086456023862,293.3112624152996,390.8885433168297,316.89753770467155,361.8817019741982,200.49590384587646,207.78700127266347,1190.7169013284147,2556.68509635143,5762.690500705503
1541,0.100174529116986,195.238,5.64468306010929,10.5903723404255,5.06306930693069,198.303,2.10947580645161,32.93596875,5.02968558951965,197.8706,2.13377504725898,33.157472222222204,478.60125000000005,47.8514347826087,352.975166666667,269.7975348916333,642.2442629159339,635.5940924317616,369.57107605886057,74.5390090912483,830.2830043248832,98.32890063989908,405.78000189270824,3334.777700365521,4981.549800140783,530.5708997184411
1542,19.2194920634921,392.78236363636404,6.87878443113773,6.85248,9.34223684210526,163.531090909091,8.89899145299145,164.843272727273,12.4061764705882,131.67908333333298,11.807229166666701,131.7362,343.8597,67.3841875,254.84150000000002,154.6961990714551,321.37931747280084,296.87292503390324,380.8400228192985,317.4883634271472,330.0333017250523,212.84089889377356,213.82020204328,1228.3452990232036,5606.3207011902705,2455.71699924767
1543,18.8838196721311,394.4646,8.21773611111111,11.460298850574699,9.545214876033059,166.018636363636,9.54376237623762,166.071,12.1986931818182,130.84380000000002,11.4088936170213,128.7505,312.25399999999996,68.035125,254.93469999999996,154.71150013514705,476.7156706092059,302.87507988771824,459.54313853239387,315.07149407397816,451.6675020568073,226.14540066570044,234.11750444211066,1461.1886959755793,17112.696103868075,1597.3988018231466
1544,0.124772139051002,194.7811,5.63245023696682,10.382151515151499,3.8107878787878797,100.026090909091,2.7934758064516103,33.2746129032258,3.35305047318612,66.3662857142857,2.7403145161290303,33.0075625,513.200545454545,42.00835,165.498545454545,154.48144509248112,319.05747777588294,221.2548075471529,222.41286385406798,73.28647417600273,500.64659444615245,107.32269729487598,291.3164033088833,3061.243801494129,9929.000400006771,619.9811003170907
1545,16.3148709677419,394.880333333333,5.619721311475409,12.2316105263158,10.801499999999999,166.0356,10.5314821428571,164.763181818182,9.87426363636364,131.880454545455,10.256640776699,132.078583333333,488.3944166666669,62.330647058823494,258.3315,192.20700500852115,321.7923117628334,386.44367550458315,461.44423981182365,397.6497458388064,684.5933006843552,392.3517040675506,405.18699679523706,2038.7994998600336,6087.827804731205,1707.7621014323086
1546,19.4106206896552,392.234166666667,7.638966666666669,7.60113,8.23239130434783,167.8105,8.07343262411348,164.332166666667,14.8839701492537,131.70624999999998,14.9118472222222,132.35819999999998,348.388916666667,72.2958461538462,257.4346,154.3925905161027,474.6816832725077,297.22563865664307,390.5992641768488,316.400304966028,394.02080001309514,207.3733980068937,219.32899835519493,1143.4284009737894,3106.9902004674077,1673.7943980842829
1547,20.4102641509434,397.7973,6.85035714285714,6.92113333333333,12.1548271604938,165.473333333333,11.6647422680412,166.577,11.1213434343434,132.96275,11.4618723404255,133.072333333333,343.909583333333,67.4223529411765,257.49341666666703,154.69097602679497,399.2381642444217,294.7949949159411,389.13117135697007,318.7109519863912,438.2851970149204,238.01949282642454,237.15059796813875,1250.693594920449,3265.8854994224384,2586.2721988232806
1548,14.9479245283019,295.078166666667,6.8564183006536,6.96511180124224,8.99008695652174,165.720333333333,8.869728682170539,164.80370000000002,12.3507432432432,131.189090909091,12.0290224719101,130.36849999999998,278.149,68.1711428571429,256.980272727273,155.69710205996174,478.24644380144366,303.4296301800835,464.6499408413987,315.24525009045635,362.8742997534573,173.03639906458557,190.5522047309205,1169.696607394144,3142.1571999089792,2949.4465998141095
1549,20.42388,392.908727272727,6.912582278481009,6.874420000000001,8.043496551724141,166.07458333333298,7.58959589041096,162.892636363636,9.533305555555561,132.10389999999998,9.6066261682243,131.9979,278.7076,60.393499999999996,258.708545454545,155.48503132715487,398.5224680535794,295.57345144830464,313.20191507243464,315.91868645630944,354.59039791021496,204.5309025561437,220.4690914368257,1169.998908881098,3684.992596390657,1881.3477014191449
1550,15.929478260869601,292.731583333333,6.9054295302013395,6.9293355704698,10.0990638297872,165.6564,9.60731034482759,164.991166666667,13.9830384615385,133.16463636363602,14.127635135135101,131.92925,346.899454545455,72.0091333333333,257.600333333333,155.53812458166945,471.6956391461792,297.59743930334747,316.815518820001,316.6291247952414,411.23460105154663,153.31140311900526,162.09720342885703,1128.4584034001455,1950.333992135711,5907.979799667373
1551,18.498218181818203,436.78008333333304,6.90296026490066,13.8696144578313,10.6886055045872,262.5404,10.2895,265.734909090909,15.329092307692301,133.004727272727,14.232397260274,131.990333333333,487.739454545454,72.62926666666671,257.1807,155.05913178439727,487.9609056437427,306.82770282949434,388.9288506423991,319.32616227003723,565.5404966091737,285.9981032088399,297.003096784465,2114.877791609615,1460.1497037801892,1680.1574995042756
1552,15.639824324324298,295.13241666666704,6.97964383561644,6.91666455696203,9.08839316239316,165.19927272727298,9.27721186440678,166.15970000000002,12.220662500000001,133.082818181818,11.9837356321839,132.582909090909,277.5258,70.5565,255.95658333333301,154.60580050129514,555.4434984159406,298.3249487909905,316.82960547138475,313.1449706519871,405.54439765401185,250.30080287251621,233.63669752143323,1221.315102884546,4075.501096667722,2522.7850972441956
1553,0.103888793020803,194.2515,5.60770165745856,8.163946969696969,3.9866931818181794,98.29841666666671,2.93847206703911,32.885611111111096,3.51481504702194,64.9679411764706,3.0422493438320197,32.73846875,475.4454,44.2895769230769,164.986909090909,191.7702155226268,405.67572525468523,219.40001252411002,220.26150677661673,73.4262024097447,401.14889561664313,100.81910295411944,304.9500024644658,2773.134605376981,4088.1744003854697,694.8691006982699
1554,15.915705882352901,297.59425,6.88532386363636,6.8881858974359,10.080247706422,166.274454545455,8.82589230769231,162.77581818181798,11.883362499999999,131.713,11.5677093023256,132.74475,276.29249999999996,65.0308125,256.626666666667,156.1199115704767,403.3212900948345,296.19282903384567,311.7641538029923,316.33155529378183,402.50270103570074,215.9157011192292,220.83589574322104,1227.4104956304654,4530.662597971968,1882.7816005796194
1555,0.117705413687436,195.461545454545,5.6096594594594595,8.234496,3.1355225464191,99.74366666666671,1.86640227703985,33.079303030302995,2.50832846715328,66.11655555555559,1.8585226860254098,33.281444444444396,477.08836363636397,40.0382962962963,164.4897,154.26362163977788,320.33310532781445,219.48120650517325,222.29505876294775,73.88317718127254,347.338302526623,30.228393734432757,256.978502147831,1399.1790008731186,7745.127793168649,492.02739901375026
1556,15.3495945945946,298.1984,7.66749,7.653029850746271,9.08222522522522,166.452,9.082804687500001,165.0023,10.2904945054945,129.115181818182,11.4354848484848,132.944833333333,307.975909090909,67.3889333333333,252.987666666667,154.7064849264648,547.5915983114039,295.6797748577554,378.5027839032165,312.7526649978977,399.322496377863,216.85509709641337,226.65199358016253,1541.0808962769806,9540.961001766846,1632.6259006746113
1557,19.420527272727302,393.0104,7.42698101265823,7.55793793103448,8.97088888888889,198.11599999999999,9.25862831858407,199.712916666667,10.696183908046,133.34945454545502,10.2412450980392,133.141666666667,278.8603,65.43264705882349,259.7114,154.20413438638718,475.4958237632619,295.40320362723645,463.0660820303898,314.408531873568,404.31959205307066,215.21039307117462,218.33690407220274,1523.3757992973551,10147.888300707564,1790.9776011947542
1558,0.09929275387116089,195.310454545455,5.58402234636871,8.161007092198581,4.96113197969543,165.97699999999998,3.00682568807339,32.8447777777778,5.51586802030457,198.943666666667,3.01078041543027,32.9988709677419,337.42183333333304,45.912681818181795,355.062,115.39356972311498,474.6136185419091,711.415578890683,371.29538264356256,73.68088122312811,509.0182065032422,93.40099932160228,296.01950373034924,2736.2353983335197,6264.552703942172,533.2595988875255
1559,19.2858490566038,394.895090909091,6.85468456375839,6.84664,11.629989010989,161.389583333333,10.3027849462366,166.195833333333,10.1726339285714,132.59019999999998,10.199399999999999,134.9697,311.826083333333,61.8834444444444,256.14000000000004,156.3766166017075,484.52652039943484,301.2833900932154,312.9634266145371,312.0826806012997,434.9153983639553,205.12010087259114,210.1966063492,1234.4060029136017,1499.6093028457835,5816.9458992779255
1560,19.9363333333333,392.16069999999996,6.84714765100671,6.82328476821192,10.934565656565699,164.88774999999998,10.7738723404255,165.597727272727,9.99878181818182,131.2769,9.823083333333331,130.7209,309.9892,65.5832352941176,257.4002,154.4435423214396,478.84629801444794,295.24920313271116,386.71194526028984,314.68273276999366,394.9245990952477,219.6362998802215,214.17569951154292,1189.8918921360746,2811.8733956944197,4766.139600542374
1561,0.315189107827039,195.4244,5.64574736842105,9.03998214285714,6.92713291139241,263.1801,2.7374633431085,33.0485714285714,9.925294117647061,366.8637,2.69162785388128,32.8889696969697,582.315545454545,46.456541666666695,582.263636363636,345.8385431635056,7638.162810000002,8075.848828,738.7858660115264,73.90173756410809,990.1392972096802,192.79619154985994,606.1549036530778,5003.628696431406,6279.545099823736,851.206699735485
1562,19.7586274509804,395.803,6.87897687861272,6.95065243902439,9.79910185185185,165.236636363636,10.0458086956522,163.80489999999998,12.7029358974359,132.812416666667,12.4496790123457,131.876416666667,276.258,71.2275384615385,261.1221,155.73704986192345,477.0603971320026,294.9498600753094,462.90804536511433,316.90773979237485,395.9966008551419,238.67700074333698,246.93389714229852,1260.6412987224758,6527.2916079266,1789.877499686554
1563,0.105112642238229,198.538363636364,5.64431213872832,7.5560657894736805,4.19336170212766,165.30249999999998,1.8147789968652,33.096000000000004,3.8671834532374096,133.1753,1.85886887835703,33.0246857142857,445.2188,43.08744,255.5549,193.78003028186947,478.6474580203925,478.03582488665995,443.8069398013447,74.32485798904897,314.58709854632616,107.10299829952419,275.3761044004932,2522.28899335023,4740.587298874743,574.3318994063884
1564,0.0897969825304394,268.6467,5.60694285714286,9.6998679245283,4.54667699115044,166.296090909091,1.93885860306644,33.085303030302995,3.72404210526316,132.084166666667,1.9634252491694402,33.3422121212121,478.68675,42.1864,259.969545454545,268.8010581532502,484.640188020827,395.9987051555336,7379.8760666666685,73.50912532357145,438.121598563157,24.930902873165905,284.2667046934366,2684.1474027605727,18083.88700010255,655.5942993145436
1565,0.115161777394305,193.2887,5.58538461538462,11.311086419753101,4.7537875000000005,164.518090909091,2.52831555555556,32.999,4.69581140350877,163.607545454545,2.49788222698073,32.9307333333333,578.142666666667,43.6106086956522,300.16925000000003,349.50778799706137,707.3738472301179,8038.426783999998,371.2245109850586,73.08465288044732,647.2426990512758,166.53869824949652,328.4221049398184,3859.8816958256066,10999.959398759529,695.3687989152968
1566,19.9685423728814,395.908272727273,6.90117,6.92026219512195,9.57510576923077,165.595090909091,9.4559262295082,166.09018181818197,15.0169594594595,132.90099999999998,14.3015061728395,132.00663636363598,236.815,73.7933333333333,258.2625,156.41018270984037,481.9349884100777,295.2761975410708,379.0725231536336,317.5733218338295,400.2130968729034,188.25710285454988,200.53369808010757,1214.447504025884,7834.293803898617,2563.4303980041295
1567,20.0512745098039,392.2934,6.84885443037975,6.84408,9.45675213675214,165.49530000000001,8.91126923076923,164.8264,12.511389610389601,132.47225,12.2146829268293,132.399916666667,280.552545454545,67.9383333333333,258.597833333333,154.46669474884928,561.648298124888,297.10659469114614,543.5477542017941,314.3872393914385,406.1508923768997,215.77720472123474,226.3392962049693,1222.1630022395402,10494.3164071301,2023.2921990100294
1568,0.162975464473124,195.029,5.57241847826087,11.9875625,6.28612568306011,231.615,2.8900285714285703,33.150727272727295,8.78688524590164,330.31,3.06109762532982,33.149064516129,591.59525,46.9728260869565,539.06625,386.1002462431895,636.1673468787667,2956.9627877753796,662.2727630007867,73.83691262014044,1112.0863957330585,213.71710172388703,523.7276025582105,5013.943402445875,3697.7610987378284,934.6022008685395
1569,0.119021875654176,195.813583333333,5.44691935483871,8.9775,2.75114496314496,99.4474,1.78884576271186,32.9193548387097,2.43895434782609,66.2724,1.76461741835148,32.8224545454545,543.7379999999999,42.99725,162.3812,231.67630400828028,403.58799619422115,221.8372406963894,220.96375255269234,73.56367193707172,413.388799643144,120.3603926114738,390.16230730339885,1193.281597807072,3605.2388953976333,664.9151997407898
1570,0.10818963053684401,194.3008,5.616907608695651,8.1568492063492,3.91842599277978,163.01170000000002,1.6951319648093799,32.9262285714286,3.49332971014493,131.079090909091,1.66463103953148,32.7653548387097,480.85949999999997,45.89388,255.23880000000003,194.1273304022399,479.9837981638948,386.8496891282345,369.1326953852978,73.90574648063416,696.4034982956946,98.05229783523828,415.0679014855996,3408.63679011818,4747.545000282116,658.4198999917135
1571,0.16935218471430702,197.083416666667,6.07055214723926,11.373396039604,6.25993333333333,294.673,1.72570481927711,31.974805555555598,7.9495547445255506,355.672,1.6317738693467299,32.2211875,512.8374,39.565586206896604,578.449545454545,429.0184283490294,558.6057657142376,8080.022776000001,964.5581419125083,73.60123812148379,1333.1271038623527,204.58800136111677,650.8406018838286,4720.580606954172,5526.782901142724,966.9535007560626
1572,0.132679503687229,196.606272727273,5.64957476635514,8.18667669172932,3.9130568181818206,99.53625,2.7683351351351404,32.856759999999994,3.24310625,66.6158235294118,2.74374663072776,32.938677419354796,446.00899999999996,44.314375000000005,165.132416666667,194.089118574677,326.09248299749055,221.77509106007133,221.26844189768642,74.33823738689375,404.49940133839846,93.58239767607301,237.57009766995907,3013.6253975797445,5266.516201663762,496.1624013958499
1573,0.138235032602252,197.7274,5.63408212560386,9.56074561403509,3.85034716981132,132.7453,2.18476344086022,33.142827586206906,3.35188165680473,98.6234545454545,2.17455688622754,33.094612903225794,513.9919,43.4602083333333,211.104833333333,197.4755746209257,405.3868196723975,314.68666842932515,295.8330343645338,73.9013110215545,608.1205967348069,111.53400409966707,260.66309947054833,3863.695202744566,4448.159702587873,657.5425999471918
1574,0.106510280563152,198.534583333333,5.61823529411765,8.25464827586207,3.3763013245033098,99.0683333333333,2.20877969762419,32.639151515151504,2.80464009661836,66.9129230769231,2.12282330827068,33.0275,445.492454545455,47.13825,163.06141666666701,153.9206186811724,324.37238629064956,222.1198198828423,220.6130701798706,74.27108024662837,309.95870183687657,113.58549818396568,260.9203977044672,2008.8439894607293,5531.348098884337,581.3955998746678
1575,16.056173333333298,293.636916666667,6.9232000000000005,6.9451301369863,13.0394691358025,165.218166666667,12.108908045977,164.5569,12.1289146341463,131.295666666667,11.786685393258399,131.953333333333,346.965545454545,68.33978571428571,257.26230000000004,155.4754016101823,650.2917336054435,294.7887294244253,314.3301857972412,316.35498781595413,400.5046997917816,225.15969758387655,238.06559620425105,1255.4786953842267,5267.211902537383,3595.4888007836416
1576,19.8556034482759,396.6493,6.90184146341463,6.8793063583815,11.7414545454545,164.518454545455,11.8509204545455,165.96825,11.1282934782609,132.989916666667,10.5879252336449,131.99633333333298,279.082545454545,68.4768666666667,253.818818181818,155.71892372515734,323.8787248869574,302.8469117851918,671.9112767131203,315.39277645396373,389.5285975886509,211.801499244757,210.51679796073586,1203.6508007440716,9484.308498213068,1862.2210016474128
1577,0.115129789129789,198.6568,5.62842245989305,8.98422314049587,3.8404496644295296,132.4081,2.09460507246377,33.0420857142857,3.25625872093023,100.008666666667,1.94956581532416,32.76475,480.206454545455,45.9007826086957,209.99450000000002,155.15010840720956,403.0401152571279,317.07906440631325,294.7155680690168,74.18846306822235,591.8663053307682,29.477200587280095,189.0012965304777,2225.380204617977,14322.948499466293,444.0983000677079
1578,0.103001804728388,196.8967,5.583324175824179,9.608495867768589,4.3456034482758605,131.983,2.44820987654321,33.077119999999994,4.08623577235772,132.7577,2.51907263922518,33.3287647058824,378.385,45.9376666666667,254.084454545455,155.83679633562667,480.6060758356721,405.9980563793661,295.55190962750015,73.43107508018288,194.50239778961986,108.40259783435613,318.12309462111443,3031.629795441404,5916.224894463085,495.57239981368184
1579,19.9416557377049,503.8003,6.7994105960264895,6.84811409395973,8.34870491803279,180.73690000000002,8.77660162601626,166.049083333333,10.6151523809524,132.25754545454498,10.2292788461538,132.469636363636,276.487,66.7039333333333,259.909454545455,154.23730620325134,322.76838961919873,296.6657405292201,393.28937171740534,316.2304533347669,364.9348014732823,197.01480341609567,205.8208017842844,1180.0037958892062,8644.766200450249,2298.664700356312
1580,0.10438805423231999,194.671818181818,5.60064948453608,8.18511023622047,3.69214068441065,132.478363636364,1.7939437609841802,33.1643870967742,3.0233756613756597,99.93675,1.76220110701107,32.837108108108104,448.782083333333,44.372652173912996,211.3351,192.89462763781316,395.37478080714567,315.033508052811,298.0313535636321,73.65262508714231,434.32549573481083,112.41839965805411,319.5995057467371,2331.013197544962,7180.386994150467,613.5144009022042
1581,0.121075676954003,194.51129999999998,5.61475520833333,8.97918260869565,3.9187142857142896,98.89045454545449,2.6821160493827203,33.2739705882353,3.31902134146341,65.8789375,2.53758744394619,33.2966285714286,481.7629,43.287714285714294,163.9532,116.88496641081184,323.0546823521178,220.61229910082128,222.20437761386378,74.07625094134063,294.84169790521264,125.52539992611857,267.5093011930585,2284.593496005982,8304.250895162113,532.423600088805
1582,0.116143427847608,197.4288,5.61878453038674,9.02118897637795,4.747863636363641,171.494090909091,2.64146788990826,32.891,4.792124481327799,164.582909090909,2.7136587926509197,33.0653636363636,411.839,44.1075652173913,299.8075,233.6932377533692,562.656844185705,471.1498173053844,369.59884201743745,74.09404836360511,560.8021019725129,93.70370244141668,329.3086017947644,3052.1366017637774,6100.400901050307,448.997100465931
1583,0.12007396415934302,196.998181818182,5.65041981132075,6.32104093567251,4.9025232067510505,166.531090909091,2.94763055555556,33.1721290322581,4.48204526748971,133.087,2.89904846938775,33.3570967741936,415.261916666667,46.1266818181818,254.7534,154.0814857889689,481.26738912637614,399.6045444198747,7376.176459999997,73.66225008441207,573.6958002671599,96.48159903008491,334.1307019582018,3394.3679940421134,5117.643397534266,493.1761999614537
1584,0.10355586987270199,196.382333333333,5.62453926701571,10.618021505376301,5.7601978021977995,265.708666666667,1.9238910505836602,33.637294117647095,6.27221468926554,266.64836363636397,1.9855042589437801,33.1441470588235,519.58375,42.5827407407407,446.437909090909,193.63122077672529,931.2926682122875,8079.989416000001,7409.266379999999,73.73985201989609,1065.800106152892,158.21559936739504,547.0599018735811,4473.215894540772,13713.257404742762,901.4856012072414
1585,0.0996838753918495,289.35,5.62620098039216,8.32202857142857,3.8839385665529,132.18566666666698,2.08377732793522,33.3991875,3.41265088757396,98.59049999999999,2.03969927536232,33.0346285714286,480.880083333333,44.69318749999999,210.65609999999998,234.25015233407157,401.33151357074564,312.6049517582926,297.43536878244834,74.31389004697589,391.38400461524725,96.77539928816259,293.04909985512495,2033.409895375371,3601.0122013976797,574.1625995142385
1586,0.13531012583794,196.493545454545,5.6453027027027,9.009,4.31638759689922,133.57754545454497,2.78883287671233,33.1086571428571,3.9264679245283003,99.3694,2.7955632183908,32.8124444444444,453.86018181818196,42.147666666666694,211.53691666666703,193.79921849851877,400.1390545059281,311.1916757484357,294.4218048167614,73.7022047921429,497.2933093085885,94.67799391131848,288.253603503108,2549.6440997812897,6479.033693904057,576.1736014392227
1587,0.116293925538863,196.8695,5.57885990338164,7.53247,3.37240066225166,99.4172727272727,2.18608076923077,32.813657142857096,2.76114794520548,64.1187058823529,2.12231779661017,33.3615833333333,374.453083333333,44.882733333333306,163.434363636364,154.7186410641021,322.5221830828179,221.33733083053053,221.08810609008344,74.05105367243291,364.3599076895043,97.64959977474064,270.65610338468105,2006.1637973412871,6363.054402754642,412.33529918827116
1588,0.148678757980267,198.69325,5.6292511848341205,11.1127692307692,3.9425330882352903,164.7601,1.80970979020979,32.517696969697,4.113119047619049,168.8403,1.772975,33.6727058823529,519.1296666666669,42.705037037037,305.720090909091,310.5798534425184,636.5834828950258,8134.350767999999,378.5158501443192,73.96686766899214,665.0104012805969,154.72890518140048,514.3268004758283,3602.1317035192624,8978.644601302221,809.1494004474953
1589,0.103466121394748,197.025909090909,5.1842999999999995,9.449814516129031,4.91509090909091,162.023181818182,2.68475696202532,33.4471176470588,4.47067058823529,131.2215,2.70324768518519,32.52,373.233166666667,44.98175,348.16175,116.0219009907918,478.8025278083364,391.6059087283354,367.7904637196646,73.92079449044924,541.9234017608687,101.5214016661048,354.87819695845246,2567.447200999595,5398.693002643995,506.2468000687659
1590,0.116512322179924,197.14600000000002,5.54962944162436,8.91466071428571,3.7604963768115898,131.704909090909,1.88693245778612,32.8945625,4.72341201716738,199.780416666667,1.80182732447818,32.97628125,445.788583333333,42.5596296296296,352.95329999999996,154.20941589169115,481.9845313161641,636.4956842980349,293.95810148318736,74.37884119444038,428.99710533674806,112.27389913983643,357.7225957997143,2244.338905438781,3823.4161998843774,655.8672001119703
1591,20.0186,392.67275,6.88347305389222,6.88497315436242,12.987234567901199,164.81300000000002,12.441699999999999,168.1489,10.7287714285714,131.95783333333299,12.1496774193548,131.508818181818,276.828090909091,68.737125,259.06829999999997,159.04968462348435,558.8321925360437,300.19427974711795,465.33364158078786,315.14429762292224,344.75749998819083,198.9999960642308,208.9011948555708,1240.5668006977066,5384.8950017709285,2338.9693000353873
1592,0.0990976845784185,195.355833333333,5.608251282051279,7.546364341085271,3.55269072164948,98.39390909090909,2.4497855421686703,33.254451612903196,2.88311168831169,66.6314375,2.36251844262295,33.168085714285695,472.706363636364,43.3204375,161.7711,310.40783794215776,326.34071619091094,223.4816703917785,221.36693312630203,73.58827341204119,321.72811042983085,106.66870221029967,317.9982042638585,1482.455205405131,7270.478899590671,532.2366021573544
1593,15.4805584415584,297.4799,6.88622,6.88447,14.581719999999999,165.58010000000002,13.67555,165.84927272727302,13.2498915662651,132.564,13.5754186046512,133.212083333333,309.61158333333304,71.5548571428572,261.293181818182,154.58727578608446,322.76336117053415,294.3839760998105,460.0072417179814,316.9091927950729,368.56049846392125,185.6095012044534,193.61219892743975,1183.9648970635608,2011.0245008254424,5811.609298689291
1594,0.15235663507109,257.1907,5.615513661202191,8.214030303030299,4.77915865384615,165.8072,2.27809270216963,33.1571515151515,3.970144,130.168545454545,2.29549680170576,32.932599999999994,515.6442727272729,42.9877037037037,257.012583333333,308.92693639788354,480.3905277192818,397.5958960111546,7425.501583333332,74.03293611077258,420.330700580962,98.36970129981637,314.8383984807879,2295.7974986638874,2496.07760051731,689.5908998558298
1595,19.8213559322034,393.618333333333,6.77355952380952,6.88881879194631,8.669169230769231,167.839363636364,8.85049180327869,164.64520000000002,11.4611235955056,133.2575,10.8037604166667,131.1207,277.725636363636,66.8106666666667,258.5889,154.98463343369133,324.815372589312,298.414456791639,310.58343232785865,316.0265365854963,390.5444929841906,218.90900388825685,220.3613956226036,1205.2623031195253,8338.577303220518,2444.7143980069086
1596,15.316026666666701,299.42130000000003,8.33634,8.35460294117647,11.2423626373626,163.790916666667,10.3529795918367,163.025727272727,16.7996724137931,132.6467,14.621749999999999,132.446833333333,282.180416666667,74.0923076923077,254.99224999999998,155.15983154123987,564.1677270321825,295.8422813414278,467.11580326627455,314.34074125228375,372.0334032550454,194.23479971010238,199.23390354961157,1201.0331964120269,3361.684500123374,1841.4830992696807
1597,0.158698854087089,197.07829999999998,5.63383937823834,8.88514634146341,4.74825714285714,167.123833333333,2.69806532663317,33.5272352941177,4.81091213389121,166.449909090909,2.6627520000000002,33.1583793103448,484.543,47.831045454545496,303.60925000000003,153.88070233939257,480.65752580847254,640.0842430196567,369.53627609749617,74.23242033745417,763.0183972651139,161.7132977116853,331.7517985124141,3338.177199475467,6882.671898347326,707.3048007441685
1598,0.20012613482712,197.661083333333,5.62812565445026,10.68826,5.98298843930636,267.25163636363595,1.95677464788732,32.8629333333333,7.556680555555561,297.79033333333297,1.8405981981982,32.8497714285714,586.554416666667,43.839347826087,489.2679,349.2047993126911,710.190581940735,8068.955060000001,594.9233072762485,73.84344682878367,1081.6005989909172,160.17750022001565,518.7803006265312,5232.041497947648,12424.875600845553,976.6945004230365
1599,0.08682160364145661,193.4637,5.62338048780488,7.57834558823529,3.38411209439528,130.55759999999998,1.6414486803519102,32.7429333333333,2.83339900249377,97.35141666666671,1.64602608695652,32.1881333333333,439.379666666667,39.0498928571429,206.495181818182,272.3910718079379,560.6668100935689,313.7531320411233,297.15765739217824,74.23354360180761,762.6170088769868,126.57170300371943,416.16850066930056,3328.716699616052,2451.1336989235133,776.0256994515657
1600,0.115839083043039,639.166416666667,5.671469613259671,8.93109016393443,21.7027115384615,646.957,5.31988780487805,108.455727272727,22.275080000000003,655.9753999999999,5.14260765550239,110.3306,1701.9739,219.524818181818,1176.7965833333299,499.48089094195984,1905.3377379939357,1930.712153247268,1146.8257759292112,229.50142969552013,693.8611011719331,132.82459985930473,454.26779543049634,8601.714597898535,17314.460198394954,2124.1415990516543
1601,0.14861403282077798,639.524833333333,5.6921568627451,10.5855934065934,14.90644,427.675727272727,4.8345420560747705,107.777666666667,18.493809523809503,546.03675,4.68343103448276,108.0789,1702.91709090909,217.134454545455,1021.60681818182,496.0819372217293,1197.3829645141225,1447.4583338084924,918.8061110204087,230.2547477647542,629.7143030678853,245.41919410694393,515.051101683639,8562.123999581672,48760.06859994959,2676.4879003167152
1602,0.105232097511427,635.8444000000001,5.67163981042654,8.399087999999999,12.3172409638554,327.683272727273,5.75896610169492,109.912727272727,8.8232972972973,214.12375,5.80067630057803,106.975636363636,1242.9039166666698,213.33154545454502,542.10925,785.4469458728203,959.3585835459835,689.4902124300248,688.1790154329838,229.1170088316082,275.90189420152456,132.4159005889669,456.23910264112055,5628.5140017280355,26264.246500795707,1439.8936997167766
1603,34.85125,1326.2614545454499,6.7827380952381,6.91177914110429,24.1311875,544.2537,23.8478444444444,528.5179999999999,42.66675,421.7258,40.9319642857143,425.90809090909096,1033.18766666667,266.7699,850.2046363636359,502.33127359373265,1427.6329382106724,918.9056833028279,1148.6708244029592,923.4659063079336,438.9206937048584,315.5548998620361,318.4770030202344,3346.688102465123,4907.905898289755,17807.541298680007
1604,33.61,1281.67116666667,6.871033557046981,6.86153896103896,22.61825,536.038909090909,22.079326923076902,539.545454545455,39.0418461538461,439.19175,38.4477931034483,428.72654545454503,1025.9515,262.654545454545,872.864818181818,498.7433299607486,1194.449290293401,919.7626493778434,1381.2472570662603,923.5983519620107,525.2586008282378,317.94939714018255,320.0541978003457,3404.6571963699535,21025.015698978677,7479.5111984713
1605,35.051709677419396,1273.0953,7.61777037037037,11.46973,36.834172413793105,538.372,36.891551724137905,546.365545454545,44.0126666666667,438.8299,42.6325,428.44154545454495,1038.05741666667,269.304909090909,855.7994,497.107944848195,1190.153779144156,920.4975922052129,1145.7162624586342,922.3233756150205,570.4330978915095,381.3606017502025,422.0326984068379,4046.8386985594407,15575.459302635863,4819.0114001045
1606,0.0878000147481749,819.1461,5.61519607843137,8.24691240875912,19.26435,536.02925,6.51195977011494,109.4559,15.4285675675676,435.476,6.52713375796178,109.297333333333,1363.386,221.95875,866.085833333333,499.9592789392543,1195.3023531867755,1214.025625238295,917.5893808698349,229.29954229482132,405.400394811295,156.15939919371158,409.14539713412523,7371.76529946737,20867.468995857053,1759.030797984451
1607,0.104113400214977,639.8346,5.69032596685083,8.96454,17.7376774193548,549.768272727273,4.54401219512195,110.100083333333,14.6839850746269,425.769545454546,4.6018964143426295,105.984,1354.4395833333301,216.31975,858.005666666667,774.5844436268663,1432.1488560393834,1178.8785681301051,1149.55541942409,230.84193431704503,605.2775075659156,145.88870108127594,420.67160829901695,7187.254299060442,22460.64849605318,1511.6352995391935
1608,0.0903046861184792,814.7161666666669,5.6490876288659795,6.89308053691275,15.105081081081101,443.750583333333,5.1659103139013505,110.2081,11.9610823529412,327.048833333333,5.27793193717277,111.018,1362.00363636364,216.33599999999998,701.4862999999999,899.1991064218394,1195.1949298522443,961.1887369909801,918.4758676191218,229.94230591654443,441.91579800099134,166.88599425833672,419.0690960967913,8853.921596892178,17773.353698430583,1691.9088026043028
1609,26.9638620689655,962.308083333333,6.94042281879195,6.8778231292517,31.151794117647103,534.4793999999999,29.8749210526316,534.3050909090911,37.4498518518519,436.3067,37.1348275862069,438.9155,927.5832,258.9233,860.8267,499.8844454969152,3076.7735992731564,920.7634132075157,1378.8828860071292,923.3320802516292,431.84669339098036,306.777298101224,322.4996937206015,3165.314797661267,14188.823694712482,6804.800298414193
1610,0.178548837939698,634.7284166666669,6.23815028901734,10.365990990991001,24.9173260869565,735.0219,6.60344785276074,106.938666666667,27.6657073170732,854.8032499999999,6.70950609756098,106.6255,1716.3279,223.3531,1488.54216666667,494.40928132888655,23478.59265,25130.93905,1614.2806577885692,229.07295960119436,1103.3618997316808,242.62089282274246,723.1291965581477,13939.331195433624,18011.3090085797,2592.502799234353
1611,27.2253421052632,1218.8354000000002,6.93589795918367,6.78274213836478,41.8979545454545,541.4778333333329,41.420416666666696,548.24925,39.254034482758605,428.381916666667,40.805,431.630818181818,1020.4001999999999,268.68969999999996,854.718583333333,497.82984144703033,1655.319673029019,919.6029802317071,920.3396586854782,922.3993757489844,454.56219813786447,387.9570955177769,387.45660276617855,3305.9217035770416,5597.365205176175,5267.1656012535095
1612,0.136282192466525,814.670181818182,5.65026829268293,11.2384380952381,24.513125,742.796583333333,6.08798843930636,107.39689999999999,20.7026666666667,648.1927000000001,6.09487209302326,108.0795,1573.465,221.1627,1190.18841666667,626.1798523748466,2372.278058466261,25076.45811,2067.8523722308937,229.8420835457254,983.7970952503382,171.82240262627602,548.7537913722917,11016.816899063997,8434.436999959871,2059.9006005795673
1613,0.11999951853635099,636.7197,5.52950279329609,7.398892473118281,12.6386455696203,325.1612,6.8228064516129,109.3669,9.571398230088489,217.930916666667,7.03346987951807,109.663272727273,1243.75618181818,217.458090909091,539.2268181818181,500.5724194325355,962.3992159438468,689.7907702983595,688.7108891811099,228.9169593943159,218.7024976592511,146.24259783886373,300.37360556889325,4747.852100990713,10182.727497885935,1254.049499402754
1614,34.0909411764706,1275.20727272727,6.92982781456954,6.9362095808383195,24.073243902439003,551.052363636364,24.5176341463415,531.6184545454549,27.0646923076923,323.8273,26.0367142857143,321.50554545454503,1142.5071,262.150727272727,855.039,494.0748691320326,1186.8048943030687,914.0186877157759,916.9505992071081,919.6442415444953,503.1516047893092,339.43789603654295,343.6814033193514,3376.748494338244,10389.067005598918,6334.106900612824
1615,28.8971111111111,960.376416666667,8.32013740458015,8.283136,31.220000000000002,549.6133636363639,30.6853333333333,552.2597499999999,39.214275862069,431.277,38.943599999999996,431.83700000000005,1154.7557,262.93225,861.119,503.61533955215583,2129.7891396706505,921.6874098337059,1151.6495707351096,921.6169584857788,544.9882970424369,260.79179951921105,273.32279714755714,3285.8987047802657,8096.793803269975,5389.584699878469
1616,0.101656674734686,634.792363636364,5.61708152173913,8.233295774647889,15.2642027027027,420.041833333333,5.26964795918367,105.325166666667,12.0018631578947,317.0622,5.40023766816143,109.8353,1825.0658999999998,217.483909090909,700.2807,895.2224407310374,1203.7703653717072,958.3087361173436,919.7670387963594,230.07693338923752,591.451398213394,197.1054880414158,537.8039000788704,7045.057002687827,17900.135603849776,2109.486499102786
1617,28.475975609756098,962.8872727272731,6.9096644295302,6.859686746987951,30.3673243243243,424.321545454545,29.6225833333333,437.08645454545496,26.726894736842098,319.044090909091,26.661125,320.19216666666705,1036.25,268.858416666667,861.2678999999999,497.5416239919211,1433.029227543224,920.0541246705027,1150.0633167567978,927.065160146494,404.692001757212,252.20000243280083,258.49380181171,3189.09959460143,11537.108398624696,17523.579602129757
1618,0.118080171090151,641.259,5.62515909090909,9.65251376146789,20.8333090909091,658.774090909091,6.05058469945355,105.857454545455,22.066717391304298,650.467,6.21108287292818,110.07079999999999,1468.1531,220.33520000000001,1192.1360000000002,497.1954431373546,1904.6976840320401,2164.109054186644,1608.8410191159594,230.17342096890926,802.4589944398031,144.80830577667803,501.99310353491455,9196.58720085863,30921.64949630387,1822.622201871127
1619,0.19980560966108302,638.908909090909,5.76543902439024,11.4023555555556,24.4812666666667,740.272416666667,6.25684302325581,105.45054545454501,31.419135135135104,974.8894,6.38239156626506,106.6508,1593.43325,223.8655,1646.11041666667,1364.8944233911132,1901.723586862705,25249.70131,1146.4859421992044,230.12798983195748,1099.5020944392309,229.63869851082563,578.1007988844067,10763.068599044345,29045.638095703907,2604.339300887659
1620,34.1661176470588,1282.12336363636,6.94430405405405,6.89406756756757,42.071374999999996,542.95825,40.7618461538462,525.385181818182,39.5185555555556,426.5519,37.314275862069,433.268666666667,1025.8727,266.614416666667,858.27125,500.47917967377543,1427.9009696786395,915.961921366764,1607.978230373276,917.1068003311412,466.1302926251665,279.62489693891257,275.98470624070615,3133.690799586475,5499.442198197357,17479.48219999671
1621,27.307394736842102,641.924090909091,6.3527962962963,6.3294469273743,26.6365789473684,433.804818181818,25.9661025641026,434.478166666667,22.211399999999998,325.629,22.07732,317.29925,1014.5574,263.7505,858.5349166666671,496.3941286549637,1430.073834195912,920.3338902216467,921.3830721214018,921.0063384873444,459.12090281490237,313.02549759857357,326.64710306562483,3335.2954022120684,4989.654303062707,17411.773299681954
1622,0.13411688611688602,641.994818181818,5.67139444444444,9.870402061855671,14.9978235294118,432.737416666667,5.03402463054187,110.042545454545,11.753705263157899,328.91240000000005,5.16795454545455,105.986727272727,1465.3525454545502,212.709545454545,693.443583333333,776.2166232937874,1188.0718138622478,950.8876406823015,913.9947499229962,228.39941016428136,545.0335011119023,133.1527018919587,382.9527908237651,9337.308205431327,21541.438798885792,1707.4784002033994
1623,0.148627320185615,636.4773,5.712812834224599,8.315892857142861,15.2806338028169,428.0973,5.66813259668508,109.96458333333301,22.1721153846154,641.691,5.92997023809524,110.307166666667,1686.6798181818199,219.837727272727,1182.1333,781.9870555010642,1201.211702057355,1933.4151749735233,915.5514751045315,229.64163296559465,784.235997707583,151.8315024441108,585.4346993146464,9165.021299850196,23225.152600207366,1946.9952007057145
1624,0.0877998007968128,635.3919166666669,5.638999999999999,7.524718954248369,15.0963142857143,433.135333333333,6.3174625,108.33245454545501,14.420454545454499,433.21245454545505,6.5176750000000006,109.967454545455,1367.82758333333,221.114090909091,860.1702,497.8898967116482,1196.175449030148,1456.4813117930867,915.6353316764963,229.33328936870538,310.65550283528864,139.2019010381773,330.9948049718514,7025.373601936735,15980.019498965703,1679.6685988083482
1625,34.3802333333333,1284.9471,7.0664705882352905,6.97547,32.216499999999996,434.342333333333,32.2015483870968,435.897272727273,29.0803,327.07090909090897,29.3752307692308,321.891416666667,1146.44745454545,269.439,857.9798333333331,500.3472516202285,2847.9232835407424,920.828890876843,923.6058977693968,924.4170853967723,408.7081004399806,307.95809580013156,319.2755131749436,3185.2638989221305,26668.99270261638,7014.29589826148
1626,34.991848484848504,1630.219,6.93605521472393,6.9235117647058795,28.575025,545.040454545455,29.7674324324324,536.2168,33.9164827586207,436.426916666667,33.9853636363636,428.54745454545497,927.273,254.85049999999998,852.3839,500.47836321785616,961.5103977191952,919.56011208055,1151.413534923823,922.9084774600752,462.69239974208176,273.1613058131188,277.26240223273635,3320.9151966730133,45818.14749108162,8147.217001533136
1627,0.133268021120294,642.0554,5.67673891625616,12.3589894736842,28.3340487804878,843.8998333333329,4.73391071428571,105.66827272727299,25.06985,757.871636363636,4.73359030837004,109.294083333333,1595.4343000000001,217.52769999999998,1345.0763,1133.0631471038087,2371.6954691642163,25109.91533,1603.0451189881155,229.03392497249953,1081.7918053362519,132.51600321382284,533.1537948222831,10806.775206583552,8528.019400546327,2599.0962982177734
1628,28.4076829268293,956.349636363636,6.911557823129249,6.9012369942196505,43.234359999999995,542.635090909091,42.4169259259259,550.710333333333,38.973633333333304,438.98945454545503,38.829119999999996,433.301,917.8735,260.77099999999996,854.783,499.4575641791116,955.8543288622221,920.5558143823785,1378.1467969393536,919.4672491258231,498.8713015336543,325.05449489690363,327.73710263427347,3425.113295088522,12111.785399611108,10261.977001209743
1629,35.7965,1284.7754,6.836324324324321,7.159827160493831,37.9485862068966,529.251909090909,35.4478275862069,534.594166666667,34.4242058823529,433.6476,32.916482758620695,425.6675,1139.4989166666699,257.77375,862.2946,496.81141224597053,958.3993820811212,918.9518463548012,1146.7860205603124,918.0164772542798,404.89629027433693,377.69410118926316,378.8977977819741,3294.358399580233,19090.420196880586,15119.45359816309
1630,0.119890196078431,643.9459999999999,5.6668904761904795,8.46874015748032,15.075700000000001,429.8342,6.65249044585987,108.42191666666699,12.3870340909091,323.929,6.51941176470588,108.440454545455,1787.95916666667,219.91830000000002,692.979636363636,898.3133360876874,1198.0015325954996,956.9415099688166,917.3054896172891,229.69350824443887,470.09549743961543,145.10460023302585,486.9676020462066,7875.392792630008,14744.117300142534,1921.2384009733796
1631,36.499575757575805,1266.827,6.7976821192053,6.90814285714286,34.682580645161295,542.438,33.7571935483871,518.788272727273,41.9938846153846,423.871818181818,42.272692307692296,430.754583333333,1146.63863636364,272.241727272727,852.3396,501.0515322426775,958.3325765177877,916.297767301678,1147.4891774078555,920.530645463482,441.43369887024164,264.6756009198725,281.587996869348,3265.6738039804623,15300.529196974821,12897.651400999166
1632,0.11973400673400698,638.7828000000001,5.6886093749999995,7.59023841059603,15.1995769230769,434.50081818181803,5.34790217391304,108.860363636364,11.7829375,326.601583333333,5.411026881720431,109.87891666666701,1694.4313636363602,217.04579999999999,700.3883999999999,496.66119329882247,1192.6672664762118,949.4918113587169,918.6222292986319,229.81778700645708,516.6149989236146,27.309497818350792,278.64380099345,6337.442903895862,62070.58610452805,1957.1151002310216
1633,0.14981027361899799,642.604545454545,5.6330789473684195,8.190296,21.073673469387803,639.7743333333331,5.73678,109.38260000000001,20.76446,652.734272727273,6.0897624309392295,105.33539999999999,1573.61566666667,223.084833333333,1182.8652,496.9104078035727,1662.8516378903878,1936.541779663115,1144.5571138922703,229.43916906597133,748.6759015591815,155.3013047669083,421.06420150958,9491.965299821459,18808.5465983022,1895.0085010146722
1634,34.4374137931034,1279.7151666666698,6.95265060240964,6.93338,34.4973548387097,525.7828,33.17075,535.799,39.708,438.377909090909,40.7731724137931,420.441833333333,927.941272727273,269.5283,856.296833333333,495.05131923638316,969.0793518945734,917.7873005447866,1379.3129518754026,921.8628189119462,464.1851002816111,317.80861027073115,319.58590261638165,3287.2886018594727,34597.440098877996,6884.298101067543
1635,26.985727272727303,954.207545454545,6.964177631578949,6.91381097560976,26.4659772727273,533.7665000000001,25.5435238095238,538.9136,20.658649122807,330.05266666666705,19.92528,318.6739,1028.40641666667,259.257833333333,866.432,492.9551909842494,1420.4425389722405,921.0491064787144,1147.6228113308025,920.5967202268425,454.00359958875924,337.40069484338164,348.43370085582137,3268.6765014659613,6374.017306370661,17495.12779933866
1636,0.107857865168539,641.9183,5.67541436464088,8.30535433070866,11.157222222222199,329.900454545455,4.61936486486487,106.0207,7.97634042553192,215.6576,4.70017551020408,109.280181818182,1583.0625,214.132636363636,538.0325,1131.285375770118,961.7008983699143,689.6681063051088,687.4391246162653,229.3659873618215,558.8099040323868,153.42379629146308,412.4386003240943,5531.440299819224,24484.264705097303,1871.5768994297832
1637,0.0866554,640.7735,5.64433333333333,7.59782089552239,21.427634615384598,645.755416666667,4.64823015873016,109.13369999999999,21.6784285714286,631.715083333333,4.71238095238095,107.388818181818,1484.36175,216.76139999999998,1181.6577,782.5906164850043,1901.786528954743,1955.3088303803659,1609.9408855203606,229.61105311253039,911.4435932133347,33.766403794288635,353.53890561964363,8818.319300189614,39368.22320392821,1975.0997016672045
1638,0.117996520372657,639.0831,5.68895027624309,10.4862772277228,18.8489444444444,528.6828333333331,5.31699476439791,106.484363636364,17.8994603174603,537.2582000000001,5.48519323671498,108.167333333333,1354.4088,217.67800000000003,1183.6987272727301,786.0034134915395,1673.6793214984102,25208.53043,1152.1542860059715,229.7143922591171,598.1980008073151,31.112998840399086,438.29819769598544,9408.4599026246,42046.298398054205,1630.1600000588223
1639,0.11898697603152,774.9625,5.59263402061856,7.561873333333329,11.4364166666667,329.404454545455,4.9421645021645,110.96236363636399,8.51461654135338,213.081833333333,5.0823905579399105,107.4886,1355.3847999999998,213.53363636363602,539.7062,375.21088299724795,962.1247780339031,687.6742947790527,687.0965325906357,229.5193673716312,303.14220348373055,146.59801090601832,378.32990346942097,5706.279395963065,27293.823595391586,1371.9957991270348
1640,29.2065384615385,993.0309090909091,6.8559047619047595,6.905254437869821,27.3295609756098,546.379818181818,25.616799999999998,526.6742499999999,34.37553125,434.2377,34.0084333333333,429.798636363636,1018.3980833333301,261.173,863.4667000000001,500.21273510542943,961.662159253536,920.8196766287642,1152.8312131006185,921.968575769749,522.0002989517525,247.8665002854541,251.91139429807663,3142.8973976289853,12359.40559708979,17519.374398398213
1641,35.4001612903226,1272.2415833333298,6.997987096774191,7.06478666666667,27.015349999999998,438.63125,26.2428604651163,424.140083333333,24.5258648648649,319.49924999999996,25.1715813953488,326.645363636364,1143.7314,264.430272727273,861.516083333333,498.96193064768937,1434.9017866877127,919.5832175075742,1379.971317091146,918.1640457189422,477.243703790009,251.58689823001623,264.597000204958,3297.7634022245184,36074.685302446596,7795.1382991159335
1642,35.3139666666667,1286.3329999999999,7.682040540540539,7.673940000000001,35.70825,535.2108,33.1405666666667,544.3212500000001,42.4492173913043,430.5815,41.9373913043478,433.649666666667,929.317,265.6511,848.9265454545459,500.23916927953456,3080.8222498712094,916.914840080114,1146.123296185158,934.6764185977605,421.52000532951206,246.88030534889546,257.51470238901675,3339.3237041309476,15664.265901432373,6409.856100799516
1643,0.186848835076133,637.093363636364,5.649320388349509,10.523684684684701,27.116574999999997,864.187090909091,5.3420732984293195,108.545,34.6755,1080.05591666667,5.425420212765959,106.728083333333,1498.1512,220.4852,1801.5494166666701,886.886244686479,1896.2468575232144,25165.785170000003,1370.6649355259917,229.92262271585196,767.8500027395785,214.36650422401726,684.7727025160566,13766.888901591301,19154.46741040796,2484.4188999850303
1644,35.115275862069,1274.38016666667,6.962693251533739,7.00844444444445,29.6270857142857,528.5134545454549,28.0168974358974,528.316090909091,34.2474516129032,432.33916666666704,34.4269705882353,425.3868,1137.3118000000002,257.14527272727304,854.109727272727,499.29199415765515,1190.4310965274901,917.9585263139526,1144.7621681068792,920.3872922284588,421.6089961118996,359.45569397881627,370.2345013152808,3347.2998009528965,20245.631205034442,7279.72500026226
1645,36.3478214285714,1281.16290909091,8.333133333333329,8.312741935483869,27.2154,633.9379,27.0239230769231,652.4834545454551,44.4915652173913,425.7614,44.4895416666667,434.232727272727,923.273454545455,267.8517,852.909083333333,500.58859063279584,1434.281049463251,921.565003214199,1841.3929223817831,923.7224804713038,485.322906752117,258.50429956335574,261.31750200875103,3248.5806033946574,7016.967705567367,5845.233201398514
1646,34.6466896551724,1587.4096363636402,6.9372694610778405,6.84226174496644,31.807030303030295,529.084727272727,30.822333333333297,534.757454545455,41.39964,428.0431,39.3967142857143,435.615363636364,916.7446,262.471818181818,854.7882,500.28901127999546,1428.3972586968043,916.8124885042622,925.1256136369243,921.4493119093261,469.3854018114507,268.6540043214336,279.7837049001828,3247.366799041629,34361.628399346955,7374.178100144491
1647,0.11963894679100398,631.796090909091,5.633673913043481,9.62333673469388,14.3185492957746,416.42208333333303,4.06075949367089,105.8804,11.175772277227699,317.15299999999996,4.23173090909091,106.629333333333,1468.1752727272699,214.603909090909,699.943363636364,499.4253387786049,1191.0568948874893,953.5451844867174,916.6832850137658,229.2418380902353,563.7349939206615,25.494504370726645,344.7499970206991,6165.554805193096,39291.95240198169,1611.1056989757344
1648,35.542655172413795,1274.6292500000002,7.02694578313253,6.91573,24.0190930232558,636.821583333333,23.3879583333333,646.629363636364,38.655714285714296,435.38558333333305,38.3553448275862,426.153363636364,1141.80575,265.675090909091,855.263,487.98355474113646,1188.2320543508197,920.2178532325202,1147.2205056838602,922.54217231287,510.46189619228244,283.8975953636691,299.71440380904824,3258.721996098757,11731.914093252271,6310.0446976022795
1649,34.0739393939394,1276.7898,6.92995,6.927709999999999,45.975500000000004,532.6129166666669,46.381,542.8679000000001,43.1985909090909,423.333,43.0351739130435,434.1757,1023.3417272727299,266.059272727273,851.540545454545,500.44024503865194,953.4018199395736,916.8824673503451,1375.0890959366125,922.9876747682329,501.23370019719005,355.3726011887193,357.1473032934591,3286.8369977222756,24516.46469417028,9598.87630015146
1650,35.1835483870968,1279.7140909090901,6.91287248322148,6.92685632183908,30.700243243243204,531.381454545455,30.0428181818182,545.775,25.7603111111111,322.91216666666696,26.5079761904762,315.7838,929.464916666667,264.72733333333304,859.122666666667,503.1946574933588,1673.0392222798391,919.3664466217574,1606.1652652984155,922.5780657242445,496.1041995557025,289.5937010180205,298.07419632561505,3312.3516041086987,46392.8640994709,5929.019101313315
1651,0.102686037198541,638.5323000000001,5.65909359605911,9.86935922330097,25.4699782608696,765.092909090909,4.71593220338983,109.81745454545499,22.337254901960797,657.663,4.7762933884297505,105.9879,1685.42625,219.856454545455,1180.3098,498.992876386462,1909.5970330029259,1447.5202600192447,1611.2959000790695,230.1596586072746,833.8390063727275,182.01550119556487,532.7022023266181,9234.293599729426,12453.56889849063,2094.3910989444703
1652,0.24612385858112898,642.4495833333331,5.68004455445545,10.7448214285714,27.997700000000002,842.531909090909,6.32597790055249,106.31054545454501,33.0766363636364,1083.02033333333,6.171724550898199,109.4656,1704.6979999999999,221.5526,1805.22054545455,1011.7650652671266,2835.3923466397055,25177.59004,1604.2650088291282,229.61246106019632,1210.6399983167648,215.80699540209025,590.7242913963273,14812.098402762786,29218.46840181388,2461.3281013444066
1653,35.368151515151496,1277.99541666667,7.58275694444444,7.50940714285714,23.661977272727302,626.6178000000001,23.2158936170213,636.166181818182,34.978,436.020454545455,36.6795,417.46690909090904,1150.61633333333,258.548181818182,857.972545454545,501.2813847587764,1909.5456697056084,918.8215772913858,1151.4087276055714,922.6029853304259,511.0245052492246,370.52329862490296,383.25189671013504,3303.525803494267,7973.732904065399,6943.276801030152
1654,0.102222681524083,642.11,5.67203448275862,7.57744,18.5759655172414,542.255636363636,5.06268181818182,108.190666666667,18.2465714285714,551.4101999999999,5.03861764705882,106.203272727273,1456.40709090909,217.9983,1027.39383333333,374.8962006698375,1668.6316702700335,1438.8360586245462,1143.4814634008928,228.58978018400893,649.8376955278218,31.23370406683534,374.39040024764836,6233.614301891066,33221.4968977496,1760.1964005734771
1655,34.783,1280.8374000000001,6.98285616438356,6.913202531645569,28.9901081081081,539.963818181818,29.3765641025641,547.2571818181821,35.9718620689655,424.077166666667,34.584677419354804,433.0281,915.6493,259.0543,854.3741,500.29011653839103,1427.1163181140632,918.3432427996896,1149.9255221153849,923.9803081998923,502.46739992871875,285.4734077118337,285.926103242673,3296.511695953086,28640.6108061783,8352.56999998819
1656,35.2986428571429,1276.5665,6.91970068027211,6.82725443786982,37.768931034482804,541.796416666667,38.5530689655172,543.8021666666671,35.8978148148148,421.883416666667,35.94078125,433.2915,1139.8166,261.478636363636,849.900333333333,498.2021799748491,949.6652518809971,915.1009290854644,1371.471541510617,918.8938549420689,413.5955998208374,245.3705994412303,255.16109890304506,3123.476105974987,35450.11949900072,6564.663001336157
1657,0.119206487978834,637.1804999999999,5.66652475247525,8.99167213114754,18.4958448275862,536.4072,4.50923788546256,107.1161,14.9240289855072,433.909272727273,4.48253909465021,109.7671,1681.14375,217.332272727273,871.3599999999999,624.7227654596047,1427.39469311275,953.4690710241443,22897.60092,229.7806205788545,650.9460014058277,141.99119759723544,446.26519666053355,9428.494996973313,15439.785196213052,1995.3679002355784
1658,0.102159176774707,638.5645999999999,5.95976530612245,10.260390000000001,15.5290757575758,430.254181818182,5.39075,109.261416666667,22.31304,652.732666666667,5.42780423280423,109.691272727273,1804.31818181818,220.251363636364,1177.90609090909,890.4530203097147,2370.744095563122,25052.967370000002,22845.41053,229.6413645539101,1020.1961995335296,26.13369724713266,432.0350009948015,11894.608402508311,40868.65640128963,2355.220401659608
1659,0.119009880338127,641.4378333333331,5.69457065217391,10.5472727272727,15.361293333333302,439.8459,4.9802796208530795,110.7374,11.795520833333299,317.962,5.039157142857141,110.70949999999999,1581.40391666667,218.373416666667,695.504545454545,622.4571580535059,1197.924962989707,956.1993874099829,920.5931687900888,229.85970244723356,597.3281047772616,32.055407064035535,353.4916992066428,7030.387202394195,44752.50820396468,1802.447097725235
1660,0.119185825027685,636.2497500000001,5.64154589371981,12.1645520833333,22.0319583333333,660.114454545455,6.11340571428571,110.93249999999999,23.4983541666667,753.043636363636,6.31749710982659,110.9522,1465.10441666667,216.621454545455,1335.3307,499.50296086442285,1662.7609655975882,2188.61111804655,1377.9946040225693,229.4254510193368,921.1513010086492,169.9296961305663,479.11080182529986,11274.906701873988,17472.5322984159,1781.1853002058342
1661,0.117002903774907,959.130181818182,5.68575714285714,8.22076923076923,14.5746533333333,419.2982,5.134635071090051,105.0311,14.4632658227848,421.39225,4.91958620689655,106.485272727273,1577.2576000000001,219.8618,849.3399999999999,625.0982020417115,1200.7796483484115,1448.1510249400785,917.8276737148441,229.81669491453073,624.2798001039773,129.96269797440618,423.1759026879445,8634.938293835148,17777.94740628451,1726.7943010665476
1662,0.1030262,632.528454545455,5.60231746031746,7.643816793893131,18.296224137931,523.5407,4.804356828193829,105.339181818182,17.997381818181797,529.175,4.91897129186603,106.46263636363601,1556.0134,217.01091666666701,1027.72681818182,622.5505499879264,1427.4275048013596,1690.7704706104607,1147.7419760499129,229.04646966864,700.4502025665715,148.42279779259115,406.3843021867797,8447.044601780362,18261.458596680313,1937.6346026547253
1663,27.363925,959.73,8.3597984496124,8.31917692307692,30.2491081081081,534.09425,29.5841842105263,537.026818181818,35.860448275862105,434.7319,36.5558620689655,430.96916666666704,1031.719,256.47925000000004,856.887916666667,500.76325138193164,1668.2963543409255,918.7916377998462,1149.3950442571904,922.3122792028253,438.3259016321972,386.4056954625994,403.29170296899974,3294.9694868875667,7231.0529998503625,5554.529401706532
1664,34.9926470588235,1285.16681818182,6.941387096774189,6.975683870967741,36.9683666666667,551.057083333333,38.0065333333333,555.388909090909,35.0384545454545,431.791818181818,34.5660714285714,435.80989999999997,928.3573,259.923363636364,853.2512,501.2774698212467,2370.3610786603463,918.2975938330826,919.7246408146453,921.0843682986143,510.9320976771414,277.03949890565127,286.8593990569934,3382.2703000623733,14744.03670290485,7152.587501332164
1665,0.117642576497202,634.4593636363641,5.67398888888889,11.466811881188098,15.315939393939402,426.297916666667,6.163401234567901,107.884545454545,12.5496625,324.1425,6.40361904761905,107.825416666667,1582.5382727272702,222.413,700.9198181818181,777.4255742563838,1194.299412435048,951.3488510385082,920.9483762165703,229.53968128674583,647.8628027252853,249.54719992820174,580.1294028060511,10197.562797111459,13776.456503546797,2309.453100315295
1666,0.10414530222502501,632.9742727272729,5.68981005586592,7.647763157894739,15.5811126760563,437.349333333333,4.83662441314554,105.81675,11.8145882352941,321.277636363636,4.8072096069869,107.457,1355.2234545454498,217.92875,860.8235,372.19292834071865,1902.7564695946696,954.2065727593989,919.6123798146941,229.45307999259046,672.6194958901033,152.8239023173228,331.05480251833797,6307.996597024612,9380.210097879171,1713.4875000920147
1667,27.8482142857143,1211.38441666667,6.922054054054049,6.920006134969331,20.7684705882353,521.4704,21.130358490566,531.807416666667,23.024954545454502,324.6144,22.6485106382979,315.986666666667,1014.19875,259.574363636364,852.313083333333,497.05271028284267,1193.1213237913025,918.7444197665233,923.2123553472527,919.8940438905322,485.64619792159647,271.04190085083246,271.13580144941807,3194.627704215236,6881.911295931786,6866.473800619133
1668,0.10216665200949801,786.5687272727271,5.67706077348066,9.883554545454539,11.173829787234,319.45763636363597,4.47538554216867,107.763545454545,8.11819310344828,216.355416666667,4.625054054054051,109.8862,1351.4478000000001,209.383636363636,540.0505454545449,375.26363150194766,958.3776077743386,687.9606798785485,689.5447263121733,229.30852485241704,426.7217009328306,135.64590481109917,214.4055993994698,3243.23529493995,8772.469402174465,1634.510199073702
1669,0.218027790128946,645.8367999999999,5.66199509803922,8.544147540983609,22.58876,659.540833333333,5.473217391304351,109.841545454545,32.881875,968.157090909091,5.5814693877551,110.90109090909101,1832.1231,213.769454545455,1660.62545454545,1236.557743184978,1429.3883896539414,25054.22335,22919.96779,229.69841057606533,1276.6002997523174,304.81869471259415,727.3439987329766,15220.2991041122,10969.155395287089,2984.787302557379
1670,0.121809804383691,639.5494,5.65829268292683,7.5183202614379105,17.8078636363636,539.445363636364,4.745504629629631,108.8168,17.8546875,525.255416666667,4.7840699588477404,114.38945454545501,1570.48025,218.582,1036.8151,374.9145827764983,1431.2012987947865,1695.484243236771,1148.1036240329424,228.85315691516308,793.1882020784542,31.90900606568903,336.07179357204586,7793.176994891837,50476.80660209153,1756.3328001415357
1671,0.121438212815991,817.095416666667,5.61954395604396,10.4979909090909,14.9412753623188,421.15675,6.17183435582822,105.028916666667,17.750515625000002,535.831363636364,6.28874705882353,110.02233333333301,1927.93290909091,225.881363636364,1037.8220999999999,896.8646220533166,1195.8856701783438,25312.14779,918.9179300329806,229.96720367672668,681.6381006501615,275.1132968114689,586.4029953954741,11920.692591229454,9631.702993647195,2732.9282980645075
1672,35.1991875,1287.512,6.96878787878788,6.908603896103901,29.2412162162162,541.241916666667,28.603536585365898,546.2968333333331,37.4522142857143,429.055727272727,37.6478333333333,422.31149999999997,1143.0520000000001,261.8277,859.986,497.5918658316867,958.5929449009466,920.1885811067108,923.5038850602443,922.6817422079613,460.17120184842497,349.7254889225587,356.6189028788358,3358.7197947781533,30918.39439875912,8742.55649978295
1673,35.613,1279.25758333333,6.9173164556962,6.933389999999999,28.316153846153803,539.8611,28.8736944444444,549.038,36.102000000000004,432.28736363636403,36.1010625,436.694727272727,926.5582999999999,260.2997,849.279,500.19963345627707,1427.0438186002552,919.7879113057488,917.1868309598021,919.0756689700098,446.47199974860996,293.78859617281705,303.23419778142124,3264.1035970300436,19372.989598196,5930.782598443329
1674,0.189795736501835,793.0054,5.6324126213592205,12.2916292134831,21.961577777777798,641.5608,6.15928415300546,107.217909090909,32.182676470588206,1083.26136363636,6.58469811320755,105.308833333333,1947.40845454545,221.61939999999998,1803.3999166666702,899.5932206314034,1434.9047766015021,25092.20654,1147.4394767852325,229.32424124736616,1160.146394977346,295.1055997982621,782.0906001143157,12321.238504955545,7706.604004488327,2868.414402473718
1675,35.5840689655172,1284.1494,6.98025850340136,6.96108108108108,32.4814705882353,650.663416666667,33.090485714285705,638.388272727273,35.79965625,424.813583333333,35.1668064516129,430.974090909091,922.821181818182,259.524333333333,852.329636363636,498.8535561790894,1188.0309046372934,919.7125398723797,1152.1206671491316,919.0625162551318,435.78589684329927,316.04809628333896,318.9905924955383,3234.6883992431685,22028.211198630743,7424.513000296429
1676,36.2264074074074,1287.37154545455,6.954320512820511,6.94898734177215,36.5647777777778,533.817636363636,37.304129032258096,541.249272727273,43.3926,420.4955,43.219809523809495,429.6793,798.0325,276.67240000000004,858.541416666667,499.88436423879034,2610.5206339973856,916.619630148909,918.8506055685281,922.8499740361118,494.8251997120678,327.986798947677,328.0775039456785,3286.7030997294933,24602.80640225392,5765.653599519283
1677,0.227745046810364,635.482083333333,6.297398907103821,12.1614315789474,40.5992857142857,1278.9347500000001,6.28209696969697,106.416333333333,43.7052692307692,1420.64681818182,6.415351851851851,110.1979,1934.88927272727,220.475,2272.2813333333297,1253.5449569474702,23596.402120000002,25048.02373,22980.57663,230.1351461447991,1169.826596742496,361.6288973717019,807.0556068560109,16240.161398309285,11628.311697859317,3008.3783000009134
1678,0.15608605709557302,642.6658333333329,5.35658128078818,8.918399999999998,11.6890568181818,317.603333333333,5.1373363636363605,106.0085,8.560271317829459,216.29972727272698,5.3431036269430106,109.695545454545,1815.4433,214.299909090909,539.5833,371.2618988432302,954.8367821547411,686.771823879723,684.1551300193731,230.0949323088367,414.8306034039706,124.55160613171755,523.8264973741025,6995.822995668277,29224.320099456236,1913.1875014863908
1679,0.29084930362117,640.0931,5.669596590909091,9.056131578947369,25.6930909090909,745.7584999999999,4.9817555555555595,110.64,28.4548918918919,870.109,4.989119617224881,108.0789,1950.0338,219.247454545455,1496.30218181818,1370.5156977632987,23647.71753,25095.07025,1152.4580523140623,229.45969508116573,1415.8580015646294,276.62659413181245,817.2534027835354,13215.738598955795,66065.74190664105,3012.6747995382175
1680,34.8271875,1277.4521,6.956795918367351,6.94142176870748,27.120619047619,541.65325,26.3833255813953,549.5500909090911,39.492304347826106,426.332090909091,39.7825185185185,429.698583333333,803.5118,267.377909090909,868.1024166666671,494.54936081492815,1660.9018632829657,916.7076113935698,1610.814059493553,917.9825229364302,479.2345949681476,330.7380015030503,347.56169479805976,3339.3526129657403,9612.71820415277,5345.666001085192
1681,0.165195498124218,635.0625,5.62636597938144,10.892566666666701,27.197725000000002,865.045583333333,5.988585106382979,105.225636363636,30.1603783783784,952.728166666667,6.14025730994152,110.14416666666699,1819.4863,223.12720000000002,1642.6795,1473.9336977863657,1660.6375644422776,25016.79265,22938.8455,228.80314145512986,1613.223200547509,315.7480008667335,889.0301018254831,16224.892594618723,17806.31410656497,2686.9717985391617
1682,34.4336470588235,1276.3597499999998,8.291784,13.0854367816092,28.789512820512797,547.5554999999999,29.126361111111102,550.4929999999999,39.841620689655194,433.096181818182,38.009600000000006,436.13883333333297,1144.20033333333,264.3606,850.2138,496.50135646533886,1657.4101918784816,921.8864340246888,1377.6286944323115,922.5577594597414,586.4498991286382,433.1935982918367,431.6449980251491,5401.7590009607375,7494.141298229806,5111.778600257821
1683,0.103731072626711,641.0571,5.74030731707317,11.993232558139502,15.1048082191781,433.2109,5.751285,110.292090909091,11.27922,330.143363636364,5.887666666666671,110.114083333333,1576.6361,214.1973,694.8889090909089,379.72864575042405,1199.5052306637774,952.6985299275303,919.02880456244,229.99689257368308,505.3627013694495,166.3284027017653,440.4310981044546,7041.393299004994,9203.38070136495,1751.2088001240045
1684,0.117800545344375,801.9448,5.74250246305419,9.93046610169492,28.836097560975603,865.9508999999999,4.76228695652174,106.587,31.212305555555602,954.358083333333,5.04039285714286,108.584083333333,1592.4433,218.32925,1640.40183333333,780.7676978609837,1901.2042741471198,4118.600879999999,1608.76723719852,229.6129651883492,1064.5106027368456,232.67229844350368,651.8186040921137,11556.733105680905,25593.830601428635,2503.053899272345
1685,28.257552631579003,958.7145,6.921490322580651,6.89924096385542,24.1888139534884,525.3110833333329,23.9653023255814,540.7474,37.4136206896552,429.324,36.077639999999995,422.80816666666703,1028.9124,268.6296,858.8702000000001,500.4552462779378,959.0007653873793,920.7771976137902,1374.5673640356672,921.5854064333893,527.4554045172408,326.0039957240224,338.0059963092208,3277.0864985650405,15718.767596990801,17424.45959826
1686,34.6587058823529,1273.82983333333,6.91525850340136,6.72763157894737,29.7215,520.0535,30.4037837837838,528.9630000000001,40.1418275862069,428.6174,39.8664814814815,432.94836363636404,1140.8145,266.081,852.9629166666671,500.42837688482695,1190.785821224388,920.903821597409,1374.2482841318867,922.4859705531687,510.1888003991917,319.3819982698187,325.57909726165235,3385.6949041364715,26942.872401559725,7008.271099766716
1687,0.111712931034483,635.4457500000001,5.52024154589372,9.32966666666667,11.256209523809499,313.970333333333,4.74169907407407,105.0547,7.855899224806199,212.769454545455,4.691,108.5665,1562.90290909091,212.803181818182,534.922833333333,1123.221108186968,962.2167128443867,686.6707898653078,685.2195453209597,229.4634643623573,539.4049978349358,141.11069904174656,401.97390189860016,5447.982205078006,18329.80799372308,1834.9018006119877
1688,34.4527714285714,1284.7471,6.86216447368421,6.90185,37.7413448275862,535.202818181818,37.574555555555605,544.9831818181821,34.2952068965517,430.987666666667,34.836636363636394,423.4575,1027.81454545455,265.38100000000003,869.105454545455,500.100296060543,959.6854638422031,918.7539718730172,1147.2329215457887,922.2450706405752,446.66279572993517,299.6419963892549,310.4978008195758,3252.7109986403957,7922.871003393084,17333.695199340582
1689,35.3229090909091,1278.47009090909,7.643699999999999,7.50946405228758,25.0719230769231,532.2697,24.7103255813953,538.131454545455,33.8954375,430.452333333333,35.6313125,438.270545454545,928.669727272727,256.361181818182,859.6929,499.97524654297405,1661.94296630057,912.7647665194852,1369.9813981032403,918.5669045941552,472.5138016510755,336.63620124571025,338.2199996849522,3282.3929039295763,8617.020002566278,6128.433399135247
1690,0.12156215880893301,820.4623,5.69325,10.4736483516484,15.060356164383599,435.315454545455,5.692,109.85518181818199,18.1808333333333,549.8582,5.93447457627119,105.97190909090901,1355.523,217.035583333333,1033.90945454545,372.16429463711336,1439.3265680824286,1721.6524297449753,923.5220826026936,230.16497618987623,530.43459483888,134.98170592356473,338.22219411376864,7764.391601085663,16942.14350427501,1717.6851019030437
1691,0.118227199074074,641.4344,5.68875789473684,9.07834,18.2075806451613,538.3022500000001,5.395796875,107.924333333333,14.956922077922101,428.477909090909,5.49809289617486,109.445272727273,1586.67663636364,217.292416666667,853.456416666667,376.0350053191407,1433.4231046811005,1179.313265315533,1149.3997462812806,229.77224698731465,757.6448057079688,144.6008071070537,451.7200024565682,8525.765102240257,13961.024500895292,1780.6826013838872
1692,0.121541601255887,638.9813333333329,5.66830555555556,10.3271696428571,17.891593220339,527.040166666667,4.13728244274809,107.316916666667,14.4878571428571,432.873333333333,4.00174825174825,105.3928,1698.13425,215.0552,854.5958,501.86702413804153,1428.198284537157,1181.3104215440442,1147.190103965676,229.22889037039874,570.038502337411,144.71320318989456,481.48589849006385,9317.754095536657,16275.955390301533,1693.572400836274
1693,0.169679440704298,636.418166666667,5.34613265306122,6.63787640449438,14.83208,418.96558333333303,5.81320207253886,108.164,11.9259690721649,322.750090909091,5.91970786516854,108.9871,1699.52554545455,217.8475,696.346083333333,1130.6941209089541,1201.831463580692,955.0743856295511,919.5196782928925,229.9719904556044,553.7390039535239,31.928697717376053,377.1153948036954,9436.532997642644,41213.24920270126,2280.0756007200107
1694,27.2143421052632,965.168454545455,8.293596774193551,8.28232,31.999194444444402,541.121090909091,32.6131,521.0243,38.7086923076923,434.446909090909,39.014166666666696,425.263916666667,1373.2594545454501,264.448666666667,866.5274166666669,499.610828438235,1424.0514048019927,919.4648584611298,2065.036718286923,922.9428592132156,467.0556081691757,317.3603006871417,327.59420573711395,3338.3611997123808,8858.358999714255,5650.472699198872
1695,0.12511964155969998,636.4831,5.61845652173913,8.872016666666669,14.9036575342466,427.3333,5.2506197916666695,103.1587,12.0420860215054,321.9412,5.345231155778889,108.78960000000001,1673.3559,215.681363636364,702.017083333333,780.3307488989344,1188.365435852497,952.5586524643232,912.0624110475793,229.4468777234085,735.8697999734432,140.43310075066984,485.1635982049629,7718.866103095934,10770.45529091265,1932.7489018905908
1696,26.4094736842105,963.602727272727,6.937510204081629,6.94049032258065,33.2674848484848,534.054090909091,32.9584,542.273727272727,39.2117037037037,435.35227272727303,39.050629629629604,422.634272727273,1015.9956,260.292818181818,858.4507,499.33062720663816,1421.953532468944,917.8070516546044,1610.818510548065,919.5915438593811,506.0956988018006,327.82150083221495,332.9590050270781,3331.6146000288427,8076.065496425144,16732.43650002405
1697,0.18329488,636.873818181818,5.7255585106383,10.297261682242999,21.0239622641509,660.701363636364,5.01969026548673,104.138090909091,21.3003396226415,644.469454545455,5.20334634146342,106.02641666666699,1700.11766666667,219.29409090909098,1182.7885999999999,1242.8974354582604,1431.1501158307717,1456.9659402867624,15358.466986666668,229.74655475279164,1029.8225010046735,30.901306308805943,619.9234980158508,10160.746195469983,67025.75770032126,2352.1016992162913
1698,35.9333939393939,1282.506,6.8665,7.14382,38.5843703703704,641.4408,36.7785666666667,652.848727272727,28.4365897435897,316.182181818182,29.3962352941176,325.236363636364,1149.1157500000002,267.6886,859.468583333333,502.7979032517467,3081.268447521659,918.1321290181126,1609.0261568324001,924.4873834198758,457.67520496156067,274.2637996561825,270.9536027396098,3212.829594849609,13963.768500252627,6363.06109954603
1699,0.0880048013000443,639.397916666667,5.67881052631579,8.204192,12.632304878048801,319.293272727273,6.18248677248677,107.232083333333,9.335944954128442,213.7374,6.06140322580645,107.01090909090901,1577.9485,215.9187,536.761181818182,622.7302909662616,1434.351598047611,691.0358730849804,689.9689013351712,229.72637446594894,619.5178983034566,28.669903986155987,290.04580283071846,7854.884702828713,40562.31209542602,1950.4803000018
1700,0.101839834106843,636.65925,5.65788888888889,9.20181538461538,18.739709677419402,550.2439,5.27581151832461,110.38980000000001,18.5443684210526,544.912363636364,5.53373891625616,106.121545454545,1467.7035,221.738727272727,1032.9814545454499,373.39648698400805,1425.4290179879304,1447.2420543465844,1149.6385058194094,229.36267669637266,715.7781918067485,152.5806961581111,499.0468005416915,10170.80019810237,19299.33059727773,1739.8296011378989
1701,35.530531249999996,1272.83658333333,6.31688198757764,6.3256,29.3704473684211,539.677545454545,28.663925,542.8723333333329,35.0678620689655,420.960166666667,34.5370909090909,415.225727272727,1131.37225,262.845666666667,858.2632500000001,498.42547855765184,1435.5284829682935,917.4146361412501,920.3798482297032,921.8511335358278,453.19839264266193,303.87720034923404,313.7643012451008,3281.3343015732244,33031.39729832765,7465.272198896855
1702,0.11868360674544,632.8962727272731,5.6708956043956,8.57738983050847,17.762078125,525.845909090909,4.453420634920629,105.8967,18.332672413793098,541.635272727273,4.599260869565221,104.559727272727,1456.0616,216.486,1024.89209090909,496.2470526154752,1422.500929540048,1448.14082953889,1149.2551260560247,229.1973780509497,743.0474972352386,138.9495999319479,427.5137005606666,9627.208800520748,19438.137899851426,2233.0056002829224
1703,27.408619047619,956.675416666667,6.94409142857143,6.82820238095238,29.52495,429.352083333333,27.4762631578947,432.59591666666705,25.1174418604651,326.2886,24.6307857142857,328.3745,1146.94416666667,267.236583333333,856.300181818182,501.40257025314423,1664.3801425415722,920.8499928795844,922.2224887704779,922.7655500035289,438.79650183953345,337.4810970854014,348.27049530576915,3229.9006037646905,47300.72330276016,6903.678801609203
1704,27.300488372093,959.9067,6.97664,6.93540361445783,21.93636,532.828166666667,21.7912340425532,539.282272727273,38.0973103448276,435.122,38.366285714285695,435.127583333333,1145.25441666667,263.69266666666704,856.7940909090911,500.5901752605013,1190.561463237155,920.0155225386603,920.0150576814802,921.4625773400626,413.2998961722478,340.55080031976104,347.0611001830548,3302.3496012901887,27236.18939635344,8255.816999007948
1705,34.2619714285714,1275.9055999999998,6.92994736842105,6.93090751445087,24.0599523809524,527.6595000000001,22.6721739130435,530.874181818182,41.268875,426.289727272727,41.2534347826087,436.747363636364,920.365,265.888666666667,852.7578181818179,498.023285875207,1667.2924573677258,917.6823358410807,1145.4959842664716,919.2478387151923,518.4305948205292,298.6299019539729,297.72310226690024,3319.9214085470885,19601.634293212555,6680.15590053983
1706,0.117199612844455,636.880833333333,5.6907853107344595,6.24342682926829,15.1270410958904,424.52180000000004,5.32526728110599,107.515363636364,15.0603802816901,440.02766666666696,5.183702830188681,105.0335,1468.29983333333,215.910090909091,855.4095454545451,779.5836615057419,1194.591378368891,1197.867563396732,913.510807705788,228.2837603281155,482.97280445694923,116.69410450849682,334.51020426582545,7617.733595543541,12839.185292250477,1659.9842987488955
1707,0.120571161048689,642.3842000000001,6.25129946524064,9.653933962264151,25.0912222222222,745.2093,5.11717948717949,105.805833333333,27.4116756756757,870.9377999999999,5.3602052631579,108.206166666667,1597.787,218.554090909091,1495.412,1124.707196433053,1897.5057969709526,25193.173329999998,22963.15125,229.98113364605248,1311.8701084749773,191.9232017826289,649.0511004813015,12479.343195445836,16328.330599935725,2740.6278008129448
1708,0.13732354135643698,634.1362727272731,5.6302890995260695,10.1441188118812,14.214712500000001,436.72999999999996,4.63692576419214,105.53175,11.2666263736264,324.703909090909,4.63024568965517,106.896272727273,1359.1364999999998,216.269363636364,693.783818181818,887.1358917349352,1659.5844517283897,945.0399041669906,917.6856374847847,228.9200267776969,813.8342935126275,124.58160344976932,524.3296996923164,9200.801997212693,23617.439999361522,1725.28010152746
1709,0.10719331839478499,636.540636363636,5.63561421319797,9.582216981132069,18.9452,531.110363636364,5.43157512953368,106.451833333333,15.1569350649351,435.778090909091,5.675109375,107.9206,1559.4496363636401,215.173181818182,858.286363636364,780.8423739289445,1423.0108119126194,1176.7406223917167,1144.597174289354,228.4255714832689,723.5634984681383,137.53440289292485,550.9758018888533,10671.88479937613,14777.183302794583,2125.8068998577073
1710,1.4010512465374,954.65675,5.64467759562842,11.3511868131868,46.13808,1401.9461000000001,4.5646546184739,107.969833333333,50.0550909090909,1534.17045454545,4.66846245059289,107.559090909091,2046.4795000000001,217.977166666667,2427.2572,2298.7887735020986,10864.032175,25034.78961,3680.3749218181824,229.8531356530088,1169.8996007908136,309.26860636100173,829.9230947159231,16785.2295038756,11786.141601623967,3144.853899721056
1711,34.769064516129006,1278.40854545455,7.649288888888889,7.55923703703704,20.96926,546.2714,21.1999565217391,545.939272727273,34.3877586206897,431.35691666666696,34.67167741935479,424.671,1147.51709090909,256.601,858.720545454545,500.49773770098045,1662.3672914355823,920.5884755213351,1152.7031140581169,922.9588898304897,465.60049522668123,297.83879581373185,310.592696769163,3212.7287035109475,24814.78610134218,5660.314598935656
1712,36.7530689655172,1277.6480999999999,6.99320606060606,7.015976878612721,34.8288965517241,642.008416666667,33.810064516129,644.3312,27.32,323.0685,27.692309523809502,320.728727272727,917.6286666666671,264.229545454545,853.7984,501.82856797517894,1195.0880105225692,920.4069791794107,1150.429267900904,922.4581605553295,419.0378007479012,299.18529908172786,303.509205696173,3289.7571043577045,23795.55400402751,8376.663399394602
1713,0.203496422893482,636.4678181818181,5.68347641509434,11.298520833333301,21.9943333333333,630.263,5.39569014084507,106.6454,21.5457,641.5600000000001,5.35620574162679,109.014909090909,1574.3921,220.31081818181798,1181.44658333333,1006.7168841041262,1429.295691944969,25110.64665,1146.1821726058442,229.24252414912027,1057.8220972092822,241.5006048977375,591.505496413447,10899.487507413141,19507.11100071203,2481.212100246921
1714,0.12039724909663099,633.093272727273,5.55505389221557,10.4915773195876,17.963701754386,523.922416666667,5.74273575129534,108.731,17.874639344262302,531.977,5.75828021978022,104.843416666667,1584.0210909090902,220.38572727272702,1025.68045454545,496.3958137911402,1424.901540466519,1695.9005561245776,1143.2957549982038,229.19564409304516,516.2306973943487,178.79500228445977,364.71239873208106,7967.54979819525,20728.785102255642,1708.1199999665841
1715,34.8398965517241,1271.3235,6.98689634146341,6.948216867469879,27.3616341463415,426.531181818182,27.3877631578947,427.736636363636,24.0925333333333,323.081727272727,24.25925,319.5079,913.183909090909,259.2025,855.033727272727,499.0089844116624,1196.860004284204,918.796412168539,919.3728362685393,920.052682533839,472.9189007775858,317.69679044373333,334.45419394411147,3322.720300639048,13931.025899364613,9248.013599426486
1716,0.18001942409268998,637.6221818181821,6.1710159574468095,9.708046296296299,15.475904109589,440.596454545455,5.83543016759777,112.9317,11.7288072289157,321.39308333333304,5.91881347150259,106.8968,1923.6070909090902,215.924909090909,697.2116666666669,1117.3153208497945,1194.1646797298902,958.0001652694606,915.3766147661894,228.89691411702864,1054.8357997322455,183.3226007875055,489.6760074188933,7658.329003606923,16931.875399313867,2230.0846001598984
1717,0.139582012532252,635.635,5.67014778325123,10.545830357142899,15.0208358208955,427.014333333333,4.617652173913039,108.7842,14.6080779220779,433.14725000000004,4.43630303030303,109.169666666667,1594.56609090909,215.9347,855.1128181818179,890.9688591834642,1664.4102124738029,1200.1750873828717,22879.53157,228.38193198098799,583.8014010805637,220.11869587004185,573.5423997975886,10599.23279681243,23469.311697408557,1926.9963988335803
1718,34.3249142857143,1275.02825,6.95961818181818,6.93828,44.389545454545505,536.9171,45.659,540.8371666666669,42.0223928571429,434.24025,41.2554285714286,428.0995,1144.19191666667,268.715727272727,857.093583333333,499.7007920588045,1427.390123581539,914.5620819398132,1606.5234040773864,922.5900470632124,427.99859947990626,348.18459826055914,346.0678010014817,3294.7323023108765,17765.051900641993,9653.51409977302
1719,0.328324496965826,642.028,6.26522699386503,11.50107,27.3325135135135,866.456818181818,5.37471698113208,109.4763,27.706975,878.856,5.6452261306532705,107.029909090909,1930.48863636364,219.05433333333298,1493.3363,1831.2370131705666,23519.55052,25002.56405,22976.16275,229.4162712406627,1319.0342986490577,217.1142987208441,798.5277014086023,13925.55090424139,40286.704697064124,3298.3443001285195
1720,34.450264705882404,1273.8889,9.01502521008403,13.900924999999999,20.9475740740741,535.3172,19.402,540.594818181818,21.84816,328.34333333333296,21.6390625,317.07536363636405,1141.89836363636,258.582166666667,855.258545454545,503.7818884324907,1428.650703854304,917.252789422815,1604.1242158379162,919.4371941287716,434.27009659353644,362.74129524827003,353.1534952344373,3957.646494382061,17841.613895143382,5461.972998455167
1721,0.10221170857767599,636.3349166666669,5.640000000000001,8.31651219512195,21.458765957446797,649.1536,6.51696875,105.071833333333,18.626711864406797,528.30275,6.41445061728395,108.372272727273,1570.8704,220.23100000000002,1026.2902727272701,620.1874538604733,1191.1822189591153,1921.3241036861898,1376.2392532670635,229.25492825363744,689.4135061884299,152.14349841699004,446.71140203718096,10102.77459572535,18175.770100788213,1825.2684007165954
1722,33.8153181818182,1787.4046,6.848479041916169,6.90964968152866,35.04534375,531.991333333333,34.4975517241379,539.065833333333,41.7696363636364,438.81181818181796,41.96188,429.687833333333,920.865818181818,266.86758333333296,857.4155,500.766012319253,2847.7831481790627,919.7111128263911,1609.304544387693,924.0269869080961,411.96299716830254,290.95420031808317,295.46759906224906,4159.753801650368,26200.28089149855,7507.488201372325
1723,33.757652173913,1278.45127272727,5.67042541436464,11.4017282608696,24.5340487804878,627.5010000000001,23.981380952381,640.5945,29.8170769230769,436.032,31.0007428571429,430.368090909091,1291.6321818181798,251.9186,857.6299,498.0483833636589,1425.7071524091414,918.3398054962602,1371.8599138997079,925.0774107305501,654.6796998009086,299.5323942741379,306.82020587846637,6540.621494059451,26188.66130360402,4652.737101423554
1724,0.108605230740074,637.0212727272731,5.66472946859903,6.94626751592357,18.078465517241398,526.577916666667,5.61313917525773,106.43190909090899,15.0070384615385,428.033727272727,5.58477659574468,107.3206,1567.39991666667,220.34259999999998,855.443909090909,623.715453721181,1189.4761062097623,1465.8509609684738,1372.670863755715,229.5913982219367,387.7063049003482,161.74770426005125,396.2238959502429,6161.054395488463,18272.012498346157,1792.4929998116568
1725,26.315818181818198,958.7154166666669,6.94218787878788,6.93575294117647,30.7245294117647,547.0286,30.301764705882402,542.7357499999999,38.788966666666695,435.828727272727,38.3138,420.8578,1150.9418333333301,264.3773,853.2985,498.7956749993477,954.7617059127692,917.0006395988948,1373.7314323229373,921.8962507233387,482.27519437205046,366.2956994958222,366.8063000077382,3310.1902023190632,16982.296702917665,13577.315298607573
1726,0.103296703296703,641.9985,5.6685099009901005,9.154419642857139,21.6338235294118,649.3836363636359,5.12515841584158,106.8174,14.9185294117647,419.240727272727,5.22123711340206,106.974818181818,1580.15418181818,218.872666666667,855.70275,890.7271079641785,1425.8172312645752,1181.7013789616447,1377.5409728538725,229.57072369357837,781.7865960532799,167.28740010876209,444.9527070391923,4883.371602045372,11812.376300804317,2096.0508001735434
1727,34.6165757575758,1278.78818181818,8.24765467625899,13.6852857142857,33.031114285714295,536.385818181818,32.953314285714306,543.44225,39.804428571428595,430.93025,39.39164,436.641636363636,1028.56781818182,262.285818181818,856.5498333333329,498.21528318810596,2124.1718648410047,919.0789520464375,1143.402839375377,923.8691052418607,604.8912939149886,422.6432996802032,425.0638943631202,3341.7629019822925,8204.614504938945,5408.940897905268
1728,0.11956170448256799,634.132363636364,5.759154228855721,8.91553,21.8474807692308,642.1965,5.35373333333333,105.644636363636,18.928209677419403,541.062083333333,5.480052083333329,110.688727272727,1711.6394,218.37741666666702,1034.85090909091,500.46289320584674,1899.6923648173,1450.4112249088598,1605.577765479538,229.83204706405945,687.6740953885019,151.96309832390398,530.4614023771137,8728.754697949626,15399.132194579579,2196.9988010823727
1729,27.306243902439,961.167583333333,6.94994078947368,6.91413461538462,39.1116666666667,549.163727272727,39.1598214285714,529.5255000000001,37.5657666666667,428.441916666667,35.9401428571429,439.39175,1014.1315000000001,261.9771,852.4944,499.67590842281027,1188.8235560117387,919.172972356643,1378.0736097532267,921.8116506080665,438.6863933177665,254.30149980820715,266.1442937096581,3270.810397225432,19331.41200861428,9952.971298480406
1730,0.145465102286402,635.4099,5.69138983050847,10.8534205607477,15.0850434782609,422.207,5.89466,107.560181818182,15.5836266666667,428.45345454545503,5.946409326424869,106.00789999999999,1474.8177500000002,215.9734,852.5517500000001,622.3074539451818,1193.076219365571,25156.29598,917.8639526386097,229.66622252558108,593.5784982284531,156.06450324412435,579.1564995888621,11080.527905141935,10176.680400036275,2229.4774011243135
1731,0.117447038663382,639.763454545455,5.66883246073298,8.923,22.2968490566038,648.749416666667,5.1782538071066,110.417666666667,22.9876078431373,661.2715454545449,5.16822330097087,108.96675,1453.92354545455,217.5205,1181.57491666667,774.1171949853615,1428.6089480029075,2416.4646481520763,1142.650855354803,229.28689937491848,858.4241004427895,151.4020055765286,480.12219776865095,10055.848702904768,27740.99100206513,2041.1598001373932
1732,0.14553738609412098,637.7031000000001,5.71702392344498,8.340463768115939,17.8717258064516,527.922583333333,6.0134303030303,105.50525,14.8383506493506,429.740454545455,5.78327748691099,108.896454545455,1577.57781818182,222.32025000000002,862.599727272727,623.6479233923492,1425.7384410773066,949.598797369663,1148.138104885691,229.4817260330497,1020.9582047536968,185.46309729572386,496.1594007909298,9942.388805211522,6849.050393793732,2551.4431996271014
1733,34.8155161290323,1281.3970000000002,7.58076056338028,7.61309352517986,30.0286875,426.22425,28.4325405405405,427.283833333333,25.660711111111098,325.416583333333,24.8820869565217,323.032,1141.709,262.60470000000004,857.3479090909091,498.4407721717792,1429.719392559171,920.0234963553638,921.096063411332,920.8284960826126,476.6344005474821,325.6381954997778,340.1843016035855,3345.824492862448,22134.084897697903,6014.268001308665
1734,0.10397168662472099,640.5550909090911,5.64021359223301,11.208605769230799,18.4031333333333,528.5143333333331,5.5855384615384605,106.093,20.95884,643.121333333333,5.75854,106.08425,1577.0088333333301,220.306,1187.95775,789.3720222304623,1434.9952044653608,25158.49739,22896.79022,228.5995152855674,1287.0063044829294,132.82699219416827,617.8579031256959,9902.94870280195,9163.64610020537,2395.442099077627
1735,0.10378500375375399,641.5423999999999,5.713462686567159,9.77377777777778,14.8658933333333,441.37118181818204,4.87535123966942,109.977090909091,21.6552,640.4809,4.94429310344828,109.878272727273,1568.0780000000002,217.955666666667,1185.289,501.3262228816961,1910.2686950470516,1701.7676332237006,1377.023666396486,229.4725907543605,710.9499012585729,34.13980011828244,467.5297037465498,10066.776705207303,35443.74109769706,1918.005701736547
1736,36.1815,1270.7925,7.42479347826087,7.58673880597015,27.1763170731707,527.76175,27.991210526315797,539.7635454545459,34.6785666666667,421.590916666667,34.9004571428571,435.51545454545504,1144.26466666667,260.01625,850.9165833333329,500.27074845508434,2846.112510189781,918.703486249347,2069.2202798945195,919.5507005575623,397.5253988755867,352.0082012983039,353.34069980308414,4137.384402565658,24101.639198488556,5479.814900900237
1737,36.253,1274.19775,7.62677464788732,7.5851012658227805,24.4207380952381,539.3534999999999,24.662340425531898,542.1055,38.4359655172414,435.24509090909095,38.807,418.149272727273,1026.9641818181801,261.2786,857.486,500.4706443139492,1665.6877938404693,919.47356336738,1376.8477423876063,922.1304299721669,554.9641995457932,369.372297427617,370.6262068590149,3323.6388000659645,7986.085096490569,4970.751699875109
1738,0.102619742787626,953.7444,6.261191489361701,12.0518958333333,21.6040384615385,653.163636363636,4.757715481171551,108.0646,17.972403225806502,544.7206666666671,4.8220875,106.97372727272699,1696.76418181818,218.011181818182,1027.19583333333,1005.4691302004559,1892.6646650104738,1449.6142701066337,8935.775415999997,229.07666346364374,1030.5747971870005,202.02279556542635,691.3473043823615,12911.301996791735,24199.544097064063,2554.8445992171764
1739,34.324652173912995,1280.3361,6.984487804878049,12.3606632653061,34.0379333333333,629.18375,34.51765625,634.6958,24.33775,323.273,25.1600222222222,328.513416666667,1270.46827272727,262.553416666667,857.9375,497.25892085816866,4245.910159999999,918.3921138771515,1146.0336751338211,920.9945501177082,625.8430919842795,339.10679921973497,354.6441061189398,4035.81099526491,7873.201306210831,5700.147800962441
1740,35.804545454545504,1283.18836363636,6.94733333333333,6.896385135135141,34.6364545454546,524.288818181818,33.0996470588235,537.4571,42.364347826087,425.678166666667,42.846000000000004,432.54375,1029.74827272727,269.817583333333,861.7169,497.70876685603093,959.8126041321856,919.7105776798369,920.2742684097626,922.9568113001294,406.0188977746293,287.5504025723785,298.4758059028536,3413.309299503453,14713.331896928139,17735.67729978822
1741,0.08941938199882121,638.577636363636,5.66397752808989,8.9065,23.8494347826087,743.623166666667,5.055471153846151,108.83800000000001,21.6310769230769,643.581909090909,5.37382673267327,107.19963636363599,1696.185,221.011333333333,1024.5622,896.1839965041403,2369.933099001552,1446.3541802750815,1610.6412149268804,229.73724090987363,677.084899507463,31.800899887457494,382.8587010502815,9342.240303521976,34622.05019313842,1834.2786002904177
1742,0.0857862988505747,638.734636363636,5.72264903846154,8.24945833333333,18.610444444444397,545.157454545455,5.89509793814433,106.2923,16.024552238806,434.455090909091,6.17501162790698,110.801363636364,1350.4147,216.070727272727,848.6933,619.6636972769494,1422.3951397305707,1212.373115392185,1374.877989734114,229.58595374572386,511.0551981488242,179.71730267163366,432.97280208207667,6405.775193707086,17727.22750029061,1547.371200285852
1743,0.167670491273432,634.3174,5.65528571428571,12.8396888888889,21.0373018867925,652.8325454545451,3.9973529411764703,110.0287,21.25544,642.1285,4.0749482071713095,108.732545454545,1700.4858181818202,214.439909090909,1176.961,1012.3843644071935,1197.374063106323,1695.3425227354476,21311.35457,229.10453853941178,1197.485503507778,232.27650090120733,693.6616962775588,10262.72060116753,24076.928503927775,2744.871500181034
1744,34.5957096774194,1279.17445454545,6.91842307692308,6.90823076923077,38.7075217391304,533.622727272727,39.174714285714295,536.011,36.2814642857143,435.0758,34.6384545454545,428.751666666667,1152.57281818182,260.094363636364,859.5032500000001,495.69079306323744,959.4622987323547,917.8443175900663,1379.9865389171603,921.5428656135227,423.40649815741926,341.97420172858983,345.7636048551649,3278.497903374955,16066.298395162448,11928.841599728912
1745,34.6298387096774,1273.2091,6.7755786163522,6.81490909090909,29.108461538461498,627.040090909091,29.1378421052632,627.769636363636,35.5862903225806,422.74339999999995,34.1107419354839,424.692,1028.5258181818201,256.77799999999996,855.0965,499.33931766302004,1423.5238143905572,916.3662193294929,1375.9058707739398,914.0858149290636,513.7481028214097,327.5966999353841,327.6323986938223,3391.027299221605,10742.93440033216,17427.38889879547
1746,0.104618869984533,636.8797999999999,5.64825414364641,8.31345528455285,14.5979285714286,435.678363636364,6.04186781609195,109.6198,11.7718152173913,313.406416666667,6.38340963855422,104.744583333333,1709.51854545455,220.25199999999998,691.818333333333,780.2780074459159,1195.2780099816516,946.7457368433224,919.913545428075,229.93814583543698,328.3102036220953,137.59630091954023,354.9855959136039,6380.237897974439,16942.01990903821,1748.6689001088962
1747,27.76475,1229.04016666667,6.87916216216216,6.91827380952381,46.114909090909094,542.481,46.7895652173913,550.6320000000001,41.21736,433.3676,40.58428,439.992166666667,1028.72425,268.9983,852.678545454546,497.97590978036345,1427.5191590121908,918.036804749997,1377.9722318463794,920.4588210101084,519.5823003305122,284.19320879038423,287.84349269699305,3357.607501675375,24939.69659844879,9755.432198289782
1748,0.113945143487859,638.7918999999999,5.32137696335079,8.56853333333333,15.679106060606099,428.03983333333304,6.13179032258065,108.826818181818,12.3510430107527,327.673333333333,6.43663428571429,107.438727272727,1459.24545454545,219.34410000000003,695.980416666667,624.2709274918093,1198.7768693413295,948.9436167012534,916.79516394131,229.06524163965494,679.4760964112356,171.88850324600935,420.21939589176327,9125.90449443087,33596.4179947041,1762.378099374473
1749,28.249,957.9791,6.92137575757576,6.9195033557047,23.4460416666667,543.372181818182,23.1941956521739,526.4367000000001,42.089260869565194,430.458636363636,40.31648,428.326363636364,804.034166666667,269.398636363636,852.236363636364,499.78628872780183,1895.4238531487267,917.8641718719443,918.5215318191318,918.6645891706007,470.8272055722773,332.36869785469025,338.96800014190376,3312.149195699021,11075.20539953839,5361.135897692293
1750,27.7826842105263,1225.2655,6.80980225988701,6.80547770700637,31.5783870967742,538.9995,33.3235666666667,543.181818181818,43.3595454545455,423.812181818182,42.43475,438.043083333333,804.500272727273,267.03375,854.898,498.95987948285756,961.7029231754659,913.8957582514652,1146.4760821433124,915.8479797620336,411.1465939786285,359.5456946641207,369.36210526619107,3324.8286054003984,7824.31339903269,5629.777399008162
1751,35.2832121212121,1285.77675,6.94129518072289,6.875758620689649,41.1218148148148,550.899,40.45928,528.56025,36.347933333333295,425.3935,36.4401785714286,428.79091666666704,1156.12472727273,265.9813,862.117083333333,494.81934827362477,955.1795376806369,916.0712218703408,920.1423475444158,917.3532982055616,472.02430141624063,312.5647868728265,307.41110094822943,3218.6718977754936,12259.509193245322,9125.861900974996
1752,27.174075,963.576916666667,5.68743540669856,12.1646588235294,34.4961612903226,657.5960833333329,33.978764705882405,638.4961999999999,36.2386551724138,434.689545454545,36.6087,421.549545454545,1022.34963636364,263.254916666667,862.399333333333,496.61689595025183,1661.3579360125236,918.239619560081,1384.750798754492,916.4250502834007,537.1951003326103,410.73949832934886,405.4358054418117,4010.7403037836775,5586.84790157713,5071.4001001324505
1753,35.9164666666667,1276.6008,6.93349367088608,6.98441721854305,30.869696969697003,418.964083333333,30.099918918918902,423.039181818182,29.1210833333333,322.633333333333,28.5061891891892,327.248666666667,1147.31675,269.02772727272696,857.613,492.15515145952736,955.1173807802429,915.3556788141414,920.9645979764879,918.8399611869878,454.8050957964733,322.4060987122357,321.0499999113381,3282.6929993461818,14694.808595231734,7956.4718005713075
1754,35.2429310344828,1328.5231999999999,5.59520754716981,11.4155853658537,29.4359705882353,546.1268,28.9571944444444,550.621545454545,37.18692,422.87683333333297,38.1592142857143,432.293636363636,1145.13983333333,260.170363636364,861.835909090909,496.4425267626749,3762.690058181818,920.2461526464944,1376.0108159291958,921.0885791400461,536.1725983675569,397.87249988876283,408.34039682522416,3426.971606677398,10720.89929075446,5454.808799549937
1755,0.103042049934297,635.7589,5.65184895833333,8.2908115942029,18.3969833333333,544.4636,4.27816153846154,105.895727272727,14.6269367088608,429.312083333333,4.30227642276423,108.7787,1693.19018181818,216.02875,1027.2816,373.23985679851984,1431.3798720068028,1187.9851273309068,1146.4899884480028,229.33168930670752,804.0529995923862,133.40380100999027,479.23760139383376,8567.894899169914,26823.320699622855,2097.6405998226255
1756,35.578121212121204,1272.31,6.96456462585034,6.9912026143790795,43.1545833333333,542.3390909090909,43.5662727272727,527.1796,39.9538461538462,431.094333333333,38.8354827586207,419.917666666667,1016.97272727273,264.792818181818,857.5399090909091,500.73331367500714,1443.0781321336183,920.2531158384362,1151.247558528325,924.0366833605696,486.4969989284873,257.7244973508641,274.11940100137144,3204.3957005953416,17058.303696103394,16173.995600547642
1757,0.227317490901306,635.060818181818,5.63494117647059,11.575670212766001,31.315305555555597,835.069333333333,5.27180717488789,104.695909090909,28.0195833333333,858.7845454545451,5.1421126126126095,108.341636363636,1461.32463636364,218.21166666666699,1494.0743,1131.4427823320082,25319.97403,25129.4935,2291.020112986118,228.98148905697985,1129.0389957139269,168.20390010252595,638.3174011716619,13799.66810636688,7676.976700895466,1991.5462005883455
1758,27.4919047619048,953.196,6.85421387283237,6.89514649681529,32.12215625,523.8491818181819,32.0471944444444,526.988333333333,39.107333333333294,426.59018181818203,38.7602857142857,418.146166666667,1138.74272727273,263.2395,854.187909090909,501.38034654366203,1199.0313254171176,917.8337656470943,1150.6192087601685,922.2250906964653,458.16319761797786,324.2137056076899,342.8188996622339,3398.572700098157,17323.189301532693,13021.93719893694
1759,26.5369047619048,1267.1767,6.3784450549450495,6.33312345679012,42.183040000000005,545.96575,40.653454545454494,550.115166666667,38.1453928571429,431.294363636364,37.400935483870995,423.295272727273,1026.05775,261.49190909090896,861.0121818181821,501.31409611487305,977.160196449282,919.1529473917377,2305.94694606199,923.5691799135391,465.6554985558614,308.7504068389535,316.7026967275888,3280.094504589215,4779.286595294252,17406.0343997553
1760,25.5187777777778,1286.9426999999998,6.94124848484848,6.965797546012269,41.6151538461538,642.9723,38.4264482758621,645.6108333333331,42.991904761904806,439.59389999999996,42.4701538461538,432.282083333333,920.2492,270.492909090909,854.960666666667,501.2289914869729,1900.1498605566683,918.947572878724,1145.3857454420956,920.2041628448554,428.7025018129498,260.37409843411297,275.10559593793005,3291.957196779549,11704.088296392001,6755.266999243759
1761,35.1942413793103,1274.1304,6.9296975308642,6.91082432432432,37.333413793103496,652.940833333333,36.507999999999996,657.793545454545,40.8615714285714,424.415636363636,41.973368421052605,428.173333333333,1028.30527272727,266.751090909091,860.0436363636361,499.43577975884523,1660.8323632270717,918.3934348120191,1375.0304123110857,925.0691545951067,420.61330168507993,263.68969411123544,271.39370213262737,3323.453903431073,17214.28049786482,6382.106398814358
1762,0.62323475445224,966.138454545455,5.712037234042549,9.889074074074081,44.02044,1384.82791666667,4.9020970464135,106.49218181818199,47.5190833333333,1513.8849,4.978004901960779,103.821090909091,1927.1799999999998,220.7587,2415.1778,1720.6068477881615,1429.0016468178717,25003.33357,1371.9367916382969,229.1118167039537,1368.7840022612363,305.5171051528305,864.533003186807,15061.105706263334,17291.643997305073,3471.5843008598313
1763,0.188270980456561,640.068,5.6936650246305405,7.715704697986579,17.555,521.4922,5.61825824175824,103.599416666667,17.6297230769231,527.970727272727,5.63700561797753,108.758833333333,1705.1552727272701,219.5023,1032.11241666667,776.2114329940957,1656.0129419496463,25085.97535,1144.01177805185,228.93872031514303,955.9345024172217,168.09990047477186,468.44210592098534,7846.3355952408165,9319.304695236497,2185.1672005141154
1764,0.100777580403889,639.818454545455,5.52078645833333,10.5401011235955,15.488701298701299,418.676,5.79519371727749,105.930818181818,12.3327826086957,320.228909090909,6.094670658682641,108.886166666667,1920.2262,220.4597,693.8682,891.0861064943298,1200.5480012725482,951.40257681308,916.9862055958056,229.84183804758825,1020.8046005573124,213.4497946826741,431.7432059906423,7797.489000950009,20997.748599620536,2045.048400759697
1765,28.61895,962.4125,6.946395209580841,6.9111935483871,29.1496756756757,539.686166666667,29.8296388888889,535.423363636364,36.986821428571396,430.580333333333,35.2989666666667,434.464454545455,1148.4017000000001,260.0402,859.643916666667,501.4708352518875,958.1155006498311,916.2316578114288,1378.781234948714,922.3050055300502,454.6748998109251,281.00020135752857,290.0606021285057,3245.935295126401,21875.333404750563,10313.31910053268
1766,27.796,961.856,7.69016788321168,7.62714569536424,36.71772,540.2592500000001,35.7297407407407,538.657181818182,32.171444444444404,428.59799999999996,31.6257142857143,423.33799999999997,1151.9715,258.8894,859.295166666667,501.7976724887815,3081.8013196818256,920.7736224992522,1844.0741307724716,921.0477791989846,503.65439965389663,284.9476964911446,301.6923990799114,3292.7059975918382,15941.535896854475,6562.147298245691
1767,0.11988657930411199,639.461083333333,5.68910396039604,9.69977358490566,11.234797979798001,325.9361,4.62884234234234,105.1193,8.346921428571429,212.56909090909102,4.7263347826087,107.020181818182,1571.95516666667,217.053,538.116272727273,780.089087059575,959.3969009865901,689.2288306884421,688.9991002729718,229.83609644889515,536.5347053157166,27.609296375885606,263.35310540162027,8668.698897236027,49662.09509293549,1936.6990978596732
1768,26.6759333333333,637.4786,6.95020833333333,6.96719205298013,36.4664838709677,524.689666666667,36.0499,524.076416666667,40.5067777777778,428.11718181818196,39.3081818181818,433.92654545454496,1149.1126000000002,272.8125,850.947363636364,497.96558192814905,1898.981402637922,917.1289896515282,918.5246349015723,919.9123558294635,497.9630000889301,339.7400985704735,342.4283000640571,3363.295702729374,32269.930007169023,7194.056099979207
1769,0.117570453196121,858.4540909090911,5.65007766990291,9.186944,15.536388059701501,428.1633,5.3966084656084705,110.582272727273,11.6508229166667,331.701090909091,5.52725388601036,106.9817,1593.59772727273,213.532727272727,695.92575,1012.3971823766684,1437.396498878665,956.5726811795457,918.8044530072152,230.0978335862805,568.0971022229642,125.793504412286,357.07819333765656,7878.770100069232,20225.8844015887,2119.444200070575
1770,0.118282466063348,635.081333333333,5.67049756097561,8.216007936507939,15.0225797101449,434.3975,5.973392857142859,108.671583333333,11.689369565217401,329.611454545455,6.0669880239521,104.8204,1573.2303636363602,215.905416666667,698.0938181818179,626.1609059183671,1194.7237842338407,945.555738455578,920.2070129571403,229.64756875145844,607.2613003198057,121.54190335422754,372.00389488134533,4089.6981023252015,11762.507492676377,1756.3294008141384
1771,0.104105988720795,639.376818181818,5.61570879120879,9.23031355932203,14.5437536231884,424.54890909090904,4.36621367521368,108.703666666667,11.4646,316.04359999999997,4.5264872881355895,105.260166666667,1580.11209090909,216.13,699.3923,623.2556501810569,1430.353980498609,957.0516485590584,920.2554299269685,229.8488511019349,752.3728010710329,167.4719009315595,542.4988019512966,11987.35219950322,13097.521304734983,2025.1779991667718
1772,29.017799999999998,1282.0095,5.65182464454976,12.4650684931507,30.5015714285714,538.412272727273,31.334000000000003,542.494636363636,42.1738461538462,865.835090909091,41.158666666666704,872.278583333333,2643.14545454545,248.985916666667,1498.78972727273,776.0249935185857,1431.5180744096297,2200.23826928616,23044.97334,2175.7208071535483,1261.4806997589767,573.5440005082637,579.9855076475069,8846.827206434682,19803.87159564998,6801.144502242096
1773,34.5569,1276.9297,6.94284246575342,6.89589932885906,31.4618484848485,547.8256,32.064514285714296,531.8798181818181,40.0659259259259,435.395363636364,40.655526315789494,421.999916666667,919.5348181818181,266.911,856.517166666667,501.2053819301609,3088.325440245792,919.8588583055362,1613.235699672594,920.2544215117967,458.4563022945076,263.28339881729335,266.4040046511218,3323.1242006877437,31324.82360524591,6455.567697412334
1774,28.0114047619048,966.2474,6.92910884353741,6.930858108108111,26.2834102564103,547.311272727273,26.9303783783784,527.951,44.0447391304348,424.66249999999997,44.2910416666667,438.894090909091,1165.87418181818,273.31790909090904,869.330083333333,498.21978042931397,960.8561393279623,920.9966089374124,921.9056940792091,921.6456750081379,429.9873049603775,249.32620290201157,259.3744924524799,3313.7721969978884,19577.595801092684,10062.150500016287
1775,35.553935483871,1272.3978,7.00894,6.925013513513511,33.04090625,545.519818181818,32.182303030303,525.761454545455,29.3326153846154,320.809416666667,29.2414857142857,330.000333333333,926.078333333333,267.20775,858.711818181818,500.58491715311925,1194.474718993954,919.5275599963644,919.7655955294227,921.2004904808404,443.29939992167056,369.7925043525174,377.859701984562,3304.5800984837115,16484.07580505591,7210.928900167346
1776,35.3348235294118,1277.8955,6.9305897435897394,6.92901360544218,35.81296875,530.336916666667,35.0316538461538,535.461166666667,42.8522608695652,420.130833333333,43.3782916666667,419.4283,930.3485,269.60045454545497,850.308166666667,501.31491152849236,960.1210610067361,919.7973135018418,923.8697454169809,921.8895158556364,519.0391006181017,313.53639787994325,317.38749821670353,3284.347298904322,27245.17869646661,6932.172900997102
1777,0.08687511150758251,636.9675454545451,5.621386473429951,9.66999166666667,15.2104328358209,434.598,6.24089130434783,110.515272727273,12.1251276595745,327.859,6.3721843575419,106.1171,1357.44009090909,219.0875,854.075,372.94123151548183,1198.227891583637,955.1559243710963,920.6468930173831,229.18089383665856,614.2450991319492,133.6149056442082,347.2291980870068,7032.118699862622,8471.783300046809,1836.2522008828819
1778,0.106889438610662,637.64125,5.67873529411765,9.02836206896552,17.193484374999997,546.4964166666671,4.572931192660549,104.90390909090901,21.2742978723404,537.7866,4.680771784232371,104.818727272727,1363.5505,217.5362,1030.2706,625.5746650285065,1430.696318687011,1456.2002007152855,1150.2544404237008,229.45110167117465,373.30580526031554,139.82760719954967,337.2630017111078,5494.194503990002,13916.170393349603,1568.1353979744017
1779,0.0877507545086493,642.016272727273,5.639212435233159,11.3337572815534,14.4969220779221,419.267333333333,4.94310087719298,108.51700000000001,10.9993541666667,314.322181818182,4.94416019417476,105.762636363636,1129.37654545455,217.491333333333,693.4241999999999,502.6358982542843,1200.2513795326117,948.9492924283464,922.0695015927196,229.82797910444546,397.70380535628647,132.79489648994058,368.27670119237155,6196.603499120101,16887.40969693754,1483.0080996034667
1780,0.08917125541125541,664.364545454545,5.68015425531915,7.58342957746479,18.1976607142857,544.6073,5.1934068627451,109.686,15.0892388059701,424.9423,5.26283980582524,107.436,1129.1160000000002,219.122083333333,855.2622727272731,375.65150957976743,1428.2428261802092,1179.75623153241,1149.157653209578,230.28645928567755,637.4812015565112,31.068798853084445,335.75520501472056,5475.250902236439,38912.50230371952,1203.6264000926167
1781,34.7155454545455,1279.44109090909,9.59477049180328,9.74494117647059,28.3197714285714,524.927454545455,27.42675,529.6041666666671,35.3412222222222,431.15625,35.303,425.57618181818196,1037.37263636364,256.480181818182,863.1218,500.69985683802645,1902.9548114573852,919.3177657412156,1150.3794916768156,923.0280116035825,371.224302216433,421.18858837056905,418.4039979008958,3328.9714017882943,11082.515103043988,5321.934301173314
1782,0.135122155688623,638.8273,5.666211822660101,10.7137943925234,11.3587474747475,326.006166666667,5.16630927835052,108.828833333333,8.63155263157895,217.679916666667,5.17822388059702,106.2696,1686.79091666667,211.32139999999998,536.508090909091,621.7417459626678,959.942688107966,689.4585669455719,687.8231099497063,230.41783022299956,582.8502005897462,150.43070598039776,462.6367997843772,7905.028102686628,18101.314798695967,1929.1131000500172
1783,0.11952463559844001,636.5452,5.64201895734597,7.59558666666667,21.209622641509398,648.144416666667,5.0828070175438596,107.9191,24.570069767441897,748.3796,5.26233492822966,104.525166666667,1121.3345454545502,221.423090909091,1337.28290909091,782.0437248221349,1666.7249893891549,1937.0837446428254,1610.5096359600786,229.9258361397945,623.8733039936051,124.79150027502328,456.94349973928183,9122.474695323035,20687.532195006497,1484.862100915052
1784,0.504416228070176,641.8286363636361,5.660325966850831,12.211,30.938852941176496,974.6829,4.06300729927007,105.34118181818201,34.5319,1066.3136666666699,4.07183516483516,106.3313,1814.18590909091,218.648909090909,1809.32718181818,1480.8214386518707,1441.2490656748325,25144.37145,1841.6510512516868,229.53538786694781,1572.7416990557685,322.27030606009066,857.3499013436958,15811.629098607227,10120.73060264811,2877.6722989277914
1785,0.08705208255159469,640.902833333333,5.6763756097561,8.844304347826089,14.1588536585366,420.442,4.02552107279694,105.238666666667,10.9751089108911,323.098,4.08036231884058,108.8119,1241.66936363636,215.807916666667,702.222333333333,377.39475167464906,1197.7800997794911,953.2441849876944,920.6409983489488,229.93006669499636,397.14479935355484,162.60389238595963,396.35180146433413,6437.496695434675,19389.813800808042,1500.2239000750706
1786,34.5893939393939,1269.4370909090899,6.885930379746839,6.8961377245509,37.6149,536.5862,37.0582903225806,543.0168181818179,36.9020333333333,422.63145454545503,35.4795625,423.0929,1127.93481818182,258.484083333333,851.224818181818,498.46705475448664,958.4204769389695,913.9167745705474,1145.5725926193566,917.9166466952312,403.9819003082812,321.7842953745276,315.74140302836895,3315.3952041175216,8754.169300664216,17573.94000014756
1787,0.10404793403407,636.500454545455,5.7223125,8.97253846153846,18.654517857142903,548.4873636363641,4.90584375,105.8154,15.2206911764706,422.509,5.036371980676329,106.270272727273,1249.4679090909099,216.940333333333,851.749636363636,497.23076919971226,1422.813497069504,1467.9157207472056,1376.383555831577,229.14087034148938,683.2645973190665,162.63109573628753,401.5643004095182,6360.871298238635,21572.122801444493,1608.0249013612047
1788,34.315909090909095,1276.489,6.969010000000001,6.9254527027027,34.6078064516129,536.186416666667,33.7484,537.349909090909,39.6318947368421,434.154083333333,37.8841290322581,429.34069999999997,1024.7676,266.27266666666696,858.8484545454551,495.45213105538215,1442.9034040613512,921.30666151643,1379.3084354754578,920.6071568988542,513.984402641654,299.37390063423663,300.56399409659207,3341.173898661509,21080.737104057334,13660.617198911496
1789,0.11707274380541,633.3545833333329,5.58466153846154,11.0637475728155,25.011824999999998,744.1945,4.98587394957983,107.56381818181801,24.27045,758.8644545454539,4.97651282051282,106.78663636363599,1694.60127272727,218.96200000000002,1333.9042,627.607186824998,1666.5523534035406,3165.258306153845,1608.3273485227796,229.54693442642258,850.0092022586614,83.26419920194894,431.8653023801744,11886.131801293232,6910.879796487279,2142.301999265328
1790,27.7115277777778,961.4507,6.97434615384615,6.93522807017544,42.5030454545455,524.111583333333,40.3827777777778,535.3183,38.6977,430.863,39.3400714285714,434.949,921.0419999999999,266.54416666666697,856.163,500.10667597242787,1195.302687650877,922.6947544980005,922.1843889457738,926.0786160624128,476.58100083936006,257.85579928196967,265.15889912843704,3254.3993060244247,17724.280295078643,8033.9617998106405
1791,27.0211578947368,956.4795,5.69542134831461,9.08066964285714,25.4441219512195,647.9669,26.902921052631598,657.9606,37.6158333333333,428.265,39.4257692307692,426.011916666667,1491.70854545455,260.83790909090897,854.19125,499.27534982804724,1193.8419363490052,917.1401522777023,1374.3055073776925,922.3175072312229,677.4027948267758,375.1582029508427,390.20270050968975,4937.467304989696,8807.410497684032,5069.775998708792
1792,0.120421346633416,635.664272727273,5.59999484536082,9.74985714285714,20.516226415094298,638.715,5.229175,106.9887,15.5933,432.911454545455,5.27550769230769,110.368818181818,1352.5966363636398,219.13,853.06025,1016.3818630690639,1430.4515490817075,956.6123612288148,1147.5141258063502,229.18072304150942,618.8054976519197,131.9336035521701,378.6185057833791,7881.9099959218875,14157.724092365243,1828.6263017216697
1793,0.12011416666666701,634.437333333333,5.67245856353591,7.38191,18.1344761904762,525.9929999999999,6.18384523809524,105.017454545455,15.804800000000002,420.03681818181803,6.163579787234039,106.0152,1582.3794,219.69660000000002,855.039727272727,499.9951493857662,1435.2891008040615,951.8021749313202,1149.42071112114,230.520719360192,670.7811000524089,189.38980356324464,575.6161961471662,9329.271799651906,13140.806998126209,1956.409600097686
1794,0.115364662078303,642.4009166666671,5.68555172413793,8.898234375000001,15.151144927536201,418.787272727273,5.9731,105.873181818182,12.0262954545455,318.82609090909096,6.40462962962963,107.087,1346.21675,220.303,691.596090909091,376.5460539088822,1191.9262909188767,953.6062316042304,917.2336157488356,228.8039329889031,366.5099007776007,154.01300333905965,373.58170084189624,6258.408902795054,16057.79079545755,1637.5359002267942
1795,0.14832808269751402,755.001272727273,5.60028155339806,10.6863148148148,18.258269841269797,546.917090909091,5.49647826086957,108.2358,23.4541333333333,761.3057,5.76322222222222,107.126909090909,1808.18483333333,219.386833333333,1340.25363636364,1367.3325871502104,1198.12197219799,25223.18146,915.4548450646613,229.8013141440295,1113.430198165588,125.40360039565714,610.8068948378786,10750.550802913494,9855.239404714666,2538.527801516466
1796,0.0874967,637.328272727273,5.66832240437158,9.88261983471074,18.24178125,527.872,4.68083682008368,105.9394,15.1146142857143,430.8384,4.7534388185653995,109.318818181818,1239.2939999999999,215.08075,858.3773,625.4081397576871,1431.6830762995212,1185.9767340931949,1143.9095072622404,228.3109843628779,732.205604435876,125.88760000653565,380.6764056207612,6183.317399700172,20243.30029671546,1680.713499081321
1797,27.361333333333302,958.955727272727,6.927801204819279,6.6865838509316795,38.380962962963,549.3352,39.160399999999996,550.5218181818179,35.5074,431.40000000000003,37.16196875,437.671454545455,1147.21536363636,259.97836363636395,858.005833333333,499.8092657906733,962.8918646521105,920.295215408934,921.2910860884421,921.0595780172416,483.08220284525305,236.35310062672943,247.89170129224658,3206.7318010376766,24763.98450380657,9465.21759906318
1798,0.119539385696475,636.4599166666669,5.68673134328358,9.875301724137929,21.4973962264151,646.122727272727,4.7914730290456395,107.549636363636,21.6653269230769,645.1131,4.6824619047619,109.4658,1595.1241,217.076166666667,1180.59227272727,629.7417568770909,1672.4297016698013,25253.77575,1151.0485850797868,229.9921777761014,735.0804953603074,136.7354008834809,553.8382043596357,8893.39669374749,10165.185804362409,1828.0824006069452
1799,26.5803043478261,957.2044000000001,6.92525,6.92324324324324,38.8628518518519,533.163416666667,39.4181785714286,543.0744545454539,34.897999999999996,435.753454545455,35.54453125,425.073666666667,1144.98566666667,261.2976,855.385363636364,501.72119238079983,1424.4865945538775,917.6791485444439,1149.6660236457124,920.3501157722068,511.21429714839906,294.692802708596,301.24179902486503,3441.4593945257366,29165.25259206537,12285.98509915173
1800,50.6194545454545,3113.3307999999997,6.92251315789474,6.7619872611465,72.8405384615385,1333.70308333333,75.285,1361.381,62.802411764705894,1028.792,63.63618749999999,1010.762,3791.1564000000003,833.795818181818,3305.171,1563.6494595324793,3042.9951334352168,2956.2970494831507,2964.6251846684477,2967.4948924759587,601.6364030074328,545.7271006889641,543.4679973404855,8797.797403531149,55605.56760174222,16378.465498564765
1801,0.119098411388488,2059.411,5.631380208333329,7.56475163398693,48.9414,1349.18163636364,14.6598194444444,337.4939,48.9646818181818,1378.07633333333,14.7414545454545,335.6325,4883.56527272727,702.346272727273,3320.5300833333304,1907.7901257630574,3778.6350618181823,4503.932837777777,2981.3055752657483,735.4182851927019,903.6883973749354,245.73159753344953,644.534602179192,21560.956904431805,75758.60650686081,3305.1548001822084
1802,0.11799103682170499,2058.72236363636,5.56303783783784,10.1858811881188,59.7542,1692.21654545455,13.4992763157895,344.306454545455,48.0790555555556,1353.68618181818,13.5383544303797,340.017454545455,5260.323,714.685636363636,3300.5895,1178.3156735893167,4538.857373333333,2957.1449536827054,73669.00207999999,741.1429325743239,908.4267017897218,228.52869878988713,706.0343981720507,23869.76341076661,48499.85620821826,3869.5727998856455
1803,63.7526470588235,4112.121,6.805610000000001,6.8483949044586,82.43066666666671,1717.57308333333,84.40933333333331,1675.3779,74.1721333333333,1371.26145454545,71.68838461538459,1338.5626,3363.5341000000003,828.596583333333,3323.78590909091,1564.0313246916628,3028.9679142439327,2959.037667724544,2943.413257782659,2947.7855301967475,615.607004147023,444.1235039848834,451.10190694686025,8876.706709270366,135696.6829043813,12791.79220146034
1804,63.1449375,4133.72763636364,6.913930817610059,6.80720588235294,73.9692666666667,1676.61675,73.1477142857143,1703.39316666667,52.7370526315789,987.9890909090909,51.324105263157904,1010.22175,3764.4789090909103,832.373181818182,3323.40575,1549.341519251781,3014.857129271776,2968.977440289751,2977.0139351625744,2969.3880025616368,699.0936992224306,570.8764947485179,578.8958049379289,8803.030499257147,126008.02339729853,15914.634897490032
1805,64.0861428571429,4115.970545454549,6.57502857142857,6.540971428571431,70.16793750000001,1712.4544999999998,68.6010833333333,1678.41590909091,47.7666086956522,1023.0931999999999,46.205999999999996,1035.0659090909098,3779.18081818182,809.0533,3308.2563,1547.7884803004683,3033.8093758659966,2976.4218224198858,4449.151671111112,2953.926884018204,626.1444999836385,296.3908016681671,296.10200435854495,8659.896202152595,96558.96030308213,17219.136300263926
1806,62.646692307692305,4102.88791666667,7.41086428571429,7.46393706293706,74.3660714285714,1701.68108333333,74.8956153846154,1706.6100833333298,77.4739166666667,1341.16283333333,74.4668666666667,1359.0891818181801,3741.0764166666704,823.9753000000001,3334.57872727273,1572.5586463563861,9840.538264,2959.6280361808663,5919.100242857145,2944.9211857866535,589.5385926123708,426.8977965693921,430.7281953515485,8904.662102577277,84319.52600367367,9645.705699222162
1807,0.118329617508693,2061.33754545455,5.58172872340426,10.9385283018868,37.006064516129,1002.14136363636,14.059194444444401,333.82316666666696,25.624976744186,677.60325,14.0472535211268,344.913333333333,5595.3864,716.240666666667,2429.8811,1564.7916112932166,3039.2789702234695,2216.4851135758126,2227.346508796371,737.8080246044811,778.9003022480756,210.24140005465597,445.8205949049443,21257.922603399493,42447.056696983054,3677.9763002414256
1808,51.34935,3927.5763333333302,7.47637671232877,7.53071612903226,80.8085714285714,1977.94490909091,81.0438571428571,2002.3200000000002,48.42,1010.9124,49.2568461538462,1007.7430909090899,3024.1003,802.2090000000001,3275.44872727273,1541.644944712223,4520.533713333333,2945.3487798569827,4407.402082,2937.304002646218,574.2975015891716,416.51979845482856,415.7600982580334,8866.370399482548,96632.55460327491,11044.28689868655
1809,0.104827078928823,2067.78891666667,5.50697115384615,9.63758878504673,57.89055,1701.90166666667,12.2332530120482,335.5865,58.4587894736842,1702.349,12.3273225806452,345.6577,5183.774166666671,719.642727272727,3800.5894999999996,3037.072123077463,4570.200337777776,4468.65136,3678.1624436363645,736.1463053103041,713.3821025490761,227.1816018037498,570.0134963262826,29763.080104021356,21161.673506139778,3330.1444025710225
1810,50.049347826087,3097.5035,6.8067880794702,6.74276,78.2523333333333,1702.42854545455,77.68299999999999,1663.4416,59.0382777777778,1015.6633,58.6522941176471,1017.5215,3777.9998181818196,829.6525833333329,3306.6830999999997,1540.71688348963,4527.409477777778,2949.902171426718,4396.0566180000005,2953.9590714356773,671.2703034281731,458.44299311283976,455.819905619137,6615.5929962405935,74357.45929542463,18141.139502404258
1811,63.0542777777778,4129.963000000001,6.830505952380951,6.82720886075949,73.6322857142857,1332.91716666667,73.58538461538461,1342.68209090909,61.67459999999999,1021.92436363636,61.46729411764709,1000.5685,3784.77575,828.339083333333,3304.96554545455,1558.7743570850096,3775.078812727273,2954.3960908072804,4426.724379999999,2954.585460124452,608.8473048293963,510.21590479649603,508.0212024040521,8789.293392328545,126501.2649964774,13377.091000438668
1812,52.5119285714286,3079.9718333333303,9.609054054054049,9.5752037037037,83.692,1667.56781818182,79.7198333333333,1689.36927272727,83.0625384615385,1351.42933333333,83.7791,1326.46281818182,3034.8760909090897,828.0155000000001,3303.76341666667,1550.2370148456312,5266.79141,2953.483809950394,5844.197179999999,2962.1597158893255,694.1279047168791,492.01549554709345,494.31070510763675,10860.187700018287,132396.37939550448,9620.52289978601
1813,0.117108721986675,2065.1808,5.45381725888325,7.436485507246379,37.7563870967742,1028.1871,16.0483125,329.903363636364,26.9212142857143,667.234818181818,15.4931944444444,340.744083333333,4885.3895999999995,722.9914,2413.35475,1916.6889253730571,3036.776757320587,2234.7531275790234,2216.426406079883,739.3983499858863,714.103999780491,211.19420416653156,628.5394978476688,19363.60609543044,50968.26480294112,3596.1874993517995
1814,0.120984291071248,2069.26136363636,5.587598930481279,9.68222764227642,71.72181250000001,2008.8985454545498,14.4386857142857,338.639166666667,71.27292857142861,2068.96866666667,14.350608108108101,336.92625,6014.10263636364,706.8389,4310.1579,2674.351391765209,7571.651229999998,4505.698788888892,74049.87186,733.4920720676716,1119.6589970495552,337.26609544828534,864.1291031381115,34910.753802978434,51206.19799999986,4475.012299371883
1815,0.118562956098691,2052.5713,5.51147641509434,7.907519685039371,39.1673076923077,986.05875,16.736272727272702,330.97763636363595,27.3045853658537,668.1396,16.674999999999997,333.638363636364,3719.4175454545502,723.8140000000001,2786.86941666667,1189.9709562481319,3064.4834640336967,2963.9702868811105,2220.820053933579,738.6965494628671,751.8597994931042,293.397597852163,729.6858064364642,27706.46749995649,96772.97869930044,2282.6294996775687
1816,0.10281860285604001,2069.9227,5.59486263736264,8.13464028776978,48.4177142857143,1373.43654545455,14.2032222222222,331.302818181818,36.874642857142895,1022.5575454545499,14.2985890410959,329.209,4513.95483333333,705.201,2811.133,1921.4961166827234,4538.056671111111,2987.5066300192866,2934.465703562589,736.0979730970199,493.8988975482061,171.1865043034777,515.6750965397805,17003.550700610504,62863.69950394147,2785.409800708294
1817,49.5417142857143,2068.73827272727,6.839813333333329,6.92485135135135,90.8249,2066.47816666667,86.92363636363639,2028.22408333333,56.471000000000004,1017.16375,56.1542631578947,1014.48045454545,3402.21381818182,829.5009,3335.53327272727,1546.923044576084,3033.699933959109,2956.833459973097,3680.762327272728,2969.765130391138,650.1392956124619,334.6017998410389,341.81090304628015,8552.99859540537,25322.074108407833,30310.226301662624
1818,0.126344640883978,2052.244,5.57530841121495,8.9009918699187,50.4179545454545,1338.53618181818,17.9657878787879,343.113,40.085896551724105,1028.02554545455,17.9088208955224,346.60981818181796,4895.3315,730.034916666667,2797.30533333333,1560.7470571136564,3800.0553363636373,2974.032039680991,2942.7133495985945,742.7733873281937,971.0961050586775,34.209396108053625,525.6566946627572,27443.004594533704,184835.94449644443,3306.64089997299
1819,0.123872451456311,2061.4358,5.59951098901099,7.52584666666667,49.3691818181818,1368.1989,15.1898026315789,341.995272727273,37.753499999999995,996.095333333333,14.930935897435901,330.3706,4901.60063636364,710.577272727273,2803.1347,2650.478515927013,3807.8581581818175,2975.3853365482173,2958.6234162539176,742.0684821825433,421.9847993226722,260.7441012514755,592.7414051257074,19404.03249755036,59361.6586033022,2593.8937003957108
1820,0.181394024604569,2060.7907,5.49891878172589,11.3185981308411,93.2950909090909,2739.1968,13.8849285714286,345.2705,93.682,2712.42375,13.703085365853699,333.71250000000003,5253.30608333333,711.63775,5311.0433636363605,2292.914648206542,8334.719624,77113.06086,73467.83208,740.525427238758,1579.9014014191926,324.4456020183861,840.7594985328615,40683.389696641825,72071.94870861713,4169.879198889248
1821,62.417555555555495,4118.3571999999995,6.79871764705882,7.08305521472393,65.8866,1684.79790909091,67.96146666666671,1696.20481818182,78.86481818181821,1385.5573636363602,79.1083636363636,1348.59908333333,3388.2535000000003,810.700818181818,3334.40741666667,1551.1470918333548,3034.109546207486,2930.945486421255,3686.2427636363636,2956.0733735990957,523.7560981186107,542.9126002127305,541.337500908412,8896.56379877124,44670.18599680159,21312.258701073006
1822,62.5427647058823,4129.7031,6.79626315789474,6.7727218543046295,67.66975000000001,1687.27475,66.70293749999999,1711.82633333333,78.7112857142857,1360.05516666667,78.457,1323.81391666667,3402.2185833333297,814.7533636363639,3303.57809090909,1557.208741388575,5275.76932,2955.2777495971422,2969.8443688320135,2971.102026364416,545.1272008940578,547.1089010825381,560.2396937320009,8962.185104610398,179608.44300687313,12170.87410041131
1823,64.70781249999999,5330.35666666667,6.815369696969699,6.82686666666667,68.446,1662.16308333333,69.0037333333333,1707.674,70.25206666666669,1339.60381818182,69.6146,1373.23963636364,3367.94636363636,816.3725833333331,3297.92983333333,1563.9267745627835,5311.7572375,2950.4538629902136,5165.925825,2959.7412938568714,475.1809989102185,308.8833938818425,312.15620692819357,9007.788001326844,130786.73749987502,13573.595101479441
1824,64.00875,4109.36545454545,6.843520000000001,6.81342207792208,64.9807857142857,1701.88545454545,66.08962500000001,1700.00875,58.0921176470588,1001.51966666667,57.9048333333333,1020.9405454545499,3387.3798181818197,822.7781818181819,3327.8267,1554.0819312461476,4567.606913333333,2947.1360423596593,3681.743323636362,2969.46120630371,544.0633045509458,343.3921083342284,352.1110018482432,8661.98569710832,100503.920900519,18412.923300638795
1825,63.8666470588235,4147.316,8.25207575757576,8.245863636363639,69.5175,1691.09816666667,68.3215,1723.13290909091,71.7674,1369.6833,71.5161333333333,1373.1394,4529.0593,814.0074,3348.7064,1558.6571761899972,11381.950705,2936.4823539896197,4439.427371999999,2969.624019603627,647.8224007878453,537.4656029744074,552.0497099496424,8808.514606789686,46422.95749508776,10231.91999993287
1826,52.415105263157905,3097.7824166666696,6.86604137931034,6.921,81.32515384615381,1691.88958333333,78.5186153846154,1708.04018181818,55.3627222222222,1009.4009090909099,56.172437499999994,1015.43966666667,3786.70445454545,829.481166666667,3345.59745454545,1545.6652960671295,3025.7185126312943,2946.0526787061244,3707.9296927272726,2941.0589859048346,614.2912985524163,337.8744993824512,351.4187963446602,8762.870298232883,67718.28739438206,17918.007101980038
1827,0.118352920519724,2054.7634,5.54646961325967,9.57293548387097,58.9092352941177,1699.56125,13.8521666666667,340.3957,47.6713043478261,1379.15816666667,13.619643835616401,333.7183,5211.842909090909,702.856181818182,3335.1020909090903,2300.0571908403153,4549.31461111111,2953.5848365484158,3720.8796545454547,738.9631023906124,954.3741995003074,199.79120406787843,601.1471996316686,27537.437502178364,39807.705697603524,3664.989402750507
1828,0.152684656236544,2068.0715,5.5535000000000005,10.539875,58.1875,1667.63941666667,13.916775,337.49863636363597,59.9528333333333,1719.7073333333299,13.8492804878049,347.228636363636,6402.4455454545505,724.3049166666669,3822.3362,2654.348258575744,5292.4468325,3748.914118181819,3705.6589509090927,738.0146591223878,1679.8289027065039,474.8697974719107,952.145695919171,42859.91710785311,46445.106601458974,4492.034899885766
1829,64.41506249999999,4118.343,6.885636904761911,6.87540789473684,64.8964285714286,1369.6512500000001,64.4386875,1345.44508333333,53.679388888888894,1005.4943999999999,52.9686,1014.1785000000001,3354.0785,816.659181818182,3300.13709090909,1564.928307226153,3035.6350671601,2955.7850524246624,4445.364031111111,2946.2610200406,690.5213929712772,584.6362939337268,595.2664039796218,8921.682398067787,82583.14429840539,21864.71740133129
1830,63.133764705882406,4125.193,6.87312080536913,6.86239880952381,61.0743888888889,1384.2992727272701,61.308437500000004,1341.0891,48.695826086956494,1021.0759090909099,49.681687499999995,1045.89083333333,3387.784,805.867181818182,3331.69441666667,1547.0514386524274,4580.804804444443,2950.7579548874587,3677.713367272728,2966.5912753037924,577.8957973234355,513.7566971825436,507.6813045889139,9274.863597238436,185373.8252975745,13549.087799037807
1831,48.8087272727273,3081.40072727273,6.8697278106508906,6.8599108280254795,75.3326923076923,1703.9472,78.0987142857143,1695.23709090909,76.68175000000001,1338.33866666667,76.2719230769231,1325.65981818182,3371.0486666666698,816.652363636364,3297.0183,1563.1520129290354,3045.32109647014,2956.1530092086364,4482.693242222223,2940.30462487055,675.1309992978349,479.49379368219525,479.9778922460973,8874.228195054457,105677.97069961671,23971.592402085662
1832,0.343734656206737,2065.2055,5.5088432432432395,10.588313725490199,71.197,2028.1912499999999,15.753296875,331.702583333333,95.3266363636364,2737.3815,15.427865671641799,329.646416666667,6060.7505,729.687083333333,5359.12391666667,3793.477854545455,4564.188902222223,77643.63638,3670.934541818181,743.3283258140734,1374.922797549516,484.5955962082371,1161.1632973654196,40697.41650600918,38592.75369613897,4805.674299132079
1833,0.117604083227508,2071.8093,5.5870563380281695,8.17267605633803,70.13662500000001,1983.2566666666698,13.346367816092,341.4674,58.8394705882353,1668.3863999999999,13.4407640449438,335.40016666666696,5232.393999999999,717.3847,3818.80272727273,1547.8371771623163,4544.075064444445,4454.8589133333335,3695.770252727272,740.4095270673824,855.011199018918,35.57370218914002,399.4093043729663,21191.52979576029,173523.0223974213,2735.6417005648836
1834,0.0873794137812821,2068.95825,5.58681868131868,7.475585526315791,59.943052631579,1655.426,15.3340126582278,338.021909090909,47.924125,1367.8155000000002,15.484863636363599,330.748272727273,3751.66427272727,722.49825,3318.6132,1180.061662704023,4570.337406666666,4513.692826666666,4421.370763999999,732.7721749419245,312.3573987977579,212.62940135784447,587.544500012882,19372.364398441277,78748.17640404217,2264.567799284123
1835,0.13366210229560999,2058.1427,5.55724285714286,8.81346923076923,71.3843076923077,2026.449,16.041015873015898,334.57849999999996,71.3986153846154,2051.0852,16.211046875,339.84275,5603.99691666667,706.928727272727,4345.24541666667,1540.1376645771948,5278.0156625,77308.69585999999,5169.9733425,737.8557294376445,1280.6356069631875,27.73539745248854,546.8383023981005,20972.037003957666,267500.6503035547,3855.2751997485757
1836,53.6507619047619,2056.9835,6.74668023255814,6.79116071428571,68.1679285714286,1333.5894545454498,67.93092857142861,1352.50141666667,56.7878947368421,997.2885454545451,55.647388888888905,1029.7234166666701,3402.26816666667,815.3142,3303.22208333333,1563.8527035733991,4553.948917777778,2958.432290990119,2959.9814284636295,2960.5362680470394,628.338402020745,365.16499530989677,364.4297015853226,8975.36420961842,26013.563098968007,30418.935901252553
1837,0.11886383357436901,2052.862,5.60709340659341,7.48189705882353,38.1934666666667,1033.44536363636,16.1445483870968,333.6244,26.581048780487798,668.5116363636361,15.936767123287702,341.51736363636405,4480.5174,704.8716999999999,2804.3910833333302,2279.291542043039,3027.2435517026806,2225.267576174036,2220.4265175292903,738.436610074043,473.9652998978272,226.37300135102123,508.12639819923794,15173.716598656029,55683.94860310946,2678.1338994624093
1838,62.393375000000006,5444.45,6.875850000000001,6.87136,95.3579,2047.74836363636,93.9843333333333,2014.3279166666698,54.511294117647104,1010.83091666667,53.2285,1030.9868333333302,3778.13791666667,826.677363636364,3312.8231666666697,1567.810059934491,4553.526657777777,2952.5111307249576,3706.3164018181806,2956.8078938362496,639.6991957444698,545.5491016618907,545.876199612394,9049.34529971797,134454.9655012088,14238.48709964659
1839,0.119753311445715,2061.1258181818203,5.56869398907104,6.87661,35.9327586206897,1011.0245000000001,12.6841325301205,342.404636363636,24.2802727272727,692.44025,12.620808988764,334.860166666667,4891.695416666669,705.9147272727271,2415.08718181818,1549.607793221707,3025.4313559288653,2209.4219035750284,2223.8007509491704,732.8047619098951,432.7519971411675,316.3813962601125,558.5307953879237,17075.60270151589,73958.80989788566,3654.0230008540675
1840,65.54,4133.665,6.8262874251497,6.8418875739645,71.5045333333333,1696.7289999999998,69.3822,1692.10758333333,78.28999999999999,1320.42709090909,75.134,1330.8085454545499,3778.8295000000003,800.8686,3294.5717272727297,1562.74037977731,3060.8399616258,2986.1444459004333,3692.2543545454555,2950.7972935323787,630.7884032139555,401.2024961411953,414.0597942750901,8695.329702459276,86630.19430532586,12522.497901227325
1841,63.4563529411765,4120.5006,6.83943506493506,7.08340251572327,67.51400000000001,1315.3648181818198,67.4159166666667,1344.991,57.2858947368421,1027.69936363636,57.6185789473684,1029.62333333333,3356.4015454545397,824.1594,3273.9148,1550.0584689684874,4548.701275555555,2971.0152751320175,3691.8047454545454,2945.8769670895344,580.8942980365828,381.61999837029725,393.5783024644479,8788.862798246555,69406.76759986673,29946.417300379835
1842,50.374695652173905,2053.72718181818,6.86148993288591,6.84268390804598,84.841,1689.11466666667,81.4652,1662.8808181818201,74.27600000000001,1345.9856,72.51963636363641,1342.56191666667,3359.48554545455,813.5404166666669,3283.46554545455,1562.746760199049,3024.8674922364294,2953.2908288671924,4451.737602222222,2963.1819234581203,586.1342971911654,608.9502072427422,607.4742006603628,8992.094796849415,78836.92239993252,20989.867599564604
1843,48.941750000000006,2060.01436363636,6.7321375,6.765907514450871,65.4045384615385,1678.732,66.6654117647059,1689.62672727273,57.899117647058794,1027.0113636363599,56.1065789473684,994.8036363636361,3386.4481666666697,825.2236363636359,3282.84027272727,1559.3456245566301,3038.3732267869773,2942.9354352486603,2960.3003485193312,2953.4712687849765,541.7558015324175,488.4409921942279,504.64089727029204,8823.774705524556,15217.875299276784,30102.462199283764
1844,49.883,3097.66558333333,6.84039053254438,6.76202259887006,67.00953333333331,1684.88191666667,66.46153333333329,1706.16741666667,81.6937692307692,1330.7283,79.33733333333329,1372.9105,3788.3888,831.0,3326.47990909091,1559.5085002120265,4581.031771111112,2982.1931348219537,3002.638683736064,2945.0078903893727,640.7570966985077,393.9758928027004,392.36320299096406,8563.78729804419,82282.93329884764,22381.513300933875
1845,0.209846360702761,2065.74,6.172929411764709,8.10270422535211,82.07283333333329,2301.7091818181802,13.8954545454545,327.1646,103.662090909091,3031.58336363636,13.6223717948718,341.325909090909,5591.5375,701.883666666667,5831.834,3366.2120916666668,6783.909103333333,77041.63298000001,4391.995260000001,735.4243229448423,1752.6749026728794,258.001807378605,833.6817001691088,35959.816398099065,27494.56610181369,4516.711900942028
1846,62.9269444444444,4125.2026363636405,6.82331333333333,6.83305421686747,105.33781818181801,2377.63418181818,108.26045454545499,2362.3352999999997,87.09366666666669,1374.63975,91.2458333333333,1338.4471,2648.84309090909,838.8566,3318.7159166666697,1552.8622541606915,6036.543428571428,2952.8344912180955,3684.819134545454,2960.9771661753693,522.8143039857969,487.8621955867857,479.0942039107904,8817.0609989902,126795.55370123124,9565.696999197826
1847,51.0534545454545,3087.641,6.80920134228188,6.8621187500000005,70.93212500000001,1725.31808333333,67.3728125,1680.6161818181802,82.5138461538461,1355.37558333333,84.06099999999999,1370.1739,3373.1583,814.9558,3285.4956,1552.918146167072,3022.175406835548,2948.5919913527277,3692.686534545454,2960.2306207419806,447.5821042433381,375.5991056095809,386.12580101471394,8737.281904905103,69766.87479764223,11740.394399384968
1848,0.09986049999999999,2066.95741666667,5.54747867298578,8.2105,48.0450476190476,1329.4858181818202,14.6055128205128,340.1952,47.797000000000004,1376.92616666667,14.4599615384615,331.47774999999996,5551.2199,708.2655,3285.38163636364,1927.1243329560862,3812.515456363637,4491.800488888889,2959.496359662561,736.4987508442023,823.4056003857404,35.81289784051478,467.9089965065941,25872.3886043299,155740.56939803995,3180.736899957992
1849,0.12230737279335399,4501.9965,5.5269150943396195,9.05118260869565,38.074703703703705,1019.8513636363599,16.4708387096774,347.9873,27.6611219512195,692.8973000000001,16.4811449275362,337.539,5230.09475,712.3040833333331,2425.4006,1554.0870931470413,3059.7508920956025,2220.555952495565,2202.8548824138734,734.9375996790661,768.9776073675603,254.77639574091884,622.6191006135195,23663.750200648792,51112.250599544495,3599.3086989037693
1850,0.103084012169987,2071.3538181818203,5.58108743169399,9.60809090909091,61.7304705882353,1668.3015,16.331253968254,339.45266666666697,50.3869047619048,1385.585,16.2097164179104,335.6884,4133.02990909091,715.089083333333,4346.4562000000005,1561.046631536028,4569.513137777777,3737.150887272728,3675.3600399999996,739.0747837419948,546.7636976391077,240.26770261116326,581.576899276115,19514.225402963348,57216.01209952496,2975.1972993835807
1851,63.3635882352941,4136.38754545455,6.84987333333333,12.173863157894699,65.0820666666667,1695.89936363636,66.6730588235294,1689.49554545455,49.57085,1036.90645454545,48.51785,1012.2241666666699,4175.4046,818.862166666667,3338.42209090909,1545.090175255731,5287.36326,2941.2735524416753,2951.759573388937,2952.9085604891,751.3326010666788,604.3857021722943,612.2723978478462,8788.411505520344,21686.365400091745,9227.114799432456
1852,0.104015826180258,2718.02,5.573659574468089,8.96037704918033,59.9858235294118,1704.5358999999999,14.214831325301201,340.77981818181803,48.3312857142857,1372.3915000000002,14.2580933333333,338.823090909091,4487.41290909091,708.5151666666669,3317.4804,1932.6498669563061,4567.522635555555,4483.06932888889,4483.624284444445,738.5610176209286,747.7659964933991,189.5053021144122,647.1918051829562,25635.432402486913,70381.38940115459,2910.403101122938
1853,0.102615903232203,2065.9615454545497,5.44830808080808,8.95373728813559,48.3179523809524,1329.5875,15.35872,332.159727272727,37.2732962962963,1004.81218181818,15.2386056338028,342.0689,4787.93772727273,713.513333333333,3776.311,1548.6053650635308,3778.161512727273,2962.611280202863,2945.1395929672476,735.1632241220314,845.2740003122017,37.59470127988607,577.4522956926376,21157.778199994937,94766.09879639,3191.2500999169424
1854,0.08815554716981129,2654.75072727273,5.5526985645933,8.13588356164384,48.9421739130435,1381.5031666666698,16.2038787878788,349.9995,38.423333333333304,1011.35933333333,15.7341216216216,340.60269999999997,5234.32041666667,709.739916666667,2789.5907,1907.9564274532263,4543.540677777778,2974.959062522974,2946.7885208515054,739.774982898133,829.1498961625621,221.03300434537232,614.7329055238515,21317.251198343,72487.18360206112,3708.6777010699734
1855,0.118532580569278,2053.13183333333,5.561,9.46371774193548,61.021578947368404,1667.21841666667,17.4902786885246,336.03236363636404,61.389555555555596,1697.6789,17.1123432835821,342.852454545455,4471.41936363636,716.9263,3790.91309090909,1553.990556747818,4528.751011111111,5251.764115,3672.330223636364,733.3158322515905,668.8764988211915,42.82469453755766,573.1946002924815,21082.544804085046,86507.35020055436,2529.3611019151285
1856,67.7011538461538,4958.675,7.48614838709677,7.52838311688312,69.5689285714286,1731.10725,68.1401428571429,1728.2153333333301,76.1528333333333,1366.12754545455,74.3746923076923,1372.76491666667,2655.29858333333,826.043833333333,3323.92027272727,1575.4050633770055,5336.6985125,2943.418159816274,5927.805294285715,2985.3684999338225,589.195400243625,548.3686953084543,547.4897945532575,9114.32379798498,30271.02320047561,9982.018198934384
1857,0.121372337935876,2074.27072727273,5.56915816326531,8.83796721311475,38.4025333333333,1000.538,16.8108064516129,343.502166666667,27.6186578947368,696.346363636364,16.7103285714286,335.826090909091,5232.6992,706.312181818182,2411.14,1930.468964970328,3041.194029060682,2218.263197963625,2202.669787575458,740.4316842912693,674.4890008121729,171.72889783978462,578.0567007604986,21811.915293801576,41613.65939944517,3188.475698698312
1858,0.16232157273135,2061.71483333333,5.58376165803109,11.508298850574699,81.358,2368.0269090909096,15.463358208955201,346.146333333333,94.32381818181821,2691.42841666667,15.21884,344.673,6384.25758333333,715.525,5323.6426,3004.60133735097,4554.6606,5180.5234675,3676.4613454545456,738.3939679862065,1810.7158975908533,345.62810615170747,1087.2558952542022,40313.751602661796,48531.86520631425,4498.096799943596
1859,49.4216363636364,2058.4871,6.284601190476191,6.20933513513513,60.5930555555556,1370.969,60.8165555555556,1344.5037,49.865590909090905,1018.50291666667,49.7596363636364,1023.3689,3390.6787,818.194272727273,3332.86241666667,1551.4188092195907,3788.0313618181813,2964.4804815824523,4465.557084444445,2944.5615303380146,723.7007026560605,393.98780500050634,400.6798058981076,8730.16880650539,65199.93730180432,22892.76120136492
1860,63.58650000000001,4136.387299999999,8.28259523809524,12.290478723404298,72.6244545454545,1719.20318181818,73.9284,1720.50516666667,75.4699166666667,1381.31775,75.2147,1336.1509,4164.969999999999,816.696583333333,3341.59645454545,1564.1134038547546,6012.519051428572,2954.993483399349,4423.144286,2951.46291720947,783.5330965463072,576.2273009167984,575.9983003372326,11281.058099120855,34495.50429650117,9672.104401397519
1861,49.1425,3078.4159,6.83140268456376,9.51209090909091,87.7935833333333,2041.1221999999998,85.31575000000001,2025.43841666667,78.8085714285714,1358.934,82.0786666666667,1391.942,5230.9109090909105,818.272636363636,3295.3397272727298,1545.2543785179323,5294.08627,2960.047060451573,4441.104102,2934.5559684882332,905.6021022843197,745.2221034327522,747.8416111553088,15202.288699219935,27473.58850610908,9850.508198724128
1862,0.195980772474279,2068.72658333333,5.51479452054794,9.74745378151261,72.1496875,2042.19158333333,15.8230416666667,336.057916666667,94.2905833333333,2688.4233636363597,15.8928970588235,337.0371,4853.9204,711.216,5308.1426,1908.8315880365917,6040.691045714285,77649.20052,73455.46354000001,736.527094398539,1560.6597968144342,288.4662040742114,1074.2340033175424,38091.797597007826,21197.800699155778,4501.935900771059
1863,0.0933501025074909,2314.2244,5.56171122994653,6.93593604651163,49.1254347826087,1361.63227272727,15.742676923076901,336.745833333333,37.5410740740741,1028.57054545455,15.627594202898498,347.27500000000003,5253.0809166666695,708.8570909090911,2816.4763636363596,1900.6489233768257,3791.9690054545467,2977.1872831757637,2944.369236021398,735.6128913781196,501.70529866591096,209.50110047124326,626.6770011279732,25136.96019886993,25183.410602039658,3336.5929004503414
1864,62.079,4144.0015,6.85790506329114,6.86669811320755,82.38284615384619,1732.9067,80.1115384615385,1718.96725,82.45572727272729,1355.37375,79.73446153846149,1376.9955,3411.83358333333,833.377090909091,3311.11516666667,1562.0263680080175,4542.7696844444445,2980.399559428824,2945.385072687869,2956.3047591722625,659.8402978852391,529.6694056596607,531.5657006576657,8752.932399511337,145026.3444945449,11452.252298477106
1865,47.665,2055.63690909091,6.861,6.895744966442949,72.1285,1699.20558333333,72.0597,1694.02691666667,49.2963181818182,1022.51163636364,49.995,1005.606,3379.4704166666697,796.0060000000001,3311.30363636364,1544.8450382839442,3039.264734105264,2950.23762087952,4408.277701999999,2959.2088915634563,634.4099063426256,560.670901904814,559.0700049651787,9218.926599714905,38268.8917015912,30474.841099930927
1866,49.562,3091.4621666666703,6.85001724137931,6.80184768211921,60.5083888888889,1359.2562727272698,58.4962222222222,1362.66091666667,49.1069090909091,1036.6510909090898,49.0765909090909,998.2520909090911,3380.73354545455,797.074818181818,3296.6953636363596,1564.3615404024476,3062.6447772513056,2953.3586667890168,2969.024221021985,2959.6639634164676,553.1104950932786,597.4293977487832,599.7742962790653,9562.825199100189,29219.545499654487,30071.635500644334
1867,5.11073708920188,4129.20283333333,5.57427807486631,10.7785684210526,184.36663636363602,5441.5729,15.649720588235299,331.8689,173.418363636364,5079.35745454545,15.4348985507246,346.135,5665.8066,718.606818181818,8783.781727272732,6333.958451428568,4527.241324444444,76468.98812000001,73245.76796,738.0269664927669,1711.6916016675532,359.7138012992218,1145.7449028966948,44951.87969878316,80611.56069743447,5070.160902687348
1868,0.132545305931808,2062.774,5.5275069124424,10.9109479166667,60.4485294117647,1704.0436,15.0761558441558,339.275083333333,59.8117777777778,1703.2357,15.0969605263158,344.5525,5242.430600000001,708.401363636364,3794.026,3354.8888916666674,3782.6307781818186,77571.87895999999,74409.98198000001,745.411346102137,1522.8824049700052,306.17309967055917,899.8152945423499,39837.691400316544,193724.5720968349,3816.925798309967
1869,0.11777710257656801,2059.8663636363603,5.53735869565217,8.175112781954889,48.0163157894737,1335.6309166666701,13.7035,346.495,36.9071612903226,1016.3555,13.6961733333333,344.9691,4481.15436363636,707.2918000000001,2819.9263,1560.8124596196594,3759.5103436363643,2975.1051449983943,2948.7244401357916,738.9223711759561,806.2471955781803,292.8290981799364,770.3370967647061,21939.214505255222,66512.90969748516,2760.11019886937
1870,0.12062206619859599,2068.55163636364,5.58865384615385,11.1654255319149,39.563620689655195,1027.65575,17.973031746031698,334.83875,28.322200000000002,681.5989000000001,17.762372881355898,346.534416666667,5557.99408333333,734.794083333333,2420.478,2269.1259964680867,3022.5238049788504,2214.7896034727382,2219.4979484843434,739.7110210360482,547.9150975588709,231.8744984222576,602.913205511868,15055.681299418211,34063.88489820529,3423.9002008689567
1871,0.11995521942481802,2722.2799090909098,5.61788679245283,8.86337391304348,48.123045454545505,1364.3749,14.9631794871795,339.316818181818,36.7159677419355,1003.65518181818,14.920507042253499,343.6711,4475.5235999999995,709.431727272727,2805.09827272727,1921.8887079342812,3787.9570727272717,2973.6048115700355,2946.681221029126,737.2584995849679,669.6090043988079,188.10889159794897,595.6913053523749,23764.473202754743,53582.79629726894,2742.0555998105556
1872,0.11936875000000001,2052.76963636364,5.58612299465241,9.683127272727269,50.12025,1371.0652,17.539555555555598,334.160454545455,38.584827586206906,1017.6783,17.246475409836098,343.71119999999996,5974.26318181818,727.251545454545,2815.97081818182,1548.6926231651914,3789.126456363636,2964.7255085281486,2955.9284916757288,734.6876859934001,782.3705003829673,368.48409508820623,598.2061964459717,24112.630405579694,90884.46910609491,3557.1982007240877
1873,0.13296695711214201,2062.2402727272697,5.42568527918782,10.3696699029126,60.35827777777779,1684.0449,16.0897058823529,344.8678,59.704750000000004,1695.8905,16.6301212121212,346.274083333333,5180.2187,713.4575,4304.70072727273,1934.2881865732277,5304.051635,4476.6986422222235,3677.76486909091,733.9776239099148,1045.1168986037374,369.62300073355436,766.6474935831502,30335.94250155147,78978.39559882414,3885.5910999700427
1874,63.3900909090909,4134.735909090909,6.9120958083832305,6.87142207792208,96.64750000000001,2380.04727272727,96.34390909090911,2393.2301,83.7913333333333,1376.4511,87.0017272727273,1363.8999166666702,3774.1686,839.145636363636,3319.63609090909,1550.20905323201,3029.5911285250745,2971.0383555439075,3727.4907799999996,2962.559124916898,673.3652960974723,438.0280966870487,443.94619471859187,8851.370099000633,61178.69009904098,14976.642801775597
1875,0.102241327433628,2069.1617499999998,5.54654696132597,7.56770860927152,39.6684642857143,987.021333333333,17.6501774193548,335.476363636364,27.8223846153846,679.763416666667,16.891296875000002,341.4852,4855.98566666667,731.975636363636,2827.7416363636403,1180.6732362882249,3022.3805752538315,2968.0414723956033,2200.686129299929,742.2191702631378,937.8580027259886,228.49639935884625,526.3797036604956,26012.555800843984,60254.85939462669,3002.0683974726126
1876,0.116377025036819,2050.1052,5.52934597156398,8.85881512605042,60.4668235294118,1688.04245454545,14.671463768115899,341.2325,48.6563333333333,1340.4087,14.181860759493699,328.745,5179.87645454545,708.3004999999999,4293.8051,1550.8653101053749,5303.5360275,2956.033737219945,3684.8135018181824,733.688010322009,904.614498722367,266.4887986611575,800.8161996258423,25934.719701763242,79083.04909651633,3873.5623995307833
1877,0.1120440877692,2055.17191666667,5.56437640449438,8.833086206896551,73.3376,2053.3962727272697,16.6795362318841,328.81063636363604,72.5576875,1991.0408333333303,16.8145409836066,339.382272727273,5969.11366666667,723.379,4289.42745454545,1930.9270842377807,5303.4571075,78042.99016,5211.379665,737.8307228029828,1132.2889040457085,235.2220006287098,884.188205236569,23654.71789962612,59456.462698290125,3167.055398807861
1878,0.11985726378160999,2062.39166666667,5.47440404040404,7.39158709677419,38.572933333333296,996.3763333333329,17.808120689655198,342.7127,28.813975,685.7302,17.4577368421053,342.418,5243.65133333333,735.1621,2797.47516666667,1178.2394839732967,4543.683564444445,2976.5586964342106,2217.673710407204,737.6768233682471,473.4425077913329,163.4651009226218,369.30319911334664,17218.90890330542,38475.22579599172,3406.88890137244
1879,48.964,3091.0159999999996,6.82651428571429,6.842169934640521,81.2593846153846,1724.1685833333302,77.88000000000001,1694.10281818182,79.35508333333331,1355.38690909091,82.1566666666667,1388.98936363636,3369.77266666667,829.831916666667,3298.92733333333,1551.537133819349,5325.996247499999,2955.4797579198266,2977.901643318036,2946.2860781580184,622.9974940652028,253.8772037951276,252.91659985668954,8617.014900664799,200898.85839261115,12477.403500815853
1880,49.305499999999995,3091.4726666666697,6.8024313725490195,6.828052980132449,64.4705,1703.701,65.40775000000001,1709.21833333333,48.320909090909105,1034.9321,48.980000000000004,1003.7315833333301,3773.08,814.6177,3335.4157,1547.6628912609606,3785.20732,2938.85353208285,3671.8386327272724,2950.635746032534,507.6265020761639,498.39939165394753,506.3883028924466,8876.959496410564,82534.34520447627,13552.205302403308
1881,0.11828738425925901,4126.961799999999,5.495086021505379,9.7658,60.9666842105263,1696.82727272727,15.0607142857143,338.88618181818197,48.248000000000005,1359.85783333333,15.138764705882402,345.39074999999997,4467.6359999999995,710.0066363636361,3318.03663636364,2278.3116336710527,4567.344193333333,3738.364661818181,73723.35518000001,738.0915795141411,1138.892798917368,253.95560078322887,677.8831942938268,35808.20979841519,48898.65760342218,2948.7977997632697
1882,0.0871891822389851,2052.0566,5.61364130434783,7.53021323529412,60.538555555555604,1707.1205,16.7245967741935,348.042818181818,49.8778695652174,1354.8882999999998,16.0882916666667,345.525454545455,5227.80141666667,710.837090909091,3330.3178,2289.0147992414263,4546.197073333332,3715.599763636365,3698.7857400000007,744.5076709342646,1036.0995947849005,203.31339910626411,655.572404502891,25267.64509966597,48568.30190401524,2887.0137000922114
1883,62.365058823529395,4138.4251666666705,6.8389056603773595,6.81247,61.5054375,1349.015,59.4522777777778,1376.6966,49.5405294117647,1003.6300909090901,48.810347826086996,1022.6162499999999,3410.20566666667,807.3799166666671,3341.01308333333,1550.1866093554308,4574.412391111112,2949.9638698213994,2947.2569382327774,2974.433529137629,639.7374992957339,393.3518979465589,398.9104967331514,8826.041003339924,71888.5512003908,14252.123999176547
1884,0.12499988537368201,2067.28845454545,5.58576923076923,7.641962121212121,62.0273333333333,1710.4683636363602,18.838426229508197,347.794416666667,51.706842105263206,1346.3776,18.8771666666667,338.94841666666696,4137.24772727273,739.432416666667,3344.21163636364,1564.7399986626467,4550.105384444444,3733.46286,4438.849915555555,736.3499414476652,380.9309011558071,241.35769926942885,494.86749921925366,21235.97319878172,48399.07160785515,2519.161198870279
1885,0.103113711774729,2069.8314,5.56416666666667,8.24299315068493,36.2801071428571,1022.76466666667,13.9073058823529,341.9495,25.4084285714286,662.715916666667,14.0761358024691,339.858916666667,4484.058,713.389727272727,2421.0312999999996,1901.6525338116808,3045.0604419633537,2231.7556071148406,2209.6755602227777,736.9364803035575,867.9753984324634,39.789394941180944,536.4752985769883,19042.362994514406,94629.96270158328,2739.9892976973206
1886,0.119536517144929,2058.08663636364,5.5762554347826105,8.25988461538462,37.474166666666704,1007.3419090909099,15.2011818181818,343.095,26.095074999999998,691.4039,14.7625797101449,346.633909090909,5608.0018,709.193833333333,2431.80445454545,1547.8148304609629,3032.0870270672713,2217.7996916609304,2225.833351489152,737.3292911185615,408.4218991920352,252.35989887733012,693.1826064828783,21472.119801910594,48393.13530246727,3346.6830995166674
1887,0.10292136538289699,2072.87736363636,5.60255882352941,8.10856428571428,59.766263157894706,1669.57258333333,14.7159615384615,337.09975,48.8557727272727,1363.62441666667,14.6006571428571,338.5495,4881.57158333333,713.3620999999999,3315.94708333333,2292.3758766610445,3788.2766400000005,3738.9314745454544,73922.01034000001,741.8795700476348,672.9928980348632,204.64019908104092,712.5258969608694,23818.706604652107,72906.19539562613,2526.0991998948157
1888,0.117237573544329,2062.9743,5.60225433526012,8.87840740740741,50.1606086956522,1368.5539999999999,16.287777777777798,337.3841,38.6478928571429,1005.83590909091,16.5406779661017,334.2438,3743.74425,710.7524,3803.47881818182,1903.8679828875133,3786.7629690909084,2967.253914685079,2948.123546045029,734.9651517370379,673.6538023687899,39.99410255346447,490.5589943518862,16898.3214040054,155144.09159950446,2565.42949937284
1889,63.176750000000006,4122.780000000001,6.85922818791946,6.86524832214765,56.8641578947368,1367.2276,56.0491578947368,1363.85216666667,45.2548636363636,993.429909090909,46.5242083333333,1025.47275,3780.6842500000002,806.850333333333,3288.65908333333,1547.1834151977712,3024.095137205845,2940.327312349573,3698.67518,2948.556546434508,605.7761987904087,372.3783971508965,368.7988966703415,8792.780799558386,67711.88999991864,13524.841601611115
1890,49.8839090909091,3094.3802,7.522401408450699,13.8508414634146,82.1494166666667,1679.49633333333,81.0020769230769,1715.617,75.2294545454545,1362.7592499999998,74.63092857142861,1346.40291666667,3793.634,832.8485000000001,3328.36708333333,1542.5566719903463,6836.108113333333,2952.6610755886904,4420.921353999999,2958.090906348726,784.0189064154401,547.7200931636617,569.157800055109,8874.323003692552,23472.48490259517,9485.56479997933
1891,0.0872907972400033,2047.9991666666701,5.58183606557377,8.16734108527132,49.3869523809524,1325.8174166666702,15.5301466666667,333.5022,38.2132962962963,1009.91309090909,15.2481126760563,342.17181818181797,4840.7809,716.8708333333329,3293.83366666667,2307.379463400231,5292.016764999999,2960.724811480648,2927.9919607031266,742.0541632447221,566.7857942171395,223.65780314430594,565.6805908074602,27935.47340843361,55482.59130155202,3099.203802412376
1892,63.566928571428605,4108.75763636364,6.83877586206897,6.82427516778523,62.995562500000005,1716.55527272727,62.7484666666667,1644.7288333333302,48.443799999999996,1023.95391666667,49.380375,1029.21133333333,3371.62358333333,810.396416666667,3274.9488181818197,1546.1645613686264,5274.419019999999,2939.5967910953723,4450.5928066666675,2961.398223531013,540.1630973210558,592.1970994677395,590.5395053559914,9004.448499763384,84986.27720400691,22467.54450025037
1893,0.151891872487076,2057.4039000000002,5.614851190476189,8.75769230769231,73.6405714285714,2042.00190909091,16.594809523809502,334.9663,82.2746153846154,2372.4611666666697,16.435071428571398,343.651363636364,5205.476500000001,720.6801,4831.66691666667,1919.6315975526595,4530.064193333334,5942.324431428573,5163.992929999999,736.0918395761363,866.6018053190783,213.19561055861413,686.368509195745,31899.492992670275,42582.524311728776,3392.4783987458795
1894,62.623388888888904,4143.06833333333,7.52290441176471,7.53327388535032,76.38538461538461,1698.967,75.4114285714286,1671.4740000000002,52.8099473684211,995.4350909090911,50.0878,1022.6129166666701,3770.87190909091,820.427454545455,3300.2255833333297,1564.1515103476095,4541.2299977777775,2955.8042185768595,3688.203645454545,2955.3584144465053,628.9911951171234,536.6135999793187,541.4356972323731,11144.656501710415,108741.24139954802,10042.564099421725
1895,0.118415386366223,2056.84716666667,5.58624489795918,8.835870000000002,61.7935333333333,1695.61145454545,15.9192816901408,335.7936,72.1311333333333,2042.7871818181802,16.0653636363636,343.214090909091,6003.54933333333,730.0633,4302.68263636364,2286.881751470695,6769.002243333335,6717.14396,5141.1902725,740.979239347478,1208.4499932825565,242.37149918917567,779.9100974807516,27597.66110102646,61487.06149542704,3500.671498477459
1896,0.102083924140376,2066.0657,5.60176288659794,9.81468376068376,49.4128695652174,1378.86383333333,15.896560606060598,335.831818181818,37.8196,1018.11990909091,16.137292307692302,341.7869,6000.92054545455,725.259272727273,2814.9295,1920.7571254126485,3769.6145145454543,2222.404746010062,2964.5515281010653,739.1832892135009,678.0934985727072,293.2143019279465,532.0424941601232,23494.6504002437,21278.230991447344,3322.488800040446
1897,48.8649,3100.335,6.83537804878049,6.79250331125828,64.5618666666667,1354.13666666667,66.06175,1381.42891666667,52.206500000000005,1009.91254545455,51.57045,1014.20563636364,3379.739,827.5571666666671,3332.55808333333,1553.0885018356867,3045.9490798909724,2981.15253383273,5894.321811428572,2948.468425734652,629.5265018707141,436.2411011243239,433.59819683246315,8862.356000463478,44845.963903935626,30593.214998953044
1898,0.10281659427355701,2071.0155454545497,5.543326086956521,10.5638623853211,47.705625,1351.8041,13.590546511627899,343.45840000000004,36.791821428571396,1039.1723,13.8644736842105,339.91,5598.8595000000005,728.562916666667,2845.458,1913.6761914649785,3782.653889090908,2985.8321115116737,2960.5746335268186,740.4956577574283,876.6863000346348,212.86279370542616,669.8078039335087,23618.714598705992,61473.9829004975,3410.2787991287187
1899,0.10190657473050399,2059.2400833333304,5.6091693989071,8.11129545454545,49.6890416666667,1384.3606,15.4887922077922,333.06710000000004,37.7546785714286,998.164181818182,15.241768115942,336.7063,3745.31636363636,717.3578181818181,2834.23354545455,1913.506796313385,3805.8420472727275,2971.9929110812614,2967.9904551803106,738.9347515435036,594.2167044850066,251.2420032871887,577.6756937848404,17107.17380628921,66617.63129814062,2406.8293016171083
1900,50.0025652173913,3963.3656,6.85690849673203,6.82338709677419,77.0022,2046.80663636364,75.3735333333333,2060.42572727273,51.1941428571429,1006.64033333333,50.9413684210526,1030.8425,3784.9584,828.2375,3314.432,1565.7837092514858,4566.538777777777,2948.91246958957,4429.4336140000005,2956.372157869745,692.4314046045765,493.05280845146626,509.3122977996245,9008.030104450881,81366.11169902608,22170.96329841297
1901,0.102006601320264,2065.40972727273,5.536287804878049,10.3647777777778,106.265090909091,3062.93983333333,16.192569444444402,345.01333333333304,93.83970000000001,2696.45158333333,15.679803030303,345.6764,5627.8123,712.291833333333,5304.51836363636,2656.9085957324205,6839.378860000002,77137.59788,5158.642385,740.4685424302362,1009.909197455272,327.6666044257581,723.4718999825418,30198.59140040353,84453.5240001278,3870.2689023921266
1902,63.2200714285714,4120.861800000001,6.86408666666667,6.83765882352941,75.74578571428569,1720.6131,73.7198666666667,1701.49266666667,77.4647857142857,1340.5929999999998,75.29525,1338.82225,2275.1082499999998,816.4182999999999,3305.57790909091,1565.8020837880958,5312.71592,2951.2343924881875,5156.4524375,2958.75681342261,607.930202386342,578.7058995338157,584.3980005010962,8791.18460288737,135214.82039941475,11408.222999307327
1903,0.15189070749736,2385.225,5.58590909090909,9.567675,71.3876923076923,2078.14166666667,13.1843837209302,346.754181818182,71.307125,2045.1279999999997,13.1447613636364,341.964083333333,4886.2898,710.895090909091,4827.116,3028.89465187835,5324.46166,6770.840043333331,4431.620834,735.2830502653345,644.9611973948777,219.03439483139664,745.5498009221628,29799.77500217501,40050.29749823734,3199.4536984711885
1904,0.24446860335195497,2065.3295,5.55261904761905,11.4159238095238,94.209,2730.45933333333,15.4530579710145,332.771,94.2756,2727.22081818182,15.1467974683544,334.176333333333,7129.924,721.623,5318.2926,3759.8966654545447,6047.970491428571,77887.74884,5165.0686875,740.5117071166252,1528.2376989489421,290.07350094616413,953.2163996482268,38558.59299656004,46924.03840308543,4251.159698469564
1905,51.1384117647059,3092.80381818182,6.809,6.79248344370861,67.08187500000001,1713.2725,67.1731333333333,1681.1956,52.4191904761905,995.9487,52.812000000000005,999.218363636364,3402.64609090909,817.392416666667,3291.76572727273,1555.0098094706516,3804.307552727273,2964.2894463630164,3735.0925836363654,2967.5455049955995,631.9313048152253,527.3431946989149,555.2928021643311,9065.350593300536,47340.953393722884,12826.810698607005
1906,0.102471653685926,2072.2799090909098,5.55984065934066,9.782973214285711,60.0820625,1698.99836363636,15.0159577464789,331.66066666666705,49.01543478260869,1367.63741666667,14.991974025973999,332.90772727272696,5261.769200000001,717.1019,3316.3247272727303,1930.1416074053325,4565.097097777778,2992.309853364387,3669.461230909092,745.0524265327018,799.8957968084142,237.13939590379596,754.2876992374659,25574.323403998278,61018.70690763462,3068.4110010042787
1907,46.1406,3095.34990909091,6.19450310559006,11.267715789473701,78.1973571428571,1975.80909090909,76.10053846153849,2030.45308333333,72.0515,1365.3542499999999,73.4063846153846,1356.67958333333,6436.37718181818,813.236545454546,3336.1990833333302,1552.4252105724765,3781.705783636363,2959.899966327703,3688.922885454545,2968.0798676805857,1010.7974987477064,934.449300984852,933.109998004511,20023.326404043473,17435.458200634457,9267.484399606474
1908,61.69988235294121,4113.24654545455,9.00701550387597,8.9216992481203,67.793875,1694.58863636364,66.1116923076923,1696.93775,78.79307692307691,1336.49875,77.53092857142859,1360.64833333333,3406.95836363636,819.151583333333,3275.91608333333,1564.3375121792515,11374.197474999999,2944.9043339392024,4422.432974,2948.267731314105,717.3730089562014,552.1735991351306,556.0177087318152,8631.909600808285,29929.31100015994,9274.71409959253
1909,0.12128014366341701,2048.9802727272704,5.57340760869565,7.57048507462687,37.188407407407404,1009.49925,14.9148181818182,333.664583333333,25.716717948718,675.6698333333329,14.4685362318841,339.806,4831.28458333333,709.2747272727271,2824.92536363636,1912.9884126891852,3021.658810725417,2229.7675416924444,2214.852863035019,736.4148737467419,914.1704969806597,227.7417981531471,696.5686014154926,23413.108399836347,69767.77839590795,3204.547500354238
1910,63.856625,4123.761545454549,6.83249668874172,6.81874375,61.7076875,1359.49075,63.0702941176471,1382.93036363636,50.5012857142857,1020.8752727272702,49.946619047619,1039.2659,3383.95390909091,825.6531,3351.27316666667,1549.7483308638846,3043.6999920025505,2946.0344536249972,3701.971638181818,2946.8548192888484,642.2349950298667,449.014495825395,454.9919976852834,8758.140297140926,102230.81489675678,15069.600398419425
1911,0.10650831330128199,2065.5286363636396,5.55531891891892,9.008265625,84.0215384615385,2395.1039,16.1536388888889,340.861916666667,84.79638461538461,2366.59058333333,15.738318181818201,333.17109999999997,5399.04090909091,719.329,4848.870583333331,3011.4272056750774,4590.392737777778,77791.74444,73923.35678,740.8907326557966,1165.8636998618022,376.7211950616911,794.7974023409188,29640.64379921183,67150.64080199227,4271.976198651828
1912,0.11845552115583101,2064.87154545455,5.5909565217391295,8.25901,70.85040000000001,2069.3175833333303,14.5141690140845,347.510583333333,60.058611111111105,1677.5594,14.3138333333333,336.266,4866.69654545455,710.2125,3813.44741666667,1558.8143458958268,4577.070411111112,4501.315177777777,73965.65428,737.5942165299897,993.9348994521424,152.70290023181587,565.5129003571346,23448.915101471357,84538.34019019268,2955.1396990427747
1913,0.117466030989273,2064.6129090909103,5.59929411764706,8.19302290076336,39.4968620689655,997.6214166666671,17.542731343283602,330.8476,27.6859523809524,674.07975,17.5181186440678,343.16483333333304,5623.67563636364,725.6977272727271,2420.3860833333297,1174.606071673269,3053.4675842087927,2216.5625503231718,2213.8735434677105,735.3660336079021,622.6640020031482,216.86580148525536,580.5549997603521,25810.350297251716,44968.71389856096,3547.160199377686
1914,63.8819333333333,4124.54141666667,6.2350773480663,6.23087428571429,77.3257142857143,1690.52327272727,78.5945,1716.8230999999998,61.174611111111105,1035.73783333333,59.8245,1000.65866666667,3395.90909090909,829.8875999999999,3304.8416,1553.361286639862,6829.181823333332,2947.387624425311,2964.962276860065,2968.7989935957235,574.1326982388273,529.2807007208467,526.5509971650317,9163.835091749206,112700.78050438315,18395.379499997944
1915,63.894999999999996,4121.617181818179,8.22206870229008,8.252015625,96.1001818181818,2424.5070833333302,91.2108181818182,2372.7364,53.4083888888889,1028.39025,52.4118095238095,1042.6832,2667.9155,816.092583333333,3347.91963636364,1564.2463408372193,4545.916355555557,2963.4342677058903,2963.8284792594927,2954.025799066363,625.745503930375,508.7072990136221,522.8815018199384,8755.7294027647,38456.58639911562,14159.911699243821
1916,62.9631666666667,8292.3565,8.912521367521371,8.92917692307692,85.83,1708.4235,83.6675833333333,1709.0331,83.45599999999999,1341.33090909091,82.693,1363.4522499999998,3421.22,834.564166666667,3321.81681818182,1562.5046160284219,11359.53783,2949.990352264419,4390.333806,2947.7252095067015,771.3455037446693,512.6759002450854,502.5155987823382,11102.12999919895,74126.93049991503,9047.337100491859
1917,63.596875000000004,4126.38641666667,6.82508982035928,6.83726490066225,62.06,1352.4411,60.6657647058824,1356.2888,51.38035,1039.73525,52.2625,994.5024999999999,3786.498,823.0345,3277.8638181818196,1564.3805227639991,3783.486416363636,2934.356736174646,2957.9604169551917,2962.1739489549477,538.9700003433973,564.3671000143513,582.9346046084538,8932.322097825818,132945.54061139934,16275.02640185412
1918,0.16762929326288,2059.97341666667,5.55965898617512,11.8620416666667,59.1824705882353,1681.242,14.218861111111101,346.960909090909,70.922375,2040.2749999999999,14.3322771084337,344.875,5265.85563636364,711.3145,4343.534799999999,2642.4684399912785,28684.86866,77794.61738,3699.3942581818187,737.9935093656737,1450.9182015899569,298.4321996336803,419.480906566605,29712.563304929063,94697.62399676256,4606.146801961586
1919,0.118236586681046,2057.62018181818,5.605717391304349,9.78756730769231,49.820347826087,1377.4687272727301,16.192492537313402,335.54918181818203,38.1918387096774,1034.90283333333,16.232292307692298,332.044083333333,4855.28336363636,717.8252,2825.35827272727,1556.2241918455557,3785.2432799999983,2977.3555469041635,2967.651401053756,736.6360619621238,772.9196076979861,255.58280176483092,688.3992959046736,21667.600300861523,61396.52069541626,2961.281401803717
1920,51.38825,3100.55433333333,6.82417816091954,6.8265909090909105,69.95524999999999,1706.73645454545,70.82714285714289,1714.4822727272701,78.29658333333329,1374.8312,77.8620714285714,1368.01345454545,3793.4667,826.759545454546,3305.83718181818,1559.7860752525419,9820.126708,2963.6080305101787,3691.5233254545456,2961.0093415596953,706.7422004183754,366.1407943582162,371.5757979080081,8719.945102347992,69275.39040334523,11967.994199949317
1921,65.1171764705882,4133.393,6.78647142857143,6.7704418604651195,61.91572222222221,1387.34227272727,61.324,1376.46566666667,50.0768571428571,1016.30408333333,50.2523333333333,1034.8065000000001,3801.3003000000003,814.9767499999999,3332.2849090909103,1550.6145431186617,3785.8796418181823,2949.6493195185817,4422.046445999999,2958.6588609463106,497.44009738788014,454.57069063559175,448.81479698233306,8788.997397641651,103920.18179991283,13881.85489922762
1922,66.2238125,4121.8193,6.86381879194631,6.842771241830071,72.9562307692308,1697.8053,71.6016923076923,1709.7086000000002,62.652312499999994,1005.5064545454501,63.088277777777805,1035.95075,3783.72263636364,829.847909090909,3287.9611,1555.8896032730145,2278.52758696472,2947.0215261591716,3706.237503636362,2962.2522524193064,675.4028960131109,490.0367028312757,497.8288023266941,8870.624500559643,155382.46470096055,14758.84270039387
1923,64.4497647058823,4144.05690909091,6.8544563758389305,6.84413714285714,88.8852727272727,2069.4368999999997,88.4457272727273,2035.6049000000003,72.039,1368.5333333333301,70.10725000000001,1351.8323333333299,3761.7471,801.6241666666671,3320.84191666667,1540.5971915957405,9891.15254,2955.577443341696,3706.11274909091,2975.8946264637757,588.254100875929,575.8952029282227,583.0483976751566,8985.588600626215,53252.882303786464,11522.553299437277
1924,49.9569130434783,3100.3035,6.82867948717949,6.89088275862069,99.3576,2373.7765,96.99736363636359,2376.43825,78.0207857142857,1317.7935,76.3480769230769,1351.41916666667,3363.46775,831.8265,3311.6531,1561.552613056296,3790.3733818181818,2943.075383265374,3681.20447090909,2948.7992148979015,476.0893963975832,524.3078019702807,531.0392007231712,9177.394097787328,136793.1779997889,16521.30509901326
1925,0.291121978327313,2054.9938181818197,6.147625000000001,10.450429999999999,105.6114,3039.61618181818,15.0636447368421,335.336090909091,126.56227272727298,3655.82525,14.768855072463799,344.29380000000003,5622.11963636364,718.0202727272731,6802.4874166666705,1934.340514112779,5348.46429,77458.5004,73666.95554000001,737.6207191542962,1705.309795215726,339.18549306690693,1042.3678933875635,27546.631198492832,48213.98860076442,4940.633400110528
1926,0.120894802119743,2622.2715454545496,5.52695454545455,6.956687898089171,59.0186666666667,1675.02325,14.3753857142857,340.14480000000003,47.262173913043505,1359.43681818182,13.8866849315068,342.220454545455,5593.6588,709.843909090909,3279.6531818181797,2311.7501695245096,4540.97258,2972.393767203915,3685.250170909092,742.2015132578103,1078.4886981127784,33.02819968666881,561.1260974546894,29454.16500151623,191555.7724016253,3879.880197928287
1927,0.118807257584771,2065.3793,5.5928167539267,7.4921372549019605,50.2832083333333,1378.7506,16.2982571428571,341.385,38.6144444444444,1032.32533333333,16.4793714285714,332.866666666667,4496.61875,718.865,3305.8205,1930.8576377395493,3797.4694963636357,2972.3177345052827,2949.6014964739884,741.0783067277209,690.8280018251389,40.43820081278682,513.5593964951113,12881.031699362211,117613.86629368644,2856.741100549698
1928,0.12694141438901801,2061.7815,5.54214423076923,11.2123009708738,62.01476470588229,1695.03966666667,17.2507796610169,332.76691666666704,61.8327647058824,1697.70408333333,17.643,332.508909090909,5252.56183333333,725.406181818182,3784.42281818182,2674.152477360942,4543.846437777778,4478.565037777778,3692.9849272727283,738.3146712091948,1201.9950925605372,274.76089308038354,790.203592623584,33934.47919806931,25293.04079944268,3652.337600942701
1929,0.134785749813479,2632.2402,5.5518681318681296,9.82616101694915,48.6353181818182,1356.5498333333298,15.6816216216216,328.7242,37.844333333333296,1009.2377272727299,15.509520547945199,344.041545454545,5572.308333333331,725.218545454545,2789.9829999999997,2288.486552949762,3817.636163636363,2975.0071447608307,2944.404591904092,736.883651218204,768.5969030717388,35.68749816622585,545.0224998639897,23369.299797923304,168557.0557950996,3428.738098591566
1930,13.111925000000001,4143.11091666667,6.29675294117647,10.603404040404,149.378666666667,4473.3668,14.6037222222222,334.005454545455,150.363,4400.2465,13.8911097560976,332.986333333333,9797.11508333333,707.168454545455,7791.179916666671,6358.692985714288,6838.465253333335,4466.275313333333,73777.04952,741.2271982299847,2162.2695989208296,824.124098289758,1179.1348952101544,50598.93200232182,44586.001298739575,8627.97299923841
1931,0.215494671224613,2061.83536363636,6.19414117647059,10.6311111111111,105.160833333333,3058.22745454545,14.6941818181818,347.2827,114.897636363636,3427.7425,14.3492857142857,346.84263636363596,6420.3897,713.017916666667,6338.15090909091,4182.766505999998,4580.845533333333,77137.28486,3709.889412727272,742.9905997822938,1517.2588027780876,447.2214000998065,874.4910039240494,44443.78870539367,42110.98329978995,5671.86429980211
1932,0.10294070000000001,2061.40658333333,5.537719806763279,10.3952553191489,49.497499999999995,1353.43554545455,17.2864126984127,341.82210000000003,49.686875,1384.36181818182,16.7138142857143,336.299,5240.61533333333,720.399,3354.70591666667,1911.7547863821922,3801.5607018181818,3697.4591254545453,2946.0358384483006,741.4837388475244,603.8644962245598,222.65639854595065,508.63750511780387,26033.945902599953,53395.536096650176,2995.5466015962884
1933,0.206185582533409,2059.4982,5.56577049180328,11.0316458333333,60.409,1686.0078333333302,16.2514,337.10225,50.1365652173913,1352.406,16.138484375,343.08966666666703,5949.3650833333295,714.234333333333,3308.6707,3042.874052950847,5281.723255,2955.118701185196,3654.706189090909,735.1947447706461,1314.46210143622,356.35170352179557,719.8122038971633,38218.52010732982,105118.6465047067,4384.198700427078
1934,0.087363,2057.1583636363603,5.4697990430622,8.99279824561403,36.900935483871,1029.9512499999998,14.897438356164399,342.896416666667,26.086659090909098,672.016333333333,14.7711142857143,337.155166666667,4106.40233333333,711.2728999999999,2407.5917,1934.7845881132812,3017.0675605286056,2212.3163031238223,2216.1933681335295,737.5452134870733,585.4288960108534,214.60179705172777,461.5194979123771,19457.665900699794,47295.424807816744,3034.583301632665
1935,49.0921111111111,3097.84863636364,6.85927397260274,6.80815333333333,65.1689375,1648.62166666667,64.8881875,1680.49818181818,53.7903529411765,994.6142500000001,53.8383333333333,1009.262,2639.6710000000003,814.644083333333,3302.6094545454503,1550.4602902459642,3038.227872362953,2956.4961384837407,3706.3029781818177,2956.4140026901364,635.8788959914818,542.5428040325642,541.4245068095624,8962.9046007758,55481.86260566581,13543.714900151826
1936,0.152612898988572,2057.7398000000003,5.48995939086294,9.69906779661017,82.846,2366.90416666667,13.8929277108434,347.170727272727,104.38510000000001,3030.00975,14.265975308642,347.86245454545497,5229.77141666667,724.3684166666669,5830.8588,3402.7855550000004,6062.529034285713,6009.296202857144,5189.250935,738.3456953885847,1245.9670047974214,322.9792055208236,867.7566045662388,33867.3064019531,151843.25850277673,4499.944898998365
1937,0.104224502886466,2045.81454545455,5.620423645320201,8.9823359375,60.3782631578947,1651.4100833333298,15.7752133333333,339.28700000000003,48.443999999999996,1310.64754545455,15.654397260274,327.410363636364,4835.3615,717.669333333333,3301.0195,1914.8278214144173,3798.835029090909,4441.286379999999,2953.3077284265487,734.3665080686063,738.6618002783507,170.3513931715861,628.3934984821826,23535.92639847193,83100.86549900007,3025.7718986831605
1938,0.12064097427245901,2076.697,5.5794278350515505,9.72870476190476,47.8829166666667,1332.55491666667,13.56076,342.43654545454496,47.557708333333295,1325.8888,13.3354111111111,336.012583333333,6334.12872727273,706.784583333333,3280.5044000000003,2292.5518628514924,3748.4816490909097,77310.49154,2950.985283236967,737.5924119909963,676.9615021767095,34.01600697543472,608.0540013499558,23583.49830028601,211194.97869804036,3901.1799002764747
1939,64.4784545454545,4942.0876,6.892052287581699,6.85404,81.8495,1724.19245454545,80.13,1702.46209090909,56.9381052631579,1031.57991666667,56.6862222222222,1019.5675,3410.2422,835.8264,3295.28981818182,1549.7979520647782,6050.844022857143,2946.201371360459,2933.10851459271,2959.2133237946723,722.2241023555398,415.4872993240133,416.48659971542656,8919.705805601552,74597.26390370633,17136.12579915207
1940,0.15057150205761302,2041.06527272727,5.42434693877551,8.704183206106869,47.768666666666704,1343.83866666667,14.5431111111111,343.0339,36.8596428571429,1038.1718999999998,15.0275526315789,334.574416666667,5577.115363636361,698.928545454545,3300.59525,1914.698200589347,3829.7165345454537,2227.4842898531883,2950.658084880873,740.0125787483619,1038.748599239625,222.00459789019078,694.2428968613967,17604.403194854967,32652.193203102794,3554.6789993532
1941,0.11994605626034201,2051.4302727272698,5.47850802139037,9.47784166666667,71.67786666666669,2027.733,15.416536231884102,343.097909090909,61.24726315789471,1680.34927272727,14.96464,332.42691666666695,6669.790099999999,719.4613,3786.0445,2294.457260320467,4517.114033333334,76161.99136,4404.746250000001,739.1127143591445,818.3262019883841,285.174697637558,627.9092020122334,23738.894701818936,69922.32939519454,4113.513100310229
1942,0.117307726027397,2072.8973333333297,5.58252450980392,8.95218,47.8670454545455,1322.7832,13.2215465116279,331.0251,36.062000000000005,1021.7640000000001,13.379058139534902,328.949909090909,5659.2409,707.4525,3286.4461,1569.0341457514733,3798.150141818183,2979.4374624218126,2951.371039109763,737.7545877822707,1089.8277017986402,227.6373008498922,615.4006958240643,17126.754496712238,54927.22409835551,3516.591599327512
1943,63.5592941176471,4105.8162999999995,6.68395918367347,6.68195,82.8734,1679.2232,82.91790909090909,1687.23483333333,81.3273076923077,1366.2227500000001,82.2950833333333,1339.52483333333,3389.21590909091,840.1800000000001,3348.99463636364,1561.9597960863675,4534.741466666666,2952.2126417360746,4419.937859999998,2944.047994205032,580.3270993055776,509.1954983072356,490.30589871108526,8744.48629328981,36191.01940130349,30539.59739918355
1944,0.117137304647859,2059.3186,5.5291730769230805,8.83517821782178,47.444,1335.636,13.4508953488372,333.92810000000003,47.5706956521739,1343.81581818182,13.4135769230769,342.01281818181803,5224.15033333333,701.465416666667,3327.52708333333,1911.312824786996,3784.005685454545,4538.699833333333,73939.59048,736.7686735070683,615.1569017674774,284.6739982487634,794.1814954392612,29759.373201522976,48958.20640667807,3347.2389011876658
1945,63.0370909090909,4114.10736363636,6.85807792207792,6.77016556291391,81.17309999999999,1975.9535833333298,81.0863076923077,2014.822,83.3579090909091,1359.6811,81.3541,1351.2133333333302,3401.955,824.340333333333,3278.4058,1549.703483829732,6031.47348857143,2936.289840424497,5153.2961575,2932.3925928895765,624.9639991438016,342.9583040997386,337.34689641278237,8845.643803942949,88642.91379868519,13603.593900916167
1946,49.2977727272727,3105.7831,6.84008333333333,6.8537916666666705,58.5332222222222,1348.1151,59.2866875,1364.8769,48.2549375,1039.43516666667,48.6694545454545,1020.44258333333,3385.7712,807.40375,3309.25181818182,1550.9197127627588,3027.097185180481,2957.118530370306,2939.006046583889,2944.8312673311448,628.3535010879859,435.4802018497139,452.2097035078332,8830.95370081719,63207.38710928708,20229.068998014554
1947,0.121655982662256,2055.8854166666697,5.44644285714286,7.983429999999999,62.18757894736841,1685.6148,16.777202898550698,343.615818181818,49.1225238095238,1342.00445454545,16.6617142857143,338.23380000000003,4098.6975,718.758909090909,3298.62463636364,1541.422105091,4528.187355555556,3703.839212727272,3671.9704090909086,734.4696209674293,598.9662022329867,247.18599743209776,571.4753002393991,23385.249701095745,65695.5090991687,3282.075497554615
1948,49.342999999999996,3081.5647,6.83127976190476,6.82543243243243,64.41618749999999,1350.7705,63.38225,1375.94490909091,53.190799999999996,995.0328181818179,52.2019444444444,1010.0669166666701,3386.3482,823.557,3339.64363636364,1554.9852041589459,4549.046486666666,2974.132573612896,2953.5183463513868,2935.4166256809303,500.71820151060814,515.6253959285095,509.8324967548251,8828.413800802082,92734.20520185027,13581.053499365225
1949,0.10224177877429,2056.88590909091,5.571404371584699,8.89356198347107,70.8175625,2015.83418181818,13.1076896551724,343.0525,59.0072631578947,1665.951,13.151098765432101,331.79679999999996,5241.43508333333,708.247181818182,3775.9063,1176.8875043918276,4539.477697777777,3741.4365854545454,4428.585432000001,739.8993825258325,900.0650024972856,215.42760368902236,660.8121009776369,27596.73759865109,50269.56769579556,3353.4070011228323
1950,0.122360255308703,2054.69927272727,5.62935751295337,9.55809259259259,48.0541428571429,1353.84575,16.0892153846154,334.2655,38.1442666666667,1025.03027272727,15.934053333333301,330.024333333333,4122.0835,719.86725,3293.98566666667,1562.5410595378355,3777.318252727272,2970.568998078278,2956.7778426717355,736.6741504737654,483.47550036851317,39.74470600951463,586.96590422187,13238.98889531847,119838.517907192,2390.2957997052
1951,0.12397911636890399,2304.33763636364,5.59211602209945,10.4990454545455,72.8296666666667,2038.98025,16.1499444444444,345.92945454545503,105.744,3077.5544999999997,15.9302985074627,347.6305,5282.7267,708.859181818182,5866.19481818182,3794.3248527272713,6816.442556666668,77135.9512,5906.20749142857,740.2184660433043,1363.8113916385919,359.11250161007047,969.4646985735744,40388.65289767273,124739.65689714532,4610.531599610113
1952,0.120089237929029,2070.8388,5.58453170731707,9.615513513513509,71.81886666666671,2038.6209166666702,14.447445945945901,344.974,82.5459166666667,2353.08536363636,14.4644166666667,338.73425000000003,5238.7424545454505,707.149818181818,4817.7693,2281.5750384320145,6090.400577142857,5216.792835,74038.81857999999,737.1305491652587,1001.7459077062084,239.0525012742728,725.4724041558802,29487.690899986774,42087.33369887341,4009.526001755148
1953,0.117469810235768,4401.44618181818,5.624,7.611228571428571,50.266380952381,1341.0390833333302,17.0738382352941,340.739636363636,51.3949,1354.2462,16.5904262295082,345.4677,4925.55,724.120583333333,3815.2514,1910.3288762409452,3765.756861818182,3753.4608381818175,2951.2233978143818,739.9782996858117,780.8602065779269,40.9228028729558,609.1142044169828,21621.59149593208,114545.04390421789,3156.49269905407
1954,63.7161875,4116.686250000001,6.82736094674556,6.83584931506849,62.906384615384596,1354.3063333333298,62.0389333333333,1355.45233333333,51.2331111111111,1016.48027272727,51.6301428571429,1039.6724545454501,3754.0906,812.9554545454549,3307.07041666667,1543.2298455545658,3026.0470733919447,2974.6073218156193,2952.7803361360457,2949.3057274556577,628.0227011302486,476.24849539715797,485.09380139876157,9369.693000917323,73381.37070182711,15789.269300876185
1955,0.11762957137239499,2057.10091666667,5.44759047619048,8.80861538461538,48.236875,1368.2069999999999,15.0950131578947,346.90608333333296,37.2684516129032,1006.7324166666699,15.050093333333301,335.13199999999995,3736.05875,721.106666666667,3294.91633333333,1926.875764549452,3786.258096363636,2965.824820067122,2964.5659579844178,736.8598699057997,622.7074947673827,221.82430257089436,558.6436978774145,17370.32719538547,64027.96330512501,2592.806701431982
1956,0.118165924391507,2072.1275,5.6215698924731194,8.96841228070175,59.5476315789474,1666.33627272727,15.3274054054054,332.45481818181804,48.0388095238095,1372.155,15.309487179487201,330.905545454545,4877.07375,717.075363636364,3285.7973636363604,1565.1039027911663,4575.978033333333,2975.478020595024,3694.994143636365,735.2778635934145,945.4137063585222,43.392699444666505,641.1964975995943,30518.06200237479,116465.5510976445,2957.2444007499143
1957,0.08706446907817969,2067.90983333333,5.5904717948718,7.49036,49.8867142857143,1369.73290909091,16.4872575757576,341.09809090909096,38.0884333333333,1038.9664,16.457814285714303,347.860166666667,4119.0822,713.124181818182,2828.0760833333297,1183.517388499109,3806.5292090909093,2990.2350955981105,2957.0379330698506,736.203143640839,529.2749992804602,220.15110298525542,499.0149987861514,14986.301402677782,37958.59130041208,2288.8031002366915
1958,0.118039519250356,2073.2362000000003,5.59856338028169,9.574144,72.1507857142857,2004.03375,14.8445,344.480818181818,71.7911428571429,1977.6668333333303,14.667,342.23175000000003,5640.18141666667,714.4438,4293.77636363636,2313.743410061362,6064.210005714285,4475.189411111111,5224.0084025,738.0900492934511,1017.8725002333521,270.30210476368666,750.0204024836421,25520.617002621293,97420.15609517694,3671.582500101067
1959,63.2674444444444,8772.69316666667,6.79921264367816,6.8367425149700605,60.2586111111111,1359.1684,58.0889444444444,1363.2430833333299,49.93085000000001,1010.00972727273,50.135,1023.98272727273,3358.59390909091,815.4409090909089,3312.8971,1546.593130329318,4527.312644444444,2949.589810551562,2950.8092727682933,2941.1785958490505,499.53279667533934,450.5756020080298,454.3916031252593,8708.312702947296,52709.982194937766,30025.377601850778
1960,50.32505,3093.26136363636,6.8572500000000005,6.85462130177515,97.61825,2415.44845454545,96.2915,2390.3483636363603,51.106380952380995,1015.15125,51.5897619047619,1037.99109090909,3382.63541666667,821.8248181818179,3323.7709090909098,1536.3650491298497,4562.651506666666,2955.101428464325,3687.4801909090907,2949.9590998492085,598.8810997223482,439.80710324831307,436.19999778456986,8831.101504620165,69726.18849831633,27322.263101814315
1961,47.4221428571429,3083.1095,6.73406395348837,6.76693788819876,78.2861538461538,1705.89358333333,77.35984615384619,1713.33227272727,52.820647058823496,1019.4843333333301,49.9360476190476,1001.2554999999999,3399.1514,810.97175,3313.2655999999997,1542.8962014582028,3022.615546017213,2973.6493614854453,3666.5257690909093,2944.021762217455,559.7654933808371,513.1582001922652,504.7704005846753,6783.450301736593,93504.16530214716,18142.631300725043
1962,63.196749999999994,4121.88591666667,6.67858235294118,6.67589,86.93018181818181,1662.35390909091,82.76366666666671,1694.7626666666702,72.5018571428571,1348.8715,72.7045,1372.24466666667,3767.0253,822.6774,3338.77718181818,1555.053828400883,3782.193196363636,2967.585189391522,4441.631588888889,2933.6678824207715,464.71189707517624,461.7053986294195,459.3162942910567,8866.805004072376,30264.595500193536,11827.139498200268
1963,50.1092857142857,3091.8986,6.85009523809524,6.82613815789474,69.2248181818182,1344.23009090909,70.7271875,1371.19308333333,59.4297222222222,997.9229090909089,61.1855,1000.8254000000001,3401.9767500000003,845.6975,3317.33627272727,1559.1652540147497,4509.04142888889,2957.988386075906,3681.83723090909,2980.6689011916387,635.1744959829375,477.8982955031097,488.53459593374276,8860.782507690601,67670.52919894923,30217.004899168387
1964,50.16285,3087.65191666667,6.7514875,6.7423975155279505,71.46033333333331,1697.22545454545,71.8984615384615,1694.06633333333,71.44028571428571,1326.35418181818,72.03672727272729,1329.85527272727,3768.22558333333,816.575363636364,3280.9911,1563.1642940306544,4545.511068888888,2963.0710163987037,3680.7409509090926,2922.750314957616,566.4841941324994,449.02209483552724,442.9771041031927,8823.83119314909,84105.52079731133,19170.568202389404
1965,37.9799032258065,3080.2676,5.454066326530611,9.714756097560981,99.8978,2357.0892727272703,99.6968181818182,2358.9721818181797,116.0575,2675.5575,115.5792,2684.90941666667,9354.567799999999,794.991333333333,5302.58718181818,3782.769118181818,3023.583946201734,5249.5666550000005,73809.40392,5219.76772,1573.9063994260505,1045.3125985804945,1035.7556049712002,30164.55860051792,268941.94630149286,14060.11349754408
1966,61.503823529411804,4135.55591666667,7.51047445255474,7.49324087591241,76.0287272727273,1702.23133333333,75.56859999999999,1701.09218181818,53.3955384615385,1032.23775,51.9005789473684,998.224666666667,3053.7867,807.1511,3351.1026,1566.8551303528325,9045.094631999998,2963.108404330374,4433.540309999999,2971.192660830687,577.2333999630064,458.7736038956791,463.10070320032537,8813.087901216932,94468.58119626995,9374.198399018496
1967,51.9717647058824,3105.67541666667,6.8656069364161905,6.8223,88.9822727272727,1675.02466666667,87.9286363636364,1692.1988333333302,78.0402857142857,1328.28025,77.2525454545455,1336.2276666666698,3774.04727272727,818.5494,3312.22175,1559.5191581867086,3026.7309778315534,2946.413099218685,4431.340246,2948.629648021796,510.46819426119333,517.5642931135371,532.4780038790777,8947.999903466552,81187.6110965386,16036.524300579913
1968,48.819380952380904,3105.3686000000002,6.72745033112583,6.76746666666667,68.88719999999999,1312.54245454545,69.1269333333333,1352.84841666667,58.009529411764696,1002.579,56.9215555555556,1037.0577,3781.1602000000003,843.795833333333,3325.1144999999997,1551.649836822399,4574.980188888888,2933.2000201398,2960.0017958300027,2948.0399179076785,597.8075001621619,407.7115037944168,410.2958977455273,8596.065995516255,46683.741800370626,14944.966600160114
1969,0.34062811501597395,2065.7674166666698,6.183208556149729,11.2616504854369,83.2596153846154,2356.8295000000003,13.891392156862699,343.14099999999996,116.813818181818,3377.08225,13.713759493670901,343.359666666667,6745.61036363636,710.233545454545,6318.13590909091,4111.572447999999,6042.305880000001,76994.72623999999,5188.979724999999,731.9495253810595,1631.4954060362652,454.07610014081,817.615698906593,42876.169801456854,32224.907897762023,5271.606598398648
1970,65.85675,4114.97518181818,6.839960784313719,6.855733333333331,71.0842,1710.4215833333299,69.0473571428571,1695.62366666667,71.5404666666667,1339.48981818182,71.8874,1341.55325,3380.293,798.0267,3304.01166666667,1554.0217678872568,3056.0996878120473,2960.244260967527,5200.1851449999995,2952.963715609438,628.2920890953392,394.78790131397545,387.15350383426994,8730.159909464419,48567.79220572207,27770.68339928519
1971,61.870823529411794,4123.819363636359,7.52827,7.49645714285714,81.39750000000001,1710.3215,79.2425,1675.61163636364,59.0912777777778,1030.6733000000002,57.207789473684194,993.2905,3782.709,840.3386363636359,3291.9719090909102,1565.4831265517719,5284.588185,2940.48565033124,4432.878162,2971.40313943372,541.7214997578412,439.30170068051666,444.97450289782137,8695.686803548597,23448.753799311817,9716.42890071962
1972,48.7832608695652,3104.3408,6.19509202453988,6.25725153374233,68.76375,1691.33645454545,69.2216666666667,1694.86354545455,88.1946363636364,1327.8305833333302,85.84125,1371.20166666667,3407.2397,843.04225,3319.8858,1559.2148083617947,3029.112963216847,2942.031873896614,2950.917197907047,2978.964587121216,738.3057964034379,507.4955988675356,506.107194814831,8879.007594077848,141093.70159858372,12810.168298892677
1973,65.56988235294119,4117.799,6.912892617449669,6.8013200000000005,62.1974117647059,1373.08109090909,63.717555555555606,1368.20272727273,53.2586315789474,1007.6740833333301,51.5164210526316,997.329583333333,3752.64009090909,802.0627272727271,3288.95072727273,1542.1644707473358,9815.0923,2937.498822404134,2956.1347035486824,2933.7870461599505,649.6377987787127,383.3254042547196,397.8274005930871,9001.697500934824,81735.1422039792,11014.700998202898
1974,0.08748397482804039,2566.8521,5.83126063829787,11.247803738317801,60.2020526315789,1689.07754545455,15.735675675675699,335.513181818182,72.1418,2071.8084999999996,15.2106666666667,334.81025,6715.9693,717.1343,4823.11075,1914.6075419834854,4540.94685111111,6736.128170000001,3681.063443636364,738.795550838175,963.3501089410856,396.67850360274315,707.7863003360108,28080.86020522751,88961.33100788575,3909.690599539317
1975,50.1980869565217,3508.20036363636,6.896186046511629,6.84447,69.666125,1669.4350909090901,68.84837499999999,1702.219,48.471047619047596,1016.4648,48.3538235294118,1029.1846,3392.6718,809.602916666667,3313.48366666667,1553.997568295411,3033.2846986592667,2955.251637144365,3710.234378181817,2934.1219692114123,627.7691980358213,488.09190338943154,489.2642027698457,8836.198796052486,71078.29980377574,30463.424799381755
1976,0.118460583488516,2070.2231,5.572355140186921,7.6219921875,93.6010909090909,2712.55158333333,13.5013253012048,329.4234,82.72845454545461,2359.1216,13.5221022727273,330.798416666667,5260.24136363636,709.747083333333,4803.32866666667,1562.9930921363343,5301.4696775,10476.065175000002,5928.320228571429,740.3530137995754,1122.7733979467303,201.84499735478312,789.7016999777406,23502.446393831633,31603.0183021212,3507.4963001534343
1977,0.117459258411536,2064.4552,5.61056043956044,8.90922131147541,49.7036470588235,1367.4634999999998,15.053342465753401,337.874818181818,38.1458518518518,1022.9817,15.3156216216216,327.740181818182,5947.72172727273,710.6311000000001,2766.7818333333303,2277.5831182809907,3773.603758181819,2970.632637147963,2937.614503513518,736.848280897669,789.3962989328429,336.9038982782513,759.6570969326422,32121.89710175153,88128.2044982072,4208.766500232741
1978,0.117647818140279,4404.49590909091,5.56913658536585,9.689,48.1525555555556,1378.4211,14.1917283950617,339.262,36.7058064516129,1041.2096,13.8672891566265,336.786333333333,5262.35175,705.15575,2807.4193,1930.099016716539,3798.80116,2971.2133210467277,2954.5836694614395,737.8227232187512,971.673199092038,285.823704325594,824.8640922829509,27480.837595066987,50411.83260327671,3296.2136989226565
1979,0.10432406966784001,2065.56808333333,5.59310849056604,6.81837414965986,47.4833809523809,1372.4000909090898,13.9818395061728,334.228,47.7526,1364.7911,13.906,334.87399999999997,4511.141500000001,710.735545454545,3332.0429999999997,1929.2466039124952,3782.8084981818183,3739.3796163636375,2952.0841557850604,734.3368308334376,836.7583912331611,368.33239428233355,629.4391001574695,25415.377400349826,94875.015199068,3005.589300300926
1980,0.106723356416944,2049.916,5.5572385786802005,7.921330769230771,49.8354545454546,1336.1608999999999,16.6609714285714,342.587363636364,50.2942272727273,1320.84645454545,16.4447246376812,330.81336363636404,5188.68116666667,717.738833333333,3300.22309090909,1913.4395854739976,3769.5527709090907,3727.6488145454564,2948.217878438873,735.1261305251808,693.5852987226099,40.92820454388857,572.5687893573195,23266.754805808887,111787.11020038463,3683.269099565223
1981,0.120388671068923,2064.0923000000003,5.60630582524272,8.26382857142857,73.7611428571429,2021.6816000000001,18.3272881355932,345.21763636363596,62.617117647058805,1665.43916666667,18.444160714285697,338.5282,5294.41872727273,729.716090909091,4307.63463636364,2297.3489218289515,6038.006311428572,2970.29256832477,6670.471876666668,737.8554211295943,836.9963063159958,35.38770542945713,745.8912004949525,32060.4901004117,167028.0426973477,3697.8469986934215
1982,66.5112666666667,4127.86645454545,10.196028037383199,11.9986875,71.35693333333329,1680.16836363636,70.07563636363639,1708.0428,62.575214285714296,1011.5696363636401,62.86575,1035.12175,3779.36563636364,830.946727272727,3317.1167272727303,1551.6151756494448,6793.518363333335,2939.82024545413,5164.8045025,2952.248885732376,681.351003004238,560.1889046374708,556.8933935137466,11113.6042047292,32320.299299317416,8916.77740146406
1983,48.9747391304348,3089.0019166666702,8.84590625,12.1653655913978,68.01275,1364.2147,66.6958125,1332.75433333333,55.8195555555556,1034.2095000000002,55.6531666666667,994.283416666667,4518.5578,826.2902,3308.062,1548.6107922588344,5265.7769175,2952.6002661107486,2965.936092569569,2960.028777030204,645.818404154852,639.4463940523565,640.5126070603728,8866.294898325577,21634.707105113193,8870.310598285869
1984,0.120809201180199,2068.9515,5.55311162790698,10.407948979591799,60.1370588235294,1665.33136363636,15.1295507246377,333.8585,59.6133888888889,1733.23316666667,14.91148,336.17372727272704,5649.9343,717.798727272727,3828.1294000000003,2659.878794441292,4555.06782,3726.9893727272733,3686.3483872727265,741.3812939145902,1084.6766992472112,264.80680680833757,1025.757400202565,32264.197603217326,25434.835703345016,3561.2567997304723
1985,61.493526315789495,4132.46554545455,6.67125324675325,6.81951948051948,86.60533333333329,1702.7357,89.1310833333333,1700.3537,81.5410833333333,1327.28225,78.5923571428571,1375.30958333333,3033.8968,812.2999090909091,3295.27241666667,1551.2683260492242,3763.001041818181,2968.561803949441,3686.192319999999,2952.4351924593584,641.192402690649,442.1920020831749,435.96589530352503,8933.73130238615,149930.76379178092,12739.586998941377
1986,51.7201538461538,3102.191,8.19895238095238,7.968925925925931,80.7821428571428,1712.86108333333,78.179,1703.6869,49.5885909090909,998.5281000000001,48.417,1012.8642727272701,3779.134,824.930545454545,3333.2939166666697,1562.4660291842488,6059.91076,2950.2958791183823,3705.27202,2969.914212713419,743.6770014464855,497.1389978891238,486.75530415493995,8747.636299813166,88713.33299612161,9635.476599214599
1987,63.023812500000005,4138.11690909091,6.8220393258427,6.81264102564103,66.81099999999999,1687.17141666667,68.25637499999999,1698.2958999999998,48.0348571428571,1003.32,47.8116818181818,1027.51216666667,3779.0646,809.0338333333331,3303.99654545455,1568.5511481743142,3821.4442981818197,2951.176226981981,3667.5111054545446,2966.116878389442,595.8324065431952,528.741895686835,513.2904014317319,8814.666702528484,48771.378700621426,22180.48219801858
1988,0.118289130657908,2063.73454545455,5.56599481865285,8.916046875,70.42231249999999,2032.4375833333302,15.9078032786885,346.73100000000005,61.139533333333304,1728.6771818181799,15.650318181818202,338.287545454545,4897.60063636364,722.7065,3804.7426,1922.6625678916796,5336.564637500001,4461.347122222221,8880.262060000001,738.3165291047629,661.488898913376,240.76189729385078,564.1002964694053,28068.372010602616,53547.76360327378,3225.5286001600325
1989,63.968999999999994,4126.7648181818195,6.7918797468354395,6.85232,66.13600000000001,1367.8608000000002,64.0601764705882,1362.51090909091,53.603500000000004,995.149916666667,55.6839444444444,1006.2052499999999,3793.8187,818.6120999999999,3337.27666666667,1550.3735602923123,6080.382668571426,2962.572170520662,3699.010101818182,2954.513932714444,654.8272969666868,469.4066010415554,473.36989955510944,8876.365903415717,32395.66039992496,10564.738998073153
1990,0.08700415448530541,2075.74783333333,5.55058937198068,7.58755319148936,38.4591071428571,1001.72081818182,15.6326351351351,336.277272727273,26.776925,683.1230833333329,15.546465753424698,345.65181818181804,4516.08809090909,714.6797272727271,2402.6963333333297,2636.6360867931558,3033.8578618822153,2222.1876061767757,2230.9479329279466,735.4847870709871,477.87970397621393,216.68920526281,458.96550291217864,16957.83869654406,41795.680596260354,2797.7781981462613
1991,0.135085427135678,2051.50609090909,5.57689071038251,10.234652173913,71.5034,2037.9771999999998,15.134152777777802,335.501818181818,60.5151176470588,1705.751,14.9728115942029,343.790181818182,5580.4156,705.614090909091,3803.686,1557.8754935205131,5299.1589425,4442.818526666667,4411.163901999998,740.8321979713992,1161.695906193927,300.25790038052946,849.3583998642862,21348.232694435865,33477.78060124256,4053.746900171973
1992,0.0879526380368098,2078.719,5.59032065217391,6.84369642857143,49.049285714285695,1384.4051818181802,14.9788157894737,335.982,37.8571666666667,1014.99866666667,15.2220533333333,346.345,4132.791749999999,718.4212727272729,2827.1263999999996,1910.973099013902,3794.9774145454553,2961.9280607952364,2946.459075581391,741.2296623819556,875.0365988817066,264.78329964447767,728.3207000000402,29714.713702560402,90588.8044013409,3007.4227979639545
1993,48.386318181818204,3097.9781,6.77563888888889,6.759582781456951,79.62030769230769,1700.8082727272702,79.0138461538462,1720.43936363636,56.835300000000004,1015.7084545454501,56.0387647058824,1008.19272727273,2669.0750909090902,826.904916666667,3297.78272727273,1553.6005187363253,5284.9743175,2938.8446511980997,4419.235464000001,2963.2378411143377,600.9080971125513,450.4587996052578,463.57249666471034,8928.215998457745,131788.43270870857,12215.020001167431
1994,50.6285909090909,3101.4795454545497,6.904617449664429,6.850419161676649,80.7246666666667,1698.71766666667,78.9070769230769,1696.5224166666699,59.755388888888895,1012.93675,57.069052631579,1029.30136363636,3397.12,829.8103000000001,3274.25954545455,1560.5932267587928,3028.0277803709887,2960.3332010778,3689.7317381818175,2973.540810734129,549.0489944349974,591.6644033277407,586.9758955668658,8810.53950288333,42443.16849508323,30290.18879751675
1995,0.102960103403705,2078.2363,5.52443010752688,8.9398125,36.14753125,1007.39416666667,14.0077702702703,336.401818181818,25.505875,680.784916666667,13.9955135135135,346.1046,4139.56483333333,730.207363636364,2852.57572727273,1551.363962878094,3803.372234545456,2994.5970745746004,2214.3410604623195,742.9845508307448,744.6432980941609,233.00150060094893,576.263596303761,21553.733790642582,57020.874693989754,2842.893000342883
1996,0.08807189089227921,2063.4107000000004,5.5604918032786905,8.42885507246377,70.8662307692308,2028.37091666667,14.207625,335.156181818182,71.88273333333329,2046.4165999999998,14.3193378378378,327.133818181818,5241.3105,717.337181818182,4298.2180833333305,1926.9407199538052,6066.206994285715,77450.59281999999,5916.621657142857,741.0807168496283,1038.3594053564593,399.51019862201065,913.3805026067421,29177.170494222082,68877.18450452667,3769.754699897021
1997,0.10377056778679,2059.42766666667,5.59671962616822,10.331990384615398,60.144578947368394,1668.5022727272699,16.0121111111111,334.938363636364,49.2491363636364,1360.02391666667,15.8402857142857,340.79724999999996,5201.94181818182,709.4107,3294.00172727273,1546.5407207122273,3796.292725454547,2974.334193060307,2956.6067350788644,734.5193017609237,747.1683085896075,277.8436028165743,514.5616974914446,17313.00909887068,35907.53770258743,3524.6923012891784
1998,0.138937976060936,2070.2004,5.54289417989418,8.24776377952756,60.56164285714291,1718.50872727273,15.891250000000001,335.5548,81.11224999999999,2425.16966666667,16.08325,348.087909090909,5565.678181818181,714.869,4837.05581818182,2304.018133257464,4541.309213333333,4487.4375688888895,3715.0380781818194,737.753120705043,1078.6348982946947,194.18370502535254,740.7308963593096,30245.792100322433,53032.49500284437,3557.201399235055
1999,0.0894765570328901,2060.73772727273,5.52801030927835,8.87683,49.079739130434795,1387.91175,15.4057763157895,337.160636363636,48.40175,1365.0085,15.4522112676056,345.9214,5254.36218181818,717.860545454545,3337.9365,1555.2457075726181,3791.251087272727,5284.390795,2941.970051992691,742.5916461240366,640.8048997400329,290.48100113868713,666.519405785948,28205.26580035221,98037.64169628266,3727.058501681313
