file,libccd intersection,libccd intersection linear support,Jolt intersection,Jolt distance,FCL distance,FCL distance linear support,FCL intersection,FCL intersection linear support,FCL distance defaultGJK,FCL distance defaultGJK linear support,FCL intersection defaultGJK,FCL intersection defaultGJK linear support,Bullet distance,openGJK distance,openGJK distance linear support,gjk-rs_nasterov_gjk,ncollide_distance,collision-rs_nasterov_gjk,collision-rs_intersect_gjk,collision-rs_distance_gjk,distance3d Original,distance3d Jolt (intersection),distance3d Jolt (distance),distance3d Nesterov,distance3d Nesterov (with acceleration),Pybullet
0,3.17634332425068,18.67705,6.732412500000001,6.72782236842105,2.17810416666667,18.664580645161298,2.13076066790352,18.6507096774194,2.26036363636364,12.4193225806452,2.2491442495126703,12.42975,25.6869333333333,4.4631906614786,18.08054,54.33223329447908,15.195935020972069,52.84600301453345,30.263183315204575,27.47695201272349,344.1987559199333,105.2997075021267,112.27987706661224,327.08351500332355,591.1751184612513,562.4680314213037
1,3.56011258278146,34.6223823529412,6.10505952380952,6.11310582010582,2.83591062801932,18.7929827586207,2.65506018518519,18.7750877192982,1.8195886524822702,9.36317857142857,1.84825301204819,9.3589837398374,28.93,4.5349079497907905,18.3101076923077,46.816500139217155,15.220238737444518,45.512478026101896,30.219998693724406,30.276857063761295,326.372217386961,108.86914096772671,114.39225636422634,327.5602590292692,412.47489862143993,563.5777954012156
2,2.73885026737968,18.641126984127,6.12442696629213,6.15155080213904,2.64444300518135,15.5691666666667,2.65173414634146,15.5727397260274,2.7660541176470597,12.4661578947368,2.50333658536585,12.444275000000001,25.7664,4.6523593750000005,18.3055076923077,38.78523251580983,15.187369390014787,37.78884247161129,30.31430693180594,27.606644316605593,338.66409212350845,107.81059972941875,119.4274052977562,327.6228904724121,416.03618301451206,562.0784126222134
3,2.57045,28.030025,6.724494186046511,6.72919411764706,2.5114425427872904,15.558287878787901,2.50081219512195,15.574770270270301,2.3758958333333298,12.461831325301201,2.35774173553719,12.4682142857143,28.9618048780488,4.42101244813278,17.9671403508772,46.649447218871074,15.195867669657263,45.452679183874345,30.258262037291775,29.845865755186303,342.59031526744366,106.9557387381792,122.67753481864929,323.7421624362469,409.96777825057507,565.4307082295418
4,2.88919525065963,18.652929824561397,6.14132474226804,6.12793582887701,2.6138401826484,18.766311475409797,2.6281313364055303,18.789588235294097,2.37135483870968,12.5927142857143,2.30609865470852,12.601392405063299,25.727487179487202,4.428562015503879,18.4084677419355,46.70684304684284,15.195848413592328,45.49244593217683,30.21697842182407,30.209445025323543,341.05689264833927,100.48672556877136,106.55112564563751,315.09208492934704,396.85219526290894,558.7629042565823
5,2.66858450704225,28.0208333333333,6.7145641025641,6.72002923976608,2.09726326530612,15.540999999999999,1.96890769230769,15.551081081081099,2.21369052631579,12.488709302325601,2.22088201160542,12.4812195121951,29.053525,3.75899032258065,10.550767857142901,46.63551551104043,15.18529494448612,45.47007571286473,30.381082054570136,27.857179166599174,317.63226725161076,123.05565178394318,126.49917043745519,336.5722484886646,422.5571174174547,568.4531759470701
6,3.09256176470588,18.6078333333333,8.814837209302329,10.613981481481499,2.0501215970961897,15.7537567567568,2.02824329501916,15.779368421052599,2.09488304093567,12.6093555555556,2.14301254480287,12.602945054945101,22.5994705882353,4.65120869565217,18.1664333333333,38.99702566968598,15.195547521361474,30.279330344823425,30.246000818081246,30.203370016322737,339.4661471247673,120.53991667926311,125.94843283295631,342.37015061080456,688.2539950311184,191.11251458525658
7,2.75593403693931,18.654609375,6.11381818181818,6.11725748502994,2.4136067653277,15.6738767123288,2.4017494736842098,15.658242857142898,2.34485267857143,12.4571182795699,2.25921104536489,12.4740119047619,25.6640487804878,4.4434570312499995,18.3182321428571,46.638135576469566,15.196964534801669,45.43944927880793,30.234307179518293,29.585568976445426,337.11097203195095,114.39411900937557,123.81658889353274,329.1793167591095,413.18326257169247,565.8601876348257
8,2.54365847665848,18.6029375,8.13465079365079,8.09893650793651,2.41635140997831,18.7983333333333,2.37898377281947,18.8005178571429,2.5712053789731097,12.5112325581395,2.54335840707965,12.5167684210526,32.4917297297297,4.77296694214876,18.2894642857143,62.525349328512746,15.184980343048492,37.97064149528555,30.256618966668324,30.2460917820437,341.87412820756435,115.6229991465807,117.78394691646099,332.38320611417294,1013.9469988644123,202.92247645556927
9,2.70267073170732,28.0284047619048,6.70293464052288,6.703212499999999,2.47885771543086,18.7787368421053,2.5218293216630197,18.7820384615385,2.42490069284065,12.4302717391304,2.41231712473573,12.4668292682927,25.874285714285698,4.29628744939271,18.05225,46.57309476982466,15.19097856471684,45.29955235835715,30.363392736281995,30.340219254050602,340.0780260562897,119.59201656281948,131.14581815898418,338.19149248301983,597.3154213279486,563.9506969600916
10,2.70928412256267,18.7756923076923,6.7477962962963,6.75401754385965,2.55836363636364,15.641333333333298,2.55242574257426,15.6341216216216,2.4118705882352898,12.499023255814,2.39812334801762,12.4966413043478,25.73755,3.925,10.682862745098001,38.85820460790104,15.232001774874169,37.83990423993732,30.273628983378746,30.301005690869893,351.2417897582054,114.22084644436836,121.52250856161118,337.19432540237904,422.33248241245747,572.9866679757833
11,2.51133027522936,28.0809523809524,6.1185,6.09896315789474,2.37507692307692,18.6175,2.3445483870967703,18.6525357142857,2.55584360189573,12.4302688172043,2.54193811881188,12.435337209302299,29.02,4.479047244094491,18.0833220338983,46.66718222554317,15.223503480277348,45.409928323664516,30.295613679222562,28.240482211709903,341.56576730310917,108.56199078261852,112.47512884438038,324.6977925300598,504.9466621130705,567.1915132552385
12,3.09818,18.689203125000002,6.79876331360947,6.757916129032259,2.6482323232323197,15.6793287671233,2.62295618556701,15.6657671232877,2.47675576036866,12.4576744186046,2.51890509259259,12.453688172043,25.5075365853659,4.28546586345382,18.3625967741935,38.81456726972263,15.205991574977064,37.860964499383265,30.245126988811755,29.457093809544645,349.49961118400097,105.50948791205883,111.76513507962227,330.46575263142586,415.90938344597816,563.9947019517422
13,2.56938074398249,18.6616349206349,6.7716064516129,6.76173529411765,2.52270833333333,15.656469696969701,2.58013539192399,15.6640454545455,2.4063515789473704,12.4709534883721,2.3883060747663603,12.4594838709677,25.666133333333303,3.80754487179487,10.4567477477477,38.787013131409296,15.184457845317407,37.83874195493718,30.257761530094918,27.257578546812127,344.77636218070984,116.52475222945213,127.385463565588,335.00222489237785,419.0150648355484,566.3448013365269
14,2.92916331658291,18.657813559322,6.14849122807018,6.1753132530120505,2.28149802371542,15.673513513513502,2.32422388059702,15.675652173912999,2.46836875,12.5450697674419,2.47830875576037,12.5405365853659,25.589023255814002,4.61422522522523,18.4236349206349,38.67293556835862,15.185014422852745,37.83525632833071,30.308080521147833,28.88924911452491,336.28037199378014,121.35147117078304,124.23042207956314,345.30204720795155,427.93452739715576,577.8915248811245
15,2.92308505154639,18.6926724137931,6.73373026315789,6.69780813953488,2.7387277486911,15.6608421052632,2.65268205128205,15.6528108108108,2.54543875278396,12.496827586206901,2.55292574257426,12.506296703296702,25.7866904761905,3.4738096774193497,10.610505050505,46.58389250377097,15.206462476110461,45.47173602388472,30.237517041339757,29.510223891344637,339.08141776919365,112.51326650381088,118.66041459143162,331.77980221807957,417.68811643123627,565.0842096656561
16,2.47770352941176,35.925,6.06511764705882,6.06145882352941,2.8263612565445,15.5113421052632,2.5896716417910404,15.536649350649402,2.7144315789473703,12.4004565217391,2.41609885057471,12.4035104166667,25.8726136363636,4.8745799086758,18.2980892857143,38.87970803737737,15.206475935533287,37.77132889433521,30.285186668618373,30.17456198735661,345.4667516052723,96.83072566986084,103.02425362169743,317.1985037624836,401.5981685370207,563.332810997963
17,2.77588674698795,18.642062499999998,6.73126900584795,6.72861184210526,2.63532642487047,15.613716417910501,2.50875172413793,15.610373333333301,2.38754926624738,12.4851041666667,2.40830821917808,12.4926860465116,25.6968571428571,3.6424178082191796,10.410281818181799,46.695504592207264,15.202183906329848,45.431826292243066,30.309263079374325,30.065699400919737,334.46867018938065,113.04216459393501,118.75377967953682,328.11127603054047,423.24792593717575,565.0572944432497
18,2.6137969924811997,18.6857611940299,6.73043529411765,6.71231460674157,2.55517910447761,15.606913043478299,2.60388101265823,15.5934492753623,2.43108033826639,12.4589130434783,2.43657594936709,12.4451086956522,25.6352222222222,4.6065593220339,18.5115,46.62794227833352,15.19866666649114,45.43551383690337,30.280098257451773,27.97642831024808,359.5604095607996,120.68352662026882,123.92597272992134,341.95389598608017,429.8458341509104,564.7972226142883
19,2.6869537275064297,23.6541914893617,6.10208284023669,6.12972340425532,2.26571981776765,15.676958904109599,2.20532793522267,15.666611940298498,2.58261688311688,12.5416436781609,2.5356954436450803,12.5296951219512,25.736425,4.48154008438819,18.4691290322581,54.48021382961559,15.212236430154414,52.998502450101086,30.324747917404615,27.221272123899013,335.2516796439886,115.19165709614754,118.69571171700954,332.37370662391186,424.4766663759947,563.8418719172478
20,3.09176902173913,18.6876333333333,6.723431372549021,6.727681250000001,2.0856231884058003,15.5977671232877,2.09095247524752,15.613333333333301,1.821797319933,9.373375000000001,1.8133343465045602,9.37347154471545,25.640309523809503,3.6135173611111098,10.5619514563107,31.101406021363132,15.18739518978389,30.31990981372727,30.28332200916432,29.96808206547245,319.7229001671076,101.27993300557137,108.05940255522728,244.8391169309616,331.922248005867,563.77281434834
21,3.02160695187166,28.0029069767442,6.767105263157889,6.7419604519774,2.63694239631336,15.7202191780822,2.68574468085106,15.739616438356201,2.52297542997543,12.5462682926829,2.53240254237288,12.5206021505376,29.087540540540502,3.80194966442953,10.67165625,46.72761766008936,15.200572876094556,45.470618795600544,30.26625754988308,29.52138856657805,337.29616552591324,109.11482386291027,115.13233184814453,332.6424863189459,515.4883954674006,564.6250210702419
22,2.9546034482758596,17.8562166666667,6.711130718954251,6.7200500000000005,2.74887703016241,15.632701492537299,2.66287344913151,15.5891875,2.50721065375303,12.4760114942529,2.52041341991342,12.4843043478261,25.6835238095238,4.79958371040724,18.3600689655172,46.58866820211771,15.201475049721498,45.40434268920785,30.285046942811412,30.004242501709108,338.9583434909582,117.23232455551624,126.24217197299004,334.63272266089916,421.01466096937656,563.7496709823608
23,2.9743777173912997,18.6573275862069,6.124938202247191,6.121085227272729,2.15736192468619,18.7334838709677,2.38439672801636,18.743593220339,2.3178417849898603,12.458,2.2768699808795403,12.4509166666667,25.5828108108108,4.613241935483869,18.454923076923098,38.73923960312236,15.202274752298026,37.34175878262136,30.24603496636992,27.180938187416423,327.27629877626896,107.38498531281948,111.68168857693672,321.2524112313986,415.0641616433859,572.4140908569098
24,2.9035732323232297,18.685859375,6.7271975308642,6.71678125,2.0702217741935502,15.655491228070199,2.08416666666667,15.662696969697,2.2551718061674,12.539256097561001,2.53373188405797,12.5594588235294,25.7646444444444,4.6595,18.3426785714286,46.674488888171524,15.215396525389636,45.45293472052581,30.25180006662264,30.34208292016249,333.683006465435,123.03385883569717,128.86873446404934,341.86658449470997,426.4857620000839,565.13836607337
25,2.76618527315914,18.5904406779661,8.09539716312057,12.942333333333298,2.27580303030303,15.6107837837838,2.33543673469388,15.5948,2.18446138211382,12.4861304347826,2.1584437751004,12.4893928571429,32.5685,4.43658050847458,18.307650000000002,46.64691658034549,15.159644579244391,37.81659908903386,30.243498667476835,27.243825978163933,344.4724716246128,123.8970085978508,128.0626282095909,335.0412007421255,592.3327524214983,213.899789378047
26,2.72683294663573,28.0072380952381,6.7404013157894695,6.7535786163522005,2.3053802197802202,18.7034107142857,2.26641962421712,18.6918709677419,2.39484848484848,12.3904946236559,2.36187637969095,12.4087419354839,28.9941944444444,4.5069628099173595,18.0143692307692,46.662973445503695,15.183133844223187,45.50651181006017,30.25060048947008,27.264197377649417,338.0296751856804,101.56240314245224,108.2402653992176,321.92268408834934,404.3426364660263,559.286680072546
27,2.9911149999999997,28.201205128205103,6.68298255813953,6.72196913580247,2.63235078534031,15.6902898550725,2.5938963963963997,15.7160483870968,2.55603883495146,12.492869047619001,2.47784647302905,12.4921145833333,29.0789117647059,3.80904240282686,10.4356140350877,46.68406240751934,15.188636428571977,45.45782321235937,30.280433931254915,30.27278682294729,342.45848655700684,114.04058896005154,118.95876377820969,334.8367754369974,421.8046087771654,563.9004986733198
28,2.97998525073746,18.6852586206897,6.11090374331551,6.11955688622754,2.22789251439539,15.645954545454499,2.1820227272727304,15.665818181818201,2.3580736196319,12.5782903225806,2.31861851015801,12.582650000000001,25.797119047619,4.72222222222222,18.268285714285703,38.91912088313306,15.201245648258192,37.89487211309266,30.26135598573998,29.55615985573025,332.2883043438196,126.33642181754114,137.01464049518108,330.0327342003584,415.132287889719,563.645176589489
29,2.79852732240437,28.0095897435897,6.10599404761905,6.11933139534884,2.90195467422096,15.588115942028999,2.583466367713,15.5767313432836,2.43220330969267,12.4113176470588,2.40249166666667,12.4078941176471,25.7965333333333,4.88035426008969,18.4205322580645,38.90560408009337,15.197171386117894,37.85677495761022,30.23035448008976,30.29402316117761,348.5404886305332,108.96511375904083,114.36259374022484,328.5056911408901,415.1779692620039,564.3615964800119
30,2.90213636363636,18.6774920634921,6.67527329192547,6.69810465116279,2.2468515283842803,18.754132075471702,2.2532406311637097,18.7788301886792,2.39272505543237,12.4632592592593,2.3696313645621196,12.4747586206897,25.74195,3.83050364963504,10.5760388349515,54.51865091031639,15.194682820209085,53.10063197300747,30.346492708023476,30.319001405703066,343.6855971813202,105.74390180408955,113.4621910750866,334.740336984396,499.99756738543516,571.515504270792
31,2.5601435768262,18.6271194029851,8.77757142857143,12.106084210526301,2.2424460887949302,18.9257592592593,2.41115746421268,18.9318909090909,2.74418444444444,12.554340659340701,2.35041717791411,12.5509146341463,32.4648055555556,4.59724463519313,18.4577719298246,70.30808042160407,15.140381815690494,37.908167181382595,30.178782180178267,27.21058131982146,343.0682700127363,124.407559633255,129.64587658643723,353.61191257834435,1123.0261530727148,198.9136915653944
32,3.21437078651685,18.6258305084746,6.69980891719745,6.7099215686274505,2.45586752136752,15.602166666666701,2.48065442764579,15.595626666666702,2.34041685649203,12.4647441860465,2.3043991228070198,12.479271739130398,25.7244888888889,4.5483826086956505,18.3621904761905,38.86478710415769,15.186466566208336,37.478849327723495,30.29917412049746,27.175365978830655,348.1917083263397,116.92270636558533,120.52422389388084,334.63072031736374,417.82502084970474,565.4092878103256
33,3.0290564971751404,28.044449999999998,6.11137853107345,6.120710227272729,2.0422226640159,15.531876923076899,2.0257619047618998,15.526984848484801,2.2549018867924504,12.415042553191501,2.23338579654511,12.4288902439024,28.8685526315789,4.57502409638554,18.2851384615385,38.7327182644553,15.213497848174244,37.740577721451885,30.265326184793803,27.996634378567634,355.75246438384056,105.66841810941696,112.22022585570812,327.2633068263531,412.96789422631264,563.964806497097
34,2.76896428571429,18.673614035087702,6.77346153846154,6.74933898305085,2.47240094339623,15.6601884057971,2.7030636792452802,15.656492537313401,2.3392614379085,12.5416086956522,2.33985227272727,12.5589655172414,25.7266590909091,4.431340823970039,18.091828125000003,46.66969319526506,15.19940885976466,45.210327043154,30.3006253602631,27.655898796926863,349.12736155092716,116.60987511277199,130.23600913584232,334.039656445384,418.9977888017893,564.2928183078766
35,2.96308205128205,18.660107692307697,6.0909349112426,6.10003664921466,2.64682444444444,15.522424242424199,2.57473873873874,15.5155675675676,2.49302558139535,12.4197625,2.43284518828452,12.4177916666667,25.6442790697674,3.8861699346405203,10.3743636363636,46.67630647406573,15.186683698889274,45.353768071523255,30.256933529566727,30.264288098129693,360.3274002671242,111.62464506924152,113.85413818061352,331.5149340778589,418.1111231446266,566.8471101671457
36,2.76962653562654,25.40005,6.802264900662251,6.72034640522876,2.74406297229219,15.768380952381001,2.44202813852814,15.7317272727273,2.59973031026253,12.577975308642,2.5707974137931,12.5915243902439,29.0520731707317,3.71803606557377,10.4094504504505,38.89058205438693,15.20631166249868,37.83536089755513,30.306756189466327,30.279866490271427,344.40713934600353,125.49203820526598,128.63478623330593,348.37741404771805,432.1915563195944,565.6236317008734
37,2.48424838012959,27.9657619047619,8.745056,12.1437816091954,2.02252755905512,15.7677397260274,2.05319572953737,15.772328358209002,2.1876914893617,12.6300879120879,2.47866513761468,12.6233157894737,32.347793103448296,4.65654464285714,18.5837291666667,85.8637352385326,15.183997060312992,37.967633457423425,30.331407782532487,27.244198735883288,336.74403093755245,123.73267672955991,129.61206957697868,345.1728727668524,1537.3354777693748,187.90359608829021
38,2.95111081794195,18.676515624999997,6.71378823529412,6.66620382165605,2.67502077922078,15.585229729729699,2.70247103274559,15.555151515151499,2.5192757793764997,12.450870967741901,2.78553351206434,12.4646263736264,25.588025000000002,4.76373181818182,18.3895384615385,46.72427955019385,15.18016692297923,45.48081416879739,30.33736476207031,27.222291605036986,332.85808749496937,113.64752426743507,132.5409859418869,341.44558012485504,492.36128106713295,565.907871350646
39,2.75637279596977,18.649203125,6.0854378698224805,6.07269186046512,2.62124742268041,15.777202898550701,2.66893368700265,15.761926470588199,2.4500477326969,12.5321707317073,2.44513090128755,12.5256329113924,25.7445476190476,4.70977433628319,18.323160714285702,38.912263761838084,15.17914600980908,37.97730506361345,30.258839009235857,29.703978071092767,325.69020986557007,110.6026116758585,116.22966267168522,330.41290007531643,415.6968090683222,566.2223789840937
40,3.2502324840764296,26.2936052631579,6.732052287581699,6.70486928104575,2.52257917570499,15.663776119403,2.46009287257019,15.6417575757576,2.5147310513447403,12.4634146341463,2.3716334012219997,12.465499999999999,25.8236590909091,3.8071196013289,10.475746835443,46.59738627732644,15.190296392803885,45.38492013742684,30.21377810411376,30.12387801480461,337.5059925019741,119.91923674941063,127.78746895492077,328.24501395225525,594.4714415818453,563.0629137158394
41,2.48132026143791,18.617671875,6.0623894736842106,13.531225000000001,2.55508131868132,15.896805555555598,2.55908937198068,15.902000000000001,2.39172985781991,12.7013846153846,2.40006485355649,12.7190697674419,32.4568918918919,4.72897916666667,18.3999365079365,54.54071464988715,15.189358581286754,37.86390549692506,30.235830212359613,27.143828886671837,338.9913123100996,120.70825323462486,124.83033351600169,341.3379192352295,926.5562985092402,210.83401516079903
42,2.79786141304348,18.5878412698413,6.772152317880789,12.9169518072289,2.45307675906183,15.8456818181818,2.46030387931035,15.8494520547945,2.3278594704684297,12.6665333333333,2.3517105831533502,12.6621098901099,32.562388888888904,4.65459825327511,18.492677419354802,62.31921160815792,15.154074970733383,37.923642869634826,30.1837056606009,30.262436642017892,329.4565714895725,120.84408663213253,127.29451991617681,347.3307937383652,1284.5957186073065,205.31229674816132
43,2.80911951219512,28.063744186046502,6.137802139037429,6.1189943820224695,2.19552720450281,15.783769230769202,2.14263500931099,15.6755,2.40001419878296,12.4855975609756,2.3623395061728396,12.4865833333333,28.9800588235294,4.54093253968254,17.891,43.79862760714404,14.338848956937909,43.368175174243426,29.843707432083786,29.141414579524263,309.590483084321,106.71978816390038,114.18224312365055,318.7939990311861,466.22022055089474,556.7113868892193
44,2.6248188073394503,18.2092166666667,6.69697674418605,6.68043137254902,2.53619477434679,15.350271428571398,2.5999681818181797,15.3435428571429,2.43889507494647,12.226428571428599,2.45585256410256,12.532316455696199,25.419525,4.29075330396476,16.696676470588198,43.95298086326884,14.269297492737696,42.67908463656091,28.440132337296436,26.947806431195527,311.11380085349083,105.40606454014778,114.505086094141,312.2126217931509,381.59997202456,563.6184941977262
45,2.64434265734266,27.3022093023256,6.552453987730059,6.69854385964912,1.9782023809523799,15.2155,1.98361578044597,15.230613333333299,2.30197405189621,12.423074999999999,2.2156688172043,12.355540229885099,28.4083243243243,3.72081203007519,9.87771929824561,44.52383758795211,14.42042655702741,42.71129819138186,28.39878400726761,28.4976869150802,324.6460575610399,98.16731326282024,104.42645289003849,295.4769413918257,381.0449969023466,547.9293875396252
46,3.15478488372093,18.2264307692308,6.70129113924051,6.5630693641618505,2.0546930501930496,12.544666666666702,2.02948501872659,12.342311827957,1.93589010989011,9.200623655913981,1.9720652173913,9.187488,22.4257346938776,3.67255414012739,9.8007037037037,29.154674058537896,14.288058557257612,28.45020492107395,28.420318220346633,26.76682080648828,330.42733557522297,110.33769696950912,120.53647078573704,245.55837735533714,323.13638366758823,563.1826817989349
47,3.00003244837758,18.1638955223881,6.6935635359116,6.53839869281046,2.5935421686747,15.2445866666667,2.59821158129176,15.267268656716398,2.45850749464668,12.5324948453608,2.38735172413793,12.5407176470588,25.705299999999998,4.57977292576419,16.8073492063492,44.12337111797429,14.275153327313033,42.59285575369815,28.404092317574676,27.099918124537435,322.961900383234,102.34960354864597,109.81443338096142,292.28217899799347,550.4593718796968,551.1574912816286
48,2.70472911392405,18.222140625,6.53998181818182,6.54647878787879,2.45460891089109,15.573573333333302,2.51736029411765,15.2191857142857,2.34404115226337,12.2576987951807,2.3307813765182197,12.1121382978723,25.0151914893617,3.73716551724138,10.025400000000001,43.87407460698283,14.296331264260596,42.8825037042579,28.30732114984181,28.51079264822843,314.73739072680473,95.94927541911602,116.5484543889761,309.0526442974806,388.7781873345375,562.0777141302824
49,2.86526598465473,18.1576557377049,6.54897701149425,6.5467894736842105,2.3045676767676797,18.4274909090909,2.3450795228628203,18.690564516129,2.32903432494279,12.228840425531901,2.29352755905512,12.245707317073201,25.6145111111111,4.65223293172691,17.8685166666667,51.2514942548068,14.223868560426743,42.63407813703737,28.306920373568545,27.206075988835128,311.3183658570051,104.37751188874245,112.12602257728577,302.12788842618465,396.62658236920834,564.0497896820307
50,2.22815766738661,27.2734651162791,6.72523870967742,12.8822340425532,1.65057619047619,18.561519999999998,1.68104901960784,18.5584464285714,2.1886660412758,12.587571428571401,2.0604793536804302,12.377076086956501,22.630979166666698,4.308332,16.990655737704902,36.482824220328595,14.256839508818848,42.94000122537269,28.370203233748747,27.63554731114493,300.79069547355175,117.59372428059578,128.64521704614162,315.6460355967283,619.3362176418304,203.67372781038284
51,2.78889285714286,18.17835,6.67426404494382,6.53614835164835,1.5706339677891699,15.4685606060606,1.5368603988604,15.481534246575299,2.2243829321663,12.225959183673499,2.1943178807946997,12.5306626506024,25.610225,4.1868442622950806,16.8989206349206,44.09345197830083,14.352819438515782,42.72125710272235,28.489790800541208,28.530751846783435,327.97176390886307,117.25965887308121,129.17546555399895,324.46798868477345,405.4870456457138,560.3014957159758
52,2.94151530612245,18.5727627118644,6.5579447513812195,6.54638181818182,1.8059617940199302,18.339328124999998,1.71175294117647,18.289339285714302,2.341575,12.543290322580601,2.32522297297297,12.4445053763441,25.204,4.2811872659176,17.2033728813559,36.69181261342003,14.32360674700096,35.82951008063009,28.54470257973584,28.039026163832535,313.3650403469801,123.90804477036,129.11343947052956,328.8181498646736,402.79412642121315,560.8250852674246
53,2.85701063829787,18.1925,6.7686936416185,6.80412,2.4915643776824,15.668273972602702,2.52869502074689,15.443445945945898,2.30646506986028,12.3231647058824,2.39999753694581,12.360756097561001,25.682,3.54191143911439,9.91116822429907,36.63443348913188,14.345649009685662,35.702411974406104,28.552099203881248,28.243320342361628,314.0376415103674,111.83861643075943,117.40205809473991,326.211703941226,414.2508376389742,565.0715436786413
54,2.6429953488372098,18.17340625,6.58165363128492,6.57959615384615,2.46816702819957,15.554799999999998,2.45639387755102,15.597986666666701,2.3307874186551,12.5095542168675,2.3099237472766903,12.4060618556701,25.0847777777778,3.666625,9.86537142857143,36.67115059783491,14.538638779993054,35.718558481726056,28.559319975332286,28.630430183013257,321.1971838027239,110.84675788879395,122.12079018354417,303.6933019757271,385.2281719446182,557.9552613198757
55,3.13932484076433,27.3423684210526,5.97967415730337,5.9613216374269,2.6214330708661397,18.673,2.81848166259169,18.7933770491803,2.5181368159204,12.1484772727273,2.31032191780822,12.4136746987952,28.263,4.41806923076923,17.4301,36.72658812636605,14.347565327835568,35.683030551594776,28.598370401950454,27.223115258508745,329.81052063405514,108.5418276488781,115.6895887106657,311.50286085903645,411.43372654914856,554.127711802721
56,2.82221463414634,18.5743898305085,6.52520731707317,6.67501,2.42506962025316,15.166102941176499,2.40357176470588,15.574439393939398,2.30157805907173,12.4413516483516,2.4779834515366397,12.3415625,25.329586956521702,4.03842905405405,17.3325671641791,44.056809801809166,14.3734582735845,42.83067465919671,28.581042168985633,28.573943061265766,336.69183030724525,102.88599878549576,113.83327655494213,345.159275457263,406.72244504094124,565.0488659739494
57,2.7635390835579496,18.204186440678,5.7145111111111095,5.65570149253731,2.64762557077626,16.527874999999998,2.57632657657658,16.052507042253502,2.29376332622601,12.1617471264368,2.35230989010989,12.363696202531601,25.5087209302326,4.41885,17.161417910447803,51.29737810092179,14.345482905035313,49.98047373709268,28.958895804125504,27.594369700767682,325.31400211155415,109.43599045276642,118.31950396299362,250.40400214493275,669.2041177302599,557.9279735684395
58,3.06318556701031,18.2020666666667,6.09908163265306,5.9474303030303,2.79781462140992,21.4065625,2.82426781326781,21.442339622641498,2.56639957264957,12.6017126436782,2.46421647058824,12.4501724137931,25.1866829268293,4.61371806167401,17.3613582089552,43.994970359021956,14.354409501455299,42.80785760200251,28.62722491589323,28.557881097178857,293.85234229266644,101.85558348894119,117.33914725482464,317.9655410349369,474.2859397083521,555.7300057262182
59,2.4355193236715,18.1556461538462,9.37457291666667,13.50676,1.69126397515528,15.381106666666701,1.7647822445561099,15.814135135135098,2.3228914027149297,12.3561134020619,2.27485333333333,12.5157356321839,28.4531111111111,4.30013483146067,17.5294482758621,51.525860723519,14.259229805885298,28.89765612701034,28.54291423561599,27.98629766986675,302.901491522789,110.19608937203884,118.48569847643375,311.73964962363243,1181.0745112597942,211.7073629051447
60,2.89699742930591,17.422409090909103,6.2573,6.27126553672316,2.63143406593407,15.349703125000001,2.78019444444444,15.1902876712329,2.47483613445378,12.1187978723404,2.44464719626168,12.1331149425287,25.6909285714286,3.33221428571429,9.9359381443299,36.65387037326346,14.385782588001057,35.45065476109397,28.46486934653597,28.41795740026819,326.6412764787674,107.78773576021194,120.39337307214737,306.2719479203224,394.61664855480194,557.2224967181683
61,2.87989,18.161016666666697,6.57812,6.60948051948052,2.12636563071298,15.4925303030303,2.1726756756756798,15.451480000000002,2.43234937238494,12.1889042553191,2.42481839622641,12.4802391304348,25.0328333333333,3.39373353293413,10.2319518072289,44.050735594921576,14.361952992905461,43.00459690618826,28.548354160810003,28.287627258010055,314.33291733264923,117.25905351340771,126.46517716348173,318.72810795903206,474.6300633996725,558.5792940109968
62,2.8258421052631597,18.225109375,5.98493650793651,5.95301507537688,2.63138709677419,15.4184487179487,2.5419340659340697,15.232716417910401,2.40538426966292,12.4621686746988,2.28775,12.0966621621622,25.072069767441903,4.48414473684211,18.0805625,36.49911405508607,14.338090430454356,35.65645168303284,28.639450056441294,28.35159781803063,324.41476359963417,110.05173437297344,119.64295990765095,301.5261609107256,384.8064225167036,557.3586095124483
63,3.26273968253968,18.456375,8.84499242424242,11.3120476190476,2.08059099099099,18.3696290322581,2.09534565619224,18.837564516129,2.18442664092664,12.587941176470599,2.2521388286334103,12.4792289156627,31.79825,4.24581818181818,16.9930363636364,58.81461417764071,14.382034969389492,35.84760235066721,28.454997906493276,28.509132238519378,313.14464285969734,117.44950897991657,130.97096234560013,320.938928052783,724.3020925670862,189.95008431375027
64,2.6688828125,18.244937500000002,6.6965,6.72886163522013,2.3556237218813902,15.295897058823499,2.25386403508772,15.661827586206899,2.20637124463519,12.356125,2.19679435483871,12.4804137931034,25.1187391304348,3.55521532846715,9.92671551724138,44.21125465930117,14.357495596096904,43.101046582801175,28.991741666969833,27.084694653643865,328.0571196228266,111.5499995648861,121.57736346125603,314.0632528811693,400.279788300395,557.9757038503885
65,2.59290045248869,27.2538837209302,6.05681151832461,11.1496875,2.77344791666667,19.0557592592593,2.78085340314136,18.629920000000002,2.42506736842105,12.442293478260899,2.47725480769231,12.4291195652174,32.4060689655172,4.53968609865471,17.8999344262295,59.28247766569766,14.397599783860398,50.4373319696936,28.716301841284103,28.78228193703074,308.51499177515507,130.73408044874668,134.84535738825798,333.30400474369526,888.3381262421608,215.20480513572693
66,3.16242815249267,27.3278139534884,6.73351176470588,6.7467880794702,2.6533567839196,15.373845070422501,2.4826941431670297,15.7556164383562,2.2980325581395302,12.425275862069,2.46375531914894,12.3792934782609,28.8282222222222,3.60651724137931,10.3042123893805,36.770325382642056,14.33663911057509,36.12064583185812,28.779781059442403,28.82039667227538,301.0769374668598,118.38939972221851,123.7161923199892,312.222121283412,388.9291547238827,556.2822800129652
67,3.01357058823529,18.2090153846154,6.02045454545455,5.96324855491329,2.08916833667335,15.520666666666699,2.1075046040515697,15.4404929577465,2.31417142857143,12.1610549450549,2.33912826086957,12.2040588235294,25.135846153846202,3.65943865030675,9.87983928571429,36.623374696814516,14.352181849743063,35.63825886143151,28.615131794408185,28.40619012171646,323.49517568945885,106.07466101646423,115.1147298514843,317.0385491102934,392.7074372768402,564.6148696541786
68,2.9323333333333297,18.2177368421053,6.09354437869823,5.94192261904762,2.17381180811808,15.2733823529412,2.1725,15.666513513513499,2.53430681818182,12.4500638297872,2.41168656716418,12.4157948717949,25.6464666666667,4.40528571428571,17.4657384615385,36.58356776397157,14.316755383059599,35.68926151146523,28.567591700337385,28.448395760109015,315.5296202749014,112.33687400817871,114.72860351204872,310.55230647325516,396.6121468693018,556.4195569604635
69,2.91721325648415,18.1844590163934,5.96163953488372,6.10794240837696,2.35648917748918,15.609066666666699,2.38412171837709,15.4560615384615,2.30407429718875,12.1489523809524,2.2266986899563297,12.405361445783099,25.466388888888897,3.3933275862069,9.804705882352941,44.077065145199946,14.328100539218527,42.88661696754936,28.52496297426489,26.87948651227342,320.3114029020071,105.19856587052345,113.27364481985569,319.462176412344,402.79803797602654,551.1166993528605
70,2.47038701923077,27.331575,6.53944242424242,6.678713414634149,2.4574639830508502,15.4487333333333,2.46763169164882,15.4482266666667,2.2608876404494396,12.1493829787234,2.26352941176471,12.2661348314607,28.1924444444444,3.5853954248366,10.1916216216216,43.96743813716846,14.287146862223093,42.85359435626583,28.60798709143798,28.574884853479908,310.6708638370037,102.6978250592947,112.96230368316174,306.34826980531216,395.5223597586155,552.1326325833797
71,2.54471115973742,18.1479076923077,6.569358024691359,6.72671511627907,2.41191232227488,15.482191176470602,2.49093673965937,15.6026142857143,2.36636818181818,12.5429333333333,2.39210321100917,12.2350568181818,25.140288888888897,3.52938461538462,10.3548,37.12771237405293,14.426690274377645,35.81097295447397,28.502571330666875,28.64623500379681,332.81208015978336,115.42937718331814,122.88773432374002,307.71256424486637,396.94751612842083,553.0527792870998
72,2.7283011764705902,26.5538048780488,6.70781818181818,6.69476623376623,2.19753816793893,18.653275862069,2.27822610722611,18.3705483870968,2.3295818181818198,12.3495421686747,2.37824070450098,12.3884782608696,28.6367179487179,4.67976923076923,17.2564626865672,51.688041966301554,14.428168059563315,50.30525329689566,28.7211999588019,28.814553456639743,329.0319349616766,124.13687072694303,123.53775091469288,306.83260411024094,484.09770242869854,555.5142648518085
73,3.22532507739938,27.2563488372093,6.64533333333333,6.77964556962025,2.03256962025316,15.7050266666667,1.9453164983164999,15.2427014925373,2.25218867924528,12.4553225806452,2.2802249999999997,12.476357142857099,28.2245853658537,3.61171140939597,10.1260490196078,45.04006187578608,14.439141992029327,43.22543311274725,28.842922120311567,28.45026125582277,324.5722968131304,106.39806278049946,113.61795477569103,314.4149202853441,580.466678366065,561.5448113530874
74,2.7047945205479498,22.701018518518502,6.100203125,6.11594047619048,2.7033157894736797,15.5717866666667,2.63242119565217,15.176586666666699,2.54034955752212,12.5522747252747,2.57541784037559,12.431586206896599,25.6238043478261,3.73899680511182,10.6965773195876,44.42749718096662,14.394911102108402,43.24200432230612,28.81781414805265,28.914574842819068,324.3522718548775,113.79099451005459,119.59890834987164,325.5690447986126,391.7648456990719,559.9074065685272
75,3.28559696969697,18.2261333333333,6.0115445026178005,6.09138624338624,2.52345879732739,15.57972,2.75132697547684,15.527439999999999,2.38940666666667,12.486430107526902,2.38361915367483,12.4118902439024,25.7852857142857,4.470925373134331,17.926000000000002,44.35762918077041,14.442220448280594,43.2920784872753,28.842025321677642,28.830004205172067,346.7635717242956,116.04130268096924,114.65051211416721,326.97743736207485,409.26123037934303,553.2145965844393
76,2.72813849765258,18.287046874999998,6.5586543209876496,6.682799999999999,1.70063458646617,15.6008918918919,1.6558014059754,15.6135714285714,2.37581777777778,12.457962962963,2.40893632075472,12.208829787234,25.7398666666667,4.46067226890756,17.9211384615385,44.32212023248248,14.493857916703853,43.380606422889734,28.79292727836379,28.124510591100982,325.8568234741688,111.6421539336443,116.41141027212143,321.1400005966425,417.85161010921,558.7731953710318
77,2.83942928039702,27.3272307692308,6.61655844155844,6.70214285714286,2.7129354005168,15.613486486486499,2.6363631578947397,15.586794520547901,2.5356897435897396,12.4442258064516,2.47581839622642,12.145369047619,28.3011111111111,4.34496268656716,17.3808484848485,44.30512634575423,14.442965015463374,43.27747481443797,28.800695042462465,26.940778853657278,293.1427676230669,101.12314485013485,103.16320694983006,292.2734245657921,371.5092781931162,555.5094685405493
78,3.14810204081633,18.2062459016393,6.67253333333333,6.6854647058823495,1.93309123434705,15.62559375,1.9256813559322,15.5182424242424,2.19628097345133,12.537236559139801,2.26244295302013,12.3269886363636,25.471170212766,4.28053874538745,17.9354838709677,36.99324650098473,14.516096064992377,35.95107434781837,28.754729065995836,29.011380387770963,335.04655584692955,111.87577620148659,117.4787525087595,325.7883246988058,402.82043628394604,565.1220213621855
79,2.87928977272727,27.348174999999998,9.951495049504949,12.5408641975309,1.9097801047120402,15.730775862068999,1.90863265306122,15.563430769230798,1.74957791225416,9.4968347107438,1.71674958263773,9.43369105691057,25.471400000000003,4.39317669172932,17.824404255319102,133.80832196005352,14.47053624781823,28.834187427172324,28.698009380387326,28.51077630861971,317.39240512251854,130.55563904345036,130.5520534515381,320.7230940461159,744.4351445883512,200.0932116061449
80,2.7517545219638198,18.209,6.76382456140351,6.5783717948718,2.1425916824196602,15.2289420289855,2.1397912087912103,15.257579710144899,2.42195157384988,12.136494736842101,2.35257709251101,12.176170212766,25.6614634146341,4.3130352941176495,17.024406779661,44.78359430477453,14.423113187593632,43.19346136147865,28.630970698053734,28.77096107894502,326.9779495894909,104.56913150846958,112.29468509554863,316.79212115705013,391.5961366146803,560.0358825176954
81,2.544955654102,36.7084516129032,6.4304792899408305,6.50337777777778,2.88577205882353,18.6989032258065,2.8804453333333297,18.7754423076923,2.67832697547684,12.4884302325581,2.58509933774834,12.546987654321,28.8836666666667,4.50581027667984,17.8854655172414,44.48624971308681,14.481433441750838,43.21283843271372,28.966051636673793,28.94878941130841,333.1442829221487,116.18328280746937,118.3975487947464,332.95396715402603,411.7606207728386,563.6178888380527
82,2.85676626506024,27.82105,6.73741860465116,6.722160000000001,2.86726997245179,15.357662162162201,2.67723308270677,15.3600266666667,2.50274890829694,12.4498735632184,2.66875909090909,12.1418913043478,29.1656,4.62040573770492,16.992656716417898,36.86561138533241,14.42171117153649,35.84549401980473,28.61860046401415,27.74869485890071,334.51197668910027,108.11816900968552,114.15863409638405,318.2040061801672,398.69891479611397,563.7297872453928
83,2.9327329974811103,27.2988139534884,5.33318421052632,10.0552079207921,1.78798761609907,15.551445945945899,1.79817629179331,15.4856911764706,1.88367948717949,12.6327311827957,1.9598339694656501,12.3428333333333,31.831176470588197,4.15847985347985,17.7679682539683,51.78488365514905,14.420469381462075,28.701558937985595,28.66635704066864,28.325652503506426,339.32733349502087,116.64372868835926,124.18329715728758,323.64772632718086,992.029719054699,190.19502215087414
84,3.0013609467455598,27.312425,6.716618749999999,6.68736312849162,2.63986700767263,15.62171875,2.5886766743649,15.2553787878788,2.5178728448275898,12.205487804877999,2.5455,12.4207234042553,28.3135263157895,4.3783112033195,17.509296875,44.25351463186548,14.446913220509563,43.326934613931456,28.748654718823836,28.760149681121845,330.4223529994488,107.10763745009899,113.65562677383423,308.232381939888,404.88610975444317,558.7681196630001
85,2.84095238095238,27.973589743589702,6.70313793103448,6.63997385620915,2.5132100000000004,15.1848805970149,2.49228329297821,15.365077922077901,2.3187851063829803,12.3395348837209,2.3376790123456797,12.3415903614458,28.3550731707317,4.11348,17.2100615384615,44.364977918427975,14.477721274267244,43.040441288633886,28.727515608871062,29.17718163795198,331.34431578218937,112.37291619181633,121.52758426964283,329.15123738348484,499.13483671844,553.6465905606747
86,2.93063360881543,21.0350701754386,6.785335260115611,6.73590066225166,1.97359423076923,12.5021808510638,1.9332105263157897,12.505623655914,1.82990152801358,9.34728225806452,1.85192419354839,9.30785714285714,25.3390638297872,4.46253076923077,17.7428064516129,29.398488872092667,14.49228210995293,28.686995031475956,28.828857434648132,27.562585180958056,316.4222463965416,109.58835482597351,119.04998682439327,246.27004750072956,315.212644636631,566.6656885296106
87,3.01376033057851,24.3264888888889,6.57705298013245,6.6640838709677395,1.98467176870748,12.5640813953488,1.9957409948542002,12.505219512195099,1.90041877256318,9.31820909090909,1.8476157989228001,9.32126126126126,25.4197368421053,4.498596899224809,17.7349545454545,29.88498772189926,14.26753080202497,28.63587423372163,28.73905824442506,28.896647061689073,311.8217457085848,103.819090873003,123.07935394346715,227.4791244417429,313.8035535812378,562.6576021313667
88,2.8246042216358798,18.1712615384615,6.6849,6.71839,2.13466666666667,15.2212537313433,2.25238921001927,15.5499864864865,2.38113417190776,12.1387191011236,2.38384632516704,12.4289886363636,25.6004722222222,4.54498275862069,17.391861538461498,36.605526919618384,14.350829485086946,35.577564980028676,28.537003318473197,28.610921844688,325.3350965678692,98.55367243289948,106.65091685950756,299.3809524923563,381.5909381955862,567.703926935792
89,2.83343717277487,18.477593749999997,5.991588235294119,6.11844378698225,2.4515000000000002,15.723739726027398,2.4214977678571397,15.3192272727273,2.3048340517241397,12.5180114942529,2.270156,12.5166276595745,25.4469523809524,4.14268979591837,16.9482058823529,36.82651984426032,14.350862996702865,35.64768330527024,28.465874412161778,28.472736322892278,330.65793104469776,124.01817366480827,129.05984185636044,320.74968330562115,406.62018582224846,551.0544870048761
90,2.82365577889447,18.2209666666667,6.77087421383648,6.741869281045751,2.6333145780051197,15.734584615384602,2.6650296803652997,15.5407971014493,2.57955698924731,12.3377093023256,2.5618673740053,12.519010752688201,25.7246304347826,3.55799685534591,9.90528205128205,51.19977488212087,14.297899629721918,49.97950726994136,28.550855988631046,27.11565923736703,344.23330798745155,116.32135137915611,124.26278553903103,332.821486517787,414.6265331655741,554.9042951315641
91,3.19534916201117,22.8426222222222,6.740366863905329,6.73154901960784,2.48027096774194,15.633892307692298,2.45374945533769,15.590373333333302,2.33262083333333,12.5153191489362,2.35222828282828,12.5382926829268,25.6509512195122,4.09821146953405,16.964560606060598,43.95283185030584,14.332151489994612,42.84123816143841,28.600350311143455,28.53193572781022,318.11725348234177,111.45626194775105,114.16622437536716,325.40103420615196,399.3461839854717,560.796819627285
92,2.7776720867208704,18.3221290322581,6.667660000000001,6.55691447368421,1.92663327948304,15.385223880597,1.9444110738254998,15.6346212121212,2.2036,12.1800975609756,2.22297089397089,12.161052631578901,25.1751086956522,3.46108011869436,9.84886086956522,51.276391883466786,14.320530441499939,49.900469192254164,28.48055956864106,29.204626112631175,321.5264528989792,93.3229923248291,101.85195133090019,299.43836852908134,392.3315089195967,560.5533719062805
93,2.46304925053533,27.2818139534884,5.97857225433526,6.09881443298969,2.16909960159363,15.23844,2.22411466165414,15.2768933333333,2.28797276264591,12.198293478260899,2.34445306122449,12.4425360824742,28.437974999999998,4.51816170212766,16.8701875,36.56944255008132,14.300873984792219,35.62493495976662,28.406734100332926,28.235418820841367,329.8417665064335,123.38748201727866,129.67237271368504,318.28260980546474,391.59744046628475,564.6148230880499
94,2.77675630252101,18.1838,5.99478235294118,6.11674489795918,2.45440697674419,15.347545454545502,2.44802564102564,15.464729729729699,2.36711494252874,12.413156626506,2.3353013698630103,12.1278817204301,24.8853043478261,4.37716796875,18.061112903225798,43.949703489994995,14.29759440954394,42.83332173421074,28.57809264792866,27.125336038244168,324.94827173650265,108.8983379304409,112.75182478129864,311.57047487795353,388.1464712321758,554.6169821172953
95,2.88879945054945,18.12271875,5.93409248554913,6.0428089887640395,2.6218840206185603,15.409837837837799,2.6378498845265597,15.3514714285714,2.4978617021276603,12.1820454545455,2.44056666666667,12.4456746987952,25.5921428571429,3.46073887240356,9.79812121212121,43.78177996120984,14.292937180301275,42.85428236912933,28.539459264253832,28.242115016320348,326.12960785627365,110.34207418560982,115.57093821465969,300.6736747920513,384.93601605296135,558.84113535285
96,2.65112385321101,18.238,5.99726153846154,5.95546511627907,2.4322808988764,15.401106060606098,2.43801673640167,15.2048666666667,2.32984549356223,12.1167567567568,2.2753399209486203,12.2797956989247,25.5627608695652,4.41839366515837,17.12459375,43.80028196044954,14.342335856339393,42.809237930368226,28.653813328555092,28.55583279263012,316.6140988469124,107.17944242060184,114.99985121190548,303.465873003006,389.9180795997381,569.5962812751532
97,3.06486102719033,18.1984328358209,6.6491387283237,6.6108427672956,2.42432980972516,15.709499999999998,2.5186689976689998,15.266697368421099,2.39844888888889,12.520031578947401,2.36207142857143,12.4554193548387,25.702923076923103,4.273406474820139,17.7299137931034,36.52147087692354,14.294277673935545,35.51749599091293,28.505520608183765,28.507202806837025,330.8459650725126,106.07396252453327,125.16612187027931,320.26064582169056,397.7948799729347,553.7468940019608
98,2.95198473282443,18.2034153846154,5.937375634517769,6.06713705583756,2.19063008130081,15.2277105263158,2.18455916030534,15.617686567164201,2.57884886649874,12.1850531914894,2.49770559610706,12.1960760869565,25.410866666666703,4.260413284132841,17.0751666666667,44.012281616649766,14.321800419051668,42.78292283954838,28.474948935240576,28.522871852467624,328.74741591513157,97.08758443593979,105.28666898608208,304.1457384824753,376.43034011125565,562.4783225357533
99,2.91059173126615,18.2079833333333,6.65656140350877,6.58135483870968,2.01502636203866,15.635027027027,1.9638240418118502,15.2469066666667,2.2651992187500003,12.2703917525773,2.29289151873767,12.2952127659574,25.4443333333333,3.5210727272727302,10.115605263157901,43.97998761309862,14.302624872038642,43.042975583045646,28.538848155367784,27.327313737438878,306.3582815229893,108.1968192011118,125.75420551002024,312.41155229508877,470.2798556536436,563.6509042233229
100,2.6910416666666697,27.297525,6.39615642458101,6.42335359116022,2.8353137254902,15.410371428571402,2.71189238845144,15.3780454545455,2.54094911504425,12.219277108433701,2.70821394230769,12.4425657894737,28.1906,3.65940070921986,9.767614678899081,43.99287017112461,14.32215014314067,42.95455461272345,28.47419283162482,26.806597777386482,320.33761963248253,97.96610102057457,100.6842590868473,303.2297361642122,372.2528927028179,567.8102839738131
101,2.81130487804878,18.2125735294118,5.95592261904762,6.10841860465116,2.59875570776256,15.477821917808201,2.52827765726681,15.23684,2.385765625,12.446170212766,2.37527192982456,12.359843373494,25.79955,4.47626808510638,17.3470147058824,36.577539464755986,14.510637379599467,35.66228901693194,28.47915904942625,27.565435801461156,329.0929365903139,101.26736015081406,114.73959311842918,306.82883225381374,394.56523954868317,565.5442830175161
102,2.55311187214612,18.131868852459,6.52510559006211,6.65214556962025,2.50538157894737,15.601106060606101,2.54217114914425,15.2210833333333,2.2992695035461,12.1861044776119,2.31139300411523,12.1753068181818,22.5367058823529,3.5574049079754597,10.0790186915888,44.2104768636025,14.284285484824446,42.741864709789375,28.479512929281388,28.577113171426486,312.98832036554813,113.55290189385414,122.70878069102763,313.7713763862848,395.85065096616745,567.2059021890163
103,2.7041694915254197,27.3582093023256,5.96428729281768,6.10294047619048,2.5687862232779097,15.3734,2.42458194774347,15.246776119403,2.25171314741036,12.229402173913,2.31218809980806,12.4799789473684,28.8499210526316,4.13697628458498,16.9405588235294,43.95271997093793,14.315927312276832,42.71009450998141,28.510535363198063,27.16768532466625,335.42467281222343,118.96039359271526,123.68108145892619,309.273274615407,321.5434029698372,564.8033227771521
104,2.95844300518135,18.144590909090898,6.71233529411765,6.567780645161291,2.45405803571429,15.269373134328399,2.55948571428571,15.3064935064935,2.41307894736842,12.4122,2.3121103448275897,12.292566265060199,25.1571463414634,4.3862905982906,17.9765263157895,43.95346606593154,14.311094698684482,42.82196602302102,28.783908724547228,28.259304905243017,312.47748993337154,105.7822722941637,112.75517754256725,300.55041424930096,379.6099219471216,560.2079909294844
105,2.86042929292929,18.1956307692308,6.701169934640521,6.57121604938272,2.0368598615917,15.1517164179104,2.0638409506398503,15.549564102564101,2.41340983606557,12.2548041237113,2.34633177570093,12.2310957446809,25.109125000000002,3.48062886597938,9.9383431372549,44.074717887693744,14.288335872876381,42.90405079891758,28.583204146601986,28.255892104402236,330.1199059933424,118.47107671201229,128.20684351027012,314.6981820464134,405.4368007928133,550.3974854946136
106,2.80404891304348,27.3302272727273,6.0548224852071,5.9452816091953995,2.48509911894273,15.2467066666667,2.59974120603015,15.245303030302999,2.4325154867256598,12.2384252873563,2.4173885057471303,12.362238636363601,28.2537804878049,4.436400000000001,17.9260892857143,36.54563215888676,14.314816053134463,35.72809679621829,28.350393149386175,28.52316825576852,335.9875176101923,110.43967679142952,117.2154676169157,320.8588343113661,396.53475396335125,563.6247340589762
107,3.0984926686217,18.6399393939394,6.73761176470588,6.56193142857143,2.50858313253012,15.2862133333333,2.54622637362637,15.5975,2.38057461024499,12.4508817204301,2.40046238938053,12.1513058823529,25.2848055555556,4.24392181069959,17.0806984126984,43.83322992189833,14.245006203001534,42.633636571161794,28.416208802137355,28.552188165206303,326.19964331388474,101.18111968040466,109.03351940214634,298.2542384415865,396.0474394261837,553.9023317396641
108,2.8244634146341503,18.2083181818182,6.12247777777778,6.11587777777778,2.41661434977578,15.381065789473698,2.42560083160083,15.3943,2.3089571106094797,12.2518505747126,2.3392023255814,12.2683510638298,24.9679347826087,4.18459398496241,17.571734375000002,36.457564071245905,14.281786176624866,35.53596538256414,28.471234215486497,27.074914242112733,322.5699532777071,109.74369943141937,116.08484201133251,331.6917922347784,389.65814746916294,555.888470262289
109,2.79977688172043,18.56140625,6.65306622516556,6.70358235294118,2.4174685990338203,15.430027027026998,2.39395893223819,15.3141212121212,2.30818025751073,12.2245681818182,2.29195694716243,12.5330430107527,25.213575,4.11122134387352,16.983112903225802,43.945736292378534,14.265040150901596,42.759935603730305,28.52846536573049,27.394334329074287,315.93451276421547,118.70106682181358,125.19690208137035,318.1430045515299,477.56279818713665,575.3495264798403
110,2.74469951923077,18.1905294117647,6.17303592814371,5.974609375,2.5794598540146003,15.509698630137,2.49092857142857,15.218197183098601,2.28809576837416,12.432772727272699,2.25553846153846,12.155843373494,25.1037317073171,4.521996,17.079600000000003,36.5417245557174,14.276585011653303,35.579770062757106,28.371138166538948,28.388452895628717,320.81264071166515,114.31491002440453,125.99220499396324,317.8081475198269,394.2621871829033,572.0217246562243
111,2.64172093023256,27.345534883720898,5.98667222222222,5.95846113989637,1.8823129370629401,15.619081081081099,1.8966777408637898,15.3181780821918,2.15439622641509,12.400967032967,2.1612626050420203,12.093826086956499,28.3341707317073,4.5803686440678,17.08,36.523874303842845,14.212482404575443,35.53027793402181,28.432007236388817,26.859056433397633,318.6021465808153,100.45599192380905,117.93719604611397,314.1725901514292,552.8719630092382,550.6669171154499
112,2.9167362924282,18.190223880597,5.98552873563218,6.116744680851061,2.59753571428571,15.2922972972973,2.60066448801743,15.2506666666667,2.34848801742919,12.4717692307692,2.3960794979079503,12.5467586206897,25.1691739130435,4.16797841726619,17.342111111111098,43.733853863285525,14.291581676610175,42.586219091259885,28.478951905717413,28.4339823801822,313.1467383354902,115.77215045690536,123.0047084391117,310.7707481831312,473.22874888777733,557.0319946855307
113,3.0310031250000002,27.3336222222222,6.61738709677419,6.55200552486188,2.5170000000000003,15.2443333333333,2.51922641509434,15.2270985915493,2.3671677018633503,12.3628636363636,2.4629483568075097,12.4717731958763,25.7486739130435,4.21550996015936,17.0196323529412,36.49417271260135,14.273004413289582,35.38560803348936,28.350227874397827,28.36513892279557,316.9404808431864,94.0962228924036,104.6888530254364,297.55113646388054,380.0284117460251,567.0157261192799
114,2.9247583547557796,23.316108695652197,5.34305729166667,10.8788571428571,1.63504768392371,15.363305084745802,1.5980434192672999,15.762649350649403,2.05890262172285,12.6209651162791,2.06064880952381,12.3170625,32.662194444444395,4.29055805243446,17.1292962962963,80.68188833993914,14.293528496142951,57.006107023010934,28.241009920803165,27.312855997785707,311.13694421947,125.67373923957348,135.21560467779636,333.5900139063597,1102.2436432540417,178.6472275853157
115,2.85264851485149,18.229000000000003,6.59068387096774,6.66549438202247,2.06921181262729,18.7684754098361,2.13361460446247,18.392275862069,2.28511928429423,12.169723404255299,2.26898027613412,12.1758988764045,25.0492105263158,3.60135272727273,9.96273529411765,43.953454049491874,14.26562656158384,42.70584505952997,28.497227144476973,27.737088092460397,306.61006458103657,102.03821584582329,114.15798217058182,300.8227329701185,389.13567550480366,562.6766011118889
116,2.5474911894273102,18.20559375,5.981005181347149,5.95420618556701,2.4791025104602498,15.7632465753425,2.27295814977974,15.6992631578947,2.2047034883720897,12.253565217391301,2.09104204753199,12.511012195122,25.0532608695652,4.57209282700422,17.7500925925926,36.898473801148356,14.429502286418499,35.90140162628498,28.439563953580105,28.761640708404922,330.5535763502121,119.93455700576305,125.08337385952473,347.16534428298473,406.27908892929554,556.1285186558962
117,2.72361124694377,27.3358205128205,5.9467868852459,5.9559329608938505,2.50871615720524,21.504962264150898,2.4330415704388,21.51325,2.42581208053691,12.2693333333333,2.48226359832636,12.2528518518519,29.154,3.7399175627240098,9.82856034482759,36.764163547297755,14.2649974628075,35.48923809459372,28.32377819282893,28.46395749335696,327.2478934377432,107.55239054560661,118.41356754302979,308.79038386046886,390.14373905956745,560.0722040981054
118,2.62749722222222,27.2538048780488,6.56321666666667,6.6393647058823495,2.55595377128954,16.2714745762712,2.48105185185185,16.5074193548387,2.3631456521739103,12.3367553191489,2.28341555555556,12.293373493975901,28.9770714285714,3.55577507598784,9.96241747572815,36.538865741317025,14.271426064534277,35.62139142982431,28.493567925625165,28.164960058093197,322.14964739978313,114.48697187006474,128.25112789869308,324.16218891739845,404.7228954732418,555.0109315663576
119,2.4376714285714303,27.242088888888897,5.42962244897959,7.8625182481751805,2.01328366247756,15.7368666666667,2.0267476808905402,15.4440945945946,2.14730753968254,12.5131265822785,2.22942641509434,12.3141609195402,25.4231956521739,4.47348669201521,17.9558235294118,43.837040158725486,14.313295957269936,35.648607486698204,28.383862570039465,28.447448274974924,305.2275627851486,126.22959911823273,137.05161400139332,317.58458353579044,774.6236864477396,192.28151068091393
120,2.88855313351499,27.439146341463402,6.693202614379089,6.70181395348837,2.13104587155963,18.8191578947368,2.10910256410256,18.3337678571429,2.22889587426326,12.1426105263158,2.27466373626374,12.418531250000001,28.4543333333333,4.48419396551724,17.3274848484848,43.975840896320335,14.397509868441931,42.8530668438407,28.425961767520093,27.78973921716801,314.719183370471,108.93088765442371,119.38265524804592,313.0478784441948,406.96258656680584,552.7371075004339
121,3.47279872204473,18.19145,6.66781142857143,6.55516556291391,2.4237036199095,15.2565128205128,2.44134916864608,15.300927536231898,2.2301893939393898,12.1873260869565,2.20505156537753,12.4704814814815,25.0422127659574,3.5911344262295097,10.2645752212389,36.539212769793686,14.259038776776892,35.578845269966415,28.455606809947607,28.452366077350298,301.12797394394875,110.75926013290882,124.1034362465143,315.25962986052036,401.92739106714725,558.9593201875687
122,2.82085378590078,24.071431818181797,6.41159668508287,5.9752642487046606,2.15788888888889,15.2558507462687,2.23859210526316,15.2619230769231,2.38297920997921,12.1884787234043,2.3606198156682,12.465117021276601,25.1817727272727,4.425582278481009,18.0011551724138,43.89600566607053,14.274444195438695,42.683415116738296,28.437436320957772,28.528777395698782,321.6702491044998,99.65673089027405,107.2046346962452,315.0641452521086,398.4810784459114,550.6288725882769
123,3.20925284090909,18.201375,6.10124404761905,6.1318630952381,2.38648913043478,15.4607361111111,2.35318052738337,15.3052537313433,2.20760151802657,12.5056666666667,2.1865162601626,12.2317391304348,25.178565217391302,3.44008411214953,9.69784112149533,43.97480524191946,14.252783377323086,42.843990796578396,28.89208358479067,26.814961390730723,305.79078011214733,107.81679302453995,116.38309806585312,327.3669630289078,397.09904231131077,548.8675087690353
124,2.73832107843137,27.30655,6.04497894736842,6.00495135135135,2.675343832021,15.555972602739699,2.6593906976744197,15.1578823529412,2.4744851063829802,12.1092619047619,2.48853676470588,12.3955,28.2214146341463,3.63981647940075,9.78172072072072,43.71347188100487,14.242231714828181,42.66134843256061,28.46270109494619,26.93238206753702,313.775846734643,101.03359818458557,110.91702617704868,317.5714984536171,379.45061922073364,569.3043116480112
125,2.75649744897959,34.1015,6.543394285714291,6.54755865921788,2.3709445585215603,15.611538461538501,2.36345601851852,15.547173333333301,2.18573846153846,12.327934782608699,2.1914375,12.1865368421053,28.856432432432403,4.16801214574899,17.0154333333333,36.62807360390576,14.309788921894034,35.42754844540892,28.34193301863614,28.398816160883722,316.33367761969566,122.93849140405656,129.24629263579845,305.9537149965763,495.51925621926785,563.057092949748
126,2.6818353510895903,17.6957090909091,6.70401829268293,6.616,2.29487148594378,18.4506727272727,2.34603432494279,18.4311481481481,2.57167452830189,12.3299277108434,2.55976884422111,12.3988539325843,24.9631739130435,3.56735766423358,9.889091743119272,43.97194407187037,14.267588140279186,42.57042046598285,28.45612604327378,28.55931078338352,329.27030697464943,124.76430274546146,136.50832697749138,330.1383461803198,599.4720850139856,549.2256954312325
127,2.76589855072464,23.106641509434,6.59405298013245,6.591414012738849,2.60921989528796,15.7326307692308,2.7670657534246597,15.313703125,2.45711851851852,12.1379662921348,2.4647228637413403,12.1362127659574,25.173826086956502,3.36589171974522,9.79549572649573,43.871986321604375,14.280974595875547,42.725999565352446,28.443070726010273,28.177679614624054,315.8216830343008,110.98040267825127,120.46415358781815,303.70475724339485,380.5864602327347,558.8584113866091
128,2.91485309278351,18.222016393442598,6.59500574712644,6.55188068181818,2.2266847599164903,15.521954545454498,2.2043916500994003,15.417438356164402,2.43685864978903,12.4498494623656,2.36493333333333,12.1765357142857,25.126119047619003,3.71297288135593,10.06231,36.567428371081846,14.305799773253657,35.568629175553916,28.436808392156212,28.19634439650853,328.31570133566856,97.79082611203194,109.58523489534855,310.97219325602055,391.67734794318676,552.9377609491348
129,2.4727847826087,27.296975,5.3248450704225405,9.37422950819672,1.66040863309353,15.5126164383562,1.62904125177809,15.8940405405405,2.32009418837675,12.3920243902439,2.32284650112867,12.387184782608701,25.55535,4.3115119047619,16.8990454545455,51.52883095425404,14.270096240162784,35.73279587867827,28.516820111165785,28.327822566527345,305.1177132874727,117.57072061300278,127.89061293005943,317.7742939442396,924.8018264770508,168.8589807599783
130,2.78153588516746,27.4171627906977,6.64543103448276,6.52773006134969,2.13623440453686,18.593774193548402,2.18415856236786,18.3000357142857,2.44025330396476,12.2143723404255,2.41869787234043,12.2122048192771,28.2651578947368,4.426979757085021,17.151193548387102,36.46319915160006,14.325993078900868,35.52227489047561,28.45419980006597,27.424849796348646,312.83809803426266,100.00602342188358,113.06549422442913,293.52656565606594,375.6800666451454,554.8920948058367
131,2.3982723004694804,27.2924090909091,5.95029518072289,5.956702857142861,2.22160217391304,15.2060882352941,2.23492765957447,15.455547945205499,2.48658029978587,12.194044943820199,2.43580449438202,12.2366344086021,28.7346111111111,4.182935361216731,16.8705333333333,43.847746417592184,14.29610629280551,42.65564546880729,28.473412925308338,27.709556282528677,309.00598503649235,98.06947782635689,111.80387809872627,305.81471510231495,383.75863805413246,562.7220962196589
132,2.99752150537634,27.3145348837209,6.55450943396226,6.56623529411765,2.71976010781671,18.3805090909091,2.76213819095477,18.6479166666667,2.48266748166259,12.1622297297297,2.46320293398533,12.172244680851101,29.2339142857143,4.31369318181818,16.940649999999998,51.46267331540644,14.250243738552927,42.675393095202054,28.452652293024226,28.38545104350012,312.78328970074654,91.45122021436691,98.42519648373127,316.52096658945084,463.86667527258396,562.5799763947725
133,2.61946982758621,18.156546875,6.010305699481861,6.41933950617284,2.59107920792079,15.275940298507498,2.53855210643016,15.2732089552239,2.41126724137931,12.2098255813954,2.35355555555556,12.3668709677419,25.484560975609803,3.4551237458194,9.79341441441441,36.470092704235014,14.253530364694344,35.474687529483866,28.37365591494366,28.13431799535803,321.59406691789627,116.83367192745209,120.9750771522522,312.51441687345505,388.9096900820732,555.7687021791935
134,2.69483116883117,18.315552238806003,5.2966296296296305,8.59255084745763,2.1391407129455904,16.6075967741935,2.0828050541516197,16.1783965517241,2.3696529284164902,12.4795853658537,2.2629596928982703,12.4783827160494,25.5373571428571,4.4178555133079795,16.980932203389802,73.21377486155035,14.276414755827547,28.44801096231516,28.43315580632054,28.38553467803921,310.96674501895905,118.48825961351395,128.08721512556076,322.87081703543663,1308.01098421216,174.42433163523674
135,2.85853887399464,18.1630677966102,5.936891752577321,5.9340549450549505,2.15710566037736,15.5464857142857,2.23643260869565,15.499527027026998,2.45567008196721,12.2446458333333,2.37325514403292,12.441023255814,25.0360731707317,3.60057986111111,9.7953220338983,43.856094403422446,14.26845792549314,42.61112414100036,28.37461165178781,28.205434119070638,331.2047105282545,115.56250974535942,123.62641282379627,315.4287114739418,392.52927526831627,565.1205312460661
136,2.92511680911681,18.221737704918,6.54266285714286,6.7811695906432705,2.5483526881720397,15.137626865671601,2.53557673267327,15.1553833333333,2.3655916114790303,12.0559294117647,2.37994845360825,12.3088421052632,25.2730217391304,4.34571861471861,17.173366666666702,43.81404073080733,14.238948625710403,42.72061523583066,28.447871182652456,27.291967687080547,302.2897522896528,110.55711656808853,116.17024429142475,309.81223098933697,376.4072898775339,549.9673075973988
137,2.7511926829268303,18.204794117647097,5.97028795811518,6.04430994152047,2.40369545454545,15.3548787878788,2.4005875299760198,15.1601343283582,2.1148515769944303,12.256619047619001,2.1397026022304804,12.0904,21.9580392156863,4.579258823529409,16.909841269841298,36.48669455316583,14.244614005403733,35.520864407200335,28.515160224657453,28.151687886430548,306.7385405302048,107.6861284673214,116.35450646281242,309.7635693848133,385.08293218910694,556.9902714341879
138,2.9255,27.337325581395298,6.56399435028249,6.55167816091954,1.9914003868471999,15.211855263157899,1.9341442495126697,15.212447761194001,2.20151434034417,12.197475609756099,2.2416774891774898,12.244626506024101,28.9475,3.26916358024691,9.68429126213592,43.769830475739944,14.200129173148015,42.59997049822721,28.349842860436503,28.445384475220564,315.2586054056883,105.47544807195663,113.46195824444294,314.95182774960995,478.2786127179861,550.1107312738895
139,3.10396396396396,18.1666865671642,6.53728977272727,6.55687096774194,2.46247795823666,15.245414285714299,2.45105520169851,15.433106060606102,2.35048008849558,12.1579285714286,2.2794760869565196,12.1784324324324,25.1675476190476,4.21034798534798,17.2440724637681,43.688909689671284,14.42035703587665,42.4875422474273,28.410634589889934,28.463307641197748,315.9528598189354,109.48991402983665,117.07940138876438,314.0720073133707,385.71315817534924,556.2569014728069
140,2.82340097799511,18.208966666666697,6.588511627906979,6.66270786516854,2.5146710816777,15.5995909090909,2.46877725118483,15.2195945945946,2.3534029535865,12.1227628865979,2.3631880952380997,12.1457951807229,25.1948048780488,4.35884905660377,16.8489848484848,43.80269461736142,14.277877306357569,42.639425064404236,28.436834949316935,28.49493962870671,313.1906967610121,102.3399643599987,110.73695495724678,301.90395191311836,393.69985461235046,549.9386228621006
141,2.92482492581602,27.2111025641026,5.97769543147208,5.98674603174603,2.2589980620155,21.797092592592602,2.28270808678501,21.3834528301887,2.24995816733068,12.2064680851064,2.2846470588235297,12.4947272727273,28.255374999999997,4.4135495495495505,18.0058888888889,36.53436808994321,14.264853216860795,35.50204496923616,28.38919698677658,28.593578817909414,325.6592433899641,107.32351802289486,110.10398156940937,303.2106440514326,380.04075177013874,550.6370216608047
142,2.68293617021277,25.676767441860502,5.9660393258427,5.9815700000000005,2.44094457831325,15.6744,2.5027067833698,15.3103432835821,2.3153179074446704,12.316655913978499,2.32040388768898,12.2564246575342,25.216825,4.51816334661355,17.0405737704918,44.17053435758888,14.33021325700178,42.903962676734025,28.54918352184341,28.475760038326126,323.2968505471945,96.89782746136189,102.38261893391609,312.74198554456234,393.080385401845,559.2004861682653
143,3.00535416666667,23.2466086956522,6.72392397660819,6.5677935483871,2.4844912280701803,15.437054054054101,2.5331777777777797,15.452272727272701,2.43414135021097,12.2471204819277,2.4103834080717497,12.470121951219499,24.971847826087,4.05842906574394,17.5871060606061,36.72238167435999,14.346813153117289,35.61592477282353,28.41457735846019,26.962562444078802,321.983452886343,117.3519529402256,120.76050043106079,322.9559399187565,399.46953766047955,553.0508700758219
144,2.78421291866029,18.1613846153846,5.7927688442211105,5.78500485436893,2.87469304556355,15.595397260273998,2.74941666666667,15.586229729729702,2.49507468879668,12.349670212766,2.52716233766234,12.204098901098899,21.8332888888889,4.25963003663004,17.8336268656716,44.07585466124822,14.359979664531934,42.97209422386867,28.566093368339452,27.699293893645617,337.6430366188288,108.1220805644989,117.52885766327381,321.0806753486395,479.4781096279621,552.3484200239182
145,2.5978962264150898,27.30515,6.75603289473684,6.69443502824859,2.17,18.3530784313726,2.18258223062382,18.2421428571429,2.4814853556485397,12.4285425531915,2.48029620853081,12.139130952381,28.626472222222198,4.334282511210761,17.0078,44.12447883328472,14.291296044160372,42.80700874576999,28.60548180433294,28.03482659831407,309.6046391874552,107.83220641314983,117.72089637815952,304.213585332036,390.8309619873762,560.319609940052
146,2.8572790123456797,18.209656250000002,6.48967878787879,6.50026582278481,2.55113586956522,15.339590909090902,2.6343584474885797,15.7125342465753,2.42075423728814,12.5594,2.4595720338983,12.2355180722892,25.4126666666667,4.578241245136191,17.637803030303,36.810977714511274,14.36037083926521,35.71495946616318,28.558099832565524,28.512311853119876,326.62441954016685,99.84294883906841,103.35193946957588,300.4394005984068,378.537317737937,556.1890080571175
147,3.12452861035422,27.348650000000003,6.693664739884389,6.60175294117647,2.38401184834123,15.265597014925401,2.46263347457627,15.6541111111111,2.36396100917431,12.2299277108434,2.28546697038724,12.4097042253521,28.801341463414598,3.83841233766234,10.0719166666667,36.61334946736192,14.35913791924675,35.72478910962013,28.508001396455732,28.600351276683238,320.1478160917759,108.8158693164587,119.98340487480164,319.32410784065723,385.6780007481575,556.2942009419203
148,2.80256725146199,18.1691166666667,6.123456140350879,6.026578125,2.6207487804878,15.675405797101401,2.55278911564626,15.2868309859155,2.40597362110312,12.196724489795901,2.44945952380952,12.2337368421053,25.450520833333297,4.381340996168579,17.5232280701754,44.02291900778865,14.312868658042671,42.673054442547254,28.578872887073768,28.54162951494589,317.80973076820374,100.0741496682167,103.20148430764675,304.57908287644386,385.8495503664017,550.0674247741699
149,2.3461428571428598,27.2988,6.70637931034483,6.71205263157895,1.68648421052632,15.565499999999998,1.78712310030395,15.2031333333333,2.27037074148297,12.1690315789474,2.2832012195122,12.442957446808501,28.4707317073171,4.29034716981132,16.967593220339,36.72602522928938,14.306528780112336,35.5510286011162,28.51580540513839,27.628489447672067,338.97864632308483,113.5331578552723,118.97594667971134,336.12409606575966,491.05528742074966,568.1206006556749
150,2.70806279069767,27.3333157894737,6.67013548387097,6.65523563218391,2.3944174528301896,16.103916666666702,2.40886274509804,16.0324084507042,2.2613868131868102,12.3391590909091,2.2444989059080998,12.1697528089888,28.967675,4.54826382978723,17.023117647058797,44.01018971672182,14.258973945447266,42.96942254329669,28.444736754053377,28.675356426117357,299.67818409204483,108.6102332919836,112.94265277683735,314.80807811021805,384.5615778118372,561.09051220119
151,2.9134247311827997,27.288307692307697,6.715889610389611,6.57469318181818,2.48908474576271,15.392666666666699,2.41779047619048,15.291637681159399,2.32468848758465,12.2742261904762,2.31443274853801,12.2180588235294,28.853833333333302,4.59029596412556,17.1868636363636,29.44811926273194,14.336142249022268,28.542166824007758,28.638082995470274,28.758560910776342,329.44981940090656,110.87069287896156,118.24849061667919,236.05413734912872,307.3485102504492,549.6524274349213
152,2.8377156862745103,18.1026567164179,5.33025531914894,8.907278260869559,2.22873318872017,15.739041666666699,2.21010195227766,15.760925373134299,2.3623714285714303,12.551094736842101,2.4099539748954,12.355351648351599,26.1907333333333,4.559986607142861,17.3286140350877,66.11318824209245,14.345946484867756,57.39859924888158,28.806184436116595,28.71682964527574,315.3770696371794,125.14381669461727,127.39393860101701,330.35101369023323,1729.903882369399,186.981912702322
153,2.83892222222222,18.206644067796603,6.5179748427673,6.54154938271605,2.45892718446602,15.623115942029001,2.51232696897375,15.1708805970149,2.40047123893805,12.42775,2.35708528784648,12.125625,25.543869565217403,3.5555847750865,9.87246078431373,36.648754022364564,14.31600455077621,35.80692013063149,28.592327082949467,26.971015761747477,324.797909706831,110.46901345252991,116.29676446318626,330.4354380816221,395.6934902817011,565.6081717461348
154,2.76982063882064,17.6704,6.7017171052631594,6.624848484848489,2.5044055944055903,15.347333333333301,2.52694444444444,15.3265070422535,2.4270966183574902,12.4063139534884,2.40848822269807,12.4641098901099,25.796375,3.65304501607717,9.79678181818182,36.615943120007685,14.315024302915036,35.65523241987027,28.571427524397517,27.104225337550744,335.8926624059677,98.29257614910603,105.59144429862499,300.20703561604023,376.07476115226746,566.3122981786728
155,2.93562140992167,18.219627118644098,5.94441538461538,6.07292045454546,2.5850820399113097,15.2065441176471,2.4420740740740703,15.2065588235294,2.28190105263158,12.169273809523801,2.3627818181818196,12.442247422680401,25.4038444444444,4.1788421052631595,17.0062686567164,44.06228529099937,14.345797994039252,42.75001335350189,28.67516238441331,28.572251851068128,319.0737683326006,108.3380077034235,115.19682593643665,305.0682134926319,385.526055470109,549.1544026881456
156,3.2579436619718303,27.3075476190476,5.7383595505618,5.616873626373629,2.1669138276553097,15.6407638888889,2.05228108108108,15.245999999999999,2.27472495088409,12.393056338028199,2.3165090497737597,12.1961686746988,28.3282432432432,3.58993272171254,9.93435643564356,43.895920606826685,14.28865437003231,42.67932131411118,28.5417446113665,28.53481445718272,323.09400849044323,106.6458411514759,113.54410089552402,301.4808986335993,384.70448926091194,561.386113986373
157,3.11570798898072,18.212133333333302,5.96840101522843,5.97242857142857,2.4132990430622,15.2220285714286,2.57098820754717,15.2262898550725,2.36435079726651,12.4727901234568,2.39903935185185,12.142595238095199,25.0694347826087,3.62598615916955,10.029682692307698,36.505703995659275,14.34148818660944,35.61346454889646,28.464916382718453,28.44932512982994,328.3936530351639,101.25832632184029,119.7268720716238,302.4822100996971,392.83912628889084,557.1512971073389
158,2.82221522309711,18.1711833333333,6.586057692307691,6.60002366863905,2.11762316176471,15.2877101449275,2.21422637362637,15.5213066666667,2.4471461864406803,12.175418604651199,2.33808200455581,12.257913978494601,25.0202093023256,4.6272447257384,17.5622881355932,36.37678521905526,14.494210589082869,35.50625204793152,28.443763273670932,28.57190038560309,325.6428986787796,113.26642706990242,127.52278707921504,318.38081777095795,397.99390360713005,567.7959881722927
159,2.89259090909091,27.3259069767442,5.99058139534884,5.98737566137566,2.29992445328032,18.661534482758597,2.32008372093023,18.4629344262295,2.30183796296296,12.3408674698795,2.33351919191919,12.3407469879518,29.0859714285714,3.4510477815699696,9.79568965517241,43.96052654256731,14.270097332786733,42.633424923361645,28.456851259487635,27.011744421077648,314.097385853529,110.5602364987135,117.49546974897385,307.33365565538406,478.7941463291645,559.5793016254902
160,2.79012886597938,18.198137931034502,5.98602617801047,5.9643193717277505,2.2521304347826097,18.3447288135593,2.19315839694657,18.824016666666697,2.36460747663551,12.1662142857143,2.29503463203463,12.165312499999999,25.6109090909091,4.30228389830509,16.9792413793103,51.25215256258356,14.274660935832355,49.83268883826331,28.46962879250743,28.540788353480384,313.7086983770132,92.99693629145622,100.61440989375114,289.9755723774433,465.15604481101036,562.2307769954205
161,3.23348888888889,27.3351111111111,6.14643915343915,5.98248255813954,2.13538729508197,15.5827083333333,2.16283157894737,15.505246753246801,2.35140824742268,12.418858695652201,2.34832794457275,12.4105487804878,28.2284857142857,4.51754980079681,16.9306764705882,43.90253360769176,14.264308201679013,42.81871717645541,28.422755964542226,28.29185942582069,310.74569560587406,103.98677550256252,112.77389712631702,322.28361815214157,385.88731549680233,549.6711004525423
162,2.46145435244161,18.22503125,6.0169371727748695,5.95323711340206,1.80867189952904,15.276000000000002,1.71611703703704,15.2827428571429,2.42101020408163,12.5294507042254,2.39690604026846,12.224083333333299,25.062347826087,4.24995689655172,17.0251846153846,36.50620783576931,14.374177100850812,35.503420339605,28.407513969580073,26.958562019763416,329.2334731668234,104.08814996480942,116.19972065091133,298.8194115459919,383.55630822479725,554.5023363083601
163,2.44925053533191,27.559325,6.69004624277457,6.55499363057325,2.30461009174312,18.705109375000003,2.2773078470825,18.7015689655172,2.35194780793319,12.1829310344828,2.3135873983739796,12.1793294117647,28.3949142857143,4.20729181494662,16.910151515151497,36.630324110595964,14.313637222478107,35.805009628586596,28.5261160689169,26.839007519122127,328.4587524831295,106.38460516929626,111.62278242409229,321.2392330169678,397.7278247475624,552.5220651179552
164,3.29490753424658,18.200712121212103,5.97697474747475,5.96731609195402,1.8734964664311,15.2834626865672,1.94059666666667,15.612605263157901,2.23514893617021,12.5181075268817,2.16414869888476,12.438875000000001,25.305925,4.23599215686275,17.5964905660377,36.63549581098961,14.319538979806998,35.73025289702165,28.523653128729986,26.855080506480697,314.00369480252266,117.37593449652195,126.87123380601408,313.743157312274,392.8271122276783,558.837316930294
165,3.0745701754386,18.2097230769231,5.98206358381503,5.95797633136095,2.70206613756614,18.713122807017502,2.61232929782082,18.3558548387097,2.3821674008810603,12.384714285714299,2.33794929006085,12.1348510638298,25.1478372093023,4.5383984375,17.8162686567164,43.82403079628914,14.29927163380763,42.59062588019265,28.46099863984955,27.786323500080346,324.6307373046875,103.31561788916588,113.271689042449,302.4690318852663,460.1152613759041,559.8568823188543
166,3.02067492260062,18.142369230769198,6.04063541666667,6.09569090909091,2.43022526315789,15.297614285714298,2.47911496746204,15.7131948051948,2.40431074766355,12.5101612903226,2.30600898876404,12.4638795180723,25.2469111111111,4.30826037735849,16.8600317460317,43.97820948945981,14.27757983674731,42.74340826187729,28.48924884853257,28.00205350466477,319.16662119328976,108.14587585628033,117.13113635778427,312.14188784360886,391.0927101969719,543.1397818028927
167,2.53506650246305,27.2573863636364,6.51364,6.53116265060241,2.4162404040404,15.260320000000002,2.4652018140589598,15.55268,2.31472580645161,12.3068902439024,2.2057037037037,12.172587628866001,28.087,3.3716688524590204,9.66105357142857,43.877400536123496,14.280486512971587,42.74020681884671,28.463753207330182,26.879240490163262,313.84676694869995,104.90193963050842,112.52686381340027,310.8690492808819,386.69006898999214,556.6338077187538
168,2.92744634146341,27.3146818181818,6.31978362573099,5.9680052356020905,2.45939497716895,15.172400000000001,2.4795936794582403,15.517499999999998,2.3632927400468398,12.1002631578947,2.3274419551934797,12.1042121212121,28.2585238095238,4.53873705179283,16.9563,43.78203472946665,14.275383311992435,42.66803669946271,28.442283165074254,27.521247524739458,330.78365959227085,109.73396711051464,115.38229882717133,313.01435083150864,394.2034672945738,556.3518032431602
169,2.7814323040380002,18.235046875,5.94030057803468,5.9538947368421,2.73218115942029,15.745849315068499,2.68305476190476,15.295615384615399,2.43763326226013,12.187686746988001,2.47698834498834,12.1953829787234,25.1220512820513,4.71998023715415,16.8842272727273,43.96789064119611,14.25638098045456,42.82091274396291,28.36934703727427,28.318285511717146,300.1435659825802,106.73920623958111,114.80911634862423,310.4478120803833,394.3906631320715,550.3002088516951
170,2.98627245508982,18.155846153846202,6.6000490797546,6.74330769230769,2.4378014705882403,15.3896714285714,2.38632298136646,15.2004933333333,2.24667151767152,12.1276395348837,2.2649337748344402,12.40325,25.064025,4.1646334519573,17.6227878787879,44.266631995085135,14.254113345024837,42.654940761865056,28.41265874064334,26.812031408149796,318.59511509537697,102.36282832920551,109.35813188552856,299.4692884385586,400.45673958957195,563.4712986648083
171,2.62506075949367,27.292275,6.137640718562871,6.117875000000001,2.4245308641975303,18.3664545454545,2.39166101694915,18.319838709677402,2.32840365111562,12.4678260869565,2.3896406249999997,12.4164418604651,28.8811621621622,3.4336395348837203,10.1520796460177,36.53875629579127,14.287167960262549,35.48693112178507,28.310903491945567,28.226232365903364,322.1148159354925,111.90390214323997,120.8198256790638,310.41810289025307,561.1772183328867,554.0960002690554
172,2.93795324675325,18.247937500000003,6.56769426751592,6.6758431372549,2.24287428571429,18.2926271186441,2.23501046025105,18.30275,2.3673302107728302,12.4510531914894,2.30408482142857,12.4196744186047,25.439761904761898,4.39929674796748,17.0502,43.84569337113418,14.296320581130642,42.81827503203173,28.468653569200125,27.024255388798874,319.8741003870964,103.22201997041702,114.02335949242115,310.3446215391159,397.65480905771255,554.1638005524874
173,2.8287637362637397,18.153483333333302,5.98038020833333,6.1132091836734705,2.46479735682819,15.5191866666667,2.4819096774193503,15.675016949152498,2.39726993865031,12.3614583333333,2.34609567198178,12.471170212766001,25.7277948717949,4.60188416988417,17.4487424242424,43.89198708798877,14.264079554462922,42.68650328223162,28.645180994680864,28.494232534747788,329.3995279818773,92.04568341374397,100.97119957208633,303.19374054670334,394.06740106642246,554.1421007364988
174,2.88246287128713,18.1994769230769,6.7289751552795,6.71867080745342,2.25337351778656,18.4817049180328,2.1494943609022603,18.2556949152542,2.3167108167770403,12.2559784946237,2.3757387755101997,12.314068965517201,25.1892682926829,3.59517770034843,10.1152831858407,36.5816504253873,14.260550263591313,35.684715262195226,28.452511091801586,28.482288152189643,304.58918772637844,116.95204302668571,130.50981797277927,319.8731690645218,384.6463281661272,563.9672745019197
175,2.57523725055432,38.478206896551704,6.0329387755102,6.12227683615819,1.9613615916955,15.48536,1.9541658119658099,15.3965820895522,2.2410426356589097,12.1216516853933,2.22143776824034,12.117642857142899,25.2046956521739,4.14620216606498,16.9227833333333,43.99210767518646,14.298401147623022,42.66842184181565,28.45118212964791,28.886523462054946,313.1606616079807,95.45814245939255,108.6271833628416,309.8631277680397,394.1850736737251,549.7210193425417
176,2.47398313253012,18.1495833333333,5.42828795811518,8.031561538461538,2.17484274193548,15.456416666666701,2.13265009208103,15.652164179104501,2.2117211009174302,12.1858611111111,2.1813434959349602,12.485505154639199,25.7659555555556,4.42175536480687,17.0260166666667,65.95215266951537,14.247251290151251,28.501325775736582,28.43880092380941,28.364106909876718,299.7224684804678,123.96713718771936,133.30746442079544,334.75058153271675,1246.3454622775316,188.88600170612335
177,3.1940027173913,27.3617906976744,6.73496531791908,6.74386184210526,2.04861151079137,15.2590285714286,1.9406526717557298,15.290133333333301,2.36197752808989,12.4306705882353,2.4003033932135702,12.443537634408601,28.3382195121951,3.7019025974026,9.794211864406781,43.836479136720044,14.286215729562816,42.46598586188049,28.387477603079997,28.182352496771088,328.88674177229404,109.65624824166298,112.17016726732254,300.9594976902008,413.18139992654324,553.1812086701393
178,2.69526649746193,18.2320327868852,6.74427325581395,6.5695625,2.31497373737374,15.297970588235302,2.31050337078652,15.682414285714298,2.1478097826087,12.242989010989,2.1864335154827,12.2606,24.983152173913002,3.62315335463259,9.89051754385965,36.54586505614314,14.2603601237376,35.53043232068091,28.442880303150627,28.355004298466785,336.7591183632612,94.24043819308281,104.09234091639519,308.0872353166342,386.0876429826021,561.2220615148544
179,2.79025068119891,18.2061639344262,6.58918543046358,6.57292682926829,2.6152966507177,15.1875,2.53806956521739,15.4671232876712,2.34565819861432,12.1443411764706,2.41435699373695,12.351659574468101,24.976173913043503,4.2747191011236,17.9122166666667,36.39015325511072,14.2916001938791,35.42763209705363,28.42569165759858,28.116820446072346,301.6015514731407,100.73836892843246,107.82047174870968,296.93376272916794,385.00786758959293,563.0165804177523
180,2.5131308411215003,27.286780487804897,6.57258974358974,6.67209302325581,2.22544074844075,18.646758064516103,2.20616231343284,18.352095238095202,2.39014489795918,12.172114942528701,2.33194545454545,12.4554787234043,29.040542857142903,4.526257936507941,17.0620735294118,43.862626497819264,14.313970365056342,42.74534976579602,28.430605867820894,28.036135426461676,318.0372528731823,114.93987403810024,128.69266793131828,304.0304407477379,401.6375169157982,560.5559796094894
181,3.05828662420382,18.1890517241379,6.27657926829268,6.428076470588239,2.26468942731278,15.3616769230769,2.27293518518519,15.3936470588235,2.58288063660477,12.198521276595699,2.5729429928741103,12.510130434782601,25.735775,4.13881227436823,17.0441641791045,36.583772339547444,14.348515303348725,35.50601076367967,28.425444863290764,28.50071034712018,314.0475135296583,104.18114252388477,108.9347992092371,310.464296489954,462.93805353343487,558.6965009570122
182,2.9604943820224703,18.1604098360656,5.44333636363636,10.4926055045872,1.91727188081937,15.35,1.9594063018242103,15.7257945205479,2.07925457875458,12.510268817204299,2.16511623616236,12.281395348837199,31.9098918918919,4.26843891402715,17.0526290322581,118.43630288793626,14.245198284781628,35.913378432258554,28.405672218641154,28.459216021980936,321.9648264348507,123.48862364888191,123.27153235673903,321.5216100215912,1369.7704765945673,194.1080205142498
183,2.84426315789474,18.1695666666667,6.56097790055249,6.6354203821655995,2.4491829787234,18.8641803278689,2.51925438596491,18.469344827586198,2.29213228699552,12.2119770114943,2.31474528301887,12.2092771084337,25.149304347826103,3.3514588235294096,10.1240168067227,36.52239510545903,14.26683125380346,35.56421593035673,28.44014855161281,28.41204262419078,293.11045072972775,95.68980894982815,107.86466300487518,292.0876257121563,369.94945257902145,554.071320220828
184,2.52902205882353,27.358186046511598,6.58657471264368,6.5695549132948,2.41851428571429,15.5445230769231,2.39936929460581,15.340485714285698,2.31229147982063,12.461,2.2990923076923098,12.4553647058824,28.8882142857143,4.712643724696361,16.8135714285714,43.96881918768981,14.310424858373674,42.711745873896646,28.484921430567162,28.54231416870484,313.90017829835415,103.14257815480232,112.0531465858221,321.3959280401468,483.0553662031889,557.8326061367989
185,2.95304619565217,18.21255,5.99829591836735,6.049541666666671,2.66638020833333,18.1771034482759,2.62629177057357,18.4572222222222,2.4242791666666696,12.3063414634146,2.3812841163311003,12.142393258427,25.1506904761905,4.44350751879699,17.449895522388097,51.07242675216044,14.305063103817044,49.78806076578896,28.45836681400762,26.838411603199713,323.20073805749416,110.60452088713646,116.86435900628567,312.4341834336519,475.6488837301731,557.3657806962729
186,2.884125,27.3178604651163,6.0916648044692705,6.1020260416666705,2.5515790645879703,15.4765454545455,2.61780456852792,15.581092307692302,2.3848775100401602,12.3068295454545,2.3918242677824297,12.5760352941176,29.0261428571429,3.62560517799353,9.74004587155963,43.78609920116197,14.303089626725116,42.61829374602589,28.45893282663065,26.86258227818958,318.5358364135027,109.27668772637844,111.9204331189394,310.4375209659338,400.65101347863674,553.2176699489355
187,2.68291280653951,27.393700000000003,6.56594252873563,6.7638633540372695,1.8517382875605801,18.34640625,1.7255406626506,18.294362068965498,2.25056009070295,12.4585609756098,2.36190573770492,12.5524470588235,28.6585,3.6023910256410296,9.83955263157895,36.89775234596534,14.482313705530599,35.77946507403603,28.735595390629616,27.20501948115951,315.7432656735182,100.4206482321024,105.38268834352493,314.89571556448936,384.5258615911007,556.1122205108404
188,2.8290207253886,18.1926896551724,6.66392941176471,6.58652597402597,2.34093265306122,15.6722533333333,2.3047389380530996,15.704852941176501,2.18657200811359,12.4983052631579,2.20928941684665,12.478243902438999,21.994306122449,4.23645064377682,16.9350294117647,36.62093732121168,14.296827229453735,35.581120893247444,28.45684173463279,28.476145293456298,307.2093706578016,115.74458330869675,125.42619369924068,306.191248819232,473.56621362268925,553.7453107535839
189,2.66219845360825,18.229442622950803,6.5714500000000005,6.67767283950617,2.3536249999999996,15.2574,2.35135388127854,15.6340909090909,2.21126769911504,12.242774193548401,2.17307478632479,12.2134395604396,25.4471,4.37092050209205,17.037406779661,37.06636257270239,14.256837229400128,35.59689976058673,28.5425081612507,28.534084114777688,308.4470983594656,124.96639974415302,133.24269093573093,324.4431223720312,395.38051933050156,555.6065123528242
190,2.86628571428571,18.185453125000002,6.5870057803468205,6.56217816091954,2.61004166666667,18.2042909090909,2.67953652392947,18.6814375,2.41867488789238,12.4310744680851,2.36843968871595,12.5014166666667,25.0851111111111,3.6248763636363597,9.957070796460181,43.85905037951512,14.273542825042709,42.61112921332805,28.43859308042936,27.90956055539629,310.85689552128315,97.33159095048904,107.60738514363766,320.09067945182323,474.48365949094296,546.3020876049995
191,2.94748302872063,27.3284358974359,6.57275,6.685630000000001,2.62137272727273,15.649468749999999,2.63142891566265,15.7068441558442,2.48412317327766,12.4052580645161,2.42590254237288,12.154806122449,28.2938947368421,4.40898091603053,16.8888253968254,36.699157655510035,14.241215370166264,35.45230496164127,28.389082836045215,28.61029015797531,317.9522231221199,103.95534336566925,111.55623942613602,321.4452415704727,411.61635890603065,551.0504823178053
192,2.46131034482759,27.275511627907,5.93802808988764,5.95359487179487,2.4099641350210996,15.541693333333301,2.46174892703863,15.165,2.2605045045045,12.140873684210499,2.28002165354331,12.1133111111111,28.391710526315798,3.7064267515923603,10.2090769230769,36.51626152459614,14.278682746506378,35.50021298093322,28.35034338162593,28.482017740266897,303.403427824378,88.74577470123768,99.03055615723133,309.92375686764717,454.90870252251625,555.361108854413
193,2.80223902439024,27.2589268292683,6.64932544378698,6.72069590643275,2.30587668161435,18.4837288135593,2.08559132007233,18.3195614035088,2.22349152542373,12.4612978723404,2.26947149122807,12.3733510638298,28.789131578947398,3.46180198019802,9.817663461538459,36.45329400480203,14.324987196630092,35.66486824254476,28.423260617772062,28.533678246908423,317.29559414088726,112.52476833760738,119.69301849603653,308.99890698492527,391.8127156794071,561.6628099232912
194,3.05554269972452,18.1995833333333,5.69311483253588,5.6873499999999995,2.55436202531646,15.253452054794499,2.51319120879121,15.6893,2.4245755395683504,12.467195402298898,2.3807966101694897,12.1760120481928,25.3343777777778,4.35193442622951,17.3570172413793,36.471442811748965,14.273543310622467,35.551753370772964,28.344634595373563,28.515887554821887,337.4837338924408,109.83641259372234,113.03499341011047,302.34563164412975,378.46178747713566,552.5482818484306
195,2.75936470588235,36.0519705882353,6.9370652173913,6.55096753246753,2.50997804878049,15.189171428571399,2.5323194103194098,15.4369552238806,2.46081496881497,12.1298117647059,2.52535172413793,12.318816091954,25.352500000000003,3.53103355704698,9.79040776699029,43.7799123220174,14.23571756895438,42.60662300669517,28.403600850825033,27.489524623563227,293.66789385676384,113.57562616467476,126.11281126737595,315.08072279393673,397.3274491727352,551.7495330423117
196,3.23475595238095,27.323304347826102,6.5575128205128195,6.56375949367089,2.43071488469602,15.2212692307692,2.44606823027719,15.6134189189189,2.27782235528942,12.194536842105299,2.22272514619883,12.2033023255814,28.4205,4.38495419847328,17.3249142857143,43.8273452952007,14.505111487281065,42.71259402783768,28.38643802772752,28.4903249160514,300.334207713604,106.09454475343227,112.15778067708015,306.2020055949688,387.31731474399567,560.8261097222567
197,2.87578078817734,27.3220434782609,6.72477777777778,6.75459872611465,2.3521451292246502,15.6317260273973,2.47960550458716,15.2357605633803,2.25332509505703,12.1775977011494,2.14863010752688,12.408722891566299,28.559560975609802,4.35185114503817,17.5631333333333,36.616152454868,14.293683646367429,35.61032807063293,28.429710212870447,28.45799401280587,318.0053550750017,102.22676210105419,105.9971284121275,297.3752561956644,378.71268577873707,564.0744231641293
198,2.99047916666667,18.1465245901639,6.55306962025316,6.65387931034483,2.2161404494382,15.591354838709698,2.1353446215139398,15.246820895522399,2.22779565217391,12.205670212766,2.2721797979798004,12.2131927710843,25.1593333333333,4.20511522633745,17.5609710144928,51.28248528289333,14.297017684892346,49.997476396749875,28.51219004330192,28.512621994993985,317.94183887541294,106.6841185092926,113.96105401217937,314.95485454797745,476.50961205363274,559.1191817075014
199,2.6210184757505797,27.3681333333333,5.956062500000001,5.95949418604651,2.10530052724077,15.5827536231884,2.10887751371115,15.272985294117602,2.4810432692307702,12.441511627907001,2.4821931034482803,12.2075,28.2936578947368,4.48100431034483,18.0093448275862,43.753221592195494,14.302763683800297,42.645137239486786,28.427931626243847,26.82841040392598,314.9192314594984,101.96156799793243,110.566895455122,312.28926964104176,393.88686418533325,554.865226149559
200,2.25107797270955,27.3697209302326,5.30994666666667,8.751538461538459,2.3005057915057896,15.443189189189201,2.24599574468085,15.6547027027027,2.35355600814664,12.3671325301205,2.37650793650794,12.3802580645161,22.0497391304348,4.44894117647059,17.0354285714286,51.23829080094223,14.266559985467522,35.51393415148527,28.434968556097047,26.838409083951632,373.07809107005596,152.4234190583229,160.2413598448038,406.77650831639767,1370.6166297197342,183.01350064575672
201,2.68003016241299,18.1550819672131,5.43965425531915,7.85342857142857,2.09771370143149,15.750040540540498,2.05808602150538,15.477272727272698,2.22230718954248,12.5403647058824,2.40557608695652,12.5716847826087,34.8784827586207,4.28660902255639,17.040031746031698,80.55719831723228,14.323124670731946,35.973385442798744,28.415338385596268,28.39672513727104,358.19862969219685,139.882555231452,151.26299113035202,314.95243310928345,727.823143824935,193.49479116499424
202,2.4269913043478297,27.274,5.3059128440367,8.392224806201549,2.1191719038817003,15.259835820895502,2.14841292639138,15.678134328358201,2.30516703296703,12.2434583333333,2.2055522682445803,12.2230721649485,28.6030476190476,4.33848014440433,17.122,80.52347832954554,14.270718364630318,42.72132599576204,28.427163519957173,28.41271658678965,365.1922568678856,147.2393050789833,157.29619190096855,414.90024887025356,656.1232730746269,172.20880836248398
203,2.88579156327543,21.48674,5.348,8.155141732283461,2.05078421052632,15.492815384615401,2.0191743772242,15.723220338983,2.1991915322580597,12.5330972222222,2.14478870292887,12.298043956044,25.3869,4.63738247011952,17.5055294117647,51.318920469407715,14.297480312201094,42.797496150533426,28.43074097568911,28.383037372359095,359.0339794754982,143.88635754585266,155.527051538229,398.1404472142458,798.4577678143978,173.2500735670328
204,2.5135553097345102,18.1593220338983,5.47334597156398,9.55661,2.34054743083004,15.356043478260899,2.36221686746988,15.362228571428599,2.3930615384615397,12.332532608695699,2.3758254620123203,12.6245217391304,29.1062857142857,4.6803506493506495,18.4827941176471,80.96609354213423,14.276835253532244,64.37914730927982,28.396139515795042,28.458912874270148,366.1347087472677,120.77568098902702,127.40534730255605,413.7291107326746,1628.8718208670616,175.70112831890583
205,1.9456855670103101,27.285675,5.46530456852792,6.716364197530861,2.0192739965096,15.443573333333301,2.00718215613383,15.412297297297298,2.6040589569161,12.3527682926829,2.61140101522843,12.669955555555601,29.501,4.71747715736041,17.0752,58.52025285156752,14.24535474699654,35.69143282515987,28.519340325097005,28.15478188060607,301.7434850335121,121.63673527538776,139.63826932013035,416.51539504528046,1286.0698159784079,174.92729239165783
206,2.75518658892128,18.1095409836066,5.31998165137615,7.21676729559748,1.5316302294197,15.6074871794872,1.65816939078752,15.240181818181801,2.05705786618445,12.290431818181801,2.0861981981981996,12.2822045454545,32.0018125,4.32893032786885,17.7392068965517,73.06296024668679,14.290739933141218,71.52081578688268,28.544732724239,27.298479856095817,321.5272445231676,148.62301759421825,162.69078478217125,500.2299323678017,574.311800301075,190.4518809169531
207,2.3579938775510203,18.1582923076923,5.34358549222798,7.21491082802548,1.77461060606061,15.7571285714286,1.82406239460371,15.495768115941999,2.2731830357142897,12.7091777777778,2.1650896946564897,12.285369047619,29.466615384615398,4.45294285714286,16.9440147058824,65.78790556088113,14.262708230928284,35.64039396689776,28.44278584043259,28.44305118909006,338.34539353847504,104.56247255206108,113.5337632149458,292.797340080142,529.440026730299,157.26150013506413
208,2.0370017953321398,27.2791395348837,5.4386783625731,8.59916911764706,1.96207662835249,15.5524769230769,1.94271532846715,15.3851884057971,2.07566114180479,12.7161538461538,1.99848877374784,12.5029574468085,38.9623103448276,4.18131734317343,16.9959824561403,103.84865474357838,14.280193790559547,35.63825589991743,28.307367365781,28.381904470619197,298.3486745506525,137.34870590269566,149.08937737345695,340.934656560421,1139.9311944842339,157.45488926768303
209,2.09243297101449,27.298750000000002,5.61064640883978,7.21546540880503,1.76954491017964,15.487304347826102,1.75297108843537,15.406328358208999,1.9749795221843,12.6744157303371,1.97672061657033,12.5648709677419,32.1137272727273,4.25802904564315,17.5595084745763,110.1997315809836,14.287037351999876,35.60620271976476,28.429737865454697,28.113731866779084,353.0164249241352,135.87931171059608,151.3014081865549,398.31320755183697,584.3722727149725,173.3172219246626
210,2.09232862903226,27.2775813953488,5.45676262626263,9.20412,1.7020162721893501,15.3374285714286,1.68072434017595,15.6403,1.89507389162562,12.6084470588235,1.87950841121495,12.2738602150538,38.7831,4.16839416058394,17.20065,73.33721759179386,14.254992001245165,49.88385184353074,28.34793688806269,28.45938491768255,328.28603871166706,141.97886921465397,151.35211870074272,337.5832922756672,1028.520055115223,171.32447101175785
211,2.28312107623318,27.2634666666667,5.30443939393939,7.8965499999999995,1.92506125827815,15.796758620689701,1.9020281425891201,15.398402985074602,2.07035454545455,12.3970609756098,2.0626853707414803,12.3717926829268,32.2509444444444,4.31933333333333,18.13005,80.69073251550522,14.28091112380104,35.57089949707954,28.412713825609497,27.754013147776885,363.84607665240765,149.90847557783127,155.6873321533203,326.14218071103096,913.6241860687733,173.92151057720184
212,1.9886230366492101,27.212600000000002,5.01050243902439,8.412880000000001,1.7075174129353201,15.493085714285701,1.59647893258427,15.4673857142857,2.12611715481172,12.632253012048201,2.13492827868852,12.321632183908001,38.7182692307692,4.38717164179104,17.5273965517241,80.77236522432983,14.294881766218444,35.63825270955383,28.42762138179382,26.77078955551075,370.61087787151337,145.0992189347744,155.9023279696703,326.6069572418928,725.187873467803,195.62826491892338
213,2.6643212290502802,18.1630677966102,5.31827604166667,7.22336075949367,1.6308345323741,15.707529411764698,1.65494230769231,15.7087714285714,2.10611405295316,12.2471882352941,2.0597504302926,12.2881395348837,22.4603404255319,4.41149402390438,17.265724137931,51.32126285173737,14.270512835117263,56.924901773448674,28.372684670269255,27.140184366057092,378.4346394240856,176.78090371191502,185.4286529123783,382.4271261692047,1271.3255360722542,164.41908665001392
214,2.2839447619047597,27.2955,5.35647668393782,8.078887096774189,1.8614611398963699,15.319486486486499,1.88074643423138,15.34096,2.5885657015590198,12.6106395348837,2.66165581395349,12.3467659574468,22.218942307692302,4.4401422594142295,16.93848,58.540744360987325,14.26396516103259,63.99812013284426,28.410141889616476,28.372831961027302,313.9734733849764,176.1126797646284,186.05110235512257,406.09557181596756,1530.9195965528488,197.8056039661169
215,1.99786851851852,27.350692307692302,5.17960512820513,7.70919696969697,2.29665610859729,15.4097105263158,2.23999249530957,15.619119402985099,2.2223040152963702,12.624209876543201,2.29762389380531,12.3019431818182,25.9646216216216,4.25540217391304,17.1679523809524,73.06744513106037,14.305333293545752,35.49605475722938,28.450639645390275,28.53816060905162,356.4830869436264,145.2581025660038,152.88665890693665,391.10127836465836,1350.156543776393,146.73429541289806
216,2.61410891089109,18.3744,5.33747767857143,8.681074074074068,2.07445229681979,15.563194029850699,1.9235183752417802,15.438733333333301,2.40606530612245,12.2159891304348,2.51637288135593,12.4231463414634,31.9721666666667,4.2668836206896605,16.831220588235297,65.83197577485406,14.27805415887878,57.1181598198606,28.38518826673516,28.35393017164197,359.7432281821966,148.71242456138134,154.4734463095665,394.15061473846436,1460.9873294830322,171.37527465820312
217,2.0128987854251,27.2646153846154,5.3760202020202,6.55761363636364,2.27035412026726,15.4813648648649,2.1931463878326998,15.504229729729701,2.3320619266055003,12.3846091954023,2.42358429561201,12.7480760869565,29.1468529411765,4.4443908045977,17.0870294117647,65.91124785081676,14.26315496242173,42.76511580623324,28.414095712005913,28.484059955516365,362.40145564079285,114.28110301494598,126.1746045202017,387.6633942127228,1879.9696117639542,159.50128436088562
218,2.94037127371274,18.13945,5.4017236180904495,8.57433582089552,1.59440802213001,15.7945,1.57499336870027,15.871230769230799,2.31030105263158,12.623056338028201,2.22918395303327,12.297845238095201,25.895454545454502,4.47599574468085,16.9656376811594,73.54218640273301,14.242962036419353,35.698703911697486,28.424156916853825,26.81454975967785,374.4404297322035,124.6672123670578,131.68123550713062,415.68041779100895,1453.4651767462492,188.21237608790398
219,2.16383499005964,27.289975,5.405824120603009,7.900371212121209,1.71876406533575,15.546813559321999,1.7219970238095201,15.567075757575799,1.9289188741721899,12.3181375,1.90069557195572,12.3338333333333,25.4452558139535,4.2195,16.8863148148148,36.45962678749804,14.231068641045953,42.77016569121005,28.382074192309236,28.43806007719438,351.1781804263592,121.08148075640202,133.73936526477337,328.16329039633274,402.47528813779354,205.57399839162827
220,2.3317366071428602,18.1379696969697,5.27936734693878,8.06150393700787,1.86409507640068,15.314882352941199,1.8403655394525,15.3215616438356,1.81711923688394,12.336710843373499,1.84911492281304,12.6843936170213,32.6332857142857,4.03705263157895,17.4715151515152,88.18517360553419,14.244935631572634,49.901353190810376,28.42630674736638,28.399059344238168,311.5065395832062,153.2218884676695,158.12944620847702,311.6569481790066,729.4161710888147,156.83351084589958
221,2.43756382978723,18.1680666666667,5.43580597014925,7.28966463414634,2.07368065693431,15.734666666666701,2.08945333333333,15.75775,2.1083843137254896,12.235294117647099,2.09595121951219,12.2241904761905,29.4843243243243,4.22143416370107,17.9370327868852,66.06524872770281,14.28223329491072,35.584741799843954,28.352352803006514,28.441950642346615,360.0974101573229,116.30505323410034,123.27260337769987,402.2618755698204,1701.8796410411596,147.10878022015095
222,3.10635294117647,18.195,5.64988421052632,7.26964429530201,1.97605657237937,15.4695846153846,1.95409297912713,15.269229729729702,2.06425735294118,12.2732604166667,2.26647276264591,12.5921341463415,36.140281249999994,4.45609502262443,17.1120806451613,80.55760846636947,14.34342324302792,50.002534987998786,28.401923252144492,28.35232680964037,380.71274757385254,138.85889202356339,143.91387812793255,325.07660798728466,825.0279352068901,182.9176675528288
223,3.21995543175487,18.1537692307692,5.65980434782609,7.89564383561644,1.79777447552448,15.302360000000002,1.81772790294627,15.330915492957699,1.957,12.2888409090909,1.9692007366482498,12.2767234042553,25.8198,4.30223628691983,17.1981641791045,73.31861342981995,14.258262228303927,64.70625431617233,28.53471311859372,28.748494512736382,372.34462797641754,174.43844117224216,183.8210504502058,423.7827844917774,1585.9384555369616,209.2197071760893
224,2.1078008130081303,27.2923,5.40414948453608,8.69527272727273,1.98636458333333,15.2245131578947,2.00242013888889,15.5904358974359,2.1210533088235297,12.2505357142857,2.14905575539568,12.2566506024096,31.6883666666667,4.351429118773949,17.109313432835798,80.63423195393385,14.274296529793563,42.777788087318214,28.416539278708505,28.42921634667904,343.26640889048576,141.35590754449368,151.60604380071163,413.58238086104393,636.2139247357845,188.80092538893223
225,3.00148586118252,36.5020606060606,5.308493087557601,8.43785820895522,2.1428372093023302,15.771791044776098,2.0506116838487998,15.41372,2.1862326923076902,12.506,2.16237234042553,12.6104146341463,35.9643793103448,4.34494615384615,17.3116818181818,87.85574603250629,14.255591637735886,35.59975490847331,28.70805556796878,28.337314142671527,369.5770166814327,143.81427317857742,149.88756738603115,406.7112226039171,771.3223807513714,158.7057951837778
226,2.7687841726618703,18.1578615384615,5.46828095238095,8.585424999999999,1.77988130081301,15.483628571428602,1.7364940778341802,15.427945945945899,2.33514489795918,12.290393258427,2.33158389261745,12.261290322580601,29.7466666666667,4.4818603603603595,17.0185757575758,80.63879633291863,14.268558811923976,35.804929424660855,28.470520789067574,28.400333577456266,360.704492777586,112.19233274459839,119.27923187613487,382.7041480690241,1590.9336041659117,194.81899216771126
227,2.2217266811279797,27.259279069767402,5.30974093264249,8.109436619718311,1.91550850661626,15.689904109589,1.9023152173913,15.2717910447761,2.02599624765478,12.653795180722899,2.15543680297398,12.653421686747,22.7955744680851,4.47397609561753,17.6645789473684,58.640741305653115,14.28519765562022,42.70898173996001,28.448957801407932,27.298913723752985,374.6255300939083,179.58064563572407,192.52384081482887,401.22130885720253,1373.320072889328,185.39372831583023
228,2.35556468172485,18.5079833333333,5.3951282051282,8.64429496402878,1.98157962962963,15.5981081081081,1.9504130434782603,15.603454545454502,2.41335440180587,12.4738333333333,2.40425821596244,12.3144673913043,22.4667777777778,4.53965581395349,17.057374999999997,51.27517615108089,14.292937790459979,42.80082764264245,28.412943911956173,26.78175880210635,364.44556899368763,140.66188596189022,153.06244604289532,398.80145341157913,937.39521689713,180.81991001963615
229,2.35060425531915,18.1441641791045,5.3183105263157895,7.89191608391608,1.99928596187175,15.2759705882353,2.03585387323944,15.5699189189189,2.05676161616162,12.629375,2.07022686025408,12.3210843373494,32.13315625,4.4286338582677205,17.1667580645161,80.60813076746723,14.282816008969192,35.56089988472536,28.371035907877623,28.385462421809585,364.76654931902885,154.3283462524414,162.68538311123848,326.7801832407713,998.0932343751192,195.84689289331436
230,3.05182704402516,18.1463432835821,5.3361279620853095,11.037131313131301,1.73165,15.6514925373134,1.7163197080292,15.6027297297297,2.09138556338028,12.299988235294101,2.1383179297597,12.2934408602151,41.6956551724138,4.61523228346457,17.627293103448302,80.77082307834513,14.28403814474561,35.456169300255205,28.35078819394009,28.31856169791324,366.7726647108793,140.1348039507866,152.2674225270748,472.5382197648287,1059.2947248369455,179.2070921510458
231,2.42754237288136,17.9001525423729,5.44551428571429,8.70690909090909,2.39555053763441,15.327121621621602,2.35562084257206,15.756246376811601,2.56516972477064,12.443234567901198,2.5552455752212397,12.573590361445799,35.0831481481482,4.4679539748954,16.9383230769231,73.23952731873997,14.293161229111755,42.76540925286452,28.468124454849537,26.80146106365241,370.66731601953506,115.68968184292316,128.7488266825676,394.20127868652344,1500.2654865384102,173.86069521307945
232,2.41984560570071,23.1986444444444,5.32268062827225,10.9766344086022,2.02563327674024,15.2699295774648,2.05313982300885,15.297731343283601,2.06289233954451,12.2969195402299,2.0581879562043803,12.4612625,25.749200000000002,4.28339215686274,17.752907692307698,36.488942542065566,14.310414287819196,42.82675272721095,28.339877757849997,28.746830599694718,357.1562934666872,107.78172872960567,110.85132136940956,324.5799336582422,400.4026297479868,171.98650166392326
233,2.05021212121212,27.3143783783784,5.31988,8.13075,2.06729255319149,15.659046875,1.9738732943469801,15.276359999999999,2.12253179190751,12.2265483870968,2.14765137614679,12.415416666666701,25.613326086956498,4.61280349344978,17.3673559322034,69.28389436735051,14.768564965500687,42.63142987962968,28.34750802579924,26.72707391711923,345.5993253737688,180.2939921617508,188.24446015059948,410.90380400419235,1677.7656972408295,195.26351243257523
234,3.17443169398907,18.5524769230769,5.4601390374331595,7.9823006993007,2.0722534722222203,15.976125,2.11839223300971,15.8898421052632,2.17431451612903,12.6757037037037,2.2117850877192997,12.676024691358,25.5981904761905,4.26438148148148,18.324734375,69.25745559400411,14.966665910914557,44.76762396087838,29.245713283222624,29.888303635915985,326.37519761919975,128.95739637315273,138.59914615750313,440.98650105297565,1631.8586189299822,187.59043887257576
235,2.14449537892791,27.9693571428571,5.68917297297297,8.77241666666667,2.1729170212766,15.726026315789502,2.23115337423313,15.730351351351402,2.2940837104072402,12.5732736842105,2.28784632516704,12.5787294117647,26.0085,4.68083673469388,17.8228787878788,53.724072078337365,14.965438369609682,37.27043099363874,29.672208539534996,29.76590454652089,402.8735216706991,187.69009038805962,190.20112231373787,439.4451156258583,2054.959489032626,191.28713756799698
236,2.3702609649122803,18.614015625,5.447767772511851,7.370453237410071,1.89835726495727,15.5641044776119,1.79995446584939,15.619103448275899,2.34333928571429,12.4449759036145,2.35024027459954,12.4759347826087,29.4916923076923,4.805331775700941,18.4387777777778,84.45335599454327,15.002919719385767,74.58307599684237,29.664768906767613,29.72196728444628,389.4852939993143,154.3592195957899,158.8811632245779,336.1461218446493,870.4399690032005,197.45179452002048
237,2.68521149425287,21.347224137931,5.458145,9.56733636363636,1.53101634472511,15.7617246376812,1.5090854197349,15.756352941176502,2.1633666061706003,12.666329787234,2.22103333333333,12.7085465116279,29.7500857142857,4.36158015267176,18.1166727272727,115.19983114501488,14.922466969527282,67.11589219478397,29.77790817541445,29.78891415468086,335.8896356076002,150.19187703728676,155.66237270832062,348.0555023998022,860.0797969847918,179.69333566725254
238,2.40978969957082,18.595609375,5.09967475728155,8.421709677419361,1.8655599315068498,15.715433333333301,1.84172128060264,15.705430769230798,2.53240845070423,12.4756,2.4783805104408403,12.4694712643678,32.77503125,4.5858,18.2703541666667,84.35198986922435,14.948510290515078,52.23778774025667,29.576029176482844,29.70173184413859,385.82952693104744,146.17410488426685,152.44646929204464,330.6480124592781,904.7853294759989,187.34661862254143
239,2.65385271317829,18.620151515151502,5.46026395939086,7.41010559006211,1.9610448979591801,15.7291884057971,1.9085316666666698,15.7264925373134,2.06099137931034,12.6145581395349,2.0501903914590702,12.6044534883721,39.213724137931,4.483247148288971,18.3634126984127,91.82680626652458,14.923054995243193,37.25172909727768,29.771350971024887,28.86951106286102,371.52874283492565,149.06823635101318,150.79271979629993,335.1363353431225,938.4531993418932,184.71889197826385
240,2.57003820224719,18.618,5.45560638297872,10.2193333333333,2.09348994515539,15.948298507462699,2.0659174147217203,15.944187500000002,2.18789978678038,12.705740740740701,2.1996595289079197,12.7061445783133,36.209250000000004,4.6478025751073,17.9644561403509,68.97033917211655,14.90730263549354,59.72602419843428,29.762005016747977,29.08241763721595,382.5543448328972,118.56844648718834,127.15482152998449,419.33744214475155,1943.1814085692167,174.449710175395
241,1.9216407599309198,27.9611578947368,5.46000531914894,10.4084752475248,1.8165291338582699,15.7007230769231,1.87687751371115,15.7397536231884,2.0717868561278903,12.550967391304301,2.0979701754386,12.5488736842105,26.007380952381,4.24540601503759,18.368015624999998,45.026621161647384,14.223986808886826,35.72917239903317,29.555210049913626,27.094073307497194,287.7808175981045,125.9966753423214,133.30760411918163,322.94737175107,398.2043359428644,150.83802863955498
242,2.39278099173554,18.139,5.414890625,8.89106194690265,2.01819444444444,15.9988181818182,1.986796875,15.4820847457627,2.2254247422680398,12.531842105263198,2.19471602434077,12.665793103448301,25.8028695652174,4.5010520000000005,17.5002459016393,43.97994141341194,14.266168664981477,35.7567303727246,28.37245303538265,28.502742285171394,377.27062590420246,147.6153265684843,150.4105981439352,396.3713999837637,809.8553866147995,205.44882863759995
243,2.2882134831460696,27.2873111111111,5.33603045685279,7.20697297297297,2.11297312859885,15.8431447368421,2.1741336996337,15.5036617647059,2.16149141630901,12.4168139534884,2.13628479657388,12.220618556701,32.306228571428605,4.40384615384615,17.748403225806502,80.30461519323045,14.295947324023778,35.53743685619318,28.350206638668084,28.349205050346228,365.6968008726835,135.10240241885185,139.43109661340714,323.12539406120777,746.714835986495,167.65003092586994
244,2.44936842105263,18.1375901639344,5.45505472636816,7.85565693430657,1.93698042704626,15.2971232876712,1.90714188034188,15.7125344827586,2.5166722488038302,12.195285714285701,2.4795837320574203,12.3292272727273,35.175212121212105,4.64591093117409,16.967776119403002,65.76941256150455,14.242470357173056,35.412940660874945,28.402353778365462,28.406511358017717,358.39779302477837,143.37957836687565,152.7111977338791,404.3455235660076,1370.3657314181328,206.403573974967
245,2.1114980842911897,27.297600000000003,5.37146543778802,10.247840707964599,2.2157139874739,15.4731780821918,2.0988701030927803,15.460040000000001,2.0066591695501703,12.237977011494301,2.08600548446069,12.2077777777778,37.8958709677419,4.25395620437956,17.1797096774194,87.87788474993114,14.293355161311258,42.81595891867373,28.378875455762707,26.95443992382038,370.5753479152918,134.23990458250046,147.05643989145756,316.94313511252403,809.0651128441095,146.0975967347622
246,2.4674566744730697,18.1284333333333,5.4330849056603805,8.75353781512605,1.5522849315068499,15.250148648648599,1.5418923512747902,15.2163076923077,2.1089396709323602,12.443139534883699,2.1528756660746002,12.5379247311828,32.2182727272727,4.512508403361339,17.7370793650794,80.39654261027286,14.27394015376195,42.525680183432385,28.402335372445094,28.50843160292536,309.3233797699213,132.69558548927307,141.20503328740597,397.40828797221184,646.9319108873606,183.730386197567
247,2.69149770642202,18.1284677419355,5.30403535353535,7.34892753623188,1.88458441558442,16.533796875,1.86162314049587,16.5747042253521,1.89945437616387,12.3083260869565,1.9099101338432098,12.5436559139785,29.1335277777778,4.39651171875,17.2094333333333,80.71031123599609,15.044156881082024,42.8033922189367,28.410297467492796,28.34993028848686,335.5780150741339,123.71321208775042,129.81677427887917,431.5704107284546,1382.697094231844,166.4625946432352
248,2.05489024390244,27.962476190476202,5.45687980769231,8.73482481751825,2.20039059304704,15.721657534246598,2.22799349240781,15.730396825396799,2.22765869565217,12.616988372093001,2.2496624203821702,12.6251973684211,32.9268285714286,4.60393939393939,18.0373833333333,62.502785197158715,15.188689522498619,45.52563875708735,30.255364228051455,30.281083564886405,402.21698582172394,120.42643502354622,122.116319835186,427.0280245691538,1452.8574422001839,171.53583467006683
249,2.57370022371365,18.6200317460317,5.4779693877551,9.43229357798165,1.9297341337907399,15.801768115942,1.9456783919598,15.8342205882353,2.40289252336449,12.553434782608699,2.40075743707094,12.5645238095238,39.617538461538494,4.7289237668161395,17.829328125,76.91603995913682,14.987845609849344,45.05483959170126,30.02309794697532,28.486721832471314,377.8414335101843,151.16967260837555,171.37941904366016,427.03524231910706,1187.9741214215755,187.86992877721786
250,2.71560317460317,29.0163095238095,5.44095721925134,8.846069230769231,1.57204018547141,15.7179264705882,1.53153343239227,15.721260869565201,2.1109016393442603,12.5323928571429,2.0877370441458702,12.538646341463402,33.0136944444444,4.69634418604651,18.3323968253968,76.95074260531617,15.019368319512438,37.60115599052582,29.963016996184578,27.285496384918552,462.1360916644335,141.68699271976948,146.54947444796562,509.1818515211344,1200.501760467887,168.55988651514053
251,2.90146596858639,18.606406779661,5.4256415094339605,7.37314838709677,1.9847189655172401,15.7326164383562,1.97395777351248,15.7293076923077,1.69754430379747,9.36271544715447,1.6600709677419399,9.380289256198349,32.692285714285696,4.73944032921811,18.4385873015873,85.12457581879843,14.99705392430825,30.123839889736942,29.900456254310395,30.022160643615624,383.5742827504873,158.99301506578922,170.10904848575592,519.7746213525534,607.4255798012018,209.97440442442894
252,2.22476131687243,28.1537631578947,5.5321385542168695,8.69931343283582,1.9093973509933801,15.845861111111098,1.92354025044723,15.8573823529412,2.09354478976234,12.569630434782601,2.0861899641577097,12.5710652173913,35.643699999999995,4.5227786259542,18.2541355932203,85.06723915398653,15.043963916076017,45.23679722488841,30.11313029742751,28.84087803668297,320.26474364101887,177.84545198082924,182.98830837011337,410.7690881937742,1519.0521255135536,187.10382282733917
253,2.21048712446352,18.6082413793103,5.47379787234043,8.11304,1.5723981623277201,15.8886615384615,1.6086115591397898,15.8928333333333,2.1295991902834,12.700097826087001,2.13534229390681,12.7378604651163,32.9753714285714,4.59222173913043,18.510903225806498,77.29942405103228,14.999235122564182,43.13416531836097,30.114949181494204,30.022118552495794,387.8565039485693,150.35253018140793,154.27367761731148,427.407119423151,1451.336219906807,177.76740714907646
254,2.22326853707415,18.6043728813559,5.44160747663551,8.93059375,1.96862222222222,15.8210547945205,1.96921724137931,15.8077916666667,2.13258518518519,12.6306153846154,2.0935071283095703,12.6324175824176,32.6103142857143,4.65912727272727,18.5595818181818,93.12793051707283,15.099852335340923,37.81901497002138,30.021987962787374,30.06143675372033,395.6194035708904,155.61473555862904,162.7519726753235,353.50057296454906,788.1921716034412,187.26522102952003
255,1.9991241258741301,27.9866153846154,5.43638095238095,8.031734375,2.05105516014235,15.6337142857143,2.03892277227723,15.640696969696998,2.0949509202453998,12.568260869565199,2.07334016393443,12.5680769230769,36.1183928571429,4.6218380566801605,18.611864406779702,77.60985231432375,15.098385743060113,37.56678271677836,30.007511409027746,30.008407445657372,408.01852010190487,148.41044321656227,155.83918429911137,424.8586017638445,1455.9178613126278,195.33000886440277
256,2.16388394584139,18.6038793103448,5.46497916666667,8.859086206896551,1.74305405405405,15.856333333333298,1.57447455295736,15.865441176470602,2.0864236983842,12.7170740740741,2.05734865900383,12.741288888888901,32.8053225806452,4.7480281124498,18.7403333333333,93.1282304961991,15.116715882495447,37.75644428047612,30.080874876542776,29.97915193980892,401.62233635783195,142.63982884585857,147.3886426538229,338.79117108881474,871.875835582614,183.9395146816969
257,2.78821411192214,18.613084745762702,5.4725025125628095,7.36751428571429,2.01479089376054,15.842338461538501,1.9689725557461402,15.8451780821918,1.98211605415861,12.5680430107527,1.92786491935484,12.5477684210526,35.6710689655172,4.45097402597403,18.553672727272698,61.709970928159876,15.023170566585737,37.60750727380423,29.99370706290476,27.178779487105515,398.3382601290941,140.47771692276,146.78286388516426,431.46624229848385,520.1120395213366,161.63275577127934
258,1.8461465076661,27.9713809523809,5.40757674418605,8.70919708029197,1.60205147058824,15.834483870967698,1.5992330097087402,15.822953846153801,2.01777013752456,12.6196304347826,2.05275141242938,12.6193209876543,35.397909090909096,4.5302126696832605,18.5666451612903,77.71265662088399,15.133367728038351,37.76014110922403,30.15247404818574,27.20309997162031,381.33375346660614,151.25242061913013,166.36266373097897,424.9701742082834,1295.3258585184813,180.3844701498747
259,2.1961679389313,27.9657435897436,5.46366350710901,6.74545029239766,1.99750097087379,15.802652777777801,2.00055479452055,15.839561643835602,1.90308744038156,12.6154444444444,1.9115780730897,12.6171046511628,38.8349583333333,4.411966292134831,18.162126984127,93.06856712898427,15.124282048477372,60.22927101896969,30.134943707387883,29.77430701034461,367.6814492791891,146.64176851511002,163.67933712899685,515.7499574124813,1162.128522992134,176.77107825875282
260,2.2569352818371597,18.616333333333298,5.50033838383838,8.1692734375,2.17273420479303,15.729261538461499,2.13789442231076,15.728230769230802,2.1582721649484498,12.6169259259259,2.16170238095238,12.6311758241758,29.472567567567598,4.67481566820276,18.08602,77.39912422802138,15.069987972033879,45.2590175519371,30.004951668088918,29.948868021480667,386.6806626319885,129.00982983410358,134.43236239254475,424.35978539288044,2106.3138265162706,161.6343855857849
261,2.73156675062972,18.6229841269841,5.4386345177665,8.10388461538462,2.0822712477396,15.626081081081102,2.11687885010267,15.6400757575758,2.13432048681542,12.6086823529412,2.14273415132924,12.6125555555556,35.6562580645161,4.518008620689661,18.4203015873016,108.42173189440562,15.151736216619286,60.022688480253834,29.957047870324306,30.02797607679311,393.105112016201,152.91618183255196,166.2250142544508,361.6953268647194,1035.0673459470272,175.68441107869148
262,2.177096,27.9793684210526,5.44661139896373,9.509572727272731,2.0829879032258103,15.7941449275362,2.00739005736138,15.8065205479452,2.24121218074656,12.5751847826087,2.24732833020638,12.5853058823529,29.2764571428571,4.61087445887446,18.4937796610169,84.99050391330788,15.04522236646925,67.84628354553062,30.053969515230627,29.914999572778218,476.92121006548405,126.56678445637225,132.61563144624233,426.9067198038101,2303.763898089528,198.6670307815075
263,2.09222540983607,27.983999999999998,5.16465979381443,7.80687878787879,1.89335247524752,18.7956909090909,1.84490634920635,18.8108387096774,2.19119238095238,12.555417582417599,2.23737316561845,12.571610389610399,35.7551333333333,4.3977245283018895,18.478827586206897,93.13055344591045,15.11198250447822,37.520813111551995,30.057567849970933,29.295003585573554,396.98444306850433,140.74360951781273,146.8986738473177,422.0052622258663,1204.9646116793156,176.7593901604414
264,2.78332898172324,18.608220338983102,5.458488584474891,8.11848951048951,1.8488883161512,15.695095890411,1.82799490662139,15.7050294117647,1.96097714285714,12.6408222222222,1.94334821428571,12.6582325581395,32.9980303030303,4.46098031496063,18.6464464285714,85.11461692905964,15.05330560225436,44.9576162490907,29.859642522094063,27.173641526577274,338.9311954379082,143.51424761116505,149.96989630162716,353.8117278367281,1050.1426178961992,182.1547280997038
265,1.9670541958041998,27.95345,5.46830687830688,9.53600925925926,2.17169818181818,15.741081081081099,2.04687878787879,15.742597014925401,2.0577967806841,12.5789578947368,2.03946760070053,12.6094074074074,36.359833333333306,4.5359140625,18.03715625,77.36010163063075,15.058572493327713,45.11536800519178,29.91603387960304,27.164197698419876,379.7520883381367,155.01584857702255,161.3236963748932,434.6133675426245,1689.449232071638,176.2984786182642
266,2.81412857142857,18.59655,5.45000518134715,8.062968503937011,2.31879766536965,15.7831232876712,2.30794589178357,15.7937808219178,2.4014687500000003,12.6444835164835,2.39632708333333,12.6343888888889,32.67184375,4.83640845070423,18.1970666666667,85.42911856362029,15.075561104390172,37.64868980886802,29.99656805721799,29.463914997121606,388.72859440743923,146.08423225581646,151.50019899010658,435.46920642256737,1449.4189992547035,183.71986225247383
267,2.78663571428571,18.602881355932197,5.80580225988701,8.14584848484848,2.05455258126195,15.770027027026998,2.03527128712871,15.7924605263158,2.24996788008565,12.6707647058824,2.19149680170576,12.684223404255299,29.9158823529412,4.66222131147541,18.448,225.08746988350254,15.05785051246235,52.63792089311429,29.996362234419074,27.386570157232324,377.2845957428217,116.5763009339571,122.89420701563358,422.18067683279514,1247.1764348447323,167.05202870070934
268,2.3086179039301298,18.577703125,5.45400473933649,8.89043965517241,2.10780733944954,15.788394736842099,2.1656294227188098,15.775691176470602,2.20226077586207,12.632219780219799,2.1847429643527203,12.6247032967033,22.604490196078398,4.58828193832599,18.1845555555556,69.75392469520273,15.011151463899967,37.704482614124004,30.048081966774184,28.38954318218251,406.824192032218,157.27938152849674,171.13317735493183,434.8453599959612,1871.9534389674664,177.6641234755516
269,2.30226464208243,28.021078947368398,5.46959895833333,9.61459663865546,1.94859782608696,15.752115942028999,1.9587793103448299,15.798875,2.131377593361,12.6552127659574,2.0825869980879497,12.6528021978022,29.232200000000002,4.4519182879377395,18.098239999999997,77.3167996706543,15.046195447378818,37.655994832905705,29.86911603864222,30.041175800307858,330.95679245889187,159.22309830784798,166.86678864061832,428.1585570424795,1446.857489645481,176.46467313170433
270,2.72471276595745,18.663921875,6.75532236842105,6.7940499999999995,2.79753055555556,21.901611111111098,2.78151761517615,21.9092075471698,2.40549685534591,12.4543218390805,2.37424305555556,12.4567195121951,25.654711111111098,4.892227467811161,17.7306440677966,38.53341813677467,15.044945968679771,37.39062476421415,30.0310653297051,27.173525396647083,326.38004049658775,112.49003000557423,127.09121219813824,334.8930273205042,419.28798891603947,565.7018162310123
271,2.10441338582677,27.937324999999998,5.4281327014218,8.239176,1.9259435483871001,15.8588405797101,1.88974055829228,15.8903733333333,2.0115410122163997,12.6457666666667,2.0525178571428597,12.6704222222222,32.6054545454545,4.5611626984127005,18.5895344827586,85.08687677519066,15.148997412674863,37.680059715399146,30.02319837726662,30.062256922615525,387.8816496580839,148.9272341132164,155.5185765028,441.3864575326443,703.957537189126,187.31928430497646
272,2.17943043478261,39.0101071428571,5.46297395833333,7.9838041958042005,1.73155555555556,15.7833384615385,1.7295362318840601,15.787104477611898,2.21335769230769,12.6729468085106,2.22165082644628,12.6642967032967,39.099730769230796,4.64987096774194,18.2327857142857,93.17140660481974,15.029344479418777,37.799269352219504,29.998485476780097,30.06707292511339,381.0757305473089,156.83691017329693,159.03320163488388,336.9655925780535,775.925675407052,198.7507101148367
273,2.64688546255507,18.6733731343284,5.46382978723404,8.1305873015873,1.81185563380282,15.787430769230799,1.93481833333333,15.7800266666667,2.25051063829787,12.5753260869565,2.2819722222222203,12.581573170731701,26.1587826086957,4.59036947791165,18.3970714285714,69.69664442904791,15.143891734239036,37.51513473869086,30.073758694007626,27.22269096974523,379.54109720885754,151.7453696578741,152.53550373017788,428.39269153773785,1442.4200169742107,194.77130845189095
274,2.46833414634146,18.6290317460317,5.46259259259259,7.56904861111111,2.17037044145873,15.87034375,2.14944731977819,15.902083333333302,2.44291850220264,12.6419340659341,2.4945303030303,12.6659574468085,29.3730487804878,4.6420486725663705,18.5245254237288,61.91749127851687,15.083257555633368,37.730396077194094,30.1333685855668,27.32643557750795,386.22054271399975,127.00343504548073,134.20404866337776,425.38666166365147,1413.3877586573362,216.4399717003107
275,2.57867718446602,27.9751428571429,5.44889047619048,8.83010084033614,2.09279272727273,15.7901764705882,2.09280944055944,15.772057971014501,2.19339846743295,12.683962962963,2.22334110169492,12.684382716049399,32.9174838709677,4.58495546558704,18.543928571428598,84.79258466903427,15.004795485160328,45.019966178277734,29.895470384528497,29.917625806234597,391.34733378887177,151.743832975626,164.5331270992756,502.00149416923523,527.9404111206532,164.7565048187971
276,2.21561583011583,27.9675128205128,5.46127411167513,8.06874825174825,1.9382012987012998,15.742767123287699,1.95265275142315,15.722840579710098,2.12613247863248,12.6457444444444,2.1011145194274,12.653098765432102,22.602924528301898,4.45686842105263,18.3474035087719,38.705349438860985,15.125929666137838,37.72474000501739,29.996840020815597,27.46091905471717,319.4370772689581,115.55375531315804,127.88926251232623,333.20426009595394,424.0212496370077,176.2166153639555
277,2.33481059063136,23.804920000000003,5.49010476190476,9.69285365853659,1.46393444909344,15.7403846153846,1.4588529784537398,15.734896551724098,1.9758615916955002,12.6367558139535,2.0007618213660203,12.6475925925926,32.687625,4.47495670995671,18.2733384615385,85.42190121782461,15.156532059854378,45.299927023135815,30.127887946558488,27.157350903187247,394.1822797060013,150.04207380115986,165.48866406083107,424.3050701916218,1513.214549049735,198.5536888241768
278,1.99109737827715,28.1414615384615,5.46126130653266,8.84459349593496,1.91147508305648,15.697716417910401,1.8928782287822898,15.6990769230769,2.3332644444444397,12.4810595238095,2.34363844393593,12.4714634146341,35.353218749999996,4.72683265306122,18.501253968254,77.49668543034747,15.142520620138027,45.23389643901689,30.128253143535815,30.13962437887573,384.59072820842266,153.1618181616068,162.83378936350346,441.468320786953,1014.3817402422429,172.7933995425701
279,2.76867924528302,18.6095593220339,5.47743718592965,8.85769230769231,1.89114778325123,15.816621212121198,1.8973911439114401,15.8362769230769,2.0155284872298598,12.5006785714286,2.06104500978474,12.5080731707317,32.8660555555556,4.5777957446808495,18.476301587301602,77.79492996627637,15.079569353180549,37.812265507246586,30.079630889270433,30.16712084741266,333.6949273943901,145.0485084205866,150.64124017953873,338.3758943527937,1087.6442305743694,198.11270758509636
280,2.66877722772277,18.5977777777778,5.443068783068781,9.45962280701754,2.3834560000000002,15.744161764705899,2.41682241014799,15.7541076923077,2.3265680933852098,12.5945176470588,2.5881582733813002,12.606740740740701,32.574969696969696,4.7380730593607305,18.2864193548387,69.83633066561174,15.13931745634701,37.64500577381078,30.034312004647944,27.090001331350695,377.1977499127388,124.60383586585522,126.84683315455914,413.99975307285786,1865.6553234905005,172.15176485478878
281,2.44161123595506,18.6131228070175,5.44167021276596,8.83736974789916,1.80851683501683,15.696261538461501,1.8446974358974402,15.6936712328767,1.9131370106761598,12.5668965517241,1.8886863084921999,12.5576585365854,32.7351612903226,4.39078947368421,18.432350877193,93.11689960033486,15.104269381598714,45.259667577424324,30.08558699846321,28.709769390962204,317.1304240822792,153.428316116333,157.29847364127636,357.0624627172947,863.3699733763933,172.66073264181614
282,2.26069960474308,28.1087857142857,5.47282296650718,8.14302142857143,2.17971590909091,15.7921643835616,2.1887309160305297,15.7999594594595,2.33910706638116,12.6441428571429,2.16006172839506,12.6384814814815,29.2873611111111,4.6438190045248895,18.5328181818182,85.46063089591445,15.109162725222955,45.307886662113404,30.130801753887372,30.1015727056944,340.0552552193403,147.70496636629105,151.75794251263142,521.8332167714834,1103.9972305297852,185.2693036198616
283,2.78893467336683,18.627890625,5.44993333333333,8.780991666666669,2.10513921568627,15.773,2.0867174796748,15.7995692307692,2.4141056338028197,12.6222857142857,2.35942921348315,12.611358695652202,32.9374571428571,4.65688979591837,18.2516984126984,62.13632500607207,15.13582139935051,37.60517250097078,29.996279660997466,30.08035716898214,390.72083309292793,182.98029899597168,186.654319986701,415.3589252382517,748.8510105758905,215.34892730414867
284,2.6051024390243898,18.644453125,5.48984816753927,7.39284507042254,2.10385300207039,12.5627682926829,2.0477526652452003,12.568829268292701,1.92529966887417,9.38551724137931,1.9369058441558402,9.38446551724138,36.101875,4.79145147679325,18.246948275862103,85.39057524288062,15.097941345579695,30.139044847985975,30.02368082588033,27.102705116517814,373.3470104634762,150.81367455422878,156.17813915014267,427.5822080671787,1333.5934840142727,206.98118023574352
285,2.35814864864865,27.9541428571429,5.42961904761905,7.415,2.21607589285714,15.730287671232901,2.26318295218295,15.7244776119403,2.4329915074310002,12.5672183908046,2.45016704805492,12.5773875,32.635937500000004,4.77743333333333,18.5184745762712,85.72352334104099,15.108019667345323,45.36486154028914,30.094114049293555,27.155437053535884,385.68414747714996,151.41856856644154,154.60331924259663,434.3240521848202,1372.566632926464,179.01440151035786
286,2.78698798076923,18.62309375,5.44389545454545,7.3604964028777005,1.59170303867403,15.8958507462687,1.5719331514324701,15.8796849315068,2.2769033530572003,12.666835294117599,2.2678072519084,12.6573913043478,26.08555,4.52507929515419,18.321283333333298,85.58576092737731,15.116783972026225,45.64285022388649,30.18713691877181,30.11032108653225,384.1001074761152,144.23676766455173,149.3578776717186,426.9607365131378,425.49404315650463,188.48287872970104
287,2.14016901408451,27.9752051282051,5.2004062499999995,9.23922522522523,2.6179541984732797,15.802776119403001,2.6386009070294802,15.8292,2.4909125000000003,12.7011875,2.4601373390557897,12.695011494252899,33.0140277777778,4.52477480916031,18.235799999999998,77.68485085991078,15.123720964658622,45.31837456688495,30.195818082758308,29.254103592268795,387.72905245423317,132.4721146374941,137.49469071626663,425.4851024597883,1602.1335497498512,157.99719840288162
288,1.88519371727749,27.933976744185998,5.4466952380952405,8.86896551724138,2.45548687350835,18.8943090909091,2.58472388059701,18.8685079365079,2.38952066115702,12.6181851851852,2.40278947368421,12.620011627907001,29.0844102564103,4.8424625,18.4941428571429,101.5944047586461,15.14136739029456,45.34113977647272,30.12784992733708,27.567731170784086,391.8931819498539,189.3754117190838,200.02005621790886,428.27832512557507,1523.9287167787552,201.9096165895462
289,2.2113704496788,35.7418387096774,5.4615156250000005,7.34844285714286,1.94754391891892,15.816562500000002,1.94186363636364,15.834986666666698,2.09877456647399,12.642123456790099,2.0876983546617898,12.646422222222201,29.5517435897436,4.4982578124999995,18.4808387096774,69.9348094833252,15.16238374818184,45.25803486404745,30.185141986200907,29.503111046394743,404.33183312416077,177.25806683301926,186.74894236028194,432.53093026578426,1554.04694378376,175.8623868227005
290,2.0596972972973,27.9868863636364,5.4625126903553305,7.48275182481752,2.32413015184382,15.7935614035088,2.2791215351812397,15.805652173913,2.36698237885463,12.6013333333333,2.37392857142857,12.602421686747,29.1087297297297,4.71656221198157,18.3698214285714,77.49114085198649,15.079546987782242,37.620550240890765,30.190043882282083,30.19525160231626,370.68305537104607,151.0682050138712,160.41025519371033,421.7059351503849,1448.0285812169313,172.52196557819843
291,2.64083698296837,27.9621842105263,5.427989417989419,6.75763522012579,2.13464760147601,15.8122608695652,2.12029650092081,15.806378787878801,2.22418929254302,12.6594578313253,2.31593243243243,12.6620120481928,32.6715555555556,4.53101185770751,18.2072280701754,93.24333616259366,15.07160342267985,37.72502314578724,30.074629451079545,30.116264404824587,372.6326394826174,143.1245356798172,151.54913999140263,430.4711241275072,754.3595507740974,180.04649318754673
292,2.9679393063583803,18.62140625,5.49106382978723,8.0468359375,1.8856737704918,15.733878787878801,1.92380399274047,15.6924,2.07184790874525,12.6586086956522,2.12141851851852,12.6349555555556,25.8241777777778,4.49909920634921,18.462355932203398,69.48702402051431,15.052035902072564,52.70960025126285,29.974767399520744,30.013082378107207,338.1547052413225,131.30265288054943,132.34871439635754,428.08339931070805,1421.001646667719,175.22056587040424
293,2.59061312217195,18.615375,5.46291469194313,8.038125874125871,1.72732676518883,15.694169230769202,1.74568618618619,15.703234375000001,2.22722669491525,12.684258823529401,2.21187068965517,12.707098901098899,25.8621363636364,4.65152032520325,18.4961129032258,61.88241523491755,15.087631273556351,37.34915887619555,30.074972732182342,27.132666816158732,380.78208453953266,185.63359044492245,191.68504513800144,421.06243781745434,1698.7809911370277,196.62990234792233
294,2.65196068796069,18.605,5.49364423076923,8.06668503937008,1.9436829679595298,15.810736111111101,1.95317288135593,15.822328767123299,2.05408982035928,12.6591648351648,2.04279794520548,12.6673086419753,38.8924,4.30567924528302,18.4316461538462,85.3593554879828,15.080776580432707,67.52666500103778,30.0758421793706,29.809707147604026,377.5602672249079,147.4332995712757,151.6320277005434,343.96229311823845,1025.2827312797308,180.48412166535854
295,2.66960097323601,18.5977833333333,5.4439781420765,8.05753472222222,1.73083574879227,15.7781692307692,1.6859199372056501,15.779298507462702,2.21497884615385,12.559130434782599,2.17535173824131,12.5710459770115,29.554,4.6995371179039305,18.4927741935484,124.56452742348172,15.185670105615277,75.63813049602743,30.088081195099,29.355316780471927,420.41316628456116,161.4741049706936,161.37603670358658,363.1581552326679,1080.0879448652267,195.22183574736118
296,1.91788146911519,27.946076923076898,5.126530000000001,7.856999999999999,2.1938544061302703,15.636076923076901,2.2337812500000003,15.649353846153799,2.2238414872798398,13.6121318681319,2.1593497942386803,12.651747126436799,32.8799714285714,4.62391056910569,18.5350350877193,77.62765738567361,15.162131917351966,45.264824196391814,30.064838890548682,29.749286499261405,337.433023378253,145.51193453371525,150.14768578112125,520.0806073844433,611.020065844059,150.52901580929756
297,2.2604201183432,27.9683636363636,5.46576303317536,8.020684563758389,2.0861707317073197,15.763784615384601,2.08244736842105,15.7626849315068,1.94286767485822,12.592731707317101,1.9794935543278103,12.5924065934066,26.146525,4.64878512396694,18.6613870967742,77.49741793589862,15.100893447405515,45.349737441495655,30.172440349784715,28.134870537607934,388.2043994963169,151.90946869552135,157.68883749842644,426.2383561581373,1556.5651934593916,145.993335172534
298,2.6209388753056198,18.61175,5.46231720430107,9.710647058823529,1.6748388969521,15.593356164383602,1.54695945945946,15.5882878787879,2.0208594024604603,12.4825833333333,2.01068651488616,12.4859139784946,29.4498611111111,4.49635294117647,18.4851692307692,85.61209446904098,15.171056709688479,37.68610164214277,29.9067279418033,28.731413872687416,455.12947253882885,146.55408449470997,152.62840315699577,347.5932404398918,939.1251485794783,179.62078563869
299,2.18006981519507,27.9600697674419,5.495638743455499,9.66588495575221,1.73004292527822,15.897486111111098,1.72687004754358,15.903,2.14681065088757,12.520914634146301,2.14163654223969,12.551862068965502,26.1624571428571,4.749516431924881,18.64575,54.49825615107044,15.189716926747701,68.32596261327417,30.135182591198646,29.35750646139096,382.9764202237129,181.2211237847805,193.80636513233185,429.5046906918287,1100.4995089024305,193.61348822712898
300,1.9355512605042002,27.9383571428571,5.41892417061611,7.376679487179491,1.87163970588235,12.7575731707317,1.6799836065573799,12.7587032967033,2.1372564612326,12.6486,2.13681764705882,12.6523023255814,32.4539166666667,4.796173708920191,18.6966078431373,54.360860538452506,15.130356162929893,75.7862021702102,30.2057797084231,30.092061235929105,451.402785256505,154.5863226056099,158.13931822776794,424.64323341846466,1676.2991901487112,183.32190811634064
301,2.47106113537118,18.5969230769231,5.4196320754717,8.73081060606061,1.86561111111111,15.804800000000002,1.89860855263158,15.792205479452102,1.95704182509506,12.629648351648399,1.95558333333333,12.6285581395349,35.858551724137904,4.39220982142857,18.376694915254202,85.03007716903663,15.065549846030413,37.62684027305731,30.177187219559183,27.660613849199347,384.2315636575222,200.02126693725586,207.13997073471546,520.2470347285271,607.2185933589935,176.56791023910046
302,2.55789662921348,18.596126984127,5.4115,9.42564754098361,2.23902996254682,15.7740555555556,2.22605598455598,15.768830769230798,2.02428295254833,12.5606875,2.0652173913043503,12.594378048780499,25.9581,4.54816334661355,18.0585555555556,62.48465743772224,15.130572894115764,45.543497432319704,30.071684756120217,30.195366305125848,450.10196045041084,150.44682659208775,155.2451867610216,588.9575462788343,2585.4855310171843,158.71860086917877
303,2.38744219066937,18.58015625,5.43384905660377,9.50067256637168,2.31923108384458,15.7444838709677,2.33867973856209,15.7752786885246,2.26165151515151,12.565219512195101,2.33172162740899,12.5659,32.8621290322581,4.52299111111111,18.3774285714286,77.66271678306653,15.11117776881654,143.72608202306748,30.123709389549845,28.146699796778766,374.2094151675701,181.846646592021,195.46090625226498,513.914693146944,1433.8401146233082,161.63690015673637
304,2.2244252873563197,18.621067796610202,5.47180213903743,7.39521768707483,2.21491397849462,15.6362714285714,2.0534622302158296,15.654185714285699,2.17040127388535,12.598965116279102,2.1445782688766104,12.6050813953488,29.4863333333333,4.5752268907563005,18.5072909090909,46.510892330582756,15.202091180747699,45.109482053776176,30.085996902174262,29.976990822786227,391.0096827894449,181.10591918230057,179.86083403229713,586.2800870090723,1434.1434929519892,158.08320604264736
305,2.62476744186046,18.6206,5.44480203045685,7.37980769230769,2.04734697508897,15.8950769230769,2.10263127413127,15.904666666666701,1.88470091743119,12.545461538461499,1.85620933977456,12.5701538461538,36.0853125,4.35066666666667,18.6250806451613,77.73173576207965,15.161990966893551,45.559290221158676,30.22435023703671,29.81341060371007,385.2166701108217,177.83823423087597,184.3675971031189,411.67433373630047,1531.954389065504,158.12222845852375
306,2.4692775229357804,18.6252542372881,5.471767772511851,8.02248951048951,2.01889661654135,15.760375000000002,1.98984629981025,15.759584615384599,1.88866897746967,12.576975609756099,1.8787582417582398,12.6077777777778,45.414461538461495,4.5093348214285705,18.582938775510197,77.69701089383165,15.144748267048959,52.813365893526175,30.029090073165136,30.070394161771148,456.5614275634289,182.2847407311201,187.7988688647747,519.1605072468519,1901.5249330550432,164.55170698463917
307,2.1827842401500903,28.1949761904762,5.45222994652406,8.209864000000001,1.6739293078056,15.6572714285714,1.63909090909091,15.642837837837801,2.34812938596491,12.5784691358025,2.1066625766871203,12.5932967032967,29.5322571428571,4.6165517241379295,18.5191458333333,62.11401808809174,15.11859052874997,45.271792040681085,30.183430077118164,30.144660186242724,389.96157236397266,114.56464417278767,127.86602601408958,493.67137253284454,1767.1239096671343,164.90365378558636
308,2.58797290640394,18.8048253968254,5.48562380952381,9.566482456140351,1.5980162381596799,15.976236111111099,1.58798310291859,15.9983055555556,2.1031440000000003,12.6569638554217,2.10268953068592,12.6633404255319,35.3473529411765,4.33801492537313,17.8389166666667,77.76734955684523,15.211759029056617,75.89731159474239,30.22673482122403,27.260305540502902,460.73654666543007,173.87405969202518,179.75508235394955,418.4548743069172,519.550358876586,190.9460872411728
309,1.9270180921052598,27.9729210526316,5.43268783068783,8.06245384615384,2.01704409171076,15.816630136986301,1.9864429400386798,15.817821917808198,1.86956896551724,12.6085,1.86156227758007,12.5799764705882,32.657885714285705,4.50967226890756,18.407249999999998,85.52918943548136,15.20029265226285,45.1598816339334,30.026079868215746,30.15303463165393,395.6169355660677,154.62199226021767,171.23017460107803,516.1135457456112,954.8903908580542,164.07398506999016
310,1.9792802303263,21.4898103448276,5.46449746192893,8.90828813559322,2.12357836644592,22.089152173913,2.24107191011236,22.1126956521739,2.3211615044247798,12.656076086956501,2.31868918918919,12.6294347826087,39.0317333333333,4.75884186046512,18.4672295081967,92.97721733849238,15.12727058009488,686.550049656585,30.059927976767895,30.207294180122716,402.3243673145771,174.74079504609108,179.54912036657333,519.2556884139776,1404.0078967809677,184.03069116175175
311,2.8094274611399,18.6181754385965,5.4470211640211605,7.3497133757961794,1.88206574394464,15.6960153846154,1.8663713298791,15.679432835820899,2.29567519685039,12.5650487804878,2.26884105960265,12.5996923076923,39.6804230769231,4.8288202764977,18.3772307692308,77.42548917634161,15.131749499209095,143.41713993455411,30.137178738616253,29.860706314114953,391.89099334180355,186.12914718687534,191.46534614264965,539.3715109676123,1227.1387502551079,176.6469795256853
312,2.93177049180328,18.614833333333298,5.4444299065420605,9.5338606557377,1.9503828125,15.6995074626866,1.9800250965250998,15.7150131578947,2.42811820330969,12.5941279069767,2.37441513761468,12.613065934065899,32.2385945945946,4.72017061611374,18.3446290322581,100.99307350752429,15.07736278582269,30.05017527786027,30.028299526776685,29.744972649094784,354.53704185783863,120.80958113074303,127.52986513078213,334.31784249842167,1027.1092411130667,198.30879755318165
313,1.54166767830046,27.9842790697674,5.43286772486772,8.044155555555559,2.16478024193548,15.713059701492499,2.17030970149254,15.7252461538462,2.3195253549695702,12.518231707317101,2.2742838983050797,12.5179684210526,39.5403846153846,4.5122259414225905,18.390689655172398,77.31744326028397,15.095115936014396,45.2720013325875,30.081687565022907,29.206966460818425,512.9562225192785,171.1397897452116,177.3466356098652,498.95993433892727,1436.392031610012,183.35729837417603
314,1.46916209150327,27.9896,5.42621276595745,8.72892,1.99533157894737,18.8362295081967,2.0133470919324603,18.8902542372881,2.13435471698113,12.6326987951807,2.153552,12.6396296296296,32.4639375,4.48344032921811,18.7488833333333,77.52695524047506,15.035356317286391,75.43092828793785,30.05044276431265,30.16066253804721,459.24875885248184,141.0188153386116,146.6603484004736,583.0100737512112,1866.2968184798956,205.65628074109554
315,2.0533584229390702,18.61540625,5.5393872549019605,8.284201438848921,1.46960408684547,15.6392068965517,1.47268505079826,15.6613157894737,2.0024609375,12.6252222222222,2.00324216027875,12.636813186813201,42.911375,4.52627467811159,18.537254545454502,85.6122003923596,15.146181557909438,37.662891741500175,29.899149763961667,28.79021491071272,452.6986740529537,151.12916007637978,152.52591110765934,433.71859937906265,950.3861423581839,176.78639851510525
316,2.6614934725848602,18.6186,5.16422173913043,8.78029914529914,2.17306439393939,15.808623188405798,2.1591083032491,15.8107671232877,2.0813924050632897,12.6404320987654,2.0920733197556003,12.6108222222222,36.0173125,4.66414957264957,18.4722063492063,77.70242444455455,15.152954245232669,60.397725052883715,30.05347916857656,27.889146155654956,459.8607774823904,180.8714121580124,195.90994343161583,510.4839336127042,1291.2599835544825,161.9874034076929
317,1.31543155452436,26.91695,5.47734403669725,9.470912698412699,2.0117913385826798,18.9910526315789,2.0144200385356497,18.992092592592602,2.22079961089494,12.604,2.25430263157895,12.5842716049383,33.035625,4.66820247933884,18.4693571428571,69.8474820123107,15.094684784146581,37.65320525947351,30.093256386056847,30.164259844523635,565.8639594912529,126.76012702286243,133.6416695266962,426.0819870978594,2044.0819673240183,158.28791074454784
318,2.56897542997543,17.7729180327869,5.43952380952381,7.32961224489796,1.9630723809523802,15.930902777777801,2.0830722433460096,15.923484375,2.0003531468531497,12.6381098901099,1.94674094202899,12.6130930232558,32.6296285714286,4.458299610894939,18.4808571428571,54.159258182757895,15.095136707918154,37.71957976480521,30.09474103074669,27.251237622202893,456.1731591820717,173.84858801960945,180.75313419103622,667.0371163636446,1150.508550927043,187.65130080282688
319,2.1391820083682,18.614120689655202,5.45085465116279,9.70473949579832,2.03678494623656,15.718880597014902,1.9820657439446399,15.725123287671199,2.10627459016393,12.5836666666667,2.11058835341365,12.5936813186813,35.460827586206904,4.61902966101695,18.226359374999998,62.386424801556515,15.091807346203074,150.90463055110283,29.945244983084123,29.990057602249465,535.3993736207485,149.04988929629326,158.4735233336687,675.089517608285,1535.6458257883787,174.95458014309406
320,1.72602541106129,27.9711282051282,5.4102947368421,10.5108771929825,2.1361322160149,15.777382352941201,2.1408574108817997,15.7717808219178,2.10351334702259,12.6677444444444,2.11726654411765,12.6687934782609,29.5494722222222,4.40743295019157,18.101224137931,54.39659903085192,15.122958998781158,37.669809860252286,30.076893291550633,29.880424227925953,450.1034505665302,142.04583130776882,150.66415071487427,600.7087416946888,1921.7850640416145,172.6313028484583
321,2.4412405063291103,18.61425,5.45118571428571,9.528792000000001,2.0633877159309,15.845048387096801,2.09160727272727,15.829692307692302,2.04880809859155,12.6676626506024,2.01529141716567,12.6736593406593,29.0402195121951,4.6309247787610595,18.4154310344828,77.73293842041615,15.156383772098623,37.70610185515775,30.09414766157126,29.38514293281144,378.93056869506836,155.4511021822691,158.75650569796562,601.3310048729181,2035.5127286165953,164.8568082600832
322,1.91995357142857,27.969625,5.47148663101604,8.12385039370079,1.81067614533965,19.0259,1.83608,19.0321111111111,2.20609845559846,12.5423536585366,2.1731871455576597,12.5531097560976,36.1206551724138,4.665092050209201,18.4988253968254,171.01538809518718,15.038859061731781,37.72035647980937,30.24311320155357,29.738771690163002,393.2021092623472,129.8296730965376,136.48485764861107,447.0440559089184,2024.6929954737423,221.25449031591415
323,2.18244939271255,18.609875000000002,5.473220657277,9.425519999999999,2.05215302491103,15.743407894736801,2.108721021611,15.7506323529412,2.0778275862069,12.530743902439,2.04496310679612,12.5252934782609,32.7574545454546,4.56971363636364,18.6391475409836,93.35205863308008,15.095454874442632,45.20824320576213,30.0354493819812,27.144824931261343,456.52431435883045,141.66636392474174,152.0184800028801,417.4398723989725,518.0599633604288,184.23320725560188
324,1.85365945945946,27.9759523809524,5.42769339622642,8.05966141732283,2.04922900763359,15.727603174603201,2.00795462478185,15.7368260869565,2.01419594594595,12.6118915662651,2.0474680451127796,12.6060823529412,42.4614074074074,4.45437078651685,18.440048387096798,69.63943301005445,15.103538572801318,45.07672296587769,30.13100059535426,30.024010293121165,404.38701398670673,153.68768945336342,161.76528297364712,502.5032907724381,1600.4437115043402,158.30639749765396
325,2.3761704312115,18.6106031746032,5.45907106598985,7.44841780821918,1.5607090395480199,15.7882608695652,1.70608345752608,15.792676923076899,1.98611583011583,12.6057283950617,1.9984731610338,12.6064302325581,39.666965517241394,4.37761538461538,18.523875,92.98017185978294,15.155597472350642,37.76496827990825,30.019672320855435,29.327712051393274,386.8251107633114,184.41961146891117,187.70028837025166,435.6680437922478,779.0409028530121,172.5581008940935
326,2.53868134715026,18.600916666666702,5.43046391752577,7.37819424460432,2.17589004149378,15.680907692307699,2.17491825095057,15.6721641791045,2.1397656529517,12.6019404761905,2.1230242424242403,12.601963414634099,32.592999999999996,4.595888,18.2847777777778,77.19990253441642,15.075732871008373,37.56129364065443,30.12084287384947,30.14486546119443,457.48637057840824,179.8324752599001,185.6648363173008,522.2958978265524,1304.792147129774,165.7735090702772
327,2.6270046403712297,18.614809523809498,5.462455,8.94375833333333,2.22772707423581,15.725723076923101,2.2409242718446603,15.7270307692308,2.02534645669291,12.590010989010999,2.21785658914729,12.5643296703297,35.3317666666667,4.56589961389961,18.396935483870998,124.93878894611892,18.976267762795537,37.765635022708906,37.74512554322754,37.564411852479246,390.5670717358589,150.03066509962082,155.3078182041645,679.3632637709379,1031.5905325114727,146.54346741735935
328,2.09281868131868,27.9217692307692,5.447064516129029,8.09232330827068,2.14204127579737,15.7121739130435,2.16531837606838,15.7176153846154,1.9113739565943197,12.6236117647059,2.0215598650927498,12.5903720930233,32.9253636363636,4.37444897959184,18.4853174603175,123.20517217707435,14.997386260477228,60.138165160489905,29.887579543624568,30.064484806805,464.893551543355,232.3355060070753,240.95908738672733,512.8645338118076,697.2485687583685,165.8855937421322
329,2.34872317596566,23.7828076923077,5.46182191780822,7.405173076923081,2.02982213438735,15.7220454545455,1.99842023346304,15.743846153846201,2.08077224199288,12.7077647058824,2.01660119047619,12.7074255319149,29.291027027027,4.46134166666667,18.505725806451597,163.17665936071626,15.07465034137074,45.40158765718205,30.10133881239512,30.127847307589477,460.806954652071,154.46646139025688,158.45401212573051,680.4820150136948,1874.8967442661524,153.66324223577976
330,2.418322,18.624365079365102,5.42828571428571,10.3770430107527,2.05670446735395,15.7441111111111,2.0290053003533597,15.753809523809501,2.14450549450549,12.4997857142857,1.99606809338521,12.486376344086,48.960142857142905,4.53457805907173,18.5852586206897,85.42258139947901,15.10435013198151,37.59349152172876,29.955368929645974,29.552876369807585,467.54726208746433,176.39962024986744,185.62888726592064,529.6914838254452,1156.5180961042643,176.11468210816383
331,2.11038461538462,18.6184603174603,5.45796808510638,7.35487,2.1110255941499103,15.6816301369863,2.10887225548902,15.684671232876699,1.9374822006472499,12.5843908045977,1.8970747826087,12.5839010989011,29.5345588235294,4.61272573839662,18.7345652173913,70.13765216734275,15.128764020057119,60.46181583992888,30.045343922141438,29.28702641517656,522.8586029261351,154.9826469272375,167.04746522009373,604.3171975761652,1178.9551470428705,160.9190832823515
332,1.53708743169399,28.003128205128203,5.4493849999999995,7.651817518248169,1.9511302876480503,15.7814794520548,1.8907045045045001,15.7639459459459,1.9105907407407399,12.6797411764706,1.84358551617874,12.6729534883721,38.9985357142857,4.26612598425197,18.4717457627119,84.70522085493748,15.090484624053177,44.73474826111761,29.977879985771978,29.201662113499584,399.09337647259235,179.44197170436382,187.69190646708012,544.7688512504101,1392.0372817665339,155.06809577345848
333,2.6378039215686298,18.6244915254237,5.47622169811321,7.45946527777778,2.0638425196850396,15.664131578947398,2.0093690036900402,15.673358208955202,2.24723781676413,12.6145903614458,2.21495348837209,12.599747368421099,32.5720909090909,4.623854625550661,18.205857142857102,772.2592349455052,15.091033077823969,681.4798979436174,29.991767465282127,27.916758671405457,516.0027649253607,184.75805409252644,199.49954003095627,591.6907452046871,1057.4441868811846,183.81988629698753
334,1.6992239263803701,27.9759523809524,5.46209677419355,8.67773,2.33263777777778,15.7365873015873,2.33468564920273,15.754734375000002,2.30253024193548,12.5674367816092,2.3103736263736296,12.5747682926829,32.662600000000005,4.57120634920635,18.146571428571402,77.50181128566108,15.115058620670608,45.285638396525165,30.21993493320644,30.15487451394178,486.22372560203075,183.5530623793602,188.20883706212044,433.9525941759348,1459.5584012567997,153.31110917031765
335,2.01575438596491,18.61425,5.467578125,9.51369026548673,2.20185633270321,15.868053571428598,2.15318867924528,15.8459305555556,2.36759367945824,12.6928131868132,2.39498604651163,12.702024691358,32.7570322580645,4.76070754716981,18.302712121212103,77.34742738883871,15.1607396061687,37.750781810996,30.029539511273512,30.12041355311889,502.8747953474521,175.93931406736374,181.76808953285217,504.6119447797536,1657.1911983191967,205.7991921901703
336,2.5004449877750603,18.718539682539703,5.44449206349206,7.59476158940397,2.06311510791367,15.8572580645161,2.0774396039604,15.869825396825398,2.10880918727915,12.5727586206897,2.06011176470588,12.577329113924,42.9454074074074,4.62064414414414,18.5850806451613,93.1051661984419,15.079454452279496,45.24218905253169,30.06034376823258,30.07738364581937,502.74268724024296,174.00458455085754,185.77906303107738,508.44610668718815,697.0260292291641,172.750698402524
337,1.82880602006689,35.7623636363636,5.50333333333333,8.72704545454545,1.91421212121212,19.0257213114754,1.9374365482233502,19.0337142857143,2.22328601694915,12.6082747252747,2.2292662835249,12.6176823529412,42.2084074074074,4.49138521400778,18.286828125,69.93616111895027,15.081907215085765,37.9631180480788,30.15106922161481,30.21894651731082,525.2680741250515,127.13661417365074,127.37214565277098,422.50831611454487,2097.6442843675613,165.8570021390915
338,1.87353820598007,27.9359772727273,5.46060106382979,8.09108148148148,1.7294108658743599,15.704531249999999,1.71635916542474,15.7043384615385,1.9850056710775001,12.5398804347826,1.97713076923077,12.536752688172,29.3242820512821,4.48996,18.4976031746032,124.07018231289047,15.157736995635073,172.0536218479675,30.0957485033263,29.956041950826517,517.3357203602791,147.6706936955452,155.2009955048561,598.7654440104961,1675.3395088016987,161.4823006093502
339,2.72908974358974,18.60555,5.45334761904762,7.37373381294964,1.91971428571429,15.778125,1.9131694599627602,15.800061538461499,1.7817406779661,12.621197530864201,1.80800943396226,12.6272631578947,36.24821875,4.3162407407407395,18.598548387096802,124.14967187712463,15.113920571850258,37.971050477065276,30.06950847551278,27.209204177462848,440.80023653805256,146.23068273067474,151.88218094408512,341.6211809962988,941.7201858013868,165.5241008847952
340,2.55250564334086,18.618734375,5.45637967914438,8.79476923076923,1.89341093474427,18.7659636363636,1.8996933797909399,18.7738461538462,2.14284601113173,12.5612413793103,2.14667343173432,12.5534597701149,39.307919999999996,4.4348693877551,18.4391481481481,116.80850344123826,15.108026668038125,37.763549274562514,30.0082563055323,30.05469054518218,455.4889630526304,175.86504109203815,182.35635943710804,512.715382501483,1218.8840191811323,202.50389352440834
341,2.96578021978022,37.4948181818182,5.45550802139037,8.74261538461538,2.25512967032967,15.7732923076923,2.25044247787611,15.7756666666667,2.1642203389830503,12.6518021978022,2.16935330578512,12.6535421686747,36.1473103448276,4.69961410788382,18.5292372881356,85.17488743663226,15.103238142160938,45.30489084161346,30.084229578649627,29.392706345007067,437.4425858259201,177.45676450431347,182.6978288590908,508.0248694866896,1184.8118621855974,168.7522977590561
342,1.8695325732899,28.0076923076923,5.44755,9.20657264957265,1.9990177514792902,18.7157543859649,1.91983666666667,18.7674807692308,2.0617957371225604,12.5251685393258,2.0852661290322603,12.5350352941176,35.9035,4.36892910447761,18.2044285714286,179.0379161466122,15.153163934637977,52.86223322831353,29.972793298610885,30.0541475206722,394.53147910535336,156.78592026233673,164.82258215546608,448.3838565647602,877.1777153015137,184.82711166143417
343,1.23804685835996,27.9610909090909,5.47840425531915,7.34625,1.90011296296296,15.768723684210501,1.90071586715867,15.7853529411765,1.9580957264957302,14.081671875,1.97227454242928,13.991945205479501,35.9137,4.27087360594796,18.344763636363602,84.95670513780493,15.030594498163133,45.49078600590091,30.15510833799095,30.198513855752847,451.6654182225466,177.13415436446667,185.39614975452423,351.40570253133774,874.2996491491795,161.88062727451324
344,2.30837470167064,18.6201833333333,5.46477083333333,8.08054225352113,2.28021276595745,15.673342465753402,2.36432121212121,15.696876923076898,2.17824628450106,12.5810459770115,2.13369357798165,12.5878235294118,26.0361590909091,4.678966527196651,18.506344827586197,170.95984624503674,15.138124732773768,37.60696098714372,29.96091437995311,29.53302763393644,455.1162477582693,146.2030690163374,153.58123928308487,421.5196706354618,500.27370452880865,168.298976495862
345,2.86380494505494,18.693890625,6.12485714285714,6.14089304812834,3.05298511904762,25.0903695652174,2.98469712793734,25.074152173913003,2.51360784313726,12.514000000000001,2.47013636363636,12.5030253164557,25.5563,4.8583438914027095,18.4481290322581,46.33454674223317,15.172818512889405,45.05808570894423,30.062222992089225,30.01115907277885,332.8083548694849,112.8708478063345,117.18184687197208,333.76291394233704,677.1725602447987,566.786015406251
346,2.56674683544304,18.6154137931034,5.44856613756614,7.37682014388489,2.2162003710575098,15.730926470588198,2.16156827309237,15.7325789473684,2.29092410714286,12.6056043956044,2.31200401606426,12.6079130434783,45.3764166666667,4.63379653679654,18.3639193548387,62.041724170589546,15.119309036365925,30.038800208686048,30.045392782971803,29.892175770893896,444.8211286216974,153.6074560135603,166.46524891257286,506.2478594481945,2379.070594906807,165.28009437024593
347,1.7008926470588202,27.934275,5.43553886010363,7.3838904109589,2.34192292089249,18.8598269230769,2.1301801980198003,18.880721311475398,2.40602428256071,12.5937317073171,2.331525390625,12.598372093023299,26.0692888888889,4.58860344827586,18.3398412698413,62.06634323754171,15.11525546222641,37.61020366212413,30.182479658335374,30.341167198292712,467.4991127103567,156.44538216292858,164.5752228796482,598.2629023492336,1596.1605124175549,169.1184937953949
348,2.296384,28.0049523809524,5.40206349206349,7.3203333333333305,1.8193122028526099,15.6591449275362,1.80999137931035,15.669972602739701,2.30229343629344,12.5996493506494,2.29027074235808,12.5936829268293,32.7159142857143,4.6059676113360295,18.345838709677402,46.599852677464106,15.156594037257815,45.16142234989515,29.91946279670903,29.83454975058276,390.79501293599606,152.48917043209076,154.61361035704613,498.2569720596075,1187.772722914815,168.65800134837627
349,1.61714841498559,27.966224999999998,5.48901470588235,7.415482758620691,1.5908312693498499,15.707289855072501,1.5799046153846201,15.706430769230801,2.25837827715356,12.526534883720899,2.08126689774697,12.538799999999998,36.0005,4.52962555066079,18.3420317460317,85.03826242336187,15.156622158044673,37.58616237459518,30.011745025025142,29.994957455502785,461.0455594956875,146.60218730568886,152.57331542670727,416.91670194268227,1026.644604280591,179.6254888176918
350,2.5053747126436803,18.6084576271186,5.47837320574163,7.422601449275359,2.04198384201077,15.7151176470588,2.09176532399299,15.727637681159399,2.1677566539924,12.552724137931,2.1039672801636002,12.558767441860502,29.4456666666667,4.70656746031746,18.4901228070175,139.57762841748843,15.130361019758,75.40398769513807,30.076831890554125,30.078555229316446,491.8830469250679,146.8909438699484,153.15311029553413,593.073945492506,1187.9913043230772,164.30411487817764
351,1.767795221843,34.5553529411765,5.4483269230769205,8.11202362204724,1.7540016750418799,15.7093384615385,1.76764786324786,15.711015384615402,2.27023168316832,12.6376153846154,2.23367608695652,12.639024691358,26.183568181818202,4.747817391304349,18.5070806451613,116.69663756318418,15.115720388266249,37.589044004500956,29.911235083425606,29.584230540237716,451.7881665378809,161.51233576238155,168.6805859208107,510.735483840108,1936.386013403535,167.79527068138123
352,2.7691597051597103,18.620552238806,5.42758031088083,9.37563793103448,1.78465366614665,15.7137692307692,1.77020535714286,15.7102058823529,2.06349113475177,12.615,2.07193165467626,12.5967441860465,39.0408,4.70028395061728,18.5838541666667,69.59907964866024,15.039306233433667,37.46288757041555,30.00656557935694,29.822898740828585,462.0517138391733,155.04583716392517,159.94575805962086,514.4642665982246,1722.823129966855,165.24000093340874
353,2.60256623376623,18.5974328358209,5.45079274611399,7.35130821917808,2.09504873294347,15.7943768115942,2.10711983471074,15.8214769230769,2.18978857142857,12.626351648351601,2.1675676767676797,12.6239347826087,32.6934571428571,4.594748878923769,18.5286923076923,54.29218524911465,15.140682835880158,37.75526176685014,30.04010408983653,30.154969819211587,455.41292056441307,180.91797828674316,191.10632129013538,590.2749486267567,1427.8622809797525,187.5871792435646
354,1.9160421585160199,33.0979411764706,5.46400980392157,8.78285294117647,2.04870858283433,15.648865671641799,2.2577336152219902,15.667057971014502,2.19224448897796,12.603341176470598,1.98001744186047,12.6039879518072,42.034925925925904,4.518625,18.614767857142898,69.66611310723636,15.191040916609186,37.58133181286502,29.97345870161084,28.55910775269593,386.32145151495934,173.449469730258,189.3910113722086,427.1303303539753,1043.4615891426802,186.77553161978722
355,1.7072574568288899,27.686209302325597,5.47448815165877,7.51103448275862,2.09693907563025,15.738243243243199,2.08732950191571,15.7561621621622,2.04360039761431,12.6802,2.02053940455342,12.6764418604651,35.824,4.47436888888889,18.333265625000003,85.16339247593847,15.106842146708347,45.182865938839306,30.190025667082473,29.287768570252197,456.8811506032944,141.0903874784708,154.1582401841879,428.59921231865883,699.8126860707998,147.75837771594524
356,1.51815546772069,27.9622325581395,5.4663829787233995,8.67547457627119,2.12989004149378,15.8046875,2.04870692717584,15.7846956521739,2.1562030075188,12.6182289156627,2.03901123595506,12.6199789473684,29.393475000000002,4.43500829875519,18.354636363636402,108.30842391888952,15.055083783511462,37.44189368957441,30.007047998332883,27.207669859509732,453.27027328312397,142.761692404747,154.36834655702114,525.1684691756964,432.47067369520664,157.77410008013248
357,2.69650620347395,18.5888813559322,5.44804265402844,7.42730496453901,1.86089855072464,15.792117647058799,1.9197784911717501,15.802739726027399,2.03007705779334,12.624939759036101,2.0548393881453197,12.6531234567901,29.6962857142857,4.66902192982456,18.572648148148097,69.81791080263432,15.182369770525622,45.273281865662256,30.121698361172555,29.619344351094654,341.41577780246735,201.02658309042454,206.92143589258194,520.4012151807547,518.6161026358604,162.2951589524746
358,2.13140513833992,27.973075,5.449502673796791,8.25559848484848,2.25525494505495,15.6807971014493,2.29725950782998,15.7007808219178,2.12428703703704,12.584989130434801,2.1069999999999998,12.6025054945055,29.245054054054098,4.88851388888889,18.591615384615398,77.77364265947402,15.169437630870286,45.232175885940876,30.093718790943914,29.59806458131877,387.51931861042976,140.4391136020422,147.56806194782257,665.6560115516186,1681.3733149319887,172.6779155433178
359,2.46530731707317,18.5972272727273,5.44173515981735,7.39548201438849,2.09239745916515,15.9070882352941,2.06674245472837,15.931107692307698,2.1892255319148903,12.6131086956522,2.2161480769230804,12.6225421686747,42.490407407407396,4.59166129032258,18.2504285714286,84.85657805614485,15.044495976295005,45.513653492359445,30.079762598497897,29.459681254787224,460.86530201137066,237.28259839117527,245.95102295279506,425.825547426939,613.5848350822926,176.54318362474442
360,2.91884857142857,18.663833333333297,6.73596610169492,6.97882424242424,2.53109756097561,15.7206301369863,2.5264849187935,15.7229864864865,2.41065727699531,12.4920326086957,2.3689586956521698,12.506397590361399,25.7040666666667,4.88235746606335,18.2625454545455,38.640435704858604,15.103846076809715,37.74695705845036,30.10625739889467,29.961068027217838,335.69056540727615,124.50367212295531,127.21470557153225,340.9250173717737,424.12024922668934,558.1154022365808
361,1.7915404958677699,27.9023157894737,5.4567323943662,6.736000000000001,2.31054157303371,15.90372,2.29898903508772,15.8960454545455,2.2601603773584897,12.607290697674399,2.30611623246493,12.609523255814,39.0452222222222,4.68838775510204,18.4129310344828,77.9478178521046,15.19240620099906,37.83679954688704,30.183886946268007,30.231358750833646,563.1635896861553,151.11607499420643,158.40483829379082,429.0852230042219,957.8398894518614,173.01240004599094
362,2.3960297619047597,18.6247121212121,5.46739698492462,8.71548120300752,2.3021973684210497,15.729338235294101,2.2937388392857097,15.7619701492537,2.36094683026585,12.6262647058824,2.46063043478261,12.6388695652174,26.156975,4.6879306122449,18.3427678571429,77.44192230013891,15.052483005832817,75.60603139173507,30.132011950852668,30.18935945047347,584.8125088959932,215.43852053582668,222.99126721918583,431.197602301836,605.5372301489115,180.86801283061504
363,2.16779439252336,20.9505094339623,5.43680660377359,8.62707518796992,2.14489298892989,15.7061142857143,2.103523138833,15.707301369862998,1.83264705882353,12.6192526315789,1.84486101694915,12.6165679012346,49.3319130434783,4.33700796812749,18.264813559321997,92.98720790264503,15.133409264036613,90.50997250550036,30.00036729437165,27.273847062296166,405.709445476532,140.0446519255638,144.61767859756947,423.71852323412895,754.5830216258764,161.4753156900406
364,2.6372235576923098,18.611771929824602,5.47860416666667,7.48929197080292,2.08319672131148,15.8311095890411,2.07373513513514,15.830138461538498,1.8100371024735,12.604543478260899,1.80610843373494,12.6128791208791,46.299,4.37624809160305,18.114523809523803,85.20801426458053,15.09880639974789,37.73719938716369,30.056506196466056,30.25604161836287,320.0600855052471,149.40784312784672,154.442572966218,352.2266633808613,960.8819615095854,165.41220247745514
365,2.03582745825603,18.6114,5.49087980769231,8.080852112676059,1.8378120063191201,15.6555652173913,1.86020216606498,15.6656515151515,1.92105440900563,12.5761219512195,1.8575273722627699,12.6096172839506,52.093904761904795,4.39706779661017,18.531875,85.35957998690742,15.18624286566032,37.509085873307164,30.124604238954177,29.268515996815776,447.31050729751587,146.14812098443508,154.44555319845676,517.610227689147,1388.3449602872133,185.00471487641335
366,2.60535752688172,22.3556666666667,5.46576056338028,7.38929032258064,2.30728600823045,15.6287297297297,2.03381720430108,15.6292432432432,2.01068181818182,12.651444444444401,2.0337932862190797,13.953837499999999,25.917825,4.4764655870445305,18.449754385964898,92.9806797304789,15.069008917418236,37.49929469692026,30.142339997256556,29.76173548239919,398.88685569167137,172.49691300094128,178.2810315489769,513.5843995958567,1047.383015975356,170.1784785836935
367,1.77687405159332,27.981428571428598,5.4456635514018705,7.409856115107909,1.88924100719424,15.6819846153846,1.86504006410256,15.6898636363636,1.77799336650083,12.642588235294099,1.76173162393162,12.640428571428599,42.607727272727296,4.37938174273859,18.194873015873,85.36971068614042,15.088352181222886,37.70320748827218,29.98253438184243,29.47667221318885,380.31619042158127,146.57662250101566,151.34443528950214,333.21110531687737,862.4736219644547,165.3255894780159
368,1.76114701130856,28.008650000000003,5.47248936170213,9.41717431192661,1.4423906464924299,15.9780298507463,1.46489158345221,15.999253333333298,2.09593382352941,12.6584352941176,2.08775203252033,12.6813764705882,42.2956923076923,4.49837130801688,18.437796610169503,77.60121431308055,15.124228359227532,680.9045104948617,30.048342002960617,30.26441153131233,325.1324873417616,178.56271006166935,185.78148446977139,521.887419745326,1306.6498562693596,209.85896699130535
369,1.66616490166415,28.0069285714286,5.446412322274879,7.34102142857143,1.78492018779343,17.141446428571403,1.79595371900826,15.760333333333298,1.71587463976945,12.5332631578947,1.6938855799373,12.5487368421053,42.6697083333333,4.16985375494071,18.14925,116.67741866470665,15.143766750764536,45.33008372179972,30.127460622670093,27.292657341047775,455.2070051431656,170.97629606723785,181.71612173318863,340.87104722857475,711.4633917808533,165.67101702094078
370,2.24229734848485,18.6278166666667,5.45962,8.00291666666667,2.1167421150278303,15.7231384615385,2.1117015503876,15.719376811594199,2.16321550094518,12.6207362637363,2.15236852589641,12.6308720930233,43.1782962962963,4.61335807860262,18.4029642857143,100.6163631523158,18.918191900730623,75.50698124334512,30.043157235506925,29.29672514469749,492.63322725892067,191.87168218195438,195.0994599610567,367.90231242775917,832.1276400238276,179.63619902729988
371,2.74022520107239,18.6091355932203,5.45788541666667,7.399964788732389,2.08489430894309,18.7679433962264,2.12729981378026,18.7544210526316,2.19948923679061,12.570321839080501,2.2566430107526902,12.5843406593407,29.3834848484849,4.80013574660633,18.6541206896552,46.379316861859635,15.10985022792015,298.73432165232254,30.082836656892056,29.672803137634677,510.26814617216587,152.0802266895771,157.3321409523487,418.65454986691475,675.3419060260057,161.60779632627964
372,3.0063358974359002,18.629126984127,5.19369191919192,7.915852713178289,2.51359161147903,15.736273972602701,2.46263194444444,15.750347826087001,2.4754524886877802,12.5646976744186,2.52674008810573,12.5803736263736,33.1127878787879,4.68513551401869,18.4193050847458,85.43855714588109,15.154483653054864,75.88776196230371,30.105105416428717,28.624388347423352,514.2710171639919,198.82330670952797,202.1885011345148,427.3818340152502,522.1391096711159,179.63843420147896
373,1.53418428184282,41.9731923076923,5.41852577319588,7.46041095890411,1.74239297124601,15.803013333333299,1.7645687285223401,15.798600000000002,2.16911515151515,12.7130888888889,2.15745094339623,12.7202784810127,33.2441612903226,4.64109375,18.2818833333333,69.71499592735994,15.110317345817801,37.76514699652875,30.268531293143536,30.03157396326347,459.79730784893036,149.48509633541107,157.66192227602005,591.5382411330938,1779.6694301068783,162.32402995228767
374,2.31555895196507,18.6394375,5.45036734693878,7.42103896103896,2.21016630669546,15.7684558823529,2.18015240083507,15.763234375,2.30415178571429,12.5577173913043,2.04606797853309,12.5580348837209,36.0048928571429,4.560670588235291,18.4551129032258,92.68479291299373,15.092301492349359,45.13091788739036,30.00252398454263,30.01356740194919,377.5193355977535,205.1766961812973,207.7006734907627,411.9832068681717,936.1236821860075,184.6768893301487
375,2.0036660929432,39.4715925925926,5.469296875,7.35317857142857,1.73397869101979,15.6939324324324,1.6962392026578101,15.7022236842105,2.44024468085106,12.5602065217391,2.3147674418604702,12.5705,39.0923846153846,4.57736244541485,17.9844237288136,77.69801883811598,15.126904486955837,37.8067011412466,30.09834887588989,30.150137519593333,390.46332240104675,119.26889419555664,123.81025590002537,505.9839226305485,1691.2008170038462,202.45960913598537
376,1.39414267352185,27.9445,5.47604591836735,7.5462614379085,2.12263223140496,15.716666666666699,2.09821929824561,15.7394637681159,1.87132445141066,12.5428536585366,1.88572616984402,12.5540384615385,36.393933333333294,4.38984496124031,18.049460317460298,77.50702235738875,15.106377252484863,37.78692701192299,30.093156394583662,27.119576801683614,459.6778657287359,176.86672508716583,181.4486924558878,508.0876871943474,1031.6093917936087,154.53039668500423
377,2.71014754098361,18.620609375,5.6513064516129,8.684646616541349,2.28735555555556,15.7767808219178,2.29445381526104,15.771638888888901,2.25305294117647,12.6065853658537,2.24724839400428,12.594987654321,36.06734375,4.758500000000001,18.4538148148148,77.82508731163001,15.155070584184916,60.46426717761499,30.143961631398547,29.80900882248063,511.36468537151814,180.47909252345562,204.5635599642992,432.95444920659065,1445.6318691372871,172.22566530108452
378,1.54936144578313,28.1395476190476,5.43686243386243,9.594682242990649,2.11965904365904,15.705328358209,2.2337041984732804,15.724630136986299,2.16278252788104,12.5353170731707,2.15421441441441,12.5325,25.9745714285714,4.488766536964979,18.2364923076923,85.67959627385542,15.131669624325696,37.78229331072613,30.051463635999887,30.11689168226547,383.320776745677,157.5009897351265,161.41128726303577,531.2722641974688,443.64817440509796,168.99961046874523
379,1.75970249221184,27.96195,5.47643718592965,8.046515625,2.08115176715177,15.7194,2.09149512670565,15.727,1.9997338403041802,12.625647058823501,2.063021484375,12.6095679012346,39.3959666666667,4.38125833333333,18.1091228070175,85.43350968610288,15.149417502262645,37.99879586078764,30.139151889105747,27.70621076415321,382.11625069379807,186.79783679544926,189.80973400175571,532.1601405739784,1587.1298499405384,187.12850287556648
380,1.88521221864952,27.9673953488372,5.447005076142131,8.755040322580651,1.64479661016949,15.653619047619001,1.63504821150855,15.658437500000002,2.2088536121673,12.5412413793103,2.44498319327731,12.533,52.4981,4.54322709163347,18.4367538461538,85.29308963693524,15.099988441273446,37.77068369796911,30.144611532774277,30.029020840917646,447.4005661904812,147.46482484042645,153.2084308564663,512.4918185174465,1121.888728812337,176.23058520257473
381,2.60579436619718,18.631433333333298,5.42190476190476,8.01271527777778,2.2919243697478997,15.6632794117647,2.26947046413502,15.679763888888901,2.3176742081448003,12.585129411764699,2.26841468682505,12.5933950617284,25.9298409090909,4.71570535714286,18.4892264150943,70.01564986277668,15.144578316488422,37.59954206657894,30.11326440669787,27.671955368510044,447.1786320209503,154.4472761452198,161.84556297957897,598.9702884107828,1388.7804001569748,153.92699278891087
382,1.67613808139535,27.9812380952381,5.46625405405405,8.061393700787399,1.88847962962963,17.5909661016949,1.87293092105263,16.025305555555597,1.79018973561431,12.7563647058824,1.76404496124031,12.769705882352898,35.7216551724138,4.36169387755102,18.5903404255319,77.8167694709269,15.10639104127034,45.16025204420368,30.066412609879166,29.412836429214025,378.19514982402325,176.5865832567215,185.80337055027485,417.6529124379158,2042.4376707524061,158.14839862287045
383,2.52274620390456,18.6014925373134,5.47634183673469,8.901504347826089,1.80719102990033,18.8868035714286,1.8335375,18.8954761904762,2.01723076923077,12.6679397590361,2.07091366906475,12.6628941176471,45.3179230769231,4.5860562248996,18.5417931034483,61.82804864503369,15.103402178948278,60.54527951466698,30.219318082319983,30.170891689410528,393.91457103192806,151.78928151726723,155.86293302476406,600.0507157295942,2269.630366936326,171.47553153336048
384,2.0106420454545497,27.9936904761905,5.4700234741784,7.98372868217054,2.04729502572899,15.791064516129,2.0493126252505,15.800468749999999,1.9903611650485402,12.6441358024691,1.9991254295532601,12.6439239130435,26.0643555555556,4.481829875518669,18.6610689655172,62.06361563072214,18.868310611592975,45.40973530238916,30.09737563062997,29.22659322253648,462.9580769687891,155.43964691460133,156.9841057062149,594.385527074337,2285.9832737594843,164.4306816160679
385,2.47650535331906,18.6197936507937,5.12280803571429,8.38674,2.4857975308642,15.839203125000001,2.5276341463414598,15.8452295081967,2.29519157894737,12.5380543478261,2.28918965517241,12.540275862068999,26.1224772727273,4.75717272727273,18.242,85.25358782306327,15.1223230978402,45.26565441880765,30.211538986047753,30.214678702477336,483.5344385355711,184.31483767926693,196.2489914149046,513.9349028468132,1775.7965717464685,176.12352967262268
386,2.88241644562334,18.624,5.474440758293841,7.407972413793099,1.9172041198501901,15.792455882352899,1.9821352380952402,15.7781506849315,2.58415025906736,12.621875,2.3116490872211,12.5918260869565,32.6040540540541,4.70793333333333,18.3743272727273,69.9582681027303,15.13238416674901,45.315157936220565,30.04783834642107,29.66905905822142,513.3597180247307,167.6015555858612,199.7991930693388,559.7766488790512,2946.9617176800966,174.58787187933922
387,1.7044276315789502,27.9853095238095,5.45648730964467,7.39560897435897,1.5799080645161299,15.8180454545455,1.55426638176638,15.8213181818182,2.2317934782608697,12.5989512195122,2.22392996108949,12.5894268292683,36.0393571428571,4.59042794759825,18.361328125,85.39163408257876,15.120008622423061,60.22307057303507,30.135959685386126,30.060167690068866,462.7557471394539,182.16264434158802,194.55384463071823,420.89279741048813,1025.3445245325565,161.4154316484928
388,2.39930833333333,18.6020847457627,5.485513089005241,6.73605263157895,1.84776282051282,15.667203124999999,1.83553671328671,15.664972972973,2.23335531914894,12.5913260869565,2.25983070866142,12.599825,26.1995227272727,4.63039647577093,17.9374375,61.65064530301405,15.107072185249017,37.60809525992416,29.915180025811722,28.587324820655542,555.033003911376,153.05201523005962,154.2579848319292,645.783543586731,1355.6199613958597,168.4070099145174
389,2.4743260869565202,18.6177910447761,5.49146428571429,7.43786956521739,1.7585460750853201,15.7280895522388,1.81381402439024,15.7396818181818,2.2525867768595003,12.6700581395349,2.2151996124031,12.6768780487805,29.3147027027027,4.53755411255411,18.3726612903226,46.74267460329688,18.979778081815212,45.4162644408767,29.975485346509206,27.576484801623952,469.2569375038147,150.41311271488667,146.26109041273594,460.480572655797,432.3693457990885,160.74161976575851
390,2.3233025751073,18.618515625,5.48688775510204,7.38397841726619,1.53437834036568,15.728646153846201,1.53838179148311,15.7435909090909,1.5472287234042599,9.520527777777781,1.59310584958217,9.530561983471069,32.7875757575758,4.594669527897,18.241015625,69.77712933846249,15.138054565176938,30.21527306377161,30.139199456371966,27.840248566484068,383.2760266959667,122.38607741892336,129.2666420340538,427.0495381206274,1438.5772868990898,206.79738372564316
391,1.54676412429379,28.004512820512797,5.48303349282297,8.829444444444439,2.14550807899461,15.7922028985507,2.1398875,15.8072608695652,2.1742339622641498,12.5613902439024,2.16735306553911,12.5474634146341,52.321999999999996,4.66100784313725,18.4626724137931,117.07421051140025,15.17141768957079,37.5785534742016,30.089125150556914,27.341152358139183,456.797843798995,186.60388886928558,192.75988452136517,431.1097785830498,1458.8715508580208,172.3768189549446
392,2.74973190348525,28.02345,6.096,6.08842021276596,2.1809219047619,18.767189655172402,2.246396484375,18.7439824561404,2.31610629067245,12.5217586206897,2.27828666666667,12.5228804347826,28.99775,4.53149416342412,18.2976949152542,46.549672004216255,15.095484257983923,45.375609102398045,30.08721247534493,30.220311434893038,320.1486077159643,114.63598348200321,121.55934236943722,341.8358042836189,427.5714047253132,571.7560183256865
393,1.6330283464566901,28.0001538461538,5.44834517766497,7.42974193548387,2.0171797752809004,18.9187636363636,2.01901661129568,18.921109090909102,2.14223469387755,12.6657282608696,2.14310805500982,12.6727872340426,32.5135333333333,4.634440000000001,18.3020169491525,61.878176608340155,15.137774360670836,341.57091149500854,30.11486668235218,30.180539279288162,516.6358780115843,160.23009084165096,175.50233751535416,425.1237027347088,1014.0884667634964,160.94287857413292
394,2.51700282485876,18.6197575757576,5.44348815165877,10.525495412844,1.9874355400696901,15.8227945205479,2.13155555555556,15.8296515151515,2.03959325396825,12.6665,2.08248884381339,12.662728395061698,32.6836285714286,4.484991735537189,18.505280701754398,77.8260782662781,15.137727154093039,37.67430908736019,30.227392225005964,27.136202283645957,382.4919927865267,173.61040227115154,180.79299479722977,431.05725198984146,527.7707241475582,174.68868754804134
395,3.0034970588235304,18.6242033898305,5.4564365482233494,8.82145,1.83346206896552,18.9597962962963,1.77105666156202,18.9727169811321,2.14688682745826,12.588637499999999,2.08196754563894,12.5906117647059,39.0026153846154,4.475925,18.4441016949153,132.2171973609592,15.146339789103722,37.702531796614934,30.04417209343925,29.719302011253134,458.3018831908703,174.3587665259838,187.85945139825344,581.3488736748695,1281.705917790532,172.85281792283058
396,2.4559330143540703,18.6090166666667,5.45461611374408,8.175690476190479,1.80994928684628,15.715712328767099,1.77442989214176,15.7302028985507,2.0924473161033803,12.5278902439024,2.05048310139165,12.5328780487805,29.7269714285714,4.75382378854626,18.6786129032258,93.39506475888957,15.155024992484261,60.56767521109355,30.150257600795644,27.256039047692386,453.2675724476576,158.05955044925213,169.31775026023388,438.64473700523376,860.5520706623793,160.75987368822098
397,2.2154736842105303,18.618172413793097,5.47378391959799,8.3628273381295,1.85203074433657,15.7861857142857,1.86217435897436,15.7355820895522,1.88057692307692,12.572243902438998,1.87577161500816,12.5887951807229,32.422833333333294,4.31270416666667,18.448749999999997,85.30884237696145,15.15265833577585,45.046767700535796,30.055332934098967,29.295550899895723,389.44664411246777,173.83703961968422,179.70926128327847,345.86419351398945,794.7911042720079,164.7801138460636
398,2.18623163841808,27.957897435897397,5.4691422018348606,7.52566666666667,1.71442534722222,15.723072463768101,1.69874794069193,15.7117671232877,2.21072391304348,12.6522608695652,2.2071010752688203,12.6555185185185,29.4224,4.8400625,18.546192982456102,69.98092530706577,15.146765446888109,45.302738139798315,30.053541803158215,29.196450713558985,383.6030140519142,126.4532096683979,152.48050913214684,433.7084945291281,1881.4909737557173,176.12166702747345
399,1.53957836990596,27.9707857142857,5.4980320855614995,9.49442735042735,2.56598663697105,15.824710144927499,2.4776347031963497,15.8344444444444,2.16969622641509,12.5859010989011,2.17522306238185,12.5653563218391,36.052875,4.40781818181818,18.33275,77.70116974324026,15.109962377598595,45.09479141136363,30.04137631084454,30.05993526473414,445.77294029295444,173.89031127095222,180.40449358522892,517.9849918931723,1261.8818320333958,154.36289831995964
400,2.4404163179916303,18.622390625,5.46484422110553,9.89921818181818,1.9850251450677001,18.8698275862069,1.9276889632107,18.906555555555602,2.37345911949686,12.5965365853659,2.3494323144104796,12.585536842105299,42.37132,4.74772199170125,18.3894915254237,69.87119773990186,18.937843059695762,37.55219141626013,30.16693113352224,30.249231734580746,485.75717955827713,202.81048491597176,209.89887416362762,655.538821592927,1411.4622492343187,201.9998151808977
401,1.3589213615023499,18.608625,5.44041414141414,8.16155,1.8357516025641,15.868709677419401,1.79198598949212,15.880359999999998,2.05282364729459,12.615021978022,2.0719630931458703,12.6141529411765,42.279920000000004,4.5342301587301606,18.1567118644068,77.66285041854455,18.904943595611407,37.78294068559143,30.18016393795589,27.774278450893217,427.7316387742758,176.38816498219967,184.2264086008072,593.330804258585,1852.883817628026,172.70902171730995
402,1.78920573355818,18.61046875,5.47359042553191,7.37363225806452,1.98367735849057,15.7562769230769,1.99770565302144,15.763342465753398,1.95619830508475,12.627597826087001,1.93416384180791,12.6202839506173,36.166275862069,4.4610972762645895,18.6407678571429,132.01488057198318,15.089513656886988,83.16588589709815,30.087496524269827,29.350321199218342,518.3667410165071,168.48938539624214,173.64057712256908,584.846967831254,608.2603707909584,168.67960803210735
403,2.70565947242206,37.43534375,5.49005555555556,9.36540163934426,2.27968712871287,15.7766111111111,2.2694916666666702,15.765600000000001,2.11078623188406,12.609135802469101,2.09580192307692,12.603235294117601,42.8194583333333,4.57724890829694,18.4776129032258,77.4976270112562,19.002994130089625,481.2275777652591,37.57172955069323,37.52037020930687,437.6242868602276,195.21708600223064,214.10374902188778,411.41174733638763,1715.724403038621,153.6184921860695
404,2.4689804400977997,18.628189655172402,5.44744761904762,8.914250000000001,2.3280019379845003,15.791215384615402,2.32267489711934,15.8071428571429,1.98471373307544,12.7432470588235,2.00597701149425,12.7391707317073,42.4645833333333,4.41363740458015,18.4541578947368,93.31214373033436,18.956891597631145,37.700286383372145,30.105309937491846,30.041441053960217,526.3331811875105,236.3340463489294,245.53514085710046,524.7246008366346,724.2050021886826,166.76620580255985
405,2.24695714285714,18.5956896551724,5.42103980099502,7.952248175182479,2.18604690831556,15.898314285714301,2.1748626609442097,15.903753846153801,1.89617527675277,12.6128,1.9332525423728801,12.6177283950617,43.0801666666667,4.36122962962963,18.5307741935484,132.33044696389697,15.060157462748247,37.524543191094374,37.488612722271846,37.50712273187302,387.4626476317644,225.17461329698563,242.04645305871964,673.6552342772484,1197.6155452430248,172.41830937564373
406,1.2843026775320099,27.978190476190502,5.46503191489362,8.79285833333333,2.28250733752621,15.757602739726002,2.29630769230769,15.7557352941176,2.0788602540834797,12.5250487804878,2.07841603053435,12.5213837209302,39.1904137931034,4.456609374999999,18.137288135593202,69.54144545768493,18.8475355214213,37.73827171499081,37.53614415963735,37.77338307590657,491.65948294103146,177.64149233698845,193.6302985996008,514.9250384420156,2006.980450823903,168.01366582512856
407,1.92826865671642,18.620734375,5.43453439153439,8.67027611940299,2.32804109589041,15.8358484848485,2.23347446808511,15.8295588235294,2.20900617283951,12.600824175824199,2.21783461538462,12.6113855421687,52.24785,4.7076626984127,18.211067796610198,77.41575806142332,15.163477644259368,82.98563794410943,30.165909827833747,27.35092597770871,518.0359818041325,169.90494914352894,175.0592142343521,503.31121310591703,1928.3582922071218,183.26407298445702
408,1.22821269487751,28.0063095238095,5.4502169312169295,7.988963235294119,2.01389607843137,15.8167230769231,2.00706129597198,15.819712121212099,2.03126102292769,12.5668461538462,1.9294454887218,12.565517241379299,55.7347777777778,4.43616666666667,18.5611403508772,85.39556979719566,18.97368395087753,37.667577758737416,30.045739513517734,30.035635446171842,579.8264872282743,232.02337324619293,246.84253148734572,425.7524386048317,865.4991164803505,161.41701489686966
409,2.06575130434783,18.618718750000003,5.4655,8.75570992366412,2.06840035906643,15.7770303030303,2.10405316973415,15.7632173913043,2.11111992619926,18.8601578947368,2.13513861386139,18.853724137931,49.999,4.89761637931034,26.678386363636402,93.46728605951473,18.966300288085456,37.758248474724546,37.67117370204297,37.681999267280666,587.1513392776251,177.3454248905182,182.76656046509743,587.0935041457415,857.8808512538671,139.3758226186037
410,1.91683204633205,21.506862745097997,5.46636170212766,7.35030215827338,2.19257581573896,15.831287671232898,2.16924683544304,15.8440555555556,1.86769805194805,12.7415925925926,1.8810181219110398,12.7588777777778,56.3287368421053,4.51077519379845,18.5129677419355,132.5669833469538,18.87760469679852,90.85213656649408,37.65304821231393,37.757022841961486,514.1130182892084,213.17130886018276,219.96120922267437,693.9266342669725,1688.0486626178026,172.41579480469227
411,2.0684280762565,18.6054285714286,5.47891457286432,8.13307936507936,2.2993935091277904,15.7928630136986,2.35025450901804,15.780656716417901,2.1732174840085303,12.5851263157895,2.1773850931677,12.573166666666701,56.1318888888889,4.67875416666667,18.5232931034483,70.03569689647064,18.94745296148902,37.66545650210008,37.752249690096214,37.72628962324144,577.44518853724,176.96134746074677,181.98955804109573,594.833493232727,2218.6562418937683,158.2785975188017
412,1.5795609103079,18.5997727272727,5.4305,7.2960127388535,1.8066133567662601,15.7400454545455,1.80012658227848,15.761500000000002,2.06730909090909,12.6060722891566,2.0710905797101398,12.5925421686747,35.884875,4.42358801498127,18.5507903225806,85.78658148117277,18.913919612732357,45.39219472352438,30.117358679738942,30.147684008765058,509.03419032692915,230.06722331047058,235.51993072032928,512.034585699439,705.5620197206736,168.86978410184383
413,1.8235406779661,18.611183333333297,5.4440211640211595,7.51428676470588,2.1609088983050797,15.655095890411001,2.20121926229508,15.667076923076902,2.1588107606679,12.543543478260899,2.1198670212765998,12.5527261904762,26.0010909090909,4.46826171875,18.283553571428598,77.95306414620117,15.154094273140315,693.0829778516841,30.134039608459606,29.16364797006004,375.8575301617384,214.45038728415966,227.72327065467834,617.2817666083574,2028.4099038690326,169.14778389036655
414,2.06518671454219,18.6206833333333,5.496887179487181,10.1809196428571,2.0135588235294097,18.9550983606557,2.03813604240283,18.968421052631598,2.03005791505791,12.5504725274725,2.02036991150442,12.5588043478261,38.7376,4.50772173913043,18.505209677419398,77.73087886125289,15.132140815269821,37.60843250704418,30.004987521025367,30.15077548596916,602.0640954375267,204.37389612197876,198.5485665500164,523.1091286987066,564.6902602165937,198.52053374052048
415,1.36627621483376,27.9815454545455,5.43032642487047,8.05474615384615,2.26512711864407,15.745315068493198,2.25619569471624,15.7619402985075,2.1086262833675598,12.598,2.10326763110307,12.5851647058824,32.795129032258096,4.598591269841269,18.5265423728814,62.14350697626493,18.963342631608104,37.7754916276075,37.74138946634162,37.796252943675384,571.3129416108131,208.0555073916912,213.31338211894035,583.0701440572739,1184.7494635730982,161.68230213224888
416,2.43738853503185,37.457484848484896,5.45810994764398,7.40030864197531,2.20963249516441,15.773374999999998,2.12713671875,15.7890833333333,1.9582265758092,12.6678571428571,1.9499904942965802,12.681799999999999,42.2972962962963,4.4885350877193,18.6406071428571,132.94311126564446,15.116918132508573,37.815474608867504,37.718813550609624,37.774245137917795,501.6256123781204,145.0179610401392,149.6264711022377,586.6087041795254,2304.5354522764683,171.35487869381905
417,1.9247331022530298,18.612499999999997,5.47319791666667,9.37959482758621,2.30440939597315,15.7625384615385,2.24079540709812,15.786934426229498,1.9990399305555602,12.5711789473684,1.96150381679389,12.5678,45.830625000000005,4.56120703125,18.2894615384615,46.30552282257191,18.956522423105348,37.769223344148365,37.4529146986066,37.8663725263522,563.851511105895,120.09679339826107,127.25815176963806,409.93597358465195,419.38358917832375,158.7072852998972
418,0.960862130707252,27.9560714285714,5.46643654822335,7.35415827338129,2.1207797979797998,15.840107692307699,2.31844861660079,15.8421323529412,1.7029719764011801,12.5763493975904,1.7821554828150599,12.5877473684211,48.8575833333333,4.46551737451737,18.6237586206897,77.62921839574446,15.124610297498544,75.56547967235159,37.67072007253286,37.79790906011318,425.2131562680006,155.77226877212524,161.8248876184225,682.4195850640535,1974.2152187973263,159.6897840499878
419,1.50587573099415,27.9212820512821,5.43787878787879,9.536703703703699,2.21616033755274,15.7772739726027,2.24931340206186,15.7492153846154,2.05569673704415,12.6421927710843,2.05891583166333,12.630373493975899,39.502038461538504,4.56256164383562,18.5061612903226,46.53579408243085,15.112097369155173,322.7115683839696,37.72175527556238,37.678008162006826,577.7623504400253,181.0250338166952,200.04459656774998,600.1131143420935,1942.6555838435888,154.58050183951855
420,1.5106148738379799,27.9881162790698,5.48440314136126,7.40631654676259,2.22414649681529,15.7933676470588,2.2806555555555597,15.7854473684211,2.04551031894934,12.5690652173913,2.03704794520548,12.5573908045977,46.4283636363636,4.64564159292035,18.6062903225806,54.0846165978382,18.82629937368977,37.566708277033044,30.098489550173564,27.12900099281628,450.3865260630846,203.75782623887062,211.50442771613598,665.3063930571079,1100.967638194561,169.27807591855526
421,1.69535416666667,18.596954545454498,5.47278773584906,8.84961206896552,1.57515982404692,15.772791666666702,1.5834193989071002,15.7776865671642,2.12787916666667,18.8405636363636,2.1580589473684197,18.8406885245902,45.886652173913,4.72368181818182,26.5874186046512,85.29209971257937,18.93908636755715,52.88971667584212,37.47910202888161,37.47525722835717,391.0704515874386,235.0914292037487,242.0889213681221,509.5062777400016,956.0040198266506,165.01620411872864
422,2.33676774193548,18.5628103448276,5.40495263157895,8.02868456375839,2.1518754940711498,15.870206349206299,2.13609318996416,15.903265625,2.1083863179074402,12.628252747252699,2.06109578544061,12.6347037037037,32.854057142857094,4.47413385826772,18.1432769230769,132.3613700121422,15.163967708845188,83.31532369182302,30.17349465145211,29.53434011680736,531.469052657485,206.85815252363682,214.2277080565691,613.2924929261208,626.2332201004028,173.0556134134531
423,1.89096481481481,18.620682539682498,5.48174371859296,8.134849206349209,2.30047904191617,15.7982432432432,2.3317478260869597,15.7985135135135,2.09634736842105,12.640144578313299,2.10793852459016,12.6315529411765,35.726935483871,4.57554385964912,18.573272727272702,85.77110914787491,18.986752442082324,106.43501403174395,37.89394413780372,37.873349103958155,500.72539597749716,206.1560284346342,212.77335472404957,517.0983728021383,2040.1456858962774,167.25100576877594
424,2.57298734177215,18.6247777777778,5.4229380952381,7.9950069930069905,2.1921458333333304,15.775061538461502,2.22944705882353,15.7924857142857,1.9878736263736299,12.5742195121951,1.98816926070039,12.5794315789474,42.8155,4.5658959999999995,18.4927142857143,77.81450514096596,15.122066848064446,60.35318600099979,30.14149797418349,27.16782898331322,444.7375889867544,201.5408594161272,207.49368704855442,502.1630320698022,1365.965511649847,172.17579297721386
425,1.2437845982142899,27.9598974358974,5.45716756756757,7.3643141025641,1.70166615853659,15.6905342465753,1.55381181318681,15.6738904109589,2.09043280977312,12.597189473684201,2.1083581213307196,12.583791208791201,36.080566666666705,4.65412446351931,18.5411129032258,147.5477489874988,15.066781578918478,90.19856252377984,30.03915416951265,27.73064925465551,496.25053070485586,191.790284588933,208.94687622785568,586.6797640919685,685.2347403764725,213.44623528420925
426,1.29438257575758,27.9774358974359,5.44599470899471,8.65274576271186,2.32797995991984,15.687014705882401,2.2910044742729303,15.714880597014899,2.26689108910891,12.5590430107527,2.28657361376673,12.5685952380952,42.65128,4.67395794392523,18.2862040816327,296.82635409768557,15.159018476103617,204.87513725171462,30.223195136945264,29.389383669425428,430.06008490920067,208.17117765545845,210.86824126541615,508.12484696507454,2212.934335693717,173.21491613984108
427,2.5749046454767703,18.58521875,5.4660585106383,6.7239,1.87336655948553,15.7920923076923,1.86469934640523,15.7737432432432,1.70565119760479,12.620956043956,1.7048439024390198,13.751435897435899,42.101785714285704,4.299868913857679,18.5375166666667,77.60289650965068,15.027809932298632,37.57655020885893,37.586848145567274,37.71126326850673,510.9217017889023,193.14889796078205,201.14039070904255,509.637501090765,602.6745773851871,165.47571867704391
428,2.12466194331984,18.590484375,5.45304761904762,8.03693,2.15488235294118,15.7480819672131,2.14648789571695,15.764261538461502,1.8637941712204,12.557064516129,1.8092874779541401,12.5482804878049,52.560136363636396,4.3848544061302706,18.5589661016949,140.06931192677476,19.019884512116537,37.82324096381824,37.614029529685766,37.76271183731053,514.9900913238525,229.8171166330576,228.6439761519432,329.18788492679596,783.6045697331429,164.05107453465462
429,1.36442185514612,37.0847666666667,5.45184474885845,6.7663664596273305,1.86841272727273,15.7640461538462,1.8958075040783,15.774061538461499,1.6417634112792299,12.6366263736264,1.62587658227848,12.6308461538462,45.5786666666667,4.091144,18.3065873015873,100.95325728131645,15.180951315848453,37.68353507117622,37.52388045153413,37.65870195098202,445.77568769454956,209.8939847201109,213.3187372237444,522.0775026828051,1166.809955611825,178.26249822974205
430,2.63984700665188,50.1329583333333,5.449687179487181,7.5207368421052605,2.30195964125561,15.886970588235302,2.29926905829596,15.867227272727298,2.23599611650485,12.6235061728395,2.27127922077922,12.6259120879121,52.6781363636364,4.85419502074689,18.329857142857097,755.1476005896361,18.90659849571013,37.85746511165422,30.10138901507178,30.13715345653428,607.7361758798361,216.47969260811806,227.35795937478542,783.0278016626835,1669.8579769581556,162.12458722293377
431,1.8904273789649402,18.605151515151498,5.444266666666669,9.29687272727273,2.11601102941176,15.7427678571429,2.1107247706421997,15.729602739726001,1.9543502722323,12.6556790123457,1.9614178082191802,12.6701428571429,32.8836451612903,4.48877729257642,18.5582380952381,85.36793265235353,18.925936134956153,45.24090531305965,30.13500857275605,29.649531134877375,526.1898040771484,229.81958463788033,241.49222299456596,597.6657383143902,532.2027020156384,169.27551478147507
432,2.0147912087912103,18.612734375,5.4338677248677305,9.4256694214876,2.1097659137576996,18.922679245283,2.07840974729242,18.9664545454545,2.24410065645514,12.681924050632901,2.2143736501079903,12.6812530120482,29.301513513513502,4.50120689655172,17.987830508474598,70.2635327122742,15.239626911018162,680.472324880351,30.250994790391832,30.305735049180402,489.7738341242075,167.45137982070446,176.53056420385838,583.5834424942732,1587.3942989856005,175.25898292660713
433,1.20184022346369,34.5227567567568,5.44853367875648,7.41453741496599,2.15568998109641,15.726179104477598,2.16621684210526,15.7600153846154,1.99776843910806,12.5881868131868,2.03547420634921,12.586975609756099,29.6057435897436,4.3803203125,18.618682539682503,69.84682611314143,18.926890134029744,37.80096528128081,37.761895158991706,37.841879283779406,494.9889611452818,209.45020951330662,218.49190816283226,521.5554032474756,2055.700868368149,164.91948626935482
434,2.4975759803921598,18.6145223880597,5.42943396226415,8.031432835820901,1.80769059011164,15.7583787878788,1.6367328124999998,15.767953846153798,1.9935868055555601,12.547621951219499,1.9581273666092902,12.548173913043499,55.8650555555556,4.30810460251046,18.6083125,85.24418842821994,15.088111860091368,37.65711311660472,37.70955956098247,37.60606659625445,448.08504171669483,207.31384865939617,213.97643722593784,587.5362083315849,1120.8569630980492,165.0199294090271
435,1.84446808510638,18.6055238095238,5.416551546391751,7.9813600000000005,2.23716041666667,15.803166666666698,2.1766523364486,15.8188888888889,1.9951709844559602,12.565512195122,1.96393864013267,12.550536585365899,42.318692307692295,4.56529333333333,18.6825892857143,54.41012319598613,15.147903499125423,37.73581475723023,30.09626398331361,29.68744598982175,528.8432352244854,174.08039420843124,178.62380482256413,508.94273445010185,679.6961184591055,168.80990006029606
436,1.4523609226594298,18.6090508474576,5.46379899497487,8.65308270676692,1.59570221606648,15.7220136986301,1.59012859304085,15.7268783783784,2.2131344195519302,12.5270365853659,2.18065668662675,12.5293684210526,48.6691818181818,4.32440298507463,18.2765333333333,752.7049307944684,15.228137300291342,683.8848052510281,30.188811461646203,30.14737753662266,440.1140846312046,171.0787881165743,178.36354672908783,597.6374726742506,615.5599839985371,172.5024078041315
437,1.53736798905609,27.9726818181818,5.42413636363636,8.0077109375,2.0574584139264998,15.953442622950801,1.99126643598616,15.9541875,1.95673954372624,12.6853924050633,1.9673375451263502,12.6860864197531,45.6334230769231,4.436161016949151,18.361035714285702,85.71271436332883,15.190252125093828,45.555714836359535,30.170425478501194,29.337053442251765,574.9595817178488,228.25044579803944,245.66482752561566,502.9261577874422,673.7571209669113,189.65210765600204
438,1.37773575757576,27.9899523809524,5.43262735849057,9.5633305785124,2.13317318435754,15.789761904761901,2.1190144628099197,15.7883648648649,1.9104723618090398,12.592435294117601,1.9027056737588701,12.579759036144601,32.4458235294118,4.43553278688525,18.5516964285714,77.69534466844985,19.00707286447912,682.2453603997981,37.82196593760111,37.83913170441304,582.2791252285242,230.67574948072433,239.98157121241093,517.3829384148121,528.1633231788874,142.16830022633076
439,1.9419110738254999,18.6168275862069,5.48288770053476,7.44027737226277,2.1091940850277298,15.8453561643836,2.10410196078431,15.871405797101401,1.9898430232558102,12.6047901234568,1.9906511627907002,12.6131098901099,29.494685714285698,4.639144104803489,18.595701754386,751.0606853405167,15.13585269647825,45.08723571324058,37.697252656325155,37.65496463291854,444.7053652256727,208.1586979329586,223.53259846568108,521.8460224568844,537.9032343626022,147.3813783377409
440,2.2338265107212503,18.6185606060606,5.47847142857143,8.76303418803419,2.16364814814815,15.803852941176501,2.15839094650206,15.7900769230769,2.2585204081632697,12.6315813953488,2.06569351669941,12.627472527472499,52.326818181818204,4.463,18.312593220339,77.61454515196644,15.162556051377761,37.594768315371084,30.101232217892672,29.987213042945356,660.869013518095,229.64500822126865,238.37853223085403,672.4278908222914,1693.5935709625483,179.69980835914612
441,1.62168233387358,18.596724137931,5.47880319148936,7.53493793103448,2.22858914728682,15.822772727272701,2.3044100000000003,15.8409384615385,1.9184910714285701,12.5267052631579,1.90830225080386,12.532065217391299,42.1491153846154,4.57163157894737,18.564,85.61044419003359,15.189575360488346,37.744437553116896,37.90834925937336,37.87481936327101,457.67189003527164,229.56118918955326,238.00041526556015,671.9450931996107,1380.6610368192196,154.13472428917885
442,1.76534923076923,18.6214761904762,5.44397461928934,7.98383823529412,2.22051730769231,15.7629848484848,2.18079395085066,15.764589041095899,1.93668609022556,12.6331728395062,1.92577472527473,12.6035,52.698499999999996,4.48899585062241,18.3612857142857,141.02026279005537,15.207676735796941,723.0828404369231,37.90990068735777,37.85278865886454,500.9717773646116,164.86435197293758,170.6319861114025,578.1393498182297,1516.591850668192,157.49167650938034
443,1.46672588832487,27.994547619047598,5.44347619047619,8.29019847328244,2.37020044052863,15.818547945205498,2.37629017857143,15.817527777777801,2.02979684418146,12.5737065217391,2.05769739478958,12.5839885057471,35.958969696969696,4.5721981981982,18.5365862068966,140.3689563178668,18.982199883266592,112.33353026672053,37.68252161666767,37.71383019455556,503.0685570091009,146.37052081525326,149.75308440625668,593.8809830695391,869.5859927684069,150.58740973472595
444,1.74649137931034,18.603640625,5.129546666666671,7.10546583850932,2.28895593869732,15.804906666666701,2.35200894854586,15.803380952381,2.40268181818182,12.6080555555556,2.396188,12.6011411764706,29.5265128205128,4.54373617021277,18.391000000000002,62.31150460511656,19.059248336395985,37.911289421561,37.81311308782289,37.906332855641075,431.8804945796728,179.4137991964817,185.92635169625282,581.8272475153208,2593.8354898244143,157.4378926306963
445,1.39484480234261,28.0110263157895,5.48104301075269,7.37758992805755,2.00201401050788,15.7795230769231,2.06651710261569,15.7832361111111,1.78287003058104,12.4688804347826,1.77681679389313,12.4875376344086,45.6710769230769,4.38448971193416,18.8011333333333,140.75153738351156,15.16602068743231,37.76332438670128,37.74348383205571,37.8744321260802,418.88440027832985,233.5678320378065,244.62672881782055,679.0502462536097,1293.3072168380022,174.01999793946743
446,1.86170431893688,18.6076271186441,5.40594871794872,7.39761267605634,1.6185455950541,15.779315068493199,1.62035782747604,15.770343283582099,1.85154093097913,12.5839493670886,1.89703664921466,12.5870853658537,35.5126551724138,4.61983105022831,18.5505357142857,61.95700478474634,15.184267778103528,37.706652823051435,30.185377451264046,30.14191883331924,589.7025112062693,178.65560948848724,193.43560561537743,602.9439624398947,683.5312582552433,165.26468098163605
447,1.09540102040816,28.0055,5.4789414893617,7.40027891156463,1.4248664921465999,15.6513174603175,1.38027272727273,15.636314285714299,1.8114241379310299,12.5462564102564,1.77577989601386,12.5510581395349,39.08,4.3781087866108805,18.6050161290323,77.85987378870507,15.14942136674207,37.66033855015742,30.025273522400816,30.13084956372632,375.62730722129345,190.13984128832817,194.06811334192753,598.2900038361549,2407.4556306004524,168.86400990188122
448,2.53736363636364,18.563703125,5.4361586538461495,8.65590476190476,1.79691337386018,15.651298507462698,1.72946304675716,15.6598142857143,2.21354025423729,12.5950217391304,2.17644359464627,12.5963586956522,36.3924285714286,4.63855309734513,18.5027096774194,62.092912504995105,15.170177001632496,83.04898931004337,30.146792336940013,30.16859281676482,512.5251598656178,206.34694956243038,220.3536219894886,663.591967895627,933.3992376923561,190.79530611634254
449,1.3211788154897501,28.1121904761905,5.44189047619048,8.12280952380952,2.0690564516128997,15.582,1.98914625228519,15.5995324675325,2.03851711026616,12.5071071428571,2.1612442588726504,12.5134827586207,42.2108260869565,4.38591923076923,18.2280666666667,186.85776783266556,15.101876202154271,60.525889355548415,30.040202264667425,27.255473061650857,515.1047836989164,216.12676791846752,220.4603049904108,601.0900717228651,1898.7146206200123,172.5987996906042
450,1.71290264026403,18.615742424242402,5.47075879396985,6.0718630952381,2.09379142300195,15.843466666666698,2.0468603839441504,15.8596470588235,1.82222110552764,12.4915,1.83382206405694,12.50346875,38.95548,4.42697959183673,18.583241379310298,132.82231065284137,15.177266957869781,37.76740740322039,37.624366707911975,37.840445590423,517.9841071367264,155.42167238891125,170.59450037777424,439.561577513814,2058.340283110738,154.1599165648222
451,2.03210572687225,18.5606206896552,5.47209389671362,9.45113821138211,2.0587714843750002,15.826469696969701,1.9976631762652701,15.8396,1.8410674157303402,12.651290697674401,1.8406492890995299,12.6501222222222,49.2035238095238,4.41803358208955,18.5343114754098,124.53575447534676,15.192803888676087,37.89264209236578,30.113658781229685,29.30919621898069,336.9194455444813,187.42475658655167,202.24913023412228,430.1014821976423,950.179435312748,169.2746765911579
452,1.82097788309637,18.62953125,5.48841414141414,7.38538028169014,2.14961932938856,15.842808823529401,2.15529568788501,15.8346712328767,2.07293884892086,12.5422619047619,2.02388803088803,12.5495487804878,26.2328409090909,4.579072961373391,18.6874590163934,412.8777718780844,15.162680273998813,37.863493088173605,30.34060663664486,30.315304691843444,501.5288479626179,191.39675423502922,197.81016744673252,687.0973389595747,2002.3614168167117,185.5042763054371
453,2.3260913140311796,18.621169230769198,5.475457446808511,9.54472222222222,2.26250220264317,15.75875,2.518359030837,15.758107692307698,2.34806136363636,12.6797333333333,2.3739271255060697,12.6669166666667,39.7768461538462,4.647451612903231,18.56975,132.75650102688022,15.150591577042379,37.763303427582976,37.90046191418553,37.87843648142542,388.0819771438837,177.08097584545612,188.6736135929823,672.795670107007,957.9784702509642,164.95930030941963
454,2.29107855626327,18.61415625,5.4596682464455,8.11257,2.40114692982456,15.773138888888901,2.12769107142857,15.777076923076901,1.87726059654631,12.6126703296703,1.9566049382715998,12.621511627907001,45.6774,4.43812757201646,18.5079538461538,85.5415237110738,15.167146677976833,37.817191515664575,37.8147485670245,37.9178263874728,499.25167113542557,192.54619255661964,202.072411775589,418.9460538327694,509.1423634439706,150.99821612238884
455,2.69875369458128,18.605046875000003,5.44032804232804,7.35925899280576,2.27454767184035,15.8481506849315,2.27009503239741,15.835363636363601,2.07158558558559,12.5380326086957,2.05051531531532,12.5435164835165,29.4326666666667,4.53914678899083,18.595640000000003,77.83346434372734,19.004254701168207,37.93264998489792,30.245572088439133,27.207506209044155,505.84943965077395,224.8540986329317,231.93443194031715,513.2114980369806,1881.3624046742916,168.64542849361897
456,1.74089573459716,18.5570298507463,5.46455026455026,8.078039062499998,2.28226336633663,15.7537384615385,2.21034888438134,15.776046153846199,2.00018563922942,12.5931829268293,1.98792069632495,12.6021927710843,42.0743913043478,4.49225793650794,18.4813620689655,760.7172088899576,15.17938680171405,663.4855626890871,30.117191707221302,28.747940523482914,465.05285426974297,226.82403214275837,244.56144310533998,597.5022912025452,1312.2293166816235,179.33310009539127
457,1.73367238689548,18.6199523809524,5.463444444444439,8.157057142857141,1.79277724358974,15.7467121212121,1.63147759103641,15.764543859649098,1.89723062730627,12.544873684210499,1.9350520325203302,12.567648351648401,42.1570769230769,4.55569911504425,18.6386031746032,77.5028693103534,15.115601670516728,82.9810413071411,30.103023167774882,30.015030720139432,431.74619786441326,234.54511538147926,241.19196459650993,686.3936316221952,1733.3121970295906,188.72753717005253
458,1.75534584013051,18.644734375,5.46592021276596,8.09005511811024,1.97869230769231,15.7524776119403,1.9140228471001801,15.749738461538499,2.1440335820895497,12.558367816092,2.18522154471545,12.5648695652174,35.389100000000006,4.87434893617021,18.7049375,70.06381184090759,19.033956164881296,75.58330866546372,30.1127754767179,30.118270648216775,501.8624477088451,170.35850323736668,185.7999712228775,675.1547567546368,1780.2677117288113,154.26529571413994
459,1.81515867768595,18.6150833333333,5.4682959183673505,8.81333333333333,1.7194041916167702,15.8872361111111,1.7123732283464599,15.8995735294118,2.06311917098446,12.587662650602399,2.04650844277674,12.5875853658537,38.7285555555556,4.36661538461538,18.345765625000002,85.41862243342165,15.122403911577754,37.91053555092569,30.312238664764607,30.337911222881143,569.3202838301659,174.072477966547,180.55024556815624,671.6232746839523,700.0776007771492,168.38442534208298
460,2.1773741648106903,18.6090166666667,5.44316931216931,7.42735507246377,2.13013805970149,15.847133333333298,2.13364033264033,15.8321466666667,1.65099222395023,12.5973516483516,1.8814241316270601,12.6083827160494,39.5842333333333,4.39302803738318,18.579118644067798,117.14131696416537,18.988941183805203,53.15315538794176,37.64650493258794,37.84572482493805,574.583699926734,200.8357085287571,207.00069144368172,598.6868869513273,1532.6835215091705,153.51329930126667
461,1.20117157894737,27.9930789473684,5.385118811881189,9.50766666666667,2.0997064579256404,15.752583333333298,2.10547697974217,15.768906249999999,2.11128672566372,12.645956043956001,2.07780730223124,12.631771084337299,52.3479,4.5413672566371694,18.438435483870997,77.76944095291256,18.955444391121382,37.819164776472384,30.19750147617134,29.58688272991809,456.0154862701893,177.4161122739315,184.50208008289337,607.2541698813438,1495.4464975744486,154.8750326037407
462,2.1900554414784397,18.651453125,5.4481329787234,8.40070588235294,1.8625221843003401,15.7673561643836,1.66973170731707,15.773720588235301,1.86252173913043,12.629417582417599,1.85713258785942,12.628956043956,32.9068857142857,4.26760728744939,18.3963125,85.41817576242163,15.140324282775003,326.52115751909594,30.052455346478453,30.148704400353196,489.95274119079113,177.46919766068459,184.37537364661694,596.0926413536072,524.7807130217552,175.8009660989046
463,2.50504761904762,18.6179661016949,5.118457711442789,9.86530769230769,2.2952172949002203,15.795455882352902,2.29487414187643,15.8072753623188,2.06597142857143,12.5879340659341,2.07163949275362,12.5899230769231,55.7413,4.45281304347826,18.5030909090909,85.29493496759633,18.93629545357284,37.85208563035155,37.79253065984762,37.84671974857644,457.5418774038553,201.85098983347416,210.3768289089203,500.2487450838089,1059.983018785715,161.98912635445595
464,2.8720372208436697,18.60575,5.4292476635514,7.4952167832167795,2.07522874493927,15.8567538461538,2.10174270072993,15.85,1.9508616666666698,12.6880512820513,2.11003684210526,12.7033176470588,48.966350000000006,4.4590086206896595,18.3414827586207,77.75814163934847,15.211332262084063,37.48486331780625,30.141359389280534,29.898410050145184,592.140993103385,210.49943752586842,221.9271846115589,595.0121209025383,1630.155136808753,169.0422184765339
465,1.46230136986301,27.9737906976744,5.4336753926701595,8.681639097744359,2.23902057613169,15.785569230769198,2.26853463203463,15.788770270270298,2.716108040201,18.9588,2.40412809917355,18.9493214285714,29.2297804878049,4.94176293103448,26.5727,93.08185451938567,18.904937241024918,37.718750644938126,37.83060258711317,37.740300900746476,507.52754323184496,143.2943157851696,149.86535534262657,501.0581575334072,1588.0073886364698,179.3061848729849
466,1.70151026392962,18.62253125,5.4648151658767805,6.14094736842105,2.18846958174905,15.794702702702699,2.19456730769231,15.7962361111111,2.12139053254438,12.6293209876543,2.12417348927875,12.632164705882401,43.1718695652174,4.59422265625,18.513365079365098,54.44049867604434,15.166380056010304,682.3360198770363,30.154813935374456,29.984561107148917,441.8746568262577,180.62274903059006,194.15197893977165,600.0305991619825,1578.8113232702017,169.14219595491886
467,0.9969150268336321,28.104275,5.443779999999999,9.42874,2.07623214285714,15.7478939393939,2.06685080645161,15.751468749999999,2.09000180831826,12.5247931034483,2.1569774127310097,12.523301204819301,39.0861379310345,4.4194694656488505,18.4184406779661,123.98520042717169,18.93860311324825,683.1148648834363,30.120321161949374,29.82608129589044,520.896352827549,177.7468714863062,183.84899012744427,677.7231581509113,619.5154972374439,164.54411670565605
468,1.75666358024691,18.6087457627119,5.439563829787231,8.05851538461538,1.9856048526863102,15.7369342105263,1.94277462121212,15.7271710526316,1.76828571428571,12.5810833333333,1.82777033492823,12.565351648351601,32.8887,4.55429707112971,18.692072727272702,93.39670269040772,15.150757059524581,681.6182156443516,30.097788688390064,29.98219921623671,336.4317584782839,205.43113350868225,208.62054079771042,514.3774207681417,698.9114452153444,165.00563360750675
469,1.8892408637873799,18.6226031746032,5.44417112299465,7.33712857142857,2.10651533742331,15.782356164383598,2.13337798165138,15.766953125,1.81350440917108,12.6550697674419,1.780942812983,12.6663023255814,38.6996666666667,4.50049011857708,18.5166140350877,85.69537725903658,15.138798200978398,60.658878567209065,37.88516002730339,37.947690973196366,522.0059771090746,207.3054201900959,214.82142619788647,519.5928737521172,630.778493359685,161.23931854963303
470,1.9016284658040699,18.5970153846154,5.4178085106383005,9.42447368421052,2.21758874458874,15.718527777777801,2.25587712665406,15.713945945945898,1.8907024390243898,12.5785930232558,1.98785214007782,12.5986049382716,52.5731,4.34346641791045,18.254083333333302,54.578190467994915,15.177820071012114,682.7228732826775,37.74176101084133,37.89259100644794,505.26140257716185,180.93963153660297,180.2599523216486,581.6211923956871,2006.9956313818693,178.18966880440712
471,1.54373866666667,18.605515625,5.17162814070352,7.776590000000001,2.19514743589744,15.774199999999999,2.40288842105263,15.793466666666701,2.40861862527716,19.0749180327869,2.42667701863354,19.075783333333302,29.544999999999998,4.43765283018868,26.335641025641,62.03165038989327,18.90813087220333,166.36076234409006,37.64202241714192,37.74090989110992,570.1332353055477,173.33594150841236,181.83900974690914,667.9215934127569,1089.86827544868,144.5123925805092
472,1.63674468085106,18.610215384615397,5.4319417989418,7.44825,1.5501763942931301,18.9171111111111,1.5372789699570801,18.9167037037037,1.91186898839138,12.627500000000001,1.91405740740741,12.6399024390244,39.2726296296296,4.32533474576271,18.1302307692308,85.74514545664117,18.91449283929988,37.78944872842819,29.97767630805173,29.96088959757441,516.8328993022442,206.9578506052494,231.47626779973507,592.7198566496372,1142.0367285609245,212.9797823727131
473,2.6393833718244797,18.706169491525397,5.39903255813953,7.470335766423361,2.22531019522777,15.856707692307701,2.21137654320988,15.85896,1.94361844484629,12.620397590361401,1.9183273703041102,12.617531645569601,42.2568928571429,4.43571153846154,18.317,757.8465120189244,19.002018302817174,53.3213026284217,37.82750174715181,37.913089828767404,499.4441755115986,224.86778907477856,234.04140956699848,510.33846102654934,518.2202439755201,170.26239074766636
474,1.60768451519537,27.986900000000002,5.42464676616915,7.97120740740741,2.1364261682243,15.835245614035099,2.13173385518591,15.8188630136986,1.9400050590219198,12.5796341463415,1.93879286926995,12.5729456521739,39.6415384615385,4.45635294117647,18.5368387096774,70.0979795695097,15.195559612312783,37.802636564036874,37.80756213920246,37.78269483642181,513.5559476912022,217.09511056542397,223.1893129646778,600.1317873597145,2366.2539664655924,161.74190677702427
475,2.42272706935123,46.9254,5.47210194174757,9.6567358490566,2.14702333931777,15.7482794117647,2.1456430062630503,17.132171874999997,1.88150788091068,12.6233950617284,1.90564130434783,12.6272826086957,32.723606060606095,4.58845374449339,18.6027678571429,70.11146871461236,15.12839180265033,52.9151813868957,37.903673106894935,37.9518427285487,513.8616543263197,176.24222673475742,192.88845360279083,585.3232927620411,1773.8122027367353,181.34908750653267
476,2.17365853658537,18.629775862069,5.42199052132701,8.011989999999999,1.92398130841121,15.7175068493151,1.9311472172351898,15.719343749999998,1.9696487523992299,12.5023414634146,1.92629304635762,12.5107411764706,39.6690384615385,4.46788715953307,18.5365538461538,77.5634219008928,15.072113926448932,150.93764230463123,30.122477469578833,29.56595489033674,459.9821288138628,214.50873464345932,219.28641945123672,596.118438988924,876.5159174799919,183.61229449510574
477,1.9019110738255,18.620906249999997,5.42869948186529,7.35925,2.25768867924528,15.8011470588235,2.30375374732334,15.818216216216198,2.1686701030927797,12.597747252747299,2.2391186770428,12.5896813186813,36.18953125,4.72228193832599,18.5258727272727,70.13859584587703,18.989158037279257,45.62839787977126,30.125118718642753,30.089467651744695,427.46588587760925,147.84745872020721,149.85371381044388,598.1083493679762,1872.0706924796104,153.57909724116325
478,1.46226928104575,27.9649743589744,5.4429682539682505,8.07613385826772,2.21001028806584,15.7997123287671,2.27223890063425,15.809680555555598,2.04225309734513,12.6607176470588,2.05219161676647,12.664641025641,45.7772,4.39556505576208,18.436031746031702,140.49701544206192,15.144746792626254,113.56367304175635,37.89832197899923,37.93109862420953,575.2965342253447,221.590930595994,228.60346361994743,503.9468873292208,521.863391622901,160.0807998329401
479,1.21106954689146,27.9822093023256,5.44915343915344,8.95698260869565,2.04492644135189,15.836333333333299,1.96710327022375,15.8780735294118,2.14200792079208,12.5859534883721,2.00814111498258,12.585182926829301,52.3500909090909,4.37061965811966,18.3957543859649,109.22839220271055,15.179010422599866,681.2670112702268,30.294164716245533,27.754197954023113,452.9625177383423,217.10270084440708,228.27358916401863,682.4808660894632,1285.7473455369473,172.9413866996765
480,1.63364764621969,27.951475,5.46575401069519,7.44125531914894,2.10040072202166,15.755383561643798,2.09872977941176,15.757470588235298,1.74901300813008,12.699666666666701,1.77815978456014,12.696105882352901,39.3628333333333,4.39845,18.676806451612897,116.79846181018623,18.937578806871766,53.04861517718534,37.76306254483097,37.79696174550257,433.7466321885586,138.86350207030773,143.96538026630878,652.7508608996868,1073.8514363765717,165.86193814873695
481,1.40882266666667,27.969125000000002,5.43155080213904,7.43195652173913,1.66911214953271,15.702014492753598,1.87345689655172,15.710999999999999,2.1219264705882397,12.5743414634146,2.1169609856262803,12.5811097560976,35.731300000000005,4.55232558139535,18.1529682539683,85.16500658781123,18.996364939509927,37.764111137720974,30.224191037735963,27.188502214734207,519.6188110858202,213.8462383300066,213.8775773346424,605.6071259081364,718.6103146523237,165.78873619437218
482,1.20969248826291,27.9620227272727,5.46307109004739,8.80331623931624,2.15637420718816,15.7834657534247,2.19631623931624,15.7866301369863,2.4390167014613797,12.637510869565201,2.21584110169492,12.665946808510599,49.2396666666667,4.70074429223744,18.69559375,85.88533157819462,19.058462928094805,37.86028689978745,30.115830848738167,30.216743971104698,584.5400504767895,228.87499071657658,236.077094450593,508.14743153750896,949.824508279562,192.63168796896935
483,1.71159880239521,18.6059047619048,5.46791457286432,8.83314074074074,2.3567380952381,15.853308823529401,2.36344367816092,15.8555072463768,2.06355871212121,12.6371808510638,2.1383950103950102,12.649265060241001,42.463319999999996,4.50653846153846,18.4711964285714,101.90386170441795,19.024662888529434,37.95485394715217,37.779200017874835,37.856139165674335,509.5412954688073,233.71553979814053,239.63358253240585,523.5896445810795,1893.8354682177305,157.3632936924696
484,1.2351463133640601,28.173621621621603,5.46934574468085,8.04532283464567,2.18069187145558,15.783579710144899,2.18305681818182,15.779369230769198,1.97712431444241,12.6226046511628,1.9864651162790699,12.6264578313253,42.229625,4.43127027027027,18.4820158730159,62.180773074486055,18.975046319441805,37.84783026123047,37.79676492251337,37.83634606780225,504.9503408372403,144.86191794276237,152.66393311321735,594.4172386080027,1837.9978835582733,145.99040150642395
485,2.16956771799629,18.5737333333333,5.44405291005291,7.361634615384619,1.9712957264957298,15.7694520547945,1.95343680297398,15.765202702702698,1.9938649122806997,12.6614938271605,1.9459054054054101,12.6637032967033,45.359590909090905,4.22804411764706,18.3214,117.03794805284636,18.98605242273877,60.429016914313294,30.143758260017872,30.231046089793093,528.6914762109518,172.00075089931488,178.44736576080322,594.141473993659,535.9174218028784,190.89588895440102
486,2.12201446654611,18.5981016949153,5.47797860962567,8.27411538461538,1.8306,18.8158793103448,1.7747904290429,18.830293103448298,1.34829122807018,9.41622935779817,1.3432694475761,9.39721428571429,52.05305,4.42058775510204,18.2425079365079,54.600736627598735,18.988011956682147,45.25938653365059,30.210915481243337,27.15949710263239,568.2411137968302,167.22660511732101,176.75859853625298,505.96115179359913,1534.7338281571865,180.12258224189281
487,1.9637255319148899,18.617050000000003,5.44573933649289,9.620672897196261,1.91897752808989,15.881202898550699,1.95410815939279,15.8907272727273,1.95785063752277,12.650489130434801,1.96573626373626,12.668686046511601,38.8429,4.43396564885496,18.391607142857097,757.5472066550166,15.109967372980874,37.65687590061872,37.74645965799669,37.743929897816244,608.9639384299517,181.80543556809425,201.24888978898525,614.2547354102135,717.9691456258297,165.4324121773243
488,2.73566428571429,18.6248095238095,5.422105263157889,8.82070085470086,2.03475186567164,15.777369863013698,2.0484870259481,15.7735135135135,2.2190555555555598,12.6753522727273,1.99382101167315,12.6809135802469,42.1461538461538,4.32838235294118,18.470767857142903,85.61793096758765,15.22188536526359,75.83726390390706,30.16779739286621,30.251899416782678,453.95088382065296,172.6323738694191,187.9977062344551,668.5077212750912,614.7535517811775,176.03239975869656
489,2.51632126696833,18.7198474576271,5.46985427135678,8.79211029411765,1.9354963099631002,18.9328679245283,1.9972693798449601,18.9365384615385,2.39128246013667,12.527978260869599,2.38295623632385,12.5372127659574,32.9907777777778,4.60827058823529,18.366725806451598,85.53322633064026,19.01869371548103,37.613378567132685,30.206789690774315,29.553320732355445,464.0183877199888,231.63086734712124,240.1585690677166,684.4062358140945,708.0031558871269,212.9437867552042
490,2.07346350364963,18.619412698412702,5.459919999999999,8.083015037593979,2.1116352087114296,15.858205479452101,2.10617254174397,15.8675,2.17437404580153,12.5972771084337,2.17866848816029,12.608417582417601,42.79484,4.633141129032261,18.1615909090909,62.303421174233506,15.176380476532694,37.97560206856902,30.30657176630915,29.780298647893844,512.2956819832325,143.7842845916748,150.50889924168587,581.4332980662584,1254.618540406227,165.7318789511919
491,1.7605523809523802,18.616242424242397,5.43387830687831,7.321381944444441,2.11675506445672,15.7041232876712,2.1111431192660497,15.7355625,1.8607570921985799,12.5975714285714,1.84371634615385,12.6232470588235,52.35105,4.39881048387097,18.4690677966102,85.16561547320562,15.14413525878259,681.2530716593106,37.73660008880354,37.81299984771212,446.4096389710903,236.72524839639664,245.7267604768276,515.917083248496,862.7634961158037,171.97560518980026
492,1.411918395574,27.996142857142903,5.45309478672986,8.210248,1.88428716216216,18.9946206896552,1.83227652733119,18.991962962962997,2.1022879999999997,12.6354197530864,2.09661099796334,12.6524197530864,45.9280833333333,4.55385344827586,18.143142857142898,78.21371576384155,15.174292759150521,273.4058563329762,30.245462880442282,29.391539931857363,558.0062512308359,199.9642699956894,206.14550448954105,664.5389832556248,1771.7649228870869,186.54270097613335
493,1.23583370288248,27.967,5.43988785046729,7.37871126760563,1.99552140077821,15.8071515151515,2.00161259541985,15.8191780821918,2.14988309352518,12.561968421052601,2.18315925925926,12.5659024390244,42.369592592592596,4.48068235294118,18.5334137931034,368.8451328325077,19.026557673473146,52.91587637003937,30.13755602026608,30.20357701966522,449.0216262638569,172.62836918234825,181.96012824773788,501.15445628762245,1783.018745481968,156.82512894272804
494,1.87666544117647,18.6045,5.43085353535354,8.72284,2.21768138195777,15.839322580645202,2.1982260127931803,15.8352941176471,2.00000557620818,12.6203406593407,2.0153661971831,12.6246962025316,66.0843333333333,4.44807407407407,18.5124107142857,85.66909216117928,19.009970263056488,690.4268147795285,37.81680691069481,37.90734038222667,440.4527600854635,210.9881490468979,218.0668991059065,590.0385789573193,1134.2899408191442,168.73441636562347
495,1.65662059238364,18.6054603174603,5.42794949494949,7.5577037037037,2.13050727650728,15.748619718309902,2.14820670391061,15.7487397260274,2.2283135755258097,18.8389180327869,2.16908842105263,18.833877192982502,38.7461481481481,4.91561085972851,26.6114146341463,78.07544400211495,18.994354606032143,45.663370602495995,37.73447900639903,37.802638478007935,500.26113167405134,182.0565201342106,188.45363520085812,606.0821004211903,1790.1348415762186,147.52987772226334
496,1.08896332046332,28.131487179487202,5.45679255319149,8.071438461538461,1.86184402079723,15.7139589041096,1.82517290552585,15.6989315068493,2.48387731481481,12.6340326086957,2.21695926680244,12.6156341463415,32.9739666666667,4.587653508771931,18.4362419354839,132.79784613971958,15.168071435650102,82.9358323182255,30.25677979070184,30.14884408100883,560.340378433466,170.82183621823788,183.77266824245453,591.1247339099646,516.6847724467516,173.0182208120823
497,2.12321832358674,18.62185,5.47352132701422,7.40928985507246,1.9851426146010198,22.1929411764706,2.06351322751323,22.207760869565202,1.96063218390805,12.6332527472527,1.95296006655574,12.6341975308642,42.065,4.48340996168582,18.5841272727273,85.25173545319136,18.943190748406813,37.76453342442765,30.30267897878388,29.954606899368013,452.20842584967613,179.3313305824995,192.44244322180748,530.901225283742,703.3566012978554,190.02510234713554
498,1.39707632600259,27.9656666666667,5.48575238095238,9.503941666666671,2.20148565965583,15.805322033898298,2.1799839999999997,15.8056164383562,1.86591454545455,12.599826086956499,1.8384128,12.612244186046501,48.8854166666667,4.39258634538153,18.5405238095238,77.83160413484512,19.01286050113336,220.15330009930392,37.89458314978957,37.970597668483784,447.3860375583172,195.5503597855568,204.29412834346294,581.0001399368048,1033.2530830055475,146.59371227025986
499,1.94462049335863,18.6144285714286,5.53841666666667,7.34347142857143,2.1664797570850203,15.876115942029,2.0895168986083497,15.8821780821918,2.21665631067961,12.6814698795181,2.1716348314606697,12.675967391304301,49.258500000000005,4.62985657370518,18.5505087719298,62.31906362533738,15.179828538047769,37.82706089196603,30.238933363301246,30.20632015618657,507.6596047729254,176.7286565154791,185.67470833659172,589.3433466553688,2204.9433551728725,162.0196271687746
500,0.928481481481482,28.0279230769231,5.46816190476191,7.35235256410256,2.1113137254902,15.7984109589041,2.1265776397515497,15.787291666666698,1.83800318979266,15.761000000000001,1.86956620209059,15.7606164383562,45.6492608695652,4.511651583710409,22.6642093023256,385.05736514184713,22.867691193300683,37.92327511264365,45.54734785411567,45.58417343907903,488.9308474957943,232.195807620883,240.24522863328457,688.8357922434807,1286.9388330727816,172.56839200854301
501,1.03714122137405,27.999558139534898,5.45156666666667,7.36810071942446,2.06314583333333,15.7578695652174,2.00190058479532,15.758726027397302,1.8812293103448299,18.840543859649102,1.81845268138801,18.8332786885246,45.43436,4.48937007874016,26.682,765.103687030166,30.536979165131722,52.9758323627446,45.45415416155351,45.63171070901891,586.1678626388311,250.57033635675904,259.7494050860405,662.14962862432,429.40559796988964,165.15739262104034
502,0.884826989619377,28.001625,5.47505633802817,8.23212230215827,1.9305896147403698,15.7841066666667,1.9569524617996599,15.789030769230799,1.7734629324547,15.721581081081101,1.9616064638783297,15.716924242424202,52.90235,4.498658730158731,22.367956521739103,265.40353472043034,22.854781597856665,37.752390702014516,52.97325165871678,53.14954997160049,549.0371957421303,200.1921646296978,208.80131050944328,677.5228772312403,614.2294500023127,153.96196395158768
503,1.84566886326194,24.920693877551,5.4692964824120605,8.760522058823529,1.92346023688663,18.826,1.93879504132231,18.8123114754098,2.0278641509434,12.5780588235294,2.03121428571429,12.5618414634146,49.1597727272727,4.44284375,18.324428571428598,756.4748726455294,22.780932669529047,37.86866883875687,30.146226149311584,30.104427191922895,777.8911385685205,231.2963828444481,243.95473301410675,520.009733736515,2056.796569377184,197.4525861442089
504,1.11174720812183,18.6233968253968,5.49169047619048,8.750808,1.86090957446809,15.7147903225806,1.8226977099236599,15.7253188405797,2.2875069582505,18.9144920634921,2.31541341991342,18.9266964285714,59.242421052631606,4.5999782608695705,26.588681818181797,156.43259178399816,26.66380282130082,37.892984749925716,45.40212311746659,45.59791572053525,690.7841190695763,249.9961294233799,267.80436746776104,667.8865756839514,1124.8072609305382,165.64428806304932
505,0.9831201478743071,27.981575000000003,5.45738341968912,8.09861904761905,1.90173692810458,15.8486212121212,1.98002448210923,15.817200000000001,1.6143501529052,15.8415079365079,1.56267164179104,15.8414705882353,45.37824,4.37250847457627,22.5956296296296,77.70170691645303,26.654399963535607,683.3358925106428,45.40642758865199,45.438998029215725,581.7900877445936,254.1666384786367,279.2598679661751,686.8367549031973,1223.8566298037767,164.82691280543804
506,1.5181061452514002,18.6151904761905,5.66524137931035,9.39268032786885,1.20832660332542,15.8032121212121,1.18832312252964,15.8014098360656,2.1189758812616,18.9258524590164,2.1701052631578897,18.912589285714297,52.8124545454545,4.72479411764706,26.746599999999997,755.2644258645017,18.93214672992019,37.81771594101523,37.85706609019273,37.814169673548875,526.962149888277,234.5194574445486,259.3293320387602,756.9504901766777,961.9615040719509,176.53116956353188
507,1.3004141414141401,18.6013050847458,5.48321634615385,7.436276595744681,2.1668533604888,15.8354153846154,2.13538922155689,15.832111111111098,2.04968604651163,12.6824065934066,2.0564303030302997,12.6866419753086,42.5462916666667,4.77163392857143,18.6643620689655,768.3221969380996,22.91423175450729,37.951145964137545,30.260281164078673,29.32615342516883,602.205190807581,218.83058361709118,225.5499828606844,746.1567409336567,1149.2412071675062,183.47268924117088
508,1.84721935483871,18.613271186440702,5.45734715025907,7.3422297297297305,2.08916032064128,15.766013698630099,2.0413262135922303,15.7599846153846,1.9276389380531,12.567769230769201,1.9716972477064199,12.5690434782609,45.615,4.41372064777328,18.5313793103448,69.95639504130868,18.931687931716876,37.84022424607263,37.69528029853983,37.78698355380345,473.86763617396355,197.75629043579102,202.63521000742912,826.1234033852816,2619.3808764219284,179.22050319612026
509,1.9393263757115697,17.7649166666667,5.42728787878788,7.98876223776224,2.1571743697479,15.670219178082199,2.19017373737374,15.665602739726,2.1761244813278,18.75940625,2.36632983193277,18.7665172413793,45.5296923076923,4.62992213114754,26.6661351351351,752.7660157944167,22.76011991402859,37.6623963997763,52.85624249201474,52.92198085208035,638.6595778167248,276.2360032647848,289.3549855798483,679.1385356336832,769.425556063652,171.88680358231068
510,1.0050624399615802,28.007857142857098,5.44426424870466,8.05215384615385,1.1726770386266099,12.6200333333333,1.13151002227171,12.610740740740699,2.3712343387471,18.858129629629598,2.40917523364486,18.8626785714286,52.2048181818182,4.89062447257384,26.5087906976744,85.91780787549806,26.698135146777997,37.804741274288745,52.943188505122144,53.108017615808734,553.2267037779093,251.38207711279392,259.48178954422474,748.0816449970007,1042.6112450659275,168.73199492692947
511,0.933975,18.5919552238806,5.4415118483412295,9.534620370370371,1.56050837138508,15.7019275362319,1.49137564102564,15.724250000000001,1.59208713692946,12.6145348837209,1.59192886456908,12.627956043956,62.451125000000005,4.197894927536231,18.550865384615403,85.71263671547145,26.648862659340097,53.065787392698184,37.769971052585106,37.80206309154757,583.3187606185675,299.9851480126381,331.5333276987076,751.0826457291842,1107.3805391788483,183.6806070059538
512,1.27306571741512,18.6050166666667,5.46158333333333,6.08867052023121,1.77943565891473,15.795986301369899,1.74616611295681,15.7922153846154,1.7217894736842099,15.793710526315799,1.67284292379471,15.81765625,56.082315789473704,4.39311111111111,22.72725,77.81761148915449,15.174177733081134,37.79634255265656,45.37866294128126,45.365528104564866,427.01875790953636,230.07895797491074,246.48094549775126,602.8973031789064,1878.3908803015947,153.84717844426632
513,1.35158678756477,22.053410714285697,5.44885714285714,8.03875,1.9287263681592,15.884275362318798,1.9279586466165402,15.8597534246575,1.90675833333333,15.880030303030301,1.91804107142857,15.858430769230798,66.2355294117647,4.49133905579399,22.6147173913043,140.15138017110692,18.973599026910822,45.51116268256057,45.247855189304204,45.31321140959247,726.6320288181305,280.9889614582062,288.203964009881,675.9833544492722,785.5625357478857,180.08402548730373
514,1.19999270072993,18.602746031745998,5.46581730769231,7.40932692307692,2.2149224137931,15.7368904109589,2.26148863636364,15.7470136986301,2.0343055062167,17.592597014925403,2.0243260869565196,17.5610754716981,66.36233333333331,4.58481777777778,22.6172682926829,69.88254652540624,18.954331028986235,37.792203950520175,52.7284456262792,52.96134985071244,650.4715885967016,251.28102861344814,265.16858488321304,751.1270698159933,1690.1879105716944,164.75049778819084
515,1.1402781385281402,18.62425,5.4547550000000005,9.935645161290319,2.22503909465021,15.8153466666667,2.18876595744681,15.8208382352941,2.02978919860627,12.6639625,2.00241840277778,12.640963855421699,42.62276,4.51409734513274,18.5632698412698,164.03608005219627,26.673483092122993,37.81130408282324,37.81177867165059,37.78715673751876,485.67638732492924,229.54712621867657,235.62414571642876,739.5761087536812,1762.01188005507,186.8621911853552
516,1.5646006006006,18.6080517241379,5.44833962264151,8.75670454545455,2.33378409090909,15.810547945205501,2.2908528784648197,15.814061538461498,1.97080289330922,12.6462375,1.9758068965517197,12.6193493975904,42.4012222222222,4.43208035714286,18.581483870967702,70.10691566879895,19.019086912965314,37.8246090814021,37.79924678910942,37.82237498442159,692.9570343345404,167.7259337157011,171.69727943837643,741.1004044115543,1861.2511456012726,180.6897111237049
517,1.27984801762115,18.607016666666702,5.44034112149533,6.73486184210526,2.09771323529412,18.94265,2.044094,18.890749999999997,2.2012356557377,12.5617282608696,2.21545358649789,12.5532023809524,45.7806363636364,4.6229387755102005,18.3645873015873,78.0062156190068,22.808164922954557,37.75523801419725,30.189725935684603,29.87654251609839,638.878857716918,246.99689820408824,252.17989459633824,756.5396837890148,2115.5375987291336,202.10342481732368
518,0.935905057675244,28.000564102564102,5.47456632653061,8.0205,2.12201104972376,15.7824516129032,2.12552302025783,15.79175,2.06039605734767,15.795753424657498,2.07066666666667,15.7826911764706,42.3292222222222,4.38323829787234,22.2637916666667,77.66598103029818,18.983417363084456,60.51658526420025,52.90468845151707,53.09334598425251,561.1057858914137,228.53007540106773,234.99233648180962,613.8029042631388,1653.0024819076061,154.91042286157608
519,1.0295422885572099,18.60396875,5.47450520833333,7.36392258064516,2.24782012847966,17.0421692307692,2.20508154506438,15.833830769230799,1.9718161764705902,12.5973406593407,1.91307076350093,12.602037037037,49.383347826087004,4.66385365853659,18.5327719298246,62.41184298833679,26.638349890922548,37.81066401008835,37.83254453327283,37.93271149124154,622.4384531378746,240.03349244594574,243.42075921595097,667.6793098449707,1444.951631128788,177.48000100255013
520,1.7313277693475,18.59365625,5.1776600985221695,7.755545454545451,2.17480289330922,15.790716666666698,2.16244933920705,15.7908955223881,1.27952967032967,9.43944262295082,1.30123883928571,9.45394214876033,59.2496666666667,4.33273839662447,18.473516129032298,752.3424446049014,22.80199152724896,30.29185017240177,30.340438002883687,30.28027530399587,707.5825240463018,256.09899312257767,280.8268181979656,646.2500896304846,1470.4747591167688,215.97780287265778
521,0.9945213228894692,27.9836666666667,5.47728773584906,8.83261475409836,2.2517573221757297,15.8218676470588,2.41922807017544,17.628249999999998,1.9855474747474702,15.757418918918901,1.90822942206655,15.7619594594595,45.49828,4.41573151750973,22.4760208333333,46.60414288260844,22.824439384728553,37.72937670786238,37.8601299767401,37.831014333746026,575.4059180617332,185.22730097174644,203.68043333292007,418.93431916832924,585.1151421666145,164.5771786570549
522,2.07457586206897,18.610887096774203,5.464527638190949,8.08543307086614,1.9803112244898002,15.7057205882353,2.0155785440613,15.705265625,2.0517939068100404,18.9103620689655,2.02283826086957,18.926711864406798,45.8388461538462,4.55037826086957,26.068974358974398,69.86841846246172,26.74960975173701,37.692706311841725,45.33343762475122,45.44427185378162,568.7229335308075,124.53082017600538,130.27186505496502,824.2946583777666,1954.6326715499163,149.91066418588161
523,1.9007918032786901,18.7047301587302,5.47363636363636,10.3880606060606,2.0018446601941697,15.7445890410959,1.9569946140035899,15.738671641790999,1.79355922038981,15.7363333333333,1.79261119751166,15.753753846153801,56.0371111111111,4.3126204379562,22.4969375,257.7289973007359,18.94422861596529,682.1368235934676,53.05198714012504,53.20540385076305,604.2593624442816,252.43894197046757,261.8000376969576,845.6336334347725,1494.6012292057276,169.245433062315
524,1.23859828009828,22.3504444444444,5.480583333333329,8.08692125984252,2.07111937377691,15.721738461538502,2.1986343283582097,15.7238923076923,1.70709933774834,15.7137534246575,1.7366887218045102,15.709499999999998,45.578625,4.2466714801444,22.4917173913043,760.2792588222628,15.187254811792267,52.65285790315182,52.990004129333684,52.86285351309026,666.5615364909172,230.43216206133366,226.43525153398514,609.616469591856,797.6450957357883,168.47369261085987
525,1.88497407407407,18.6112586206897,5.48946354166667,8.05582677165354,2.40148831775701,15.6743692307692,2.34128181818182,15.675351351351399,2.2182658227848098,12.5374736842105,2.16858405172414,12.5545714285714,25.827577777777798,4.630537190082641,18.360983333333298,148.6440321335784,15.192313044124424,90.86789498289104,37.79385382834971,37.86913594222497,569.3728104233742,225.71245208382607,234.05603133141994,673.5591683536768,2281.517209485173,173.93049784004688
526,1.07177682811016,27.9846046511628,5.47558288770053,8.82389230769231,1.86195993031359,15.7230597014925,1.8463264000000001,15.7234264705882,2.18224053030303,22.145367346938798,2.18795957446809,22.1367857142857,35.848406250000004,4.76351882845188,30.601714285714305,62.401774788463094,26.689522333182577,177.42735785465408,52.969620550582285,53.007185350487454,493.64427104592323,206.90853707492352,213.1112851202488,846.4979473501444,2137.430664151907,141.12750068306923
527,1.5799395604395599,18.6231940298507,5.471551020408159,7.3856690647482,2.0967783783783798,18.965333333333298,1.9087312,18.965333333333298,1.87416720779221,15.8009705882353,1.87361743772242,15.828647058823499,45.7144545454545,4.492155378486061,22.6575744680851,62.47101594306082,19.058049205322845,437.34932890634485,45.627767692121786,45.609601807254656,588.2096476852894,223.20644930005074,226.79297253489494,760.6903556734324,2726.3475116342306,180.86209893226624
528,1.9346010186757199,18.6235166666667,5.45688732394366,9.539578512396691,2.03210956175299,15.7873538461538,2.00071826086957,15.8004307692308,1.98090926275992,15.832205479452101,1.9789500959692898,15.8422602739726,62.7256875,4.3425435684647296,22.5030975609756,195.0794531916581,26.715341227731713,37.85951682827024,53.11793713618719,53.20277685915176,573.25204834342,226.89062170684338,235.4940865188837,593.6234258115292,1133.8007170706987,165.92107713222504
529,1.04659219512195,27.9388157894737,5.41809793814433,8.82640983606557,1.8530724137930998,15.761246376811599,1.8511095152603199,15.770984615384599,1.9263511705685599,15.7371230769231,1.86613982300885,15.734611940298498,56.1424285714286,4.40780869565217,22.6221739130435,749.8133970883144,22.7968016592909,683.1488222091228,53.12969428091436,53.27559792776013,516.5562499314547,206.759013235569,217.33478643000126,522.2231615334749,1045.5523617565632,177.7702011168003
530,0.9644771622934891,28.015925,5.4899109947644,8.28004347826087,1.6932970588235299,15.8401333333333,1.697568288854,15.8142972972973,2.40885803757829,22.1093846153846,2.34414024390244,22.127152173913,45.8402608695652,5.02939215686274,30.6098181818182,85.66969658496436,18.98279032208255,60.60671442093325,52.7549410531226,53.04482083812609,589.0941713005304,191.6352193802595,197.5224819034338,711.4815060049295,727.3697759956121,150.21823346614838
531,1.1208322981366499,18.6246,5.47562857142857,8.06161971830986,1.90854280510018,15.7048412698413,1.94888636363636,15.7109701492537,1.50105150214592,15.7104461538462,1.60609383753501,15.7381506849315,42.3855,4.36345381526104,22.7199555555556,93.34586271052966,22.73910711047612,37.96736468657442,53.0112948062266,53.07044625039117,556.2153179198503,221.6909546405077,228.1836699694395,745.4175036400557,706.6806778311729,158.56130048632622
532,1.07160815939279,27.993428571428602,5.4756914893617,7.40905797101449,2.03050483558994,15.7870923076923,2.01061045531197,15.801536231884098,2.02536078431373,18.8771551724138,2.02880037313433,18.8703114754098,45.493576923076894,4.674293577981651,26.398727272727303,85.9060166961904,26.712177642683617,686.6841578053926,45.437222819160525,45.58232178419604,555.0472065806389,205.33394999802113,208.62752571702003,669.639091938734,1180.8556504547596,158.77741388976574
533,1.2028515815085201,28.0191578947368,5.44836507936508,8.835877049180331,2.1712177589852,15.7479722222222,2.13144467640919,15.6963384615385,1.96769708029197,15.821220588235299,1.9439925925925898,15.813986301369901,42.1825555555555,4.57648523206751,22.7339607843137,62.46811726406334,26.741753684446593,53.20928029823171,53.0109685301506,53.36553776804617,492.50489100813866,220.15622816979885,239.02649991214275,593.5661029070616,934.1960772871971,162.01427206397057
534,1.24808429561201,28.2232790697674,5.46903191489362,6.14195212765957,2.05913153153153,18.7639137931034,2.05568833652008,18.7794590163934,2.2608147368421103,12.563809523809502,2.30032662192394,12.574239130434801,59.180099999999996,4.80117721518987,18.5078,78.07761922758326,15.199969775494553,37.987922656151106,30.25591901858203,29.461650251140487,537.8147587180138,257.1847755461931,264.65998962521553,830.3683251142502,1914.9508792907,209.110789000988
535,1.7630768025078398,18.6251034482759,5.45676063829787,8.80803448275862,1.9991015625000002,15.794445945945899,2.01478461538462,17.5992615384615,1.98458780036969,12.6401157894737,1.97811855670103,12.6525185185185,49.400347826087,4.45756756756757,18.4405178571429,70.09529967758633,22.875571415275886,83.37745742507514,30.360598826445834,27.84205663308257,578.6532070487738,202.05588079988956,214.19166587293148,674.741854891181,1783.929392695427,186.9057770818472
536,2.07861621621622,18.5970952380952,5.4097471264367805,7.3295034965034995,2.1952645161290296,15.789794520547899,2.20678755364807,15.7977313432836,1.9848281853281897,15.8005479452055,1.98747718631179,15.815968253968299,59.7430555555556,4.491296296296301,22.2491739130435,78.35097034338767,18.997898736741398,37.84559929803677,53.09834165221456,52.960098115780646,563.3524619042873,251.81355886161327,264.5184751600027,677.2244814783335,2190.0004241615534,172.31381498277187
537,1.30210822998873,18.5653050847458,5.45512322274882,8.09668503937008,2.1481546961326,15.7827424242424,2.1680864978903,15.7914347826087,1.99122625215889,12.617277108433699,2.0102340067340103,12.6346263736264,56.0215263157895,4.48487058823529,18.4592931034483,77.70411116320892,18.924720729106742,239.8034858849075,37.7929595226594,37.81267145701149,491.3844168186188,272.1893135458231,273.98387901484966,754.497991874814,1037.7144441008568,176.6011118888855
538,0.893621270084162,28.00215,5.45816751269036,7.4739675324675305,2.30647806004619,15.895191176470599,2.29407983193277,15.875681818181802,2.00548263888889,12.7450705882353,1.9818965517241398,12.7356777777778,45.96932,4.46801492537313,18.559746031746,109.44775339535705,18.949053472135276,45.74218473617497,37.71832950437603,37.81349619032992,607.2088610380888,266.56826958060265,268.6785999685526,625.539617612958,1114.2156552523375,175.86941830813885
539,1.87747565543071,18.597453125,5.47862679425837,8.096111111111108,2.112022,15.826749999999999,2.06773440643863,15.8138923076923,1.66851623376623,15.7566,1.7117603993344401,15.765492537313401,42.158464285714295,4.26896652719665,22.4751509433962,93.46988268779954,19.005208833539076,140.11262346187738,53.01290714823931,53.06899214047226,629.7953426837921,221.27665579319,225.9331289678812,787.4921429902315,729.5534014701843,158.38658437132835
540,0.951540588760036,28.012714285714303,5.455741626794261,8.14465079365079,2.04268060836502,15.796684931506801,2.02293074324324,15.822472972973001,2.45503881278539,18.9334074074074,2.3903131524008403,18.925775862069003,42.4935652173913,4.9343807106599,26.6222682926829,762.4842474184951,22.740525594160236,37.73547317777546,37.80516549901932,37.83879458205865,574.4914524257183,293.34411956369877,305.64279295504093,659.7124971449375,514.2891779541969,180.3276129066944
541,1.2094,18.601531249999997,5.46306666666667,7.41030967741936,2.2621531190926296,15.872875,2.23857925636008,15.818,2.3217121212121197,19.0126785714286,2.37652653061224,18.995036363636398,45.29025,4.7369203539823,26.370891304347797,758.1991330787336,15.232005675470894,680.7131635030624,37.818884289865565,38.061934428756736,614.6703381091356,232.06016048789024,246.05384096503258,664.5041517913342,949.6651589870453,178.89528535306454
542,1.48083884297521,18.6301034482759,5.4735175879397,6.73255128205128,2.2636514851485203,15.737187500000001,2.2553320388349496,15.724911764705901,2.30247590361446,18.8506296296296,2.28643333333333,18.8504385964912,42.5670740740741,4.98331304347826,26.5707906976744,101.83903425368608,26.649122608199217,60.716761689316336,45.483681938044626,45.56397512192608,554.7323264181614,233.84871892631054,247.45371192693713,681.922072544694,1725.5659215152264,169.1679935902357
543,1.4802341001353199,18.628447761194,5.49188235294118,8.828159663865549,2.14651578947368,15.766784615384601,2.11293621399177,15.776881578947402,1.84092072072072,12.5725243902439,1.83241071428571,12.5866206896552,45.857347826087,4.48616806722689,18.669393442623,760.4420257785721,26.594961314347835,37.796579214925416,37.876833403948204,37.83025531788908,505.41372038424015,221.4173786342144,234.09631103277206,598.8174583762884,529.8353265970945,179.94428053498268
544,0.973197247706422,28.0164102564103,5.45363926940639,8.73993220338983,2.29368441814596,15.774410958904099,2.27490891089109,15.768353846153799,1.88309743589744,15.753723076923102,1.9313905723905698,15.741523076923098,48.9500833333333,4.63004780876494,22.665187500000002,116.61650966400501,15.132370452725043,680.886510347732,53.04676354968392,53.14163988388876,641.2643939256668,170.40017992258072,177.94896848499775,656.6279102116823,2944.7977896779776,157.49591402709484
545,1.34729396984925,18.58653125,5.46759042553191,7.42449275362319,1.84434838709677,15.8323521126761,1.8864729950900199,15.8357794117647,1.7555668135095401,15.7966461538462,1.7913040752351101,15.824363636363602,38.7828387096774,4.57807287449393,22.5559574468085,179.91913641283008,26.67901479132938,682.3921879551224,45.470171762598454,45.55081588723084,591.7648784816265,232.97430016100407,243.13842877745628,685.8554668724537,906.3723031431437,172.77458682656288
546,1.40895888754534,18.6219206349206,5.48205238095238,11.1776195652174,2.2712181425485998,15.6843382352941,2.1732515856236803,15.6952794117647,2.04740438247012,12.6151294117647,2.0777803571428604,12.6172558139535,59.7007647058824,4.65,18.2574444444444,70.23853482262975,22.846197020398616,37.96203564988675,37.687020254548536,37.87059912049386,546.0631102323532,234.5995046198368,238.2091712206602,751.8821861594915,1192.9482221603394,179.83978614211082
547,0.909918705603788,28.0395897435897,5.47680337078652,8.892905172413789,1.99437181996086,15.7555555555556,2.02153346456693,15.760904109589,2.33310681818182,18.823873015873,2.10722587268994,18.8334912280702,45.8593333333333,4.75309583333333,26.5481951219512,101.38986767323557,19.014147298712384,105.27597768156659,37.82887798200522,37.83343329375612,448.8134756684303,228.98674942553043,232.805497944355,591.6448775678873,711.6502616554499,172.79572784900665
548,1.12303017241379,18.618644067796602,5.411925373134331,8.682177966101701,1.96856261682243,15.7906363636364,1.9797475345167699,15.806734375000001,1.8291711229946501,12.554186813186801,1.8154983333333299,12.5600581395349,45.58208,4.528864,18.5437586206897,69.81595445261102,34.45461299784236,37.920100085764574,37.738340651713074,37.94164700166028,657.9704117029905,223.57460111379623,240.8836968243122,513.1959915161133,1880.6127365678549,179.56136725842953
549,1.15117679558011,18.616406249999997,5.4525820105820095,8.90975652173913,2.17724810606061,15.7346164383562,2.2395781544256104,15.7430923076923,1.9521073253833,12.566989247311799,1.9778522336769802,12.5789673913043,45.6418260869565,4.69384959349593,18.6899846153846,85.81181492874462,22.743511545328477,88.26004295598842,37.79934109621652,37.88249146754045,713.0562327802181,219.56507116556168,228.80211472511292,675.177713856101,1553.8435894995928,176.80521123111248
550,1.2050163398692801,17.7540714285714,5.4597156398104305,9.06458407079646,2.0506631016042802,15.71808,2.03793055555556,15.7230298507463,1.55359606656581,15.713243243243198,1.5804018404908,15.7167567567568,45.4703043478261,4.13646558704453,22.697300000000002,384.5672933823583,22.923235064471772,240.3173260892342,53.034091667438695,53.10417564185575,440.9726243466139,255.75445033609867,261.4111639559269,670.5937441438437,444.7593819350004,171.86608165502548
551,2.60717792792793,18.639171875,5.488738095238101,7.40601360544218,2.08611967545639,15.7331095890411,2.0954437751004003,15.7138823529412,1.8411307814992,12.5815609756098,1.8640093750000002,12.5855647058824,59.1967058823529,4.323123456790119,18.4681956521739,85.81304759449625,15.188644666989433,37.91578478964167,30.17332283858707,29.362815482699297,632.53422267735,251.5055239200592,259.6755977720022,747.0768876373768,869.1867813467979,186.89320422708988
552,1.91644256120527,18.632492063492098,5.46424623115578,8.15949,2.0315194346289798,15.835319444444401,1.9649999999999999,15.8455076923077,1.8420480274442501,12.6094050632911,1.8334490445859901,12.627901098901098,49.4219,4.37053639846743,18.719,85.71676970510823,22.808458784432162,37.91398589820053,37.852674966212454,37.81674472364781,716.406712308526,149.40868131816387,154.0220808237791,777.0159281790257,974.6698196977377,161.84160485863686
553,1.19384903518729,18.6449666666667,5.48801612903226,9.576261682242992,2.26944866071429,15.746892307692299,2.2460568927789897,15.749726027397301,2.5408277511961703,15.7510289855072,2.21977479338843,15.766947368421098,42.4391111111111,4.70608755760369,22.5800888888889,290.4578540335878,30.60671444860378,576.1253514716584,37.9285218826217,37.90501745290722,636.6928573697805,235.39583198726177,242.21143685281277,846.8280546367168,1607.753150165081,161.77422367036343
554,1.67775384615385,17.7419333333333,5.44092056074766,8.04016901408451,2.07880505415162,15.8184761904762,2.03863857677903,15.807277777777799,1.72289556962025,12.5816097560976,1.76807779578606,12.5779425287356,49.2129583333333,4.49222707423581,18.7498064516129,180.24216942435905,19.003263822285724,37.96388883964015,38.00534490416986,38.111644418933786,709.925964474678,245.11734955012798,254.16477583348748,584.0917583554983,866.6417095810175,184.05267037451267
555,1.08814270941055,28.032119047619002,5.4711483253588495,8.81501470588235,1.9670822669104198,15.862884057971,1.9722763915547001,15.897308823529398,1.82302843601896,15.7341029411765,1.82482206405694,15.745203125000002,45.5223043478261,4.4538008298755205,22.4667755102041,257.9197161053055,19.029066950915738,682.5066783706889,37.9172642958884,37.86738521552059,521.8079313635826,267.50280521810055,290.92137701809406,587.6231472939253,1791.9061705470085,172.50976525247097
556,1.19377871443625,18.5994920634921,5.44921164021164,8.83594615384615,2.12825672877847,15.8198194444444,2.12035757575758,15.814391304347799,2.03079847908745,12.593309523809499,1.9928307155322897,12.6208148148148,38.8981923076923,4.3734979079497895,18.543942307692298,187.60188421397606,18.977476343694256,98.1754868770813,30.376863701327718,30.066769419286697,651.7928559333086,231.3796430826187,247.4372275173664,759.3830581754446,1863.2981460541487,179.27708104252815
557,1.41597233748271,18.6164761904762,5.44783809523809,8.647643939393939,2.08042907180385,15.7311617647059,2.0499481037924197,15.7098769230769,1.77573853989813,15.6507121212121,1.77233024691358,15.657,48.971875000000004,4.3184375,22.8275434782609,762.8605938915765,19.061679544184635,37.90545262730476,53.018299431562866,53.23093244721909,659.4644859433174,207.32618868350983,212.4899998307228,832.0304099470377,2112.008724361658,174.36621710658073
558,0.865528967254408,28.0086666666667,5.43465454545455,7.32435668789809,2.09294776119403,22.1800222222222,2.13460186915888,22.17464,1.75396030534351,9.47366666666667,1.73466451612903,9.472270491803279,45.59832,4.6225347826087,18.3372857142857,85.83003413664225,26.65172167301398,30.43480060101256,30.209674792132912,28.47787108133804,561.7421586066484,217.4540888518095,225.41359066963196,602.3738067597151,785.5710107833147,242.73348972201347
559,1.08838188976378,18.6199253731343,5.45483756345178,8.16928787878788,2.13172210953347,15.7868088235294,1.97729015544041,15.824162162162201,1.7246884272997,18.941409836065603,1.81232496075353,18.9414,42.1703703703704,4.54061923076923,26.925500000000003,756.7963437636074,26.729068603551386,60.67899125959112,53.05988283312857,53.160045041079066,500.88805146515364,223.24076853692532,227.52746008336544,510.0710317492485,703.3375557512045,159.76889990270138
560,0.9628837606837611,27.985727272727303,5.446725806451609,6.73725490196078,1.60652482269504,15.758869565217399,1.62169284712482,15.747176470588201,1.76533435582822,15.7613134328358,1.71855974842767,15.751215384615401,41.989166666666705,4.34793536121673,22.5471111111111,763.1205775764316,19.00924906730784,60.092267056684236,45.32416833757612,45.494174073724984,572.7326031774282,241.61161854863167,258.7794791907072,598.1821101158857,1039.8569982498884,165.82589596509933
561,1.33750785340314,18.6127931034483,5.4629714285714295,8.09764566929134,2.01831810193322,15.757456140350898,2.0109842931937196,15.7587142857143,2.0580625,15.9051911764706,2.03540396039604,15.921921875,42.28044,4.6166186440678,22.4543541666667,78.2149110822463,19.048263598047967,683.4621016890538,52.8695154327681,52.96128860314583,487.7537488937378,270.9195949137211,266.449386253953,677.0983338356018,1963.0561117082837,157.39928930997849
562,1.32890742734123,28.0166363636364,5.45830319148936,6.7376604938271605,2.07208669354839,15.6884202898551,2.0317201492537302,15.6858289473684,2.21003232758621,15.7664864864865,2.22960327198364,15.759382352941202,42.1706296296296,4.8908691588785,22.821326923076903,156.35774668015654,26.751596070259748,37.87189546862766,37.74180136591393,37.9623014548711,558.1720266491175,210.7545267790556,218.25921721756458,837.8846570849419,2236.590115353465,176.94849520921707
563,1.29558121546961,18.6265084745763,5.49090952380952,8.11579365079365,2.32092555331992,15.771985507246399,2.33827168949772,15.776661538461498,1.97271719038817,15.746940298507498,1.96830592734226,15.738611940298501,56.0718333333333,4.46871984435798,22.474245283018902,54.72246967822507,19.027237986398546,37.91066409821514,52.93743670132131,52.98481508241879,635.0846495479345,251.27367116510868,261.20259426534176,662.7992726862431,1591.8025746941566,172.03600145876408
564,1.7154912836767,18.6156724137931,5.45406914893617,8.10568461538462,2.29427342256214,15.703159420289898,2.30873766816144,15.714068493150702,2.3327142857142897,18.898491228070203,2.32917045454545,18.8695614035088,38.7108666666667,4.81369406392694,26.4634186046512,421.475390119844,15.21254373451609,37.768809734769334,37.76151653065412,37.94972928059541,637.5523749738932,193.77144053578377,198.9070326089859,663.6373698711395,1183.5561599582434,168.76161098480225
565,2.48273105134474,18.6074833333333,5.45656476683938,7.3785,2.0949633401222,15.814945205479402,2.09315818181818,15.7700410958904,1.9232854785478497,15.7322878787879,1.89297208538588,15.719616438356201,45.83996,4.44097628458498,22.532,361.24809326652525,18.98845638586805,37.78374220565154,53.06739698206463,53.044375407593755,643.1484594941139,228.70064713060856,236.05050519108772,598.8935008645058,2340.8237379044294,165.77988862991333
566,1.67090406504065,18.612296875000002,5.10276923076923,7.70737142857143,2.23337428023033,15.904646153846201,2.22830994152047,15.992901408450699,2.0178952879581202,12.6347926829268,1.98863309352518,12.6312469135802,55.9571666666667,4.4838333333333305,18.506035087719297,85.85130185809783,19.042731558041254,682.7965591349453,30.19510713373978,30.10682275142526,494.998786598444,334.1500647366047,337.3894840478897,735.9658367931843,858.6084470152855,204.65808920562267
567,0.833411341853035,27.9811794871795,5.47041626794258,7.34793835616438,2.17283489681051,18.917703703703697,2.1625393258426997,18.9545740740741,2.12798582995951,12.6757252747253,2.17693601462523,12.6676941176471,46.0527692307692,4.61417479674797,18.466559322033902,70.23549404694475,26.67008662745927,37.97678204598538,30.285909728747338,30.362452542509455,592.8116384893656,206.75570704042912,222.64071740210056,830.9380151331425,2040.192764252424,198.60188476741314
568,2.0230790960452,18.6282931034483,5.46048148148148,8.69139516129032,2.3921791666666703,15.779970588235301,2.4343882618510198,15.779945205479502,2.020825,12.4768045977012,2.0049217877095,12.4630760869565,59.321473684210495,4.65973387096774,18.5738965517241,70.00140797966321,26.55837473779719,37.82070111896305,37.65885221413332,37.773125682344755,617.3073314130306,227.01099514961243,237.73079738020897,834.9020034074783,1101.2294795364141,187.15993501245975
569,2.50698233995585,18.6153134328358,5.413611940298511,8.718250000000001,2.0745295138888897,15.855365079365102,2.07345811051693,15.8608088235294,1.95686703096539,12.5650210526316,1.91538840070299,12.5664146341463,76.6168571428572,4.40435390946502,18.440210526315802,77.93363720352407,19.0241408157601,37.96019409033083,37.98324668148709,38.04320724630928,439.9651661515236,240.67005142569542,236.4808227866888,752.9397960752249,1124.4521010667086,183.63050185143948
570,1.60542941176471,18.62971875,5.47642660550459,8.77433333333333,1.51300147492625,12.5987176470588,1.51603689064559,12.625164556962,2.1739241516966104,18.8979423076923,2.15867857142857,18.918,45.6078695652174,4.57651908396947,26.347818181818198,421.5012745357078,22.860736477421167,37.68996778155915,37.940123623296955,37.910896897065115,624.6374920010567,192.6857978105545,214.25639279186726,580.0762679427862,529.127474874258,154.18906696140766
571,2.02140801457195,18.618765625,5.42415422885572,7.3612037037037,0.857513978494624,12.619010989011,0.858080536912752,12.6251098901099,1.84792616372392,15.7596575342466,1.82520603907638,15.8090277777778,35.961551724137905,4.49568235294118,22.6290192307692,93.5027575551862,22.797829534295094,60.51099283241485,45.285551961190855,45.69220485940945,518.8747309148312,204.63159307837486,208.08661356568336,597.2940940409899,549.5628342032433,158.98230485618114
572,1.01706211812627,28.0275,5.48799465240642,7.3975251798561095,1.9219735449735502,15.778070422535201,1.9615261261261299,15.7866712328767,1.617802413273,15.597630136986302,1.65774461028192,15.592093333333299,58.8897,4.4894872881355905,22.9558125,70.21422592550557,26.704961083900912,166.7867352264126,45.295837558825575,45.37794714783232,658.7429437786341,277.45203115046024,293.14481653273106,512.0802205055952,1711.9253519922495,183.13908949494362
573,0.887467372134039,28.0079302325581,5.45595260663507,9.53574074074074,2.01098390342052,15.8328888888889,2.0266622641509398,15.8286,1.7208594674556201,12.5818351648352,1.7159675994109,12.5978765432099,55.6126666666667,4.358727659574471,18.666080645161298,69.8160649719915,19.00948620511943,38.032704617728136,37.88641969978983,37.95398348169506,527.9631353914738,270.71842923760414,280.13410046696663,681.2545005232096,2886.6547159850597,187.7828035503626
574,2.01378682842288,26.0007777777778,5.46564361702128,7.37535211267606,1.93215442561205,15.718243243243199,1.9477648054145502,15.746597014925399,1.64488040345821,15.696531249999998,1.65177346278317,15.707421874999998,45.750692307692304,4.3532974137931,22.5847021276596,93.32666009832565,26.66074428452861,37.879180189135276,37.93295359460052,37.86829176580358,564.0503019094467,214.2971847206354,221.39321081340313,669.128680601716,520.5435212701559,188.75980749726295
575,1.43121084337349,18.607390625,5.1178855721393,7.777060606060609,2.03951871657754,18.8423333333333,1.9965625,18.8524745762712,2.0591639676113402,15.6734266666667,2.0424814090019603,15.691840000000001,42.153400000000005,4.52244398340249,22.7278,391.07373484323523,18.973203448284906,37.80479472941683,52.97483570471041,53.13939147228431,492.6486406475305,251.92331522703168,252.4607349187136,658.9044816792011,613.0944006145,194.5836003869772
576,1.4032555123216601,18.649671875,5.44747945205479,7.36323076923077,2.07506680161943,19.121711864406798,2.0214990583804098,19.130703703703702,2.40434090909091,19.038540983606598,2.35694057377049,19.0413157894737,59.495235294117606,4.94272083333333,26.438878048780502,148.54016862742324,22.81179388682897,684.4491656015125,37.93130153941332,38.062343877174115,668.7867920845747,225.11393763124943,235.90633645653725,840.4776453971863,2146.1259573698044,165.65700061619282
577,1.27033769322235,18.6188253968254,5.47525531914894,8.08844094488189,1.97849128919861,15.769220588235301,2.0978709055876696,15.7918970588235,1.7108558421851299,12.6038271604938,1.74129032258065,12.5792261904762,45.557959999999994,4.45978512396694,18.668854838709702,390.8495303576995,18.95784030817379,37.95966791558549,37.8899002655047,37.97002048357027,398.48312735557556,257.53830559551716,267.49097742140293,677.8167095035315,629.6051200479269,195.07412798702717
578,1.03442828282828,27.9930238095238,5.48381914893617,8.690335766423361,1.66225632911392,15.808527027026999,1.63285691573927,15.802232876712301,2.05664929859719,22.107836734693898,2.04295047619048,22.1084423076923,45.6337727272727,4.5994375,30.6701351351351,762.8506095381349,22.72977598540277,37.85714302968911,52.858716962220015,53.13249078106717,504.1719879955054,262.24013417959213,281.92736208438873,664.9824790656567,354.7836560755968,188.7451857328415
579,1.07002814258912,18.6084179104478,5.512803030303029,8.199796874999999,1.9707661016949198,15.786555555555601,1.98910401459854,15.788921052631599,1.58372902338377,15.7704109589041,1.57943093922652,15.77452,48.929714285714304,4.25238589211618,22.63132,759.8667683680973,26.730506067319396,121.68917229763812,37.99644961535776,37.98122013781355,649.4682747870684,248.93358349800113,262.58467696607113,765.4733024537563,1731.4488533884287,169.86592672765255
580,0.872324282389449,28.0058837209302,5.40988947368421,8.06234507042253,1.9695337726523898,15.820333333333302,1.96879655172414,15.834753846153799,1.72740809443508,12.5569024390244,1.74681972789116,12.5772235294118,62.98422222222219,4.293742616033749,18.6160169491525,117.08891267652224,26.681118090542185,37.8146458491868,30.19568817700955,28.404743571470114,392.33556017279625,170.09088769555092,178.77547070384026,659.2891179025173,1449.5008159428835,184.30440686643124
581,1.17572361809045,18.608828125,5.46176063829787,7.37555555555556,2.22596739130435,15.7995,2.20273674242424,15.787931506849299,1.9681301989150097,12.612025316455702,1.8977797833935,12.6035180722892,35.5410357142857,4.54231174089069,18.692396551724098,70.59111511425886,18.977737874021717,620.066394057198,37.97644823368893,37.94114601559424,555.3651135414839,235.65520532429218,242.02773347496986,759.1438479721546,2298.3665112406015,170.64842395484447
582,1.2069406175772,18.612186440678002,5.47631658291457,7.43516149068323,1.80886877076412,15.721030769230799,1.82892674616695,15.7193698630137,1.63782456140351,15.726264705882402,1.6548916544655898,15.7234,46.0674285714286,4.1997411764705905,22.6457021276596,773.8363643972809,19.004462374022687,311.0906824275435,52.967642802145676,52.98937276375703,498.55061806738377,211.7989119142294,224.89801049232483,748.418178409338,2097.257459536195,175.17958767712116
583,1.40874478527607,18.616265624999997,5.44926203208556,8.075986013986011,1.48742671854734,15.8300151515152,1.48093935643564,15.832283783783799,1.55195619335347,15.6838358208955,1.53083405483405,15.6857702702703,59.348736842105296,4.18821691176471,22.6851886792453,754.8626653831433,19.054927355576936,677.001023892328,37.901802920290606,37.91639371289761,564.0602670609951,254.6088304370642,260.75872592628,665.0208961218596,1051.9463568925858,160.88061966001987
584,0.9961295154185019,27.9902619047619,5.45863636363636,7.43610144927536,1.9607649063032397,15.781753424657502,1.9206930693069297,15.7764923076923,2.182486,18.9841851851852,2.2019061302682,18.9704,45.9025652173913,4.74818981481481,26.499744186046502,93.54759115184225,22.751419718082975,60.63705221470796,45.61353934521137,45.42009025066345,538.930669426918,241.8810036033392,239.94920775294304,654.1002076119184,1024.483796209097,161.75401397049427
585,1.6792684124386301,18.588440677966098,5.42857075471698,9.62951376146789,2.13576146788991,15.7742739726027,2.18608125,15.783609375,1.99111262135922,12.5015520833333,1.98010086956522,12.5032926829268,42.4724166666667,4.67722807017544,18.4217118644068,86.07298182442172,19.005223412074788,37.87520512130654,30.102468963000213,29.981740958668706,440.43040834367275,228.6746632307768,230.71588948369026,668.4907712042332,2724.1342701017857,176.06769688427448
586,1.06586470588235,27.994380952381,5.45735406698565,7.44152482269504,2.0299094269870603,15.7787611940299,1.84308306709265,15.7793333333333,2.0012912621359202,18.9435166666667,1.93918694885362,18.9531147540984,55.6346111111111,4.48252589641434,26.754119047619,85.58951993134744,22.754972060167326,37.685171018160936,37.786050975992374,37.780510133439606,698.5608488321304,235.29408499598503,243.0394757539034,661.0342767089605,952.7853690087795,164.63552601635456
587,1.31003464203233,18.605189655172403,5.474878306878311,8.838379844961239,2.15539285714286,15.704768115942,2.15952690166976,15.702219178082201,1.9408809073724,12.615382716049401,1.9194223826714802,12.6213076923077,45.939954545454505,4.31801132075472,18.386126984127,85.46210924365566,18.994577360143456,690.7718544877209,37.75669014960325,37.77865351255908,648.4446115791798,222.40467369556427,230.8642491698265,849.9970193952322,1299.3881944566965,164.60241749882698
588,0.896481012658228,27.990452380952398,5.4726122448979595,7.410236024844719,2.2395844660194197,15.7391875,2.21881923076923,15.7444931506849,2.07704655870445,12.7076555555556,2.07403743315508,12.681987654320999,45.52948,4.5992025862069,18.3841754385965,62.10354547646788,26.624438765100436,105.79822857451424,30.18822702957381,29.726513261770553,545.4084370285273,228.97240705788136,236.33446544408798,664.4347682595253,1761.355996131897,190.94939343631268
589,1.43403266331658,18.6050151515152,5.439896373057,8.705449152542371,2.2668206751054902,15.846749999999998,2.24736210526316,15.835391304347802,1.99552815533981,15.7846849315068,2.05583957219251,15.766492307692301,39.081,4.73164462809917,22.5914318181818,70.36645094328053,19.032180739313755,37.83313680319828,37.81762888045703,37.91480392936326,565.0993436574936,199.73954185843468,204.8484981060028,763.9077957719564,1884.6974708139896,169.51579600572586
590,0.868666942833471,39.1154642857143,5.42563402061856,9.769262295081969,1.9500268199233701,15.841107692307702,1.94458522727273,15.8202328767123,2.1134277108433697,15.847492063492101,2.1077211009174297,15.850902777777799,35.5448181818182,4.6721382113821095,22.5843720930233,77.97913677839591,26.708014642136057,60.4331287118439,45.46271878919489,45.443088804814955,623.0213679373264,175.03551207482815,184.46864560246468,744.0193556249142,1915.8662762492895,154.63088639080524
591,1.0345395348837199,27.9796666666667,5.48510552763819,8.784717948717951,2.23534526315789,15.692611940298502,2.1995389344262297,15.6913384615385,1.99240488656195,12.4856666666667,1.9619711711711698,12.5065652173913,42.0102962962963,4.39928632478632,18.366876923076898,93.53866066431719,26.690988227894973,37.87789724117068,37.85158079657322,37.94065366914589,556.9870583713055,224.53851997852325,230.77880032360554,584.5632404088974,611.4617455750704,178.15199680626392
592,1.37706884480747,24.068857142857098,5.46162765957447,6.08385798816568,1.99802842809365,15.839746268656699,1.9395177065767302,15.85934375,1.67830307467057,15.754356164383598,1.6392305295950198,15.763410958904101,59.210789473684194,4.29402621722846,22.5981304347826,70.24276660300778,22.870441825394888,38.06439635054826,53.08959603203398,53.146273019202084,486.2910136580467,224.00496527552605,232.60479792952538,741.7876739054918,1597.606111317873,170.63249833881855
593,1.24799297423888,18.617044776119403,5.47109574468085,6.766443786982251,2.21114559386973,15.6743561643836,2.2055793991416297,15.673462686567202,1.97995205479452,12.585518072289199,1.9351276252019398,12.577475609756101,45.691227272727296,4.54946610169492,18.6270806451613,85.65925228536754,22.8683902166723,37.86954782370053,37.6995372158091,37.77256300179849,744.2585192620754,227.21844725310802,233.8577527552843,678.6110810935497,631.4752623438835,167.22087748348713
594,0.9004956997654421,27.9610714285714,5.71721468926554,8.015328125,2.31423856858847,15.76165625,2.34497198275862,15.760415384615401,2.31866817155756,18.9140188679245,2.28073942093541,18.915537037037,45.8614,4.97741509433962,26.8119512195122,77.9612965839168,18.989546428854432,682.1281646877643,37.75286445526068,37.95903284798864,721.4511279016733,288.54203410446644,296.3963430374861,751.3887714594603,714.1334936022758,165.80559313297272
595,0.944745664739884,28.004589743589698,5.46207177033493,8.03881617647059,1.599171561051,12.6208043478261,1.6006230876217,12.6305176470588,1.82090602836879,15.6868153846154,1.77958620689655,15.6851052631579,56.107842105263195,4.43050557620818,22.177431818181798,69.9762642491257,18.964009253267633,37.87470340604371,52.9916958547146,53.15136664881621,499.5016846805811,227.4096943438053,235.45692674815655,573.5752172768116,1498.709712177515,168.60240139067173
596,0.924260296540362,28.0348636363636,5.48305660377358,8.004470149253729,2.0921,15.883126984127,2.0992934973638,15.889,1.9107397769516699,12.5082,1.9194991596638702,12.510546511627899,42.147124999999996,4.56990079365079,18.7643965517241,101.49423906254098,22.92281818063882,685.0730723809492,37.77663221300567,37.784723658324545,581.0858681797981,260.0302454084158,267.60571636259556,670.5185398459435,626.1348724365234,172.18030989170074
597,1.30760574712644,18.6220298507463,5.46276146788991,8.67236440677966,2.16106639839034,16.3460357142857,2.1597773109243703,15.8101095890411,1.9913100189035902,15.814606060606101,1.9762793834296701,15.9529594594595,59.954947368420996,4.57531300813008,22.6104222222222,243.2634211506522,26.71034035421898,681.8924526634211,53.08691611062818,53.03183146220278,576.3337481766939,224.9081153422594,229.50866259634495,595.7804154604673,1894.703134894371,169.81782391667366
598,1.4710485678704899,18.584084745762702,5.46999468085106,8.76808064516129,2.18644468085106,15.8105606060606,2.21626538461538,15.8188787878788,2.07441188118812,18.997704918032802,2.04647069271758,19.0131833333333,55.8496666666667,4.64448636363636,26.6904186046512,70.35588965782576,19.0006972023312,37.993875038608806,53.017422511077676,53.14852831385388,678.2906129956245,227.14631631970406,237.14182898402214,593.8051268458366,1944.0898206084967,154.8584084957838
599,1.1724237102085602,27.9968684210526,5.45578095238095,7.38550724637681,1.89193922651934,15.727861111111102,1.89396260162602,15.7357246376812,1.8204530973451298,15.690238805970202,1.86679128856624,15.696651515151501,42.214037037036995,4.354834745762711,22.3694693877551,752.8004697384662,18.98197984708728,37.86874990002606,45.308381347100294,45.60763671420504,553.680956363678,202.90319807827473,217.16300398111343,673.3732763677835,1036.1136868596077,158.33750367164612
600,1.11352780586451,18.5985166666667,5.46778723404255,8.014203125,1.9011946902654902,15.8304153846154,1.76519142419602,15.7977246376812,1.78928881987578,15.838952380952401,1.7960448222565701,15.869328767123301,29.4707777777778,4.55018859649123,22.610901960784297,70.23726161314396,26.60768911492918,174.83142421473005,45.50039169136555,45.417268261316124,655.9673231095076,203.9315178990364,210.76342090964317,827.6708424091339,1806.7649565637112,172.4103931337595
601,1.0262997002996999,18.7065084745763,5.42898404255319,8.012703125,2.52572362869198,15.716136986301398,2.51373381294964,15.748970149253699,2.67515789473684,18.8261639344262,2.6164380733945003,18.828063492063503,45.760565217391296,4.99940969162996,26.32875,70.04588477636347,34.30771794502387,681.6706569063751,37.77462326354299,37.84795930439367,682.6098542660475,223.90633821487427,224.50382821261883,742.6714058965445,1671.9143837690353,193.06307658553123
602,0.98789667896679,27.9985,5.4692261306532695,7.97835416666667,1.14526978818283,18.8395079365079,1.14091196834817,18.8236181818182,2.19715296367113,25.2535319148936,2.19373469387755,25.2551304347826,45.490875,4.99237554585153,34.669000000000004,755.6442362961944,22.730479021139846,60.65401175246766,60.65391752517226,60.698622657432395,682.2759751230478,268.1346144527197,275.471992790699,734.5410529524088,600.6678100675344,176.4507032930851
603,0.9656941176470589,28.1475,5.48165566037736,8.69925,2.0180052173913,15.7427777777778,1.97967869415808,15.752463768115902,1.9587028571428597,18.902983870967702,1.95974045801527,18.9107704918033,62.84366666666671,4.60627826086957,26.6111395348837,85.78129446098566,30.550997206808052,60.638944330494816,45.459557562956,45.52810976398652,697.9747675359249,284.23736803233624,298.1999423354864,835.0817952305079,1551.3017773628235,172.65891656279564
604,0.81264566395664,27.9959302325581,5.4431495327102795,8.11960447761194,1.09704339440694,12.5784230769231,1.10697256097561,12.5718172043011,2.37186492374728,18.8293793103448,2.35039224137931,18.8225901639344,42.390625,4.79844339622642,26.481550000000002,552.8050229486092,26.655644894875458,53.100145407622456,60.54349183885131,60.705857457647795,581.5015640109777,276.56638994812965,293.58253814280033,765.221007168293,1212.9716575145721,168.62680204212666
605,1.05627447216891,18.622515625,5.49701604278075,8.79011111111111,1.88210642201835,15.706849315068501,1.8824288025890001,15.7174520547945,1.83694936708861,12.5536585365854,1.77566435986159,12.5648536585366,45.848565217391304,4.14540860215054,18.444964285714303,85.45554772772452,26.67884836608371,37.832221735446744,37.68382241464634,37.78671016493332,718.1757129728794,182.6450228691101,198.13962280750275,682.7597972005606,1038.8034861534834,175.35160295665264
606,0.750071937783539,27.9843863636364,5.45959154929577,7.44906382978723,2.08675905797101,15.851,2.08019595959596,15.853253968254002,1.82771297709924,18.8838196721311,1.8405016891891899,18.8993684210526,52.6532,4.4888281938326,26.6756976744186,101.60833237865793,30.483118309958893,37.879321829993515,45.51775248005015,45.543642110245976,482.6213698834181,254.592252895236,288.9762632548809,656.8193435668945,2347.759250551462,176.04180611670017
607,1.4030264900662301,18.597453125,5.47726442307692,8.023622047244091,2.12787891440501,15.877527777777802,2.16479637096774,15.849630136986299,1.90260991735537,15.771089552238799,1.88939667896679,15.7719384615385,48.893545454545496,4.37030327868852,22.1224255319149,70.25523546930175,30.512083314576564,682.4216773339165,37.842211897572135,37.8112246993509,716.6373543441296,257.94939137995243,255.48939593136313,811.6622921079397,1165.3263587504625,191.94181077182293
608,1.14163509471585,18.564421874999997,5.45702127659574,8.67064393939394,2.06719758064516,25.4896585365854,2.06498934280639,25.499575,2.12265886939571,22.139978723404298,2.11959375,22.1279622641509,42.1266538461538,4.74650409836066,30.5335128205128,85.96780948111339,30.39952477745637,680.6977350029722,68.3770963044389,68.32170242205378,530.2888806909323,247.5705463439226,254.14512492716312,835.2365344762802,1964.855333790183,175.84026791155338
609,0.846457207207207,24.934488372093,5.463984042553189,7.40867605633803,1.83156179775281,17.645446153846198,1.77457142857143,17.5669696969697,2.3877662601626,18.877655737704902,2.57166878980892,18.890472727272698,42.603333333333296,4.77018875502008,26.5536279069767,141.10256826956595,26.675631550315202,37.98494602771893,52.92889453222782,53.05188477236441,677.3565895855427,294.2337654531002,312.33723275363445,651.364354416728,1752.8715077787638,181.81120976805687
610,1.47393351800554,18.6131379310345,5.47947715736041,8.0301953125,1.13532543103448,12.690895348837198,1.13047136563877,12.7084651162791,2.40684,22.0505918367347,2.4200914893617,22.0635094339623,56.2852857142857,4.810256302521011,30.5795625,390.5068777863407,26.671548921683037,681.4445613412835,52.933920968730554,53.095585930245676,547.2319200634956,277.51890011131763,287.0003692805767,587.0603490620852,1222.0011092722416,155.758298933506
611,0.936856,18.6195555555556,5.41840206185567,8.96898260869565,1.90129545454545,15.8030634920635,1.96353782894737,15.801876712328799,2.16927637130802,22.2164318181818,2.20068129770992,22.2323461538462,59.5668888888889,4.6569173228346505,30.485,62.15713629676607,30.43186968271991,37.87195227631778,60.27785259929441,60.48634779666705,691.0796742886305,245.4298548400402,252.98004038631916,755.2941795438528,2532.997541129589,177.41662450134754
612,0.9691686956521741,17.777406779661,5.4578009478673,8.69689830508475,1.23141375661376,15.792761904761901,1.2443365695792898,15.7826,2.6139200913242,25.405155555555602,2.54560666666667,25.402428571428597,62.8460588235294,4.99013333333333,34.58675,85.45497672941995,18.969512413483233,37.54311851949619,60.28560574669772,60.40299972837053,653.3049512654543,262.6714762300253,285.3570505976677,867.427047342062,1078.2998986542225,161.08546406030655
613,1.49902442528736,18.610373134328402,5.47707798165138,8.02347794117647,1.71284548104956,15.806676923076898,1.70001647446458,15.8014383561644,1.82969505962521,19.029557692307698,1.88509640522876,19.0054385964912,66.16053333333329,4.52304615384615,26.6351219512195,758.3464471645434,22.71815269388234,684.5006012500359,45.357253280718105,45.373002354673375,800.9631652384996,219.92181427776814,233.2526259124279,892.9235860705376,1522.3202761262655,172.53239639103413
614,0.9545682747342601,18.608805970149298,5.447795,8.669142857142859,0.941319,12.659012345679,0.943888353413655,12.660659340659299,2.36917256637168,25.2463695652174,2.4466976744186,25.2659756097561,62.6158235294118,4.902040723981901,34.853617647058805,85.64526359953062,30.47516287223398,37.897188532617946,60.64610097205978,60.67475074197581,713.0117621272802,228.19405421614647,227.53728553652763,907.4276313185692,1848.3752384781837,157.6364040374756
615,0.904405638214565,27.9890909090909,5.421324742268039,7.30836170212766,1.66546031746032,15.794623188405799,1.67217800289436,15.805492753623199,2.170375,22.0864807692308,2.18102340425532,22.08625,42.0254583333333,4.65194715447154,30.404764705882297,85.60268428363798,26.590902397023026,37.93251860702596,45.17961782413197,45.46084216605709,793.1039668619633,271.4179456233978,280.73335997760296,752.7182344347239,1287.158764898777,183.07589925825596
616,0.9560301094890511,24.0641333333333,5.45384390243902,9.54858333333333,1.01171536286522,12.5630537634409,1.03226846307385,12.5588170731707,2.27574753451677,22.1070652173913,2.25510284463895,22.1098571428571,52.5795,5.02868095238095,30.908,258.35425927544213,38.001719679405326,37.620156344305435,52.67891573660494,52.70332336124732,776.0328240692616,281.61201626062393,301.28215439617634,675.2371322363615,612.048851326108,171.8489918857813
617,1.05399531835206,18.6232711864407,5.44702358490566,7.61364900662252,2.2820041928721198,19.028000000000002,2.29231150793651,19.0380983606557,2.51766522678186,22.131358490566,2.50330549450549,22.158244897959197,59.3273529411765,4.87399065420561,30.104,62.186704195062994,38.022690158760845,188.5568929805249,52.98218491457189,53.12852620265496,582.948699593544,229.97623309493065,241.16472341120243,838.8729766011238,2738.3986860513687,165.54458998143673
618,1.12693326693227,18.6275079365079,5.45388888888889,7.43576,2.2230000000000003,15.7657534246575,2.24081877729258,15.7561232876712,2.33604205607477,18.9115172413793,2.33507349665924,18.9216666666667,66.3600666666667,4.87384680851064,26.7169069767442,62.33439848864331,19.041605166580748,676.4717503363862,37.717120384758545,37.79013198289906,763.578386977315,280.8733843266964,296.57939448952675,738.2218260318041,1744.3332821130753,191.34879112243652
619,1.003833984375,18.6323333333333,5.476663101604281,8.85358620689655,1.64089201877934,15.8722878787879,1.6869327485380101,15.8746212121212,2.29758296943231,25.2894,2.3225090909090897,25.2743414634146,42.102730769230796,4.9591014492753605,34.690275862069,93.65402244749924,15.177302203567688,683.2690027355216,52.98211851682261,53.04897328696454,525.3153387457132,240.97589775919914,256.005534902215,843.6070289462805,2068.776451051235,155.3705893456936
620,2.72166047745358,18.6634696969697,6.74921052631579,6.723207865168541,2.67506947890819,17.4012372881356,2.43858150851582,17.5171525423729,2.28583940042827,12.4345060240964,2.30519037199125,12.438806818181801,25.529487804878,4.771,18.0746779661017,46.58771837554942,15.248649790818147,45.319945617503556,30.418440174074263,27.24404834046104,325.8461132645607,116.87134392559528,123.82478453218937,328.5572398453951,410.04796512424946,563.4706001728773
621,1.29040178571429,18.6239047619048,5.48240196078431,8.1275671641791,2.46553882352941,15.7991846153846,2.41347926267281,15.797359375,2.17508955223881,18.9468333333333,2.144576,18.9311111111111,62.9913888888889,4.67615350877193,26.5020731707317,70.05610368470653,22.773491533497044,37.91709613870382,45.42521053570921,45.4564505886111,615.0301545858383,251.85802951455116,267.3940733075142,861.0727731138468,1801.2057524174452,198.34423437714577
622,0.868558771929825,28.0332105263158,5.47590957446808,7.446050724637679,1.53736699857753,15.6574153846154,1.52577086092715,15.6687397260274,2.1548403361344497,25.104794871794898,2.27707252747253,25.121217391304302,49.164583333333304,4.86963559322034,34.7989705882353,77.84408535416074,34.27000471699973,68.3584030468386,67.96860466782404,68.14655592694226,661.3245233893394,246.25910446047783,257.19301775097847,588.8470448553562,775.0332821160555,172.64680936932564
623,0.8714644549763031,28.004825,5.41321395348837,8.71289430894309,1.0064703237410102,12.624329787234,0.9972913669064749,12.6217037037037,2.1934358490566,12.4994482758621,2.19971370143149,12.511662790697699,45.8689090909091,4.75906578947368,18.697258620689702,761.583538717694,30.52429086731195,37.735136546644576,30.183611585212187,27.357650807142416,616.15239828825,266.65907353162766,276.76038444042206,661.1729506403208,446.955393999815,228.13030518591404
624,1.0807525987526,18.265344827586198,5.4345186915887895,8.02704195804196,1.1170564516129,12.6187951807229,1.0297339771729601,12.6167407407407,1.81014285714286,18.916360655737698,1.7897465007776001,18.9124736842105,66.5361333333333,4.41465925925926,26.7291538461538,361.07925900205385,34.32028658273117,37.84670994814075,52.97609218463368,53.175216801315685,496.6277629137039,257.2372555732727,261.0147465020418,844.5667568594217,1729.0533520281315,182.8355249017477
625,2.9841393442623003,18.642587301587298,6.67321739130435,6.6503526011560705,2.09385604606526,18.6555087719298,2.087,18.676199999999998,2.23670638297872,12.4014545454545,2.26036862745098,12.4013908045977,25.904204545454498,3.77814046822743,10.4895436893204,46.572311985826055,15.232124611698756,45.54777321440119,30.191121626917393,27.166598866590515,334.35081131756306,101.16775520145893,114.1838263720274,323.12492839992046,400.53087286651134,564.905907958746
626,1.24185620915033,21.1026470588235,5.11964444444444,6.3741550802138995,1.70435450516987,18.8622950819672,1.69338526912181,18.8462131147541,2.38303991596639,22.1375306122449,2.00983685220729,22.153693877551,45.424,4.58621459227468,30.5772,85.71212657646285,18.98250592342524,60.75364410524902,68.21214022463933,68.3709018199262,708.1661839038134,252.90003977715966,263.31571862101555,745.1433222740889,871.8461729586124,166.60699620842934
627,0.931394688644689,27.9917142857143,5.48345989304813,8.06965,0.901710443037975,12.6968131868132,0.920617760617761,12.693457831325299,1.98913368055556,22.182425531914898,1.9793333333333298,22.194769230769197,49.042761904761896,4.635323144104801,30.640750000000004,762.5178142189167,34.36716013742151,683.0242369877915,60.35564118189069,60.607242823982716,641.7852360755205,284.0892877429724,295.29621824622154,760.6092840433121,954.030454158783,168.4536226093769
628,0.990627234042553,18.59821875,5.45090476190476,8.068897637795281,2.31042567567568,15.85332,2.28763597430407,15.8893835616438,2.26782699619772,18.8508214285714,2.27608444444444,18.840868852459,45.66856,4.6972868852459,26.48425,101.37722958377648,22.94503866680918,60.720658572812106,52.93650587244146,53.17919605742715,552.0779173821211,240.78786373138428,259.490218013525,756.6533517092466,1060.0103065371513,173.32141287624836
629,1.07845656779661,18.613515151515198,5.45425592417062,6.13774742268041,1.59082517482517,15.7386307692308,1.5815674486803502,15.733579710144898,2.5649164677804297,25.3582682926829,2.24996069868996,25.3473170731707,45.6822173913044,4.992960199004981,33.9526857142857,77.89656544512535,34.273677871683994,60.676929729886126,68.1915680623065,68.53750526610587,581.3186056911945,285.6711857020855,297.6565156131983,763.7358270585537,440.3181839734316,170.39482481777668
630,1.17865699481865,18.5996268656716,5.45947887323944,8.770806451612899,1.76079611650485,15.9024776119403,1.88290018484288,15.904615384615399,2.2089600840336097,22.1792826086957,2.25569213973799,22.1797234042553,45.847304347826096,4.92640174672489,34.489200000000004,101.60418244851972,22.789048163635233,114.06870482444111,60.62162304656269,60.85935574085978,722.5064095109701,344.0959844738245,346.46005369722843,764.7624239325523,1128.8732755929232,180.52118830382824
631,0.860441569282137,28.0086578947368,5.4850268817204295,8.057879699248119,2.15151789473684,15.801750000000002,2.18945220588235,15.811324324324298,1.9541256732495498,18.9675555555556,1.9384090090090098,18.9694814814815,46.0158260869565,4.50895575221239,26.425209302325598,93.6204836842723,22.761733514082298,37.85991165261729,45.41883407743761,45.57353406886238,586.0859993845224,284.41864997148514,290.43853282928467,508.0248694866896,806.4900990575552,178.79283986985683
632,0.80819071791153,27.995615384615398,5.14081339712919,7.10445517241379,1.87838888888889,15.749749999999999,1.9153417085427098,15.7597647058824,1.99182046332046,18.8690363636364,1.9747619834710701,18.8855925925926,62.874117647058796,4.516930735930741,26.7255365853659,93.20766048228758,26.56807807542315,60.655039034447796,52.97428064486836,53.03346063654255,612.8305103629827,267.17702858150005,268.1286074221134,830.503273755312,1040.9084148705006,169.6258783340454
633,0.993089302325581,18.6165873015873,5.4615837563451795,8.989543859649121,2.1944368737475,18.9007368421053,2.27842016806723,18.908898305084698,1.9763419117647099,15.783000000000001,1.9849555555555598,15.7890684931507,52.4804736842105,4.51938372093023,22.5185098039216,85.86971153592965,26.666929095690538,474.8742730335431,45.39551964343455,45.42517016390125,687.6913830637932,207.89531990885735,214.00623954832554,849.1722866892815,1693.2317055761814,179.5806922018528
634,1.46037021276596,18.6038787878788,5.4351382978723395,9.09474782608696,1.99336549165121,15.7736911764706,2.00177325581395,15.781046875,1.8368092307692299,15.766769230769201,1.8198138297872302,15.7524383561644,67.05782352941179,4.37909259259259,22.4184680851064,468.2689935592133,38.02855829198447,414.9211689805338,52.916901384993054,52.89120962237002,765.6089961528778,276.9736107438803,288.6610571295023,828.9376739412546,1330.274948850274,194.94988955557346
635,1.088239408867,18.6161694915254,5.4075223880597,8.85706896551724,1.16580839002268,15.8588676470588,1.15175772200772,15.853893939393899,2.4967401746724898,25.240534883720898,2.43177149321267,25.2398139534884,52.4868947368421,4.81082568807339,34.8659696969697,670.4334985890667,15.184967881951465,37.90515258941545,52.964219325847345,53.073776208378895,630.5020768195391,281.87562711536884,289.0605013817549,912.2336283326149,1210.7026763260365,169.5983111858368
636,1.1659340885684901,18.6298507462687,5.46955868544601,6.748432258064519,2.16178799249531,15.7682352941176,2.1831125265392797,15.7755797101449,2.0719565972222203,18.9450344827586,2.39951046025105,18.9465,45.476000000000006,4.62747755102041,26.4777727272727,77.82210833866583,26.669732891775997,681.695795213385,45.354213043375665,45.459598212929244,627.1761376410723,298.2853911817074,305.2979242056608,754.622183740139,1355.3301338106394,184.6516039222479
637,0.986633594429939,28.0025476190476,5.46418617021277,9.578420560747661,1.9228678929765899,15.6932205882353,1.9528384754990902,15.7059848484848,1.89052597402597,18.817363636363602,1.89527850162866,18.8225573770492,49.207,4.50773122529644,26.6227,758.0066089129529,38.33264899430182,37.71805627270378,52.88738953025991,53.149278407242335,716.9499527662992,290.2308013290167,305.7244699448347,687.9661697894335,624.9966565519571,203.9952203631401
638,0.864857680722892,28.0000238095238,5.42443925233645,8.77895,1.8067264296754202,18.9728076923077,1.84528662420382,19.0320185185185,2.0469062499999997,12.5628023255814,2.0082601054481497,12.583588235294101,52.831450000000004,4.57838392857143,18.5132424242424,93.92608305949435,30.613997525221215,683.0088957649571,30.26737534255932,30.333548409316577,635.9693128615618,226.85532458126545,237.13521659374237,741.8591529130936,2601.7000433057547,201.68013870716095
639,1.0612879629629601,18.6488793103448,5.44333018867925,9.61638532110092,1.17813516483516,12.6376813186813,1.08937677053824,12.630428571428599,2.22840490797546,22.1161836734694,2.16576981132075,22.1143673469388,45.69272,4.80019421487603,30.28315625,62.21079522136505,34.2806789841764,60.58573192888312,68.12505702571634,68.16038715896632,558.819342404604,288.03618624806404,304.0561452507973,662.5813897699118,363.15470933914185,172.1054781228304
640,1.1173778280543,18.612783333333297,5.4483738317757,8.715025641025639,1.03215736505032,12.6179036144578,0.970108695652174,12.6265,1.9801695205479402,19.025701754386002,1.98619456066946,19.0064339622641,42.3844230769231,4.63492376681614,26.6943076923077,86.1346551869065,15.225013677551493,60.780011219832026,45.53064842633475,45.53903174679746,549.8900078237057,213.68321031332016,219.01573054492474,665.9986916929483,2355.4175160825253,161.9858667254448
641,0.842466070096943,27.9997142857143,5.4566598984771595,9.44420175438596,1.03051274787535,15.768687499999999,1.02890813397129,15.7574153846154,2.30595280898876,25.141717391304297,2.28086274509804,25.1482857142857,45.4729130434783,4.96051709401709,34.597500000000004,101.47272219154883,22.838517692938975,68.26561299062978,68.36779566344424,68.44387919398825,704.1043136268854,289.7243946790695,298.8353371620178,752.7003530412912,694.8546506464481,195.2537801116705
642,0.9945680365296801,18.61234375,5.43220618556701,8.09419718309859,2.0799435336976297,15.7788153846154,2.09503460837887,15.804657894736799,1.7983468468468502,15.7175538461538,1.7863749999999998,15.7055692307692,42.1805555555556,4.396781481481479,22.541916666666697,763.4215804257375,30.45228086590351,683.5898877812497,37.714821226549574,37.784324157025964,679.0927611291409,217.4851018935442,222.98204712569714,565.741304308176,361.3436594605446,169.41525973379612
643,1.08867744916821,18.608328125,5.45409895833333,8.07222834645669,2.09464358452139,15.8205882352941,2.05359433962264,15.833184615384601,2.35113073394495,18.885358490566002,2.38329545454545,18.8334912280702,45.9346363636364,4.982046413502109,26.617487804878103,70.2394095201979,30.592552954654703,226.0086153843158,37.689216491485475,37.90036390373534,760.693708434701,258.35540145635605,254.23872284591198,654.3689873069525,351.9054502248764,187.9410818219185
644,1.0068005439709902,24.5909795918367,5.45672037914692,8.765555555555562,1.9094901315789499,15.7547671232877,1.89276567656766,15.770343749999999,1.68913576642336,15.732855072463801,1.74048258706468,15.728115942029001,62.9501111111111,4.36904,22.598358490566,752.2393743824608,22.832623101171187,215.3797138863879,52.91860566003505,52.95222024772348,696.7588327825069,277.3500978946686,285.38121841847897,827.6239037513733,957.9038247466087,194.41619515419006
645,0.9952826300294411,18.606749999999998,5.41416915422886,8.88216379310345,1.67109357541899,15.8398529411765,1.68318360655738,15.8348405797101,2.00984033613445,22.1304166666667,1.9949381270903002,22.1476346153846,41.987280000000005,4.59711284046693,30.611702702702704,759.7629797364821,26.570076328089307,681.7082445301138,68.34903751500332,68.38318275922705,560.3556986898184,227.4252474308014,236.15960963070393,925.1539595425129,2040.976472198963,151.3476949185133
646,1.6186532137518699,18.6100158730159,5.44802538071066,6.74553289473684,0.8618166167664669,12.5033536585366,0.850971830985916,12.5384069767442,1.7650872374798101,15.655695652173902,1.82423285198556,15.657054054054099,45.5426363636364,4.5909282868525905,22.7528958333333,164.36252777276303,26.65158861408083,680.7462371191078,45.27841646708312,45.35772460787543,725.6882730871439,278.2960422337055,288.61011378467083,840.7399524003267,534.9117331206799,190.9275073558092
647,1.11893354769561,18.6378181818182,5.45902538071066,8.057496062992131,1.71962604340568,15.73875,1.71076567164179,15.7438225806452,1.82283598726115,18.9314666666667,1.7956755070202801,18.9532857142857,38.6616333333333,4.4634192139738005,26.5484871794872,62.08127890766657,26.51583048885976,37.74645861414757,52.66831267534287,52.73823780318151,777.9392413794994,274.558225646615,286.31645254790783,740.5509240925312,2450.53693652153,200.55961795151234
648,1.01494704324801,18.610999999999997,5.4765989304812805,8.16296825396825,1.76388098918083,15.6878793103448,1.69732944606414,15.6930540540541,2.53151434878587,25.3414782608696,2.41877649769585,25.3197111111111,45.448041666666704,5.0200234741784,34.9970303030303,70.02205289779475,26.62823752901608,37.76571198114595,53.07062380287957,53.09103130223744,574.9300122261047,297.0570232719183,307.7701199799776,835.4119956493378,1536.4124905318022,172.20950685441494
649,1.01338938053097,18.6377288135593,5.466392857142861,7.40966666666667,1.69865533980583,15.8559583333333,1.6949273927392698,15.8588082191781,2.09268093385214,22.1099166666667,2.07694954954955,22.1158775510204,46.0364090909091,4.74657547169811,30.3646052631579,54.50615645181633,30.586437078692548,37.89278596681365,68.32990383694819,68.4775969829315,648.8247774541378,234.77328941226006,242.03481152653694,602.2164598107338,2053.6259282380342,172.41360619664192
650,0.824409710391823,18.558031250000003,5.42789552238806,6.70305813953488,2.1510628930817597,15.865029411764699,2.11707063197026,15.888107692307699,1.76606955177743,15.8050307692308,1.7570636215334399,15.8085238095238,59.1588333333333,4.3473829787234,22.7239777777778,754.9578338246722,34.24274977241803,682.8161144588146,52.99061885201686,53.04014788120546,764.2941549420357,254.28165681660172,260.41055098176,917.8010746836662,2109.889220446348,179.95811067521572
651,1.47442445054945,18.6228245614035,5.48605913978495,8.155557142857141,0.896293934681182,12.6465949367089,0.9233674796747969,12.6492282608696,1.9023630017452,22.0034680851064,1.92568021201413,21.993250000000003,55.8918888888889,4.76821721311475,30.711921052631602,85.67228945659596,30.52606604408199,37.868756944546334,67.78204473472715,68.2776418778015,632.6083559542894,258.68271477520466,264.4152380526066,653.7735462188721,934.6175473183393,183.7036106735468
652,1.00434685990338,18.704,5.44119811320755,7.35387412587413,2.11060798548094,15.5970675675676,2.11194045174538,15.600972972972999,1.89938385502471,12.539744186046502,1.8920246305418702,12.5500602409639,38.6537333333333,4.28181512605042,18.474559322033898,54.68389203903983,30.528196024200415,98.70841191601815,37.88257167688475,37.97885361788036,613.4035531431437,258.5615962743759,255.40711358189583,741.5063679218292,2239.505108445883,184.50161442160606
653,1.21187287173666,18.60395,5.42287765957447,7.96390909090909,1.8886962962963,15.761999999999999,1.8903761467889901,15.762802631578898,1.6484048991354499,15.729452054794502,1.73567623604466,15.7224246575342,66.4020625,4.46392957746479,22.73632,751.7208742384261,34.37786443944864,340.79849935878883,45.39660662541785,45.4351329293585,658.8728167116642,309.3902952969074,320.96593640744686,665.4090248048306,2373.094530776143,186.56481988728046
654,1.13641364605544,18.611448275862102,5.50891414141414,7.44755072463768,0.8525500427716001,12.692911111111101,0.837520930232558,12.678799999999999,1.9228408239700399,18.935551724137902,1.91057884972171,18.941918032786898,52.5669545454546,4.62426431718062,26.6311666666667,759.2513256957623,19.038374221441387,37.87234163326139,60.61032859751498,60.504971664106215,640.7356355339289,271.1815759539604,284.3828406184912,829.3585386127234,1462.0685949921608,170.0222957879305
655,1.34230906921241,18.6037068965517,5.42852736318408,7.34247133757962,2.04560923623446,15.7392638888889,2.09626614481409,15.758452054794502,1.73062068965517,17.5023965517241,1.71650248756219,17.924454545454502,52.84165,4.57030530973451,22.784235294117597,758.031207765111,26.65880746197059,37.75266964381744,52.942939114323714,53.02177237472269,635.706027969718,251.82967074215412,256.8325959146023,927.9188700020313,1789.0791408717632,180.1914069801569
656,1.5376208718626199,18.612671641791,5.44646632124352,8.229864000000001,2.33524130434783,15.7781515151515,2.33865681818182,15.7753768115942,2.15416967509025,15.859520000000002,2.12523913043478,15.860246376811599,38.9299333333333,4.49804782608696,22.3082916666667,54.49816941875563,30.571916871296487,684.3350878716376,45.33861432640934,45.59633792967885,616.2645295262337,221.58604115247726,230.411347001791,755.2105467766523,1787.913078442216,176.41466110944748
657,0.851937869822485,28.031307692307703,5.42551363636364,8.01291911764706,1.95255901639344,15.7659838709677,1.90802898550725,15.772938461538498,1.78084771573604,18.9491111111111,1.77076606260297,18.9524262295082,48.7732727272727,4.499204,26.350743589743598,750.0265453015435,30.445251121157664,37.65748873716466,52.84285416039128,52.82970661101916,723.3691401779652,272.75378815829754,290.29669240117073,847.8998206555843,864.2463013529778,168.51057298481464
658,1.0953137254902001,18.60805,5.46478082191781,7.37836538461538,1.9728020654044698,15.732697368421102,2.0273315696649,15.7287808219178,1.73684626647145,15.778657142857101,1.7399808,15.7837076923077,66.24406250000001,4.35380149812734,22.6290392156863,751.0588455710157,30.410782743147262,37.778953416775856,52.9824051937573,52.9622791562377,682.0680107921362,228.54660637676716,233.63004438579082,922.8136856108904,2183.9290857315063,181.48007802665234
659,0.794586325966851,28.0336666666667,5.68517837837838,8.237618705035969,0.862932054356515,12.616233333333302,0.949581896551724,12.6395294117647,1.9075123239436602,22.1885714285714,1.88600819672131,22.186347826087,52.563050000000004,4.8077829787234,30.7925,312.9009190002128,30.520216074884026,60.69903315196843,52.95465569193858,53.053126023151215,620.874622836709,249.11961518228057,257.89523497223854,740.395812317729,1247.0391113311052,186.34377047419548
660,1.1702529002320199,23.5516888888889,5.4439898477157405,8.663016806722691,2.0485831842575997,18.9514259259259,2.0733927927927898,18.9622380952381,1.89151505546751,18.9261967213115,1.8128356164383599,18.916722222222198,42.359807692307704,4.57423430962343,26.744244444444398,398.7895127662671,26.65886793774082,37.79550558538843,52.96774531285842,53.15953548191932,741.1274593323469,235.02632975578308,245.70124223828316,584.7329273819923,1116.5386997163296,176.16059631109238
661,0.8124566517189841,28.026102564102597,5.47274285714286,8.05441958041958,2.08744230769231,22.2805531914894,2.1047641681901297,22.2871020408163,2.11157170542636,22.0895384615385,2.1175486381322997,22.088,53.0316666666667,4.68877777777778,30.1226176470588,70.14279640290286,38.28524719939632,677.2913662585856,53.06737823331779,53.17799779387823,603.2945588231087,323.66951927542686,331.64373598992825,666.2427913397551,1331.6298369318247,156.9679006934166
662,1.42351515151515,17.77015,5.433715,7.434700729927011,0.866781300813008,12.5915684210526,0.846981937602627,12.605265060241,1.89510701107011,22.0300222222222,1.87099643493761,22.0375,42.2424444444444,4.54584824902724,30.2292894736842,109.25108414069496,30.481353750450804,37.94218709975236,60.33616585434817,60.603510133473,592.2249518334866,245.59907615184784,267.4258779734373,746.0566703230143,700.3411650657654,153.44982966780663
663,0.854398340248963,26.0196818181818,5.47469791666667,8.042208955223881,1.6112394557823102,15.769318840579698,1.61421351766513,15.7819701492537,1.7588246656760802,15.7668108108108,1.80482046979866,15.7709411764706,42.388999999999996,4.348234848484849,22.624217391304303,101.33179883061837,22.883086030306345,682.2218969687669,52.95276513400159,53.07559235280523,705.6432776153088,224.92101415991783,239.8778684437275,674.9077700078487,962.3840916901827,175.9487669914961
664,1.71581014729951,18.6342666666667,5.4587724867724905,7.38105,1.81143710691824,15.7197567567568,1.7801484502447,15.722999999999999,2.12617843866171,18.8058103448276,2.10739743589744,18.8069137931034,49.0268181818182,4.88793457943925,26.7582790697674,124.45265779608782,26.700723238215136,681.7550074097551,45.315398088633714,45.6721820033163,648.9744875580072,188.68418410420418,197.2348429262638,738.895358517766,447.5954454392195,179.88099716603756
665,0.846045267489712,28.0143421052632,5.46441062801932,6.0923670212766,2.37689256198347,15.786359999999998,2.40548588709677,15.7731506849315,2.234171875,15.720835616438402,2.20545344129555,15.727735294117599,63.331999999999994,4.8877887323943705,22.3317307692308,155.98958824770648,26.57251767405866,682.9119279720611,45.30106727120404,45.47044377741923,550.5992099642754,215.82990884780884,228.1040884554386,583.0981768667698,770.600838586688,186.18903122842312
666,2.31065306122449,18.631413793103402,5.45099456521739,9.73457142857143,1.76065753424658,15.774520547945201,1.7517622699386501,15.781203125000001,2.11349295774648,22.2072608695652,2.15874768089054,22.1958444444444,59.6318888888889,4.74863755458515,30.5757878787879,77.626231853416,22.795916188755644,37.66018980660483,60.594938370955305,60.74125955087426,742.1216927468777,275.310967117548,288.7645270675421,657.1863777935505,1093.206601217389,157.98560343682766
667,1.32924609843938,18.640181818181798,5.45838028169014,10.5588584070796,2.0264538606403,15.709985074626898,1.9517277676951001,15.7316764705882,1.82040778341794,12.6522666666667,1.76073225806452,12.6429555555556,42.27328,4.24808641975309,18.3710357142857,78.01216946867416,26.608264676684794,37.8439647115809,37.73942785002361,37.79956204370325,714.8853968828917,275.6396308541298,281.7719243466854,769.70593072474,708.7426725775003,202.56242714822292
668,0.788156999226605,28.014174999999998,5.48073394495413,7.35438888888889,1.7040968749999998,22.0785,1.58308588957055,22.1017708333333,2.3248779956427,25.3075319148936,2.31034080717489,25.281725,46.101240000000004,4.89406280193237,34.5674705882353,101.3309614225108,38.239446688220696,37.91912788721733,53.06735728631156,53.09275301235248,576.417800039053,243.17489005625248,254.62117046117785,902.1016303449869,2111.4664617925882,155.04942275583744
669,1.1798433451119,18.601703125,5.4189157894736795,8.74782051282051,2.0876883910387,15.5918,2.0764363636363603,15.6107846153846,1.7944465408805,18.821836065573798,1.81463138686131,18.8406181818182,45.535791666666704,4.480086466165409,26.642631578947398,764.7698643279587,30.390290202920774,37.6581752403699,53.02585684777473,53.10544271899836,712.4902680516243,219.7755966335535,228.28062064945698,676.0343443602324,634.8083727061749,194.0207090228796
670,1.1382564102564101,18.6137910447761,5.43194708994709,10.5588165137615,2.06790132827324,15.8329846153846,1.9108047945205497,15.823015151515198,1.58602773497689,15.7890410958904,1.60235812672176,15.793013888888899,49.1781904761905,4.264297071129709,22.5857083333333,769.5954196279449,26.605723379400644,684.0025859683825,53.00762714500685,52.93552713457067,696.2019950151443,323.62169586122036,314.04742039740086,908.2016069442034,1125.5276389420033,208.963081240654
671,1.98044091710758,17.8887166666667,5.41859042553192,8.03222377622378,2.03894696969697,15.6359863013699,2.06373936170213,15.6406428571429,2.47570600858369,22.101884615384602,2.4622254196642697,22.082481481481498,45.61908,5.00728708133971,30.4597941176471,759.8219329611392,30.512566158619677,37.740400300210034,52.89036117821144,53.02272490331741,568.7222350388765,217.88054145872593,224.62462075054646,668.2778708636761,868.2020008563995,172.77980223298073
672,0.94099419729207,18.6430169491525,5.47620320855615,8.09004615384615,0.996048034934498,12.6194042553191,0.999398788927336,12.626638554216902,2.35834199134199,25.3468292682927,2.31357256461233,25.3289782608696,59.505187500000005,4.81141509433962,34.606866666666704,86.20490082267305,30.58996147272019,37.97028473579508,68.25088314120023,68.40775403976282,609.1010756790638,240.42394943535328,244.58263069391248,765.4301822185516,1942.715561017394,161.94419004023075
673,0.9504243027888449,17.7513559322034,5.462301507537689,8.84798461538462,1.3263066666666699,15.730046153846201,1.31628620296465,15.735000000000001,2.86742696629213,25.1897272727273,2.5349734939758997,25.2036808510638,59.825578947368406,5.16836444444444,34.5161851851852,101.25800111233421,30.493892581219715,684.3350718767934,52.904545839996615,53.107273619008275,548.0786319822073,253.53408418595794,262.955529615283,992.6789440214633,2500.786306336522,151.2252725660801
674,0.8913927091963539,28.014380952381,5.45066355140187,8.03616666666667,1.61997452229299,15.72571875,1.79894736842105,15.714095890411,2.45060450819672,25.1897209302326,2.34223108384458,25.206347826087,63.1556666666667,4.82509090909091,34.499685714285704,93.38635524250928,26.624210641809523,37.71480128823315,60.408388959938,60.57727765326169,633.2637742161751,228.7629060447216,236.75085976719856,847.051665186882,1454.632030799985,183.3692193031311
675,2.66980387409201,22.3639,5.46441232227488,9.65403773584906,1.9453607142857101,15.6184864864865,1.9003118466899,15.631984375,2.4135062761506303,12.5634347826087,2.5467453271028,12.5801724137931,32.4940833333333,4.78036563876652,18.4028214285714,85.89695117039774,15.174934440130913,37.83984412550797,30.205073408611828,29.37877080483889,333.82722176611423,124.793266877532,130.547396838665,343.33979710936546,1110.6055695563555,195.583188906312
676,0.807220512820513,18.5892033898305,5.45330516431925,6.09522023809524,2.10663919413919,15.826499999999998,2.11144990176817,15.816120000000002,1.91993069306931,15.7161940298507,1.90365909090909,15.7201643835616,42.276037037037,4.429228682170541,22.522750000000002,759.1613757961679,18.927893799277353,557.4732643280039,45.323016204139584,45.378524781282785,591.501034796238,216.9809304177761,222.94651716947556,666.4405576884747,1960.8703907579181,178.29854041337967
677,1.10156107249255,18.5772537313433,5.47077127659575,9.44966,2.0817142857142903,15.8104516129032,2.0860081300813,15.7958082191781,1.9530746812386202,18.9038032786885,1.96964576271186,18.9207719298246,45.5998695652174,4.595777327935219,26.6681621621622,109.0666961936248,34.20661740310145,37.909744687829004,45.27560733476368,45.47586700913111,587.1927365660667,223.69436919689178,257.05592706799507,677.8285838663578,1209.340151399374,176.4441840350628
678,1.39856574185766,18.603921875,5.43614018691589,8.941749999999999,2.3278502024291496,15.859212121212101,2.3196230248306997,15.8575205479452,2.1310351201478697,12.640758241758201,2.10525091575092,12.6349879518072,52.6464347826087,4.61267469879518,18.591435483871,62.38608213563523,26.547590022887547,38.0039470579455,37.78556466508153,37.88768897074515,649.8659029603004,269.8801923543215,282.77067467570305,511.94909028708935,1861.927192658186,191.08359701931477
679,1.38456582633053,18.597328124999997,5.499958974358971,8.957914529914529,2.22811713665944,15.703352941176501,2.19357661290323,15.7027260273973,2.02929580152672,18.8864590163934,1.96460299625468,18.9013148148148,45.70412,4.63295238095238,26.8104878048781,195.677783129271,26.763493234479874,683.4616398124913,45.356741397497856,45.60124273977192,627.5740917772055,266.2859857082367,273.17479252815247,728.8574706763029,825.9837981313467,179.62707206606865
680,0.953468260511129,17.7606721311475,5.42671957671958,9.6206017699115,1.73116012084592,15.7956935483871,1.6876029654036202,15.801285714285699,2.101829218107,22.1214807692308,2.1078220502901397,22.0636326530612,66.1372941176471,4.69465296803653,30.753999999999998,93.4843131991759,34.25445781543374,37.92827390551284,68.27022596462784,68.49370492240055,650.5090743303299,280.27635999023914,285.6422681361437,756.7190565168858,888.2069960236549,171.75022512674332
681,1.34608436724566,18.6052388059701,5.46340609137056,7.4365652173913,1.66638411669368,15.7723150684931,1.6848192419825099,15.7769178082192,2.33468875502008,25.148390243902398,2.38721383647799,25.131608695652197,49.4254,5.02838528138528,34.7994482758621,309.8456482334511,26.574289887446096,37.50944678501137,60.32257904521572,60.37176638740111,697.6297125220299,279.5771695673466,284.2983230948448,926.0516613721848,875.1314133405685,177.22328193485737
682,0.8271097359735969,27.9942727272727,5.483,6.74101234567901,2.19829336188437,15.836931506849298,2.23768737864078,15.842953125000001,2.25228436911488,18.8783703703704,2.29832051282051,18.896655737704897,46.033640000000005,4.70593625498008,26.4555681818182,86.03445266345787,30.465134035878144,37.64913070510767,45.24566911064378,45.33145768517163,632.9722702503204,254.21269237995148,261.97428815066814,655.57393245399,1933.3004485815763,198.30511882901192
683,0.858473949579832,34.9450625,5.4517298578199105,8.100299212598431,1.62244549763033,15.68934375,1.6551280227596,15.689479452054801,2.50637526205451,25.1561162790698,2.48058653846154,25.166119047619002,65.86643749999999,5.03631279620853,34.9286764705882,85.76813217926473,22.821774402417496,681.8078883886443,67.99098759188085,68.27307995162302,804.2964618653059,253.4964121878147,263.6521589010954,585.9920755028725,1110.3591416031122,164.80907797813416
684,0.791810623556582,28.0066,5.47485427135678,9.49821487603306,1.6332599681020699,22.1585510204082,1.6587232524964302,22.1576086956522,2.2300782608695697,25.3956190476191,2.18961596958175,25.3785813953488,42.054125000000006,4.90488038277512,34.8037575757576,412.628474808574,26.626083832605172,37.76018109886606,60.53183585856723,60.70252601643204,574.6632814407349,238.17112669348717,243.04352700710297,825.9018417447805,516.3280759006739,172.3223365843296
685,1.23530733944954,18.632546875,5.454659898477161,8.03710447761194,1.68419970845481,15.694768115941999,1.69414727540501,15.687333333333301,2.6261743589743602,25.0826585365854,2.61237772397094,25.0749782608696,55.6484444444444,4.9869429824561395,34.6006060606061,770.5536398797249,30.32993672547197,684.2581575722896,53.11993514266803,53.02120356512356,569.3724844604731,262.0548941195011,277.23778039216995,762.1105294674635,1058.721449226141,158.43668952584267
686,0.8477629513343801,27.976860465116303,5.45440740740741,7.41492517006803,2.20865789473684,15.87724,2.1389882121807497,15.886138461538499,2.31490870488323,22.072372093023297,2.30178158458244,22.0464042553191,49.56,4.95895,30.793702702702703,70.28169763233524,26.65601544102045,37.86188408035919,53.106733980795575,53.114590328023894,551.3565614819527,226.71413607895374,234.45673286914825,603.6031059920788,2611.3190222531557,164.64777290821075
687,0.853505766062603,18.5971428571429,5.45795774647887,7.66083582089552,1.97225697211155,15.892916666666698,2.0164184675834997,15.8935161290323,2.44048571428571,25.2759565217391,2.39659598214286,25.2845111111111,45.657304347826106,4.90042647058823,34.5451666666667,86.07848186087344,30.54462812724118,37.791033796486786,68.29142706214705,68.45371963784095,666.7071022093296,231.28259927034378,237.78793402016163,843.5444440692663,1804.1990231722593,174.7818198055029
688,1.02796442307692,18.6318305084746,5.425601895734601,6.04250264550265,1.03729486023445,12.6405697674419,1.0913972093023299,12.642333333333301,2.28762523900574,22.0623396226415,2.3342975708502003,22.0738703703704,45.694625,4.82448319327731,30.4192051282051,85.83333514335285,22.85379969182323,37.75878704768501,52.94304405673896,53.076071852844116,693.0567789822817,296.9099208712578,304.63868752121925,748.9577401429415,1117.5890918821096,173.4668854624033
689,0.826363706563707,18.6106440677966,5.43993908629442,10.4408023255814,2.0192424242424196,18.9937543859649,1.98654104477612,19.0048723404255,2.0222105263157903,12.584180722891599,1.94657466918715,12.5854736842105,42.0654642857143,4.45626808510638,18.4597708333333,70.17619465094094,26.676766577028566,37.915086927221765,37.925502008173396,37.835064343866875,754.8076566308737,251.8474590033293,261.09544560313225,824.3908639997244,2154.537197202444,164.53126445412636
690,1.29960880829016,18.5991,5.4344381443299,7.39940816326531,2.1730301810865202,15.783000000000001,1.9887422303473503,15.7778356164384,2.35687385321101,15.65788,2.0920650887574004,15.7089078947368,45.72672,4.65554148471616,22.7046444444444,234.80491138334799,26.629592240792814,75.70078825530595,37.77693220177728,37.81520912188127,753.8724225014448,290.28188437223434,301.3202454894781,687.6847241073847,723.5563360154629,190.3410069644451
691,0.9983283720930229,23.2470925925926,5.4489222797927495,8.14604285714286,2.08681744421907,15.805867647058799,2.05828275862069,15.8089384615385,1.9022320754717,15.704323076923101,1.89415676567657,15.6965692307692,59.0914117647059,4.56065333333333,22.48922,390.3801492370728,22.804520506643687,37.81433725768308,45.487912852950394,45.44811496264796,704.5772392302752,255.05409575998783,265.0398761034012,738.1155621260405,1786.0841006040573,183.597719296813
692,0.877654995730145,28.0037857142857,5.46065625,7.40658064516129,1.70081135225376,15.786166666666698,1.71404531722054,15.7819538461538,2.17399616122841,25.3273095238095,2.1669065606361797,25.361,62.7202777777778,4.91128326180257,34.76965625,70.16035222923718,34.433525416381244,60.56906546471028,60.65359139622112,60.67098387669012,627.277884632349,258.8601317256689,294.6656197309494,920.7283146679401,2196.255140006542,162.19322569668293
693,1.29645584725537,18.6013275862069,5.43354028436019,7.31718055555556,1.70961011904762,17.3729,1.90550227617602,16.7777258064516,2.13335657370518,22.1908695652174,2.09055575868373,22.2133617021277,42.103249999999996,4.6694246575342495,30.5124,78.17477116334531,26.744681321892198,681.5106127337094,53.09006904759557,53.20389967124782,629.5803003013134,245.1213076710701,257.7712759375572,746.6714363545179,1589.7991601377726,182.62509256601334
694,0.919389175257732,18.6030746268657,5.48347959183673,7.31685350318471,1.94145084745763,15.727911764705901,1.92600561797753,15.7266769230769,2.14270074349442,22.1961333333333,2.15740442655936,22.200788461538497,49.1757272727273,4.85212033195021,30.534499999999998,77.83512153443263,22.828312816611447,37.8999222436019,52.834006799677454,53.14770861862574,766.4908189326525,201.6797661781311,219.15952675044537,904.1227865964174,1650.284044444561,164.90952111780643
695,0.831609120521173,28.0284358974359,5.43809345794393,7.9647196969697,1.9724667968749998,15.796,1.83148849557522,15.790945945945898,2.32015106382979,15.7008648648649,2.09451659751037,15.7015614035088,39.1575333333333,4.595636,22.2485192307692,163.5521926064121,26.50391185344056,683.5498768054149,52.78007026171748,52.8108373125548,628.3332128077745,247.52425961196425,257.4785612523556,902.9642678797245,1606.295770034194,173.21351915597916
696,1.4940211864406798,18.619888888888898,5.4894840425531894,8.69896212121212,2.1932433460075997,25.1286585365854,2.2428886718750003,25.1610243902439,2.76225659472422,25.1536744186046,2.80743455497382,25.1834878048781,59.212944444444396,5.1227247706422,34.3872,179.78173241771935,30.45727475900737,37.64383708431249,60.56992057232296,60.74986808737035,569.2696664482355,223.53827953338623,232.70556703209877,852.9659360647202,1549.859531223774,150.92589892446995
697,0.89993094629156,18.6173103448276,5.460390625,8.8934224137931,1.76936661466459,15.826347826087002,1.74097470489039,15.828397260274002,2.36384581497797,25.1148,2.365359030837,25.1152682926829,55.802736842105304,5.08369668246446,34.2957352941176,93.42670651769738,34.236662399971586,60.678016018941264,60.27213570100987,60.584600844104074,618.0277559906244,235.43843999505043,242.0075237751007,738.3387070149183,1531.2695875763893,179.590517655015
698,0.953298494242693,18.6113898305085,5.46244444444444,8.0804962406015,1.82083816793893,15.7336944444444,1.89148269581056,15.74375,1.7199510268562401,18.937868852458998,1.69542351274788,18.9253888888889,49.0185909090909,4.41068049792531,26.7105897435897,773.0779359391923,30.594433888990018,682.4544012092363,45.33849156838257,45.62009047379774,704.1044998914003,220.3908283263445,221.130158752203,828.266330063343,2283.882535994053,165.55017791688442
699,1.1811801432958,18.6157076923077,5.46427659574468,8.82656896551724,2.11332363636364,18.9136557377049,2.09874270072993,18.940592592592598,2.2355826086956503,22.032382978723398,2.20998056155508,22.0345434782609,62.9611052631579,4.65418723404255,29.7594166666667,70.06137141364873,34.318803778942375,37.85859241970597,52.82230196612757,52.9681061689049,616.4803169667721,245.12936361134055,262.8391608595848,668.3968473225832,1412.6539696007967,158.64167362451553
700,1.1294556407448,18.600275862068997,5.45638497652582,8.070736842105259,1.73949182763744,25.538311111111103,1.67553538461538,25.537285714285698,3.36844444444444,44.4395833333333,3.23652409638554,44.4323913043478,46.16224,5.73262359550562,61.529,93.76679735077109,60.96160337790281,37.8968771796949,120.5977953799792,83.2685271628052,850.2854034304619,427.2005055099726,437.69623152911663,1067.4824006855488,943.5628075152636,205.35080693662167
701,0.7505604395604389,28.012227272727298,5.4504850000000005,6.09718934911243,1.91471932773109,25.349975,1.86722653721683,25.3746666666667,3.6686607142857097,50.770695652173906,3.6512241992882597,50.7652173913043,42.5185416666667,6.03158620689655,66.62666666666671,758.6537711031945,38.17131245670073,684.9580813990569,136.48294558962164,91.2590109846215,1063.0740784108639,342.475064098835,352.2478975355625,1056.7534249275923,1300.4382140934467,139.14862647652626
702,0.8856037581699351,30.600230769230798,5.4618085106383,6.11098421052632,1.08828155339806,19.0074754098361,1.10779978471475,19.004381818181802,2.52665684210526,34.7477,2.60865,34.7264,45.427619047619,5.0789858490566,46.68548,754.0948595710065,38.04298706409412,37.80332996529877,128.28643105721864,98.4507716598922,812.0669517666101,295.4906318336725,300.5586564540863,906.1336982995272,843.2432543486357,203.22268828749657
703,2.20684046692607,18.611920634920597,5.46995979899498,8.840192307692309,2.0782452173913,15.8540303030303,2.12391552062868,15.8670806451613,2.0310794573643403,12.633989010989,2.0015291828793798,12.6509759036145,35.8548620689655,4.53648936170213,18.5283064516129,85.66009672503658,15.179819572503728,151.7811593031232,30.16113462116953,29.73939439935489,332.5178287923336,148.93338084220886,154.8275351524353,345.22111527621746,785.4900788515806,149.98260885477066
704,0.710465187923598,26.925,5.47496172248804,7.42609420289855,1.6891661341853,28.429487804877997,1.6437939297124602,28.4559459459459,2.52704395604396,34.9035862068966,2.47531545064378,34.876448275862096,39.227166666666704,5.04952657004831,51.1077619047619,85.65224955430249,57.302009183641296,37.97664770426863,98.41513170783868,75.84813364776198,1034.3235451728106,374.3266686797142,392.1912983059883,1052.912324666977,1317.0305639505386,132.3615200817585
705,0.800349825783972,18.61146875,5.45369841269841,6.0793389830508495,2.17543855932203,34.9452121212121,2.17059322033898,34.9299032258064,2.7851630170316297,34.839999999999996,2.6151654676259,34.8378787878788,42.4237083333333,5.349685,50.8354782608696,760.7673345797928,53.625274695596985,682.397904613291,106.06710422540894,45.41217102651305,1029.1086044162512,320.06665132939816,334.8726313561201,1216.406561434269,1793.661154806614,139.8433931171894
706,0.742941256830601,18.61346875,5.4411000000000005,7.35802877697842,1.5574681818181801,28.3298333333333,1.55565527950311,28.3476944444444,2.57073819742489,37.8679259259259,2.5865,37.894,45.6117272727273,5.2587397260274,50.8105714285714,125.11560180676187,61.43383627887801,683.0378491096827,83.30432119658815,60.782916991019896,1120.594935491681,316.00678339600563,327.7141135185957,1299.8093850910664,989.5589202642441,124.08522889018059
707,0.85493417721519,18.632875000000002,5.4554549763033195,9.86096330275229,1.5129370904325,25.3035,1.52903869047619,25.3098,2.9557464788732397,41.046851851851905,2.9848488372093,41.05375,42.531962962963,5.55912682926829,55.134,758.3298825988642,57.49078985682723,37.89030593745696,105.84380311018433,98.59659329606296,934.1198485344648,345.7289654761553,354.6515014022589,1180.6892696768045,695.5723743885756,202.27120257914066
708,0.848092923516798,23.6879565217391,5.4587190476190495,8.0154776119403,1.54348703170029,25.359641025641,1.66390173410405,25.3421794871795,2.32869762419006,28.430297297297297,2.1540543071161,28.4479444444444,66.1983333333333,4.66234274193548,38.6868214285714,757.4215280809887,57.217300931270614,682.9048662708132,75.67888682401076,68.33342178173311,855.8080065995455,340.8619202673435,355.91674968600273,1060.9271470457315,1272.755954414606,235.09222082793713
709,0.7803393135725429,28.027815789473703,5.43787203791469,8.84937931034483,1.6223005952381,22.355326086956502,1.57768421052632,22.374891304347802,2.7323802816901397,34.8649,2.7182301587301603,34.8684,38.6352666666667,5.36521266968326,46.4878,70.09881035475806,42.03098283101707,89.94602402838726,91.00070350221651,75.93624240275078,862.2755296528339,302.0528703927994,316.4331428706646,1060.3448376059532,2166.686952114105,180.35550601780415
710,0.936177944862155,18.6519375,5.4709648241206,9.286593495934959,1.60111092985318,25.2942,1.44025553914328,25.3014878048781,2.7437085561497296,40.9819259259259,2.68924942263279,41.013730769230804,69.4744666666667,5.52856310679612,58.965294117647105,70.10236229410704,38.14099023900664,37.84108116940666,136.17918750663247,91.0527202743763,1012.9204485565424,434.76447463035583,462.2497595846653,1211.3474775105715,1831.3719425350428,126.04738585650921
711,0.840970272502064,28.0231136363636,5.44699481865285,7.387929487179489,1.70866666666667,28.5093783783784,1.76000617283951,28.49635,2.81728254847645,38.0965714285714,3.1042192513369002,38.1116296296296,45.622285714285695,5.42185326086956,54.838857142857094,77.97833435754112,57.34861131970442,75.88816434446193,106.08346286271129,75.92414283336684,961.5916293114424,378.99897433817387,395.4872488975525,1122.4016081541777,2479.607379063964,122.90198355913162
712,0.837821978021978,27.9769545454545,5.48908585858586,8.0450703125,1.18048502304147,18.9116296296296,1.16308040770102,18.9254426229508,2.27045353982301,28.4535757575758,2.24202401746725,28.4459210526316,55.9412857142857,4.85852857142857,38.7432666666667,117.00353156719515,42.133191337461284,45.58542287185871,68.27381880419922,68.5061276494465,850.9313222020864,291.33460484445095,300.92839151620865,982.3104832321407,2083.1061992794275,195.03128714859486
713,1.0837412031782099,18.608874999999998,5.46234920634921,8.10315492957746,2.10421516393443,15.7903466666667,2.09844324324324,15.788452054794499,1.86510064935065,18.9024603174603,1.86252564102564,18.8973571428571,45.419130434782595,4.47728695652174,26.5785128205128,85.92336338501073,45.922002306909356,690.2401563811318,52.99851434091847,53.20651494724773,793.7157526612282,413.51038962602615,422.28023521602154,1062.6329109072685,1211.462588980794,240.03880098462105
714,0.83330576070901,18.657828124999998,5.47780975609756,7.5149285714285705,1.67536337209302,15.729276923076899,1.67280775193798,15.7347794117647,2.32275692963753,25.3357333333333,2.4775462184874,25.3319756097561,59.3523,5.06628054298642,34.7943548387097,622.2156214824117,53.688619500809786,743.3193913105174,53.08881397187417,53.20049193247389,739.598972722888,322.2305793315172,332.19303004443645,819.8371157050133,1628.2187774777412,201.44782029092312
715,0.9700343511450381,18.632265625,5.46870833333333,7.62398013245033,1.4595660146699299,18.9984821428571,1.43154862842893,19.0182459016393,2.42279513184584,28.325512195121902,2.45571070615034,28.3271666666667,48.9803913043478,5.08972146118721,38.9278275862069,762.6498403010926,42.050880414027276,75.95263828147986,83.34115584340667,76.1292261416185,647.0407824963331,291.7485311627388,303.2354637980461,885.9936147928238,1319.6739368140697,188.182620331645
716,0.818617378048781,18.604200000000002,5.44947196261682,8.0004453125,2.25873498964803,15.711784615384598,2.1961303418803397,15.705,2.20486888454012,15.7496301369863,2.21306153846154,15.7485555555556,63.144000000000005,4.70318442622951,22.603041666666698,77.766165697222,42.01830274364305,683.4814197282153,52.98276108770781,53.0964669256855,785.1062342524529,312.949949875474,322.8365909308195,1049.4311805814505,1096.8971066176891,223.6656378954649
717,0.7500461200585651,18.6096031746032,5.446671957671961,7.441920289855069,1.60958939393939,25.4935476190476,1.56280917159763,25.459534883720902,2.8309358024691402,37.993037037037,2.73660663507109,37.929500000000004,52.7204090909091,5.53965740740741,55.3150454545455,116.89890908805663,53.53275560001163,684.1248413782179,136.22219055327335,91.23793895575864,953.9697784930468,323.7233031541109,336.83511428534985,961.4021517336369,741.6697684675455,143.45240779221058
718,0.946404340836013,27.9897179487179,5.4519336492891,8.62752,1.08399484004128,18.9395818181818,1.0985419354838701,18.930140350877203,2.3094040632054202,31.7073333333333,2.2798688845401203,31.740944444444402,39.1249333333333,5.0281415094339605,46.860400000000006,352.4436951997112,49.80495799862414,143.55681770999968,90.94016283717792,75.77621687161259,800.7120341062546,272.97898195683956,310.9471872448921,1127.6273522526026,2775.6025549024343,176.39631405472755
719,0.807942879499218,28.0020465116279,5.4641608040201,11.909220000000001,1.18998552223371,18.954936507936498,1.17291113381001,18.959,2.17975106382979,28.595425,2.22798249027237,28.6217222222222,45.5667307692308,4.94224390243902,39.1008666666667,101.16187332665348,38.0642173612061,684.3013099729393,75.53225631998554,68.06780842340599,720.7895163446665,346.1034968495369,370.8438016474247,1131.8663600832224,870.1134007424116,219.75310519337654
720,1.0315971659918999,24.9071363636364,5.44763809523809,9.495579365079362,1.38386674669868,22.0825185185185,1.35997899649942,22.083163265306098,2.62499036144578,31.5646176470588,2.62561503416857,31.582272727272702,46.1217272727273,5.07621393034826,42.5141111111111,746.7818138229544,26.717322406076562,682.4613277107061,83.21278817654722,68.48011423896435,985.7624769210814,346.20403312146664,358.44938829541206,895.1573632657528,2149.50330555439,198.45091737806797
721,0.678333333333333,18.6200454545455,5.458364928909949,8.05075384615385,1.95131539888683,28.365951219512198,1.91891369606004,28.3765365853659,2.71260458452722,34.6633,2.67608673469388,34.7246666666667,42.5363076923077,5.3347487684729105,50.5997142857143,753.7830508852575,38.269654808559984,724.3524442419756,105.60866769056135,68.36180785000789,1267.378916963935,402.3812711238861,416.9636406004429,1152.767799794674,1006.0820728540419,136.57663948833942
722,0.795375189107413,18.6235,5.47506572769953,7.402149659863951,2.0814888888888903,31.4297,1.87538035714286,31.6278823529412,2.74151733333333,37.808600000000006,2.75101278772379,37.7848518518519,66.0236470588235,5.49427403846154,54.813761904761904,264.7919753103402,37.984697761152155,683.6588614098996,128.91693570211905,90.90457585888159,746.3677786290646,443.3845169842243,459.575979039073,1213.7192767113447,1832.9637125134468,136.65552251040936
723,0.798381628080657,18.613186440678,5.46112796208531,8.07482677165354,2.0980698602794403,28.3115405405405,2.14416858237548,28.3208888888889,3.03239210526316,37.8796666666667,3.0490434782608697,37.8624,45.8442727272727,5.66375742574258,54.5854736842105,754.9233904710214,49.69091407613175,22.64652110661121,106.12285006794166,75.84385144128709,894.2627348005772,307.82544054090977,323.8382749259472,1210.5380184948444,937.0632003992796,183.51227045059204
724,0.819508499630451,17.7592807017544,5.45707109004739,6.727836477987419,1.25752335329341,18.9688833333333,1.2829464068209502,18.9448245614035,2.6283925,31.590515151515103,2.6241171875,31.604088235294103,65.8996875,5.19307106598985,42.503499999999995,753.1092174488332,41.96939679180133,37.607012679917105,82.78738124554086,75.61712407123973,604.1715852916241,273.05344119668007,297.21278697252274,1146.3194619864225,2335.031423717737,192.13343039155006
725,0.882403225806452,18.6013015873016,5.4691421800947895,8.746481203007521,1.55988826815642,25.0899782608696,1.5537796352583602,25.0701739130435,2.7298244680851096,38.0123870967742,2.7024880636604798,38.0073225806452,35.4334827586207,5.40952551020408,50.810399999999994,766.5162728820999,49.68946317563588,37.68940588627035,98.39394742923243,75.98561516855708,866.3485758006573,275.67315846681595,286.5878865122795,1192.5161350518465,1271.1923569440842,189.58072178065777
726,0.785139296187683,18.634,5.10399523809524,6.3997621951219505,1.6668196147110301,25.2123414634146,1.70409,25.1970975609756,3.3911672240802697,44.237874999999995,3.3493758389261696,44.2317692307692,45.6858461538462,5.60146078431373,58.7369411764706,108.70673557527381,49.56211475410073,683.3140792074831,113.19636092535175,83.25654707920322,856.0476824641228,384.0892110019922,415.38598015904427,1047.4436916410923,767.0609280467033,110.52582412958145
727,0.824591224018476,18.6279322033898,5.47634862385321,8.06345454545455,0.83961757719715,12.5905301204819,0.869875288683603,12.6091234567901,2.25552551984877,28.2851842105263,2.2525836820083702,28.2855,45.5679166666667,4.98533189655172,39.337576923076895,759.8858383605383,41.90702922023749,37.80446279326845,75.67886164653825,60.47323020774228,804.0358778089285,289.29240070283413,307.55745247006416,1056.9804348051548,1032.8551288694143,201.86249166727066
728,0.806446,22.9985660377358,5.48645454545455,7.46572222222222,1.7846232558139499,25.3171282051282,1.79162652705061,25.3574666666667,2.73537765957447,34.8577575757576,2.714435,34.8874827586207,42.825160000000004,5.23085567010309,46.723409090909094,765.227592801999,57.43126599498442,685.5690716080506,151.29461618240026,91.28826488838577,950.5216497927904,321.97083346545696,329.05321568250656,966.6863363236189,1901.7086364328861,125.73911808431149
729,0.7642611885546591,18.59065,5.46050251256281,7.4205900621118,2.4536578313253,38.1117142857143,2.63053409090909,38.1115185185185,3.3840325443787,44.496,3.37840247678019,44.4801739130435,42.7162592592593,5.97174566473988,62.641529411764694,769.0826070057634,53.57808349310992,68.12811802366514,136.57228155048702,75.99451998806886,885.9680034220219,412.89525106549263,428.2059147953987,1218.2197533547878,2427.1949660032988,125.95066800713539
730,0.9125539906103289,18.605086206896498,5.17342639593909,8.60593233082707,1.55881679389313,22.029386363636398,1.58253957996769,22.01775,3.0313236074270598,34.842724137931,3.08090348525469,34.820833333333304,49.2329090909091,5.20984688995215,45.5654545454545,737.6519116129651,61.360754906509406,704.0267934749332,90.82917884660134,76.08187276764914,651.8414709717035,392.1288065612316,404.8522561788559,970.3875053673983,1032.1657173335552,225.23412480950356
731,0.861060816012317,28.0053571428571,5.4674714285714305,8.023236220472441,1.26882802547771,22.2531489361702,1.30981226533166,22.2358888888889,2.11903460837887,31.747343750000002,2.17884456928839,31.754352941176503,45.7043333333333,4.87575847457627,43.0557777777778,117.20217428112461,69.0194332357594,37.913356458793096,91.08426832755497,75.84551603809724,936.6103447973728,379.58063185214996,384.5512866973877,1164.1593184322119,451.7284221947193,205.96380345523357
732,0.879525063721325,18.616171875,5.45744102564103,6.15828735632184,1.75550842266462,31.6711470588235,1.7714206896551699,31.641147058823496,3.1057435897435903,47.3653333333333,3.04628779069767,47.3829090909091,49.2332173913044,5.543673575129531,62.580125,758.4876051282615,53.360602635002095,37.6984868730607,120.81387596026873,75.84127733507229,1087.7197608351707,351.3496834784746,361.3031003624201,1281.8179093301296,810.5249144136906,150.0070095062256
733,0.790982680722892,27.981619047619002,5.45379523809524,8.6619347826087,1.82084908789386,25.2865813953488,1.81209582689335,25.3118780487805,2.7121723300970904,34.8100303030303,2.72513348946136,34.8218965517241,42.08625,5.25238974358974,46.42812,70.01150105325158,42.22358257785427,694.059619627456,113.74587694809624,91.2352895145146,585.272116586566,295.33118940889835,304.39761467278004,908.6803067475557,2525.498950853944,215.9804105758667
734,0.939987623762376,24.0506734693878,5.4730478468899495,9.56376635514019,1.3815259165613099,18.9113770491803,1.38949932885906,18.934131147541,2.5699199999999998,35.055666666666696,2.59036385542169,35.0528064516129,45.6027727272727,5.20294088669951,46.81584,753.8793453274463,42.1070950794014,684.1145531187464,98.8418435276724,91.61782848494947,912.0230097323656,395.14400996267796,408.33079256117344,915.8582892268896,1207.18814432621,184.1698307543993
735,0.76306686701728,18.6184827586207,5.43442929292929,8.9161015625,1.65854328358209,28.6585135135135,1.73793730407523,28.653000000000002,2.47277358490566,38.152107142857105,2.47445161290323,38.142064516129,52.5225909090909,5.0794801980198,50.72625,757.5068667018095,65.32184138936678,45.62686999497077,98.69161028124725,60.94832119451113,1000.263262540102,395.27048356831074,408.18643756210804,1120.1477609574795,1816.2935506552458,168.15871931612492
736,0.828923416789396,18.58325,5.47027135678392,7.36348648648649,2.35679591836735,34.756225806451596,2.2936825095057,34.7256666666667,3.23677409638554,44.2531666666667,3.18482369146005,44.232625000000006,48.9637,5.530751322751319,58.4801111111111,755.0127308828122,42.20451685507766,37.73684276463576,120.9031665843923,98.67556060815407,1211.797958239913,392.046757042408,405.2647389471531,1293.2747136801481,2651.7494581639767,121.20590545237064
737,1.13663627546072,37.1094193548387,5.44626066350711,8.047822222222221,1.3420434782608701,18.998824561403502,1.3581691542288599,19.0234814814815,2.3128883928571398,31.605486486486498,2.30089112903226,31.608749999999997,45.7841818181818,4.78130530973451,42.897041666666695,108.94979078105668,53.746651912536095,45.44506342668471,105.94862236904844,91.00554032613357,862.0408363640308,339.8141823709011,351.523794233799,990.7064493745565,852.840906009078,209.113210439682
738,0.744033910533911,32.3252702702703,5.13724107142857,8.39169918699187,1.39266379310345,18.9810476190476,1.37581538461538,18.996736842105303,2.4113878923766796,28.2620277777778,2.46858894230769,28.2828333333333,49.005952380952394,5.04482203389831,39.0042413793103,769.8633765504508,42.066713999741786,683.2795767986757,67.95439328945646,68.41209043125943,912.3010095208883,281.31785802543163,294.26664113998413,723.7988524138927,587.6729264855385,194.70998086035252
739,0.847035205364627,18.614703125000002,5.44478181818182,9.55337037037037,1.60110697674419,22.1400925925926,1.58673907103825,22.1599375,2.5227037037037,31.549342857142904,2.52707627118644,31.565696969696997,45.6030434782609,5.12872081218274,42.6483703703704,756.4902173537517,38.22549537865409,60.69494855970721,83.37669194072345,83.50258242566584,858.5618808865547,347.11631014943123,355.5293660610914,839.6060205996037,777.0001422613859,202.6946283876896
740,0.840018092105263,18.6278166666667,5.46330729166667,6.75066666666667,1.0955170630817,12.7428461538462,0.97269146238377,12.737072463768099,2.3856013215859,28.582325,2.3908222222222197,28.5838571428571,45.914083333333295,4.9013888888888895,38.739148148148104,93.60674282483795,30.49593720342733,45.52116309273413,75.78082859243081,75.91179866767284,813.4122006595135,315.24752266705036,307.82222747802734,832.3451969772577,1303.7752825766802,175.61893910169601
741,0.774517884914463,18.599805970149298,5.47315104166667,6.12489772727273,1.5509935233160599,25.0616097560976,1.53253652058433,25.073282608695703,2.91562944162437,40.7753076923077,2.90916164383562,40.7811481481481,45.7847826086957,5.670670157068059,54.7652222222222,760.7879830672271,53.49861178103659,684.8358284494016,98.45271529407226,68.25106962032523,812.4316576868296,286.6453491151333,297.25832864642143,1057.6693806797266,2159.8840598016977,132.0193987339735
742,0.795636432350718,18.6070597014925,5.46396276595745,9.5727037037037,1.70403278688525,28.5735384615385,1.70150647249191,28.5013684210526,2.31006609808102,31.6670322580645,2.49130021598272,31.671459459459502,49.439,4.879458715596329,42.6844642857143,70.33164291273016,46.07193482620353,37.797635435654335,83.55740585744206,68.19118655311334,770.8307355642319,384.0852063149214,392.7435725927353,1123.1957003474236,1961.4791963249445,221.201591193676
743,0.9464475336322871,18.6130625,5.435210526315791,7.42663043478261,0.937955476402493,9.47894214876033,0.925800775193798,9.484066115702479,2.8059923857868,31.7282352941177,3.1185878594249203,31.7056111111111,42.286875,5.42355,42.711,758.8244728651002,34.351432114902416,68.37248951368235,83.65088948781694,68.55563631999333,904.7602768987417,264.42743837833405,271.6017886996269,961.8444833904505,1119.5409577339888,206.52329549193382
744,0.9694399075500769,18.6375,5.45294786729858,7.40973076923077,1.8458372827804101,25.236500000000003,1.7930674846625798,25.253358974359,2.76934594594595,34.7309393939394,2.79169471153846,34.7518620689655,45.92784,5.26140888888889,45.968625,124.98921877427534,34.40870568499074,75.92442762407357,90.44084900670232,75.78550648786151,712.4294061213732,278.37418019771576,290.56137427687645,976.3207286596298,767.7427027374506,195.4861916601658
745,0.740689869055824,18.6219523809524,5.45385714285714,7.37069594594595,1.50575147928994,22.168884615384602,1.5007459138187198,22.1700576923077,3.17807580174927,40.982319999999994,3.13730239520958,41.0515185185185,48.9756818181818,5.40020103092783,54.0482380952381,749.1756336446631,49.81285217056852,113.56580853074514,83.08878815504056,68.23742428759054,941.2459097802639,291.89675115048885,312.381936237216,1134.511549025774,940.5519813299179,205.00170066952705
746,0.7858062499999999,28.014636363636402,5.46615625,8.090729323308269,1.5370737812911701,25.0530697674419,1.50122795969773,25.0356956521739,2.6879602803738303,37.7093928571429,2.72137817258883,37.7137096774194,49.1400434782609,5.26659907834101,50.7811052631579,749.6848311449666,49.92448427743003,67.97681455116413,98.26065392214181,75.73745490139034,885.6398053467274,367.4684092402458,377.76101380586624,981.5908968448639,1294.2423112690449,191.64858385920525
747,1.0067337006427899,18.6107192982456,5.44683068783069,8.68655639097744,1.50347389033943,25.0858913043478,1.5250610079575602,25.0848604651163,2.01461391304348,28.4305675675676,1.9609904580152702,28.4417222222222,52.670100000000005,4.80305416666667,42.6315454545455,109.02364533241588,34.362077053154316,687.7883330993072,83.15210889173164,60.424478590499135,825.846754014492,364.37464877963066,397.43585512042046,1118.3204129338264,1261.895801872015,206.2138170003891
748,0.879502034174125,18.6265517241379,5.46358883248731,9.420545454545449,1.45506204379562,22.1771346153846,1.48573281452659,22.1779574468085,2.78457837837838,34.7554705882353,2.7049263157894696,34.7915161290323,55.840105263157895,5.52975428571429,46.7770909090909,78.13110832695216,46.01330533272606,684.628667038722,90.7295715772298,68.51633520398345,923.1496136635542,340.63314087688923,349.1233102977276,836.2893015146255,1203.4629005938768,225.7504966109991
749,0.855705783738474,28.0503421052632,5.45049,8.7112196969697,1.36252526595745,15.8288115942029,1.34774590163934,15.8214696969697,2.37798642533937,28.565634146341498,2.3542766393442602,28.5571951219512,45.611239999999995,4.91674893617021,38.592740740740695,78.15932196000962,34.3624925937852,38.03980050457095,75.9019146251525,76.07299011388916,747.6632483303547,416.6441038250923,399.63964372873306,1015.8992372453213,2126.0394249111414,193.11257638037205
750,0.862051679586563,18.624453125,5.4717806122449,7.392546762589929,1.3499769820971899,18.855874999999997,1.2351488372093,18.871213114754102,2.43778451882845,31.476200000000002,2.3849124726477,31.502303030303004,45.586749999999995,5.102904347826089,42.852037037037,179.91686474840506,42.09253554155305,37.850926032159826,98.23588023679702,90.77563821233635,773.4707091003656,343.8876010477543,355.8548167347908,909.4697888940573,701.3533730059862,187.2131135314703
751,0.8280193548387099,18.598578125,5.454329787234039,8.89999180327869,1.35419389110226,22.2132765957447,1.31775064599483,22.20375,2.69976377952756,38.2271333333333,2.75360096153846,38.236785714285695,41.9470357142857,5.5241626794258405,54.674749999999996,77.47243545839792,65.24822525322953,683.2077160689835,120.92145730919036,98.62089898774136,944.1051166504622,369.93687972426414,382.8490152955055,1255.1129329949617,1874.945405870676,147.55367301404476
752,0.920267857142857,28.0323023255814,5.45630964467005,8.7454696969697,1.7155568561872898,21.9295319148936,1.69579552238806,21.9354528301887,3.18158385093168,31.508382352941204,3.11047967479675,31.531129032258097,49.2198095238095,5.1897047619047605,42.508347826087,116.98628308933372,41.94981018917888,75.99456012596148,90.59539564127267,83.57470331688351,782.7904541045427,271.26031927764416,281.88801370561123,825.9676862508059,1539.3653884530067,175.65423622727394
753,0.8462565084226651,18.6240952380952,5.445296875,8.769316666666668,1.64390950226244,22.1436956521739,1.6266981664315898,22.1335918367347,2.5654538653366603,28.2996666666667,2.5816045340050398,28.2935675675676,45.6805833333333,4.95928151260504,38.257423076923104,117.17865363762361,42.17781398494372,695.1482020404223,90.71269853795205,83.53921600038916,866.6009176522493,389.4440829753876,370.2559042721987,887.0256133377552,1742.765260860324,190.05350768566132
754,0.731486560992419,18.5986567164179,5.45953723404255,8.78725954198473,1.87927472527473,31.478542857142898,1.85988168557536,31.5137096774194,3.01236010362694,44.1790384615385,3.23482769230769,44.1995909090909,55.751000000000005,5.74617989417989,62.673705882353005,116.75998204957574,61.087956360124814,693.4591270426354,120.6783354722848,83.374941149183,924.2651052772999,354.3656785041094,401.4361649751663,883.3822328597307,1548.985717818141,154.80569563806057
755,0.781180873180873,18.615421875,5.47711170212766,8.0592323943662,1.7905247376311801,28.58925,1.77554420731707,28.5925277777778,2.9483285302593703,41.27024,2.9142929292929303,41.2747083333333,42.318956521739096,5.47653301886792,58.198049999999995,85.92670133801776,53.691871880376226,83.4928174561868,159.14190353035448,83.2619759129258,845.2083449810743,343.5070626437664,355.7039890438318,1140.8874299377203,846.7902895063162,136.26478612422943
756,0.850176165803109,18.6401428571429,5.4678138297872305,7.35238513513513,1.63074244604317,25.2738444444444,1.63469904240766,25.2977105263158,2.41105164319249,31.683763157894703,2.42690307328605,31.7011666666667,42.1789285714286,5.19297260273973,42.923083333333295,406.6038630300901,38.28615482613574,75.6615038252456,90.75576766114841,68.38509445499864,737.9523478448391,380.8812703937292,391.38253778219223,1004.2205918580293,960.8466643840075,173.8864928483963
757,0.843694336695113,18.597083333333302,5.4629375,8.0226106870229,1.71193620178042,28.5492121212121,1.67130243902439,28.5587837837838,2.83597530864198,41.22916,2.83806896551724,41.23516,48.86723809523809,5.3847190476190505,54.7620526315789,756.8067047107144,49.92194775944393,687.7177537531933,121.38125369980484,83.71645076435247,1145.9059081971645,458.5603717714548,445.22578828036785,971.3064879179001,942.9121389985085,155.74232675135136
758,0.8826836964688209,18.597031249999997,5.44510160427808,8.717188034188029,1.3994568651275798,19.164333333333303,1.4252115621156198,19.200188679245297,2.7888393665158397,28.504324999999998,2.46982051282051,28.5299444444444,45.9679523809524,4.87258293838863,38.9513448275862,772.012790147834,38.11809232756056,37.91867364097945,75.58583421474455,60.89525373043598,882.3949377983809,277.1918661892414,283.1140533089638,917.1922225505114,691.7966529726982,160.99303029477596
759,0.866226795803067,28.007948717948697,5.46908163265306,6.77282389937107,1.58166802721088,18.942111111111103,1.4859245524296698,18.9201929824561,2.84803551912568,31.5564242424242,2.46662068965517,31.58175,42.3188148148148,5.073733644859811,42.650740740740694,755.339828024859,42.02315611932131,37.84701079072669,98.34690192512288,98.75561280503557,1017.6904033869505,265.31671173870564,281.51986189186573,899.1086389869452,2188.3920300751925,179.74660731852055
760,0.763280059746079,23.78626,5.13609433962264,7.06488275862069,1.55013509544787,19.040983333333298,1.5005919282511202,19.078,2.84565181058496,34.9524411764706,2.80282887700535,34.9542121212121,52.8114736842105,5.330402010050251,46.8391904761905,172.24007099976535,49.70767124222472,330.98928453160045,83.49524662971477,60.752894208911705,806.6766429692507,338.29882740974426,373.35180677473545,976.1017747223377,853.8139518350363,231.8387385457754
761,0.8151951890034359,39.033037037037005,5.4663380952381,9.51888888888889,1.7993537653239902,28.4494054054054,1.7967032457496102,28.4261388888889,2.92893908629442,37.8396153846154,3.17016519174041,37.8673703703704,49.314380952381,5.5034691943128,54.687904761904804,86.01109216629601,30.409862787723053,22.78405780868966,90.8228015961642,76.07377839153133,844.2854974418879,374.68564696609974,374.22669120132923,992.2716766595842,1032.6317511498928,135.7436180114746
762,0.908624669603524,26.989449999999998,5.43448148148148,8.0210625,1.85359855334539,31.537222222222198,1.8492918918918901,31.587818181818204,3.09464761904762,41.314344827586204,3.07157464788732,41.328269230769195,63.5420588235294,5.4193050000000005,54.925523809523796,132.71676352700806,45.93026427781522,74.99473129742495,128.7261369468534,60.63664912837315,1060.816179960966,332.1480471640825,346.54135815799236,1212.099427357316,2604.524279013276,140.2989961206913
763,1.06989143426295,18.6169649122807,5.46554787234043,7.3882064516129,1.95303159851301,25.443347826087003,1.96138047138047,25.4051395348837,2.51639252336449,25.1608695652174,2.40331818181818,25.14725,45.53952,4.897558685446009,34.723529411764694,757.4674112576819,53.53343604336682,339.8301964544795,60.61959298523581,60.7864541214342,821.2842512875795,292.9846290498972,309.28701162338257,679.4799584895372,719.3691097199917,194.83990035951138
764,0.834965299684543,18.616745762711897,5.47336842105263,9.49882795698925,1.70816693163752,25.2186086956522,1.84037147335423,25.2288918918919,2.48838260869565,31.657277777777804,2.60281012658228,31.709888888888898,42.966875,5.05564251207729,45.6075833333333,69.77141995011031,41.93972450513862,22.67234088700523,90.80999370049534,60.843340059490615,1101.6680393368006,374.0629181265831,393.75368505716324,990.7793253660202,2601.372776553035,143.41101050376892
765,0.761910256410256,18.62209375,5.45988829787234,8.77438,1.99352579034942,31.708833333333303,1.97091379310345,31.7347647058824,2.5944204545454497,38.0592222222222,2.64448409090909,38.0250689655172,42.3977083333333,5.44817894736842,54.766,85.73831592937205,53.514746955847876,683.2438770572425,105.41690586429394,75.74867937084677,898.3020670711994,413.17050345242023,427.69028805196285,1045.531639829278,1091.9055435806513,157.8537281602621
766,0.742364935064935,18.6212121212121,5.46298404255319,7.3354723926380405,1.88962523191095,28.3952631578947,1.90026325088339,28.3976,2.93426975476839,37.876000000000005,2.92127918781726,37.8453214285714,42.26684,5.36317757009346,50.5975,70.18811053776369,46.00185032757187,37.88658068040114,98.42132501380536,83.13135002182219,862.4876383692026,315.79933129251003,310.3078342974186,968.6656296253204,2542.24194213748,107.04840533435345
767,0.677148834429169,18.60846875,5.44759788359788,7.51545098039216,1.56937465940054,22.1011176470588,1.55629456193353,22.1104339622642,3.0049893899204196,34.724303030303,2.87631909547739,34.718032258064504,63.2058333333333,5.33501951219512,46.5382272727273,101.45070997842993,34.40965559473119,681.980383503315,83.25063285252762,60.76032984660093,691.3030054420233,339.5312000066042,353.6619711667299,978.7502698600293,939.9117901921272,212.68939599394798
768,0.8071382113821141,18.613666666666703,5.10893805309735,9.28698,1.31190702947846,12.6456444444444,1.29761930294906,12.6513947368421,2.7191951871657802,28.352800000000002,2.76350602409639,28.3578,45.490500000000004,5.11098660714286,38.687923076923106,756.590403742043,34.29533405712174,113.95221237040117,75.64891687584613,68.14528755743667,734.6682250499725,299.0191336721182,304.0510695427656,918.1312751024961,1381.158921867609,191.4402935653925
769,0.806220618556701,27.988,5.4645175879397,8.85581034482759,1.71082136894825,31.486000000000004,1.74004025764895,31.466878787878798,2.92213276836158,40.9951428571429,2.91967828418231,40.9790740740741,45.6074545454546,5.41193532338308,54.6628421052632,765.275416127051,42.02295361302744,22.685737134485255,106.11015231341217,75.8422116059714,931.2096517533064,331.1311826109886,344.7664901614189,1048.0947326868773,819.5680100470781,121.05596251785755
770,0.799824548192771,18.6176833333333,5.42954497354497,7.38347142857143,1.4976940509915,25.2356829268293,1.51210771276596,25.2007777777778,2.66566898148148,37.8001724137931,2.67216473317865,37.8020740740741,45.562124999999995,5.256595,54.7234090909091,117.41182443824219,45.917051894545125,683.928466289626,106.01724738250175,75.97652573786367,816.5384642779827,342.1694505959749,387.3538225889206,1134.1401375830173,846.8628395348787,106.33496567606926
771,0.769329439252336,18.613171875,5.4658391959799,8.72857264957265,2.3245665322580598,40.9756071428571,2.29005882352941,41.03196,2.74550670241287,37.7706785714286,2.74634948979592,37.8050689655172,42.036214285714294,5.37956398104265,54.9412631578947,753.0908033947874,41.94235593762938,682.3600379368273,105.76055048481773,60.51528926842825,834.792060777545,371.8865104019642,391.2572283297777,1128.9868969470263,1002.9452852904797,135.63819229602814
772,0.748327030812325,18.598906250000002,5.450846560846561,7.37704316546763,1.95292652329749,31.4792058823529,1.9506622390891801,31.47734375,2.59642212189616,37.7641,2.5584253731343303,37.7391538461538,38.492960000000004,5.40732075471698,54.8747647058824,93.74186899136194,57.50231407264596,683.0864081952706,128.33203418965655,60.72727958858184,1016.079168766737,385.3660076856613,438.4195897728205,1089.3770959228277,2551.6348890960217,139.49009589850903
773,0.7892037037037041,18.6228939393939,5.46557819905213,8.08062411347518,1.06494464944649,15.834651515151497,1.04266875559534,15.845615384615398,2.46003636363636,31.492818181818198,2.45335251798561,31.4680833333333,45.888749999999995,4.98143913043478,43.2824230769231,101.26532131967116,49.93324905061609,45.44240032287164,75.89231670293624,75.88501342168956,891.7663712054491,332.26553350687027,340.43281339108944,914.1403250396252,608.3625368773937,180.13310618698597
774,0.84773150887574,18.603734375000002,5.4637,7.36686301369863,1.3716329588015002,22.1552708333333,1.3029533492823,22.1558723404255,2.42143697478992,37.8990344827586,2.56319201995012,37.9900384615385,49.2098695652174,5.19757142857143,54.646333333333295,117.16337640538963,49.767951697139374,68.29614064957808,136.15684447830748,91.00155672534792,1009.3079414218663,428.75115759670734,453.01588252186775,1134.9914595484734,689.3568206578493,128.47608886659145
775,0.795005050505051,18.6234328358209,5.45669543147208,6.74099346405229,1.89391074380165,25.0250217391304,1.87624772313297,25.024760869565203,3.22499107142857,41.0135714285714,3.1596953846153797,41.00836,63.0877647058824,5.61553921568627,55.0343333333333,70.02982977986859,30.640882879708993,75.8233966641261,121.25824367522912,91.52168608211535,1005.4617188870907,333.1428859382868,343.73896196484566,1126.0323226451874,1764.1359940171242,136.87280006706715
776,0.82682,27.536099999999998,5.16958767772512,7.788150326797391,1.9929882583170297,15.833269841269802,2.0505638297872304,15.8310277777778,1.77243185840708,12.6787037037037,1.81735099337748,12.6761851851852,45.38408,4.23045387453874,18.70164,85.96099596520577,38.28029807460462,141.9629795532834,37.89962709380573,37.9748524585814,857.1065030992031,352.12202928960323,371.2298348546028,999.4345251470803,791.2686094641685,251.83428078889847
777,0.758497386109037,18.6201,5.480161458333329,6.79685625,1.33705889145497,19.039729166666703,1.30869796954315,19.041375,2.4903841336116903,31.5949473684211,2.45514414414414,31.566444444444397,42.0257083333333,5.15298642533937,43.0962222222222,753.8713761661642,34.26242274692368,686.6923135489332,67.92527200042683,60.544443067408594,713.8056680560112,296.0256766527891,307.81133100390434,978.3659595996141,2264.194004237652,221.77440114319324
778,0.87322528363047,18.621474576271197,5.11071794871795,6.414381215469611,1.8511806083650202,25.088365853658498,1.79249059561129,25.0943333333333,2.44032181425486,31.502696969697002,2.45025740318907,31.5236875,62.941944444444395,5.032163716814161,46.479076923076896,101.46191726468975,53.58833911602106,688.4422847673333,90.3973271690475,68.23647434650988,844.1440295428038,353.4605260938406,353.34439016878605,1294.7582174092531,2196.836844086647,117.51758866012096
779,1.47425654450262,18.6204137931034,5.4722155963302805,9.8802479338843,1.66899713467049,22.1864893617021,1.6558208333333302,22.215,1.76063190184049,19.0188703703704,1.7511976149914799,19.011392857142898,42.18068,4.456954372623571,26.7893023255814,761.0720396491378,34.226173235904895,683.5693327662925,52.959400903123765,52.97278723973685,852.870661765337,318.7349531799555,346.18135541677475,1056.067692115903,1943.9223688095808,201.7925027757883
780,0.786252039151713,18.6141724137931,5.446155,8.312253623188411,2.11692909090909,28.3338888888889,2.15829566854991,28.3558157894737,3.00760317460317,37.8522333333333,2.76407913669065,37.8632,59.367941176470595,5.2383168316831705,54.5970476190476,748.3244427135861,42.010402751189844,683.4899064033023,128.40570404138995,83.60116681693012,991.7344432324171,392.1207971870899,393.7867935746908,1038.7349873781204,1186.1090548336506,178.10347490012646
781,2.51933114035088,18.629627118644102,5.49193085106383,8.761,2.2489649484536103,15.6222575757576,2.25384581497797,15.635032786885201,2.34850328227571,12.5676296296296,2.4113613963039,12.5797195121951,26.047931818181798,4.727987903225809,18.6991612903226,70.4444875511197,15.19975648965158,45.378109804333285,30.235346690504464,29.44628167861159,323.094567283988,110.33727787435055,115.265604108572,324.5349507778883,812.9105437546968,195.1701007783413
782,0.8391797197032149,18.610084745762702,5.452835978835981,8.190496,1.61954531946508,28.2776341463415,1.62802848101266,28.2725365853659,3.0007343358395997,44.0237407407407,2.96792227979275,44.0387916666667,52.5027727272727,5.65722660098522,60.0193888888889,756.0150928435153,45.93744142895934,681.5942679996349,128.97748335806847,99.05266498047529,1128.8587003946304,363.58870565891266,386.1640579998493,1289.4359417259693,1590.1089180260897,151.2379851192236
783,0.8702801755669349,18.604380952381,5.45755080213904,8.0458,2.05177419354839,34.6934705882353,2.12087867647059,34.6931034482759,3.55026213592233,47.217909090909096,3.19680332409972,47.2295,42.44624,5.79095431472081,66.8690625,109.13440371484876,41.79565826560988,37.76780607156613,189.11791740331543,98.73077221516395,917.703565210104,360.2313343435526,384.03766229748726,1090.1932138949633,2295.3927982598543,121.01265601813793
784,0.674777993527508,18.5711166666667,5.43321025641026,7.99339583333333,1.35930566534914,15.751584615384601,1.37310026737968,15.750109589041099,2.29248368522073,28.5214,2.2839024390243896,28.558750000000003,49.2206363636364,5.005000000000001,38.6524666666667,77.6312763910145,42.03338013403479,45.43674028017765,75.47626679180556,75.96834635390725,772.8850468993187,329.5311704277992,342.1845845878124,1060.2195281535387,1284.9655468016863,212.35328167676926
785,0.83632100591716,27.990209302325603,5.45553191489362,8.92717910447761,2.1026611909650903,34.41525,2.09802830188679,35.4783103448276,3.1529708994709003,41.13575,3.11892950391645,41.16964,45.5608,5.65463684210526,58.5345555555556,453.6977840616129,61.318624736388074,682.1729012917787,128.76455283938074,98.93536255799614,978.3060755580663,401.23523212969303,420.84166780114174,1130.2439495921135,1015.6068485230207,134.75334271788597
786,1.0956298031865002,18.6202881355932,5.46862857142857,7.39844604316547,1.08867796610169,18.9133770491803,1.1199309338521402,18.910894736842103,2.1822352941176497,28.4356097560976,2.18063167938931,28.4574210526316,52.1194545454545,4.58971308016878,38.64276,93.39731662677288,38.28210439905852,134.88461098475963,68.22631727281137,68.2732189707185,678.6642130464315,328.1559329479933,333.64896662533283,909.6298832446337,1215.2692768722773,195.15403546392918
787,0.685667898952557,18.6247166666667,5.45678723404255,7.39499319727891,1.88455987055016,22.1020408163265,1.8910990259740301,22.1279361702128,2.18890476190476,25.2392127659574,2.1493946830265798,25.241441860465102,42.2265,5.03402654867257,34.7933529411765,116.53476804119332,34.482160506785945,37.776671382671545,90.82861959339832,68.30994914743012,710.9420374035835,347.5290723145008,373.327499255538,974.8311713337898,2154.5146126300097,199.59723576903343
788,0.751361147327249,18.602931034482797,5.42381308411215,6.08367597765363,2.09908055009823,31.5082222222222,2.0969789473684197,31.49128125,3.16239076923077,40.9403333333333,3.15159509202454,40.9334615384615,56.9495555555556,5.538599033816429,57.4144761904762,70.13791638732367,49.77429636901062,22.708436813068055,106.01559129502455,76.05677774587731,949.7047867625952,373.76033142209053,392.52061396837234,1132.2930455207825,1789.7294834256172,143.14111322164536
789,0.952048167539267,18.6005666666667,5.47461256544503,7.44424637681159,1.85828805237316,31.535999999999998,1.84065045045045,31.515676470588197,2.9191867816092,44.1645833333333,2.9856155844155796,44.168961538461495,45.9,5.60792574257426,58.8694444444445,77.67604283281943,60.992934763194555,683.2237920367187,113.1670580136502,75.9890430818308,1223.21299277246,387.45286874473095,403.54342199862003,1044.3140752613544,595.635361969471,128.87218035757542
790,0.751390378006873,35.5148,5.47816666666667,6.7086198830409405,1.13995332671301,18.933049180327902,1.1216834061135401,18.952537037037,2.22485659655832,31.6268157894737,2.23855030800821,31.6196578947368,52.55915,4.77969166666667,43.0186086956522,155.78957691355865,42.061697167910445,37.847996911615546,83.47812958165967,68.33497394121696,761.8297822773457,345.6109669059515,355.365127325058,1129.8870667815208,1458.3748299628496,183.32768231630325
791,0.745315892740353,27.9796363636364,5.46507978723404,8.827016393442621,1.79711519198664,25.2564651162791,1.79568706293706,25.2476744186047,2.65860880829016,28.3027317073171,2.65233777777778,28.3319268292683,45.5285652173913,5.10438,38.2744,124.76043941076011,49.44174845214897,45.411496224805376,75.70802915462636,68.0718662845565,985.8513250946999,401.12477727234364,416.5905062109232,914.1586720943451,861.6985753178596,209.1364935040474
792,0.802694267515924,27.9977906976744,5.48368617021277,10.366019801980201,2.0829065040650403,31.7671891891892,2.01819964664311,31.756515151515202,2.65924418604651,34.8379411764706,2.68215710723192,34.8219666666667,45.693,5.34622335025381,49.545681818181805,757.9865866214479,45.35570472535783,182.51023572313676,119.45663650349015,74.80445130046915,894.7975467890501,377.3198928683996,410.30319407582283,1054.6773672103882,1526.367338374257,132.2214026004076
793,1.36839543726236,18.6208095238095,5.45852132701422,7.332535714285711,1.6938673469387802,22.050914893616998,1.6106741741741701,22.0929166666667,2.6135194508009203,31.577848484848502,2.6592868217054297,31.5525294117647,45.766200000000005,5.095157142857141,41.855037037037,200.7147811910694,33.77690082679756,681.9937910342951,82.8762141026757,75.16925172705525,967.8661357611418,397.65210822224617,417.7807830274105,846.315361559391,878.1672455370426,190.16722217202187
794,0.9974647651006711,18.7593050847458,5.45692063492064,9.43675229357798,2.21268571428571,31.711468749999998,2.2667155756207698,31.67578125,2.8882408759124103,38.0296428571429,2.82185405405405,37.9176296296296,63.498647058823494,5.36952879581152,49.32925,759.3733176499378,41.616759379176656,22.567740421234515,126.44660219769966,67.07691870070194,870.9283079952002,333.8392823934555,359.35454070568085,1050.2250399440527,2295.5534048378468,136.4137977361679
795,0.798559717314488,18.61265,5.41663297872341,7.3708417266187,1.75394453004622,28.5101,1.78548761609907,28.43925,2.6358820861677996,34.6129333333333,2.67973544973545,34.5813333333333,39.020214285714296,5.25959375,46.917727272727305,93.06267135421896,56.85641969080549,684.3078584813553,90.1224712242349,60.30802907712249,1091.671409085393,319.88518312573433,343.10980699956417,1126.0312516242266,2062.8441590815783,155.45622445642948
796,0.831515676567657,28.0019736842105,5.20198214285714,9.33711504424779,1.7181541850220299,22.094076923076898,1.7015070643642098,22.1212790697674,2.97019186046512,31.680514285714295,3.00955248618785,31.7001176470588,59.4365,5.23444444444444,41.7443928571429,116.03785634250823,37.82064813133751,522.351596415683,82.49911627803442,74.97663092774847,730.5262610316277,333.55955965816975,342.40721724927425,1040.8807080239058,1882.1201752871275,205.34200593829155
797,0.856205108359133,18.6212033898305,5.42435211267606,8.05563,1.52164264705882,22.1632075471698,1.6495267175572499,22.152653846153797,3.04160465116279,41.1246428571429,3.01668503937008,41.160875,63.265687500000006,5.60673711340206,58.6014444444444,77.01427656942667,30.167492530017412,44.73477054496776,89.83502618734529,67.44240140889926,1000.0618640333414,360.03636196255684,369.6816973388195,1036.0829997807741,1555.0705138593912,153.64629216492176
798,0.6816653992395441,24.7016363636364,5.47734761904762,8.350512195121949,2.84130277777778,37.824999999999996,2.7604356955380602,37.901629629629596,3.45464057971015,47.504380952381,3.3377929936305697,47.475500000000004,66.7447333333333,5.3393977900552505,62.0019411764706,757.5876580226548,37.9757243540969,81.95295547041238,135.3743688139572,75.30923539003935,1147.9538399726152,429.9851134419441,442.987447604537,1218.9568486064672,1006.6026356071235,83.81488732993603
799,0.681192587690271,18.9343518518519,5.39976732673267,10.2987304347826,1.43735893854749,25.15525,1.4543055181695799,25.157,2.51005080831409,34.5329032258065,2.54177855477855,34.5327575757576,48.7694545454545,5.23251583710407,50.6699166666667,131.005624748379,60.72210892508825,67.43158895214866,97.15207381801252,75.32132802414424,755.2364375442266,420.2272742986679,446.3442135602236,1190.2852449566126,756.6995453089476,212.52832375466824
800,0.7194590049053959,27.9905476190476,5.42844919786096,6.118827380952379,1.41872883597884,25.219,0.34318173963133597,3.13080409356725,2.40550117096019,37.837629629629596,0.32563162368943005,3.12070516717325,42.362037037037005,4.93026511627907,48.934818181818194,754.3001179293587,56.897186998591984,33.897992137029505,6.797015559741386,97.73634083793438,915.0432888418436,204.877695068717,410.3860352188349,1096.1471125483513,1680.454332381487,91.46160446107388
801,0.682994065281899,32.7799166666667,5.47239583333333,8.18167123287671,1.56190450204638,31.497,0.326941064033132,3.11805464480874,2.3402133620689702,37.7652903225806,0.320098129408157,3.09163031914894,49.2035,5.070663507109,50.488952380952405,100.19638692329609,53.08726991762124,34.009491716022765,6.781172404604732,75.3376290900711,954.4192813336849,245.38254365324974,374.62450563907623,1032.6939169317484,901.1911228299141,98.09969924390316
802,0.833633431085044,27.9702142857143,5.46776712328767,8.01337,2.06007212475634,37.8458333333333,0.34948038585209,3.0828438438438397,2.7611410579345104,43.9684444444444,0.34517553908355797,3.063744,45.7039090909091,5.15790783410138,58.6801,286.750714352482,60.80991680943272,40.73961716942097,6.757865486048769,196.5335171641787,824.7910533100367,213.82952108979225,362.53719590604305,1275.8757453411818,1422.7182604372501,107.59737342596054
803,0.640517593643587,18.5820625,5.4639999999999995,8.0609014084507,1.8739610619468998,28.4748235294118,0.5811052036199089,3.15947826086957,2.4880625,34.7699,0.57328719346049,3.1432456140350897,45.6856363636364,4.898425339366519,46.506,582.85424878777,52.719282782555084,61.38392345335058,6.787287912945974,67.8039242562101,970.20766697824,123.94534423947333,415.1852335780859,1227.39071957767,1120.6098832190037,80.849789083004
804,0.43236907216494797,18.6266666666667,5.42573958333333,8.02409,1.67191703056769,28.2965555555556,0.41757664233576597,3.1229972375690602,2.68455140186916,44.04972,0.398702376966856,3.10604285714286,46.0057272727273,5.484461538461541,57.7426315789474,301.5645622380845,49.23709198891751,61.27438558821139,6.784297184481479,157.9620442229663,930.7327680289745,219.86239589750767,433.8894970715046,1362.9452791064978,831.0715667903423,131.37441128492355
805,0.658383333333333,18.621380952381,5.4563670212766,8.725780487804881,1.60264896755162,25.26595,0.5386937755565651,3.1199970326409496,2.08179130434783,31.462156249999996,0.478006636250518,3.0989946091644196,42.4293214285714,4.62148672566372,42.3233333333333,108.57144145632166,48.9927298035445,684.6187561798192,6.760105094432739,59.99402290255446,1151.8713552504778,90.72576649487019,381.19303062558174,1222.9747604578733,2662.3671408742666,73.41629825532436
806,0.432365884325231,18.6189310344828,5.447238578680199,7.94802068965517,1.8570641247833601,31.378939393939405,0.419751169715015,3.10203886010363,2.87838016528926,43.8694782608696,0.389762285714286,3.08324545454545,48.929,5.46783333333333,57.8384736842105,750.3710812693186,60.86024712604869,40.80986343971831,6.7785998885984355,98.07526712003553,906.21467679739,274.76418763399124,441.28638692200184,1127.2502597421408,1235.02011410892,87.81906217336655
807,0.5803563151796061,18.612265625,5.48379329608939,7.33870512820513,2.0662985865724397,34.7286,0.295223622910386,3.14535964912281,2.6313758241758203,44.0854090909091,0.276716106604867,3.1274246153846197,42.3653703703704,5.358154205607479,58.7008333333333,756.447362702547,45.34592077184083,759.3174961661176,6.797777534680825,105.77972130024406,972.644379362464,140.37764631211758,411.8112847208977,1126.7006397247314,827.3523300886154,91.18281304836273
808,0.674532544378698,18.61971875,5.46097860962567,8.07294444444444,1.71153422619048,28.614432432432398,0.301265857973212,3.14777602523659,2.5186731234866797,45.86672,0.286357071713147,3.13575543478261,42.1224782608696,5.33614418604651,55.187,753.5176608061296,60.68744524480003,54.5838305009098,6.786357069133493,105.85909419284675,958.1342805176973,257.1592107415199,455.9176042675972,1266.9390067458153,929.8049844801426,122.75450862944126
809,0.5567432432432431,18.58671875,5.426693396226409,8.65449586776859,2.05694871794872,28.6364,0.612356132075472,3.14885093167702,3.1796703601107996,44.2875555555556,0.569103346456693,3.1307781155015197,46.1755909090909,5.69281666666667,57.2068235294118,116.16786275616117,49.156476105327165,41.035388376604395,6.805325317313524,104.63605226932384,867.0257404446602,272.92114682495594,425.1365549862385,1285.6008484959602,1073.6215859651566,112.12415993213654
810,0.586269644779333,18.3931904761905,5.42925,8.10969841269841,1.6109116409537199,28.3224047619048,0.371726800778715,3.11199696969697,2.5335318627451,41.0218148148148,0.370428616953474,3.0948734939759,45.889359999999996,5.0140599078341,54.938333333333304,752.3107871743719,41.17225582690229,683.3640813218286,6.760063438180746,75.30450415340961,959.2911694198847,224.89898838102818,408.7490029633045,1031.9112800061703,1329.756062477827,106.67662136256695
811,0.562870333988212,26.2377857142857,5.45401587301587,8.7809037037037,1.55856297420334,25.1603720930233,0.432875497215593,3.11152121212121,2.54776722090261,37.765172413793096,0.40389281726832904,3.09544864864865,42.396740740740704,5.11235323383085,51.0193043478261,756.3064196545555,56.950531485046255,682.9103194053944,6.775754937493683,120.22477629311022,899.252388626337,243.84679272770882,362.88038827478886,1292.8108219057322,1365.1956804096699,102.64529846608639
812,0.69379748603352,17.8347230769231,5.48319387755102,8.7200325203252,1.5979101978691002,28.424236842105298,0.440996280991736,3.10807407407407,2.02608741258741,34.722424242424204,0.42936549239391497,3.09521533923304,44.991173913043504,4.7397601626016295,45.735916666666704,755.3166502305459,56.758565463887905,683.7112593741974,6.7718192754950515,82.81866793618157,826.6384247690439,113.05534280836582,422.6541146636009,1042.280439287424,1069.7915218770504,79.97527718544006
813,0.617035244608101,18.6061333333333,5.48612857142857,7.35886301369863,1.46530352644836,25.0653720930233,0.37373264781491,3.10288217522659,2.6974869109947597,43.971521739130395,0.361594661046716,3.0907329545454503,52.225454545454504,5.4603738317757,58.8863529411765,758.251858061385,56.92583003274694,681.0130336821057,6.7746529820010695,90.35764414572019,980.6466288864613,201.795669272542,385.86114533245564,1280.2752200514078,1515.6807843595743,95.64943611621857
814,0.6412276887871851,18.61475,5.486326530612249,9.877446280991741,1.36815829145729,21.852085106383,0.320307116104869,3.08570350404313,2.66357208237986,40.7226071428571,0.307263992816522,3.07644144144144,42.0313703703704,5.07386607142857,54.4612,541.4126495844491,53.08341096433195,698.4404747251463,6.757701625605676,105.32711503556752,962.1569886803627,88.83769623935223,456.0330882668495,1205.956842750311,2789.965597912669,79.94365878403187
815,0.5954173957797221,18.625813559322,5.45885204081633,8.80870689655172,1.50726218708827,25.4272,0.449930656934307,3.1712202380952403,2.6185079787234,41.2924782608696,0.43986117467582,3.1630173913043502,59.56295,5.33928795811518,55.0925,123.92640856224104,45.43096329329436,684.0873505718648,6.810757161439875,83.0264436157082,916.6955482214689,221.4695792645216,379.7527402639389,1043.715700507164,1329.7994621098042,106.24849237501621
816,0.593030796048809,18.6166363636364,5.46127127659574,8.85204310344828,2.3475125284738,37.8415172413793,0.566184365781711,3.11674545454545,3.3837599999999997,51.1399130434783,0.538628968253968,3.1087515151515097,55.7548095238095,5.68975238095238,66.7181764705882,759.8597658272122,56.741098263853225,682.8084788052049,6.791086681380423,113.4510542175307,950.1016698777676,198.18423315882683,470.25266103446484,1442.1799685806036,2081.0477435588837,93.35358627140522
817,0.66023497917906,17.737616666666703,5.42532727272727,8.03859230769231,1.7433811074918601,31.480375000000002,0.403153049482163,3.09172972972973,2.05934168157424,34.6352413793103,0.393634112792297,3.07237425149701,42.04144,4.81667117117117,46.758391304347796,586.0216693303161,52.948962200058304,685.8093215998834,6.767053679880914,67.93130327312166,984.690897166729,90.28050117194653,388.4087782353163,1272.2109444439411,2494.849404320121,82.32397958636284
818,0.749437047756874,18.6220677966102,5.42743438914027,7.36931654676259,1.62525558659218,31.4285151515152,0.30813711201079597,3.09943674698795,1.99045833333333,34.6430588235294,0.30053018108651897,3.08151796407186,42.126000000000005,4.64501960784314,46.18208,748.3032537697806,64.33911954581905,683.6260777558476,6.766325810231856,60.183509118478575,891.5836457163095,188.2703509181738,371.6033883392811,1123.3730241656303,1189.0739668160677,98.2615165412426
819,0.560920504120213,23.77536,5.571625,10.4392828282828,2.02096816479401,28.6051944444444,0.6695309427414691,3.16360766961652,3.0872874251497002,41.2981428571429,0.656968542044767,3.11902424242424,42.351851851851805,5.4714039408867,54.4778571428571,107.91817785510992,56.5517061871979,684.737117835839,6.780122541425002,75.04146135266438,1059.345854446292,95.03494948148727,472.441827878356,1191.0182889550924,2860.4266699403524,70.11173292994499
820,0.668420085731782,22.372037735849098,5.44458767772512,7.36663461538462,1.75836704730832,31.559972222222196,0.268974673629243,3.14626038781163,2.65714728682171,44.1238076923077,0.269419824399261,3.12616483516483,45.942807692307696,5.18816326530612,53.842,750.5081776918843,45.25814682718167,681.6060359568266,6.7748843478618,97.60684172198481,1027.6583023369312,212.12087012827396,394.670944660902,1195.8180461078882,754.4505409896374,98.00908155739307
821,0.660583237657865,18.6170625,5.45928191489362,8.091389999999999,1.4669651810585,25.1846829268293,0.369499829642249,3.1345398773006097,2.15272134387352,34.5123666666667,0.3539384667115,3.11478108108108,62.727444444444394,4.9465643564356405,46.07004,318.48020376648003,45.43378371764297,54.4895580260691,6.783881130816147,67.81147352416028,1228.086743503809,206.44189789891243,413.4736955165863,1395.5160975456238,1845.6789199262857,102.63458825647831
822,0.709743958197257,18.342109375000003,5.47487234042553,8.681434782608699,1.6861381475667199,28.433075,0.401689898198904,3.15852012383901,2.53126351351351,41.4090769230769,0.39944444444444405,3.15491594202899,45.840333333333305,5.19512107623318,54.261700000000005,123.62354188646347,41.46254833747234,54.63260039078983,6.799593074697182,75.3386949203129,1014.558970928192,139.2683945596218,400.58488957583904,1178.2897170633078,911.7378387600183,94.61529552936554
823,0.491406779661017,25.994,5.47309644670051,11.2664901960784,1.59303596127248,28.2555135135135,0.30706625074272104,3.13950862068966,2.34988793103448,41.06912,0.296170492648955,3.11651498637602,45.043739130434794,5.11392105263158,54.5726363636364,752.211030656823,33.883810237428335,68.02352161061137,6.78213598799572,97.78565858223044,1046.1234021931887,116.65611527860165,385.9463147819042,1148.4426446259022,1261.882809922099,72.72963412106037
824,0.165050251256281,18.6121333333333,5.55202857142857,7.48640689655172,1.8841813186813199,31.4062727272727,0.5119986749116611,3.0961478260869604,2.4751935483870997,37.785571428571394,0.49934820683903197,3.0811706586826397,52.9524,5.140149122807021,50.75845,752.4071177600318,56.6350212294438,685.8373231134511,6.760298605033425,67.68731218983247,951.9821032881737,224.33027625083923,400.1299384981394,1027.2241197526455,2002.5143399834633,95.12817487120628
825,0.567964912280702,18.457156249999997,5.45482775119617,8.101668918918921,0.815913663663664,15.621513157894698,0.233406593406593,3.10169321533923,1.9692713310580199,34.5150333333333,0.22294812925170102,3.0830687679083097,45.4212692307692,4.7289306122449,46.72792,232.73918003945985,56.82918227556856,27.078703349388288,6.772302802791917,60.20745648592459,723.4179880470037,117.81989596784115,345.1881464570761,1041.337614879012,850.7223334163427,81.03051222860813
826,0.816207642393655,27.786511627907,5.47797448979592,8.129176,1.61468571428571,31.708617647058798,0.276393860066635,3.14524117647059,3.04921808510638,47.5177727272727,0.262381925522253,3.13523684210526,45.8777307692308,5.595936842105259,62.6840625,752.7839007138667,64.24301512885644,245.86236962821306,6.7865520507559145,90.19332322731945,782.7295456081629,265.65054431557655,433.7090998888016,1181.248901411891,898.1667924672365,132.39560648798943
827,0.6650952380952381,18.6159482758621,5.129452261306531,7.85816788321168,1.96208163265306,28.5979,0.545547974413646,3.14177708978328,2.7716927374301696,34.5984333333333,0.535540581929556,3.1294908536585404,45.96075,4.84939512195122,45.8641363636364,757.7403480546986,60.792019516994706,683.6909595038219,6.805943279377829,59.939899076800366,1010.8186863362789,175.37795938551426,417.43884794414043,1184.8700232803822,1587.2367192059755,95.54410353302956
828,0.640327896512936,18.623775862069,5.4298461538461495,7.37946153846154,2.12190062111801,34.5595882352941,0.46070160000000004,3.0759386666666697,3.13272144846797,47.1510909090909,0.45600573951434903,3.05836182336182,49.1170476190476,5.59959708737864,62.6448125,107.76773032327328,52.961506376380825,40.62483447932671,6.732023793989372,135.03827884970914,1072.657946497202,262.2690051794052,431.9676663726568,1335.8214404433966,2065.7312124967575,106.28998279571533
829,0.6945644578313249,18.577644067796598,5.42578947368421,8.80716379310345,1.5328377659574501,25.227175,0.30038325991189396,3.15903353658537,2.55857857142857,41.0925714285714,0.29137969924812,3.14449541284404,49.424608695652196,5.26127188940092,54.7661904761905,755.9288390535377,49.14457954893084,67.87317839983932,6.78217550185299,82.84833330159799,876.6046725213528,245.2609594911337,381.99489936232567,1096.9627648591995,895.8944119513035,101.75919160246849
830,0.6978310854206811,27.967,5.49891443850267,8.100100000000001,1.71335087719298,28.2876428571429,0.417141482965932,3.12386945169713,2.9696840796019903,43.97484,0.417788386593921,3.09557228915663,45.813166666666696,5.62045641025641,58.64835,331.40652018704304,56.79794289191991,684.1969472318232,6.751279347370745,181.511812563533,907.1431122720242,220.80596536397934,414.8517269641161,1188.323087990284,750.8386857807636,88.48481811583042
831,0.666283214517174,18.7116166666667,5.43922335025381,7.422224489795919,1.29444,22.0932391304348,0.368354475209272,3.11047282608696,2.98895142857143,44.2608695652174,0.36923678308234503,3.08884319526627,58.9327,5.52753571428571,58.7058888888889,93.05526515011141,56.970923941539695,682.9559174519795,6.7565302110459005,112.84281567542207,940.9540798515081,280.7140350341797,406.9889895617962,1148.8290037959814,2316.5481630712748,121.11482210457325
832,0.54256176319836,27.7621904761905,5.449,8.06778861788618,1.53744,28.120243902438997,0.310077925462601,3.11890548780488,2.46513425925926,37.7498928571429,0.303980980683507,3.08147159090909,45.79856,5.11631904761905,54.7729523809524,310.6496950578929,53.19771309685521,682.2857339715777,6.774769754708893,90.40237108269565,895.3492157161236,212.75784820318222,437.93306685984135,1076.5016078948975,807.1513380855322,98.98459538817406
833,0.556971006564551,18.6092121212121,5.45249047619048,7.33806993006993,1.4247052238806,25.0876341463415,0.38941852919971204,3.14161162079511,2.50467695961995,40.90696,0.37777756097561,3.0952225433526,55.8267222222222,5.26807142857143,54.7504,123.10089178764503,48.96807816036725,682.7589102790363,6.770780746799232,82.17618898729924,801.6481529921293,220.90733982622623,426.75924487411976,1424.7762970626354,1644.0099570900202,102.90918871760368
834,0.551815085158151,18.1583166666667,5.46098404255319,8.69536090225564,1.51143489583333,28.3736842105263,0.31909909383221297,3.1048609467455597,2.47333653846154,40.9283571428571,0.314177680285166,3.08996764705882,45.8725769230769,5.11316888888889,54.3616666666667,215.75928442479122,56.60530092265593,681.364006176627,6.778404306691563,89.46393108076873,1085.8643800020218,251.49052962660792,527.7845542877913,1211.88391931355,834.0838830918074,92.23776869475842
835,0.752895483870968,18.6210862068966,5.45409693877551,7.35658571428571,1.8223057553956798,31.626034482758598,0.437119552179128,3.15500793650794,3.27281570996979,47.6945714285714,0.45981631037213,3.13669781931464,49.558,5.77695027624309,63.2075294117647,92.72704849923976,52.896447627483575,286.6612994931143,6.79564819188647,112.60461542279778,1109.8780203610659,252.94506922364235,433.9966457337141,1206.3609436154366,1166.0263407975435,99.45128113031387
836,0.554887472283814,18.6182033898305,5.47028191489362,7.44907,1.8692332761577999,34.7721612903226,0.427349980182323,3.15499724517906,2.82525735294118,47.5471818181818,0.395918956043956,3.1296925287356303,45.5965416666667,5.4254595959596,62.308125000000004,750.4303932404397,52.8004517751695,684.7636054245365,6.805395103914332,112.83802478031484,1095.0444731861353,236.35639809072018,421.64004407823086,1249.5005037635565,1341.9914059340954,96.12771682441235
837,0.748327737226277,39.082870967741904,5.43247668393782,7.97097916666667,1.96623232323232,28.4378918918919,0.5682548053228189,3.1581633802816897,2.70429928741093,37.982666666666695,0.53791342843089,3.1399633027522897,39.1072307692308,5.39858883248731,51.1943043478261,84.72608813130145,60.76268061488571,75.13487900683792,6.805248845311608,765.9608149710222,914.5228192210197,227.52704098820686,411.4711657166481,1240.8247217535973,2609.231462702155,90.44250473380089
838,0.588331619537275,18.597984126984098,5.47276303317535,8.87980172413793,1.32523875432526,25.234243902439,0.268856334041047,3.10067551622419,2.16762003780718,34.7932068965517,0.25588764324862995,3.0957994100295,49.468375,4.6888,46.1606,123.98201949987805,60.65655977865104,47.53241142720193,6.752180076677407,75.33182007604914,1031.1360470950603,230.65311834216118,440.2953665703535,1197.2595006227493,907.8802075237036,113.82945813238621
839,0.681537704918033,18.2718833333333,5.47398492462312,7.41353623188406,1.7722282229965198,31.561424242424202,0.421169694626981,3.1627705882352903,2.0817996422182503,34.8027333333333,0.41410778914240803,3.1458174386921,49.4210476190476,4.49922119815668,46.3505833333333,754.1197760625805,53.025625996304356,294.3536906165629,6.773610621444232,82.51934553472962,814.9445988237858,222.52900525927544,379.92289289832115,1167.4730107188225,1299.7820042073727,99.37328286468983
840,0.76973079492318,27.949125000000002,5.4689478672985805,7.48654,1.95201953818828,28.4194761904762,0.6175486778846151,3.14328527607362,2.48751666666667,37.871733333333296,0.56839435840708,3.1263,46.187039999999996,4.81037089201878,50.4493333333333,100.73849858455982,49.08071005154937,683.8124227613653,6.799990969119219,67.58083771207134,906.2942117452621,225.81592202186584,402.52823382616043,1204.5724783092737,1346.2466187775135,124.89929795265198
841,0.709722584469472,18.6004925373134,5.1268214285714295,8.42552941176471,1.82866835871404,31.83090625,0.33924454725710496,3.13495367847411,2.4049352226720604,34.775290322580595,0.33025736196319,3.12024932249322,49.2024285714286,4.57482677165354,46.23496,743.8803893024145,52.84816322095447,363.877809761608,6.771295166210447,67.60027784385336,948.8665033131838,224.8323056846857,383.4445960819721,1160.044502466917,833.9378982782364,98.16852398216724
842,0.5310342146189739,18.610253968254,5.450107476635511,8.73752,2.03222352941176,28.3633783783784,0.554844041450777,3.11241818181818,2.2707422907489,31.7186875,0.49352323909918494,3.09444970414201,45.31844,4.78065966386555,42.1584444444444,755.0403161666669,60.383714690876,33.998025537730854,6.770263136521012,67.63752239252337,760.1188030093908,118.99871751666069,415.57163931429386,958.9813183993101,2464.596461504698,78.07072252035141
843,0.72499,27.370928571428603,5.45244761904762,8.77871,1.85788509874327,28.511682926829298,0.41681631153563603,3.12552279635258,3.22044785276074,47.30228,0.393256782575468,3.1114237804878,49.5788636363636,5.68733701657459,62.4608235294118,84.99745055312184,53.02008416586842,40.823469609718984,6.79470507565481,142.88510100334278,1034.5516726374626,222.2131472080946,385.3677771985531,1380.3489971905947,2248.551929369569,98.67050684988499
844,0.506349751243781,18.4288358208955,5.49199462365591,7.3935578231292505,1.57377692307692,28.854973684210503,0.263896559685985,3.1460463768115896,2.62188382687927,41.1732692307692,0.253483097578518,3.13470684931507,48.9618695652174,5.35569268292683,54.4091052631579,84.67687102110936,52.947724041259725,33.98880913599399,6.782998978687787,136.10357616161664,919.3069767206907,245.7160037010908,405.24573996663094,1191.9677257537842,1152.2178538143635,108.68669487535954
845,0.634188490898415,18.6114920634921,5.48402380952381,8.25885483870968,1.2271679144385,22.165234042553198,0.38585741088180103,3.16414461538462,1.69283086053412,31.4770555555556,0.38245427286356803,3.14051232876712,59.4436666666667,4.5251693548387095,42.4005,755.0682665329473,53.0092578101246,168.60702168657429,6.806748915694924,60.10052201370518,884.3305055052042,234.56686176359653,464.5136184990406,1458.9861501008272,1969.4277551025154,95.41208855807781
846,0.6494620181405899,18.589047619047598,5.47466497461929,8.86237209302326,1.71914740368509,25.0233571428571,0.5666359375,3.09866951566952,2.4628349282296598,34.6145666666667,0.5464797657082,3.08013783783784,52.666684210526306,5.0925306122449,46.5060416666667,92.44915636577895,49.222029451446396,684.1573370039257,6.772864194053684,769.6470781220306,867.3456031829119,199.94252361357212,423.81356470286846,1036.7062874138355,2135.458169505,95.3075010329485
847,0.505633136094675,18.629312499999997,5.4524456521739095,9.89139361702128,1.58146907993967,28.7243888888889,0.399833830845771,3.1027250755287,2.748376,41.1755833333333,0.37371698113207497,3.08391591591592,42.2507916666667,5.40524444444444,55.22055,107.37975145150403,60.25667734027115,61.34188208513385,6.769098707180931,98.0686800741932,1041.6379198431969,96.59724310040474,447.1495747566223,1206.605602055788,2808.565692976117,79.18202318251133
848,0.49531650983746806,18.6289193548387,5.4974675925925895,7.36265517241379,1.93112252252252,38.2350357142857,0.372341127482383,3.10691238670695,2.2158101265822796,34.6674,0.365373482428115,3.094738170347,45.5404545454545,4.71875799086758,45.8898260869565,759.355673257579,45.118055423354285,33.97536543780977,6.784948281318768,97.63683737046317,992.9857682436706,223.7499225884676,423.5917702317238,1106.3364334404469,925.0662289559841,105.75922206044197
849,0.592318584070796,18.1508059701493,5.48807772020725,6.6853491124260405,1.93369807692308,34.491303030303,0.392664584018415,3.09401081081081,2.4760259179265702,34.519,0.369823799435028,3.0809208211143697,56.5763333333333,4.721,46.2538,69.34529172987355,33.810404725825336,40.772975899053066,6.765681675909732,97.93212204131345,875.6042458117008,231.5595280379057,411.86721064150333,1105.9759184718132,2619.3769183009863,109.42528024315834
850,0.5662329828444941,18.1658333333333,5.48381818181818,10.3934727272727,1.83196160877514,31.5686052631579,0.467273794002608,3.17319444444444,2.67192602040816,41.0000384615385,0.464042440318302,3.15238753387534,46.0031923076923,5.102444444444441,53.320727272727304,755.7220567335593,44.90114234998213,54.459788686352226,6.8042865326215285,97.32466932171349,942.9023135453463,250.3272611647844,430.9799522161484,1129.4974479824305,674.0007549524307,102.21870616078377
851,0.513980202375715,23.231920000000002,5.45529648241206,8.077020000000001,1.63759429477021,28.308833333333297,0.444852466171977,3.10976323987539,2.96774639769452,40.9652142857143,0.421853990437661,3.10499468085106,45.635600000000004,5.27994323144105,54.2913333333333,92.24299131147497,48.88385158974732,47.565823544005724,6.774975007027197,90.11541357399305,1092.8139090538025,239.3856644630432,433.5701931267977,1166.6703969240189,2015.158999711275,95.74401192367077
852,0.648302483069977,18.160940298507498,5.43592990654206,8.08376056338028,1.5446486129458399,25.4202666666667,0.44547263681592003,3.14836023054755,2.2530394736842103,34.8695666666667,0.422341374269006,3.13021574344023,42.499333333333304,4.86362231759657,45.3547307692308,755.2290521090889,60.63606766267298,41.05337071569068,6.806039570255492,105.3210683192624,975.9008418768644,123.08349832892418,415.5962262302637,1222.1928220242262,1212.3606633394957,77.39998400211334
853,0.480336871250577,18.6134761904762,5.469895238095241,9.66439495798319,1.4166342780027001,28.289605263157902,0.24808052884615397,3.0830777479892797,2.48077825159915,41.101384615384596,0.232391304347826,3.06875820895522,46.064909090909104,5.181472081218271,54.74905,764.5754651462636,45.555457328350265,680.8868968337331,6.7626447122902285,82.56042287668764,1006.1980690807104,224.76459853351116,408.11034850776196,1190.5052699148655,983.4726806730032,95.06279602646828
854,0.700574351978172,28.013636363636397,5.460695238095241,8.80887931034483,1.65105633802817,32.0994444444444,0.337287969687401,3.16958479532164,2.20009778597786,34.96584375,0.318324868380304,3.1793034055727603,52.252739130434804,4.70614537444934,46.50752,758.4917355347285,52.71439558795121,685.233955268019,6.811883608495797,67.92394539184335,968.9800441265106,185.42432226240635,448.4431352466345,1364.2120640724897,923.619931563735,86.44871413707733
855,0.544271023765996,22.3958113207547,5.4649336492891,8.16219014084507,1.40568946648427,25.0969574468085,0.34373371359952,3.12321646341463,2.73011943793911,41.123,0.343753277711561,3.1169000000000002,48.9314090909091,5.15215979381443,54.633272727272704,69.5750230029645,49.034169036430505,47.71075199232202,6.801147773220181,97.98368684891032,1009.809784591198,230.96716031432152,413.4027287364006,1230.289600789547,2277.7950391173363,102.46830061078072
856,0.5204796222664021,18.6088448275862,5.48544444444444,8.13650704225352,1.47881017881706,25.5336,0.414819805194805,3.15225846153846,2.31471919191919,34.883935483871,0.398572224285184,3.1359082568807297,49.391956521739104,4.75891866028708,45.93948,613.0365377422871,53.03454058421041,238.94309811285274,6.785537470108097,105.53106723243266,889.0030439943075,238.30300197005272,389.6295092999935,1176.2403417378664,815.0681387633085,114.13372121751308
857,0.630276216216216,23.6024807692308,5.47245497630332,8.14396850393701,2.0745,34.572068965517204,0.437686890114552,3.1104192708333303,2.56121393034826,37.6164814814815,0.434677852348993,3.10354933333333,45.575166666666696,5.25868586387434,49.7840833333333,762.989097012854,60.87839434108187,274.7654777398871,6.780515584863656,112.76197236250951,1000.6161872297525,250.1899376511574,460.8207382261753,1152.472384274006,938.3162017911673,98.32018986344337
858,0.42762380357886,18.6208666666667,5.48615023474178,8.0257972027972,1.69879032258065,31.59371875,0.39710423076923096,3.1147121212121203,2.0673078470825,34.7144,0.37212957563978,3.09612535612536,45.760375,4.65370119521912,46.611560000000004,754.209120666367,56.74570493828502,699.9105747509063,6.774299984192863,60.051136523789964,1018.9186781644822,191.43917597830296,346.9651099294424,1166.8991763144732,2317.5587877631187,91.50090627372265
859,0.518048007246377,27.9540512820513,5.4545431472081205,7.319938650306749,1.63973790951638,28.4524736842105,0.41410259433962304,3.12670833333333,2.47216859122402,41.079230769230804,0.400110916724982,3.1081368421052598,45.765,5.21744247787611,54.7442631578947,758.9198852636154,49.046130213661655,40.768370129453075,6.774766738099136,83.07428223246318,968.6087258160114,144.24286782741547,459.56713147461414,1121.1186181753874,905.3479880094528,84.36301723122597
860,0.629681656804734,18.628220338983102,5.44434433962264,7.35269285714286,1.50998473282443,25.284673913043502,0.366705350938152,3.11557297297297,2.72668435013263,44.2915652173913,0.353315935762817,3.11181770833333,42.4471111111111,5.393375,58.8526842105263,84.14650626595285,53.195951161899316,33.93103104136313,6.764597752948033,112.68337733771787,881.9326292723417,245.32782845199108,380.55838085711,1110.279280692339,977.9817890375853,110.10388843715191
861,0.495030617051342,18.612312499999998,5.45696261682243,6.76963225806452,1.8615169628433001,31.362757575757602,0.428660294117647,3.10077710843374,2.73148670212766,40.751576923076904,0.405747021723896,3.0862345013477097,45.68864,5.430173469387761,54.349809523809505,756.9407489859958,60.5772668187121,81.37847258430727,6.7753527287286,97.90003645232724,890.0713175535202,248.82499128580093,435.79088523983955,1143.0483777076006,964.211905375123,88.13277818262577
862,0.737634838709677,23.5516862745098,5.4629714285714295,8.997945312499999,2.26019881889764,41.06892,0.379154270986745,3.14726666666667,2.51974884792627,41.0148,0.37411688777339597,3.1426578249336896,49.3284285714286,5.35384656084656,51.1019047619048,100.77353282546366,45.4884056298474,47.701535614091895,6.792738940561977,74.91329682139481,865.7940663397312,180.13846129179,459.89914797246456,1414.3869280815125,2011.8428394198415,87.71191351115704
863,0.679866998135488,18.16721875,5.471277777777781,8.157722222222219,1.7991140495867801,31.6801875,0.35930483972344396,3.10927325581395,2.81560053619303,47.462136363636404,0.351158745554478,3.08329661016949,46.15748,5.45069841269841,62.647578947368395,762.1295782110856,60.36915221594749,709.5957325502916,6.777687689147907,90.24083471843734,1041.7903307825327,256.6095441579819,440.04274532198906,1246.8636501580477,906.8333078175783,113.31988498568535
864,0.583654680365297,18.487703125,5.45694811320755,7.37897,2.21348249027237,31.5653888888889,0.6255324959038779,3.13540978593272,3.1954237804878,44.1482692307692,0.640188510875627,3.10715803108808,62.95375000000001,5.583886363636361,57.122249999999994,132.64182975289373,52.88669810838349,81.61884012416472,6.817977044122958,193.37711746447323,895.7263082265854,166.22552648186684,339.2860759049654,1399.6927998960018,1859.4509921967983,109.93438772857189
865,0.64740675844806,18.102984375000002,5.4251455399061,8.690896907216501,1.34704587155963,25.49705,0.260454668470907,3.17956097560976,2.2167072649572597,37.9242962962963,0.257769342010123,3.12181578947368,45.2962380952381,4.6841234042553195,48.3136363636364,755.0183750708759,52.76669221997171,684.2927317052857,6.797586842282331,83.03471523311303,939.5918343216181,114.29055593907833,498.55466932058334,1216.5396474301815,1176.6634415835142,77.54620164632797
866,0.26931528744521804,18.6106333333333,5.435161904761911,8.72175213675214,1.58059284731774,25.1947894736842,0.510463448922212,3.12179268292683,2.3866518691588796,34.4810588235294,0.5144220634211699,3.0939919354838703,42.4350740740741,4.93087980769231,46.58728,115.88123656542693,49.18375450183056,684.7852984802937,6.795847515639035,97.99893717407532,886.3370399922132,192.6385797560215,487.1987272053957,1089.434279128909,1695.7020852714777,97.32414036989212
867,0.58398670605613,18.589546875,5.4712941176470595,7.345951048951051,1.87769593495935,31.6619375,0.48903294892916,3.15201543209877,2.93500563380282,41.2375384615385,0.47887558685445997,3.1301223241590197,52.49125,5.250287037037039,53.349684210526306,84.05939610195487,53.00389109747171,683.468899063634,6.781948123242223,97.85502754009296,882.3697920888662,242.0465461909771,419.8090638965368,1253.5793241113424,1428.2741118222475,114.17679488658905
868,0.635002222222222,18.709873015873,5.44886757990868,8.82922962962963,1.5078962962963,25.3618139534884,0.41545244122965597,3.12350759878419,2.31689726027397,34.7765666666667,0.414399919614148,3.10591847826087,42.1131785714286,4.924201834862391,46.5304782608696,249.0252962400139,53.03225871382442,33.942420080942966,6.787430906056818,98.26703240123835,1181.4677622169256,241.29990488290787,367.64293909072876,1138.9528401196003,822.2024422138929,102.71728970110416
869,0.654994232987313,18.6089310344828,5.441723809523809,7.37209,1.70425292397661,28.5675454545455,0.457223285486443,3.1352129629629597,2.7723999999999998,44.559,0.445477709611452,3.11859710144928,42.22575,5.40283333333333,57.4137619047619,85.01456241938334,53.098753543447295,680.877071914857,6.787387770316107,75.25715992849068,896.9502989202738,312.8823358565569,550.9640090167522,1194.4707483053207,1095.9253646433353,109.24749076366425
870,0.796343338213763,28.026026315789498,5.45879032258064,8.9443,1.81187699680511,31.6019375,0.43561204638982404,3.1212779291553097,2.5358867924528297,37.8927826086957,0.431100418410042,3.10790544412607,45.4312692307692,5.22858636363636,50.5565714285714,571.9672962989121,56.7673622479208,40.78316144682029,6.768591884194749,112.59325054021556,890.5128110200167,189.63534384965897,345.19811160862446,1197.3424814641476,2484.450489282608,98.55949319899082
871,0.460614909231363,17.8888596491228,5.450635944700459,7.34265492957747,1.92745226130653,34.3001,0.406129975343431,3.0666501457725897,2.65088431876607,40.706423076923095,0.389731393775372,3.04877333333333,46.138040000000004,5.10813775510204,54.0345,99.92286029260285,60.54996741763895,47.26440988268573,6.734652538497704,82.35125089208279,899.3533439934254,239.56983350217342,385.5525981634855,1175.5636893212795,1327.548734843731,111.21132411062717
872,0.504261363636364,18.5819848484848,5.42844670050761,11.2843186813187,1.80246056782334,28.4982051282051,0.43703251121076203,3.1396024464831798,2.93391404011461,44.3487391304348,0.412651563753007,3.11794658753709,42.0550416666667,5.38743,58.8472631578947,271.12244101122604,45.2766702871136,33.949618203973486,6.76080271663434,90.07464283633617,956.1349172145128,252.02948600053784,378.0685365200043,1096.3350534439087,1336.0470533370972,107.13450610637665
873,0.798762306610408,27.987525,5.46206349206349,7.3826,1.7700823117338,28.402117647058798,0.487151092515109,3.11785714285714,2.61162944162437,37.90212,0.454673019906819,3.1054559999999998,49.7863333333333,4.99863033175356,49.1434761904762,69.44076748355893,56.8354916816553,683.8036898778512,6.756405568583145,75.35859678987083,918.3375164866447,183.98412503302097,352.42983140051365,1138.062635436654,2232.1630734950304,83.81917141377926
874,0.659256726457399,18.6300689655172,5.485289473684211,8.02129850746269,1.92397137745975,28.4012222222222,0.539681603773585,3.11645558739255,3.03764739884393,44.523,0.519602459016393,3.0995421686747,45.820440000000005,5.322108910891091,58.4486666666667,92.78878857637253,61.07973647702629,682.7831209812309,6.775155172056664,105.37016540117156,812.2545201331377,221.24075330793858,416.10398329794407,1108.8116560131311,2066.713245585561,106.2741968780756
875,0.794374442793462,27.9938636363636,5.4520529100529105,9.476778688524591,1.52094059405941,28.3837894736842,0.34096890156918697,3.09762903225806,2.8744027777777803,44.3125652173913,0.32728544482867,3.08426809651475,42.157185185185206,5.38392105263158,58.485,755.7095455808636,49.31169378245639,61.16974641829951,6.763560052051088,98.78171990719905,1017.4647439271212,267.67272502183914,434.1007210314274,1360.891666263342,1098.5865257680416,95.61721235513687
876,0.749133333333333,27.9766578947368,5.4653761904761895,8.90023770491803,1.68649177631579,25.4192051282051,0.625896028037383,3.1734814814814802,2.7367220902612797,38.0136,0.647791666666667,3.14949101796407,42.1134166666667,5.29331481481482,50.3489130434783,108.88866596599667,49.3936311672553,682.9377298685168,6.805589603948558,106.11787848485295,886.6698946803808,218.8798040151596,422.8114616125822,1194.8183178901672,1562.5208150595427,91.95790626108646
877,0.513281141868512,18.716380952381,5.448675,8.01862,2.02129222972973,31.4436111111111,0.567455175829619,3.11879019073569,2.7833117782909897,88.1818571428571,0.9721241134751769,3.11019727891156,59.4337894736842,5.3998672985782,53.689,92.88432963620357,48.97657302617953,681.8809841385719,6.769099519648217,98.45584964290636,929.8054501414299,225.83631798624992,441.6350740939379,1106.6196486353874,2619.690727442503,95.73758579790592
878,0.533704153056463,18.6121166666667,5.47319251336898,7.39990062111801,1.6297549467275498,28.7887058823529,0.399940443752433,3.15165361445783,2.79846475195822,44.421,0.381657630522088,3.15632804232804,42.15524,5.21371875,57.432,374.30198824205416,53.020893755093674,41.031515649632574,6.806480062453913,82.94316745169743,1158.4846768528223,195.99571824073792,406.35596960783005,1186.8515517562628,1961.0550254583356,84.73400957882404
879,0.8219463768115941,27.977119047619,5.43440566037736,8.01630555555555,1.54973929961089,25.223125,0.43409090909090897,3.1280863095238103,2.94605882352941,44.378846153846204,0.428873745819398,3.1163596730245198,45.5478461538462,5.46735638297872,58.430764705882396,123.62617395616533,53.101645538800696,682.7620322040665,6.787907628137229,105.4461364742689,920.7635652273893,119.63322758674622,440.9812390804291,1126.6667861491442,1197.7456510066986,80.17453365027905
880,0.656794033275961,18.5261,5.45093925233645,9.41284426229508,1.3764893111639,22.129152173913003,0.453366607773852,3.1515520231213903,2.78512195121951,37.846185185185206,0.441552505446623,3.13027299703264,45.62236,5.0615990990991,49.2320952380952,77.43401852387021,49.16147973107666,34.00682591552367,6.791613491170421,75.3266675941384,809.2529140412807,88.81138637661934,418.43648068606853,1258.945930749178,1943.839155137539,72.8885643184185
881,0.656403551745254,18.609640625,5.4563619047619,8.87803305785124,1.83329604130809,28.313972972973,0.511713587921847,3.1067,2.43575159235669,34.391000000000005,0.47931922099915303,3.09012972972973,52.887,4.73927149321267,44.7134347826087,233.06123057886992,52.88426974778342,241.9385072004661,6.766232524758771,67.70443737291298,968.1720286607742,113.77823539078236,320.2115651220083,1115.3485160320997,1547.3758801817894,81.02483116090298
882,0.6079083728278041,18.60575,5.47275961538461,8.14545161290322,1.85430511182109,28.8592972972973,0.441450645406226,3.1579647058823497,2.76404166666667,41.288000000000004,0.42327647058823503,3.1462134502923997,45.5063846153846,5.35862735849057,54.776894736842095,123.76978459220545,56.85976028570177,75.03069196429597,6.850057126393477,83.1284860638299,874.2762729525566,239.84191939234734,397.63692766427994,1363.1492853164673,2546.7099621891975,96.00645862519741
883,0.544626,18.61105,5.42655607476636,8.36706923076923,1.74959487179487,28.6314285714286,0.601845390898483,3.17292711370262,2.13309710743802,31.6395294117647,0.5697106045589689,3.16212048192771,45.604590909090895,4.60790598290598,42.4472962962963,753.8386155208782,64.8912827944774,684.2928549228658,6.810243171664935,45.11648229252009,947.7787651121616,113.9285508543253,483.465613797307,1366.37925170362,1317.2591105103493,82.12588727474213
884,0.788096641535298,28.0128461538462,5.49378609625669,8.119439999999999,1.53494407456724,28.3058857142857,0.313445529447666,3.0783262195122,2.28811607142857,37.7489677419355,0.30197209181012,3.0605272206303704,42.3052592592593,5.30547533632287,58.718399999999995,747.0575531907618,45.49073636693019,240.26062750849033,6.75552291160032,143.5636399944829,958.2641534507275,265.86190797388554,445.18234208226204,1391.5499206632376,1977.2997591644528,95.92100977897644
885,0.7504838070059481,27.977571428571398,5.493577669902909,8.87561206896552,1.42189219330855,22.0836170212766,0.549671108742004,3.14307417582418,2.48654914529915,37.9781428571429,0.5411109341825899,3.13049731182796,52.9790434782609,5.0985470852017905,50.7469090909091,76.89067390460748,60.365036809365954,54.421786959148655,6.785218934621259,67.490786875571,1107.9262476414442,223.7426582723856,382.7428910881281,1117.7215725183487,1782.7379517257214,106.26600123941898
886,0.6811694352159471,18.62285,5.41,7.3555935483871,1.28348536585366,28.047421052631602,0.24517288847410199,3.11191238670695,2.21257037037037,40.8855357142857,0.229342569832402,3.09454411764706,45.735839999999996,5.0828986784141,54.3731904761905,303.17574727632956,49.236424280522954,682.3006934620417,6.7780346155243,98.13944935616001,996.0487484931946,236.36813275516033,424.82479475438595,1044.127345085144,927.8484620153904,93.7419943511486
887,0.640980208905992,28.2693095238095,5.4734495412844,8.02111805555556,1.88829180327869,34.7770606060606,0.39777332411886696,3.14534615384615,2.7269715025906702,44.1681538461538,0.366733885819521,3.1315421686747,55.906380952381,5.17685520361991,58.506,755.3423980450402,56.851011961389034,682.1323308919041,6.789178142799458,105.5894585908571,1001.8121451139451,215.25193005800247,397.0854915678501,1350.9875163435936,2466.3171730935574,95.40868923068047
888,0.743504943502825,27.9793333333333,5.45061137440758,9.52721666666667,1.81906106870229,31.436774193548402,0.45100262467191604,3.11276902173913,2.5044375000000003,37.7673103448276,0.428651755852843,3.08237537537538,41.6809642857143,5.0850380952381,50.1626086956522,757.6369798207633,53.403746482201115,684.511039359881,6.765601607470125,90.52902114992696,1085.6215376406908,95.75593285262585,460.8206916600466,1208.1172782927752,2877.146564424038,87.5190831720829
889,0.619908108108108,18.5919375,5.42511428571429,9.55985964912281,1.6594111999999999,31.456875,0.30172253886010403,3.0950181818181797,2.55050593824228,40.93276,0.293084360449192,3.07758479532164,45.6587916666667,5.005888349514559,54.5924761904762,541.2847618137525,53.243251694016834,682.1569448722906,6.775103520702463,97.6877126384251,910.8241647481918,249.4149375706911,413.3946727961302,1204.2037677019835,2293.204516172409,117.98818595707417
890,0.629504443282802,18.607365079365103,5.456754010695191,7.44386805555556,1.37889410187668,28.2981666666667,0.18228777548755398,3.12292705167173,2.96636784741144,47.177772727272696,0.17151514655313602,3.106,42.7014583333333,5.614004854368931,62.180842105263196,100.32742628712626,64.4885720056498,47.52544883660314,6.771181810835245,127.78458368679225,920.9800511598587,214.7606573998928,423.686346039176,1028.3573064953089,913.3568964898586,113.22591453790665
891,0.6126341333333329,20.332770491803302,5.45987323943662,7.96770229007634,1.8284253968254,31.560000000000002,0.50909934771701,3.15455,2.43471395348837,37.64825,0.495181162902451,3.112125,45.4575,5.14999509803922,50.7096956521739,755.4999898810904,53.17967158966324,684.0024356727706,6.7684332499648825,75.28645776933159,895.6105913966894,119.08845044672489,404.9082286655903,1228.5742908716202,1135.275373235345,80.66357113420963
892,0.650922423556059,18.6073166666667,5.43599530516432,7.36978231292517,1.78602823179792,28.5888421052632,0.441429831288344,3.1505527950310603,2.54725442477876,37.8151935483871,0.460533989266547,3.1337223880596996,49.30615,5.18704524886878,50.7529047619048,92.48522865564426,60.88683610343102,40.83309252613239,6.780044561508275,75.26013805309836,876.4586411416531,207.61340856552124,391.9420763850212,1239.2606120556593,744.3150971084833,102.50289924442768
893,0.537087388801675,18.5649166666667,5.466132701421801,7.42495652173913,1.30157108721625,21.8941041666667,0.448844879518072,3.13008536585366,1.67188514548239,28.1280540540541,0.437257294429708,3.11232121212121,42.1373333333333,4.266304511278199,38.5615555555556,753.9153615094887,49.25658871906227,684.0360738783539,6.769712138104455,52.71389183067651,898.3149658888578,195.99683582782745,414.6845079958439,1440.5649155378342,1512.607280164957,105.81538081169128
894,0.5598065395095371,18.6104375,5.43561363636364,8.69671532846715,1.35760585585586,18.8574677419355,0.513395654370894,3.13128869047619,2.88408683473389,41.0200416666667,0.47375092783505196,3.1349567567567598,46.2644347826087,5.10987168141593,54.1144761904762,753.7934944458456,53.17439793079616,682.0802679366118,6.774062502150538,75.46654385227428,1113.9137670397758,223.93641993403435,476.0801326483488,1355.8098580688238,1419.9237804859877,114.61428366601467
895,0.666515826494725,18.5756875,5.44583,7.37728776978417,1.70780166666667,28.53895,0.447177033492823,3.17455737704918,3.11329189189189,44.3004583333333,0.42577703949796997,3.1421989528795797,45.7037727272727,5.603613756613759,58.7371052631579,779.0057836840833,53.243334359085644,684.8906476128292,6.797403607995992,120.34979781550011,1139.612914994359,260.6907393783331,446.1944568902254,1267.1094853430986,1339.9227056652308,99.32117536664009
896,0.5357318611987381,18.6173134328358,5.4800103092783505,7.36184057971015,1.8724520795659998,34.7714666666667,0.309279831680192,3.12575801749271,2.54621380846325,41.178,0.319726675015654,3.1087002967359,45.770769230769204,5.33043693693694,54.7507368421053,766.2785496792922,49.28584947191781,40.887698187835454,6.737909513493336,113.4945083543972,1030.0414636731148,242.40356869995594,369.72155794501305,1105.9779673814774,825.0066544860601,102.54974476993084
897,0.625516592920354,18.6121230769231,5.46933653846154,8.007187499999999,1.82601913043478,34.7596060606061,0.331510851959832,3.13067346938775,2.4399952494061803,40.97356,0.314300496930722,3.11974863387978,45.8983913043478,4.98871782178218,54.3678095238095,757.642790202481,53.1565780445322,47.54385312102317,6.788383625816007,98.39533919891406,945.2387224882841,93.92364881932735,468.3283157646656,1246.8021363019943,2640.4160540550947,91.89429692924023
898,0.7529496644295299,18.619359375,5.4480391061452496,7.40456774193548,1.14573467112598,21.8722692307692,0.328131796185596,3.11539739413681,2.8403074792243803,44.15024,0.31687605548854003,3.08900900900901,38.6885,5.273878504672901,58.3835238095238,761.9828989914013,49.178246645218834,47.499732198106635,6.757989850593953,83.02271548161129,902.6557672768831,88.28425779938698,416.9766325503588,1095.4045224934816,2771.7633172869682,77.81879976391792
899,0.513087571870854,18.502550000000003,5.48634562211982,7.59777,1.54051092896175,28.3926,0.281173127291776,3.11088724035608,2.5665075,40.9393461538462,0.27461401673640196,3.09215957446808,58.982,5.124639810426539,54.7175,763.8411985260859,26.23022817393061,68.12146139791469,6.766716532879322,97.9569627560922,955.5583354085684,218.44017319381237,398.96490052342415,1182.672381401062,2294.5113480091095,103.05661708116531
900,0.573449667858968,23.6348913043478,5.457322274881521,8.0937,1.2308316151202698,19.1821272727273,0.493223128598848,3.17560932944606,2.0233008695652197,31.7618055555556,0.48161220657277004,3.16598456790123,45.6549090909091,4.71533609958506,42.476041666666696,108.89703629421955,53.16209449899655,34.20453370832661,6.844414787407432,775.178839101613,894.935941323638,159.87888909876347,469.9687473475933,1263.971021398902,2206.067554652691,98.49779307842255
901,0.460539718565592,18.609796875,5.4895530726257,8.14737301587302,1.9938875968992198,34.542411764705896,0.459301523297491,3.12396,2.44490308370044,37.771724137931,0.456983918747355,3.1053716012084602,42.525960000000005,4.88605777777778,49.4686666666667,210.0097478255334,49.40841355246619,34.004782480853365,6.782809488494303,371.21728551439736,1019.2017070949078,95.48235684633255,460.37076972424984,1213.26451189816,2387.4204140156507,77.29688659310341
902,0.59828025477707,18.6196271186441,5.47697989949749,8.81777692307692,1.4596392045454498,25.1733488372093,0.447679669917479,3.15076073619632,1.66645975232198,28.3172631578947,0.430397254575707,3.1298282208589,41.9413333333333,4.371352490421461,38.6731,757.119089967926,45.66317899077456,683.0920207386289,6.794127562043669,60.5382291700872,1059.0693447738886,114.55835774540901,426.6077186912298,1624.1293866187334,1322.333188727498,87.49677799642086
903,0.691033052884615,27.8568,5.48715217391304,8.03865354330709,1.66709770992366,25.419166666666698,0.392778227289445,3.1338757763975202,1.84031604538088,31.6527352941176,0.38751197053407,3.1180190735694797,46.1302380952381,4.57955870445344,41.7102222222222,765.0636984592356,53.319635433962944,40.84534085816698,6.771230082272181,75.4531245393134,1007.6604317873715,119.24388818442822,398.1486428529024,1191.9972486793995,1181.6960759460926,80.39921522140503
904,0.5469355354288761,18.6126034482759,5.44986666666667,7.57871111111111,1.25916947368421,22.056612244897998,0.346638169777243,3.11733512064343,2.5587475,41.1706785714286,0.335072916666667,3.11537714285714,52.26075,5.08804424778761,53.8865714285714,772.2949702859,45.63719650775804,40.82945105411127,6.778189604455517,523.5841994605626,914.9754885584116,120.12431398034096,441.619660705328,1219.8572512716055,1177.563238888979,73.62239994108677
905,0.459025196850394,18.5691333333333,5.4562831050228295,7.339938775510199,1.77498511904762,31.4178108108108,0.383646566164154,3.11243636363636,1.87776386404293,31.3450540540541,0.377005179558011,3.09486363636364,45.7433076923077,4.5548978723404305,42.52104,509.9055278677754,56.67715952133664,684.0965456814032,6.746562924844164,769.2277138535665,951.6446851193905,253.42009030282497,473.1928464025259,1114.916056394577,997.9680180549622,96.11370041966438
906,0.473935299714558,18.560015625000002,5.47634759358289,8.86523275862069,1.62645957446809,28.3484242424242,0.41021568627451,3.1500676923076902,2.42837410071942,37.7012857142857,0.39328068889703205,3.13087195121951,42.307111111111105,5.14701376146789,50.7688181818182,302.7320324080686,45.27869244924504,682.170025436033,6.787486879578002,211.63740651384782,969.4578591734171,207.80949853360653,419.7690635919571,1205.8925814926624,1747.5809901952744,98.70282374322414
907,0.452720880069025,23.68936,5.44494416243655,6.05854437869822,1.19037353255069,18.8731851851852,0.325228660260034,3.174175066313,2.38226970954357,41.007846153846195,0.32614399092970503,3.16627218934911,56.5961052631579,5.02105853658537,53.9746,601.6302029503852,41.60448364217435,33.98932365513503,6.795801065763121,105.51904137825052,912.4836884438992,250.6150398403406,447.3466891795397,1198.2626747339964,1274.9437242746353,103.12567465007305
908,0.5722103972535559,18.623250000000002,5.49922994652406,8.043133858267721,1.4854271099744198,25.3274,0.409512012012012,3.15882692307692,2.3978535469107602,38.086851851851804,0.39773691186216,3.14452046783626,59.624578947368406,5.1796359223301,50.1887619047619,755.1889617971863,56.74724511766073,54.45516532137662,6.794627268357625,392.77386522408995,917.5745770335197,198.02027381956577,411.47670708596706,1130.964607000351,1761.3854259252548,102.47849859297276
909,0.6050983698707141,18.6193174603175,5.40349206349206,8.66557894736842,1.13922702104097,18.743981818181798,0.339315077532168,3.09695481927711,2.52517802197802,40.93196,0.32678513931888503,3.07272922252011,48.919952380952395,5.12326548672566,54.7180909090909,115.87740244250051,49.203902619038516,33.82730291470126,6.7405096480467135,761.8577138358861,1072.3310988396406,119.71378698945045,419.4211680442095,1226.962311193347,1192.907290533185,83.39453488588333
910,0.505687774846086,18.631593220339,5.444195767195771,7.390034013605439,1.60771987480438,28.3985365853659,0.474068320278503,3.13489795918367,2.07165858585859,34.6946785714286,0.454563436123348,3.1196170212766,42.283958333333295,4.795485355648539,46.5479130434783,750.648625051832,45.4115768115242,689.7311808968078,6.792709961513672,82.87184792630028,911.9752328842878,93.67638267576694,388.08947429060936,1135.956309735775,2458.977000787854,76.94833911955357
911,0.429279620853081,18.6431694915254,5.465125628140701,8.91552173913043,1.5607241847826099,28.444599999999998,0.379124092409241,3.17737234042553,2.10697991967871,37.9108518518518,0.366772535211268,3.17909549071618,49.1273809523809,4.625199134199129,49.5774090909091,755.7785771899884,56.93561393339199,691.1914119171188,6.770670712410536,67.83292793171333,1099.44399446249,239.72047492861748,414.5650193095207,1139.730541035533,1275.3297574818134,77.38452404737473
912,0.210115909553881,18.60759375,5.42306363636364,8.66476515151515,1.0163692579505301,18.7833518518519,0.3535779280664,3.10209939759036,1.20937082066869,21.9013076923077,0.327054347826087,3.08583378016086,49.2387272727273,4.00551535836177,30.631303030303,232.76215901687445,34.09420295898945,170.19515746140226,6.765364128405983,52.36638156206098,712.3049348592758,115.18513783812523,372.95897491276264,1186.465285718441,1386.2728141248226,84.58010852336884
913,0.649100854700855,27.9738333333333,5.47985714285714,8.7755811965812,1.41794070080863,28.320075,0.25137860892388497,3.09094864864865,2.063896,34.430068965517194,0.24085012541806,3.06818617021277,41.96308,4.730523364485981,46.66775,312.5439265542591,45.38313385386785,682.364561075836,6.744876000349808,211.1755792757603,987.6928292214872,117.59963817894459,421.1075138300657,1120.2328838407993,1000.0267066061497,94.31331418454647
914,0.522601438109913,18.473683333333298,5.42019047619048,8.32753968253968,2.15025748502994,34.665878787878796,0.455750418760469,3.1114212034384,3.10110540540541,43.9809130434783,0.43948036006546604,3.09140662650602,55.6031904761905,5.46790995260664,58.4538823529412,761.7936302781344,49.37241329799409,74.73852713269679,6.769048127859377,90.67957305604334,955.6030854582787,200.97098313272,412.93054819107056,1273.5340744256973,2240.506047382951,91.54272265732288
915,0.460245779348253,18.6125254237288,5.442680952380949,7.3281847133758005,1.1306535269709501,18.9967868852459,0.414392609699769,3.1397838616714697,1.23902339181287,22.111792452830198,0.3871284606866,3.11716618911175,42.4614347826087,3.8320694980695,30.612923076923103,495.9582754839734,45.388882905110144,689.728209082635,6.795197533693905,45.36818698770983,1003.7058964371681,86.03460155427456,231.02490231394768,1325.7486745715141,3080.031927675009,72.98951968550682
916,0.49742430181283703,18.635017241379302,5.47825510204082,7.37273648648649,1.66669873817035,28.4744,0.4941844041196671,3.1382721712538197,3.26854972375691,41.1140714285714,0.466891984569224,3.13407183908046,48.970086956521705,5.2838883248731,54.6475,93.12266887425626,56.92596274009077,680.8947878940595,6.775674948271805,340.7824638890501,1024.1345968097448,193.25604662299156,349.68508407473564,1120.9557764232159,2071.985602378845,91.238459572196
917,0.430322787193974,18.6884626865672,5.49469124423963,7.3904166666666695,1.64651685393258,31.426264705882396,0.326009630319975,3.1116393939393903,1.93731946755408,34.5087575757576,0.313325265161817,3.09424528301887,45.625384615384604,4.47737164750958,46.4123076923077,758.7163437387917,45.49610719060067,683.7746162860245,6.752699661222702,773.0337759285181,892.1650238335133,137.18544505536556,315.09194523096085,1053.7017602473497,908.986572176218,76.9088976085186
918,0.510684,17.7647966101695,5.4365619047619,10.3982090909091,1.6605706051873201,31.5462121212121,0.344368162463151,3.1095214899713497,2.30824678111588,37.8105161290323,0.335472298745026,3.09642469879518,41.9303928571429,5.047259259259261,50.1354090909091,758.8871453437786,37.56028495270587,681.7432143422063,6.77740219076417,773.4990546188684,1022.4747937172651,115.71710929274559,429.8087675124407,1105.3405702114105,1174.8573277145624,85.93504317104816
919,0.504282409428197,18.6141060606061,5.443719576719579,8.16108,1.6812987804878001,28.2598611111111,0.458119920318725,3.1244109947644003,2.7107493403693903,40.87108,0.43125018532246095,3.10629153605016,45.971360000000004,5.31412735849057,53.9141904761905,209.11824537936675,45.134905282897,683.2066777133851,6.785635266666807,196.44708641056855,1065.9368243068457,140.4130831360817,325.80713741481304,1115.817530080676,1295.6860475242138,84.16790515184402
920,0.558307510628248,18.6030625,5.4481170212766,8.731075,1.4579709724238,25.076634146341497,0.35735562414266103,3.11273560209424,2.37690023201856,37.6124827586207,0.33997507082153,3.0921827956989203,38.993148148148094,5.06454285714286,50.3779047619048,124.67558612316103,34.00728787433025,213.83071180551735,6.787839561753732,188.62238666500352,825.208704918623,55.519258603453636,346.18424251675606,1012.2996754944324,670.9249690175056,73.11338558793068
921,0.540504221388368,18.613343283582097,5.41629473684211,7.375618705035969,1.1356022099447498,22.1356956521739,0.324523675310034,3.12938709677419,1.52114518518519,28.4381578947368,0.310770822420115,3.10184636118598,45.480541666666696,4.1914862745098,38.6770344827586,123.96321670049412,53.08631737093825,225.37482972092064,6.762951616602074,60.33452373647071,720.5506786704063,121.53061106801033,366.39804020524025,1193.9863674342632,844.2847523838282,80.70087060332298
922,0.766258,28.0425238095238,5.45523557692308,8.71094166666667,1.69365407854985,25.3173333333333,0.572184939091916,3.15242024539877,2.43677542372881,34.8556774193548,0.55684566389025,3.14541032608696,63.037,4.86864159292035,45.342040000000004,769.2595490049475,53.008398817181295,40.96358662433753,6.804300902151884,166.84230052438707,912.1880400925875,245.3694585710764,431.526405736804,1113.9758862555027,1215.467369183898,98.46440516412258
923,0.457710996427154,22.9778,5.41897630331754,8.10993984962406,1.65893939393939,25.1965581395349,0.6311218974076119,3.1364360465116303,2.11547216494845,31.5948055555556,0.607140476190476,3.12166565349544,42.3695,4.63591891891892,42.0836071428571,358.260881920509,45.4350992742703,232.21252479962274,6.793489572556461,445.512194492526,883.6253546178341,83.25469680130482,387.3806446790695,1235.2158781141043,2700.5708310753107,91.78128093481064
924,0.430408376963351,18.588551724137897,5.46768421052632,7.35343312101911,1.23842570754717,22.2493076923077,0.406340576847096,3.18111878453039,2.2784615384615403,37.952370370370396,0.339167579761521,3.1629352941176503,45.5257692307692,4.90918009478673,50.8005,761.1767638359076,49.16708742847564,61.408292354565184,6.81519515932309,120.63830747412477,836.9128685444593,120.94005942344666,370.34815177321434,1257.927855476737,1194.2795477807522,84.04701948165894
925,0.314708390270566,18.53503125,5.70784653465347,7.4171338028169,1.5953556231003,28.4772368421053,0.381438927507448,3.17738080495356,2.11996692607004,34.765290322580604,0.36909356168728197,3.1557037037036997,45.28096,4.75976569037657,46.0534583333333,464.51443080485194,53.007609458329064,33.99859620069311,6.796146143105074,82.81380781451622,760.5566643178463,108.99174958467484,376.6758367419243,1237.4008540064096,988.0950674414635,84.78621020913124
926,0.683332542975696,28.0134210526316,5.46068949771689,8.09309929078014,1.9724121212121202,31.3956764705882,0.544765212981744,3.09917073170732,2.57605778894472,37.8826896551724,0.511835664335664,3.08231958762887,45.2510384615385,5.00509813084112,50.729549999999996,131.33728941029813,56.98334935234434,33.94173521440048,6.752900146211188,135.53786583810032,941.7880326509476,121.53303250670433,481.11756332218647,1195.8473827689886,1068.2095773518085,80.45942522585392
927,0.628491764705882,18.6104615384615,5.45595408163265,10.2060094339623,1.76117637540453,28.331071428571402,0.6067071302298169,3.13999191374663,2.68756876456876,40.8979230769231,0.579058221024259,3.12846994535519,42.39622222222221,5.4417783505154596,54.6211578947368,768.6856479126787,49.43492052201807,54.592707619781464,6.800011730694677,772.5462737101492,1066.9073555618525,236.07555776834488,374.66096691787243,1295.0906995683908,2207.85029232502,103.13992388546467
928,0.529166589541879,18.6026666666667,5.445905660377361,6.071234375,1.56391899852725,25.1449777777778,0.508120576671035,3.13062388059702,2.71133773087071,40.9041379310345,0.484773401101228,3.11539393939394,52.3942857142857,5.15848648648649,54.6868095238095,762.6841966226543,45.897429884928705,33.956415657588444,6.776074238385278,75.32496908707493,949.7162885963917,228.02702151238918,437.16635555028915,1285.9787326306105,2301.402762532234,110.18570512533188
929,0.510590156599553,18.620453125,5.4564438775510204,8.040952755905511,1.6990736377025,31.6942424242424,0.41108256141764,3.1509189189189204,2.1647696969697,34.8046333333333,0.389244114451286,3.13345454545455,59.1896,4.70963274336283,46.60764,756.7774075611765,56.97905760357986,685.1824046152879,6.777188420975717,772.1515879707083,914.8761630058289,223.3121544122696,433.2957789301872,1288.1269212812185,1698.586018756032,88.37897330522537
930,0.611380695443645,18.6204915254237,5.47978461538462,8.84662307692308,1.5906071922545,22.0569230769231,0.517397903372835,3.1293282208589,2.67317990654206,41.2065,0.48587339971550497,3.10649848942598,42.4363461538462,5.2136635944700505,55.4734210526316,420.5284301831003,56.48667669967772,40.8346050853892,6.791471140979591,777.4994189749059,887.9657369107008,24.42961558699608,476.71133652329445,1080.3807992488146,1175.7215950638056,84.6570823341608
931,0.723264742785445,26.97995,5.480116161616159,7.37910897435898,1.6515145631068,25.3220243902439,0.543753258845438,3.11915706806283,2.77232048192771,44.1737692307692,0.538964845862629,3.11165476190476,52.625350000000005,5.3419310344827595,58.60965,640.6858284649837,45.48367010914545,684.1594272662459,6.781540436622138,105.36124769144514,1011.1935436725616,164.75417651236057,349.20009784400463,1341.736176982522,2549.177687615156,102.7050893753767
932,0.541816745655608,18.618734375,5.48698113207547,7.41286231884058,1.9486071428571399,34.7609393939394,0.32361361079865,3.1345306122449,2.2220233463034997,41.00396,0.309670847353931,3.12200909090909,43.0032,4.9658879668049805,54.777210526315805,757.780868960743,34.06940571151528,684.4393287209975,6.764644015644173,75.22649570787107,1001.4267172664404,236.6139553487301,449.6128764003515,1039.45629671216,917.8809821605682,94.86749768257141
933,0.38991954459203,23.9051111111111,5.41191549295775,7.37459712230216,1.57772263868066,31.57325,0.232498454221165,3.14795342465753,2.18780608365019,37.8442333333333,0.227613401054894,3.12794207317073,46.0821923076923,4.84482296650718,50.5129523809524,84.99417652346362,53.22311742354067,54.55639817613543,6.7893539659258755,773.7719834984399,991.5039408951998,117.45155788958073,376.8378868699074,1040.2747429907322,940.717151388526,87.89394050836563
934,0.61304863925883,18.605805970149298,5.43641621621622,8.08599248120301,1.54246692607004,25.168617021276603,0.414524828113063,3.1261308900523597,2.19021414913958,34.5955882352941,0.409184111445783,3.10847181008902,38.780961538461504,4.84856,46.33964,366.4885648810655,53.160848762760956,67.93383008180827,6.773332235521155,773.4481309719959,961.5455288439989,88.45203556120396,348.99464808404446,1350.7219962775707,2205.1983047276735,80.91391064226627
935,0.582198142414861,18.6095757575758,5.52396601941748,8.2443381294964,1.3036010230179,25.2814090909091,0.313110174593618,3.11076363636364,1.85381481481481,34.7240689655172,0.300385583524027,3.09185752688172,48.692,4.58955078125,46.4182083333333,155.41471563849808,49.468810024210995,518.9819755655734,6.7712572843288195,771.6031939400374,845.2838286757469,168.40724274516106,345.5105237662792,1187.6713950186968,1540.8955980092287,84.35733616352081
936,0.374822563744324,21.4913275862069,5.438360406091371,7.39395862068966,1.59908549618321,28.459625,0.362005053695515,3.14555371900826,2.08801346153846,37.7811333333333,0.350680170575693,3.12870336391437,59.5509411764706,4.51291129032258,49.998956521739096,240.9593063499798,45.21239426594548,679.3064825465465,6.81914190346787,333.6736684645774,1108.2506738603115,203.61091010272503,439.00818563997746,1364.0142977237701,2046.7596594244244,96.27537801861763
937,0.617284646348476,18.566803030303003,5.47228723404255,9.497085470085471,1.14545328031809,22.1808723404255,0.325312632535595,3.13779005524862,1.35486429512516,25.167075,0.306195426748205,3.10351482479784,42.5874814814815,3.9641324041811794,34.8378888888889,201.06242699655942,56.88803304941287,40.70150817530695,6.760971885028094,180.70799336792302,989.0335611999035,58.684684336185455,372.7397881448269,1148.3391746878624,895.7624901086092,73.67739453911781
938,0.664632213062777,27.9872051282051,5.49059162303665,9.55228037383178,2.02534683098592,34.6824482758621,0.482445004582951,3.11247058823529,2.60352911392405,44.144846153846196,0.48115543071161093,3.0913050397878,48.8276,5.04454910714286,58.604055555555604,757.4688871821287,57.1212670578455,68.093052535522,6.779264649697484,302.0094673590792,894.1993117332458,138.8908363878727,357.61818289756775,1251.536514610052,2038.8136617839336,80.63390851020813
939,0.448979020979021,19.3011935483871,5.47411009174312,7.34316428571429,1.3154358655043599,22.0144893617021,0.361729901269394,3.13376219512195,2.04905293005671,31.557656250000004,0.367692406280038,3.09562130177515,55.629619047618995,4.6893119266055,41.9916666666667,758.5700709389635,49.300076589080234,313.47731743408474,6.777824179351458,68.35789233817087,907.885329797864,161.59317456185818,395.33483795821667,1268.393313512206,2064.5687356591225,91.71278215944767
940,0.15772203441917598,18.7079322033898,5.44840609137056,10.283303571428599,1.70088838612368,28.431524999999997,0.475662533215235,3.14679347826087,2.46802790697674,37.8906896551724,0.455530047557285,3.12424934383202,45.571347826087,5.01445175438596,49.1579090909091,518.522993392382,49.48276745050069,54.53377740107384,6.79497587629273,182.2713529473175,1046.6802399605513,96.43151424825191,455.9482913464308,1298.5502369701862,3113.4039163589478,72.95580580830574
941,0.763738720538721,27.9978421052632,5.45425405405405,10.560303030303,1.72297202797203,25.465349999999997,0.532465346534654,3.1592738461538503,2.7875597826087,41.12984,0.5057572093023259,3.138689373297,52.79615,5.01860352422908,54.2594285714286,77.89750454693342,45.63562562971069,34.08945215787453,6.807967819056756,189.22802934498273,913.0483958870173,204.1634637862444,389.1072701662779,1130.652567371726,1910.9115935862064,95.38517333567142
942,0.5975407701019251,17.8189846153846,5.46222564102564,8.0974921875,1.55958993902439,25.215465116279102,0.5100602821718679,3.11186060606061,2.48845205479452,37.7962903225806,0.503610308285164,3.1120534759358303,49.062083333333305,4.99308438818565,50.5516,397.6423244229602,49.65873877654195,61.23534876712623,6.7687828323548604,113.45402217813111,1009.8366998136042,197.28993065655231,399.07260797917843,1018.2315949350597,1998.9128224551675,98.83143939077854
943,0.5218655963302751,18.6152931034483,5.47508530805687,8.89183,1.35807446808511,18.946852459016398,0.5937746625129801,3.1459081081081104,2.26247331786543,34.7378787878788,0.5673514313919049,3.12760486322188,42.1801923076923,4.74527935222672,46.523999999999994,85.28666000193577,49.60715744314366,40.930785020965956,6.808182393564272,775.4771519775369,968.4538468718529,122.59874492883682,420.4167053103447,1282.8818056732416,1180.7659175246954,73.47860373556614
944,0.46089694176790996,18.6143125,5.47529411764706,8.07041891891892,1.49891012838802,25.2199555555556,0.425907692307692,3.14765443425076,1.76074834437086,28.3385789473684,0.417804719283971,3.12861094224924,49.358,4.5125238095238105,38.8822142857143,757.0058066929445,49.340421445206665,682.0159842382944,6.779458444602938,60.58214039501085,1024.6797930449247,194.53316926956177,479.43340614438057,1112.0497714728117,1604.1771043092012,98.54878298938274
945,0.553860625331214,18.6274827586207,5.47533018867925,8.07831496062992,1.7862026800670001,28.3035135135135,0.5605505397448479,3.10963525835866,2.87122252747253,40.95044,0.546837851405622,3.09245576407507,45.716545454545496,5.49504020100502,54.5408947368421,757.4476441154048,56.921570735762,68.00680858517514,6.764442271343986,257.8690585135542,1059.1357480734587,166.56145453453064,373.506685718894,1356.57899081707,1432.5262978672981,94.77268904447556
946,0.407575860764283,18.3903880597015,5.50908743169399,7.52132846715328,1.81506272401434,31.197705882352903,0.377171854734112,3.08881117021277,2.54866276346604,40.61184,0.356206619239097,3.06838805970149,59.0685294117647,5.148705583756341,54.7945,139.56262654007327,53.23919419637644,47.41447609733089,6.757757567710983,105.51077356117744,850.7311344146729,201.4576457440853,427.84675024449825,1208.584988489747,1575.514767318964,98.68168272078037
947,0.232657130657558,18.6047777777778,5.4762122641509405,7.35027857142857,1.08089681050657,21.9680638297872,0.190242542153048,3.10461455525607,2.05746815834768,37.7485357142857,0.182918809884014,3.0913,41.92368,4.637816,50.7438571428572,763.6153326517092,45.58976511940696,33.914273478178096,6.782674527714699,771.3922464571883,1069.8312893509865,168.15629787743092,405.020359903574,1136.6907972842455,955.1800787448883,95.28258815407753
948,0.5120421002838219,18.6051666666667,5.47221276595745,8.78784615384615,1.4574512195122,25.2254,0.392326967150497,3.12340729483283,2.2187979591836697,34.4620909090909,0.38590554722638704,3.10033854166667,59.3963529411765,4.81889873417722,46.222666666666704,247.91423498478642,56.64821354404798,47.647242463647416,6.789874705085348,324.8080628610812,953.3648379147053,176.5997614711523,445.85978612303734,1118.6456307768822,1518.3556824922562,76.74163207411766
949,0.5002840409956081,18.609196969697,5.1441550000000005,8.342731707317071,1.79921232876712,25.1624565217391,0.578559741657696,3.11659393939394,2.91985969387755,37.8828148148148,0.5514252269469659,3.0921250000000002,48.9832083333333,4.90919130434783,50.266136363636406,116.7327413981418,49.20485853986245,40.83582283941386,6.767636603600099,286.6650726684555,911.2152736634016,259.2689823359251,413.87490928173065,1131.7966505885124,1207.999186590314,98.9018939435482
950,0.465838959854015,18.599046875,5.15528251121076,7.7349166666666695,2.01892704626334,40.7338,0.209969362745098,3.1011988472622503,2.34521900826446,43.7968333333333,0.198382137345679,3.09503438395415,42.1238260869565,4.8897316017316,52.6629523809524,92.47690401203518,53.00437749652427,683.5727330895179,6.768933992148339,520.5384608517979,1018.500654026866,175.54182559251785,453.5270854830742,1259.738951921463,1597.477588802576,88.34651671350002
951,0.372059906171057,23.715673469387802,5.45917289719626,8.09632283464567,2.10159706959707,34.8356785714286,0.586808130081301,3.13618356164384,2.42075764705882,37.9070357142857,0.553155492154066,3.12078443113772,38.8354074074074,4.8547838983050795,49.713695652173904,761.3072407127646,49.31055913887457,33.98579433035813,6.790078309697707,83.00716867750086,882.0449002087116,93.08014996349812,482.17070288956165,1377.6329811662436,2421.2355725467205,70.10772824287415
952,0.556996348461137,18.606793650793698,5.48966507177033,8.0121875,1.72687087087087,31.669555555555597,0.36754450261780097,3.14984709480122,2.48617464114833,41.289384615384606,0.364906563965171,3.11527596439169,42.135375,5.17951583710407,54.234380952380896,101.04867188258346,49.37795809728112,682.8583290267491,6.771148305055852,356.8956237636434,937.8634858876467,190.20657055079937,345.67173570394516,1055.1754385232925,872.9965891689062,109.9614892154932
953,0.533948467966574,18.6057288135593,5.47239790575916,9.48075652173913,1.76233435582822,31.6102647058824,0.46153071055800904,3.08607807807808,2.33381917211329,37.9041428571429,0.456252796420582,3.06948203592814,52.285857142857104,4.93470711297071,50.1119130434783,766.5966742313112,56.9205334123351,54.35901093340208,6.751321255205557,189.0645767519658,832.1796078234911,204.07927222549915,417.4889996647835,1188.1002224981785,1512.8934755921364,95.036206766963
954,0.710323874151758,27.9651,5.4351210526315805,7.97212403100775,1.8014814814814801,28.3481842105263,0.521485394352483,3.11128787878788,2.49145169082126,34.7010909090909,0.52292487562189,3.0958010752688203,62.9453529411765,4.98355882352941,46.6831818181818,77.46305536761419,49.387014928094736,682.2205976118963,6.76962831015789,265.6180491824886,944.268936291337,200.15048794448376,438.2601007819176,1268.602628260851,2516.3449347019196,84.07202549278736
955,0.553102857142857,18.620734375,5.438106382978719,6.06148823529412,1.56138753387534,22.1161086956522,0.502194805194805,3.1128128834355797,2.39200233100233,37.8092258064516,0.508534906588004,3.09229545454545,45.74748,4.9658240343347595,50.4506666666667,753.8505620251824,49.28272557125027,684.307441093405,6.763894933034407,75.32739553117403,802.7779869735241,198.4028611332178,398.561405017972,1193.2497378438711,1003.628084436059,94.67941708862782
956,0.33502634920634905,23.7817659574468,5.45697989949749,7.336635714285721,1.64610576923077,25.22,0.419459705676244,3.12946195652174,2.2901599999999998,37.76703125,0.419851594439902,3.10767847411444,42.31,5.05590821256039,51.2757894736842,116.23733898791882,41.6553155592698,682.5629564916887,6.771807877117893,68.08818575274228,1031.3568636775017,127.17614881694317,426.3707436621189,1218.2093225419521,1197.9334522038698,79.0352001786232
957,0.332156869331542,18.612676923076897,5.46342553191489,8.159673758865251,1.90433868092692,31.4647105263158,0.465644211375555,3.1008678678678696,2.27296449704142,37.9135666666667,0.44874114214255895,3.07616710875332,49.5784583333333,5.03109361702128,50.573299999999996,116.76353176943773,49.341266824024,684.2454507548507,6.739674320805551,75.36333031092174,1064.4514113664627,123.60191904008387,390.9013234078884,1076.7512954771519,1191.9733136892319,78.18993180990219
958,0.6172867058195409,18.6086440677966,5.5421978021978004,7.431036231884059,1.39623345367028,28.1771081081081,0.228035964713866,3.11477419354839,1.9128056013179602,34.5387,0.220275020508614,3.09391452991453,45.96648,4.81524299065421,46.285039999999995,760.9651782420768,52.927318222803585,682.0842319522698,6.753636157945907,90.5631650061153,858.1928908824921,224.13446567952633,427.01330967247486,1152.8795585036278,1197.4910739809275,101.03210806846619
959,0.486540562576437,18.5957014925373,5.48209478672986,8.0414453125,1.31852173913043,25.2813684210526,0.307051751176163,3.10885498489426,1.55782327586207,28.1178974358974,0.291425113895216,3.09363126843658,42.2149583333333,4.30905284552846,38.6652580645161,333.30326939716673,49.25802850738612,33.855634009014,6.756449375825031,768.6704336768275,953.3212520182133,141.10859483480453,434.5979541540146,1132.7597312629223,845.726765692234,89.70811031758785
960,0.477828417116743,18.6258253968254,5.46921276595745,7.44585161290323,1.51513095238095,28.3217073170732,0.376051432770022,3.13949586776859,1.81727301587302,31.436000000000003,0.326210880538418,3.1208083832335296,46.0030454545455,4.5320634920634895,42.0998888888889,115.62160247371506,41.587272718598285,680.3875400717925,6.7744704661865205,67.95526177920519,937.9045106470585,161.99140809476376,342.7881747484207,1040.0907136499882,841.7571894824505,84.30550806224346
961,0.600471035693388,18.6147424242424,5.4429,8.08475590551181,1.60093108298172,28.50395,0.45593285939968403,3.17543786982249,2.48200865800866,41.067076923076904,0.45078045574057796,3.15936335403727,56.3198823529412,5.04711538461538,54.3835,85.83679167073302,30.003787095370708,61.2026999121279,6.795426022625656,83.34264796492553,1045.2729649841785,191.81780517101288,349.4300413876772,1338.5186437517405,2455.0368078052998,98.87721389532089
962,0.465594627594628,18.6430847457627,5.42381182795699,7.46848630136986,1.53921559633028,28.434121951219502,0.323288019863439,3.12153387533875,2.48860944206009,41.03748,0.30543682689782004,3.10781201044386,42.42552,5.06054222222222,54.7123333333333,123.90220114438105,45.5362037365154,87.29828299174365,6.753822146907232,591.3848270483509,954.0067985653877,188.67435865104198,366.2780858576298,1264.8856732994318,918.1455243378878,88.16970512270927
963,0.557331875341717,18.6063833333333,5.52280203045685,8.79316260162602,1.55915525114155,25.4520714285714,0.488683456183456,3.17402160493827,1.69897406807131,28.5773611111111,0.484233618233618,3.15460054347826,42.24636,4.16384489795918,38.2314333333333,397.8676746322636,45.374540764926394,682.6468008431559,6.808187340344356,60.61075522059624,648.709898814559,282.58454985916615,505.1637999713421,1228.170469403267,1172.5574266165495,116.5927853435278
964,0.487898341131433,18.61121875,5.444588832487311,9.58440909090909,1.72486795774648,28.526138888888898,0.418052815669815,3.13527665706052,1.94901858108108,31.707375,0.40499577167018996,3.12023880597015,42.28516,4.65802469135802,42.5260769230769,725.8238012713167,60.85676565620233,681.6924535183168,6.768555017354253,771.8499768301584,966.9887833297253,91.85192175209522,453.7642002105713,1308.8966254144907,2895.015198737383,92.0632854104042
965,0.48477609427609397,18.626265625,5.46242245989305,8.775625,1.41254609929078,25.0202325581395,0.395591978403394,3.0995191740413,1.8613598055105298,31.3447105263158,0.387084332833583,3.05771733333333,42.2728148148148,4.55909333333333,42.5644444444444,108.67170865357248,41.67757878920346,684.9167165504568,6.74615089305944,447.94050145768676,1140.2267962694168,86.55460551381111,445.29321603477,1173.7574823200703,3139.638854190707,83.84617976844311
966,0.448703814510097,18.626293103448297,5.74428491620112,7.365576923076921,1.31528410513141,28.1193076923077,0.19969008735282898,3.1033573333333297,1.41528624078624,28.1550731707317,0.19369664158561198,3.08564156626506,59.429100000000005,4.06765789473684,38.7479642857143,762.1961388040409,41.5066783389476,682.6991147769168,6.763465960173776,128.09545337839435,1046.7332787811756,120.15150859951973,377.28571332991123,1143.4195563197136,1110.298139974475,98.81383739411831
967,0.481043032786885,18.725380952381002,5.4683113207547205,7.47041,1.43130653950954,28.62,0.30390139176784103,3.12366565349544,1.8505224111282799,31.486562499999998,0.294995334796926,3.10571124620061,41.8931481481481,4.47864069264069,42.1697777777778,108.59415010041519,49.011064312465564,379.91960847069475,6.774152226130028,60.273170162663796,767.7183020859957,125.87015517055987,415.2926616370678,1189.7234711796045,1260.1263355463743,91.24549105763435
968,0.419326815642458,18.6007575757576,5.43398,6.71299346405229,1.14900948366702,22.156695652173898,0.32168224870149703,3.1707554179566597,1.46444935805991,28.4244594594595,0.342524506466984,3.17720385674931,42.3293333333333,4.21727272727273,38.705999999999996,108.61206264545075,49.41025363029151,683.9186977117587,6.792052118085469,67.85813013314657,723.1662515550852,143.80342327058315,458.6181603372097,1068.4874840080738,931.0473222285509,84.83272977173328
969,0.552977725118483,18.641586206896598,5.465676190476191,8.099897959183672,1.75495230769231,31.805750000000003,0.35084937238493696,3.14647246376812,2.418,38.0011666666667,0.347305765167522,3.12771584699454,42.1100833333333,4.939512315270941,50.7795652173913,123.67109897842343,37.67462296475627,61.17971931534467,6.775044294776929,211.93819953247078,828.7596516311169,115.53214862942696,347.5915640592575,1119.2125733941793,1009.8832193762065,83.89297872781754
970,0.6169459757442121,18.6173103448276,5.48872685185185,8.03142537313433,1.437125,25.1638372093023,0.376098497495826,3.12108152173913,2.18131422505308,34.7307096774194,0.349221013260796,3.10603703703704,45.73304,4.86284453781513,46.722652173913005,84.91270497382179,57.20989541659611,33.84018982749655,6.8006620589339954,144.28898461246493,916.1986410617828,169.3176105618477,434.3433305621147,1123.0699252337217,911.9238704442978,87.80048228800297
971,0.567963927855711,18.629303030303,5.44316915422886,7.39881290322581,1.91789868667917,31.5528181818182,0.474187980117488,3.10882424242424,2.31633534136546,37.916074074074096,0.452658484065461,3.0930843373494,38.9230714285714,5.0218672985782,50.4190869565217,85.50915731895957,57.04117233777699,694.1512854430775,6.773114397355562,219.90880026605475,1041.7234618216753,84.4502355903387,396.7197146266699,1287.6063585281372,2910.083346068859,80.75847290456295
972,0.716140099626401,18.5919830508475,5.43855707762557,6.10502105263158,1.6765859969558599,28.2445365853659,0.495784964300714,3.12009536784741,2.0346737588652504,31.231371428571396,0.497161475802587,3.09873789173789,42.478260869565204,4.80082995951417,42.5007407407407,749.8240463333783,45.74961356828444,684.2412391469734,6.763951221176523,60.42814570754324,1103.0681896954775,195.79953514039516,382.3373466730118,1358.3528343588114,2005.0665829330683,95.55681608617306
973,0.5483011494252871,18.6127413793103,5.460265625,7.42623913043478,1.82327256637168,28.603052631578898,0.6043400530503981,3.14244864864865,2.21155627705628,34.8726206896552,0.559886182669789,3.11552225519288,48.828500000000005,4.82986854460094,46.294461538461505,757.946981813738,49.50680287673509,685.3479423232707,6.7790493964804,60.58775835058356,946.6277435421944,195.19790075719357,495.8631936460734,1181.1492498964071,1344.214892014861,91.81550703942776
974,0.519889731917046,18.6156101694915,5.1867972972973,7.76191095890411,2.28335968379447,34.537419354838704,0.54153363682347,3.13730684931507,2.68396231155779,37.6038,0.536113254203759,3.11805187319885,46.0840434782609,4.96766666666667,50.1574782608696,482.8787759647565,49.44789519241114,68.08175094417916,6.794635078717302,220.16707274511572,1184.3971442431211,239.09038864076138,441.4111841470003,1267.1641539782286,2224.5158907026052,94.69850920140743
975,0.30554212034384,17.9897846153846,5.4280582010581995,7.95786131386861,1.76557722308892,28.2557894736842,0.471392010535557,3.11924923076923,2.07544910179641,31.3984594594595,0.451653239929947,3.10561764705882,45.94925,4.722309623430959,42.9671481481481,201.69374943524917,49.39857769798244,680.7468428923348,6.772782854217957,121.45716337993936,990.1692159473897,143.93641613423824,416.3603764027357,1194.6207378059626,759.1387256979942,83.5535116493702
976,0.470454939000394,18.6184137931035,5.46117587939698,9.47516666666667,1.6096603773584899,31.38315625,0.315167380660955,3.11765151515151,1.86717425431711,34.5302333333333,0.308970257234727,3.0945312499999997,46.0494347826087,4.6473407079646005,46.6337826086956,749.6775125680097,49.50551866148122,682.7549056542765,6.775262211872521,67.99355229247686,921.7936545610428,228.34120318293571,494.1843915730714,959.1945447027683,842.1423844993114,98.86599145829678
977,0.459410451094239,18.5751343283582,5.451751322751321,7.32442857142857,1.71142089552239,28.360351351351298,0.37465099806825497,3.1104818181818197,2.34609803921569,34.6050322580645,0.366731715006305,3.09485542168675,42.2016296296296,4.767493023255811,45.59492,108.76543977090489,33.96965519137755,748.2926549211545,6.773703168548385,90.61835586619716,1016.3794271647931,114.69665914773941,395.3223116695881,1118.8274715095758,1009.6102952957153,80.8121170848608
978,0.19389186895264002,18.6187457627119,5.463395721925131,6.65044805194805,1.0971428571428599,18.8298305084746,0.432097651421508,3.10903783783784,1.3792534854245901,25.1316341463415,0.404859562455893,3.0937476923076903,55.4942272727273,4.141369718309861,34.2792,418.92741620742026,49.143627227213706,684.7731926238732,6.775865690951276,44.996718915348765,1043.0647525936365,118.41654777526855,386.7375198751688,1122.9361407458782,1781.591959297657,84.06005799770355
979,0.5698902439024389,18.6236818181818,5.45099526066351,8.0136641221374,0.990738679245283,18.8766111111111,0.36020012391573697,3.12123705722071,1.2512398137368999,21.949775510204102,0.33580005837711596,3.09229607250755,48.855083333333305,4.04878308823529,30.969594594594597,107.75539626910611,56.9845246659392,683.79267067838,6.784941372172788,44.81950580729956,910.2973155677319,115.37834070622921,401.0132048279047,1126.3997294008732,1187.2956529259682,67.29811429977417
980,0.228406196213425,28.2374358974359,5.451124352331609,8.08063157894737,1.61188712241653,28.3116315789474,0.344708249496982,3.1115026041666702,2.5679925000000003,40.852239999999995,0.337778167983611,3.09175304878049,42.220592592592595,5.41309523809524,55.5164210526316,334.83078672143574,37.77304468018762,425.3367821080814,6.767699144022208,773.4169492009182,1037.4929290264845,179.0983136743307,444.21758502721786,1209.3251571059227,1606.680592522025,80.8557029813528
981,0.508756660746004,18.384083333333297,5.476695187165779,8.86633076923077,1.4908561549101,22.012437499999997,0.5257003642987249,3.11178593272171,2.32253629032258,34.7651212121212,0.5342718295218299,3.09550755287009,48.9206086956522,4.75669874476987,46.320954545454505,757.6278302671805,45.331286366549925,61.242544482400405,6.792894921475085,68.09013381788866,903.6405012011528,118.75703930854797,416.65262542665005,1158.8763445615768,1828.2027449458838,81.48089982569218
982,0.558634615384615,17.5955230769231,5.42911818181818,7.32808917197452,1.51290721649485,25.2203023255814,0.400091922005571,3.1046918429002996,2.5172279411764698,41.1023846153846,0.384629521373767,3.0829009009009,42.282035714285705,5.237019512195119,54.9578095238095,587.7719648793102,49.27816560746795,61.157454570686454,6.747645443504997,90.56312777650373,844.3056605756283,119.18875388801098,436.4349879324436,1055.4621927440166,945.6994011998177,89.986901730299
983,0.49880184129767596,18.4755254237288,5.46813829787234,9.669361344537819,1.3345900116144,25.3122682926829,0.340247077409163,3.12794565217391,2.4174572072072102,38.010033333333304,0.326567590497738,3.11510144927536,42.023153846153804,4.98637554585153,50.79324999999999,758.1888401018336,45.511575604334475,682.9471211167473,6.79653404215996,257.850074070109,801.9722066819668,250.54570287466052,434.8046611994505,1034.8510928452015,987.5854477286339,92.05518290400505
984,0.464192143467122,18.6193650793651,5.75532417582418,9.55895327102804,1.55776132930514,31.5364444444444,0.326795119182747,3.13428918918919,1.83098214285714,31.458236842105297,0.28902412342216,3.11493733681462,45.896636363636404,4.52459583333333,42.6419583333333,170.7540597589939,37.86243771758778,683.6832930034006,6.766099763657562,174.11087534812972,1071.2587274610996,141.11404307186604,351.5193238854408,1135.9181255102158,931.1564732342958,85.39310656487942
985,0.568257985257985,18.6133174603175,5.4626073059360705,8.007723880597009,1.28356324900133,25.120475,0.222222728258512,3.09315548780488,2.27307114624506,40.900785714285696,0.210628612420578,3.0534064171123,45.9550869565217,4.94927234042553,53.6066,287.4094504931213,49.496392564782774,683.7959873547192,6.74040510345397,288.15513516297335,1024.4597680866718,136.92271895706654,435.88001281023026,1117.451023310423,912.2788440436125,80.62110282480717
986,0.473315928038613,18.612555555555602,5.47541626794258,7.40603105590062,1.69518068535826,31.528303030303,0.421906004140787,3.0969303030303,2.23819474835886,34.786696969697,0.413465510445408,3.0875580736543897,52.3669545454545,4.58385585585586,46.4534583333333,479.3735502135714,45.51333829544188,683.9345743651833,6.760104125048931,204.27412804118077,954.882800579071,197.49687053263187,447.5576337426901,1157.0492759346962,2650.7344096899033,91.01401083171368
987,0.47758615004122007,18.611484375,5.49394811320755,7.418528169014079,1.39902526595745,18.8659074074074,0.649407158836689,3.13809510086455,2.8021662125340603,41.121892857142896,0.630759647188534,3.1204060606060597,42.044,5.23524479166667,54.7288571428571,756.0272160292859,45.439446474505424,33.90363634409567,6.779450448584568,98.63605781521035,881.9187991321087,88.44337426126003,398.27730506658554,1348.244957625866,2690.7911524176598,80.53700439631939
988,0.528807386629266,18.6104745762712,5.45624873096447,10.1633097345133,1.89531210191083,28.576692307692298,0.499366775548297,3.1575757575757604,2.67656908665105,41.3303448275862,0.47841313383208606,3.11494242424242,45.6578571428571,5.1017247706422,54.3891052631579,756.5615083592721,49.29828192762452,40.89497897714149,6.793442689784956,218.43196755346153,886.0464673489332,110.80424301326275,390.61158895492554,1103.2316368073225,944.6667972952127,77.07937620580196
989,0.441111977030353,18.6099047619048,5.47643085106383,8.86443410852713,1.90930707395498,31.715375,0.514823108384458,3.15048923076923,2.21694893617021,34.8597058823529,0.506866217516843,3.1363087431694,52.50445,5.0286896551724105,46.677772727272696,773.4397790920302,41.63050454958978,683.5485161625838,6.77858943393437,189.88900977397827,877.8567425906658,218.08077581226826,431.1482887715101,1262.3151764273643,2288.759686052799,91.76828898489475
990,0.441301607996523,18.607312500000003,5.11293467336683,7.0006890243902395,1.60929583975347,22.1071063829787,0.478049771878888,3.16337317784257,2.98261235955056,41.032599999999995,0.47678121085595,3.14156557377049,42.11392,5.33155909090909,54.6167894736842,77.89120755950583,45.65924183742422,34.10000204394205,6.8187200027296155,250.2287819486407,881.1257779598236,85.94556711614132,402.6516806334257,1182.1809690445662,2039.6255422383547,80.08787408471107
991,0.49472898550724603,18.6289682539683,5.43614814814815,7.371544871794869,1.03017745098039,19.0212545454545,0.27317160464565104,3.15866666666667,2.11281005586592,38.1117857142857,0.269468910585817,3.1491912568306,49.179619047619,4.8509746835443,50.3978571428571,295.0039064961965,45.45257016744039,40.86280045037222,6.813020148369175,775.7814275864548,967.5286710262299,149.47005547583103,350.9762231260538,1272.2518760710955,928.9521258324385,91.45475924015045
992,0.48465834489135495,18.612293103448298,5.12385365853659,7.06481481481481,1.69550371471025,25.062297872340398,0.41506488991888796,3.12528571428571,2.89063591022444,40.6774166666667,0.420642353770261,3.10829585798817,41.9021428571429,5.233660194174759,54.475578947368405,92.74279172226575,33.973686583028694,67.93762353409156,6.788100219354175,770.3857849981746,887.6869454979897,117.59023182094097,402.3485351353884,1130.6650470942259,1492.0615125447512,88.20537477731705
993,0.513969372873116,18.6172586206897,5.45432857142857,8.681025423728821,2.00559649122807,34.2942727272727,0.5014811181951939,3.09869054441261,3.03706613756614,43.833375,0.486722641509434,3.0585526992287897,42.5720833333333,5.513427184466019,58.5604705882353,603.5591744649311,49.03723944719802,33.92006592467574,6.751945387773393,112.99764163328008,1071.974728256464,24.991808459162712,371.52874283492565,1193.2339519262314,1438.5606162250042,95.90936824679375
994,0.553264289459885,18.5195333333333,5.4738437499999995,7.38149068322981,1.49990096286107,28.4614473684211,0.285039189900053,3.13350815217391,2.03752277227723,34.8653666666667,0.27985912953901604,3.11861714285714,38.9695714285714,4.724995744680849,46.2791739130435,146.9639791384589,41.30938353036173,33.98266544776008,6.78074051013912,287.0044780151117,880.0012525171041,52.6938121765852,386.6720013320446,1095.9392879158258,730.9216074645519,73.45350459218025
995,0.75612576478586,27.9195526315789,5.48842857142857,9.67847169811321,1.72930441400304,28.44425,0.426257142857143,3.1618461538461498,2.75477747989276,41.1731379310345,0.406136292834891,3.12789504373178,38.941709677419404,5.42282857142857,55.4203888888889,485.68537963637766,52.92593165163156,681.1438404311937,6.782451940899423,240.37137482951863,1025.0668041408062,91.24623611569405,358.93358290195465,1124.6429290622473,2425.059350207448,97.89690375328064
996,0.599324570815451,18.6002333333333,5.46348792270531,8.6431746031746,1.7618533950617299,37.8236875,0.24647650248531403,3.1448450292397703,2.27887229437229,43.9998636363636,0.233539033457249,3.1296988304093603,49.0078181818182,4.7800511627907,58.4023888888889,759.8725685909011,49.028758768315534,714.1227639600279,6.7842000167030285,75.25562785997809,769.8558270931244,195.76605409383774,412.4201834201813,1183.8681530207396,833.082152530551,94.80379521846771
997,0.562618421052632,18.60940625,5.43657619047619,6.70631460674157,1.63796636085627,34.856103448275896,0.34763020134228195,3.17329916897507,2.09160569105691,38.0616071428571,0.333788605230386,3.15308405797101,45.066590909090905,4.8160826446281,46.65468,334.1349060631573,57.08036694198535,68.23656035284952,6.82819853589186,204.5391707408982,859.8700165748596,161.75932250916958,382.7094566076994,1179.5322876423597,1476.1163387447596,91.39813482761383
998,0.523130998080614,18.614,5.4643749999999995,7.77860869565217,1.78913043478261,31.8266764705882,0.465806237816764,3.1509764705882404,2.9380025316455702,47.531000000000006,0.446261609907121,3.13498245614035,42.545880000000004,5.61237113402062,61.84957894736839,92.99896700026473,49.14727243484358,47.676009669502626,6.775716486853634,219.4333745916424,808.9821320027113,170.48832960426807,349.3068739771843,1197.2158681601286,2001.2845750898125,91.62658825516701
999,0.5478469002695421,18.347046875,5.46288888888889,9.52641666666667,2.00456529850746,34.7931764705882,0.515163235294118,3.14173783783784,2.2387722007722,37.8745555555555,0.48019371959310003,3.12911370262391,42.424407407407394,4.79040566037736,49.2164210526316,752.832560819687,53.06447713181544,61.42397550092409,6.800840429532579,769.9505816004984,827.4839259684086,91.1275390535593,383.64147767424583,1049.0511078387499,2997.7477621287107,80.4056879132986
1000,0.37185796891940703,18.60785,5.4248136363636394,7.97427272727273,1.42445768772348,22.166956521739102,0.596862461220269,3.1150273556231,1.60716692189893,25.1705853658537,0.6045101070154579,3.09946987951807,42.7975,4.35105241935484,34.9758181818182,414.5946137240822,41.7438686709458,684.9007476156929,6.784604172274648,775.4719700970577,937.4673943966627,92.05890819430351,376.384612172842,1021.6934140771627,2287.584636360407,76.94493979215622
1001,0.304172643146327,18.6081846153846,5.50261780104712,8.100165354330711,1.5134960106383,28.2030731707317,0.406920721333787,3.1467768115942,2.02211067193676,34.607666666666695,0.398207217261905,3.1440828220858896,38.9033703703704,4.60103829787234,46.887217391304404,69.30409499165131,41.458211513786814,683.4053325718643,6.785238620098423,769.8581731251082,870.8535693585873,91.04209020733833,372.66709841787815,1021.2033987045288,2104.089828208089,80.159492790699
1002,0.338703703703704,18.625,5.459765625,9.4334094488189,1.5630252976190502,25.2945609756098,0.589291944586968,3.12923404255319,1.94913620689655,28.3761388888889,0.546433402705515,3.1162303030303,48.966285714285696,4.56943181818182,38.5003,286.4059657386106,45.09341456332263,567.3730020993476,6.79114189735277,60.2582038397477,941.0648606717587,118.27591806650162,373.19185212254524,1182.3297943919897,1155.908778309822,87.00508624315262
1003,0.278264137770538,18.618034482758603,5.47290860215054,7.35791025641026,1.43300817757009,25.0798139534884,0.288562271577172,3.12877743902439,2.13484431137725,37.597,0.300859597156398,3.1293216374268997,45.52484,5.02169801980198,53.9317619047619,92.46534662762798,48.95146504747834,74.78735863302128,6.773424796790485,150.25143345251124,877.7938783168793,109.27403345704079,429.81281876564026,1162.4899227172136,1212.3671360313892,76.79732516407967
1004,0.29302163661581104,23.2938085106383,5.5401212121212104,7.35885314685315,1.30405056890013,25.025,0.327887780548628,3.0960572289156603,1.9222474916388002,34.4530333333333,0.318182113341204,3.08076204819277,41.9887916666667,4.7958354978355,46.6289545454545,293.5179062830917,45.322547031445225,683.3284934285733,6.778379991421436,769.1464023921319,890.1224471628666,117.66022071242332,386.6518381983042,1102.7203872799873,2364.5803332328796,72.3967794328928
1005,0.619802907915994,27.6245128205128,5.44782075471698,6.0917380952381,1.0196650148661999,18.7851785714286,0.300060501981506,3.12234346504559,1.9632355932203398,34.832838709677404,0.32401268230818003,3.10462385321101,45.6555833333333,4.59575889328063,46.229079999999996,208.15160338823605,48.99149836110584,40.6102927575169,6.778142241621871,765.5200076777688,791.7114999145269,118.92560869455338,447.9308146983385,1042.272662743926,998.3093943446875,83.41660723090172
1006,0.416703676197549,23.6873137254902,5.44006349206349,8.75747967479675,1.535112,25.1841707317073,0.589813941568426,3.14185448916409,1.55087740029542,25.100413043478298,0.5702638613861389,3.1164213649851598,42.0590714285714,4.2293595505618,33.9031612903226,331.2112949446939,41.250204931828215,684.0425173635252,6.79041106815938,45.13932060303831,786.0969286412001,121.10625393688679,284.7612835466862,1275.054132565856,1231.6151522099972,80.21811954677105
1007,0.331652532031727,28.0627142857143,5.12599103139013,7.07023668639053,1.84746656050955,31.4560857142857,0.448732741997686,3.12693920972644,2.18631444241316,34.5971379310345,0.434680220245659,3.1071272189349104,45.76964,4.645273972602739,46.553,747.9130816846659,52.90489792653536,683.260562721215,6.782814000313786,768.8621787478273,720.6869777292013,88.06907571852207,374.91582334041595,1417.5692107528448,2018.339652568102,70.04700601100922
1008,0.223377202523385,18.5973166666667,5.44052331606218,7.39242957746479,1.59167611940299,31.369033333333295,0.458050724637681,3.10033950617284,2.4719916839916802,44.111,0.435100186915888,3.07871059431525,45.4441739130435,4.9033717948717905,54.3243157894737,209.12754044275295,41.40734645000834,54.32935273854482,6.7707402996829815,767.504941247066,929.5590221881866,128.73676605522633,401.5773069113493,1197.6553592830896,1404.1190966963768,73.23632016777992
1009,0.34472972972973004,18.4440333333333,5.41103482587065,7.42723021582734,1.6805302782324099,31.4313333333333,0.369050087565674,3.14652615384615,1.9109628378378398,34.650999999999996,0.350953480358374,3.1210761154855597,38.9071111111111,4.58116513761468,46.6086363636364,752.9645586247215,49.08487604770202,33.882777284166814,6.779983899329601,324.55678743215856,886.2565737217665,91.12861007452011,408.3906300365925,1259.995298460126,1964.187901467085,77.07290351390839
1010,0.34200666000665997,18.6099230769231,5.49203333333333,7.40151851851852,1.41907311028501,28.237775,0.368883116883117,3.10427272727273,1.8510932475884199,34.5592666666667,0.365524004085802,3.08095454545455,42.4543703703704,4.57000843881856,46.5632727272727,632.4440312726132,41.48861585791891,334.3562409231632,6.752725048836317,248.44786125068975,1043.799752369523,113.50708082318306,405.24061769247055,1338.1697237491608,1071.2701827287674,92.70729497075081
1011,0.557547792333819,27.6735526315789,5.44311848341232,7.34296774193548,0.992537899543379,19.1244905660377,0.28293578847969797,3.14556456456456,2.14482142857143,37.912074074074106,0.260693107344633,3.1278422619047603,45.319913043478294,4.81769658119658,46.709599999999995,84.73468056470753,48.86455819854097,34.031753790936925,6.794823982930292,765.312331530768,885.9435562044382,117.66310781240463,412.8013737499714,1178.1542096287012,1253.243861719966,77.06801407039165
1012,0.40210208087946603,18.141937499999997,5.42618309859155,8.072338461538461,1.6353323216995401,28.2469189189189,0.478839177185601,3.12645287958115,1.9052486085343199,31.387406249999998,0.438999223602485,3.10731266846361,42.2846666666667,4.4722874015748,42.6961851851852,147.03473203392576,49.25724593666871,54.4338249204182,6.780417590105051,769.4022248612359,854.970421642065,115.68102054297924,381.26870058476925,1106.5113358199596,1470.712386071682,95.41362524032593
1013,0.407586006957866,18.5887611940299,5.411582474226799,8.045818181818179,1.54597727272727,28.4373333333333,0.408481128327374,3.1761303191489403,1.8872844522968202,31.544815789473702,0.39496591344312504,3.15614925373134,45.7560952380952,4.4088448275862095,41.7207692307692,208.31847762587122,48.93054521045304,34.052084785859215,6.811854471194297,769.3412359287962,869.5980999618769,119.44822035729885,399.43475276231766,1182.4685614556074,763.2781285792589,80.534303560853
1014,0.440360749808722,18.715017543859698,5.44663959390863,8.56172388059702,0.922137,18.872033333333302,0.24646011486917702,3.14281739130435,2.14912401574803,40.856461538461495,0.23320810634125103,3.12903430079156,42.1313333333333,4.679944444444439,53.76447368421049,751.4741084643806,45.1229584249469,682.6137409759759,6.782400336964767,765.7457186980321,894.9794340878725,178.50100994110107,389.5350731909275,1180.0612788647413,918.3913934975863,91.88172407448292
1015,0.43652750533048995,18.6334333333333,5.4611170212766,7.3248027210884405,1.2129350649350699,22.113320754717,0.40370172684458405,3.1389313432835797,1.96105223880597,34.7735757575758,0.39212834023334603,3.12049240121581,42.4012962962963,4.5028649789029505,45.72732,115.40766911753788,33.71925740280014,47.41635654851226,6.751907992897849,762.3333686828959,806.7810442298651,163.77242282032967,343.00065599381924,1013.5890450328588,1112.4168988317251,84.56399664282799
1016,0.242418801609147,18.632533333333303,5.45058215962441,8.91748507462686,1.40127675276753,25.0165853658537,0.397440040997608,3.1049728096676703,2.04493761814745,34.4007666666667,0.394748212269477,3.09300864553314,38.6306,4.64109589041096,46.643,92.35170594527685,37.75072571838762,682.2870130522774,6.767224813993416,68.02570500429125,925.7225785404444,92.83032268285751,399.9768290668726,1176.263578236103,2118.3937788009644,77.42708548903465
1017,0.42020560407569096,18.376881355932202,5.43854314720812,8.09655905511811,1.53344159178434,25.4647608695652,0.53854793085385,3.16232044198895,1.6716723868954801,28.6109268292683,0.5105867602808429,3.1424815789473697,42.373239999999996,4.22837916666667,37.7049,759.940945584966,41.39603733011759,54.48760565686396,6.78073265879471,764.6803860747352,973.0977937579155,91.16688743233681,399.68988858163357,1272.0734346657991,2292.337641119957,76.42102427780628
1018,0.260197172431204,18.169078125000002,5.4315,7.394,1.69067547723935,28.2390857142857,0.590487702773417,3.09960904255319,1.83915053763441,28.2099210526316,0.553202787121576,3.08111676646707,42.45525000000001,4.3125855513308,38.211,272.41565558792666,41.477384710306104,684.880550162254,6.76260841953666,82.56439481495048,594.5294629782438,196.85858860611916,352.87952050566673,1200.19456371665,1897.6511433720589,89.03001435101032
1019,0.340770026603606,18.6054626865672,5.48091904761905,7.4630652173913,1.3460982961992098,25.3202608695652,0.403051080550098,3.1554875,1.59428120300752,28.3513658536585,0.394248802064136,3.13734146341463,38.875275862068996,4.3208093220339,38.1026206896552,762.8093210562965,37.65205138325632,245.78916532902767,6.795091758364848,769.4811170793927,924.2820087820292,89.84836749732494,294.7738394141197,1112.413965165615,3072.677692398429,85.74430830776691
1020,0.469752564628642,18.6024029850746,5.46801904761905,6.71792156862745,1.38414847715736,25.265825,0.38679629629629597,3.1712037037037,2.18918809980806,37.81878125,0.372012239020878,3.14489602446483,49.313624999999995,4.73933640552995,50.7186842105263,77.25554865570922,49.376112961250854,40.83479370054333,6.794228455613314,768.5276772888644,832.2179317474365,175.92399381101131,364.8770973086357,1141.733629629016,1572.7829653769732,95.75211443006992
1021,0.230343236551879,18.608171875,5.50486315789474,8.851192592592591,1.37899171270718,28.128386363636398,0.38254372990353697,3.15629754601227,1.51992429022082,28.421789473684203,0.3871738399462,3.13732012195122,42.255,4.21531751824818,38.9592666666667,108.03040458529068,45.48599883320745,47.57324640761114,6.777512570307272,767.039817282353,803.9488457143307,138.66480439901352,380.04955276846886,1107.8355833888054,672.579649835825,87.38823235034943
1022,0.165206195822083,23.238039215686303,5.459053658536581,8.813049180327871,1.0174639358860198,18.867181818181802,0.37932866101069695,3.12499453551913,1.30389461883408,21.9665909090909,0.359320903181663,3.0913471502590704,42.3245833333333,3.85416370106762,30.6503529411765,162.20496123281686,49.03994964657796,682.9574952075699,6.754232818596305,59.754896565441186,689.9969186633825,134.55478474497795,388.49893026053905,1026.933267712593,892.6540613174438,86.03790774941444
1023,0.36041004709576097,18.6108813559322,5.76817741935484,9.57844166666667,1.28542302878598,25.2496315789474,0.294010451185317,3.09951482479784,1.28884296482412,25.088837209302298,0.284816901408451,3.07927835051546,42.156,3.90913605442177,34.9271176470588,761.74542394918,37.62721833140402,348.0834297777802,6.7558605628294615,768.3679755989814,895.9210943430662,58.222515508532524,443.72593984007835,1116.6388168931007,503.65882925689226,80.37937805056572
1024,0.258711702661979,18.6136440677966,5.41701052631579,8.070589552238811,1.28356195244055,25.3353,0.31670468431771903,3.12111585365854,1.43679679144385,28.333648648648598,0.30455973509933804,3.11973228346457,42.2190357142857,4.16689558232932,38.826592592592604,123.45166116443202,37.61027492575007,684.4814715322798,6.767861057353314,768.9359888530832,833.8336367160082,117.21719056367874,447.67390936613083,1124.6981099247932,1305.7362288236618,81.14171214401722
1025,0.275504616805171,23.8173076923077,5.47034759358289,8.01218382352941,1.4930449871465301,25.2454666666667,0.44823287671232903,3.14235258358663,2.11340891472868,34.970303030303,0.447284435797665,3.1259756097561,42.101846153846196,4.84500476190476,46.44316,447.10189850339646,33.90650853046993,581.796390352568,6.790969809134467,769.7930681827842,1014.4887957721949,114.8600596934557,357.2984132915735,1026.6891214996576,906.0527198016644,80.39693348109722
1026,0.351733597802869,17.8564,5.42443457943925,8.22357,1.12441425619835,22.1956153846154,0.33635627663061296,3.17199411764706,1.49477472527473,28.387731707317098,0.324365363128492,3.14192795389049,42.2292142857143,4.023118320610689,38.324,730.7715481829038,45.264235228404374,681.1157311058624,6.7879749597921615,770.6686973225698,881.6092275083065,89.06638249754906,410.5015192180872,1508.0704353749752,2447.4813137203455,76.9981648772955
1027,0.35551806491120597,18.594970149253697,5.47818571428571,8.08295070422535,1.23237606837607,21.931596153846197,0.41399856527977,3.0910764525993897,2.31262017167382,40.860279999999996,0.41370164197036396,3.07197910447761,45.52464,4.9677423580786,54.7478571428571,122.86043233765568,49.06802826120645,33.876366199079534,6.738292353411993,764.2807990973241,852.9097307473421,152.2419974207878,423.10371063649654,1191.8508913367987,663.0199495702982,84.49321612715721
1028,0.618342986939239,27.8634090909091,5.51966183574879,6.77692105263158,1.49457366362451,28.2958048780488,0.383420875420875,3.1363591331269403,2.19073991935484,37.7999259259259,0.375677532422012,3.10620238095238,45.6792916666667,5.03577880184332,50.74,423.9624643968671,41.51223753808936,613.7376228828394,6.761706845023815,765.493639622537,919.0939366817474,135.3822648525238,381.36932998895645,1110.154902562499,814.6042469888926,84.90839973092079
1029,0.42253478429848396,18.6212542372881,5.47722994652406,8.89504347826087,1.5870622406639001,25.0882222222222,0.396082481751825,3.08872443181818,2.01710196078431,34.6294666666667,0.386960086299892,3.08747953216374,49.2575,4.70209917355372,46.899409090909096,100.02570483043566,41.47157813591407,685.8176146789542,6.766078078184747,75.39514372004568,1023.8849557936193,160.85193492472172,377.96166725456715,1046.1862664669752,904.5034646987915,94.79708969593048
1030,0.47473048327137496,17.7937540983607,5.435158730158729,7.36339743589744,1.2202093301435402,25.2350975609756,0.259542424242424,3.11918157894737,1.66097402597403,31.569515151515198,0.24262695405021303,3.09747256097561,45.83204,4.50532188841202,42.123962962963,753.1454207254834,41.34893585587375,684.3538967240155,6.759864558632163,769.071615854681,1104.4612620025873,137.05878518521786,339.0064463019371,1099.3878822773695,740.5857555568218,85.63189767301083
1031,0.252635483108906,18.465500000000002,5.4572,8.11075396825397,1.4291010830324902,28.4532222222222,0.311518121911038,3.12495744680851,1.68554976303318,31.384030303030297,0.30061881612811003,3.1089939393939403,42.0667307692308,4.45480082987552,42.11524,92.77783842356533,48.963065408864395,33.926868358716455,6.751909273831206,104.5185648918281,752.901379019022,91.07277728617191,316.1550499498844,1108.081778511405,1961.7664627730849,84.17428471148014
1032,0.724840531561462,27.9360454545455,5.45842702702703,8.063962962962961,1.5385006622516602,25.0434418604651,0.359084639498433,3.121027100271,2.45493317422434,40.9419310344828,0.35253761593953997,3.10833727810651,38.91375,5.12330392156863,53.974999999999994,69.36618429911236,49.237237383907285,47.40110045401786,6.770781149657315,767.306319396025,823.5832210630178,97.79599495232105,361.08107306063175,1127.1731927990913,2576.819295063615,80.93020878732204
1033,0.207707027027027,18.7257068965517,5.46184285714286,7.43819708029197,1.22953272101033,22.027130434782602,0.41597234648231,3.11868119891008,1.43502100840336,25.104413043478303,0.402467976424361,3.09571084337349,38.8904074074074,4.17801556420233,34.4695483870968,108.21608729103542,30.131289620127408,33.96472352027541,6.778948224324032,772.0160054392222,891.4725854992867,89.88277986645699,381.06278516352177,1259.1267004609108,2027.1078683435917,80.41821420192719
1034,0.32098439676790197,18.6138571428571,5.463899543379,8.124736434108529,1.51517647058824,25.0259523809524,0.581200899550225,3.1222320916905404,2.11063853211009,34.4850333333333,0.5614302554027499,3.13675956284153,42.4697777777778,4.65105445544554,46.59983999999999,169.8590693210929,37.94866627233982,681.8349309746388,6.775323567853255,768.9738902712401,1003.2793041318655,167.36253164708614,397.13140577077866,1114.4247371703386,2229.6099923551083,75.52872411906719
1035,0.40411582608695695,18.5891940298507,5.564495145631071,8.92811194029851,1.4966409495549,31.4816486486486,0.207655021035303,3.10504699738903,1.9896148148148098,37.5582962962963,0.19805036094878,3.08283155080214,39.1222592592593,4.77521559633028,50.625750000000004,622.4151136105058,45.49835438751779,60.9464133601092,6.768053474787984,765.45674337142,888.2636670023203,57.61533975601196,361.3398876041174,931.8364784121513,648.361211642623,66.35868921875954
1036,0.391215642458101,17.778949152542403,5.46044973544974,8.100182539682539,1.83100336134454,28.456157894736798,0.631162561576355,3.11130481283422,1.85986486486486,28.3109024390244,0.5947085828343309,3.09369318181818,38.7929333333333,4.46072480620155,38.248851851851896,615.1384249388936,41.58620315575436,683.9389870286802,6.780182661300421,378.4241273774621,860.5593349784613,92.07678958773613,353.85796800255775,1097.0567353069782,2701.250836253166,73.39888252317905
1037,0.34831307550644597,23.8877346938776,5.4554,8.74043333333333,0.9555692821368951,18.824116666666697,0.316531212121212,3.12756793478261,1.1014474248927,21.9995094339623,0.303553028064993,3.11078125,38.5847,3.8689455782312905,30.963216216216196,761.6440279379858,49.0327565288897,683.4360195699461,6.762478939249075,770.6074237468849,1096.224319189787,91.67380630970001,415.61461985111237,1062.4144226312637,2665.354497730732,73.09326902031898
1038,0.37060471119716,18.5916610169492,5.45416666666667,8.726600000000001,1.00224429657795,15.818736842105299,0.49788931116389495,3.13126829268293,1.2503640836408398,18.9979814814815,0.48079632721202,3.12775683060109,45.8563913043478,3.84451291512915,26.4410512820513,76.83321599543234,41.34142459552619,27.23487180302498,6.800295586469966,769.2083211407926,822.6293604820967,140.079902485013,285.3901591151953,1124.0845546126366,591.5488116443157,73.36200214922428
1039,0.63037698630137,27.3306666666667,5.45788235294118,8.19448091603053,1.68580903790087,28.57845,0.446594446617129,3.15157142857143,2.76451832460733,41.7042142857143,0.430579607187631,3.14128656716418,38.877666666666705,4.9963640776699,54.4638947368421,100.34692379192163,48.952345554542894,683.8626415879795,6.76460115563778,469.19593710567506,913.3170358836651,90.62672033905983,448.4458826482296,1191.5518436580896,1836.128905415535,84.48557928204536
1040,0.175023010979095,18.616517241379302,5.47250537634409,7.41225806451613,0.742598639455782,12.443049382716099,0.387763415457307,3.0991702702702697,0.873622222222222,15.523102941176502,0.376171487603306,3.07739520958084,42.3756666666667,3.38106784660767,22.721204545454498,217.2025078233649,37.699099042524594,27.17090638290296,6.76171066900356,37.339116722707196,799.6275089681149,145.1435498893261,327.7413547039032,1047.7430187165737,516.5000446140766,80.76690137386322
1041,0.333410440762738,18.1704333333333,5.40786111111111,9.91804807692308,1.44834246575342,25.1760888888889,0.45336225779275496,3.12054711246201,1.7279508928571399,28.3778888888889,0.445740948114968,3.10413043478261,42.0921538461539,4.40532089552239,38.3645714285714,754.756170110478,41.456150669131866,684.3160529045399,6.782509506430922,767.9789209222462,941.3938503712416,116.95227585732937,376.64882838726044,1036.0280983150005,1159.6056632697582,85.65681055188179
1042,0.365908253968254,18.6016271186441,5.46472115384615,7.3796800000000005,1.93104391891892,31.445176470588198,0.407789942938659,3.14208562691132,1.95448571428571,34.4544333333333,0.40226408450704204,3.1182522255192904,49.2429523809524,4.58711016949153,46.1159565217391,238.21454428649295,37.521778796424776,47.42047023806341,6.772729241261757,768.3622292875982,933.178374543786,112.75149881839752,361.3668028265238,1178.566226735711,1145.671308040619,80.81402629613876
1043,0.34586547382372396,18.6721875,5.47703349282297,7.36862962962963,1.14166354044549,22.0027872340426,0.312421549014004,3.15327586206897,1.49916022889843,28.3889487179487,0.30025967920354,3.13748979591837,42.746346153846204,4.27175,38.1359615384615,108.11135832310042,41.33542223201089,54.304787737676406,6.776861570159293,764.1265390712633,834.3980647623539,150.2501778304577,403.1670279800892,1038.512960076332,922.6526599377394,83.54159072041512
1044,0.41058407079646003,18.633864406779697,5.51496216216216,8.81030303030303,1.0619396709323599,18.9348070175439,0.401090058479532,3.15890797546012,1.06539427312775,18.7275535714286,0.397821320182094,3.14615,45.7336818181818,3.7077884615384598,26.3105,107.93409161135075,49.05840065005293,432.3538163828337,6.80264382133547,769.7903487484741,1116.298884153366,121.64092622697353,406.4634442329407,1284.7702950239182,1080.2779346704483,84.50672030448914
1045,0.18158467943380502,18.613666666666703,5.4809619047619,9.465370370370369,1.2115474683544298,22.0345510204082,0.40522774566473996,3.12410334346505,1.80747927031509,31.572030303030303,0.372966666666667,3.10729479768786,38.8632,4.43067441860465,42.096769230769205,756.0865477108523,45.381398216023015,54.36428464068688,6.7730114549898826,764.4698974697703,749.8002145439386,92.88061410188675,387.4256741255522,969.837000593543,1908.457139506936,76.35820657014847
1046,0.246809698919789,18.604355932203397,5.4547752293578,9.91626363636364,1.32008155583438,25.0696341463415,0.34303214695752,3.10029533678756,1.56408276797829,28.2033333333333,0.33759146141215096,3.08126347305389,38.5582142857143,4.29589138576779,38.7471851851852,76.83611376542979,30.12796735313816,683.8085991323424,6.74508283378899,767.5576067720699,860.0521832704544,99.90809485316277,352.01190039515495,1205.6214269250631,2195.116598159075,73.41760210692883
1047,0.295846087456847,18.6043050847458,5.4592018779342695,9.5071652892562,1.69083279742765,28.5438947368421,0.554634708087841,3.12852432432432,1.9984344827586198,31.5127058823529,0.5288379772961821,3.11876785714286,38.98228,4.6310489795918395,42.43376,69.09531133651483,45.20024845104691,414.3779704940336,6.775697414368995,769.1144138102536,806.9552481174469,87.14874275028706,441.0070367157459,1192.5611644983292,2224.185783416033,83.87169800698757
1048,0.43202352941176503,18.630158730158698,5.44156363636364,6.10324867724868,1.11089609151573,18.7117222222222,0.40122840466926096,3.10124057971014,1.98823384030418,34.653558823529394,0.382512391158741,3.08564739884393,49.29175,4.47835111111111,46.5224166666667,761.419019305605,49.28862073448862,684.7564005297623,6.749999949112509,413.445546418055,808.1122767180204,203.09370011091232,418.7269601970911,1305.8512471616268,1773.8750204443932,98.86459447443485
1049,0.28148494370254,18.5871016949153,5.4694385026738,8.12097619047619,1.25187167630058,22.274130434782602,0.347919466975666,3.13010465116279,2.28056060606061,37.9116071428571,0.330375431982407,3.10787878787879,38.6366774193548,5.07508407079646,50.8243333333333,378.733804648125,45.162996169178776,681.8239349850328,6.7739356235696055,767.8595867581605,994.3205863237382,83.49921554327011,427.0112607628107,1024.4267527014017,1971.0148219019172,84.67510342597961
1050,0.6217690643591129,28.0448461538462,5.469458333333329,6.7649605263157895,1.12843076923077,18.820112903225798,0.388676450967312,3.1194154727793704,1.9699179487179501,31.396499999999996,0.367352199323285,3.10248843930636,38.8638387096774,4.6279691629956,41.644960000000005,77.60854047741795,52.87653522946893,33.95135781218435,6.784695425800782,770.4113166626648,815.275963395834,91.12213738262653,386.1754201352596,1129.380241036415,1789.7562589496374,76.40109397470951
1051,0.326783910196445,18.6190169491525,5.45995169082126,8.76516176470588,1.38717173051519,21.946442307692298,0.519261616161616,3.10810242587601,2.3387240704501,37.7343870967742,0.5163142857142861,3.08993767705382,48.7174583333333,4.85443127962085,49.01905,765.5179193785957,41.52649034368334,47.49860568950874,6.767276918184495,766.3537571185449,893.0813055485487,114.86820876598358,314.43736515939236,1038.9420669525862,1403.273968026042,87.8077931702137
1052,0.311834998486225,18.6061551724138,5.47319724770642,8.0336640625,1.88693402777778,28.6051315789474,0.675477390180878,3.15788161993769,2.22613701431493,31.5455263157895,0.6279729144095341,3.141,52.9177368421053,4.82850209205021,46.1111739130435,108.04125183928313,48.982985468978924,681.9648607323734,6.803169954205601,75.23463970088874,920.7678027451038,167.89911314845085,361.00619472563267,1272.3447754979134,1497.4320773035288,76.83723233640194
1053,0.504831873905429,18.60175,5.417095238095239,8.82106870229008,1.09583599574015,21.9347346938776,0.361839675828048,3.1223531157270004,1.3478423127463899,24.9771363636364,0.350603333333333,3.10541389728097,45.5624166666667,3.95398625429553,34.7404666666667,100.23859372109747,52.6438865333123,684.7468543868044,6.751752858636141,766.1910281365638,862.3979054391384,220.97942419350147,383.3961673080921,1176.2761510908604,2043.1798417121172,96.91566228866577
1054,0.28611551770029303,18.6217586206897,5.459451282051281,7.35088,1.61152481203008,22.0332708333333,0.5797891770011271,3.15631384615385,2.31692986425339,34.5640666666667,0.53481746031746,3.16194973544974,49.0678571428571,4.92177464788732,46.3174583333333,116.01337988494997,56.85109628999516,74.88006442593411,6.796501364779198,763.3757891682258,935.9562303870916,199.18917678296566,383.28953087329865,1232.629083096981,1513.3482404053211,96.97000496089458
1055,0.27511224489795905,18.6010338983051,5.48716587677725,8.0261472868217,1.58867026194145,25.1056279069767,0.42153786544557903,3.12158839779006,2.20916666666667,34.7087,0.424095614381667,3.10582175226586,38.741,4.84417194570136,46.394136363636406,84.63961293717647,45.31216969700031,47.468814917557104,6.785152995302767,764.6096723892849,785.9670557081699,83.60934443771839,372.4312409758568,1077.810674905777,2618.2318571954966,73.25466722249985
1056,0.32042493979127595,18.6044242424242,5.45484042553192,8.04788811188811,1.21519549763033,22.0401153846154,0.373584446728332,3.11988985507246,1.8619008000000001,31.481575757575797,0.359803539292142,3.1024906666666703,42.4234444444444,4.4276302521008395,42.6718,84.6266441725143,53.029579531745526,34.02263233645205,6.778306665959863,769.8294826283848,820.0256619602442,140.04460535943508,350.19037313759327,1110.7641737908125,922.8686336427927,91.86654351651669
1057,0.446154417513683,18.617317460317498,5.436440909090909,6.74965,1.69396229260935,25.3682666666667,0.474391680395387,3.13086684782609,2.20069672131148,34.7353666666667,0.461549612403101,3.11890273556231,42.3415833333333,4.82661616161616,46.4166666666667,751.0681038588712,52.835083553278686,102.04668796718725,6.777615227990127,767.5449248407383,856.7769080400467,95.94345465302467,425.8167464286089,1037.7266444265842,2964.564226567745,77.43779569864273
1058,0.309298232129131,18.725312499999998,5.46869743589744,8.06232,1.38510148849797,25.3207111111111,0.40459960552268204,3.1089891598916,2.17841587901701,37.9086551724138,0.382877757009346,3.09047289156627,39.42508,4.851123853211011,50.3335833333333,100.38171023462446,52.62528342781696,681.2611615579915,6.780079280383428,767.0958576017226,644.6198094636202,53.55635657906532,351.21277906000614,1118.9613956958055,668.8002031296492,73.62710312008858
1059,0.363845397048489,18.60521875,5.46357360406091,7.46841605839416,1.40527844712182,25.215404255319097,0.400402830910482,3.09958806818182,1.62737134052388,28.2585,0.38086393659181,3.08432891246684,41.996769230769196,4.34226033057851,37.760962962963,177.52545361884506,22.480821885704493,683.8996735560363,6.756223466850041,765.9962833290839,796.1601950228214,112.07452043890953,434.4433546066284,1010.7257403433323,1335.2745212614536,80.804992467165
1060,0.25709379217274003,18.616,5.42147263681592,6.670944099378881,1.5354893292682898,28.3799459459459,0.46487545289855103,3.14414067278287,1.8301512455516,31.5034545454545,0.47015324472243897,3.12822492401216,42.1348928571429,4.399477099236639,41.4327407407407,106.84058711093027,40.993166142453354,680.1092973295376,6.7846134561815905,767.0969223901955,861.5643717348576,119.18791569769382,396.4832052588463,1192.0235585421324,1188.739761710167,76.24807767570019
1061,0.404116052814454,18.2133684210526,5.450934999999999,9.69933333333333,1.38499652777778,22.1715106382979,0.479995800279981,3.1504451827242503,2.43948463356974,41.2483448275862,0.455980306345733,3.1332650273223996,42.2893333333333,4.8306968325791795,54.503,554.0112954523405,41.22674055426459,40.895337000648006,6.78868808249989,767.8014163148113,663.7704558670521,95.97144089639187,385.72889752686024,1055.2424471825361,2947.4273324012756,84.08301509916782
1062,0.189348183462108,18.6145666666667,5.47315714285714,9.63157522123894,1.1844549549549601,21.8038846153846,0.33530215617715603,3.07189090909091,2.13490342052314,37.6852962962963,0.320306251721289,3.0540978835978803,42.0181538461538,4.8248516949152505,50.7460434782609,91.45458395245295,48.74492334777553,54.254441115493336,6.76464751622976,766.2724079829943,887.8900203853846,116.3968350738287,385.2600231766701,1257.635373622179,1306.637143716216,77.19728164374828
1063,0.304844243792325,23.652692307692302,5.447683962264151,8.80195161290323,1.12701971522453,22.0848695652174,0.332738924491502,3.1278273809523798,1.25285764294049,25.1258571428571,0.324860914534567,3.10598441558442,45.6382727272727,4.100721804511281,34.5895862068966,756.5576663462573,45.15670382951933,40.73263022986717,6.761587055188221,766.85058189941,842.6766842603683,118.37831698358059,392.5526048988104,1256.1750132590532,1480.011036619544,80.85831068456173
1064,0.315875034255961,18.6114393939394,5.46596788990826,9.37351818181818,1.6863792569659402,28.3055882352941,0.5202363307727069,3.1228477011494298,2.14454330708661,34.697483870967694,0.495485436893204,3.11060422960725,42.23875,4.65614285714286,45.29204,69.50444657319585,45.14457260576881,33.99668389454046,6.782698727440641,768.7507099997886,1055.6675493717194,93.65426376461983,316.6555892676115,1103.5727337002754,3443.479724228382,80.14538325369358
1065,0.312952179176755,18.6088813559322,5.44576190476191,7.3961654676259005,1.45962090680101,28.6203142857143,0.372569514844316,3.17498347107438,1.63399539170507,28.466475000000003,0.35877471418964396,3.16277708978328,45.423043478260894,4.240109375,37.6114642857143,76.99350809247836,41.35432414312397,211.69475203438162,6.797311285840002,770.2401693424746,570.5964751541615,118.48662979900837,388.9023791998625,1117.9921217262745,1278.3894781023264,80.20428940653801
1066,0.40515859375,18.583344827586203,5.55634759358289,7.45793150684932,1.22506524184477,25.2951304347826,0.272020369493131,3.13199393939394,1.44110463576159,28.235,0.264441379310345,3.1166456043956003,39.0136538461538,4.131254098360659,38.3971785714286,202.42372019211612,45.26915790017319,33.92125228821635,6.771570815058711,766.968445804008,718.5203954577446,54.650893434882164,385.94985380768776,1117.3529084771872,574.7784860432148,80.33891208469868
1067,0.453792916666667,18.6180862068966,5.5048630952381,8.09966929133858,1.21323848878394,21.9361836734694,0.401664218258132,3.11375683890577,1.39912394705174,25.08885,0.394968421052632,3.09915860215054,42.04624,4.0357037037037005,33.5734444444444,493.25328484718335,41.409574654534964,684.5430656012398,6.782970133077768,52.50605924318263,919.0182201564312,114.49167504906654,377.417029812932,1139.118755236268,1072.5760832428932,81.49612694978714
1068,0.10821621367441,18.619296875,5.4773867924528306,9.72187037037037,1.1996617647058798,25.1299523809524,0.290324111675127,3.10979459459459,1.5394268656716399,31.452472222222198,0.28319081551860603,3.09541191709845,39.089413793103496,4.2068565737051795,42.061692307692304,751.8340192625421,44.955362172053135,642.5741213411696,6.753460216665465,768.359574924544,906.488811597228,137.52770610153675,471.37835063040257,1025.86573921144,669.97273825109,73.33136163651943
1069,0.23978468047205498,18.5704375,5.119726872246701,7.00164417177914,1.67348788368336,28.1333947368421,0.36932490396927,3.10252802359882,2.03183793103448,31.2117777777778,0.354734111145226,3.08075935828877,41.7648461538462,4.435652509652511,42.4850416666667,92.36398112871977,48.96925585939958,40.76997141964951,6.766573043867474,769.2020351956307,821.1703971028328,91.46323427557945,452.63576321303844,1138.6165395379066,2307.900181040168,76.68491452932358
1070,0.42033971810625204,18.6349230769231,5.43314814814815,8.023093750000001,1.34711950394589,22.2412978723404,0.46753651570787397,3.18034239130435,1.80124213836478,28.5786756756757,0.448372541603631,3.1409298780487798,45.35056,4.38165625,38.6844516129032,77.12557362442445,48.93307839388814,27.229040842902336,6.811367961540972,769.6503777250467,683.5946813225746,25.818217545747757,295.41393741965294,987.575249746442,1166.787464171648,77.49898359179497
1071,0.375295564666418,18.6040172413793,5.45680952380952,7.3668201438848895,1.2131399999999999,25.143324999999997,0.31209637120761496,3.1216017441860497,1.54152080344333,31.4169696969697,0.291435189873418,3.09265591397849,42.28608,4.19711392405063,42.2619285714286,356.1950160900376,26.158814265022624,334.18005071379395,6.77215475577198,767.5414667948718,964.3731638789177,25.077443569898605,421.9948314130306,1181.204430758953,1654.8510640859604,83.86559784412384
1072,0.353654276315789,18.603344827586202,5.46808021390374,8.074553846153849,1.65109791332263,28.490833333333303,0.561946824987093,3.17064722222222,2.15582845188285,34.8003,0.5552439956331879,3.14256037151703,48.7379523809524,4.693919999999999,46.2041739130435,759.6780795740127,48.95113679278695,40.89255115862807,6.796520931817456,772.0700526036204,991.1142755299808,114.96706865727901,392.27125234901905,1252.713380381465,1917.8297370672226,78.55487056076527
1073,0.295403669724771,18.6222222222222,5.47732227488152,7.3654214285714295,1.36011240310078,25.0815348837209,0.429261613691932,3.12883333333333,1.80491549295775,31.4363428571429,0.40369904761904796,3.12008288770054,42.0373461538462,4.43047950819672,42.8994814814815,107.87898380275901,45.16696358544429,680.0981819637275,6.784036678165734,769.3463184951684,942.4515068531036,207.1996685117483,413.98098692297935,1292.1464163810015,1340.385666117072,84.82839912176132
1074,0.34301867627785104,18.6446119402985,5.42275471698113,10.43479,1.21562675296656,18.9612105263158,0.395714186851211,3.1647964601769902,1.99609333333333,34.7005862068966,0.387613194909578,3.15426666666667,39.1436551724138,4.68256578947368,46.7215217391304,100.52577092597902,48.975820333293505,54.378946350203805,6.787391072579626,316.7843875793267,891.279149800539,172.18575812876225,405.67880496382713,1120.877219364047,1814.2857123166323,91.89392440021038
1075,0.470127339300244,18.6044166666667,5.45690957446809,8.06107518796992,1.38419685990338,25.414023255814,0.362289008212255,3.15110526315789,1.5570788043478299,28.4211842105263,0.355508996539792,3.11421525885559,59.214,4.263108,37.763099999999994,92.54850297826196,45.358156296028035,324.9530227672781,6.7773190522491165,768.3756509936494,844.8588661849499,121.60870246589184,404.9805458635092,1284.5923192799091,1351.5136670321226,91.76521562039852
1076,0.29542096170457804,18.614186440677997,5.45157591623037,7.52064705882353,1.2411630669546398,22.0703269230769,0.398652700831025,3.159246105919,1.63275190258752,28.4188947368421,0.390352961198094,3.1477967032967,45.734545454545504,4.48385537190083,37.662633333333304,69.57969784522805,41.937810665279514,47.28948396114024,6.796561925907863,769.5816268552406,932.7889420092106,97.9970209300518,454.5654635876417,1045.8017699420452,2560.3604037314653,81.68229833245277
1077,0.225794983211535,18.61040625,5.43576303317536,7.39759183673469,1.52057997010463,25.4056279069767,0.5365262921348309,3.16949074074074,1.63016371077763,28.303785714285702,0.514424596050269,3.15422085889571,45.3699565217391,4.380015325670501,38.7782142857143,117.2657029517394,37.40229665334119,684.7924048914042,6.826282581440718,777.5027003524586,841.7831733822823,111.84508912265301,449.0797873586416,1078.5747785121202,1406.6496398299932,76.279416680336
1078,0.267282999218953,18.5974333333333,5.441921875,7.42012903225806,1.0558131359851999,18.8218928571429,0.380069218500797,3.1341552238806,1.86836482084691,31.4226578947368,0.34892038640906103,3.08975882352941,45.9111739130435,4.779466367713001,43.082666666666704,147.78692489219753,45.35033077960023,40.89680427612901,6.777223278951506,769.2842239573943,695.1546762138605,145.70141211152077,340.7844342291355,1139.9207636713982,1730.6547611951828,80.60471154749393
1079,0.309152162162162,18.554044776119397,5.47043523316062,7.41827096774193,1.56050323624595,22.079641509434,0.546031315240084,3.11766307277628,2.39290020790021,37.7221290322581,0.531078343313373,3.09775,46.1857826086957,4.90484792626728,50.1713043478261,749.1694945640967,41.189025602632846,40.65905195735158,6.733561665701901,768.3369055811368,943.7407366931438,171.1151096969843,348.6976958811283,1101.0949034243822,769.3422958254814,88.10688741505146
1080,0.257017148456639,18.6077619047619,5.67770243902439,6.76365806451613,1.09893016194332,18.866890909090902,0.457218849840256,3.13611046511628,1.27154706533776,22.0550212765957,0.444459847844463,3.12244504021448,49.243,4.056297577854671,30.3105135135135,115.34045294530571,45.18625387130466,287.07235117768454,6.789528358324411,768.4655123628839,644.8337808251381,147.67269603908062,431.69246055185795,1158.7841901928186,712.3759016394615,68.8999891281128
1081,0.430957021276596,18.612712121212102,5.46023671497585,7.4198275862069,1.28162709966405,21.8593269230769,0.49493304535637106,3.10866571428571,1.8531666666666702,31.3818484848485,0.45332607003890996,3.10702662721893,42.6006666666667,4.6452534562212,42.703791666666696,76.96871313521974,45.228273182485346,33.89100998267143,6.775552341245667,768.8100613417257,684.85913798213,87.87778206169605,359.1733518987894,1078.4453712403774,2340.169111266732,76.93772204220295
1082,0.150521534413516,18.6081724137931,5.4576894977169,8.022328125000001,1.36874618096357,25.082565217391302,0.431673640167364,3.1074566929133898,1.63826551226551,28.0710487804878,0.40490466249130097,3.0874293948126796,45.270083333333304,4.216980694980689,38.4137142857143,138.5076793362421,45.17826995775028,681.5471076701942,6.754428131610697,771.7371850938279,933.4894828498363,181.24403432011604,389.63984698057175,1134.3325022608042,1597.1194487065077,99.20797310769558
1083,0.24412840956777201,18.6135593220339,5.42790547263682,8.78755737704918,1.57410461956522,28.4452702702703,0.41977155931010196,3.15237861271676,1.7474812286689398,31.4607575757576,0.40603,3.14029239766082,45.5719545454545,4.430135458167331,42.60575,170.33043337376427,37.704811753553614,682.2004198574492,6.793087406715408,771.854376272609,957.0907801389694,114.75649662315845,427.759625017643,1024.694787338376,1373.9279005676508,80.61486296355724
1084,0.414174275362319,18.59971875,5.47434101382489,8.098872,1.6909453125,28.4764324324324,0.429436708860759,3.12555015197568,2.15748324514991,31.584270270270295,0.431775946047209,3.1068121387283196,42.5570357142857,4.6439496124031,42.655333333333296,76.85367465979814,45.329524805157114,471.40003030780383,6.785695214539928,769.1887753216471,858.2541719079018,100.2985518425703,421.8817688524723,1160.3623162955046,2271.823724731803,80.61239495873451
1085,0.246878595696489,18.599813559322,5.46550970873786,7.55830921052632,1.1368821007502699,21.9166808510638,0.280680538850132,3.11050520833333,2.0813593466424702,37.711962962963,0.26631418092909503,3.10139083557951,45.695583333333296,4.83119028340081,50.6204545454546,84.60551989534359,45.261692797386296,251.68276228442454,6.760137821312216,233.8663801404433,841.0319685935974,116.86799116432667,449.3948072195053,1129.7544464468956,1357.8340411186218,69.8945950716734
1086,0.186359079986268,18.6039848484848,5.4652211055276405,7.37051612903226,1.84721342512909,28.569025,0.677050469483568,3.15593188854489,2.08939090909091,31.646638888888898,0.6724673202614381,3.13007926829268,39.0156923076923,4.6949282700421895,42.3267037037037,648.6263110194094,37.558525889324876,47.63329895456648,6.781536900185049,766.1278247833974,950.7849812507629,90.44026955962181,486.4633083343506,1207.4930127710104,2818.328933790326,78.90891283750534
1087,0.42550354019158704,18.6203448275862,5.45369346733668,8.09673684210526,1.6475210674157301,22.137714285714303,0.56883218634198,3.17268392370572,2.16875687103594,31.61478125,0.558140031233732,3.1738543956044,45.5197619047619,4.822457627118641,41.832,99.84560977581829,37.43136763639604,68.1444614210069,6.798504041685053,771.4430340328585,850.3704331815243,122.39492498338221,527.5356117635965,1048.4432335942984,1274.8252134770155,77.21181027591228
1088,0.276352405063291,18.627265625,5.44859788359788,8.678302521008401,1.8820018382352899,31.469742857142897,0.5654784530386741,3.13769209809264,2.6233986784141,40.90084,0.5425703529411761,3.1174320652173897,45.631318181818195,5.2267023255814005,54.4835714285714,131.47911873544479,30.172799253611043,681.9821776689712,6.78316843837935,770.2217823507989,945.9571912884712,119.2998606711626,452.9173020273447,1112.5040706247091,1160.962600260973,77.08868943154812
1089,0.430485564304462,18.610328358209,5.519716346153849,8.80600763358779,1.2420581257414,21.971918367346902,0.300063641552511,3.09434556574924,1.8236017699115,31.4663,0.280916494845361,3.0777032085561498,41.9405,4.5978018018018,42.96336,108.39281911385034,37.51614716950637,47.45737698430254,6.7587884388278345,766.5694910005501,791.575014591217,124.29263442754747,378.4912172704935,1117.4828745424747,1268.4224173426628,84.43365804851055
1090,0.428940237564959,18.6028474576271,5.47988095238095,8.11354929577465,1.40885205479452,19.0672448979592,0.643652008686211,3.13500879765396,2.50934965034965,34.8745333333333,0.6030719719134,3.12002005730659,42.4942916666667,4.90575744680851,45.42908,100.3457270102036,49.07563046828637,40.95135632677289,6.799020231962432,766.1029306790024,933.6425922811031,95.32608091831207,384.2493984848261,1104.9268301576376,1951.7946057021618,78.97256873548031
1091,0.354537804878049,18.6008333333333,5.46239361702128,8.69187878787879,1.4387818930041198,25.4207111111111,0.416473517786561,3.18302077151335,1.87932692307692,31.6767352941177,0.407784588441331,3.1504516129032303,42.34752,4.516681102362201,42.6454074074074,759.6070766239585,33.73150134268757,684.233540827846,6.8008464896290315,772.3923948273425,912.2527670115232,87.84313686192036,394.7172313928604,1054.4487740844488,2472.3547976464033,69.1539142280817
1092,0.359399093655589,18.686400000000003,5.39299487179487,8.82343103448276,1.38034416365824,25.1646666666667,0.387295412844037,3.13384259259259,1.899,34.6973103448276,0.376858189813118,3.11758662613982,39.033333333333296,4.616064516129031,46.63864,232.10598183669282,49.064745217826406,33.91593640812922,6.755249196428347,768.4630672991492,911.0505226999521,63.962442800402634,454.3618764728308,871.9072211533785,658.9197088032961,73.58738221228123
1093,0.28764561207378403,18.615890625,5.479843750000001,6.7487485380117,1.38355334114889,21.9348125,0.304355291005291,3.1121,2.274068359375,40.9231666666667,0.302026082130966,3.0967560240963903,45.9175454545455,5.07327111111111,54.797857142857104,752.2707953530211,49.08586248819968,54.2128130559136,6.779358752177547,766.1601702264797,1011.8033271282911,149.88393522799015,354.6141553670168,1205.0957884639502,684.5584604889154,84.21079255640507
1094,0.417793656580386,18.6055762711864,5.47805347593583,8.80892307692308,1.4642857142857102,25.085,0.507241633858268,3.11920708446867,1.68200307692308,28.0932058823529,0.525632612966601,3.1100296735904998,42.02875,4.34305726872247,37.8731,108.07456751279707,41.246707680734914,683.0533703991717,6.775612260496654,763.2819878771251,1111.4369612187147,129.43376787006855,424.32378977537155,1288.0905997008085,1171.7002838850021,83.2676887512207
1095,0.38780795454545497,18.496890625,5.44817098445596,7.52177631578947,1.3275281437125799,24.9223170731707,0.254822200148994,3.09364207650273,2.13935365853659,40.6648214285714,0.243577020736352,3.06792397660819,42.1589130434783,4.6019760956175295,53.705999999999996,92.49366950118635,45.34566867486866,683.0422760794529,6.748045272383505,331.73373037537596,1015.3181850910188,113.87709528207779,420.48185132443905,1167.83045232296,1132.8123975545168,80.75796067714691
1096,0.278632293080054,26.254555555555598,5.43204761904762,7.33631847133758,1.58512227074236,28.273146341463402,0.48901069289991506,3.1238895348837197,1.88187706422018,31.393562499999998,0.461960925039872,3.10504812834225,41.981333333333296,4.3796204081632695,42.6305185185185,84.91114370383862,49.005738431318136,40.78176317534437,6.784659642178435,468.51120811979627,756.8891160190105,87.46362291276455,404.60778400301933,1119.4842867553234,1801.1577893048525,84.41112004220486
1097,0.40803490678302295,18.6049365079365,5.4551914893617,7.40299275362319,1.6888088235294099,31.343848484848497,0.414472009665727,3.11926524390244,1.8625,31.302,0.387835725075529,3.09379132791328,42.202571428571396,4.56729365079365,42.71225,100.38609138365814,37.71099236216309,683.410706519917,6.773969409005809,768.2383164345665,843.7491022050381,88.04900571703911,369.95476111769676,1178.7328869104385,2617.7517604082823,73.4373927116394
1098,0.35916333541536505,18.6063333333333,5.44600478468899,8.86221538461538,1.46549615384615,25.1812765957447,0.453728087261395,3.11077643504532,1.78807665505226,31.693100000000005,0.43971880341880304,3.09268674698795,39.1799655172414,4.52691139240506,41.6569642857143,424.0577213688548,49.13765617455313,47.41912747969332,6.758491249004411,768.9368505942615,1054.9887549132109,60.494616627693176,364.48584869503975,1123.79789352417,847.823079675436,68.94450634717941
1099,0.301858768035516,18.6153968253968,5.43960106382979,6.730082352941181,1.22575862068966,25.1205,0.251522371611197,3.09590983606557,2.2755440528634403,37.5824230769231,0.23869674759505302,3.07836445783133,45.71776,5.01212875536481,50.3123333333333,122.63609744097397,45.266190758487355,68.73029069176677,6.765469291178017,768.2535862145699,790.8900734037161,122.40651994943619,416.488666087389,1139.0537489205599,1278.0114077031612,72.93508388102055
1100,0.258457181389076,18.6211694915254,5.433234741784039,7.33306097560976,0.8562030075187971,15.623144736842098,0.357644167532018,3.12437931034483,0.8588750897343861,15.5921081081081,0.343797340271755,3.10419836956522,42.0376666666667,3.4224872611465,22.4010980392157,92.31994959121566,37.504398739911075,682.8172698314261,6.744331146494897,37.24032036651615,899.5347190648317,118.49161237478256,385.3175323456526,1138.2754426449537,1092.3122055828571,72.59231060743332
1101,0.167352426289926,18.613,5.42450261780105,8.056659999999999,1.08379135932561,19.0697777777778,0.458786603692572,3.16274769230769,1.11424076029567,19.069351851851902,0.446349865436371,3.14454740061162,35.8246206896552,3.6783692810457502,26.588820512820497,264.36701373645803,37.54415595815626,574.5831793294465,6.7799919318192226,45.22830135586155,677.9796443879604,58.18628706037998,341.1563113331795,846.3406004011631,746.5707138180733,69.95471194386482
1102,0.197179968970867,18.397703125,5.437765,8.02871527777778,1.30133257661748,22.031702127659603,0.404675118858954,3.13994134897361,1.53893731343284,25.179511627907,0.396508258774948,3.12536277602524,42.1793571428571,3.9572283737024203,34.6195757575758,629.7465205011495,18.54334676810211,682.0360208396635,6.756290520168854,767.7297267139774,836.5402463823557,117.871118709445,364.13357593119144,880.1507763564587,985.3597730398178,83.22438225150108
1103,0.14335550857995502,18.6080606060606,5.425089947089949,8.838353448275859,1.01752645051195,18.7870178571429,0.403673635719348,3.12669398907104,0.886340293890178,15.537514705882401,0.38371674387822596,3.09501078167116,45.884499999999996,3.49567567567568,22.658622222222203,153.7102062562769,33.874333972301024,682.0668294954927,6.7639926550187806,44.71309673284277,802.0898792892694,58.212410658597946,368.4740513563156,1020.2566627413034,644.9880078434944,66.06071256101131
1104,0.283774612831858,18.60853125,5.4682654028436,7.43327,1.1261356673960599,18.887065573770503,0.49988975694444404,3.1021592920353998,1.42515822002472,25.377777777777798,0.50493054945055,3.09449326145553,45.83548,4.0519816849816905,33.732066666666704,108.10907187845066,45.4006760485874,580.8008773652452,6.7681739208176985,766.2041056396679,926.7371147871017,114.3577042967081,321.53092324733734,1103.5339906811714,992.1142365783453,80.39679378271103
1105,0.250927939590076,18.5927272727273,5.44192063492063,8.03137762237762,1.55016526610644,28.2745833333333,0.34326355323318103,3.10966376811594,1.64447925608011,31.3807714285714,0.324797378481704,3.09857530120482,45.594192307692296,4.43106060606061,42.814,92.23298860419058,22.433139679735,47.42343761078733,6.7557988933482465,67.35594775664504,1007.020054385066,117.07786470651627,360.2070268243551,1282.7442027628422,989.20245654881,98.32330979406834
1106,0.269216618761432,19.5083090909091,5.46050710900474,7.3903724137931,0.83292118582791,15.778696969697,0.37222572815534005,3.1535856353591196,0.70048030987734,12.549941860465099,0.368178158907945,3.13028398791541,45.4531153846154,3.403038585209,18.8034893617021,192.94217921844054,41.42650395606088,34.017590193542944,6.754866939556991,30.076784452284283,696.1876060813665,125.78805908560753,434.5386754721403,1098.989276215434,968.0384770035744,73.37718270719051
1107,0.154790694324402,18.590728813559302,5.447708994709,8.032246268656719,1.5172437325905301,22.2344509803922,0.548341018766756,3.12878787878788,2.1357873134328402,34.9228666666667,0.5334517433046989,3.1331280653951,42.4356153846154,4.491162500000001,45.201375,758.342871175177,33.605600210187184,683.9578970762363,6.762979050850009,767.5439584775206,787.2240617871284,89.50750343501568,354.25815731287,1003.1735990196466,2362.2067645192146,72.65671156346798
1108,0.378422785643727,18.709206349206397,5.4550663507109,7.3817697841726595,1.12532533889468,21.978620000000003,0.359633310006998,3.14513387978142,1.54486877828054,28.2945609756098,0.298842432082794,3.11774846625767,45.5644782608696,4.3002139737991305,38.3662142857143,754.8237497106787,41.240223538841626,67.97258052743425,6.766969175068017,766.010418948157,769.3220395594835,117.41630733013153,412.3108461499214,944.4728959351778,1151.6382452100515,77.76692509651184
1109,0.16752581012864398,18.605305084745797,5.46009844559586,8.07663636363636,1.1556740665993899,18.840672413793097,0.486969413763806,3.12847619047619,1.6642488114104599,28.3149512195122,0.466890478319177,3.10926888217523,45.443875,4.25733984375,38.5103793103448,76.32207734035482,33.378994623948266,33.84176692660725,6.758569552915626,767.1912688150237,772.2553331404924,95.08412331342697,340.2254544198513,1031.4692743122578,1959.3512639403343,69.65710781514645
1110,0.322287003610108,18.6287627118644,5.477420212765961,7.98788805970149,1.45381108312343,24.9857674418605,0.45532838095238104,3.07397866666667,1.9239064516129,31.2558,0.454623878267655,3.0607620481927698,42.3055769230769,4.554197183098591,42.4951851851852,741.4938893477175,37.59464914941255,33.83557155840258,6.732865724659538,765.3909150702374,861.9893807917833,115.53806252777576,375.90772844851017,1003.9311833679675,914.439233019948,74.51260462403297
1111,0.222992937541382,18.6415833333333,5.47082648401826,8.91351666666667,1.0362786259542,18.6759285714286,0.47703214124037996,3.14284065934066,0.9221365564037319,15.507205882352899,0.45438512616201904,3.14070149253731,42.539407407407396,3.71470967741936,22.273313725490198,193.0360137964947,45.255879748682425,683.5544778703292,6.782902144905463,37.4469169000288,887.7862244844437,136.53491623699665,377.9897000640631,871.1761329323053,808.494770899415,95.51802650094032
1112,0.279436968085106,18.605125,5.42637735849057,8.12942537313433,1.30237275985663,25.1420487804878,0.410800708940528,3.14194495412844,1.61083308714919,31.3447272727273,0.37960273466371,3.11806876790831,39.2038148148148,4.35774144486692,42.733250000000005,754.6640632724846,41.49858652451611,34.0312500440631,6.780159060123697,770.4490135397995,891.7597588151693,26.181712746620178,331.6591028124094,865.592435002327,1200.2637144178152,73.8650094717741
1113,0.233245578369587,18.609937499999997,5.42036492890995,7.3956338028169,1.07669565217391,18.925262295082,0.472767016902695,3.14093460490463,1.33313246753247,21.9198979591837,0.45585194585448396,3.11505917159763,45.649,4.006650684931509,30.9873142857143,100.35503109328766,41.54314887055725,33.96460572373325,6.7888039742724215,769.3023998632011,623.7003020942211,114.64804410934448,380.9835761785507,997.6201690733433,1072.0312595367432,77.09157653152943
1114,0.212518222768223,18.6067457627119,5.43771287128713,8.06407746478873,1.22397740112994,21.9349361702128,0.295979014864471,3.1025,1.70954180602007,31.4107027027027,0.29030466045273,3.082016,35.8194285714286,4.4865737704918,42.314,131.21664674445583,37.602868471609305,40.66280696521541,6.759229613428097,767.0629562703631,838.1856605410576,50.69617182016373,255.62881492078301,1006.474019959569,722.8400092571974,78.73889990150928
1115,0.139540882061447,18.6148965517241,5.47566489361702,8.102649999999999,0.881611,15.8891363636364,0.395807810107198,3.137846875,0.978997466216216,19.0591428571429,0.380597536617843,3.1200209580838303,42.413115384615395,3.70540293040293,26.0240444444444,139.02358553129756,37.695333625166555,681.8459328193552,6.794047421693115,52.682396525870274,517.0691758394241,116.48619547486305,369.8939923197031,1025.666669011116,1143.8901536166668,77.20552384853363
1116,0.224718414714254,18.6272542372881,5.4563317535545,8.16879,1.16288035892323,18.82675,0.48828656971770706,3.10694805194805,1.46093410852713,25.0795945945946,0.457572868542629,3.09428614457831,48.282599999999995,4.10193333333333,34.65984375,76.39641515420102,45.10429399573067,232.2208331435864,6.772584203196748,767.150151994719,681.9759495556355,114.57935906946659,300.81053264439106,1011.7840953171252,754.7607645392418,75.55447518825531
1117,0.34643975700303703,18.1646666666667,5.39597894736842,8.05207462686567,1.2836871508379901,19.218181818181797,0.647047852093529,3.1996638888888898,1.74277891654466,28.7043243243243,0.608112333526346,3.1801993957703902,42.2612142857143,4.3775850622406605,37.6294074074074,85.01985883931378,37.545583658367995,683.673669095636,6.793929491520434,768.4995636547462,853.9621718227863,94.69743818044662,342.7401650696993,1299.2886360734701,2398.8526314496994,64.1008373349905
1118,0.26097893793412497,18.5847666666667,5.13801769911504,7.876776923076921,1.0982497331910401,21.816346938775503,0.31295622435020504,3.0996064690027,1.55932137733142,28.08425,0.299316403213268,3.0821771771771798,38.5765555555556,4.22861507936508,38.8524074074074,76.73495485052186,33.733679955625234,33.897227564895154,6.760194019310368,763.505722500728,814.3037091940641,88.74940685927868,350.62143579125404,1135.6322094798088,2336.262259632349,73.78021255135536
1119,0.26348024663165104,18.6043333333333,5.42911848341232,6.72837037037037,0.916446740858506,15.752864864864899,0.400515808823529,3.11405428571429,1.22379038854806,21.918387755102,0.41422257949267605,3.09759946236559,45.1141739130435,4.05093253968254,30.995054054054098,76.0217944482995,37.41851610831001,27.199688712063164,6.792829350061194,59.80786705189385,725.4829630255699,120.76273560523987,330.7467792183161,701.6271352767944,1039.7593025118113,72.64753803610802
1120,0.275771052631579,18.5885396825397,5.43533018867925,10.078794117647101,1.2413869407496998,22.246921568627503,0.44614384349827396,3.1731329305136002,1.61035579937304,28.4784857142857,0.400761941747573,3.1512868852459,42.0865357142857,4.415074074074069,42.2641785714286,760.2882989426092,29.978609237999976,34.162391394496815,6.794905756719318,768.8075666391635,935.7162285596132,117.0390285551548,402.3543559014797,1094.5061221718788,1009.8183061927556,77.05409079790115
1121,0.260053859518491,18.6285,5.455,7.37878395061728,1.0441163831692,17.0468714285714,0.5573039309683601,3.14357750759878,1.56853159340659,25.3123333333333,0.567396245059289,3.11841547277937,42.013173913043495,4.12926690391459,34.778939393939396,99.86923891366658,41.45141106565232,27.161816327013174,6.79350191967014,766.3205169740793,711.5127053111792,124.98325668275356,352.33539529144764,976.6745381057262,818.7353610992432,69.80868056416512
1122,0.285949053452116,18.530402985074602,5.449543147208121,7.42745390070922,1.05895375128469,18.8215740740741,0.42699375520399696,3.15131780821918,1.07408210332103,18.8262033898305,0.403738977760437,3.12689910979228,42.385000000000005,3.62302523659306,26.1377727272727,743.3893662149079,41.30741903297102,238.74126640782922,6.789248537632542,44.68458644844784,684.3497045338154,113.87038975954056,314.8886375129223,961.7829229682684,911.8239395320415,73.53848777711391
1123,0.310763426053429,18.6018125,5.73804278074866,9.45813114754098,1.41760099750623,25.246,0.488618336886994,3.13832012195122,1.61935692307692,28.3467837837838,0.49250349650349695,3.12117933130699,45.7034,4.048044,38.0730740740741,122.8749008476021,29.789518684499992,33.94522180082058,6.771317632112969,59.74687225237839,850.3858465701342,113.34624141454697,390.30066691339016,1115.110656246543,1561.844302341342,84.57489311695099
1124,0.25768142186452,18.589234375,5.46448936170213,8.007488549618321,1.05925390984361,18.7887924528302,0.447648931530746,3.10691598915989,1.28118721973094,21.9746923076923,0.45245771339076,3.11935945945946,49.389380952381,3.75997222222222,30.646289473684195,759.9500466835722,33.95339260335199,33.90758419850077,6.76658463651896,233.10186857557147,635.773129761219,141.81570149958134,429.0985409170389,854.0100418031216,748.5960144549608,77.94583216309547
1125,0.177019531907729,21.4680357142857,5.48667142857143,8.03504,0.871749237804878,15.70528125,0.38149806949806997,3.1339634146341497,1.1560581395348801,21.982306122449003,0.3790183551006,3.1182898172323803,45.77088,4.03727450980392,30.8320285714286,515.955522896065,41.56595288930586,34.00327762563908,6.780140263894904,770.6891181517958,1003.3454280346632,116.44624173641205,354.60880026221275,1032.984023913741,917.5161831080914,76.43578574061394
1126,0.18265979208584798,18.61221875,5.47398429319372,8.03751111111111,1.40661187845304,25.6141904761905,0.474140088105727,3.1870807453416203,1.61083161004431,28.617972972973,0.448156817303978,3.16920474777448,39.218965517241394,4.110836,38.3081666666667,595.0698029053384,33.742698147214725,683.7491350121057,6.785066827542154,59.87536974448555,783.2101080566645,91.66109375655651,424.2513794451952,1165.8309493213892,2607.970032840967,73.27096536755562
1127,0.270876281613124,18.4033432835821,5.46042857142857,7.43056164383562,0.823019277108434,15.599780821917802,0.361505093080436,3.09613695090439,0.971215189873418,18.7544,0.342841405788541,3.07711676646707,45.3458260869565,3.5707537993921,26.347756097561,99.57015404446419,33.39720385658176,27.10694034652728,6.763774320166121,765.6834385304642,765.4411718249321,113.41222561895847,320.1491665095091,881.6072717308998,670.9866225719452,82.80701003968716
1128,0.318989972652689,18.6157288135593,5.4834782608695605,8.04281118881119,0.9665921835174169,19.131737704918,0.29065216230646,3.18392857142857,1.48063565891473,28.3693,0.27983644087798,3.20954671280277,35.845275862069,4.21967886178862,39.0239285714286,92.82015009388569,41.579999054292124,679.3162890869139,6.802461325361272,768.0381919497141,805.1611483097076,51.937298849225044,389.18331265449524,1191.3495603948832,737.0047271251678,73.64051416516304
1129,0.38305841354132103,18.5923333333333,5.4628238341968895,7.36039716312057,1.0678361266294198,18.7088813559322,0.330741582733813,3.1208868501529103,1.53713134328358,28.1575365853659,0.334231517509728,3.0924186746988003,42.1346296296296,4.21488014981273,38.7757407407407,100.60257592200827,26.227687777772328,33.90048032889697,6.777354084331502,767.5483315032616,732.9758256673813,115.28292670845985,317.3201810568571,1030.656322836876,897.2848299890757,72.38788530230522
1130,0.24647700754975999,20.716649122807,5.48433495145631,8.15263492063492,1.20597222222222,18.816758064516097,0.5377005623242741,3.1236277173913,1.3544953886692999,21.928942307692303,0.538211753731343,3.10749848942598,42.2565833333333,3.9399182156133796,30.1962222222222,759.364520503651,37.399127525319166,33.863323309340004,6.791746240965389,767.7022143507759,833.3167992532253,90.84651246666908,408.000685274601,1114.3857147544622,1589.1700517386198,79.76759225130081
1131,0.314848201228429,18.6108474576271,5.49744670050761,8.71055084745763,1.1237257203842,18.9085740740741,0.441346538461538,3.11049401197605,1.1915729288214698,21.9627755102041,0.434572550640761,3.09102409638554,41.989200000000004,3.9586167247386803,30.103378378378398,239.14970030719658,29.864803707776744,682.2840521970318,6.755674354218594,52.23818825497161,726.4568004757166,104.20302860438824,419.608224183321,1092.49884262681,803.0782453715801,77.02712900936604
1132,0.16079516378462,18.1540833333333,5.43790862944162,8.07692537313433,1.2129065088757398,21.9799591836735,0.474522456461962,3.12855464480874,1.6181855345911902,28.1799047619048,0.452224172317511,3.1151409214092096,49.0078636363636,4.3482418032786905,38.6459259259259,747.6014352826593,30.086139210223276,444.0720556839433,6.789025841199137,254.12331121275304,821.5197827666998,88.21235969662666,414.47049006819725,1259.4518717378378,2302.0193446427584,73.43338802456856
1133,0.12883745810776,18.578,5.531360824742269,7.76661904761905,0.7746217303822941,15.614985714285702,0.268939528795812,3.1362188365651,0.9465069808027919,18.7475272727273,0.25575211337643,3.11339420289855,35.7325625,3.56396333333333,26.761487179487197,439.0346647242178,37.785431393480536,33.852814748052815,6.772618101044017,767.2774447387351,854.7577075660229,58.46666172146797,394.7450313717127,1043.7050834298134,905.1057975739241,73.62291216850281
1134,0.274142924417236,18.619454545454502,5.44287301587302,7.44639726027397,1.0974461391801702,18.7383636363636,0.42352442360297,3.12305792682927,1.4207559607293099,25.0438292682927,0.411691884456671,3.1101482479784397,38.781269230769205,4.237219512195121,34.8324848484848,146.31550227811272,45.19889050617342,47.40004613023583,6.776411774096748,766.3051224042601,937.7057664096355,114.8764044046402,330.3421661257744,1207.1340344846249,1586.6360161453485,80.86957968771458
1135,0.25587559094302104,18.6199661016949,5.43398,8.04790769230769,1.00335952848723,15.569106060606101,0.511367509986684,3.09973504273504,1.0969353493222098,18.780131147541002,0.50206309751434,3.08222546419098,42.1347083333333,3.58190996784566,26.6090769230769,92.07418700444126,45.16939622636078,33.80176997601051,6.754644500185303,768.0310339098718,852.4822071194649,124.61976148188116,377.7564503252506,1215.5666016042233,1271.631894633174,77.74452678859234
1136,0.408705146533238,18.6067230769231,5.49629186602871,6.10306703910614,1.04627860262009,18.8915555555556,0.38855147340222,3.14504624277457,0.886387240356083,15.6926376811594,0.41275975146703503,3.13153048780488,45.25668,3.65362264150943,22.6066888888889,76.91062896069563,33.769827200742206,27.137398672446537,6.785286419217482,761.5978445272075,715.2677979320288,121.12418189644814,364.6272700279951,1033.37736800313,586.090562865138,77.20389403402805
1137,0.280289383561644,18.6319333333333,5.47347872340426,8.09991,1.4040482398957002,21.8668039215686,0.436887329931973,3.10010541310541,1.85352979066023,31.370027027027,0.40776642612989,3.08768468468468,45.39824,4.55280158730159,42.6986296296296,138.13125455497612,41.28944373397382,40.60429860638315,6.770044719331346,766.7910658267517,900.5662053823471,93.0889043956995,418.8648425042629,1202.1489907056093,1978.6186050623653,66.50709547102451
1138,0.35573474341192796,18.6087611940299,5.43833862433862,6.72024117647059,1.3779857819905201,25.2015581395349,0.3967567846101,3.12230650154799,1.7977045454545502,31.283378378378398,0.398398317483541,3.09235435435435,42.2252083333333,4.47807450980392,42.698208333333305,108.30473318373538,33.931462932111266,681.7067305113608,6.767586350970436,766.3207547208156,868.0690545588732,113.3523415774107,387.0666492730379,1159.8048266023397,1323.2091441750526,73.11380468308926
1139,0.32666569682863,18.5906031746032,5.607655,7.47466037735849,1.39946928746929,25.0873043478261,0.374751948051948,3.13157765667575,1.57600820793434,28.1827777777778,0.339737152982871,3.1133514986376,45.7147727272727,4.10209824561403,38.4563333333333,192.9036845588451,26.315141872907628,683.7404941954294,6.7741183450156575,764.9196234682362,904.00162152946,113.45557868480682,419.93241757154465,949.9612264335155,1023.972313851118,84.57810617983341
1140,0.130990631544142,18.603234375,5.43948677248677,7.386846153846149,0.842478773584906,15.6724864864865,0.349067641060503,3.11965683646113,1.08937996219282,21.9890612244898,0.345686428363848,3.10146091644205,38.6789,3.92056055363322,30.950368421052598,154.120811437135,41.47651792059509,204.4052441118865,6.722403236254556,766.7699662093372,743.1856356561184,53.45526151359081,306.62622302770615,1037.4426376074553,655.2801001816988,59.56939421594143
1141,0.259446904654315,18.595765625000002,5.48885365853658,8.018076335877861,1.71809715242881,28.5765365853659,0.604848626534191,3.14761643835616,2.3211974248927003,37.7781111111111,0.558514050387597,3.13253703703704,41.96124,4.98679130434783,50.8075,99.92516288061582,45.26080253208153,74.66222967254987,6.789296431364337,768.7027071988294,938.4527336806059,89.68855254352093,401.16971358656883,1231.626095250249,2217.934327200055,73.91157560050488
1142,0.28169421023046703,18.5989402985075,5.47834224598931,7.38828776978417,1.05852523171988,18.814547169811302,0.369196989109545,3.0911914893617003,1.57038685015291,28.302292682926797,0.362457359635812,3.07030538922156,35.6218666666667,4.3487878787878795,38.7866666666667,84.68499914396419,22.478526973274207,33.89999503924149,6.7656478870710535,769.4830259559354,858.0672554671764,62.716007232666016,403.11776101589203,1043.0749505758286,979.7605220228435,65.97419269382954
1143,0.260829616637434,18.598447761194002,5.4792247706422,8.10320567375887,1.18523589164786,22.0697884615385,0.379646116335771,3.12648703170029,1.50122135416667,28.3657837837838,0.362027983816588,3.10985538461538,41.9072068965517,4.13333333333333,38.4137142857143,92.0793644811211,45.527458964363674,683.0451555956585,6.777854878779219,772.6619289405293,896.9701360911131,89.18424136936665,397.1788100898266,865.3933182358742,2691.9152587652206,76.58512331545353
1144,0.208158801805499,17.7423859649123,5.51533870967742,9.54680991735537,0.887517579721995,15.753458333333299,0.41237819213619803,3.14885588235294,1.04831612903226,18.906096774193497,0.407992822966507,3.1250081521739097,39.3016,3.8484754716981104,26.6826341463415,77.28385458241024,37.68163838337168,248.5868995707055,6.787920757840771,770.1824976103265,908.6567908525467,63.855014741420746,330.163910984993,1064.7928807884455,683.2466460764408,65.91621786355972
1145,0.278151677199806,18.611015625,5.46649489795918,8.66477118644068,1.5593972602739699,25.2202325581395,0.48135142723444097,3.14366666666667,1.90930691399663,31.520696969697,0.438120995099887,3.13648703170029,42.0703333333333,4.435584745762711,41.818391304347806,138.98742409553455,41.664843813546476,40.74504546925363,6.79523974583442,772.4214464631114,840.0390855967999,112.79042810201645,380.5937245488167,1094.6148540824652,1369.941607117653,77.5190070271492
1146,0.180341480820696,18.5931515151515,5.46522842639594,8.73851694915254,1.2062514029180702,19.0715344827586,0.5587033773861969,3.1628299120234598,1.6922821782178201,28.676275,0.5814817997977759,3.14723652694611,42.238217391304396,4.30089830508475,38.1964516129032,77.61685931673973,30.129533520056107,34.07127534166547,6.801462958392006,775.2634809722214,794.5044431835413,91.45638905465603,345.8559513092041,1018.2905476540326,2165.5633114278316,77.13488303124905
1147,0.37160012437810896,18.604343749999998,5.47259154929578,8.06091608391608,1.2175941176470602,18.8239508196721,0.5368690532265661,3.12293386243386,1.3151720554272501,21.973249999999997,0.507574468085106,3.1033203125,42.3198846153846,3.8997662835248996,30.511999999999997,93.09837425323876,41.50688037224278,320.5892644240644,6.7751388253026406,768.0582258520875,1031.2166064977646,119.11196634173393,295.20345851778984,1020.3088168054819,1149.7849132865667,80.77281527221203
1148,0.32854618473895597,18.6303728813559,5.45579396984925,6.6970175438596495,1.12757877813505,19.0577636363636,0.510488779174147,3.15280758017493,1.49983311603651,25.3871351351351,0.45138461538461505,3.13130054644809,42.12716,4.17063813229572,35.148399999999995,93.2888111107402,18.721303765372546,191.75704501760765,6.790062255157101,773.9098385571976,863.0941156297922,119.09483000636101,330.40433190762997,874.3487764149904,2737.7231512218714,61.9466882199049
1149,0.136525204274041,18.6096349206349,5.18262385321101,7.7816,1.3428703910614501,18.9476666666667,0.5295952489721331,3.1209593495935,1.7776975308642,25.239825,0.519485365853659,3.1071965811965803,38.846481481481504,4.17185992217899,34.5680857142857,69.49240131122174,41.57479632868519,33.99688401393641,6.76166922725644,769.0685310772603,724.1833489388227,94.07396428287029,326.997647061944,1131.1449576169252,2892.5491962581873,76.44398137927055
1150,0.22951970831691,18.594906249999998,5.45720379146919,10.3784134615385,1.84377419354839,31.5977575757576,0.609638376383764,3.1208868501529103,2.74627559055118,44.3255,0.5525657202944271,3.10283480825959,41.9081785714286,5.08159534883721,54.4218421052632,100.48333063967729,41.61815315235695,74.80066862769917,6.7749185612476,770.6750182712732,936.783803626895,97.28111326694489,421.5904511511326,1137.8264985978603,2207.3509637266397,77.12393999099731
1151,0.314890223921354,18.628796610169502,5.43326455026455,9.32272357723577,1.3213255528255499,25.2858604651163,0.38623668065870204,3.13244207317073,1.77864705882353,31.650555555555602,0.355884906960717,3.11763783783784,42.5582857142857,4.49542692307692,42.5640769230769,92.87619567443699,41.60547058271538,33.92007774592082,6.78000214588594,771.9759063510512,805.6462742388248,95.00267915427685,351.94670781493187,1033.5552971810102,1920.9431484341621,73.53122346103191
1152,0.10519441761638,18.5764090909091,5.47686458333333,8.04660810810811,0.772534320323015,12.5423804347826,0.414518318549942,3.1393170731707296,0.74629441260745,12.509510869565199,0.400300157356412,3.13175409836066,49.1892173913043,3.45454838709677,18.754090909090902,146.85455904073214,37.74312984374783,682.9089723310493,6.768133324861177,37.410526238329744,698.8723762333393,125.80147013068198,368.7405027449131,1056.1769362539053,937.8382470458746,69.5160124450922
1153,0.295941447937698,18.608164179104502,5.42835922330097,7.31755696202532,1.40211636363636,24.9600217391304,0.283838214783821,3.10116809116809,1.4128567674113,28.070611111111102,0.271610823529412,3.0847005347593597,45.02316,3.9869479166666695,38.633666666666706,655.0108287031031,33.97373244177695,47.552623562566865,6.768119721337833,769.9990286510578,945.135997608304,106.82707652449608,437.13217601180077,782.6957385987043,896.6606110334396,77.27309130132198
1154,0.389630173564753,18.6114833333333,5.442638297872341,8.722000000000001,1.21356191588785,18.6373454545455,0.421044003115265,3.08606936416185,1.63305047748977,28.2597804878049,0.40490758946126604,3.07086327077748,42.19992,4.24609558823529,37.7271851851852,117.053893526445,41.586108766703944,320.6047833672701,6.7456391254101815,768.5201046867338,895.2992968261242,84.88856256008148,386.4495549350977,852.1940559148788,2130.524069070816,84.07086133956909
1155,0.185140834712263,18.619703124999997,5.46577659574468,9.5054958677686,1.22527639383155,22.257369565217402,0.436082481751825,3.15889411764706,1.25884064665127,22.094152173913,0.42796206752813704,3.1639673913043502,38.8509615384615,3.90806206896552,30.4117105263158,77.22928121381426,37.7343479210134,33.993111615073346,6.789348176641093,770.906896298015,941.1701001226902,91.1142211407423,415.10704904794693,1139.5199224352837,2225.3910545259714,73.65010678768158
1156,0.17655520121488202,18.6044655172414,5.6760773480663,8.04944444444445,1.21788389121339,18.8430163934426,0.5373349753694581,3.1511932515337397,1.85962052877138,31.412027027027,0.502869602763385,3.11777914110429,38.6436296296296,4.47239830508475,42.2511071428571,77.86932950002848,37.885068316400265,47.61743872651998,6.77579643147993,771.3652499452322,804.3034002184868,95.95444425940514,359.4864159822464,1097.497995942831,2933.4941413253546,90.378662571311
1157,0.377551914341337,18.6077333333333,5.4340660377358505,8.097777777777779,1.1165621679064799,18.897206896551697,0.457782492184011,3.1370656716417904,1.42240791100124,25.189475,0.44889442929489703,3.1152179836512297,35.7906875,4.151569767441861,34.9919393939394,510.84838428158366,37.89191464737626,34.02990361451089,6.783843166415546,773.9264388418302,890.6253147870302,56.91172555088997,342.18020737171173,1021.8022391200066,791.5771100670099,62.15730682015419
1158,0.15987058985667,18.6167936507937,5.42020202020202,7.37776923076923,0.803006036217304,15.9444722222222,0.336158670520231,3.15272699386503,0.82674209770115,15.756261538461501,0.320590546528804,3.14188624338624,39.0051612903226,3.54196762589928,22.743981132075497,77.35523552732063,30.10004948032096,682.7746410413555,6.795530682135231,45.31062106058035,1028.5204742103815,86.78878657519817,317.522743716836,1110.8901351690292,2189.549244940281,80.64829744398594
1159,0.13433425669436802,18.6128421052632,5.465166666666669,7.36114012738853,0.725241477272727,12.5748928571429,0.335840751445087,3.14589595375723,0.539288920056101,9.41411023622047,0.324956606397775,3.13278260869565,49.055681818181796,3.33763235294118,14.781225000000001,85.0959282378863,37.818613758989386,27.228713937623024,6.7846254674552515,30.14761557212367,813.0872156471014,118.2403415441513,318.9330920577049,1113.1525039672852,1895.9980923682451,77.69088260829449
1160,0.187460453490448,18.5984310344828,5.47378645833333,7.38313580246914,1.13240824337586,21.848754716981098,0.33578719455614003,3.0912015503876,1.66488562091503,31.3839696969697,0.325506012658228,3.07252694610778,42.1942916666667,4.47959471365639,42.8128888888889,100.56116871969903,37.60634634668617,47.45286120851895,6.746191187706939,180.4251149364678,806.7943155765533,121.10224924981594,358.0387681722641,1030.1402769982815,1332.4181083589792,77.03532464802265
1161,0.192742123030758,18.6038,5.518473684210529,8.867991869918699,0.6775222804718221,12.598340659340701,0.33526107746254397,3.12283282674772,0.7807694915254241,17.4581525423729,0.327485168282944,3.10146017699115,45.3069130434783,3.5263850931677,22.913829787234,139.03677847040916,37.830531020058594,217.9531998177892,6.760423614208653,772.3633200219684,824.3074174970388,116.73811823129654,342.35152415931225,1135.364593937993,1014.2107959836721,84.96479131281376
1162,0.194495729739989,18.60990625,5.48705555555556,8.79979661016949,1.75119126506024,28.2293684210526,0.466059441973312,3.1302109589041103,1.93041807909605,31.468588235294096,0.453301181102362,3.10467673716012,45.3954782608696,4.478290196078429,42.4405833333333,756.2797412428602,41.70007280950392,47.523164707226336,6.776123563331131,773.6142170594143,875.418446958065,90.16906842589378,436.4986903965473,1209.118776023388,2127.3717284202576,76.95136591792107
1163,0.313471564709499,18.6156379310345,5.47564622641509,9.56515,0.690636636636637,12.5975925925926,0.33867338582677203,3.14061157024793,0.815772047832586,15.7588219178082,0.32446279491832997,3.13203539823009,42.00955555555559,3.4470607028754,22.852490196078403,85.10152019508259,33.932334174816994,170.58772579824847,6.78164015614078,45.10140143921276,758.2178805023432,118.62171813845634,372.9348536580801,961.8624579161406,830.5383380502462,72.9456078261137
1164,0.259885285154549,18.5931428571429,5.45229223744292,7.98394573643411,1.00746707105719,18.8650476190476,0.348579026896343,3.1498374233128796,1.38169321148825,25.099902439024397,0.342831786890153,3.13374054054054,36.0145862068966,3.99664031620553,34.2856551724138,100.63573010529197,34.000386153667655,40.72183192384746,6.776609389519539,768.2744585199014,851.1746767908335,61.526428908109665,380.0181671977043,970.4625234007835,678.3506833016872,69.12359967827797
1165,0.322405617067243,18.6133125,5.4256509433962306,8.71601492537313,1.2834763092269301,25.3650697674419,0.354779795311984,3.16033701657459,1.60562063492063,28.4328378378378,0.346624880687241,3.1388507462686603,38.9803666666667,4.2515,38.5806333333333,116.04306880928804,41.67595078822073,47.51069012446392,6.7735173239166615,770.8827457460384,956.2741499394178,62.99177184700965,372.68209271132946,1118.0282104760408,730.4945960640907,69.04760375618935
1166,0.335093548387097,18.554206896551698,5.46722395833333,8.11238582677165,1.07721391484943,18.754303571428597,0.399020257109466,3.09915217391304,1.38462483130904,25.0972826086957,0.38778460499662404,3.07992263610315,45.362519999999996,4.15540476190476,34.5775806451613,92.55525210313775,49.09331675908693,47.45592430122429,6.747977858899669,770.2358466463455,831.2021847814322,114.78574015200138,318.35720874369144,1027.0353872328997,828.1172718852758,69.24089975655079
1167,0.180720759233926,18.603203125,5.44513197969543,7.364364285714291,0.971685903500473,18.913606557377,0.327110989910008,3.1230652818991103,0.948815087396504,18.9196031746032,0.3246130835896,3.10492391304348,45.5791363636364,3.70169029850746,26.529717948717902,131.3421494610345,30.085675842527518,681.9241423808148,6.730811105771488,44.83527868690848,579.8608995974064,118.05151589214802,342.9258707910776,1116.934884339571,1085.9115980565548,77.32347585260868
1168,0.29183186490455204,18.6166779661017,5.444061611374409,8.7947786259542,1.08462939958592,18.9289655172414,0.39554699537750404,3.16182282282282,1.6047027439024402,28.2761463414634,0.371378067722895,3.13883582089552,38.8031290322581,4.434171548117161,38.7006923076923,77.28069183054451,45.425939110740686,33.99815379372032,6.7931624451677886,120.4821275498948,766.5160112082958,99.23391044139862,433.5308447480202,1045.0135450810194,1777.855958789587,57.79261700809002
1169,0.219014462416746,18.600265625000002,5.44043636363636,8.005381944444439,0.834105555555555,15.6270972222222,0.345034842167957,3.0979548192771102,1.05324,18.7479649122807,0.323173128944996,3.0935843373494,45.5486153846154,3.6273101265822802,26.7862894736842,84.925620619149,37.64716807433248,376.41404193285666,6.747582271118,770.1575283399629,826.2903895229101,116.6484784334898,365.700526162982,1119.6406092494726,1272.5256849080324,76.9810751080513
1170,0.21173059265442398,18.6190476190476,5.46073333333333,6.80535294117647,1.0295648648648599,22.0527209302326,0.24818008244738599,3.11568229166667,1.0193479145473001,21.95702,0.241053872053872,3.10872832369942,45.2539230769231,3.8516462585033997,30.8152105263158,132.0182693468716,30.128427087829067,268.2221712681997,6.7565807418601045,45.15972698405518,859.7441483289003,112.60565370321274,343.65057945251465,940.6620636582375,1140.4131073504686,73.68987426161766
1171,0.291748349415947,18.613813559322,5.419595959595959,8.589842105263159,1.3729892601432,25.2295238095238,0.373944725205306,3.12049869451697,1.5658338414634099,28.431512195122,0.362663341645885,3.10160398860399,38.6573214285714,4.347575,38.6488,116.51350646531901,49.4118003923105,683.5105590889785,6.7728766060901435,773.1112074870047,775.1637138426304,90.15542455017567,375.97999908030033,968.4325661510229,3139.3809244036674,75.97571238875389
1172,0.14512255628960502,18.5976315789474,5.4248293838862605,7.98506976744186,1.2761254480286701,21.9907608695652,0.40869011406844097,3.12870923913043,1.47048148148148,25.2370487804878,0.401199617590822,3.10352419354839,42.15108,4.20449815498155,34.2477352941176,147.56149456299394,37.64836778068843,33.95274940221319,6.779809599531524,771.8285138371147,600.3298331052065,119.89413760602474,379.89038974046707,1103.8549710065126,1177.625684067607,80.67050948739052
1173,0.40835281615302904,18.586126984127002,5.78708064516129,6.78054970760234,1.39747467608952,22.2299782608696,0.549950216450217,3.1177542857142897,2.39942675159236,38.042888888888896,0.547728669846317,3.10363783783784,38.8452068965517,5.0314,50.480347826087005,77.31354650590966,37.738822228178236,40.915153017231134,6.769572457434733,477.4893977138289,752.5871973484755,88.0916602909565,410.65793484449387,951.2564167380333,2488.171262666583,76.79401896893978
1174,0.23979241426300202,18.6169482758621,5.45872588832487,8.091510638297871,0.806030612244898,15.6375857142857,0.309692330827068,3.1067277628032297,1.21812930011862,24.9302916666667,0.296563069279603,3.0893027027027,35.552516129032306,4.07071328671329,34.921322580645196,255.20540675120932,30.02959095591475,67.87450037644305,6.772522007489127,271.9283800728094,955.1530238240957,61.401864513754845,372.4220674484968,1193.562289699912,898.6335247755051,71.06740958988667
1175,0.23119622266401602,18.6071875,5.46692021276596,8.782256,1.17068763557484,22.2304651162791,0.397618719889883,3.1209616519174,1.60786998616874,28.607075000000002,0.35742782324058897,3.1210303030302997,38.8444230769231,4.37075095785441,38.4857037037037,92.784888029068,37.92237525528308,33.90981961935065,6.7502962594592315,772.0664681801046,890.264892950654,88.0588311702013,360.13806238770485,1015.0691960006952,1974.4081422686577,73.8414004445076
1176,0.40675194621373,18.634015625,5.46857291666667,8.24276,1.37806024096386,22.236489795918402,0.533782450674974,3.16695975232198,1.8077526501766799,31.7312631578947,0.508934325744308,3.15347692307692,41.9781071428571,4.53096888888889,42.6319166666667,108.58356557845411,41.70205720733724,40.74337952715965,6.789229788864065,773.1543128761446,884.3745570629835,122.09108099341391,376.620888710022,1093.3188255876303,825.929269194603,80.86152374744415
1177,0.232288898060256,18.4776666666667,5.46182159624413,9.031906249999999,1.00417112810707,18.9985409836066,0.339530821917808,3.1727665782493397,1.3142318840579699,25.2886976744186,0.32443460447526,3.15323415977961,42.1311111111111,4.23080912863071,34.9217941176471,123.30934302163037,45.41565435163902,40.746986795572724,6.79152310681596,770.9694574276864,753.0392147600651,116.89621023833752,404.4394940137863,1033.2396253943443,1031.202543526888,81.86288177967072
1178,0.306261420649591,18.5434545454545,5.44057512953368,7.3764014084506995,1.15589341085271,21.9020555555556,0.339981674565561,3.09731360946746,1.55806880733945,28.2729,0.310994563575959,3.08662803234501,42.2688888888889,4.36196666666667,38.01275,85.10467219864144,34.077927400986525,33.90233163707483,6.752814755853777,772.5511349095942,898.8234214484692,117.37369932234287,417.7479073405266,1289.472682401538,1277.9360171407461,89.65451270341873
1179,0.152561599481949,21.4625178571429,5.461921875,8.666669421487601,1.55351821862348,28.0583684210526,0.334444769140853,3.11288957055215,1.71585735735736,31.4159375,0.335838268792711,3.0896988636363596,45.81016,4.26374716981132,42.5887272727273,108.39196497897008,41.5602899109056,170.2600916549563,6.7699414677447045,771.5255785364391,878.8398001343012,114.92399498820305,370.2415619045496,968.8313584774733,1426.021521911025,66.31892174482346
1180,0.275303753351206,18.621781249999998,5.451738095238089,8.24659285714286,0.9962325581395349,18.9852777777778,0.303597791798107,3.1517713498622597,1.77768866328257,34.764696969697,0.280190489204701,3.1374847560975603,45.6898636363636,4.33355601659751,46.32156,84.9829063233342,37.60113953637625,40.75124343667421,6.782312503858522,771.6265656520565,813.9048237353563,119.36905793845654,336.5608863532543,1103.7790216505527,1255.288440734148,76.95276290178299
1181,0.167591258893568,18.6041428571429,5.41036279069767,7.953635658914729,0.9618645739910311,18.976320754717,0.34488810720268,3.17990490797546,1.30874801362089,25.2915714285714,0.330441394898289,3.13285869565217,35.6633333333333,3.98923103448276,33.9957352941176,178.451707596483,41.733322032581185,498.8745046629624,6.742238512274792,52.7858339715113,847.8042203933,60.01712754368782,406.0898441821337,1153.8997758179903,806.3855115324259,79.02951911091805
1182,0.22364443575200502,18.5976666666667,5.47154787234043,9.5795350877193,1.0288747763864,18.9593492063492,0.407137301587302,3.12153929539295,1.19501396973225,21.9326595744681,0.407422429906542,3.1086011396011397,52.0490869565217,3.73798996655518,30.6489714285714,177.90702984644804,22.34919602599137,34.04015806449906,6.764546741484931,52.745708948689206,789.5312737673521,111.73966340720654,357.8998614102602,1082.5347155332565,1004.9103293567896,76.61152631044388
1183,0.37850314232902,18.612196969697,5.4783065326633205,9.55610317460318,1.0014766536964999,19.0944807692308,0.325469142697571,3.14365749235474,1.64825079872204,31.7617777777778,0.312852876712329,3.12893586005831,35.7610294117647,4.35412711864407,42.73828,85.11309242571319,41.45531703352924,40.929748366449104,6.7925165495529365,771.4661658690428,944.2946407943964,60.853688046336174,388.3478231728077,1185.515895485878,762.734655290842,76.83243602514267
1184,0.21506427444795,18.6031666666667,5.4261682242990705,8.07783098591549,1.60326409495549,22.1354705882353,0.5831570294784579,3.13483791208791,1.9165170556553002,28.475425,0.578522009029345,3.11711594202899,45.399583333333304,4.3092100840336105,37.8015333333333,440.45553957572935,33.66509587839057,681.2400112906662,6.765911361532543,769.3392339825865,892.9747622460127,90.92348627746105,350.40751099586487,788.4363643825054,1813.411433249712,76.65627636015415
1185,0.334371949235275,18.6157619047619,5.468952127659571,9.318529999999999,1.33829817708333,22.409177777777803,0.541098345153664,3.15731288343558,2.0850951417004,35.1286774193548,0.521544393708777,3.1405382585752,42.1716153846154,4.57439726027397,45.424695652173895,100.73394565497178,33.70340374019986,47.98630863823049,6.8080289612867775,773.9470024512328,845.7520045340061,116.35739356279373,398.2258029282093,1202.5369796901941,1262.6281473785639,73.48787039518356
1186,0.47055205923183696,34.7148666666667,5.43942021276596,7.41015942028986,1.4540084865629401,28.402075,0.35060569105691103,3.1392619047619,1.82802672955975,31.2908378378378,0.339691116306254,3.1198075880758798,38.530923076923095,4.43349042145594,41.622,100.39017631019112,41.50579492420219,81.29815977748189,6.7657736526870025,770.5232658179268,867.2728668898344,90.83952754735947,367.83297546207905,1114.639500156045,2651.3954158872366,81.20485581457615
1187,0.234121651295564,18.6201,5.43898484848485,9.361979999999999,1.5750087847730598,21.9199574468085,0.468719197707736,3.1186969696969697,1.9972862745098,34.5596666666667,0.456617623918175,3.1037610619469,45.7823043478261,4.603,45.521347826086995,116.6212235801424,33.75833547031672,33.846571561321035,6.7755731676618325,769.1506215961176,816.6381623595953,116.68507941067219,384.08017717301846,996.9122707843779,2167.4741990864277,80.92201314866543
1188,0.29895434719395203,18.6184375,5.455926940639269,7.42058709677419,1.49003947368421,25.2269,0.49972778036295895,3.1264,1.50950830140485,25.153521739130397,0.484887062789718,3.10714242424242,38.6941481481481,4.17828048780488,34.4524242424242,755.5280423167304,30.077441540680958,525.8177445881869,6.747434910348241,770.7094100375533,827.2471372038126,93.15554052591324,430.73552660644054,1109.0988293290138,1716.8493941426277,77.99309678375721
1189,0.271159146176709,18.6105254237288,5.45487323943662,7.43196350364963,1.01115320334262,18.7878524590164,0.354034120734908,3.0997480519480503,1.50548833819242,28.1181463414634,0.337866754184444,3.08093484419263,45.4185,4.26632363636364,42.5929259259259,765.2702370815824,37.54295406827617,47.36251530038746,6.762277735841289,468.4332373512433,850.6383281201124,116.39278382062912,396.78700268268585,1135.6712318956852,1025.8791502565145,80.47139272093773
1190,0.129258324924319,18.59559375,5.44574074074074,7.36737179487179,0.938079524680073,18.6705740740741,0.27561159569009697,3.09166966966967,1.4544248927038599,28.1604634146341,0.267859991039427,3.09655688622755,38.671692307692304,4.12423636363636,38.5079230769231,76.45072189650158,22.28126175502189,47.44165068925515,6.7521736564119985,764.0900710466824,892.7498012781143,89.80007842183113,407.62582793831825,1036.7939248681068,2377.17111594975,70.7180704921484
1191,0.28937265050395,18.619390625,5.45574761904762,7.43793055555556,1.38906081081081,25.1623260869565,0.476808876811594,3.11609275362319,1.6152789968652,28.3054054054054,0.469815714864318,3.0957590361445804,45.5578,4.35025409836066,38.91253333333329,744.6901216216663,37.57889784145032,683.3411578632666,6.766548601238636,763.9061313703963,954.158790409565,131.44793920218945,404.6560265123844,1304.0837366133928,965.599063783884,76.83089934289455
1192,0.18394480339671399,18.6040793650794,5.47536320754717,7.539486842105259,1.0743377110694199,21.8891063829787,0.361933585143217,3.12670820668693,1.01221170395869,18.7169272727273,0.345628421665696,3.1076525679758302,49.3740454545455,3.7497615658363,26.941,779.7036867093326,26.126879026329018,683.3803757411303,6.762592771222397,203.35015791035354,958.3917912095785,86.94040589034557,370.4074304550886,1117.9868131875992,1931.8862818181515,73.3767170459032
1193,0.318814430172178,18.51725,5.43246560846561,8.0026484375,1.3998185538881298,25.3658222222222,0.49430393428447905,3.16504242424242,1.78087796610169,31.517621621621597,0.481608859172587,3.14284709480122,45.82204,4.28039776951673,42.6556956521739,76.95110810512233,33.63104744424169,95.23105868038209,6.792621246138285,769.95886978724,952.1251544356346,120.51574885845184,394.309451803565,1097.0409493893385,2706.3413988798857,77.16808468103409
1194,0.24636301691729298,18.486265625,5.50956684491979,7.37125179856115,1.40640453460621,25.3099574468085,0.425886940298507,3.1384892966360898,2.0691580000000003,34.707333333333295,0.416426883910387,3.14681586402266,42.506,4.62467567567568,46.4948846153846,99.80107134519702,45.20616887331109,258.4528509675341,6.758559374711688,767.3754145304528,1002.4400427937508,89.44622240960598,309.99663285911083,1123.0736039578915,2223.125472664833,73.29043000936508
1195,0.17738816362054,18.575031250000002,5.4233981042654005,8.78946,0.816345390070922,12.514625,0.47351451187335103,3.10371002710027,0.9525190434012399,15.684594202898499,0.467687443130118,3.0904647058823502,45.4448,3.57037125748503,22.7382222222222,84.85406267544607,37.72318436505622,683.1446017338757,6.759660899247825,768.5240849085422,604.9513816833496,110.7661984860897,312.12903559207916,925.4103060811758,1044.3129111081362,77.38764397799969
1196,0.166855658386102,18.5819104477612,5.46220634920635,7.39933103448276,1.3926061827957,25.318075,0.466753852392539,3.09095977011494,1.9855694980695,34.6111290322581,0.447794427710843,3.06704533333333,45.65,4.62499111111111,46.83648,92.49503961385486,22.451344374926315,54.08686466343578,6.73306956250537,768.2126752285418,1008.8355280458926,88.4808599948883,400.72640404105186,1267.5756122916937,1891.2901170551777,76.23662240803242
1197,0.217038993191665,18.622890625,5.426611111111111,7.39503205128205,1.5764862258953198,25.334625000000003,0.456600089565607,3.1803323615160397,1.84387432675045,31.454514285714303,0.44944047151277,3.15714673913043,41.7095769230769,4.46928301886792,42.3945555555556,85.01820355116276,37.740485612197006,74.95624298944134,6.79607197539198,82.86166501948452,946.045620366931,94.60765868425369,375.2878401428461,1113.2525280117989,2407.3921144008636,80.10431192815304
1198,0.375217438494935,22.995893617021302,5.46335944700461,6.6925176470588195,1.1759278017241401,19.0846785714286,0.488089099526066,3.1532579710144897,1.3444606741573,22.1588846153846,0.48096562499999995,3.14206010928962,45.4435652173913,3.9964000000000004,30.5020666666667,69.34813163573655,37.814333665299955,40.88440948266274,6.778366352177766,768.5358100476196,925.4352655261755,110.14728806912899,265.6577154994011,1169.2093219608068,2495.7335088402033,80.58859966695309
1199,0.222234479775038,18.627921875,5.46586170212766,7.37631972789116,0.776066621346023,12.587250000000001,0.48940673339399504,3.12081471389646,0.656450867052023,9.365601626016261,0.44123290203327203,3.10510649350649,45.0397307692308,3.4105428571428598,14.6976901408451,84.78607746366171,29.991276705395883,27.23104449558845,6.778161319149486,20.26539169847338,443.40877793729305,125.84147043526173,315.309502184391,811.5117903798819,830.8425545692444,44.35419104993343
1200,0.203198333049838,18.597220338983,5.44587564766839,9.40881981981982,0.953694789081886,17.2352741935484,0.48491985353946304,3.14350437317784,1.23393034238489,22.0876041666667,0.446830705705706,3.12563612565445,41.8743333333333,4.00125,30.3527575757576,147.86689539608537,26.35933351652798,682.3445770076847,6.786856087929171,769.7929213965526,680.4476492106915,97.48227894306183,378.2954066991806,815.6420197337866,1830.6038808077574,68.70189681649208
1201,0.227961744301288,18.6192222222222,5.45706349206349,8.19766,1.6097209944751398,28.425380952380998,0.5066785361028681,3.12095822454308,1.84655992844365,31.474756756756797,0.477212774451098,3.1031452991453,42.075423076923094,4.40860344827586,41.7453214285714,240.34599816179303,26.346691221851742,47.57839751473388,6.776590665359765,765.0318833344483,880.090519785881,57.55038000643253,374.08345378935337,953.7817910313606,746.8084804713726,71.62732072174549
1202,0.154970966776414,18.580896551724102,5.45974074074074,8.11232835820896,1.2521566920565799,22.3216078431373,0.42727917282127,3.1588030769230797,1.25129099307159,25.206631578947402,0.410793222683264,3.14351621621622,42.0657307692308,4.02334589041096,35.0007777777778,107.9514191449774,30.18018018589315,682.5189255562116,6.788633637365567,769.0514059529778,803.442345932126,120.32929807901382,326.0502591729164,783.7670389562845,1293.8077561557293,76.83816365897655
1203,0.23150270270270298,18.5087666666667,5.09843457943925,8.41149645390071,1.11897910135841,18.995773584905702,0.483315345699831,3.15193905817175,1.4463563535911599,22.2409787234043,0.470275664621677,3.13279891304348,48.781791666666706,3.9314828767123298,30.666878787878797,100.34415688104393,34.09442639177714,40.80762255045658,6.772189711444226,241.83037879790103,865.2294985949993,118.44988912343979,303.9156086742878,1145.5635540187359,1181.3450139015913,71.18242792785168
1204,0.24175615400799502,18.5624166666667,5.41608962264151,8.82777037037037,1.30081590909091,22.18375,0.469880384967919,3.1321250000000003,1.73085240963855,28.3184166666667,0.455611832061069,3.11489940828402,42.0932083333333,4.57568525896414,38.290392857142905,93.09107962205921,26.158638649221025,149.88388980966306,6.800271664073208,771.4895797937147,813.7764409184456,90.59724397957325,402.7288407087326,1214.5104352384806,2222.647937014699,61.88410334289074
1205,0.15188567585743099,18.6063333333333,5.44565876777251,7.986155038759691,1.16958351409978,21.9718125,0.406297752808989,3.11873770491803,1.61367366946779,28.2682619047619,0.366324748743719,3.108625,38.9184074074074,4.211938271604939,38.4801153846154,116.6389823621214,41.494725531620794,47.51456239160113,6.769975913821909,770.4843035149371,822.8561375290155,63.07843141257763,386.6837825626135,1025.9062051773071,835.6413803994656,65.76287560164928
1206,0.140468536867842,18.646086206896598,5.46382446808511,8.01565034965035,1.08781170018282,15.922095890410999,0.49777147998200594,3.15057525083612,1.3653726790450902,21.9520384615385,0.47586993865030697,3.12586910994764,42.1428888888889,3.9977148148148096,30.6712162162162,69.77183636826813,37.807425738363705,27.2204488562685,6.788788115366955,773.2713138366511,559.7608163952827,90.47295898199081,327.8786316514015,932.9795371741056,1607.8061424195766,65.22205658257008
1207,0.119939853556485,18.591873015873002,5.44105687203791,9.44816393442623,1.02836241007194,15.702446153846202,0.5385885660731019,3.13214986376022,0.8994278215223099,12.5243170731707,0.5012765853658541,3.1252340425531897,42.104961538461495,3.56989655172414,18.662125,77.2936562521002,26.355648285969473,33.9274491422382,6.7908688911621855,37.45865757096045,655.6445732712746,86.16591803729534,310.5110488831997,933.0801200121641,1720.6934746354818,68.40857677161694
1208,0.15982924849861999,18.6126515151515,5.45895744680851,7.31905714285714,1.09310347985348,21.8348727272727,0.356801363495507,3.09621533923304,1.11563310745402,21.763446808510597,0.34783136593591896,3.07891317365269,38.673466666666705,3.77879801324503,30.220315789473702,154.14128254920308,26.347796459782167,681.3168926218844,6.7356874775331415,90.11003590163973,569.6182139217854,62.174024060368545,387.44439370930195,1034.50957685709,879.4762659817934,73.02598096430302
1209,0.17266688556887202,18.5778,5.44945673076923,7.35652866242038,0.925391500904159,15.788205479452099,0.395451940515053,3.11819266055046,0.7460115961800821,12.5431157894737,0.39955903935957304,3.1048490566037703,45.3116666666667,3.4287125748503,18.7781929824561,84.70721352313312,33.87548572532766,33.978157195569295,6.755836054275461,37.39944846964774,818.5753598809242,88.38344365358353,353.2149828970432,1022.0541153103113,1795.312575995922,77.80538871884346
1210,0.179259155912103,18.616238095238103,5.47371859296482,8.09111971830986,1.15937133182844,21.9066296296296,0.355925524712255,3.1066739130434797,1.34653333333333,24.9839047619048,0.34080872291904196,3.09091470588235,38.6394,3.9071474103585704,34.800354838709694,162.40147622167416,37.567376689764174,47.597790408601476,6.770706321304028,771.5562325012218,773.6135739833117,91.18234738707542,383.60683247447014,946.2055750191212,1679.5198898762465,54.63040433824062
1211,0.117938993089832,18.6115833333333,5.46085308056872,9.494760330578512,1.33058838383838,21.9391063829787,0.48638403677392394,3.11073829201102,1.73604552352049,31.36353125,0.48779228624535304,3.08988855421687,45.3222307692308,4.45593449781659,42.1361071428571,92.68710949682277,30.045899756738912,47.46325041198725,6.752171652282525,766.2694017869999,767.7867542952299,88.67648430168629,352.40836441516876,1091.4092417806387,2276.429394260049,73.0752944946289
1212,0.13580229512286401,18.6079848484848,5.48395283018868,8.089925373134331,1.09441151385927,22.0025576923077,0.32047813254628404,3.14621857923497,1.13107983193277,22.0086808510638,0.308885188431201,3.13275535168196,41.9722857142857,3.66325490196078,29.9317631578947,131.45333460625653,37.724951756438415,34.00703869745325,6.804316467230752,767.1093936767455,683.4361702203751,122.06672690808773,356.89035430550575,861.339271068573,908.5788391530514,77.07108743488789
1213,0.183124720893142,18.3706461538462,5.43702010050251,8.12785714285714,1.24776721311475,22.0537755102041,0.457243290805103,3.13788654353562,1.25948219178082,21.9747755102041,0.469014652014652,3.1365910447761203,42.264520000000005,3.98464615384615,30.305303030303,84.99426576554146,30.133853094795857,684.375280368162,6.744039303272243,768.0768937048546,848.1661323457956,90.63072502613068,354.308495298028,796.8198042362928,2012.7766765654087,79.6307809650898
1214,0.122153731183944,18.5793174603175,5.416994652406419,8.666628787878789,0.861834782608696,12.4755465116279,0.508894379844961,3.10506094182825,0.971317886932345,15.506957142857098,0.4823514606741571,3.08907837837838,42.2229583333333,3.55759395973154,22.672634615384602,76.9354092739944,29.811886459338677,27.14706148015814,6.765236593564125,82.39415774148372,738.8940546661615,88.09706196188927,230.7767979800701,1119.9340224266052,2323.8510824739933,73.28037172555923
1215,0.128580060045034,18.6021492537313,5.4556170212766,7.35564028776978,1.6513723076923101,25.052500000000002,0.439056689342404,3.10373939393939,1.62502727272727,28.0754444444444,0.422716169057774,3.0904380664652598,42.11152,4.1605034965035,38.2422666666667,84.92812014476674,41.638265660887775,679.0781403656042,6.726346480179758,768.5438052278427,837.2119627892971,89.37581442296505,310.2441318333149,1021.737325936556,1655.859174206853,75.58069191873074
1216,0.240656572769953,18.6050517241379,5.48144497607656,8.08239552238806,1.43335964912281,25.1409736842105,0.335369369369369,3.13201524390244,1.4245567867036,28.2451463414634,0.322579405583909,3.11423498694517,35.3871379310345,4.239385185185189,38.721793103448306,92.23877880157039,37.625409309117316,60.98016030555291,6.774021602991686,89.86938753677852,755.5718533694744,52.459584549069405,260.7339061796665,761.0743399709463,687.9227235913277,64.3657986074686
1217,0.212667285861713,18.573416666666702,5.12947111111111,7.719341935483869,1.06929344432882,18.6589642857143,0.43079882402351904,3.08598850574713,1.2439880952381002,21.77794,0.41422285497342404,3.07556417112299,42.2369285714286,4.0280701754386,30.790324324324303,122.93290902016993,37.49973524165802,679.0283205742492,6.752869563638266,770.4780122730281,830.9736847877502,87.48946711421013,298.9365253597498,942.0932736247778,1777.6219639927149,73.51529784500599
1218,0.190052225727305,24.697854166666698,5.46303333333333,8.05036090225564,0.880446573323508,15.563646153846202,0.371950684931507,3.09395135135135,0.850107692307692,15.5722,0.36680881332408,3.0796737967914396,38.562037037037,3.47928660436137,22.6937777777778,84.60500757486508,30.091888063255897,190.80569083959116,6.741756358598072,763.2855154434831,740.8552803099155,98.82943704724312,269.82733979821205,1021.8108538538218,1973.6361689865591,54.59883250296116
1219,0.14626791946308698,18.6106515151515,5.46585279187817,8.84876,1.18702577319588,22.1334897959184,0.427638842281879,3.13060806916426,1.6695056542811,31.409648648648698,0.412875884016973,3.13021752265861,42.076037037037,4.28101976284585,42.6292222222222,92.82641172169487,30.074895524247903,471.5540858249368,6.7580073841507655,766.7473015929802,874.8619351536036,93.05807761847973,427.3117985576391,1035.2708864957094,1853.7797033786774,65.49637764692307
1220,0.118724425018212,18.6171052631579,5.45606532663317,8.1173,0.6793767688679251,12.492256097560999,0.328609709962169,3.12952034883721,0.521415604283529,9.34189256198347,0.318322680123353,3.1293353474320202,42.225461538461495,3.33336482084691,14.867884057970999,69.06006964932993,33.91129660249565,27.13546560788778,6.78024486254487,29.850563993859108,727.6277989149094,90.30010551214218,206.0693223029375,871.7061951756477,2337.0067588984966,69.06632333993912
1221,0.135933558982073,26.249214285714302,5.4778128342246,6.10802094240838,0.80531628638867,15.6356315789474,0.302034654919236,3.14474863387978,0.648810490693739,12.4776,0.296496394577444,3.1188632218845,45.580239999999996,3.41008333333333,18.734673469387797,69.21658089802817,29.854757580662714,388.8755233089174,6.772388878317222,769.2073543855236,725.1284085214138,87.83075027167797,233.85416716337204,1040.2337182313204,1361.072901636362,73.20106960833073
1222,0.21394317235636998,18.6025,5.45267553191489,8.07823,1.21207381193124,19.0312295081967,0.455268206734534,3.1599972375690597,1.24282643678161,22.2020425531915,0.44932631578947396,3.1578063583815,38.6831,3.83977738515901,29.7963823529412,69.0538971323003,22.351561638324156,33.98154593418511,6.76034072238302,105.39267720082407,796.3002193719149,87.74669840931892,232.20283910632133,1096.6423898935318,2770.690293982625,69.48569789528847
1223,0.20750973236009698,18.5870597014925,5.47508571428571,8.07370866141732,1.23458955223881,21.8662093023256,0.459407945322512,3.12299088145897,1.4160726600985198,25.0196842105263,0.44288046773495,3.10913897280967,42.569259259259304,4.00293382352941,34.293382352941194,130.40344799302,33.689812124299124,33.80299897547036,6.768149875271246,761.7032355675225,641.785329207778,112.20835149288177,306.9897647947073,774.4808681309223,1050.9755462408066,77.27821357548237
1224,0.280657850036399,18.6086101694915,5.49455026455027,6.1117134502924,1.05561995967742,18.785333333333302,0.451730799373041,3.1381441717791403,0.911132260947274,15.536382352941201,0.445522459499264,3.17025895316804,42.3258461538462,3.56735763888889,22.087739130434798,92.58015215197281,37.39894829475363,149.96519806457954,6.775116321032484,37.32896950461656,706.2755059450865,115.42742140591145,228.86511869728565,939.8876689374447,1068.83249245584,74.50035773217678
1225,0.13076844783715,23.6381914893617,5.45619047619048,7.33214012738853,1.34779975728155,25.0701707317073,0.377239838886855,3.09769452449568,1.3485930232558099,25.2179512195122,0.37185740137531703,3.0821497005988,41.905888888888896,4.03627931034483,33.7706470588235,92.0687598988687,26.205520201900242,680.9875036147924,6.757175896857853,764.1232269800096,650.7174577564001,122.61522933840752,322.6060885936022,773.5095452517271,828.505028039217,78.53121496737003
1226,0.138653495440729,18.584,5.4339696969697,7.34063057324841,1.21082603686636,21.784320754717,0.38468351254480304,3.0859971346704897,1.31327692307692,25.0098536585366,0.366337324666439,3.07420698924731,38.6049666666667,4.04090118577075,34.6996363636364,84.67957286494718,41.4884969416155,54.207262674348,6.738308970095391,767.6524722972789,854.7272998839617,83.36082100868225,360.12036725878716,1160.0301135331392,2153.945015743375,76.56780071556568
1227,0.21745983066792102,18.6178125,5.43365079365079,7.4263309352518,1.4187022332506198,22.1828333333333,0.6184561298076919,3.1518982035928103,1.56487195121951,25.175078947368398,0.570750613647521,3.1431999999999998,39.2636153846154,4.10451971326165,34.5436333333333,92.8530447547819,30.030990896215723,67.99173101231747,6.7818755276208025,67.33743089078153,901.0132402181625,88.25059048831463,391.5306180715561,962.1621109545231,2320.992713794112,80.68662136793137
1228,0.142750744047619,18.6122089552239,5.50930097087379,6.10065079365079,1.5084016620498601,28.427868421052597,0.303067844126717,3.14815616438356,1.7117616191904,31.4820789473684,0.286288350910834,3.12853825136612,45.35736,4.48359911894273,42.7457407407407,100.07662155908692,37.61723639119337,47.592130686335196,6.754190538472668,763.0121102715368,847.2162764519453,110.78817769885063,344.9023235589266,1167.422067373991,1320.832036435604,66.11542776226997
1229,0.274376732807828,18.5688358208955,5.45648730964467,8.05118897637795,1.06053327256153,22.004538461538502,0.30385363813772004,3.12436809815951,1.0394796380090499,21.9489787234043,0.293622139588101,3.10986390532544,45.36016,3.74611034482759,30.929718750000003,755.0839979608347,45.227068567527695,40.74219661543349,6.7714137650857396,770.4789620583081,866.4525579661131,116.71851389110088,261.85247115790844,1166.492747142911,1085.4808613657951,80.7521864771843
1230,0.156602659791016,18.594865671641802,5.46324401913876,7.4032040816326505,0.684934316353887,12.5116210526316,0.376114414996768,3.09569515669516,0.563552837573386,9.34115625,0.371792377495463,3.07814328358209,42.06248,3.39659459459459,14.727386666666701,76.86586352011193,33.8146012553324,27.174562925724775,6.721645173107868,29.84185415400997,740.0716189295053,89.72194045782089,332.8308928757906,1007.1106255054474,1237.722160294652,72.58318364620209
1231,0.101403436828744,18.591099999999997,5.47230476190476,8.798155172413791,1.11616666666667,21.8581914893617,0.335071679344646,3.09103603603604,0.986619596541787,18.7150545454545,0.329558934169279,3.07471649484536,45.490359999999995,3.69914860681115,26.4860243902439,91.96472457581196,30.101852789756787,115.45492486991759,6.729856443782652,37.22086286077942,870.9859102964401,112.05067858099937,370.06172351539135,925.3872092813253,965.170981362462,82.95383304357529
1232,0.192530055694258,24.9243409090909,5.43558181818182,7.347153846153851,1.06932352941176,18.8539814814815,0.4309683419074,3.13096209912536,1.43049563046192,25.024790697674398,0.41798580199539503,3.10921614583333,42.0571851851852,4.01884108527132,34.8748125,760.7968891607386,33.84413085855007,27.09888019680381,6.767423793545896,767.2537945377188,701.9550073891878,95.62680497765541,324.6412146836519,1055.7672940194607,2359.197521582246,62.332116067409515
1233,0.209563246661982,18.6166567164179,5.46028909952607,7.42197,1.22398138957816,25.348555555555603,0.285975427940364,3.1275,1.41515355805243,28.3107317073171,0.27247612259444004,3.08601861702128,35.66646875,4.08105791505791,38.7688,99.84121964484392,30.018890788435385,47.464046286696195,6.743325600198063,765.0993253187441,794.6283090859652,64.8795161396265,320.8351321518421,863.5682053864002,814.4327905029058,61.72428838908672
1234,0.20204238784881698,18.18103125,5.7007374301675995,9.46984,1.02592373689228,15.783464788732399,0.552426462836057,3.15696319018405,0.894736068111455,12.568978021978001,0.5569457245263699,3.13150408719346,41.9156296296296,3.48601234567901,18.7035666666667,317.6605825885446,41.383615000155125,34.059938626801454,6.795746088713373,37.63992645311919,769.099174067378,112.99899779260159,364.8923244327307,1026.326697319746,1167.9068207740784,70.06879895925522
1235,0.239081705150977,18.585625,5.164878172588829,9.97866956521739,1.19755773420479,18.989105263157903,0.429980505415162,3.13151585014409,1.65822142857143,28.5031470588235,0.407489316239316,3.11546483180428,42.2960833333333,4.314956331877729,38.674299999999995,77.14912412620457,26.23474152882316,681.9693714190759,6.769460237632697,767.9249075020987,778.2730273902416,88.55913765728474,351.77296958863735,1172.7781500667334,1686.876593157649,66.14038720726967
1236,0.183600444140758,18.6089384615385,5.46172340425532,8.24994285714286,1.5622777777777799,25.2823913043478,0.618883352208381,3.14167346938776,1.2530611510791398,18.8310327868852,0.655973952434881,3.12318429003021,42.24568,3.8936402640264003,25.511282608695698,208.64099044399146,29.957970124331016,47.63086555452432,6.790666552605305,769.9583525879644,703.8130890578032,89.33651261031628,272.9056868702173,958.4664832800627,1961.0075280070303,69.80407051742077
1237,0.235801563178463,18.5959830508475,5.4786826923076895,8.765192,0.828592449922958,17.5320289855072,0.357762988011067,3.1483879781420803,0.97379347826087,18.8984098360656,0.347497439399112,3.1298723404255298,48.9739583333333,3.50074772036474,25.9177954545455,147.14008281630478,26.070641704174996,681.1125887753321,6.791127734191186,52.56976576339373,803.4902159124613,110.13057082891464,337.52890303730965,1028.810953721404,1227.901829406619,73.75669665634632
1238,0.0875808620689655,18.592666666666698,5.47521505376344,8.109810000000001,1.1537454954955,19.0235510204082,0.465380513231756,3.17675155279503,1.36838209331652,22.2608823529412,0.441690369768387,3.16014461538461,38.7278064516129,3.95320740740741,30.1051538461538,69.3689730139826,30.247174107704218,683.8487227020938,6.801534935919632,769.40453950331,637.8535181283951,93.67065504193306,244.5754129439592,1195.3498236835003,3230.256261304021,73.10649380087852
1239,0.27489591346153797,18.7393968253968,5.44425238095238,7.34026573426573,1.06309381443299,18.8600161290323,0.453833333333333,3.13995041322314,1.34240328253224,25.2050930232558,0.422840224809314,3.12140588235294,35.606468750000005,4.00465234375,34.6512666666667,115.74109330477849,33.83071927325269,33.82710503501339,6.754067679717251,766.863031523893,792.9992862045765,55.14901131391525,339.3830265849829,957.9016827046871,586.3287020474672,65.68022072315216
1240,0.217227600849257,18.618140625000002,5.4590615384615395,8.75338260869565,1.10356027000964,12.6175569620253,0.677784244562022,3.12812202380952,0.872942336874052,9.39137614678899,0.654981798124655,3.11551373626374,41.9271851851852,3.56131454005935,14.5953734939759,61.559041289420676,26.246914350007042,27.180643972447253,6.780693298708312,29.893375072470548,711.3765459507704,91.12805128097534,324.9853849411011,883.7726898491383,2154.9673285335302,66.04073569178581
1241,0.234064587973274,18.498816666666702,5.49642583732057,8.29617741935484,1.2406706875753901,25.221162162162198,0.288053595475357,3.13345081967213,1.19830927835052,25.221078947368397,0.257129397874852,3.1173171428571402,48.2717083333333,3.8906245210728,33.864517241379296,107.80678222827835,33.92169668723396,47.65199137671856,6.7595579874395995,768.5424804019774,810.3489875793457,117.27651581168175,318.6337184160948,1027.3440275341272,1137.3413261026144,71.13693282008171
1242,0.150457711442786,18.6084915254237,5.42028767123288,10.6336907216495,1.25725490196078,25.1075609756098,0.306701608579088,3.09598493975904,1.1741516533637402,21.9699423076923,0.288865358774523,3.07991105121294,38.8073461538462,3.90022807017544,30.6657575757576,76.64574536739612,33.9726901468064,40.62163701160969,6.745457625738356,767.4294347682246,770.9130644798279,88.59951049089432,285.90885922312737,1111.4540044218302,2208.6483892053366,65.23830816149712
1243,0.205244297933001,18.5926567164179,5.41101860465116,8.67971186440678,1.1483632478632502,18.810016393442602,0.492556919170546,3.12514589665654,1.34876886792453,21.9724038461538,0.46022834645669297,3.11097337278107,38.9335,3.99028461538462,30.8304054054054,138.56052192448075,30.064804275811607,81.38084139029732,6.748336360852836,762.4987703379777,856.7263837903738,88.5834451764822,289.0935633331537,1097.4960401654243,1891.7214125394821,73.71450774371624
1244,0.12020693682120799,18.617873015873002,5.47352083333333,8.22440287769784,1.0857613997879099,19.0286666666667,0.411235883059672,3.14970552147239,1.36302915082383,25.2069268292683,0.402539549102025,3.13007926829268,42.0405,4.0835415019762795,34.8463823529412,92.89995524600033,22.28942648863331,683.1410719354188,6.7956134881307895,446.7380717645083,729.7498174011707,89.14181962609291,333.8802605867386,1127.7434416115284,2046.4884117245676,69.27619688212872
1245,0.162530267109214,18.609640625,5.46840306122449,7.32322,1.23155495689655,22.133557692307697,0.45492103205629403,3.12423699421965,1.5720575342465801,28.370549999999998,0.444139965546942,3.10430722891566,42.0599583333333,4.21097619047619,38.3421111111111,92.6113912260207,29.99066358160199,47.582706962750756,6.764481236716785,194.40429972580577,773.5318504273891,120.93102559447289,388.8785373419523,1097.771292552352,1405.04096634686,77.2290863096714
1246,0.153726556907659,18.60365,5.44457142857143,7.996109375,0.907333925399645,18.9601454545455,0.355626600062441,3.15290490797546,0.8143540669856459,15.717347222222198,0.350185535550809,3.12960377358491,42.36364,3.44958552631579,22.242568627451,92.45515109829124,18.676922294475222,361.68139206012756,6.788704354817184,37.55241289632693,515.0070879608393,87.86683902144432,335.93475818634033,1105.355890467763,1822.8434026241302,73.85420612990856
1247,0.225759437919463,23.492042553191503,5.46489304812834,9.66403361344538,1.1469187358916502,15.5275797101449,0.6239284164858999,3.0873033033032997,1.2115011286681698,18.782114754098398,0.625015346838551,3.07083880597015,38.7696666666667,3.79305597014925,26.0191794871795,169.64705268557938,33.79450160354501,628.9185444637784,6.751040096735207,52.371647231711044,800.8198346942663,95.55076248943806,376.5398170799017,716.1826360970736,2405.267860740423,69.56439465284348
1248,0.144964140730717,18.5941111111111,5.43578306878307,7.3525859872611505,0.838833197056419,15.814499999999999,0.32627078774617096,3.12689037433155,0.805427450980392,15.716602941176498,0.313637915269735,3.11546049046322,35.989233333333296,3.4640734824281103,22.7016862745098,92.84608078602366,22.36020003706799,27.20070999484493,6.783875049971539,769.0407367583279,633.2141812890768,58.31322632730007,324.404239654541,941.3622319698334,656.7285396158695,69.61892358958721
1249,0.215117779598525,18.411925373134302,5.424437209302329,8.09929,1.3617974504249302,21.9009787234043,0.589503092783505,3.10842024539877,1.57973756906077,25.081279069767398,0.572545403899721,3.0946399999999996,38.9229615384615,3.9775197132616498,34.745357142857095,92.53511473777505,33.8849032682797,33.871582482252364,6.751743995513073,770.7526798775924,873.138289898634,90.93550033867359,342.75082871317863,1010.3012900799513,1788.0996223539114,69.6906354278326
1250,0.183884009691096,18.607999999999997,5.49570618556701,8.77385344827586,1.0498880733945,15.6850833333333,0.534157868771584,3.13403804347826,1.17419105691057,18.8241612903226,0.537886886886887,3.11456379821958,42.1547037037037,3.88819865319865,26.88345,139.64194649870038,37.724976297841415,34.02413902273279,6.780209830516233,766.927036969839,703.5821676254272,86.51185780763626,397.20311760902405,933.0120868980885,1723.400317132473,74.21630434691906
1251,0.248654401154401,18.592484375,5.47791747572815,6.70001744186046,0.946747826086957,15.5400606060606,0.457961023622047,3.09510752688172,1.0898058712121201,18.648064516129,0.420588971450919,3.08259178082192,42.2580769230769,3.61928873239437,26.6136444444444,100.01239830566473,33.81691913355738,27.085339052114957,6.7594269189681535,248.34458522694186,732.6859515160322,116.95129796862602,223.28468039631844,1181.3239194452763,1132.3408223688602,69.84071806073189
1252,0.234961334641806,18.6057833333333,5.4761497326203195,8.68657575757576,1.2713325415677,22.0094791666667,0.462385123239437,3.1461348973607004,1.8362017699115,31.4311176470588,0.43162510495382,3.1291737804878097,41.95952,4.3498,41.820714285714295,92.8681842652284,33.683121775428425,47.61781239486722,6.81642446658275,766.7925415278935,844.8672480881214,91.98090992867947,185.10608933866024,971.9750378280878,3089.9365432560444,71.53577171266079
1253,0.177926460361613,18.5076865671642,5.44955319148936,8.845419999999999,1.1340508130081302,22.030319148936197,0.38046237265856103,3.12238218390805,1.46730329041488,28.4321081081081,0.330008887614679,3.12354188481675,45.4018333333333,4.17904489795918,38.1144074074074,69.06626899435884,26.042753604922662,383.84535213006126,6.734825301560235,759.0403500797343,714.888097718358,91.94528684020042,339.5229112356901,1188.2961262017488,2364.4864093512297,65.81172347068787
1254,0.15204776693286,18.57715625,5.45515238095238,6.70898823529412,0.958382,18.6346935483871,0.35673648887319,3.09023423423423,0.8184828685258959,15.507054054054098,0.357280585106383,3.07097361477573,38.8676666666667,3.49010891089109,22.710250000000002,92.13824804780725,33.82452271735506,40.61688162355902,6.73708321743434,29.75545693585122,563.6158864945173,89.97637778520584,309.95383858680725,1020.907424390316,1458.9752536267042,63.59121762216091
1255,0.18928295876836,18.6992931034483,5.47429255319149,7.4116,1.06185403726708,15.8245344827586,0.538591836734694,3.14427607361963,0.9959767040552201,15.708830769230799,0.524812187812188,3.12582245430809,42.1149615384615,3.39311620795107,22.4327959183673,76.87669001645381,22.255491450612915,403.1962492250861,6.784892318442636,45.03208104271815,736.5171797573566,92.74287149310112,286.6043709218502,1095.6508573144674,1972.6306200027466,69.34492848813534
1256,0.297397834536369,18.14535,5.4587089947089895,8.67742105263158,1.29718047673099,25.0708048780488,0.326356968959221,3.09249734042553,1.2966109253065798,25.0316315789474,0.305599139167862,3.0905106382978698,42.3809642857143,4.17430909090909,34.9095172413793,76.76250015232966,41.301578309695955,40.6987313451427,6.740837116043261,765.8652245411754,982.1750223636626,91.9051468372345,409.94100272655487,973.5764935612679,2431.518491357565,73.5103152692318
1257,0.217935294117647,18.609913793103402,5.429767676767679,8.650478260869571,0.865453164556962,15.6860746268657,0.380627814088598,3.1136676217765,0.70804854368932,12.4889891304348,0.370927410617551,3.09244545454545,38.7863448275862,3.33024350649351,18.698,177.824935366561,41.589172572829185,608.0500733247671,6.75625955035681,37.43247597432337,797.8793699294329,91.75045415759087,306.6420089453459,1184.2620559036732,2124.8995792120695,50.84271542727947
1258,0.152457793066949,18.5975,5.474729166666671,8.010589552238809,0.9214434643143541,18.8236551724138,0.314554165395178,3.12494460641399,1.3986040816326502,28.287777777777798,0.309011213341001,3.10495687331536,35.438343749999994,4.16042307692308,38.7978333333333,116.57482407198054,14.901919224743507,33.963301053703894,6.771122922962269,68.40458602376393,792.5751619040966,60.01368165016174,316.4792899042368,1043.8942816108465,659.2324934899807,67.12153553962708
1259,0.25799824032177,18.590396551724098,5.46706698564593,8.14408,0.9598507223113969,18.724315789473703,0.316691799669785,3.0989563862928398,1.3024749430523899,24.974465116279102,0.30200688665710196,3.08348541114058,38.9565384615385,4.10619926199262,35.1715483870968,92.40635439159736,29.903703408246265,679.9842348611558,6.748457026004984,52.389353438255974,799.5774503797293,60.64148619771004,414.4306294620037,1016.4587758481503,811.7582648992538,73.56409914791584
1260,0.161376001256479,18.6140701754386,5.4265,8.94297391304348,0.85231,15.678359374999998,0.384776094276094,3.15617073170732,0.705610751295337,12.4768148148148,0.375461220268873,3.11230606060606,42.431200000000004,3.38970529801324,18.844581818181798,84.48734226784558,44.8508350525858,33.82511554427368,6.753685071636873,29.75045983084636,693.6271674931049,87.46301755309105,357.2603687644005,868.2702668011189,1955.9244625270367,73.2701737433672
1261,0.174702920768114,17.8034153846154,5.472193717277491,7.38165161290323,1.03174098671727,15.836602941176501,0.49396541288370094,3.15440220385675,0.876877,12.630975308642,0.469170134638923,3.1288750000000003,38.791678571428605,3.57268571428571,18.701540983606602,69.41101044181529,41.65846183038833,321.019999297415,6.792852598872589,37.539936943619985,665.3556134551764,95.64249776303768,268.89671571552753,1056.8783152848482,2334.829093888402,72.76991382241249
1262,0.215268456375839,18.6117288135593,5.45314903846154,7.38628260869565,1.21390719499479,18.8302131147541,0.5195744777475021,3.1302826086956497,0.977476279069768,15.5942,0.4926561085972849,3.1158696969697,38.7152307692308,3.78514521452145,26.914342857142902,131.43213505356553,22.41229033596237,68.0965588067255,6.778573693108838,45.043597469144025,783.6739532649517,90.51752276718616,351.2851893901825,871.1152244359255,1640.5398957431316,74.85328242182732
1263,0.18709415768576299,18.595953125,5.45514761904762,8.066656250000001,0.853086666666667,15.8274153846154,0.358037958929683,3.14777064220183,0.9809009900990101,18.904018518518498,0.385765027322404,3.1360162601626,45.210119999999996,3.69010526315789,26.95845,92.72047461506403,37.68195481032432,33.95757891768012,6.769626330367168,767.8412391260127,790.0080643594265,120.27984485030174,342.9381176829338,798.1404662132263,1082.6490353792906,69.68271918594837
1264,0.17413038318073898,18.5951587301587,5.42770754716981,6.70048407643312,0.95266172381835,15.560043478260898,0.460655248133509,3.099568,1.05437912087912,18.682546875,0.461391061452514,3.08391591591592,39.2260740740741,3.5100592334494802,26.3095217391304,130.52377711825065,33.906913513943366,458.253799512943,6.74644094462334,769.1359902447116,765.9896742552519,56.46473728120327,278.2785799354315,1091.5591847151518,722.6821035146713,61.6240780800581
1265,0.118727870874884,18.6005,5.44588421052632,8.8296218487395,1.17619222903885,22.3392884615385,0.354817585301837,3.1167564469914,1.2984332210998901,25.1455609756098,0.348856358941252,3.09632326283988,35.837133333333306,4.03554054054054,34.7275714285714,185.20314373057022,26.288204898151797,122.32154543829907,6.758944179032128,766.0145001408276,815.7810196280479,57.87201225757599,310.7174765318632,867.7329868078232,656.5738935023546,72.29102775454521
1266,0.209704233750745,18.6054603174603,5.428772486772489,7.998589999999999,0.8402616899097619,15.6775230769231,0.33901555411536,3.1242180232558097,0.953475974614687,18.8590350877193,0.329137271689498,3.1048208092485496,42.739208333333295,3.72562820512821,26.7232,123.33394455397976,37.73370644662821,40.60549254599856,6.753458192278203,763.8660002060211,716.6500668972731,56.87549710273743,352.10722126066685,952.7238085865974,564.3003154546022,66.25349633395672
1267,0.219343064138078,18.619684210526298,5.46514361702128,7.39819565217391,1.18504971098266,21.9354038461538,0.415409272002897,3.12991280653951,1.20860462670873,21.9459038461538,0.383817828200972,3.14764931506849,42.287653846153795,3.7400555555555597,30.603323529411803,92.62380441167599,26.262278573658016,68.02153177435449,6.778158064997438,770.0280703864269,700.2470083534718,89.81511928141117,323.64949584007263,1024.841470643878,1543.7243040651083,65.4520932585001
1268,0.169973388429752,18.6995762711864,5.4599095744680906,8.87093798449612,1.39309276944065,28.2999756097561,0.243710601041174,3.12657750759878,1.69363111111111,34.4105714285714,0.23569194312796202,3.10121298701299,45.815347826087,4.50394117647059,46.6473043478261,245.85061070583757,41.374207265020544,313.7869230685243,6.7766816980697735,768.3719392249142,844.5704355835915,66.94416515529156,374.68262016773224,1027.926942333579,837.2914046049118,62.440335750579834
1269,0.24209948116399702,18.58834375,5.51430409356725,7.44920138888889,1.00001461988304,18.866111111111103,0.359547511312217,3.1361402439024397,1.1150730337078698,21.963,0.332324277952531,3.11954202898551,45.39275,3.8454857142857097,30.453617647058802,153.97064895072316,41.429885448877265,682.3267773734835,6.759747522130102,767.847353123879,807.5073827058077,121.27137742936611,355.92764616012573,1027.5207459926605,835.402263328433,69.6646049618721
1270,0.20236236728273702,18.685711864406798,5.43365263157895,6.72500625,1.1141620111731798,21.85942,0.279234933333333,3.08311796246649,1.24074165769645,25.0806086956522,0.269340152111199,3.07029253731343,42.638043478260904,3.8874581818181797,34.62775,154.21364771730524,26.31665079441964,67.79033698797052,6.749639702581417,768.1822631628906,912.5092998147011,64.08160552382469,412.663072347641,1039.3816512078047,903.61712500453,76.1878676712513
1271,0.16983200663349898,18.607380952381,5.44953140096618,7.344464968152869,0.774024161073826,15.7599726027397,0.294578102608197,3.10878260869565,0.7523272327964861,15.7694927536232,0.27738034865293204,3.0923027027027,45.222680000000004,3.5534573170731703,22.8940588235294,138.09051221435345,33.838233109631354,361.2440037525805,6.7588201057736645,44.92065614325953,739.0487473458052,114.84995484352112,356.6731233149767,546.8510556966066,836.121616885066,73.38151335716248
1272,0.104025935778073,18.6142857142857,5.466995238095239,7.4537714285714305,0.9619230000000001,15.648797101449299,0.465749299158991,3.13874114441417,1.11191737288136,18.7670344827586,0.453856129286559,3.10393817204301,41.8321538461538,3.7444858044164,26.141909090909103,77.00390029174513,33.88645267841902,33.81786299562723,6.759846037207073,766.9349266726496,798.3603980392218,91.40134789049625,402.3423884063959,952.6251349598169,2552.664326503873,69.69869136810303
1273,0.14210028185729098,18.583895522388097,5.4464619047619,8.13550387596899,0.998048086359176,15.7090615384615,0.49635462022254506,3.1338419618528603,0.9868375586854461,15.675076923076901,0.488221755564889,3.11704242424242,42.1923703703704,3.70015460526316,22.709543478260898,76.99066449104316,26.128646418901806,679.7930058669042,6.771673077594551,766.2588061389546,788.0744524300098,92.9852481931448,315.10498374700546,1023.8443035632372,1795.802405104041,65.80250337719917
1274,0.196899209867026,18.5877,5.44156565656566,7.64992537313433,1.28030303030303,21.888404255319102,0.467661657189277,3.11642663043478,1.23251334044824,21.8950625,0.440456899741029,3.0904650537634404,42.2130833333333,3.9315692307692296,30.3038529411765,92.15897202265967,37.72814129534208,306.85097183717727,6.741426284600163,768.9225723426496,886.8738077580929,92.2876875847578,266.8390516191721,1182.010630145669,2741.469582542777,75.98912343382835
1275,0.25412266470009803,18.589216666666697,5.46899465240642,7.45994375,1.15536408730159,18.889018867924502,0.5222047423620609,3.11591825613079,1.1909320498301201,18.868311475409797,0.504733568592854,3.0979011627907,38.806607142857104,3.75453024911032,26.6676,77.09408394776128,41.57610867219314,27.122758639764402,6.754301658520695,52.505567629458554,494.91091631352907,91.18868038058281,309.27108600735664,870.7784581929445,2207.9202346503735,73.7678725272417
1276,0.208139801672176,18.6096333333333,5.48438571428571,7.51392,1.0097948969578001,18.71396875,0.415075751808146,3.10218429003021,0.865596137699412,15.5376376811594,0.42168058870326197,3.0945914634146297,45.5761153846154,3.59677536231884,22.623142857142902,84.7516548153315,22.547967905291358,354.8805056026799,6.753491104929732,44.87559901607041,662.1801760047674,110.48964224755764,358.55183377861977,794.2125666886568,1175.0163976103067,77.33479142189026
1277,0.181514114326041,18.5761896551724,5.43951020408163,9.41434426229508,1.44005193236715,22.061042553191502,0.625549312612074,3.1348641304347797,1.6359093799682,25.1766097560976,0.610092503987241,3.1204362017804197,38.7721612903226,4.245153526970951,34.8581935483871,85.01106440531409,18.69242342947571,102.18609870632874,6.775844528793191,769.6691665900887,714.2097223550081,88.36677297949791,360.5055157095194,1033.5542727261782,1632.1214381605387,65.47048687934875
1278,0.129755099320091,18.5974333333333,5.46614213197969,8.08553076923077,1.1125499515033899,18.682671875,0.463309323729492,3.09874006116208,1.40386503067485,24.981558139534897,0.461048380311317,3.08208309455587,42.2755217391304,4.21916728624535,34.7467586206897,139.07188802262846,33.94823724255339,33.8858449493117,6.751749035551924,768.6516424631195,789.4235663115978,115.10788463056087,259.52556170523167,1001.5297681093215,1083.3140462636948,72.98188284039497
1279,0.184499919106941,18.60184375,5.444695187165769,9.47228695652174,1.17285760517799,18.7802807017544,0.550248922929631,3.14229155313351,1.30376707317073,21.881220000000003,0.508269639065817,3.12965329512894,38.4231,4.06150988142292,30.696578947368398,239.2477092277966,33.85743073012347,682.6286991099313,6.795593570278703,765.1753957582639,823.8841313868761,89.60440754890442,252.3569855839014,947.0278862863779,1746.5992365032434,66.20371714234352
1280,0.166300653594771,23.6500217391304,5.46245023696682,8.03120149253731,0.70314671577655,15.6464925373134,0.25000321174581297,3.1125971014492797,0.707800415800416,15.614675675675702,0.256658383534137,3.0926129032258096,35.4361666666667,3.26194230769231,22.6326875,146.65384846180302,26.08937523718749,33.87618231613283,6.76381658355108,44.98004606666149,665.317103266716,61.32135167717934,354.31236028671265,1032.920740544796,827.2720500826836,68.92108358442783
1281,0.242973167225683,18.6152542372881,5.45356807511737,7.42078169014084,1.37440970350404,22.0946170212766,0.526309499489275,3.1347399380805,1.52566369426752,25.2563555555556,0.506674789543642,3.12832208588957,41.9685185185185,4.005586614173231,33.579,362.1727854532461,37.57350175538499,47.643253931741256,6.780882922322469,768.6687072543256,891.9639512896538,91.91813878715038,329.5059781521559,949.243176728487,2604.684280231595,69.53864358365536
1282,0.13298965338851498,18.3720338983051,5.46848076923077,8.088894366197179,1.2303146496815298,22.0559565217391,0.47809962756052105,3.1418379204893,1.10313190184049,18.8258333333333,0.462756451612903,3.1193743315508,39.04144,3.71103717472119,26.090333333333298,754.1313858665184,22.305574703726588,682.8481708216946,6.776597426334099,44.85189701869223,717.7406456321478,62.859104946255684,362.07884550094604,1097.939582541585,724.5032582432032,65.4654111713171
1283,0.14010727316954502,18.6064848484848,5.44909644670051,8.04801538461538,0.890711013215859,15.7583181818182,0.43006387747478503,3.11640303030303,0.779589626239512,12.5207108433735,0.402007697690693,3.1177537993921,42.6114074074074,3.4110121212121203,18.4201851851852,69.34447363620777,33.973591090517,33.97183563028873,6.768478183383317,37.56149493190857,735.7749622315168,93.89282204210758,297.1656620502472,1025.6694164127111,2939.6139085292816,73.64689372479916
1284,0.261990748898678,18.608328125,5.47712299465241,8.72064,1.02813774597496,18.8241666666667,0.377371145374449,3.10806344410876,1.06105785123967,18.797523809523803,0.36393413597733704,3.09396010638298,45.550999999999995,3.73731948881789,26.6958181818182,99.97943476792378,29.86181540942131,33.92463075014705,6.765887227556022,767.2340251444472,711.63778193295,110.8456403017044,339.7859167307615,766.866747289896,902.9842913150787,73.1184147298336
1285,0.118330745341615,23.872755555555603,5.47370053475936,7.42144366197183,1.10694715447154,18.8523333333333,0.46444968268359,3.14444011976048,1.06973673257024,18.7055573770492,0.461366987179487,3.11906824925816,39.1214,3.62247703180212,26.812837209302298,92.35650909510481,41.48088018977796,33.91762289688251,6.784245163143587,52.32949482286122,715.5444007366896,61.329035088419914,281.97653591632843,1028.1988885253668,711.2577557563782,74.98227059841156
1286,0.140176298819808,18.608015873015898,5.476779816513759,7.3566993006993,1.17043586833144,19.0954754098361,0.488049329501916,3.19100890207715,1.73474051593323,31.647527777777796,0.48479805013927596,3.15297540983607,39.054962962963,4.17708208955224,41.6019130434783,753.4535349926515,33.86994687475335,680.1696585027753,6.800630116821135,763.9945974565094,943.043502047658,93.60546246170998,287.93206438422203,1118.6367366462946,2696.9678699970245,79.25932295620441
1287,0.135342990760808,18.606142857142903,5.46150520833333,8.080559701492541,1.20666147455867,22.1271836734694,0.434371404399323,3.16882608695652,1.53191139240506,28.3602682926829,0.427583196046128,3.1488438438438404,48.7405,4.26377178423237,38.59825,100.41811713021767,22.42292885693638,33.97156993384088,6.797907396739333,770.3452433115361,927.7876000851393,114.17628265917301,367.2300837934017,1004.7272313386201,1289.0754267573357,73.4034925699234
1288,0.15566201244498398,18.6084444444444,5.443826530612251,7.29310884353741,0.97690199809705,18.65962,0.349315450643777,3.12346315789474,0.83559,15.5033142857143,0.340898734177215,3.1024759358288803,45.567625,3.73837362637363,22.94672,100.13520680900972,37.762107550169816,40.674190974075366,6.770364945408835,82.45511552893852,662.5554524362087,112.95671574771404,293.93057338893414,1027.975371107459,1284.3646574765444,95.49269452691078
1289,0.165821571238349,18.6093275862069,5.44845454545455,8.25778985507246,1.2782587176602902,25.257914893617002,0.33514145779314297,3.14084927536232,1.2020114822547001,25.1129130434783,0.33150698239222803,3.11646625766871,55.3021052631579,3.8259375,34.2545142857143,754.861986368705,26.041235730197698,40.72705146827943,6.761078983251275,767.3343999604051,833.4980811923742,120.21609582006931,286.57414950430393,1126.7942376434803,1095.0584430247545,72.07798771560192
1290,0.104906389301634,18.5805909090909,5.7617354497354505,10.4115405405405,1.24515961305925,19.1538644067797,0.526678184631253,3.15590144927536,1.2995537938844801,22.316566037735797,0.533333502280791,3.13571934604905,38.385,4.0184631578947405,30.4698974358974,123.4522231029062,33.8030802530579,232.12153908865582,6.808298932537785,52.49235536545925,875.2204477787018,89.67723697423935,258.5414797067642,1030.7992808520794,1463.8017397373915,77.25912146270275
1291,0.211302590018951,26.255476190476198,5.45144339622642,8.72204,1.06441580432738,19.0952181818182,0.434824687618326,3.15282240437158,1.08731174089069,18.9435081967213,0.430209486166008,3.1404495677233397,38.6252666666667,3.73842402826855,26.4544318181818,92.12212712421301,26.36666266762703,33.94701417008194,6.78942491993333,52.65276041511473,740.9775629639626,89.46601301431656,398.1881309300661,1121.3097721338272,1410.2163258939981,72.6873055100441
1292,0.232295731707317,18.612078125,5.45286734693878,8.09884251968504,1.09139961941009,21.7915,0.32013234471180796,3.07145013477089,1.25426951219512,25.0256304347826,0.30386605558840896,3.06054761904762,39.0886896551724,4.0123074204947,34.7655161290323,123.14785375407719,37.6780572579848,33.787532357230496,6.7528731762304774,82.26958279398559,603.6263424903154,55.80154247581959,390.22150449454784,956.9797199219465,658.9537020772696,69.9406024068594
1293,0.160941689623508,18.6169841269841,5.45293121693122,11.2319902912621,0.923084337349398,15.760575342465799,0.47447373068432697,3.12883231707317,1.18797001034126,22.0398979591837,0.446540869565217,3.11450810810811,42.1472083333333,3.9122960288808697,30.510769230769203,84.65938426713966,33.767974137552194,34.00499431939853,6.774676778814065,768.2699951501686,520.2186293900013,114.00766670703888,349.9873448163271,1167.8422335535288,1176.1942878365517,77.11336947977543
1294,0.275419706300332,18.604,5.43939,6.73315204678363,1.22429299363057,25.187116279069798,0.301319109947644,3.12463363363363,1.28551061452514,25.2540697674419,0.288305428226779,3.10266485013624,38.5968076923077,3.8537904411764696,34.20659375,76.97080586759297,33.67669404517711,40.702878107860506,6.74988956909858,769.2074836660507,834.9765092134476,90.22541344165802,350.4302352666855,1112.4438140541315,1814.304105937481,77.10633799433708
1295,0.119343952668108,18.61159375,5.4600320855615,10.1934122807018,1.22188004246284,18.9740545454545,0.569893963254593,3.1366388059701498,1.31850641025641,22.1511041666667,0.55240581270183,3.1179446153846198,42.264666666666706,4.17395366795367,30.3632105263158,85.00714418977059,22.3898177935879,81.91355176501877,6.79663451207059,768.1261383790038,867.8234647959471,25.287317112088203,323.7643279135227,1020.6112172454596,1689.2528627067804,76.7432153224945
1296,0.187847781135677,24.0605102040816,5.47007511737089,8.10008064516129,0.9687016205910389,19.0532592592593,0.325145793801391,3.17336728395062,1.25344160583942,25.2204146341463,0.311737682728749,3.15375153374233,41.9568260869565,4.153601626016259,34.8575172413793,123.91212824125574,33.83215065732222,47.52903257179896,6.77092941869704,60.123855001545714,749.5523896068335,92.36638434231281,371.1288794875145,1104.994397610426,1625.6343107670546,69.80611942708492
1297,0.275283819628647,18.613859375,5.42925757575758,7.29056962025316,0.974391840607211,15.740480000000002,0.408326311605723,3.1596912928759897,1.18153407934893,22.069499999999998,0.392331552842427,3.1230163043478303,42.0990434782609,3.9483814432989703,30.8028157894737,92.5687360037331,37.57889456706065,33.934014504608,6.750818989081831,767.1979883897543,660.9333213418722,89.8648053407669,243.4643916785717,1004.6668816357852,2096.195099875331,72.7479811757803
1298,0.182297604259095,18.6002222222222,5.4831658767772495,7.37190277777778,1.41294068965517,28.617975,0.364549264235445,3.17513580246914,1.45326449787836,28.5733333333333,0.325960715426381,3.1261917808219204,45.2462916666667,4.04245564516129,38.2373,240.7364176565025,26.096004601782017,74.91843526049645,6.772672152393588,767.3437802584334,922.7409027516842,115.2068842202425,342.25014969706535,1034.7084142267704,1282.585645094514,80.20191453397274
1299,0.180582242990654,19.304862068965498,5.46333018867925,8.09851063829787,1.00779317073171,19.025037037037,0.334720184810858,3.15533977900553,1.2967030075188,25.2712173913043,0.327925568358767,3.13160975609756,42.4893703703704,3.9382393822393795,34.134393939393895,100.13861846103141,33.94803653463338,211.34295520620063,6.745180095259899,765.3220526180935,880.2876807749271,93.73622015118599,367.13159643113613,864.5030669867992,2189.658535644412,72.74611853063107
1300,0.136512204424104,17.7151694915254,5.4677109004739295,8.00888888888889,0.911849372384937,19.0779636363636,0.294023035577169,3.17444562334217,0.630132497273719,12.6993516483516,0.278893882978723,3.16823602484472,38.9488928571429,3.29213636363636,18.3815090909091,69.47636049876087,14.84561008158031,34.30959822438402,6.769179909786691,37.51411037968992,683.5752632468939,93.13100017607212,227.42082364857197,888.030556961894,2446.2506640702486,54.368702694773674
1301,0.15022701028024202,18.596954545454498,5.419126760563381,7.956496124031011,0.8239440613026819,12.482865853658499,0.477826213189548,3.11727913279133,0.814296764009471,12.4426129032258,0.46167982832618,3.09315709969789,45.34648,3.51215087719298,18.8218387096774,69.20092064944505,30.0431790015241,27.07076966221703,6.749994655735412,767.0059558312275,459.57588590681553,83.41050706803799,216.90959110856056,873.1689769774675,2132.9709328711033,51.74679681658745
1302,0.170488455236109,18.565359375,5.43905238095238,8.67748,0.83672647702407,12.5976666666667,0.5205707986281229,3.15764864864865,0.712002,9.420491935483868,0.496603901611535,3.1477087912087898,39.0246333333333,3.35565562913907,14.564425,84.83018240221539,37.85310573761928,27.12117678742497,6.798906985977844,29.775829780862765,528.6179482936859,57.21729248762131,251.24717503786084,553.5968113690615,741.7467888444662,66.46751426160336
1303,0.165476538958244,18.604825396825397,5.44992592592593,6.7564842767295605,0.927438775510204,15.6705526315789,0.505614019904803,3.1166242424242396,0.8465905743740789,12.479543478260899,0.47951183564091104,3.1067426035502996,35.84403125,3.39079401993355,18.4651379310345,123.546508786416,22.37995851786169,33.842376692720244,6.753863163138575,29.852579472116847,648.276787251234,60.51091477274895,287.1771343052387,1126.6468092799187,1391.351968050003,62.582362443208694
1304,0.14129101514023298,18.6146896551724,5.46745077720207,7.323185897435899,0.9282017828200969,15.7139130434783,0.413991304347826,3.1368096676737203,1.07249160447761,18.8143448275862,0.400989219330855,3.1198449848024303,38.761607142857095,3.8530886524822705,26.780075,107.8256294416515,30.191612859425767,33.932816707540354,6.767253909378671,59.90741205343725,552.9451183974743,61.239255592226975,310.6602467596531,880.1228832453489,1243.3231808245182,58.45697596669197
1305,0.165902537578794,18.595699999999997,5.44469811320755,8.16141791044776,0.933409298085688,18.7771,0.35076629136813403,3.10454716981132,0.9702032032032029,18.7290322580645,0.336841915382093,3.09196113989637,42.3882083333333,3.5548878504672903,26.5768222222222,92.50969755351629,22.58437645618451,47.663470968691655,6.768972806786997,768.7446073577765,704.0069438517094,62.11199797689915,369.1225778311491,640.0300189852715,924.2889005690813,65.94881415367126
1306,0.121034035488222,18.7122542372881,5.4716803652968,7.34943884892086,0.710416831032216,12.5361098901099,0.355421100638492,3.12898684210526,0.6715951602354481,12.509402298850599,0.331885189437428,3.11015151515152,38.89675,3.45823442136499,18.579945454545502,91.94540807284207,18.683755953900782,681.807252609336,6.779737712891038,768.6753887507532,568.7539000064135,58.72882902622223,276.1037088930607,682.1376271545887,636.6727408021688,61.87893450260162
1307,0.148184627269216,18.6019310344828,5.47556666666667,8.76810687022901,0.884172650878533,12.6119058823529,0.5039202102245579,3.15228220858896,0.9921846282372601,15.735333333333301,0.498443043478261,3.12677534246575,45.607279999999996,3.50032362459547,22.747255319148902,69.37945651547915,26.26176163427919,27.170773033367915,6.770600803339842,768.7011786260697,503.9507523179054,85.44917218387127,199.4278747588396,958.4622457623482,2251.2998897582293,55.686477571725845
1308,0.0869119902802035,18.58790625,5.43611917098446,6.75120754716981,1.09776248821866,18.9076349206349,0.532226345083488,3.1079607250755297,0.935467,15.693107692307699,0.48366162253047496,3.09025443786982,45.373043478260904,3.70610507246377,22.21546,77.13074708501378,18.69511199886948,680.6741216505053,6.7658747549388885,44.93865657711392,509.2788487672806,91.57801978290081,189.7025853395462,790.2240380644798,2075.8001133799553,65.42103365063667
1309,0.0848305371596762,18.577383333333298,5.08931188118812,7.03207317073171,0.9789360687022901,15.6853287671233,0.5060866873065021,3.11652303523035,0.835567831031681,12.513220930232599,0.496694085027726,3.10287575757576,38.8589,3.52307446808511,18.766080645161303,77.1549550678217,11.180066710211072,33.952348616866594,6.774127520519439,29.892184749573673,510.1141519844532,91.41303598880768,262.98551820218563,977.7076076716185,2224.428905174136,58.33171308040619
1310,0.11999344705637602,18.573609375,5.46234574468085,8.77897435897436,1.03036626746507,18.860543859649102,0.39969540229885103,3.12205775075988,0.910189931350114,15.617530303030298,0.38376364280652003,3.11246719160105,42.5054583333333,3.4741904761904796,22.2291176470588,84.49651917930197,22.435066298190655,33.826486788629545,6.772191132520231,37.40622682377707,657.4808154255152,91.18341840803623,236.91118694841862,949.7629944235086,2337.8947284072638,69.32863034307957
1311,0.131595073133179,18.59559375,5.45695187165775,6.05430459770115,1.10986233269598,18.963298245614002,0.44259747023809504,3.16197852760736,0.9158096,15.7652647058824,0.431614898989899,3.13285106382979,42.3203846153846,3.62894333333333,22.5642444444444,77.11213488907335,22.468648564310293,33.951087683923724,6.778354849747618,37.49494134528857,446.8552302569151,83.50936695933342,188.59985284507275,792.8232196718454,1965.1702605187893,61.94990128278732
1312,0.123718363014506,18.5943166666667,5.450862559241711,7.45489781021898,0.713774816788807,12.5389789473684,0.390045503403798,3.12671951219512,0.881605714285714,15.6688219178082,0.367893624641834,3.1032168021680198,42.1181304347826,3.79345255474453,23.0304347826087,76.85862513132817,26.194634201696026,27.173355014387877,6.765522823587518,44.8201610159679,528.1810183078051,25.143101811408997,277.8699155896902,849.634688347578,2185.50032004714,67.22230464220047
1313,0.15113522107813399,18.539731343283602,5.46874489795918,8.04337062937063,0.892815476190476,12.5438048780488,0.540635981062599,3.12950617283951,0.8954886095836609,12.5390853658537,0.511464127546501,3.11707162534435,42.134259259259295,3.5376124567474103,18.5434259259259,61.1555653765951,29.876991747735897,27.132964484000823,6.781514923374616,67.53363199881086,519.1072355955839,90.91272950172424,230.37735372781754,873.9382494240999,2612.5899981707335,57.95853212475777
1314,0.111186958405546,18.6265625,5.44717616580311,8.83922881355932,0.949274629468178,15.772061538461498,0.45993870246085,3.13466180758018,0.921100421940928,15.7149692307692,0.455584627638391,3.12477322404372,39.2139666666667,3.59844303797468,22.817978723404302,77.38635159442518,33.83291246488601,681.5004156741619,6.771018403615042,763.5672728816181,506.03654235601425,63.69408220052719,300.61928555369377,887.9355154931545,1044.113701209426,61.27269007265568
1315,0.132196093257719,18.5952380952381,5.4574011627907,8.73900854700855,1.01128131212724,15.81240625,0.540523959978936,3.16377393617021,0.864803652968037,12.5898024691358,0.510508903467666,3.13040298507463,45.29284,3.50156112852665,18.69578125,77.49461784611641,26.300481548143765,34.0321369408763,6.797390484326673,37.335227648299345,591.1496467888355,91.499462723732,227.26603783667088,910.9712205827236,2266.7903918772936,55.2590936422348
1316,0.162322312886888,18.5676212121212,5.48908556149733,8.08732432432432,1.07637893789379,19.1046037735849,0.476059708093764,3.1563652173912997,0.94662,15.804812499999999,0.46577490942029,3.1392592592592603,41.9717037037037,3.67143130990415,22.3088043478261,92.47915366530422,30.044725546875405,40.8126892281615,6.780153171442409,45.306253596384124,668.8078865408897,97.70370088517666,238.44498209655285,884.4866883009672,1981.4054947346451,54.81382831931114
1317,0.118237871033777,18.6046666666667,5.46452380952381,8.106062992125981,0.9471144975288299,15.61640625,0.48543214588634404,3.10006267806268,0.7861113602391631,12.476445652173899,0.462456447480786,3.08122287390029,42.4732,3.4358629737609303,18.7899821428571,100.25467555327754,26.26095558425267,682.9702870804825,6.749877278202052,37.48265607828909,598.7589713186026,67.18318909406662,249.69927035272121,932.0922661572695,1618.3900646865368,67.94543005526066
1318,0.122389521375465,18.6068507462687,5.43337037037037,7.29294557823129,1.0148093556928501,18.957561403508798,0.456354754667825,3.13612835820896,0.902666918429003,15.759926470588201,0.447702380952381,3.13009756097561,35.439806451612895,3.54523652694611,22.5000980392157,92.59701949133249,18.69455453888092,680.2129836787465,6.801219865287323,45.034279638546316,572.5104361772537,62.73374892771245,278.8183744996786,800.225418061018,900.4946332424879,48.374105244874954
1319,0.152285448504983,18.5873220338983,5.473128571428569,7.45055797101449,0.849535,15.930941176470599,0.37965041186161497,3.16178779069767,0.71508198757764,12.6584,0.361125969593546,3.13717291066282,42.22736,3.34974174174174,18.7099841269841,92.48384363957756,22.297608790482847,34.14016413728599,6.764392647869643,30.104056596638063,596.8538578599691,56.66869692504406,289.3107943236828,780.2322041243315,632.4475631117821,55.27511239051819
1320,0.105022929808751,18.61228125,5.444319047619049,9.29947747747748,0.600630036630037,12.521755813953499,0.278335093741748,3.12317629179331,0.47587664041994804,9.35668695652174,0.269755186721992,3.0944395280236,38.9860384615385,3.1994432132963997,14.429712499999999,84.53064259819782,26.190497472966953,27.09966728270059,6.75071876695429,29.898779405749636,476.7301958054304,62.54306063055993,290.00453650951385,397.2484264522791,763.1491869688034,66.38751365244389
1321,0.152675082013978,18.6222631578947,5.43420560747664,8.08708955223881,1.00882416502947,19.0884363636364,0.350839767680219,3.14115561959654,1.2742066027688999,25.3873421052632,0.337806735914385,3.1232583586626097,42.2703076923077,3.85425925925926,34.16746875,123.45247873753424,14.884653612197956,74.76815270926684,6.738065307929308,52.55330721633576,668.0346559733152,64.16430696845055,308.7623044848442,1009.4153229147196,1221.2766334414482,59.783272445201874
1322,0.12228307303628799,20.954905660377403,5.1092338308457705,6.38010650887574,0.797842647058823,15.6335692307692,0.28526260142611304,3.1066936416185,0.7448759528759531,15.608347826087002,0.28411192214111897,3.09043390804598,35.2686666666667,3.41275074183976,22.4398,92.16968975595098,26.29223845609303,33.78876071298175,6.750040405909367,44.59249370808057,526.5249870717525,64.9808906018734,342.98510290682316,798.1902454048395,939.8388210684061,58.71499888598919
1323,0.13464824469934,18.5958965517241,5.428816037735849,7.40788028169014,0.841728551336146,12.7207283950617,0.521380268199234,3.16741538461538,0.6996389078498291,9.49019130434783,0.489632765957447,3.14621584699454,38.8742,3.47654248366013,14.6546891891892,85.03481717181772,14.84239017992951,27.300777389327834,6.810730863043498,30.017246246819557,665.7916121184826,63.34432400763035,249.59370493888855,674.8980842530727,1063.4085163474083,55.11939525604248
1324,0.121489312169312,18.5139242424242,5.50857692307692,7.46509489051095,0.715517369727047,15.725434782608698,0.27108854961832096,3.11953333333333,0.597780623608018,12.4821511627907,0.24727247490924603,3.10842469879518,42.0491923076923,3.27081818181818,18.6040847457627,99.55274389911294,22.47990719562282,33.92333624122374,6.766935027890223,37.35442801343156,648.7918086349964,56.68327212333679,273.5357731580734,1032.5321462005377,816.4867293089628,63.03628906607628
1325,0.114508250497018,18.5768666666667,5.48764903846154,6.72303125,0.5985146886016449,9.343894736842099,0.37455598866052403,3.10963939393939,0.46674188034188,6.186987951807231,0.366177501593372,3.09252688172043,42.4935185185185,3.1191088235294098,10.7322075471698,69.0716577944817,22.379123730352656,20.333206867101886,6.761215429936441,20.225271539276903,358.7243612855673,86.7555383592844,270.32135985791683,695.9095131605864,1478.4951694309711,47.4254135042429
1326,0.15072563388538798,18.5968125,5.41054545454546,6.70319,0.888785217391304,15.7867222222222,0.40162099921935995,3.13695375722543,0.8432078882497951,15.6553333333333,0.366429032258064,3.1073284023668597,42.0072222222222,3.50759717314488,22.4402115384615,100.48442734564046,14.865255885723782,33.95847927479246,6.768766106121846,44.70205198712739,541.0028155893087,56.264642626047134,254.59229946136477,620.6091493368149,965.1095140725374,62.4421052634716
1327,0.16117949557812,18.576999999999998,5.44628795811518,7.36508219178082,0.893584223500411,18.815437499999998,0.318352461491996,3.14814759036145,0.781695,15.633555555555601,0.306134109916368,3.1269945504087198,42.2157407407407,3.50710927152318,22.4284375,92.0649362162037,18.60253014129156,681.7256013831702,6.76752255758543,44.62230144740983,637.0148155838251,62.72848695516586,207.08939991891384,836.9204122573137,1361.5136500447989,70.10339759290218
1328,0.125164246531139,18.1626949152542,5.456658291457289,7.43254421768707,1.22113793103448,15.723208955223901,0.6538598726114649,3.1352362204724398,1.1353112195122002,15.6732027027027,0.596671883150756,3.12033333333333,41.9690357142857,3.6631079365079398,22.531125,69.39414896925835,22.508937427751658,61.32060567972952,6.786212616470924,67.67409228182446,564.8772232234478,27.803797274827957,299.55017380416393,797.6168300956488,2546.258410438895,66.23920053243637
1329,0.162959918200409,20.879298245614002,5.530197115384619,8.12314893617021,0.990242597898758,15.735984375000001,0.515704066634003,3.12637068965517,1.1104920634920599,18.8401818181818,0.524939303482587,3.10703783783784,42.319714285714305,3.78650318471338,26.7777209302326,84.64586758151506,18.623853382811973,33.860781325295456,6.7487447677381125,765.2971206754407,729.1074842214584,91.20088070631027,284.6643328666687,713.3061066269875,1648.3914572745562,62.35218606889248
1330,0.12238513282407901,18.52821875,5.4486976744186,7.33765,0.9035090765588001,15.7821230769231,0.430303987366759,3.1950949720670403,0.775620779220779,12.6146333333333,0.432202555430289,3.1738090185676398,42.066037037037,3.3961209439528,18.6191355932203,69.23894364391965,18.52422617354523,678.7140788818491,6.793775211859315,761.5775227252956,543.2769656181335,25.697331875562668,261.1360512673855,640.2345839887857,2064.9086218327284,61.28610111773014
1331,0.13665931838337803,18.1446865671642,5.43550248756219,8.788061068702289,0.9502853236098451,15.688088235294101,0.48769691211401406,3.11290490797546,0.963664239482201,15.6058108108108,0.48869340974211994,3.09673493975904,35.90375,3.60588379204893,22.7776382978723,100.14265594583782,30.214602487860052,33.82876688391333,6.749126562132184,52.4431262804858,561.5692120045424,62.02184595167637,283.0951474606991,710.4284130036831,489.30295743048197,61.822496354579926
1332,0.147910735047152,23.2442,5.43863131313131,8.00095138888889,1.02528339694656,15.7080263157895,0.5498155156102179,3.11980965147453,0.9901034482758619,15.6691818181818,0.541631329113924,3.10432884097035,35.5705862068966,3.6810349650349696,22.6360192307692,122.99766620125943,18.57951591816666,33.93582114801933,6.765613388751364,45.09519036486889,549.2568481713533,67.44214333593845,232.63846524059772,870.5474901944399,1314.2073526978493,59.699127450585365
1333,0.104998499849985,18.6157619047619,5.481454128440371,8.198792,0.879854935622318,12.515097826087,0.538058961160505,3.11168695652174,0.7539332073093891,9.299736363636361,0.527279792746114,3.10335612535613,39.1754827586207,3.49704531722054,14.3490963855422,84.5264338792645,14.804456860746383,27.15543298009357,6.7792894371630075,29.694578661433948,527.6341456919909,59.222057461738586,180.6034240871668,542.611675336957,650.7140584290028,54.45391871035099
1334,0.109424919807538,18.378120689655198,5.47507486631016,8.060984000000001,1.1146889596603,15.7887272727273,0.5865717488789239,3.15892307692308,1.05207581967213,15.7438088235294,0.5779541531823089,3.12534464751958,42.05056,3.63820062695925,22.4288846153846,77.11401307284463,26.253820061162745,34.05301621972759,6.802358636231471,44.94558717000419,678.9136212319136,24.785753339529037,294.26850378513336,696.8906614929438,2442.974178120494,65.9281387925148
1335,0.11676644325798,24.1357692307692,5.4504850000000005,8.12396946564885,0.866752735229759,15.7156307692308,0.412187139006546,3.1811553672316397,0.7566125273124541,12.482780487804899,0.402297307404637,3.11648695652174,41.9898076923077,3.4180064516128996,18.6819811320755,115.90797204812239,22.352464479523753,679.8696927773249,6.785571124495574,37.20754462850363,565.4247011989355,53.75402979552746,262.2908912599087,932.1670979261398,581.0201168060303,54.40711975097656
1336,0.10618871652998699,18.563949152542403,5.44931279620853,6.767921052631579,0.985199230028874,15.7430789473684,0.507991584158416,3.13752012383901,0.987241758241758,15.7024558823529,0.504952813852814,3.12362006079027,35.7543103448276,3.69559515570934,22.2832142857143,99.99336855121635,22.297832417179904,34.10776668706531,6.77970912366208,764.3965054408928,487.3951431363821,59.09339524805546,229.4138539582491,845.0253400951624,1130.4091662168503,62.59223446249962
1337,0.152382286039238,18.59,5.432901408450699,6.74706,1.13798116947473,15.864944444444399,0.638643858665171,3.14035446685879,1.12307419017764,15.8386338028169,0.626341255332115,3.1234823848238498,38.717400000000005,3.61792048929664,22.4360961538462,77.0142137453879,26.087131806178906,34.073030208328404,6.784858858368462,768.0905904396124,410.9261557459831,91.66277013719082,233.40415209531784,954.0788363665342,2161.1365489661694,58.59578959643841
1338,0.144430306453891,18.6166349206349,5.4688199052132695,8.168999999999999,0.586238775510204,12.4890444444444,0.25735010010009995,3.09229429429429,0.447687279843444,9.32246363636364,0.27313950211366805,3.0874984984985,42.544959999999996,3.23775487465181,14.8028108108108,77.12159077908997,29.956652210792978,27.09240627850656,6.745866741471383,29.82227194148259,272.1849363297224,64.98168222606182,240.8705186098814,785.7026066631079,815.863162279129,50.716474652290344
1339,0.102742116327961,17.922415384615398,5.44435545023697,8.03662222222222,0.7744150000000001,15.7776029411765,0.328679012345679,3.1568607242339803,0.644490253987005,12.6295061728395,0.311338104239806,3.12808638743456,39.3338076923077,3.35684104046243,18.7064590163934,84.64738316161812,14.890100193475012,34.02440238616937,6.78615954193733,30.102632710783777,505.4313223809004,59.397146105766296,229.44072261452675,703.8722280412912,742.5385061651468,58.63159894943237
1340,0.11854604691572501,18.565322033898298,5.43169696969697,7.335664335664339,0.6865169999999999,12.6013411764706,0.347456344586729,3.15194164456233,0.545981255857545,9.39795614035088,0.342889803673211,3.1316064139941697,42.29036,3.3117147058823497,14.6838378378378,69.1467842230269,30.037439137370413,27.138171218543707,6.767386200765333,29.982220076553197,598.2044152915478,55.21271377801895,180.95793202519417,484.75596122443676,401.1047538369894,58.8512048125267
1341,0.146589453376206,18.6151724137931,5.42533636363636,7.353755244755249,1.10499246501615,18.760629032258098,0.451215013202565,3.1201082621082596,1.09099530516432,18.6848620689655,0.428136924803591,3.1016586102719,42.4760869565217,3.8386228956229003,26.0565,85.00686754755263,26.327833988363086,40.742764308803245,6.782422294437449,52.45473086203767,631.1496719717979,88.9957882463932,256.62737898528576,790.9300737082958,1968.1427627801897,61.541469767689705
1342,0.11853695578805301,18.4571016949153,5.51273170731707,6.11455555555556,0.841880794701987,15.5035,0.33559170428893903,3.0887897897897902,1.2406344755970902,25.136086956521698,0.321766535874439,3.07006069364162,39.2857037037037,3.86149110320285,34.7745357142857,99.67083341116697,30.108018866886134,60.99068202565661,6.753640020590329,767.8627953808317,717.2726560384035,88.15033361315727,280.693918466568,951.0109666734934,1538.345031440258,59.780385345220566
1343,0.105518831877729,18.5905333333333,5.45742583732057,8.80248,0.782237804878049,12.5370210526316,0.418379587556798,3.13956315789474,0.765893871449925,12.5650731707317,0.39561300309597497,3.1151734417344197,38.9619642857143,3.3668229813664596,18.6973225806452,85.19854233014232,30.13241524472477,681.800190366813,6.768242550137936,768.7600805339798,653.4989923238754,67.58659146726131,264.89957235753536,930.6403808295727,1062.7303272485733,47.80581220984459
1344,0.14991833883667802,18.595428571428602,5.437742268041241,7.31830573248408,0.9813022831050229,15.474064935064902,0.481379017857143,3.0706140350877202,1.0656623255814002,18.5307457627119,0.467043458578542,3.0528202247191,38.8161724137931,3.8181062271062305,26.7739473684211,76.72764711589605,18.61042152767263,682.0774745586186,6.744789017528007,67.33909971218306,680.7506550103426,87.9078172147274,287.4854486435652,866.478867828846,2062.1512085199356,58.75076167285442
1345,0.19153280886822802,18.6157288135593,5.44459259259259,8.14977551020408,1.03530846774194,15.6117702702703,0.508225407810183,3.12127415143603,1.1002748091603098,18.7528163265306,0.49549931725079704,3.0906657223795997,35.1628275862069,3.8983037542662102,26.6979210526316,123.68242876129607,30.077143481469314,47.45512616813694,6.764274347318622,82.58602177828922,633.1254728138447,89.90592323243618,300.9019885212183,862.0399050414562,1550.181768834591,44.313911348581314
1346,0.131986630672323,18.588457627118597,5.47794897959184,7.44418831168831,0.888754139072848,15.988531250000001,0.392968517264726,3.19802197802198,0.848818031430935,15.940194029850698,0.38509854497354495,3.16076243093923,38.7712692307692,3.72153623188406,22.9095576923077,100.4781694255229,26.096374877780633,34.144793148114815,6.801918209350094,45.17720798330559,457.6491191983223,61.884522438049316,308.55247750878334,715.62803350389,887.3481303453445,47.74928092956543
1347,0.15143573247553901,18.6210338983051,5.43979166666667,7.98575694444444,1.1396564356435601,18.8310877192982,0.5283404634581099,3.1075679347826104,1.3212113022113001,21.938122448979602,0.491939820742638,3.09000588235294,41.95076,4.02581850533808,30.760289473684203,76.57285945211649,26.283497397076175,61.05291019815285,6.764103722767891,764.2736895552721,658.7037816643715,26.925792917609215,277.1455328911543,872.9595225304365,1476.8500346690416,54.73531782627106
1348,0.115842839324186,18.705265625,5.4331308411215,8.00063636363636,1.36053225806452,18.8357954545455,0.5830776280323451,3.1266157894736804,1.3602351543942999,22.0208260869565,0.540807459677419,3.1083288043478303,42.1360416666667,4.00567944250871,30.630916666666703,77.05355047364729,26.317868629217145,54.13421451463071,6.75473105309457,59.99837960961059,717.1301171183586,23.52963201701641,339.185306802392,857.1011014282703,1717.5307963043451,62.2886698693037
1349,0.104269282814614,18.125210526315797,5.47646829268293,6.7138430232558095,0.7181656327543421,18.7608196721311,0.175134234669242,3.08507807807808,0.616587018954624,15.5339558823529,0.160852858103564,3.07219705882353,35.274,3.5984373088685,22.839847826087002,115.27590301973304,18.673873016651957,678.7534393969834,6.73904551990704,37.34716375907911,655.0422869622707,63.27228620648385,297.84655198454857,866.8226189911366,1247.4868912249804,68.83209571242332
1350,0.12039256436901101,18.5715762711864,5.4513317535545,8.61624369747899,1.02132536293766,15.719835616438399,0.523687022900763,3.12152583586626,0.83739,12.551,0.494853647276085,3.10130188679245,35.533866666666704,3.51180546075085,18.7101076923077,108.23547586012126,30.10204902066867,33.95497392712223,6.772684615668033,37.70036780601873,681.440532207489,56.60257302224636,304.3350297957659,482.8391596674919,841.921241953969,63.43238055706024
1351,0.12210825553341,18.589100000000002,5.4057460317460295,7.35035,1.22845081967213,18.7582222222222,0.5663236966824641,3.10655891238671,1.30670971867008,21.8671428571429,0.5348382889932181,3.08957104557641,45.4749230769231,4.0583452380952405,30.791729729729695,107.66984748835142,30.13275328935784,33.916212507364854,6.7565939425506425,767.2884567391442,735.5567067861557,83.15332233905792,383.10401141643524,982.1252431720495,2156.4354188740253,55.25248125195503
1352,0.124366379832748,18.5905862068966,5.50591387559809,7.43531944444444,0.9781047463175121,18.7726071428571,0.389215035557061,3.0943617021276597,0.857158196721312,15.6238493150685,0.375629250457038,3.07177746478873,45.1858,3.60959523809524,22.87666,76.8693663661306,18.605163439628317,680.6656567937126,6.742076933579781,764.1383322900598,610.0819911807775,95.93535214662552,269.292201846838,869.4429416209459,2716.0633355379105,62.47269921004772
1353,0.160218174319494,18.6000793650794,5.44183068783069,7.401266187050361,1.28463769889841,22.148130434782598,0.49620145985401504,3.14284403669725,1.29580301129235,22.200125,0.49584835355286005,3.1332823218997397,42.2807083333333,3.95843859649123,30.424,107.80027603462577,22.30653381156773,54.242758519232176,6.749748988634322,764.0260477692298,662.3031571507454,89.95444513857365,341.6723571717739,870.2713996171951,1811.034744605422,82.4859831482172
1354,0.16623574631646398,18.6058181818182,5.46053191489362,8.03264705882353,0.893260869565217,15.568796875000002,0.390825106243871,3.09334337349398,0.703043091655267,12.4694024390244,0.37456003904978796,3.08190062111801,35.2636206896552,3.24029863013699,18.626770491803303,92.14367395735474,30.04297664407667,33.75221296713259,6.73707812080265,37.14846690806602,641.9451907277107,53.211068734526634,217.4540888518095,935.9962306916714,569.9370987713337,59.11337211728096
1355,0.149956561559597,18.56746875,5.48172727272727,7.45111688311688,0.9860192864030861,15.7255,0.5085821224130339,3.14746174863388,0.9990078328981721,15.6685972222222,0.48421704111911795,3.10914130434783,42.1711851851852,3.72112944983819,22.481019607843102,99.72521603256766,25.853587426201692,33.92212898294005,6.770364210709882,44.884632330938274,657.7619351446629,58.93479101359844,270.3620586544275,700.8149288594723,1292.9252814501524,62.171509489417076
1356,0.119616656333953,18.14140625,5.4219014084507,7.94317054263566,0.678025742574257,9.425315789473679,0.441529062367416,3.13005792682927,0.532686382393398,6.23875675675676,0.42561316568047297,3.1164795640326997,42.0089285714286,3.18230813953488,10.7952962962963,61.67042652301877,26.157802234018522,20.368363865580726,6.781824507376534,20.282558559789358,393.72555911540985,26.854686439037323,204.1828352957964,478.18226739764214,1999.4292873889208,61.88000552356243
1357,0.133172156908392,18.6023650793651,5.43078199052133,8.23637404580153,0.747901018922853,15.5981756756757,0.284296425893527,3.09966575342466,0.6346505875077301,12.4750217391304,0.275672383354351,3.08231412103746,41.577571428571396,3.22073163841808,18.5497592592593,84.3699131900334,18.568220623997153,678.8304521742269,6.749388311416882,37.464063715959284,595.1263010501862,89.20319378376007,310.3699069470167,790.1976816356182,1682.002330198884,72.68576882779598
1358,0.12184861786688798,18.5866825396825,5.435,8.02801398601399,1.0350374015748,18.666737704918,0.43685737179487205,3.1010981912144704,1.04663858695652,18.6647272727273,0.41190175801447804,3.09941734417344,45.1586086956522,3.73503114186851,26.3720769230769,131.31280908336288,18.651410802983435,40.656010952942275,6.778976898530993,769.4464893717292,652.5201722979546,25.650998577475548,314.8081246763468,633.1458687782288,1731.9065518677235,62.28531710803509
1359,0.12155579148529601,18.6114696969697,5.4300829015544,7.966046875,0.755005895357406,15.812150684931499,0.30122557934878297,3.1364633431085,0.767273698264352,15.772472972972999,0.275315857438017,3.11686141304348,39.2024827586207,3.34437609329446,22.577862745098,108.12320564742018,26.34950660621995,34.0307411298827,6.785737278961972,45.18497178635069,476.2860480695963,60.76968275010586,285.8969382941723,550.0362254679203,1051.656436175108,59.16440859436989
1360,0.15581307844029701,18.588220338983103,5.465695652173911,7.38615483870968,0.736025263157895,15.555417910447801,0.288991490396304,3.09371176470588,0.6329388004895959,12.3824698795181,0.276783240494066,3.0703577464788703,36.09884375,3.3999345238095198,18.714982456140397,99.98296019302772,22.537618649789096,33.80795735562344,6.733580031329259,37.282556183528484,729.2735856026411,50.533656030893326,326.88239589333534,776.9284304231405,738.3789401501417,67.2781839966774
1361,0.13118423464711298,27.930880952381,5.484096256684491,7.33541216216216,0.88841501650165,15.768805555555598,0.44696608863198495,3.15522352941176,0.7674128989361699,12.5291630434783,0.44590386303775204,3.11369653179191,39.4013225806452,3.51002507836991,18.7458253968254,77.1137650919918,22.30109981485874,680.2869355099568,6.780569433880787,29.737097742843176,642.4460094422102,61.53164431452752,201.52442157268524,869.0293878316879,663.0896590650082,55.081816390156746
1362,0.143192195528399,18.579296875,5.46180476190476,6.70908496732026,1.15763038548753,18.631725806451602,0.518837861915368,3.09846084337349,1.27192307692308,21.6905744680851,0.49526121870571593,3.0899069069069096,45.713,4.02920731707317,30.731736842105295,100.07908265875596,14.880956115967,47.39317734068334,6.747125722982616,52.42849790584858,768.4031967073679,26.28294751048088,283.3917737007141,784.2134218662977,2394.414134323597,68.57584230601788
1363,0.12328024879709001,18.6025714285714,5.42741552511416,7.40907971014493,0.778538286580743,15.473459459459502,0.30390059305281003,3.0879566395664,0.892839422259983,18.5672063492063,0.293448354792561,3.0726497005988,42.213874999999994,3.8198239436619703,26.8230731707317,107.84822258845377,26.20606216689726,60.979319757538285,6.740497832565975,763.4455585000463,470.35496681928635,57.16080777347088,248.90764616429806,829.3244987726212,811.671232804656,62.93789483606815
1364,0.137209751609936,18.4578947368421,5.416610328638501,7.3500143884892095,0.9623131313131309,19.089462962963,0.31727377680044,3.1631362229102202,0.809683571428572,15.815246575342501,0.303608375778155,3.1417035928143697,42.0158333333333,3.44759281437126,22.793039215686303,115.41880108470524,26.279722611498382,680.3481462247692,6.766509266023495,44.877357380159005,766.2729360163212,63.155265524983406,290.9512259066105,569.4066639989614,983.6408775299789,66.23840890824795
1365,0.105521167736758,18.611033333333303,5.45298958333333,7.36082517482518,1.08363653308481,18.7674107142857,0.46733170929760504,3.13021574344023,1.09319542421354,18.7231818181818,0.450132567388422,3.10401212121212,35.5627931034483,3.6609343065693403,22.711875,92.60575311694825,29.961345285723564,88.13182096182466,6.747950633943564,763.8595787894809,707.4322551488876,62.052858993411064,321.50321640074253,864.2073720693588,1059.1341648250818,54.91641350090504
1366,0.0872647373243739,18.5128571428571,5.4618829787234,7.373930069930069,0.5944957603165629,12.4897125,0.244143942591811,3.10622792022792,0.5801814254859611,12.434623655914,0.229480776932319,3.09065415549598,35.5989375,3.31255663430421,18.6373225806452,83.77475933825498,26.33273949902578,27.09744531157516,6.720900377137581,762.4743692890502,496.8933295458555,61.711389571428306,218.5175195336342,742.1542424708605,1140.6551115214825,66.93745963275433
1367,0.12133775304842001,18.5970476190476,5.47432446808511,8.05451063829787,0.7679871336669051,12.5721585365854,0.439198810535259,3.12345833333333,0.877577743902439,15.6444179104478,0.41219612764431696,3.10731351351351,35.8523103448276,3.5050759878419497,22.4010869565217,84.75744640380644,22.327946825192143,27.14694768749609,6.776747825244821,765.4288986347801,615.3566297143698,59.873051941394806,258.92704725265503,952.7450893074274,1087.8852102905512,61.91069260239601
1368,0.138618934064624,18.543890625,5.47905263157895,7.41668944099379,0.9384584474885851,15.667727272727298,0.453934444865479,3.12465902578797,0.926556896551724,15.645953125,0.44050978723404305,3.1043466666666704,39.1951724137931,3.44924915824916,22.521056603773598,84.2260262947483,37.67162421381724,678.3352596684201,6.766074002014952,37.19551017168586,683.3408027887344,91.08297526836395,204.54931072890759,627.0031444728374,1562.5700820237398,57.15899169445038
1369,0.148571222398614,18.568644067796598,5.46665402843602,6.74658479532164,1.14821272365805,18.898,0.5301682758620689,3.1663558823529403,1.26495227995758,22.1695882352941,0.522764838129496,3.14161755485893,42.3725714285714,3.7326632996633,30.548,153.496838373903,29.85949925766715,40.68011474788936,6.790094924857237,52.24799297149832,686.25183776021,57.38637410104275,303.99332754313946,931.2943089753389,1271.3602278381586,58.489805087447166
1370,0.17237229660144202,18.6031694915254,5.4119052631579,7.3586516129032296,0.8165792637114949,12.517000000000001,0.458523388116308,3.12616954022989,0.6512522624434389,9.41543119266055,0.41541651640822197,3.1177593123209197,41.745,3.30863551401869,14.754768115942001,76.26147471764851,29.859170766121867,27.0590959297147,6.772969616109477,29.657986938025402,674.7616454958916,85.09424515068531,262.00246065855026,847.8753734380007,1847.1327144652605,69.74497810006142
1371,0.14893780301980902,18.594296875,5.467005235602089,7.39032716049383,1.024364,21.9177872340426,0.272477754237288,3.1414414168937297,1.02763301886792,21.9078301886792,0.26301536491677296,3.11498913043478,39.0574230769231,3.75251162790698,29.9092105263158,100.13858471906086,26.213123254534153,54.21260210826843,6.76642780348192,66.878445392462,542.6334217190742,59.22643467783928,328.5117447376251,872.5964929908514,1052.6393540203571,66.58569909632206
1372,0.15425871659204998,18.5776271186441,5.47320942408377,7.38283,1.05061475409836,18.633310344827603,0.432752723311547,3.0905192878338297,1.1943784355179698,21.788245283018902,0.42699721115537803,3.06935820895522,42.2955416666667,3.90123469387755,30.2122307692308,84.84065822844808,26.335513261450142,33.80767302769455,6.7434909355999,762.405292344727,733.9632604271173,93.72909553349018,245.8080183714628,960.2411184459925,2069.98772919178,59.217680245637894
1373,0.152272303885897,18.6201833333333,5.43175,8.08464,1.06077942539388,15.725958904109598,0.543717481789802,3.1084346504559304,0.866746100519931,12.5263894736842,0.554448572967151,3.09014457831325,38.6231,3.55788153310105,18.6030806451613,77.03357445727514,18.51135021784306,33.9326583559788,6.763218122654707,37.53119016901747,609.3971896916628,87.00592443346977,295.94614170491695,770.7360666245222,2098.3700174838305,57.91671574115753
1374,0.117449045652417,23.2154375,5.17472361809045,7.7191744966443006,1.24779306722689,25.101891304347802,0.373785714285714,3.11913981762918,1.07875335397317,21.9159166666667,0.363248322147651,3.10527190332326,42.2219166666667,3.65839634146341,30.1752162162162,77.06164250493914,30.00063210122598,681.7105019418415,6.753785907041824,52.18743596076121,597.752770408988,50.35800859332085,269.9885983020067,772.540457546711,557.753024622798,58.59639495611191
1375,0.12282642930503299,18.6120476190476,5.459396226415089,6.81216470588235,0.6831792073520959,12.543536585365901,0.312682534959833,3.12527963525836,0.513274236983842,9.407589285714291,0.30269186918691904,3.10956772334294,45.461423076923104,3.42445394736842,15.0499350649351,76.8130782019047,14.777397612552098,27.039707408235493,6.765151092251884,29.7475650865772,418.2240925729275,61.884475871920586,257.3462203145027,863.676518201828,897.2644340246916,59.05819125473499
1376,0.150378109452736,18.51853125,5.45404265402844,7.4390064516129,1.29609916367981,21.910615384615397,0.483248941176471,3.10938550724638,1.24669480519481,22.3165961538462,0.458226730310262,3.09383204134367,38.9292,4.034047781569971,30.737743589743598,99.2457286644808,25.793535499701694,40.5404133558324,6.743332445010906,762.6607254137789,471.97332605719566,57.16076120734215,227.01150737702847,704.2083889245987,743.0079393088818,53.519103676080704
1377,0.15251000993894598,18.6199841269841,5.44993121693122,8.026671875,0.92981628959276,18.9222459016393,0.305822704419159,3.1304772036474198,0.894503305785124,18.8913888888889,0.291375820292781,3.1164074074074097,42.047178571428596,3.66094871794872,26.2174878048781,84.70432722454554,26.12946035730051,33.88241034548588,6.76223515587429,52.366401878324595,696.3690742850304,59.0368639677763,238.1539437919855,682.8587036579847,547.5400947034359,54.422859102487564
1378,0.160216438356164,18.606250000000003,5.44999470899471,8.084891891891889,1.38515928143713,21.887489361702098,0.39960554592721004,3.1255759312320897,1.18148501664817,21.8382830188679,0.391170640326975,3.0948290155440397,35.56803125,3.9917056737588705,30.5212571428571,115.50477024420033,33.75321708797136,47.3787760849267,6.766570260625491,67.29740850533283,570.8828568458557,28.587598353624344,279.7437831759453,775.1801516860723,940.1326533406973,65.53069688379765
1379,0.110204282736403,18.546766666666702,5.44936269430052,7.38064028776978,1.17798890010091,22.1259814814815,0.42333880171184,3.11265364583333,1.16144394110985,21.8303829787234,0.403619266055046,3.10408288770053,42.36664,3.94387972508591,30.0062352941176,107.9397923654056,22.345203881195044,47.540137907897055,6.768587951979709,44.86523668784623,752.515159547329,58.98941308259964,292.42532327771187,928.2284416258335,750.6556808948517,72.90411740541458
1380,0.147966995010874,18.5615333333333,5.478132275132269,8.1109512195122,1.18565,21.968,0.448965111208024,3.13567477203647,1.2035727699530498,21.9212040816327,0.415295946890287,3.12103405572755,42.26964,4.17913654618474,30.832555555555597,84.62425953542865,29.913113585179016,47.41913137858265,6.77250102569671,52.317867357914544,712.1022325009108,27.237413451075554,245.9694165736437,876.6499347984791,2373.368851840496,61.90869025886059
1381,0.140953225806452,18.5949552238806,5.450053475935831,8.05084375,1.3224005167958701,21.8830833333333,0.5749345981028461,3.1121273291925498,1.1423765978367701,18.75009375,0.557271459227468,3.09260975609756,41.7353461538462,3.87563396226415,26.786116279069798,61.474098857760076,22.411601478100785,67.93300629909398,6.759138671523666,67.74868120023383,506.32939673960215,93.28755550086498,248.93018417060375,944.7997435927391,2816.4139948785305,63.15051577985287
1382,0.148428534638166,18.5886,5.75073184357542,7.3213892617449705,0.8881817440912799,15.614071428571402,0.402356121381235,3.10649287749288,0.805058962264151,12.4778,0.401213514454894,3.09904724409449,38.8177333333333,3.4381768488746,18.7349090909091,99.8338758750631,18.55271620922666,33.916410082851606,6.7634030489141495,37.3293453988472,649.0385625511408,61.31031550467014,316.93666242063046,882.9364087432623,1312.5195167958736,62.725599855184555
1383,0.0847497426848993,18.588812500000003,5.45413705583756,7.39311538461539,0.869895849056604,15.7242537313433,0.364059452658069,3.11728527607362,0.824232931726908,15.626203125,0.360069328381306,3.09554819277108,52.198299999999996,3.4944303030303,22.5077254901961,68.84795039765268,18.53507161263111,680.6208596849445,6.777895567281828,44.618683465299355,410.2380480617285,86.21606975793839,199.36366006731987,974.2148220539093,3035.6490053236485,60.41200831532478
1384,0.162625968436155,18.5691206896552,5.14737946428571,8.348692307692309,0.833089573128062,12.674703296703301,0.464249115044248,3.16741860465116,0.8266398852223821,12.6268352941176,0.469552909019914,3.14756010928962,42.4026666666667,3.33220504731861,18.6561578947368,76.61393943044465,22.2652889176604,680.3046396468147,6.774854525425048,762.2711966348484,454.5571282505989,66.35398603975773,210.39145067334175,850.2757642418146,1184.7135610878468,54.081715643405914
1385,0.15251953240603702,18.2644166666667,5.50825358851675,8.11303174603175,0.903488392089424,12.533399999999999,0.541824431517715,3.1230182767624,0.875338213762811,12.5108369565217,0.505102551521099,3.10499191374663,45.492560000000005,3.4625403508771897,18.2505873015873,68.68281265946604,29.943671172461237,27.082118797493695,6.7549841478414425,37.054657291639536,618.9558655023575,24.4243536144495,167.4401108175516,763.4287234395742,1514.5451296120882,66.04548543691635
1386,0.149276788321168,18.610413793103397,5.46956382978723,7.36728662420382,0.978124432334241,15.6731594202899,0.492178497301785,3.13287804878049,1.24950191082803,21.9348490566038,0.465656376929326,3.1167424242424198,38.683,3.9547294117647103,30.4748205128205,100.17228268349498,22.398449687704574,33.89961754129482,6.781037399142694,764.8611177126247,726.153189316392,88.52789178490639,318.30519437789917,801.9445464015007,1488.4347561746836,69.4007147103548
1387,0.0903112733553148,18.574413793103403,5.7754064171123005,8.08899324324324,0.934557692307692,12.5600487804878,0.588384747706422,3.10130831099196,0.788827838827839,9.37054368932039,0.5585218023255809,3.0856949602121997,42.41325,3.43019047619048,14.6635063291139,77.24172069462152,18.695938967607155,27.11989048331434,6.74611085490088,29.881724172063826,332.760950550437,87.70497515797615,212.547043338418,713.1545804440975,1486.3094314932823,55.157532915472984
1388,0.168226613152207,18.707189655172403,5.46393229166667,7.39633793103448,1.08151402714932,21.8270625,0.338356389986825,3.07722754491018,1.08492220113852,21.7874,0.319458493677845,3.05497860962567,41.8538928571429,3.77976,30.733529411764696,122.58106814291932,26.13297531466711,682.4507128653044,6.746544998591719,763.5989274632676,638.058502227068,58.613019064068794,336.8147648870945,834.2648856341839,699.1957779973745,63.4246040135622
1389,0.134153010471204,18.6136567164179,5.47499047619048,8.674669999999999,0.727657001414427,12.587195121951199,0.408920435226114,3.11998641304348,0.612492513368984,9.38680327868852,0.41422084942084897,3.11827247956403,41.8615,3.26545014245014,14.6477922077922,76.87809766243257,22.568281363253263,27.108254309978868,6.763822954348412,29.705228023509683,346.24338150024414,97.14928455650806,260.0998617708683,779.6777877956629,1783.308805897832,66.01070053875446
1390,0.112343991640543,18.584171875000003,5.46419791666667,8.83821,1.05570564102564,18.6971296296296,0.482329656342809,3.08954354354354,0.910454,15.5275066666667,0.463120543293718,3.0739671641791,41.952962962963,3.55571343283582,22.6513333333333,69.20049861697429,18.552926708694148,678.9738435882739,6.7488539014751305,44.53465507702576,681.6606968641281,26.138173416256905,270.26948519051075,712.5539239495993,2605.5369526147842,58.31532180309296
1391,0.156063267233239,24.699199999999998,5.460528497409331,8.12509523809524,0.839776412776413,15.7413384615385,0.32415927704038405,3.11971544715447,0.811130708661417,15.680771428571402,0.323675992006851,3.10369075144509,42.0035416666667,3.57744444444444,22.8686041666667,84.48788493170325,22.3653059260308,33.908562602014804,6.763622394646473,760.0557555013901,524.019543081522,59.129344299435616,249.1564955562353,786.9882043451071,659.0638775378466,61.987293884158134
1392,0.134102610966057,18.149552238806,5.49415384615385,9.56323214285714,1.24097587454765,22.0541914893617,0.45276750330251,3.11533428571429,1.38221215880893,25.2106956521739,0.461960063897764,3.10677207977208,39.05,4.08085198555957,34.5929333333333,115.46612589836586,26.203537137348974,40.70287161384297,6.7439450760226896,59.989924158284744,802.9926102608442,67.30025634169579,334.9526319652796,1020.2478151768446,1335.195079445839,63.14539350569248
1393,0.116840728100114,18.5829701492537,5.45693908629442,7.3343141025641,0.597865803413773,9.51063333333333,0.419214755295836,3.1559039039039,0.53079401135777,6.27984146341463,0.38329670736218996,3.14322105263158,38.5830714285714,3.25897191011236,10.8306448598131,69.39731521053147,11.1432900787138,20.45311100856968,6.799360428033109,20.353934285322964,404.43912148475647,67.6809810101986,142.36131682991982,798.3035407960415,1382.385939359665,44.17398013174534
1394,0.104813098604397,18.6273015873016,5.4801809045226095,7.34561146496815,1.20879463243874,18.7598181818182,0.5383886300093199,3.10721450151057,1.16855841371919,18.778981481481498,0.510817375886525,3.0816657681940702,42.3193928571429,3.8779191919191898,26.8001052631579,91.3434256024657,22.285724201024173,27.08230308237928,6.738822470707335,67.37037732702088,487.4983336776495,93.97780522704124,259.9657978862524,774.1641718894243,1612.4606598168612,62.39842623472214
1395,0.119869044879171,18.2167611940299,5.41489719626168,6.712505882352939,1.1189368932038801,18.8131147540984,0.44852118829183,3.1001481481481497,1.0904509056244,18.894051724137903,0.421948835568102,3.08593393393393,42.12172,3.68464262295082,26.7656744186047,100.01599369387058,30.062101397142268,67.99136745704477,6.736180356528017,766.2659171270681,645.4352755099535,91.82044304907322,346.5739078819752,885.0869722664356,1845.047203823924,78.82919162511826
1396,0.155628258813994,18.6054285714286,5.4765133689839605,8.00248322147651,1.04398075160403,18.8366111111111,0.35523091020158803,3.0912762762762798,1.03496409335727,18.8106885245902,0.34553105068815,3.07800299401198,45.145333333333305,3.8675589353612203,26.8723076923077,100.25628633598278,33.870349436373715,47.46802838329003,6.740755381674249,104.44018140067281,577.0382471382618,94.01370771229267,314.01626765727997,869.779521599412,1975.736301392317,73.42700846493244
1397,0.139320116054159,18.472406250000002,5.45255434782609,7.44617730496454,0.764006,15.6231891891892,0.276463981588032,3.11170919881306,0.75473,15.5463378378378,0.26980307158781297,3.10539428571429,45.6177916666667,3.5031818181818197,22.442170212766,76.95297818944617,18.604667475918262,33.81908923449654,6.760768657056747,89.92134716952344,562.4359473586082,86.52373217046261,293.5841213911772,848.0210788547993,2435.5826433748007,69.42329928278923
1398,0.154205312922107,18.5610454545455,5.49180310880829,8.80370588235294,0.813613698630137,12.6788676470588,0.456060417592181,3.17256232686981,0.929263116679718,15.753,0.429803765690377,3.16530625,45.363,3.72278233438486,23.0017647058824,69.09781559744268,11.10095488651644,27.12279711061771,6.773863346551722,44.59405731809937,240.8597618341446,90.86960926651955,178.23278903961182,944.5872623473406,2151.400875300169,58.42680111527443
1399,0.134111582520153,18.12515,5.489254716981129,7.36810810810811,1.27477819083024,24.9646511627907,0.393729080675422,3.1148624641833798,1.16411858608894,21.8443673469388,0.385333443928334,3.1005565476190498,42.07036,3.8167392857142897,30.210250000000002,138.93050598160772,26.0517023296902,679.78492401053,6.754361856261168,765.8911052106665,719.0922740846872,62.28266283869743,313.88355419039726,880.7150647044182,811.8761703372002,60.26793271303177
1400,0.116304506329114,18.1235,5.45034391534392,8.038812499999999,0.6846512455516011,9.45652032520325,0.49859096612296105,3.13551752021563,0.5810928990923651,6.2584247311828,0.487048123980424,3.12054711246201,39.4533,3.30588200589971,10.8241894736842,76.95213935667303,22.427230778785624,20.379600736132595,6.77077662032877,20.279970781783636,333.47210846841335,61.81541830301285,182.84856341779232,487.16445453464985,840.7595101743937,51.08867771923542
1401,0.125280484961529,18.565984375,5.47370754716981,7.32188489208633,0.7736844380403459,12.4680108695652,0.427543794260157,3.1380408719346002,0.6317823560486,9.320790322580649,0.422103197674419,3.0942078313253,32.1024242424242,3.37027893175074,14.6987,76.94113599850311,22.44402677598827,27.122760975802453,6.7454324115532875,29.968232397873674,412.4163184314966,58.80892276763916,200.10871812701225,618.7077146023512,1659.998157992959,44.19288598001003
1402,0.12248030255278901,18.596619047619,5.4497037037037,7.40966666666667,0.607170579029734,9.46016666666667,0.401985462097612,3.13456172839506,0.490664226898445,6.254699453551909,0.388679349593496,3.12833606557377,39.317,3.09979733333333,10.6371123595506,45.885662270761586,11.083374855278537,20.370254589611072,6.783575749449819,20.330554607012868,316.71072356402874,25.989674031734467,154.44345772266388,540.9125704318285,2051.5641663223505,43.716514483094215
1403,0.102471513789228,18.7050689655172,5.45848128342246,7.32001428571429,0.856229910714286,18.9652264150943,0.240565512400562,3.15307384615385,0.857950598802395,18.9382037037037,0.233360288386594,3.13243597560976,39.1518666666667,3.59152243589744,26.845428571428602,92.62210867339708,18.642404521387693,54.404208097683586,6.810905207248101,52.41848992410372,547.0153409987688,61.44153885543347,236.33698001503944,720.1597560197115,1547.7316454052925,58.981310576200485
1404,0.10242190578542,18.6075762711864,5.46564736842105,7.4051726618705,0.70869459833795,12.5986304347826,0.349777710109622,3.1585329670329703,0.8372425127830531,15.576337837837801,0.345178613053613,3.13025595238095,38.855730769230796,3.4800089285714297,22.6409622641509,84.98675852610556,11.16131347938919,27.136431147106304,6.791194765020307,52.47754150398954,316.09716825187206,64.64612670242786,283.81277807056904,781.4082317054272,717.7396211773157,50.75288936495781
1405,0.121743197278912,18.003859374999998,5.44189175257732,7.32044137931034,0.7452837559972579,12.7313456790123,0.418039239001189,3.16925581395349,0.623536613272311,9.47914035087719,0.402611596227733,3.1791207430340602,39.3560769230769,3.36788643533123,14.7191466666667,100.43581872817799,18.616017609943743,27.27701683667841,6.803130675674611,29.857779687477727,517.5907630473375,63.66330198943615,313.06794844567776,743.164774030447,1083.2862462848425,50.79726688563824
1406,0.0939277732128184,18.5663432835821,5.4654903846153795,7.40433766233766,0.915801593625498,12.5013098591549,0.544568894952251,3.12334461538462,0.7538617090671881,9.33120325203252,0.5331816770186341,3.10583739837398,35.6882068965517,3.4903605947955403,14.6638148148148,92.12696234759244,18.60033069101221,27.18225482697331,6.78982591022578,29.848208593469494,500.3239959478379,63.48304450511932,205.53478971123695,704.3390534818172,1309.5319736748934,51.648495718836784
1407,0.0855525570548059,28.145333333333298,5.44873364485981,7.360717948717951,0.628668877833057,12.5690422535211,0.312453886010363,3.1081078167115903,0.499746951219512,9.365486956521739,0.29176699029126196,3.09618373493976,39.2465357142857,3.2192955801105,14.45624,100.05618645301605,22.371748026007456,27.14264382604242,6.751266397116078,29.84812671831726,531.8537820130587,52.9630109667778,214.89704959094524,636.4110857248306,884.3817748129368,58.80910903215408
1408,0.0900099623273336,18.582898305084697,5.46244075829384,7.27811486486487,0.497484809027778,9.42847747747748,0.304046140195208,3.14006340057637,0.386581041734067,6.24689010989011,0.29371647090958797,3.10375151515152,35.8568,3.0559181585677697,10.716931818181799,84.22860331698789,14.841341837491829,20.296078775217417,6.748716338106202,20.230815790638566,362.63340152800083,65.9638550132513,223.84263575077057,614.9871740490198,1061.798119917512,50.95792002975941
1409,0.110961996943454,18.6056875,5.19356756756757,8.45798518518519,0.914381568926123,12.526353658536602,0.584480954799391,3.12117119565217,0.904876766091052,12.5433411764706,0.540672085462146,3.1040606936416197,35.5028620689655,3.5948990536277603,18.668566037735797,61.51510134933805,14.836832832663186,27.095776392970514,6.7586250763448135,44.837696446760795,454.73864302039146,28.448784723877907,189.6033063530922,633.2566030323505,2500.8932687342167,47.594401985406876
1410,0.137451565029682,24.640166666666698,5.48812440191388,8.00290441176471,1.03047433628319,15.668444444444399,0.553848128342246,3.11167119565217,0.883422153369481,12.4623218390805,0.5190799595141701,3.09263554216867,38.696064516129,3.59600986842105,18.7267741935484,84.67654189773809,11.14129066632889,33.95135383416637,6.751856212733942,37.360637753403815,436.51871383190155,64.94233384728432,206.4258325845003,700.2098020166159,1289.2012484371662,55.1288016140461
1411,0.101152166255724,18.4200666666667,5.45705347593583,6.70291358024691,0.6326999383857059,9.47672,0.444140527950311,3.13419073569482,0.505177014531044,6.26415183246073,0.406094690966719,3.1265784883720897,35.45403125,3.17488857938719,10.5111,84.93698781365222,22.360058075076807,20.275655977320778,6.752793360687363,20.268967914301996,301.52653343975544,61.60526536405086,196.7926975339651,472.4668338894844,715.3212558478117,51.57249979674816
1412,0.11748290451686699,18.141312499999998,5.45404716981132,8.05656153846154,0.8833589951377631,15.7291176470588,0.38601592568015897,3.133625,0.7333926605504589,12.5246195652174,0.38988379204893003,3.11697971014493,42.3204285714286,3.41909872611465,18.282380952381,68.83475503721839,30.004135290860795,33.91899072126681,6.7741249928065175,37.40245657810575,665.7617166638374,26.110094040632248,191.16327166557312,702.2817619144917,2645.7521598786116,60.66560745239258
1413,0.108109682066056,18.6046724137931,5.44306,8.27429496402878,0.894481189851269,15.783378378378401,0.425563103192279,3.12990853658537,0.768326515704894,12.592217391304299,0.40809112058937597,3.1097514450867103,42.1644074074074,3.2756706948640497,18.6368363636364,99.66717958884152,18.516128058856797,33.883571258597215,6.757221756103495,37.33536823330784,483.5218656808138,66.76996126770973,232.84521885216236,612.4828476458788,1128.957699984312,55.18188700079918
1414,0.117012075134168,18.5538,5.442482051282051,8.27749612403101,0.686407147415443,12.472047619047599,0.35266380199381203,3.13523952095808,0.8276838842975209,15.5715384615385,0.341795529061103,3.106375,46.159863636363596,3.48935649546828,22.7418510638298,84.54430415359013,30.030140865966015,27.104323827039423,6.775776594822095,761.2292665816852,405.99359199404716,63.187675550580025,183.17019566893578,412.8088243305683,1642.7421011030674,50.96551030874252
1415,0.0989614332861858,18.5707931034483,5.48727083333333,6.70942696629214,0.651220530174845,12.4544367816092,0.311483775013521,3.11143206521739,0.640349937733499,12.4408048780488,0.297629023307436,3.08845478036176,35.73496875,3.47630921052632,18.7845535714286,100.19383033556778,18.621282002929245,27.163907832976303,6.752209722610904,765.4104611550218,418.4155259281397,62.84755654633045,226.43855772912502,806.7366201430559,1341.9950380921364,51.54772661626339
1416,0.12481230936819199,18.5721515151515,5.41028140703518,8.60306766917293,0.7169041095890409,15.5474324324324,0.27024906367041196,3.1176424242424203,0.612101110461718,12.405182926829301,0.26339453524004103,3.1150882352941203,42.897208333333296,3.28686723163842,18.7475322580645,84.81317777709977,11.112688081475552,33.83662632000879,6.768155586460115,29.80351599504517,544.463749974966,64.86945785582066,232.993857935071,697.3305251449347,1886.4705692976713,54.42560650408268
1417,0.115413222209708,18.616238095238103,5.12372857142857,8.399192000000001,0.906055938037866,15.690571428571399,0.437927435792907,3.1237902735562297,0.995780765253361,15.6853623188406,0.416104617604618,3.1070883190883203,42.48616,3.65008626198083,22.3432962962963,99.91056099133732,14.786834258635164,33.89911931030596,6.763448665511192,44.62822288959399,574.1382949054241,61.74873560667038,232.76903666555882,696.6697052121162,1227.1275278180838,58.890972286462784
1418,0.121089273076534,18.615380952381,5.42959793814433,6.07838095238095,0.924083064516129,15.865597222222199,0.443804319654428,3.1659096385542203,0.779764616552771,12.6276395348837,0.432311069418386,3.1397811550152,38.8414666666667,3.44554340836013,18.6810175438596,69.2793930952773,18.645771917623655,34.03757171564993,6.7833833173606966,37.479407833929336,452.8364632278681,59.03714336454868,194.583460688591,522.483279928565,472.7646242827177,58.150896802544594
1419,0.105087406205638,18.119133333333302,5.44701058201058,7.2628716216216205,0.5805349773527929,12.6205652173913,0.22916559743384102,3.16383701657459,0.432030775716695,9.438346456692909,0.21837959692499498,3.13865497076023,32.455696969697,3.2713524355300896,14.4828928571429,107.54800846485377,18.623228029866905,27.15561254505401,6.772900942559948,30.15681785687312,461.08998358249664,58.511365205049515,164.19589519500732,706.198439002037,1306.8446889519691,51.61012522876263
1420,0.10142492917847,23.662106382978703,5.4522619047619,7.96320437956204,0.8777877320419689,15.7579863013699,0.40305762081784396,3.17226234567901,0.729099264705882,12.5476478873239,0.39279784647446997,3.14958575197889,38.8088076923077,3.5074089552238803,18.9057213114754,69.34239379123542,14.890333626694478,679.292041727496,6.783518899225176,29.944988157445067,451.3273015618324,24.485355243086815,182.34215676784515,549.4601093232632,1332.000782713294,55.169593542814255
1421,0.121134719285882,18.586000000000002,5.44922222222222,6.655167630057799,0.664810104529617,12.5045632183908,0.35463336388634303,3.1047663043478297,0.5544151761517611,9.37200909090909,0.33489915174363805,3.09613235294118,42.82204,3.18803098591549,14.1811578947368,84.13218065272056,18.47718916780666,27.100518683128346,6.759440706240827,29.74759521669573,496.51917070150375,60.692476108670235,212.724506855011,678.1414151191711,711.830984801054,50.67898891866207
1422,0.102021267129382,18.5163275862069,5.43859693877551,6.06502873563218,0.975915384615384,21.9939591836735,0.207187032418953,3.09108498583569,0.83436975397974,18.691875,0.196149378300119,3.0678,39.146037037037,3.72211636363636,26.9817209302326,138.2778836474253,18.57300162279798,40.68678722012558,6.7416241189784785,44.66153765466396,588.9465566724539,63.430098816752434,289.4408069550991,780.1611442118883,1119.7570711374283,58.92128683626652
1423,0.102463113577648,18.5728208955224,5.42730208333333,8.0008984375,0.638914763231198,12.5992777777778,0.309345923261391,3.11691689008043,0.48961388653683297,9.40585087719298,0.285027479717351,3.0955440000000003,32.142055555555594,3.3227084548105,14.9295512820513,83.74014191216204,14.850344844077703,27.110332582096984,6.758740616383431,29.73598254950333,400.4294518381357,57.57198669016361,160.98958440124989,628.6579184234142,1337.0563741773367,50.965603440999985
1424,0.118241898414158,18.6023728813559,5.47555913978495,8.81128461538462,0.6927472858866099,12.43853125,0.36767603833865803,3.1123140243902396,0.551328998073218,9.2705,0.361062242090784,3.0935459459459502,38.854571428571404,3.33691205211726,14.6975925925926,76.54335249078538,26.132623152843816,27.09314031355449,6.777500837346004,29.779491029276173,416.73192754387856,55.232178419828415,193.91244277358055,554.9207329750061,642.7076179534197,54.449401795864105
1425,0.148962628684248,18.6083650793651,5.449005291005291,10.2261061946903,0.826655284552846,12.4990108695652,0.49014253495714905,3.12494047619048,0.6695440542205789,9.367009999999999,0.445550345887779,3.10713675213675,38.9663333333333,3.35619543973941,14.8625277777778,61.20827804138537,18.601121145461,27.16472105595457,6.772784010223107,29.578710310572788,379.67078387737274,27.068238705396652,135.62231324613094,634.0533029288054,1591.3347713649273,51.6348984092474
1426,0.120225210084034,18.6034126984127,5.54390776699029,6.83864052287582,0.638816053511706,9.46816037735849,0.432209032258064,3.1327955801105,0.512996433348194,6.28725730994152,0.432227091633466,3.14548901098901,38.5809677419355,3.31522324159021,10.655408163265301,84.62485274850589,14.767059873870082,20.309302853841807,6.775595974597734,20.276011079847006,401.42410434782505,59.474678710103035,215.43693728744984,626.1405535042286,1255.6273490190506,44.224318116903305
1427,0.120979312442957,18.616224137931,5.42709004739337,7.3162269503546105,1.12434745762712,18.9778253968254,0.500698169223157,3.17649415204678,1.12299811853246,15.800984848484799,0.473470994475138,3.14424927536232,45.968434782608696,3.46972312703583,22.482039999999998,99.93955472456692,18.629358398814404,47.44310611882735,6.79480829423232,52.463112730662715,527.6808515191078,64.88203071057796,216.87825210392475,651.1006969958544,1572.4551398307085,55.98869174718857
1428,0.121920490328385,18.606749999999998,5.44801630434783,9.0435,0.946243642329779,15.572693333333302,0.45111106913487004,3.12085106382979,1.0566122860020102,18.746596774193502,0.43919147224457,3.10887464387464,35.53446875,3.76382200647249,27.2225945945946,99.51951189905732,22.377790744480272,33.833677619570736,6.754728738942829,59.32323006146078,526.7953500151634,51.84337496757507,259.6347127109766,771.967601031065,739.7786248475313,62.72089667618275
1429,0.102069924513309,18.6141791044776,5.45041798941799,6.091954081632649,0.692515782404298,12.6370238095238,0.335727299100667,3.13079393939394,0.672939774153074,12.516666666666701,0.318599938118812,3.1162749326145502,39.047000000000004,3.28273006134969,18.8949310344828,76.43590311049405,18.530206561755715,27.083617548946805,6.767587088714538,52.28129451382201,298.1333527714014,59.71258506178856,195.58733329176903,704.0343713015318,1564.5830892026424,54.44241687655449
1430,0.12002672182468699,18.1464745762712,5.42726063829787,8.002203125000001,0.739502250803858,12.4361704545455,0.370882697044335,3.0966363636363603,0.582762121212121,9.33506557377049,0.35823935799023,3.0650785498489403,35.5317931034483,3.3248785046729,14.662833333333301,76.88370386212284,18.6086666915084,27.100999261000915,6.7572802786159825,29.811106173879,475.38066282868385,57.45012313127518,210.51783114671707,630.865478888154,1484.0953517705202,50.821295008063316
1431,0.12069960191895499,18.5793793103448,5.44899468085106,8.643930000000001,0.718436221419976,9.4759203539823,0.485620311841551,3.14035474006116,0.5631060532687651,6.26785380116959,0.47634644039735097,3.12752307692308,39.064653846153796,3.35372555205047,10.7735208333333,53.7534408457399,22.28113894240514,20.389048408837574,6.787552395292774,20.342505547293555,322.2806379199028,25.62715671956539,203.91889847815037,567.2341212630272,1953.4822087734935,58.147916570305824
1432,0.12405435033464099,18.5900317460317,5.44515714285714,8.06709448818898,0.6834692923898531,12.6835108695652,0.333958576429405,3.1604550408719296,0.663410611303345,12.7056987951807,0.313968107942349,3.14312912087912,39.029500000000006,3.38340059347181,18.7722115384615,84.8828286819506,26.223548960038624,27.27850382983009,6.809583511945601,45.19016461738074,354.3534781783819,60.14760583639145,256.34937919676304,724.7978821396828,1539.346994832158,53.59398201107979
1433,0.132640692640693,18.5838666666667,5.45164678899083,6.38229378531074,1.06310612991766,15.650115942028998,0.64155668358714,3.12045953757225,1.067751604033,15.7013220338983,0.612310106382979,3.11031818181818,38.2226785714286,3.58298993288591,22.6078043478261,92.54288672316048,25.99027913957347,33.83189115284066,6.748091022256042,763.9742678207601,444.6765873581171,63.65845911204815,228.83890196681023,711.2517952919006,1802.3965880274773,53.22219803929329
1434,0.10201943141571701,18.5689523809524,5.437580952380951,6.70376470588235,0.9419887834339951,15.858384615384601,0.433048888888889,3.1750586419753097,0.896402097902098,15.889217391304298,0.406361144219309,3.15746831955923,39.098133333333294,3.6205335689045897,22.812039215686298,76.95617809541082,22.441786396413683,33.989485016613905,6.799259220680884,52.55614749366716,502.8944462537766,23.668073117733,201.14374347031116,678.228447213769,1493.3513477444649,54.7558069229126
1435,0.102354311111111,18.578300000000002,5.48891489361702,8.225591999999999,0.497604710920771,12.5825434782609,0.20172801082543998,3.12167115902965,0.395350183150183,9.36148818897638,0.18741611603545502,3.10729891304348,42.8500454545455,3.33591715976331,14.598027027027001,100.1198186642984,30.12580542674726,27.206033887971596,6.758248940315911,29.974969813919824,242.8751438856125,61.27716042101384,193.68561916053295,684.9517580121756,990.1971090584993,55.174995213747025
1436,0.09975911913077219,18.5903,5.12146231155779,7.04714193548387,1.40603043478261,22.033775510204098,0.52595566286216,3.1315079365079397,1.24675813449024,18.8365185185185,0.545482527525132,3.1102761394101903,35.441064516128996,3.76673090909091,26.4853488372093,100.2786603759262,18.5948144898873,678.6860301668562,6.740350478783448,764.9561539434217,620.5206271260977,62.90199235081673,304.9775492399931,698.5242944210768,1656.2082339078188,51.49589851498604
1437,0.11603080407701001,18.6005,5.43764953271028,6.05292941176471,0.785983552631579,12.6316049382716,0.46718118768963995,3.1494099378882,0.776551880674449,12.5387391304348,0.454882049245433,3.13095342465753,42.2080714285714,3.45812111801242,18.479,84.8570251023659,22.398206260326887,27.22218252063173,6.778661465274138,44.97722092924224,290.42563401162624,59.775589033961296,198.94596189260483,532.7328573912382,640.4087878763676,50.927698612213135
1438,0.121304459251666,18.1618983050847,5.48768095238095,7.35289285714286,0.7499376790830949,12.651,0.415114228456914,3.14177322404372,0.610340248962656,9.435077586206901,0.454316489361702,3.11555757575758,41.4624285714286,3.44698192771084,14.7721898734177,84.49162817310011,29.761453005552905,27.25082204470967,6.759168305822898,29.835265696392028,409.97196920216084,61.89034320414066,158.99580903351307,645.343167707324,1345.7571156322956,47.68907092511654
1439,0.118789251610038,18.592890625,5.481628140703521,6.675,0.89006962962963,15.6956052631579,0.393838473400154,3.12094505494505,0.8561960159362549,15.7138307692308,0.374548134991119,3.10619075144509,35.5706363636364,3.66682437275986,22.891083333333302,92.05222273775371,11.068739585613683,61.039417015327906,6.747190090120428,59.83862611737991,585.0007757544518,63.166022300720215,258.7475813925266,796.240521594882,1645.178534090519,54.99017424881458
1440,0.09447556258790439,18.6059538461538,5.46819431279621,7.46265068493151,0.822196981132075,15.7734029850746,0.36220413274890395,3.1402970027248,0.692278,12.6142,0.343513773222293,3.13344715447154,39.2266896551724,3.50506472491909,18.8453333333333,76.9124795857284,26.23617906653934,40.778101393060965,6.783984180373076,44.99103656772028,368.1135829538107,66.2216916680336,162.20072284340858,650.8226040750742,1190.8397544175386,54.496387019753456
1441,0.13406416293854498,24.6592549019608,5.472515625,7.39824358974359,1.0067265625,15.639088235294098,0.517848126232742,3.12310027100271,0.990920925747348,15.6278970588235,0.503686159844055,3.09414201183432,42.4657407407407,3.66816891891892,22.369588235294103,92.57106729436624,26.47367640749729,33.931134755844226,6.76378607477216,52.38208912107893,458.1112414598465,64.27583284676075,257.07725435495377,864.1627617180347,1064.440980553627,54.29452285170555
1442,0.10102953549518001,20.3356909090909,5.46680319148936,7.34247133757962,1.17527936145952,18.9816842105263,0.525549187725632,3.18438630136986,0.9896769759450169,15.7727945205479,0.513255744255744,3.16136263736264,35.403875,3.74897192982456,22.9179772727273,100.06670096253941,18.6082790325506,40.998819178835454,6.8107061049259885,67.83284096407174,637.904554605484,62.89798766374588,254.7582145780325,863.3704390376806,1286.145206540823,54.46239374577999
1443,0.105342734078556,18.6059384615385,5.41158823529412,6.71326900584795,0.907223463687151,12.446554347826101,0.536841144548594,3.11633738601824,0.8690110000000001,12.448677083333301,0.510789945246391,3.1101837349397603,36.0424827586207,3.5754874551971296,18.802,92.58899403845142,18.73819641601506,27.06427819793859,6.759448087447762,52.553245301719144,401.2686666101217,63.85175511240959,228.3286303281784,715.7322484999895,995.7160800695419,58.22479724884033
1444,0.0807301353531103,18.5823787878788,5.12117452830189,8.34051908396947,1.04409601449275,15.721652173912998,0.54999540112417,3.11940054495913,1.15278139013453,18.813163636363598,0.5405675944334,3.10493895348837,39.141999999999996,3.79666431095406,26.5245789473684,100.30228679985353,18.66247728978581,33.94416046134047,6.768694976798754,52.539338504440124,591.7276721447706,64.38847631216049,248.2496201992035,614.8159969598055,966.5748104453087,52.90401168167591
1445,0.130894411309918,18.5925423728814,5.45980952380952,7.96193006993007,0.760052,15.807133333333299,0.250859054209919,3.14675229357798,0.680360451306413,15.718599999999999,0.244096297978651,3.12695628415301,42.2908888888889,3.47008630952381,22.9305106382979,92.5046171708386,30.153286616296676,40.685230875011136,6.767579278318219,45.01237176003095,420.3752614557743,65.13609550893307,244.49406191706657,721.2706375867128,1146.0998095571995,58.80547687411308
1446,0.14051641718976302,18.5599375,5.45885167464115,7.24312837837838,1.08086061739944,18.8026296296296,0.447717697729052,3.1605607734806602,0.9152997481108309,15.617611940298499,0.43776224968044297,3.12946195652174,39.1562962962963,3.78338436482085,22.8877058823529,84.6340744231473,18.628539181262564,40.729080722616956,6.778433995097249,44.97253349246843,633.3833560347557,61.505939811468124,228.09719666838646,868.6592802405357,1905.3562078624964,55.282237008214
1447,0.11917967213114801,18.620775862069,5.45730051813471,7.37297297297297,0.745652482269504,12.6966117647059,0.441791461412151,3.12916120218579,0.636496956281129,9.46856557377049,0.41013024911032,3.11075675675676,35.2477272727273,3.43975975975976,14.8132051282051,84.77930319211109,18.63369142510117,27.169233263565935,6.772787422534819,29.836234986921145,525.6676115095615,62.8843903541565,219.70034576952457,566.3279909640551,1578.6086209118366,51.278527826070786
1448,0.149048530227399,18.2154576271186,5.47016145833333,7.34200694444444,0.873560862865948,15.659797297297299,0.39219952893674304,3.12609329446064,0.891278350515464,15.660637681159402,0.356698717948718,3.10504719764012,45.6897272727273,3.56187888198758,22.559339622641502,84.80356017079932,14.865500398053198,33.82879579747556,6.763921068951715,44.88930551379815,655.4398220032454,60.52725948393345,249.91375394165513,636.4819593727589,1676.506083458662,65.93018770217896
1449,0.104951533742331,18.5898333333333,5.45046728971963,7.40158333333333,0.785334426229508,12.6264302325581,0.449077326343381,3.15636636636637,0.638338069863825,9.419926605504589,0.43495125848981203,3.13473170731707,35.4330357142857,3.35762824207493,14.7276428571429,77.07608631618662,18.68755686718701,27.17466776418042,6.774185485053084,29.997223731968774,404.3973982334137,57.57017061114311,245.22948078811172,783.6927659809589,1898.7905699759722,47.439709305763245
1450,0.11995004625346899,18.6009206349206,5.47423444976077,8.675386554621848,0.9665320150659131,15.777292307692301,0.49698390151515104,3.13664329268293,0.814263790664781,12.5870853658537,0.497163962425278,3.11468918918919,28.9063428571429,3.43453481012658,18.5325344827586,92.48014785493365,22.434290245824975,33.974463268454514,6.779299394095425,37.64593824867972,515.323132276535,62.68275901675225,227.47954353690147,715.5304774641991,1057.567773386836,47.11579531431198
1451,0.119830243674945,18.4025666666667,5.4546985645933,6.69750617283951,0.565186457311089,9.570825,0.36425097483162,3.17669696969697,0.44185593869731804,6.39451764705882,0.347552511415525,3.19116569767442,38.9802,3.08456011730205,10.494676767676799,69.55602655145496,18.6655715427031,20.408556565118204,6.787723774480247,20.360633118819138,300.6617072969675,60.14225073158741,209.36005748808384,569.8933266103268,1431.5188862383366,47.89470694959164
1452,0.100057220974514,18.5946666666667,5.49812903225806,7.41666896551724,0.6022454212454209,9.34857272727273,0.428175588865096,3.1002303030303,0.48776810222432604,6.2107272727272695,0.378411533420708,3.08287390029326,38.8184333333333,3.22314121037464,10.8353428571429,84.8263989278208,11.173100917557349,20.325273465690323,6.765674791173735,20.167882008825096,428.17951180040836,61.3057054579258,177.33648419380188,638.7766916304827,999.3326850235462,55.217090994119644
1453,0.103987626212631,25.9885555555556,5.466984375,6.70663157894737,0.643481194690265,9.43655140186916,0.426715040650406,3.1297537993921,0.523354195011338,6.2466896551724105,0.409923958731372,3.13424054054054,42.799400000000006,3.19790710382514,10.6497142857143,84.49988971733323,11.136777326551222,20.31278609328424,6.7706705413768065,20.253605408794233,349.1729497909546,65.06550125777721,203.62408831715584,631.0806609690189,1736.041670665145,54.448097944259644
1454,0.0870985342709481,18.578593220339,5.42618085106383,8.81815384615385,0.800686805555556,12.5326526315789,0.472219021490626,3.14135838150289,0.665550488599349,9.40433064516129,0.470516762060507,3.12076829268293,32.090228571428604,3.2522040229885096,14.6198133333333,77.13979550582238,22.460503063586856,27.156994727289337,6.777133484719341,29.950484217164604,396.7077471315861,60.26360206305981,280.0954971462488,709.7907830029726,1893.056184053421,51.882304251194
1455,0.11140687314382701,23.195955555555603,5.4969086021505404,7.37683783783784,0.859089947089947,12.5753076923077,0.46929661016949203,3.15895588235294,0.683077922077922,9.43718348623853,0.462918929874341,3.15663395225464,42.349,3.32555131964809,14.5941428571429,61.875718512173165,18.65380492497473,27.149223981322184,6.799390790548262,29.914072109231864,522.9859612882137,60.816993936896324,191.25021062791348,639.6542768925428,2064.8072008043528,47.47607745230198
1456,0.12239814192970701,18.6139661016949,5.44469523809524,7.39719718309859,0.822665612648221,12.5639247311828,0.45940802213001397,3.12225815217391,0.676097112860893,9.329296,0.44058004552352,3.10734971098266,39.1092307692308,3.47695136778115,14.7950131578947,84.66498207239927,22.38755797764972,27.054641795476506,6.753653829095466,29.91456689818524,399.1661127656698,67.22500547766685,188.37112002074718,636.352738365531,1343.269320204854,54.86183799803257
1457,0.101738863810578,18.5666551724138,5.4650100502512595,8.0045,0.880440746753247,18.8971272727273,0.302738912354805,3.1519783197832,0.760122509225092,15.725608108108098,0.288099448897796,3.1322787356321804,39.179655172413796,3.43673417721519,22.203200000000002,77.22702026414136,11.130549571213743,115.45671733390239,6.772386235159817,44.92134934670261,554.1049409657717,25.586318224668503,248.65907616913321,609.2529743909836,1677.6515170931816,58.731017634272575
1458,0.119933890048713,18.596409090909102,5.44310106382979,6.71088235294118,1.06651748251748,18.9200555555556,0.458212061489949,3.14202989130435,1.05361062801932,18.8648870967742,0.421639082343302,3.13219346049046,42.392153846153796,3.70399684542587,26.6573023255814,100.30459330078679,22.62611746839792,40.813421819573776,6.785669065132345,60.290763217531335,466.95261262357235,60.580531135201454,248.51197376847267,787.4302100390196,1047.7421339601278,55.08889444172382
1459,0.0888413039880854,18.5777931034483,5.44491363636364,7.92046357615894,0.92603445229682,12.519395348837199,0.591035879036392,3.11609625668449,0.81841975308642,9.32563,0.568950690335306,3.09145576407507,39.2071153846154,3.35967246376812,14.2574821428571,61.57684782269627,30.258452652960965,27.09021321300864,6.76825829234763,29.833849713292825,403.3896140754223,26.467256247997284,180.50028011202812,786.5197490900755,2134.5156710594893,47.98686131834984
1460,0.10219728675296999,22.9963461538462,5.4620985915493,7.40452816901408,0.86597305171158,12.7175555555556,0.51459796550199,3.16172615384615,0.856372810675563,12.6482637362637,0.502838132635253,3.14116666666667,35.728129032258096,3.52658641975309,18.689578125,69.5427227446525,11.081901300107846,27.228363246553027,6.790438347210498,45.177596548028866,448.72486032545567,25.106873363256454,143.95983889698982,373.06733429431915,456.87565580010414,49.31539297103882
1461,0.12177694711002,18.6121016949153,5.45063829787234,9.86958139534884,1.08982319391635,19.0097213114754,0.498376151236064,3.1377678100263897,0.98355462184874,15.814199999999998,0.480946715663757,3.11984802431611,39.159862068965495,3.6630480769230798,22.3352291666667,92.78328855528223,22.290123478468523,66.73126780207471,6.7794687721549876,44.982233860441916,547.9495506733656,25.251926854252815,240.6681887805462,704.5783568173647,2396.6090753674507,68.0865254253149
1462,0.115923715503702,18.759656250000003,5.43170918367347,8.083866197183099,0.7144797342192689,12.655043956044,0.37538489091501104,3.1620030769230802,0.5821310942578549,9.466059999999999,0.36822380500158297,3.14412680115274,42.302962962963,3.25824781341108,14.780666666666699,61.892762207372776,22.573650489561587,27.163577805030158,6.773614788419787,29.987768344651027,515.3543781489134,59.18503738939762,177.1850511431694,626.162625849247,1671.9076316803694,59.36417728662491
1463,0.0908292529323782,18.607220338983097,5.40883720930233,7.977101562500001,0.85992384341637,12.5732705882353,0.438573006134969,3.14142363112392,0.6860343932511359,9.3949224137931,0.426984608985025,3.11485757575758,39.0454137931034,3.3110632911392397,14.767338028169,68.89111101694466,18.60118411903672,27.040272601102945,6.762698129285532,29.64844949166517,385.91111078858376,25.41337162256241,224.2530696094036,777.1106902509928,2452.424122020602,54.69177849590778
1464,0.12390863005431499,18.495791044776098,5.46657142857143,7.46998550724638,1.20676185671039,15.6371095890411,0.66353083573487,3.09344705882353,1.0488556097561,12.4853804347826,0.665683008356546,3.07773728813559,45.2578846153846,3.7001856677524403,18.709564516129,84.68541514698089,18.614963711807142,40.74509200535543,6.757407205604332,44.99392597983822,366.5919415652752,60.29559299349785,218.32557395100594,700.2854254096746,1964.687881991267,50.71018822491169
1465,0.10006527021365699,18.596119402985103,5.45189099526066,6.73399358974359,0.951342391304348,18.8442456140351,0.30096167423096304,3.14943788819876,0.927763506625892,18.82425,0.293423627002288,3.1274716417910398,38.9494516129032,3.7679275862069,26.97835,92.42135406741855,18.599817450058858,40.79011971218308,6.775970304735681,44.92598092797931,527.6690237224102,60.18537096679211,218.23076531291008,622.5050427019596,858.2218550145626,54.353661835193634
1466,0.09989804455686349,18.5995862068966,5.45680092592593,7.31393706293706,1.1206987951807201,19.1078333333333,0.542181776971895,3.14971165644172,1.26792326732673,22.0768913043478,0.502756452369779,3.16517771084337,35.1574848484848,3.79473170731707,26.8028139534884,122.83986052047372,26.19219936400066,47.51262568834175,6.790649173155156,74.95597855732939,507.35287368297577,60.81992760300636,258.27204808592796,792.8961887955666,1446.5214684605598,48.05861972272396
1467,0.137581853816002,21.907462962963,5.46295721925134,7.34991,0.9217394247038919,15.675594202898601,0.424545596258769,3.1331832884097,0.748103254067584,12.5040689655172,0.427467216051594,3.1119497041420097,35.3226666666667,3.53652395209581,22.7336666666667,93.34483053473102,14.933168723841083,33.83013592479827,6.765290244680806,45.04647792346932,507.9782102257013,63.149631023406975,233.41826163232327,717.1404082328081,830.9535216540098,48.055918887257576
1468,0.116877613152019,18.570899999999998,5.442245,7.3630985915493,0.638698482932996,12.531104651162801,0.326780876494024,3.1077506493506504,0.533634655532359,9.37677049180328,0.312394382344511,3.09818484848485,42.8661481481481,3.21032298136646,14.566869565217399,84.40895653348089,26.23553778632517,27.00386174259614,6.731663282971285,29.859734332920638,409.6969496458769,65.22666662931442,229.26903329789639,719.7969127446413,1384.9763665348291,55.2901066839695
1469,0.104216856574426,18.58953125,5.451085,6.71190196078431,1.2454498381877002,19.0057543859649,0.565542455381287,3.15011746987952,1.19063023255814,18.857278688524598,0.5519878242456331,3.1381471389645803,35.8863125,3.8762830188679196,25.9647142857143,,,,6.7887152515153995,,426.63966305553913,27.060694992542267,171.40405252575874,617.3777859658003,792.3239842057228,53.70099097490311
1470,0.08310309773473139,18.4705970149254,5.47003317535545,8.03324615384615,0.861710239651416,12.5442282608696,0.528944110854503,3.12651169590643,0.7266378548895901,9.3701746031746,0.5299375,3.12382580645161,35.2750322580645,3.35630791788856,14.3481486486486,76.75282226116458,22.29313039551376,27.17099424745438,6.784106500934852,29.764038978865443,398.4501585364342,64.21352736651897,224.24361668527126,640.4207553714514,1302.8251938521862,47.668907791376114
1471,0.119316535067348,18.622186440678,5.43203271028037,8.237266129032259,0.7109213275968039,15.641742424242398,0.26223939658941803,3.11439295392954,0.699422,15.5781571428571,0.24777314814814802,3.09362273901809,35.5237575757576,3.29514577259475,22.4011224489796,99.32926028829634,14.77058322095698,33.80646206106394,6.76823307487099,44.55633757881351,583.1249989569187,62.77104839682578,279.99402955174446,683.0888334661722,1290.0677043944597,54.4901005923748
1472,0.103097095185446,18.5801578947368,5.16016582914573,8.566419999999999,0.850875647668394,12.5652222222222,0.519489241803279,3.12770238095238,0.826342898134864,12.4961176470588,0.507242595818815,3.11366086956522,35.38040625,3.46229850746269,18.6501111111111,84.86237414713342,22.340952338640545,27.08513903650061,6.77978479379295,44.642519817361446,384.56982001662254,61.133736744523056,225.71911104023457,642.3227023333311,1032.7121242880821,45.47121934592724
1473,0.120124501783092,18.5911875,5.55328915662651,6.0793386243386305,0.8962,15.809184615384599,0.458409542743539,3.13878461538462,0.773715900527506,12.6279625,0.45711586096684004,3.1239081364829397,38.9283333333333,3.44057594936709,18.199725490196098,100.05847658539949,22.47819804874724,40.758174085761226,6.75750826398951,45.0398185796149,480.63546419143677,61.33038550615311,253.40174324810505,999.1156868636608,1382.8393071889877,50.88970065116882
1474,0.08992875637504899,18.7134761904762,5.48455729166667,7.32204285714286,0.755053,12.5312842105263,0.398549019607843,3.1130114613180497,0.7429454545454549,12.4918279569892,0.372477135767458,3.10361891117479,38.94175,3.40763087248322,18.4310847457627,61.473094707214536,11.111965119112993,27.13148412264391,6.77384576110622,44.77405817789311,535.2383479475975,27.406634762883186,182.16772004961967,717.9800886660814,2532.612904906273,51.146186888217926
1475,0.0818488479262673,18.5652372881356,5.05422807017544,6.92634838709677,0.639752675386445,9.457805555555561,0.42148114205146303,3.1435535168195696,0.53242037366548,6.27435675675676,0.41015111270638904,3.1355144356955402,42.0224285714286,2.8261149068323,10.5272818181818,69.06362035166418,11.081244131601792,20.352287933435978,6.783850264271005,20.307330611558,306.77923932671547,62.93812766671181,180.51881343126297,705.4754067212343,1226.6715057194233,55.16489036381245
1476,0.11951399167437599,22.9672452830189,5.4027313432835795,7.92971,0.575893183038111,9.41683739837398,0.358122413793103,3.12618397626113,0.443571927103528,6.23417391304348,0.357829442888266,3.11713333333333,45.5978695652174,3.27378317152104,10.716333333333301,77.12696814457537,18.624668440890147,20.34335574121113,6.766278553183466,20.28790527509392,471.9051532447338,51.861535757780075,182.69033171236515,609.7881123423576,621.9195667654276,55.09336479008198
1477,0.130784952978056,18.6159666666667,5.44111872146119,6.8165625,0.985301204819277,15.614635135135101,0.475430026572188,3.11598113207547,0.947935661764706,15.5531891891892,0.47769409576940997,3.09269066666667,39.1707333333333,3.5467791411042904,22.0992352941176,92.41715067547355,14.850849499585284,33.83037036621243,6.761167106699089,52.09606977569028,568.031333386898,61.57336756587028,207.4096817523241,708.4611803293228,1310.3531673550606,55.44195882976055
1478,0.10006049789493,18.6228571428571,5.44560101010101,7.3994375,0.8400679770679771,15.893569230769199,0.38975516423975604,3.1822140672782897,0.692131665569454,12.657802469135799,0.361940656565657,3.1506234939759,39.0866296296296,3.37698235294118,18.5705322580645,76.81270841005951,18.611069416567844,679.9815171661852,6.786171067224051,37.28020876970407,420.05195282399654,56.59591406583786,198.60351458191872,785.3548042476177,1817.3208925873041,51.4935702085495
1479,0.144815812554818,18.5678103448276,5.42883068783069,7.44963,0.8868177892918829,15.91921875,0.403460798816568,3.15986666666667,0.8727560975609759,15.8615138888889,0.384459378509921,3.14280428134557,39.14428,3.5395600000000003,22.6454905660377,77.03338315783178,18.585729364830897,34.091176090221786,6.805924788777488,52.524769869879414,529.4317379593849,25.650393217802048,223.62745366990566,763.3160334080458,1622.7245796471834,58.6632639169693
1480,0.118783228372556,18.4045820895522,5.46358851674641,7.41090384615385,0.9705753176043559,18.9760816326531,0.41248451406194403,3.17020303030303,0.875541122213682,15.7846307692308,0.402267488076312,3.15096625766871,35.3638125,3.7240131147541002,22.9234423076923,69.31216867512661,18.599873638877973,47.685801723989165,6.8003609917801935,44.82847091644417,527.7994088828564,27.09026448428631,255.16669265925887,716.8780080974102,2027.7426112443206,55.15529774129391
1481,0.13449786881364,18.3786333333333,5.45931279620853,7.443891304347829,0.410633081155433,9.39351239669422,0.21289616519174,3.09858501440922,0.290100141043724,6.1678021390374305,0.197836056121468,3.0781497005987997,42.4746666666667,3.16504702194357,10.8115142857143,76.64969829710321,11.061287555702622,20.308663029789855,6.769342151547742,20.208070654136247,178.21229994297028,52.5051262229681,121.64749205112457,549.0646697580814,631.1513017863035,47.10317589342594
1482,0.119486,18.607015151515203,5.46625531914894,6.73215789473684,1.02734189548273,15.7635373134328,0.536177266576455,3.1489920844327197,0.985703986429177,15.8135342465753,0.502459046737622,3.13434870317003,32.294,3.70150340136054,22.7542173913043,99.15904837640912,14.743645657232879,33.93797373833666,6.788433233165506,762.4806473700862,495.969271287322,58.81716497242451,229.18051108717918,839.5506534725428,1120.0227309018373,47.0754224807024
1483,0.117926667500939,18.5920606060606,5.45221276595745,6.10413227513227,0.8978365910867869,15.5391515151515,0.464744154057772,3.0967478005865097,0.8796448669201521,15.5259487179487,0.436772727272727,3.07979178885631,45.5647083333333,3.76701459854015,22.498782608695702,61.23361882807896,11.096661786993959,33.79642087036075,6.749632848862003,36.971958196970576,519.8679864406586,26.753637939691544,207.0508897304535,715.6292907893658,1899.0255892276764,62.20778450369835
1484,0.117392405063291,18.6136440677966,5.48558373205742,7.35989189189189,0.6826716152019,9.356723577235769,0.47850273684210504,3.11125,0.54119395465995,6.20214,0.44998566447113497,3.1076469002695397,38.4910740740741,3.32534603174603,10.7745566037736,84.52605336544438,14.808783193715932,20.349080037634526,6.755777696105613,20.24130893764049,446.04241847991943,54.31203171610832,196.1082685738802,774.2909248918295,1705.4921016097069,50.33789202570915
1485,0.15432457588950602,18.6094655172414,5.5064711538461495,7.324299363057331,0.792885208012327,15.5622297297297,0.328881175330965,3.0861666666666703,1.08697872340426,21.9216538461538,0.321289915966387,3.0702773333333298,39.3049230769231,3.82105498281787,30.346210526315797,122.48577216858789,14.779029603596575,33.86023484646946,6.73955695417748,59.41642211346449,657.0394616574049,63.50092589855195,273.05763214826584,863.2218465209007,955.5733297020197,54.64144051074982
1486,0.11659776416209801,18.5855084745763,5.48362679425837,9.69005660377359,1.0974526198439198,18.904859649122802,0.472302459016393,3.1775388888888902,0.9755507246376809,15.6428939393939,0.450927030207925,3.1254269005848,42.566434782608695,3.75752649006623,22.824613636363598,99.31614261309491,22.29174564042841,40.77648586722107,6.777354144019976,67.34978300075653,489.9255000054836,56.697847321629524,256.03240355849266,765.5525580048561,2255.099965259433,58.528175577521324
1487,0.109695549850235,18.582916666666698,5.4447102803738305,7.32780891719745,0.813297383029342,15.7147966101695,0.359912709497207,3.1496445086705203,0.67687400530504,12.5824383561644,0.346758506473954,3.1285015015015,35.55478125,3.4623363914373098,18.6805322580645,84.32186611271209,26.16790270140355,40.7864154717744,6.762725318060345,44.72500522601624,402.70411409437656,60.679716989398,174.12612214684486,709.0567145496607,1301.5475124120712,52.79439501464367
1488,0.126540734487125,18.446515625,5.47033333333333,6.80391715976331,1.0974253578732098,18.842381818181803,0.433788644840448,3.10840379403794,0.9218992805755399,15.6405753424658,0.44942569930069903,3.08948795180723,41.961392857142904,3.7894253731343297,22.2425283018868,76.99763917916349,22.356092408657148,54.26672599575753,6.759295032045698,52.22796813317461,627.8750486671925,23.912033066153526,235.5857752263546,634.3184970319271,1744.599360972643,50.73351785540581
1489,0.133211011556941,18.578016666666702,5.47163978494624,6.1250979381443305,0.849114138438881,15.7104109589041,0.362948428117273,3.11511351351351,0.96922723475355,18.766175438596502,0.348301237044467,3.09461142857143,35.6365555555556,3.7437050359712196,26.458674418604698,84.33609310237476,18.524701023116634,33.8666993291596,6.734344188276919,760.8220177268323,611.7085460573435,26.48276276886463,264.3962390720844,776.2069813907146,1704.382011666894,54.99343387782574
1490,0.117453544390915,18.5808125,5.460793650793651,6.1014011976047895,0.558875116931712,12.5355,0.213927367325702,3.12013981762918,0.563491408934708,12.5901176470588,0.20582182028093102,3.1170162601626,39.173857142857095,3.35069911504425,18.5590491803279,84.36805662288045,26.173643996765534,27.105928766626356,6.76129412697338,37.2640292376478,309.89600345492363,55.205076932907104,244.12032216787338,783.16330909729,1898.491894826293,51.07186734676361
1491,0.10281710689425,18.607063492063503,5.458028571428571,6.67843137254902,0.738932956951305,12.497756097561,0.38301999999999997,3.13718975903615,0.6951361533377399,12.518304347826101,0.352696116504854,3.11478551532033,35.6609375,3.26512356321839,18.7264285714286,84.24713753674128,18.550295900400865,27.18871572189903,6.791320828100478,37.353865527131106,402.91533805429935,60.099177062511444,231.856107711792,559.1734312474728,1740.2695026248693,51.150284707546234
1492,0.0884774282991075,18.5994696969697,5.46303755868545,7.40805755395683,0.8076433076384021,9.35721739130435,0.615496567505721,3.1080606060606097,0.692136210384356,6.17823316062176,0.6229781553398059,3.0923185840708003,32.19575,3.33519135802469,10.69084375,69.0176498993195,26.258628763837187,20.266252933183456,6.763317535902765,20.247088234619376,323.92144203186035,53.26797254383564,161.25752590596676,546.0772197693586,1546.8430705368519,49.0081962198019
1493,0.12245048914340301,18.61,5.47761497326203,7.93694482758621,0.825244060475162,15.881514705882399,0.36740993589743604,3.1493425076452604,0.68227724665392,12.650967032967,0.34965690759377904,3.12423170731707,42.14252,3.36631871345029,18.6989482758621,77.13918482820341,11.145690005056071,681.582955483517,6.771934066636734,37.49004133134316,358.1312019377947,66.36818870902061,234.92895998060703,731.2912959605455,2197.9703567922115,52.915606647729874
1494,0.136597737272156,18.6057118644068,5.550233918128661,7.34221678321678,0.79245,15.9469315068493,0.342213624141022,3.16394505494505,0.710666,12.6761739130435,0.331952119055322,3.13815548780488,38.7769615384615,3.3843282208589,18.2962419354839,76.94210880805113,14.832366148671708,40.82959290095515,6.7822663675173445,37.43377776801189,510.105350986123,59.285201132297516,187.9297662526369,623.983982950449,731.8797055631876,54.999301210045815
1495,0.0996844841029195,18.5703134328358,5.48681428571429,8.9848671875,0.649212523719165,12.5484367816092,0.34211430459200504,3.10870810810811,0.543166055526454,9.3848984375,0.336270168855535,3.1172547425474297,39.016,3.35118550724638,14.936376623376601,84.3702479919911,29.91265022006234,27.08384840890218,6.73863684981226,20.216854309912815,391.7456604540348,59.942761436104774,220.912741497159,476.21922567486763,824.3035990744829,50.760386511683464
1496,0.10262357651245599,18.5236101694915,5.45916582914573,8.001186567164181,0.988507782101168,22.233085106382998,0.262061187627004,3.11200591715976,0.702391946308725,15.6747702702703,0.24989713793845497,3.0875552407932,42.0883461538462,3.64504807692308,23.1161914893617,61.183124292874346,14.742783946913004,47.53442603953894,6.7541351060735835,44.56612672579045,644.3578749895096,56.891562417149544,147.67847023904324,525.4345946013927,547.7621220052242,55.294111371040344
1497,0.12140976381511999,18.5764666666667,5.450300469483571,8.177976,0.6262010935601461,9.35699090909091,0.43893728489483796,3.10377286135693,0.511927203065134,6.20152542372881,0.416196515397083,3.08248655913978,38.6732413793103,3.29563258785943,10.601952380952401,76.91421906998787,18.553553488381564,20.273154073919,6.7446450578943224,20.230904130655173,341.25540405511856,59.776194393634796,248.51434864103794,334.1345116496086,899.1166949272156,51.49529315531254
1498,0.0989457142857143,18.6084655172414,5.44768095238095,8.13672868217054,0.445912891986063,9.3433515625,0.24326192893401002,3.11439344262295,0.322509100787829,6.1940287356321795,0.236159520422678,3.09478630136986,32.3675,3.15568111455108,10.7862075471698,53.244682514636146,14.757222000713687,20.28774566636362,6.74673160650539,20.20555985353979,233.60615596175194,57.10725672543049,130.19200414419174,473.6621864140034,408.9001566171646,40.27946852147579
1499,0.133549387661669,18.613500000000002,5.4689000000000005,8.094840909090909,1.43923994974874,22.188541666666698,0.509200888888889,3.13434246575342,1.2439896073903,18.9897,0.505093488372093,3.1297868852459,32.15946875,3.7289713261648703,26.3327692307692,84.74699350852005,18.538812762581205,40.77738824876767,6.771294498578942,44.94576844965546,564.1933064907789,59.388717636466026,258.9348703622818,841.6450582444668,2118.447097018361,47.94890992343426
1500,0.110926071244192,18.4419333333333,5.465905,6.7622100000000005,0.7861996996996999,12.6040864197531,0.457970443349754,3.1372478134110797,0.646340140395661,9.40115748031496,0.436957848837209,3.1162042042042,38.9925172413793,3.4753119266055,14.701436619718299,61.55747312211714,18.61666737797663,27.085689825529244,6.774907594355683,29.958507848937664,293.6793491244316,27.398159727454185,183.8283147662878,472.2189623862505,2689.9447198957205,51.73771642148495
1501,0.10567279275951201,18.49505,5.47444549763033,7.3765419354838695,1.10749618320611,18.900263157894702,0.48852069614299204,3.1295734870317,1.02119748305905,15.7460307692308,0.467899048407116,3.12326344086021,28.9129,3.67137741935484,22.7700588235294,92.07814508068547,18.67732771151056,40.782122208251046,6.768922614685076,52.20887114818672,386.9678359478712,61.83977238833904,210.3644423186779,633.0149248242378,1481.8367548286915,44.30687986314297
1502,0.0897308,18.563328124999998,5.45796954314721,6.74946,0.707438011327879,12.6819444444444,0.37450018175209004,3.1330699708454803,0.5802548923679061,9.434220183486241,0.370532907348243,3.11135398230088,35.71303125,3.23977873563218,14.7166811594203,76.35571483002133,11.077240326080181,27.02973544634945,6.762152186707108,29.700460615473872,292.74430125951767,60.79920567572117,155.86698427796364,560.8691833913326,800.3453258424997,47.553470358252525
1503,0.101488430632201,28.359153846153802,5.45085638297872,8.10948951048951,0.598939632545932,9.3670157480315,0.367319234642498,3.10645180722892,0.452245922746781,6.19531891891892,0.36346356147021497,3.09339577039275,35.5151333333333,3.38432129963899,10.912606382978701,84.34936183953404,11.10688799176041,20.331346822640516,6.759886333853831,20.28499960345313,221.01853974163532,63.439132645726204,185.68546511232853,562.2677970677614,1237.0508629828691,47.05740138888359
1504,0.119867944851357,23.1439803921569,5.4254691943128,8.04412598425197,0.872488740617181,15.5873235294118,0.41884010245151804,3.11231610942249,0.750429818181818,12.4605432098765,0.407429712460064,3.07772754491018,35.6746206896552,3.40096116504854,18.6675396825397,68.94558850689039,11.092074890705817,40.575503239686796,6.707652804576846,37.08348400971731,396.6504707932472,26.059430092573166,206.1774954199791,545.1234057545662,2412.4900810420513,48.487307503819466
1505,0.107808578236696,18.547366666666697,5.4891550802139,8.11792125984252,0.68871369047619,9.46937837837838,0.48952784388386505,3.1487616438356203,0.576041896361632,6.35590625,0.45754873164219,3.1536392572944303,42.2499615384615,3.3228612903225803,10.844079207920801,53.70914759098336,11.061408013780227,20.316995651407687,6.784932820772982,20.308233801777526,218.30834448337555,26.432378217577934,151.67747624218464,463.4544253349304,1241.1250732839108,47.95528948307037
1506,0.12050627306273098,18.6082413793103,5.433383886255919,7.41475694444445,0.737167812929849,9.4844537037037,0.531103747714808,3.1869392265193404,0.612899261603376,6.28225153374233,0.5015958279009131,3.13983018867925,38.4877096774194,3.2013957703927503,10.6499814814815,69.06390822452417,18.58463603945351,20.374362537388457,6.779023800317035,20.283051707479256,225.90612061321735,26.104692369699478,156.02298080921173,392.7541896700859,1906.8177323788404,42.58458502590656
1507,0.10290053014646401,18.432390625,5.13750753768844,6.42328723404255,0.869003776435045,15.798916666666699,0.365826657213754,3.14639344262295,0.720958158995816,12.592794871794899,0.345495970449966,3.14208815426997,35.686724137931,3.44261791044776,18.6354137931034,84.45424524591832,11.086585478029615,33.94952248031339,6.750003120788135,37.37504208171385,471.89644537866116,25.868602097034454,240.1519101113081,636.2755782902241,1590.9962356090546,50.79810507595539
1508,0.102017095716132,18.6030317460317,5.461851674641149,6.06991534391534,0.865597588545592,15.8594310344828,0.392382533381451,3.12593597560976,0.704993506493507,12.5065760869565,0.369096794668359,3.10629483282675,35.7919,3.3872100591716,18.7311803278689,84.57872250977317,29.89757654064208,33.785112476070914,6.742303547415204,37.18190522932276,601.5758961439133,66.08483381569386,270.07339522242546,571.5051665902138,1502.1424740552902,47.887302935123444
1509,0.115776033806218,18.585609375,5.46391866028708,6.7256432748538,0.831933333333333,15.631775862068999,0.391360014357502,3.11539945652174,0.719662790697674,12.5114086021505,0.3734372858122,3.10524797843666,39.0596153846154,3.4361637630662,18.8524107142857,53.89137806523792,18.57427533419618,67.8264237221845,6.759437393568642,37.4713781973651,319.10459510982037,23.901741951704025,165.37322662770748,541.3193255662918,1703.4572549164295,47.157611697912216
1510,0.116117783142225,18.5735,5.50269109947644,7.379,0.773188090050835,12.629094117647101,0.415327063740857,3.13468435013263,0.608682179341657,9.37176851851852,0.404057422969188,3.1014932249322498,39.3389615384615,3.33209281437126,14.5353,61.33462828259668,18.521857896135476,27.105439041724097,6.7697768842851795,29.872415347000913,309.2053346335888,26.889564469456673,176.21386796236038,460.69202944636345,2397.6458702236414,47.30760119855404
1511,0.118806714253848,18.1202,5.428995,7.533884892086331,0.800090053763441,15.747162162162201,0.32786481056257205,3.12478820375335,0.820047,15.738554054054102,0.314798406862745,3.1159973045822102,35.7345454545455,3.63319512195122,22.7922558139535,107.97271335560356,14.85763759706976,33.93042193297407,6.767892022211479,44.811742681341876,450.28552412986755,60.55100820958614,201.55766978859901,686.0911846160889,1369.0002728253603,47.35691472887993
1512,0.08467361973346581,18.4944333333333,5.2171256281407,7.05682876712329,1.1644818805093,19.1292166666667,0.44668399168399203,3.16939393939394,1.0132081128747799,15.81835,0.436050820328131,3.12904705882353,32.4181714285714,3.51419749216301,22.8044901960784,91.97750331494719,14.768581306227018,40.92604049050373,6.802013866418411,52.37159095600669,393.67503486573696,57.67303518950939,199.07201640307903,710.5724886059761,1392.3102524131536,47.36660048365593
1513,0.12259891281176699,18.611355932203402,5.45894312796209,7.32620805369128,0.6181981376099329,9.49467592592593,0.421828698553949,3.12267934782609,0.509299830364716,6.24044720496894,0.410304265760664,3.1185896656535,38.9970344827586,3.25894193548387,10.7555887850467,68.73722681569441,14.790685516194747,20.332942143275726,6.773947054522989,20.239912213663107,298.0682998895645,64.10777568817139,177.9275480657816,405.98162449896336,1232.0422567427158,47.2246203571558
1514,0.0852826411960133,18.552046875000002,5.47825510204082,6.72912244897959,0.657526147959184,12.4351182795699,0.317072794571252,3.11248,0.6435235109717871,12.3798453608247,0.31054454847478097,3.0795204359672996,38.9628275862069,3.3831260744985703,18.9088666666667,91.78592560848402,18.59477388183539,27.111336485187966,6.754082618380698,44.72847738436499,348.1046762317419,61.67711690068245,173.88626001775265,697.1134804189205,1255.4715853184462,52.0321074873209
1515,0.118266749100719,18.6085606060606,5.43341798941799,6.73682911392405,0.702497610921502,9.29947321428571,0.46979136400322796,3.0861983914209103,0.548909431939978,6.14203592814371,0.466136054421769,3.0685423728813603,39.3173333333333,3.20307344632768,10.6935353535354,76.52779989533877,14.79264496037176,20.223183177767833,6.7542030876715735,20.185610712526877,288.8733521103859,55.292993783950806,172.0181666314602,533.5545167326927,1238.5099194943905,48.194779083132744
1516,0.10208895736010301,18.6222,5.465295238095241,7.250151898734179,0.8316399999999999,15.594131578947401,0.32792419492733,3.1231405405405397,0.640453524641298,12.412891566265099,0.310522358302478,3.0912884097035,35.6376206896552,3.32695718654434,18.7367818181818,91.83086541592125,18.546354522855943,33.788305439293445,6.7542477944925325,37.253080911302575,500.0924225896597,58.422889560461044,243.76600049436092,843.1370370090008,1375.745516270399,47.00496792793274
1517,0.0982291649075403,18.616666666666703,5.46383018867924,7.39729496402878,0.7507881087919039,12.7837875,0.42831693198263404,3.19245706371191,0.747712418300654,12.759222222222201,0.448701353965184,3.16086920980926,32.1890357142857,3.48386577181208,18.6497090909091,84.62834308765261,22.448822132768235,27.23799833922782,6.788436896915484,37.49067052095281,345.57334147393703,65.27304649353027,207.24236965179443,647.8146649897099,1702.0498868077993,48.51026460528374
1518,0.105423579987195,22.9982307692308,5.467047619047619,6.10319473684211,0.80722974036192,12.5558313253012,0.46096322907861403,3.11698285714286,0.65886662850601,9.36051181102362,0.443844177372565,3.1214298245614,39.2052413793103,3.34771301775148,14.6276428571429,77.1391989716154,18.64455945376412,27.144409154194655,6.767307852760854,29.84063235910292,286.184623837471,25.523733347654343,221.79903462529182,564.0617106109858,1569.3177934736013,50.957780331373215
1519,0.102765797441156,18.663413793103402,5.4700424528301905,8.211606299212601,0.980936744186047,12.691333333333299,0.623525586995786,3.16299076923077,0.846379953379953,9.47309090909091,0.601226503210741,3.15079190751445,35.5864666666667,3.52533443708609,14.5896056338028,61.71833094555179,22.365239687202394,27.285499659381983,6.787329893824495,29.843866005573084,284.55527499318123,25.899242609739304,133.3078369498253,487.6295570284128,2505.6212209165096,51.2982252985239
1520,0.11805134936469601,18.597118644067802,5.48249197860963,7.35758450704225,0.8791640000000001,15.814712121212102,0.361785382059801,3.15385932721713,0.861956743002545,18.8986557377049,0.368427315753888,3.12836494252874,35.514468750000006,3.64730063291139,26.6837073170732,91.84954958233804,18.643913117549747,47.34141379560481,6.736498315928407,52.33712118918778,601.9916385412216,59.831421822309494,242.97605268657207,609.9855992943048,894.1770531237125,51.291193813085556
1521,0.119990929941618,18.6168474576271,5.509263157894741,7.34002142857143,0.7087997302764669,12.416086419753102,0.383106821963394,3.0798818443804,0.571132602739726,9.25728828828829,0.376864752680733,3.07888679245283,38.279407407407405,3.29380634920635,14.4895569620253,84.53283836465555,14.854829013994582,40.56913497043257,6.743084376870319,29.748380305380458,289.95429165661335,61.10463291406632,154.2078796774149,462.7551883459091,1194.2591052502394,49.79250952601433
1522,0.103123990669298,18.561,5.43975909090909,7.95801550387597,0.850142351274788,15.773176470588199,0.38248360107095,3.15967847411444,0.715315087719298,12.5614578313253,0.374689818181818,3.1450460704606997,32.612161290322604,3.30606194690265,18.599781250000003,76.95252992591766,11.125871300780197,33.924766644725665,6.764436452945598,37.13658870518165,402.29586884379387,60.05926989018917,181.91570416092873,648.4138779342175,909.4860404729843,46.277185901999474
1523,0.100713195966681,18.578734375,5.47715104166667,7.304128571428571,0.670286,15.742588235294098,0.227800618238022,3.1388087431694003,0.54321811556481,12.5325211267606,0.213445142296369,3.13153225806452,32.184999999999995,3.2913138461538503,18.888210526315802,76.88188202603598,14.827071979031807,677.6375275305984,6.763342985334634,52.25267063668938,472.36066311597824,25.781383737921715,233.56974124908447,630.2747875452042,1993.7618635594845,48.17177541553974
1524,0.11992052182639198,18.6275373134328,5.698640394088669,7.36956115107914,0.7612772277227721,12.4224523809524,0.459736489504243,3.0941249999999996,0.672071994715984,9.2726017699115,0.46415074566707,3.08172289156627,39.372400000000006,3.37910526315789,14.598825,68.99055993420914,14.831376804049809,27.02994315726124,6.757097746818232,29.693987557796547,288.49695809185505,27.48197875916958,172.39749431610107,463.37079256772995,1657.4781388044357,45.380135998129845
1525,0.106964160659114,18.4754179104478,5.471278538812791,6.70670786516854,0.749915,12.6321481481481,0.444440169133192,3.13804034582133,0.6200519323671501,9.43720491803279,0.4137143890094,3.11731436314363,35.668303030302994,3.3367272727272703,14.4070533333333,84.58524002209683,14.80515650662465,27.130152832082004,6.759115496043489,29.795545565659946,294.8577515780926,64.32817317545414,199.29679110646248,639.2046343535185,1663.9157198369503,50.85761658847332
1526,0.0853306377657357,18.456953125000002,5.40586976744186,6.71235294117647,0.794073,15.7399076923077,0.331736956521739,3.13962739726027,0.648818927444795,12.529632183908001,0.313376104846084,3.12780547112462,39.160407407407405,3.30748376623377,18.7398727272727,84.29751491085354,18.53935203663751,679.7522596734188,6.750743021519822,52.220392175480214,449.25245456397533,57.63783119618893,172.437634319067,634.5347501337528,980.0380561500789,58.30940790474415
1527,0.10612152429574301,18.1169375,5.462750000000001,7.325503225806449,0.6606716321243521,12.3947708333333,0.322920825631547,3.09973775216138,0.533519480519481,9.306549549549551,0.310656535851284,3.08091379310345,35.616437499999996,3.32519825072886,14.8935584415584,84.56365076305762,11.134877465161779,27.04898189866759,6.765288180863332,29.817377551575046,302.98903584480286,66.5654893964529,164.9362500756979,646.6126535087824,1164.0720535069704,48.0166170746088
1528,0.104450052854123,18.538396551724098,5.41191509433962,6.65186781609195,0.790197,15.6101447368421,0.295003732414585,3.12317325227964,0.620847447795824,12.5027804878049,0.284428469581749,3.11091152815013,35.7783125,3.41396142433234,18.8570740740741,76.64684832806888,14.872932251486136,48.73646190335229,6.770448707458335,37.47327955090841,404.1720647364855,25.996705517172813,242.74224415421486,630.7176779955626,1742.4240242689848,51.512010395526886
1529,0.12008614583333299,18.596813559322,5.50239150943396,7.41720833333333,0.918413675213675,12.4907441860465,0.568277238403452,3.09941887905605,0.8791964696853419,12.4522093023256,0.545123974475843,3.08815056818182,38.6835,3.5390712074303403,18.4381129032258,84.86922065342803,18.618948623859062,40.623281906926536,6.738084394331925,37.350839894625516,339.47015181183815,57.888077571988106,177.26141959428787,547.8895734995604,1540.250238031149,55.070314556360245
1530,0.106171101966164,18.6130952380952,5.570580838323351,8.033515625,0.818217665615142,12.4358804347826,0.465416137805984,3.09929696969697,0.694590992087645,9.287880341880339,0.440737673343606,3.08173156342183,39.0680769230769,3.26430061349693,14.6918717948718,76.82960129277554,18.733677138046616,27.06006927423316,6.737690031155043,29.629132193936137,309.138186275959,63.183438032865524,173.03363420069218,637.1856667101383,1438.1474815309048,51.56458355486393
1531,0.107710114899228,18.4501641791045,5.46408510638298,6.1012742857142905,0.45321490196078396,9.38813333333333,0.253745546514185,3.12200524934383,0.342547633495146,6.22690909090909,0.237519206939281,3.09559604519774,29.2260555555556,3.37729874213836,11.0441397849462,76.87961514577997,18.627984479299712,20.309492488159517,6.75025197400368,20.223988417077045,268.7714993953705,63.86269815266132,178.01779322326183,637.3969372361898,1259.0124271810055,39.96668383479118
1532,0.127210680679457,17.9386140350877,5.4305971563981,6.6562987012987,0.97706970260223,18.8923666666667,0.425471448965025,3.14782153846154,0.879616091954023,15.681904109589002,0.418659272727273,3.10860755813953,41.9800769230769,3.40576635514019,22.575380952381,108.11321596959378,11.152986776560375,47.66719713986217,6.768338753807902,44.93579531352987,392.4463875591755,62.932213768363,267.06578209996223,767.6533423364162,1230.9776619076729,58.04048851132393
1533,0.108621722846442,18.6103620689655,5.44534391534392,8.10958571428571,0.727325492689129,12.7666428571429,0.39714731304021,3.15074852071006,0.60046204620462,9.44895412844037,0.385803152246814,3.13314329268293,35.7077272727273,3.28035889570552,14.7944794520548,53.61442519454864,14.795171097191556,27.199370100249702,6.776148569397355,29.800995935674155,294.44494284689426,50.43456330895424,113.326171413064,372.956832870841,570.8360578864813,44.52723078429699
1534,0.118965481710459,18.5938333333333,5.4947834101382504,7.35445859872611,0.844188235294118,12.6977407407407,0.5012140396210161,3.18194585987261,0.822149606299213,12.6116506024096,0.474312706270627,3.1700436137071697,35.3216875,3.54449244712991,18.722375,92.40000193605199,22.389626978326145,27.323998432547015,6.810203976685934,45.14410309255566,337.7452492713928,63.86293098330498,171.24144360423088,461.76575124263763,1207.6215352863073,51.63359455764294
1535,0.117604148471616,18.611925373134298,5.45112234042553,7.41412056737589,0.728872060857538,12.633914893617002,0.37431149927219803,3.1492791411042904,0.7082258953168039,12.569804878048801,0.36213431403901497,3.1295773809523797,35.7078787878788,3.44800600600601,18.664428571428598,84.8788309309564,11.124269599939284,27.220718519180533,6.778679662153633,37.53710266922566,317.9588355123997,61.97667680680752,168.3056354522705,619.7819020599127,874.9383501708508,52.34982818365097
1536,0.109692077408318,18.580047619047598,5.45573096446701,7.41604968944099,0.756477829252151,9.49953913043478,0.559434961439589,3.1293647416413397,0.636433371958285,6.239878787878791,0.540743293246994,3.11421891891892,42.04716,3.32948991354467,10.6408411214953,69.32198014912036,11.14065507569484,20.4202745112921,6.777061123328219,20.285862871623006,208.94878543913364,65.91328419744968,179.82693389058113,477.0618863403797,1497.9011379182339,44.20829936861992
1537,0.126515689757253,18.61185,5.15185135135135,6.35231927710843,0.61828326670474,9.32237704918033,0.397056919642857,3.12909485094851,0.478454325955734,6.20797714285714,0.387508080808081,3.08731470588235,35.5145333333333,3.3083150289017302,10.715178947368399,69.40916424278313,18.504889976782778,20.327349164366773,6.761593670950037,20.24040401569983,307.6400142163038,62.09486164152623,181.1070367693901,565.4630251228809,1094.603631645441,47.91487008333206
1538,0.110127318249258,18.6240517241379,5.45661616161616,6.752069182389939,0.7091284224250329,9.375770000000001,0.509986620416254,3.09533903133903,0.596724444444444,6.21224864864865,0.477847280334728,3.08739083557952,35.530129032258095,3.31625663716814,10.934598130841099,77.11050709105228,11.14347869509114,20.293329896140598,6.754529470663294,20.210006155728408,207.600649446249,60.23682653903961,132.46373273432255,556.4962513744831,919.3181060254574,47.15071991086006
1539,0.105476268748716,18.574835820895498,5.46470744680851,6.73451461988304,0.689367995378394,15.8476153846154,0.253069496268657,3.13219672131148,0.571609483217901,12.5914634146341,0.25096530656774996,3.1151880597014903,32.221343749999996,3.32913157894737,18.8394193548387,84.44399467069954,11.125223625244617,34.03481597527642,6.766158760418694,29.912582446644855,390.89820347726345,62.516145408153534,200.20208321511745,710.0129034370184,1395.1850589364767,47.27407358586788
1540,0.117455894100194,18.3568666666667,5.453906735751301,6.10542857142857,0.7011113149847089,12.532599999999999,0.353502431610942,3.1219770773639,0.5537736665064871,9.34589565217391,0.342433713257349,3.09623850574713,38.5518888888889,3.36962974683544,14.8022285714286,76.89323783686446,14.813813447415239,27.17984415933238,6.756620867299582,29.9690710684679,300.0953234732151,67.67031736671925,162.62424178421497,567.7035544067621,1175.088481977582,50.98511464893818
1541,0.104201382572312,18.5778333333333,5.49365128205128,6.78817159763314,1.07683016983017,18.8645849056604,0.47581611857341405,3.12429539295393,0.9744909437559581,15.6309863013699,0.475594942324756,3.10817824773414,41.9687407407407,3.56967326732673,22.1643333333333,,,,6.774455291460765,,319.20624896883965,60.256943106651306,214.85621109604836,684.6434902399778,1295.2030636370182,51.92961543798447
1542,0.12291596015260699,24.5659111111111,5.45343654822335,6.67936363636364,0.6152861554297481,12.576164556962,0.286079127567842,3.12294262295082,0.48371917229729705,9.395858695652171,0.281041737856968,3.1005528700906297,35.5791071428571,3.08572117962466,14.624933333333301,91.93426647092356,18.66645502215995,27.082845448553716,6.749292756761588,29.735781848697403,287.00903058052063,65.15178829431534,161.87289729714394,627.2864993661642,974.4899813085794,43.44373010098934
1543,0.0877070822828329,18.592111111111098,5.51727807486631,6.67480346820809,0.5821301265822789,9.40232110091743,0.3821216,3.1309077380952397,0.472661157024793,6.23243312101911,0.38196905294556305,3.11558807588076,35.6727407407407,3.2374921135646697,10.7226031746032,38.11487790919176,11.11248576200346,20.35409817760517,6.779844923070489,20.31303209163362,285.6214065104723,55.286288261413574,81.32089860737324,301.6187343746424,471.5240094810724,48.68973046541214
1544,0.08756588364065,18.576820895522403,5.46285204081633,7.310184713375801,0.6119357525282569,9.37653097345133,0.406015037593985,3.10595166163142,0.49150557981562304,6.19922023809524,0.407271870286576,3.08997932816537,38.3502666666667,3.3592457912457903,11.094876190476201,84.2794340906944,14.852536180963824,20.3370763918201,6.778468904570227,20.251449557368428,293.10998506844044,60.51487289369106,129.42864559590816,631.1987992376089,822.8396065533161,48.381974920630455
1545,0.0870787307169691,23.665576923076898,5.4473597883597895,6.722193333333331,0.67935901826484,12.390592105263199,0.334903225806452,3.09856910569106,0.531360436291522,9.27225663716814,0.327401910828026,3.07858982035928,38.8089285714286,3.35632484076433,14.978225,84.34875186413002,11.093875398295273,27.06147028614291,6.74541367695996,29.68461478659394,304.6521916985512,63.247652724385254,161.27950511872768,547.5386511534452,881.3727647066116,47.86779172718525
1546,0.136541822056473,18.332984375,5.43344444444445,7.35536486486487,0.7095724932249321,15.687794520547898,0.27836043500776797,3.1383814713896503,0.598567279193835,12.473962962963,0.266509452736318,3.11410303030303,38.8802068965517,3.3094836795252203,18.8703157894737,61.48533917925478,18.622932888037948,33.87149154964898,6.781683830845062,29.907830054086848,422.36908338963985,53.1438272446394,170.71026377379894,468.46531331539154,649.1872016340494,54.99199032783508
1547,0.0875665032548421,18.582921875,5.47493582887701,6.11571657754011,0.69156155365372,9.414950000000001,0.45291907016788596,3.13364741641337,0.53220250231696,6.24362804878049,0.454582927908005,3.11188955223881,35.2747575757576,3.24516507936508,10.7311875,77.00895455749324,18.56733036645394,20.319672949965206,6.766385922331017,20.24240075778037,220.49229592084885,60.250842943787575,127.21247039735317,540.5907053500414,1159.4300623983145,43.58910955488682
1548,0.100674439110414,22.0304285714286,5.45757216494845,6.69301298701299,0.695663494221618,12.588184782608701,0.362212121212121,3.13510365853659,0.569933839479393,9.41905434782609,0.379624201561391,3.12364133738602,35.7205454545455,3.4307626582278496,14.9629154929577,76.3609506080215,11.108797453900676,27.14230015977669,6.754770319542835,29.948717011391963,285.5018712580204,58.71034227311611,147.68228866159916,541.2676371634007,713.8147484511137,52.93390713632107
1549,0.104345594959862,18.596275862069,5.492999999999999,7.10653642384106,0.860561609388097,15.6194848484848,0.388045072317524,3.1106027027027,0.747553594771242,12.4450454545455,0.38325497470489,3.09270933333333,41.9896,3.29682808022923,18.2907457627119,84.4853027381897,22.535068301841303,27.07635271637395,6.7416899456467645,37.01686656667526,335.3625535964966,61.66165694594383,191.1164727061987,623.8630507141352,958.3341889083385,62.50203587114811
1550,0.11528461241804899,18.5719047619048,5.49990217391304,8.09312,0.911694117647059,12.6425106382979,0.578639409426462,3.15069117647059,0.907340694006309,12.618,0.578959595959596,3.1725399449035803,38.5110666666667,3.5736512455516,18.7286181818182,92.18401452811341,14.859985163656404,40.8999812984375,6.781878009423124,37.24776094158545,326.0549623519182,62.13150918483734,214.16065283119678,693.6938036233187,1377.61146761477,51.78200080990791
1551,0.119489656047722,18.6751694915254,5.45635680751174,7.40158064516129,0.790244322092223,12.59525,0.415324551355479,3.11505962059621,0.62588090010977,9.4242380952381,0.410627889060092,3.09008549222798,31.858352941176502,3.3787,14.8313461538462,92.43811987434343,18.670471776540587,27.153544347545864,6.784239293518818,29.854562617902843,283.1482794135809,54.82877604663372,218.0009614676237,619.3208042532206,1376.0765083134174,40.35318270325661
1552,0.123612864992996,18.5876818181818,5.4353015873015895,6.71895266272189,0.8008203342618391,12.5214315789474,0.47337643810400404,3.1139255952380998,0.8122,12.5528837209302,0.510290129611166,3.09936390532544,35.61928125,3.40927333333333,18.5773818181818,92.39959003929515,14.865012828568243,27.07681328971576,6.742947876500956,44.77107660525153,332.0980351418257,65.78397005796432,186.7960672825575,716.4949085563421,1242.0048005878925,50.55489018559456
1553,0.0903888217000691,18.6037166666667,5.45923115577889,6.65647770700637,0.975156844106464,18.909894736842098,0.42329144981412603,3.15105917159763,1.0179204545454499,18.8541639344262,0.388057712860705,3.13371967654986,38.8967692307692,3.648425,26.629475000000003,77.22060460646325,18.67599664909884,47.65829656701822,6.802666131420207,44.99245903862505,548.5083442181349,51.431404426693916,219.21121515333652,620.16686424613,862.1242363005877,53.52180451154709
1554,0.105680876734366,18.60834375,5.494833333333331,7.38605109489051,0.725124666666667,12.6703076923077,0.41147714514835604,3.14362574850299,0.600505882352941,9.47106611570248,0.40548108872393096,3.1150237388724,32.0718666666667,3.28266184971098,14.413625,76.85448349408585,14.799207625385776,27.18729695022734,6.767288430747729,29.940613434210185,283.96258130669594,53.95752377808094,191.898038610816,471.41662798821926,1318.1783724576235,47.26420156657696
1555,0.10680105441161801,17.959015625,5.45617098445596,7.365783439490451,0.806040644171779,15.596179104477601,0.356158749616917,3.11340058479532,0.69722878479294,12.4456588235294,0.341782811459027,3.07811497326203,35.56390625,3.3584603174603203,18.876685185185202,99.72400136741352,18.65136876502861,40.53350162818463,6.731746055423709,44.64679933968054,347.4319353699684,63.552940264344215,225.2408303320408,721.08362801373,1262.0350811630487,51.62227898836136
1556,0.10403202750384499,18.6030625,5.48347169811321,6.70056209150327,1.04383433133733,15.75584375,0.48020677518697796,3.1650461538461503,0.826961070559611,12.5632,0.460820083682008,3.1511936416185002,35.600218749999996,3.53387460815047,18.704983606557402,92.72507517363448,18.62408990048171,34.048596908537746,6.8010537707845256,37.43613114189864,391.94156415760517,26.815198361873627,200.64678974449635,616.8598309159279,2143.7598392367363,50.643179565668106
1557,0.12575962596259602,18.7154126984127,5.444275132275131,8.02734375,1.02023278985507,15.5911230769231,0.531375939849624,3.1128411764705897,0.867089887640449,12.4338481012658,0.502139569049951,3.08992749244713,38.5351,3.44139879154079,18.7266774193548,99.9085861209331,18.57904874209349,33.912532795230874,6.8032442199937835,37.313162479313945,523.9752121269703,65.63551723957062,189.34826366603374,726.8550340086222,1105.724647641182,54.49471063911915
1558,0.117714671564391,18.587734375,5.46612834224599,6.72714814814815,0.6024316263365219,9.47640833333333,0.39243119266055004,3.15196273291925,0.474104569420035,6.23410857142857,0.38199781738814104,3.1148742514970102,35.5939,3.32913623188406,10.865180952381001,76.79279449952283,22.425734776578008,20.30374716564651,6.7672168086815,20.308109726819783,311.5077503025532,65.02685137093067,127.56315991282463,466.5900953114033,821.0270665585995,47.09931090474129
1559,0.08709904453164989,19.277701754386,5.486489247311829,8.187280000000001,0.6946282438141219,9.35321978021978,0.48708510638297897,3.10543333333333,0.5737356006582559,6.189656626506021,0.471453770197487,3.11146756756757,32.398812500000005,3.30695321637427,10.5805363636364,46.10764887582787,11.121589951152178,20.310991252643735,6.763064724433152,20.261179506752754,217.7511341869831,24.535413831472397,106.65669105947018,390.3503529727459,1653.1940083950758,47.26620391011238
1560,0.10412982027569401,18.6248103448276,5.4442487046632095,6.756056497175139,0.8112230538922159,12.726585714285699,0.47876172782164406,3.15043657817109,0.7007583230579529,9.50702479338843,0.463283826879271,3.13230952380952,32.325625,3.4180201342281897,14.7494935064935,69.34958895702222,18.56553582158577,27.192524129332224,6.785007172003322,29.99267899716972,294.88964937627316,24.195527657866478,185.04303880035877,474.8314619064331,1875.6297416985035,47.9178037494421
1561,0.08516055080014891,18.5890701754386,5.44691780821918,6.70149019607843,0.6737419354838711,9.43787301587302,0.453559254855331,3.12947524752475,0.5522091235263971,6.25373913043478,0.464265511684126,3.13843956043956,32.4075833333333,3.28933333333333,10.719607476635499,69.1449357667027,18.578012765371472,20.378885587333944,6.783376085358201,20.331775657291487,219.11379881203175,28.672022745013237,172.5509762763977,426.0383080691099,2158.975787460804,40.05180671811104
1562,0.0850298420615129,18.556757575757597,5.41716915422886,6.6964011627907,0.6720037059913531,9.662008264462811,0.449870696893367,3.1711481481481503,0.541461936090226,6.33867955801105,0.442523476112026,3.14832328767123,28.931,3.31397360703812,10.920481132075501,93.08152111671824,14.926100872532297,20.422489428459805,6.783170789218667,20.346233956887794,245.04153989255425,61.23143248260021,131.6450536251068,469.30359676480293,984.9336929619312,43.59767772257328
1563,0.10554724485836199,18.5960344827586,5.47103141361257,8.02933823529412,0.776942207792208,12.6045348837209,0.41944345812427597,3.14414794520548,0.622477482365708,9.39143801652892,0.421924597364568,3.1212462006079003,42.132962962963,3.45358445945946,14.7812911392405,77.003550740442,18.649670513434298,27.129229185705846,6.756346937844829,29.866456752715685,305.3518012166023,57.077640667557716,164.31021504104137,564.5440425723791,750.6951224058867,50.91121420264244
1564,0.09118350497159089,18.4714029850746,5.45749746192893,6.09834911242604,0.623729347826087,12.6144615384615,0.291586241780475,3.1471671232876703,0.509353086419753,9.41998,0.284559273422562,3.12069647696477,32.3213783783784,3.33282769230769,14.690358024691399,77.27890781499637,14.849080468489483,27.13753512903232,6.753498806390312,20.313494043373225,415.87031446397305,60.43771281838417,205.4731361567974,467.6908254623413,1150.6547220051289,43.83069463074207
1565,0.105583438378745,18.159631578947398,5.54470476190476,7.3970652173913,0.716986972704715,12.5368292682927,0.37370089858793304,3.1216246648793597,0.574211308097748,9.319451327433631,0.35342664211172503,3.1080231884058,32.2159428571429,3.2787746031746,14.6468428571429,84.27435459678229,14.804059518898228,27.049391152853993,6.749955407457439,29.73105479419043,282.01863169670105,60.58863364160061,179.15945500135422,564.9564322084188,1160.334562882781,43.379515409469604
1566,0.101397168405365,18.593600000000002,5.46352659574468,7.364223776223779,0.490709357277883,9.381834782608701,0.30070631209818804,3.1490598802395198,0.370214929679048,6.21479289940828,0.271470766894457,3.12543567251462,32.2821764705882,3.25403418803419,10.8702336448598,53.61935351022603,14.813313401413634,20.286728213789715,6.783979636947189,20.308796679772467,301.15824192762375,25.009596720337868,150.8102286607027,462.3181652277708,2216.5749687701464,45.28956487774849
1567,0.10621468144044299,18.5993880597015,5.45291351351351,7.46497826086957,0.701542944785276,12.6203157894737,0.402216353677621,3.12465994236311,0.611953919491525,9.39756896551724,0.384310868031052,3.1006761363636404,35.49546875,3.3224253521126803,14.7197014925373,76.94569383540724,14.729699928381153,27.16253603284432,6.759837178310557,29.739955372981335,295.7514952868223,56.40638992190361,145.89685015380383,536.7884412407875,725.5120668560266,51.28360353410244
1568,0.104888758896363,18.6129538461538,5.47324479166667,6.79616129032258,0.983223,15.8315735294118,0.433582037996546,3.1518211143695,0.916750192159877,15.7864310344828,0.412187061574435,3.13539189189189,35.4123448275862,3.57028025477707,22.77164,84.34482543415487,14.790009436979219,47.52406010820321,6.7854996684085185,52.56470026101238,429.00159023702145,25.529833510518074,260.4772336781025,698.9795248955488,1769.1928893327713,59.31379273533821
1569,0.104858629508775,18.4497666666667,5.43483684210526,8.052076923076921,0.534129464285714,9.55182568807339,0.33690047393364897,3.17938699690402,0.409696875,6.3233950617284,0.318446396123562,3.1610588235294097,35.5436875,3.1091550151975698,10.8027127659574,61.45369887958664,22.425428206651308,20.467636504310576,6.803648045242851,20.348378884725697,296.7404667288065,58.834441006183624,127.92167253792286,315.41562639176846,707.7877409756184,47.69931547343731
1570,0.102252848252753,18.148,5.46568367346939,7.34638,0.788542372881356,12.6759891304348,0.430909090909091,3.15561432506887,0.6286993424985059,9.47436666666667,0.41669056298096396,3.14417002881844,35.6292962962963,3.3454228571428604,14.8544285714286,84.20982505409144,18.560680484095876,27.147232883327842,6.783614452642589,29.84186769340373,392.9604310542345,56.73016421496868,154.18450348079205,543.1994330137968,896.141491830349,48.13559353351593
1571,0.0847685354121745,18.6053103448276,5.447972602739729,6.75688,0.640440224159402,9.43781081081081,0.429132407029015,3.13053825136612,0.49413097426470604,6.25615846994536,0.422610029009532,3.12054069767442,32.5868108108108,3.1921677852349,10.5483888888889,69.3226422807975,14.748643165215167,20.34109114203269,6.783838116146404,20.296769840828276,188.1768461316824,62.41989322006703,185.59033051133156,543.2012490928173,1309.604337438941,43.73062402009964
1572,0.12554578754578802,18.54735,5.47783510638298,6.7877,0.833953883495146,12.5451097560976,0.48879317434210495,3.12110714285714,0.9525745033112579,15.627175675675698,0.45481098039215695,3.10477945619335,38.4615483870968,3.7632754098360697,22.3336956521739,92.44309735346667,14.81992183699558,40.781993867013384,6.7690632332893035,44.87018236285016,398.305244743824,65.5605923384428,227.29411721229553,705.8946881443262,1075.409445911646,53.259776905179024
1573,0.0888186,18.578742424242403,5.1499577464788695,5.76514606741573,0.6760837004405289,12.5231627906977,0.338437148772552,3.10945231607629,0.5423690601900739,9.320843478260871,0.320732339791356,3.09457670454545,32.266909090909095,3.31639755351682,14.4656081081081,83.90635178735751,14.836731982414445,27.163528601762643,6.762180805714917,29.858879476214007,300.0644501298666,65.06475619971752,161.39079816639423,472.84592874348164,1244.2658189684153,49.38957281410694
1574,0.11922880333443,18.422515625,5.4483475935828904,8.616634920634919,1.04847105788423,21.917652173912998,0.308665361445783,3.10891711229947,0.9073079237713141,18.782780000000002,0.287472916151373,3.09600810810811,38.9939333333333,3.65004501607717,26.1408695652174,84.38633271066867,18.641607894689297,40.79295718210428,6.734840539140323,52.067720615920734,533.0941639840603,62.61137314140797,227.1491102874279,635.4201585054398,969.0790437161922,54.64586429297924
1575,0.103422573499799,18.606873015873,5.44865079365079,7.45478260869565,0.672114379084967,12.5585866666667,0.35927072402938104,3.11172,0.560818561001043,9.35916363636364,0.344740951742627,3.0938347826087,35.6915666666667,3.19480327868852,15.0130746268657,76.74476337826748,11.113214435547611,27.11709625979388,6.748040585027767,29.73340671143144,288.93942944705486,56.769512593746185,201.35464146733284,612.1664308011532,1577.3878432810307,43.77630539238453
1576,0.08699659297395519,24.5571363636364,5.49230808080808,7.39887769784173,0.700715936739659,9.34292682926829,0.492535094962841,3.09838211382114,0.5733280000000001,6.1918010752688195,0.48004101838755303,3.07902395209581,35.425419354838695,3.37952063492063,10.585029702970301,76.8811255240397,14.785606855184664,20.282658900926098,6.767759846066963,20.24918551686132,230.68338632583618,62.70720623433591,156.29064291715622,409.62016209959984,1568.339066579938,43.946970254182816
1577,0.132747885338346,18.5941186440678,5.47077142857143,7.29029166666667,0.882262186115214,15.8119864864865,0.429270216962525,3.14459248554913,0.7354197707736391,12.545021978022,0.40966303121474196,3.11496060606061,38.7043,3.622940625,18.9676393442623,92.31754888226251,18.58986173674987,27.126828237606308,6.7567403598076305,37.22220869839876,354.9110144376755,60.04422903060913,207.5369469821453,641.8735720217228,1314.901653677225,54.65680733323097
1578,0.087059189235224,18.589084745762698,5.45606392694064,7.33931756756757,0.553582636954503,12.4828139534884,0.23188516640952198,3.09672162162162,0.440534013605442,9.3311,0.217515162860352,3.08018393782383,35.654,3.31431055900621,14.8056756756757,84.1107285066371,11.114608854676206,27.17313835430613,6.756000581085169,29.743398978640833,339.96389247477055,69.22585889697075,203.3100463449955,634.4173103570938,1151.8110055476427,51.3704027980566
1579,0.116534040956363,18.614603448275897,5.47796682464455,8.05769230769231,0.9702502360717661,18.9147962962963,0.307355222190773,3.13673208722741,0.943602380952381,18.811203125000002,0.30521449507061,3.11812759643917,39.200233333333294,3.78597666666667,26.9120263157895,84.98229255346091,18.64450120104157,47.44382329980589,6.768172622750816,67.41687038891396,471.4570473879576,59.97242406010628,207.47976377606392,770.7263343036175,1257.9831760376692,48.4514981508255
1580,0.115963948787062,18.6139682539683,5.49777435897436,6.073765957446811,0.616633333333333,9.50653333333333,0.430953518679409,3.15169018404908,0.5147144913627639,6.2852743902439,0.412140344827586,3.13420749279539,32.176972222222204,3.24139726027397,10.8203727272727,84.80202734504773,14.817638989869062,20.423811948805945,6.7894845159426715,20.374970118690943,214.57546390593052,63.62390704452991,181.67775124311447,551.1509720236063,1081.6233698278666,49.01946522295475
1581,0.088366288625904,18.591101694915302,5.43587113402062,6.710976608187139,0.663149035651666,12.8237362637363,0.33454367666232104,3.16272941176471,0.539011369253584,9.50880165289256,0.31792733564013803,3.1460061349693302,35.638687499999996,3.39517721518987,14.991842857142899,92.43263864583975,11.143685946919737,27.25648073882937,6.783491633607301,29.737963788307592,298.3418758958578,65.00124000012875,153.85914593935013,637.8648336976767,1083.2669213414192,47.74467088282108
1582,0.11550231755955599,18.5600517241379,5.53591346153846,6.79254437869822,0.706463563992652,12.5039565217391,0.352316872427984,3.12554447439353,0.55964013671875,9.32710434782609,0.36105753968254,3.1003499999999997,39.3423793103448,3.40547115384615,14.9430746268657,99.71006963676616,18.573238191502696,27.15742006332763,6.7718117391134784,29.798173794362924,330.5655438452959,56.24736659228802,195.8628185093403,623.9932496100664,1314.6540150046349,50.83181895315647
1583,0.08531722162549231,17.7589508196721,5.46613131313131,6.096416184971099,0.585704568527919,12.499655172413801,0.24412310606060597,3.12525815217391,0.446959201388889,9.33286324786325,0.24172271045328403,3.10244385026738,32.2235277777778,3.11112931034483,14.8313333333333,84.17064925437468,18.618108689945196,27.037245927764868,6.756974629498208,37.13119917539834,278.32132764160633,62.247272580862045,161.68146394193172,482.2574555873871,1287.4586507678032,45.57347856462002
1584,0.119613752913753,18.5826379310345,5.43235106382979,6.086553571428571,0.67272263681592,12.4665542168675,0.338962962962963,3.1027197640118,0.540062353492733,9.25533333333333,0.33680359212051,3.08071810089021,35.81821875,3.26342056074766,14.8217083333333,84.3320321654163,26.326091677945712,27.062155125775874,6.755700569945722,29.858984328483828,291.46107845008373,65.74681028723717,198.90908151865005,626.8784403800964,1161.3052804023027,43.69812086224556
1585,0.118517684556858,18.5770526315789,5.46156872037915,7.37277931034483,0.7760462762111351,12.793784946236599,0.453073535887274,3.18181382978723,0.667316592498411,9.509654867256641,0.44168958245466,3.14570392749245,35.58475,3.3548221574343997,14.788904109589,76.83962239634764,14.90756328638923,27.211509247508435,6.76780357999415,29.814221990927674,394.20584216713905,58.839330449700356,205.8994024991989,621.2153006345034,1653.0794091522694,44.525181874632835
1586,0.0868916589199696,18.598301587301602,5.42986243386243,8.56174166666667,0.708100118483412,12.4859024390244,0.362456698240866,3.11014880952381,0.576530201342282,9.36301739130435,0.36382753164557,3.09194690265487,38.94375,3.30650337837838,14.775,84.15609399144805,11.122327364466987,27.123969086915025,6.766282059204651,29.823765267095595,421.14555835723877,63.23265843093395,153.3973030745983,639.0122696757317,811.450881883502,47.326693311333656
1587,0.12205888397903601,18.6069538461538,5.48787980769231,6.727030075187971,0.900661,12.5722637362637,0.542893781207444,3.14567029972752,0.891718567860117,12.4801505376344,0.5262916876574311,3.11844956772334,38.4674814814815,3.5442685185185203,18.2188793103448,84.49620884402151,14.840109883168724,27.096661231324738,6.756807121455532,37.13756625122553,452.58859172463417,63.905864953994744,169.98988576233387,801.7460815608501,1262.2484471648932,54.906681180000305
1588,0.0979173561670194,18.602931034482797,5.48973404255319,6.76614193548387,0.756406,12.5834523809524,0.39260545524394896,3.11008814589666,0.598270026525199,9.358875,0.38297787318362,3.11389696969697,35.74440625,3.26837620578778,14.69565,76.9122008308917,18.59388985787309,27.124115393342098,6.74855114210499,29.741430777081355,377.4198703467846,57.245418429374695,189.28488716483116,565.1220679283142,719.187268987298,54.610008373856544
1589,0.0906988771991866,18.61405,5.43756060606061,8.75239166666667,0.939045633359559,15.7867246376812,0.48960543063216,3.15022131147541,0.807494002998501,12.5938804347826,0.485290681502086,3.1262256097561,38.9099,3.49564564564565,18.6966,91.79030714571144,11.109345132459127,33.839429438547725,6.770467088110071,37.33314930717994,402.96297520399094,60.201575979590416,240.07982574403286,563.2448010146618,1408.9024160057306,59.54769439995289
1590,0.107295782167645,18.582873015872998,5.4475504587156,6.71265161290323,0.761941611234294,12.4654395604396,0.422550775193798,3.09833333333333,0.611881327334083,9.35295,0.387648383581547,3.0838413597733703,39.3716538461538,3.3560790273556202,14.8956025641026,69.21790175494408,18.596812009526918,27.11030552195046,6.762528147680385,29.754653241841936,347.8335216641426,25.99642612040043,174.67644065618515,478.4089978784323,1717.6300287246704,47.41181619465351
1591,0.107930063485562,17.7234237288136,5.45364361702128,6.727915032679739,0.626762804878049,12.5284615384615,0.316204896531623,3.1091192411924102,0.516610581092801,9.36756692913386,0.29831615026048797,3.08847289156627,35.6157058823529,3.27339828080229,14.8529125,92.17040127721458,14.827668846363892,27.10784558291813,6.752013548174609,29.858388844309662,293.15133579075336,65.05697965621948,163.19993883371353,615.6191695481539,888.0900219082832,44.53198052942753
1592,0.12165008860011801,18.7084615384615,5.4835614973262,8.01,1.29829329962073,18.9700555555556,0.491596788990826,3.1692416918429003,1.2421211031175101,18.838803278688502,0.47895123084068697,3.13418390804598,42.3445416666667,3.88958174904943,30.5295161290323,116.01147572521442,14.84594446884374,40.72915907569409,6.787147194390345,59.93876172237897,499.1838242858649,62.29528225958347,276.37118473649025,689.1723722219467,1458.4373217076063,51.64453759789467
1593,0.103377018325904,19.2840322580645,5.4696179245283,8.05730281690141,0.803662406015038,12.670074468085101,0.42080766062603,3.1490930930930903,0.64296996996997,9.43623770491803,0.435809726962457,3.12901902173913,32.4437352941176,3.32913333333333,14.8027974683544,77.13283065083932,18.634896055491957,27.146327999988827,6.768833318731368,29.987208060029083,339.31685611605644,64.04062733054161,198.40686582028866,637.8193385899067,894.5719804614782,57.64998495578766
1594,0.101378977440646,18.575499999999998,5.46301421800948,6.32223255813954,0.718903327055869,12.4594268292683,0.400156835040622,3.1133021978022,0.845004830917874,15.5371594202899,0.377988276299113,3.09355764075067,35.446,3.49361988304094,22.6443962264151,,,,6.753354635550255,,405.4212011396885,59.11015905439854,118.29221621155739,455.25371097028255,555.4030183702707,55.90049549937248
1595,0.0881485675072911,18.586920634920602,5.4330377358490605,6.0902994011975995,0.715219,9.39508,0.504884698742956,3.1198658536585397,0.587361811631498,6.22710465116279,0.490617502054232,3.09921987951807,35.523545454545506,3.25916216216216,10.5364351851852,53.43648407548773,11.100977791651513,20.30743109699748,6.765098810642321,20.259159630902566,200.06434060633183,25.276048108935356,140.83916321396828,532.7841732650995,2081.865631043911,47.286506742239
1596,0.12436562579984599,18.48440625,5.47598387096774,6.76574482758621,0.915156,12.589169014084499,0.558485436893204,3.1429755351682003,0.774443083573487,9.3541171875,0.553556418219462,3.11893597560976,31.822733333333304,3.47035836177474,14.5968536585366,76.5002528641831,18.502637631739013,27.162893523517194,6.761283030466658,29.618075725383562,285.95104813575745,55.696163326501846,175.96338875591755,490.56648276746273,1661.9331669062376,40.170084685087204
1597,0.09924412577747059,18.145984375,5.4396,7.34513571428571,0.8720045420136261,12.5718,0.5198083371091979,3.13640298507463,0.738778339350181,9.37498165137615,0.48763369108726107,3.134,32.436142857142904,3.4803944954128396,14.4822933333333,45.77398966430014,14.758750844755687,27.119535111964115,6.775981926411699,29.7769863611737,284.82917696237564,27.038762345910072,114.48622681200504,375.909311696887,459.2462442815304,48.57140593230724
1598,0.115889010989011,18.608984375,5.41779381443299,7.407360000000001,0.5786092460099059,9.46247747747748,0.36712384669978704,3.1206409495549003,0.445078355314197,6.26910429447853,0.34855063075349496,3.1045722713864303,39.375,3.18892121212121,10.8786631578947,84.56207672231115,11.15247386606105,20.333587888163304,6.7644438082403875,20.271268411540554,305.9010487049818,59.890374541282654,191.16164185106754,552.995502948761,1440.7925307750702,54.34993654489517
1599,0.0938262853418072,20.2916031746032,5.1324394618834095,6.32849704142012,0.670362,12.6089166666667,0.301305730809674,3.15299384615385,0.5154417204301079,9.411063063063061,0.292505232090153,3.11928963414634,32.3362972972973,3.2640125391849497,14.5549113924051,84.75902654532668,18.680916797774042,27.18911896374368,6.768300839753273,29.89446369702539,380.8721899986267,53.566042333841324,150.16826801002026,616.0868797451258,1307.6742645353079,43.88242959976196
1600,0.0836175,18.6128103448276,5.427084210526321,7.33995945945946,0.716709215442092,12.477880952381,0.378217488076312,3.12241463414634,0.712041122715405,12.472228915662699,0.362956956956957,3.10342,32.0168,3.37966885245902,18.8780806451613,84.64458172596962,11.13589755467154,27.1155684365491,6.761308297133984,44.701705350720914,333.52021127939224,25.232788175344467,165.99399968981743,462.72757463157177,2143.419813364744,47.72460088133812
1601,0.0872299923618773,18.6232711864407,5.4850588235294095,6.09468862275449,0.614421795595709,9.53328,0.416217531305903,3.15907807807808,0.502722780935724,6.3092747252747206,0.399467312348668,3.14105205479452,34.8617586206897,3.28800318471338,10.7695979381443,69.35523530259908,14.773026602089937,20.406580762443394,6.79917087177035,20.424502970638958,183.54970961809158,58.283936232328415,164.99683260917664,471.41225077211857,976.4970745891333,47.12347872555256
1602,0.119768907142142,18.1553,5.48682446808511,6.1639378238342,0.796470404984424,12.5737692307692,0.498945516945517,3.11765454545455,0.668212140175219,9.32816935483871,0.492239176124422,3.109,31.8110833333333,3.29150949367089,14.598192307692301,77.05426165502878,14.90659563335309,27.20340350829495,6.7715784240065915,29.86138883555205,273.84222485125065,64.99728187918663,157.14028850197792,614.4278682768345,1565.5490104109049,47.28678613901138
1603,0.10471333272411601,18.5086379310345,5.46811055276382,6.75140909090909,0.6190015535991711,9.49847787610619,0.3969203710862,3.15707124010554,0.487095989761092,6.31529281767956,0.39399933642999296,3.1460366972477103,35.3279666666667,3.27256462585034,10.6550654205607,69.20882888458053,11.118151487074517,20.446446753992827,6.793844245112275,20.33088805625605,189.1101710498333,24.946173653006554,147.26249501109123,392.51972921192646,1485.467329621315,45.84379494190216
1604,0.116318301225919,18.6197936507937,5.39817368421053,6.94275609756098,0.9682118644067799,12.4383658536585,0.6038251256281411,3.09529333333333,0.7773071428571431,9.31758536585366,0.580262006403415,3.08165395894428,25.557288888888902,3.31444252873563,14.4823373493976,76.82110615433848,11.129164669430166,27.098442029583133,6.758612957768658,37.368233075915434,194.04147751629353,58.945128694176674,143.06255616247654,517.0804914087057,1045.8494536578655,37.61379048228264
1605,0.0847010665685914,18.5763880597015,5.42363402061856,6.08028402366864,0.588496354458777,9.406674603174599,0.366035153797866,3.11825203252033,0.45902655986509305,6.22546486486486,0.354230313795145,3.10445,35.4723571428571,3.23238871473354,10.7101962616822,69.16824481871015,11.091403073373485,20.293245358023423,6.744646548612625,20.228198748332993,194.85154189169407,62.23563104867935,146.3566441088915,392.15628057718277,1131.1203707009554,37.11879253387451
1606,0.11923733770031598,18.56815625,5.468989304812831,6.70400666666667,0.7033841877702279,12.582280487804901,0.38347050037341296,3.10666666666667,0.5762903593839129,9.36991379310345,0.381821523178808,3.09115584415584,35.0233333333333,3.3865606936416204,14.732769230769199,76.96108439314267,14.873642123956856,27.08209532950263,6.762072425795668,29.839195189500977,277.0565450191498,62.172580510377884,171.28498293459415,468.73828396201134,1134.9564883857965,47.812703996896744
1607,0.10412770920400401,18.5897666666667,5.47506666666667,6.1348502994012,0.5774907146876761,10.3879285714286,0.389475985663082,3.1196220930232603,0.451913854351687,6.19383636363636,0.361640428211587,3.09227051671733,34.9976206896552,3.2763815028901697,10.855279999999999,69.13655491420172,11.084904762303557,20.285807901254422,6.774860433491762,20.282302814894987,190.68201072514057,60.85755303502083,154.52811494469643,386.27111352980137,1143.575320020318,44.30990666151047
1608,0.11897043979812501,18.5760862068966,5.44528723404255,6.78980952380952,0.618873746312684,12.4334880952381,0.286114159046827,3.10083513513514,0.6135259082787371,12.437698924731201,0.27281482418416403,3.07760778443114,35.9305862068966,3.24241246290801,18.5723214285714,84.61516942243176,22.354759850944074,27.02802197366396,6.739826501639573,44.64891207033266,284.47089716792107,25.798054412007332,169.78220082819462,540.7362710684538,1910.369237884879,47.59668372571468
1609,0.102414061800269,18.8260967741935,5.489942408376961,7.35429285714286,0.7398569595894801,12.694450549450499,0.40753711457936803,3.15249855072464,0.615040576615056,9.43251754385965,0.40090044781260803,3.1339462686567203,28.9828888888889,3.29714906832298,14.8348481012658,76.95138297761368,14.827167912364594,27.14870667599669,6.765292147403817,29.800379042673335,233.55521261692047,57.48383700847626,146.03715389966965,539.9962421506643,1458.520907908678,40.58969207108021
1610,0.0848188051702396,18.155734375,5.168694581280789,6.444437499999999,0.6297008858780611,9.45468253968254,0.39973465637633204,3.13395135135135,0.49546402550091106,6.2498773006135,0.36857097004279604,3.11343323442137,31.913437499999997,3.30281449275362,10.8784105263158,69.14897552267746,11.08812994604918,20.348671321439408,6.787907916657515,20.286633185637832,241.7098730802536,25.827856734395027,157.93838538229465,394.2700568586588,1575.4123218357563,41.09572619199753
1611,0.109554822148882,18.144250000000003,5.43492929292929,6.06561256544503,0.763628681177977,12.6916382978723,0.454231909328684,3.1624660493827204,0.6592206466250711,9.413477064220181,0.412539478655081,3.14074052478134,35.247379310344805,3.41920414201183,14.735333333333301,53.64060575347482,18.5216653898904,27.23131059236705,6.774773707717205,29.708186542968335,239.11925964057446,26.61324106156826,158.04716385900974,384.75519977509975,1538.2234938442707,44.3887896835804
1612,0.103487584215592,23.6533829787234,5.45698936170213,6.0839947368421,0.697938031591738,9.38127868852459,0.467278881232266,3.1187249283667597,0.557980048661801,6.2665792349726805,0.457476942783945,3.10538211382114,31.9391818181818,3.28081230769231,10.6637835051546,84.75657827128478,14.854990509611648,20.312582904713828,6.766061682369909,20.23111757774105,250.93359872698787,69.08383220434189,152.11948193609715,614.8975342512131,1382.141187787056,47.89680242538452
1613,0.0847045875997742,18.601359375,5.43754404145078,6.763629870129869,0.607770408163265,9.43702752293578,0.398736384898096,3.13071036585366,0.486652671755725,6.24276363636364,0.385251657824934,3.11420771513353,32.270567567567596,3.14043251533742,10.6820196078431,76.65309493013108,11.138357139428113,20.33118239400117,6.764337994483154,20.32730235136738,195.17876207828522,60.31510420143604,139.82467353343964,391.34654216468334,976.7648298293352,41.03626124560833
1614,0.08688970144752721,26.233333333333302,5.448790000000001,6.73301960784314,0.754399469143995,9.45296,0.5285264248704661,3.12403343465046,0.6130794844253491,6.21244324324324,0.511847419928826,3.10399096385542,35.1017931034483,3.28642574257426,10.6761368421053,92.53070191624995,11.116374194567415,20.35386987966679,6.76501350118451,20.297123525457827,241.5626309812069,60.568004846572876,178.4131396561861,615.5973765999079,1298.8910544663668,49.07487891614437
1615,0.0889602237414543,21.282019230769198,5.4581380952381,6.68401242236025,0.513764574988874,9.46099074074074,0.29353781512605004,3.14207894736842,0.38403172504957,6.25783888888889,0.29943756585879905,3.1302638522427397,35.283470588235296,3.2988973509933803,11.001820754717,53.509143215511436,11.1101151660683,20.418994830487225,6.789049790511281,20.37990371482879,236.2382598221302,60.84823980927467,99.45826604962349,379.3083131313324,645.8224728703499,40.475791320204735
1616,0.118112205128205,18.601603174603202,5.67376243093923,6.72028758169935,0.868403,12.5178043478261,0.50348224852071,3.11770121951219,0.708928698752228,9.34407,0.516449061662198,3.10932336956522,38.178214285714304,3.36815,14.7257042253521,68.92324444792041,18.644513686502748,27.043690963547643,6.753019895653009,37.323719596641176,329.32572066783905,58.61036479473114,143.9887098968029,549.6634170413017,1261.5290004760027,43.71758550405502
1617,0.0862042737597131,18.618450000000003,5.499146226415091,6.1164920634920605,0.7765752869682649,15.538270270270301,0.34785530328702097,3.10585175202156,0.672013100436681,12.3872409638554,0.335502447451771,3.07766577540107,28.641783783783797,3.55851202749141,18.9292786885246,84.24457517337491,11.08970597028972,40.58720530948008,6.745932074648379,44.569770951760795,354.23231311142445,26.40201710164547,169.8428299278021,605.9993989765644,1624.743826687336,50.58818496763706
1618,0.0915576164874552,18.6069365079365,5.47789583333333,6.10785789473684,0.800501347708895,15.7964333333333,0.354848748261474,3.1393149847094803,0.6681283547257879,12.4947052631579,0.336910433070866,3.11956402439024,31.952281250000002,3.49578135048231,18.7562258064516,84.35395085847662,14.820440526643836,33.84222865380494,6.780515657310803,37.3977270842375,339.8520406335592,23.839715868234634,177.2180199623108,611.1213006079197,1884.0821459889412,51.74437537789345
1619,0.0838313089339939,18.5743125,5.1610351758794,6.44587150837989,0.794170798898072,12.5335494505495,0.44980737165423396,3.10884319526627,0.659992072480181,9.326256410256411,0.445551123160341,3.09058139534884,35.3329655172414,3.2667606060606103,14.7366478873239,76.97296718792474,14.7735628492263,27.163607558271845,6.7697058000798,29.863014335922287,345.57925537228584,60.77662110328674,170.30644230544567,639.1445174813271,1166.2516742944717,43.71418617665768
1620,0.12041665728756301,18.6352413793103,5.46375845410628,6.13231746031746,0.8134101592115239,12.4350434782609,0.48701158460901894,3.10125683060109,0.675634098360656,9.27266666666667,0.449609172873383,3.08232218844985,32.0200833333333,3.40847766323024,14.829141025641,76.83340003341898,11.12286322021674,27.076685106161595,6.7762491406015855,29.891545831312857,370.026845484972,23.0385921895504,166.9859979301691,458.8107578456402,1234.4291899353266,49.660587683320045
1621,0.106293215950285,18.581500000000002,5.45177168949772,6.74779532163743,0.974142727272727,15.8436944444444,0.47491284191006,3.15857103825137,0.7959638183217861,12.5294861111111,0.436228838792003,3.12189430894309,32.0772424242424,3.50986018237082,18.5999821428571,84.4170726297279,22.431630758263026,33.93564348456331,6.785743237365895,37.40469569492597,389.1791682690382,26.076938956975937,207.36264996230602,538.5878495872021,1629.0309838950634,52.91909910738468
1622,0.116777518987342,22.7096923076923,5.428915,6.69916374269006,0.971994545454546,15.488520000000001,0.527604203152364,3.09859710144928,0.85354881050041,12.3743373493976,0.501635148042025,3.07630085959885,32.0731388888889,3.523,18.7151639344262,76.37927090527434,22.429715856785567,33.90077183196865,6.765884316600592,37.22103169129338,441.35176576673985,25.124847888946533,209.66380834579468,632.0485845208168,2006.207499653101,47.359708696603775
1623,0.089854411321891,18.5821875,5.46474479166667,6.67473248407643,0.751469204152249,12.5081428571429,0.4209209896249,3.1219240121580603,0.616243274184316,9.35309448818898,0.39058912386707,3.10352162162162,32.104875,3.29829239766082,14.5809397590361,84.6407161469252,11.101285628755672,27.129293251916057,6.781995943457904,29.750822086616367,323.9009063690901,62.8114677965641,149.7525256127119,551.1321127414703,972.6221673190594,45.30893638730049
1624,0.10265090874847001,18.5843220338983,5.47924193548387,6.10902808988764,0.765174010455564,15.656830769230801,0.28689555618454604,3.12641369047619,0.7564611973392461,15.6408939393939,0.277397097311444,3.0921976047904196,31.997764705882403,3.5355777777777804,22.5539615384615,77.18256132940664,18.62830996421778,33.93065584281066,6.755275262032017,44.91735140025825,339.72100354731083,24.648010730743408,190.78967161476612,612.6576568931341,1975.0598352402449,48.06178621947765
1625,0.10422016929098,18.605609375,5.4549417989418005,6.10598974358974,0.873308692120227,12.597475,0.511469004065041,3.1368610354223403,0.694382683410443,9.40092,0.475752270850537,3.12538378378378,31.791343750000003,3.39215568862275,14.618202898550699,77.34651264426839,18.65946372828478,27.1706953550512,6.789448358160705,29.906737977427344,318.15427355468273,56.9178257137537,195.73494791984558,457.23007060587406,1626.9431915134192,47.227321192622185
1626,0.0916885560983423,18.4189333333333,5.45839195979899,6.665104575163401,0.8048440366972479,12.5383870967742,0.463589887640449,3.1294237804878,0.796848821081831,12.4989462365591,0.43337773359841,3.1128730650154797,32.1081379310345,3.5586024464831802,18.538137931034502,69.4990587460836,11.181247962210534,27.197843451838697,6.77919511822797,44.90857568360483,271.2264657020569,26.39777958393097,166.13034531474113,471.7285744845867,1990.1830703020094,51.834993064403534
1627,0.0897030429409947,18.5345166666667,5.44087272727273,7.32464335664336,0.925008481110254,12.5690947368421,0.5589479824987851,3.13406865671642,0.754557184750733,9.407009174311929,0.535846116027532,3.13271341463415,35.3060689655172,3.39185430463576,14.2388117647059,68.97221944096573,11.12293618035583,27.23955666939811,6.800751782648443,29.705470101852658,198.47569055855274,24.659885093569756,174.9190967530012,457.46341347694397,2160.1096261292696,51.804911345243454
1628,0.0881452778857365,24.047782608695698,5.46641706161137,6.06903550295858,0.611367748802554,9.40077049180328,0.417377152899824,3.12084756097561,0.48278631402183003,6.25248947368421,0.397867357166722,3.1073913043478303,28.560175,3.40905647840532,10.971096774193501,77.07176189746717,14.923567324774071,20.28487176424294,6.764492418567545,20.257416276438576,159.78235751390457,64.0669371932745,125.7704570889473,469.71249394118786,1097.8871025145054,40.45162349939346
1629,0.08707972800679979,18.5781875,5.43314893617021,6.68943506493506,0.702434048083171,12.6256931818182,0.381408605737158,3.14569113149847,0.595963227222832,9.401741379310339,0.376390022675737,3.1291367781155004,31.9096176470588,3.18415588235294,14.6401506849315,77.00843429950498,14.837395229266551,27.23753502312622,6.778443909086904,29.937136826659426,309.626292437315,58.39243531227112,144.00663785636425,543.9433734863997,982.0553939789534,51.154615357518196
1630,0.0784376010470398,18.4954333333333,5.46903191489362,6.66887577639752,0.6981073085846871,9.240784,0.497889174154899,3.0766314432989703,0.56201037463977,6.12254970760234,0.47071993670886103,3.0555546218487404,35.065375,3.30950470219436,10.6235727272727,61.36089993977141,11.097467588714991,20.264493725209874,6.736481676868879,20.215980782497354,199.30768758058548,64.76328708231449,110.6844749301672,377.88422778248787,802.664877846837,39.85860385000706
1631,0.100938334504568,18.47315625,5.45603703703704,6.07678609625668,0.5803130287648051,9.50467256637168,0.363981376262626,3.15480758807588,0.43477849056603796,6.27027027027027,0.34816286742651503,3.14061963190184,38.896307692307694,3.40815568862275,10.8868526315789,68.88556481057441,18.550544797435787,20.380580865400393,6.769529482192563,20.231036529574446,206.70020021498203,27.28165127336979,146.90151438117027,390.3966397047043,1242.7860870957375,43.665384873747826
1632,0.0894305674144221,18.488716666666697,5.4668510638297905,6.68113636363636,0.894979096989967,15.6799393939394,0.424884297520661,3.09992432432432,0.7616647356987689,12.44046875,0.42430689531975696,3.08077039274924,31.9178823529412,3.54093006993007,18.82825,76.80490191981895,14.829252260699077,27.12237868374384,6.746669888866888,44.70489402927771,281.41713701188564,63.02525289356709,178.15320752561092,546.363415196538,799.3204519152641,51.148422062397
1633,0.0889985670110868,18.5189166666667,5.45044761904762,6.06977514792899,0.5933156266116559,9.490740740740739,0.356838189708617,3.1504570552147197,0.452547270306258,6.28448913043478,0.352067692307692,3.1362713414634102,28.844625,3.2860960960961,11.0211720430108,76.89340909905012,14.88489305149412,20.352924087474435,6.768533074304191,20.32030953522683,209.76499654352665,62.60434165596961,177.6637975126505,483.5412371903658,1012.6676410436631,45.00150680541992
1634,0.102022844904515,18.61053125,5.47646276595745,6.6889607843137195,0.6451649831649829,12.5975222222222,0.31748361934477404,3.12589504373178,0.517533739218671,9.402956896551721,0.31219532163742697,3.10571428571429,32.0231176470588,3.30477976190476,14.870323529411799,92.00763572614838,18.534263745214385,27.162405215625068,6.769745262047655,29.798157976117682,279.123242944479,63.33715282380581,170.75594514608383,456.2235902994871,1470.4718720167875,44.184038415551186
1635,0.08721424,18.4980625,5.48286338797814,6.6969294871794895,0.429151266766021,9.50475229357798,0.224609958506224,3.16059894459103,0.320164610207515,6.282451219512191,0.215822178217822,3.13895148247978,28.720274999999997,3.22386477987421,11.0019902912621,69.30426517355303,11.144854762869175,20.35335788337092,6.776465163183628,20.28324946431381,118.53547766804695,62.80839443206787,144.86336149275303,540.4605530202389,1059.678802266717,37.25183196365833
1636,0.0893214285714286,18.6010625,5.43963492063492,6.12486170212766,0.5365970541820091,12.548747252747301,0.219061033838489,3.1231157270029697,0.415157981124333,9.40281147540984,0.21134796866460198,3.1026559139784897,32.072352941176504,3.31634218289086,14.8758734177215,77.02828580487824,18.680403851744728,27.132073295065638,6.773773681176802,37.30336921941906,327.61450856924057,57.647284120321274,160.06547957658768,540.8748053014278,789.2276626080275,50.86949095129967
1637,0.09114987829994381,18.5779850746269,5.49726701570681,6.70302547770701,0.608846290801187,12.5220537634409,0.295984053497942,3.10645562130178,0.49806212251941295,9.33927642276423,0.27281794321164404,3.08902011494253,28.735725,3.28540453074434,14.898868852459,84.67177115173656,14.82469085710816,27.13094752832605,6.7677759857417366,29.887848352420246,326.32816582918167,64.00099955499172,157.3203131556511,557.8872282058,1074.2643382400274,47.20641300082207
1638,0.0964128950695322,18.4947,5.163263959390861,6.3913277777777795,0.7059878296146049,9.36639814814815,0.53302556077204,3.10721165644172,0.604724066390041,6.19764705882353,0.509229111697449,3.09961781609195,35.076529411764696,3.1094662756598197,10.4859615384615,46.140538488053586,14.83341359041757,20.275796132919087,6.7455316774026315,20.21444267220808,201.45601592957973,25.114137679338455,119.58437971770763,300.6577491760254,1452.7230057865381,43.720100075006485
1639,0.0870343903186275,18.1362686567164,5.43726130653266,6.6828125,0.678901936289819,9.437008,0.486304140885293,3.1347123655914,0.566560948703806,6.24389696969697,0.473784249384742,3.12881097560976,35.7171379310345,3.21309090909091,10.6522037037037,76.68851736081383,18.621929665658346,20.312000590764303,6.784346612478814,20.27807803024978,198.62772896885872,57.79811181128025,166.0950481891632,469.4724455475807,1600.5178447812796,43.43441687524319
1640,0.08537165998664001,18.5825,5.42330150753769,6.0755251396648005,0.941211,12.615652173913,0.604574556830031,3.1354447761194,0.798859027777778,9.41676851851852,0.560840175953079,3.11709226190476,34.8084545454545,3.40705678233438,14.5704507042254,76.86610093669688,11.074842879477334,27.201305267356606,6.7695901195718085,29.87856928266921,204.73822951316833,27.182279154658318,179.4793177396059,455.5738531053066,1322.312280535698,46.016182750463486
1641,0.09642571837869719,18.4102537313433,5.4478465608465605,6.72858,0.670692508143322,12.496175824175799,0.361630411826822,3.10759337349398,0.555479293208172,9.33200909090909,0.348987662782728,3.07521957671958,35.067666666666696,3.3732586750788602,14.8725890410959,84.30286387677644,11.106313504869282,27.113279326259622,6.747930311800966,29.833679233668843,200.84194839000702,65.26610814034939,125.114805996418,462.5282250344753,872.5584484636784,48.29308018088341
1642,0.099846880207369,18.4831746031746,5.44284360189573,6.63452903225806,0.789198358413133,12.628679012345701,0.42575595959596,3.15312947658402,0.625985884907709,9.46706349206349,0.411425436814303,3.13207631578947,32.0652941176471,3.28905466237942,14.7554285714286,76.71520550154773,18.729796315888063,27.15356597204816,6.763721417714509,29.91019760625197,230.54038174450397,59.33544598519802,158.63198786973953,542.0278292149305,984.9677793681623,44.14208233356476
1643,0.0853646191294387,18.611448275862102,5.4694627659574495,6.7332156862745105,0.5898519388954171,9.506123893805311,0.38634615384615395,3.15512307692308,0.456937056737589,6.30458011049724,0.39086165577341997,3.13854573170732,31.961343750000005,3.23793965517241,10.7109019607843,61.66691121934151,14.87817509296445,20.39334096008418,6.795420334613964,20.39366649928208,117.2708347439766,64.39513526856899,102.70490311086178,389.24352265894413,633.1488024443388,39.79201428592205
1644,0.101332690824981,18.6244912280702,5.45289361702128,6.7169883040935705,0.667773081924577,12.647362637362601,0.350355916615573,3.15644478527607,0.558866339334424,9.43949586776859,0.34090564971751397,3.1368262195122,31.736656250000003,3.4283021148036297,14.901434210526299,76.43522185743232,22.310996478009116,27.21373109125782,6.807369454071889,37.350297820884535,356.9836262613535,62.479451298713684,174.9211922287941,620.571244508028,1313.5415501892567,48.05861972272396
1645,0.0883603375527426,18.589515625,5.48209183673469,6.68144171779141,0.683861180904523,9.445611111111111,0.469715555555556,3.13392987804878,0.5468669046404889,6.241127272727271,0.460581620314389,3.12008670520231,35.240888888888904,3.37284076433121,10.8357222222222,53.74926856124247,11.119518970215484,20.415922386815176,6.787200515657261,20.348372233083246,189.251359552145,25.178445503115654,126.58936902880667,309.47960913181305,1886.789919808507,39.965519681572914
1646,0.0991577945122479,18.425859374999998,5.44319095477387,6.67194409937888,0.613851351351351,9.341304347826089,0.39684454244762996,3.09805729166667,0.48999465899753497,6.1749312169312205,0.387302076356329,3.07856349206349,31.812567567567598,3.4269263803681,10.889907407407401,68.80435212429107,11.120348796297819,20.272017722015224,6.7347822436914555,20.16562158845669,241.6178584098816,53.922366350889206,124.58274140954019,467.041926458478,1346.530532464385,39.8517120629549
1647,0.106180871764935,22.957958333333302,5.485478723404261,7.32522142857143,1.01862210338681,15.711970588235301,0.5195272078501341,3.13274183976261,0.857788079470199,12.483091954023,0.5160472779369629,3.12067477203647,31.617757575757597,3.46117320261438,18.733948275862097,77.24350723966356,11.147351155870728,34.144123909163945,6.798514606936606,44.801122001656545,375.8650738745928,62.78944201767444,199.79551434516907,535.9610076993704,1304.5294675976038,53.90578880906105
1648,0.115807820388871,18.107599999999998,5.4795023923445,6.67114534883721,0.491088319088319,9.4445737704918,0.287934592227696,3.15249079754601,0.371963765541741,6.290306748466261,0.281295326142784,3.1274890710382497,35.1856176470588,3.28911781609195,11.0683679245283,76.96158094937927,11.091800170812148,20.349344183537404,6.769755363290494,20.30374316156247,192.09994934499264,24.71543848514557,151.66597440838814,385.28768345713615,1383.7790116667747,48.182811588048935
1649,0.08345973570854931,18.596813559322,5.15139189189189,6.46647798742138,0.685388,12.5493488372093,0.41289201124046604,3.1265759162303697,0.5745663667041621,9.36755,0.37351146037983,3.10836474164134,35.2116666666667,3.28889728096677,14.8383164556962,76.78654025098601,11.081448988502256,27.114610406901676,6.7602585743525365,29.885729235263693,281.24689124524593,63.99364210665225,146.03883028030396,488.4231835603714,1349.699217826128,45.03922536969185
1650,0.0910330885529158,18.541609375,5.44532242990654,6.71763313609467,0.671922398589065,12.6389625,0.344856185048609,3.13886575342466,0.553781233243968,9.43504724409449,0.329193436960276,3.11944376899696,35.4801666666667,3.3463597733710997,14.5764430379747,46.032565579579234,11.141038150317707,27.177291500984442,6.768825874624051,29.747078288745712,196.0553228855133,49.775466322898865,97.70789183676243,293.0381800979376,651.5195593237877,44.91182044148445
1651,0.10473023967363601,24.88364,5.4418181818181806,6.64210126582279,0.630292270531401,9.44499122807018,0.406704493526276,3.13416120218579,0.522324506283662,6.24968292682927,0.404623676248109,3.1393536977492,32.0542222222222,3.29654469273743,10.7603113207547,54.00702486503325,14.865017031648192,20.37302901940662,6.775836162372642,20.351759718567738,188.22290003299713,60.76544523239136,123.55917133390903,452.55906879901886,560.9112791717052,49.11641590297222
1652,0.0889768866383535,18.602045454545497,5.4754898989899,6.67204093567251,0.928089047195013,15.756621621621601,0.5079338164251209,3.12507356948229,0.830400911161731,12.531743902439,0.471116872427984,3.12101215805471,35.000558823529396,3.4872179487179498,18.5710714285714,69.42345320469862,22.401228866380958,33.9016038989472,6.768458574786931,37.53702585144895,413.45125064253807,27.96705812215805,185.36369316279888,551.3629410415888,2305.4618388414383,48.14290441572666
1653,0.106304058027838,18.6182166666667,5.49147340425532,7.4271376811594205,0.481665098777046,9.39517355371901,0.275036044581456,3.12143188405797,0.362276970954357,6.2239027027027,0.267698098463141,3.10001179941003,31.9006470588235,3.1078419618528597,11.0042844036697,68.88254073150433,14.856532343474699,20.30748113694745,6.7627306059331955,20.29471130890097,194.6722622960806,57.78777413070202,141.71293005347252,452.9540427029133,974.5586663484573,44.67000253498554
1654,0.11612046968499501,18.604847457627102,5.1868232323232295,5.85456111111111,0.7273238636363639,12.6174823529412,0.35991014799154303,3.1187434402332403,0.545225153085257,9.4559537037037,0.357310410094637,3.1031027027027003,42.3867777777778,3.27608955223881,14.9921733333333,69.1770917824314,11.073379040534963,27.174649136994695,6.7667464714459875,29.88843390700391,274.3749413639307,26.09025686979294,144.38102953135967,454.80956323444843,2090.682927519083,49.678003415465355
1655,0.106814453513836,18.5509375,5.774077669902909,7.34205714285714,0.701221007893139,12.6152394366197,0.345909470304976,3.14235779816514,0.5552635342185901,9.42409009009009,0.338113276089828,3.12425073746313,32.16096875,3.37294788273616,14.9458115942029,61.627126429437155,11.1413371170856,27.136486949698835,6.76597625361356,29.94944553112828,268.78882199525833,25.045964866876602,157.32902102172375,457.12077990174294,1724.4345508515835,43.99302415549755
1656,0.0892497016706444,18.504030303030298,5.43724,6.6937134502924005,0.662790976584809,9.37494736842105,0.461702259636686,3.09763855421687,0.557900540540541,6.21085454545454,0.458318272690924,3.0930325443787003,28.7239166666667,3.3988685897435897,10.8034504504505,76.83590565346651,11.163735620764834,20.275732492103103,6.7667888231065545,20.304123163837307,236.31607182323933,61.15259602665902,143.1317999958992,394.9063830077648,1551.2768179178238,36.976905539631844
1657,0.101144959464223,18.6265172413793,5.451802139037429,6.081136125654449,0.489027096774194,9.36587804878049,0.278731445849368,3.1066278409090904,0.359083697688944,6.18672043010753,0.269782719481121,3.09300849858357,31.869027777777802,3.28508933717579,11.0422476190476,77.08430345590222,11.07976801270797,20.287947896865244,6.76276824632369,20.25387498634215,181.75733275711536,63.01989778876305,153.33262272179127,469.96925957500935,1197.0315594226122,40.99719226360321
1658,0.0872532442892919,18.5932424242424,5.48631313131313,6.771806451612901,0.6280801152737749,9.32158260869565,0.426576633165829,3.0976426666666703,0.507488556338028,6.16573053892216,0.394996537129665,3.0836676217765002,31.7556111111111,3.35555270655271,10.905473684210499,69.21405315813678,11.127202228238996,20.303895393012457,6.781348452571314,20.229149793467965,233.42040367424488,24.37555231153965,138.75989243388176,454.65677976608276,1380.3778681904078,43.69029775261879
1659,0.0888182719312737,18.593328125,5.44460804020101,6.09219047619048,0.602629669156884,9.39945945945946,0.40608130081300803,3.12335365853659,0.507362790697674,6.23225153374233,0.399341387373344,3.11571802325581,35.064303030303,3.27805921052632,10.8213820224719,61.72657254346511,11.14929553050768,20.339784641726656,6.775451944271582,20.29740659268406,195.98258659243584,60.318224132061005,126.08179822564124,407.2165582329035,1077.6812676340342,40.57232290506363
1660,0.10479798391202501,18.5817288135593,5.39213756613757,6.68405,0.8052670118343199,12.488475609756101,0.49188779803646604,3.14698347107438,0.815559011164274,12.4750760869565,0.442936367142306,3.10441463414634,35.0847741935484,3.4398771929824603,18.7549642857143,76.73789580431477,18.495937307160972,40.74626213186047,6.753948266244355,44.80155160364111,299.28297735750675,60.60628220438957,171.01699486374855,542.1547684818506,1312.4964199960232,48.93350414931774
1661,0.118702161828289,18.5754090909091,5.48527659574468,6.14034269662921,0.8175349761526229,15.855657534246602,0.35829448233106,3.1497768115942,0.68541067146283,12.666882352941201,0.33097655819084404,3.1312173913043497,32.3244444444444,3.56171299093656,18.8497368421053,84.4973699810082,14.799702716389149,34.17703099177877,6.7886348785822,37.49117281687099,337.3024985194206,52.883801981806755,174.9428454786539,627.6587955653667,1142.8586672991514,47.43840545415878
1662,0.103583416402356,18.604873015873,5.44459895833333,6.74367763157895,0.5940360360360359,9.387424999999999,0.35399105490438,3.12782727272727,0.427555106539309,6.19524,0.329736762020694,3.09094579945799,35.662962962963,3.31961419753086,10.915914893617,69.01949155747197,11.100034243852415,20.32502979417595,6.766253598493919,20.229127027217547,192.9766032844782,62.60424852371216,122.1658196300268,397.46761322021484,1324.1845648735762,40.6073871999979
1663,0.104852147239264,18.540649122807,5.47548404255319,6.74503846153846,0.651842550790068,9.47418348623853,0.440448979591837,3.1599768115942,0.542952853598015,6.25939024390244,0.432224351747463,3.14222677595628,35.48800000000001,3.20046571428571,10.773326732673299,53.92305200174139,14.759722827801655,20.364375507097694,6.785896326012388,20.339984086725078,186.65133975446224,57.21738561987877,106.73133656382561,372.1651155501604,461.00104227662086,45.54172046482563
1664,0.0871890877136923,18.5689322033898,5.46168527918782,6.70840909090909,0.663740580605312,9.36335042735043,0.44706732418524897,3.1113527696793,0.5287785016286649,6.22008536585366,0.43735405291894197,3.0972909090909098,32.2408648648649,3.44063696369637,10.9502079207921,61.15741923306426,18.600777578928472,20.304076294524076,6.747991975714575,20.23951787990583,237.68735118210316,26.71726979315281,129.77784499526024,469.55980360507965,1418.0216006934643,39.97469320893288
1665,0.10835890121500301,18.61096875,5.4747380952381,6.67462745098039,0.73789,12.4793793103448,0.406196014640098,3.11108181818182,0.6288720043572991,9.297008064516131,0.385588235294118,3.10670085470085,38.5106451612903,3.2007011173184403,14.5374303797468,84.41857392004604,11.12855231971219,27.121712434431217,6.759998069670753,37.236117893192095,241.46935902535915,63.630472868680954,173.41990023851395,476.71343199908733,1174.6794451028109,47.97680303454399
1666,0.09046749999999999,18.581078125,5.46736320754717,6.83749101796407,0.543290505432215,9.335063636363639,0.341084553928096,3.0991692708333303,0.424943449959316,6.174807228915659,0.323830095590503,3.08148275862069,32.383676470588206,3.14362390670554,10.77378125,69.27916454891029,11.11973880799449,20.287185203589303,6.758861108645282,20.276293902536363,242.3092257231474,56.500546634197235,175.50247721374035,463.4430631995201,1585.3478107601404,39.13911059498787
1667,0.107262641036356,18.5863636363636,5.47753886010363,6.728151315789471,0.812309448818898,12.5833536585366,0.43777515015015,3.15309202453988,0.6495,9.44976984126984,0.44204862306368303,3.1304119402985098,35.309151515151505,3.4416067796610204,14.645014925373099,76.93796722094663,11.080630356077846,27.170714153119757,6.7748782185315255,37.31781671986231,291.2214957177639,60.441624373197556,146.0134983062744,540.8081226050854,1199.3753258138895,44.196704402565956
1668,0.0818813904329445,18.581516666666698,5.470462264150941,7.3624225352112695,0.471696132596685,9.38751612903226,0.266473227565692,3.1110162601625997,0.34455604026845604,6.20455151515152,0.24988077461502597,3.09312702702703,31.9619705882353,3.1662521739130396,10.9432446808511,61.052609546128956,14.873260477535748,20.30557402461119,6.749189832200596,20.22857230257665,193.94801929593086,60.28600037097931,102.55547240376472,393.0988721549511,834.4694040715694,40.887901559472084
1669,0.0908607494020728,18.14755,5.46603333333333,7.3323821656051,0.6102047619047619,9.36586956521739,0.390029490616622,3.10995151515151,0.475647795823666,6.20086144578313,0.377525641025641,3.0965584045584,32.0875,3.22679810725552,10.959773584905701,69.14455100976897,18.580921019948537,20.270981694495287,6.750296514452749,20.252737428589775,240.4828555881977,63.63382562994957,146.02188020944595,542.1529058367014,887.2837293893099,55.008381605148315
1670,0.0911854309687262,18.611362068965498,5.45907978723404,6.69003351955307,0.522337557019767,9.43198165137615,0.30596322751322796,3.10784894259819,0.396979288784682,6.2502762430939205,0.296772439585731,3.09278614457831,32.0988055555556,3.2654539877300603,10.9212424242424,61.79287742793626,11.133142226849444,20.37238346251151,6.758547706813956,20.323516633082228,258.0428496003151,25.201542302966118,124.34953823685645,392.84517988562584,1307.0841319859028,39.897579699754715
1671,0.118420533880903,18.5713620689655,5.46586473429952,6.68055813953488,1.17604669703872,18.74142,0.590614678899083,3.10817914438503,1.0464287169042799,15.5598311688312,0.59662215320911,3.09851524390244,38.2474074074074,3.66316077170418,22.4400980392157,76.63758387097892,18.559426636022934,27.08676533350246,6.750928217809785,52.229373350679644,343.6989616602659,27.825310826301575,201.29303447902203,547.9034036397934,1904.9520138651133,51.397085189819336
1672,0.112854968567332,18.610296875,5.12914778325123,5.79320388349515,0.622887323943662,9.385868852459021,0.394544609025146,3.1179485094851,0.47154723926380404,6.22979881656805,0.371555252387449,3.10749855072464,35.021677419354795,3.1790712250712296,10.8081454545455,76.8510500836413,18.52158734716546,20.324167945439264,6.765370697288224,20.282757171348294,213.21363747119904,27.152011170983315,180.07280305027962,453.6800552159548,1643.9232975244522,45.38879729807377
1673,0.114664672392164,18.61146875,5.1935649999999995,7.15018243243243,1.20580388151175,21.99775,0.293476523197317,3.14643251533742,1.22624912280702,21.9962093023256,0.278402507676561,3.13027462686567,29.1281794871795,3.8111304347826103,30.7251764705882,92.37108201739831,14.860699020179231,54.25461253066791,6.776936057615036,52.24242452514111,524.9130539596081,56.89598619937897,229.580607265234,622.1222225576639,1547.595951706171,44.15949806571007
1674,0.100134554973822,18.5734827586207,5.7416648351648405,6.78313245033113,0.728265396825397,12.4023333333333,0.385524731182796,3.12525068870523,0.58648221574344,9.26800806451613,0.37283687457162396,3.0818544474393503,38.7103928571429,3.4054380403458198,14.914671641791,76.64008441233925,14.837954902112028,27.058613170169018,6.7771819613467175,29.773668382453955,376.85101851820946,26.251887902617455,160.93221493065357,448.7513564527035,1300.8820358663797,53.246086463332176
1675,0.08738897743477901,18.6100298507463,5.4769414893617,6.11463095238095,0.803603921568628,9.43233606557377,0.547296411856474,3.12932653061225,0.6252451612903229,6.23333720930233,0.5344248526522589,3.11205198776758,31.751916666666702,3.3824485049833903,10.8674907407407,61.379847229398834,11.125033336648483,20.336490386253384,6.771490804520814,20.23868697796772,222.55307994782925,25.451695546507835,124.47610497474672,466.8201319873333,1648.7578861415386,43.57611760497093
1676,0.102959961785652,18.600199999999997,5.465689839572191,6.13048404255319,0.81102,12.4516931818182,0.491284807448159,3.10260483870968,0.689430790006752,9.322162601626019,0.469702726092601,3.08314021164021,31.880529411764698,3.49847352941176,14.5347183098592,68.90566500134769,18.49415812639285,27.100655619459037,6.74511017995884,29.549830715324315,297.14065603911877,26.355311274528503,145.31542547047138,525.0405054539442,1704.142102971673,44.407881796360016
1677,0.104623654842567,18.1696666666667,5.47745070422535,6.12269047619048,0.653242496998799,15.470208955223901,0.20898363530099398,3.0811261261261302,0.5356572008113589,12.3628493150685,0.207892036124795,3.07095280235988,35.2237666666667,3.4400500000000003,18.9476896551724,76.4220770523036,14.80785731193711,40.53592549337108,6.736084828343192,37.06543154223809,291.0090610384941,63.68490867316722,166.71521589159966,626.1524744331837,879.8209019005299,47.62527532875538
1678,0.118170470262794,18.355875,5.424510000000001,6.68332026143791,0.5813070866141731,9.393165137614679,0.382448756218905,3.11631720430108,0.450422203879488,6.21590853658537,0.364738507661559,3.10344986449864,25.5760212765957,3.1636934097421197,10.5895057471264,76.67274796876305,18.600623950593718,20.29110008170371,6.767768826955359,20.30126693704253,222.82283753156662,63.3816234767437,164.18094746768475,459.379144012928,1081.8869806826115,38.062408566474915
1679,0.0856700258182727,18.485500000000002,5.55915568862275,6.708947712418301,0.61775704989154,9.41510091743119,0.437465730097914,3.13393093093093,0.50409756097561,6.24638787878788,0.420143743159431,3.1379918699186997,32.122675675675694,3.34160942760943,10.878412371133999,76.93405210583725,11.1487942725998,20.34638361703897,6.756226615702157,20.29970161786238,189.34211693704128,59.53260697424412,148.17481860518456,538.6337637901306,1060.1775720715523,43.8271090388298
1680,0.102309538461538,22.063541666666698,5.48822380952381,6.6931625,0.867258662369057,12.5621375,0.536649229332088,3.14169277108434,0.723164,9.423020000000001,0.543185044959773,3.12486809815951,35.0849090909091,3.45714662756598,14.5888701298701,77.24309380119642,18.658876007208118,27.176092834840276,6.778395902881713,37.39406065130574,353.722320869565,28.562499210238457,177.86561511456966,636.1821666359901,1837.123418226838,44.34739239513874
1681,0.103748717461524,18.577875,5.46128426395939,6.12512941176471,0.68692972972973,9.29791869918699,0.47070138888888896,3.0882222222222198,0.553519783197832,6.15108108108108,0.457068391056554,3.08143975903614,38.2145555555556,3.36212881355932,10.9442340425532,68.80264799336756,11.07297719035758,20.215470164722504,6.736890838701166,20.25301121325689,191.20578654110432,59.503596276044846,140.8656593412161,397.54416793584824,1157.3212686926126,40.88389687240124
1682,0.0996080579279614,18.5555,5.47862303664921,6.6871082802547805,0.588797034764826,9.55191111111111,0.391322966507177,3.16389473684211,0.472965020576132,6.31966279069767,0.372927726675427,3.16264772727273,35.6299310344828,3.22164525993884,10.7582782608696,61.46365928385228,11.13718905914766,20.341277349938064,6.781796765551286,20.33947974609391,124.58995915949346,62.49565631151199,126.15048326551913,392.50021800398827,988.8713713735342,44.175609946250916
1683,0.0876387965567204,18.5909253731343,5.42986528497409,7.302115646258501,0.791442382057231,12.495195402298899,0.46215258620689703,3.10075602409639,0.660145653425446,9.30139,0.446443688907777,3.07949408284024,38.5142222222222,3.31209967845659,14.6709240506329,77.09578313742776,18.456098790774508,27.041318931507796,6.746743633995938,29.65624298010016,313.8359636068344,59.21982228755951,149.68696050345898,480.9807986021042,1201.2704275548458,44.56019960343838
1684,0.117299268404207,26.2700888888889,5.16806532663317,5.80564942528736,0.744907165109034,12.6012747252747,0.45102055094009597,3.15247852760736,0.653140495867769,9.40369298245614,0.419682078559738,3.12857184750733,35.46575,3.30711746987952,14.5856376811594,54.031626209218075,11.121131508283987,27.122984963903427,6.7980143791869585,30.00845793314596,288.31236995756626,26.99769102036953,184.78650599718094,456.4996808767319,2279.2819887399673,42.38458350300789
1685,0.0824636393018746,18.160157894736802,5.45278672985782,8.04363970588235,0.77878895612708,9.39514754098361,0.5765707839819519,3.12584482758621,0.686717933491686,6.24556284153005,0.556729701952723,3.10193215339233,35.2966363636364,3.3797050847457597,10.7495137614679,61.35843308675807,11.092357825760462,20.32417405142893,6.780397342781611,20.284030424606186,159.99800525605679,25.424594059586525,143.0266536772251,382.91621021926403,1710.7442021369934,48.21727052330971
1686,0.102371405750799,18.577101694915303,5.478197860962569,7.36012195121951,0.45918729903537,9.30521818181818,0.26987965474722597,3.08145224719101,0.35091696869851696,6.14412169312169,0.25805,3.07262686567164,31.9530588235294,3.23689428571429,10.8812391304348,91.93813569437684,14.92430866842899,20.27119576693331,6.732276119955575,20.216953629649108,241.6799310594797,60.75059063732624,163.80916349589825,611.5419324487448,1203.496428206563,47.96059802174568
1687,0.126315491571306,18.58865625,5.47413829787234,6.36839572192513,0.5559328235936649,9.489269565217391,0.348939412299303,3.15663692307692,0.441329613733906,6.27197674418605,0.338594094743673,3.13830303030303,35.7118620689655,3.13963157894737,10.85621875,77.23417254253836,14.862101412294566,20.40367335334678,6.775791805663501,20.29428389087856,254.45558130741117,62.41537630558014,126.58028863370417,457.49591663479805,1084.9027428776026,41.14159382879734
1688,0.118325540679712,18.580000000000002,5.47269047619048,6.07199468085106,0.837066619915849,12.4514074074074,0.497539461467038,3.1231492146596898,0.679560549313358,9.330141592920361,0.49107456978967495,3.10089066666667,31.846617647058803,3.34669970845481,14.5869852941176,84.49735482722234,18.57615871836952,27.096971077289716,6.769944663282076,29.847747099247716,250.2672839909792,65.69982506334782,166.72532074153423,466.0143982619047,976.5195660293102,47.2548883408308
1689,0.117790771434418,19.310887096774202,5.447111111111109,6.1257789473684205,0.945854098360656,12.7071555555556,0.62128056004308,3.1370365853658497,0.8362694174757279,9.44332456140351,0.63236747361887,3.12743023255814,31.885861111111097,3.46846483180428,14.617141025641,77.02873975245214,11.122250309655302,27.162197474537155,6.773739537824135,29.933338696782545,328.77763733267784,62.58031353354455,143.81245709955692,547.0750853419304,1144.3053372204304,40.89903086423874
1690,0.10637453493179,18.6256379310345,5.49356937799043,6.17052046783626,0.630019607843137,12.6086666666667,0.291122646310433,3.1121630434782603,0.531768951194185,9.344999999999999,0.27750798808556704,3.11542318059299,35.5650666666667,3.3214633431085,14.716589743589699,84.17852237399276,14.808789201764895,27.04333776540175,6.753064096889559,29.65258038817098,335.5101216584444,59.82094444334507,190.8283680677414,536.8917714804411,1043.6946526169777,50.80699920654297
1691,0.08654306704948489,18.5894137931034,5.47386021505376,7.35889928057554,0.7641142643764001,12.619393258427,0.454068791946309,3.1491372031662297,0.624381027253669,9.439678899082569,0.427868359375,3.15113173652695,35.1709696969697,3.25275157232704,14.4023625,68.82540951592415,11.115730371688091,27.242183814801074,6.78632192632003,29.829439628754244,215.61668254435062,64.76338021457195,164.92069698870182,465.1182796806097,966.7600970715284,46.74079827964306
1692,0.08705651977060071,18.5423559322034,5.479974874371861,6.097033898305081,0.472203551912568,9.37079674796748,0.280828210757409,3.13070516717325,0.363002337228715,6.22815697674419,0.266416840157298,3.1189121212121202,35.5102121212121,3.1225245398773,10.8868842105263,61.208537466447595,18.64390004800716,20.307601958927393,6.770674842375227,20.328266783493035,269.3245653063059,25.310134515166283,145.67510224878788,465.6380508095026,2224.068995565176,47.84511402249336
1693,0.0848656535445801,18.540399999999998,5.45697183098592,7.36220714285714,0.58743791517629,9.49682300884956,0.39115721561969397,3.14393255131965,0.473725234406849,6.3058784530386705,0.382254455445545,3.16811878453039,35.0902580645161,3.30119325153374,10.7787083333333,61.49968803621377,18.621009591497543,20.335103594925,6.7607299361418445,20.30170639142125,240.8517524600029,56.99167959392071,121.29195965826511,479.06613908708096,748.4162226319313,47.36068658530712
1694,0.08570269999999999,18.5938305084746,5.49006451612903,7.08853103448276,0.695260894828588,9.383209090909089,0.530649260628466,3.11875931232092,0.588865083648138,6.21083428571429,0.492081440205744,3.11224934383202,31.8934375,3.2597780821917803,10.736471698113201,68.9771373708361,11.066038452377676,20.301440621346494,6.758572100252507,20.22365098255138,157.12948516011238,65.8128410577774,161.93282790482044,463.83352018892765,1286.293100565672,43.57099533081055
1695,0.0879839222910735,17.738392857142898,5.46288235294118,7.38322302158273,0.6907619359058209,9.34625806451613,0.481414688759516,3.08142597402597,0.5550928792569659,6.1422754491018,0.45156773688332,3.08893393393393,31.772323529411796,3.30060897435897,10.75321875,61.619796469334354,11.100691362789108,20.233015224588097,6.727713957429549,20.185100985705596,115.29522016644478,64.84757177531719,123.44368733465672,393.33817549049854,1074.0363039076328,39.717601612210274
1696,0.104781883425468,18.557921875,5.46093838862559,6.686,0.836728536385936,9.367480314960629,0.683699104477612,3.11964450867052,0.761710787557909,6.19424277456647,0.667704225352113,3.10186253369272,31.832599999999996,3.45372870662461,10.911113207547201,76.76551431735619,14.841066464188694,20.336586278632787,6.755210418539858,20.290019603785073,116.97537265717983,26.532821357250214,147.85169623792171,545.5890204757452,1516.1365270614624,40.10386765003204
1697,0.102097534246575,18.5790625,5.46847872340426,6.67882558139535,0.6148057553956839,9.419277777777781,0.38583338875956097,3.1306408045976997,0.466109666937449,6.26098159509202,0.36736577608142496,3.11904281345566,28.65955,3.31942772861357,10.4696635514019,69.3598601755013,14.834158295768356,20.3274015015094,6.780733409523874,20.31857693188071,318.8314847648144,69.71820257604122,198.383629322052,468.16403046250343,1244.633598253131,47.32268862426281
1698,0.102864090019569,18.601015625,5.45031279620853,7.36711971830986,0.569321581705574,9.42861111111111,0.367658029430582,3.12203151862464,0.456436470588235,6.24267894736842,0.354352633199877,3.11631212121212,31.9719444444444,3.32016507936508,10.9810660377359,77.2317743808651,11.107000001415209,20.326650781313123,6.764662528103553,20.29162310280326,230.58904334902763,60.13396196067333,122.1675891429186,451.4576867222786,812.4839514493942,43.597910553216934
1699,0.0919096630287581,17.7053846153846,5.47802870813397,6.15418235294118,0.40458869179600904,9.34419834710744,0.215935313948588,3.10749244712991,0.291667838312829,6.176794594594591,0.19757024373730497,3.08521126760563,35.5435757575758,2.53231806615776,10.3239504950495,76.46372842213916,18.533387636276696,20.267894801103154,6.754513225172842,20.26886026476395,309.77451242506504,61.761168763041496,198.085093870759,561.9650240987539,1319.798082113266,40.01385532319546
1700,0.0886998663101604,26.203622222222197,5.48279144385027,6.12230994152047,0.610403462749213,9.57158196721312,0.404165602836879,3.1527652173913,0.49359762773722604,6.281109289617491,0.392331068327671,3.14099452054794,28.8546315789474,3.25898863636364,10.717747474747501,68.81163247911036,11.106357592677995,20.43133503473232,6.805191041280866,20.364240604531187,153.9213117212057,61.76559254527092,121.11393734812737,393.18185299634933,901.5113580971956,44.4984994828701
1701,0.0850420878210439,18.301534482758598,5.44602525252525,6.1087823834196895,0.529304147465438,9.404,0.30950863624645497,3.11136285714286,0.391185733976568,6.20337356321839,0.331135527589545,3.10275945945946,25.591023255814,3.2132128851540602,10.819030303030301,68.73983005479124,11.079437511259997,20.33702148885004,6.76156453313118,20.266252130320566,232.7877562493086,64.43453021347523,143.3177851140499,462.55923807621,1386.9690708816051,34.48259085416794
1702,0.0893234703674609,18.587864406779698,5.439427807486631,6.64530864197531,0.49853782735208496,9.45642975206612,0.280935533780299,3.15046567164179,0.37364780077619697,6.2542349726776,0.273895058448459,3.12345822102426,28.8554722222222,3.09867029972752,10.913447916666701,46.006579642369665,18.608610126729012,20.313016397447566,6.7558647071411,20.28304524598015,153.99600379168987,55.43408915400505,93.92844513058662,307.11363069713116,486.61986365914345,40.06689414381981
1703,0.0918469819300269,18.4633166666667,5.44324338624339,6.73086928104575,0.717385,9.441295652173912,0.49071973738202707,3.1328337874659398,0.5869800323799239,6.2562105263157894,0.48180979020979,3.12362942779292,29.267525,3.40836585365854,10.8825483870968,53.46210889546417,11.083712205689908,20.337994990946566,6.761606561118422,20.2725414582271,156.9415908306837,25.00079572200775,126.61288492381571,313.170300796628,1650.203624740243,40.22577777504921
1704,0.0862303020354563,18.125461538461497,5.46510638297872,6.79264596273292,0.71415090403338,12.4898536585366,0.35931486611265,3.11195187165775,0.541525843881857,9.30341379310345,0.3538668920996,3.09183646112601,28.6590975609756,3.25487066246057,14.5668860759494,61.2855052224659,11.134289293557172,27.05884288456666,6.764947663536524,29.73848604962705,233.8457852602005,52.090687677264214,126.58294290304184,370.18959410488605,1285.1668987423182,46.38177342712879
1705,0.0873228339735382,18.5654482758621,5.4813679245283,6.13620744680851,0.55167799188641,9.37408661417323,0.336614485981308,3.1152131147541002,0.412636920720031,6.2271428571428595,0.326885598503741,3.09634594594595,35.2888787878788,3.09392944785276,10.678779816513801,46.07579425771742,11.104079597376858,20.26028853421178,6.73806724219174,20.226330091126748,161.00644133985043,63.767703250050545,107.41581209003925,380.3330007940531,635.3324744850397,39.721885696053505
1706,0.0829894047233905,18.581560606060602,5.40687368421053,6.07570833333333,0.7361185743660039,12.5745217391304,0.411383279483037,3.12119241982507,0.635360645561763,10.2842342342342,0.40156828885400303,3.10761963190184,28.7101463414634,3.29409118541033,14.597323529411801,68.92095905017213,14.814138336511803,27.102276794617236,6.7712365601740965,37.47075760567239,230.57260550558567,24.452852085232735,124.13491494953632,458.1496585160494,1785.4693811386824,40.515512228012085
1707,0.085014213701347,18.613515624999998,5.44555769230769,6.0992051282051305,0.634994553376906,9.39500892857143,0.422681871345029,3.11675964391691,0.5087909252669041,6.21621341463415,0.402077194357367,3.10264350453172,28.6509210526316,3.23975783475783,10.855898989899,61.32322556209109,11.12108176854915,20.30559551169363,6.759855267652599,20.27466704172187,123.36741201579571,26.334403082728386,133.3524938672781,388.81246000528336,1253.0545704066753,36.436086520552635
1708,0.108121840033154,18.6042089552239,5.4524126984127,6.08810059171598,0.674733075435203,9.47948,0.446091155934833,3.1670604395604403,0.534611250627825,6.27253551912568,0.453788172992056,3.12956549520767,28.6124,3.3289351032448398,10.8226831683168,53.61802190573211,14.897326984481326,20.264621121909947,6.771816963374676,20.26647916953163,158.41322019696236,61.22388876974582,119.40868571400642,306.29802495241165,988.5967709124088,36.527588963508606
1709,0.08714178403755869,18.5801492537313,5.47005405405405,6.08966863905325,0.643689578713969,9.58822641509434,0.406298287534847,3.18140277777778,0.484378174976482,6.32972839506173,0.413254196642686,3.15921428571429,28.714,3.2817719869706803,10.8216404494382,69.43968321331373,11.083103462715036,20.447758849417195,6.8120761771375795,20.3860190476943,154.16252426803112,26.57161094248295,107.65520855784416,391.6161600500345,1326.1985965073109,40.86131229996681
1710,0.103018384340867,18.576155172413802,5.47878723404255,6.77985795454546,0.579510214250125,9.379737373737369,0.360004017305315,3.11133128834356,0.432177902621723,6.20652601156069,0.345195626123427,3.107875,28.7276666666667,3.27039349112426,10.834691489361699,61.213985980448015,11.108483926107455,20.32566698325659,6.776432327424376,20.270047549820806,154.17872928082943,61.366567388176925,101.46000422537327,325.2630587667227,837.5827688723803,36.896392703056335
1711,0.10344480124017301,18.575484375,5.48948095238095,6.68294666666667,0.641330357142857,9.457921739130441,0.45496787762906304,3.1558945783132497,0.544485768500949,6.24905434782609,0.45287562814070403,3.12420114942529,31.967833333333303,3.2980571428571404,10.840063829787201,69.1605634796508,11.095676814164356,20.32900217873767,6.756829479400733,20.243688673497157,160.12866981327534,62.581617385149,103.56944985687733,316.81032851338387,934.9096566438675,44.76490430533886
1712,0.106004125838061,18.583099999999998,5.4558446601941695,6.66517647058824,0.765246318607764,12.5145256410256,0.459733220768257,3.12066860465116,0.647879647132955,9.39207874015748,0.404302435192459,3.12689053254438,28.73115,3.37421407624633,14.8966212121212,76.69422865376205,11.118346588086586,27.09283920700634,6.784797256936044,29.87662721578333,242.7665051072836,25.675492361187935,145.70867642760277,456.53036795556545,1630.2440781146288,44.08429376780987
1713,0.08733910665451229,22.3195510204082,5.4627297297297295,6.1154,0.541103944315545,9.46685046728972,0.331701829268293,3.14380821917808,0.41697088153171097,6.2658947368421,0.332603156384505,3.13074468085106,28.7889428571429,3.14462571428571,10.6921134020619,61.44173025862048,11.042329012974434,20.30720618524308,6.754700377458346,20.312189843476656,160.76783649623394,24.89290200173855,125.85595250129698,324.7760236263275,1342.863542959094,39.933715015649796
1714,0.08690961713387911,18.6160454545455,5.446453125000001,6.69862987012987,0.617124100719424,9.39381,0.408818320610687,3.1352049180327897,0.516741116751269,6.2173173652694596,0.396593739130435,3.1226912568306,28.8415555555556,3.2619487179487203,10.8215176470588,69.17857550480723,11.089401130970542,20.298430648666532,6.7700489246443585,20.28880128974089,122.44558893144132,61.365682631731026,107.94778354465961,305.5606037378311,903.597753494978,32.52672031521797
1715,0.101440327783105,18.6139365079365,5.46464788732394,6.15480952380952,0.5572827868852459,9.4316,0.349781520692974,3.134,0.425865427509294,6.24026630434783,0.336062313556513,3.1191641337386,32.047861111111104,3.14325878594249,10.831435185185201,45.830842775583505,14.74193291871327,20.351158192508546,6.781313017758673,20.335198488676774,245.42063474655154,58.9336734265089,97.11734019219875,454.8278171569109,731.7913230508566,36.9735062122345
1716,0.0874389919321301,18.613484375,5.489946859903379,6.1196845238095205,0.765185878962536,9.38166956521739,0.54228898854011,3.12179836512262,0.653987905792489,6.25068108108108,0.532498290180752,3.11186686390533,28.90385,3.34567365269461,10.757373493975901,53.660640247452896,11.100095380142431,20.31108868027059,6.748842312677809,20.228256508631684,163.84501941502094,27.619441971182823,109.14034210145473,387.4754533171654,1446.3012106716633,40.18787294626236
1717,0.103263330671635,18.6083015873016,5.45022380952381,6.6958,0.681705986959099,9.51187,0.466071743486974,3.15993623188406,0.5388794392523371,6.282010526315791,0.450067833698031,3.18314441416894,28.7342777777778,3.27053890489914,10.5140648148148,61.63561293411002,11.075962686132218,20.39588741021366,6.786401473707302,20.407169574568353,160.59130430221558,26.735523715615273,106.86670430004597,395.57553827762604,1600.556867197156,40.03550857305527
1718,0.100031751961151,24.9416590909091,5.47366820276498,6.1181164021164,0.610183368869936,9.35941666666667,0.41079294369208796,3.10636756756757,0.485289532293987,6.20085142857143,0.38873576309795,3.1015951742627297,32.1118857142857,3.3854082278481,10.952461538461499,69.35171186772509,11.111675429908326,20.311236934501828,6.765756456772582,20.246332959307814,194.33395937085152,25.085872039198875,104.84396480023861,399.07642640173435,1332.7705673873425,36.34956665337086
1719,0.0869725795531483,18.6892542372881,5.45425352112676,6.63148387096774,0.678666,9.35858035714286,0.459149503161698,3.1106,0.5411029411764711,6.2447209302325595,0.45217435102673403,3.0936696696696697,28.623947368421103,3.3590056980057,10.794156249999999,61.33620947801833,11.113996500051696,20.297064399253486,6.7582567514873295,20.24944264742159,193.87914799153805,59.13162603974342,100.44458322227001,378.79031151533127,1228.908123448491,40.62713123857975
1720,0.12262319005814601,18.6127966101695,5.453177033492819,6.7169005847953205,0.5720228794642861,9.389008695652171,0.35656149557231903,3.1146588541666698,0.448385453131077,6.2041775147929,0.341862887903737,3.09923306233062,32.1280303030303,3.2672608695652197,10.852572916666698,76.65245216400393,14.823877046593196,20.334107158508964,6.760871153949418,20.2148496025753,157.1226865053177,59.225643053650856,119.31690387427807,313.7412015348673,1143.7931098043919,40.143122896552086
1721,0.0977926263393234,18.132655172413802,5.455053191489361,6.67919512195122,0.578079667644184,9.509416666666668,0.36619726810673403,3.1685102040816298,0.43883205799436203,6.31075392670157,0.34305565529623,3.1491900826446297,28.7196842105263,3.29627692307692,10.8015981308411,53.7817394717957,11.111804319949687,20.48825978194221,6.812482214658871,20.39766569547096,200.37335343658924,26.278384029865265,106.5902877599001,307.468231767416,1462.8482982516289,36.50570288300514
1722,0.0914490136811963,18.59425,5.465195979899501,6.14906432748538,0.624035327635328,9.391614678899082,0.39679365079365103,3.1223244047619,0.49391049085659294,6.2147987804878,0.380388929088278,3.10522418879056,28.818749999999998,2.6287734939759,10.2113394495413,53.77202878227292,11.105423314943575,20.31764702161144,6.755214679356564,20.20919259315876,122.16302566230296,26.5500508248806,131.3145738095045,388.7591417878866,1369.738718494773,43.93518902361393
1723,0.0893875135386044,18.5794,5.4570310880829,6.75870394736842,0.629984170305677,9.46659292035398,0.44976199690402496,3.1433087431694,0.523170100832968,6.3026140350877204,0.419294751477233,3.12708967391304,31.8766666666667,3.26761042944785,10.549850000000001,61.520127096621714,11.079563821070595,20.378516650653204,6.794170392608478,20.33153507751341,165.28675332665443,60.75846031308174,121.08562514185905,323.11524264514446,1121.5935461223125,38.99941220879555
1724,0.10563644782877099,18.599953125,5.48126344086021,6.69335087719298,0.538257169287696,9.39233,0.3131076326774,3.1203596730245198,0.405590788976972,6.21795054945055,0.320756307180482,3.1012688821752303,31.957189189189204,3.07874929577465,10.805495049505,61.17187591806191,11.117456473213494,20.322027611848185,6.754599663451055,20.282183106283203,194.114213809371,63.502928242087364,150.6878063082695,393.51871237158775,1119.7707615792751,40.025170892477036
1725,0.0905804965646471,24.0398222222222,5.45407655502392,6.0939832402234595,1.00668933669186,12.6014252873563,0.69342663378545,3.10011023622047,0.867857142857143,9.33739090909091,0.692533413606261,3.08063063063063,28.750763157894703,3.53012615384615,14.334281690140799,68.9941575389416,11.067162716121404,27.107871002138424,6.758382122786196,29.837215626112762,230.17576895654202,56.92392587661743,127.64884158968925,384.308909997344,992.0741431415081,41.84129647910595
1726,0.106199575800424,18.616126984127,5.45632863849765,6.77136094674556,0.730619179986101,9.4687,0.526468383017164,3.13174731182796,0.5948211382113819,6.26705494505494,0.5100170357751279,3.11434375,28.8667948717949,3.3082741935483897,10.639954128440401,76.94060612509388,11.056978579512977,20.39243145253601,6.777740484327672,20.33268245418791,154.4741913676262,55.44368177652359,113.41637000441551,313.30822966992855,1051.5946429222822,36.32637672126293
1727,0.116709650180941,18.5691379310345,5.48122380952381,6.1163776595744705,0.859750204750205,12.3942765957447,0.548059415428845,3.08738529411765,0.719171583383504,9.238648148148151,0.521744216499345,3.0693060606060603,31.964424242424197,3.47941772151899,14.7529726027397,92.38318701536708,14.86165945894509,27.13249588517812,6.758259346474886,29.694041663982198,196.51795737445354,61.0067043453455,147.53900468349457,549.1067189723253,1422.1482444554567,40.685804560780525
1728,0.08704793219348239,18.6121034482759,5.51593010752688,6.17320967741935,0.5475865384615389,9.498304,0.364601041666667,3.1531676470588197,0.42514740608229,6.2808536585365795,0.338608280254777,3.13826790450928,28.5031951219512,3.36291091954023,10.924150943396201,68.88243578425694,11.056409461554775,20.358717645045232,6.77459182591788,20.305903056942224,152.70663425326347,62.26678378880024,99.39940646290779,313.5648090392351,991.4527181535959,39.15349952876568
1729,0.0870093713717034,18.570343283582098,5.47294652406417,7.3725000000000005,0.856337997054492,9.535029999999999,0.598794117647059,3.16645152354571,0.6731081258191349,6.29044505494506,0.565160417655434,3.14165497076023,28.7288292682927,3.4126098265896,10.647596330275201,69.31119612761296,11.108971801793992,20.40254012777956,6.789946310739533,20.305004979952916,161.8857029825449,26.531098410487175,108.79458859562874,323.64134676754475,1893.890742212534,39.861397817730904
1730,0.10449639434048401,18.58828125,5.469486631016039,6.10307936507936,0.969484790874525,15.6609210526316,0.481198943661972,3.13288656716418,0.820334337349398,12.4513125,0.45041010177157903,3.11235942028986,28.6578095238095,3.48974320241692,18.6999180327869,69.13804560894461,11.076653244202639,40.73116916507097,6.786382542904131,37.21714647172268,283.30772183835506,64.29492495954037,148.22366647422314,465.3620067983866,1314.8422352969646,44.07558590173721
1731,0.104062638916953,18.5617413793103,5.41616931216931,6.71641830065359,0.655500819224467,9.42146788990826,0.43737324226597,3.14400877192982,0.521992090954029,6.23946524064171,0.43396055776892395,3.11609169054441,28.6606097560976,3.32144303797468,10.7798130841121,61.45344123155668,11.087491756828069,20.35262668167261,6.747207370992924,20.26355930793358,150.13939701020718,64.91956301033497,133.92595574259758,315.6525082886219,725.7902063429356,36.421604454517365
1732,0.09841465502482451,18.5829375,5.454731182795699,6.07787830687831,0.515307692307692,9.42295867768595,0.308073199527745,3.13595307917889,0.392913813005002,6.25831693989071,0.298144222415291,3.12085410334346,28.7257105263158,3.19906741573034,10.7065700934579,61.315894133944454,11.003755720706708,20.32303311704896,6.7591584652462835,20.30095329125367,151.7408061772585,24.819467216730118,100.58451443910599,306.93281441926956,1312.3384211212397,36.42067313194275
1733,0.0826162501004581,22.840918367346898,5.16792376681614,6.45741104294479,0.563004907306434,9.69160185185185,0.34373290884718505,3.19612941176471,0.434896859083192,6.34724844720497,0.34265082644628103,3.17714681440443,28.616027777777802,3.22511680911681,10.924019230769199,46.000202331961425,14.842515324331876,20.512726909309126,6.8203797127522785,20.497702182320282,195.50607539713383,58.499863371253014,98.8770741969347,309.4937186688185,554.3575156480074,40.06773233413696
1734,0.110090343573548,18.5872631578947,5.4652990654205595,6.08510256410256,0.821738853503185,12.4532298850575,0.472771698889346,3.1015880681818198,0.6905245460659041,9.330290598290599,0.482296921130325,3.08256156156156,28.585944444444397,3.36736994219653,14.7831014492754,68.41837450709602,14.764121482126587,27.10174517779194,6.754848979471097,29.69510605120191,234.71368476748466,62.62008100748062,152.8122927993536,389.0800755470991,1072.4987369030714,42.458390817046165
1735,0.087785084136579,18.3174166666667,5.44877659574468,6.69352597402597,0.499182701652089,9.389232142857141,0.30445837037037,3.1390418848167503,0.385030850263356,6.21909523809524,0.279779396462019,3.12400294985251,29.033974999999998,3.25069552238806,11.0371182795699,61.38691593201425,11.12043170095313,20.375568291753687,6.7694817651497505,20.330343103430508,155.31531535089016,62.300823628902435,105.36639019846916,388.3856348693371,738.6860437691212,36.38756461441517
1736,0.0853379,18.601968749999997,5.45852380952381,6.7259824561403505,0.495958897485493,9.47224778761062,0.281066953482119,3.14844327176781,0.363873669268985,6.25732926829268,0.267135273573923,3.12657412398922,28.6960952380952,2.66339944134078,10.4313944954128,61.57764551356169,11.070490114817037,20.328676428464867,6.767821373897863,20.30904662217152,156.5077342092991,25.390181690454483,123.01411479711533,308.80551785230637,1379.2234938591719,40.64519889652729
1737,0.08895882097962719,18.529921875,5.43614285714286,6.0898052631579,0.589981492192019,9.44248,0.374232096354167,3.14388409703504,0.457539153915392,6.242,0.38519656844461,3.1182069892473097,31.967222222222198,3.20738348082596,10.5492653061225,61.37260989270643,11.12118755231912,20.357539875276927,6.773478195279865,20.25573202338313,193.0279191583395,58.92440676689148,98.11334311962128,306.8807069212198,645.891111344099,37.1880829334259
1738,0.091228764564618,18.6095084745763,5.44575661375661,6.071994318181821,0.514434104865376,9.324480000000001,0.30978192419825096,3.1026773255814004,0.381705684367988,6.17159509202454,0.29207985757884,3.08033724340176,28.670702702702698,2.67904864864865,10.293452173913,61.45861221689135,11.097038478905743,20.23470947651997,6.758204128796114,20.22500064574083,154.32019717991352,62.53230385482311,100.83592496812344,310.8412027359009,1234.5618568360806,41.618384420871735
1739,0.0890260884588804,24.6802222222222,5.4519649999999995,6.72774074074074,0.698197612732096,9.480619834710739,0.472713143872114,3.12612865497076,0.542242631578947,6.20768072289157,0.463773527161438,3.1045528700906297,28.8686111111111,3.1375947521865903,10.7250782608696,53.485795441916906,11.076537874665517,20.35264715637886,6.780339650589229,20.294683149673403,157.94355422258377,61.85318343341351,103.22327725589275,308.7604884058237,636.1065898090601,40.58312624692917
1740,0.113927263212978,18.476328125000002,5.461702702702699,6.03709411764706,0.849868607954546,15.7471842105263,0.372052255054432,3.14786503067485,0.6041501312335961,9.496,0.355584572812176,3.14786196319018,35.280758620689696,3.4323940397351,18.3813214285714,68.99181754992917,14.798855140021777,27.08935222127337,6.751147279158835,29.804927612245145,327.56561413407326,24.725310504436493,157.9082105308771,389.60594683885574,1542.022591456771,47.30289801955223
1741,0.0879256624141315,18.576984375,5.45868421052632,6.71385964912281,0.49612377294067395,9.40432520325203,0.291009732360097,3.1218927613941,0.38375698234349903,6.23100606060606,0.275541444160669,3.1120495626822198,25.612324324324298,3.25427605633803,10.9242407407407,61.27109781163109,11.119642721778346,20.273855939748106,6.747841284505055,20.24568120987617,160.63787043094635,54.19226363301277,98.35823439061642,318.43027099967003,1256.0310773551464,34.81227904558182
1742,0.0870177278213639,18.588816666666702,5.42783098591549,6.73658552631579,0.7974071810542399,9.51295041322314,0.600678094131319,3.1633140495867798,0.658438596491228,6.29386470588235,0.580678447276941,3.14870844686649,28.5360731707317,3.49448611111111,10.839112244898,69.05969349603579,11.088082064106386,20.46101141066395,6.788523036729968,20.329239099741514,234.60923694074154,26.36653371155262,148.01742509007454,465.9957252442837,1380.0282031297684,44.6585938334465
1743,0.087096974751687,18.5820862068966,5.49006880733945,6.104037634408599,0.7022402945113789,9.50138842975206,0.466097261953412,3.14107880434783,0.566701904761905,6.257371257485031,0.45602694008846,3.11910410958904,28.6476944444444,3.26255072463768,10.6763473684211,61.54186590722688,11.11693936226394,20.339411101935053,6.777794340308947,20.250108744358297,181.99658952653408,25.44405870139599,153.62552367150784,396.4708652347326,2058.717794716358,36.92843019962311
1744,0.0871576614965059,18.5775,5.48453723404255,7.3464,0.654027652370203,9.29667272727273,0.439541913632515,3.11715759312321,0.527194214876033,6.18793373493976,0.432176865046102,3.1002416918429,28.797054054054097,3.3424625,10.935075471698099,61.29409732723942,18.60514707142113,20.303662914606843,6.747021691577696,20.224975117506695,118.25226247310638,63.71191702783107,120.80534361302853,296.07582837343216,731.466431170702,38.82399760186672
1745,0.0887270061986932,18.5875333333333,5.4738020833333305,7.35366233766234,0.610468817204301,9.417887096774189,0.37858521220159197,3.1309367816091997,0.473022252497729,6.229945652173909,0.375591419141914,3.11118429003021,28.821083333333302,3.41107958477509,10.704463157894699,38.37944571291577,11.123349263805533,20.32210475412295,6.76415107851023,20.24853177112081,186.90652213990688,62.12978623807431,81.10408671200275,304.1427582502365,393.16355250775814,37.157535552978516
1746,0.0812166236588347,18.4906896551724,5.15334375,5.83567512690355,0.651327674023769,9.40112,0.444652141527002,3.11992953929539,0.516035070140281,6.24452459016393,0.427251080550098,3.10614285714286,28.6076578947368,3.2100230547550397,10.6754183673469,68.91010027956898,11.083368163655702,20.344255765173354,6.784566239854545,20.314894868191566,187.85744905471802,60.871848836541176,103.38686406612396,387.2720059007406,1058.2135524600744,42.21177659928799
1747,0.10250303326810199,18.590312500000003,5.46130476190476,6.14315957446808,0.737083573487032,9.50028181818182,0.50757905982906,3.163815625,0.603300466744457,6.29027710843373,0.48490539991879805,3.14029230769231,28.82995,3.38537423312883,10.691308411215,46.116335368989546,14.931505376439343,20.44038068160369,6.797726736160319,20.351966411152663,159.98855233192444,24.665705859661102,95.79663164913654,314.44323249161243,2399.221248924732,38.37910480797291
1748,0.0888756618133686,18.6076119402985,5.44028934010152,6.68836809815951,0.484578413284133,9.43082407407407,0.276841381170758,3.13395844875346,0.36267855881314,6.26184393063584,0.26450753424657497,3.12015718157182,28.562268292682898,3.2390482954545496,11.0172264150943,46.24896134131099,11.123337231682857,20.302074955997632,6.7688919994305,20.280536393214927,188.80744464695454,60.57377904653549,96.80227376520634,308.0385271459818,645.9987722337246,40.80510698258877
1749,0.0856701601408569,18.6092203389831,5.43877248677249,6.7346959064327505,0.732970756062767,9.31187272727273,0.516672990063234,3.12627297297297,0.5968977206312099,6.22411834319527,0.5066973929236499,3.1042084592144996,28.6104,3.38723174603175,10.7980808080808,76.76371127626584,11.130411711076068,20.31873792402914,6.745047186468066,20.169265647609347,153.87493185698986,62.199542298913,130.02841733396053,384.9698696285486,808.230321854353,39.89827819168568
1750,0.0887553992552751,18.6045396825397,5.438745,6.0827159090909095,0.7289399999999999,9.523592592592589,0.541374350986501,3.1594276923076903,0.619111778846154,6.2876946107784395,0.512329994992489,3.13960856269113,28.9105833333333,3.35627678571429,10.7436952380952,61.87195916619146,11.086425192052905,20.428065700491075,6.803258579570588,20.390524547850507,157.98802487552166,63.12020123004913,103.26229967176914,397.02747017145157,964.2842225730419,36.89597360789776
1751,0.0848623194387123,18.3743793103448,5.46197156398104,6.66841401273885,0.7414176851186199,9.36312,0.536201680672269,3.10480346820809,0.590776464542652,6.18768617021277,0.49763157894736804,3.08558923512748,28.6946388888889,3.2986470588235304,10.5391743119266,76.70737670510972,14.828776376864823,20.172340008159996,6.7473304520141255,20.215600256546555,150.62917955219746,58.23569372296333,97.51832112669945,373.9344421774149,1223.4552297741175,35.50429828464985
1752,0.084766069879328,18.552984375,5.46292857142857,6.4123630952381,0.6102140391254309,9.28658974358974,0.397433634236041,3.08519822485207,0.49370889101338394,6.1446091954023,0.38685977443609,3.07165449438202,28.74605,3.30583193277311,10.656678899082602,61.180769596476836,14.797821052125146,20.29503229961411,6.7468673266095545,20.235206211883725,159.04894098639488,25.251461192965508,104.53755967319012,314.7441428154707,2235.673228278756,40.96720367670059
1753,0.0890708728800374,18.615317460317502,5.42886243386243,6.64256140350877,0.559141445657826,9.43068852459016,0.35669844020797203,3.12835752688172,0.435963945296312,6.24126086956522,0.340491440377804,3.1145026737967902,28.743783783783798,3.2938393442623,10.9397956989247,68.88735721996919,11.143291538961247,20.288732640778317,6.751002631610828,20.274494717722423,119.40905824303627,25.60238353908062,130.63186779618263,470.1497498899698,1486.0755763947964,37.960801273584366
1754,0.0872536102547461,25.974690476190503,5.49126315789474,6.10538690476191,0.8204309656823621,9.50357,0.6044522691705789,3.1568644986449903,0.69364953886693,6.28725153374233,0.5892584933530279,3.14065096952909,28.569942857142898,3.3077822349570196,10.7488367346939,53.71077684893066,11.0964118831111,20.300622037000323,6.773821859611418,20.273876243290232,155.4188784211874,25.519123300909996,95.41069157421589,236.72068491578102,1658.6245968937874,40.285615250468254
1755,0.086919175656094,18.442583333333303,5.43259574468085,7.3940289855072505,0.49632663797226195,9.39473148148148,0.288639523578026,3.12605479452055,0.372203205128205,6.23346857142857,0.28379735318445004,3.09782051282051,28.8024166666667,3.23592523364486,10.6865446428571,53.63628380539751,11.114460851520231,20.347206069838514,6.7734549242855975,20.31794174893506,197.25807942450047,64.2979983240366,123.96513484418391,318.79222951829433,909.7884874790907,41.72399640083313
1756,0.0889749564640517,17.7537384615385,5.49382887700535,6.12579761904762,0.805396403440188,9.59714953271028,0.613751497005988,3.1821546961325997,0.701626110731374,6.35901104972376,0.611894596040663,3.16578779069767,28.572157894736797,3.29608192090395,10.557605504587201,61.53670123625543,11.125073354740419,20.398628613646714,6.784347823971575,20.34943412648606,157.44525007903576,24.191569536924362,120.6948421895504,389.3099259585142,1396.594988182187,41.098520159721375
1757,0.111449790600279,18.583156250000002,5.4667606382978695,6.680955555555561,0.7834849673202611,9.51885046728972,0.5895028901734101,3.17202034883721,0.647985793699815,6.29972677595628,0.554513539651838,3.1544647058823503,32.074777777777804,3.27750424929178,10.51675,69.32764951449266,11.153007459322888,20.432237038893255,6.819237703984133,20.389396672349005,152.40381471812725,57.62102082371712,96.82704694569111,386.9645297527313,1004.3706279247999,36.97737120091915
1758,0.0936133214126062,17.7640307692308,5.546209302325581,6.0667976190476205,0.740719373219373,9.512194444444441,0.5446802443991849,3.1153897280966802,0.6355118012422359,6.2376902173913,0.5317327935222671,3.0919863760218,28.5502926829268,3.3248651026393,10.784999999999998,61.49865466193893,11.110243930920976,20.367988093309997,6.748254061055747,20.101481480098524,157.29242004454136,58.723753318190575,120.67495845258236,307.5978718698025,992.2056458890438,37.101469933986664
1759,0.08694042201075709,18.596890625,5.45849214659686,6.129982857142861,0.863365627632688,12.4768674698795,0.5144087882822901,3.14072554347826,0.722162,9.31928260869565,0.474156081361561,3.09228205128205,28.9046923076923,3.4276235632183902,14.6401666666667,46.065490317827745,14.855344135746083,27.076857071251503,6.782523981193029,29.812972169657673,271.66809886693954,25.100167840719223,94.0077006816864,300.1626580953598,634.3442481011152,40.839286521077156
1760,0.0872971,18.5785079365079,5.4339052132701395,6.14356886227545,0.77568588770865,12.5690487804878,0.42611010830324897,3.1342904109589003,0.646066867469879,9.37718348623853,0.414710871241326,3.11307219251337,35.4941379310345,3.28684943181818,14.511025,61.513133810464396,11.144216957647506,27.178303513588883,6.786233890644758,37.39369837896483,232.51068778336048,62.96350620687008,132.1726944297552,396.58471941947937,1056.5100237727165,44.149719178676605
1761,0.0871977888838407,18.145453125,5.46323529411765,6.0720582010582,0.674594847775176,9.45416483516483,0.460797062750334,3.14790690690691,0.531512488436633,6.240125,0.435624739691795,3.1486549865229096,31.812971428571398,3.29997398843931,10.7815789473684,38.42449457655384,11.154175774705731,20.345663103856534,6.786124365859252,20.320554517698163,158.5866790264845,25.479262694716454,77.18945853412151,305.83865009248257,896.8115784227848,40.53576849400997
1762,0.0873984041267027,18.5312666666667,5.48539047619048,6.08934391534392,0.596622146118722,9.45831304347826,0.407739857651246,3.13472782874618,0.475081548599671,6.27004166666667,0.391777008842753,3.12555927051672,28.8697142857143,3.33807977207977,10.952320754717,69.14476352190572,11.120723988741322,20.364004686360893,6.7925564862722405,20.324629193344002,192.51704216003418,64.00318816304207,122.19478376209736,391.10216312110424,1410.1330190896988,37.32927143573761
1763,0.0873714,18.5977118644068,5.46376666666667,6.07892307692308,0.5699309782608689,9.522990909090911,0.375228166290686,3.1583177570093497,0.45074085500220396,6.28853571428571,0.355329615861214,3.1404754601227003,28.7284166666667,3.2242159090909097,10.763345454545501,69.3414562838375,11.151257467797148,20.373736083667506,6.782475607028916,20.30484043972326,157.59705565869808,64.41851146519184,114.80883695185184,378.4561064094305,1075.3868613392115,40.61688669025898
1764,0.0906316957210776,18.5741228070175,5.45280327868853,6.102113772455089,0.613558040468584,9.49943220338983,0.40474099883856,3.15712430939227,0.49633317284545003,6.29002994011976,0.388588427590716,3.14159016393443,28.9647714285714,3.19000291545189,10.603018518518502,61.49611353094866,11.117782393510028,20.420286071321854,6.780594690601958,20.304919429870388,120.3486230224371,60.753244906663895,121.37428857386112,400.3069829195738,744.3654350936413,40.748901665210724
1765,0.08533375684904311,18.558046875,5.4378,6.72367251461988,0.6517253141831241,9.471938596491231,0.451358615004122,3.1551492063492104,0.534943239501615,6.26407567567568,0.423013964313421,3.14654128440367,32.0155945945946,3.27089625360231,10.7769906542056,61.46952250267847,11.150371990407123,20.403220572607744,6.789868489426608,20.38717595875531,190.2358140796423,26.660971343517303,125.61576440930367,310.91561540961266,1417.4208976328373,41.82220436632633
1766,0.0897873798579189,18.607104477611898,5.43591836734694,6.11088888888889,0.488746787244169,9.45863114754098,0.295465149359886,3.1325243902439,0.37991533180778,6.2511696969697,0.275980500722195,3.11554223433243,28.7011,3.18876966292135,10.6521325301205,69.21491033517343,11.12508209633976,20.31831411907089,6.77184280411746,20.353107215057648,188.06210719048977,59.985555708408356,151.79701149463654,379.1847266256809,1073.9496909081936,42.694201692938805
1767,0.10412563632661401,18.559890624999998,5.47576315789474,6.67233742331288,0.7594918639053251,9.57633620689655,0.579280322093608,3.1543068493150703,0.650042592592593,6.2904739884393095,0.57591364764268,3.12656880733945,28.795399999999997,3.3486323529411797,10.861063157894701,53.96651683424197,11.138616818218802,20.39342187878662,6.781698471999275,20.31294048760914,154.03558500111103,66.78043864667416,103.0696090310812,313.368858769536,894.5911191403866,36.44479438662529
1768,0.0889690084183863,18.5984137931035,5.44180213903743,6.0461458333333296,0.5578958435207819,9.48301769911505,0.3369113964687,3.15021779141104,0.43662926829268295,6.27569277108434,0.333044951140065,3.13167365269461,28.8830540540541,3.06718367346939,10.6052727272727,53.821286263753585,14.873849957879559,20.337504033430708,6.791347731485614,20.294410462641537,197.12760113179684,26.239268481731415,118.52262541651726,387.4995745718479,1345.3826773911715,36.34430468082428
1769,0.0868137497012666,18.6054827586207,5.16404761904762,5.79717412935323,0.495297003907946,9.38008035714286,0.28976663834607796,3.11031978319783,0.370683595177201,6.21888108108108,0.27390288153682,3.1138289855072503,25.8012631578947,3.1441209439528004,10.803749999999999,68.9138250025025,14.856932163488596,20.215319922904015,6.76003667963544,20.264850750669357,167.70781949162483,53.913285955786705,122.07748368382455,316.71328470110893,1091.4613027125597,32.961321994662285
1770,0.10527331218050401,18.5077121212121,5.4653850267379696,6.09401595744681,0.506056065732238,9.536952000000001,0.299665923034021,3.1828164893617,0.392492870905588,6.32498255813954,0.297266426393124,3.18698907103825,31.911718750000002,3.28473114754098,10.7426756756757,54.085197818935114,11.137455035208236,20.358208826855662,6.791911493567396,20.320363853287688,119.38996613025665,55.10612390935421,96.18494659662247,382.90126249194145,722.2159299999475,43.790508061647415
1771,0.0870652708315673,18.6098275862069,5.44598623853211,6.67983006535948,0.720992408557626,9.48834710743802,0.470077276908924,3.1133212121212104,0.547080733944954,6.22212578616352,0.459792509685751,3.0953728323699403,25.4145227272727,3.37418529411765,10.8794485981308,69.14790369076329,11.092816943316812,20.37449678977173,6.7794601243956025,20.30916610956144,158.1418327987194,56.152092292904854,95.76049633324146,386.3958176225424,993.3918248862029,33.542001619935036
1772,0.0888297127979823,18.579396825396802,5.4537958115183205,6.07813017751479,0.748490849673203,12.4781954022989,0.465792151789564,3.1264114441416897,0.67262,9.2948125,0.43300535372848903,3.08963172804533,28.778725,3.4522057877813497,14.917805194805199,69.27430174485805,11.137158847561869,27.198107287369133,6.763891480720224,37.267559641410756,205.16212098300457,67.8044743835926,147.65183441340923,399.0489523857832,1067.0321062207222,44.069066643714905
1773,0.091576834045584,18.2114,5.4498125,6.096346368715079,0.666167694896242,9.51001739130435,0.45851667990468603,3.15987724550898,0.547783429470372,6.32228415300546,0.454028062360802,3.14455963302752,28.9264390243902,3.3886126984127,10.816261682242999,69.62866342568988,11.151036770411825,20.355319152375927,6.787668519473727,20.324123644873165,153.4517388790846,58.77944640815258,109.31049473583698,315.43346121907234,987.418508157134,36.427099257707596
1774,0.0896308523409364,18.6062424242424,5.457075,6.71045751633987,0.5941182019977801,9.34866666666667,0.402869065849923,3.11135423197492,0.47304146232724004,6.1948961748633895,0.379980803412727,3.1063014492753602,28.608775,3.31786129032258,10.8934380952381,53.957508621200155,11.134236819613635,20.295307816718246,6.754860195438063,20.282079770499774,201.92437805235386,27.148844674229622,128.13378125429153,331.5028268843889,1305.6642841547728,37.381891161203384
1775,0.105433512750375,18.619086206896498,5.4839247311828,6.71293296089386,0.815044194756554,15.6556086956522,0.34914110846650803,3.1195349544072903,0.679354352296093,12.501652173913,0.34361550993809103,3.13288011695906,29.2294285714286,3.42581818181818,18.853564516129,68.71288943131593,14.846664234716837,27.17207318797892,6.757539167078735,37.31467134202406,251.18659250438213,60.37228740751743,141.6343729943037,453.76098714768887,1058.582914993167,43.917400762438774
1776,0.0931937177002584,18.555812500000002,5.469077981651379,6.06328645833333,0.575067399617591,9.315128,0.36748404446037997,3.10255555555556,0.45600955690703704,6.16913756613757,0.36186906019007403,3.0816923076923097,25.6302222222222,3.14011890243902,10.6829803921569,69.16793984354209,14.802879773423676,20.287536465031472,6.749018011354513,20.253252232594495,120.10033242404461,64.3282663077116,129.25686314702034,316.51630997657776,883.8309906423092,36.353105679154396
1777,0.0872714932126697,18.5931,5.44093301435407,6.67668831168831,0.7705676215856101,15.5733835616438,0.283398412304639,3.11402445652174,0.612845285149633,12.4114819277108,0.269909581963363,3.09351057401813,25.691756097561,3.55404983388704,18.8619803921569,85.31505627490469,14.867860476567566,33.88828207709465,6.753838885505447,37.30388641375667,343.841640278697,60.453033074736595,163.29544596374035,562.8439132124186,1189.1486588865519,40.295906364917755
1778,0.0932645907311299,18.628183333333297,5.4914688995215295,6.70769590643275,0.8168569405099151,15.7924307692308,0.33791702765744797,3.14761271676301,0.676321630804077,12.5789677419355,0.329627914404344,3.1531569230769203,25.7486222222222,3.40151803278689,18.6090161290323,69.28834226052965,14.852168979032394,40.730381834215784,6.7809804980939345,37.49088703085101,277.27591805160046,56.334538385272026,141.75320975482464,452.5498952716589,1130.733173340559,41.09409637749195
1779,0.106552604905737,18.5690166666667,5.442305,6.09442631578947,0.844554,12.5111728395062,0.520813351498638,3.1372465753424703,0.693090697674419,9.368,0.527915328467153,3.11078510028653,28.719175,3.34411641791045,14.5977101449275,76.66323941102917,11.145603996913746,27.098250730966758,6.760041383353618,29.872094838313686,242.18852631747723,57.48332478106022,149.82069842517376,538.2250994443893,1331.4946554601192,50.49100145697594
1780,0.0879598023616112,18.5895238095238,5.4595263157894705,6.09661734693878,0.5470461384152461,9.39605263157895,0.35180719250528897,3.11660490463215,0.431785312851255,6.22024848484849,0.34629035139964304,3.10154380664653,28.8686,3.24193225806452,10.862806122449001,61.41460323827146,11.131827585927686,20.352600981877586,6.786977999301688,20.328010300999292,153.7403091788292,64.20952267944813,124.72681701183319,321.62200659513474,839.2065297812223,39.83783535659313
1781,0.0960505537692033,18.694947368421097,5.45128191489362,6.76456213017752,0.542176581680831,9.395459459459461,0.31739328008813,3.1241222826087,0.40419206598586,6.22414285714286,0.305997037037037,3.1054376899696097,28.8569024390244,3.26463109756098,10.83408,61.224372775650814,14.819345350613974,20.29581869821088,6.772496310005668,20.27595557202505,153.90845946967602,56.34622648358345,108.43905620276928,312.42198310792446,1400.9880367666483,36.29578277468681
1782,0.115579016993996,18.564116666666703,5.50142583732057,6.10941573033708,0.981321665089877,12.5332717391304,0.6480682205798749,3.1376158536585397,0.8132569288389511,9.38475229357798,0.6365959380010691,3.1189671232876703,28.9566097560976,3.3937444089456896,14.4414583333333,76.62836539108436,14.829605365307861,27.080080312128057,6.766766772493913,29.83189931848604,230.2170731127262,24.531641975045204,121.18564918637276,391.6883375495672,1220.6447776407003,41.11272282898426
1783,0.07766796279353459,18.5909701492537,5.10600877192982,5.75149748743719,0.9558139534883721,12.6711758241758,0.578030474040632,3.1380461538461497,0.764226966292135,9.429573770491801,0.5536460704607049,3.1163471810089,31.685812499999997,3.46780134680135,14.6021486486486,69.25823698839376,14.825035176236398,27.25286163857863,6.790079623176553,29.908103683203173,199.47527907788754,25.315862149000168,128.17657552659512,450.86643658578396,1967.655075713992,43.74329000711441
1784,0.10860018930430701,18.6060952380952,5.468127853881279,6.1018617021276595,0.6267575757575761,9.413175438596491,0.40854415274463,3.13230930930931,0.49267208413001906,6.21886413043478,0.391818181818182,3.1134191780821903,31.920611111111103,3.09034402332362,10.6156666666667,53.62594914722469,11.108099171567963,20.357070761910418,6.770482656368288,20.279043832185216,158.70090574026108,56.5776601433754,104.6428456902504,308.72183851897717,976.5297640115023,45.0547318905592
1785,0.0857218910753654,18.5876349206349,5.48927319587629,6.68514035087719,0.810056485355649,9.44705405405406,0.545940192600101,3.13434986225895,0.623926409185804,6.28826775956284,0.525564251207729,3.128273556231,28.703025,3.3030031152648,10.6750612244898,61.62024160066148,11.086246403117794,20.319819944413492,6.764659152776509,20.31253196139308,163.47733326256275,26.96639858186245,116.36205017566681,311.26420944929123,1248.38100746274,37.16428764164448
1786,0.10603577371048299,18.4178666666667,5.45329949238579,6.08716568047337,0.889521212121212,9.45790833333333,0.681614713216958,3.10176595744681,0.7547586206896549,6.21880540540541,0.664340253748558,3.0928807588075897,28.7660833333333,3.3210153846153903,10.3946810344828,61.20412765247787,11.122543025315613,20.276699927899998,6.760928853585463,20.23721869586788,146.16786502301693,26.908423751592636,119.52342465519905,314.18977305293083,1380.8395713567734,37.44428977370262
1787,0.0854695117433504,18.1601403508772,5.472473684210531,6.68380981595092,0.513259192825112,9.435170000000001,0.316829737609329,3.13298904109589,0.401414607156031,6.24455191256831,0.3020820642978,3.1120550964187297,32.121,3.12044808743169,10.9386559139785,61.30329359190588,11.128221922658081,20.36340458438539,6.7722647456866305,20.323771838768398,158.54011289775372,59.18852984905243,100.81054642796516,311.83366663753986,1052.4944867938757,40.055206045508385
1788,0.0871233180037472,18.5847166666667,5.4675431472081195,6.74132432432432,0.777867320261438,12.7512195121951,0.44525968703427704,3.14635628742515,0.6620030339805819,9.43236936936937,0.461649376759148,3.1316017699114997,32.1193666666667,3.20977807486631,14.510042857142901,69.07705666741433,11.107198353758172,27.211750808782337,6.789199679592921,29.962444058009044,236.91970854997635,66.73634052276611,130.6856982409954,395.06549946963787,1000.1028422266245,43.60838793218136
1789,0.0852487157534247,18.6043174603175,5.41101005025126,6.06401764705882,0.864548440065681,12.6695,0.5565023017902809,3.1456976744186,0.722329357190192,9.43763114754098,0.518303404045387,3.12731097560976,28.7877777777778,3.3269267515923597,14.5592428571429,69.07056881682861,11.04405246946205,27.201067267189142,6.789834061977479,29.966119345395878,242.50634014606476,25.196094065904617,133.0655999481678,383.9454613626003,1655.8172181248665,44.390466064214706
1790,0.08829144488158609,23.53872,5.45750777202072,6.0977810650887605,0.838242053789731,9.49518032786885,0.554700048146365,3.182832,0.653256657223796,6.30003243243243,0.533881040892193,3.14376758409786,32.0521176470588,3.140375,10.5092551020408,61.413251768852916,14.86445237578044,20.414527800057535,6.7841011712905654,20.322611231960053,153.14873307943344,24.683913215994835,119.59592811763287,299.9406307935715,1146.0148263722658,40.62340594828129
1791,0.0853546428571429,18.6025714285714,5.42640526315789,6.0848333333333295,0.810475037821483,12.507022988505701,0.457849443207127,3.1151852861035403,0.643770937326678,9.35830578512397,0.44470820668692995,3.10649696969697,28.64035,3.29140425531915,14.824874999999999,69.1303020905949,11.142910972460454,27.13447414943113,6.771569735648619,29.668691711700117,198.7567637115717,65.13935513794422,145.68441547453403,393.85990239679813,1321.3996309787035,40.85330292582512
1792,0.0898444500167168,18.581984375,5.17804390243902,6.39196273291925,0.725768647281922,9.53537168141593,0.515407567049808,3.1533663663663702,0.609452405322416,6.29165027322404,0.49504530892448495,3.1403956043956,25.6362666666667,3.3064702549575102,10.732272727272699,69.35823928892653,11.131286577251059,20.450849759713172,6.814103274937891,20.386995507479508,186.02674826979637,56.00019358098507,97.62146510183811,381.007743999362,1049.2732748389244,37.20433451235294
1793,0.12249676181338501,18.5963793103448,5.48411961722488,6.07217857142857,0.692872793670116,12.5254367816092,0.338764201840686,3.13532432432432,0.556145945945946,9.35886885245902,0.36982552172425603,3.1064,32.1198888888889,3.348003125,14.5180694444444,53.82695088784653,18.631576726793476,27.160725046004174,6.778365739302613,29.94184072095393,296.70014046132565,60.56292913854122,124.58004057407378,311.1526370048523,790.6109094619751,43.596699833869934
1794,0.0892041075794621,18.59078125,5.45393617021277,6.11440476190476,0.844173431734317,9.431863636363639,0.6418682352941181,3.1266693989071,0.7135466101694921,6.2643052631579,0.6397836658354109,3.11214803625378,31.926,3.3670065573770502,10.77269,61.7355301847897,11.152376797742125,20.33645687942658,6.756838184224983,20.279044504633973,160.2675300091505,64.93753753602505,115.0369644165039,407.79770351946354,1037.0482224971056,40.75458273291588
1795,0.100179487179487,18.4736379310345,5.46733689839572,6.0960892857142905,1.20393828451883,15.729628571428599,0.7086296551724139,3.09963855421687,1.0732178111588,12.4239756097561,0.694495014662757,3.0810720720720703,31.8443888888889,3.53984615384615,18.5317454545455,69.03041087962701,18.594397289785068,33.84958706491819,6.75547798744501,37.215252558637275,244.0834417939186,24.379044771194458,126.87672860920429,376.1846572160721,1700.5160450935364,47.450512647628784
1796,0.0849244171575541,21.4872745098039,5.44928571428571,6.76725657894737,0.560626637554585,12.5109473684211,0.226418540973988,3.15229565217391,0.429802473763118,9.317464,0.22398550178874,3.10386053412463,32.2498387096774,3.33570807453416,14.827900000000001,76.56326625773325,18.558286491544525,27.16231411404482,6.768643317346149,29.8851605013333,271.09389193356037,59.802597388625145,123.22221882641315,383.2979593425989,984.1155726462603,44.70818676054478
1797,0.0877584174404522,20.8550847457627,5.457921874999999,6.71709615384615,0.7071549100968191,9.45342608695652,0.43153637123745797,3.14235190615836,0.513097358121331,6.2509695121951205,0.40951758593125503,3.13655858310627,28.9998571428571,3.30643553008596,10.6217710843373,68.73767769984318,11.102421064061328,20.318104638346874,6.758848554946313,20.257067682291222,150.03755688667297,61.80345080792904,122.42109514772892,391.13322272896767,1058.5753247141838,37.20237873494625
1798,0.0838326572008114,18.58946875,5.49209625668449,6.09345833333333,0.709860221674877,9.43004310344827,0.503358072916667,3.13450455927052,0.586863228699552,6.21449696969697,0.479316471571906,3.1056072507552903,28.7363142857143,3.3237418397626097,10.826187500000001,61.51311669627416,11.127644697802273,20.347603804226136,6.765217099470105,20.336277549836527,153.8301818072796,25.383196771144867,104.24228385090828,382.9643130302429,1739.842677488923,36.30509600043297
1799,0.0857651254303984,18.618539682539698,5.47448803827751,6.93382432432432,0.5266458885941641,9.402098214285711,0.325652738208294,3.1214338461538502,0.42072644163150497,6.2261818181818205,0.31720627557980896,3.10202719033233,32.1172222222222,3.20223926380368,10.8829789473684,53.733517327085,11.152869442337622,20.325425681292487,6.770749372410368,20.28454514955559,154.6330749988556,61.57709285616874,101.32687166333199,397.4079620093107,849.9165996909142,40.565431118011475
