file,libccd intersection,libccd intersection linear support,Jolt intersection,Jolt distance,FCL distance,FCL distance linear support,FCL intersection,FCL intersection linear support,FCL distance defaultGJK,FCL distance defaultGJK linear support,FCL intersection defaultGJK,FCL intersection defaultGJK linear support,Bullet distance,openGJK distance,openGJK distance linear support,gjk-rs_nasterov_gjk,collision-rs_distance_gjk,ncollide_distance,collision-rs_intersect_gjk,collision-rs_nasterov_gjk,distance3d Original,distance3d Jolt (intersection),distance3d Jolt (distance),distance3d Nesterov,distance3d Nesterov (with acceleration),Pybullet
1,0.16866198830409332,0.16892041748206166,0.13498441926345583,0.5139594474153301,0.28705201342281916,0.2857729885057475,0.040329633401222004,0.04028065220665767,0.28444452736318415,0.28531758957654746,0.039697360272488,0.03916104224058766,0.46626556776556755,0.4098495762711867,0.4099280125195617,1.5564812680492872,4.672535546159341,0.9486296149125576,0.17470529032974533,13.284241350617746,361.06327509817976,22.71392149850726,90.68182941215734,213.56690946655968,301.8674867538114,4.0623999666422606
2,0.34709037037037066,0.34522445561139004,0.24145822784810134,0.4439153374233127,0.32000293685756265,0.31847738095238065,0.15505432624113466,0.15446395786305464,0.2652283636363634,0.26331245283018867,0.15355692511597066,0.15346986666666668,0.68955286195286,0.3398566666666667,0.340228228228228,0.40371438848533986,1.0359171311853703,0.783917465028958,0.5883495794789272,3.6795573538206696,280.79253310958546,30.713975429534912,60.356639636059604,149.83188671370348,231.50344844907522,5.902587436139584
3,0.3139201346389237,0.3133476132190947,0.26104559891107076,0.5064493177387921,0.3324184210526316,0.33353859649122897,0.22258992954828022,0.22277641325536057,0.28969407894736837,0.28932270069112104,0.19251190077103578,0.19219463087248315,0.6185385556915552,0.37955263157894736,0.3781731301939053,0.47333558262986253,1.5953262811660638,0.6034828241290178,0.6017595149394948,1.486145824604027,302.39052874477284,32.51685258491259,58.64322577652178,167.19513437955789,245.7535844051132,5.993179021109092
4,0.3587337636143612,0.3587739427860701,0.25422797303803585,0.5972891100055283,0.30246032992930155,0.30206760316066716,0.23540275545350148,0.2342998440632657,0.2646557979334105,0.2641168771526985,0.20827482587064625,0.2086189054726373,0.7397514600908507,0.36400000000000005,0.3652244897959179,0.7375319407435564,1.3656896702027332,0.6454441189409302,0.6622102254025011,1.8602252146576626,293.22469099633287,31.657640669328064,61.91778663935057,164.35772847773424,257.16954112442124,6.96047174452401
5,0.27149789719626194,0.270125879396985,0.260519138755981,0.43399772727272695,0.605722631578947,0.607211046511628,0.15795769230769202,0.157470122783083,0.308343859649123,0.306483422459893,0.133065821094793,0.133945401629802,0.6510696202531651,0.444057620817844,0.44507933884297496,0.8915673521668845,1.168505542927629,0.8865209539287401,0.5101541233199373,1.4854787200888961,325.8033492602408,28.603447135537863,67.35532777383924,182.02987732365727,487.80936747789383,6.236180197447538
6,0.36562208000000007,0.3643261016949152,0.2852093081761008,0.6315230303030319,0.3586786324786324,0.3575190977443608,0.3369952941176472,0.33652426229508203,0.2506980434782608,0.2506439130434784,0.2304297029702972,0.23028681318681318,0.723611228070176,0.2960307246376812,0.29506814814814797,1.1815745257170307,1.7299153746203526,1.4049323121461574,0.7193765023069254,1.5772796643964717,246.9294397160411,33.97909551858902,53.432260639965534,146.08593378216028,302.9245426878333,6.34812843054533
7,0.3461404883931258,0.3465913978494613,0.33265322580645157,0.5286147465437774,0.2841070381231671,0.28686543090996613,0.2608602997205994,0.2606612903225807,0.24522896458380322,0.24699518536350518,0.22302027027027033,0.22334251078693226,0.6614753499695677,0.3015531464833423,0.3009607038123168,0.3805275446315811,0.8806600708984833,0.5109422977167801,0.7175555932231806,2.4118540576033585,258.81416795234526,37.88241921293159,53.22521282059531,144.72473788285447,190.4844719495985,6.075415970577348
8,0.24538484461472962,0.24582230785699,0.3414329727958048,0.6923636363636371,0.49140782828282964,0.49097105151128145,0.21366925925925925,0.21383333333333335,0.39013693510023706,0.3914454638124371,0.17706564153439147,0.17680568475452188,0.7382154882154889,0.7023902606309999,0.702300264550263,0.6433883089501004,1.5576615484616159,0.9295742532783966,0.6857887281639998,3.1953598154582,485.95295994783993,35.2525876628028,109.94550323596707,217.40402336473818,299.5001514338785,4.12918851469402
9,0.34919568822554,0.3485433172302733,0.25585494505494444,0.47231975308641994,0.35862901234568,0.3577084967320267,0.1937408521303258,0.19339461279461287,0.30926585365853554,0.30906666666666666,0.17162614379084976,0.17072745519713267,0.6882506666666666,0.4329806584362133,0.44002798353909556,0.5455949855662211,2.0607986718665967,0.8247973844644798,0.5483973433703746,1.3642618628933705,312.06326921366986,28.9770665888985,67.5717932689521,160.89180536154242,243.44582886745533,5.71376902775632
10,0.31874743150684914,0.31059229957805917,0.18160574229691917,0.4528818027210883,0.28274117647058833,0.2818726783968717,0.10269277539341916,0.10226954614797834,0.2899028716216217,0.2896935157041542,0.08841043336301584,0.0888747209821425,0.6421685185185183,0.39812596899224834,0.3979923941798942,0.48848389033211537,1.0613503615189532,0.5292174112474125,0.36234190751847334,1.2723675884675305,291.16507115152973,26.592206753169496,73.90609437910219,172.10073613872132,250.54946697006622,5.277166686331232
11,0.387914081996434,0.385852782764812,0.43294338919925596,0.6459662650602399,0.21650253164556998,0.21499307764265602,0.21498404907975396,0.21563718487395,0.1864009066183136,0.1849261617900172,0.1857685358255452,0.1871987191216834,0.767503914590748,0.22998671248568198,0.23027216931216996,0.4435826376079467,0.6982656765694399,0.5396493564302685,0.7163724598248523,1.0620019572196902,218.16455759108067,31.970664858818054,41.23380407691002,135.74135955423117,161.93625517189503,7.519121281802654
12,0.393177702702702,0.40022061855670205,0.318531491712708,0.592180790960452,0.222831813773036,0.22425071038251398,0.223932765957446,0.22004047362755602,0.1848519457013574,0.18614362292051762,0.1872675373134328,0.184070737913486,0.723817610062894,0.23315263748596998,0.23160504364694398,0.49023562175456303,0.6988148333099877,0.5337070398377339,0.7136733480270789,1.1708320048817886,221.54427599161863,31.708176247775555,43.87355875223875,119.95241977274418,194.40360367298126,7.816343568265438
13,0.3009489092996558,0.3002768643570169,0.1508496860282573,0.37052178352620846,0.49794468452895385,0.49927182368193457,0.17548645484949846,0.17519752281616693,0.41320753998476917,0.41316103522645775,0.1630345704878777,0.16226880811496194,0.4453792599805269,0.6189431952662731,0.616581196581196,1.92434316278025,1.3875366864491514,1.2445113951193465,0.32518672220431505,6.041588148443626,419.6655936539173,28.806486919235724,96.35691083251284,253.33002335033737,542.6534926160597,6.559630855917931
14,0.33808317214700184,0.3383214076246332,0.16000881726968683,0.7576132756132772,0.28098940178992,0.2818024172359432,0.15996189024390228,0.15957111436950136,0.2557112887112887,0.25573174366616996,0.145711696403285,0.14577652570270955,0.8678533447684409,0.32152801992527996,0.32465639952153097,1.08976620195676,1.3966932560135905,0.8193261129123891,0.5166928498256087,1.5925957394960049,283.9860453439707,29.488601086830553,59.52838533134623,170.82551705904982,234.03542370281437,5.1919635469940575
15,0.32399969696969694,0.32422208931419394,0.27383358585858575,0.396801022270903,0.24813659320477482,0.25194359654943604,0.2124807244038012,0.2140190718372536,0.2221011466011467,0.22728223844282242,0.18650065067856483,0.1830822510822512,0.6337865892972272,0.2687254597254597,0.27014341892204485,0.4102606680818642,0.7949894740198657,0.534869618590013,0.597493432445718,1.1107245901812424,241.09006026816186,31.062796232149456,51.02268363716024,141.2068528941635,194.231512476549,6.966903156629114
16,0.11540507936507934,0.12457195657195667,0.15522065325916432,0.61730439442658,0.23037944162436533,0.230428602860286,0.14749166304190234,0.14552043906131734,0.2724928970065957,0.2698782630522087,0.08729601292187367,0.088121261053441,0.41952722443558993,0.36181228070175336,0.36339289055191665,0.4982618645389236,1.4606912441347246,0.6916560660342242,0.5152306722619101,1.192023689539212,302.2664537032445,26.033360821505386,61.688393664856754,186.82525648425022,235.12099869549274,4.722100372115771
17,0.4436784959864811,0.44423957042544443,0.23963214061519109,0.6561689145793188,0.24143481324876662,0.24215836791147996,0.2204580970384378,0.21992814242814224,0.1972294017094022,0.19747837150127223,0.1905384615384611,0.18895705222059556,0.8915449346405233,0.22989470284237778,0.2299607974910389,0.4415512911678478,0.894021343525906,0.6351136537188581,0.8162056301267829,3.3254024980166417,264.20027845435675,29.413339992364246,53.84851505772935,136.6951192418734,222.54161691913998,6.25015753838751
18,0.19498402323892555,0.19542993684929222,0.1778681900976978,0.48769977324263003,0.4863226851851855,0.4858813238770689,0.047237012539616895,0.047353204172876334,0.38787452758881336,0.38871596998928226,0.04728873181216933,0.04732948972829689,0.7414618473895578,0.8485629629629634,0.8483269384492399,0.9924356244905073,2.5736097291849034,0.48461054211704574,0.16519312297193034,2.3510131479125493,545.743444106645,21.976589535673458,117.29529230958886,227.7738130134013,362.6764855451054,4.045155623720752
19,0.26554883603238943,0.26602173913043425,0.2230074224021592,0.5836842105263158,0.4227725844461895,0.42583283914010256,0.21856394736842108,0.21793815789473686,0.3534907539118053,0.3529656140350868,0.18929131394920867,0.18897236842105264,0.6524983202687579,0.5946199510403921,0.5951657334826421,0.7329262805458615,2.4414785246413073,0.722322724868285,0.7055885229359538,3.722565225302726,423.64291209531456,29.249391273448342,92.59735172810524,212.3147806789922,346.2078429660515,5.076010098778887
20,0.33562690276483514,0.3343681608437703,0.26620712301086136,0.4574336993243243,0.29144339622641624,0.2908747457134568,0.20816633411935434,0.2080838632750397,0.2511772303276727,0.2510359633827376,0.1798555939660592,0.18153467283072539,0.6699201474201487,0.31919384902143516,0.31869648959304053,0.43080693874372405,1.0199600224334155,0.5914614517477734,0.5926916507526688,1.2284850583950055,263.0809542244753,29.865688191273726,54.57656319580368,141.64788283508372,221.03358060121536,6.219345723857751
21,0.19102750092284998,0.19136627162075573,0.19626764606551858,0.606173844537815,0.2922472737186479,0.2921569416498993,0.13877077259475215,0.1377466822794693,0.2701067323481114,0.27122246272246286,0.13296376644357286,0.13716355376072714,0.6216301843317972,0.3467836831415028,0.34647102425876003,1.0853082123531324,1.048536635227366,0.616010804590542,0.5536592533730205,2.6141678931589776,317.31762823515703,29.946986718901567,65.05693974239486,187.07341181912594,264.523078554443,5.618993392480271
22,0.34196654611211574,0.3383704761904757,0.24041985815602857,0.5003935860058314,0.2609386813186814,0.2624219780219786,0.19466042780748713,0.19663308985901143,0.22798986687860143,0.2281233497536943,0.17641163055872286,0.17706952279310856,0.78918935309973,0.3022137165623229,0.30451315789473715,0.4170834759888296,0.9206616870611294,0.48662685472717826,0.7508253266633814,1.4069326086521214,276.787016939904,34.35595759323665,54.56887052527496,136.26931301717246,203.45300768635101,6.837786973587105
23,0.12363417258446315,0.12446840390879482,0.12860733333333332,0.6464106939704216,0.3372407732864684,0.3378919172932333,0.04218147510050049,0.04148068264342767,0.348753535353535,0.3577936351706033,0.039320771554091166,0.039554544765370334,0.36989021164021163,0.5723404761904767,0.5624198623402167,0.7977397280935423,1.58005908032645,0.9712671749722862,0.17302844778267776,1.7240170947700968,380.4609451132516,22.71478685239951,103.69023851429422,225.12290937205157,343.22500384102267,4.35036684696873
24,0.17845993193069312,0.17767824074074062,0.25011903625954185,0.5998375,0.41300790229885,0.41317887931034375,0.06738102762172281,0.06772488132911407,0.3783788580246906,0.378051711309525,0.06533433529945562,0.06542197046843187,0.6156826923076937,0.69891796875,0.6976664540816313,0.8468577734124887,2.323467146118861,1.0723607363557799,0.26732213191377086,3.9949699345993395,426.90046393545344,29.501489916583523,104.27255401737057,234.29356078850105,439.4483345095068,4.083640669705346
25,0.23941953262786583,0.23995071684587835,0.27158008982035914,0.42973978758169995,0.5588,0.5589939692982459,0.15007087628866,0.14959144211576833,0.3770291666666667,0.3777304166666667,0.18778562091503248,0.18495539215686294,0.5931619047619042,0.6014820601851832,0.6162147435897417,1.5189565609051279,1.6769637317627852,0.952837074312601,0.7388259068843506,4.246346973503926,411.6878767187397,35.25085630826652,95.00571662404884,182.4757093951727,453.38614533344906,5.116129371648033
26,0.24346292863762772,0.24227227611098615,0.19559251101321615,0.49809569597069614,0.23523303167420848,0.23285222101841846,0.21837144071398232,0.21872698612862537,0.22782242632988922,0.2293076923076923,0.2091364882148731,0.20825715445504384,0.6886137985725616,0.2914924780017031,0.28993495276653153,0.44266786599496394,1.159079305770956,0.5904909004270189,0.9529260354302089,4.3292527768208355,268.40658930058663,40.33261301139226,59.05704859357614,162.908907693166,222.466869924504,6.293177676315491
27,0.3102540018121418,0.31847142079477364,0.26977475876079277,0.5331954076850981,0.23479870129870092,0.2333345546141518,0.16526508226691,0.16563409445468727,0.20620406001765182,0.20250795896710272,0.1451877840909091,0.14547590591227,0.6110554602630073,0.2518338717120445,0.24701435406698546,0.47342732773477425,0.9945521209730757,0.5755392815743577,0.589316718814288,1.3852918622747536,250.18935557454824,32.88533453914252,56.441951627758414,143.57906342907384,210.55707792666826,6.832118908112699
28,0.330251704545454,0.336996182085168,0.339445925925926,0.662445592705168,0.221176663031624,0.22281712062256803,0.221617192600652,0.22281288278774997,0.18534990990991002,0.18417714776632302,0.18575934833204039,0.185418449612403,0.564384210526316,0.230005038335158,0.228481312127236,0.3397853908658734,0.6985809108475386,0.6311147001931446,0.7032892030535938,1.0361681395511693,227.21169982105494,31.718965619802475,43.211174197494984,128.30533552914858,171.02847807109356,7.360619492828846
29,0.37402899484536123,0.3725602678571425,0.41327012711864375,0.53626714801444,0.23163981958762875,0.227841474245115,0.2306480152027025,0.23121735791090625,0.201656399046105,0.20263842147435876,0.20192454798331,0.20287288434414624,0.6010902777777775,0.237541012216405,0.23756150442477875,0.43523397733691105,0.7634236234057784,0.5104103637587583,0.7055762157410753,1.19605128962143,227.09895856678486,34.35203689150512,45.37426575552672,126.09485129360108,193.62162565812469,7.831188850104809
30,0.30683445945946,0.30978833693304497,0.21983547008547002,0.527373971193415,0.2551747572815537,0.257200651302605,0.182085196476965,0.18165689238210372,0.2279004875886525,0.226708261245675,0.15182566518847,0.15119650259067377,0.6591359223300974,0.28629220085470125,0.28623875000000004,0.40183573750951657,1.1555216044530277,0.799874894597745,0.6498093790782491,1.3704829379381769,247.76104546617714,31.4895820338279,59.79673587717116,179.4909912860021,218.2167227147147,5.625048652291298
31,0.3173632897603473,0.31615415140415276,0.2806843220338972,0.41425783475783606,0.2782437363834417,0.27904029304029165,0.21905575980392167,0.2191474673202614,0.2515758967629047,0.2550672123015872,0.19425513698630137,0.19489161220043583,0.6641820330969278,0.3325885416666667,0.33314149305555557,0.5053493506766135,0.945051871937047,0.5106038747565179,0.6487149751128676,1.1719386609722395,280.471551620091,32.37593789688415,56.46270260007845,148.53430847223433,217.1747379988018,6.52527734119859
32,0.37157411764705883,0.3717188106011647,0.2707101176470588,0.49466590073529415,0.4436304675716441,0.4450673486786029,0.28613634097706886,0.2861718137254903,0.3781788101604265,0.3783119880863735,0.20698823529411767,0.20841264705882354,0.7747433155080206,0.4768451797385617,0.4739971405228765,0.6473889670293907,2.394916026891399,0.7172207522231624,0.7144603192032871,2.9802807233050608,352.696467684034,31.611056970980236,76.86689359081142,191.487223320805,287.3736748690991,5.558473468922517
33,0.21570104166666668,0.215239349775785,0.17875571725571748,0.3536222451790633,0.2686116863905325,0.26945381526104417,0.1028527446731675,0.10315682730923666,0.2923097269624575,0.29106143162393167,0.15717594254937164,0.15767050337630414,0.5593225655430708,0.4004750000000001,0.4020627615062758,2.2391358724287853,1.333993014673256,0.8173161792515601,0.6292453415494137,5.648071333076191,329.59983218461275,31.659701683868963,83.06031813845038,195.10220542239645,278.1950500017653,4.636434217294057
34,0.35760548230395545,0.3588863636363636,0.1518183139534882,0.5157582417582409,0.30490881374722817,0.30325634249471456,0.14837075887075862,0.14699671240709,0.2563286541889482,0.2542690994451559,0.1356769291754759,0.13576136363636362,0.6197033799533819,0.3599288101604277,0.3602657342657341,0.4975084387633686,1.324067791923669,0.9741933441001147,0.520444261282563,3.2081038886010833,301.0758643292568,31.13864328373562,68.85405905036764,178.0478199097243,253.011635504663,5.401072981344028
35,0.30649113779302456,0.30471449792038047,0.2741464987714986,0.4573186274509818,0.3784726533628973,0.3776689798750868,0.3581104545454545,0.35803648325358856,0.24312521043771043,0.24279332386363636,0.2268142463597009,0.22647648902821318,0.545674397031541,0.2895934203917627,0.2890093167701864,0.4185426290961604,0.8513431611605268,1.2029920504182523,0.6762694602007759,1.6659914133876186,269.5606799203564,34.30676456032829,48.49337380040776,158.30692665820771,202.26954524828628,6.470477885820649
36,0.32504506957047835,0.3224796099290783,0.37980962343096175,0.4945939306358383,0.216263325825825,0.21542821158690165,0.21624338624338668,0.21721530920060336,0.1835863733905583,0.18353351648351668,0.18593319487712,0.18443195645212998,0.61685705596107,0.22794748263888834,0.22792288242730666,0.44560662817562785,0.6951011682320866,0.5767167144985977,0.7037036170037769,0.9308622603378467,224.2637138503293,32.72118434930841,43.20703058814009,123.4645761239032,199.76764839763442,7.634714711457491
37,0.3848529725881094,0.3878271563342321,0.2455453728661283,0.46081850853549056,0.3881869946091641,0.3872115902964962,0.1992733101300604,0.19938163781365473,0.3104917095483132,0.310930214525717,0.16214768562508491,0.16269977358490564,0.793182641509434,0.47560849056603777,0.4759317160826604,0.6891921623232622,1.2523737039394705,0.5400043978278587,0.5560119862191245,3.243545483711997,378.3855965044701,35.01965119591299,77.66462458332755,178.00248394948693,280.7353943902648,5.7292412439326075
38,0.29854763279445745,0.30000552208835374,0.32454577020201997,0.3794011299435025,0.226593915343915,0.2269026898734175,0.227412480974125,0.22797627118644126,0.22558714511041,0.22449161466458625,0.22452165841584126,0.226344013490725,0.5925139462809912,0.27863875,0.2786271691973975,0.5180306684842004,0.8307028557549607,0.6353225252808886,0.7682001923546508,1.1225324377864174,238.8692751992494,39.277266478165984,49.40849030390382,130.1377749769017,179.13032206706703,7.601288962177932
39,0.255332692307692,0.26315447941888603,0.23134830590513,0.375570689655172,0.282675776397516,0.282544870210136,0.1163203389830508,0.117419095987811,0.295903201024328,0.29256556122449,0.11541763054463779,0.1164721081622434,0.548330046948356,0.38686704331449995,0.38821827079934795,0.3745589686949932,1.6189073878690123,0.604305642427395,0.5502005590705555,1.5135668714340003,316.49505719542503,31.084762886166573,63.65242414176464,178.7191443145275,222.4791795015335,4.974897019565105
40,0.298095277095277,0.2974742014742015,0.29436011904761905,0.4225538517707182,0.27141254651780966,0.2704955018939394,0.23722263450834877,0.2365046113306982,0.23027103199830487,0.23013104555488664,0.19343101825710513,0.19396275605214153,0.7072462927143787,0.27350849963045093,0.27356200662083,0.38204997960133963,0.8488500145030862,0.5859912861609066,0.6168937578692633,1.1915722500942787,243.73133977254233,30.0529074262489,49.78174287261385,140.54102710250652,196.12856082279575,6.398890929465944
41,0.3721271676300575,0.3656922110552763,0.32575425170067995,0.569073744769875,0.2498771477663225,0.24957770833333376,0.18920138888888874,0.18632156249999998,0.21736228813559375,0.2187653374233125,0.16032263092269375,0.15916043743078623,0.7493561197916663,0.26681513761467873,0.26665625,0.35567391441458573,1.071076330632886,0.6115255993950297,0.6615466484350596,1.3404682342349488,263.8861013110727,32.94647322036326,50.99280970171094,140.05849661771208,175.84821616765112,6.463174941018224
42,0.1983466435185185,0.19534916094584273,0.15216899109792273,0.23606725,0.67820201421801,0.6744317585301826,0.2573763157894725,0.25651148851148753,0.4244762611275975,0.42593867187499995,0.182247332859175,0.182661565836299,0.5742301740812374,0.74936060209424,0.7527272058823525,1.9808833390881795,1.4966993721637754,1.318592029630739,0.7906277883497929,2.6813350437445513,525.8954595774412,33.260625787079334,106.853898614645,267.90740666911006,589.4535861443728,5.366344703361392
43,0.073963474259419,0.0723213343881855,0.12267173122191301,0.71572950819672,0.2676179511278195,0.265622950819672,0.03997550128735275,0.039479608357104304,0.3639483600837405,0.365479902557856,0.03885632655854375,0.03861888293916405,0.282835633316905,0.31124358974359,0.309622068230277,0.618159284194795,1.830922453316942,0.7164561190966471,0.17498572445878277,1.4477059419265657,366.84920778498054,23.993803188204765,98.94281392917037,179.3188159354031,218.49822951480746,4.111649468541145
44,0.3811443167305242,0.37868397565922757,0.2839106921359466,0.5514101904271759,0.29881811002895514,0.2994693161893631,0.28119074986316384,0.2811824599511269,0.2197144998929107,0.2200597558363676,0.2024796238244514,0.20256956004756244,0.6889045092838206,0.2889421487603307,0.2887703952901597,0.5835192254309863,0.9151867833486288,1.206513720188704,0.6789348899004897,5.101592185785878,282.99800569898093,39.00591781812495,55.73507896142787,150.5321220912296,286.7971193687669,6.749761965254257
45,0.40763754385964995,0.40662159090909,0.2718704545454546,0.5483213541666667,0.37701739130434664,0.37593608247422666,0.34052255892255995,0.34078888888889003,0.25466260683760694,0.2537385185185183,0.22280166666666668,0.22165337186897868,0.7217932098765433,0.38419932659932665,0.38415366666666667,0.806406917154524,1.0855590397131147,1.1516989806028104,0.785391776533776,3.3428335232425965,311.41299676770967,39.74817460402846,72.04875039557616,154.2836109486719,233.18081318090358,6.505463582774003
46,0.3289706632653057,0.3295430226144514,0.24610119047619,0.49153416149068285,0.27521188071188,0.2766405617067243,0.19785255233198715,0.19779660391288284,0.2596958128078814,0.2563183877891729,0.18381280788177284,0.18496151409566,0.5407262287551672,0.26453975636766286,0.26595161660169714,0.5508355178040477,1.047651363369878,0.5338835652734512,0.706482947333836,1.5719401202506036,250.18912607005663,36.10350457685335,54.20649291149208,144.09481747342008,224.1055215043681,6.952885139201369
47,0.31438736785036575,0.3134076985632964,0.3052266062383365,0.37865768500948715,0.2499039373814042,0.2500145525103081,0.23585938792390387,0.23505177727552903,0.22199714169048582,0.22217153443766352,0.2060390681003584,0.20602544802867387,0.6388557516737677,0.2624326788218793,0.26202870967741937,0.4605802445582037,0.7928034621377412,0.5136324475361395,0.6584652962312119,1.1269819998398365,234.8268742582971,31.578655715190592,45.04795802096206,138.80308026507979,195.31870756538646,7.296761407727195
48,0.119267626199416,0.11534886538885215,0.12582462173314998,0.43533736263736333,0.20206952811244996,0.202196058443765,0.04056934197779267,0.040070432840418994,0.1815585544373283,0.18397954911433165,0.03943994361599517,0.03880852830733684,0.43602306547619,0.18193687600644168,0.18395973275550667,0.3269017469264364,0.9708411909670754,0.7476519118421004,0.17558695837910684,6.924826542968547,177.2777526639402,22.92838180437684,52.16892265404264,145.7777184744676,189.76411083713174,3.966751197973887
49,0.2992577903682718,0.2971276595744682,0.25021960155713274,0.53012104743083,0.2285085574572127,0.22818871473354274,0.18441971664698908,0.18370414673046273,0.22309133389974545,0.2237301851466609,0.1757916939175936,0.17617542997543,0.5652151326933936,0.26852084379708724,0.26857763023493364,0.39218823053178403,0.947101278020985,0.6202534821598357,0.6638836148989322,2.832477086536505,229.03505543416196,31.36774863709103,54.7355485402725,147.93415215205061,207.81958010047674,5.841553634540602
50,0.27149478908188546,0.272427571515521,0.20333771405814355,0.6215846774193549,0.44835562549173874,0.4553485444531871,0.11630625,0.11700839593460015,0.37077138849929836,0.370348527349229,0.11267243992206114,0.11240921970357451,0.7170794044665016,0.6658348387096774,0.6555420506912435,1.1068467798769586,1.86599882515166,0.8403754225071964,0.44441558984572516,2.568263198426492,433.20520142573986,30.319753193086193,98.82485291229621,231.15512223974352,346.81589665612387,4.685185699453277
51,0.36406038135593205,0.3639123931623933,0.3798508597883596,0.457544217687075,0.29696655328798166,0.2961884920634921,0.28771396396396415,0.28790799776286335,0.24088107202680084,0.240917081260365,0.23801335725677833,0.23852524038461542,0.7714934210526333,0.2839033634538154,0.2837669047619046,0.45882813936328354,0.7777189069537006,1.3509054771757303,0.7218701469034712,1.234790284378928,265.01999333656084,32.93209204760691,44.2272702154393,149.40954182141772,234.15170435328037,7.052466389723122
52,0.11541536614645852,0.120613154960981,0.125085532746823,0.41909145299145334,0.249706838833095,0.24858770833333332,0.04026454652532383,0.04017515679975517,0.23190066666666667,0.23285384615384666,0.039467689822294,0.03899266177451633,0.46841804029304,0.2732325814536333,0.2736357827476033,0.3473583164878864,1.1924924185323438,0.8710788522392116,0.17650474155779936,1.1770529302137438,242.90316505357623,17.697065292547148,61.2724533615013,172.27031057700515,232.02105658128858,4.23419987782836
53,0.37907840236686385,0.3802470475582508,0.24986397218600617,0.6388672930123316,0.2518032363977485,0.2515707986281238,0.14580946964311076,0.1452079931241946,0.2408412438625208,0.24034096271826308,0.1370735238574846,0.1365091857295246,0.7113619505494507,0.3183891402714931,0.3170024725274723,0.41382131215170703,1.044982567083663,0.542702432967491,0.5826850471718772,1.0718163709559028,278.5589850436036,31.530334112735893,61.52289704634593,167.47339843557432,222.53788327081844,5.485638617896116
54,0.259082548227905,0.24845915958451367,0.17081504702194364,0.48650253807106664,0.29942724768344603,0.29991731872717803,0.19090040040040032,0.190178888888889,0.286475871687587,0.28339433333333336,0.218885341365462,0.22176746185256835,0.8112616822429901,0.3949375431331967,0.39470434448289,0.41198840984555735,1.388161250908721,0.8812913871696512,0.9355452800528749,7.248376182591342,291.88420933981735,43.53155381977558,71.59860494236152,191.30747144420943,265.8594399690628,6.144866347312927
55,0.35493862928348996,0.35436635802468996,0.34668978978979,0.3972116838487967,0.24592537634408598,0.24537601918465232,0.245567117117117,0.24531431623931635,0.232134632034632,0.23207093023255798,0.23338444444444434,0.23314343434343432,0.6359944444444433,0.27616763285024165,0.2762653944020357,0.46033718864341305,0.8125633527096442,1.216117714874671,0.7375448839099072,1.087383245235729,264.9485071500143,35.71285943811139,47.63526143506169,155.4806181229651,202.15699526791772,6.845873625328143
56,0.328444070904645,0.33286015981735123,0.328678442028985,0.6123965163934425,0.23176029886914373,0.232669326241135,0.23248739837398374,0.23340653357531752,0.184083944281525,0.18456327160493874,0.18561954297407876,0.18468646694214874,0.9049921875,0.22978433572711002,0.22914394599303123,0.43140389200757173,0.8146653791910083,0.6339534962445011,0.7437412326602877,0.9760127866282123,259.8085906356573,37.083736970089376,47.857037861831486,133.36573319975287,167.89596411399543,7.19651288818568
57,0.3615948166877372,0.3628695652173914,0.311516774891775,0.5641443248532293,0.23334084507042285,0.23212560813799213,0.23121019108280286,0.23230447558770356,0.2275316231755857,0.22693320105820072,0.22605585548172785,0.22677666273120786,0.7052601078167113,0.28449169435215926,0.28404092261904784,0.4036350222996603,0.8962875998240719,0.5697907259122693,0.7964924485706071,2.4915829197231436,257.45646728734886,34.709935010011705,47.95788388167109,131.60823145881295,203.57286723862802,6.665498949587345
58,0.19967227053140085,0.19865513413506,0.29088068756319524,0.45182236024844785,0.4428923201950435,0.4433108888033869,0.43597787948131306,0.4359150751726957,0.2574166293142087,0.2574093993465696,0.2540986786018756,0.25275419960474305,0.6268278737343652,0.28843786816269307,0.28873938175420955,0.7123100097641961,0.7925842454285913,0.6077553030921151,0.685728044649798,1.6926248729314763,241.61802139133215,33.272791694363825,46.854928824240744,150.78921721357366,379.99036721885204,6.637473226241443
59,0.18110811744386865,0.179896229260935,0.26368807785888065,0.62829642857143,0.42193115942028997,0.42119083333333335,0.10861491973559967,0.10689795158286766,0.37631355311355336,0.37568736842105327,0.10554727608494933,0.10596799645390066,0.5785515723270434,0.6438224242424233,0.64332738095238,1.123613629001458,2.2427873109464254,1.0713382809713798,0.4064861822975855,5.374784517587419,409.08285959934193,32.798504301657275,96.71065723523498,231.30304645746946,298.99177762369317,4.332610405981541
60,0.3098119239631325,0.32130420219244754,0.264461597938145,0.6487386363636375,0.23391139804096175,0.23515179352580926,0.2344925,0.23754370629370625,0.18423725,0.1825140127388535,0.182935145700071,0.18304554140127402,0.86599494949495,0.2270019893899205,0.227066551426102,0.49377555217919716,0.7007964709084298,0.46822375065170335,0.7059819667739972,1.1566270191105734,246.49628903716803,41.378202149644494,49.19373895972967,136.23497216030955,202.66904029995203,7.302325684577227
61,0.18509813664596247,0.185711010830325,0.1844279320987655,0.47511322314049603,0.5765675,0.5759885,0.04977450424929181,0.049681994328922494,0.3828132142857145,0.3830509933774835,0.0498433217692975,0.04973233117483809,0.549241847826085,0.773635135135135,0.7734121212121201,1.0599185323612508,4.107536814072822,1.115379100402264,0.1676026494961818,2.3922148798380443,463.43093388713896,28.101415373384953,113.89596154913306,240.55073037743568,403.9864148944616,3.8847653195261955
62,0.2532373737373733,0.2514736038394417,0.27702113352545665,0.74547157622739,0.38444245142003003,0.38394455645161335,0.1502534165181225,0.14980336757990834,0.3771795154185025,0.37811122047244083,0.12588232056362833,0.12610301837270332,0.7197449712643675,0.46532608695652167,0.46534436274509833,0.508870287612609,1.4620042385807597,0.9722152445602786,0.5391565340928567,1.4045852269412602,340.33509631020326,35.91488542345663,91.23246612337728,179.42620324902236,233.9282441729059,4.169166398545106
63,0.20973135792778616,0.2109843053671769,0.18718063186813155,0.6218195033313146,0.4171440781440785,0.4149930421337453,0.1261556923076923,0.12593000990425846,0.3842650682650684,0.38355961538461536,0.10562489611229077,0.1058831360946746,0.61799501936912,0.6314073846153845,0.6320676923076923,1.7747020739629664,1.599159323812677,1.231083776827151,0.39405474154789427,1.7351737210652531,475.719587232631,36.49373717892628,96.41089261724399,236.1713031020302,381.62915824124445,5.161815967697364
64,0.3405512820512819,0.34179082840236696,0.1837726495726496,0.45036052836052687,0.40179770710059237,0.4008948971820269,0.3275944055944058,0.3273136752136754,0.30529785330948117,0.29958974358974344,0.23572115384615386,0.23606266205704424,0.6224989010988999,0.3823701923076923,0.3823726415094339,1.5276543829393938,2.718189346536564,1.038491193242325,0.7525415982823755,3.11351530180045,310.09821149592216,37.87943144113972,65.82059521371356,195.12337972768225,325.28687823707094,6.517503732958665
65,0.359313664596275,0.3592596038415357,0.1906432125088843,0.5185679074446679,0.24972284878863824,0.2500596689895472,0.14946015936254967,0.14878730480046287,0.24199034141958678,0.24151482479784359,0.1527909789413775,0.15261469221835072,0.6007883795309178,0.30822800000000006,0.30814419978517715,0.695086228619524,0.9878039771026715,0.7269424036834771,0.6141839558072777,1.392504842923022,281.22740914113825,32.622943399474025,63.04857337714306,172.03713151892381,245.74296715270197,5.44851812134896
66,0.3552678571428573,0.35608964646464636,0.32652900717703365,0.39141138273491227,0.2622206818181818,0.2629351378958123,0.26081030603060323,0.26373740259740275,0.22975824420677365,0.231189217758985,0.23575804195804181,0.23477792853912272,0.6926012121212136,0.27345053475935815,0.2788200276880482,0.6247767971147407,0.7649563157023603,0.5376931324532213,0.6949575085408922,1.2527505215744983,243.9016920768402,33.32251005552032,44.39673344181343,139.6853699010204,212.05348682335833,6.995744876224887
67,0.280896153846154,0.281654644808743,0.3135324242424244,0.58689180327869,0.3372123456790133,0.3382017391304333,0.2953931034482761,0.295939393939394,0.27165642857142863,0.27130033333333337,0.234278082191781,0.234299315068493,0.59051435897436,0.3973525925925933,0.3980089147286833,1.0095200295705193,0.9920905185803085,1.0510630936565817,0.7688262998956099,2.8307588238141963,340.3301436143617,34.90896740307411,70.15042239800096,175.9726794747015,254.412063707908,6.1391798468927545
68,0.25400573951434796,0.26260829268292596,0.17891266511266518,0.680781656804734,0.201349425287356,0.20118114186851202,0.0392196302649132,0.039020762953122,0.258675207591934,0.25860067415730403,0.0394225056264066,0.038676468373494,0.541717505995204,0.301625098039216,0.30017217630854,0.31415389067131905,1.2131660810682388,0.8788105625056317,0.17827749870695486,0.8823506812820119,265.4397254809737,30.79091664403677,62.49272730201483,168.5206638649106,240.66078942269087,4.160776734352112
69,0.17218240740740734,0.1706915535444947,0.2548063829787234,0.5676741293532334,0.46991232876712336,0.4682730923694767,0.2979260869565217,0.29236850393700803,0.40405543859649,0.4126663194444433,0.1970840206185567,0.196348380952381,0.5823885245901633,0.63105,0.6309344632768368,1.272696510894495,1.5833552039555367,1.2274015971979584,0.7791386476659647,8.357385734550663,433.7999372122188,28.98838526258866,99.65434360007445,241.3078110354642,337.14415815969306,4.3979426845908165
70,0.295079614325069,0.29161586402266304,0.19706764705882399,0.487821794871795,0.28104243902439,0.281692857142857,0.17767966101694901,0.17711340523882899,0.21750745341614902,0.21749469214437403,0.12727295285359802,0.126833495145631,0.708926388888889,0.2858235,0.285624083769633,0.39479358803214354,1.0177235431695568,0.6868955685616953,0.5018595651419454,1.6127869940383035,262.49936083331704,27.06458093598485,50.056332256644964,124.61923062801361,185.10418012738228,6.511099636554718
71,0.3480297314578004,0.3488389945652174,0.37883797844667394,0.4300410172272357,0.2698022211720226,0.27136535397222866,0.2695468831849135,0.26933324956019083,0.2245366183574878,0.22424560386473433,0.2248658509941009,0.2247230708969839,0.6427984723854304,0.27041151586368956,0.27035813018346305,0.43537546312481107,0.7447807507365364,0.5061729873213848,0.6898254513924093,1.1444760419254134,253.63353020309106,34.82331825501245,45.664082078830056,143.36313141266936,208.2394901663065,7.287200297350469
72,0.3093309120258271,0.3053736059479557,0.29414914486921573,0.47229224738676,0.21289544513457573,0.2145433054819643,0.17063315303849858,0.17065824290173856,0.2100316996871743,0.20916870166870144,0.1584974627095186,0.15833425797503428,0.6856932192231728,0.27137308146399,0.27139467697907144,2.5209624250526708,0.8516901984679551,0.5284268319287692,0.6579272059088901,1.1092866715625438,258.0582829458373,30.73444323880332,53.26144663350923,134.8748437262007,177.0494638809136,6.876014439123018
73,0.2231658878504673,0.22200777000777003,0.26861433926897954,0.5473445247933886,0.40358039348710917,0.4040420875420887,0.20742596063730093,0.20746915584415593,0.3234814685314682,0.32295174825174777,0.19485340909090912,0.19594996729888817,0.6517522727272728,0.49045098039215684,0.4895311942959,1.0219293366870899,1.2707992341032026,1.4094052672582598,0.630249407301783,2.403577828383016,362.7354755404998,29.535860945047304,77.83332045867361,200.6715814456005,340.6571208457039,5.857588786801154
74,0.12718925702811248,0.12566618773946375,0.26704420731707335,0.6826314553990626,0.44127006172839583,0.44074770642201666,0.15853073089701,0.15844907407407416,0.38806014784946247,0.38861366666666664,0.18754215116279083,0.1883883125864454,0.5182220588235291,0.7766008064516124,0.7768155737704916,0.8053806949384796,1.6546770991068935,1.1920084090306355,0.786760742549944,1.5113441426453686,473.37879756620777,28.513009116674464,103.22323457027476,238.9255358139053,322.7751828186835,4.5462084623674555
75,0.1883943954333161,0.18861817862782948,0.17893133447258047,0.5930642110502731,0.49065243902439026,0.49008044501497555,0.16081769856160097,0.15930542614414903,0.3929357962697268,0.39360460322913177,0.14386916823014392,0.14431345483784513,0.6239400696864121,0.7214370468029,0.7197692307692317,1.6942379934025795,1.8728761933584788,1.2150432802242874,0.5730487144964682,3.2339592473662746,458.11303823095994,26.88798065320021,112.37723434843669,222.12993183241386,387.1338913308048,4.304061280336322
76,0.3458529411764707,0.3471887755102043,0.254417072091995,0.5781631868131871,0.3765399267399264,0.37702480158730145,0.27129981801637854,0.2698538533834586,0.3164744458128078,0.31714406779661,0.20325017768301357,0.20287194877951215,0.6686126126126128,0.3961208494208493,0.3963067669172936,1.478197846451596,1.316773336248832,0.6212441620931467,0.7443179681318994,2.8651085642406176,353.50250878504346,35.90028333876814,72.71243625187448,156.8094760711704,279.7566005028784,6.531400140374899
77,0.28281038706516426,0.2802511024007839,0.2728270410571023,0.5438050579557423,0.29373637289862464,0.2914510044096031,0.18381563741422885,0.18132937638493193,0.24903996003996,0.25037494505494495,0.15036768636768655,0.15051212211912615,0.6900450928381962,0.34807482517482496,0.3411468253968254,0.4282802716703028,2.4666928512536552,0.6594441493695969,0.47710644043758255,2.7833435708437744,276.4801369406856,31.468088631159983,65.49885371126808,178.84094536734315,241.45624886911648,5.702646628308755
78,0.29411422902494283,0.2947708333333333,0.2060892857142857,0.5535013736263739,0.3782371031746036,0.37963340336134405,0.20568200161420475,0.2052946916471512,0.3210620155038762,0.3281463032581452,0.1738926984126988,0.17363816230717619,0.6600558035714285,0.5305797101449274,0.5370064102564107,0.9676388116348804,1.2702498926012278,0.8892242580209911,0.5961887388606951,2.4816502202138104,363.0834736949986,30.60847049623373,82.37373410901498,194.265363305541,304.2183655668937,6.100445032297146
79,0.31939955604883496,0.329813001145475,0.17079354736172925,0.7929475308641976,0.25856294058408746,0.258907099697885,0.039002612741589004,0.03935181134654825,0.2633367556468175,0.26425692520775496,0.03884089726918075,0.038836034066927996,1.04463654618474,0.41205758620689753,0.41205608974359,0.45487433548021,1.3469585678818852,0.8186156098345968,0.17575342194990418,1.2600069425706926,285.16806196421385,26.692223036661744,79.0567952208221,192.13742343708873,240.7499065157026,4.279200220480561
80,0.23615686274509798,0.236246689113356,0.23305555555555532,0.385339966832504,0.462068387096774,0.46051538461538466,0.45378454746136865,0.454337130801688,0.2539382978723407,0.25473866666666667,0.250458852258852,0.2497300813008133,0.48070500000000005,0.5333595555555554,0.53058401826484,1.4932686694458661,0.953049962185105,0.9132053801454031,0.718671310756495,4.112335471619067,314.6419022232294,33.507427821556725,65.94042448947827,156.84859827160835,284.59271260847646,7.004401025672753
81,0.362893928571428,0.36246915254237194,0.32804,0.549572222222222,0.40962862745097994,0.408823018867924,0.263359210526316,0.26289542168674596,0.33024558823529404,0.330347636363636,0.205458214285714,0.20462571428571402,0.7545248275862061,0.50193488372093,0.500898666666666,0.9904406657260304,1.378720768994972,0.5744662798042744,0.708992065560956,3.734883916446324,375.3207065165043,36.44490567967296,84.90538876503706,182.9720619134605,228.10430824756622,5.818397738039494
82,0.1848165584415583,0.18585891248391248,0.299301864801865,0.30975572916666666,0.2856808035714287,0.2865825421940929,0.28074166666666667,0.28082772435897413,0.2244283489096575,0.22431500872600332,0.21725423011844336,0.21741308922558913,0.5772118902439042,0.263281952965235,0.26336172161172167,0.48803085875227015,0.7521748646026495,0.5244961891942316,0.6580654813883396,4.307092396892894,229.79302254195014,30.09943466167897,42.67407833443334,137.65389351950338,275.40985417241853,7.005078562845786
83,0.41229761904761913,0.4096062312312309,0.21826425438596497,0.6104858276643992,0.2605073678861792,0.25976904055390665,0.1410064524986275,0.13953584229390667,0.2550225694444442,0.2561425373134325,0.16191435613062252,0.161932010135135,0.9505079787234084,0.3298549707602342,0.32966226415094335,0.3557650797592142,1.1238072821074705,0.5972400529880386,0.7163111440395249,1.3751936968209613,279.5491018332541,33.248677694549166,68.72953963465989,143.94434983842075,184.83640354437134,5.8908093099792795
84,0.2581183269124935,0.2566616257088848,0.22307146160962174,0.5350424430641826,0.47470675300647613,0.47446390484003265,0.19097681159420282,0.1892238393515107,0.3172509631260326,0.3167787561915239,0.1564262094304961,0.15843432007400568,0.6362097532314913,0.5185554569653956,0.5185304347826086,0.9663501864764256,2.5236703668928295,1.4104361271113937,0.4867535990720832,1.8265580241211234,361.2900274279325,25.638513287286397,86.40980256883347,165.7282736192903,364.36177071426874,6.0277327935656775
85,0.34327994100295,0.34334494047619,0.237522863741339,0.46737131147541,0.23853604651162802,0.237404968944099,0.23686612244898,0.238032991803279,0.229169263157895,0.22951479820627801,0.228564523281596,0.227791176470588,0.736005517241379,0.281230712530713,0.28122131147541,0.4457118795515407,0.8879630336954815,0.6109144050814782,0.8053143752111213,1.14530843561781,239.66280976310372,39.54601939767599,54.221979808062315,135.72221854701638,189.15504915639758,7.084878161549568
86,0.28629225790390767,0.28480586080586157,0.2651274509803923,0.4655343915343923,0.3266331360946743,0.32657234432234356,0.23066509221772385,0.23034901462174182,0.27298219373219484,0.2725864702673205,0.1855507403394728,0.18501971153846153,0.6341205673758872,0.3848211875843462,0.385212712170459,0.6039267863784776,1.1325507080346462,0.6621488993706982,0.6210990374990679,1.588341703783082,317.83986263550247,29.81607432071215,62.897707669971844,168.7969970636261,281.67208417868005,6.381708245055798
87,0.19408950201884248,0.19359811827957,0.136755757900375,0.41471268115942,0.3154338235294125,0.31218268186753495,0.048685990751841005,0.047463610742705505,0.2956096634093375,0.2953333333333325,0.09884109862219,0.097051595383571,0.521288501026695,0.4321359516616325,0.43408208395802,0.44839015626000145,1.493981391049934,0.49156842774164605,0.39636027192330475,5.574335595256587,318.9450246281922,30.271580908447504,79.46710684336722,179.6069846022874,285.85882391780615,4.473223816603422
88,0.23107513057452786,0.2296866211329853,0.235049827437446,0.508309680451129,0.4027657894736842,0.40127192982456056,0.23123402973081553,0.23033073684210525,0.35261235955056053,0.3531092879256974,0.18230669856459342,0.18170740997229923,0.5565258458646605,0.5467439271255053,0.5453248803827764,1.0825448580387071,2.219666456783334,1.2185681516164257,0.6579188008944069,3.700315448593755,363.96440057280034,31.134979431762506,96.37296101764629,218.20652335392018,356.4769818790649,5.516884113220792
89,0.3609326441102758,0.358755,0.21196619152046747,0.40762121212121255,0.2400762557077625,0.2410133171912833,0.19299044265593582,0.19441477702192,0.20483597603946416,0.20488024164889831,0.156378800217155,0.15638884364820832,0.5412804761904758,0.2812183060109292,0.2811913841807908,0.6638167034155128,4.2287360686793125,0.89111449737169,0.4009654312900604,1.3051036545892403,259.06270020641387,30.029241073255736,47.86080486762027,152.2044282561789,251.85833025413254,6.9699502394845085
90,0.3320768253968253,0.331933024691358,0.30248361581920896,0.30559321533923295,0.27856984126984136,0.27860291005291,0.27870483091787435,0.2777921119592873,0.22805968063872267,0.2281895178197063,0.2193624521072797,0.21918645161290332,0.6040904761904766,0.2703587064676617,0.27025985915492967,0.4889777705177453,0.7872710132421894,0.5226874495702597,0.6981666004225896,1.2332055121863652,235.03580363467336,32.89356284464399,44.91284644852082,144.54784570261836,214.83746590092778,7.038233646502097
91,0.23637409598948075,0.23727881297446518,0.23737740533829926,0.5858991769547333,0.24816250000000004,0.24823600344530594,0.18681408859840223,0.18570715323166295,0.2380763888888889,0.23924994176566516,0.1690913043478259,0.16975756105450443,0.6216190476190482,0.2849181796175259,0.2863723589361174,0.47324316226476054,2.4512116527750845,0.9408493404460359,0.6528217643104571,1.9057773709186885,271.8727044002325,35.77534592262021,60.42309277863414,166.73127603199748,250.51084985197693,5.592511001008528
92,0.2603992727272727,0.2597983333333333,0.20715427995971802,0.5436253968253967,0.2574476190476193,0.25761710691823864,0.20573019607843132,0.20465809768637533,0.2512596491228066,0.25069207459207465,0.18804413919413934,0.18832178861788598,0.6648672514619887,0.328501798063624,0.32835586854460064,0.44840940035324556,1.1305995313964852,0.6775724160576405,0.7627513040105567,1.8847469634253131,267.0375211164355,41.49935053040584,60.78817415982485,162.57525576899448,224.42864874998727,6.444660636285941
93,0.33201386962552004,0.32326937062937,0.33831909476662,0.6868026755852841,0.217498385565052,0.21573381555153798,0.216418198874296,0.21694713076199398,0.18400335463258782,0.183688071748879,0.1848355305466238,0.1886913385826772,0.5567911547911539,0.22968087431694,0.22939222333001,0.31953218735996425,0.6982829186322098,0.5535681135230569,0.696128311747207,1.12884803928043,240.6353410333395,34.18699838221073,43.52553281933069,120.10031845420599,161.60857398062944,7.325843907892704
94,0.40684318181818124,0.4020240921787712,0.27772678185745125,0.6771782894736837,0.2985809164733175,0.3001216367713,0.1533908974358975,0.152138590033975,0.25318244575936877,0.2544570796460175,0.1312993601462525,0.13027750247770123,0.6173819742489275,0.3320902777777775,0.3314263224181363,0.41263758693197766,1.1980773670741902,0.5021647913214905,0.5552877911163355,1.4382246842504205,270.5450839130208,31.441013561561704,55.29631162062287,128.27413447666913,165.81049130763859,6.225061952136457
95,0.3066174716756111,0.30721634615384613,0.19374340917298655,0.5882995951416999,0.26555859576664964,0.265280925155925,0.16797309154723614,0.16859615384615384,0.2538185897435896,0.2533266826923077,0.16331164757228578,0.1627650042265427,0.6284793340987385,0.35626648351648343,0.3560959805959808,1.1340957622591668,1.7302325700493941,0.6968963712477693,0.6296811664406654,2.1542199123237133,286.04840985141124,32.48624628982865,66.48330286575052,172.60090143491442,245.10317732794925,6.219288871551935
96,0.22388850038850003,0.2223118258859782,0.20543856143856185,0.4336723044397463,0.27076100952871457,0.2718569909622545,0.14081683773216,0.13998390885600182,0.26110816379088364,0.2611500761808027,0.17211773989899,0.17201754679144363,0.6658219961856328,0.29993958041958,0.30103002754820907,0.4921405029042126,1.191321822101728,0.7473656847392092,0.7428330247570017,8.519017157511295,248.9376538009806,32.2121385992928,59.69687110998414,173.95618540996855,211.89800251952627,5.0694914534688
97,0.4137802690582964,0.4123528233880654,0.2798219306466727,0.5128062665489845,0.23941760066417636,0.2389531749657382,0.2217081954448118,0.22237510822510817,0.2188368200836818,0.21756509414861272,0.19498972993533636,0.19482937938887818,0.6651101152368755,0.26217236976506636,0.2626833217672909,1.2560968546736977,0.881995194371784,0.8359107371245358,0.7048442040940249,1.4002707302482056,247.87070949307898,35.86233678189191,50.07549189031124,145.6593099812215,240.90580938553268,6.5208179876208305
98,0.1598401384083044,0.1694563462949376,0.1623421327367636,0.70332808219178,0.20281324110671997,0.20026954270923203,0.039512497732632,0.039893506976744195,0.23259592668024404,0.23227370558375598,0.0391875114113566,0.0390268968133536,0.44945420168067196,0.311991304347826,0.31172746585736,0.31223572703834696,1.1617184112095678,0.6797457102778586,0.17732803039295636,0.897677861475396,249.9973587691784,24.776156060397625,59.67799574136734,154.14795838296413,222.83995058387518,3.8572167977690697
99,0.35354060680355537,0.35541454654295157,0.2391573320938877,0.505964003944773,0.2842649299582208,0.2841823464305477,0.1765313745755208,0.17595494260750383,0.2506448027892785,0.24890755329008307,0.15427786774628846,0.15456960665861155,0.7931517671517692,0.33140248962655616,0.33093907692307695,0.4461533338333571,1.1839297184179338,0.7062571720674805,0.630919462527236,4.329075070746803,304.56231011507606,34.27529635910805,66.61720108240843,160.0940693886234,189.19442350474688,5.995175944497952
100,0.2837999499874977,0.282748290013679,0.30432082452431397,0.6244570037858302,0.35156169250646047,0.3519404510218465,0.2690186046511628,0.26881039392501166,0.2803378932968535,0.2795356856455488,0.20527125100240584,0.2044558849636072,0.7437960132890371,0.3889367732558139,0.3882111777944488,0.5136632477797204,1.6475086511449935,0.6644658315678431,0.7289939070402895,1.9429020697224118,301.05099525995723,39.40408594559791,71.76608886829642,162.4653343284546,247.33777742746264,5.909362482989943
101,0.3315817391304347,0.3337649425287367,0.3099222222222224,0.38633516483516334,0.2804901639344264,0.280835142118863,0.280360975609756,0.28085490196078433,0.21513917137476468,0.21500607966457033,0.21544794007490634,0.21520777096114532,0.6394833333333333,0.257079418344519,0.2565002222222223,0.4096406609920026,0.7550014298568801,0.49863769152721205,0.6851257023428036,1.2219805261671346,232.66142699867487,32.813457461694874,43.75075610975424,134.99262665087977,204.91457854708037,6.824043424179156
102,0.33727380952381,0.3345987711213514,0.2903876341050257,0.5618664477285171,0.24561657907310144,0.2469891581632657,0.22672001763668428,0.2265964380447143,0.24900388066941573,0.24909776717971002,0.22910178571428572,0.229975,0.8550764790764785,0.32945585874799427,0.32939261637239137,2.1548875003811303,1.0099348461550954,0.47667556212314494,0.8486673307500141,6.532519518047178,280.68736927317724,39.26685146455254,57.647956003035816,160.0818442446845,178.3006525199328,7.176941393741539
103,0.3859086419753086,0.38012087912087855,0.35061281708945286,0.5617037815126057,0.21506090963734711,0.21554157483470288,0.19978231292516999,0.19903361344537857,0.20084490342321715,0.20049999999999998,0.17531444897959142,0.17450484117547144,0.8527436507936514,0.24497027373823713,0.24507178631051715,0.3198223431549784,0.754845217538557,0.5825626551632557,0.6207807766195848,1.0376457444199056,218.39045719908816,30.96642903983593,44.270368692065986,124.13324189505407,177.21252183296852,7.113042686666761
104,0.1906042460533482,0.19155614973262,0.18128428497498728,0.569649350649351,0.4692259615384618,0.4700652565256528,0.09173566170176364,0.09184907015723544,0.41105953654188915,0.41137539184953004,0.20157562695924727,0.20196159554731,0.5295590599876318,0.8902112554112555,0.8900007770007772,1.1033457043436452,1.936536803542448,1.1243550589358102,0.8084959439768427,4.194758737013164,503.0491114170714,30.352171002463862,112.49666567891836,251.56478778543797,390.55584718219257,4.396418278867548
105,0.34960733882030187,0.35342440801457187,0.30451718625099927,0.36283602405824633,0.27290284119736186,0.27185889570552146,0.25624163319946447,0.2571223344556678,0.22272029320987666,0.22317700020462444,0.21573429047024553,0.21232567763294036,0.7285961538461556,0.26131794131794145,0.2602004089979552,0.4601513349982293,0.7815356948431613,0.5245413056524468,0.672465842687758,1.1757236853745907,242.31196795072822,32.0948970814546,45.127702738951754,142.4712663585389,229.02503368203287,6.76128461405083
106,0.3283311965811964,0.3305616308470293,0.1696782164157907,0.5048963293650793,0.2776936720997122,0.2787304324028464,0.24500836120401354,0.24445781399808217,0.24530937359170785,0.24503188775510215,0.21950623582766426,0.22061049406357716,0.6977567385444743,0.2947039374053507,0.29335320584926855,0.4696654112591436,1.3180648536303305,0.970979442818178,0.7690014136525487,1.7639476901331501,264.65471102190867,35.77422716521791,52.63224510209901,151.59880775692207,255.874205114586,6.591329084975379
107,0.28611547911547835,0.2873618751494865,0.26259284284284296,0.4036728307254622,0.31059034315214057,0.31036532037655673,0.20342713301536836,0.20380365659777433,0.25236474527624975,0.2531869575998016,0.17074162749706243,0.1707765072765073,0.6551320638820649,0.37696864864864865,0.3724896049896054,0.5177048730617035,1.5312465349757307,0.5702148019768886,0.5426389609994576,1.4968412462812464,285.0085603878708,32.544386497623215,59.765751624630916,145.299470907933,222.30715541219388,6.640210395326486
108,0.21145505617977517,0.21186326628352484,0.2576864998873114,0.6833518518518518,0.4049106583072103,0.4050685780705138,0.24370701712081033,0.24301043557168792,0.3815348020434241,0.38233612632935865,0.18684964863539794,0.18610171547392138,0.7026856763925725,0.5789165417291345,0.5782803843979655,0.9619880139096096,1.4153724147530318,1.2216919760885414,0.6898537568215104,3.638629589506391,406.74212404751574,31.309905622539848,91.48159979617802,249.56682102818942,306.4206094834311,4.378059108195634
109,0.21269574036511135,0.21415387467556551,0.2940313947503858,0.7270212201591518,0.36958038513211033,0.3697040229885069,0.27016797283176586,0.27008575317604344,0.3422561022859355,0.34241526045487897,0.2190506877708686,0.21867231177310759,0.8907036124794759,0.5189158083295999,0.5188475215517241,1.747386365585159,1.2391331450902014,1.0613245241160387,0.7557984668634098,4.7825798414068235,338.77958254567505,35.204527225216914,79.92438442105878,191.20854197134233,293.8703392985566,5.617755433094913
110,0.362151875,0.36025413793103406,0.249530652173914,0.5192753846153839,0.3943015094339621,0.39430679245283,0.16842784000000002,0.16754234375000002,0.308485866666666,0.309290294117648,0.1480176551724138,0.1473232857142856,0.7408886666666661,0.510054666666666,0.50930975609756,0.6431597169841347,1.2054400249698862,1.1261925116976799,0.47256469139811386,1.5935432709313395,345.9445587359369,27.15963637456298,74.26413428038359,162.2067126445472,249.95697056874633,5.849880166351795
111,0.24239085714285713,0.24286890756302515,0.2658728110599077,0.6239682539682543,0.39457567567567425,0.3939907056798629,0.100251732882502,0.09988736430742515,0.33063059163059144,0.33094606741573146,0.09555380116959057,0.09543302411873827,0.74808850174216,0.5799127551020401,0.5795045918367342,1.26364442672248,1.5505312645524782,1.0385325545502682,0.39378574493519736,2.2175532727804534,384.5086554065347,30.982451114271367,87.0707757504923,205.26954837675606,268.70851005826677,4.604139498301914
112,0.16865180360721418,0.16896698662012832,0.1351525487256375,0.5681216666666667,0.30135643274853835,0.300081275720165,0.040736773117254495,0.04039917257683217,0.2776512524084775,0.2773330687830691,0.03992545496966867,0.039410773026315744,0.45514916286149165,0.4265816749585409,0.42668864013267,1.7617932984028384,4.572471907189329,0.9308569910073906,0.1750853539053077,7.737147023588096,337.11127277153236,21.150719840079546,82.08496922937532,209.95016869467995,295.5971654349317,4.092966749643286
113,0.34084590643274837,0.3377902850494472,0.2638063973063972,0.4888684710351378,0.337398245614035,0.337995061728395,0.27362473290598277,0.2729520743919884,0.2801049926578561,0.28143289085545725,0.2291635924462011,0.2299023809523811,0.5924334381551389,0.37997629157820223,0.3793359631821172,1.2089980319072313,1.1089554423239965,0.9879333171422573,0.8611462148400295,2.896937569539111,320.92273856202763,40.65338677416245,72.99839312003718,195.4515943200224,281.84495167806745,6.486299551195568
114,0.353588603818615,0.36121109693877496,0.21180133752950425,0.73115625,0.20302826433121024,0.2043142523364485,0.039504081492660256,0.039784039444850254,0.264367694805195,0.264361767728675,0.039195585440724996,0.0394669609601325,0.5304798624754425,0.3558780487804875,0.3566504755434775,0.3264881883259073,1.8172764656390137,1.0866129018204849,0.17519246717332385,0.8867251704234754,316.0844265948981,27.582701295614243,67.76987574994564,219.56352866254747,238.65420371294022,4.359503509476781
115,0.30046023391812887,0.30015749475891,0.2006904761904761,0.4035689519306539,0.23781481481481503,0.23645462962962943,0.19417993932499056,0.19436234357224114,0.23652430555555556,0.2365394491129783,0.18433841570276888,0.18430021030494223,0.619007936507939,0.2824012651265128,0.28107490326147055,1.4830024200863006,0.9915573044628341,0.7538730241071819,0.7266415920780062,4.371418546222214,252.1115031817721,38.5312389375435,57.34782122696439,157.73116998995343,219.62879820623334,6.4146989542577
116,0.21298608058608048,0.21228981264637,0.24983843537414954,0.624129251700681,0.49553043478260955,0.4957763347763333,0.19368896447467857,0.19394671201814045,0.42588471177944853,0.4262886446886448,0.2262287929125138,0.22637507114399524,0.5792261904761905,0.7468862828713572,0.7403525230987904,1.0675783657793179,1.775626638380509,0.8963299938719248,0.8452118248082174,4.5949860589825375,501.4730950019189,42.57226384998787,115.760614252871,216.47299262916758,309.45882400763884,5.116999991947696
117,0.21419916405433653,0.2146340886699507,0.24986662329212758,0.7016909564085897,0.4278034086405069,0.42752279032897245,0.20648383620689653,0.20649359090088482,0.4171045977011483,0.41613959285417584,0.17617040508871795,0.17626739261947966,0.7875525078369896,0.6509655172413793,0.6510625798212001,1.2181688553817474,2.2544764842685563,1.1494896012409854,0.6797625309520275,4.549364253046655,467.4495141632084,37.262946816867796,107.21473874331548,238.42996130858003,338.2296895544077,5.167524394547117
118,0.32326416275430403,0.330354313099042,0.415093951612904,0.645945283018868,0.226824395604396,0.227988305252726,0.22750236686390596,0.22645517241379398,0.186072840605521,0.18478156467854379,0.1868481802426344,0.18483828623518678,0.784981081081082,0.231209648241206,0.230527706057596,0.40016695712670264,0.8298990866978165,0.5493001574051506,0.7730443899987709,1.0241178645869176,225.04582535475492,32.53722097724676,41.96743946522474,123.49309399724007,192.61062145233154,7.6559605076909065
119,0.23607358212102034,0.23860173697270487,0.2634637419354839,0.6381125740618839,0.4325346139905774,0.4332415110356549,0.27263211574952545,0.27274098671726743,0.36669434685403873,0.3675329749103935,0.17880783410138257,0.17976946002805064,0.7514890029325516,0.6420939445387677,0.6413153503893226,1.7381082527363698,1.4856210468592619,1.1735687253072629,0.7482855087210019,2.117041859888128,414.7961202468122,29.86905765869925,94.27392975457253,220.87606165798442,341.78971358004117,4.710825610785715
120,0.40781429681429665,0.4067334079045489,0.3356874816769278,0.4591895659099956,0.2276231980483478,0.22865820529948777,0.20839514228747558,0.20705686630369,0.20153527474432334,0.20421476748313777,0.19598243604429222,0.19767030651341,0.7163815028901733,0.23832698412698447,0.23853244631185777,0.4194125329223849,0.8512774284352785,0.48933878677112563,0.7522646376779428,3.1519870597314066,250.22407579753133,36.4575871369905,54.69323239392704,150.95823392685918,196.00638188421726,6.888454986943139
121,0.295719590643275,0.29473990147783197,0.252738241758242,0.560008823529412,0.220755407969639,0.220128352490421,0.19197314487632502,0.191949471830986,0.224340234375,0.22881535508637202,0.184791666666667,0.184294813614263,0.9387243243243241,0.281844575471698,0.281076438356164,0.35923572809479964,0.9737097242447706,0.5431312629739862,0.75017675999167,1.1294327710980263,265.02985041588545,35.54675495252013,53.47459111362696,141.3546595722437,168.10293542221189,5.922310519963503
122,0.36114946018893335,0.3635921532846717,0.19045949461166833,0.6579027777777783,0.21056336996337,0.21221851851851836,0.05267865191559099,0.05326391868423733,0.24671618523613,0.24405421431596833,0.0588308764712605,0.0592658344891355,0.7539460580912866,0.327026077097505,0.3271128117913833,0.38439510678685146,1.1732534429341375,0.6777091457812662,0.30506979528880884,1.0470018257903806,259.70147689804435,31.267874874174595,70.25778759270906,167.91173256933692,222.5658817527195,4.36704916258653
123,0.3162180836707154,0.31608617499339153,0.3345428321678323,0.6815303314571608,0.3096051682692308,0.3086856971153846,0.23021735241502692,0.23034684065934077,0.28838714205502536,0.28737484339764463,0.21105456410256382,0.21059815384615385,0.9055048629531384,0.3669719419924338,0.3641871676710385,1.5034838097039835,1.2651728480826314,0.596942664143818,0.8311832866193203,2.989170046255003,290.3169826962627,43.5309771161813,68.23609583079815,164.05011097399088,230.72832264006138,6.110138761309477
124,0.16366462981384097,0.15672437729685582,0.2554940702087287,0.6174804147465451,0.4076082394092484,0.4079350479511774,0.1578988332189429,0.15791649080494422,0.3271348314606742,0.32660838106722906,0.18767078853046582,0.18696446145434675,0.6275620347394549,0.5634022482893452,0.5630520291363161,0.5873113155917193,1.526522329619421,1.1115761634350534,0.7410635922380806,3.111787948832448,396.36952532154896,30.70851953159417,95.3381948713814,213.84993583084113,314.8401584175806,4.504596243702596
125,0.11707944528058499,0.1172546285714285,0.127347177319075,0.61847305764411,0.468049537037037,0.46988101059494697,0.044599150000000004,0.0446167842870504,0.32632739987285453,0.3270588052271315,0.0443648320166681,0.0444467440249394,0.363772043745728,0.7799333821376301,0.7795167173252301,1.0851783654353746,1.5519748102252133,1.3160890427388594,0.16507187018705224,2.566359730127774,569.3167448043823,17.860636580735445,131.29113940522075,225.21354258060455,753.4937001764774,4.445260856300592
126,0.25588779342723,0.258135874439462,0.124861604938272,0.354473597359736,0.23967625570776296,0.23908999999999997,0.205940606060606,0.20546620825147302,0.21049362934362897,0.20789147609147599,0.181982193958665,0.18146199324324302,0.46055,0.26229598997493697,0.261985539215686,0.4041697188459722,0.9325745682347341,0.7684688411415876,0.7682575961729159,1.3938402682587872,243.02263744175434,33.7396701797843,49.82481012120842,146.0019568912685,235.4747918434441,6.614099256694317
127,0.11579211362733424,0.11499167027260924,0.12499558344955825,0.3078170248868775,0.17829401178010476,0.18107324086603524,0.039584816830954744,0.039314802285370494,0.22991,0.2319643173758865,0.039127024070022,0.03962641291025475,0.35360732647814996,0.28534899888765247,0.28556565126050504,0.3954345342128763,1.0638007196339623,0.7316516389363091,0.17667495884488812,0.8023415830149577,240.13372021727264,23.391528520733118,61.92932487465441,181.71783303841949,279.85317865386605,4.031253047287464
128,0.26879765469061917,0.26895475530932583,0.23701851851851832,0.7093441734417342,0.2868555743243242,0.28729629629629666,0.09906626157407417,0.09866556235134251,0.26668129062209833,0.2673666666666667,0.09931366459627333,0.09974748603351917,0.8143938679245283,0.35009375000000004,0.349952721088435,0.4125239961817608,1.3711031760885974,0.7230783166032858,0.38457732204644185,1.449608605650804,290.914917907988,28.985397269328434,59.25368944493433,175.81936942103007,233.07860634910563,5.125617220376928
129,0.31453684210526334,0.322355411954765,0.36055957300275504,0.38879440665155,0.21284966592427668,0.214217862481315,0.21317390350877166,0.2152588005215117,0.18596843800321997,0.183558532695375,0.18490956072351503,0.18667411850236335,0.5518904761904767,0.23050724637681166,0.22988508660752002,0.3882410785214622,0.6970875878868411,0.6383971943725916,0.7071671477085731,1.2323400612634223,245.37998251616955,34.70192508151134,43.904893876363836,122.22026319553454,190.74961310252547,7.301568984985352
130,0.2718927015250542,0.268626396648045,0.282393302180685,0.5658338541666666,0.2399283746556475,0.23958963585434168,0.17267154882154914,0.16988131313131336,0.21937602124183,0.21884867860187585,0.15315730337078667,0.1529065170940175,0.65398046875,0.2898907185628742,0.28970934343434335,0.5219941553704484,0.9618638355400365,0.680741401085616,0.5677554601299065,4.239779305008313,246.51888137062392,36.24471137300134,55.91297522187233,144.15096569185457,205.8597009939452,6.05208333581686
131,0.20356647892131777,0.20347467876039296,0.30771249666933115,0.3374249843063404,0.2800252636742704,0.28014531893004113,0.2792312816413537,0.2793629148629148,0.2282870893492363,0.22811976047904187,0.2282746212121211,0.22808782435129743,0.7469318783068778,0.27313476702508965,0.2739991830065359,0.5634883726658608,0.7883036953321173,1.2314935225209156,0.7023732348794341,1.1805837864521915,233.52082611785994,33.38842049103092,44.74422721951096,139.454103730343,224.1037561799641,7.160558986167113
132,0.25070296786853075,0.2518940397350993,0.3008582089552237,0.48311944444444443,0.3377497584541063,0.337548206937096,0.3052882317801674,0.3063403703703704,0.2529049304081152,0.24897676107480038,0.2124785185185185,0.2130796197266785,0.6745995370370369,0.30002060511215445,0.2998980785296574,0.563526742201836,0.8525315069391686,1.171553230455405,0.6459129951145529,2.0495041945970933,243.44717859531994,29.614459964688177,46.94849442414664,138.2187552129229,206.45938951660085,6.297525639335315
133,0.36578952205882337,0.370512265512265,0.2660328735632183,0.5696111111111116,0.3570898950131233,0.3565006930006933,0.3575595238095233,0.3568953271028033,0.271363003095975,0.2717785829307567,0.27214848914069834,0.27154181184668996,0.5114178082191784,0.29434335624283997,0.29433225632741,0.5643210191835104,0.8720036468581269,1.0524475281492949,0.774044890027893,1.5661473780236796,258.3774466377993,40.536432061344385,50.46520382165909,175.59339758008718,257.95195639754337,6.405101157724857
134,0.3458990610328643,0.3491799276672691,0.29513364055299524,0.6279767195767191,0.3141622023809524,0.31449301587301665,0.25761598302687383,0.25701274651274764,0.2657924528301881,0.2660177304964548,0.2196449692780338,0.21948469387755096,0.6669249084249095,0.3363919860627167,0.33591780821917855,0.5177453934839364,1.1325670626914544,0.6676259835393835,0.7912075448621257,1.6333215117943263,283.77404558427986,36.148353302407834,61.48759774597628,166.2275931310086,243.64784670372805,6.168190434220291
135,0.35572668481960534,0.35551717032967034,0.3055399639423077,0.43553805668016154,0.28775564102564116,0.29442307692307695,0.2902472165991904,0.29027479757085034,0.23232702376157882,0.23183837261004883,0.22719253001333922,0.22740605658709118,0.6523564867967846,0.2795879470847623,0.27978777959629036,0.5376478453486636,0.8214760711827946,0.5635355929481516,0.7407396051738921,1.2939048710717675,228.42118946405557,33.48113610767401,47.803288683868374,141.13602676213935,273.28063823426,6.705369406308119
136,0.379224037763253,0.3779864010120177,0.3060374331550794,0.5610091610414647,0.26128895374943883,0.2607193204868153,0.25078163992869884,0.2512603305785123,0.21971609477124177,0.21947134724857675,0.21276470588235294,0.21166798262929323,0.7094924906132676,0.2635482536764706,0.2636058823529412,0.5574261649749158,0.8049888718205356,0.6476838538639365,0.7011538715648173,1.2319403271096896,273.78463419154286,32.65432725824854,46.33409861365662,154.3055911658003,219.70004308968782,6.863241330446566
137,0.3348866666666665,0.3336505144374378,0.1659514696876913,0.504861611876987,0.28647157190635436,0.28672157190635433,0.17838475923328653,0.17787436175150872,0.2555190771960957,0.2572007816316561,0.16583994959042217,0.1663122000872474,0.813440122044239,0.3463025487256369,0.34637304347826087,0.5386354309719367,1.0003897233091776,0.9463351636082287,0.6024117846545706,2.8668128271182893,308.90180344652873,31.965161147324935,64.03759547063838,169.72107772269973,239.55834280375552,6.1224741132363025
138,0.49281213872832336,0.47849910634495,0.26019164265129663,0.8131185897435901,0.28158082329317263,0.27957796101949034,0.284252140292737,0.287198746867168,0.253770956607495,0.25393905031892267,0.25567020470053065,0.254378175392092,0.5772826475849734,0.29820902474526934,0.298191,0.6414765302514039,0.7821205349152219,1.7279291381605535,0.7209805999935953,1.0085305079563476,270.4732197647293,38.61538910617431,49.527447360257305,161.52894434829554,239.91430643945932,7.3620351031422615
139,0.2857083023543993,0.2854270136307313,0.23461522491349465,0.445374,0.5354363218390807,0.5361722222222219,0.25403471778487735,0.2524416666666667,0.42015087719298266,0.4202171779141107,0.21028266666666667,0.21126757741347932,0.584238676844784,0.5699929539295393,0.5695957671957673,0.5473999086447432,1.1545934981206918,0.6942257562190386,0.7638721321104938,8.49073272001036,384.41177768011886,35.7648745800058,94.20893931140502,245.38783201326927,380.14816120266914,5.631533761819203
140,0.28862611806797833,0.28663527777777836,0.29664619377162665,0.6699723183391,0.2467759211653817,0.24636858974359,0.20985163776493332,0.20999586288416003,0.19472920759659498,0.19328803963198835,0.16286070921985818,0.16070522505508333,0.5671889564336366,0.24500048030739666,0.24558265582655833,0.3025201119154541,0.8538574239217178,0.6088770083366656,0.6156818262013801,1.1765252912476518,233.78871070841947,30.197711506237585,47.53728862851858,134.06844421600303,178.86896384879947,7.08018196746707
141,0.3639506041222457,0.3653338095238095,0.2416659765355419,0.48913095238095244,0.3305665694849367,0.33044435215946855,0.3311185745821505,0.33002767052767046,0.23929831932773094,0.23935659425060335,0.24052450980392143,0.2405688482289467,0.8427766830870286,0.2879134967596505,0.2879406162464986,1.2368658900190053,0.802383136195545,0.5881692604054055,0.7167814373063038,1.4795918427247685,243.81663007218214,31.270580144510383,43.64083454545055,154.67021037780103,290.3942595280352,6.925652823632672
142,0.13727189949285415,0.13934495021337165,0.23632458563535916,0.6533893034825875,0.37617787114845913,0.37578991596638667,0.04439687397975842,0.044840714535290004,0.32706429463171,0.32715394402035586,0.044916923472008256,0.04468374281233667,0.5212164804469276,0.552724470134875,0.5500062893081759,0.6197550594064496,1.5249964772987639,1.054097554375169,0.17436053084756453,1.8016436184821594,407.74799999780953,27.59656636044383,93.93828610579173,220.76770352820554,287.52266080118716,4.1829907180120545
143,0.3019034267912775,0.29922916666666666,0.23189687252573252,0.5423732534930141,0.286161812297735,0.2848055555555558,0.2061462458745875,0.20952674418604667,0.2588250448028675,0.2572690925426775,0.20314541387024584,0.20268364558938334,0.7362108974358975,0.3146644591611475,0.3113710462287108,0.45921372697487667,1.1911992066009336,0.6863875642808224,0.836730199618663,1.7379869867473428,290.96412278401357,38.88920764438808,61.17226633553704,163.23755650470653,223.2978139848759,6.100940906132261
144,0.3760239265814481,0.3763201506591333,0.26024556062912224,0.5097512512512519,0.31757407407407406,0.3167891975308641,0.24339089407879225,0.2440083014048533,0.2740703933747411,0.2746088888888889,0.22097449908925332,0.2155838556505222,0.6729022465088037,0.3550714519829563,0.3577996913580248,0.45976470296437705,1.0181669724925324,0.6220276464371878,0.7156573209598525,2.1342576664186015,301.03003502719935,40.2174174302706,58.51327959034178,161.91557774113284,230.20970014234385,5.941125736744316
145,0.25656666666666667,0.2569326164874555,0.22996654182272222,0.5129153439153444,0.3855064516129022,0.39594444444444443,0.18942699588477355,0.1904839111111111,0.3125465277777778,0.3126511415525111,0.1587777777777778,0.15886335403726712,0.5833308080808088,0.5043879227053133,0.5038708010335912,0.675394432645424,2.6951945063493534,1.2675891391133205,0.4990780574632717,1.7714969412750323,362.15710401948957,27.013950877719456,81.16940760778056,171.29030544310808,301.5892399061057,5.645513431065613
146,0.22424282229311368,0.22290226947454517,0.16590008058017672,0.4028384264137685,0.43605882352941233,0.4349829804898301,0.23214250994255484,0.23169068890212466,0.3944503424657534,0.39349870418363564,0.20689762076423973,0.20736946595195616,0.6590068493150685,0.6606079582517945,0.6608866749688671,1.6717369606787533,1.8332541191839482,1.2183245178707276,0.7229743870703562,5.127300931778963,407.3314180546632,35.52588200426265,97.29121046217337,254.77751910890618,415.44296466171335,6.34267415902386
147,0.34160254513169674,0.3432075866188774,0.29272161544323094,0.4602008324661806,0.260862685265911,0.25995556056846386,0.24342129032258067,0.24437610513739547,0.23099096774193548,0.2305856541775197,0.21634050179211453,0.21147055150884483,0.6464968873797388,0.26487460978147775,0.26506789802289293,0.5764129554609638,0.8163564735468178,0.6720845577475069,0.7078626505840685,2.44100046651695,239.72622058804959,31.852734936100816,47.65195396518515,142.1877070360126,213.28878093270524,6.092287179443144
148,0.3799374115983029,0.3809703923019986,0.1451050811386007,0.6116830687830686,0.33115151515151503,0.32929890992541566,0.04550203853225678,0.044987824224637075,0.3307458405048765,0.3291654456654457,0.05040758355877478,0.05010650128314801,0.5259009054325957,0.5237971611721614,0.5238275510204079,0.5665615088494211,4.093765916122556,0.9428591516168398,0.25642862931747484,1.7596480060399475,398.411975973951,24.766177271625825,94.64943681710533,229.01682282931037,279.151856167508,4.2546573760254045
149,0.39260970948012247,0.3890125,0.4357141719745225,0.6726745283018862,0.2637585952848725,0.26535170664206625,0.26393943798449626,0.26431139380531,0.2400949499165275,0.24563939003436375,0.24587796108291002,0.24579230118443376,0.6711230670103088,0.31783783039647623,0.31804148230088497,0.4317334389253044,0.8503596816107961,0.9861649638876304,0.7603057208462424,3.2606948133291733,273.74234632588923,42.069482151418924,54.655413259752095,160.0524556124583,220.97668261267245,7.066773832775652
150,0.25658745503597125,0.25594671314740997,0.25640838206627625,0.6107242822966513,0.36342313019390626,0.36467286585365877,0.189292095588235,0.18995250952986,0.28085460251046,0.2797565533980587,0.172498098859315,0.17290060646900252,0.4870917553191488,0.4305891167192425,0.43089440298507503,0.5556151722598499,1.3839017333940316,0.7459023400068809,0.6343674144326401,1.7519290799199851,321.9474892830476,32.60677040088922,64.93353575933725,183.55250358581543,286.40828968491405,6.373287760652602
151,0.2537078598484847,0.253190824468085,0.2624106045081969,0.6589380681818188,0.39016034226190627,0.3890159883720938,0.2610609375,0.261625,0.3559911764705875,0.356430366847825,0.20707388245033126,0.2071643786127169,0.7104420731707313,0.5289831730769219,0.529309375,0.6274587515193779,1.28083430063586,1.027428588359159,0.76226849834596,2.445894556024812,397.91684757801704,33.132178214145824,86.15727128926665,222.33469135244377,293.9489946584217,5.331524880602956
152,0.37998979266347577,0.37958003952569097,0.2892821659215103,0.4581760461760454,0.28677884104199913,0.28645257452574513,0.23857781900639027,0.23797485054627912,0.24697184612078243,0.24687,0.20111097992916183,0.20141594286817213,0.7003722002635061,0.29549743194658457,0.2969256993006994,1.095328920142859,0.9214926356049157,0.5782945239565267,0.6545245269547076,1.8533173574427786,269.35537585593534,33.137274934261136,51.75878195035638,156.19171882104692,238.65355178713799,6.205881381350936
153,0.34703471552555487,0.34593652376204703,0.2903514132925902,0.5146436274509804,0.3691294793779588,0.3689289617486334,0.25128291316526663,0.24987363834422743,0.31684313725490193,0.31722058823529414,0.21240908152734705,0.21258685121107254,0.7883200280112038,0.507595531235751,0.5077730392156863,0.7416231091787826,1.156938684127876,0.5086905358488681,0.762528086280978,2.005505072859498,354.44117680776355,30.926149795014485,76.31837152967266,186.7409183771587,271.9733581019967,5.512760367755797
154,0.15151253644314874,0.15160131156316925,0.12568826005612727,0.43012227805695247,0.396258733624455,0.3929402027027025,0.03976162260711025,0.03958299278027525,0.3565249017038,0.3493566822977725,0.0406633118414845,0.039491128331401996,0.4643060344827575,0.48703813559321996,0.48810056925996254,0.4515710282847256,1.3793057102222184,0.4864874755151315,0.1767758368003393,1.6008854210620411,371.51140277273953,22.545334650203586,99.5913811493665,222.34813659451902,243.30077576451004,4.228076431900263
155,0.40518367346938927,0.4034390977443607,0.2647958074534161,0.6681979949874678,0.3618712938005393,0.3625562770562786,0.32023869047619036,0.319720807453416,0.2556871428571429,0.25604714285714286,0.21992508710801392,0.22015649001536106,0.6644110070257607,0.3115517554479417,0.311428281068525,0.5532248263164311,2.4110245853356815,0.5337421902558955,0.7234911917759892,1.4911470729462784,265.3330539552761,32.71762065456382,51.94332251059158,153.56818912550807,236.66183198136943,6.429739629051515
156,0.26259765085214193,0.2633862179487181,0.21139355509355498,0.542956561085973,0.4866319320214654,0.48304515050167307,0.12492340472027962,0.12452646931719961,0.3854605263157885,0.3845337792642143,0.12903758169934654,0.12907830568124692,0.5455950854700846,0.5918309859154923,0.5917123510292538,1.177889845091151,1.5898544700571822,1.128013608328846,0.47897115411136004,3.8829449993206007,415.689587736359,29.87755981918711,97.93725240832337,194.28273036073034,463.4679465268094,5.102869517241533
157,0.33844486803519047,0.33748515769944365,0.3205594645080945,0.6487164772727273,0.43668054375531007,0.43782242990654224,0.269687441424555,0.27028200371057504,0.40680540946656635,0.40598530416951456,0.21182478632478635,0.21159975318798863,0.7547670454545454,0.6103427377220499,0.6107314593301454,2.400169180151854,1.5275165509082222,1.075413634523713,0.825864874644336,3.8786691026573905,426.3029550202191,36.081897137178615,90.2406839569184,227.81279086219993,340.728735847568,5.062422926791689
158,0.12349735281660298,0.11597558505850575,0.12411576638965827,0.4148898628048775,0.17584670781893,0.1762785,0.038947283798576995,0.038985988899418005,0.1897978405315615,0.19136161011310698,0.0389454836076725,0.03991649966599875,0.4140530846484925,0.20138040062843676,0.20150475,0.3412464054394859,1.0487967145816526,0.9000148714466897,0.17632092316161455,0.8052799564143055,185.10602531023324,16.133871395140886,53.97620261646807,147.94499147683382,219.02130101807415,4.046096000820398
159,0.32287629146275165,0.32497698280643333,0.43018907905460496,0.8098679378531067,0.25716711229946504,0.25365045960329,0.21912022517088833,0.21888498168498163,0.22649294117646998,0.22464326334208165,0.19138433695294502,0.18619218585005334,0.7607032884902835,0.2835378338278933,0.28349084858569,1.406542282966152,0.8954177287832774,0.5151798135826419,0.7251512500117028,1.7197342537311775,248.36944648995996,34.28026490534345,52.612651294718184,141.6942298722764,190.06154810388884,7.0705000932017965
160,0.24200231043898346,0.23783623188405784,0.21417124692370781,0.5055261756876652,0.21636322030372393,0.21630616784630954,0.17917180073930652,0.18152141587198956,0.23056521739130434,0.2308420938784339,0.18717113435763305,0.18807525755194696,0.5742069345074304,0.2675198487712665,0.27063172737955343,1.0081891024837928,0.9833182767771741,0.6648723024674577,0.741132627440948,1.086165618060665,237.20191649930632,33.84632949271928,51.39409888373769,150.38853288506684,211.62441951911086,6.006687434147233
161,0.20277771226415084,0.2022163318452379,0.20632561063218377,0.391901761517615,0.4652142857142875,0.47465032679738756,0.38455255255255244,0.38552509469696955,0.33023416666666666,0.32903942307692335,0.23903604166666667,0.2391897689768975,0.5767265625,0.41523480392156875,0.41480709876543204,1.519396253087497,1.812822759089811,1.128396279288537,0.7785685094230813,2.6037452017542746,292.94547081614536,32.25337810969601,61.43401066462199,195.38448056361327,409.45423340114456,6.392425469433268
162,0.311989409984872,0.31117354925776,0.309541477272728,0.41601395348837206,0.237200207253886,0.233262375138734,0.23597505617977604,0.234705479452054,0.1847530546623794,0.18495768535262197,0.1842189029535866,0.184243165467626,0.781540287769784,0.228720561685056,0.22857130712008597,0.34934391359057193,0.6998560525241517,0.49158443564082,0.7020676332612626,1.2890102585757588,222.36655466258526,32.897633500397205,41.351187974214554,121.32253032177687,162.75862231850624,8.520442061126232
163,0.19360496736765787,0.18948723809523788,0.25294829244829214,0.5440155279503107,0.4080485714285714,0.40977387318563785,0.17098614819759714,0.17168611670020145,0.3385470991890207,0.3384263687853993,0.13299319178398358,0.13275564516129,0.4986502613240421,0.54167037037037,0.5431014492753621,0.5787294632063433,1.4331515276341291,0.9466745450548537,0.5608787014753419,2.5007035850925727,338.6509455075221,29.41538945638708,80.40307189470956,201.9820934427636,312.70031218550037,4.409564592476402
164,0.19468431372549,0.1944258646063283,0.14977266872746,0.379431699346405,0.23313243683781582,0.2338031784841075,0.11628540864356,0.11594391230310751,0.22278054911059583,0.2230702576112408,0.111460220673635,0.1124714003944775,0.5096301498127341,0.25238160569105667,0.25256955736224,1.103304231074202,2.678016075226147,0.8104616541763733,0.3761456226578725,3.8108164008758885,215.0743966922164,28.3246374844263,59.32358520415922,161.95610126790902,262.4466413787256,5.092883172134559
165,0.3472968465736823,0.3557763480392147,0.2697927807486629,0.44789125386996764,0.3604277221526912,0.36379147389292943,0.2616864253393665,0.26238210155857206,0.3013885294117647,0.30069533851276475,0.20608425605536324,0.20493019607843146,0.6964326797385617,0.4017742448330677,0.4016560784313735,0.7659960346709338,0.9804915529332652,0.6038699108663418,0.6758054980735664,3.6218774861761025,313.11449129134417,33.049147083040545,67.92286534191055,164.80051391922376,286.92019267884245,5.850265049101675
166,0.3381142147734328,0.3391446416831033,0.19752081183350556,0.5031490299823633,0.268526113671275,0.2659093023255817,0.17329821958457,0.1735209388720028,0.2326406060606061,0.23713098464318,0.16037454212454222,0.16018490671122276,0.5434543094496367,0.30208106060606055,0.3024965771458661,1.39590597572479,1.043260942879213,0.7544793144266615,0.635795531871293,1.529490831743278,257.84971399439706,31.390196333328884,55.79765420407057,143.08112440630794,219.49022775515914,6.656066721512212
167,0.3113443670150986,0.30992063492063476,0.21878451837355956,0.5162922305764428,0.2972508503401362,0.2981377368151562,0.20435470566179234,0.20249550923572285,0.27350755494505474,0.2734757190004714,0.16794911937377666,0.16827884143348046,0.663919604205319,0.3634559346126509,0.36417283950617285,0.42438250644857545,2.0243030332671053,0.6516008848852112,0.6577806234260594,2.155364093628413,277.0558443097841,31.73746656449068,62.52625691039221,146.53743377753668,231.66724547211612,5.4875710269524935
168,0.29037254901960835,0.28822619047619,0.31408922829582,0.5464057291666667,0.26018410326087,0.25821955958549164,0.213993894993895,0.21456348314606666,0.20140411985018666,0.20221112237998665,0.16138187244737665,0.1597625038831935,0.5691274509803917,0.264420946626385,0.2632814167879667,0.4908611277878039,0.8582399816571954,0.5656649872764986,0.631644761095568,1.183905687263544,240.1209513967236,32.358174212276936,46.00381168226401,141.57713934158286,212.36928490300974,7.219080968449513
169,0.2873651430098907,0.2900249369571302,0.23128432760364,0.5176294236602629,0.43693023255813956,0.4355221987315,0.19709782817605234,0.19707201800450116,0.3064547454431186,0.30725909361955817,0.14419761223728395,0.14399499874968746,0.6550959302325582,0.4977954545454535,0.49725710594315353,1.1073682425771176,3.273729095955446,0.8360288187536151,0.4621025281503443,2.1887221587381416,354.7322400304121,32.01512803951668,75.84881698062946,194.2038184118479,318.43619085415156,5.4097858929010325
170,0.3422245289045033,0.3430102203768774,0.2272091571279916,0.6184645161290322,0.38934804753819996,0.38977069568597095,0.2203029204046574,0.22002462301966033,0.3826442031299903,0.3829528814787968,0.18705633359559387,0.1868828011022855,0.7350037950664128,0.6364134298880838,0.6365715155203904,1.0157040893919682,1.400594609367959,0.5576282442206888,0.7183221264590878,6.306607366040188,432.2101347028248,41.43563865293418,106.43635140431505,189.82523226089054,314.1408718581642,4.968103472023241
171,0.2693290043290043,0.2716758241758243,0.16003776204359285,0.5101131725417428,0.31825326053988473,0.31865608465608475,0.17928258602711142,0.17892418546365907,0.28279646258503377,0.28160251665433,0.15779010025062665,0.15782426654872475,0.5489897593446,0.35451633986928094,0.35523082010582,,,,0.6358347693620802,,291.6370230239062,30.830850647318933,69.2534049795497,182.52938475814602,259.7000860121278,4.8149144276976585
172,0.3633510060683484,0.36543755988501936,0.2956305683563748,0.3228104454685096,0.26393273850377486,0.26353504729565835,0.2551156840934371,0.25362558398220225,0.22923870967741936,0.22853326612903227,0.21404997203058,0.21387866805411032,0.650953812316716,0.2712010130631832,0.27015120967741935,0.8340979394478205,0.7758635152774527,0.5385159135023786,0.6863984620306952,1.3461614297436308,233.43029371913403,30.93127611904375,44.216928372700366,134.13361063407314,197.57764023398198,6.6391680569898694
173,0.12404995231282799,0.12968338074917,0.12588910648714802,0.5215221878224949,0.20626989619377148,0.20355269413629148,0.04157299417664185,0.04204505837198145,0.214843093093093,0.214949134199134,0.03941265,0.03917040903420655,0.413620327102804,0.2326185546082015,0.2326110662358645,0.33772201463169893,1.1665241841097238,0.8982813819608557,0.1769357879298404,0.8916499033807693,237.0741101913154,16.969989519566298,60.40454609319568,155.56218568235636,234.0471837669611,3.9757462218403816
174,0.1909476744186045,0.1925949438202245,0.24112302904564298,0.610042857142855,0.522807653061225,0.52188367346939,0.369626551724138,0.3716751773049645,0.45554682539682545,0.45627807017543853,0.23310542168674703,0.23250814479638,0.63721170212766,0.674432236842105,0.67017098765432,1.0108885491263149,1.4376378662888731,1.1290953862254127,0.7537954285802632,3.819649973465573,415.18612182699144,32.08852605894208,99.59289105609058,244.18120738118887,384.9768009968102,4.564470145851374
175,0.3461098153547143,0.3456779336734694,0.2891293400477081,0.49362122448979595,0.3875038705137224,0.3880200562983816,0.17921540044589265,0.1789869047619047,0.3122349939976,0.3105257787325449,0.14811573236889694,0.14798931653198183,0.7789394557823122,0.47958340727595306,0.48193832199546527,0.6203324982306012,1.3354431641950015,0.570812898507322,0.4827329463571597,2.1516793899565014,347.7309611911068,26.60329159045098,72.65524520557754,162.4450144567052,244.68413012444364,5.429289398752913
176,0.1798842787114846,0.1802566934404283,0.3049971881390592,0.7216349502487542,0.41815615264797507,0.41810253267973757,0.15745122950819668,0.15640237226277376,0.3134113095238096,0.31383006535947705,0.17219779116465875,0.1720649935649933,0.5587194444444458,0.5393156250000001,0.5388730158730167,0.8609785490331068,1.4761894437096308,0.947977046826749,0.7120769074746054,1.9247758750489403,366.7023857512201,35.73027109572043,94.74471929327895,199.14111180696636,279.11663346458226,4.798470763489604
177,0.39166240157480336,0.38520681511470994,0.21924145833333333,0.6678706293706292,0.34457142857142836,0.3439784313725492,0.10660335558027417,0.10705208333333333,0.33335284280936417,0.33172656250000004,0.13253031475748167,0.13334475906607082,0.7745451388888892,0.4768729166666667,0.479573033707865,1.1582011358958033,1.4523311698116759,1.0676611621046106,0.6205709852844634,3.273722000508577,369.6137263129155,29.32531642727554,95.98193379739921,228.76132279634476,276.8410660792142,4.408766593163212
178,0.3328394097222222,0.3347099447513811,0.25116177190406225,0.3981761855313255,0.24204096045197776,0.24281335007323668,0.21906182121971554,0.21890646578782225,0.2220476190476189,0.21742917143948112,0.20185993607821,0.20199615532487555,0.6548717460317467,0.26625210540613997,0.2662824267782422,1.115914271785456,0.9736980744541675,0.7022128621985142,0.8026609708745577,3.344874579777897,254.79651004489926,36.754153875841034,50.38125543958611,154.2477635666728,196.25717929253975,6.867099242905776
179,0.3478362470862485,0.34882484848484846,0.24736213195787665,0.5846823232323242,0.4143431818181818,0.4134067736185394,0.18211731843575427,0.18235743398901302,0.35223297491039396,0.3521739870616272,0.1919042809042809,0.19208726610365942,0.7270570824524304,0.5744439393939393,0.5743691919191909,1.1718511499020778,1.590044408615087,0.5549516594738396,0.7196110092766826,4.378678960046864,400.8120596126625,35.34426108341325,94.44025415701397,178.58399007695192,281.78494028521305,5.239375979837143
180,0.246816548463357,0.245947142857143,0.3175810666666667,0.5658913978494634,0.44892125,0.4481293333333333,0.2994409356725147,0.29927122507122494,0.35116394557823,0.3524519877675833,0.21105512104283067,0.21099465020576133,0.6609877777777767,0.5886620512820501,0.58949846153846,1.292923290920654,1.4112314079728132,0.6921277436666361,0.7994454329415938,2.86912608209327,428.99054785569507,32.08371034512917,88.52193675314386,230.68586364388466,344.38944421708584,5.7984329760074615
181,0.3139545454545463,0.3124214092140927,0.30010731707317073,0.4864442850310854,0.4440260162601634,0.44329020256304147,0.31590120407533173,0.3156323831913024,0.3471800385109122,0.3477052845528464,0.21974188592279637,0.21922421908429612,0.5791507760532146,0.5213035230352292,0.5190594512195121,0.8637689358515946,1.2335793516033737,1.1259481153094844,0.7695451769629021,4.885088663031719,361.46212880295224,33.96568922098817,76.98789591015112,176.757529218931,295.16969580294153,6.263248804138928
182,0.3747619047619033,0.37586503267974,0.32143583333333337,0.5585703125,0.30143468834688336,0.3007446327683617,0.256958836689038,0.25616022222222234,0.2604285371702637,0.261896803652968,0.21394051896207567,0.213281899641577,0.7573659574468099,0.312843169398907,0.31187371273712733,0.6498231114545213,0.9827991186087945,0.616000410799866,0.6921926768909891,2.065066290789367,253.23130888864398,36.76479061444601,52.99204417193929,148.01815307388702,247.3820342371861,6.326752870033185
183,0.39577961736571,0.38906874039938494,0.21262788963460166,0.7310146520146517,0.40818600562587837,0.40951030927835,0.29965204194260503,0.29729936120789835,0.355744402985075,0.3561921249151383,0.2653991361788617,0.26562759643916833,0.7002555555555551,0.41050438596491173,0.41311553945249674,2.6501089483984206,1.5536746656546896,0.6608212911068853,1.0598739182400647,4.531403279423165,365.5184875242412,47.953675190607704,82.7937969006598,224.58732904245457,266.6325618823369,4.529417492449284
184,0.23510266393442597,0.23906571428571405,0.171153833333333,0.43502348484848496,0.34243473053892204,0.346180182926829,0.10973123809523799,0.10972893660531699,0.335263071895425,0.33456598837209295,0.10216346153846201,0.10219737098344699,0.595016477272727,0.447313559322034,0.44638999999999995,0.5946567955544163,3.457069811579911,1.076609109648977,0.3980900527864007,1.6271906654842012,356.9289669394493,32.53837348893285,83.36931001394987,229.2801858857274,284.79529544711113,4.187391605228186
185,0.43190361952862083,0.43143223905723754,0.32541497747747755,0.49453424092409165,0.3155115131578946,0.3168578980099504,0.3137916666666667,0.32153533333333334,0.2233208987783596,0.22271985407066042,0.22363104166666667,0.22325213178294587,0.7747442528735626,0.26405599647266337,0.26421965020576127,0.7523841199698683,0.7397083959633733,0.6063368150600227,0.695069308461364,1.5207233149363502,235.65870457484075,36.67117562144995,48.51414317575594,138.58935077829906,207.4012125376612,6.475925329141319
186,0.35558721804511284,0.35582050492610817,0.31887083333333327,0.40773759398496073,0.2700418637653736,0.2687507492507493,0.2685711659663864,0.2694967757936507,0.22934486607142857,0.22879722222222215,0.2290485457656118,0.2290404017857143,0.7070252100840321,0.2744627215849843,0.2758305369127518,0.4586026243133849,0.7626741333968774,0.544328924237219,0.687730976713149,1.172107142618016,238.66733868739433,31.414736128811324,42.155898907887085,138.90213532639402,202.43154306496893,7.3298387828149965
187,0.2678286223580341,0.26766553878188465,0.18635457013574647,0.5961921956901587,0.29053795877325295,0.291098416289593,0.1274872994652406,0.1276418575851394,0.2805644607843135,0.28158121520213,0.11992743156668588,0.11985434173669471,0.5965707629586471,0.3560732026143788,0.3561063829787235,0.5221666251967522,1.204112221651112,0.6684567561243141,0.4802855817578893,2.506451938699299,318.47001792972577,31.65588851141579,68.71998364872792,161.40830155242892,220.26278242907102,5.4385362412123115
188,0.26999180567749415,0.268610410831,0.1797015056022408,0.5423529411764706,0.37209274821039606,0.3732315101479196,0.10547755176837098,0.10540211161387628,0.3083432715551981,0.30850451291627845,0.10080823717046627,0.10028496732026136,0.6510888888888883,0.5071269607843136,0.5049093681917216,,,,0.365946024587597,,362.7322728325631,25.6847722601949,84.42306562381633,207.04524153295685,305.73939758480765,5.102039351328915
189,0.29667846385542124,0.29484325842696624,0.21053387681159375,0.43817083333333373,0.2573816921606125,0.2550880456349212,0.16996177685950373,0.1695874368686875,0.25522804054054,0.256714,0.158479938271605,0.15941035980148877,0.6161813380281687,0.30869984076433127,0.3085708874458875,0.48924740305457315,1.1866450234692685,0.668642853831068,0.7139816475380949,1.270934915713846,294.71827729139477,30.462138238362968,64.17841359507293,171.48884944617748,241.1921217571944,6.0490245232358575
190,0.37565110966057375,0.37591885359116,0.3159106728538288,0.5451093117408913,0.2564830629770987,0.25189285714285753,0.2339128477905075,0.23608715220949247,0.21490881147541002,0.21344656203288498,0.21209546589018252,0.21264787853577374,0.9011832191780825,0.2616832993890025,0.26155487804878,0.44701326288049026,0.9220380145693393,0.5178014259307653,0.7813793209132839,5.911771115227078,246.7814745614305,35.25652573443949,49.994298024103045,133.2556625129655,178.74310142360628,7.0513138780370355
191,0.19781589574155667,0.19728707951070334,0.29332643678160913,0.3668322557471262,0.35371866391184587,0.3534514462809917,0.34683090024330915,0.3469661246612467,0.23404485428051,0.2339437285223367,0.22456986531986545,0.2236744663382596,0.7108351990049749,0.2731170382165604,0.2728840476190475,0.8930029809737973,0.7904194590342816,0.9062421366066115,0.6805777201225691,1.484369768285858,242.93435368842134,31.890947138890624,46.37234863669922,150.04961072312048,216.243642110688,6.438987717653315
192,0.24655586413159583,0.24502000000000002,0.26550299539170513,0.6043833950290839,0.4627335928809775,0.46233890880127426,0.12092594772780775,0.12065836298932388,0.3694885304659484,0.37069183253259996,0.1836451612903226,0.1832356086259132,0.6253624633431096,0.6507547043010742,0.648784946236558,0.8420477981448994,1.7269069091951892,0.9908988547745577,0.7605314071897309,4.360819843869558,443.9191750040458,28.789337844617904,92.89776170325857,246.1351762195268,323.5546872019768,4.1555485598021935
193,0.3613214285714285,0.36281321112515713,0.3073396946564886,0.5888828125,0.40866045548654284,0.4009922360248464,0.2736097122302157,0.2760838709677418,0.3490134770889489,0.35074353741496606,0.20407015953589575,0.20618445839874394,0.7450224867724857,0.5571021978021965,0.5622423076923071,1.0919781458688733,1.28059333809266,0.49872800795118505,0.8132471916279291,3.3391437132588027,405.0617289197232,41.94158412116979,91.32427762129477,174.0120243214603,255.5300631294293,5.584914470091462
194,0.33176958525345623,0.3311321839080463,0.35347338516746374,0.6663457568807338,0.23420711678832126,0.2333542024013725,0.21809783531409127,0.21941318864774623,0.18691684861717625,0.18565484804631,0.17138316582914623,0.17275957661290375,0.7102017326732675,0.22739788732394375,0.22784101941747625,1.4599599421948377,0.8667703052652176,0.6286566688659341,0.7009341825704682,3.7389650855676733,253.3205639338121,37.255726056173444,51.294630975462496,131.45518605597317,185.68529339972883,6.713462062180042
195,0.3416791716686672,0.33490860885838997,0.2719462962962957,0.5749512605042014,0.23431517984149572,0.2364418711304743,0.19043618564177,0.18889906232763432,0.23723117686023426,0.23585130278526573,0.1818174426020414,0.18195847382431288,0.5738958752515086,0.2863435840089457,0.2862670565302143,0.4812343250597923,0.9259621133187055,0.7455609275945413,0.665839607383375,1.2607027615446724,247.39941582083702,35.9086086973548,51.613401488534045,153.59428112528153,180.20087986120157,6.441455999655383
196,0.0943128263139575,0.09351628664495125,0.12591907797940174,0.170702779438135,0.22439922178988325,0.22364987510408002,0.03951946689462225,0.039610986373490246,0.19295774999999998,0.19070885841363977,0.03985497505543225,0.040120382852521,0.355379861982435,0.208579613095238,0.209362174267101,0.40694329321702444,1.0653033208699225,0.553837656685804,0.17730564414794972,9.754639391678026,241.41998146660626,20.833819871768355,77.3186213336885,218.10909383930266,260.5880028568208,4.167045699432492
197,0.3189983314794214,0.3204134983790155,0.34073150604185104,0.5625123152709345,0.3183546373365041,0.31897763280521896,0.28168801313628894,0.28157807881773417,0.26496274010645693,0.26539180745197866,0.23044557133198104,0.2304779189352693,0.6612751436781621,0.36346987112504486,0.3643547813722,0.6528984071111474,1.0369278655261205,0.5293658272888152,0.7423553079061928,3.496342201990267,292.10065539669375,38.61203259820568,66.02091377536799,151.00555028766394,223.15982697081978,5.7431347347025214
198,0.3790359498680737,0.38349051966292125,0.21936047008547,0.45394522968197876,0.235649345335515,0.24184549549549497,0.19483865710560624,0.19320681063122874,0.20627592443729875,0.20605176380368126,0.19330983847283376,0.19309638554216876,0.8818099662162163,0.2448745777027025,0.24492550933786125,0.30043902657928556,0.9265054332937851,0.7248937408809757,0.8097001868333202,3.437928121705829,248.32617491483688,37.14420017786324,56.19256407953799,153.87338062282652,202.5725960265845,6.192323053255677
199,0.3841165048543692,0.3809919580419577,0.26774155877126155,0.64734980348119,0.2871767832167831,0.2886168734491315,0.23987387950802616,0.23815495455553076,0.23148818897637768,0.23036125991000617,0.18151828250644847,0.18198688408365846,0.7771165048543693,0.28945103604882233,0.29088686313686307,0.4320160060709164,1.0529388633980457,0.5658798089115789,0.7591666067966547,1.4608633497293486,261.4319145392913,35.04008412934267,54.715188721624706,143.75908515201166,189.69081485500703,6.509038548056896
200,0.3742315625,0.37268459302325624,0.2949640899122806,0.45416883680555625,0.2844775390625,0.2842298119469028,0.2451481717687075,0.24511585884353748,0.2293602678571428,0.22953955419580405,0.19868870856353593,0.19844768646408842,0.7143267045454531,0.2682320143884894,0.2669700520833334,0.41170692763002936,0.8272357675998885,0.5730849014424915,0.6382184805215256,2.3509803831582783,246.76809407537803,32.21463557565585,47.892900329316035,146.34118415415287,216.10013936879113,6.677163037238643
201,0.113206032526475,0.113957066719305,0.12633809192200549,0.26176706527154947,0.248356228668942,0.25083887915936953,0.03967918001747745,0.038934528218041796,0.2163011973575555,0.2177824933687005,0.0386512106975063,0.03876640429879665,0.49563748854262146,0.21919068504594802,0.21887559545621102,0.4881083543837897,1.1594929369934028,0.592584600589221,0.17628859698965463,1.996199743443648,185.18161959946156,16.912398859858513,68.34975210949779,242.3431957140565,251.09783746302128,4.261347930878401
202,0.2912590909090908,0.29230956032719835,0.21136473727421998,0.6496028138528126,0.4751078947368417,0.4727223731884041,0.15254804270462627,0.1529947203196346,0.4160818840579708,0.4164174603174604,0.14714499484004126,0.14719020061728375,0.8720621212121209,0.74973828125,0.7500701754385958,0.8735388228118253,1.839448464763154,0.5817671479025007,0.5612476139896292,7.499835439051952,465.2007046388462,36.64008885001143,112.25743413281937,185.39024652757993,317.1000086391966,4.553503822535276
203,0.2557491134751771,0.25602770618556664,0.21981573624595416,0.6541644144144146,0.40023194444444377,0.40081284722222293,0.1884936023622048,0.1891594488188977,0.35925839552238753,0.3605537878787875,0.17358267195767207,0.17284459005376332,0.6895217391304355,0.5505203373015876,0.5505724431818187,0.8919753028229765,2.9686423470697405,1.1152594760256564,0.6002161476734428,2.116539526395513,383.6573470228662,29.773367471837748,83.43165148592864,188.88403962288672,301.2691769981757,5.303364499316861
204,0.3879791245791249,0.37349092088197167,0.163472340425532,0.7593166666666668,0.23325542168674665,0.23349499772624002,0.039476801652283004,0.039228902710589,0.2527594161958567,0.2528029247910866,0.03965145543801417,0.03909726262400234,0.6203884934756817,0.34944603825136666,0.3467466666666667,0.3531958519600667,1.296197778052715,0.6516424132595816,0.1763118990897434,1.0050816484935237,275.1665228667359,28.056263302763302,63.00144596025348,168.11566893011332,226.8073537076513,4.198417688409488
205,0.32104472049689425,0.3246980211439414,0.29202385321100854,0.6172137486573571,0.28011487206823,0.28188062622309146,0.22232732919254716,0.22201506770932716,0.2820608178053829,0.2814814996324429,0.22251436231329,0.22247590231251288,0.7409673676577228,0.3349036989795914,0.33494470046082997,0.3957331014588469,1.1887830588442252,0.5491626993479297,0.8368781757335138,6.9251292320311615,271.66456981961215,44.67215455536331,60.509840425636085,157.28585754654236,217.8475127688476,6.5119704231619835
206,0.16302456807735,0.16377730226660334,0.27067937219730887,0.5447720664589822,0.4652930955647,0.4642547008547011,0.06628564062902811,0.06618143377569612,0.38486762009534337,0.3853072973964067,0.07046603069773133,0.07007911353976934,0.5700620039682545,0.7915655355954755,0.78956452726018,1.8022406512104132,5.864904101336042,1.1258196150812354,0.2546357101149165,5.8297233998206,482.77749835203093,29.24338655753268,107.62717574834824,227.754607072307,301.6029277609454,4.273689248495632
207,0.3402939606272941,0.34261855017410553,0.359380641145347,0.401449735449737,0.24429506172839519,0.24361898148148148,0.24413565098841183,0.24448029439696112,0.21917169990503335,0.22031798119362891,0.2211452546296296,0.22054653617347927,0.6233513071895408,0.2580820820820822,0.2601151699644852,0.40612544382840254,0.6728138042575112,0.5428053264973806,0.6660552716032325,0.9625850449161186,236.58055449939437,34.53890051416777,45.04217628251623,135.4106469079852,207.92525848028836,7.06831148515145
208,0.23360737179487168,0.23303102355072458,0.2997589485458612,0.32309955470737917,0.3136321271929825,0.313745,0.30882568027210877,0.30665277777777794,0.22820500886524833,0.22779543650793668,0.2216953125,0.2207354269293925,0.5996588541666666,0.27597591991342,0.2759893790849675,0.48683977860960925,0.7715788485273484,1.2916049536276801,0.6719674850447458,1.3341505005064065,239.3604974107196,30.235850135795772,42.16295880420754,139.02078305060664,225.0798735379552,6.899183305601279
209,0.228101661392405,0.22815308544303814,0.26721117424242435,0.594772478070175,0.3913323170731719,0.39164620535714373,0.2727872395833334,0.27247611788617876,0.3472512019230781,0.3472783801020406,0.20634334677419344,0.2051945621468928,0.6485608258928562,0.5882691885964907,0.5881214139344251,1.2408010867108061,1.404775722925452,1.088234917970816,0.7429252993763316,5.48429043811433,388.8679995725397,32.58580400142819,90.91279789572582,218.05679207318462,295.6314026960172,4.734656249638647
210,0.2266124338624339,0.227075633528265,0.2382735961768222,0.7056812169312168,0.42201608187134504,0.4221662551440328,0.08537507982120057,0.08603930740193667,0.3467732974910394,0.3456620370370372,0.11871238166417555,0.11804063360881556,0.7121294117647055,0.6119584795321611,0.6113872707659112,1.0527783483737698,1.8590532061655227,1.0479286855633885,0.5126481178589611,3.5623187966004273,394.2467737942934,29.437128816627794,87.00055768713355,213.22481204859085,299.17380953621534,4.325571676923169
211,0.3163755341880344,0.32044805555555567,0.24448083941605814,0.4676799107142856,0.2663470940959406,0.26637201195219123,0.23602901023890813,0.23606608422939063,0.23363126959247627,0.23343636363636375,0.21565833333333312,0.21544600474683562,0.7669661764705875,0.297689814814815,0.2975795717592594,0.45825686661470594,1.0093860570352424,0.8215726347308475,0.7851777213345449,2.681759555728603,245.7816110108979,37.423714820761234,53.099708748050034,156.8240244523622,212.86059054546058,6.266331183724105
212,0.2574867803837954,0.2577005624296963,0.26801879021879027,0.5851829670329657,0.4160227848101257,0.4161952983725143,0.19746799276672686,0.19740598802395198,0.36840038095238,0.3669116584564857,0.19399167455061486,0.19361031276415885,0.5949438961038972,0.6364186588921287,0.6358428571428572,1.187678911408883,2.5289578990650505,1.0770343607351038,0.7159922247365244,2.750669196877943,426.01633683911393,35.450755219374386,96.0290664806962,218.1108169523733,351.6739912863289,4.899868342493262
213,0.2449460034013604,0.2451682604735883,0.3355696666666667,0.6465573671497583,0.5210266472868209,0.5209093992248042,0.2805777290448342,0.28132867494824004,0.39857957650273207,0.397875,0.21447395833333335,0.2140020461309525,0.6894205729166666,0.6748587239583334,0.6830520833333334,1.1708178527483206,1.6114182874884364,0.6215496102929104,0.8513897882160855,2.8948312352896797,440.61390799470246,40.032745649417244,105.00859934836626,197.34864181373268,262.88211811333895,4.930850506449739
214,0.1760132259045304,0.17491436298076923,0.2815614277808523,0.5961620046620039,0.44524387151310385,0.44532238547968844,0.08993305799346077,0.08981764214046808,0.37368831640058037,0.3732891872278665,0.0802875524475523,0.08053441295546578,0.5534003036437231,0.7160665445665462,0.7142344913151347,0.7506321816271675,1.6063512914255205,1.0041570663813473,0.3019500479676131,3.397688075018285,444.2341965981401,28.52290367277769,95.89711329541527,220.43098265735003,301.24458538081785,4.664214793592691
215,0.32865154902587096,0.328957202171829,0.3623396584440226,0.6781116625310161,0.4404802867383516,0.4400314201927097,0.27990977443609033,0.28045239334027067,0.3417479091995226,0.34178129624149034,0.17937412527735097,0.17919005653475226,0.6876922580645161,0.5620153609831032,0.5611774193548387,1.7498277377420035,1.358813700658048,0.6192464121875041,0.6892003741387457,2.037389701305895,388.12167101329374,36.62830248715416,85.69869302934215,175.29132760941022,222.82268731824814,5.217945022929099
216,0.402116654954322,0.4034349206349205,0.2540958971824025,0.8230670347003151,0.256213363028953,0.2579533856722275,0.255605721393035,0.2553436113575865,0.24063837405223248,0.240760118043845,0.24076596185738,0.2421620348563355,1.19871548117155,0.29089838220424646,0.29127199413489746,0.5751390992521007,1.077724220761008,0.6807399692304787,0.9669705979703628,1.0918990969036666,279.8906178213656,46.88706248998642,61.33714923635125,176.07533372938633,197.3406528122723,7.449451368302107
217,0.24883760683760667,0.24840845410627999,0.20191760078662735,0.6140533333333333,0.41238199233716444,0.4111076628352489,0.10954176245210732,0.11009436392914645,0.3205558333333334,0.31976439089692,0.10318053402239444,0.10440491642084555,0.6831757575757578,0.54481746031746,0.5455423280423288,0.7254561730529503,3.616988133050352,0.9519177421452053,0.4165965882621061,2.561898156597009,389.748386417826,26.954602346652084,83.57371255341504,203.7096509916915,289.88960664719343,4.815212968322966
218,0.20338987742190612,0.20206484578223724,0.19910048763497057,0.7177640382317777,0.4633811188811188,0.46436860670193997,0.04503583333333333,0.045561762880198614,0.34794783197832,0.34801465576005447,0.04539103481163567,0.04540323565323567,0.6033925576519888,0.5544454828660433,0.5567664700098334,0.6953436354758666,3.548643704992399,0.9241412719052425,0.17643482919356085,1.4069846116832527,381.19772345655497,24.235733629514773,83.07190663698647,221.27404938348465,310.79872407846983,4.013482895162371
219,0.703593964334705,0.701169062286105,0.17211148534860202,0.51942144638404,0.196121279507355,0.19611816340310598,0.0391196993567021,0.0390782577522854,0.234315919282511,0.232401623584704,0.039070340851280305,0.0386517007255542,0.948731100478469,0.307221999427098,0.30745470536499603,0.37203448586861504,1.3934768109871003,0.605942702393238,0.17634429368688467,0.8780616009498591,246.7238577082753,25.139120407402515,71.0262218490243,161.2895866855979,251.900521107018,4.5896973460912704
220,0.47812098765432226,0.4779864041256444,0.30224726885158554,0.4140720164609037,0.3149717514124293,0.31531056241426597,0.2824607517965726,0.2819447208402433,0.29620472440944884,0.2950254320987656,0.25880695847362517,0.2596111111111111,0.776397119341563,0.3491777128005196,0.3497719620446893,0.41165467738506784,0.9739246955075073,0.634232753881236,0.7298184509320175,1.3508690384211954,266.73599301526946,36.52094121746443,52.6021433028358,165.7616873099296,180.8304080946578,7.039552588981611
221,0.28218133203694723,0.28043561716875454,0.22448446245898454,0.43580713678844546,0.27441903802568635,0.27488535353535365,0.14747689565336636,0.14750811228431637,0.25234260679079995,0.25069976689976725,0.16380950348556,0.16299354109478453,0.5677920642893018,0.3784157266091573,0.3789532183145318,0.5070531641056907,1.0522731065770992,0.6089598351840906,0.6365085951593007,3.1703644026526407,312.6651281490922,34.72119993106885,65.60907826166262,167.5356264141473,225.7429931143468,5.640400658276948
222,0.34725153846153844,0.34746626180836687,0.3226463341346154,0.4251509971509962,0.2709662802950473,0.27098885941644574,0.27098789173789195,0.2709296128707892,0.22429574098218152,0.22432043956043962,0.2249252622377623,0.22534945054945038,0.6457630992196193,0.2649098232848235,0.26594576923076924,0.36483203277110476,0.7378680620096663,0.5013146055002115,0.691803993430946,1.109800625577115,229.0849144069048,33.96919570290125,44.93452322024565,140.64885640087036,218.6089691419441,7.497938349843025
223,0.3113669724770647,0.3100849339735882,0.3168664215686265,0.3940256497948029,0.2674997464503041,0.26790623179965056,0.24694246457707175,0.24809803921568618,0.22856684491978618,0.22799390756302532,0.20696233859397414,0.20654267589388706,0.7760013368983971,0.27390370018975324,0.27366523194643705,0.3978333375415957,0.8514021497332793,0.5779414177871554,0.6915699354990761,1.2425843670634256,245.73354406611008,32.47837371685926,49.5770199717406,142.6019671592204,207.2450889767531,6.511606111684266
224,0.33316422466422463,0.33371396965866,0.30684881847475826,0.3660963010204071,0.3005266393442621,0.3013873200442968,0.28319850498338855,0.2832409491193739,0.23279475587703427,0.23203020282186965,0.21322848788638252,0.2132853174603175,0.8866860465116286,0.27640963566634713,0.2744193548387096,0.5198388898967937,0.8313681547009363,0.7703533498736528,0.6815677353490026,1.2632660462257035,243.56134235858917,33.76252550099577,46.72037321142852,133.5913731184389,199.6211624438209,7.226254092529416
225,0.34791853848457543,0.35073281671159057,0.24014457240872264,0.5292235563178962,0.3395232900943396,0.3394568940493472,0.2725575084001038,0.2719806662007925,0.30326734397677735,0.30259588848211694,0.243965368999283,0.24404549266247358,0.6366786556603772,0.27975368312225474,0.27974987251402267,0.6693849506594329,0.9923874484506698,0.6637307483669045,0.6845204125221602,1.3900060678461459,263.4872603318039,32.74068201206765,54.89913263481181,155.491914758283,240.69113226361432,6.788705897359353
226,0.370499658703072,0.371141479099678,0.277010256410256,0.531182325581395,0.23766275,0.23496285714285703,0.227973280943026,0.227450592885375,0.23231851015801402,0.23611170634920597,0.22436930501930502,0.224229549902153,0.676236477987421,0.28289361179361194,0.284708168316832,0.3533840696926569,1.088506252849467,0.5310634555896536,0.8451952119522792,1.1529676180131503,265.0018688291311,39.48999801650643,54.299302864819765,140.61927096918225,213.35348254069686,6.518519949167967
227,0.36072279614325153,0.3615895032802242,0.26388954056695996,0.4977341597796151,0.3300076465590485,0.3303152081563303,0.2848942617666021,0.2844821428571427,0.2510603674540682,0.2511987592460033,0.20810646464646457,0.2077490909090909,0.6209506833036241,0.3507072668431879,0.3500921985815606,0.8372742022753772,0.9943871679195826,0.6335861214902941,0.7285727982039757,5.139399874809097,303.9828826193557,34.678965863404855,62.64079164600734,159.5195262890422,274.8357082688899,6.519357504492456
228,0.34560975609756095,0.34291539634146345,0.2903031358885025,0.6130021208907732,0.3182375993422854,0.317920654523,0.2896112804878049,0.29234582798459513,0.2637959042797976,0.2640776053215073,0.24175042052144655,0.24192598091198292,0.7829857723577244,0.32800886917960004,0.3285242276422756,0.8225688062024273,0.9881533958656683,0.6311346312927584,0.7984040683702794,1.8363584782327438,284.0169932602382,35.391222094980684,52.31445609796338,173.028706709241,249.14021104029038,6.3468900895336775
229,0.12089571563088518,0.11671068609593199,0.125042916361863,0.328112059158135,0.197773998488285,0.19723426212590334,0.039588732004429666,0.0391694488909215,0.19705060506050665,0.19707738095238167,0.04263287947554217,0.044132208157524666,0.4120355450236966,0.20833029197080333,0.208527042577675,0.35301592858759157,0.8859054166750148,0.8797157143841835,0.17729886503157885,6.726818099231657,204.5252826064825,24.15248891338706,60.38001738488674,155.47144381950298,250.63342958067855,3.8880699624617896
230,0.3604892689470157,0.3654172634753114,0.2562475691847414,0.686168030207677,0.3068016701461371,0.3051714285714286,0.24613539783001856,0.24719171842650142,0.2798642489585886,0.2820967032967029,0.22333777592669715,0.22404586977648142,0.8873419913419915,0.3753145780051157,0.37516730702060713,0.4684771118815818,1.3221611714196813,0.7232514764256202,0.9242905560442436,1.9468650795798725,294.1271988674998,38.94499968737364,60.6214561100517,173.92456731093782,256.4891041921718,6.135799256818635
231,0.0969350245190495,0.096422459450513,0.125067007797271,0.389318493150685,0.3706717687074825,0.3677409560723525,0.039398775159931246,0.03906018046863625,0.3343789198606275,0.32944642857142753,0.039471988900555,0.0387540894957415,0.486840148698885,0.5438198113207551,0.5460827991453,0.527548154382962,1.8261832045215447,0.4844455803729856,0.17655130538238697,1.5566564308705486,336.37192682363093,25.32321959733963,81.74461545422673,257.11634079925716,261.3408141769469,4.3019012082368135
232,0.2959711111111107,0.2965207692307693,0.1989786301369867,0.5673786666666666,0.39765087719298264,0.3985092592592587,0.198368309178744,0.19877592592592536,0.33252310077519337,0.33247536231884,0.16563550387596934,0.16561108433734933,0.6156345454545453,0.506147586206896,0.5029613793103453,0.9088072065794937,2.12002531383414,0.881947722323304,0.5413784446863399,2.902143274501728,376.5300512313843,30.614639011522133,85.78973822295666,200.70989181598028,317.9700120041768,5.602772037188212
233,0.48880228832951944,0.48606663837011904,0.21205807622504527,0.4201697266421868,0.5345159774436105,0.5332490880666999,0.21284579870729475,0.21234803558191262,0.3956153250773995,0.39602786377709,0.18357541720154053,0.18369720795892158,0.6832435003170579,0.6089934210526315,0.6089284447072737,0.846476983694175,1.3930701641466081,0.6510269562836654,0.742474024757214,7.746501494583039,435.16679495376974,32.468072726930444,105.1797678596095,236.3989558561068,461.50238547278076,42.621288938741934
234,0.2736540476190475,0.27203537511870834,0.2186795472287275,0.6524427437641726,0.24953181818181833,0.24886022286821666,0.11481155049151,0.11513250448028667,0.23978580402010086,0.2385260673234808,0.10499703112203083,0.1054967015909975,0.6600568965517241,0.2852852777777775,0.2849972799208708,0.5094309862941365,1.142236056428373,0.6410553988830311,0.44471091222506814,1.1899459628851827,284.77587426702183,25.062839267775416,61.23636461173495,190.0088565889746,232.18279820866883,5.480266797045867
235,0.31657807486631,0.316001204819277,0.27943551912568304,0.453931496062992,0.452680859375,0.4540801587301585,0.396105925925926,0.39668620689655204,0.3184083850931675,0.31812397660818703,0.25034756097560995,0.249914077669903,0.708251333333335,0.43211492537313456,0.43071806722689104,0.9755510231434774,1.0142062432470567,0.5307810737547385,0.7918233804970531,4.402930568552032,340.33887670375407,37.575201131403446,67.50428001396358,170.4432617407292,230.6010527536273,6.046755006536841
236,0.3184754738015609,0.3163445652173913,0.2829035326086956,0.49500260869565216,0.3940707384403043,0.39327993897788044,0.28444911610128915,0.28465795266923477,0.32633043478260865,0.32597273982056524,0.2198908780903674,0.21923273657288914,0.6599537346711262,0.45801907719609564,0.4570080515297913,1.5166178048743166,1.1777733800240677,0.6504681740408832,0.7527147431745006,4.302894343189419,351.77854841332066,37.473869388518125,79.28590512955967,170.15176379810208,237.63235202868995,5.774521876288497
237,0.33576696165191744,0.3380050682261207,0.3243225806451611,0.38205407407407405,0.2846578220011055,0.2854592092092093,0.2844192592592592,0.28503703703703703,0.23026658950617296,0.2302610610610611,0.23174591796097185,0.23038724523339926,0.7734588477366259,0.2745792699173992,0.2745129229949374,0.4492857181346054,0.7760935800346423,1.3451990530521882,0.7208433400002533,1.184263951838365,236.89735508351416,35.850858936707176,47.72838825980822,135.64909998051547,229.18090431226625,6.9974300762017565
238,0.2408114285714286,0.23871111580726967,0.331660569105691,0.43976724137931067,0.292772384305835,0.2931785714285714,0.2928494285714286,0.2923585714285714,0.2368816445182725,0.23692877906976748,0.23751796805678785,0.23713834154351393,0.77632554945055,0.28886224489795925,0.2892613981762918,0.4143227670146759,0.8185703625318598,1.22851718407496,0.7477607686300612,1.4662834940832454,247.12114661399806,37.23609427522336,49.24661978813155,145.2700376311051,197.68377366874898,6.663661250578506
239,0.3157345571095564,0.3181295034079846,0.28026410256410256,0.5181522762951334,0.4346498834498846,0.43372247360482563,0.3304189144189154,0.32981858974358974,0.33059116809116923,0.32838390313390253,0.22939676113360336,0.22908953341740235,0.5582443746729461,0.4277439842209077,0.42943747534516663,0.7563922025469061,1.0499077960219156,1.2199701461938115,0.7450518752311847,4.079457190315767,342.878612737434,33.664143978594204,66.36262525064059,188.29281250826824,305.49174616447624,5.965064375255352
240,0.3567863421230568,0.3574332107843137,0.25963205035100395,0.4625220588235294,0.361573443412453,0.3611777356103726,0.17771,0.17773799598579587,0.30341148459383727,0.3032736694677863,0.15058130718954255,0.15071364653243843,0.6750735294117647,0.4685968992248059,0.46935119825708044,0.6190363888549784,2.144463728693413,0.7636814384982235,0.5018639029168535,1.5527898532711912,350.34250057138064,30.42415962280596,71.4513158206554,181.24553493644092,273.11145117981175,6.311221559550248
241,0.3093079772079773,0.30292116402116404,0.2640514211886303,0.47683789954337996,0.4118936170212767,0.41989398148148,0.24259033333333332,0.24534987834549865,0.28160322580645164,0.2805581333333334,0.197958527131783,0.19636140350877201,0.6425543209876533,0.38353956043956,0.38261391941392,0.7278120205347042,1.7268575712102396,1.422495870178437,0.5882367366605998,4.520149429154619,303.9648678774635,32.27013706540068,65.39358369385202,163.35601297517618,387.7712708587448,5.632343236356974
242,0.119379100177305,0.11755221745350501,0.12733216666666666,0.46207695690413336,0.30699333333333334,0.3044393132030783,0.04215731726162883,0.041112336866392665,0.28055078125,0.2873612869198317,0.03955931394153083,0.03961635006784267,0.36161486025903167,0.493081652257445,0.49310910652921,0.8019031414247962,1.3358322807422105,1.2289024159567932,0.17441576174493126,1.428208826155186,401.7108934931457,23.667832526067894,96.20608761906624,271.7917358192305,382.11677068223554,5.120950906227033
243,0.22241449652777792,0.22307296849087876,0.26615502793296086,0.5724067164179084,0.51767959770115,0.5177093253968249,0.08724245886654458,0.08702557680631458,0.3906304644808742,0.3902750677506775,0.0848618220597196,0.08486860174781542,0.5977658450704207,0.7632091346153834,0.7618385416666666,1.211549544299981,1.8090479896877187,1.2117445961506468,0.3795851474221675,2.57560278406659,467.12626644875854,29.079776140861213,107.06097139821698,235.48230819869787,288.3763362963994,4.144754105557998
244,0.37693692810457496,0.36887464080459836,0.3036345238095233,0.5234286474973383,0.22426527050610834,0.22441721275666163,0.2260134952766533,0.22435754504504501,0.19669895382395333,0.1958369565217383,0.20326330690826666,0.19695426608821331,0.6259851063829783,0.24668639455782335,0.2446132119514467,0.4401760189547515,0.8710295864699811,0.5595348386279337,0.7926943170610506,1.1142229994297645,237.32502401495972,33.761103016634785,43.7020828636984,127.48203783606489,212.87580020725727,8.099134235332409
245,0.295485714285714,0.284085267275098,0.221329072164948,0.44329105367793203,0.25751087470449197,0.256007222914072,0.20247427055703002,0.20204173913043402,0.27215088607595,0.272083570504528,0.227759047619048,0.22640133206469998,0.892774273858922,0.309171729323308,0.309214488636364,0.35064186207780124,1.0588148577005019,0.6591364592809121,0.7357986608812223,1.27519096006086,233.5870824754238,37.377579137682915,58.22299513965845,161.81448474526405,208.37966352701187,4.446236416697502
246,0.3254157014157014,0.3280439560439561,0.31235833333333324,0.33672599531615927,0.269898766700925,0.268765406162465,0.26878431372549033,0.26905423280423285,0.21620794590025355,0.21661961115807288,0.21775547996976571,0.21734542705971285,0.6355574912892,0.25583768177929855,0.2561685814185814,0.42603959917329526,0.6791744176879332,0.5017935962746362,0.6736490964320806,1.2314015144300356,230.7855399392013,31.288107857108116,41.55925292122577,131.89508130640857,220.35293264447577,7.175257529265115
247,0.3985253927658022,0.3963412851096574,0.3333430434782609,0.6138448883666261,0.29678347826086954,0.29683875611862953,0.24592418076675956,0.24528905876731955,0.22463348036126868,0.2242473763118439,0.19001114827201782,0.1896741749607126,0.6682049689441,0.2967018266014922,0.29528739130434783,0.3911974816313846,0.9958422220399104,0.5628810965287494,0.6827045292840364,2.462086030708059,267.0427956415907,35.64505756873152,51.32343377108159,155.62087216455004,241.59710915030345,6.214556608187116
248,0.2539146929824561,0.2547850322007544,0.2142504665920123,0.5324215024741333,0.3515139701104615,0.35248700454840876,0.16520880069025018,0.16512216320618053,0.3065324295587456,0.306459064327486,0.13585401002506264,0.13538235660072176,0.6376823308270684,0.47530492898914034,0.47474313990103506,0.716362397407655,3.1957060722634667,1.2462914214809884,0.4421503261090886,2.02223406067344,349.20069789350555,25.604090555325936,77.62613158934472,174.5924917294791,268.7460689789109,5.77221395807308
249,0.17541136173767755,0.17491061359867333,0.22913520249221112,0.5843464646464644,0.5072124444444444,0.5048775599128533,0.06754043392504933,0.06759476744186045,0.4041057613168733,0.4045264367816088,0.06509073015873022,0.06507806431072911,0.63662792022792,0.7926118518518511,0.7913326164874556,0.9463797127714051,2.8187294132495078,1.2486180512232314,0.25127537551643286,2.2758173507568644,493.29006216592256,26.257557587491142,108.25343119601409,256.40007263670367,385.4555134764976,4.206197336316109
250,0.27769146216768875,0.27693968340611375,0.23481649908592375,0.5746450000000001,0.27637228260869623,0.2789702102803738,0.1990517178362575,0.19937900534045375,0.26664770599251003,0.26642922794117624,0.16848391812865499,0.17014323607426998,0.820448757763975,0.3007233606557375,0.3008857060185188,0.3689253783804062,1.1337139747406413,0.48132648537414796,0.7702725530694425,2.1460953814704986,275.8651244221255,34.908344969153404,50.674137310124934,130.4117002291605,175.82070140633732,6.57503551337868
251,0.2918859247967479,0.29352140410958955,0.25393063446969794,0.47698958333333336,0.45607689393939377,0.4560350177304959,0.2495614959839354,0.24974927325581456,0.32439386261261244,0.32426104797979793,0.22119918224299165,0.22112712191358128,0.7436380208333332,0.5697538759689916,0.5251707317073167,0.711401508540452,1.2927517622191973,1.1846658313194645,0.7462639656791339,1.8645904743079145,352.43497259216383,34.78788858046755,77.93629629304633,160.84044861296812,300.6162796130714,5.8561956393532455
252,0.12681600877192983,0.13487051104972383,0.124428640541848,0.36372813688212996,0.20426955475331,0.20467086674303167,0.039370756084535004,0.03944560868090883,0.20100095565749168,0.20019661610268336,0.0390407879320445,0.03926744809622317,0.412107704402515,0.20969042101197333,0.20971516966067835,0.33642472314397437,0.9555140623964548,0.8548424398480067,0.17555899116855012,1.0809449086507463,228.90611629312238,19.633537158370018,52.10522018993894,153.83794670924544,237.99908036986986,3.9253694315751395
253,0.152266222222222,0.152180739795918,0.127114819136523,0.5385228971962619,0.358383177570093,0.360694035087719,0.0701998633879781,0.0697654057352044,0.32431671924290206,0.32421922005571,0.10710122324159002,0.108267729083665,0.37083298245613994,0.581460962566845,0.580960451977401,0.6019616915263786,5.206952321868379,0.933840834440692,0.5892973141780219,4.909113645941486,337.22611842677,26.46787790581584,110.09229812771082,262.75418931618333,359.07502518966794,4.295341204851866
254,0.225152066115702,0.226687229862475,0.171695137763371,0.846968548387097,0.302931926121372,0.300547447447447,0.13899566395664,0.139923716381418,0.317628173374613,0.317763905325444,0.12546699561403502,0.125930832356389,0.582160752688172,0.409425896414343,0.40976373239436603,0.5446805098410421,1.2692070467918695,0.6653369492961655,0.5975769030001219,1.3447320093594206,331.3945117406547,33.56742672622204,72.16267753392458,195.04931289702654,258.9536178857088,5.012720357626677
255,0.26905035714285713,0.2668686131386861,0.22062723214285712,0.4859494047619036,0.41828125000000005,0.4169887955182071,0.3020748847926268,0.30174245472837036,0.3199329192546582,0.3193150726392254,0.22649449088145895,0.2268658247829518,0.6382306791569071,0.43653571428571425,0.4373762175324679,1.0802934499951533,1.1392640868035593,0.8894011845960605,0.7430325205921852,4.90370790836183,362.2058105455445,33.63347246444651,74.3198990156608,179.04721649496682,286.13649857496574,6.073043082973787
256,0.18113174050107858,0.18052637944066524,0.26407596371882097,0.5684274640088572,0.5139057644110286,0.5252662131519286,0.08550506186726667,0.08519883170659573,0.38719114688128764,0.38663270579549663,0.08469431377403666,0.08465375442059381,0.6226890418818143,0.7597099567099571,0.7583355654761904,0.9486900026903834,4.051228229268549,0.8621432933514436,0.3092271466813873,3.1658594430192446,471.4010660314844,28.905999802407763,101.39895713932458,224.5053637861496,318.5187510791279,4.817452281713486
257,0.38481497797356834,0.38394768310911837,0.29706495468277916,0.5829327586206899,0.2379483814523183,0.2364555709023942,0.2245533498759308,0.22491666666666665,0.21711230964467002,0.21695661824051668,0.20621793394777246,0.20603734939759,0.86766220238095,0.29502692307692335,0.2952578718783933,0.9807801573115817,0.9795481816987567,0.5990687046256556,0.8208667437859566,2.790670048110716,251.95555839066705,37.815027947848044,53.35984945607682,149.2967247031629,210.12973544808725,6.134858510146539
258,0.30050957095709563,0.300682183908046,0.29744277777777767,0.5839853535353534,0.37332820512820664,0.37277269503545996,0.30069859943977595,0.300470796460177,0.31395493827160503,0.31381350574712635,0.23186178861788634,0.23011666666666666,0.66182183908046,0.47309298245613995,0.47357456140350995,0.6368671410651333,0.9405852436294263,1.145619673950997,0.7592796221752789,2.918550616542376,311.25003394360346,32.976557655880846,63.95999575033784,177.79729484270015,265.80716560905176,6.368876590083043
259,0.3437727437477355,0.3441213669754064,0.291728518412789,0.3880271837622323,0.2606404101025255,0.26162147529889485,0.2511016477140868,0.24991036690470325,0.2300143131809442,0.23053407258064515,0.2280427913100726,0.22916783216783226,0.6240860215053774,0.2680064980273845,0.2686990135963742,0.4931323555905646,0.7903237957167323,0.521511119431079,0.7283857614569486,1.101146422685883,240.96690448782135,34.10517087867183,47.72386108074458,138.6426967538653,196.74392852691872,7.005587160106628
260,0.3125711246200607,0.31270297619047643,0.20183597883597856,0.5074822537710736,0.6339291208791208,0.6324599303135886,0.26397686116700214,0.2642384014699129,0.34797369994022714,0.3478775510204079,0.18301904761904786,0.1824984048209857,0.5652040816326529,0.6116031149301829,0.6112902857142857,1.3942800217410445,3.207318961179742,1.108532296075993,0.7619856766834838,5.835835807311986,430.0809748071645,29.235223441251687,97.50198140474302,235.47960611592447,406.9547268695065,4.818885853247983
261,0.27989057239057286,0.2771775475788972,0.30579375,0.6931622276029057,0.23728409877682857,0.23731144631765713,0.19033887043189426,0.1899175753095543,0.2184141434667757,0.21632796780684144,0.16215136054421714,0.16221879021879,0.7038859957776215,0.27791369047618997,0.2778555225492843,4.145732395577147,1.118585921224861,0.7234687275812838,0.6984871543553067,6.649709869571882,258.5149869056685,34.46787263133696,51.39913409948349,134.1480894812516,202.48835374202048,6.609100715390274
262,0.282258181818182,0.28224534313725497,0.3061818666666667,0.3655682539682533,0.2708180365296803,0.2702993197278914,0.2651291989664083,0.264720138888889,0.234238,0.23394086757990867,0.219408547008547,0.21901267893660534,0.69287696969697,0.26813460559796437,0.2683732283464567,0.5068416044444221,0.8148049661726084,1.109280347749526,0.7262469845672673,1.086537207447349,249.00282733142376,31.495246415336926,44.26719077552358,151.04751645897827,194.53577930107713,7.5526100893815356
263,0.314991319444445,0.3172911147902875,0.21435789902280125,0.5544445652173913,0.2572224056603775,0.2584836026615975,0.16691503906250002,0.16440360411899374,0.22996682464454998,0.231213362068965,0.138704594594595,0.1372354484732825,0.5710587649402387,0.29470419254658375,0.29535235091743123,0.449976106277671,1.1512131032519501,0.7021989960817291,0.6667450664496164,6.1362877208313655,273.6569265834987,32.50860027037561,59.694680385291576,163.86706847697496,252.50979815609753,5.704362411051989
264,0.33091864514086666,0.33015240564678716,0.2654265734265744,0.4589182963928718,0.3314192890442897,0.32995134779750257,0.22939414567733152,0.2288074888074887,0.2678531925590744,0.2657784826857,0.20792104777716283,0.20897102564102563,0.7172899408284025,0.37991488603988716,0.3813963046757154,0.7250866963715491,1.2145081344271016,0.6397216214220921,0.7089024848730725,1.4533166022795403,303.2465059405718,34.557984998592964,62.98605197419723,161.3776671150938,222.72518597161158,6.326264104782006
265,0.17173427838938315,0.17506135338345843,0.20565432330827052,0.6146794736842105,0.37988663967611314,0.37451118421052637,0.10646239803329999,0.10587279046673263,0.3535131578947368,0.35460915602616006,0.10450495525834684,0.10285404232230053,0.5913408277976473,0.5057728070175438,0.5093143138219379,0.6767715624075906,2.655784361147585,0.8111932046933447,0.40564438382522894,2.6347471753569707,388.48692600272204,26.486294442101528,83.59817959564297,227.6562362615215,313.84685763010856,4.479472868536648
266,0.2501,0.250036458333334,0.336177183098592,0.498669130434782,0.41928872727272803,0.41800290909091,0.264365813953488,0.264467692307692,0.316882777777778,0.316188266666666,0.20068843137255,0.200464485981308,0.634021935483872,0.482402727272728,0.48131499999999994,0.589616524108677,1.2047903217518563,0.8908304252148368,0.7091806549919746,1.6279810526256662,357.755028642714,33.807492814958096,76.36191556230187,166.96527414023876,237.28893045336008,5.81286009401083
267,0.331416564417178,0.33124695340501803,0.269310213776722,0.549641062801932,0.223456660039761,0.221458076923077,0.17532107692307702,0.173878148148148,0.21873706563706596,0.22002606837606803,0.19516157635468,0.199173518518519,0.785044897959184,0.293961344537815,0.292358981233244,0.460885386191789,0.9437010553831,0.5163861200264843,0.7390896007048482,1.3577738263235277,231.19133431464434,34.0362498536706,50.91122351586819,148.105351254344,194.970506709069,6.5196817740798
268,0.12463891285591025,0.11602576489533,0.12430631691648826,0.434384033613445,0.180378,0.17777632450331124,0.039167139384116756,0.03897821520531225,0.1912862993298585,0.1922134235552305,0.038857380048793744,0.03913385046473475,0.42058637026239,0.20268855337078648,0.20194396211523274,0.3200048043417861,1.083907555768382,0.9916540953370171,0.17692786898662471,0.800963932703704,206.63304603658617,16.326108016073704,46.95735406130552,151.18785086087883,236.59344296902418,3.9961771108210087
269,0.31685675381263667,0.3254020763187433,0.29805873015873,0.6178327316486166,0.21398127549128665,0.21470867850098665,0.215649664147775,0.21442942271880835,0.18448472075869335,0.18311431316042334,0.18338712431694001,0.18368606321838998,0.533768205128205,0.22673502109704666,0.22474461417939665,2.933250134813061,0.6793402673431327,0.49288683815527445,0.7306066033171693,0.9976854197900101,226.8034111087521,31.76147195821007,42.48694749549031,120.87844855462511,199.79658148561916,7.448000057289998
270,0.21484268406337378,0.21524144144144133,0.2420988556123692,0.42079484029484054,0.2854274097105946,0.2841653855690541,0.21139251559251565,0.21300611560465565,0.24379882491186836,0.24922807017543866,0.19489070945945947,0.19182611982611972,0.6068248648648649,0.3249507319819811,0.32453831478537293,0.4738078249311041,1.9632327669088916,1.1772201176997692,0.6469319418335066,3.5061794657238634,282.8454668004368,28.910172624966584,58.752738845509455,170.3367247623769,276.56537619092177,6.4738598224279045
271,0.11394646346229,0.113974652854309,0.12404519835248198,0.48205122180451143,0.2049499643874645,0.20487699680511198,0.0390767823103317,0.04002933127499825,0.21840971168437,0.214505793048342,0.0390182255845942,0.03955605296817395,0.40706322869955147,0.231664485559567,0.2326682342881575,0.31994078790389174,1.174449848818013,0.9183378137508876,0.1778888061651905,0.8860486036327851,251.5923930332065,17.86402426660061,65.65303774550557,153.49130844697356,268.33227602764964,4.677707329392433
272,0.29983104631217833,0.2987629969418967,0.3195143839899933,0.5151296296296299,0.22439508323654667,0.22603398692810497,0.17623912298732503,0.17328907890789003,0.20595787988714165,0.2074125,0.16316680851063833,0.16230362195812117,0.830607751937985,0.24750890585241667,0.245119444444445,0.3739841778544985,0.889382572632782,0.49409665298975725,0.6283322649495648,0.9228302661760818,250.38334230581918,31.546262713770073,51.749765407294035,133.25181401645145,186.32614519447088,7.456215098500252
273,0.27157161733615254,0.27214106805293,0.24479345794392499,0.7613444940476187,0.2368630742049475,0.23788155594405624,0.16922463151927375,0.1697415680473375,0.22303530092592624,0.21864675572519124,0.15272597919216624,0.15231227810650874,0.6114045893719813,0.26545071047957375,0.26523905109489,0.38711675119451194,0.9887137538055972,0.6393175453913235,0.567100815462244,1.4088960738336649,243.36657370440662,32.98913361504674,55.233933380804956,143.30841950140893,200.03101089969277,6.395464879460633
274,0.280007103825137,0.280388443396226,0.19523783269962003,0.40256561264822094,0.22286572668112797,0.221995464362851,0.17527767722473603,0.175636251920123,0.21935749486653,0.21979487179487198,0.167529672131148,0.167155466237942,0.6320664804469269,0.267780930232558,0.26680800000000005,0.36078525756443125,0.9174810761992397,0.6828722086584769,0.6721383977849611,1.2279542461423367,244.49516087770462,32.44733437895775,53.2628083601594,144.26260255277157,211.38852695003152,6.737168878316879
275,0.348914577259475,0.34783656957928805,0.21057200736648302,0.57859247311828,0.306460895522388,0.30488017492711406,0.209082577132486,0.210374385964912,0.273072037914692,0.273582712765957,0.184293880837359,0.184306119162641,0.656789830508475,0.342363725490196,0.341835736677116,0.6553655592149907,1.370653919944458,0.6422722944333381,0.8247611843516088,3.926667394792477,291.5320894680917,38.57071744278073,61.80851487442851,169.71566947177052,233.50283037871122,5.731999408453703
276,0.3698482173174871,0.37163399503721933,0.25821931003584225,0.6434750733137838,0.47887725178047746,0.4788308755760355,0.11572560609096387,0.11590614008642355,0.36944372759856775,0.3694800383264129,0.11454697035745419,0.1144564914376742,0.746955820476858,0.6728058542413388,0.6718997067448678,1.5470030015421283,1.6720055016864466,0.9929661676026528,0.5123900410784183,3.2134506467338295,409.17377167892073,32.226110417996686,96.7771701154209,217.79015735392608,317.31452928074907,4.447277845634568
277,0.3751257253384909,0.37615013774104544,0.2868282828282827,0.4203873517786576,0.30282424242424244,0.3022418358340688,0.2691448632668145,0.2707239393939394,0.2425210700757576,0.24161090067340063,0.20971396396396394,0.21004915003695485,0.7728390572390575,0.28761264822134397,0.287885934819897,0.6356291206942104,0.8823687065316871,0.5240967332996012,0.6968513300254102,1.1838880685257582,256.4843116102345,32.75086425922134,49.40525431073073,150.1041478618528,221.7999871142886,6.600002983980106
278,0.20979153354632601,0.19919045961002776,0.16759921557234175,0.2725505076142125,0.8589566993464051,0.8589358552631574,0.047713936328967005,0.04741239158516325,0.33555467836257247,0.335207558139535,0.04749662661737525,0.047397833964750495,0.40789315352697,0.5598626692456475,0.5595665938864625,1.0581092088464668,1.3968341272636657,1.0278220232711108,0.1746468556040241,5.743430951651879,335.8511079568416,32.42691163904965,96.07000974938273,220.13188572600484,627.3377512115985,4.470301792025566
279,0.16478013530135333,0.16532723185613332,0.26732083333333334,0.7316323155216283,0.4484372937293733,0.44782024432809747,0.24501456542502417,0.2450575453677175,0.38368834080717495,0.3830284810126583,0.2027124735729383,0.2022994417862842,0.5137480276134124,0.7682435344827584,0.7681054131054134,1.0856400173778946,1.81814902442449,0.48978816737843395,0.825658964974373,1.8219414268639609,533.2112001876036,29.35281760680179,115.98295144115885,272.58312717701,426.5500931069255,4.2628593898067875
280,0.34562134646962284,0.34139508002371144,0.2544780304703029,0.5747553138902614,0.3040939537640786,0.3019580456718,0.16234235089384572,0.1622333535108957,0.2721903876792357,0.27270392989909714,0.18035259063068998,0.17990339836375144,0.7954845360824744,0.3397436788874843,0.3395787037037043,0.46786861094047844,1.108244308782263,0.7089965276752809,0.8293974572512323,6.9818286596702235,275.22106455372915,33.586774952709675,62.649218099457876,158.81196263113193,206.40455186367035,6.061273493937084
281,0.3974771671826618,0.3981972318339088,0.2908670186023126,0.5273656186612589,0.4266867647058823,0.42702655228758235,0.36771413199426173,0.36686627906976765,0.3322505767012676,0.3314435061153176,0.2702542016806723,0.2701820588235294,0.6914503267973853,0.29611233167965884,0.29709890681936474,0.7306727797087464,0.8738180662512373,0.687501241475671,0.6796323210280941,1.633473283884276,246.5273007093107,33.197673859403416,50.56776640498463,152.44978781351273,253.58623482615633,6.4426731756504845
282,0.32561538461538464,0.3255033950617283,0.22663354564755833,0.56609470899471,0.47952441314553995,0.4798653333333333,0.21853388278388267,0.21774674796747964,0.38009777777777665,0.38035816993464,0.180496842105263,0.17560449050086369,0.6787673076923066,0.66830984848485,0.6719544871794868,0.9306509724254217,1.6291294795637996,0.6264449431166084,0.6853256049734363,4.5724991751336574,430.60755589976907,40.72745408241948,109.16721463824312,200.49388287588954,328.5654595432182,4.61651710793376
283,0.35494688644688654,0.35621743176178655,0.3418520710059173,0.6057531185031193,0.37922811671087503,0.37963171262699613,0.2947996361746365,0.2949259471871403,0.3055832489878539,0.3051068047337269,0.21698055790363463,0.21710566356720193,0.6510418552036192,0.4386555555555558,0.43844572649572694,1.2556161677599431,1.1240467956346067,0.5199864465901084,0.7355247205611846,3.5354945670871487,343.2367807433296,35.78312954722116,73.77987449917083,196.13907609779673,271.892965807078,5.953955517795223
284,0.16188932432432437,0.1623374647887324,0.2880505,0.724771333333332,0.438510769230768,0.43875695238095197,0.0862366101694916,0.0868085875706216,0.37354796747967484,0.3729950442477876,0.0864193963782696,0.0869121616161616,0.5776955,0.755329629629628,0.754480714285716,1.30959158820345,2.6671873825554213,0.9910948822720766,0.3054075372721199,2.081284403482392,428.080583922565,28.484584763646126,96.90617304295301,211.49165835231543,319.07552760094404,4.927139729261398
285,0.1200902193971705,0.13163915547024949,0.1712355975924335,0.53209689119171,0.2047759684607475,0.2034081272084805,0.079222332934768,0.08033428571428551,0.32505517668939854,0.325297289666855,0.132522555410691,0.13203614750121298,0.6065529685681,0.4104136863823935,0.408647458840372,0.3509040576497025,1.2665790298655242,0.7444867899321606,0.6208887953477913,0.9070311251877883,236.62716848775744,28.93469063565135,62.94135237112641,213.58052035793662,200.70764003321528,4.715949762612581
286,0.34345422535211273,0.3428289345063536,0.20700291492075093,0.5694747474747474,0.25065685633311546,0.2509714664897146,0.13858376963350819,0.1382365519096291,0.27865943012211636,0.2792328358208955,0.13349428713363182,0.1342309299895509,0.67941889483066,0.3660396351053791,0.36506420851875365,0.4756601444951915,3.2287991689844806,0.8472003794458245,0.5617688103299135,1.2359328484609413,335.40012399581343,28.051653961566362,69.48708641258153,160.56134111501953,264.63995560665023,5.479918962175196
287,0.15699657628047117,0.157360941586748,0.15228770949720666,0.6792286549707599,0.20191381692573337,0.20064503042596335,0.04002307749850383,0.04017124618373583,0.23296783625731002,0.23278665865384665,0.03950504018526083,0.03922163552667216,0.5450025542784166,0.32390372474747503,0.32371635220125833,0.3013441312289839,1.2466211479776657,0.6886856275590686,0.1773389889417065,0.8844944282071591,250.86948880925775,28.157370009769995,64.96826341996591,165.0467049330473,233.5987713498374,4.087349710365136
288,0.36034111989007317,0.3610331010452951,0.30240020980854876,0.5792469512195122,0.32944583096993657,0.33027347560975606,0.3090178672716951,0.30969590036325856,0.26025826558265613,0.26159606769537075,0.24338304297328683,0.2435121951219512,0.7047317073170732,0.32603939962476586,0.32649614890885853,0.8209702376090594,0.8955168423623889,0.6740192860157517,0.7676583286720894,1.3968119086389845,268.9605686677302,34.65961767133416,53.62040431397717,144.5014995136639,223.0688072059576,7.00458100565323
289,0.218279826014913,0.204593973037272,0.171491369047619,0.6024765135699376,0.23148739873987398,0.23183333333333325,0.04762906070168925,0.04764447463768125,0.21464612807148176,0.21536954206602776,0.068996055745464,0.06905929741151601,0.62162708830549,0.26434187568157,0.26417017383348496,0.38172893773674205,1.2259926745691954,0.8350503666031996,0.36406649595647,1.16433828787432,242.07482929341495,27.395610231906176,66.67620618827641,158.09484757483006,219.23838066868484,4.0127255488187075
290,0.4673359375000001,0.4720060606060611,0.29686718749999996,0.47781666666666667,0.30504710144927505,0.3050907210401889,0.2921660939289805,0.29185,0.26679305555555555,0.267468144750255,0.25652327327327334,0.250435507246377,0.7169955808080806,0.3167299054373528,0.31721380471380556,0.4592591003029923,0.9479292900318629,0.5989958021987617,0.8208631975050175,1.2350771474666615,272.56692475121883,33.900886127311324,46.9485588837415,152.58516585971745,218.53583101700576,7.166146921614806
291,0.19026228323699407,0.18948600260416656,0.27777554347826094,0.6749923349056595,0.4246025,0.42527215189873435,0.21705458603896094,0.21680676020408157,0.3889215029761906,0.3878948863636375,0.17442719414893626,0.1745519701086956,0.7326527777777782,0.6020410879629625,0.6020927083333344,2.0471452627010764,1.4095266620542366,1.1052977281464014,0.6706552424891614,7.641838833024085,398.71478293207474,33.70074700796977,95.32256590318866,228.3405585330911,333.43074028380215,4.457371687749401
292,0.34244742729306477,0.3411449404761905,0.17736840295685047,0.4723987577639753,0.5346537414965999,0.5353630363036286,0.14406075949367095,0.14378670911261426,0.4509519400352733,0.4519899749373434,0.17982629330802094,0.17883992554676573,0.702518443997319,0.7434076479076476,0.7455077129443334,1.1344126906916467,1.7196640912003476,0.5909568587936663,0.6718991825646361,4.562228128524326,460.27509517790304,32.35776066070511,117.34477510409695,209.4836916685814,426.21884162404706,4.026190643864019
293,0.27592123655913964,0.276158717948718,0.29760054644808737,0.70532156862745,0.47727833333333336,0.47718888888888994,0.103242857142857,0.10327996406109599,0.3637209219858166,0.36443794326241,0.09946074847693634,0.09932974806201567,0.6985820987654333,0.5540990338164266,0.553878125,0.7086880966433998,4.0904888060699935,0.7232854787293673,0.4161772776022331,2.9382276204923827,383.24971372882527,28.80225656554103,94.78717111051083,195.70123481874666,238.25565042595068,4.957589941720168
294,0.32929339339339336,0.32980469483568003,0.26966743295019113,0.4725817460317467,0.38906862745098,0.38936666666666675,0.18541127214170688,0.1865559027777778,0.32124417344173334,0.32137777777777776,0.16219153439153444,0.16218888888888888,0.6852019607843134,0.5115546666666667,0.5108039999999999,0.6748440497798291,1.760316998097247,0.64704040684566,0.5251268277930793,2.5742442319340046,372.8147772037321,30.113430693745613,74.03703251232703,198.10582304166422,302.51444938282174,5.874762622018655
295,0.20619392857142857,0.21066653779238287,0.24399258160237428,0.6891900777047215,0.2891615231458443,0.2895335219236214,0.18041695580027142,0.17966969749956285,0.23695039682539715,0.23788238018059712,0.18645877451831286,0.18611847111726001,0.7638073916133614,0.3129748221127529,0.3137002442002443,0.3342774172602963,1.0877905888788482,0.4942367996518872,0.7737047531337664,1.5699257274621912,275.72743128985167,34.066798564578804,53.755942332957474,156.88085529421056,217.12022966572218,7.618700952402183
296,0.28995449531163786,0.28921747328724057,0.1616600772200773,0.5185158039395324,0.48060700044306487,0.4805518018018027,0.10925956340956351,0.10890285167056811,0.38766856330014327,0.38830995552514597,0.09683965880774378,0.09746583850931674,0.608750164798946,0.6647694077055785,0.6652641891891892,0.9384495291654091,3.1937893664906336,1.2954138450333454,0.29511845687753907,4.790172541601428,446.86176650528165,31.260301585535746,108.3098484102536,232.01645188335632,393.0028616073164,5.12470566743129
297,0.3292502866972475,0.331761557177615,0.24619324712643628,0.504,0.276057080924855,0.27677884615384624,0.19998308823529376,0.19891841085271375,0.23741474464579876,0.23870445091514125,0.16960704787234,0.16885882537688499,0.8786952614379088,0.31916387688984876,0.3188717339667463,0.3744808790184759,1.228196563970584,0.5055312748583345,0.7861590328705922,1.4589697464702358,264.7668734425679,34.0793194482103,49.74477633368224,135.43483801186085,203.70421116240323,6.865561590529978
298,0.30417440660474704,0.3054606872451941,0.2903929110105579,0.5900239651416118,0.5056619841966646,0.5057704126426676,0.11645223123732265,0.11586996373892029,0.3441828490432324,0.3438034759358294,0.1062373581011353,0.10623934070272412,0.6216737472766883,0.5766433823529412,0.5760152714932117,1.218799200659781,1.4611217075028824,0.608776448915346,0.4350967840942439,3.0770487127358797,417.5747251685928,26.334978311377412,93.6262117808356,185.35041154417044,240.8965415430858,4.727014696554226
299,0.11526751794005899,0.1149674650698605,0.13009434197407752,0.293968510888758,0.3876999279538905,0.3850637982195845,0.04025895,0.03967325597554195,0.352065055762082,0.35639412866958153,0.039324603116541096,0.03929586656997825,0.61462889366273,0.6413394833948349,0.6418037037037051,0.7231200952914821,1.4240514376738265,0.7029594701370792,0.17755963213396486,1.6389945997714295,372.83929996192455,18.268730491399765,113.54377493262291,215.56689171120524,256.76157092675567,5.277001764625311
300,0.30904376498801,0.30842407621247125,0.3525920329670325,0.5161500984251962,0.24185521582733877,0.24134082568807375,0.20900388802488373,0.20873206521739127,0.23899886363636375,0.23824327458256,0.21234667397660875,0.212946724709785,0.5893555045871562,0.3393077830188675,0.3386069121447025,0.45471244497070495,1.0274184311310532,0.6888447597089246,0.8298992643189563,1.3247216538528976,269.4950992008671,35.884176031686366,54.03154937084764,155.9676049510017,208.85156700387597,7.180462125688791
301,0.3332636861313866,0.3318481912144704,0.33225035612535625,0.5442609890109875,0.32589344783715,0.32596193045563543,0.31930916666666664,0.31973973880597,0.24091003787878792,0.2413356873822975,0.23028024193548371,0.23031561996779373,0.7353621794871792,0.27016961050724625,0.27021182495344503,1.833322732634846,0.8119734879647859,0.49164182931297956,0.6910649280941227,2.2994624704866795,262.1488810594504,32.08334092050791,44.71248830668628,149.10650594780842,253.56029509566724,6.610653751219313
302,0.3342502334267041,0.33299847607436767,0.2575133917396747,0.5500194327731094,0.30894823529411763,0.3087484520123841,0.2258195235083282,0.2268743805214394,0.27311658237955827,0.27260957834461236,0.18838173836698882,0.18813878676470588,0.6627964244521353,0.3616625553447182,0.3621190071404282,0.5610326755125415,0.9864388053959757,0.7067558788565791,0.595373892401515,5.677346846714256,333.13758698675565,35.858893876566604,62.64472407672335,178.73633187264204,290.76312476878655,5.815141176914468
303,0.32858512990602556,0.32531929510155333,0.32224055273547664,0.5467192982456144,0.2670832171083222,0.2669758454106278,0.22733355423017443,0.22808400152729996,0.23869128409846999,0.2386630311292889,0.20765513054037665,0.20671315742236557,0.5861277777777778,0.2802008266472167,0.2803603277898289,0.4401928067878983,0.9247371399388926,0.7540332501020571,0.8250451679332312,1.3521404773162942,273.6080955300066,42.31948405504227,58.803213242855335,162.25244746439986,205.40673544423447,6.407134545346101
304,0.32648270440251564,0.32689009009008996,0.27477633587786265,0.41276215277777667,0.254503752759382,0.254237922705314,0.22232635658914734,0.222395530726257,0.23559494252873567,0.23521948051948033,0.19602681992337168,0.19658717948717933,0.6740173076923066,0.28491815920397995,0.2851864498644987,0.4557234701893391,0.8857971629822583,0.587833506230877,0.6545362982298081,1.2063594506104214,243.58884043370685,33.54212113966545,53.122114234914385,152.54478668794036,217.12123105923334,7.100456859916449
305,0.4159327526132415,0.4168678558427366,0.22979303135888512,0.7380423620025682,0.46103423192126586,0.45995709123757805,0.2753932002956391,0.27569820423479025,0.386107046070461,0.38458289148108776,0.20248550724637684,0.20256950228038878,0.7771832963784195,0.6102699556541025,0.6107386002120903,1.0814916633277853,2.5768291362552054,0.8764164262271247,0.7228810341429139,3.8006384723263618,425.33748783171177,42.68051352261043,104.7124711387768,196.7180611156836,295.22224681497346,5.933111987826301
306,0.33264517061885474,0.32976315789473687,0.25113919095258785,0.6214119977362738,0.3300424857324032,0.3244144342893163,0.24229705263157894,0.2432282922496116,0.2727927790490721,0.27314337568058056,0.22109108485499473,0.21980087402622056,0.8113444272445841,0.3336022031823747,0.33328689931350103,0.5409624710363304,1.649635490789507,0.9429692200860273,0.7974170568565644,1.6117380662548972,286.47266475385743,37.311968442640804,64.76026028394699,179.88584862139663,255.46868135662456,5.89661618792697
307,0.32738148984198623,0.32709518599562376,0.28676282751091753,0.52926700367647,0.24997908745247122,0.25267596348884375,0.155022642015005,0.15428991596638625,0.264854938271605,0.2643670267489712,0.18774896551724124,0.187650868055555,0.6262314356435636,0.32070791457286374,0.3198762165450125,0.33259363270791154,1.1124944908144507,0.7965873415533643,0.7701270641939704,6.33587853505785,256.88165333122015,36.22858785092831,63.340127235278494,155.99695034325123,222.78921387623996,6.11522700637579
308,0.144940379403794,0.14715301724137933,0.16553562217923917,0.7140518672199166,0.258811946902655,0.2615333820662767,0.05942814223798267,0.059496013492793674,0.3128480902777783,0.30884887459807003,0.06588498343761501,0.06720395081109366,0.6464450113378684,0.41513760504201663,0.41539423778264,0.39729457268900065,1.4622924003470195,0.897236967105774,0.32370021392764786,7.680695517659437,275.73784270013374,32.928624811271824,81.38826039309303,187.35309519494572,237.49147852261862,4.510534927248955
309,0.19106037037037027,0.1878589036055922,0.23139633655394526,0.6858675710594304,0.48577268518518607,0.4864292114695334,0.05687644884092721,0.05706922911283389,0.3980598544973556,0.39507484567901113,0.06473216049382723,0.06413546576879918,0.6659808201058195,0.7669254742547417,0.7669121621621611,0.8581236770575118,4.8488403898873065,1.208799699739231,0.2596735866421102,3.0595861996740203,461.0675070176108,26.295125199895764,103.20947104547587,256.74298198686705,375.7653208190782,4.001883401845892
310,0.1280548735575745,0.12329740990991,0.12471785192401351,0.4758185,0.2077744421906695,0.2043227671451355,0.03980390328151985,0.040352688020318904,0.167473384030418,0.1668222253206915,0.0402614179396788,0.03961205124691695,0.35840397350993397,0.190475166790215,0.188973736047275,0.36674339820945306,0.9973368207733265,0.5987072478725464,0.17825523350926598,0.8929656688255055,236.37142730876803,25.44682938605547,61.29274843260645,152.97939535230398,225.387467071414,4.232092760503292
311,0.29276294416243653,0.29046016949152553,0.28438522167487695,0.4803745833333336,0.29902700000000004,0.2999619883040935,0.191878171641791,0.191464950166113,0.23872860465116302,0.23900937500000002,0.17510820668693,0.174834455128205,0.674621875,0.3553524691358025,0.35477551724137946,0.6040679834608358,1.263659211117547,1.0490425878659217,0.6366521782449479,5.360080972126784,301.9977349322289,32.824549125507474,60.95626042224467,154.82119866646826,272.8751255199313,6.014344980940223
312,0.1153622898318655,0.115500912223799,0.129780613527785,0.48543915094339646,0.3157868632707775,0.31744509561998746,0.038994811320754705,0.039008572869389795,0.502169347631815,0.513545,0.0389448951477116,0.0402313756855576,0.4901556795131845,0.776022237196765,0.776571132596685,0.5594007856047052,2.141558247043452,0.4915459070720188,0.17726169552669543,1.812691090336379,328.14490841701627,25.303068105131388,90.83086624741554,258.0049564130604,307.6186985708773,4.495098255574703
313,0.39952528089887623,0.3969544198895025,0.18180715197956626,0.454146825396825,0.3073014874141875,0.30624175531914877,0.23227356230032,0.23455865695792874,0.2447871428571425,0.24485437710437752,0.22420936055469998,0.224286689419795,0.7078025,0.3244125631313125,0.32442716049382747,0.414963538625815,1.2526505519758389,0.6586734492207129,0.9796568988678769,1.7141095672405222,311.72629387583584,38.09146874118596,70.55176247376949,178.13552112784237,248.89326305128634,6.2543986132368445
314,0.42441523437499995,0.415313127413128,0.21378691588784998,0.6219881720430099,0.324798914518318,0.324276379066478,0.238345514950166,0.235535388127854,0.287724195804196,0.28993014084506996,0.20484561752988,0.20642618834080798,0.639481846153846,0.344195644891122,0.337517261904762,0.531104923767358,1.4909762843212968,0.6395836205978555,0.8584708692613672,1.663095177415396,312.3404551297426,47.603677958250046,73.82818032056093,216.24193526804447,275.66049713641405,6.07714056968689
315,0.16475676056338,0.164675250357654,0.14238822085889602,0.353158503401361,0.324989240506329,0.323787066246057,0.134602955665025,0.13395342820181103,0.297111976047904,0.30322144702842396,0.125282475490196,0.12458125714285702,0.468328340080972,0.37984221453287204,0.37986654676259,0.6029305249974415,1.3669338433001978,1.1289258364768355,0.39062871983710185,5.190055249097314,309.01893274858594,27.68449019640684,67.05400068312883,200.6365521810949,312.18361342325807,4.953388124704361
316,0.14110545154185034,0.140773816079295,0.23021061643835625,0.5448735795454531,0.4967725183823531,0.4968802083333344,0.1532377373417722,0.1530184294871794,0.3667357336956531,0.36648576388888754,0.18385323033707876,0.18303456703910626,0.5672812500000001,0.660533203125,0.6600174278846156,1.4402264101529998,2.384890703871413,1.1704027469421618,0.8120099324784751,4.554830070628115,445.7729090063367,37.65259752981365,99.08049760269932,225.39563215104863,381.4137395238504,4.785080818692222
317,0.29757943661971803,0.297366388888888,0.28308098765432,0.482847111111112,0.395336086956522,0.394990588235294,0.25192967032967,0.25145073170731796,0.347917627118644,0.346787333333334,0.21592577319587597,0.21656641509434,0.6840109677419359,0.5173605,0.517713913043478,0.7705237635542048,1.3341522117497513,0.5797684399409119,0.8204313749493377,5.97880725204663,382.4001499451697,36.91121423617005,82.7926779165864,194.53839398920536,268.5725064948201,5.617369897663593
318,0.380456507936508,0.38129927272727193,0.28361487804878,0.51425238095238,0.377555714285714,0.377904444444444,0.18290575999999997,0.1834085714285714,0.30394794117647,0.304664054054054,0.16088793893129757,0.161371212121212,0.69194,0.506093658536586,0.521419523809524,0.7886572081560598,1.264999337160073,0.9899138895126413,0.5707600236042911,1.8614215226956028,392.36116874963045,29.541705269366503,76.1691820807755,193.73463187366724,308.9697198010981,6.694091949611902
319,0.40269565217391307,0.41087072981366524,0.28433643892339566,0.5736220735785956,0.44111956521739126,0.4439957374254044,0.23427597254004567,0.23551429690560216,0.40505395962732826,0.4051784107946022,0.21274539425202652,0.21365244565217392,0.7979096989966565,0.650396894409937,0.6475150966183565,0.9991903867983175,1.3151114409160143,1.0003941698461285,0.6495037496440225,2.7123475151312166,407.5177560519913,34.683615819591544,95.28929975045764,196.0627699230352,275.11023470888966,6.739080519131992
320,0.2638408759124087,0.27088768115942036,0.27753892773892763,0.69438141025641,0.5669473118279567,0.5712676616915433,0.24415870967741934,0.24178063063063066,0.43466582278481003,0.43467886178861664,0.171360576923077,0.17141883333333333,0.7659197278911567,0.7712063829787233,0.7746325757575766,0.806292563773413,1.9283780666076047,1.248675291555532,0.6678925662565554,3.610458211556281,489.51009288430214,34.00147271653017,109.57314710443218,261.66735993077356,381.80056648949784,4.818143788725138
321,0.3861740716180375,0.399527945619335,0.31032659453302996,0.7150531250000001,0.3417101063829788,0.34247127937336874,0.24352056962025376,0.242566139767055,0.3090236199575375,0.3134233576642338,0.16876576576576627,0.16839430628272248,0.7784086826347301,0.3966678082191775,0.3986199048913037,0.6829042560924234,1.0935551322715023,0.7856171643608477,0.6300425761484123,1.5428778343064367,335.0784216308966,41.26243875361979,82.69523095805198,187.1591986855492,274.4469791650772,7.438749889843166
322,0.25703662109375,0.2590002480158731,0.2143109076433119,0.617258620689655,0.3731780523255812,0.3646199238578681,0.15855365296803625,0.16030413925438627,0.307915425531915,0.31085126201923063,0.141159677419355,0.14157315789473687,0.7199707880434812,0.47142459677419374,0.4609770161290325,0.7847569739047432,4.070973797290827,0.787346436893749,0.5149362707614783,1.6800473484974467,334.5567121868953,29.860988433938473,80.16739157028496,192.11240141885355,284.83864589361474,6.535599823109806
323,0.37927272727272726,0.3876042351223061,0.35907679063360914,0.573498797498797,0.500308539944903,0.5040856180856181,0.3904309764309758,0.3939017649017637,0.3210807080708061,0.3205228037955303,0.27258991554893214,0.2695015408320494,0.8044515890613455,0.44504568764568786,0.44612197928653635,1.4623499623373026,1.0620120590699418,1.4046095114373667,0.8426989382804344,3.9795344572568183,330.2684455940669,38.93338708263455,74.62082289610848,190.9071643074805,352.23662853240967,7.432433212119522
324,0.3494205178629956,0.35913030638612,0.2779487922705311,0.5188791500664011,0.28646288209607,0.28163340410474225,0.2646655610834711,0.2637785602503911,0.25225431558473116,0.258904296875,0.25150223114681003,0.2528478099480322,0.6066772486772488,0.31378628257887553,0.3149829961888011,0.4127755130465674,0.9969271127228766,0.5820679426596892,0.8783140340737516,1.7122659246682312,255.43027246991792,41.50918943600522,59.51546029084258,149.31027156611285,218.45655671010414,7.837278664939934
325,0.3310797564687978,0.33590533910534,0.2635831649831645,0.5734036036036045,0.5406242894056844,0.5374050925925933,0.09990981409424976,0.099945948568656,0.42251410256410227,0.41947164750957777,0.09316428849902535,0.09356293592862934,0.71659211469534,0.6934793650793644,0.6959777777777778,1.3425565264480357,1.8588325464637045,0.7823837077422221,0.3502274669827915,7.207793217468928,449.1264062623183,30.91101793365346,110.693140886724,262.64650126298267,398.21237377408477,5.145553602940506
326,0.2757963768115943,0.27987907542579066,0.2948985347985346,0.7822274074074067,0.53952159624413,0.5398641025641032,0.108191256830601,0.10715804776739367,0.42138449612402995,0.41985851851852,0.1488962481962483,0.148014224137931,0.8458113821138199,0.7522660130718967,0.7480229166666666,1.969745309767213,2.6978464607173125,1.103940765409916,0.5489014965518909,4.933853300211139,451.61436311900616,34.90226653714975,108.80884947255254,241.54738135014972,376.0721006741126,5.096970126032829
327,0.23852112049799926,0.24188534898344155,0.22874511757672386,0.5970795395081108,0.34864639708118,0.35093321678321693,0.16718761726078768,0.16448698884758384,0.3192867417135708,0.32609983031674233,0.15533021299688002,0.15654949433037077,0.7320632638389646,0.3977357001972385,0.40882958579881695,1.8404372202407013,1.3934174515668458,0.9430087260426773,0.6439590119460841,1.9184847791494946,384.9573487129349,34.75109652544443,82.97454422483078,212.78423687013296,301.7488526753508,5.74828412097234
328,0.15835478478896767,0.15822151647479168,0.17991263190564866,0.42786533481316996,0.28230144714250666,0.2835996666666667,0.05849919081947933,0.05793063291139233,0.329021689497717,0.32125929397063435,0.11610736615865568,0.11636173895337,0.49431879981247007,0.38315398356555996,0.38300892219843,2.9201308750004107,1.024062428307517,0.5326473184056352,0.5101480890456621,8.057512108481655,358.67681726813316,28.48840473840634,83.78910521666208,248.72211118539175,274.5372010394931,4.927534610033035
329,0.13610866261398125,0.135668648785425,0.14154707969432376,0.36983190883190875,0.198219162995595,0.19862074303405625,0.04588297872340425,0.04591719801629475,0.19525722983257252,0.1899768211920525,0.045998315047022,0.044494222855334005,0.50724604743083,0.19643293918918875,0.194519594594595,0.32357750829508863,0.9709712721022982,0.7351519163180338,0.2033044556676846,11.18265239908172,173.5447149258107,26.311600231565535,52.03886248636991,145.71805659215897,224.4006609544158,4.225390148349106
330,0.32312338012958997,0.33440951276102,0.48510875706214746,0.9918333333333326,0.2644193298969075,0.2676987951807225,0.2626281407035175,0.2654358341559725,0.24855144230769227,0.24740923566878972,0.24806572657743775,0.24793685121107276,0.740166424418605,0.30585829015543997,0.3047273489932875,0.4056150152885561,0.8696585352403556,0.7772782304966623,0.7990039598344776,1.1133293733203664,257.4088051915169,37.73106727749109,51.2578000780195,151.4769217465073,179.74007059819996,9.094300912693143
331,0.23741039019963692,0.23889103448275864,0.27720689655172415,0.7135498768472897,0.6138471264367827,0.6114522328999449,0.10036267850923035,0.10109283819628656,0.4132237369687241,0.4143635057471276,0.18280736677116,0.18257180945609652,0.8152255747126449,0.7668580121703862,0.766511611541169,0.9912650207614079,3.275890771173863,1.135313108629616,0.6879236209197367,3.64858586414122,456.62921660676085,34.097199938420594,108.12265862678659,259.6396077745434,377.1930459308727,4.7425659180715165
332,0.41184072927416665,0.4092375565610863,0.3274867358708196,0.6225389185977411,0.4301511238641804,0.44392345399698435,0.2854885620915039,0.2789756862745098,0.36594178921568626,0.37407692307692353,0.23637315544774706,0.2385095860566451,0.7328266919671099,0.5383207282913156,0.5363921568627451,0.9034176848694105,1.324096067451251,0.5987791150334559,0.7846356787995581,3.3889133096913326,395.9569203502992,35.19602275143067,86.61173165355827,205.80415056981877,339.0146757238636,6.565241161368641
333,0.244911111111111,0.23965594405594398,0.30434946236559135,0.6367086419753101,0.49611212121211995,0.5008162162162166,0.14684683908045967,0.14249974651457534,0.42623900709220003,0.43397921146953333,0.17268824476650566,0.16671690821256033,0.60041164021164,0.7820259259259267,0.78461836734694,0.8411770623145514,1.9401459761712476,1.1270272271425628,0.6476294795142734,8.519644988560048,500.28078723698854,38.95624075084925,120.82163089265426,253.07294990246496,340.4452574128906,5.08131692185998
334,0.41784788732394335,0.41544403292181004,0.35855,0.5008810126582266,0.307408695652174,0.30757699115044235,0.2999868945868947,0.29967526041666664,0.25933333333333336,0.26252766439909303,0.25932113289760367,0.260390990990991,0.7441113207547166,0.30678012232415897,0.30665797101449266,0.5086367629104588,0.8963471125879343,0.544596280561798,0.7757521810686892,1.9374974833527128,264.22392499322694,41.797905384252466,66.48881360888481,156.91933998217186,242.60578599448004,7.966727328797181
335,0.3919633152173913,0.3937040133779261,0.3120046195652174,0.4535062111801239,0.4884168241965978,0.4907235349716457,0.3787944664031631,0.3792322291235326,0.34499130434782616,0.3458608695652174,0.2714271991911022,0.27118615692153913,0.8512228260869565,0.4774622641509435,0.47897178538390434,1.942210006742387,1.165858000746461,0.6726982986081034,0.8167281040898252,4.852781947956271,365.26084624473816,44.05915868752028,92.94562092374848,206.31138366930512,302.913775363856,6.791471463182698
336,0.17526,0.1741936572199729,0.21254275362318834,0.5915447916666666,0.598915625,0.5990532407407416,0.07586522633744874,0.07584318840579708,0.4471683006535958,0.4507978971962625,0.08527434696195334,0.08494967228464417,0.8001015151515167,0.7854559748427667,0.7816471774193542,1.0809071130769783,6.433938481963822,1.2188669258528826,0.30472458954972814,3.387394487566383,469.289818041337,37.45549183804542,118.10878446946542,255.55421210204562,394.53506760764867,4.705357908581694
337,0.4021088122605367,0.40733297258297224,0.26062839020122447,0.7295744810744811,0.26438877386703447,0.26371738562091557,0.2586365079365078,0.2571297446514833,0.2595753193540611,0.25597194388777555,0.2467410628019322,0.24708870214752554,1.083136752136752,0.31823476702508996,0.3162536344755967,0.6660218492736134,1.023101822638583,0.8386853989348738,0.9173539191968401,1.4127874603726778,291.73040400362675,43.77418922053443,58.22691342069043,177.45971886648073,226.0823423663775,7.978777608109845
338,0.4534591269841267,0.46391081081081,0.3305912087912086,0.47911710526315665,0.35154842105263007,0.35289510703364,0.3330778711484593,0.330571287128713,0.2959057971014493,0.30324829396325464,0.28306824146981635,0.2817965333333333,0.81699024390244,0.3593836805555567,0.36305154639175335,0.4947169851482556,0.9537756310389262,0.6508644957640934,0.8578131717449349,1.3425711708813226,292.6093541706602,40.23739059145252,61.35587114840746,172.05913783982396,234.4970863002042,7.872202744086583
339,0.15447079037800665,0.15669777777777777,0.19581274163725,0.841829885057471,0.47348502758077227,0.47623296158612116,0.11477714884696,0.11406058794220221,0.3980666666666666,0.3969406193078322,0.11908427711457999,0.11962706731889111,0.6652459858702634,0.6100340244550767,0.6105323826500301,0.826177104545039,2.0177918205096077,1.2827368996624624,0.4302860433002195,1.9892682762831422,451.45851973858146,37.892162799835205,105.65847882794009,389.9050359096792,418.2420334675246,5.789799615740776
340,0.3227432306255836,0.3288391290217747,0.16200517647058826,0.5349872813990459,0.4001024221453288,0.39749310094408113,0.1525673114883535,0.15118383914075179,0.34642316926770705,0.33758106169297003,0.1563357114012653,0.15669244110420588,0.6525671826625412,0.46652307692307704,0.4604596348884382,0.5397954688092321,3.8982054079660635,0.9226897399281104,0.7317452603733698,10.366560852269243,369.4721990648438,39.350360577159066,94.4053932257435,254.29856306051508,341.56592069741555,5.464788581080296
341,0.24813588850174145,0.24814848095849268,0.2222193106228583,0.7213143631436316,0.5123505499760878,0.5053592870544098,0.07402281003091732,0.07358577692518488,0.40787380699893905,0.4122830642390927,0.07792939301552099,0.07764687790572927,0.858396156688839,0.7513460777851023,0.7532066752246462,1.0284439634802476,3.0278960564171635,0.9166095568170236,0.29362203388361346,3.8692094775271557,454.9418189903585,30.11159984985503,110.92015916890487,251.2241571732774,358.0782727179367,4.694466024818944
342,0.43548686371100165,0.43925684380032165,0.27789612842304084,0.6858559523809524,0.34470864427860665,0.3440528735632183,0.19196151129943498,0.19391104868913833,0.29364141414141415,0.30051067708333334,0.1752283726557775,0.17480092592592586,0.7782327823691458,0.39803581267217664,0.3950437327823692,0.47321727669461594,1.2108156447388616,0.5926520155841196,0.6586751204585574,3.2553672667256284,291.86921116585535,40.43770022690296,74.38635996853311,178.94257325679064,256.8640959604333,6.159656913951039
343,0.5206806722689078,0.5172501124606389,0.3289505477308289,0.5750066872427989,0.2617905797101444,0.26106686332350004,0.2025725532295578,0.20505555555555555,0.22597148475909556,0.22568854473943,0.19502984319676223,0.19629251327109667,0.8513650793650789,0.25844788593903667,0.26493566050650225,0.44053780323582237,0.9121592472982609,0.783992041268935,0.7042187372517186,1.3026990740009843,263.43631195939247,38.62047774924172,63.47254901710484,152.78615109208556,206.86925595833196,7.0337231995330916
344,0.2604362626750363,0.26046058695124896,0.2864463753723932,0.6481788341822315,0.3580584210526316,0.36103143765453893,0.24621330765939212,0.2489932856833442,0.29317140444694634,0.29479925222893316,0.20461233307148474,0.20347721653126105,0.6543103448275842,0.4242867132867132,0.4220541910331384,0.6191446270504581,1.2921165932542416,0.6564137141283757,0.8095005736800637,3.754172764262106,322.6712211280277,39.454643908692034,81.08314911001607,164.17733614185923,230.48159078155695,6.28772142686342
345,0.4396173300165833,0.4416888020833334,0.33055526918671113,0.48714768518518614,0.32886861861861943,0.329931623931625,0.278586013645225,0.2799927024482111,0.2686790404040403,0.26667819706498946,0.22975131233595805,0.2312512077294686,0.8207770655270666,0.357686899862825,0.3582953586497889,0.5512723211528917,2.0234658442691567,0.664308473539504,0.6968266400451965,1.3478296378242562,291.19073426247473,35.3257831496497,57.636080439099004,159.1965148691088,280.9138599938403,7.685041701835063
346,0.3218145386766081,0.3235342615342622,0.2729824561403513,0.5242669608383892,0.42344798222880536,0.4225441928414892,0.35094628806021083,0.35348975348975403,0.3471104437771108,0.35105251842751894,0.2599636450609903,0.2592947475777665,0.7726509652509649,0.4931653687585892,0.49275256290773517,1.342923249622338,1.8142836725906804,0.8863163756279488,0.8545247900774383,6.610848190639424,358.11393786020375,38.134037970087014,75.29523462761898,183.5732242545566,288.58598372018014,6.967708090873989
347,0.37128660049627693,0.3716709057071962,0.21238991365777116,0.5311649797570845,0.30161882893226155,0.30264597902097884,0.20376848394324037,0.20365421956684038,0.2987214003944769,0.29858391608391543,0.1951545650611077,0.19522916666666731,0.7403733421750653,0.41298717948717883,0.4128689458689462,1.2716401266714512,1.9918567933575158,0.8372623528174578,0.7195275269175051,4.240508181182127,319.06645968914603,32.40195891031852,67.96694897974913,177.0891307387501,279.1997134828797,7.057613514077205
348,0.34337933333333376,0.34458840673575125,0.26974011299434997,0.5431368181818188,0.24145439814814876,0.24846832191780874,0.19222911311054,0.19201380706922,0.24171723706176998,0.23656518151815126,0.17715482779827751,0.1769534883720925,0.7844232026143788,0.30663052631579,0.30399773242630374,0.32947993546320914,0.9702006099621682,0.6446859871585219,0.7925074995036463,1.1051870906898977,269.6528477827087,42.19447146169841,59.85841271467507,150.08071204647422,205.8500685961917,7.157411891967058
349,0.13623726114649676,0.13845047543581623,0.13944752449716352,0.409884232954545,0.48302584586466246,0.4837366785079925,0.0444319064430715,0.04504499087742575,0.3341585864485975,0.33466107382550253,0.044254035328156,0.043816655330726,0.38103735632184,0.6031461864406775,0.6015936192468625,1.2909942115910398,1.6636144902022594,1.0433873816969237,0.19238357428407363,1.5408888795922873,518.0797015782446,26.073516346514225,128.84881580248475,284.00481096468866,342.98685495741665,4.873628495261073
350,0.34466539682539604,0.346626296296296,0.332877101449276,0.625248387096774,0.46607863636363595,0.47031795918367403,0.284846666666666,0.285110833333334,0.364093928571428,0.36441642857142803,0.22658415841584198,0.224916274509804,0.756023571428572,0.553308717948718,0.5534505263157901,1.6817166195334883,1.3932945571306903,1.0166653426096344,0.7763152160321684,3.409110164700546,404.338460881263,36.79317981004715,88.9620203524828,191.9478471390903,310.8403477817774,6.985245738178492
351,0.2666613825363825,0.26933055555555496,0.22671493212669624,0.5836880681818187,0.29172238955823254,0.2887121040723988,0.1957736530880425,0.19486098435462876,0.24919771400778248,0.251052734375,0.15918619648737625,0.15796637608966374,0.8568196969696975,0.3368100797266512,0.33712266899766874,0.40747996247255264,1.3394556125768016,0.542085101763026,0.723165837162645,1.3948857015327656,289.5619720220566,39.84582726843655,66.60334474872798,152.97801874112338,196.65230647660792,7.298501441255212
352,0.27435606060606044,0.27392349726775955,0.24335660901131762,0.6882561784207333,0.4285610244097638,0.42843609022556384,0.09947890050329093,0.09933860513352333,0.35797670435080525,0.35954508611955427,0.08862537142857144,0.08888944099378905,0.6536759431045143,0.6428644257703096,0.6438753344034238,0.8073599298726508,4.402090965088401,0.9429520867155136,0.351141303389448,1.8394841382611955,409.70907347010717,27.710581863565103,93.88334250875882,214.36294939901148,294.5180538864363,5.693670495280197
353,0.35110850439882724,0.35000240024002366,0.3532812911725955,0.7625013986013982,0.2820466904696509,0.28406644279203636,0.21621254208754184,0.21615858132898455,0.26108452502553636,0.2618753541076491,0.1962227446882618,0.1969703153988873,0.7081125541125536,0.32428989586265095,0.3239681186868691,0.4682826237248277,1.1128197759853458,0.6796763792919599,0.7015384577996738,1.3890202348420349,270.4815431074663,34.599556502970785,57.848998006771915,143.4304052963853,207.34375681389463,6.970028731633317
354,0.10416017359709324,0.11029696449026351,0.138163512857836,0.427187781109445,0.3000914158305475,0.30499193548387,0.044140922214674,0.04444694010416675,0.28406643907563,0.281793055555555,0.0437731309201625,0.04369144252321475,0.3033029350104825,0.45052321981424254,0.4531618110236225,0.5295317283012317,1.925121328490758,0.6328534575403861,0.19692303594202776,1.3001995531569597,288.6975184082985,24.496344849467278,90.56367562152445,221.63322428241372,281.4255654811859,4.316825652495027
355,0.254158208955224,0.254973333333333,0.289530303030303,0.676527058823529,0.250272572815534,0.25407412935323404,0.139285753052917,0.140083941605839,0.236049176954732,0.238335033259423,0.12538347921225398,0.125745714285714,0.6293,0.306332564841499,0.307189142857143,0.514607334650076,1.0285963702374579,0.7189154648784714,0.47637693646420276,1.2183788691645838,288.01404405385256,31.142027582973242,56.44876975566149,172.8681894019246,217.15854527428746,6.321831606328487
356,0.5348067826863,0.5345165692007815,0.3216159844054581,0.41779558404558514,0.3527205925925926,0.3530824915824915,0.3041198756007915,0.3059618055555556,0.3075426076482985,0.30734648416532484,0.27152460317460336,0.27089761736258555,0.9621138888888888,0.37468817204301114,0.37475605413105556,0.5612432522951498,1.083934349418048,0.6983889632931316,0.7524457616266467,1.2076543686770722,280.48108193885395,42.00124768195329,58.55548661202192,172.28158863468303,207.701422860501,7.0015261708586305
357,0.4264420529801325,0.42254914860681125,0.2480931542461,0.6182222222222225,0.29731944444444497,0.29918504618937625,0.275271634615385,0.2779452220077225,0.28166255252100875,0.28011380208333375,0.2610493295019162,0.26282596322241625,0.9900994318181813,0.35846686746988,0.35703867574257375,0.5308035809073851,1.2321871248195626,0.5703179018486876,0.9448640294406649,2.0031522482631026,263.9293816173449,44.584431452676654,67.91055493522435,185.3973401011899,254.32280963286755,6.461248267441988
358,0.34431266846361136,0.3454189268867925,0.30426467505241134,0.5526943396226415,0.41110929156283393,0.4089025157232698,0.26357558536030945,0.2614141850420547,0.34458685751463963,0.34228751123090756,0.2311598808341604,0.23042866228535094,0.7274844796104679,0.5380230607966453,0.5367905660377359,0.6732791213644235,1.224848467545932,0.9381433215760818,0.7892067267663514,2.4312461198526663,385.747942634208,40.827303211081706,91.5382061821391,185.474229291222,293.83368904368496,6.647500262226698
359,0.40263062058714355,0.40526238145416155,0.32222670419011795,0.6505122242098975,0.3771538461538461,0.3780530626780615,0.2710584795321641,0.2683735942420154,0.3286858269935205,0.32844675716440513,0.24386741713570975,0.2434438190535751,0.7117350427350436,0.5040410256410256,0.5026641025641025,1.1359286356519482,1.2899955513013797,0.7294970121305894,0.8506348817674775,4.083427281775015,347.9506641339797,40.996533173781174,80.0711992316139,186.75697979350122,244.99665909948257,6.397684606222006
360,0.1977445335276968,0.1971894166043382,0.278500233426704,0.7603383116883107,0.5595080952380964,0.5571133540372678,0.07698804542737607,0.07686991930663464,0.407953174603175,0.41008333333333213,0.12080016447368429,0.12054842615012107,0.6596697892271678,0.8053607142857143,0.8042899159663858,1.3166186918393843,2.319302985384278,1.0663141589032954,0.5016909812292941,6.044922232149327,483.0490307150675,29.68385981928025,103.44864151972745,261.0607712995261,350.80717311107685,4.376671443294201
361,0.159456279809221,0.16609764631043253,0.14960804416403783,0.45168252126836833,0.26868796816479334,0.2694205563413483,0.05875031906253633,0.059205835873123336,0.28643122146118666,0.28492119275825334,0.0874028864970645,0.087581560283688,0.63002131147541,0.377670850767085,0.37893452380952336,0.47652594361809014,1.2717174770713215,0.5392635958457829,0.35087988835737677,1.1979663978712363,319.16184816509485,31.101513498773176,76.01752101133268,194.370672882845,223.42895002414784,4.51400022332867
362,0.403293333333334,0.39582862745097996,0.34351,0.5802185,0.428389047619048,0.4268748,0.20275175438596402,0.203000188679246,0.34421606557377,0.3436075,0.16891286821705417,0.1694937588652482,0.8422016000000001,0.5644899999999999,0.5637446153846161,0.7292654918707732,2.2015256547217557,0.6029387938366819,0.5402926332169252,2.479116346549155,379.0466417558491,30.202364549040794,82.37255364656448,169.95505150407553,237.77819145470858,6.24586408957839
363,0.35817233009708754,0.37807187938289,0.3012168815943725,0.88216006097561,0.33752760351317496,0.340387065637065,0.24381005719733073,0.24470579399141623,0.26349559255631755,0.2625979729729725,0.19728146067415725,0.198395722811671,0.7328845070422525,0.30764445080091496,0.30682177161152496,0.40080293663250777,1.1952288999165404,0.8147089640186758,0.7039999836241811,1.8266172877720808,308.93852817825973,34.3892490491271,60.5449837166816,186.2059987615794,264.5135158672929,7.890199776738882
364,0.33732625910674724,0.33354228698131094,0.3158236729713236,0.611116292798111,0.35075276412776457,0.3457808549066827,0.22216673847479546,0.21972809172809182,0.27670742826495,0.27320146780303,0.19600988142292453,0.19577467532467543,0.7255819559228646,0.4207675853558209,0.4246787330316745,0.40263692568651643,1.0702508382783285,0.6500258345537432,0.8227569412336156,1.3127351511183742,320.5400574105707,35.31724637882276,73.30271711742336,155.81857243722135,213.91980223019016,6.850474429401484
365,0.2919979792877,0.2946995399654973,0.21955510979729728,0.5488783783783784,0.5266085907335919,0.5287469287469296,0.20133470426948677,0.20129359496482782,0.4325435858393594,0.43237687687687565,0.17542383292383298,0.17458851351351354,0.6648171362852217,0.6951074324324324,0.6961147000659189,1.3818149375088378,3.1940205094123244,1.5396771163378042,0.4952394926615807,6.094909213972387,407.87056944257506,28.479718477339357,95.4012355037235,241.1748414758492,425.8861079358974,7.293227355222444
366,0.29611942028985433,0.2970092071611261,0.258585144927537,0.5060332741792369,0.4061525691699609,0.4057480590062109,0.17614690382081696,0.17662845849802372,0.3118103260869565,0.31625230566535,0.15638770840143826,0.1569060928719313,0.7193776167471826,0.5369484327603631,0.5317762460233304,0.7173182142772083,2.6810344107676682,1.4958946749446067,0.5248129888842524,1.8596063835601506,380.9311786545036,31.74958679744083,87.36830913340268,170.06771750343233,281.04309711362356,6.581991202319446
367,0.3877937372362154,0.38835272846811153,0.3116644661308839,0.5593926521239962,0.32386172917991113,0.32840203813280733,0.27094088319088305,0.2710943223443223,0.27348076923076925,0.27624423076923077,0.22291806020066884,0.2267283377542,0.8138969521045,0.3396452991452993,0.33319436288901916,0.5141276327955822,0.9744664842407513,0.5927136199730666,0.6441890351525248,1.2714588569712932,270.0644464661869,35.390317834054045,54.76769830028598,163.0798877718357,231.25371483799356,7.076430707596815
368,0.32446358847226575,0.3213678038379529,0.21066577540106998,0.5888559954102128,0.24282712369597573,0.24543659976387283,0.20631500449236287,0.20460339285714285,0.26280855199222575,0.26180977443609,0.21506169772256714,0.21410166635461572,0.7061359223300971,0.29608270676691717,0.29469299820466716,1.3430587906595437,1.087345203042371,0.6748354432323126,0.8983622679341392,6.995088960399818,239.9712268795286,37.998829169997144,63.88411857187748,173.16162785781282,238.1759895277875,6.218357676906245
369,0.3725111498257829,0.36784720496894285,0.31109299191374573,0.4376700952380943,0.31578412698412567,0.3154678955453143,0.29503990147783143,0.2967276005547857,0.2545454285714286,0.25729118012422375,0.24717072599531628,0.23961657142857143,0.8063246031746029,0.31207018633540284,0.30801364221364286,0.8963340414803327,0.8871768281859366,0.5664065260087892,0.7564924905438317,3.1335572610316644,274.3615868634411,39.17096249227013,54.26082161388227,163.68882397988014,228.47382351756096,7.485374808311462
370,0.1450229244114005,0.134656557743957,0.138817173051519,0.38198835516739454,0.2990720040281975,0.3004506794162055,0.0434018453937809,0.04456089464949025,0.2588790767686905,0.2580147996357015,0.04335950588036215,0.0432966567067754,0.46707600000000005,0.394363,0.3932565084226645,0.5303645409626142,1.471584077646103,0.7261957929875151,0.19714591898931033,1.855833936086782,320.59865770861506,18.831249326467514,64.19450510293245,160.54855659604073,267.56523875519633,4.976801574230194
371,0.32306502242152496,0.3288825483091788,0.43211274509803876,0.58753801843318,0.27109753593429126,0.27182558139534874,0.271394444444445,0.2702696261682237,0.2416961314475875,0.24020229166666626,0.236969258957655,0.23525174650698624,0.8411455696202524,0.28270084830339376,0.2796206616052062,0.3024339023757048,0.9205090038376025,0.6304783542356471,0.8401179441227906,3.9039169554420976,246.33987632114437,37.30673051904887,51.51996447239071,151.74671716522425,202.5180496275425,6.907788338139653
372,0.3461728758169933,0.34784444444444446,0.2571117777777778,0.4959165532879822,0.41305017921146886,0.41613730158730217,0.20791815718157178,0.20812916666666667,0.30332474074074,0.3033108225108222,0.164274340527578,0.16464891774891777,0.6446660968660978,0.4514202380952378,0.45049190207156226,0.7415141621127589,2.33311558615263,0.972360110046065,0.5717334404877978,2.197719032974571,342.880944824881,29.416836073829067,69.85586033099227,162.80699314342604,250.14156527403327,5.893390625715256
373,0.3310815018315026,0.3349378205128205,0.2724787205921231,0.4322200165425974,0.3196192865105898,0.31822714604236413,0.2245421871575718,0.22470458031996488,0.26624473216552313,0.26663589743589744,0.17966700854700848,0.17977187758478075,0.6757245080500898,0.39430501339456664,0.394595399698341,0.5427581735646049,1.1348911199465825,0.784882920162207,0.6193705188092363,1.5550961795899194,318.4200897335242,29.90559233018221,61.61705793765111,163.016649775016,240.1615922840742,6.8618796574763765
374,0.292498357963875,0.2900816326530614,0.18606707759245858,0.6555124223602486,0.2829244155844157,0.28384183673469354,0.20777640631323355,0.21346712662337644,0.2959864483342743,0.29554862637362644,0.23884862956810646,0.23885631469979288,0.6733746867167921,0.39965347985348,0.40024202496532574,0.45115422661695037,1.2199483539861826,0.6838885131537558,0.9426283492358595,4.352261054923396,325.92724975464597,38.76087056206806,63.430596076484235,196.52018922248058,261.3273000211588,6.120229539062295
375,0.2811770729270727,0.2804733260751227,0.1798788403970382,0.59365257672264,0.23969062875450547,0.23996526806526822,0.16025073089238454,0.16068518228759182,0.23537794185509908,0.23374891774891815,0.14135169641801634,0.14314965244650363,0.7308716956802063,0.28882302313071545,0.2884379036264282,0.33580354333204027,1.107706402741231,0.6493201588824579,0.5687093526552592,1.2066826199663134,285.90312523936683,26.649147780104116,58.09919358315793,179.8691736026244,252.53754998133942,6.075880744240501
376,0.375485430463576,0.374449484536082,0.28215466321243504,0.439607755102041,0.21824388777555098,0.21807769652650802,0.218479520697168,0.222233457249071,0.21537358490566003,0.215726470588235,0.215074,0.215116016427105,0.5800364640883979,0.267186513994911,0.26814883116883104,0.39686669553754694,0.8815395867148872,0.5878762736807202,0.8077795105630541,1.1979806516715814,264.7719974629581,43.37925463914871,55.792329367250204,149.73120065405965,189.85779024660587,7.956300396472216
377,0.28097303664921397,0.271305424528302,0.22587566539923998,0.67474011299435,0.288004483188044,0.29264974619289397,0.1959199657240788,0.190658,0.27336510745891196,0.278258638743456,0.23342997658079598,0.23349342915811003,0.8701510917030559,0.3170752,0.318576661742984,0.4692155454041712,1.1694408805975314,0.7159684697617157,0.8861809520324802,1.4627763009085888,250.7742354646325,42.779212817549706,64.43816237151623,171.6576935723424,254.01960592716932,6.252937018871307
378,0.2800467391304347,0.27979429347826096,0.27673291015624996,0.7793539402173906,0.4776145833333344,0.4727866847826094,0.28651754807692315,0.2858033738938053,0.3922399193548375,0.40241641566265,0.2114517045454547,0.20939316860465124,0.7480046542553187,0.7139055555555563,0.7130869565217407,2.380904988085031,1.7360996212645206,1.2764490865616036,0.8214723683472303,5.2650279358656755,507.4687258456833,33.083875314332545,100.38012114819139,260.051189980004,423.00610803067684,4.909912240691483
379,0.5380925831202044,0.5451687370600434,0.3372715287517531,0.3277682225063939,0.3025020564042304,0.3091989459815548,0.31108832376264695,0.3034520587388426,0.24815411106328042,0.25041890959282265,0.25207942676706346,0.25067380802352435,0.8017235561323826,0.2949663115462135,0.2949288537549409,0.3997411754294745,0.7460478373449975,0.554781209253483,0.7216638066003247,1.4008260024471302,244.41715390623912,34.71656540489715,46.79058152048484,144.01645419876212,238.99811077053133,7.855369830908983
380,0.22248013245033124,0.2245079089506175,0.2758238146551725,0.71044375,0.3807684811827956,0.3816919910179644,0.1107948076923075,0.11075942307692313,0.33673349719101126,0.33656121794871807,0.11212281468531438,0.1122251308900525,0.612006425233645,0.5817099358974362,0.5816426136363637,1.113347658322736,3.9095530150813715,0.9986618609314843,0.4060434084292449,2.90610676076625,379.6121629420668,35.15333664836362,98.75626856228337,201.15890074521303,307.37915076315403,5.450761818792671
381,0.164759714285714,0.16523922829582,0.15917283763277698,0.412286345381526,0.27195585106383,0.276833886255924,0.0996416827852998,0.10040498687663998,0.25951395939086297,0.253266071428571,0.0996459633027523,0.101713820422535,0.558530890052356,0.35935,0.351790614886731,1.1647620237679006,1.098543473737449,0.9344442490577288,0.34959319565015984,3.532100739519985,281.3729993067682,29.090573079884052,78.51492613554001,174.62308518588543,271.5727058239281,5.185240879654884
382,0.243361344537815,0.2524439613526569,0.2921677454153195,0.7188598484848473,0.43755514705882226,0.43701790935672497,0.276564185544768,0.2763777777777778,0.39257973856209166,0.39157153729071664,0.24513433515482694,0.24522988505747112,0.5801681818181805,0.5898552350427361,0.5880431547619055,1.8340349700997223,1.4248283976215181,1.0006730623775777,0.8499485242559531,4.370652880552351,423.68255154643623,38.389530446794296,95.80860496498644,217.83042272242406,360.751698543835,6.398108477393786
383,0.38083832908163123,0.38188711734693753,0.2954655257936506,0.6929279336734687,0.47062008928571564,0.47586333333333436,0.343150773195875,0.3497204670329656,0.4117183988764031,0.4185096153846156,0.2544229822834647,0.255977822580645,0.8676468749999999,0.6628796296296281,0.674315972222222,1.1743828842591915,1.3774450698225258,1.2469969062195094,0.833147958971568,2.8874251623364717,413.2885194849223,35.511657188180834,91.87308678519912,215.23080285987817,326.2937221734319,6.131906411610544
384,0.291789657020365,0.28918377976190496,0.26572771587743665,0.6400681063122916,0.31613939899833,0.3124026402640267,0.1909524038461533,0.19170213536011502,0.2958535196687367,0.3025026833631483,0.1611590778923253,0.15893633333333335,0.75896524822695,0.37275564409030504,0.37019200571020666,0.4202123004318046,1.148441582661689,0.6876827930542198,0.6020953081335247,1.324442287000183,292.37276952092844,33.264863304793835,58.198332165678345,180.77183049172163,258.24441108852625,7.092483186473449
385,0.366215545590434,0.35964006968641204,0.22738425925926,0.747696797153024,0.258759024390244,0.2609891959799,0.22453588987217402,0.22946085271317798,0.234589719626168,0.22893691128149002,0.213968104312938,0.21370446096654203,0.69429840255591,0.293312534818942,0.293267428571428,0.48537717615357384,0.9865875811747339,0.5676462757337022,0.8204760607140005,1.1738087431375508,266.0284796729684,36.39614209532738,57.83226806670427,156.00645914673805,221.07550408691168,7.466999813914299
386,0.23153044354838717,0.230596875,0.21301138117283938,0.7194282670454532,0.4682712339743594,0.4690107020547938,0.09969701086956531,0.09811635273972594,0.3768180921052625,0.38554554521276563,0.0904357970027247,0.09013200566750626,0.802327445652175,0.6195468749999999,0.6049375,0.7148075468411497,2.4107434854981458,0.7447383733096979,0.3617432086439019,1.9226920491595585,414.0655211813282,31.60556225338951,100.43540169135667,236.69996808166616,333.0369778268505,5.307096580509096
387,0.3772076655052257,0.37866042692939145,0.25322191192266374,0.4394340136054428,0.5414888888888886,0.5558281105990771,0.2531444319460069,0.25324417767106855,0.3480589285714286,0.3549399116347572,0.18394767857142857,0.19109944341372914,0.6620927113702629,0.5058298701298715,0.5131142857142857,0.7557480150373268,2.4914017122082104,1.4773058567294006,0.5239869890706507,3.6383306603246766,360.4818142152258,38.539888337254524,87.81684030379567,176.92310469491142,408.6975394082921,6.37854848589216
388,0.23264396628216524,0.23486612139474825,0.17659040717736393,0.6068357487922695,0.401195652173913,0.4126616444253122,0.1143839587055787,0.11467159822866348,0.3572522457779374,0.35812193527296526,0.13738470602097302,0.13528318995582436,0.6814323331292088,0.5167602820211522,0.5160565217391305,1.3619744471947473,3.393630938566482,1.101548956449095,0.6125567441448831,2.7942618625581366,372.0976189588723,30.604984773241956,93.42764463761578,212.8358252103562,327.4764592313896,5.396186252651007
389,0.32281307154384076,0.3229147157190638,0.3069747834946508,0.6585905912269546,0.23910538016896382,0.23917867958812847,0.1929505227781923,0.19061224112426,0.20414982778415616,0.20357126122608385,0.16809821428571461,0.16619515669515691,0.7232641252552754,0.24390951472769615,0.24274513438368844,0.34231615199749144,0.8542798200688786,0.6783710422652345,0.6015397859567928,1.1527603746042914,262.1266310318158,33.92582830901329,53.876283793495254,146.22059399978474,189.36733786876385,6.409768516627642
390,0.3179150724637674,0.31690668080593914,0.28316072300928263,0.49463829787234126,0.4564096989966565,0.446410912190963,0.20474340979116737,0.20207030154277691,0.3576468227424739,0.3582448671497587,0.1860980103168754,0.18633075684380043,0.6644977703455955,0.5489175935288174,0.54076976284585,1.022632793131883,1.2612841670723496,1.4032473215868801,0.5639966530125389,1.7643193016280265,372.7567280926134,32.55423735422285,87.18912216389309,173.83791779613367,337.0412675987767,6.6094631936563095
391,0.3382725938967133,0.33768061088977414,0.3357216796875,0.7361808785529717,0.2581610623781675,0.25887693498451997,0.16167258382643002,0.16191240530303,0.2515708920187792,0.25031426735218504,0.14659111286919832,0.14572495826377332,0.71061800486618,0.332130856760375,0.331095654993515,0.5746885090954837,1.0991395758686135,0.6243045928922485,0.5748294808455653,1.4084011681787683,266.10429825571674,34.266621029625334,56.92243770075341,160.8310694185396,198.3450415233771,6.0754672934611635
392,0.3725803457106272,0.37400519480519495,0.23179979797979816,0.6300767813267818,0.407093727977449,0.4083202959830868,0.1899398826979473,0.18850322372662817,0.3181813636363637,0.3225954545454546,0.1642036620623191,0.16461481597986774,0.7211907600596136,0.5078699369937,0.49948663101604096,1.3150457514621943,1.7099367284685243,1.042388003654732,0.5876824103552045,2.8917934834020054,365.241900594397,39.200609634545714,86.05299940840764,209.56014896827665,324.99673014337367,6.238781762394038
393,0.28237698412698337,0.2804980334316611,0.27755074786324774,0.6992608695652166,0.4551689497716888,0.45497341269841385,0.21181396198830416,0.21073155058043114,0.4275243993994,0.42512575075075004,0.1815603448275861,0.18152267932489444,0.7126755050505056,0.6887989130434778,0.6862708333333333,0.8862567656124358,1.4219369544750107,0.9885607282658779,0.5674119648340968,3.566271577164522,440.7084074854436,40.452171298157836,102.45829083335896,232.08954112811222,321.2136953758697,5.938091392939289
394,0.3120636856368561,0.31068507102653414,0.28586391352549995,0.6359340354767195,0.4560323725055439,0.4578482384823854,0.21621495141780686,0.2156670026204395,0.36508501742160243,0.36541498257839755,0.17809400406504075,0.17722327612165023,0.7913526132404171,0.5971327283040269,0.5907145822522049,0.8849772712183994,4.13156411292733,0.8794536728383257,0.534191733756554,1.707364878983222,404.00036974105893,35.71207010437076,91.56208224140289,218.55342656192255,319.52366244229603,6.0821951525967295
395,0.5352649098474342,0.5411512605042014,0.2449858828487143,0.8319389961389957,0.3829670075882543,0.3876652500817257,0.2536550228860514,0.25422767116796996,0.3003677142857143,0.29928337236534003,0.19074163075903286,0.1914626019142143,0.8278421428571427,0.40649770723104,0.40648618784530427,0.4989324262796417,7.4555612085274365,0.5157423736712667,0.8416545678572593,1.4563736929901911,309.10727634493793,36.85711749962398,71.48524413683585,172.11575593267168,229.11562783909696,6.559687400502818
396,0.28615094339622604,0.28582983293556097,0.41504928057554,0.682069375,0.434119011406844,0.434648872180451,0.349588449848024,0.349424852071006,0.338322073578595,0.339747008547009,0.244108631578947,0.244530909090909,0.687871812080537,0.48270374999999993,0.47033778801843307,1.5653491116585267,1.296945518857203,1.248695244669514,0.8413743532525608,1.6772035676961454,386.32428273558617,43.067759834229946,85.16424801200628,174.56394154578447,210.38787439465523,7.276549004018307
397,0.17983079555175427,0.18015565796211,0.17333369214208857,0.5296402502606886,0.2496526907283343,0.24963576719576713,0.07073400482337915,0.07053950061399913,0.24454694556691287,0.24324276527331143,0.06424256876663714,0.06539392048999043,0.5366393442622958,0.30755570615342853,0.3154467532467528,0.3573435303260867,1.1550097691507015,0.7185560404563829,0.30660767808076483,9.625104589763174,242.10592133126087,26.973716116377286,68.78713944128582,180.9855390872274,216.00017457136087,4.978740720876625
398,0.40460568649457407,0.4143393801965222,0.3880458715596333,0.5440589462702148,0.3432369714847589,0.3433307568438003,0.32344568938686596,0.32474183813443075,0.28102083333333333,0.28069904169904186,0.26008080808080813,0.2621029934043633,0.8379144032921815,0.34449426807760153,0.3505737311385459,0.6016248454215402,0.9873751090653426,1.3346226596042332,0.7885535176476948,1.5080421356682294,283.7253035977483,40.93975898016382,57.478512085422324,173.01446706470517,273.1763024779934,7.386885031505868
399,0.3928501529052,0.3961927297668037,0.37204530423280374,0.6924050179211482,0.5569846079846074,0.5599576719576704,0.30580335731414854,0.3029889737065311,0.4804395604395592,0.4873726851851852,0.23611977935382183,0.2370048500881833,0.7479980506822629,0.7610123456790111,0.7600831708901888,2.376056894015306,1.6885355239641393,0.5582737126067383,0.867228629563355,5.190421322791259,480.4596270400065,39.06194534566667,118.21397390492537,218.78192891125326,286.16158653878506,5.567422205651248
400,0.3769736842105263,0.38571756856931055,0.2857293942403184,0.5459172932330816,0.3226262083780868,0.3202702320316921,0.2454034304511279,0.2453450620934358,0.26793374884579996,0.26958610341643685,0.1988049535603716,0.20136823035850498,0.8089713622291026,0.33522758820127363,0.3348229369720605,0.6468462127562393,1.0191109990551217,0.7113727389518953,0.6668594651914458,2.1486221962626177,268.78233092199815,34.91266397759318,60.946968580154994,163.62617576592848,252.4466210927226,6.70817925741798
401,0.29739304881165285,0.3055155027528257,0.19618315940986,0.8489826589595372,0.3596977372509286,0.3589247954688486,0.14708087603779,0.14739160569888285,0.3584320472714629,0.3610309734513271,0.19104025650160286,0.1944790142472086,0.8829499178981942,0.4816474358974357,0.4859444980694986,0.47026253205814467,1.4655430347866296,0.9027748162485886,0.7655834463714825,1.5605565277348374,353.3956461719104,46.530329356236116,91.3542728605015,200.59562022132533,244.72289119980164,6.362872331270149
402,0.22860596894535173,0.2276536251105217,0.28695708260977415,0.6513485991379311,0.5312062915910484,0.5188163905060448,0.05886653144016241,0.058114271728488966,0.39470536398467587,0.3927464503042586,0.06410861178704966,0.06309988723366379,0.6524029038112517,0.7364999999999999,0.7265544286680172,0.8906578721263754,2.6451826371320846,1.0916719433489086,0.25535774076392437,4.9376249887331225,449.6149253100157,30.163922025982675,108.28547950448662,237.84128033780846,313.5045877946862,4.765938100372923
403,0.449172093023256,0.45583092369477934,0.36418,0.6351209439528027,0.39984171539961,0.39865,0.398108148148148,0.39952943469785596,0.26336142697881804,0.2642683698296833,0.2636862290862293,0.2610352150537633,0.9527375,0.3082236559139787,0.30878757575757604,0.5718920351588621,0.7389693808727519,0.5259090321530306,0.7053001802592554,1.5982201975638348,294.2327953254183,35.39474060138067,50.897213319937386,164.64651096612215,279.7450078651309,7.729027420282364
404,0.31801819620253124,0.31400384615384624,0.1352631717597475,0.32928738584474876,0.4250387788778875,0.4194219771241825,0.06191827521793276,0.06226015421372725,0.368773293963255,0.3721662436548225,0.09741768759571212,0.09831987311385462,0.7713736559139787,0.48985606060606,0.4899142491467575,0.560969961020854,1.3172663257052326,0.7523302441745154,0.5151387023446348,1.5473252069868209,371.864961925894,24.802301777526736,90.87581129278988,217.95570792164654,278.9084828691557,6.5128260757774115
405,0.2581214997626957,0.2575660207300586,0.19632628707807714,0.6002643378519293,0.3911353777112936,0.3905173564753007,0.32291829004329,0.31625451559934287,0.34119067296339994,0.34278975741239853,0.2829651218346872,0.2769044229791564,0.5016310254163014,0.3924628427128429,0.3858332225913621,0.7999239473469687,1.3103492042130456,0.7722895859390914,0.9881886088520403,7.760708904515873,332.13008594300067,49.82727114111185,81.29565810252514,222.2445560619235,303.65789342405543,5.783772628222193
406,0.37073415977961516,0.3697388491658152,0.23518803418803422,0.5789095876800787,0.32394266191325155,0.32260157126823946,0.22001017316017302,0.21893729750333515,0.3034923520923515,0.3046758339699515,0.1947143385070215,0.1961116785835888,0.6605480335267576,0.395604235122306,0.39491868047564244,0.8141563929127493,1.1809854246005427,0.9028485274651497,0.6865269454559486,2.9717743614098353,322.87798539707154,34.51269232865536,68.77339981270559,196.26024348491973,260.2599843433409,6.750139238482172
407,0.220823911382735,0.22227535925612857,0.3019028103044496,0.6831353383458643,0.581622798434443,0.5824475806451607,0.11611343864468857,0.11633989448051964,0.45228353658536424,0.4519731182795715,0.12363926252319109,0.1256432913590968,0.7840376984127,0.8095563186813178,0.8082037815126036,0.9785332312241944,1.9867030613538774,1.114538037724476,0.49170908655406087,2.236678389765959,479.82953089688505,34.27370018990977,113.22267569734582,257.26508964518354,323.31378731344427,4.792656649702361
408,0.2202120518688025,0.216969387755102,0.19941641337385999,0.5637,0.61270605355064,0.616175925925925,0.051098478818431,0.049997178819444446,0.41459,0.4139316720257235,0.0500750716830305,0.0498903377110694,0.5278523206751049,1.01842615658363,1.0156565040650398,1.214088177835546,2.5097108142894684,0.4966107139863626,0.18778860435781927,2.3028733201940095,591.5909423492849,30.975602567195896,134.22418851405382,260.0309089757502,387.7449664287269,5.254207644611597
409,0.4077237237237239,0.41027380952380943,0.3652424242424244,0.5894419862340222,0.28927016356458,0.2893012726382772,0.23983293075684387,0.2360953743443017,0.2458975629905,0.24520416095107445,0.31157553366174057,0.31081416666666667,1.219946759259261,0.3719072997416022,0.3762935956790122,0.5373947566302616,1.0259504199003624,0.6472748640365215,0.7811744370629531,2.500892207989466,261.753355152905,33.962659330831634,51.81147587589092,148.55064606914917,207.79518850354685,6.615054897136158
410,0.35292271973466,0.35004125083167,0.3660164728682167,0.54235439705108,0.2677819805621222,0.26836700336700336,0.2403091787439611,0.24113299663299667,0.2436454802259889,0.24277730895452448,0.22868809523809552,0.22662416514875558,0.7631068917018289,0.30840197649572665,0.3099633225458467,0.5123240385647089,1.0338990656498348,0.6197373128415699,0.8713127617747801,1.1266650447186934,268.95805624210175,44.91728678759601,61.43139520039161,160.234866456853,215.76077884270086,6.801076233386993
411,0.39018850574712666,0.3865205479452056,0.28968927015250556,0.5646991150442477,0.2544646464646466,0.2542477650063856,0.22614141414141445,0.22462290206076116,0.24231743042477558,0.23658775510204114,0.21850231023102334,0.21733201951951997,0.8811928888888889,0.3197942490228922,0.32465070761818776,0.5417872320311079,0.968079970118076,0.5676551613175788,0.806508473758639,1.4492848618318146,283.89373587237463,38.374277452627815,54.609366796082924,136.103429314163,208.05134231017695,7.55891152140167
412,0.36948287007110525,0.3706901191849288,0.29782506393861885,0.5303879658733723,0.48309845640383825,0.4783697478991595,0.3051382208055636,0.3053174140943506,0.3402732558139535,0.3355136866627841,0.20232400226971825,0.20702356970185354,0.8224053862508882,0.5450926470588235,0.5489906298802706,1.3458250663918958,1.2631387852094462,0.5727201803695249,0.746775198923752,3.808383653182666,405.9333244667334,34.86334976247128,96.50694042005959,187.2614532818689,283.89726135441487,7.220305611982065
413,0.3034976232917412,0.30697007672634413,0.21770829675153647,0.6184338235294118,0.5014635854341735,0.5075498102466793,0.21447379336349912,0.21859108159392796,0.4150643382352941,0.4209693094629147,0.19797836375929675,0.20028537360890294,0.8431501547987618,0.7444856209150323,0.72700895140665,1.3890613701847596,1.7672115504909358,0.9020211843274984,0.7507815027671516,3.4981443835859998,454.6114003888386,43.85813303730067,119.07684726311881,203.6753631032565,416.1067135796389,5.619394291630563
414,0.34452304292929375,0.3457122395833344,0.22073930921052623,0.658444375,0.5059362331081094,0.5055601325757563,0.25867962786259535,0.2570635775862069,0.3850625,0.38295679012345624,0.20963989825581406,0.2092927530674847,0.8738733552631562,0.6311781798245625,0.627581896551725,1.438374372706961,1.4591973065920458,1.065146271452005,0.7244726886510356,4.419048746390016,413.8117903494276,42.98262429074384,99.37904032994993,202.9755742114503,335.7606845383998,5.954546213615686
415,0.4047282774390244,0.40652163650668777,0.2709829505091171,0.5859034345445487,0.5451069418386488,0.5452464430894317,0.32658314855875853,0.3346247911794195,0.39332369337979023,0.3967233449477341,0.22637536585365853,0.22495517468688195,0.7907456445993024,0.6208613607188707,0.6360656213704999,1.6861205244551616,1.3665623028771297,0.5508348430416942,0.7030910446494684,3.531534879214342,396.9743473046437,43.69170439043423,95.86717876628404,187.24048476121047,341.76758149775065,6.64397574416021
416,0.34570639730639663,0.3400635057471267,0.39119607843137333,0.40127851851852,0.3033650406504063,0.3046422043010753,0.302638348082596,0.30945893333333335,0.2587425742574257,0.25755799086757997,0.25259722222222236,0.252854605263158,0.82570243902439,0.31440303030303035,0.31117270114942536,1.0433206093125147,0.8487416258530902,1.1865776632486522,0.7510369553978117,1.193158768649892,260.2085145190358,37.90802244717876,51.75007429594795,150.50926323359212,237.2905875866612,7.9870169671873255
417,0.4569747386759585,0.4582012195121951,0.3260398852223805,0.644115407495539,0.4350003640334902,0.43817145977430005,0.43697738359201704,0.43794087213599514,0.2824541794932512,0.2828635754489415,0.28396057855927315,0.28367544071480244,0.8212100708103853,0.3424714418030244,0.33463620334998534,1.457650116217227,0.8951098778001072,0.6592655312458486,0.8102323692507046,1.7652738892027877,279.65888290143596,41.77715106889969,53.76479736097702,170.84578710903483,243.381554510717,26.544792827491353
418,0.4307275258552117,0.4702947103274566,0.31651497504159665,0.6902964975845417,0.27444902912621333,0.27392666666666665,0.2640845333333333,0.2645794753086417,0.22898729741568166,0.22699562450278502,0.226069498910675,0.22679976162097668,0.7551436781609201,0.270625064201335,0.27111563670412003,0.33072888112310755,0.9179109913007643,0.5920393749681966,0.8410661378967711,1.202630497079434,240.9663905079166,38.85107968623439,51.692454144358635,143.34335767974457,185.01055504505834,7.801270112395287
419,0.37068817204300974,0.3726217653314419,0.21316066997518612,0.6577696774193549,0.31033856170464647,0.3082750896057348,0.2907773979918819,0.2887456797235023,0.4224276373147355,0.4189347589706419,0.2594369032258064,0.26111371547922935,1.1486833930704903,0.45177288578901614,0.4471208705790903,0.5576127104899304,1.1705546479367621,0.7384581115276231,0.6550672056137331,2.1133352502460485,314.24072090416183,36.8582182413628,70.53748028533113,188.12899643014515,253.45272940373232,6.442399875771615
420,0.2319606161045039,0.2350365663322187,0.2914121430409057,0.6992061711079957,0.5594986241056695,0.5627123745819391,0.36780399144689957,0.36739490029421396,0.5157502415458957,0.5179143349117521,0.25839975845410607,0.25800879617994477,0.7049298737727913,0.864998500749626,1.1850458284371348,1.3891271160948329,1.6330055397988341,1.244039140144405,0.9245113598140224,7.874418496294706,489.75680711800635,37.44715460292671,126.00273501289928,275.1170900528846,374.9770284427897,5.186069756746292
421,0.3625099079971689,0.36928930817610106,0.22218291905672446,0.7905861111111112,0.3420818882466278,0.3427232592592589,0.16215676883780333,0.16481100082713002,0.28206671572234443,0.28161147902869776,0.17741412742382223,0.17743238462775335,0.8694588057445201,0.35807232704402553,0.35273232323232334,0.44625601771877704,6.027476894084103,0.7026262295985334,0.7824374202724902,1.511957247920945,317.14543907178773,32.379423889021076,74.34079113105933,193.26445957024893,239.3099686337842,6.290201822088824
422,0.3989770833333333,0.40684842105263,0.3281048484848486,0.59294463276836,0.45638398268398334,0.4592126016260166,0.35906771929824666,0.35701733333333335,0.34421865443425,0.343693,0.263285780885781,0.26221731266149867,0.7864116279069767,0.43777108433735,0.43894125,1.1174028649117285,1.1203259378154315,0.928452310968691,0.7904921074680706,5.997764534456168,341.22689937551814,40.23974450925986,72.19623075798154,209.60697593788305,343.11027731746435,6.965800033261378
423,0.3634095928226367,0.3665610305958133,0.28912834362139894,0.7746505847953211,0.36416382575757555,0.3696078431372544,0.2605582067968189,0.2610813953488367,0.33473555555555556,0.3344212318167744,0.22966185318892884,0.23340146960587888,0.7384003831417623,0.4027484415108178,0.3911537870049978,0.6018789536297966,1.4469627687642055,0.6486465448107663,0.9194902655797493,1.2771963537583746,310.6900542560551,40.366508377095066,68.34165607061651,176.85935211678347,251.7714242761334,6.760711160798867
424,0.7110898379970543,0.7546228008444756,0.35155625790139,0.62836798221234,0.2528576406172228,0.25256886506641857,0.23470818939239999,0.23487042682926856,0.2641747572815529,0.2667427645288257,0.22636006289308144,0.22818191627103998,1.1640476190476186,0.38777744005403575,0.3804308236808243,0.3898402428056885,1.0666433508854196,0.5163491669474108,0.8536458222516917,1.0556635846301896,276.9886715603726,46.021644292133196,67.6141885508384,155.30588238367014,234.07561571470328,7.563313868428979
425,0.40283536585365876,0.41127037617554874,0.4298615319865325,0.7213259943181813,0.2775498366013075,0.27751727447216873,0.2672204684317713,0.2705200364298725,0.30092583857442373,0.2973565242494225,0.26049136178861754,0.26073890398550753,0.910594594594595,0.34969078947368376,0.34745509708737876,0.42164808579656166,0.9103835878209575,0.7989628998259675,0.8043163519700799,6.5095865284344585,298.08017425239086,41.468089330010116,60.526918969117105,173.7276732455939,227.0038559800014,7.605174323543906
426,0.38262920168067255,0.38552043868394903,0.30254901960784314,0.568131955484896,0.3218791297340863,0.3273114845938373,0.24371405228758236,0.24183248608085292,0.29645649509803923,0.29712058823529414,0.2231605257487608,0.22590217391304315,0.8074949290060843,0.37024869281045686,0.36523722275795495,,,,0.7564212572380946,,299.5411938458097,35.52759961024219,62.90662020225735,190.18627319704083,256.48459399520766,7.0831117530663805
427,0.374106643356644,0.38785939849624007,0.343349914821124,0.585246857142858,0.26032840909091,0.263864932126696,0.26108832487309597,0.258814010989012,0.21215669362084402,0.210447948951686,0.20889813542689,0.21637270194985997,0.59844347826087,0.256214377406932,0.25667968750000003,0.42974105031157483,0.7817230658850968,0.5118728497054083,0.7441663911315674,1.0882048039351242,251.8482506275177,36.67601849883795,49.98801741749048,134.84792318195105,211.44536323845387,8.224421180784702
428,0.35664613970588244,0.3588082482993196,0.3143254357298475,0.41686047400611664,0.35172699999999996,0.35065992647058836,0.297755459770115,0.3008762626262625,0.2780532258064517,0.27668710691823917,0.22752152448657212,0.22832750431778917,0.7559240591397832,0.37751954277286126,0.37328359173126624,0.5889339505374913,0.9341160491403953,0.5786794212762917,0.6383967828870865,1.4362636754481792,278.03999740475166,33.64318593715628,57.29163337188462,156.169833887058,257.1065454200531,7.438762501503031
429,0.4180944510035425,0.41879082491582426,0.32013590449953944,0.463827178030303,0.28746376811594215,0.29073232323232334,0.2580632515632515,0.25651418951418936,0.25379848484848483,0.2579356878133857,0.2226466099847394,0.22260954135954153,0.8593309409888363,0.3034758602978939,0.3023488005050506,0.543108022327007,0.8933115623400959,0.584763660487307,0.6808598052303058,1.1579428676859598,246.37366701481918,35.20708150145683,53.119645312880024,150.52260943886006,225.46839688650587,6.912233110404376
430,0.2854443344878766,0.2840719095071362,0.2943064842958468,0.6832746010638298,0.5728454317897361,0.5721421663442936,0.1796961491120098,0.1776899224806202,0.46957125652348514,0.4676678245766383,0.21853353596757874,0.21771976231550635,0.7723844984802425,0.8525003668378575,0.8463436988543361,1.4023206179491137,2.069607191211872,1.4694518048491518,0.8300910545413009,3.4350037745801023,522.2991207971218,33.806215357431704,125.42406206039038,260.28653200557255,410.33192884494014,4.967010302588027
431,0.371458947368422,0.368762601626016,0.27164893111639,0.577113736263736,0.24064884259259203,0.23695027995520798,0.239570175438596,0.236483101851852,0.207013171577124,0.20687269565217398,0.20813831041257402,0.208046108374384,0.612855936675462,0.261577608695652,0.263870210409746,0.4825365703158161,0.7948133494477042,0.5629725098054275,0.7458605422414092,1.0251393279889633,258.5898246616125,34.846356138587,48.09197969734669,130.0565665587783,200.48459991812706,8.284137584269047
432,0.129815987933635,0.13599316666666666,0.1400768484848485,0.42794781553398004,0.33350482625482664,0.33753223726628007,0.0459223283310595,0.045681364759886996,0.3081965053763433,0.30684837758112166,0.04552727894646833,0.045641367912535,0.4845874246339366,0.39233067198935495,0.39062422997946666,0.5017263438140903,1.3337911374142395,0.6959110264409588,0.19932440916391692,1.488521493963481,321.9972286994259,24.969254930814106,81.96220345174272,204.42367143308124,259.5328337823351,4.529883153736591
433,0.36705264817150074,0.3730644586894588,0.2295496794871796,0.6721532634032615,0.5665923076923076,0.5654797830374769,0.12994496660895385,0.13003036437246962,0.42472331240188466,0.42426295133438074,0.1323127428127427,0.13193294871794886,0.8607660256410269,0.8279254807692309,0.8253549679487193,2.0309685008751295,3.454336768690164,1.4131632881072977,0.5086810372761563,3.018376604694891,466.8871809441883,26.09874175574917,108.08305008910023,187.55323701323226,332.0402456805683,5.396384781656357
434,0.16716333622936552,0.16603511276049102,0.14446521126760548,0.363100276625173,0.29058672009158554,0.294636672325976,0.08839938466655599,0.09116638019938099,0.274463996185026,0.283260421657882,0.137334316491408,0.139312380431812,0.4955830188679245,0.3304956995412845,0.3296464743589745,0.6033499393986557,1.2433242073779271,0.7343607357550433,0.6533741832548905,1.4243415054363815,309.0948914177716,25.713839568197727,84.66196013614535,188.42447316274047,283.0912824720144,4.973250906914473
435,0.27321285714285715,0.27407525510204084,0.21979211087420059,0.6700620060790285,0.5262836734693885,0.5239947252747257,0.20293832512315255,0.20729035714285715,0.38227545787545714,0.3844137291280143,0.13882399035563597,0.13714538205980056,0.78024149659864,0.6538444444444457,0.6483182072829142,0.9469187909490018,3.8748862743163466,0.9083895448866237,0.4204248313027904,4.337453520281245,420.8518664485642,38.15772344491312,99.58143146442515,223.32623334867614,367.8421722725034,6.237743156296866
436,0.3342857142857129,0.3343704979642968,0.2090498368974268,0.4531500194325677,0.6113853046594968,0.6115123655913969,0.33751012017710325,0.33700355134655163,0.5364314516129032,0.5458830645161291,0.284436705767351,0.28431844499586423,0.5552498633132871,0.8084508960573484,0.8050875576036871,2.3553679108028733,1.260862826370625,1.278136910738562,0.6013763537170983,7.173655988618285,428.9690713067689,41.245337906143355,111.34610301063907,275.07490914074646,495.51540399871527,7.007438539256973
437,0.19153766879886333,0.188362668161435,0.14001775392237817,0.45493209876543167,0.28064266450917,0.29271275535625335,0.046759734093067495,0.04630862993661633,0.29925517241379335,0.29871718931475005,0.04406381296589116,0.04425835257890683,0.45471019607843166,0.41018922018348664,0.40727498001598667,0.47913477205033095,1.2678200287242134,0.7393950026462516,0.1985235016436068,1.1920877992227343,264.62008245289326,25.835703127086163,84.13757507999738,217.03603755061826,285.67958312729996,4.362047184258699
438,0.29976586376586367,0.2994669020300088,0.39017382154882124,0.6729785353535364,0.48207810499359693,0.4830297418630758,0.28942826495038876,0.2954351922587215,0.41713348676639694,0.40964754689754546,0.22327234124686365,0.22541472416472422,0.821094794094794,0.6626677890011212,0.6601263700838181,2.049362031072625,1.395552640251125,0.5735680152541022,0.7669042420285,3.1135203792735595,432.75357421600455,44.8991290547631,109.9989206219713,186.61671501556128,261.60250558997643,6.2830880227865595
439,0.21574511278195502,0.215590485074627,0.25096874999999996,0.6812674418604651,0.4373698529411775,0.4366632352941175,0.25305588235293996,0.261243028846155,0.414757258064515,0.4602555,0.2290725,0.23063295454545454,0.682794594594595,0.5253935,0.5122136792452825,1.2724730784871103,1.3457742731844053,1.0305638225990392,0.7986675945967366,2.0526682927540243,379.09051461610943,35.37820710334927,86.67847898323089,250.37360261194408,351.873065228574,6.106562213972211
440,0.38301252684323545,0.385779113448535,0.31955525313010363,0.5222321083172136,0.32433189887036046,0.3255814393939396,0.31715881708652777,0.3146963307776559,0.2733867403314918,0.26683216783216773,0.26715671641791044,0.2693095571095573,0.8072881355932182,0.31586170798898094,0.31222809419496184,0.5216276888036697,0.8049882897896857,0.5500103117543514,0.734080873555104,1.5232833351937694,253.30373636362228,35.296600650657304,49.048262140290305,151.22291674329475,288.0250569432974,7.440586870705539
441,0.21805528115501538,0.2164402086677368,0.25610044642857144,0.6778747072599536,0.5576917582417572,0.5560014677103714,0.08460909090909108,0.08391402419091214,0.44142358803986786,0.45385294117647146,0.07940692403876215,0.08091134085213035,0.9042015873015857,0.7825867346938785,0.8004821428571429,0.860166740293813,2.0982489543411567,1.0530432333217068,0.30325573177514414,2.1159579946602745,465.15421542738164,33.642673432560905,113.2705298784588,242.74075320655746,365.65785329522834,4.935775151742356
442,0.33275714285714286,0.34041661129568,0.3779828571428571,0.7438899999999999,0.45347817460317424,0.45637098214285715,0.2814011428571428,0.2889012315270943,0.4492502304147457,0.4350102345415771,0.23522606882168945,0.23671820276497685,0.7148243161094229,0.8542082706766915,0.8422717948717943,1.397709333125025,2.302103656911561,0.6408800482305956,0.9191496656297539,4.568249745103023,454.930838729654,42.60989438210215,109.24666255180325,219.29851799671138,292.65709620501315,5.556297089372363
443,0.3806664335664335,0.3806973684210527,0.3925269559500346,0.49612804284323075,0.29213874643874654,0.2933645271925527,0.2812673076923077,0.2896961538461539,0.2693354838709677,0.26716003227541696,0.2530195681511469,0.2522074963253308,0.8495983727810654,0.323798549810845,0.32548697270471466,0.6663469663147806,0.9563393533102402,0.5891719066513613,0.7838571115595426,1.305545002981978,293.20606442454914,38.03246475469608,54.647642760895764,162.41784995565047,257.9383919230447,7.115615209421287
444,0.20085736677116,0.2019607357622923,0.2101347272727273,0.6264726177437,0.5559952153110046,0.5574179600886909,0.07505454545454546,0.07527991202346046,0.4556561447811454,0.45613047138047275,0.07700327540106955,0.07711609686609681,0.7895848032564454,0.7356280409731137,0.7252794117647046,1.0525372084891058,2.499858319392372,1.2984625456859493,0.28694967324170056,1.8292295154718092,474.3639242158017,30.282123903320596,106.11302727325396,267.92645327408206,422.5059539418329,4.682118411768567
445,0.29759425287356334,0.3000652298850575,0.3112907542579075,0.5527208904109583,0.42992769607843334,0.43121125,0.35512344527363165,0.3579109299516909,0.3101111111111113,0.3115845410628021,0.2579292114695342,0.26487551124744374,0.6615928030303041,0.43206584821428756,0.3986169724770641,1.4946471134312052,1.1085122018500748,1.28072872293917,0.8277467715879734,4.301791955586986,338.5742427781225,42.99178059833745,82.89795465922604,179.32376455670843,296.3502745842561,6.806541932746768
446,0.127792040944224,0.127334620476611,0.2840730184581975,0.47938281901584645,0.43,0.4376138775510205,0.049069991474850805,0.04854499959313205,0.35358333333333347,0.352782522996058,0.04861052141527,0.0512350266851155,0.574309428284855,0.871026315789475,0.8984087423312901,0.9023765622835339,2.0632575455405924,1.1197779881878307,0.18401865406235055,2.3349103678966117,591.8742390349507,37.35264763236046,141.95487601682544,243.86311415582895,351.2979717925191,5.335547029972076
447,0.36495842142353635,0.3698801652892576,0.2725604719764012,0.4811190162494516,0.4881352657004818,0.49452781546811514,0.28413759213759215,0.29011316706891943,0.44096618357487877,0.44059340237821215,0.24564939393939392,0.24003598484848485,0.714207792207791,0.6676878787878788,0.6663310023310031,0.926735117649488,1.549896095811739,0.6422122361571179,0.8374542322658309,5.5295485109739495,447.3266241168885,38.023573826208256,112.42662881021246,239.61233073901948,343.10826961176866,5.328745552987764
448,0.448764912280702,0.45737313432835797,0.511043498817966,0.9679142857142861,0.265601459854014,0.262797946084724,0.268481338481338,0.266374427020506,0.205325325325326,0.20987591240876,0.211517171717172,0.206850455373406,0.796659842519686,0.254448964677222,0.25319306930693003,0.36685609362203264,0.765615929952959,0.5201915015297924,0.7483956000045535,1.3636653174248363,241.7655847966671,38.48271444439888,50.12144334614277,131.2279189005494,206.47989120334387,8.028596639633179
449,0.4128586345381533,0.4080069767441867,0.2229225888324867,0.8598759018759017,0.22963157894736833,0.22825832223701667,0.04541001877053034,0.04531029088449184,0.2554413457281983,0.25601028517998997,0.044948590573013,0.045103397929386835,0.7794166666666666,0.29061529871580166,0.288296766169155,0.40434890983348976,1.3261774861610947,0.8302903085925152,0.20400849683598346,1.0110678027194047,299.98592799529433,33.63324794918299,70.22952971359094,189.78874431923032,248.21639138584337,4.833451627443234
450,0.28325906488549624,0.28161987304687497,0.32558383054892626,0.6774859813084112,0.2972543814432988,0.29211902050113875,0.1955620503597125,0.19414847083926,0.23846552491103248,0.23818637110016375,0.15341075482406374,0.15107281931464123,0.6969908536585363,0.3080432926829263,0.3064994033412887,0.5479972013612687,0.9901629886573114,0.6945061589505193,0.5484143748820528,1.2233494631923472,271.50790265295655,30.886183958500624,52.622557268477976,167.22934960853308,226.81206464767456,7.320611621253192
451,0.11467060669456075,0.10525110486139,0.139252791262136,0.41005882352941253,0.2517359715242875,0.25165608348135,0.04547247378455675,0.0454913012392755,0.24157644824311497,0.24461755121042827,0.0449957004377735,0.044194503257329,0.486721794871795,0.2571375278396425,0.25375733137830003,0.5258780395799607,1.2487016810218747,0.9164242988607714,0.1985719683317159,1.2155897481218318,267.6466421689838,20.814797608181834,68.24982701800764,155.61958425678313,254.45424253121016,4.387821536511183
452,0.10959279881217525,0.10529777327935225,0.1396098062953995,0.363956068268015,0.27123190279214,0.27154610091743003,0.045337858160519245,0.0451505367856015,0.23858514986376025,0.24093617491166075,0.042970951693147255,0.044380277442701996,0.462889234875445,0.247376524390244,0.24956388621022174,0.5467333134950553,1.249685926242945,0.8306110454826283,0.19926550084920175,1.3199479303670063,243.94284700974822,21.74186520278454,66.15680176764727,154.79425783269107,253.38407140225172,4.982453538104892
453,0.14482656163626317,0.15655941673480517,0.14463136942675167,0.469375404530745,0.21629467996675,0.2157095479509933,0.046792819843342,0.046468150298339006,0.21154428341384832,0.21230449438202167,0.044910298582996,0.045132683832057506,0.5429133895131083,0.279062396006655,0.28062647554806003,0.32413267992676453,1.0485226669516885,0.8440073922199886,0.2035208609950534,7.696694154964543,193.1923363978664,25.07918591921528,54.69532140220205,147.8801015764475,209.60878658418855,4.302314482629299
454,0.3733608531131745,0.3746914175506274,0.32670617070357644,0.5629483065953647,0.4656434108527137,0.46802941176470586,0.21950010107135687,0.22032659313725492,0.3585838779956432,0.35842572283150587,0.19832607843137254,0.19878165093197844,0.7709879336349923,0.5483931133428981,0.5489808590102705,1.5416670897407843,1.4050147281265652,1.2745699091354856,0.6357224966970298,3.7427555918227533,469.95593298810957,35.286380215456674,83.98944046348333,197.5353515031291,327.8011314607426,6.474201640515935
455,0.13228204257246376,0.13781786074672,0.144004640044995,0.5366431372549024,0.34089066059225503,0.35093112864077625,0.047012202697905625,0.04726679166666662,0.37023768115941996,0.37236747382199,0.044789010989011,0.04448008029647925,0.4255529279279275,0.5304484435797662,0.5298398594377512,0.6562441888815784,1.3416588297654912,1.1112073817910721,0.1950152026488581,1.278060655615996,398.8488286267966,25.05691081751138,112.53280099481344,255.08159014862028,369.74197428207844,4.616900696419179
456,0.39563020295837653,0.40265912518853725,0.3296838235294118,0.535618331053351,0.4259707968293706,0.42756403838130985,0.28783745382210785,0.28343163398692744,0.3669144969463196,0.3602928921568627,0.2211283606226,0.22181736065212548,0.8072280319535216,0.5826505190311412,0.5779647058823529,0.866074468308121,1.3172735526895354,0.5834502399489923,0.7479299457074874,2.89008484549404,396.2923590020806,39.760693542513195,88.84689304977655,180.7947839409405,262.47517260558465,6.463221621279623
457,0.37422362459547,0.37293510638297994,0.18845512195121966,0.5973566666666666,0.3105084010840107,0.31206640826873405,0.15429455511288165,0.15312486772486766,0.2846675213675213,0.278724087591241,0.145683540802213,0.14183824289405667,0.71087,0.3848564356435633,0.3805401433691767,0.7460680762715927,2.04496990505713,0.7678553973649611,0.5369368393032906,1.9325419333256735,304.0615771897137,28.56170292943716,71.2983519770205,223.11004033933082,268.372791664054,6.16598641499877
458,0.4367572649572656,0.4381300075585789,0.3075784061696656,0.5991586586586588,0.26624540863177226,0.26643804403481774,0.16755844572896555,0.16670750360750333,0.23238656142481334,0.23609835390946554,0.17504714264059446,0.2673239404352811,1.265622662266222,0.3503216374269011,0.3520764079147644,0.41944755967077774,0.9995939256511244,0.7551270936984442,0.7851490417557369,5.976688987471766,313.5686015917195,41.979018391834366,73.9387779807051,187.0790548208687,237.7559430897236,6.444922958811124
459,0.38794465361445934,0.38748363095238125,0.31587887168141565,0.4393333333333344,0.3294822716346156,0.3297158564814812,0.27792812499999997,0.277674560546875,0.26652472014925377,0.26743700787401564,0.22240992647058813,0.22291149328859064,0.7591671511627907,0.31807174744897815,0.3181875,0.5459341288486376,0.9356140072392176,0.564627274064821,0.6782584072858677,3.3005713097380776,269.0516077564098,36.99488734127954,57.50520067522302,160.03390119294636,238.94640689832158,7.4642812251113355
460,0.10408598498391125,0.1080326167531505,0.1394699185043145,0.190240323604061,0.22233544546851,0.22226361788617877,0.04393255071989525,0.04441738594328,0.18740258677144725,0.186478307254623,0.04456145526057025,0.043736667682462246,0.39395256232687,0.2079733044733045,0.20640079666160852,0.4277922235409975,1.0119704268777276,0.6121232035018599,0.20277752554591505,1.0263845464900414,263.7116878759116,21.104502957314253,79.05724341981113,207.11109973490238,253.03484871983525,4.736421396955848
461,0.28664692653673257,0.2938853998926456,0.24796774193548476,0.6007050528789653,0.44133676582761305,0.44346347826086957,0.21283132763975152,0.21254541925465847,0.35422142857142824,0.35241545893719783,0.1794541984732824,0.17993356521739132,0.679090683229813,0.5564782608695653,0.5574777034559653,0.765357317730111,2.1602980507439917,1.3959068245577642,0.5653063492038861,2.1479803470191072,410.0050215366418,27.884432094414596,85.30639081626482,193.98136975486642,295.0504427249341,6.387715288640364
462,0.2994878740970075,0.29871875,0.22113717948717915,0.532314814814815,0.2830031446540883,0.28272848664688416,0.17749909747292414,0.18064732770745418,0.25939149043303084,0.25892447129909335,0.1512623664980325,0.15172448377581083,0.7054323770491799,0.33357349537036995,0.33179924242424247,0.5720928732469673,1.2574861838504632,0.9696630789235229,0.5949585105175115,1.454098920132944,284.2311398126185,36.556184447060026,62.95096051568786,160.0021069558958,256.6526837957402,6.612491173048814
463,0.36940224358974333,0.37841172161172004,0.35091359223300994,0.68673647798742,0.4218288617886167,0.42515079365079333,0.319685119047619,0.32624903846153835,0.39907569444444335,0.39838316831683,0.27825779569892467,0.2798878048780487,0.8047317829457367,0.6198577380952367,0.6178209677419367,2.3771780848469932,1.3361794644020049,0.5616804275506139,0.9136797491559253,3.20002275157266,461.8755169212818,41.35994395862023,102.94565775742133,255.2618971094489,352.4781654899319,6.094546988606453
464,0.41410104669887304,0.414218196457327,0.2681020356873587,0.5120753286147608,0.36792066010790214,0.36753838315217396,0.36574864130434787,0.3669511266264678,0.27106815511163346,0.27086327920377173,0.2702569408067052,0.2706849569867474,0.6834614492753609,0.3238012422360248,0.32476886395511917,0.6290029495679841,0.9070326192373994,0.8185403857949393,0.8263311438905374,1.4610019226435602,253.6008569776364,36.871629645643026,49.72133522286363,149.32467399731925,292.2592816226508,7.941147676952507
465,0.3038029918864097,0.30246206896551725,0.2316055893621817,0.7749915419648655,0.5002278481012655,0.49841553906591035,0.24450368608799036,0.2428757396449703,0.42422230374174486,0.42368780126065864,0.19208300746533966,0.19306599925843518,0.784245977011493,0.6461302681992345,0.6506413793103448,1.1529817769278177,1.6604645466496248,1.0730394629379527,0.7046057560665332,1.8151862941607397,450.26235186077395,35.359607688311876,101.71845988852196,235.35754098075216,342.51942074504393,5.650689729071897
466,0.4162794585987263,0.40281998607242375,0.293985,0.5027307017543863,0.26630214025500876,0.2651544117647062,0.20019767011834377,0.196468620689655,0.2728597328244275,0.2731446078431375,0.23605921052631626,0.23498341232227501,0.8767555803571425,0.34621680216802125,0.3486321428571425,0.3922630668404139,1.312942223445955,0.6218187205950464,0.8824778623930636,1.2342388459833054,267.2587666893378,47.81260795425624,76.07835868839175,170.22874089889228,211.49365056771785,6.98756193742156
467,0.39944844961240394,0.38432699619771804,0.416866801619434,0.876473529411764,0.266747308132876,0.266979214195184,0.26472480620155003,0.265523094425484,0.219764935064936,0.220928236493374,0.219895147478592,0.222246456692914,0.7751223021582739,0.274037105263158,0.27401843191196795,3.7842955214297156,0.9862174576053905,0.7051360914824447,0.8821480148553537,1.0972384730049367,254.43733669817448,45.550609938800335,59.16737951338291,130.04863634705544,191.2527158856392,8.521857671439648
468,0.36333067867036,0.36768301282051247,0.3351942019950125,0.56853515625,0.28277411764705873,0.2871252485089462,0.26586815068493125,0.2636075295275587,0.25061968576709753,0.2510653508771925,0.233705372616985,0.23100067689530626,0.7192379441624362,0.3035592550790063,0.3041398948598125,0.4032896812523247,0.9700824402873034,0.525938537046605,0.788858374420473,1.382669076876973,246.19954929221421,40.47031688969582,55.40708953049034,151.6023970907554,224.16217252612114,7.422736962325871
469,0.14481225345167653,0.14355188811188807,0.2049783653846154,0.6536171875,0.5161486603284346,0.5175402714932116,0.054648465207288846,0.05574726867335577,0.4133346153846154,0.41419819466248076,0.05380057836899962,0.053844258206125775,0.7110879120879114,0.7962916083916076,0.7963012820512808,1.2238247614537807,7.3767594268834795,1.0991678123476982,0.19671092529064688,3.568845573200844,470.7255096246417,29.863288196233604,109.68377330125524,254.17228551724781,388.36574665485665,7.4759886886637945
470,0.31049512987013,0.307261687917425,0.18696074582924496,0.6782329615861217,0.27393057722308833,0.27633467094703,0.044624850523168835,0.04475577731092433,0.2659385560675883,0.266693700047015,0.04419612324360933,0.0431875329566855,0.648020547945205,0.341010292164675,0.337523948220065,0.5062926493955594,1.173994663411243,0.7515114247671301,0.203719705202692,1.1752356839614706,297.44501613701385,32.74903865531087,72.72022388254602,211.41407390435538,261.9659372915824,4.541967064142227
471,0.41611869565217396,0.42646,0.388259285714286,0.623027222222222,0.472859591836734,0.464144680851064,0.35932000000000003,0.35728105263157794,0.367815238095238,0.3685,0.23888494117647002,0.24280000000000002,0.776653333333334,0.528251351351352,0.545561621621622,1.6851938674994438,1.2114333115978044,0.5504718725675944,0.789849570939558,4.519598183728574,403.0721839517355,37.0844048447907,85.60715895146132,188.874791841954,272.8196741081774,6.655474193394184
472,0.37016602440590884,0.37153906006847226,0.20705219727499555,0.6433965623081644,0.2655066964285711,0.2646688625384278,0.25587847978697664,0.25642809139785006,0.23716044531761668,0.23533311546841,0.21899553001277114,0.2187039165602389,0.8721560644614077,0.29349959049959,0.2942103559870556,0.5058145579546014,0.9219765104668861,0.8752555685724535,0.7952239262638997,1.3325198100547189,268.47110129892826,41.0828972235322,56.247731360296406,139.29770793765783,233.20853296253415,7.741846558120516
473,0.332132698412698,0.333012957746478,0.36597677419354796,0.742525161290322,0.426473214285714,0.426132549019608,0.351827777777778,0.351938571428572,0.36361689655172397,0.36250093749999995,0.275153150684932,0.273689397590362,0.7161693333333341,0.536906,0.536091578947368,0.9714167321744941,1.1787437613243705,0.6097084340651291,0.8412614212412168,4.193748188054849,362.93367808684707,39.43555662408472,82.95669825747609,190.19764615222812,292.0261579565704,6.802802439779043
474,0.44054137010676125,0.43893580060423,0.28995140280561127,0.616071682464455,0.26140596539162125,0.2613963579136687,0.17754422814207624,0.17907548814504876,0.23867309479553875,0.23634784411277002,0.1629639423076925,0.16461071428571375,0.8292725806451613,0.28582599580712753,0.2866926315789475,0.3671356229395325,1.0602573440590755,0.5578424823699526,0.6892884934640305,1.2698381127536904,264.9415022460744,37.2186244931072,59.74658706691116,141.20304258540273,205.87547915056348,6.69696310069412
475,0.3599174250084256,0.3599790697674418,0.3692354651162791,0.603393369619,0.39614410979794185,0.3941638018200209,0.32061351052048837,0.3193583780560535,0.35151402188782555,0.34726409684613024,0.23435789257048834,0.2352584973166372,0.7084069767441861,0.5335380143112698,0.5330516279069768,1.7876289378917052,1.5744814303719141,1.253054443090491,0.7700951695455643,4.027609591878371,384.6501590424152,40.04020308859126,88.75833889252918,203.43502062957648,268.21659574675004,6.519855801449266
476,0.24209050179211478,0.24157936507936503,0.22004853801169585,0.6960361757105944,0.44299550653594727,0.4449744268077611,0.11097149122807028,0.11098071783123334,0.4045161411411417,0.40695444444444445,0.0975762695685375,0.09743861111111111,0.6962655038759694,0.6511972789115639,0.647526111111111,1.1815524538152722,4.60453495086921,1.0688325508525602,0.401686011207971,3.036247187177083,449.90534208611484,31.110748467552995,105.57767818681896,256.74360028157633,400.37947150671647,26.567180692735647
477,0.19079832089552248,0.1792903010033445,0.164660460392688,0.38615059347180997,0.24554027420736924,0.2440896946564885,0.0456791449984705,0.044910172594142254,0.22078547439126775,0.220399526678141,0.042978307845744745,0.04293570511792075,0.60081724845996,0.26649095139607004,0.2660034121929025,0.44797938687101985,1.269814064637699,0.7686828261565877,0.197044349470701,1.690348987112908,215.36610438488424,17.760012997314334,69.3797948770225,226.7496893182397,294.28834677673876,4.597427323460579
478,0.38935156249999997,0.3871453313253,0.35303125,0.48890998134328434,0.3175893252212375,0.31595946782178125,0.30031349206349217,0.30000284090909096,0.2692908482142856,0.270578125,0.2473873175182481,0.2470688775510203,0.7553742732558125,0.3336859529702969,0.33294678217821877,0.4642978615977016,0.9328531101723172,0.5691800949979094,0.7675213373610781,1.3347494960427315,258.2532601081766,36.87245334731415,54.04748080763966,150.2186816651374,209.10113089485094,7.18391893315129
479,0.36496981132075335,0.36696060606060665,0.39287969348658996,0.46700946502057666,0.3165854166666666,0.31711619047619066,0.2985685039370077,0.297689701897019,0.24451196581196566,0.24285862884160767,0.23173634538152602,0.21524710578842302,0.7273188679245267,0.2868776,0.2944178117048347,0.4614879880439793,0.8608822866727465,0.6403205646054668,0.7549276730067175,1.1876021504732026,269.79700041313964,35.558915697038174,52.16884814823667,152.27740164846182,205.22999033952752,7.349153359731038
480,0.43830498866213335,0.43446241290795934,0.4125202991452999,0.43793386243386295,0.29621813725490187,0.29714114114114104,0.2958814262023219,0.2952043422733078,0.24740078626112147,0.24698593530239113,0.25249368191721144,0.2513360493827159,0.737325308641974,0.30176357560568073,0.29631808278867106,0.5009453850764741,0.808610320968459,0.8931131466824863,0.7448870244832355,1.3129161728443337,263.8913561693496,35.68596999954294,48.947015225335406,148.20153635271168,225.83592389882713,7.760151358390296
481,0.43174958745874586,0.4462870795107033,0.20994318181818164,0.7125611111111109,0.23058440445587,0.23157329683698333,0.12822849083215834,0.1270446878147025,0.2577890547263683,0.2590549019607841,0.14822024729520833,0.15331979830148584,0.7717486225895317,0.30355071271929834,0.3027586021505375,0.46720195235105094,1.0786931312133878,0.7482265352915166,0.5213016959332303,1.1526114605526139,266.51526568457484,33.09633660440644,62.70604790188372,177.7654339093715,207.64655200764537,5.859058971206347
482,0.37185152979066,0.3725066956207022,0.34955522875817,0.8036194824961944,0.2530067415730333,0.2584932548442478,0.19320113960114,0.19109978890807888,0.24051530398322893,0.24021615312791778,0.16764291524320776,0.1671102904972922,0.7181289910600256,0.30317638526254664,0.30420052910052886,0.6269730473453904,1.2344644107323284,0.604928207403471,0.6587580899647061,1.2975797202141741,287.7556951716542,33.25332783990436,61.554557436870205,151.16877750390105,248.5180480612649,6.761921880145867
483,0.461616407982262,0.46907379912663805,0.21111864057672397,0.9754246445497621,0.23613264887063598,0.24267401247401196,0.0438249377513886,0.044432751007870995,0.27552600536193,0.273011420982736,0.044193926073926,0.0439609691629956,0.8583286245353161,0.358514376996806,0.357988785046728,0.4590195743012777,1.7518707464784895,1.0795420325659402,0.19554190799014648,1.0724378762074358,318.0646104738116,33.31230953335762,86.24280337244272,223.12821820378304,250.68511720746756,4.389523528516293
484,0.23919013157894736,0.23810670731707334,0.26001525821596266,0.548478125,0.36412638230647737,0.36400317460317466,0.16608253164556933,0.165983449342614,0.34706494845360797,0.3424743718592967,0.15519183400267736,0.151387780355762,0.49930463576158934,0.6157806451612907,0.6225418960244647,0.7992083340636748,1.702173777988018,1.103103462922131,0.6147458332236851,1.4556446872207134,404.98806318889064,36.70720073084036,109.2748964826266,211.5942987923821,311.07668299227953,4.47911365578572
485,0.162668429003021,0.163819099590723,0.252967032967033,0.5439245454545449,0.24985947867298602,0.254351958224543,0.119284686774942,0.11928652849740899,0.246832608695652,0.24043935926773502,0.100085285848172,0.100426622765757,0.649995180722892,0.27457114845938396,0.273200506329114,0.41044730283122766,1.2142264603949677,0.7982814995342935,0.49514031100286776,3.146813725626457,249.31568885222077,32.078889198601246,67.00636819005013,176.30266956984997,237.75244830176234,4.60395123809576
486,0.27247774621212084,0.2802183333333333,0.17702334515366439,0.5075292553191478,0.5254787137681166,0.5228506944444438,0.2208827319587625,0.21468728070175414,0.40513596491228127,0.39949545454545415,0.16288341894977168,0.16247994987468667,0.640447265625,0.6577952380952374,0.6611366421568625,1.598802976428176,1.8070140030672084,1.2281481594323678,0.534628812798052,5.035632993861294,436.2715476114924,30.122757016215473,101.89317739180599,216.29051722508544,449.88145867440227,6.290769185094784
487,0.22166957969205112,0.22051831160769664,0.19052333499418667,0.7148987108655611,0.39196516318298447,0.38995547812621,0.20637417218543,0.20673159911272443,0.3521150159744411,0.3497757877280267,0.14558251075676998,0.14471600226180334,0.8258312757201645,0.4609568376068378,0.4602123719464145,0.5761284124755419,1.4870213843721471,0.7117465547904185,0.7067882998573457,3.752346220278441,362.02773400064973,37.713956812189686,97.44803214238749,329.1060371945302,280.6494426396158,4.928421953486072
488,0.3523181511470983,0.34908066666666665,0.222241217798595,0.669359615384615,0.27897204968944084,0.27882492795389086,0.11691458007303084,0.1163004836759375,0.2692399691358025,0.26570134874759166,0.12562972262075583,0.12599847632442582,0.8258491379310341,0.3181886111111108,0.3286932077625575,0.46805705270764325,1.3186045827592179,0.723697389864785,0.6104168812768812,1.3780272193306764,274.7988134312133,34.56302608052889,70.53890149109066,186.25772596957782,235.9001994288216,4.609408400331934
489,0.31272919020715556,0.3130611872146111,0.3138817901234578,0.49511752136752224,0.5041629629629623,0.5050439506172845,0.31364532163742664,0.31560162601625996,0.3790948853615511,0.38072473118279554,0.23854884259259335,0.2348524366471733,0.6299433333333333,0.5746113580246911,0.5748572839506179,0.6460623583340089,1.3236623541909662,1.0179513707773966,0.7902809165183756,4.502185666995258,405.88193159136506,39.17208200113641,94.27039004448388,203.51360965934066,314.07401690052615,6.573593450917138
490,0.36485,0.357645486111112,0.50427536231884,0.86545,0.252739580764488,0.248351948051948,0.257825055928412,0.24843985507246397,0.21071529175050197,0.206619859578736,0.206899094202898,0.217354315789474,0.66663294117647,0.259996139927624,0.25807274909964,0.3852707668883327,0.7854289128915395,0.5677014841691155,0.7538953309192489,1.124481303804802,247.54547979682684,39.08204846084118,50.59898365288972,129.74841985851526,191.89565908163786,8.274521678686142
491,0.4504010130856913,0.4516263452432217,0.22714069119286523,0.6323772198407827,0.29388043478260867,0.28904147926037,0.21967891304347828,0.2208263000852513,0.2615411128632574,0.25969181585677736,0.19378733459357259,0.19394467878001306,0.7894339920948608,0.3375798094103635,0.3377407773386035,0.8514342768439654,2.217527419477025,1.0591006595966206,0.6392546461603846,3.520595605318721,280.7402861830981,35.936918879008815,63.15782160052787,157.25619159638882,233.45336743185052,7.018934854346773
492,0.25921701388888957,0.26671202531645627,0.21768272171253752,0.6992922794117646,0.5131317934782603,0.5031940104166667,0.13089609213250522,0.13398079608938543,0.41610016025641045,0.4113695833333333,0.12421122350674375,0.1201174670433146,0.8287580128205124,0.717877976190477,0.7230709635416667,1.2656116285488463,3.4946731625640894,0.8975124756120508,0.47504661760607614,5.3223122461346515,453.1651914779407,33.67720443444947,107.25650693833207,237.4094100863052,361.50986027981463,5.473870745239158
493,0.45195602836879334,0.4277806584362134,0.31087462277092,0.5593675925925934,0.4579388888888889,0.45852933333333334,0.31061866666666665,0.31023848238482443,0.37128888888888884,0.37210522875816887,0.216067924528302,0.21674559386973177,0.9012153846153844,0.521815151515151,0.52174393939394,1.68911396178844,1.2840012201318665,0.662022836195122,0.7018436243323226,4.953263274139697,371.5656294176976,37.27353126224544,88.94883768839969,185.56066943953434,266.4247900247574,6.1550891647736234
494,0.2522884520884522,0.24621211389961378,0.20724724019794433,0.4386756756756757,0.45585890302066756,0.4632153582153595,0.2664163201663203,0.2664852235412984,0.370317482039,0.3714248094248081,0.20714112098675863,0.20590459862847918,0.5967617209045784,0.5981993243243242,0.596655255255254,1.2599141249318984,1.9980018985783263,1.388722174197038,0.7063203451209069,5.835180738102499,424.22360337867923,37.114131516097366,100.88702500168536,206.51357198083724,360.55888426867693,6.029383606604628
495,0.23216517138256257,0.2333635758651287,0.275608934543717,0.7329862318840565,0.5647361993160739,0.5731402173913044,0.09048123656802783,0.08986848978337697,0.43820104050538694,0.44824815422477393,0.08382525229531827,0.0866068506337239,0.8274992236024825,0.7541214392803609,0.7612673588578827,1.641418090694509,2.7801009421811353,1.068580381466284,0.30293085320673413,1.8299638605753203,463.5041407511934,34.925661495198376,115.32623017125803,252.4007243387725,361.17612566474986,4.979800027997597
496,0.1706563725490195,0.171691305620609,0.236114995400184,0.5927817286652075,0.3715331664580725,0.3653664340101525,0.09241684549356226,0.09296281058405949,0.3435625,0.3432066091954025,0.09797306273062725,0.09714289578074274,0.76215785907859,0.523036877394635,0.5243749999999999,0.8147119726652267,1.7348876464252152,0.7556515034321756,0.3796528742649038,11.077266978609575,399.95662518776953,34.02877482585609,90.4566259123385,249.72269893623888,358.81674848496914,4.582601832225919
497,0.38231078224101517,0.3828255813953485,0.31725633889919697,0.5371417565485364,0.3611519543258667,0.3637793226381455,0.3158593301435394,0.31637878787878787,0.25787997159090903,0.25767518156774366,0.24582640979329728,0.33892866161616064,1.1131546499477547,0.3804612794612788,0.3793183688739242,0.6313504513399883,0.9108364322573835,0.7039521493781238,0.7637206041945156,3.872163377316687,267.1984913335605,43.08287576405388,59.21043991816767,156.1495644802397,244.0953119234605,7.640363676755717
498,0.39111995967741875,0.3908565188172031,0.3741662660256406,0.6138873922413781,0.3265951576576563,0.3296504088785062,0.31342110148515,0.31131523058252436,0.2766111680327869,0.28385218749999996,0.2687402836134453,0.27080919715447155,0.8327307692307687,0.3458128324468093,0.3442633044554469,0.6048283872769254,1.025431893927817,0.853355000054541,0.8680716563061162,2.109156229003296,270.0548946449999,37.00002998812124,52.917352149961516,173.5976264171768,198.7688367080409,7.299865683307871
499,0.28904,0.289559154929578,0.42016428571428605,0.661530303030304,0.430354285714286,0.425375294117648,0.32844,0.32854466666666604,0.34429290322580597,0.33869937499999997,0.246404042553192,0.24657569892473197,0.743071428571428,0.5106728888888881,0.528398421052632,0.9499781304512446,1.1126363007185418,0.8499226378263917,0.810984000445441,2.318144171156771,366.9776739552617,39.3087980337441,80.73092298582196,171.67710838839412,254.8798588104546,6.654356140643358
500,0.1702486826697893,0.17103241032095642,0.16083007175472927,0.5696533776301214,0.306011404561825,0.30964097035040433,0.045971105730427786,0.04516454007172043,0.27270183982684,0.2714520444220093,0.04427527443002993,0.04458515421629722,0.5524357622243528,0.3771184990125086,0.37533548804137074,0.4689014885120687,4.1728694894179155,0.9420813800308119,0.2012630161856279,4.297533274645351,359.9958261474967,24.40923292722021,94.04532278754881,228.06384866791112,268.5174878154482,4.391478640692575
501,0.2691537878787877,0.26818743615934637,0.22713556967050408,0.66473762945915,0.2894602612955905,0.2949057897409854,0.19007104509663544,0.19168889716840545,0.24903780991735544,0.24630467409948545,0.1677666666666668,0.16785086264100865,0.6454825653798273,0.3209330285099518,0.3223061688311686,0.5192577671016451,3.910835561992452,1.0619555518279056,0.6198398849079251,1.733855841800323,284.62628728117454,34.731214823709294,65.08082786405629,169.67566810886967,250.11621817777103,6.538290869105946
502,0.3715970197602856,0.36567656449553,0.23969766957969224,0.6974797687861266,0.33806824925816,0.3409466666666667,0.17446404251785444,0.17319895464508556,0.3131837606837611,0.3134946151825589,0.16754990310077555,0.16717170308383666,0.7118767025089611,0.4228559259259255,0.4213727598566311,0.48126733666199467,1.4066003896716541,0.7278206488701857,0.7616347228509951,6.028120607861969,337.0472514587972,33.88539060122437,73.620630428195,192.3060898358623,263.1517463467187,6.02024503880077
503,0.4228045766590391,0.4363512030392565,0.3569978104472944,0.4343678929765887,0.3465184944841013,0.3455665217391304,0.3451621166161104,0.35101495652173914,0.25565711462450613,0.2630218592361278,0.255937982785257,0.25490880713489394,0.7668787185354696,0.29763146997929607,0.29658462732919266,0.5454402270552372,0.7590267919010806,0.6058101521045292,0.7164952492372381,1.4773142763462772,249.0242933044615,35.111470471905626,49.48492911036896,145.98889114416164,207.90201733293742,8.358582651809506
504,0.31985066371681437,0.32452753712871313,0.2257303134556575,0.728548076923075,0.3281419444444444,0.32895833333333313,0.09801933746736312,0.097341875,0.30738342391304374,0.31278640776699,0.0885035046728975,0.0880826923076925,0.8801409883720938,0.419622177419355,0.428771875,0.5214180236162899,1.5819421596537275,0.7350403423338958,0.4607533198530326,5.097087804014246,332.0971896755509,33.12092449050397,74.66996175935492,222.77685784501955,265.800986380782,4.467686812859029
505,0.435852648347271,0.43557427843802904,0.3775546903967387,0.6028879765395904,0.3942838709677419,0.39801001112347095,0.30086715542521997,0.30030533926585096,0.3122125723738626,0.309693817204301,0.23417966764418388,0.23362162710488935,0.8000813782991193,0.4006674082313677,0.40119562955254834,0.5625902674281361,1.0057398411560592,0.6498906637755694,0.7398982688547124,2.5078246006423197,303.3403705264772,40.38069727680376,73.86143214159435,173.24219788274456,260.60750017002704,7.108722122446183
506,0.4117121428571429,0.4125193050193057,0.19931614100185543,0.6204404312668457,0.31176978021978,0.30882712842712856,0.17436032653061226,0.17772708150744973,0.30215238095238,0.3046857142857143,0.18430619047619057,0.18501081994928145,0.7603399267399257,0.42602741312741427,0.4240134920634914,0.6321573619777233,2.5629026516273137,0.9274634900617043,0.6584181327084047,3.7244722428361023,332.74796791374683,36.495974553482874,80.84317070565054,206.97066959525858,326.8123883754015,7.181005951549325
507,0.3183270365997636,0.3069529870129872,0.3147001231527093,0.618452857142857,0.29165471485036715,0.2918843416370107,0.2823599896480328,0.27924336734693855,0.26255155935613717,0.25944439421338145,0.22936819727891142,0.22850286596119931,0.7887673469387787,0.30501991502920855,0.30752878464818784,0.44125670801071853,1.1536223133472185,0.6898242654483914,0.8334713168027096,1.4823803754070959,315.2107703499496,35.148958808609414,64.56233427992889,167.03990653955512,211.99011909110206,6.945935144488301
508,0.39434721161191727,0.39634268612046364,0.20227727272727272,0.7714081818181818,0.2973801406926409,0.2982307494205509,0.12388967136150274,0.1258498968176391,0.3011941258741255,0.30115355477855454,0.12501136363636364,0.12414547837483637,0.8936630094043891,0.41663099173553725,0.41579393939393905,0.48684007160727083,1.3916629094922714,0.8198278570246942,0.5691282333870855,4.833092860421198,332.7988701957193,33.22122660888867,69.10704541951418,214.20129236172545,250.22650899534875,4.743498919362372
509,0.2967246543778809,0.30201763668430237,0.23292394822006476,0.5529995238095238,0.484504941599281,0.47904503105589996,0.3671806239737285,0.3610310559006214,0.3734150675195453,0.3814070767195762,0.27420896656535,0.28585557299843095,0.6328613095238095,0.5623740079365072,0.5584131944444453,0.9121276335358256,2.7202021153382763,1.1521545493527017,0.8176407222377752,2.2501266287082626,336.74906340560744,40.01506382510776,85.17570704931305,214.3394584501428,309.37752564482037,7.170116684089105
510,0.4253283968900406,0.41995521235521355,0.319374096869146,0.7261734758013838,0.3571301068510378,0.358627927927927,0.32636846846846757,0.32805803698435404,0.2899902702702703,0.29044944944944867,0.24534752451566624,0.24411108108108107,0.8191294452347081,0.344490025740027,0.35368396805896757,0.8262306445745399,0.99910065054609,0.687522768395726,0.7061587283970194,1.61838741393382,284.3655815750763,38.630159169032765,58.33072260626265,174.74231536726694,251.27594535415238,7.237413445034543
511,0.37315972696245703,0.374390353697749,0.30600596205962105,0.62203743315508,0.280832682926829,0.277638440860215,0.23499720930232604,0.23443387850467298,0.265608411214953,0.266795555555556,0.22544123505976105,0.226601603206413,1.0042383928571401,0.338072274143302,0.339258997050148,0.3844214018337352,1.2106560242311557,0.562206830207399,0.9084398612934406,1.2457269664122899,300.42923521250486,41.23372491449118,66.15100894123316,154.0366024710238,197.57045898586512,7.541598752140999
512,0.4038151642208246,0.40817531446540944,0.30623139412997924,0.5667169811320755,0.39938005390835657,0.4153259735046169,0.19804188679245283,0.1969766633565038,0.34363588215822644,0.3382769811320755,0.17589023659778377,0.17486262826878507,0.8577041166380792,0.5628700209643603,0.5555132075471698,0.7763302077392947,3.729329738064458,0.5662882894586317,0.5335679220333505,1.8526570832159757,381.57968281082947,37.99758104712895,86.67512085148186,173.4580892964073,250.53658294227887,6.883119162664099
513,0.129966598335946,0.12893909519114902,0.290211877051626,0.7875679758308161,0.457210504201681,0.450387921022067,0.30996834608282803,0.302920068027211,0.420030712530712,0.41665194006915096,0.129117393705135,0.128817737905973,0.571645563051375,0.6122244573848601,0.59102962962963,0.5342076553814467,2.1586858859721727,0.7718943140131773,0.7404610435066584,1.9001477431881983,444.9003376066685,48.05575590580702,93.50290056318045,251.57425552606583,288.3693901821971,5.476293154060841
514,0.38624936014625194,0.37866897746967,0.389427597955708,0.729477955271566,0.25442187120291604,0.254425117370892,0.260318444165622,0.254564369034994,0.21567709090908999,0.218637394451146,0.216089175769612,0.21492348008385803,0.7352631944444441,0.269989709762532,0.26965023364485996,0.32915809025803267,0.911796795767217,0.7963453526834222,0.835469986049835,1.0844203424690968,257.85238947719336,40.07359966635704,52.12574265897274,130.87858445942402,273.9629102870822,8.216379210352898
515,0.3898617424242434,0.3907440860215067,0.3528473333333333,0.5105751173708933,0.32964313725490196,0.327911304347826,0.3200879056047196,0.318314749262537,0.2693242630385486,0.26850710784313736,0.24354532374100735,0.24319351851851867,0.83043492063492,0.31942352941176466,0.3190918079096047,0.8363387028631106,0.9077959498737408,0.586817652914622,0.794173033453293,1.2188890739764,274.5684942541023,38.99354565267762,56.01825891062617,161.19056303674975,238.62131328011552,7.3529671256740885
516,0.3160905797101458,0.31579632675438546,0.20349976851851856,0.599254050925925,0.40079276315789375,0.4074981060606062,0.230894115120275,0.23187152777777706,0.3429887820512813,0.34561865942028963,0.20295709570957107,0.20279919467787103,0.6203142361111104,0.5261383928571438,0.5200756340579707,1.5825418443583494,1.3923219807109402,1.2182671355624801,0.6550814373309723,4.142469853107918,400.28827691761154,36.535046820063144,93.09790135982136,228.26342125578472,337.6470922376029,6.422610507191469
517,0.4327419871794885,0.41951149881046923,0.27359333333333347,0.5278601871101885,0.5484667359667346,0.5455349650349655,0.22776185731367077,0.23180729166666655,0.3949156804733731,0.4035987525987539,0.23015007930214118,0.229788986969315,0.7244615384615385,0.6489919632606191,0.6548365384615384,0.8520036846335385,2.3494198765089465,0.6485900181379312,0.7546306147961167,3.2408041824915363,446.4903076250966,39.08295094823608,99.85976279355012,237.61105437118275,410.08138796314597,6.100469125578036
518,0.2359583940087374,0.23501843100189043,0.3138917668825161,0.7678213315217391,0.6195663924794348,0.6136117149758435,0.39134918478260866,0.3910532524435456,0.4484393997691435,0.4451708074534174,0.23170157068062824,0.23341931869117002,0.8233726708074521,0.8516608695652174,0.852356366459626,3.332124559452829,1.7584927458085426,1.207677003429066,0.8877943763003154,3.909542102432664,496.90099878479606,33.84970047551653,121.76687849442597,258.55872840823037,438.15820801841176,4.893808585146199
519,0.40563620071684586,0.4032475490196079,0.35371572104018917,0.3713120155038758,0.3108383333333333,0.31069592198581586,0.30488125,0.30255722573839666,0.2672334229390679,0.26734509202454,0.2614357923497267,0.26145947802197794,0.9148401360544209,0.31638086854460085,0.3191128587196466,0.5128366826283811,0.8165102604538639,0.6630439707955863,0.7435659183651745,1.219179785983372,253.6591220026215,36.62682526434461,50.06047819430629,148.00769761980823,235.4230450388665,8.134175247202316
520,0.41934166666666667,0.41580115066522966,0.26928001050696077,0.8420428467683371,0.5876534753932,0.5909675925925926,0.12713764855197887,0.12585913263691037,0.4096054750402592,0.40895911949685554,0.14229983660130704,0.14156666666666665,0.9546747181964556,0.7857764309764297,0.7901303155006851,1.0578754994369008,5.236056249679972,1.285597862299226,0.4493231241820276,3.4634615278720497,468.2063073333767,30.60436962793271,112.26792854291422,190.80162962415704,306.9219498515681,5.799240467173082
521,0.49771548821548833,0.4807023486901534,0.33236715417428336,0.7075093708165999,0.3147427184466017,0.30954227642276505,0.18823200389105,0.2064083147735717,0.4203608562691134,0.39800650239562,0.16186486912645848,0.16498112294288483,0.8262896296296299,0.3237136105860117,0.3245895904436867,0.5511444239779144,1.145811165318999,0.6301674150156017,0.57288124510028,1.4552934303694454,255.90553414076567,42.33485087752342,71.60461973398924,143.14936706796288,175.27348439519605,7.302248074362676
522,0.48563552188552217,0.4432426400759741,0.35136371202663336,0.372283724091063,0.30583091787439626,0.3064578893962456,0.3079733333333333,0.3052326892109499,0.26105758661887707,0.26180827886710223,0.26053943355119813,0.2600575849822426,0.720727272727274,0.3031160667709963,0.30034853510226633,0.4788675365724185,0.8144305201111318,0.5626381552756724,0.7949740341717096,1.2631268498401271,266.5927331825649,37.45734984814017,50.6786603687538,153.04185605297485,255.8039949723968,8.452036935422155
523,0.34755506993006924,0.34894424567680254,0.29461970043158203,0.4958434065934077,0.45783467278989737,0.46254206730769226,0.3548308358308359,0.35252158390133076,0.36100581196581283,0.35583601669648207,0.2744366904573103,0.2658600209314487,0.8830000000000001,0.5018461538461539,0.500240740740741,0.9626951381972209,1.1504026929526576,1.091293288649314,0.8312737845415545,4.7954440192524705,369.98444881576756,42.65852308330628,84.44506675004959,192.87330826792197,334.99691635370255,7.207756145642354
524,0.3431352527619686,0.34391821031632935,0.3721492104415069,0.46452485966319307,0.2813409385532797,0.27860450928381963,0.24736802134646965,0.24697605363984693,0.26584688625836345,0.26463187942452615,0.2327720054446462,0.23073291925465828,0.7989557721139413,0.32331689940153896,0.32334241379310347,0.4906808338010823,0.8600234183447506,0.5921239377274713,0.697071702571249,1.9543839697204208,277.28554038009764,38.52504466114373,58.05606648711295,155.45435619123023,258.3151169378182,7.41999708758346
525,0.42614669509594855,0.4213169642857143,0.23411575300590998,0.5518615012106542,0.26596961038961,0.26937868480725574,0.2148247752247757,0.21494196428571427,0.2761012849584271,0.27341836734693853,0.20987009364415285,0.2095317232910357,0.86890634920635,0.33323353293413144,0.33403165098374715,0.37455783217839445,1.0135604380331589,0.6924958961749114,0.7045690457904396,1.239474720690776,271.3414840400219,43.649875026728424,68.82621174944299,170.07132326917989,224.54037597136838,7.801256807787078
526,0.4168599408721359,0.4150212121212123,0.3370890282131664,0.4487041536050155,0.3320446230598668,0.32975429975429954,0.3259194476409668,0.32522863636363636,0.2611507177033491,0.2595171867933064,0.2593620374600273,0.25998133971291865,0.7601363636363636,0.3024088103254768,0.30303160746538227,0.540266014248592,0.7966313912510926,0.5419894046067255,0.7388763454769222,1.2146518735485754,260.0045525468886,36.804834169081666,51.74393088302829,151.5303547917442,241.57741678540003,7.674858947707848
527,0.5423613485280154,0.5386531017369731,0.31492481203007533,0.8391577311577307,0.4865214669051877,0.48453181386514693,0.4965719679093915,0.48458959276018077,0.29424124620898845,0.29376718630207,0.29399535363964924,0.2925938697318008,0.7379743589743591,0.34198489010988997,0.34328788748564854,0.8090035840851549,0.921456578508416,0.8293475679347935,0.8172399913964981,1.5167461207203656,263.58439264675746,43.65779996777956,58.46396805002139,161.8119816367443,291.3702386789597,7.709837518632412
528,0.43470445192667445,0.43436513837257335,0.3696090177133656,0.7246941251596423,0.30135757575757555,0.30090322580645107,0.21664888888888892,0.2160959894806044,0.2799527518172378,0.2796873945529044,0.1876312984496122,0.18404844961240333,0.9423723958333334,0.3277225471085122,0.3274544544544544,0.45923489791578515,1.0918231177216504,0.6015736116052129,0.7350148869384546,1.3985980378037572,331.4897236931655,38.01207058131695,63.76851815730333,154.97853617287345,204.74324054602118,7.457878544098801
529,0.4128115942028983,0.41017219589257503,0.3165145180023225,0.6302664319248825,0.2937614155251142,0.296295847750865,0.23552420634920668,0.2495665694849367,0.2670847338935575,0.2684684308263692,0.20016771488469584,0.19605959595959585,0.7273698717948717,0.32338755707762584,0.3227855145413867,0.4755387389666137,1.0064777944837158,0.6296769099543305,0.7264579903835169,2.9652115371777037,269.7164115185539,44.32056836473445,63.4855474345386,144.45308091429374,201.85839578819773,7.468832579130928
530,0.31151616595135934,0.3142583333333333,0.20484419047619068,0.5419166666666667,0.4751675438596493,0.48005708582834333,0.1681432762836187,0.16541715076071933,0.380236296296296,0.3815534290271133,0.16157653457653467,0.161667703703704,0.67933777777778,0.6493389830508474,0.6431962264150947,0.973607253053229,2.917116392389488,1.1141664737222483,0.5970957511159634,3.514843328124219,440.9286209071676,32.97893330454826,106.84756096452475,202.47297051052252,371.1322198311488,6.069494411349297
531,0.41765329407434637,0.42048401826484,0.24334335480792182,0.741949350649351,0.3334392009264618,0.32711064593301453,0.17957877580586729,0.17824252748954636,0.34337759740259727,0.34215662999421,0.1636550007113391,0.16460674334331182,0.6896910279263218,0.42927235469448544,0.4354363636363637,0.7099590945914512,1.2046498989373098,0.703670711869509,0.5903613362414929,3.3336801399895433,339.96295268562704,34.741602245379575,82.55693087862296,205.10058172724464,272.93504469773984,6.4594713463024656
532,0.4066024822695034,0.40774054982818,0.37311382978723334,0.5484568075117368,0.332325287356322,0.33183766666666664,0.30064729344729335,0.30125503875969,0.295687596899225,0.29738793103448263,0.267772706935123,0.26796596244131465,0.77500888888889,0.3424547619047633,0.33957428571428666,0.47697150704590885,0.9673533149652195,0.5460465421646629,0.78543258290165,1.4147069491195923,278.8994771738847,39.30389570693175,58.03300921494762,166.58766583229104,231.9058209347228,7.474456603328387
533,0.1782996273712733,0.18099038296410777,0.18962037037037,0.6530615384615389,0.41125020576131666,0.4122584627638389,0.06022927689594356,0.059711247637051,0.3514836400818,0.35645096296296336,0.06537885346976255,0.06636576113558489,0.59095503875969,0.6248301669545189,0.6198317152103555,0.7608501913208234,1.494126158835365,1.06853298987087,0.2865509655456202,1.6219700798418313,366.78489349368544,29.898833276496994,100.21381442331605,210.2021464250154,314.66388350559606,4.684490462144216
534,0.27692744252873563,0.27254104872881374,0.1810727112676056,0.6096102941176469,0.36620797413793127,0.36700714285714314,0.11693342169657438,0.11547030279503125,0.36344590643274877,0.36408565989847685,0.11660311993517,0.11679606958762874,0.6055689858490568,0.5228632246376812,0.5255368852459019,0.6096566832386887,1.5323867314216364,1.0558197079256288,0.4296336689737609,6.760467524954615,356.91080847755075,32.87742147222161,93.4715149924159,256.57446967670694,303.05198015412316,4.717243427876383
535,0.1336886576720785,0.131228604118993,0.1992985487214925,0.449790109034268,0.4069839285714285,0.408938400576369,0.088254974674385,0.085741297585543,0.2496938775510205,0.24792670157068047,0.1888278580814715,0.1885358011817865,0.408651589242054,0.26306169665809753,0.26407686294945304,0.5119570110312095,1.018681008838053,0.5428349162379492,0.7386493084361604,2.7132010003151295,281.3466126099229,26.37202851474285,80.61003172770143,159.74106499925256,247.18131171539423,4.619453102350235
536,0.5142982017982001,0.5124412273120154,0.31144131054131036,0.7467615384615385,0.3786997759522031,0.38113030503978773,0.34902395411605924,0.3497710478497881,0.27810485056344925,0.27717361863488615,0.2703383671543181,0.2697123287671235,1.0141100178890885,0.33846610169491537,0.33724809160305347,0.8370625444015786,0.9124475141809001,0.6100928038068353,0.7894000794519311,2.2323574448725214,277.8235375164793,38.2645010876541,55.83977774501993,165.07450491189957,293.90923893795565,7.380261265027982
537,0.2804039408867,0.2790960544217694,0.3586326530612245,0.6119140708915143,0.4504148351648347,0.4496992919616837,0.22309677419354895,0.22205326530612243,0.3612790230846428,0.3603820153061225,0.18947088103534104,0.19041710237814144,0.7152027649769592,0.5318682745825613,0.5274185941043081,0.7987590891190947,1.3911770496954021,1.2583473688012847,0.6498611977994665,2.127982214649945,392.35001467928595,34.89333689592931,81.6809365107697,214.24933279655417,308.89791027851857,7.0372776945634765
538,0.3118604954367669,0.30985029785029766,0.31093912780133226,1.0343996003995999,0.37456691253951535,0.3737359843546285,0.12640295009649846,0.12501567626686078,0.34323760023759997,0.3433517948717946,0.10831127819548847,0.10758328654314077,0.7635653846153847,0.49014803220035763,0.4800969319697646,0.8312669056977566,3.042252074321883,0.9484139515005731,0.41270610446500944,1.4291832599321403,335.8685608523396,31.4472673031,79.77175633781232,190.2251629731976,274.096425765982,6.140960165514396
539,0.2929969309462915,0.2939258421317244,0.3515350678733029,0.6004742647058824,0.34244500000000005,0.33904638009049703,0.3245492196878765,0.32119367369589413,0.27152790346908,0.27299239350912763,0.2573237539290526,0.25723126185958267,0.7969195046439618,0.33115966386554707,0.3262001897533206,1.043365937254487,0.9406457184186295,0.8667277711298549,0.7703254560275398,1.2599022153902137,260.84880673271766,36.901746438268354,55.47192824237487,153.5216497038217,254.7039944842896,7.689188179724357
540,0.36741381766381775,0.36750499194847036,0.39546791345801113,0.49826012058570374,0.32446763285024144,0.32504865034526037,0.3213649985863726,0.32252723311546855,0.2597289789789789,0.259556765916243,0.2585615292712067,0.2623001828989485,1.0511954732510296,0.3154887722368037,0.3148082788671022,0.49577311726169215,0.8222271915698699,1.3860357595219408,0.7889769422006582,1.2436567589005365,256.90637390922615,37.24441673882582,50.14621290481753,150.24375170469284,218.23174320161343,8.378481423413312
541,0.26946984346224667,0.27342741165234,0.22231803097345168,0.6086291079812208,0.37402916666666663,0.37236099137931,0.1696775435073625,0.1684995590828925,0.34189082687338507,0.3462506720430108,0.15942361111111084,0.15765208333333333,0.7244707379134859,0.43375624082231995,0.43066543513957334,0.5038012189552433,1.353780134637276,0.8668643646488868,0.6424529080282069,1.8720067325040934,334.9856880959123,37.72782123026749,84.2772521233807,204.98494656446078,275.98787758809823,5.431416987751921
542,0.31174685354691084,0.3054380032206109,0.27492787723785217,0.4860916149068326,0.46870999074930647,0.46941304347826085,0.18834649850647198,0.1869322250639387,0.3631919254658391,0.3604530560806543,0.15767482517482523,0.15605761629674672,0.7309368206521738,0.5334646107178979,0.5278317805383022,0.8034904185137814,2.5790593198427905,1.013853980693616,0.4917246010112037,2.0337552205491662,392.27110252756137,33.33979681053239,84.6333037454473,216.48553564496663,311.4986567474578,6.632819650289805
543,0.3321657268170421,0.3402772129186605,0.29514269005847893,0.4687395644283132,0.361979757085021,0.35475337381916316,0.2523194444444445,0.2509997691597413,0.2920558871405316,0.29046469020652893,0.1947415789473684,0.19494548872180448,0.7680177809388342,0.34830641258318157,0.34690182186234736,0.7554322330751501,1.1017976773077112,0.6315925849564535,0.6134257036619197,1.6179174548473636,278.5878311107425,33.591542466494595,61.89110848170362,174.38315553590655,244.45372094449243,7.030973823643045
544,0.30953496503496497,0.31379296875,0.2909524853801175,0.657230263157895,0.24135652709359623,0.2399110623781675,0.16124924058323248,0.162160615299335,0.287171875,0.28776510989011,0.1496593575419,0.14848965873836625,0.6135988219895288,0.349768254950495,0.35051172922252,0.42028795989698137,1.1678585357239257,0.5871899383333011,0.5421933557077251,1.1300207471870904,286.8254989152774,33.92667858861387,61.49804685264825,148.5542132286355,195.65749098546803,6.95168855600059
545,0.19965760869565186,0.20794319908814562,0.23269486464968125,0.5725272817460318,0.31558849009901,0.321135232300885,0.13710598958333314,0.1339627707581225,0.30549945414847185,0.31454345493562247,0.12127153165735563,0.1186434235074625,0.5895668478260868,0.44383879310344815,0.441903044871795,0.7325452780627245,1.7288105998366872,1.0896132039474493,0.49132174375759813,1.7636281782732666,353.1596448738128,30.835080542601645,87.82352961134166,214.11917987279594,382.45154573814943,5.841512756887823
546,0.24286919642857144,0.23735714285714288,0.3277730769230768,0.7668228021978036,0.5463636363636357,0.5455477867203214,0.08986135972461286,0.08994967937299607,0.40814322157434285,0.4121031341107857,0.08345408163265321,0.08386448140900178,0.6903565162907286,0.7796079365079357,0.7791486880466464,1.0126963738342418,4.699734067583547,0.9975367358326824,0.30030244367483067,2.518762043378211,460.1637683143573,26.53094956518284,109.33540262547987,248.85829272014755,355.30099329272554,5.081985312114869
547,0.31821512345679,0.317347674418605,0.3168866525423725,0.7850833333333325,0.24590129682997125,0.246267608897127,0.24700235404896426,0.2432810426540285,0.2225860484544695,0.22632529644268773,0.22262519592476498,0.22491307277628025,0.9114865506329125,0.28113645726055503,0.2827762875536475,0.5419785934091342,0.9344266304031144,0.9520987281587082,0.8518371501594146,1.3871613044025006,282.2590817231685,43.99461904540658,55.96175906248391,155.69698880426586,240.606622537598,8.205452468246222
548,0.42499259259259164,0.4239767628205125,0.3366305751173708,0.5472670454545459,0.4174202586206896,0.4184299568965521,0.30563645833333336,0.3047194264069271,0.35062499999999996,0.34828461021505414,0.25271044007490623,0.25069151606425627,0.8069102011494249,0.4850467687074833,0.4934839409722229,0.8513076309131092,1.311505738280631,0.6736840126470788,0.8592016723997195,5.071772441123257,368.58364862079424,39.38858862966299,82.80515030492097,202.3387389878432,319.60392952896655,6.783410208299756
549,0.38770848585690604,0.38180533333333394,0.46826342592592607,0.540720737327188,0.23347104413347602,0.23893121149897398,0.24328025343189003,0.24008716904277003,0.21514267650157998,0.21527064305685,0.208566078431372,0.21132845379689003,0.73438782051282,0.259315802469136,0.25590455104550996,0.3962188737104891,0.7838760915800069,0.5200338806817106,0.7526197043402599,1.3031819529241175,245.07219903171062,35.27766093611717,47.03068174421787,131.82143215090036,222.03641012310982,8.284938521683216
550,0.24625793650793668,0.25082024691358,0.2559902104747922,0.5173657978966621,0.2454957928802589,0.24804377104377112,0.1623663575728,0.16185148975791447,0.2234261208577,0.22475128205128225,0.1378299443234089,0.1344115632278389,0.7294411764705877,0.26722470792940556,0.2664871194379389,0.331959575024753,0.9363518797398823,0.7706314873759578,0.5073246232998826,1.1608095736219115,246.40961912357145,35.15920187864039,55.636173217660854,156.90357993460364,207.08861864275403,7.499464684062534
551,0.45564447345517833,0.45222879177377834,0.4065689655172417,0.6073879598662201,0.25114367816092,0.2546564388656433,0.22387081239531,0.22300515039142998,0.22562749999999998,0.22608117138364833,0.18821929824561334,0.18962269841269833,0.7957275494672751,0.28196189692982504,0.27391759702286,0.44832994172530666,0.8889819805931594,0.6137227984108582,0.6939736906744036,1.127653400755495,246.47202032307783,35.86983463416497,58.53264204536875,139.24073815966645,190.29400233800212,7.776632749785979
552,0.36902901234567914,0.37537966537966505,0.3484484435797666,0.5784178160919542,0.30822279495990834,0.3073439716312058,0.2248291776028,0.22637548790007833,0.269164421157685,0.2684932795698925,0.20624276934201002,0.20687104885057503,0.7440346045197742,0.3401988505747125,0.34383834586466167,0.3993744917049635,1.1136789066030177,0.6777339011844111,0.8707306974357026,4.723054323629994,289.45716718832654,41.8084169117113,68.80369231415291,157.88601400951543,208.1660107554247,6.986267787093918
553,0.293022033898305,0.29402758620689673,0.29662869565217403,0.87297984496124,0.48552369477911667,0.4849666666666667,0.08587866004962767,0.08717026217228467,0.39179450171821334,0.39404432624113334,0.074819807834442,0.07663059866962299,0.87969918699187,0.6653695906432733,0.66374712643678,0.8949124927236822,2.7964816379247015,1.0333047189072875,0.28604940720719907,3.3523815238477224,472.87308688585955,27.14896264175574,102.11273096501827,240.47238131364188,504.3372263511022,5.031276183823745
554,0.28151412275937,0.27948753300088003,0.2999312169312172,0.6577332589285714,0.2868202443280971,0.28112251734864857,0.21270231092437,0.21750021070375,0.2531076458752514,0.2480117060481243,0.19038548492791568,0.18912138188608715,0.8595557217651457,0.32443058350100573,0.32506278434940855,0.3076979965522759,1.0051468558625574,0.5154247705673279,0.7473873085531955,1.4384894945314464,285.41061162416423,34.29036920091936,51.73678509891033,144.3430847887482,203.44021863171034,7.762098019676549
555,0.4963337912087904,0.49495752895752854,0.27327549098735526,0.5173960836671095,0.49539933993399526,0.49424726955002385,0.20845970695970711,0.2096776960784314,0.4334140435835352,0.43519174041297953,0.2462298136645962,0.24478285714285714,0.7668439153439143,0.6273732142857144,0.636762485482,1.1565732551854868,1.5588034599774958,0.8032621716401204,0.8719531619056513,4.04180117106773,391.8515673528115,37.103110835665746,94.25023925446328,228.31856760950316,463.46419646094245,5.480100489443257
556,0.34890594699418237,0.34845492327365585,0.18300837789661323,0.5555247432306265,0.30624654731457945,0.300227797001153,0.17487430494585884,0.1763346218487394,0.2880089285714285,0.2838875,0.164484593837535,0.16327202364199264,0.7411355498721236,0.3982554391619647,0.3957036541889471,1.0890904551354863,3.092472559720906,0.9559711106815385,0.5579512469079658,3.688005957976941,312.94756678535657,33.748966833466994,69.8548145866131,180.0565473625765,292.7840940709061,6.780370056410046
557,0.36222381546134624,0.3708239795918362,0.36799371301775124,0.6103056722689075,0.3003840116279075,0.3008480443974625,0.2338565830721,0.236557481751825,0.272101834862385,0.27058202247191,0.1859683603491275,0.1858519417475725,0.8968950320512825,0.3451948924731188,0.3497576388888887,0.46968126373532265,1.267844954779483,0.6066459023453892,0.726935043157298,1.2518956061062425,308.1511618802324,34.614556352607906,57.469974854029715,154.63437302969396,184.7219478804618,7.489413837902248
558,0.13609009433962252,0.13303347064881577,0.1443143896976485,0.4758680297397775,0.38704993297587253,0.3880414781297125,0.045850007816163746,0.045130266159695745,0.3525828631875875,0.342611533957845,0.044129719387755,0.04419918414918425,0.3656375921375925,0.41359762633997,0.41703532182103503,0.5879305887921507,1.5333919122760535,0.6494046631371249,0.1993387685827355,1.6295054372378184,365.5660664662719,25.276164524257183,83.88642454519868,207.38887833431363,246.62712239660323,4.627404268831015
559,0.38909765753876574,0.3893786084381943,0.31205747126436717,0.7960365769496199,0.23002884998010287,0.2367601410934743,0.18326705347341998,0.18371091644204857,0.2063723270440257,0.20539545091779715,0.16331272278585143,0.16287267711962855,0.9307418546365914,0.2505529953917057,0.25047450620119427,0.41551577267950707,0.875102911105304,0.8117577042246473,0.5965335001948225,1.0184382177492455,248.13129899225063,37.072376081986086,57.73903935083321,168.35664532014303,228.18944416940212,7.37857273114579
560,0.37372657004830917,0.37401478260869564,0.35819530154277696,0.3581006688963208,0.32670151094665434,0.3278584576324978,0.33537851662404083,0.33643379446640304,0.26484533514492736,0.2572212848799483,0.26829482169027824,0.26464685004436567,0.6961899665551827,0.30156289855072477,0.30571987160782044,0.5376438010846722,0.7842165005346058,0.534416903551,0.7338766952292232,1.1647863411953145,248.20570530288893,35.99690010204263,49.24854425632435,144.8655247931247,222.27726775504973,8.317351381739844
561,0.3715118362124117,0.37928571428571495,0.19016235632183834,0.8253067528735634,0.27166779279279335,0.27048393574297164,0.04611673382318083,0.04537451026484884,0.32218189233279,0.3256736618004867,0.045196984676223496,0.045718105320303994,1.0229919354838717,0.46061622276028996,0.4591183689627867,0.48571976357759467,1.510149674152623,0.7306084148343256,0.20118183263891912,1.1626388767448674,302.59911824638647,36.92996688187122,73.70445334042113,194.23950385923186,263.9704112273951,5.100116444130738
562,0.550316826411075,0.55936525974026,0.21860257868790334,0.9183493761140816,0.277226888536715,0.282131200396825,0.04573319162336634,0.04465442176870749,0.3314473985134367,0.338905654174885,0.04571192722371966,0.045342534113060495,1.126332364341085,0.41112564102564164,0.40950038138825334,0.45060774778832546,1.4112826565526182,1.024561958401462,0.20378996163297922,2.0065877915442742,330.74682966495556,35.231230625261865,77.89013907313347,219.00592061380544,261.50431561594206,4.862299344191949
563,0.24988076923076946,0.24777172503242553,0.327780634920635,0.46919726930320166,0.5136917562724016,0.520281746031746,0.37409295570079887,0.36696483825597775,0.4650340501792117,0.45553477218225447,0.2814491614255767,0.27710119979134057,0.5369040880503144,0.6612583979328166,0.6696503267973832,1.1767036086420355,1.4571517785660606,1.3604908859239886,0.806380990091469,5.685861794657432,447.44527872858777,39.53354640139474,102.366895104448,220.1689381359352,292.81180662413436,5.908272901756896
564,0.225877884615384,0.23993480083857405,0.2947,0.782643027888446,0.274167772511848,0.276122849462366,0.225630696798494,0.22663668639053197,0.268001660735468,0.268672474747474,0.22375099061522402,0.220648703703704,0.76876551724138,0.315658732612056,0.31135277337559397,1.9079338121492153,1.0991817725058988,0.8263746547325299,0.8231734811680003,1.220005648151329,293.65374706685543,36.28642298281193,59.813857078552246,183.86760260909796,229.8653358593583,6.684819236397743
565,0.31766160262138776,0.31709592123769337,0.19366308851224112,0.5077669135802467,0.24838748651564224,0.2510297270955167,0.24914292025624002,0.25106516290726777,0.21311571571571558,0.21105076987099444,0.20825737373737332,0.2067388089528378,0.7331631504922644,0.2625989417989423,0.2579864498644989,0.39148713132929946,0.8579362189561559,0.9128832931723329,0.7785850686341511,3.598889076748158,258.51586574895515,39.69147801399231,55.08525193565422,139.64982030706273,230.56927602738142,7.65555693457524
566,0.3035511744966442,0.3068942006269592,0.24430756731661998,0.5848905895691608,0.29281201550387587,0.29617227319062167,0.19613544018058662,0.18880358462675503,0.2697106741573034,0.26379338842975164,0.23850810185185167,0.23773938572719086,0.6917840375586858,0.3368073099415208,0.33082713963964,0.4536165530212833,1.0704808775044055,0.7654727235452522,0.9111746963330919,9.707120805436245,286.89844184555113,39.919750997796655,62.00350859823326,164.3209485337138,232.04373428598046,6.946290765578548
567,0.419895833333334,0.42482145454545395,0.27756888888888803,0.49200439024390197,0.4235252,0.42502690909091,0.246744631578948,0.246449787234042,0.356662711864406,0.367219682539682,0.23737835051546402,0.23692646464646402,0.8315600000000001,0.565084736842106,0.5547460000000001,0.6695213326614532,1.4700248814305008,0.5668128741744894,0.7771141986645054,3.260542101502511,373.33456752821803,36.78054781630635,84.29732825607061,173.5041900537908,300.6931021809578,6.816447712481022
568,0.30043827160493874,0.3048734276729562,0.27386087420042626,0.5938853711790387,0.24958275261324,0.25789680232558126,0.244416379310345,0.245072045454545,0.23449335863377624,0.23555616224649,0.22453536676646751,0.2239535661218425,0.8177996894409938,0.2828480623818525,0.28490721899224747,0.36892399521013336,1.0364765498358233,0.521103856930837,0.8623469448795212,1.4500990878765376,281.3629660522565,43.41746389400214,61.74779264256358,148.79708469379693,219.41236918792129,7.5781106716021895
569,0.30133166273584877,0.30719450800915377,0.2515912456445987,0.7364645953757225,0.28749269662921373,0.2905703475336325,0.15421085456475625,0.15225393356643374,0.2743154990403075,0.27487069789675,0.16004518909899876,0.16252069351230375,0.8623591549295775,0.34985767326732625,0.34641174698795124,0.49819814152602937,1.293269658516228,0.6909881556515194,0.8014334646708428,6.256568066760237,284.81481422204524,35.7530836481601,75.20977524109185,187.53233598545194,295.58945971075445,5.48936368431896
570,0.2900325203252033,0.30112782152230966,0.273129797979798,0.7129136363636367,0.71115486111111,0.7306333333333334,0.26795116279069764,0.266956923076923,0.5367483568075132,0.5315917948717933,0.2950472463768117,0.28866787439613534,1.1116033333333335,0.9209808080808066,0.7244886363636367,0.7763053913003063,1.8406886704459917,0.97554993556818,0.788604224197072,2.3468556034002375,468.91390966872376,45.40751843402783,114.44768014674385,188.62713982040682,369.16220327839255,5.6475695843497915
571,0.3583848214285715,0.3583354341736697,0.22048601549053393,0.6525905172413786,0.5258581632653053,0.5242435897435892,0.09599336200448769,0.09602195699708446,0.42652157738095176,0.4258423344947732,0.10884991496598642,0.11015521978021982,0.785255208333334,0.7812631987577643,0.7808118131868126,1.4421436369903966,3.0297573120535577,0.9079076334881878,0.4216952869943742,3.6175470066058693,483.6105242637651,31.359245102586492,115.8757193479687,255.28331004482294,400.37632279563695,4.5880321912201385
572,0.4237799823633149,0.43471677559912963,0.3222834138486312,0.4038140511645667,0.4249616709733,0.3139377229080933,0.28182666666666667,0.2861257816257815,0.2729906065485774,0.2731038080333856,0.24603929539295408,0.23890207156308851,0.7557222222222223,0.33226532567049816,0.3262144702842378,0.47774165925754125,0.9007279929089853,0.5786329427714895,0.6963087757717111,1.19136141674548,267.2147031666504,35.700627119728814,53.19084609962172,158.71508340178818,246.29021839549145,7.756829641207501
573,0.3180540021929825,0.32259051724137877,0.27407696390658126,0.6127876712328763,0.287210585585585,0.2940695080091537,0.21309615384615374,0.21601402243589748,0.2622149737302975,0.2665383687258688,0.17775235849056625,0.17767284172661876,0.9053072580645163,0.34067708333333374,0.34578488372093,0.3653992490944369,1.123989127042578,0.5219445326845419,0.7254531714845801,1.3983790299501968,269.37290094792843,36.580601590685546,57.23812791984528,144.37971694860607,196.15294004324824,7.2723254561424255
574,0.38206287202381,0.394663904899135,0.2623999077490775,0.729594444444445,0.3429503916449087,0.35089513888888874,0.18194189698492502,0.1793364737550475,0.31660472972973003,0.32876634615384626,0.1972215827338125,0.1887427563150075,0.6980649271844662,0.3894650837988825,0.3802384823848238,0.5190403534694482,1.760111357870755,0.5461302473580705,0.7706676606389976,3.9423500298442,319.52317513059825,39.40213064197451,76.08458399772644,183.34864871576428,228.51703688502312,6.864612805657089
575,0.2928967500719011,0.29114537695590315,0.20103727216874895,0.42747898523286637,0.2742460757156047,0.2730167048054921,0.18803938294010894,0.18813386727688788,0.27546953590873735,0.27315275994865207,0.18866936149150315,0.18722504537205106,0.7043223684210527,0.36367897814712213,0.363307311903921,0.6348011199394653,2.3151257580243847,0.8689420946056486,0.7801753877697231,2.493743209852841,314.9932336160227,37.81553088246208,68.50162079851879,196.92340498103908,296.46835510471936,6.1241738302143
576,0.3783557755775567,0.38268829787234,0.3864051546391767,0.5014838383838399,0.30318127340823964,0.30083303834808267,0.2789666666666667,0.27842421874999995,0.26913862068965533,0.26883229166666667,0.24275177777777765,0.24334233333333335,0.7719333333333334,0.3172163580246913,0.3175185792349726,0.4986246777404519,0.9325534710340188,0.565728797957539,0.752007602234012,1.4907163893411257,277.00922762354213,38.14888186752796,55.04057044163346,158.19142494971553,231.52961628511548,7.885643281042576
577,0.3873990147783241,0.3829594543387655,0.31957421289355314,0.4154947526236897,0.31684756431308175,0.31609469074986307,0.2504336023477624,0.2503846153846155,0.27983485991379314,0.27633839423571793,0.2141976127320955,0.2130632795304476,0.7671724137931035,0.34626896551724134,0.34578834720570684,0.5422904176089706,0.9718138410790955,0.5621716407430052,0.6439757438150857,1.3057554555325945,278.75593012391494,35.72242607458912,55.59838489340297,161.81086318503165,236.7359666346476,7.298179291959467
578,0.34572932569974496,0.34431501340482623,0.32903756476683876,0.5659819214876037,0.262544691470055,0.25689404121863746,0.24664949324324373,0.24234919627749624,0.24138062851782374,0.2324240079365075,0.22466410369068499,0.232826632165605,0.8268722222222225,0.2892746710526312,0.28904563492063495,0.5148854004069013,0.919579477530509,0.5223390143506902,0.7901147597894369,1.4498246333394884,273.076567100361,40.67969566676766,53.75135224312544,142.97626039478928,193.0046535562724,8.011327008716762
579,0.43318854166666565,0.44326468373494066,0.3482758928571437,0.5080005040322594,0.3198167808219188,0.32299070945945935,0.2826557158119659,0.2810986712598425,0.26031448412698405,0.2609033061594203,0.22241842532467532,0.22109633875739654,0.8531337890625,0.31504741379310314,0.3091869747899159,0.5395522721091255,0.8812039139068807,0.5777276435078694,0.6539607093774842,1.2476017968132533,259.15876249200664,41.874494490912184,82.00407683034427,146.79899395559914,220.98360932432115,7.452000136254355
580,0.2619383561643837,0.2721322222222222,0.3029454983438722,0.6776366177498259,0.48044578313252956,0.4795884311277556,0.2823355444997237,0.2907263217415889,0.46693588211867776,0.471897119341563,0.23549519890260628,0.23028135521885518,0.7430121328224778,0.7645548941798926,0.7636107617051001,2.063531151179128,1.693948323804349,0.6397796699512961,0.9205035575493298,10.38765303819978,476.79812543922003,36.430220050668275,109.39198632345155,250.4255820962566,401.0520176962018,4.903121885878068
581,0.2843067956349214,0.2809480286738357,0.18310501066098098,0.5152118561710405,0.5288565162907263,0.533297619047619,0.19242564102564094,0.19137631831256,0.4550133333333333,0.456425,0.18120707578806167,0.18253917595406954,0.6781106821106834,0.7116990231990238,0.703864417989419,2.185142476540744,2.7421826490994996,1.2620398583458903,0.6390891280080637,4.2000000237017066,419.82070986358895,31.492466639195168,115.62672609995518,252.61128321290016,504.26451766508677,6.928257200689543
582,0.3935233918128653,0.38828814123917366,0.29168041237113423,0.6151122448979579,0.2738991616208663,0.2720542690058479,0.25511842105263155,0.25440309304065845,0.25491690929451316,0.2533406827880511,0.23193245614035105,0.23146487967129734,0.8141622206200421,0.3003837609098121,0.30541403508771947,0.4928498965987745,0.8870443262440242,0.6749906458141166,0.8045046441999261,1.3461192137158284,271.2428655573412,40.14172223641684,60.100636543019824,142.49424842235288,202.4086719182761,7.488784429274108
583,0.35431781376518245,0.35963663395777545,0.2668790259230158,0.5418384932920544,0.4198179337231965,0.4193032581453632,0.18862264457439823,0.1903195623467263,0.34430398724082983,0.3475598370927316,0.2024660321015298,0.19820184870779123,0.8154747162022702,0.5563089668615983,0.5697822497420018,0.785080327102846,1.326487838205287,0.9056184259050069,0.6678565197922073,2.0858574832830064,395.82301070096725,39.854365106868116,91.89711458850326,188.2115125721484,276.1338118529111,6.402003284739821
584,0.16038672737306875,0.16405689461883377,0.14671303763440874,0.5584413265306125,0.359783680555555,0.3558934375,0.04777182866556838,0.046653378162023744,0.32371583143508004,0.32447238717339627,0.045365923566879,0.044205091533180745,0.485254664179105,0.4793375420875425,0.4791886617100375,0.8520936577479489,1.3004298918623416,1.0066769455806217,0.1992434838766134,6.289139938090115,363.1463594501838,25.07337194401771,107.93163673952222,376.44493859261274,888.4754934115335,5.010300083085895
585,0.3529547119547119,0.35310482374768093,0.3287380952380953,0.6971190476190476,0.5145792031098143,0.5096516034985429,0.12772497795414478,0.1266892063492062,0.4489778613199667,0.451,0.11886841499885001,0.11827209421402951,0.8130469387755096,0.7187219047619048,0.7111298701298714,0.7240432775351798,2.738442143329743,0.7191058703819598,0.44912523464901594,3.240406989511831,443.02508744987705,27.10934661860977,108.20394492752496,186.39808986335993,239.86755958980038,5.716475702467418
586,0.35245098039215683,0.3540780759846637,0.27212022441891526,0.7201230348598789,0.32868564073226525,0.3303081339712921,0.23803018867924527,0.3426943205471305,0.3979327291739284,0.4004328947368421,0.2968888888888889,0.2967190058479532,1.2223415682062315,0.45013180008845627,0.4515827984595637,1.4570538689130232,1.1154478260168597,0.6300790266210136,0.7129889161533254,2.443037375927733,286.1024468745056,34.440372531351294,60.98219953281315,157.93026081825556,293.59973207312197,7.2388100977006715
587,0.3873590494791656,0.3880635080645156,0.33888142523364373,0.44360416666666563,0.291968465909091,0.2901988146551725,0.26921663135593216,0.2694821428571428,0.2537869718309859,0.25348468749999997,0.24027134683098594,0.23968841240875904,0.7352305555555563,0.2987364241803278,0.2964302662037038,0.4283300957123145,0.8440702934648356,0.5693565191336974,0.7100016141777767,1.3820102619424461,254.2931841162499,35.31535257934593,50.75247026979923,142.17624484444968,197.82645758823492,7.761243614368141
588,0.375038263665595,0.377711666666667,0.337987125748503,0.5502194444444439,0.250831219512195,0.253076960784314,0.244708033826638,0.240942822966507,0.21852205323193902,0.22128713968957897,0.21935487571701703,0.218229352226721,0.7871132352941179,0.27116763157894697,0.27178526077097503,0.4918463430475789,0.8780904175535671,0.5600330264127811,0.8057758347366976,1.2566330275362834,247.1530600450933,39.38858397305012,56.297662667930126,136.84912584722042,189.21682378277183,7.764010224491358
589,0.20440785340314133,0.19632751937984502,0.3420672566371667,0.5331317948717933,0.3405333333333333,0.34092508591065335,0.3100558265582657,0.30952,0.2673646766169153,0.2687848958333333,0.232880894308943,0.23314149659863934,0.6836941520467833,0.32186261682242995,0.32201214953271035,0.5396928862696267,0.9513405970471761,1.2567233547773997,0.7107418314787441,2.777479853835005,274.2882732612391,38.38898924489816,60.63265881190697,160.07168916985393,224.33751185114184,7.543796673417091
590,0.5390707446808513,0.5388283898305087,0.3202102521929825,0.6331740654205612,0.29239882172131126,0.29147908366533876,0.22083618721461248,0.2213902157164875,0.3055978375527425,0.30118670886076,0.214211387434555,0.21392301324503374,0.9115786163522013,0.3186091356673963,0.3161034017278613,2.177873036377461,1.1833605825444027,0.5480872613992112,0.8234011933303351,1.3691556278083445,285.8745720004663,43.49781956989318,71.7995862942189,164.83008803334087,198.9266456803307,7.21682736184448
591,0.2612722646310433,0.26096885644768864,0.3039778645833333,0.51960303030303,0.35636241830065335,0.35568263888889,0.35422098765432,0.35414598765432004,0.2743201612903227,0.275522112211221,0.2744357333333333,0.2728962406015037,0.7774727891156468,0.3461436666666667,0.34267433333333336,0.9692577004146334,1.0175760880549023,1.2207043277810046,0.8515528372692425,2.1595232501420583,281.91684124370414,39.50313354531924,57.244307827204466,156.85486684863767,256.46932888776064,7.678693315635125
592,0.31127936507936554,0.3127494787012211,0.32870172143975,0.7647981029810301,0.27585779705953223,0.2779090909090911,0.23679159049360113,0.23872375328084003,0.27433788914198887,0.27544444444444444,0.24512729003093003,0.24568744354110217,0.9716923714759533,0.32570540540540555,0.33606395520188664,0.4132385911838556,1.344354729773131,0.6208555019846271,0.9373769398359381,6.004424326154196,258.9006468446718,40.21150784360038,61.02323532104492,212.65981874118248,264.16080848624307,7.413187995553017
593,0.15426559978483048,0.1513683143219265,0.199598330550918,0.454788296041308,0.316542750929368,0.308545666084933,0.3054143853998925,0.30937810650887554,0.316331028761062,0.316208002119767,0.3082038028923405,0.305232899943471,0.6359107594936699,0.3789341427520235,0.378527018012008,0.4139502242489827,1.2859288713650194,1.223448897560586,1.119376555293214,2.352761530842953,313.2644109427929,50.50515756011009,92.03286608681083,199.4829624891281,214.29489133879542,9.217148181051016
594,0.3740103359173134,0.38277456647398833,0.33264219330855,0.7652976710334783,0.28970950965824666,0.29010866526904333,0.25851548865619495,0.26011653944020335,0.23734188626907002,0.23454128837008167,0.19899058577405834,0.20197249724972502,0.8751861788617883,0.3809479768786133,0.38267261904761835,0.5137112912063271,1.0764402849436057,0.6776190468806863,0.8103779406939672,1.2167620192851234,258.57102979595464,37.02902467921376,56.27394809077183,139.73438569034138,198.13672018547854,7.748902620126803
595,0.23222074253430194,0.2313554761904762,0.23533026772940951,0.5259915442812619,0.6705894308943096,0.6736614401858285,0.058120524760903326,0.05617389807162523,0.4435649523809524,0.44473487773487763,0.05775310124049619,0.05803930292918048,0.7176814671814666,0.8227105064247905,0.828778046811943,2.0409472607590566,3.104974003296338,1.2963149244887073,0.19291766354666848,3.007066265076871,496.90766858735253,32.296936426843914,126.43326606069293,259.7240442853598,456.55561123220696,4.940862501306193
596,0.36018091168091165,0.36846106821106833,0.20853267594740918,0.4586795212765958,0.2746292613636367,0.27141160081053667,0.20745932754880667,0.20821934865900416,0.247391930835735,0.24824805699481833,0.18546421663442916,0.18286609686609667,0.7771651234567901,0.31316061606160583,0.3142403965303591,0.6056742799660535,1.2828513103442614,0.9850158676670566,0.609497586689198,3.235682542805259,271.31416330424446,37.79465720678369,64.15815247843663,156.22505452483892,279.09517132987577,7.5836510707934695
597,0.33970460277427506,0.342739940828402,0.3546624668435019,0.6507342657342653,0.401475274725275,0.40204827315541536,0.3143593947036577,0.3132225725094577,0.36327849002849033,0.36228947368420966,0.2544413580246923,0.2532112919132154,0.9047194055944057,0.5141153846153845,0.5160769230769231,1.3204595985847651,1.1715503107066823,0.6791035838721652,0.8083435735469161,2.2410373977551576,375.47791143879294,42.139882526288815,87.07513020803722,188.50453556157075,280.0291332487877,7.08928072037032
598,0.34680709134615373,0.351160945595855,0.4263349125364438,0.6758313172043012,0.289397286821705,0.28821613924050626,0.268645220588235,0.26383883495145627,0.258206978967495,0.253772705078125,0.23168444846293001,0.23375711382113876,0.69668137254902,0.3036588164251212,0.30388481953290875,0.6361557599225234,1.03507767940931,0.6971509417889241,0.8341287233820072,1.370332765504045,308.70843038428575,43.74357231426984,62.279298435896635,162.39338729064912,225.85482511203736,6.85986306052655
599,0.38182113207547197,0.392597037037036,0.327021481481482,0.6132377142857139,0.50134731707317,0.504860869565218,0.35048537313432804,0.34962474576271196,0.518798775510204,0.53656,0.3643075,0.35951333333333396,1.0965471428571418,0.67783,0.559131052631578,1.7895189941564402,1.2115996674790577,0.6153882251573823,0.7853850368830865,3.1172540545485017,535.5043290182948,42.16097109019756,89.79403972625732,203.64942029118538,330.2204334177077,7.065991871058941
600,0.37121682539682554,0.3647090395480222,0.3482692431562,0.7128626639061422,0.2908318318318322,0.2885828282828278,0.2134349618635333,0.2131034931252322,0.27146987654321,0.2706382685414944,0.19979875679875667,0.2007665081880611,0.8063638211382111,0.34569819819819775,0.34697650218194,0.495119713051702,1.2435155152997897,0.6022715450741057,0.8256254040560802,1.228847314801712,267.5152642445432,39.94342146648301,67.6894560456276,143.40399712738065,201.53251114404864,7.379800081253052
601,0.36321808341292555,0.37096141479099665,0.24166950010119445,0.6540141723356011,0.2699371069182389,0.2694106382978722,0.17006925759840555,0.16842636423405666,0.2559016229712856,0.25584368308351224,0.15201383311021888,0.15318359433258777,0.7355384087791499,0.31705081114172,0.3160512362228178,0.412848097003679,1.0655630979183066,0.6487375647513439,0.5464278208385681,1.6932646342868196,281.23947429574196,35.775212260584034,66.19300693273544,162.86646067682238,199.69597924500704,6.066198046836588
602,0.40585729424231737,0.41605650154798735,0.20397744360902265,0.498625784645099,0.2867591200222779,0.2890184623863321,0.16999233377561526,0.17114715719063525,0.27098840714120104,0.27324755355726,0.18597693307342422,0.18507934488789948,0.7120721997300947,0.34359880239520946,0.3524172686618505,0.5714145285618287,1.4987953511519758,0.9721137015772531,0.6974927736454358,2.016218740408749,285.2033615406406,39.73958817751784,65.1730322524121,186.27498740036236,237.1537584909483,6.317442871238056
603,0.4839115684093451,0.48546774193548387,0.3670677064870613,0.5725250278086774,0.31358012063991614,0.3221453466814981,0.30056517178075,0.3000520291363164,0.3599095200629419,0.362214421252371,0.3565645161290322,0.25876234879032256,0.8862832415420935,0.3244124026696322,0.32511445409429357,0.9460291752028579,0.9089493742974443,1.3038315824126003,0.8027116286372503,1.4091857461401451,318.67841138474404,46.90719407892996,65.69835522602642,173.62763098771535,298.8383121367904,7.465939157672467
604,0.1384368514300177,0.13908316805500467,0.20752916427615234,0.5205287009063433,0.8897356589147299,0.8965480620155034,0.05611655827913967,0.05472900432900434,0.4200274467316733,0.40948356269112995,0.05583063769536567,0.055276996857945994,0.7058584656084667,0.9188984302862434,0.9373097184377833,1.7610930909329283,8.43600970552347,1.182481418224833,0.19019730992572878,3.8745652642533526,519.7690256560842,26.040842446188133,142.467743717134,254.2543069769939,447.9816338668267,7.582704226175944
605,0.129293732970027,0.12530681693839602,0.13587295549638598,0.33431621080720497,0.151569804380538,0.151464908549553,0.0383180463964115,0.038567849617018396,0.120464823432795,0.12039766081871302,0.0378577304102142,0.0382429237239968,0.31831449834619596,0.7060583538083539,0.699356958762887,0.7754023949476017,1.1984462987984748,0.7042346768078602,0.19112677628751043,20.0781266070538,641.6084943339229,41.726999916136265,167.76283737272024,137.30628415942192,179.2080933228135,7.026689127087593
606,0.377840849673202,0.376415960912052,0.336718770226538,0.333224127906976,0.24531063829787197,0.24791608222491002,0.24865302096177597,0.247843310657596,0.221728153153154,0.22128448275862,0.21943283582089604,0.21791416490486198,0.742972340425532,0.27129716981132,0.270277848911652,0.4602975096222505,0.7999703867550302,0.5234360408971237,0.7576120661738404,1.1312419790323365,246.47213984280825,35.778749734163284,48.074210062623024,128.57095804065466,209.40379705280066,8.919518440961838
607,0.2504245194561652,0.24624691358024706,0.19428333333333334,0.5670613598673296,0.3640307595731326,0.3648084395871282,0.156206891317547,0.15766745134965485,0.3342873851294904,0.33425675299359514,0.13301113701113704,0.1327372442372441,0.5924169472502815,0.4632519332519333,0.46856001784917406,1.0659406642646145,5.295309556284391,0.9245781195243735,0.5306237079532733,6.236506709489426,354.43265180758857,32.18007429192463,88.83069321099255,222.21645771491308,298.27610123902565,5.104825659482567
608,0.28667435515873,0.29619243697479,0.3024384339509864,0.6198020719738279,0.24262374245472856,0.2382484472049686,0.1936430491551457,0.19641239892183288,0.22530156555773,0.2237032220496893,0.17557495987158928,0.179014464658515,0.7502927864215,0.2554208314904907,0.25465247715247713,0.3743640134339845,0.9677286959550367,0.7476608819949108,0.6780636705187135,1.1744394031938286,255.69999291162407,36.74985741132072,55.26492272370628,152.94180151873402,203.25899490022235,6.197271535971335
609,0.547513882352942,0.551335877862596,0.36193549432739003,0.702481707317074,0.24366081632653,0.247790772532188,0.251014269275028,0.24472760869565202,0.224858058252428,0.225383754116356,0.220960603204524,0.222611484290358,0.831875090252708,0.27701075949367004,0.276695586380832,0.5076778819285184,0.8613274909270086,0.6011715038852244,0.7932552173684735,1.0696075496214041,240.54532870650291,35.35754047334194,48.830476589500904,133.41853860765696,223.02623372524977,8.312640711665154
610,0.332788732394366,0.33386360856269126,0.186870523415978,0.639000716845878,0.359476090750436,0.358387085514834,0.25591213191990597,0.25786666666666663,0.304568,0.3098295392953927,0.20053848797250864,0.20364062196307067,0.7005387878787867,0.46387025948103805,0.450382222222222,0.7379005489311049,3.9839422248488012,0.9336756371079505,0.6859337429647021,4.946698278490319,349.1815133020282,39.87551045914491,84.48823820799589,190.76273310929537,289.04696616033715,6.570912276705106
611,0.5333318713450296,0.5331268391679334,0.31120888888888887,0.6964814814814815,0.3735282104534445,0.38091165477404076,0.369,0.3682321200510856,0.30242631442631446,0.3038643966547192,0.2945617283950619,0.29287149270482593,0.8988337639965556,0.3377777777777778,0.33389491817398775,0.48094582346986503,0.9844679179728528,0.7852717097033688,0.882317720263429,2.3738765405361106,280.6201697913585,40.26870226004609,54.339344475280356,182.03995466508246,317.5546691097595,7.524374113590629
612,0.36982196969696945,0.36715598290598334,0.30280769230769167,0.40779656862745,0.3441856884057972,0.3558943758573389,0.3036137152777778,0.3030838574423472,0.2717462384259258,0.2683111111111111,0.23815332458442695,0.23766732283464556,0.7276545584045584,0.32065355805243334,0.32171808510638333,0.7464427304780771,0.9835661302750004,0.7000718149617837,0.7715565688087034,3.6841609800893167,263.4122101072636,37.33411754688455,56.359675040261614,170.98778043873608,242.00767058775656,7.312411131958167
613,0.23256824385805283,0.2333713474025975,0.2993031286894921,0.7537715773809536,0.5463076190476178,0.5463511904761893,0.11465480055658643,0.11486840411840428,0.4423772321428571,0.44341614906832144,0.12727440476190463,0.12724112688553676,0.7827522321428572,0.8110697674418608,0.8181035714285715,1.6129554146100962,2.0267697468306936,1.2227552725211315,0.4776450855320887,1.9791392599889128,475.6427785780813,31.516618660784193,110.51654250227979,246.36310076207988,311.3468036255134,4.462331500170486
614,0.44272102076124625,0.4468470149253725,0.445575,0.7908729281767963,0.2684348484848487,0.27425212665406373,0.2686905660377363,0.2796077669902913,0.2592334862385325,0.25770992569002127,0.26392993772242,0.25969720216606496,0.8413199013157899,0.30620932112069,0.3070511111111112,0.44697852025722856,0.8267759960433292,0.5244863897317187,0.7596547142833124,1.252106428514365,241.45674833562225,38.143340498209,50.92595238238573,141.70835493132472,211.9031676556915,8.24667513370514
615,0.25735193343122836,0.24807650273224002,0.24438987284286998,0.7275618055555549,0.3824016630513383,0.386684,0.0492764438943895,0.049296378784129326,0.3208843930635833,0.329809278350515,0.04894068683409433,0.04991538377552134,0.7554979757085017,0.4359988584474883,0.43609924242424164,0.5916779484038692,1.580920656273574,1.160122586317814,0.19972888086081816,2.0634635291128705,337.0348713360727,30.949498371531565,83.68485529596606,218.86578372990093,310.48433544735116,4.821282345801592
616,0.39555851851851775,0.39480740740740666,0.37388398692810443,0.6754169590643266,0.4132990583804133,0.4150981818181822,0.3464507507507511,0.3501216931216934,0.37045047619047555,0.3707275045537334,0.28409817158931105,0.28486516853932664,0.7923798611111111,0.5383195767195778,0.5476864734299511,0.8149552377331446,1.1629815714963136,0.5834943284884209,0.8540279503523864,5.052657773570136,377.443821893798,41.45319677061505,85.97318807409869,197.64255732297897,267.25782909327086,6.883446541097429
617,0.2539607607125661,0.2591838235294116,0.32206978908188577,0.7221771030993033,0.4572005231037484,0.4484125122189645,0.20071088494048644,0.2053903805292642,0.4120770031217484,0.4084500582977065,0.22119051742801485,0.21831035864556195,0.6598679245283032,0.7349712292938096,0.7333500343170903,1.5488927928148961,1.7058756475084065,1.221042087155048,0.8497975368329286,3.932279172064324,454.2498916928326,40.85514153684339,113.62553604187504,231.09824546883183,325.17528386726497,5.103764875281241
618,0.2483001422475105,0.2474864864864865,0.24370565523506701,0.5347958993476244,0.49168140868140814,0.4976738433348594,0.13793717401612135,0.13577843060451755,0.43286643164904054,0.43061804451510266,0.13151192368839434,0.13216318204997457,0.7553854907539108,0.7274690690690703,0.7138831081081081,1.4172001510253467,3.411694941059851,1.0796361739470222,0.5110501183023153,3.830011361565639,451.8317719418052,34.29938648902887,105.99543818750897,233.59801506976018,347.85662349816914,5.587270307178433
619,0.4450335173501575,0.4460191717791413,0.37938984168865375,0.6056670000000001,0.2676590909090913,0.26661694386694373,0.20167647058823499,0.20563252314814875,0.23518052930056751,0.2293973577235775,0.1752704326923075,0.17678430079155624,0.8959401515151513,0.28213979289940877,0.2808131691648825,1.4808845009416942,1.1316964388828623,0.5252601178279229,0.6388881012086918,1.7125998804771756,252.46072909794748,36.39175556600094,56.84056377504021,145.05308645311743,186.75584578886628,7.807175279594958
620,0.415933571428572,0.412826181818182,0.31181369863013797,0.573263333333334,0.517451,0.518284680851064,0.2933184,0.2879,0.35335093749999996,0.35884344827586195,0.236194545454546,0.2395975,0.8813286956521741,0.567227894736842,0.555552,0.9831226009571288,2.165259091815666,0.5921490510325677,0.800971481836902,3.247994110919974,381.15860521793365,53.05036762729287,188.2392861880362,252.23473832011223,312.8069615922868,6.727213971316814
621,0.4330455246913575,0.42550674603174626,0.3022575842696625,0.6653381979695425,0.30296409574468125,0.30649519230769245,0.296662101593625,0.2901352974828375,0.23520445261437875,0.23572274590163875,0.22833795592705125,0.22929251567398126,0.6764401315789476,0.2876281108597288,0.2920354906054275,0.5725489604073736,1.0686329448681573,0.6387225601754877,0.9141244182278421,2.0250690549727275,295.78400135505944,41.7557981563732,62.00279167387635,165.69684084970504,204.47793940547854,7.290614303201437
622,0.2414867542972698,0.2465613107822419,0.2409753761969907,0.6647401162790698,0.5327057633973721,0.5353023255813952,0.21585057681743278,0.21474883720930235,0.5014336778639094,0.5070481341265558,0.1976215492722102,0.1947726511627907,0.8057019027484139,0.8172875264270605,0.8148167723749116,1.474825503573557,2.7025435225028662,1.4732920682342854,0.7342890422768744,2.930176699215965,488.31394429556855,36.145047133052074,125.41125409391731,250.1113329429266,397.6290190029283,5.1878533477700035
623,0.3723272727272714,0.3699704545454536,0.32155343082114746,0.4487443379790928,0.31444973544973537,0.31475848946135826,0.2668938423645321,0.2705586016096579,0.26929943064182177,0.2680283687943264,0.21817964071856286,0.21825651260504217,0.7357915584415572,0.3293554421768707,0.33017179802955676,0.564078445183363,0.9414645108876896,0.6321126643191739,0.6346239533941255,1.3221743597997675,494.9609632603824,86.71551394010228,68.62550341923323,162.30319077814264,239.48121732766074,7.310988647597177
624,0.29754274123442465,0.3027906328408141,0.2320357380688123,0.8299629629629647,0.41534882352941177,0.4205909988156335,0.10203525868178588,0.09891630301972411,0.3704189886480906,0.37146368917937533,0.11073471741637823,0.11075429463820942,0.790984375,0.5289753645047764,0.5281119711042311,0.830640828511485,2.141685554641499,1.1851250532955244,0.35813281072202946,1.8998599907355682,393.50803777137224,31.55344713698415,97.2542048924986,238.96545856533683,317.3628479571027,4.85543517724556
625,0.39455483870967806,0.383622222222222,0.38327831932773193,0.553652153110048,0.30996435124508603,0.308001843317972,0.305996614950634,0.3079302259887,0.2119876,0.209380273972602,0.209461943319838,0.21421592592592598,0.647609552238806,0.262737459283388,0.260559487179488,0.5055905635753912,0.791554632191612,0.5627757784945074,0.7480958532687311,1.1690907716243895,263.3549505844712,35.27915570884943,47.12219350039959,136.01522892713547,208.3343267440796,8.211242966353893
626,0.315339295392954,0.3165294605809127,0.374176076555024,0.6689865497076001,0.2845700123915739,0.28484869791666667,0.24220880088008798,0.23908501742160265,0.24875322751322732,0.24686597222222198,0.20537518115942,0.20748176795580134,0.8134227106227133,0.30787586206896533,0.3102916666666667,0.5085521375311255,0.9723806357339236,0.6143207963132017,0.7633990596108392,1.5095827467585006,277.79878582805395,40.41367520888647,64.1876303901275,159.80268828570843,223.54837507009506,7.959273643791676
627,0.40128641141141125,0.41606634304207124,0.37787037037037047,0.4222901917404125,0.31672937293729375,0.3155172839506171,0.3141650219298246,0.30995778867102375,0.25895151991614246,0.2629016203703704,0.2536586345381525,0.2528196924603175,0.8767416666666666,0.2995165441176471,0.3006416139240504,0.625790892837837,0.8233377391930845,0.5726057107882597,0.7563947561896276,1.2460937668803476,249.97676664497703,35.35113743661592,49.528501889047526,145.34967970879129,242.43824591394514,8.036516373977065
628,0.34189567259309,0.3431015199311727,0.21900933358222907,0.4051770956316409,0.4920088794926,0.4932987012987009,0.13209265494450637,0.13210061425061456,0.4279415329768273,0.4264140531957127,0.10677430520207637,0.1067166631995009,0.4953090909090909,0.7004656019656017,0.7052918181818182,0.7531356452842541,1.6288104164453534,0.9916337862626541,0.4415016743302235,1.9207092882829448,504.61872650141066,31.133482910015367,126.77990916100416,251.74889755858615,331.7791439423507,4.6041540124199605
629,0.53087893081761,0.5306851851851849,0.30003984375,0.5996639957264959,0.2856057489451475,0.28275055370985586,0.24191417910447752,0.35017383227176246,0.40011287878787916,0.25907551385165334,0.2385365013774108,0.23647721674876832,1.0523465447154499,0.32093422519509496,0.3216669787765292,0.582229707154817,1.1037524392296458,0.5966724176301744,0.9103947864831204,6.448782647310931,297.4655692620824,41.28040745854378,64.96109999716282,158.8228449691087,224.414161251237,7.490767166018486
630,0.454309419014085,0.4500170278637775,0.30145676100628876,0.801938194444445,0.3263044943820225,0.32794611528822004,0.31537277918781753,0.31383830022075,0.2618281810035838,0.2642836345381525,0.2631550880626225,0.2649185567010312,1.1004852362204725,0.31593553268765123,0.3123728118161925,0.5672678674075132,1.0332068460847874,0.6324674913365751,0.9377741897844596,1.8787627831816665,276.53212018776685,36.72419115900993,65.19698945339769,169.90113363135606,238.5254920227453,6.917075370438397
631,0.4043731225296443,0.4030094517958413,0.37718,0.7452291235334697,0.5913198757763957,0.5915385018334218,0.40143969754253306,0.40818684872439825,0.4764119229045261,0.47524897025171736,0.24942304347826086,0.2509300106044539,0.7929392803598216,0.813797101449274,0.8274616600790522,1.7277214149034144,1.5184647549235668,1.353316727394237,0.8735939996426664,4.730050198369404,488.6076977962385,44.31779152187316,126.31208392912927,258.1460128092895,449.3951514039351,5.504017209877139
632,0.4083949175824173,0.3976278280542981,0.3516548582995942,0.666432051282052,0.4623303418803423,0.45777801003344426,0.3440387874837019,0.3341175914249692,0.3855679487179481,0.39471013986014036,0.2645490150093808,0.26258676739926734,0.7624926035502961,0.5447054655870442,0.5324595141700403,1.9910387139114651,1.2158449026672087,0.5386715749622624,0.7926490166021531,3.9227713051821627,389.063910384161,39.99265698859325,86.54710388957308,201.52823730873374,257.93165505792086,6.363180895837454
633,0.29070154845154816,0.2921927857665127,0.2593473740335909,0.6960036363636364,0.2540279356060609,0.25129209710743816,0.14432134107027725,0.1446405788956018,0.2491406288081891,0.2475231300345227,0.14044153867441544,0.14072355934534456,0.6901223021582736,0.3186842274333436,0.31788002473716725,0.43027395497151383,1.0743879691899474,0.6293058665161015,0.566665727327261,3.5731982285088217,290.66905844956636,36.44093574786728,66.96898490190506,171.79014076563445,197.32107916338876,6.111518649215048
634,0.2846610344827586,0.2850868649644641,0.32025667408231384,0.678344827586207,0.3949842949812207,0.3980528996865207,0.37115581098339656,0.37013241379310347,0.28998062125961793,0.29160591133004926,0.2701790450928383,0.2662573713143428,0.7554630541871932,0.4177676767676759,0.4052137931034483,1.3376203311745318,1.0660238348513227,1.1958774787415374,0.7946756769810494,5.075762450618883,304.74729017065516,37.29299642145634,64.29948924302028,164.2991579940607,255.21968411089017,6.78226913742978
635,0.23542669683257944,0.23851380982500525,0.23265101139269942,0.6537948350071765,0.3797614011896894,0.3748127450980394,0.11451115618661235,0.11298759038499118,0.3296167466986794,0.3232549931600547,0.10509010129731647,0.10608390714145177,0.7137387955182058,0.540514705882353,0.5513655462184877,0.7717048905182535,2.734706211956135,0.9342786494948442,0.3963568253889096,1.7617530570579474,373.0730537106009,27.844393351937043,84.8337377914611,214.8559084162116,313.22187552338136,5.4437584955902665
636,0.2872021419009373,0.28776393034825865,0.22577340823970066,0.78106385964912,0.2807253623188407,0.27326511627907,0.20395996472663133,0.20413196881091597,0.32181792717086866,0.3225613445378154,0.25645054945054935,0.25709283018867934,0.7425729372937266,0.38265148514851466,0.3828524344569286,1.3703582968179093,1.405875711193592,0.7038871815321132,0.9517451412208406,3.0276918770629475,319.0627880394459,41.94924452652534,67.64500091473262,210.5724113062024,268.29591331382596,6.906452278296153
637,0.4297833333333338,0.43182043973941375,0.49189353448275874,0.7046632124352338,0.2644703389830512,0.26480324074074124,0.26475884086443996,0.2663397495361788,0.21134587020649,0.207452746365105,0.20794680420712,0.20976521060842376,0.683044416243655,0.2662306889352813,0.265035,0.3207181904041572,0.8703518462600445,0.5191815118225596,0.8025732242583223,1.239809027267486,254.86483064014465,39.44521304219961,51.571475341916084,139.62109806016088,182.95260961167514,7.8935641795396805
638,0.43780427350427403,0.44347056277056307,0.24784321839080498,0.709134210526316,0.333080333333333,0.340842274052478,0.19807030927835098,0.19545393442622902,0.299397402597403,0.301752924791086,0.193552012882448,0.19240535117056903,0.958909523809524,0.467209777777778,0.503603703703704,0.45731621390295196,1.5077190441200752,0.690925790620265,0.7834706340144796,1.3860585461412158,300.06692511960864,36.82701848447323,76.62649499252439,185.218860860914,239.25127927213907,6.101659964770079
639,0.27829953692420184,0.2770871767528655,0.2811569541569545,0.6601089619600254,0.2677059369202227,0.27161684643040546,0.15693718001937182,0.15776504108136727,0.28068014354067,0.27683090909090907,0.14188802184939545,0.14286499137718636,0.7085515603799183,0.31464704271632,0.3124725983236618,0.495085579774951,3.097416231486069,0.6940290156220591,0.5189201805126289,1.2575500012529333,290.2511126277122,33.05011090229858,61.609026637266986,166.6687640615485,246.13578253510323,7.129473273049701
640,0.27013894736842003,0.27363308080808,0.19326702127659576,0.535639814814815,0.5101349056603774,0.5097943396226425,0.1228318925233645,0.12208394396551725,0.42289007352941244,0.4235033333333325,0.12013352803738327,0.1183597510373445,0.6262201086956526,0.726484615384615,0.7259035714285724,1.3322338830378164,3.086762821912451,1.3015292180105302,0.3448575591916937,5.9774411174004305,446.5266363695264,32.97638439107686,106.4991916064173,221.10473015345633,445.90986624825746,5.900503019802272
641,0.5698719211822658,0.59111748483177,0.27799024125779287,0.7339303843364757,0.35137961822660146,0.35672570194384434,0.2672070507761114,0.26618436138500284,0.3055931619401014,0.3003176764869372,0.1971225449051543,0.19563196125908,1.1868321428571431,0.3826570080862529,0.37458941542718716,0.5389466008364858,1.332186333756681,0.5159742638454883,0.8508025348282625,1.6442165010554077,320.7321677889143,36.74015668886049,73.64745584449598,167.85606941474336,206.0473763516971,6.024270052356379
642,0.261287133182844,0.26415329949238603,0.266302036199095,0.539596335078534,0.274390526315789,0.26533401534526896,0.14294482758620702,0.142523056994819,0.23539676113360303,0.236447651006711,0.12674322147651002,0.12681954707985701,0.6872,0.27610081743869197,0.276811382113821,0.575005600193822,1.0276065812481696,0.7243124856674336,0.4777791153963255,1.3288929368428224,268.18918297067285,30.50890751183033,59.00817224755883,174.56136411055923,236.3740699365735,6.540059112012386
643,0.39049030172413796,0.39159770114942416,0.34156498673740066,0.44990528153644826,0.3224491600353669,0.3247919728660259,0.30281268264173,0.3039291918926034,0.2691718873387734,0.2685660280970624,0.25569473916887725,0.2560056683986772,0.7419572413793104,0.3017167063020214,0.3009937304075234,0.41884309898698935,0.854587251799509,0.5532766391300439,0.69801019365152,1.3534426231991368,260.97277998281965,35.51061602373575,50.49842955737278,151.12698913134378,217.8310569183066,7.603765497433728
644,0.416314,0.415948571428572,0.31753552238806004,0.529495238095238,0.46288458333333393,0.460045333333334,0.2346656,0.23460265306122402,0.34655582089552195,0.3491019354838701,0.1798302564102564,0.18044492307692298,1.0168896296296301,0.6857964705882361,0.6821017647058819,0.9006096503304962,2.612470252014827,0.7617432896668878,0.5822419153609292,2.7574813926488186,368.99738758802414,32.09066018462181,82.27456593886018,315.2323625981808,385.9348022378981,7.115507964044809
645,0.2194902184235522,0.21796991509782224,0.21065506615914445,0.7635588888888889,0.32533883388338886,0.3333281519861833,0.1740290649393789,0.17459253899340776,0.3003737373737378,0.29593547371734336,0.15068057150146666,0.14813782709960222,0.6349133089133089,0.41905299707602334,0.4158199665831244,0.5884712953360338,1.1714851265980208,0.697765769998154,0.6337018796511256,1.2912621855134845,358.01896721952494,37.44899036569728,91.35072792155876,204.80595477339295,261.8778057189451,6.183322208623092
646,0.44487527757216855,0.44414855623100286,0.3209190657251493,0.5181138861138864,0.3266082677165357,0.3209787114845936,0.28296650246305427,0.2924459224985543,0.30095238095238075,0.29890619621342507,0.26416573462125076,0.26904218426501003,0.749489703989707,0.36817857142857147,0.3674673015873014,0.6798890744881322,1.0389557281244224,1.0207400061103822,0.8131583249511386,1.3451904867928501,303.4907143696078,43.11392715732966,65.26171595656446,172.83640336245298,235.84581379379546,6.8030702615422864
647,0.4300804473304472,0.43661070853462164,0.35036020334059553,0.5695022222222222,0.2895202517788722,0.2888821321321322,0.19971064814814832,0.19908854700854722,0.2776111111111111,0.27532101677148835,0.19352685185185167,0.19350206456456445,0.9628652094717665,0.3517164541590772,0.3526685288640594,0.5075360486645542,1.2921483638857385,0.6417338005459673,0.6844783228652891,3.608138985200541,272.4754882769452,35.39495195986496,65.15448136876027,157.4500218137271,192.215732143571,6.836761410037677
648,0.32836736111111087,0.32555163043478247,0.23962197392923668,0.3605848708487083,0.3541207349081366,0.35252985074626825,0.167000733568075,0.16503063457330416,0.33614064327485416,0.33886363636363664,0.16201236351958917,0.1592063397129183,0.6566873385012916,0.42601124999999995,0.42475757575757583,0.6300745924855371,1.5638886513144703,0.8739319736761405,0.5659115032378037,3.6413963489778935,360.41079826342565,35.19737704967459,84.79127233537535,206.53765532188118,299.6325434651226,6.09915005043149
649,0.29512018140589524,0.30275922619047624,0.23230158730158737,0.6591866151866144,0.44156926406926433,0.4496988536155214,0.1380507298396745,0.13967671691792288,0.3670461975835119,0.3588088023088024,0.13561812297734618,0.13576455026455023,0.7474862914862905,0.6311721611721619,0.6318589285714286,1.0661175147619408,2.6935273622067806,1.1270110136002163,0.48969038263569037,1.8086197078994717,408.13752039823504,30.662398230994032,94.3543228675567,227.2053144960886,320.6063893490604,6.0467165894806385
650,0.43947313131313204,0.443635555555556,0.2663926011560692,0.49202523809524,0.45103288888888804,0.453376263736264,0.3584484210526315,0.357747969924812,0.29687943262411365,0.2991353623188408,0.2385346031746032,0.2417488082901556,0.726497777777776,0.41537807692307605,0.403597358490564,0.7807676979810357,1.0656865824811035,0.6614791105819091,0.776428968504596,4.0141742148886355,325.01932699233294,39.10344373434782,70.98712027072906,179.80583384633064,281.5921436995268,7.090072147548199
651,0.152385348583878,0.16022961104140523,0.23263712601994552,0.49539031620553253,0.421241726618705,0.4222507824726125,0.21763888888888877,0.21830158730158725,0.3856932123655925,0.38078697643979,0.22617314954682774,0.2249165805785125,0.6094583333333325,0.4504142749244725,0.45120309882747,0.5915915623451091,1.4293934246242568,0.8592143229637694,0.7461988790111153,1.5434318846661508,316.20616209693253,44.237327529117465,83.88498099520802,231.88453051261604,285.6460167095065,6.212125299498439
652,0.44684605543710004,0.4449175510204086,0.31523102040816287,0.6164512129380058,0.3629289115646257,0.36579201228878566,0.32436317460317426,0.32509404761904853,0.27820857142857147,0.27817463284379174,0.23718829365079372,0.2372437788018434,0.8675110204081629,0.38918139534883717,0.38590033222591424,0.7371691643775423,1.0879513356555492,0.6512501339222437,0.7481751348819157,1.9374298979160114,328.6238646666919,35.602974572352004,67.39105962749038,165.69264033543212,273.83906301110983,7.1258882858923505
653,0.43888011945392497,0.44660079365079375,0.3077078125,0.6638941831683163,0.2649370503597125,0.26891611531190873,0.249311657032755,0.2547853901996375,0.2530583778966138,0.25837366310160376,0.2434290730337075,0.24524284957627124,0.8850436241610737,0.30937771084337373,0.302973579545455,1.3034315980750637,1.0155003486056224,0.6816807542650749,0.8614913170385192,4.115578269388942,255.27241232339296,36.837885272689164,56.5612135687843,166.8441604124382,202.3062581429258,7.419000030495226
654,0.30792996222028485,0.31195910138248834,0.2392003272557271,0.6659341672152741,0.47231033074724516,0.47440446650124196,0.19753988796600355,0.1979800307219661,0.4023781577924613,0.4028850806451613,0.18645322580645163,0.1816236559139784,0.7549137284321065,0.5401105990783419,0.5409756895745678,1.2937276056578761,2.9525123488019367,0.9153618848972634,0.7019602411159265,3.4703927729435877,390.09301352404776,44.9936288679319,103.31639449202245,229.05646342663997,296.25993282083544,5.768907196339099
655,0.2806347992351815,0.27397560975609714,0.26834231292517,0.6810260347129501,0.3489569391911557,0.3471057367829014,0.2991275088547814,0.2955970017636686,0.28943445692883857,0.29214608555286575,0.2534195973805486,0.2501368780696129,0.7522996336996343,0.3889936590824314,0.39083144368858713,0.4985427900060651,1.1076789162193459,1.1934805928099674,0.8080508060116564,4.166644563972042,295.60566347624575,44.4627200652446,60.689146630465984,169.5304543578199,229.23983300903015,6.902457347937992
656,0.3110136741973842,0.31160878852609103,0.3800913615357276,0.4576342208642517,0.3250435736677117,0.3238846394984328,0.31637463471654,0.3147711841753542,0.27528094092488653,0.27282408405172415,0.26038206896551724,0.2580412440838403,0.8733284482758621,0.31579552801724137,0.3167642780172414,0.5926011529104656,0.9133775303305106,1.3863650672336967,0.8188528236572803,1.3824546877435666,268.1434989489358,39.73213185010285,57.17341675712117,160.78165298777407,259.9141038633112,7.602134077199574
657,0.10505107473871,0.0772750452625226,0.14494409704852398,0.43874666157955,0.231461992445703,0.233743987756887,0.046008746103221296,0.0438767438353065,0.186987773722628,0.18821542987904502,0.0438144993374976,0.0444248436399785,0.350708848080134,0.192773694390716,0.191977116196401,0.3827461501660253,1.020847655175665,0.9207871996980277,0.20022126635985504,1.0111989347654178,206.76509011536837,30.19541036337614,60.29820069670677,182.43819940835238,225.09617265313864,4.854192957282066
658,0.21210204081632666,0.21153669467787092,0.39450886339937435,0.7508268398268382,0.5495003092145951,0.5583220422189475,0.3481009523809524,0.34493731163351427,0.48682024882024766,0.48815181518151907,0.22427767979619814,0.22311736198904333,0.7093450750163095,0.9412057142857142,0.9223777777777762,1.2542504170702367,1.707788260177558,1.1909465238347994,0.8596845554291561,4.2593294188390285,562.543852166051,41.83102532156876,133.6045197344252,299.71974436193705,440.1176158959667,5.047166320894446
659,0.22450653846153804,0.22496859344894,0.22360750000000001,0.5425589743589739,0.282468126520681,0.279371186440678,0.24311547861507096,0.245216808510638,0.267465333333333,0.27057062937062903,0.225652759381898,0.22120972515856202,0.668215584415584,0.357719536423841,0.363976510067114,1.8303970359310515,1.0179193907590371,0.7996050718908971,0.7514153666744974,3.6294490052450974,268.3465485461056,41.52047215029597,59.60480077192187,166.0985848866403,201.09856268391013,7.500969804823399
660,0.22202042079207915,0.22221380090497747,0.2570406626506025,0.6512232142857125,0.6589479166666666,0.6573385416666667,0.13806115591397833,0.13652147633744874,0.44423473597359586,0.4462083333333333,0.20907623318385668,0.209138071895425,0.8132061011904749,0.8649136363636375,0.8606538461538459,1.5621201550594845,2.388195370937491,1.233828763548058,0.8319447769272496,5.022329933746025,488.3552367876594,34.03899318072945,124.60453629804154,266.6713495273143,390.80467831809074,4.945537269425889
661,0.4080357385976846,0.4043254437869808,0.3337620365246266,0.5901893939393923,0.3237924348378893,0.3190543159130946,0.31363461538461535,0.31374168030551003,0.2705131717597473,0.27071945701357464,0.25947268356643344,0.2600558974358973,0.84135164835165,0.31528802113916615,0.3195083746898261,0.5705097765824049,0.8436032927098307,0.6150137405645725,0.7651162013296425,1.16695646546273,265.03847464202687,36.632757669744585,50.828891555563764,155.2144343105073,231.26944792098723,8.175757606155598
662,0.3245673227116515,0.3242702535559667,0.18462519936204153,0.49762943722943637,0.36213005050505154,0.3632718736662394,0.17907116620753,0.18144309372797726,0.3432076207620758,0.3422301740812394,0.19705108780108785,0.19634217854217847,0.7117544191919182,0.4716689536878212,0.47523013923013935,0.9879953489330613,1.385195113907536,1.1249178034317555,0.7028286086863046,8.133389751899038,335.1915761771979,38.82976897963972,77.84204825646046,211.58545771895936,377.9611543216037,7.1020641674598055
663,0.2610075536062379,0.2607491392031479,0.19049782873024157,0.6671495844875368,0.38672424927349053,0.37829235993208843,0.2547892265875958,0.2570397173489279,0.34004385964912265,0.33423226544622425,0.20561922857685735,0.20617703349282318,0.7033886639676105,0.50238679245283,0.5020459330143542,1.4969369632706107,3.673968486840184,0.968443643849019,0.7562201103012285,4.554628406871322,360.1680705813985,41.04386500426029,95.79562680109551,229.65475402184222,349.9371060905488,5.695732359431292
664,0.2454968341072183,0.2417711419015765,0.3349100449775113,0.5574567659990217,0.506316247139587,0.4993205365402392,0.49253283996299574,0.4989653150952608,0.2606234148550726,0.26016642512077304,0.25031103678929784,0.25215531400966174,0.7623337792642131,0.34405536684782606,0.34171329552615,0.7799315275520766,0.868674235487392,1.269642180216916,0.7703091451081278,4.4074080124915405,290.0902657648144,39.062562965504505,57.572338973050535,165.96066745241052,409.248867072165,7.3060039025933845
665,0.3611262206148286,0.3689989892183286,0.33916058394160575,0.8169823529411772,0.25086525974025997,0.2552892801426343,0.2043257001937643,0.20126049382716002,0.20486187845303858,0.20129640044994426,0.16293600453065288,0.16096537741734288,0.7455084249084243,0.24627309666381572,0.25430706075533716,0.34908526450811905,0.8654075043121935,0.623890377904585,0.5962786983203535,1.301767182222644,258.3783252962998,33.34625757166317,55.37655004965408,149.06040991523437,205.3038516481008,7.442285173705646
666,0.3877604278074879,0.3934768564768576,0.36115909090909093,0.5227086999022484,0.30577478171546063,0.3093772418058121,0.2623251310093415,0.25947205387205396,0.26615614156835543,0.26429679144385027,0.22443835616438365,0.2206012987012988,0.7788390572390576,0.3146464646464637,0.31557495307052724,0.9401878698659571,1.0404903696789114,1.0462436568201392,0.6915370715233322,2.4256419577723145,265.86582164534116,35.08262717249718,53.82571905625589,156.1980638088602,229.8516482397011,7.119245657866651
667,0.3529632554945054,0.3520553846153846,0.24196988943777925,0.49042105263157926,0.24868711018711,0.24238776796973538,0.1874540380254669,0.1850025303643723,0.26794014345782846,0.26166748586876387,0.17124375624375612,0.17696130906866464,0.7814901293396846,0.31539102564102534,0.31786967349197537,0.6678748056515631,1.0872690932882272,0.7720052888368953,0.6804487500972211,1.16790389380741,294.3298313766718,43.59025042504072,66.97732382095776,173.37119206786156,228.52206065391118,6.289946703383555
668,0.34029888758782245,0.33877377892030874,0.364805,0.43100254360465123,0.29053697183098626,0.29247511574074125,0.27096569548872124,0.2693857913669062,0.2512024956217162,0.2524892003676475,0.22637649317406125,0.22713133208255126,0.7017801724137938,0.326589375,0.3261930100755662,1.6033082208090168,0.9777990401557671,0.6302482480046473,0.8383779862804353,8.788010296726863,288.7090347940102,42.24527801852673,63.32202756311744,165.83105316385627,238.9816741924733,6.822647992521524
669,0.472334693877552,0.485031707317074,0.32223096590908995,0.32870199081163803,0.24406398158803203,0.248553378378378,0.244470403587444,0.24425532359081398,0.214250497017892,0.212549046015712,0.21709077353215203,0.212713697219362,1.02123436123348,0.26713838630806797,0.267843658536586,0.549865038288149,0.7958162815584797,0.601552208547382,0.7493092480732158,1.1322793499209762,244.43326517939568,34.9307619035244,47.31729160994291,132.52293691039085,181.7682385444641,8.50234180688858
670,0.23902152777777766,0.24315436241610736,0.30112343234323435,0.5958994791666666,0.50423722943723,0.49711304347826,0.13735737704918036,0.1371374851720047,0.43665134099617,0.43595555555555665,0.1332659817351597,0.13335988505747134,0.6871074829931967,0.7544787234042566,0.7631753333333333,1.1804241182983917,1.93965310504773,1.031798218242387,0.4582990945080544,2.7930019987435704,481.9557210430503,32.98125928267837,109.80567118773858,236.1073694191873,340.2174427174032,5.891776333252589
671,0.4631710317460314,0.45875753968253996,0.34960005964807567,0.5944954407294828,0.2488787105751386,0.2516560494414072,0.2478005255613957,0.24783718028696142,0.23410052071541715,0.23311085405822288,0.2262221339161529,0.2289585605234457,0.9713039867109629,0.2758807898586057,0.28207215250965284,1.7559244453445715,0.8705125782336632,0.5446042101363451,0.8039056778727202,1.510990449255985,267.1634246196066,36.61305776664189,55.0224312714168,140.09559527039528,181.6407045615571,7.9862440803221295
672,0.3173895107131441,0.31644173728813557,0.265081310123683,0.549146061814556,0.3697854173329068,0.3615392341494034,0.27526143487346105,0.27138400423728815,0.3174688307957491,0.3170209039548017,0.22640873533246442,0.22537371835111866,0.7159277818717763,0.4323956180239763,0.43126830147854234,0.7357423007550516,1.154183153362401,0.7651355253949785,0.6948157120112305,1.6365381228371014,336.0463807485619,35.1742407212318,76.98902607721797,182.98453888145545,318.52809617579993,7.323515443604881
673,0.2584173435260393,0.2565744680851064,0.21483752380952356,0.5058589743589743,0.5642466666666665,0.5765115694164994,0.13935933690882502,0.14138489871086574,0.41878243440233215,0.41888824884792647,0.12541443677168787,0.12418264159596429,0.5843239795918365,0.6407047991071427,0.6445149501661128,0.7372721362809488,4.398953847896844,1.172888688689001,0.47285309395373026,4.65114927428482,433.1163047546787,29.706954956054688,100.09871496419821,234.3358754712556,393.914885353297,5.839179669107709
674,0.42350349650349667,0.42970248538011663,0.2780815628815633,0.6921481481481477,0.29541798941798886,0.2910726817042611,0.23659832541298892,0.23684008714597005,0.3251029741863078,0.32147469746974666,0.21524105820105777,0.21362683789317,0.8826826538768988,0.4153243145743144,0.41593952641165777,2.100157748864346,1.2884812798758574,0.5931272500071381,0.9067728163561202,1.3913693982088302,305.76507560908794,44.538947339687084,75.89120003912184,193.28188823743,271.9496325072315,7.008321376310454
675,0.3787882352941175,0.379228145695364,0.21728818565400848,0.652375625,0.31812455621301805,0.32013773584905647,0.25792487309644646,0.257855172413793,0.2954494897959185,0.290722191011236,0.21501089743589746,0.21777462406015052,0.741049137931035,0.38932058823529403,0.3921615,0.5345998158693893,3.301830973521838,1.0834853667471727,0.7330621868748541,4.386654260885745,313.0234114360064,40.46976799145341,69.55449120141566,177.26473975926638,250.21421955898404,6.7878898698836565
676,0.33319561621174615,0.44484164934164866,0.32577891737891795,0.6298537915984718,0.5932668759811616,0.6000613154960975,0.2818814884302693,0.34645209176788205,0.3977458389563641,0.4500466200466205,0.2881783843396744,0.283898705255141,1.0317454212454205,0.6087202279202283,0.6048102564102564,1.047435548445497,2.323260314261622,0.5651586928586889,0.7228190892821177,1.6899065094442671,363.03356158523223,37.712433064977326,81.09357112493271,177.45710181024594,285.5420655881365,6.750994958938697
677,0.2904375538329023,0.2845225136071256,0.2567235432453628,0.6579470284237721,0.651490640952921,0.6630975452196373,0.22308067503601559,0.22110333670374116,0.4856927549195,0.47348463455149536,0.16231537152580838,0.16388899985732627,0.7451423537702604,0.8168596899224814,0.8080562640660163,1.5703342977384476,4.829166452303007,0.8654481814837449,0.5516725900499684,4.065742474433224,552.2074221178543,35.29442474246025,132.88603662404904,287.25645050059916,403.7384858874734,4.839781281906505
678,0.080627205882353,0.08742678995588725,0.13993085385018325,0.4356191275167775,0.2866219450101825,0.300671275395035,0.045190888853553754,0.046257072072072,0.27797703818369496,0.2720940414507775,0.0447323085319265,0.045040197461212995,0.47857692307692257,0.360634691195795,0.40390947666195254,0.43274034198272787,1.2636444867156764,0.559713135738076,0.19998172495909042,1.443359736648569,370.7056515850127,25.5154212936759,83.24232185259461,194.75179142318666,229.5539714396,4.612974589690566
679,0.32838846263142957,0.33076841787439604,0.38283695652173916,0.6507788279773173,0.39411844077961045,0.39362558390226393,0.39316399694889387,0.39222230623818527,0.25483944856839874,0.25165717391304343,0.25653523238380826,0.24827312034590437,0.8295666912306565,0.29735826086956524,0.3002290423415744,1.0678539094806225,0.8765277061505906,1.1393931432950268,0.8027367612355557,1.5405513861738356,269.92871426045895,40.83321267819923,56.571212759160474,151.8779171063848,272.6008113392669,7.790469807451186
680,0.2562559419014081,0.25147491197183125,0.20305437853107375,0.5375135,0.33211049107142876,0.33058969907407376,0.16662250586854438,0.1657133397932819,0.3180522222222225,0.31985782657657624,0.21062269295302,0.20755703883495125,0.6588244318181813,0.37485921391752564,0.3736033031088081,0.5185041726694818,1.1847087417021822,0.849031228589935,0.7971783040056825,3.947524696320249,324.5412342948839,41.393336141481996,66.40673818765208,180.07880862569436,248.67555330274624,5.894637433812022
681,0.28450119445771616,0.28293879495117846,0.2836204013377923,0.7818692988427538,0.3114538988408854,0.3129530638852669,0.10845686813186844,0.10990010395010384,0.28249363057324844,0.28783055775839306,0.09359285776652385,0.09621893491124232,0.7343298565840938,0.3832353714661408,0.37544270667092233,0.5606837928339184,1.3785679005959048,0.7850390728758863,0.37189808505780725,1.375556415601346,338.39310411936964,33.88063229907017,67.35916070353527,204.3053382434524,224.52252272229927,5.702022463083267
682,0.3875675403225813,0.39292817679558,0.2931433260393875,0.7076605191256825,0.34038560411311003,0.3425668257756562,0.263106324701195,0.2607284482758625,0.29941922604422627,0.29963833682008373,0.23868096405228753,0.23875764895330126,0.8364479813664599,0.37205352011494247,0.3709514781491,0.6174154476695529,1.2384110516038773,0.5548766837596241,0.9495939666179047,1.468550123346519,299.3850503116846,44.72000291571021,70.5099810147658,144.13392636924982,192.0218754094094,7.318513235077262
683,0.38442792792792835,0.37659748427672995,0.369077519379845,0.4583182222222217,0.26385960960961,0.2637341106538633,0.26666091160221,0.26514238410595997,0.21457420091324167,0.21264889123548,0.211143807148795,0.2128344167569517,0.6287488038277517,0.26028255033557,0.26017762830094665,0.44034374281047106,0.7910732397281848,0.6936014236429485,0.7468913923776683,1.1581552548057912,260.15529098610085,35.82326462492347,47.977385111153126,131.15679612383246,201.72690662244955,8.544283142934242
684,0.351141208418195,0.34421708937198003,0.36423775989268997,0.8183633333333334,0.46937176050044666,0.472539814814815,0.28192426624738,0.27553263888888835,0.30788327991452996,0.3075093220338983,0.22287712191358,0.2266743047395217,0.6639561403508767,0.4760382377389866,0.48244164456233496,0.7382256065374437,1.1661661099722238,0.8166370865400189,0.8306253757690528,1.772540657562024,406.6496660622458,37.37175138667226,82.7039242722094,203.2552263699472,290.9538840564589,8.35183309391141
685,0.24947647914645973,0.26070584045584,0.28740687751004,0.8382916666666674,0.3111864316239325,0.31060501193317497,0.20303014184397175,0.20554039999999998,0.2691100628930825,0.26232587448559747,0.2324633302583025,0.235917402826855,0.97262909090909,0.304542458432305,0.302723667905825,0.4841313649778097,1.1398049411287323,0.6303784507830136,0.9270979825190622,1.7032726421242486,376.22532108798623,42.43456060066819,84.46439751423895,218.7848265748471,220.64853692427278,6.791146006435156
686,0.12759195402298848,0.1312559590109155,0.1412515288487105,0.54833789954338,0.232950568678915,0.2382951914514695,0.045609683128265646,0.0461192797911548,0.195189544807966,0.1940195089135555,0.04533294528521535,0.04581837590545175,0.327616515837104,0.21531666066930552,0.21507107288365798,0.41712219451630306,1.018661663019822,0.6751877314929555,0.20019243662777084,1.0123856946377123,246.30055995658043,26.45440399646759,72.54736265167594,195.94262121245265,238.1683443672955,4.568148870021105
687,0.324213937093275,0.3224719512195125,0.2880452935222675,0.71314039408867,0.27466743119265996,0.2708892634854775,0.27280233739837373,0.26661023421588625,0.26418839103869624,0.258460595446585,0.2456960431654675,0.241197669491525,0.7755247005988025,0.34236180738786254,0.33738530585106374,0.4957560628237282,0.9991940968118486,0.6805076354140699,0.84377198396026,2.073215354300499,276.80933417286724,37.676122155971825,54.960386478342116,150.21941217128187,196.7587013496086,7.44661083444953
688,0.39054551997121284,0.3859015126050414,0.2845949900793657,0.7929891891891885,0.30563332462784004,0.3101716955941257,0.27231829988193573,0.2649709208400643,0.3061610486891385,0.30510766045548715,0.2639671405266843,0.2685519013360743,0.7518682322243971,0.3719323979591843,0.36940246555475,0.37186129752437225,1.126232737903045,0.7830883056749683,0.8135519844832562,1.768024282446574,302.79635850872313,44.337433895894456,57.09687913102763,170.20274286291428,203.7285827100277,7.368743951831545
689,0.46528402832415483,0.4611616885702904,0.29328397256794514,0.6103759305210903,0.41119032258064514,0.40970931899641616,0.34757777068029355,0.34581451612903225,0.37077664796633875,0.36350230414746454,0.29747457627118645,0.29849603848330514,0.8117580645161291,0.4587618478693742,0.45706190061028706,1.0959950154644609,1.2564253351893264,0.6698244769290672,0.9438151210522281,3.0960233558832133,301.7592176254238,42.14986768220702,70.45468120204825,189.39154462948923,263.3222641663686,6.445451459336665
690,0.13693045476536034,0.14137864197530867,0.13900825216450216,0.46939053497942335,0.20512269076305167,0.21240007415647,0.045685636515912835,0.04569213349225267,0.21037819025522,0.20725574712643668,0.04375364123462383,0.0441584329648845,0.47726338028168996,0.21946688172043002,0.21674852320675164,0.3921087141341981,1.105470064930148,0.8381101831590736,0.2040877702987464,1.0206450503642095,232.51328384503722,24.266102506468695,57.83574500431617,156.37480731432638,220.48320776472488,4.28704855342706
691,0.4111217329036876,0.40704514991181673,0.3696302333013743,0.4069667422524566,0.43329575892857136,0.43466375863322426,0.4342649281934995,0.43485489313835757,0.3395300453514738,0.3388555341055343,0.3411869606903162,0.34074525474525474,0.7319176870748285,0.3189994679436019,0.31889650426644667,0.5241292128175332,0.7986977708435747,0.5903074425368695,0.7388735147850488,2.3685576581445904,260.6068150184694,35.91149690605345,50.63762932661034,159.602094486001,289.0366306971936,7.8945952866758615
692,0.2617378151260506,0.2631257142857143,0.25732440944881885,0.6152706199460914,0.44839729729729716,0.44897626373626287,0.21161227106227115,0.210314659197012,0.42273268101761147,0.4255566964285714,0.1768361684558217,0.18153555555555542,0.7733176079734229,0.6289186813186799,0.6230781341107885,1.5171372724761938,1.598444080396835,1.0745644100363794,0.6716329373829932,5.965412737243928,430.15629252684965,36.945148105067865,100.49692288573299,242.63329072190183,351.1496347242168,5.161911249160767
693,0.31406572258533133,0.31626921038685685,0.3970491916064667,0.6443829656862745,0.46830514705882353,0.4682434640522882,0.35878768382352944,0.3618608475648333,0.36757929136566864,0.3690755793226373,0.2522047289504039,0.2487567175018157,0.7975192156862746,0.5200823529411764,0.5239480392156863,1.02251458197995,1.201228089861598,1.049225469505599,0.8110982705552175,2.8745506250977484,385.5669309439904,39.308719044806914,87.88674604147673,189.78074339090608,253.91418432049892,6.7386118804707245
694,0.41012580128205,0.4024898190045231,0.42979670329670383,0.731934243176177,0.38554202279202304,0.3882659956865577,0.3935246153846154,0.3903312173263615,0.259143891402715,0.25744471153846155,0.25583431952662733,0.2630694789081885,0.9415844481605347,0.3011023076923077,0.3015629370629369,0.6062824203729826,0.8381384711341313,0.5833082012550395,0.7860112324644372,1.5735072877506964,251.40310530192576,40.27128541985383,52.62658232823014,145.73749638377473,206.3018251926853,7.574138446496083
695,0.3708331797235032,0.37438225806451614,0.3322754838709677,0.4285789694176806,0.2853582342954161,0.28547821165817777,0.27941612903225804,0.27505453940804775,0.2658484383000513,0.26805957336108227,0.25118670576735097,0.2528108504398826,0.7531427419354839,0.3054753399093574,0.31164909520062933,0.4529329992446833,0.8827284129816394,0.5446927240205456,0.7452780045970404,1.2440560501855469,259.3543192732238,35.926497601453335,53.238460884219215,151.88275025256218,211.69018751430897,7.4857710710456296
696,0.28563439153439074,0.28749917081260373,0.28172246913580185,0.5327777777777778,0.42396980676328516,0.4249294532627871,0.25836452241715374,0.25844150858175186,0.35685016835016853,0.3557941358024685,0.23394170875420925,0.2299786821705426,0.8461251851851851,0.5474927983539093,0.5487388414055074,1.1246157758220545,1.2173642597256005,1.2220393601339796,0.7574307549569096,3.6852463864160963,365.88692433994123,37.900328256741716,86.00750394786398,194.6557507229348,297.5124960627269,6.903564833380558
697,0.257151554404145,0.25700986547085203,0.341166272189349,0.6336999999999999,0.45242043010752697,0.45541825396825397,0.38750389610389596,0.38677392857142845,0.31144064171123,0.30483095238095254,0.23542889908256898,0.24559201680672255,0.737553846153845,0.38795228758169953,0.386996641791045,0.6041657834240576,1.2032027537857823,1.0580810467787476,0.8092687725695008,3.1757693649087755,297.8196134790778,41.443691588938236,67.10097892209888,189.09768667072058,291.67372616939247,6.090190727263689
698,0.24453733221476498,0.237993929856115,0.2072966071428569,0.6269637850467312,0.4663464052287581,0.4681490036231881,0.2238005573248406,0.222169217687075,0.3536751893939394,0.3546416223404256,0.1755105056980056,0.17485895721925124,0.6218085227272725,0.6216917475728156,0.6213340517241381,1.55233557905269,1.27714831071958,0.8306966701465937,0.5341463590251052,5.049300540029788,363.75893687363714,36.2001039320603,112.44266206631437,238.2872611633502,387.2292072628625,6.195651076268405
699,0.37397224224945946,0.3764455903271695,0.21193792172739523,0.6043024730500948,0.27974865735768,0.28039226973684217,0.2257972080739484,0.22197325976230894,0.25884686932849366,0.2616016295970052,0.2021373169766521,0.2017232972136221,0.6819056261343001,0.33822519413287316,0.33320268061457997,0.5899834497769958,3.298493175668027,0.884657127146944,0.6574369910598641,5.842130156665697,287.5570428410643,32.81041587653913,60.119712725281715,168.54333838349893,262.9607094843921,6.969137068249677
700,0.48684934086629006,0.47863664874552003,0.3367558518518522,0.7017508626639066,0.3292621303474011,0.3281551676364644,0.23695977698128223,0.2317275076344844,0.30346714172604883,0.30281744155503,0.23095778574273224,0.23446114203257112,0.8791386800334168,0.3696163522012578,0.3695062927004678,2.3359216224138115,1.262582044732439,0.5719568545571619,0.8596335966580795,1.5088188489364178,287.19682142966326,43.8060766706864,68.78854603403144,166.14767050163613,186.50719947699042,6.960420351889399
701,0.22043313069908818,0.22059862012987,0.31760548172757463,0.510303075396825,0.3435618386243386,0.33812433862433855,0.2917235772357725,0.2916672473867597,0.2827232845894264,0.28401773226773214,0.22614764565043893,0.2243341687552214,0.7931710164835178,0.40754153726708214,0.40814497878359285,0.6503442021901041,0.9516405282920097,0.6836902097239081,0.6713977183599178,1.3948699597724594,268.08684592002203,33.55991045412208,54.179055483213496,156.6935214214027,235.51240696438722,6.594404112547636
702,0.38688651315789496,0.38791140109890127,0.2922325301204825,0.6047865990990987,0.35022921686747,0.3526845549738225,0.25383262310606,0.25265,0.382090782122905,0.38082413563829753,0.3094916666666662,0.30932562785388124,0.8278608490566037,0.4476063432835825,0.4421753048780488,1.4609426512136243,1.3084731333573736,0.642272808101298,1.0441431944697952,3.921753660007684,286.6713359253481,49.07798720523715,73.780253296718,198.41757894027978,274.0293712122366,7.4935873271897435
703,0.38040625,0.38062320402298755,0.32485995370370313,0.5012845394736843,0.4330215097402594,0.4330323795180719,0.32585267857142813,0.326171731651375,0.27636660447761185,0.27645452235772344,0.23175741906474814,0.23227463503649626,0.831166118421053,0.367320471938775,0.36532916666666565,1.2369875931202081,0.8452470771009188,0.591561046729414,0.7063731578164242,1.2322180573070252,299.10729790572077,37.4504343199078,62.890214758226655,177.2940973751247,249.078973865835,7.546990673290566
704,0.23054261635701956,0.23158017550857607,0.2874566473988439,0.5674954499494436,0.7128158567774957,0.710714471122648,0.5088606921029261,0.5086783596837957,0.39583913043478264,0.3968914933837431,0.24181844242713826,0.24119670975323132,0.8385022488755609,0.7066065217391305,0.7125507246376827,1.7215744430118824,1.488275507405899,1.37213176844876,0.8755206447891134,6.86924880180747,465.3074707754928,33.79839877395526,105.81338049277015,241.56786562146053,483.76451671609414,5.620643091590508
705,0.27943677325581373,0.2772956838565025,0.33168981481481496,0.6473885135135137,0.463386257763975,0.46244310897435875,0.16261293490460124,0.16220629855715876,0.3553126550868487,0.34976583557951496,0.15658704268292625,0.1573580056179775,0.6699993718592963,0.4887022471910112,0.48929325095057,0.6212028780092043,1.446926647910905,0.8031189752506793,0.5497054872936258,1.4013681480366875,337.96448551584035,31.907629454508424,78.54994619265199,200.3819856327027,279.8348607029766,7.259962148964405
706,0.2200274914089346,0.21957797619047625,0.2703965435606063,0.6569102564102584,0.5450071022727291,0.5620948275862083,0.06720142572944292,0.06042447068403917,0.43984128787878757,0.42620163690476254,0.054919267582188756,0.05480625879043583,0.7997885416666667,0.7987564814814833,0.797542424242425,1.0296321250087328,2.004433539807961,1.1049173283558107,0.1946233720234574,4.940473545736142,493.73023697019863,34.07369658816606,124.80582226999104,259.0894534174974,384.8067096744974,4.723712724323074
707,0.16574827882960402,0.17060931498079376,0.2668419833178875,0.4937065813528325,0.31921883116883,0.31895880044843,0.1045524640657085,0.106157219456147,0.2819467032967025,0.2825234547461375,0.15071845379146925,0.15108413055711875,0.63922463768116,0.33707325436409,0.34110598923284,0.5784797803813018,1.527112055709334,0.6187465021071333,0.6697591689553942,6.514742684079669,235.4159951210022,31.283259158954028,69.57827717997134,182.14011215604842,264.2598585225642,5.716574378311634
708,0.36179455445544645,0.36030513784461077,0.36824531024531076,0.44532967032967147,0.30348835978835964,0.2996844262295082,0.28727822177822177,0.2851604352678571,0.25291511387163573,0.2526676716141,0.24896107142857143,0.24823160173160178,0.7827405660377357,0.29475899887514073,0.2962706632653061,0.5809483008741088,0.8340267261350969,0.5537866263376856,0.7526208980131294,1.3273691302966637,245.42779678345792,35.53052665665745,50.17961458569126,149.15652323647268,221.09890705905855,7.640403263004763
709,0.354504234527688,0.346113561847988,0.27319736526946203,0.8871298507462682,0.29315607235142205,0.290574687065368,0.20213314009661798,0.202890575275398,0.239876263736264,0.238725951557094,0.15870815217391301,0.15642720000000002,0.809563571428572,0.332547158218126,0.32475,0.487357588817731,1.1899456439506264,0.6824607006552037,0.5674485387722021,1.2274735469873612,285.7159776613116,33.11633598059416,62.72563245147467,178.1820273026824,212.98714447766542,6.62599690258503
710,0.221888188656231,0.220539789284914,0.13878091316458802,0.43109568162574097,0.223781132783196,0.21770542191676198,0.0451196123437898,0.0450086294192753,0.186229541945445,0.185927582877374,0.043706908267270694,0.0448574909671456,0.437305956344802,0.193756309474555,0.19074275696623,0.30183344677907903,1.0065163803681192,0.49505010472407796,0.19830544755692237,20.776139916007587,177.31001134961843,27.613528072834015,56.60615861415863,164.53899443149567,227.45130117982626,4.864693619310856
711,0.3710813295615279,0.3670838948787064,0.32476815980629564,0.6875577380952379,0.31675882012724144,0.3102997875730214,0.2626234567901236,0.26391348088531214,0.28567286706349215,0.2869372519841272,0.24297650375939855,0.24353153368370786,0.9015677083333358,0.3585635286372614,0.3494746106973593,1.0708644574430317,1.1319397432532512,0.7278751751602319,0.8375795932983793,4.146490465187556,307.1759511450572,38.68454202477421,63.873952188129934,175.0831974537245,228.45854151195712,7.090779087905373
712,0.3011988770685578,0.3009387969529811,0.35613732004429666,0.7313635116598077,0.24616124920331442,0.25179610054028667,0.1880619941133189,0.18550400728597446,0.21859612983770332,0.21989156874871113,0.19529834678969665,0.19613530326594109,0.8927016317016311,0.2555095137420722,0.25520089571337223,0.3878602570541138,0.950154590811164,0.6261527473656539,0.8545000715123794,1.1613199571131103,253.12061835494308,36.59570744882027,60.82976599120431,158.09321776032448,220.1039085371627,7.008755993511942
713,0.33704007633587746,0.34545131578947375,0.29247806004618876,0.6394501121076237,0.28300796178344,0.284889980353635,0.22680717665615124,0.2291713917525775,0.2883602297593,0.28852454853273124,0.2663165094339625,0.2685835073068888,0.6590342639593912,0.3409625,0.3404901898734175,2.091740410313149,1.2078150582345841,0.8363832059130162,0.9806401476332344,1.921286258816345,317.6620084559545,46.841122093610466,66.98924116790295,162.1593750314787,208.30821013078094,6.612477591261268
714,0.25222118226601,0.250460924369748,0.241971369294606,0.76247676056338,0.736808974358975,0.73581883116883,0.06766838331160349,0.06757729384436699,0.42905,0.42965153846153853,0.1029798245614035,0.10217784090909099,0.76945073529412,0.8088692857142851,0.8108950704225351,0.9167557922172817,2.330887130034301,1.2009241022733288,0.4029040187555686,3.4281351849949666,465.9216955769807,32.27747976779938,104.84011261723936,259.0183832217008,390.76696964912117,4.716505063697696
715,0.41740346153846153,0.40973423076923093,0.23296393442622948,0.67587356321839,0.335549,0.33363596491228054,0.1554537900874635,0.1602272594752185,0.293481632653061,0.299812951807229,0.1427689655172415,0.1416616915422885,0.8012479729729751,0.40175381679389305,0.40362100000000006,0.5420585183908441,3.366560714359468,0.7600047221156119,0.5374001639915711,1.407318242765498,322.5537540856749,34.53413839451969,76.00523415021598,191.63088407367468,253.90794384293258,5.907705053687096
716,0.13021417682926822,0.129423929098966,0.1396815033350435,0.4289403815580275,0.1974626569729015,0.1958995,0.04446992578529525,0.04375670003228925,0.21218545683151724,0.2125145,0.0444531847663395,0.043446395170889246,0.37808497375328,0.22337359324758851,0.223015994741455,0.4711182763735087,1.0278429682574288,1.1487675306087812,0.19829136752262402,0.9071805214144469,255.71749429218468,25.434762937948108,63.083251006901264,172.3485649563372,246.79997586645186,4.410621477290988
717,0.38704924242424243,0.38740757575757573,0.36663565062388487,0.5800151515151515,0.43893055555555455,0.44608869179600913,0.26305737704918025,0.2644742101869761,0.337479603729603,0.3454793650793636,0.251673308426733,0.24482900432900423,0.7864279379157424,0.5296056014692364,0.5287440559440545,1.610473878427351,1.3776211308789654,0.9655732626464144,0.8029247630722715,5.225246385934407,364.0212513732188,40.77207607527574,86.98405246391441,168.0752340083321,239.28805832948652,6.861175466893298
718,0.3584238194238189,0.3568560653676946,0.35884011722565945,0.6268765356265351,0.36557078507078383,0.374708563985673,0.3287487908961595,0.3238529601029595,0.31457101218865946,0.31758505564387834,0.25800837120306136,0.26185292792792786,0.7404337837837838,0.383486126126127,0.3821505791505784,0.5884795981818616,1.0279893517729883,1.3046664183124468,0.7645371997677565,1.5826725391400445,312.7531727423539,41.835154155017555,60.89068924051684,183.57643920525507,280.7894325185869,7.017224246787058
719,0.34668511904761873,0.34673901808785496,0.31674657960199,0.41615857605177997,0.3113603286384975,0.3113555882352938,0.31015176322418125,0.3182891498881438,0.27454853219697,0.27628907678245,0.24621602182539623,0.2488608834244075,0.7657281626506025,0.3230965909090912,0.32397191011236,0.4397977602840413,1.0137161815152198,0.6068521982012683,0.8611471259325798,1.7384700302025333,263.15838331356645,41.00247751921415,56.13456014543772,154.6475919894874,227.11960191372782,7.582837133668363
720,0.2156581089542893,0.23297085610200366,0.26606750173973565,0.9939852045256733,0.3535236363636367,0.3488699259259267,0.10250240045184966,0.10269148652255133,0.3121119241192413,0.3090892316999397,0.08902467411545632,0.08962002303389267,0.7407777777777765,0.3671719197707733,0.36777175025588665,0.5548464863799556,1.4054370760039807,0.8816241082459583,0.4407685437546011,1.4237057320163353,333.5031292711695,39.92173199852308,86.89972261587779,189.92385982225338,265.64103706429404,5.2057284240921335
721,0.22489982803095399,0.222416411042945,0.198080252825129,0.433213114754098,0.262407068395627,0.257983001565645,0.250355240174673,0.255577317339149,0.26162895569620204,0.263621776504298,0.2591975987994,0.267324107604759,0.593156313993174,0.388905586152636,0.38891250000000005,0.6117737744147447,1.0270541415184942,1.0173460246334083,0.9397188551110252,1.0449316602999414,285.6272738426924,70.84438111633062,85.81774309277534,167.02543944120407,251.03362277150154,8.75880941748619
722,0.2761049382716046,0.2825038038884192,0.2389523463957423,0.7679718202589493,0.3228837731611454,0.31300521978022,0.12441590214067308,0.12444924382548153,0.2647898746620792,0.2611082138200785,0.12366495011264922,0.12275010175010154,0.7779817813765154,0.32687482259438,0.3285759222190446,0.5208097208134073,4.527894777605365,0.7272977035766032,0.5077182511491698,1.4670320192053101,286.169910731797,29.04835228736584,69.27304113140472,172.421527811541,231.48678458080843,5.906847162315478
723,0.40276019690576664,0.39412528216704334,0.23161775362318834,0.6504249084249083,0.28263556851312,0.27764409221902,0.04379156564543383,0.04373396210383216,0.2829875062468767,0.27951522309711335,0.04332685385169183,0.04331610486891383,0.7994174382716052,0.36313700838169,0.37388728522336834,0.3038648641112965,1.136019027744852,0.9718048377807428,0.1994053700611023,1.0811702254128355,268.0193594036003,31.11065598204732,75.71390209098656,210.5616615153849,232.54266319175562,4.616267203042905
724,0.39114114114114107,0.39201902587519,0.2707966056748878,0.6385673494723778,0.2696057692307689,0.2705579146025011,0.23946224677716443,0.24168193563542445,0.24346594982078892,0.23955236139630445,0.20876779230210554,0.20571693596648666,0.8752601410934745,0.2843344389165289,0.28206353135313555,0.39594750304893955,1.1584388069472982,0.7770111411170093,0.8766798143228444,1.8313944666417497,254.36123833060265,40.114901235534084,61.53696320123143,165.41423069106207,229.88767984012762,6.537312745220131
725,0.35259596577017127,0.35619550492610874,0.2756523210831725,0.5399562737642588,0.2704157303370788,0.27099793814433,0.25322300000000003,0.2538517676767675,0.242781137184115,0.24166761904761877,0.2283129340277775,0.230204527559055,0.6273738789237662,0.30412146226415127,0.30995806623931627,0.4991310573101939,0.9868682155203496,0.6074026483069506,0.7974225882136495,1.1421386251610404,267.9361874470487,38.47209445666522,54.17630891315639,133.54596740100533,180.26759498752654,7.865976658649743
726,0.39106268115942,0.39193111111111,0.33517156862745,0.38570936329587996,0.3237048048048046,0.3258378787878787,0.319537837837838,0.328967261904762,0.26341119592875334,0.271677,0.263267391304348,0.2622851598173517,0.7270748299319734,0.3094555555555557,0.31282373333333335,0.5562664625059847,0.8674737703469303,0.6085668598894957,0.7973345584345252,1.401370738791265,254.34044112140933,38.99919412409266,52.378575007120766,149.03088953966895,221.90986666828394,8.137280431886515
727,0.3252015151515153,0.32338564593301466,0.19348821034775202,0.67002372881356,0.34662702702702664,0.34119244663382603,0.15418419654714466,0.15485010101010133,0.30050851370851395,0.2995885416666667,0.13258113948919464,0.13539224283305198,0.6467035714285713,0.43262666666666666,0.437969348659004,0.49525979261467035,4.156161861620318,0.9640851645255657,0.5642113709987852,4.7491761656645695,324.46171157062054,36.19431207577387,87.60992903262377,214.4652201483647,279.68242143591243,4.831600623826186
728,0.13724436441243157,0.13180199851961513,0.16052533577533573,0.48890147783251287,0.22258145722472428,0.2282349021241143,0.07028962650528757,0.07032029939347015,0.22850746268656713,0.22962709497206715,0.074797066194899,0.07442370555208985,0.52452615694165,0.29725258799171855,0.29150405268490426,0.36199928031973794,1.0847586619051501,0.7388215042410831,0.30767532476212817,6.829838466731646,240.5688033572265,26.478305725114687,64.68015323792186,169.70134872410978,215.94646386802197,4.5942142605781555
729,0.37222061855669997,0.37606339869281,0.3525737654321,0.44755114155250997,0.36065769230769334,0.3631617543859634,0.322346105919003,0.3188245098039217,0.29063333333333335,0.281899173553719,0.24960939597315435,0.24776161616161635,0.6877672955974833,0.3519840840840834,0.3458166666666667,0.5739657389175618,0.909432593483219,0.5651910738684386,0.7548073444245079,1.264543163191812,260.3392008071144,41.009646374732256,60.71353952089945,155.04484375317892,229.89583124096194,7.3809401753048105
730,0.22100976958525345,0.2226852878464817,0.2661140350877194,0.8691003861003856,0.5308341013824887,0.5149268170426057,0.0926383116883117,0.09329247049247057,0.4165229323308257,0.4130638888888886,0.08575408970976257,0.10175273368606715,0.9202436507936516,0.6439936507936515,0.6523958333333343,0.962274347406891,2.7498879775689207,1.059590207571156,0.3135784368466031,3.062275743547586,444.5431594337736,28.69659968252693,104.21061821814094,238.8574994568314,347.1502661705017,4.985020495951176
731,0.28559565839694656,0.286590234375,0.3378731060606063,0.47721199324324376,0.3256394230769219,0.3271585286458344,0.31361894132653123,0.31570902122641564,0.2442180503731344,0.24591161380597,0.23133787751677842,0.2316065625,0.6405214120370375,0.28756332964601783,0.29383784448818906,0.6135514472463709,0.8397526239564255,1.3373730672660185,0.698301978293372,1.5461577382813858,270.0127603020519,35.555056820157915,53.10516644385643,155.46953145531006,254.31287140236236,8.037834777496755
732,0.3956499266862161,0.4027116935483871,0.3196177076183938,0.42984983314794195,0.3232909550917129,0.3217838143746465,0.291165627541339,0.29144227504244485,0.2642051167964407,0.2680396615547329,0.2424684798650642,0.24411892152142514,0.7812315412186387,0.3264851116625322,0.322662289466171,0.501794654062002,0.9350087148367708,0.557769919487215,0.7487028141758824,1.901099499680972,274.58214561545077,35.28639358738738,59.15868772013533,154.2044180114904,224.62375552183198,7.251557713795092
733,0.3813105053191488,0.38643823099415253,0.35320894607843123,0.7571426701570675,0.3312225467289725,0.3316037371134025,0.25660606796116503,0.25292745746691875,0.2628722477064225,0.2626837084148725,0.20282871835443,0.20160870398772998,1.0060681818181811,0.34081266666666626,0.34145050125313253,0.41645510648138384,1.2958803548283664,0.5633708466809076,0.8623501227602524,6.507078730784322,296.4138053357601,41.56555514782667,65.88162505067885,161.51824675034732,211.01928723510355,7.5065880082547665
734,0.2564644766997714,0.24830324675324716,0.20542482611022003,0.27385363219011577,0.571835016835017,0.5658208063713286,0.055414240931482284,0.05568013486323342,0.3772222625090643,0.3739535633666557,0.054809252938945716,0.054431319577064576,0.42953769262807145,0.7757281105990785,0.7784892473118286,1.072101779535639,2.262074946949025,1.6195337696535612,0.19085747897688507,3.1180480130071664,495.9709376895002,34.66090253953423,128.48395521619491,256.00834217454707,499.3954872978585,4.849100618490151
735,0.3924940476190475,0.39446133633633623,0.3670503875968991,0.589677215189875,0.5397540760869584,0.5401111111111124,0.3351890547263679,0.3382751937984496,0.5011193820224709,0.5006263020833334,0.2518649122807017,0.253075940860215,0.8840132978723417,0.7821337719298249,0.7806024590163917,2.6555926848492484,1.5838404144381837,0.6033012700710783,0.8817164961247744,5.145253283712393,470.4918683273718,49.9066945243006,124.06467576511204,196.75376145945242,242.41156449231008,6.213145873819788
736,0.3535342592592592,0.3532004166666667,0.2292861394557825,0.5451166666666666,0.3051192129629629,0.30492957746478877,0.26069626593806916,0.2660114522417154,0.27722733918128667,0.2697214209401709,0.23614354066985624,0.23085540429042917,0.7391902777777792,0.34046843434343416,0.346575940860215,1.161969873309988,1.5082336399047527,0.854499504524612,0.9180151047143479,5.277845360208436,273.78987094076973,40.66595671853671,63.73304252823194,176.34022806305438,260.00655780080706,6.2521246339504915
737,0.30069451622164883,0.30160261627906976,0.3575370542635651,0.6096543927648582,0.5432539534883721,0.5372447145877371,0.38559011627906975,0.3807398045163465,0.4101284982262512,0.420660881638321,0.26779509043927674,0.26767464886023484,0.7184744186046512,0.5902144072603511,0.5927374677002581,1.5731420130673235,1.2188255601554276,1.4778324085966008,0.8375495158732218,3.6666134789157194,402.30709019788475,44.553704169947046,98.16697430472041,202.50498187230076,361.9317355197529,6.832916094639967
738,0.5161065891472866,0.5230382751937983,0.22781277926720248,0.6015165562913908,0.5381195652173917,0.5425847457627117,0.18933022660818752,0.1860129751461992,0.4870096339113683,0.4900004528985508,0.10922844444444417,0.10567510084341751,0.6431728187919467,0.5104876543209875,0.5061031307550642,0.6435051620278647,1.4148504151754402,0.9736380803993883,0.4127930820052783,3.10942535347934,316.6755933004121,28.962896127874654,83.11208415155609,232.5826557353139,338.2106680267801,5.475224073355396
739,0.446986307053942,0.449589121338912,0.234155275229358,0.514519642857143,0.30652463343108505,0.30861018766756,0.197913184931507,0.197651145038168,0.28601722222222203,0.286430640668524,0.174120060790274,0.177298003072197,0.744882802547771,0.327686440677966,0.329967801857585,0.502573838590446,1.1676991707424222,0.6567238715842992,0.7851285748985799,3.937610580294387,312.9684133455157,37.52156626433134,66.47997768595815,167.0828927308321,220.65413184463978,6.575880106538534
740,0.35674154589371954,0.3619736279401283,0.26564753297508475,0.49959043478260867,0.3500093645484957,0.35188819875776306,0.26548512585812395,0.2615919384057978,0.3128617527173913,0.3112483695652174,0.23451395881006953,0.2351998149861239,0.7611949025487261,0.39779624170965433,0.39620846273291954,0.5932151460502221,1.1504557452682846,0.6699998172555278,0.7169659665377546,1.6547671996931281,311.8838512581652,40.87560506456572,73.5146130192215,184.77211200186738,255.18106084074014,6.660085130968819
741,0.189949177631579,0.198748280605227,0.19678472755180348,0.8211007352941174,0.24226003568242652,0.24222676496872203,0.05493960306266375,0.053874090909091,0.2811980901077375,0.27984700093720755,0.054164646996838754,0.054315424528302,0.5112793814433,0.3719577312138725,0.3748667808219175,0.35953437967819907,1.2527049409317257,0.7078320644888176,0.19933186918097465,1.0063160176356793,295.55236105807126,30.773907201364633,75.34633623436093,198.27299402095377,250.459456583485,4.520901711657643
742,0.4344634331186069,0.4359110259684965,0.3932122605364,0.5698003885381242,0.34417092746730066,0.34469337390128446,0.3279632613599741,0.32991107078039933,0.2668635363169479,0.2648693031106824,0.24955368834570069,0.2527050623624359,0.7911974306964172,0.3115381048971314,0.31617068965517237,0.5098111983493867,0.8454803865971112,0.5397137984582236,0.7409544326857014,1.3399189649826557,256.784416831516,34.35664392750839,48.90826611040995,144.73628975322535,236.0421216821876,7.997621011374326
743,0.294510900230828,0.291885792349727,0.28399307958477504,0.987068669527897,0.36740204778157,0.368674608819346,0.214857781753131,0.215286562731997,0.335814612166077,0.332790835411471,0.179596538396908,0.179271262587142,0.7756837209302331,0.447541488118426,0.44482317336792,0.8368287925203151,2.1721932585330284,0.9518341201767289,0.9269969867849839,1.4422853477176552,349.61646888405085,37.51530312001705,69.24404297024012,233.39157924056053,271.76288422197104,5.526700988411903
744,0.41706356968215164,0.4143208722741433,0.472548387096775,0.7818988842398884,0.4691368092691617,0.4607116755793233,0.3315690352397467,0.33384674657534164,0.3254165280088734,0.31526822481914335,0.23278158689090167,0.23453667481662668,0.6120824561403501,0.4641105807478117,0.4766233705772816,0.9987193319227096,1.3675306699703846,0.8366833135845703,0.7214131569910465,1.9426002291744526,336.2024513383706,36.74363251775503,77.12404088427623,189.50564553961158,320.11348521336913,8.126484074940285
745,0.2567941764836627,0.25714378937893817,0.17410160427807453,0.8030039525691699,0.3234106388967073,0.32734890965732094,0.21069035931670907,0.2090181818181818,0.31566712441636907,0.3124246906939218,0.21218126045733363,0.21299815600221272,0.6115361305361309,0.42779508797653903,0.4281422018348628,0.5548119405242345,1.1971630087787821,0.7009415974223034,0.8800785723051834,1.6382393567742712,350.5290253087878,38.92646213485436,78.07265924797817,218.16994148221883,291.33463447744197,6.01597341962836
746,0.4349797555385792,0.43983307868601945,0.2390589569161,0.5326162113748325,0.37567732267732334,0.38064082792207793,0.31020688613711817,0.3135460317460312,0.3128893152302247,0.3136544913419909,0.2481492367281844,0.2490296536796532,0.7696507177033494,0.4164051226551221,0.4142067099567104,1.1188112720418326,1.088750773050917,0.8633710135560475,0.7712018617204593,3.0642241738337157,327.4979686679004,40.30102319628387,72.02084472572261,187.48659610312868,285.71438334591977,7.624168843998538
747,0.29767708333333337,0.32296734234234165,0.186294774774775,0.8273836879432617,0.3644181818181817,0.36595794966237,0.06038131879876033,0.061410915408578994,0.3695395590142667,0.36585112563544,0.05375028074115667,0.055107361385672675,0.6640277777777783,0.34507226562500004,0.34051893939394,0.4201107587837423,1.4444657128998835,0.722743812452389,0.20166613121899835,1.260081063219721,312.53478955477476,38.14211037630836,73.46321751053135,195.2397869899869,270.86866709093255,4.440398576358954
748,0.3070886752136754,0.3057294871794869,0.3493159669016238,0.6038428334255669,0.39081995297279154,0.39259829059829077,0.22071852277076154,0.22084135814310382,0.3131879758466792,0.3148664680390031,0.2144402969684469,0.21617879417879388,0.7016270200387845,0.42815635451505,0.4307329881656808,0.5039584248487586,1.1498538874098447,0.9354334994303124,0.7844424452298374,1.7313578492795043,330.2058921410487,37.094313078201736,71.83882586944561,196.80127465667633,356.2641150962848,6.416776719001623
749,0.4458986915887839,0.448601684210528,0.3727296551724136,0.410030085470084,0.3148883076923076,0.3231968503937008,0.3150545454545456,0.3121654794520548,0.277975403726708,0.2789428571428572,0.2780723255813952,0.2797267567567568,0.835159166666668,0.3303212,0.335039375,0.3703810380235275,0.828713481312572,0.632079253581787,0.7680406501778831,1.286938641358605,266.7156895622611,38.39012794196606,50.87242182344198,161.77219711244103,184.59444120526314,8.097412064671516
750,0.22635264756944448,0.22721093044263777,0.30388001145475385,0.6400155555555557,0.6709099415204666,0.6801412529550833,0.40948287671232886,0.4179917027417028,0.5016421697287838,0.4998674540682416,0.23276949891067555,0.23182367149758443,0.7335021097046388,0.9417450980392166,0.9454301075268832,1.0697884100324662,1.7621998790097837,0.5290141043030332,0.877532625045649,5.487759052343155,561.1401284113526,33.050192157841394,136.87859108257624,276.2611735508674,507.5547895911667,4.695511112610499
751,0.36828233276157796,0.357758813263526,0.516162863534676,0.63897507788162,0.25985754119138205,0.26189873096446603,0.262658769931662,0.2607036407767,0.20537527638190997,0.205927256637168,0.20631377245509,0.20961369047619,0.625351906158358,0.255961633663366,0.25722590286425995,0.5863095895550353,0.7786193992560533,0.6899970987813739,0.7487882867661867,1.5840420336099301,244.6122234687209,36.08771599829197,46.94999195635319,130.34458737820387,197.19752948731184,7.9279812052845955
752,0.3195586626139814,0.31248853615520283,0.33630566801619427,0.4268399401645472,0.35689348058425424,0.35699253034547146,0.23738497748669715,0.23584659635666286,0.33061679079214573,0.33085987841945286,0.22302284216438856,0.22287101669195716,0.6339493454752415,0.47770791628753434,0.47595293627655144,0.48233840287656093,1.0748346351471105,0.8714715011031461,0.7834841733791186,1.5245502953877215,335.76765563338995,40.8730868782316,82.6837561492409,175.57112899209773,211.92252835524934,7.12000099675996
753,0.3975189393939394,0.39573528387321516,0.3049444891391788,0.4465125906956878,0.3638561371288636,0.36269545454545454,0.3086430303030303,0.30701435406698485,0.2691742424242425,0.2691415182755388,0.2187825910107788,0.21730042143287182,0.746536501377409,0.32465845369583635,0.3238967896789667,0.42165469691083723,0.9374328870114137,0.5650647166253828,0.6978181881258925,1.475586598480403,268.9587911873153,36.791719101143606,55.49842802186807,154.95800568411747,216.91237731526294,7.342472390243501
754,0.31791515700483125,0.319793221393035,0.43027678571428624,0.79515964673913,0.5195852941176474,0.5234586431226763,0.23509914495113998,0.23389356884058,0.44454852484472,0.4428331967213112,0.183168758256275,0.1829181719653175,0.6429247787610625,0.6088947704081638,0.6164887971698112,0.8005034103813784,6.5226174252268185,0.6770842865283746,0.6487220162963163,1.8592691778600328,601.7538631567731,91.29545360337943,200.81391267012805,548.0874853674322,775.0983815640211,7.078738417476416
755,0.32815571428571405,0.32961114285714194,0.27351918918919,0.677263529411764,0.547004761904762,0.546948947368422,0.208199633027522,0.20505168141593,0.454045106382978,0.46667224489796,0.15308719999999998,0.1528132,0.8036664285714279,0.7295351724137941,0.7268831250000001,1.7196233358147375,1.7606056008359807,1.2412935118027038,0.5187472382969524,5.787552299052278,487.1847238391638,33.43107085675001,107.94639959931374,263.090583961457,381.38794945552945,5.1414938643574715
756,0.30857082115333584,0.31222231337161693,0.36781167675329246,0.7125357142857152,0.4521392632524717,0.4503622641509434,0.35558490566037737,0.3591522911051208,0.35309373097991503,0.34155452510393397,0.23933325755853585,0.2388881730326736,0.6503679245283018,0.48994450610432827,0.4894891509433962,0.7493023666002271,1.1317091238192543,1.3944118094646845,0.8063746672597797,4.482502890806469,480.07994037964994,84.18934226457803,79.89080007767902,196.25553263808197,289.0947266077658,6.8995794105642245
757,0.37755709342560584,0.37623227752639415,0.30637114845938235,0.485124127617147,0.34953153426319117,0.348690669371197,0.2381193158114309,0.23739508340649706,0.2887115089514068,0.28904302832244,0.20059988901220852,0.20080813264903266,0.7421366013071883,0.3886952804377559,0.3882681888544882,0.5862366823363201,2.3200718864948624,1.3207240204564805,0.6249926947900262,1.6185164716466118,300.4812573849717,34.303911824655884,65.67879771704183,176.62498456261613,272.86941870389614,6.938717492363033
758,0.6512931654676267,0.6596327586206899,0.30620849673202666,0.72942372881356,0.37290652173913,0.37121992110453667,0.3069878499735867,0.31033637873754166,0.3278577777777783,0.3301298377028717,0.26379371165644167,0.26349699074074,0.7486889400921667,0.33142007797270995,0.33017014492753666,0.4442093199455013,1.1532273230429122,0.8287349169533789,0.9585836419682497,1.317186432215116,298.1442337234815,47.80627399062117,70.87481208145618,202.9669975551466,297.2542851542433,6.324646528810263
759,0.5089539007092209,0.5118083333333333,0.2716897590361446,0.6656307692307709,0.48210720973782917,0.47989814814814996,0.3516835171568629,0.3489078638497654,0.42645471014492914,0.4153091269841271,0.29268225971370126,0.28935024509803914,0.6951666666666667,0.3886735474006117,0.388964015151515,1.306236923756443,1.8985211892334668,0.8114334020620881,0.6522763903606749,5.406414415070809,292.2633788936461,33.8098364106069,65.38676000976314,171.29461630247533,295.887093913431,7.504033662068347
760,0.43036263736263713,0.4312165062916357,0.20639133548156072,0.4646292947558771,0.6701428571428572,0.6679412136536029,0.17479873244261715,0.17415851063829785,0.57441015625,0.5742068783068787,0.21757428571428572,0.21929561904761927,1.0829063706563715,0.8060448979591858,0.80292236024845,0.8803339023517384,1.8695933963355604,0.7705005291873082,0.7641655416937796,3.3097277985278972,474.6385168151132,32.7860437599676,128.58541449531913,302.063171485705,481.48114001378417,4.633886939180749
761,0.37752569444444334,0.3813538461538466,0.3327095652173913,0.37718095238095334,0.31903333333333334,0.3181966666666666,0.33657744107744,0.2831853333333333,0.2615565947242207,0.26159130434782596,0.24123212121212134,0.240109090909091,0.7182499999999999,0.3221064220183487,0.3200927672955974,0.5917861652062492,0.9426432355974044,0.5473503073881417,0.8225088195791915,1.3531944747009808,280.2285032036404,37.42049215361476,56.180921383202076,156.15811726699272,225.41797254234552,7.64652310560147
762,0.35848950819672204,0.35911066666666597,0.34084819672131206,0.601548333333334,0.47564897959183594,0.474431904761904,0.338544262295082,0.338157464788732,0.35902317460317407,0.3584496875,0.24288893617021198,0.24169957894736802,0.7452862068965521,0.552823428571428,0.55359,2.0619223836913907,1.209826445207086,0.6156373178337,0.8098297917939794,3.70032570153905,402.511203661561,35.20373580977321,88.10934145003557,220.29238566756248,339.2043556086719,6.644051987677813
763,0.4286950991395424,0.429078563411897,0.2908958492487903,0.4952640692640697,0.5131845318860242,0.5125913547237091,0.2234496891996891,0.2234615543186973,0.3995083778966121,0.40272386789240605,0.21291740576496668,0.2132560606060606,0.7618169191919182,0.6302601486563758,0.6327777777777788,0.8015089843683105,1.3804507758905364,0.600739998640838,0.5872869169264436,5.290092178481733,402.2780537718173,40.66681545792204,90.07088162682273,190.487089143558,361.74674574850184,6.544469347731634
764,0.25135385626643286,0.2521226993865032,0.3080725900116143,0.7029842032967036,0.47719805194805354,0.47809210526315715,0.2074550040355125,0.20821701795472286,0.3937853535353536,0.39398379629629643,0.20534206748025857,0.20678896103896108,0.7628494397759108,0.7474079670329677,0.7451885714285714,0.9601864489855735,1.6284070121686434,1.1806173917083727,0.7789684246418698,2.7456030367042006,472.1285426057875,31.771411886438727,111.74535777951989,250.4219558821725,438.1665012000927,5.4186684012945205
765,0.4146796875,0.41436718749999996,0.3045175324675318,0.5933889462809909,0.4553484848484841,0.45380703259005223,0.23206344696969772,0.23093070409982272,0.33213170163170225,0.33198515151515223,0.2141397637795275,0.21372746865203773,0.8471363636363637,0.5212973887814318,0.5225358585858592,1.067288335983327,1.9205927438448214,1.0488228264730124,0.7519326490388599,4.248272015309111,354.6913635959341,32.15986441566863,82.94741115109487,174.7084919109263,281.56740485097873,6.446241274137389
766,0.38568088235294123,0.39265162037037,0.2950883097165988,0.473814273049645,0.2923767712550613,0.29707108433734875,0.21833251633986875,0.21321396396396375,0.2652604166666662,0.2631536921708188,0.226425462249615,0.22616906631762626,1.0059337121212124,0.31361523929470997,0.31696585903083746,0.38966998989491164,1.3576146412514294,0.7467359452224124,0.8349721749475869,1.2930665492591358,294.41956721711904,46.94355302490294,64.18921984732151,158.1141259521246,206.39402500819415,7.172112236730754
767,0.1592528735632185,0.15859586776859516,0.27026907001044936,0.6682995997712969,0.4489802371541515,0.4484148527528818,0.3060360205831909,0.29710703363914365,0.33520759317310905,0.33475461133069695,0.20814988814317667,0.2098516537928303,0.5764710743801668,0.48455757575757574,0.48223186409549995,0.9897175254769124,1.1429506124802233,1.3180851136106604,0.6616607159974449,2.398933214914622,341.2477587434378,33.75471146269278,82.00398491074641,202.84549700039807,354.6536603773182,6.4140249213034455
768,0.128690855457227,0.126699568311749,0.13978787465940098,0.34512894560107504,0.271161637426901,0.270187391412261,0.0440656604647572,0.0439669481405664,0.237946863929985,0.238506405933918,0.043684812930751604,0.0435186140657247,0.531093677895708,0.240012729549249,0.24027742749054198,0.25956857201709954,1.021267957125998,0.7883119621391924,0.20076269120680246,20.669367174723206,217.9393544793129,20.081852562725544,78.8586214184761,165.00861383974552,206.39360882341862,4.683388397097588
769,0.29725874125874036,0.3014213017751481,0.30893656716417883,0.7374945913461539,0.5155913461538462,0.45299456521739045,0.2613496055226827,0.2598743131868134,0.34812229567307695,0.3481180889423077,0.2307975,0.23113799661876538,0.7465875331564982,0.5493495192307691,0.5480806623931616,0.9348216964810179,2.5111017027988534,1.1144499791403872,0.7490807570807834,1.8556442071724315,375.3668373414817,32.64020241868611,81.12091723328027,198.9305847718452,467.18945690932185,6.699049845337868
770,0.07685077802899301,0.077878241878242,0.1395695168166745,0.326990797546012,0.352774183976261,0.351156,0.0444760653584038,0.04401413302711775,0.31728536048431505,0.31129329004329,0.04370350465521155,0.0429943093059585,0.3459019024970275,0.39672685185185197,0.39637025561580147,0.6066556314949034,1.6884511477732058,0.5586054291782037,0.20001479230776528,1.6329033024669344,166.81767301633954,25.796727277338505,70.6865917891264,188.14635695889592,265.9462974406779,6.070500239729881
771,0.24825590909091003,0.24828962962963,0.272706666666666,0.5664023529411759,0.45837449999999996,0.45594170212765994,0.181387,0.18081019999999998,0.352801538461538,0.348819076923076,0.1448645205479452,0.14528575342465758,0.923254782608696,0.560503783783784,0.55177641025641,1.266295705622219,1.9264907256299975,1.4221166493075197,0.44174413215845376,2.2651436243846654,366.25988921150565,35.03603581339121,84.31725250557065,202.70193088799715,313.8324082829058,6.077382247895002
772,0.20872574703233748,0.2085875408645115,0.1929668695064235,0.340589522546419,0.2425860675225865,0.241296138211382,0.246827067669173,0.241016842105263,0.208552906976744,0.2036022333461685,0.2064688132847305,0.205327153762268,0.874266718507,0.25624870062370053,0.2568075033497095,0.3360124828858426,0.9146681863372422,0.9599660157869012,0.8464560618561123,2.239960797734917,263.4085947647691,42.212847620248795,52.10585659369826,146.46914787590504,173.82920486852527,8.036999497562647
773,0.269468925233644,0.278492533333334,0.275610844892812,0.798169824561404,0.35417487091222,0.35844813664596203,0.247359075144508,0.249439055793992,0.314243076923076,0.314802627737226,0.23864140786749402,0.23754456140350802,0.813481124497992,0.435114285714286,0.43460041322313997,0.6119216763205056,1.5503952740167193,0.7786385501928291,1.0372058152459729,1.6380915428572826,337.9765246063471,42.862361297011375,76.86636410653591,208.75127520412207,273.59097730368376,6.294744089245796
774,0.3825125,0.3839457671957679,0.3512142857142857,0.41623142857142853,0.33277892561983463,0.3333194600674914,0.32324628571428576,0.32910467980295577,0.24660058770343568,0.24764464285714285,0.23937579617834395,0.2400870681605975,0.70246091644205,0.3012564102564103,0.2974282857142857,0.9238074696928983,0.8097502910696939,0.5989318881661108,0.7141836259259433,1.4529116287648132,260.0645596560623,36.88455575944057,50.44765005420361,148.5017527426992,218.87271515359836,8.581500566963639
775,0.3687623456790125,0.36969209039547996,0.32542401129943505,0.555402215799615,0.2947676504629633,0.29547041259500584,0.2566133633633633,0.25577625570776247,0.2822993737957608,0.28299239956568917,0.24287353433835832,0.24320904356060583,0.86611,0.31636892935982336,0.31603374413145496,0.4022022022829889,1.0235250912811746,0.7103679199289786,0.8818619732523542,1.4658059402227819,270.8515094127506,41.61481435100238,63.98206654315194,220.67867297058305,237.05172546518347,7.481898258750637
776,0.21479006141820223,0.21902274557165852,0.31059937402190924,0.5863692307692295,0.4688129858253333,0.4663019943019926,0.4253279234290481,0.4232714736012593,0.27993076736867595,0.27779540229885075,0.2240196693869011,0.22399362139917703,0.7215240054869666,0.3699287136598967,0.369967363403007,0.69443066897191,1.0399040785456277,0.6155686985508003,0.685779501711797,3.232943393814308,293.2759053591225,36.13190880666176,62.07719755669435,171.82681174879824,277.14703594230946,6.4748408341849295
777,0.22925532840365367,0.22754884370015943,0.3138736263736263,0.7379039829303,0.4344707130730053,0.4362505720823789,0.2358008849557521,0.23516790870982762,0.4008301754385974,0.4090897129186605,0.19745046439628475,0.19671362229102157,0.6853125,0.5932552631578947,0.5889912280701763,2.2683515396831084,2.5497107518019777,1.0983593546577404,0.7047657243213639,2.3433867900552072,425.886150179921,40.442433428803554,104.78472288109754,253.5748130053674,316.4791575583972,5.287215677335074
778,0.3661084605597967,0.3726078028747433,0.4180291757840983,0.665087209302325,0.258,0.2566743139901033,0.2588648388648383,0.257432569974555,0.20893469887955166,0.2091534476598783,0.20773725010200003,0.20691968680089498,0.6046487455197133,0.26632939632546,0.26608345120226334,0.5681723827525399,1.4851679464090297,0.8667397691341919,0.6920820519819061,1.6173308052845385,245.81874798362455,37.96932675565282,50.588829132417835,141.97984710335732,211.46496292203665,8.512734590719143
779,0.2680094587493432,0.26448171368861045,0.2722913108990459,0.6907437417654818,0.47034643734643633,0.47461263073209997,0.24303212755830544,0.24322569756975684,0.44722153972153955,0.44805573122529635,0.23229082292115455,0.2289241762604209,0.71994255050505,0.6783546650717681,0.6807279411764727,1.3285945585606507,1.6674002689066618,1.1992935371076394,0.7796593010611127,4.880058824812893,464.9225685914809,36.602317016910426,105.64536787569523,250.66905866631052,357.60188898579645,5.580131387846037
780,0.45132557077625596,0.44841788990825693,0.281739673913044,0.753433576642336,0.285020347394541,0.28241416893732996,0.235939351851852,0.236305210420842,0.288947875354108,0.292498076923077,0.24056116279069797,0.240322429906542,0.984493283582089,0.348141496598639,0.34882396449704095,0.6070815949210078,1.147355583242036,0.7164537780306797,0.7249471525623702,3.3705248622442925,308.1255196593702,41.67910199612379,60.338983312249184,165.77046364545822,227.67502814531326,6.993578281253576
781,0.40177326388888873,0.39929082491582496,0.34127414021164043,0.3423770325203254,0.30319833333333335,0.2984683806146571,0.2890389610389608,0.28870583333333333,0.2699988738738737,0.27210844017094,0.27166219397363456,0.2655437616387338,0.848936274509804,0.3126991666666667,0.3104214628297362,0.5040475334462161,0.8227948013796342,1.4177842055155379,0.7625055527374641,1.2179327990926898,258.5227416905885,39.2863032175228,53.045638681699835,149.37341135616103,220.19826768276593,8.053383983982107
782,0.3601425210084028,0.36019268292682854,0.2558095238095237,0.7016382978723399,0.32475968253968285,0.32536346153846285,0.186244122965642,0.186988850174216,0.28324852216748775,0.28247339449541287,0.1678561224489797,0.16811302982731544,0.7506590909090914,0.34565778491171717,0.3450085385878485,,,,0.5959522881931054,,296.9994449189731,32.99933725169727,63.61397116311959,184.0490528515407,250.69387696151222,6.364625213401658
783,0.24813658216783183,0.24805874785591822,0.24306531100478407,0.7074831378299113,0.4539469696969704,0.45196526586620905,0.21078078512396703,0.2100297520661157,0.4160988455988454,0.41495598845598863,0.16556832566168,0.16589477272727274,0.6941410427807477,0.6177278554778545,0.6169862440191386,1.3684566119985122,2.493701762118546,1.0853536064872005,0.5560554942870002,2.046842966966761,412.79908777637917,31.575647881254554,99.69476536339657,224.49862656437537,324.8660587070679,5.689584015106613
784,0.21249769012082428,0.211661807580175,0.2851807524536532,0.6890673963133643,0.47513447971781425,0.47058627087198573,0.22693620974401324,0.22640519480519464,0.453615863787375,0.45527261904761784,0.19995662020905927,0.19980317460317462,0.7842849702380965,0.7451123376623393,0.7493828571428571,2.9920288944587705,1.8194506767255216,1.2897809168559746,0.7528743720904975,6.896618573924404,454.01566977878764,32.88141534929829,110.5438601890845,254.8266784287989,385.69473212451805,4.780610158507313
785,0.4161714285714286,0.4148343629343629,0.32726571428571427,0.4761660714285715,0.3941420849420857,0.39384661654135433,0.28875170670038,0.2886170868347343,0.3158944444444457,0.31728601503759435,0.24787603305785114,0.24739503105590055,0.7132019704433485,0.4906963133640543,0.4899633262260114,0.726130289891277,1.6903652048018942,0.8028840876142056,0.7419926157492198,3.790528258929526,354.83238885977437,39.06818638954844,79.62329446205071,176.10038564141308,257.2808141953179,6.984439678490162
786,0.1342468477836994,0.13125419829767657,0.14109618573797672,0.24737896529699857,0.3348070992144314,0.33402255639097717,0.26126768814781426,0.2548170090778786,0.31207893157262856,0.3233323555294814,0.2483457142857143,0.2552120048019214,0.48093472090823136,0.33224425087108,0.3270074895977814,2.5888504355407065,1.1902455029158965,0.7579674759779225,0.9568807296016614,4.500849144525761,283.8469443044492,50.38222963256495,73.88901098498276,201.9264835066029,284.5661914242165,6.80642801203898
787,0.3611337560386475,0.3633478708791206,0.29553755144032934,0.5588525390625,0.275247853053435,0.27233782327586187,0.21029376971608812,0.20929219242902186,0.25715202702702683,0.2515414186507937,0.20255961538461562,0.20432345890410938,0.757715277777775,0.2920536417322831,0.2913188004032256,1.0044486459597803,1.0230990832645046,0.580283209775022,0.7006240637906475,2.7750148278161912,266.9633598998189,35.63444915926084,57.209581427741796,154.951804142911,215.2031724108383,6.909368676133454
788,0.4265535846267554,0.4206136363636364,0.3867762523191091,0.6091062500000001,0.3152091219360846,0.31505629139072816,0.29061527500712453,0.29076677489177455,0.2655243387419427,0.2653702938475664,0.2387324734761809,0.23935945129039726,0.75470882740448,0.3450935828877009,0.34513881673881636,0.4378377625253942,0.930021252701312,0.5874991143358006,0.7290126573951199,1.473420956790079,265.99987494674593,40.055955336852506,54.23475310883739,157.52916859293526,191.27279943363234,8.372299965809692
789,0.2540214067278286,0.2544608675153238,0.3354159495123357,0.7464682539682548,0.4195009337068167,0.42122281449893334,0.28832567049808333,0.29018907563025237,0.3548920841063691,0.35865651260504283,0.22584094457455117,0.21970441870441856,0.6947356532356525,0.5082429453262786,0.5072762896825405,0.8949416563246343,2.2714671509774895,1.2883515379019144,0.7053820567292218,2.675789689152963,374.04817939248113,51.724256592847055,91.04608269851832,186.46616621741228,274.82152328870836,6.205635699665263
790,0.25616884008236096,0.25989433578867155,0.36321518987341617,0.6779125448028678,0.347618064516129,0.3466702886247871,0.2889209554296971,0.2896718313436626,0.2721014834000471,0.2724044117647058,0.21811381618989645,0.22032105363619,0.7979752916952646,0.34510414746543866,0.3426078629032258,0.7122521197042504,0.9919546783778876,1.2760396922865005,0.6838886236288322,1.4740111484265668,287.7726332254467,38.149541303996116,58.70262506387888,162.75785277567564,243.45334874646318,7.068961408109434
791,0.23343601789709165,0.23295192743764168,0.3284483974358973,0.581935,0.5198109375000001,0.5186014492753633,0.4664445945945933,0.4647316239316233,0.301293215339233,0.3030848484848487,0.24080464646464636,0.24182652582159633,0.7508940000000001,0.36957392739274003,0.37271132686084,1.114989222443127,0.9155396821437592,0.6418031627167486,0.7458701806215251,2.665135412635013,324.4301265416046,35.1652642711997,55.22108403965831,173.83820454900464,326.949223720779,7.2690231415132684
792,0.289942801271083,0.339702945736434,0.191852388797364,0.431565491651206,0.224498362087792,0.225925818667855,0.0448466133912639,0.0449966454733393,0.18750118091639098,0.188050508363398,0.044332010327155,0.0439527969018933,0.822138867339022,0.192135673797769,0.19366479925303498,0.40732368590749474,1.2653634207808657,0.6293440117600599,0.19729789302292697,1.209004664691191,195.03808580338955,30.584819614887234,64.92095999419689,164.8373669013381,207.42008928209543,4.737405106425285
793,0.30722108843537377,0.30639787722317857,0.27144807497467144,0.5405279761904762,0.3400576131687238,0.34072056878306906,0.2487603021978024,0.24853401360544286,0.29044285714285717,0.29297844272844287,0.20223922009748782,0.2012382729211088,0.8237950937950929,0.3592673469387762,0.35738784461152856,0.7569769479417009,1.0710073202506096,0.6272610769781318,0.6359225447125753,2.0802062886389843,291.34070278987997,34.77910788552392,59.08313351461575,174.43636177285086,249.6782590502075,7.123857115705808
794,0.5995493827160501,0.5968558139534887,0.29221700643776877,0.6153403110047849,0.2803353340292275,0.28137794432548124,0.27846258134490254,0.27838875482625497,0.2150231331168825,0.21418785816618874,0.20066887675507,0.20103240030674874,1.2249784482758623,0.2595599376114088,0.2591717267552187,0.4206501843667938,0.8759011354095637,0.6240803939760803,0.741546610634126,1.4178933671257077,242.77479387819767,35.75488808564842,54.28363510873169,160.60002089943737,203.9455051999539,7.072839071042836
795,0.1340119540229885,0.1292241813602015,0.13875530120481924,0.2406723063223508,0.310269649334945,0.3121560803474475,0.09037823926162575,0.09051257123700975,0.26736650992685496,0.27036295603367755,0.1388726439790575,0.13959429400386852,0.39977857142857254,0.28627913346613504,0.28600664893617,0.4178151226001001,1.2400224090843857,0.6115980453825298,0.5593175379690061,2.6673463964673574,316.2540029734373,25.365391047671437,82.66376098617911,244.19632391072813,276.8244536127895,4.780502058565617
796,0.392236235119048,0.4035432389937104,0.3015250527426167,0.5432748983739834,0.4052199519230771,0.4092212121212125,0.1936925675675675,0.19450113636363645,0.3435144927536229,0.3429432123655917,0.17501157407407394,0.17718354622871038,0.7739905913978499,0.5832225877192979,0.5815223577235771,1.2389124262549709,2.2828059314189733,0.9287875056653813,0.5462228891503016,1.7621773217860877,389.1404310707003,33.16619695397094,83.39362636130924,198.3114164128589,321.3909794188415,6.603208021260798
797,0.318154164368451,0.31678053830227754,0.351823027718551,0.5827064364207225,0.42238205980066523,0.42308963585434084,0.2548001794124245,0.2543651070184163,0.32017223252937554,0.3199768504416694,0.1943208712056251,0.1944191800614051,0.8581375661375653,0.4859323979591837,0.48438897959183674,0.700951351156757,2.2268196538892253,0.8100895863592389,0.6434648762456883,1.927937638894599,355.84284781421326,33.45604957442502,81.64539562576279,195.9725753499233,304.59769602332796,6.953848772967349
798,0.35382517688679255,0.35741165413533876,0.25660371819960875,0.5758668367346937,0.3179108880778588,0.3232184709821425,0.20426163610719375,0.19939405487804876,0.29903658536585376,0.291121676891615,0.18912062937062876,0.19075506512301,0.62742875,0.36654538904899125,0.3674104046242775,0.45529056289680225,1.226304637462901,0.6374977547575752,0.7241516982986385,1.3416292185271075,308.3693503867835,37.96982346102595,60.77918806113303,166.0306879784912,257.40808341652155,6.768450839444995
799,0.28733175473579253,0.280748004257584,0.2838021006080705,0.817736464968155,0.284911111111111,0.284598194748359,0.283787185354691,0.2869416707859615,0.27874600870827304,0.2775761930585685,0.27837601515971855,0.2779779489904355,0.9878681034482749,0.3434088182363525,0.344022686567164,4.234678845465012,1.037848632526878,0.8276172006480598,0.9521168389506863,1.686394315456781,293.5883938334882,53.82484523579478,66.5958970785141,165.6109350733459,231.56690876930952,6.886199116706848
800,0.28786968348170083,0.2873528428093642,0.2238896866840733,0.6256200466200467,0.37470080763583,0.377146017699115,0.15440122901678668,0.15520788369304583,0.31292887667887664,0.3118049180327867,0.16485172413793084,0.16591637681159416,0.9910668402777749,0.5611764403292183,0.5600392156862742,0.6543162226670353,3.132632000548643,0.8303701204838715,0.723731340904883,1.6938722595205025,354.4202772900462,33.01191027276218,79.2279626087596,207.22585613839328,293.86113164946437,5.75490800353388
801,0.5315252976190474,0.5460268924302787,0.2522996070726913,0.6402625,0.34314518072289124,0.3474906400966188,0.21556607142857126,0.21707028816199372,0.2989413900414937,0.28699676025917875,0.2349030487804875,0.23622794117647,1.1940502336448602,0.34398626005361876,0.34427126963350746,0.5225527008233596,3.7905319361730463,0.6346974207351184,0.8818875397693515,1.6202217770677327,295.081696822308,43.13593963161111,68.98077263031155,175.32026395201683,260.3909670142457,6.505398778244853
802,0.42758395061728327,0.4269148148148133,0.38902720306513333,0.7562081481481467,0.4799116666666666,0.4794222222222233,0.36233873015873,0.36155416666666673,0.36852403846153997,0.36774615384615333,0.2520991561181433,0.2523772151898733,0.8518545454545466,0.4754782222222233,0.47544227642276327,1.0888658834196534,1.2625248110095872,1.140927738462401,0.8182230622440013,3.276683696536874,365.8077128541966,40.11451732367277,74.41819955905278,191.40431579823294,261.2243879896899,6.5435003489255905
803,0.15930431309904125,0.1560769650655025,0.14379907809110626,0.623617111650485,0.3886057951482475,0.39506864754098375,0.0457603753157705,0.0466500192086055,0.37683985507246376,0.38129664723032125,0.04694736360307575,0.0447700340346535,0.4670831939799325,0.5642083333333338,0.5646621179039301,0.6688162088791646,6.429687546406822,1.1429244645851584,0.1948801927562256,6.695090963153023,373.34557564463466,24.546877830289304,117.73410369642079,266.0251600900665,382.414145860821,4.738461575470865
804,0.38368475177304995,0.38619566666666666,0.36651919191919335,0.5262600000000001,0.30556875,0.3042422043010753,0.29671842818428196,0.29684715447154464,0.25524688172043003,0.25892033333333336,0.249297619047619,0.24877971014492767,0.7020962264150934,0.30209160104986865,0.30242166666666664,0.4893128352337287,0.8640462973614705,0.5532039726812205,0.7377739407979175,2.1075843904076974,256.43964298069477,42.395940981805325,55.221167082587876,148.2423022389412,250.98131348689398,7.7938963659107685
805,0.515769230769232,0.519183797468356,0.2968329078014184,0.682443703703704,0.40915171171171205,0.409403928571428,0.3549766153846152,0.3548204958677688,0.33784028368794317,0.339121875,0.286427972027972,0.28784120481927716,0.701704,0.432641142857144,0.43243956989247195,1.372756738067599,0.9234298853859267,0.7707372763513054,0.7870883639540925,1.590262297854573,337.4376790598035,42.964860796928406,73.768375441432,190.89660048484802,300.8952997624874,7.248204201459885
806,0.3762825024437935,0.3736050032916387,0.3774648093841645,0.5095399503722098,0.30606212664277194,0.30540645161290325,0.2785959540732642,0.2782211278010342,0.2606157559798113,0.2571156511350062,0.22651191229179837,0.2275115491835923,0.729983870967742,0.32938935483870974,0.32814416214673225,0.5284201424887903,0.8975229957564523,0.5986923856268187,0.691228631617876,1.3693900787958486,269.191139077227,39.31537616036592,56.674245805028946,160.38138269176406,250.2151021373368,7.417248261551703
807,0.08464982190561,0.085149963898917,0.139283382066277,0.34512454655380903,0.23250286298568498,0.2287713603818615,0.044297393456570494,0.0449633746355685,0.249115776081425,0.24809436687530098,0.04532776952544755,0.0454315411065958,0.4407730836236935,0.2690508966244725,0.2712519962423675,0.39164700861153245,1.2425544986767092,0.6417365360355479,0.19810000907516645,0.997196182773891,292.5466396845877,25.78962594270706,75.16751065850258,157.70081663504243,237.44736099615693,4.4435495510697365
808,0.42295335276967927,0.42145525902668785,0.26752632950990646,0.5392306255835672,0.2697243386243386,0.2685161064425771,0.2363171796049607,0.23644147465437787,0.2570601976639714,0.25568998015872996,0.2280538332635107,0.2280062111801243,0.84541344537815,0.3184496336996335,0.31885770089285714,0.39433912538782734,1.0147296344516679,0.6749023298663026,0.9473917513900315,2.683009604669317,275.35718732646535,40.34298971029265,55.077861595366684,137.9874800997121,203.49972182884812,7.387821096926928
809,0.27658015665796404,0.276159795134444,0.1929513338722716,0.653845325779036,0.31310798722044797,0.312528395061728,0.044920133528061804,0.043958828596037794,0.304299560761346,0.458217619783616,0.0470984349703184,0.044654182955434,0.8648404669260701,0.503052358490566,0.49277344753747404,0.5310874407187205,1.6963008059986457,0.8535155286515967,0.1980147572241251,1.3324297801863476,374.629981815815,28.08434423059225,104.74504437297583,223.61760959029198,271.94366324692965,4.7622621059417725
810,0.40754422788605654,0.40785138987883046,0.3301719367588935,0.553261956521739,0.47710500410172174,0.4746431159420283,0.2549936594202891,0.25564266304347827,0.35903416149068257,0.35752059496567606,0.2045219385719985,0.20044490254872563,0.7600536684782608,0.5767859903381652,0.5730622796709761,0.7973782356914987,1.3207718203654994,0.6235962509538431,0.6409614306427773,2.1264795851339473,400.7338657570274,34.787952292548574,87.79156791127247,203.09477771186957,311.468041036278,6.556069559377173
811,0.50195361328125,0.49867015209125504,0.29883057851239625,0.42706536697247754,0.2622651590457263,0.26245140232108377,0.26278999999999997,0.26092586032388626,0.22326388888888876,0.22218610154905374,0.221006217838765,0.2237940167682925,0.8189428353658537,0.266602035490605,0.2664051094890513,0.5420902077767525,0.9153128556469251,0.6652366946349889,0.8367203751226139,3.882015540711593,258.0779080744833,40.044100023806095,62.937565962783985,163.71681704185903,212.03739161137491,7.096389890648425
812,0.30266001157407413,0.30254920634920557,0.23217432950191483,0.693024691358024,0.5896443355119834,0.5849084967320258,0.07330921619293704,0.07357177567638555,0.4192079475308648,0.41154589371980743,0.07361364789446981,0.0740818063677713,0.8227828282828277,0.8026076817558296,0.8031838134430722,1.1865162038275883,3.0267618959766684,0.9327158295723178,0.27144015813555866,3.015391949928883,473.5985356900427,29.57565787558754,113.29407139715774,253.06227789432913,369.70027161900094,7.376209315326479
813,0.38510341365461886,0.3890889550264556,0.30562654320987664,0.6347697530864199,0.3062881226053644,0.3027426122931444,0.24989830917874448,0.24968980571927554,0.2960511831275722,0.2973058035714289,0.23021386630533,0.23025062485798667,0.8105845410628022,0.38157500824266444,0.38659160163508,1.3907210824338927,1.0996815254662635,0.6109165449636395,0.8208724990001847,3.564228725533953,318.09808117234047,38.02347928285599,57.79941307587756,190.865075112217,263.8051881351405,6.4580778901775675
814,0.39477846153846163,0.3969603333333332,0.2663885393258428,0.72009,0.533889268292684,0.5327615584415599,0.12357000000000001,0.1224120689655172,0.41651595959596,0.41824396396396396,0.1089553554502368,0.10806243176178679,0.815290769230768,0.7403057142857159,0.7392648275862079,0.8014735777263923,3.549474713278199,1.1843282021681718,0.4038579057325587,2.13525220775393,456.622795201838,35.86419206112623,103.17135136574507,179.58207707852125,296.52315378189087,5.793328396975994
815,0.4137613960113962,0.3584464751958225,0.1427428075396825,0.652457487309645,0.4119650321543412,0.40884474522293,0.26606375685557626,0.262986572265625,0.35007552770448497,0.34869504830917875,0.24751581196581252,0.24655064655172376,0.6713862028301887,0.5056158536585362,0.505066981132075,2.5271910863780045,6.235330304580569,0.9087869867843442,0.7443986942601606,7.365897529777874,381.5593430772424,39.81821064371616,84.2958310386166,240.84662727545947,319.13969723973423,6.877124542370439
816,0.35992033739456364,0.36023804713804847,0.19657967313585306,0.6207848484848485,0.26724959518852665,0.2664627672069534,0.16982583112680213,0.16922810522810516,0.2523826358826357,0.2521447811447812,0.1495932940516273,0.14668394222599818,0.6413796791443848,0.3350412878787879,0.33850148544266057,0.8085788776807343,3.050641920404047,0.7606529940078366,0.5176547501290218,3.7483427811273984,293.04902647819483,32.655362773573756,70.83359964643464,175.83506591053623,267.7484852910945,7.075245605047905
817,0.10384821428571424,0.1106815317035905,0.13875513513513527,0.33460524798154495,0.3103253186558525,0.31120768772347995,0.04378007997091975,0.04442058466342825,0.278650386847195,0.27629067887931,0.043807605232265755,0.0436972833615515,0.29395202622169253,0.40897193877550997,0.4138402225755175,0.4643543029228438,1.2389173388432437,0.6683648252446854,0.19984720667623226,11.737929597761243,349.2414834909141,25.679171085357666,89.7639780305326,207.26880175061524,298.58326306566596,4.600296961143613
818,0.2917193825910931,0.2912127347417838,0.3682043821839081,0.7087337239583313,0.5802609126984125,0.57637625,0.3052413116591931,0.30419185450819686,0.48596144480519504,0.48561372180451123,0.22910535714285687,0.228606308411215,0.600639334862385,0.9233248239436626,0.9238339285714313,2.14817513962673,1.748107478013842,1.5762565053290623,0.8347501556579195,2.9845608759726683,537.4904983909801,40.6928505981341,149.90862837294117,275.18582210177556,531.4968133461662,4.754311521537602
819,0.3216210562414259,0.32187626262626295,0.3113287795992722,0.6119671957671963,0.4807847222222222,0.47578584995251666,0.1895632996633,0.1884218921892185,0.34589562289562226,0.345521412037037,0.16533111111111112,0.1650987654320987,0.8749389978213501,0.5038913913913907,0.5050203703703704,1.0857676674625174,1.4081871466425895,1.1030943318947488,0.5460108137129119,1.8992979036849431,359.8221965755026,35.49911866516427,82.73099687088418,202.6815635704056,337.27106940070234,6.008146468687941
820,0.384984014869888,0.38163279742765305,0.261916748768473,0.507700888888889,0.328710164835165,0.32993526011560703,0.204315198618307,0.20394624060150396,0.286682658959538,0.28625721925133696,0.185337558685446,0.186906732348112,0.7811783783783779,0.42417821011673207,0.43192177419354805,0.575658943398032,1.2712176337413603,0.6964387031753547,0.7856078077539096,5.008791924079474,335.76629823073745,41.141826659440994,80.74665907770395,165.89857637882233,243.42326447367668,6.6860392689704895
821,0.3891586520257479,0.40094584286803947,0.22033899033297522,0.740974635383642,0.34164250248262157,0.3408165773715726,0.22063974221267474,0.2191745152354568,0.31748983253588525,0.3292578387458005,0.19182487357183,0.19190382430897368,0.8693974065598791,0.45575976230899845,0.4560071230708353,0.7012369188583768,3.4588452953908595,0.8945814566215987,0.760560664335454,3.1461366829040207,359.42153711068005,40.36603127851298,80.93272948539571,187.3198810866789,269.16675392146175,6.2466255928340715
822,0.2451574529074533,0.23903999162478998,0.140827132936508,0.5778006993007,0.31442273307790497,0.31138073941562333,0.0855188436830835,0.08530674709562101,0.30297522170057334,0.3036884396060133,0.12688909964592818,0.1266533590899335,0.8200486725663717,0.4068047822983583,0.4042766179540717,0.5117633839284991,1.7131497521787402,0.8711466178252251,0.7973554261919303,8.106801096696929,331.9795476272703,24.899312605460484,86.91986246655385,218.05281285196543,265.7782364015778,5.030849327643712
823,0.27022954545454536,0.27406798941798927,0.29635179063360867,0.6380422222222233,0.4438885057471266,0.44421417624521004,0.24306599552572697,0.242839024390244,0.4470925490196066,0.44799019607843,0.2058129432624113,0.20399742063492068,0.8157463768115932,0.6913492753623199,0.7040703030303033,1.4596526372312755,1.664560224301117,1.1660474332789343,0.8184634237360353,2.670389652160416,470.170935926338,38.060430282106005,115.35164822513859,262.3917154657344,314.33841058363515,5.375459635009368
824,0.29458038007190546,0.2966191646191646,0.22702585293494393,0.6752475822050303,0.3222392676767667,0.32278697869786965,0.20083058656742878,0.20162878787878788,0.2629162075298439,0.2629472880061115,0.17681925313743485,0.17653818181818182,0.6786983164983151,0.36610709366391214,0.3641787538304394,0.47938107805943914,1.7931638407128756,1.0118429571630103,0.691475813417183,5.415788932446966,295.5699699338187,33.32793994834929,71.00328238624515,180.97559822666827,267.4433162830996,6.746690522766475
825,0.12660973888496801,0.1265881343466535,0.2135910416666665,0.835241883116885,0.29103363587827,0.2985793293293295,0.0451053,0.04391676626259175,0.328820080091533,0.32871876750700296,0.044340778776208796,0.044144916278266846,0.617113227513225,0.5464378292939951,0.53684898989899,0.4392612195271086,1.6157843061709622,0.6539246785693618,0.19921090717480555,1.2104077789346221,382.30379577726126,31.055870931595567,85.93368111178279,243.3771383948624,287.7159393392503,4.989397712051868
826,0.48955162484574277,0.49244795101271827,0.43234595959595995,0.6516654545454545,0.25611410984848454,0.25407423871971546,0.25434343434343454,0.2549130723291309,0.21211296922255818,0.21105336768494637,0.21046803519061544,0.21214385828304455,0.9128734069668636,0.2562366277790009,0.25614425427872817,0.332248479639307,0.8610789856377317,0.556011090330125,0.8184107593117226,1.2959526326361412,255.48030495304954,37.92415161363103,54.88254510882226,149.14367136291483,203.8664480840618,7.683381607586687
827,0.547017444843509,0.545098156452416,0.19240742879137798,0.5127456801063359,0.342974820143885,0.34299672346002597,0.08180640768348621,0.0819253801169591,0.32558058358331105,0.313897427951658,0.232686573968543,0.233412109375,0.801556175298805,0.40035190725504904,0.39937799227799203,0.47306093188398723,1.2469231729059491,0.5064882320819322,0.9210379358277877,1.855955347741039,325.92418137937784,50.651561468839645,79.19820491224527,170.56753858923912,248.1925068423152,5.918904207646847
828,0.24394145501506742,0.2443546462063087,0.3203830373545631,0.5850910010111218,0.48726896845694784,0.48675531914893694,0.22791418764301954,0.2247907608695652,0.34790036231884136,0.3491068585425587,0.20738232947746305,0.20643102766798413,0.715191304347826,0.5724701086956522,0.5737451086956521,1.0354709956540464,1.4738628950578487,1.2462164996777307,0.6504019193955279,1.7998331977362256,518.461252036302,34.769087442723304,88.61636591103415,217.08411792212206,327.76262530166167,6.571334644990123
829,0.3751138975966576,0.37726348854397573,0.3279490651192788,0.4474751359751364,0.3058202614379091,0.30655258467023033,0.2592493987493988,0.25976767676767665,0.2617201857282503,0.2638896279871888,0.22099402475458818,0.22201896664486576,0.7575417590539546,0.31035,0.3103287592910242,0.4852658002812825,0.9427331342886952,0.5405429322984612,0.6786649715747005,2.060332625252845,253.3411303760879,34.70848455573573,53.79261759420236,146.85989555084345,217.38017641120788,7.616184567185965
830,0.37190187957948356,0.37184679163662604,0.27425763962065347,0.6065032757593808,0.42360234833659455,0.42222270058708355,0.2542389973768575,0.2561030658838877,0.3501815068493151,0.35161226920786165,0.2213184404636466,0.22051551168412603,0.7667711522965356,0.45221080669710817,0.4518554558337274,0.8946650257958543,1.1139302736276064,0.6811344236044682,0.7151503506421812,2.1001876162154343,333.5718473751251,35.91461158166193,76.3258501274945,302.71272966000316,292.52907006095535,7.524191759118478
831,0.42166966108615805,0.419853932584271,0.31664327956989263,0.4565789473684226,0.33311693548387095,0.33267152605459027,0.30779354838709677,0.3078651026392961,0.26226195378631906,0.2622544535387577,0.23796387096774194,0.2391105098855358,0.8416521360069742,0.3081603858908652,0.3096469701537536,0.5854218708385138,0.879753934834096,0.6123699593363895,0.7047610255340974,1.4509768284289326,252.1061744060247,35.53550885689835,53.749747213817415,151.1637031310989,191.45083854035025,6.814113247298425
832,0.4053654929577465,0.3984110344827585,0.2829201657458565,0.5566461165048551,0.33397052023121404,0.33276956521739154,0.2704086842105265,0.26999321608040205,0.250925,0.2501786432160805,0.18288058103975552,0.18280725806451598,0.784935384615385,0.2940398876404495,0.29477327586206903,0.5007565267122542,1.0441175144457981,0.8425617829584876,0.6662680220257687,1.3827669252413384,294.1689651925117,36.823913687840104,53.78513946197927,146.56642684713006,246.84674921445549,6.956654833629727
833,0.37764065934066,0.37779618055555664,0.34369621993127,0.37832638888889003,0.30150925925925937,0.302823622047244,0.3038772486772487,0.3021126843657817,0.24708379629629634,0.24752099567099567,0.24806204379562033,0.24718574712643668,0.7116877551020399,0.294690512820513,0.29255343511450366,0.3905097839246141,0.809562807201029,0.6829029045003202,0.7465592835654324,1.1283299270989238,251.38057069852948,35.1755041629076,48.54028190796574,143.36609359209737,227.2907093477746,8.439013424019018
834,0.48869168787107664,0.48828564616118225,0.3860371621621622,0.7107520325203256,0.27246783625730997,0.27349972632731223,0.21085770342833554,0.21020343137254888,0.24008852005532555,0.24037426900584777,0.18229635284139112,0.18263816793893112,0.8017887323943655,0.29890086852351,0.2994708584553545,0.4167491253174291,1.0066803420120838,0.6516815201037316,0.7266527963472984,1.3032146382495904,282.100021528701,38.29054379214843,60.3936534995834,152.15212737934456,192.86828529503612,7.143520957065953
835,0.4046648593697053,0.41555902513328236,0.3049569349569354,0.47978647214854075,0.28228905143935845,0.28509011700273845,0.2473312693498454,0.24912789896670462,0.24649817870152152,0.24665259813932383,0.2353568758607123,0.23495900506678924,0.7741814223512308,0.2989016441573692,0.2989703918722784,0.556860671012177,0.9929087485186454,0.6231016409033094,0.875311678719204,3.1272417276452993,264.7381813193743,39.674038998782635,55.09119051007124,159.15313449043495,200.71900127312313,7.762107998132706
836,0.24361040339702766,0.24281119047619035,0.29947086614173235,0.6441321428571434,0.48717824074074,0.4838932489451466,0.2852824,0.287420338983051,0.39501443298969,0.3951319727891167,0.21232936507936498,0.2112628205128207,0.7480630434782599,0.69187515151515,0.6890636363636367,1.3787223867351555,1.4766414637105119,1.2921703691931006,0.8007325989287434,4.995878437397639,433.6810523333649,33.8809456055363,97.85359104474385,225.20931903272867,331.7765224104126,6.030039706577857
837,0.4603877642825008,0.45804447115384617,0.3032583675866115,0.6537640156453715,0.38214932126696843,0.3833972204266323,0.2754492017416546,0.2726391998094785,0.3618201754385961,0.3625790402258292,0.2571088071348938,0.25759414951245924,0.7496815742397137,0.4810531614981877,0.4853450292397662,0.7010563821135576,1.3658038515946063,0.6343913928639905,0.8455296375675467,4.602659654863283,384.3867614005621,41.85663643651284,87.75109353546912,183.06110734836415,283.3656304014417,7.168706864691698
838,0.35170789049919465,0.3545666666666667,0.3132271604938274,0.6002602339181287,0.2689220512820514,0.27220942760942735,0.14706831432192666,0.14573263888888865,0.2758844932844933,0.27363467741935465,0.1337321499013807,0.13481477603257733,0.7028074766355132,0.34392466367713,0.3457264264264267,0.4218034169914581,1.198942559023291,0.6361095858571187,0.5394317088282808,1.4052742445521564,268.6971379444003,34.75086453060309,61.53111501286427,153.171851610144,222.74818581839403,6.118173090120156
839,0.17369396551724167,0.173601515151515,0.16125817822899,0.5801809360730592,0.2952331704668842,0.294867845117845,0.04570538960012641,0.045032677165354335,0.28645478443743416,0.28392613038906417,0.044473998199009414,0.04417418954552508,0.5894462365591401,0.42029496124031,0.41909831029185834,0.5901667854849278,4.550197029334752,1.0451276768465372,0.1966177884526318,1.4328891238857888,358.26475941576064,34.31285925519963,87.60921579475205,220.63303428391615,284.6087561920285,5.145716325690349
840,0.31407742782152165,0.306505971769815,0.19901901960784332,0.8553268292682934,0.31251967213114834,0.3126768547544417,0.0597287096411295,0.05893973053584283,0.32705362877328165,0.32783076923077,0.066162992306809,0.07243906468420383,0.7118326585695,0.42479967558799664,0.42066257166257165,0.4282787497232063,1.5951264306312873,0.9302251645756336,0.3238864815076335,1.4169513616180494,301.2515604496002,34.44574540480971,76.7791410908103,192.04861794908842,260.2836039538185,4.836067091673613
841,0.2144514285714286,0.21559003831417622,0.33056494252873553,0.7315875591615966,0.5785727136431793,0.5791390616167311,0.08848189850652897,0.08853936080740105,0.4016989942528724,0.4032406755805759,0.0849170050948831,0.08483290402991275,0.6886942528735621,0.7466227586206896,0.7460289655172414,0.9121830707106129,1.6724015928326275,1.051818829013273,0.37099649139806307,2.3879815117957097,446.1990059192838,31.11275587359379,106.11214193290678,227.10211221770993,330.16358502209187,5.61831021231824
842,0.07956098867462501,0.07952206907232451,0.140947027741083,0.326516742338252,0.4123366219415945,0.41710740740740754,0.0442821281075391,0.0443811,0.382089655172414,0.3829122359796065,0.0439342468042443,0.0434561002455338,0.384637085635359,0.70032200247219,0.70691852367688,0.4975411137999836,1.7005279699768328,0.5506068448464944,0.1997363064717982,2.665304446665932,396.89913392066956,26.849994901567698,80.00255329534411,258.2693239673972,337.4947118572891,4.798604641109705
843,0.4176694444444458,0.43028063725489996,0.29447656250000004,0.5688644444444458,0.45305482456140417,0.4545637755102041,0.31713078703703707,0.3132372262773721,0.31785568432671085,0.3152778697571746,0.24439488636363624,0.24288851950354626,0.7589861111111125,0.44649183848797086,0.44834201388888756,0.5708477452047057,1.065882538382165,0.5636466147862063,0.7102358950468758,4.005487389722798,348.08290753668797,42.78952740908911,75.63448840907465,175.0577832960213,330.8578986131276,7.297184007863204
844,0.503284702549575,0.495036635706915,0.21772152856602334,0.873475,0.365119001919385,0.3656064638783267,0.04400179303278683,0.043695762021189834,0.3959142212189617,0.39628199999999997,0.04410352603526033,0.0437574899740505,0.9413237639553432,0.4887402659069333,0.48901902173913,0.4289419820555121,1.507263644808626,1.0412888515645349,0.19840170154663528,2.1866914255762384,321.8102191264431,32.582549223055445,83.46658820907275,206.96618982280293,240.98741511503854,4.762849615265925
845,0.3565155279503105,0.354511801242236,0.21446578947368397,0.671406790123455,0.288219095477387,0.29057209944751394,0.184467793594306,0.18319774919614149,0.264280821917808,0.2614858447488585,0.168281879194631,0.166163569321534,0.63602168674699,0.34435433333333354,0.3430270967741935,0.7098869631257858,1.6945273939031449,0.9116980099755008,0.7137986978429096,3.5766944587465552,264.8452506400645,33.33577187731862,60.27470459230244,173.55179879814386,273.05832016281784,5.887569859623909
846,0.3950576479631055,0.3941684615384615,0.43788978278358803,0.9958845486111101,0.298747581104155,0.30110570687418947,0.3002794805194805,0.2952828719723185,0.2594028268551235,0.26244215640907,0.253188026607539,0.38722807017543853,1.04623765432099,0.391398,0.3834514075067025,0.5605196891166696,1.3703766002482465,0.7034484408636693,1.2294605654194957,1.4226424802322173,320.7689500413835,48.20437170565128,70.94411412253976,198.8144824281335,244.52250218018887,7.960852235555649
847,0.3577777777777778,0.3703478395061722,0.35107235939643333,0.5325226337448555,0.3425964285714278,0.34347424768518614,0.2809178004535139,0.2796025641025639,0.273618639667705,0.2785771604938278,0.21941324200913248,0.22163061916878724,0.8449985380116972,0.34896527777777775,0.3478794326241139,0.5903534779270605,1.5653066807400713,1.2119443189868617,0.7040214047493539,2.5124193847296086,270.3544541469051,39.60096445452008,62.23325229560336,156.4089946138362,268.3174699389686,7.221205548072855
848,0.23706611570247907,0.23758857264231092,0.40370055658627085,0.8251152037617555,0.25574476472037455,0.25061682037769,0.14369258000566454,0.14363349713349727,0.2500858070500927,0.25100152605188547,0.13031567124735727,0.1351337614882073,0.8031733615221991,0.3061314075332764,0.3048741460851291,0.4968989623357892,1.0570618518653208,0.8326135039514155,0.5192241323070931,1.1434722754858224,283.0279991030693,34.02796997265382,65.85625338960777,170.8714333786206,216.45947232503784,6.232127039269968
849,0.20055129694154003,0.197724120603015,0.19813866199922167,0.6911443089430901,0.2914894136807817,0.2919638888888883,0.04373696281989384,0.04356976154236433,0.294430682976555,0.29431786666666665,0.04327820267686417,0.0434727695373035,0.7520729166666666,0.39245447347585166,0.3923783255086067,0.6217175389269468,1.490846380616012,0.7805457329909458,0.19681779245060782,1.4922845786567576,341.3812645400564,35.67909977088372,84.98924629141888,296.00583560143906,324.31134798874456,5.016902772088845
850,0.3711168831168825,0.3730465277777775,0.25834132653061254,0.6265548780487801,0.43590037878788,0.43521935483871,0.3685428030303025,0.370774305555555,0.3296803125,0.3325472222222225,0.27172222222222253,0.272873349056605,0.74263787878788,0.44133275862069005,0.4429150862068975,0.9098870328492776,1.0791313941266616,0.8708292658755867,0.7845367478306853,3.751878535331238,337.787393364124,40.46842223033309,75.40681981481612,198.6166159622371,302.52378492150456,7.330499938689172
851,0.3819928104575167,0.38085555555555667,0.35205760517799334,0.38850340909091,0.31380535714285696,0.31709918032786866,0.30766129032258066,0.3075386666666667,0.26529836829836834,0.26597086419753097,0.25073119658119664,0.25132146464646465,0.7222595744680866,0.3060357575757576,0.30550797720797734,0.47973458878597025,0.8632532952392346,0.5500858883472066,0.75673141441694,2.001115450784588,249.76313890268406,37.942176374296345,51.11881454164783,154.3823458875219,245.64917044093212,8.204863406717777
852,0.3691341347674793,0.3672587984358345,0.25874500907441,0.6176160576428207,0.4648997594226138,0.4650041938490207,0.23841124739643588,0.23750275862068965,0.4178929006085207,0.4195557337610276,0.18719401088929208,0.1895326259946948,0.7564373040752345,0.7625592203898035,0.7629434482758621,0.7543836879807471,1.5015129364516238,0.6485118516429931,0.7062873652499352,4.617778591536193,457.64160037426086,39.91540810414429,114.50484523485447,202.69165538122942,293.3979797144902,5.324517280377191
853,0.4014194229415898,0.4039760731878959,0.299066263542453,0.594002093144951,0.43015433673469383,0.43364777021919787,0.2106571821036102,0.2110585172844653,0.36243558673469384,0.36230739795918365,0.19385542628266264,0.19312685714285713,0.7738987150415715,0.5484117346938776,0.5458276047261,0.9141331028353613,3.0484914599036435,0.9493263163062059,0.6089326943194274,1.8134320628216336,385.15259416735904,33.382405241837304,80.9565058206113,186.60730625293692,246.89947711113766,6.6592676412998415
854,0.2592260759493672,0.260427435897436,0.2311388764044944,0.684702950819672,0.45902105263158,0.456948631578948,0.12823629850746282,0.12666666666666682,0.39163890909090915,0.3918891525423728,0.11038927613941,0.1098583293556084,0.8043600000000001,0.6631026415094321,0.666478260869564,1.5811724138865957,3.1254029322412746,0.9114568199859048,0.36775696799290086,4.2862518389842945,439.5325081422925,28.908968903124332,107.42049291729927,198.81271291524172,399.1263872012496,5.810779519379139
855,0.28049368131868113,0.27712637362637343,0.23543929313929307,0.6672016317016308,0.4521129807692308,0.45612721893491154,0.1260198334429104,0.12590439560439576,0.4018108391608385,0.4016702797202808,0.11909226622434153,0.12098510378510384,0.8246661828737308,0.6570462962962963,0.6573369690011461,1.0568733160419357,2.0736269328778287,0.9875061298888586,0.4600311343105171,2.0616684364195907,426.7069081274363,29.671630965402493,101.92977228703407,234.16413907678083,361.49086394848734,5.3452462172852115
856,0.22210800865800817,0.21997821533305364,0.2692888477801273,0.5737004729374673,0.26820624527826725,0.2697968511934991,0.23602464543129545,0.23603829966330003,0.2699830866807609,0.26927178030303,0.2139166509166509,0.21291870803846819,0.7312412587412591,0.3256806818181818,0.4050160939538927,0.3072970739844315,1.0789561878875125,0.9295787864437656,0.8080525504885688,3.1815547487747007,285.1218239150264,37.67629281025041,60.443501834842294,203.91527690332043,231.0491632670164,6.4777633683248
857,0.35830392156862856,0.35867824074074045,0.30458141321044524,0.6512579365079357,0.4360309901738476,0.43672640692640713,0.24007769423558806,0.23801680672268904,0.37545140247880004,0.3747046238785381,0.21399761904761908,0.21614559629161403,0.6659821428571429,0.6291965669988928,0.6430130952380952,1.007069449258566,2.065445366319918,0.6549731694375004,0.8126657835601415,1.7958506065300728,438.68963118819966,37.52476934875761,101.82891440178666,203.80253692911495,306.27757632395344,5.950902344747668
858,0.2601947393822393,0.25811657681940714,0.313531030444965,0.7784445288753785,0.5408119047619036,0.5401873840445285,0.24012566137566144,0.24035008071025035,0.40698474702381077,0.409291125541125,0.22633917616126215,0.22701239495798323,0.717143617021275,0.7384022911051213,0.7373042857142857,2.059553464419648,1.7587574947912363,1.2289037446045108,0.8880371582775266,5.256529182328193,511.1756543296256,32.845279201865196,108.92852691800466,249.01964768235172,360.25142929117595,5.3529286690588505
859,0.37571916576771114,0.37559404502541854,0.39116099773242596,0.4664659776055111,0.30250992592592596,0.3017774993038152,0.2894886964886967,0.2885950435729848,0.26939208173690926,0.2677752920705941,0.2513255555555555,0.2522926413255359,0.8834868827160481,0.3304665518231411,0.3301607949412826,0.5149189883899153,0.9424028571715868,1.3544277187834088,0.7856562125409481,1.175007669979003,273.27924725358133,36.42244523184167,52.41924879589566,154.88529612344723,237.39976653208336,7.446633686346036
860,0.26493133640553,0.2621842584167425,0.3370888198757764,0.7764177897574107,0.46639888123924284,0.46521869488536066,0.26329174710424713,0.2635637204522096,0.41830674603174645,0.4200495626822143,0.2304146825396825,0.231323469387755,0.7289541666666679,0.7848214285714284,0.7735215773809535,2.1407821184473437,1.6918611936831398,1.0856907705926484,0.9086686429951306,5.3407308644840965,472.7722012570926,35.50017385610513,109.17618637904525,240.78365781211428,313.6979748627969,5.636681869093861
861,0.29164559386973216,0.29197785160575856,0.3257911111111115,0.6011178310740357,0.3948187403993857,0.40193403590944576,0.18512577244638284,0.18425687139463856,0.3278938692886064,0.33030084745762717,0.18552528288543144,0.18306711409396,0.6903535714285713,0.4471875547765122,0.4476972049689443,0.4670790599716978,1.3261249987987573,0.6590984901353093,0.7526054993102811,1.6503516505962934,344.1246226429939,36.43812046253255,77.01730854543192,190.09615727035063,233.54057422173875,6.20964981083359
862,0.3752882797731567,0.38347719651240836,0.448967441860465,0.58370792616721,0.2560539832285117,0.25558168207838,0.2560412748171367,0.25498195329087003,0.20970462287104666,0.21039931809065335,0.20927409988385667,0.20923919963619833,0.6167771672771666,0.265127527216175,0.26483260447036,0.4105993259698304,0.7920448710375957,0.7270279952411579,0.7490551419634431,1.213598605982711,256.65836098293465,39.45208930720886,52.24551229427258,146.4205328375101,206.61603969832262,8.313951548188925
863,0.380905263157894,0.37622407079646003,0.556071153846154,0.719387987987988,0.274465155131264,0.274302544529262,0.278684337349398,0.274057943925234,0.20641459566075002,0.20937542600896797,0.208752642276422,0.208181422924902,0.642520670391062,0.258526442307692,0.258518446601942,0.3700361684918626,0.7755280858019106,0.6109217285532738,0.7479144338166704,1.7121481780178704,238.41197602450848,35.47266125679016,47.06352483481169,131.96727260947227,181.25792033970356,12.38926313817501
864,0.44540740740740736,0.4487164794007493,0.32554393939393933,0.6500412429378534,0.33305240310077533,0.33333137254901934,0.33278134556574934,0.3333089108910893,0.24654133333333333,0.2480457420924573,0.25142106567534067,0.24744259927797865,0.6860018018018,0.2994610878661087,0.29918787878787867,0.6990367410576923,0.9088902255538508,0.5131725032297055,0.8274473579758818,1.4495155344876232,243.11848760892948,43.54910459369421,56.72058245788018,147.68730849027634,278.26556004583836,7.717306725680828
865,0.20170886932972248,0.20003647014361287,0.3535033866995075,0.7792574123989214,0.6121172619047607,0.6106049107142858,0.1401421356421357,0.13996977084349108,0.40725170068027144,0.40925601131541783,0.21915584415584427,0.2193216175359032,0.7181760204081643,0.753657294832825,0.7499047619047606,1.315631256904043,1.638917605896415,1.0242926002345816,0.8661127257815527,4.342905199716257,497.6993310265243,34.92884986501719,113.67174530667918,263.4796164264636,353.0975713926767,5.113921361044049
866,0.3648482912807419,0.36223698498882256,0.33959259259259356,0.44490193548387097,0.3215511679644048,0.32160842293906805,0.31141246828561064,0.31117619951206293,0.24128789217852417,0.24131790556334742,0.2335881417537484,0.2326603160857329,0.7312277039848195,0.28469416399901515,0.2843577712609971,0.5567743820278139,0.8097500796701007,0.584448984338293,0.7126746809132276,1.3999278714215135,254.51192932744178,37.42303158487043,54.355677697927725,147.42240610141909,231.29135745787812,7.886712950083517
867,0.2597709187364359,0.25954955389438134,0.18921888253734104,0.7006037507562001,0.5319170414792621,0.5334057628719896,0.11165401332946966,0.1114349176762969,0.4314591018444276,0.43237631184407926,0.09941114785073206,0.09962267359470965,0.6829094097019277,0.7111426872770517,0.7109688328912482,1.2428084908269843,3.261143287764636,1.119143684803267,0.4154695653702164,2.69051373397047,475.4031727347394,26.415312534262394,113.29208099251163,249.88050733146997,431.46840521487695,5.104724349903649
868,0.20143432330077723,0.20488184841589344,0.17370326678765896,0.6573321839080448,0.5737112068965518,0.572718302387269,0.11533235987869242,0.11419923371647517,0.4114579310344827,0.41160789193032415,0.1317161978221417,0.13428786113699898,0.6878673740053035,0.7363958020989517,0.7401187739463586,1.044876670278385,2.8466730938020053,1.169048952482436,0.5838298404837325,4.032951653231376,469.0893676838484,32.70641900599003,118.08948173862079,235.02559352923055,375.303927134594,5.127178858323344
869,0.16191457668338646,0.15807683908830353,0.31203545904343055,0.6096790281329941,0.46281695046439647,0.4613017512348453,0.32547782321484764,0.3262160077145612,0.43770547945205474,0.43683854818523177,0.25112228459848646,0.2568763708873382,0.6952701080432176,0.6657131652661059,0.6583117040630706,2.411913404362006,1.2380369672675091,1.4285480385897518,0.818824927034558,4.124313193760166,407.0782650481252,35.195994903059564,89.72398936748505,233.79789473598495,338.7041882995297,6.58977694590302
870,0.28906080426356623,0.28998069105691,0.2587030346820813,0.5667246696035237,0.28766835106383,0.2955131027253675,0.20259992987377248,0.202047610015175,0.26896245335820873,0.26952027027027003,0.168326900584795,0.16842391975308624,0.6839710144927538,0.3514465297450425,0.3511653746770025,0.468667749895153,1.2493274194822628,0.8203685865721798,0.7459842193692063,1.6852433807889182,262.40779843647033,39.40510214306414,73.31118686124682,196.00714149419218,228.4700545715168,6.367312744259834
871,0.22989326298701288,0.23119329004329,0.36798974540311064,0.7138601190476178,0.45908563748080006,0.45632142857142854,0.4260178571428571,0.42809933035714287,0.2961143433179725,0.29565107142857144,0.2561151911468814,0.25508787593984966,0.7407631195335286,0.39434013605442136,0.3940112044817929,1.1035353684141123,1.0413856657870162,0.6339493681453001,0.81291024850372,5.835488736125079,305.3979432609464,36.899459415248465,63.52953662696694,179.68068132176995,374.0333760755935,7.075614329161389
872,0.307254133333333,0.310025714285714,0.332732369942197,0.5976569767441859,0.24105698198198203,0.24204059196617295,0.203082978723404,0.20265799614643504,0.247312207792208,0.242571770334928,0.19966252319109498,0.20232810902896098,0.8498358208955221,0.30073451327433603,0.29841123919308404,0.4399573246662502,0.9611438337023248,0.5158486518453739,0.7295959675384303,1.115047153293665,248.4059240669012,38.075901102274656,56.73089763149619,142.13155023753643,221.38027008622885,6.910909432917833
873,0.2603324299909666,0.25995322997416,0.2035775894538611,0.7703633333333333,0.2575804683607378,0.25927940807624783,0.06376517061691045,0.06422870682129944,0.2901044036162144,0.2901817663817667,0.06012240184757511,0.05972565157750345,0.6794990253411312,0.3694218346253233,0.3699715929521756,0.376405147288239,1.4459111520388104,0.6873108572292448,0.2844832765804365,1.1646158103082265,301.597326890462,34.52856973227527,73.84195923805237,184.37101453956632,227.7550779076086,4.795765400760704
874,0.38731,0.38762668918918874,0.31319170533642754,0.39670295329670374,0.29355615550756,0.294878168202765,0.27497686170212754,0.26279396869244875,0.2807032275711162,0.28092794759825374,0.23356636807817624,0.23943907563025252,0.9240285947712412,0.35210613207547126,0.352602362204725,0.7340882806258159,1.0808152137509583,0.6532596815306799,0.8131733660181307,6.299289089362439,274.6351470705122,40.297850500792265,66.77617493551224,172.88836825173348,220.04111960995942,6.854863022454083
875,0.309621798365123,0.306627540106952,0.341520735785953,0.5461862385321099,0.258481573033708,0.265453417721519,0.23744233128834402,0.238832851239669,0.259131180400891,0.25952113022113,0.224516025641026,0.22456634241245096,0.771592715231788,0.330794571428571,0.327949275362319,0.40841756518868017,1.0078465706084958,0.6552264215630884,0.7740949581235755,3.245921750833444,277.07899222150445,35.263155587017536,53.320867009460926,143.64739414304495,211.6614137776196,7.630861364305019
876,0.213494754279404,0.214437488142667,0.19134391998596198,0.9547992530345469,0.440503006872852,0.442909597257926,0.289116053677932,0.28682382257662603,0.40520607974733497,0.40777083333333297,0.253132842152266,0.253433023372707,0.691408052884615,0.544081337325349,0.544843035343035,0.6841802360145369,1.4742302307880992,0.7205908856476951,1.2886760297769033,2.4810374947078344,472.01209235936403,64.53010719269514,102.0738622173667,233.69700647890568,328.221102245152,5.862698890268803
877,0.3915313411078714,0.39056564625850354,0.3328181818181818,0.4703581932773107,0.32709906832298147,0.32618134236453217,0.2888030612244896,0.2963279716466739,0.27410392857142857,0.2741106889564336,0.2373564895470382,0.23201152073732714,0.8211127450980393,0.3902435374149643,0.39003365384615357,0.7738938355549384,0.8877003663237614,0.6273131977515627,0.6736004406200348,1.3714807732837673,268.50857455948636,35.528300629396526,53.2022860300328,165.12576839886606,212.90719658801598,7.430682723809566
878,0.3873606060606066,0.39141666666666663,0.35987326388888996,0.46486711711711665,0.3484867346938767,0.35102962962963,0.3091910714285714,0.3106072727272727,0.27212949640287765,0.2716846666666667,0.238218181818182,0.23762937062937067,0.7055442176870734,0.33303563218390797,0.332401294498382,0.6441201272790578,0.9097206064644947,0.5650250012592796,0.7572996016762449,3.155399361563868,303.1082924765845,37.67555967594186,55.40543779109915,175.164140916119,255.80939759189883,7.427353411912918
879,0.1861885157096423,0.18647480106100808,0.25914482431149116,0.7063251748251731,0.5420831730769231,0.5398301282051269,0.09160051712992885,0.091244499586435,0.41018067978533074,0.4089968919968924,0.08528375701551652,0.08512226458885924,0.6020128205128192,0.6999609279609268,0.6956888736263731,0.9256402526495869,2.070186349715985,1.0094124591202323,0.30562151526653153,3.487861768304844,450.1073737628758,26.613349417367807,106.97430877301555,236.03140143677592,370.02800605618035,5.782023072242737
880,0.33274699599466,0.33464993261455567,0.35555057351407715,0.9792678571428571,0.30208361730013145,0.3028341576956643,0.1854395485466914,0.1855566974991429,0.2719935187685657,0.27179867986798717,0.13829345189975745,0.13812515090543256,0.7776062364031915,0.35308525345622144,0.3548716649780486,1.6149960515146309,1.2687585240972563,0.6604816578208853,0.5135842039830738,1.756428531601807,289.3193159252405,34.744408912956715,61.50267353015287,167.49599017202854,222.6322889328003,6.962314780269351
881,0.2683634538152613,0.27106820436507933,0.314099817961165,0.5592176906779662,0.3623090277777781,0.36612973484848504,0.2888980686695281,0.29111119186046497,0.3262240259740263,0.3263743932038838,0.23671771978022,0.23584048202614374,0.7721052631578937,0.47857728040540565,0.48506681034482757,1.7613364796715594,1.3215211909892055,1.0610707093826954,0.8810490629119216,5.514101619753381,498.00139968283474,105.34397151786834,181.6548698116094,432.44198750471696,316.14938779966906,6.5559070208109915
882,0.368832750397456,0.374561093247588,0.380988685524126,0.749632116788322,0.22448634453781602,0.228288252714708,0.226879292403746,0.228176258309592,0.21615009345794403,0.21021022831050198,0.21256989690721598,0.21067246636771403,0.633069444444444,0.259351826484018,0.259518214716526,0.37818685730844326,0.7870549716006183,0.6880913343633707,0.7458995770910458,1.2404767621018582,242.0618198812008,36.33718006312847,49.428464844822884,132.71147850900888,176.04096326977015,8.012959733605385
883,0.37003195488721835,0.3714369565217392,0.33601273148148164,0.6232244008714599,0.3195365105908583,0.32242824858757085,0.22551912568305998,0.21974495614035083,0.26285071574642166,0.263548898071625,0.1996609135285917,0.19845108315863,0.6841529761904758,0.3367644287396941,0.34070272108843497,0.419288113748206,1.0703571144210735,0.5705208219845497,0.8144482366275793,1.5453948921990532,296.72155311952037,35.18620117877921,62.67748346241812,154.3909990383933,220.64088261686265,7.2645760762194795
884,0.35848824662813195,0.3557987933635,0.234764394710072,0.5286810810810819,0.27222793733681405,0.26955198973042405,0.236915455475946,0.238391260162602,0.267503712871288,0.26823325526931996,0.23024668644906,0.229214498510426,0.947317842323652,0.32037169230769197,0.322563560500696,0.5358267431228378,1.0842449832266763,0.6104427698552546,0.7917664441119406,1.3622365601199888,288.5950729250908,39.86299503594637,62.022474594414234,170.16700003296137,254.88919112831354,7.522059604525566
885,0.2302305668016195,0.2303113390092879,0.18597718755092052,0.6769573934837104,0.3682848896434637,0.3683907714491711,0.14091338486075314,0.14331509144213317,0.32012891780011843,0.31728567082446,0.13465547652916054,0.13299843225084,0.614094953879542,0.4352202729044831,0.43477592879256943,1.0866885995872184,4.7171579170188105,1.0680494311815762,0.5941235158439407,6.864098880777684,307.9261103841035,28.63157393508836,79.46105355298833,211.67518571019173,324.8559494845961,5.724562920237842
886,0.29696,0.29808885209713,0.34095652173913,0.46447400990099,0.2506923631123917,0.2490256410256417,0.25085744382022496,0.248361508452535,0.21321292607348333,0.20789307359307332,0.21042429792429837,0.20645534506089333,1.0385009578544067,0.25809490740740665,0.2560735068912717,0.3747727041747491,0.7914913619569496,0.696612533335592,0.7545945089270494,1.3842847701970944,237.88749628389874,35.195021579662956,46.22285099079212,129.4200231010715,183.2701809083422,8.353781110296646
887,0.40754412811387797,0.39763743119266,0.43678669201521,0.9944798245614039,0.2527302869288,0.25385557939914205,0.25437243660419,0.25100098765432,0.211097773654916,0.21771958174904998,0.21465675954592398,0.21545337026777397,0.9892864077669901,0.267931168831168,0.26952376111816995,0.5386325530204875,0.7911669595835524,0.5232617470240993,0.7594111127319476,1.1474831729823831,243.9846144989133,36.472706124186516,49.03415217995643,133.52683745324612,217.02673751860857,8.124159649014473
888,0.3739022727272725,0.3749087936046513,0.31509224759615373,0.6120880952380949,0.358371488764045,0.3628551532033425,0.20360691713483126,0.20493998272884248,0.28960428709055874,0.28753231837606874,0.16681530984204126,0.16954948253557625,0.6870730676328499,0.42945774647887375,0.41790625000000003,0.6247537922451853,3.564241977375657,0.8852936201708558,0.5856591941376187,1.5142738725399094,336.966390023008,66.14125741180032,90.27706400956959,307.5549320783466,267.703874851577,7.414413266815245
889,0.5078044334975369,0.504770168067227,0.25101338028169,0.67561744966443,0.328334920634921,0.32545323943662,0.22233929961089496,0.224529366602687,0.32976819672131097,0.330140967741936,0.238715265486726,0.23851737288135602,0.8244169117647061,0.395577941176471,0.39583735408560305,1.8464011770463131,1.5470912617579902,0.6746520435151381,0.8874158199243883,1.4435247617705032,294.21210987493396,40.10035190731287,73.86854151263833,187.04886315390468,277.55717746913433,6.696151103824377
890,0.297511304347826,0.2981878552971577,0.31942314814814793,0.4998685990338167,0.33953126843657666,0.33868554572271337,0.263123178807947,0.26421197916666667,0.27584806763285036,0.27732205128205134,0.21010189393939402,0.209930738522954,0.7951347222222235,0.35769934640523,0.35484814814814664,0.6712385994017711,0.953498406955092,0.7296049953518285,0.631803126548648,2.1146136959323067,294.190957210958,34.236699187507234,64.51150712867577,178.57468609387675,371.7887750826776,6.963383251180251
891,0.38974761904762,0.39037148148148,0.3773703333333333,0.6996212765957434,0.4491561403508767,0.4482466666666667,0.35261784511784666,0.3524725490196067,0.37576300366300336,0.37556572327043997,0.25792841163310964,0.25706590909090904,0.7752275641025633,0.5277822916666667,0.5264708333333333,1.3580930607476174,1.1643661600718944,0.5693645853249847,0.8453209114883262,4.916898327176155,361.2265976456304,45.53684421504537,89.99830577522516,177.95996274799109,259.5570745567481,6.447230310489734
892,0.33278984126984046,0.33123925667828097,0.32489880952380956,0.6486807081807071,0.36671641156462614,0.3663257575757572,0.2887479736575476,0.28801451800232386,0.34842424242424286,0.348610780423281,0.24363548251158806,0.2449536082474238,0.661617886178862,0.4596670702179167,0.45801666666666674,1.278955616231651,1.2581021944182291,1.0648788664788837,0.8538029180920044,2.898300585623514,375.1935842003496,41.91510046699217,80.02112209353419,218.16658887213893,355.7798668875226,6.386616622053442
893,0.2333125285779605,0.23782772073921948,0.1912971143569645,0.580346371882085,0.30256542056074753,0.3105191271551725,0.1349197620781745,0.13929883658008652,0.24541843670348348,0.24219158439116098,0.1836842527261065,0.18620086083213752,0.7748844410876149,0.263215570400822,0.2709099313259375,0.308928241334524,1.0238958864730543,0.6660624863114114,0.7339353608614564,2.29189578125681,246.1361000314355,36.66121046990156,74.08856181427836,158.28501200303435,265.5264106579125,4.793750122189522
894,0.21135575513196483,0.21175351530190226,0.20575317143892707,0.5969519061583581,0.4700538995508355,0.470946650124071,0.08597452021233162,0.08617051762940742,0.38482508960573547,0.3843464235624129,0.08621027756939226,0.0859080494422671,0.7181184863523581,0.729076533839342,0.7248373071528743,1.0843388014965158,6.948040276015761,1.1543762092992387,0.33297513925551925,2.7236301437316692,475.0811194460238,33.620605996299176,120.92710277366061,257.6925821842686,411.01331251763526,5.430774012159917
895,0.3050218536071611,0.30981445523193113,0.22424796479648001,0.6920765582655822,0.37171135940409666,0.37227544351073777,0.19956580269238444,0.19867460317460334,0.32159092174881665,0.3170283920283922,0.1855040518638578,0.18490642303433,0.6793762781186089,0.3905397363465155,0.3833086419753089,0.43413658157572843,6.24916041299998,0.7142056692661328,0.7676136100278348,1.5243901407768834,306.47614039480686,34.64880347665813,76.61220928033192,190.32604888909393,245.15323910034365,6.238365959790018
896,0.18538244406196197,0.187401461038961,0.174,0.539723267326733,0.308873295454545,0.308275304878049,0.102224051896208,0.10184325581395301,0.330212790697674,0.329175342465753,0.101794831013916,0.10105316455696198,0.633035555555556,0.42042,0.420140794223827,0.44466914401657603,1.7329005814665088,0.7294295198744472,0.4555323283386736,3.4753147160766766,315.8652572892606,29.82594771310687,85.85574571043253,198.73828161507842,244.05327392742038,4.64507844299078
897,0.13528777890466526,0.13814498432601874,0.14236758893280624,0.5113745059288525,0.20510981308411225,0.20193277460770326,0.0451349975957685,0.0452694055944055,0.21791857993197275,0.2137951954397395,0.045425572223940495,0.0446142790913305,0.4640705024311175,0.22363793859649125,0.22270318972659472,0.38228393931885557,1.1524222472960186,1.0194742401847163,0.19704781147291864,0.8938923783332954,218.12491468153894,18.974224803969264,67.2473048325628,155.60814063064754,258.2732995506376,4.361924948170781
898,0.32638135338345997,0.3266555900621115,0.2934651098901086,0.4895560439560429,0.32995838509316855,0.3290093097913315,0.25119581280788167,0.2474399570354457,0.2744117647058823,0.27326238095238087,0.223850276854928,0.21862532928064857,0.7041235714285714,0.3892023255813943,0.38588872180451145,0.7344582815766519,1.6269031851240912,0.6379351078497894,0.6643701757619258,1.6791634124081973,299.07123651355505,32.158431464007926,65.83402798111949,165.45227130076714,274.88007409764185,7.403245461838586
899,0.2697316696681246,0.2754009971509969,0.22376082051282076,0.5082407592407592,0.32443669560012,0.3208844794781192,0.1834013032422123,0.18344627969167843,0.3112815279958138,0.31292200107584695,0.17647416324133844,0.17373602536292307,0.7458953568953569,0.37448557692307693,0.36828332753219617,0.42362541363698614,1.2813044013771415,0.7425212407387402,0.7051836401364386,3.3110816238450087,314.50997787312815,37.05459037938943,66.83617651175994,162.98348513933328,214.10923845206315,6.448223183934505
900,0.35267021276595756,0.3555654545454546,0.3648673400673394,0.6994713804713818,0.45338353686114846,0.44909246309246365,0.3478369696969697,0.3469072543618,0.3807846550612515,0.38005427905427874,0.2525104895104894,0.25272283813747215,0.6826028368794334,0.5077129186602879,0.5078315946348728,0.8996448810253743,1.2819455755141553,0.6254935446929115,0.8109422704058213,6.3970697558875385,376.5404139730063,41.61176991394975,92.83026694461252,179.78518030069995,254.23251332320046,6.292603035090548
901,0.23319557719618492,0.2274064372918981,0.2283779053869283,0.6627176799440945,0.5704935451837132,0.5695262621111679,0.1121428842324832,0.11149173312585094,0.38431843760344336,0.38336467143786607,0.10258738828202585,0.10261452627307772,0.6924013722126925,0.7452293178519585,0.7447201257861641,1.0923234042236976,4.054103413893037,0.9622279842416611,0.36351319104235824,3.6004174705762595,451.74913489663936,29.76369754112554,108.00013617383983,233.98286408200016,388.9473981030707,5.613418981292337
902,0.27612448347107504,0.2759634986225886,0.1916755761843791,0.6201774891774886,0.5587172949002227,0.5609392045454545,0.1821705440229061,0.18236891805377728,0.43178305785123866,0.4309818952234204,0.1522840909090909,0.1516155548996459,0.6639520202020205,0.7065606060606068,0.7014181818181817,1.5135596671813516,4.064898163124662,1.4549206911349644,0.46080048933634943,5.579248639131152,401.21220412071455,30.64628955061463,101.59120429307222,241.14668168212202,418.07597312568265,6.590925411067226
903,0.30757605344296,0.305810650887575,0.2914260450160775,0.6517772277227725,0.3409045714285725,0.3422051983584125,0.3440694267515925,0.3402989964580875,0.27169150000000003,0.26911223551058,0.2730297681770275,0.2698847006651875,0.8442008797653949,0.2549818181818175,0.26211541970803,0.5659227739940896,0.7845747323689098,0.9032564761685382,0.7666566640473133,1.59772291054629,299.2972906213254,42.84412716515362,54.55914651975036,155.25619382970035,189.09789505414665,8.265022188425064
904,0.4084471390678276,0.42069005152596206,0.33419980663873655,0.6243442802408311,0.38986830520909654,0.38576149425287243,0.35117621006010685,0.35061222020568616,0.2691032088122607,0.2691175548589342,0.24403980417198792,0.24239999999999998,0.8457946026986518,0.3271191222570534,0.32665630299604304,1.1611902228504785,2.3872135552434184,0.5458534906750853,0.7545597303366265,2.199749252024201,291.8729582673003,34.468262135211766,54.44875067292616,166.10106967132668,315.54372499472106,7.0286521302728815
905,0.43102962962963,0.43299047619047665,0.39276632653061333,0.6125423728813567,0.35964566666666664,0.35932624113475337,0.3588394557823133,0.36017340425532,0.25134966887417237,0.252371523178808,0.2515877192982457,0.25203693045563536,0.87867435897436,0.2995555555555557,0.29520115942028996,0.5657472766536122,0.8189334444288997,0.6165050052106623,0.759028974727889,1.4922763083332387,266.1502330253522,39.82056863605976,52.59883124381304,164.07497692853212,264.8720696258048,8.0666101227204
906,0.2607916241062309,0.25968446601941775,0.31416210295728364,0.6818133971291863,0.5765019550342136,0.5764305413687455,0.34358142576847633,0.34449681818181815,0.4325699919549477,0.4342821457821459,0.23562735462735454,0.2327996709173182,0.7359247159090909,0.7841146540027136,0.750822580645159,2.976453430081987,1.5483958856732405,0.6415863939297402,0.851030814836178,4.390202003243228,484.15194667706436,33.78218971192837,106.58484481444412,254.9740993841128,563.7793727642434,5.6630952961065555
907,0.126373827601608,0.12640329218107,0.14140300065231598,0.34467496012759197,0.361718867924528,0.362506302521008,0.0850722487637247,0.0857122,0.326657433938236,0.329543837357052,0.251530788804071,0.25629630501294404,0.5441718827620471,0.373948922863099,0.369853603603604,0.2652776438614278,1.2385530326825518,0.8666460995355544,0.9243798322594405,1.2142262770502994,318.70300881564617,21.702400408685207,67.646405659616,203.95307801663876,241.50887038558722,4.976196214556694
908,0.162374082007344,0.1530604178430265,0.13958014780835876,0.3946999284692425,0.45205360281195,0.4484464285714275,0.0445305010893245,0.0446794502413955,0.2733106841612,0.27201621240601503,0.043975020920502,0.044301923076923,0.35103448275862004,0.5076093457943925,0.5069313241106724,0.9473339476199231,1.3210133973370406,1.243421979150575,0.19259009112457023,1.249910223065115,413.19658048450947,26.884634280577302,125.81657501868902,237.94526932761073,385.7861098367721,4.8186746425926685
909,0.25369466764061355,0.25459016393442624,0.22155268311790055,0.6022829888712242,0.43633295795795674,0.4339298048048054,0.15459968869392948,0.15465020790020784,0.39048378378378373,0.3910628195763325,0.15970742429176163,0.15931243243243243,0.6933959773727216,0.5872697603263649,0.5724896661367243,1.1847699993390404,2.50529171566492,0.9570387820373706,0.6420996599168374,2.4373325913691333,415.8427271790601,36.37454497653085,96.46736765028658,239.09582743874273,332.71705064721203,5.449304936101308
910,0.2633206256109483,0.2597486499754533,0.2629556040756917,0.6931895161290317,0.37418129907209163,0.37556319290465673,0.21129508856682833,0.21095080576759997,0.34153722677595666,0.3414080345285517,0.19245837335895,0.19250132538104667,0.8096371742112484,0.515738095238095,0.525440217391305,0.7900830390209649,1.5717376689590716,0.645314437142349,0.8039589157014788,2.93020227154465,385.538290720433,40.374440141022205,92.2414124943316,206.58156912152967,275.40735512350994,4.689899894098441
911,0.43221468253968254,0.42546978476821246,0.27306059160305374,0.5672770912547526,0.23646682242990624,0.23646885313531374,0.20351166407465,0.20492245042492874,0.270131856540085,0.2696683996383362,0.25563304347826127,0.25334188596491247,0.9295348639455787,0.33470365535248003,0.33376492117117124,0.35261051074629457,1.0277444365053257,0.5982966459427981,0.8834724477844131,1.1012284618790218,304.759488790296,38.85998739860952,58.682376402430236,161.20467626024038,225.64662795048207,7.564539555460215
912,0.3461898007429924,0.3472276258020938,0.25478326657765904,0.7862842261904762,0.31614697236919476,0.3161461601981833,0.22692142857142855,0.2244676647951757,0.28456291566906095,0.2845404265873014,0.19558240459304288,0.19519536483795047,0.8231589743589761,0.39724124360488,0.39689694940476195,1.0292852415844937,2.2650713578482415,0.8969649111660888,0.7050582234589766,1.860379282280073,309.38218502948683,37.205687147520834,73.5522203502201,197.5261994327108,294.95537746697664,6.096152633073784
913,0.42645853462157834,0.4328987654320983,0.18543640585923502,0.9345610200364299,0.25651894918174,0.260476484018265,0.04436079346557767,0.044344862323707164,0.29988559814169496,0.2984566105155683,0.04402377908463317,0.04442095901005416,0.8476320754716985,0.42339120879120834,0.42258136792452833,0.43489769667421313,1.9345560270689772,0.7890936470799604,0.2008370485110226,11.059972105403673,312.3928016672532,37.85593047117194,75.87825336183111,208.8679155955712,246.03886995464563,4.591265072425206
914,0.2822365459882582,0.27703619367209964,0.3701055625790143,0.6152369614512464,0.4324278273809536,0.43505,0.376953024453025,0.3666890331890321,0.3310216165413536,0.32315703380588895,0.25652,0.25606567593480356,0.8732253968253965,0.46215722049689284,0.4621928571428571,0.8181493542127802,1.0956090435074992,1.2332012181437733,0.8055702084978883,1.6507432157926878,323.77456830415343,38.69183378161064,75.15005501253265,159.05647555233114,261.90305444678023,6.736146419176033
915,0.3969247939560429,0.39960453869047496,0.3972724867724858,0.4744113300492607,0.31600300120048036,0.3178940281030447,0.3096621779859486,0.3034893433179725,0.25489219576719574,0.24941602891156464,0.24245815074496074,0.24545836985100786,0.7184397759103642,0.2889739010989011,0.2890439765458422,0.9337145726642924,0.8090378411565619,0.5900432288258904,0.7097035173459932,1.7721010201701062,252.11952743120492,37.10318123921752,52.40530257911554,142.69153387951,209.69444636388548,7.643706963530609
916,0.21698108448928116,0.2169372909698996,0.27005069930069925,0.6838919098143231,0.6464145927601808,0.6457794871794886,0.25060509554140115,0.25332835164835155,0.47958333333333464,0.4759356187290961,0.1796077981651377,0.17998507200562,0.8260112179487191,0.8266745014245,0.8179332365747461,1.6137175626870701,1.7867497884039203,1.2899114027000353,0.6871873859942869,3.19187695753512,558.2663723124334,30.454444304968302,120.76212576805399,301.15849535482437,412.59614338811775,4.5941300833454495
917,0.36770662139219,0.3633246875,0.48985339168490194,0.8556352941176482,0.24542188235294202,0.242721046373366,0.24445035799522602,0.245076086956522,0.21193235563703,0.20885298245613998,0.20860254154447802,0.211998925693822,0.681295043731778,0.25471699029126194,0.254699611901682,0.4617018133555528,0.855598636390182,0.6139662084585784,0.7477098007789954,1.2407187915219886,252.51146871596575,38.06497901678085,49.55200478434563,134.0404385700822,180.45573960989714,8.251299150288105
918,0.4177131211180129,0.41283306581059426,0.3591253929444643,0.5484836811128944,0.27631945090739857,0.2761829300026029,0.22864445331205144,0.22950848214285716,0.23915287811698857,0.2400346119929457,0.19808099572729,0.19577279726261715,0.8767976190476185,0.3001744004171014,0.2992336716107214,0.4254529044050898,1.0064270427562285,0.6838616230675633,0.7235403370008555,1.2636774875734957,259.5938609114715,40.75464260365282,58.55466505246503,151.4781599066087,199.004532104092,7.905554957687855
919,0.183572998687664,0.175711457998069,0.165248821866164,0.70552602739726,0.28645181321410845,0.28424763799104946,0.0630380141010575,0.0639052938586835,0.2795680019782395,0.2787286255411255,0.139141943127962,0.1382671976828385,0.552526748971195,0.3602857590966125,0.3549121663563005,0.42729068929799013,1.1215899583395963,0.639760564463174,0.562132842995598,1.744800376696342,299.63995330035686,34.99455051496625,84.88540770485997,211.68028470128775,249.72340324893597,5.318899638950825
920,0.41827513227513335,0.4167191697191704,0.2787168615984404,0.6004859708193038,0.48259812686249637,0.4778045007032333,0.39515706447187776,0.3933850517183852,0.3578482207697892,0.3583899371069182,0.2539033913431504,0.25376543209876556,0.8515155555555555,0.5481481481481482,0.5457338820301778,0.9559617031545096,1.2019598961401203,1.31254976371764,0.8568136828674549,2.0834597770687218,380.7227523928439,42.498360939875795,127.50934499005477,184.7483674754147,321.0025261742649,6.973984892721529
921,0.37295347985348,0.37020942028985665,0.39974157303370667,0.40889856630824334,0.28342682291666665,0.283350656167979,0.2770384057971013,0.2770100719424459,0.24963112745098034,0.25172982456140336,0.245018287037037,0.24551333333333333,0.7298246031746033,0.31114754098360664,0.31084848484848504,0.46380448973336874,0.8716565917192473,1.2947643007439553,0.7838042706111241,2.4355089911685597,270.9100868863364,36.12732126687964,51.05332704260945,155.55310063064098,196.8450021619598,7.822030068685611
922,0.32686780866192616,0.32755525030525,0.24057904300424002,0.7074261538461539,0.3413789723789723,0.3399092109607131,0.054007683321351536,0.054059032885683075,0.3382931904161416,0.3407637975407492,0.06322820706923661,0.06336167560154592,0.7397484949832778,0.42697570850202465,0.42708607068607074,0.4977826725328501,3.2187610624717617,0.8727748105829758,0.275698118978237,1.2859244794622002,315.39023710558047,28.41182375470033,91.0403851706248,216.31088143644425,281.2501687843066,4.555016326216551
923,0.48527027027027003,0.48085734265734276,0.3053316553153691,0.7083884297520664,0.3267635114026864,0.32747869318181816,0.32625460299194453,0.3250865013774109,0.27297891283973724,0.2698217988907646,0.2673613847452854,0.2670358441558446,0.7935878274268101,0.3229823953823954,0.32258848484848457,0.4238391010647447,1.096387006184864,0.7268161118077393,0.8727506150396702,1.3536285539824764,283.2999706945636,44.20572341504422,56.79458422078328,158.91567930917847,214.70764186233282,7.943017408251762
924,0.1511861076518609,0.15352642087049093,0.26698375687712816,0.6751341070277236,0.44791958041958,0.44956891495601176,0.09493886987884909,0.09502008141112638,0.3596257783312582,0.3586816440264718,0.11459829305715363,0.11377727272727273,0.7649538567493109,0.6078068924539509,0.6080512684989428,0.6900773956146243,1.607532174424325,0.7911505904144512,0.5515767092958221,1.9121802169316338,394.7584741664204,33.73417156663808,98.07672097601674,209.37833469361067,298.384361138398,4.844727333296429
925,0.35625951248513793,0.3548596307906655,0.2841212284482758,0.5480801061007966,0.36224623603691036,0.36441199712643796,0.24349851000425726,0.24498688385868414,0.3411112068965517,0.3403932360742707,0.2336451724137931,0.23271733212341206,0.7363165517241379,0.42746690447879654,0.4256310760282518,0.6646551911063269,1.0021427828978782,0.796339106515152,0.80341161341223,2.833296894761181,321.73257867067025,39.65462252883048,70.72555720163831,184.82719756791303,285.6652332662508,7.269720964390656
926,0.4117719562759143,0.4048944405348343,0.2476043956043957,0.8150484126984129,0.34123225423225423,0.33689249196611143,0.22410230899192857,0.22301040537611144,0.3000293341155757,0.29924915635545574,0.19098745399799286,0.19060545905707144,0.8519415247964471,0.4038139446760143,0.4042595238095243,0.4529489609500125,7.416847769281908,0.5115355918234749,0.8424316096815485,1.5524327679021563,294.78049171822414,33.53391241814409,70.47325904880252,173.6328172098313,252.84412716116225,6.72031393540757
927,0.18765951790145285,0.1863828016643557,0.32406724657076,0.5672301587301586,0.4775465838509314,0.46834635734635716,0.2507517059211971,0.24844888696779716,0.42670704225352146,0.42698209311579854,0.22558584534731288,0.18112201989863003,0.9643652924256958,0.8714359733530713,0.8825997023809528,0.9299081616442032,1.5705008062999988,1.1818156703816436,0.6889528631029406,2.249483558203886,547.4740938682642,34.28065351077488,127.48041190207005,243.63212952656406,351.13444152687276,4.946982621082237
928,0.3200628672150413,0.3208442525312695,0.27739252564728917,0.6170905797101457,0.4655122282608695,0.4644569565217392,0.21493624581939802,0.21648139632107022,0.3508786231884065,0.3502225241545891,0.17854680925666197,0.17801295097132283,0.720096618357487,0.5918093167701869,0.5900758082497217,1.14945276824271,3.5849716428630876,1.488682443123696,0.5386255559039299,2.4713938732893403,411.56932812831974,30.045147033651237,86.27491618466117,184.7430127267928,288.69454880528474,6.43918047780576
929,0.29183251500272767,0.29107294000497924,0.18716163583252154,0.4736162538026946,0.3155372405372408,0.3138350487540631,0.22316721565588077,0.22315276577355234,0.2887629666750185,0.2920104638009046,0.2099499389499392,0.21219910597876693,0.7023846153846154,0.35610763027295306,0.35710957613814764,0.4802598831494971,1.2529814180455543,0.714979781047379,0.8739828943203037,8.204696935094985,278.93316000699997,38.56085778142397,70.67803794947955,186.98985401827557,262.1326004513181,5.8242066118579645
930,0.74357928388747,0.744594364351245,0.19717785714285702,0.439938,0.28161008024072204,0.281929205722743,0.25209562043795597,0.244453621346887,0.24316022773485152,0.24805570713960898,0.1907831699346405,0.19226396327467501,0.601251482799525,0.2574878513577895,0.25889788235294103,0.8858863523361413,1.0103825608018107,0.7682507418926448,0.7358100658251262,1.19480627728954,283.5765131749213,28.153019957244396,75.25732507929206,161.53684118762612,240.1055535301566,4.651898052543402
931,0.39125181159420336,0.39349268292683,0.3291785507246377,0.41380341880342003,0.321084699453552,0.3217456456456457,0.31667746913580236,0.31037933333333334,0.2546623333333334,0.2535164444444443,0.24257310344827598,0.24533602941176466,0.73581811594203,0.300417543859649,0.3011181818181816,0.4827375795395831,0.8680771979571735,0.542951415055713,0.763615178481044,1.352376105292015,257.25744975109893,35.452256755282484,49.216424425443016,144.65392644827566,226.03923610101143,8.24564058954517
932,0.4469266972094959,0.4454128728414449,0.2674535714285714,0.5018202344767695,0.4231435860058306,0.4247781557067265,0.19849543719927,0.2024759099516096,0.3449632653061225,0.34508937368050613,0.17584701325785798,0.17538254133770287,0.833966472303206,0.5654382384532756,0.561804191947049,0.6449211001815605,1.4038773164875846,0.8373582417416356,0.5527682899527171,2.0880373578401317,379.3848265076474,37.92950645925439,86.12406173987048,179.22902527284256,323.4327333618183,6.61838780708459
933,0.30423863636363624,0.3035687761506275,0.29215717539863373,0.8992714041095887,0.30636247016706497,0.3034472573839663,0.25577517211704,0.25734602490421504,0.2914007653061225,0.28997065462754,0.24186312499999998,0.24358121827411122,1.03182251908397,0.38826873088685,0.38716324362606247,0.5566862843549156,1.24357458974156,0.8798800288473622,0.9762096753438814,1.6204912247585994,293.99109189398587,47.73084365297109,72.57474353536963,153.82675628643483,267.055127187632,6.564561044797301
934,0.4653064,0.462357021276596,0.414467722772276,0.57063105263158,0.317488163265306,0.31739479452054803,0.3179124242424244,0.3175614598540144,0.2425917021276596,0.2424560846560848,0.24312142011834317,0.24251255813953482,0.8321258181818201,0.2918169620253164,0.2896242666666668,0.5520919034914462,0.7895899423540933,0.5569382670959531,0.7342177916651234,1.3851911979657365,267.62486062943935,36.10346280038357,49.17693231254816,152.4566961452365,245.0027447193861,8.084083907306194
935,0.3650785964912267,0.36340850340136,0.23092364864864867,0.7258346666666667,0.5064628019323666,0.5076995614035099,0.10656758974358967,0.10296770833333334,0.4359430894308934,0.43540421940928326,0.09825079764903433,0.09764134697357199,0.85143925925926,0.8019433333333333,0.9407480620155033,0.7720484055021846,2.704570863179074,1.0346736704389383,0.36188967094276836,2.3633884141769292,493.18175685281557,41.036546851197876,123.08184367914994,208.54510366916656,327.57108643030125,5.055593016246955
936,0.44058636363636333,0.4420320987654333,0.32181226415094333,0.3712830188679233,0.297414005602241,0.2995767441860463,0.28431004901960805,0.28291021897810237,0.2579466216216217,0.260463063063063,0.24502547619047635,0.246390534979424,0.7336624999999999,0.30482939632545936,0.30359196428571433,0.5305467052971842,0.8473548618013442,0.6627669510334169,0.7314333218228606,1.3787617801462084,262.8551858166853,36.931714663902916,51.225235996147,144.89097287878394,219.78951680163541,7.787470240145922
937,0.2753875585632482,0.2751622468659594,0.28068444666002,0.6239836601307176,0.31377260348583824,0.31330790441176465,0.23416601307189533,0.2337920588235294,0.2918771786492376,0.2949966386554618,0.21689462547608973,0.21766897347174177,0.7782616892911001,0.44393498452012353,0.4441349480968853,0.9849412979230981,2.3545305325780514,1.289799822429232,0.7313946479618669,2.9760166667865806,338.17494096344006,36.119254004648504,82.67958319800742,185.18176820019588,256.1630290823386,6.38924676048405
938,0.3575310365310371,0.3512603319232014,0.24673832199546428,0.5064673604541157,0.29263109581181856,0.29292256799804,0.19582470046083,0.19651677717500574,0.24662886816447713,0.24791095559845572,0.16271767363071715,0.16193875278396427,0.732521463757917,0.3270155790711343,0.32777033952594425,0.3762931793894658,0.9929419999611155,0.5846715902350467,0.5926834662079378,1.7576926264208255,258.6574559765203,35.572228288011885,61.77771969565323,148.71793599533183,224.46918633899517,7.381383329629898
939,0.323333725490196,0.328966,0.339294,0.636394545454546,0.501645454545454,0.500147234042554,0.35194878787878797,0.352621034482758,0.38863466666666596,0.387707636363636,0.251350315789474,0.251462857142858,0.790405185185186,0.5237152631578941,0.522608717948718,1.6863745448056067,2.448240152540023,1.300869908354658,0.8714044340011645,3.4757679495879934,386.77162723615766,40.79349339008331,90.84777627140284,227.90892841294408,350.6955560296774,6.737492047250271
940,0.36953089488636376,0.37359794776119376,0.287125,0.5742192982456138,0.3412251958224537,0.34726332487309625,0.27038921001926747,0.27239336016096627,0.3021526041666662,0.30566498881431753,0.23577834420880875,0.23742754777070124,0.62228672985782,0.3405020114942525,0.3378536184210525,0.44666669451313046,1.30047530276007,0.554718125851402,0.9516952834807624,2.2396546747088677,271.42530016135424,42.72207152098417,63.6986835161224,188.20943078026175,227.94351389165968,7.0029753260314465
941,0.3986489361702129,0.4002244039270677,0.34661641648035807,0.46436129032258067,0.3236248847926258,0.32541680814940643,0.31075327897908545,0.30953034445051936,0.268257593595479,0.2693013090229078,0.25209523809523804,0.2521631878557874,0.7476410432395323,0.3148539257455874,0.31401442433779164,0.5305452061738706,0.888217160433805,0.5758118221868467,0.7965483545178508,1.2512506763507703,264.21754155308014,45.67299338598405,63.657875533305834,155.52569661409623,255.6672567621835,7.356096419595903
942,0.25463355555555534,0.25339015990159935,0.21963102119460534,0.6003441025641026,0.345284927536232,0.34502043551088796,0.18661587301587332,0.18786218776916466,0.32223507109004734,0.32561148325358863,0.17869770723104064,0.17818237347294935,0.5648350364963507,0.47152285714285735,0.4727889570552147,0.6901436541913545,1.0762221974335249,0.912563632011243,0.49501845443671233,1.360565324635505,339.5668991530935,30.623630930980045,83.25834137698014,205.52299916744232,309.717805745701,5.93219418078661
943,0.254426650943396,0.25820979899497504,0.19273410714285702,0.566320408163265,0.2735362433862435,0.273563440860215,0.158039304812834,0.15680860058309048,0.264597549019608,0.264493925233645,0.1672630747126435,0.168150165562914,0.6524454022988501,0.3563258620689655,0.3644122302158275,0.6458050107542277,1.334166569713285,0.7873611849010859,0.6108692567127775,4.565494885896804,270.54218808189034,33.71492843143642,65.49763726070523,177.4924632627517,271.31872484460473,6.316789658740163
944,0.25670530692100757,0.25603189655172415,0.27324993317294827,0.5893683908045966,0.6227764182424932,0.6201921989824759,0.12441058299679,0.12407567998179138,0.3887616934107207,0.3889139825691551,0.12100741218175964,0.12117891206372483,0.7108809368900448,0.661933956750438,0.6631845466155827,1.101770874270335,2.0136646033277152,1.1745747944989422,0.4325739270488156,3.472384669933672,470.3178190915235,36.70753975366724,105.77191293624968,246.11172667736636,530.070800269986,5.324182485968902
945,0.53555761904762,0.540919047619048,0.32288895522388006,0.62289076923077,0.55992972972973,0.5590855555555561,0.262002025316456,0.26017333333333403,0.442645531914894,0.339339344262296,0.1594405405405406,0.162431129032258,0.793277333333334,0.521051764705882,0.520070222222222,1.1706701742210592,1.9302019629526888,0.7724005858219569,0.4995645855338662,2.101471994936116,378.5459571518004,32.41641167551279,84.21695977449417,173.7694670446217,254.88476874306798,7.094934117048979
946,0.29543811881188126,0.28830375,0.14051649305555503,0.5541358695652174,0.31612614416476,0.31828937947494,0.194758843537415,0.19644386331938626,0.28486234177215247,0.2806668454935625,0.1682923206278025,0.1649457465277775,0.71040931372549,0.32231574074074126,0.3188500593824225,2.0974729177458635,1.5946662917294272,0.8659666040722476,0.7926908826877664,11.145536580601686,290.1137399021536,36.19795897975564,72.1677322871983,203.0321047641337,269.0726862056181,4.440514021553099
947,0.33251388888888916,0.33349448767833995,0.20517870579383,0.7250252525252526,0.299090579710145,0.3037272727272725,0.16756132879046,0.16772038834951417,0.2789882352941175,0.27770648967551587,0.15755538140020917,0.15692134213421333,0.7585257575757575,0.35450000000000004,0.35481129476583995,1.7072353906766524,1.342226282755913,0.6922048118869455,0.6400192469299725,4.7127873485674145,311.1648528526227,40.57711727606753,78.26198125258088,173.7611833959818,243.41203970834613,5.5751743881652756
948,0.31165146299483715,0.3151978248089357,0.33621215106732283,0.6548218554354015,0.25037230098146146,0.24996949152542428,0.21117310694769714,0.21080686695279,0.21526668002404284,0.2155830658105943,0.20090961038961,0.19932774126599856,0.9232888368462143,0.25894030969031,0.2573971526755029,0.4293855101528739,0.9338132527826034,0.7121613342301378,0.7972158224028832,1.5978795807078683,276.6295103356242,44.36845358993326,66.56803057662079,142.2897446900606,196.6488015438829,7.066955523831504
949,0.19908111131829193,0.19750894200234,0.30655155529953904,0.5708615384615388,0.3534694316436258,0.35209190505173543,0.33528744809964844,0.33415806451612906,0.2560695564516129,0.255022757401679,0.2354642857142858,0.23555414746543776,0.7201129032258065,0.30138418826017965,0.3025152801358235,1.012325358232238,0.8468980442500821,1.3413190209359955,0.7086445705995429,1.6382030625052095,260.1714466788596,37.04631761197121,52.87494765774858,154.4977590862301,256.58973252340667,7.104248018755067
950,0.3654330484330487,0.3689765478424026,0.3083247863247872,0.607255341880341,0.4017478047067077,0.40298249898250005,0.2762328863796743,0.2684414610546692,0.3314421513445897,0.32855014245014363,0.20237015615962972,0.20248643084409515,0.7154001349527667,0.46274759615384614,0.46527269027268975,1.1664177448135868,1.0316607827603208,0.8280636683536233,0.6139205623359413,1.8823621947934697,317.37199960610803,37.60116389737679,86.40115400059865,188.13931084691714,310.01979294113625,6.9520716818097315
951,0.2678870523415982,0.2658975346687209,0.29333821263482274,0.6283815789473682,0.2697589910089909,0.26945499886647,0.14044929292929273,0.14143157380254182,0.25063759213759185,0.2495456730769227,0.11902841541106274,0.11861644825095453,0.6918753071253072,0.3703346007604564,0.36862974573319357,0.4611036222914539,1.353944493770919,0.6884662228032152,0.4485363271018839,1.1621455895128756,286.4161485128782,30.846654606813733,58.898027054965496,171.05464357882738,225.3421370617368,6.3859645954587245
952,0.31819262295081996,0.316567771084337,0.2313052,0.5621931707317069,0.28134800000000004,0.28328677685950404,0.18570936967631999,0.185055172413793,0.267856206088993,0.265855844155844,0.178346167883212,0.177741116751269,0.8553484848484849,0.342773899371069,0.342875757575758,0.47159714442646833,1.125547049678537,0.5957806548953177,0.6937205915560078,1.3497479451099303,281.3417976722121,35.92716995626688,65.6569516286254,164.07747752964497,209.05927987769246,6.725280545651913
953,0.3076215986394558,0.30741398809523834,0.30793075980392165,0.6440082070707084,0.4813968855218875,0.48124999999999996,0.35579911924119245,0.3573171487603304,0.4124425566343042,0.41295555555555546,0.2510281413612567,0.2504238826815642,0.7597479838709665,0.5912443693693709,0.5928955223880583,1.1349559427207083,1.335685919999089,0.5363448421968592,0.7962004883119668,4.131312484205024,429.4675018172711,36.22323274612427,97.89414276989798,223.07523953107497,392.97032926697284,6.447041717668374
954,0.364337579617835,0.35774301675977666,0.18378548212351,0.9374480874316933,0.33962940140845,0.34466903914590663,0.044758032867304336,0.04441144634790767,0.3250655893536117,0.3252148962148967,0.044209852536055666,0.04392543255244216,0.8402731277533033,0.47307584269662994,0.47191975308642004,0.5332990506145479,1.9646258220047468,0.7171556059804668,0.19775762332189242,1.5652881705289075,326.66906869659823,36.328608014931284,78.56966306765874,207.21814750383297,284.46839035799104,5.011147974679868
955,0.27218085106383,0.272133510638298,0.33226,0.722009554140127,0.457999103139014,0.460322310756972,0.20936447602131403,0.210974306839187,0.343016088328076,0.34277147335423197,0.161853615279673,0.163203566333809,0.642441975308642,0.5866217391304349,0.594814507772021,1.5185620790537766,3.50233913051119,0.756063346281116,0.5585054243699947,3.2482904152290346,379.1260812431574,32.66994375735521,105.54005857557058,235.32145423814654,377.63736210763454,6.795891094952822
956,0.35392213883677315,0.36017532697066096,0.20866585365853657,0.567022399203583,0.3773538461538463,0.3808736141906878,0.21039487804878046,0.2099733121244256,0.36149486521180973,0.3586964403427829,0.2058000358680056,0.20664798477772,0.7196863143631439,0.48934720229555123,0.48933811573409763,1.4071225534899532,1.5555178881205376,0.9564914172038734,0.7574680884073766,4.959631741476362,350.72320947287284,40.72037139316885,85.04379472536284,223.49351074364853,318.1875513003367,6.481777967476264
957,0.40407522429261505,0.4081537911301867,0.21536782296650667,0.8242550387596901,0.22556393861892668,0.22682251082251,0.05913184968594334,0.05914443084455317,0.28761955420466,0.28418248945147667,0.066157242447715,0.06674488752556233,1.0098743455497383,0.3954655047204067,0.392423245614035,0.3853285385613252,1.7732821454326206,0.8663456679930865,0.32615898858645404,0.997337225862656,295.01951842879254,33.35819346830249,75.43760196616252,194.6389131868879,237.0997021595637,4.812500750025113
958,0.215407460252752,0.217567910310605,0.19556406276944302,0.763535527299925,0.43629707652622496,0.441338098918083,0.13532164480322897,0.13638285300856098,0.341637450199203,0.338991037131882,0.179061478482531,0.181640097724843,0.813851691864651,0.514789156626506,0.514953550692273,0.7804744909152515,1.0100787301635843,0.761960342752674,0.7359957373366484,2.4408440761755434,312.456046231091,50.640664994716644,100.75140744447708,266.6681073606014,322.194118052721,5.450495518743992
959,0.3696024563671623,0.3775374266988616,0.20397773802424998,0.7905568413886999,0.3169162575013639,0.31866042702544617,0.11276436484108077,0.1122699506375977,0.30115487179487155,0.2964232047022746,0.09952964393684924,0.09908596019365232,0.5864179323860854,0.4277154225085261,0.4276401627218931,1.8452360536560168,4.3406435761756885,0.8290571032782831,0.3705434446587082,1.2850895605633572,307.2998611829602,27.817491298684708,74.506586847397,193.43541397784765,301.9808809487866,5.615309167366761
960,0.41976323529411763,0.41998243464052354,0.3528012995896029,0.6050352941176471,0.33125337009803824,0.33117828987265,0.31496503884572646,0.3146949891067529,0.27838977460142944,0.2743464912280703,0.25956676470588236,0.2612514464802315,0.8277432126696823,0.32671218487395,0.32953417366946763,0.6597282636156703,0.935961733163486,0.6702488141192744,0.780809010912343,1.4291906370866538,274.4119059677948,36.878799608744245,56.52613266754676,160.5030902497032,234.61129064397778,7.657370502677034
961,0.15466987179487166,0.16264069264069267,0.15696920042482168,0.82017149758454,0.24040096314907866,0.24835033524904196,0.044352093529092,0.043802282101692326,0.28670911270983196,0.281213290460879,0.043539814341679334,0.043668080067232,0.6930324159021399,0.3624341815896966,0.36185084427767333,0.4123379782447156,1.480608287595575,0.5766621046012134,0.1974559181634998,1.0576798142703872,335.81584381560486,30.15409844617049,95.59205112357934,224.8564502224326,221.39409556984901,4.725437611341476
962,0.4488754194630875,0.44734045031055875,0.33383149350649377,0.5886473958333337,0.276342911877395,0.27647113594041,0.24644984879032253,0.24672770154373874,0.25268305160142374,0.2513802724077325,0.23167908858603126,0.23331840909090873,1.0265322265625,0.3097861617312075,0.3099754319654425,0.43525483627499456,1.042916117391733,0.5695147303846402,0.8629401039461653,6.320732532739822,286.2481924239546,40.55954923387617,61.410499620251365,152.49157731886953,201.29966433160007,7.8721612226217985
963,0.3944782608695666,0.39475412351361816,0.3023120089786757,0.47010419261104247,0.33955295220243636,0.3395434565434576,0.2862190760059612,0.2854578815679733,0.2662910557184751,0.2656242424242424,0.2155436117936118,0.2159960292580982,0.7834211344211334,0.33001225016118485,0.3312062672176303,0.5055254272090799,0.9560464005695866,0.5757598366387119,0.6589340843551259,1.2973608999790822,284.0490856518348,37.794598293575376,57.966395450586624,161.2792666437048,247.52055901582492,7.474436565782085
964,0.1030236886632825,0.10589786928908017,0.146304546677428,0.4130128479657384,0.41700040551500334,0.416403470715835,0.04909846209846217,0.04879457150730233,0.35683071381794335,0.36293227091633495,0.04869743022934517,0.04873868520859667,0.43519523809523825,0.4675602355072466,0.4689451697127933,0.5786150922709841,1.534599878183028,0.7935984751790355,0.19879471007746508,4.506798682044148,329.02584644034505,21.87426434829831,87.44010313724478,230.56548476840058,332.31830845276517,4.488734217981498
965,0.37468421052631484,0.37393411996067033,0.3332726423902897,0.594163177670426,0.383141612200437,0.393124228395063,0.38057374338624445,0.38244304682040375,0.26102840263576443,0.2630583393851367,0.24294708994709002,0.2396573491730726,0.8870092592592593,0.30150869236583516,0.29789032443296,1.9356204424607473,0.8390673308094045,0.5904637676301875,0.7104682921654304,1.6102982356739006,294.92735155616646,36.68244031292421,50.95579695922357,158.39180753876767,247.4194815106414,7.787910807463858
966,0.33402418414918383,0.33059577677224766,0.28747168216399,0.6567655677655677,0.37843368700265234,0.38385535831689693,0.2741644388398484,0.2680884851344977,0.35426173402868305,0.34632798304058154,0.2573641172581,0.2518333333333331,0.7636551724137932,0.5583865628042847,0.5662408026755854,2.4041088961942307,1.3669669852932367,0.9361842403495556,0.9050798014202144,6.204020434028978,410.26677578114544,37.88081499246451,84.54083178478938,194.6113699187453,294.9586227679482,6.21907663746522
967,0.16243058191018356,0.16588788741302968,0.29309992723744843,0.7848401433691742,0.5278686217008806,0.5257982667308613,0.08162199969423645,0.08142307400379516,0.4057266926621775,0.4053074596774194,0.07581554049020355,0.07630676925248807,0.6862419354838709,0.7256016830294517,0.739647595861229,1.4229728234410846,3.284990477875223,1.062623534506235,0.28509494790293977,2.7314158877718024,461.32979614119375,27.46534113201403,109.65556251786408,242.66424213325786,352.4179675526196,5.175661475908372
968,0.38787375886524667,0.38846228956229,0.3503190972222233,0.4057702508960566,0.36178842592592664,0.36771573033708005,0.35004807692307666,0.34417270114942666,0.2710055555555557,0.2668213032581453,0.25064901960784297,0.252728132387707,0.6803455782312933,0.3214819571865443,0.321239755351682,0.9980164493355619,0.9592732245598691,0.5402664663568306,0.7769143609872414,3.0627331891617735,258.67747065300745,38.04281586781144,54.34679954002301,156.92831560348472,233.29242520655194,7.614419640352328
969,0.34933606060606065,0.3490733471074394,0.31748634863486364,0.4572670707070697,0.3228208874458879,0.3274248546066727,0.2814344305120167,0.28120181818181816,0.2640518518518518,0.2596617692072236,0.22071545239630364,0.2206681500317864,0.7463906455862971,0.31522242424242425,0.3227278287461788,0.8235110499470426,0.9649079628256366,0.6146553097240404,0.6724538458970191,1.4740476755222054,261.33579667657614,39.47036510164087,57.474858212200076,156.96204817769203,234.46171615046984,7.579191305646391
970,0.3567355977355982,0.35966219389466636,0.39825641915336546,0.5571931818181818,0.2833050984623682,0.2869657444005273,0.27415143003064363,0.27565788058095725,0.23632727272727275,0.23607789256198367,0.21870537948290272,0.22051012223071,0.7796457219251335,0.28952587825154186,0.28684804052252727,0.4387703187811281,1.0789665646652058,0.6236311468286507,0.8078261107572363,1.3321834809095836,266.8107034299861,39.57720050080256,55.43195981193673,154.35522549193013,216.53248166496104,7.600019770589742
971,0.1898131760078663,0.18615605144893851,0.31561563786008223,0.633570621468926,0.4934739908447778,0.4850093708166,0.1499933862433863,0.15354312262792813,0.3990613168724297,0.41110419210419263,0.18319759079467815,0.18426278659612,0.6656560846560852,0.8026078904991963,0.8006398739164704,0.8333353878572475,1.6249987304690678,1.184119105011566,0.7124090438867399,2.8360731617056607,474.84731336158734,33.79402268264029,112.39985297261565,241.01397764213658,319.61091725086726,5.788669955951196
972,0.27573663503818546,0.2810441962117531,0.1949533468559838,0.4599454022988517,0.4897037205081655,0.4886034482758621,0.11725314165074897,0.11660020283975656,0.4685118989800862,0.4733346284604173,0.13209423627536415,0.13226017760350586,0.7396126192223034,0.6709814814814826,0.6720364346128828,1.108452561573019,2.2871804094782786,1.0734526782398257,0.5671190672462253,2.904745479846614,470.98131497101537,33.0161656542071,117.45787643153092,237.74363678591004,379.47572960421957,5.654203866062494
973,0.4519185950413219,0.44764989059081,0.34806215277777797,0.756544604316546,0.241033123689728,0.23997511312217198,0.243228841607564,0.242524013528748,0.26647798882681595,0.26734060324826003,0.269207882882882,0.261169039548022,0.782600735294118,0.318721978021978,0.31522248995984,0.42570573028270375,0.9998319365577745,0.5655460891167714,0.9059221497736416,1.0988907424093266,362.4040074646473,41.38424526900053,52.9276579618454,144.77915596216917,217.32287015765905,9.06866043806076
974,0.4313159041394333,0.43197158863545493,0.30945928880026663,0.5733889772125059,0.47511411764705885,0.4726442577030804,0.18774232026143783,0.18756274509803925,0.35313204656862746,0.3552703505644686,0.1698797165925194,0.16810246203744647,0.8549684569479962,0.5829254901960784,0.5811518350930117,0.7518769649796622,2.2901871167684997,0.8668369815714323,0.5284006732717823,3.1286458469413168,404.0502965925079,31.8930484354496,84.56841449015864,184.21211919071627,262.2082514469238,6.620268629608201
975,0.42276109090909103,0.425010294117647,0.325961971830986,0.641066483516484,0.283332105263158,0.286387769784173,0.24460484210526304,0.24662090261282704,0.250383298538622,0.251602941176471,0.221371428571429,0.22163136531365302,1.0197419642857102,0.304686686390533,0.305031025641026,1.3547379305683243,1.0416634415811687,0.5293945418303259,0.8064830906793995,1.4181712965037598,288.59904035925865,38.48656080663204,61.8065195158124,157.53223095089197,212.8525055013597,6.9431401789188385
976,0.39373956043956,0.39321842105263,0.4212666666666667,0.46619839357429665,0.29839088319088336,0.2935822404371583,0.2971576470588237,0.29526027777777764,0.262692156862745,0.263665,0.2632565891472867,0.2614915824915827,0.7913613636363633,0.315031746031746,0.3234186440677967,0.5671934759402386,0.8739872375578132,1.068125876518493,0.7878042204218564,1.334604564689047,276.42759572093684,38.2954355639716,52.99366700152556,160.40508557731906,205.08688176050782,7.924400269985199
977,0.4124041700080207,0.4171542037969793,0.33124310344827584,0.5620635467980309,0.38475458547322067,0.38883620689655174,0.38556397035127243,0.3843285809018552,0.2489453676776069,0.24981266813401792,0.2460519540229886,0.24784386378239448,0.7957744827586207,0.3048623321926824,0.30395329153605,1.0552011199758042,0.8556855749905689,0.5805965287349363,0.7784612155491307,1.590732754470909,266.6704268355308,41.38035523095007,55.96306592482945,152.495130093704,282.84925100361477,7.780675840531957
978,0.2503044077134983,0.24866959921798668,0.2661674578059075,0.8028608695652175,0.28777089704383246,0.2837490393852067,0.17404590909090914,0.1741599767306575,0.2690666666666667,0.26635699263932666,0.16361658105022833,0.1619037258248008,0.6146311188811192,0.3532021349862258,0.3528842975206608,0.503392631204006,0.9657124165526773,0.8830820270218287,0.5183139939505206,3.2525509783767803,290.930059660847,39.172779846315585,68.8896921928972,171.55007614443699,233.3651044561217,6.6997405762473745
979,0.34595391246684376,0.332477116704805,0.29096239837398374,0.6373524881516588,0.28378689427312753,0.29066398390342,0.216563344594595,0.21874959283387624,0.29284273373983755,0.29571272421524625,0.21548031655844124,0.21772750796178375,0.8565487012987012,0.3262428977272725,0.33219323394495376,0.46274659646055266,1.1771896217724358,0.5678289648803052,0.8782338899608846,1.2504071729892399,297.21033351961523,41.30025045014918,61.35631410870701,149.33476340956986,199.87351552117616,7.164664566516876
980,0.33395856273543895,0.3404252873563217,0.3133482082488169,0.3763397988505759,0.2766331345605393,0.2757394051066069,0.24916894070950138,0.24876810923397377,0.2511942383238762,0.25169137931034485,0.2318338374672314,0.23018058076225031,0.680448275862069,0.2931072472238459,0.2939823754789272,0.46034299376138205,0.8941823658214951,0.5857451901066282,0.699613632474621,2.009223059274655,253.81441388664575,35.939967773597814,55.03685920146005,155.41138127446175,210.75019532621934,7.681544581107024
981,0.37803978779840686,0.3878504672897207,0.3544899036968,0.37834051724137935,0.32461471626391514,0.3192706896551724,0.3215867816091955,0.3200655172413793,0.26187739463601517,0.2586195005945303,0.2556240102171138,0.2563490819525303,0.690325391849531,0.3023978132884776,0.3010697737068965,0.6573806452722614,0.8206246698953793,0.5671097949945743,0.748839160287275,1.2641434681042758,259.05382514385315,39.9844745045592,57.781205095093824,141.79283833323882,225.94142576743818,8.168410317137324
982,0.31459557013945866,0.3263830529990478,0.34405391304347827,0.7023146997929609,0.8566308300395261,0.8578787625418043,0.4411912273951522,0.447257466918713,0.5704313946922652,0.5734252873563218,0.31415877820583393,0.32096968769136563,0.7745583524027478,0.8232901508429478,0.8193614130434783,1.7236967518800903,1.7615960668428579,1.2372196225963161,0.9285306012663339,5.769367281120301,510.90602823735577,33.60544898263786,115.55092287776263,276.66128665694725,472.5249656273619,4.9927302271775575
983,0.38396316165951333,0.3887611336032391,0.22640717299578084,0.5678601973684209,0.3130347457627117,0.3174317653890825,0.15906450617283918,0.15720409836065583,0.28913815142576166,0.2859980998914225,0.14195171568627418,0.140724622285175,0.9649638554216833,0.34648193916349834,0.3446824494949492,0.5327118213973407,1.3098220410755845,0.7405667949711504,0.5239524675424958,4.897219403413599,284.2498477548361,37.17596409842372,68.96143313497305,171.2972550497701,220.16006211439768,6.546167423948646
984,0.29157506775067776,0.2915203972088033,0.2913013038548755,0.6989417009602199,0.60217315284828,0.6003666666666666,0.5616049926578556,0.5597129629629634,0.25553477868112,0.25605998229305,0.2305689580631211,0.22526956707186999,0.7694250896057344,0.30487017846862446,0.30559489633173886,4.314970688825294,1.4564413844417408,0.693883539908755,0.791391799262111,5.861744431151396,290.84907275521095,42.46617512156566,61.1475772327847,182.63968587335614,313.8275791166557,8.144490938219759
985,0.17596519472554498,0.16909583333333333,0.145963358778626,0.5564394812680117,0.44732833333333333,0.4436342477140483,0.0474370571758115,0.0471441811734365,0.3352590326340334,0.333115997450605,0.0445294092281155,0.044104430652529995,0.4122993754879,0.5768058823529416,0.5752424698795183,1.076333989961631,1.528948010093627,1.1464031243632877,0.19488509766151021,1.5154225361415632,443.50739335641265,24.683272931724787,121.83375656604767,256.64463949700195,358.85874725257355,4.771747626364231
986,0.5030538720538728,0.49307154882154997,0.33093502135448455,0.38579797979798,0.4686428571428591,0.4606431143114319,0.46071483704974087,0.46749202551834085,0.2821550802139036,0.2841011961722486,0.282275880189175,0.2781339852008455,0.7629127565982409,0.33926487900588637,0.33340851187029547,0.624154976872346,0.8608811599046713,0.7139321000964667,0.7538711363338595,1.6443882249153214,258.4481590681455,36.13977142694321,49.4591404937885,149.3568648584187,277.6330146430568,8.259858639741486
987,0.35329019607843004,0.351812,0.3316462962962963,0.4680955284552833,0.3672968253968267,0.37148921568627336,0.327844673539519,0.3264140522875817,0.27670990338164264,0.2761552971576227,0.24709423868312766,0.247814739229025,0.7550833333333333,0.315163063063063,0.31559756097560965,0.5776496671488635,0.9694317238937243,0.6377317899055924,0.7834562306022642,1.5396079913673253,280.9731390637656,38.51568015913168,56.512400042265654,163.2887334562838,245.12769964834055,7.674543497463067
988,0.19925170731707317,0.198534608695652,0.33270825174825164,0.6136161290322599,0.49635956521739194,0.5086235,0.19545282296650718,0.1956418,0.42900929292929196,0.43012297872340405,0.1746580425531916,0.174446891385768,0.5723579999999999,0.7945184615384601,0.793810196078432,1.134917204833599,2.077599033591851,1.2466950766586506,0.6280291068545484,4.08593839892269,463.5644583031535,33.941118977963924,121.37046456336975,230.018331669271,348.7492362037301,4.67083603143692
989,0.36710134629768143,0.3707563837129057,0.2776557503867972,0.54175641025641,0.3061349711859271,0.3135086979441229,0.22157244462507572,0.22237840269966289,0.2542191717077714,0.24865463389657003,0.18852704576976428,0.18621200691497714,0.6362120708748613,0.31396019746991716,0.3132447039652357,0.4542840212664469,1.121685534999383,0.6113855222339117,0.76335054412167,1.6962514530643171,282.22837219280854,37.52197205488171,65.67734692777906,155.51924838551454,231.6166480470981,7.3145409779889246
990,0.3054854294478529,0.31315624999999997,0.3339720052083333,0.5323986625514416,0.5516245421245417,0.5377873931623917,0.3402422619047621,0.34021513002364084,0.4228463050314459,0.42261405723905826,0.22135574074074083,0.22069251543209875,0.8756485507246375,0.68485,0.6864509408602166,0.8825082449977865,1.507984253000645,0.5489161584974371,0.7724712298747886,5.1554092049528455,443.20082912842435,38.73170838536074,109.03914323231827,202.82999224339923,334.5654530373091,6.134778959676623
991,0.3633269489247312,0.3720747950819669,0.27663593049327373,0.6483038990825687,0.41156328616352184,0.41160429447852753,0.21464789012738875,0.21400187687687686,0.3457427536231881,0.3477267759562844,0.21007214506172814,0.2102396484375,0.8225930232558125,0.4961750992063494,0.49554655172413814,1.0319209273664152,2.8305028084820076,0.815401715932138,0.7382353771709101,5.201422769355197,381.0701775364578,33.822648401837796,78.68861721362919,183.81013796897605,275.6813686573878,6.056088022887707
992,0.42951328095772595,0.4274653784219,0.2963384223918574,0.6251530054644815,0.35394356261022925,0.34915326708822636,0.3032069370958259,0.30857464387464406,0.25194814814814814,0.2549093827160493,0.22448962575140594,0.21875762809441554,0.8560251851851851,0.3157086011631467,0.3146435185185185,0.5885656329259126,0.9989003989139749,0.9604285960464021,0.6789202510239933,1.6740462484249543,267.32665676347636,32.62074509014686,53.61248946024312,167.83002626012873,278.1459044113203,7.3505884588316635
993,0.405408193668528,0.41016932270916395,0.21697790262172195,0.77383642384106,0.22319099616858198,0.22690817490494197,0.043958617710583195,0.0440384553174282,0.21680515995872002,0.216473456790124,0.043978687287815996,0.043675158974358995,0.696393957703928,0.264412413793104,0.26460000000000006,0.4408146913447594,1.3867711532478686,1.1670711185394702,0.19853150746587894,0.9984322870635782,289.18446507304907,32.368055544793606,66.14227779209614,203.4071460366249,245.5813530832529,4.618116654455662
994,0.38045265588914573,0.3859668034315557,0.2685840749414514,0.5215392290249429,0.30624431486880427,0.3065334403424286,0.24738821371245143,0.25709602577873286,0.30140167727009853,0.3027216994582257,0.2136949274063457,0.2099014714099457,0.8078536754507628,0.3905849375211071,0.38993308798929427,0.46299182398484046,1.1693008739818411,0.6891261894616066,0.800397111775536,1.3293858183425193,277.5117621890136,48.00927293087755,74.41629921751363,163.65933365055494,259.140004137797,6.704883916037423
995,0.20071597222222204,0.1996150390625,0.2515170560747665,0.6851999999999999,0.597749479166665,0.6002482352941201,0.10987407766990301,0.108356365313653,0.41289674796747944,0.4123178294573645,0.09523551401869149,0.0947271594684385,0.677564457831325,0.67837875,0.680086904761905,1.0063498529671189,4.9546062002900815,1.0294194548092963,0.3356336327992552,1.9548824991168459,432.1532289031893,26.09443967230618,91.93982114084065,239.66092383489013,424.45431696251035,5.729424301534891
996,0.30192073490813665,0.306126984126984,0.221169523809524,0.6159946666666668,0.5821770992366414,0.5810522222222221,0.19805726950354602,0.19249465648854933,0.380081188118812,0.37966227106227135,0.17277529610829132,0.17346797385620932,0.7301445614035066,0.5629377450980394,0.5616281690140846,1.7630080085258613,1.5999361694841356,0.9719559421889167,0.7109639414685952,6.833569476361471,368.30777768045664,36.63110081106424,94.72460330774386,202.15476397424936,406.27487003803253,6.30968560775121
997,0.20767621320604626,0.22345594879518074,0.1673598610191925,0.513286203522505,0.3409628125,0.34226461245235,0.045589254139206004,0.04425636176066025,0.31895521945433003,0.3218533519553075,0.04470127869357575,0.04502581395348825,0.7459544871794874,0.41141030534351253,0.4208974926253675,0.4561013202209503,1.5014820712982713,1.0200683044874612,0.19842427476213323,1.377717493650275,297.1041772980243,31.93093580193818,72.26941525004804,214.59286217577755,258.82518966682255,4.929077113047242
998,0.3751502722323034,0.3741980924431414,0.3471564986737414,0.3992821316614414,0.3029994775339604,0.30285466155810997,0.30480818965517237,0.30532477947072967,0.24348682950191552,0.24573452999527617,0.2441587643678162,0.24217655172413793,0.7497215354586863,0.2957946360153259,0.2899391645640593,0.5197341168548945,0.78892316405483,0.5304664132115617,0.7315415977991054,1.4127074082627376,277.712298878308,34.718433041767824,47.422497501147205,166.39207024127245,212.13171441621822,8.120752292974242
999,0.3313489126906846,0.33162045646661026,0.2994197435897436,0.5326597985347974,0.48690978157644865,0.4866960372960384,0.3211194570135743,0.3216669793621026,0.4008040042149641,0.4019445029856,0.249767747404111,0.2500495436766623,0.8148849618849615,0.617082886106141,0.6157697649572642,1.0604549306366762,1.897695144823799,0.9162625999067942,0.8137209661660324,4.3544306565888204,411.7884822428609,39.05978161268509,96.67273276509383,181.07782249362805,340.18127092470723,6.328815689835793
1000,0.3682027397260278,0.3676023559376,0.2668847254748889,0.6192653721682845,0.30551693404634556,0.3091871056241422,0.24888935378893556,0.2481651475694444,0.25897723335808,0.2532880380380378,0.21577294685990334,0.21479273887891445,0.810628571428571,0.31212449098313,0.3124907153729067,0.42676116144396103,1.1536297106515998,0.5602471418091977,0.841930060389042,1.274736560048551,280.61800274170105,41.23374302354124,64.10599841425817,146.68057620939283,206.68327601419554,7.084679479400317
