# Blender 4.5.0
# www.blender.org
mtllib wrist3.mtl
o node-shape0-name
v 0.036575 0.085591 0.018000
v 0.032479 0.085365 -0.024160
v 0.000007 0.085278 -0.040140
v 0.038665 0.085127 -0.013300
v 0.029836 0.085344 0.029260
v 0.012352 0.085131 -0.038330
v 0.026800 0.085305 0.032190
v 0.039733 0.085459 -0.009240
v 0.019484 0.085591 -0.034320
v 0.016258 0.085272 -0.036790
v 0.041194 0.085091 -0.001080
v 0.041074 0.085295 0.003130
v 0.014451 0.085591 0.035700
v 0.040066 0.085591 -0.001320
v 0.026795 0.085401 -0.030120
v 0.039852 0.085235 0.011310
v 0.038557 0.085366 0.015200
v 0.004261 0.061591 0.045800
v 0.000000 0.061591 0.046000
v 0.041058 0.078591 -0.017420
v 0.000000 0.069591 0.046000
v 0.039147 0.061591 -0.021190
v 0.010266 0.069591 0.044810
v 0.036870 0.061591 -0.024800
v 0.034261 0.061591 -0.028180
v 0.036802 0.078591 -0.024900
v 0.020548 0.061591 0.041030
v 0.031344 0.061591 -0.031290
v 0.031199 0.078591 -0.031430
v 0.023753 0.078591 0.039220
v 0.024456 0.078591 -0.036770
v 0.027728 0.061591 0.036440
v 0.009007 0.061591 -0.043090
v 0.033609 0.078591 0.030920
v 0.033913 0.061591 0.030580
v 0.040710 0.078591 0.020170
v 0.004791 0.061591 -0.043740
v 0.042357 0.078591 0.016190
v 0.040853 0.061591 0.019870
v 0.042456 0.061591 0.015920
v 0.044475 0.078591 0.007850
v 0.043678 0.061591 0.011830
v 0.044507 0.061591 0.007640
v 0.044966 0.078591 -0.000740
v 0.002152 0.067073 -0.043960
v 0.008566 0.078591 -0.043180
v 0.044961 0.061591 -0.000870
v 0.044582 0.061591 -0.005120
v -0.040780 0.083485 -0.009750
v -0.039833 0.081841 -0.015520
v -0.042631 0.078591 -0.013410
v -0.041058 0.078591 -0.017420
v -0.029849 0.085302 -0.027290
v -0.026243 0.081841 -0.033220
v -0.024456 0.078591 -0.036770
v -0.027956 0.078591 -0.034260
v -0.019892 0.085334 0.036980
v -0.020732 0.078591 -0.038940
v -0.019837 0.085465 -0.034910
v -0.021554 0.081841 -0.036350
v -0.008255 0.085393 -0.039230
v -0.011157 0.081841 -0.040660
v -0.012750 0.078591 -0.042160
v -0.005626 0.081841 -0.041760
v -0.003327 0.085304 -0.040010
v -0.021601 0.081841 0.038320
v -0.016108 0.084016 0.039670
v -0.023419 0.085357 0.034770
v -0.026857 0.085106 0.032290
v -0.030522 0.081841 0.031460
v -0.030594 0.078591 0.034000
v -0.034236 0.081841 0.027220
v -0.032492 0.085335 0.026170
v -0.029835 0.085322 0.029280
v -0.036316 0.078591 0.027570
v -0.040710 0.078591 0.020170
v -0.036178 0.083473 0.022680
v -0.042357 0.078591 0.016190
v -0.039854 0.081841 0.017470
v -0.041735 0.083515 0.006930
v -0.043124 0.081841 0.000970
v -0.044966 0.078591 -0.000740
v -0.019233 0.078570 0.041730
v 0.018035 0.079670 0.041550
v -0.001833 0.065097 -0.042440
v 0.003630 0.081221 0.036000
v 0.000685 0.082786 0.035200
v 0.025267 0.091091 -0.017810
v 0.022912 0.091091 -0.020620
v 0.007264 0.091091 0.031650
v 0.010774 0.091091 -0.028600
v 0.014137 0.091091 0.029150
v 0.003657 0.085591 -0.030290
v 0.017309 0.091091 0.027320
v 0.014137 0.085591 0.029150
v 0.000000 0.091091 -0.030500
v 0.020248 0.085591 0.025130
v 0.020248 0.091091 0.025130
v 0.025267 0.091091 0.019810
v 0.030177 0.091091 0.010030
v 0.031447 0.091091 0.002830
v 0.031021 0.091091 0.006470
v 0.031447 0.091091 -0.000830
v 0.031447 0.085591 0.002830
v 0.031021 0.085591 -0.004470
v 0.030177 0.085591 -0.008030
v 0.027280 0.091091 -0.014750
v 0.027280 0.085591 -0.014750
v 0.003657 0.091091 -0.030290
v 0.008733 0.092091 0.030170
v 0.010774 0.091091 0.030600
v 0.007264 0.091091 -0.029650
v 0.003657 0.091091 0.032290
v 0.014137 0.091091 -0.027150
v 0.017309 0.091091 -0.025320
v 0.020248 0.091091 -0.023130
v 0.028924 0.091091 -0.011480
v 0.029628 0.092091 -0.006030
v 0.030177 0.091091 -0.008030
v 0.031021 0.091091 -0.004470
v 0.030448 0.092091 -0.000770
v 0.028924 0.091091 0.013480
v 0.027280 0.091091 0.016750
v 0.022912 0.091091 0.022620
v -0.001310 0.092091 -0.015650
v -0.002592 0.091091 -0.014540
v -0.005114 0.091091 -0.013900
v -0.011588 0.091091 -0.009670
v -0.008652 0.091071 0.014200
v 0.001278 0.092091 0.017730
v -0.017353 0.092087 -0.019290
v -0.001840 0.092091 0.023590
v -0.002867 0.085891 0.027180
v -0.002592 0.085591 -0.014540
v -0.006537 0.085591 -0.013380
v -0.008469 0.091082 -0.012340
v -0.013893 0.091072 -0.006480
v -0.015016 0.085591 -0.003920
v -0.015268 0.091091 -0.002870
v -0.015797 0.091086 0.000770
v -0.015268 0.091091 0.004870
v -0.014012 0.091088 0.008300
v -0.011588 0.091091 0.011670
v -0.007496 0.085591 0.014850
v -0.003868 0.085591 0.016310
v -0.005114 0.091091 0.015900
v -0.018954 0.091594 0.016450
v -0.020034 0.092089 0.017780
v -0.020120 0.092079 0.019590
v -0.018393 0.092086 0.021130
v 0.016386 0.092088 0.016450
v 0.015939 0.084596 0.016810
v 0.015125 0.084638 0.018600
v 0.015083 0.092087 0.018430
v 0.016294 0.084477 -0.018820
v 0.015198 0.091594 -0.017340
v 0.015484 0.092088 -0.015350
v -0.019549 0.091555 -0.018420
v -0.019271 0.084591 0.020630
v -0.017979 0.084078 0.021180
v -0.017678 0.083091 0.018680
v 0.015809 0.084540 0.020420
v 0.019923 0.084465 0.019890
v 0.020143 0.084357 0.018010
v 0.018001 0.084476 0.021270
v 0.017655 0.083160 -0.016710
v 0.015223 0.084586 -0.017330
v 0.015555 0.084606 -0.015180
v 0.017949 0.084689 -0.019190
v -0.019044 0.084576 -0.018830
v -0.020132 0.084586 -0.017330
v -0.019800 0.084614 -0.015180
v -0.017757 0.084641 -0.014130
v -0.015327 0.084568 -0.015770
v -0.017149 0.084794 -0.019170
v -0.017643 0.083158 -0.016650
v 0.017595 0.084651 -0.014130
v 0.020168 0.084589 -0.017060
v 0.019161 0.084587 0.016640
v 0.017884 0.083158 0.018410
v 0.017678 0.084586 0.016140
v -0.017709 0.084281 0.016140
v -0.019416 0.084597 0.016810
v -0.020148 0.084352 0.019280
v 0.009674 0.085591 -0.011430
v -0.010699 0.085591 -0.010600
v -0.013185 0.085591 -0.007610
v -0.015797 0.085591 0.001230
v -0.014865 0.085591 0.006360
v -0.012432 0.085591 0.010720
v -0.009674 0.085591 0.013430
v 0.014423 0.085591 0.007330
v 0.015619 0.085591 -0.001380
v 0.000000 0.085591 0.016750
v 0.002152 0.085891 0.028160
v 0.001223 0.085891 0.023230
v -0.001088 0.085891 0.023070
v -0.002803 0.085891 0.024840
v -0.016146 0.084562 -0.014670
v -0.015319 0.084589 -0.017780
v 0.019756 0.084613 -0.015080
v 0.019484 0.084589 -0.018470
v 0.017371 0.091569 0.021170
v -0.015719 0.084565 0.020480
v -0.015213 0.084357 0.018010
v -0.016194 0.084587 0.016640
v 0.002592 0.091091 0.016540
v 0.003868 0.085591 0.016310
v 0.007496 0.085591 0.014850
v 0.005114 0.091091 0.015900
v 0.009674 0.085591 0.013430
v 0.012432 0.085591 0.010720
v 0.011588 0.091091 0.011670
v 0.015566 0.085591 0.003600
v 0.015797 0.091086 0.000770
v 0.015268 0.091091 -0.002870
v 0.014014 0.085591 -0.006290
v 0.011588 0.085591 -0.009670
v 0.011588 0.091091 -0.009670
v 0.007496 0.085591 -0.012850
v 0.005114 0.085591 -0.013900
v 0.001108 0.085591 -0.014760
v -0.000417 0.085891 0.029120
v 0.002986 0.085891 0.026470
v 0.002707 0.085891 0.024560
v 0.002174 0.092091 0.023820
v 0.000000 0.092091 0.022950
v -0.015622 0.092088 -0.015100
v -0.015235 0.092091 -0.017590
v 0.018634 0.092091 -0.014250
v 0.020242 0.091535 -0.016240
v 0.018393 0.092086 -0.019130
v 0.019209 0.092084 0.020790
v 0.020273 0.092089 0.018420
v 0.018765 0.092091 0.016300
v -0.015082 0.092088 0.018430
v -0.001339 0.091056 0.016730
v 0.008652 0.091071 0.014200
v 0.015268 0.091091 0.004870
v 0.013893 0.091072 0.008480
v 0.016647 0.092091 -0.000310
v 0.015427 0.092091 -0.005390
v 0.013798 0.091085 -0.006690
v 0.008652 0.091071 -0.012200
v 0.004097 0.091091 -0.014260
v 0.000000 0.091091 -0.014750
v 0.028612 0.092091 0.011420
v 0.016237 0.092091 0.004900
v -0.006390 0.092091 -0.014430
v -0.008733 0.092091 -0.028170
v -0.016139 0.092091 0.020790
v -0.025439 0.092091 0.017730
v -0.003541 0.092091 -0.029290
v 0.030243 0.092091 0.004540
v 0.012697 0.092091 -0.009840
v 0.008725 0.092091 -0.013240
v 0.016752 0.092089 -0.014330
v 0.016403 0.092091 -0.018900
v -0.005020 0.092091 0.031130
v -0.001879 0.092091 0.028470
v -0.003108 0.092091 0.025710
v 0.003898 0.092091 -0.015240
v 0.001204 0.092091 0.028910
v 0.008733 0.092091 -0.028170
v -0.016622 0.092091 0.016280
v -0.011271 0.092091 0.013200
v 0.013688 0.092091 -0.026260
v 0.028006 0.092091 -0.011080
v 0.025439 0.092091 -0.015730
v 0.019692 0.092091 -0.022420
v 0.019766 0.092080 -0.018110
v 0.003074 0.092091 0.026410
v -0.006390 0.092091 0.016430
v -0.015581 0.092091 0.006750
v -0.016647 0.092091 -0.000310
v -0.019255 0.092091 -0.014620
v -0.015427 0.092091 -0.005390
v -0.028006 0.092091 -0.011080
v 0.015224 0.092091 0.027370
v 0.006390 0.092091 0.016430
v -0.025439 0.092091 -0.015730
v 0.015907 0.092091 0.020540
v -0.017325 0.092089 -0.014170
v -0.020242 0.092077 -0.016650
v -0.011271 0.092091 -0.011200
v -0.020743 0.092091 -0.021420
v 0.025439 0.092091 0.017730
v 0.021223 0.092091 0.022970
v 0.012804 0.092091 0.012200
v -0.002788 0.081650 0.035010
v -0.017309 0.091091 -0.025320
v 0.002071 0.092091 0.031480
v 0.000000 0.091091 0.032500
v -0.015224 0.092091 -0.025370
v -0.010774 0.091091 -0.028600
v -0.007264 0.091091 -0.029650
v -0.012060 0.092091 0.028960
v -0.003657 0.091091 -0.030290
v 0.001770 0.092091 -0.029400
v -0.019727 0.092091 0.024470
v -0.020248 0.091091 0.025130
v -0.025267 0.091091 0.019810
v -0.028612 0.092091 0.011420
v -0.030177 0.091091 0.010030
v -0.028924 0.091091 0.013480
v -0.030243 0.092091 0.004540
v -0.031447 0.091091 0.002830
v -0.030448 0.092091 -0.000770
v -0.030177 0.091091 -0.008030
v -0.031021 0.091091 -0.004470
v -0.029628 0.092091 -0.006030
v -0.025267 0.091091 -0.017810
v -0.022912 0.091091 -0.020620
v 0.001912 0.072771 0.035030
v -0.003657 0.085591 -0.030290
v -0.017309 0.091091 0.027320
v -0.020248 0.085591 0.025130
v -0.014137 0.091091 0.029150
v -0.017309 0.085591 0.027320
v -0.010774 0.091091 0.030600
v -0.007264 0.091091 0.031650
v -0.014137 0.091091 -0.027150
v -0.003657 0.091091 0.032290
v -0.017309 0.085591 -0.025320
v -0.020248 0.085591 -0.023130
v -0.020248 0.091091 -0.023130
v -0.022912 0.085591 -0.020620
v -0.025267 0.085591 -0.017810
v -0.027280 0.091091 -0.014750
v -0.027280 0.085591 -0.014750
v -0.028924 0.091091 -0.011480
v -0.031021 0.085591 -0.004470
v -0.031447 0.085591 0.002830
v -0.031447 0.091091 -0.000830
v -0.031021 0.091091 0.006470
v -0.030177 0.085591 0.010030
v -0.025267 0.085591 0.019810
v -0.027280 0.091091 0.016750
v -0.022912 0.091091 0.022620
v 0.005286 0.078542 0.035020
v -0.005180 0.078084 0.035030
v -0.022912 0.085591 0.022620
v -0.014137 0.085591 0.029150
v -0.027280 0.085591 0.016750
v -0.010774 0.085591 0.030600
v -0.028924 0.085591 0.013480
v -0.031021 0.085591 0.006470
v -0.007264 0.085591 0.031650
v -0.003657 0.085591 0.032290
v -0.031447 0.085591 -0.000830
v 0.003657 0.085591 0.032290
v 0.000000 0.085591 0.032500
v 0.007264 0.085591 0.031650
v -0.030177 0.085591 -0.008030
v 0.010774 0.085591 0.030600
v -0.028924 0.085591 -0.011480
v 0.017309 0.085591 0.027320
v 0.022912 0.085591 0.022620
v 0.025267 0.085591 0.019810
v 0.027280 0.085591 0.016750
v -0.014137 0.085591 -0.027150
v 0.028924 0.085591 0.013480
v -0.010774 0.085591 -0.028600
v 0.030177 0.085591 0.010030
v -0.007264 0.085591 -0.029650
v 0.031021 0.085591 0.006470
v 0.000000 0.085591 -0.030500
v 0.031447 0.085591 -0.000830
v 0.007264 0.085591 -0.029650
v 0.010774 0.085591 -0.028600
v 0.032883 0.085591 -0.022080
v 0.028924 0.085591 -0.011480
v 0.017309 0.085591 -0.025320
v 0.014137 0.085591 -0.027150
v 0.020248 0.085591 -0.023130
v 0.025267 0.085591 -0.017810
v 0.022912 0.085591 -0.020620
v -0.034818 0.085382 -0.020800
v -0.036907 0.085328 0.019110
v -0.033411 0.083466 -0.024750
v -0.026615 0.085591 -0.029300
v -0.027231 0.085591 0.030420
v -0.038604 0.085254 0.015260
v -0.039745 0.085430 0.011270
v -0.026821 0.085276 -0.030190
v -0.041071 0.085302 0.003130
v -0.041056 0.085327 -0.001120
v -0.016253 0.085343 -0.036750
v 0.000000 0.085591 -0.039380
v -0.012349 0.085091 -0.038360
v -0.040624 0.085335 -0.005280
v -0.040335 0.085591 0.001660
v -0.038585 0.085305 -0.013220
v -0.037034 0.085091 -0.017160
v 0.015805 0.085519 0.038850
v -0.003146 0.073491 0.035200
v 0.002403 0.073085 0.036000
v 0.012441 0.085591 0.035000
v -0.012441 0.084591 0.036000
v -0.012441 0.085591 0.035000
v -0.016636 0.085591 0.038400
v 0.001768 0.064146 -0.042400
v 0.016578 0.070591 0.040460
v 0.013422 0.084584 0.036160
v 0.014568 0.084600 0.036990
v -0.004747 0.078216 0.036000
v -0.001583 0.082674 0.036000
v -0.003730 0.074103 0.036000
v 0.004747 0.076966 0.036000
v 0.012441 0.084591 0.036000
v -0.000647 0.072676 0.036000
v -0.014553 0.084596 0.036980
v -0.013422 0.084584 0.036160
v -0.016693 0.070591 0.040660
v -0.012857 0.070591 0.036000
v -0.013791 0.070591 0.036360
v -0.014582 0.070591 0.037020
v -0.013370 0.070591 0.042920
v -0.004583 0.070591 0.044880
v 0.013539 0.070591 0.036210
v 0.013370 0.070591 0.042920
v 0.014582 0.070591 0.037020
v 0.006757 0.070591 0.044420
v 0.012441 0.070591 0.036000
v 0.019821 0.078587 0.041410
v 0.019990 0.069591 0.041320
v -0.001341 0.067308 -0.043980
v 0.002648 0.062794 -0.043920
v 0.018532 0.069942 0.041620
v 0.017506 0.070631 0.041290
v 0.015228 0.069591 0.043340
v 0.005167 0.069591 0.045700
v -0.005167 0.069591 0.045700
v -0.010266 0.069591 0.044810
v -0.018258 0.070169 0.041590
v -0.017112 0.081109 0.041040
v 0.043813 0.078591 -0.009270
v 0.043124 0.081841 0.000970
v 0.044595 0.078605 -0.005020
v 0.044927 0.078591 0.003570
v 0.043587 0.078604 0.012180
v 0.041394 0.084189 0.006620
v 0.039854 0.081841 0.017470
v 0.037012 0.085124 0.019160
v 0.038744 0.078598 0.023890
v 0.036316 0.078591 0.027570
v 0.034826 0.085362 0.022810
v 0.033412 0.083491 0.026730
v 0.030594 0.078591 0.034000
v 0.023437 0.085323 0.034780
v 0.030522 0.081841 0.031460
v 0.027324 0.078608 0.036750
v 0.021601 0.081841 0.038320
v 0.016680 0.082050 0.040630
v 0.003377 0.085015 -0.040180
v 0.005626 0.081841 -0.041760
v 0.004303 0.078591 -0.043790
v 0.019855 0.085403 0.036950
v 0.008269 0.085361 -0.039250
v 0.011157 0.081841 -0.040660
v 0.019921 0.085290 -0.034980
v 0.012750 0.078591 -0.042160
v 0.020732 0.078591 -0.038940
v 0.016910 0.078596 -0.040700
v 0.021554 0.081841 -0.036350
v 0.023546 0.085128 -0.032840
v 0.030483 0.081841 -0.029500
v 0.027847 0.078608 -0.034340
v 0.034202 0.081841 -0.025260
v 0.034852 0.085329 -0.020810
v 0.034157 0.078591 -0.028300
v 0.039076 0.078603 -0.021320
v 0.036908 0.085329 -0.017110
v 0.041648 0.081841 -0.010180
v 0.040635 0.085318 -0.005270
v 0.039833 0.081841 -0.015520
v 0.042631 0.078591 -0.013410
v -0.036802 0.078591 -0.024900
v -0.036870 0.061591 -0.024800
v -0.004261 0.061591 0.045800
v -0.039147 0.061591 -0.021190
v -0.043813 0.078591 -0.009270
v -0.043803 0.061591 -0.009310
v -0.044595 0.078605 -0.005020
v -0.044582 0.061591 -0.005120
v -0.044927 0.078591 0.003570
v -0.043587 0.078604 0.012180
v -0.044475 0.078591 0.007850
v -0.040853 0.061591 0.019870
v -0.042456 0.061591 0.015920
v -0.004303 0.078591 -0.043790
v -0.003020 0.063082 -0.043900
v -0.038691 0.078591 0.023980
v -0.038882 0.061591 0.023650
v 0.000000 0.078591 -0.044000
v -0.036562 0.061591 0.027230
v -0.033913 0.061591 0.030580
v -0.008566 0.078591 -0.043180
v -0.033609 0.078591 0.030920
v -0.009007 0.061591 -0.043090
v -0.030960 0.061591 0.033660
v -0.016910 0.078596 -0.040700
v -0.027324 0.078608 0.036750
v -0.027728 0.061591 0.036440
v -0.023753 0.078591 0.039220
v -0.019990 0.069591 0.041320
v -0.024694 0.061591 -0.036620
v -0.015228 0.069591 0.043340
v -0.016665 0.061591 0.042800
v -0.028146 0.061591 -0.034110
v -0.031317 0.078597 -0.031320
v -0.034157 0.078591 -0.028300
v -0.031344 0.061591 -0.031290
v -0.008485 0.061591 0.045190
v -0.039076 0.078603 -0.021320
v -0.012631 0.061591 0.044190
v -0.004791 0.061591 -0.043740
v 0.008485 0.061591 0.045190
v 0.012631 0.061591 0.044190
v 0.016665 0.061591 0.042800
v 0.024247 0.061591 0.038910
v 0.030960 0.061591 0.033660
v 0.036562 0.061591 0.027230
v 0.038882 0.061591 0.023650
v 0.044936 0.061591 0.003400
v 0.000236 0.061591 -0.043970
v 0.043803 0.061591 -0.009310
v 0.042629 0.061591 -0.013410
v 0.041073 0.061591 -0.017390
v 0.028146 0.061591 -0.034110
v 0.024694 0.061591 -0.036620
v 0.021021 0.061591 -0.038790
v 0.017158 0.061591 -0.040600
v 0.013141 0.061591 -0.042040
v -0.013141 0.061591 -0.042040
v -0.017158 0.061591 -0.040600
v -0.021021 0.061591 -0.038790
v -0.034261 0.061591 -0.028180
v -0.041073 0.061591 -0.017390
v -0.042629 0.061591 -0.013410
v -0.044961 0.061591 -0.000870
v -0.044507 0.061591 0.007640
v -0.044936 0.061591 0.003400
v -0.043678 0.061591 0.011830
v -0.024247 0.061591 0.038910
v -0.020548 0.061591 0.041030
v 0.001510 0.065284 -0.042450
v 0.000524 0.066159 -0.043990
v 0.000959 0.063183 -0.043780
v -0.002275 0.062111 -0.044070
v -0.001086 0.063964 -0.043640
v -0.002193 0.066830 -0.044060
v -0.000531 0.066099 -0.042310
v 0.001565 0.063811 -0.038100
v -0.000559 0.066348 -0.038100
v -0.001436 0.063734 -0.038560
v -0.000680 0.081867 0.036000
v 0.003365 0.079966 0.036000
v 0.002839 0.075023 0.036000
v -0.003038 0.078390 0.042000
v -0.001908 0.080347 0.037000
v 0.002777 0.079037 0.027200
v 0.002407 0.076032 0.027200
v -0.001097 0.075164 0.033000
v -0.001240 0.075073 0.027200
v -0.002707 0.076761 0.033000
v -0.002935 0.077610 0.027200
v -0.002777 0.079037 0.033000
v -0.002338 0.079797 0.027200
v 0.000447 0.080980 0.027200
v -0.002952 0.077420 0.037000
v -0.000971 0.075027 0.037000
v 0.003005 0.077595 0.037000
v 0.001609 0.080557 0.037000
v 0.002934 0.077020 0.033000
v -0.001179 0.080648 0.033000
v 0.002230 0.075418 0.035560
v 0.002253 0.080214 0.035130
v 0.001093 0.080719 0.033000
v 0.003292 0.078056 0.035680
v -0.003402 0.077943 0.035040
v 0.001183 0.075235 0.033000
v 0.001689 0.075529 0.037000
v 0.001908 0.080347 0.042000
v -0.002309 0.075515 0.035490
v -0.000159 0.074652 0.035580
v -0.002194 0.080463 0.035660
v 0.003377 0.080130 0.042000
v -0.003313 0.075785 0.042000
v -0.001911 0.075661 0.042000
v 0.002848 0.076612 0.042000
v 0.003864 0.076967 0.042000
v -0.001093 0.080719 0.042000
v 0.000680 0.081867 0.042000
v 0.000182 0.074993 0.042000
v -0.000988 0.074039 0.042000
v 0.002171 0.074599 0.042000
v -0.000504 0.073988 0.036000
v 0.000055 0.081270 0.035340
v 0.001905 0.081404 0.036000
v 0.003952 0.078025 0.036000
v -0.002616 0.075011 0.036000
v -0.003864 0.076967 0.036000
v -0.003952 0.078025 0.042000
v -0.003377 0.080130 0.036000
v -0.002697 0.080989 0.042000
v -0.025267 0.085591 0.019810
v -0.027280 0.085591 0.016750
v 0.020548 0.061591 0.041030
v 0.024247 0.061591 0.038910
v 0.000959 0.063183 -0.043780
v 0.000959 0.063183 -0.043780
v 0.000959 0.063183 -0.043780
v -0.002275 0.062111 -0.044070
v -0.002275 0.062111 -0.044070
v -0.002275 0.062111 -0.044070
v -0.019837 0.085465 -0.034910
v -0.026821 0.085276 -0.030190
v 0.044582 0.061591 -0.005120
v 0.043803 0.061591 -0.009310
v 0.001912 0.072771 0.035030
v 0.001912 0.072771 0.035030
v 0.001912 0.072771 0.035030
v -0.003146 0.073491 0.035200
v -0.003146 0.073491 0.035200
v -0.003146 0.073491 0.035200
v 0.016386 0.092088 0.016450
v 0.016386 0.092088 0.016450
v 0.015939 0.084596 0.016810
v 0.015939 0.084596 0.016810
v 0.015939 0.084596 0.016810
v -0.025267 0.085591 -0.017810
v -0.027280 0.085591 -0.014750
v -0.006537 0.085591 -0.013380
v -0.010699 0.085591 -0.010600
v 0.008652 0.091071 -0.012200
v 0.004097 0.091091 -0.014260
v -0.010266 0.069591 0.044810
v -0.015228 0.069591 0.043340
v 0.012441 0.085591 0.035000
v -0.012441 0.085591 0.035000
v -0.012441 0.085591 0.035000
v -0.003313 0.075785 0.042000
v -0.003313 0.075785 0.042000
v -0.002616 0.075011 0.036000
v -0.002616 0.075011 0.036000
v -0.002616 0.075011 0.036000
v -0.030177 0.085591 0.010030
v -0.031021 0.085591 0.006470
v -0.008733 0.092091 -0.028170
v -0.015224 0.092091 -0.025370
v -0.015016 0.085591 -0.003920
v -0.015797 0.085591 0.001230
v 0.015797 0.091086 0.000770
v 0.015268 0.091091 -0.002870
v -0.011588 0.091091 -0.009670
v -0.008469 0.091082 -0.012340
v -0.019990 0.069591 0.041320
v -0.019990 0.069591 0.041320
v -0.020248 0.091091 0.025130
v -0.022912 0.091091 0.022620
v 0.000447 0.080980 0.027200
v 0.000447 0.080980 0.027200
v 0.000447 0.080980 0.027200
v 0.001093 0.080719 0.033000
v -0.015082 0.092088 0.018430
v -0.015082 0.092088 0.018430
v -0.016622 0.092091 0.016280
v -0.016622 0.092091 0.016280
v -0.016622 0.092091 0.016280
v -0.016622 0.092091 0.016280
v 0.012631 0.061591 0.044190
v 0.016665 0.061591 0.042800
v -0.013422 0.084584 0.036160
v 0.024456 0.078591 -0.036770
v 0.020732 0.078591 -0.038940
v 0.038665 0.085127 -0.013300
v 0.039733 0.085459 -0.009240
v 0.039733 0.085459 -0.009240
v -0.001179 0.080648 0.033000
v -0.001179 0.080648 0.033000
v -0.001179 0.080648 0.033000
v 0.000055 0.081270 0.035340
v 0.000055 0.081270 0.035340
v 0.000055 0.081270 0.035340
v 0.000055 0.081270 0.035340
v -0.017643 0.083158 -0.016650
v -0.017643 0.083158 -0.016650
v -0.017643 0.083158 -0.016650
v -0.017643 0.083158 -0.016650
v -0.017643 0.083158 -0.016650
v -0.015319 0.084589 -0.017780
v -0.015319 0.084589 -0.017780
v -0.015319 0.084589 -0.017780
v 0.000000 0.091091 0.032500
v -0.003657 0.091091 0.032290
v -0.013185 0.085591 -0.007610
v 0.015484 0.092088 -0.015350
v 0.015484 0.092088 -0.015350
v 0.015484 0.092088 -0.015350
v 0.016403 0.092091 -0.018900
v 0.016403 0.092091 -0.018900
v 0.016403 0.092091 -0.018900
v -0.001908 0.080347 0.037000
v -0.001908 0.080347 0.037000
v -0.001908 0.080347 0.037000
v -0.001093 0.080719 0.042000
v -0.001093 0.080719 0.042000
v 0.002986 0.085891 0.026470
v 0.002986 0.085891 0.026470
v 0.003074 0.092091 0.026410
v 0.003074 0.092091 0.026410
v -0.019233 0.078570 0.041730
v -0.019233 0.078570 0.041730
v -0.019233 0.078570 0.041730
v -0.018258 0.070169 0.041590
v -0.018258 0.070169 0.041590
v -0.018258 0.070169 0.041590
v -0.002338 0.079797 0.027200
v -0.002338 0.079797 0.027200
v -0.002338 0.079797 0.027200
v 0.016237 0.092091 0.004900
v 0.012804 0.092091 0.012200
v 0.012804 0.092091 0.012200
v 0.000000 0.091091 -0.014750
v 0.014137 0.091091 0.029150
v 0.017309 0.091091 0.027320
v 0.032479 0.085365 -0.024160
v 0.034852 0.085329 -0.020810
v 0.002839 0.075023 0.036000
v 0.002839 0.075023 0.036000
v 0.002839 0.075023 0.036000
v 0.002171 0.074599 0.042000
v 0.002171 0.074599 0.042000
v -0.002952 0.077420 0.037000
v -0.002952 0.077420 0.037000
v -0.000971 0.075027 0.037000
v -0.000971 0.075027 0.037000
v -0.000971 0.075027 0.037000
v 0.017595 0.084651 -0.014130
v 0.017595 0.084651 -0.014130
v 0.017595 0.084651 -0.014130
v 0.017595 0.084651 -0.014130
v 0.019756 0.084613 -0.015080
v 0.019756 0.084613 -0.015080
v 0.019756 0.084613 -0.015080
v 0.019756 0.084613 -0.015080
v 0.009007 0.061591 -0.043090
v 0.013141 0.061591 -0.042040
v 0.008733 0.092091 0.030170
v 0.002071 0.092091 0.031480
v 0.003630 0.081221 0.036000
v 0.003630 0.081221 0.036000
v 0.003630 0.081221 0.036000
v 0.005286 0.078542 0.035020
v 0.005286 0.078542 0.035020
v 0.005286 0.078542 0.035020
v -0.016253 0.085343 -0.036750
v -0.016253 0.085343 -0.036750
v -0.016108 0.084016 0.039670
v -0.016108 0.084016 0.039670
v -0.017112 0.081109 0.041040
v -0.017112 0.081109 0.041040
v 0.001278 0.092091 0.017730
v 0.001278 0.092091 0.017730
v -0.006390 0.092091 0.016430
v 0.015083 0.092087 0.018430
v 0.015083 0.092087 0.018430
v 0.002152 0.067073 -0.043960
v 0.002152 0.067073 -0.043960
v 0.002648 0.062794 -0.043920
v 0.002648 0.062794 -0.043920
v 0.016752 0.092089 -0.014330
v 0.016752 0.092089 -0.014330
v -0.015327 0.084568 -0.015770
v -0.015327 0.084568 -0.015770
v -0.015622 0.092088 -0.015100
v -0.015622 0.092088 -0.015100
v -0.015622 0.092088 -0.015100
v -0.003402 0.077943 0.035040
v -0.003402 0.077943 0.035040
v -0.003402 0.077943 0.035040
v -0.003402 0.077943 0.035040
v -0.003402 0.077943 0.035040
v -0.002194 0.080463 0.035660
v -0.002194 0.080463 0.035660
v -0.002194 0.080463 0.035660
v 0.040635 0.085318 -0.005270
v 0.020143 0.084357 0.018010
v 0.020143 0.084357 0.018010
v 0.020143 0.084357 0.018010
v 0.020143 0.084357 0.018010
v 0.020143 0.084357 0.018010
v 0.017678 0.084586 0.016140
v 0.017678 0.084586 0.016140
v 0.017678 0.084586 0.016140
v 0.017678 0.084586 0.016140
v 0.020168 0.084589 -0.017060
v 0.020168 0.084589 -0.017060
v 0.019484 0.084589 -0.018470
v 0.019484 0.084589 -0.018470
v 0.019484 0.084589 -0.018470
v 0.017655 0.083160 -0.016710
v 0.017655 0.083160 -0.016710
v 0.017655 0.083160 -0.016710
v 0.017655 0.083160 -0.016710
v 0.017655 0.083160 -0.016710
v -0.000680 0.081867 0.036000
v -0.000680 0.081867 0.036000
v -0.000680 0.081867 0.036000
v 0.001905 0.081404 0.036000
v 0.001905 0.081404 0.036000
v 0.001905 0.081404 0.036000
v -0.016647 0.092091 -0.000310
v -0.015427 0.092091 -0.005390
v 0.014014 0.085591 -0.006290
v 0.011588 0.085591 -0.009670
v 0.012352 0.085131 -0.038330
v 0.016258 0.085272 -0.036790
v 0.015805 0.085519 0.038850
v 0.015805 0.085519 0.038850
v 0.015805 0.085519 0.038850
v 0.014568 0.084600 0.036990
v 0.014568 0.084600 0.036990
v 0.014568 0.084600 0.036990
v 0.008566 0.078591 -0.043180
v 0.012750 0.078591 -0.042160
v 0.001510 0.065284 -0.042450
v 0.001510 0.065284 -0.042450
v 0.001510 0.065284 -0.042450
v -0.000559 0.066348 -0.038100
v -0.000559 0.066348 -0.038100
v -0.000559 0.066348 -0.038100
v 0.016578 0.070591 0.040460
v 0.014582 0.070591 0.037020
v 0.014582 0.070591 0.037020
v -0.012441 0.084591 0.036000
v -0.001341 0.067308 -0.043980
v -0.001341 0.067308 -0.043980
v 0.014137 0.085591 0.029150
v 0.017309 0.085591 0.027320
v -0.040710 0.078591 0.020170
v -0.038691 0.078591 0.023980
v -0.007264 0.091091 -0.029650
v -0.003657 0.091091 -0.030290
v 0.013422 0.084584 0.036160
v 0.013422 0.084584 0.036160
v 0.013422 0.084584 0.036160
v 0.013539 0.070591 0.036210
v 0.013539 0.070591 0.036210
v -0.029849 0.085302 -0.027290
v -0.034818 0.085382 -0.020800
v -0.034818 0.085382 -0.020800
v 0.017884 0.083158 0.018410
v 0.017884 0.083158 0.018410
v 0.017884 0.083158 0.018410
v 0.017884 0.083158 0.018410
v -0.009007 0.061591 -0.043090
v -0.004791 0.061591 -0.043740
v 0.028924 0.091091 0.013480
v 0.027280 0.091091 0.016750
v -0.039147 0.061591 -0.021190
v -0.041073 0.061591 -0.017390
v -0.020034 0.092089 0.017780
v -0.020034 0.092089 0.017780
v -0.020034 0.092089 0.017780
v -0.020034 0.092089 0.017780
v -0.020034 0.092089 0.017780
v -0.017709 0.084281 0.016140
v -0.017709 0.084281 0.016140
v -0.017709 0.084281 0.016140
v -0.017709 0.084281 0.016140
v -0.017709 0.084281 0.016140
v -0.020120 0.092079 0.019590
v -0.020120 0.092079 0.019590
v 0.027728 0.061591 0.036440
v 0.030960 0.061591 0.033660
v 0.015268 0.091091 0.004870
v 0.013893 0.091072 0.008480
v 0.013893 0.091072 0.008480
v 0.004791 0.061591 -0.043740
v -0.010774 0.091091 -0.028600
v -0.006390 0.092091 -0.014430
v -0.011271 0.092091 -0.011200
v -0.002777 0.079037 0.033000
v -0.002777 0.079037 0.033000
v 0.014451 0.085591 0.035700
v 0.014451 0.085591 0.035700
v 0.014451 0.085591 0.035700
v 0.003365 0.079966 0.036000
v 0.003365 0.079966 0.036000
v 0.003365 0.079966 0.036000
v 0.003952 0.078025 0.036000
v 0.003952 0.078025 0.036000
v -0.002707 0.076761 0.033000
v -0.002707 0.076761 0.033000
v -0.002309 0.075515 0.035490
v -0.002309 0.075515 0.035490
v -0.002309 0.075515 0.035490
v -0.002309 0.075515 0.035490
v -0.040853 0.061591 0.019870
v -0.042456 0.061591 0.015920
v -0.003730 0.074103 0.036000
v -0.003730 0.074103 0.036000
v -0.003730 0.074103 0.036000
v 0.000685 0.082786 0.035200
v 0.000685 0.082786 0.035200
v 0.000685 0.082786 0.035200
v -0.003864 0.076967 0.036000
v -0.003864 0.076967 0.036000
v -0.003952 0.078025 0.042000
v -0.003952 0.078025 0.042000
v -0.020248 0.085591 -0.023130
v -0.022912 0.085591 -0.020620
v -0.017309 0.085591 -0.025320
v 0.001565 0.063811 -0.038100
v 0.001565 0.063811 -0.038100
v 0.001565 0.063811 -0.038100
v -0.017979 0.084078 0.021180
v -0.017979 0.084078 0.021180
v -0.017979 0.084078 0.021180
v -0.017979 0.084078 0.021180
v -0.015719 0.084565 0.020480
v -0.015719 0.084565 0.020480
v -0.016636 0.085591 0.038400
v -0.016636 0.085591 0.038400
v -0.016636 0.085591 0.038400
v -0.002193 0.066830 -0.044060
v -0.002193 0.066830 -0.044060
v -0.002193 0.066830 -0.044060
v -0.002193 0.066830 -0.044060
v 0.044961 0.061591 -0.000870
v 0.044936 0.061591 0.003400
v -0.001583 0.082674 0.036000
v -0.001583 0.082674 0.036000
v -0.001583 0.082674 0.036000
v -0.042629 0.061591 -0.013410
v 0.040710 0.078591 0.020170
v 0.042357 0.078591 0.016190
v -0.010774 0.085591 0.030600
v -0.007264 0.085591 0.031650
v 0.019161 0.084587 0.016640
v 0.019161 0.084587 0.016640
v -0.018954 0.091594 0.016450
v -0.018954 0.091594 0.016450
v -0.036802 0.078591 -0.024900
v -0.034157 0.078591 -0.028300
v 0.016294 0.084477 -0.018820
v 0.016294 0.084477 -0.018820
v 0.016294 0.084477 -0.018820
v 0.036908 0.085329 -0.017110
v 0.036908 0.085329 -0.017110
v 0.002253 0.080214 0.035130
v 0.002253 0.080214 0.035130
v 0.002253 0.080214 0.035130
v 0.002253 0.080214 0.035130
v 0.002253 0.080214 0.035130
v -0.000504 0.073988 0.036000
v -0.000504 0.073988 0.036000
v -0.000504 0.073988 0.036000
v -0.043803 0.061591 -0.009310
v -0.044582 0.061591 -0.005120
v 0.025267 0.091091 -0.017810
v 0.022912 0.091091 -0.020620
v -0.024694 0.061591 -0.036620
v -0.028146 0.061591 -0.034110
v 0.009674 0.085591 0.013430
v 0.012432 0.085591 0.010720
v 0.002592 0.091091 0.016540
v -0.001339 0.091056 0.016730
v -0.001339 0.091056 0.016730
v 0.000680 0.081867 0.042000
v 0.000680 0.081867 0.042000
v 0.000680 0.081867 0.042000
v 0.002403 0.073085 0.036000
v 0.002403 0.073085 0.036000
v -0.000647 0.072676 0.036000
v -0.000647 0.072676 0.036000
v -0.000647 0.072676 0.036000
v -0.015213 0.084357 0.018010
v -0.015213 0.084357 0.018010
v -0.015213 0.084357 0.018010
v -0.015213 0.084357 0.018010
v 0.010774 0.085591 0.030600
v 0.016910 0.078596 -0.040700
v -0.025267 0.091091 -0.017810
v -0.027280 0.091091 -0.014750
v -0.012432 0.085591 0.010720
v -0.009674 0.085591 0.013430
v 0.028612 0.092091 0.011420
v 0.030243 0.092091 0.004540
v -0.004583 0.070591 0.044880
v 0.006757 0.070591 0.044420
v -0.001086 0.063964 -0.043640
v 0.003864 0.076967 0.042000
v 0.003864 0.076967 0.042000
v -0.028924 0.085591 -0.011480
v 0.025439 0.092091 0.017730
v 0.009674 0.085591 -0.011430
v -0.020248 0.085591 0.025130
v -0.022912 0.085591 0.022620
v -0.005180 0.078084 0.035030
v -0.005180 0.078084 0.035030
v -0.005180 0.078084 0.035030
v -0.041056 0.085327 -0.001120
v -0.040624 0.085335 -0.005280
v 0.002848 0.076612 0.042000
v 0.002848 0.076612 0.042000
v 0.002848 0.076612 0.042000
v 0.000182 0.074993 0.042000
v 0.000182 0.074993 0.042000
v 0.000182 0.074993 0.042000
v 0.005114 0.091091 0.015900
v 0.008485 0.061591 0.045190
v -0.008652 0.091071 0.014200
v -0.005114 0.091091 0.015900
v 0.013370 0.070591 0.042920
v 0.017506 0.070631 0.041290
v 0.017506 0.070631 0.041290
v 0.004747 0.076966 0.036000
v 0.004747 0.076966 0.036000
v 0.038744 0.078598 0.023890
v -0.030594 0.078591 0.034000
v -0.027324 0.078608 0.036750
v 0.012441 0.070591 0.036000
v 0.027280 0.091091 -0.014750
v 0.028924 0.091091 -0.011480
v 0.015619 0.085591 -0.001380
v 0.015566 0.085591 0.003600
v 0.019209 0.092084 0.020790
v 0.019209 0.092084 0.020790
v 0.019209 0.092084 0.020790
v 0.019209 0.092084 0.020790
v 0.015907 0.092091 0.020540
v 0.015907 0.092091 0.020540
v 0.015907 0.092091 0.020540
v -0.014137 0.085591 -0.027150
v -0.016194 0.084587 0.016640
v -0.016194 0.084587 0.016640
v 0.020242 0.091535 -0.016240
v 0.020242 0.091535 -0.016240
v 0.020242 0.091535 -0.016240
v -0.013370 0.070591 0.042920
v -0.014553 0.084596 0.036980
v -0.014553 0.084596 0.036980
v -0.031447 0.085591 0.002830
v 0.000000 0.069591 0.046000
v 0.005167 0.069591 0.045700
v 0.005114 0.085591 -0.013900
v 0.001108 0.085591 -0.014760
v -0.012349 0.085091 -0.038360
v -0.015235 0.092091 -0.017590
v -0.015235 0.092091 -0.017590
v -0.003038 0.078390 0.042000
v -0.003038 0.078390 0.042000
v -0.003038 0.078390 0.042000
v 0.003005 0.077595 0.037000
v 0.003005 0.077595 0.037000
v 0.030448 0.092091 -0.000770
v 0.025267 0.085591 0.019810
v 0.027280 0.085591 0.016750
v 0.011588 0.091091 0.011670
v 0.019923 0.084465 0.019890
v 0.019923 0.084465 0.019890
v 0.023437 0.085323 0.034780
v 0.019855 0.085403 0.036950
v 0.016647 0.092091 -0.000310
v -0.017309 0.091091 0.027320
v -0.014137 0.091091 0.029150
v -0.017678 0.083091 0.018680
v -0.017678 0.083091 0.018680
v -0.017678 0.083091 0.018680
v 0.015809 0.084540 0.020420
v 0.015809 0.084540 0.020420
v 0.015809 0.084540 0.020420
v -0.002592 0.091091 -0.014540
v -0.005114 0.091091 -0.013900
v -0.007496 0.085591 0.014850
v -0.003868 0.085591 0.016310
v -0.003377 0.080130 0.036000
v -0.003377 0.080130 0.036000
v 0.018634 0.092091 -0.014250
v 0.018634 0.092091 -0.014250
v 0.018634 0.092091 -0.014250
v 0.018634 0.092091 -0.014250
v -0.001310 0.092091 -0.015650
v 0.003898 0.092091 -0.015240
v 0.000000 0.091091 -0.030500
v 0.003657 0.091091 -0.030290
v 0.036316 0.078591 0.027570
v -0.025439 0.092091 -0.015730
v -0.020743 0.092091 -0.021420
v -0.008255 0.085393 -0.039230
v -0.008255 0.085393 -0.039230
v -0.003327 0.085304 -0.040010
v -0.005167 0.069591 0.045700
v 0.007496 0.085591 -0.012850
v -0.036907 0.085328 0.019110
v -0.038604 0.085254 0.015260
v -0.016146 0.084562 -0.014670
v -0.016146 0.084562 -0.014670
v -0.016146 0.084562 -0.014670
v 0.030177 0.091091 0.010030
v 0.031021 0.091091 0.006470
v -0.001911 0.075661 0.042000
v -0.001911 0.075661 0.042000
v 0.020273 0.092089 0.018420
v 0.020273 0.092089 0.018420
v 0.042456 0.061591 0.015920
v 0.043678 0.061591 0.011830
v 0.017949 0.084689 -0.019190
v 0.017949 0.084689 -0.019190
v 0.018393 0.092086 -0.019130
v 0.018393 0.092086 -0.019130
v -0.014865 0.085591 0.006360
v 0.042629 0.061591 -0.013410
v 0.041073 0.061591 -0.017390
v -0.017309 0.085591 0.027320
v -0.014137 0.085591 0.029150
v 0.017309 0.091091 -0.025320
v 0.020248 0.091091 -0.023130
v 0.006390 0.092091 0.016430
v 0.040853 0.061591 0.019870
v -0.033913 0.061591 0.030580
v -0.030960 0.061591 0.033660
v -0.030177 0.091091 -0.008030
v -0.028924 0.091091 -0.011480
v 0.036575 0.085591 0.018000
v 0.036575 0.085591 0.018000
v 0.036575 0.085591 0.018000
v 0.036575 0.085591 0.018000
v 0.041394 0.084189 0.006620
v 0.041394 0.084189 0.006620
v 0.001689 0.075529 0.037000
v 0.001689 0.075529 0.037000
v 0.001689 0.075529 0.037000
v 0.041058 0.078591 -0.017420
v 0.042631 0.078591 -0.013410
v 0.018765 0.092091 0.016300
v 0.018765 0.092091 0.016300
v 0.018765 0.092091 0.016300
v -0.031447 0.091091 0.002830
v -0.031021 0.091091 0.006470
v -0.042357 0.078591 0.016190
v -0.043587 0.078604 0.012180
v -0.023419 0.085357 0.034770
v -0.026857 0.085106 0.032290
v -0.036316 0.078591 0.027570
v 0.033609 0.078591 0.030920
v 0.003377 0.080130 0.042000
v 0.003377 0.080130 0.042000
v 0.031447 0.091091 0.002830
v 0.031447 0.091091 -0.000830
v 0.007264 0.085591 -0.029650
v 0.010774 0.085591 -0.028600
v 0.002777 0.079037 0.027200
v 0.002777 0.079037 0.027200
v 0.002407 0.076032 0.027200
v 0.002407 0.076032 0.027200
v 0.002407 0.076032 0.027200
v 0.008652 0.091071 0.014200
v 0.028146 0.061591 -0.034110
v 0.024694 0.061591 -0.036620
v -0.002803 0.085891 0.024840
v -0.002803 0.085891 0.024840
v -0.003108 0.092091 0.025710
v -0.003108 0.092091 0.025710
v -0.003108 0.092091 0.025710
v -0.044475 0.078591 0.007850
v 0.010266 0.069591 0.044810
v 0.015228 0.069591 0.043340
v 0.017371 0.091569 0.021170
v 0.017371 0.091569 0.021170
v -0.031447 0.091091 -0.000830
v -0.000159 0.074652 0.035580
v -0.000159 0.074652 0.035580
v -0.000159 0.074652 0.035580
v -0.031447 0.085591 -0.000830
v 0.022912 0.085591 0.022620
v -0.033609 0.078591 0.030920
v -0.036562 0.061591 0.027230
v -0.028924 0.091091 0.013480
v -0.027280 0.091091 0.016750
v 0.041074 0.085295 0.003130
v 0.041074 0.085295 0.003130
v 0.034261 0.061591 -0.028180
v 0.031344 0.061591 -0.031290
v -0.016665 0.061591 0.042800
v -0.012631 0.061591 0.044190
v -0.011588 0.091091 0.011670
v 0.008269 0.085361 -0.039250
v 0.008269 0.085361 -0.039250
v -0.001097 0.075164 0.033000
v -0.001097 0.075164 0.033000
v -0.001240 0.075073 0.027200
v -0.001240 0.075073 0.027200
v 0.018001 0.084476 0.021270
v 0.018001 0.084476 0.021270
v 0.018001 0.084476 0.021270
v 0.018001 0.084476 0.021270
v 0.018001 0.084476 0.021270
v -0.020132 0.084586 -0.017330
v -0.020132 0.084586 -0.017330
v -0.020132 0.084586 -0.017330
v -0.020242 0.092077 -0.016650
v -0.020242 0.092077 -0.016650
v -0.020242 0.092077 -0.016650
v 0.038557 0.085366 0.015200
v 0.038557 0.085366 0.015200
v 0.037012 0.085124 0.019160
v 0.014137 0.091091 -0.027150
v 0.015198 0.091594 -0.017340
v 0.015198 0.091594 -0.017340
v 0.021021 0.061591 -0.038790
v 0.017158 0.061591 -0.040600
v -0.029835 0.085322 0.029280
v -0.044927 0.078591 0.003570
v 0.023753 0.078591 0.039220
v 0.027324 0.078608 0.036750
v 0.014423 0.085591 0.007330
v -0.031021 0.085591 -0.004470
v 0.007496 0.085591 0.014850
v 0.039076 0.078603 -0.021320
v 0.003868 0.085591 0.016310
v 0.015555 0.084606 -0.015180
v 0.015555 0.084606 -0.015180
v 0.015555 0.084606 -0.015180
v -0.010774 0.091091 0.030600
v -0.007264 0.091091 0.031650
v -0.031021 0.091091 -0.004470
v 0.029628 0.092091 -0.006030
v 0.028006 0.092091 -0.011080
v -0.003657 0.085591 0.032290
v -0.017757 0.084641 -0.014130
v -0.017757 0.084641 -0.014130
v -0.017757 0.084641 -0.014130
v -0.017325 0.092089 -0.014170
v -0.017325 0.092089 -0.014170
v -0.043678 0.061591 0.011830
v -0.016139 0.092091 0.020790
v -0.016139 0.092091 0.020790
v 0.044507 0.061591 0.007640
v -0.003541 0.092091 -0.029290
v 0.015125 0.084638 0.018600
v 0.015125 0.084638 0.018600
v -0.012857 0.070591 0.036000
v -0.019549 0.091555 -0.018420
v -0.019549 0.091555 -0.018420
v -0.023753 0.078591 0.039220
v 0.015223 0.084586 -0.017330
v 0.015223 0.084586 -0.017330
v 0.015223 0.084586 -0.017330
v 0.003657 0.085591 0.032290
v 0.000000 0.085591 0.032500
v -0.001833 0.065097 -0.042440
v -0.001833 0.065097 -0.042440
v 0.001768 0.064146 -0.042400
v 0.001768 0.064146 -0.042400
v 0.001768 0.064146 -0.042400
v -0.011271 0.092091 0.013200
v -0.015581 0.092091 0.006750
v -0.015581 0.092091 0.006750
v -0.014582 0.070591 0.037020
v -0.014582 0.070591 0.037020
v 0.019921 0.085290 -0.034980
v 0.015224 0.092091 0.027370
v 0.015427 0.092091 -0.005390
v 0.034826 0.085362 0.022810
v 0.034826 0.085362 0.022810
v 0.000236 0.061591 -0.043970
v 0.000236 0.061591 -0.043970
v 0.000236 0.061591 -0.043970
v 0.000236 0.061591 -0.043970
v 0.021223 0.092091 0.022970
v -0.002592 0.085591 -0.014540
v -0.027728 0.061591 0.036440
v -0.017353 0.092087 -0.019290
v -0.017353 0.092087 -0.019290
v -0.017353 0.092087 -0.019290
v 0.001204 0.092091 0.028910
v 0.001204 0.092091 0.028910
v 0.001204 0.092091 0.028910
v -0.013141 0.061591 -0.042040
v -0.005020 0.092091 0.031130
v -0.012060 0.092091 0.028960
v -0.031344 0.061591 -0.031290
v -0.034261 0.061591 -0.028180
v -0.000531 0.066099 -0.042310
v -0.000531 0.066099 -0.042310
v -0.001436 0.063734 -0.038560
v -0.001436 0.063734 -0.038560
v -0.001436 0.063734 -0.038560
v -0.001436 0.063734 -0.038560
v 0.030594 0.078591 0.034000
v 0.031447 0.085591 0.002830
v 0.031021 0.085591 0.006470
v 0.007264 0.085591 0.031650
v -0.001840 0.092091 0.023590
v -0.001840 0.092091 0.023590
v 0.000000 0.092091 0.022950
v 0.000000 0.092091 0.022950
v -0.000988 0.074039 0.042000
v -0.000988 0.074039 0.042000
v 0.031021 0.085591 -0.004470
v 0.031447 0.085591 -0.000830
v 0.029836 0.085344 0.029260
v 0.026800 0.085305 0.032190
v 0.002174 0.092091 0.023820
v 0.002174 0.092091 0.023820
v 0.002174 0.092091 0.023820
v 0.011588 0.091091 -0.009670
v 0.013798 0.091085 -0.006690
v -0.019271 0.084591 0.020630
v -0.020148 0.084352 0.019280
v -0.020148 0.084352 0.019280
v -0.020148 0.084352 0.019280
v -0.020148 0.084352 0.019280
v 0.039852 0.085235 0.011310
v 0.039852 0.085235 0.011310
v 0.002934 0.077020 0.033000
v 0.002934 0.077020 0.033000
v 0.002934 0.077020 0.033000
v -0.003020 0.063082 -0.043900
v -0.003020 0.063082 -0.043900
v -0.001879 0.092091 0.028470
v -0.001879 0.092091 0.028470
v -0.001879 0.092091 0.028470
v -0.030177 0.085591 -0.008030
v -0.044966 0.078591 -0.000740
v -0.019892 0.085334 0.036980
v -0.001088 0.085891 0.023070
v -0.001088 0.085891 0.023070
v -0.001088 0.085891 0.023070
v 0.025267 0.091091 0.019810
v 0.022912 0.091091 0.022620
v 0.027280 0.085591 -0.014750
v 0.025267 0.085591 -0.017810
v -0.017158 0.061591 -0.040600
v -0.021021 0.061591 -0.038790
v 0.030177 0.085591 -0.008030
v 0.028924 0.085591 -0.011480
v -0.013893 0.091072 -0.006480
v -0.015268 0.091091 -0.002870
v 0.019766 0.092080 -0.018110
v 0.019766 0.092080 -0.018110
v 0.019766 0.092080 -0.018110
v -0.024247 0.061591 0.038910
v -0.019800 0.084614 -0.015180
v -0.019800 0.084614 -0.015180
v -0.019800 0.084614 -0.015180
v 0.026795 0.085401 -0.030120
v 0.001609 0.080557 0.037000
v 0.001609 0.080557 0.037000
v -0.028924 0.085591 0.013480
v 0.007264 0.091091 -0.029650
v 0.022912 0.085591 -0.020620
v 0.002152 0.085891 0.028160
v 0.002152 0.085891 0.028160
v 0.012697 0.092091 -0.009840
v 0.008725 0.092091 -0.013240
v 0.001223 0.085891 0.023230
v 0.001223 0.085891 0.023230
v -0.002867 0.085891 0.027180
v -0.002867 0.085891 0.027180
v -0.002867 0.085891 0.027180
v 0.001908 0.080347 0.042000
v 0.001908 0.080347 0.042000
v 0.018035 0.079670 0.041550
v 0.018035 0.079670 0.041550
v 0.019821 0.078587 0.041410
v -0.019044 0.084576 -0.018830
v -0.019044 0.084576 -0.018830
v -0.019044 0.084576 -0.018830
v -0.019255 0.092091 -0.014620
v -0.019255 0.092091 -0.014620
v -0.039745 0.085430 0.011270
v 0.000007 0.085278 -0.040140
v 0.003377 0.085015 -0.040180
v 0.010774 0.091091 0.030600
v -0.002935 0.077610 0.027200
v -0.002935 0.077610 0.027200
v 0.020248 0.091091 0.025130
v 0.008733 0.092091 -0.028170
v 0.001770 0.092091 -0.029400
v -0.016693 0.070591 0.040660
v -0.016693 0.070591 0.040660
v 0.000000 0.061591 0.046000
v -0.004261 0.061591 0.045800
v 0.003292 0.078056 0.035680
v 0.003292 0.078056 0.035680
v -0.042631 0.078591 -0.013410
v -0.043813 0.078591 -0.009270
v -0.018393 0.092086 0.021130
v -0.018393 0.092086 0.021130
v -0.017309 0.091091 -0.025320
v -0.020248 0.091091 -0.023130
v 0.039147 0.061591 -0.021190
v 0.016680 0.082050 0.040630
v 0.013688 0.092091 -0.026260
v 0.036802 0.078591 -0.024900
v 0.034157 0.078591 -0.028300
v -0.015268 0.091091 0.004870
v -0.014012 0.091088 0.008300
v -0.014012 0.091088 0.008300
v -0.002697 0.080989 0.042000
v -0.002697 0.080989 0.042000
v 0.002707 0.085891 0.024560
v 0.002707 0.085891 0.024560
v -0.019727 0.092091 0.024470
v -0.038882 0.061591 0.023650
v 0.004261 0.061591 0.045800
v 0.019692 0.092091 -0.022420
v -0.032492 0.085335 0.026170
v -0.041058 0.078591 -0.017420
v -0.039076 0.078603 -0.021320
v 0.017309 0.085591 -0.025320
v 0.020248 0.085591 -0.023130
v 0.043813 0.078591 -0.009270
v -0.020732 0.078591 -0.038940
v -0.016910 0.078596 -0.040700
v -0.020548 0.061591 0.041030
v 0.018532 0.069942 0.041620
v 0.018532 0.069942 0.041620
v -0.022912 0.091091 -0.020620
v 0.044475 0.078591 0.007850
v 0.044927 0.078591 0.003570
v 0.038882 0.061591 0.023650
v 0.014137 0.085591 -0.027150
v 0.036562 0.061591 0.027230
v -0.044595 0.078605 -0.005020
v -0.013791 0.070591 0.036360
v 0.027847 0.078608 -0.034340
v 0.003657 0.085591 -0.030290
v 0.000000 0.085591 -0.030500
v 0.002230 0.075418 0.035560
v 0.002230 0.075418 0.035560
v 0.002230 0.075418 0.035560
v 0.002230 0.075418 0.035560
v 0.001183 0.075235 0.033000
v -0.004747 0.078216 0.036000
v -0.004747 0.078216 0.036000
v -0.014137 0.091091 -0.027150
v -0.012750 0.078591 -0.042160
v 0.003657 0.091091 0.032290
v -0.019416 0.084597 0.016810
v -0.019416 0.084597 0.016810
v -0.000417 0.085891 0.029120
v -0.000417 0.085891 0.029120
v -0.000417 0.085891 0.029120
v -0.002788 0.081650 0.035010
v -0.002788 0.081650 0.035010
v -0.008485 0.061591 0.045190
v 0.007264 0.091091 0.031650
v 0.043587 0.078604 0.012180
v -0.041071 0.085302 0.003130
v -0.025439 0.092091 0.017730
v -0.028612 0.092091 0.011420
v 0.000524 0.066159 -0.043990
v 0.000524 0.066159 -0.043990
v -0.003657 0.085591 -0.030290
v -0.007264 0.085591 -0.029650
v 0.020248 0.085591 0.025130
v -0.036870 0.061591 -0.024800
v -0.028006 0.092091 -0.011080
v -0.024456 0.078591 -0.036770
v -0.027956 0.078591 -0.034260
v 0.025439 0.092091 -0.015730
v -0.044961 0.061591 -0.000870
v 0.030177 0.091091 -0.008030
v 0.044595 0.078605 -0.005020
v 0.031199 0.078591 -0.031430
v -0.010774 0.085591 -0.028600
v -0.029628 0.092091 -0.006030
v 0.036870 0.061591 -0.024800
v 0.033913 0.061591 0.030580
v -0.008566 0.078591 -0.043180
v 0.012441 0.084591 0.036000
v -0.004303 0.078591 -0.043790
v 0.000000 0.078591 -0.044000
v -0.044507 0.061591 0.007640
v 0.010774 0.091091 -0.028600
v 0.044966 0.078591 -0.000740
v 0.019990 0.069591 0.041320
v 0.030177 0.085591 0.010030
v -0.031317 0.078597 -0.031320
v 0.023546 0.085128 -0.032840
v -0.044936 0.061591 0.003400
v -0.015797 0.091086 0.000770
v 0.031021 0.091091 -0.004470
v -0.037034 0.085091 -0.017160
v 0.000000 0.085591 0.016750
v 0.041194 0.085091 -0.001080
v -0.030177 0.091091 0.010030
v -0.030243 0.092091 0.004540
v -0.017149 0.084794 -0.019170
v -0.017149 0.084794 -0.019170
v 0.028924 0.085591 0.013480
v -0.038585 0.085305 -0.013220
v -0.038585 0.085305 -0.013220
v 0.004303 0.078591 -0.043790
v -0.030448 0.092091 -0.000770
v -0.025267 0.091091 0.019810
vn 0.1235 0.9923 0.0077
vn 0.4046 0.8909 0.2062
vn 0.4170 0.8867 0.1998
vn 0.3976 0.8933 0.2098
vn 0.1591 0.9777 -0.1371
vn 0.0843 0.9916 -0.0977
vn 0.1126 0.9908 -0.0757
vn 0.4239 0.8842 0.1962
vn 0.2047 0.9718 -0.1168
vn 0.1544 0.9853 -0.0731
vn 0.6323 0.5093 0.5839
vn 0.6745 0.5223 0.5219
vn 0.7237 0.5111 0.4637
vn 0.0127 0.9786 -0.2053
vn 0.0349 0.8750 -0.4829
vn 0.0311 0.9243 -0.3804
vn 0.0372 0.9983 0.0452
vn 0.1082 0.9904 0.0865
vn 0.0167 0.9998 0.0113
vn 0.0319 0.8702 -0.4917
vn 0.0153 0.9998 0.0095
vn 0.5497 0.8084 -0.2106
vn 0.0730 0.9971 -0.0220
vn 0.0354 0.9910 -0.1293
vn 0.0913 0.9821 -0.1649
vn 0.0375 0.9980 0.0508
vn 0.1745 0.9846 -0.0067
vn 0.0896 0.9650 -0.2463
vn 0.1556 0.8667 -0.4740
vn 0.0332 0.9989 0.0334
vn 0.2847 0.9582 -0.0266
vn 0.1797 0.9322 -0.3142
vn 0.1855 0.9823 0.0246
vn 0.5347 0.8446 -0.0257
vn 0.0316 0.9994 0.0135
vn 0.0327 0.9994 0.0088
vn 0.2982 0.8464 -0.4412
vn 0.6393 0.7479 0.1786
vn -0.6749 0.6414 -0.3648
vn 0.6722 0.5079 -0.5387
vn 0.6119 0.5093 -0.6052
vn 0.5711 0.5110 -0.6424
vn 0.9474 0.0001 -0.3202
vn 0.9737 0.0001 -0.2280
vn 0.9734 -0.0001 -0.2293
vn 0.9474 -0.0001 -0.3200
vn 0.9127 -0.0000 -0.4086
vn 0.0937 -0.0006 0.9956
vn -0.0000 0.0041 1.0000
vn -0.0000 -0.0000 1.0000
vn 0.9123 0.0002 -0.4096
vn 0.8699 -0.0003 -0.4932
vn 0.1145 0.0053 0.9934
vn 0.1881 -0.0023 0.9821
vn 0.8687 0.0002 -0.4953
vn 0.8196 -0.0004 -0.5730
vn 0.2281 0.0066 0.9736
vn 0.2807 -0.0026 0.9598
vn 0.8177 0.0003 -0.5757
vn 0.7614 -0.0003 -0.6483
vn 0.3382 0.0065 0.9410
vn 0.3712 -0.0022 0.9285
vn 0.7590 0.0004 -0.6511
vn 0.6962 -0.0004 -0.7179
vn 0.4052 -0.0004 0.9142
vn 0.4585 -0.0002 0.8887
vn 0.6922 0.0008 -0.7218
vn 0.6255 -0.0004 -0.7803
vn 0.5376 0.0004 0.8432
vn 0.6196 0.0010 -0.7849
vn 0.5490 -0.0004 -0.8358
vn 0.5436 0.0008 -0.8393
vn 0.4671 -0.0005 -0.8842
vn 0.5281 0.0006 0.8492
vn 0.2649 0.0061 0.9643
vn 0.4613 0.0007 -0.8872
vn 0.3813 -0.0006 -0.9245
vn 0.6070 0.0012 0.7947
vn 0.6161 -0.0009 0.7877
vn 0.3752 0.0007 -0.9270
vn 0.2923 -0.0008 -0.9563
vn 0.6798 0.0012 0.7334
vn 0.6878 -0.0008 0.7259
vn 0.2844 0.0008 -0.9587
vn 0.1995 -0.0011 -0.9799
vn 0.7470 0.0012 0.6648
vn 0.7539 -0.0008 0.6569
vn 0.1895 0.0009 -0.9819
vn 0.1123 -0.0102 -0.9936
vn 0.8072 0.0010 0.5902
vn 0.8128 -0.0008 0.5826
vn 0.8605 0.0007 0.5095
vn 0.8640 -0.0007 0.5036
vn 0.9050 0.0007 0.4254
vn 0.9077 -0.0005 0.4196
vn 0.0571 -0.0005 -0.9984
vn 0.0673 -0.0294 -0.9973
vn 0.9411 0.0008 0.3380
vn 0.9434 -0.0006 0.3316
vn 0.9689 0.0009 0.2474
vn 0.9707 -0.0005 0.2404
vn 0.0503 -0.0596 -0.9970
vn 0.9882 0.0007 0.1530
vn 0.9891 -0.0004 0.1475
vn 0.9984 0.0004 0.0571
vn 0.9986 -0.0003 0.0533
vn 0.9992 0.0003 -0.0387
vn 0.9991 -0.0002 -0.0415
vn 0.0967 0.0030 -0.9953
vn 0.9910 0.0003 -0.1338
vn 0.9907 -0.0002 -0.1360
vn -0.0005 0.0041 -1.0000
vn -0.8243 0.5227 -0.2176
vn -0.8196 0.5016 -0.2767
vn -0.8423 0.5032 -0.1929
vn -0.8560 0.5042 -0.1143
vn -0.8483 0.5107 -0.1401
vn -0.8006 0.5003 -0.3298
vn -0.8131 0.5067 -0.2866
vn -0.7759 0.5024 -0.3815
vn -0.7839 0.5060 -0.3600
vn -0.7494 0.5045 -0.4288
vn -0.7237 0.5095 -0.4655
vn -0.6753 0.5207 -0.5223
vn -0.7084 0.5078 -0.4902
vn -0.6473 0.5109 -0.5656
vn -0.6025 0.5041 -0.6188
vn -0.6321 0.5083 -0.5849
vn -0.5495 0.5115 -0.6606
vn -0.5174 0.5087 -0.6882
vn -0.5410 0.5012 -0.6753
vn -0.4720 0.5018 -0.7248
vn -0.4328 0.5047 -0.7470
vn -0.4281 0.5058 -0.7489
vn -0.3855 0.5135 -0.7666
vn -0.4152 0.4975 0.7617
vn -0.3848 0.4966 0.7780
vn -0.3790 0.5005 0.7784
vn -0.3266 0.5047 -0.7991
vn -0.3474 0.4987 -0.7941
vn -0.2612 0.5023 -0.8243
vn -0.2224 0.4992 -0.8375
vn -0.1707 0.5014 -0.8482
vn -0.1649 0.5019 -0.8491
vn -0.2524 0.5048 -0.8255
vn -0.1275 0.5007 -0.8562
vn -0.0740 0.5038 -0.8607
vn -0.0810 0.4936 -0.8659
vn -0.0015 0.4999 -0.8661
vn -0.0003 0.4963 -0.8682
vn -0.4334 0.4996 0.7500
vn -0.4926 0.5009 0.7117
vn -0.4609 0.5069 0.7284
vn -0.3947 0.5106 0.7639
vn -0.3834 0.5101 0.7700
vn -0.5249 0.5041 0.6858
vn -0.5643 0.5012 0.6561
vn -0.6132 0.5003 0.6113
vn -0.6319 0.4994 0.5927
vn -0.6467 0.5024 0.5740
vn -0.5776 0.5106 0.6369
vn -0.6851 0.5030 0.5269
vn -0.6848 0.5098 0.5207
vn -0.7307 0.5223 0.4395
vn -0.7009 0.4989 0.5098
vn -0.7446 0.5008 0.4413
vn -0.7799 0.5035 0.3718
vn -0.7999 0.4999 0.3320
vn -0.7718 0.5010 0.3915
vn -0.8138 0.5000 0.2964
vn -0.8108 0.5146 0.2790
vn -0.8357 0.5044 0.2174
vn -0.8347 0.5104 0.2070
vn -0.8443 0.5223 0.1201
vn -0.8630 0.5025 0.0516
vn -0.8551 0.5009 0.1340
vn -0.8660 0.5000 0.0010
vn -0.8621 0.5036 0.0562
vn -0.8640 0.5014 -0.0465
vn -0.8593 0.5097 -0.0427
vn -0.1432 -0.0331 0.9891
vn -0.8174 0.0109 0.5760
vn -0.7774 -0.0024 0.6290
vn -0.4745 -0.0069 0.8802
vn -0.5419 0.0075 0.8404
vn -0.3119 -0.0091 0.9501
vn -0.7048 -0.1851 -0.6849
vn -0.4774 -0.5467 0.6879
vn -0.2000 -0.7174 -0.6673
vn 0.2329 -0.8036 0.5477
vn 0.7817 -0.5507 -0.2926
vn 0.7615 -0.5130 -0.3963
vn 0.7692 -0.5262 -0.3624
vn 0.7842 -0.5566 -0.2741
vn 0.7273 -0.0000 -0.6863
vn 0.6427 -0.0000 -0.7661
vn 0.8023 -0.0000 -0.5969
vn 0.5496 -0.0000 -0.8354
vn 0.1162 -0.0000 0.9932
vn 0.4485 -0.0000 -0.8938
vn 0.2310 -0.0000 0.9729
vn 0.3418 -0.0000 -0.9398
vn 0.2311 -0.0000 -0.9729
vn 0.3418 -0.0000 0.9398
vn 0.1162 -0.0000 -0.9932
vn 0.4485 -0.0000 0.8938
vn -0.0000 -0.0000 -1.0000
vn 0.5496 -0.0000 0.8354
vn 0.6427 -0.0000 0.7661
vn 0.7273 -0.0000 0.6863
vn 0.8023 -0.0000 0.5969
vn 0.8659 -0.0000 0.5002
vn 0.9183 -0.0000 0.3959
vn 0.9581 -0.0000 0.2866
vn 0.9848 -0.0000 0.1738
vn 0.9983 -0.0000 0.0581
vn 0.9983 -0.0000 -0.0581
vn 0.9848 -0.0000 -0.1738
vn 0.9581 -0.0000 -0.2866
vn 0.9183 -0.0000 -0.3959
vn 0.8659 -0.0000 -0.5002
vn 0.2750 0.7567 0.5931
vn 0.3759 0.7572 0.5342
vn 0.3383 0.7356 0.5869
vn 0.1976 0.7336 0.6502
vn 0.0964 0.7570 -0.6463
vn -0.0053 0.7365 -0.6764
vn 0.0449 0.7313 -0.6805
vn 0.2426 0.7564 0.6075
vn 0.1312 0.7563 -0.6409
vn 0.1938 0.7305 -0.6549
vn 0.1416 0.7464 0.6502
vn 0.0476 0.7038 0.7088
vn 0.1012 0.7181 0.6885
vn 0.2426 0.7564 -0.6075
vn -0.0195 0.7317 0.6813
vn 0.3051 0.7121 -0.6323
vn 0.3051 0.7127 -0.6316
vn 0.3633 0.7417 -0.5639
vn 0.4631 0.6977 -0.5466
vn 0.4769 0.6695 -0.5694
vn 0.4768 0.7717 -0.4209
vn 0.5643 0.7336 -0.3787
vn 0.5122 0.7567 -0.4063
vn 0.5878 0.7368 -0.3341
vn 0.6478 0.7132 -0.2677
vn 0.6475 0.7135 -0.2678
vn 0.6689 0.7255 -0.1623
vn 0.6217 0.7554 -0.2070
vn 0.6672 0.7363 -0.1127
vn 0.7007 0.7128 -0.0298
vn 0.7003 0.7132 -0.0300
vn 0.6777 0.7308 0.0814
vn 0.6535 0.7567 0.0176
vn 0.6404 0.7564 0.1335
vn 0.6364 0.7358 0.2315
vn 0.6326 0.7560 0.1681
vn 0.5921 0.7565 0.2777
vn 0.5689 0.7341 0.3707
vn 0.5758 0.7568 0.3092
vn 0.5266 0.7466 0.4066
vn 0.4887 0.7075 0.5105
vn 0.5205 0.7169 0.4638
vn 0.4079 0.7452 0.5276
vn 0.1537 0.6420 0.7511
vn -0.0333 0.6534 0.7563
vn 0.0574 0.6675 0.7424
vn 0.2220 0.6624 0.7155
vn 0.2890 0.6663 0.6875
vn 0.4521 0.5668 0.6887
vn 0.5279 0.6356 0.5633
vn 0.6307 0.5834 0.5117
vn 0.6917 0.5691 0.4447
vn 0.6888 0.6645 0.2896
vn 0.7495 0.6355 0.1855
vn 0.7950 0.6040 -0.0566
vn 0.7530 0.6558 0.0536
vn 0.7292 0.6479 -0.2202
vn 0.8360 0.5298 -0.1428
vn 0.6848 0.6845 -0.2502
vn 0.7552 0.4151 -0.5073
vn 0.7605 0.4043 -0.5081
vn 0.5360 0.6263 -0.5661
vn 0.6353 0.5798 -0.5102
vn 0.4535 0.5710 -0.6843
vn 0.2865 0.6592 -0.6952
vn 0.2123 0.6552 -0.7250
vn 0.1502 0.4830 -0.8626
vn 0.1477 0.4682 -0.8712
vn 0.2158 -0.8448 0.4896
vn 0.0520 -0.7063 -0.7060
vn 0.5215 -0.8426 0.1342
vn 0.3602 -0.8470 0.3909
vn 0.3283 -0.0393 0.9438
vn 0.7535 0.0154 0.6573
vn 0.7177 0.0287 0.6957
vn 0.8299 -0.0166 0.5576
vn 0.8578 -0.0299 0.5132
vn 0.9986 0.0453 0.0272
vn 0.9119 -0.0608 -0.4059
vn 0.6195 0.0641 -0.7824
vn 0.1409 -0.0703 -0.9875
vn -0.0698 0.0047 0.9976
vn -0.0065 -0.0031 1.0000
vn 0.1599 0.0045 0.9871
vn 0.1666 0.0064 0.9860
vn 0.4183 0.0171 0.9082
vn 0.3281 -0.0057 0.9446
vn 0.5415 -0.0068 0.8407
vn 0.6733 0.0150 0.7393
vn 0.8364 0.0125 0.5480
vn 0.7374 -0.0124 0.6754
vn 0.8791 -0.0103 0.4766
vn 0.9544 0.0096 0.2985
vn 0.9712 -0.0010 0.2382
vn 0.9999 0.0112 -0.0123
vn 0.9999 0.0030 0.0168
vn 0.9423 0.0190 -0.3342
vn 0.9726 -0.0069 -0.2323
vn 0.8832 -0.0078 -0.4690
vn 0.7918 0.0141 -0.6106
vn 0.6270 0.0092 -0.7789
vn 0.7354 -0.0124 -0.6776
vn 0.5477 -0.0108 -0.8366
vn 0.4614 0.0090 -0.8871
vn 0.3292 -0.0126 -0.9442
vn 0.2473 0.0102 -0.9689
vn 0.0819 -0.0102 -0.9966
vn -0.0032 0.0124 -0.9999
vn 0.3132 0.0131 0.9496
vn 0.0788 -0.0288 0.9965
vn 0.1187 -0.0218 0.9927
vn 0.3690 0.0235 0.9291
vn 0.7729 -0.0183 0.6342
vn 0.9989 -0.0055 0.0473
vn 0.6305 0.0134 -0.7761
vn 0.8371 0.0189 -0.5468
vn 0.6908 -0.0221 -0.7227
vn 0.3966 0.0148 -0.9179
vn 0.6384 -0.0235 -0.7693
vn 0.3071 0.0136 0.9516
vn 0.0629 -0.0304 0.9976
vn 0.1080 -0.0225 0.9939
vn 0.3596 0.0234 0.9328
vn 0.9103 0.0146 0.4136
vn 0.8977 0.0073 0.4406
vn 0.8487 -0.0173 0.5285
vn 0.8350 -0.0234 0.5497
vn 0.9352 -0.0034 -0.3542
vn 0.9360 -0.0027 -0.3519
vn 0.9322 -0.0057 -0.3620
vn 0.9314 -0.0063 -0.3639
vn 0.3673 0.0118 -0.9300
vn 0.3619 0.0101 -0.9322
vn 0.3927 0.0198 -0.9195
vn 0.4021 0.0228 -0.9153
vn 0.2018 0.0038 0.9794
vn 0.1148 -0.0150 0.9933
vn 0.1295 -0.0118 0.9915
vn 0.2173 0.0071 0.9761
vn 0.8123 0.0037 0.5832
vn 0.8088 0.0022 0.5880
vn 0.7951 -0.0038 0.6065
vn 0.7922 -0.0050 0.6102
vn 0.9885 0.0038 -0.1509
vn 0.9883 0.0033 -0.1524
vn 0.9894 0.0056 -0.1452
vn 0.9896 0.0061 -0.1437
vn 0.4570 0.0279 -0.8890
vn 0.4814 0.0225 -0.8762
vn 0.5979 -0.0046 -0.8016
vn 0.6267 -0.0118 -0.7792
vn 0.0425 -0.0221 -0.9989
vn 0.2159 0.0112 0.9764
vn 0.1742 0.0211 0.9845
vn 0.3384 -0.0185 0.9408
vn 0.3740 -0.0274 0.9270
vn 0.8317 0.0172 0.5549
vn 0.8092 0.0241 0.5870
vn 0.9160 -0.0139 0.4009
vn 0.9289 -0.0199 0.3697
vn 0.9787 0.0176 -0.2047
vn 0.9879 0.0284 -0.1527
vn 0.9204 -0.0224 -0.3904
vn 0.8988 -0.0329 -0.4370
vn 0.4215 0.0251 -0.9065
vn 0.4565 0.0333 -0.8891
vn 0.2702 -0.0090 -0.9628
vn 0.2270 -0.0184 -0.9737
vn 0.4547 0.8458 -0.2791
vn 0.3999 0.8548 -0.3308
vn 0.4002 0.8548 -0.3305
vn 0.3468 0.8588 -0.3772
vn -0.5020 0.7821 -0.3693
vn -0.2476 0.9599 -0.1316
vn -0.4868 0.8008 -0.3490
vn 0.1879 0.8891 -0.4174
vn -0.0387 0.9973 -0.0618
vn 0.4746 0.8793 0.0394
vn 0.4740 0.8802 0.0239
vn 0.4622 0.8777 -0.1265
vn 0.2299 0.8450 -0.4829
vn 0.4404 0.8613 0.2533
vn 0.5205 0.8493 -0.0881
vn -0.0851 0.8526 0.5156
vn -0.0879 0.8525 0.5152
vn 0.0085 0.8507 0.5255
vn 0.4137 0.8615 0.2944
vn 0.2379 0.8418 -0.4846
vn -0.1350 0.8429 0.5208
vn 0.0012 0.8386 0.5447
vn -0.1512 0.8424 0.5172
vn 0.5140 0.8530 -0.0904
vn -0.4826 0.8676 -0.1200
vn -0.4100 0.8611 -0.3006
vn -0.4710 0.8688 -0.1527
vn -0.2753 0.8301 0.4849
vn -0.5219 0.8530 0.0068
vn -0.1283 0.8522 -0.5073
vn -0.1798 0.8467 0.5008
vn -0.5032 0.8565 -0.1150
vn -0.4878 0.8712 0.0558
vn -0.4906 0.8707 0.0339
vn -0.4585 0.8604 0.2224
vn -0.2021 0.8459 -0.4936
vn -0.0735 0.9736 0.2161
vn -0.3248 0.7870 0.5246
vn 0.4741 0.8585 0.1954
vn 0.2008 0.8373 0.5085
vn -0.2979 0.8834 0.3617
vn -0.3206 0.8619 0.3928
vn -0.3207 0.8618 0.3930
vn -0.3287 0.8537 0.4039
vn 0.4922 0.7905 0.3645
vn -0.3490 0.0919 -0.9326
vn 0.7864 0.1064 0.6085
vn -0.0000 1.0000 -0.0000
vn -0.3436 0.0085 -0.9391
vn -0.3172 0.0133 -0.9483
vn -0.4576 -0.0126 -0.8891
vn -0.4791 -0.0168 -0.8776
vn -0.8019 0.0217 -0.5970
vn -0.9999 0.0113 -0.0039
vn -0.9994 0.0040 -0.0339
vn -0.9915 -0.0191 -0.1291
vn -0.9878 -0.0251 -0.1535
vn -0.6050 -0.0039 0.7962
vn -0.6099 -0.0059 0.7925
vn -0.6219 -0.0111 0.7831
vn -0.6258 -0.0128 0.7799
vn -0.4015 0.0413 -0.9149
vn -0.7836 -0.0488 -0.6194
vn -0.9784 0.0346 -0.2038
vn -0.8997 0.0129 0.4363
vn -0.9134 0.0081 0.4070
vn -0.9621 -0.0134 0.2724
vn -0.9702 -0.0181 0.2418
vn -0.4237 0.0181 0.9056
vn -0.4497 0.0132 0.8931
vn -0.5739 -0.0114 0.8188
vn -0.5964 -0.0161 0.8025
vn -0.1940 -0.0311 -0.9805
vn -0.5825 0.0413 -0.8118
vn -0.9846 0.0116 -0.1742
vn -0.9115 -0.0371 -0.4095
vn -0.9295 -0.0282 -0.3677
vn -0.9928 0.0230 -0.1173
vn -0.8140 -0.0166 0.5806
vn -0.8143 -0.0167 0.5803
vn -0.8147 -0.0169 0.5796
vn -0.8142 -0.0167 0.5803
vn -0.8148 -0.0170 0.5795
vn -0.3194 0.0261 0.9473
vn -0.2709 0.0154 -0.9625
vn -0.1491 -0.0139 -0.9887
vn -0.1768 -0.0073 -0.9842
vn -0.3002 0.0225 -0.9536
vn -0.9696 0.0156 -0.2444
vn -0.9121 -0.0340 -0.4086
vn -0.9293 -0.0217 -0.3688
vn -0.9788 0.0276 -0.2031
vn -0.8143 -0.0186 0.5802
vn -0.8140 -0.0185 0.5806
vn -0.8129 -0.0179 0.5821
vn -0.8139 -0.0184 0.5808
vn -0.8127 -0.0178 0.5824
vn -0.3184 0.0273 0.9476
vn -0.1473 -0.0093 -0.9891
vn -0.2454 0.0107 -0.9694
vn -0.4614 0.0090 -0.8871
vn -0.3418 -0.0093 -0.9397
vn -0.6270 0.0092 -0.7789
vn -0.5477 -0.0108 -0.8366
vn -0.7874 0.0098 -0.6164
vn -0.7346 -0.0122 -0.6783
vn -0.9165 0.0122 -0.3999
vn -0.8807 -0.0102 -0.4735
vn -0.9872 0.0142 -0.1586
vn -0.9691 -0.0126 -0.2465
vn -0.9876 0.0189 0.1556
vn -0.9999 -0.0078 0.0074
vn -0.8905 0.0103 0.4548
vn -0.9661 -0.0069 0.2581
vn -0.8744 -0.0027 0.4851
vn -0.7466 0.0033 0.6653
vn -0.6177 0.0035 0.7864
vn -0.7356 -0.0055 0.6774
vn -0.5395 -0.0133 0.8419
vn -0.4677 -0.0034 0.8839
vn -0.2688 -0.0117 0.9631
vn -0.3201 0.0028 0.9474
vn -0.3494 0.0597 -0.9351
vn -0.8966 0.0084 -0.4427
vn -0.8728 -0.0079 -0.4881
vn -0.8203 -0.0390 -0.5706
vn -0.7997 -0.0499 -0.5983
vn -0.9814 0.0009 0.1919
vn -0.9893 0.0154 0.1448
vn -0.9553 -0.0311 0.2939
vn -0.9437 -0.0420 0.3281
vn -0.6670 0.0315 0.7444
vn -0.0691 0.0314 0.9971
vn -0.1348 0.0182 0.9907
vn -0.3100 -0.0182 0.9506
vn -0.3714 -0.0313 0.9280
vn -0.4689 -0.8729 -0.1349
vn -0.1518 0.6676 -0.7289
vn -0.0389 0.7434 -0.6677
vn -0.0816 0.7168 -0.6925
vn -0.2238 0.6638 -0.7137
vn -0.2903 0.6728 -0.6805
vn -0.4469 0.5745 -0.6857
vn -0.4697 0.7620 -0.4458
vn -0.4526 0.7798 -0.4325
vn -0.4932 0.7914 -0.3612
vn -0.7031 0.6868 -0.1842
vn -0.7725 0.5257 -0.3562
vn -0.7251 0.6659 -0.1754
vn -0.7805 0.5060 -0.3671
vn -0.7629 0.6463 -0.0167
vn -0.7439 0.6647 0.0683
vn -0.7485 0.6365 0.1860
vn -0.6808 0.6795 0.2734
vn -0.6740 0.6260 0.3922
vn -0.5629 0.6711 0.4824
vn -0.5265 0.6727 0.5200
vn -0.4225 0.6629 0.6181
vn -0.3773 0.6694 0.6399
vn -0.2120 0.6671 0.7141
vn -0.1673 0.6654 0.7275
vn -0.0006 1.0000 0.0001
vn 0.0009 1.0000 0.0020
vn -0.0008 1.0000 0.0011
vn -0.0001 1.0000 0.0001
vn -0.0000 1.0000 0.0003
vn -0.0006 1.0000 0.0002
vn -0.0001 1.0000 0.0002
vn 0.0013 1.0000 -0.0000
vn -0.0000 1.0000 -0.0013
vn -0.0020 1.0000 -0.0023
vn -0.0000 1.0000 0.0012
vn -0.0007 1.0000 -0.0001
vn 0.0001 1.0000 -0.0000
vn 0.0004 1.0000 0.0007
vn 0.0001 1.0000 0.0011
vn 0.0009 1.0000 -0.0000
vn -0.0022 1.0000 -0.0023
vn -0.0005 1.0000 -0.0007
vn -0.0000 1.0000 0.0023
vn -0.0000 1.0000 -0.0012
vn -0.0005 1.0000 -0.0006
vn 0.0004 1.0000 -0.0002
vn -0.0000 1.0000 0.0022
vn 0.0001 1.0000 -0.0001
vn 0.0002 1.0000 0.0004
vn 0.0003 1.0000 0.0002
vn 0.0003 1.0000 -0.0003
vn -0.0005 1.0000 -0.0005
vn 0.0002 1.0000 -0.0001
vn 0.0003 1.0000 -0.0004
vn 0.0004 1.0000 -0.0000
vn 0.0003 1.0000 -0.0002
vn -0.0004 1.0000 -0.0004
vn -0.0006 1.0000 -0.0004
vn -0.0004 1.0000 -0.0008
vn 0.0002 1.0000 -0.0000
vn 0.0004 1.0000 0.0004
vn 0.0006 1.0000 0.0006
vn 0.0005 1.0000 0.0006
vn 0.0001 1.0000 0.0004
vn -0.0002 1.0000 -0.0005
vn -0.0005 1.0000 -0.0008
vn -0.0005 1.0000 -0.0002
vn 0.0025 1.0000 0.0025
vn -0.0000 1.0000 0.0013
vn -0.0011 1.0000 0.0006
vn -0.0005 1.0000 -0.0009
vn -0.0006 1.0000 -0.0003
vn -0.0003 1.0000 0.0004
vn -0.0002 1.0000 -0.0003
vn -0.0003 1.0000 -0.0005
vn -0.0001 1.0000 -0.0000
vn -0.0011 1.0000 0.0007
vn -0.0006 1.0000 -0.0002
vn 0.0001 1.0000 0.0003
vn 0.0003 1.0000 -0.0000
vn 0.0009 1.0000 -0.0003
vn 0.0006 1.0000 -0.0019
vn 0.0010 1.0000 -0.0003
vn 0.0016 1.0000 -0.0015
vn -0.0000 1.0000 -0.0001
vn 0.0007 1.0000 -0.0005
vn -0.0002 1.0000 -0.0002
vn 0.0006 1.0000 -0.0005
vn 0.0006 1.0000 -0.0009
vn 0.0003 1.0000 0.0005
vn 0.0002 1.0000 0.0002
vn 0.0011 1.0000 -0.0003
vn 0.0002 1.0000 -0.0002
vn -0.0003 1.0000 -0.0006
vn 0.0001 1.0000 -0.0002
vn -0.0017 1.0000 -0.0017
vn -0.0004 1.0000 -0.0006
vn 0.0005 1.0000 -0.0006
vn -0.0007 1.0000 -0.0000
vn 0.0002 1.0000 0.0006
vn -0.0004 1.0000 0.0011
vn -0.0007 1.0000 0.0013
vn -0.0001 1.0000 0.0005
vn -0.0000 1.0000 0.0004
vn -0.0007 1.0000 0.0001
vn -0.0002 1.0000 -0.0000
vn -0.0000 1.0000 0.0014
vn -0.0006 1.0000 -0.0001
vn -0.0019 1.0000 -0.0015
vn -0.0072 -0.0185 0.9998
vn 0.0120 0.0161 0.9998
vn 0.0110 0.0161 0.9998
vn -0.0067 -0.0143 0.9999
vn -0.3755 0.7474 -0.5482
vn -0.4814 0.7080 -0.5168
vn -0.3369 0.7343 -0.5894
vn -0.4315 0.7186 -0.5453
vn -0.1198 0.7061 0.6979
vn -0.0603 0.7199 0.6915
vn -0.2749 0.7568 -0.5930
vn -0.2427 0.7565 -0.6073
vn -0.1978 0.7307 -0.6534
vn -0.1803 0.7433 0.6442
vn -0.2695 0.7356 0.6215
vn -0.2044 0.7563 0.6215
vn -0.1316 0.7560 -0.6413
vn -0.0914 0.7152 -0.6930
vn -0.0916 0.7148 -0.6933
vn -0.3122 0.7596 0.5706
vn -0.4714 0.6807 0.5608
vn -0.3279 0.7695 0.5481
vn -0.4916 0.6434 0.5868
vn -0.4846 0.7676 0.4195
vn -0.5081 0.7595 0.4062
vn -0.5641 0.7372 0.3719
vn -0.5759 0.7568 0.3092
vn -0.5921 0.7565 0.2777
vn -0.6364 0.7358 0.2315
vn -0.6326 0.7560 0.1681
vn -0.6404 0.7564 0.1335
vn -0.6777 0.7308 0.0814
vn -0.6535 0.7567 0.0176
vn -0.7003 0.7132 -0.0300
vn -0.7007 0.7128 -0.0298
vn -0.6672 0.7363 -0.1127
vn -0.6689 0.7255 -0.1623
vn -0.6217 0.7554 -0.2070
vn -0.6475 0.7135 -0.2678
vn -0.6478 0.7132 -0.2677
vn -0.5878 0.7368 -0.3341
vn -0.5674 0.7308 -0.3794
vn -0.5122 0.7567 -0.4063
vn -0.5035 0.7446 -0.4383
vn -0.6427 -0.0000 0.7661
vn -0.7273 -0.0000 0.6863
vn -0.1162 -0.0000 -0.9932
vn -0.5496 -0.0000 0.8354
vn -0.2311 -0.0000 -0.9729
vn -0.4485 -0.0000 0.8938
vn -0.3418 -0.0000 -0.9398
vn -0.3418 -0.0000 0.9398
vn -0.4485 -0.0000 -0.8938
vn -0.2310 -0.0000 0.9729
vn -0.5496 -0.0000 -0.8354
vn -0.1162 -0.0000 0.9932
vn -0.6427 -0.0000 -0.7661
vn -0.7273 -0.0000 -0.6863
vn -0.8023 -0.0000 -0.5969
vn -0.8659 -0.0000 -0.5002
vn -0.9183 -0.0000 -0.3959
vn -0.9581 -0.0000 -0.2866
vn -0.9848 -0.0000 -0.1738
vn -0.9983 -0.0000 -0.0581
vn -0.9983 -0.0000 0.0581
vn -0.9848 -0.0000 0.1738
vn -0.9581 -0.0000 0.2866
vn -0.9183 -0.0000 0.3959
vn -0.8659 -0.0000 0.5002
vn -0.8023 -0.0000 0.5969
vn -0.0300 -0.0748 0.9967
vn 0.0414 0.0553 0.9976
vn -0.1012 0.9886 0.1113
vn -0.0214 0.9994 0.0284
vn -0.1822 0.9833 0.0030
vn -0.1258 0.9818 -0.1424
vn -0.0546 0.9982 -0.0266
vn -0.1854 0.9697 -0.1589
vn -0.0623 0.9978 0.0246
vn -0.0819 0.9957 0.0431
vn -0.3749 0.9153 0.1476
vn -0.2282 0.9333 -0.2774
vn -0.0244 0.9980 -0.0579
vn -0.3135 0.9491 0.0297
vn -0.2667 0.9635 -0.0223
vn -0.1724 0.9577 0.2304
vn -0.0765 0.9896 0.1220
vn -0.0370 0.9901 -0.1351
vn -0.1786 0.8091 -0.5598
vn -0.0252 0.9971 -0.0716
vn -0.1176 0.9926 -0.0317
vn -0.1739 0.9715 0.1612
vn -0.3629 0.8324 0.4189
vn -0.0787 0.9965 -0.0284
vn -0.1004 0.9929 0.0645
vn -0.0265 0.9551 -0.2950
vn -0.5131 0.8221 -0.2466
vn -0.8450 0.3843 0.3719
vn -0.4261 0.6983 0.5751
vn -0.1077 0.6752 0.7298
vn -0.1337 0.5215 0.8427
vn -0.2037 0.6333 0.7466
vn -0.1107 0.7028 0.7027
vn 0.8596 0.3928 0.3268
vn 0.8800 0.2176 -0.4222
vn 0.1404 0.8786 0.4564
vn 0.3916 0.8461 -0.3616
vn -0.1288 0.9607 -0.2458
vn -0.8176 0.4785 0.3202
vn -0.8258 0.4960 0.2685
vn -0.8185 0.4802 0.3154
vn -0.8273 0.4997 0.2568
vn 0.0569 0.7060 0.7059
vn 0.0293 0.7068 0.7068
vn 0.1096 0.7029 0.7028
vn 0.6057 0.1417 0.7829
vn 0.4713 0.1518 0.8688
vn 0.5904 0.2644 0.7626
vn 0.6163 0.2051 0.7603
vn 0.6249 0.6062 0.4919
vn -0.8446 0.0598 0.5320
vn -0.8557 0.0287 0.5167
vn -0.8649 0.0002 0.5019
vn -0.1623 0.0001 0.9867
vn -0.0806 -0.0000 0.9967
vn -0.0937 0.0009 0.9956
vn -0.1877 0.0019 0.9822
vn -0.5881 -0.0019 0.8088
vn -0.5864 -0.0020 0.8100
vn -0.6119 0.0009 0.7909
vn -0.6137 0.0011 0.7896
vn 0.0791 -0.0023 0.9969
vn 0.1816 0.0018 0.9834
vn 0.5078 0.0022 0.8615
vn 0.6409 0.0009 0.7676
vn 0.8650 -0.0003 0.5018
vn 0.8657 -0.0008 0.5006
vn 0.8598 0.0004 0.5107
vn 0.8534 0.0012 0.5212
vn -0.0154 0.9996 0.0226
vn -0.0771 0.9906 0.1134
vn -0.1394 0.9688 0.2050
vn -0.0018 1.0000 -0.0024
vn -0.0101 0.9999 -0.0132
vn -0.0199 0.9995 -0.0259
vn 0.1879 -0.0042 0.9822
vn 0.0851 0.0115 0.9963
vn 0.9024 -0.3628 -0.2326
vn -0.0710 -0.5142 -0.8547
vn -0.0334 -0.5662 -0.8236
vn -0.0796 -0.5020 -0.8612
vn -0.1106 -0.4561 -0.8830
vn -0.8991 -0.1080 -0.4242
vn -0.2956 0.6225 -0.7247
vn 0.1665 0.4715 -0.8660
vn 0.1800 0.4344 -0.8826
vn 0.1630 0.4809 -0.8615
vn 0.1472 0.5220 -0.8401
vn 0.2419 0.7114 0.6598
vn 0.2997 0.6412 0.7064
vn 0.2907 0.6598 0.6929
vn 0.2614 0.7121 0.6517
vn 0.2089 0.7022 0.6807
vn 0.1496 0.7411 0.6545
vn 0.1047 0.7276 0.6779
vn 0.0560 0.7519 0.6569
vn 0.0194 0.7801 0.6254
vn -0.0707 0.6829 0.7271
vn -0.0953 0.6639 0.7417
vn -0.1487 0.7445 0.6509
vn -0.2054 0.7000 0.6839
vn -0.2377 0.7031 0.6701
vn -0.3053 0.6111 0.7303
vn -0.3140 0.5948 0.7400
vn 0.3402 0.0116 0.9403
vn 0.4799 -0.0061 0.8773
vn 0.5131 -0.0106 0.8583
vn 0.2901 0.0177 0.9568
vn 0.7963 0.0099 0.6048
vn 0.8555 0.5048 -0.1154
vn 0.8554 0.4998 -0.1360
vn 0.8640 0.5013 -0.0462
vn 0.8361 0.5009 -0.2235
vn 0.8408 0.5073 -0.1887
vn 0.8660 0.5001 -0.0003
vn 0.8712 0.4889 0.0446
vn 0.8593 0.5097 -0.0427
vn 0.8643 0.5004 0.0509
vn 0.8594 0.4981 0.1150
vn 0.8553 0.5004 0.1347
vn 0.8356 0.5045 0.2172
vn 0.8379 0.5004 0.2178
vn 0.8138 0.4998 0.2965
vn 0.8015 0.4981 0.3310
vn 0.7769 0.5001 0.3826
vn 0.7707 0.5149 0.3754
vn 0.8108 0.5146 0.2790
vn 0.7446 0.5042 0.4375
vn 0.7005 0.5021 0.5071
vn 0.6476 0.5000 0.5749
vn 0.6123 0.5007 0.6119
vn 0.5646 0.5012 0.6558
vn 0.5776 0.5106 0.6369
vn 0.5249 0.5041 0.6858
vn 0.4926 0.5012 0.7114
vn 0.4331 0.5000 0.7500
vn 0.3795 0.5176 0.7669
vn 0.3933 0.5108 0.7645
vn 0.4152 0.4985 0.7610
vn 0.3830 0.5026 0.7750
vn 0.4617 0.5072 0.7277
vn 0.0733 0.5033 -0.8610
vn 0.0813 0.4932 -0.8661
vn 0.1284 0.5003 -0.8563
vn 0.3802 0.4964 0.7804
vn 0.1725 0.5007 -0.8482
vn 0.1649 0.5019 -0.8491
vn 0.2228 0.4993 -0.8373
vn 0.2617 0.5026 -0.8239
vn 0.2524 0.5048 -0.8255
vn 0.3265 0.5049 -0.7991
vn 0.3462 0.4990 -0.7944
vn 0.4155 0.4996 -0.7601
vn 0.4322 0.4994 -0.7508
vn 0.4941 0.4995 -0.7116
vn 0.4753 0.5165 -0.7122
vn 0.3855 0.5135 -0.7666
vn 0.5325 0.5038 -0.6802
vn 0.6548 0.5033 -0.5639
vn 0.5947 0.5033 -0.6269
vn 0.6855 0.5018 -0.5275
vn 0.7328 0.4999 -0.4616
vn 0.7080 0.5124 -0.4860
vn 0.7493 0.5042 -0.4294
vn 0.7759 0.5021 -0.3819
vn 0.8009 0.4994 -0.3304
vn 0.7839 0.5060 -0.3600
vn 0.8142 0.4991 -0.2965
vn 0.8188 0.5028 -0.2771
vn 0.8393 0.4999 -0.2136
vn -0.8687 0.0002 -0.4953
vn -0.8177 0.0003 -0.5757
vn -0.8196 -0.0004 -0.5730
vn -0.0937 -0.0006 0.9956
vn -0.9123 0.0002 -0.4096
vn -0.8699 -0.0003 -0.4932
vn -0.9127 -0.0000 -0.4086
vn -0.9474 0.0001 -0.3202
vn -0.9474 -0.0001 -0.3200
vn -0.9734 -0.0001 -0.2293
vn -0.9737 0.0001 -0.2280
vn -0.9907 -0.0002 -0.1360
vn -0.9910 0.0003 -0.1338
vn -0.9991 -0.0002 -0.0415
vn -0.9993 0.0003 -0.0387
vn -0.9986 -0.0003 0.0533
vn -0.9984 0.0004 0.0571
vn -0.9891 -0.0004 0.1475
vn -0.9882 0.0007 0.1530
vn -0.9707 -0.0005 0.2404
vn -0.9689 0.0009 0.2474
vn -0.9434 -0.0006 0.3316
vn -0.0331 0.0010 -0.9995
vn -0.9411 0.0008 0.3380
vn -0.9077 -0.0005 0.4196
vn -0.9048 0.0008 0.4259
vn -0.8640 -0.0008 0.5035
vn -0.0962 0.0024 -0.9954
vn -0.0672 -0.0228 -0.9975
vn -0.8598 0.0008 0.5106
vn -0.8127 -0.0009 0.5827
vn -0.1111 -0.0123 -0.9937
vn -0.8069 0.0010 0.5907
vn -0.1895 0.0009 -0.9819
vn -0.1995 -0.0011 -0.9799
vn -0.7539 -0.0008 0.6569
vn -0.7470 0.0012 0.6648
vn -0.2844 0.0008 -0.9587
vn -0.2923 -0.0008 -0.9563
vn -0.6878 -0.0008 0.7259
vn -0.6798 0.0012 0.7334
vn -0.6161 -0.0009 0.7877
vn -0.3752 0.0007 -0.9270
vn -0.3813 -0.0006 -0.9245
vn -0.6070 0.0012 0.7947
vn -0.5376 0.0004 0.8432
vn -0.4613 0.0007 -0.8872
vn -0.4671 -0.0005 -0.8842
vn -0.5277 0.0009 0.8494
vn -0.5437 0.0008 -0.8393
vn -0.5490 -0.0004 -0.8358
vn -0.4593 0.0012 0.8883
vn -0.4585 -0.0002 0.8887
vn -0.3712 -0.0022 0.9285
vn -0.4854 0.0010 0.8743
vn -0.6214 0.0007 -0.7835
vn -0.6255 -0.0003 -0.7802
vn -0.3382 0.0065 0.9410
vn -0.6944 0.0002 -0.7196
vn -0.6961 -0.0003 -0.7179
vn -0.2807 -0.0026 0.9598
vn -0.7596 0.0002 -0.6504
vn -0.7614 -0.0003 -0.6483
vn -0.2281 0.0066 0.9736
vn -0.1881 -0.0023 0.9821
vn -0.1145 0.0053 0.9934
vn -0.0000 -1.0000 -0.0000
vn -0.0456 -0.0529 -0.9976
vn 0.0088 -0.9940 0.1090
vn 0.0980 -0.9840 0.1488
vn 0.2077 -0.9583 0.1964
vn 0.9755 -0.2044 -0.0815
vn 0.7506 0.6286 0.2034
vn 0.3671 0.9287 -0.0525
vn 0.3749 0.9211 0.1046
vn 0.3275 0.9389 0.1060
vn 0.8613 0.0905 -0.5000
vn 0.3067 0.9247 0.2257
vn -0.0284 0.0308 -0.9991
vn -0.0465 -0.1239 -0.9912
vn -0.0549 0.0350 -0.9979
vn 0.0158 0.2164 -0.9762
vn 0.3457 -0.0040 -0.9384
vn -0.0113 -0.1493 -0.9887
vn 0.2876 -0.9297 0.2301
vn -0.9892 0.0167 0.1457
vn -0.1524 0.8521 0.5007
vn 0.2314 0.9561 0.1796
vn -0.1473 -0.1233 0.9814
vn -0.9465 0.3218 -0.0254
vn 0.2590 -0.9657 -0.0171
vn 0.2145 -0.9767 0.0038
vn 0.1745 -0.9844 0.0224
vn 0.2956 -0.9547 -0.0345
vn 0.1762 0.9836 -0.0399
vn 0.6577 0.7532 -0.0014
vn 0.5408 0.8399 0.0457
vn 0.5765 0.8165 0.0320
vn 0.7017 0.7122 -0.0209
vn 0.9684 0.2492 0.0053
vn 0.9572 0.2894 -0.0099
vn 0.9830 0.1810 0.0306
vn 0.9875 0.1520 0.0412
vn 0.9094 -0.4154 -0.0208
vn 0.9366 -0.3473 -0.0475
vn 0.8564 -0.5159 0.0208
vn 0.8124 -0.5810 0.0494
vn 0.9271 -0.3742 0.0205
vn 0.0595 -0.9961 0.0644
vn -0.0028 -0.9995 0.0308
vn -0.0540 -0.9985 0.0032
vn 0.7653 -0.6391 -0.0772
vn 0.9388 -0.3349 0.0811
vn 0.8279 0.5604 0.0247
vn 0.9227 0.3811 -0.0581
vn 0.8814 0.4721 -0.0175
vn 0.7686 0.6365 0.0639
vn 0.3034 0.9508 -0.0635
vn 0.6223 0.7814 -0.0459
vn 0.5211 0.8510 -0.0645
vn 0.4696 0.8816 -0.0467
vn 0.6400 0.7675 -0.0368
vn 0.9986 -0.0359 -0.0394
vn 0.9822 0.1841 0.0376
vn 0.9929 0.1184 0.0144
vn 0.9901 -0.1222 -0.0691
vn 0.7128 -0.6992 0.0543
vn 0.7122 -0.6986 -0.0687
vn 0.7112 -0.6976 -0.0871
vn 0.2015 -0.9778 -0.0568
vn 0.2535 -0.9641 -0.0790
vn 0.1340 -0.9876 -0.0820
vn 0.0310 -0.9962 -0.0816
vn -0.8040 -0.5939 -0.0305
vn -0.7016 -0.7075 -0.0849
vn -0.7261 -0.6814 -0.0921
vn -0.8306 -0.5548 -0.0486
vn -0.9799 0.1984 -0.0222
vn -0.9932 -0.0306 -0.1127
vn -0.9937 0.0100 -0.1113
vn -0.9641 0.2629 -0.0385
vn -0.7094 0.7038 0.0385
vn -0.7080 0.7024 -0.0725
vn -0.7072 0.7016 -0.0867
vn -0.3903 0.9189 -0.0568
vn -0.0312 0.9983 0.0484
vn -0.0311 0.9959 -0.0852
vn -0.0311 0.9962 -0.0815
vn 0.1871 -0.9746 -0.1229
vn 0.3044 -0.9509 -0.0566
vn -0.9053 -0.4197 -0.0652
vn -0.6843 -0.6900 -0.2358
vn -0.8973 0.4398 -0.0389
vn -0.6931 0.6876 -0.2165
vn 0.6939 -0.6806 -0.2353
vn -0.3454 0.9361 -0.0666
vn -0.0303 0.9698 -0.2418
vn 0.8941 0.3642 -0.2605
vn -0.3703 -0.9276 -0.0495
vn -0.9513 -0.0293 -0.3070
vn 0.4313 0.9019 -0.0210
vn -0.1853 0.9814 0.0494
vn -0.5180 0.8529 -0.0646
vn -0.8407 0.5357 0.0789
vn -0.9039 -0.4262 0.0363
vn -0.9352 -0.3540 -0.0103
vn -0.9494 -0.3118 -0.0367
vn -0.9668 -0.2433 -0.0782
vn -0.1229 -0.9918 -0.0343
vn 0.1832 -0.5918 -0.7850
vn -0.5971 -0.3942 -0.6986
vn -0.5887 -0.3799 -0.7135
vn -0.5846 -0.3731 -0.7204
vn 0.1832 -0.5917 -0.7851
vn 0.1832 -0.5920 -0.7848
vn 0.4732 -0.0089 -0.8809
vn 0.4361 -0.0144 -0.8998
vn 0.4923 -0.1639 -0.8549
vn 0.5053 -0.1650 -0.8470
vn 0.5767 0.5853 -0.5700
vn -0.3577 0.4186 -0.8348
vn -0.3093 0.5256 -0.7925
vn -0.3597 0.5238 -0.7722
vn -0.2858 -0.5901 -0.7550
vn -0.2581 -0.5665 -0.7826
vn -0.1805 -0.4969 -0.8488
vn -0.1526 -0.4707 -0.8690
vn 0.6274 0.1055 -0.7715
vn 0.5943 0.1109 -0.7965
vn -0.3526 0.3795 -0.8554
vn -0.2997 0.5174 -0.8016
vn -0.9791 0.1507 -0.1364
vn -0.9749 0.2099 -0.0737
vn -0.9410 0.1448 -0.3058
vn 0.1663 0.7655 -0.6216
vn 0.1448 0.8087 -0.5702
vn 0.2087 0.6624 -0.7195
vn -0.5997 -0.3986 -0.6939
vn 0.2244 0.6171 -0.7542
vn -0.4549 0.8902 -0.0227
vn -0.3412 0.9397 0.0228
vn -0.2512 0.9663 0.0569
vn -0.4825 -0.8759 -0.0110
vn -0.4358 -0.8996 -0.0275
vn -0.5642 -0.8254 0.0193
vn -0.6002 -0.7991 0.0334
vn -0.8752 -0.4835 -0.0148
vn -0.8426 -0.5378 -0.0285
vn -0.9422 -0.3345 0.0207
vn -0.9611 -0.2742 0.0343
vn -0.9467 0.3213 0.0220
vn -0.9198 0.3893 0.0485
vn -0.5404 0.8393 -0.0589
s 0
usemtl SWMaterial-2_003.001
f 17//1 1318//1 1131//1
s 1
f 1130//2 444//3 1209//4
f 728//5 1351//6 371//7
f 1268//8 444//3 1130//2
f 729//9 728//5 371//7
f 371//7 951//10 729//9
f 5//11 448//12 1269//13
f 389//14 455//15 1377//16
f 1306//17 447//18 1128//19
f 459//20 455//15 389//14
f 887//21 1306//17 1128//19
s 0
f 678//22 677//22 952//22
s 1
f 8//23 951//10 371//7
f 1192//24 389//14 9//25
f 887//21 1307//26 1306//17
f 8//23 371//7 14//27
f 819//28 818//29 1192//24
f 9//25 819//28 1192//24
f 887//21 450//30 1307//26
f 14//27 788//31 8//23
f 461//32 819//28 9//25
f 12//33 11//34 788//31
f 14//27 12//33 788//31
f 1066//35 450//30 887//21
f 1066//35 887//21 821//36
f 1351//6 466//37 461//32
f 1351//6 461//32 9//25
f 1351//6 9//25 371//7
s 0
f 1129//38 1132//38 1184//38
s 1
f 1128//19 12//33 14//27
s 0
f 16//39 442//39 1//39
s 1
f 2//40 467//41 15//42
f 477//43 1418//44 620//45
f 477//43 620//45 1116//46
f 477//43 1116//46 1117//47
f 1411//48 1047//49 1387//50
f 20//51 1117//47 1397//52
f 1048//53 1047//49 1411//48
f 20//51 477//43 1117//47
f 1014//54 1048//53 1411//48
f 1223//55 1397//52 1474//56
f 1223//55 20//51 1397//52
f 1170//57 1014//54 672//58
f 1170//57 1048//53 1014//54
f 1400//59 1474//56 1186//60
f 1400//59 1223//55 1474//56
f 431//61 672//58 673//62
f 431//61 1170//57 672//58
f 471//63 1186//60 28//64
f 471//63 1400//59 1186//60
f 1483//65 431//61 673//62
f 1483//65 673//62 609//66
f 1471//67 28//64 1162//68
f 1471//67 471//63 28//64
f 610//69 1483//65 609//66
f 468//70 1162//68 531//71
f 468//70 1471//67 1162//68
f 675//72 531//71 1214//73
f 1218//74 1483//65 610//69
f 675//72 468//70 531//71
f 1218//74 1370//75 1483//65
f 676//76 1214//73 1215//77
f 676//76 675//72 1214//73
f 452//78 1218//74 610//69
f 452//78 610//69 876//79
f 464//80 1215//77 749//81
f 1294//82 452//78 876//79
f 464//80 676//76 1215//77
f 1294//82 876//79 877//83
f 827//84 464//80 749//81
f 827//84 749//81 748//85
f 1149//86 1294//82 877//83
f 1149//86 877//83 1475//87
f 46//88 827//84 748//85
f 46//88 748//85 881//89
f 1090//90 1149//86 1475//87
f 1090//90 1475//87 523//91
f 1022//92 1090//90 523//91
f 1022//92 523//91 524//93
f 938//94 1022//92 524//93
f 938//94 524//93 1123//95
f 769//96 881//89 771//97
f 38//98 938//94 1123//95
f 38//98 1123//95 1109//99
f 1454//100 38//98 1109//99
f 1454//100 1109//99 1110//101
f 1272//102 771//97 881//89
f 1425//103 1454//100 1110//101
f 1425//103 1110//101 43//104
f 440//105 1425//103 43//104
f 440//105 43//104 933//106
f 1482//107 440//105 933//106
f 1482//107 933//106 932//108
f 457//109 46//88 881//89
f 439//110 1482//107 932//108
f 457//109 881//89 769//96
f 439//110 932//108 619//111
f 1418//44 619//111 620//45
f 1418//44 439//110 619//111
f 495//112 457//109 769//96
f 49//113 51//114 482//115
f 49//113 1430//116 1006//117
f 49//113 482//115 1430//116
f 50//118 49//113 1498//119
f 50//118 1498//119 1490//120
f 50//118 52//121 51//114
f 50//118 51//114 49//113
f 1415//122 1490//120 853//123
f 1415//122 50//118 1490//120
f 1415//122 52//121 50//118
f 380//124 1415//122 853//123
f 380//124 946//125 1415//122
f 380//124 947//126 946//125
f 1485//127 851//128 385//129
f 1485//127 947//126 380//124
f 1485//127 380//124 851//128
f 54//130 1485//127 385//129
f 54//130 56//131 1485//127
f 54//130 55//132 56//131
f 60//133 54//130 59//134
f 60//133 55//132 54//130
f 60//133 1419//135 55//132
f 1330//136 760//137 926//138
f 1420//139 59//134 758//140
f 1420//139 758//140 1051//141
f 1420//139 60//133 59//134
f 1420//139 1419//135 60//133
f 62//142 1051//141 1093//143
f 62//142 1420//139 1051//141
f 62//142 498//144 1443//145
f 62//142 1443//145 1420//139
f 64//146 1093//143 1095//147
f 64//146 1478//148 498//144
f 64//146 62//142 1093//143
f 64//146 498//144 62//142
f 1095//147 3//149 1479//150
f 1095//147 1479//150 1478//148
f 1095//147 1478//148 64//146
f 66//151 1330//136 1146//152
f 66//151 1249//153 714//154
f 66//151 714//154 762//155
f 66//151 762//155 760//137
f 66//151 760//137 1330//136
f 1024//156 1146//152 1147//157
f 1024//156 1249//153 66//151
f 1024//156 66//151 1146//152
f 70//158 1147//157 74//159
f 70//158 1180//160 1023//161
f 70//158 1024//156 1147//157
f 70//158 1023//161 1024//156
f 72//162 74//159 73//163
f 72//162 73//163 77//164
f 72//162 75//165 1180//160
f 72//162 70//158 74//159
f 72//162 1180//160 70//158
f 77//164 75//165 72//162
f 77//164 843//166 75//165
f 77//164 842//167 843//166
f 79//168 379//169 1099//170
f 79//168 77//164 379//169
f 79//168 842//167 77//164
f 79//168 78//171 842//167
f 1145//172 1099//170 384//173
f 1145//172 384//173 80//174
f 1145//172 79//168 1099//170
f 1145//172 78//171 79//168
f 80//174 1217//175 1169//176
f 80//174 1169//176 1145//172
f 81//177 1217//175 80//174
f 81//177 386//178 1005//179
f 81//177 82//180 1217//175
f 81//177 80//174 386//178
f 1430//116 1005//179 1006//117
f 1430//116 82//180 81//177
f 1430//116 81//177 1005//179
s 0
f 713//181 506//181 716//181
s 1
f 1398//182 403//183 430//184
f 1369//185 430//184 1423//186
f 1369//185 1398//182 430//184
s 0
f 755//187 1021//187 752//187
f 906//188 756//188 754//188
f 907//189 753//189 934//189
f 1450//190 908//190 407//190
s 1
f 1004//191 1451//192 936//193
f 1004//191 936//193 1441//194
f 964//195 1356//195 1417//196
f 964//195 963//197 1356//195
f 1121//196 1417//196 373//198
f 1121//196 964//195 1417//196
f 1444//199 352//50 351//199
f 115//198 373//198 1428//200
f 1444//199 293//50 352//50
f 115//198 1121//196 373//198
f 1453//201 351//199 353//201
f 114//200 1428//200 1155//202
f 114//200 115//198 1428//200
f 1453//201 1444//199 351//199
f 91//202 1155//202 1154//203
f 1379//204 353//201 984//204
f 91//202 114//200 1155//202
f 1379//204 1453//201 353//201
f 1355//203 1154//203 93//205
f 1355//203 91//202 1154//203
f 726//206 984//204 840//206
f 726//206 1379//204 984//204
f 1089//205 93//205 367//207
f 1089//205 1355//203 93//205
f 727//208 840//206 841//208
f 727//208 726//206 840//206
f 1088//207 1089//205 367//207
f 98//209 841//208 97//209
f 98//209 727//208 841//208
f 124//210 97//209 1179//210
f 124//210 98//209 97//209
f 99//211 1179//210 1060//211
f 99//211 124//210 1179//210
f 861//212 1060//211 1061//212
f 861//212 99//211 1060//211
f 860//213 1061//212 1497//213
f 860//213 861//212 1061//212
f 100//214 860//213 1497//213
f 100//214 1497//213 1484//214
f 102//215 100//214 1484//214
f 102//215 1484//214 1296//215
f 1152//216 1296//215 1295//216
f 1152//216 102//215 1296//215
f 1153//217 1295//216 1305//217
f 1153//217 1152//216 1295//216
f 1489//218 1305//217 1304//218
f 1489//218 1304//218 1340//219
f 1489//218 1153//217 1305//217
f 1469//219 1340//219 372//220
f 1469//219 1489//218 1340//219
f 117//220 372//220 1336//221
f 117//220 1469//219 372//220
f 1026//221 1336//221 1337//197
f 1026//221 117//220 1336//221
f 963//197 1337//197 1356//195
f 963//197 1026//221 1337//197
f 92//222 94//223 1266//224
f 750//225 92//222 1266//224
f 109//226 96//227 299//228
f 111//229 92//222 750//225
f 112//230 299//228 1383//231
f 90//232 111//229 750//225
f 112//230 109//226 299//228
f 751//233 90//232 750//225
f 113//234 90//232 751//233
f 1481//235 112//230 1383//231
f 695//236 113//234 751//233
f 1211//237 1383//231 1399//238
f 1211//237 1481//235 1383//231
f 1120//239 1399//238 270//240
f 1120//239 1211//237 1399//238
f 116//241 1120//239 270//240
f 89//242 116//241 270//240
f 269//243 89//242 270//240
f 88//244 89//242 269//243
f 107//245 88//244 269//243
f 1232//246 107//245 269//243
f 1027//247 107//245 1232//246
f 118//248 1027//247 1232//246
f 119//249 1027//247 118//248
f 120//250 119//249 118//248
f 1059//251 120//250 118//248
f 103//252 120//250 1059//251
f 991//253 103//252 1059//251
f 101//254 103//252 991//253
f 1104//255 101//254 991//253
f 990//256 1104//255 991//253
f 1103//257 1104//255 990//256
f 122//258 1103//257 990//256
f 287//259 122//258 990//256
f 123//260 122//258 287//259
f 1334//261 123//260 287//259
f 1274//262 1334//261 287//259
f 1335//263 1334//261 1274//262
f 1382//264 1335//263 1274//262
f 1266//224 1382//264 1274//262
f 94//223 1382//264 1266//224
f 1076//265 246//266 1086//267
f 1077//268 1076//265 883//269
f 1076//265 1086//267 883//269
f 657//270 1077//268 883//269
f 657//270 883//269 884//271
f 656//272 657//270 884//271
f 1342//273 656//272 884//271
f 1342//273 884//271 277//274
f 1343//275 1342//273 277//274
f 140//276 1343//275 275//277
f 1343//275 277//274 275//277
f 140//276 275//277 274//278
f 140//276 274//278 141//279
f 141//279 274//278 1404//280
f 142//281 1262//282 1260//283
f 142//281 1260//283 1190//284
f 1190//284 1260//283 1015//285
f 1015//285 1260//283 766//286
f 1015//285 766//286 1016//287
f 1016//287 766//286 971//288
f 971//288 766//286 764//289
s 0
f 944//290 671//290 866//290
f 1172//291 1035//291 1031//291
f 1212//292 701//292 698//292
f 1247//293 1279//293 284//293
f 1333//294 1300//294 1299//294
s 1
f 1164//295 1332//296 132//297
f 1164//295 132//297 1166//298
s 0
f 1364//299 1165//299 261//299
f 1365//300 1168//300 1326//300
f 1447//301 133//301 260//301
f 1449//302 1325//302 1282//302
s 1
f 222//303 725//304 126//305
f 1275//306 222//303 126//305
f 634//307 1275//306 127//308
f 1275//306 126//305 127//308
f 634//307 127//308 136//309
f 635//310 634//307 136//309
f 187//311 635//310 128//312
f 635//310 136//309 128//312
f 187//311 128//312 137//313
f 652//314 187//311 137//313
f 652//314 137//313 139//315
f 653//316 652//314 1488//317
f 652//314 139//315 1488//317
f 189//318 653//316 1402//319
f 653//316 1488//317 1402//319
f 189//318 1402//319 1403//320
f 190//321 189//318 1403//320
f 989//322 190//321 143//323
f 190//321 1403//320 143//323
f 989//322 143//323 129//324
f 1078//325 989//322 129//324
f 1078//325 129//324 146//326
f 1079//327 1078//325 146//326
f 1079//327 146//326 970//328
f 194//329 1079//327 970//328
f 870//330 670//331 945//332
f 1445//333 870//330 945//332
s 0
f 1446//334 147//334 868//334
f 1316//335 865//335 874//335
s 1
f 1313//336 1314//337 149//338
f 922//339 1313//336 1394//340
f 1313//336 149//338 1394//340
f 796//341 1141//342 627//343
f 629//344 796//341 627//343
f 153//345 630//346 768//347
f 630//346 628//348 768//347
f 1074//349 1244//350 154//351
f 1074//349 154//351 1036//352
f 1198//353 1075//354 282//355
f 1198//353 282//355 1173//356
f 1111//357 1114//358 703//359
f 950//360 1111//357 703//359
f 1252//361 949//362 1213//363
f 949//362 258//364 1213//363
f 1227//365 1251//366 156//367
f 1227//365 156//367 157//368
f 743//369 1225//370 773//371
f 1225//370 699//372 773//371
s 0
f 742//373 774//373 1082//373
s 1
f 1371//374 1496//375 1278//376
f 1371//374 1278//376 158//377
f 1202//378 1372//379 1248//380
f 1202//378 1248//380 1207//381
f 1348//382 1204//383 1206//384
f 1348//382 1206//384 1375//385
f 1234//386 1350//387 276//388
f 1234//386 276//388 283//389
f 160//390 1071//391 159//392
f 1071//391 1315//393 159//392
s 0
f 980//394 1072//394 920//394
f 923//395 982//395 919//395
f 790//396 855//396 1199//396
f 856//397 1073//397 1201//397
f 793//398 1200//398 163//398
s 1
f 857//399 1245//400 162//401
s 0
f 804//402 1226//402 741//402
f 948//403 1250//403 805//403
f 167//404 168//404 166//404
s 1
f 806//405 1112//406 155//407
s 0
f 1373//408 1203//408 688//408
f 1349//409 1235//409 689//409
s 1
f 1495//410 170//411 687//412
s 0
f 171//413 172//413 691//413
s 1
f 690//414 1101//415 174//416
f 692//417 1495//410 687//412
f 174//416 200//418 690//414
s 0
f 176//419 1236//419 1102//419
s 1
f 806//405 802//420 1112//406
f 745//421 798//422 803//423
f 798//422 800//424 803//423
s 0
f 740//425 744//425 807//425
f 942//426 794//426 789//426
f 795//427 854//427 164//427
s 1
f 631//428 1245//400 857//399
s 0
f 797//429 152//429 180//429
s 1
f 1038//430 871//431 981//432
f 1070//433 981//432 871//431
s 0
f 1317//434 161//434 872//434
f 183//435 864//435 869//435
f 148//436 184//436 182//436
f 816//437 817//437 1491//437
f 817//437 185//437 1491//437
f 185//437 1097//437 1491//437
f 1097//437 1049//437 1491//437
f 1049//437 1050//437 1491//437
f 1050//437 134//437 1491//437
f 134//437 135//437 1491//437
f 135//437 186//437 1491//437
f 186//437 697//437 1491//437
f 697//437 138//437 1491//437
f 138//437 188//437 1491//437
f 188//437 1115//437 1491//437
f 1115//437 988//437 1491//437
f 988//437 191//437 1491//437
f 191//437 144//437 1491//437
f 144//437 145//437 1491//437
f 208//437 209//437 1491//437
f 209//437 967//437 1491//437
f 967//437 968//437 1491//437
f 968//437 192//437 1491//437
f 192//437 1029//437 1491//437
f 1029//437 1028//437 1491//437
f 1028//437 816//437 1491//437
f 1448//437 1358//437 1331//437
f 1358//437 710//437 1331//437
f 710//437 1408//437 1331//437
f 1408//437 1361//437 1331//437
f 198//437 1363//437 1331//437
f 1363//437 1448//437 1331//437
s 1
f 1100//438 173//439 1237//440
f 1100//438 1237//440 778//441
s 0
f 776//442 199//442 777//442
s 1
f 694//443 775//444 1052//445
f 775//444 779//446 1052//445
f 175//447 693//448 1277//449
f 693//448 1053//450 1277//449
s 0
f 747//451 177//451 1083//451
f 746//452 1084//452 1040//452
f 178//453 201//453 1042//453
s 1
f 202//454 799//455 1345//456
f 799//455 1041//457 1345//456
f 169//458 801//459 1113//460
f 801//459 1346//461 1113//460
s 0
f 1197//462 203//462 1033//462
f 1064//463 165//463 1032//463
s 1
f 1063//464 233//465 1107//466
f 792//467 1063//464 1107//466
s 0
f 943//468 791//469 1139//470
f 791//471 234//472 1139//472
f 181//473 179//473 235//473
s 1
f 921//474 150//475 1241//476
f 924//477 921//474 1241//476
f 204//478 251//479 667//480
f 983//481 204//478 667//480
s 0
f 1039//482 205//483 668//484
f 205//485 666//486 668//486
f 873//487 206//487 265//487
s 1
f 194//329 970//328 969//488
f 1224//489 194//329 969//488
f 1222//490 1224//489 1013//491
f 1224//489 969//488 1013//491
f 211//492 1222//490 1161//493
f 1222//490 1013//491 1161//493
f 212//494 211//492 1062//495
f 211//492 1161//493 1062//495
f 1220//496 212//494 879//497
f 212//494 1062//495 879//497
f 214//498 1220//496 878//499
f 1220//496 879//497 878//499
f 193//500 214//498 654//501
f 214//498 878//499 654//501
f 217//502 193//500 655//503
f 193//500 654//501 655//503
f 217//502 655//503 243//504
f 218//505 217//502 243//504
f 999//506 218//505 1311//507
f 218//505 243//504 1311//507
f 999//506 1311//507 636//508
f 220//509 999//506 636//508
f 220//509 636//508 637//510
f 221//511 220//509 637//510
f 222//303 221//511 637//510
f 222//303 637//510 725//304
s 0
f 195//512 223//512 263//512
s 1
f 709//513 1357//514 712//515
f 1357//514 1281//516 712//515
f 1407//517 224//518 711//519
f 1407//517 711//519 1309//520
s 0
f 1362//521 225//521 226//521
s 1
f 197//522 196//523 1301//524
f 196//523 1310//525 1301//524
s 0
f 231//526 230//526 271//526
s 1
f 207//527 237//528 765//529
f 210//530 207//527 280//531
f 207//527 765//529 280//531
f 238//532 210//530 280//531
f 238//532 280//531 289//533
f 213//534 238//532 289//533
f 240//535 213//534 289//533
f 239//536 880//537 722//538
f 880//537 723//539 722//538
f 215//540 239//536 722//538
f 215//540 722//538 241//541
f 215//540 241//541 216//542
f 216//542 241//541 1267//543
f 216//542 1267//543 1312//544
f 1312//544 1267//543 255//545
f 1312//544 255//545 219//546
f 219//546 255//545 244//547
f 244//547 255//545 256//548
f 244//547 256//548 245//549
f 245//549 256//548 1087//550
f 245//549 1087//550 246//266
f 246//266 1087//550 1086//267
s 0
f 229//551 285//437 249//437
f 1092//552 131//553 651//554
f 724//437 1140//555 248//437
f 131//553 229//556 651//557
f 875//558 300//559 1393//560
f 248//437 1140//555 247//437
f 1108//561 998//562 247//563
f 1140//564 1108//565 247//437
f 1456//566 300//559 875//558
f 651//437 229//551 650//437
f 229//551 249//437 650//437
f 1393//567 300//559 1240//568
f 1456//566 875//558 867//569
f 300//570 1285//437 1240//571
f 249//437 125//437 650//437
f 248//437 247//437 254//437
f 303//572 1456//572 867//573
f 650//437 125//437 1243//437
f 1067//437 248//437 254//437
f 303//574 867//569 669//575
f 1243//437 125//437 1384//437
f 700//576 1359//577 257//578
f 1360//579 1359//580 700//581
f 1067//437 254//437 121//437
f 1359//582 242//582 257//583
f 257//584 242//437 1085//585
f 1360//586 700//587 702//588
f 125//437 262//437 1384//437
f 262//437 1360//437 702//589
f 1284//437 1327//437 1167//437
f 1067//437 121//437 1231//437
f 1284//437 292//437 1327//437
f 1327//437 292//437 1280//437
f 1285//437 1284//437 1167//437
f 1384//437 262//437 264//437
f 1240//571 1285//437 1167//437
f 242//437 1067//437 1231//437
f 262//437 702//589 264//437
f 1280//437 292//437 272//437
f 669//590 236//591 266//555
f 242//437 1231//437 268//437
f 1085//592 242//437 268//437
f 264//437 702//589 267//437
f 1085//585 268//437 1467//593
f 267//437 702//589 1412//561
f 702//589 232//594 1412//595
f 1344//596 1085//597 1467//598
f 272//437 292//437 110//437
f 266//599 236//600 273//554
f 236//601 1240//568 273//602
f 232//594 1344//603 1412//595
f 1344//603 1467//604 1412//595
f 669//605 266//437 1261//437
f 1167//437 1298//437 273//437
f 1240//571 1167//437 273//437
f 303//437 669//605 1261//437
f 1298//437 227//437 130//437
f 273//437 1298//437 130//437
f 306//437 303//437 1261//437
f 1501//437 306//437 814//437
f 306//437 1261//437 814//437
f 227//437 1308//437 130//437
f 311//437 1501//437 814//437
f 130//437 1308//437 1122//437
f 1308//437 272//437 1122//606
f 278//437 311//437 815//437
f 311//437 814//437 815//437
f 1091//607 278//437 1374//608
f 278//437 815//437 1374//608
f 110//437 279//437 1034//607
f 272//437 110//437 1034//607
f 1122//606 272//437 1034//609
f 1091//607 1374//608 1205//610
f 1374//608 815//611 1238//612
f 815//563 285//613 1238//614
f 1122//563 1034//607 767//615
f 724//616 1122//617 767//615
f 1034//618 279//619 1030//620
f 279//621 288//622 1030//623
f 1091//607 1205//610 1092//552
f 1238//624 285//613 228//625
f 724//626 767//615 151//627
f 1092//552 1205//610 131//553
f 151//628 1140//629 724//630
f 229//551 228//631 285//632
f 1108//633 1030//623 998//634
f 1030//623 288//635 998//634
s 1
f 290//636 1002//637 621//638
f 290//636 621//638 757//639
f 291//640 286//641 294//642
f 291//640 326//643 286//641
f 259//644 695//236 751//233
f 696//645 695//236 259//644
f 322//646 291//640 294//642
f 882//647 294//642 250//648
f 321//649 696//645 259//644
f 882//647 322//646 294//642
f 297//650 321//649 259//644
f 320//651 321//649 297//650
f 844//652 882//647 250//648
f 845//653 250//648 253//654
f 318//655 320//651 297//650
f 845//653 844//652 250//648
f 1409//656 318//655 297//650
f 96//227 253//654 299//228
f 316//657 318//655 1409//656
f 96//227 845//653 253//654
f 660//658 316//657 1409//656
f 661//659 660//658 1409//656
f 302//660 1409//656 252//661
f 302//660 661//659 1409//656
f 1183//662 302//660 252//661
f 305//663 252//661 1457//664
f 305//663 1183//662 252//661
f 304//665 305//663 1457//664
f 1143//666 304//665 1457//664
f 1143//666 1457//664 1494//667
f 307//668 1143//666 1494//667
f 1174//669 307//668 1494//667
f 1174//669 1494//667 308//670
f 1230//671 308//670 1473//672
f 1230//671 1174//669 308//670
f 1126//673 1230//671 1473//672
f 331//674 1473//672 1464//675
f 331//674 1126//673 1473//672
f 987//676 1464//675 281//677
f 987//676 331//674 1464//675
f 312//678 987//676 281//677
f 1424//679 281//677 286//641
f 1424//679 312//678 281//677
f 326//643 1424//679 286//641
f 301//680 1001//681 1000//680
f 301//680 339//681 1001//681
f 1088//207 367//207 315//682
f 1068//683 1000//680 319//683
f 1068//683 301//680 1000//680
f 298//682 315//682 365//684
f 298//682 1088//207 315//682
f 1069//685 319//683 1119//685
f 1069//685 1068//683 319//683
f 296//684 365//684 363//686
f 296//684 298//682 365//684
f 1228//687 1119//685 940//687
f 1228//687 1069//685 1119//685
f 295//686 363//686 1037//688
f 295//686 296//684 363//686
f 1229//689 940//687 941//689
f 1442//688 1037//688 915//690
f 1229//689 1228//687 940//687
f 1442//688 295//686 1037//688
f 323//691 941//689 1233//691
f 1395//690 915//690 913//692
f 1395//690 1442//688 915//690
f 323//691 1229//689 941//689
f 293//50 1233//691 352//50
f 293//50 323//691 1233//691
f 1396//692 913//692 914//693
f 1396//692 1395//690 913//692
f 313//693 914//693 632//694
f 313//693 1396//692 914//693
f 986//694 632//694 633//695
f 986//694 313//693 632//694
f 329//695 633//695 997//696
f 329//695 986//694 633//695
f 1127//696 329//695 997//696
f 1127//696 997//696 1328//697
f 309//697 1127//696 1328//697
f 309//697 1328//697 1221//698
f 310//698 309//697 1221//698
f 334//699 310//698 1221//698
f 334//699 1221//698 1178//699
f 1142//700 1178//699 1046//700
f 1142//700 334//699 1178//699
f 335//701 1046//700 649//701
f 335//701 1142//700 1046//700
f 1493//702 335//701 649//701
f 1493//702 649//701 648//702
f 1182//703 648//702 1354//703
f 1182//703 1493//702 648//702
f 338//704 1354//703 608//704
f 338//704 1182//703 1354//703
f 1502//705 608//704 607//705
f 1502//705 338//704 608//704
f 339//681 607//705 1001//681
f 339//681 1502//705 607//705
f 87//706 290//636 757//639
f 1002//637 624//707 621//638
f 342//437 382//708 317//437
f 382//708 342//437 337//437
f 317//437 382//708 1118//437
f 382//708 925//709 1118//437
f 382//708 337//437 344//437
f 925//709 641//437 343//437
f 1118//437 925//709 343//437
f 382//708 344//437 346//437
f 392//710 382//708 346//437
s 0
f 343//437 641//437 345//437
s 1
f 392//710 346//437 336//437
s 0
f 345//437 641//437 348//437
s 1
f 392//710 336//437 347//437
s 0
f 348//437 641//437 349//437
s 1
f 392//710 347//437 333//437
s 0
f 349//437 641//437 1254//437
s 1
f 392//710 333//437 350//437
f 392//710 350//437 332//437
s 0
f 1253//437 1254//437 640//437
f 1297//437 1253//437 640//437
s 1
f 392//710 332//437 354//437
f 640//437 887//21 355//437
s 0
f 1297//437 640//437 355//437
s 1
f 392//710 354//437 356//437
f 355//437 887//21 95//437
f 392//710 356//437 330//437
f 392//710 330//437 381//711
f 95//437 887//21 357//437
f 381//711 330//437 328//437
f 357//437 887//21 1462//437
f 381//711 328//437 327//437
f 1462//437 887//21 358//437
f 381//711 327//437 325//437
f 358//437 887//21 1128//19
f 358//437 1128//19 359//437
f 381//711 325//437 324//437
f 360//437 359//437 1128//19
f 362//437 360//437 1128//19
f 324//437 361//437 381//711
f 364//437 362//437 1128//19
f 361//437 1472//437 389//14
f 381//711 361//437 389//14
f 1472//437 1461//437 389//14
f 366//437 364//437 1128//19
f 1461//437 1460//437 389//14
f 366//437 1128//19 14//27
f 104//437 366//437 14//27
f 1460//437 1434//437 389//14
f 368//437 104//437 14//27
f 1434//437 1433//437 389//14
f 105//437 368//437 14//27
f 1433//437 369//437 389//14
f 106//437 105//437 14//27
f 389//14 369//437 9//25
f 369//437 370//437 9//25
f 106//437 14//27 371//7
f 370//437 374//437 9//25
f 1341//437 106//437 371//7
f 108//437 1341//437 371//7
f 374//437 1416//437 9//25
f 376//437 108//437 371//7
f 1416//437 375//437 371//7
f 9//25 1416//437 371//7
f 377//437 376//437 371//7
f 375//437 377//437 371//7
s 0
f 1254//437 641//437 640//437
s 1
f 381//711 852//712 392//710
f 851//128 380//124 853//123
f 381//711 53//713 852//712
f 1376//714 382//708 392//710
f 1376//714 1098//715 382//708
f 383//716 1098//715 1376//714
f 381//711 618//717 53//713
f 617//718 618//717 381//711
f 59//134 54//130 385//129
f 386//178 80//174 384//173
f 392//710 1455//719 1376//714
f 392//710 387//720 1455//719
f 382//708 57//721 925//709
f 382//708 68//722 57//721
f 617//718 381//711 389//14
f 389//14 759//723 617//718
s 0
f 61//724 390//724 388//724
s 1
f 389//14 1094//725 759//723
f 391//726 387//720 392//710
f 1216//727 69//728 68//722
f 1216//727 68//722 382//708
f 1498//119 49//113 1006//117
f 1499//729 391//726 392//710
f 1413//730 1216//727 382//708
f 65//731 1094//725 389//14
f 65//731 389//14 1377//16
s 0
f 378//732 394//732 393//732
s 1
f 852//712 1499//729 392//710
f 1098//715 1413//730 382//708
f 379//169 77//164 73//163
s 0
f 820//733 13//733 823//733
f 847//734 824//734 889//734
s 1
f 410//735 848//736 888//737
f 410//735 888//737 398//738
s 0
f 625//739 1003//739 903//739
f 341//740 406//740 408//740
f 623//741 626//741 978//741
f 396//742 905//742 411//742
f 314//743 977//743 975//743
s 1
f 340//744 622//745 409//746
f 622//745 976//747 409//746
f 837//748 410//735 398//738
f 642//749 837//748 398//738
f 674//750 837//748 642//749
f 1045//751 413//752 400//753
f 1045//751 400//753 927//754
s 0
f 401//755 761//755 1044//755
s 1
f 822//756 825//757 1398//182
f 835//758 403//183 825//757
f 403//183 1398//182 825//757
f 846//759 1477//760 1025//761
f 846//759 1025//761 849//762
f 405//763 404//764 850//765
f 405//763 850//765 422//766
f 935//50 399//767 1440//50
f 399//767 1246//768 1440//50
f 1440//50 1246//768 904//50
f 904//50 1246//768 979//50
f 86//50 1020//50 1477//760
f 935//50 86//50 1477//760
f 399//767 935//50 1477//760
f 1020//50 397//50 1025//761
f 1477//760 1020//50 1025//761
f 979//50 1246//768 1025//761
f 397//50 979//50 1025//761
f 413//752 1045//751 1431//769
f 1045//751 1263//770 1431//769
f 413//752 1431//769 1246//768
f 399//767 413//752 1246//768
f 1264//771 412//772 1385//773
f 412//772 67//774 1385//773
s 0
f 415//437 416//437 417//437
s 1
f 1043//775 417//437 1386//776
f 1043//775 1386//776 717//777
f 1043//775 415//437 417//437
f 992//437 415//437 1043//775
s 0
f 836//437 420//437 424//437
f 1017//778 836//437 424//437
f 1017//778 424//437 993//437
s 1
f 834//779 836//437 1017//778
f 1019//780 834//779 1017//778
s 0
f 424//437 992//437 993//437
f 424//437 415//437 992//437
s 1
f 1370//75 429//781 1483//65
f 1370//75 1368//782 429//781
s 0
f 1256//783 1323//783 839//783
s 1
f 1255//784 838//785 770//786
f 1257//787 1255//784 770//786
s 0
f 1259//788 45//788 772//788
f 1258//789 428//789 1271//789
s 1
f 402//790 1273//791 1324//792
f 85//793 402//790 1324//792
f 1171//794 426//795 1422//796
f 1171//794 1422//796 1018//797
f 421//798 1171//794 1018//797
f 23//799 421//798 423//800
f 23//799 1171//794 421//798
f 432//801 23//799 423//800
f 21//802 423//800 419//803
f 21//802 432//801 423//800
f 1096//804 21//802 419//803
f 638//805 1096//804 419//803
f 418//806 638//805 419//803
f 639//807 638//805 418//806
f 435//808 639//807 418//806
f 658//809 639//807 435//808
f 763//810 718//811 414//812
f 763//810 83//813 718//811
f 67//774 436//814 1385//773
f 1470//815 475//816 1492//817
f 1470//815 474//818 475//816
f 1470//815 437//819 474//818
f 438//820 1492//817 1185//821
f 438//820 44//822 1470//815
f 438//820 1426//823 44//822
f 438//820 1470//815 1492//817
f 1133//824 41//825 1426//823
f 1133//824 438//820 1185//821
f 1133//824 1426//823 438//820
f 441//826 1133//824 1319//827
f 441//826 1319//827 1208//828
f 441//826 41//825 1133//824
f 443//829 441//826 1208//828
f 443//829 1208//828 1210//830
f 443//829 36//831 939//832
f 443//829 939//832 441//826
f 445//833 443//829 1210//830
f 445//833 36//831 443//829
f 445//833 1210//830 1269//13
f 448//12 445//833 1269//13
f 448//12 446//834 445//833
f 448//12 34//835 446//834
f 451//836 5//11 7//837
f 451//836 448//12 5//11
f 451//836 34//835 448//12
f 451//836 449//838 34//835
f 1219//839 7//837 1065//840
f 1219//839 451//836 7//837
f 1219//839 449//838 451//836
f 453//841 84//842 425//843
f 453//841 1065//840 458//844
f 453//841 1219//839 1065//840
f 453//841 454//845 84//842
f 453//841 30//846 1219//839
f 453//841 425//843 30//846
f 453//841 458//844 454//845
f 1378//847 1479//150 3//149
f 1378//847 1500//848 1479//150
f 1378//847 456//849 1500//848
f 454//845 458//844 395//850
f 456//849 1378//847 1191//851
f 456//849 826//852 1500//848
f 460//853 1191//851 6//854
f 460//853 462//855 826//852
f 460//853 456//849 1191//851
f 460//853 826//852 456//849
f 985//856 6//854 10//857
f 985//856 10//857 1265//858
f 985//856 462//855 460//853
f 985//856 460//853 6//854
f 465//859 1265//858 1486//860
f 465//859 985//856 1265//858
f 465//859 31//861 463//862
f 465//859 463//862 985//856
f 1432//863 1486//860 15//42
f 1432//863 465//859 1486//860
f 1432//863 31//861 465//859
f 467//41 1401//864 29//865
f 467//41 1432//863 15//42
f 467//41 29//865 1432//863
f 469//866 467//41 2//40
f 469//866 2//40 470//867
f 469//866 26//868 1401//864
f 469//866 1401//864 467//41
f 472//869 470//867 473//870
f 472//869 469//866 470//867
f 472//869 26//868 469//866
f 476//871 1137//872 472//869
f 476//871 472//869 473//870
f 476//871 473//870 4//873
f 476//871 1138//874 1137//872
f 474//818 4//873 679//875
f 474//818 679//875 475//816
f 474//818 476//871 4//873
f 474//818 1138//874 476//871
f 474//818 437//819 1138//874
f 515//876 478//877 1463//878
f 1047//49 480//879 1387//50
f 1414//880 862//881 863//882
f 1414//880 515//876 862//881
f 1391//883 863//882 937//884
f 1391//883 937//884 961//885
f 1391//883 1414//880 863//882
f 1392//886 961//885 962//887
f 1392//886 1391//883 961//885
f 484//888 962//887 1468//889
f 484//888 1392//886 962//887
f 1329//890 1468//889 1487//891
f 1329//890 484//888 1468//889
f 486//892 1487//891 1480//893
f 486//892 1329//890 1487//891
f 488//894 1480//893 1239//895
f 488//894 486//892 1480//893
f 487//896 1239//895 902//897
f 487//896 488//894 1239//895
f 495//112 769//96 427//898
f 1144//899 902//897 489//900
f 1144//899 487//896 902//897
f 76//901 489//900 1410//902
f 76//901 1144//899 489//900
f 491//903 427//898 492//904
f 493//905 1410//902 1181//906
f 493//905 76//901 1410//902
f 491//903 492//904 859//907
f 491//903 495//112 427//898
f 1148//908 493//905 1181//906
f 1476//909 859//907 858//910
f 1148//908 1181//906 1124//911
f 1476//909 491//903 859//907
f 499//912 1148//908 1124//911
f 63//913 858//910 535//914
f 499//912 1124//911 501//915
f 63//913 1476//909 858//910
f 71//916 499//912 501//915
f 71//916 501//915 1276//917
f 502//918 535//914 536//919
f 502//918 63//913 535//914
f 503//920 71//916 1276//917
f 503//920 1276//917 1347//921
f 58//922 536//919 537//923
f 58//922 502//918 536//919
f 505//924 503//920 1347//921
f 1465//925 537//923 965//926
f 659//927 505//924 1347//921
f 1465//925 58//922 537//923
f 659//927 1347//921 1421//928
f 1188//929 659//927 1421//928
f 715//930 505//924 659//927
f 1466//931 965//926 966//932
f 1466//931 1465//925 965//926
f 508//933 659//927 1188//929
f 511//934 966//932 513//935
f 508//933 1188//929 516//936
f 511//934 1466//931 966//932
f 512//937 513//935 1287//938
f 434//939 508//933 516//936
f 512//937 511//934 513//935
f 434//939 516//936 514//940
f 478//877 1287//938 1463//878
f 433//941 434//939 514//940
f 478//877 512//937 1287//938
f 433//941 514//940 480//879
f 515//876 1463//878 862//881
f 1047//49 433//941 480//879
s 0
f 1189//942 509//942 1270//942
f 1452//942 1189//942 1270//942
f 1388//942 1452//942 1270//942
f 19//942 1388//942 1270//942
s 1
f 859//907 492//904 526//943
s 0
f 18//942 19//942 1270//942
f 518//942 18//942 1270//942
f 519//942 518//942 1270//942
f 520//942 519//942 1270//942
f 27//942 520//942 1270//942
f 521//942 27//942 1270//942
f 32//942 521//942 1270//942
f 522//942 32//942 1270//942
f 35//942 522//942 1270//942
f 1429//942 35//942 1270//942
f 1427//942 1429//942 1270//942
f 39//942 1427//942 1270//942
f 40//942 39//942 1270//942
f 42//942 40//942 1270//942
f 1242//942 42//942 1270//942
f 525//942 1242//942 1270//942
f 47//942 525//942 1270//942
f 48//942 47//942 1270//942
f 527//942 48//942 1270//942
f 528//942 527//942 1270//942
f 529//942 528//942 1270//942
f 22//942 529//942 1270//942
f 24//942 22//942 1270//942
f 25//942 24//942 1270//942
f 1187//942 25//942 1270//942
f 530//942 1187//942 1270//942
f 1163//942 530//942 1270//942
f 532//942 1163//942 1270//942
f 533//942 532//942 1270//942
f 534//942 533//942 1270//942
f 33//942 534//942 1270//942
f 37//942 33//942 1270//942
f 500//942 517//942 1270//942
f 1283//942 500//942 1270//942
f 1338//942 1283//942 1270//942
f 1339//942 1338//942 1270//942
f 507//942 1339//942 1270//942
f 510//942 507//942 1270//942
f 1286//942 510//942 1270//942
f 538//942 1286//942 1270//942
f 479//942 538//942 1270//942
f 481//942 479//942 1270//942
f 539//942 481//942 1270//942
f 540//942 539//942 1270//942
f 483//942 540//942 1270//942
f 485//942 483//942 1270//942
f 541//942 485//942 1270//942
f 543//942 541//942 1270//942
f 542//942 543//942 1270//942
f 544//942 542//942 1270//942
f 490//942 544//942 1270//942
f 901//942 490//942 1270//942
f 494//942 901//942 1270//942
f 496//942 494//942 1270//942
f 497//942 496//942 1270//942
f 1125//942 497//942 1270//942
f 504//942 1125//942 1270//942
f 545//942 504//942 1270//942
f 546//942 545//942 1270//942
f 509//942 546//942 1270//942
s 1
f 916//944 1291//945 612//946
s 0
f 918//947 549//947 829//947
f 831//948 917//948 828//948
s 1
f 832//949 830//950 1289//951
s 0
f 547//952 613//952 548//952
s 1
f 1458//953 1289//951 830//950
f 994//954 1459//955 611//956
f 994//954 611//956 614//957
s 0
f 615//958 928//958 551//958
s 1
f 994//954 929//959 1459//955
f 616//960 612//946 1291//945
s 0
f 550//961 1293//961 930//961
f 1288//962 931//962 1290//962
s 1
f 1458//953 552//963 1289//951
s 0
f 1292//964 554//964 833//964
f 555//965 553//965 556//965
s 1
f 958//966 733//967 1303//968
f 958//966 730//969 733//967
s 0
f 812//970 808//970 973//970
s 1
f 811//971 974//972 1150//973
f 891//974 811//971 1150//973
f 893//975 890//976 1151//977
f 893//975 1151//977 592//978
f 731//979 601//980 995//981
f 731//979 995//981 597//982
s 0
f 1321//983 1390//983 1436//983
s 1
f 704//984 1353//985 707//986
s 0
f 705//987 593//987 1054//987
f 571//988 706//988 560//988
s 1
f 735//989 1055//990 590//991
f 738//992 735//989 590//991
s 0
f 739//993 1106//993 1011//993
s 1
f 1157//994 665//995 954//996
f 1157//994 662//997 665//995
f 1156//998 955//999 1320//1000
f 1159//1001 1156//998 1320//1000
f 563//1002 1322//1003 582//1004
f 1195//1005 1160//1006 1439//1007
f 1195//1005 1439//1007 1194//1008
s 0
f 565//207 1381//207 720//207
f 1158//207 565//207 720//207
f 562//207 1158//207 720//207
f 664//207 562//207 720//207
s 1
f 1196//1009 1193//1010 896//1011
f 567//1012 1196//1009 896//1011
f 1380//1013 566//1014 568//1015
f 721//1016 1380//1013 568//1015
f 719//1017 886//1018 681//1019
s 0
f 663//1020 569//1020 682//1020
s 1
f 570//1021 576//1022 579//1023
s 0
f 1352//50 561//50 736//50
f 1352//50 736//50 737//50
f 1352//50 737//50 1134//50
f 1352//50 1134//50 1058//50
s 1
f 1177//1024 1439//1007 1435//1025
s 0
f 781//1026 895//1026 897//1026
s 1
f 900//1027 896//1011 1193//1010
s 0
f 780//1028 785//1028 885//1028
s 1
f 886//1018 787//1029 681//1019
f 582//1004 1322//1003 577//1030
s 0
f 587//1031 683//1031 680//1031
s 1
f 576//1022 684//1032 579//1023
s 0
f 575//1033 956//1033 580//1033
f 898//1034 564//1034 1175//1034
s 1
f 784//1035 568//1015 566//1014
f 665//995 685//1036 954//996
f 1194//1008 1439//1007 1177//1024
s 0
f 1135//1037 572//1037 595//1037
f 1136//1038 1010//1038 1008//1038
f 1057//1039 583//1039 1009//1039
s 1
f 574//1040 573//1041 1367//1042
f 573//1041 591//1043 1367//1042
f 1353//985 584//1044 707//986
s 0
f 1012//50 734//50 1007//50
f 708//50 1366//50 972//50
f 1007//50 996//50 588//50
f 1366//50 1007//50 588//50
f 1405//50 1056//50 708//50
f 972//50 1366//50 588//50
f 589//50 1302//50 1105//50
f 1007//50 734//50 996//50
f 912//50 589//50 1056//50
f 589//50 1105//50 1056//50
f 1105//50 1302//50 1012//50
f 1405//50 708//50 972//50
f 1302//50 734//50 1012//50
f 1405//50 912//50 1056//50
f 960//1045 1176//1045 732//1045
s 1
f 603//1046 585//1047 647//1048
s 0
f 1176//1049 1437//1050 732//1050
s 1
f 1389//1051 894//1052 559//1053
f 1438//1054 1389//1051 559//1053
s 0
f 953//1055 813//1055 558//1055
s 1
f 1080//1056 809//1057 786//1058
f 646//1059 899//1060 959//1061
f 959//1061 899//1060 586//1062
f 578//1063 892//1064 1389//1051
f 1389//1051 892//1064 894//1052
f 1080//1056 786//1058 782//1065
f 786//1058 809//1057 599//1066
f 910//1067 1081//1068 783//1069
f 686//1070 557//1071 600//1072
f 603//1046 581//1073 585//1047
f 686//1070 600//1072 957//1074
f 810//1075 606//1076 594//1077
f 645//1078 598//1079 596//1080
f 645//1078 596//1080 643//1081
f 909//1082 602//1083 644//1084
f 909//1082 644//1084 911//1085
f 1081//1068 910//1067 604//1086
f 1081//1068 604//1086 1406//1087
f 810//1075 605//1088 606//1076
